Id	Profession	Level	STR	AGI	VIT	SPI	WLP	HPMax	MPMax	BaseAllAttr	PhysicalAttack	MagicalAttack	PhysicalDefence	MagicalDefence	Hit	Dodge
INT	INT	INT	INT	INT	INT	INT	INT	INT	INT	INT	INT	INT	INT	INT	INT	INT
MAX_ID=999999;MAX_RECORD=99999;																
#																
0	0	0	0	2	4	3	2	963	500	0	31	34	15	19	5	4
1	0	1	0	2	4	3	2	1115	500	0	61	64	27	31	6	7
2	0	2	0	2	4	3	2	1317	550	0	91	95	39	43	9	13
3	0	3	1	2	4	4	2	1518	600	0	121	126	52	56	11	19
4	0	4	1	2	5	4	2	1719	650	0	151	156	64	68	14	25
5	0	5	1	2	5	4	2	1920	700	0	182	187	76	80	16	32
6	0	6	1	3	5	5	2	2122	750	0	212	217	88	92	19	38
7	0	7	1	3	5	5	2	2323	800	0	242	248	100	104	21	44
8	0	8	1	3	6	5	2	2524	850	0	272	279	112	117	24	50
9	0	9	1	3	6	6	2	2726	900	0	302	309	124	129	26	56
10	0	10	1	3	6	6	2	2927	950	0	333	340	136	141	29	62
11	0	11	2	4	6	7	3	3128	1000	0	363	370	148	153	31	69
12	0	12	2	4	7	7	3	3330	1050	0	393	401	160	165	34	75
13	0	13	2	4	7	7	3	3531	1100	0	423	432	173	178	36	81
14	0	14	2	4	7	8	3	3732	1150	0	453	462	185	190	39	87
15	0	15	2	5	7	8	3	4063	1200	0	483	493	197	202	41	93
16	0	16	2	5	8	9	3	4395	1250	0	514	523	197	202	44	99
17	0	17	2	5	8	9	3	4726	1300	0	544	554	197	202	46	106
18	0	18	2	5	8	9	3	5057	1350	0	574	585	197	203	49	112
19	0	19	3	5	8	10	3	5389	1400	0	604	615	197	203	51	118
20	0	20	3	6	9	10	3	5725	1450	0	624	636	205	211	54	124
21	0	21	3	6	9	11	3	5725	1500	0	625	636	197	203	54	124
22	0	22	3	6	9	11	3	5725	1550	0	625	637	197	203	55	124
23	0	23	3	6	9	11	3	5725	1600	0	625	638	198	204	55	125
24	0	24	3	6	10	12	3	5725	1650	0	625	638	198	204	56	125
25	0	25	3	7	10	12	3	5725	1700	0	625	639	198	204	56	125
26	0	26	3	7	10	13	3	5725	1750	0	625	639	198	204	57	125
27	0	27	3	7	11	13	4	5725	1800	0	626	640	198	204	57	125
28	0	28	4	7	11	13	4	5725	1850	0	626	641	198	205	58	125
29	0	29	4	8	11	14	4	5725	1900	0	626	641	198	205	58	126
30	0	30	4	8	11	14	4	5725	1950	0	626	642	198	205	59	126
31	0	31	4	8	12	15	4	5725	2000	0	626	642	198	205	59	126
32	0	32	4	8	12	15	4	5725	2050	0	626	643	198	205	60	126
33	0	33	4	8	12	15	4	5725	2100	0	627	644	199	206	60	126
34	0	34	4	9	12	16	4	5725	2150	0	627	644	199	206	61	126
35	0	35	4	9	13	16	4	5725	2200	0	627	645	199	206	61	127
36	0	36	5	9	13	17	4	5725	2250	0	627	645	199	206	62	127
37	0	37	5	9	13	17	4	5725	2300	0	627	646	199	206	62	127
38	0	38	5	9	13	17	4	5725	2350	0	628	647	199	207	63	127
39	0	39	5	10	14	18	4	5725	2400	0	628	647	199	207	63	127
40	0	40	5	10	14	18	4	5725	2650	0	628	648	199	207	64	127
41	0	41	5	10	14	19	4	5725	2900	0	628	648	199	207	64	128
42	0	42	5	10	14	19	4	5725	3150	0	628	649	199	207	65	128
43	0	43	5	11	15	19	5	5725	3400	0	628	650	200	208	65	128
44	0	44	5	11	15	20	5	5725	3650	0	629	650	200	208	66	128
45	0	45	6	11	15	20	5	5725	3900	0	629	651	200	208	66	128
46	0	46	6	11	15	20	5	5725	4150	0	629	651	200	208	67	128
47	0	47	6	11	16	21	5	5725	4400	0	629	652	200	208	67	129
48	0	48	6	12	16	21	5	5725	4650	0	629	653	200	209	68	129
49	0	49	6	12	16	22	5	5725	4900	0	630	653	200	209	68	129
50	0	50	8	14	19	24	7	5750	5150	0	630	654	273	282	123	147
51	0	51	10	16	21	26	9	5775	5400	0	630	654	346	355	178	165
52	0	52	12	18	23	29	11	5800	5650	0	630	655	419	428	232	183
53	0	53	15	21	25	31	13	5825	5900	0	630	656	493	502	287	202
54	0	54	17	23	28	34	15	5850	6150	0	630	656	566	575	341	220
55	0	55	19	25	30	36	17	5875	6400	0	631	657	639	648	396	238
56	0	56	21	27	32	38	19	5900	6650	0	631	657	712	721	450	256
57	0	57	23	30	34	41	21	5925	6900	0	631	658	785	794	505	274
58	0	58	25	32	37	43	23	5950	7150	0	631	659	858	868	559	292
59	0	59	27	34	39	46	26	5975	7400	0	631	659	931	941	614	311
60	0	60	33	40	45	52	32	6000	7750	0	707	735	1281	1291	706	331
61	0	61	36	43	48	54	35	6025	8100	0	782	810	1624	1634	793	349
62	0	62	39	47	52	58	38	6050	8450	0	857	886	1967	1977	879	367
63	0	63	41	51	55	60	41	6075	8800	0	932	962	2311	2321	966	385
64	0	64	44	55	58	64	44	6100	9150	0	1007	1037	2654	2664	1052	403
65	0	65	46	59	61	66	47	6125	9500	0	1082	1113	2997	3007	1139	422
66	0	66	49	63	65	69	51	6150	9850	0	1158	1188	3340	3350	1225	440
67	0	67	52	68	68	73	55	6175	10200	0	1233	1264	3683	3693	1312	458
68	0	68	55	72	71	76	59	6200	10550	0	1308	1340	4026	4037	1398	476
69	0	69	58	76	74	80	63	6225	10900	0	1383	1415	4369	4380	1485	495
70	0	70	66	83	82	87	71	6250	11250	0	1408	1441	4599	4610	1546	515
71	0	71	69	87	85	90	75	6275	11600	0	1434	1466	4822	4833	1602	534
72	0	72	72	90	88	94	79	6300	11950	0	1459	1492	5045	5056	1657	552
73	0	73	75	93	91	97	83	6325	12300	0	1484	1518	5269	5280	1713	570
74	0	74	78	96	95	101	87	6350	12650	0	1509	1543	5492	5503	1768	588
75	0	75	81	99	98	104	92	6375	13000	0	1534	1569	5715	5726	1824	606
76	0	76	84	103	101	107	96	6400	13350	0	1559	1594	5938	5949	1879	625
77	0	77	87	106	105	111	100	6425	13700	0	1585	1620	6161	6172	1935	643
78	0	78	91	109	108	114	104	6450	14050	0	1610	1646	6384	6396	1990	661
79	0	79	94	112	111	118	108	6475	14400	0	1635	1671	6607	6619	2046	681
80	0	80	94	112	111	118	108	6475	14450	0	1635	1672	6607	6619	2046	681
81	0	81	94	113	112	118	108	6475	14500	0	1635	1672	6607	6619	2047	681
82	0	82	94	113	112	119	108	6475	14550	0	1635	1673	6607	6619	2047	682
83	0	83	94	113	112	119	108	6475	14600	0	1636	1674	6608	6620	2048	682
84	0	84	94	113	112	119	108	6475	14650	0	1636	1674	6608	6620	2048	682
85	0	85	94	114	113	120	108	6475	14700	0	1636	1675	6608	6620	2049	682
86	0	86	94	114	113	120	108	6475	14750	0	1636	1675	6608	6620	2049	682
87	0	87	95	114	113	121	108	6475	14800	0	1636	1676	6608	6620	2050	682
88	0	88	95	114	113	121	108	6475	14850	0	1637	1677	6608	6621	2050	683
89	0	89	95	114	114	121	108	6475	14900	0	1637	1677	6608	6621	2051	683
90	0	90	95	115	114	122	108	6475	14950	0	1637	1678	6608	6621	2051	683
91	0	91	95	115	114	122	109	6475	15000	0	1637	1678	6608	6621	2052	683
92	0	92	95	115	114	123	109	6475	15050	0	1637	1679	6608	6621	2052	683
93	0	93	95	115	115	123	109	6475	15100	0	1637	1680	6609	6622	2053	683
94	0	94	95	115	115	123	109	6475	15150	0	1638	1680	6609	6622	2053	684
95	0	95	96	116	115	124	109	6475	15200	0	1638	1681	6609	6622	2054	684
96	0	96	96	116	115	124	109	6475	15250	0	1638	1681	6609	6622	2054	684
97	0	97	96	116	116	125	109	6475	15300	0	1638	1682	6609	6622	2055	684
98	0	98	96	116	116	125	109	6475	15350	0	1638	1683	6609	6623	2055	684
99	0	99	96	117	116	125	109	6475	15400	0	1639	1683	6609	6623	2056	684
100	0	100	96	117	116	126	109	6475	15450	0	1639	1684	6609	6623	2056	685
101	0	101	96	117	117	126	109	6475	15500	0	1639	1684	6609	6623	2057	685
102	0	102	96	117	117	127	109	6475	15550	0	1639	1685	6609	6623	2057	685
103	0	103	96	117	117	127	109	6475	15600	0	1639	1686	6610	6624	2058	685
104	0	104	97	118	118	127	109	6475	15650	0	1639	1686	6610	6624	2058	685
105	0	105	97	118	118	128	109	6475	15700	0	1640	1687	6610	6624	2059	685
106	0	106	97	118	118	128	110	6475	15750	0	1640	1687	6610	6624	2059	686
107	0	107	97	118	118	129	110	6475	15800	0	1640	1688	6610	6624	2060	686
108	0	108	97	118	119	129	110	6475	15850	0	1640	1689	6610	6625	2060	686
109	0	109	97	119	119	129	110	6475	15900	0	1640	1689	6610	6625	2061	686
110	0	110	97	119	119	130	110	6475	15950	0	1641	1690	6610	6625	2061	686
111	0	111	97	119	119	130	110	6475	16000	0	1641	1690	6610	6625	2062	686
112	0	112	98	119	120	131	110	6475	16050	0	1641	1691	6610	6625	2062	687
113	0	113	98	120	120	131	110	6475	16100	0	1641	1692	6611	6626	2063	687
114	0	114	98	120	120	131	110	6475	16150	0	1641	1692	6611	6626	2063	687
115	0	115	98	120	120	132	110	6475	16200	0	1641	1693	6611	6626	2064	687
116	0	116	98	120	121	132	110	6475	16250	0	1642	1693	6611	6626	2064	687
117	0	117	98	120	121	133	110	6475	16300	0	1642	1694	6611	6626	2065	687
118	0	118	98	121	121	133	110	6475	16350	0	1642	1695	6611	6627	2065	688
119	0	119	98	121	121	133	110	6475	16400	0	1642	1695	6611	6627	2066	688
120	0	120	98	121	121	133	110	6475	16400	0	1642	1695	6611	6627	2066	688
121	0	121	98	121	121	133	110	6475	16400	0	1642	1695	6611	6627	2066	688
122	0	122	98	121	121	133	110	6475	16400	0	1642	1695	6611	6627	2066	688
123	0	123	98	121	121	133	110	6475	16400	0	1642	1695	6611	6627	2066	688
124	0	124	98	121	121	133	110	6475	16400	0	1642	1695	6611	6627	2066	688
125	0	125	98	121	121	133	110	6475	16400	0	1642	1695	6611	6627	2066	688
126	0	126	98	121	121	133	110	6475	16400	0	1642	1695	6611	6627	2066	688
127	0	127	98	121	121	133	110	6475	16400	0	1642	1695	6611	6627	2066	688
128	0	128	98	121	121	133	110	6475	16400	0	1642	1695	6611	6627	2066	688
129	0	129	98	121	121	133	110	6475	16400	0	1642	1695	6611	6627	2066	688
130	0	130	98	121	121	133	110	6475	16400	0	1642	1695	6611	6627	2066	688
131	0	131	98	121	121	133	110	6475	16400	0	1642	1695	6611	6627	2066	688
132	0	132	98	121	121	133	110	6475	16400	0	1642	1695	6611	6627	2066	688
133	0	133	98	121	121	133	110	6475	16400	0	1642	1695	6611	6627	2066	688
134	0	134	98	121	121	133	110	6475	16400	0	1642	1695	6611	6627	2066	688
135	0	135	98	121	121	133	110	6475	16400	0	1642	1695	6611	6627	2066	688
136	0	136	98	121	121	133	110	6475	16400	0	1642	1695	6611	6627	2066	688
137	0	137	98	121	121	133	110	6475	16400	0	1642	1695	6611	6627	2066	688
138	0	138	98	121	121	133	110	6475	16400	0	1642	1695	6611	6627	2066	688
139	0	139	98	121	121	133	110	6475	16400	0	1642	1695	6611	6627	2066	688
140	0	140	98	121	121	133	110	6475	16400	0	1642	1695	6611	6627	2066	688
141	0	141	98	121	121	133	110	6475	16400	0	1642	1695	6611	6627	2066	688
142	0	142	98	121	121	133	110	6475	16400	0	1642	1695	6611	6627	2066	688
143	0	143	98	121	121	133	110	6475	16400	0	1642	1695	6611	6627	2066	688
144	0	144	98	121	121	133	110	6475	16400	0	1642	1695	6611	6627	2066	688
145	0	145	98	121	121	133	110	6475	16400	0	1642	1695	6611	6627	2066	688
146	0	146	98	121	121	133	110	6475	16400	0	1642	1695	6611	6627	2066	688
147	0	147	98	121	121	133	110	6475	16400	0	1642	1695	6611	6627	2066	688
148	0	148	98	121	121	133	110	6475	16400	0	1642	1695	6611	6627	2066	688
149	0	149	98	121	121	133	110	6475	16400	0	1642	1695	6611	6627	2066	688
150	0	150	98	121	121	133	110	6475	16400	0	1642	1695	6611	6627	2066	688
151	0	151	98	121	121	133	110	6475	16400	0	1642	1695	6611	6627	2066	688
152	0	152	98	121	121	133	110	6475	16400	0	1642	1695	6611	6627	2066	688
153	0	153	98	121	121	133	110	6475	16400	0	1642	1695	6611	6627	2066	688
154	0	154	98	121	121	133	110	6475	16400	0	1642	1695	6611	6627	2066	688
155	0	155	98	121	121	133	110	6475	16400	0	1642	1695	6611	6627	2066	688
156	0	156	98	121	121	133	110	6475	16400	0	1642	1695	6611	6627	2066	688
157	0	157	98	121	121	133	110	6475	16400	0	1642	1695	6611	6627	2066	688
158	0	158	98	121	121	133	110	6475	16400	0	1642	1695	6611	6627	2066	688
159	0	159	98	121	121	133	110	6475	16400	0	1642	1695	6611	6627	2066	688
160	0	160	98	121	121	133	110	6475	16400	0	1642	1695	6611	6627	2066	688
161	0	161	98	121	121	133	110	6475	16400	0	1642	1695	6611	6627	2066	688
162	0	162	98	121	121	133	110	6475	16400	0	1642	1695	6611	6627	2066	688
163	0	163	98	121	121	133	110	6475	16400	0	1642	1695	6611	6627	2066	688
164	0	164	98	121	121	133	110	6475	16400	0	1642	1695	6611	6627	2066	688
165	0	165	98	121	121	133	110	6475	16400	0	1642	1695	6611	6627	2066	688
166	0	166	98	121	121	133	110	6475	16400	0	1642	1695	6611	6627	2066	688
167	0	167	98	121	121	133	110	6475	16400	0	1642	1695	6611	6627	2066	688
168	0	168	98	121	121	133	110	6475	16400	0	1642	1695	6611	6627	2066	688
169	0	169	98	121	121	133	110	6475	16400	0	1642	1695	6611	6627	2066	688
170	0	170	98	121	121	133	110	6475	16400	0	1642	1695	6611	6627	2066	688
171	0	171	98	121	121	133	110	6475	16400	0	1642	1695	6611	6627	2066	688
172	0	172	98	121	121	133	110	6475	16400	0	1642	1695	6611	6627	2066	688
173	0	173	98	121	121	133	110	6475	16400	0	1642	1695	6611	6627	2066	688
174	0	174	98	121	121	133	110	6475	16400	0	1642	1695	6611	6627	2066	688
175	0	175	98	121	121	133	110	6475	16400	0	1642	1695	6611	6627	2066	688
176	0	176	98	121	121	133	110	6475	16400	0	1642	1695	6611	6627	2066	688
177	0	177	98	121	121	133	110	6475	16400	0	1642	1695	6611	6627	2066	688
178	0	178	98	121	121	133	110	6475	16400	0	1642	1695	6611	6627	2066	688
179	0	179	98	121	121	133	110	6475	16400	0	1642	1695	6611	6627	2066	688
180	0	180	98	121	121	133	110	6475	16400	0	1642	1695	6611	6627	2066	688
181	0	181	98	121	121	133	110	6475	16400	0	1642	1695	6611	6627	2066	688
182	0	182	98	121	121	133	110	6475	16400	0	1642	1695	6611	6627	2066	688
183	0	183	98	121	121	133	110	6475	16400	0	1642	1695	6611	6627	2066	688
184	0	184	98	121	121	133	110	6475	16400	0	1642	1695	6611	6627	2066	688
185	0	185	98	121	121	133	110	6475	16400	0	1642	1695	6611	6627	2066	688
186	0	186	98	121	121	133	110	6475	16400	0	1642	1695	6611	6627	2066	688
187	0	187	98	121	121	133	110	6475	16400	0	1642	1695	6611	6627	2066	688
188	0	188	98	121	121	133	110	6475	16400	0	1642	1695	6611	6627	2066	688
189	0	189	98	121	121	133	110	6475	16400	0	1642	1695	6611	6627	2066	688
190	0	190	98	121	121	133	110	6475	16400	0	1642	1695	6611	6627	2066	688
191	0	191	98	121	121	133	110	6475	16400	0	1642	1695	6611	6627	2066	688
192	0	192	98	121	121	133	110	6475	16400	0	1642	1695	6611	6627	2066	688
193	0	193	98	121	121	133	110	6475	16400	0	1642	1695	6611	6627	2066	688
194	0	194	98	121	121	133	110	6475	16400	0	1642	1695	6611	6627	2066	688
195	0	195	98	121	121	133	110	6475	16400	0	1642	1695	6611	6627	2066	688
196	0	196	98	121	121	133	110	6475	16400	0	1642	1695	6611	6627	2066	688
197	0	197	98	121	121	133	110	6475	16400	0	1642	1695	6611	6627	2066	688
198	0	198	98	121	121	133	110	6475	16400	0	1642	1695	6611	6627	2066	688
199	0	199	98	121	121	133	110	6475	16400	0	1642	1695	6611	6627	2066	688
200	0	200	98	121	121	133	110	6475	16400	0	1642	1695	6611	6627	2066	688
201	0	201	98	121	121	133	110	6475	16400	0	1642	1695	6611	6627	2066	688
202	0	202	98	121	121	133	110	6475	16400	0	1642	1695	6611	6627	2066	688
203	0	203	98	121	121	133	110	6475	16400	0	1642	1695	6611	6627	2066	688
204	0	204	98	121	121	133	110	6475	16400	0	1642	1695	6611	6627	2066	688
205	0	205	98	121	121	133	110	6475	16400	0	1642	1695	6611	6627	2066	688
206	0	206	98	121	121	133	110	6475	16400	0	1642	1695	6611	6627	2066	688
207	0	207	98	121	121	133	110	6475	16400	0	1642	1695	6611	6627	2066	688
208	0	208	98	121	121	133	110	6475	16400	0	1642	1695	6611	6627	2066	688
209	0	209	98	121	121	133	110	6475	16400	0	1642	1695	6611	6627	2066	688
210	0	210	98	121	121	133	110	6475	16400	0	1642	1695	6611	6627	2066	688
211	0	211	98	121	121	133	110	6475	16400	0	1642	1695	6611	6627	2066	688
212	0	212	98	121	121	133	110	6475	16400	0	1642	1695	6611	6627	2066	688
213	0	213	98	121	121	133	110	6475	16400	0	1642	1695	6611	6627	2066	688
214	0	214	98	121	121	133	110	6475	16400	0	1642	1695	6611	6627	2066	688
215	0	215	98	121	121	133	110	6475	16400	0	1642	1695	6611	6627	2066	688
216	0	216	98	121	121	133	110	6475	16400	0	1642	1695	6611	6627	2066	688
217	0	217	98	121	121	133	110	6475	16400	0	1642	1695	6611	6627	2066	688
218	0	218	98	121	121	133	110	6475	16400	0	1642	1695	6611	6627	2066	688
219	0	219	98	121	121	133	110	6475	16400	0	1642	1695	6611	6627	2066	688
220	0	220	98	121	121	133	110	6475	16400	0	1642	1695	6611	6627	2066	688
221	0	221	98	121	121	133	110	6475	16400	0	1642	1695	6611	6627	2066	688
222	0	222	98	121	121	133	110	6475	16400	0	1642	1695	6611	6627	2066	688
223	0	223	98	121	121	133	110	6475	16400	0	1642	1695	6611	6627	2066	688
224	0	224	98	121	121	133	110	6475	16400	0	1642	1695	6611	6627	2066	688
225	0	225	98	121	121	133	110	6475	16400	0	1642	1695	6611	6627	2066	688
226	0	226	98	121	121	133	110	6475	16400	0	1642	1695	6611	6627	2066	688
227	0	227	98	121	121	133	110	6475	16400	0	1642	1695	6611	6627	2066	688
228	0	228	98	121	121	133	110	6475	16400	0	1642	1695	6611	6627	2066	688
229	0	229	98	121	121	133	110	6475	16400	0	1642	1695	6611	6627	2066	688
230	0	230	98	121	121	133	110	6475	16400	0	1642	1695	6611	6627	2066	688
231	0	231	98	121	121	133	110	6475	16400	0	1642	1695	6611	6627	2066	688
232	0	232	98	121	121	133	110	6475	16400	0	1642	1695	6611	6627	2066	688
233	0	233	98	121	121	133	110	6475	16400	0	1642	1695	6611	6627	2066	688
234	0	234	98	121	121	133	110	6475	16400	0	1642	1695	6611	6627	2066	688
235	0	235	98	121	121	133	110	6475	16400	0	1642	1695	6611	6627	2066	688
236	0	236	98	121	121	133	110	6475	16400	0	1642	1695	6611	6627	2066	688
237	0	237	98	121	121	133	110	6475	16400	0	1642	1695	6611	6627	2066	688
238	0	238	98	121	121	133	110	6475	16400	0	1642	1695	6611	6627	2066	688
239	0	239	98	121	121	133	110	6475	16400	0	1642	1695	6611	6627	2066	688
240	0	240	98	121	121	133	110	6475	16400	0	1642	1695	6611	6627	2066	688
241	0	241	98	121	121	133	110	6475	16400	0	1642	1695	6611	6627	2066	688
242	0	242	98	121	121	133	110	6475	16400	0	1642	1695	6611	6627	2066	688
243	0	243	98	121	121	133	110	6475	16400	0	1642	1695	6611	6627	2066	688
244	0	244	98	121	121	133	110	6475	16400	0	1642	1695	6611	6627	2066	688
245	0	245	98	121	121	133	110	6475	16400	0	1642	1695	6611	6627	2066	688
246	0	246	98	121	121	133	110	6475	16400	0	1642	1695	6611	6627	2066	688
247	0	247	98	121	121	133	110	6475	16400	0	1642	1695	6611	6627	2066	688
248	0	248	98	121	121	133	110	6475	16400	0	1642	1695	6611	6627	2066	688
249	0	249	98	121	121	133	110	6475	16400	0	1642	1695	6611	6627	2066	688
250	0	250	98	121	121	133	110	6475	16400	0	1642	1695	6611	6627	2066	688
251	0	251	98	121	121	133	110	6475	16400	0	1642	1695	6611	6627	2066	688
252	0	252	98	121	121	133	110	6475	16400	0	1642	1695	6611	6627	2066	688
253	0	253	98	121	121	133	110	6475	16400	0	1642	1695	6611	6627	2066	688
254	0	254	98	121	121	133	110	6475	16400	0	1642	1695	6611	6627	2066	688
255	0	255	98	121	121	133	110	6475	16400	0	1642	1695	6611	6627	2066	688
256	0	256	98	121	121	133	110	6475	16400	0	1642	1695	6611	6627	2066	688
257	0	257	98	121	121	133	110	6475	16400	0	1642	1695	6611	6627	2066	688
258	0	258	98	121	121	133	110	6475	16400	0	1642	1695	6611	6627	2066	688
259	0	259	98	121	121	133	110	6475	16400	0	1642	1695	6611	6627	2066	688
260	0	260	98	121	121	133	110	6475	16400	0	1642	1695	6611	6627	2066	688
261	0	261	98	121	121	133	110	6475	16400	0	1642	1695	6611	6627	2066	688
262	0	262	98	121	121	133	110	6475	16400	0	1642	1695	6611	6627	2066	688
263	0	263	98	121	121	133	110	6475	16400	0	1642	1695	6611	6627	2066	688
264	0	264	98	121	121	133	110	6475	16400	0	1642	1695	6611	6627	2066	688
265	0	265	98	121	121	133	110	6475	16400	0	1642	1695	6611	6627	2066	688
266	0	266	98	121	121	133	110	6475	16400	0	1642	1695	6611	6627	2066	688
267	0	267	98	121	121	133	110	6475	16400	0	1642	1695	6611	6627	2066	688
268	0	268	98	121	121	133	110	6475	16400	0	1642	1695	6611	6627	2066	688
269	0	269	98	121	121	133	110	6475	16400	0	1642	1695	6611	6627	2066	688
270	0	270	98	121	121	133	110	6475	16400	0	1642	1695	6611	6627	2066	688
271	0	271	98	121	121	133	110	6475	16400	0	1642	1695	6611	6627	2066	688
272	0	272	98	121	121	133	110	6475	16400	0	1642	1695	6611	6627	2066	688
273	0	273	98	121	121	133	110	6475	16400	0	1642	1695	6611	6627	2066	688
274	0	274	98	121	121	133	110	6475	16400	0	1642	1695	6611	6627	2066	688
275	0	275	98	121	121	133	110	6475	16400	0	1642	1695	6611	6627	2066	688
276	0	276	98	121	121	133	110	6475	16400	0	1642	1695	6611	6627	2066	688
277	0	277	98	121	121	133	110	6475	16400	0	1642	1695	6611	6627	2066	688
278	0	278	98	121	121	133	110	6475	16400	0	1642	1695	6611	6627	2066	688
279	0	279	98	121	121	133	110	6475	16400	0	1642	1695	6611	6627	2066	688
280	0	280	98	121	121	133	110	6475	16400	0	1642	1695	6611	6627	2066	688
281	0	281	98	121	121	133	110	6475	16400	0	1642	1695	6611	6627	2066	688
282	0	282	98	121	121	133	110	6475	16400	0	1642	1695	6611	6627	2066	688
283	0	283	98	121	121	133	110	6475	16400	0	1642	1695	6611	6627	2066	688
284	0	284	98	121	121	133	110	6475	16400	0	1642	1695	6611	6627	2066	688
285	0	285	98	121	121	133	110	6475	16400	0	1642	1695	6611	6627	2066	688
286	0	286	98	121	121	133	110	6475	16400	0	1642	1695	6611	6627	2066	688
287	0	287	98	121	121	133	110	6475	16400	0	1642	1695	6611	6627	2066	688
288	0	288	98	121	121	133	110	6475	16400	0	1642	1695	6611	6627	2066	688
289	0	289	98	121	121	133	110	6475	16400	0	1642	1695	6611	6627	2066	688
290	0	290	98	121	121	133	110	6475	16400	0	1642	1695	6611	6627	2066	688
291	0	291	98	121	121	133	110	6475	16400	0	1642	1695	6611	6627	2066	688
292	0	292	98	121	121	133	110	6475	16400	0	1642	1695	6611	6627	2066	688
293	0	293	98	121	121	133	110	6475	16400	0	1642	1695	6611	6627	2066	688
294	0	294	98	121	121	133	110	6475	16400	0	1642	1695	6611	6627	2066	688
295	0	295	98	121	121	133	110	6475	16400	0	1642	1695	6611	6627	2066	688
296	0	296	98	121	121	133	110	6475	16400	0	1642	1695	6611	6627	2066	688
297	0	297	98	121	121	133	110	6475	16400	0	1642	1695	6611	6627	2066	688
298	0	298	98	121	121	133	110	6475	16400	0	1642	1695	6611	6627	2066	688
299	0	299	98	121	121	133	110	6475	16400	0	1642	1695	6611	6627	2066	688
300	0	300	98	121	121	133	110	6475	16400	0	1642	1695	6611	6627	2066	688
301	0	301	98	121	121	133	110	6475	16400	0	1642	1695	6611	6627	2066	688
302	0	302	98	121	121	133	110	6475	16400	0	1642	1695	6611	6627	2066	688
303	0	303	98	121	121	133	110	6475	16400	0	1642	1695	6611	6627	2066	688
304	0	304	98	121	121	133	110	6475	16400	0	1642	1695	6611	6627	2066	688
305	0	305	98	121	121	133	110	6475	16400	0	1642	1695	6611	6627	2066	688
306	0	306	98	121	121	133	110	6475	16400	0	1642	1695	6611	6627	2066	688
307	0	307	98	121	121	133	110	6475	16400	0	1642	1695	6611	6627	2066	688
308	0	308	98	121	121	133	110	6475	16400	0	1642	1695	6611	6627	2066	688
309	0	309	98	121	121	133	110	6475	16400	0	1642	1695	6611	6627	2066	688
310	0	310	98	121	121	133	110	6475	16400	0	1642	1695	6611	6627	2066	688
311	0	311	98	121	121	133	110	6475	16400	0	1642	1695	6611	6627	2066	688
312	0	312	98	121	121	133	110	6475	16400	0	1642	1695	6611	6627	2066	688
313	0	313	98	121	121	133	110	6475	16400	0	1642	1695	6611	6627	2066	688
314	0	314	98	121	121	133	110	6475	16400	0	1642	1695	6611	6627	2066	688
315	0	315	98	121	121	133	110	6475	16400	0	1642	1695	6611	6627	2066	688
316	0	316	98	121	121	133	110	6475	16400	0	1642	1695	6611	6627	2066	688
317	0	317	98	121	121	133	110	6475	16400	0	1642	1695	6611	6627	2066	688
318	0	318	98	121	121	133	110	6475	16400	0	1642	1695	6611	6627	2066	688
319	0	319	98	121	121	133	110	6475	16400	0	1642	1695	6611	6627	2066	688
320	0	320	98	121	121	133	110	6475	16400	0	1642	1695	6611	6627	2066	688
321	0	321	98	121	121	133	110	6475	16400	0	1642	1695	6611	6627	2066	688
322	0	322	98	121	121	133	110	6475	16400	0	1642	1695	6611	6627	2066	688
323	0	323	98	121	121	133	110	6475	16400	0	1642	1695	6611	6627	2066	688
324	0	324	98	121	121	133	110	6475	16400	0	1642	1695	6611	6627	2066	688
325	0	325	98	121	121	133	110	6475	16400	0	1642	1695	6611	6627	2066	688
326	0	326	98	121	121	133	110	6475	16400	0	1642	1695	6611	6627	2066	688
327	0	327	98	121	121	133	110	6475	16400	0	1642	1695	6611	6627	2066	688
328	0	328	98	121	121	133	110	6475	16400	0	1642	1695	6611	6627	2066	688
329	0	329	98	121	121	133	110	6475	16400	0	1642	1695	6611	6627	2066	688
330	0	330	98	121	121	133	110	6475	16400	0	1642	1695	6611	6627	2066	688
331	0	331	98	121	121	133	110	6475	16400	0	1642	1695	6611	6627	2066	688
332	0	332	98	121	121	133	110	6475	16400	0	1642	1695	6611	6627	2066	688
333	0	333	98	121	121	133	110	6475	16400	0	1642	1695	6611	6627	2066	688
334	0	334	98	121	121	133	110	6475	16400	0	1642	1695	6611	6627	2066	688
335	0	335	98	121	121	133	110	6475	16400	0	1642	1695	6611	6627	2066	688
336	0	336	98	121	121	133	110	6475	16400	0	1642	1695	6611	6627	2066	688
337	0	337	98	121	121	133	110	6475	16400	0	1642	1695	6611	6627	2066	688
338	0	338	98	121	121	133	110	6475	16400	0	1642	1695	6611	6627	2066	688
339	0	339	98	121	121	133	110	6475	16400	0	1642	1695	6611	6627	2066	688
340	0	340	98	121	121	133	110	6475	16400	0	1642	1695	6611	6627	2066	688
341	0	341	98	121	121	133	110	6475	16400	0	1642	1695	6611	6627	2066	688
342	0	342	98	121	121	133	110	6475	16400	0	1642	1695	6611	6627	2066	688
343	0	343	98	121	121	133	110	6475	16400	0	1642	1695	6611	6627	2066	688
344	0	344	98	121	121	133	110	6475	16400	0	1642	1695	6611	6627	2066	688
345	0	345	98	121	121	133	110	6475	16400	0	1642	1695	6611	6627	2066	688
346	0	346	98	121	121	133	110	6475	16400	0	1642	1695	6611	6627	2066	688
347	0	347	98	121	121	133	110	6475	16400	0	1642	1695	6611	6627	2066	688
348	0	348	98	121	121	133	110	6475	16400	0	1642	1695	6611	6627	2066	688
349	0	349	98	121	121	133	110	6475	16400	0	1642	1695	6611	6627	2066	688
350	0	350	98	121	121	133	110	6475	16400	0	1642	1695	6611	6627	2066	688
351	0	351	98	121	121	133	110	6475	16400	0	1642	1695	6611	6627	2066	688
352	0	352	98	121	121	133	110	6475	16400	0	1642	1695	6611	6627	2066	688
353	0	353	98	121	121	133	110	6475	16400	0	1642	1695	6611	6627	2066	688
354	0	354	98	121	121	133	110	6475	16400	0	1642	1695	6611	6627	2066	688
355	0	355	98	121	121	133	110	6475	16400	0	1642	1695	6611	6627	2066	688
356	0	356	98	121	121	133	110	6475	16400	0	1642	1695	6611	6627	2066	688
357	0	357	98	121	121	133	110	6475	16400	0	1642	1695	6611	6627	2066	688
358	0	358	98	121	121	133	110	6475	16400	0	1642	1695	6611	6627	2066	688
359	0	359	98	121	121	133	110	6475	16400	0	1642	1695	6611	6627	2066	688
360	0	360	98	121	121	133	110	6475	16400	0	1642	1695	6611	6627	2066	688
361	0	361	98	121	121	133	110	6475	16400	0	1642	1695	6611	6627	2066	688
362	0	362	98	121	121	133	110	6475	16400	0	1642	1695	6611	6627	2066	688
363	0	363	98	121	121	133	110	6475	16400	0	1642	1695	6611	6627	2066	688
364	0	364	98	121	121	133	110	6475	16400	0	1642	1695	6611	6627	2066	688
365	0	365	98	121	121	133	110	6475	16400	0	1642	1695	6611	6627	2066	688
366	0	366	98	121	121	133	110	6475	16400	0	1642	1695	6611	6627	2066	688
367	0	367	98	121	121	133	110	6475	16400	0	1642	1695	6611	6627	2066	688
368	0	368	98	121	121	133	110	6475	16400	0	1642	1695	6611	6627	2066	688
369	0	369	98	121	121	133	110	6475	16400	0	1642	1695	6611	6627	2066	688
370	0	370	98	121	121	133	110	6475	16400	0	1642	1695	6611	6627	2066	688
371	0	371	98	121	121	133	110	6475	16400	0	1642	1695	6611	6627	2066	688
372	0	372	98	121	121	133	110	6475	16400	0	1642	1695	6611	6627	2066	688
373	0	373	98	121	121	133	110	6475	16400	0	1642	1695	6611	6627	2066	688
374	0	374	98	121	121	133	110	6475	16400	0	1642	1695	6611	6627	2066	688
375	0	375	98	121	121	133	110	6475	16400	0	1642	1695	6611	6627	2066	688
376	0	376	98	121	121	133	110	6475	16400	0	1642	1695	6611	6627	2066	688
377	0	377	98	121	121	133	110	6475	16400	0	1642	1695	6611	6627	2066	688
378	0	378	98	121	121	133	110	6475	16400	0	1642	1695	6611	6627	2066	688
379	0	379	98	121	121	133	110	6475	16400	0	1642	1695	6611	6627	2066	688
380	0	380	98	121	121	133	110	6475	16400	0	1642	1695	6611	6627	2066	688
381	0	381	98	121	121	133	110	6475	16400	0	1642	1695	6611	6627	2066	688
382	0	382	98	121	121	133	110	6475	16400	0	1642	1695	6611	6627	2066	688
383	0	383	98	121	121	133	110	6475	16400	0	1642	1695	6611	6627	2066	688
384	0	384	98	121	121	133	110	6475	16400	0	1642	1695	6611	6627	2066	688
385	0	385	98	121	121	133	110	6475	16400	0	1642	1695	6611	6627	2066	688
386	0	386	98	121	121	133	110	6475	16400	0	1642	1695	6611	6627	2066	688
387	0	387	98	121	121	133	110	6475	16400	0	1642	1695	6611	6627	2066	688
388	0	388	98	121	121	133	110	6475	16400	0	1642	1695	6611	6627	2066	688
389	0	389	98	121	121	133	110	6475	16400	0	1642	1695	6611	6627	2066	688
390	0	390	98	121	121	133	110	6475	16400	0	1642	1695	6611	6627	2066	688
391	0	391	98	121	121	133	110	6475	16400	0	1642	1695	6611	6627	2066	688
392	0	392	98	121	121	133	110	6475	16400	0	1642	1695	6611	6627	2066	688
393	0	393	98	121	121	133	110	6475	16400	0	1642	1695	6611	6627	2066	688
394	0	394	98	121	121	133	110	6475	16400	0	1642	1695	6611	6627	2066	688
395	0	395	98	121	121	133	110	6475	16400	0	1642	1695	6611	6627	2066	688
396	0	396	98	121	121	133	110	6475	16400	0	1642	1695	6611	6627	2066	688
397	0	397	98	121	121	133	110	6475	16400	0	1642	1695	6611	6627	2066	688
398	0	398	98	121	121	133	110	6475	16400	0	1642	1695	6611	6627	2066	688
399	0	399	98	121	121	133	110	6475	16400	0	1642	1695	6611	6627	2066	688
400	0	400	98	121	121	133	110	6475	16400	0	1642	1695	6611	6627	2066	688
401	0	401	98	121	121	133	110	6475	16400	0	1642	1695	6611	6627	2066	688
402	0	402	98	121	121	133	110	6475	16400	0	1642	1695	6611	6627	2066	688
403	0	403	98	121	121	133	110	6475	16400	0	1642	1695	6611	6627	2066	688
404	0	404	98	121	121	133	110	6475	16400	0	1642	1695	6611	6627	2066	688
405	0	405	98	121	121	133	110	6475	16400	0	1642	1695	6611	6627	2066	688
406	0	406	98	121	121	133	110	6475	16400	0	1642	1695	6611	6627	2066	688
407	0	407	98	121	121	133	110	6475	16400	0	1642	1695	6611	6627	2066	688
408	0	408	98	121	121	133	110	6475	16400	0	1642	1695	6611	6627	2066	688
409	0	409	98	121	121	133	110	6475	16400	0	1642	1695	6611	6627	2066	688
410	0	410	98	121	121	133	110	6475	16400	0	1642	1695	6611	6627	2066	688
411	0	411	98	121	121	133	110	6475	16400	0	1642	1695	6611	6627	2066	688
412	0	412	98	121	121	133	110	6475	16400	0	1642	1695	6611	6627	2066	688
413	0	413	98	121	121	133	110	6475	16400	0	1642	1695	6611	6627	2066	688
414	0	414	98	121	121	133	110	6475	16400	0	1642	1695	6611	6627	2066	688
415	0	415	98	121	121	133	110	6475	16400	0	1642	1695	6611	6627	2066	688
416	0	416	98	121	121	133	110	6475	16400	0	1642	1695	6611	6627	2066	688
417	0	417	98	121	121	133	110	6475	16400	0	1642	1695	6611	6627	2066	688
418	0	418	98	121	121	133	110	6475	16400	0	1642	1695	6611	6627	2066	688
419	0	419	98	121	121	133	110	6475	16400	0	1642	1695	6611	6627	2066	688
420	0	420	98	121	121	133	110	6475	16400	0	1642	1695	6611	6627	2066	688
421	0	421	98	121	121	133	110	6475	16400	0	1642	1695	6611	6627	2066	688
422	0	422	98	121	121	133	110	6475	16400	0	1642	1695	6611	6627	2066	688
423	0	423	98	121	121	133	110	6475	16400	0	1642	1695	6611	6627	2066	688
424	0	424	98	121	121	133	110	6475	16400	0	1642	1695	6611	6627	2066	688
425	0	425	98	121	121	133	110	6475	16400	0	1642	1695	6611	6627	2066	688
426	0	426	98	121	121	133	110	6475	16400	0	1642	1695	6611	6627	2066	688
427	0	427	98	121	121	133	110	6475	16400	0	1642	1695	6611	6627	2066	688
428	0	428	98	121	121	133	110	6475	16400	0	1642	1695	6611	6627	2066	688
429	0	429	98	121	121	133	110	6475	16400	0	1642	1695	6611	6627	2066	688
430	0	430	98	121	121	133	110	6475	16400	0	1642	1695	6611	6627	2066	688
431	0	431	98	121	121	133	110	6475	16400	0	1642	1695	6611	6627	2066	688
432	0	432	98	121	121	133	110	6475	16400	0	1642	1695	6611	6627	2066	688
433	0	433	98	121	121	133	110	6475	16400	0	1642	1695	6611	6627	2066	688
434	0	434	98	121	121	133	110	6475	16400	0	1642	1695	6611	6627	2066	688
435	0	435	98	121	121	133	110	6475	16400	0	1642	1695	6611	6627	2066	688
436	0	436	98	121	121	133	110	6475	16400	0	1642	1695	6611	6627	2066	688
437	0	437	98	121	121	133	110	6475	16400	0	1642	1695	6611	6627	2066	688
438	0	438	98	121	121	133	110	6475	16400	0	1642	1695	6611	6627	2066	688
439	0	439	98	121	121	133	110	6475	16400	0	1642	1695	6611	6627	2066	688
440	0	440	98	121	121	133	110	6475	16400	0	1642	1695	6611	6627	2066	688
441	0	441	98	121	121	133	110	6475	16400	0	1642	1695	6611	6627	2066	688
442	0	442	98	121	121	133	110	6475	16400	0	1642	1695	6611	6627	2066	688
443	0	443	98	121	121	133	110	6475	16400	0	1642	1695	6611	6627	2066	688
444	0	444	98	121	121	133	110	6475	16400	0	1642	1695	6611	6627	2066	688
445	0	445	98	121	121	133	110	6475	16400	0	1642	1695	6611	6627	2066	688
446	0	446	98	121	121	133	110	6475	16400	0	1642	1695	6611	6627	2066	688
447	0	447	98	121	121	133	110	6475	16400	0	1642	1695	6611	6627	2066	688
448	0	448	98	121	121	133	110	6475	16400	0	1642	1695	6611	6627	2066	688
449	0	449	98	121	121	133	110	6475	16400	0	1642	1695	6611	6627	2066	688
450	0	450	98	121	121	133	110	6475	16400	0	1642	1695	6611	6627	2066	688
451	0	451	98	121	121	133	110	6475	16400	0	1642	1695	6611	6627	2066	688
452	0	452	98	121	121	133	110	6475	16400	0	1642	1695	6611	6627	2066	688
453	0	453	98	121	121	133	110	6475	16400	0	1642	1695	6611	6627	2066	688
454	0	454	98	121	121	133	110	6475	16400	0	1642	1695	6611	6627	2066	688
455	0	455	98	121	121	133	110	6475	16400	0	1642	1695	6611	6627	2066	688
456	0	456	98	121	121	133	110	6475	16400	0	1642	1695	6611	6627	2066	688
457	0	457	98	121	121	133	110	6475	16400	0	1642	1695	6611	6627	2066	688
458	0	458	98	121	121	133	110	6475	16400	0	1642	1695	6611	6627	2066	688
459	0	459	98	121	121	133	110	6475	16400	0	1642	1695	6611	6627	2066	688
460	0	460	98	121	121	133	110	6475	16400	0	1642	1695	6611	6627	2066	688
461	0	461	98	121	121	133	110	6475	16400	0	1642	1695	6611	6627	2066	688
462	0	462	98	121	121	133	110	6475	16400	0	1642	1695	6611	6627	2066	688
463	0	463	98	121	121	133	110	6475	16400	0	1642	1695	6611	6627	2066	688
464	0	464	98	121	121	133	110	6475	16400	0	1642	1695	6611	6627	2066	688
465	0	465	98	121	121	133	110	6475	16400	0	1642	1695	6611	6627	2066	688
466	0	466	98	121	121	133	110	6475	16400	0	1642	1695	6611	6627	2066	688
467	0	467	98	121	121	133	110	6475	16400	0	1642	1695	6611	6627	2066	688
468	0	468	98	121	121	133	110	6475	16400	0	1642	1695	6611	6627	2066	688
469	0	469	98	121	121	133	110	6475	16400	0	1642	1695	6611	6627	2066	688
470	0	470	98	121	121	133	110	6475	16400	0	1642	1695	6611	6627	2066	688
471	0	471	98	121	121	133	110	6475	16400	0	1642	1695	6611	6627	2066	688
472	0	472	98	121	121	133	110	6475	16400	0	1642	1695	6611	6627	2066	688
473	0	473	98	121	121	133	110	6475	16400	0	1642	1695	6611	6627	2066	688
474	0	474	98	121	121	133	110	6475	16400	0	1642	1695	6611	6627	2066	688
475	0	475	98	121	121	133	110	6475	16400	0	1642	1695	6611	6627	2066	688
476	0	476	98	121	121	133	110	6475	16400	0	1642	1695	6611	6627	2066	688
477	0	477	98	121	121	133	110	6475	16400	0	1642	1695	6611	6627	2066	688
478	0	478	98	121	121	133	110	6475	16400	0	1642	1695	6611	6627	2066	688
479	0	479	98	121	121	133	110	6475	16400	0	1642	1695	6611	6627	2066	688
480	0	480	98	121	121	133	110	6475	16400	0	1642	1695	6611	6627	2066	688
481	0	481	98	121	121	133	110	6475	16400	0	1642	1695	6611	6627	2066	688
482	0	482	98	121	121	133	110	6475	16400	0	1642	1695	6611	6627	2066	688
483	0	483	98	121	121	133	110	6475	16400	0	1642	1695	6611	6627	2066	688
484	0	484	98	121	121	133	110	6475	16400	0	1642	1695	6611	6627	2066	688
485	0	485	98	121	121	133	110	6475	16400	0	1642	1695	6611	6627	2066	688
486	0	486	98	121	121	133	110	6475	16400	0	1642	1695	6611	6627	2066	688
487	0	487	98	121	121	133	110	6475	16400	0	1642	1695	6611	6627	2066	688
488	0	488	98	121	121	133	110	6475	16400	0	1642	1695	6611	6627	2066	688
489	0	489	98	121	121	133	110	6475	16400	0	1642	1695	6611	6627	2066	688
490	0	490	98	121	121	133	110	6475	16400	0	1642	1695	6611	6627	2066	688
491	0	491	98	121	121	133	110	6475	16400	0	1642	1695	6611	6627	2066	688
492	0	492	98	121	121	133	110	6475	16400	0	1642	1695	6611	6627	2066	688
493	0	493	98	121	121	133	110	6475	16400	0	1642	1695	6611	6627	2066	688
494	0	494	98	121	121	133	110	6475	16400	0	1642	1695	6611	6627	2066	688
495	0	495	98	121	121	133	110	6475	16400	0	1642	1695	6611	6627	2066	688
496	0	496	98	121	121	133	110	6475	16400	0	1642	1695	6611	6627	2066	688
497	0	497	98	121	121	133	110	6475	16400	0	1642	1695	6611	6627	2066	688
498	0	498	98	121	121	133	110	6475	16400	0	1642	1695	6611	6627	2066	688
499	0	499	98	121	121	133	110	6475	16400	0	1642	1695	6611	6627	2066	688
500	0	500	98	121	121	133	110	6475	16400	0	1642	1695	6611	6627	2066	688
501	0	501	98	121	121	133	110	6475	16400	0	1642	1695	6611	6627	2066	688
502	0	502	98	121	121	133	110	6475	16400	0	1642	1695	6611	6627	2066	688
503	0	503	98	121	121	133	110	6475	16400	0	1642	1695	6611	6627	2066	688
504	0	504	98	121	121	133	110	6475	16400	0	1642	1695	6611	6627	2066	688
505	0	505	98	121	121	133	110	6475	16400	0	1642	1695	6611	6627	2066	688
506	0	506	98	121	121	133	110	6475	16400	0	1642	1695	6611	6627	2066	688
507	0	507	98	121	121	133	110	6475	16400	0	1642	1695	6611	6627	2066	688
508	0	508	98	121	121	133	110	6475	16400	0	1642	1695	6611	6627	2066	688
509	0	509	98	121	121	133	110	6475	16400	0	1642	1695	6611	6627	2066	688
510	0	510	98	121	121	133	110	6475	16400	0	1642	1695	6611	6627	2066	688
511	0	511	98	121	121	133	110	6475	16400	0	1642	1695	6611	6627	2066	688
512	0	512	98	121	121	133	110	6475	16400	0	1642	1695	6611	6627	2066	688
513	0	513	98	121	121	133	110	6475	16400	0	1642	1695	6611	6627	2066	688
514	0	514	98	121	121	133	110	6475	16400	0	1642	1695	6611	6627	2066	688
515	0	515	98	121	121	133	110	6475	16400	0	1642	1695	6611	6627	2066	688
516	0	516	98	121	121	133	110	6475	16400	0	1642	1695	6611	6627	2066	688
517	0	517	98	121	121	133	110	6475	16400	0	1642	1695	6611	6627	2066	688
518	0	518	98	121	121	133	110	6475	16400	0	1642	1695	6611	6627	2066	688
519	0	519	98	121	121	133	110	6475	16400	0	1642	1695	6611	6627	2066	688
520	0	520	98	121	121	133	110	6475	16400	0	1642	1695	6611	6627	2066	688
521	0	521	98	121	121	133	110	6475	16400	0	1642	1695	6611	6627	2066	688
522	0	522	98	121	121	133	110	6475	16400	0	1642	1695	6611	6627	2066	688
523	0	523	98	121	121	133	110	6475	16400	0	1642	1695	6611	6627	2066	688
524	0	524	98	121	121	133	110	6475	16400	0	1642	1695	6611	6627	2066	688
525	0	525	98	121	121	133	110	6475	16400	0	1642	1695	6611	6627	2066	688
526	0	526	98	121	121	133	110	6475	16400	0	1642	1695	6611	6627	2066	688
527	0	527	98	121	121	133	110	6475	16400	0	1642	1695	6611	6627	2066	688
528	0	528	98	121	121	133	110	6475	16400	0	1642	1695	6611	6627	2066	688
529	0	529	98	121	121	133	110	6475	16400	0	1642	1695	6611	6627	2066	688
530	0	530	98	121	121	133	110	6475	16400	0	1642	1695	6611	6627	2066	688
531	0	531	98	121	121	133	110	6475	16400	0	1642	1695	6611	6627	2066	688
532	0	532	98	121	121	133	110	6475	16400	0	1642	1695	6611	6627	2066	688
533	0	533	98	121	121	133	110	6475	16400	0	1642	1695	6611	6627	2066	688
534	0	534	98	121	121	133	110	6475	16400	0	1642	1695	6611	6627	2066	688
535	0	535	98	121	121	133	110	6475	16400	0	1642	1695	6611	6627	2066	688
536	0	536	98	121	121	133	110	6475	16400	0	1642	1695	6611	6627	2066	688
537	0	537	98	121	121	133	110	6475	16400	0	1642	1695	6611	6627	2066	688
538	0	538	98	121	121	133	110	6475	16400	0	1642	1695	6611	6627	2066	688
539	0	539	98	121	121	133	110	6475	16400	0	1642	1695	6611	6627	2066	688
540	0	540	98	121	121	133	110	6475	16400	0	1642	1695	6611	6627	2066	688
541	0	541	98	121	121	133	110	6475	16400	0	1642	1695	6611	6627	2066	688
542	0	542	98	121	121	133	110	6475	16400	0	1642	1695	6611	6627	2066	688
543	0	543	98	121	121	133	110	6475	16400	0	1642	1695	6611	6627	2066	688
544	0	544	98	121	121	133	110	6475	16400	0	1642	1695	6611	6627	2066	688
545	0	545	98	121	121	133	110	6475	16400	0	1642	1695	6611	6627	2066	688
546	0	546	98	121	121	133	110	6475	16400	0	1642	1695	6611	6627	2066	688
547	0	547	98	121	121	133	110	6475	16400	0	1642	1695	6611	6627	2066	688
548	0	548	98	121	121	133	110	6475	16400	0	1642	1695	6611	6627	2066	688
549	0	549	98	121	121	133	110	6475	16400	0	1642	1695	6611	6627	2066	688
550	0	550	98	121	121	133	110	6475	16400	0	1642	1695	6611	6627	2066	688
551	0	551	98	121	121	133	110	6475	16400	0	1642	1695	6611	6627	2066	688
552	0	552	98	121	121	133	110	6475	16400	0	1642	1695	6611	6627	2066	688
553	0	553	98	121	121	133	110	6475	16400	0	1642	1695	6611	6627	2066	688
554	0	554	98	121	121	133	110	6475	16400	0	1642	1695	6611	6627	2066	688
555	0	555	98	121	121	133	110	6475	16400	0	1642	1695	6611	6627	2066	688
556	0	556	98	121	121	133	110	6475	16400	0	1642	1695	6611	6627	2066	688
557	0	557	98	121	121	133	110	6475	16400	0	1642	1695	6611	6627	2066	688
558	0	558	98	121	121	133	110	6475	16400	0	1642	1695	6611	6627	2066	688
559	0	559	98	121	121	133	110	6475	16400	0	1642	1695	6611	6627	2066	688
560	0	560	98	121	121	133	110	6475	16400	0	1642	1695	6611	6627	2066	688
561	0	561	98	121	121	133	110	6475	16400	0	1642	1695	6611	6627	2066	688
562	0	562	98	121	121	133	110	6475	16400	0	1642	1695	6611	6627	2066	688
563	0	563	98	121	121	133	110	6475	16400	0	1642	1695	6611	6627	2066	688
564	0	564	98	121	121	133	110	6475	16400	0	1642	1695	6611	6627	2066	688
565	0	565	98	121	121	133	110	6475	16400	0	1642	1695	6611	6627	2066	688
566	0	566	98	121	121	133	110	6475	16400	0	1642	1695	6611	6627	2066	688
567	0	567	98	121	121	133	110	6475	16400	0	1642	1695	6611	6627	2066	688
568	0	568	98	121	121	133	110	6475	16400	0	1642	1695	6611	6627	2066	688
569	0	569	98	121	121	133	110	6475	16400	0	1642	1695	6611	6627	2066	688
570	0	570	98	121	121	133	110	6475	16400	0	1642	1695	6611	6627	2066	688
571	0	571	98	121	121	133	110	6475	16400	0	1642	1695	6611	6627	2066	688
572	0	572	98	121	121	133	110	6475	16400	0	1642	1695	6611	6627	2066	688
573	0	573	98	121	121	133	110	6475	16400	0	1642	1695	6611	6627	2066	688
574	0	574	98	121	121	133	110	6475	16400	0	1642	1695	6611	6627	2066	688
575	0	575	98	121	121	133	110	6475	16400	0	1642	1695	6611	6627	2066	688
576	0	576	98	121	121	133	110	6475	16400	0	1642	1695	6611	6627	2066	688
577	0	577	98	121	121	133	110	6475	16400	0	1642	1695	6611	6627	2066	688
578	0	578	98	121	121	133	110	6475	16400	0	1642	1695	6611	6627	2066	688
579	0	579	98	121	121	133	110	6475	16400	0	1642	1695	6611	6627	2066	688
580	0	580	98	121	121	133	110	6475	16400	0	1642	1695	6611	6627	2066	688
581	0	581	98	121	121	133	110	6475	16400	0	1642	1695	6611	6627	2066	688
582	0	582	98	121	121	133	110	6475	16400	0	1642	1695	6611	6627	2066	688
583	0	583	98	121	121	133	110	6475	16400	0	1642	1695	6611	6627	2066	688
584	0	584	98	121	121	133	110	6475	16400	0	1642	1695	6611	6627	2066	688
585	0	585	98	121	121	133	110	6475	16400	0	1642	1695	6611	6627	2066	688
586	0	586	98	121	121	133	110	6475	16400	0	1642	1695	6611	6627	2066	688
587	0	587	98	121	121	133	110	6475	16400	0	1642	1695	6611	6627	2066	688
588	0	588	98	121	121	133	110	6475	16400	0	1642	1695	6611	6627	2066	688
589	0	589	98	121	121	133	110	6475	16400	0	1642	1695	6611	6627	2066	688
590	0	590	98	121	121	133	110	6475	16400	0	1642	1695	6611	6627	2066	688
591	0	591	98	121	121	133	110	6475	16400	0	1642	1695	6611	6627	2066	688
592	0	592	98	121	121	133	110	6475	16400	0	1642	1695	6611	6627	2066	688
593	0	593	98	121	121	133	110	6475	16400	0	1642	1695	6611	6627	2066	688
594	0	594	98	121	121	133	110	6475	16400	0	1642	1695	6611	6627	2066	688
595	0	595	98	121	121	133	110	6475	16400	0	1642	1695	6611	6627	2066	688
596	0	596	98	121	121	133	110	6475	16400	0	1642	1695	6611	6627	2066	688
597	0	597	98	121	121	133	110	6475	16400	0	1642	1695	6611	6627	2066	688
598	0	598	98	121	121	133	110	6475	16400	0	1642	1695	6611	6627	2066	688
599	0	599	98	121	121	133	110	6475	16400	0	1642	1695	6611	6627	2066	688
600	0	600	98	121	121	133	110	6475	16400	0	1642	1695	6611	6627	2066	688
601	0	601	98	121	121	133	110	6475	16400	0	1642	1695	6611	6627	2066	688
602	0	602	98	121	121	133	110	6475	16400	0	1642	1695	6611	6627	2066	688
603	0	603	98	121	121	133	110	6475	16400	0	1642	1695	6611	6627	2066	688
604	0	604	98	121	121	133	110	6475	16400	0	1642	1695	6611	6627	2066	688
605	0	605	98	121	121	133	110	6475	16400	0	1642	1695	6611	6627	2066	688
606	0	606	98	121	121	133	110	6475	16400	0	1642	1695	6611	6627	2066	688
607	0	607	98	121	121	133	110	6475	16400	0	1642	1695	6611	6627	2066	688
608	0	608	98	121	121	133	110	6475	16400	0	1642	1695	6611	6627	2066	688
609	0	609	98	121	121	133	110	6475	16400	0	1642	1695	6611	6627	2066	688
610	0	610	98	121	121	133	110	6475	16400	0	1642	1695	6611	6627	2066	688
611	0	611	98	121	121	133	110	6475	16400	0	1642	1695	6611	6627	2066	688
612	0	612	98	121	121	133	110	6475	16400	0	1642	1695	6611	6627	2066	688
613	0	613	98	121	121	133	110	6475	16400	0	1642	1695	6611	6627	2066	688
614	0	614	98	121	121	133	110	6475	16400	0	1642	1695	6611	6627	2066	688
615	0	615	98	121	121	133	110	6475	16400	0	1642	1695	6611	6627	2066	688
616	0	616	98	121	121	133	110	6475	16400	0	1642	1695	6611	6627	2066	688
617	0	617	98	121	121	133	110	6475	16400	0	1642	1695	6611	6627	2066	688
618	0	618	98	121	121	133	110	6475	16400	0	1642	1695	6611	6627	2066	688
619	0	619	98	121	121	133	110	6475	16400	0	1642	1695	6611	6627	2066	688
620	0	620	98	121	121	133	110	6475	16400	0	1642	1695	6611	6627	2066	688
621	0	621	98	121	121	133	110	6475	16400	0	1642	1695	6611	6627	2066	688
622	0	622	98	121	121	133	110	6475	16400	0	1642	1695	6611	6627	2066	688
623	0	623	98	121	121	133	110	6475	16400	0	1642	1695	6611	6627	2066	688
624	0	624	98	121	121	133	110	6475	16400	0	1642	1695	6611	6627	2066	688
625	0	625	98	121	121	133	110	6475	16400	0	1642	1695	6611	6627	2066	688
626	0	626	98	121	121	133	110	6475	16400	0	1642	1695	6611	6627	2066	688
627	0	627	98	121	121	133	110	6475	16400	0	1642	1695	6611	6627	2066	688
628	0	628	98	121	121	133	110	6475	16400	0	1642	1695	6611	6627	2066	688
629	0	629	98	121	121	133	110	6475	16400	0	1642	1695	6611	6627	2066	688
630	0	630	98	121	121	133	110	6475	16400	0	1642	1695	6611	6627	2066	688
631	0	631	98	121	121	133	110	6475	16400	0	1642	1695	6611	6627	2066	688
632	0	632	98	121	121	133	110	6475	16400	0	1642	1695	6611	6627	2066	688
633	0	633	98	121	121	133	110	6475	16400	0	1642	1695	6611	6627	2066	688
634	0	634	98	121	121	133	110	6475	16400	0	1642	1695	6611	6627	2066	688
635	0	635	98	121	121	133	110	6475	16400	0	1642	1695	6611	6627	2066	688
636	0	636	98	121	121	133	110	6475	16400	0	1642	1695	6611	6627	2066	688
637	0	637	98	121	121	133	110	6475	16400	0	1642	1695	6611	6627	2066	688
638	0	638	98	121	121	133	110	6475	16400	0	1642	1695	6611	6627	2066	688
639	0	639	98	121	121	133	110	6475	16400	0	1642	1695	6611	6627	2066	688
640	0	640	98	121	121	133	110	6475	16400	0	1642	1695	6611	6627	2066	688
641	0	641	98	121	121	133	110	6475	16400	0	1642	1695	6611	6627	2066	688
642	0	642	98	121	121	133	110	6475	16400	0	1642	1695	6611	6627	2066	688
643	0	643	98	121	121	133	110	6475	16400	0	1642	1695	6611	6627	2066	688
644	0	644	98	121	121	133	110	6475	16400	0	1642	1695	6611	6627	2066	688
645	0	645	98	121	121	133	110	6475	16400	0	1642	1695	6611	6627	2066	688
646	0	646	98	121	121	133	110	6475	16400	0	1642	1695	6611	6627	2066	688
647	0	647	98	121	121	133	110	6475	16400	0	1642	1695	6611	6627	2066	688
648	0	648	98	121	121	133	110	6475	16400	0	1642	1695	6611	6627	2066	688
649	0	649	98	121	121	133	110	6475	16400	0	1642	1695	6611	6627	2066	688
650	0	650	98	121	121	133	110	6475	16400	0	1642	1695	6611	6627	2066	688
651	0	651	98	121	121	133	110	6475	16400	0	1642	1695	6611	6627	2066	688
652	0	652	98	121	121	133	110	6475	16400	0	1642	1695	6611	6627	2066	688
653	0	653	98	121	121	133	110	6475	16400	0	1642	1695	6611	6627	2066	688
654	0	654	98	121	121	133	110	6475	16400	0	1642	1695	6611	6627	2066	688
655	0	655	98	121	121	133	110	6475	16400	0	1642	1695	6611	6627	2066	688
656	0	656	98	121	121	133	110	6475	16400	0	1642	1695	6611	6627	2066	688
657	0	657	98	121	121	133	110	6475	16400	0	1642	1695	6611	6627	2066	688
658	0	658	98	121	121	133	110	6475	16400	0	1642	1695	6611	6627	2066	688
659	0	659	98	121	121	133	110	6475	16400	0	1642	1695	6611	6627	2066	688
660	0	660	98	121	121	133	110	6475	16400	0	1642	1695	6611	6627	2066	688
661	0	661	98	121	121	133	110	6475	16400	0	1642	1695	6611	6627	2066	688
662	0	662	98	121	121	133	110	6475	16400	0	1642	1695	6611	6627	2066	688
663	0	663	98	121	121	133	110	6475	16400	0	1642	1695	6611	6627	2066	688
664	0	664	98	121	121	133	110	6475	16400	0	1642	1695	6611	6627	2066	688
665	0	665	98	121	121	133	110	6475	16400	0	1642	1695	6611	6627	2066	688
666	0	666	98	121	121	133	110	6475	16400	0	1642	1695	6611	6627	2066	688
667	0	667	98	121	121	133	110	6475	16400	0	1642	1695	6611	6627	2066	688
668	0	668	98	121	121	133	110	6475	16400	0	1642	1695	6611	6627	2066	688
669	0	669	98	121	121	133	110	6475	16400	0	1642	1695	6611	6627	2066	688
670	0	670	98	121	121	133	110	6475	16400	0	1642	1695	6611	6627	2066	688
671	0	671	98	121	121	133	110	6475	16400	0	1642	1695	6611	6627	2066	688
672	0	672	98	121	121	133	110	6475	16400	0	1642	1695	6611	6627	2066	688
673	0	673	98	121	121	133	110	6475	16400	0	1642	1695	6611	6627	2066	688
674	0	674	98	121	121	133	110	6475	16400	0	1642	1695	6611	6627	2066	688
675	0	675	98	121	121	133	110	6475	16400	0	1642	1695	6611	6627	2066	688
676	0	676	98	121	121	133	110	6475	16400	0	1642	1695	6611	6627	2066	688
677	0	677	98	121	121	133	110	6475	16400	0	1642	1695	6611	6627	2066	688
678	0	678	98	121	121	133	110	6475	16400	0	1642	1695	6611	6627	2066	688
679	0	679	98	121	121	133	110	6475	16400	0	1642	1695	6611	6627	2066	688
680	0	680	98	121	121	133	110	6475	16400	0	1642	1695	6611	6627	2066	688
681	0	681	98	121	121	133	110	6475	16400	0	1642	1695	6611	6627	2066	688
682	0	682	98	121	121	133	110	6475	16400	0	1642	1695	6611	6627	2066	688
683	0	683	98	121	121	133	110	6475	16400	0	1642	1695	6611	6627	2066	688
684	0	684	98	121	121	133	110	6475	16400	0	1642	1695	6611	6627	2066	688
685	0	685	98	121	121	133	110	6475	16400	0	1642	1695	6611	6627	2066	688
686	0	686	98	121	121	133	110	6475	16400	0	1642	1695	6611	6627	2066	688
687	0	687	98	121	121	133	110	6475	16400	0	1642	1695	6611	6627	2066	688
688	0	688	98	121	121	133	110	6475	16400	0	1642	1695	6611	6627	2066	688
689	0	689	98	121	121	133	110	6475	16400	0	1642	1695	6611	6627	2066	688
690	0	690	98	121	121	133	110	6475	16400	0	1642	1695	6611	6627	2066	688
691	0	691	98	121	121	133	110	6475	16400	0	1642	1695	6611	6627	2066	688
692	0	692	98	121	121	133	110	6475	16400	0	1642	1695	6611	6627	2066	688
693	0	693	98	121	121	133	110	6475	16400	0	1642	1695	6611	6627	2066	688
694	0	694	98	121	121	133	110	6475	16400	0	1642	1695	6611	6627	2066	688
695	0	695	98	121	121	133	110	6475	16400	0	1642	1695	6611	6627	2066	688
696	0	696	98	121	121	133	110	6475	16400	0	1642	1695	6611	6627	2066	688
697	0	697	98	121	121	133	110	6475	16400	0	1642	1695	6611	6627	2066	688
698	0	698	98	121	121	133	110	6475	16400	0	1642	1695	6611	6627	2066	688
699	0	699	98	121	121	133	110	6475	16400	0	1642	1695	6611	6627	2066	688
700	0	700	98	121	121	133	110	6475	16400	0	1642	1695	6611	6627	2066	688
701	0	701	98	121	121	133	110	6475	16400	0	1642	1695	6611	6627	2066	688
702	0	702	98	121	121	133	110	6475	16400	0	1642	1695	6611	6627	2066	688
703	0	703	98	121	121	133	110	6475	16400	0	1642	1695	6611	6627	2066	688
704	0	704	98	121	121	133	110	6475	16400	0	1642	1695	6611	6627	2066	688
705	0	705	98	121	121	133	110	6475	16400	0	1642	1695	6611	6627	2066	688
706	0	706	98	121	121	133	110	6475	16400	0	1642	1695	6611	6627	2066	688
707	0	707	98	121	121	133	110	6475	16400	0	1642	1695	6611	6627	2066	688
708	0	708	98	121	121	133	110	6475	16400	0	1642	1695	6611	6627	2066	688
709	0	709	98	121	121	133	110	6475	16400	0	1642	1695	6611	6627	2066	688
710	0	710	98	121	121	133	110	6475	16400	0	1642	1695	6611	6627	2066	688
711	0	711	98	121	121	133	110	6475	16400	0	1642	1695	6611	6627	2066	688
712	0	712	98	121	121	133	110	6475	16400	0	1642	1695	6611	6627	2066	688
713	0	713	98	121	121	133	110	6475	16400	0	1642	1695	6611	6627	2066	688
714	0	714	98	121	121	133	110	6475	16400	0	1642	1695	6611	6627	2066	688
715	0	715	98	121	121	133	110	6475	16400	0	1642	1695	6611	6627	2066	688
716	0	716	98	121	121	133	110	6475	16400	0	1642	1695	6611	6627	2066	688
717	0	717	98	121	121	133	110	6475	16400	0	1642	1695	6611	6627	2066	688
718	0	718	98	121	121	133	110	6475	16400	0	1642	1695	6611	6627	2066	688
719	0	719	98	121	121	133	110	6475	16400	0	1642	1695	6611	6627	2066	688
720	0	720	98	121	121	133	110	6475	16400	0	1642	1695	6611	6627	2066	688
721	0	721	98	121	121	133	110	6475	16400	0	1642	1695	6611	6627	2066	688
722	0	722	98	121	121	133	110	6475	16400	0	1642	1695	6611	6627	2066	688
723	0	723	98	121	121	133	110	6475	16400	0	1642	1695	6611	6627	2066	688
724	0	724	98	121	121	133	110	6475	16400	0	1642	1695	6611	6627	2066	688
725	0	725	98	121	121	133	110	6475	16400	0	1642	1695	6611	6627	2066	688
726	0	726	98	121	121	133	110	6475	16400	0	1642	1695	6611	6627	2066	688
727	0	727	98	121	121	133	110	6475	16400	0	1642	1695	6611	6627	2066	688
728	0	728	98	121	121	133	110	6475	16400	0	1642	1695	6611	6627	2066	688
729	0	729	98	121	121	133	110	6475	16400	0	1642	1695	6611	6627	2066	688
730	0	730	98	121	121	133	110	6475	16400	0	1642	1695	6611	6627	2066	688
731	0	731	98	121	121	133	110	6475	16400	0	1642	1695	6611	6627	2066	688
732	0	732	98	121	121	133	110	6475	16400	0	1642	1695	6611	6627	2066	688
733	0	733	98	121	121	133	110	6475	16400	0	1642	1695	6611	6627	2066	688
734	0	734	98	121	121	133	110	6475	16400	0	1642	1695	6611	6627	2066	688
735	0	735	98	121	121	133	110	6475	16400	0	1642	1695	6611	6627	2066	688
736	0	736	98	121	121	133	110	6475	16400	0	1642	1695	6611	6627	2066	688
737	0	737	98	121	121	133	110	6475	16400	0	1642	1695	6611	6627	2066	688
738	0	738	98	121	121	133	110	6475	16400	0	1642	1695	6611	6627	2066	688
739	0	739	98	121	121	133	110	6475	16400	0	1642	1695	6611	6627	2066	688
740	0	740	98	121	121	133	110	6475	16400	0	1642	1695	6611	6627	2066	688
741	0	741	98	121	121	133	110	6475	16400	0	1642	1695	6611	6627	2066	688
742	0	742	98	121	121	133	110	6475	16400	0	1642	1695	6611	6627	2066	688
743	0	743	98	121	121	133	110	6475	16400	0	1642	1695	6611	6627	2066	688
744	0	744	98	121	121	133	110	6475	16400	0	1642	1695	6611	6627	2066	688
745	0	745	98	121	121	133	110	6475	16400	0	1642	1695	6611	6627	2066	688
746	0	746	98	121	121	133	110	6475	16400	0	1642	1695	6611	6627	2066	688
747	0	747	98	121	121	133	110	6475	16400	0	1642	1695	6611	6627	2066	688
748	0	748	98	121	121	133	110	6475	16400	0	1642	1695	6611	6627	2066	688
749	0	749	98	121	121	133	110	6475	16400	0	1642	1695	6611	6627	2066	688
750	0	750	98	121	121	133	110	6475	16400	0	1642	1695	6611	6627	2066	688
751	0	751	98	121	121	133	110	6475	16400	0	1642	1695	6611	6627	2066	688
752	0	752	98	121	121	133	110	6475	16400	0	1642	1695	6611	6627	2066	688
753	0	753	98	121	121	133	110	6475	16400	0	1642	1695	6611	6627	2066	688
754	0	754	98	121	121	133	110	6475	16400	0	1642	1695	6611	6627	2066	688
755	0	755	98	121	121	133	110	6475	16400	0	1642	1695	6611	6627	2066	688
756	0	756	98	121	121	133	110	6475	16400	0	1642	1695	6611	6627	2066	688
757	0	757	98	121	121	133	110	6475	16400	0	1642	1695	6611	6627	2066	688
758	0	758	98	121	121	133	110	6475	16400	0	1642	1695	6611	6627	2066	688
759	0	759	98	121	121	133	110	6475	16400	0	1642	1695	6611	6627	2066	688
760	0	760	98	121	121	133	110	6475	16400	0	1642	1695	6611	6627	2066	688
761	0	761	98	121	121	133	110	6475	16400	0	1642	1695	6611	6627	2066	688
762	0	762	98	121	121	133	110	6475	16400	0	1642	1695	6611	6627	2066	688
763	0	763	98	121	121	133	110	6475	16400	0	1642	1695	6611	6627	2066	688
764	0	764	98	121	121	133	110	6475	16400	0	1642	1695	6611	6627	2066	688
765	0	765	98	121	121	133	110	6475	16400	0	1642	1695	6611	6627	2066	688
766	0	766	98	121	121	133	110	6475	16400	0	1642	1695	6611	6627	2066	688
767	0	767	98	121	121	133	110	6475	16400	0	1642	1695	6611	6627	2066	688
768	0	768	98	121	121	133	110	6475	16400	0	1642	1695	6611	6627	2066	688
769	0	769	98	121	121	133	110	6475	16400	0	1642	1695	6611	6627	2066	688
770	0	770	98	121	121	133	110	6475	16400	0	1642	1695	6611	6627	2066	688
771	0	771	98	121	121	133	110	6475	16400	0	1642	1695	6611	6627	2066	688
772	0	772	98	121	121	133	110	6475	16400	0	1642	1695	6611	6627	2066	688
773	0	773	98	121	121	133	110	6475	16400	0	1642	1695	6611	6627	2066	688
774	0	774	98	121	121	133	110	6475	16400	0	1642	1695	6611	6627	2066	688
775	0	775	98	121	121	133	110	6475	16400	0	1642	1695	6611	6627	2066	688
776	0	776	98	121	121	133	110	6475	16400	0	1642	1695	6611	6627	2066	688
777	0	777	98	121	121	133	110	6475	16400	0	1642	1695	6611	6627	2066	688
778	0	778	98	121	121	133	110	6475	16400	0	1642	1695	6611	6627	2066	688
779	0	779	98	121	121	133	110	6475	16400	0	1642	1695	6611	6627	2066	688
780	0	780	98	121	121	133	110	6475	16400	0	1642	1695	6611	6627	2066	688
781	0	781	98	121	121	133	110	6475	16400	0	1642	1695	6611	6627	2066	688
782	0	782	98	121	121	133	110	6475	16400	0	1642	1695	6611	6627	2066	688
783	0	783	98	121	121	133	110	6475	16400	0	1642	1695	6611	6627	2066	688
784	0	784	98	121	121	133	110	6475	16400	0	1642	1695	6611	6627	2066	688
785	0	785	98	121	121	133	110	6475	16400	0	1642	1695	6611	6627	2066	688
786	0	786	98	121	121	133	110	6475	16400	0	1642	1695	6611	6627	2066	688
787	0	787	98	121	121	133	110	6475	16400	0	1642	1695	6611	6627	2066	688
788	0	788	98	121	121	133	110	6475	16400	0	1642	1695	6611	6627	2066	688
789	0	789	98	121	121	133	110	6475	16400	0	1642	1695	6611	6627	2066	688
790	0	790	98	121	121	133	110	6475	16400	0	1642	1695	6611	6627	2066	688
791	0	791	98	121	121	133	110	6475	16400	0	1642	1695	6611	6627	2066	688
792	0	792	98	121	121	133	110	6475	16400	0	1642	1695	6611	6627	2066	688
793	0	793	98	121	121	133	110	6475	16400	0	1642	1695	6611	6627	2066	688
794	0	794	98	121	121	133	110	6475	16400	0	1642	1695	6611	6627	2066	688
795	0	795	98	121	121	133	110	6475	16400	0	1642	1695	6611	6627	2066	688
796	0	796	98	121	121	133	110	6475	16400	0	1642	1695	6611	6627	2066	688
797	0	797	98	121	121	133	110	6475	16400	0	1642	1695	6611	6627	2066	688
798	0	798	98	121	121	133	110	6475	16400	0	1642	1695	6611	6627	2066	688
799	0	799	98	121	121	133	110	6475	16400	0	1642	1695	6611	6627	2066	688
800	0	800	98	121	121	133	110	6475	16400	0	1642	1695	6611	6627	2066	688
801	0	801	98	121	121	133	110	6475	16400	0	1642	1695	6611	6627	2066	688
802	0	802	98	121	121	133	110	6475	16400	0	1642	1695	6611	6627	2066	688
803	0	803	98	121	121	133	110	6475	16400	0	1642	1695	6611	6627	2066	688
804	0	804	98	121	121	133	110	6475	16400	0	1642	1695	6611	6627	2066	688
805	0	805	98	121	121	133	110	6475	16400	0	1642	1695	6611	6627	2066	688
806	0	806	98	121	121	133	110	6475	16400	0	1642	1695	6611	6627	2066	688
807	0	807	98	121	121	133	110	6475	16400	0	1642	1695	6611	6627	2066	688
808	0	808	98	121	121	133	110	6475	16400	0	1642	1695	6611	6627	2066	688
809	0	809	98	121	121	133	110	6475	16400	0	1642	1695	6611	6627	2066	688
810	0	810	98	121	121	133	110	6475	16400	0	1642	1695	6611	6627	2066	688
811	0	811	98	121	121	133	110	6475	16400	0	1642	1695	6611	6627	2066	688
812	0	812	98	121	121	133	110	6475	16400	0	1642	1695	6611	6627	2066	688
813	0	813	98	121	121	133	110	6475	16400	0	1642	1695	6611	6627	2066	688
814	0	814	98	121	121	133	110	6475	16400	0	1642	1695	6611	6627	2066	688
815	0	815	98	121	121	133	110	6475	16400	0	1642	1695	6611	6627	2066	688
816	0	816	98	121	121	133	110	6475	16400	0	1642	1695	6611	6627	2066	688
817	0	817	98	121	121	133	110	6475	16400	0	1642	1695	6611	6627	2066	688
818	0	818	98	121	121	133	110	6475	16400	0	1642	1695	6611	6627	2066	688
819	0	819	98	121	121	133	110	6475	16400	0	1642	1695	6611	6627	2066	688
820	0	820	98	121	121	133	110	6475	16400	0	1642	1695	6611	6627	2066	688
821	0	821	98	121	121	133	110	6475	16400	0	1642	1695	6611	6627	2066	688
822	0	822	98	121	121	133	110	6475	16400	0	1642	1695	6611	6627	2066	688
823	0	823	98	121	121	133	110	6475	16400	0	1642	1695	6611	6627	2066	688
824	0	824	98	121	121	133	110	6475	16400	0	1642	1695	6611	6627	2066	688
825	0	825	98	121	121	133	110	6475	16400	0	1642	1695	6611	6627	2066	688
826	0	826	98	121	121	133	110	6475	16400	0	1642	1695	6611	6627	2066	688
827	0	827	98	121	121	133	110	6475	16400	0	1642	1695	6611	6627	2066	688
828	0	828	98	121	121	133	110	6475	16400	0	1642	1695	6611	6627	2066	688
829	0	829	98	121	121	133	110	6475	16400	0	1642	1695	6611	6627	2066	688
830	0	830	98	121	121	133	110	6475	16400	0	1642	1695	6611	6627	2066	688
831	0	831	98	121	121	133	110	6475	16400	0	1642	1695	6611	6627	2066	688
832	0	832	98	121	121	133	110	6475	16400	0	1642	1695	6611	6627	2066	688
833	0	833	98	121	121	133	110	6475	16400	0	1642	1695	6611	6627	2066	688
834	0	834	98	121	121	133	110	6475	16400	0	1642	1695	6611	6627	2066	688
835	0	835	98	121	121	133	110	6475	16400	0	1642	1695	6611	6627	2066	688
836	0	836	98	121	121	133	110	6475	16400	0	1642	1695	6611	6627	2066	688
837	0	837	98	121	121	133	110	6475	16400	0	1642	1695	6611	6627	2066	688
838	0	838	98	121	121	133	110	6475	16400	0	1642	1695	6611	6627	2066	688
839	0	839	98	121	121	133	110	6475	16400	0	1642	1695	6611	6627	2066	688
840	0	840	98	121	121	133	110	6475	16400	0	1642	1695	6611	6627	2066	688
841	0	841	98	121	121	133	110	6475	16400	0	1642	1695	6611	6627	2066	688
842	0	842	98	121	121	133	110	6475	16400	0	1642	1695	6611	6627	2066	688
843	0	843	98	121	121	133	110	6475	16400	0	1642	1695	6611	6627	2066	688
844	0	844	98	121	121	133	110	6475	16400	0	1642	1695	6611	6627	2066	688
845	0	845	98	121	121	133	110	6475	16400	0	1642	1695	6611	6627	2066	688
846	0	846	98	121	121	133	110	6475	16400	0	1642	1695	6611	6627	2066	688
847	0	847	98	121	121	133	110	6475	16400	0	1642	1695	6611	6627	2066	688
848	0	848	98	121	121	133	110	6475	16400	0	1642	1695	6611	6627	2066	688
849	0	849	98	121	121	133	110	6475	16400	0	1642	1695	6611	6627	2066	688
850	0	850	98	121	121	133	110	6475	16400	0	1642	1695	6611	6627	2066	688
851	0	851	98	121	121	133	110	6475	16400	0	1642	1695	6611	6627	2066	688
852	0	852	98	121	121	133	110	6475	16400	0	1642	1695	6611	6627	2066	688
853	0	853	98	121	121	133	110	6475	16400	0	1642	1695	6611	6627	2066	688
854	0	854	98	121	121	133	110	6475	16400	0	1642	1695	6611	6627	2066	688
855	0	855	98	121	121	133	110	6475	16400	0	1642	1695	6611	6627	2066	688
856	0	856	98	121	121	133	110	6475	16400	0	1642	1695	6611	6627	2066	688
857	0	857	98	121	121	133	110	6475	16400	0	1642	1695	6611	6627	2066	688
858	0	858	98	121	121	133	110	6475	16400	0	1642	1695	6611	6627	2066	688
859	0	859	98	121	121	133	110	6475	16400	0	1642	1695	6611	6627	2066	688
860	0	860	98	121	121	133	110	6475	16400	0	1642	1695	6611	6627	2066	688
861	0	861	98	121	121	133	110	6475	16400	0	1642	1695	6611	6627	2066	688
862	0	862	98	121	121	133	110	6475	16400	0	1642	1695	6611	6627	2066	688
863	0	863	98	121	121	133	110	6475	16400	0	1642	1695	6611	6627	2066	688
864	0	864	98	121	121	133	110	6475	16400	0	1642	1695	6611	6627	2066	688
865	0	865	98	121	121	133	110	6475	16400	0	1642	1695	6611	6627	2066	688
866	0	866	98	121	121	133	110	6475	16400	0	1642	1695	6611	6627	2066	688
867	0	867	98	121	121	133	110	6475	16400	0	1642	1695	6611	6627	2066	688
868	0	868	98	121	121	133	110	6475	16400	0	1642	1695	6611	6627	2066	688
869	0	869	98	121	121	133	110	6475	16400	0	1642	1695	6611	6627	2066	688
870	0	870	98	121	121	133	110	6475	16400	0	1642	1695	6611	6627	2066	688
871	0	871	98	121	121	133	110	6475	16400	0	1642	1695	6611	6627	2066	688
872	0	872	98	121	121	133	110	6475	16400	0	1642	1695	6611	6627	2066	688
873	0	873	98	121	121	133	110	6475	16400	0	1642	1695	6611	6627	2066	688
874	0	874	98	121	121	133	110	6475	16400	0	1642	1695	6611	6627	2066	688
875	0	875	98	121	121	133	110	6475	16400	0	1642	1695	6611	6627	2066	688
876	0	876	98	121	121	133	110	6475	16400	0	1642	1695	6611	6627	2066	688
877	0	877	98	121	121	133	110	6475	16400	0	1642	1695	6611	6627	2066	688
878	0	878	98	121	121	133	110	6475	16400	0	1642	1695	6611	6627	2066	688
879	0	879	98	121	121	133	110	6475	16400	0	1642	1695	6611	6627	2066	688
880	0	880	98	121	121	133	110	6475	16400	0	1642	1695	6611	6627	2066	688
881	0	881	98	121	121	133	110	6475	16400	0	1642	1695	6611	6627	2066	688
882	0	882	98	121	121	133	110	6475	16400	0	1642	1695	6611	6627	2066	688
883	0	883	98	121	121	133	110	6475	16400	0	1642	1695	6611	6627	2066	688
884	0	884	98	121	121	133	110	6475	16400	0	1642	1695	6611	6627	2066	688
885	0	885	98	121	121	133	110	6475	16400	0	1642	1695	6611	6627	2066	688
886	0	886	98	121	121	133	110	6475	16400	0	1642	1695	6611	6627	2066	688
887	0	887	98	121	121	133	110	6475	16400	0	1642	1695	6611	6627	2066	688
888	0	888	98	121	121	133	110	6475	16400	0	1642	1695	6611	6627	2066	688
889	0	889	98	121	121	133	110	6475	16400	0	1642	1695	6611	6627	2066	688
890	0	890	98	121	121	133	110	6475	16400	0	1642	1695	6611	6627	2066	688
891	0	891	98	121	121	133	110	6475	16400	0	1642	1695	6611	6627	2066	688
892	0	892	98	121	121	133	110	6475	16400	0	1642	1695	6611	6627	2066	688
893	0	893	98	121	121	133	110	6475	16400	0	1642	1695	6611	6627	2066	688
894	0	894	98	121	121	133	110	6475	16400	0	1642	1695	6611	6627	2066	688
895	0	895	98	121	121	133	110	6475	16400	0	1642	1695	6611	6627	2066	688
896	0	896	98	121	121	133	110	6475	16400	0	1642	1695	6611	6627	2066	688
897	0	897	98	121	121	133	110	6475	16400	0	1642	1695	6611	6627	2066	688
898	0	898	98	121	121	133	110	6475	16400	0	1642	1695	6611	6627	2066	688
899	0	899	98	121	121	133	110	6475	16400	0	1642	1695	6611	6627	2066	688
900	0	900	98	121	121	133	110	6475	16400	0	1642	1695	6611	6627	2066	688
901	0	901	98	121	121	133	110	6475	16400	0	1642	1695	6611	6627	2066	688
902	0	902	98	121	121	133	110	6475	16400	0	1642	1695	6611	6627	2066	688
903	0	903	98	121	121	133	110	6475	16400	0	1642	1695	6611	6627	2066	688
904	0	904	98	121	121	133	110	6475	16400	0	1642	1695	6611	6627	2066	688
905	0	905	98	121	121	133	110	6475	16400	0	1642	1695	6611	6627	2066	688
906	0	906	98	121	121	133	110	6475	16400	0	1642	1695	6611	6627	2066	688
907	0	907	98	121	121	133	110	6475	16400	0	1642	1695	6611	6627	2066	688
908	0	908	98	121	121	133	110	6475	16400	0	1642	1695	6611	6627	2066	688
909	0	909	98	121	121	133	110	6475	16400	0	1642	1695	6611	6627	2066	688
910	0	910	98	121	121	133	110	6475	16400	0	1642	1695	6611	6627	2066	688
911	0	911	98	121	121	133	110	6475	16400	0	1642	1695	6611	6627	2066	688
912	0	912	98	121	121	133	110	6475	16400	0	1642	1695	6611	6627	2066	688
913	0	913	98	121	121	133	110	6475	16400	0	1642	1695	6611	6627	2066	688
914	0	914	98	121	121	133	110	6475	16400	0	1642	1695	6611	6627	2066	688
915	0	915	98	121	121	133	110	6475	16400	0	1642	1695	6611	6627	2066	688
916	0	916	98	121	121	133	110	6475	16400	0	1642	1695	6611	6627	2066	688
917	0	917	98	121	121	133	110	6475	16400	0	1642	1695	6611	6627	2066	688
918	0	918	98	121	121	133	110	6475	16400	0	1642	1695	6611	6627	2066	688
919	0	919	98	121	121	133	110	6475	16400	0	1642	1695	6611	6627	2066	688
920	0	920	98	121	121	133	110	6475	16400	0	1642	1695	6611	6627	2066	688
921	0	921	98	121	121	133	110	6475	16400	0	1642	1695	6611	6627	2066	688
922	0	922	98	121	121	133	110	6475	16400	0	1642	1695	6611	6627	2066	688
923	0	923	98	121	121	133	110	6475	16400	0	1642	1695	6611	6627	2066	688
924	0	924	98	121	121	133	110	6475	16400	0	1642	1695	6611	6627	2066	688
925	0	925	98	121	121	133	110	6475	16400	0	1642	1695	6611	6627	2066	688
926	0	926	98	121	121	133	110	6475	16400	0	1642	1695	6611	6627	2066	688
927	0	927	98	121	121	133	110	6475	16400	0	1642	1695	6611	6627	2066	688
928	0	928	98	121	121	133	110	6475	16400	0	1642	1695	6611	6627	2066	688
929	0	929	98	121	121	133	110	6475	16400	0	1642	1695	6611	6627	2066	688
930	0	930	98	121	121	133	110	6475	16400	0	1642	1695	6611	6627	2066	688
931	0	931	98	121	121	133	110	6475	16400	0	1642	1695	6611	6627	2066	688
932	0	932	98	121	121	133	110	6475	16400	0	1642	1695	6611	6627	2066	688
933	0	933	98	121	121	133	110	6475	16400	0	1642	1695	6611	6627	2066	688
934	0	934	98	121	121	133	110	6475	16400	0	1642	1695	6611	6627	2066	688
935	0	935	98	121	121	133	110	6475	16400	0	1642	1695	6611	6627	2066	688
936	0	936	98	121	121	133	110	6475	16400	0	1642	1695	6611	6627	2066	688
937	0	937	98	121	121	133	110	6475	16400	0	1642	1695	6611	6627	2066	688
938	0	938	98	121	121	133	110	6475	16400	0	1642	1695	6611	6627	2066	688
939	0	939	98	121	121	133	110	6475	16400	0	1642	1695	6611	6627	2066	688
940	0	940	98	121	121	133	110	6475	16400	0	1642	1695	6611	6627	2066	688
941	0	941	98	121	121	133	110	6475	16400	0	1642	1695	6611	6627	2066	688
942	0	942	98	121	121	133	110	6475	16400	0	1642	1695	6611	6627	2066	688
943	0	943	98	121	121	133	110	6475	16400	0	1642	1695	6611	6627	2066	688
944	0	944	98	121	121	133	110	6475	16400	0	1642	1695	6611	6627	2066	688
945	0	945	98	121	121	133	110	6475	16400	0	1642	1695	6611	6627	2066	688
946	0	946	98	121	121	133	110	6475	16400	0	1642	1695	6611	6627	2066	688
947	0	947	98	121	121	133	110	6475	16400	0	1642	1695	6611	6627	2066	688
948	0	948	98	121	121	133	110	6475	16400	0	1642	1695	6611	6627	2066	688
949	0	949	98	121	121	133	110	6475	16400	0	1642	1695	6611	6627	2066	688
950	0	950	98	121	121	133	110	6475	16400	0	1642	1695	6611	6627	2066	688
951	0	951	98	121	121	133	110	6475	16400	0	1642	1695	6611	6627	2066	688
952	0	952	98	121	121	133	110	6475	16400	0	1642	1695	6611	6627	2066	688
953	0	953	98	121	121	133	110	6475	16400	0	1642	1695	6611	6627	2066	688
954	0	954	98	121	121	133	110	6475	16400	0	1642	1695	6611	6627	2066	688
955	0	955	98	121	121	133	110	6475	16400	0	1642	1695	6611	6627	2066	688
956	0	956	98	121	121	133	110	6475	16400	0	1642	1695	6611	6627	2066	688
957	0	957	98	121	121	133	110	6475	16400	0	1642	1695	6611	6627	2066	688
958	0	958	98	121	121	133	110	6475	16400	0	1642	1695	6611	6627	2066	688
959	0	959	98	121	121	133	110	6475	16400	0	1642	1695	6611	6627	2066	688
960	0	960	98	121	121	133	110	6475	16400	0	1642	1695	6611	6627	2066	688
961	0	961	98	121	121	133	110	6475	16400	0	1642	1695	6611	6627	2066	688
962	0	962	98	121	121	133	110	6475	16400	0	1642	1695	6611	6627	2066	688
963	0	963	98	121	121	133	110	6475	16400	0	1642	1695	6611	6627	2066	688
964	0	964	98	121	121	133	110	6475	16400	0	1642	1695	6611	6627	2066	688
965	0	965	98	121	121	133	110	6475	16400	0	1642	1695	6611	6627	2066	688
966	0	966	98	121	121	133	110	6475	16400	0	1642	1695	6611	6627	2066	688
967	0	967	98	121	121	133	110	6475	16400	0	1642	1695	6611	6627	2066	688
968	0	968	98	121	121	133	110	6475	16400	0	1642	1695	6611	6627	2066	688
969	0	969	98	121	121	133	110	6475	16400	0	1642	1695	6611	6627	2066	688
970	0	970	98	121	121	133	110	6475	16400	0	1642	1695	6611	6627	2066	688
971	0	971	98	121	121	133	110	6475	16400	0	1642	1695	6611	6627	2066	688
972	0	972	98	121	121	133	110	6475	16400	0	1642	1695	6611	6627	2066	688
973	0	973	98	121	121	133	110	6475	16400	0	1642	1695	6611	6627	2066	688
974	0	974	98	121	121	133	110	6475	16400	0	1642	1695	6611	6627	2066	688
975	0	975	98	121	121	133	110	6475	16400	0	1642	1695	6611	6627	2066	688
976	0	976	98	121	121	133	110	6475	16400	0	1642	1695	6611	6627	2066	688
977	0	977	98	121	121	133	110	6475	16400	0	1642	1695	6611	6627	2066	688
978	0	978	98	121	121	133	110	6475	16400	0	1642	1695	6611	6627	2066	688
979	0	979	98	121	121	133	110	6475	16400	0	1642	1695	6611	6627	2066	688
980	0	980	98	121	121	133	110	6475	16400	0	1642	1695	6611	6627	2066	688
981	0	981	98	121	121	133	110	6475	16400	0	1642	1695	6611	6627	2066	688
982	0	982	98	121	121	133	110	6475	16400	0	1642	1695	6611	6627	2066	688
983	0	983	98	121	121	133	110	6475	16400	0	1642	1695	6611	6627	2066	688
984	0	984	98	121	121	133	110	6475	16400	0	1642	1695	6611	6627	2066	688
985	0	985	98	121	121	133	110	6475	16400	0	1642	1695	6611	6627	2066	688
986	0	986	98	121	121	133	110	6475	16400	0	1642	1695	6611	6627	2066	688
987	0	987	98	121	121	133	110	6475	16400	0	1642	1695	6611	6627	2066	688
988	0	988	98	121	121	133	110	6475	16400	0	1642	1695	6611	6627	2066	688
989	0	989	98	121	121	133	110	6475	16400	0	1642	1695	6611	6627	2066	688
990	0	990	98	121	121	133	110	6475	16400	0	1642	1695	6611	6627	2066	688
991	0	991	98	121	121	133	110	6475	16400	0	1642	1695	6611	6627	2066	688
992	0	992	98	121	121	133	110	6475	16400	0	1642	1695	6611	6627	2066	688
993	0	993	98	121	121	133	110	6475	16400	0	1642	1695	6611	6627	2066	688
994	0	994	98	121	121	133	110	6475	16400	0	1642	1695	6611	6627	2066	688
995	0	995	98	121	121	133	110	6475	16400	0	1642	1695	6611	6627	2066	688
996	0	996	98	121	121	133	110	6475	16400	0	1642	1695	6611	6627	2066	688
997	0	997	98	121	121	133	110	6475	16400	0	1642	1695	6611	6627	2066	688
998	0	998	98	121	121	133	110	6475	16400	0	1642	1695	6611	6627	2066	688
999	0	999	98	121	121	133	110	6475	16400	0	1642	1695	6611	6627	2066	688
1000	1	0	2	1	4	0	2	1087	500	0	33	31	19	18	3	3
1001	1	1	2	1	4	0	2	1239	500	0	63	61	31	30	4	6
1002	1	2	2	1	5	0	2	1456	550	0	93	91	43	42	6	12
1003	1	3	2	1	5	1	3	1673	600	0	124	121	56	54	8	18
1004	1	4	2	1	5	1	3	1891	650	0	154	151	68	66	11	24
1005	1	5	3	1	6	1	3	2108	700	0	184	182	80	78	13	31
1006	1	6	3	1	6	1	3	2326	750	0	215	212	92	90	15	37
1007	1	7	3	1	6	1	3	2543	800	0	245	242	104	103	17	43
1008	1	8	4	1	7	1	3	2761	850	0	276	272	117	115	20	49
1009	1	9	4	1	7	1	3	2978	900	0	306	302	129	127	22	55
1010	1	10	4	1	8	1	3	3196	950	0	336	333	141	139	24	61
1011	1	11	4	2	8	2	3	3413	1000	0	367	363	153	151	26	67
1012	1	12	5	2	8	2	3	3630	1050	0	397	393	165	163	29	73
1013	1	13	5	2	9	2	3	3848	1100	0	428	423	178	176	31	79
1014	1	14	5	2	9	2	3	4065	1150	0	458	453	190	188	33	85
1015	1	15	5	2	9	2	3	4413	1200	0	488	483	202	200	35	91
1016	1	16	6	2	10	2	4	4760	1250	0	519	514	202	200	38	97
1017	1	17	6	2	10	2	4	5108	1300	0	549	544	202	200	40	104
1018	1	18	6	2	10	2	4	5455	1350	0	580	574	203	200	42	110
1019	1	19	6	2	11	3	4	5803	1400	0	610	604	203	200	44	116
1020	1	20	7	3	11	3	4	6155	1450	0	630	624	211	209	47	122
1021	1	21	7	3	11	3	4	6155	1500	0	631	625	203	201	47	122
1022	1	22	7	3	12	3	4	6155	1550	0	631	625	203	201	47	122
1023	1	23	7	3	12	3	4	6155	1600	0	632	625	204	201	47	122
1024	1	24	8	3	12	3	4	6155	1650	0	632	625	204	201	48	122
1025	1	25	8	3	13	3	4	6155	1700	0	632	625	204	201	48	122
1026	1	26	8	3	13	3	4	6155	1750	0	633	625	204	202	48	122
1027	1	27	9	3	13	3	4	6155	1800	0	633	626	204	202	48	122
1028	1	28	9	3	14	4	4	6155	1850	0	634	626	205	202	49	122
1029	1	29	9	4	14	4	4	6155	1900	0	634	626	205	202	49	123
1030	1	30	9	4	14	4	5	6155	1950	0	634	626	205	202	49	123
1031	1	31	10	4	15	4	5	6155	2000	0	635	626	205	202	49	123
1032	1	32	10	4	15	4	5	6155	2050	0	635	626	205	203	50	123
1033	1	33	10	4	15	4	5	6155	2100	0	636	627	206	203	50	123
1034	1	34	10	4	16	4	5	6155	2150	0	636	627	206	203	50	123
1035	1	35	11	4	16	4	5	6155	2200	0	636	627	206	203	50	123
1036	1	36	11	4	16	5	5	6155	2250	0	637	627	206	203	51	123
1037	1	37	11	4	17	5	5	6155	2300	0	637	627	206	203	51	123
1038	1	38	11	4	17	5	5	6155	2350	0	638	628	207	204	51	123
1039	1	39	12	5	18	5	5	6155	2400	0	638	628	207	204	51	123
1040	1	40	12	5	18	5	5	6155	2650	0	638	628	207	204	52	124
1041	1	41	12	5	18	5	5	6155	2900	0	639	628	207	204	52	124
1042	1	42	12	5	19	5	5	6155	3150	0	639	628	207	204	52	124
1043	1	43	13	5	19	5	6	6155	3400	0	640	628	208	204	52	124
1044	1	44	13	5	19	5	6	6155	3650	0	640	629	208	204	53	124
1045	1	45	13	5	20	6	6	6155	3900	0	640	629	208	205	53	124
1046	1	46	14	5	20	6	6	6155	4150	0	641	629	208	205	53	124
1047	1	47	14	5	20	6	6	6155	4400	0	641	629	208	205	53	124
1048	1	48	14	6	21	6	6	6155	4650	0	642	629	209	205	54	124
1049	1	49	14	6	21	6	6	6155	4900	0	642	630	209	205	54	124
1050	1	50	17	8	23	8	8	6180	5150	0	642	630	282	278	108	142
1051	1	51	19	10	26	10	10	6205	5400	0	643	630	355	352	162	160
1052	1	52	21	12	28	12	12	6230	5650	0	643	630	428	425	217	179
1053	1	53	23	14	30	15	14	6255	5900	0	644	630	502	498	271	197
1054	1	54	26	16	33	17	16	6280	6150	0	644	630	575	571	325	215
1055	1	55	28	18	35	19	18	6305	6400	0	644	631	648	644	379	233
1056	1	56	30	20	37	21	21	6330	6650	0	645	631	721	717	434	251
1057	1	57	32	22	40	23	23	6355	6900	0	645	631	794	791	488	269
1058	1	58	35	25	42	25	25	6380	7150	0	646	631	868	864	542	287
1059	1	59	37	27	44	27	27	6405	7400	0	646	631	941	937	596	305
1060	1	60	43	33	51	33	33	6430	7750	0	721	707	1291	1287	689	325
1061	1	61	45	36	54	36	36	6455	8100	0	797	782	1634	1630	775	343
1062	1	62	49	39	57	39	39	6480	8450	0	872	857	1977	1973	861	361
1063	1	63	51	43	61	41	42	6505	8800	0	948	932	2321	2317	947	379
1064	1	64	54	47	64	44	45	6530	9150	0	1023	1007	2664	2660	1034	398
1065	1	65	57	51	67	46	48	6555	9500	0	1098	1082	3007	3003	1120	416
1066	1	66	60	55	71	49	52	6580	9850	0	1174	1158	3350	3346	1206	434
1067	1	67	63	60	74	52	56	6605	10200	0	1249	1233	3693	3689	1292	452
1068	1	68	66	64	78	55	60	6630	10550	0	1325	1308	4037	4032	1379	470
1069	1	69	70	68	81	58	64	6655	10900	0	1400	1383	4380	4375	1465	489
1070	1	70	77	75	88	66	73	6680	11250	0	1425	1408	4610	4606	1526	509
1071	1	71	80	78	92	69	77	6705	11600	0	1451	1434	4833	4829	1581	527
1072	1	72	83	81	95	72	81	6730	11950	0	1476	1459	5056	5052	1637	545
1073	1	73	87	84	98	75	85	6755	12300	0	1502	1484	5280	5275	1692	563
1074	1	74	90	87	102	78	89	6780	12650	0	1527	1509	5503	5498	1747	581
1075	1	75	93	90	105	81	93	6805	13000	0	1552	1534	5726	5721	1802	599
1076	1	76	96	93	108	84	97	6830	13350	0	1578	1559	5949	5945	1858	618
1077	1	77	100	97	112	87	101	6855	13700	0	1603	1585	6172	6168	1913	636
1078	1	78	103	100	115	91	105	6880	14050	0	1629	1610	6396	6391	1968	654
1079	1	79	106	103	118	94	109	6905	14400	0	1654	1635	6619	6614	2023	674
1080	1	80	106	103	119	94	109	6905	14450	0	1654	1635	6619	6614	2024	674
1081	1	81	107	103	119	94	109	6905	14500	0	1655	1635	6619	6614	2024	674
1082	1	82	107	103	119	94	109	6905	14550	0	1655	1635	6619	6615	2024	674
1083	1	83	107	103	120	94	110	6905	14600	0	1656	1636	6620	6615	2024	674
1084	1	84	108	103	120	94	110	6905	14650	0	1656	1636	6620	6615	2025	674
1085	1	85	108	103	120	94	110	6905	14700	0	1656	1636	6620	6615	2025	674
1086	1	86	108	104	121	94	110	6905	14750	0	1657	1636	6620	6615	2025	674
1087	1	87	108	104	121	95	110	6905	14800	0	1657	1636	6620	6615	2025	675
1088	1	88	109	104	121	95	110	6905	14850	0	1658	1637	6621	6616	2026	675
1089	1	89	109	104	122	95	110	6905	14900	0	1658	1637	6621	6616	2026	675
1090	1	90	109	104	122	95	110	6905	14950	0	1658	1637	6621	6616	2026	675
1091	1	91	109	104	122	95	110	6905	15000	0	1659	1637	6621	6616	2026	675
1092	1	92	110	104	123	95	110	6905	15050	0	1659	1637	6621	6616	2027	675
1093	1	93	110	104	123	95	110	6905	15100	0	1660	1637	6622	6616	2027	675
1094	1	94	110	104	123	95	110	6905	15150	0	1660	1638	6622	6616	2027	675
1095	1	95	110	105	124	96	110	6905	15200	0	1660	1638	6622	6617	2027	675
1096	1	96	111	105	124	96	111	6905	15250	0	1661	1638	6622	6617	2028	675
1097	1	97	111	105	125	96	111	6905	15300	0	1661	1638	6622	6617	2028	675
1098	1	98	111	105	125	96	111	6905	15350	0	1662	1638	6623	6617	2028	675
1099	1	99	111	105	125	96	111	6905	15400	0	1662	1639	6623	6617	2028	676
1100	1	100	112	105	126	96	111	6905	15450	0	1662	1639	6623	6617	2029	676
1101	1	101	112	105	126	96	111	6905	15500	0	1663	1639	6623	6618	2029	676
1102	1	102	112	105	126	96	111	6905	15550	0	1663	1639	6623	6618	2029	676
1103	1	103	113	105	127	96	111	6905	15600	0	1664	1639	6624	6618	2029	676
1104	1	104	113	105	127	97	111	6905	15650	0	1664	1639	6624	6618	2030	676
1105	1	105	113	106	127	97	111	6905	15700	0	1664	1640	6624	6618	2030	676
1106	1	106	113	106	128	97	111	6905	15750	0	1665	1640	6624	6618	2030	676
1107	1	107	114	106	128	97	111	6905	15800	0	1665	1640	6624	6619	2030	676
1108	1	108	114	106	128	97	111	6905	15850	0	1666	1640	6625	6619	2031	676
1109	1	109	114	106	129	97	112	6905	15900	0	1666	1640	6625	6619	2031	676
1110	1	110	114	106	129	97	112	6905	15950	0	1666	1641	6625	6619	2031	676
1111	1	111	115	106	129	97	112	6905	16000	0	1667	1641	6625	6619	2031	677
1112	1	112	115	106	130	98	112	6905	16050	0	1667	1641	6625	6619	2032	677
1113	1	113	115	106	130	98	112	6905	16100	0	1668	1641	6626	6620	2032	677
1114	1	114	115	107	130	98	112	6905	16150	0	1668	1641	6626	6620	2032	677
1115	1	115	116	107	131	98	112	6905	16200	0	1668	1641	6626	6620	2032	677
1116	1	116	116	107	131	98	112	6905	16250	0	1669	1642	6626	6620	2033	677
1117	1	117	116	107	131	98	112	6905	16300	0	1669	1642	6626	6620	2033	677
1118	1	118	116	107	132	98	112	6905	16350	0	1670	1642	6627	6620	2033	677
1119	1	119	117	107	132	98	112	6905	16400	0	1670	1642	6627	6620	2033	677
1120	1	120	117	107	132	98	112	6905	16400	0	1670	1642	6627	6620	2033	677
1121	1	121	117	107	132	98	112	6905	16400	0	1670	1642	6627	6620	2033	677
1122	1	122	117	107	132	98	112	6905	16400	0	1670	1642	6627	6620	2033	677
1123	1	123	117	107	132	98	112	6905	16400	0	1670	1642	6627	6620	2033	677
1124	1	124	117	107	132	98	112	6905	16400	0	1670	1642	6627	6620	2033	677
1125	1	125	117	107	132	98	112	6905	16400	0	1670	1642	6627	6620	2033	677
1126	1	126	117	107	132	98	112	6905	16400	0	1670	1642	6627	6620	2033	677
1127	1	127	117	107	132	98	112	6905	16400	0	1670	1642	6627	6620	2033	677
1128	1	128	117	107	132	98	112	6905	16400	0	1670	1642	6627	6620	2033	677
1129	1	129	117	107	132	98	112	6905	16400	0	1670	1642	6627	6620	2033	677
1130	1	130	117	107	132	98	112	6905	16400	0	1670	1642	6627	6620	2033	677
1131	1	131	117	107	132	98	112	6905	16400	0	1670	1642	6627	6620	2033	677
1132	1	132	117	107	132	98	112	6905	16400	0	1670	1642	6627	6620	2033	677
1133	1	133	117	107	132	98	112	6905	16400	0	1670	1642	6627	6620	2033	677
1134	1	134	117	107	132	98	112	6905	16400	0	1670	1642	6627	6620	2033	677
1135	1	135	117	107	132	98	112	6905	16400	0	1670	1642	6627	6620	2033	677
1136	1	136	117	107	132	98	112	6905	16400	0	1670	1642	6627	6620	2033	677
1137	1	137	117	107	132	98	112	6905	16400	0	1670	1642	6627	6620	2033	677
1138	1	138	117	107	132	98	112	6905	16400	0	1670	1642	6627	6620	2033	677
1139	1	139	117	107	132	98	112	6905	16400	0	1670	1642	6627	6620	2033	677
1140	1	140	117	107	132	98	112	6905	16400	0	1670	1642	6627	6620	2033	677
1141	1	141	117	107	132	98	112	6905	16400	0	1670	1642	6627	6620	2033	677
1142	1	142	117	107	132	98	112	6905	16400	0	1670	1642	6627	6620	2033	677
1143	1	143	117	107	132	98	112	6905	16400	0	1670	1642	6627	6620	2033	677
1144	1	144	117	107	132	98	112	6905	16400	0	1670	1642	6627	6620	2033	677
1145	1	145	117	107	132	98	112	6905	16400	0	1670	1642	6627	6620	2033	677
1146	1	146	117	107	132	98	112	6905	16400	0	1670	1642	6627	6620	2033	677
1147	1	147	117	107	132	98	112	6905	16400	0	1670	1642	6627	6620	2033	677
1148	1	148	117	107	132	98	112	6905	16400	0	1670	1642	6627	6620	2033	677
1149	1	149	117	107	132	98	112	6905	16400	0	1670	1642	6627	6620	2033	677
1150	1	150	117	107	132	98	112	6905	16400	0	1670	1642	6627	6620	2033	677
1151	1	151	117	107	132	98	112	6905	16400	0	1670	1642	6627	6620	2033	677
1152	1	152	117	107	132	98	112	6905	16400	0	1670	1642	6627	6620	2033	677
1153	1	153	117	107	132	98	112	6905	16400	0	1670	1642	6627	6620	2033	677
1154	1	154	117	107	132	98	112	6905	16400	0	1670	1642	6627	6620	2033	677
1155	1	155	117	107	132	98	112	6905	16400	0	1670	1642	6627	6620	2033	677
1156	1	156	117	107	132	98	112	6905	16400	0	1670	1642	6627	6620	2033	677
1157	1	157	117	107	132	98	112	6905	16400	0	1670	1642	6627	6620	2033	677
1158	1	158	117	107	132	98	112	6905	16400	0	1670	1642	6627	6620	2033	677
1159	1	159	117	107	132	98	112	6905	16400	0	1670	1642	6627	6620	2033	677
1160	1	160	117	107	132	98	112	6905	16400	0	1670	1642	6627	6620	2033	677
1161	1	161	117	107	132	98	112	6905	16400	0	1670	1642	6627	6620	2033	677
1162	1	162	117	107	132	98	112	6905	16400	0	1670	1642	6627	6620	2033	677
1163	1	163	117	107	132	98	112	6905	16400	0	1670	1642	6627	6620	2033	677
1164	1	164	117	107	132	98	112	6905	16400	0	1670	1642	6627	6620	2033	677
1165	1	165	117	107	132	98	112	6905	16400	0	1670	1642	6627	6620	2033	677
1166	1	166	117	107	132	98	112	6905	16400	0	1670	1642	6627	6620	2033	677
1167	1	167	117	107	132	98	112	6905	16400	0	1670	1642	6627	6620	2033	677
1168	1	168	117	107	132	98	112	6905	16400	0	1670	1642	6627	6620	2033	677
1169	1	169	117	107	132	98	112	6905	16400	0	1670	1642	6627	6620	2033	677
1170	1	170	117	107	132	98	112	6905	16400	0	1670	1642	6627	6620	2033	677
1171	1	171	117	107	132	98	112	6905	16400	0	1670	1642	6627	6620	2033	677
1172	1	172	117	107	132	98	112	6905	16400	0	1670	1642	6627	6620	2033	677
1173	1	173	117	107	132	98	112	6905	16400	0	1670	1642	6627	6620	2033	677
1174	1	174	117	107	132	98	112	6905	16400	0	1670	1642	6627	6620	2033	677
1175	1	175	117	107	132	98	112	6905	16400	0	1670	1642	6627	6620	2033	677
1176	1	176	117	107	132	98	112	6905	16400	0	1670	1642	6627	6620	2033	677
1177	1	177	117	107	132	98	112	6905	16400	0	1670	1642	6627	6620	2033	677
1178	1	178	117	107	132	98	112	6905	16400	0	1670	1642	6627	6620	2033	677
1179	1	179	117	107	132	98	112	6905	16400	0	1670	1642	6627	6620	2033	677
1180	1	180	117	107	132	98	112	6905	16400	0	1670	1642	6627	6620	2033	677
1181	1	181	117	107	132	98	112	6905	16400	0	1670	1642	6627	6620	2033	677
1182	1	182	117	107	132	98	112	6905	16400	0	1670	1642	6627	6620	2033	677
1183	1	183	117	107	132	98	112	6905	16400	0	1670	1642	6627	6620	2033	677
1184	1	184	117	107	132	98	112	6905	16400	0	1670	1642	6627	6620	2033	677
1185	1	185	117	107	132	98	112	6905	16400	0	1670	1642	6627	6620	2033	677
1186	1	186	117	107	132	98	112	6905	16400	0	1670	1642	6627	6620	2033	677
1187	1	187	117	107	132	98	112	6905	16400	0	1670	1642	6627	6620	2033	677
1188	1	188	117	107	132	98	112	6905	16400	0	1670	1642	6627	6620	2033	677
1189	1	189	117	107	132	98	112	6905	16400	0	1670	1642	6627	6620	2033	677
1190	1	190	117	107	132	98	112	6905	16400	0	1670	1642	6627	6620	2033	677
1191	1	191	117	107	132	98	112	6905	16400	0	1670	1642	6627	6620	2033	677
1192	1	192	117	107	132	98	112	6905	16400	0	1670	1642	6627	6620	2033	677
1193	1	193	117	107	132	98	112	6905	16400	0	1670	1642	6627	6620	2033	677
1194	1	194	117	107	132	98	112	6905	16400	0	1670	1642	6627	6620	2033	677
1195	1	195	117	107	132	98	112	6905	16400	0	1670	1642	6627	6620	2033	677
1196	1	196	117	107	132	98	112	6905	16400	0	1670	1642	6627	6620	2033	677
1197	1	197	117	107	132	98	112	6905	16400	0	1670	1642	6627	6620	2033	677
1198	1	198	117	107	132	98	112	6905	16400	0	1670	1642	6627	6620	2033	677
1199	1	199	117	107	132	98	112	6905	16400	0	1670	1642	6627	6620	2033	677
1200	1	200	117	107	132	98	112	6905	16400	0	1670	1642	6627	6620	2033	677
1201	1	201	117	107	132	98	112	6905	16400	0	1670	1642	6627	6620	2033	677
1202	1	202	117	107	132	98	112	6905	16400	0	1670	1642	6627	6620	2033	677
1203	1	203	117	107	132	98	112	6905	16400	0	1670	1642	6627	6620	2033	677
1204	1	204	117	107	132	98	112	6905	16400	0	1670	1642	6627	6620	2033	677
1205	1	205	117	107	132	98	112	6905	16400	0	1670	1642	6627	6620	2033	677
1206	1	206	117	107	132	98	112	6905	16400	0	1670	1642	6627	6620	2033	677
1207	1	207	117	107	132	98	112	6905	16400	0	1670	1642	6627	6620	2033	677
1208	1	208	117	107	132	98	112	6905	16400	0	1670	1642	6627	6620	2033	677
1209	1	209	117	107	132	98	112	6905	16400	0	1670	1642	6627	6620	2033	677
1210	1	210	117	107	132	98	112	6905	16400	0	1670	1642	6627	6620	2033	677
1211	1	211	117	107	132	98	112	6905	16400	0	1670	1642	6627	6620	2033	677
1212	1	212	117	107	132	98	112	6905	16400	0	1670	1642	6627	6620	2033	677
1213	1	213	117	107	132	98	112	6905	16400	0	1670	1642	6627	6620	2033	677
1214	1	214	117	107	132	98	112	6905	16400	0	1670	1642	6627	6620	2033	677
1215	1	215	117	107	132	98	112	6905	16400	0	1670	1642	6627	6620	2033	677
1216	1	216	117	107	132	98	112	6905	16400	0	1670	1642	6627	6620	2033	677
1217	1	217	117	107	132	98	112	6905	16400	0	1670	1642	6627	6620	2033	677
1218	1	218	117	107	132	98	112	6905	16400	0	1670	1642	6627	6620	2033	677
1219	1	219	117	107	132	98	112	6905	16400	0	1670	1642	6627	6620	2033	677
1220	1	220	117	107	132	98	112	6905	16400	0	1670	1642	6627	6620	2033	677
1221	1	221	117	107	132	98	112	6905	16400	0	1670	1642	6627	6620	2033	677
1222	1	222	117	107	132	98	112	6905	16400	0	1670	1642	6627	6620	2033	677
1223	1	223	117	107	132	98	112	6905	16400	0	1670	1642	6627	6620	2033	677
1224	1	224	117	107	132	98	112	6905	16400	0	1670	1642	6627	6620	2033	677
1225	1	225	117	107	132	98	112	6905	16400	0	1670	1642	6627	6620	2033	677
1226	1	226	117	107	132	98	112	6905	16400	0	1670	1642	6627	6620	2033	677
1227	1	227	117	107	132	98	112	6905	16400	0	1670	1642	6627	6620	2033	677
1228	1	228	117	107	132	98	112	6905	16400	0	1670	1642	6627	6620	2033	677
1229	1	229	117	107	132	98	112	6905	16400	0	1670	1642	6627	6620	2033	677
1230	1	230	117	107	132	98	112	6905	16400	0	1670	1642	6627	6620	2033	677
1231	1	231	117	107	132	98	112	6905	16400	0	1670	1642	6627	6620	2033	677
1232	1	232	117	107	132	98	112	6905	16400	0	1670	1642	6627	6620	2033	677
1233	1	233	117	107	132	98	112	6905	16400	0	1670	1642	6627	6620	2033	677
1234	1	234	117	107	132	98	112	6905	16400	0	1670	1642	6627	6620	2033	677
1235	1	235	117	107	132	98	112	6905	16400	0	1670	1642	6627	6620	2033	677
1236	1	236	117	107	132	98	112	6905	16400	0	1670	1642	6627	6620	2033	677
1237	1	237	117	107	132	98	112	6905	16400	0	1670	1642	6627	6620	2033	677
1238	1	238	117	107	132	98	112	6905	16400	0	1670	1642	6627	6620	2033	677
1239	1	239	117	107	132	98	112	6905	16400	0	1670	1642	6627	6620	2033	677
1240	1	240	117	107	132	98	112	6905	16400	0	1670	1642	6627	6620	2033	677
1241	1	241	117	107	132	98	112	6905	16400	0	1670	1642	6627	6620	2033	677
1242	1	242	117	107	132	98	112	6905	16400	0	1670	1642	6627	6620	2033	677
1243	1	243	117	107	132	98	112	6905	16400	0	1670	1642	6627	6620	2033	677
1244	1	244	117	107	132	98	112	6905	16400	0	1670	1642	6627	6620	2033	677
1245	1	245	117	107	132	98	112	6905	16400	0	1670	1642	6627	6620	2033	677
1246	1	246	117	107	132	98	112	6905	16400	0	1670	1642	6627	6620	2033	677
1247	1	247	117	107	132	98	112	6905	16400	0	1670	1642	6627	6620	2033	677
1248	1	248	117	107	132	98	112	6905	16400	0	1670	1642	6627	6620	2033	677
1249	1	249	117	107	132	98	112	6905	16400	0	1670	1642	6627	6620	2033	677
1250	1	250	117	107	132	98	112	6905	16400	0	1670	1642	6627	6620	2033	677
1251	1	251	117	107	132	98	112	6905	16400	0	1670	1642	6627	6620	2033	677
1252	1	252	117	107	132	98	112	6905	16400	0	1670	1642	6627	6620	2033	677
1253	1	253	117	107	132	98	112	6905	16400	0	1670	1642	6627	6620	2033	677
1254	1	254	117	107	132	98	112	6905	16400	0	1670	1642	6627	6620	2033	677
1255	1	255	117	107	132	98	112	6905	16400	0	1670	1642	6627	6620	2033	677
1256	1	256	117	107	132	98	112	6905	16400	0	1670	1642	6627	6620	2033	677
1257	1	257	117	107	132	98	112	6905	16400	0	1670	1642	6627	6620	2033	677
1258	1	258	117	107	132	98	112	6905	16400	0	1670	1642	6627	6620	2033	677
1259	1	259	117	107	132	98	112	6905	16400	0	1670	1642	6627	6620	2033	677
1260	1	260	117	107	132	98	112	6905	16400	0	1670	1642	6627	6620	2033	677
1261	1	261	117	107	132	98	112	6905	16400	0	1670	1642	6627	6620	2033	677
1262	1	262	117	107	132	98	112	6905	16400	0	1670	1642	6627	6620	2033	677
1263	1	263	117	107	132	98	112	6905	16400	0	1670	1642	6627	6620	2033	677
1264	1	264	117	107	132	98	112	6905	16400	0	1670	1642	6627	6620	2033	677
1265	1	265	117	107	132	98	112	6905	16400	0	1670	1642	6627	6620	2033	677
1266	1	266	117	107	132	98	112	6905	16400	0	1670	1642	6627	6620	2033	677
1267	1	267	117	107	132	98	112	6905	16400	0	1670	1642	6627	6620	2033	677
1268	1	268	117	107	132	98	112	6905	16400	0	1670	1642	6627	6620	2033	677
1269	1	269	117	107	132	98	112	6905	16400	0	1670	1642	6627	6620	2033	677
1270	1	270	117	107	132	98	112	6905	16400	0	1670	1642	6627	6620	2033	677
1271	1	271	117	107	132	98	112	6905	16400	0	1670	1642	6627	6620	2033	677
1272	1	272	117	107	132	98	112	6905	16400	0	1670	1642	6627	6620	2033	677
1273	1	273	117	107	132	98	112	6905	16400	0	1670	1642	6627	6620	2033	677
1274	1	274	117	107	132	98	112	6905	16400	0	1670	1642	6627	6620	2033	677
1275	1	275	117	107	132	98	112	6905	16400	0	1670	1642	6627	6620	2033	677
1276	1	276	117	107	132	98	112	6905	16400	0	1670	1642	6627	6620	2033	677
1277	1	277	117	107	132	98	112	6905	16400	0	1670	1642	6627	6620	2033	677
1278	1	278	117	107	132	98	112	6905	16400	0	1670	1642	6627	6620	2033	677
1279	1	279	117	107	132	98	112	6905	16400	0	1670	1642	6627	6620	2033	677
1280	1	280	117	107	132	98	112	6905	16400	0	1670	1642	6627	6620	2033	677
1281	1	281	117	107	132	98	112	6905	16400	0	1670	1642	6627	6620	2033	677
1282	1	282	117	107	132	98	112	6905	16400	0	1670	1642	6627	6620	2033	677
1283	1	283	117	107	132	98	112	6905	16400	0	1670	1642	6627	6620	2033	677
1284	1	284	117	107	132	98	112	6905	16400	0	1670	1642	6627	6620	2033	677
1285	1	285	117	107	132	98	112	6905	16400	0	1670	1642	6627	6620	2033	677
1286	1	286	117	107	132	98	112	6905	16400	0	1670	1642	6627	6620	2033	677
1287	1	287	117	107	132	98	112	6905	16400	0	1670	1642	6627	6620	2033	677
1288	1	288	117	107	132	98	112	6905	16400	0	1670	1642	6627	6620	2033	677
1289	1	289	117	107	132	98	112	6905	16400	0	1670	1642	6627	6620	2033	677
1290	1	290	117	107	132	98	112	6905	16400	0	1670	1642	6627	6620	2033	677
1291	1	291	117	107	132	98	112	6905	16400	0	1670	1642	6627	6620	2033	677
1292	1	292	117	107	132	98	112	6905	16400	0	1670	1642	6627	6620	2033	677
1293	1	293	117	107	132	98	112	6905	16400	0	1670	1642	6627	6620	2033	677
1294	1	294	117	107	132	98	112	6905	16400	0	1670	1642	6627	6620	2033	677
1295	1	295	117	107	132	98	112	6905	16400	0	1670	1642	6627	6620	2033	677
1296	1	296	117	107	132	98	112	6905	16400	0	1670	1642	6627	6620	2033	677
1297	1	297	117	107	132	98	112	6905	16400	0	1670	1642	6627	6620	2033	677
1298	1	298	117	107	132	98	112	6905	16400	0	1670	1642	6627	6620	2033	677
1299	1	299	117	107	132	98	112	6905	16400	0	1670	1642	6627	6620	2033	677
1300	1	300	117	107	132	98	112	6905	16400	0	1670	1642	6627	6620	2033	677
1301	1	301	117	107	132	98	112	6905	16400	0	1670	1642	6627	6620	2033	677
1302	1	302	117	107	132	98	112	6905	16400	0	1670	1642	6627	6620	2033	677
1303	1	303	117	107	132	98	112	6905	16400	0	1670	1642	6627	6620	2033	677
1304	1	304	117	107	132	98	112	6905	16400	0	1670	1642	6627	6620	2033	677
1305	1	305	117	107	132	98	112	6905	16400	0	1670	1642	6627	6620	2033	677
1306	1	306	117	107	132	98	112	6905	16400	0	1670	1642	6627	6620	2033	677
1307	1	307	117	107	132	98	112	6905	16400	0	1670	1642	6627	6620	2033	677
1308	1	308	117	107	132	98	112	6905	16400	0	1670	1642	6627	6620	2033	677
1309	1	309	117	107	132	98	112	6905	16400	0	1670	1642	6627	6620	2033	677
1310	1	310	117	107	132	98	112	6905	16400	0	1670	1642	6627	6620	2033	677
1311	1	311	117	107	132	98	112	6905	16400	0	1670	1642	6627	6620	2033	677
1312	1	312	117	107	132	98	112	6905	16400	0	1670	1642	6627	6620	2033	677
1313	1	313	117	107	132	98	112	6905	16400	0	1670	1642	6627	6620	2033	677
1314	1	314	117	107	132	98	112	6905	16400	0	1670	1642	6627	6620	2033	677
1315	1	315	117	107	132	98	112	6905	16400	0	1670	1642	6627	6620	2033	677
1316	1	316	117	107	132	98	112	6905	16400	0	1670	1642	6627	6620	2033	677
1317	1	317	117	107	132	98	112	6905	16400	0	1670	1642	6627	6620	2033	677
1318	1	318	117	107	132	98	112	6905	16400	0	1670	1642	6627	6620	2033	677
1319	1	319	117	107	132	98	112	6905	16400	0	1670	1642	6627	6620	2033	677
1320	1	320	117	107	132	98	112	6905	16400	0	1670	1642	6627	6620	2033	677
1321	1	321	117	107	132	98	112	6905	16400	0	1670	1642	6627	6620	2033	677
1322	1	322	117	107	132	98	112	6905	16400	0	1670	1642	6627	6620	2033	677
1323	1	323	117	107	132	98	112	6905	16400	0	1670	1642	6627	6620	2033	677
1324	1	324	117	107	132	98	112	6905	16400	0	1670	1642	6627	6620	2033	677
1325	1	325	117	107	132	98	112	6905	16400	0	1670	1642	6627	6620	2033	677
1326	1	326	117	107	132	98	112	6905	16400	0	1670	1642	6627	6620	2033	677
1327	1	327	117	107	132	98	112	6905	16400	0	1670	1642	6627	6620	2033	677
1328	1	328	117	107	132	98	112	6905	16400	0	1670	1642	6627	6620	2033	677
1329	1	329	117	107	132	98	112	6905	16400	0	1670	1642	6627	6620	2033	677
1330	1	330	117	107	132	98	112	6905	16400	0	1670	1642	6627	6620	2033	677
1331	1	331	117	107	132	98	112	6905	16400	0	1670	1642	6627	6620	2033	677
1332	1	332	117	107	132	98	112	6905	16400	0	1670	1642	6627	6620	2033	677
1333	1	333	117	107	132	98	112	6905	16400	0	1670	1642	6627	6620	2033	677
1334	1	334	117	107	132	98	112	6905	16400	0	1670	1642	6627	6620	2033	677
1335	1	335	117	107	132	98	112	6905	16400	0	1670	1642	6627	6620	2033	677
1336	1	336	117	107	132	98	112	6905	16400	0	1670	1642	6627	6620	2033	677
1337	1	337	117	107	132	98	112	6905	16400	0	1670	1642	6627	6620	2033	677
1338	1	338	117	107	132	98	112	6905	16400	0	1670	1642	6627	6620	2033	677
1339	1	339	117	107	132	98	112	6905	16400	0	1670	1642	6627	6620	2033	677
1340	1	340	117	107	132	98	112	6905	16400	0	1670	1642	6627	6620	2033	677
1341	1	341	117	107	132	98	112	6905	16400	0	1670	1642	6627	6620	2033	677
1342	1	342	117	107	132	98	112	6905	16400	0	1670	1642	6627	6620	2033	677
1343	1	343	117	107	132	98	112	6905	16400	0	1670	1642	6627	6620	2033	677
1344	1	344	117	107	132	98	112	6905	16400	0	1670	1642	6627	6620	2033	677
1345	1	345	117	107	132	98	112	6905	16400	0	1670	1642	6627	6620	2033	677
1346	1	346	117	107	132	98	112	6905	16400	0	1670	1642	6627	6620	2033	677
1347	1	347	117	107	132	98	112	6905	16400	0	1670	1642	6627	6620	2033	677
1348	1	348	117	107	132	98	112	6905	16400	0	1670	1642	6627	6620	2033	677
1349	1	349	117	107	132	98	112	6905	16400	0	1670	1642	6627	6620	2033	677
1350	1	350	117	107	132	98	112	6905	16400	0	1670	1642	6627	6620	2033	677
1351	1	351	117	107	132	98	112	6905	16400	0	1670	1642	6627	6620	2033	677
1352	1	352	117	107	132	98	112	6905	16400	0	1670	1642	6627	6620	2033	677
1353	1	353	117	107	132	98	112	6905	16400	0	1670	1642	6627	6620	2033	677
1354	1	354	117	107	132	98	112	6905	16400	0	1670	1642	6627	6620	2033	677
1355	1	355	117	107	132	98	112	6905	16400	0	1670	1642	6627	6620	2033	677
1356	1	356	117	107	132	98	112	6905	16400	0	1670	1642	6627	6620	2033	677
1357	1	357	117	107	132	98	112	6905	16400	0	1670	1642	6627	6620	2033	677
1358	1	358	117	107	132	98	112	6905	16400	0	1670	1642	6627	6620	2033	677
1359	1	359	117	107	132	98	112	6905	16400	0	1670	1642	6627	6620	2033	677
1360	1	360	117	107	132	98	112	6905	16400	0	1670	1642	6627	6620	2033	677
1361	1	361	117	107	132	98	112	6905	16400	0	1670	1642	6627	6620	2033	677
1362	1	362	117	107	132	98	112	6905	16400	0	1670	1642	6627	6620	2033	677
1363	1	363	117	107	132	98	112	6905	16400	0	1670	1642	6627	6620	2033	677
1364	1	364	117	107	132	98	112	6905	16400	0	1670	1642	6627	6620	2033	677
1365	1	365	117	107	132	98	112	6905	16400	0	1670	1642	6627	6620	2033	677
1366	1	366	117	107	132	98	112	6905	16400	0	1670	1642	6627	6620	2033	677
1367	1	367	117	107	132	98	112	6905	16400	0	1670	1642	6627	6620	2033	677
1368	1	368	117	107	132	98	112	6905	16400	0	1670	1642	6627	6620	2033	677
1369	1	369	117	107	132	98	112	6905	16400	0	1670	1642	6627	6620	2033	677
1370	1	370	117	107	132	98	112	6905	16400	0	1670	1642	6627	6620	2033	677
1371	1	371	117	107	132	98	112	6905	16400	0	1670	1642	6627	6620	2033	677
1372	1	372	117	107	132	98	112	6905	16400	0	1670	1642	6627	6620	2033	677
1373	1	373	117	107	132	98	112	6905	16400	0	1670	1642	6627	6620	2033	677
1374	1	374	117	107	132	98	112	6905	16400	0	1670	1642	6627	6620	2033	677
1375	1	375	117	107	132	98	112	6905	16400	0	1670	1642	6627	6620	2033	677
1376	1	376	117	107	132	98	112	6905	16400	0	1670	1642	6627	6620	2033	677
1377	1	377	117	107	132	98	112	6905	16400	0	1670	1642	6627	6620	2033	677
1378	1	378	117	107	132	98	112	6905	16400	0	1670	1642	6627	6620	2033	677
1379	1	379	117	107	132	98	112	6905	16400	0	1670	1642	6627	6620	2033	677
1380	1	380	117	107	132	98	112	6905	16400	0	1670	1642	6627	6620	2033	677
1381	1	381	117	107	132	98	112	6905	16400	0	1670	1642	6627	6620	2033	677
1382	1	382	117	107	132	98	112	6905	16400	0	1670	1642	6627	6620	2033	677
1383	1	383	117	107	132	98	112	6905	16400	0	1670	1642	6627	6620	2033	677
1384	1	384	117	107	132	98	112	6905	16400	0	1670	1642	6627	6620	2033	677
1385	1	385	117	107	132	98	112	6905	16400	0	1670	1642	6627	6620	2033	677
1386	1	386	117	107	132	98	112	6905	16400	0	1670	1642	6627	6620	2033	677
1387	1	387	117	107	132	98	112	6905	16400	0	1670	1642	6627	6620	2033	677
1388	1	388	117	107	132	98	112	6905	16400	0	1670	1642	6627	6620	2033	677
1389	1	389	117	107	132	98	112	6905	16400	0	1670	1642	6627	6620	2033	677
1390	1	390	117	107	132	98	112	6905	16400	0	1670	1642	6627	6620	2033	677
1391	1	391	117	107	132	98	112	6905	16400	0	1670	1642	6627	6620	2033	677
1392	1	392	117	107	132	98	112	6905	16400	0	1670	1642	6627	6620	2033	677
1393	1	393	117	107	132	98	112	6905	16400	0	1670	1642	6627	6620	2033	677
1394	1	394	117	107	132	98	112	6905	16400	0	1670	1642	6627	6620	2033	677
1395	1	395	117	107	132	98	112	6905	16400	0	1670	1642	6627	6620	2033	677
1396	1	396	117	107	132	98	112	6905	16400	0	1670	1642	6627	6620	2033	677
1397	1	397	117	107	132	98	112	6905	16400	0	1670	1642	6627	6620	2033	677
1398	1	398	117	107	132	98	112	6905	16400	0	1670	1642	6627	6620	2033	677
1399	1	399	117	107	132	98	112	6905	16400	0	1670	1642	6627	6620	2033	677
1400	1	400	117	107	132	98	112	6905	16400	0	1670	1642	6627	6620	2033	677
1401	1	401	117	107	132	98	112	6905	16400	0	1670	1642	6627	6620	2033	677
1402	1	402	117	107	132	98	112	6905	16400	0	1670	1642	6627	6620	2033	677
1403	1	403	117	107	132	98	112	6905	16400	0	1670	1642	6627	6620	2033	677
1404	1	404	117	107	132	98	112	6905	16400	0	1670	1642	6627	6620	2033	677
1405	1	405	117	107	132	98	112	6905	16400	0	1670	1642	6627	6620	2033	677
1406	1	406	117	107	132	98	112	6905	16400	0	1670	1642	6627	6620	2033	677
1407	1	407	117	107	132	98	112	6905	16400	0	1670	1642	6627	6620	2033	677
1408	1	408	117	107	132	98	112	6905	16400	0	1670	1642	6627	6620	2033	677
1409	1	409	117	107	132	98	112	6905	16400	0	1670	1642	6627	6620	2033	677
1410	1	410	117	107	132	98	112	6905	16400	0	1670	1642	6627	6620	2033	677
1411	1	411	117	107	132	98	112	6905	16400	0	1670	1642	6627	6620	2033	677
1412	1	412	117	107	132	98	112	6905	16400	0	1670	1642	6627	6620	2033	677
1413	1	413	117	107	132	98	112	6905	16400	0	1670	1642	6627	6620	2033	677
1414	1	414	117	107	132	98	112	6905	16400	0	1670	1642	6627	6620	2033	677
1415	1	415	117	107	132	98	112	6905	16400	0	1670	1642	6627	6620	2033	677
1416	1	416	117	107	132	98	112	6905	16400	0	1670	1642	6627	6620	2033	677
1417	1	417	117	107	132	98	112	6905	16400	0	1670	1642	6627	6620	2033	677
1418	1	418	117	107	132	98	112	6905	16400	0	1670	1642	6627	6620	2033	677
1419	1	419	117	107	132	98	112	6905	16400	0	1670	1642	6627	6620	2033	677
1420	1	420	117	107	132	98	112	6905	16400	0	1670	1642	6627	6620	2033	677
1421	1	421	117	107	132	98	112	6905	16400	0	1670	1642	6627	6620	2033	677
1422	1	422	117	107	132	98	112	6905	16400	0	1670	1642	6627	6620	2033	677
1423	1	423	117	107	132	98	112	6905	16400	0	1670	1642	6627	6620	2033	677
1424	1	424	117	107	132	98	112	6905	16400	0	1670	1642	6627	6620	2033	677
1425	1	425	117	107	132	98	112	6905	16400	0	1670	1642	6627	6620	2033	677
1426	1	426	117	107	132	98	112	6905	16400	0	1670	1642	6627	6620	2033	677
1427	1	427	117	107	132	98	112	6905	16400	0	1670	1642	6627	6620	2033	677
1428	1	428	117	107	132	98	112	6905	16400	0	1670	1642	6627	6620	2033	677
1429	1	429	117	107	132	98	112	6905	16400	0	1670	1642	6627	6620	2033	677
1430	1	430	117	107	132	98	112	6905	16400	0	1670	1642	6627	6620	2033	677
1431	1	431	117	107	132	98	112	6905	16400	0	1670	1642	6627	6620	2033	677
1432	1	432	117	107	132	98	112	6905	16400	0	1670	1642	6627	6620	2033	677
1433	1	433	117	107	132	98	112	6905	16400	0	1670	1642	6627	6620	2033	677
1434	1	434	117	107	132	98	112	6905	16400	0	1670	1642	6627	6620	2033	677
1435	1	435	117	107	132	98	112	6905	16400	0	1670	1642	6627	6620	2033	677
1436	1	436	117	107	132	98	112	6905	16400	0	1670	1642	6627	6620	2033	677
1437	1	437	117	107	132	98	112	6905	16400	0	1670	1642	6627	6620	2033	677
1438	1	438	117	107	132	98	112	6905	16400	0	1670	1642	6627	6620	2033	677
1439	1	439	117	107	132	98	112	6905	16400	0	1670	1642	6627	6620	2033	677
1440	1	440	117	107	132	98	112	6905	16400	0	1670	1642	6627	6620	2033	677
1441	1	441	117	107	132	98	112	6905	16400	0	1670	1642	6627	6620	2033	677
1442	1	442	117	107	132	98	112	6905	16400	0	1670	1642	6627	6620	2033	677
1443	1	443	117	107	132	98	112	6905	16400	0	1670	1642	6627	6620	2033	677
1444	1	444	117	107	132	98	112	6905	16400	0	1670	1642	6627	6620	2033	677
1445	1	445	117	107	132	98	112	6905	16400	0	1670	1642	6627	6620	2033	677
1446	1	446	117	107	132	98	112	6905	16400	0	1670	1642	6627	6620	2033	677
1447	1	447	117	107	132	98	112	6905	16400	0	1670	1642	6627	6620	2033	677
1448	1	448	117	107	132	98	112	6905	16400	0	1670	1642	6627	6620	2033	677
1449	1	449	117	107	132	98	112	6905	16400	0	1670	1642	6627	6620	2033	677
1450	1	450	117	107	132	98	112	6905	16400	0	1670	1642	6627	6620	2033	677
1451	1	451	117	107	132	98	112	6905	16400	0	1670	1642	6627	6620	2033	677
1452	1	452	117	107	132	98	112	6905	16400	0	1670	1642	6627	6620	2033	677
1453	1	453	117	107	132	98	112	6905	16400	0	1670	1642	6627	6620	2033	677
1454	1	454	117	107	132	98	112	6905	16400	0	1670	1642	6627	6620	2033	677
1455	1	455	117	107	132	98	112	6905	16400	0	1670	1642	6627	6620	2033	677
1456	1	456	117	107	132	98	112	6905	16400	0	1670	1642	6627	6620	2033	677
1457	1	457	117	107	132	98	112	6905	16400	0	1670	1642	6627	6620	2033	677
1458	1	458	117	107	132	98	112	6905	16400	0	1670	1642	6627	6620	2033	677
1459	1	459	117	107	132	98	112	6905	16400	0	1670	1642	6627	6620	2033	677
1460	1	460	117	107	132	98	112	6905	16400	0	1670	1642	6627	6620	2033	677
1461	1	461	117	107	132	98	112	6905	16400	0	1670	1642	6627	6620	2033	677
1462	1	462	117	107	132	98	112	6905	16400	0	1670	1642	6627	6620	2033	677
1463	1	463	117	107	132	98	112	6905	16400	0	1670	1642	6627	6620	2033	677
1464	1	464	117	107	132	98	112	6905	16400	0	1670	1642	6627	6620	2033	677
1465	1	465	117	107	132	98	112	6905	16400	0	1670	1642	6627	6620	2033	677
1466	1	466	117	107	132	98	112	6905	16400	0	1670	1642	6627	6620	2033	677
1467	1	467	117	107	132	98	112	6905	16400	0	1670	1642	6627	6620	2033	677
1468	1	468	117	107	132	98	112	6905	16400	0	1670	1642	6627	6620	2033	677
1469	1	469	117	107	132	98	112	6905	16400	0	1670	1642	6627	6620	2033	677
1470	1	470	117	107	132	98	112	6905	16400	0	1670	1642	6627	6620	2033	677
1471	1	471	117	107	132	98	112	6905	16400	0	1670	1642	6627	6620	2033	677
1472	1	472	117	107	132	98	112	6905	16400	0	1670	1642	6627	6620	2033	677
1473	1	473	117	107	132	98	112	6905	16400	0	1670	1642	6627	6620	2033	677
1474	1	474	117	107	132	98	112	6905	16400	0	1670	1642	6627	6620	2033	677
1475	1	475	117	107	132	98	112	6905	16400	0	1670	1642	6627	6620	2033	677
1476	1	476	117	107	132	98	112	6905	16400	0	1670	1642	6627	6620	2033	677
1477	1	477	117	107	132	98	112	6905	16400	0	1670	1642	6627	6620	2033	677
1478	1	478	117	107	132	98	112	6905	16400	0	1670	1642	6627	6620	2033	677
1479	1	479	117	107	132	98	112	6905	16400	0	1670	1642	6627	6620	2033	677
1480	1	480	117	107	132	98	112	6905	16400	0	1670	1642	6627	6620	2033	677
1481	1	481	117	107	132	98	112	6905	16400	0	1670	1642	6627	6620	2033	677
1482	1	482	117	107	132	98	112	6905	16400	0	1670	1642	6627	6620	2033	677
1483	1	483	117	107	132	98	112	6905	16400	0	1670	1642	6627	6620	2033	677
1484	1	484	117	107	132	98	112	6905	16400	0	1670	1642	6627	6620	2033	677
1485	1	485	117	107	132	98	112	6905	16400	0	1670	1642	6627	6620	2033	677
1486	1	486	117	107	132	98	112	6905	16400	0	1670	1642	6627	6620	2033	677
1487	1	487	117	107	132	98	112	6905	16400	0	1670	1642	6627	6620	2033	677
1488	1	488	117	107	132	98	112	6905	16400	0	1670	1642	6627	6620	2033	677
1489	1	489	117	107	132	98	112	6905	16400	0	1670	1642	6627	6620	2033	677
1490	1	490	117	107	132	98	112	6905	16400	0	1670	1642	6627	6620	2033	677
1491	1	491	117	107	132	98	112	6905	16400	0	1670	1642	6627	6620	2033	677
1492	1	492	117	107	132	98	112	6905	16400	0	1670	1642	6627	6620	2033	677
1493	1	493	117	107	132	98	112	6905	16400	0	1670	1642	6627	6620	2033	677
1494	1	494	117	107	132	98	112	6905	16400	0	1670	1642	6627	6620	2033	677
1495	1	495	117	107	132	98	112	6905	16400	0	1670	1642	6627	6620	2033	677
1496	1	496	117	107	132	98	112	6905	16400	0	1670	1642	6627	6620	2033	677
1497	1	497	117	107	132	98	112	6905	16400	0	1670	1642	6627	6620	2033	677
1498	1	498	117	107	132	98	112	6905	16400	0	1670	1642	6627	6620	2033	677
1499	1	499	117	107	132	98	112	6905	16400	0	1670	1642	6627	6620	2033	677
1500	1	500	117	107	132	98	112	6905	16400	0	1670	1642	6627	6620	2033	677
1501	1	501	117	107	132	98	112	6905	16400	0	1670	1642	6627	6620	2033	677
1502	1	502	117	107	132	98	112	6905	16400	0	1670	1642	6627	6620	2033	677
1503	1	503	117	107	132	98	112	6905	16400	0	1670	1642	6627	6620	2033	677
1504	1	504	117	107	132	98	112	6905	16400	0	1670	1642	6627	6620	2033	677
1505	1	505	117	107	132	98	112	6905	16400	0	1670	1642	6627	6620	2033	677
1506	1	506	117	107	132	98	112	6905	16400	0	1670	1642	6627	6620	2033	677
1507	1	507	117	107	132	98	112	6905	16400	0	1670	1642	6627	6620	2033	677
1508	1	508	117	107	132	98	112	6905	16400	0	1670	1642	6627	6620	2033	677
1509	1	509	117	107	132	98	112	6905	16400	0	1670	1642	6627	6620	2033	677
1510	1	510	117	107	132	98	112	6905	16400	0	1670	1642	6627	6620	2033	677
1511	1	511	117	107	132	98	112	6905	16400	0	1670	1642	6627	6620	2033	677
1512	1	512	117	107	132	98	112	6905	16400	0	1670	1642	6627	6620	2033	677
1513	1	513	117	107	132	98	112	6905	16400	0	1670	1642	6627	6620	2033	677
1514	1	514	117	107	132	98	112	6905	16400	0	1670	1642	6627	6620	2033	677
1515	1	515	117	107	132	98	112	6905	16400	0	1670	1642	6627	6620	2033	677
1516	1	516	117	107	132	98	112	6905	16400	0	1670	1642	6627	6620	2033	677
1517	1	517	117	107	132	98	112	6905	16400	0	1670	1642	6627	6620	2033	677
1518	1	518	117	107	132	98	112	6905	16400	0	1670	1642	6627	6620	2033	677
1519	1	519	117	107	132	98	112	6905	16400	0	1670	1642	6627	6620	2033	677
1520	1	520	117	107	132	98	112	6905	16400	0	1670	1642	6627	6620	2033	677
1521	1	521	117	107	132	98	112	6905	16400	0	1670	1642	6627	6620	2033	677
1522	1	522	117	107	132	98	112	6905	16400	0	1670	1642	6627	6620	2033	677
1523	1	523	117	107	132	98	112	6905	16400	0	1670	1642	6627	6620	2033	677
1524	1	524	117	107	132	98	112	6905	16400	0	1670	1642	6627	6620	2033	677
1525	1	525	117	107	132	98	112	6905	16400	0	1670	1642	6627	6620	2033	677
1526	1	526	117	107	132	98	112	6905	16400	0	1670	1642	6627	6620	2033	677
1527	1	527	117	107	132	98	112	6905	16400	0	1670	1642	6627	6620	2033	677
1528	1	528	117	107	132	98	112	6905	16400	0	1670	1642	6627	6620	2033	677
1529	1	529	117	107	132	98	112	6905	16400	0	1670	1642	6627	6620	2033	677
1530	1	530	117	107	132	98	112	6905	16400	0	1670	1642	6627	6620	2033	677
1531	1	531	117	107	132	98	112	6905	16400	0	1670	1642	6627	6620	2033	677
1532	1	532	117	107	132	98	112	6905	16400	0	1670	1642	6627	6620	2033	677
1533	1	533	117	107	132	98	112	6905	16400	0	1670	1642	6627	6620	2033	677
1534	1	534	117	107	132	98	112	6905	16400	0	1670	1642	6627	6620	2033	677
1535	1	535	117	107	132	98	112	6905	16400	0	1670	1642	6627	6620	2033	677
1536	1	536	117	107	132	98	112	6905	16400	0	1670	1642	6627	6620	2033	677
1537	1	537	117	107	132	98	112	6905	16400	0	1670	1642	6627	6620	2033	677
1538	1	538	117	107	132	98	112	6905	16400	0	1670	1642	6627	6620	2033	677
1539	1	539	117	107	132	98	112	6905	16400	0	1670	1642	6627	6620	2033	677
1540	1	540	117	107	132	98	112	6905	16400	0	1670	1642	6627	6620	2033	677
1541	1	541	117	107	132	98	112	6905	16400	0	1670	1642	6627	6620	2033	677
1542	1	542	117	107	132	98	112	6905	16400	0	1670	1642	6627	6620	2033	677
1543	1	543	117	107	132	98	112	6905	16400	0	1670	1642	6627	6620	2033	677
1544	1	544	117	107	132	98	112	6905	16400	0	1670	1642	6627	6620	2033	677
1545	1	545	117	107	132	98	112	6905	16400	0	1670	1642	6627	6620	2033	677
1546	1	546	117	107	132	98	112	6905	16400	0	1670	1642	6627	6620	2033	677
1547	1	547	117	107	132	98	112	6905	16400	0	1670	1642	6627	6620	2033	677
1548	1	548	117	107	132	98	112	6905	16400	0	1670	1642	6627	6620	2033	677
1549	1	549	117	107	132	98	112	6905	16400	0	1670	1642	6627	6620	2033	677
1550	1	550	117	107	132	98	112	6905	16400	0	1670	1642	6627	6620	2033	677
1551	1	551	117	107	132	98	112	6905	16400	0	1670	1642	6627	6620	2033	677
1552	1	552	117	107	132	98	112	6905	16400	0	1670	1642	6627	6620	2033	677
1553	1	553	117	107	132	98	112	6905	16400	0	1670	1642	6627	6620	2033	677
1554	1	554	117	107	132	98	112	6905	16400	0	1670	1642	6627	6620	2033	677
1555	1	555	117	107	132	98	112	6905	16400	0	1670	1642	6627	6620	2033	677
1556	1	556	117	107	132	98	112	6905	16400	0	1670	1642	6627	6620	2033	677
1557	1	557	117	107	132	98	112	6905	16400	0	1670	1642	6627	6620	2033	677
1558	1	558	117	107	132	98	112	6905	16400	0	1670	1642	6627	6620	2033	677
1559	1	559	117	107	132	98	112	6905	16400	0	1670	1642	6627	6620	2033	677
1560	1	560	117	107	132	98	112	6905	16400	0	1670	1642	6627	6620	2033	677
1561	1	561	117	107	132	98	112	6905	16400	0	1670	1642	6627	6620	2033	677
1562	1	562	117	107	132	98	112	6905	16400	0	1670	1642	6627	6620	2033	677
1563	1	563	117	107	132	98	112	6905	16400	0	1670	1642	6627	6620	2033	677
1564	1	564	117	107	132	98	112	6905	16400	0	1670	1642	6627	6620	2033	677
1565	1	565	117	107	132	98	112	6905	16400	0	1670	1642	6627	6620	2033	677
1566	1	566	117	107	132	98	112	6905	16400	0	1670	1642	6627	6620	2033	677
1567	1	567	117	107	132	98	112	6905	16400	0	1670	1642	6627	6620	2033	677
1568	1	568	117	107	132	98	112	6905	16400	0	1670	1642	6627	6620	2033	677
1569	1	569	117	107	132	98	112	6905	16400	0	1670	1642	6627	6620	2033	677
1570	1	570	117	107	132	98	112	6905	16400	0	1670	1642	6627	6620	2033	677
1571	1	571	117	107	132	98	112	6905	16400	0	1670	1642	6627	6620	2033	677
1572	1	572	117	107	132	98	112	6905	16400	0	1670	1642	6627	6620	2033	677
1573	1	573	117	107	132	98	112	6905	16400	0	1670	1642	6627	6620	2033	677
1574	1	574	117	107	132	98	112	6905	16400	0	1670	1642	6627	6620	2033	677
1575	1	575	117	107	132	98	112	6905	16400	0	1670	1642	6627	6620	2033	677
1576	1	576	117	107	132	98	112	6905	16400	0	1670	1642	6627	6620	2033	677
1577	1	577	117	107	132	98	112	6905	16400	0	1670	1642	6627	6620	2033	677
1578	1	578	117	107	132	98	112	6905	16400	0	1670	1642	6627	6620	2033	677
1579	1	579	117	107	132	98	112	6905	16400	0	1670	1642	6627	6620	2033	677
1580	1	580	117	107	132	98	112	6905	16400	0	1670	1642	6627	6620	2033	677
1581	1	581	117	107	132	98	112	6905	16400	0	1670	1642	6627	6620	2033	677
1582	1	582	117	107	132	98	112	6905	16400	0	1670	1642	6627	6620	2033	677
1583	1	583	117	107	132	98	112	6905	16400	0	1670	1642	6627	6620	2033	677
1584	1	584	117	107	132	98	112	6905	16400	0	1670	1642	6627	6620	2033	677
1585	1	585	117	107	132	98	112	6905	16400	0	1670	1642	6627	6620	2033	677
1586	1	586	117	107	132	98	112	6905	16400	0	1670	1642	6627	6620	2033	677
1587	1	587	117	107	132	98	112	6905	16400	0	1670	1642	6627	6620	2033	677
1588	1	588	117	107	132	98	112	6905	16400	0	1670	1642	6627	6620	2033	677
1589	1	589	117	107	132	98	112	6905	16400	0	1670	1642	6627	6620	2033	677
1590	1	590	117	107	132	98	112	6905	16400	0	1670	1642	6627	6620	2033	677
1591	1	591	117	107	132	98	112	6905	16400	0	1670	1642	6627	6620	2033	677
1592	1	592	117	107	132	98	112	6905	16400	0	1670	1642	6627	6620	2033	677
1593	1	593	117	107	132	98	112	6905	16400	0	1670	1642	6627	6620	2033	677
1594	1	594	117	107	132	98	112	6905	16400	0	1670	1642	6627	6620	2033	677
1595	1	595	117	107	132	98	112	6905	16400	0	1670	1642	6627	6620	2033	677
1596	1	596	117	107	132	98	112	6905	16400	0	1670	1642	6627	6620	2033	677
1597	1	597	117	107	132	98	112	6905	16400	0	1670	1642	6627	6620	2033	677
1598	1	598	117	107	132	98	112	6905	16400	0	1670	1642	6627	6620	2033	677
1599	1	599	117	107	132	98	112	6905	16400	0	1670	1642	6627	6620	2033	677
1600	1	600	117	107	132	98	112	6905	16400	0	1670	1642	6627	6620	2033	677
1601	1	601	117	107	132	98	112	6905	16400	0	1670	1642	6627	6620	2033	677
1602	1	602	117	107	132	98	112	6905	16400	0	1670	1642	6627	6620	2033	677
1603	1	603	117	107	132	98	112	6905	16400	0	1670	1642	6627	6620	2033	677
1604	1	604	117	107	132	98	112	6905	16400	0	1670	1642	6627	6620	2033	677
1605	1	605	117	107	132	98	112	6905	16400	0	1670	1642	6627	6620	2033	677
1606	1	606	117	107	132	98	112	6905	16400	0	1670	1642	6627	6620	2033	677
1607	1	607	117	107	132	98	112	6905	16400	0	1670	1642	6627	6620	2033	677
1608	1	608	117	107	132	98	112	6905	16400	0	1670	1642	6627	6620	2033	677
1609	1	609	117	107	132	98	112	6905	16400	0	1670	1642	6627	6620	2033	677
1610	1	610	117	107	132	98	112	6905	16400	0	1670	1642	6627	6620	2033	677
1611	1	611	117	107	132	98	112	6905	16400	0	1670	1642	6627	6620	2033	677
1612	1	612	117	107	132	98	112	6905	16400	0	1670	1642	6627	6620	2033	677
1613	1	613	117	107	132	98	112	6905	16400	0	1670	1642	6627	6620	2033	677
1614	1	614	117	107	132	98	112	6905	16400	0	1670	1642	6627	6620	2033	677
1615	1	615	117	107	132	98	112	6905	16400	0	1670	1642	6627	6620	2033	677
1616	1	616	117	107	132	98	112	6905	16400	0	1670	1642	6627	6620	2033	677
1617	1	617	117	107	132	98	112	6905	16400	0	1670	1642	6627	6620	2033	677
1618	1	618	117	107	132	98	112	6905	16400	0	1670	1642	6627	6620	2033	677
1619	1	619	117	107	132	98	112	6905	16400	0	1670	1642	6627	6620	2033	677
1620	1	620	117	107	132	98	112	6905	16400	0	1670	1642	6627	6620	2033	677
1621	1	621	117	107	132	98	112	6905	16400	0	1670	1642	6627	6620	2033	677
1622	1	622	117	107	132	98	112	6905	16400	0	1670	1642	6627	6620	2033	677
1623	1	623	117	107	132	98	112	6905	16400	0	1670	1642	6627	6620	2033	677
1624	1	624	117	107	132	98	112	6905	16400	0	1670	1642	6627	6620	2033	677
1625	1	625	117	107	132	98	112	6905	16400	0	1670	1642	6627	6620	2033	677
1626	1	626	117	107	132	98	112	6905	16400	0	1670	1642	6627	6620	2033	677
1627	1	627	117	107	132	98	112	6905	16400	0	1670	1642	6627	6620	2033	677
1628	1	628	117	107	132	98	112	6905	16400	0	1670	1642	6627	6620	2033	677
1629	1	629	117	107	132	98	112	6905	16400	0	1670	1642	6627	6620	2033	677
1630	1	630	117	107	132	98	112	6905	16400	0	1670	1642	6627	6620	2033	677
1631	1	631	117	107	132	98	112	6905	16400	0	1670	1642	6627	6620	2033	677
1632	1	632	117	107	132	98	112	6905	16400	0	1670	1642	6627	6620	2033	677
1633	1	633	117	107	132	98	112	6905	16400	0	1670	1642	6627	6620	2033	677
1634	1	634	117	107	132	98	112	6905	16400	0	1670	1642	6627	6620	2033	677
1635	1	635	117	107	132	98	112	6905	16400	0	1670	1642	6627	6620	2033	677
1636	1	636	117	107	132	98	112	6905	16400	0	1670	1642	6627	6620	2033	677
1637	1	637	117	107	132	98	112	6905	16400	0	1670	1642	6627	6620	2033	677
1638	1	638	117	107	132	98	112	6905	16400	0	1670	1642	6627	6620	2033	677
1639	1	639	117	107	132	98	112	6905	16400	0	1670	1642	6627	6620	2033	677
1640	1	640	117	107	132	98	112	6905	16400	0	1670	1642	6627	6620	2033	677
1641	1	641	117	107	132	98	112	6905	16400	0	1670	1642	6627	6620	2033	677
1642	1	642	117	107	132	98	112	6905	16400	0	1670	1642	6627	6620	2033	677
1643	1	643	117	107	132	98	112	6905	16400	0	1670	1642	6627	6620	2033	677
1644	1	644	117	107	132	98	112	6905	16400	0	1670	1642	6627	6620	2033	677
1645	1	645	117	107	132	98	112	6905	16400	0	1670	1642	6627	6620	2033	677
1646	1	646	117	107	132	98	112	6905	16400	0	1670	1642	6627	6620	2033	677
1647	1	647	117	107	132	98	112	6905	16400	0	1670	1642	6627	6620	2033	677
1648	1	648	117	107	132	98	112	6905	16400	0	1670	1642	6627	6620	2033	677
1649	1	649	117	107	132	98	112	6905	16400	0	1670	1642	6627	6620	2033	677
1650	1	650	117	107	132	98	112	6905	16400	0	1670	1642	6627	6620	2033	677
1651	1	651	117	107	132	98	112	6905	16400	0	1670	1642	6627	6620	2033	677
1652	1	652	117	107	132	98	112	6905	16400	0	1670	1642	6627	6620	2033	677
1653	1	653	117	107	132	98	112	6905	16400	0	1670	1642	6627	6620	2033	677
1654	1	654	117	107	132	98	112	6905	16400	0	1670	1642	6627	6620	2033	677
1655	1	655	117	107	132	98	112	6905	16400	0	1670	1642	6627	6620	2033	677
1656	1	656	117	107	132	98	112	6905	16400	0	1670	1642	6627	6620	2033	677
1657	1	657	117	107	132	98	112	6905	16400	0	1670	1642	6627	6620	2033	677
1658	1	658	117	107	132	98	112	6905	16400	0	1670	1642	6627	6620	2033	677
1659	1	659	117	107	132	98	112	6905	16400	0	1670	1642	6627	6620	2033	677
1660	1	660	117	107	132	98	112	6905	16400	0	1670	1642	6627	6620	2033	677
1661	1	661	117	107	132	98	112	6905	16400	0	1670	1642	6627	6620	2033	677
1662	1	662	117	107	132	98	112	6905	16400	0	1670	1642	6627	6620	2033	677
1663	1	663	117	107	132	98	112	6905	16400	0	1670	1642	6627	6620	2033	677
1664	1	664	117	107	132	98	112	6905	16400	0	1670	1642	6627	6620	2033	677
1665	1	665	117	107	132	98	112	6905	16400	0	1670	1642	6627	6620	2033	677
1666	1	666	117	107	132	98	112	6905	16400	0	1670	1642	6627	6620	2033	677
1667	1	667	117	107	132	98	112	6905	16400	0	1670	1642	6627	6620	2033	677
1668	1	668	117	107	132	98	112	6905	16400	0	1670	1642	6627	6620	2033	677
1669	1	669	117	107	132	98	112	6905	16400	0	1670	1642	6627	6620	2033	677
1670	1	670	117	107	132	98	112	6905	16400	0	1670	1642	6627	6620	2033	677
1671	1	671	117	107	132	98	112	6905	16400	0	1670	1642	6627	6620	2033	677
1672	1	672	117	107	132	98	112	6905	16400	0	1670	1642	6627	6620	2033	677
1673	1	673	117	107	132	98	112	6905	16400	0	1670	1642	6627	6620	2033	677
1674	1	674	117	107	132	98	112	6905	16400	0	1670	1642	6627	6620	2033	677
1675	1	675	117	107	132	98	112	6905	16400	0	1670	1642	6627	6620	2033	677
1676	1	676	117	107	132	98	112	6905	16400	0	1670	1642	6627	6620	2033	677
1677	1	677	117	107	132	98	112	6905	16400	0	1670	1642	6627	6620	2033	677
1678	1	678	117	107	132	98	112	6905	16400	0	1670	1642	6627	6620	2033	677
1679	1	679	117	107	132	98	112	6905	16400	0	1670	1642	6627	6620	2033	677
1680	1	680	117	107	132	98	112	6905	16400	0	1670	1642	6627	6620	2033	677
1681	1	681	117	107	132	98	112	6905	16400	0	1670	1642	6627	6620	2033	677
1682	1	682	117	107	132	98	112	6905	16400	0	1670	1642	6627	6620	2033	677
1683	1	683	117	107	132	98	112	6905	16400	0	1670	1642	6627	6620	2033	677
1684	1	684	117	107	132	98	112	6905	16400	0	1670	1642	6627	6620	2033	677
1685	1	685	117	107	132	98	112	6905	16400	0	1670	1642	6627	6620	2033	677
1686	1	686	117	107	132	98	112	6905	16400	0	1670	1642	6627	6620	2033	677
1687	1	687	117	107	132	98	112	6905	16400	0	1670	1642	6627	6620	2033	677
1688	1	688	117	107	132	98	112	6905	16400	0	1670	1642	6627	6620	2033	677
1689	1	689	117	107	132	98	112	6905	16400	0	1670	1642	6627	6620	2033	677
1690	1	690	117	107	132	98	112	6905	16400	0	1670	1642	6627	6620	2033	677
1691	1	691	117	107	132	98	112	6905	16400	0	1670	1642	6627	6620	2033	677
1692	1	692	117	107	132	98	112	6905	16400	0	1670	1642	6627	6620	2033	677
1693	1	693	117	107	132	98	112	6905	16400	0	1670	1642	6627	6620	2033	677
1694	1	694	117	107	132	98	112	6905	16400	0	1670	1642	6627	6620	2033	677
1695	1	695	117	107	132	98	112	6905	16400	0	1670	1642	6627	6620	2033	677
1696	1	696	117	107	132	98	112	6905	16400	0	1670	1642	6627	6620	2033	677
1697	1	697	117	107	132	98	112	6905	16400	0	1670	1642	6627	6620	2033	677
1698	1	698	117	107	132	98	112	6905	16400	0	1670	1642	6627	6620	2033	677
1699	1	699	117	107	132	98	112	6905	16400	0	1670	1642	6627	6620	2033	677
1700	1	700	117	107	132	98	112	6905	16400	0	1670	1642	6627	6620	2033	677
1701	1	701	117	107	132	98	112	6905	16400	0	1670	1642	6627	6620	2033	677
1702	1	702	117	107	132	98	112	6905	16400	0	1670	1642	6627	6620	2033	677
1703	1	703	117	107	132	98	112	6905	16400	0	1670	1642	6627	6620	2033	677
1704	1	704	117	107	132	98	112	6905	16400	0	1670	1642	6627	6620	2033	677
1705	1	705	117	107	132	98	112	6905	16400	0	1670	1642	6627	6620	2033	677
1706	1	706	117	107	132	98	112	6905	16400	0	1670	1642	6627	6620	2033	677
1707	1	707	117	107	132	98	112	6905	16400	0	1670	1642	6627	6620	2033	677
1708	1	708	117	107	132	98	112	6905	16400	0	1670	1642	6627	6620	2033	677
1709	1	709	117	107	132	98	112	6905	16400	0	1670	1642	6627	6620	2033	677
1710	1	710	117	107	132	98	112	6905	16400	0	1670	1642	6627	6620	2033	677
1711	1	711	117	107	132	98	112	6905	16400	0	1670	1642	6627	6620	2033	677
1712	1	712	117	107	132	98	112	6905	16400	0	1670	1642	6627	6620	2033	677
1713	1	713	117	107	132	98	112	6905	16400	0	1670	1642	6627	6620	2033	677
1714	1	714	117	107	132	98	112	6905	16400	0	1670	1642	6627	6620	2033	677
1715	1	715	117	107	132	98	112	6905	16400	0	1670	1642	6627	6620	2033	677
1716	1	716	117	107	132	98	112	6905	16400	0	1670	1642	6627	6620	2033	677
1717	1	717	117	107	132	98	112	6905	16400	0	1670	1642	6627	6620	2033	677
1718	1	718	117	107	132	98	112	6905	16400	0	1670	1642	6627	6620	2033	677
1719	1	719	117	107	132	98	112	6905	16400	0	1670	1642	6627	6620	2033	677
1720	1	720	117	107	132	98	112	6905	16400	0	1670	1642	6627	6620	2033	677
1721	1	721	117	107	132	98	112	6905	16400	0	1670	1642	6627	6620	2033	677
1722	1	722	117	107	132	98	112	6905	16400	0	1670	1642	6627	6620	2033	677
1723	1	723	117	107	132	98	112	6905	16400	0	1670	1642	6627	6620	2033	677
1724	1	724	117	107	132	98	112	6905	16400	0	1670	1642	6627	6620	2033	677
1725	1	725	117	107	132	98	112	6905	16400	0	1670	1642	6627	6620	2033	677
1726	1	726	117	107	132	98	112	6905	16400	0	1670	1642	6627	6620	2033	677
1727	1	727	117	107	132	98	112	6905	16400	0	1670	1642	6627	6620	2033	677
1728	1	728	117	107	132	98	112	6905	16400	0	1670	1642	6627	6620	2033	677
1729	1	729	117	107	132	98	112	6905	16400	0	1670	1642	6627	6620	2033	677
1730	1	730	117	107	132	98	112	6905	16400	0	1670	1642	6627	6620	2033	677
1731	1	731	117	107	132	98	112	6905	16400	0	1670	1642	6627	6620	2033	677
1732	1	732	117	107	132	98	112	6905	16400	0	1670	1642	6627	6620	2033	677
1733	1	733	117	107	132	98	112	6905	16400	0	1670	1642	6627	6620	2033	677
1734	1	734	117	107	132	98	112	6905	16400	0	1670	1642	6627	6620	2033	677
1735	1	735	117	107	132	98	112	6905	16400	0	1670	1642	6627	6620	2033	677
1736	1	736	117	107	132	98	112	6905	16400	0	1670	1642	6627	6620	2033	677
1737	1	737	117	107	132	98	112	6905	16400	0	1670	1642	6627	6620	2033	677
1738	1	738	117	107	132	98	112	6905	16400	0	1670	1642	6627	6620	2033	677
1739	1	739	117	107	132	98	112	6905	16400	0	1670	1642	6627	6620	2033	677
1740	1	740	117	107	132	98	112	6905	16400	0	1670	1642	6627	6620	2033	677
1741	1	741	117	107	132	98	112	6905	16400	0	1670	1642	6627	6620	2033	677
1742	1	742	117	107	132	98	112	6905	16400	0	1670	1642	6627	6620	2033	677
1743	1	743	117	107	132	98	112	6905	16400	0	1670	1642	6627	6620	2033	677
1744	1	744	117	107	132	98	112	6905	16400	0	1670	1642	6627	6620	2033	677
1745	1	745	117	107	132	98	112	6905	16400	0	1670	1642	6627	6620	2033	677
1746	1	746	117	107	132	98	112	6905	16400	0	1670	1642	6627	6620	2033	677
1747	1	747	117	107	132	98	112	6905	16400	0	1670	1642	6627	6620	2033	677
1748	1	748	117	107	132	98	112	6905	16400	0	1670	1642	6627	6620	2033	677
1749	1	749	117	107	132	98	112	6905	16400	0	1670	1642	6627	6620	2033	677
1750	1	750	117	107	132	98	112	6905	16400	0	1670	1642	6627	6620	2033	677
1751	1	751	117	107	132	98	112	6905	16400	0	1670	1642	6627	6620	2033	677
1752	1	752	117	107	132	98	112	6905	16400	0	1670	1642	6627	6620	2033	677
1753	1	753	117	107	132	98	112	6905	16400	0	1670	1642	6627	6620	2033	677
1754	1	754	117	107	132	98	112	6905	16400	0	1670	1642	6627	6620	2033	677
1755	1	755	117	107	132	98	112	6905	16400	0	1670	1642	6627	6620	2033	677
1756	1	756	117	107	132	98	112	6905	16400	0	1670	1642	6627	6620	2033	677
1757	1	757	117	107	132	98	112	6905	16400	0	1670	1642	6627	6620	2033	677
1758	1	758	117	107	132	98	112	6905	16400	0	1670	1642	6627	6620	2033	677
1759	1	759	117	107	132	98	112	6905	16400	0	1670	1642	6627	6620	2033	677
1760	1	760	117	107	132	98	112	6905	16400	0	1670	1642	6627	6620	2033	677
1761	1	761	117	107	132	98	112	6905	16400	0	1670	1642	6627	6620	2033	677
1762	1	762	117	107	132	98	112	6905	16400	0	1670	1642	6627	6620	2033	677
1763	1	763	117	107	132	98	112	6905	16400	0	1670	1642	6627	6620	2033	677
1764	1	764	117	107	132	98	112	6905	16400	0	1670	1642	6627	6620	2033	677
1765	1	765	117	107	132	98	112	6905	16400	0	1670	1642	6627	6620	2033	677
1766	1	766	117	107	132	98	112	6905	16400	0	1670	1642	6627	6620	2033	677
1767	1	767	117	107	132	98	112	6905	16400	0	1670	1642	6627	6620	2033	677
1768	1	768	117	107	132	98	112	6905	16400	0	1670	1642	6627	6620	2033	677
1769	1	769	117	107	132	98	112	6905	16400	0	1670	1642	6627	6620	2033	677
1770	1	770	117	107	132	98	112	6905	16400	0	1670	1642	6627	6620	2033	677
1771	1	771	117	107	132	98	112	6905	16400	0	1670	1642	6627	6620	2033	677
1772	1	772	117	107	132	98	112	6905	16400	0	1670	1642	6627	6620	2033	677
1773	1	773	117	107	132	98	112	6905	16400	0	1670	1642	6627	6620	2033	677
1774	1	774	117	107	132	98	112	6905	16400	0	1670	1642	6627	6620	2033	677
1775	1	775	117	107	132	98	112	6905	16400	0	1670	1642	6627	6620	2033	677
1776	1	776	117	107	132	98	112	6905	16400	0	1670	1642	6627	6620	2033	677
1777	1	777	117	107	132	98	112	6905	16400	0	1670	1642	6627	6620	2033	677
1778	1	778	117	107	132	98	112	6905	16400	0	1670	1642	6627	6620	2033	677
1779	1	779	117	107	132	98	112	6905	16400	0	1670	1642	6627	6620	2033	677
1780	1	780	117	107	132	98	112	6905	16400	0	1670	1642	6627	6620	2033	677
1781	1	781	117	107	132	98	112	6905	16400	0	1670	1642	6627	6620	2033	677
1782	1	782	117	107	132	98	112	6905	16400	0	1670	1642	6627	6620	2033	677
1783	1	783	117	107	132	98	112	6905	16400	0	1670	1642	6627	6620	2033	677
1784	1	784	117	107	132	98	112	6905	16400	0	1670	1642	6627	6620	2033	677
1785	1	785	117	107	132	98	112	6905	16400	0	1670	1642	6627	6620	2033	677
1786	1	786	117	107	132	98	112	6905	16400	0	1670	1642	6627	6620	2033	677
1787	1	787	117	107	132	98	112	6905	16400	0	1670	1642	6627	6620	2033	677
1788	1	788	117	107	132	98	112	6905	16400	0	1670	1642	6627	6620	2033	677
1789	1	789	117	107	132	98	112	6905	16400	0	1670	1642	6627	6620	2033	677
1790	1	790	117	107	132	98	112	6905	16400	0	1670	1642	6627	6620	2033	677
1791	1	791	117	107	132	98	112	6905	16400	0	1670	1642	6627	6620	2033	677
1792	1	792	117	107	132	98	112	6905	16400	0	1670	1642	6627	6620	2033	677
1793	1	793	117	107	132	98	112	6905	16400	0	1670	1642	6627	6620	2033	677
1794	1	794	117	107	132	98	112	6905	16400	0	1670	1642	6627	6620	2033	677
1795	1	795	117	107	132	98	112	6905	16400	0	1670	1642	6627	6620	2033	677
1796	1	796	117	107	132	98	112	6905	16400	0	1670	1642	6627	6620	2033	677
1797	1	797	117	107	132	98	112	6905	16400	0	1670	1642	6627	6620	2033	677
1798	1	798	117	107	132	98	112	6905	16400	0	1670	1642	6627	6620	2033	677
1799	1	799	117	107	132	98	112	6905	16400	0	1670	1642	6627	6620	2033	677
1800	1	800	117	107	132	98	112	6905	16400	0	1670	1642	6627	6620	2033	677
1801	1	801	117	107	132	98	112	6905	16400	0	1670	1642	6627	6620	2033	677
1802	1	802	117	107	132	98	112	6905	16400	0	1670	1642	6627	6620	2033	677
1803	1	803	117	107	132	98	112	6905	16400	0	1670	1642	6627	6620	2033	677
1804	1	804	117	107	132	98	112	6905	16400	0	1670	1642	6627	6620	2033	677
1805	1	805	117	107	132	98	112	6905	16400	0	1670	1642	6627	6620	2033	677
1806	1	806	117	107	132	98	112	6905	16400	0	1670	1642	6627	6620	2033	677
1807	1	807	117	107	132	98	112	6905	16400	0	1670	1642	6627	6620	2033	677
1808	1	808	117	107	132	98	112	6905	16400	0	1670	1642	6627	6620	2033	677
1809	1	809	117	107	132	98	112	6905	16400	0	1670	1642	6627	6620	2033	677
1810	1	810	117	107	132	98	112	6905	16400	0	1670	1642	6627	6620	2033	677
1811	1	811	117	107	132	98	112	6905	16400	0	1670	1642	6627	6620	2033	677
1812	1	812	117	107	132	98	112	6905	16400	0	1670	1642	6627	6620	2033	677
1813	1	813	117	107	132	98	112	6905	16400	0	1670	1642	6627	6620	2033	677
1814	1	814	117	107	132	98	112	6905	16400	0	1670	1642	6627	6620	2033	677
1815	1	815	117	107	132	98	112	6905	16400	0	1670	1642	6627	6620	2033	677
1816	1	816	117	107	132	98	112	6905	16400	0	1670	1642	6627	6620	2033	677
1817	1	817	117	107	132	98	112	6905	16400	0	1670	1642	6627	6620	2033	677
1818	1	818	117	107	132	98	112	6905	16400	0	1670	1642	6627	6620	2033	677
1819	1	819	117	107	132	98	112	6905	16400	0	1670	1642	6627	6620	2033	677
1820	1	820	117	107	132	98	112	6905	16400	0	1670	1642	6627	6620	2033	677
1821	1	821	117	107	132	98	112	6905	16400	0	1670	1642	6627	6620	2033	677
1822	1	822	117	107	132	98	112	6905	16400	0	1670	1642	6627	6620	2033	677
1823	1	823	117	107	132	98	112	6905	16400	0	1670	1642	6627	6620	2033	677
1824	1	824	117	107	132	98	112	6905	16400	0	1670	1642	6627	6620	2033	677
1825	1	825	117	107	132	98	112	6905	16400	0	1670	1642	6627	6620	2033	677
1826	1	826	117	107	132	98	112	6905	16400	0	1670	1642	6627	6620	2033	677
1827	1	827	117	107	132	98	112	6905	16400	0	1670	1642	6627	6620	2033	677
1828	1	828	117	107	132	98	112	6905	16400	0	1670	1642	6627	6620	2033	677
1829	1	829	117	107	132	98	112	6905	16400	0	1670	1642	6627	6620	2033	677
1830	1	830	117	107	132	98	112	6905	16400	0	1670	1642	6627	6620	2033	677
1831	1	831	117	107	132	98	112	6905	16400	0	1670	1642	6627	6620	2033	677
1832	1	832	117	107	132	98	112	6905	16400	0	1670	1642	6627	6620	2033	677
1833	1	833	117	107	132	98	112	6905	16400	0	1670	1642	6627	6620	2033	677
1834	1	834	117	107	132	98	112	6905	16400	0	1670	1642	6627	6620	2033	677
1835	1	835	117	107	132	98	112	6905	16400	0	1670	1642	6627	6620	2033	677
1836	1	836	117	107	132	98	112	6905	16400	0	1670	1642	6627	6620	2033	677
1837	1	837	117	107	132	98	112	6905	16400	0	1670	1642	6627	6620	2033	677
1838	1	838	117	107	132	98	112	6905	16400	0	1670	1642	6627	6620	2033	677
1839	1	839	117	107	132	98	112	6905	16400	0	1670	1642	6627	6620	2033	677
1840	1	840	117	107	132	98	112	6905	16400	0	1670	1642	6627	6620	2033	677
1841	1	841	117	107	132	98	112	6905	16400	0	1670	1642	6627	6620	2033	677
1842	1	842	117	107	132	98	112	6905	16400	0	1670	1642	6627	6620	2033	677
1843	1	843	117	107	132	98	112	6905	16400	0	1670	1642	6627	6620	2033	677
1844	1	844	117	107	132	98	112	6905	16400	0	1670	1642	6627	6620	2033	677
1845	1	845	117	107	132	98	112	6905	16400	0	1670	1642	6627	6620	2033	677
1846	1	846	117	107	132	98	112	6905	16400	0	1670	1642	6627	6620	2033	677
1847	1	847	117	107	132	98	112	6905	16400	0	1670	1642	6627	6620	2033	677
1848	1	848	117	107	132	98	112	6905	16400	0	1670	1642	6627	6620	2033	677
1849	1	849	117	107	132	98	112	6905	16400	0	1670	1642	6627	6620	2033	677
1850	1	850	117	107	132	98	112	6905	16400	0	1670	1642	6627	6620	2033	677
1851	1	851	117	107	132	98	112	6905	16400	0	1670	1642	6627	6620	2033	677
1852	1	852	117	107	132	98	112	6905	16400	0	1670	1642	6627	6620	2033	677
1853	1	853	117	107	132	98	112	6905	16400	0	1670	1642	6627	6620	2033	677
1854	1	854	117	107	132	98	112	6905	16400	0	1670	1642	6627	6620	2033	677
1855	1	855	117	107	132	98	112	6905	16400	0	1670	1642	6627	6620	2033	677
1856	1	856	117	107	132	98	112	6905	16400	0	1670	1642	6627	6620	2033	677
1857	1	857	117	107	132	98	112	6905	16400	0	1670	1642	6627	6620	2033	677
1858	1	858	117	107	132	98	112	6905	16400	0	1670	1642	6627	6620	2033	677
1859	1	859	117	107	132	98	112	6905	16400	0	1670	1642	6627	6620	2033	677
1860	1	860	117	107	132	98	112	6905	16400	0	1670	1642	6627	6620	2033	677
1861	1	861	117	107	132	98	112	6905	16400	0	1670	1642	6627	6620	2033	677
1862	1	862	117	107	132	98	112	6905	16400	0	1670	1642	6627	6620	2033	677
1863	1	863	117	107	132	98	112	6905	16400	0	1670	1642	6627	6620	2033	677
1864	1	864	117	107	132	98	112	6905	16400	0	1670	1642	6627	6620	2033	677
1865	1	865	117	107	132	98	112	6905	16400	0	1670	1642	6627	6620	2033	677
1866	1	866	117	107	132	98	112	6905	16400	0	1670	1642	6627	6620	2033	677
1867	1	867	117	107	132	98	112	6905	16400	0	1670	1642	6627	6620	2033	677
1868	1	868	117	107	132	98	112	6905	16400	0	1670	1642	6627	6620	2033	677
1869	1	869	117	107	132	98	112	6905	16400	0	1670	1642	6627	6620	2033	677
1870	1	870	117	107	132	98	112	6905	16400	0	1670	1642	6627	6620	2033	677
1871	1	871	117	107	132	98	112	6905	16400	0	1670	1642	6627	6620	2033	677
1872	1	872	117	107	132	98	112	6905	16400	0	1670	1642	6627	6620	2033	677
1873	1	873	117	107	132	98	112	6905	16400	0	1670	1642	6627	6620	2033	677
1874	1	874	117	107	132	98	112	6905	16400	0	1670	1642	6627	6620	2033	677
1875	1	875	117	107	132	98	112	6905	16400	0	1670	1642	6627	6620	2033	677
1876	1	876	117	107	132	98	112	6905	16400	0	1670	1642	6627	6620	2033	677
1877	1	877	117	107	132	98	112	6905	16400	0	1670	1642	6627	6620	2033	677
1878	1	878	117	107	132	98	112	6905	16400	0	1670	1642	6627	6620	2033	677
1879	1	879	117	107	132	98	112	6905	16400	0	1670	1642	6627	6620	2033	677
1880	1	880	117	107	132	98	112	6905	16400	0	1670	1642	6627	6620	2033	677
1881	1	881	117	107	132	98	112	6905	16400	0	1670	1642	6627	6620	2033	677
1882	1	882	117	107	132	98	112	6905	16400	0	1670	1642	6627	6620	2033	677
1883	1	883	117	107	132	98	112	6905	16400	0	1670	1642	6627	6620	2033	677
1884	1	884	117	107	132	98	112	6905	16400	0	1670	1642	6627	6620	2033	677
1885	1	885	117	107	132	98	112	6905	16400	0	1670	1642	6627	6620	2033	677
1886	1	886	117	107	132	98	112	6905	16400	0	1670	1642	6627	6620	2033	677
1887	1	887	117	107	132	98	112	6905	16400	0	1670	1642	6627	6620	2033	677
1888	1	888	117	107	132	98	112	6905	16400	0	1670	1642	6627	6620	2033	677
1889	1	889	117	107	132	98	112	6905	16400	0	1670	1642	6627	6620	2033	677
1890	1	890	117	107	132	98	112	6905	16400	0	1670	1642	6627	6620	2033	677
1891	1	891	117	107	132	98	112	6905	16400	0	1670	1642	6627	6620	2033	677
1892	1	892	117	107	132	98	112	6905	16400	0	1670	1642	6627	6620	2033	677
1893	1	893	117	107	132	98	112	6905	16400	0	1670	1642	6627	6620	2033	677
1894	1	894	117	107	132	98	112	6905	16400	0	1670	1642	6627	6620	2033	677
1895	1	895	117	107	132	98	112	6905	16400	0	1670	1642	6627	6620	2033	677
1896	1	896	117	107	132	98	112	6905	16400	0	1670	1642	6627	6620	2033	677
1897	1	897	117	107	132	98	112	6905	16400	0	1670	1642	6627	6620	2033	677
1898	1	898	117	107	132	98	112	6905	16400	0	1670	1642	6627	6620	2033	677
1899	1	899	117	107	132	98	112	6905	16400	0	1670	1642	6627	6620	2033	677
1900	1	900	117	107	132	98	112	6905	16400	0	1670	1642	6627	6620	2033	677
1901	1	901	117	107	132	98	112	6905	16400	0	1670	1642	6627	6620	2033	677
1902	1	902	117	107	132	98	112	6905	16400	0	1670	1642	6627	6620	2033	677
1903	1	903	117	107	132	98	112	6905	16400	0	1670	1642	6627	6620	2033	677
1904	1	904	117	107	132	98	112	6905	16400	0	1670	1642	6627	6620	2033	677
1905	1	905	117	107	132	98	112	6905	16400	0	1670	1642	6627	6620	2033	677
1906	1	906	117	107	132	98	112	6905	16400	0	1670	1642	6627	6620	2033	677
1907	1	907	117	107	132	98	112	6905	16400	0	1670	1642	6627	6620	2033	677
1908	1	908	117	107	132	98	112	6905	16400	0	1670	1642	6627	6620	2033	677
1909	1	909	117	107	132	98	112	6905	16400	0	1670	1642	6627	6620	2033	677
1910	1	910	117	107	132	98	112	6905	16400	0	1670	1642	6627	6620	2033	677
1911	1	911	117	107	132	98	112	6905	16400	0	1670	1642	6627	6620	2033	677
1912	1	912	117	107	132	98	112	6905	16400	0	1670	1642	6627	6620	2033	677
1913	1	913	117	107	132	98	112	6905	16400	0	1670	1642	6627	6620	2033	677
1914	1	914	117	107	132	98	112	6905	16400	0	1670	1642	6627	6620	2033	677
1915	1	915	117	107	132	98	112	6905	16400	0	1670	1642	6627	6620	2033	677
1916	1	916	117	107	132	98	112	6905	16400	0	1670	1642	6627	6620	2033	677
1917	1	917	117	107	132	98	112	6905	16400	0	1670	1642	6627	6620	2033	677
1918	1	918	117	107	132	98	112	6905	16400	0	1670	1642	6627	6620	2033	677
1919	1	919	117	107	132	98	112	6905	16400	0	1670	1642	6627	6620	2033	677
1920	1	920	117	107	132	98	112	6905	16400	0	1670	1642	6627	6620	2033	677
1921	1	921	117	107	132	98	112	6905	16400	0	1670	1642	6627	6620	2033	677
1922	1	922	117	107	132	98	112	6905	16400	0	1670	1642	6627	6620	2033	677
1923	1	923	117	107	132	98	112	6905	16400	0	1670	1642	6627	6620	2033	677
1924	1	924	117	107	132	98	112	6905	16400	0	1670	1642	6627	6620	2033	677
1925	1	925	117	107	132	98	112	6905	16400	0	1670	1642	6627	6620	2033	677
1926	1	926	117	107	132	98	112	6905	16400	0	1670	1642	6627	6620	2033	677
1927	1	927	117	107	132	98	112	6905	16400	0	1670	1642	6627	6620	2033	677
1928	1	928	117	107	132	98	112	6905	16400	0	1670	1642	6627	6620	2033	677
1929	1	929	117	107	132	98	112	6905	16400	0	1670	1642	6627	6620	2033	677
1930	1	930	117	107	132	98	112	6905	16400	0	1670	1642	6627	6620	2033	677
1931	1	931	117	107	132	98	112	6905	16400	0	1670	1642	6627	6620	2033	677
1932	1	932	117	107	132	98	112	6905	16400	0	1670	1642	6627	6620	2033	677
1933	1	933	117	107	132	98	112	6905	16400	0	1670	1642	6627	6620	2033	677
1934	1	934	117	107	132	98	112	6905	16400	0	1670	1642	6627	6620	2033	677
1935	1	935	117	107	132	98	112	6905	16400	0	1670	1642	6627	6620	2033	677
1936	1	936	117	107	132	98	112	6905	16400	0	1670	1642	6627	6620	2033	677
1937	1	937	117	107	132	98	112	6905	16400	0	1670	1642	6627	6620	2033	677
1938	1	938	117	107	132	98	112	6905	16400	0	1670	1642	6627	6620	2033	677
1939	1	939	117	107	132	98	112	6905	16400	0	1670	1642	6627	6620	2033	677
1940	1	940	117	107	132	98	112	6905	16400	0	1670	1642	6627	6620	2033	677
1941	1	941	117	107	132	98	112	6905	16400	0	1670	1642	6627	6620	2033	677
1942	1	942	117	107	132	98	112	6905	16400	0	1670	1642	6627	6620	2033	677
1943	1	943	117	107	132	98	112	6905	16400	0	1670	1642	6627	6620	2033	677
1944	1	944	117	107	132	98	112	6905	16400	0	1670	1642	6627	6620	2033	677
1945	1	945	117	107	132	98	112	6905	16400	0	1670	1642	6627	6620	2033	677
1946	1	946	117	107	132	98	112	6905	16400	0	1670	1642	6627	6620	2033	677
1947	1	947	117	107	132	98	112	6905	16400	0	1670	1642	6627	6620	2033	677
1948	1	948	117	107	132	98	112	6905	16400	0	1670	1642	6627	6620	2033	677
1949	1	949	117	107	132	98	112	6905	16400	0	1670	1642	6627	6620	2033	677
1950	1	950	117	107	132	98	112	6905	16400	0	1670	1642	6627	6620	2033	677
1951	1	951	117	107	132	98	112	6905	16400	0	1670	1642	6627	6620	2033	677
1952	1	952	117	107	132	98	112	6905	16400	0	1670	1642	6627	6620	2033	677
1953	1	953	117	107	132	98	112	6905	16400	0	1670	1642	6627	6620	2033	677
1954	1	954	117	107	132	98	112	6905	16400	0	1670	1642	6627	6620	2033	677
1955	1	955	117	107	132	98	112	6905	16400	0	1670	1642	6627	6620	2033	677
1956	1	956	117	107	132	98	112	6905	16400	0	1670	1642	6627	6620	2033	677
1957	1	957	117	107	132	98	112	6905	16400	0	1670	1642	6627	6620	2033	677
1958	1	958	117	107	132	98	112	6905	16400	0	1670	1642	6627	6620	2033	677
1959	1	959	117	107	132	98	112	6905	16400	0	1670	1642	6627	6620	2033	677
1960	1	960	117	107	132	98	112	6905	16400	0	1670	1642	6627	6620	2033	677
1961	1	961	117	107	132	98	112	6905	16400	0	1670	1642	6627	6620	2033	677
1962	1	962	117	107	132	98	112	6905	16400	0	1670	1642	6627	6620	2033	677
1963	1	963	117	107	132	98	112	6905	16400	0	1670	1642	6627	6620	2033	677
1964	1	964	117	107	132	98	112	6905	16400	0	1670	1642	6627	6620	2033	677
1965	1	965	117	107	132	98	112	6905	16400	0	1670	1642	6627	6620	2033	677
1966	1	966	117	107	132	98	112	6905	16400	0	1670	1642	6627	6620	2033	677
1967	1	967	117	107	132	98	112	6905	16400	0	1670	1642	6627	6620	2033	677
1968	1	968	117	107	132	98	112	6905	16400	0	1670	1642	6627	6620	2033	677
1969	1	969	117	107	132	98	112	6905	16400	0	1670	1642	6627	6620	2033	677
1970	1	970	117	107	132	98	112	6905	16400	0	1670	1642	6627	6620	2033	677
1971	1	971	117	107	132	98	112	6905	16400	0	1670	1642	6627	6620	2033	677
1972	1	972	117	107	132	98	112	6905	16400	0	1670	1642	6627	6620	2033	677
1973	1	973	117	107	132	98	112	6905	16400	0	1670	1642	6627	6620	2033	677
1974	1	974	117	107	132	98	112	6905	16400	0	1670	1642	6627	6620	2033	677
1975	1	975	117	107	132	98	112	6905	16400	0	1670	1642	6627	6620	2033	677
1976	1	976	117	107	132	98	112	6905	16400	0	1670	1642	6627	6620	2033	677
1977	1	977	117	107	132	98	112	6905	16400	0	1670	1642	6627	6620	2033	677
1978	1	978	117	107	132	98	112	6905	16400	0	1670	1642	6627	6620	2033	677
1979	1	979	117	107	132	98	112	6905	16400	0	1670	1642	6627	6620	2033	677
1980	1	980	117	107	132	98	112	6905	16400	0	1670	1642	6627	6620	2033	677
1981	1	981	117	107	132	98	112	6905	16400	0	1670	1642	6627	6620	2033	677
1982	1	982	117	107	132	98	112	6905	16400	0	1670	1642	6627	6620	2033	677
1983	1	983	117	107	132	98	112	6905	16400	0	1670	1642	6627	6620	2033	677
1984	1	984	117	107	132	98	112	6905	16400	0	1670	1642	6627	6620	2033	677
1985	1	985	117	107	132	98	112	6905	16400	0	1670	1642	6627	6620	2033	677
1986	1	986	117	107	132	98	112	6905	16400	0	1670	1642	6627	6620	2033	677
1987	1	987	117	107	132	98	112	6905	16400	0	1670	1642	6627	6620	2033	677
1988	1	988	117	107	132	98	112	6905	16400	0	1670	1642	6627	6620	2033	677
1989	1	989	117	107	132	98	112	6905	16400	0	1670	1642	6627	6620	2033	677
1990	1	990	117	107	132	98	112	6905	16400	0	1670	1642	6627	6620	2033	677
1991	1	991	117	107	132	98	112	6905	16400	0	1670	1642	6627	6620	2033	677
1992	1	992	117	107	132	98	112	6905	16400	0	1670	1642	6627	6620	2033	677
1993	1	993	117	107	132	98	112	6905	16400	0	1670	1642	6627	6620	2033	677
1994	1	994	117	107	132	98	112	6905	16400	0	1670	1642	6627	6620	2033	677
1995	1	995	117	107	132	98	112	6905	16400	0	1670	1642	6627	6620	2033	677
1996	1	996	117	107	132	98	112	6905	16400	0	1670	1642	6627	6620	2033	677
1997	1	997	117	107	132	98	112	6905	16400	0	1670	1642	6627	6620	2033	677
1998	1	998	117	107	132	98	112	6905	16400	0	1670	1642	6627	6620	2033	677
1999	1	999	117	107	132	98	112	6905	16400	0	1670	1642	6627	6620	2033	677
2000	2	0	0	2	4	3	2	963	500	0	31	34	15	19	5	4
2001	2	1	0	2	4	3	2	1115	500	0	61	64	27	31	6	7
2002	2	2	0	2	4	3	2	1317	550	0	91	95	39	43	9	13
2003	2	3	1	2	4	4	2	1518	600	0	121	126	52	56	11	19
2004	2	4	1	2	5	4	2	1719	650	0	151	156	64	68	14	25
2005	2	5	1	2	5	4	2	1920	700	0	182	187	76	80	16	32
2006	2	6	1	3	5	5	2	2122	750	0	212	217	88	92	19	38
2007	2	7	1	3	5	5	2	2323	800	0	242	248	100	104	21	44
2008	2	8	1	3	6	5	2	2524	850	0	272	279	112	117	24	50
2009	2	9	1	3	6	6	2	2726	900	0	302	309	124	129	26	56
2010	2	10	1	3	6	6	2	2927	950	0	333	340	136	141	29	62
2011	2	11	2	4	6	7	3	3128	1000	0	363	370	148	153	31	69
2012	2	12	2	4	7	7	3	3330	1050	0	393	401	160	165	34	75
2013	2	13	2	4	7	7	3	3531	1100	0	423	432	173	178	36	81
2014	2	14	2	4	7	8	3	3732	1150	0	453	462	185	190	39	87
2015	2	15	2	5	7	8	3	4063	1200	0	483	493	197	202	41	93
2016	2	16	2	5	8	9	3	4395	1250	0	514	523	197	202	44	99
2017	2	17	2	5	8	9	3	4726	1300	0	544	554	197	202	46	106
2018	2	18	2	5	8	9	3	5057	1350	0	574	585	197	203	49	112
2019	2	19	3	5	8	10	3	5389	1400	0	604	615	197	203	51	118
2020	2	20	3	6	9	10	3	5725	1450	0	624	636	205	211	54	124
2021	2	21	3	6	9	11	3	5725	1500	0	625	636	197	203	54	124
2022	2	22	3	6	9	11	3	5725	1550	0	625	637	197	203	55	124
2023	2	23	3	6	9	11	3	5725	1600	0	625	638	198	204	55	125
2024	2	24	3	6	10	12	3	5725	1650	0	625	638	198	204	56	125
2025	2	25	3	7	10	12	3	5725	1700	0	625	639	198	204	56	125
2026	2	26	3	7	10	13	3	5725	1750	0	625	639	198	204	57	125
2027	2	27	3	7	11	13	4	5725	1800	0	626	640	198	204	57	125
2028	2	28	4	7	11	13	4	5725	1850	0	626	641	198	205	58	125
2029	2	29	4	8	11	14	4	5725	1900	0	626	641	198	205	58	126
2030	2	30	4	8	11	14	4	5725	1950	0	626	642	198	205	59	126
2031	2	31	4	8	12	15	4	5725	2000	0	626	642	198	205	59	126
2032	2	32	4	8	12	15	4	5725	2050	0	626	643	198	205	60	126
2033	2	33	4	8	12	15	4	5725	2100	0	627	644	199	206	60	126
2034	2	34	4	9	12	16	4	5725	2150	0	627	644	199	206	61	126
2035	2	35	4	9	13	16	4	5725	2200	0	627	645	199	206	61	127
2036	2	36	5	9	13	17	4	5725	2250	0	627	645	199	206	62	127
2037	2	37	5	9	13	17	4	5725	2300	0	627	646	199	206	62	127
2038	2	38	5	9	13	17	4	5725	2350	0	628	647	199	207	63	127
2039	2	39	5	10	14	18	4	5725	2400	0	628	647	199	207	63	127
2040	2	40	5	10	14	18	4	5725	2650	0	628	648	199	207	64	127
2041	2	41	5	10	14	19	4	5725	2900	0	628	648	199	207	64	128
2042	2	42	5	10	14	19	4	5725	3150	0	628	649	199	207	65	128
2043	2	43	5	11	15	19	5	5725	3400	0	628	650	200	208	65	128
2044	2	44	5	11	15	20	5	5725	3650	0	629	650	200	208	66	128
2045	2	45	6	11	15	20	5	5725	3900	0	629	651	200	208	66	128
2046	2	46	6	11	15	20	5	5725	4150	0	629	651	200	208	67	128
2047	2	47	6	11	16	21	5	5725	4400	0	629	652	200	208	67	129
2048	2	48	6	12	16	21	5	5725	4650	0	629	653	200	209	68	129
2049	2	49	6	12	16	22	5	5725	4900	0	630	653	200	209	68	129
2050	2	50	8	14	19	24	7	5750	5150	0	630	654	273	282	123	147
2051	2	51	10	16	21	26	9	5775	5400	0	630	654	346	355	178	165
2052	2	52	12	18	23	29	11	5800	5650	0	630	655	419	428	232	183
2053	2	53	15	21	25	31	13	5825	5900	0	630	656	493	502	287	202
2054	2	54	17	23	28	34	15	5850	6150	0	630	656	566	575	341	220
2055	2	55	19	25	30	36	17	5875	6400	0	631	657	639	648	396	238
2056	2	56	21	27	32	38	19	5900	6650	0	631	657	712	721	450	256
2057	2	57	23	30	34	41	21	5925	6900	0	631	658	785	794	505	274
2058	2	58	25	32	37	43	23	5950	7150	0	631	659	858	868	559	292
2059	2	59	27	34	39	46	26	5975	7400	0	631	659	931	941	614	311
2060	2	60	33	40	45	52	32	6000	7750	0	707	735	1281	1291	706	331
2061	2	61	36	43	48	54	35	6025	8100	0	782	810	1624	1634	793	349
2062	2	62	39	47	52	58	38	6050	8450	0	857	886	1967	1977	879	367
2063	2	63	41	51	55	60	41	6075	8800	0	932	962	2311	2321	966	385
2064	2	64	44	55	58	64	44	6100	9150	0	1007	1037	2654	2664	1052	403
2065	2	65	46	59	61	66	47	6125	9500	0	1082	1113	2997	3007	1139	422
2066	2	66	49	63	65	69	51	6150	9850	0	1158	1188	3340	3350	1225	440
2067	2	67	52	68	68	73	55	6175	10200	0	1233	1264	3683	3693	1312	458
2068	2	68	55	72	71	76	59	6200	10550	0	1308	1340	4026	4037	1398	476
2069	2	69	58	76	74	80	63	6225	10900	0	1383	1415	4369	4380	1485	495
2070	2	70	66	83	82	87	71	6250	11250	0	1408	1441	4599	4610	1546	515
2071	2	71	69	87	85	90	75	6275	11600	0	1434	1466	4822	4833	1602	534
2072	2	72	72	90	88	94	79	6300	11950	0	1459	1492	5045	5056	1657	552
2073	2	73	75	93	91	97	83	6325	12300	0	1484	1518	5269	5280	1713	570
2074	2	74	78	96	95	101	87	6350	12650	0	1509	1543	5492	5503	1768	588
2075	2	75	81	99	98	104	92	6375	13000	0	1534	1569	5715	5726	1824	606
2076	2	76	84	103	101	107	96	6400	13350	0	1559	1594	5938	5949	1879	625
2077	2	77	87	106	105	111	100	6425	13700	0	1585	1620	6161	6172	1935	643
2078	2	78	91	109	108	114	104	6450	14050	0	1610	1646	6384	6396	1990	661
2079	2	79	94	112	111	118	108	6475	14400	0	1635	1671	6607	6619	2046	681
2080	2	80	94	112	111	118	108	6475	14450	0	1635	1672	6607	6619	2046	681
2081	2	81	94	113	112	118	108	6475	14500	0	1635	1672	6607	6619	2047	681
2082	2	82	94	113	112	119	108	6475	14550	0	1635	1673	6607	6619	2047	682
2083	2	83	94	113	112	119	108	6475	14600	0	1636	1674	6608	6620	2048	682
2084	2	84	94	113	112	119	108	6475	14650	0	1636	1674	6608	6620	2048	682
2085	2	85	94	114	113	120	108	6475	14700	0	1636	1675	6608	6620	2049	682
2086	2	86	94	114	113	120	108	6475	14750	0	1636	1675	6608	6620	2049	682
2087	2	87	95	114	113	121	108	6475	14800	0	1636	1676	6608	6620	2050	682
2088	2	88	95	114	113	121	108	6475	14850	0	1637	1677	6608	6621	2050	683
2089	2	89	95	114	114	121	108	6475	14900	0	1637	1677	6608	6621	2051	683
2090	2	90	95	115	114	122	108	6475	14950	0	1637	1678	6608	6621	2051	683
2091	2	91	95	115	114	122	109	6475	15000	0	1637	1678	6608	6621	2052	683
2092	2	92	95	115	114	123	109	6475	15050	0	1637	1679	6608	6621	2052	683
2093	2	93	95	115	115	123	109	6475	15100	0	1637	1680	6609	6622	2053	683
2094	2	94	95	115	115	123	109	6475	15150	0	1638	1680	6609	6622	2053	684
2095	2	95	96	116	115	124	109	6475	15200	0	1638	1681	6609	6622	2054	684
2096	2	96	96	116	115	124	109	6475	15250	0	1638	1681	6609	6622	2054	684
2097	2	97	96	116	116	125	109	6475	15300	0	1638	1682	6609	6622	2055	684
2098	2	98	96	116	116	125	109	6475	15350	0	1638	1683	6609	6623	2055	684
2099	2	99	96	117	116	125	109	6475	15400	0	1639	1683	6609	6623	2056	684
2100	2	100	96	117	116	126	109	6475	15450	0	1639	1684	6609	6623	2056	685
2101	2	101	96	117	117	126	109	6475	15500	0	1639	1684	6609	6623	2057	685
2102	2	102	96	117	117	127	109	6475	15550	0	1639	1685	6609	6623	2057	685
2103	2	103	96	117	117	127	109	6475	15600	0	1639	1686	6610	6624	2058	685
2104	2	104	97	118	118	127	109	6475	15650	0	1639	1686	6610	6624	2058	685
2105	2	105	97	118	118	128	109	6475	15700	0	1640	1687	6610	6624	2059	685
2106	2	106	97	118	118	128	110	6475	15750	0	1640	1687	6610	6624	2059	686
2107	2	107	97	118	118	129	110	6475	15800	0	1640	1688	6610	6624	2060	686
2108	2	108	97	118	119	129	110	6475	15850	0	1640	1689	6610	6625	2060	686
2109	2	109	97	119	119	129	110	6475	15900	0	1640	1689	6610	6625	2061	686
2110	2	110	97	119	119	130	110	6475	15950	0	1641	1690	6610	6625	2061	686
2111	2	111	97	119	119	130	110	6475	16000	0	1641	1690	6610	6625	2062	686
2112	2	112	98	119	120	131	110	6475	16050	0	1641	1691	6610	6625	2062	687
2113	2	113	98	120	120	131	110	6475	16100	0	1641	1692	6611	6626	2063	687
2114	2	114	98	120	120	131	110	6475	16150	0	1641	1692	6611	6626	2063	687
2115	2	115	98	120	120	132	110	6475	16200	0	1641	1693	6611	6626	2064	687
2116	2	116	98	120	121	132	110	6475	16250	0	1642	1693	6611	6626	2064	687
2117	2	117	98	120	121	133	110	6475	16300	0	1642	1694	6611	6626	2065	687
2118	2	118	98	121	121	133	110	6475	16350	0	1642	1695	6611	6627	2065	688
2119	2	119	98	121	121	133	110	6475	16400	0	1642	1695	6611	6627	2066	688
2120	2	120	98	121	121	133	110	6475	16400	0	1642	1695	6611	6627	2066	688
2121	2	121	98	121	121	133	110	6475	16400	0	1642	1695	6611	6627	2066	688
2122	2	122	98	121	121	133	110	6475	16400	0	1642	1695	6611	6627	2066	688
2123	2	123	98	121	121	133	110	6475	16400	0	1642	1695	6611	6627	2066	688
2124	2	124	98	121	121	133	110	6475	16400	0	1642	1695	6611	6627	2066	688
2125	2	125	98	121	121	133	110	6475	16400	0	1642	1695	6611	6627	2066	688
2126	2	126	98	121	121	133	110	6475	16400	0	1642	1695	6611	6627	2066	688
2127	2	127	98	121	121	133	110	6475	16400	0	1642	1695	6611	6627	2066	688
2128	2	128	98	121	121	133	110	6475	16400	0	1642	1695	6611	6627	2066	688
2129	2	129	98	121	121	133	110	6475	16400	0	1642	1695	6611	6627	2066	688
2130	2	130	98	121	121	133	110	6475	16400	0	1642	1695	6611	6627	2066	688
2131	2	131	98	121	121	133	110	6475	16400	0	1642	1695	6611	6627	2066	688
2132	2	132	98	121	121	133	110	6475	16400	0	1642	1695	6611	6627	2066	688
2133	2	133	98	121	121	133	110	6475	16400	0	1642	1695	6611	6627	2066	688
2134	2	134	98	121	121	133	110	6475	16400	0	1642	1695	6611	6627	2066	688
2135	2	135	98	121	121	133	110	6475	16400	0	1642	1695	6611	6627	2066	688
2136	2	136	98	121	121	133	110	6475	16400	0	1642	1695	6611	6627	2066	688
2137	2	137	98	121	121	133	110	6475	16400	0	1642	1695	6611	6627	2066	688
2138	2	138	98	121	121	133	110	6475	16400	0	1642	1695	6611	6627	2066	688
2139	2	139	98	121	121	133	110	6475	16400	0	1642	1695	6611	6627	2066	688
2140	2	140	98	121	121	133	110	6475	16400	0	1642	1695	6611	6627	2066	688
2141	2	141	98	121	121	133	110	6475	16400	0	1642	1695	6611	6627	2066	688
2142	2	142	98	121	121	133	110	6475	16400	0	1642	1695	6611	6627	2066	688
2143	2	143	98	121	121	133	110	6475	16400	0	1642	1695	6611	6627	2066	688
2144	2	144	98	121	121	133	110	6475	16400	0	1642	1695	6611	6627	2066	688
2145	2	145	98	121	121	133	110	6475	16400	0	1642	1695	6611	6627	2066	688
2146	2	146	98	121	121	133	110	6475	16400	0	1642	1695	6611	6627	2066	688
2147	2	147	98	121	121	133	110	6475	16400	0	1642	1695	6611	6627	2066	688
2148	2	148	98	121	121	133	110	6475	16400	0	1642	1695	6611	6627	2066	688
2149	2	149	98	121	121	133	110	6475	16400	0	1642	1695	6611	6627	2066	688
2150	2	150	98	121	121	133	110	6475	16400	0	1642	1695	6611	6627	2066	688
2151	2	151	98	121	121	133	110	6475	16400	0	1642	1695	6611	6627	2066	688
2152	2	152	98	121	121	133	110	6475	16400	0	1642	1695	6611	6627	2066	688
2153	2	153	98	121	121	133	110	6475	16400	0	1642	1695	6611	6627	2066	688
2154	2	154	98	121	121	133	110	6475	16400	0	1642	1695	6611	6627	2066	688
2155	2	155	98	121	121	133	110	6475	16400	0	1642	1695	6611	6627	2066	688
2156	2	156	98	121	121	133	110	6475	16400	0	1642	1695	6611	6627	2066	688
2157	2	157	98	121	121	133	110	6475	16400	0	1642	1695	6611	6627	2066	688
2158	2	158	98	121	121	133	110	6475	16400	0	1642	1695	6611	6627	2066	688
2159	2	159	98	121	121	133	110	6475	16400	0	1642	1695	6611	6627	2066	688
2160	2	160	98	121	121	133	110	6475	16400	0	1642	1695	6611	6627	2066	688
2161	2	161	98	121	121	133	110	6475	16400	0	1642	1695	6611	6627	2066	688
2162	2	162	98	121	121	133	110	6475	16400	0	1642	1695	6611	6627	2066	688
2163	2	163	98	121	121	133	110	6475	16400	0	1642	1695	6611	6627	2066	688
2164	2	164	98	121	121	133	110	6475	16400	0	1642	1695	6611	6627	2066	688
2165	2	165	98	121	121	133	110	6475	16400	0	1642	1695	6611	6627	2066	688
2166	2	166	98	121	121	133	110	6475	16400	0	1642	1695	6611	6627	2066	688
2167	2	167	98	121	121	133	110	6475	16400	0	1642	1695	6611	6627	2066	688
2168	2	168	98	121	121	133	110	6475	16400	0	1642	1695	6611	6627	2066	688
2169	2	169	98	121	121	133	110	6475	16400	0	1642	1695	6611	6627	2066	688
2170	2	170	98	121	121	133	110	6475	16400	0	1642	1695	6611	6627	2066	688
2171	2	171	98	121	121	133	110	6475	16400	0	1642	1695	6611	6627	2066	688
2172	2	172	98	121	121	133	110	6475	16400	0	1642	1695	6611	6627	2066	688
2173	2	173	98	121	121	133	110	6475	16400	0	1642	1695	6611	6627	2066	688
2174	2	174	98	121	121	133	110	6475	16400	0	1642	1695	6611	6627	2066	688
2175	2	175	98	121	121	133	110	6475	16400	0	1642	1695	6611	6627	2066	688
2176	2	176	98	121	121	133	110	6475	16400	0	1642	1695	6611	6627	2066	688
2177	2	177	98	121	121	133	110	6475	16400	0	1642	1695	6611	6627	2066	688
2178	2	178	98	121	121	133	110	6475	16400	0	1642	1695	6611	6627	2066	688
2179	2	179	98	121	121	133	110	6475	16400	0	1642	1695	6611	6627	2066	688
2180	2	180	98	121	121	133	110	6475	16400	0	1642	1695	6611	6627	2066	688
2181	2	181	98	121	121	133	110	6475	16400	0	1642	1695	6611	6627	2066	688
2182	2	182	98	121	121	133	110	6475	16400	0	1642	1695	6611	6627	2066	688
2183	2	183	98	121	121	133	110	6475	16400	0	1642	1695	6611	6627	2066	688
2184	2	184	98	121	121	133	110	6475	16400	0	1642	1695	6611	6627	2066	688
2185	2	185	98	121	121	133	110	6475	16400	0	1642	1695	6611	6627	2066	688
2186	2	186	98	121	121	133	110	6475	16400	0	1642	1695	6611	6627	2066	688
2187	2	187	98	121	121	133	110	6475	16400	0	1642	1695	6611	6627	2066	688
2188	2	188	98	121	121	133	110	6475	16400	0	1642	1695	6611	6627	2066	688
2189	2	189	98	121	121	133	110	6475	16400	0	1642	1695	6611	6627	2066	688
2190	2	190	98	121	121	133	110	6475	16400	0	1642	1695	6611	6627	2066	688
2191	2	191	98	121	121	133	110	6475	16400	0	1642	1695	6611	6627	2066	688
2192	2	192	98	121	121	133	110	6475	16400	0	1642	1695	6611	6627	2066	688
2193	2	193	98	121	121	133	110	6475	16400	0	1642	1695	6611	6627	2066	688
2194	2	194	98	121	121	133	110	6475	16400	0	1642	1695	6611	6627	2066	688
2195	2	195	98	121	121	133	110	6475	16400	0	1642	1695	6611	6627	2066	688
2196	2	196	98	121	121	133	110	6475	16400	0	1642	1695	6611	6627	2066	688
2197	2	197	98	121	121	133	110	6475	16400	0	1642	1695	6611	6627	2066	688
2198	2	198	98	121	121	133	110	6475	16400	0	1642	1695	6611	6627	2066	688
2199	2	199	98	121	121	133	110	6475	16400	0	1642	1695	6611	6627	2066	688
2200	2	200	98	121	121	133	110	6475	16400	0	1642	1695	6611	6627	2066	688
2201	2	201	98	121	121	133	110	6475	16400	0	1642	1695	6611	6627	2066	688
2202	2	202	98	121	121	133	110	6475	16400	0	1642	1695	6611	6627	2066	688
2203	2	203	98	121	121	133	110	6475	16400	0	1642	1695	6611	6627	2066	688
2204	2	204	98	121	121	133	110	6475	16400	0	1642	1695	6611	6627	2066	688
2205	2	205	98	121	121	133	110	6475	16400	0	1642	1695	6611	6627	2066	688
2206	2	206	98	121	121	133	110	6475	16400	0	1642	1695	6611	6627	2066	688
2207	2	207	98	121	121	133	110	6475	16400	0	1642	1695	6611	6627	2066	688
2208	2	208	98	121	121	133	110	6475	16400	0	1642	1695	6611	6627	2066	688
2209	2	209	98	121	121	133	110	6475	16400	0	1642	1695	6611	6627	2066	688
2210	2	210	98	121	121	133	110	6475	16400	0	1642	1695	6611	6627	2066	688
2211	2	211	98	121	121	133	110	6475	16400	0	1642	1695	6611	6627	2066	688
2212	2	212	98	121	121	133	110	6475	16400	0	1642	1695	6611	6627	2066	688
2213	2	213	98	121	121	133	110	6475	16400	0	1642	1695	6611	6627	2066	688
2214	2	214	98	121	121	133	110	6475	16400	0	1642	1695	6611	6627	2066	688
2215	2	215	98	121	121	133	110	6475	16400	0	1642	1695	6611	6627	2066	688
2216	2	216	98	121	121	133	110	6475	16400	0	1642	1695	6611	6627	2066	688
2217	2	217	98	121	121	133	110	6475	16400	0	1642	1695	6611	6627	2066	688
2218	2	218	98	121	121	133	110	6475	16400	0	1642	1695	6611	6627	2066	688
2219	2	219	98	121	121	133	110	6475	16400	0	1642	1695	6611	6627	2066	688
2220	2	220	98	121	121	133	110	6475	16400	0	1642	1695	6611	6627	2066	688
2221	2	221	98	121	121	133	110	6475	16400	0	1642	1695	6611	6627	2066	688
2222	2	222	98	121	121	133	110	6475	16400	0	1642	1695	6611	6627	2066	688
2223	2	223	98	121	121	133	110	6475	16400	0	1642	1695	6611	6627	2066	688
2224	2	224	98	121	121	133	110	6475	16400	0	1642	1695	6611	6627	2066	688
2225	2	225	98	121	121	133	110	6475	16400	0	1642	1695	6611	6627	2066	688
2226	2	226	98	121	121	133	110	6475	16400	0	1642	1695	6611	6627	2066	688
2227	2	227	98	121	121	133	110	6475	16400	0	1642	1695	6611	6627	2066	688
2228	2	228	98	121	121	133	110	6475	16400	0	1642	1695	6611	6627	2066	688
2229	2	229	98	121	121	133	110	6475	16400	0	1642	1695	6611	6627	2066	688
2230	2	230	98	121	121	133	110	6475	16400	0	1642	1695	6611	6627	2066	688
2231	2	231	98	121	121	133	110	6475	16400	0	1642	1695	6611	6627	2066	688
2232	2	232	98	121	121	133	110	6475	16400	0	1642	1695	6611	6627	2066	688
2233	2	233	98	121	121	133	110	6475	16400	0	1642	1695	6611	6627	2066	688
2234	2	234	98	121	121	133	110	6475	16400	0	1642	1695	6611	6627	2066	688
2235	2	235	98	121	121	133	110	6475	16400	0	1642	1695	6611	6627	2066	688
2236	2	236	98	121	121	133	110	6475	16400	0	1642	1695	6611	6627	2066	688
2237	2	237	98	121	121	133	110	6475	16400	0	1642	1695	6611	6627	2066	688
2238	2	238	98	121	121	133	110	6475	16400	0	1642	1695	6611	6627	2066	688
2239	2	239	98	121	121	133	110	6475	16400	0	1642	1695	6611	6627	2066	688
2240	2	240	98	121	121	133	110	6475	16400	0	1642	1695	6611	6627	2066	688
2241	2	241	98	121	121	133	110	6475	16400	0	1642	1695	6611	6627	2066	688
2242	2	242	98	121	121	133	110	6475	16400	0	1642	1695	6611	6627	2066	688
2243	2	243	98	121	121	133	110	6475	16400	0	1642	1695	6611	6627	2066	688
2244	2	244	98	121	121	133	110	6475	16400	0	1642	1695	6611	6627	2066	688
2245	2	245	98	121	121	133	110	6475	16400	0	1642	1695	6611	6627	2066	688
2246	2	246	98	121	121	133	110	6475	16400	0	1642	1695	6611	6627	2066	688
2247	2	247	98	121	121	133	110	6475	16400	0	1642	1695	6611	6627	2066	688
2248	2	248	98	121	121	133	110	6475	16400	0	1642	1695	6611	6627	2066	688
2249	2	249	98	121	121	133	110	6475	16400	0	1642	1695	6611	6627	2066	688
2250	2	250	98	121	121	133	110	6475	16400	0	1642	1695	6611	6627	2066	688
2251	2	251	98	121	121	133	110	6475	16400	0	1642	1695	6611	6627	2066	688
2252	2	252	98	121	121	133	110	6475	16400	0	1642	1695	6611	6627	2066	688
2253	2	253	98	121	121	133	110	6475	16400	0	1642	1695	6611	6627	2066	688
2254	2	254	98	121	121	133	110	6475	16400	0	1642	1695	6611	6627	2066	688
2255	2	255	98	121	121	133	110	6475	16400	0	1642	1695	6611	6627	2066	688
2256	2	256	98	121	121	133	110	6475	16400	0	1642	1695	6611	6627	2066	688
2257	2	257	98	121	121	133	110	6475	16400	0	1642	1695	6611	6627	2066	688
2258	2	258	98	121	121	133	110	6475	16400	0	1642	1695	6611	6627	2066	688
2259	2	259	98	121	121	133	110	6475	16400	0	1642	1695	6611	6627	2066	688
2260	2	260	98	121	121	133	110	6475	16400	0	1642	1695	6611	6627	2066	688
2261	2	261	98	121	121	133	110	6475	16400	0	1642	1695	6611	6627	2066	688
2262	2	262	98	121	121	133	110	6475	16400	0	1642	1695	6611	6627	2066	688
2263	2	263	98	121	121	133	110	6475	16400	0	1642	1695	6611	6627	2066	688
2264	2	264	98	121	121	133	110	6475	16400	0	1642	1695	6611	6627	2066	688
2265	2	265	98	121	121	133	110	6475	16400	0	1642	1695	6611	6627	2066	688
2266	2	266	98	121	121	133	110	6475	16400	0	1642	1695	6611	6627	2066	688
2267	2	267	98	121	121	133	110	6475	16400	0	1642	1695	6611	6627	2066	688
2268	2	268	98	121	121	133	110	6475	16400	0	1642	1695	6611	6627	2066	688
2269	2	269	98	121	121	133	110	6475	16400	0	1642	1695	6611	6627	2066	688
2270	2	270	98	121	121	133	110	6475	16400	0	1642	1695	6611	6627	2066	688
2271	2	271	98	121	121	133	110	6475	16400	0	1642	1695	6611	6627	2066	688
2272	2	272	98	121	121	133	110	6475	16400	0	1642	1695	6611	6627	2066	688
2273	2	273	98	121	121	133	110	6475	16400	0	1642	1695	6611	6627	2066	688
2274	2	274	98	121	121	133	110	6475	16400	0	1642	1695	6611	6627	2066	688
2275	2	275	98	121	121	133	110	6475	16400	0	1642	1695	6611	6627	2066	688
2276	2	276	98	121	121	133	110	6475	16400	0	1642	1695	6611	6627	2066	688
2277	2	277	98	121	121	133	110	6475	16400	0	1642	1695	6611	6627	2066	688
2278	2	278	98	121	121	133	110	6475	16400	0	1642	1695	6611	6627	2066	688
2279	2	279	98	121	121	133	110	6475	16400	0	1642	1695	6611	6627	2066	688
2280	2	280	98	121	121	133	110	6475	16400	0	1642	1695	6611	6627	2066	688
2281	2	281	98	121	121	133	110	6475	16400	0	1642	1695	6611	6627	2066	688
2282	2	282	98	121	121	133	110	6475	16400	0	1642	1695	6611	6627	2066	688
2283	2	283	98	121	121	133	110	6475	16400	0	1642	1695	6611	6627	2066	688
2284	2	284	98	121	121	133	110	6475	16400	0	1642	1695	6611	6627	2066	688
2285	2	285	98	121	121	133	110	6475	16400	0	1642	1695	6611	6627	2066	688
2286	2	286	98	121	121	133	110	6475	16400	0	1642	1695	6611	6627	2066	688
2287	2	287	98	121	121	133	110	6475	16400	0	1642	1695	6611	6627	2066	688
2288	2	288	98	121	121	133	110	6475	16400	0	1642	1695	6611	6627	2066	688
2289	2	289	98	121	121	133	110	6475	16400	0	1642	1695	6611	6627	2066	688
2290	2	290	98	121	121	133	110	6475	16400	0	1642	1695	6611	6627	2066	688
2291	2	291	98	121	121	133	110	6475	16400	0	1642	1695	6611	6627	2066	688
2292	2	292	98	121	121	133	110	6475	16400	0	1642	1695	6611	6627	2066	688
2293	2	293	98	121	121	133	110	6475	16400	0	1642	1695	6611	6627	2066	688
2294	2	294	98	121	121	133	110	6475	16400	0	1642	1695	6611	6627	2066	688
2295	2	295	98	121	121	133	110	6475	16400	0	1642	1695	6611	6627	2066	688
2296	2	296	98	121	121	133	110	6475	16400	0	1642	1695	6611	6627	2066	688
2297	2	297	98	121	121	133	110	6475	16400	0	1642	1695	6611	6627	2066	688
2298	2	298	98	121	121	133	110	6475	16400	0	1642	1695	6611	6627	2066	688
2299	2	299	98	121	121	133	110	6475	16400	0	1642	1695	6611	6627	2066	688
2300	2	300	98	121	121	133	110	6475	16400	0	1642	1695	6611	6627	2066	688
2301	2	301	98	121	121	133	110	6475	16400	0	1642	1695	6611	6627	2066	688
2302	2	302	98	121	121	133	110	6475	16400	0	1642	1695	6611	6627	2066	688
2303	2	303	98	121	121	133	110	6475	16400	0	1642	1695	6611	6627	2066	688
2304	2	304	98	121	121	133	110	6475	16400	0	1642	1695	6611	6627	2066	688
2305	2	305	98	121	121	133	110	6475	16400	0	1642	1695	6611	6627	2066	688
2306	2	306	98	121	121	133	110	6475	16400	0	1642	1695	6611	6627	2066	688
2307	2	307	98	121	121	133	110	6475	16400	0	1642	1695	6611	6627	2066	688
2308	2	308	98	121	121	133	110	6475	16400	0	1642	1695	6611	6627	2066	688
2309	2	309	98	121	121	133	110	6475	16400	0	1642	1695	6611	6627	2066	688
2310	2	310	98	121	121	133	110	6475	16400	0	1642	1695	6611	6627	2066	688
2311	2	311	98	121	121	133	110	6475	16400	0	1642	1695	6611	6627	2066	688
2312	2	312	98	121	121	133	110	6475	16400	0	1642	1695	6611	6627	2066	688
2313	2	313	98	121	121	133	110	6475	16400	0	1642	1695	6611	6627	2066	688
2314	2	314	98	121	121	133	110	6475	16400	0	1642	1695	6611	6627	2066	688
2315	2	315	98	121	121	133	110	6475	16400	0	1642	1695	6611	6627	2066	688
2316	2	316	98	121	121	133	110	6475	16400	0	1642	1695	6611	6627	2066	688
2317	2	317	98	121	121	133	110	6475	16400	0	1642	1695	6611	6627	2066	688
2318	2	318	98	121	121	133	110	6475	16400	0	1642	1695	6611	6627	2066	688
2319	2	319	98	121	121	133	110	6475	16400	0	1642	1695	6611	6627	2066	688
2320	2	320	98	121	121	133	110	6475	16400	0	1642	1695	6611	6627	2066	688
2321	2	321	98	121	121	133	110	6475	16400	0	1642	1695	6611	6627	2066	688
2322	2	322	98	121	121	133	110	6475	16400	0	1642	1695	6611	6627	2066	688
2323	2	323	98	121	121	133	110	6475	16400	0	1642	1695	6611	6627	2066	688
2324	2	324	98	121	121	133	110	6475	16400	0	1642	1695	6611	6627	2066	688
2325	2	325	98	121	121	133	110	6475	16400	0	1642	1695	6611	6627	2066	688
2326	2	326	98	121	121	133	110	6475	16400	0	1642	1695	6611	6627	2066	688
2327	2	327	98	121	121	133	110	6475	16400	0	1642	1695	6611	6627	2066	688
2328	2	328	98	121	121	133	110	6475	16400	0	1642	1695	6611	6627	2066	688
2329	2	329	98	121	121	133	110	6475	16400	0	1642	1695	6611	6627	2066	688
2330	2	330	98	121	121	133	110	6475	16400	0	1642	1695	6611	6627	2066	688
2331	2	331	98	121	121	133	110	6475	16400	0	1642	1695	6611	6627	2066	688
2332	2	332	98	121	121	133	110	6475	16400	0	1642	1695	6611	6627	2066	688
2333	2	333	98	121	121	133	110	6475	16400	0	1642	1695	6611	6627	2066	688
2334	2	334	98	121	121	133	110	6475	16400	0	1642	1695	6611	6627	2066	688
2335	2	335	98	121	121	133	110	6475	16400	0	1642	1695	6611	6627	2066	688
2336	2	336	98	121	121	133	110	6475	16400	0	1642	1695	6611	6627	2066	688
2337	2	337	98	121	121	133	110	6475	16400	0	1642	1695	6611	6627	2066	688
2338	2	338	98	121	121	133	110	6475	16400	0	1642	1695	6611	6627	2066	688
2339	2	339	98	121	121	133	110	6475	16400	0	1642	1695	6611	6627	2066	688
2340	2	340	98	121	121	133	110	6475	16400	0	1642	1695	6611	6627	2066	688
2341	2	341	98	121	121	133	110	6475	16400	0	1642	1695	6611	6627	2066	688
2342	2	342	98	121	121	133	110	6475	16400	0	1642	1695	6611	6627	2066	688
2343	2	343	98	121	121	133	110	6475	16400	0	1642	1695	6611	6627	2066	688
2344	2	344	98	121	121	133	110	6475	16400	0	1642	1695	6611	6627	2066	688
2345	2	345	98	121	121	133	110	6475	16400	0	1642	1695	6611	6627	2066	688
2346	2	346	98	121	121	133	110	6475	16400	0	1642	1695	6611	6627	2066	688
2347	2	347	98	121	121	133	110	6475	16400	0	1642	1695	6611	6627	2066	688
2348	2	348	98	121	121	133	110	6475	16400	0	1642	1695	6611	6627	2066	688
2349	2	349	98	121	121	133	110	6475	16400	0	1642	1695	6611	6627	2066	688
2350	2	350	98	121	121	133	110	6475	16400	0	1642	1695	6611	6627	2066	688
2351	2	351	98	121	121	133	110	6475	16400	0	1642	1695	6611	6627	2066	688
2352	2	352	98	121	121	133	110	6475	16400	0	1642	1695	6611	6627	2066	688
2353	2	353	98	121	121	133	110	6475	16400	0	1642	1695	6611	6627	2066	688
2354	2	354	98	121	121	133	110	6475	16400	0	1642	1695	6611	6627	2066	688
2355	2	355	98	121	121	133	110	6475	16400	0	1642	1695	6611	6627	2066	688
2356	2	356	98	121	121	133	110	6475	16400	0	1642	1695	6611	6627	2066	688
2357	2	357	98	121	121	133	110	6475	16400	0	1642	1695	6611	6627	2066	688
2358	2	358	98	121	121	133	110	6475	16400	0	1642	1695	6611	6627	2066	688
2359	2	359	98	121	121	133	110	6475	16400	0	1642	1695	6611	6627	2066	688
2360	2	360	98	121	121	133	110	6475	16400	0	1642	1695	6611	6627	2066	688
2361	2	361	98	121	121	133	110	6475	16400	0	1642	1695	6611	6627	2066	688
2362	2	362	98	121	121	133	110	6475	16400	0	1642	1695	6611	6627	2066	688
2363	2	363	98	121	121	133	110	6475	16400	0	1642	1695	6611	6627	2066	688
2364	2	364	98	121	121	133	110	6475	16400	0	1642	1695	6611	6627	2066	688
2365	2	365	98	121	121	133	110	6475	16400	0	1642	1695	6611	6627	2066	688
2366	2	366	98	121	121	133	110	6475	16400	0	1642	1695	6611	6627	2066	688
2367	2	367	98	121	121	133	110	6475	16400	0	1642	1695	6611	6627	2066	688
2368	2	368	98	121	121	133	110	6475	16400	0	1642	1695	6611	6627	2066	688
2369	2	369	98	121	121	133	110	6475	16400	0	1642	1695	6611	6627	2066	688
2370	2	370	98	121	121	133	110	6475	16400	0	1642	1695	6611	6627	2066	688
2371	2	371	98	121	121	133	110	6475	16400	0	1642	1695	6611	6627	2066	688
2372	2	372	98	121	121	133	110	6475	16400	0	1642	1695	6611	6627	2066	688
2373	2	373	98	121	121	133	110	6475	16400	0	1642	1695	6611	6627	2066	688
2374	2	374	98	121	121	133	110	6475	16400	0	1642	1695	6611	6627	2066	688
2375	2	375	98	121	121	133	110	6475	16400	0	1642	1695	6611	6627	2066	688
2376	2	376	98	121	121	133	110	6475	16400	0	1642	1695	6611	6627	2066	688
2377	2	377	98	121	121	133	110	6475	16400	0	1642	1695	6611	6627	2066	688
2378	2	378	98	121	121	133	110	6475	16400	0	1642	1695	6611	6627	2066	688
2379	2	379	98	121	121	133	110	6475	16400	0	1642	1695	6611	6627	2066	688
2380	2	380	98	121	121	133	110	6475	16400	0	1642	1695	6611	6627	2066	688
2381	2	381	98	121	121	133	110	6475	16400	0	1642	1695	6611	6627	2066	688
2382	2	382	98	121	121	133	110	6475	16400	0	1642	1695	6611	6627	2066	688
2383	2	383	98	121	121	133	110	6475	16400	0	1642	1695	6611	6627	2066	688
2384	2	384	98	121	121	133	110	6475	16400	0	1642	1695	6611	6627	2066	688
2385	2	385	98	121	121	133	110	6475	16400	0	1642	1695	6611	6627	2066	688
2386	2	386	98	121	121	133	110	6475	16400	0	1642	1695	6611	6627	2066	688
2387	2	387	98	121	121	133	110	6475	16400	0	1642	1695	6611	6627	2066	688
2388	2	388	98	121	121	133	110	6475	16400	0	1642	1695	6611	6627	2066	688
2389	2	389	98	121	121	133	110	6475	16400	0	1642	1695	6611	6627	2066	688
2390	2	390	98	121	121	133	110	6475	16400	0	1642	1695	6611	6627	2066	688
2391	2	391	98	121	121	133	110	6475	16400	0	1642	1695	6611	6627	2066	688
2392	2	392	98	121	121	133	110	6475	16400	0	1642	1695	6611	6627	2066	688
2393	2	393	98	121	121	133	110	6475	16400	0	1642	1695	6611	6627	2066	688
2394	2	394	98	121	121	133	110	6475	16400	0	1642	1695	6611	6627	2066	688
2395	2	395	98	121	121	133	110	6475	16400	0	1642	1695	6611	6627	2066	688
2396	2	396	98	121	121	133	110	6475	16400	0	1642	1695	6611	6627	2066	688
2397	2	397	98	121	121	133	110	6475	16400	0	1642	1695	6611	6627	2066	688
2398	2	398	98	121	121	133	110	6475	16400	0	1642	1695	6611	6627	2066	688
2399	2	399	98	121	121	133	110	6475	16400	0	1642	1695	6611	6627	2066	688
2400	2	400	98	121	121	133	110	6475	16400	0	1642	1695	6611	6627	2066	688
2401	2	401	98	121	121	133	110	6475	16400	0	1642	1695	6611	6627	2066	688
2402	2	402	98	121	121	133	110	6475	16400	0	1642	1695	6611	6627	2066	688
2403	2	403	98	121	121	133	110	6475	16400	0	1642	1695	6611	6627	2066	688
2404	2	404	98	121	121	133	110	6475	16400	0	1642	1695	6611	6627	2066	688
2405	2	405	98	121	121	133	110	6475	16400	0	1642	1695	6611	6627	2066	688
2406	2	406	98	121	121	133	110	6475	16400	0	1642	1695	6611	6627	2066	688
2407	2	407	98	121	121	133	110	6475	16400	0	1642	1695	6611	6627	2066	688
2408	2	408	98	121	121	133	110	6475	16400	0	1642	1695	6611	6627	2066	688
2409	2	409	98	121	121	133	110	6475	16400	0	1642	1695	6611	6627	2066	688
2410	2	410	98	121	121	133	110	6475	16400	0	1642	1695	6611	6627	2066	688
2411	2	411	98	121	121	133	110	6475	16400	0	1642	1695	6611	6627	2066	688
2412	2	412	98	121	121	133	110	6475	16400	0	1642	1695	6611	6627	2066	688
2413	2	413	98	121	121	133	110	6475	16400	0	1642	1695	6611	6627	2066	688
2414	2	414	98	121	121	133	110	6475	16400	0	1642	1695	6611	6627	2066	688
2415	2	415	98	121	121	133	110	6475	16400	0	1642	1695	6611	6627	2066	688
2416	2	416	98	121	121	133	110	6475	16400	0	1642	1695	6611	6627	2066	688
2417	2	417	98	121	121	133	110	6475	16400	0	1642	1695	6611	6627	2066	688
2418	2	418	98	121	121	133	110	6475	16400	0	1642	1695	6611	6627	2066	688
2419	2	419	98	121	121	133	110	6475	16400	0	1642	1695	6611	6627	2066	688
2420	2	420	98	121	121	133	110	6475	16400	0	1642	1695	6611	6627	2066	688
2421	2	421	98	121	121	133	110	6475	16400	0	1642	1695	6611	6627	2066	688
2422	2	422	98	121	121	133	110	6475	16400	0	1642	1695	6611	6627	2066	688
2423	2	423	98	121	121	133	110	6475	16400	0	1642	1695	6611	6627	2066	688
2424	2	424	98	121	121	133	110	6475	16400	0	1642	1695	6611	6627	2066	688
2425	2	425	98	121	121	133	110	6475	16400	0	1642	1695	6611	6627	2066	688
2426	2	426	98	121	121	133	110	6475	16400	0	1642	1695	6611	6627	2066	688
2427	2	427	98	121	121	133	110	6475	16400	0	1642	1695	6611	6627	2066	688
2428	2	428	98	121	121	133	110	6475	16400	0	1642	1695	6611	6627	2066	688
2429	2	429	98	121	121	133	110	6475	16400	0	1642	1695	6611	6627	2066	688
2430	2	430	98	121	121	133	110	6475	16400	0	1642	1695	6611	6627	2066	688
2431	2	431	98	121	121	133	110	6475	16400	0	1642	1695	6611	6627	2066	688
2432	2	432	98	121	121	133	110	6475	16400	0	1642	1695	6611	6627	2066	688
2433	2	433	98	121	121	133	110	6475	16400	0	1642	1695	6611	6627	2066	688
2434	2	434	98	121	121	133	110	6475	16400	0	1642	1695	6611	6627	2066	688
2435	2	435	98	121	121	133	110	6475	16400	0	1642	1695	6611	6627	2066	688
2436	2	436	98	121	121	133	110	6475	16400	0	1642	1695	6611	6627	2066	688
2437	2	437	98	121	121	133	110	6475	16400	0	1642	1695	6611	6627	2066	688
2438	2	438	98	121	121	133	110	6475	16400	0	1642	1695	6611	6627	2066	688
2439	2	439	98	121	121	133	110	6475	16400	0	1642	1695	6611	6627	2066	688
2440	2	440	98	121	121	133	110	6475	16400	0	1642	1695	6611	6627	2066	688
2441	2	441	98	121	121	133	110	6475	16400	0	1642	1695	6611	6627	2066	688
2442	2	442	98	121	121	133	110	6475	16400	0	1642	1695	6611	6627	2066	688
2443	2	443	98	121	121	133	110	6475	16400	0	1642	1695	6611	6627	2066	688
2444	2	444	98	121	121	133	110	6475	16400	0	1642	1695	6611	6627	2066	688
2445	2	445	98	121	121	133	110	6475	16400	0	1642	1695	6611	6627	2066	688
2446	2	446	98	121	121	133	110	6475	16400	0	1642	1695	6611	6627	2066	688
2447	2	447	98	121	121	133	110	6475	16400	0	1642	1695	6611	6627	2066	688
2448	2	448	98	121	121	133	110	6475	16400	0	1642	1695	6611	6627	2066	688
2449	2	449	98	121	121	133	110	6475	16400	0	1642	1695	6611	6627	2066	688
2450	2	450	98	121	121	133	110	6475	16400	0	1642	1695	6611	6627	2066	688
2451	2	451	98	121	121	133	110	6475	16400	0	1642	1695	6611	6627	2066	688
2452	2	452	98	121	121	133	110	6475	16400	0	1642	1695	6611	6627	2066	688
2453	2	453	98	121	121	133	110	6475	16400	0	1642	1695	6611	6627	2066	688
2454	2	454	98	121	121	133	110	6475	16400	0	1642	1695	6611	6627	2066	688
2455	2	455	98	121	121	133	110	6475	16400	0	1642	1695	6611	6627	2066	688
2456	2	456	98	121	121	133	110	6475	16400	0	1642	1695	6611	6627	2066	688
2457	2	457	98	121	121	133	110	6475	16400	0	1642	1695	6611	6627	2066	688
2458	2	458	98	121	121	133	110	6475	16400	0	1642	1695	6611	6627	2066	688
2459	2	459	98	121	121	133	110	6475	16400	0	1642	1695	6611	6627	2066	688
2460	2	460	98	121	121	133	110	6475	16400	0	1642	1695	6611	6627	2066	688
2461	2	461	98	121	121	133	110	6475	16400	0	1642	1695	6611	6627	2066	688
2462	2	462	98	121	121	133	110	6475	16400	0	1642	1695	6611	6627	2066	688
2463	2	463	98	121	121	133	110	6475	16400	0	1642	1695	6611	6627	2066	688
2464	2	464	98	121	121	133	110	6475	16400	0	1642	1695	6611	6627	2066	688
2465	2	465	98	121	121	133	110	6475	16400	0	1642	1695	6611	6627	2066	688
2466	2	466	98	121	121	133	110	6475	16400	0	1642	1695	6611	6627	2066	688
2467	2	467	98	121	121	133	110	6475	16400	0	1642	1695	6611	6627	2066	688
2468	2	468	98	121	121	133	110	6475	16400	0	1642	1695	6611	6627	2066	688
2469	2	469	98	121	121	133	110	6475	16400	0	1642	1695	6611	6627	2066	688
2470	2	470	98	121	121	133	110	6475	16400	0	1642	1695	6611	6627	2066	688
2471	2	471	98	121	121	133	110	6475	16400	0	1642	1695	6611	6627	2066	688
2472	2	472	98	121	121	133	110	6475	16400	0	1642	1695	6611	6627	2066	688
2473	2	473	98	121	121	133	110	6475	16400	0	1642	1695	6611	6627	2066	688
2474	2	474	98	121	121	133	110	6475	16400	0	1642	1695	6611	6627	2066	688
2475	2	475	98	121	121	133	110	6475	16400	0	1642	1695	6611	6627	2066	688
2476	2	476	98	121	121	133	110	6475	16400	0	1642	1695	6611	6627	2066	688
2477	2	477	98	121	121	133	110	6475	16400	0	1642	1695	6611	6627	2066	688
2478	2	478	98	121	121	133	110	6475	16400	0	1642	1695	6611	6627	2066	688
2479	2	479	98	121	121	133	110	6475	16400	0	1642	1695	6611	6627	2066	688
2480	2	480	98	121	121	133	110	6475	16400	0	1642	1695	6611	6627	2066	688
2481	2	481	98	121	121	133	110	6475	16400	0	1642	1695	6611	6627	2066	688
2482	2	482	98	121	121	133	110	6475	16400	0	1642	1695	6611	6627	2066	688
2483	2	483	98	121	121	133	110	6475	16400	0	1642	1695	6611	6627	2066	688
2484	2	484	98	121	121	133	110	6475	16400	0	1642	1695	6611	6627	2066	688
2485	2	485	98	121	121	133	110	6475	16400	0	1642	1695	6611	6627	2066	688
2486	2	486	98	121	121	133	110	6475	16400	0	1642	1695	6611	6627	2066	688
2487	2	487	98	121	121	133	110	6475	16400	0	1642	1695	6611	6627	2066	688
2488	2	488	98	121	121	133	110	6475	16400	0	1642	1695	6611	6627	2066	688
2489	2	489	98	121	121	133	110	6475	16400	0	1642	1695	6611	6627	2066	688
2490	2	490	98	121	121	133	110	6475	16400	0	1642	1695	6611	6627	2066	688
2491	2	491	98	121	121	133	110	6475	16400	0	1642	1695	6611	6627	2066	688
2492	2	492	98	121	121	133	110	6475	16400	0	1642	1695	6611	6627	2066	688
2493	2	493	98	121	121	133	110	6475	16400	0	1642	1695	6611	6627	2066	688
2494	2	494	98	121	121	133	110	6475	16400	0	1642	1695	6611	6627	2066	688
2495	2	495	98	121	121	133	110	6475	16400	0	1642	1695	6611	6627	2066	688
2496	2	496	98	121	121	133	110	6475	16400	0	1642	1695	6611	6627	2066	688
2497	2	497	98	121	121	133	110	6475	16400	0	1642	1695	6611	6627	2066	688
2498	2	498	98	121	121	133	110	6475	16400	0	1642	1695	6611	6627	2066	688
2499	2	499	98	121	121	133	110	6475	16400	0	1642	1695	6611	6627	2066	688
2500	2	500	98	121	121	133	110	6475	16400	0	1642	1695	6611	6627	2066	688
2501	2	501	98	121	121	133	110	6475	16400	0	1642	1695	6611	6627	2066	688
2502	2	502	98	121	121	133	110	6475	16400	0	1642	1695	6611	6627	2066	688
2503	2	503	98	121	121	133	110	6475	16400	0	1642	1695	6611	6627	2066	688
2504	2	504	98	121	121	133	110	6475	16400	0	1642	1695	6611	6627	2066	688
2505	2	505	98	121	121	133	110	6475	16400	0	1642	1695	6611	6627	2066	688
2506	2	506	98	121	121	133	110	6475	16400	0	1642	1695	6611	6627	2066	688
2507	2	507	98	121	121	133	110	6475	16400	0	1642	1695	6611	6627	2066	688
2508	2	508	98	121	121	133	110	6475	16400	0	1642	1695	6611	6627	2066	688
2509	2	509	98	121	121	133	110	6475	16400	0	1642	1695	6611	6627	2066	688
2510	2	510	98	121	121	133	110	6475	16400	0	1642	1695	6611	6627	2066	688
2511	2	511	98	121	121	133	110	6475	16400	0	1642	1695	6611	6627	2066	688
2512	2	512	98	121	121	133	110	6475	16400	0	1642	1695	6611	6627	2066	688
2513	2	513	98	121	121	133	110	6475	16400	0	1642	1695	6611	6627	2066	688
2514	2	514	98	121	121	133	110	6475	16400	0	1642	1695	6611	6627	2066	688
2515	2	515	98	121	121	133	110	6475	16400	0	1642	1695	6611	6627	2066	688
2516	2	516	98	121	121	133	110	6475	16400	0	1642	1695	6611	6627	2066	688
2517	2	517	98	121	121	133	110	6475	16400	0	1642	1695	6611	6627	2066	688
2518	2	518	98	121	121	133	110	6475	16400	0	1642	1695	6611	6627	2066	688
2519	2	519	98	121	121	133	110	6475	16400	0	1642	1695	6611	6627	2066	688
2520	2	520	98	121	121	133	110	6475	16400	0	1642	1695	6611	6627	2066	688
2521	2	521	98	121	121	133	110	6475	16400	0	1642	1695	6611	6627	2066	688
2522	2	522	98	121	121	133	110	6475	16400	0	1642	1695	6611	6627	2066	688
2523	2	523	98	121	121	133	110	6475	16400	0	1642	1695	6611	6627	2066	688
2524	2	524	98	121	121	133	110	6475	16400	0	1642	1695	6611	6627	2066	688
2525	2	525	98	121	121	133	110	6475	16400	0	1642	1695	6611	6627	2066	688
2526	2	526	98	121	121	133	110	6475	16400	0	1642	1695	6611	6627	2066	688
2527	2	527	98	121	121	133	110	6475	16400	0	1642	1695	6611	6627	2066	688
2528	2	528	98	121	121	133	110	6475	16400	0	1642	1695	6611	6627	2066	688
2529	2	529	98	121	121	133	110	6475	16400	0	1642	1695	6611	6627	2066	688
2530	2	530	98	121	121	133	110	6475	16400	0	1642	1695	6611	6627	2066	688
2531	2	531	98	121	121	133	110	6475	16400	0	1642	1695	6611	6627	2066	688
2532	2	532	98	121	121	133	110	6475	16400	0	1642	1695	6611	6627	2066	688
2533	2	533	98	121	121	133	110	6475	16400	0	1642	1695	6611	6627	2066	688
2534	2	534	98	121	121	133	110	6475	16400	0	1642	1695	6611	6627	2066	688
2535	2	535	98	121	121	133	110	6475	16400	0	1642	1695	6611	6627	2066	688
2536	2	536	98	121	121	133	110	6475	16400	0	1642	1695	6611	6627	2066	688
2537	2	537	98	121	121	133	110	6475	16400	0	1642	1695	6611	6627	2066	688
2538	2	538	98	121	121	133	110	6475	16400	0	1642	1695	6611	6627	2066	688
2539	2	539	98	121	121	133	110	6475	16400	0	1642	1695	6611	6627	2066	688
2540	2	540	98	121	121	133	110	6475	16400	0	1642	1695	6611	6627	2066	688
2541	2	541	98	121	121	133	110	6475	16400	0	1642	1695	6611	6627	2066	688
2542	2	542	98	121	121	133	110	6475	16400	0	1642	1695	6611	6627	2066	688
2543	2	543	98	121	121	133	110	6475	16400	0	1642	1695	6611	6627	2066	688
2544	2	544	98	121	121	133	110	6475	16400	0	1642	1695	6611	6627	2066	688
2545	2	545	98	121	121	133	110	6475	16400	0	1642	1695	6611	6627	2066	688
2546	2	546	98	121	121	133	110	6475	16400	0	1642	1695	6611	6627	2066	688
2547	2	547	98	121	121	133	110	6475	16400	0	1642	1695	6611	6627	2066	688
2548	2	548	98	121	121	133	110	6475	16400	0	1642	1695	6611	6627	2066	688
2549	2	549	98	121	121	133	110	6475	16400	0	1642	1695	6611	6627	2066	688
2550	2	550	98	121	121	133	110	6475	16400	0	1642	1695	6611	6627	2066	688
2551	2	551	98	121	121	133	110	6475	16400	0	1642	1695	6611	6627	2066	688
2552	2	552	98	121	121	133	110	6475	16400	0	1642	1695	6611	6627	2066	688
2553	2	553	98	121	121	133	110	6475	16400	0	1642	1695	6611	6627	2066	688
2554	2	554	98	121	121	133	110	6475	16400	0	1642	1695	6611	6627	2066	688
2555	2	555	98	121	121	133	110	6475	16400	0	1642	1695	6611	6627	2066	688
2556	2	556	98	121	121	133	110	6475	16400	0	1642	1695	6611	6627	2066	688
2557	2	557	98	121	121	133	110	6475	16400	0	1642	1695	6611	6627	2066	688
2558	2	558	98	121	121	133	110	6475	16400	0	1642	1695	6611	6627	2066	688
2559	2	559	98	121	121	133	110	6475	16400	0	1642	1695	6611	6627	2066	688
2560	2	560	98	121	121	133	110	6475	16400	0	1642	1695	6611	6627	2066	688
2561	2	561	98	121	121	133	110	6475	16400	0	1642	1695	6611	6627	2066	688
2562	2	562	98	121	121	133	110	6475	16400	0	1642	1695	6611	6627	2066	688
2563	2	563	98	121	121	133	110	6475	16400	0	1642	1695	6611	6627	2066	688
2564	2	564	98	121	121	133	110	6475	16400	0	1642	1695	6611	6627	2066	688
2565	2	565	98	121	121	133	110	6475	16400	0	1642	1695	6611	6627	2066	688
2566	2	566	98	121	121	133	110	6475	16400	0	1642	1695	6611	6627	2066	688
2567	2	567	98	121	121	133	110	6475	16400	0	1642	1695	6611	6627	2066	688
2568	2	568	98	121	121	133	110	6475	16400	0	1642	1695	6611	6627	2066	688
2569	2	569	98	121	121	133	110	6475	16400	0	1642	1695	6611	6627	2066	688
2570	2	570	98	121	121	133	110	6475	16400	0	1642	1695	6611	6627	2066	688
2571	2	571	98	121	121	133	110	6475	16400	0	1642	1695	6611	6627	2066	688
2572	2	572	98	121	121	133	110	6475	16400	0	1642	1695	6611	6627	2066	688
2573	2	573	98	121	121	133	110	6475	16400	0	1642	1695	6611	6627	2066	688
2574	2	574	98	121	121	133	110	6475	16400	0	1642	1695	6611	6627	2066	688
2575	2	575	98	121	121	133	110	6475	16400	0	1642	1695	6611	6627	2066	688
2576	2	576	98	121	121	133	110	6475	16400	0	1642	1695	6611	6627	2066	688
2577	2	577	98	121	121	133	110	6475	16400	0	1642	1695	6611	6627	2066	688
2578	2	578	98	121	121	133	110	6475	16400	0	1642	1695	6611	6627	2066	688
2579	2	579	98	121	121	133	110	6475	16400	0	1642	1695	6611	6627	2066	688
2580	2	580	98	121	121	133	110	6475	16400	0	1642	1695	6611	6627	2066	688
2581	2	581	98	121	121	133	110	6475	16400	0	1642	1695	6611	6627	2066	688
2582	2	582	98	121	121	133	110	6475	16400	0	1642	1695	6611	6627	2066	688
2583	2	583	98	121	121	133	110	6475	16400	0	1642	1695	6611	6627	2066	688
2584	2	584	98	121	121	133	110	6475	16400	0	1642	1695	6611	6627	2066	688
2585	2	585	98	121	121	133	110	6475	16400	0	1642	1695	6611	6627	2066	688
2586	2	586	98	121	121	133	110	6475	16400	0	1642	1695	6611	6627	2066	688
2587	2	587	98	121	121	133	110	6475	16400	0	1642	1695	6611	6627	2066	688
2588	2	588	98	121	121	133	110	6475	16400	0	1642	1695	6611	6627	2066	688
2589	2	589	98	121	121	133	110	6475	16400	0	1642	1695	6611	6627	2066	688
2590	2	590	98	121	121	133	110	6475	16400	0	1642	1695	6611	6627	2066	688
2591	2	591	98	121	121	133	110	6475	16400	0	1642	1695	6611	6627	2066	688
2592	2	592	98	121	121	133	110	6475	16400	0	1642	1695	6611	6627	2066	688
2593	2	593	98	121	121	133	110	6475	16400	0	1642	1695	6611	6627	2066	688
2594	2	594	98	121	121	133	110	6475	16400	0	1642	1695	6611	6627	2066	688
2595	2	595	98	121	121	133	110	6475	16400	0	1642	1695	6611	6627	2066	688
2596	2	596	98	121	121	133	110	6475	16400	0	1642	1695	6611	6627	2066	688
2597	2	597	98	121	121	133	110	6475	16400	0	1642	1695	6611	6627	2066	688
2598	2	598	98	121	121	133	110	6475	16400	0	1642	1695	6611	6627	2066	688
2599	2	599	98	121	121	133	110	6475	16400	0	1642	1695	6611	6627	2066	688
2600	2	600	98	121	121	133	110	6475	16400	0	1642	1695	6611	6627	2066	688
2601	2	601	98	121	121	133	110	6475	16400	0	1642	1695	6611	6627	2066	688
2602	2	602	98	121	121	133	110	6475	16400	0	1642	1695	6611	6627	2066	688
2603	2	603	98	121	121	133	110	6475	16400	0	1642	1695	6611	6627	2066	688
2604	2	604	98	121	121	133	110	6475	16400	0	1642	1695	6611	6627	2066	688
2605	2	605	98	121	121	133	110	6475	16400	0	1642	1695	6611	6627	2066	688
2606	2	606	98	121	121	133	110	6475	16400	0	1642	1695	6611	6627	2066	688
2607	2	607	98	121	121	133	110	6475	16400	0	1642	1695	6611	6627	2066	688
2608	2	608	98	121	121	133	110	6475	16400	0	1642	1695	6611	6627	2066	688
2609	2	609	98	121	121	133	110	6475	16400	0	1642	1695	6611	6627	2066	688
2610	2	610	98	121	121	133	110	6475	16400	0	1642	1695	6611	6627	2066	688
2611	2	611	98	121	121	133	110	6475	16400	0	1642	1695	6611	6627	2066	688
2612	2	612	98	121	121	133	110	6475	16400	0	1642	1695	6611	6627	2066	688
2613	2	613	98	121	121	133	110	6475	16400	0	1642	1695	6611	6627	2066	688
2614	2	614	98	121	121	133	110	6475	16400	0	1642	1695	6611	6627	2066	688
2615	2	615	98	121	121	133	110	6475	16400	0	1642	1695	6611	6627	2066	688
2616	2	616	98	121	121	133	110	6475	16400	0	1642	1695	6611	6627	2066	688
2617	2	617	98	121	121	133	110	6475	16400	0	1642	1695	6611	6627	2066	688
2618	2	618	98	121	121	133	110	6475	16400	0	1642	1695	6611	6627	2066	688
2619	2	619	98	121	121	133	110	6475	16400	0	1642	1695	6611	6627	2066	688
2620	2	620	98	121	121	133	110	6475	16400	0	1642	1695	6611	6627	2066	688
2621	2	621	98	121	121	133	110	6475	16400	0	1642	1695	6611	6627	2066	688
2622	2	622	98	121	121	133	110	6475	16400	0	1642	1695	6611	6627	2066	688
2623	2	623	98	121	121	133	110	6475	16400	0	1642	1695	6611	6627	2066	688
2624	2	624	98	121	121	133	110	6475	16400	0	1642	1695	6611	6627	2066	688
2625	2	625	98	121	121	133	110	6475	16400	0	1642	1695	6611	6627	2066	688
2626	2	626	98	121	121	133	110	6475	16400	0	1642	1695	6611	6627	2066	688
2627	2	627	98	121	121	133	110	6475	16400	0	1642	1695	6611	6627	2066	688
2628	2	628	98	121	121	133	110	6475	16400	0	1642	1695	6611	6627	2066	688
2629	2	629	98	121	121	133	110	6475	16400	0	1642	1695	6611	6627	2066	688
2630	2	630	98	121	121	133	110	6475	16400	0	1642	1695	6611	6627	2066	688
2631	2	631	98	121	121	133	110	6475	16400	0	1642	1695	6611	6627	2066	688
2632	2	632	98	121	121	133	110	6475	16400	0	1642	1695	6611	6627	2066	688
2633	2	633	98	121	121	133	110	6475	16400	0	1642	1695	6611	6627	2066	688
2634	2	634	98	121	121	133	110	6475	16400	0	1642	1695	6611	6627	2066	688
2635	2	635	98	121	121	133	110	6475	16400	0	1642	1695	6611	6627	2066	688
2636	2	636	98	121	121	133	110	6475	16400	0	1642	1695	6611	6627	2066	688
2637	2	637	98	121	121	133	110	6475	16400	0	1642	1695	6611	6627	2066	688
2638	2	638	98	121	121	133	110	6475	16400	0	1642	1695	6611	6627	2066	688
2639	2	639	98	121	121	133	110	6475	16400	0	1642	1695	6611	6627	2066	688
2640	2	640	98	121	121	133	110	6475	16400	0	1642	1695	6611	6627	2066	688
2641	2	641	98	121	121	133	110	6475	16400	0	1642	1695	6611	6627	2066	688
2642	2	642	98	121	121	133	110	6475	16400	0	1642	1695	6611	6627	2066	688
2643	2	643	98	121	121	133	110	6475	16400	0	1642	1695	6611	6627	2066	688
2644	2	644	98	121	121	133	110	6475	16400	0	1642	1695	6611	6627	2066	688
2645	2	645	98	121	121	133	110	6475	16400	0	1642	1695	6611	6627	2066	688
2646	2	646	98	121	121	133	110	6475	16400	0	1642	1695	6611	6627	2066	688
2647	2	647	98	121	121	133	110	6475	16400	0	1642	1695	6611	6627	2066	688
2648	2	648	98	121	121	133	110	6475	16400	0	1642	1695	6611	6627	2066	688
2649	2	649	98	121	121	133	110	6475	16400	0	1642	1695	6611	6627	2066	688
2650	2	650	98	121	121	133	110	6475	16400	0	1642	1695	6611	6627	2066	688
2651	2	651	98	121	121	133	110	6475	16400	0	1642	1695	6611	6627	2066	688
2652	2	652	98	121	121	133	110	6475	16400	0	1642	1695	6611	6627	2066	688
2653	2	653	98	121	121	133	110	6475	16400	0	1642	1695	6611	6627	2066	688
2654	2	654	98	121	121	133	110	6475	16400	0	1642	1695	6611	6627	2066	688
2655	2	655	98	121	121	133	110	6475	16400	0	1642	1695	6611	6627	2066	688
2656	2	656	98	121	121	133	110	6475	16400	0	1642	1695	6611	6627	2066	688
2657	2	657	98	121	121	133	110	6475	16400	0	1642	1695	6611	6627	2066	688
2658	2	658	98	121	121	133	110	6475	16400	0	1642	1695	6611	6627	2066	688
2659	2	659	98	121	121	133	110	6475	16400	0	1642	1695	6611	6627	2066	688
2660	2	660	98	121	121	133	110	6475	16400	0	1642	1695	6611	6627	2066	688
2661	2	661	98	121	121	133	110	6475	16400	0	1642	1695	6611	6627	2066	688
2662	2	662	98	121	121	133	110	6475	16400	0	1642	1695	6611	6627	2066	688
2663	2	663	98	121	121	133	110	6475	16400	0	1642	1695	6611	6627	2066	688
2664	2	664	98	121	121	133	110	6475	16400	0	1642	1695	6611	6627	2066	688
2665	2	665	98	121	121	133	110	6475	16400	0	1642	1695	6611	6627	2066	688
2666	2	666	98	121	121	133	110	6475	16400	0	1642	1695	6611	6627	2066	688
2667	2	667	98	121	121	133	110	6475	16400	0	1642	1695	6611	6627	2066	688
2668	2	668	98	121	121	133	110	6475	16400	0	1642	1695	6611	6627	2066	688
2669	2	669	98	121	121	133	110	6475	16400	0	1642	1695	6611	6627	2066	688
2670	2	670	98	121	121	133	110	6475	16400	0	1642	1695	6611	6627	2066	688
2671	2	671	98	121	121	133	110	6475	16400	0	1642	1695	6611	6627	2066	688
2672	2	672	98	121	121	133	110	6475	16400	0	1642	1695	6611	6627	2066	688
2673	2	673	98	121	121	133	110	6475	16400	0	1642	1695	6611	6627	2066	688
2674	2	674	98	121	121	133	110	6475	16400	0	1642	1695	6611	6627	2066	688
2675	2	675	98	121	121	133	110	6475	16400	0	1642	1695	6611	6627	2066	688
2676	2	676	98	121	121	133	110	6475	16400	0	1642	1695	6611	6627	2066	688
2677	2	677	98	121	121	133	110	6475	16400	0	1642	1695	6611	6627	2066	688
2678	2	678	98	121	121	133	110	6475	16400	0	1642	1695	6611	6627	2066	688
2679	2	679	98	121	121	133	110	6475	16400	0	1642	1695	6611	6627	2066	688
2680	2	680	98	121	121	133	110	6475	16400	0	1642	1695	6611	6627	2066	688
2681	2	681	98	121	121	133	110	6475	16400	0	1642	1695	6611	6627	2066	688
2682	2	682	98	121	121	133	110	6475	16400	0	1642	1695	6611	6627	2066	688
2683	2	683	98	121	121	133	110	6475	16400	0	1642	1695	6611	6627	2066	688
2684	2	684	98	121	121	133	110	6475	16400	0	1642	1695	6611	6627	2066	688
2685	2	685	98	121	121	133	110	6475	16400	0	1642	1695	6611	6627	2066	688
2686	2	686	98	121	121	133	110	6475	16400	0	1642	1695	6611	6627	2066	688
2687	2	687	98	121	121	133	110	6475	16400	0	1642	1695	6611	6627	2066	688
2688	2	688	98	121	121	133	110	6475	16400	0	1642	1695	6611	6627	2066	688
2689	2	689	98	121	121	133	110	6475	16400	0	1642	1695	6611	6627	2066	688
2690	2	690	98	121	121	133	110	6475	16400	0	1642	1695	6611	6627	2066	688
2691	2	691	98	121	121	133	110	6475	16400	0	1642	1695	6611	6627	2066	688
2692	2	692	98	121	121	133	110	6475	16400	0	1642	1695	6611	6627	2066	688
2693	2	693	98	121	121	133	110	6475	16400	0	1642	1695	6611	6627	2066	688
2694	2	694	98	121	121	133	110	6475	16400	0	1642	1695	6611	6627	2066	688
2695	2	695	98	121	121	133	110	6475	16400	0	1642	1695	6611	6627	2066	688
2696	2	696	98	121	121	133	110	6475	16400	0	1642	1695	6611	6627	2066	688
2697	2	697	98	121	121	133	110	6475	16400	0	1642	1695	6611	6627	2066	688
2698	2	698	98	121	121	133	110	6475	16400	0	1642	1695	6611	6627	2066	688
2699	2	699	98	121	121	133	110	6475	16400	0	1642	1695	6611	6627	2066	688
2700	2	700	98	121	121	133	110	6475	16400	0	1642	1695	6611	6627	2066	688
2701	2	701	98	121	121	133	110	6475	16400	0	1642	1695	6611	6627	2066	688
2702	2	702	98	121	121	133	110	6475	16400	0	1642	1695	6611	6627	2066	688
2703	2	703	98	121	121	133	110	6475	16400	0	1642	1695	6611	6627	2066	688
2704	2	704	98	121	121	133	110	6475	16400	0	1642	1695	6611	6627	2066	688
2705	2	705	98	121	121	133	110	6475	16400	0	1642	1695	6611	6627	2066	688
2706	2	706	98	121	121	133	110	6475	16400	0	1642	1695	6611	6627	2066	688
2707	2	707	98	121	121	133	110	6475	16400	0	1642	1695	6611	6627	2066	688
2708	2	708	98	121	121	133	110	6475	16400	0	1642	1695	6611	6627	2066	688
2709	2	709	98	121	121	133	110	6475	16400	0	1642	1695	6611	6627	2066	688
2710	2	710	98	121	121	133	110	6475	16400	0	1642	1695	6611	6627	2066	688
2711	2	711	98	121	121	133	110	6475	16400	0	1642	1695	6611	6627	2066	688
2712	2	712	98	121	121	133	110	6475	16400	0	1642	1695	6611	6627	2066	688
2713	2	713	98	121	121	133	110	6475	16400	0	1642	1695	6611	6627	2066	688
2714	2	714	98	121	121	133	110	6475	16400	0	1642	1695	6611	6627	2066	688
2715	2	715	98	121	121	133	110	6475	16400	0	1642	1695	6611	6627	2066	688
2716	2	716	98	121	121	133	110	6475	16400	0	1642	1695	6611	6627	2066	688
2717	2	717	98	121	121	133	110	6475	16400	0	1642	1695	6611	6627	2066	688
2718	2	718	98	121	121	133	110	6475	16400	0	1642	1695	6611	6627	2066	688
2719	2	719	98	121	121	133	110	6475	16400	0	1642	1695	6611	6627	2066	688
2720	2	720	98	121	121	133	110	6475	16400	0	1642	1695	6611	6627	2066	688
2721	2	721	98	121	121	133	110	6475	16400	0	1642	1695	6611	6627	2066	688
2722	2	722	98	121	121	133	110	6475	16400	0	1642	1695	6611	6627	2066	688
2723	2	723	98	121	121	133	110	6475	16400	0	1642	1695	6611	6627	2066	688
2724	2	724	98	121	121	133	110	6475	16400	0	1642	1695	6611	6627	2066	688
2725	2	725	98	121	121	133	110	6475	16400	0	1642	1695	6611	6627	2066	688
2726	2	726	98	121	121	133	110	6475	16400	0	1642	1695	6611	6627	2066	688
2727	2	727	98	121	121	133	110	6475	16400	0	1642	1695	6611	6627	2066	688
2728	2	728	98	121	121	133	110	6475	16400	0	1642	1695	6611	6627	2066	688
2729	2	729	98	121	121	133	110	6475	16400	0	1642	1695	6611	6627	2066	688
2730	2	730	98	121	121	133	110	6475	16400	0	1642	1695	6611	6627	2066	688
2731	2	731	98	121	121	133	110	6475	16400	0	1642	1695	6611	6627	2066	688
2732	2	732	98	121	121	133	110	6475	16400	0	1642	1695	6611	6627	2066	688
2733	2	733	98	121	121	133	110	6475	16400	0	1642	1695	6611	6627	2066	688
2734	2	734	98	121	121	133	110	6475	16400	0	1642	1695	6611	6627	2066	688
2735	2	735	98	121	121	133	110	6475	16400	0	1642	1695	6611	6627	2066	688
2736	2	736	98	121	121	133	110	6475	16400	0	1642	1695	6611	6627	2066	688
2737	2	737	98	121	121	133	110	6475	16400	0	1642	1695	6611	6627	2066	688
2738	2	738	98	121	121	133	110	6475	16400	0	1642	1695	6611	6627	2066	688
2739	2	739	98	121	121	133	110	6475	16400	0	1642	1695	6611	6627	2066	688
2740	2	740	98	121	121	133	110	6475	16400	0	1642	1695	6611	6627	2066	688
2741	2	741	98	121	121	133	110	6475	16400	0	1642	1695	6611	6627	2066	688
2742	2	742	98	121	121	133	110	6475	16400	0	1642	1695	6611	6627	2066	688
2743	2	743	98	121	121	133	110	6475	16400	0	1642	1695	6611	6627	2066	688
2744	2	744	98	121	121	133	110	6475	16400	0	1642	1695	6611	6627	2066	688
2745	2	745	98	121	121	133	110	6475	16400	0	1642	1695	6611	6627	2066	688
2746	2	746	98	121	121	133	110	6475	16400	0	1642	1695	6611	6627	2066	688
2747	2	747	98	121	121	133	110	6475	16400	0	1642	1695	6611	6627	2066	688
2748	2	748	98	121	121	133	110	6475	16400	0	1642	1695	6611	6627	2066	688
2749	2	749	98	121	121	133	110	6475	16400	0	1642	1695	6611	6627	2066	688
2750	2	750	98	121	121	133	110	6475	16400	0	1642	1695	6611	6627	2066	688
2751	2	751	98	121	121	133	110	6475	16400	0	1642	1695	6611	6627	2066	688
2752	2	752	98	121	121	133	110	6475	16400	0	1642	1695	6611	6627	2066	688
2753	2	753	98	121	121	133	110	6475	16400	0	1642	1695	6611	6627	2066	688
2754	2	754	98	121	121	133	110	6475	16400	0	1642	1695	6611	6627	2066	688
2755	2	755	98	121	121	133	110	6475	16400	0	1642	1695	6611	6627	2066	688
2756	2	756	98	121	121	133	110	6475	16400	0	1642	1695	6611	6627	2066	688
2757	2	757	98	121	121	133	110	6475	16400	0	1642	1695	6611	6627	2066	688
2758	2	758	98	121	121	133	110	6475	16400	0	1642	1695	6611	6627	2066	688
2759	2	759	98	121	121	133	110	6475	16400	0	1642	1695	6611	6627	2066	688
2760	2	760	98	121	121	133	110	6475	16400	0	1642	1695	6611	6627	2066	688
2761	2	761	98	121	121	133	110	6475	16400	0	1642	1695	6611	6627	2066	688
2762	2	762	98	121	121	133	110	6475	16400	0	1642	1695	6611	6627	2066	688
2763	2	763	98	121	121	133	110	6475	16400	0	1642	1695	6611	6627	2066	688
2764	2	764	98	121	121	133	110	6475	16400	0	1642	1695	6611	6627	2066	688
2765	2	765	98	121	121	133	110	6475	16400	0	1642	1695	6611	6627	2066	688
2766	2	766	98	121	121	133	110	6475	16400	0	1642	1695	6611	6627	2066	688
2767	2	767	98	121	121	133	110	6475	16400	0	1642	1695	6611	6627	2066	688
2768	2	768	98	121	121	133	110	6475	16400	0	1642	1695	6611	6627	2066	688
2769	2	769	98	121	121	133	110	6475	16400	0	1642	1695	6611	6627	2066	688
2770	2	770	98	121	121	133	110	6475	16400	0	1642	1695	6611	6627	2066	688
2771	2	771	98	121	121	133	110	6475	16400	0	1642	1695	6611	6627	2066	688
2772	2	772	98	121	121	133	110	6475	16400	0	1642	1695	6611	6627	2066	688
2773	2	773	98	121	121	133	110	6475	16400	0	1642	1695	6611	6627	2066	688
2774	2	774	98	121	121	133	110	6475	16400	0	1642	1695	6611	6627	2066	688
2775	2	775	98	121	121	133	110	6475	16400	0	1642	1695	6611	6627	2066	688
2776	2	776	98	121	121	133	110	6475	16400	0	1642	1695	6611	6627	2066	688
2777	2	777	98	121	121	133	110	6475	16400	0	1642	1695	6611	6627	2066	688
2778	2	778	98	121	121	133	110	6475	16400	0	1642	1695	6611	6627	2066	688
2779	2	779	98	121	121	133	110	6475	16400	0	1642	1695	6611	6627	2066	688
2780	2	780	98	121	121	133	110	6475	16400	0	1642	1695	6611	6627	2066	688
2781	2	781	98	121	121	133	110	6475	16400	0	1642	1695	6611	6627	2066	688
2782	2	782	98	121	121	133	110	6475	16400	0	1642	1695	6611	6627	2066	688
2783	2	783	98	121	121	133	110	6475	16400	0	1642	1695	6611	6627	2066	688
2784	2	784	98	121	121	133	110	6475	16400	0	1642	1695	6611	6627	2066	688
2785	2	785	98	121	121	133	110	6475	16400	0	1642	1695	6611	6627	2066	688
2786	2	786	98	121	121	133	110	6475	16400	0	1642	1695	6611	6627	2066	688
2787	2	787	98	121	121	133	110	6475	16400	0	1642	1695	6611	6627	2066	688
2788	2	788	98	121	121	133	110	6475	16400	0	1642	1695	6611	6627	2066	688
2789	2	789	98	121	121	133	110	6475	16400	0	1642	1695	6611	6627	2066	688
2790	2	790	98	121	121	133	110	6475	16400	0	1642	1695	6611	6627	2066	688
2791	2	791	98	121	121	133	110	6475	16400	0	1642	1695	6611	6627	2066	688
2792	2	792	98	121	121	133	110	6475	16400	0	1642	1695	6611	6627	2066	688
2793	2	793	98	121	121	133	110	6475	16400	0	1642	1695	6611	6627	2066	688
2794	2	794	98	121	121	133	110	6475	16400	0	1642	1695	6611	6627	2066	688
2795	2	795	98	121	121	133	110	6475	16400	0	1642	1695	6611	6627	2066	688
2796	2	796	98	121	121	133	110	6475	16400	0	1642	1695	6611	6627	2066	688
2797	2	797	98	121	121	133	110	6475	16400	0	1642	1695	6611	6627	2066	688
2798	2	798	98	121	121	133	110	6475	16400	0	1642	1695	6611	6627	2066	688
2799	2	799	98	121	121	133	110	6475	16400	0	1642	1695	6611	6627	2066	688
2800	2	800	98	121	121	133	110	6475	16400	0	1642	1695	6611	6627	2066	688
2801	2	801	98	121	121	133	110	6475	16400	0	1642	1695	6611	6627	2066	688
2802	2	802	98	121	121	133	110	6475	16400	0	1642	1695	6611	6627	2066	688
2803	2	803	98	121	121	133	110	6475	16400	0	1642	1695	6611	6627	2066	688
2804	2	804	98	121	121	133	110	6475	16400	0	1642	1695	6611	6627	2066	688
2805	2	805	98	121	121	133	110	6475	16400	0	1642	1695	6611	6627	2066	688
2806	2	806	98	121	121	133	110	6475	16400	0	1642	1695	6611	6627	2066	688
2807	2	807	98	121	121	133	110	6475	16400	0	1642	1695	6611	6627	2066	688
2808	2	808	98	121	121	133	110	6475	16400	0	1642	1695	6611	6627	2066	688
2809	2	809	98	121	121	133	110	6475	16400	0	1642	1695	6611	6627	2066	688
2810	2	810	98	121	121	133	110	6475	16400	0	1642	1695	6611	6627	2066	688
2811	2	811	98	121	121	133	110	6475	16400	0	1642	1695	6611	6627	2066	688
2812	2	812	98	121	121	133	110	6475	16400	0	1642	1695	6611	6627	2066	688
2813	2	813	98	121	121	133	110	6475	16400	0	1642	1695	6611	6627	2066	688
2814	2	814	98	121	121	133	110	6475	16400	0	1642	1695	6611	6627	2066	688
2815	2	815	98	121	121	133	110	6475	16400	0	1642	1695	6611	6627	2066	688
2816	2	816	98	121	121	133	110	6475	16400	0	1642	1695	6611	6627	2066	688
2817	2	817	98	121	121	133	110	6475	16400	0	1642	1695	6611	6627	2066	688
2818	2	818	98	121	121	133	110	6475	16400	0	1642	1695	6611	6627	2066	688
2819	2	819	98	121	121	133	110	6475	16400	0	1642	1695	6611	6627	2066	688
2820	2	820	98	121	121	133	110	6475	16400	0	1642	1695	6611	6627	2066	688
2821	2	821	98	121	121	133	110	6475	16400	0	1642	1695	6611	6627	2066	688
2822	2	822	98	121	121	133	110	6475	16400	0	1642	1695	6611	6627	2066	688
2823	2	823	98	121	121	133	110	6475	16400	0	1642	1695	6611	6627	2066	688
2824	2	824	98	121	121	133	110	6475	16400	0	1642	1695	6611	6627	2066	688
2825	2	825	98	121	121	133	110	6475	16400	0	1642	1695	6611	6627	2066	688
2826	2	826	98	121	121	133	110	6475	16400	0	1642	1695	6611	6627	2066	688
2827	2	827	98	121	121	133	110	6475	16400	0	1642	1695	6611	6627	2066	688
2828	2	828	98	121	121	133	110	6475	16400	0	1642	1695	6611	6627	2066	688
2829	2	829	98	121	121	133	110	6475	16400	0	1642	1695	6611	6627	2066	688
2830	2	830	98	121	121	133	110	6475	16400	0	1642	1695	6611	6627	2066	688
2831	2	831	98	121	121	133	110	6475	16400	0	1642	1695	6611	6627	2066	688
2832	2	832	98	121	121	133	110	6475	16400	0	1642	1695	6611	6627	2066	688
2833	2	833	98	121	121	133	110	6475	16400	0	1642	1695	6611	6627	2066	688
2834	2	834	98	121	121	133	110	6475	16400	0	1642	1695	6611	6627	2066	688
2835	2	835	98	121	121	133	110	6475	16400	0	1642	1695	6611	6627	2066	688
2836	2	836	98	121	121	133	110	6475	16400	0	1642	1695	6611	6627	2066	688
2837	2	837	98	121	121	133	110	6475	16400	0	1642	1695	6611	6627	2066	688
2838	2	838	98	121	121	133	110	6475	16400	0	1642	1695	6611	6627	2066	688
2839	2	839	98	121	121	133	110	6475	16400	0	1642	1695	6611	6627	2066	688
2840	2	840	98	121	121	133	110	6475	16400	0	1642	1695	6611	6627	2066	688
2841	2	841	98	121	121	133	110	6475	16400	0	1642	1695	6611	6627	2066	688
2842	2	842	98	121	121	133	110	6475	16400	0	1642	1695	6611	6627	2066	688
2843	2	843	98	121	121	133	110	6475	16400	0	1642	1695	6611	6627	2066	688
2844	2	844	98	121	121	133	110	6475	16400	0	1642	1695	6611	6627	2066	688
2845	2	845	98	121	121	133	110	6475	16400	0	1642	1695	6611	6627	2066	688
2846	2	846	98	121	121	133	110	6475	16400	0	1642	1695	6611	6627	2066	688
2847	2	847	98	121	121	133	110	6475	16400	0	1642	1695	6611	6627	2066	688
2848	2	848	98	121	121	133	110	6475	16400	0	1642	1695	6611	6627	2066	688
2849	2	849	98	121	121	133	110	6475	16400	0	1642	1695	6611	6627	2066	688
2850	2	850	98	121	121	133	110	6475	16400	0	1642	1695	6611	6627	2066	688
2851	2	851	98	121	121	133	110	6475	16400	0	1642	1695	6611	6627	2066	688
2852	2	852	98	121	121	133	110	6475	16400	0	1642	1695	6611	6627	2066	688
2853	2	853	98	121	121	133	110	6475	16400	0	1642	1695	6611	6627	2066	688
2854	2	854	98	121	121	133	110	6475	16400	0	1642	1695	6611	6627	2066	688
2855	2	855	98	121	121	133	110	6475	16400	0	1642	1695	6611	6627	2066	688
2856	2	856	98	121	121	133	110	6475	16400	0	1642	1695	6611	6627	2066	688
2857	2	857	98	121	121	133	110	6475	16400	0	1642	1695	6611	6627	2066	688
2858	2	858	98	121	121	133	110	6475	16400	0	1642	1695	6611	6627	2066	688
2859	2	859	98	121	121	133	110	6475	16400	0	1642	1695	6611	6627	2066	688
2860	2	860	98	121	121	133	110	6475	16400	0	1642	1695	6611	6627	2066	688
2861	2	861	98	121	121	133	110	6475	16400	0	1642	1695	6611	6627	2066	688
2862	2	862	98	121	121	133	110	6475	16400	0	1642	1695	6611	6627	2066	688
2863	2	863	98	121	121	133	110	6475	16400	0	1642	1695	6611	6627	2066	688
2864	2	864	98	121	121	133	110	6475	16400	0	1642	1695	6611	6627	2066	688
2865	2	865	98	121	121	133	110	6475	16400	0	1642	1695	6611	6627	2066	688
2866	2	866	98	121	121	133	110	6475	16400	0	1642	1695	6611	6627	2066	688
2867	2	867	98	121	121	133	110	6475	16400	0	1642	1695	6611	6627	2066	688
2868	2	868	98	121	121	133	110	6475	16400	0	1642	1695	6611	6627	2066	688
2869	2	869	98	121	121	133	110	6475	16400	0	1642	1695	6611	6627	2066	688
2870	2	870	98	121	121	133	110	6475	16400	0	1642	1695	6611	6627	2066	688
2871	2	871	98	121	121	133	110	6475	16400	0	1642	1695	6611	6627	2066	688
2872	2	872	98	121	121	133	110	6475	16400	0	1642	1695	6611	6627	2066	688
2873	2	873	98	121	121	133	110	6475	16400	0	1642	1695	6611	6627	2066	688
2874	2	874	98	121	121	133	110	6475	16400	0	1642	1695	6611	6627	2066	688
2875	2	875	98	121	121	133	110	6475	16400	0	1642	1695	6611	6627	2066	688
2876	2	876	98	121	121	133	110	6475	16400	0	1642	1695	6611	6627	2066	688
2877	2	877	98	121	121	133	110	6475	16400	0	1642	1695	6611	6627	2066	688
2878	2	878	98	121	121	133	110	6475	16400	0	1642	1695	6611	6627	2066	688
2879	2	879	98	121	121	133	110	6475	16400	0	1642	1695	6611	6627	2066	688
2880	2	880	98	121	121	133	110	6475	16400	0	1642	1695	6611	6627	2066	688
2881	2	881	98	121	121	133	110	6475	16400	0	1642	1695	6611	6627	2066	688
2882	2	882	98	121	121	133	110	6475	16400	0	1642	1695	6611	6627	2066	688
2883	2	883	98	121	121	133	110	6475	16400	0	1642	1695	6611	6627	2066	688
2884	2	884	98	121	121	133	110	6475	16400	0	1642	1695	6611	6627	2066	688
2885	2	885	98	121	121	133	110	6475	16400	0	1642	1695	6611	6627	2066	688
2886	2	886	98	121	121	133	110	6475	16400	0	1642	1695	6611	6627	2066	688
2887	2	887	98	121	121	133	110	6475	16400	0	1642	1695	6611	6627	2066	688
2888	2	888	98	121	121	133	110	6475	16400	0	1642	1695	6611	6627	2066	688
2889	2	889	98	121	121	133	110	6475	16400	0	1642	1695	6611	6627	2066	688
2890	2	890	98	121	121	133	110	6475	16400	0	1642	1695	6611	6627	2066	688
2891	2	891	98	121	121	133	110	6475	16400	0	1642	1695	6611	6627	2066	688
2892	2	892	98	121	121	133	110	6475	16400	0	1642	1695	6611	6627	2066	688
2893	2	893	98	121	121	133	110	6475	16400	0	1642	1695	6611	6627	2066	688
2894	2	894	98	121	121	133	110	6475	16400	0	1642	1695	6611	6627	2066	688
2895	2	895	98	121	121	133	110	6475	16400	0	1642	1695	6611	6627	2066	688
2896	2	896	98	121	121	133	110	6475	16400	0	1642	1695	6611	6627	2066	688
2897	2	897	98	121	121	133	110	6475	16400	0	1642	1695	6611	6627	2066	688
2898	2	898	98	121	121	133	110	6475	16400	0	1642	1695	6611	6627	2066	688
2899	2	899	98	121	121	133	110	6475	16400	0	1642	1695	6611	6627	2066	688
2900	2	900	98	121	121	133	110	6475	16400	0	1642	1695	6611	6627	2066	688
2901	2	901	98	121	121	133	110	6475	16400	0	1642	1695	6611	6627	2066	688
2902	2	902	98	121	121	133	110	6475	16400	0	1642	1695	6611	6627	2066	688
2903	2	903	98	121	121	133	110	6475	16400	0	1642	1695	6611	6627	2066	688
2904	2	904	98	121	121	133	110	6475	16400	0	1642	1695	6611	6627	2066	688
2905	2	905	98	121	121	133	110	6475	16400	0	1642	1695	6611	6627	2066	688
2906	2	906	98	121	121	133	110	6475	16400	0	1642	1695	6611	6627	2066	688
2907	2	907	98	121	121	133	110	6475	16400	0	1642	1695	6611	6627	2066	688
2908	2	908	98	121	121	133	110	6475	16400	0	1642	1695	6611	6627	2066	688
2909	2	909	98	121	121	133	110	6475	16400	0	1642	1695	6611	6627	2066	688
2910	2	910	98	121	121	133	110	6475	16400	0	1642	1695	6611	6627	2066	688
2911	2	911	98	121	121	133	110	6475	16400	0	1642	1695	6611	6627	2066	688
2912	2	912	98	121	121	133	110	6475	16400	0	1642	1695	6611	6627	2066	688
2913	2	913	98	121	121	133	110	6475	16400	0	1642	1695	6611	6627	2066	688
2914	2	914	98	121	121	133	110	6475	16400	0	1642	1695	6611	6627	2066	688
2915	2	915	98	121	121	133	110	6475	16400	0	1642	1695	6611	6627	2066	688
2916	2	916	98	121	121	133	110	6475	16400	0	1642	1695	6611	6627	2066	688
2917	2	917	98	121	121	133	110	6475	16400	0	1642	1695	6611	6627	2066	688
2918	2	918	98	121	121	133	110	6475	16400	0	1642	1695	6611	6627	2066	688
2919	2	919	98	121	121	133	110	6475	16400	0	1642	1695	6611	6627	2066	688
2920	2	920	98	121	121	133	110	6475	16400	0	1642	1695	6611	6627	2066	688
2921	2	921	98	121	121	133	110	6475	16400	0	1642	1695	6611	6627	2066	688
2922	2	922	98	121	121	133	110	6475	16400	0	1642	1695	6611	6627	2066	688
2923	2	923	98	121	121	133	110	6475	16400	0	1642	1695	6611	6627	2066	688
2924	2	924	98	121	121	133	110	6475	16400	0	1642	1695	6611	6627	2066	688
2925	2	925	98	121	121	133	110	6475	16400	0	1642	1695	6611	6627	2066	688
2926	2	926	98	121	121	133	110	6475	16400	0	1642	1695	6611	6627	2066	688
2927	2	927	98	121	121	133	110	6475	16400	0	1642	1695	6611	6627	2066	688
2928	2	928	98	121	121	133	110	6475	16400	0	1642	1695	6611	6627	2066	688
2929	2	929	98	121	121	133	110	6475	16400	0	1642	1695	6611	6627	2066	688
2930	2	930	98	121	121	133	110	6475	16400	0	1642	1695	6611	6627	2066	688
2931	2	931	98	121	121	133	110	6475	16400	0	1642	1695	6611	6627	2066	688
2932	2	932	98	121	121	133	110	6475	16400	0	1642	1695	6611	6627	2066	688
2933	2	933	98	121	121	133	110	6475	16400	0	1642	1695	6611	6627	2066	688
2934	2	934	98	121	121	133	110	6475	16400	0	1642	1695	6611	6627	2066	688
2935	2	935	98	121	121	133	110	6475	16400	0	1642	1695	6611	6627	2066	688
2936	2	936	98	121	121	133	110	6475	16400	0	1642	1695	6611	6627	2066	688
2937	2	937	98	121	121	133	110	6475	16400	0	1642	1695	6611	6627	2066	688
2938	2	938	98	121	121	133	110	6475	16400	0	1642	1695	6611	6627	2066	688
2939	2	939	98	121	121	133	110	6475	16400	0	1642	1695	6611	6627	2066	688
2940	2	940	98	121	121	133	110	6475	16400	0	1642	1695	6611	6627	2066	688
2941	2	941	98	121	121	133	110	6475	16400	0	1642	1695	6611	6627	2066	688
2942	2	942	98	121	121	133	110	6475	16400	0	1642	1695	6611	6627	2066	688
2943	2	943	98	121	121	133	110	6475	16400	0	1642	1695	6611	6627	2066	688
2944	2	944	98	121	121	133	110	6475	16400	0	1642	1695	6611	6627	2066	688
2945	2	945	98	121	121	133	110	6475	16400	0	1642	1695	6611	6627	2066	688
2946	2	946	98	121	121	133	110	6475	16400	0	1642	1695	6611	6627	2066	688
2947	2	947	98	121	121	133	110	6475	16400	0	1642	1695	6611	6627	2066	688
2948	2	948	98	121	121	133	110	6475	16400	0	1642	1695	6611	6627	2066	688
2949	2	949	98	121	121	133	110	6475	16400	0	1642	1695	6611	6627	2066	688
2950	2	950	98	121	121	133	110	6475	16400	0	1642	1695	6611	6627	2066	688
2951	2	951	98	121	121	133	110	6475	16400	0	1642	1695	6611	6627	2066	688
2952	2	952	98	121	121	133	110	6475	16400	0	1642	1695	6611	6627	2066	688
2953	2	953	98	121	121	133	110	6475	16400	0	1642	1695	6611	6627	2066	688
2954	2	954	98	121	121	133	110	6475	16400	0	1642	1695	6611	6627	2066	688
2955	2	955	98	121	121	133	110	6475	16400	0	1642	1695	6611	6627	2066	688
2956	2	956	98	121	121	133	110	6475	16400	0	1642	1695	6611	6627	2066	688
2957	2	957	98	121	121	133	110	6475	16400	0	1642	1695	6611	6627	2066	688
2958	2	958	98	121	121	133	110	6475	16400	0	1642	1695	6611	6627	2066	688
2959	2	959	98	121	121	133	110	6475	16400	0	1642	1695	6611	6627	2066	688
2960	2	960	98	121	121	133	110	6475	16400	0	1642	1695	6611	6627	2066	688
2961	2	961	98	121	121	133	110	6475	16400	0	1642	1695	6611	6627	2066	688
2962	2	962	98	121	121	133	110	6475	16400	0	1642	1695	6611	6627	2066	688
2963	2	963	98	121	121	133	110	6475	16400	0	1642	1695	6611	6627	2066	688
2964	2	964	98	121	121	133	110	6475	16400	0	1642	1695	6611	6627	2066	688
2965	2	965	98	121	121	133	110	6475	16400	0	1642	1695	6611	6627	2066	688
2966	2	966	98	121	121	133	110	6475	16400	0	1642	1695	6611	6627	2066	688
2967	2	967	98	121	121	133	110	6475	16400	0	1642	1695	6611	6627	2066	688
2968	2	968	98	121	121	133	110	6475	16400	0	1642	1695	6611	6627	2066	688
2969	2	969	98	121	121	133	110	6475	16400	0	1642	1695	6611	6627	2066	688
2970	2	970	98	121	121	133	110	6475	16400	0	1642	1695	6611	6627	2066	688
2971	2	971	98	121	121	133	110	6475	16400	0	1642	1695	6611	6627	2066	688
2972	2	972	98	121	121	133	110	6475	16400	0	1642	1695	6611	6627	2066	688
2973	2	973	98	121	121	133	110	6475	16400	0	1642	1695	6611	6627	2066	688
2974	2	974	98	121	121	133	110	6475	16400	0	1642	1695	6611	6627	2066	688
2975	2	975	98	121	121	133	110	6475	16400	0	1642	1695	6611	6627	2066	688
2976	2	976	98	121	121	133	110	6475	16400	0	1642	1695	6611	6627	2066	688
2977	2	977	98	121	121	133	110	6475	16400	0	1642	1695	6611	6627	2066	688
2978	2	978	98	121	121	133	110	6475	16400	0	1642	1695	6611	6627	2066	688
2979	2	979	98	121	121	133	110	6475	16400	0	1642	1695	6611	6627	2066	688
2980	2	980	98	121	121	133	110	6475	16400	0	1642	1695	6611	6627	2066	688
2981	2	981	98	121	121	133	110	6475	16400	0	1642	1695	6611	6627	2066	688
2982	2	982	98	121	121	133	110	6475	16400	0	1642	1695	6611	6627	2066	688
2983	2	983	98	121	121	133	110	6475	16400	0	1642	1695	6611	6627	2066	688
2984	2	984	98	121	121	133	110	6475	16400	0	1642	1695	6611	6627	2066	688
2985	2	985	98	121	121	133	110	6475	16400	0	1642	1695	6611	6627	2066	688
2986	2	986	98	121	121	133	110	6475	16400	0	1642	1695	6611	6627	2066	688
2987	2	987	98	121	121	133	110	6475	16400	0	1642	1695	6611	6627	2066	688
2988	2	988	98	121	121	133	110	6475	16400	0	1642	1695	6611	6627	2066	688
2989	2	989	98	121	121	133	110	6475	16400	0	1642	1695	6611	6627	2066	688
2990	2	990	98	121	121	133	110	6475	16400	0	1642	1695	6611	6627	2066	688
2991	2	991	98	121	121	133	110	6475	16400	0	1642	1695	6611	6627	2066	688
2992	2	992	98	121	121	133	110	6475	16400	0	1642	1695	6611	6627	2066	688
2993	2	993	98	121	121	133	110	6475	16400	0	1642	1695	6611	6627	2066	688
2994	2	994	98	121	121	133	110	6475	16400	0	1642	1695	6611	6627	2066	688
2995	2	995	98	121	121	133	110	6475	16400	0	1642	1695	6611	6627	2066	688
2996	2	996	98	121	121	133	110	6475	16400	0	1642	1695	6611	6627	2066	688
2997	2	997	98	121	121	133	110	6475	16400	0	1642	1695	6611	6627	2066	688
2998	2	998	98	121	121	133	110	6475	16400	0	1642	1695	6611	6627	2066	688
2999	2	999	98	121	121	133	110	6475	16400	0	1642	1695	6611	6627	2066	688
3000	3	0	0	2	4	3	2	973	500	0	31	34	17	17	5	4
3001	3	1	0	2	4	3	2	1125	500	0	61	64	29	29	6	7
3002	3	2	0	2	4	3	2	1326	550	0	91	95	41	41	9	13
3003	3	3	1	2	4	3	2	1527	600	0	121	125	53	54	11	19
3004	3	4	1	2	5	4	2	1729	650	0	151	156	65	66	14	25
3005	3	5	1	2	5	4	2	1930	700	0	182	187	77	78	16	32
3006	3	6	1	3	5	5	2	2131	750	0	212	217	89	90	19	38
3007	3	7	1	3	5	5	2	2332	800	0	242	248	101	102	21	44
3008	3	8	1	3	6	5	2	2534	850	0	272	278	113	114	24	50
3009	3	9	1	3	6	6	2	2735	900	0	302	309	126	126	27	56
3010	3	10	1	4	6	6	2	2936	950	0	333	340	138	139	29	62
3011	3	11	2	4	6	6	2	3138	1000	0	363	370	150	151	32	69
3012	3	12	2	4	7	7	2	3339	1050	0	393	401	162	163	34	75
3013	3	13	2	4	7	7	2	3540	1100	0	423	431	174	175	37	81
3014	3	14	2	4	7	8	2	3742	1150	0	453	462	186	187	39	87
3015	3	15	2	5	7	8	3	4073	1200	0	483	492	198	199	42	93
3016	3	16	2	5	8	8	3	4404	1250	0	514	523	198	199	44	99
3017	3	17	2	5	8	9	3	4735	1300	0	544	554	199	200	47	106
3018	3	18	2	5	8	9	3	5067	1350	0	574	584	199	200	49	112
3019	3	19	3	6	9	10	3	5398	1400	0	604	615	199	200	52	118
3020	3	20	3	6	9	10	3	5734	1450	0	624	635	207	208	54	124
3021	3	21	3	6	9	10	3	5734	1500	0	625	636	199	200	55	124
3022	3	22	3	6	9	11	3	5734	1550	0	625	636	199	200	55	124
3023	3	23	3	6	10	11	3	5734	1600	0	625	637	199	201	56	125
3024	3	24	3	7	10	11	3	5734	1650	0	625	638	199	201	56	125
3025	3	25	3	7	10	12	3	5734	1700	0	625	638	200	201	57	125
3026	3	26	3	7	10	12	3	5734	1750	0	625	639	200	201	57	125
3027	3	27	3	7	11	13	3	5734	1800	0	626	639	200	201	58	125
3028	3	28	4	8	11	13	3	5734	1850	0	626	640	200	201	58	125
3029	3	29	4	8	11	13	3	5734	1900	0	626	641	200	201	59	126
3030	3	30	4	8	11	14	3	5734	1950	0	626	641	200	202	59	126
3031	3	31	4	8	12	14	3	5734	2000	0	626	642	200	202	60	126
3032	3	32	4	8	12	14	4	5734	2050	0	626	642	201	202	60	126
3033	3	33	4	9	12	15	4	5734	2100	0	627	643	201	202	61	126
3034	3	34	4	9	12	15	4	5734	2150	0	627	643	201	202	61	127
3035	3	35	4	9	13	16	4	5734	2200	0	627	644	201	202	62	127
3036	3	36	5	9	13	16	4	5734	2250	0	627	645	201	202	62	127
3037	3	37	5	9	13	16	4	5734	2300	0	627	645	201	203	63	127
3038	3	38	5	10	13	17	4	5734	2350	0	628	646	201	203	63	127
3039	3	39	5	10	14	17	4	5734	2400	0	628	646	201	203	64	127
3040	3	40	5	10	14	18	4	5734	2650	0	628	647	202	203	65	128
3041	3	41	5	10	14	18	4	5734	2900	0	628	648	202	203	65	128
3042	3	42	5	11	14	18	4	5734	3150	0	628	648	202	203	66	128
3043	3	43	5	11	15	19	4	5734	3400	0	628	649	202	204	66	128
3044	3	44	5	11	15	19	4	5734	3650	0	629	649	202	204	67	128
3045	3	45	6	11	15	19	4	5734	3900	0	629	650	202	204	67	128
3046	3	46	6	11	16	20	4	5734	4150	0	629	650	202	204	68	129
3047	3	47	6	12	16	20	4	5734	4400	0	629	651	202	204	68	129
3048	3	48	6	12	16	21	4	5734	4650	0	629	652	203	204	69	129
3049	3	49	6	12	16	21	5	5734	4900	0	630	652	203	204	69	129
3050	3	50	8	14	19	23	7	5759	5150	0	630	653	276	278	124	147
3051	3	51	10	17	21	26	9	5784	5400	0	630	653	349	351	178	165
3052	3	52	12	19	23	28	11	5809	5650	0	630	654	422	424	233	184
3053	3	53	15	21	25	30	13	5834	5900	0	630	654	495	497	287	202
3054	3	54	17	23	28	33	15	5859	6150	0	630	655	568	570	342	220
3055	3	55	19	25	30	35	17	5884	6400	0	631	656	642	643	396	238
3056	3	56	21	28	32	38	19	5909	6650	0	631	656	715	716	451	256
3057	3	57	23	30	34	40	21	5934	6900	0	631	657	788	790	505	274
3058	3	58	25	32	37	42	23	5959	7150	0	631	657	861	863	560	293
3059	3	59	27	34	39	45	25	5984	7400	0	631	658	934	936	614	311
3060	3	60	33	41	45	51	31	6009	7750	0	707	734	1284	1286	707	331
3061	3	61	36	44	48	54	34	6034	8100	0	782	809	1627	1629	793	349
3062	3	62	39	47	52	57	37	6059	8450	0	857	885	1970	1972	880	367
3063	3	63	41	51	55	59	40	6084	8800	0	932	960	2314	2316	966	385
3064	3	64	44	55	58	63	43	6109	9150	0	1007	1036	2657	2659	1053	404
3065	3	65	46	60	61	65	46	6134	9500	0	1082	1111	3000	3002	1139	422
3066	3	66	49	64	65	68	51	6159	9850	0	1158	1187	3343	3345	1226	440
3067	3	67	52	68	68	72	55	6184	10200	0	1233	1263	3686	3688	1312	458
3068	3	68	55	72	71	75	59	6209	10550	0	1308	1338	4029	4031	1399	476
3069	3	69	58	76	74	79	63	6234	10900	0	1383	1414	4372	4374	1485	495
3070	3	70	66	84	82	86	71	6259	11250	0	1408	1439	4602	4605	1547	516
3071	3	71	69	87	85	89	75	6284	11600	0	1434	1465	4826	4828	1603	534
3072	3	72	72	90	88	93	79	6309	11950	0	1459	1490	5049	5051	1658	552
3073	3	73	75	93	92	96	83	6334	12300	0	1484	1516	5272	5274	1714	570
3074	3	74	78	97	95	99	87	6359	12650	0	1509	1542	5495	5497	1769	588
3075	3	75	81	100	98	103	91	6384	13000	0	1534	1567	5718	5720	1825	606
3076	3	76	84	103	101	106	95	6409	13350	0	1559	1593	5941	5943	1880	625
3077	3	77	87	106	105	110	99	6434	13700	0	1585	1618	6164	6167	1936	643
3078	3	78	91	109	108	113	103	6459	14050	0	1610	1644	6388	6390	1991	661
3079	3	79	94	113	111	116	107	6484	14400	0	1635	1670	6611	6613	2047	681
3080	3	80	94	113	111	117	107	6484	14450	0	1635	1670	6611	6613	2047	681
3081	3	81	94	113	112	117	107	6484	14500	0	1635	1671	6611	6613	2048	682
3082	3	82	94	113	112	118	107	6484	14550	0	1635	1671	6611	6613	2048	682
3083	3	83	94	114	112	118	108	6484	14600	0	1636	1672	6611	6614	2049	682
3084	3	84	94	114	112	118	108	6484	14650	0	1636	1672	6611	6614	2049	682
3085	3	85	94	114	113	119	108	6484	14700	0	1636	1673	6611	6614	2050	682
3086	3	86	94	114	113	119	108	6484	14750	0	1636	1674	6612	6614	2050	682
3087	3	87	95	114	113	119	108	6484	14800	0	1636	1674	6612	6614	2051	683
3088	3	88	95	115	113	120	108	6484	14850	0	1637	1675	6612	6614	2051	683
3089	3	89	95	115	114	120	108	6484	14900	0	1637	1675	6612	6614	2052	683
3090	3	90	95	115	114	121	108	6484	14950	0	1637	1676	6612	6615	2052	683
3091	3	91	95	115	114	121	108	6484	15000	0	1637	1677	6612	6615	2053	683
3092	3	92	95	116	114	121	108	6484	15050	0	1637	1677	6612	6615	2053	683
3093	3	93	95	116	115	122	108	6484	15100	0	1637	1678	6612	6615	2054	684
3094	3	94	95	116	115	122	108	6484	15150	0	1638	1678	6613	6615	2054	684
3095	3	95	96	116	115	123	108	6484	15200	0	1638	1679	6613	6615	2055	684
3096	3	96	96	116	115	123	108	6484	15250	0	1638	1679	6613	6615	2055	684
3097	3	97	96	117	116	123	108	6484	15300	0	1638	1680	6613	6616	2056	684
3098	3	98	96	117	116	124	108	6484	15350	0	1638	1681	6613	6616	2056	684
3099	3	99	96	117	116	124	108	6484	15400	0	1639	1681	6613	6616	2057	685
3100	3	100	96	117	117	124	109	6484	15450	0	1639	1682	6613	6616	2057	685
3101	3	101	96	118	117	125	109	6484	15500	0	1639	1682	6614	6616	2058	685
3102	3	102	96	118	117	125	109	6484	15550	0	1639	1683	6614	6616	2059	685
3103	3	103	96	118	117	126	109	6484	15600	0	1639	1683	6614	6617	2059	685
3104	3	104	97	118	118	126	109	6484	15650	0	1639	1684	6614	6617	2060	685
3105	3	105	97	118	118	126	109	6484	15700	0	1640	1685	6614	6617	2060	686
3106	3	106	97	119	118	127	109	6484	15750	0	1640	1685	6614	6617	2061	686
3107	3	107	97	119	118	127	109	6484	15800	0	1640	1686	6614	6617	2061	686
3108	3	108	97	119	119	127	109	6484	15850	0	1640	1686	6614	6617	2062	686
3109	3	109	97	119	119	128	109	6484	15900	0	1640	1687	6615	6617	2062	686
3110	3	110	97	120	119	128	109	6484	15950	0	1641	1688	6615	6618	2063	686
3111	3	111	97	120	119	129	109	6484	16000	0	1641	1688	6615	6618	2063	687
3112	3	112	98	120	120	129	109	6484	16050	0	1641	1689	6615	6618	2064	687
3113	3	113	98	120	120	129	109	6484	16100	0	1641	1689	6615	6618	2064	687
3114	3	114	98	120	120	130	109	6484	16150	0	1641	1690	6615	6618	2065	687
3115	3	115	98	121	120	130	109	6484	16200	0	1641	1690	6615	6618	2065	687
3116	3	116	98	121	121	131	109	6484	16250	0	1642	1691	6615	6618	2066	687
3117	3	117	98	121	121	131	110	6484	16300	0	1642	1692	6616	6619	2066	688
3118	3	118	98	121	121	131	110	6484	16350	0	1642	1692	6616	6619	2067	688
3119	3	119	98	121	121	132	110	6484	16400	0	1642	1693	6616	6619	2067	688
3120	3	120	98	121	121	132	110	6484	16400	0	1642	1693	6616	6619	2067	688
3121	3	121	98	121	121	132	110	6484	16400	0	1642	1693	6616	6619	2067	688
3122	3	122	98	121	121	132	110	6484	16400	0	1642	1693	6616	6619	2067	688
3123	3	123	98	121	121	132	110	6484	16400	0	1642	1693	6616	6619	2067	688
3124	3	124	98	121	121	132	110	6484	16400	0	1642	1693	6616	6619	2067	688
3125	3	125	98	121	121	132	110	6484	16400	0	1642	1693	6616	6619	2067	688
3126	3	126	98	121	121	132	110	6484	16400	0	1642	1693	6616	6619	2067	688
3127	3	127	98	121	121	132	110	6484	16400	0	1642	1693	6616	6619	2067	688
3128	3	128	98	121	121	132	110	6484	16400	0	1642	1693	6616	6619	2067	688
3129	3	129	98	121	121	132	110	6484	16400	0	1642	1693	6616	6619	2067	688
3130	3	130	98	121	121	132	110	6484	16400	0	1642	1693	6616	6619	2067	688
3131	3	131	98	121	121	132	110	6484	16400	0	1642	1693	6616	6619	2067	688
3132	3	132	98	121	121	132	110	6484	16400	0	1642	1693	6616	6619	2067	688
3133	3	133	98	121	121	132	110	6484	16400	0	1642	1693	6616	6619	2067	688
3134	3	134	98	121	121	132	110	6484	16400	0	1642	1693	6616	6619	2067	688
3135	3	135	98	121	121	132	110	6484	16400	0	1642	1693	6616	6619	2067	688
3136	3	136	98	121	121	132	110	6484	16400	0	1642	1693	6616	6619	2067	688
3137	3	137	98	121	121	132	110	6484	16400	0	1642	1693	6616	6619	2067	688
3138	3	138	98	121	121	132	110	6484	16400	0	1642	1693	6616	6619	2067	688
3139	3	139	98	121	121	132	110	6484	16400	0	1642	1693	6616	6619	2067	688
3140	3	140	98	121	121	132	110	6484	16400	0	1642	1693	6616	6619	2067	688
3141	3	141	98	121	121	132	110	6484	16400	0	1642	1693	6616	6619	2067	688
3142	3	142	98	121	121	132	110	6484	16400	0	1642	1693	6616	6619	2067	688
3143	3	143	98	121	121	132	110	6484	16400	0	1642	1693	6616	6619	2067	688
3144	3	144	98	121	121	132	110	6484	16400	0	1642	1693	6616	6619	2067	688
3145	3	145	98	121	121	132	110	6484	16400	0	1642	1693	6616	6619	2067	688
3146	3	146	98	121	121	132	110	6484	16400	0	1642	1693	6616	6619	2067	688
3147	3	147	98	121	121	132	110	6484	16400	0	1642	1693	6616	6619	2067	688
3148	3	148	98	121	121	132	110	6484	16400	0	1642	1693	6616	6619	2067	688
3149	3	149	98	121	121	132	110	6484	16400	0	1642	1693	6616	6619	2067	688
3150	3	150	98	121	121	132	110	6484	16400	0	1642	1693	6616	6619	2067	688
3151	3	151	98	121	121	132	110	6484	16400	0	1642	1693	6616	6619	2067	688
3152	3	152	98	121	121	132	110	6484	16400	0	1642	1693	6616	6619	2067	688
3153	3	153	98	121	121	132	110	6484	16400	0	1642	1693	6616	6619	2067	688
3154	3	154	98	121	121	132	110	6484	16400	0	1642	1693	6616	6619	2067	688
3155	3	155	98	121	121	132	110	6484	16400	0	1642	1693	6616	6619	2067	688
3156	3	156	98	121	121	132	110	6484	16400	0	1642	1693	6616	6619	2067	688
3157	3	157	98	121	121	132	110	6484	16400	0	1642	1693	6616	6619	2067	688
3158	3	158	98	121	121	132	110	6484	16400	0	1642	1693	6616	6619	2067	688
3159	3	159	98	121	121	132	110	6484	16400	0	1642	1693	6616	6619	2067	688
3160	3	160	98	121	121	132	110	6484	16400	0	1642	1693	6616	6619	2067	688
3161	3	161	98	121	121	132	110	6484	16400	0	1642	1693	6616	6619	2067	688
3162	3	162	98	121	121	132	110	6484	16400	0	1642	1693	6616	6619	2067	688
3163	3	163	98	121	121	132	110	6484	16400	0	1642	1693	6616	6619	2067	688
3164	3	164	98	121	121	132	110	6484	16400	0	1642	1693	6616	6619	2067	688
3165	3	165	98	121	121	132	110	6484	16400	0	1642	1693	6616	6619	2067	688
3166	3	166	98	121	121	132	110	6484	16400	0	1642	1693	6616	6619	2067	688
3167	3	167	98	121	121	132	110	6484	16400	0	1642	1693	6616	6619	2067	688
3168	3	168	98	121	121	132	110	6484	16400	0	1642	1693	6616	6619	2067	688
3169	3	169	98	121	121	132	110	6484	16400	0	1642	1693	6616	6619	2067	688
3170	3	170	98	121	121	132	110	6484	16400	0	1642	1693	6616	6619	2067	688
3171	3	171	98	121	121	132	110	6484	16400	0	1642	1693	6616	6619	2067	688
3172	3	172	98	121	121	132	110	6484	16400	0	1642	1693	6616	6619	2067	688
3173	3	173	98	121	121	132	110	6484	16400	0	1642	1693	6616	6619	2067	688
3174	3	174	98	121	121	132	110	6484	16400	0	1642	1693	6616	6619	2067	688
3175	3	175	98	121	121	132	110	6484	16400	0	1642	1693	6616	6619	2067	688
3176	3	176	98	121	121	132	110	6484	16400	0	1642	1693	6616	6619	2067	688
3177	3	177	98	121	121	132	110	6484	16400	0	1642	1693	6616	6619	2067	688
3178	3	178	98	121	121	132	110	6484	16400	0	1642	1693	6616	6619	2067	688
3179	3	179	98	121	121	132	110	6484	16400	0	1642	1693	6616	6619	2067	688
3180	3	180	98	121	121	132	110	6484	16400	0	1642	1693	6616	6619	2067	688
3181	3	181	98	121	121	132	110	6484	16400	0	1642	1693	6616	6619	2067	688
3182	3	182	98	121	121	132	110	6484	16400	0	1642	1693	6616	6619	2067	688
3183	3	183	98	121	121	132	110	6484	16400	0	1642	1693	6616	6619	2067	688
3184	3	184	98	121	121	132	110	6484	16400	0	1642	1693	6616	6619	2067	688
3185	3	185	98	121	121	132	110	6484	16400	0	1642	1693	6616	6619	2067	688
3186	3	186	98	121	121	132	110	6484	16400	0	1642	1693	6616	6619	2067	688
3187	3	187	98	121	121	132	110	6484	16400	0	1642	1693	6616	6619	2067	688
3188	3	188	98	121	121	132	110	6484	16400	0	1642	1693	6616	6619	2067	688
3189	3	189	98	121	121	132	110	6484	16400	0	1642	1693	6616	6619	2067	688
3190	3	190	98	121	121	132	110	6484	16400	0	1642	1693	6616	6619	2067	688
3191	3	191	98	121	121	132	110	6484	16400	0	1642	1693	6616	6619	2067	688
3192	3	192	98	121	121	132	110	6484	16400	0	1642	1693	6616	6619	2067	688
3193	3	193	98	121	121	132	110	6484	16400	0	1642	1693	6616	6619	2067	688
3194	3	194	98	121	121	132	110	6484	16400	0	1642	1693	6616	6619	2067	688
3195	3	195	98	121	121	132	110	6484	16400	0	1642	1693	6616	6619	2067	688
3196	3	196	98	121	121	132	110	6484	16400	0	1642	1693	6616	6619	2067	688
3197	3	197	98	121	121	132	110	6484	16400	0	1642	1693	6616	6619	2067	688
3198	3	198	98	121	121	132	110	6484	16400	0	1642	1693	6616	6619	2067	688
3199	3	199	98	121	121	132	110	6484	16400	0	1642	1693	6616	6619	2067	688
3200	3	200	98	121	121	132	110	6484	16400	0	1642	1693	6616	6619	2067	688
3201	3	201	98	121	121	132	110	6484	16400	0	1642	1693	6616	6619	2067	688
3202	3	202	98	121	121	132	110	6484	16400	0	1642	1693	6616	6619	2067	688
3203	3	203	98	121	121	132	110	6484	16400	0	1642	1693	6616	6619	2067	688
3204	3	204	98	121	121	132	110	6484	16400	0	1642	1693	6616	6619	2067	688
3205	3	205	98	121	121	132	110	6484	16400	0	1642	1693	6616	6619	2067	688
3206	3	206	98	121	121	132	110	6484	16400	0	1642	1693	6616	6619	2067	688
3207	3	207	98	121	121	132	110	6484	16400	0	1642	1693	6616	6619	2067	688
3208	3	208	98	121	121	132	110	6484	16400	0	1642	1693	6616	6619	2067	688
3209	3	209	98	121	121	132	110	6484	16400	0	1642	1693	6616	6619	2067	688
3210	3	210	98	121	121	132	110	6484	16400	0	1642	1693	6616	6619	2067	688
3211	3	211	98	121	121	132	110	6484	16400	0	1642	1693	6616	6619	2067	688
3212	3	212	98	121	121	132	110	6484	16400	0	1642	1693	6616	6619	2067	688
3213	3	213	98	121	121	132	110	6484	16400	0	1642	1693	6616	6619	2067	688
3214	3	214	98	121	121	132	110	6484	16400	0	1642	1693	6616	6619	2067	688
3215	3	215	98	121	121	132	110	6484	16400	0	1642	1693	6616	6619	2067	688
3216	3	216	98	121	121	132	110	6484	16400	0	1642	1693	6616	6619	2067	688
3217	3	217	98	121	121	132	110	6484	16400	0	1642	1693	6616	6619	2067	688
3218	3	218	98	121	121	132	110	6484	16400	0	1642	1693	6616	6619	2067	688
3219	3	219	98	121	121	132	110	6484	16400	0	1642	1693	6616	6619	2067	688
3220	3	220	98	121	121	132	110	6484	16400	0	1642	1693	6616	6619	2067	688
3221	3	221	98	121	121	132	110	6484	16400	0	1642	1693	6616	6619	2067	688
3222	3	222	98	121	121	132	110	6484	16400	0	1642	1693	6616	6619	2067	688
3223	3	223	98	121	121	132	110	6484	16400	0	1642	1693	6616	6619	2067	688
3224	3	224	98	121	121	132	110	6484	16400	0	1642	1693	6616	6619	2067	688
3225	3	225	98	121	121	132	110	6484	16400	0	1642	1693	6616	6619	2067	688
3226	3	226	98	121	121	132	110	6484	16400	0	1642	1693	6616	6619	2067	688
3227	3	227	98	121	121	132	110	6484	16400	0	1642	1693	6616	6619	2067	688
3228	3	228	98	121	121	132	110	6484	16400	0	1642	1693	6616	6619	2067	688
3229	3	229	98	121	121	132	110	6484	16400	0	1642	1693	6616	6619	2067	688
3230	3	230	98	121	121	132	110	6484	16400	0	1642	1693	6616	6619	2067	688
3231	3	231	98	121	121	132	110	6484	16400	0	1642	1693	6616	6619	2067	688
3232	3	232	98	121	121	132	110	6484	16400	0	1642	1693	6616	6619	2067	688
3233	3	233	98	121	121	132	110	6484	16400	0	1642	1693	6616	6619	2067	688
3234	3	234	98	121	121	132	110	6484	16400	0	1642	1693	6616	6619	2067	688
3235	3	235	98	121	121	132	110	6484	16400	0	1642	1693	6616	6619	2067	688
3236	3	236	98	121	121	132	110	6484	16400	0	1642	1693	6616	6619	2067	688
3237	3	237	98	121	121	132	110	6484	16400	0	1642	1693	6616	6619	2067	688
3238	3	238	98	121	121	132	110	6484	16400	0	1642	1693	6616	6619	2067	688
3239	3	239	98	121	121	132	110	6484	16400	0	1642	1693	6616	6619	2067	688
3240	3	240	98	121	121	132	110	6484	16400	0	1642	1693	6616	6619	2067	688
3241	3	241	98	121	121	132	110	6484	16400	0	1642	1693	6616	6619	2067	688
3242	3	242	98	121	121	132	110	6484	16400	0	1642	1693	6616	6619	2067	688
3243	3	243	98	121	121	132	110	6484	16400	0	1642	1693	6616	6619	2067	688
3244	3	244	98	121	121	132	110	6484	16400	0	1642	1693	6616	6619	2067	688
3245	3	245	98	121	121	132	110	6484	16400	0	1642	1693	6616	6619	2067	688
3246	3	246	98	121	121	132	110	6484	16400	0	1642	1693	6616	6619	2067	688
3247	3	247	98	121	121	132	110	6484	16400	0	1642	1693	6616	6619	2067	688
3248	3	248	98	121	121	132	110	6484	16400	0	1642	1693	6616	6619	2067	688
3249	3	249	98	121	121	132	110	6484	16400	0	1642	1693	6616	6619	2067	688
3250	3	250	98	121	121	132	110	6484	16400	0	1642	1693	6616	6619	2067	688
3251	3	251	98	121	121	132	110	6484	16400	0	1642	1693	6616	6619	2067	688
3252	3	252	98	121	121	132	110	6484	16400	0	1642	1693	6616	6619	2067	688
3253	3	253	98	121	121	132	110	6484	16400	0	1642	1693	6616	6619	2067	688
3254	3	254	98	121	121	132	110	6484	16400	0	1642	1693	6616	6619	2067	688
3255	3	255	98	121	121	132	110	6484	16400	0	1642	1693	6616	6619	2067	688
3256	3	256	98	121	121	132	110	6484	16400	0	1642	1693	6616	6619	2067	688
3257	3	257	98	121	121	132	110	6484	16400	0	1642	1693	6616	6619	2067	688
3258	3	258	98	121	121	132	110	6484	16400	0	1642	1693	6616	6619	2067	688
3259	3	259	98	121	121	132	110	6484	16400	0	1642	1693	6616	6619	2067	688
3260	3	260	98	121	121	132	110	6484	16400	0	1642	1693	6616	6619	2067	688
3261	3	261	98	121	121	132	110	6484	16400	0	1642	1693	6616	6619	2067	688
3262	3	262	98	121	121	132	110	6484	16400	0	1642	1693	6616	6619	2067	688
3263	3	263	98	121	121	132	110	6484	16400	0	1642	1693	6616	6619	2067	688
3264	3	264	98	121	121	132	110	6484	16400	0	1642	1693	6616	6619	2067	688
3265	3	265	98	121	121	132	110	6484	16400	0	1642	1693	6616	6619	2067	688
3266	3	266	98	121	121	132	110	6484	16400	0	1642	1693	6616	6619	2067	688
3267	3	267	98	121	121	132	110	6484	16400	0	1642	1693	6616	6619	2067	688
3268	3	268	98	121	121	132	110	6484	16400	0	1642	1693	6616	6619	2067	688
3269	3	269	98	121	121	132	110	6484	16400	0	1642	1693	6616	6619	2067	688
3270	3	270	98	121	121	132	110	6484	16400	0	1642	1693	6616	6619	2067	688
3271	3	271	98	121	121	132	110	6484	16400	0	1642	1693	6616	6619	2067	688
3272	3	272	98	121	121	132	110	6484	16400	0	1642	1693	6616	6619	2067	688
3273	3	273	98	121	121	132	110	6484	16400	0	1642	1693	6616	6619	2067	688
3274	3	274	98	121	121	132	110	6484	16400	0	1642	1693	6616	6619	2067	688
3275	3	275	98	121	121	132	110	6484	16400	0	1642	1693	6616	6619	2067	688
3276	3	276	98	121	121	132	110	6484	16400	0	1642	1693	6616	6619	2067	688
3277	3	277	98	121	121	132	110	6484	16400	0	1642	1693	6616	6619	2067	688
3278	3	278	98	121	121	132	110	6484	16400	0	1642	1693	6616	6619	2067	688
3279	3	279	98	121	121	132	110	6484	16400	0	1642	1693	6616	6619	2067	688
3280	3	280	98	121	121	132	110	6484	16400	0	1642	1693	6616	6619	2067	688
3281	3	281	98	121	121	132	110	6484	16400	0	1642	1693	6616	6619	2067	688
3282	3	282	98	121	121	132	110	6484	16400	0	1642	1693	6616	6619	2067	688
3283	3	283	98	121	121	132	110	6484	16400	0	1642	1693	6616	6619	2067	688
3284	3	284	98	121	121	132	110	6484	16400	0	1642	1693	6616	6619	2067	688
3285	3	285	98	121	121	132	110	6484	16400	0	1642	1693	6616	6619	2067	688
3286	3	286	98	121	121	132	110	6484	16400	0	1642	1693	6616	6619	2067	688
3287	3	287	98	121	121	132	110	6484	16400	0	1642	1693	6616	6619	2067	688
3288	3	288	98	121	121	132	110	6484	16400	0	1642	1693	6616	6619	2067	688
3289	3	289	98	121	121	132	110	6484	16400	0	1642	1693	6616	6619	2067	688
3290	3	290	98	121	121	132	110	6484	16400	0	1642	1693	6616	6619	2067	688
3291	3	291	98	121	121	132	110	6484	16400	0	1642	1693	6616	6619	2067	688
3292	3	292	98	121	121	132	110	6484	16400	0	1642	1693	6616	6619	2067	688
3293	3	293	98	121	121	132	110	6484	16400	0	1642	1693	6616	6619	2067	688
3294	3	294	98	121	121	132	110	6484	16400	0	1642	1693	6616	6619	2067	688
3295	3	295	98	121	121	132	110	6484	16400	0	1642	1693	6616	6619	2067	688
3296	3	296	98	121	121	132	110	6484	16400	0	1642	1693	6616	6619	2067	688
3297	3	297	98	121	121	132	110	6484	16400	0	1642	1693	6616	6619	2067	688
3298	3	298	98	121	121	132	110	6484	16400	0	1642	1693	6616	6619	2067	688
3299	3	299	98	121	121	132	110	6484	16400	0	1642	1693	6616	6619	2067	688
3300	3	300	98	121	121	132	110	6484	16400	0	1642	1693	6616	6619	2067	688
3301	3	301	98	121	121	132	110	6484	16400	0	1642	1693	6616	6619	2067	688
3302	3	302	98	121	121	132	110	6484	16400	0	1642	1693	6616	6619	2067	688
3303	3	303	98	121	121	132	110	6484	16400	0	1642	1693	6616	6619	2067	688
3304	3	304	98	121	121	132	110	6484	16400	0	1642	1693	6616	6619	2067	688
3305	3	305	98	121	121	132	110	6484	16400	0	1642	1693	6616	6619	2067	688
3306	3	306	98	121	121	132	110	6484	16400	0	1642	1693	6616	6619	2067	688
3307	3	307	98	121	121	132	110	6484	16400	0	1642	1693	6616	6619	2067	688
3308	3	308	98	121	121	132	110	6484	16400	0	1642	1693	6616	6619	2067	688
3309	3	309	98	121	121	132	110	6484	16400	0	1642	1693	6616	6619	2067	688
3310	3	310	98	121	121	132	110	6484	16400	0	1642	1693	6616	6619	2067	688
3311	3	311	98	121	121	132	110	6484	16400	0	1642	1693	6616	6619	2067	688
3312	3	312	98	121	121	132	110	6484	16400	0	1642	1693	6616	6619	2067	688
3313	3	313	98	121	121	132	110	6484	16400	0	1642	1693	6616	6619	2067	688
3314	3	314	98	121	121	132	110	6484	16400	0	1642	1693	6616	6619	2067	688
3315	3	315	98	121	121	132	110	6484	16400	0	1642	1693	6616	6619	2067	688
3316	3	316	98	121	121	132	110	6484	16400	0	1642	1693	6616	6619	2067	688
3317	3	317	98	121	121	132	110	6484	16400	0	1642	1693	6616	6619	2067	688
3318	3	318	98	121	121	132	110	6484	16400	0	1642	1693	6616	6619	2067	688
3319	3	319	98	121	121	132	110	6484	16400	0	1642	1693	6616	6619	2067	688
3320	3	320	98	121	121	132	110	6484	16400	0	1642	1693	6616	6619	2067	688
3321	3	321	98	121	121	132	110	6484	16400	0	1642	1693	6616	6619	2067	688
3322	3	322	98	121	121	132	110	6484	16400	0	1642	1693	6616	6619	2067	688
3323	3	323	98	121	121	132	110	6484	16400	0	1642	1693	6616	6619	2067	688
3324	3	324	98	121	121	132	110	6484	16400	0	1642	1693	6616	6619	2067	688
3325	3	325	98	121	121	132	110	6484	16400	0	1642	1693	6616	6619	2067	688
3326	3	326	98	121	121	132	110	6484	16400	0	1642	1693	6616	6619	2067	688
3327	3	327	98	121	121	132	110	6484	16400	0	1642	1693	6616	6619	2067	688
3328	3	328	98	121	121	132	110	6484	16400	0	1642	1693	6616	6619	2067	688
3329	3	329	98	121	121	132	110	6484	16400	0	1642	1693	6616	6619	2067	688
3330	3	330	98	121	121	132	110	6484	16400	0	1642	1693	6616	6619	2067	688
3331	3	331	98	121	121	132	110	6484	16400	0	1642	1693	6616	6619	2067	688
3332	3	332	98	121	121	132	110	6484	16400	0	1642	1693	6616	6619	2067	688
3333	3	333	98	121	121	132	110	6484	16400	0	1642	1693	6616	6619	2067	688
3334	3	334	98	121	121	132	110	6484	16400	0	1642	1693	6616	6619	2067	688
3335	3	335	98	121	121	132	110	6484	16400	0	1642	1693	6616	6619	2067	688
3336	3	336	98	121	121	132	110	6484	16400	0	1642	1693	6616	6619	2067	688
3337	3	337	98	121	121	132	110	6484	16400	0	1642	1693	6616	6619	2067	688
3338	3	338	98	121	121	132	110	6484	16400	0	1642	1693	6616	6619	2067	688
3339	3	339	98	121	121	132	110	6484	16400	0	1642	1693	6616	6619	2067	688
3340	3	340	98	121	121	132	110	6484	16400	0	1642	1693	6616	6619	2067	688
3341	3	341	98	121	121	132	110	6484	16400	0	1642	1693	6616	6619	2067	688
3342	3	342	98	121	121	132	110	6484	16400	0	1642	1693	6616	6619	2067	688
3343	3	343	98	121	121	132	110	6484	16400	0	1642	1693	6616	6619	2067	688
3344	3	344	98	121	121	132	110	6484	16400	0	1642	1693	6616	6619	2067	688
3345	3	345	98	121	121	132	110	6484	16400	0	1642	1693	6616	6619	2067	688
3346	3	346	98	121	121	132	110	6484	16400	0	1642	1693	6616	6619	2067	688
3347	3	347	98	121	121	132	110	6484	16400	0	1642	1693	6616	6619	2067	688
3348	3	348	98	121	121	132	110	6484	16400	0	1642	1693	6616	6619	2067	688
3349	3	349	98	121	121	132	110	6484	16400	0	1642	1693	6616	6619	2067	688
3350	3	350	98	121	121	132	110	6484	16400	0	1642	1693	6616	6619	2067	688
3351	3	351	98	121	121	132	110	6484	16400	0	1642	1693	6616	6619	2067	688
3352	3	352	98	121	121	132	110	6484	16400	0	1642	1693	6616	6619	2067	688
3353	3	353	98	121	121	132	110	6484	16400	0	1642	1693	6616	6619	2067	688
3354	3	354	98	121	121	132	110	6484	16400	0	1642	1693	6616	6619	2067	688
3355	3	355	98	121	121	132	110	6484	16400	0	1642	1693	6616	6619	2067	688
3356	3	356	98	121	121	132	110	6484	16400	0	1642	1693	6616	6619	2067	688
3357	3	357	98	121	121	132	110	6484	16400	0	1642	1693	6616	6619	2067	688
3358	3	358	98	121	121	132	110	6484	16400	0	1642	1693	6616	6619	2067	688
3359	3	359	98	121	121	132	110	6484	16400	0	1642	1693	6616	6619	2067	688
3360	3	360	98	121	121	132	110	6484	16400	0	1642	1693	6616	6619	2067	688
3361	3	361	98	121	121	132	110	6484	16400	0	1642	1693	6616	6619	2067	688
3362	3	362	98	121	121	132	110	6484	16400	0	1642	1693	6616	6619	2067	688
3363	3	363	98	121	121	132	110	6484	16400	0	1642	1693	6616	6619	2067	688
3364	3	364	98	121	121	132	110	6484	16400	0	1642	1693	6616	6619	2067	688
3365	3	365	98	121	121	132	110	6484	16400	0	1642	1693	6616	6619	2067	688
3366	3	366	98	121	121	132	110	6484	16400	0	1642	1693	6616	6619	2067	688
3367	3	367	98	121	121	132	110	6484	16400	0	1642	1693	6616	6619	2067	688
3368	3	368	98	121	121	132	110	6484	16400	0	1642	1693	6616	6619	2067	688
3369	3	369	98	121	121	132	110	6484	16400	0	1642	1693	6616	6619	2067	688
3370	3	370	98	121	121	132	110	6484	16400	0	1642	1693	6616	6619	2067	688
3371	3	371	98	121	121	132	110	6484	16400	0	1642	1693	6616	6619	2067	688
3372	3	372	98	121	121	132	110	6484	16400	0	1642	1693	6616	6619	2067	688
3373	3	373	98	121	121	132	110	6484	16400	0	1642	1693	6616	6619	2067	688
3374	3	374	98	121	121	132	110	6484	16400	0	1642	1693	6616	6619	2067	688
3375	3	375	98	121	121	132	110	6484	16400	0	1642	1693	6616	6619	2067	688
3376	3	376	98	121	121	132	110	6484	16400	0	1642	1693	6616	6619	2067	688
3377	3	377	98	121	121	132	110	6484	16400	0	1642	1693	6616	6619	2067	688
3378	3	378	98	121	121	132	110	6484	16400	0	1642	1693	6616	6619	2067	688
3379	3	379	98	121	121	132	110	6484	16400	0	1642	1693	6616	6619	2067	688
3380	3	380	98	121	121	132	110	6484	16400	0	1642	1693	6616	6619	2067	688
3381	3	381	98	121	121	132	110	6484	16400	0	1642	1693	6616	6619	2067	688
3382	3	382	98	121	121	132	110	6484	16400	0	1642	1693	6616	6619	2067	688
3383	3	383	98	121	121	132	110	6484	16400	0	1642	1693	6616	6619	2067	688
3384	3	384	98	121	121	132	110	6484	16400	0	1642	1693	6616	6619	2067	688
3385	3	385	98	121	121	132	110	6484	16400	0	1642	1693	6616	6619	2067	688
3386	3	386	98	121	121	132	110	6484	16400	0	1642	1693	6616	6619	2067	688
3387	3	387	98	121	121	132	110	6484	16400	0	1642	1693	6616	6619	2067	688
3388	3	388	98	121	121	132	110	6484	16400	0	1642	1693	6616	6619	2067	688
3389	3	389	98	121	121	132	110	6484	16400	0	1642	1693	6616	6619	2067	688
3390	3	390	98	121	121	132	110	6484	16400	0	1642	1693	6616	6619	2067	688
3391	3	391	98	121	121	132	110	6484	16400	0	1642	1693	6616	6619	2067	688
3392	3	392	98	121	121	132	110	6484	16400	0	1642	1693	6616	6619	2067	688
3393	3	393	98	121	121	132	110	6484	16400	0	1642	1693	6616	6619	2067	688
3394	3	394	98	121	121	132	110	6484	16400	0	1642	1693	6616	6619	2067	688
3395	3	395	98	121	121	132	110	6484	16400	0	1642	1693	6616	6619	2067	688
3396	3	396	98	121	121	132	110	6484	16400	0	1642	1693	6616	6619	2067	688
3397	3	397	98	121	121	132	110	6484	16400	0	1642	1693	6616	6619	2067	688
3398	3	398	98	121	121	132	110	6484	16400	0	1642	1693	6616	6619	2067	688
3399	3	399	98	121	121	132	110	6484	16400	0	1642	1693	6616	6619	2067	688
3400	3	400	98	121	121	132	110	6484	16400	0	1642	1693	6616	6619	2067	688
3401	3	401	98	121	121	132	110	6484	16400	0	1642	1693	6616	6619	2067	688
3402	3	402	98	121	121	132	110	6484	16400	0	1642	1693	6616	6619	2067	688
3403	3	403	98	121	121	132	110	6484	16400	0	1642	1693	6616	6619	2067	688
3404	3	404	98	121	121	132	110	6484	16400	0	1642	1693	6616	6619	2067	688
3405	3	405	98	121	121	132	110	6484	16400	0	1642	1693	6616	6619	2067	688
3406	3	406	98	121	121	132	110	6484	16400	0	1642	1693	6616	6619	2067	688
3407	3	407	98	121	121	132	110	6484	16400	0	1642	1693	6616	6619	2067	688
3408	3	408	98	121	121	132	110	6484	16400	0	1642	1693	6616	6619	2067	688
3409	3	409	98	121	121	132	110	6484	16400	0	1642	1693	6616	6619	2067	688
3410	3	410	98	121	121	132	110	6484	16400	0	1642	1693	6616	6619	2067	688
3411	3	411	98	121	121	132	110	6484	16400	0	1642	1693	6616	6619	2067	688
3412	3	412	98	121	121	132	110	6484	16400	0	1642	1693	6616	6619	2067	688
3413	3	413	98	121	121	132	110	6484	16400	0	1642	1693	6616	6619	2067	688
3414	3	414	98	121	121	132	110	6484	16400	0	1642	1693	6616	6619	2067	688
3415	3	415	98	121	121	132	110	6484	16400	0	1642	1693	6616	6619	2067	688
3416	3	416	98	121	121	132	110	6484	16400	0	1642	1693	6616	6619	2067	688
3417	3	417	98	121	121	132	110	6484	16400	0	1642	1693	6616	6619	2067	688
3418	3	418	98	121	121	132	110	6484	16400	0	1642	1693	6616	6619	2067	688
3419	3	419	98	121	121	132	110	6484	16400	0	1642	1693	6616	6619	2067	688
3420	3	420	98	121	121	132	110	6484	16400	0	1642	1693	6616	6619	2067	688
3421	3	421	98	121	121	132	110	6484	16400	0	1642	1693	6616	6619	2067	688
3422	3	422	98	121	121	132	110	6484	16400	0	1642	1693	6616	6619	2067	688
3423	3	423	98	121	121	132	110	6484	16400	0	1642	1693	6616	6619	2067	688
3424	3	424	98	121	121	132	110	6484	16400	0	1642	1693	6616	6619	2067	688
3425	3	425	98	121	121	132	110	6484	16400	0	1642	1693	6616	6619	2067	688
3426	3	426	98	121	121	132	110	6484	16400	0	1642	1693	6616	6619	2067	688
3427	3	427	98	121	121	132	110	6484	16400	0	1642	1693	6616	6619	2067	688
3428	3	428	98	121	121	132	110	6484	16400	0	1642	1693	6616	6619	2067	688
3429	3	429	98	121	121	132	110	6484	16400	0	1642	1693	6616	6619	2067	688
3430	3	430	98	121	121	132	110	6484	16400	0	1642	1693	6616	6619	2067	688
3431	3	431	98	121	121	132	110	6484	16400	0	1642	1693	6616	6619	2067	688
3432	3	432	98	121	121	132	110	6484	16400	0	1642	1693	6616	6619	2067	688
3433	3	433	98	121	121	132	110	6484	16400	0	1642	1693	6616	6619	2067	688
3434	3	434	98	121	121	132	110	6484	16400	0	1642	1693	6616	6619	2067	688
3435	3	435	98	121	121	132	110	6484	16400	0	1642	1693	6616	6619	2067	688
3436	3	436	98	121	121	132	110	6484	16400	0	1642	1693	6616	6619	2067	688
3437	3	437	98	121	121	132	110	6484	16400	0	1642	1693	6616	6619	2067	688
3438	3	438	98	121	121	132	110	6484	16400	0	1642	1693	6616	6619	2067	688
3439	3	439	98	121	121	132	110	6484	16400	0	1642	1693	6616	6619	2067	688
3440	3	440	98	121	121	132	110	6484	16400	0	1642	1693	6616	6619	2067	688
3441	3	441	98	121	121	132	110	6484	16400	0	1642	1693	6616	6619	2067	688
3442	3	442	98	121	121	132	110	6484	16400	0	1642	1693	6616	6619	2067	688
3443	3	443	98	121	121	132	110	6484	16400	0	1642	1693	6616	6619	2067	688
3444	3	444	98	121	121	132	110	6484	16400	0	1642	1693	6616	6619	2067	688
3445	3	445	98	121	121	132	110	6484	16400	0	1642	1693	6616	6619	2067	688
3446	3	446	98	121	121	132	110	6484	16400	0	1642	1693	6616	6619	2067	688
3447	3	447	98	121	121	132	110	6484	16400	0	1642	1693	6616	6619	2067	688
3448	3	448	98	121	121	132	110	6484	16400	0	1642	1693	6616	6619	2067	688
3449	3	449	98	121	121	132	110	6484	16400	0	1642	1693	6616	6619	2067	688
3450	3	450	98	121	121	132	110	6484	16400	0	1642	1693	6616	6619	2067	688
3451	3	451	98	121	121	132	110	6484	16400	0	1642	1693	6616	6619	2067	688
3452	3	452	98	121	121	132	110	6484	16400	0	1642	1693	6616	6619	2067	688
3453	3	453	98	121	121	132	110	6484	16400	0	1642	1693	6616	6619	2067	688
3454	3	454	98	121	121	132	110	6484	16400	0	1642	1693	6616	6619	2067	688
3455	3	455	98	121	121	132	110	6484	16400	0	1642	1693	6616	6619	2067	688
3456	3	456	98	121	121	132	110	6484	16400	0	1642	1693	6616	6619	2067	688
3457	3	457	98	121	121	132	110	6484	16400	0	1642	1693	6616	6619	2067	688
3458	3	458	98	121	121	132	110	6484	16400	0	1642	1693	6616	6619	2067	688
3459	3	459	98	121	121	132	110	6484	16400	0	1642	1693	6616	6619	2067	688
3460	3	460	98	121	121	132	110	6484	16400	0	1642	1693	6616	6619	2067	688
3461	3	461	98	121	121	132	110	6484	16400	0	1642	1693	6616	6619	2067	688
3462	3	462	98	121	121	132	110	6484	16400	0	1642	1693	6616	6619	2067	688
3463	3	463	98	121	121	132	110	6484	16400	0	1642	1693	6616	6619	2067	688
3464	3	464	98	121	121	132	110	6484	16400	0	1642	1693	6616	6619	2067	688
3465	3	465	98	121	121	132	110	6484	16400	0	1642	1693	6616	6619	2067	688
3466	3	466	98	121	121	132	110	6484	16400	0	1642	1693	6616	6619	2067	688
3467	3	467	98	121	121	132	110	6484	16400	0	1642	1693	6616	6619	2067	688
3468	3	468	98	121	121	132	110	6484	16400	0	1642	1693	6616	6619	2067	688
3469	3	469	98	121	121	132	110	6484	16400	0	1642	1693	6616	6619	2067	688
3470	3	470	98	121	121	132	110	6484	16400	0	1642	1693	6616	6619	2067	688
3471	3	471	98	121	121	132	110	6484	16400	0	1642	1693	6616	6619	2067	688
3472	3	472	98	121	121	132	110	6484	16400	0	1642	1693	6616	6619	2067	688
3473	3	473	98	121	121	132	110	6484	16400	0	1642	1693	6616	6619	2067	688
3474	3	474	98	121	121	132	110	6484	16400	0	1642	1693	6616	6619	2067	688
3475	3	475	98	121	121	132	110	6484	16400	0	1642	1693	6616	6619	2067	688
3476	3	476	98	121	121	132	110	6484	16400	0	1642	1693	6616	6619	2067	688
3477	3	477	98	121	121	132	110	6484	16400	0	1642	1693	6616	6619	2067	688
3478	3	478	98	121	121	132	110	6484	16400	0	1642	1693	6616	6619	2067	688
3479	3	479	98	121	121	132	110	6484	16400	0	1642	1693	6616	6619	2067	688
3480	3	480	98	121	121	132	110	6484	16400	0	1642	1693	6616	6619	2067	688
3481	3	481	98	121	121	132	110	6484	16400	0	1642	1693	6616	6619	2067	688
3482	3	482	98	121	121	132	110	6484	16400	0	1642	1693	6616	6619	2067	688
3483	3	483	98	121	121	132	110	6484	16400	0	1642	1693	6616	6619	2067	688
3484	3	484	98	121	121	132	110	6484	16400	0	1642	1693	6616	6619	2067	688
3485	3	485	98	121	121	132	110	6484	16400	0	1642	1693	6616	6619	2067	688
3486	3	486	98	121	121	132	110	6484	16400	0	1642	1693	6616	6619	2067	688
3487	3	487	98	121	121	132	110	6484	16400	0	1642	1693	6616	6619	2067	688
3488	3	488	98	121	121	132	110	6484	16400	0	1642	1693	6616	6619	2067	688
3489	3	489	98	121	121	132	110	6484	16400	0	1642	1693	6616	6619	2067	688
3490	3	490	98	121	121	132	110	6484	16400	0	1642	1693	6616	6619	2067	688
3491	3	491	98	121	121	132	110	6484	16400	0	1642	1693	6616	6619	2067	688
3492	3	492	98	121	121	132	110	6484	16400	0	1642	1693	6616	6619	2067	688
3493	3	493	98	121	121	132	110	6484	16400	0	1642	1693	6616	6619	2067	688
3494	3	494	98	121	121	132	110	6484	16400	0	1642	1693	6616	6619	2067	688
3495	3	495	98	121	121	132	110	6484	16400	0	1642	1693	6616	6619	2067	688
3496	3	496	98	121	121	132	110	6484	16400	0	1642	1693	6616	6619	2067	688
3497	3	497	98	121	121	132	110	6484	16400	0	1642	1693	6616	6619	2067	688
3498	3	498	98	121	121	132	110	6484	16400	0	1642	1693	6616	6619	2067	688
3499	3	499	98	121	121	132	110	6484	16400	0	1642	1693	6616	6619	2067	688
3500	3	500	98	121	121	132	110	6484	16400	0	1642	1693	6616	6619	2067	688
3501	3	501	98	121	121	132	110	6484	16400	0	1642	1693	6616	6619	2067	688
3502	3	502	98	121	121	132	110	6484	16400	0	1642	1693	6616	6619	2067	688
3503	3	503	98	121	121	132	110	6484	16400	0	1642	1693	6616	6619	2067	688
3504	3	504	98	121	121	132	110	6484	16400	0	1642	1693	6616	6619	2067	688
3505	3	505	98	121	121	132	110	6484	16400	0	1642	1693	6616	6619	2067	688
3506	3	506	98	121	121	132	110	6484	16400	0	1642	1693	6616	6619	2067	688
3507	3	507	98	121	121	132	110	6484	16400	0	1642	1693	6616	6619	2067	688
3508	3	508	98	121	121	132	110	6484	16400	0	1642	1693	6616	6619	2067	688
3509	3	509	98	121	121	132	110	6484	16400	0	1642	1693	6616	6619	2067	688
3510	3	510	98	121	121	132	110	6484	16400	0	1642	1693	6616	6619	2067	688
3511	3	511	98	121	121	132	110	6484	16400	0	1642	1693	6616	6619	2067	688
3512	3	512	98	121	121	132	110	6484	16400	0	1642	1693	6616	6619	2067	688
3513	3	513	98	121	121	132	110	6484	16400	0	1642	1693	6616	6619	2067	688
3514	3	514	98	121	121	132	110	6484	16400	0	1642	1693	6616	6619	2067	688
3515	3	515	98	121	121	132	110	6484	16400	0	1642	1693	6616	6619	2067	688
3516	3	516	98	121	121	132	110	6484	16400	0	1642	1693	6616	6619	2067	688
3517	3	517	98	121	121	132	110	6484	16400	0	1642	1693	6616	6619	2067	688
3518	3	518	98	121	121	132	110	6484	16400	0	1642	1693	6616	6619	2067	688
3519	3	519	98	121	121	132	110	6484	16400	0	1642	1693	6616	6619	2067	688
3520	3	520	98	121	121	132	110	6484	16400	0	1642	1693	6616	6619	2067	688
3521	3	521	98	121	121	132	110	6484	16400	0	1642	1693	6616	6619	2067	688
3522	3	522	98	121	121	132	110	6484	16400	0	1642	1693	6616	6619	2067	688
3523	3	523	98	121	121	132	110	6484	16400	0	1642	1693	6616	6619	2067	688
3524	3	524	98	121	121	132	110	6484	16400	0	1642	1693	6616	6619	2067	688
3525	3	525	98	121	121	132	110	6484	16400	0	1642	1693	6616	6619	2067	688
3526	3	526	98	121	121	132	110	6484	16400	0	1642	1693	6616	6619	2067	688
3527	3	527	98	121	121	132	110	6484	16400	0	1642	1693	6616	6619	2067	688
3528	3	528	98	121	121	132	110	6484	16400	0	1642	1693	6616	6619	2067	688
3529	3	529	98	121	121	132	110	6484	16400	0	1642	1693	6616	6619	2067	688
3530	3	530	98	121	121	132	110	6484	16400	0	1642	1693	6616	6619	2067	688
3531	3	531	98	121	121	132	110	6484	16400	0	1642	1693	6616	6619	2067	688
3532	3	532	98	121	121	132	110	6484	16400	0	1642	1693	6616	6619	2067	688
3533	3	533	98	121	121	132	110	6484	16400	0	1642	1693	6616	6619	2067	688
3534	3	534	98	121	121	132	110	6484	16400	0	1642	1693	6616	6619	2067	688
3535	3	535	98	121	121	132	110	6484	16400	0	1642	1693	6616	6619	2067	688
3536	3	536	98	121	121	132	110	6484	16400	0	1642	1693	6616	6619	2067	688
3537	3	537	98	121	121	132	110	6484	16400	0	1642	1693	6616	6619	2067	688
3538	3	538	98	121	121	132	110	6484	16400	0	1642	1693	6616	6619	2067	688
3539	3	539	98	121	121	132	110	6484	16400	0	1642	1693	6616	6619	2067	688
3540	3	540	98	121	121	132	110	6484	16400	0	1642	1693	6616	6619	2067	688
3541	3	541	98	121	121	132	110	6484	16400	0	1642	1693	6616	6619	2067	688
3542	3	542	98	121	121	132	110	6484	16400	0	1642	1693	6616	6619	2067	688
3543	3	543	98	121	121	132	110	6484	16400	0	1642	1693	6616	6619	2067	688
3544	3	544	98	121	121	132	110	6484	16400	0	1642	1693	6616	6619	2067	688
3545	3	545	98	121	121	132	110	6484	16400	0	1642	1693	6616	6619	2067	688
3546	3	546	98	121	121	132	110	6484	16400	0	1642	1693	6616	6619	2067	688
3547	3	547	98	121	121	132	110	6484	16400	0	1642	1693	6616	6619	2067	688
3548	3	548	98	121	121	132	110	6484	16400	0	1642	1693	6616	6619	2067	688
3549	3	549	98	121	121	132	110	6484	16400	0	1642	1693	6616	6619	2067	688
3550	3	550	98	121	121	132	110	6484	16400	0	1642	1693	6616	6619	2067	688
3551	3	551	98	121	121	132	110	6484	16400	0	1642	1693	6616	6619	2067	688
3552	3	552	98	121	121	132	110	6484	16400	0	1642	1693	6616	6619	2067	688
3553	3	553	98	121	121	132	110	6484	16400	0	1642	1693	6616	6619	2067	688
3554	3	554	98	121	121	132	110	6484	16400	0	1642	1693	6616	6619	2067	688
3555	3	555	98	121	121	132	110	6484	16400	0	1642	1693	6616	6619	2067	688
3556	3	556	98	121	121	132	110	6484	16400	0	1642	1693	6616	6619	2067	688
3557	3	557	98	121	121	132	110	6484	16400	0	1642	1693	6616	6619	2067	688
3558	3	558	98	121	121	132	110	6484	16400	0	1642	1693	6616	6619	2067	688
3559	3	559	98	121	121	132	110	6484	16400	0	1642	1693	6616	6619	2067	688
3560	3	560	98	121	121	132	110	6484	16400	0	1642	1693	6616	6619	2067	688
3561	3	561	98	121	121	132	110	6484	16400	0	1642	1693	6616	6619	2067	688
3562	3	562	98	121	121	132	110	6484	16400	0	1642	1693	6616	6619	2067	688
3563	3	563	98	121	121	132	110	6484	16400	0	1642	1693	6616	6619	2067	688
3564	3	564	98	121	121	132	110	6484	16400	0	1642	1693	6616	6619	2067	688
3565	3	565	98	121	121	132	110	6484	16400	0	1642	1693	6616	6619	2067	688
3566	3	566	98	121	121	132	110	6484	16400	0	1642	1693	6616	6619	2067	688
3567	3	567	98	121	121	132	110	6484	16400	0	1642	1693	6616	6619	2067	688
3568	3	568	98	121	121	132	110	6484	16400	0	1642	1693	6616	6619	2067	688
3569	3	569	98	121	121	132	110	6484	16400	0	1642	1693	6616	6619	2067	688
3570	3	570	98	121	121	132	110	6484	16400	0	1642	1693	6616	6619	2067	688
3571	3	571	98	121	121	132	110	6484	16400	0	1642	1693	6616	6619	2067	688
3572	3	572	98	121	121	132	110	6484	16400	0	1642	1693	6616	6619	2067	688
3573	3	573	98	121	121	132	110	6484	16400	0	1642	1693	6616	6619	2067	688
3574	3	574	98	121	121	132	110	6484	16400	0	1642	1693	6616	6619	2067	688
3575	3	575	98	121	121	132	110	6484	16400	0	1642	1693	6616	6619	2067	688
3576	3	576	98	121	121	132	110	6484	16400	0	1642	1693	6616	6619	2067	688
3577	3	577	98	121	121	132	110	6484	16400	0	1642	1693	6616	6619	2067	688
3578	3	578	98	121	121	132	110	6484	16400	0	1642	1693	6616	6619	2067	688
3579	3	579	98	121	121	132	110	6484	16400	0	1642	1693	6616	6619	2067	688
3580	3	580	98	121	121	132	110	6484	16400	0	1642	1693	6616	6619	2067	688
3581	3	581	98	121	121	132	110	6484	16400	0	1642	1693	6616	6619	2067	688
3582	3	582	98	121	121	132	110	6484	16400	0	1642	1693	6616	6619	2067	688
3583	3	583	98	121	121	132	110	6484	16400	0	1642	1693	6616	6619	2067	688
3584	3	584	98	121	121	132	110	6484	16400	0	1642	1693	6616	6619	2067	688
3585	3	585	98	121	121	132	110	6484	16400	0	1642	1693	6616	6619	2067	688
3586	3	586	98	121	121	132	110	6484	16400	0	1642	1693	6616	6619	2067	688
3587	3	587	98	121	121	132	110	6484	16400	0	1642	1693	6616	6619	2067	688
3588	3	588	98	121	121	132	110	6484	16400	0	1642	1693	6616	6619	2067	688
3589	3	589	98	121	121	132	110	6484	16400	0	1642	1693	6616	6619	2067	688
3590	3	590	98	121	121	132	110	6484	16400	0	1642	1693	6616	6619	2067	688
3591	3	591	98	121	121	132	110	6484	16400	0	1642	1693	6616	6619	2067	688
3592	3	592	98	121	121	132	110	6484	16400	0	1642	1693	6616	6619	2067	688
3593	3	593	98	121	121	132	110	6484	16400	0	1642	1693	6616	6619	2067	688
3594	3	594	98	121	121	132	110	6484	16400	0	1642	1693	6616	6619	2067	688
3595	3	595	98	121	121	132	110	6484	16400	0	1642	1693	6616	6619	2067	688
3596	3	596	98	121	121	132	110	6484	16400	0	1642	1693	6616	6619	2067	688
3597	3	597	98	121	121	132	110	6484	16400	0	1642	1693	6616	6619	2067	688
3598	3	598	98	121	121	132	110	6484	16400	0	1642	1693	6616	6619	2067	688
3599	3	599	98	121	121	132	110	6484	16400	0	1642	1693	6616	6619	2067	688
3600	3	600	98	121	121	132	110	6484	16400	0	1642	1693	6616	6619	2067	688
3601	3	601	98	121	121	132	110	6484	16400	0	1642	1693	6616	6619	2067	688
3602	3	602	98	121	121	132	110	6484	16400	0	1642	1693	6616	6619	2067	688
3603	3	603	98	121	121	132	110	6484	16400	0	1642	1693	6616	6619	2067	688
3604	3	604	98	121	121	132	110	6484	16400	0	1642	1693	6616	6619	2067	688
3605	3	605	98	121	121	132	110	6484	16400	0	1642	1693	6616	6619	2067	688
3606	3	606	98	121	121	132	110	6484	16400	0	1642	1693	6616	6619	2067	688
3607	3	607	98	121	121	132	110	6484	16400	0	1642	1693	6616	6619	2067	688
3608	3	608	98	121	121	132	110	6484	16400	0	1642	1693	6616	6619	2067	688
3609	3	609	98	121	121	132	110	6484	16400	0	1642	1693	6616	6619	2067	688
3610	3	610	98	121	121	132	110	6484	16400	0	1642	1693	6616	6619	2067	688
3611	3	611	98	121	121	132	110	6484	16400	0	1642	1693	6616	6619	2067	688
3612	3	612	98	121	121	132	110	6484	16400	0	1642	1693	6616	6619	2067	688
3613	3	613	98	121	121	132	110	6484	16400	0	1642	1693	6616	6619	2067	688
3614	3	614	98	121	121	132	110	6484	16400	0	1642	1693	6616	6619	2067	688
3615	3	615	98	121	121	132	110	6484	16400	0	1642	1693	6616	6619	2067	688
3616	3	616	98	121	121	132	110	6484	16400	0	1642	1693	6616	6619	2067	688
3617	3	617	98	121	121	132	110	6484	16400	0	1642	1693	6616	6619	2067	688
3618	3	618	98	121	121	132	110	6484	16400	0	1642	1693	6616	6619	2067	688
3619	3	619	98	121	121	132	110	6484	16400	0	1642	1693	6616	6619	2067	688
3620	3	620	98	121	121	132	110	6484	16400	0	1642	1693	6616	6619	2067	688
3621	3	621	98	121	121	132	110	6484	16400	0	1642	1693	6616	6619	2067	688
3622	3	622	98	121	121	132	110	6484	16400	0	1642	1693	6616	6619	2067	688
3623	3	623	98	121	121	132	110	6484	16400	0	1642	1693	6616	6619	2067	688
3624	3	624	98	121	121	132	110	6484	16400	0	1642	1693	6616	6619	2067	688
3625	3	625	98	121	121	132	110	6484	16400	0	1642	1693	6616	6619	2067	688
3626	3	626	98	121	121	132	110	6484	16400	0	1642	1693	6616	6619	2067	688
3627	3	627	98	121	121	132	110	6484	16400	0	1642	1693	6616	6619	2067	688
3628	3	628	98	121	121	132	110	6484	16400	0	1642	1693	6616	6619	2067	688
3629	3	629	98	121	121	132	110	6484	16400	0	1642	1693	6616	6619	2067	688
3630	3	630	98	121	121	132	110	6484	16400	0	1642	1693	6616	6619	2067	688
3631	3	631	98	121	121	132	110	6484	16400	0	1642	1693	6616	6619	2067	688
3632	3	632	98	121	121	132	110	6484	16400	0	1642	1693	6616	6619	2067	688
3633	3	633	98	121	121	132	110	6484	16400	0	1642	1693	6616	6619	2067	688
3634	3	634	98	121	121	132	110	6484	16400	0	1642	1693	6616	6619	2067	688
3635	3	635	98	121	121	132	110	6484	16400	0	1642	1693	6616	6619	2067	688
3636	3	636	98	121	121	132	110	6484	16400	0	1642	1693	6616	6619	2067	688
3637	3	637	98	121	121	132	110	6484	16400	0	1642	1693	6616	6619	2067	688
3638	3	638	98	121	121	132	110	6484	16400	0	1642	1693	6616	6619	2067	688
3639	3	639	98	121	121	132	110	6484	16400	0	1642	1693	6616	6619	2067	688
3640	3	640	98	121	121	132	110	6484	16400	0	1642	1693	6616	6619	2067	688
3641	3	641	98	121	121	132	110	6484	16400	0	1642	1693	6616	6619	2067	688
3642	3	642	98	121	121	132	110	6484	16400	0	1642	1693	6616	6619	2067	688
3643	3	643	98	121	121	132	110	6484	16400	0	1642	1693	6616	6619	2067	688
3644	3	644	98	121	121	132	110	6484	16400	0	1642	1693	6616	6619	2067	688
3645	3	645	98	121	121	132	110	6484	16400	0	1642	1693	6616	6619	2067	688
3646	3	646	98	121	121	132	110	6484	16400	0	1642	1693	6616	6619	2067	688
3647	3	647	98	121	121	132	110	6484	16400	0	1642	1693	6616	6619	2067	688
3648	3	648	98	121	121	132	110	6484	16400	0	1642	1693	6616	6619	2067	688
3649	3	649	98	121	121	132	110	6484	16400	0	1642	1693	6616	6619	2067	688
3650	3	650	98	121	121	132	110	6484	16400	0	1642	1693	6616	6619	2067	688
3651	3	651	98	121	121	132	110	6484	16400	0	1642	1693	6616	6619	2067	688
3652	3	652	98	121	121	132	110	6484	16400	0	1642	1693	6616	6619	2067	688
3653	3	653	98	121	121	132	110	6484	16400	0	1642	1693	6616	6619	2067	688
3654	3	654	98	121	121	132	110	6484	16400	0	1642	1693	6616	6619	2067	688
3655	3	655	98	121	121	132	110	6484	16400	0	1642	1693	6616	6619	2067	688
3656	3	656	98	121	121	132	110	6484	16400	0	1642	1693	6616	6619	2067	688
3657	3	657	98	121	121	132	110	6484	16400	0	1642	1693	6616	6619	2067	688
3658	3	658	98	121	121	132	110	6484	16400	0	1642	1693	6616	6619	2067	688
3659	3	659	98	121	121	132	110	6484	16400	0	1642	1693	6616	6619	2067	688
3660	3	660	98	121	121	132	110	6484	16400	0	1642	1693	6616	6619	2067	688
3661	3	661	98	121	121	132	110	6484	16400	0	1642	1693	6616	6619	2067	688
3662	3	662	98	121	121	132	110	6484	16400	0	1642	1693	6616	6619	2067	688
3663	3	663	98	121	121	132	110	6484	16400	0	1642	1693	6616	6619	2067	688
3664	3	664	98	121	121	132	110	6484	16400	0	1642	1693	6616	6619	2067	688
3665	3	665	98	121	121	132	110	6484	16400	0	1642	1693	6616	6619	2067	688
3666	3	666	98	121	121	132	110	6484	16400	0	1642	1693	6616	6619	2067	688
3667	3	667	98	121	121	132	110	6484	16400	0	1642	1693	6616	6619	2067	688
3668	3	668	98	121	121	132	110	6484	16400	0	1642	1693	6616	6619	2067	688
3669	3	669	98	121	121	132	110	6484	16400	0	1642	1693	6616	6619	2067	688
3670	3	670	98	121	121	132	110	6484	16400	0	1642	1693	6616	6619	2067	688
3671	3	671	98	121	121	132	110	6484	16400	0	1642	1693	6616	6619	2067	688
3672	3	672	98	121	121	132	110	6484	16400	0	1642	1693	6616	6619	2067	688
3673	3	673	98	121	121	132	110	6484	16400	0	1642	1693	6616	6619	2067	688
3674	3	674	98	121	121	132	110	6484	16400	0	1642	1693	6616	6619	2067	688
3675	3	675	98	121	121	132	110	6484	16400	0	1642	1693	6616	6619	2067	688
3676	3	676	98	121	121	132	110	6484	16400	0	1642	1693	6616	6619	2067	688
3677	3	677	98	121	121	132	110	6484	16400	0	1642	1693	6616	6619	2067	688
3678	3	678	98	121	121	132	110	6484	16400	0	1642	1693	6616	6619	2067	688
3679	3	679	98	121	121	132	110	6484	16400	0	1642	1693	6616	6619	2067	688
3680	3	680	98	121	121	132	110	6484	16400	0	1642	1693	6616	6619	2067	688
3681	3	681	98	121	121	132	110	6484	16400	0	1642	1693	6616	6619	2067	688
3682	3	682	98	121	121	132	110	6484	16400	0	1642	1693	6616	6619	2067	688
3683	3	683	98	121	121	132	110	6484	16400	0	1642	1693	6616	6619	2067	688
3684	3	684	98	121	121	132	110	6484	16400	0	1642	1693	6616	6619	2067	688
3685	3	685	98	121	121	132	110	6484	16400	0	1642	1693	6616	6619	2067	688
3686	3	686	98	121	121	132	110	6484	16400	0	1642	1693	6616	6619	2067	688
3687	3	687	98	121	121	132	110	6484	16400	0	1642	1693	6616	6619	2067	688
3688	3	688	98	121	121	132	110	6484	16400	0	1642	1693	6616	6619	2067	688
3689	3	689	98	121	121	132	110	6484	16400	0	1642	1693	6616	6619	2067	688
3690	3	690	98	121	121	132	110	6484	16400	0	1642	1693	6616	6619	2067	688
3691	3	691	98	121	121	132	110	6484	16400	0	1642	1693	6616	6619	2067	688
3692	3	692	98	121	121	132	110	6484	16400	0	1642	1693	6616	6619	2067	688
3693	3	693	98	121	121	132	110	6484	16400	0	1642	1693	6616	6619	2067	688
3694	3	694	98	121	121	132	110	6484	16400	0	1642	1693	6616	6619	2067	688
3695	3	695	98	121	121	132	110	6484	16400	0	1642	1693	6616	6619	2067	688
3696	3	696	98	121	121	132	110	6484	16400	0	1642	1693	6616	6619	2067	688
3697	3	697	98	121	121	132	110	6484	16400	0	1642	1693	6616	6619	2067	688
3698	3	698	98	121	121	132	110	6484	16400	0	1642	1693	6616	6619	2067	688
3699	3	699	98	121	121	132	110	6484	16400	0	1642	1693	6616	6619	2067	688
3700	3	700	98	121	121	132	110	6484	16400	0	1642	1693	6616	6619	2067	688
3701	3	701	98	121	121	132	110	6484	16400	0	1642	1693	6616	6619	2067	688
3702	3	702	98	121	121	132	110	6484	16400	0	1642	1693	6616	6619	2067	688
3703	3	703	98	121	121	132	110	6484	16400	0	1642	1693	6616	6619	2067	688
3704	3	704	98	121	121	132	110	6484	16400	0	1642	1693	6616	6619	2067	688
3705	3	705	98	121	121	132	110	6484	16400	0	1642	1693	6616	6619	2067	688
3706	3	706	98	121	121	132	110	6484	16400	0	1642	1693	6616	6619	2067	688
3707	3	707	98	121	121	132	110	6484	16400	0	1642	1693	6616	6619	2067	688
3708	3	708	98	121	121	132	110	6484	16400	0	1642	1693	6616	6619	2067	688
3709	3	709	98	121	121	132	110	6484	16400	0	1642	1693	6616	6619	2067	688
3710	3	710	98	121	121	132	110	6484	16400	0	1642	1693	6616	6619	2067	688
3711	3	711	98	121	121	132	110	6484	16400	0	1642	1693	6616	6619	2067	688
3712	3	712	98	121	121	132	110	6484	16400	0	1642	1693	6616	6619	2067	688
3713	3	713	98	121	121	132	110	6484	16400	0	1642	1693	6616	6619	2067	688
3714	3	714	98	121	121	132	110	6484	16400	0	1642	1693	6616	6619	2067	688
3715	3	715	98	121	121	132	110	6484	16400	0	1642	1693	6616	6619	2067	688
3716	3	716	98	121	121	132	110	6484	16400	0	1642	1693	6616	6619	2067	688
3717	3	717	98	121	121	132	110	6484	16400	0	1642	1693	6616	6619	2067	688
3718	3	718	98	121	121	132	110	6484	16400	0	1642	1693	6616	6619	2067	688
3719	3	719	98	121	121	132	110	6484	16400	0	1642	1693	6616	6619	2067	688
3720	3	720	98	121	121	132	110	6484	16400	0	1642	1693	6616	6619	2067	688
3721	3	721	98	121	121	132	110	6484	16400	0	1642	1693	6616	6619	2067	688
3722	3	722	98	121	121	132	110	6484	16400	0	1642	1693	6616	6619	2067	688
3723	3	723	98	121	121	132	110	6484	16400	0	1642	1693	6616	6619	2067	688
3724	3	724	98	121	121	132	110	6484	16400	0	1642	1693	6616	6619	2067	688
3725	3	725	98	121	121	132	110	6484	16400	0	1642	1693	6616	6619	2067	688
3726	3	726	98	121	121	132	110	6484	16400	0	1642	1693	6616	6619	2067	688
3727	3	727	98	121	121	132	110	6484	16400	0	1642	1693	6616	6619	2067	688
3728	3	728	98	121	121	132	110	6484	16400	0	1642	1693	6616	6619	2067	688
3729	3	729	98	121	121	132	110	6484	16400	0	1642	1693	6616	6619	2067	688
3730	3	730	98	121	121	132	110	6484	16400	0	1642	1693	6616	6619	2067	688
3731	3	731	98	121	121	132	110	6484	16400	0	1642	1693	6616	6619	2067	688
3732	3	732	98	121	121	132	110	6484	16400	0	1642	1693	6616	6619	2067	688
3733	3	733	98	121	121	132	110	6484	16400	0	1642	1693	6616	6619	2067	688
3734	3	734	98	121	121	132	110	6484	16400	0	1642	1693	6616	6619	2067	688
3735	3	735	98	121	121	132	110	6484	16400	0	1642	1693	6616	6619	2067	688
3736	3	736	98	121	121	132	110	6484	16400	0	1642	1693	6616	6619	2067	688
3737	3	737	98	121	121	132	110	6484	16400	0	1642	1693	6616	6619	2067	688
3738	3	738	98	121	121	132	110	6484	16400	0	1642	1693	6616	6619	2067	688
3739	3	739	98	121	121	132	110	6484	16400	0	1642	1693	6616	6619	2067	688
3740	3	740	98	121	121	132	110	6484	16400	0	1642	1693	6616	6619	2067	688
3741	3	741	98	121	121	132	110	6484	16400	0	1642	1693	6616	6619	2067	688
3742	3	742	98	121	121	132	110	6484	16400	0	1642	1693	6616	6619	2067	688
3743	3	743	98	121	121	132	110	6484	16400	0	1642	1693	6616	6619	2067	688
3744	3	744	98	121	121	132	110	6484	16400	0	1642	1693	6616	6619	2067	688
3745	3	745	98	121	121	132	110	6484	16400	0	1642	1693	6616	6619	2067	688
3746	3	746	98	121	121	132	110	6484	16400	0	1642	1693	6616	6619	2067	688
3747	3	747	98	121	121	132	110	6484	16400	0	1642	1693	6616	6619	2067	688
3748	3	748	98	121	121	132	110	6484	16400	0	1642	1693	6616	6619	2067	688
3749	3	749	98	121	121	132	110	6484	16400	0	1642	1693	6616	6619	2067	688
3750	3	750	98	121	121	132	110	6484	16400	0	1642	1693	6616	6619	2067	688
3751	3	751	98	121	121	132	110	6484	16400	0	1642	1693	6616	6619	2067	688
3752	3	752	98	121	121	132	110	6484	16400	0	1642	1693	6616	6619	2067	688
3753	3	753	98	121	121	132	110	6484	16400	0	1642	1693	6616	6619	2067	688
3754	3	754	98	121	121	132	110	6484	16400	0	1642	1693	6616	6619	2067	688
3755	3	755	98	121	121	132	110	6484	16400	0	1642	1693	6616	6619	2067	688
3756	3	756	98	121	121	132	110	6484	16400	0	1642	1693	6616	6619	2067	688
3757	3	757	98	121	121	132	110	6484	16400	0	1642	1693	6616	6619	2067	688
3758	3	758	98	121	121	132	110	6484	16400	0	1642	1693	6616	6619	2067	688
3759	3	759	98	121	121	132	110	6484	16400	0	1642	1693	6616	6619	2067	688
3760	3	760	98	121	121	132	110	6484	16400	0	1642	1693	6616	6619	2067	688
3761	3	761	98	121	121	132	110	6484	16400	0	1642	1693	6616	6619	2067	688
3762	3	762	98	121	121	132	110	6484	16400	0	1642	1693	6616	6619	2067	688
3763	3	763	98	121	121	132	110	6484	16400	0	1642	1693	6616	6619	2067	688
3764	3	764	98	121	121	132	110	6484	16400	0	1642	1693	6616	6619	2067	688
3765	3	765	98	121	121	132	110	6484	16400	0	1642	1693	6616	6619	2067	688
3766	3	766	98	121	121	132	110	6484	16400	0	1642	1693	6616	6619	2067	688
3767	3	767	98	121	121	132	110	6484	16400	0	1642	1693	6616	6619	2067	688
3768	3	768	98	121	121	132	110	6484	16400	0	1642	1693	6616	6619	2067	688
3769	3	769	98	121	121	132	110	6484	16400	0	1642	1693	6616	6619	2067	688
3770	3	770	98	121	121	132	110	6484	16400	0	1642	1693	6616	6619	2067	688
3771	3	771	98	121	121	132	110	6484	16400	0	1642	1693	6616	6619	2067	688
3772	3	772	98	121	121	132	110	6484	16400	0	1642	1693	6616	6619	2067	688
3773	3	773	98	121	121	132	110	6484	16400	0	1642	1693	6616	6619	2067	688
3774	3	774	98	121	121	132	110	6484	16400	0	1642	1693	6616	6619	2067	688
3775	3	775	98	121	121	132	110	6484	16400	0	1642	1693	6616	6619	2067	688
3776	3	776	98	121	121	132	110	6484	16400	0	1642	1693	6616	6619	2067	688
3777	3	777	98	121	121	132	110	6484	16400	0	1642	1693	6616	6619	2067	688
3778	3	778	98	121	121	132	110	6484	16400	0	1642	1693	6616	6619	2067	688
3779	3	779	98	121	121	132	110	6484	16400	0	1642	1693	6616	6619	2067	688
3780	3	780	98	121	121	132	110	6484	16400	0	1642	1693	6616	6619	2067	688
3781	3	781	98	121	121	132	110	6484	16400	0	1642	1693	6616	6619	2067	688
3782	3	782	98	121	121	132	110	6484	16400	0	1642	1693	6616	6619	2067	688
3783	3	783	98	121	121	132	110	6484	16400	0	1642	1693	6616	6619	2067	688
3784	3	784	98	121	121	132	110	6484	16400	0	1642	1693	6616	6619	2067	688
3785	3	785	98	121	121	132	110	6484	16400	0	1642	1693	6616	6619	2067	688
3786	3	786	98	121	121	132	110	6484	16400	0	1642	1693	6616	6619	2067	688
3787	3	787	98	121	121	132	110	6484	16400	0	1642	1693	6616	6619	2067	688
3788	3	788	98	121	121	132	110	6484	16400	0	1642	1693	6616	6619	2067	688
3789	3	789	98	121	121	132	110	6484	16400	0	1642	1693	6616	6619	2067	688
3790	3	790	98	121	121	132	110	6484	16400	0	1642	1693	6616	6619	2067	688
3791	3	791	98	121	121	132	110	6484	16400	0	1642	1693	6616	6619	2067	688
3792	3	792	98	121	121	132	110	6484	16400	0	1642	1693	6616	6619	2067	688
3793	3	793	98	121	121	132	110	6484	16400	0	1642	1693	6616	6619	2067	688
3794	3	794	98	121	121	132	110	6484	16400	0	1642	1693	6616	6619	2067	688
3795	3	795	98	121	121	132	110	6484	16400	0	1642	1693	6616	6619	2067	688
3796	3	796	98	121	121	132	110	6484	16400	0	1642	1693	6616	6619	2067	688
3797	3	797	98	121	121	132	110	6484	16400	0	1642	1693	6616	6619	2067	688
3798	3	798	98	121	121	132	110	6484	16400	0	1642	1693	6616	6619	2067	688
3799	3	799	98	121	121	132	110	6484	16400	0	1642	1693	6616	6619	2067	688
3800	3	800	98	121	121	132	110	6484	16400	0	1642	1693	6616	6619	2067	688
3801	3	801	98	121	121	132	110	6484	16400	0	1642	1693	6616	6619	2067	688
3802	3	802	98	121	121	132	110	6484	16400	0	1642	1693	6616	6619	2067	688
3803	3	803	98	121	121	132	110	6484	16400	0	1642	1693	6616	6619	2067	688
3804	3	804	98	121	121	132	110	6484	16400	0	1642	1693	6616	6619	2067	688
3805	3	805	98	121	121	132	110	6484	16400	0	1642	1693	6616	6619	2067	688
3806	3	806	98	121	121	132	110	6484	16400	0	1642	1693	6616	6619	2067	688
3807	3	807	98	121	121	132	110	6484	16400	0	1642	1693	6616	6619	2067	688
3808	3	808	98	121	121	132	110	6484	16400	0	1642	1693	6616	6619	2067	688
3809	3	809	98	121	121	132	110	6484	16400	0	1642	1693	6616	6619	2067	688
3810	3	810	98	121	121	132	110	6484	16400	0	1642	1693	6616	6619	2067	688
3811	3	811	98	121	121	132	110	6484	16400	0	1642	1693	6616	6619	2067	688
3812	3	812	98	121	121	132	110	6484	16400	0	1642	1693	6616	6619	2067	688
3813	3	813	98	121	121	132	110	6484	16400	0	1642	1693	6616	6619	2067	688
3814	3	814	98	121	121	132	110	6484	16400	0	1642	1693	6616	6619	2067	688
3815	3	815	98	121	121	132	110	6484	16400	0	1642	1693	6616	6619	2067	688
3816	3	816	98	121	121	132	110	6484	16400	0	1642	1693	6616	6619	2067	688
3817	3	817	98	121	121	132	110	6484	16400	0	1642	1693	6616	6619	2067	688
3818	3	818	98	121	121	132	110	6484	16400	0	1642	1693	6616	6619	2067	688
3819	3	819	98	121	121	132	110	6484	16400	0	1642	1693	6616	6619	2067	688
3820	3	820	98	121	121	132	110	6484	16400	0	1642	1693	6616	6619	2067	688
3821	3	821	98	121	121	132	110	6484	16400	0	1642	1693	6616	6619	2067	688
3822	3	822	98	121	121	132	110	6484	16400	0	1642	1693	6616	6619	2067	688
3823	3	823	98	121	121	132	110	6484	16400	0	1642	1693	6616	6619	2067	688
3824	3	824	98	121	121	132	110	6484	16400	0	1642	1693	6616	6619	2067	688
3825	3	825	98	121	121	132	110	6484	16400	0	1642	1693	6616	6619	2067	688
3826	3	826	98	121	121	132	110	6484	16400	0	1642	1693	6616	6619	2067	688
3827	3	827	98	121	121	132	110	6484	16400	0	1642	1693	6616	6619	2067	688
3828	3	828	98	121	121	132	110	6484	16400	0	1642	1693	6616	6619	2067	688
3829	3	829	98	121	121	132	110	6484	16400	0	1642	1693	6616	6619	2067	688
3830	3	830	98	121	121	132	110	6484	16400	0	1642	1693	6616	6619	2067	688
3831	3	831	98	121	121	132	110	6484	16400	0	1642	1693	6616	6619	2067	688
3832	3	832	98	121	121	132	110	6484	16400	0	1642	1693	6616	6619	2067	688
3833	3	833	98	121	121	132	110	6484	16400	0	1642	1693	6616	6619	2067	688
3834	3	834	98	121	121	132	110	6484	16400	0	1642	1693	6616	6619	2067	688
3835	3	835	98	121	121	132	110	6484	16400	0	1642	1693	6616	6619	2067	688
3836	3	836	98	121	121	132	110	6484	16400	0	1642	1693	6616	6619	2067	688
3837	3	837	98	121	121	132	110	6484	16400	0	1642	1693	6616	6619	2067	688
3838	3	838	98	121	121	132	110	6484	16400	0	1642	1693	6616	6619	2067	688
3839	3	839	98	121	121	132	110	6484	16400	0	1642	1693	6616	6619	2067	688
3840	3	840	98	121	121	132	110	6484	16400	0	1642	1693	6616	6619	2067	688
3841	3	841	98	121	121	132	110	6484	16400	0	1642	1693	6616	6619	2067	688
3842	3	842	98	121	121	132	110	6484	16400	0	1642	1693	6616	6619	2067	688
3843	3	843	98	121	121	132	110	6484	16400	0	1642	1693	6616	6619	2067	688
3844	3	844	98	121	121	132	110	6484	16400	0	1642	1693	6616	6619	2067	688
3845	3	845	98	121	121	132	110	6484	16400	0	1642	1693	6616	6619	2067	688
3846	3	846	98	121	121	132	110	6484	16400	0	1642	1693	6616	6619	2067	688
3847	3	847	98	121	121	132	110	6484	16400	0	1642	1693	6616	6619	2067	688
3848	3	848	98	121	121	132	110	6484	16400	0	1642	1693	6616	6619	2067	688
3849	3	849	98	121	121	132	110	6484	16400	0	1642	1693	6616	6619	2067	688
3850	3	850	98	121	121	132	110	6484	16400	0	1642	1693	6616	6619	2067	688
3851	3	851	98	121	121	132	110	6484	16400	0	1642	1693	6616	6619	2067	688
3852	3	852	98	121	121	132	110	6484	16400	0	1642	1693	6616	6619	2067	688
3853	3	853	98	121	121	132	110	6484	16400	0	1642	1693	6616	6619	2067	688
3854	3	854	98	121	121	132	110	6484	16400	0	1642	1693	6616	6619	2067	688
3855	3	855	98	121	121	132	110	6484	16400	0	1642	1693	6616	6619	2067	688
3856	3	856	98	121	121	132	110	6484	16400	0	1642	1693	6616	6619	2067	688
3857	3	857	98	121	121	132	110	6484	16400	0	1642	1693	6616	6619	2067	688
3858	3	858	98	121	121	132	110	6484	16400	0	1642	1693	6616	6619	2067	688
3859	3	859	98	121	121	132	110	6484	16400	0	1642	1693	6616	6619	2067	688
3860	3	860	98	121	121	132	110	6484	16400	0	1642	1693	6616	6619	2067	688
3861	3	861	98	121	121	132	110	6484	16400	0	1642	1693	6616	6619	2067	688
3862	3	862	98	121	121	132	110	6484	16400	0	1642	1693	6616	6619	2067	688
3863	3	863	98	121	121	132	110	6484	16400	0	1642	1693	6616	6619	2067	688
3864	3	864	98	121	121	132	110	6484	16400	0	1642	1693	6616	6619	2067	688
3865	3	865	98	121	121	132	110	6484	16400	0	1642	1693	6616	6619	2067	688
3866	3	866	98	121	121	132	110	6484	16400	0	1642	1693	6616	6619	2067	688
3867	3	867	98	121	121	132	110	6484	16400	0	1642	1693	6616	6619	2067	688
3868	3	868	98	121	121	132	110	6484	16400	0	1642	1693	6616	6619	2067	688
3869	3	869	98	121	121	132	110	6484	16400	0	1642	1693	6616	6619	2067	688
3870	3	870	98	121	121	132	110	6484	16400	0	1642	1693	6616	6619	2067	688
3871	3	871	98	121	121	132	110	6484	16400	0	1642	1693	6616	6619	2067	688
3872	3	872	98	121	121	132	110	6484	16400	0	1642	1693	6616	6619	2067	688
3873	3	873	98	121	121	132	110	6484	16400	0	1642	1693	6616	6619	2067	688
3874	3	874	98	121	121	132	110	6484	16400	0	1642	1693	6616	6619	2067	688
3875	3	875	98	121	121	132	110	6484	16400	0	1642	1693	6616	6619	2067	688
3876	3	876	98	121	121	132	110	6484	16400	0	1642	1693	6616	6619	2067	688
3877	3	877	98	121	121	132	110	6484	16400	0	1642	1693	6616	6619	2067	688
3878	3	878	98	121	121	132	110	6484	16400	0	1642	1693	6616	6619	2067	688
3879	3	879	98	121	121	132	110	6484	16400	0	1642	1693	6616	6619	2067	688
3880	3	880	98	121	121	132	110	6484	16400	0	1642	1693	6616	6619	2067	688
3881	3	881	98	121	121	132	110	6484	16400	0	1642	1693	6616	6619	2067	688
3882	3	882	98	121	121	132	110	6484	16400	0	1642	1693	6616	6619	2067	688
3883	3	883	98	121	121	132	110	6484	16400	0	1642	1693	6616	6619	2067	688
3884	3	884	98	121	121	132	110	6484	16400	0	1642	1693	6616	6619	2067	688
3885	3	885	98	121	121	132	110	6484	16400	0	1642	1693	6616	6619	2067	688
3886	3	886	98	121	121	132	110	6484	16400	0	1642	1693	6616	6619	2067	688
3887	3	887	98	121	121	132	110	6484	16400	0	1642	1693	6616	6619	2067	688
3888	3	888	98	121	121	132	110	6484	16400	0	1642	1693	6616	6619	2067	688
3889	3	889	98	121	121	132	110	6484	16400	0	1642	1693	6616	6619	2067	688
3890	3	890	98	121	121	132	110	6484	16400	0	1642	1693	6616	6619	2067	688
3891	3	891	98	121	121	132	110	6484	16400	0	1642	1693	6616	6619	2067	688
3892	3	892	98	121	121	132	110	6484	16400	0	1642	1693	6616	6619	2067	688
3893	3	893	98	121	121	132	110	6484	16400	0	1642	1693	6616	6619	2067	688
3894	3	894	98	121	121	132	110	6484	16400	0	1642	1693	6616	6619	2067	688
3895	3	895	98	121	121	132	110	6484	16400	0	1642	1693	6616	6619	2067	688
3896	3	896	98	121	121	132	110	6484	16400	0	1642	1693	6616	6619	2067	688
3897	3	897	98	121	121	132	110	6484	16400	0	1642	1693	6616	6619	2067	688
3898	3	898	98	121	121	132	110	6484	16400	0	1642	1693	6616	6619	2067	688
3899	3	899	98	121	121	132	110	6484	16400	0	1642	1693	6616	6619	2067	688
3900	3	900	98	121	121	132	110	6484	16400	0	1642	1693	6616	6619	2067	688
3901	3	901	98	121	121	132	110	6484	16400	0	1642	1693	6616	6619	2067	688
3902	3	902	98	121	121	132	110	6484	16400	0	1642	1693	6616	6619	2067	688
3903	3	903	98	121	121	132	110	6484	16400	0	1642	1693	6616	6619	2067	688
3904	3	904	98	121	121	132	110	6484	16400	0	1642	1693	6616	6619	2067	688
3905	3	905	98	121	121	132	110	6484	16400	0	1642	1693	6616	6619	2067	688
3906	3	906	98	121	121	132	110	6484	16400	0	1642	1693	6616	6619	2067	688
3907	3	907	98	121	121	132	110	6484	16400	0	1642	1693	6616	6619	2067	688
3908	3	908	98	121	121	132	110	6484	16400	0	1642	1693	6616	6619	2067	688
3909	3	909	98	121	121	132	110	6484	16400	0	1642	1693	6616	6619	2067	688
3910	3	910	98	121	121	132	110	6484	16400	0	1642	1693	6616	6619	2067	688
3911	3	911	98	121	121	132	110	6484	16400	0	1642	1693	6616	6619	2067	688
3912	3	912	98	121	121	132	110	6484	16400	0	1642	1693	6616	6619	2067	688
3913	3	913	98	121	121	132	110	6484	16400	0	1642	1693	6616	6619	2067	688
3914	3	914	98	121	121	132	110	6484	16400	0	1642	1693	6616	6619	2067	688
3915	3	915	98	121	121	132	110	6484	16400	0	1642	1693	6616	6619	2067	688
3916	3	916	98	121	121	132	110	6484	16400	0	1642	1693	6616	6619	2067	688
3917	3	917	98	121	121	132	110	6484	16400	0	1642	1693	6616	6619	2067	688
3918	3	918	98	121	121	132	110	6484	16400	0	1642	1693	6616	6619	2067	688
3919	3	919	98	121	121	132	110	6484	16400	0	1642	1693	6616	6619	2067	688
3920	3	920	98	121	121	132	110	6484	16400	0	1642	1693	6616	6619	2067	688
3921	3	921	98	121	121	132	110	6484	16400	0	1642	1693	6616	6619	2067	688
3922	3	922	98	121	121	132	110	6484	16400	0	1642	1693	6616	6619	2067	688
3923	3	923	98	121	121	132	110	6484	16400	0	1642	1693	6616	6619	2067	688
3924	3	924	98	121	121	132	110	6484	16400	0	1642	1693	6616	6619	2067	688
3925	3	925	98	121	121	132	110	6484	16400	0	1642	1693	6616	6619	2067	688
3926	3	926	98	121	121	132	110	6484	16400	0	1642	1693	6616	6619	2067	688
3927	3	927	98	121	121	132	110	6484	16400	0	1642	1693	6616	6619	2067	688
3928	3	928	98	121	121	132	110	6484	16400	0	1642	1693	6616	6619	2067	688
3929	3	929	98	121	121	132	110	6484	16400	0	1642	1693	6616	6619	2067	688
3930	3	930	98	121	121	132	110	6484	16400	0	1642	1693	6616	6619	2067	688
3931	3	931	98	121	121	132	110	6484	16400	0	1642	1693	6616	6619	2067	688
3932	3	932	98	121	121	132	110	6484	16400	0	1642	1693	6616	6619	2067	688
3933	3	933	98	121	121	132	110	6484	16400	0	1642	1693	6616	6619	2067	688
3934	3	934	98	121	121	132	110	6484	16400	0	1642	1693	6616	6619	2067	688
3935	3	935	98	121	121	132	110	6484	16400	0	1642	1693	6616	6619	2067	688
3936	3	936	98	121	121	132	110	6484	16400	0	1642	1693	6616	6619	2067	688
3937	3	937	98	121	121	132	110	6484	16400	0	1642	1693	6616	6619	2067	688
3938	3	938	98	121	121	132	110	6484	16400	0	1642	1693	6616	6619	2067	688
3939	3	939	98	121	121	132	110	6484	16400	0	1642	1693	6616	6619	2067	688
3940	3	940	98	121	121	132	110	6484	16400	0	1642	1693	6616	6619	2067	688
3941	3	941	98	121	121	132	110	6484	16400	0	1642	1693	6616	6619	2067	688
3942	3	942	98	121	121	132	110	6484	16400	0	1642	1693	6616	6619	2067	688
3943	3	943	98	121	121	132	110	6484	16400	0	1642	1693	6616	6619	2067	688
3944	3	944	98	121	121	132	110	6484	16400	0	1642	1693	6616	6619	2067	688
3945	3	945	98	121	121	132	110	6484	16400	0	1642	1693	6616	6619	2067	688
3946	3	946	98	121	121	132	110	6484	16400	0	1642	1693	6616	6619	2067	688
3947	3	947	98	121	121	132	110	6484	16400	0	1642	1693	6616	6619	2067	688
3948	3	948	98	121	121	132	110	6484	16400	0	1642	1693	6616	6619	2067	688
3949	3	949	98	121	121	132	110	6484	16400	0	1642	1693	6616	6619	2067	688
3950	3	950	98	121	121	132	110	6484	16400	0	1642	1693	6616	6619	2067	688
3951	3	951	98	121	121	132	110	6484	16400	0	1642	1693	6616	6619	2067	688
3952	3	952	98	121	121	132	110	6484	16400	0	1642	1693	6616	6619	2067	688
3953	3	953	98	121	121	132	110	6484	16400	0	1642	1693	6616	6619	2067	688
3954	3	954	98	121	121	132	110	6484	16400	0	1642	1693	6616	6619	2067	688
3955	3	955	98	121	121	132	110	6484	16400	0	1642	1693	6616	6619	2067	688
3956	3	956	98	121	121	132	110	6484	16400	0	1642	1693	6616	6619	2067	688
3957	3	957	98	121	121	132	110	6484	16400	0	1642	1693	6616	6619	2067	688
3958	3	958	98	121	121	132	110	6484	16400	0	1642	1693	6616	6619	2067	688
3959	3	959	98	121	121	132	110	6484	16400	0	1642	1693	6616	6619	2067	688
3960	3	960	98	121	121	132	110	6484	16400	0	1642	1693	6616	6619	2067	688
3961	3	961	98	121	121	132	110	6484	16400	0	1642	1693	6616	6619	2067	688
3962	3	962	98	121	121	132	110	6484	16400	0	1642	1693	6616	6619	2067	688
3963	3	963	98	121	121	132	110	6484	16400	0	1642	1693	6616	6619	2067	688
3964	3	964	98	121	121	132	110	6484	16400	0	1642	1693	6616	6619	2067	688
3965	3	965	98	121	121	132	110	6484	16400	0	1642	1693	6616	6619	2067	688
3966	3	966	98	121	121	132	110	6484	16400	0	1642	1693	6616	6619	2067	688
3967	3	967	98	121	121	132	110	6484	16400	0	1642	1693	6616	6619	2067	688
3968	3	968	98	121	121	132	110	6484	16400	0	1642	1693	6616	6619	2067	688
3969	3	969	98	121	121	132	110	6484	16400	0	1642	1693	6616	6619	2067	688
3970	3	970	98	121	121	132	110	6484	16400	0	1642	1693	6616	6619	2067	688
3971	3	971	98	121	121	132	110	6484	16400	0	1642	1693	6616	6619	2067	688
3972	3	972	98	121	121	132	110	6484	16400	0	1642	1693	6616	6619	2067	688
3973	3	973	98	121	121	132	110	6484	16400	0	1642	1693	6616	6619	2067	688
3974	3	974	98	121	121	132	110	6484	16400	0	1642	1693	6616	6619	2067	688
3975	3	975	98	121	121	132	110	6484	16400	0	1642	1693	6616	6619	2067	688
3976	3	976	98	121	121	132	110	6484	16400	0	1642	1693	6616	6619	2067	688
3977	3	977	98	121	121	132	110	6484	16400	0	1642	1693	6616	6619	2067	688
3978	3	978	98	121	121	132	110	6484	16400	0	1642	1693	6616	6619	2067	688
3979	3	979	98	121	121	132	110	6484	16400	0	1642	1693	6616	6619	2067	688
3980	3	980	98	121	121	132	110	6484	16400	0	1642	1693	6616	6619	2067	688
3981	3	981	98	121	121	132	110	6484	16400	0	1642	1693	6616	6619	2067	688
3982	3	982	98	121	121	132	110	6484	16400	0	1642	1693	6616	6619	2067	688
3983	3	983	98	121	121	132	110	6484	16400	0	1642	1693	6616	6619	2067	688
3984	3	984	98	121	121	132	110	6484	16400	0	1642	1693	6616	6619	2067	688
3985	3	985	98	121	121	132	110	6484	16400	0	1642	1693	6616	6619	2067	688
3986	3	986	98	121	121	132	110	6484	16400	0	1642	1693	6616	6619	2067	688
3987	3	987	98	121	121	132	110	6484	16400	0	1642	1693	6616	6619	2067	688
3988	3	988	98	121	121	132	110	6484	16400	0	1642	1693	6616	6619	2067	688
3989	3	989	98	121	121	132	110	6484	16400	0	1642	1693	6616	6619	2067	688
3990	3	990	98	121	121	132	110	6484	16400	0	1642	1693	6616	6619	2067	688
3991	3	991	98	121	121	132	110	6484	16400	0	1642	1693	6616	6619	2067	688
3992	3	992	98	121	121	132	110	6484	16400	0	1642	1693	6616	6619	2067	688
3993	3	993	98	121	121	132	110	6484	16400	0	1642	1693	6616	6619	2067	688
3994	3	994	98	121	121	132	110	6484	16400	0	1642	1693	6616	6619	2067	688
3995	3	995	98	121	121	132	110	6484	16400	0	1642	1693	6616	6619	2067	688
3996	3	996	98	121	121	132	110	6484	16400	0	1642	1693	6616	6619	2067	688
3997	3	997	98	121	121	132	110	6484	16400	0	1642	1693	6616	6619	2067	688
3998	3	998	98	121	121	132	110	6484	16400	0	1642	1693	6616	6619	2067	688
3999	3	999	98	121	121	132	110	6484	16400	0	1642	1693	6616	6619	2067	688
4000	4	0	0	1	4	3	2	945	500	0	31	35	15	18	5	4
4001	4	1	0	1	4	3	2	1097	500	0	61	65	27	30	6	7
4002	4	2	0	2	4	4	2	1296	550	0	91	96	39	43	9	13
4003	4	3	1	2	4	4	2	1496	600	0	121	126	51	55	11	19
4004	4	4	1	2	4	4	2	1695	650	0	151	157	63	67	14	25
4005	4	5	1	2	5	5	2	1895	700	0	182	188	75	79	16	31
4006	4	6	1	2	5	5	2	2095	750	0	212	218	87	91	19	38
4007	4	7	1	3	5	6	2	2294	800	0	242	249	99	103	21	44
4008	4	8	1	3	5	6	2	2494	850	0	272	280	112	116	23	50
4009	4	9	1	3	6	7	2	2693	900	0	302	310	124	128	26	56
4010	4	10	1	3	6	7	2	2893	950	0	333	341	136	140	28	62
4011	4	11	2	4	6	7	2	3093	1000	0	363	372	148	152	31	68
4012	4	12	2	4	6	8	2	3292	1050	0	393	402	160	164	33	75
4013	4	13	2	4	7	8	2	3492	1100	0	423	433	172	177	36	81
4014	4	14	2	4	7	9	2	3691	1150	0	453	464	184	189	38	87
4015	4	15	2	4	7	9	2	4021	1200	0	483	494	196	201	41	93
4016	4	16	2	5	7	10	2	4351	1250	0	514	525	196	201	43	99
4017	4	17	2	5	8	10	3	4680	1300	0	544	556	196	201	46	105
4018	4	18	2	5	8	10	3	5010	1350	0	574	586	196	201	48	112
4019	4	19	3	5	8	11	3	5339	1400	0	604	617	197	202	51	118
4020	4	20	3	5	8	11	3	5674	1450	0	624	637	205	210	53	124
4021	4	21	3	6	9	12	3	5674	1500	0	625	638	197	202	54	124
4022	4	22	3	6	9	12	3	5674	1550	0	625	639	197	202	54	124
4023	4	23	3	6	9	13	3	5674	1600	0	625	639	197	202	55	124
4024	4	24	3	6	9	13	3	5674	1650	0	625	640	197	203	55	124
4025	4	25	3	6	10	13	3	5674	1700	0	625	641	197	203	56	125
4026	4	26	3	7	10	14	3	5674	1750	0	625	641	197	203	56	125
4027	4	27	3	7	10	14	3	5674	1800	0	626	642	197	203	57	125
4028	4	28	4	7	10	15	3	5674	1850	0	626	643	197	203	57	125
4029	4	29	4	7	11	15	3	5674	1900	0	626	643	197	203	58	125
4030	4	30	4	7	11	16	3	5674	1950	0	626	644	198	204	58	125
4031	4	31	4	8	11	16	3	5674	2000	0	626	645	198	204	59	126
4032	4	32	4	8	11	16	3	5674	2050	0	626	645	198	204	59	126
4033	4	33	4	8	12	17	3	5674	2100	0	627	646	198	204	59	126
4034	4	34	4	8	12	17	3	5674	2150	0	627	647	198	204	60	126
4035	4	35	4	8	12	18	4	5674	2200	0	627	647	198	205	60	126
4036	4	36	5	9	12	18	4	5674	2250	0	627	648	198	205	61	126
4037	4	37	5	9	13	19	4	5674	2300	0	627	649	198	205	61	127
4038	4	38	5	9	13	19	4	5674	2350	0	628	649	198	205	62	127
4039	4	39	5	9	13	19	4	5674	2400	0	628	650	198	205	62	127
4040	4	40	5	9	13	20	4	5674	2650	0	628	650	198	205	63	127
4041	4	41	5	10	14	20	4	5674	2900	0	628	651	199	206	63	127
4042	4	42	5	10	14	21	4	5674	3150	0	628	652	199	206	64	127
4043	4	43	5	10	14	21	4	5674	3400	0	628	652	199	206	64	128
4044	4	44	5	10	14	22	4	5674	3650	0	629	653	199	206	65	128
4045	4	45	6	10	15	22	4	5674	3900	0	629	654	199	206	65	128
4046	4	46	6	11	15	22	4	5674	4150	0	629	654	199	207	66	128
4047	4	47	6	11	15	23	4	5674	4400	0	629	655	199	207	66	128
4048	4	48	6	11	15	23	4	5674	4650	0	629	656	199	207	67	128
4049	4	49	6	11	16	24	4	5674	4900	0	630	656	199	207	67	128
4050	4	50	8	13	18	26	6	5699	5150	0	630	657	272	280	122	147
4051	4	51	10	16	20	29	8	5724	5400	0	630	658	345	353	176	165
4052	4	52	12	18	22	31	11	5749	5650	0	630	658	418	427	231	183
4053	4	53	15	20	25	33	13	5774	5900	0	630	659	492	500	285	201
4054	4	54	17	22	27	36	15	5799	6150	0	630	660	565	573	340	219
4055	4	55	19	24	29	38	17	5824	6400	0	631	660	638	646	394	237
4056	4	56	21	27	31	41	19	5849	6650	0	631	661	711	719	449	256
4057	4	57	23	29	34	43	21	5874	6900	0	631	662	784	792	503	274
4058	4	58	25	31	36	46	23	5899	7150	0	631	662	857	866	557	292
4059	4	59	27	33	38	48	25	5924	7400	0	631	663	930	939	612	310
4060	4	60	33	40	44	54	31	5949	7750	0	707	738	1280	1289	704	330
4061	4	61	36	43	48	57	34	5974	8100	0	782	814	1623	1632	791	348
4062	4	62	39	46	51	60	37	5999	8450	0	857	890	1966	1975	877	367
4063	4	63	41	50	54	63	40	6024	8800	0	932	965	2309	2319	964	385
4064	4	64	44	54	57	66	43	6049	9150	0	1007	1041	2653	2662	1050	403
4065	4	65	46	59	61	69	46	6074	9500	0	1082	1117	2996	3005	1137	421
4066	4	66	49	63	64	72	50	6099	9850	0	1158	1192	3339	3348	1223	439
4067	4	67	52	67	67	75	54	6124	10200	0	1233	1268	3682	3691	1310	457
4068	4	68	55	71	70	79	58	6149	10550	0	1308	1344	4025	4034	1396	476
4069	4	69	58	75	74	82	62	6174	10900	0	1383	1419	4368	4378	1483	495
4070	4	70	66	83	81	90	71	6199	11250	0	1408	1445	4598	4608	1544	515
4071	4	71	69	86	84	93	75	6224	11600	0	1434	1471	4821	4831	1600	533
4072	4	72	72	89	87	97	79	6249	11950	0	1459	1496	5044	5054	1655	551
4073	4	73	75	92	91	100	83	6274	12300	0	1484	1522	5267	5277	1711	569
4074	4	74	78	95	94	103	87	6299	12650	0	1509	1548	5490	5501	1766	587
4075	4	75	81	99	97	107	91	6324	13000	0	1534	1573	5714	5724	1822	606
4076	4	76	84	102	100	110	95	6349	13350	0	1559	1599	5937	5947	1877	624
4077	4	77	87	105	104	114	99	6374	13700	0	1585	1625	6160	6170	1933	642
4078	4	78	91	108	107	117	103	6399	14050	0	1610	1650	6383	6393	1988	660
4079	4	79	94	111	110	121	107	6424	14400	0	1635	1676	6606	6616	2044	680
4080	4	80	94	112	110	121	107	6424	14450	0	1635	1676	6606	6617	2044	680
4081	4	81	94	112	111	121	107	6424	14500	0	1635	1677	6606	6617	2045	681
4082	4	82	94	112	111	122	107	6424	14550	0	1635	1678	6606	6617	2045	681
4083	4	83	94	112	111	122	107	6424	14600	0	1636	1678	6606	6617	2045	681
4084	4	84	94	112	111	123	107	6424	14650	0	1636	1679	6606	6617	2046	681
4085	4	85	94	113	112	123	107	6424	14700	0	1636	1680	6606	6618	2046	681
4086	4	86	94	113	112	124	107	6424	14750	0	1636	1680	6607	6618	2047	681
4087	4	87	95	113	112	124	107	6424	14800	0	1636	1681	6607	6618	2047	682
4088	4	88	95	113	112	124	108	6424	14850	0	1637	1682	6607	6618	2048	682
4089	4	89	95	113	113	125	108	6424	14900	0	1637	1682	6607	6618	2048	682
4090	4	90	95	114	113	125	108	6424	14950	0	1637	1683	6607	6618	2049	682
4091	4	91	95	114	113	126	108	6424	15000	0	1637	1684	6607	6619	2049	682
4092	4	92	95	114	113	126	108	6424	15050	0	1637	1684	6607	6619	2050	682
4093	4	93	95	114	114	127	108	6424	15100	0	1637	1685	6607	6619	2050	683
4094	4	94	95	114	114	127	108	6424	15150	0	1638	1686	6607	6619	2051	683
4095	4	95	96	115	114	127	108	6424	15200	0	1638	1686	6607	6619	2051	683
4096	4	96	96	115	114	128	108	6424	15250	0	1638	1687	6607	6620	2052	683
4097	4	97	96	115	115	128	108	6424	15300	0	1638	1688	6608	6620	2052	683
4098	4	98	96	115	115	129	108	6424	15350	0	1638	1688	6608	6620	2053	683
4099	4	99	96	115	115	129	108	6424	15400	0	1639	1689	6608	6620	2053	683
4100	4	100	96	116	116	129	108	6424	15450	0	1639	1689	6608	6620	2054	684
4101	4	101	96	116	116	130	108	6424	15500	0	1639	1690	6608	6620	2054	684
4102	4	102	96	116	116	130	108	6424	15550	0	1639	1691	6608	6621	2055	684
4103	4	103	96	116	116	131	108	6424	15600	0	1639	1691	6608	6621	2055	684
4104	4	104	97	116	117	131	108	6424	15650	0	1639	1692	6608	6621	2056	684
4105	4	105	97	117	117	132	109	6424	15700	0	1640	1693	6608	6621	2056	684
4106	4	106	97	117	117	132	109	6424	15750	0	1640	1693	6608	6621	2057	685
4107	4	107	97	117	117	133	109	6424	15800	0	1640	1694	6608	6621	2057	685
4108	4	108	97	117	118	133	109	6424	15850	0	1640	1695	6609	6622	2057	685
4109	4	109	97	118	118	133	109	6424	15900	0	1640	1695	6609	6622	2058	685
4110	4	110	97	118	118	134	109	6424	15950	0	1641	1696	6609	6622	2058	685
4111	4	111	97	118	118	134	109	6424	16000	0	1641	1697	6609	6622	2059	685
4112	4	112	98	118	119	135	109	6424	16050	0	1641	1697	6609	6622	2059	686
4113	4	113	98	118	119	135	109	6424	16100	0	1641	1698	6609	6623	2060	686
4114	4	114	98	119	119	135	109	6424	16150	0	1641	1699	6609	6623	2060	686
4115	4	115	98	119	119	136	109	6424	16200	0	1641	1699	6609	6623	2061	686
4116	4	116	98	119	120	136	109	6424	16250	0	1642	1700	6609	6623	2061	686
4117	4	117	98	119	120	137	109	6424	16300	0	1642	1701	6609	6623	2062	686
4118	4	118	98	119	120	137	109	6424	16350	0	1642	1701	6609	6623	2062	687
4119	4	119	98	120	120	138	109	6424	16400	0	1642	1702	6610	6624	2063	687
4120	4	120	98	120	120	138	109	6424	16400	0	1642	1702	6610	6624	2063	687
4121	4	121	98	120	120	138	109	6424	16400	0	1642	1702	6610	6624	2063	687
4122	4	122	98	120	120	138	109	6424	16400	0	1642	1702	6610	6624	2063	687
4123	4	123	98	120	120	138	109	6424	16400	0	1642	1702	6610	6624	2063	687
4124	4	124	98	120	120	138	109	6424	16400	0	1642	1702	6610	6624	2063	687
4125	4	125	98	120	120	138	109	6424	16400	0	1642	1702	6610	6624	2063	687
4126	4	126	98	120	120	138	109	6424	16400	0	1642	1702	6610	6624	2063	687
4127	4	127	98	120	120	138	109	6424	16400	0	1642	1702	6610	6624	2063	687
4128	4	128	98	120	120	138	109	6424	16400	0	1642	1702	6610	6624	2063	687
4129	4	129	98	120	120	138	109	6424	16400	0	1642	1702	6610	6624	2063	687
4130	4	130	98	120	120	138	109	6424	16400	0	1642	1702	6610	6624	2063	687
4131	4	131	98	120	120	138	109	6424	16400	0	1642	1702	6610	6624	2063	687
4132	4	132	98	120	120	138	109	6424	16400	0	1642	1702	6610	6624	2063	687
4133	4	133	98	120	120	138	109	6424	16400	0	1642	1702	6610	6624	2063	687
4134	4	134	98	120	120	138	109	6424	16400	0	1642	1702	6610	6624	2063	687
4135	4	135	98	120	120	138	109	6424	16400	0	1642	1702	6610	6624	2063	687
4136	4	136	98	120	120	138	109	6424	16400	0	1642	1702	6610	6624	2063	687
4137	4	137	98	120	120	138	109	6424	16400	0	1642	1702	6610	6624	2063	687
4138	4	138	98	120	120	138	109	6424	16400	0	1642	1702	6610	6624	2063	687
4139	4	139	98	120	120	138	109	6424	16400	0	1642	1702	6610	6624	2063	687
4140	4	140	98	120	120	138	109	6424	16400	0	1642	1702	6610	6624	2063	687
4141	4	141	98	120	120	138	109	6424	16400	0	1642	1702	6610	6624	2063	687
4142	4	142	98	120	120	138	109	6424	16400	0	1642	1702	6610	6624	2063	687
4143	4	143	98	120	120	138	109	6424	16400	0	1642	1702	6610	6624	2063	687
4144	4	144	98	120	120	138	109	6424	16400	0	1642	1702	6610	6624	2063	687
4145	4	145	98	120	120	138	109	6424	16400	0	1642	1702	6610	6624	2063	687
4146	4	146	98	120	120	138	109	6424	16400	0	1642	1702	6610	6624	2063	687
4147	4	147	98	120	120	138	109	6424	16400	0	1642	1702	6610	6624	2063	687
4148	4	148	98	120	120	138	109	6424	16400	0	1642	1702	6610	6624	2063	687
4149	4	149	98	120	120	138	109	6424	16400	0	1642	1702	6610	6624	2063	687
4150	4	150	98	120	120	138	109	6424	16400	0	1642	1702	6610	6624	2063	687
4151	4	151	98	120	120	138	109	6424	16400	0	1642	1702	6610	6624	2063	687
4152	4	152	98	120	120	138	109	6424	16400	0	1642	1702	6610	6624	2063	687
4153	4	153	98	120	120	138	109	6424	16400	0	1642	1702	6610	6624	2063	687
4154	4	154	98	120	120	138	109	6424	16400	0	1642	1702	6610	6624	2063	687
4155	4	155	98	120	120	138	109	6424	16400	0	1642	1702	6610	6624	2063	687
4156	4	156	98	120	120	138	109	6424	16400	0	1642	1702	6610	6624	2063	687
4157	4	157	98	120	120	138	109	6424	16400	0	1642	1702	6610	6624	2063	687
4158	4	158	98	120	120	138	109	6424	16400	0	1642	1702	6610	6624	2063	687
4159	4	159	98	120	120	138	109	6424	16400	0	1642	1702	6610	6624	2063	687
4160	4	160	98	120	120	138	109	6424	16400	0	1642	1702	6610	6624	2063	687
4161	4	161	98	120	120	138	109	6424	16400	0	1642	1702	6610	6624	2063	687
4162	4	162	98	120	120	138	109	6424	16400	0	1642	1702	6610	6624	2063	687
4163	4	163	98	120	120	138	109	6424	16400	0	1642	1702	6610	6624	2063	687
4164	4	164	98	120	120	138	109	6424	16400	0	1642	1702	6610	6624	2063	687
4165	4	165	98	120	120	138	109	6424	16400	0	1642	1702	6610	6624	2063	687
4166	4	166	98	120	120	138	109	6424	16400	0	1642	1702	6610	6624	2063	687
4167	4	167	98	120	120	138	109	6424	16400	0	1642	1702	6610	6624	2063	687
4168	4	168	98	120	120	138	109	6424	16400	0	1642	1702	6610	6624	2063	687
4169	4	169	98	120	120	138	109	6424	16400	0	1642	1702	6610	6624	2063	687
4170	4	170	98	120	120	138	109	6424	16400	0	1642	1702	6610	6624	2063	687
4171	4	171	98	120	120	138	109	6424	16400	0	1642	1702	6610	6624	2063	687
4172	4	172	98	120	120	138	109	6424	16400	0	1642	1702	6610	6624	2063	687
4173	4	173	98	120	120	138	109	6424	16400	0	1642	1702	6610	6624	2063	687
4174	4	174	98	120	120	138	109	6424	16400	0	1642	1702	6610	6624	2063	687
4175	4	175	98	120	120	138	109	6424	16400	0	1642	1702	6610	6624	2063	687
4176	4	176	98	120	120	138	109	6424	16400	0	1642	1702	6610	6624	2063	687
4177	4	177	98	120	120	138	109	6424	16400	0	1642	1702	6610	6624	2063	687
4178	4	178	98	120	120	138	109	6424	16400	0	1642	1702	6610	6624	2063	687
4179	4	179	98	120	120	138	109	6424	16400	0	1642	1702	6610	6624	2063	687
4180	4	180	98	120	120	138	109	6424	16400	0	1642	1702	6610	6624	2063	687
4181	4	181	98	120	120	138	109	6424	16400	0	1642	1702	6610	6624	2063	687
4182	4	182	98	120	120	138	109	6424	16400	0	1642	1702	6610	6624	2063	687
4183	4	183	98	120	120	138	109	6424	16400	0	1642	1702	6610	6624	2063	687
4184	4	184	98	120	120	138	109	6424	16400	0	1642	1702	6610	6624	2063	687
4185	4	185	98	120	120	138	109	6424	16400	0	1642	1702	6610	6624	2063	687
4186	4	186	98	120	120	138	109	6424	16400	0	1642	1702	6610	6624	2063	687
4187	4	187	98	120	120	138	109	6424	16400	0	1642	1702	6610	6624	2063	687
4188	4	188	98	120	120	138	109	6424	16400	0	1642	1702	6610	6624	2063	687
4189	4	189	98	120	120	138	109	6424	16400	0	1642	1702	6610	6624	2063	687
4190	4	190	98	120	120	138	109	6424	16400	0	1642	1702	6610	6624	2063	687
4191	4	191	98	120	120	138	109	6424	16400	0	1642	1702	6610	6624	2063	687
4192	4	192	98	120	120	138	109	6424	16400	0	1642	1702	6610	6624	2063	687
4193	4	193	98	120	120	138	109	6424	16400	0	1642	1702	6610	6624	2063	687
4194	4	194	98	120	120	138	109	6424	16400	0	1642	1702	6610	6624	2063	687
4195	4	195	98	120	120	138	109	6424	16400	0	1642	1702	6610	6624	2063	687
4196	4	196	98	120	120	138	109	6424	16400	0	1642	1702	6610	6624	2063	687
4197	4	197	98	120	120	138	109	6424	16400	0	1642	1702	6610	6624	2063	687
4198	4	198	98	120	120	138	109	6424	16400	0	1642	1702	6610	6624	2063	687
4199	4	199	98	120	120	138	109	6424	16400	0	1642	1702	6610	6624	2063	687
4200	4	200	98	120	120	138	109	6424	16400	0	1642	1702	6610	6624	2063	687
4201	4	201	98	120	120	138	109	6424	16400	0	1642	1702	6610	6624	2063	687
4202	4	202	98	120	120	138	109	6424	16400	0	1642	1702	6610	6624	2063	687
4203	4	203	98	120	120	138	109	6424	16400	0	1642	1702	6610	6624	2063	687
4204	4	204	98	120	120	138	109	6424	16400	0	1642	1702	6610	6624	2063	687
4205	4	205	98	120	120	138	109	6424	16400	0	1642	1702	6610	6624	2063	687
4206	4	206	98	120	120	138	109	6424	16400	0	1642	1702	6610	6624	2063	687
4207	4	207	98	120	120	138	109	6424	16400	0	1642	1702	6610	6624	2063	687
4208	4	208	98	120	120	138	109	6424	16400	0	1642	1702	6610	6624	2063	687
4209	4	209	98	120	120	138	109	6424	16400	0	1642	1702	6610	6624	2063	687
4210	4	210	98	120	120	138	109	6424	16400	0	1642	1702	6610	6624	2063	687
4211	4	211	98	120	120	138	109	6424	16400	0	1642	1702	6610	6624	2063	687
4212	4	212	98	120	120	138	109	6424	16400	0	1642	1702	6610	6624	2063	687
4213	4	213	98	120	120	138	109	6424	16400	0	1642	1702	6610	6624	2063	687
4214	4	214	98	120	120	138	109	6424	16400	0	1642	1702	6610	6624	2063	687
4215	4	215	98	120	120	138	109	6424	16400	0	1642	1702	6610	6624	2063	687
4216	4	216	98	120	120	138	109	6424	16400	0	1642	1702	6610	6624	2063	687
4217	4	217	98	120	120	138	109	6424	16400	0	1642	1702	6610	6624	2063	687
4218	4	218	98	120	120	138	109	6424	16400	0	1642	1702	6610	6624	2063	687
4219	4	219	98	120	120	138	109	6424	16400	0	1642	1702	6610	6624	2063	687
4220	4	220	98	120	120	138	109	6424	16400	0	1642	1702	6610	6624	2063	687
4221	4	221	98	120	120	138	109	6424	16400	0	1642	1702	6610	6624	2063	687
4222	4	222	98	120	120	138	109	6424	16400	0	1642	1702	6610	6624	2063	687
4223	4	223	98	120	120	138	109	6424	16400	0	1642	1702	6610	6624	2063	687
4224	4	224	98	120	120	138	109	6424	16400	0	1642	1702	6610	6624	2063	687
4225	4	225	98	120	120	138	109	6424	16400	0	1642	1702	6610	6624	2063	687
4226	4	226	98	120	120	138	109	6424	16400	0	1642	1702	6610	6624	2063	687
4227	4	227	98	120	120	138	109	6424	16400	0	1642	1702	6610	6624	2063	687
4228	4	228	98	120	120	138	109	6424	16400	0	1642	1702	6610	6624	2063	687
4229	4	229	98	120	120	138	109	6424	16400	0	1642	1702	6610	6624	2063	687
4230	4	230	98	120	120	138	109	6424	16400	0	1642	1702	6610	6624	2063	687
4231	4	231	98	120	120	138	109	6424	16400	0	1642	1702	6610	6624	2063	687
4232	4	232	98	120	120	138	109	6424	16400	0	1642	1702	6610	6624	2063	687
4233	4	233	98	120	120	138	109	6424	16400	0	1642	1702	6610	6624	2063	687
4234	4	234	98	120	120	138	109	6424	16400	0	1642	1702	6610	6624	2063	687
4235	4	235	98	120	120	138	109	6424	16400	0	1642	1702	6610	6624	2063	687
4236	4	236	98	120	120	138	109	6424	16400	0	1642	1702	6610	6624	2063	687
4237	4	237	98	120	120	138	109	6424	16400	0	1642	1702	6610	6624	2063	687
4238	4	238	98	120	120	138	109	6424	16400	0	1642	1702	6610	6624	2063	687
4239	4	239	98	120	120	138	109	6424	16400	0	1642	1702	6610	6624	2063	687
4240	4	240	98	120	120	138	109	6424	16400	0	1642	1702	6610	6624	2063	687
4241	4	241	98	120	120	138	109	6424	16400	0	1642	1702	6610	6624	2063	687
4242	4	242	98	120	120	138	109	6424	16400	0	1642	1702	6610	6624	2063	687
4243	4	243	98	120	120	138	109	6424	16400	0	1642	1702	6610	6624	2063	687
4244	4	244	98	120	120	138	109	6424	16400	0	1642	1702	6610	6624	2063	687
4245	4	245	98	120	120	138	109	6424	16400	0	1642	1702	6610	6624	2063	687
4246	4	246	98	120	120	138	109	6424	16400	0	1642	1702	6610	6624	2063	687
4247	4	247	98	120	120	138	109	6424	16400	0	1642	1702	6610	6624	2063	687
4248	4	248	98	120	120	138	109	6424	16400	0	1642	1702	6610	6624	2063	687
4249	4	249	98	120	120	138	109	6424	16400	0	1642	1702	6610	6624	2063	687
4250	4	250	98	120	120	138	109	6424	16400	0	1642	1702	6610	6624	2063	687
4251	4	251	98	120	120	138	109	6424	16400	0	1642	1702	6610	6624	2063	687
4252	4	252	98	120	120	138	109	6424	16400	0	1642	1702	6610	6624	2063	687
4253	4	253	98	120	120	138	109	6424	16400	0	1642	1702	6610	6624	2063	687
4254	4	254	98	120	120	138	109	6424	16400	0	1642	1702	6610	6624	2063	687
4255	4	255	98	120	120	138	109	6424	16400	0	1642	1702	6610	6624	2063	687
4256	4	256	98	120	120	138	109	6424	16400	0	1642	1702	6610	6624	2063	687
4257	4	257	98	120	120	138	109	6424	16400	0	1642	1702	6610	6624	2063	687
4258	4	258	98	120	120	138	109	6424	16400	0	1642	1702	6610	6624	2063	687
4259	4	259	98	120	120	138	109	6424	16400	0	1642	1702	6610	6624	2063	687
4260	4	260	98	120	120	138	109	6424	16400	0	1642	1702	6610	6624	2063	687
4261	4	261	98	120	120	138	109	6424	16400	0	1642	1702	6610	6624	2063	687
4262	4	262	98	120	120	138	109	6424	16400	0	1642	1702	6610	6624	2063	687
4263	4	263	98	120	120	138	109	6424	16400	0	1642	1702	6610	6624	2063	687
4264	4	264	98	120	120	138	109	6424	16400	0	1642	1702	6610	6624	2063	687
4265	4	265	98	120	120	138	109	6424	16400	0	1642	1702	6610	6624	2063	687
4266	4	266	98	120	120	138	109	6424	16400	0	1642	1702	6610	6624	2063	687
4267	4	267	98	120	120	138	109	6424	16400	0	1642	1702	6610	6624	2063	687
4268	4	268	98	120	120	138	109	6424	16400	0	1642	1702	6610	6624	2063	687
4269	4	269	98	120	120	138	109	6424	16400	0	1642	1702	6610	6624	2063	687
4270	4	270	98	120	120	138	109	6424	16400	0	1642	1702	6610	6624	2063	687
4271	4	271	98	120	120	138	109	6424	16400	0	1642	1702	6610	6624	2063	687
4272	4	272	98	120	120	138	109	6424	16400	0	1642	1702	6610	6624	2063	687
4273	4	273	98	120	120	138	109	6424	16400	0	1642	1702	6610	6624	2063	687
4274	4	274	98	120	120	138	109	6424	16400	0	1642	1702	6610	6624	2063	687
4275	4	275	98	120	120	138	109	6424	16400	0	1642	1702	6610	6624	2063	687
4276	4	276	98	120	120	138	109	6424	16400	0	1642	1702	6610	6624	2063	687
4277	4	277	98	120	120	138	109	6424	16400	0	1642	1702	6610	6624	2063	687
4278	4	278	98	120	120	138	109	6424	16400	0	1642	1702	6610	6624	2063	687
4279	4	279	98	120	120	138	109	6424	16400	0	1642	1702	6610	6624	2063	687
4280	4	280	98	120	120	138	109	6424	16400	0	1642	1702	6610	6624	2063	687
4281	4	281	98	120	120	138	109	6424	16400	0	1642	1702	6610	6624	2063	687
4282	4	282	98	120	120	138	109	6424	16400	0	1642	1702	6610	6624	2063	687
4283	4	283	98	120	120	138	109	6424	16400	0	1642	1702	6610	6624	2063	687
4284	4	284	98	120	120	138	109	6424	16400	0	1642	1702	6610	6624	2063	687
4285	4	285	98	120	120	138	109	6424	16400	0	1642	1702	6610	6624	2063	687
4286	4	286	98	120	120	138	109	6424	16400	0	1642	1702	6610	6624	2063	687
4287	4	287	98	120	120	138	109	6424	16400	0	1642	1702	6610	6624	2063	687
4288	4	288	98	120	120	138	109	6424	16400	0	1642	1702	6610	6624	2063	687
4289	4	289	98	120	120	138	109	6424	16400	0	1642	1702	6610	6624	2063	687
4290	4	290	98	120	120	138	109	6424	16400	0	1642	1702	6610	6624	2063	687
4291	4	291	98	120	120	138	109	6424	16400	0	1642	1702	6610	6624	2063	687
4292	4	292	98	120	120	138	109	6424	16400	0	1642	1702	6610	6624	2063	687
4293	4	293	98	120	120	138	109	6424	16400	0	1642	1702	6610	6624	2063	687
4294	4	294	98	120	120	138	109	6424	16400	0	1642	1702	6610	6624	2063	687
4295	4	295	98	120	120	138	109	6424	16400	0	1642	1702	6610	6624	2063	687
4296	4	296	98	120	120	138	109	6424	16400	0	1642	1702	6610	6624	2063	687
4297	4	297	98	120	120	138	109	6424	16400	0	1642	1702	6610	6624	2063	687
4298	4	298	98	120	120	138	109	6424	16400	0	1642	1702	6610	6624	2063	687
4299	4	299	98	120	120	138	109	6424	16400	0	1642	1702	6610	6624	2063	687
4300	4	300	98	120	120	138	109	6424	16400	0	1642	1702	6610	6624	2063	687
4301	4	301	98	120	120	138	109	6424	16400	0	1642	1702	6610	6624	2063	687
4302	4	302	98	120	120	138	109	6424	16400	0	1642	1702	6610	6624	2063	687
4303	4	303	98	120	120	138	109	6424	16400	0	1642	1702	6610	6624	2063	687
4304	4	304	98	120	120	138	109	6424	16400	0	1642	1702	6610	6624	2063	687
4305	4	305	98	120	120	138	109	6424	16400	0	1642	1702	6610	6624	2063	687
4306	4	306	98	120	120	138	109	6424	16400	0	1642	1702	6610	6624	2063	687
4307	4	307	98	120	120	138	109	6424	16400	0	1642	1702	6610	6624	2063	687
4308	4	308	98	120	120	138	109	6424	16400	0	1642	1702	6610	6624	2063	687
4309	4	309	98	120	120	138	109	6424	16400	0	1642	1702	6610	6624	2063	687
4310	4	310	98	120	120	138	109	6424	16400	0	1642	1702	6610	6624	2063	687
4311	4	311	98	120	120	138	109	6424	16400	0	1642	1702	6610	6624	2063	687
4312	4	312	98	120	120	138	109	6424	16400	0	1642	1702	6610	6624	2063	687
4313	4	313	98	120	120	138	109	6424	16400	0	1642	1702	6610	6624	2063	687
4314	4	314	98	120	120	138	109	6424	16400	0	1642	1702	6610	6624	2063	687
4315	4	315	98	120	120	138	109	6424	16400	0	1642	1702	6610	6624	2063	687
4316	4	316	98	120	120	138	109	6424	16400	0	1642	1702	6610	6624	2063	687
4317	4	317	98	120	120	138	109	6424	16400	0	1642	1702	6610	6624	2063	687
4318	4	318	98	120	120	138	109	6424	16400	0	1642	1702	6610	6624	2063	687
4319	4	319	98	120	120	138	109	6424	16400	0	1642	1702	6610	6624	2063	687
4320	4	320	98	120	120	138	109	6424	16400	0	1642	1702	6610	6624	2063	687
4321	4	321	98	120	120	138	109	6424	16400	0	1642	1702	6610	6624	2063	687
4322	4	322	98	120	120	138	109	6424	16400	0	1642	1702	6610	6624	2063	687
4323	4	323	98	120	120	138	109	6424	16400	0	1642	1702	6610	6624	2063	687
4324	4	324	98	120	120	138	109	6424	16400	0	1642	1702	6610	6624	2063	687
4325	4	325	98	120	120	138	109	6424	16400	0	1642	1702	6610	6624	2063	687
4326	4	326	98	120	120	138	109	6424	16400	0	1642	1702	6610	6624	2063	687
4327	4	327	98	120	120	138	109	6424	16400	0	1642	1702	6610	6624	2063	687
4328	4	328	98	120	120	138	109	6424	16400	0	1642	1702	6610	6624	2063	687
4329	4	329	98	120	120	138	109	6424	16400	0	1642	1702	6610	6624	2063	687
4330	4	330	98	120	120	138	109	6424	16400	0	1642	1702	6610	6624	2063	687
4331	4	331	98	120	120	138	109	6424	16400	0	1642	1702	6610	6624	2063	687
4332	4	332	98	120	120	138	109	6424	16400	0	1642	1702	6610	6624	2063	687
4333	4	333	98	120	120	138	109	6424	16400	0	1642	1702	6610	6624	2063	687
4334	4	334	98	120	120	138	109	6424	16400	0	1642	1702	6610	6624	2063	687
4335	4	335	98	120	120	138	109	6424	16400	0	1642	1702	6610	6624	2063	687
4336	4	336	98	120	120	138	109	6424	16400	0	1642	1702	6610	6624	2063	687
4337	4	337	98	120	120	138	109	6424	16400	0	1642	1702	6610	6624	2063	687
4338	4	338	98	120	120	138	109	6424	16400	0	1642	1702	6610	6624	2063	687
4339	4	339	98	120	120	138	109	6424	16400	0	1642	1702	6610	6624	2063	687
4340	4	340	98	120	120	138	109	6424	16400	0	1642	1702	6610	6624	2063	687
4341	4	341	98	120	120	138	109	6424	16400	0	1642	1702	6610	6624	2063	687
4342	4	342	98	120	120	138	109	6424	16400	0	1642	1702	6610	6624	2063	687
4343	4	343	98	120	120	138	109	6424	16400	0	1642	1702	6610	6624	2063	687
4344	4	344	98	120	120	138	109	6424	16400	0	1642	1702	6610	6624	2063	687
4345	4	345	98	120	120	138	109	6424	16400	0	1642	1702	6610	6624	2063	687
4346	4	346	98	120	120	138	109	6424	16400	0	1642	1702	6610	6624	2063	687
4347	4	347	98	120	120	138	109	6424	16400	0	1642	1702	6610	6624	2063	687
4348	4	348	98	120	120	138	109	6424	16400	0	1642	1702	6610	6624	2063	687
4349	4	349	98	120	120	138	109	6424	16400	0	1642	1702	6610	6624	2063	687
4350	4	350	98	120	120	138	109	6424	16400	0	1642	1702	6610	6624	2063	687
4351	4	351	98	120	120	138	109	6424	16400	0	1642	1702	6610	6624	2063	687
4352	4	352	98	120	120	138	109	6424	16400	0	1642	1702	6610	6624	2063	687
4353	4	353	98	120	120	138	109	6424	16400	0	1642	1702	6610	6624	2063	687
4354	4	354	98	120	120	138	109	6424	16400	0	1642	1702	6610	6624	2063	687
4355	4	355	98	120	120	138	109	6424	16400	0	1642	1702	6610	6624	2063	687
4356	4	356	98	120	120	138	109	6424	16400	0	1642	1702	6610	6624	2063	687
4357	4	357	98	120	120	138	109	6424	16400	0	1642	1702	6610	6624	2063	687
4358	4	358	98	120	120	138	109	6424	16400	0	1642	1702	6610	6624	2063	687
4359	4	359	98	120	120	138	109	6424	16400	0	1642	1702	6610	6624	2063	687
4360	4	360	98	120	120	138	109	6424	16400	0	1642	1702	6610	6624	2063	687
4361	4	361	98	120	120	138	109	6424	16400	0	1642	1702	6610	6624	2063	687
4362	4	362	98	120	120	138	109	6424	16400	0	1642	1702	6610	6624	2063	687
4363	4	363	98	120	120	138	109	6424	16400	0	1642	1702	6610	6624	2063	687
4364	4	364	98	120	120	138	109	6424	16400	0	1642	1702	6610	6624	2063	687
4365	4	365	98	120	120	138	109	6424	16400	0	1642	1702	6610	6624	2063	687
4366	4	366	98	120	120	138	109	6424	16400	0	1642	1702	6610	6624	2063	687
4367	4	367	98	120	120	138	109	6424	16400	0	1642	1702	6610	6624	2063	687
4368	4	368	98	120	120	138	109	6424	16400	0	1642	1702	6610	6624	2063	687
4369	4	369	98	120	120	138	109	6424	16400	0	1642	1702	6610	6624	2063	687
4370	4	370	98	120	120	138	109	6424	16400	0	1642	1702	6610	6624	2063	687
4371	4	371	98	120	120	138	109	6424	16400	0	1642	1702	6610	6624	2063	687
4372	4	372	98	120	120	138	109	6424	16400	0	1642	1702	6610	6624	2063	687
4373	4	373	98	120	120	138	109	6424	16400	0	1642	1702	6610	6624	2063	687
4374	4	374	98	120	120	138	109	6424	16400	0	1642	1702	6610	6624	2063	687
4375	4	375	98	120	120	138	109	6424	16400	0	1642	1702	6610	6624	2063	687
4376	4	376	98	120	120	138	109	6424	16400	0	1642	1702	6610	6624	2063	687
4377	4	377	98	120	120	138	109	6424	16400	0	1642	1702	6610	6624	2063	687
4378	4	378	98	120	120	138	109	6424	16400	0	1642	1702	6610	6624	2063	687
4379	4	379	98	120	120	138	109	6424	16400	0	1642	1702	6610	6624	2063	687
4380	4	380	98	120	120	138	109	6424	16400	0	1642	1702	6610	6624	2063	687
4381	4	381	98	120	120	138	109	6424	16400	0	1642	1702	6610	6624	2063	687
4382	4	382	98	120	120	138	109	6424	16400	0	1642	1702	6610	6624	2063	687
4383	4	383	98	120	120	138	109	6424	16400	0	1642	1702	6610	6624	2063	687
4384	4	384	98	120	120	138	109	6424	16400	0	1642	1702	6610	6624	2063	687
4385	4	385	98	120	120	138	109	6424	16400	0	1642	1702	6610	6624	2063	687
4386	4	386	98	120	120	138	109	6424	16400	0	1642	1702	6610	6624	2063	687
4387	4	387	98	120	120	138	109	6424	16400	0	1642	1702	6610	6624	2063	687
4388	4	388	98	120	120	138	109	6424	16400	0	1642	1702	6610	6624	2063	687
4389	4	389	98	120	120	138	109	6424	16400	0	1642	1702	6610	6624	2063	687
4390	4	390	98	120	120	138	109	6424	16400	0	1642	1702	6610	6624	2063	687
4391	4	391	98	120	120	138	109	6424	16400	0	1642	1702	6610	6624	2063	687
4392	4	392	98	120	120	138	109	6424	16400	0	1642	1702	6610	6624	2063	687
4393	4	393	98	120	120	138	109	6424	16400	0	1642	1702	6610	6624	2063	687
4394	4	394	98	120	120	138	109	6424	16400	0	1642	1702	6610	6624	2063	687
4395	4	395	98	120	120	138	109	6424	16400	0	1642	1702	6610	6624	2063	687
4396	4	396	98	120	120	138	109	6424	16400	0	1642	1702	6610	6624	2063	687
4397	4	397	98	120	120	138	109	6424	16400	0	1642	1702	6610	6624	2063	687
4398	4	398	98	120	120	138	109	6424	16400	0	1642	1702	6610	6624	2063	687
4399	4	399	98	120	120	138	109	6424	16400	0	1642	1702	6610	6624	2063	687
4400	4	400	98	120	120	138	109	6424	16400	0	1642	1702	6610	6624	2063	687
4401	4	401	98	120	120	138	109	6424	16400	0	1642	1702	6610	6624	2063	687
4402	4	402	98	120	120	138	109	6424	16400	0	1642	1702	6610	6624	2063	687
4403	4	403	98	120	120	138	109	6424	16400	0	1642	1702	6610	6624	2063	687
4404	4	404	98	120	120	138	109	6424	16400	0	1642	1702	6610	6624	2063	687
4405	4	405	98	120	120	138	109	6424	16400	0	1642	1702	6610	6624	2063	687
4406	4	406	98	120	120	138	109	6424	16400	0	1642	1702	6610	6624	2063	687
4407	4	407	98	120	120	138	109	6424	16400	0	1642	1702	6610	6624	2063	687
4408	4	408	98	120	120	138	109	6424	16400	0	1642	1702	6610	6624	2063	687
4409	4	409	98	120	120	138	109	6424	16400	0	1642	1702	6610	6624	2063	687
4410	4	410	98	120	120	138	109	6424	16400	0	1642	1702	6610	6624	2063	687
4411	4	411	98	120	120	138	109	6424	16400	0	1642	1702	6610	6624	2063	687
4412	4	412	98	120	120	138	109	6424	16400	0	1642	1702	6610	6624	2063	687
4413	4	413	98	120	120	138	109	6424	16400	0	1642	1702	6610	6624	2063	687
4414	4	414	98	120	120	138	109	6424	16400	0	1642	1702	6610	6624	2063	687
4415	4	415	98	120	120	138	109	6424	16400	0	1642	1702	6610	6624	2063	687
4416	4	416	98	120	120	138	109	6424	16400	0	1642	1702	6610	6624	2063	687
4417	4	417	98	120	120	138	109	6424	16400	0	1642	1702	6610	6624	2063	687
4418	4	418	98	120	120	138	109	6424	16400	0	1642	1702	6610	6624	2063	687
4419	4	419	98	120	120	138	109	6424	16400	0	1642	1702	6610	6624	2063	687
4420	4	420	98	120	120	138	109	6424	16400	0	1642	1702	6610	6624	2063	687
4421	4	421	98	120	120	138	109	6424	16400	0	1642	1702	6610	6624	2063	687
4422	4	422	98	120	120	138	109	6424	16400	0	1642	1702	6610	6624	2063	687
4423	4	423	98	120	120	138	109	6424	16400	0	1642	1702	6610	6624	2063	687
4424	4	424	98	120	120	138	109	6424	16400	0	1642	1702	6610	6624	2063	687
4425	4	425	98	120	120	138	109	6424	16400	0	1642	1702	6610	6624	2063	687
4426	4	426	98	120	120	138	109	6424	16400	0	1642	1702	6610	6624	2063	687
4427	4	427	98	120	120	138	109	6424	16400	0	1642	1702	6610	6624	2063	687
4428	4	428	98	120	120	138	109	6424	16400	0	1642	1702	6610	6624	2063	687
4429	4	429	98	120	120	138	109	6424	16400	0	1642	1702	6610	6624	2063	687
4430	4	430	98	120	120	138	109	6424	16400	0	1642	1702	6610	6624	2063	687
4431	4	431	98	120	120	138	109	6424	16400	0	1642	1702	6610	6624	2063	687
4432	4	432	98	120	120	138	109	6424	16400	0	1642	1702	6610	6624	2063	687
4433	4	433	98	120	120	138	109	6424	16400	0	1642	1702	6610	6624	2063	687
4434	4	434	98	120	120	138	109	6424	16400	0	1642	1702	6610	6624	2063	687
4435	4	435	98	120	120	138	109	6424	16400	0	1642	1702	6610	6624	2063	687
4436	4	436	98	120	120	138	109	6424	16400	0	1642	1702	6610	6624	2063	687
4437	4	437	98	120	120	138	109	6424	16400	0	1642	1702	6610	6624	2063	687
4438	4	438	98	120	120	138	109	6424	16400	0	1642	1702	6610	6624	2063	687
4439	4	439	98	120	120	138	109	6424	16400	0	1642	1702	6610	6624	2063	687
4440	4	440	98	120	120	138	109	6424	16400	0	1642	1702	6610	6624	2063	687
4441	4	441	98	120	120	138	109	6424	16400	0	1642	1702	6610	6624	2063	687
4442	4	442	98	120	120	138	109	6424	16400	0	1642	1702	6610	6624	2063	687
4443	4	443	98	120	120	138	109	6424	16400	0	1642	1702	6610	6624	2063	687
4444	4	444	98	120	120	138	109	6424	16400	0	1642	1702	6610	6624	2063	687
4445	4	445	98	120	120	138	109	6424	16400	0	1642	1702	6610	6624	2063	687
4446	4	446	98	120	120	138	109	6424	16400	0	1642	1702	6610	6624	2063	687
4447	4	447	98	120	120	138	109	6424	16400	0	1642	1702	6610	6624	2063	687
4448	4	448	98	120	120	138	109	6424	16400	0	1642	1702	6610	6624	2063	687
4449	4	449	98	120	120	138	109	6424	16400	0	1642	1702	6610	6624	2063	687
4450	4	450	98	120	120	138	109	6424	16400	0	1642	1702	6610	6624	2063	687
4451	4	451	98	120	120	138	109	6424	16400	0	1642	1702	6610	6624	2063	687
4452	4	452	98	120	120	138	109	6424	16400	0	1642	1702	6610	6624	2063	687
4453	4	453	98	120	120	138	109	6424	16400	0	1642	1702	6610	6624	2063	687
4454	4	454	98	120	120	138	109	6424	16400	0	1642	1702	6610	6624	2063	687
4455	4	455	98	120	120	138	109	6424	16400	0	1642	1702	6610	6624	2063	687
4456	4	456	98	120	120	138	109	6424	16400	0	1642	1702	6610	6624	2063	687
4457	4	457	98	120	120	138	109	6424	16400	0	1642	1702	6610	6624	2063	687
4458	4	458	98	120	120	138	109	6424	16400	0	1642	1702	6610	6624	2063	687
4459	4	459	98	120	120	138	109	6424	16400	0	1642	1702	6610	6624	2063	687
4460	4	460	98	120	120	138	109	6424	16400	0	1642	1702	6610	6624	2063	687
4461	4	461	98	120	120	138	109	6424	16400	0	1642	1702	6610	6624	2063	687
4462	4	462	98	120	120	138	109	6424	16400	0	1642	1702	6610	6624	2063	687
4463	4	463	98	120	120	138	109	6424	16400	0	1642	1702	6610	6624	2063	687
4464	4	464	98	120	120	138	109	6424	16400	0	1642	1702	6610	6624	2063	687
4465	4	465	98	120	120	138	109	6424	16400	0	1642	1702	6610	6624	2063	687
4466	4	466	98	120	120	138	109	6424	16400	0	1642	1702	6610	6624	2063	687
4467	4	467	98	120	120	138	109	6424	16400	0	1642	1702	6610	6624	2063	687
4468	4	468	98	120	120	138	109	6424	16400	0	1642	1702	6610	6624	2063	687
4469	4	469	98	120	120	138	109	6424	16400	0	1642	1702	6610	6624	2063	687
4470	4	470	98	120	120	138	109	6424	16400	0	1642	1702	6610	6624	2063	687
4471	4	471	98	120	120	138	109	6424	16400	0	1642	1702	6610	6624	2063	687
4472	4	472	98	120	120	138	109	6424	16400	0	1642	1702	6610	6624	2063	687
4473	4	473	98	120	120	138	109	6424	16400	0	1642	1702	6610	6624	2063	687
4474	4	474	98	120	120	138	109	6424	16400	0	1642	1702	6610	6624	2063	687
4475	4	475	98	120	120	138	109	6424	16400	0	1642	1702	6610	6624	2063	687
4476	4	476	98	120	120	138	109	6424	16400	0	1642	1702	6610	6624	2063	687
4477	4	477	98	120	120	138	109	6424	16400	0	1642	1702	6610	6624	2063	687
4478	4	478	98	120	120	138	109	6424	16400	0	1642	1702	6610	6624	2063	687
4479	4	479	98	120	120	138	109	6424	16400	0	1642	1702	6610	6624	2063	687
4480	4	480	98	120	120	138	109	6424	16400	0	1642	1702	6610	6624	2063	687
4481	4	481	98	120	120	138	109	6424	16400	0	1642	1702	6610	6624	2063	687
4482	4	482	98	120	120	138	109	6424	16400	0	1642	1702	6610	6624	2063	687
4483	4	483	98	120	120	138	109	6424	16400	0	1642	1702	6610	6624	2063	687
4484	4	484	98	120	120	138	109	6424	16400	0	1642	1702	6610	6624	2063	687
4485	4	485	98	120	120	138	109	6424	16400	0	1642	1702	6610	6624	2063	687
4486	4	486	98	120	120	138	109	6424	16400	0	1642	1702	6610	6624	2063	687
4487	4	487	98	120	120	138	109	6424	16400	0	1642	1702	6610	6624	2063	687
4488	4	488	98	120	120	138	109	6424	16400	0	1642	1702	6610	6624	2063	687
4489	4	489	98	120	120	138	109	6424	16400	0	1642	1702	6610	6624	2063	687
4490	4	490	98	120	120	138	109	6424	16400	0	1642	1702	6610	6624	2063	687
4491	4	491	98	120	120	138	109	6424	16400	0	1642	1702	6610	6624	2063	687
4492	4	492	98	120	120	138	109	6424	16400	0	1642	1702	6610	6624	2063	687
4493	4	493	98	120	120	138	109	6424	16400	0	1642	1702	6610	6624	2063	687
4494	4	494	98	120	120	138	109	6424	16400	0	1642	1702	6610	6624	2063	687
4495	4	495	98	120	120	138	109	6424	16400	0	1642	1702	6610	6624	2063	687
4496	4	496	98	120	120	138	109	6424	16400	0	1642	1702	6610	6624	2063	687
4497	4	497	98	120	120	138	109	6424	16400	0	1642	1702	6610	6624	2063	687
4498	4	498	98	120	120	138	109	6424	16400	0	1642	1702	6610	6624	2063	687
4499	4	499	98	120	120	138	109	6424	16400	0	1642	1702	6610	6624	2063	687
4500	4	500	98	120	120	138	109	6424	16400	0	1642	1702	6610	6624	2063	687
4501	4	501	98	120	120	138	109	6424	16400	0	1642	1702	6610	6624	2063	687
4502	4	502	98	120	120	138	109	6424	16400	0	1642	1702	6610	6624	2063	687
4503	4	503	98	120	120	138	109	6424	16400	0	1642	1702	6610	6624	2063	687
4504	4	504	98	120	120	138	109	6424	16400	0	1642	1702	6610	6624	2063	687
4505	4	505	98	120	120	138	109	6424	16400	0	1642	1702	6610	6624	2063	687
4506	4	506	98	120	120	138	109	6424	16400	0	1642	1702	6610	6624	2063	687
4507	4	507	98	120	120	138	109	6424	16400	0	1642	1702	6610	6624	2063	687
4508	4	508	98	120	120	138	109	6424	16400	0	1642	1702	6610	6624	2063	687
4509	4	509	98	120	120	138	109	6424	16400	0	1642	1702	6610	6624	2063	687
4510	4	510	98	120	120	138	109	6424	16400	0	1642	1702	6610	6624	2063	687
4511	4	511	98	120	120	138	109	6424	16400	0	1642	1702	6610	6624	2063	687
4512	4	512	98	120	120	138	109	6424	16400	0	1642	1702	6610	6624	2063	687
4513	4	513	98	120	120	138	109	6424	16400	0	1642	1702	6610	6624	2063	687
4514	4	514	98	120	120	138	109	6424	16400	0	1642	1702	6610	6624	2063	687
4515	4	515	98	120	120	138	109	6424	16400	0	1642	1702	6610	6624	2063	687
4516	4	516	98	120	120	138	109	6424	16400	0	1642	1702	6610	6624	2063	687
4517	4	517	98	120	120	138	109	6424	16400	0	1642	1702	6610	6624	2063	687
4518	4	518	98	120	120	138	109	6424	16400	0	1642	1702	6610	6624	2063	687
4519	4	519	98	120	120	138	109	6424	16400	0	1642	1702	6610	6624	2063	687
4520	4	520	98	120	120	138	109	6424	16400	0	1642	1702	6610	6624	2063	687
4521	4	521	98	120	120	138	109	6424	16400	0	1642	1702	6610	6624	2063	687
4522	4	522	98	120	120	138	109	6424	16400	0	1642	1702	6610	6624	2063	687
4523	4	523	98	120	120	138	109	6424	16400	0	1642	1702	6610	6624	2063	687
4524	4	524	98	120	120	138	109	6424	16400	0	1642	1702	6610	6624	2063	687
4525	4	525	98	120	120	138	109	6424	16400	0	1642	1702	6610	6624	2063	687
4526	4	526	98	120	120	138	109	6424	16400	0	1642	1702	6610	6624	2063	687
4527	4	527	98	120	120	138	109	6424	16400	0	1642	1702	6610	6624	2063	687
4528	4	528	98	120	120	138	109	6424	16400	0	1642	1702	6610	6624	2063	687
4529	4	529	98	120	120	138	109	6424	16400	0	1642	1702	6610	6624	2063	687
4530	4	530	98	120	120	138	109	6424	16400	0	1642	1702	6610	6624	2063	687
4531	4	531	98	120	120	138	109	6424	16400	0	1642	1702	6610	6624	2063	687
4532	4	532	98	120	120	138	109	6424	16400	0	1642	1702	6610	6624	2063	687
4533	4	533	98	120	120	138	109	6424	16400	0	1642	1702	6610	6624	2063	687
4534	4	534	98	120	120	138	109	6424	16400	0	1642	1702	6610	6624	2063	687
4535	4	535	98	120	120	138	109	6424	16400	0	1642	1702	6610	6624	2063	687
4536	4	536	98	120	120	138	109	6424	16400	0	1642	1702	6610	6624	2063	687
4537	4	537	98	120	120	138	109	6424	16400	0	1642	1702	6610	6624	2063	687
4538	4	538	98	120	120	138	109	6424	16400	0	1642	1702	6610	6624	2063	687
4539	4	539	98	120	120	138	109	6424	16400	0	1642	1702	6610	6624	2063	687
4540	4	540	98	120	120	138	109	6424	16400	0	1642	1702	6610	6624	2063	687
4541	4	541	98	120	120	138	109	6424	16400	0	1642	1702	6610	6624	2063	687
4542	4	542	98	120	120	138	109	6424	16400	0	1642	1702	6610	6624	2063	687
4543	4	543	98	120	120	138	109	6424	16400	0	1642	1702	6610	6624	2063	687
4544	4	544	98	120	120	138	109	6424	16400	0	1642	1702	6610	6624	2063	687
4545	4	545	98	120	120	138	109	6424	16400	0	1642	1702	6610	6624	2063	687
4546	4	546	98	120	120	138	109	6424	16400	0	1642	1702	6610	6624	2063	687
4547	4	547	98	120	120	138	109	6424	16400	0	1642	1702	6610	6624	2063	687
4548	4	548	98	120	120	138	109	6424	16400	0	1642	1702	6610	6624	2063	687
4549	4	549	98	120	120	138	109	6424	16400	0	1642	1702	6610	6624	2063	687
4550	4	550	98	120	120	138	109	6424	16400	0	1642	1702	6610	6624	2063	687
4551	4	551	98	120	120	138	109	6424	16400	0	1642	1702	6610	6624	2063	687
4552	4	552	98	120	120	138	109	6424	16400	0	1642	1702	6610	6624	2063	687
4553	4	553	98	120	120	138	109	6424	16400	0	1642	1702	6610	6624	2063	687
4554	4	554	98	120	120	138	109	6424	16400	0	1642	1702	6610	6624	2063	687
4555	4	555	98	120	120	138	109	6424	16400	0	1642	1702	6610	6624	2063	687
4556	4	556	98	120	120	138	109	6424	16400	0	1642	1702	6610	6624	2063	687
4557	4	557	98	120	120	138	109	6424	16400	0	1642	1702	6610	6624	2063	687
4558	4	558	98	120	120	138	109	6424	16400	0	1642	1702	6610	6624	2063	687
4559	4	559	98	120	120	138	109	6424	16400	0	1642	1702	6610	6624	2063	687
4560	4	560	98	120	120	138	109	6424	16400	0	1642	1702	6610	6624	2063	687
4561	4	561	98	120	120	138	109	6424	16400	0	1642	1702	6610	6624	2063	687
4562	4	562	98	120	120	138	109	6424	16400	0	1642	1702	6610	6624	2063	687
4563	4	563	98	120	120	138	109	6424	16400	0	1642	1702	6610	6624	2063	687
4564	4	564	98	120	120	138	109	6424	16400	0	1642	1702	6610	6624	2063	687
4565	4	565	98	120	120	138	109	6424	16400	0	1642	1702	6610	6624	2063	687
4566	4	566	98	120	120	138	109	6424	16400	0	1642	1702	6610	6624	2063	687
4567	4	567	98	120	120	138	109	6424	16400	0	1642	1702	6610	6624	2063	687
4568	4	568	98	120	120	138	109	6424	16400	0	1642	1702	6610	6624	2063	687
4569	4	569	98	120	120	138	109	6424	16400	0	1642	1702	6610	6624	2063	687
4570	4	570	98	120	120	138	109	6424	16400	0	1642	1702	6610	6624	2063	687
4571	4	571	98	120	120	138	109	6424	16400	0	1642	1702	6610	6624	2063	687
4572	4	572	98	120	120	138	109	6424	16400	0	1642	1702	6610	6624	2063	687
4573	4	573	98	120	120	138	109	6424	16400	0	1642	1702	6610	6624	2063	687
4574	4	574	98	120	120	138	109	6424	16400	0	1642	1702	6610	6624	2063	687
4575	4	575	98	120	120	138	109	6424	16400	0	1642	1702	6610	6624	2063	687
4576	4	576	98	120	120	138	109	6424	16400	0	1642	1702	6610	6624	2063	687
4577	4	577	98	120	120	138	109	6424	16400	0	1642	1702	6610	6624	2063	687
4578	4	578	98	120	120	138	109	6424	16400	0	1642	1702	6610	6624	2063	687
4579	4	579	98	120	120	138	109	6424	16400	0	1642	1702	6610	6624	2063	687
4580	4	580	98	120	120	138	109	6424	16400	0	1642	1702	6610	6624	2063	687
4581	4	581	98	120	120	138	109	6424	16400	0	1642	1702	6610	6624	2063	687
4582	4	582	98	120	120	138	109	6424	16400	0	1642	1702	6610	6624	2063	687
4583	4	583	98	120	120	138	109	6424	16400	0	1642	1702	6610	6624	2063	687
4584	4	584	98	120	120	138	109	6424	16400	0	1642	1702	6610	6624	2063	687
4585	4	585	98	120	120	138	109	6424	16400	0	1642	1702	6610	6624	2063	687
4586	4	586	98	120	120	138	109	6424	16400	0	1642	1702	6610	6624	2063	687
4587	4	587	98	120	120	138	109	6424	16400	0	1642	1702	6610	6624	2063	687
4588	4	588	98	120	120	138	109	6424	16400	0	1642	1702	6610	6624	2063	687
4589	4	589	98	120	120	138	109	6424	16400	0	1642	1702	6610	6624	2063	687
4590	4	590	98	120	120	138	109	6424	16400	0	1642	1702	6610	6624	2063	687
4591	4	591	98	120	120	138	109	6424	16400	0	1642	1702	6610	6624	2063	687
4592	4	592	98	120	120	138	109	6424	16400	0	1642	1702	6610	6624	2063	687
4593	4	593	98	120	120	138	109	6424	16400	0	1642	1702	6610	6624	2063	687
4594	4	594	98	120	120	138	109	6424	16400	0	1642	1702	6610	6624	2063	687
4595	4	595	98	120	120	138	109	6424	16400	0	1642	1702	6610	6624	2063	687
4596	4	596	98	120	120	138	109	6424	16400	0	1642	1702	6610	6624	2063	687
4597	4	597	98	120	120	138	109	6424	16400	0	1642	1702	6610	6624	2063	687
4598	4	598	98	120	120	138	109	6424	16400	0	1642	1702	6610	6624	2063	687
4599	4	599	98	120	120	138	109	6424	16400	0	1642	1702	6610	6624	2063	687
4600	4	600	98	120	120	138	109	6424	16400	0	1642	1702	6610	6624	2063	687
4601	4	601	98	120	120	138	109	6424	16400	0	1642	1702	6610	6624	2063	687
4602	4	602	98	120	120	138	109	6424	16400	0	1642	1702	6610	6624	2063	687
4603	4	603	98	120	120	138	109	6424	16400	0	1642	1702	6610	6624	2063	687
4604	4	604	98	120	120	138	109	6424	16400	0	1642	1702	6610	6624	2063	687
4605	4	605	98	120	120	138	109	6424	16400	0	1642	1702	6610	6624	2063	687
4606	4	606	98	120	120	138	109	6424	16400	0	1642	1702	6610	6624	2063	687
4607	4	607	98	120	120	138	109	6424	16400	0	1642	1702	6610	6624	2063	687
4608	4	608	98	120	120	138	109	6424	16400	0	1642	1702	6610	6624	2063	687
4609	4	609	98	120	120	138	109	6424	16400	0	1642	1702	6610	6624	2063	687
4610	4	610	98	120	120	138	109	6424	16400	0	1642	1702	6610	6624	2063	687
4611	4	611	98	120	120	138	109	6424	16400	0	1642	1702	6610	6624	2063	687
4612	4	612	98	120	120	138	109	6424	16400	0	1642	1702	6610	6624	2063	687
4613	4	613	98	120	120	138	109	6424	16400	0	1642	1702	6610	6624	2063	687
4614	4	614	98	120	120	138	109	6424	16400	0	1642	1702	6610	6624	2063	687
4615	4	615	98	120	120	138	109	6424	16400	0	1642	1702	6610	6624	2063	687
4616	4	616	98	120	120	138	109	6424	16400	0	1642	1702	6610	6624	2063	687
4617	4	617	98	120	120	138	109	6424	16400	0	1642	1702	6610	6624	2063	687
4618	4	618	98	120	120	138	109	6424	16400	0	1642	1702	6610	6624	2063	687
4619	4	619	98	120	120	138	109	6424	16400	0	1642	1702	6610	6624	2063	687
4620	4	620	98	120	120	138	109	6424	16400	0	1642	1702	6610	6624	2063	687
4621	4	621	98	120	120	138	109	6424	16400	0	1642	1702	6610	6624	2063	687
4622	4	622	98	120	120	138	109	6424	16400	0	1642	1702	6610	6624	2063	687
4623	4	623	98	120	120	138	109	6424	16400	0	1642	1702	6610	6624	2063	687
4624	4	624	98	120	120	138	109	6424	16400	0	1642	1702	6610	6624	2063	687
4625	4	625	98	120	120	138	109	6424	16400	0	1642	1702	6610	6624	2063	687
4626	4	626	98	120	120	138	109	6424	16400	0	1642	1702	6610	6624	2063	687
4627	4	627	98	120	120	138	109	6424	16400	0	1642	1702	6610	6624	2063	687
4628	4	628	98	120	120	138	109	6424	16400	0	1642	1702	6610	6624	2063	687
4629	4	629	98	120	120	138	109	6424	16400	0	1642	1702	6610	6624	2063	687
4630	4	630	98	120	120	138	109	6424	16400	0	1642	1702	6610	6624	2063	687
4631	4	631	98	120	120	138	109	6424	16400	0	1642	1702	6610	6624	2063	687
4632	4	632	98	120	120	138	109	6424	16400	0	1642	1702	6610	6624	2063	687
4633	4	633	98	120	120	138	109	6424	16400	0	1642	1702	6610	6624	2063	687
4634	4	634	98	120	120	138	109	6424	16400	0	1642	1702	6610	6624	2063	687
4635	4	635	98	120	120	138	109	6424	16400	0	1642	1702	6610	6624	2063	687
4636	4	636	98	120	120	138	109	6424	16400	0	1642	1702	6610	6624	2063	687
4637	4	637	98	120	120	138	109	6424	16400	0	1642	1702	6610	6624	2063	687
4638	4	638	98	120	120	138	109	6424	16400	0	1642	1702	6610	6624	2063	687
4639	4	639	98	120	120	138	109	6424	16400	0	1642	1702	6610	6624	2063	687
4640	4	640	98	120	120	138	109	6424	16400	0	1642	1702	6610	6624	2063	687
4641	4	641	98	120	120	138	109	6424	16400	0	1642	1702	6610	6624	2063	687
4642	4	642	98	120	120	138	109	6424	16400	0	1642	1702	6610	6624	2063	687
4643	4	643	98	120	120	138	109	6424	16400	0	1642	1702	6610	6624	2063	687
4644	4	644	98	120	120	138	109	6424	16400	0	1642	1702	6610	6624	2063	687
4645	4	645	98	120	120	138	109	6424	16400	0	1642	1702	6610	6624	2063	687
4646	4	646	98	120	120	138	109	6424	16400	0	1642	1702	6610	6624	2063	687
4647	4	647	98	120	120	138	109	6424	16400	0	1642	1702	6610	6624	2063	687
4648	4	648	98	120	120	138	109	6424	16400	0	1642	1702	6610	6624	2063	687
4649	4	649	98	120	120	138	109	6424	16400	0	1642	1702	6610	6624	2063	687
4650	4	650	98	120	120	138	109	6424	16400	0	1642	1702	6610	6624	2063	687
4651	4	651	98	120	120	138	109	6424	16400	0	1642	1702	6610	6624	2063	687
4652	4	652	98	120	120	138	109	6424	16400	0	1642	1702	6610	6624	2063	687
4653	4	653	98	120	120	138	109	6424	16400	0	1642	1702	6610	6624	2063	687
4654	4	654	98	120	120	138	109	6424	16400	0	1642	1702	6610	6624	2063	687
4655	4	655	98	120	120	138	109	6424	16400	0	1642	1702	6610	6624	2063	687
4656	4	656	98	120	120	138	109	6424	16400	0	1642	1702	6610	6624	2063	687
4657	4	657	98	120	120	138	109	6424	16400	0	1642	1702	6610	6624	2063	687
4658	4	658	98	120	120	138	109	6424	16400	0	1642	1702	6610	6624	2063	687
4659	4	659	98	120	120	138	109	6424	16400	0	1642	1702	6610	6624	2063	687
4660	4	660	98	120	120	138	109	6424	16400	0	1642	1702	6610	6624	2063	687
4661	4	661	98	120	120	138	109	6424	16400	0	1642	1702	6610	6624	2063	687
4662	4	662	98	120	120	138	109	6424	16400	0	1642	1702	6610	6624	2063	687
4663	4	663	98	120	120	138	109	6424	16400	0	1642	1702	6610	6624	2063	687
4664	4	664	98	120	120	138	109	6424	16400	0	1642	1702	6610	6624	2063	687
4665	4	665	98	120	120	138	109	6424	16400	0	1642	1702	6610	6624	2063	687
4666	4	666	98	120	120	138	109	6424	16400	0	1642	1702	6610	6624	2063	687
4667	4	667	98	120	120	138	109	6424	16400	0	1642	1702	6610	6624	2063	687
4668	4	668	98	120	120	138	109	6424	16400	0	1642	1702	6610	6624	2063	687
4669	4	669	98	120	120	138	109	6424	16400	0	1642	1702	6610	6624	2063	687
4670	4	670	98	120	120	138	109	6424	16400	0	1642	1702	6610	6624	2063	687
4671	4	671	98	120	120	138	109	6424	16400	0	1642	1702	6610	6624	2063	687
4672	4	672	98	120	120	138	109	6424	16400	0	1642	1702	6610	6624	2063	687
4673	4	673	98	120	120	138	109	6424	16400	0	1642	1702	6610	6624	2063	687
4674	4	674	98	120	120	138	109	6424	16400	0	1642	1702	6610	6624	2063	687
4675	4	675	98	120	120	138	109	6424	16400	0	1642	1702	6610	6624	2063	687
4676	4	676	98	120	120	138	109	6424	16400	0	1642	1702	6610	6624	2063	687
4677	4	677	98	120	120	138	109	6424	16400	0	1642	1702	6610	6624	2063	687
4678	4	678	98	120	120	138	109	6424	16400	0	1642	1702	6610	6624	2063	687
4679	4	679	98	120	120	138	109	6424	16400	0	1642	1702	6610	6624	2063	687
4680	4	680	98	120	120	138	109	6424	16400	0	1642	1702	6610	6624	2063	687
4681	4	681	98	120	120	138	109	6424	16400	0	1642	1702	6610	6624	2063	687
4682	4	682	98	120	120	138	109	6424	16400	0	1642	1702	6610	6624	2063	687
4683	4	683	98	120	120	138	109	6424	16400	0	1642	1702	6610	6624	2063	687
4684	4	684	98	120	120	138	109	6424	16400	0	1642	1702	6610	6624	2063	687
4685	4	685	98	120	120	138	109	6424	16400	0	1642	1702	6610	6624	2063	687
4686	4	686	98	120	120	138	109	6424	16400	0	1642	1702	6610	6624	2063	687
4687	4	687	98	120	120	138	109	6424	16400	0	1642	1702	6610	6624	2063	687
4688	4	688	98	120	120	138	109	6424	16400	0	1642	1702	6610	6624	2063	687
4689	4	689	98	120	120	138	109	6424	16400	0	1642	1702	6610	6624	2063	687
4690	4	690	98	120	120	138	109	6424	16400	0	1642	1702	6610	6624	2063	687
4691	4	691	98	120	120	138	109	6424	16400	0	1642	1702	6610	6624	2063	687
4692	4	692	98	120	120	138	109	6424	16400	0	1642	1702	6610	6624	2063	687
4693	4	693	98	120	120	138	109	6424	16400	0	1642	1702	6610	6624	2063	687
4694	4	694	98	120	120	138	109	6424	16400	0	1642	1702	6610	6624	2063	687
4695	4	695	98	120	120	138	109	6424	16400	0	1642	1702	6610	6624	2063	687
4696	4	696	98	120	120	138	109	6424	16400	0	1642	1702	6610	6624	2063	687
4697	4	697	98	120	120	138	109	6424	16400	0	1642	1702	6610	6624	2063	687
4698	4	698	98	120	120	138	109	6424	16400	0	1642	1702	6610	6624	2063	687
4699	4	699	98	120	120	138	109	6424	16400	0	1642	1702	6610	6624	2063	687
4700	4	700	98	120	120	138	109	6424	16400	0	1642	1702	6610	6624	2063	687
4701	4	701	98	120	120	138	109	6424	16400	0	1642	1702	6610	6624	2063	687
4702	4	702	98	120	120	138	109	6424	16400	0	1642	1702	6610	6624	2063	687
4703	4	703	98	120	120	138	109	6424	16400	0	1642	1702	6610	6624	2063	687
4704	4	704	98	120	120	138	109	6424	16400	0	1642	1702	6610	6624	2063	687
4705	4	705	98	120	120	138	109	6424	16400	0	1642	1702	6610	6624	2063	687
4706	4	706	98	120	120	138	109	6424	16400	0	1642	1702	6610	6624	2063	687
4707	4	707	98	120	120	138	109	6424	16400	0	1642	1702	6610	6624	2063	687
4708	4	708	98	120	120	138	109	6424	16400	0	1642	1702	6610	6624	2063	687
4709	4	709	98	120	120	138	109	6424	16400	0	1642	1702	6610	6624	2063	687
4710	4	710	98	120	120	138	109	6424	16400	0	1642	1702	6610	6624	2063	687
4711	4	711	98	120	120	138	109	6424	16400	0	1642	1702	6610	6624	2063	687
4712	4	712	98	120	120	138	109	6424	16400	0	1642	1702	6610	6624	2063	687
4713	4	713	98	120	120	138	109	6424	16400	0	1642	1702	6610	6624	2063	687
4714	4	714	98	120	120	138	109	6424	16400	0	1642	1702	6610	6624	2063	687
4715	4	715	98	120	120	138	109	6424	16400	0	1642	1702	6610	6624	2063	687
4716	4	716	98	120	120	138	109	6424	16400	0	1642	1702	6610	6624	2063	687
4717	4	717	98	120	120	138	109	6424	16400	0	1642	1702	6610	6624	2063	687
4718	4	718	98	120	120	138	109	6424	16400	0	1642	1702	6610	6624	2063	687
4719	4	719	98	120	120	138	109	6424	16400	0	1642	1702	6610	6624	2063	687
4720	4	720	98	120	120	138	109	6424	16400	0	1642	1702	6610	6624	2063	687
4721	4	721	98	120	120	138	109	6424	16400	0	1642	1702	6610	6624	2063	687
4722	4	722	98	120	120	138	109	6424	16400	0	1642	1702	6610	6624	2063	687
4723	4	723	98	120	120	138	109	6424	16400	0	1642	1702	6610	6624	2063	687
4724	4	724	98	120	120	138	109	6424	16400	0	1642	1702	6610	6624	2063	687
4725	4	725	98	120	120	138	109	6424	16400	0	1642	1702	6610	6624	2063	687
4726	4	726	98	120	120	138	109	6424	16400	0	1642	1702	6610	6624	2063	687
4727	4	727	98	120	120	138	109	6424	16400	0	1642	1702	6610	6624	2063	687
4728	4	728	98	120	120	138	109	6424	16400	0	1642	1702	6610	6624	2063	687
4729	4	729	98	120	120	138	109	6424	16400	0	1642	1702	6610	6624	2063	687
4730	4	730	98	120	120	138	109	6424	16400	0	1642	1702	6610	6624	2063	687
4731	4	731	98	120	120	138	109	6424	16400	0	1642	1702	6610	6624	2063	687
4732	4	732	98	120	120	138	109	6424	16400	0	1642	1702	6610	6624	2063	687
4733	4	733	98	120	120	138	109	6424	16400	0	1642	1702	6610	6624	2063	687
4734	4	734	98	120	120	138	109	6424	16400	0	1642	1702	6610	6624	2063	687
4735	4	735	98	120	120	138	109	6424	16400	0	1642	1702	6610	6624	2063	687
4736	4	736	98	120	120	138	109	6424	16400	0	1642	1702	6610	6624	2063	687
4737	4	737	98	120	120	138	109	6424	16400	0	1642	1702	6610	6624	2063	687
4738	4	738	98	120	120	138	109	6424	16400	0	1642	1702	6610	6624	2063	687
4739	4	739	98	120	120	138	109	6424	16400	0	1642	1702	6610	6624	2063	687
4740	4	740	98	120	120	138	109	6424	16400	0	1642	1702	6610	6624	2063	687
4741	4	741	98	120	120	138	109	6424	16400	0	1642	1702	6610	6624	2063	687
4742	4	742	98	120	120	138	109	6424	16400	0	1642	1702	6610	6624	2063	687
4743	4	743	98	120	120	138	109	6424	16400	0	1642	1702	6610	6624	2063	687
4744	4	744	98	120	120	138	109	6424	16400	0	1642	1702	6610	6624	2063	687
4745	4	745	98	120	120	138	109	6424	16400	0	1642	1702	6610	6624	2063	687
4746	4	746	98	120	120	138	109	6424	16400	0	1642	1702	6610	6624	2063	687
4747	4	747	98	120	120	138	109	6424	16400	0	1642	1702	6610	6624	2063	687
4748	4	748	98	120	120	138	109	6424	16400	0	1642	1702	6610	6624	2063	687
4749	4	749	98	120	120	138	109	6424	16400	0	1642	1702	6610	6624	2063	687
4750	4	750	98	120	120	138	109	6424	16400	0	1642	1702	6610	6624	2063	687
4751	4	751	98	120	120	138	109	6424	16400	0	1642	1702	6610	6624	2063	687
4752	4	752	98	120	120	138	109	6424	16400	0	1642	1702	6610	6624	2063	687
4753	4	753	98	120	120	138	109	6424	16400	0	1642	1702	6610	6624	2063	687
4754	4	754	98	120	120	138	109	6424	16400	0	1642	1702	6610	6624	2063	687
4755	4	755	98	120	120	138	109	6424	16400	0	1642	1702	6610	6624	2063	687
4756	4	756	98	120	120	138	109	6424	16400	0	1642	1702	6610	6624	2063	687
4757	4	757	98	120	120	138	109	6424	16400	0	1642	1702	6610	6624	2063	687
4758	4	758	98	120	120	138	109	6424	16400	0	1642	1702	6610	6624	2063	687
4759	4	759	98	120	120	138	109	6424	16400	0	1642	1702	6610	6624	2063	687
4760	4	760	98	120	120	138	109	6424	16400	0	1642	1702	6610	6624	2063	687
4761	4	761	98	120	120	138	109	6424	16400	0	1642	1702	6610	6624	2063	687
4762	4	762	98	120	120	138	109	6424	16400	0	1642	1702	6610	6624	2063	687
4763	4	763	98	120	120	138	109	6424	16400	0	1642	1702	6610	6624	2063	687
4764	4	764	98	120	120	138	109	6424	16400	0	1642	1702	6610	6624	2063	687
4765	4	765	98	120	120	138	109	6424	16400	0	1642	1702	6610	6624	2063	687
4766	4	766	98	120	120	138	109	6424	16400	0	1642	1702	6610	6624	2063	687
4767	4	767	98	120	120	138	109	6424	16400	0	1642	1702	6610	6624	2063	687
4768	4	768	98	120	120	138	109	6424	16400	0	1642	1702	6610	6624	2063	687
4769	4	769	98	120	120	138	109	6424	16400	0	1642	1702	6610	6624	2063	687
4770	4	770	98	120	120	138	109	6424	16400	0	1642	1702	6610	6624	2063	687
4771	4	771	98	120	120	138	109	6424	16400	0	1642	1702	6610	6624	2063	687
4772	4	772	98	120	120	138	109	6424	16400	0	1642	1702	6610	6624	2063	687
4773	4	773	98	120	120	138	109	6424	16400	0	1642	1702	6610	6624	2063	687
4774	4	774	98	120	120	138	109	6424	16400	0	1642	1702	6610	6624	2063	687
4775	4	775	98	120	120	138	109	6424	16400	0	1642	1702	6610	6624	2063	687
4776	4	776	98	120	120	138	109	6424	16400	0	1642	1702	6610	6624	2063	687
4777	4	777	98	120	120	138	109	6424	16400	0	1642	1702	6610	6624	2063	687
4778	4	778	98	120	120	138	109	6424	16400	0	1642	1702	6610	6624	2063	687
4779	4	779	98	120	120	138	109	6424	16400	0	1642	1702	6610	6624	2063	687
4780	4	780	98	120	120	138	109	6424	16400	0	1642	1702	6610	6624	2063	687
4781	4	781	98	120	120	138	109	6424	16400	0	1642	1702	6610	6624	2063	687
4782	4	782	98	120	120	138	109	6424	16400	0	1642	1702	6610	6624	2063	687
4783	4	783	98	120	120	138	109	6424	16400	0	1642	1702	6610	6624	2063	687
4784	4	784	98	120	120	138	109	6424	16400	0	1642	1702	6610	6624	2063	687
4785	4	785	98	120	120	138	109	6424	16400	0	1642	1702	6610	6624	2063	687
4786	4	786	98	120	120	138	109	6424	16400	0	1642	1702	6610	6624	2063	687
4787	4	787	98	120	120	138	109	6424	16400	0	1642	1702	6610	6624	2063	687
4788	4	788	98	120	120	138	109	6424	16400	0	1642	1702	6610	6624	2063	687
4789	4	789	98	120	120	138	109	6424	16400	0	1642	1702	6610	6624	2063	687
4790	4	790	98	120	120	138	109	6424	16400	0	1642	1702	6610	6624	2063	687
4791	4	791	98	120	120	138	109	6424	16400	0	1642	1702	6610	6624	2063	687
4792	4	792	98	120	120	138	109	6424	16400	0	1642	1702	6610	6624	2063	687
4793	4	793	98	120	120	138	109	6424	16400	0	1642	1702	6610	6624	2063	687
4794	4	794	98	120	120	138	109	6424	16400	0	1642	1702	6610	6624	2063	687
4795	4	795	98	120	120	138	109	6424	16400	0	1642	1702	6610	6624	2063	687
4796	4	796	98	120	120	138	109	6424	16400	0	1642	1702	6610	6624	2063	687
4797	4	797	98	120	120	138	109	6424	16400	0	1642	1702	6610	6624	2063	687
4798	4	798	98	120	120	138	109	6424	16400	0	1642	1702	6610	6624	2063	687
4799	4	799	98	120	120	138	109	6424	16400	0	1642	1702	6610	6624	2063	687
4800	4	800	98	120	120	138	109	6424	16400	0	1642	1702	6610	6624	2063	687
4801	4	801	98	120	120	138	109	6424	16400	0	1642	1702	6610	6624	2063	687
4802	4	802	98	120	120	138	109	6424	16400	0	1642	1702	6610	6624	2063	687
4803	4	803	98	120	120	138	109	6424	16400	0	1642	1702	6610	6624	2063	687
4804	4	804	98	120	120	138	109	6424	16400	0	1642	1702	6610	6624	2063	687
4805	4	805	98	120	120	138	109	6424	16400	0	1642	1702	6610	6624	2063	687
4806	4	806	98	120	120	138	109	6424	16400	0	1642	1702	6610	6624	2063	687
4807	4	807	98	120	120	138	109	6424	16400	0	1642	1702	6610	6624	2063	687
4808	4	808	98	120	120	138	109	6424	16400	0	1642	1702	6610	6624	2063	687
4809	4	809	98	120	120	138	109	6424	16400	0	1642	1702	6610	6624	2063	687
4810	4	810	98	120	120	138	109	6424	16400	0	1642	1702	6610	6624	2063	687
4811	4	811	98	120	120	138	109	6424	16400	0	1642	1702	6610	6624	2063	687
4812	4	812	98	120	120	138	109	6424	16400	0	1642	1702	6610	6624	2063	687
4813	4	813	98	120	120	138	109	6424	16400	0	1642	1702	6610	6624	2063	687
4814	4	814	98	120	120	138	109	6424	16400	0	1642	1702	6610	6624	2063	687
4815	4	815	98	120	120	138	109	6424	16400	0	1642	1702	6610	6624	2063	687
4816	4	816	98	120	120	138	109	6424	16400	0	1642	1702	6610	6624	2063	687
4817	4	817	98	120	120	138	109	6424	16400	0	1642	1702	6610	6624	2063	687
4818	4	818	98	120	120	138	109	6424	16400	0	1642	1702	6610	6624	2063	687
4819	4	819	98	120	120	138	109	6424	16400	0	1642	1702	6610	6624	2063	687
4820	4	820	98	120	120	138	109	6424	16400	0	1642	1702	6610	6624	2063	687
4821	4	821	98	120	120	138	109	6424	16400	0	1642	1702	6610	6624	2063	687
4822	4	822	98	120	120	138	109	6424	16400	0	1642	1702	6610	6624	2063	687
4823	4	823	98	120	120	138	109	6424	16400	0	1642	1702	6610	6624	2063	687
4824	4	824	98	120	120	138	109	6424	16400	0	1642	1702	6610	6624	2063	687
4825	4	825	98	120	120	138	109	6424	16400	0	1642	1702	6610	6624	2063	687
4826	4	826	98	120	120	138	109	6424	16400	0	1642	1702	6610	6624	2063	687
4827	4	827	98	120	120	138	109	6424	16400	0	1642	1702	6610	6624	2063	687
4828	4	828	98	120	120	138	109	6424	16400	0	1642	1702	6610	6624	2063	687
4829	4	829	98	120	120	138	109	6424	16400	0	1642	1702	6610	6624	2063	687
4830	4	830	98	120	120	138	109	6424	16400	0	1642	1702	6610	6624	2063	687
4831	4	831	98	120	120	138	109	6424	16400	0	1642	1702	6610	6624	2063	687
4832	4	832	98	120	120	138	109	6424	16400	0	1642	1702	6610	6624	2063	687
4833	4	833	98	120	120	138	109	6424	16400	0	1642	1702	6610	6624	2063	687
4834	4	834	98	120	120	138	109	6424	16400	0	1642	1702	6610	6624	2063	687
4835	4	835	98	120	120	138	109	6424	16400	0	1642	1702	6610	6624	2063	687
4836	4	836	98	120	120	138	109	6424	16400	0	1642	1702	6610	6624	2063	687
4837	4	837	98	120	120	138	109	6424	16400	0	1642	1702	6610	6624	2063	687
4838	4	838	98	120	120	138	109	6424	16400	0	1642	1702	6610	6624	2063	687
4839	4	839	98	120	120	138	109	6424	16400	0	1642	1702	6610	6624	2063	687
4840	4	840	98	120	120	138	109	6424	16400	0	1642	1702	6610	6624	2063	687
4841	4	841	98	120	120	138	109	6424	16400	0	1642	1702	6610	6624	2063	687
4842	4	842	98	120	120	138	109	6424	16400	0	1642	1702	6610	6624	2063	687
4843	4	843	98	120	120	138	109	6424	16400	0	1642	1702	6610	6624	2063	687
4844	4	844	98	120	120	138	109	6424	16400	0	1642	1702	6610	6624	2063	687
4845	4	845	98	120	120	138	109	6424	16400	0	1642	1702	6610	6624	2063	687
4846	4	846	98	120	120	138	109	6424	16400	0	1642	1702	6610	6624	2063	687
4847	4	847	98	120	120	138	109	6424	16400	0	1642	1702	6610	6624	2063	687
4848	4	848	98	120	120	138	109	6424	16400	0	1642	1702	6610	6624	2063	687
4849	4	849	98	120	120	138	109	6424	16400	0	1642	1702	6610	6624	2063	687
4850	4	850	98	120	120	138	109	6424	16400	0	1642	1702	6610	6624	2063	687
4851	4	851	98	120	120	138	109	6424	16400	0	1642	1702	6610	6624	2063	687
4852	4	852	98	120	120	138	109	6424	16400	0	1642	1702	6610	6624	2063	687
4853	4	853	98	120	120	138	109	6424	16400	0	1642	1702	6610	6624	2063	687
4854	4	854	98	120	120	138	109	6424	16400	0	1642	1702	6610	6624	2063	687
4855	4	855	98	120	120	138	109	6424	16400	0	1642	1702	6610	6624	2063	687
4856	4	856	98	120	120	138	109	6424	16400	0	1642	1702	6610	6624	2063	687
4857	4	857	98	120	120	138	109	6424	16400	0	1642	1702	6610	6624	2063	687
4858	4	858	98	120	120	138	109	6424	16400	0	1642	1702	6610	6624	2063	687
4859	4	859	98	120	120	138	109	6424	16400	0	1642	1702	6610	6624	2063	687
4860	4	860	98	120	120	138	109	6424	16400	0	1642	1702	6610	6624	2063	687
4861	4	861	98	120	120	138	109	6424	16400	0	1642	1702	6610	6624	2063	687
4862	4	862	98	120	120	138	109	6424	16400	0	1642	1702	6610	6624	2063	687
4863	4	863	98	120	120	138	109	6424	16400	0	1642	1702	6610	6624	2063	687
4864	4	864	98	120	120	138	109	6424	16400	0	1642	1702	6610	6624	2063	687
4865	4	865	98	120	120	138	109	6424	16400	0	1642	1702	6610	6624	2063	687
4866	4	866	98	120	120	138	109	6424	16400	0	1642	1702	6610	6624	2063	687
4867	4	867	98	120	120	138	109	6424	16400	0	1642	1702	6610	6624	2063	687
4868	4	868	98	120	120	138	109	6424	16400	0	1642	1702	6610	6624	2063	687
4869	4	869	98	120	120	138	109	6424	16400	0	1642	1702	6610	6624	2063	687
4870	4	870	98	120	120	138	109	6424	16400	0	1642	1702	6610	6624	2063	687
4871	4	871	98	120	120	138	109	6424	16400	0	1642	1702	6610	6624	2063	687
4872	4	872	98	120	120	138	109	6424	16400	0	1642	1702	6610	6624	2063	687
4873	4	873	98	120	120	138	109	6424	16400	0	1642	1702	6610	6624	2063	687
4874	4	874	98	120	120	138	109	6424	16400	0	1642	1702	6610	6624	2063	687
4875	4	875	98	120	120	138	109	6424	16400	0	1642	1702	6610	6624	2063	687
4876	4	876	98	120	120	138	109	6424	16400	0	1642	1702	6610	6624	2063	687
4877	4	877	98	120	120	138	109	6424	16400	0	1642	1702	6610	6624	2063	687
4878	4	878	98	120	120	138	109	6424	16400	0	1642	1702	6610	6624	2063	687
4879	4	879	98	120	120	138	109	6424	16400	0	1642	1702	6610	6624	2063	687
4880	4	880	98	120	120	138	109	6424	16400	0	1642	1702	6610	6624	2063	687
4881	4	881	98	120	120	138	109	6424	16400	0	1642	1702	6610	6624	2063	687
4882	4	882	98	120	120	138	109	6424	16400	0	1642	1702	6610	6624	2063	687
4883	4	883	98	120	120	138	109	6424	16400	0	1642	1702	6610	6624	2063	687
4884	4	884	98	120	120	138	109	6424	16400	0	1642	1702	6610	6624	2063	687
4885	4	885	98	120	120	138	109	6424	16400	0	1642	1702	6610	6624	2063	687
4886	4	886	98	120	120	138	109	6424	16400	0	1642	1702	6610	6624	2063	687
4887	4	887	98	120	120	138	109	6424	16400	0	1642	1702	6610	6624	2063	687
4888	4	888	98	120	120	138	109	6424	16400	0	1642	1702	6610	6624	2063	687
4889	4	889	98	120	120	138	109	6424	16400	0	1642	1702	6610	6624	2063	687
4890	4	890	98	120	120	138	109	6424	16400	0	1642	1702	6610	6624	2063	687
4891	4	891	98	120	120	138	109	6424	16400	0	1642	1702	6610	6624	2063	687
4892	4	892	98	120	120	138	109	6424	16400	0	1642	1702	6610	6624	2063	687
4893	4	893	98	120	120	138	109	6424	16400	0	1642	1702	6610	6624	2063	687
4894	4	894	98	120	120	138	109	6424	16400	0	1642	1702	6610	6624	2063	687
4895	4	895	98	120	120	138	109	6424	16400	0	1642	1702	6610	6624	2063	687
4896	4	896	98	120	120	138	109	6424	16400	0	1642	1702	6610	6624	2063	687
4897	4	897	98	120	120	138	109	6424	16400	0	1642	1702	6610	6624	2063	687
4898	4	898	98	120	120	138	109	6424	16400	0	1642	1702	6610	6624	2063	687
4899	4	899	98	120	120	138	109	6424	16400	0	1642	1702	6610	6624	2063	687
4900	4	900	98	120	120	138	109	6424	16400	0	1642	1702	6610	6624	2063	687
4901	4	901	98	120	120	138	109	6424	16400	0	1642	1702	6610	6624	2063	687
4902	4	902	98	120	120	138	109	6424	16400	0	1642	1702	6610	6624	2063	687
4903	4	903	98	120	120	138	109	6424	16400	0	1642	1702	6610	6624	2063	687
4904	4	904	98	120	120	138	109	6424	16400	0	1642	1702	6610	6624	2063	687
4905	4	905	98	120	120	138	109	6424	16400	0	1642	1702	6610	6624	2063	687
4906	4	906	98	120	120	138	109	6424	16400	0	1642	1702	6610	6624	2063	687
4907	4	907	98	120	120	138	109	6424	16400	0	1642	1702	6610	6624	2063	687
4908	4	908	98	120	120	138	109	6424	16400	0	1642	1702	6610	6624	2063	687
4909	4	909	98	120	120	138	109	6424	16400	0	1642	1702	6610	6624	2063	687
4910	4	910	98	120	120	138	109	6424	16400	0	1642	1702	6610	6624	2063	687
4911	4	911	98	120	120	138	109	6424	16400	0	1642	1702	6610	6624	2063	687
4912	4	912	98	120	120	138	109	6424	16400	0	1642	1702	6610	6624	2063	687
4913	4	913	98	120	120	138	109	6424	16400	0	1642	1702	6610	6624	2063	687
4914	4	914	98	120	120	138	109	6424	16400	0	1642	1702	6610	6624	2063	687
4915	4	915	98	120	120	138	109	6424	16400	0	1642	1702	6610	6624	2063	687
4916	4	916	98	120	120	138	109	6424	16400	0	1642	1702	6610	6624	2063	687
4917	4	917	98	120	120	138	109	6424	16400	0	1642	1702	6610	6624	2063	687
4918	4	918	98	120	120	138	109	6424	16400	0	1642	1702	6610	6624	2063	687
4919	4	919	98	120	120	138	109	6424	16400	0	1642	1702	6610	6624	2063	687
4920	4	920	98	120	120	138	109	6424	16400	0	1642	1702	6610	6624	2063	687
4921	4	921	98	120	120	138	109	6424	16400	0	1642	1702	6610	6624	2063	687
4922	4	922	98	120	120	138	109	6424	16400	0	1642	1702	6610	6624	2063	687
4923	4	923	98	120	120	138	109	6424	16400	0	1642	1702	6610	6624	2063	687
4924	4	924	98	120	120	138	109	6424	16400	0	1642	1702	6610	6624	2063	687
4925	4	925	98	120	120	138	109	6424	16400	0	1642	1702	6610	6624	2063	687
4926	4	926	98	120	120	138	109	6424	16400	0	1642	1702	6610	6624	2063	687
4927	4	927	98	120	120	138	109	6424	16400	0	1642	1702	6610	6624	2063	687
4928	4	928	98	120	120	138	109	6424	16400	0	1642	1702	6610	6624	2063	687
4929	4	929	98	120	120	138	109	6424	16400	0	1642	1702	6610	6624	2063	687
4930	4	930	98	120	120	138	109	6424	16400	0	1642	1702	6610	6624	2063	687
4931	4	931	98	120	120	138	109	6424	16400	0	1642	1702	6610	6624	2063	687
4932	4	932	98	120	120	138	109	6424	16400	0	1642	1702	6610	6624	2063	687
4933	4	933	98	120	120	138	109	6424	16400	0	1642	1702	6610	6624	2063	687
4934	4	934	98	120	120	138	109	6424	16400	0	1642	1702	6610	6624	2063	687
4935	4	935	98	120	120	138	109	6424	16400	0	1642	1702	6610	6624	2063	687
4936	4	936	98	120	120	138	109	6424	16400	0	1642	1702	6610	6624	2063	687
4937	4	937	98	120	120	138	109	6424	16400	0	1642	1702	6610	6624	2063	687
4938	4	938	98	120	120	138	109	6424	16400	0	1642	1702	6610	6624	2063	687
4939	4	939	98	120	120	138	109	6424	16400	0	1642	1702	6610	6624	2063	687
4940	4	940	98	120	120	138	109	6424	16400	0	1642	1702	6610	6624	2063	687
4941	4	941	98	120	120	138	109	6424	16400	0	1642	1702	6610	6624	2063	687
4942	4	942	98	120	120	138	109	6424	16400	0	1642	1702	6610	6624	2063	687
4943	4	943	98	120	120	138	109	6424	16400	0	1642	1702	6610	6624	2063	687
4944	4	944	98	120	120	138	109	6424	16400	0	1642	1702	6610	6624	2063	687
4945	4	945	98	120	120	138	109	6424	16400	0	1642	1702	6610	6624	2063	687
4946	4	946	98	120	120	138	109	6424	16400	0	1642	1702	6610	6624	2063	687
4947	4	947	98	120	120	138	109	6424	16400	0	1642	1702	6610	6624	2063	687
4948	4	948	98	120	120	138	109	6424	16400	0	1642	1702	6610	6624	2063	687
4949	4	949	98	120	120	138	109	6424	16400	0	1642	1702	6610	6624	2063	687
4950	4	950	98	120	120	138	109	6424	16400	0	1642	1702	6610	6624	2063	687
4951	4	951	98	120	120	138	109	6424	16400	0	1642	1702	6610	6624	2063	687
4952	4	952	98	120	120	138	109	6424	16400	0	1642	1702	6610	6624	2063	687
4953	4	953	98	120	120	138	109	6424	16400	0	1642	1702	6610	6624	2063	687
4954	4	954	98	120	120	138	109	6424	16400	0	1642	1702	6610	6624	2063	687
4955	4	955	98	120	120	138	109	6424	16400	0	1642	1702	6610	6624	2063	687
4956	4	956	98	120	120	138	109	6424	16400	0	1642	1702	6610	6624	2063	687
4957	4	957	98	120	120	138	109	6424	16400	0	1642	1702	6610	6624	2063	687
4958	4	958	98	120	120	138	109	6424	16400	0	1642	1702	6610	6624	2063	687
4959	4	959	98	120	120	138	109	6424	16400	0	1642	1702	6610	6624	2063	687
4960	4	960	98	120	120	138	109	6424	16400	0	1642	1702	6610	6624	2063	687
4961	4	961	98	120	120	138	109	6424	16400	0	1642	1702	6610	6624	2063	687
4962	4	962	98	120	120	138	109	6424	16400	0	1642	1702	6610	6624	2063	687
4963	4	963	98	120	120	138	109	6424	16400	0	1642	1702	6610	6624	2063	687
4964	4	964	98	120	120	138	109	6424	16400	0	1642	1702	6610	6624	2063	687
4965	4	965	98	120	120	138	109	6424	16400	0	1642	1702	6610	6624	2063	687
4966	4	966	98	120	120	138	109	6424	16400	0	1642	1702	6610	6624	2063	687
4967	4	967	98	120	120	138	109	6424	16400	0	1642	1702	6610	6624	2063	687
4968	4	968	98	120	120	138	109	6424	16400	0	1642	1702	6610	6624	2063	687
4969	4	969	98	120	120	138	109	6424	16400	0	1642	1702	6610	6624	2063	687
4970	4	970	98	120	120	138	109	6424	16400	0	1642	1702	6610	6624	2063	687
4971	4	971	98	120	120	138	109	6424	16400	0	1642	1702	6610	6624	2063	687
4972	4	972	98	120	120	138	109	6424	16400	0	1642	1702	6610	6624	2063	687
4973	4	973	98	120	120	138	109	6424	16400	0	1642	1702	6610	6624	2063	687
4974	4	974	98	120	120	138	109	6424	16400	0	1642	1702	6610	6624	2063	687
4975	4	975	98	120	120	138	109	6424	16400	0	1642	1702	6610	6624	2063	687
4976	4	976	98	120	120	138	109	6424	16400	0	1642	1702	6610	6624	2063	687
4977	4	977	98	120	120	138	109	6424	16400	0	1642	1702	6610	6624	2063	687
4978	4	978	98	120	120	138	109	6424	16400	0	1642	1702	6610	6624	2063	687
4979	4	979	98	120	120	138	109	6424	16400	0	1642	1702	6610	6624	2063	687
4980	4	980	98	120	120	138	109	6424	16400	0	1642	1702	6610	6624	2063	687
4981	4	981	98	120	120	138	109	6424	16400	0	1642	1702	6610	6624	2063	687
4982	4	982	98	120	120	138	109	6424	16400	0	1642	1702	6610	6624	2063	687
4983	4	983	98	120	120	138	109	6424	16400	0	1642	1702	6610	6624	2063	687
4984	4	984	98	120	120	138	109	6424	16400	0	1642	1702	6610	6624	2063	687
4985	4	985	98	120	120	138	109	6424	16400	0	1642	1702	6610	6624	2063	687
4986	4	986	98	120	120	138	109	6424	16400	0	1642	1702	6610	6624	2063	687
4987	4	987	98	120	120	138	109	6424	16400	0	1642	1702	6610	6624	2063	687
4988	4	988	98	120	120	138	109	6424	16400	0	1642	1702	6610	6624	2063	687
4989	4	989	98	120	120	138	109	6424	16400	0	1642	1702	6610	6624	2063	687
4990	4	990	98	120	120	138	109	6424	16400	0	1642	1702	6610	6624	2063	687
4991	4	991	98	120	120	138	109	6424	16400	0	1642	1702	6610	6624	2063	687
4992	4	992	98	120	120	138	109	6424	16400	0	1642	1702	6610	6624	2063	687
4993	4	993	98	120	120	138	109	6424	16400	0	1642	1702	6610	6624	2063	687
4994	4	994	98	120	120	138	109	6424	16400	0	1642	1702	6610	6624	2063	687
4995	4	995	98	120	120	138	109	6424	16400	0	1642	1702	6610	6624	2063	687
4996	4	996	98	120	120	138	109	6424	16400	0	1642	1702	6610	6624	2063	687
4997	4	997	98	120	120	138	109	6424	16400	0	1642	1702	6610	6624	2063	687
4998	4	998	98	120	120	138	109	6424	16400	0	1642	1702	6610	6624	2063	687
4999	4	999	98	120	120	138	109	6424	16400	0	1642	1702	6610	6624	2063	687
5000	5	0	2	1	4	0	2	1002	500	0	34	31	19	17	4	4
5001	5	1	2	1	4	0	2	1154	500	0	64	61	31	29	5	7
5002	5	2	3	1	4	0	2	1357	550	0	94	91	43	41	8	13
5003	5	3	3	1	5	1	2	1561	600	0	125	121	55	53	10	19
5004	5	4	3	2	5	1	2	1765	650	0	155	151	67	65	13	26
5005	5	5	4	2	5	1	2	1969	700	0	186	182	79	77	15	32
5006	5	6	4	2	5	1	2	2173	750	0	216	212	92	90	17	38
5007	5	7	4	2	6	1	3	2377	800	0	247	242	104	102	20	44
5008	5	8	5	2	6	1	3	2580	850	0	278	272	116	114	22	50
5009	5	9	5	2	6	1	3	2784	900	0	308	302	128	126	25	57
5010	5	10	5	3	6	1	3	2988	950	0	339	333	140	138	27	63
5011	5	11	6	3	7	2	3	3192	1000	0	369	363	152	150	29	69
5012	5	12	6	3	7	2	3	3396	1050	0	400	393	165	162	32	75
5013	5	13	6	3	7	2	3	3600	1100	0	430	423	177	175	34	81
5014	5	14	7	3	8	2	3	3804	1150	0	461	453	189	187	37	88
5015	5	15	7	4	8	2	3	4137	1200	0	491	483	201	199	39	94
5016	5	16	8	4	8	2	3	4471	1250	0	522	514	201	199	41	100
5017	5	17	8	4	8	2	3	4805	1300	0	552	544	202	199	44	106
5018	5	18	8	4	9	2	3	5139	1350	0	583	574	202	199	46	112
5019	5	19	9	4	9	3	3	5473	1400	0	613	604	202	199	49	119
5020	5	20	9	4	9	3	3	5812	1450	0	634	624	210	208	51	125
5021	5	21	9	5	9	3	3	5812	1500	0	634	625	202	200	51	125
5022	5	22	10	5	10	3	4	5812	1550	0	635	625	202	200	52	125
5023	5	23	10	5	10	3	4	5812	1600	0	635	625	203	200	52	125
5024	5	24	10	5	10	3	4	5812	1650	0	636	625	203	200	53	126
5025	5	25	11	5	11	3	4	5812	1700	0	637	625	203	200	53	126
5026	5	26	11	5	11	3	4	5812	1750	0	637	625	203	200	53	126
5027	5	27	11	6	11	3	4	5812	1800	0	638	626	203	201	54	126
5028	5	28	12	6	11	4	4	5812	1850	0	638	626	204	201	54	126
5029	5	29	12	6	12	4	4	5812	1900	0	639	626	204	201	55	127
5030	5	30	12	6	12	4	4	5812	1950	0	639	626	204	201	55	127
5031	5	31	13	6	12	4	4	5812	2000	0	640	626	204	201	55	127
5032	5	32	13	6	12	4	4	5812	2050	0	640	626	204	201	56	127
5033	5	33	13	7	13	4	4	5812	2100	0	641	627	205	201	56	127
5034	5	34	14	7	13	4	4	5812	2150	0	641	627	205	202	57	128
5035	5	35	14	7	13	4	4	5812	2200	0	642	627	205	202	57	128
5036	5	36	15	7	14	5	4	5812	2250	0	642	627	205	202	57	128
5037	5	37	15	7	14	5	5	5812	2300	0	643	627	205	202	58	128
5038	5	38	15	7	14	5	5	5812	2350	0	643	628	205	202	58	128
5039	5	39	16	8	14	5	5	5812	2400	0	644	628	206	202	59	129
5040	5	40	16	8	15	5	5	5812	2650	0	644	628	206	202	59	129
5041	5	41	16	8	15	5	5	5812	2900	0	645	628	206	203	59	129
5042	5	42	17	8	15	5	5	5812	3150	0	646	628	206	203	60	129
5043	5	43	17	8	15	5	5	5812	3400	0	646	628	206	203	60	129
5044	5	44	17	8	16	5	5	5812	3650	0	647	629	207	203	61	130
5045	5	45	18	9	16	6	5	5812	3900	0	647	629	207	203	61	130
5046	5	46	18	9	16	6	5	5812	4150	0	648	629	207	203	61	130
5047	5	47	18	9	17	6	5	5812	4400	0	648	629	207	203	62	130
5048	5	48	19	9	17	6	5	5812	4650	0	649	629	207	203	62	130
5049	5	49	19	9	17	6	5	5812	4900	0	649	630	207	204	63	131
5050	5	50	21	11	19	8	7	5837	5150	0	650	630	281	277	117	149
5051	5	51	24	14	22	10	10	5862	5400	0	650	630	354	350	171	167
5052	5	52	26	16	24	12	12	5887	5650	0	651	630	427	423	226	185
5053	5	53	28	18	26	15	14	5912	5900	0	651	630	500	496	280	203
5054	5	54	31	20	28	17	16	5937	6150	0	652	630	573	569	335	222
5055	5	55	33	22	31	19	18	5962	6400	0	652	631	647	642	389	240
5056	5	56	35	24	33	21	20	5987	6650	0	653	631	720	716	443	258
5057	5	57	38	27	35	23	22	6012	6900	0	653	631	793	789	498	276
5058	5	58	40	29	38	25	24	6037	7150	0	654	631	866	862	552	294
5059	5	59	43	31	40	27	26	6062	7400	0	655	631	939	935	607	313
5060	5	60	49	37	46	33	32	6087	7750	0	730	707	1290	1285	699	333
5061	5	61	51	40	49	36	35	6112	8100	0	806	782	1633	1628	785	351
5062	5	62	55	44	53	39	38	6137	8450	0	881	857	1976	1971	872	369
5063	5	63	57	48	56	41	41	6162	8800	0	957	932	2319	2315	958	387
5064	5	64	60	52	59	44	44	6187	9150	0	1032	1007	2662	2658	1045	406
5065	5	65	63	56	62	46	47	6212	9500	0	1108	1082	3005	3001	1131	424
5066	5	66	66	60	66	49	52	6237	9850	0	1183	1158	3349	3344	1217	442
5067	5	67	69	64	69	52	56	6262	10200	0	1259	1233	3692	3687	1304	460
5068	5	68	73	69	72	55	60	6287	10550	0	1334	1308	4035	4030	1390	478
5069	5	69	76	73	76	58	64	6312	10900	0	1410	1383	4378	4373	1477	498
5070	5	70	83	80	83	66	72	6337	11250	0	1435	1408	4608	4604	1538	518
5071	5	71	87	83	86	69	76	6362	11600	0	1461	1434	4832	4827	1593	536
5072	5	72	90	86	89	72	80	6387	11950	0	1486	1459	5055	5050	1649	554
5073	5	73	93	89	93	75	84	6412	12300	0	1512	1484	5278	5273	1704	572
5074	5	74	97	93	96	78	88	6437	12650	0	1537	1509	5501	5496	1760	591
5075	5	75	100	96	99	81	92	6462	13000	0	1563	1534	5724	5719	1815	609
5076	5	76	103	99	102	84	96	6487	13350	0	1589	1559	5947	5942	1870	627
5077	5	77	107	102	106	87	100	6512	13700	0	1614	1585	6171	6166	1926	645
5078	5	78	110	105	109	91	104	6537	14050	0	1640	1610	6394	6389	1981	663
5079	5	79	114	108	112	94	108	6562	14400	0	1665	1635	6617	6612	2037	684
5080	5	80	114	109	113	94	108	6562	14450	0	1666	1635	6617	6612	2037	684
5081	5	81	114	109	113	94	109	6562	14500	0	1666	1635	6617	6612	2037	684
5082	5	82	115	109	113	94	109	6562	14550	0	1667	1635	6618	6612	2038	684
5083	5	83	115	109	113	94	109	6562	14600	0	1667	1636	6618	6612	2038	684
5084	5	84	115	109	114	94	109	6562	14650	0	1668	1636	6618	6613	2039	685
5085	5	85	116	109	114	94	109	6562	14700	0	1668	1636	6618	6613	2039	685
5086	5	86	116	110	114	94	109	6562	14750	0	1669	1636	6618	6613	2039	685
5087	5	87	116	110	114	95	109	6562	14800	0	1669	1636	6619	6613	2040	685
5088	5	88	117	110	115	95	109	6562	14850	0	1670	1637	6619	6613	2040	685
5089	5	89	117	110	115	95	109	6562	14900	0	1670	1637	6619	6613	2041	686
5090	5	90	117	110	115	95	109	6562	14950	0	1671	1637	6619	6613	2041	686
5091	5	91	118	110	116	95	109	6562	15000	0	1672	1637	6619	6614	2041	686
5092	5	92	118	111	116	95	109	6562	15050	0	1672	1637	6619	6614	2042	686
5093	5	93	118	111	116	95	109	6562	15100	0	1673	1637	6620	6614	2042	686
5094	5	94	119	111	116	95	109	6562	15150	0	1673	1638	6620	6614	2043	687
5095	5	95	119	111	117	96	109	6562	15200	0	1674	1638	6620	6614	2043	687
5096	5	96	119	111	117	96	110	6562	15250	0	1674	1638	6620	6614	2043	687
5097	5	97	120	111	117	96	110	6562	15300	0	1675	1638	6620	6614	2044	687
5098	5	98	120	112	117	96	110	6562	15350	0	1675	1638	6621	6614	2044	687
5099	5	99	120	112	118	96	110	6562	15400	0	1676	1639	6621	6615	2045	688
5100	5	100	121	112	118	96	110	6562	15450	0	1676	1639	6621	6615	2045	688
5101	5	101	121	112	118	96	110	6562	15500	0	1677	1639	6621	6615	2045	688
5102	5	102	122	112	119	96	110	6562	15550	0	1677	1639	6621	6615	2046	688
5103	5	103	122	112	119	96	110	6562	15600	0	1678	1639	6621	6615	2046	688
5104	5	104	122	113	119	97	110	6562	15650	0	1678	1639	6622	6615	2047	689
5105	5	105	123	113	119	97	110	6562	15700	0	1679	1640	6622	6615	2047	689
5106	5	106	123	113	120	97	110	6562	15750	0	1679	1640	6622	6616	2047	689
5107	5	107	123	113	120	97	110	6562	15800	0	1680	1640	6622	6616	2048	689
5108	5	108	124	113	120	97	110	6562	15850	0	1681	1640	6622	6616	2048	689
5109	5	109	124	114	120	97	110	6562	15900	0	1681	1640	6623	6616	2049	690
5110	5	110	124	114	121	97	111	6562	15950	0	1682	1641	6623	6616	2049	690
5111	5	111	125	114	121	97	111	6562	16000	0	1682	1641	6623	6616	2049	690
5112	5	112	125	114	121	98	111	6562	16050	0	1683	1641	6623	6616	2050	690
5113	5	113	125	114	122	98	111	6562	16100	0	1683	1641	6623	6617	2050	690
5114	5	114	126	114	122	98	111	6562	16150	0	1684	1641	6624	6617	2051	691
5115	5	115	126	115	122	98	111	6562	16200	0	1684	1641	6624	6617	2051	691
5116	5	116	126	115	122	98	111	6562	16250	0	1685	1642	6624	6617	2051	691
5117	5	117	127	115	123	98	111	6562	16300	0	1685	1642	6624	6617	2052	691
5118	5	118	127	115	123	98	111	6562	16350	0	1686	1642	6624	6617	2052	691
5119	5	119	127	115	123	98	111	6562	16400	0	1686	1642	6624	6617	2053	692
5120	5	120	127	115	123	98	111	6562	16400	0	1686	1642	6624	6617	2053	692
5121	5	121	127	115	123	98	111	6562	16400	0	1686	1642	6624	6617	2053	692
5122	5	122	127	115	123	98	111	6562	16400	0	1686	1642	6624	6617	2053	692
5123	5	123	127	115	123	98	111	6562	16400	0	1686	1642	6624	6617	2053	692
5124	5	124	127	115	123	98	111	6562	16400	0	1686	1642	6624	6617	2053	692
5125	5	125	127	115	123	98	111	6562	16400	0	1686	1642	6624	6617	2053	692
5126	5	126	127	115	123	98	111	6562	16400	0	1686	1642	6624	6617	2053	692
5127	5	127	127	115	123	98	111	6562	16400	0	1686	1642	6624	6617	2053	692
5128	5	128	127	115	123	98	111	6562	16400	0	1686	1642	6624	6617	2053	692
5129	5	129	127	115	123	98	111	6562	16400	0	1686	1642	6624	6617	2053	692
5130	5	130	127	115	123	98	111	6562	16400	0	1686	1642	6624	6617	2053	692
5131	5	131	127	115	123	98	111	6562	16400	0	1686	1642	6624	6617	2053	692
5132	5	132	127	115	123	98	111	6562	16400	0	1686	1642	6624	6617	2053	692
5133	5	133	127	115	123	98	111	6562	16400	0	1686	1642	6624	6617	2053	692
5134	5	134	127	115	123	98	111	6562	16400	0	1686	1642	6624	6617	2053	692
5135	5	135	127	115	123	98	111	6562	16400	0	1686	1642	6624	6617	2053	692
5136	5	136	127	115	123	98	111	6562	16400	0	1686	1642	6624	6617	2053	692
5137	5	137	127	115	123	98	111	6562	16400	0	1686	1642	6624	6617	2053	692
5138	5	138	127	115	123	98	111	6562	16400	0	1686	1642	6624	6617	2053	692
5139	5	139	127	115	123	98	111	6562	16400	0	1686	1642	6624	6617	2053	692
5140	5	140	127	115	123	98	111	6562	16400	0	1686	1642	6624	6617	2053	692
5141	5	141	127	115	123	98	111	6562	16400	0	1686	1642	6624	6617	2053	692
5142	5	142	127	115	123	98	111	6562	16400	0	1686	1642	6624	6617	2053	692
5143	5	143	127	115	123	98	111	6562	16400	0	1686	1642	6624	6617	2053	692
5144	5	144	127	115	123	98	111	6562	16400	0	1686	1642	6624	6617	2053	692
5145	5	145	127	115	123	98	111	6562	16400	0	1686	1642	6624	6617	2053	692
5146	5	146	127	115	123	98	111	6562	16400	0	1686	1642	6624	6617	2053	692
5147	5	147	127	115	123	98	111	6562	16400	0	1686	1642	6624	6617	2053	692
5148	5	148	127	115	123	98	111	6562	16400	0	1686	1642	6624	6617	2053	692
5149	5	149	127	115	123	98	111	6562	16400	0	1686	1642	6624	6617	2053	692
5150	5	150	127	115	123	98	111	6562	16400	0	1686	1642	6624	6617	2053	692
5151	5	151	127	115	123	98	111	6562	16400	0	1686	1642	6624	6617	2053	692
5152	5	152	127	115	123	98	111	6562	16400	0	1686	1642	6624	6617	2053	692
5153	5	153	127	115	123	98	111	6562	16400	0	1686	1642	6624	6617	2053	692
5154	5	154	127	115	123	98	111	6562	16400	0	1686	1642	6624	6617	2053	692
5155	5	155	127	115	123	98	111	6562	16400	0	1686	1642	6624	6617	2053	692
5156	5	156	127	115	123	98	111	6562	16400	0	1686	1642	6624	6617	2053	692
5157	5	157	127	115	123	98	111	6562	16400	0	1686	1642	6624	6617	2053	692
5158	5	158	127	115	123	98	111	6562	16400	0	1686	1642	6624	6617	2053	692
5159	5	159	127	115	123	98	111	6562	16400	0	1686	1642	6624	6617	2053	692
5160	5	160	127	115	123	98	111	6562	16400	0	1686	1642	6624	6617	2053	692
5161	5	161	127	115	123	98	111	6562	16400	0	1686	1642	6624	6617	2053	692
5162	5	162	127	115	123	98	111	6562	16400	0	1686	1642	6624	6617	2053	692
5163	5	163	127	115	123	98	111	6562	16400	0	1686	1642	6624	6617	2053	692
5164	5	164	127	115	123	98	111	6562	16400	0	1686	1642	6624	6617	2053	692
5165	5	165	127	115	123	98	111	6562	16400	0	1686	1642	6624	6617	2053	692
5166	5	166	127	115	123	98	111	6562	16400	0	1686	1642	6624	6617	2053	692
5167	5	167	127	115	123	98	111	6562	16400	0	1686	1642	6624	6617	2053	692
5168	5	168	127	115	123	98	111	6562	16400	0	1686	1642	6624	6617	2053	692
5169	5	169	127	115	123	98	111	6562	16400	0	1686	1642	6624	6617	2053	692
5170	5	170	127	115	123	98	111	6562	16400	0	1686	1642	6624	6617	2053	692
5171	5	171	127	115	123	98	111	6562	16400	0	1686	1642	6624	6617	2053	692
5172	5	172	127	115	123	98	111	6562	16400	0	1686	1642	6624	6617	2053	692
5173	5	173	127	115	123	98	111	6562	16400	0	1686	1642	6624	6617	2053	692
5174	5	174	127	115	123	98	111	6562	16400	0	1686	1642	6624	6617	2053	692
5175	5	175	127	115	123	98	111	6562	16400	0	1686	1642	6624	6617	2053	692
5176	5	176	127	115	123	98	111	6562	16400	0	1686	1642	6624	6617	2053	692
5177	5	177	127	115	123	98	111	6562	16400	0	1686	1642	6624	6617	2053	692
5178	5	178	127	115	123	98	111	6562	16400	0	1686	1642	6624	6617	2053	692
5179	5	179	127	115	123	98	111	6562	16400	0	1686	1642	6624	6617	2053	692
5180	5	180	127	115	123	98	111	6562	16400	0	1686	1642	6624	6617	2053	692
5181	5	181	127	115	123	98	111	6562	16400	0	1686	1642	6624	6617	2053	692
5182	5	182	127	115	123	98	111	6562	16400	0	1686	1642	6624	6617	2053	692
5183	5	183	127	115	123	98	111	6562	16400	0	1686	1642	6624	6617	2053	692
5184	5	184	127	115	123	98	111	6562	16400	0	1686	1642	6624	6617	2053	692
5185	5	185	127	115	123	98	111	6562	16400	0	1686	1642	6624	6617	2053	692
5186	5	186	127	115	123	98	111	6562	16400	0	1686	1642	6624	6617	2053	692
5187	5	187	127	115	123	98	111	6562	16400	0	1686	1642	6624	6617	2053	692
5188	5	188	127	115	123	98	111	6562	16400	0	1686	1642	6624	6617	2053	692
5189	5	189	127	115	123	98	111	6562	16400	0	1686	1642	6624	6617	2053	692
5190	5	190	127	115	123	98	111	6562	16400	0	1686	1642	6624	6617	2053	692
5191	5	191	127	115	123	98	111	6562	16400	0	1686	1642	6624	6617	2053	692
5192	5	192	127	115	123	98	111	6562	16400	0	1686	1642	6624	6617	2053	692
5193	5	193	127	115	123	98	111	6562	16400	0	1686	1642	6624	6617	2053	692
5194	5	194	127	115	123	98	111	6562	16400	0	1686	1642	6624	6617	2053	692
5195	5	195	127	115	123	98	111	6562	16400	0	1686	1642	6624	6617	2053	692
5196	5	196	127	115	123	98	111	6562	16400	0	1686	1642	6624	6617	2053	692
5197	5	197	127	115	123	98	111	6562	16400	0	1686	1642	6624	6617	2053	692
5198	5	198	127	115	123	98	111	6562	16400	0	1686	1642	6624	6617	2053	692
5199	5	199	127	115	123	98	111	6562	16400	0	1686	1642	6624	6617	2053	692
5200	5	200	127	115	123	98	111	6562	16400	0	1686	1642	6624	6617	2053	692
5201	5	201	127	115	123	98	111	6562	16400	0	1686	1642	6624	6617	2053	692
5202	5	202	127	115	123	98	111	6562	16400	0	1686	1642	6624	6617	2053	692
5203	5	203	127	115	123	98	111	6562	16400	0	1686	1642	6624	6617	2053	692
5204	5	204	127	115	123	98	111	6562	16400	0	1686	1642	6624	6617	2053	692
5205	5	205	127	115	123	98	111	6562	16400	0	1686	1642	6624	6617	2053	692
5206	5	206	127	115	123	98	111	6562	16400	0	1686	1642	6624	6617	2053	692
5207	5	207	127	115	123	98	111	6562	16400	0	1686	1642	6624	6617	2053	692
5208	5	208	127	115	123	98	111	6562	16400	0	1686	1642	6624	6617	2053	692
5209	5	209	127	115	123	98	111	6562	16400	0	1686	1642	6624	6617	2053	692
5210	5	210	127	115	123	98	111	6562	16400	0	1686	1642	6624	6617	2053	692
5211	5	211	127	115	123	98	111	6562	16400	0	1686	1642	6624	6617	2053	692
5212	5	212	127	115	123	98	111	6562	16400	0	1686	1642	6624	6617	2053	692
5213	5	213	127	115	123	98	111	6562	16400	0	1686	1642	6624	6617	2053	692
5214	5	214	127	115	123	98	111	6562	16400	0	1686	1642	6624	6617	2053	692
5215	5	215	127	115	123	98	111	6562	16400	0	1686	1642	6624	6617	2053	692
5216	5	216	127	115	123	98	111	6562	16400	0	1686	1642	6624	6617	2053	692
5217	5	217	127	115	123	98	111	6562	16400	0	1686	1642	6624	6617	2053	692
5218	5	218	127	115	123	98	111	6562	16400	0	1686	1642	6624	6617	2053	692
5219	5	219	127	115	123	98	111	6562	16400	0	1686	1642	6624	6617	2053	692
5220	5	220	127	115	123	98	111	6562	16400	0	1686	1642	6624	6617	2053	692
5221	5	221	127	115	123	98	111	6562	16400	0	1686	1642	6624	6617	2053	692
5222	5	222	127	115	123	98	111	6562	16400	0	1686	1642	6624	6617	2053	692
5223	5	223	127	115	123	98	111	6562	16400	0	1686	1642	6624	6617	2053	692
5224	5	224	127	115	123	98	111	6562	16400	0	1686	1642	6624	6617	2053	692
5225	5	225	127	115	123	98	111	6562	16400	0	1686	1642	6624	6617	2053	692
5226	5	226	127	115	123	98	111	6562	16400	0	1686	1642	6624	6617	2053	692
5227	5	227	127	115	123	98	111	6562	16400	0	1686	1642	6624	6617	2053	692
5228	5	228	127	115	123	98	111	6562	16400	0	1686	1642	6624	6617	2053	692
5229	5	229	127	115	123	98	111	6562	16400	0	1686	1642	6624	6617	2053	692
5230	5	230	127	115	123	98	111	6562	16400	0	1686	1642	6624	6617	2053	692
5231	5	231	127	115	123	98	111	6562	16400	0	1686	1642	6624	6617	2053	692
5232	5	232	127	115	123	98	111	6562	16400	0	1686	1642	6624	6617	2053	692
5233	5	233	127	115	123	98	111	6562	16400	0	1686	1642	6624	6617	2053	692
5234	5	234	127	115	123	98	111	6562	16400	0	1686	1642	6624	6617	2053	692
5235	5	235	127	115	123	98	111	6562	16400	0	1686	1642	6624	6617	2053	692
5236	5	236	127	115	123	98	111	6562	16400	0	1686	1642	6624	6617	2053	692
5237	5	237	127	115	123	98	111	6562	16400	0	1686	1642	6624	6617	2053	692
5238	5	238	127	115	123	98	111	6562	16400	0	1686	1642	6624	6617	2053	692
5239	5	239	127	115	123	98	111	6562	16400	0	1686	1642	6624	6617	2053	692
5240	5	240	127	115	123	98	111	6562	16400	0	1686	1642	6624	6617	2053	692
5241	5	241	127	115	123	98	111	6562	16400	0	1686	1642	6624	6617	2053	692
5242	5	242	127	115	123	98	111	6562	16400	0	1686	1642	6624	6617	2053	692
5243	5	243	127	115	123	98	111	6562	16400	0	1686	1642	6624	6617	2053	692
5244	5	244	127	115	123	98	111	6562	16400	0	1686	1642	6624	6617	2053	692
5245	5	245	127	115	123	98	111	6562	16400	0	1686	1642	6624	6617	2053	692
5246	5	246	127	115	123	98	111	6562	16400	0	1686	1642	6624	6617	2053	692
5247	5	247	127	115	123	98	111	6562	16400	0	1686	1642	6624	6617	2053	692
5248	5	248	127	115	123	98	111	6562	16400	0	1686	1642	6624	6617	2053	692
5249	5	249	127	115	123	98	111	6562	16400	0	1686	1642	6624	6617	2053	692
5250	5	250	127	115	123	98	111	6562	16400	0	1686	1642	6624	6617	2053	692
5251	5	251	127	115	123	98	111	6562	16400	0	1686	1642	6624	6617	2053	692
5252	5	252	127	115	123	98	111	6562	16400	0	1686	1642	6624	6617	2053	692
5253	5	253	127	115	123	98	111	6562	16400	0	1686	1642	6624	6617	2053	692
5254	5	254	127	115	123	98	111	6562	16400	0	1686	1642	6624	6617	2053	692
5255	5	255	127	115	123	98	111	6562	16400	0	1686	1642	6624	6617	2053	692
5256	5	256	127	115	123	98	111	6562	16400	0	1686	1642	6624	6617	2053	692
5257	5	257	127	115	123	98	111	6562	16400	0	1686	1642	6624	6617	2053	692
5258	5	258	127	115	123	98	111	6562	16400	0	1686	1642	6624	6617	2053	692
5259	5	259	127	115	123	98	111	6562	16400	0	1686	1642	6624	6617	2053	692
5260	5	260	127	115	123	98	111	6562	16400	0	1686	1642	6624	6617	2053	692
5261	5	261	127	115	123	98	111	6562	16400	0	1686	1642	6624	6617	2053	692
5262	5	262	127	115	123	98	111	6562	16400	0	1686	1642	6624	6617	2053	692
5263	5	263	127	115	123	98	111	6562	16400	0	1686	1642	6624	6617	2053	692
5264	5	264	127	115	123	98	111	6562	16400	0	1686	1642	6624	6617	2053	692
5265	5	265	127	115	123	98	111	6562	16400	0	1686	1642	6624	6617	2053	692
5266	5	266	127	115	123	98	111	6562	16400	0	1686	1642	6624	6617	2053	692
5267	5	267	127	115	123	98	111	6562	16400	0	1686	1642	6624	6617	2053	692
5268	5	268	127	115	123	98	111	6562	16400	0	1686	1642	6624	6617	2053	692
5269	5	269	127	115	123	98	111	6562	16400	0	1686	1642	6624	6617	2053	692
5270	5	270	127	115	123	98	111	6562	16400	0	1686	1642	6624	6617	2053	692
5271	5	271	127	115	123	98	111	6562	16400	0	1686	1642	6624	6617	2053	692
5272	5	272	127	115	123	98	111	6562	16400	0	1686	1642	6624	6617	2053	692
5273	5	273	127	115	123	98	111	6562	16400	0	1686	1642	6624	6617	2053	692
5274	5	274	127	115	123	98	111	6562	16400	0	1686	1642	6624	6617	2053	692
5275	5	275	127	115	123	98	111	6562	16400	0	1686	1642	6624	6617	2053	692
5276	5	276	127	115	123	98	111	6562	16400	0	1686	1642	6624	6617	2053	692
5277	5	277	127	115	123	98	111	6562	16400	0	1686	1642	6624	6617	2053	692
5278	5	278	127	115	123	98	111	6562	16400	0	1686	1642	6624	6617	2053	692
5279	5	279	127	115	123	98	111	6562	16400	0	1686	1642	6624	6617	2053	692
5280	5	280	127	115	123	98	111	6562	16400	0	1686	1642	6624	6617	2053	692
5281	5	281	127	115	123	98	111	6562	16400	0	1686	1642	6624	6617	2053	692
5282	5	282	127	115	123	98	111	6562	16400	0	1686	1642	6624	6617	2053	692
5283	5	283	127	115	123	98	111	6562	16400	0	1686	1642	6624	6617	2053	692
5284	5	284	127	115	123	98	111	6562	16400	0	1686	1642	6624	6617	2053	692
5285	5	285	127	115	123	98	111	6562	16400	0	1686	1642	6624	6617	2053	692
5286	5	286	127	115	123	98	111	6562	16400	0	1686	1642	6624	6617	2053	692
5287	5	287	127	115	123	98	111	6562	16400	0	1686	1642	6624	6617	2053	692
5288	5	288	127	115	123	98	111	6562	16400	0	1686	1642	6624	6617	2053	692
5289	5	289	127	115	123	98	111	6562	16400	0	1686	1642	6624	6617	2053	692
5290	5	290	127	115	123	98	111	6562	16400	0	1686	1642	6624	6617	2053	692
5291	5	291	127	115	123	98	111	6562	16400	0	1686	1642	6624	6617	2053	692
5292	5	292	127	115	123	98	111	6562	16400	0	1686	1642	6624	6617	2053	692
5293	5	293	127	115	123	98	111	6562	16400	0	1686	1642	6624	6617	2053	692
5294	5	294	127	115	123	98	111	6562	16400	0	1686	1642	6624	6617	2053	692
5295	5	295	127	115	123	98	111	6562	16400	0	1686	1642	6624	6617	2053	692
5296	5	296	127	115	123	98	111	6562	16400	0	1686	1642	6624	6617	2053	692
5297	5	297	127	115	123	98	111	6562	16400	0	1686	1642	6624	6617	2053	692
5298	5	298	127	115	123	98	111	6562	16400	0	1686	1642	6624	6617	2053	692
5299	5	299	127	115	123	98	111	6562	16400	0	1686	1642	6624	6617	2053	692
5300	5	300	127	115	123	98	111	6562	16400	0	1686	1642	6624	6617	2053	692
5301	5	301	127	115	123	98	111	6562	16400	0	1686	1642	6624	6617	2053	692
5302	5	302	127	115	123	98	111	6562	16400	0	1686	1642	6624	6617	2053	692
5303	5	303	127	115	123	98	111	6562	16400	0	1686	1642	6624	6617	2053	692
5304	5	304	127	115	123	98	111	6562	16400	0	1686	1642	6624	6617	2053	692
5305	5	305	127	115	123	98	111	6562	16400	0	1686	1642	6624	6617	2053	692
5306	5	306	127	115	123	98	111	6562	16400	0	1686	1642	6624	6617	2053	692
5307	5	307	127	115	123	98	111	6562	16400	0	1686	1642	6624	6617	2053	692
5308	5	308	127	115	123	98	111	6562	16400	0	1686	1642	6624	6617	2053	692
5309	5	309	127	115	123	98	111	6562	16400	0	1686	1642	6624	6617	2053	692
5310	5	310	127	115	123	98	111	6562	16400	0	1686	1642	6624	6617	2053	692
5311	5	311	127	115	123	98	111	6562	16400	0	1686	1642	6624	6617	2053	692
5312	5	312	127	115	123	98	111	6562	16400	0	1686	1642	6624	6617	2053	692
5313	5	313	127	115	123	98	111	6562	16400	0	1686	1642	6624	6617	2053	692
5314	5	314	127	115	123	98	111	6562	16400	0	1686	1642	6624	6617	2053	692
5315	5	315	127	115	123	98	111	6562	16400	0	1686	1642	6624	6617	2053	692
5316	5	316	127	115	123	98	111	6562	16400	0	1686	1642	6624	6617	2053	692
5317	5	317	127	115	123	98	111	6562	16400	0	1686	1642	6624	6617	2053	692
5318	5	318	127	115	123	98	111	6562	16400	0	1686	1642	6624	6617	2053	692
5319	5	319	127	115	123	98	111	6562	16400	0	1686	1642	6624	6617	2053	692
5320	5	320	127	115	123	98	111	6562	16400	0	1686	1642	6624	6617	2053	692
5321	5	321	127	115	123	98	111	6562	16400	0	1686	1642	6624	6617	2053	692
5322	5	322	127	115	123	98	111	6562	16400	0	1686	1642	6624	6617	2053	692
5323	5	323	127	115	123	98	111	6562	16400	0	1686	1642	6624	6617	2053	692
5324	5	324	127	115	123	98	111	6562	16400	0	1686	1642	6624	6617	2053	692
5325	5	325	127	115	123	98	111	6562	16400	0	1686	1642	6624	6617	2053	692
5326	5	326	127	115	123	98	111	6562	16400	0	1686	1642	6624	6617	2053	692
5327	5	327	127	115	123	98	111	6562	16400	0	1686	1642	6624	6617	2053	692
5328	5	328	127	115	123	98	111	6562	16400	0	1686	1642	6624	6617	2053	692
5329	5	329	127	115	123	98	111	6562	16400	0	1686	1642	6624	6617	2053	692
5330	5	330	127	115	123	98	111	6562	16400	0	1686	1642	6624	6617	2053	692
5331	5	331	127	115	123	98	111	6562	16400	0	1686	1642	6624	6617	2053	692
5332	5	332	127	115	123	98	111	6562	16400	0	1686	1642	6624	6617	2053	692
5333	5	333	127	115	123	98	111	6562	16400	0	1686	1642	6624	6617	2053	692
5334	5	334	127	115	123	98	111	6562	16400	0	1686	1642	6624	6617	2053	692
5335	5	335	127	115	123	98	111	6562	16400	0	1686	1642	6624	6617	2053	692
5336	5	336	127	115	123	98	111	6562	16400	0	1686	1642	6624	6617	2053	692
5337	5	337	127	115	123	98	111	6562	16400	0	1686	1642	6624	6617	2053	692
5338	5	338	127	115	123	98	111	6562	16400	0	1686	1642	6624	6617	2053	692
5339	5	339	127	115	123	98	111	6562	16400	0	1686	1642	6624	6617	2053	692
5340	5	340	127	115	123	98	111	6562	16400	0	1686	1642	6624	6617	2053	692
5341	5	341	127	115	123	98	111	6562	16400	0	1686	1642	6624	6617	2053	692
5342	5	342	127	115	123	98	111	6562	16400	0	1686	1642	6624	6617	2053	692
5343	5	343	127	115	123	98	111	6562	16400	0	1686	1642	6624	6617	2053	692
5344	5	344	127	115	123	98	111	6562	16400	0	1686	1642	6624	6617	2053	692
5345	5	345	127	115	123	98	111	6562	16400	0	1686	1642	6624	6617	2053	692
5346	5	346	127	115	123	98	111	6562	16400	0	1686	1642	6624	6617	2053	692
5347	5	347	127	115	123	98	111	6562	16400	0	1686	1642	6624	6617	2053	692
5348	5	348	127	115	123	98	111	6562	16400	0	1686	1642	6624	6617	2053	692
5349	5	349	127	115	123	98	111	6562	16400	0	1686	1642	6624	6617	2053	692
5350	5	350	127	115	123	98	111	6562	16400	0	1686	1642	6624	6617	2053	692
5351	5	351	127	115	123	98	111	6562	16400	0	1686	1642	6624	6617	2053	692
5352	5	352	127	115	123	98	111	6562	16400	0	1686	1642	6624	6617	2053	692
5353	5	353	127	115	123	98	111	6562	16400	0	1686	1642	6624	6617	2053	692
5354	5	354	127	115	123	98	111	6562	16400	0	1686	1642	6624	6617	2053	692
5355	5	355	127	115	123	98	111	6562	16400	0	1686	1642	6624	6617	2053	692
5356	5	356	127	115	123	98	111	6562	16400	0	1686	1642	6624	6617	2053	692
5357	5	357	127	115	123	98	111	6562	16400	0	1686	1642	6624	6617	2053	692
5358	5	358	127	115	123	98	111	6562	16400	0	1686	1642	6624	6617	2053	692
5359	5	359	127	115	123	98	111	6562	16400	0	1686	1642	6624	6617	2053	692
5360	5	360	127	115	123	98	111	6562	16400	0	1686	1642	6624	6617	2053	692
5361	5	361	127	115	123	98	111	6562	16400	0	1686	1642	6624	6617	2053	692
5362	5	362	127	115	123	98	111	6562	16400	0	1686	1642	6624	6617	2053	692
5363	5	363	127	115	123	98	111	6562	16400	0	1686	1642	6624	6617	2053	692
5364	5	364	127	115	123	98	111	6562	16400	0	1686	1642	6624	6617	2053	692
5365	5	365	127	115	123	98	111	6562	16400	0	1686	1642	6624	6617	2053	692
5366	5	366	127	115	123	98	111	6562	16400	0	1686	1642	6624	6617	2053	692
5367	5	367	127	115	123	98	111	6562	16400	0	1686	1642	6624	6617	2053	692
5368	5	368	127	115	123	98	111	6562	16400	0	1686	1642	6624	6617	2053	692
5369	5	369	127	115	123	98	111	6562	16400	0	1686	1642	6624	6617	2053	692
5370	5	370	127	115	123	98	111	6562	16400	0	1686	1642	6624	6617	2053	692
5371	5	371	127	115	123	98	111	6562	16400	0	1686	1642	6624	6617	2053	692
5372	5	372	127	115	123	98	111	6562	16400	0	1686	1642	6624	6617	2053	692
5373	5	373	127	115	123	98	111	6562	16400	0	1686	1642	6624	6617	2053	692
5374	5	374	127	115	123	98	111	6562	16400	0	1686	1642	6624	6617	2053	692
5375	5	375	127	115	123	98	111	6562	16400	0	1686	1642	6624	6617	2053	692
5376	5	376	127	115	123	98	111	6562	16400	0	1686	1642	6624	6617	2053	692
5377	5	377	127	115	123	98	111	6562	16400	0	1686	1642	6624	6617	2053	692
5378	5	378	127	115	123	98	111	6562	16400	0	1686	1642	6624	6617	2053	692
5379	5	379	127	115	123	98	111	6562	16400	0	1686	1642	6624	6617	2053	692
5380	5	380	127	115	123	98	111	6562	16400	0	1686	1642	6624	6617	2053	692
5381	5	381	127	115	123	98	111	6562	16400	0	1686	1642	6624	6617	2053	692
5382	5	382	127	115	123	98	111	6562	16400	0	1686	1642	6624	6617	2053	692
5383	5	383	127	115	123	98	111	6562	16400	0	1686	1642	6624	6617	2053	692
5384	5	384	127	115	123	98	111	6562	16400	0	1686	1642	6624	6617	2053	692
5385	5	385	127	115	123	98	111	6562	16400	0	1686	1642	6624	6617	2053	692
5386	5	386	127	115	123	98	111	6562	16400	0	1686	1642	6624	6617	2053	692
5387	5	387	127	115	123	98	111	6562	16400	0	1686	1642	6624	6617	2053	692
5388	5	388	127	115	123	98	111	6562	16400	0	1686	1642	6624	6617	2053	692
5389	5	389	127	115	123	98	111	6562	16400	0	1686	1642	6624	6617	2053	692
5390	5	390	127	115	123	98	111	6562	16400	0	1686	1642	6624	6617	2053	692
5391	5	391	127	115	123	98	111	6562	16400	0	1686	1642	6624	6617	2053	692
5392	5	392	127	115	123	98	111	6562	16400	0	1686	1642	6624	6617	2053	692
5393	5	393	127	115	123	98	111	6562	16400	0	1686	1642	6624	6617	2053	692
5394	5	394	127	115	123	98	111	6562	16400	0	1686	1642	6624	6617	2053	692
5395	5	395	127	115	123	98	111	6562	16400	0	1686	1642	6624	6617	2053	692
5396	5	396	127	115	123	98	111	6562	16400	0	1686	1642	6624	6617	2053	692
5397	5	397	127	115	123	98	111	6562	16400	0	1686	1642	6624	6617	2053	692
5398	5	398	127	115	123	98	111	6562	16400	0	1686	1642	6624	6617	2053	692
5399	5	399	127	115	123	98	111	6562	16400	0	1686	1642	6624	6617	2053	692
5400	5	400	127	115	123	98	111	6562	16400	0	1686	1642	6624	6617	2053	692
5401	5	401	127	115	123	98	111	6562	16400	0	1686	1642	6624	6617	2053	692
5402	5	402	127	115	123	98	111	6562	16400	0	1686	1642	6624	6617	2053	692
5403	5	403	127	115	123	98	111	6562	16400	0	1686	1642	6624	6617	2053	692
5404	5	404	127	115	123	98	111	6562	16400	0	1686	1642	6624	6617	2053	692
5405	5	405	127	115	123	98	111	6562	16400	0	1686	1642	6624	6617	2053	692
5406	5	406	127	115	123	98	111	6562	16400	0	1686	1642	6624	6617	2053	692
5407	5	407	127	115	123	98	111	6562	16400	0	1686	1642	6624	6617	2053	692
5408	5	408	127	115	123	98	111	6562	16400	0	1686	1642	6624	6617	2053	692
5409	5	409	127	115	123	98	111	6562	16400	0	1686	1642	6624	6617	2053	692
5410	5	410	127	115	123	98	111	6562	16400	0	1686	1642	6624	6617	2053	692
5411	5	411	127	115	123	98	111	6562	16400	0	1686	1642	6624	6617	2053	692
5412	5	412	127	115	123	98	111	6562	16400	0	1686	1642	6624	6617	2053	692
5413	5	413	127	115	123	98	111	6562	16400	0	1686	1642	6624	6617	2053	692
5414	5	414	127	115	123	98	111	6562	16400	0	1686	1642	6624	6617	2053	692
5415	5	415	127	115	123	98	111	6562	16400	0	1686	1642	6624	6617	2053	692
5416	5	416	127	115	123	98	111	6562	16400	0	1686	1642	6624	6617	2053	692
5417	5	417	127	115	123	98	111	6562	16400	0	1686	1642	6624	6617	2053	692
5418	5	418	127	115	123	98	111	6562	16400	0	1686	1642	6624	6617	2053	692
5419	5	419	127	115	123	98	111	6562	16400	0	1686	1642	6624	6617	2053	692
5420	5	420	127	115	123	98	111	6562	16400	0	1686	1642	6624	6617	2053	692
5421	5	421	127	115	123	98	111	6562	16400	0	1686	1642	6624	6617	2053	692
5422	5	422	127	115	123	98	111	6562	16400	0	1686	1642	6624	6617	2053	692
5423	5	423	127	115	123	98	111	6562	16400	0	1686	1642	6624	6617	2053	692
5424	5	424	127	115	123	98	111	6562	16400	0	1686	1642	6624	6617	2053	692
5425	5	425	127	115	123	98	111	6562	16400	0	1686	1642	6624	6617	2053	692
5426	5	426	127	115	123	98	111	6562	16400	0	1686	1642	6624	6617	2053	692
5427	5	427	127	115	123	98	111	6562	16400	0	1686	1642	6624	6617	2053	692
5428	5	428	127	115	123	98	111	6562	16400	0	1686	1642	6624	6617	2053	692
5429	5	429	127	115	123	98	111	6562	16400	0	1686	1642	6624	6617	2053	692
5430	5	430	127	115	123	98	111	6562	16400	0	1686	1642	6624	6617	2053	692
5431	5	431	127	115	123	98	111	6562	16400	0	1686	1642	6624	6617	2053	692
5432	5	432	127	115	123	98	111	6562	16400	0	1686	1642	6624	6617	2053	692
5433	5	433	127	115	123	98	111	6562	16400	0	1686	1642	6624	6617	2053	692
5434	5	434	127	115	123	98	111	6562	16400	0	1686	1642	6624	6617	2053	692
5435	5	435	127	115	123	98	111	6562	16400	0	1686	1642	6624	6617	2053	692
5436	5	436	127	115	123	98	111	6562	16400	0	1686	1642	6624	6617	2053	692
5437	5	437	127	115	123	98	111	6562	16400	0	1686	1642	6624	6617	2053	692
5438	5	438	127	115	123	98	111	6562	16400	0	1686	1642	6624	6617	2053	692
5439	5	439	127	115	123	98	111	6562	16400	0	1686	1642	6624	6617	2053	692
5440	5	440	127	115	123	98	111	6562	16400	0	1686	1642	6624	6617	2053	692
5441	5	441	127	115	123	98	111	6562	16400	0	1686	1642	6624	6617	2053	692
5442	5	442	127	115	123	98	111	6562	16400	0	1686	1642	6624	6617	2053	692
5443	5	443	127	115	123	98	111	6562	16400	0	1686	1642	6624	6617	2053	692
5444	5	444	127	115	123	98	111	6562	16400	0	1686	1642	6624	6617	2053	692
5445	5	445	127	115	123	98	111	6562	16400	0	1686	1642	6624	6617	2053	692
5446	5	446	127	115	123	98	111	6562	16400	0	1686	1642	6624	6617	2053	692
5447	5	447	127	115	123	98	111	6562	16400	0	1686	1642	6624	6617	2053	692
5448	5	448	127	115	123	98	111	6562	16400	0	1686	1642	6624	6617	2053	692
5449	5	449	127	115	123	98	111	6562	16400	0	1686	1642	6624	6617	2053	692
5450	5	450	127	115	123	98	111	6562	16400	0	1686	1642	6624	6617	2053	692
5451	5	451	127	115	123	98	111	6562	16400	0	1686	1642	6624	6617	2053	692
5452	5	452	127	115	123	98	111	6562	16400	0	1686	1642	6624	6617	2053	692
5453	5	453	127	115	123	98	111	6562	16400	0	1686	1642	6624	6617	2053	692
5454	5	454	127	115	123	98	111	6562	16400	0	1686	1642	6624	6617	2053	692
5455	5	455	127	115	123	98	111	6562	16400	0	1686	1642	6624	6617	2053	692
5456	5	456	127	115	123	98	111	6562	16400	0	1686	1642	6624	6617	2053	692
5457	5	457	127	115	123	98	111	6562	16400	0	1686	1642	6624	6617	2053	692
5458	5	458	127	115	123	98	111	6562	16400	0	1686	1642	6624	6617	2053	692
5459	5	459	127	115	123	98	111	6562	16400	0	1686	1642	6624	6617	2053	692
5460	5	460	127	115	123	98	111	6562	16400	0	1686	1642	6624	6617	2053	692
5461	5	461	127	115	123	98	111	6562	16400	0	1686	1642	6624	6617	2053	692
5462	5	462	127	115	123	98	111	6562	16400	0	1686	1642	6624	6617	2053	692
5463	5	463	127	115	123	98	111	6562	16400	0	1686	1642	6624	6617	2053	692
5464	5	464	127	115	123	98	111	6562	16400	0	1686	1642	6624	6617	2053	692
5465	5	465	127	115	123	98	111	6562	16400	0	1686	1642	6624	6617	2053	692
5466	5	466	127	115	123	98	111	6562	16400	0	1686	1642	6624	6617	2053	692
5467	5	467	127	115	123	98	111	6562	16400	0	1686	1642	6624	6617	2053	692
5468	5	468	127	115	123	98	111	6562	16400	0	1686	1642	6624	6617	2053	692
5469	5	469	127	115	123	98	111	6562	16400	0	1686	1642	6624	6617	2053	692
5470	5	470	127	115	123	98	111	6562	16400	0	1686	1642	6624	6617	2053	692
5471	5	471	127	115	123	98	111	6562	16400	0	1686	1642	6624	6617	2053	692
5472	5	472	127	115	123	98	111	6562	16400	0	1686	1642	6624	6617	2053	692
5473	5	473	127	115	123	98	111	6562	16400	0	1686	1642	6624	6617	2053	692
5474	5	474	127	115	123	98	111	6562	16400	0	1686	1642	6624	6617	2053	692
5475	5	475	127	115	123	98	111	6562	16400	0	1686	1642	6624	6617	2053	692
5476	5	476	127	115	123	98	111	6562	16400	0	1686	1642	6624	6617	2053	692
5477	5	477	127	115	123	98	111	6562	16400	0	1686	1642	6624	6617	2053	692
5478	5	478	127	115	123	98	111	6562	16400	0	1686	1642	6624	6617	2053	692
5479	5	479	127	115	123	98	111	6562	16400	0	1686	1642	6624	6617	2053	692
5480	5	480	127	115	123	98	111	6562	16400	0	1686	1642	6624	6617	2053	692
5481	5	481	127	115	123	98	111	6562	16400	0	1686	1642	6624	6617	2053	692
5482	5	482	127	115	123	98	111	6562	16400	0	1686	1642	6624	6617	2053	692
5483	5	483	127	115	123	98	111	6562	16400	0	1686	1642	6624	6617	2053	692
5484	5	484	127	115	123	98	111	6562	16400	0	1686	1642	6624	6617	2053	692
5485	5	485	127	115	123	98	111	6562	16400	0	1686	1642	6624	6617	2053	692
5486	5	486	127	115	123	98	111	6562	16400	0	1686	1642	6624	6617	2053	692
5487	5	487	127	115	123	98	111	6562	16400	0	1686	1642	6624	6617	2053	692
5488	5	488	127	115	123	98	111	6562	16400	0	1686	1642	6624	6617	2053	692
5489	5	489	127	115	123	98	111	6562	16400	0	1686	1642	6624	6617	2053	692
5490	5	490	127	115	123	98	111	6562	16400	0	1686	1642	6624	6617	2053	692
5491	5	491	127	115	123	98	111	6562	16400	0	1686	1642	6624	6617	2053	692
5492	5	492	127	115	123	98	111	6562	16400	0	1686	1642	6624	6617	2053	692
5493	5	493	127	115	123	98	111	6562	16400	0	1686	1642	6624	6617	2053	692
5494	5	494	127	115	123	98	111	6562	16400	0	1686	1642	6624	6617	2053	692
5495	5	495	127	115	123	98	111	6562	16400	0	1686	1642	6624	6617	2053	692
5496	5	496	127	115	123	98	111	6562	16400	0	1686	1642	6624	6617	2053	692
5497	5	497	127	115	123	98	111	6562	16400	0	1686	1642	6624	6617	2053	692
5498	5	498	127	115	123	98	111	6562	16400	0	1686	1642	6624	6617	2053	692
5499	5	499	127	115	123	98	111	6562	16400	0	1686	1642	6624	6617	2053	692
5500	5	500	127	115	123	98	111	6562	16400	0	1686	1642	6624	6617	2053	692
5501	5	501	127	115	123	98	111	6562	16400	0	1686	1642	6624	6617	2053	692
5502	5	502	127	115	123	98	111	6562	16400	0	1686	1642	6624	6617	2053	692
5503	5	503	127	115	123	98	111	6562	16400	0	1686	1642	6624	6617	2053	692
5504	5	504	127	115	123	98	111	6562	16400	0	1686	1642	6624	6617	2053	692
5505	5	505	127	115	123	98	111	6562	16400	0	1686	1642	6624	6617	2053	692
5506	5	506	127	115	123	98	111	6562	16400	0	1686	1642	6624	6617	2053	692
5507	5	507	127	115	123	98	111	6562	16400	0	1686	1642	6624	6617	2053	692
5508	5	508	127	115	123	98	111	6562	16400	0	1686	1642	6624	6617	2053	692
5509	5	509	127	115	123	98	111	6562	16400	0	1686	1642	6624	6617	2053	692
5510	5	510	127	115	123	98	111	6562	16400	0	1686	1642	6624	6617	2053	692
5511	5	511	127	115	123	98	111	6562	16400	0	1686	1642	6624	6617	2053	692
5512	5	512	127	115	123	98	111	6562	16400	0	1686	1642	6624	6617	2053	692
5513	5	513	127	115	123	98	111	6562	16400	0	1686	1642	6624	6617	2053	692
5514	5	514	127	115	123	98	111	6562	16400	0	1686	1642	6624	6617	2053	692
5515	5	515	127	115	123	98	111	6562	16400	0	1686	1642	6624	6617	2053	692
5516	5	516	127	115	123	98	111	6562	16400	0	1686	1642	6624	6617	2053	692
5517	5	517	127	115	123	98	111	6562	16400	0	1686	1642	6624	6617	2053	692
5518	5	518	127	115	123	98	111	6562	16400	0	1686	1642	6624	6617	2053	692
5519	5	519	127	115	123	98	111	6562	16400	0	1686	1642	6624	6617	2053	692
5520	5	520	127	115	123	98	111	6562	16400	0	1686	1642	6624	6617	2053	692
5521	5	521	127	115	123	98	111	6562	16400	0	1686	1642	6624	6617	2053	692
5522	5	522	127	115	123	98	111	6562	16400	0	1686	1642	6624	6617	2053	692
5523	5	523	127	115	123	98	111	6562	16400	0	1686	1642	6624	6617	2053	692
5524	5	524	127	115	123	98	111	6562	16400	0	1686	1642	6624	6617	2053	692
5525	5	525	127	115	123	98	111	6562	16400	0	1686	1642	6624	6617	2053	692
5526	5	526	127	115	123	98	111	6562	16400	0	1686	1642	6624	6617	2053	692
5527	5	527	127	115	123	98	111	6562	16400	0	1686	1642	6624	6617	2053	692
5528	5	528	127	115	123	98	111	6562	16400	0	1686	1642	6624	6617	2053	692
5529	5	529	127	115	123	98	111	6562	16400	0	1686	1642	6624	6617	2053	692
5530	5	530	127	115	123	98	111	6562	16400	0	1686	1642	6624	6617	2053	692
5531	5	531	127	115	123	98	111	6562	16400	0	1686	1642	6624	6617	2053	692
5532	5	532	127	115	123	98	111	6562	16400	0	1686	1642	6624	6617	2053	692
5533	5	533	127	115	123	98	111	6562	16400	0	1686	1642	6624	6617	2053	692
5534	5	534	127	115	123	98	111	6562	16400	0	1686	1642	6624	6617	2053	692
5535	5	535	127	115	123	98	111	6562	16400	0	1686	1642	6624	6617	2053	692
5536	5	536	127	115	123	98	111	6562	16400	0	1686	1642	6624	6617	2053	692
5537	5	537	127	115	123	98	111	6562	16400	0	1686	1642	6624	6617	2053	692
5538	5	538	127	115	123	98	111	6562	16400	0	1686	1642	6624	6617	2053	692
5539	5	539	127	115	123	98	111	6562	16400	0	1686	1642	6624	6617	2053	692
5540	5	540	127	115	123	98	111	6562	16400	0	1686	1642	6624	6617	2053	692
5541	5	541	127	115	123	98	111	6562	16400	0	1686	1642	6624	6617	2053	692
5542	5	542	127	115	123	98	111	6562	16400	0	1686	1642	6624	6617	2053	692
5543	5	543	127	115	123	98	111	6562	16400	0	1686	1642	6624	6617	2053	692
5544	5	544	127	115	123	98	111	6562	16400	0	1686	1642	6624	6617	2053	692
5545	5	545	127	115	123	98	111	6562	16400	0	1686	1642	6624	6617	2053	692
5546	5	546	127	115	123	98	111	6562	16400	0	1686	1642	6624	6617	2053	692
5547	5	547	127	115	123	98	111	6562	16400	0	1686	1642	6624	6617	2053	692
5548	5	548	127	115	123	98	111	6562	16400	0	1686	1642	6624	6617	2053	692
5549	5	549	127	115	123	98	111	6562	16400	0	1686	1642	6624	6617	2053	692
5550	5	550	127	115	123	98	111	6562	16400	0	1686	1642	6624	6617	2053	692
5551	5	551	127	115	123	98	111	6562	16400	0	1686	1642	6624	6617	2053	692
5552	5	552	127	115	123	98	111	6562	16400	0	1686	1642	6624	6617	2053	692
5553	5	553	127	115	123	98	111	6562	16400	0	1686	1642	6624	6617	2053	692
5554	5	554	127	115	123	98	111	6562	16400	0	1686	1642	6624	6617	2053	692
5555	5	555	127	115	123	98	111	6562	16400	0	1686	1642	6624	6617	2053	692
5556	5	556	127	115	123	98	111	6562	16400	0	1686	1642	6624	6617	2053	692
5557	5	557	127	115	123	98	111	6562	16400	0	1686	1642	6624	6617	2053	692
5558	5	558	127	115	123	98	111	6562	16400	0	1686	1642	6624	6617	2053	692
5559	5	559	127	115	123	98	111	6562	16400	0	1686	1642	6624	6617	2053	692
5560	5	560	127	115	123	98	111	6562	16400	0	1686	1642	6624	6617	2053	692
5561	5	561	127	115	123	98	111	6562	16400	0	1686	1642	6624	6617	2053	692
5562	5	562	127	115	123	98	111	6562	16400	0	1686	1642	6624	6617	2053	692
5563	5	563	127	115	123	98	111	6562	16400	0	1686	1642	6624	6617	2053	692
5564	5	564	127	115	123	98	111	6562	16400	0	1686	1642	6624	6617	2053	692
5565	5	565	127	115	123	98	111	6562	16400	0	1686	1642	6624	6617	2053	692
5566	5	566	127	115	123	98	111	6562	16400	0	1686	1642	6624	6617	2053	692
5567	5	567	127	115	123	98	111	6562	16400	0	1686	1642	6624	6617	2053	692
5568	5	568	127	115	123	98	111	6562	16400	0	1686	1642	6624	6617	2053	692
5569	5	569	127	115	123	98	111	6562	16400	0	1686	1642	6624	6617	2053	692
5570	5	570	127	115	123	98	111	6562	16400	0	1686	1642	6624	6617	2053	692
5571	5	571	127	115	123	98	111	6562	16400	0	1686	1642	6624	6617	2053	692
5572	5	572	127	115	123	98	111	6562	16400	0	1686	1642	6624	6617	2053	692
5573	5	573	127	115	123	98	111	6562	16400	0	1686	1642	6624	6617	2053	692
5574	5	574	127	115	123	98	111	6562	16400	0	1686	1642	6624	6617	2053	692
5575	5	575	127	115	123	98	111	6562	16400	0	1686	1642	6624	6617	2053	692
5576	5	576	127	115	123	98	111	6562	16400	0	1686	1642	6624	6617	2053	692
5577	5	577	127	115	123	98	111	6562	16400	0	1686	1642	6624	6617	2053	692
5578	5	578	127	115	123	98	111	6562	16400	0	1686	1642	6624	6617	2053	692
5579	5	579	127	115	123	98	111	6562	16400	0	1686	1642	6624	6617	2053	692
5580	5	580	127	115	123	98	111	6562	16400	0	1686	1642	6624	6617	2053	692
5581	5	581	127	115	123	98	111	6562	16400	0	1686	1642	6624	6617	2053	692
5582	5	582	127	115	123	98	111	6562	16400	0	1686	1642	6624	6617	2053	692
5583	5	583	127	115	123	98	111	6562	16400	0	1686	1642	6624	6617	2053	692
5584	5	584	127	115	123	98	111	6562	16400	0	1686	1642	6624	6617	2053	692
5585	5	585	127	115	123	98	111	6562	16400	0	1686	1642	6624	6617	2053	692
5586	5	586	127	115	123	98	111	6562	16400	0	1686	1642	6624	6617	2053	692
5587	5	587	127	115	123	98	111	6562	16400	0	1686	1642	6624	6617	2053	692
5588	5	588	127	115	123	98	111	6562	16400	0	1686	1642	6624	6617	2053	692
5589	5	589	127	115	123	98	111	6562	16400	0	1686	1642	6624	6617	2053	692
5590	5	590	127	115	123	98	111	6562	16400	0	1686	1642	6624	6617	2053	692
5591	5	591	127	115	123	98	111	6562	16400	0	1686	1642	6624	6617	2053	692
5592	5	592	127	115	123	98	111	6562	16400	0	1686	1642	6624	6617	2053	692
5593	5	593	127	115	123	98	111	6562	16400	0	1686	1642	6624	6617	2053	692
5594	5	594	127	115	123	98	111	6562	16400	0	1686	1642	6624	6617	2053	692
5595	5	595	127	115	123	98	111	6562	16400	0	1686	1642	6624	6617	2053	692
5596	5	596	127	115	123	98	111	6562	16400	0	1686	1642	6624	6617	2053	692
5597	5	597	127	115	123	98	111	6562	16400	0	1686	1642	6624	6617	2053	692
5598	5	598	127	115	123	98	111	6562	16400	0	1686	1642	6624	6617	2053	692
5599	5	599	127	115	123	98	111	6562	16400	0	1686	1642	6624	6617	2053	692
5600	5	600	127	115	123	98	111	6562	16400	0	1686	1642	6624	6617	2053	692
5601	5	601	127	115	123	98	111	6562	16400	0	1686	1642	6624	6617	2053	692
5602	5	602	127	115	123	98	111	6562	16400	0	1686	1642	6624	6617	2053	692
5603	5	603	127	115	123	98	111	6562	16400	0	1686	1642	6624	6617	2053	692
5604	5	604	127	115	123	98	111	6562	16400	0	1686	1642	6624	6617	2053	692
5605	5	605	127	115	123	98	111	6562	16400	0	1686	1642	6624	6617	2053	692
5606	5	606	127	115	123	98	111	6562	16400	0	1686	1642	6624	6617	2053	692
5607	5	607	127	115	123	98	111	6562	16400	0	1686	1642	6624	6617	2053	692
5608	5	608	127	115	123	98	111	6562	16400	0	1686	1642	6624	6617	2053	692
5609	5	609	127	115	123	98	111	6562	16400	0	1686	1642	6624	6617	2053	692
5610	5	610	127	115	123	98	111	6562	16400	0	1686	1642	6624	6617	2053	692
5611	5	611	127	115	123	98	111	6562	16400	0	1686	1642	6624	6617	2053	692
5612	5	612	127	115	123	98	111	6562	16400	0	1686	1642	6624	6617	2053	692
5613	5	613	127	115	123	98	111	6562	16400	0	1686	1642	6624	6617	2053	692
5614	5	614	127	115	123	98	111	6562	16400	0	1686	1642	6624	6617	2053	692
5615	5	615	127	115	123	98	111	6562	16400	0	1686	1642	6624	6617	2053	692
5616	5	616	127	115	123	98	111	6562	16400	0	1686	1642	6624	6617	2053	692
5617	5	617	127	115	123	98	111	6562	16400	0	1686	1642	6624	6617	2053	692
5618	5	618	127	115	123	98	111	6562	16400	0	1686	1642	6624	6617	2053	692
5619	5	619	127	115	123	98	111	6562	16400	0	1686	1642	6624	6617	2053	692
5620	5	620	127	115	123	98	111	6562	16400	0	1686	1642	6624	6617	2053	692
5621	5	621	127	115	123	98	111	6562	16400	0	1686	1642	6624	6617	2053	692
5622	5	622	127	115	123	98	111	6562	16400	0	1686	1642	6624	6617	2053	692
5623	5	623	127	115	123	98	111	6562	16400	0	1686	1642	6624	6617	2053	692
5624	5	624	127	115	123	98	111	6562	16400	0	1686	1642	6624	6617	2053	692
5625	5	625	127	115	123	98	111	6562	16400	0	1686	1642	6624	6617	2053	692
5626	5	626	127	115	123	98	111	6562	16400	0	1686	1642	6624	6617	2053	692
5627	5	627	127	115	123	98	111	6562	16400	0	1686	1642	6624	6617	2053	692
5628	5	628	127	115	123	98	111	6562	16400	0	1686	1642	6624	6617	2053	692
5629	5	629	127	115	123	98	111	6562	16400	0	1686	1642	6624	6617	2053	692
5630	5	630	127	115	123	98	111	6562	16400	0	1686	1642	6624	6617	2053	692
5631	5	631	127	115	123	98	111	6562	16400	0	1686	1642	6624	6617	2053	692
5632	5	632	127	115	123	98	111	6562	16400	0	1686	1642	6624	6617	2053	692
5633	5	633	127	115	123	98	111	6562	16400	0	1686	1642	6624	6617	2053	692
5634	5	634	127	115	123	98	111	6562	16400	0	1686	1642	6624	6617	2053	692
5635	5	635	127	115	123	98	111	6562	16400	0	1686	1642	6624	6617	2053	692
5636	5	636	127	115	123	98	111	6562	16400	0	1686	1642	6624	6617	2053	692
5637	5	637	127	115	123	98	111	6562	16400	0	1686	1642	6624	6617	2053	692
5638	5	638	127	115	123	98	111	6562	16400	0	1686	1642	6624	6617	2053	692
5639	5	639	127	115	123	98	111	6562	16400	0	1686	1642	6624	6617	2053	692
5640	5	640	127	115	123	98	111	6562	16400	0	1686	1642	6624	6617	2053	692
5641	5	641	127	115	123	98	111	6562	16400	0	1686	1642	6624	6617	2053	692
5642	5	642	127	115	123	98	111	6562	16400	0	1686	1642	6624	6617	2053	692
5643	5	643	127	115	123	98	111	6562	16400	0	1686	1642	6624	6617	2053	692
5644	5	644	127	115	123	98	111	6562	16400	0	1686	1642	6624	6617	2053	692
5645	5	645	127	115	123	98	111	6562	16400	0	1686	1642	6624	6617	2053	692
5646	5	646	127	115	123	98	111	6562	16400	0	1686	1642	6624	6617	2053	692
5647	5	647	127	115	123	98	111	6562	16400	0	1686	1642	6624	6617	2053	692
5648	5	648	127	115	123	98	111	6562	16400	0	1686	1642	6624	6617	2053	692
5649	5	649	127	115	123	98	111	6562	16400	0	1686	1642	6624	6617	2053	692
5650	5	650	127	115	123	98	111	6562	16400	0	1686	1642	6624	6617	2053	692
5651	5	651	127	115	123	98	111	6562	16400	0	1686	1642	6624	6617	2053	692
5652	5	652	127	115	123	98	111	6562	16400	0	1686	1642	6624	6617	2053	692
5653	5	653	127	115	123	98	111	6562	16400	0	1686	1642	6624	6617	2053	692
5654	5	654	127	115	123	98	111	6562	16400	0	1686	1642	6624	6617	2053	692
5655	5	655	127	115	123	98	111	6562	16400	0	1686	1642	6624	6617	2053	692
5656	5	656	127	115	123	98	111	6562	16400	0	1686	1642	6624	6617	2053	692
5657	5	657	127	115	123	98	111	6562	16400	0	1686	1642	6624	6617	2053	692
5658	5	658	127	115	123	98	111	6562	16400	0	1686	1642	6624	6617	2053	692
5659	5	659	127	115	123	98	111	6562	16400	0	1686	1642	6624	6617	2053	692
5660	5	660	127	115	123	98	111	6562	16400	0	1686	1642	6624	6617	2053	692
5661	5	661	127	115	123	98	111	6562	16400	0	1686	1642	6624	6617	2053	692
5662	5	662	127	115	123	98	111	6562	16400	0	1686	1642	6624	6617	2053	692
5663	5	663	127	115	123	98	111	6562	16400	0	1686	1642	6624	6617	2053	692
5664	5	664	127	115	123	98	111	6562	16400	0	1686	1642	6624	6617	2053	692
5665	5	665	127	115	123	98	111	6562	16400	0	1686	1642	6624	6617	2053	692
5666	5	666	127	115	123	98	111	6562	16400	0	1686	1642	6624	6617	2053	692
5667	5	667	127	115	123	98	111	6562	16400	0	1686	1642	6624	6617	2053	692
5668	5	668	127	115	123	98	111	6562	16400	0	1686	1642	6624	6617	2053	692
5669	5	669	127	115	123	98	111	6562	16400	0	1686	1642	6624	6617	2053	692
5670	5	670	127	115	123	98	111	6562	16400	0	1686	1642	6624	6617	2053	692
5671	5	671	127	115	123	98	111	6562	16400	0	1686	1642	6624	6617	2053	692
5672	5	672	127	115	123	98	111	6562	16400	0	1686	1642	6624	6617	2053	692
5673	5	673	127	115	123	98	111	6562	16400	0	1686	1642	6624	6617	2053	692
5674	5	674	127	115	123	98	111	6562	16400	0	1686	1642	6624	6617	2053	692
5675	5	675	127	115	123	98	111	6562	16400	0	1686	1642	6624	6617	2053	692
5676	5	676	127	115	123	98	111	6562	16400	0	1686	1642	6624	6617	2053	692
5677	5	677	127	115	123	98	111	6562	16400	0	1686	1642	6624	6617	2053	692
5678	5	678	127	115	123	98	111	6562	16400	0	1686	1642	6624	6617	2053	692
5679	5	679	127	115	123	98	111	6562	16400	0	1686	1642	6624	6617	2053	692
5680	5	680	127	115	123	98	111	6562	16400	0	1686	1642	6624	6617	2053	692
5681	5	681	127	115	123	98	111	6562	16400	0	1686	1642	6624	6617	2053	692
5682	5	682	127	115	123	98	111	6562	16400	0	1686	1642	6624	6617	2053	692
5683	5	683	127	115	123	98	111	6562	16400	0	1686	1642	6624	6617	2053	692
5684	5	684	127	115	123	98	111	6562	16400	0	1686	1642	6624	6617	2053	692
5685	5	685	127	115	123	98	111	6562	16400	0	1686	1642	6624	6617	2053	692
5686	5	686	127	115	123	98	111	6562	16400	0	1686	1642	6624	6617	2053	692
5687	5	687	127	115	123	98	111	6562	16400	0	1686	1642	6624	6617	2053	692
5688	5	688	127	115	123	98	111	6562	16400	0	1686	1642	6624	6617	2053	692
5689	5	689	127	115	123	98	111	6562	16400	0	1686	1642	6624	6617	2053	692
5690	5	690	127	115	123	98	111	6562	16400	0	1686	1642	6624	6617	2053	692
5691	5	691	127	115	123	98	111	6562	16400	0	1686	1642	6624	6617	2053	692
5692	5	692	127	115	123	98	111	6562	16400	0	1686	1642	6624	6617	2053	692
5693	5	693	127	115	123	98	111	6562	16400	0	1686	1642	6624	6617	2053	692
5694	5	694	127	115	123	98	111	6562	16400	0	1686	1642	6624	6617	2053	692
5695	5	695	127	115	123	98	111	6562	16400	0	1686	1642	6624	6617	2053	692
5696	5	696	127	115	123	98	111	6562	16400	0	1686	1642	6624	6617	2053	692
5697	5	697	127	115	123	98	111	6562	16400	0	1686	1642	6624	6617	2053	692
5698	5	698	127	115	123	98	111	6562	16400	0	1686	1642	6624	6617	2053	692
5699	5	699	127	115	123	98	111	6562	16400	0	1686	1642	6624	6617	2053	692
5700	5	700	127	115	123	98	111	6562	16400	0	1686	1642	6624	6617	2053	692
5701	5	701	127	115	123	98	111	6562	16400	0	1686	1642	6624	6617	2053	692
5702	5	702	127	115	123	98	111	6562	16400	0	1686	1642	6624	6617	2053	692
5703	5	703	127	115	123	98	111	6562	16400	0	1686	1642	6624	6617	2053	692
5704	5	704	127	115	123	98	111	6562	16400	0	1686	1642	6624	6617	2053	692
5705	5	705	127	115	123	98	111	6562	16400	0	1686	1642	6624	6617	2053	692
5706	5	706	127	115	123	98	111	6562	16400	0	1686	1642	6624	6617	2053	692
5707	5	707	127	115	123	98	111	6562	16400	0	1686	1642	6624	6617	2053	692
5708	5	708	127	115	123	98	111	6562	16400	0	1686	1642	6624	6617	2053	692
5709	5	709	127	115	123	98	111	6562	16400	0	1686	1642	6624	6617	2053	692
5710	5	710	127	115	123	98	111	6562	16400	0	1686	1642	6624	6617	2053	692
5711	5	711	127	115	123	98	111	6562	16400	0	1686	1642	6624	6617	2053	692
5712	5	712	127	115	123	98	111	6562	16400	0	1686	1642	6624	6617	2053	692
5713	5	713	127	115	123	98	111	6562	16400	0	1686	1642	6624	6617	2053	692
5714	5	714	127	115	123	98	111	6562	16400	0	1686	1642	6624	6617	2053	692
5715	5	715	127	115	123	98	111	6562	16400	0	1686	1642	6624	6617	2053	692
5716	5	716	127	115	123	98	111	6562	16400	0	1686	1642	6624	6617	2053	692
5717	5	717	127	115	123	98	111	6562	16400	0	1686	1642	6624	6617	2053	692
5718	5	718	127	115	123	98	111	6562	16400	0	1686	1642	6624	6617	2053	692
5719	5	719	127	115	123	98	111	6562	16400	0	1686	1642	6624	6617	2053	692
5720	5	720	127	115	123	98	111	6562	16400	0	1686	1642	6624	6617	2053	692
5721	5	721	127	115	123	98	111	6562	16400	0	1686	1642	6624	6617	2053	692
5722	5	722	127	115	123	98	111	6562	16400	0	1686	1642	6624	6617	2053	692
5723	5	723	127	115	123	98	111	6562	16400	0	1686	1642	6624	6617	2053	692
5724	5	724	127	115	123	98	111	6562	16400	0	1686	1642	6624	6617	2053	692
5725	5	725	127	115	123	98	111	6562	16400	0	1686	1642	6624	6617	2053	692
5726	5	726	127	115	123	98	111	6562	16400	0	1686	1642	6624	6617	2053	692
5727	5	727	127	115	123	98	111	6562	16400	0	1686	1642	6624	6617	2053	692
5728	5	728	127	115	123	98	111	6562	16400	0	1686	1642	6624	6617	2053	692
5729	5	729	127	115	123	98	111	6562	16400	0	1686	1642	6624	6617	2053	692
5730	5	730	127	115	123	98	111	6562	16400	0	1686	1642	6624	6617	2053	692
5731	5	731	127	115	123	98	111	6562	16400	0	1686	1642	6624	6617	2053	692
5732	5	732	127	115	123	98	111	6562	16400	0	1686	1642	6624	6617	2053	692
5733	5	733	127	115	123	98	111	6562	16400	0	1686	1642	6624	6617	2053	692
5734	5	734	127	115	123	98	111	6562	16400	0	1686	1642	6624	6617	2053	692
5735	5	735	127	115	123	98	111	6562	16400	0	1686	1642	6624	6617	2053	692
5736	5	736	127	115	123	98	111	6562	16400	0	1686	1642	6624	6617	2053	692
5737	5	737	127	115	123	98	111	6562	16400	0	1686	1642	6624	6617	2053	692
5738	5	738	127	115	123	98	111	6562	16400	0	1686	1642	6624	6617	2053	692
5739	5	739	127	115	123	98	111	6562	16400	0	1686	1642	6624	6617	2053	692
5740	5	740	127	115	123	98	111	6562	16400	0	1686	1642	6624	6617	2053	692
5741	5	741	127	115	123	98	111	6562	16400	0	1686	1642	6624	6617	2053	692
5742	5	742	127	115	123	98	111	6562	16400	0	1686	1642	6624	6617	2053	692
5743	5	743	127	115	123	98	111	6562	16400	0	1686	1642	6624	6617	2053	692
5744	5	744	127	115	123	98	111	6562	16400	0	1686	1642	6624	6617	2053	692
5745	5	745	127	115	123	98	111	6562	16400	0	1686	1642	6624	6617	2053	692
5746	5	746	127	115	123	98	111	6562	16400	0	1686	1642	6624	6617	2053	692
5747	5	747	127	115	123	98	111	6562	16400	0	1686	1642	6624	6617	2053	692
5748	5	748	127	115	123	98	111	6562	16400	0	1686	1642	6624	6617	2053	692
5749	5	749	127	115	123	98	111	6562	16400	0	1686	1642	6624	6617	2053	692
5750	5	750	127	115	123	98	111	6562	16400	0	1686	1642	6624	6617	2053	692
5751	5	751	127	115	123	98	111	6562	16400	0	1686	1642	6624	6617	2053	692
5752	5	752	127	115	123	98	111	6562	16400	0	1686	1642	6624	6617	2053	692
5753	5	753	127	115	123	98	111	6562	16400	0	1686	1642	6624	6617	2053	692
5754	5	754	127	115	123	98	111	6562	16400	0	1686	1642	6624	6617	2053	692
5755	5	755	127	115	123	98	111	6562	16400	0	1686	1642	6624	6617	2053	692
5756	5	756	127	115	123	98	111	6562	16400	0	1686	1642	6624	6617	2053	692
5757	5	757	127	115	123	98	111	6562	16400	0	1686	1642	6624	6617	2053	692
5758	5	758	127	115	123	98	111	6562	16400	0	1686	1642	6624	6617	2053	692
5759	5	759	127	115	123	98	111	6562	16400	0	1686	1642	6624	6617	2053	692
5760	5	760	127	115	123	98	111	6562	16400	0	1686	1642	6624	6617	2053	692
5761	5	761	127	115	123	98	111	6562	16400	0	1686	1642	6624	6617	2053	692
5762	5	762	127	115	123	98	111	6562	16400	0	1686	1642	6624	6617	2053	692
5763	5	763	127	115	123	98	111	6562	16400	0	1686	1642	6624	6617	2053	692
5764	5	764	127	115	123	98	111	6562	16400	0	1686	1642	6624	6617	2053	692
5765	5	765	127	115	123	98	111	6562	16400	0	1686	1642	6624	6617	2053	692
5766	5	766	127	115	123	98	111	6562	16400	0	1686	1642	6624	6617	2053	692
5767	5	767	127	115	123	98	111	6562	16400	0	1686	1642	6624	6617	2053	692
5768	5	768	127	115	123	98	111	6562	16400	0	1686	1642	6624	6617	2053	692
5769	5	769	127	115	123	98	111	6562	16400	0	1686	1642	6624	6617	2053	692
5770	5	770	127	115	123	98	111	6562	16400	0	1686	1642	6624	6617	2053	692
5771	5	771	127	115	123	98	111	6562	16400	0	1686	1642	6624	6617	2053	692
5772	5	772	127	115	123	98	111	6562	16400	0	1686	1642	6624	6617	2053	692
5773	5	773	127	115	123	98	111	6562	16400	0	1686	1642	6624	6617	2053	692
5774	5	774	127	115	123	98	111	6562	16400	0	1686	1642	6624	6617	2053	692
5775	5	775	127	115	123	98	111	6562	16400	0	1686	1642	6624	6617	2053	692
5776	5	776	127	115	123	98	111	6562	16400	0	1686	1642	6624	6617	2053	692
5777	5	777	127	115	123	98	111	6562	16400	0	1686	1642	6624	6617	2053	692
5778	5	778	127	115	123	98	111	6562	16400	0	1686	1642	6624	6617	2053	692
5779	5	779	127	115	123	98	111	6562	16400	0	1686	1642	6624	6617	2053	692
5780	5	780	127	115	123	98	111	6562	16400	0	1686	1642	6624	6617	2053	692
5781	5	781	127	115	123	98	111	6562	16400	0	1686	1642	6624	6617	2053	692
5782	5	782	127	115	123	98	111	6562	16400	0	1686	1642	6624	6617	2053	692
5783	5	783	127	115	123	98	111	6562	16400	0	1686	1642	6624	6617	2053	692
5784	5	784	127	115	123	98	111	6562	16400	0	1686	1642	6624	6617	2053	692
5785	5	785	127	115	123	98	111	6562	16400	0	1686	1642	6624	6617	2053	692
5786	5	786	127	115	123	98	111	6562	16400	0	1686	1642	6624	6617	2053	692
5787	5	787	127	115	123	98	111	6562	16400	0	1686	1642	6624	6617	2053	692
5788	5	788	127	115	123	98	111	6562	16400	0	1686	1642	6624	6617	2053	692
5789	5	789	127	115	123	98	111	6562	16400	0	1686	1642	6624	6617	2053	692
5790	5	790	127	115	123	98	111	6562	16400	0	1686	1642	6624	6617	2053	692
5791	5	791	127	115	123	98	111	6562	16400	0	1686	1642	6624	6617	2053	692
5792	5	792	127	115	123	98	111	6562	16400	0	1686	1642	6624	6617	2053	692
5793	5	793	127	115	123	98	111	6562	16400	0	1686	1642	6624	6617	2053	692
5794	5	794	127	115	123	98	111	6562	16400	0	1686	1642	6624	6617	2053	692
5795	5	795	127	115	123	98	111	6562	16400	0	1686	1642	6624	6617	2053	692
5796	5	796	127	115	123	98	111	6562	16400	0	1686	1642	6624	6617	2053	692
5797	5	797	127	115	123	98	111	6562	16400	0	1686	1642	6624	6617	2053	692
5798	5	798	127	115	123	98	111	6562	16400	0	1686	1642	6624	6617	2053	692
5799	5	799	127	115	123	98	111	6562	16400	0	1686	1642	6624	6617	2053	692
5800	5	800	127	115	123	98	111	6562	16400	0	1686	1642	6624	6617	2053	692
5801	5	801	127	115	123	98	111	6562	16400	0	1686	1642	6624	6617	2053	692
5802	5	802	127	115	123	98	111	6562	16400	0	1686	1642	6624	6617	2053	692
5803	5	803	127	115	123	98	111	6562	16400	0	1686	1642	6624	6617	2053	692
5804	5	804	127	115	123	98	111	6562	16400	0	1686	1642	6624	6617	2053	692
5805	5	805	127	115	123	98	111	6562	16400	0	1686	1642	6624	6617	2053	692
5806	5	806	127	115	123	98	111	6562	16400	0	1686	1642	6624	6617	2053	692
5807	5	807	127	115	123	98	111	6562	16400	0	1686	1642	6624	6617	2053	692
5808	5	808	127	115	123	98	111	6562	16400	0	1686	1642	6624	6617	2053	692
5809	5	809	127	115	123	98	111	6562	16400	0	1686	1642	6624	6617	2053	692
5810	5	810	127	115	123	98	111	6562	16400	0	1686	1642	6624	6617	2053	692
5811	5	811	127	115	123	98	111	6562	16400	0	1686	1642	6624	6617	2053	692
5812	5	812	127	115	123	98	111	6562	16400	0	1686	1642	6624	6617	2053	692
5813	5	813	127	115	123	98	111	6562	16400	0	1686	1642	6624	6617	2053	692
5814	5	814	127	115	123	98	111	6562	16400	0	1686	1642	6624	6617	2053	692
5815	5	815	127	115	123	98	111	6562	16400	0	1686	1642	6624	6617	2053	692
5816	5	816	127	115	123	98	111	6562	16400	0	1686	1642	6624	6617	2053	692
5817	5	817	127	115	123	98	111	6562	16400	0	1686	1642	6624	6617	2053	692
5818	5	818	127	115	123	98	111	6562	16400	0	1686	1642	6624	6617	2053	692
5819	5	819	127	115	123	98	111	6562	16400	0	1686	1642	6624	6617	2053	692
5820	5	820	127	115	123	98	111	6562	16400	0	1686	1642	6624	6617	2053	692
5821	5	821	127	115	123	98	111	6562	16400	0	1686	1642	6624	6617	2053	692
5822	5	822	127	115	123	98	111	6562	16400	0	1686	1642	6624	6617	2053	692
5823	5	823	127	115	123	98	111	6562	16400	0	1686	1642	6624	6617	2053	692
5824	5	824	127	115	123	98	111	6562	16400	0	1686	1642	6624	6617	2053	692
5825	5	825	127	115	123	98	111	6562	16400	0	1686	1642	6624	6617	2053	692
5826	5	826	127	115	123	98	111	6562	16400	0	1686	1642	6624	6617	2053	692
5827	5	827	127	115	123	98	111	6562	16400	0	1686	1642	6624	6617	2053	692
5828	5	828	127	115	123	98	111	6562	16400	0	1686	1642	6624	6617	2053	692
5829	5	829	127	115	123	98	111	6562	16400	0	1686	1642	6624	6617	2053	692
5830	5	830	127	115	123	98	111	6562	16400	0	1686	1642	6624	6617	2053	692
5831	5	831	127	115	123	98	111	6562	16400	0	1686	1642	6624	6617	2053	692
5832	5	832	127	115	123	98	111	6562	16400	0	1686	1642	6624	6617	2053	692
5833	5	833	127	115	123	98	111	6562	16400	0	1686	1642	6624	6617	2053	692
5834	5	834	127	115	123	98	111	6562	16400	0	1686	1642	6624	6617	2053	692
5835	5	835	127	115	123	98	111	6562	16400	0	1686	1642	6624	6617	2053	692
5836	5	836	127	115	123	98	111	6562	16400	0	1686	1642	6624	6617	2053	692
5837	5	837	127	115	123	98	111	6562	16400	0	1686	1642	6624	6617	2053	692
5838	5	838	127	115	123	98	111	6562	16400	0	1686	1642	6624	6617	2053	692
5839	5	839	127	115	123	98	111	6562	16400	0	1686	1642	6624	6617	2053	692
5840	5	840	127	115	123	98	111	6562	16400	0	1686	1642	6624	6617	2053	692
5841	5	841	127	115	123	98	111	6562	16400	0	1686	1642	6624	6617	2053	692
5842	5	842	127	115	123	98	111	6562	16400	0	1686	1642	6624	6617	2053	692
5843	5	843	127	115	123	98	111	6562	16400	0	1686	1642	6624	6617	2053	692
5844	5	844	127	115	123	98	111	6562	16400	0	1686	1642	6624	6617	2053	692
5845	5	845	127	115	123	98	111	6562	16400	0	1686	1642	6624	6617	2053	692
5846	5	846	127	115	123	98	111	6562	16400	0	1686	1642	6624	6617	2053	692
5847	5	847	127	115	123	98	111	6562	16400	0	1686	1642	6624	6617	2053	692
5848	5	848	127	115	123	98	111	6562	16400	0	1686	1642	6624	6617	2053	692
5849	5	849	127	115	123	98	111	6562	16400	0	1686	1642	6624	6617	2053	692
5850	5	850	127	115	123	98	111	6562	16400	0	1686	1642	6624	6617	2053	692
5851	5	851	127	115	123	98	111	6562	16400	0	1686	1642	6624	6617	2053	692
5852	5	852	127	115	123	98	111	6562	16400	0	1686	1642	6624	6617	2053	692
5853	5	853	127	115	123	98	111	6562	16400	0	1686	1642	6624	6617	2053	692
5854	5	854	127	115	123	98	111	6562	16400	0	1686	1642	6624	6617	2053	692
5855	5	855	127	115	123	98	111	6562	16400	0	1686	1642	6624	6617	2053	692
5856	5	856	127	115	123	98	111	6562	16400	0	1686	1642	6624	6617	2053	692
5857	5	857	127	115	123	98	111	6562	16400	0	1686	1642	6624	6617	2053	692
5858	5	858	127	115	123	98	111	6562	16400	0	1686	1642	6624	6617	2053	692
5859	5	859	127	115	123	98	111	6562	16400	0	1686	1642	6624	6617	2053	692
5860	5	860	127	115	123	98	111	6562	16400	0	1686	1642	6624	6617	2053	692
5861	5	861	127	115	123	98	111	6562	16400	0	1686	1642	6624	6617	2053	692
5862	5	862	127	115	123	98	111	6562	16400	0	1686	1642	6624	6617	2053	692
5863	5	863	127	115	123	98	111	6562	16400	0	1686	1642	6624	6617	2053	692
5864	5	864	127	115	123	98	111	6562	16400	0	1686	1642	6624	6617	2053	692
5865	5	865	127	115	123	98	111	6562	16400	0	1686	1642	6624	6617	2053	692
5866	5	866	127	115	123	98	111	6562	16400	0	1686	1642	6624	6617	2053	692
5867	5	867	127	115	123	98	111	6562	16400	0	1686	1642	6624	6617	2053	692
5868	5	868	127	115	123	98	111	6562	16400	0	1686	1642	6624	6617	2053	692
5869	5	869	127	115	123	98	111	6562	16400	0	1686	1642	6624	6617	2053	692
5870	5	870	127	115	123	98	111	6562	16400	0	1686	1642	6624	6617	2053	692
5871	5	871	127	115	123	98	111	6562	16400	0	1686	1642	6624	6617	2053	692
5872	5	872	127	115	123	98	111	6562	16400	0	1686	1642	6624	6617	2053	692
5873	5	873	127	115	123	98	111	6562	16400	0	1686	1642	6624	6617	2053	692
5874	5	874	127	115	123	98	111	6562	16400	0	1686	1642	6624	6617	2053	692
5875	5	875	127	115	123	98	111	6562	16400	0	1686	1642	6624	6617	2053	692
5876	5	876	127	115	123	98	111	6562	16400	0	1686	1642	6624	6617	2053	692
5877	5	877	127	115	123	98	111	6562	16400	0	1686	1642	6624	6617	2053	692
5878	5	878	127	115	123	98	111	6562	16400	0	1686	1642	6624	6617	2053	692
5879	5	879	127	115	123	98	111	6562	16400	0	1686	1642	6624	6617	2053	692
5880	5	880	127	115	123	98	111	6562	16400	0	1686	1642	6624	6617	2053	692
5881	5	881	127	115	123	98	111	6562	16400	0	1686	1642	6624	6617	2053	692
5882	5	882	127	115	123	98	111	6562	16400	0	1686	1642	6624	6617	2053	692
5883	5	883	127	115	123	98	111	6562	16400	0	1686	1642	6624	6617	2053	692
5884	5	884	127	115	123	98	111	6562	16400	0	1686	1642	6624	6617	2053	692
5885	5	885	127	115	123	98	111	6562	16400	0	1686	1642	6624	6617	2053	692
5886	5	886	127	115	123	98	111	6562	16400	0	1686	1642	6624	6617	2053	692
5887	5	887	127	115	123	98	111	6562	16400	0	1686	1642	6624	6617	2053	692
5888	5	888	127	115	123	98	111	6562	16400	0	1686	1642	6624	6617	2053	692
5889	5	889	127	115	123	98	111	6562	16400	0	1686	1642	6624	6617	2053	692
5890	5	890	127	115	123	98	111	6562	16400	0	1686	1642	6624	6617	2053	692
5891	5	891	127	115	123	98	111	6562	16400	0	1686	1642	6624	6617	2053	692
5892	5	892	127	115	123	98	111	6562	16400	0	1686	1642	6624	6617	2053	692
5893	5	893	127	115	123	98	111	6562	16400	0	1686	1642	6624	6617	2053	692
5894	5	894	127	115	123	98	111	6562	16400	0	1686	1642	6624	6617	2053	692
5895	5	895	127	115	123	98	111	6562	16400	0	1686	1642	6624	6617	2053	692
5896	5	896	127	115	123	98	111	6562	16400	0	1686	1642	6624	6617	2053	692
5897	5	897	127	115	123	98	111	6562	16400	0	1686	1642	6624	6617	2053	692
5898	5	898	127	115	123	98	111	6562	16400	0	1686	1642	6624	6617	2053	692
5899	5	899	127	115	123	98	111	6562	16400	0	1686	1642	6624	6617	2053	692
5900	5	900	127	115	123	98	111	6562	16400	0	1686	1642	6624	6617	2053	692
5901	5	901	127	115	123	98	111	6562	16400	0	1686	1642	6624	6617	2053	692
5902	5	902	127	115	123	98	111	6562	16400	0	1686	1642	6624	6617	2053	692
5903	5	903	127	115	123	98	111	6562	16400	0	1686	1642	6624	6617	2053	692
5904	5	904	127	115	123	98	111	6562	16400	0	1686	1642	6624	6617	2053	692
5905	5	905	127	115	123	98	111	6562	16400	0	1686	1642	6624	6617	2053	692
5906	5	906	127	115	123	98	111	6562	16400	0	1686	1642	6624	6617	2053	692
5907	5	907	127	115	123	98	111	6562	16400	0	1686	1642	6624	6617	2053	692
5908	5	908	127	115	123	98	111	6562	16400	0	1686	1642	6624	6617	2053	692
5909	5	909	127	115	123	98	111	6562	16400	0	1686	1642	6624	6617	2053	692
5910	5	910	127	115	123	98	111	6562	16400	0	1686	1642	6624	6617	2053	692
5911	5	911	127	115	123	98	111	6562	16400	0	1686	1642	6624	6617	2053	692
5912	5	912	127	115	123	98	111	6562	16400	0	1686	1642	6624	6617	2053	692
5913	5	913	127	115	123	98	111	6562	16400	0	1686	1642	6624	6617	2053	692
5914	5	914	127	115	123	98	111	6562	16400	0	1686	1642	6624	6617	2053	692
5915	5	915	127	115	123	98	111	6562	16400	0	1686	1642	6624	6617	2053	692
5916	5	916	127	115	123	98	111	6562	16400	0	1686	1642	6624	6617	2053	692
5917	5	917	127	115	123	98	111	6562	16400	0	1686	1642	6624	6617	2053	692
5918	5	918	127	115	123	98	111	6562	16400	0	1686	1642	6624	6617	2053	692
5919	5	919	127	115	123	98	111	6562	16400	0	1686	1642	6624	6617	2053	692
5920	5	920	127	115	123	98	111	6562	16400	0	1686	1642	6624	6617	2053	692
5921	5	921	127	115	123	98	111	6562	16400	0	1686	1642	6624	6617	2053	692
5922	5	922	127	115	123	98	111	6562	16400	0	1686	1642	6624	6617	2053	692
5923	5	923	127	115	123	98	111	6562	16400	0	1686	1642	6624	6617	2053	692
5924	5	924	127	115	123	98	111	6562	16400	0	1686	1642	6624	6617	2053	692
5925	5	925	127	115	123	98	111	6562	16400	0	1686	1642	6624	6617	2053	692
5926	5	926	127	115	123	98	111	6562	16400	0	1686	1642	6624	6617	2053	692
5927	5	927	127	115	123	98	111	6562	16400	0	1686	1642	6624	6617	2053	692
5928	5	928	127	115	123	98	111	6562	16400	0	1686	1642	6624	6617	2053	692
5929	5	929	127	115	123	98	111	6562	16400	0	1686	1642	6624	6617	2053	692
5930	5	930	127	115	123	98	111	6562	16400	0	1686	1642	6624	6617	2053	692
5931	5	931	127	115	123	98	111	6562	16400	0	1686	1642	6624	6617	2053	692
5932	5	932	127	115	123	98	111	6562	16400	0	1686	1642	6624	6617	2053	692
5933	5	933	127	115	123	98	111	6562	16400	0	1686	1642	6624	6617	2053	692
5934	5	934	127	115	123	98	111	6562	16400	0	1686	1642	6624	6617	2053	692
5935	5	935	127	115	123	98	111	6562	16400	0	1686	1642	6624	6617	2053	692
5936	5	936	127	115	123	98	111	6562	16400	0	1686	1642	6624	6617	2053	692
5937	5	937	127	115	123	98	111	6562	16400	0	1686	1642	6624	6617	2053	692
5938	5	938	127	115	123	98	111	6562	16400	0	1686	1642	6624	6617	2053	692
5939	5	939	127	115	123	98	111	6562	16400	0	1686	1642	6624	6617	2053	692
5940	5	940	127	115	123	98	111	6562	16400	0	1686	1642	6624	6617	2053	692
5941	5	941	127	115	123	98	111	6562	16400	0	1686	1642	6624	6617	2053	692
5942	5	942	127	115	123	98	111	6562	16400	0	1686	1642	6624	6617	2053	692
5943	5	943	127	115	123	98	111	6562	16400	0	1686	1642	6624	6617	2053	692
5944	5	944	127	115	123	98	111	6562	16400	0	1686	1642	6624	6617	2053	692
5945	5	945	127	115	123	98	111	6562	16400	0	1686	1642	6624	6617	2053	692
5946	5	946	127	115	123	98	111	6562	16400	0	1686	1642	6624	6617	2053	692
5947	5	947	127	115	123	98	111	6562	16400	0	1686	1642	6624	6617	2053	692
5948	5	948	127	115	123	98	111	6562	16400	0	1686	1642	6624	6617	2053	692
5949	5	949	127	115	123	98	111	6562	16400	0	1686	1642	6624	6617	2053	692
5950	5	950	127	115	123	98	111	6562	16400	0	1686	1642	6624	6617	2053	692
5951	5	951	127	115	123	98	111	6562	16400	0	1686	1642	6624	6617	2053	692
5952	5	952	127	115	123	98	111	6562	16400	0	1686	1642	6624	6617	2053	692
5953	5	953	127	115	123	98	111	6562	16400	0	1686	1642	6624	6617	2053	692
5954	5	954	127	115	123	98	111	6562	16400	0	1686	1642	6624	6617	2053	692
5955	5	955	127	115	123	98	111	6562	16400	0	1686	1642	6624	6617	2053	692
5956	5	956	127	115	123	98	111	6562	16400	0	1686	1642	6624	6617	2053	692
5957	5	957	127	115	123	98	111	6562	16400	0	1686	1642	6624	6617	2053	692
5958	5	958	127	115	123	98	111	6562	16400	0	1686	1642	6624	6617	2053	692
5959	5	959	127	115	123	98	111	6562	16400	0	1686	1642	6624	6617	2053	692
5960	5	960	127	115	123	98	111	6562	16400	0	1686	1642	6624	6617	2053	692
5961	5	961	127	115	123	98	111	6562	16400	0	1686	1642	6624	6617	2053	692
5962	5	962	127	115	123	98	111	6562	16400	0	1686	1642	6624	6617	2053	692
5963	5	963	127	115	123	98	111	6562	16400	0	1686	1642	6624	6617	2053	692
5964	5	964	127	115	123	98	111	6562	16400	0	1686	1642	6624	6617	2053	692
5965	5	965	127	115	123	98	111	6562	16400	0	1686	1642	6624	6617	2053	692
5966	5	966	127	115	123	98	111	6562	16400	0	1686	1642	6624	6617	2053	692
5967	5	967	127	115	123	98	111	6562	16400	0	1686	1642	6624	6617	2053	692
5968	5	968	127	115	123	98	111	6562	16400	0	1686	1642	6624	6617	2053	692
5969	5	969	127	115	123	98	111	6562	16400	0	1686	1642	6624	6617	2053	692
5970	5	970	127	115	123	98	111	6562	16400	0	1686	1642	6624	6617	2053	692
5971	5	971	127	115	123	98	111	6562	16400	0	1686	1642	6624	6617	2053	692
5972	5	972	127	115	123	98	111	6562	16400	0	1686	1642	6624	6617	2053	692
5973	5	973	127	115	123	98	111	6562	16400	0	1686	1642	6624	6617	2053	692
5974	5	974	127	115	123	98	111	6562	16400	0	1686	1642	6624	6617	2053	692
5975	5	975	127	115	123	98	111	6562	16400	0	1686	1642	6624	6617	2053	692
5976	5	976	127	115	123	98	111	6562	16400	0	1686	1642	6624	6617	2053	692
5977	5	977	127	115	123	98	111	6562	16400	0	1686	1642	6624	6617	2053	692
5978	5	978	127	115	123	98	111	6562	16400	0	1686	1642	6624	6617	2053	692
5979	5	979	127	115	123	98	111	6562	16400	0	1686	1642	6624	6617	2053	692
5980	5	980	127	115	123	98	111	6562	16400	0	1686	1642	6624	6617	2053	692
5981	5	981	127	115	123	98	111	6562	16400	0	1686	1642	6624	6617	2053	692
5982	5	982	127	115	123	98	111	6562	16400	0	1686	1642	6624	6617	2053	692
5983	5	983	127	115	123	98	111	6562	16400	0	1686	1642	6624	6617	2053	692
5984	5	984	127	115	123	98	111	6562	16400	0	1686	1642	6624	6617	2053	692
5985	5	985	127	115	123	98	111	6562	16400	0	1686	1642	6624	6617	2053	692
5986	5	986	127	115	123	98	111	6562	16400	0	1686	1642	6624	6617	2053	692
5987	5	987	127	115	123	98	111	6562	16400	0	1686	1642	6624	6617	2053	692
5988	5	988	127	115	123	98	111	6562	16400	0	1686	1642	6624	6617	2053	692
5989	5	989	127	115	123	98	111	6562	16400	0	1686	1642	6624	6617	2053	692
5990	5	990	127	115	123	98	111	6562	16400	0	1686	1642	6624	6617	2053	692
5991	5	991	127	115	123	98	111	6562	16400	0	1686	1642	6624	6617	2053	692
5992	5	992	127	115	123	98	111	6562	16400	0	1686	1642	6624	6617	2053	692
5993	5	993	127	115	123	98	111	6562	16400	0	1686	1642	6624	6617	2053	692
5994	5	994	127	115	123	98	111	6562	16400	0	1686	1642	6624	6617	2053	692
5995	5	995	127	115	123	98	111	6562	16400	0	1686	1642	6624	6617	2053	692
5996	5	996	127	115	123	98	111	6562	16400	0	1686	1642	6624	6617	2053	692
5997	5	997	127	115	123	98	111	6562	16400	0	1686	1642	6624	6617	2053	692
5998	5	998	127	115	123	98	111	6562	16400	0	1686	1642	6624	6617	2053	692
5999	5	999	127	115	123	98	111	6562	16400	0	1686	1642	6624	6617	2053	692
6000	6	0	4	2	4	0	1	930	500	0	36	31	17	15	5	4
6001	6	1	4	2	4	0	1	1082	500	0	66	61	29	27	6	7
6002	6	2	4	2	4	0	1	1281	550	0	96	91	41	39	9	13
6003	6	3	5	2	4	1	1	1480	600	0	127	121	54	51	11	19
6004	6	4	5	2	4	1	1	1678	650	0	158	151	66	63	14	26
6005	6	5	5	2	5	1	2	1877	700	0	188	182	78	75	16	32
6006	6	6	6	3	5	1	2	2076	750	0	219	212	90	87	19	38
6007	6	7	6	3	5	1	2	2275	800	0	250	242	102	99	21	44
6008	6	8	7	3	5	1	2	2473	850	0	280	272	114	111	24	50
6009	6	9	7	3	6	1	2	2672	900	0	311	302	126	123	26	56
6010	6	10	7	3	6	1	2	2871	950	0	342	333	139	135	29	63
6011	6	11	8	4	6	2	2	3070	1000	0	372	363	151	147	31	69
6012	6	12	8	4	6	2	2	3268	1050	0	403	393	163	159	34	75
6013	6	13	9	4	7	2	2	3467	1100	0	434	423	175	171	36	81
6014	6	14	9	4	7	2	2	3666	1150	0	464	453	187	184	39	87
6015	6	15	10	5	7	2	2	3995	1200	0	495	483	199	196	41	94
6016	6	16	10	5	7	2	2	4323	1250	0	526	514	199	196	44	100
6017	6	17	10	5	8	2	2	4652	1300	0	556	544	200	196	46	106
6018	6	18	11	5	8	2	2	4981	1350	0	587	574	200	196	49	112
6019	6	19	11	5	8	3	2	5310	1400	0	618	604	200	196	51	118
6020	6	20	12	6	8	3	2	5643	1450	0	638	624	208	204	54	125
6021	6	21	12	6	9	3	2	5643	1500	0	639	625	200	196	54	125
6022	6	22	13	6	9	3	2	5643	1550	0	639	625	200	196	55	125
6023	6	23	13	6	9	3	2	5643	1600	0	640	625	201	196	55	125
6024	6	24	13	6	9	3	2	5643	1650	0	641	625	201	196	56	125
6025	6	25	14	7	10	3	2	5643	1700	0	641	625	201	196	56	125
6026	6	26	14	7	10	3	3	5643	1750	0	642	625	201	197	57	126
6027	6	27	15	7	10	3	3	5643	1800	0	643	626	201	197	57	126
6028	6	28	15	7	10	4	3	5643	1850	0	643	626	201	197	58	126
6029	6	29	16	8	10	4	3	5643	1900	0	644	626	201	197	58	126
6030	6	30	16	8	11	4	3	5643	1950	0	645	626	202	197	59	126
6031	6	31	16	8	11	4	3	5643	2000	0	645	626	202	197	59	127
6032	6	32	17	8	11	4	3	5643	2050	0	646	626	202	197	60	127
6033	6	33	17	8	11	4	3	5643	2100	0	647	627	202	197	60	127
6034	6	34	18	9	12	4	3	5643	2150	0	647	627	202	197	61	127
6035	6	35	18	9	12	4	3	5643	2200	0	648	627	202	197	61	127
6036	6	36	19	9	12	5	3	5643	2250	0	649	627	202	197	62	127
6037	6	37	19	9	12	5	3	5643	2300	0	649	627	203	197	62	128
6038	6	38	19	9	13	5	3	5643	2350	0	650	628	203	197	63	128
6039	6	39	20	10	13	5	3	5643	2400	0	651	628	203	198	63	128
6040	6	40	20	10	13	5	3	5643	2650	0	651	628	203	198	64	128
6041	6	41	21	10	13	5	3	5643	2900	0	652	628	203	198	64	128
6042	6	42	21	10	14	5	3	5643	3150	0	652	628	203	198	65	129
6043	6	43	22	10	14	5	3	5643	3400	0	653	628	204	198	65	129
6044	6	44	22	11	14	5	3	5643	3650	0	654	629	204	198	66	129
6045	6	45	22	11	14	6	3	5643	3900	0	654	629	204	198	66	129
6046	6	46	23	11	15	6	3	5643	4150	0	655	629	204	198	67	129
6047	6	47	23	11	15	6	4	5643	4400	0	656	629	204	198	67	130
6048	6	48	24	12	15	6	4	5643	4650	0	656	629	204	198	68	130
6049	6	49	24	12	15	6	4	5643	4900	0	657	630	204	198	68	130
6050	6	50	27	14	18	8	6	5668	5150	0	658	630	278	271	123	148
6051	6	51	29	16	20	10	8	5693	5400	0	658	630	351	345	177	166
6052	6	52	31	18	22	12	10	5718	5650	0	659	630	424	418	232	184
6053	6	53	34	21	24	15	12	5743	5900	0	660	630	497	491	286	203
6054	6	54	36	23	27	17	14	5768	6150	0	660	630	570	564	341	221
6055	6	55	39	25	29	19	16	5793	6400	0	661	631	643	637	395	239
6056	6	56	41	27	31	21	18	5818	6650	0	662	631	716	710	450	257
6057	6	57	44	29	33	23	20	5843	6900	0	662	631	790	783	504	275
6058	6	58	46	32	36	25	22	5868	7150	0	663	631	863	856	559	294
6059	6	59	48	34	38	27	24	5893	7400	0	664	631	936	929	613	312
6060	6	60	55	40	44	33	30	5918	7750	0	739	707	1286	1279	706	332
6061	6	61	57	43	47	36	33	5943	8100	0	815	782	1629	1622	792	350
6062	6	62	61	47	51	39	36	5968	8450	0	890	857	1972	1965	879	368
6063	6	63	63	51	54	41	39	5993	8800	0	966	932	2316	2308	965	386
6064	6	64	67	55	57	44	42	6018	9150	0	1042	1007	2659	2652	1052	405
6065	6	65	69	59	60	46	45	6043	9500	0	1117	1082	3002	2995	1138	423
6066	6	66	72	63	64	49	49	6068	9850	0	1193	1158	3345	3338	1225	441
6067	6	67	76	68	67	52	53	6093	10200	0	1269	1233	3688	3681	1311	459
6068	6	68	79	72	70	55	58	6118	10550	0	1344	1308	4031	4024	1398	477
6069	6	69	83	76	73	58	62	6143	10900	0	1420	1383	4374	4367	1484	497
6070	6	70	90	83	81	66	70	6168	11250	0	1446	1408	4605	4597	1546	517
6071	6	71	94	86	84	69	74	6193	11600	0	1471	1434	4828	4820	1601	535
6072	6	72	97	90	87	72	78	6218	11950	0	1497	1459	5051	5043	1657	553
6073	6	73	100	93	90	75	82	6243	12300	0	1523	1484	5274	5266	1712	571
6074	6	74	104	96	94	78	86	6268	12650	0	1548	1509	5497	5489	1768	590
6075	6	75	107	99	97	81	90	6293	13000	0	1574	1534	5720	5712	1823	608
6076	6	76	111	103	100	84	94	6318	13350	0	1600	1559	5943	5936	1879	626
6077	6	77	114	106	103	87	98	6343	13700	0	1625	1585	6167	6159	1934	644
6078	6	78	118	109	107	91	102	6368	14050	0	1651	1610	6390	6382	1990	662
6079	6	79	121	112	110	94	106	6393	14400	0	1677	1635	6613	6605	2045	682
6080	6	80	121	112	110	94	106	6393	14450	0	1677	1635	6613	6605	2046	683
6081	6	81	122	113	110	94	106	6393	14500	0	1678	1635	6613	6605	2046	683
6082	6	82	122	113	111	94	106	6393	14550	0	1678	1635	6613	6605	2047	683
6083	6	83	123	113	111	94	106	6393	14600	0	1679	1636	6614	6605	2047	683
6084	6	84	123	113	111	94	106	6393	14650	0	1680	1636	6614	6605	2048	683
6085	6	85	124	113	111	94	106	6393	14700	0	1680	1636	6614	6605	2048	684
6086	6	86	124	114	112	94	106	6393	14750	0	1681	1636	6614	6605	2049	684
6087	6	87	124	114	112	95	106	6393	14800	0	1682	1636	6614	6605	2049	684
6088	6	88	125	114	112	95	106	6393	14850	0	1682	1637	6614	6605	2050	684
6089	6	89	125	114	112	95	107	6393	14900	0	1683	1637	6614	6606	2050	684
6090	6	90	126	114	113	95	107	6393	14950	0	1684	1637	6615	6606	2051	684
6091	6	91	126	115	113	95	107	6393	15000	0	1684	1637	6615	6606	2051	685
6092	6	92	127	115	113	95	107	6393	15050	0	1685	1637	6615	6606	2052	685
6093	6	93	127	115	113	95	107	6393	15100	0	1686	1637	6615	6606	2052	685
6094	6	94	127	115	114	95	107	6393	15150	0	1686	1638	6615	6606	2053	685
6095	6	95	128	116	114	96	107	6393	15200	0	1687	1638	6615	6606	2053	685
6096	6	96	128	116	114	96	107	6393	15250	0	1688	1638	6615	6606	2054	686
6097	6	97	129	116	114	96	107	6393	15300	0	1688	1638	6616	6606	2054	686
6098	6	98	129	116	114	96	107	6393	15350	0	1689	1638	6616	6606	2055	686
6099	6	99	130	116	115	96	107	6393	15400	0	1690	1639	6616	6606	2055	686
6100	6	100	130	117	115	96	107	6393	15450	0	1690	1639	6616	6606	2056	686
6101	6	101	130	117	115	96	107	6393	15500	0	1691	1639	6616	6607	2056	687
6102	6	102	131	117	115	96	107	6393	15550	0	1691	1639	6616	6607	2057	687
6103	6	103	131	117	116	96	107	6393	15600	0	1692	1639	6617	6607	2057	687
6104	6	104	132	117	116	97	107	6393	15650	0	1693	1639	6617	6607	2058	687
6105	6	105	132	118	116	97	107	6393	15700	0	1693	1640	6617	6607	2058	687
6106	6	106	133	118	116	97	107	6393	15750	0	1694	1640	6617	6607	2059	687
6107	6	107	133	118	117	97	107	6393	15800	0	1695	1640	6617	6607	2059	688
6108	6	108	133	118	117	97	107	6393	15850	0	1695	1640	6617	6607	2060	688
6109	6	109	134	119	117	97	108	6393	15900	0	1696	1640	6617	6607	2060	688
6110	6	110	134	119	117	97	108	6393	15950	0	1697	1641	6618	6607	2061	688
6111	6	111	135	119	118	97	108	6393	16000	0	1697	1641	6618	6607	2061	688
6112	6	112	135	119	118	98	108	6393	16050	0	1698	1641	6618	6607	2062	689
6113	6	113	136	119	118	98	108	6393	16100	0	1699	1641	6618	6607	2062	689
6114	6	114	136	120	118	98	108	6393	16150	0	1699	1641	6618	6608	2063	689
6115	6	115	136	120	119	98	108	6393	16200	0	1700	1641	6618	6608	2063	689
6116	6	116	137	120	119	98	108	6393	16250	0	1701	1642	6618	6608	2064	689
6117	6	117	137	120	119	98	108	6393	16300	0	1701	1642	6619	6608	2064	689
6118	6	118	138	120	119	98	108	6393	16350	0	1702	1642	6619	6608	2065	690
6119	6	119	138	121	120	98	108	6393	16400	0	1703	1642	6619	6608	2065	690
6120	6	120	138	121	120	98	108	6393	16400	0	1703	1642	6619	6608	2065	690
6121	6	121	138	121	120	98	108	6393	16400	0	1703	1642	6619	6608	2065	690
6122	6	122	138	121	120	98	108	6393	16400	0	1703	1642	6619	6608	2065	690
6123	6	123	138	121	120	98	108	6393	16400	0	1703	1642	6619	6608	2065	690
6124	6	124	138	121	120	98	108	6393	16400	0	1703	1642	6619	6608	2065	690
6125	6	125	138	121	120	98	108	6393	16400	0	1703	1642	6619	6608	2065	690
6126	6	126	138	121	120	98	108	6393	16400	0	1703	1642	6619	6608	2065	690
6127	6	127	138	121	120	98	108	6393	16400	0	1703	1642	6619	6608	2065	690
6128	6	128	138	121	120	98	108	6393	16400	0	1703	1642	6619	6608	2065	690
6129	6	129	138	121	120	98	108	6393	16400	0	1703	1642	6619	6608	2065	690
6130	6	130	138	121	120	98	108	6393	16400	0	1703	1642	6619	6608	2065	690
6131	6	131	138	121	120	98	108	6393	16400	0	1703	1642	6619	6608	2065	690
6132	6	132	138	121	120	98	108	6393	16400	0	1703	1642	6619	6608	2065	690
6133	6	133	138	121	120	98	108	6393	16400	0	1703	1642	6619	6608	2065	690
6134	6	134	138	121	120	98	108	6393	16400	0	1703	1642	6619	6608	2065	690
6135	6	135	138	121	120	98	108	6393	16400	0	1703	1642	6619	6608	2065	690
6136	6	136	138	121	120	98	108	6393	16400	0	1703	1642	6619	6608	2065	690
6137	6	137	138	121	120	98	108	6393	16400	0	1703	1642	6619	6608	2065	690
6138	6	138	138	121	120	98	108	6393	16400	0	1703	1642	6619	6608	2065	690
6139	6	139	138	121	120	98	108	6393	16400	0	1703	1642	6619	6608	2065	690
6140	6	140	138	121	120	98	108	6393	16400	0	1703	1642	6619	6608	2065	690
6141	6	141	138	121	120	98	108	6393	16400	0	1703	1642	6619	6608	2065	690
6142	6	142	138	121	120	98	108	6393	16400	0	1703	1642	6619	6608	2065	690
6143	6	143	138	121	120	98	108	6393	16400	0	1703	1642	6619	6608	2065	690
6144	6	144	138	121	120	98	108	6393	16400	0	1703	1642	6619	6608	2065	690
6145	6	145	138	121	120	98	108	6393	16400	0	1703	1642	6619	6608	2065	690
6146	6	146	138	121	120	98	108	6393	16400	0	1703	1642	6619	6608	2065	690
6147	6	147	138	121	120	98	108	6393	16400	0	1703	1642	6619	6608	2065	690
6148	6	148	138	121	120	98	108	6393	16400	0	1703	1642	6619	6608	2065	690
6149	6	149	138	121	120	98	108	6393	16400	0	1703	1642	6619	6608	2065	690
6150	6	150	138	121	120	98	108	6393	16400	0	1703	1642	6619	6608	2065	690
6151	6	151	138	121	120	98	108	6393	16400	0	1703	1642	6619	6608	2065	690
6152	6	152	138	121	120	98	108	6393	16400	0	1703	1642	6619	6608	2065	690
6153	6	153	138	121	120	98	108	6393	16400	0	1703	1642	6619	6608	2065	690
6154	6	154	138	121	120	98	108	6393	16400	0	1703	1642	6619	6608	2065	690
6155	6	155	138	121	120	98	108	6393	16400	0	1703	1642	6619	6608	2065	690
6156	6	156	138	121	120	98	108	6393	16400	0	1703	1642	6619	6608	2065	690
6157	6	157	138	121	120	98	108	6393	16400	0	1703	1642	6619	6608	2065	690
6158	6	158	138	121	120	98	108	6393	16400	0	1703	1642	6619	6608	2065	690
6159	6	159	138	121	120	98	108	6393	16400	0	1703	1642	6619	6608	2065	690
6160	6	160	138	121	120	98	108	6393	16400	0	1703	1642	6619	6608	2065	690
6161	6	161	138	121	120	98	108	6393	16400	0	1703	1642	6619	6608	2065	690
6162	6	162	138	121	120	98	108	6393	16400	0	1703	1642	6619	6608	2065	690
6163	6	163	138	121	120	98	108	6393	16400	0	1703	1642	6619	6608	2065	690
6164	6	164	138	121	120	98	108	6393	16400	0	1703	1642	6619	6608	2065	690
6165	6	165	138	121	120	98	108	6393	16400	0	1703	1642	6619	6608	2065	690
6166	6	166	138	121	120	98	108	6393	16400	0	1703	1642	6619	6608	2065	690
6167	6	167	138	121	120	98	108	6393	16400	0	1703	1642	6619	6608	2065	690
6168	6	168	138	121	120	98	108	6393	16400	0	1703	1642	6619	6608	2065	690
6169	6	169	138	121	120	98	108	6393	16400	0	1703	1642	6619	6608	2065	690
6170	6	170	138	121	120	98	108	6393	16400	0	1703	1642	6619	6608	2065	690
6171	6	171	138	121	120	98	108	6393	16400	0	1703	1642	6619	6608	2065	690
6172	6	172	138	121	120	98	108	6393	16400	0	1703	1642	6619	6608	2065	690
6173	6	173	138	121	120	98	108	6393	16400	0	1703	1642	6619	6608	2065	690
6174	6	174	138	121	120	98	108	6393	16400	0	1703	1642	6619	6608	2065	690
6175	6	175	138	121	120	98	108	6393	16400	0	1703	1642	6619	6608	2065	690
6176	6	176	138	121	120	98	108	6393	16400	0	1703	1642	6619	6608	2065	690
6177	6	177	138	121	120	98	108	6393	16400	0	1703	1642	6619	6608	2065	690
6178	6	178	138	121	120	98	108	6393	16400	0	1703	1642	6619	6608	2065	690
6179	6	179	138	121	120	98	108	6393	16400	0	1703	1642	6619	6608	2065	690
6180	6	180	138	121	120	98	108	6393	16400	0	1703	1642	6619	6608	2065	690
6181	6	181	138	121	120	98	108	6393	16400	0	1703	1642	6619	6608	2065	690
6182	6	182	138	121	120	98	108	6393	16400	0	1703	1642	6619	6608	2065	690
6183	6	183	138	121	120	98	108	6393	16400	0	1703	1642	6619	6608	2065	690
6184	6	184	138	121	120	98	108	6393	16400	0	1703	1642	6619	6608	2065	690
6185	6	185	138	121	120	98	108	6393	16400	0	1703	1642	6619	6608	2065	690
6186	6	186	138	121	120	98	108	6393	16400	0	1703	1642	6619	6608	2065	690
6187	6	187	138	121	120	98	108	6393	16400	0	1703	1642	6619	6608	2065	690
6188	6	188	138	121	120	98	108	6393	16400	0	1703	1642	6619	6608	2065	690
6189	6	189	138	121	120	98	108	6393	16400	0	1703	1642	6619	6608	2065	690
6190	6	190	138	121	120	98	108	6393	16400	0	1703	1642	6619	6608	2065	690
6191	6	191	138	121	120	98	108	6393	16400	0	1703	1642	6619	6608	2065	690
6192	6	192	138	121	120	98	108	6393	16400	0	1703	1642	6619	6608	2065	690
6193	6	193	138	121	120	98	108	6393	16400	0	1703	1642	6619	6608	2065	690
6194	6	194	138	121	120	98	108	6393	16400	0	1703	1642	6619	6608	2065	690
6195	6	195	138	121	120	98	108	6393	16400	0	1703	1642	6619	6608	2065	690
6196	6	196	138	121	120	98	108	6393	16400	0	1703	1642	6619	6608	2065	690
6197	6	197	138	121	120	98	108	6393	16400	0	1703	1642	6619	6608	2065	690
6198	6	198	138	121	120	98	108	6393	16400	0	1703	1642	6619	6608	2065	690
6199	6	199	138	121	120	98	108	6393	16400	0	1703	1642	6619	6608	2065	690
6200	6	200	138	121	120	98	108	6393	16400	0	1703	1642	6619	6608	2065	690
6201	6	201	138	121	120	98	108	6393	16400	0	1703	1642	6619	6608	2065	690
6202	6	202	138	121	120	98	108	6393	16400	0	1703	1642	6619	6608	2065	690
6203	6	203	138	121	120	98	108	6393	16400	0	1703	1642	6619	6608	2065	690
6204	6	204	138	121	120	98	108	6393	16400	0	1703	1642	6619	6608	2065	690
6205	6	205	138	121	120	98	108	6393	16400	0	1703	1642	6619	6608	2065	690
6206	6	206	138	121	120	98	108	6393	16400	0	1703	1642	6619	6608	2065	690
6207	6	207	138	121	120	98	108	6393	16400	0	1703	1642	6619	6608	2065	690
6208	6	208	138	121	120	98	108	6393	16400	0	1703	1642	6619	6608	2065	690
6209	6	209	138	121	120	98	108	6393	16400	0	1703	1642	6619	6608	2065	690
6210	6	210	138	121	120	98	108	6393	16400	0	1703	1642	6619	6608	2065	690
6211	6	211	138	121	120	98	108	6393	16400	0	1703	1642	6619	6608	2065	690
6212	6	212	138	121	120	98	108	6393	16400	0	1703	1642	6619	6608	2065	690
6213	6	213	138	121	120	98	108	6393	16400	0	1703	1642	6619	6608	2065	690
6214	6	214	138	121	120	98	108	6393	16400	0	1703	1642	6619	6608	2065	690
6215	6	215	138	121	120	98	108	6393	16400	0	1703	1642	6619	6608	2065	690
6216	6	216	138	121	120	98	108	6393	16400	0	1703	1642	6619	6608	2065	690
6217	6	217	138	121	120	98	108	6393	16400	0	1703	1642	6619	6608	2065	690
6218	6	218	138	121	120	98	108	6393	16400	0	1703	1642	6619	6608	2065	690
6219	6	219	138	121	120	98	108	6393	16400	0	1703	1642	6619	6608	2065	690
6220	6	220	138	121	120	98	108	6393	16400	0	1703	1642	6619	6608	2065	690
6221	6	221	138	121	120	98	108	6393	16400	0	1703	1642	6619	6608	2065	690
6222	6	222	138	121	120	98	108	6393	16400	0	1703	1642	6619	6608	2065	690
6223	6	223	138	121	120	98	108	6393	16400	0	1703	1642	6619	6608	2065	690
6224	6	224	138	121	120	98	108	6393	16400	0	1703	1642	6619	6608	2065	690
6225	6	225	138	121	120	98	108	6393	16400	0	1703	1642	6619	6608	2065	690
6226	6	226	138	121	120	98	108	6393	16400	0	1703	1642	6619	6608	2065	690
6227	6	227	138	121	120	98	108	6393	16400	0	1703	1642	6619	6608	2065	690
6228	6	228	138	121	120	98	108	6393	16400	0	1703	1642	6619	6608	2065	690
6229	6	229	138	121	120	98	108	6393	16400	0	1703	1642	6619	6608	2065	690
6230	6	230	138	121	120	98	108	6393	16400	0	1703	1642	6619	6608	2065	690
6231	6	231	138	121	120	98	108	6393	16400	0	1703	1642	6619	6608	2065	690
6232	6	232	138	121	120	98	108	6393	16400	0	1703	1642	6619	6608	2065	690
6233	6	233	138	121	120	98	108	6393	16400	0	1703	1642	6619	6608	2065	690
6234	6	234	138	121	120	98	108	6393	16400	0	1703	1642	6619	6608	2065	690
6235	6	235	138	121	120	98	108	6393	16400	0	1703	1642	6619	6608	2065	690
6236	6	236	138	121	120	98	108	6393	16400	0	1703	1642	6619	6608	2065	690
6237	6	237	138	121	120	98	108	6393	16400	0	1703	1642	6619	6608	2065	690
6238	6	238	138	121	120	98	108	6393	16400	0	1703	1642	6619	6608	2065	690
6239	6	239	138	121	120	98	108	6393	16400	0	1703	1642	6619	6608	2065	690
6240	6	240	138	121	120	98	108	6393	16400	0	1703	1642	6619	6608	2065	690
6241	6	241	138	121	120	98	108	6393	16400	0	1703	1642	6619	6608	2065	690
6242	6	242	138	121	120	98	108	6393	16400	0	1703	1642	6619	6608	2065	690
6243	6	243	138	121	120	98	108	6393	16400	0	1703	1642	6619	6608	2065	690
6244	6	244	138	121	120	98	108	6393	16400	0	1703	1642	6619	6608	2065	690
6245	6	245	138	121	120	98	108	6393	16400	0	1703	1642	6619	6608	2065	690
6246	6	246	138	121	120	98	108	6393	16400	0	1703	1642	6619	6608	2065	690
6247	6	247	138	121	120	98	108	6393	16400	0	1703	1642	6619	6608	2065	690
6248	6	248	138	121	120	98	108	6393	16400	0	1703	1642	6619	6608	2065	690
6249	6	249	138	121	120	98	108	6393	16400	0	1703	1642	6619	6608	2065	690
6250	6	250	138	121	120	98	108	6393	16400	0	1703	1642	6619	6608	2065	690
6251	6	251	138	121	120	98	108	6393	16400	0	1703	1642	6619	6608	2065	690
6252	6	252	138	121	120	98	108	6393	16400	0	1703	1642	6619	6608	2065	690
6253	6	253	138	121	120	98	108	6393	16400	0	1703	1642	6619	6608	2065	690
6254	6	254	138	121	120	98	108	6393	16400	0	1703	1642	6619	6608	2065	690
6255	6	255	138	121	120	98	108	6393	16400	0	1703	1642	6619	6608	2065	690
6256	6	256	138	121	120	98	108	6393	16400	0	1703	1642	6619	6608	2065	690
6257	6	257	138	121	120	98	108	6393	16400	0	1703	1642	6619	6608	2065	690
6258	6	258	138	121	120	98	108	6393	16400	0	1703	1642	6619	6608	2065	690
6259	6	259	138	121	120	98	108	6393	16400	0	1703	1642	6619	6608	2065	690
6260	6	260	138	121	120	98	108	6393	16400	0	1703	1642	6619	6608	2065	690
6261	6	261	138	121	120	98	108	6393	16400	0	1703	1642	6619	6608	2065	690
6262	6	262	138	121	120	98	108	6393	16400	0	1703	1642	6619	6608	2065	690
6263	6	263	138	121	120	98	108	6393	16400	0	1703	1642	6619	6608	2065	690
6264	6	264	138	121	120	98	108	6393	16400	0	1703	1642	6619	6608	2065	690
6265	6	265	138	121	120	98	108	6393	16400	0	1703	1642	6619	6608	2065	690
6266	6	266	138	121	120	98	108	6393	16400	0	1703	1642	6619	6608	2065	690
6267	6	267	138	121	120	98	108	6393	16400	0	1703	1642	6619	6608	2065	690
6268	6	268	138	121	120	98	108	6393	16400	0	1703	1642	6619	6608	2065	690
6269	6	269	138	121	120	98	108	6393	16400	0	1703	1642	6619	6608	2065	690
6270	6	270	138	121	120	98	108	6393	16400	0	1703	1642	6619	6608	2065	690
6271	6	271	138	121	120	98	108	6393	16400	0	1703	1642	6619	6608	2065	690
6272	6	272	138	121	120	98	108	6393	16400	0	1703	1642	6619	6608	2065	690
6273	6	273	138	121	120	98	108	6393	16400	0	1703	1642	6619	6608	2065	690
6274	6	274	138	121	120	98	108	6393	16400	0	1703	1642	6619	6608	2065	690
6275	6	275	138	121	120	98	108	6393	16400	0	1703	1642	6619	6608	2065	690
6276	6	276	138	121	120	98	108	6393	16400	0	1703	1642	6619	6608	2065	690
6277	6	277	138	121	120	98	108	6393	16400	0	1703	1642	6619	6608	2065	690
6278	6	278	138	121	120	98	108	6393	16400	0	1703	1642	6619	6608	2065	690
6279	6	279	138	121	120	98	108	6393	16400	0	1703	1642	6619	6608	2065	690
6280	6	280	138	121	120	98	108	6393	16400	0	1703	1642	6619	6608	2065	690
6281	6	281	138	121	120	98	108	6393	16400	0	1703	1642	6619	6608	2065	690
6282	6	282	138	121	120	98	108	6393	16400	0	1703	1642	6619	6608	2065	690
6283	6	283	138	121	120	98	108	6393	16400	0	1703	1642	6619	6608	2065	690
6284	6	284	138	121	120	98	108	6393	16400	0	1703	1642	6619	6608	2065	690
6285	6	285	138	121	120	98	108	6393	16400	0	1703	1642	6619	6608	2065	690
6286	6	286	138	121	120	98	108	6393	16400	0	1703	1642	6619	6608	2065	690
6287	6	287	138	121	120	98	108	6393	16400	0	1703	1642	6619	6608	2065	690
6288	6	288	138	121	120	98	108	6393	16400	0	1703	1642	6619	6608	2065	690
6289	6	289	138	121	120	98	108	6393	16400	0	1703	1642	6619	6608	2065	690
6290	6	290	138	121	120	98	108	6393	16400	0	1703	1642	6619	6608	2065	690
6291	6	291	138	121	120	98	108	6393	16400	0	1703	1642	6619	6608	2065	690
6292	6	292	138	121	120	98	108	6393	16400	0	1703	1642	6619	6608	2065	690
6293	6	293	138	121	120	98	108	6393	16400	0	1703	1642	6619	6608	2065	690
6294	6	294	138	121	120	98	108	6393	16400	0	1703	1642	6619	6608	2065	690
6295	6	295	138	121	120	98	108	6393	16400	0	1703	1642	6619	6608	2065	690
6296	6	296	138	121	120	98	108	6393	16400	0	1703	1642	6619	6608	2065	690
6297	6	297	138	121	120	98	108	6393	16400	0	1703	1642	6619	6608	2065	690
6298	6	298	138	121	120	98	108	6393	16400	0	1703	1642	6619	6608	2065	690
6299	6	299	138	121	120	98	108	6393	16400	0	1703	1642	6619	6608	2065	690
6300	6	300	138	121	120	98	108	6393	16400	0	1703	1642	6619	6608	2065	690
6301	6	301	138	121	120	98	108	6393	16400	0	1703	1642	6619	6608	2065	690
6302	6	302	138	121	120	98	108	6393	16400	0	1703	1642	6619	6608	2065	690
6303	6	303	138	121	120	98	108	6393	16400	0	1703	1642	6619	6608	2065	690
6304	6	304	138	121	120	98	108	6393	16400	0	1703	1642	6619	6608	2065	690
6305	6	305	138	121	120	98	108	6393	16400	0	1703	1642	6619	6608	2065	690
6306	6	306	138	121	120	98	108	6393	16400	0	1703	1642	6619	6608	2065	690
6307	6	307	138	121	120	98	108	6393	16400	0	1703	1642	6619	6608	2065	690
6308	6	308	138	121	120	98	108	6393	16400	0	1703	1642	6619	6608	2065	690
6309	6	309	138	121	120	98	108	6393	16400	0	1703	1642	6619	6608	2065	690
6310	6	310	138	121	120	98	108	6393	16400	0	1703	1642	6619	6608	2065	690
6311	6	311	138	121	120	98	108	6393	16400	0	1703	1642	6619	6608	2065	690
6312	6	312	138	121	120	98	108	6393	16400	0	1703	1642	6619	6608	2065	690
6313	6	313	138	121	120	98	108	6393	16400	0	1703	1642	6619	6608	2065	690
6314	6	314	138	121	120	98	108	6393	16400	0	1703	1642	6619	6608	2065	690
6315	6	315	138	121	120	98	108	6393	16400	0	1703	1642	6619	6608	2065	690
6316	6	316	138	121	120	98	108	6393	16400	0	1703	1642	6619	6608	2065	690
6317	6	317	138	121	120	98	108	6393	16400	0	1703	1642	6619	6608	2065	690
6318	6	318	138	121	120	98	108	6393	16400	0	1703	1642	6619	6608	2065	690
6319	6	319	138	121	120	98	108	6393	16400	0	1703	1642	6619	6608	2065	690
6320	6	320	138	121	120	98	108	6393	16400	0	1703	1642	6619	6608	2065	690
6321	6	321	138	121	120	98	108	6393	16400	0	1703	1642	6619	6608	2065	690
6322	6	322	138	121	120	98	108	6393	16400	0	1703	1642	6619	6608	2065	690
6323	6	323	138	121	120	98	108	6393	16400	0	1703	1642	6619	6608	2065	690
6324	6	324	138	121	120	98	108	6393	16400	0	1703	1642	6619	6608	2065	690
6325	6	325	138	121	120	98	108	6393	16400	0	1703	1642	6619	6608	2065	690
6326	6	326	138	121	120	98	108	6393	16400	0	1703	1642	6619	6608	2065	690
6327	6	327	138	121	120	98	108	6393	16400	0	1703	1642	6619	6608	2065	690
6328	6	328	138	121	120	98	108	6393	16400	0	1703	1642	6619	6608	2065	690
6329	6	329	138	121	120	98	108	6393	16400	0	1703	1642	6619	6608	2065	690
6330	6	330	138	121	120	98	108	6393	16400	0	1703	1642	6619	6608	2065	690
6331	6	331	138	121	120	98	108	6393	16400	0	1703	1642	6619	6608	2065	690
6332	6	332	138	121	120	98	108	6393	16400	0	1703	1642	6619	6608	2065	690
6333	6	333	138	121	120	98	108	6393	16400	0	1703	1642	6619	6608	2065	690
6334	6	334	138	121	120	98	108	6393	16400	0	1703	1642	6619	6608	2065	690
6335	6	335	138	121	120	98	108	6393	16400	0	1703	1642	6619	6608	2065	690
6336	6	336	138	121	120	98	108	6393	16400	0	1703	1642	6619	6608	2065	690
6337	6	337	138	121	120	98	108	6393	16400	0	1703	1642	6619	6608	2065	690
6338	6	338	138	121	120	98	108	6393	16400	0	1703	1642	6619	6608	2065	690
6339	6	339	138	121	120	98	108	6393	16400	0	1703	1642	6619	6608	2065	690
6340	6	340	138	121	120	98	108	6393	16400	0	1703	1642	6619	6608	2065	690
6341	6	341	138	121	120	98	108	6393	16400	0	1703	1642	6619	6608	2065	690
6342	6	342	138	121	120	98	108	6393	16400	0	1703	1642	6619	6608	2065	690
6343	6	343	138	121	120	98	108	6393	16400	0	1703	1642	6619	6608	2065	690
6344	6	344	138	121	120	98	108	6393	16400	0	1703	1642	6619	6608	2065	690
6345	6	345	138	121	120	98	108	6393	16400	0	1703	1642	6619	6608	2065	690
6346	6	346	138	121	120	98	108	6393	16400	0	1703	1642	6619	6608	2065	690
6347	6	347	138	121	120	98	108	6393	16400	0	1703	1642	6619	6608	2065	690
6348	6	348	138	121	120	98	108	6393	16400	0	1703	1642	6619	6608	2065	690
6349	6	349	138	121	120	98	108	6393	16400	0	1703	1642	6619	6608	2065	690
6350	6	350	138	121	120	98	108	6393	16400	0	1703	1642	6619	6608	2065	690
6351	6	351	138	121	120	98	108	6393	16400	0	1703	1642	6619	6608	2065	690
6352	6	352	138	121	120	98	108	6393	16400	0	1703	1642	6619	6608	2065	690
6353	6	353	138	121	120	98	108	6393	16400	0	1703	1642	6619	6608	2065	690
6354	6	354	138	121	120	98	108	6393	16400	0	1703	1642	6619	6608	2065	690
6355	6	355	138	121	120	98	108	6393	16400	0	1703	1642	6619	6608	2065	690
6356	6	356	138	121	120	98	108	6393	16400	0	1703	1642	6619	6608	2065	690
6357	6	357	138	121	120	98	108	6393	16400	0	1703	1642	6619	6608	2065	690
6358	6	358	138	121	120	98	108	6393	16400	0	1703	1642	6619	6608	2065	690
6359	6	359	138	121	120	98	108	6393	16400	0	1703	1642	6619	6608	2065	690
6360	6	360	138	121	120	98	108	6393	16400	0	1703	1642	6619	6608	2065	690
6361	6	361	138	121	120	98	108	6393	16400	0	1703	1642	6619	6608	2065	690
6362	6	362	138	121	120	98	108	6393	16400	0	1703	1642	6619	6608	2065	690
6363	6	363	138	121	120	98	108	6393	16400	0	1703	1642	6619	6608	2065	690
6364	6	364	138	121	120	98	108	6393	16400	0	1703	1642	6619	6608	2065	690
6365	6	365	138	121	120	98	108	6393	16400	0	1703	1642	6619	6608	2065	690
6366	6	366	138	121	120	98	108	6393	16400	0	1703	1642	6619	6608	2065	690
6367	6	367	138	121	120	98	108	6393	16400	0	1703	1642	6619	6608	2065	690
6368	6	368	138	121	120	98	108	6393	16400	0	1703	1642	6619	6608	2065	690
6369	6	369	138	121	120	98	108	6393	16400	0	1703	1642	6619	6608	2065	690
6370	6	370	138	121	120	98	108	6393	16400	0	1703	1642	6619	6608	2065	690
6371	6	371	138	121	120	98	108	6393	16400	0	1703	1642	6619	6608	2065	690
6372	6	372	138	121	120	98	108	6393	16400	0	1703	1642	6619	6608	2065	690
6373	6	373	138	121	120	98	108	6393	16400	0	1703	1642	6619	6608	2065	690
6374	6	374	138	121	120	98	108	6393	16400	0	1703	1642	6619	6608	2065	690
6375	6	375	138	121	120	98	108	6393	16400	0	1703	1642	6619	6608	2065	690
6376	6	376	138	121	120	98	108	6393	16400	0	1703	1642	6619	6608	2065	690
6377	6	377	138	121	120	98	108	6393	16400	0	1703	1642	6619	6608	2065	690
6378	6	378	138	121	120	98	108	6393	16400	0	1703	1642	6619	6608	2065	690
6379	6	379	138	121	120	98	108	6393	16400	0	1703	1642	6619	6608	2065	690
6380	6	380	138	121	120	98	108	6393	16400	0	1703	1642	6619	6608	2065	690
6381	6	381	138	121	120	98	108	6393	16400	0	1703	1642	6619	6608	2065	690
6382	6	382	138	121	120	98	108	6393	16400	0	1703	1642	6619	6608	2065	690
6383	6	383	138	121	120	98	108	6393	16400	0	1703	1642	6619	6608	2065	690
6384	6	384	138	121	120	98	108	6393	16400	0	1703	1642	6619	6608	2065	690
6385	6	385	138	121	120	98	108	6393	16400	0	1703	1642	6619	6608	2065	690
6386	6	386	138	121	120	98	108	6393	16400	0	1703	1642	6619	6608	2065	690
6387	6	387	138	121	120	98	108	6393	16400	0	1703	1642	6619	6608	2065	690
6388	6	388	138	121	120	98	108	6393	16400	0	1703	1642	6619	6608	2065	690
6389	6	389	138	121	120	98	108	6393	16400	0	1703	1642	6619	6608	2065	690
6390	6	390	138	121	120	98	108	6393	16400	0	1703	1642	6619	6608	2065	690
6391	6	391	138	121	120	98	108	6393	16400	0	1703	1642	6619	6608	2065	690
6392	6	392	138	121	120	98	108	6393	16400	0	1703	1642	6619	6608	2065	690
6393	6	393	138	121	120	98	108	6393	16400	0	1703	1642	6619	6608	2065	690
6394	6	394	138	121	120	98	108	6393	16400	0	1703	1642	6619	6608	2065	690
6395	6	395	138	121	120	98	108	6393	16400	0	1703	1642	6619	6608	2065	690
6396	6	396	138	121	120	98	108	6393	16400	0	1703	1642	6619	6608	2065	690
6397	6	397	138	121	120	98	108	6393	16400	0	1703	1642	6619	6608	2065	690
6398	6	398	138	121	120	98	108	6393	16400	0	1703	1642	6619	6608	2065	690
6399	6	399	138	121	120	98	108	6393	16400	0	1703	1642	6619	6608	2065	690
6400	6	400	138	121	120	98	108	6393	16400	0	1703	1642	6619	6608	2065	690
6401	6	401	138	121	120	98	108	6393	16400	0	1703	1642	6619	6608	2065	690
6402	6	402	138	121	120	98	108	6393	16400	0	1703	1642	6619	6608	2065	690
6403	6	403	138	121	120	98	108	6393	16400	0	1703	1642	6619	6608	2065	690
6404	6	404	138	121	120	98	108	6393	16400	0	1703	1642	6619	6608	2065	690
6405	6	405	138	121	120	98	108	6393	16400	0	1703	1642	6619	6608	2065	690
6406	6	406	138	121	120	98	108	6393	16400	0	1703	1642	6619	6608	2065	690
6407	6	407	138	121	120	98	108	6393	16400	0	1703	1642	6619	6608	2065	690
6408	6	408	138	121	120	98	108	6393	16400	0	1703	1642	6619	6608	2065	690
6409	6	409	138	121	120	98	108	6393	16400	0	1703	1642	6619	6608	2065	690
6410	6	410	138	121	120	98	108	6393	16400	0	1703	1642	6619	6608	2065	690
6411	6	411	138	121	120	98	108	6393	16400	0	1703	1642	6619	6608	2065	690
6412	6	412	138	121	120	98	108	6393	16400	0	1703	1642	6619	6608	2065	690
6413	6	413	138	121	120	98	108	6393	16400	0	1703	1642	6619	6608	2065	690
6414	6	414	138	121	120	98	108	6393	16400	0	1703	1642	6619	6608	2065	690
6415	6	415	138	121	120	98	108	6393	16400	0	1703	1642	6619	6608	2065	690
6416	6	416	138	121	120	98	108	6393	16400	0	1703	1642	6619	6608	2065	690
6417	6	417	138	121	120	98	108	6393	16400	0	1703	1642	6619	6608	2065	690
6418	6	418	138	121	120	98	108	6393	16400	0	1703	1642	6619	6608	2065	690
6419	6	419	138	121	120	98	108	6393	16400	0	1703	1642	6619	6608	2065	690
6420	6	420	138	121	120	98	108	6393	16400	0	1703	1642	6619	6608	2065	690
6421	6	421	138	121	120	98	108	6393	16400	0	1703	1642	6619	6608	2065	690
6422	6	422	138	121	120	98	108	6393	16400	0	1703	1642	6619	6608	2065	690
6423	6	423	138	121	120	98	108	6393	16400	0	1703	1642	6619	6608	2065	690
6424	6	424	138	121	120	98	108	6393	16400	0	1703	1642	6619	6608	2065	690
6425	6	425	138	121	120	98	108	6393	16400	0	1703	1642	6619	6608	2065	690
6426	6	426	138	121	120	98	108	6393	16400	0	1703	1642	6619	6608	2065	690
6427	6	427	138	121	120	98	108	6393	16400	0	1703	1642	6619	6608	2065	690
6428	6	428	138	121	120	98	108	6393	16400	0	1703	1642	6619	6608	2065	690
6429	6	429	138	121	120	98	108	6393	16400	0	1703	1642	6619	6608	2065	690
6430	6	430	138	121	120	98	108	6393	16400	0	1703	1642	6619	6608	2065	690
6431	6	431	138	121	120	98	108	6393	16400	0	1703	1642	6619	6608	2065	690
6432	6	432	138	121	120	98	108	6393	16400	0	1703	1642	6619	6608	2065	690
6433	6	433	138	121	120	98	108	6393	16400	0	1703	1642	6619	6608	2065	690
6434	6	434	138	121	120	98	108	6393	16400	0	1703	1642	6619	6608	2065	690
6435	6	435	138	121	120	98	108	6393	16400	0	1703	1642	6619	6608	2065	690
6436	6	436	138	121	120	98	108	6393	16400	0	1703	1642	6619	6608	2065	690
6437	6	437	138	121	120	98	108	6393	16400	0	1703	1642	6619	6608	2065	690
6438	6	438	138	121	120	98	108	6393	16400	0	1703	1642	6619	6608	2065	690
6439	6	439	138	121	120	98	108	6393	16400	0	1703	1642	6619	6608	2065	690
6440	6	440	138	121	120	98	108	6393	16400	0	1703	1642	6619	6608	2065	690
6441	6	441	138	121	120	98	108	6393	16400	0	1703	1642	6619	6608	2065	690
6442	6	442	138	121	120	98	108	6393	16400	0	1703	1642	6619	6608	2065	690
6443	6	443	138	121	120	98	108	6393	16400	0	1703	1642	6619	6608	2065	690
6444	6	444	138	121	120	98	108	6393	16400	0	1703	1642	6619	6608	2065	690
6445	6	445	138	121	120	98	108	6393	16400	0	1703	1642	6619	6608	2065	690
6446	6	446	138	121	120	98	108	6393	16400	0	1703	1642	6619	6608	2065	690
6447	6	447	138	121	120	98	108	6393	16400	0	1703	1642	6619	6608	2065	690
6448	6	448	138	121	120	98	108	6393	16400	0	1703	1642	6619	6608	2065	690
6449	6	449	138	121	120	98	108	6393	16400	0	1703	1642	6619	6608	2065	690
6450	6	450	138	121	120	98	108	6393	16400	0	1703	1642	6619	6608	2065	690
6451	6	451	138	121	120	98	108	6393	16400	0	1703	1642	6619	6608	2065	690
6452	6	452	138	121	120	98	108	6393	16400	0	1703	1642	6619	6608	2065	690
6453	6	453	138	121	120	98	108	6393	16400	0	1703	1642	6619	6608	2065	690
6454	6	454	138	121	120	98	108	6393	16400	0	1703	1642	6619	6608	2065	690
6455	6	455	138	121	120	98	108	6393	16400	0	1703	1642	6619	6608	2065	690
6456	6	456	138	121	120	98	108	6393	16400	0	1703	1642	6619	6608	2065	690
6457	6	457	138	121	120	98	108	6393	16400	0	1703	1642	6619	6608	2065	690
6458	6	458	138	121	120	98	108	6393	16400	0	1703	1642	6619	6608	2065	690
6459	6	459	138	121	120	98	108	6393	16400	0	1703	1642	6619	6608	2065	690
6460	6	460	138	121	120	98	108	6393	16400	0	1703	1642	6619	6608	2065	690
6461	6	461	138	121	120	98	108	6393	16400	0	1703	1642	6619	6608	2065	690
6462	6	462	138	121	120	98	108	6393	16400	0	1703	1642	6619	6608	2065	690
6463	6	463	138	121	120	98	108	6393	16400	0	1703	1642	6619	6608	2065	690
6464	6	464	138	121	120	98	108	6393	16400	0	1703	1642	6619	6608	2065	690
6465	6	465	138	121	120	98	108	6393	16400	0	1703	1642	6619	6608	2065	690
6466	6	466	138	121	120	98	108	6393	16400	0	1703	1642	6619	6608	2065	690
6467	6	467	138	121	120	98	108	6393	16400	0	1703	1642	6619	6608	2065	690
6468	6	468	138	121	120	98	108	6393	16400	0	1703	1642	6619	6608	2065	690
6469	6	469	138	121	120	98	108	6393	16400	0	1703	1642	6619	6608	2065	690
6470	6	470	138	121	120	98	108	6393	16400	0	1703	1642	6619	6608	2065	690
6471	6	471	138	121	120	98	108	6393	16400	0	1703	1642	6619	6608	2065	690
6472	6	472	138	121	120	98	108	6393	16400	0	1703	1642	6619	6608	2065	690
6473	6	473	138	121	120	98	108	6393	16400	0	1703	1642	6619	6608	2065	690
6474	6	474	138	121	120	98	108	6393	16400	0	1703	1642	6619	6608	2065	690
6475	6	475	138	121	120	98	108	6393	16400	0	1703	1642	6619	6608	2065	690
6476	6	476	138	121	120	98	108	6393	16400	0	1703	1642	6619	6608	2065	690
6477	6	477	138	121	120	98	108	6393	16400	0	1703	1642	6619	6608	2065	690
6478	6	478	138	121	120	98	108	6393	16400	0	1703	1642	6619	6608	2065	690
6479	6	479	138	121	120	98	108	6393	16400	0	1703	1642	6619	6608	2065	690
6480	6	480	138	121	120	98	108	6393	16400	0	1703	1642	6619	6608	2065	690
6481	6	481	138	121	120	98	108	6393	16400	0	1703	1642	6619	6608	2065	690
6482	6	482	138	121	120	98	108	6393	16400	0	1703	1642	6619	6608	2065	690
6483	6	483	138	121	120	98	108	6393	16400	0	1703	1642	6619	6608	2065	690
6484	6	484	138	121	120	98	108	6393	16400	0	1703	1642	6619	6608	2065	690
6485	6	485	138	121	120	98	108	6393	16400	0	1703	1642	6619	6608	2065	690
6486	6	486	138	121	120	98	108	6393	16400	0	1703	1642	6619	6608	2065	690
6487	6	487	138	121	120	98	108	6393	16400	0	1703	1642	6619	6608	2065	690
6488	6	488	138	121	120	98	108	6393	16400	0	1703	1642	6619	6608	2065	690
6489	6	489	138	121	120	98	108	6393	16400	0	1703	1642	6619	6608	2065	690
6490	6	490	138	121	120	98	108	6393	16400	0	1703	1642	6619	6608	2065	690
6491	6	491	138	121	120	98	108	6393	16400	0	1703	1642	6619	6608	2065	690
6492	6	492	138	121	120	98	108	6393	16400	0	1703	1642	6619	6608	2065	690
6493	6	493	138	121	120	98	108	6393	16400	0	1703	1642	6619	6608	2065	690
6494	6	494	138	121	120	98	108	6393	16400	0	1703	1642	6619	6608	2065	690
6495	6	495	138	121	120	98	108	6393	16400	0	1703	1642	6619	6608	2065	690
6496	6	496	138	121	120	98	108	6393	16400	0	1703	1642	6619	6608	2065	690
6497	6	497	138	121	120	98	108	6393	16400	0	1703	1642	6619	6608	2065	690
6498	6	498	138	121	120	98	108	6393	16400	0	1703	1642	6619	6608	2065	690
6499	6	499	138	121	120	98	108	6393	16400	0	1703	1642	6619	6608	2065	690
6500	6	500	138	121	120	98	108	6393	16400	0	1703	1642	6619	6608	2065	690
6501	6	501	138	121	120	98	108	6393	16400	0	1703	1642	6619	6608	2065	690
6502	6	502	138	121	120	98	108	6393	16400	0	1703	1642	6619	6608	2065	690
6503	6	503	138	121	120	98	108	6393	16400	0	1703	1642	6619	6608	2065	690
6504	6	504	138	121	120	98	108	6393	16400	0	1703	1642	6619	6608	2065	690
6505	6	505	138	121	120	98	108	6393	16400	0	1703	1642	6619	6608	2065	690
6506	6	506	138	121	120	98	108	6393	16400	0	1703	1642	6619	6608	2065	690
6507	6	507	138	121	120	98	108	6393	16400	0	1703	1642	6619	6608	2065	690
6508	6	508	138	121	120	98	108	6393	16400	0	1703	1642	6619	6608	2065	690
6509	6	509	138	121	120	98	108	6393	16400	0	1703	1642	6619	6608	2065	690
6510	6	510	138	121	120	98	108	6393	16400	0	1703	1642	6619	6608	2065	690
6511	6	511	138	121	120	98	108	6393	16400	0	1703	1642	6619	6608	2065	690
6512	6	512	138	121	120	98	108	6393	16400	0	1703	1642	6619	6608	2065	690
6513	6	513	138	121	120	98	108	6393	16400	0	1703	1642	6619	6608	2065	690
6514	6	514	138	121	120	98	108	6393	16400	0	1703	1642	6619	6608	2065	690
6515	6	515	138	121	120	98	108	6393	16400	0	1703	1642	6619	6608	2065	690
6516	6	516	138	121	120	98	108	6393	16400	0	1703	1642	6619	6608	2065	690
6517	6	517	138	121	120	98	108	6393	16400	0	1703	1642	6619	6608	2065	690
6518	6	518	138	121	120	98	108	6393	16400	0	1703	1642	6619	6608	2065	690
6519	6	519	138	121	120	98	108	6393	16400	0	1703	1642	6619	6608	2065	690
6520	6	520	138	121	120	98	108	6393	16400	0	1703	1642	6619	6608	2065	690
6521	6	521	138	121	120	98	108	6393	16400	0	1703	1642	6619	6608	2065	690
6522	6	522	138	121	120	98	108	6393	16400	0	1703	1642	6619	6608	2065	690
6523	6	523	138	121	120	98	108	6393	16400	0	1703	1642	6619	6608	2065	690
6524	6	524	138	121	120	98	108	6393	16400	0	1703	1642	6619	6608	2065	690
6525	6	525	138	121	120	98	108	6393	16400	0	1703	1642	6619	6608	2065	690
6526	6	526	138	121	120	98	108	6393	16400	0	1703	1642	6619	6608	2065	690
6527	6	527	138	121	120	98	108	6393	16400	0	1703	1642	6619	6608	2065	690
6528	6	528	138	121	120	98	108	6393	16400	0	1703	1642	6619	6608	2065	690
6529	6	529	138	121	120	98	108	6393	16400	0	1703	1642	6619	6608	2065	690
6530	6	530	138	121	120	98	108	6393	16400	0	1703	1642	6619	6608	2065	690
6531	6	531	138	121	120	98	108	6393	16400	0	1703	1642	6619	6608	2065	690
6532	6	532	138	121	120	98	108	6393	16400	0	1703	1642	6619	6608	2065	690
6533	6	533	138	121	120	98	108	6393	16400	0	1703	1642	6619	6608	2065	690
6534	6	534	138	121	120	98	108	6393	16400	0	1703	1642	6619	6608	2065	690
6535	6	535	138	121	120	98	108	6393	16400	0	1703	1642	6619	6608	2065	690
6536	6	536	138	121	120	98	108	6393	16400	0	1703	1642	6619	6608	2065	690
6537	6	537	138	121	120	98	108	6393	16400	0	1703	1642	6619	6608	2065	690
6538	6	538	138	121	120	98	108	6393	16400	0	1703	1642	6619	6608	2065	690
6539	6	539	138	121	120	98	108	6393	16400	0	1703	1642	6619	6608	2065	690
6540	6	540	138	121	120	98	108	6393	16400	0	1703	1642	6619	6608	2065	690
6541	6	541	138	121	120	98	108	6393	16400	0	1703	1642	6619	6608	2065	690
6542	6	542	138	121	120	98	108	6393	16400	0	1703	1642	6619	6608	2065	690
6543	6	543	138	121	120	98	108	6393	16400	0	1703	1642	6619	6608	2065	690
6544	6	544	138	121	120	98	108	6393	16400	0	1703	1642	6619	6608	2065	690
6545	6	545	138	121	120	98	108	6393	16400	0	1703	1642	6619	6608	2065	690
6546	6	546	138	121	120	98	108	6393	16400	0	1703	1642	6619	6608	2065	690
6547	6	547	138	121	120	98	108	6393	16400	0	1703	1642	6619	6608	2065	690
6548	6	548	138	121	120	98	108	6393	16400	0	1703	1642	6619	6608	2065	690
6549	6	549	138	121	120	98	108	6393	16400	0	1703	1642	6619	6608	2065	690
6550	6	550	138	121	120	98	108	6393	16400	0	1703	1642	6619	6608	2065	690
6551	6	551	138	121	120	98	108	6393	16400	0	1703	1642	6619	6608	2065	690
6552	6	552	138	121	120	98	108	6393	16400	0	1703	1642	6619	6608	2065	690
6553	6	553	138	121	120	98	108	6393	16400	0	1703	1642	6619	6608	2065	690
6554	6	554	138	121	120	98	108	6393	16400	0	1703	1642	6619	6608	2065	690
6555	6	555	138	121	120	98	108	6393	16400	0	1703	1642	6619	6608	2065	690
6556	6	556	138	121	120	98	108	6393	16400	0	1703	1642	6619	6608	2065	690
6557	6	557	138	121	120	98	108	6393	16400	0	1703	1642	6619	6608	2065	690
6558	6	558	138	121	120	98	108	6393	16400	0	1703	1642	6619	6608	2065	690
6559	6	559	138	121	120	98	108	6393	16400	0	1703	1642	6619	6608	2065	690
6560	6	560	138	121	120	98	108	6393	16400	0	1703	1642	6619	6608	2065	690
6561	6	561	138	121	120	98	108	6393	16400	0	1703	1642	6619	6608	2065	690
6562	6	562	138	121	120	98	108	6393	16400	0	1703	1642	6619	6608	2065	690
6563	6	563	138	121	120	98	108	6393	16400	0	1703	1642	6619	6608	2065	690
6564	6	564	138	121	120	98	108	6393	16400	0	1703	1642	6619	6608	2065	690
6565	6	565	138	121	120	98	108	6393	16400	0	1703	1642	6619	6608	2065	690
6566	6	566	138	121	120	98	108	6393	16400	0	1703	1642	6619	6608	2065	690
6567	6	567	138	121	120	98	108	6393	16400	0	1703	1642	6619	6608	2065	690
6568	6	568	138	121	120	98	108	6393	16400	0	1703	1642	6619	6608	2065	690
6569	6	569	138	121	120	98	108	6393	16400	0	1703	1642	6619	6608	2065	690
6570	6	570	138	121	120	98	108	6393	16400	0	1703	1642	6619	6608	2065	690
6571	6	571	138	121	120	98	108	6393	16400	0	1703	1642	6619	6608	2065	690
6572	6	572	138	121	120	98	108	6393	16400	0	1703	1642	6619	6608	2065	690
6573	6	573	138	121	120	98	108	6393	16400	0	1703	1642	6619	6608	2065	690
6574	6	574	138	121	120	98	108	6393	16400	0	1703	1642	6619	6608	2065	690
6575	6	575	138	121	120	98	108	6393	16400	0	1703	1642	6619	6608	2065	690
6576	6	576	138	121	120	98	108	6393	16400	0	1703	1642	6619	6608	2065	690
6577	6	577	138	121	120	98	108	6393	16400	0	1703	1642	6619	6608	2065	690
6578	6	578	138	121	120	98	108	6393	16400	0	1703	1642	6619	6608	2065	690
6579	6	579	138	121	120	98	108	6393	16400	0	1703	1642	6619	6608	2065	690
6580	6	580	138	121	120	98	108	6393	16400	0	1703	1642	6619	6608	2065	690
6581	6	581	138	121	120	98	108	6393	16400	0	1703	1642	6619	6608	2065	690
6582	6	582	138	121	120	98	108	6393	16400	0	1703	1642	6619	6608	2065	690
6583	6	583	138	121	120	98	108	6393	16400	0	1703	1642	6619	6608	2065	690
6584	6	584	138	121	120	98	108	6393	16400	0	1703	1642	6619	6608	2065	690
6585	6	585	138	121	120	98	108	6393	16400	0	1703	1642	6619	6608	2065	690
6586	6	586	138	121	120	98	108	6393	16400	0	1703	1642	6619	6608	2065	690
6587	6	587	138	121	120	98	108	6393	16400	0	1703	1642	6619	6608	2065	690
6588	6	588	138	121	120	98	108	6393	16400	0	1703	1642	6619	6608	2065	690
6589	6	589	138	121	120	98	108	6393	16400	0	1703	1642	6619	6608	2065	690
6590	6	590	138	121	120	98	108	6393	16400	0	1703	1642	6619	6608	2065	690
6591	6	591	138	121	120	98	108	6393	16400	0	1703	1642	6619	6608	2065	690
6592	6	592	138	121	120	98	108	6393	16400	0	1703	1642	6619	6608	2065	690
6593	6	593	138	121	120	98	108	6393	16400	0	1703	1642	6619	6608	2065	690
6594	6	594	138	121	120	98	108	6393	16400	0	1703	1642	6619	6608	2065	690
6595	6	595	138	121	120	98	108	6393	16400	0	1703	1642	6619	6608	2065	690
6596	6	596	138	121	120	98	108	6393	16400	0	1703	1642	6619	6608	2065	690
6597	6	597	138	121	120	98	108	6393	16400	0	1703	1642	6619	6608	2065	690
6598	6	598	138	121	120	98	108	6393	16400	0	1703	1642	6619	6608	2065	690
6599	6	599	138	121	120	98	108	6393	16400	0	1703	1642	6619	6608	2065	690
6600	6	600	138	121	120	98	108	6393	16400	0	1703	1642	6619	6608	2065	690
6601	6	601	138	121	120	98	108	6393	16400	0	1703	1642	6619	6608	2065	690
6602	6	602	138	121	120	98	108	6393	16400	0	1703	1642	6619	6608	2065	690
6603	6	603	138	121	120	98	108	6393	16400	0	1703	1642	6619	6608	2065	690
6604	6	604	138	121	120	98	108	6393	16400	0	1703	1642	6619	6608	2065	690
6605	6	605	138	121	120	98	108	6393	16400	0	1703	1642	6619	6608	2065	690
6606	6	606	138	121	120	98	108	6393	16400	0	1703	1642	6619	6608	2065	690
6607	6	607	138	121	120	98	108	6393	16400	0	1703	1642	6619	6608	2065	690
6608	6	608	138	121	120	98	108	6393	16400	0	1703	1642	6619	6608	2065	690
6609	6	609	138	121	120	98	108	6393	16400	0	1703	1642	6619	6608	2065	690
6610	6	610	138	121	120	98	108	6393	16400	0	1703	1642	6619	6608	2065	690
6611	6	611	138	121	120	98	108	6393	16400	0	1703	1642	6619	6608	2065	690
6612	6	612	138	121	120	98	108	6393	16400	0	1703	1642	6619	6608	2065	690
6613	6	613	138	121	120	98	108	6393	16400	0	1703	1642	6619	6608	2065	690
6614	6	614	138	121	120	98	108	6393	16400	0	1703	1642	6619	6608	2065	690
6615	6	615	138	121	120	98	108	6393	16400	0	1703	1642	6619	6608	2065	690
6616	6	616	138	121	120	98	108	6393	16400	0	1703	1642	6619	6608	2065	690
6617	6	617	138	121	120	98	108	6393	16400	0	1703	1642	6619	6608	2065	690
6618	6	618	138	121	120	98	108	6393	16400	0	1703	1642	6619	6608	2065	690
6619	6	619	138	121	120	98	108	6393	16400	0	1703	1642	6619	6608	2065	690
6620	6	620	138	121	120	98	108	6393	16400	0	1703	1642	6619	6608	2065	690
6621	6	621	138	121	120	98	108	6393	16400	0	1703	1642	6619	6608	2065	690
6622	6	622	138	121	120	98	108	6393	16400	0	1703	1642	6619	6608	2065	690
6623	6	623	138	121	120	98	108	6393	16400	0	1703	1642	6619	6608	2065	690
6624	6	624	138	121	120	98	108	6393	16400	0	1703	1642	6619	6608	2065	690
6625	6	625	138	121	120	98	108	6393	16400	0	1703	1642	6619	6608	2065	690
6626	6	626	138	121	120	98	108	6393	16400	0	1703	1642	6619	6608	2065	690
6627	6	627	138	121	120	98	108	6393	16400	0	1703	1642	6619	6608	2065	690
6628	6	628	138	121	120	98	108	6393	16400	0	1703	1642	6619	6608	2065	690
6629	6	629	138	121	120	98	108	6393	16400	0	1703	1642	6619	6608	2065	690
6630	6	630	138	121	120	98	108	6393	16400	0	1703	1642	6619	6608	2065	690
6631	6	631	138	121	120	98	108	6393	16400	0	1703	1642	6619	6608	2065	690
6632	6	632	138	121	120	98	108	6393	16400	0	1703	1642	6619	6608	2065	690
6633	6	633	138	121	120	98	108	6393	16400	0	1703	1642	6619	6608	2065	690
6634	6	634	138	121	120	98	108	6393	16400	0	1703	1642	6619	6608	2065	690
6635	6	635	138	121	120	98	108	6393	16400	0	1703	1642	6619	6608	2065	690
6636	6	636	138	121	120	98	108	6393	16400	0	1703	1642	6619	6608	2065	690
6637	6	637	138	121	120	98	108	6393	16400	0	1703	1642	6619	6608	2065	690
6638	6	638	138	121	120	98	108	6393	16400	0	1703	1642	6619	6608	2065	690
6639	6	639	138	121	120	98	108	6393	16400	0	1703	1642	6619	6608	2065	690
6640	6	640	138	121	120	98	108	6393	16400	0	1703	1642	6619	6608	2065	690
6641	6	641	138	121	120	98	108	6393	16400	0	1703	1642	6619	6608	2065	690
6642	6	642	138	121	120	98	108	6393	16400	0	1703	1642	6619	6608	2065	690
6643	6	643	138	121	120	98	108	6393	16400	0	1703	1642	6619	6608	2065	690
6644	6	644	138	121	120	98	108	6393	16400	0	1703	1642	6619	6608	2065	690
6645	6	645	138	121	120	98	108	6393	16400	0	1703	1642	6619	6608	2065	690
6646	6	646	138	121	120	98	108	6393	16400	0	1703	1642	6619	6608	2065	690
6647	6	647	138	121	120	98	108	6393	16400	0	1703	1642	6619	6608	2065	690
6648	6	648	138	121	120	98	108	6393	16400	0	1703	1642	6619	6608	2065	690
6649	6	649	138	121	120	98	108	6393	16400	0	1703	1642	6619	6608	2065	690
6650	6	650	138	121	120	98	108	6393	16400	0	1703	1642	6619	6608	2065	690
6651	6	651	138	121	120	98	108	6393	16400	0	1703	1642	6619	6608	2065	690
6652	6	652	138	121	120	98	108	6393	16400	0	1703	1642	6619	6608	2065	690
6653	6	653	138	121	120	98	108	6393	16400	0	1703	1642	6619	6608	2065	690
6654	6	654	138	121	120	98	108	6393	16400	0	1703	1642	6619	6608	2065	690
6655	6	655	138	121	120	98	108	6393	16400	0	1703	1642	6619	6608	2065	690
6656	6	656	138	121	120	98	108	6393	16400	0	1703	1642	6619	6608	2065	690
6657	6	657	138	121	120	98	108	6393	16400	0	1703	1642	6619	6608	2065	690
6658	6	658	138	121	120	98	108	6393	16400	0	1703	1642	6619	6608	2065	690
6659	6	659	138	121	120	98	108	6393	16400	0	1703	1642	6619	6608	2065	690
6660	6	660	138	121	120	98	108	6393	16400	0	1703	1642	6619	6608	2065	690
6661	6	661	138	121	120	98	108	6393	16400	0	1703	1642	6619	6608	2065	690
6662	6	662	138	121	120	98	108	6393	16400	0	1703	1642	6619	6608	2065	690
6663	6	663	138	121	120	98	108	6393	16400	0	1703	1642	6619	6608	2065	690
6664	6	664	138	121	120	98	108	6393	16400	0	1703	1642	6619	6608	2065	690
6665	6	665	138	121	120	98	108	6393	16400	0	1703	1642	6619	6608	2065	690
6666	6	666	138	121	120	98	108	6393	16400	0	1703	1642	6619	6608	2065	690
6667	6	667	138	121	120	98	108	6393	16400	0	1703	1642	6619	6608	2065	690
6668	6	668	138	121	120	98	108	6393	16400	0	1703	1642	6619	6608	2065	690
6669	6	669	138	121	120	98	108	6393	16400	0	1703	1642	6619	6608	2065	690
6670	6	670	138	121	120	98	108	6393	16400	0	1703	1642	6619	6608	2065	690
6671	6	671	138	121	120	98	108	6393	16400	0	1703	1642	6619	6608	2065	690
6672	6	672	138	121	120	98	108	6393	16400	0	1703	1642	6619	6608	2065	690
6673	6	673	138	121	120	98	108	6393	16400	0	1703	1642	6619	6608	2065	690
6674	6	674	138	121	120	98	108	6393	16400	0	1703	1642	6619	6608	2065	690
6675	6	675	138	121	120	98	108	6393	16400	0	1703	1642	6619	6608	2065	690
6676	6	676	138	121	120	98	108	6393	16400	0	1703	1642	6619	6608	2065	690
6677	6	677	138	121	120	98	108	6393	16400	0	1703	1642	6619	6608	2065	690
6678	6	678	138	121	120	98	108	6393	16400	0	1703	1642	6619	6608	2065	690
6679	6	679	138	121	120	98	108	6393	16400	0	1703	1642	6619	6608	2065	690
6680	6	680	138	121	120	98	108	6393	16400	0	1703	1642	6619	6608	2065	690
6681	6	681	138	121	120	98	108	6393	16400	0	1703	1642	6619	6608	2065	690
6682	6	682	138	121	120	98	108	6393	16400	0	1703	1642	6619	6608	2065	690
6683	6	683	138	121	120	98	108	6393	16400	0	1703	1642	6619	6608	2065	690
6684	6	684	138	121	120	98	108	6393	16400	0	1703	1642	6619	6608	2065	690
6685	6	685	138	121	120	98	108	6393	16400	0	1703	1642	6619	6608	2065	690
6686	6	686	138	121	120	98	108	6393	16400	0	1703	1642	6619	6608	2065	690
6687	6	687	138	121	120	98	108	6393	16400	0	1703	1642	6619	6608	2065	690
6688	6	688	138	121	120	98	108	6393	16400	0	1703	1642	6619	6608	2065	690
6689	6	689	138	121	120	98	108	6393	16400	0	1703	1642	6619	6608	2065	690
6690	6	690	138	121	120	98	108	6393	16400	0	1703	1642	6619	6608	2065	690
6691	6	691	138	121	120	98	108	6393	16400	0	1703	1642	6619	6608	2065	690
6692	6	692	138	121	120	98	108	6393	16400	0	1703	1642	6619	6608	2065	690
6693	6	693	138	121	120	98	108	6393	16400	0	1703	1642	6619	6608	2065	690
6694	6	694	138	121	120	98	108	6393	16400	0	1703	1642	6619	6608	2065	690
6695	6	695	138	121	120	98	108	6393	16400	0	1703	1642	6619	6608	2065	690
6696	6	696	138	121	120	98	108	6393	16400	0	1703	1642	6619	6608	2065	690
6697	6	697	138	121	120	98	108	6393	16400	0	1703	1642	6619	6608	2065	690
6698	6	698	138	121	120	98	108	6393	16400	0	1703	1642	6619	6608	2065	690
6699	6	699	138	121	120	98	108	6393	16400	0	1703	1642	6619	6608	2065	690
6700	6	700	138	121	120	98	108	6393	16400	0	1703	1642	6619	6608	2065	690
6701	6	701	138	121	120	98	108	6393	16400	0	1703	1642	6619	6608	2065	690
6702	6	702	138	121	120	98	108	6393	16400	0	1703	1642	6619	6608	2065	690
6703	6	703	138	121	120	98	108	6393	16400	0	1703	1642	6619	6608	2065	690
6704	6	704	138	121	120	98	108	6393	16400	0	1703	1642	6619	6608	2065	690
6705	6	705	138	121	120	98	108	6393	16400	0	1703	1642	6619	6608	2065	690
6706	6	706	138	121	120	98	108	6393	16400	0	1703	1642	6619	6608	2065	690
6707	6	707	138	121	120	98	108	6393	16400	0	1703	1642	6619	6608	2065	690
6708	6	708	138	121	120	98	108	6393	16400	0	1703	1642	6619	6608	2065	690
6709	6	709	138	121	120	98	108	6393	16400	0	1703	1642	6619	6608	2065	690
6710	6	710	138	121	120	98	108	6393	16400	0	1703	1642	6619	6608	2065	690
6711	6	711	138	121	120	98	108	6393	16400	0	1703	1642	6619	6608	2065	690
6712	6	712	138	121	120	98	108	6393	16400	0	1703	1642	6619	6608	2065	690
6713	6	713	138	121	120	98	108	6393	16400	0	1703	1642	6619	6608	2065	690
6714	6	714	138	121	120	98	108	6393	16400	0	1703	1642	6619	6608	2065	690
6715	6	715	138	121	120	98	108	6393	16400	0	1703	1642	6619	6608	2065	690
6716	6	716	138	121	120	98	108	6393	16400	0	1703	1642	6619	6608	2065	690
6717	6	717	138	121	120	98	108	6393	16400	0	1703	1642	6619	6608	2065	690
6718	6	718	138	121	120	98	108	6393	16400	0	1703	1642	6619	6608	2065	690
6719	6	719	138	121	120	98	108	6393	16400	0	1703	1642	6619	6608	2065	690
6720	6	720	138	121	120	98	108	6393	16400	0	1703	1642	6619	6608	2065	690
6721	6	721	138	121	120	98	108	6393	16400	0	1703	1642	6619	6608	2065	690
6722	6	722	138	121	120	98	108	6393	16400	0	1703	1642	6619	6608	2065	690
6723	6	723	138	121	120	98	108	6393	16400	0	1703	1642	6619	6608	2065	690
6724	6	724	138	121	120	98	108	6393	16400	0	1703	1642	6619	6608	2065	690
6725	6	725	138	121	120	98	108	6393	16400	0	1703	1642	6619	6608	2065	690
6726	6	726	138	121	120	98	108	6393	16400	0	1703	1642	6619	6608	2065	690
6727	6	727	138	121	120	98	108	6393	16400	0	1703	1642	6619	6608	2065	690
6728	6	728	138	121	120	98	108	6393	16400	0	1703	1642	6619	6608	2065	690
6729	6	729	138	121	120	98	108	6393	16400	0	1703	1642	6619	6608	2065	690
6730	6	730	138	121	120	98	108	6393	16400	0	1703	1642	6619	6608	2065	690
6731	6	731	138	121	120	98	108	6393	16400	0	1703	1642	6619	6608	2065	690
6732	6	732	138	121	120	98	108	6393	16400	0	1703	1642	6619	6608	2065	690
6733	6	733	138	121	120	98	108	6393	16400	0	1703	1642	6619	6608	2065	690
6734	6	734	138	121	120	98	108	6393	16400	0	1703	1642	6619	6608	2065	690
6735	6	735	138	121	120	98	108	6393	16400	0	1703	1642	6619	6608	2065	690
6736	6	736	138	121	120	98	108	6393	16400	0	1703	1642	6619	6608	2065	690
6737	6	737	138	121	120	98	108	6393	16400	0	1703	1642	6619	6608	2065	690
6738	6	738	138	121	120	98	108	6393	16400	0	1703	1642	6619	6608	2065	690
6739	6	739	138	121	120	98	108	6393	16400	0	1703	1642	6619	6608	2065	690
6740	6	740	138	121	120	98	108	6393	16400	0	1703	1642	6619	6608	2065	690
6741	6	741	138	121	120	98	108	6393	16400	0	1703	1642	6619	6608	2065	690
6742	6	742	138	121	120	98	108	6393	16400	0	1703	1642	6619	6608	2065	690
6743	6	743	138	121	120	98	108	6393	16400	0	1703	1642	6619	6608	2065	690
6744	6	744	138	121	120	98	108	6393	16400	0	1703	1642	6619	6608	2065	690
6745	6	745	138	121	120	98	108	6393	16400	0	1703	1642	6619	6608	2065	690
6746	6	746	138	121	120	98	108	6393	16400	0	1703	1642	6619	6608	2065	690
6747	6	747	138	121	120	98	108	6393	16400	0	1703	1642	6619	6608	2065	690
6748	6	748	138	121	120	98	108	6393	16400	0	1703	1642	6619	6608	2065	690
6749	6	749	138	121	120	98	108	6393	16400	0	1703	1642	6619	6608	2065	690
6750	6	750	138	121	120	98	108	6393	16400	0	1703	1642	6619	6608	2065	690
6751	6	751	138	121	120	98	108	6393	16400	0	1703	1642	6619	6608	2065	690
6752	6	752	138	121	120	98	108	6393	16400	0	1703	1642	6619	6608	2065	690
6753	6	753	138	121	120	98	108	6393	16400	0	1703	1642	6619	6608	2065	690
6754	6	754	138	121	120	98	108	6393	16400	0	1703	1642	6619	6608	2065	690
6755	6	755	138	121	120	98	108	6393	16400	0	1703	1642	6619	6608	2065	690
6756	6	756	138	121	120	98	108	6393	16400	0	1703	1642	6619	6608	2065	690
6757	6	757	138	121	120	98	108	6393	16400	0	1703	1642	6619	6608	2065	690
6758	6	758	138	121	120	98	108	6393	16400	0	1703	1642	6619	6608	2065	690
6759	6	759	138	121	120	98	108	6393	16400	0	1703	1642	6619	6608	2065	690
6760	6	760	138	121	120	98	108	6393	16400	0	1703	1642	6619	6608	2065	690
6761	6	761	138	121	120	98	108	6393	16400	0	1703	1642	6619	6608	2065	690
6762	6	762	138	121	120	98	108	6393	16400	0	1703	1642	6619	6608	2065	690
6763	6	763	138	121	120	98	108	6393	16400	0	1703	1642	6619	6608	2065	690
6764	6	764	138	121	120	98	108	6393	16400	0	1703	1642	6619	6608	2065	690
6765	6	765	138	121	120	98	108	6393	16400	0	1703	1642	6619	6608	2065	690
6766	6	766	138	121	120	98	108	6393	16400	0	1703	1642	6619	6608	2065	690
6767	6	767	138	121	120	98	108	6393	16400	0	1703	1642	6619	6608	2065	690
6768	6	768	138	121	120	98	108	6393	16400	0	1703	1642	6619	6608	2065	690
6769	6	769	138	121	120	98	108	6393	16400	0	1703	1642	6619	6608	2065	690
6770	6	770	138	121	120	98	108	6393	16400	0	1703	1642	6619	6608	2065	690
6771	6	771	138	121	120	98	108	6393	16400	0	1703	1642	6619	6608	2065	690
6772	6	772	138	121	120	98	108	6393	16400	0	1703	1642	6619	6608	2065	690
6773	6	773	138	121	120	98	108	6393	16400	0	1703	1642	6619	6608	2065	690
6774	6	774	138	121	120	98	108	6393	16400	0	1703	1642	6619	6608	2065	690
6775	6	775	138	121	120	98	108	6393	16400	0	1703	1642	6619	6608	2065	690
6776	6	776	138	121	120	98	108	6393	16400	0	1703	1642	6619	6608	2065	690
6777	6	777	138	121	120	98	108	6393	16400	0	1703	1642	6619	6608	2065	690
6778	6	778	138	121	120	98	108	6393	16400	0	1703	1642	6619	6608	2065	690
6779	6	779	138	121	120	98	108	6393	16400	0	1703	1642	6619	6608	2065	690
6780	6	780	138	121	120	98	108	6393	16400	0	1703	1642	6619	6608	2065	690
6781	6	781	138	121	120	98	108	6393	16400	0	1703	1642	6619	6608	2065	690
6782	6	782	138	121	120	98	108	6393	16400	0	1703	1642	6619	6608	2065	690
6783	6	783	138	121	120	98	108	6393	16400	0	1703	1642	6619	6608	2065	690
6784	6	784	138	121	120	98	108	6393	16400	0	1703	1642	6619	6608	2065	690
6785	6	785	138	121	120	98	108	6393	16400	0	1703	1642	6619	6608	2065	690
6786	6	786	138	121	120	98	108	6393	16400	0	1703	1642	6619	6608	2065	690
6787	6	787	138	121	120	98	108	6393	16400	0	1703	1642	6619	6608	2065	690
6788	6	788	138	121	120	98	108	6393	16400	0	1703	1642	6619	6608	2065	690
6789	6	789	138	121	120	98	108	6393	16400	0	1703	1642	6619	6608	2065	690
6790	6	790	138	121	120	98	108	6393	16400	0	1703	1642	6619	6608	2065	690
6791	6	791	138	121	120	98	108	6393	16400	0	1703	1642	6619	6608	2065	690
6792	6	792	138	121	120	98	108	6393	16400	0	1703	1642	6619	6608	2065	690
6793	6	793	138	121	120	98	108	6393	16400	0	1703	1642	6619	6608	2065	690
6794	6	794	138	121	120	98	108	6393	16400	0	1703	1642	6619	6608	2065	690
6795	6	795	138	121	120	98	108	6393	16400	0	1703	1642	6619	6608	2065	690
6796	6	796	138	121	120	98	108	6393	16400	0	1703	1642	6619	6608	2065	690
6797	6	797	138	121	120	98	108	6393	16400	0	1703	1642	6619	6608	2065	690
6798	6	798	138	121	120	98	108	6393	16400	0	1703	1642	6619	6608	2065	690
6799	6	799	138	121	120	98	108	6393	16400	0	1703	1642	6619	6608	2065	690
6800	6	800	138	121	120	98	108	6393	16400	0	1703	1642	6619	6608	2065	690
6801	6	801	138	121	120	98	108	6393	16400	0	1703	1642	6619	6608	2065	690
6802	6	802	138	121	120	98	108	6393	16400	0	1703	1642	6619	6608	2065	690
6803	6	803	138	121	120	98	108	6393	16400	0	1703	1642	6619	6608	2065	690
6804	6	804	138	121	120	98	108	6393	16400	0	1703	1642	6619	6608	2065	690
6805	6	805	138	121	120	98	108	6393	16400	0	1703	1642	6619	6608	2065	690
6806	6	806	138	121	120	98	108	6393	16400	0	1703	1642	6619	6608	2065	690
6807	6	807	138	121	120	98	108	6393	16400	0	1703	1642	6619	6608	2065	690
6808	6	808	138	121	120	98	108	6393	16400	0	1703	1642	6619	6608	2065	690
6809	6	809	138	121	120	98	108	6393	16400	0	1703	1642	6619	6608	2065	690
6810	6	810	138	121	120	98	108	6393	16400	0	1703	1642	6619	6608	2065	690
6811	6	811	138	121	120	98	108	6393	16400	0	1703	1642	6619	6608	2065	690
6812	6	812	138	121	120	98	108	6393	16400	0	1703	1642	6619	6608	2065	690
6813	6	813	138	121	120	98	108	6393	16400	0	1703	1642	6619	6608	2065	690
6814	6	814	138	121	120	98	108	6393	16400	0	1703	1642	6619	6608	2065	690
6815	6	815	138	121	120	98	108	6393	16400	0	1703	1642	6619	6608	2065	690
6816	6	816	138	121	120	98	108	6393	16400	0	1703	1642	6619	6608	2065	690
6817	6	817	138	121	120	98	108	6393	16400	0	1703	1642	6619	6608	2065	690
6818	6	818	138	121	120	98	108	6393	16400	0	1703	1642	6619	6608	2065	690
6819	6	819	138	121	120	98	108	6393	16400	0	1703	1642	6619	6608	2065	690
6820	6	820	138	121	120	98	108	6393	16400	0	1703	1642	6619	6608	2065	690
6821	6	821	138	121	120	98	108	6393	16400	0	1703	1642	6619	6608	2065	690
6822	6	822	138	121	120	98	108	6393	16400	0	1703	1642	6619	6608	2065	690
6823	6	823	138	121	120	98	108	6393	16400	0	1703	1642	6619	6608	2065	690
6824	6	824	138	121	120	98	108	6393	16400	0	1703	1642	6619	6608	2065	690
6825	6	825	138	121	120	98	108	6393	16400	0	1703	1642	6619	6608	2065	690
6826	6	826	138	121	120	98	108	6393	16400	0	1703	1642	6619	6608	2065	690
6827	6	827	138	121	120	98	108	6393	16400	0	1703	1642	6619	6608	2065	690
6828	6	828	138	121	120	98	108	6393	16400	0	1703	1642	6619	6608	2065	690
6829	6	829	138	121	120	98	108	6393	16400	0	1703	1642	6619	6608	2065	690
6830	6	830	138	121	120	98	108	6393	16400	0	1703	1642	6619	6608	2065	690
6831	6	831	138	121	120	98	108	6393	16400	0	1703	1642	6619	6608	2065	690
6832	6	832	138	121	120	98	108	6393	16400	0	1703	1642	6619	6608	2065	690
6833	6	833	138	121	120	98	108	6393	16400	0	1703	1642	6619	6608	2065	690
6834	6	834	138	121	120	98	108	6393	16400	0	1703	1642	6619	6608	2065	690
6835	6	835	138	121	120	98	108	6393	16400	0	1703	1642	6619	6608	2065	690
6836	6	836	138	121	120	98	108	6393	16400	0	1703	1642	6619	6608	2065	690
6837	6	837	138	121	120	98	108	6393	16400	0	1703	1642	6619	6608	2065	690
6838	6	838	138	121	120	98	108	6393	16400	0	1703	1642	6619	6608	2065	690
6839	6	839	138	121	120	98	108	6393	16400	0	1703	1642	6619	6608	2065	690
6840	6	840	138	121	120	98	108	6393	16400	0	1703	1642	6619	6608	2065	690
6841	6	841	138	121	120	98	108	6393	16400	0	1703	1642	6619	6608	2065	690
6842	6	842	138	121	120	98	108	6393	16400	0	1703	1642	6619	6608	2065	690
6843	6	843	138	121	120	98	108	6393	16400	0	1703	1642	6619	6608	2065	690
6844	6	844	138	121	120	98	108	6393	16400	0	1703	1642	6619	6608	2065	690
6845	6	845	138	121	120	98	108	6393	16400	0	1703	1642	6619	6608	2065	690
6846	6	846	138	121	120	98	108	6393	16400	0	1703	1642	6619	6608	2065	690
6847	6	847	138	121	120	98	108	6393	16400	0	1703	1642	6619	6608	2065	690
6848	6	848	138	121	120	98	108	6393	16400	0	1703	1642	6619	6608	2065	690
6849	6	849	138	121	120	98	108	6393	16400	0	1703	1642	6619	6608	2065	690
6850	6	850	138	121	120	98	108	6393	16400	0	1703	1642	6619	6608	2065	690
6851	6	851	138	121	120	98	108	6393	16400	0	1703	1642	6619	6608	2065	690
6852	6	852	138	121	120	98	108	6393	16400	0	1703	1642	6619	6608	2065	690
6853	6	853	138	121	120	98	108	6393	16400	0	1703	1642	6619	6608	2065	690
6854	6	854	138	121	120	98	108	6393	16400	0	1703	1642	6619	6608	2065	690
6855	6	855	138	121	120	98	108	6393	16400	0	1703	1642	6619	6608	2065	690
6856	6	856	138	121	120	98	108	6393	16400	0	1703	1642	6619	6608	2065	690
6857	6	857	138	121	120	98	108	6393	16400	0	1703	1642	6619	6608	2065	690
6858	6	858	138	121	120	98	108	6393	16400	0	1703	1642	6619	6608	2065	690
6859	6	859	138	121	120	98	108	6393	16400	0	1703	1642	6619	6608	2065	690
6860	6	860	138	121	120	98	108	6393	16400	0	1703	1642	6619	6608	2065	690
6861	6	861	138	121	120	98	108	6393	16400	0	1703	1642	6619	6608	2065	690
6862	6	862	138	121	120	98	108	6393	16400	0	1703	1642	6619	6608	2065	690
6863	6	863	138	121	120	98	108	6393	16400	0	1703	1642	6619	6608	2065	690
6864	6	864	138	121	120	98	108	6393	16400	0	1703	1642	6619	6608	2065	690
6865	6	865	138	121	120	98	108	6393	16400	0	1703	1642	6619	6608	2065	690
6866	6	866	138	121	120	98	108	6393	16400	0	1703	1642	6619	6608	2065	690
6867	6	867	138	121	120	98	108	6393	16400	0	1703	1642	6619	6608	2065	690
6868	6	868	138	121	120	98	108	6393	16400	0	1703	1642	6619	6608	2065	690
6869	6	869	138	121	120	98	108	6393	16400	0	1703	1642	6619	6608	2065	690
6870	6	870	138	121	120	98	108	6393	16400	0	1703	1642	6619	6608	2065	690
6871	6	871	138	121	120	98	108	6393	16400	0	1703	1642	6619	6608	2065	690
6872	6	872	138	121	120	98	108	6393	16400	0	1703	1642	6619	6608	2065	690
6873	6	873	138	121	120	98	108	6393	16400	0	1703	1642	6619	6608	2065	690
6874	6	874	138	121	120	98	108	6393	16400	0	1703	1642	6619	6608	2065	690
6875	6	875	138	121	120	98	108	6393	16400	0	1703	1642	6619	6608	2065	690
6876	6	876	138	121	120	98	108	6393	16400	0	1703	1642	6619	6608	2065	690
6877	6	877	138	121	120	98	108	6393	16400	0	1703	1642	6619	6608	2065	690
6878	6	878	138	121	120	98	108	6393	16400	0	1703	1642	6619	6608	2065	690
6879	6	879	138	121	120	98	108	6393	16400	0	1703	1642	6619	6608	2065	690
6880	6	880	138	121	120	98	108	6393	16400	0	1703	1642	6619	6608	2065	690
6881	6	881	138	121	120	98	108	6393	16400	0	1703	1642	6619	6608	2065	690
6882	6	882	138	121	120	98	108	6393	16400	0	1703	1642	6619	6608	2065	690
6883	6	883	138	121	120	98	108	6393	16400	0	1703	1642	6619	6608	2065	690
6884	6	884	138	121	120	98	108	6393	16400	0	1703	1642	6619	6608	2065	690
6885	6	885	138	121	120	98	108	6393	16400	0	1703	1642	6619	6608	2065	690
6886	6	886	138	121	120	98	108	6393	16400	0	1703	1642	6619	6608	2065	690
6887	6	887	138	121	120	98	108	6393	16400	0	1703	1642	6619	6608	2065	690
6888	6	888	138	121	120	98	108	6393	16400	0	1703	1642	6619	6608	2065	690
6889	6	889	138	121	120	98	108	6393	16400	0	1703	1642	6619	6608	2065	690
6890	6	890	138	121	120	98	108	6393	16400	0	1703	1642	6619	6608	2065	690
6891	6	891	138	121	120	98	108	6393	16400	0	1703	1642	6619	6608	2065	690
6892	6	892	138	121	120	98	108	6393	16400	0	1703	1642	6619	6608	2065	690
6893	6	893	138	121	120	98	108	6393	16400	0	1703	1642	6619	6608	2065	690
6894	6	894	138	121	120	98	108	6393	16400	0	1703	1642	6619	6608	2065	690
6895	6	895	138	121	120	98	108	6393	16400	0	1703	1642	6619	6608	2065	690
6896	6	896	138	121	120	98	108	6393	16400	0	1703	1642	6619	6608	2065	690
6897	6	897	138	121	120	98	108	6393	16400	0	1703	1642	6619	6608	2065	690
6898	6	898	138	121	120	98	108	6393	16400	0	1703	1642	6619	6608	2065	690
6899	6	899	138	121	120	98	108	6393	16400	0	1703	1642	6619	6608	2065	690
6900	6	900	138	121	120	98	108	6393	16400	0	1703	1642	6619	6608	2065	690
6901	6	901	138	121	120	98	108	6393	16400	0	1703	1642	6619	6608	2065	690
6902	6	902	138	121	120	98	108	6393	16400	0	1703	1642	6619	6608	2065	690
6903	6	903	138	121	120	98	108	6393	16400	0	1703	1642	6619	6608	2065	690
6904	6	904	138	121	120	98	108	6393	16400	0	1703	1642	6619	6608	2065	690
6905	6	905	138	121	120	98	108	6393	16400	0	1703	1642	6619	6608	2065	690
6906	6	906	138	121	120	98	108	6393	16400	0	1703	1642	6619	6608	2065	690
6907	6	907	138	121	120	98	108	6393	16400	0	1703	1642	6619	6608	2065	690
6908	6	908	138	121	120	98	108	6393	16400	0	1703	1642	6619	6608	2065	690
6909	6	909	138	121	120	98	108	6393	16400	0	1703	1642	6619	6608	2065	690
6910	6	910	138	121	120	98	108	6393	16400	0	1703	1642	6619	6608	2065	690
6911	6	911	138	121	120	98	108	6393	16400	0	1703	1642	6619	6608	2065	690
6912	6	912	138	121	120	98	108	6393	16400	0	1703	1642	6619	6608	2065	690
6913	6	913	138	121	120	98	108	6393	16400	0	1703	1642	6619	6608	2065	690
6914	6	914	138	121	120	98	108	6393	16400	0	1703	1642	6619	6608	2065	690
6915	6	915	138	121	120	98	108	6393	16400	0	1703	1642	6619	6608	2065	690
6916	6	916	138	121	120	98	108	6393	16400	0	1703	1642	6619	6608	2065	690
6917	6	917	138	121	120	98	108	6393	16400	0	1703	1642	6619	6608	2065	690
6918	6	918	138	121	120	98	108	6393	16400	0	1703	1642	6619	6608	2065	690
6919	6	919	138	121	120	98	108	6393	16400	0	1703	1642	6619	6608	2065	690
6920	6	920	138	121	120	98	108	6393	16400	0	1703	1642	6619	6608	2065	690
6921	6	921	138	121	120	98	108	6393	16400	0	1703	1642	6619	6608	2065	690
6922	6	922	138	121	120	98	108	6393	16400	0	1703	1642	6619	6608	2065	690
6923	6	923	138	121	120	98	108	6393	16400	0	1703	1642	6619	6608	2065	690
6924	6	924	138	121	120	98	108	6393	16400	0	1703	1642	6619	6608	2065	690
6925	6	925	138	121	120	98	108	6393	16400	0	1703	1642	6619	6608	2065	690
6926	6	926	138	121	120	98	108	6393	16400	0	1703	1642	6619	6608	2065	690
6927	6	927	138	121	120	98	108	6393	16400	0	1703	1642	6619	6608	2065	690
6928	6	928	138	121	120	98	108	6393	16400	0	1703	1642	6619	6608	2065	690
6929	6	929	138	121	120	98	108	6393	16400	0	1703	1642	6619	6608	2065	690
6930	6	930	138	121	120	98	108	6393	16400	0	1703	1642	6619	6608	2065	690
6931	6	931	138	121	120	98	108	6393	16400	0	1703	1642	6619	6608	2065	690
6932	6	932	138	121	120	98	108	6393	16400	0	1703	1642	6619	6608	2065	690
6933	6	933	138	121	120	98	108	6393	16400	0	1703	1642	6619	6608	2065	690
6934	6	934	138	121	120	98	108	6393	16400	0	1703	1642	6619	6608	2065	690
6935	6	935	138	121	120	98	108	6393	16400	0	1703	1642	6619	6608	2065	690
6936	6	936	138	121	120	98	108	6393	16400	0	1703	1642	6619	6608	2065	690
6937	6	937	138	121	120	98	108	6393	16400	0	1703	1642	6619	6608	2065	690
6938	6	938	138	121	120	98	108	6393	16400	0	1703	1642	6619	6608	2065	690
6939	6	939	138	121	120	98	108	6393	16400	0	1703	1642	6619	6608	2065	690
6940	6	940	138	121	120	98	108	6393	16400	0	1703	1642	6619	6608	2065	690
6941	6	941	138	121	120	98	108	6393	16400	0	1703	1642	6619	6608	2065	690
6942	6	942	138	121	120	98	108	6393	16400	0	1703	1642	6619	6608	2065	690
6943	6	943	138	121	120	98	108	6393	16400	0	1703	1642	6619	6608	2065	690
6944	6	944	138	121	120	98	108	6393	16400	0	1703	1642	6619	6608	2065	690
6945	6	945	138	121	120	98	108	6393	16400	0	1703	1642	6619	6608	2065	690
6946	6	946	138	121	120	98	108	6393	16400	0	1703	1642	6619	6608	2065	690
6947	6	947	138	121	120	98	108	6393	16400	0	1703	1642	6619	6608	2065	690
6948	6	948	138	121	120	98	108	6393	16400	0	1703	1642	6619	6608	2065	690
6949	6	949	138	121	120	98	108	6393	16400	0	1703	1642	6619	6608	2065	690
6950	6	950	138	121	120	98	108	6393	16400	0	1703	1642	6619	6608	2065	690
6951	6	951	138	121	120	98	108	6393	16400	0	1703	1642	6619	6608	2065	690
6952	6	952	138	121	120	98	108	6393	16400	0	1703	1642	6619	6608	2065	690
6953	6	953	138	121	120	98	108	6393	16400	0	1703	1642	6619	6608	2065	690
6954	6	954	138	121	120	98	108	6393	16400	0	1703	1642	6619	6608	2065	690
6955	6	955	138	121	120	98	108	6393	16400	0	1703	1642	6619	6608	2065	690
6956	6	956	138	121	120	98	108	6393	16400	0	1703	1642	6619	6608	2065	690
6957	6	957	138	121	120	98	108	6393	16400	0	1703	1642	6619	6608	2065	690
6958	6	958	138	121	120	98	108	6393	16400	0	1703	1642	6619	6608	2065	690
6959	6	959	138	121	120	98	108	6393	16400	0	1703	1642	6619	6608	2065	690
6960	6	960	138	121	120	98	108	6393	16400	0	1703	1642	6619	6608	2065	690
6961	6	961	138	121	120	98	108	6393	16400	0	1703	1642	6619	6608	2065	690
6962	6	962	138	121	120	98	108	6393	16400	0	1703	1642	6619	6608	2065	690
6963	6	963	138	121	120	98	108	6393	16400	0	1703	1642	6619	6608	2065	690
6964	6	964	138	121	120	98	108	6393	16400	0	1703	1642	6619	6608	2065	690
6965	6	965	138	121	120	98	108	6393	16400	0	1703	1642	6619	6608	2065	690
6966	6	966	138	121	120	98	108	6393	16400	0	1703	1642	6619	6608	2065	690
6967	6	967	138	121	120	98	108	6393	16400	0	1703	1642	6619	6608	2065	690
6968	6	968	138	121	120	98	108	6393	16400	0	1703	1642	6619	6608	2065	690
6969	6	969	138	121	120	98	108	6393	16400	0	1703	1642	6619	6608	2065	690
6970	6	970	138	121	120	98	108	6393	16400	0	1703	1642	6619	6608	2065	690
6971	6	971	138	121	120	98	108	6393	16400	0	1703	1642	6619	6608	2065	690
6972	6	972	138	121	120	98	108	6393	16400	0	1703	1642	6619	6608	2065	690
6973	6	973	138	121	120	98	108	6393	16400	0	1703	1642	6619	6608	2065	690
6974	6	974	138	121	120	98	108	6393	16400	0	1703	1642	6619	6608	2065	690
6975	6	975	138	121	120	98	108	6393	16400	0	1703	1642	6619	6608	2065	690
6976	6	976	138	121	120	98	108	6393	16400	0	1703	1642	6619	6608	2065	690
6977	6	977	138	121	120	98	108	6393	16400	0	1703	1642	6619	6608	2065	690
6978	6	978	138	121	120	98	108	6393	16400	0	1703	1642	6619	6608	2065	690
6979	6	979	138	121	120	98	108	6393	16400	0	1703	1642	6619	6608	2065	690
6980	6	980	138	121	120	98	108	6393	16400	0	1703	1642	6619	6608	2065	690
6981	6	981	138	121	120	98	108	6393	16400	0	1703	1642	6619	6608	2065	690
6982	6	982	138	121	120	98	108	6393	16400	0	1703	1642	6619	6608	2065	690
6983	6	983	138	121	120	98	108	6393	16400	0	1703	1642	6619	6608	2065	690
6984	6	984	138	121	120	98	108	6393	16400	0	1703	1642	6619	6608	2065	690
6985	6	985	138	121	120	98	108	6393	16400	0	1703	1642	6619	6608	2065	690
6986	6	986	138	121	120	98	108	6393	16400	0	1703	1642	6619	6608	2065	690
6987	6	987	138	121	120	98	108	6393	16400	0	1703	1642	6619	6608	2065	690
6988	6	988	138	121	120	98	108	6393	16400	0	1703	1642	6619	6608	2065	690
6989	6	989	138	121	120	98	108	6393	16400	0	1703	1642	6619	6608	2065	690
6990	6	990	138	121	120	98	108	6393	16400	0	1703	1642	6619	6608	2065	690
6991	6	991	138	121	120	98	108	6393	16400	0	1703	1642	6619	6608	2065	690
6992	6	992	138	121	120	98	108	6393	16400	0	1703	1642	6619	6608	2065	690
6993	6	993	138	121	120	98	108	6393	16400	0	1703	1642	6619	6608	2065	690
6994	6	994	138	121	120	98	108	6393	16400	0	1703	1642	6619	6608	2065	690
6995	6	995	138	121	120	98	108	6393	16400	0	1703	1642	6619	6608	2065	690
6996	6	996	138	121	120	98	108	6393	16400	0	1703	1642	6619	6608	2065	690
6997	6	997	138	121	120	98	108	6393	16400	0	1703	1642	6619	6608	2065	690
6998	6	998	138	121	120	98	108	6393	16400	0	1703	1642	6619	6608	2065	690
6999	6	999	138	121	120	98	108	6393	16400	0	1703	1642	6619	6608	2065	690
7000	7	0	2	1	4	0	2	1002	500	0	34	31	19	17	4	4
7001	7	1	2	1	4	0	2	1154	500	0	64	61	31	29	5	7
7002	7	2	3	1	4	0	2	1357	550	0	94	91	43	41	8	13
7003	7	3	3	1	5	1	2	1561	600	0	125	121	55	53	10	19
7004	7	4	3	2	5	1	2	1765	650	0	155	151	67	65	13	26
7005	7	5	4	2	5	1	2	1969	700	0	186	182	79	77	15	32
7006	7	6	4	2	5	1	2	2173	750	0	216	212	92	90	17	38
7007	7	7	4	2	6	1	3	2377	800	0	247	242	104	102	20	44
7008	7	8	5	2	6	1	3	2580	850	0	278	272	116	114	22	50
7009	7	9	5	2	6	1	3	2784	900	0	308	302	128	126	25	57
7010	7	10	5	3	6	1	3	2988	950	0	339	333	140	138	27	63
7011	7	11	6	3	7	2	3	3192	1000	0	369	363	152	150	29	69
7012	7	12	6	3	7	2	3	3396	1050	0	400	393	165	162	32	75
7013	7	13	6	3	7	2	3	3600	1100	0	430	423	177	175	34	81
7014	7	14	7	3	8	2	3	3804	1150	0	461	453	189	187	37	88
7015	7	15	7	4	8	2	3	4137	1200	0	491	483	201	199	39	94
7016	7	16	8	4	8	2	3	4471	1250	0	522	514	201	199	41	100
7017	7	17	8	4	8	2	3	4805	1300	0	552	544	202	199	44	106
7018	7	18	8	4	9	2	3	5139	1350	0	583	574	202	199	46	112
7019	7	19	9	4	9	3	3	5473	1400	0	613	604	202	199	49	119
7020	7	20	9	4	9	3	3	5812	1450	0	634	624	210	208	51	125
7021	7	21	9	5	9	3	3	5812	1500	0	634	625	202	200	51	125
7022	7	22	10	5	10	3	4	5812	1550	0	635	625	202	200	52	125
7023	7	23	10	5	10	3	4	5812	1600	0	635	625	203	200	52	125
7024	7	24	10	5	10	3	4	5812	1650	0	636	625	203	200	53	126
7025	7	25	11	5	11	3	4	5812	1700	0	637	625	203	200	53	126
7026	7	26	11	5	11	3	4	5812	1750	0	637	625	203	200	53	126
7027	7	27	11	6	11	3	4	5812	1800	0	638	626	203	201	54	126
7028	7	28	12	6	11	4	4	5812	1850	0	638	626	204	201	54	126
7029	7	29	12	6	12	4	4	5812	1900	0	639	626	204	201	55	127
7030	7	30	12	6	12	4	4	5812	1950	0	639	626	204	201	55	127
7031	7	31	13	6	12	4	4	5812	2000	0	640	626	204	201	55	127
7032	7	32	13	6	12	4	4	5812	2050	0	640	626	204	201	56	127
7033	7	33	13	7	13	4	4	5812	2100	0	641	627	205	201	56	127
7034	7	34	14	7	13	4	4	5812	2150	0	641	627	205	202	57	128
7035	7	35	14	7	13	4	4	5812	2200	0	642	627	205	202	57	128
7036	7	36	15	7	14	5	4	5812	2250	0	642	627	205	202	57	128
7037	7	37	15	7	14	5	5	5812	2300	0	643	627	205	202	58	128
7038	7	38	15	7	14	5	5	5812	2350	0	643	628	205	202	58	128
7039	7	39	16	8	14	5	5	5812	2400	0	644	628	206	202	59	129
7040	7	40	16	8	15	5	5	5812	2650	0	644	628	206	202	59	129
7041	7	41	16	8	15	5	5	5812	2900	0	645	628	206	203	59	129
7042	7	42	17	8	15	5	5	5812	3150	0	646	628	206	203	60	129
7043	7	43	17	8	15	5	5	5812	3400	0	646	628	206	203	60	129
7044	7	44	17	8	16	5	5	5812	3650	0	647	629	207	203	61	130
7045	7	45	18	9	16	6	5	5812	3900	0	647	629	207	203	61	130
7046	7	46	18	9	16	6	5	5812	4150	0	648	629	207	203	61	130
7047	7	47	18	9	17	6	5	5812	4400	0	648	629	207	203	62	130
7048	7	48	19	9	17	6	5	5812	4650	0	649	629	207	203	62	130
7049	7	49	19	9	17	6	5	5812	4900	0	649	630	207	204	63	131
7050	7	50	21	11	19	8	7	5837	5150	0	650	630	281	277	117	149
7051	7	51	24	14	22	10	10	5862	5400	0	650	630	354	350	171	167
7052	7	52	26	16	24	12	12	5887	5650	0	651	630	427	423	226	185
7053	7	53	28	18	26	15	14	5912	5900	0	651	630	500	496	280	203
7054	7	54	31	20	28	17	16	5937	6150	0	652	630	573	569	335	222
7055	7	55	33	22	31	19	18	5962	6400	0	652	631	647	642	389	240
7056	7	56	35	24	33	21	20	5987	6650	0	653	631	720	716	443	258
7057	7	57	38	27	35	23	22	6012	6900	0	653	631	793	789	498	276
7058	7	58	40	29	38	25	24	6037	7150	0	654	631	866	862	552	294
7059	7	59	43	31	40	27	26	6062	7400	0	655	631	939	935	607	313
7060	7	60	49	37	46	33	32	6087	7750	0	730	707	1290	1285	699	333
7061	7	61	51	40	49	36	35	6112	8100	0	806	782	1633	1628	785	351
7062	7	62	55	44	53	39	38	6137	8450	0	881	857	1976	1971	872	369
7063	7	63	57	48	56	41	41	6162	8800	0	957	932	2319	2315	958	387
7064	7	64	60	52	59	44	44	6187	9150	0	1032	1007	2662	2658	1045	406
7065	7	65	63	56	62	46	47	6212	9500	0	1108	1082	3005	3001	1131	424
7066	7	66	66	60	66	49	52	6237	9850	0	1183	1158	3349	3344	1217	442
7067	7	67	69	64	69	52	56	6262	10200	0	1259	1233	3692	3687	1304	460
7068	7	68	73	69	72	55	60	6287	10550	0	1334	1308	4035	4030	1390	478
7069	7	69	76	73	76	58	64	6312	10900	0	1410	1383	4378	4373	1477	498
7070	7	70	83	80	83	66	72	6337	11250	0	1435	1408	4608	4604	1538	518
7071	7	71	87	83	86	69	76	6362	11600	0	1461	1434	4832	4827	1593	536
7072	7	72	90	86	89	72	80	6387	11950	0	1486	1459	5055	5050	1649	554
7073	7	73	93	89	93	75	84	6412	12300	0	1512	1484	5278	5273	1704	572
7074	7	74	97	93	96	78	88	6437	12650	0	1537	1509	5501	5496	1760	591
7075	7	75	100	96	99	81	92	6462	13000	0	1563	1534	5724	5719	1815	609
7076	7	76	103	99	102	84	96	6487	13350	0	1589	1559	5947	5942	1870	627
7077	7	77	107	102	106	87	100	6512	13700	0	1614	1585	6171	6166	1926	645
7078	7	78	110	105	109	91	104	6537	14050	0	1640	1610	6394	6389	1981	663
7079	7	79	114	108	112	94	108	6562	14400	0	1665	1635	6617	6612	2037	684
7080	7	80	114	109	113	94	108	6562	14450	0	1666	1635	6617	6612	2037	684
7081	7	81	114	109	113	94	109	6562	14500	0	1666	1635	6617	6612	2037	684
7082	7	82	115	109	113	94	109	6562	14550	0	1667	1635	6618	6612	2038	684
7083	7	83	115	109	113	94	109	6562	14600	0	1667	1636	6618	6612	2038	684
7084	7	84	115	109	114	94	109	6562	14650	0	1668	1636	6618	6613	2039	685
7085	7	85	116	109	114	94	109	6562	14700	0	1668	1636	6618	6613	2039	685
7086	7	86	116	110	114	94	109	6562	14750	0	1669	1636	6618	6613	2039	685
7087	7	87	116	110	114	95	109	6562	14800	0	1669	1636	6619	6613	2040	685
7088	7	88	117	110	115	95	109	6562	14850	0	1670	1637	6619	6613	2040	685
7089	7	89	117	110	115	95	109	6562	14900	0	1670	1637	6619	6613	2041	686
7090	7	90	117	110	115	95	109	6562	14950	0	1671	1637	6619	6613	2041	686
7091	7	91	118	110	116	95	109	6562	15000	0	1672	1637	6619	6614	2041	686
7092	7	92	118	111	116	95	109	6562	15050	0	1672	1637	6619	6614	2042	686
7093	7	93	118	111	116	95	109	6562	15100	0	1673	1637	6620	6614	2042	686
7094	7	94	119	111	116	95	109	6562	15150	0	1673	1638	6620	6614	2043	687
7095	7	95	119	111	117	96	109	6562	15200	0	1674	1638	6620	6614	2043	687
7096	7	96	119	111	117	96	110	6562	15250	0	1674	1638	6620	6614	2043	687
7097	7	97	120	111	117	96	110	6562	15300	0	1675	1638	6620	6614	2044	687
7098	7	98	120	112	117	96	110	6562	15350	0	1675	1638	6621	6614	2044	687
7099	7	99	120	112	118	96	110	6562	15400	0	1676	1639	6621	6615	2045	688
7100	7	100	121	112	118	96	110	6562	15450	0	1676	1639	6621	6615	2045	688
7101	7	101	121	112	118	96	110	6562	15500	0	1677	1639	6621	6615	2045	688
7102	7	102	122	112	119	96	110	6562	15550	0	1677	1639	6621	6615	2046	688
7103	7	103	122	112	119	96	110	6562	15600	0	1678	1639	6621	6615	2046	688
7104	7	104	122	113	119	97	110	6562	15650	0	1678	1639	6622	6615	2047	689
7105	7	105	123	113	119	97	110	6562	15700	0	1679	1640	6622	6615	2047	689
7106	7	106	123	113	120	97	110	6562	15750	0	1679	1640	6622	6616	2047	689
7107	7	107	123	113	120	97	110	6562	15800	0	1680	1640	6622	6616	2048	689
7108	7	108	124	113	120	97	110	6562	15850	0	1681	1640	6622	6616	2048	689
7109	7	109	124	114	120	97	110	6562	15900	0	1681	1640	6623	6616	2049	690
7110	7	110	124	114	121	97	111	6562	15950	0	1682	1641	6623	6616	2049	690
7111	7	111	125	114	121	97	111	6562	16000	0	1682	1641	6623	6616	2049	690
7112	7	112	125	114	121	98	111	6562	16050	0	1683	1641	6623	6616	2050	690
7113	7	113	125	114	122	98	111	6562	16100	0	1683	1641	6623	6617	2050	690
7114	7	114	126	114	122	98	111	6562	16150	0	1684	1641	6624	6617	2051	691
7115	7	115	126	115	122	98	111	6562	16200	0	1684	1641	6624	6617	2051	691
7116	7	116	126	115	122	98	111	6562	16250	0	1685	1642	6624	6617	2051	691
7117	7	117	127	115	123	98	111	6562	16300	0	1685	1642	6624	6617	2052	691
7118	7	118	127	115	123	98	111	6562	16350	0	1686	1642	6624	6617	2052	691
7119	7	119	127	115	123	98	111	6562	16400	0	1686	1642	6624	6617	2053	692
7120	7	120	127	115	123	98	111	6562	16400	0	1686	1642	6624	6617	2053	692
7121	7	121	127	115	123	98	111	6562	16400	0	1686	1642	6624	6617	2053	692
7122	7	122	127	115	123	98	111	6562	16400	0	1686	1642	6624	6617	2053	692
7123	7	123	127	115	123	98	111	6562	16400	0	1686	1642	6624	6617	2053	692
7124	7	124	127	115	123	98	111	6562	16400	0	1686	1642	6624	6617	2053	692
7125	7	125	127	115	123	98	111	6562	16400	0	1686	1642	6624	6617	2053	692
7126	7	126	127	115	123	98	111	6562	16400	0	1686	1642	6624	6617	2053	692
7127	7	127	127	115	123	98	111	6562	16400	0	1686	1642	6624	6617	2053	692
7128	7	128	127	115	123	98	111	6562	16400	0	1686	1642	6624	6617	2053	692
7129	7	129	127	115	123	98	111	6562	16400	0	1686	1642	6624	6617	2053	692
7130	7	130	127	115	123	98	111	6562	16400	0	1686	1642	6624	6617	2053	692
7131	7	131	127	115	123	98	111	6562	16400	0	1686	1642	6624	6617	2053	692
7132	7	132	127	115	123	98	111	6562	16400	0	1686	1642	6624	6617	2053	692
7133	7	133	127	115	123	98	111	6562	16400	0	1686	1642	6624	6617	2053	692
7134	7	134	127	115	123	98	111	6562	16400	0	1686	1642	6624	6617	2053	692
7135	7	135	127	115	123	98	111	6562	16400	0	1686	1642	6624	6617	2053	692
7136	7	136	127	115	123	98	111	6562	16400	0	1686	1642	6624	6617	2053	692
7137	7	137	127	115	123	98	111	6562	16400	0	1686	1642	6624	6617	2053	692
7138	7	138	127	115	123	98	111	6562	16400	0	1686	1642	6624	6617	2053	692
7139	7	139	127	115	123	98	111	6562	16400	0	1686	1642	6624	6617	2053	692
7140	7	140	127	115	123	98	111	6562	16400	0	1686	1642	6624	6617	2053	692
7141	7	141	127	115	123	98	111	6562	16400	0	1686	1642	6624	6617	2053	692
7142	7	142	127	115	123	98	111	6562	16400	0	1686	1642	6624	6617	2053	692
7143	7	143	127	115	123	98	111	6562	16400	0	1686	1642	6624	6617	2053	692
7144	7	144	127	115	123	98	111	6562	16400	0	1686	1642	6624	6617	2053	692
7145	7	145	127	115	123	98	111	6562	16400	0	1686	1642	6624	6617	2053	692
7146	7	146	127	115	123	98	111	6562	16400	0	1686	1642	6624	6617	2053	692
7147	7	147	127	115	123	98	111	6562	16400	0	1686	1642	6624	6617	2053	692
7148	7	148	127	115	123	98	111	6562	16400	0	1686	1642	6624	6617	2053	692
7149	7	149	127	115	123	98	111	6562	16400	0	1686	1642	6624	6617	2053	692
7150	7	150	127	115	123	98	111	6562	16400	0	1686	1642	6624	6617	2053	692
7151	7	151	127	115	123	98	111	6562	16400	0	1686	1642	6624	6617	2053	692
7152	7	152	127	115	123	98	111	6562	16400	0	1686	1642	6624	6617	2053	692
7153	7	153	127	115	123	98	111	6562	16400	0	1686	1642	6624	6617	2053	692
7154	7	154	127	115	123	98	111	6562	16400	0	1686	1642	6624	6617	2053	692
7155	7	155	127	115	123	98	111	6562	16400	0	1686	1642	6624	6617	2053	692
7156	7	156	127	115	123	98	111	6562	16400	0	1686	1642	6624	6617	2053	692
7157	7	157	127	115	123	98	111	6562	16400	0	1686	1642	6624	6617	2053	692
7158	7	158	127	115	123	98	111	6562	16400	0	1686	1642	6624	6617	2053	692
7159	7	159	127	115	123	98	111	6562	16400	0	1686	1642	6624	6617	2053	692
7160	7	160	127	115	123	98	111	6562	16400	0	1686	1642	6624	6617	2053	692
7161	7	161	127	115	123	98	111	6562	16400	0	1686	1642	6624	6617	2053	692
7162	7	162	127	115	123	98	111	6562	16400	0	1686	1642	6624	6617	2053	692
7163	7	163	127	115	123	98	111	6562	16400	0	1686	1642	6624	6617	2053	692
7164	7	164	127	115	123	98	111	6562	16400	0	1686	1642	6624	6617	2053	692
7165	7	165	127	115	123	98	111	6562	16400	0	1686	1642	6624	6617	2053	692
7166	7	166	127	115	123	98	111	6562	16400	0	1686	1642	6624	6617	2053	692
7167	7	167	127	115	123	98	111	6562	16400	0	1686	1642	6624	6617	2053	692
7168	7	168	127	115	123	98	111	6562	16400	0	1686	1642	6624	6617	2053	692
7169	7	169	127	115	123	98	111	6562	16400	0	1686	1642	6624	6617	2053	692
7170	7	170	127	115	123	98	111	6562	16400	0	1686	1642	6624	6617	2053	692
7171	7	171	127	115	123	98	111	6562	16400	0	1686	1642	6624	6617	2053	692
7172	7	172	127	115	123	98	111	6562	16400	0	1686	1642	6624	6617	2053	692
7173	7	173	127	115	123	98	111	6562	16400	0	1686	1642	6624	6617	2053	692
7174	7	174	127	115	123	98	111	6562	16400	0	1686	1642	6624	6617	2053	692
7175	7	175	127	115	123	98	111	6562	16400	0	1686	1642	6624	6617	2053	692
7176	7	176	127	115	123	98	111	6562	16400	0	1686	1642	6624	6617	2053	692
7177	7	177	127	115	123	98	111	6562	16400	0	1686	1642	6624	6617	2053	692
7178	7	178	127	115	123	98	111	6562	16400	0	1686	1642	6624	6617	2053	692
7179	7	179	127	115	123	98	111	6562	16400	0	1686	1642	6624	6617	2053	692
7180	7	180	127	115	123	98	111	6562	16400	0	1686	1642	6624	6617	2053	692
7181	7	181	127	115	123	98	111	6562	16400	0	1686	1642	6624	6617	2053	692
7182	7	182	127	115	123	98	111	6562	16400	0	1686	1642	6624	6617	2053	692
7183	7	183	127	115	123	98	111	6562	16400	0	1686	1642	6624	6617	2053	692
7184	7	184	127	115	123	98	111	6562	16400	0	1686	1642	6624	6617	2053	692
7185	7	185	127	115	123	98	111	6562	16400	0	1686	1642	6624	6617	2053	692
7186	7	186	127	115	123	98	111	6562	16400	0	1686	1642	6624	6617	2053	692
7187	7	187	127	115	123	98	111	6562	16400	0	1686	1642	6624	6617	2053	692
7188	7	188	127	115	123	98	111	6562	16400	0	1686	1642	6624	6617	2053	692
7189	7	189	127	115	123	98	111	6562	16400	0	1686	1642	6624	6617	2053	692
7190	7	190	127	115	123	98	111	6562	16400	0	1686	1642	6624	6617	2053	692
7191	7	191	127	115	123	98	111	6562	16400	0	1686	1642	6624	6617	2053	692
7192	7	192	127	115	123	98	111	6562	16400	0	1686	1642	6624	6617	2053	692
7193	7	193	127	115	123	98	111	6562	16400	0	1686	1642	6624	6617	2053	692
7194	7	194	127	115	123	98	111	6562	16400	0	1686	1642	6624	6617	2053	692
7195	7	195	127	115	123	98	111	6562	16400	0	1686	1642	6624	6617	2053	692
7196	7	196	127	115	123	98	111	6562	16400	0	1686	1642	6624	6617	2053	692
7197	7	197	127	115	123	98	111	6562	16400	0	1686	1642	6624	6617	2053	692
7198	7	198	127	115	123	98	111	6562	16400	0	1686	1642	6624	6617	2053	692
7199	7	199	127	115	123	98	111	6562	16400	0	1686	1642	6624	6617	2053	692
7200	7	200	127	115	123	98	111	6562	16400	0	1686	1642	6624	6617	2053	692
7201	7	201	127	115	123	98	111	6562	16400	0	1686	1642	6624	6617	2053	692
7202	7	202	127	115	123	98	111	6562	16400	0	1686	1642	6624	6617	2053	692
7203	7	203	127	115	123	98	111	6562	16400	0	1686	1642	6624	6617	2053	692
7204	7	204	127	115	123	98	111	6562	16400	0	1686	1642	6624	6617	2053	692
7205	7	205	127	115	123	98	111	6562	16400	0	1686	1642	6624	6617	2053	692
7206	7	206	127	115	123	98	111	6562	16400	0	1686	1642	6624	6617	2053	692
7207	7	207	127	115	123	98	111	6562	16400	0	1686	1642	6624	6617	2053	692
7208	7	208	127	115	123	98	111	6562	16400	0	1686	1642	6624	6617	2053	692
7209	7	209	127	115	123	98	111	6562	16400	0	1686	1642	6624	6617	2053	692
7210	7	210	127	115	123	98	111	6562	16400	0	1686	1642	6624	6617	2053	692
7211	7	211	127	115	123	98	111	6562	16400	0	1686	1642	6624	6617	2053	692
7212	7	212	127	115	123	98	111	6562	16400	0	1686	1642	6624	6617	2053	692
7213	7	213	127	115	123	98	111	6562	16400	0	1686	1642	6624	6617	2053	692
7214	7	214	127	115	123	98	111	6562	16400	0	1686	1642	6624	6617	2053	692
7215	7	215	127	115	123	98	111	6562	16400	0	1686	1642	6624	6617	2053	692
7216	7	216	127	115	123	98	111	6562	16400	0	1686	1642	6624	6617	2053	692
7217	7	217	127	115	123	98	111	6562	16400	0	1686	1642	6624	6617	2053	692
7218	7	218	127	115	123	98	111	6562	16400	0	1686	1642	6624	6617	2053	692
7219	7	219	127	115	123	98	111	6562	16400	0	1686	1642	6624	6617	2053	692
7220	7	220	127	115	123	98	111	6562	16400	0	1686	1642	6624	6617	2053	692
7221	7	221	127	115	123	98	111	6562	16400	0	1686	1642	6624	6617	2053	692
7222	7	222	127	115	123	98	111	6562	16400	0	1686	1642	6624	6617	2053	692
7223	7	223	127	115	123	98	111	6562	16400	0	1686	1642	6624	6617	2053	692
7224	7	224	127	115	123	98	111	6562	16400	0	1686	1642	6624	6617	2053	692
7225	7	225	127	115	123	98	111	6562	16400	0	1686	1642	6624	6617	2053	692
7226	7	226	127	115	123	98	111	6562	16400	0	1686	1642	6624	6617	2053	692
7227	7	227	127	115	123	98	111	6562	16400	0	1686	1642	6624	6617	2053	692
7228	7	228	127	115	123	98	111	6562	16400	0	1686	1642	6624	6617	2053	692
7229	7	229	127	115	123	98	111	6562	16400	0	1686	1642	6624	6617	2053	692
7230	7	230	127	115	123	98	111	6562	16400	0	1686	1642	6624	6617	2053	692
7231	7	231	127	115	123	98	111	6562	16400	0	1686	1642	6624	6617	2053	692
7232	7	232	127	115	123	98	111	6562	16400	0	1686	1642	6624	6617	2053	692
7233	7	233	127	115	123	98	111	6562	16400	0	1686	1642	6624	6617	2053	692
7234	7	234	127	115	123	98	111	6562	16400	0	1686	1642	6624	6617	2053	692
7235	7	235	127	115	123	98	111	6562	16400	0	1686	1642	6624	6617	2053	692
7236	7	236	127	115	123	98	111	6562	16400	0	1686	1642	6624	6617	2053	692
7237	7	237	127	115	123	98	111	6562	16400	0	1686	1642	6624	6617	2053	692
7238	7	238	127	115	123	98	111	6562	16400	0	1686	1642	6624	6617	2053	692
7239	7	239	127	115	123	98	111	6562	16400	0	1686	1642	6624	6617	2053	692
7240	7	240	127	115	123	98	111	6562	16400	0	1686	1642	6624	6617	2053	692
7241	7	241	127	115	123	98	111	6562	16400	0	1686	1642	6624	6617	2053	692
7242	7	242	127	115	123	98	111	6562	16400	0	1686	1642	6624	6617	2053	692
7243	7	243	127	115	123	98	111	6562	16400	0	1686	1642	6624	6617	2053	692
7244	7	244	127	115	123	98	111	6562	16400	0	1686	1642	6624	6617	2053	692
7245	7	245	127	115	123	98	111	6562	16400	0	1686	1642	6624	6617	2053	692
7246	7	246	127	115	123	98	111	6562	16400	0	1686	1642	6624	6617	2053	692
7247	7	247	127	115	123	98	111	6562	16400	0	1686	1642	6624	6617	2053	692
7248	7	248	127	115	123	98	111	6562	16400	0	1686	1642	6624	6617	2053	692
7249	7	249	127	115	123	98	111	6562	16400	0	1686	1642	6624	6617	2053	692
7250	7	250	127	115	123	98	111	6562	16400	0	1686	1642	6624	6617	2053	692
7251	7	251	127	115	123	98	111	6562	16400	0	1686	1642	6624	6617	2053	692
7252	7	252	127	115	123	98	111	6562	16400	0	1686	1642	6624	6617	2053	692
7253	7	253	127	115	123	98	111	6562	16400	0	1686	1642	6624	6617	2053	692
7254	7	254	127	115	123	98	111	6562	16400	0	1686	1642	6624	6617	2053	692
7255	7	255	127	115	123	98	111	6562	16400	0	1686	1642	6624	6617	2053	692
7256	7	256	127	115	123	98	111	6562	16400	0	1686	1642	6624	6617	2053	692
7257	7	257	127	115	123	98	111	6562	16400	0	1686	1642	6624	6617	2053	692
7258	7	258	127	115	123	98	111	6562	16400	0	1686	1642	6624	6617	2053	692
7259	7	259	127	115	123	98	111	6562	16400	0	1686	1642	6624	6617	2053	692
7260	7	260	127	115	123	98	111	6562	16400	0	1686	1642	6624	6617	2053	692
7261	7	261	127	115	123	98	111	6562	16400	0	1686	1642	6624	6617	2053	692
7262	7	262	127	115	123	98	111	6562	16400	0	1686	1642	6624	6617	2053	692
7263	7	263	127	115	123	98	111	6562	16400	0	1686	1642	6624	6617	2053	692
7264	7	264	127	115	123	98	111	6562	16400	0	1686	1642	6624	6617	2053	692
7265	7	265	127	115	123	98	111	6562	16400	0	1686	1642	6624	6617	2053	692
7266	7	266	127	115	123	98	111	6562	16400	0	1686	1642	6624	6617	2053	692
7267	7	267	127	115	123	98	111	6562	16400	0	1686	1642	6624	6617	2053	692
7268	7	268	127	115	123	98	111	6562	16400	0	1686	1642	6624	6617	2053	692
7269	7	269	127	115	123	98	111	6562	16400	0	1686	1642	6624	6617	2053	692
7270	7	270	127	115	123	98	111	6562	16400	0	1686	1642	6624	6617	2053	692
7271	7	271	127	115	123	98	111	6562	16400	0	1686	1642	6624	6617	2053	692
7272	7	272	127	115	123	98	111	6562	16400	0	1686	1642	6624	6617	2053	692
7273	7	273	127	115	123	98	111	6562	16400	0	1686	1642	6624	6617	2053	692
7274	7	274	127	115	123	98	111	6562	16400	0	1686	1642	6624	6617	2053	692
7275	7	275	127	115	123	98	111	6562	16400	0	1686	1642	6624	6617	2053	692
7276	7	276	127	115	123	98	111	6562	16400	0	1686	1642	6624	6617	2053	692
7277	7	277	127	115	123	98	111	6562	16400	0	1686	1642	6624	6617	2053	692
7278	7	278	127	115	123	98	111	6562	16400	0	1686	1642	6624	6617	2053	692
7279	7	279	127	115	123	98	111	6562	16400	0	1686	1642	6624	6617	2053	692
7280	7	280	127	115	123	98	111	6562	16400	0	1686	1642	6624	6617	2053	692
7281	7	281	127	115	123	98	111	6562	16400	0	1686	1642	6624	6617	2053	692
7282	7	282	127	115	123	98	111	6562	16400	0	1686	1642	6624	6617	2053	692
7283	7	283	127	115	123	98	111	6562	16400	0	1686	1642	6624	6617	2053	692
7284	7	284	127	115	123	98	111	6562	16400	0	1686	1642	6624	6617	2053	692
7285	7	285	127	115	123	98	111	6562	16400	0	1686	1642	6624	6617	2053	692
7286	7	286	127	115	123	98	111	6562	16400	0	1686	1642	6624	6617	2053	692
7287	7	287	127	115	123	98	111	6562	16400	0	1686	1642	6624	6617	2053	692
7288	7	288	127	115	123	98	111	6562	16400	0	1686	1642	6624	6617	2053	692
7289	7	289	127	115	123	98	111	6562	16400	0	1686	1642	6624	6617	2053	692
7290	7	290	127	115	123	98	111	6562	16400	0	1686	1642	6624	6617	2053	692
7291	7	291	127	115	123	98	111	6562	16400	0	1686	1642	6624	6617	2053	692
7292	7	292	127	115	123	98	111	6562	16400	0	1686	1642	6624	6617	2053	692
7293	7	293	127	115	123	98	111	6562	16400	0	1686	1642	6624	6617	2053	692
7294	7	294	127	115	123	98	111	6562	16400	0	1686	1642	6624	6617	2053	692
7295	7	295	127	115	123	98	111	6562	16400	0	1686	1642	6624	6617	2053	692
7296	7	296	127	115	123	98	111	6562	16400	0	1686	1642	6624	6617	2053	692
7297	7	297	127	115	123	98	111	6562	16400	0	1686	1642	6624	6617	2053	692
7298	7	298	127	115	123	98	111	6562	16400	0	1686	1642	6624	6617	2053	692
7299	7	299	127	115	123	98	111	6562	16400	0	1686	1642	6624	6617	2053	692
7300	7	300	127	115	123	98	111	6562	16400	0	1686	1642	6624	6617	2053	692
7301	7	301	127	115	123	98	111	6562	16400	0	1686	1642	6624	6617	2053	692
7302	7	302	127	115	123	98	111	6562	16400	0	1686	1642	6624	6617	2053	692
7303	7	303	127	115	123	98	111	6562	16400	0	1686	1642	6624	6617	2053	692
7304	7	304	127	115	123	98	111	6562	16400	0	1686	1642	6624	6617	2053	692
7305	7	305	127	115	123	98	111	6562	16400	0	1686	1642	6624	6617	2053	692
7306	7	306	127	115	123	98	111	6562	16400	0	1686	1642	6624	6617	2053	692
7307	7	307	127	115	123	98	111	6562	16400	0	1686	1642	6624	6617	2053	692
7308	7	308	127	115	123	98	111	6562	16400	0	1686	1642	6624	6617	2053	692
7309	7	309	127	115	123	98	111	6562	16400	0	1686	1642	6624	6617	2053	692
7310	7	310	127	115	123	98	111	6562	16400	0	1686	1642	6624	6617	2053	692
7311	7	311	127	115	123	98	111	6562	16400	0	1686	1642	6624	6617	2053	692
7312	7	312	127	115	123	98	111	6562	16400	0	1686	1642	6624	6617	2053	692
7313	7	313	127	115	123	98	111	6562	16400	0	1686	1642	6624	6617	2053	692
7314	7	314	127	115	123	98	111	6562	16400	0	1686	1642	6624	6617	2053	692
7315	7	315	127	115	123	98	111	6562	16400	0	1686	1642	6624	6617	2053	692
7316	7	316	127	115	123	98	111	6562	16400	0	1686	1642	6624	6617	2053	692
7317	7	317	127	115	123	98	111	6562	16400	0	1686	1642	6624	6617	2053	692
7318	7	318	127	115	123	98	111	6562	16400	0	1686	1642	6624	6617	2053	692
7319	7	319	127	115	123	98	111	6562	16400	0	1686	1642	6624	6617	2053	692
7320	7	320	127	115	123	98	111	6562	16400	0	1686	1642	6624	6617	2053	692
7321	7	321	127	115	123	98	111	6562	16400	0	1686	1642	6624	6617	2053	692
7322	7	322	127	115	123	98	111	6562	16400	0	1686	1642	6624	6617	2053	692
7323	7	323	127	115	123	98	111	6562	16400	0	1686	1642	6624	6617	2053	692
7324	7	324	127	115	123	98	111	6562	16400	0	1686	1642	6624	6617	2053	692
7325	7	325	127	115	123	98	111	6562	16400	0	1686	1642	6624	6617	2053	692
7326	7	326	127	115	123	98	111	6562	16400	0	1686	1642	6624	6617	2053	692
7327	7	327	127	115	123	98	111	6562	16400	0	1686	1642	6624	6617	2053	692
7328	7	328	127	115	123	98	111	6562	16400	0	1686	1642	6624	6617	2053	692
7329	7	329	127	115	123	98	111	6562	16400	0	1686	1642	6624	6617	2053	692
7330	7	330	127	115	123	98	111	6562	16400	0	1686	1642	6624	6617	2053	692
7331	7	331	127	115	123	98	111	6562	16400	0	1686	1642	6624	6617	2053	692
7332	7	332	127	115	123	98	111	6562	16400	0	1686	1642	6624	6617	2053	692
7333	7	333	127	115	123	98	111	6562	16400	0	1686	1642	6624	6617	2053	692
7334	7	334	127	115	123	98	111	6562	16400	0	1686	1642	6624	6617	2053	692
7335	7	335	127	115	123	98	111	6562	16400	0	1686	1642	6624	6617	2053	692
7336	7	336	127	115	123	98	111	6562	16400	0	1686	1642	6624	6617	2053	692
7337	7	337	127	115	123	98	111	6562	16400	0	1686	1642	6624	6617	2053	692
7338	7	338	127	115	123	98	111	6562	16400	0	1686	1642	6624	6617	2053	692
7339	7	339	127	115	123	98	111	6562	16400	0	1686	1642	6624	6617	2053	692
7340	7	340	127	115	123	98	111	6562	16400	0	1686	1642	6624	6617	2053	692
7341	7	341	127	115	123	98	111	6562	16400	0	1686	1642	6624	6617	2053	692
7342	7	342	127	115	123	98	111	6562	16400	0	1686	1642	6624	6617	2053	692
7343	7	343	127	115	123	98	111	6562	16400	0	1686	1642	6624	6617	2053	692
7344	7	344	127	115	123	98	111	6562	16400	0	1686	1642	6624	6617	2053	692
7345	7	345	127	115	123	98	111	6562	16400	0	1686	1642	6624	6617	2053	692
7346	7	346	127	115	123	98	111	6562	16400	0	1686	1642	6624	6617	2053	692
7347	7	347	127	115	123	98	111	6562	16400	0	1686	1642	6624	6617	2053	692
7348	7	348	127	115	123	98	111	6562	16400	0	1686	1642	6624	6617	2053	692
7349	7	349	127	115	123	98	111	6562	16400	0	1686	1642	6624	6617	2053	692
7350	7	350	127	115	123	98	111	6562	16400	0	1686	1642	6624	6617	2053	692
7351	7	351	127	115	123	98	111	6562	16400	0	1686	1642	6624	6617	2053	692
7352	7	352	127	115	123	98	111	6562	16400	0	1686	1642	6624	6617	2053	692
7353	7	353	127	115	123	98	111	6562	16400	0	1686	1642	6624	6617	2053	692
7354	7	354	127	115	123	98	111	6562	16400	0	1686	1642	6624	6617	2053	692
7355	7	355	127	115	123	98	111	6562	16400	0	1686	1642	6624	6617	2053	692
7356	7	356	127	115	123	98	111	6562	16400	0	1686	1642	6624	6617	2053	692
7357	7	357	127	115	123	98	111	6562	16400	0	1686	1642	6624	6617	2053	692
7358	7	358	127	115	123	98	111	6562	16400	0	1686	1642	6624	6617	2053	692
7359	7	359	127	115	123	98	111	6562	16400	0	1686	1642	6624	6617	2053	692
7360	7	360	127	115	123	98	111	6562	16400	0	1686	1642	6624	6617	2053	692
7361	7	361	127	115	123	98	111	6562	16400	0	1686	1642	6624	6617	2053	692
7362	7	362	127	115	123	98	111	6562	16400	0	1686	1642	6624	6617	2053	692
7363	7	363	127	115	123	98	111	6562	16400	0	1686	1642	6624	6617	2053	692
7364	7	364	127	115	123	98	111	6562	16400	0	1686	1642	6624	6617	2053	692
7365	7	365	127	115	123	98	111	6562	16400	0	1686	1642	6624	6617	2053	692
7366	7	366	127	115	123	98	111	6562	16400	0	1686	1642	6624	6617	2053	692
7367	7	367	127	115	123	98	111	6562	16400	0	1686	1642	6624	6617	2053	692
7368	7	368	127	115	123	98	111	6562	16400	0	1686	1642	6624	6617	2053	692
7369	7	369	127	115	123	98	111	6562	16400	0	1686	1642	6624	6617	2053	692
7370	7	370	127	115	123	98	111	6562	16400	0	1686	1642	6624	6617	2053	692
7371	7	371	127	115	123	98	111	6562	16400	0	1686	1642	6624	6617	2053	692
7372	7	372	127	115	123	98	111	6562	16400	0	1686	1642	6624	6617	2053	692
7373	7	373	127	115	123	98	111	6562	16400	0	1686	1642	6624	6617	2053	692
7374	7	374	127	115	123	98	111	6562	16400	0	1686	1642	6624	6617	2053	692
7375	7	375	127	115	123	98	111	6562	16400	0	1686	1642	6624	6617	2053	692
7376	7	376	127	115	123	98	111	6562	16400	0	1686	1642	6624	6617	2053	692
7377	7	377	127	115	123	98	111	6562	16400	0	1686	1642	6624	6617	2053	692
7378	7	378	127	115	123	98	111	6562	16400	0	1686	1642	6624	6617	2053	692
7379	7	379	127	115	123	98	111	6562	16400	0	1686	1642	6624	6617	2053	692
7380	7	380	127	115	123	98	111	6562	16400	0	1686	1642	6624	6617	2053	692
7381	7	381	127	115	123	98	111	6562	16400	0	1686	1642	6624	6617	2053	692
7382	7	382	127	115	123	98	111	6562	16400	0	1686	1642	6624	6617	2053	692
7383	7	383	127	115	123	98	111	6562	16400	0	1686	1642	6624	6617	2053	692
7384	7	384	127	115	123	98	111	6562	16400	0	1686	1642	6624	6617	2053	692
7385	7	385	127	115	123	98	111	6562	16400	0	1686	1642	6624	6617	2053	692
7386	7	386	127	115	123	98	111	6562	16400	0	1686	1642	6624	6617	2053	692
7387	7	387	127	115	123	98	111	6562	16400	0	1686	1642	6624	6617	2053	692
7388	7	388	127	115	123	98	111	6562	16400	0	1686	1642	6624	6617	2053	692
7389	7	389	127	115	123	98	111	6562	16400	0	1686	1642	6624	6617	2053	692
7390	7	390	127	115	123	98	111	6562	16400	0	1686	1642	6624	6617	2053	692
7391	7	391	127	115	123	98	111	6562	16400	0	1686	1642	6624	6617	2053	692
7392	7	392	127	115	123	98	111	6562	16400	0	1686	1642	6624	6617	2053	692
7393	7	393	127	115	123	98	111	6562	16400	0	1686	1642	6624	6617	2053	692
7394	7	394	127	115	123	98	111	6562	16400	0	1686	1642	6624	6617	2053	692
7395	7	395	127	115	123	98	111	6562	16400	0	1686	1642	6624	6617	2053	692
7396	7	396	127	115	123	98	111	6562	16400	0	1686	1642	6624	6617	2053	692
7397	7	397	127	115	123	98	111	6562	16400	0	1686	1642	6624	6617	2053	692
7398	7	398	127	115	123	98	111	6562	16400	0	1686	1642	6624	6617	2053	692
7399	7	399	127	115	123	98	111	6562	16400	0	1686	1642	6624	6617	2053	692
7400	7	400	127	115	123	98	111	6562	16400	0	1686	1642	6624	6617	2053	692
7401	7	401	127	115	123	98	111	6562	16400	0	1686	1642	6624	6617	2053	692
7402	7	402	127	115	123	98	111	6562	16400	0	1686	1642	6624	6617	2053	692
7403	7	403	127	115	123	98	111	6562	16400	0	1686	1642	6624	6617	2053	692
7404	7	404	127	115	123	98	111	6562	16400	0	1686	1642	6624	6617	2053	692
7405	7	405	127	115	123	98	111	6562	16400	0	1686	1642	6624	6617	2053	692
7406	7	406	127	115	123	98	111	6562	16400	0	1686	1642	6624	6617	2053	692
7407	7	407	127	115	123	98	111	6562	16400	0	1686	1642	6624	6617	2053	692
7408	7	408	127	115	123	98	111	6562	16400	0	1686	1642	6624	6617	2053	692
7409	7	409	127	115	123	98	111	6562	16400	0	1686	1642	6624	6617	2053	692
7410	7	410	127	115	123	98	111	6562	16400	0	1686	1642	6624	6617	2053	692
7411	7	411	127	115	123	98	111	6562	16400	0	1686	1642	6624	6617	2053	692
7412	7	412	127	115	123	98	111	6562	16400	0	1686	1642	6624	6617	2053	692
7413	7	413	127	115	123	98	111	6562	16400	0	1686	1642	6624	6617	2053	692
7414	7	414	127	115	123	98	111	6562	16400	0	1686	1642	6624	6617	2053	692
7415	7	415	127	115	123	98	111	6562	16400	0	1686	1642	6624	6617	2053	692
7416	7	416	127	115	123	98	111	6562	16400	0	1686	1642	6624	6617	2053	692
7417	7	417	127	115	123	98	111	6562	16400	0	1686	1642	6624	6617	2053	692
7418	7	418	127	115	123	98	111	6562	16400	0	1686	1642	6624	6617	2053	692
7419	7	419	127	115	123	98	111	6562	16400	0	1686	1642	6624	6617	2053	692
7420	7	420	127	115	123	98	111	6562	16400	0	1686	1642	6624	6617	2053	692
7421	7	421	127	115	123	98	111	6562	16400	0	1686	1642	6624	6617	2053	692
7422	7	422	127	115	123	98	111	6562	16400	0	1686	1642	6624	6617	2053	692
7423	7	423	127	115	123	98	111	6562	16400	0	1686	1642	6624	6617	2053	692
7424	7	424	127	115	123	98	111	6562	16400	0	1686	1642	6624	6617	2053	692
7425	7	425	127	115	123	98	111	6562	16400	0	1686	1642	6624	6617	2053	692
7426	7	426	127	115	123	98	111	6562	16400	0	1686	1642	6624	6617	2053	692
7427	7	427	127	115	123	98	111	6562	16400	0	1686	1642	6624	6617	2053	692
7428	7	428	127	115	123	98	111	6562	16400	0	1686	1642	6624	6617	2053	692
7429	7	429	127	115	123	98	111	6562	16400	0	1686	1642	6624	6617	2053	692
7430	7	430	127	115	123	98	111	6562	16400	0	1686	1642	6624	6617	2053	692
7431	7	431	127	115	123	98	111	6562	16400	0	1686	1642	6624	6617	2053	692
7432	7	432	127	115	123	98	111	6562	16400	0	1686	1642	6624	6617	2053	692
7433	7	433	127	115	123	98	111	6562	16400	0	1686	1642	6624	6617	2053	692
7434	7	434	127	115	123	98	111	6562	16400	0	1686	1642	6624	6617	2053	692
7435	7	435	127	115	123	98	111	6562	16400	0	1686	1642	6624	6617	2053	692
7436	7	436	127	115	123	98	111	6562	16400	0	1686	1642	6624	6617	2053	692
7437	7	437	127	115	123	98	111	6562	16400	0	1686	1642	6624	6617	2053	692
7438	7	438	127	115	123	98	111	6562	16400	0	1686	1642	6624	6617	2053	692
7439	7	439	127	115	123	98	111	6562	16400	0	1686	1642	6624	6617	2053	692
7440	7	440	127	115	123	98	111	6562	16400	0	1686	1642	6624	6617	2053	692
7441	7	441	127	115	123	98	111	6562	16400	0	1686	1642	6624	6617	2053	692
7442	7	442	127	115	123	98	111	6562	16400	0	1686	1642	6624	6617	2053	692
7443	7	443	127	115	123	98	111	6562	16400	0	1686	1642	6624	6617	2053	692
7444	7	444	127	115	123	98	111	6562	16400	0	1686	1642	6624	6617	2053	692
7445	7	445	127	115	123	98	111	6562	16400	0	1686	1642	6624	6617	2053	692
7446	7	446	127	115	123	98	111	6562	16400	0	1686	1642	6624	6617	2053	692
7447	7	447	127	115	123	98	111	6562	16400	0	1686	1642	6624	6617	2053	692
7448	7	448	127	115	123	98	111	6562	16400	0	1686	1642	6624	6617	2053	692
7449	7	449	127	115	123	98	111	6562	16400	0	1686	1642	6624	6617	2053	692
7450	7	450	127	115	123	98	111	6562	16400	0	1686	1642	6624	6617	2053	692
7451	7	451	127	115	123	98	111	6562	16400	0	1686	1642	6624	6617	2053	692
7452	7	452	127	115	123	98	111	6562	16400	0	1686	1642	6624	6617	2053	692
7453	7	453	127	115	123	98	111	6562	16400	0	1686	1642	6624	6617	2053	692
7454	7	454	127	115	123	98	111	6562	16400	0	1686	1642	6624	6617	2053	692
7455	7	455	127	115	123	98	111	6562	16400	0	1686	1642	6624	6617	2053	692
7456	7	456	127	115	123	98	111	6562	16400	0	1686	1642	6624	6617	2053	692
7457	7	457	127	115	123	98	111	6562	16400	0	1686	1642	6624	6617	2053	692
7458	7	458	127	115	123	98	111	6562	16400	0	1686	1642	6624	6617	2053	692
7459	7	459	127	115	123	98	111	6562	16400	0	1686	1642	6624	6617	2053	692
7460	7	460	127	115	123	98	111	6562	16400	0	1686	1642	6624	6617	2053	692
7461	7	461	127	115	123	98	111	6562	16400	0	1686	1642	6624	6617	2053	692
7462	7	462	127	115	123	98	111	6562	16400	0	1686	1642	6624	6617	2053	692
7463	7	463	127	115	123	98	111	6562	16400	0	1686	1642	6624	6617	2053	692
7464	7	464	127	115	123	98	111	6562	16400	0	1686	1642	6624	6617	2053	692
7465	7	465	127	115	123	98	111	6562	16400	0	1686	1642	6624	6617	2053	692
7466	7	466	127	115	123	98	111	6562	16400	0	1686	1642	6624	6617	2053	692
7467	7	467	127	115	123	98	111	6562	16400	0	1686	1642	6624	6617	2053	692
7468	7	468	127	115	123	98	111	6562	16400	0	1686	1642	6624	6617	2053	692
7469	7	469	127	115	123	98	111	6562	16400	0	1686	1642	6624	6617	2053	692
7470	7	470	127	115	123	98	111	6562	16400	0	1686	1642	6624	6617	2053	692
7471	7	471	127	115	123	98	111	6562	16400	0	1686	1642	6624	6617	2053	692
7472	7	472	127	115	123	98	111	6562	16400	0	1686	1642	6624	6617	2053	692
7473	7	473	127	115	123	98	111	6562	16400	0	1686	1642	6624	6617	2053	692
7474	7	474	127	115	123	98	111	6562	16400	0	1686	1642	6624	6617	2053	692
7475	7	475	127	115	123	98	111	6562	16400	0	1686	1642	6624	6617	2053	692
7476	7	476	127	115	123	98	111	6562	16400	0	1686	1642	6624	6617	2053	692
7477	7	477	127	115	123	98	111	6562	16400	0	1686	1642	6624	6617	2053	692
7478	7	478	127	115	123	98	111	6562	16400	0	1686	1642	6624	6617	2053	692
7479	7	479	127	115	123	98	111	6562	16400	0	1686	1642	6624	6617	2053	692
7480	7	480	127	115	123	98	111	6562	16400	0	1686	1642	6624	6617	2053	692
7481	7	481	127	115	123	98	111	6562	16400	0	1686	1642	6624	6617	2053	692
7482	7	482	127	115	123	98	111	6562	16400	0	1686	1642	6624	6617	2053	692
7483	7	483	127	115	123	98	111	6562	16400	0	1686	1642	6624	6617	2053	692
7484	7	484	127	115	123	98	111	6562	16400	0	1686	1642	6624	6617	2053	692
7485	7	485	127	115	123	98	111	6562	16400	0	1686	1642	6624	6617	2053	692
7486	7	486	127	115	123	98	111	6562	16400	0	1686	1642	6624	6617	2053	692
7487	7	487	127	115	123	98	111	6562	16400	0	1686	1642	6624	6617	2053	692
7488	7	488	127	115	123	98	111	6562	16400	0	1686	1642	6624	6617	2053	692
7489	7	489	127	115	123	98	111	6562	16400	0	1686	1642	6624	6617	2053	692
7490	7	490	127	115	123	98	111	6562	16400	0	1686	1642	6624	6617	2053	692
7491	7	491	127	115	123	98	111	6562	16400	0	1686	1642	6624	6617	2053	692
7492	7	492	127	115	123	98	111	6562	16400	0	1686	1642	6624	6617	2053	692
7493	7	493	127	115	123	98	111	6562	16400	0	1686	1642	6624	6617	2053	692
7494	7	494	127	115	123	98	111	6562	16400	0	1686	1642	6624	6617	2053	692
7495	7	495	127	115	123	98	111	6562	16400	0	1686	1642	6624	6617	2053	692
7496	7	496	127	115	123	98	111	6562	16400	0	1686	1642	6624	6617	2053	692
7497	7	497	127	115	123	98	111	6562	16400	0	1686	1642	6624	6617	2053	692
7498	7	498	127	115	123	98	111	6562	16400	0	1686	1642	6624	6617	2053	692
7499	7	499	127	115	123	98	111	6562	16400	0	1686	1642	6624	6617	2053	692
7500	7	500	127	115	123	98	111	6562	16400	0	1686	1642	6624	6617	2053	692
7501	7	501	127	115	123	98	111	6562	16400	0	1686	1642	6624	6617	2053	692
7502	7	502	127	115	123	98	111	6562	16400	0	1686	1642	6624	6617	2053	692
7503	7	503	127	115	123	98	111	6562	16400	0	1686	1642	6624	6617	2053	692
7504	7	504	127	115	123	98	111	6562	16400	0	1686	1642	6624	6617	2053	692
7505	7	505	127	115	123	98	111	6562	16400	0	1686	1642	6624	6617	2053	692
7506	7	506	127	115	123	98	111	6562	16400	0	1686	1642	6624	6617	2053	692
7507	7	507	127	115	123	98	111	6562	16400	0	1686	1642	6624	6617	2053	692
7508	7	508	127	115	123	98	111	6562	16400	0	1686	1642	6624	6617	2053	692
7509	7	509	127	115	123	98	111	6562	16400	0	1686	1642	6624	6617	2053	692
7510	7	510	127	115	123	98	111	6562	16400	0	1686	1642	6624	6617	2053	692
7511	7	511	127	115	123	98	111	6562	16400	0	1686	1642	6624	6617	2053	692
7512	7	512	127	115	123	98	111	6562	16400	0	1686	1642	6624	6617	2053	692
7513	7	513	127	115	123	98	111	6562	16400	0	1686	1642	6624	6617	2053	692
7514	7	514	127	115	123	98	111	6562	16400	0	1686	1642	6624	6617	2053	692
7515	7	515	127	115	123	98	111	6562	16400	0	1686	1642	6624	6617	2053	692
7516	7	516	127	115	123	98	111	6562	16400	0	1686	1642	6624	6617	2053	692
7517	7	517	127	115	123	98	111	6562	16400	0	1686	1642	6624	6617	2053	692
7518	7	518	127	115	123	98	111	6562	16400	0	1686	1642	6624	6617	2053	692
7519	7	519	127	115	123	98	111	6562	16400	0	1686	1642	6624	6617	2053	692
7520	7	520	127	115	123	98	111	6562	16400	0	1686	1642	6624	6617	2053	692
7521	7	521	127	115	123	98	111	6562	16400	0	1686	1642	6624	6617	2053	692
7522	7	522	127	115	123	98	111	6562	16400	0	1686	1642	6624	6617	2053	692
7523	7	523	127	115	123	98	111	6562	16400	0	1686	1642	6624	6617	2053	692
7524	7	524	127	115	123	98	111	6562	16400	0	1686	1642	6624	6617	2053	692
7525	7	525	127	115	123	98	111	6562	16400	0	1686	1642	6624	6617	2053	692
7526	7	526	127	115	123	98	111	6562	16400	0	1686	1642	6624	6617	2053	692
7527	7	527	127	115	123	98	111	6562	16400	0	1686	1642	6624	6617	2053	692
7528	7	528	127	115	123	98	111	6562	16400	0	1686	1642	6624	6617	2053	692
7529	7	529	127	115	123	98	111	6562	16400	0	1686	1642	6624	6617	2053	692
7530	7	530	127	115	123	98	111	6562	16400	0	1686	1642	6624	6617	2053	692
7531	7	531	127	115	123	98	111	6562	16400	0	1686	1642	6624	6617	2053	692
7532	7	532	127	115	123	98	111	6562	16400	0	1686	1642	6624	6617	2053	692
7533	7	533	127	115	123	98	111	6562	16400	0	1686	1642	6624	6617	2053	692
7534	7	534	127	115	123	98	111	6562	16400	0	1686	1642	6624	6617	2053	692
7535	7	535	127	115	123	98	111	6562	16400	0	1686	1642	6624	6617	2053	692
7536	7	536	127	115	123	98	111	6562	16400	0	1686	1642	6624	6617	2053	692
7537	7	537	127	115	123	98	111	6562	16400	0	1686	1642	6624	6617	2053	692
7538	7	538	127	115	123	98	111	6562	16400	0	1686	1642	6624	6617	2053	692
7539	7	539	127	115	123	98	111	6562	16400	0	1686	1642	6624	6617	2053	692
7540	7	540	127	115	123	98	111	6562	16400	0	1686	1642	6624	6617	2053	692
7541	7	541	127	115	123	98	111	6562	16400	0	1686	1642	6624	6617	2053	692
7542	7	542	127	115	123	98	111	6562	16400	0	1686	1642	6624	6617	2053	692
7543	7	543	127	115	123	98	111	6562	16400	0	1686	1642	6624	6617	2053	692
7544	7	544	127	115	123	98	111	6562	16400	0	1686	1642	6624	6617	2053	692
7545	7	545	127	115	123	98	111	6562	16400	0	1686	1642	6624	6617	2053	692
7546	7	546	127	115	123	98	111	6562	16400	0	1686	1642	6624	6617	2053	692
7547	7	547	127	115	123	98	111	6562	16400	0	1686	1642	6624	6617	2053	692
7548	7	548	127	115	123	98	111	6562	16400	0	1686	1642	6624	6617	2053	692
7549	7	549	127	115	123	98	111	6562	16400	0	1686	1642	6624	6617	2053	692
7550	7	550	127	115	123	98	111	6562	16400	0	1686	1642	6624	6617	2053	692
7551	7	551	127	115	123	98	111	6562	16400	0	1686	1642	6624	6617	2053	692
7552	7	552	127	115	123	98	111	6562	16400	0	1686	1642	6624	6617	2053	692
7553	7	553	127	115	123	98	111	6562	16400	0	1686	1642	6624	6617	2053	692
7554	7	554	127	115	123	98	111	6562	16400	0	1686	1642	6624	6617	2053	692
7555	7	555	127	115	123	98	111	6562	16400	0	1686	1642	6624	6617	2053	692
7556	7	556	127	115	123	98	111	6562	16400	0	1686	1642	6624	6617	2053	692
7557	7	557	127	115	123	98	111	6562	16400	0	1686	1642	6624	6617	2053	692
7558	7	558	127	115	123	98	111	6562	16400	0	1686	1642	6624	6617	2053	692
7559	7	559	127	115	123	98	111	6562	16400	0	1686	1642	6624	6617	2053	692
7560	7	560	127	115	123	98	111	6562	16400	0	1686	1642	6624	6617	2053	692
7561	7	561	127	115	123	98	111	6562	16400	0	1686	1642	6624	6617	2053	692
7562	7	562	127	115	123	98	111	6562	16400	0	1686	1642	6624	6617	2053	692
7563	7	563	127	115	123	98	111	6562	16400	0	1686	1642	6624	6617	2053	692
7564	7	564	127	115	123	98	111	6562	16400	0	1686	1642	6624	6617	2053	692
7565	7	565	127	115	123	98	111	6562	16400	0	1686	1642	6624	6617	2053	692
7566	7	566	127	115	123	98	111	6562	16400	0	1686	1642	6624	6617	2053	692
7567	7	567	127	115	123	98	111	6562	16400	0	1686	1642	6624	6617	2053	692
7568	7	568	127	115	123	98	111	6562	16400	0	1686	1642	6624	6617	2053	692
7569	7	569	127	115	123	98	111	6562	16400	0	1686	1642	6624	6617	2053	692
7570	7	570	127	115	123	98	111	6562	16400	0	1686	1642	6624	6617	2053	692
7571	7	571	127	115	123	98	111	6562	16400	0	1686	1642	6624	6617	2053	692
7572	7	572	127	115	123	98	111	6562	16400	0	1686	1642	6624	6617	2053	692
7573	7	573	127	115	123	98	111	6562	16400	0	1686	1642	6624	6617	2053	692
7574	7	574	127	115	123	98	111	6562	16400	0	1686	1642	6624	6617	2053	692
7575	7	575	127	115	123	98	111	6562	16400	0	1686	1642	6624	6617	2053	692
7576	7	576	127	115	123	98	111	6562	16400	0	1686	1642	6624	6617	2053	692
7577	7	577	127	115	123	98	111	6562	16400	0	1686	1642	6624	6617	2053	692
7578	7	578	127	115	123	98	111	6562	16400	0	1686	1642	6624	6617	2053	692
7579	7	579	127	115	123	98	111	6562	16400	0	1686	1642	6624	6617	2053	692
7580	7	580	127	115	123	98	111	6562	16400	0	1686	1642	6624	6617	2053	692
7581	7	581	127	115	123	98	111	6562	16400	0	1686	1642	6624	6617	2053	692
7582	7	582	127	115	123	98	111	6562	16400	0	1686	1642	6624	6617	2053	692
7583	7	583	127	115	123	98	111	6562	16400	0	1686	1642	6624	6617	2053	692
7584	7	584	127	115	123	98	111	6562	16400	0	1686	1642	6624	6617	2053	692
7585	7	585	127	115	123	98	111	6562	16400	0	1686	1642	6624	6617	2053	692
7586	7	586	127	115	123	98	111	6562	16400	0	1686	1642	6624	6617	2053	692
7587	7	587	127	115	123	98	111	6562	16400	0	1686	1642	6624	6617	2053	692
7588	7	588	127	115	123	98	111	6562	16400	0	1686	1642	6624	6617	2053	692
7589	7	589	127	115	123	98	111	6562	16400	0	1686	1642	6624	6617	2053	692
7590	7	590	127	115	123	98	111	6562	16400	0	1686	1642	6624	6617	2053	692
7591	7	591	127	115	123	98	111	6562	16400	0	1686	1642	6624	6617	2053	692
7592	7	592	127	115	123	98	111	6562	16400	0	1686	1642	6624	6617	2053	692
7593	7	593	127	115	123	98	111	6562	16400	0	1686	1642	6624	6617	2053	692
7594	7	594	127	115	123	98	111	6562	16400	0	1686	1642	6624	6617	2053	692
7595	7	595	127	115	123	98	111	6562	16400	0	1686	1642	6624	6617	2053	692
7596	7	596	127	115	123	98	111	6562	16400	0	1686	1642	6624	6617	2053	692
7597	7	597	127	115	123	98	111	6562	16400	0	1686	1642	6624	6617	2053	692
7598	7	598	127	115	123	98	111	6562	16400	0	1686	1642	6624	6617	2053	692
7599	7	599	127	115	123	98	111	6562	16400	0	1686	1642	6624	6617	2053	692
7600	7	600	127	115	123	98	111	6562	16400	0	1686	1642	6624	6617	2053	692
7601	7	601	127	115	123	98	111	6562	16400	0	1686	1642	6624	6617	2053	692
7602	7	602	127	115	123	98	111	6562	16400	0	1686	1642	6624	6617	2053	692
7603	7	603	127	115	123	98	111	6562	16400	0	1686	1642	6624	6617	2053	692
7604	7	604	127	115	123	98	111	6562	16400	0	1686	1642	6624	6617	2053	692
7605	7	605	127	115	123	98	111	6562	16400	0	1686	1642	6624	6617	2053	692
7606	7	606	127	115	123	98	111	6562	16400	0	1686	1642	6624	6617	2053	692
7607	7	607	127	115	123	98	111	6562	16400	0	1686	1642	6624	6617	2053	692
7608	7	608	127	115	123	98	111	6562	16400	0	1686	1642	6624	6617	2053	692
7609	7	609	127	115	123	98	111	6562	16400	0	1686	1642	6624	6617	2053	692
7610	7	610	127	115	123	98	111	6562	16400	0	1686	1642	6624	6617	2053	692
7611	7	611	127	115	123	98	111	6562	16400	0	1686	1642	6624	6617	2053	692
7612	7	612	127	115	123	98	111	6562	16400	0	1686	1642	6624	6617	2053	692
7613	7	613	127	115	123	98	111	6562	16400	0	1686	1642	6624	6617	2053	692
7614	7	614	127	115	123	98	111	6562	16400	0	1686	1642	6624	6617	2053	692
7615	7	615	127	115	123	98	111	6562	16400	0	1686	1642	6624	6617	2053	692
7616	7	616	127	115	123	98	111	6562	16400	0	1686	1642	6624	6617	2053	692
7617	7	617	127	115	123	98	111	6562	16400	0	1686	1642	6624	6617	2053	692
7618	7	618	127	115	123	98	111	6562	16400	0	1686	1642	6624	6617	2053	692
7619	7	619	127	115	123	98	111	6562	16400	0	1686	1642	6624	6617	2053	692
7620	7	620	127	115	123	98	111	6562	16400	0	1686	1642	6624	6617	2053	692
7621	7	621	127	115	123	98	111	6562	16400	0	1686	1642	6624	6617	2053	692
7622	7	622	127	115	123	98	111	6562	16400	0	1686	1642	6624	6617	2053	692
7623	7	623	127	115	123	98	111	6562	16400	0	1686	1642	6624	6617	2053	692
7624	7	624	127	115	123	98	111	6562	16400	0	1686	1642	6624	6617	2053	692
7625	7	625	127	115	123	98	111	6562	16400	0	1686	1642	6624	6617	2053	692
7626	7	626	127	115	123	98	111	6562	16400	0	1686	1642	6624	6617	2053	692
7627	7	627	127	115	123	98	111	6562	16400	0	1686	1642	6624	6617	2053	692
7628	7	628	127	115	123	98	111	6562	16400	0	1686	1642	6624	6617	2053	692
7629	7	629	127	115	123	98	111	6562	16400	0	1686	1642	6624	6617	2053	692
7630	7	630	127	115	123	98	111	6562	16400	0	1686	1642	6624	6617	2053	692
7631	7	631	127	115	123	98	111	6562	16400	0	1686	1642	6624	6617	2053	692
7632	7	632	127	115	123	98	111	6562	16400	0	1686	1642	6624	6617	2053	692
7633	7	633	127	115	123	98	111	6562	16400	0	1686	1642	6624	6617	2053	692
7634	7	634	127	115	123	98	111	6562	16400	0	1686	1642	6624	6617	2053	692
7635	7	635	127	115	123	98	111	6562	16400	0	1686	1642	6624	6617	2053	692
7636	7	636	127	115	123	98	111	6562	16400	0	1686	1642	6624	6617	2053	692
7637	7	637	127	115	123	98	111	6562	16400	0	1686	1642	6624	6617	2053	692
7638	7	638	127	115	123	98	111	6562	16400	0	1686	1642	6624	6617	2053	692
7639	7	639	127	115	123	98	111	6562	16400	0	1686	1642	6624	6617	2053	692
7640	7	640	127	115	123	98	111	6562	16400	0	1686	1642	6624	6617	2053	692
7641	7	641	127	115	123	98	111	6562	16400	0	1686	1642	6624	6617	2053	692
7642	7	642	127	115	123	98	111	6562	16400	0	1686	1642	6624	6617	2053	692
7643	7	643	127	115	123	98	111	6562	16400	0	1686	1642	6624	6617	2053	692
7644	7	644	127	115	123	98	111	6562	16400	0	1686	1642	6624	6617	2053	692
7645	7	645	127	115	123	98	111	6562	16400	0	1686	1642	6624	6617	2053	692
7646	7	646	127	115	123	98	111	6562	16400	0	1686	1642	6624	6617	2053	692
7647	7	647	127	115	123	98	111	6562	16400	0	1686	1642	6624	6617	2053	692
7648	7	648	127	115	123	98	111	6562	16400	0	1686	1642	6624	6617	2053	692
7649	7	649	127	115	123	98	111	6562	16400	0	1686	1642	6624	6617	2053	692
7650	7	650	127	115	123	98	111	6562	16400	0	1686	1642	6624	6617	2053	692
7651	7	651	127	115	123	98	111	6562	16400	0	1686	1642	6624	6617	2053	692
7652	7	652	127	115	123	98	111	6562	16400	0	1686	1642	6624	6617	2053	692
7653	7	653	127	115	123	98	111	6562	16400	0	1686	1642	6624	6617	2053	692
7654	7	654	127	115	123	98	111	6562	16400	0	1686	1642	6624	6617	2053	692
7655	7	655	127	115	123	98	111	6562	16400	0	1686	1642	6624	6617	2053	692
7656	7	656	127	115	123	98	111	6562	16400	0	1686	1642	6624	6617	2053	692
7657	7	657	127	115	123	98	111	6562	16400	0	1686	1642	6624	6617	2053	692
7658	7	658	127	115	123	98	111	6562	16400	0	1686	1642	6624	6617	2053	692
7659	7	659	127	115	123	98	111	6562	16400	0	1686	1642	6624	6617	2053	692
7660	7	660	127	115	123	98	111	6562	16400	0	1686	1642	6624	6617	2053	692
7661	7	661	127	115	123	98	111	6562	16400	0	1686	1642	6624	6617	2053	692
7662	7	662	127	115	123	98	111	6562	16400	0	1686	1642	6624	6617	2053	692
7663	7	663	127	115	123	98	111	6562	16400	0	1686	1642	6624	6617	2053	692
7664	7	664	127	115	123	98	111	6562	16400	0	1686	1642	6624	6617	2053	692
7665	7	665	127	115	123	98	111	6562	16400	0	1686	1642	6624	6617	2053	692
7666	7	666	127	115	123	98	111	6562	16400	0	1686	1642	6624	6617	2053	692
7667	7	667	127	115	123	98	111	6562	16400	0	1686	1642	6624	6617	2053	692
7668	7	668	127	115	123	98	111	6562	16400	0	1686	1642	6624	6617	2053	692
7669	7	669	127	115	123	98	111	6562	16400	0	1686	1642	6624	6617	2053	692
7670	7	670	127	115	123	98	111	6562	16400	0	1686	1642	6624	6617	2053	692
7671	7	671	127	115	123	98	111	6562	16400	0	1686	1642	6624	6617	2053	692
7672	7	672	127	115	123	98	111	6562	16400	0	1686	1642	6624	6617	2053	692
7673	7	673	127	115	123	98	111	6562	16400	0	1686	1642	6624	6617	2053	692
7674	7	674	127	115	123	98	111	6562	16400	0	1686	1642	6624	6617	2053	692
7675	7	675	127	115	123	98	111	6562	16400	0	1686	1642	6624	6617	2053	692
7676	7	676	127	115	123	98	111	6562	16400	0	1686	1642	6624	6617	2053	692
7677	7	677	127	115	123	98	111	6562	16400	0	1686	1642	6624	6617	2053	692
7678	7	678	127	115	123	98	111	6562	16400	0	1686	1642	6624	6617	2053	692
7679	7	679	127	115	123	98	111	6562	16400	0	1686	1642	6624	6617	2053	692
7680	7	680	127	115	123	98	111	6562	16400	0	1686	1642	6624	6617	2053	692
7681	7	681	127	115	123	98	111	6562	16400	0	1686	1642	6624	6617	2053	692
7682	7	682	127	115	123	98	111	6562	16400	0	1686	1642	6624	6617	2053	692
7683	7	683	127	115	123	98	111	6562	16400	0	1686	1642	6624	6617	2053	692
7684	7	684	127	115	123	98	111	6562	16400	0	1686	1642	6624	6617	2053	692
7685	7	685	127	115	123	98	111	6562	16400	0	1686	1642	6624	6617	2053	692
7686	7	686	127	115	123	98	111	6562	16400	0	1686	1642	6624	6617	2053	692
7687	7	687	127	115	123	98	111	6562	16400	0	1686	1642	6624	6617	2053	692
7688	7	688	127	115	123	98	111	6562	16400	0	1686	1642	6624	6617	2053	692
7689	7	689	127	115	123	98	111	6562	16400	0	1686	1642	6624	6617	2053	692
7690	7	690	127	115	123	98	111	6562	16400	0	1686	1642	6624	6617	2053	692
7691	7	691	127	115	123	98	111	6562	16400	0	1686	1642	6624	6617	2053	692
7692	7	692	127	115	123	98	111	6562	16400	0	1686	1642	6624	6617	2053	692
7693	7	693	127	115	123	98	111	6562	16400	0	1686	1642	6624	6617	2053	692
7694	7	694	127	115	123	98	111	6562	16400	0	1686	1642	6624	6617	2053	692
7695	7	695	127	115	123	98	111	6562	16400	0	1686	1642	6624	6617	2053	692
7696	7	696	127	115	123	98	111	6562	16400	0	1686	1642	6624	6617	2053	692
7697	7	697	127	115	123	98	111	6562	16400	0	1686	1642	6624	6617	2053	692
7698	7	698	127	115	123	98	111	6562	16400	0	1686	1642	6624	6617	2053	692
7699	7	699	127	115	123	98	111	6562	16400	0	1686	1642	6624	6617	2053	692
7700	7	700	127	115	123	98	111	6562	16400	0	1686	1642	6624	6617	2053	692
7701	7	701	127	115	123	98	111	6562	16400	0	1686	1642	6624	6617	2053	692
7702	7	702	127	115	123	98	111	6562	16400	0	1686	1642	6624	6617	2053	692
7703	7	703	127	115	123	98	111	6562	16400	0	1686	1642	6624	6617	2053	692
7704	7	704	127	115	123	98	111	6562	16400	0	1686	1642	6624	6617	2053	692
7705	7	705	127	115	123	98	111	6562	16400	0	1686	1642	6624	6617	2053	692
7706	7	706	127	115	123	98	111	6562	16400	0	1686	1642	6624	6617	2053	692
7707	7	707	127	115	123	98	111	6562	16400	0	1686	1642	6624	6617	2053	692
7708	7	708	127	115	123	98	111	6562	16400	0	1686	1642	6624	6617	2053	692
7709	7	709	127	115	123	98	111	6562	16400	0	1686	1642	6624	6617	2053	692
7710	7	710	127	115	123	98	111	6562	16400	0	1686	1642	6624	6617	2053	692
7711	7	711	127	115	123	98	111	6562	16400	0	1686	1642	6624	6617	2053	692
7712	7	712	127	115	123	98	111	6562	16400	0	1686	1642	6624	6617	2053	692
7713	7	713	127	115	123	98	111	6562	16400	0	1686	1642	6624	6617	2053	692
7714	7	714	127	115	123	98	111	6562	16400	0	1686	1642	6624	6617	2053	692
7715	7	715	127	115	123	98	111	6562	16400	0	1686	1642	6624	6617	2053	692
7716	7	716	127	115	123	98	111	6562	16400	0	1686	1642	6624	6617	2053	692
7717	7	717	127	115	123	98	111	6562	16400	0	1686	1642	6624	6617	2053	692
7718	7	718	127	115	123	98	111	6562	16400	0	1686	1642	6624	6617	2053	692
7719	7	719	127	115	123	98	111	6562	16400	0	1686	1642	6624	6617	2053	692
7720	7	720	127	115	123	98	111	6562	16400	0	1686	1642	6624	6617	2053	692
7721	7	721	127	115	123	98	111	6562	16400	0	1686	1642	6624	6617	2053	692
7722	7	722	127	115	123	98	111	6562	16400	0	1686	1642	6624	6617	2053	692
7723	7	723	127	115	123	98	111	6562	16400	0	1686	1642	6624	6617	2053	692
7724	7	724	127	115	123	98	111	6562	16400	0	1686	1642	6624	6617	2053	692
7725	7	725	127	115	123	98	111	6562	16400	0	1686	1642	6624	6617	2053	692
7726	7	726	127	115	123	98	111	6562	16400	0	1686	1642	6624	6617	2053	692
7727	7	727	127	115	123	98	111	6562	16400	0	1686	1642	6624	6617	2053	692
7728	7	728	127	115	123	98	111	6562	16400	0	1686	1642	6624	6617	2053	692
7729	7	729	127	115	123	98	111	6562	16400	0	1686	1642	6624	6617	2053	692
7730	7	730	127	115	123	98	111	6562	16400	0	1686	1642	6624	6617	2053	692
7731	7	731	127	115	123	98	111	6562	16400	0	1686	1642	6624	6617	2053	692
7732	7	732	127	115	123	98	111	6562	16400	0	1686	1642	6624	6617	2053	692
7733	7	733	127	115	123	98	111	6562	16400	0	1686	1642	6624	6617	2053	692
7734	7	734	127	115	123	98	111	6562	16400	0	1686	1642	6624	6617	2053	692
7735	7	735	127	115	123	98	111	6562	16400	0	1686	1642	6624	6617	2053	692
7736	7	736	127	115	123	98	111	6562	16400	0	1686	1642	6624	6617	2053	692
7737	7	737	127	115	123	98	111	6562	16400	0	1686	1642	6624	6617	2053	692
7738	7	738	127	115	123	98	111	6562	16400	0	1686	1642	6624	6617	2053	692
7739	7	739	127	115	123	98	111	6562	16400	0	1686	1642	6624	6617	2053	692
7740	7	740	127	115	123	98	111	6562	16400	0	1686	1642	6624	6617	2053	692
7741	7	741	127	115	123	98	111	6562	16400	0	1686	1642	6624	6617	2053	692
7742	7	742	127	115	123	98	111	6562	16400	0	1686	1642	6624	6617	2053	692
7743	7	743	127	115	123	98	111	6562	16400	0	1686	1642	6624	6617	2053	692
7744	7	744	127	115	123	98	111	6562	16400	0	1686	1642	6624	6617	2053	692
7745	7	745	127	115	123	98	111	6562	16400	0	1686	1642	6624	6617	2053	692
7746	7	746	127	115	123	98	111	6562	16400	0	1686	1642	6624	6617	2053	692
7747	7	747	127	115	123	98	111	6562	16400	0	1686	1642	6624	6617	2053	692
7748	7	748	127	115	123	98	111	6562	16400	0	1686	1642	6624	6617	2053	692
7749	7	749	127	115	123	98	111	6562	16400	0	1686	1642	6624	6617	2053	692
7750	7	750	127	115	123	98	111	6562	16400	0	1686	1642	6624	6617	2053	692
7751	7	751	127	115	123	98	111	6562	16400	0	1686	1642	6624	6617	2053	692
7752	7	752	127	115	123	98	111	6562	16400	0	1686	1642	6624	6617	2053	692
7753	7	753	127	115	123	98	111	6562	16400	0	1686	1642	6624	6617	2053	692
7754	7	754	127	115	123	98	111	6562	16400	0	1686	1642	6624	6617	2053	692
7755	7	755	127	115	123	98	111	6562	16400	0	1686	1642	6624	6617	2053	692
7756	7	756	127	115	123	98	111	6562	16400	0	1686	1642	6624	6617	2053	692
7757	7	757	127	115	123	98	111	6562	16400	0	1686	1642	6624	6617	2053	692
7758	7	758	127	115	123	98	111	6562	16400	0	1686	1642	6624	6617	2053	692
7759	7	759	127	115	123	98	111	6562	16400	0	1686	1642	6624	6617	2053	692
7760	7	760	127	115	123	98	111	6562	16400	0	1686	1642	6624	6617	2053	692
7761	7	761	127	115	123	98	111	6562	16400	0	1686	1642	6624	6617	2053	692
7762	7	762	127	115	123	98	111	6562	16400	0	1686	1642	6624	6617	2053	692
7763	7	763	127	115	123	98	111	6562	16400	0	1686	1642	6624	6617	2053	692
7764	7	764	127	115	123	98	111	6562	16400	0	1686	1642	6624	6617	2053	692
7765	7	765	127	115	123	98	111	6562	16400	0	1686	1642	6624	6617	2053	692
7766	7	766	127	115	123	98	111	6562	16400	0	1686	1642	6624	6617	2053	692
7767	7	767	127	115	123	98	111	6562	16400	0	1686	1642	6624	6617	2053	692
7768	7	768	127	115	123	98	111	6562	16400	0	1686	1642	6624	6617	2053	692
7769	7	769	127	115	123	98	111	6562	16400	0	1686	1642	6624	6617	2053	692
7770	7	770	127	115	123	98	111	6562	16400	0	1686	1642	6624	6617	2053	692
7771	7	771	127	115	123	98	111	6562	16400	0	1686	1642	6624	6617	2053	692
7772	7	772	127	115	123	98	111	6562	16400	0	1686	1642	6624	6617	2053	692
7773	7	773	127	115	123	98	111	6562	16400	0	1686	1642	6624	6617	2053	692
7774	7	774	127	115	123	98	111	6562	16400	0	1686	1642	6624	6617	2053	692
7775	7	775	127	115	123	98	111	6562	16400	0	1686	1642	6624	6617	2053	692
7776	7	776	127	115	123	98	111	6562	16400	0	1686	1642	6624	6617	2053	692
7777	7	777	127	115	123	98	111	6562	16400	0	1686	1642	6624	6617	2053	692
7778	7	778	127	115	123	98	111	6562	16400	0	1686	1642	6624	6617	2053	692
7779	7	779	127	115	123	98	111	6562	16400	0	1686	1642	6624	6617	2053	692
7780	7	780	127	115	123	98	111	6562	16400	0	1686	1642	6624	6617	2053	692
7781	7	781	127	115	123	98	111	6562	16400	0	1686	1642	6624	6617	2053	692
7782	7	782	127	115	123	98	111	6562	16400	0	1686	1642	6624	6617	2053	692
7783	7	783	127	115	123	98	111	6562	16400	0	1686	1642	6624	6617	2053	692
7784	7	784	127	115	123	98	111	6562	16400	0	1686	1642	6624	6617	2053	692
7785	7	785	127	115	123	98	111	6562	16400	0	1686	1642	6624	6617	2053	692
7786	7	786	127	115	123	98	111	6562	16400	0	1686	1642	6624	6617	2053	692
7787	7	787	127	115	123	98	111	6562	16400	0	1686	1642	6624	6617	2053	692
7788	7	788	127	115	123	98	111	6562	16400	0	1686	1642	6624	6617	2053	692
7789	7	789	127	115	123	98	111	6562	16400	0	1686	1642	6624	6617	2053	692
7790	7	790	127	115	123	98	111	6562	16400	0	1686	1642	6624	6617	2053	692
7791	7	791	127	115	123	98	111	6562	16400	0	1686	1642	6624	6617	2053	692
7792	7	792	127	115	123	98	111	6562	16400	0	1686	1642	6624	6617	2053	692
7793	7	793	127	115	123	98	111	6562	16400	0	1686	1642	6624	6617	2053	692
7794	7	794	127	115	123	98	111	6562	16400	0	1686	1642	6624	6617	2053	692
7795	7	795	127	115	123	98	111	6562	16400	0	1686	1642	6624	6617	2053	692
7796	7	796	127	115	123	98	111	6562	16400	0	1686	1642	6624	6617	2053	692
7797	7	797	127	115	123	98	111	6562	16400	0	1686	1642	6624	6617	2053	692
7798	7	798	127	115	123	98	111	6562	16400	0	1686	1642	6624	6617	2053	692
7799	7	799	127	115	123	98	111	6562	16400	0	1686	1642	6624	6617	2053	692
7800	7	800	127	115	123	98	111	6562	16400	0	1686	1642	6624	6617	2053	692
7801	7	801	127	115	123	98	111	6562	16400	0	1686	1642	6624	6617	2053	692
7802	7	802	127	115	123	98	111	6562	16400	0	1686	1642	6624	6617	2053	692
7803	7	803	127	115	123	98	111	6562	16400	0	1686	1642	6624	6617	2053	692
7804	7	804	127	115	123	98	111	6562	16400	0	1686	1642	6624	6617	2053	692
7805	7	805	127	115	123	98	111	6562	16400	0	1686	1642	6624	6617	2053	692
7806	7	806	127	115	123	98	111	6562	16400	0	1686	1642	6624	6617	2053	692
7807	7	807	127	115	123	98	111	6562	16400	0	1686	1642	6624	6617	2053	692
7808	7	808	127	115	123	98	111	6562	16400	0	1686	1642	6624	6617	2053	692
7809	7	809	127	115	123	98	111	6562	16400	0	1686	1642	6624	6617	2053	692
7810	7	810	127	115	123	98	111	6562	16400	0	1686	1642	6624	6617	2053	692
7811	7	811	127	115	123	98	111	6562	16400	0	1686	1642	6624	6617	2053	692
7812	7	812	127	115	123	98	111	6562	16400	0	1686	1642	6624	6617	2053	692
7813	7	813	127	115	123	98	111	6562	16400	0	1686	1642	6624	6617	2053	692
7814	7	814	127	115	123	98	111	6562	16400	0	1686	1642	6624	6617	2053	692
7815	7	815	127	115	123	98	111	6562	16400	0	1686	1642	6624	6617	2053	692
7816	7	816	127	115	123	98	111	6562	16400	0	1686	1642	6624	6617	2053	692
7817	7	817	127	115	123	98	111	6562	16400	0	1686	1642	6624	6617	2053	692
7818	7	818	127	115	123	98	111	6562	16400	0	1686	1642	6624	6617	2053	692
7819	7	819	127	115	123	98	111	6562	16400	0	1686	1642	6624	6617	2053	692
7820	7	820	127	115	123	98	111	6562	16400	0	1686	1642	6624	6617	2053	692
7821	7	821	127	115	123	98	111	6562	16400	0	1686	1642	6624	6617	2053	692
7822	7	822	127	115	123	98	111	6562	16400	0	1686	1642	6624	6617	2053	692
7823	7	823	127	115	123	98	111	6562	16400	0	1686	1642	6624	6617	2053	692
7824	7	824	127	115	123	98	111	6562	16400	0	1686	1642	6624	6617	2053	692
7825	7	825	127	115	123	98	111	6562	16400	0	1686	1642	6624	6617	2053	692
7826	7	826	127	115	123	98	111	6562	16400	0	1686	1642	6624	6617	2053	692
7827	7	827	127	115	123	98	111	6562	16400	0	1686	1642	6624	6617	2053	692
7828	7	828	127	115	123	98	111	6562	16400	0	1686	1642	6624	6617	2053	692
7829	7	829	127	115	123	98	111	6562	16400	0	1686	1642	6624	6617	2053	692
7830	7	830	127	115	123	98	111	6562	16400	0	1686	1642	6624	6617	2053	692
7831	7	831	127	115	123	98	111	6562	16400	0	1686	1642	6624	6617	2053	692
7832	7	832	127	115	123	98	111	6562	16400	0	1686	1642	6624	6617	2053	692
7833	7	833	127	115	123	98	111	6562	16400	0	1686	1642	6624	6617	2053	692
7834	7	834	127	115	123	98	111	6562	16400	0	1686	1642	6624	6617	2053	692
7835	7	835	127	115	123	98	111	6562	16400	0	1686	1642	6624	6617	2053	692
7836	7	836	127	115	123	98	111	6562	16400	0	1686	1642	6624	6617	2053	692
7837	7	837	127	115	123	98	111	6562	16400	0	1686	1642	6624	6617	2053	692
7838	7	838	127	115	123	98	111	6562	16400	0	1686	1642	6624	6617	2053	692
7839	7	839	127	115	123	98	111	6562	16400	0	1686	1642	6624	6617	2053	692
7840	7	840	127	115	123	98	111	6562	16400	0	1686	1642	6624	6617	2053	692
7841	7	841	127	115	123	98	111	6562	16400	0	1686	1642	6624	6617	2053	692
7842	7	842	127	115	123	98	111	6562	16400	0	1686	1642	6624	6617	2053	692
7843	7	843	127	115	123	98	111	6562	16400	0	1686	1642	6624	6617	2053	692
7844	7	844	127	115	123	98	111	6562	16400	0	1686	1642	6624	6617	2053	692
7845	7	845	127	115	123	98	111	6562	16400	0	1686	1642	6624	6617	2053	692
7846	7	846	127	115	123	98	111	6562	16400	0	1686	1642	6624	6617	2053	692
7847	7	847	127	115	123	98	111	6562	16400	0	1686	1642	6624	6617	2053	692
7848	7	848	127	115	123	98	111	6562	16400	0	1686	1642	6624	6617	2053	692
7849	7	849	127	115	123	98	111	6562	16400	0	1686	1642	6624	6617	2053	692
7850	7	850	127	115	123	98	111	6562	16400	0	1686	1642	6624	6617	2053	692
7851	7	851	127	115	123	98	111	6562	16400	0	1686	1642	6624	6617	2053	692
7852	7	852	127	115	123	98	111	6562	16400	0	1686	1642	6624	6617	2053	692
7853	7	853	127	115	123	98	111	6562	16400	0	1686	1642	6624	6617	2053	692
7854	7	854	127	115	123	98	111	6562	16400	0	1686	1642	6624	6617	2053	692
7855	7	855	127	115	123	98	111	6562	16400	0	1686	1642	6624	6617	2053	692
7856	7	856	127	115	123	98	111	6562	16400	0	1686	1642	6624	6617	2053	692
7857	7	857	127	115	123	98	111	6562	16400	0	1686	1642	6624	6617	2053	692
7858	7	858	127	115	123	98	111	6562	16400	0	1686	1642	6624	6617	2053	692
7859	7	859	127	115	123	98	111	6562	16400	0	1686	1642	6624	6617	2053	692
7860	7	860	127	115	123	98	111	6562	16400	0	1686	1642	6624	6617	2053	692
7861	7	861	127	115	123	98	111	6562	16400	0	1686	1642	6624	6617	2053	692
7862	7	862	127	115	123	98	111	6562	16400	0	1686	1642	6624	6617	2053	692
7863	7	863	127	115	123	98	111	6562	16400	0	1686	1642	6624	6617	2053	692
7864	7	864	127	115	123	98	111	6562	16400	0	1686	1642	6624	6617	2053	692
7865	7	865	127	115	123	98	111	6562	16400	0	1686	1642	6624	6617	2053	692
7866	7	866	127	115	123	98	111	6562	16400	0	1686	1642	6624	6617	2053	692
7867	7	867	127	115	123	98	111	6562	16400	0	1686	1642	6624	6617	2053	692
7868	7	868	127	115	123	98	111	6562	16400	0	1686	1642	6624	6617	2053	692
7869	7	869	127	115	123	98	111	6562	16400	0	1686	1642	6624	6617	2053	692
7870	7	870	127	115	123	98	111	6562	16400	0	1686	1642	6624	6617	2053	692
7871	7	871	127	115	123	98	111	6562	16400	0	1686	1642	6624	6617	2053	692
7872	7	872	127	115	123	98	111	6562	16400	0	1686	1642	6624	6617	2053	692
7873	7	873	127	115	123	98	111	6562	16400	0	1686	1642	6624	6617	2053	692
7874	7	874	127	115	123	98	111	6562	16400	0	1686	1642	6624	6617	2053	692
7875	7	875	127	115	123	98	111	6562	16400	0	1686	1642	6624	6617	2053	692
7876	7	876	127	115	123	98	111	6562	16400	0	1686	1642	6624	6617	2053	692
7877	7	877	127	115	123	98	111	6562	16400	0	1686	1642	6624	6617	2053	692
7878	7	878	127	115	123	98	111	6562	16400	0	1686	1642	6624	6617	2053	692
7879	7	879	127	115	123	98	111	6562	16400	0	1686	1642	6624	6617	2053	692
7880	7	880	127	115	123	98	111	6562	16400	0	1686	1642	6624	6617	2053	692
7881	7	881	127	115	123	98	111	6562	16400	0	1686	1642	6624	6617	2053	692
7882	7	882	127	115	123	98	111	6562	16400	0	1686	1642	6624	6617	2053	692
7883	7	883	127	115	123	98	111	6562	16400	0	1686	1642	6624	6617	2053	692
7884	7	884	127	115	123	98	111	6562	16400	0	1686	1642	6624	6617	2053	692
7885	7	885	127	115	123	98	111	6562	16400	0	1686	1642	6624	6617	2053	692
7886	7	886	127	115	123	98	111	6562	16400	0	1686	1642	6624	6617	2053	692
7887	7	887	127	115	123	98	111	6562	16400	0	1686	1642	6624	6617	2053	692
7888	7	888	127	115	123	98	111	6562	16400	0	1686	1642	6624	6617	2053	692
7889	7	889	127	115	123	98	111	6562	16400	0	1686	1642	6624	6617	2053	692
7890	7	890	127	115	123	98	111	6562	16400	0	1686	1642	6624	6617	2053	692
7891	7	891	127	115	123	98	111	6562	16400	0	1686	1642	6624	6617	2053	692
7892	7	892	127	115	123	98	111	6562	16400	0	1686	1642	6624	6617	2053	692
7893	7	893	127	115	123	98	111	6562	16400	0	1686	1642	6624	6617	2053	692
7894	7	894	127	115	123	98	111	6562	16400	0	1686	1642	6624	6617	2053	692
7895	7	895	127	115	123	98	111	6562	16400	0	1686	1642	6624	6617	2053	692
7896	7	896	127	115	123	98	111	6562	16400	0	1686	1642	6624	6617	2053	692
7897	7	897	127	115	123	98	111	6562	16400	0	1686	1642	6624	6617	2053	692
7898	7	898	127	115	123	98	111	6562	16400	0	1686	1642	6624	6617	2053	692
7899	7	899	127	115	123	98	111	6562	16400	0	1686	1642	6624	6617	2053	692
7900	7	900	127	115	123	98	111	6562	16400	0	1686	1642	6624	6617	2053	692
7901	7	901	127	115	123	98	111	6562	16400	0	1686	1642	6624	6617	2053	692
7902	7	902	127	115	123	98	111	6562	16400	0	1686	1642	6624	6617	2053	692
7903	7	903	127	115	123	98	111	6562	16400	0	1686	1642	6624	6617	2053	692
7904	7	904	127	115	123	98	111	6562	16400	0	1686	1642	6624	6617	2053	692
7905	7	905	127	115	123	98	111	6562	16400	0	1686	1642	6624	6617	2053	692
7906	7	906	127	115	123	98	111	6562	16400	0	1686	1642	6624	6617	2053	692
7907	7	907	127	115	123	98	111	6562	16400	0	1686	1642	6624	6617	2053	692
7908	7	908	127	115	123	98	111	6562	16400	0	1686	1642	6624	6617	2053	692
7909	7	909	127	115	123	98	111	6562	16400	0	1686	1642	6624	6617	2053	692
7910	7	910	127	115	123	98	111	6562	16400	0	1686	1642	6624	6617	2053	692
7911	7	911	127	115	123	98	111	6562	16400	0	1686	1642	6624	6617	2053	692
7912	7	912	127	115	123	98	111	6562	16400	0	1686	1642	6624	6617	2053	692
7913	7	913	127	115	123	98	111	6562	16400	0	1686	1642	6624	6617	2053	692
7914	7	914	127	115	123	98	111	6562	16400	0	1686	1642	6624	6617	2053	692
7915	7	915	127	115	123	98	111	6562	16400	0	1686	1642	6624	6617	2053	692
7916	7	916	127	115	123	98	111	6562	16400	0	1686	1642	6624	6617	2053	692
7917	7	917	127	115	123	98	111	6562	16400	0	1686	1642	6624	6617	2053	692
7918	7	918	127	115	123	98	111	6562	16400	0	1686	1642	6624	6617	2053	692
7919	7	919	127	115	123	98	111	6562	16400	0	1686	1642	6624	6617	2053	692
7920	7	920	127	115	123	98	111	6562	16400	0	1686	1642	6624	6617	2053	692
7921	7	921	127	115	123	98	111	6562	16400	0	1686	1642	6624	6617	2053	692
7922	7	922	127	115	123	98	111	6562	16400	0	1686	1642	6624	6617	2053	692
7923	7	923	127	115	123	98	111	6562	16400	0	1686	1642	6624	6617	2053	692
7924	7	924	127	115	123	98	111	6562	16400	0	1686	1642	6624	6617	2053	692
7925	7	925	127	115	123	98	111	6562	16400	0	1686	1642	6624	6617	2053	692
7926	7	926	127	115	123	98	111	6562	16400	0	1686	1642	6624	6617	2053	692
7927	7	927	127	115	123	98	111	6562	16400	0	1686	1642	6624	6617	2053	692
7928	7	928	127	115	123	98	111	6562	16400	0	1686	1642	6624	6617	2053	692
7929	7	929	127	115	123	98	111	6562	16400	0	1686	1642	6624	6617	2053	692
7930	7	930	127	115	123	98	111	6562	16400	0	1686	1642	6624	6617	2053	692
7931	7	931	127	115	123	98	111	6562	16400	0	1686	1642	6624	6617	2053	692
7932	7	932	127	115	123	98	111	6562	16400	0	1686	1642	6624	6617	2053	692
7933	7	933	127	115	123	98	111	6562	16400	0	1686	1642	6624	6617	2053	692
7934	7	934	127	115	123	98	111	6562	16400	0	1686	1642	6624	6617	2053	692
7935	7	935	127	115	123	98	111	6562	16400	0	1686	1642	6624	6617	2053	692
7936	7	936	127	115	123	98	111	6562	16400	0	1686	1642	6624	6617	2053	692
7937	7	937	127	115	123	98	111	6562	16400	0	1686	1642	6624	6617	2053	692
7938	7	938	127	115	123	98	111	6562	16400	0	1686	1642	6624	6617	2053	692
7939	7	939	127	115	123	98	111	6562	16400	0	1686	1642	6624	6617	2053	692
7940	7	940	127	115	123	98	111	6562	16400	0	1686	1642	6624	6617	2053	692
7941	7	941	127	115	123	98	111	6562	16400	0	1686	1642	6624	6617	2053	692
7942	7	942	127	115	123	98	111	6562	16400	0	1686	1642	6624	6617	2053	692
7943	7	943	127	115	123	98	111	6562	16400	0	1686	1642	6624	6617	2053	692
7944	7	944	127	115	123	98	111	6562	16400	0	1686	1642	6624	6617	2053	692
7945	7	945	127	115	123	98	111	6562	16400	0	1686	1642	6624	6617	2053	692
7946	7	946	127	115	123	98	111	6562	16400	0	1686	1642	6624	6617	2053	692
7947	7	947	127	115	123	98	111	6562	16400	0	1686	1642	6624	6617	2053	692
7948	7	948	127	115	123	98	111	6562	16400	0	1686	1642	6624	6617	2053	692
7949	7	949	127	115	123	98	111	6562	16400	0	1686	1642	6624	6617	2053	692
7950	7	950	127	115	123	98	111	6562	16400	0	1686	1642	6624	6617	2053	692
7951	7	951	127	115	123	98	111	6562	16400	0	1686	1642	6624	6617	2053	692
7952	7	952	127	115	123	98	111	6562	16400	0	1686	1642	6624	6617	2053	692
7953	7	953	127	115	123	98	111	6562	16400	0	1686	1642	6624	6617	2053	692
7954	7	954	127	115	123	98	111	6562	16400	0	1686	1642	6624	6617	2053	692
7955	7	955	127	115	123	98	111	6562	16400	0	1686	1642	6624	6617	2053	692
7956	7	956	127	115	123	98	111	6562	16400	0	1686	1642	6624	6617	2053	692
7957	7	957	127	115	123	98	111	6562	16400	0	1686	1642	6624	6617	2053	692
7958	7	958	127	115	123	98	111	6562	16400	0	1686	1642	6624	6617	2053	692
7959	7	959	127	115	123	98	111	6562	16400	0	1686	1642	6624	6617	2053	692
7960	7	960	127	115	123	98	111	6562	16400	0	1686	1642	6624	6617	2053	692
7961	7	961	127	115	123	98	111	6562	16400	0	1686	1642	6624	6617	2053	692
7962	7	962	127	115	123	98	111	6562	16400	0	1686	1642	6624	6617	2053	692
7963	7	963	127	115	123	98	111	6562	16400	0	1686	1642	6624	6617	2053	692
7964	7	964	127	115	123	98	111	6562	16400	0	1686	1642	6624	6617	2053	692
7965	7	965	127	115	123	98	111	6562	16400	0	1686	1642	6624	6617	2053	692
7966	7	966	127	115	123	98	111	6562	16400	0	1686	1642	6624	6617	2053	692
7967	7	967	127	115	123	98	111	6562	16400	0	1686	1642	6624	6617	2053	692
7968	7	968	127	115	123	98	111	6562	16400	0	1686	1642	6624	6617	2053	692
7969	7	969	127	115	123	98	111	6562	16400	0	1686	1642	6624	6617	2053	692
7970	7	970	127	115	123	98	111	6562	16400	0	1686	1642	6624	6617	2053	692
7971	7	971	127	115	123	98	111	6562	16400	0	1686	1642	6624	6617	2053	692
7972	7	972	127	115	123	98	111	6562	16400	0	1686	1642	6624	6617	2053	692
7973	7	973	127	115	123	98	111	6562	16400	0	1686	1642	6624	6617	2053	692
7974	7	974	127	115	123	98	111	6562	16400	0	1686	1642	6624	6617	2053	692
7975	7	975	127	115	123	98	111	6562	16400	0	1686	1642	6624	6617	2053	692
7976	7	976	127	115	123	98	111	6562	16400	0	1686	1642	6624	6617	2053	692
7977	7	977	127	115	123	98	111	6562	16400	0	1686	1642	6624	6617	2053	692
7978	7	978	127	115	123	98	111	6562	16400	0	1686	1642	6624	6617	2053	692
7979	7	979	127	115	123	98	111	6562	16400	0	1686	1642	6624	6617	2053	692
7980	7	980	127	115	123	98	111	6562	16400	0	1686	1642	6624	6617	2053	692
7981	7	981	127	115	123	98	111	6562	16400	0	1686	1642	6624	6617	2053	692
7982	7	982	127	115	123	98	111	6562	16400	0	1686	1642	6624	6617	2053	692
7983	7	983	127	115	123	98	111	6562	16400	0	1686	1642	6624	6617	2053	692
7984	7	984	127	115	123	98	111	6562	16400	0	1686	1642	6624	6617	2053	692
7985	7	985	127	115	123	98	111	6562	16400	0	1686	1642	6624	6617	2053	692
7986	7	986	127	115	123	98	111	6562	16400	0	1686	1642	6624	6617	2053	692
7987	7	987	127	115	123	98	111	6562	16400	0	1686	1642	6624	6617	2053	692
7988	7	988	127	115	123	98	111	6562	16400	0	1686	1642	6624	6617	2053	692
7989	7	989	127	115	123	98	111	6562	16400	0	1686	1642	6624	6617	2053	692
7990	7	990	127	115	123	98	111	6562	16400	0	1686	1642	6624	6617	2053	692
7991	7	991	127	115	123	98	111	6562	16400	0	1686	1642	6624	6617	2053	692
7992	7	992	127	115	123	98	111	6562	16400	0	1686	1642	6624	6617	2053	692
7993	7	993	127	115	123	98	111	6562	16400	0	1686	1642	6624	6617	2053	692
7994	7	994	127	115	123	98	111	6562	16400	0	1686	1642	6624	6617	2053	692
7995	7	995	127	115	123	98	111	6562	16400	0	1686	1642	6624	6617	2053	692
7996	7	996	127	115	123	98	111	6562	16400	0	1686	1642	6624	6617	2053	692
7997	7	997	127	115	123	98	111	6562	16400	0	1686	1642	6624	6617	2053	692
7998	7	998	127	115	123	98	111	6562	16400	0	1686	1642	6624	6617	2053	692
7999	7	999	127	115	123	98	111	6562	16400	0	1686	1642	6624	6617	2053	692
8000	8	0	0	2	4	3	2	973	500	0	31	34	17	17	5	4
8001	8	1	0	2	4	3	2	1125	500	0	61	64	29	29	6	7
8002	8	2	0	2	4	3	2	1326	550	0	91	95	41	41	9	13
8003	8	3	1	2	4	3	2	1527	600	0	121	125	53	54	11	19
8004	8	4	1	2	5	4	2	1729	650	0	151	156	65	66	14	25
8005	8	5	1	2	5	4	2	1930	700	0	182	187	77	78	16	32
8006	8	6	1	3	5	5	2	2131	750	0	212	217	89	90	19	38
8007	8	7	1	3	5	5	2	2332	800	0	242	248	101	102	21	44
8008	8	8	1	3	6	5	2	2534	850	0	272	278	113	114	24	50
8009	8	9	1	3	6	6	2	2735	900	0	302	309	126	126	27	56
8010	8	10	1	4	6	6	2	2936	950	0	333	340	138	139	29	62
8011	8	11	2	4	6	6	2	3138	1000	0	363	370	150	151	32	69
8012	8	12	2	4	7	7	2	3339	1050	0	393	401	162	163	34	75
8013	8	13	2	4	7	7	2	3540	1100	0	423	431	174	175	37	81
8014	8	14	2	4	7	8	2	3742	1150	0	453	462	186	187	39	87
8015	8	15	2	5	7	8	3	4073	1200	0	483	492	198	199	42	93
8016	8	16	2	5	8	8	3	4404	1250	0	514	523	198	199	44	99
8017	8	17	2	5	8	9	3	4735	1300	0	544	554	199	200	47	106
8018	8	18	2	5	8	9	3	5067	1350	0	574	584	199	200	49	112
8019	8	19	3	6	9	10	3	5398	1400	0	604	615	199	200	52	118
8020	8	20	3	6	9	10	3	5734	1450	0	624	635	207	208	54	124
8021	8	21	3	6	9	10	3	5734	1500	0	625	636	199	200	55	124
8022	8	22	3	6	9	11	3	5734	1550	0	625	636	199	200	55	124
8023	8	23	3	6	10	11	3	5734	1600	0	625	637	199	201	56	125
8024	8	24	3	7	10	11	3	5734	1650	0	625	638	199	201	56	125
8025	8	25	3	7	10	12	3	5734	1700	0	625	638	200	201	57	125
8026	8	26	3	7	10	12	3	5734	1750	0	625	639	200	201	57	125
8027	8	27	3	7	11	13	3	5734	1800	0	626	639	200	201	58	125
8028	8	28	4	8	11	13	3	5734	1850	0	626	640	200	201	58	125
8029	8	29	4	8	11	13	3	5734	1900	0	626	641	200	201	59	126
8030	8	30	4	8	11	14	3	5734	1950	0	626	641	200	202	59	126
8031	8	31	4	8	12	14	3	5734	2000	0	626	642	200	202	60	126
8032	8	32	4	8	12	14	4	5734	2050	0	626	642	201	202	60	126
8033	8	33	4	9	12	15	4	5734	2100	0	627	643	201	202	61	126
8034	8	34	4	9	12	15	4	5734	2150	0	627	643	201	202	61	127
8035	8	35	4	9	13	16	4	5734	2200	0	627	644	201	202	62	127
8036	8	36	5	9	13	16	4	5734	2250	0	627	645	201	202	62	127
8037	8	37	5	9	13	16	4	5734	2300	0	627	645	201	203	63	127
8038	8	38	5	10	13	17	4	5734	2350	0	628	646	201	203	63	127
8039	8	39	5	10	14	17	4	5734	2400	0	628	646	201	203	64	127
8040	8	40	5	10	14	18	4	5734	2650	0	628	647	202	203	65	128
8041	8	41	5	10	14	18	4	5734	2900	0	628	648	202	203	65	128
8042	8	42	5	11	14	18	4	5734	3150	0	628	648	202	203	66	128
8043	8	43	5	11	15	19	4	5734	3400	0	628	649	202	204	66	128
8044	8	44	5	11	15	19	4	5734	3650	0	629	649	202	204	67	128
8045	8	45	6	11	15	19	4	5734	3900	0	629	650	202	204	67	128
8046	8	46	6	11	16	20	4	5734	4150	0	629	650	202	204	68	129
8047	8	47	6	12	16	20	4	5734	4400	0	629	651	202	204	68	129
8048	8	48	6	12	16	21	4	5734	4650	0	629	652	203	204	69	129
8049	8	49	6	12	16	21	5	5734	4900	0	630	652	203	204	69	129
8050	8	50	8	14	19	23	7	5759	5150	0	630	653	276	278	124	147
8051	8	51	10	17	21	26	9	5784	5400	0	630	653	349	351	178	165
8052	8	52	12	19	23	28	11	5809	5650	0	630	654	422	424	233	184
8053	8	53	15	21	25	30	13	5834	5900	0	630	654	495	497	287	202
8054	8	54	17	23	28	33	15	5859	6150	0	630	655	568	570	342	220
8055	8	55	19	25	30	35	17	5884	6400	0	631	656	642	643	396	238
8056	8	56	21	28	32	38	19	5909	6650	0	631	656	715	716	451	256
8057	8	57	23	30	34	40	21	5934	6900	0	631	657	788	790	505	274
8058	8	58	25	32	37	42	23	5959	7150	0	631	657	861	863	560	293
8059	8	59	27	34	39	45	25	5984	7400	0	631	658	934	936	614	311
8060	8	60	33	41	45	51	31	6009	7750	0	707	734	1284	1286	707	331
8061	8	61	36	44	48	54	34	6034	8100	0	782	809	1627	1629	793	349
8062	8	62	39	47	52	57	37	6059	8450	0	857	885	1970	1972	880	367
8063	8	63	41	51	55	59	40	6084	8800	0	932	960	2314	2316	966	385
8064	8	64	44	55	58	63	43	6109	9150	0	1007	1036	2657	2659	1053	404
8065	8	65	46	60	61	65	46	6134	9500	0	1082	1111	3000	3002	1139	422
8066	8	66	49	64	65	68	51	6159	9850	0	1158	1187	3343	3345	1226	440
8067	8	67	52	68	68	72	55	6184	10200	0	1233	1263	3686	3688	1312	458
8068	8	68	55	72	71	75	59	6209	10550	0	1308	1338	4029	4031	1399	476
8069	8	69	58	76	74	79	63	6234	10900	0	1383	1414	4372	4374	1485	495
8070	8	70	66	84	82	86	71	6259	11250	0	1408	1439	4602	4605	1547	516
8071	8	71	69	87	85	89	75	6284	11600	0	1434	1465	4826	4828	1603	534
8072	8	72	72	90	88	93	79	6309	11950	0	1459	1490	5049	5051	1658	552
8073	8	73	75	93	92	96	83	6334	12300	0	1484	1516	5272	5274	1714	570
8074	8	74	78	97	95	99	87	6359	12650	0	1509	1542	5495	5497	1769	588
8075	8	75	81	100	98	103	91	6384	13000	0	1534	1567	5718	5720	1825	606
8076	8	76	84	103	101	106	95	6409	13350	0	1559	1593	5941	5943	1880	625
8077	8	77	87	106	105	110	99	6434	13700	0	1585	1618	6164	6167	1936	643
8078	8	78	91	109	108	113	103	6459	14050	0	1610	1644	6388	6390	1991	661
8079	8	79	94	113	111	116	107	6484	14400	0	1635	1670	6611	6613	2047	681
8080	8	80	94	113	111	117	107	6484	14450	0	1635	1670	6611	6613	2047	681
8081	8	81	94	113	112	117	107	6484	14500	0	1635	1671	6611	6613	2048	682
8082	8	82	94	113	112	118	107	6484	14550	0	1635	1671	6611	6613	2048	682
8083	8	83	94	114	112	118	108	6484	14600	0	1636	1672	6611	6614	2049	682
8084	8	84	94	114	112	118	108	6484	14650	0	1636	1672	6611	6614	2049	682
8085	8	85	94	114	113	119	108	6484	14700	0	1636	1673	6611	6614	2050	682
8086	8	86	94	114	113	119	108	6484	14750	0	1636	1674	6612	6614	2050	682
8087	8	87	95	114	113	119	108	6484	14800	0	1636	1674	6612	6614	2051	683
8088	8	88	95	115	113	120	108	6484	14850	0	1637	1675	6612	6614	2051	683
8089	8	89	95	115	114	120	108	6484	14900	0	1637	1675	6612	6614	2052	683
8090	8	90	95	115	114	121	108	6484	14950	0	1637	1676	6612	6615	2052	683
8091	8	91	95	115	114	121	108	6484	15000	0	1637	1677	6612	6615	2053	683
8092	8	92	95	116	114	121	108	6484	15050	0	1637	1677	6612	6615	2053	683
8093	8	93	95	116	115	122	108	6484	15100	0	1637	1678	6612	6615	2054	684
8094	8	94	95	116	115	122	108	6484	15150	0	1638	1678	6613	6615	2054	684
8095	8	95	96	116	115	123	108	6484	15200	0	1638	1679	6613	6615	2055	684
8096	8	96	96	116	115	123	108	6484	15250	0	1638	1679	6613	6615	2055	684
8097	8	97	96	117	116	123	108	6484	15300	0	1638	1680	6613	6616	2056	684
8098	8	98	96	117	116	124	108	6484	15350	0	1638	1681	6613	6616	2056	684
8099	8	99	96	117	116	124	108	6484	15400	0	1639	1681	6613	6616	2057	685
8100	8	100	96	117	117	124	109	6484	15450	0	1639	1682	6613	6616	2057	685
8101	8	101	96	118	117	125	109	6484	15500	0	1639	1682	6614	6616	2058	685
8102	8	102	96	118	117	125	109	6484	15550	0	1639	1683	6614	6616	2059	685
8103	8	103	96	118	117	126	109	6484	15600	0	1639	1683	6614	6617	2059	685
8104	8	104	97	118	118	126	109	6484	15650	0	1639	1684	6614	6617	2060	685
8105	8	105	97	118	118	126	109	6484	15700	0	1640	1685	6614	6617	2060	686
8106	8	106	97	119	118	127	109	6484	15750	0	1640	1685	6614	6617	2061	686
8107	8	107	97	119	118	127	109	6484	15800	0	1640	1686	6614	6617	2061	686
8108	8	108	97	119	119	127	109	6484	15850	0	1640	1686	6614	6617	2062	686
8109	8	109	97	119	119	128	109	6484	15900	0	1640	1687	6615	6617	2062	686
8110	8	110	97	120	119	128	109	6484	15950	0	1641	1688	6615	6618	2063	686
8111	8	111	97	120	119	129	109	6484	16000	0	1641	1688	6615	6618	2063	687
8112	8	112	98	120	120	129	109	6484	16050	0	1641	1689	6615	6618	2064	687
8113	8	113	98	120	120	129	109	6484	16100	0	1641	1689	6615	6618	2064	687
8114	8	114	98	120	120	130	109	6484	16150	0	1641	1690	6615	6618	2065	687
8115	8	115	98	121	120	130	109	6484	16200	0	1641	1690	6615	6618	2065	687
8116	8	116	98	121	121	131	109	6484	16250	0	1642	1691	6615	6618	2066	687
8117	8	117	98	121	121	131	110	6484	16300	0	1642	1692	6616	6619	2066	688
8118	8	118	98	121	121	131	110	6484	16350	0	1642	1692	6616	6619	2067	688
8119	8	119	98	121	121	132	110	6484	16400	0	1642	1693	6616	6619	2067	688
8120	8	120	98	121	121	132	110	6484	16400	0	1642	1693	6616	6619	2067	688
8121	8	121	98	121	121	132	110	6484	16400	0	1642	1693	6616	6619	2067	688
8122	8	122	98	121	121	132	110	6484	16400	0	1642	1693	6616	6619	2067	688
8123	8	123	98	121	121	132	110	6484	16400	0	1642	1693	6616	6619	2067	688
8124	8	124	98	121	121	132	110	6484	16400	0	1642	1693	6616	6619	2067	688
8125	8	125	98	121	121	132	110	6484	16400	0	1642	1693	6616	6619	2067	688
8126	8	126	98	121	121	132	110	6484	16400	0	1642	1693	6616	6619	2067	688
8127	8	127	98	121	121	132	110	6484	16400	0	1642	1693	6616	6619	2067	688
8128	8	128	98	121	121	132	110	6484	16400	0	1642	1693	6616	6619	2067	688
8129	8	129	98	121	121	132	110	6484	16400	0	1642	1693	6616	6619	2067	688
8130	8	130	98	121	121	132	110	6484	16400	0	1642	1693	6616	6619	2067	688
8131	8	131	98	121	121	132	110	6484	16400	0	1642	1693	6616	6619	2067	688
8132	8	132	98	121	121	132	110	6484	16400	0	1642	1693	6616	6619	2067	688
8133	8	133	98	121	121	132	110	6484	16400	0	1642	1693	6616	6619	2067	688
8134	8	134	98	121	121	132	110	6484	16400	0	1642	1693	6616	6619	2067	688
8135	8	135	98	121	121	132	110	6484	16400	0	1642	1693	6616	6619	2067	688
8136	8	136	98	121	121	132	110	6484	16400	0	1642	1693	6616	6619	2067	688
8137	8	137	98	121	121	132	110	6484	16400	0	1642	1693	6616	6619	2067	688
8138	8	138	98	121	121	132	110	6484	16400	0	1642	1693	6616	6619	2067	688
8139	8	139	98	121	121	132	110	6484	16400	0	1642	1693	6616	6619	2067	688
8140	8	140	98	121	121	132	110	6484	16400	0	1642	1693	6616	6619	2067	688
8141	8	141	98	121	121	132	110	6484	16400	0	1642	1693	6616	6619	2067	688
8142	8	142	98	121	121	132	110	6484	16400	0	1642	1693	6616	6619	2067	688
8143	8	143	98	121	121	132	110	6484	16400	0	1642	1693	6616	6619	2067	688
8144	8	144	98	121	121	132	110	6484	16400	0	1642	1693	6616	6619	2067	688
8145	8	145	98	121	121	132	110	6484	16400	0	1642	1693	6616	6619	2067	688
8146	8	146	98	121	121	132	110	6484	16400	0	1642	1693	6616	6619	2067	688
8147	8	147	98	121	121	132	110	6484	16400	0	1642	1693	6616	6619	2067	688
8148	8	148	98	121	121	132	110	6484	16400	0	1642	1693	6616	6619	2067	688
8149	8	149	98	121	121	132	110	6484	16400	0	1642	1693	6616	6619	2067	688
8150	8	150	98	121	121	132	110	6484	16400	0	1642	1693	6616	6619	2067	688
8151	8	151	98	121	121	132	110	6484	16400	0	1642	1693	6616	6619	2067	688
8152	8	152	98	121	121	132	110	6484	16400	0	1642	1693	6616	6619	2067	688
8153	8	153	98	121	121	132	110	6484	16400	0	1642	1693	6616	6619	2067	688
8154	8	154	98	121	121	132	110	6484	16400	0	1642	1693	6616	6619	2067	688
8155	8	155	98	121	121	132	110	6484	16400	0	1642	1693	6616	6619	2067	688
8156	8	156	98	121	121	132	110	6484	16400	0	1642	1693	6616	6619	2067	688
8157	8	157	98	121	121	132	110	6484	16400	0	1642	1693	6616	6619	2067	688
8158	8	158	98	121	121	132	110	6484	16400	0	1642	1693	6616	6619	2067	688
8159	8	159	98	121	121	132	110	6484	16400	0	1642	1693	6616	6619	2067	688
8160	8	160	98	121	121	132	110	6484	16400	0	1642	1693	6616	6619	2067	688
8161	8	161	98	121	121	132	110	6484	16400	0	1642	1693	6616	6619	2067	688
8162	8	162	98	121	121	132	110	6484	16400	0	1642	1693	6616	6619	2067	688
8163	8	163	98	121	121	132	110	6484	16400	0	1642	1693	6616	6619	2067	688
8164	8	164	98	121	121	132	110	6484	16400	0	1642	1693	6616	6619	2067	688
8165	8	165	98	121	121	132	110	6484	16400	0	1642	1693	6616	6619	2067	688
8166	8	166	98	121	121	132	110	6484	16400	0	1642	1693	6616	6619	2067	688
8167	8	167	98	121	121	132	110	6484	16400	0	1642	1693	6616	6619	2067	688
8168	8	168	98	121	121	132	110	6484	16400	0	1642	1693	6616	6619	2067	688
8169	8	169	98	121	121	132	110	6484	16400	0	1642	1693	6616	6619	2067	688
8170	8	170	98	121	121	132	110	6484	16400	0	1642	1693	6616	6619	2067	688
8171	8	171	98	121	121	132	110	6484	16400	0	1642	1693	6616	6619	2067	688
8172	8	172	98	121	121	132	110	6484	16400	0	1642	1693	6616	6619	2067	688
8173	8	173	98	121	121	132	110	6484	16400	0	1642	1693	6616	6619	2067	688
8174	8	174	98	121	121	132	110	6484	16400	0	1642	1693	6616	6619	2067	688
8175	8	175	98	121	121	132	110	6484	16400	0	1642	1693	6616	6619	2067	688
8176	8	176	98	121	121	132	110	6484	16400	0	1642	1693	6616	6619	2067	688
8177	8	177	98	121	121	132	110	6484	16400	0	1642	1693	6616	6619	2067	688
8178	8	178	98	121	121	132	110	6484	16400	0	1642	1693	6616	6619	2067	688
8179	8	179	98	121	121	132	110	6484	16400	0	1642	1693	6616	6619	2067	688
8180	8	180	98	121	121	132	110	6484	16400	0	1642	1693	6616	6619	2067	688
8181	8	181	98	121	121	132	110	6484	16400	0	1642	1693	6616	6619	2067	688
8182	8	182	98	121	121	132	110	6484	16400	0	1642	1693	6616	6619	2067	688
8183	8	183	98	121	121	132	110	6484	16400	0	1642	1693	6616	6619	2067	688
8184	8	184	98	121	121	132	110	6484	16400	0	1642	1693	6616	6619	2067	688
8185	8	185	98	121	121	132	110	6484	16400	0	1642	1693	6616	6619	2067	688
8186	8	186	98	121	121	132	110	6484	16400	0	1642	1693	6616	6619	2067	688
8187	8	187	98	121	121	132	110	6484	16400	0	1642	1693	6616	6619	2067	688
8188	8	188	98	121	121	132	110	6484	16400	0	1642	1693	6616	6619	2067	688
8189	8	189	98	121	121	132	110	6484	16400	0	1642	1693	6616	6619	2067	688
8190	8	190	98	121	121	132	110	6484	16400	0	1642	1693	6616	6619	2067	688
8191	8	191	98	121	121	132	110	6484	16400	0	1642	1693	6616	6619	2067	688
8192	8	192	98	121	121	132	110	6484	16400	0	1642	1693	6616	6619	2067	688
8193	8	193	98	121	121	132	110	6484	16400	0	1642	1693	6616	6619	2067	688
8194	8	194	98	121	121	132	110	6484	16400	0	1642	1693	6616	6619	2067	688
8195	8	195	98	121	121	132	110	6484	16400	0	1642	1693	6616	6619	2067	688
8196	8	196	98	121	121	132	110	6484	16400	0	1642	1693	6616	6619	2067	688
8197	8	197	98	121	121	132	110	6484	16400	0	1642	1693	6616	6619	2067	688
8198	8	198	98	121	121	132	110	6484	16400	0	1642	1693	6616	6619	2067	688
8199	8	199	98	121	121	132	110	6484	16400	0	1642	1693	6616	6619	2067	688
8200	8	200	98	121	121	132	110	6484	16400	0	1642	1693	6616	6619	2067	688
8201	8	201	98	121	121	132	110	6484	16400	0	1642	1693	6616	6619	2067	688
8202	8	202	98	121	121	132	110	6484	16400	0	1642	1693	6616	6619	2067	688
8203	8	203	98	121	121	132	110	6484	16400	0	1642	1693	6616	6619	2067	688
8204	8	204	98	121	121	132	110	6484	16400	0	1642	1693	6616	6619	2067	688
8205	8	205	98	121	121	132	110	6484	16400	0	1642	1693	6616	6619	2067	688
8206	8	206	98	121	121	132	110	6484	16400	0	1642	1693	6616	6619	2067	688
8207	8	207	98	121	121	132	110	6484	16400	0	1642	1693	6616	6619	2067	688
8208	8	208	98	121	121	132	110	6484	16400	0	1642	1693	6616	6619	2067	688
8209	8	209	98	121	121	132	110	6484	16400	0	1642	1693	6616	6619	2067	688
8210	8	210	98	121	121	132	110	6484	16400	0	1642	1693	6616	6619	2067	688
8211	8	211	98	121	121	132	110	6484	16400	0	1642	1693	6616	6619	2067	688
8212	8	212	98	121	121	132	110	6484	16400	0	1642	1693	6616	6619	2067	688
8213	8	213	98	121	121	132	110	6484	16400	0	1642	1693	6616	6619	2067	688
8214	8	214	98	121	121	132	110	6484	16400	0	1642	1693	6616	6619	2067	688
8215	8	215	98	121	121	132	110	6484	16400	0	1642	1693	6616	6619	2067	688
8216	8	216	98	121	121	132	110	6484	16400	0	1642	1693	6616	6619	2067	688
8217	8	217	98	121	121	132	110	6484	16400	0	1642	1693	6616	6619	2067	688
8218	8	218	98	121	121	132	110	6484	16400	0	1642	1693	6616	6619	2067	688
8219	8	219	98	121	121	132	110	6484	16400	0	1642	1693	6616	6619	2067	688
8220	8	220	98	121	121	132	110	6484	16400	0	1642	1693	6616	6619	2067	688
8221	8	221	98	121	121	132	110	6484	16400	0	1642	1693	6616	6619	2067	688
8222	8	222	98	121	121	132	110	6484	16400	0	1642	1693	6616	6619	2067	688
8223	8	223	98	121	121	132	110	6484	16400	0	1642	1693	6616	6619	2067	688
8224	8	224	98	121	121	132	110	6484	16400	0	1642	1693	6616	6619	2067	688
8225	8	225	98	121	121	132	110	6484	16400	0	1642	1693	6616	6619	2067	688
8226	8	226	98	121	121	132	110	6484	16400	0	1642	1693	6616	6619	2067	688
8227	8	227	98	121	121	132	110	6484	16400	0	1642	1693	6616	6619	2067	688
8228	8	228	98	121	121	132	110	6484	16400	0	1642	1693	6616	6619	2067	688
8229	8	229	98	121	121	132	110	6484	16400	0	1642	1693	6616	6619	2067	688
8230	8	230	98	121	121	132	110	6484	16400	0	1642	1693	6616	6619	2067	688
8231	8	231	98	121	121	132	110	6484	16400	0	1642	1693	6616	6619	2067	688
8232	8	232	98	121	121	132	110	6484	16400	0	1642	1693	6616	6619	2067	688
8233	8	233	98	121	121	132	110	6484	16400	0	1642	1693	6616	6619	2067	688
8234	8	234	98	121	121	132	110	6484	16400	0	1642	1693	6616	6619	2067	688
8235	8	235	98	121	121	132	110	6484	16400	0	1642	1693	6616	6619	2067	688
8236	8	236	98	121	121	132	110	6484	16400	0	1642	1693	6616	6619	2067	688
8237	8	237	98	121	121	132	110	6484	16400	0	1642	1693	6616	6619	2067	688
8238	8	238	98	121	121	132	110	6484	16400	0	1642	1693	6616	6619	2067	688
8239	8	239	98	121	121	132	110	6484	16400	0	1642	1693	6616	6619	2067	688
8240	8	240	98	121	121	132	110	6484	16400	0	1642	1693	6616	6619	2067	688
8241	8	241	98	121	121	132	110	6484	16400	0	1642	1693	6616	6619	2067	688
8242	8	242	98	121	121	132	110	6484	16400	0	1642	1693	6616	6619	2067	688
8243	8	243	98	121	121	132	110	6484	16400	0	1642	1693	6616	6619	2067	688
8244	8	244	98	121	121	132	110	6484	16400	0	1642	1693	6616	6619	2067	688
8245	8	245	98	121	121	132	110	6484	16400	0	1642	1693	6616	6619	2067	688
8246	8	246	98	121	121	132	110	6484	16400	0	1642	1693	6616	6619	2067	688
8247	8	247	98	121	121	132	110	6484	16400	0	1642	1693	6616	6619	2067	688
8248	8	248	98	121	121	132	110	6484	16400	0	1642	1693	6616	6619	2067	688
8249	8	249	98	121	121	132	110	6484	16400	0	1642	1693	6616	6619	2067	688
8250	8	250	98	121	121	132	110	6484	16400	0	1642	1693	6616	6619	2067	688
8251	8	251	98	121	121	132	110	6484	16400	0	1642	1693	6616	6619	2067	688
8252	8	252	98	121	121	132	110	6484	16400	0	1642	1693	6616	6619	2067	688
8253	8	253	98	121	121	132	110	6484	16400	0	1642	1693	6616	6619	2067	688
8254	8	254	98	121	121	132	110	6484	16400	0	1642	1693	6616	6619	2067	688
8255	8	255	98	121	121	132	110	6484	16400	0	1642	1693	6616	6619	2067	688
8256	8	256	98	121	121	132	110	6484	16400	0	1642	1693	6616	6619	2067	688
8257	8	257	98	121	121	132	110	6484	16400	0	1642	1693	6616	6619	2067	688
8258	8	258	98	121	121	132	110	6484	16400	0	1642	1693	6616	6619	2067	688
8259	8	259	98	121	121	132	110	6484	16400	0	1642	1693	6616	6619	2067	688
8260	8	260	98	121	121	132	110	6484	16400	0	1642	1693	6616	6619	2067	688
8261	8	261	98	121	121	132	110	6484	16400	0	1642	1693	6616	6619	2067	688
8262	8	262	98	121	121	132	110	6484	16400	0	1642	1693	6616	6619	2067	688
8263	8	263	98	121	121	132	110	6484	16400	0	1642	1693	6616	6619	2067	688
8264	8	264	98	121	121	132	110	6484	16400	0	1642	1693	6616	6619	2067	688
8265	8	265	98	121	121	132	110	6484	16400	0	1642	1693	6616	6619	2067	688
8266	8	266	98	121	121	132	110	6484	16400	0	1642	1693	6616	6619	2067	688
8267	8	267	98	121	121	132	110	6484	16400	0	1642	1693	6616	6619	2067	688
8268	8	268	98	121	121	132	110	6484	16400	0	1642	1693	6616	6619	2067	688
8269	8	269	98	121	121	132	110	6484	16400	0	1642	1693	6616	6619	2067	688
8270	8	270	98	121	121	132	110	6484	16400	0	1642	1693	6616	6619	2067	688
8271	8	271	98	121	121	132	110	6484	16400	0	1642	1693	6616	6619	2067	688
8272	8	272	98	121	121	132	110	6484	16400	0	1642	1693	6616	6619	2067	688
8273	8	273	98	121	121	132	110	6484	16400	0	1642	1693	6616	6619	2067	688
8274	8	274	98	121	121	132	110	6484	16400	0	1642	1693	6616	6619	2067	688
8275	8	275	98	121	121	132	110	6484	16400	0	1642	1693	6616	6619	2067	688
8276	8	276	98	121	121	132	110	6484	16400	0	1642	1693	6616	6619	2067	688
8277	8	277	98	121	121	132	110	6484	16400	0	1642	1693	6616	6619	2067	688
8278	8	278	98	121	121	132	110	6484	16400	0	1642	1693	6616	6619	2067	688
8279	8	279	98	121	121	132	110	6484	16400	0	1642	1693	6616	6619	2067	688
8280	8	280	98	121	121	132	110	6484	16400	0	1642	1693	6616	6619	2067	688
8281	8	281	98	121	121	132	110	6484	16400	0	1642	1693	6616	6619	2067	688
8282	8	282	98	121	121	132	110	6484	16400	0	1642	1693	6616	6619	2067	688
8283	8	283	98	121	121	132	110	6484	16400	0	1642	1693	6616	6619	2067	688
8284	8	284	98	121	121	132	110	6484	16400	0	1642	1693	6616	6619	2067	688
8285	8	285	98	121	121	132	110	6484	16400	0	1642	1693	6616	6619	2067	688
8286	8	286	98	121	121	132	110	6484	16400	0	1642	1693	6616	6619	2067	688
8287	8	287	98	121	121	132	110	6484	16400	0	1642	1693	6616	6619	2067	688
8288	8	288	98	121	121	132	110	6484	16400	0	1642	1693	6616	6619	2067	688
8289	8	289	98	121	121	132	110	6484	16400	0	1642	1693	6616	6619	2067	688
8290	8	290	98	121	121	132	110	6484	16400	0	1642	1693	6616	6619	2067	688
8291	8	291	98	121	121	132	110	6484	16400	0	1642	1693	6616	6619	2067	688
8292	8	292	98	121	121	132	110	6484	16400	0	1642	1693	6616	6619	2067	688
8293	8	293	98	121	121	132	110	6484	16400	0	1642	1693	6616	6619	2067	688
8294	8	294	98	121	121	132	110	6484	16400	0	1642	1693	6616	6619	2067	688
8295	8	295	98	121	121	132	110	6484	16400	0	1642	1693	6616	6619	2067	688
8296	8	296	98	121	121	132	110	6484	16400	0	1642	1693	6616	6619	2067	688
8297	8	297	98	121	121	132	110	6484	16400	0	1642	1693	6616	6619	2067	688
8298	8	298	98	121	121	132	110	6484	16400	0	1642	1693	6616	6619	2067	688
8299	8	299	98	121	121	132	110	6484	16400	0	1642	1693	6616	6619	2067	688
8300	8	300	98	121	121	132	110	6484	16400	0	1642	1693	6616	6619	2067	688
8301	8	301	98	121	121	132	110	6484	16400	0	1642	1693	6616	6619	2067	688
8302	8	302	98	121	121	132	110	6484	16400	0	1642	1693	6616	6619	2067	688
8303	8	303	98	121	121	132	110	6484	16400	0	1642	1693	6616	6619	2067	688
8304	8	304	98	121	121	132	110	6484	16400	0	1642	1693	6616	6619	2067	688
8305	8	305	98	121	121	132	110	6484	16400	0	1642	1693	6616	6619	2067	688
8306	8	306	98	121	121	132	110	6484	16400	0	1642	1693	6616	6619	2067	688
8307	8	307	98	121	121	132	110	6484	16400	0	1642	1693	6616	6619	2067	688
8308	8	308	98	121	121	132	110	6484	16400	0	1642	1693	6616	6619	2067	688
8309	8	309	98	121	121	132	110	6484	16400	0	1642	1693	6616	6619	2067	688
8310	8	310	98	121	121	132	110	6484	16400	0	1642	1693	6616	6619	2067	688
8311	8	311	98	121	121	132	110	6484	16400	0	1642	1693	6616	6619	2067	688
8312	8	312	98	121	121	132	110	6484	16400	0	1642	1693	6616	6619	2067	688
8313	8	313	98	121	121	132	110	6484	16400	0	1642	1693	6616	6619	2067	688
8314	8	314	98	121	121	132	110	6484	16400	0	1642	1693	6616	6619	2067	688
8315	8	315	98	121	121	132	110	6484	16400	0	1642	1693	6616	6619	2067	688
8316	8	316	98	121	121	132	110	6484	16400	0	1642	1693	6616	6619	2067	688
8317	8	317	98	121	121	132	110	6484	16400	0	1642	1693	6616	6619	2067	688
8318	8	318	98	121	121	132	110	6484	16400	0	1642	1693	6616	6619	2067	688
8319	8	319	98	121	121	132	110	6484	16400	0	1642	1693	6616	6619	2067	688
8320	8	320	98	121	121	132	110	6484	16400	0	1642	1693	6616	6619	2067	688
8321	8	321	98	121	121	132	110	6484	16400	0	1642	1693	6616	6619	2067	688
8322	8	322	98	121	121	132	110	6484	16400	0	1642	1693	6616	6619	2067	688
8323	8	323	98	121	121	132	110	6484	16400	0	1642	1693	6616	6619	2067	688
8324	8	324	98	121	121	132	110	6484	16400	0	1642	1693	6616	6619	2067	688
8325	8	325	98	121	121	132	110	6484	16400	0	1642	1693	6616	6619	2067	688
8326	8	326	98	121	121	132	110	6484	16400	0	1642	1693	6616	6619	2067	688
8327	8	327	98	121	121	132	110	6484	16400	0	1642	1693	6616	6619	2067	688
8328	8	328	98	121	121	132	110	6484	16400	0	1642	1693	6616	6619	2067	688
8329	8	329	98	121	121	132	110	6484	16400	0	1642	1693	6616	6619	2067	688
8330	8	330	98	121	121	132	110	6484	16400	0	1642	1693	6616	6619	2067	688
8331	8	331	98	121	121	132	110	6484	16400	0	1642	1693	6616	6619	2067	688
8332	8	332	98	121	121	132	110	6484	16400	0	1642	1693	6616	6619	2067	688
8333	8	333	98	121	121	132	110	6484	16400	0	1642	1693	6616	6619	2067	688
8334	8	334	98	121	121	132	110	6484	16400	0	1642	1693	6616	6619	2067	688
8335	8	335	98	121	121	132	110	6484	16400	0	1642	1693	6616	6619	2067	688
8336	8	336	98	121	121	132	110	6484	16400	0	1642	1693	6616	6619	2067	688
8337	8	337	98	121	121	132	110	6484	16400	0	1642	1693	6616	6619	2067	688
8338	8	338	98	121	121	132	110	6484	16400	0	1642	1693	6616	6619	2067	688
8339	8	339	98	121	121	132	110	6484	16400	0	1642	1693	6616	6619	2067	688
8340	8	340	98	121	121	132	110	6484	16400	0	1642	1693	6616	6619	2067	688
8341	8	341	98	121	121	132	110	6484	16400	0	1642	1693	6616	6619	2067	688
8342	8	342	98	121	121	132	110	6484	16400	0	1642	1693	6616	6619	2067	688
8343	8	343	98	121	121	132	110	6484	16400	0	1642	1693	6616	6619	2067	688
8344	8	344	98	121	121	132	110	6484	16400	0	1642	1693	6616	6619	2067	688
8345	8	345	98	121	121	132	110	6484	16400	0	1642	1693	6616	6619	2067	688
8346	8	346	98	121	121	132	110	6484	16400	0	1642	1693	6616	6619	2067	688
8347	8	347	98	121	121	132	110	6484	16400	0	1642	1693	6616	6619	2067	688
8348	8	348	98	121	121	132	110	6484	16400	0	1642	1693	6616	6619	2067	688
8349	8	349	98	121	121	132	110	6484	16400	0	1642	1693	6616	6619	2067	688
8350	8	350	98	121	121	132	110	6484	16400	0	1642	1693	6616	6619	2067	688
8351	8	351	98	121	121	132	110	6484	16400	0	1642	1693	6616	6619	2067	688
8352	8	352	98	121	121	132	110	6484	16400	0	1642	1693	6616	6619	2067	688
8353	8	353	98	121	121	132	110	6484	16400	0	1642	1693	6616	6619	2067	688
8354	8	354	98	121	121	132	110	6484	16400	0	1642	1693	6616	6619	2067	688
8355	8	355	98	121	121	132	110	6484	16400	0	1642	1693	6616	6619	2067	688
8356	8	356	98	121	121	132	110	6484	16400	0	1642	1693	6616	6619	2067	688
8357	8	357	98	121	121	132	110	6484	16400	0	1642	1693	6616	6619	2067	688
8358	8	358	98	121	121	132	110	6484	16400	0	1642	1693	6616	6619	2067	688
8359	8	359	98	121	121	132	110	6484	16400	0	1642	1693	6616	6619	2067	688
8360	8	360	98	121	121	132	110	6484	16400	0	1642	1693	6616	6619	2067	688
8361	8	361	98	121	121	132	110	6484	16400	0	1642	1693	6616	6619	2067	688
8362	8	362	98	121	121	132	110	6484	16400	0	1642	1693	6616	6619	2067	688
8363	8	363	98	121	121	132	110	6484	16400	0	1642	1693	6616	6619	2067	688
8364	8	364	98	121	121	132	110	6484	16400	0	1642	1693	6616	6619	2067	688
8365	8	365	98	121	121	132	110	6484	16400	0	1642	1693	6616	6619	2067	688
8366	8	366	98	121	121	132	110	6484	16400	0	1642	1693	6616	6619	2067	688
8367	8	367	98	121	121	132	110	6484	16400	0	1642	1693	6616	6619	2067	688
8368	8	368	98	121	121	132	110	6484	16400	0	1642	1693	6616	6619	2067	688
8369	8	369	98	121	121	132	110	6484	16400	0	1642	1693	6616	6619	2067	688
8370	8	370	98	121	121	132	110	6484	16400	0	1642	1693	6616	6619	2067	688
8371	8	371	98	121	121	132	110	6484	16400	0	1642	1693	6616	6619	2067	688
8372	8	372	98	121	121	132	110	6484	16400	0	1642	1693	6616	6619	2067	688
8373	8	373	98	121	121	132	110	6484	16400	0	1642	1693	6616	6619	2067	688
8374	8	374	98	121	121	132	110	6484	16400	0	1642	1693	6616	6619	2067	688
8375	8	375	98	121	121	132	110	6484	16400	0	1642	1693	6616	6619	2067	688
8376	8	376	98	121	121	132	110	6484	16400	0	1642	1693	6616	6619	2067	688
8377	8	377	98	121	121	132	110	6484	16400	0	1642	1693	6616	6619	2067	688
8378	8	378	98	121	121	132	110	6484	16400	0	1642	1693	6616	6619	2067	688
8379	8	379	98	121	121	132	110	6484	16400	0	1642	1693	6616	6619	2067	688
8380	8	380	98	121	121	132	110	6484	16400	0	1642	1693	6616	6619	2067	688
8381	8	381	98	121	121	132	110	6484	16400	0	1642	1693	6616	6619	2067	688
8382	8	382	98	121	121	132	110	6484	16400	0	1642	1693	6616	6619	2067	688
8383	8	383	98	121	121	132	110	6484	16400	0	1642	1693	6616	6619	2067	688
8384	8	384	98	121	121	132	110	6484	16400	0	1642	1693	6616	6619	2067	688
8385	8	385	98	121	121	132	110	6484	16400	0	1642	1693	6616	6619	2067	688
8386	8	386	98	121	121	132	110	6484	16400	0	1642	1693	6616	6619	2067	688
8387	8	387	98	121	121	132	110	6484	16400	0	1642	1693	6616	6619	2067	688
8388	8	388	98	121	121	132	110	6484	16400	0	1642	1693	6616	6619	2067	688
8389	8	389	98	121	121	132	110	6484	16400	0	1642	1693	6616	6619	2067	688
8390	8	390	98	121	121	132	110	6484	16400	0	1642	1693	6616	6619	2067	688
8391	8	391	98	121	121	132	110	6484	16400	0	1642	1693	6616	6619	2067	688
8392	8	392	98	121	121	132	110	6484	16400	0	1642	1693	6616	6619	2067	688
8393	8	393	98	121	121	132	110	6484	16400	0	1642	1693	6616	6619	2067	688
8394	8	394	98	121	121	132	110	6484	16400	0	1642	1693	6616	6619	2067	688
8395	8	395	98	121	121	132	110	6484	16400	0	1642	1693	6616	6619	2067	688
8396	8	396	98	121	121	132	110	6484	16400	0	1642	1693	6616	6619	2067	688
8397	8	397	98	121	121	132	110	6484	16400	0	1642	1693	6616	6619	2067	688
8398	8	398	98	121	121	132	110	6484	16400	0	1642	1693	6616	6619	2067	688
8399	8	399	98	121	121	132	110	6484	16400	0	1642	1693	6616	6619	2067	688
8400	8	400	98	121	121	132	110	6484	16400	0	1642	1693	6616	6619	2067	688
8401	8	401	98	121	121	132	110	6484	16400	0	1642	1693	6616	6619	2067	688
8402	8	402	98	121	121	132	110	6484	16400	0	1642	1693	6616	6619	2067	688
8403	8	403	98	121	121	132	110	6484	16400	0	1642	1693	6616	6619	2067	688
8404	8	404	98	121	121	132	110	6484	16400	0	1642	1693	6616	6619	2067	688
8405	8	405	98	121	121	132	110	6484	16400	0	1642	1693	6616	6619	2067	688
8406	8	406	98	121	121	132	110	6484	16400	0	1642	1693	6616	6619	2067	688
8407	8	407	98	121	121	132	110	6484	16400	0	1642	1693	6616	6619	2067	688
8408	8	408	98	121	121	132	110	6484	16400	0	1642	1693	6616	6619	2067	688
8409	8	409	98	121	121	132	110	6484	16400	0	1642	1693	6616	6619	2067	688
8410	8	410	98	121	121	132	110	6484	16400	0	1642	1693	6616	6619	2067	688
8411	8	411	98	121	121	132	110	6484	16400	0	1642	1693	6616	6619	2067	688
8412	8	412	98	121	121	132	110	6484	16400	0	1642	1693	6616	6619	2067	688
8413	8	413	98	121	121	132	110	6484	16400	0	1642	1693	6616	6619	2067	688
8414	8	414	98	121	121	132	110	6484	16400	0	1642	1693	6616	6619	2067	688
8415	8	415	98	121	121	132	110	6484	16400	0	1642	1693	6616	6619	2067	688
8416	8	416	98	121	121	132	110	6484	16400	0	1642	1693	6616	6619	2067	688
8417	8	417	98	121	121	132	110	6484	16400	0	1642	1693	6616	6619	2067	688
8418	8	418	98	121	121	132	110	6484	16400	0	1642	1693	6616	6619	2067	688
8419	8	419	98	121	121	132	110	6484	16400	0	1642	1693	6616	6619	2067	688
8420	8	420	98	121	121	132	110	6484	16400	0	1642	1693	6616	6619	2067	688
8421	8	421	98	121	121	132	110	6484	16400	0	1642	1693	6616	6619	2067	688
8422	8	422	98	121	121	132	110	6484	16400	0	1642	1693	6616	6619	2067	688
8423	8	423	98	121	121	132	110	6484	16400	0	1642	1693	6616	6619	2067	688
8424	8	424	98	121	121	132	110	6484	16400	0	1642	1693	6616	6619	2067	688
8425	8	425	98	121	121	132	110	6484	16400	0	1642	1693	6616	6619	2067	688
8426	8	426	98	121	121	132	110	6484	16400	0	1642	1693	6616	6619	2067	688
8427	8	427	98	121	121	132	110	6484	16400	0	1642	1693	6616	6619	2067	688
8428	8	428	98	121	121	132	110	6484	16400	0	1642	1693	6616	6619	2067	688
8429	8	429	98	121	121	132	110	6484	16400	0	1642	1693	6616	6619	2067	688
8430	8	430	98	121	121	132	110	6484	16400	0	1642	1693	6616	6619	2067	688
8431	8	431	98	121	121	132	110	6484	16400	0	1642	1693	6616	6619	2067	688
8432	8	432	98	121	121	132	110	6484	16400	0	1642	1693	6616	6619	2067	688
8433	8	433	98	121	121	132	110	6484	16400	0	1642	1693	6616	6619	2067	688
8434	8	434	98	121	121	132	110	6484	16400	0	1642	1693	6616	6619	2067	688
8435	8	435	98	121	121	132	110	6484	16400	0	1642	1693	6616	6619	2067	688
8436	8	436	98	121	121	132	110	6484	16400	0	1642	1693	6616	6619	2067	688
8437	8	437	98	121	121	132	110	6484	16400	0	1642	1693	6616	6619	2067	688
8438	8	438	98	121	121	132	110	6484	16400	0	1642	1693	6616	6619	2067	688
8439	8	439	98	121	121	132	110	6484	16400	0	1642	1693	6616	6619	2067	688
8440	8	440	98	121	121	132	110	6484	16400	0	1642	1693	6616	6619	2067	688
8441	8	441	98	121	121	132	110	6484	16400	0	1642	1693	6616	6619	2067	688
8442	8	442	98	121	121	132	110	6484	16400	0	1642	1693	6616	6619	2067	688
8443	8	443	98	121	121	132	110	6484	16400	0	1642	1693	6616	6619	2067	688
8444	8	444	98	121	121	132	110	6484	16400	0	1642	1693	6616	6619	2067	688
8445	8	445	98	121	121	132	110	6484	16400	0	1642	1693	6616	6619	2067	688
8446	8	446	98	121	121	132	110	6484	16400	0	1642	1693	6616	6619	2067	688
8447	8	447	98	121	121	132	110	6484	16400	0	1642	1693	6616	6619	2067	688
8448	8	448	98	121	121	132	110	6484	16400	0	1642	1693	6616	6619	2067	688
8449	8	449	98	121	121	132	110	6484	16400	0	1642	1693	6616	6619	2067	688
8450	8	450	98	121	121	132	110	6484	16400	0	1642	1693	6616	6619	2067	688
8451	8	451	98	121	121	132	110	6484	16400	0	1642	1693	6616	6619	2067	688
8452	8	452	98	121	121	132	110	6484	16400	0	1642	1693	6616	6619	2067	688
8453	8	453	98	121	121	132	110	6484	16400	0	1642	1693	6616	6619	2067	688
8454	8	454	98	121	121	132	110	6484	16400	0	1642	1693	6616	6619	2067	688
8455	8	455	98	121	121	132	110	6484	16400	0	1642	1693	6616	6619	2067	688
8456	8	456	98	121	121	132	110	6484	16400	0	1642	1693	6616	6619	2067	688
8457	8	457	98	121	121	132	110	6484	16400	0	1642	1693	6616	6619	2067	688
8458	8	458	98	121	121	132	110	6484	16400	0	1642	1693	6616	6619	2067	688
8459	8	459	98	121	121	132	110	6484	16400	0	1642	1693	6616	6619	2067	688
8460	8	460	98	121	121	132	110	6484	16400	0	1642	1693	6616	6619	2067	688
8461	8	461	98	121	121	132	110	6484	16400	0	1642	1693	6616	6619	2067	688
8462	8	462	98	121	121	132	110	6484	16400	0	1642	1693	6616	6619	2067	688
8463	8	463	98	121	121	132	110	6484	16400	0	1642	1693	6616	6619	2067	688
8464	8	464	98	121	121	132	110	6484	16400	0	1642	1693	6616	6619	2067	688
8465	8	465	98	121	121	132	110	6484	16400	0	1642	1693	6616	6619	2067	688
8466	8	466	98	121	121	132	110	6484	16400	0	1642	1693	6616	6619	2067	688
8467	8	467	98	121	121	132	110	6484	16400	0	1642	1693	6616	6619	2067	688
8468	8	468	98	121	121	132	110	6484	16400	0	1642	1693	6616	6619	2067	688
8469	8	469	98	121	121	132	110	6484	16400	0	1642	1693	6616	6619	2067	688
8470	8	470	98	121	121	132	110	6484	16400	0	1642	1693	6616	6619	2067	688
8471	8	471	98	121	121	132	110	6484	16400	0	1642	1693	6616	6619	2067	688
8472	8	472	98	121	121	132	110	6484	16400	0	1642	1693	6616	6619	2067	688
8473	8	473	98	121	121	132	110	6484	16400	0	1642	1693	6616	6619	2067	688
8474	8	474	98	121	121	132	110	6484	16400	0	1642	1693	6616	6619	2067	688
8475	8	475	98	121	121	132	110	6484	16400	0	1642	1693	6616	6619	2067	688
8476	8	476	98	121	121	132	110	6484	16400	0	1642	1693	6616	6619	2067	688
8477	8	477	98	121	121	132	110	6484	16400	0	1642	1693	6616	6619	2067	688
8478	8	478	98	121	121	132	110	6484	16400	0	1642	1693	6616	6619	2067	688
8479	8	479	98	121	121	132	110	6484	16400	0	1642	1693	6616	6619	2067	688
8480	8	480	98	121	121	132	110	6484	16400	0	1642	1693	6616	6619	2067	688
8481	8	481	98	121	121	132	110	6484	16400	0	1642	1693	6616	6619	2067	688
8482	8	482	98	121	121	132	110	6484	16400	0	1642	1693	6616	6619	2067	688
8483	8	483	98	121	121	132	110	6484	16400	0	1642	1693	6616	6619	2067	688
8484	8	484	98	121	121	132	110	6484	16400	0	1642	1693	6616	6619	2067	688
8485	8	485	98	121	121	132	110	6484	16400	0	1642	1693	6616	6619	2067	688
8486	8	486	98	121	121	132	110	6484	16400	0	1642	1693	6616	6619	2067	688
8487	8	487	98	121	121	132	110	6484	16400	0	1642	1693	6616	6619	2067	688
8488	8	488	98	121	121	132	110	6484	16400	0	1642	1693	6616	6619	2067	688
8489	8	489	98	121	121	132	110	6484	16400	0	1642	1693	6616	6619	2067	688
8490	8	490	98	121	121	132	110	6484	16400	0	1642	1693	6616	6619	2067	688
8491	8	491	98	121	121	132	110	6484	16400	0	1642	1693	6616	6619	2067	688
8492	8	492	98	121	121	132	110	6484	16400	0	1642	1693	6616	6619	2067	688
8493	8	493	98	121	121	132	110	6484	16400	0	1642	1693	6616	6619	2067	688
8494	8	494	98	121	121	132	110	6484	16400	0	1642	1693	6616	6619	2067	688
8495	8	495	98	121	121	132	110	6484	16400	0	1642	1693	6616	6619	2067	688
8496	8	496	98	121	121	132	110	6484	16400	0	1642	1693	6616	6619	2067	688
8497	8	497	98	121	121	132	110	6484	16400	0	1642	1693	6616	6619	2067	688
8498	8	498	98	121	121	132	110	6484	16400	0	1642	1693	6616	6619	2067	688
8499	8	499	98	121	121	132	110	6484	16400	0	1642	1693	6616	6619	2067	688
8500	8	500	98	121	121	132	110	6484	16400	0	1642	1693	6616	6619	2067	688
8501	8	501	98	121	121	132	110	6484	16400	0	1642	1693	6616	6619	2067	688
8502	8	502	98	121	121	132	110	6484	16400	0	1642	1693	6616	6619	2067	688
8503	8	503	98	121	121	132	110	6484	16400	0	1642	1693	6616	6619	2067	688
8504	8	504	98	121	121	132	110	6484	16400	0	1642	1693	6616	6619	2067	688
8505	8	505	98	121	121	132	110	6484	16400	0	1642	1693	6616	6619	2067	688
8506	8	506	98	121	121	132	110	6484	16400	0	1642	1693	6616	6619	2067	688
8507	8	507	98	121	121	132	110	6484	16400	0	1642	1693	6616	6619	2067	688
8508	8	508	98	121	121	132	110	6484	16400	0	1642	1693	6616	6619	2067	688
8509	8	509	98	121	121	132	110	6484	16400	0	1642	1693	6616	6619	2067	688
8510	8	510	98	121	121	132	110	6484	16400	0	1642	1693	6616	6619	2067	688
8511	8	511	98	121	121	132	110	6484	16400	0	1642	1693	6616	6619	2067	688
8512	8	512	98	121	121	132	110	6484	16400	0	1642	1693	6616	6619	2067	688
8513	8	513	98	121	121	132	110	6484	16400	0	1642	1693	6616	6619	2067	688
8514	8	514	98	121	121	132	110	6484	16400	0	1642	1693	6616	6619	2067	688
8515	8	515	98	121	121	132	110	6484	16400	0	1642	1693	6616	6619	2067	688
8516	8	516	98	121	121	132	110	6484	16400	0	1642	1693	6616	6619	2067	688
8517	8	517	98	121	121	132	110	6484	16400	0	1642	1693	6616	6619	2067	688
8518	8	518	98	121	121	132	110	6484	16400	0	1642	1693	6616	6619	2067	688
8519	8	519	98	121	121	132	110	6484	16400	0	1642	1693	6616	6619	2067	688
8520	8	520	98	121	121	132	110	6484	16400	0	1642	1693	6616	6619	2067	688
8521	8	521	98	121	121	132	110	6484	16400	0	1642	1693	6616	6619	2067	688
8522	8	522	98	121	121	132	110	6484	16400	0	1642	1693	6616	6619	2067	688
8523	8	523	98	121	121	132	110	6484	16400	0	1642	1693	6616	6619	2067	688
8524	8	524	98	121	121	132	110	6484	16400	0	1642	1693	6616	6619	2067	688
8525	8	525	98	121	121	132	110	6484	16400	0	1642	1693	6616	6619	2067	688
8526	8	526	98	121	121	132	110	6484	16400	0	1642	1693	6616	6619	2067	688
8527	8	527	98	121	121	132	110	6484	16400	0	1642	1693	6616	6619	2067	688
8528	8	528	98	121	121	132	110	6484	16400	0	1642	1693	6616	6619	2067	688
8529	8	529	98	121	121	132	110	6484	16400	0	1642	1693	6616	6619	2067	688
8530	8	530	98	121	121	132	110	6484	16400	0	1642	1693	6616	6619	2067	688
8531	8	531	98	121	121	132	110	6484	16400	0	1642	1693	6616	6619	2067	688
8532	8	532	98	121	121	132	110	6484	16400	0	1642	1693	6616	6619	2067	688
8533	8	533	98	121	121	132	110	6484	16400	0	1642	1693	6616	6619	2067	688
8534	8	534	98	121	121	132	110	6484	16400	0	1642	1693	6616	6619	2067	688
8535	8	535	98	121	121	132	110	6484	16400	0	1642	1693	6616	6619	2067	688
8536	8	536	98	121	121	132	110	6484	16400	0	1642	1693	6616	6619	2067	688
8537	8	537	98	121	121	132	110	6484	16400	0	1642	1693	6616	6619	2067	688
8538	8	538	98	121	121	132	110	6484	16400	0	1642	1693	6616	6619	2067	688
8539	8	539	98	121	121	132	110	6484	16400	0	1642	1693	6616	6619	2067	688
8540	8	540	98	121	121	132	110	6484	16400	0	1642	1693	6616	6619	2067	688
8541	8	541	98	121	121	132	110	6484	16400	0	1642	1693	6616	6619	2067	688
8542	8	542	98	121	121	132	110	6484	16400	0	1642	1693	6616	6619	2067	688
8543	8	543	98	121	121	132	110	6484	16400	0	1642	1693	6616	6619	2067	688
8544	8	544	98	121	121	132	110	6484	16400	0	1642	1693	6616	6619	2067	688
8545	8	545	98	121	121	132	110	6484	16400	0	1642	1693	6616	6619	2067	688
8546	8	546	98	121	121	132	110	6484	16400	0	1642	1693	6616	6619	2067	688
8547	8	547	98	121	121	132	110	6484	16400	0	1642	1693	6616	6619	2067	688
8548	8	548	98	121	121	132	110	6484	16400	0	1642	1693	6616	6619	2067	688
8549	8	549	98	121	121	132	110	6484	16400	0	1642	1693	6616	6619	2067	688
8550	8	550	98	121	121	132	110	6484	16400	0	1642	1693	6616	6619	2067	688
8551	8	551	98	121	121	132	110	6484	16400	0	1642	1693	6616	6619	2067	688
8552	8	552	98	121	121	132	110	6484	16400	0	1642	1693	6616	6619	2067	688
8553	8	553	98	121	121	132	110	6484	16400	0	1642	1693	6616	6619	2067	688
8554	8	554	98	121	121	132	110	6484	16400	0	1642	1693	6616	6619	2067	688
8555	8	555	98	121	121	132	110	6484	16400	0	1642	1693	6616	6619	2067	688
8556	8	556	98	121	121	132	110	6484	16400	0	1642	1693	6616	6619	2067	688
8557	8	557	98	121	121	132	110	6484	16400	0	1642	1693	6616	6619	2067	688
8558	8	558	98	121	121	132	110	6484	16400	0	1642	1693	6616	6619	2067	688
8559	8	559	98	121	121	132	110	6484	16400	0	1642	1693	6616	6619	2067	688
8560	8	560	98	121	121	132	110	6484	16400	0	1642	1693	6616	6619	2067	688
8561	8	561	98	121	121	132	110	6484	16400	0	1642	1693	6616	6619	2067	688
8562	8	562	98	121	121	132	110	6484	16400	0	1642	1693	6616	6619	2067	688
8563	8	563	98	121	121	132	110	6484	16400	0	1642	1693	6616	6619	2067	688
8564	8	564	98	121	121	132	110	6484	16400	0	1642	1693	6616	6619	2067	688
8565	8	565	98	121	121	132	110	6484	16400	0	1642	1693	6616	6619	2067	688
8566	8	566	98	121	121	132	110	6484	16400	0	1642	1693	6616	6619	2067	688
8567	8	567	98	121	121	132	110	6484	16400	0	1642	1693	6616	6619	2067	688
8568	8	568	98	121	121	132	110	6484	16400	0	1642	1693	6616	6619	2067	688
8569	8	569	98	121	121	132	110	6484	16400	0	1642	1693	6616	6619	2067	688
8570	8	570	98	121	121	132	110	6484	16400	0	1642	1693	6616	6619	2067	688
8571	8	571	98	121	121	132	110	6484	16400	0	1642	1693	6616	6619	2067	688
8572	8	572	98	121	121	132	110	6484	16400	0	1642	1693	6616	6619	2067	688
8573	8	573	98	121	121	132	110	6484	16400	0	1642	1693	6616	6619	2067	688
8574	8	574	98	121	121	132	110	6484	16400	0	1642	1693	6616	6619	2067	688
8575	8	575	98	121	121	132	110	6484	16400	0	1642	1693	6616	6619	2067	688
8576	8	576	98	121	121	132	110	6484	16400	0	1642	1693	6616	6619	2067	688
8577	8	577	98	121	121	132	110	6484	16400	0	1642	1693	6616	6619	2067	688
8578	8	578	98	121	121	132	110	6484	16400	0	1642	1693	6616	6619	2067	688
8579	8	579	98	121	121	132	110	6484	16400	0	1642	1693	6616	6619	2067	688
8580	8	580	98	121	121	132	110	6484	16400	0	1642	1693	6616	6619	2067	688
8581	8	581	98	121	121	132	110	6484	16400	0	1642	1693	6616	6619	2067	688
8582	8	582	98	121	121	132	110	6484	16400	0	1642	1693	6616	6619	2067	688
8583	8	583	98	121	121	132	110	6484	16400	0	1642	1693	6616	6619	2067	688
8584	8	584	98	121	121	132	110	6484	16400	0	1642	1693	6616	6619	2067	688
8585	8	585	98	121	121	132	110	6484	16400	0	1642	1693	6616	6619	2067	688
8586	8	586	98	121	121	132	110	6484	16400	0	1642	1693	6616	6619	2067	688
8587	8	587	98	121	121	132	110	6484	16400	0	1642	1693	6616	6619	2067	688
8588	8	588	98	121	121	132	110	6484	16400	0	1642	1693	6616	6619	2067	688
8589	8	589	98	121	121	132	110	6484	16400	0	1642	1693	6616	6619	2067	688
8590	8	590	98	121	121	132	110	6484	16400	0	1642	1693	6616	6619	2067	688
8591	8	591	98	121	121	132	110	6484	16400	0	1642	1693	6616	6619	2067	688
8592	8	592	98	121	121	132	110	6484	16400	0	1642	1693	6616	6619	2067	688
8593	8	593	98	121	121	132	110	6484	16400	0	1642	1693	6616	6619	2067	688
8594	8	594	98	121	121	132	110	6484	16400	0	1642	1693	6616	6619	2067	688
8595	8	595	98	121	121	132	110	6484	16400	0	1642	1693	6616	6619	2067	688
8596	8	596	98	121	121	132	110	6484	16400	0	1642	1693	6616	6619	2067	688
8597	8	597	98	121	121	132	110	6484	16400	0	1642	1693	6616	6619	2067	688
8598	8	598	98	121	121	132	110	6484	16400	0	1642	1693	6616	6619	2067	688
8599	8	599	98	121	121	132	110	6484	16400	0	1642	1693	6616	6619	2067	688
8600	8	600	98	121	121	132	110	6484	16400	0	1642	1693	6616	6619	2067	688
8601	8	601	98	121	121	132	110	6484	16400	0	1642	1693	6616	6619	2067	688
8602	8	602	98	121	121	132	110	6484	16400	0	1642	1693	6616	6619	2067	688
8603	8	603	98	121	121	132	110	6484	16400	0	1642	1693	6616	6619	2067	688
8604	8	604	98	121	121	132	110	6484	16400	0	1642	1693	6616	6619	2067	688
8605	8	605	98	121	121	132	110	6484	16400	0	1642	1693	6616	6619	2067	688
8606	8	606	98	121	121	132	110	6484	16400	0	1642	1693	6616	6619	2067	688
8607	8	607	98	121	121	132	110	6484	16400	0	1642	1693	6616	6619	2067	688
8608	8	608	98	121	121	132	110	6484	16400	0	1642	1693	6616	6619	2067	688
8609	8	609	98	121	121	132	110	6484	16400	0	1642	1693	6616	6619	2067	688
8610	8	610	98	121	121	132	110	6484	16400	0	1642	1693	6616	6619	2067	688
8611	8	611	98	121	121	132	110	6484	16400	0	1642	1693	6616	6619	2067	688
8612	8	612	98	121	121	132	110	6484	16400	0	1642	1693	6616	6619	2067	688
8613	8	613	98	121	121	132	110	6484	16400	0	1642	1693	6616	6619	2067	688
8614	8	614	98	121	121	132	110	6484	16400	0	1642	1693	6616	6619	2067	688
8615	8	615	98	121	121	132	110	6484	16400	0	1642	1693	6616	6619	2067	688
8616	8	616	98	121	121	132	110	6484	16400	0	1642	1693	6616	6619	2067	688
8617	8	617	98	121	121	132	110	6484	16400	0	1642	1693	6616	6619	2067	688
8618	8	618	98	121	121	132	110	6484	16400	0	1642	1693	6616	6619	2067	688
8619	8	619	98	121	121	132	110	6484	16400	0	1642	1693	6616	6619	2067	688
8620	8	620	98	121	121	132	110	6484	16400	0	1642	1693	6616	6619	2067	688
8621	8	621	98	121	121	132	110	6484	16400	0	1642	1693	6616	6619	2067	688
8622	8	622	98	121	121	132	110	6484	16400	0	1642	1693	6616	6619	2067	688
8623	8	623	98	121	121	132	110	6484	16400	0	1642	1693	6616	6619	2067	688
8624	8	624	98	121	121	132	110	6484	16400	0	1642	1693	6616	6619	2067	688
8625	8	625	98	121	121	132	110	6484	16400	0	1642	1693	6616	6619	2067	688
8626	8	626	98	121	121	132	110	6484	16400	0	1642	1693	6616	6619	2067	688
8627	8	627	98	121	121	132	110	6484	16400	0	1642	1693	6616	6619	2067	688
8628	8	628	98	121	121	132	110	6484	16400	0	1642	1693	6616	6619	2067	688
8629	8	629	98	121	121	132	110	6484	16400	0	1642	1693	6616	6619	2067	688
8630	8	630	98	121	121	132	110	6484	16400	0	1642	1693	6616	6619	2067	688
8631	8	631	98	121	121	132	110	6484	16400	0	1642	1693	6616	6619	2067	688
8632	8	632	98	121	121	132	110	6484	16400	0	1642	1693	6616	6619	2067	688
8633	8	633	98	121	121	132	110	6484	16400	0	1642	1693	6616	6619	2067	688
8634	8	634	98	121	121	132	110	6484	16400	0	1642	1693	6616	6619	2067	688
8635	8	635	98	121	121	132	110	6484	16400	0	1642	1693	6616	6619	2067	688
8636	8	636	98	121	121	132	110	6484	16400	0	1642	1693	6616	6619	2067	688
8637	8	637	98	121	121	132	110	6484	16400	0	1642	1693	6616	6619	2067	688
8638	8	638	98	121	121	132	110	6484	16400	0	1642	1693	6616	6619	2067	688
8639	8	639	98	121	121	132	110	6484	16400	0	1642	1693	6616	6619	2067	688
8640	8	640	98	121	121	132	110	6484	16400	0	1642	1693	6616	6619	2067	688
8641	8	641	98	121	121	132	110	6484	16400	0	1642	1693	6616	6619	2067	688
8642	8	642	98	121	121	132	110	6484	16400	0	1642	1693	6616	6619	2067	688
8643	8	643	98	121	121	132	110	6484	16400	0	1642	1693	6616	6619	2067	688
8644	8	644	98	121	121	132	110	6484	16400	0	1642	1693	6616	6619	2067	688
8645	8	645	98	121	121	132	110	6484	16400	0	1642	1693	6616	6619	2067	688
8646	8	646	98	121	121	132	110	6484	16400	0	1642	1693	6616	6619	2067	688
8647	8	647	98	121	121	132	110	6484	16400	0	1642	1693	6616	6619	2067	688
8648	8	648	98	121	121	132	110	6484	16400	0	1642	1693	6616	6619	2067	688
8649	8	649	98	121	121	132	110	6484	16400	0	1642	1693	6616	6619	2067	688
8650	8	650	98	121	121	132	110	6484	16400	0	1642	1693	6616	6619	2067	688
8651	8	651	98	121	121	132	110	6484	16400	0	1642	1693	6616	6619	2067	688
8652	8	652	98	121	121	132	110	6484	16400	0	1642	1693	6616	6619	2067	688
8653	8	653	98	121	121	132	110	6484	16400	0	1642	1693	6616	6619	2067	688
8654	8	654	98	121	121	132	110	6484	16400	0	1642	1693	6616	6619	2067	688
8655	8	655	98	121	121	132	110	6484	16400	0	1642	1693	6616	6619	2067	688
8656	8	656	98	121	121	132	110	6484	16400	0	1642	1693	6616	6619	2067	688
8657	8	657	98	121	121	132	110	6484	16400	0	1642	1693	6616	6619	2067	688
8658	8	658	98	121	121	132	110	6484	16400	0	1642	1693	6616	6619	2067	688
8659	8	659	98	121	121	132	110	6484	16400	0	1642	1693	6616	6619	2067	688
8660	8	660	98	121	121	132	110	6484	16400	0	1642	1693	6616	6619	2067	688
8661	8	661	98	121	121	132	110	6484	16400	0	1642	1693	6616	6619	2067	688
8662	8	662	98	121	121	132	110	6484	16400	0	1642	1693	6616	6619	2067	688
8663	8	663	98	121	121	132	110	6484	16400	0	1642	1693	6616	6619	2067	688
8664	8	664	98	121	121	132	110	6484	16400	0	1642	1693	6616	6619	2067	688
8665	8	665	98	121	121	132	110	6484	16400	0	1642	1693	6616	6619	2067	688
8666	8	666	98	121	121	132	110	6484	16400	0	1642	1693	6616	6619	2067	688
8667	8	667	98	121	121	132	110	6484	16400	0	1642	1693	6616	6619	2067	688
8668	8	668	98	121	121	132	110	6484	16400	0	1642	1693	6616	6619	2067	688
8669	8	669	98	121	121	132	110	6484	16400	0	1642	1693	6616	6619	2067	688
8670	8	670	98	121	121	132	110	6484	16400	0	1642	1693	6616	6619	2067	688
8671	8	671	98	121	121	132	110	6484	16400	0	1642	1693	6616	6619	2067	688
8672	8	672	98	121	121	132	110	6484	16400	0	1642	1693	6616	6619	2067	688
8673	8	673	98	121	121	132	110	6484	16400	0	1642	1693	6616	6619	2067	688
8674	8	674	98	121	121	132	110	6484	16400	0	1642	1693	6616	6619	2067	688
8675	8	675	98	121	121	132	110	6484	16400	0	1642	1693	6616	6619	2067	688
8676	8	676	98	121	121	132	110	6484	16400	0	1642	1693	6616	6619	2067	688
8677	8	677	98	121	121	132	110	6484	16400	0	1642	1693	6616	6619	2067	688
8678	8	678	98	121	121	132	110	6484	16400	0	1642	1693	6616	6619	2067	688
8679	8	679	98	121	121	132	110	6484	16400	0	1642	1693	6616	6619	2067	688
8680	8	680	98	121	121	132	110	6484	16400	0	1642	1693	6616	6619	2067	688
8681	8	681	98	121	121	132	110	6484	16400	0	1642	1693	6616	6619	2067	688
8682	8	682	98	121	121	132	110	6484	16400	0	1642	1693	6616	6619	2067	688
8683	8	683	98	121	121	132	110	6484	16400	0	1642	1693	6616	6619	2067	688
8684	8	684	98	121	121	132	110	6484	16400	0	1642	1693	6616	6619	2067	688
8685	8	685	98	121	121	132	110	6484	16400	0	1642	1693	6616	6619	2067	688
8686	8	686	98	121	121	132	110	6484	16400	0	1642	1693	6616	6619	2067	688
8687	8	687	98	121	121	132	110	6484	16400	0	1642	1693	6616	6619	2067	688
8688	8	688	98	121	121	132	110	6484	16400	0	1642	1693	6616	6619	2067	688
8689	8	689	98	121	121	132	110	6484	16400	0	1642	1693	6616	6619	2067	688
8690	8	690	98	121	121	132	110	6484	16400	0	1642	1693	6616	6619	2067	688
8691	8	691	98	121	121	132	110	6484	16400	0	1642	1693	6616	6619	2067	688
8692	8	692	98	121	121	132	110	6484	16400	0	1642	1693	6616	6619	2067	688
8693	8	693	98	121	121	132	110	6484	16400	0	1642	1693	6616	6619	2067	688
8694	8	694	98	121	121	132	110	6484	16400	0	1642	1693	6616	6619	2067	688
8695	8	695	98	121	121	132	110	6484	16400	0	1642	1693	6616	6619	2067	688
8696	8	696	98	121	121	132	110	6484	16400	0	1642	1693	6616	6619	2067	688
8697	8	697	98	121	121	132	110	6484	16400	0	1642	1693	6616	6619	2067	688
8698	8	698	98	121	121	132	110	6484	16400	0	1642	1693	6616	6619	2067	688
8699	8	699	98	121	121	132	110	6484	16400	0	1642	1693	6616	6619	2067	688
8700	8	700	98	121	121	132	110	6484	16400	0	1642	1693	6616	6619	2067	688
8701	8	701	98	121	121	132	110	6484	16400	0	1642	1693	6616	6619	2067	688
8702	8	702	98	121	121	132	110	6484	16400	0	1642	1693	6616	6619	2067	688
8703	8	703	98	121	121	132	110	6484	16400	0	1642	1693	6616	6619	2067	688
8704	8	704	98	121	121	132	110	6484	16400	0	1642	1693	6616	6619	2067	688
8705	8	705	98	121	121	132	110	6484	16400	0	1642	1693	6616	6619	2067	688
8706	8	706	98	121	121	132	110	6484	16400	0	1642	1693	6616	6619	2067	688
8707	8	707	98	121	121	132	110	6484	16400	0	1642	1693	6616	6619	2067	688
8708	8	708	98	121	121	132	110	6484	16400	0	1642	1693	6616	6619	2067	688
8709	8	709	98	121	121	132	110	6484	16400	0	1642	1693	6616	6619	2067	688
8710	8	710	98	121	121	132	110	6484	16400	0	1642	1693	6616	6619	2067	688
8711	8	711	98	121	121	132	110	6484	16400	0	1642	1693	6616	6619	2067	688
8712	8	712	98	121	121	132	110	6484	16400	0	1642	1693	6616	6619	2067	688
8713	8	713	98	121	121	132	110	6484	16400	0	1642	1693	6616	6619	2067	688
8714	8	714	98	121	121	132	110	6484	16400	0	1642	1693	6616	6619	2067	688
8715	8	715	98	121	121	132	110	6484	16400	0	1642	1693	6616	6619	2067	688
8716	8	716	98	121	121	132	110	6484	16400	0	1642	1693	6616	6619	2067	688
8717	8	717	98	121	121	132	110	6484	16400	0	1642	1693	6616	6619	2067	688
8718	8	718	98	121	121	132	110	6484	16400	0	1642	1693	6616	6619	2067	688
8719	8	719	98	121	121	132	110	6484	16400	0	1642	1693	6616	6619	2067	688
8720	8	720	98	121	121	132	110	6484	16400	0	1642	1693	6616	6619	2067	688
8721	8	721	98	121	121	132	110	6484	16400	0	1642	1693	6616	6619	2067	688
8722	8	722	98	121	121	132	110	6484	16400	0	1642	1693	6616	6619	2067	688
8723	8	723	98	121	121	132	110	6484	16400	0	1642	1693	6616	6619	2067	688
8724	8	724	98	121	121	132	110	6484	16400	0	1642	1693	6616	6619	2067	688
8725	8	725	98	121	121	132	110	6484	16400	0	1642	1693	6616	6619	2067	688
8726	8	726	98	121	121	132	110	6484	16400	0	1642	1693	6616	6619	2067	688
8727	8	727	98	121	121	132	110	6484	16400	0	1642	1693	6616	6619	2067	688
8728	8	728	98	121	121	132	110	6484	16400	0	1642	1693	6616	6619	2067	688
8729	8	729	98	121	121	132	110	6484	16400	0	1642	1693	6616	6619	2067	688
8730	8	730	98	121	121	132	110	6484	16400	0	1642	1693	6616	6619	2067	688
8731	8	731	98	121	121	132	110	6484	16400	0	1642	1693	6616	6619	2067	688
8732	8	732	98	121	121	132	110	6484	16400	0	1642	1693	6616	6619	2067	688
8733	8	733	98	121	121	132	110	6484	16400	0	1642	1693	6616	6619	2067	688
8734	8	734	98	121	121	132	110	6484	16400	0	1642	1693	6616	6619	2067	688
8735	8	735	98	121	121	132	110	6484	16400	0	1642	1693	6616	6619	2067	688
8736	8	736	98	121	121	132	110	6484	16400	0	1642	1693	6616	6619	2067	688
8737	8	737	98	121	121	132	110	6484	16400	0	1642	1693	6616	6619	2067	688
8738	8	738	98	121	121	132	110	6484	16400	0	1642	1693	6616	6619	2067	688
8739	8	739	98	121	121	132	110	6484	16400	0	1642	1693	6616	6619	2067	688
8740	8	740	98	121	121	132	110	6484	16400	0	1642	1693	6616	6619	2067	688
8741	8	741	98	121	121	132	110	6484	16400	0	1642	1693	6616	6619	2067	688
8742	8	742	98	121	121	132	110	6484	16400	0	1642	1693	6616	6619	2067	688
8743	8	743	98	121	121	132	110	6484	16400	0	1642	1693	6616	6619	2067	688
8744	8	744	98	121	121	132	110	6484	16400	0	1642	1693	6616	6619	2067	688
8745	8	745	98	121	121	132	110	6484	16400	0	1642	1693	6616	6619	2067	688
8746	8	746	98	121	121	132	110	6484	16400	0	1642	1693	6616	6619	2067	688
8747	8	747	98	121	121	132	110	6484	16400	0	1642	1693	6616	6619	2067	688
8748	8	748	98	121	121	132	110	6484	16400	0	1642	1693	6616	6619	2067	688
8749	8	749	98	121	121	132	110	6484	16400	0	1642	1693	6616	6619	2067	688
8750	8	750	98	121	121	132	110	6484	16400	0	1642	1693	6616	6619	2067	688
8751	8	751	98	121	121	132	110	6484	16400	0	1642	1693	6616	6619	2067	688
8752	8	752	98	121	121	132	110	6484	16400	0	1642	1693	6616	6619	2067	688
8753	8	753	98	121	121	132	110	6484	16400	0	1642	1693	6616	6619	2067	688
8754	8	754	98	121	121	132	110	6484	16400	0	1642	1693	6616	6619	2067	688
8755	8	755	98	121	121	132	110	6484	16400	0	1642	1693	6616	6619	2067	688
8756	8	756	98	121	121	132	110	6484	16400	0	1642	1693	6616	6619	2067	688
8757	8	757	98	121	121	132	110	6484	16400	0	1642	1693	6616	6619	2067	688
8758	8	758	98	121	121	132	110	6484	16400	0	1642	1693	6616	6619	2067	688
8759	8	759	98	121	121	132	110	6484	16400	0	1642	1693	6616	6619	2067	688
8760	8	760	98	121	121	132	110	6484	16400	0	1642	1693	6616	6619	2067	688
8761	8	761	98	121	121	132	110	6484	16400	0	1642	1693	6616	6619	2067	688
8762	8	762	98	121	121	132	110	6484	16400	0	1642	1693	6616	6619	2067	688
8763	8	763	98	121	121	132	110	6484	16400	0	1642	1693	6616	6619	2067	688
8764	8	764	98	121	121	132	110	6484	16400	0	1642	1693	6616	6619	2067	688
8765	8	765	98	121	121	132	110	6484	16400	0	1642	1693	6616	6619	2067	688
8766	8	766	98	121	121	132	110	6484	16400	0	1642	1693	6616	6619	2067	688
8767	8	767	98	121	121	132	110	6484	16400	0	1642	1693	6616	6619	2067	688
8768	8	768	98	121	121	132	110	6484	16400	0	1642	1693	6616	6619	2067	688
8769	8	769	98	121	121	132	110	6484	16400	0	1642	1693	6616	6619	2067	688
8770	8	770	98	121	121	132	110	6484	16400	0	1642	1693	6616	6619	2067	688
8771	8	771	98	121	121	132	110	6484	16400	0	1642	1693	6616	6619	2067	688
8772	8	772	98	121	121	132	110	6484	16400	0	1642	1693	6616	6619	2067	688
8773	8	773	98	121	121	132	110	6484	16400	0	1642	1693	6616	6619	2067	688
8774	8	774	98	121	121	132	110	6484	16400	0	1642	1693	6616	6619	2067	688
8775	8	775	98	121	121	132	110	6484	16400	0	1642	1693	6616	6619	2067	688
8776	8	776	98	121	121	132	110	6484	16400	0	1642	1693	6616	6619	2067	688
8777	8	777	98	121	121	132	110	6484	16400	0	1642	1693	6616	6619	2067	688
8778	8	778	98	121	121	132	110	6484	16400	0	1642	1693	6616	6619	2067	688
8779	8	779	98	121	121	132	110	6484	16400	0	1642	1693	6616	6619	2067	688
8780	8	780	98	121	121	132	110	6484	16400	0	1642	1693	6616	6619	2067	688
8781	8	781	98	121	121	132	110	6484	16400	0	1642	1693	6616	6619	2067	688
8782	8	782	98	121	121	132	110	6484	16400	0	1642	1693	6616	6619	2067	688
8783	8	783	98	121	121	132	110	6484	16400	0	1642	1693	6616	6619	2067	688
8784	8	784	98	121	121	132	110	6484	16400	0	1642	1693	6616	6619	2067	688
8785	8	785	98	121	121	132	110	6484	16400	0	1642	1693	6616	6619	2067	688
8786	8	786	98	121	121	132	110	6484	16400	0	1642	1693	6616	6619	2067	688
8787	8	787	98	121	121	132	110	6484	16400	0	1642	1693	6616	6619	2067	688
8788	8	788	98	121	121	132	110	6484	16400	0	1642	1693	6616	6619	2067	688
8789	8	789	98	121	121	132	110	6484	16400	0	1642	1693	6616	6619	2067	688
8790	8	790	98	121	121	132	110	6484	16400	0	1642	1693	6616	6619	2067	688
8791	8	791	98	121	121	132	110	6484	16400	0	1642	1693	6616	6619	2067	688
8792	8	792	98	121	121	132	110	6484	16400	0	1642	1693	6616	6619	2067	688
8793	8	793	98	121	121	132	110	6484	16400	0	1642	1693	6616	6619	2067	688
8794	8	794	98	121	121	132	110	6484	16400	0	1642	1693	6616	6619	2067	688
8795	8	795	98	121	121	132	110	6484	16400	0	1642	1693	6616	6619	2067	688
8796	8	796	98	121	121	132	110	6484	16400	0	1642	1693	6616	6619	2067	688
8797	8	797	98	121	121	132	110	6484	16400	0	1642	1693	6616	6619	2067	688
8798	8	798	98	121	121	132	110	6484	16400	0	1642	1693	6616	6619	2067	688
8799	8	799	98	121	121	132	110	6484	16400	0	1642	1693	6616	6619	2067	688
8800	8	800	98	121	121	132	110	6484	16400	0	1642	1693	6616	6619	2067	688
8801	8	801	98	121	121	132	110	6484	16400	0	1642	1693	6616	6619	2067	688
8802	8	802	98	121	121	132	110	6484	16400	0	1642	1693	6616	6619	2067	688
8803	8	803	98	121	121	132	110	6484	16400	0	1642	1693	6616	6619	2067	688
8804	8	804	98	121	121	132	110	6484	16400	0	1642	1693	6616	6619	2067	688
8805	8	805	98	121	121	132	110	6484	16400	0	1642	1693	6616	6619	2067	688
8806	8	806	98	121	121	132	110	6484	16400	0	1642	1693	6616	6619	2067	688
8807	8	807	98	121	121	132	110	6484	16400	0	1642	1693	6616	6619	2067	688
8808	8	808	98	121	121	132	110	6484	16400	0	1642	1693	6616	6619	2067	688
8809	8	809	98	121	121	132	110	6484	16400	0	1642	1693	6616	6619	2067	688
8810	8	810	98	121	121	132	110	6484	16400	0	1642	1693	6616	6619	2067	688
8811	8	811	98	121	121	132	110	6484	16400	0	1642	1693	6616	6619	2067	688
8812	8	812	98	121	121	132	110	6484	16400	0	1642	1693	6616	6619	2067	688
8813	8	813	98	121	121	132	110	6484	16400	0	1642	1693	6616	6619	2067	688
8814	8	814	98	121	121	132	110	6484	16400	0	1642	1693	6616	6619	2067	688
8815	8	815	98	121	121	132	110	6484	16400	0	1642	1693	6616	6619	2067	688
8816	8	816	98	121	121	132	110	6484	16400	0	1642	1693	6616	6619	2067	688
8817	8	817	98	121	121	132	110	6484	16400	0	1642	1693	6616	6619	2067	688
8818	8	818	98	121	121	132	110	6484	16400	0	1642	1693	6616	6619	2067	688
8819	8	819	98	121	121	132	110	6484	16400	0	1642	1693	6616	6619	2067	688
8820	8	820	98	121	121	132	110	6484	16400	0	1642	1693	6616	6619	2067	688
8821	8	821	98	121	121	132	110	6484	16400	0	1642	1693	6616	6619	2067	688
8822	8	822	98	121	121	132	110	6484	16400	0	1642	1693	6616	6619	2067	688
8823	8	823	98	121	121	132	110	6484	16400	0	1642	1693	6616	6619	2067	688
8824	8	824	98	121	121	132	110	6484	16400	0	1642	1693	6616	6619	2067	688
8825	8	825	98	121	121	132	110	6484	16400	0	1642	1693	6616	6619	2067	688
8826	8	826	98	121	121	132	110	6484	16400	0	1642	1693	6616	6619	2067	688
8827	8	827	98	121	121	132	110	6484	16400	0	1642	1693	6616	6619	2067	688
8828	8	828	98	121	121	132	110	6484	16400	0	1642	1693	6616	6619	2067	688
8829	8	829	98	121	121	132	110	6484	16400	0	1642	1693	6616	6619	2067	688
8830	8	830	98	121	121	132	110	6484	16400	0	1642	1693	6616	6619	2067	688
8831	8	831	98	121	121	132	110	6484	16400	0	1642	1693	6616	6619	2067	688
8832	8	832	98	121	121	132	110	6484	16400	0	1642	1693	6616	6619	2067	688
8833	8	833	98	121	121	132	110	6484	16400	0	1642	1693	6616	6619	2067	688
8834	8	834	98	121	121	132	110	6484	16400	0	1642	1693	6616	6619	2067	688
8835	8	835	98	121	121	132	110	6484	16400	0	1642	1693	6616	6619	2067	688
8836	8	836	98	121	121	132	110	6484	16400	0	1642	1693	6616	6619	2067	688
8837	8	837	98	121	121	132	110	6484	16400	0	1642	1693	6616	6619	2067	688
8838	8	838	98	121	121	132	110	6484	16400	0	1642	1693	6616	6619	2067	688
8839	8	839	98	121	121	132	110	6484	16400	0	1642	1693	6616	6619	2067	688
8840	8	840	98	121	121	132	110	6484	16400	0	1642	1693	6616	6619	2067	688
8841	8	841	98	121	121	132	110	6484	16400	0	1642	1693	6616	6619	2067	688
8842	8	842	98	121	121	132	110	6484	16400	0	1642	1693	6616	6619	2067	688
8843	8	843	98	121	121	132	110	6484	16400	0	1642	1693	6616	6619	2067	688
8844	8	844	98	121	121	132	110	6484	16400	0	1642	1693	6616	6619	2067	688
8845	8	845	98	121	121	132	110	6484	16400	0	1642	1693	6616	6619	2067	688
8846	8	846	98	121	121	132	110	6484	16400	0	1642	1693	6616	6619	2067	688
8847	8	847	98	121	121	132	110	6484	16400	0	1642	1693	6616	6619	2067	688
8848	8	848	98	121	121	132	110	6484	16400	0	1642	1693	6616	6619	2067	688
8849	8	849	98	121	121	132	110	6484	16400	0	1642	1693	6616	6619	2067	688
8850	8	850	98	121	121	132	110	6484	16400	0	1642	1693	6616	6619	2067	688
8851	8	851	98	121	121	132	110	6484	16400	0	1642	1693	6616	6619	2067	688
8852	8	852	98	121	121	132	110	6484	16400	0	1642	1693	6616	6619	2067	688
8853	8	853	98	121	121	132	110	6484	16400	0	1642	1693	6616	6619	2067	688
8854	8	854	98	121	121	132	110	6484	16400	0	1642	1693	6616	6619	2067	688
8855	8	855	98	121	121	132	110	6484	16400	0	1642	1693	6616	6619	2067	688
8856	8	856	98	121	121	132	110	6484	16400	0	1642	1693	6616	6619	2067	688
8857	8	857	98	121	121	132	110	6484	16400	0	1642	1693	6616	6619	2067	688
8858	8	858	98	121	121	132	110	6484	16400	0	1642	1693	6616	6619	2067	688
8859	8	859	98	121	121	132	110	6484	16400	0	1642	1693	6616	6619	2067	688
8860	8	860	98	121	121	132	110	6484	16400	0	1642	1693	6616	6619	2067	688
8861	8	861	98	121	121	132	110	6484	16400	0	1642	1693	6616	6619	2067	688
8862	8	862	98	121	121	132	110	6484	16400	0	1642	1693	6616	6619	2067	688
8863	8	863	98	121	121	132	110	6484	16400	0	1642	1693	6616	6619	2067	688
8864	8	864	98	121	121	132	110	6484	16400	0	1642	1693	6616	6619	2067	688
8865	8	865	98	121	121	132	110	6484	16400	0	1642	1693	6616	6619	2067	688
8866	8	866	98	121	121	132	110	6484	16400	0	1642	1693	6616	6619	2067	688
8867	8	867	98	121	121	132	110	6484	16400	0	1642	1693	6616	6619	2067	688
8868	8	868	98	121	121	132	110	6484	16400	0	1642	1693	6616	6619	2067	688
8869	8	869	98	121	121	132	110	6484	16400	0	1642	1693	6616	6619	2067	688
8870	8	870	98	121	121	132	110	6484	16400	0	1642	1693	6616	6619	2067	688
8871	8	871	98	121	121	132	110	6484	16400	0	1642	1693	6616	6619	2067	688
8872	8	872	98	121	121	132	110	6484	16400	0	1642	1693	6616	6619	2067	688
8873	8	873	98	121	121	132	110	6484	16400	0	1642	1693	6616	6619	2067	688
8874	8	874	98	121	121	132	110	6484	16400	0	1642	1693	6616	6619	2067	688
8875	8	875	98	121	121	132	110	6484	16400	0	1642	1693	6616	6619	2067	688
8876	8	876	98	121	121	132	110	6484	16400	0	1642	1693	6616	6619	2067	688
8877	8	877	98	121	121	132	110	6484	16400	0	1642	1693	6616	6619	2067	688
8878	8	878	98	121	121	132	110	6484	16400	0	1642	1693	6616	6619	2067	688
8879	8	879	98	121	121	132	110	6484	16400	0	1642	1693	6616	6619	2067	688
8880	8	880	98	121	121	132	110	6484	16400	0	1642	1693	6616	6619	2067	688
8881	8	881	98	121	121	132	110	6484	16400	0	1642	1693	6616	6619	2067	688
8882	8	882	98	121	121	132	110	6484	16400	0	1642	1693	6616	6619	2067	688
8883	8	883	98	121	121	132	110	6484	16400	0	1642	1693	6616	6619	2067	688
8884	8	884	98	121	121	132	110	6484	16400	0	1642	1693	6616	6619	2067	688
8885	8	885	98	121	121	132	110	6484	16400	0	1642	1693	6616	6619	2067	688
8886	8	886	98	121	121	132	110	6484	16400	0	1642	1693	6616	6619	2067	688
8887	8	887	98	121	121	132	110	6484	16400	0	1642	1693	6616	6619	2067	688
8888	8	888	98	121	121	132	110	6484	16400	0	1642	1693	6616	6619	2067	688
8889	8	889	98	121	121	132	110	6484	16400	0	1642	1693	6616	6619	2067	688
8890	8	890	98	121	121	132	110	6484	16400	0	1642	1693	6616	6619	2067	688
8891	8	891	98	121	121	132	110	6484	16400	0	1642	1693	6616	6619	2067	688
8892	8	892	98	121	121	132	110	6484	16400	0	1642	1693	6616	6619	2067	688
8893	8	893	98	121	121	132	110	6484	16400	0	1642	1693	6616	6619	2067	688
8894	8	894	98	121	121	132	110	6484	16400	0	1642	1693	6616	6619	2067	688
8895	8	895	98	121	121	132	110	6484	16400	0	1642	1693	6616	6619	2067	688
8896	8	896	98	121	121	132	110	6484	16400	0	1642	1693	6616	6619	2067	688
8897	8	897	98	121	121	132	110	6484	16400	0	1642	1693	6616	6619	2067	688
8898	8	898	98	121	121	132	110	6484	16400	0	1642	1693	6616	6619	2067	688
8899	8	899	98	121	121	132	110	6484	16400	0	1642	1693	6616	6619	2067	688
8900	8	900	98	121	121	132	110	6484	16400	0	1642	1693	6616	6619	2067	688
8901	8	901	98	121	121	132	110	6484	16400	0	1642	1693	6616	6619	2067	688
8902	8	902	98	121	121	132	110	6484	16400	0	1642	1693	6616	6619	2067	688
8903	8	903	98	121	121	132	110	6484	16400	0	1642	1693	6616	6619	2067	688
8904	8	904	98	121	121	132	110	6484	16400	0	1642	1693	6616	6619	2067	688
8905	8	905	98	121	121	132	110	6484	16400	0	1642	1693	6616	6619	2067	688
8906	8	906	98	121	121	132	110	6484	16400	0	1642	1693	6616	6619	2067	688
8907	8	907	98	121	121	132	110	6484	16400	0	1642	1693	6616	6619	2067	688
8908	8	908	98	121	121	132	110	6484	16400	0	1642	1693	6616	6619	2067	688
8909	8	909	98	121	121	132	110	6484	16400	0	1642	1693	6616	6619	2067	688
8910	8	910	98	121	121	132	110	6484	16400	0	1642	1693	6616	6619	2067	688
8911	8	911	98	121	121	132	110	6484	16400	0	1642	1693	6616	6619	2067	688
8912	8	912	98	121	121	132	110	6484	16400	0	1642	1693	6616	6619	2067	688
8913	8	913	98	121	121	132	110	6484	16400	0	1642	1693	6616	6619	2067	688
8914	8	914	98	121	121	132	110	6484	16400	0	1642	1693	6616	6619	2067	688
8915	8	915	98	121	121	132	110	6484	16400	0	1642	1693	6616	6619	2067	688
8916	8	916	98	121	121	132	110	6484	16400	0	1642	1693	6616	6619	2067	688
8917	8	917	98	121	121	132	110	6484	16400	0	1642	1693	6616	6619	2067	688
8918	8	918	98	121	121	132	110	6484	16400	0	1642	1693	6616	6619	2067	688
8919	8	919	98	121	121	132	110	6484	16400	0	1642	1693	6616	6619	2067	688
8920	8	920	98	121	121	132	110	6484	16400	0	1642	1693	6616	6619	2067	688
8921	8	921	98	121	121	132	110	6484	16400	0	1642	1693	6616	6619	2067	688
8922	8	922	98	121	121	132	110	6484	16400	0	1642	1693	6616	6619	2067	688
8923	8	923	98	121	121	132	110	6484	16400	0	1642	1693	6616	6619	2067	688
8924	8	924	98	121	121	132	110	6484	16400	0	1642	1693	6616	6619	2067	688
8925	8	925	98	121	121	132	110	6484	16400	0	1642	1693	6616	6619	2067	688
8926	8	926	98	121	121	132	110	6484	16400	0	1642	1693	6616	6619	2067	688
8927	8	927	98	121	121	132	110	6484	16400	0	1642	1693	6616	6619	2067	688
8928	8	928	98	121	121	132	110	6484	16400	0	1642	1693	6616	6619	2067	688
8929	8	929	98	121	121	132	110	6484	16400	0	1642	1693	6616	6619	2067	688
8930	8	930	98	121	121	132	110	6484	16400	0	1642	1693	6616	6619	2067	688
8931	8	931	98	121	121	132	110	6484	16400	0	1642	1693	6616	6619	2067	688
8932	8	932	98	121	121	132	110	6484	16400	0	1642	1693	6616	6619	2067	688
8933	8	933	98	121	121	132	110	6484	16400	0	1642	1693	6616	6619	2067	688
8934	8	934	98	121	121	132	110	6484	16400	0	1642	1693	6616	6619	2067	688
8935	8	935	98	121	121	132	110	6484	16400	0	1642	1693	6616	6619	2067	688
8936	8	936	98	121	121	132	110	6484	16400	0	1642	1693	6616	6619	2067	688
8937	8	937	98	121	121	132	110	6484	16400	0	1642	1693	6616	6619	2067	688
8938	8	938	98	121	121	132	110	6484	16400	0	1642	1693	6616	6619	2067	688
8939	8	939	98	121	121	132	110	6484	16400	0	1642	1693	6616	6619	2067	688
8940	8	940	98	121	121	132	110	6484	16400	0	1642	1693	6616	6619	2067	688
8941	8	941	98	121	121	132	110	6484	16400	0	1642	1693	6616	6619	2067	688
8942	8	942	98	121	121	132	110	6484	16400	0	1642	1693	6616	6619	2067	688
8943	8	943	98	121	121	132	110	6484	16400	0	1642	1693	6616	6619	2067	688
8944	8	944	98	121	121	132	110	6484	16400	0	1642	1693	6616	6619	2067	688
8945	8	945	98	121	121	132	110	6484	16400	0	1642	1693	6616	6619	2067	688
8946	8	946	98	121	121	132	110	6484	16400	0	1642	1693	6616	6619	2067	688
8947	8	947	98	121	121	132	110	6484	16400	0	1642	1693	6616	6619	2067	688
8948	8	948	98	121	121	132	110	6484	16400	0	1642	1693	6616	6619	2067	688
8949	8	949	98	121	121	132	110	6484	16400	0	1642	1693	6616	6619	2067	688
8950	8	950	98	121	121	132	110	6484	16400	0	1642	1693	6616	6619	2067	688
8951	8	951	98	121	121	132	110	6484	16400	0	1642	1693	6616	6619	2067	688
8952	8	952	98	121	121	132	110	6484	16400	0	1642	1693	6616	6619	2067	688
8953	8	953	98	121	121	132	110	6484	16400	0	1642	1693	6616	6619	2067	688
8954	8	954	98	121	121	132	110	6484	16400	0	1642	1693	6616	6619	2067	688
8955	8	955	98	121	121	132	110	6484	16400	0	1642	1693	6616	6619	2067	688
8956	8	956	98	121	121	132	110	6484	16400	0	1642	1693	6616	6619	2067	688
8957	8	957	98	121	121	132	110	6484	16400	0	1642	1693	6616	6619	2067	688
8958	8	958	98	121	121	132	110	6484	16400	0	1642	1693	6616	6619	2067	688
8959	8	959	98	121	121	132	110	6484	16400	0	1642	1693	6616	6619	2067	688
8960	8	960	98	121	121	132	110	6484	16400	0	1642	1693	6616	6619	2067	688
8961	8	961	98	121	121	132	110	6484	16400	0	1642	1693	6616	6619	2067	688
8962	8	962	98	121	121	132	110	6484	16400	0	1642	1693	6616	6619	2067	688
8963	8	963	98	121	121	132	110	6484	16400	0	1642	1693	6616	6619	2067	688
8964	8	964	98	121	121	132	110	6484	16400	0	1642	1693	6616	6619	2067	688
8965	8	965	98	121	121	132	110	6484	16400	0	1642	1693	6616	6619	2067	688
8966	8	966	98	121	121	132	110	6484	16400	0	1642	1693	6616	6619	2067	688
8967	8	967	98	121	121	132	110	6484	16400	0	1642	1693	6616	6619	2067	688
8968	8	968	98	121	121	132	110	6484	16400	0	1642	1693	6616	6619	2067	688
8969	8	969	98	121	121	132	110	6484	16400	0	1642	1693	6616	6619	2067	688
8970	8	970	98	121	121	132	110	6484	16400	0	1642	1693	6616	6619	2067	688
8971	8	971	98	121	121	132	110	6484	16400	0	1642	1693	6616	6619	2067	688
8972	8	972	98	121	121	132	110	6484	16400	0	1642	1693	6616	6619	2067	688
8973	8	973	98	121	121	132	110	6484	16400	0	1642	1693	6616	6619	2067	688
8974	8	974	98	121	121	132	110	6484	16400	0	1642	1693	6616	6619	2067	688
8975	8	975	98	121	121	132	110	6484	16400	0	1642	1693	6616	6619	2067	688
8976	8	976	98	121	121	132	110	6484	16400	0	1642	1693	6616	6619	2067	688
8977	8	977	98	121	121	132	110	6484	16400	0	1642	1693	6616	6619	2067	688
8978	8	978	98	121	121	132	110	6484	16400	0	1642	1693	6616	6619	2067	688
8979	8	979	98	121	121	132	110	6484	16400	0	1642	1693	6616	6619	2067	688
8980	8	980	98	121	121	132	110	6484	16400	0	1642	1693	6616	6619	2067	688
8981	8	981	98	121	121	132	110	6484	16400	0	1642	1693	6616	6619	2067	688
8982	8	982	98	121	121	132	110	6484	16400	0	1642	1693	6616	6619	2067	688
8983	8	983	98	121	121	132	110	6484	16400	0	1642	1693	6616	6619	2067	688
8984	8	984	98	121	121	132	110	6484	16400	0	1642	1693	6616	6619	2067	688
8985	8	985	98	121	121	132	110	6484	16400	0	1642	1693	6616	6619	2067	688
8986	8	986	98	121	121	132	110	6484	16400	0	1642	1693	6616	6619	2067	688
8987	8	987	98	121	121	132	110	6484	16400	0	1642	1693	6616	6619	2067	688
8988	8	988	98	121	121	132	110	6484	16400	0	1642	1693	6616	6619	2067	688
8989	8	989	98	121	121	132	110	6484	16400	0	1642	1693	6616	6619	2067	688
8990	8	990	98	121	121	132	110	6484	16400	0	1642	1693	6616	6619	2067	688
8991	8	991	98	121	121	132	110	6484	16400	0	1642	1693	6616	6619	2067	688
8992	8	992	98	121	121	132	110	6484	16400	0	1642	1693	6616	6619	2067	688
8993	8	993	98	121	121	132	110	6484	16400	0	1642	1693	6616	6619	2067	688
8994	8	994	98	121	121	132	110	6484	16400	0	1642	1693	6616	6619	2067	688
8995	8	995	98	121	121	132	110	6484	16400	0	1642	1693	6616	6619	2067	688
8996	8	996	98	121	121	132	110	6484	16400	0	1642	1693	6616	6619	2067	688
8997	8	997	98	121	121	132	110	6484	16400	0	1642	1693	6616	6619	2067	688
8998	8	998	98	121	121	132	110	6484	16400	0	1642	1693	6616	6619	2067	688
8999	8	999	98	121	121	132	110	6484	16400	0	1642	1693	6616	6619	2067	688
9000	9	0	2	1	4	0	2	1002	500	0	34	31	19	17	4	4
9001	9	1	2	1	4	0	2	1154	500	0	64	61	31	29	5	7
9002	9	2	3	1	4	0	2	1357	550	0	94	91	43	41	8	13
9003	9	3	3	1	5	1	2	1561	600	0	125	121	55	53	10	19
9004	9	4	3	2	5	1	2	1765	650	0	155	151	67	65	13	26
9005	9	5	4	2	5	1	2	1969	700	0	186	182	79	77	15	32
9006	9	6	4	2	5	1	2	2173	750	0	216	212	92	90	17	38
9007	9	7	4	2	6	1	3	2377	800	0	247	242	104	102	20	44
9008	9	8	5	2	6	1	3	2580	850	0	278	272	116	114	22	50
9009	9	9	5	2	6	1	3	2784	900	0	308	302	128	126	25	57
9010	9	10	5	3	6	1	3	2988	950	0	339	333	140	138	27	63
9011	9	11	6	3	7	2	3	3192	1000	0	369	363	152	150	29	69
9012	9	12	6	3	7	2	3	3396	1050	0	400	393	165	162	32	75
9013	9	13	6	3	7	2	3	3600	1100	0	430	423	177	175	34	81
9014	9	14	7	3	8	2	3	3804	1150	0	461	453	189	187	37	88
9015	9	15	7	4	8	2	3	4137	1200	0	491	483	201	199	39	94
9016	9	16	8	4	8	2	3	4471	1250	0	522	514	201	199	41	100
9017	9	17	8	4	8	2	3	4805	1300	0	552	544	202	199	44	106
9018	9	18	8	4	9	2	3	5139	1350	0	583	574	202	199	46	112
9019	9	19	9	4	9	3	3	5473	1400	0	613	604	202	199	49	119
9020	9	20	9	4	9	3	3	5812	1450	0	634	624	210	208	51	125
9021	9	21	9	5	9	3	3	5812	1500	0	634	625	202	200	51	125
9022	9	22	10	5	10	3	4	5812	1550	0	635	625	202	200	52	125
9023	9	23	10	5	10	3	4	5812	1600	0	635	625	203	200	52	125
9024	9	24	10	5	10	3	4	5812	1650	0	636	625	203	200	53	126
9025	9	25	11	5	11	3	4	5812	1700	0	637	625	203	200	53	126
9026	9	26	11	5	11	3	4	5812	1750	0	637	625	203	200	53	126
9027	9	27	11	6	11	3	4	5812	1800	0	638	626	203	201	54	126
9028	9	28	12	6	11	4	4	5812	1850	0	638	626	204	201	54	126
9029	9	29	12	6	12	4	4	5812	1900	0	639	626	204	201	55	127
9030	9	30	12	6	12	4	4	5812	1950	0	639	626	204	201	55	127
9031	9	31	13	6	12	4	4	5812	2000	0	640	626	204	201	55	127
9032	9	32	13	6	12	4	4	5812	2050	0	640	626	204	201	56	127
9033	9	33	13	7	13	4	4	5812	2100	0	641	627	205	201	56	127
9034	9	34	14	7	13	4	4	5812	2150	0	641	627	205	202	57	128
9035	9	35	14	7	13	4	4	5812	2200	0	642	627	205	202	57	128
9036	9	36	15	7	14	5	4	5812	2250	0	642	627	205	202	57	128
9037	9	37	15	7	14	5	5	5812	2300	0	643	627	205	202	58	128
9038	9	38	15	7	14	5	5	5812	2350	0	643	628	205	202	58	128
9039	9	39	16	8	14	5	5	5812	2400	0	644	628	206	202	59	129
9040	9	40	16	8	15	5	5	5812	2650	0	644	628	206	202	59	129
9041	9	41	16	8	15	5	5	5812	2900	0	645	628	206	203	59	129
9042	9	42	17	8	15	5	5	5812	3150	0	646	628	206	203	60	129
9043	9	43	17	8	15	5	5	5812	3400	0	646	628	206	203	60	129
9044	9	44	17	8	16	5	5	5812	3650	0	647	629	207	203	61	130
9045	9	45	18	9	16	6	5	5812	3900	0	647	629	207	203	61	130
9046	9	46	18	9	16	6	5	5812	4150	0	648	629	207	203	61	130
9047	9	47	18	9	17	6	5	5812	4400	0	648	629	207	203	62	130
9048	9	48	19	9	17	6	5	5812	4650	0	649	629	207	203	62	130
9049	9	49	19	9	17	6	5	5812	4900	0	649	630	207	204	63	131
9050	9	50	21	11	19	8	7	5837	5150	0	650	630	281	277	117	149
9051	9	51	24	14	22	10	10	5862	5400	0	650	630	354	350	171	167
9052	9	52	26	16	24	12	12	5887	5650	0	651	630	427	423	226	185
9053	9	53	28	18	26	15	14	5912	5900	0	651	630	500	496	280	203
9054	9	54	31	20	28	17	16	5937	6150	0	652	630	573	569	335	222
9055	9	55	33	22	31	19	18	5962	6400	0	652	631	647	642	389	240
9056	9	56	35	24	33	21	20	5987	6650	0	653	631	720	716	443	258
9057	9	57	38	27	35	23	22	6012	6900	0	653	631	793	789	498	276
9058	9	58	40	29	38	25	24	6037	7150	0	654	631	866	862	552	294
9059	9	59	43	31	40	27	26	6062	7400	0	655	631	939	935	607	313
9060	9	60	49	37	46	33	32	6087	7750	0	730	707	1290	1285	699	333
9061	9	61	51	40	49	36	35	6112	8100	0	806	782	1633	1628	785	351
9062	9	62	55	44	53	39	38	6137	8450	0	881	857	1976	1971	872	369
9063	9	63	57	48	56	41	41	6162	8800	0	957	932	2319	2315	958	387
9064	9	64	60	52	59	44	44	6187	9150	0	1032	1007	2662	2658	1045	406
9065	9	65	63	56	62	46	47	6212	9500	0	1108	1082	3005	3001	1131	424
9066	9	66	66	60	66	49	52	6237	9850	0	1183	1158	3349	3344	1217	442
9067	9	67	69	64	69	52	56	6262	10200	0	1259	1233	3692	3687	1304	460
9068	9	68	73	69	72	55	60	6287	10550	0	1334	1308	4035	4030	1390	478
9069	9	69	76	73	76	58	64	6312	10900	0	1410	1383	4378	4373	1477	498
9070	9	70	83	80	83	66	72	6337	11250	0	1435	1408	4608	4604	1538	518
9071	9	71	87	83	86	69	76	6362	11600	0	1461	1434	4832	4827	1593	536
9072	9	72	90	86	89	72	80	6387	11950	0	1486	1459	5055	5050	1649	554
9073	9	73	93	89	93	75	84	6412	12300	0	1512	1484	5278	5273	1704	572
9074	9	74	97	93	96	78	88	6437	12650	0	1537	1509	5501	5496	1760	591
9075	9	75	100	96	99	81	92	6462	13000	0	1563	1534	5724	5719	1815	609
9076	9	76	103	99	102	84	96	6487	13350	0	1589	1559	5947	5942	1870	627
9077	9	77	107	102	106	87	100	6512	13700	0	1614	1585	6171	6166	1926	645
9078	9	78	110	105	109	91	104	6537	14050	0	1640	1610	6394	6389	1981	663
9079	9	79	114	108	112	94	108	6562	14400	0	1665	1635	6617	6612	2037	684
9080	9	80	114	109	113	94	108	6562	14450	0	1666	1635	6617	6612	2037	684
9081	9	81	114	109	113	94	109	6562	14500	0	1666	1635	6617	6612	2037	684
9082	9	82	115	109	113	94	109	6562	14550	0	1667	1635	6618	6612	2038	684
9083	9	83	115	109	113	94	109	6562	14600	0	1667	1636	6618	6612	2038	684
9084	9	84	115	109	114	94	109	6562	14650	0	1668	1636	6618	6613	2039	685
9085	9	85	116	109	114	94	109	6562	14700	0	1668	1636	6618	6613	2039	685
9086	9	86	116	110	114	94	109	6562	14750	0	1669	1636	6618	6613	2039	685
9087	9	87	116	110	114	95	109	6562	14800	0	1669	1636	6619	6613	2040	685
9088	9	88	117	110	115	95	109	6562	14850	0	1670	1637	6619	6613	2040	685
9089	9	89	117	110	115	95	109	6562	14900	0	1670	1637	6619	6613	2041	686
9090	9	90	117	110	115	95	109	6562	14950	0	1671	1637	6619	6613	2041	686
9091	9	91	118	110	116	95	109	6562	15000	0	1672	1637	6619	6614	2041	686
9092	9	92	118	111	116	95	109	6562	15050	0	1672	1637	6619	6614	2042	686
9093	9	93	118	111	116	95	109	6562	15100	0	1673	1637	6620	6614	2042	686
9094	9	94	119	111	116	95	109	6562	15150	0	1673	1638	6620	6614	2043	687
9095	9	95	119	111	117	96	109	6562	15200	0	1674	1638	6620	6614	2043	687
9096	9	96	119	111	117	96	110	6562	15250	0	1674	1638	6620	6614	2043	687
9097	9	97	120	111	117	96	110	6562	15300	0	1675	1638	6620	6614	2044	687
9098	9	98	120	112	117	96	110	6562	15350	0	1675	1638	6621	6614	2044	687
9099	9	99	120	112	118	96	110	6562	15400	0	1676	1639	6621	6615	2045	688
9100	9	100	121	112	118	96	110	6562	15450	0	1676	1639	6621	6615	2045	688
9101	9	101	121	112	118	96	110	6562	15500	0	1677	1639	6621	6615	2045	688
9102	9	102	122	112	119	96	110	6562	15550	0	1677	1639	6621	6615	2046	688
9103	9	103	122	112	119	96	110	6562	15600	0	1678	1639	6621	6615	2046	688
9104	9	104	122	113	119	97	110	6562	15650	0	1678	1639	6622	6615	2047	689
9105	9	105	123	113	119	97	110	6562	15700	0	1679	1640	6622	6615	2047	689
9106	9	106	123	113	120	97	110	6562	15750	0	1679	1640	6622	6616	2047	689
9107	9	107	123	113	120	97	110	6562	15800	0	1680	1640	6622	6616	2048	689
9108	9	108	124	113	120	97	110	6562	15850	0	1681	1640	6622	6616	2048	689
9109	9	109	124	114	120	97	110	6562	15900	0	1681	1640	6623	6616	2049	690
9110	9	110	124	114	121	97	111	6562	15950	0	1682	1641	6623	6616	2049	690
9111	9	111	125	114	121	97	111	6562	16000	0	1682	1641	6623	6616	2049	690
9112	9	112	125	114	121	98	111	6562	16050	0	1683	1641	6623	6616	2050	690
9113	9	113	125	114	122	98	111	6562	16100	0	1683	1641	6623	6617	2050	690
9114	9	114	126	114	122	98	111	6562	16150	0	1684	1641	6624	6617	2051	691
9115	9	115	126	115	122	98	111	6562	16200	0	1684	1641	6624	6617	2051	691
9116	9	116	126	115	122	98	111	6562	16250	0	1685	1642	6624	6617	2051	691
9117	9	117	127	115	123	98	111	6562	16300	0	1685	1642	6624	6617	2052	691
9118	9	118	127	115	123	98	111	6562	16350	0	1686	1642	6624	6617	2052	691
9119	9	119	127	115	123	98	111	6562	16400	0	1686	1642	6624	6617	2053	692
9120	9	120	127	115	123	98	111	6562	16400	0	1686	1642	6624	6617	2053	692
9121	9	121	127	115	123	98	111	6562	16400	0	1686	1642	6624	6617	2053	692
9122	9	122	127	115	123	98	111	6562	16400	0	1686	1642	6624	6617	2053	692
9123	9	123	127	115	123	98	111	6562	16400	0	1686	1642	6624	6617	2053	692
9124	9	124	127	115	123	98	111	6562	16400	0	1686	1642	6624	6617	2053	692
9125	9	125	127	115	123	98	111	6562	16400	0	1686	1642	6624	6617	2053	692
9126	9	126	127	115	123	98	111	6562	16400	0	1686	1642	6624	6617	2053	692
9127	9	127	127	115	123	98	111	6562	16400	0	1686	1642	6624	6617	2053	692
9128	9	128	127	115	123	98	111	6562	16400	0	1686	1642	6624	6617	2053	692
9129	9	129	127	115	123	98	111	6562	16400	0	1686	1642	6624	6617	2053	692
9130	9	130	127	115	123	98	111	6562	16400	0	1686	1642	6624	6617	2053	692
9131	9	131	127	115	123	98	111	6562	16400	0	1686	1642	6624	6617	2053	692
9132	9	132	127	115	123	98	111	6562	16400	0	1686	1642	6624	6617	2053	692
9133	9	133	127	115	123	98	111	6562	16400	0	1686	1642	6624	6617	2053	692
9134	9	134	127	115	123	98	111	6562	16400	0	1686	1642	6624	6617	2053	692
9135	9	135	127	115	123	98	111	6562	16400	0	1686	1642	6624	6617	2053	692
9136	9	136	127	115	123	98	111	6562	16400	0	1686	1642	6624	6617	2053	692
9137	9	137	127	115	123	98	111	6562	16400	0	1686	1642	6624	6617	2053	692
9138	9	138	127	115	123	98	111	6562	16400	0	1686	1642	6624	6617	2053	692
9139	9	139	127	115	123	98	111	6562	16400	0	1686	1642	6624	6617	2053	692
9140	9	140	127	115	123	98	111	6562	16400	0	1686	1642	6624	6617	2053	692
9141	9	141	127	115	123	98	111	6562	16400	0	1686	1642	6624	6617	2053	692
9142	9	142	127	115	123	98	111	6562	16400	0	1686	1642	6624	6617	2053	692
9143	9	143	127	115	123	98	111	6562	16400	0	1686	1642	6624	6617	2053	692
9144	9	144	127	115	123	98	111	6562	16400	0	1686	1642	6624	6617	2053	692
9145	9	145	127	115	123	98	111	6562	16400	0	1686	1642	6624	6617	2053	692
9146	9	146	127	115	123	98	111	6562	16400	0	1686	1642	6624	6617	2053	692
9147	9	147	127	115	123	98	111	6562	16400	0	1686	1642	6624	6617	2053	692
9148	9	148	127	115	123	98	111	6562	16400	0	1686	1642	6624	6617	2053	692
9149	9	149	127	115	123	98	111	6562	16400	0	1686	1642	6624	6617	2053	692
9150	9	150	127	115	123	98	111	6562	16400	0	1686	1642	6624	6617	2053	692
9151	9	151	127	115	123	98	111	6562	16400	0	1686	1642	6624	6617	2053	692
9152	9	152	127	115	123	98	111	6562	16400	0	1686	1642	6624	6617	2053	692
9153	9	153	127	115	123	98	111	6562	16400	0	1686	1642	6624	6617	2053	692
9154	9	154	127	115	123	98	111	6562	16400	0	1686	1642	6624	6617	2053	692
9155	9	155	127	115	123	98	111	6562	16400	0	1686	1642	6624	6617	2053	692
9156	9	156	127	115	123	98	111	6562	16400	0	1686	1642	6624	6617	2053	692
9157	9	157	127	115	123	98	111	6562	16400	0	1686	1642	6624	6617	2053	692
9158	9	158	127	115	123	98	111	6562	16400	0	1686	1642	6624	6617	2053	692
9159	9	159	127	115	123	98	111	6562	16400	0	1686	1642	6624	6617	2053	692
9160	9	160	127	115	123	98	111	6562	16400	0	1686	1642	6624	6617	2053	692
9161	9	161	127	115	123	98	111	6562	16400	0	1686	1642	6624	6617	2053	692
9162	9	162	127	115	123	98	111	6562	16400	0	1686	1642	6624	6617	2053	692
9163	9	163	127	115	123	98	111	6562	16400	0	1686	1642	6624	6617	2053	692
9164	9	164	127	115	123	98	111	6562	16400	0	1686	1642	6624	6617	2053	692
9165	9	165	127	115	123	98	111	6562	16400	0	1686	1642	6624	6617	2053	692
9166	9	166	127	115	123	98	111	6562	16400	0	1686	1642	6624	6617	2053	692
9167	9	167	127	115	123	98	111	6562	16400	0	1686	1642	6624	6617	2053	692
9168	9	168	127	115	123	98	111	6562	16400	0	1686	1642	6624	6617	2053	692
9169	9	169	127	115	123	98	111	6562	16400	0	1686	1642	6624	6617	2053	692
9170	9	170	127	115	123	98	111	6562	16400	0	1686	1642	6624	6617	2053	692
9171	9	171	127	115	123	98	111	6562	16400	0	1686	1642	6624	6617	2053	692
9172	9	172	127	115	123	98	111	6562	16400	0	1686	1642	6624	6617	2053	692
9173	9	173	127	115	123	98	111	6562	16400	0	1686	1642	6624	6617	2053	692
9174	9	174	127	115	123	98	111	6562	16400	0	1686	1642	6624	6617	2053	692
9175	9	175	127	115	123	98	111	6562	16400	0	1686	1642	6624	6617	2053	692
9176	9	176	127	115	123	98	111	6562	16400	0	1686	1642	6624	6617	2053	692
9177	9	177	127	115	123	98	111	6562	16400	0	1686	1642	6624	6617	2053	692
9178	9	178	127	115	123	98	111	6562	16400	0	1686	1642	6624	6617	2053	692
9179	9	179	127	115	123	98	111	6562	16400	0	1686	1642	6624	6617	2053	692
9180	9	180	127	115	123	98	111	6562	16400	0	1686	1642	6624	6617	2053	692
9181	9	181	127	115	123	98	111	6562	16400	0	1686	1642	6624	6617	2053	692
9182	9	182	127	115	123	98	111	6562	16400	0	1686	1642	6624	6617	2053	692
9183	9	183	127	115	123	98	111	6562	16400	0	1686	1642	6624	6617	2053	692
9184	9	184	127	115	123	98	111	6562	16400	0	1686	1642	6624	6617	2053	692
9185	9	185	127	115	123	98	111	6562	16400	0	1686	1642	6624	6617	2053	692
9186	9	186	127	115	123	98	111	6562	16400	0	1686	1642	6624	6617	2053	692
9187	9	187	127	115	123	98	111	6562	16400	0	1686	1642	6624	6617	2053	692
9188	9	188	127	115	123	98	111	6562	16400	0	1686	1642	6624	6617	2053	692
9189	9	189	127	115	123	98	111	6562	16400	0	1686	1642	6624	6617	2053	692
9190	9	190	127	115	123	98	111	6562	16400	0	1686	1642	6624	6617	2053	692
9191	9	191	127	115	123	98	111	6562	16400	0	1686	1642	6624	6617	2053	692
9192	9	192	127	115	123	98	111	6562	16400	0	1686	1642	6624	6617	2053	692
9193	9	193	127	115	123	98	111	6562	16400	0	1686	1642	6624	6617	2053	692
9194	9	194	127	115	123	98	111	6562	16400	0	1686	1642	6624	6617	2053	692
9195	9	195	127	115	123	98	111	6562	16400	0	1686	1642	6624	6617	2053	692
9196	9	196	127	115	123	98	111	6562	16400	0	1686	1642	6624	6617	2053	692
9197	9	197	127	115	123	98	111	6562	16400	0	1686	1642	6624	6617	2053	692
9198	9	198	127	115	123	98	111	6562	16400	0	1686	1642	6624	6617	2053	692
9199	9	199	127	115	123	98	111	6562	16400	0	1686	1642	6624	6617	2053	692
9200	9	200	127	115	123	98	111	6562	16400	0	1686	1642	6624	6617	2053	692
9201	9	201	127	115	123	98	111	6562	16400	0	1686	1642	6624	6617	2053	692
9202	9	202	127	115	123	98	111	6562	16400	0	1686	1642	6624	6617	2053	692
9203	9	203	127	115	123	98	111	6562	16400	0	1686	1642	6624	6617	2053	692
9204	9	204	127	115	123	98	111	6562	16400	0	1686	1642	6624	6617	2053	692
9205	9	205	127	115	123	98	111	6562	16400	0	1686	1642	6624	6617	2053	692
9206	9	206	127	115	123	98	111	6562	16400	0	1686	1642	6624	6617	2053	692
9207	9	207	127	115	123	98	111	6562	16400	0	1686	1642	6624	6617	2053	692
9208	9	208	127	115	123	98	111	6562	16400	0	1686	1642	6624	6617	2053	692
9209	9	209	127	115	123	98	111	6562	16400	0	1686	1642	6624	6617	2053	692
9210	9	210	127	115	123	98	111	6562	16400	0	1686	1642	6624	6617	2053	692
9211	9	211	127	115	123	98	111	6562	16400	0	1686	1642	6624	6617	2053	692
9212	9	212	127	115	123	98	111	6562	16400	0	1686	1642	6624	6617	2053	692
9213	9	213	127	115	123	98	111	6562	16400	0	1686	1642	6624	6617	2053	692
9214	9	214	127	115	123	98	111	6562	16400	0	1686	1642	6624	6617	2053	692
9215	9	215	127	115	123	98	111	6562	16400	0	1686	1642	6624	6617	2053	692
9216	9	216	127	115	123	98	111	6562	16400	0	1686	1642	6624	6617	2053	692
9217	9	217	127	115	123	98	111	6562	16400	0	1686	1642	6624	6617	2053	692
9218	9	218	127	115	123	98	111	6562	16400	0	1686	1642	6624	6617	2053	692
9219	9	219	127	115	123	98	111	6562	16400	0	1686	1642	6624	6617	2053	692
9220	9	220	127	115	123	98	111	6562	16400	0	1686	1642	6624	6617	2053	692
9221	9	221	127	115	123	98	111	6562	16400	0	1686	1642	6624	6617	2053	692
9222	9	222	127	115	123	98	111	6562	16400	0	1686	1642	6624	6617	2053	692
9223	9	223	127	115	123	98	111	6562	16400	0	1686	1642	6624	6617	2053	692
9224	9	224	127	115	123	98	111	6562	16400	0	1686	1642	6624	6617	2053	692
9225	9	225	127	115	123	98	111	6562	16400	0	1686	1642	6624	6617	2053	692
9226	9	226	127	115	123	98	111	6562	16400	0	1686	1642	6624	6617	2053	692
9227	9	227	127	115	123	98	111	6562	16400	0	1686	1642	6624	6617	2053	692
9228	9	228	127	115	123	98	111	6562	16400	0	1686	1642	6624	6617	2053	692
9229	9	229	127	115	123	98	111	6562	16400	0	1686	1642	6624	6617	2053	692
9230	9	230	127	115	123	98	111	6562	16400	0	1686	1642	6624	6617	2053	692
9231	9	231	127	115	123	98	111	6562	16400	0	1686	1642	6624	6617	2053	692
9232	9	232	127	115	123	98	111	6562	16400	0	1686	1642	6624	6617	2053	692
9233	9	233	127	115	123	98	111	6562	16400	0	1686	1642	6624	6617	2053	692
9234	9	234	127	115	123	98	111	6562	16400	0	1686	1642	6624	6617	2053	692
9235	9	235	127	115	123	98	111	6562	16400	0	1686	1642	6624	6617	2053	692
9236	9	236	127	115	123	98	111	6562	16400	0	1686	1642	6624	6617	2053	692
9237	9	237	127	115	123	98	111	6562	16400	0	1686	1642	6624	6617	2053	692
9238	9	238	127	115	123	98	111	6562	16400	0	1686	1642	6624	6617	2053	692
9239	9	239	127	115	123	98	111	6562	16400	0	1686	1642	6624	6617	2053	692
9240	9	240	127	115	123	98	111	6562	16400	0	1686	1642	6624	6617	2053	692
9241	9	241	127	115	123	98	111	6562	16400	0	1686	1642	6624	6617	2053	692
9242	9	242	127	115	123	98	111	6562	16400	0	1686	1642	6624	6617	2053	692
9243	9	243	127	115	123	98	111	6562	16400	0	1686	1642	6624	6617	2053	692
9244	9	244	127	115	123	98	111	6562	16400	0	1686	1642	6624	6617	2053	692
9245	9	245	127	115	123	98	111	6562	16400	0	1686	1642	6624	6617	2053	692
9246	9	246	127	115	123	98	111	6562	16400	0	1686	1642	6624	6617	2053	692
9247	9	247	127	115	123	98	111	6562	16400	0	1686	1642	6624	6617	2053	692
9248	9	248	127	115	123	98	111	6562	16400	0	1686	1642	6624	6617	2053	692
9249	9	249	127	115	123	98	111	6562	16400	0	1686	1642	6624	6617	2053	692
9250	9	250	127	115	123	98	111	6562	16400	0	1686	1642	6624	6617	2053	692
9251	9	251	127	115	123	98	111	6562	16400	0	1686	1642	6624	6617	2053	692
9252	9	252	127	115	123	98	111	6562	16400	0	1686	1642	6624	6617	2053	692
9253	9	253	127	115	123	98	111	6562	16400	0	1686	1642	6624	6617	2053	692
9254	9	254	127	115	123	98	111	6562	16400	0	1686	1642	6624	6617	2053	692
9255	9	255	127	115	123	98	111	6562	16400	0	1686	1642	6624	6617	2053	692
9256	9	256	127	115	123	98	111	6562	16400	0	1686	1642	6624	6617	2053	692
9257	9	257	127	115	123	98	111	6562	16400	0	1686	1642	6624	6617	2053	692
9258	9	258	127	115	123	98	111	6562	16400	0	1686	1642	6624	6617	2053	692
9259	9	259	127	115	123	98	111	6562	16400	0	1686	1642	6624	6617	2053	692
9260	9	260	127	115	123	98	111	6562	16400	0	1686	1642	6624	6617	2053	692
9261	9	261	127	115	123	98	111	6562	16400	0	1686	1642	6624	6617	2053	692
9262	9	262	127	115	123	98	111	6562	16400	0	1686	1642	6624	6617	2053	692
9263	9	263	127	115	123	98	111	6562	16400	0	1686	1642	6624	6617	2053	692
9264	9	264	127	115	123	98	111	6562	16400	0	1686	1642	6624	6617	2053	692
9265	9	265	127	115	123	98	111	6562	16400	0	1686	1642	6624	6617	2053	692
9266	9	266	127	115	123	98	111	6562	16400	0	1686	1642	6624	6617	2053	692
9267	9	267	127	115	123	98	111	6562	16400	0	1686	1642	6624	6617	2053	692
9268	9	268	127	115	123	98	111	6562	16400	0	1686	1642	6624	6617	2053	692
9269	9	269	127	115	123	98	111	6562	16400	0	1686	1642	6624	6617	2053	692
9270	9	270	127	115	123	98	111	6562	16400	0	1686	1642	6624	6617	2053	692
9271	9	271	127	115	123	98	111	6562	16400	0	1686	1642	6624	6617	2053	692
9272	9	272	127	115	123	98	111	6562	16400	0	1686	1642	6624	6617	2053	692
9273	9	273	127	115	123	98	111	6562	16400	0	1686	1642	6624	6617	2053	692
9274	9	274	127	115	123	98	111	6562	16400	0	1686	1642	6624	6617	2053	692
9275	9	275	127	115	123	98	111	6562	16400	0	1686	1642	6624	6617	2053	692
9276	9	276	127	115	123	98	111	6562	16400	0	1686	1642	6624	6617	2053	692
9277	9	277	127	115	123	98	111	6562	16400	0	1686	1642	6624	6617	2053	692
9278	9	278	127	115	123	98	111	6562	16400	0	1686	1642	6624	6617	2053	692
9279	9	279	127	115	123	98	111	6562	16400	0	1686	1642	6624	6617	2053	692
9280	9	280	127	115	123	98	111	6562	16400	0	1686	1642	6624	6617	2053	692
9281	9	281	127	115	123	98	111	6562	16400	0	1686	1642	6624	6617	2053	692
9282	9	282	127	115	123	98	111	6562	16400	0	1686	1642	6624	6617	2053	692
9283	9	283	127	115	123	98	111	6562	16400	0	1686	1642	6624	6617	2053	692
9284	9	284	127	115	123	98	111	6562	16400	0	1686	1642	6624	6617	2053	692
9285	9	285	127	115	123	98	111	6562	16400	0	1686	1642	6624	6617	2053	692
9286	9	286	127	115	123	98	111	6562	16400	0	1686	1642	6624	6617	2053	692
9287	9	287	127	115	123	98	111	6562	16400	0	1686	1642	6624	6617	2053	692
9288	9	288	127	115	123	98	111	6562	16400	0	1686	1642	6624	6617	2053	692
9289	9	289	127	115	123	98	111	6562	16400	0	1686	1642	6624	6617	2053	692
9290	9	290	127	115	123	98	111	6562	16400	0	1686	1642	6624	6617	2053	692
9291	9	291	127	115	123	98	111	6562	16400	0	1686	1642	6624	6617	2053	692
9292	9	292	127	115	123	98	111	6562	16400	0	1686	1642	6624	6617	2053	692
9293	9	293	127	115	123	98	111	6562	16400	0	1686	1642	6624	6617	2053	692
9294	9	294	127	115	123	98	111	6562	16400	0	1686	1642	6624	6617	2053	692
9295	9	295	127	115	123	98	111	6562	16400	0	1686	1642	6624	6617	2053	692
9296	9	296	127	115	123	98	111	6562	16400	0	1686	1642	6624	6617	2053	692
9297	9	297	127	115	123	98	111	6562	16400	0	1686	1642	6624	6617	2053	692
9298	9	298	127	115	123	98	111	6562	16400	0	1686	1642	6624	6617	2053	692
9299	9	299	127	115	123	98	111	6562	16400	0	1686	1642	6624	6617	2053	692
9300	9	300	127	115	123	98	111	6562	16400	0	1686	1642	6624	6617	2053	692
9301	9	301	127	115	123	98	111	6562	16400	0	1686	1642	6624	6617	2053	692
9302	9	302	127	115	123	98	111	6562	16400	0	1686	1642	6624	6617	2053	692
9303	9	303	127	115	123	98	111	6562	16400	0	1686	1642	6624	6617	2053	692
9304	9	304	127	115	123	98	111	6562	16400	0	1686	1642	6624	6617	2053	692
9305	9	305	127	115	123	98	111	6562	16400	0	1686	1642	6624	6617	2053	692
9306	9	306	127	115	123	98	111	6562	16400	0	1686	1642	6624	6617	2053	692
9307	9	307	127	115	123	98	111	6562	16400	0	1686	1642	6624	6617	2053	692
9308	9	308	127	115	123	98	111	6562	16400	0	1686	1642	6624	6617	2053	692
9309	9	309	127	115	123	98	111	6562	16400	0	1686	1642	6624	6617	2053	692
9310	9	310	127	115	123	98	111	6562	16400	0	1686	1642	6624	6617	2053	692
9311	9	311	127	115	123	98	111	6562	16400	0	1686	1642	6624	6617	2053	692
9312	9	312	127	115	123	98	111	6562	16400	0	1686	1642	6624	6617	2053	692
9313	9	313	127	115	123	98	111	6562	16400	0	1686	1642	6624	6617	2053	692
9314	9	314	127	115	123	98	111	6562	16400	0	1686	1642	6624	6617	2053	692
9315	9	315	127	115	123	98	111	6562	16400	0	1686	1642	6624	6617	2053	692
9316	9	316	127	115	123	98	111	6562	16400	0	1686	1642	6624	6617	2053	692
9317	9	317	127	115	123	98	111	6562	16400	0	1686	1642	6624	6617	2053	692
9318	9	318	127	115	123	98	111	6562	16400	0	1686	1642	6624	6617	2053	692
9319	9	319	127	115	123	98	111	6562	16400	0	1686	1642	6624	6617	2053	692
9320	9	320	127	115	123	98	111	6562	16400	0	1686	1642	6624	6617	2053	692
9321	9	321	127	115	123	98	111	6562	16400	0	1686	1642	6624	6617	2053	692
9322	9	322	127	115	123	98	111	6562	16400	0	1686	1642	6624	6617	2053	692
9323	9	323	127	115	123	98	111	6562	16400	0	1686	1642	6624	6617	2053	692
9324	9	324	127	115	123	98	111	6562	16400	0	1686	1642	6624	6617	2053	692
9325	9	325	127	115	123	98	111	6562	16400	0	1686	1642	6624	6617	2053	692
9326	9	326	127	115	123	98	111	6562	16400	0	1686	1642	6624	6617	2053	692
9327	9	327	127	115	123	98	111	6562	16400	0	1686	1642	6624	6617	2053	692
9328	9	328	127	115	123	98	111	6562	16400	0	1686	1642	6624	6617	2053	692
9329	9	329	127	115	123	98	111	6562	16400	0	1686	1642	6624	6617	2053	692
9330	9	330	127	115	123	98	111	6562	16400	0	1686	1642	6624	6617	2053	692
9331	9	331	127	115	123	98	111	6562	16400	0	1686	1642	6624	6617	2053	692
9332	9	332	127	115	123	98	111	6562	16400	0	1686	1642	6624	6617	2053	692
9333	9	333	127	115	123	98	111	6562	16400	0	1686	1642	6624	6617	2053	692
9334	9	334	127	115	123	98	111	6562	16400	0	1686	1642	6624	6617	2053	692
9335	9	335	127	115	123	98	111	6562	16400	0	1686	1642	6624	6617	2053	692
9336	9	336	127	115	123	98	111	6562	16400	0	1686	1642	6624	6617	2053	692
9337	9	337	127	115	123	98	111	6562	16400	0	1686	1642	6624	6617	2053	692
9338	9	338	127	115	123	98	111	6562	16400	0	1686	1642	6624	6617	2053	692
9339	9	339	127	115	123	98	111	6562	16400	0	1686	1642	6624	6617	2053	692
9340	9	340	127	115	123	98	111	6562	16400	0	1686	1642	6624	6617	2053	692
9341	9	341	127	115	123	98	111	6562	16400	0	1686	1642	6624	6617	2053	692
9342	9	342	127	115	123	98	111	6562	16400	0	1686	1642	6624	6617	2053	692
9343	9	343	127	115	123	98	111	6562	16400	0	1686	1642	6624	6617	2053	692
9344	9	344	127	115	123	98	111	6562	16400	0	1686	1642	6624	6617	2053	692
9345	9	345	127	115	123	98	111	6562	16400	0	1686	1642	6624	6617	2053	692
9346	9	346	127	115	123	98	111	6562	16400	0	1686	1642	6624	6617	2053	692
9347	9	347	127	115	123	98	111	6562	16400	0	1686	1642	6624	6617	2053	692
9348	9	348	127	115	123	98	111	6562	16400	0	1686	1642	6624	6617	2053	692
9349	9	349	127	115	123	98	111	6562	16400	0	1686	1642	6624	6617	2053	692
9350	9	350	127	115	123	98	111	6562	16400	0	1686	1642	6624	6617	2053	692
9351	9	351	127	115	123	98	111	6562	16400	0	1686	1642	6624	6617	2053	692
9352	9	352	127	115	123	98	111	6562	16400	0	1686	1642	6624	6617	2053	692
9353	9	353	127	115	123	98	111	6562	16400	0	1686	1642	6624	6617	2053	692
9354	9	354	127	115	123	98	111	6562	16400	0	1686	1642	6624	6617	2053	692
9355	9	355	127	115	123	98	111	6562	16400	0	1686	1642	6624	6617	2053	692
9356	9	356	127	115	123	98	111	6562	16400	0	1686	1642	6624	6617	2053	692
9357	9	357	127	115	123	98	111	6562	16400	0	1686	1642	6624	6617	2053	692
9358	9	358	127	115	123	98	111	6562	16400	0	1686	1642	6624	6617	2053	692
9359	9	359	127	115	123	98	111	6562	16400	0	1686	1642	6624	6617	2053	692
9360	9	360	127	115	123	98	111	6562	16400	0	1686	1642	6624	6617	2053	692
9361	9	361	127	115	123	98	111	6562	16400	0	1686	1642	6624	6617	2053	692
9362	9	362	127	115	123	98	111	6562	16400	0	1686	1642	6624	6617	2053	692
9363	9	363	127	115	123	98	111	6562	16400	0	1686	1642	6624	6617	2053	692
9364	9	364	127	115	123	98	111	6562	16400	0	1686	1642	6624	6617	2053	692
9365	9	365	127	115	123	98	111	6562	16400	0	1686	1642	6624	6617	2053	692
9366	9	366	127	115	123	98	111	6562	16400	0	1686	1642	6624	6617	2053	692
9367	9	367	127	115	123	98	111	6562	16400	0	1686	1642	6624	6617	2053	692
9368	9	368	127	115	123	98	111	6562	16400	0	1686	1642	6624	6617	2053	692
9369	9	369	127	115	123	98	111	6562	16400	0	1686	1642	6624	6617	2053	692
9370	9	370	127	115	123	98	111	6562	16400	0	1686	1642	6624	6617	2053	692
9371	9	371	127	115	123	98	111	6562	16400	0	1686	1642	6624	6617	2053	692
9372	9	372	127	115	123	98	111	6562	16400	0	1686	1642	6624	6617	2053	692
9373	9	373	127	115	123	98	111	6562	16400	0	1686	1642	6624	6617	2053	692
9374	9	374	127	115	123	98	111	6562	16400	0	1686	1642	6624	6617	2053	692
9375	9	375	127	115	123	98	111	6562	16400	0	1686	1642	6624	6617	2053	692
9376	9	376	127	115	123	98	111	6562	16400	0	1686	1642	6624	6617	2053	692
9377	9	377	127	115	123	98	111	6562	16400	0	1686	1642	6624	6617	2053	692
9378	9	378	127	115	123	98	111	6562	16400	0	1686	1642	6624	6617	2053	692
9379	9	379	127	115	123	98	111	6562	16400	0	1686	1642	6624	6617	2053	692
9380	9	380	127	115	123	98	111	6562	16400	0	1686	1642	6624	6617	2053	692
9381	9	381	127	115	123	98	111	6562	16400	0	1686	1642	6624	6617	2053	692
9382	9	382	127	115	123	98	111	6562	16400	0	1686	1642	6624	6617	2053	692
9383	9	383	127	115	123	98	111	6562	16400	0	1686	1642	6624	6617	2053	692
9384	9	384	127	115	123	98	111	6562	16400	0	1686	1642	6624	6617	2053	692
9385	9	385	127	115	123	98	111	6562	16400	0	1686	1642	6624	6617	2053	692
9386	9	386	127	115	123	98	111	6562	16400	0	1686	1642	6624	6617	2053	692
9387	9	387	127	115	123	98	111	6562	16400	0	1686	1642	6624	6617	2053	692
9388	9	388	127	115	123	98	111	6562	16400	0	1686	1642	6624	6617	2053	692
9389	9	389	127	115	123	98	111	6562	16400	0	1686	1642	6624	6617	2053	692
9390	9	390	127	115	123	98	111	6562	16400	0	1686	1642	6624	6617	2053	692
9391	9	391	127	115	123	98	111	6562	16400	0	1686	1642	6624	6617	2053	692
9392	9	392	127	115	123	98	111	6562	16400	0	1686	1642	6624	6617	2053	692
9393	9	393	127	115	123	98	111	6562	16400	0	1686	1642	6624	6617	2053	692
9394	9	394	127	115	123	98	111	6562	16400	0	1686	1642	6624	6617	2053	692
9395	9	395	127	115	123	98	111	6562	16400	0	1686	1642	6624	6617	2053	692
9396	9	396	127	115	123	98	111	6562	16400	0	1686	1642	6624	6617	2053	692
9397	9	397	127	115	123	98	111	6562	16400	0	1686	1642	6624	6617	2053	692
9398	9	398	127	115	123	98	111	6562	16400	0	1686	1642	6624	6617	2053	692
9399	9	399	127	115	123	98	111	6562	16400	0	1686	1642	6624	6617	2053	692
9400	9	400	127	115	123	98	111	6562	16400	0	1686	1642	6624	6617	2053	692
9401	9	401	127	115	123	98	111	6562	16400	0	1686	1642	6624	6617	2053	692
9402	9	402	127	115	123	98	111	6562	16400	0	1686	1642	6624	6617	2053	692
9403	9	403	127	115	123	98	111	6562	16400	0	1686	1642	6624	6617	2053	692
9404	9	404	127	115	123	98	111	6562	16400	0	1686	1642	6624	6617	2053	692
9405	9	405	127	115	123	98	111	6562	16400	0	1686	1642	6624	6617	2053	692
9406	9	406	127	115	123	98	111	6562	16400	0	1686	1642	6624	6617	2053	692
9407	9	407	127	115	123	98	111	6562	16400	0	1686	1642	6624	6617	2053	692
9408	9	408	127	115	123	98	111	6562	16400	0	1686	1642	6624	6617	2053	692
9409	9	409	127	115	123	98	111	6562	16400	0	1686	1642	6624	6617	2053	692
9410	9	410	127	115	123	98	111	6562	16400	0	1686	1642	6624	6617	2053	692
9411	9	411	127	115	123	98	111	6562	16400	0	1686	1642	6624	6617	2053	692
9412	9	412	127	115	123	98	111	6562	16400	0	1686	1642	6624	6617	2053	692
9413	9	413	127	115	123	98	111	6562	16400	0	1686	1642	6624	6617	2053	692
9414	9	414	127	115	123	98	111	6562	16400	0	1686	1642	6624	6617	2053	692
9415	9	415	127	115	123	98	111	6562	16400	0	1686	1642	6624	6617	2053	692
9416	9	416	127	115	123	98	111	6562	16400	0	1686	1642	6624	6617	2053	692
9417	9	417	127	115	123	98	111	6562	16400	0	1686	1642	6624	6617	2053	692
9418	9	418	127	115	123	98	111	6562	16400	0	1686	1642	6624	6617	2053	692
9419	9	419	127	115	123	98	111	6562	16400	0	1686	1642	6624	6617	2053	692
9420	9	420	127	115	123	98	111	6562	16400	0	1686	1642	6624	6617	2053	692
9421	9	421	127	115	123	98	111	6562	16400	0	1686	1642	6624	6617	2053	692
9422	9	422	127	115	123	98	111	6562	16400	0	1686	1642	6624	6617	2053	692
9423	9	423	127	115	123	98	111	6562	16400	0	1686	1642	6624	6617	2053	692
9424	9	424	127	115	123	98	111	6562	16400	0	1686	1642	6624	6617	2053	692
9425	9	425	127	115	123	98	111	6562	16400	0	1686	1642	6624	6617	2053	692
9426	9	426	127	115	123	98	111	6562	16400	0	1686	1642	6624	6617	2053	692
9427	9	427	127	115	123	98	111	6562	16400	0	1686	1642	6624	6617	2053	692
9428	9	428	127	115	123	98	111	6562	16400	0	1686	1642	6624	6617	2053	692
9429	9	429	127	115	123	98	111	6562	16400	0	1686	1642	6624	6617	2053	692
9430	9	430	127	115	123	98	111	6562	16400	0	1686	1642	6624	6617	2053	692
9431	9	431	127	115	123	98	111	6562	16400	0	1686	1642	6624	6617	2053	692
9432	9	432	127	115	123	98	111	6562	16400	0	1686	1642	6624	6617	2053	692
9433	9	433	127	115	123	98	111	6562	16400	0	1686	1642	6624	6617	2053	692
9434	9	434	127	115	123	98	111	6562	16400	0	1686	1642	6624	6617	2053	692
9435	9	435	127	115	123	98	111	6562	16400	0	1686	1642	6624	6617	2053	692
9436	9	436	127	115	123	98	111	6562	16400	0	1686	1642	6624	6617	2053	692
9437	9	437	127	115	123	98	111	6562	16400	0	1686	1642	6624	6617	2053	692
9438	9	438	127	115	123	98	111	6562	16400	0	1686	1642	6624	6617	2053	692
9439	9	439	127	115	123	98	111	6562	16400	0	1686	1642	6624	6617	2053	692
9440	9	440	127	115	123	98	111	6562	16400	0	1686	1642	6624	6617	2053	692
9441	9	441	127	115	123	98	111	6562	16400	0	1686	1642	6624	6617	2053	692
9442	9	442	127	115	123	98	111	6562	16400	0	1686	1642	6624	6617	2053	692
9443	9	443	127	115	123	98	111	6562	16400	0	1686	1642	6624	6617	2053	692
9444	9	444	127	115	123	98	111	6562	16400	0	1686	1642	6624	6617	2053	692
9445	9	445	127	115	123	98	111	6562	16400	0	1686	1642	6624	6617	2053	692
9446	9	446	127	115	123	98	111	6562	16400	0	1686	1642	6624	6617	2053	692
9447	9	447	127	115	123	98	111	6562	16400	0	1686	1642	6624	6617	2053	692
9448	9	448	127	115	123	98	111	6562	16400	0	1686	1642	6624	6617	2053	692
9449	9	449	127	115	123	98	111	6562	16400	0	1686	1642	6624	6617	2053	692
9450	9	450	127	115	123	98	111	6562	16400	0	1686	1642	6624	6617	2053	692
9451	9	451	127	115	123	98	111	6562	16400	0	1686	1642	6624	6617	2053	692
9452	9	452	127	115	123	98	111	6562	16400	0	1686	1642	6624	6617	2053	692
9453	9	453	127	115	123	98	111	6562	16400	0	1686	1642	6624	6617	2053	692
9454	9	454	127	115	123	98	111	6562	16400	0	1686	1642	6624	6617	2053	692
9455	9	455	127	115	123	98	111	6562	16400	0	1686	1642	6624	6617	2053	692
9456	9	456	127	115	123	98	111	6562	16400	0	1686	1642	6624	6617	2053	692
9457	9	457	127	115	123	98	111	6562	16400	0	1686	1642	6624	6617	2053	692
9458	9	458	127	115	123	98	111	6562	16400	0	1686	1642	6624	6617	2053	692
9459	9	459	127	115	123	98	111	6562	16400	0	1686	1642	6624	6617	2053	692
9460	9	460	127	115	123	98	111	6562	16400	0	1686	1642	6624	6617	2053	692
9461	9	461	127	115	123	98	111	6562	16400	0	1686	1642	6624	6617	2053	692
9462	9	462	127	115	123	98	111	6562	16400	0	1686	1642	6624	6617	2053	692
9463	9	463	127	115	123	98	111	6562	16400	0	1686	1642	6624	6617	2053	692
9464	9	464	127	115	123	98	111	6562	16400	0	1686	1642	6624	6617	2053	692
9465	9	465	127	115	123	98	111	6562	16400	0	1686	1642	6624	6617	2053	692
9466	9	466	127	115	123	98	111	6562	16400	0	1686	1642	6624	6617	2053	692
9467	9	467	127	115	123	98	111	6562	16400	0	1686	1642	6624	6617	2053	692
9468	9	468	127	115	123	98	111	6562	16400	0	1686	1642	6624	6617	2053	692
9469	9	469	127	115	123	98	111	6562	16400	0	1686	1642	6624	6617	2053	692
9470	9	470	127	115	123	98	111	6562	16400	0	1686	1642	6624	6617	2053	692
9471	9	471	127	115	123	98	111	6562	16400	0	1686	1642	6624	6617	2053	692
9472	9	472	127	115	123	98	111	6562	16400	0	1686	1642	6624	6617	2053	692
9473	9	473	127	115	123	98	111	6562	16400	0	1686	1642	6624	6617	2053	692
9474	9	474	127	115	123	98	111	6562	16400	0	1686	1642	6624	6617	2053	692
9475	9	475	127	115	123	98	111	6562	16400	0	1686	1642	6624	6617	2053	692
9476	9	476	127	115	123	98	111	6562	16400	0	1686	1642	6624	6617	2053	692
9477	9	477	127	115	123	98	111	6562	16400	0	1686	1642	6624	6617	2053	692
9478	9	478	127	115	123	98	111	6562	16400	0	1686	1642	6624	6617	2053	692
9479	9	479	127	115	123	98	111	6562	16400	0	1686	1642	6624	6617	2053	692
9480	9	480	127	115	123	98	111	6562	16400	0	1686	1642	6624	6617	2053	692
9481	9	481	127	115	123	98	111	6562	16400	0	1686	1642	6624	6617	2053	692
9482	9	482	127	115	123	98	111	6562	16400	0	1686	1642	6624	6617	2053	692
9483	9	483	127	115	123	98	111	6562	16400	0	1686	1642	6624	6617	2053	692
9484	9	484	127	115	123	98	111	6562	16400	0	1686	1642	6624	6617	2053	692
9485	9	485	127	115	123	98	111	6562	16400	0	1686	1642	6624	6617	2053	692
9486	9	486	127	115	123	98	111	6562	16400	0	1686	1642	6624	6617	2053	692
9487	9	487	127	115	123	98	111	6562	16400	0	1686	1642	6624	6617	2053	692
9488	9	488	127	115	123	98	111	6562	16400	0	1686	1642	6624	6617	2053	692
9489	9	489	127	115	123	98	111	6562	16400	0	1686	1642	6624	6617	2053	692
9490	9	490	127	115	123	98	111	6562	16400	0	1686	1642	6624	6617	2053	692
9491	9	491	127	115	123	98	111	6562	16400	0	1686	1642	6624	6617	2053	692
9492	9	492	127	115	123	98	111	6562	16400	0	1686	1642	6624	6617	2053	692
9493	9	493	127	115	123	98	111	6562	16400	0	1686	1642	6624	6617	2053	692
9494	9	494	127	115	123	98	111	6562	16400	0	1686	1642	6624	6617	2053	692
9495	9	495	127	115	123	98	111	6562	16400	0	1686	1642	6624	6617	2053	692
9496	9	496	127	115	123	98	111	6562	16400	0	1686	1642	6624	6617	2053	692
9497	9	497	127	115	123	98	111	6562	16400	0	1686	1642	6624	6617	2053	692
9498	9	498	127	115	123	98	111	6562	16400	0	1686	1642	6624	6617	2053	692
9499	9	499	127	115	123	98	111	6562	16400	0	1686	1642	6624	6617	2053	692
9500	9	500	127	115	123	98	111	6562	16400	0	1686	1642	6624	6617	2053	692
9501	9	501	127	115	123	98	111	6562	16400	0	1686	1642	6624	6617	2053	692
9502	9	502	127	115	123	98	111	6562	16400	0	1686	1642	6624	6617	2053	692
9503	9	503	127	115	123	98	111	6562	16400	0	1686	1642	6624	6617	2053	692
9504	9	504	127	115	123	98	111	6562	16400	0	1686	1642	6624	6617	2053	692
9505	9	505	127	115	123	98	111	6562	16400	0	1686	1642	6624	6617	2053	692
9506	9	506	127	115	123	98	111	6562	16400	0	1686	1642	6624	6617	2053	692
9507	9	507	127	115	123	98	111	6562	16400	0	1686	1642	6624	6617	2053	692
9508	9	508	127	115	123	98	111	6562	16400	0	1686	1642	6624	6617	2053	692
9509	9	509	127	115	123	98	111	6562	16400	0	1686	1642	6624	6617	2053	692
9510	9	510	127	115	123	98	111	6562	16400	0	1686	1642	6624	6617	2053	692
9511	9	511	127	115	123	98	111	6562	16400	0	1686	1642	6624	6617	2053	692
9512	9	512	127	115	123	98	111	6562	16400	0	1686	1642	6624	6617	2053	692
9513	9	513	127	115	123	98	111	6562	16400	0	1686	1642	6624	6617	2053	692
9514	9	514	127	115	123	98	111	6562	16400	0	1686	1642	6624	6617	2053	692
9515	9	515	127	115	123	98	111	6562	16400	0	1686	1642	6624	6617	2053	692
9516	9	516	127	115	123	98	111	6562	16400	0	1686	1642	6624	6617	2053	692
9517	9	517	127	115	123	98	111	6562	16400	0	1686	1642	6624	6617	2053	692
9518	9	518	127	115	123	98	111	6562	16400	0	1686	1642	6624	6617	2053	692
9519	9	519	127	115	123	98	111	6562	16400	0	1686	1642	6624	6617	2053	692
9520	9	520	127	115	123	98	111	6562	16400	0	1686	1642	6624	6617	2053	692
9521	9	521	127	115	123	98	111	6562	16400	0	1686	1642	6624	6617	2053	692
9522	9	522	127	115	123	98	111	6562	16400	0	1686	1642	6624	6617	2053	692
9523	9	523	127	115	123	98	111	6562	16400	0	1686	1642	6624	6617	2053	692
9524	9	524	127	115	123	98	111	6562	16400	0	1686	1642	6624	6617	2053	692
9525	9	525	127	115	123	98	111	6562	16400	0	1686	1642	6624	6617	2053	692
9526	9	526	127	115	123	98	111	6562	16400	0	1686	1642	6624	6617	2053	692
9527	9	527	127	115	123	98	111	6562	16400	0	1686	1642	6624	6617	2053	692
9528	9	528	127	115	123	98	111	6562	16400	0	1686	1642	6624	6617	2053	692
9529	9	529	127	115	123	98	111	6562	16400	0	1686	1642	6624	6617	2053	692
9530	9	530	127	115	123	98	111	6562	16400	0	1686	1642	6624	6617	2053	692
9531	9	531	127	115	123	98	111	6562	16400	0	1686	1642	6624	6617	2053	692
9532	9	532	127	115	123	98	111	6562	16400	0	1686	1642	6624	6617	2053	692
9533	9	533	127	115	123	98	111	6562	16400	0	1686	1642	6624	6617	2053	692
9534	9	534	127	115	123	98	111	6562	16400	0	1686	1642	6624	6617	2053	692
9535	9	535	127	115	123	98	111	6562	16400	0	1686	1642	6624	6617	2053	692
9536	9	536	127	115	123	98	111	6562	16400	0	1686	1642	6624	6617	2053	692
9537	9	537	127	115	123	98	111	6562	16400	0	1686	1642	6624	6617	2053	692
9538	9	538	127	115	123	98	111	6562	16400	0	1686	1642	6624	6617	2053	692
9539	9	539	127	115	123	98	111	6562	16400	0	1686	1642	6624	6617	2053	692
9540	9	540	127	115	123	98	111	6562	16400	0	1686	1642	6624	6617	2053	692
9541	9	541	127	115	123	98	111	6562	16400	0	1686	1642	6624	6617	2053	692
9542	9	542	127	115	123	98	111	6562	16400	0	1686	1642	6624	6617	2053	692
9543	9	543	127	115	123	98	111	6562	16400	0	1686	1642	6624	6617	2053	692
9544	9	544	127	115	123	98	111	6562	16400	0	1686	1642	6624	6617	2053	692
9545	9	545	127	115	123	98	111	6562	16400	0	1686	1642	6624	6617	2053	692
9546	9	546	127	115	123	98	111	6562	16400	0	1686	1642	6624	6617	2053	692
9547	9	547	127	115	123	98	111	6562	16400	0	1686	1642	6624	6617	2053	692
9548	9	548	127	115	123	98	111	6562	16400	0	1686	1642	6624	6617	2053	692
9549	9	549	127	115	123	98	111	6562	16400	0	1686	1642	6624	6617	2053	692
9550	9	550	127	115	123	98	111	6562	16400	0	1686	1642	6624	6617	2053	692
9551	9	551	127	115	123	98	111	6562	16400	0	1686	1642	6624	6617	2053	692
9552	9	552	127	115	123	98	111	6562	16400	0	1686	1642	6624	6617	2053	692
9553	9	553	127	115	123	98	111	6562	16400	0	1686	1642	6624	6617	2053	692
9554	9	554	127	115	123	98	111	6562	16400	0	1686	1642	6624	6617	2053	692
9555	9	555	127	115	123	98	111	6562	16400	0	1686	1642	6624	6617	2053	692
9556	9	556	127	115	123	98	111	6562	16400	0	1686	1642	6624	6617	2053	692
9557	9	557	127	115	123	98	111	6562	16400	0	1686	1642	6624	6617	2053	692
9558	9	558	127	115	123	98	111	6562	16400	0	1686	1642	6624	6617	2053	692
9559	9	559	127	115	123	98	111	6562	16400	0	1686	1642	6624	6617	2053	692
9560	9	560	127	115	123	98	111	6562	16400	0	1686	1642	6624	6617	2053	692
9561	9	561	127	115	123	98	111	6562	16400	0	1686	1642	6624	6617	2053	692
9562	9	562	127	115	123	98	111	6562	16400	0	1686	1642	6624	6617	2053	692
9563	9	563	127	115	123	98	111	6562	16400	0	1686	1642	6624	6617	2053	692
9564	9	564	127	115	123	98	111	6562	16400	0	1686	1642	6624	6617	2053	692
9565	9	565	127	115	123	98	111	6562	16400	0	1686	1642	6624	6617	2053	692
9566	9	566	127	115	123	98	111	6562	16400	0	1686	1642	6624	6617	2053	692
9567	9	567	127	115	123	98	111	6562	16400	0	1686	1642	6624	6617	2053	692
9568	9	568	127	115	123	98	111	6562	16400	0	1686	1642	6624	6617	2053	692
9569	9	569	127	115	123	98	111	6562	16400	0	1686	1642	6624	6617	2053	692
9570	9	570	127	115	123	98	111	6562	16400	0	1686	1642	6624	6617	2053	692
9571	9	571	127	115	123	98	111	6562	16400	0	1686	1642	6624	6617	2053	692
9572	9	572	127	115	123	98	111	6562	16400	0	1686	1642	6624	6617	2053	692
9573	9	573	127	115	123	98	111	6562	16400	0	1686	1642	6624	6617	2053	692
9574	9	574	127	115	123	98	111	6562	16400	0	1686	1642	6624	6617	2053	692
9575	9	575	127	115	123	98	111	6562	16400	0	1686	1642	6624	6617	2053	692
9576	9	576	127	115	123	98	111	6562	16400	0	1686	1642	6624	6617	2053	692
9577	9	577	127	115	123	98	111	6562	16400	0	1686	1642	6624	6617	2053	692
9578	9	578	127	115	123	98	111	6562	16400	0	1686	1642	6624	6617	2053	692
9579	9	579	127	115	123	98	111	6562	16400	0	1686	1642	6624	6617	2053	692
9580	9	580	127	115	123	98	111	6562	16400	0	1686	1642	6624	6617	2053	692
9581	9	581	127	115	123	98	111	6562	16400	0	1686	1642	6624	6617	2053	692
9582	9	582	127	115	123	98	111	6562	16400	0	1686	1642	6624	6617	2053	692
9583	9	583	127	115	123	98	111	6562	16400	0	1686	1642	6624	6617	2053	692
9584	9	584	127	115	123	98	111	6562	16400	0	1686	1642	6624	6617	2053	692
9585	9	585	127	115	123	98	111	6562	16400	0	1686	1642	6624	6617	2053	692
9586	9	586	127	115	123	98	111	6562	16400	0	1686	1642	6624	6617	2053	692
9587	9	587	127	115	123	98	111	6562	16400	0	1686	1642	6624	6617	2053	692
9588	9	588	127	115	123	98	111	6562	16400	0	1686	1642	6624	6617	2053	692
9589	9	589	127	115	123	98	111	6562	16400	0	1686	1642	6624	6617	2053	692
9590	9	590	127	115	123	98	111	6562	16400	0	1686	1642	6624	6617	2053	692
9591	9	591	127	115	123	98	111	6562	16400	0	1686	1642	6624	6617	2053	692
9592	9	592	127	115	123	98	111	6562	16400	0	1686	1642	6624	6617	2053	692
9593	9	593	127	115	123	98	111	6562	16400	0	1686	1642	6624	6617	2053	692
9594	9	594	127	115	123	98	111	6562	16400	0	1686	1642	6624	6617	2053	692
9595	9	595	127	115	123	98	111	6562	16400	0	1686	1642	6624	6617	2053	692
9596	9	596	127	115	123	98	111	6562	16400	0	1686	1642	6624	6617	2053	692
9597	9	597	127	115	123	98	111	6562	16400	0	1686	1642	6624	6617	2053	692
9598	9	598	127	115	123	98	111	6562	16400	0	1686	1642	6624	6617	2053	692
9599	9	599	127	115	123	98	111	6562	16400	0	1686	1642	6624	6617	2053	692
9600	9	600	127	115	123	98	111	6562	16400	0	1686	1642	6624	6617	2053	692
9601	9	601	127	115	123	98	111	6562	16400	0	1686	1642	6624	6617	2053	692
9602	9	602	127	115	123	98	111	6562	16400	0	1686	1642	6624	6617	2053	692
9603	9	603	127	115	123	98	111	6562	16400	0	1686	1642	6624	6617	2053	692
9604	9	604	127	115	123	98	111	6562	16400	0	1686	1642	6624	6617	2053	692
9605	9	605	127	115	123	98	111	6562	16400	0	1686	1642	6624	6617	2053	692
9606	9	606	127	115	123	98	111	6562	16400	0	1686	1642	6624	6617	2053	692
9607	9	607	127	115	123	98	111	6562	16400	0	1686	1642	6624	6617	2053	692
9608	9	608	127	115	123	98	111	6562	16400	0	1686	1642	6624	6617	2053	692
9609	9	609	127	115	123	98	111	6562	16400	0	1686	1642	6624	6617	2053	692
9610	9	610	127	115	123	98	111	6562	16400	0	1686	1642	6624	6617	2053	692
9611	9	611	127	115	123	98	111	6562	16400	0	1686	1642	6624	6617	2053	692
9612	9	612	127	115	123	98	111	6562	16400	0	1686	1642	6624	6617	2053	692
9613	9	613	127	115	123	98	111	6562	16400	0	1686	1642	6624	6617	2053	692
9614	9	614	127	115	123	98	111	6562	16400	0	1686	1642	6624	6617	2053	692
9615	9	615	127	115	123	98	111	6562	16400	0	1686	1642	6624	6617	2053	692
9616	9	616	127	115	123	98	111	6562	16400	0	1686	1642	6624	6617	2053	692
9617	9	617	127	115	123	98	111	6562	16400	0	1686	1642	6624	6617	2053	692
9618	9	618	127	115	123	98	111	6562	16400	0	1686	1642	6624	6617	2053	692
9619	9	619	127	115	123	98	111	6562	16400	0	1686	1642	6624	6617	2053	692
9620	9	620	127	115	123	98	111	6562	16400	0	1686	1642	6624	6617	2053	692
9621	9	621	127	115	123	98	111	6562	16400	0	1686	1642	6624	6617	2053	692
9622	9	622	127	115	123	98	111	6562	16400	0	1686	1642	6624	6617	2053	692
9623	9	623	127	115	123	98	111	6562	16400	0	1686	1642	6624	6617	2053	692
9624	9	624	127	115	123	98	111	6562	16400	0	1686	1642	6624	6617	2053	692
9625	9	625	127	115	123	98	111	6562	16400	0	1686	1642	6624	6617	2053	692
9626	9	626	127	115	123	98	111	6562	16400	0	1686	1642	6624	6617	2053	692
9627	9	627	127	115	123	98	111	6562	16400	0	1686	1642	6624	6617	2053	692
9628	9	628	127	115	123	98	111	6562	16400	0	1686	1642	6624	6617	2053	692
9629	9	629	127	115	123	98	111	6562	16400	0	1686	1642	6624	6617	2053	692
9630	9	630	127	115	123	98	111	6562	16400	0	1686	1642	6624	6617	2053	692
9631	9	631	127	115	123	98	111	6562	16400	0	1686	1642	6624	6617	2053	692
9632	9	632	127	115	123	98	111	6562	16400	0	1686	1642	6624	6617	2053	692
9633	9	633	127	115	123	98	111	6562	16400	0	1686	1642	6624	6617	2053	692
9634	9	634	127	115	123	98	111	6562	16400	0	1686	1642	6624	6617	2053	692
9635	9	635	127	115	123	98	111	6562	16400	0	1686	1642	6624	6617	2053	692
9636	9	636	127	115	123	98	111	6562	16400	0	1686	1642	6624	6617	2053	692
9637	9	637	127	115	123	98	111	6562	16400	0	1686	1642	6624	6617	2053	692
9638	9	638	127	115	123	98	111	6562	16400	0	1686	1642	6624	6617	2053	692
9639	9	639	127	115	123	98	111	6562	16400	0	1686	1642	6624	6617	2053	692
9640	9	640	127	115	123	98	111	6562	16400	0	1686	1642	6624	6617	2053	692
9641	9	641	127	115	123	98	111	6562	16400	0	1686	1642	6624	6617	2053	692
9642	9	642	127	115	123	98	111	6562	16400	0	1686	1642	6624	6617	2053	692
9643	9	643	127	115	123	98	111	6562	16400	0	1686	1642	6624	6617	2053	692
9644	9	644	127	115	123	98	111	6562	16400	0	1686	1642	6624	6617	2053	692
9645	9	645	127	115	123	98	111	6562	16400	0	1686	1642	6624	6617	2053	692
9646	9	646	127	115	123	98	111	6562	16400	0	1686	1642	6624	6617	2053	692
9647	9	647	127	115	123	98	111	6562	16400	0	1686	1642	6624	6617	2053	692
9648	9	648	127	115	123	98	111	6562	16400	0	1686	1642	6624	6617	2053	692
9649	9	649	127	115	123	98	111	6562	16400	0	1686	1642	6624	6617	2053	692
9650	9	650	127	115	123	98	111	6562	16400	0	1686	1642	6624	6617	2053	692
9651	9	651	127	115	123	98	111	6562	16400	0	1686	1642	6624	6617	2053	692
9652	9	652	127	115	123	98	111	6562	16400	0	1686	1642	6624	6617	2053	692
9653	9	653	127	115	123	98	111	6562	16400	0	1686	1642	6624	6617	2053	692
9654	9	654	127	115	123	98	111	6562	16400	0	1686	1642	6624	6617	2053	692
9655	9	655	127	115	123	98	111	6562	16400	0	1686	1642	6624	6617	2053	692
9656	9	656	127	115	123	98	111	6562	16400	0	1686	1642	6624	6617	2053	692
9657	9	657	127	115	123	98	111	6562	16400	0	1686	1642	6624	6617	2053	692
9658	9	658	127	115	123	98	111	6562	16400	0	1686	1642	6624	6617	2053	692
9659	9	659	127	115	123	98	111	6562	16400	0	1686	1642	6624	6617	2053	692
9660	9	660	127	115	123	98	111	6562	16400	0	1686	1642	6624	6617	2053	692
9661	9	661	127	115	123	98	111	6562	16400	0	1686	1642	6624	6617	2053	692
9662	9	662	127	115	123	98	111	6562	16400	0	1686	1642	6624	6617	2053	692
9663	9	663	127	115	123	98	111	6562	16400	0	1686	1642	6624	6617	2053	692
9664	9	664	127	115	123	98	111	6562	16400	0	1686	1642	6624	6617	2053	692
9665	9	665	127	115	123	98	111	6562	16400	0	1686	1642	6624	6617	2053	692
9666	9	666	127	115	123	98	111	6562	16400	0	1686	1642	6624	6617	2053	692
9667	9	667	127	115	123	98	111	6562	16400	0	1686	1642	6624	6617	2053	692
9668	9	668	127	115	123	98	111	6562	16400	0	1686	1642	6624	6617	2053	692
9669	9	669	127	115	123	98	111	6562	16400	0	1686	1642	6624	6617	2053	692
9670	9	670	127	115	123	98	111	6562	16400	0	1686	1642	6624	6617	2053	692
9671	9	671	127	115	123	98	111	6562	16400	0	1686	1642	6624	6617	2053	692
9672	9	672	127	115	123	98	111	6562	16400	0	1686	1642	6624	6617	2053	692
9673	9	673	127	115	123	98	111	6562	16400	0	1686	1642	6624	6617	2053	692
9674	9	674	127	115	123	98	111	6562	16400	0	1686	1642	6624	6617	2053	692
9675	9	675	127	115	123	98	111	6562	16400	0	1686	1642	6624	6617	2053	692
9676	9	676	127	115	123	98	111	6562	16400	0	1686	1642	6624	6617	2053	692
9677	9	677	127	115	123	98	111	6562	16400	0	1686	1642	6624	6617	2053	692
9678	9	678	127	115	123	98	111	6562	16400	0	1686	1642	6624	6617	2053	692
9679	9	679	127	115	123	98	111	6562	16400	0	1686	1642	6624	6617	2053	692
9680	9	680	127	115	123	98	111	6562	16400	0	1686	1642	6624	6617	2053	692
9681	9	681	127	115	123	98	111	6562	16400	0	1686	1642	6624	6617	2053	692
9682	9	682	127	115	123	98	111	6562	16400	0	1686	1642	6624	6617	2053	692
9683	9	683	127	115	123	98	111	6562	16400	0	1686	1642	6624	6617	2053	692
9684	9	684	127	115	123	98	111	6562	16400	0	1686	1642	6624	6617	2053	692
9685	9	685	127	115	123	98	111	6562	16400	0	1686	1642	6624	6617	2053	692
9686	9	686	127	115	123	98	111	6562	16400	0	1686	1642	6624	6617	2053	692
9687	9	687	127	115	123	98	111	6562	16400	0	1686	1642	6624	6617	2053	692
9688	9	688	127	115	123	98	111	6562	16400	0	1686	1642	6624	6617	2053	692
9689	9	689	127	115	123	98	111	6562	16400	0	1686	1642	6624	6617	2053	692
9690	9	690	127	115	123	98	111	6562	16400	0	1686	1642	6624	6617	2053	692
9691	9	691	127	115	123	98	111	6562	16400	0	1686	1642	6624	6617	2053	692
9692	9	692	127	115	123	98	111	6562	16400	0	1686	1642	6624	6617	2053	692
9693	9	693	127	115	123	98	111	6562	16400	0	1686	1642	6624	6617	2053	692
9694	9	694	127	115	123	98	111	6562	16400	0	1686	1642	6624	6617	2053	692
9695	9	695	127	115	123	98	111	6562	16400	0	1686	1642	6624	6617	2053	692
9696	9	696	127	115	123	98	111	6562	16400	0	1686	1642	6624	6617	2053	692
9697	9	697	127	115	123	98	111	6562	16400	0	1686	1642	6624	6617	2053	692
9698	9	698	127	115	123	98	111	6562	16400	0	1686	1642	6624	6617	2053	692
9699	9	699	127	115	123	98	111	6562	16400	0	1686	1642	6624	6617	2053	692
9700	9	700	127	115	123	98	111	6562	16400	0	1686	1642	6624	6617	2053	692
9701	9	701	127	115	123	98	111	6562	16400	0	1686	1642	6624	6617	2053	692
9702	9	702	127	115	123	98	111	6562	16400	0	1686	1642	6624	6617	2053	692
9703	9	703	127	115	123	98	111	6562	16400	0	1686	1642	6624	6617	2053	692
9704	9	704	127	115	123	98	111	6562	16400	0	1686	1642	6624	6617	2053	692
9705	9	705	127	115	123	98	111	6562	16400	0	1686	1642	6624	6617	2053	692
9706	9	706	127	115	123	98	111	6562	16400	0	1686	1642	6624	6617	2053	692
9707	9	707	127	115	123	98	111	6562	16400	0	1686	1642	6624	6617	2053	692
9708	9	708	127	115	123	98	111	6562	16400	0	1686	1642	6624	6617	2053	692
9709	9	709	127	115	123	98	111	6562	16400	0	1686	1642	6624	6617	2053	692
9710	9	710	127	115	123	98	111	6562	16400	0	1686	1642	6624	6617	2053	692
9711	9	711	127	115	123	98	111	6562	16400	0	1686	1642	6624	6617	2053	692
9712	9	712	127	115	123	98	111	6562	16400	0	1686	1642	6624	6617	2053	692
9713	9	713	127	115	123	98	111	6562	16400	0	1686	1642	6624	6617	2053	692
9714	9	714	127	115	123	98	111	6562	16400	0	1686	1642	6624	6617	2053	692
9715	9	715	127	115	123	98	111	6562	16400	0	1686	1642	6624	6617	2053	692
9716	9	716	127	115	123	98	111	6562	16400	0	1686	1642	6624	6617	2053	692
9717	9	717	127	115	123	98	111	6562	16400	0	1686	1642	6624	6617	2053	692
9718	9	718	127	115	123	98	111	6562	16400	0	1686	1642	6624	6617	2053	692
9719	9	719	127	115	123	98	111	6562	16400	0	1686	1642	6624	6617	2053	692
9720	9	720	127	115	123	98	111	6562	16400	0	1686	1642	6624	6617	2053	692
9721	9	721	127	115	123	98	111	6562	16400	0	1686	1642	6624	6617	2053	692
9722	9	722	127	115	123	98	111	6562	16400	0	1686	1642	6624	6617	2053	692
9723	9	723	127	115	123	98	111	6562	16400	0	1686	1642	6624	6617	2053	692
9724	9	724	127	115	123	98	111	6562	16400	0	1686	1642	6624	6617	2053	692
9725	9	725	127	115	123	98	111	6562	16400	0	1686	1642	6624	6617	2053	692
9726	9	726	127	115	123	98	111	6562	16400	0	1686	1642	6624	6617	2053	692
9727	9	727	127	115	123	98	111	6562	16400	0	1686	1642	6624	6617	2053	692
9728	9	728	127	115	123	98	111	6562	16400	0	1686	1642	6624	6617	2053	692
9729	9	729	127	115	123	98	111	6562	16400	0	1686	1642	6624	6617	2053	692
9730	9	730	127	115	123	98	111	6562	16400	0	1686	1642	6624	6617	2053	692
9731	9	731	127	115	123	98	111	6562	16400	0	1686	1642	6624	6617	2053	692
9732	9	732	127	115	123	98	111	6562	16400	0	1686	1642	6624	6617	2053	692
9733	9	733	127	115	123	98	111	6562	16400	0	1686	1642	6624	6617	2053	692
9734	9	734	127	115	123	98	111	6562	16400	0	1686	1642	6624	6617	2053	692
9735	9	735	127	115	123	98	111	6562	16400	0	1686	1642	6624	6617	2053	692
9736	9	736	127	115	123	98	111	6562	16400	0	1686	1642	6624	6617	2053	692
9737	9	737	127	115	123	98	111	6562	16400	0	1686	1642	6624	6617	2053	692
9738	9	738	127	115	123	98	111	6562	16400	0	1686	1642	6624	6617	2053	692
9739	9	739	127	115	123	98	111	6562	16400	0	1686	1642	6624	6617	2053	692
9740	9	740	127	115	123	98	111	6562	16400	0	1686	1642	6624	6617	2053	692
9741	9	741	127	115	123	98	111	6562	16400	0	1686	1642	6624	6617	2053	692
9742	9	742	127	115	123	98	111	6562	16400	0	1686	1642	6624	6617	2053	692
9743	9	743	127	115	123	98	111	6562	16400	0	1686	1642	6624	6617	2053	692
9744	9	744	127	115	123	98	111	6562	16400	0	1686	1642	6624	6617	2053	692
9745	9	745	127	115	123	98	111	6562	16400	0	1686	1642	6624	6617	2053	692
9746	9	746	127	115	123	98	111	6562	16400	0	1686	1642	6624	6617	2053	692
9747	9	747	127	115	123	98	111	6562	16400	0	1686	1642	6624	6617	2053	692
9748	9	748	127	115	123	98	111	6562	16400	0	1686	1642	6624	6617	2053	692
9749	9	749	127	115	123	98	111	6562	16400	0	1686	1642	6624	6617	2053	692
9750	9	750	127	115	123	98	111	6562	16400	0	1686	1642	6624	6617	2053	692
9751	9	751	127	115	123	98	111	6562	16400	0	1686	1642	6624	6617	2053	692
9752	9	752	127	115	123	98	111	6562	16400	0	1686	1642	6624	6617	2053	692
9753	9	753	127	115	123	98	111	6562	16400	0	1686	1642	6624	6617	2053	692
9754	9	754	127	115	123	98	111	6562	16400	0	1686	1642	6624	6617	2053	692
9755	9	755	127	115	123	98	111	6562	16400	0	1686	1642	6624	6617	2053	692
9756	9	756	127	115	123	98	111	6562	16400	0	1686	1642	6624	6617	2053	692
9757	9	757	127	115	123	98	111	6562	16400	0	1686	1642	6624	6617	2053	692
9758	9	758	127	115	123	98	111	6562	16400	0	1686	1642	6624	6617	2053	692
9759	9	759	127	115	123	98	111	6562	16400	0	1686	1642	6624	6617	2053	692
9760	9	760	127	115	123	98	111	6562	16400	0	1686	1642	6624	6617	2053	692
9761	9	761	127	115	123	98	111	6562	16400	0	1686	1642	6624	6617	2053	692
9762	9	762	127	115	123	98	111	6562	16400	0	1686	1642	6624	6617	2053	692
9763	9	763	127	115	123	98	111	6562	16400	0	1686	1642	6624	6617	2053	692
9764	9	764	127	115	123	98	111	6562	16400	0	1686	1642	6624	6617	2053	692
9765	9	765	127	115	123	98	111	6562	16400	0	1686	1642	6624	6617	2053	692
9766	9	766	127	115	123	98	111	6562	16400	0	1686	1642	6624	6617	2053	692
9767	9	767	127	115	123	98	111	6562	16400	0	1686	1642	6624	6617	2053	692
9768	9	768	127	115	123	98	111	6562	16400	0	1686	1642	6624	6617	2053	692
9769	9	769	127	115	123	98	111	6562	16400	0	1686	1642	6624	6617	2053	692
9770	9	770	127	115	123	98	111	6562	16400	0	1686	1642	6624	6617	2053	692
9771	9	771	127	115	123	98	111	6562	16400	0	1686	1642	6624	6617	2053	692
9772	9	772	127	115	123	98	111	6562	16400	0	1686	1642	6624	6617	2053	692
9773	9	773	127	115	123	98	111	6562	16400	0	1686	1642	6624	6617	2053	692
9774	9	774	127	115	123	98	111	6562	16400	0	1686	1642	6624	6617	2053	692
9775	9	775	127	115	123	98	111	6562	16400	0	1686	1642	6624	6617	2053	692
9776	9	776	127	115	123	98	111	6562	16400	0	1686	1642	6624	6617	2053	692
9777	9	777	127	115	123	98	111	6562	16400	0	1686	1642	6624	6617	2053	692
9778	9	778	127	115	123	98	111	6562	16400	0	1686	1642	6624	6617	2053	692
9779	9	779	127	115	123	98	111	6562	16400	0	1686	1642	6624	6617	2053	692
9780	9	780	127	115	123	98	111	6562	16400	0	1686	1642	6624	6617	2053	692
9781	9	781	127	115	123	98	111	6562	16400	0	1686	1642	6624	6617	2053	692
9782	9	782	127	115	123	98	111	6562	16400	0	1686	1642	6624	6617	2053	692
9783	9	783	127	115	123	98	111	6562	16400	0	1686	1642	6624	6617	2053	692
9784	9	784	127	115	123	98	111	6562	16400	0	1686	1642	6624	6617	2053	692
9785	9	785	127	115	123	98	111	6562	16400	0	1686	1642	6624	6617	2053	692
9786	9	786	127	115	123	98	111	6562	16400	0	1686	1642	6624	6617	2053	692
9787	9	787	127	115	123	98	111	6562	16400	0	1686	1642	6624	6617	2053	692
9788	9	788	127	115	123	98	111	6562	16400	0	1686	1642	6624	6617	2053	692
9789	9	789	127	115	123	98	111	6562	16400	0	1686	1642	6624	6617	2053	692
9790	9	790	127	115	123	98	111	6562	16400	0	1686	1642	6624	6617	2053	692
9791	9	791	127	115	123	98	111	6562	16400	0	1686	1642	6624	6617	2053	692
9792	9	792	127	115	123	98	111	6562	16400	0	1686	1642	6624	6617	2053	692
9793	9	793	127	115	123	98	111	6562	16400	0	1686	1642	6624	6617	2053	692
9794	9	794	127	115	123	98	111	6562	16400	0	1686	1642	6624	6617	2053	692
9795	9	795	127	115	123	98	111	6562	16400	0	1686	1642	6624	6617	2053	692
9796	9	796	127	115	123	98	111	6562	16400	0	1686	1642	6624	6617	2053	692
9797	9	797	127	115	123	98	111	6562	16400	0	1686	1642	6624	6617	2053	692
9798	9	798	127	115	123	98	111	6562	16400	0	1686	1642	6624	6617	2053	692
9799	9	799	127	115	123	98	111	6562	16400	0	1686	1642	6624	6617	2053	692
9800	9	800	127	115	123	98	111	6562	16400	0	1686	1642	6624	6617	2053	692
9801	9	801	127	115	123	98	111	6562	16400	0	1686	1642	6624	6617	2053	692
9802	9	802	127	115	123	98	111	6562	16400	0	1686	1642	6624	6617	2053	692
9803	9	803	127	115	123	98	111	6562	16400	0	1686	1642	6624	6617	2053	692
9804	9	804	127	115	123	98	111	6562	16400	0	1686	1642	6624	6617	2053	692
9805	9	805	127	115	123	98	111	6562	16400	0	1686	1642	6624	6617	2053	692
9806	9	806	127	115	123	98	111	6562	16400	0	1686	1642	6624	6617	2053	692
9807	9	807	127	115	123	98	111	6562	16400	0	1686	1642	6624	6617	2053	692
9808	9	808	127	115	123	98	111	6562	16400	0	1686	1642	6624	6617	2053	692
9809	9	809	127	115	123	98	111	6562	16400	0	1686	1642	6624	6617	2053	692
9810	9	810	127	115	123	98	111	6562	16400	0	1686	1642	6624	6617	2053	692
9811	9	811	127	115	123	98	111	6562	16400	0	1686	1642	6624	6617	2053	692
9812	9	812	127	115	123	98	111	6562	16400	0	1686	1642	6624	6617	2053	692
9813	9	813	127	115	123	98	111	6562	16400	0	1686	1642	6624	6617	2053	692
9814	9	814	127	115	123	98	111	6562	16400	0	1686	1642	6624	6617	2053	692
9815	9	815	127	115	123	98	111	6562	16400	0	1686	1642	6624	6617	2053	692
9816	9	816	127	115	123	98	111	6562	16400	0	1686	1642	6624	6617	2053	692
9817	9	817	127	115	123	98	111	6562	16400	0	1686	1642	6624	6617	2053	692
9818	9	818	127	115	123	98	111	6562	16400	0	1686	1642	6624	6617	2053	692
9819	9	819	127	115	123	98	111	6562	16400	0	1686	1642	6624	6617	2053	692
9820	9	820	127	115	123	98	111	6562	16400	0	1686	1642	6624	6617	2053	692
9821	9	821	127	115	123	98	111	6562	16400	0	1686	1642	6624	6617	2053	692
9822	9	822	127	115	123	98	111	6562	16400	0	1686	1642	6624	6617	2053	692
9823	9	823	127	115	123	98	111	6562	16400	0	1686	1642	6624	6617	2053	692
9824	9	824	127	115	123	98	111	6562	16400	0	1686	1642	6624	6617	2053	692
9825	9	825	127	115	123	98	111	6562	16400	0	1686	1642	6624	6617	2053	692
9826	9	826	127	115	123	98	111	6562	16400	0	1686	1642	6624	6617	2053	692
9827	9	827	127	115	123	98	111	6562	16400	0	1686	1642	6624	6617	2053	692
9828	9	828	127	115	123	98	111	6562	16400	0	1686	1642	6624	6617	2053	692
9829	9	829	127	115	123	98	111	6562	16400	0	1686	1642	6624	6617	2053	692
9830	9	830	127	115	123	98	111	6562	16400	0	1686	1642	6624	6617	2053	692
9831	9	831	127	115	123	98	111	6562	16400	0	1686	1642	6624	6617	2053	692
9832	9	832	127	115	123	98	111	6562	16400	0	1686	1642	6624	6617	2053	692
9833	9	833	127	115	123	98	111	6562	16400	0	1686	1642	6624	6617	2053	692
9834	9	834	127	115	123	98	111	6562	16400	0	1686	1642	6624	6617	2053	692
9835	9	835	127	115	123	98	111	6562	16400	0	1686	1642	6624	6617	2053	692
9836	9	836	127	115	123	98	111	6562	16400	0	1686	1642	6624	6617	2053	692
9837	9	837	127	115	123	98	111	6562	16400	0	1686	1642	6624	6617	2053	692
9838	9	838	127	115	123	98	111	6562	16400	0	1686	1642	6624	6617	2053	692
9839	9	839	127	115	123	98	111	6562	16400	0	1686	1642	6624	6617	2053	692
9840	9	840	127	115	123	98	111	6562	16400	0	1686	1642	6624	6617	2053	692
9841	9	841	127	115	123	98	111	6562	16400	0	1686	1642	6624	6617	2053	692
9842	9	842	127	115	123	98	111	6562	16400	0	1686	1642	6624	6617	2053	692
9843	9	843	127	115	123	98	111	6562	16400	0	1686	1642	6624	6617	2053	692
9844	9	844	127	115	123	98	111	6562	16400	0	1686	1642	6624	6617	2053	692
9845	9	845	127	115	123	98	111	6562	16400	0	1686	1642	6624	6617	2053	692
9846	9	846	127	115	123	98	111	6562	16400	0	1686	1642	6624	6617	2053	692
9847	9	847	127	115	123	98	111	6562	16400	0	1686	1642	6624	6617	2053	692
9848	9	848	127	115	123	98	111	6562	16400	0	1686	1642	6624	6617	2053	692
9849	9	849	127	115	123	98	111	6562	16400	0	1686	1642	6624	6617	2053	692
9850	9	850	127	115	123	98	111	6562	16400	0	1686	1642	6624	6617	2053	692
9851	9	851	127	115	123	98	111	6562	16400	0	1686	1642	6624	6617	2053	692
9852	9	852	127	115	123	98	111	6562	16400	0	1686	1642	6624	6617	2053	692
9853	9	853	127	115	123	98	111	6562	16400	0	1686	1642	6624	6617	2053	692
9854	9	854	127	115	123	98	111	6562	16400	0	1686	1642	6624	6617	2053	692
9855	9	855	127	115	123	98	111	6562	16400	0	1686	1642	6624	6617	2053	692
9856	9	856	127	115	123	98	111	6562	16400	0	1686	1642	6624	6617	2053	692
9857	9	857	127	115	123	98	111	6562	16400	0	1686	1642	6624	6617	2053	692
9858	9	858	127	115	123	98	111	6562	16400	0	1686	1642	6624	6617	2053	692
9859	9	859	127	115	123	98	111	6562	16400	0	1686	1642	6624	6617	2053	692
9860	9	860	127	115	123	98	111	6562	16400	0	1686	1642	6624	6617	2053	692
9861	9	861	127	115	123	98	111	6562	16400	0	1686	1642	6624	6617	2053	692
9862	9	862	127	115	123	98	111	6562	16400	0	1686	1642	6624	6617	2053	692
9863	9	863	127	115	123	98	111	6562	16400	0	1686	1642	6624	6617	2053	692
9864	9	864	127	115	123	98	111	6562	16400	0	1686	1642	6624	6617	2053	692
9865	9	865	127	115	123	98	111	6562	16400	0	1686	1642	6624	6617	2053	692
9866	9	866	127	115	123	98	111	6562	16400	0	1686	1642	6624	6617	2053	692
9867	9	867	127	115	123	98	111	6562	16400	0	1686	1642	6624	6617	2053	692
9868	9	868	127	115	123	98	111	6562	16400	0	1686	1642	6624	6617	2053	692
9869	9	869	127	115	123	98	111	6562	16400	0	1686	1642	6624	6617	2053	692
9870	9	870	127	115	123	98	111	6562	16400	0	1686	1642	6624	6617	2053	692
9871	9	871	127	115	123	98	111	6562	16400	0	1686	1642	6624	6617	2053	692
9872	9	872	127	115	123	98	111	6562	16400	0	1686	1642	6624	6617	2053	692
9873	9	873	127	115	123	98	111	6562	16400	0	1686	1642	6624	6617	2053	692
9874	9	874	127	115	123	98	111	6562	16400	0	1686	1642	6624	6617	2053	692
9875	9	875	127	115	123	98	111	6562	16400	0	1686	1642	6624	6617	2053	692
9876	9	876	127	115	123	98	111	6562	16400	0	1686	1642	6624	6617	2053	692
9877	9	877	127	115	123	98	111	6562	16400	0	1686	1642	6624	6617	2053	692
9878	9	878	127	115	123	98	111	6562	16400	0	1686	1642	6624	6617	2053	692
9879	9	879	127	115	123	98	111	6562	16400	0	1686	1642	6624	6617	2053	692
9880	9	880	127	115	123	98	111	6562	16400	0	1686	1642	6624	6617	2053	692
9881	9	881	127	115	123	98	111	6562	16400	0	1686	1642	6624	6617	2053	692
9882	9	882	127	115	123	98	111	6562	16400	0	1686	1642	6624	6617	2053	692
9883	9	883	127	115	123	98	111	6562	16400	0	1686	1642	6624	6617	2053	692
9884	9	884	127	115	123	98	111	6562	16400	0	1686	1642	6624	6617	2053	692
9885	9	885	127	115	123	98	111	6562	16400	0	1686	1642	6624	6617	2053	692
9886	9	886	127	115	123	98	111	6562	16400	0	1686	1642	6624	6617	2053	692
9887	9	887	127	115	123	98	111	6562	16400	0	1686	1642	6624	6617	2053	692
9888	9	888	127	115	123	98	111	6562	16400	0	1686	1642	6624	6617	2053	692
9889	9	889	127	115	123	98	111	6562	16400	0	1686	1642	6624	6617	2053	692
9890	9	890	127	115	123	98	111	6562	16400	0	1686	1642	6624	6617	2053	692
9891	9	891	127	115	123	98	111	6562	16400	0	1686	1642	6624	6617	2053	692
9892	9	892	127	115	123	98	111	6562	16400	0	1686	1642	6624	6617	2053	692
9893	9	893	127	115	123	98	111	6562	16400	0	1686	1642	6624	6617	2053	692
9894	9	894	127	115	123	98	111	6562	16400	0	1686	1642	6624	6617	2053	692
9895	9	895	127	115	123	98	111	6562	16400	0	1686	1642	6624	6617	2053	692
9896	9	896	127	115	123	98	111	6562	16400	0	1686	1642	6624	6617	2053	692
9897	9	897	127	115	123	98	111	6562	16400	0	1686	1642	6624	6617	2053	692
9898	9	898	127	115	123	98	111	6562	16400	0	1686	1642	6624	6617	2053	692
9899	9	899	127	115	123	98	111	6562	16400	0	1686	1642	6624	6617	2053	692
9900	9	900	127	115	123	98	111	6562	16400	0	1686	1642	6624	6617	2053	692
9901	9	901	127	115	123	98	111	6562	16400	0	1686	1642	6624	6617	2053	692
9902	9	902	127	115	123	98	111	6562	16400	0	1686	1642	6624	6617	2053	692
9903	9	903	127	115	123	98	111	6562	16400	0	1686	1642	6624	6617	2053	692
9904	9	904	127	115	123	98	111	6562	16400	0	1686	1642	6624	6617	2053	692
9905	9	905	127	115	123	98	111	6562	16400	0	1686	1642	6624	6617	2053	692
9906	9	906	127	115	123	98	111	6562	16400	0	1686	1642	6624	6617	2053	692
9907	9	907	127	115	123	98	111	6562	16400	0	1686	1642	6624	6617	2053	692
9908	9	908	127	115	123	98	111	6562	16400	0	1686	1642	6624	6617	2053	692
9909	9	909	127	115	123	98	111	6562	16400	0	1686	1642	6624	6617	2053	692
9910	9	910	127	115	123	98	111	6562	16400	0	1686	1642	6624	6617	2053	692
9911	9	911	127	115	123	98	111	6562	16400	0	1686	1642	6624	6617	2053	692
9912	9	912	127	115	123	98	111	6562	16400	0	1686	1642	6624	6617	2053	692
9913	9	913	127	115	123	98	111	6562	16400	0	1686	1642	6624	6617	2053	692
9914	9	914	127	115	123	98	111	6562	16400	0	1686	1642	6624	6617	2053	692
9915	9	915	127	115	123	98	111	6562	16400	0	1686	1642	6624	6617	2053	692
9916	9	916	127	115	123	98	111	6562	16400	0	1686	1642	6624	6617	2053	692
9917	9	917	127	115	123	98	111	6562	16400	0	1686	1642	6624	6617	2053	692
9918	9	918	127	115	123	98	111	6562	16400	0	1686	1642	6624	6617	2053	692
9919	9	919	127	115	123	98	111	6562	16400	0	1686	1642	6624	6617	2053	692
9920	9	920	127	115	123	98	111	6562	16400	0	1686	1642	6624	6617	2053	692
9921	9	921	127	115	123	98	111	6562	16400	0	1686	1642	6624	6617	2053	692
9922	9	922	127	115	123	98	111	6562	16400	0	1686	1642	6624	6617	2053	692
9923	9	923	127	115	123	98	111	6562	16400	0	1686	1642	6624	6617	2053	692
9924	9	924	127	115	123	98	111	6562	16400	0	1686	1642	6624	6617	2053	692
9925	9	925	127	115	123	98	111	6562	16400	0	1686	1642	6624	6617	2053	692
9926	9	926	127	115	123	98	111	6562	16400	0	1686	1642	6624	6617	2053	692
9927	9	927	127	115	123	98	111	6562	16400	0	1686	1642	6624	6617	2053	692
9928	9	928	127	115	123	98	111	6562	16400	0	1686	1642	6624	6617	2053	692
9929	9	929	127	115	123	98	111	6562	16400	0	1686	1642	6624	6617	2053	692
9930	9	930	127	115	123	98	111	6562	16400	0	1686	1642	6624	6617	2053	692
9931	9	931	127	115	123	98	111	6562	16400	0	1686	1642	6624	6617	2053	692
9932	9	932	127	115	123	98	111	6562	16400	0	1686	1642	6624	6617	2053	692
9933	9	933	127	115	123	98	111	6562	16400	0	1686	1642	6624	6617	2053	692
9934	9	934	127	115	123	98	111	6562	16400	0	1686	1642	6624	6617	2053	692
9935	9	935	127	115	123	98	111	6562	16400	0	1686	1642	6624	6617	2053	692
9936	9	936	127	115	123	98	111	6562	16400	0	1686	1642	6624	6617	2053	692
9937	9	937	127	115	123	98	111	6562	16400	0	1686	1642	6624	6617	2053	692
9938	9	938	127	115	123	98	111	6562	16400	0	1686	1642	6624	6617	2053	692
9939	9	939	127	115	123	98	111	6562	16400	0	1686	1642	6624	6617	2053	692
9940	9	940	127	115	123	98	111	6562	16400	0	1686	1642	6624	6617	2053	692
9941	9	941	127	115	123	98	111	6562	16400	0	1686	1642	6624	6617	2053	692
9942	9	942	127	115	123	98	111	6562	16400	0	1686	1642	6624	6617	2053	692
9943	9	943	127	115	123	98	111	6562	16400	0	1686	1642	6624	6617	2053	692
9944	9	944	127	115	123	98	111	6562	16400	0	1686	1642	6624	6617	2053	692
9945	9	945	127	115	123	98	111	6562	16400	0	1686	1642	6624	6617	2053	692
9946	9	946	127	115	123	98	111	6562	16400	0	1686	1642	6624	6617	2053	692
9947	9	947	127	115	123	98	111	6562	16400	0	1686	1642	6624	6617	2053	692
9948	9	948	127	115	123	98	111	6562	16400	0	1686	1642	6624	6617	2053	692
9949	9	949	127	115	123	98	111	6562	16400	0	1686	1642	6624	6617	2053	692
9950	9	950	127	115	123	98	111	6562	16400	0	1686	1642	6624	6617	2053	692
9951	9	951	127	115	123	98	111	6562	16400	0	1686	1642	6624	6617	2053	692
9952	9	952	127	115	123	98	111	6562	16400	0	1686	1642	6624	6617	2053	692
9953	9	953	127	115	123	98	111	6562	16400	0	1686	1642	6624	6617	2053	692
9954	9	954	127	115	123	98	111	6562	16400	0	1686	1642	6624	6617	2053	692
9955	9	955	127	115	123	98	111	6562	16400	0	1686	1642	6624	6617	2053	692
9956	9	956	127	115	123	98	111	6562	16400	0	1686	1642	6624	6617	2053	692
9957	9	957	127	115	123	98	111	6562	16400	0	1686	1642	6624	6617	2053	692
9958	9	958	127	115	123	98	111	6562	16400	0	1686	1642	6624	6617	2053	692
9959	9	959	127	115	123	98	111	6562	16400	0	1686	1642	6624	6617	2053	692
9960	9	960	127	115	123	98	111	6562	16400	0	1686	1642	6624	6617	2053	692
9961	9	961	127	115	123	98	111	6562	16400	0	1686	1642	6624	6617	2053	692
9962	9	962	127	115	123	98	111	6562	16400	0	1686	1642	6624	6617	2053	692
9963	9	963	127	115	123	98	111	6562	16400	0	1686	1642	6624	6617	2053	692
9964	9	964	127	115	123	98	111	6562	16400	0	1686	1642	6624	6617	2053	692
9965	9	965	127	115	123	98	111	6562	16400	0	1686	1642	6624	6617	2053	692
9966	9	966	127	115	123	98	111	6562	16400	0	1686	1642	6624	6617	2053	692
9967	9	967	127	115	123	98	111	6562	16400	0	1686	1642	6624	6617	2053	692
9968	9	968	127	115	123	98	111	6562	16400	0	1686	1642	6624	6617	2053	692
9969	9	969	127	115	123	98	111	6562	16400	0	1686	1642	6624	6617	2053	692
9970	9	970	127	115	123	98	111	6562	16400	0	1686	1642	6624	6617	2053	692
9971	9	971	127	115	123	98	111	6562	16400	0	1686	1642	6624	6617	2053	692
9972	9	972	127	115	123	98	111	6562	16400	0	1686	1642	6624	6617	2053	692
9973	9	973	127	115	123	98	111	6562	16400	0	1686	1642	6624	6617	2053	692
9974	9	974	127	115	123	98	111	6562	16400	0	1686	1642	6624	6617	2053	692
9975	9	975	127	115	123	98	111	6562	16400	0	1686	1642	6624	6617	2053	692
9976	9	976	127	115	123	98	111	6562	16400	0	1686	1642	6624	6617	2053	692
9977	9	977	127	115	123	98	111	6562	16400	0	1686	1642	6624	6617	2053	692
9978	9	978	127	115	123	98	111	6562	16400	0	1686	1642	6624	6617	2053	692
9979	9	979	127	115	123	98	111	6562	16400	0	1686	1642	6624	6617	2053	692
9980	9	980	127	115	123	98	111	6562	16400	0	1686	1642	6624	6617	2053	692
9981	9	981	127	115	123	98	111	6562	16400	0	1686	1642	6624	6617	2053	692
9982	9	982	127	115	123	98	111	6562	16400	0	1686	1642	6624	6617	2053	692
9983	9	983	127	115	123	98	111	6562	16400	0	1686	1642	6624	6617	2053	692
9984	9	984	127	115	123	98	111	6562	16400	0	1686	1642	6624	6617	2053	692
9985	9	985	127	115	123	98	111	6562	16400	0	1686	1642	6624	6617	2053	692
9986	9	986	127	115	123	98	111	6562	16400	0	1686	1642	6624	6617	2053	692
9987	9	987	127	115	123	98	111	6562	16400	0	1686	1642	6624	6617	2053	692
9988	9	988	127	115	123	98	111	6562	16400	0	1686	1642	6624	6617	2053	692
9989	9	989	127	115	123	98	111	6562	16400	0	1686	1642	6624	6617	2053	692
9990	9	990	127	115	123	98	111	6562	16400	0	1686	1642	6624	6617	2053	692
9991	9	991	127	115	123	98	111	6562	16400	0	1686	1642	6624	6617	2053	692
9992	9	992	127	115	123	98	111	6562	16400	0	1686	1642	6624	6617	2053	692
9993	9	993	127	115	123	98	111	6562	16400	0	1686	1642	6624	6617	2053	692
9994	9	994	127	115	123	98	111	6562	16400	0	1686	1642	6624	6617	2053	692
9995	9	995	127	115	123	98	111	6562	16400	0	1686	1642	6624	6617	2053	692
9996	9	996	127	115	123	98	111	6562	16400	0	1686	1642	6624	6617	2053	692
9997	9	997	127	115	123	98	111	6562	16400	0	1686	1642	6624	6617	2053	692
9998	9	998	127	115	123	98	111	6562	16400	0	1686	1642	6624	6617	2053	692
9999	9	999	127	115	123	98	111	6562	16400	0	1686	1642	6624	6617	2053	692
10000	10	0	0	2	4	3	2	973	500	0	31	34	17	17	5	4
10001	10	1	0	2	4	3	2	1125	500	0	61	64	29	29	6	7
10002	10	2	0	2	4	3	2	1326	550	0	91	95	41	41	9	13
10003	10	3	1	2	4	3	2	1527	600	0	121	125	53	54	11	19
10004	10	4	1	2	5	4	2	1729	650	0	151	156	65	66	14	25
10005	10	5	1	2	5	4	2	1930	700	0	182	187	77	78	16	32
10006	10	6	1	3	5	5	2	2131	750	0	212	217	89	90	19	38
10007	10	7	1	3	5	5	2	2332	800	0	242	248	101	102	21	44
10008	10	8	1	3	6	5	2	2534	850	0	272	278	113	114	24	50
10009	10	9	1	3	6	6	2	2735	900	0	302	309	126	126	27	56
10010	10	10	1	4	6	6	2	2936	950	0	333	340	138	139	29	62
10011	10	11	2	4	6	6	2	3138	1000	0	363	370	150	151	32	69
10012	10	12	2	4	7	7	2	3339	1050	0	393	401	162	163	34	75
10013	10	13	2	4	7	7	2	3540	1100	0	423	431	174	175	37	81
10014	10	14	2	4	7	8	2	3742	1150	0	453	462	186	187	39	87
10015	10	15	2	5	7	8	3	4073	1200	0	483	492	198	199	42	93
10016	10	16	2	5	8	8	3	4404	1250	0	514	523	198	199	44	99
10017	10	17	2	5	8	9	3	4735	1300	0	544	554	199	200	47	106
10018	10	18	2	5	8	9	3	5067	1350	0	574	584	199	200	49	112
10019	10	19	3	6	9	10	3	5398	1400	0	604	615	199	200	52	118
10020	10	20	3	6	9	10	3	5734	1450	0	624	635	207	208	54	124
10021	10	21	3	6	9	10	3	5734	1500	0	625	636	199	200	55	124
10022	10	22	3	6	9	11	3	5734	1550	0	625	636	199	200	55	124
10023	10	23	3	6	10	11	3	5734	1600	0	625	637	199	201	56	125
10024	10	24	3	7	10	11	3	5734	1650	0	625	638	199	201	56	125
10025	10	25	3	7	10	12	3	5734	1700	0	625	638	200	201	57	125
10026	10	26	3	7	10	12	3	5734	1750	0	625	639	200	201	57	125
10027	10	27	3	7	11	13	3	5734	1800	0	626	639	200	201	58	125
10028	10	28	4	8	11	13	3	5734	1850	0	626	640	200	201	58	125
10029	10	29	4	8	11	13	3	5734	1900	0	626	641	200	201	59	126
10030	10	30	4	8	11	14	3	5734	1950	0	626	641	200	202	59	126
10031	10	31	4	8	12	14	3	5734	2000	0	626	642	200	202	60	126
10032	10	32	4	8	12	14	4	5734	2050	0	626	642	201	202	60	126
10033	10	33	4	9	12	15	4	5734	2100	0	627	643	201	202	61	126
10034	10	34	4	9	12	15	4	5734	2150	0	627	643	201	202	61	127
10035	10	35	4	9	13	16	4	5734	2200	0	627	644	201	202	62	127
10036	10	36	5	9	13	16	4	5734	2250	0	627	645	201	202	62	127
10037	10	37	5	9	13	16	4	5734	2300	0	627	645	201	203	63	127
10038	10	38	5	10	13	17	4	5734	2350	0	628	646	201	203	63	127
10039	10	39	5	10	14	17	4	5734	2400	0	628	646	201	203	64	127
10040	10	40	5	10	14	18	4	5734	2650	0	628	647	202	203	65	128
10041	10	41	5	10	14	18	4	5734	2900	0	628	648	202	203	65	128
10042	10	42	5	11	14	18	4	5734	3150	0	628	648	202	203	66	128
10043	10	43	5	11	15	19	4	5734	3400	0	628	649	202	204	66	128
10044	10	44	5	11	15	19	4	5734	3650	0	629	649	202	204	67	128
10045	10	45	6	11	15	19	4	5734	3900	0	629	650	202	204	67	128
10046	10	46	6	11	16	20	4	5734	4150	0	629	650	202	204	68	129
10047	10	47	6	12	16	20	4	5734	4400	0	629	651	202	204	68	129
10048	10	48	6	12	16	21	4	5734	4650	0	629	652	203	204	69	129
10049	10	49	6	12	16	21	5	5734	4900	0	630	652	203	204	69	129
10050	10	50	8	14	19	23	7	5759	5150	0	630	653	276	278	124	147
10051	10	51	10	17	21	26	9	5784	5400	0	630	653	349	351	178	165
10052	10	52	12	19	23	28	11	5809	5650	0	630	654	422	424	233	184
10053	10	53	15	21	25	30	13	5834	5900	0	630	654	495	497	287	202
10054	10	54	17	23	28	33	15	5859	6150	0	630	655	568	570	342	220
10055	10	55	19	25	30	35	17	5884	6400	0	631	656	642	643	396	238
10056	10	56	21	28	32	38	19	5909	6650	0	631	656	715	716	451	256
10057	10	57	23	30	34	40	21	5934	6900	0	631	657	788	790	505	274
10058	10	58	25	32	37	42	23	5959	7150	0	631	657	861	863	560	293
10059	10	59	27	34	39	45	25	5984	7400	0	631	658	934	936	614	311
10060	10	60	33	41	45	51	31	6009	7750	0	707	734	1284	1286	707	331
10061	10	61	36	44	48	54	34	6034	8100	0	782	809	1627	1629	793	349
10062	10	62	39	47	52	57	37	6059	8450	0	857	885	1970	1972	880	367
10063	10	63	41	51	55	59	40	6084	8800	0	932	960	2314	2316	966	385
10064	10	64	44	55	58	63	43	6109	9150	0	1007	1036	2657	2659	1053	404
10065	10	65	46	60	61	65	46	6134	9500	0	1082	1111	3000	3002	1139	422
10066	10	66	49	64	65	68	51	6159	9850	0	1158	1187	3343	3345	1226	440
10067	10	67	52	68	68	72	55	6184	10200	0	1233	1263	3686	3688	1312	458
10068	10	68	55	72	71	75	59	6209	10550	0	1308	1338	4029	4031	1399	476
10069	10	69	58	76	74	79	63	6234	10900	0	1383	1414	4372	4374	1485	495
10070	10	70	66	84	82	86	71	6259	11250	0	1408	1439	4602	4605	1547	516
10071	10	71	69	87	85	89	75	6284	11600	0	1434	1465	4826	4828	1603	534
10072	10	72	72	90	88	93	79	6309	11950	0	1459	1490	5049	5051	1658	552
10073	10	73	75	93	92	96	83	6334	12300	0	1484	1516	5272	5274	1714	570
10074	10	74	78	97	95	99	87	6359	12650	0	1509	1542	5495	5497	1769	588
10075	10	75	81	100	98	103	91	6384	13000	0	1534	1567	5718	5720	1825	606
10076	10	76	84	103	101	106	95	6409	13350	0	1559	1593	5941	5943	1880	625
10077	10	77	87	106	105	110	99	6434	13700	0	1585	1618	6164	6167	1936	643
10078	10	78	91	109	108	113	103	6459	14050	0	1610	1644	6388	6390	1991	661
10079	10	79	94	113	111	116	107	6484	14400	0	1635	1670	6611	6613	2047	681
10080	10	80	94	113	111	117	107	6484	14450	0	1635	1670	6611	6613	2047	681
10081	10	81	94	113	112	117	107	6484	14500	0	1635	1671	6611	6613	2048	682
10082	10	82	94	113	112	118	107	6484	14550	0	1635	1671	6611	6613	2048	682
10083	10	83	94	114	112	118	108	6484	14600	0	1636	1672	6611	6614	2049	682
10084	10	84	94	114	112	118	108	6484	14650	0	1636	1672	6611	6614	2049	682
10085	10	85	94	114	113	119	108	6484	14700	0	1636	1673	6611	6614	2050	682
10086	10	86	94	114	113	119	108	6484	14750	0	1636	1674	6612	6614	2050	682
10087	10	87	95	114	113	119	108	6484	14800	0	1636	1674	6612	6614	2051	683
10088	10	88	95	115	113	120	108	6484	14850	0	1637	1675	6612	6614	2051	683
10089	10	89	95	115	114	120	108	6484	14900	0	1637	1675	6612	6614	2052	683
10090	10	90	95	115	114	121	108	6484	14950	0	1637	1676	6612	6615	2052	683
10091	10	91	95	115	114	121	108	6484	15000	0	1637	1677	6612	6615	2053	683
10092	10	92	95	116	114	121	108	6484	15050	0	1637	1677	6612	6615	2053	683
10093	10	93	95	116	115	122	108	6484	15100	0	1637	1678	6612	6615	2054	684
10094	10	94	95	116	115	122	108	6484	15150	0	1638	1678	6613	6615	2054	684
10095	10	95	96	116	115	123	108	6484	15200	0	1638	1679	6613	6615	2055	684
10096	10	96	96	116	115	123	108	6484	15250	0	1638	1679	6613	6615	2055	684
10097	10	97	96	117	116	123	108	6484	15300	0	1638	1680	6613	6616	2056	684
10098	10	98	96	117	116	124	108	6484	15350	0	1638	1681	6613	6616	2056	684
10099	10	99	96	117	116	124	108	6484	15400	0	1639	1681	6613	6616	2057	685
10100	10	100	96	117	117	124	109	6484	15450	0	1639	1682	6613	6616	2057	685
10101	10	101	96	118	117	125	109	6484	15500	0	1639	1682	6614	6616	2058	685
10102	10	102	96	118	117	125	109	6484	15550	0	1639	1683	6614	6616	2059	685
10103	10	103	96	118	117	126	109	6484	15600	0	1639	1683	6614	6617	2059	685
10104	10	104	97	118	118	126	109	6484	15650	0	1639	1684	6614	6617	2060	685
10105	10	105	97	118	118	126	109	6484	15700	0	1640	1685	6614	6617	2060	686
10106	10	106	97	119	118	127	109	6484	15750	0	1640	1685	6614	6617	2061	686
10107	10	107	97	119	118	127	109	6484	15800	0	1640	1686	6614	6617	2061	686
10108	10	108	97	119	119	127	109	6484	15850	0	1640	1686	6614	6617	2062	686
10109	10	109	97	119	119	128	109	6484	15900	0	1640	1687	6615	6617	2062	686
10110	10	110	97	120	119	128	109	6484	15950	0	1641	1688	6615	6618	2063	686
10111	10	111	97	120	119	129	109	6484	16000	0	1641	1688	6615	6618	2063	687
10112	10	112	98	120	120	129	109	6484	16050	0	1641	1689	6615	6618	2064	687
10113	10	113	98	120	120	129	109	6484	16100	0	1641	1689	6615	6618	2064	687
10114	10	114	98	120	120	130	109	6484	16150	0	1641	1690	6615	6618	2065	687
10115	10	115	98	121	120	130	109	6484	16200	0	1641	1690	6615	6618	2065	687
10116	10	116	98	121	121	131	109	6484	16250	0	1642	1691	6615	6618	2066	687
10117	10	117	98	121	121	131	110	6484	16300	0	1642	1692	6616	6619	2066	688
10118	10	118	98	121	121	131	110	6484	16350	0	1642	1692	6616	6619	2067	688
10119	10	119	98	121	121	132	110	6484	16400	0	1642	1693	6616	6619	2067	688
10120	10	120	98	121	121	132	110	6484	16400	0	1642	1693	6616	6619	2067	688
10121	10	121	98	121	121	132	110	6484	16400	0	1642	1693	6616	6619	2067	688
10122	10	122	98	121	121	132	110	6484	16400	0	1642	1693	6616	6619	2067	688
10123	10	123	98	121	121	132	110	6484	16400	0	1642	1693	6616	6619	2067	688
10124	10	124	98	121	121	132	110	6484	16400	0	1642	1693	6616	6619	2067	688
10125	10	125	98	121	121	132	110	6484	16400	0	1642	1693	6616	6619	2067	688
10126	10	126	98	121	121	132	110	6484	16400	0	1642	1693	6616	6619	2067	688
10127	10	127	98	121	121	132	110	6484	16400	0	1642	1693	6616	6619	2067	688
10128	10	128	98	121	121	132	110	6484	16400	0	1642	1693	6616	6619	2067	688
10129	10	129	98	121	121	132	110	6484	16400	0	1642	1693	6616	6619	2067	688
10130	10	130	98	121	121	132	110	6484	16400	0	1642	1693	6616	6619	2067	688
10131	10	131	98	121	121	132	110	6484	16400	0	1642	1693	6616	6619	2067	688
10132	10	132	98	121	121	132	110	6484	16400	0	1642	1693	6616	6619	2067	688
10133	10	133	98	121	121	132	110	6484	16400	0	1642	1693	6616	6619	2067	688
10134	10	134	98	121	121	132	110	6484	16400	0	1642	1693	6616	6619	2067	688
10135	10	135	98	121	121	132	110	6484	16400	0	1642	1693	6616	6619	2067	688
10136	10	136	98	121	121	132	110	6484	16400	0	1642	1693	6616	6619	2067	688
10137	10	137	98	121	121	132	110	6484	16400	0	1642	1693	6616	6619	2067	688
10138	10	138	98	121	121	132	110	6484	16400	0	1642	1693	6616	6619	2067	688
10139	10	139	98	121	121	132	110	6484	16400	0	1642	1693	6616	6619	2067	688
10140	10	140	98	121	121	132	110	6484	16400	0	1642	1693	6616	6619	2067	688
10141	10	141	98	121	121	132	110	6484	16400	0	1642	1693	6616	6619	2067	688
10142	10	142	98	121	121	132	110	6484	16400	0	1642	1693	6616	6619	2067	688
10143	10	143	98	121	121	132	110	6484	16400	0	1642	1693	6616	6619	2067	688
10144	10	144	98	121	121	132	110	6484	16400	0	1642	1693	6616	6619	2067	688
10145	10	145	98	121	121	132	110	6484	16400	0	1642	1693	6616	6619	2067	688
10146	10	146	98	121	121	132	110	6484	16400	0	1642	1693	6616	6619	2067	688
10147	10	147	98	121	121	132	110	6484	16400	0	1642	1693	6616	6619	2067	688
10148	10	148	98	121	121	132	110	6484	16400	0	1642	1693	6616	6619	2067	688
10149	10	149	98	121	121	132	110	6484	16400	0	1642	1693	6616	6619	2067	688
10150	10	150	98	121	121	132	110	6484	16400	0	1642	1693	6616	6619	2067	688
10151	10	151	98	121	121	132	110	6484	16400	0	1642	1693	6616	6619	2067	688
10152	10	152	98	121	121	132	110	6484	16400	0	1642	1693	6616	6619	2067	688
10153	10	153	98	121	121	132	110	6484	16400	0	1642	1693	6616	6619	2067	688
10154	10	154	98	121	121	132	110	6484	16400	0	1642	1693	6616	6619	2067	688
10155	10	155	98	121	121	132	110	6484	16400	0	1642	1693	6616	6619	2067	688
10156	10	156	98	121	121	132	110	6484	16400	0	1642	1693	6616	6619	2067	688
10157	10	157	98	121	121	132	110	6484	16400	0	1642	1693	6616	6619	2067	688
10158	10	158	98	121	121	132	110	6484	16400	0	1642	1693	6616	6619	2067	688
10159	10	159	98	121	121	132	110	6484	16400	0	1642	1693	6616	6619	2067	688
10160	10	160	98	121	121	132	110	6484	16400	0	1642	1693	6616	6619	2067	688
10161	10	161	98	121	121	132	110	6484	16400	0	1642	1693	6616	6619	2067	688
10162	10	162	98	121	121	132	110	6484	16400	0	1642	1693	6616	6619	2067	688
10163	10	163	98	121	121	132	110	6484	16400	0	1642	1693	6616	6619	2067	688
10164	10	164	98	121	121	132	110	6484	16400	0	1642	1693	6616	6619	2067	688
10165	10	165	98	121	121	132	110	6484	16400	0	1642	1693	6616	6619	2067	688
10166	10	166	98	121	121	132	110	6484	16400	0	1642	1693	6616	6619	2067	688
10167	10	167	98	121	121	132	110	6484	16400	0	1642	1693	6616	6619	2067	688
10168	10	168	98	121	121	132	110	6484	16400	0	1642	1693	6616	6619	2067	688
10169	10	169	98	121	121	132	110	6484	16400	0	1642	1693	6616	6619	2067	688
10170	10	170	98	121	121	132	110	6484	16400	0	1642	1693	6616	6619	2067	688
10171	10	171	98	121	121	132	110	6484	16400	0	1642	1693	6616	6619	2067	688
10172	10	172	98	121	121	132	110	6484	16400	0	1642	1693	6616	6619	2067	688
10173	10	173	98	121	121	132	110	6484	16400	0	1642	1693	6616	6619	2067	688
10174	10	174	98	121	121	132	110	6484	16400	0	1642	1693	6616	6619	2067	688
10175	10	175	98	121	121	132	110	6484	16400	0	1642	1693	6616	6619	2067	688
10176	10	176	98	121	121	132	110	6484	16400	0	1642	1693	6616	6619	2067	688
10177	10	177	98	121	121	132	110	6484	16400	0	1642	1693	6616	6619	2067	688
10178	10	178	98	121	121	132	110	6484	16400	0	1642	1693	6616	6619	2067	688
10179	10	179	98	121	121	132	110	6484	16400	0	1642	1693	6616	6619	2067	688
10180	10	180	98	121	121	132	110	6484	16400	0	1642	1693	6616	6619	2067	688
10181	10	181	98	121	121	132	110	6484	16400	0	1642	1693	6616	6619	2067	688
10182	10	182	98	121	121	132	110	6484	16400	0	1642	1693	6616	6619	2067	688
10183	10	183	98	121	121	132	110	6484	16400	0	1642	1693	6616	6619	2067	688
10184	10	184	98	121	121	132	110	6484	16400	0	1642	1693	6616	6619	2067	688
10185	10	185	98	121	121	132	110	6484	16400	0	1642	1693	6616	6619	2067	688
10186	10	186	98	121	121	132	110	6484	16400	0	1642	1693	6616	6619	2067	688
10187	10	187	98	121	121	132	110	6484	16400	0	1642	1693	6616	6619	2067	688
10188	10	188	98	121	121	132	110	6484	16400	0	1642	1693	6616	6619	2067	688
10189	10	189	98	121	121	132	110	6484	16400	0	1642	1693	6616	6619	2067	688
10190	10	190	98	121	121	132	110	6484	16400	0	1642	1693	6616	6619	2067	688
10191	10	191	98	121	121	132	110	6484	16400	0	1642	1693	6616	6619	2067	688
10192	10	192	98	121	121	132	110	6484	16400	0	1642	1693	6616	6619	2067	688
10193	10	193	98	121	121	132	110	6484	16400	0	1642	1693	6616	6619	2067	688
10194	10	194	98	121	121	132	110	6484	16400	0	1642	1693	6616	6619	2067	688
10195	10	195	98	121	121	132	110	6484	16400	0	1642	1693	6616	6619	2067	688
10196	10	196	98	121	121	132	110	6484	16400	0	1642	1693	6616	6619	2067	688
10197	10	197	98	121	121	132	110	6484	16400	0	1642	1693	6616	6619	2067	688
10198	10	198	98	121	121	132	110	6484	16400	0	1642	1693	6616	6619	2067	688
10199	10	199	98	121	121	132	110	6484	16400	0	1642	1693	6616	6619	2067	688
10200	10	200	98	121	121	132	110	6484	16400	0	1642	1693	6616	6619	2067	688
10201	10	201	98	121	121	132	110	6484	16400	0	1642	1693	6616	6619	2067	688
10202	10	202	98	121	121	132	110	6484	16400	0	1642	1693	6616	6619	2067	688
10203	10	203	98	121	121	132	110	6484	16400	0	1642	1693	6616	6619	2067	688
10204	10	204	98	121	121	132	110	6484	16400	0	1642	1693	6616	6619	2067	688
10205	10	205	98	121	121	132	110	6484	16400	0	1642	1693	6616	6619	2067	688
10206	10	206	98	121	121	132	110	6484	16400	0	1642	1693	6616	6619	2067	688
10207	10	207	98	121	121	132	110	6484	16400	0	1642	1693	6616	6619	2067	688
10208	10	208	98	121	121	132	110	6484	16400	0	1642	1693	6616	6619	2067	688
10209	10	209	98	121	121	132	110	6484	16400	0	1642	1693	6616	6619	2067	688
10210	10	210	98	121	121	132	110	6484	16400	0	1642	1693	6616	6619	2067	688
10211	10	211	98	121	121	132	110	6484	16400	0	1642	1693	6616	6619	2067	688
10212	10	212	98	121	121	132	110	6484	16400	0	1642	1693	6616	6619	2067	688
10213	10	213	98	121	121	132	110	6484	16400	0	1642	1693	6616	6619	2067	688
10214	10	214	98	121	121	132	110	6484	16400	0	1642	1693	6616	6619	2067	688
10215	10	215	98	121	121	132	110	6484	16400	0	1642	1693	6616	6619	2067	688
10216	10	216	98	121	121	132	110	6484	16400	0	1642	1693	6616	6619	2067	688
10217	10	217	98	121	121	132	110	6484	16400	0	1642	1693	6616	6619	2067	688
10218	10	218	98	121	121	132	110	6484	16400	0	1642	1693	6616	6619	2067	688
10219	10	219	98	121	121	132	110	6484	16400	0	1642	1693	6616	6619	2067	688
10220	10	220	98	121	121	132	110	6484	16400	0	1642	1693	6616	6619	2067	688
10221	10	221	98	121	121	132	110	6484	16400	0	1642	1693	6616	6619	2067	688
10222	10	222	98	121	121	132	110	6484	16400	0	1642	1693	6616	6619	2067	688
10223	10	223	98	121	121	132	110	6484	16400	0	1642	1693	6616	6619	2067	688
10224	10	224	98	121	121	132	110	6484	16400	0	1642	1693	6616	6619	2067	688
10225	10	225	98	121	121	132	110	6484	16400	0	1642	1693	6616	6619	2067	688
10226	10	226	98	121	121	132	110	6484	16400	0	1642	1693	6616	6619	2067	688
10227	10	227	98	121	121	132	110	6484	16400	0	1642	1693	6616	6619	2067	688
10228	10	228	98	121	121	132	110	6484	16400	0	1642	1693	6616	6619	2067	688
10229	10	229	98	121	121	132	110	6484	16400	0	1642	1693	6616	6619	2067	688
10230	10	230	98	121	121	132	110	6484	16400	0	1642	1693	6616	6619	2067	688
10231	10	231	98	121	121	132	110	6484	16400	0	1642	1693	6616	6619	2067	688
10232	10	232	98	121	121	132	110	6484	16400	0	1642	1693	6616	6619	2067	688
10233	10	233	98	121	121	132	110	6484	16400	0	1642	1693	6616	6619	2067	688
10234	10	234	98	121	121	132	110	6484	16400	0	1642	1693	6616	6619	2067	688
10235	10	235	98	121	121	132	110	6484	16400	0	1642	1693	6616	6619	2067	688
10236	10	236	98	121	121	132	110	6484	16400	0	1642	1693	6616	6619	2067	688
10237	10	237	98	121	121	132	110	6484	16400	0	1642	1693	6616	6619	2067	688
10238	10	238	98	121	121	132	110	6484	16400	0	1642	1693	6616	6619	2067	688
10239	10	239	98	121	121	132	110	6484	16400	0	1642	1693	6616	6619	2067	688
10240	10	240	98	121	121	132	110	6484	16400	0	1642	1693	6616	6619	2067	688
10241	10	241	98	121	121	132	110	6484	16400	0	1642	1693	6616	6619	2067	688
10242	10	242	98	121	121	132	110	6484	16400	0	1642	1693	6616	6619	2067	688
10243	10	243	98	121	121	132	110	6484	16400	0	1642	1693	6616	6619	2067	688
10244	10	244	98	121	121	132	110	6484	16400	0	1642	1693	6616	6619	2067	688
10245	10	245	98	121	121	132	110	6484	16400	0	1642	1693	6616	6619	2067	688
10246	10	246	98	121	121	132	110	6484	16400	0	1642	1693	6616	6619	2067	688
10247	10	247	98	121	121	132	110	6484	16400	0	1642	1693	6616	6619	2067	688
10248	10	248	98	121	121	132	110	6484	16400	0	1642	1693	6616	6619	2067	688
10249	10	249	98	121	121	132	110	6484	16400	0	1642	1693	6616	6619	2067	688
10250	10	250	98	121	121	132	110	6484	16400	0	1642	1693	6616	6619	2067	688
10251	10	251	98	121	121	132	110	6484	16400	0	1642	1693	6616	6619	2067	688
10252	10	252	98	121	121	132	110	6484	16400	0	1642	1693	6616	6619	2067	688
10253	10	253	98	121	121	132	110	6484	16400	0	1642	1693	6616	6619	2067	688
10254	10	254	98	121	121	132	110	6484	16400	0	1642	1693	6616	6619	2067	688
10255	10	255	98	121	121	132	110	6484	16400	0	1642	1693	6616	6619	2067	688
10256	10	256	98	121	121	132	110	6484	16400	0	1642	1693	6616	6619	2067	688
10257	10	257	98	121	121	132	110	6484	16400	0	1642	1693	6616	6619	2067	688
10258	10	258	98	121	121	132	110	6484	16400	0	1642	1693	6616	6619	2067	688
10259	10	259	98	121	121	132	110	6484	16400	0	1642	1693	6616	6619	2067	688
10260	10	260	98	121	121	132	110	6484	16400	0	1642	1693	6616	6619	2067	688
10261	10	261	98	121	121	132	110	6484	16400	0	1642	1693	6616	6619	2067	688
10262	10	262	98	121	121	132	110	6484	16400	0	1642	1693	6616	6619	2067	688
10263	10	263	98	121	121	132	110	6484	16400	0	1642	1693	6616	6619	2067	688
10264	10	264	98	121	121	132	110	6484	16400	0	1642	1693	6616	6619	2067	688
10265	10	265	98	121	121	132	110	6484	16400	0	1642	1693	6616	6619	2067	688
10266	10	266	98	121	121	132	110	6484	16400	0	1642	1693	6616	6619	2067	688
10267	10	267	98	121	121	132	110	6484	16400	0	1642	1693	6616	6619	2067	688
10268	10	268	98	121	121	132	110	6484	16400	0	1642	1693	6616	6619	2067	688
10269	10	269	98	121	121	132	110	6484	16400	0	1642	1693	6616	6619	2067	688
10270	10	270	98	121	121	132	110	6484	16400	0	1642	1693	6616	6619	2067	688
10271	10	271	98	121	121	132	110	6484	16400	0	1642	1693	6616	6619	2067	688
10272	10	272	98	121	121	132	110	6484	16400	0	1642	1693	6616	6619	2067	688
10273	10	273	98	121	121	132	110	6484	16400	0	1642	1693	6616	6619	2067	688
10274	10	274	98	121	121	132	110	6484	16400	0	1642	1693	6616	6619	2067	688
10275	10	275	98	121	121	132	110	6484	16400	0	1642	1693	6616	6619	2067	688
10276	10	276	98	121	121	132	110	6484	16400	0	1642	1693	6616	6619	2067	688
10277	10	277	98	121	121	132	110	6484	16400	0	1642	1693	6616	6619	2067	688
10278	10	278	98	121	121	132	110	6484	16400	0	1642	1693	6616	6619	2067	688
10279	10	279	98	121	121	132	110	6484	16400	0	1642	1693	6616	6619	2067	688
10280	10	280	98	121	121	132	110	6484	16400	0	1642	1693	6616	6619	2067	688
10281	10	281	98	121	121	132	110	6484	16400	0	1642	1693	6616	6619	2067	688
10282	10	282	98	121	121	132	110	6484	16400	0	1642	1693	6616	6619	2067	688
10283	10	283	98	121	121	132	110	6484	16400	0	1642	1693	6616	6619	2067	688
10284	10	284	98	121	121	132	110	6484	16400	0	1642	1693	6616	6619	2067	688
10285	10	285	98	121	121	132	110	6484	16400	0	1642	1693	6616	6619	2067	688
10286	10	286	98	121	121	132	110	6484	16400	0	1642	1693	6616	6619	2067	688
10287	10	287	98	121	121	132	110	6484	16400	0	1642	1693	6616	6619	2067	688
10288	10	288	98	121	121	132	110	6484	16400	0	1642	1693	6616	6619	2067	688
10289	10	289	98	121	121	132	110	6484	16400	0	1642	1693	6616	6619	2067	688
10290	10	290	98	121	121	132	110	6484	16400	0	1642	1693	6616	6619	2067	688
10291	10	291	98	121	121	132	110	6484	16400	0	1642	1693	6616	6619	2067	688
10292	10	292	98	121	121	132	110	6484	16400	0	1642	1693	6616	6619	2067	688
10293	10	293	98	121	121	132	110	6484	16400	0	1642	1693	6616	6619	2067	688
10294	10	294	98	121	121	132	110	6484	16400	0	1642	1693	6616	6619	2067	688
10295	10	295	98	121	121	132	110	6484	16400	0	1642	1693	6616	6619	2067	688
10296	10	296	98	121	121	132	110	6484	16400	0	1642	1693	6616	6619	2067	688
10297	10	297	98	121	121	132	110	6484	16400	0	1642	1693	6616	6619	2067	688
10298	10	298	98	121	121	132	110	6484	16400	0	1642	1693	6616	6619	2067	688
10299	10	299	98	121	121	132	110	6484	16400	0	1642	1693	6616	6619	2067	688
10300	10	300	98	121	121	132	110	6484	16400	0	1642	1693	6616	6619	2067	688
10301	10	301	98	121	121	132	110	6484	16400	0	1642	1693	6616	6619	2067	688
10302	10	302	98	121	121	132	110	6484	16400	0	1642	1693	6616	6619	2067	688
10303	10	303	98	121	121	132	110	6484	16400	0	1642	1693	6616	6619	2067	688
10304	10	304	98	121	121	132	110	6484	16400	0	1642	1693	6616	6619	2067	688
10305	10	305	98	121	121	132	110	6484	16400	0	1642	1693	6616	6619	2067	688
10306	10	306	98	121	121	132	110	6484	16400	0	1642	1693	6616	6619	2067	688
10307	10	307	98	121	121	132	110	6484	16400	0	1642	1693	6616	6619	2067	688
10308	10	308	98	121	121	132	110	6484	16400	0	1642	1693	6616	6619	2067	688
10309	10	309	98	121	121	132	110	6484	16400	0	1642	1693	6616	6619	2067	688
10310	10	310	98	121	121	132	110	6484	16400	0	1642	1693	6616	6619	2067	688
10311	10	311	98	121	121	132	110	6484	16400	0	1642	1693	6616	6619	2067	688
10312	10	312	98	121	121	132	110	6484	16400	0	1642	1693	6616	6619	2067	688
10313	10	313	98	121	121	132	110	6484	16400	0	1642	1693	6616	6619	2067	688
10314	10	314	98	121	121	132	110	6484	16400	0	1642	1693	6616	6619	2067	688
10315	10	315	98	121	121	132	110	6484	16400	0	1642	1693	6616	6619	2067	688
10316	10	316	98	121	121	132	110	6484	16400	0	1642	1693	6616	6619	2067	688
10317	10	317	98	121	121	132	110	6484	16400	0	1642	1693	6616	6619	2067	688
10318	10	318	98	121	121	132	110	6484	16400	0	1642	1693	6616	6619	2067	688
10319	10	319	98	121	121	132	110	6484	16400	0	1642	1693	6616	6619	2067	688
10320	10	320	98	121	121	132	110	6484	16400	0	1642	1693	6616	6619	2067	688
10321	10	321	98	121	121	132	110	6484	16400	0	1642	1693	6616	6619	2067	688
10322	10	322	98	121	121	132	110	6484	16400	0	1642	1693	6616	6619	2067	688
10323	10	323	98	121	121	132	110	6484	16400	0	1642	1693	6616	6619	2067	688
10324	10	324	98	121	121	132	110	6484	16400	0	1642	1693	6616	6619	2067	688
10325	10	325	98	121	121	132	110	6484	16400	0	1642	1693	6616	6619	2067	688
10326	10	326	98	121	121	132	110	6484	16400	0	1642	1693	6616	6619	2067	688
10327	10	327	98	121	121	132	110	6484	16400	0	1642	1693	6616	6619	2067	688
10328	10	328	98	121	121	132	110	6484	16400	0	1642	1693	6616	6619	2067	688
10329	10	329	98	121	121	132	110	6484	16400	0	1642	1693	6616	6619	2067	688
10330	10	330	98	121	121	132	110	6484	16400	0	1642	1693	6616	6619	2067	688
10331	10	331	98	121	121	132	110	6484	16400	0	1642	1693	6616	6619	2067	688
10332	10	332	98	121	121	132	110	6484	16400	0	1642	1693	6616	6619	2067	688
10333	10	333	98	121	121	132	110	6484	16400	0	1642	1693	6616	6619	2067	688
10334	10	334	98	121	121	132	110	6484	16400	0	1642	1693	6616	6619	2067	688
10335	10	335	98	121	121	132	110	6484	16400	0	1642	1693	6616	6619	2067	688
10336	10	336	98	121	121	132	110	6484	16400	0	1642	1693	6616	6619	2067	688
10337	10	337	98	121	121	132	110	6484	16400	0	1642	1693	6616	6619	2067	688
10338	10	338	98	121	121	132	110	6484	16400	0	1642	1693	6616	6619	2067	688
10339	10	339	98	121	121	132	110	6484	16400	0	1642	1693	6616	6619	2067	688
10340	10	340	98	121	121	132	110	6484	16400	0	1642	1693	6616	6619	2067	688
10341	10	341	98	121	121	132	110	6484	16400	0	1642	1693	6616	6619	2067	688
10342	10	342	98	121	121	132	110	6484	16400	0	1642	1693	6616	6619	2067	688
10343	10	343	98	121	121	132	110	6484	16400	0	1642	1693	6616	6619	2067	688
10344	10	344	98	121	121	132	110	6484	16400	0	1642	1693	6616	6619	2067	688
10345	10	345	98	121	121	132	110	6484	16400	0	1642	1693	6616	6619	2067	688
10346	10	346	98	121	121	132	110	6484	16400	0	1642	1693	6616	6619	2067	688
10347	10	347	98	121	121	132	110	6484	16400	0	1642	1693	6616	6619	2067	688
10348	10	348	98	121	121	132	110	6484	16400	0	1642	1693	6616	6619	2067	688
10349	10	349	98	121	121	132	110	6484	16400	0	1642	1693	6616	6619	2067	688
10350	10	350	98	121	121	132	110	6484	16400	0	1642	1693	6616	6619	2067	688
10351	10	351	98	121	121	132	110	6484	16400	0	1642	1693	6616	6619	2067	688
10352	10	352	98	121	121	132	110	6484	16400	0	1642	1693	6616	6619	2067	688
10353	10	353	98	121	121	132	110	6484	16400	0	1642	1693	6616	6619	2067	688
10354	10	354	98	121	121	132	110	6484	16400	0	1642	1693	6616	6619	2067	688
10355	10	355	98	121	121	132	110	6484	16400	0	1642	1693	6616	6619	2067	688
10356	10	356	98	121	121	132	110	6484	16400	0	1642	1693	6616	6619	2067	688
10357	10	357	98	121	121	132	110	6484	16400	0	1642	1693	6616	6619	2067	688
10358	10	358	98	121	121	132	110	6484	16400	0	1642	1693	6616	6619	2067	688
10359	10	359	98	121	121	132	110	6484	16400	0	1642	1693	6616	6619	2067	688
10360	10	360	98	121	121	132	110	6484	16400	0	1642	1693	6616	6619	2067	688
10361	10	361	98	121	121	132	110	6484	16400	0	1642	1693	6616	6619	2067	688
10362	10	362	98	121	121	132	110	6484	16400	0	1642	1693	6616	6619	2067	688
10363	10	363	98	121	121	132	110	6484	16400	0	1642	1693	6616	6619	2067	688
10364	10	364	98	121	121	132	110	6484	16400	0	1642	1693	6616	6619	2067	688
10365	10	365	98	121	121	132	110	6484	16400	0	1642	1693	6616	6619	2067	688
10366	10	366	98	121	121	132	110	6484	16400	0	1642	1693	6616	6619	2067	688
10367	10	367	98	121	121	132	110	6484	16400	0	1642	1693	6616	6619	2067	688
10368	10	368	98	121	121	132	110	6484	16400	0	1642	1693	6616	6619	2067	688
10369	10	369	98	121	121	132	110	6484	16400	0	1642	1693	6616	6619	2067	688
10370	10	370	98	121	121	132	110	6484	16400	0	1642	1693	6616	6619	2067	688
10371	10	371	98	121	121	132	110	6484	16400	0	1642	1693	6616	6619	2067	688
10372	10	372	98	121	121	132	110	6484	16400	0	1642	1693	6616	6619	2067	688
10373	10	373	98	121	121	132	110	6484	16400	0	1642	1693	6616	6619	2067	688
10374	10	374	98	121	121	132	110	6484	16400	0	1642	1693	6616	6619	2067	688
10375	10	375	98	121	121	132	110	6484	16400	0	1642	1693	6616	6619	2067	688
10376	10	376	98	121	121	132	110	6484	16400	0	1642	1693	6616	6619	2067	688
10377	10	377	98	121	121	132	110	6484	16400	0	1642	1693	6616	6619	2067	688
10378	10	378	98	121	121	132	110	6484	16400	0	1642	1693	6616	6619	2067	688
10379	10	379	98	121	121	132	110	6484	16400	0	1642	1693	6616	6619	2067	688
10380	10	380	98	121	121	132	110	6484	16400	0	1642	1693	6616	6619	2067	688
10381	10	381	98	121	121	132	110	6484	16400	0	1642	1693	6616	6619	2067	688
10382	10	382	98	121	121	132	110	6484	16400	0	1642	1693	6616	6619	2067	688
10383	10	383	98	121	121	132	110	6484	16400	0	1642	1693	6616	6619	2067	688
10384	10	384	98	121	121	132	110	6484	16400	0	1642	1693	6616	6619	2067	688
10385	10	385	98	121	121	132	110	6484	16400	0	1642	1693	6616	6619	2067	688
10386	10	386	98	121	121	132	110	6484	16400	0	1642	1693	6616	6619	2067	688
10387	10	387	98	121	121	132	110	6484	16400	0	1642	1693	6616	6619	2067	688
10388	10	388	98	121	121	132	110	6484	16400	0	1642	1693	6616	6619	2067	688
10389	10	389	98	121	121	132	110	6484	16400	0	1642	1693	6616	6619	2067	688
10390	10	390	98	121	121	132	110	6484	16400	0	1642	1693	6616	6619	2067	688
10391	10	391	98	121	121	132	110	6484	16400	0	1642	1693	6616	6619	2067	688
10392	10	392	98	121	121	132	110	6484	16400	0	1642	1693	6616	6619	2067	688
10393	10	393	98	121	121	132	110	6484	16400	0	1642	1693	6616	6619	2067	688
10394	10	394	98	121	121	132	110	6484	16400	0	1642	1693	6616	6619	2067	688
10395	10	395	98	121	121	132	110	6484	16400	0	1642	1693	6616	6619	2067	688
10396	10	396	98	121	121	132	110	6484	16400	0	1642	1693	6616	6619	2067	688
10397	10	397	98	121	121	132	110	6484	16400	0	1642	1693	6616	6619	2067	688
10398	10	398	98	121	121	132	110	6484	16400	0	1642	1693	6616	6619	2067	688
10399	10	399	98	121	121	132	110	6484	16400	0	1642	1693	6616	6619	2067	688
10400	10	400	98	121	121	132	110	6484	16400	0	1642	1693	6616	6619	2067	688
10401	10	401	98	121	121	132	110	6484	16400	0	1642	1693	6616	6619	2067	688
10402	10	402	98	121	121	132	110	6484	16400	0	1642	1693	6616	6619	2067	688
10403	10	403	98	121	121	132	110	6484	16400	0	1642	1693	6616	6619	2067	688
10404	10	404	98	121	121	132	110	6484	16400	0	1642	1693	6616	6619	2067	688
10405	10	405	98	121	121	132	110	6484	16400	0	1642	1693	6616	6619	2067	688
10406	10	406	98	121	121	132	110	6484	16400	0	1642	1693	6616	6619	2067	688
10407	10	407	98	121	121	132	110	6484	16400	0	1642	1693	6616	6619	2067	688
10408	10	408	98	121	121	132	110	6484	16400	0	1642	1693	6616	6619	2067	688
10409	10	409	98	121	121	132	110	6484	16400	0	1642	1693	6616	6619	2067	688
10410	10	410	98	121	121	132	110	6484	16400	0	1642	1693	6616	6619	2067	688
10411	10	411	98	121	121	132	110	6484	16400	0	1642	1693	6616	6619	2067	688
10412	10	412	98	121	121	132	110	6484	16400	0	1642	1693	6616	6619	2067	688
10413	10	413	98	121	121	132	110	6484	16400	0	1642	1693	6616	6619	2067	688
10414	10	414	98	121	121	132	110	6484	16400	0	1642	1693	6616	6619	2067	688
10415	10	415	98	121	121	132	110	6484	16400	0	1642	1693	6616	6619	2067	688
10416	10	416	98	121	121	132	110	6484	16400	0	1642	1693	6616	6619	2067	688
10417	10	417	98	121	121	132	110	6484	16400	0	1642	1693	6616	6619	2067	688
10418	10	418	98	121	121	132	110	6484	16400	0	1642	1693	6616	6619	2067	688
10419	10	419	98	121	121	132	110	6484	16400	0	1642	1693	6616	6619	2067	688
10420	10	420	98	121	121	132	110	6484	16400	0	1642	1693	6616	6619	2067	688
10421	10	421	98	121	121	132	110	6484	16400	0	1642	1693	6616	6619	2067	688
10422	10	422	98	121	121	132	110	6484	16400	0	1642	1693	6616	6619	2067	688
10423	10	423	98	121	121	132	110	6484	16400	0	1642	1693	6616	6619	2067	688
10424	10	424	98	121	121	132	110	6484	16400	0	1642	1693	6616	6619	2067	688
10425	10	425	98	121	121	132	110	6484	16400	0	1642	1693	6616	6619	2067	688
10426	10	426	98	121	121	132	110	6484	16400	0	1642	1693	6616	6619	2067	688
10427	10	427	98	121	121	132	110	6484	16400	0	1642	1693	6616	6619	2067	688
10428	10	428	98	121	121	132	110	6484	16400	0	1642	1693	6616	6619	2067	688
10429	10	429	98	121	121	132	110	6484	16400	0	1642	1693	6616	6619	2067	688
10430	10	430	98	121	121	132	110	6484	16400	0	1642	1693	6616	6619	2067	688
10431	10	431	98	121	121	132	110	6484	16400	0	1642	1693	6616	6619	2067	688
10432	10	432	98	121	121	132	110	6484	16400	0	1642	1693	6616	6619	2067	688
10433	10	433	98	121	121	132	110	6484	16400	0	1642	1693	6616	6619	2067	688
10434	10	434	98	121	121	132	110	6484	16400	0	1642	1693	6616	6619	2067	688
10435	10	435	98	121	121	132	110	6484	16400	0	1642	1693	6616	6619	2067	688
10436	10	436	98	121	121	132	110	6484	16400	0	1642	1693	6616	6619	2067	688
10437	10	437	98	121	121	132	110	6484	16400	0	1642	1693	6616	6619	2067	688
10438	10	438	98	121	121	132	110	6484	16400	0	1642	1693	6616	6619	2067	688
10439	10	439	98	121	121	132	110	6484	16400	0	1642	1693	6616	6619	2067	688
10440	10	440	98	121	121	132	110	6484	16400	0	1642	1693	6616	6619	2067	688
10441	10	441	98	121	121	132	110	6484	16400	0	1642	1693	6616	6619	2067	688
10442	10	442	98	121	121	132	110	6484	16400	0	1642	1693	6616	6619	2067	688
10443	10	443	98	121	121	132	110	6484	16400	0	1642	1693	6616	6619	2067	688
10444	10	444	98	121	121	132	110	6484	16400	0	1642	1693	6616	6619	2067	688
10445	10	445	98	121	121	132	110	6484	16400	0	1642	1693	6616	6619	2067	688
10446	10	446	98	121	121	132	110	6484	16400	0	1642	1693	6616	6619	2067	688
10447	10	447	98	121	121	132	110	6484	16400	0	1642	1693	6616	6619	2067	688
10448	10	448	98	121	121	132	110	6484	16400	0	1642	1693	6616	6619	2067	688
10449	10	449	98	121	121	132	110	6484	16400	0	1642	1693	6616	6619	2067	688
10450	10	450	98	121	121	132	110	6484	16400	0	1642	1693	6616	6619	2067	688
10451	10	451	98	121	121	132	110	6484	16400	0	1642	1693	6616	6619	2067	688
10452	10	452	98	121	121	132	110	6484	16400	0	1642	1693	6616	6619	2067	688
10453	10	453	98	121	121	132	110	6484	16400	0	1642	1693	6616	6619	2067	688
10454	10	454	98	121	121	132	110	6484	16400	0	1642	1693	6616	6619	2067	688
10455	10	455	98	121	121	132	110	6484	16400	0	1642	1693	6616	6619	2067	688
10456	10	456	98	121	121	132	110	6484	16400	0	1642	1693	6616	6619	2067	688
10457	10	457	98	121	121	132	110	6484	16400	0	1642	1693	6616	6619	2067	688
10458	10	458	98	121	121	132	110	6484	16400	0	1642	1693	6616	6619	2067	688
10459	10	459	98	121	121	132	110	6484	16400	0	1642	1693	6616	6619	2067	688
10460	10	460	98	121	121	132	110	6484	16400	0	1642	1693	6616	6619	2067	688
10461	10	461	98	121	121	132	110	6484	16400	0	1642	1693	6616	6619	2067	688
10462	10	462	98	121	121	132	110	6484	16400	0	1642	1693	6616	6619	2067	688
10463	10	463	98	121	121	132	110	6484	16400	0	1642	1693	6616	6619	2067	688
10464	10	464	98	121	121	132	110	6484	16400	0	1642	1693	6616	6619	2067	688
10465	10	465	98	121	121	132	110	6484	16400	0	1642	1693	6616	6619	2067	688
10466	10	466	98	121	121	132	110	6484	16400	0	1642	1693	6616	6619	2067	688
10467	10	467	98	121	121	132	110	6484	16400	0	1642	1693	6616	6619	2067	688
10468	10	468	98	121	121	132	110	6484	16400	0	1642	1693	6616	6619	2067	688
10469	10	469	98	121	121	132	110	6484	16400	0	1642	1693	6616	6619	2067	688
10470	10	470	98	121	121	132	110	6484	16400	0	1642	1693	6616	6619	2067	688
10471	10	471	98	121	121	132	110	6484	16400	0	1642	1693	6616	6619	2067	688
10472	10	472	98	121	121	132	110	6484	16400	0	1642	1693	6616	6619	2067	688
10473	10	473	98	121	121	132	110	6484	16400	0	1642	1693	6616	6619	2067	688
10474	10	474	98	121	121	132	110	6484	16400	0	1642	1693	6616	6619	2067	688
10475	10	475	98	121	121	132	110	6484	16400	0	1642	1693	6616	6619	2067	688
10476	10	476	98	121	121	132	110	6484	16400	0	1642	1693	6616	6619	2067	688
10477	10	477	98	121	121	132	110	6484	16400	0	1642	1693	6616	6619	2067	688
10478	10	478	98	121	121	132	110	6484	16400	0	1642	1693	6616	6619	2067	688
10479	10	479	98	121	121	132	110	6484	16400	0	1642	1693	6616	6619	2067	688
10480	10	480	98	121	121	132	110	6484	16400	0	1642	1693	6616	6619	2067	688
10481	10	481	98	121	121	132	110	6484	16400	0	1642	1693	6616	6619	2067	688
10482	10	482	98	121	121	132	110	6484	16400	0	1642	1693	6616	6619	2067	688
10483	10	483	98	121	121	132	110	6484	16400	0	1642	1693	6616	6619	2067	688
10484	10	484	98	121	121	132	110	6484	16400	0	1642	1693	6616	6619	2067	688
10485	10	485	98	121	121	132	110	6484	16400	0	1642	1693	6616	6619	2067	688
10486	10	486	98	121	121	132	110	6484	16400	0	1642	1693	6616	6619	2067	688
10487	10	487	98	121	121	132	110	6484	16400	0	1642	1693	6616	6619	2067	688
10488	10	488	98	121	121	132	110	6484	16400	0	1642	1693	6616	6619	2067	688
10489	10	489	98	121	121	132	110	6484	16400	0	1642	1693	6616	6619	2067	688
10490	10	490	98	121	121	132	110	6484	16400	0	1642	1693	6616	6619	2067	688
10491	10	491	98	121	121	132	110	6484	16400	0	1642	1693	6616	6619	2067	688
10492	10	492	98	121	121	132	110	6484	16400	0	1642	1693	6616	6619	2067	688
10493	10	493	98	121	121	132	110	6484	16400	0	1642	1693	6616	6619	2067	688
10494	10	494	98	121	121	132	110	6484	16400	0	1642	1693	6616	6619	2067	688
10495	10	495	98	121	121	132	110	6484	16400	0	1642	1693	6616	6619	2067	688
10496	10	496	98	121	121	132	110	6484	16400	0	1642	1693	6616	6619	2067	688
10497	10	497	98	121	121	132	110	6484	16400	0	1642	1693	6616	6619	2067	688
10498	10	498	98	121	121	132	110	6484	16400	0	1642	1693	6616	6619	2067	688
10499	10	499	98	121	121	132	110	6484	16400	0	1642	1693	6616	6619	2067	688
10500	10	500	98	121	121	132	110	6484	16400	0	1642	1693	6616	6619	2067	688
10501	10	501	98	121	121	132	110	6484	16400	0	1642	1693	6616	6619	2067	688
10502	10	502	98	121	121	132	110	6484	16400	0	1642	1693	6616	6619	2067	688
10503	10	503	98	121	121	132	110	6484	16400	0	1642	1693	6616	6619	2067	688
10504	10	504	98	121	121	132	110	6484	16400	0	1642	1693	6616	6619	2067	688
10505	10	505	98	121	121	132	110	6484	16400	0	1642	1693	6616	6619	2067	688
10506	10	506	98	121	121	132	110	6484	16400	0	1642	1693	6616	6619	2067	688
10507	10	507	98	121	121	132	110	6484	16400	0	1642	1693	6616	6619	2067	688
10508	10	508	98	121	121	132	110	6484	16400	0	1642	1693	6616	6619	2067	688
10509	10	509	98	121	121	132	110	6484	16400	0	1642	1693	6616	6619	2067	688
10510	10	510	98	121	121	132	110	6484	16400	0	1642	1693	6616	6619	2067	688
10511	10	511	98	121	121	132	110	6484	16400	0	1642	1693	6616	6619	2067	688
10512	10	512	98	121	121	132	110	6484	16400	0	1642	1693	6616	6619	2067	688
10513	10	513	98	121	121	132	110	6484	16400	0	1642	1693	6616	6619	2067	688
10514	10	514	98	121	121	132	110	6484	16400	0	1642	1693	6616	6619	2067	688
10515	10	515	98	121	121	132	110	6484	16400	0	1642	1693	6616	6619	2067	688
10516	10	516	98	121	121	132	110	6484	16400	0	1642	1693	6616	6619	2067	688
10517	10	517	98	121	121	132	110	6484	16400	0	1642	1693	6616	6619	2067	688
10518	10	518	98	121	121	132	110	6484	16400	0	1642	1693	6616	6619	2067	688
10519	10	519	98	121	121	132	110	6484	16400	0	1642	1693	6616	6619	2067	688
10520	10	520	98	121	121	132	110	6484	16400	0	1642	1693	6616	6619	2067	688
10521	10	521	98	121	121	132	110	6484	16400	0	1642	1693	6616	6619	2067	688
10522	10	522	98	121	121	132	110	6484	16400	0	1642	1693	6616	6619	2067	688
10523	10	523	98	121	121	132	110	6484	16400	0	1642	1693	6616	6619	2067	688
10524	10	524	98	121	121	132	110	6484	16400	0	1642	1693	6616	6619	2067	688
10525	10	525	98	121	121	132	110	6484	16400	0	1642	1693	6616	6619	2067	688
10526	10	526	98	121	121	132	110	6484	16400	0	1642	1693	6616	6619	2067	688
10527	10	527	98	121	121	132	110	6484	16400	0	1642	1693	6616	6619	2067	688
10528	10	528	98	121	121	132	110	6484	16400	0	1642	1693	6616	6619	2067	688
10529	10	529	98	121	121	132	110	6484	16400	0	1642	1693	6616	6619	2067	688
10530	10	530	98	121	121	132	110	6484	16400	0	1642	1693	6616	6619	2067	688
10531	10	531	98	121	121	132	110	6484	16400	0	1642	1693	6616	6619	2067	688
10532	10	532	98	121	121	132	110	6484	16400	0	1642	1693	6616	6619	2067	688
10533	10	533	98	121	121	132	110	6484	16400	0	1642	1693	6616	6619	2067	688
10534	10	534	98	121	121	132	110	6484	16400	0	1642	1693	6616	6619	2067	688
10535	10	535	98	121	121	132	110	6484	16400	0	1642	1693	6616	6619	2067	688
10536	10	536	98	121	121	132	110	6484	16400	0	1642	1693	6616	6619	2067	688
10537	10	537	98	121	121	132	110	6484	16400	0	1642	1693	6616	6619	2067	688
10538	10	538	98	121	121	132	110	6484	16400	0	1642	1693	6616	6619	2067	688
10539	10	539	98	121	121	132	110	6484	16400	0	1642	1693	6616	6619	2067	688
10540	10	540	98	121	121	132	110	6484	16400	0	1642	1693	6616	6619	2067	688
10541	10	541	98	121	121	132	110	6484	16400	0	1642	1693	6616	6619	2067	688
10542	10	542	98	121	121	132	110	6484	16400	0	1642	1693	6616	6619	2067	688
10543	10	543	98	121	121	132	110	6484	16400	0	1642	1693	6616	6619	2067	688
10544	10	544	98	121	121	132	110	6484	16400	0	1642	1693	6616	6619	2067	688
10545	10	545	98	121	121	132	110	6484	16400	0	1642	1693	6616	6619	2067	688
10546	10	546	98	121	121	132	110	6484	16400	0	1642	1693	6616	6619	2067	688
10547	10	547	98	121	121	132	110	6484	16400	0	1642	1693	6616	6619	2067	688
10548	10	548	98	121	121	132	110	6484	16400	0	1642	1693	6616	6619	2067	688
10549	10	549	98	121	121	132	110	6484	16400	0	1642	1693	6616	6619	2067	688
10550	10	550	98	121	121	132	110	6484	16400	0	1642	1693	6616	6619	2067	688
10551	10	551	98	121	121	132	110	6484	16400	0	1642	1693	6616	6619	2067	688
10552	10	552	98	121	121	132	110	6484	16400	0	1642	1693	6616	6619	2067	688
10553	10	553	98	121	121	132	110	6484	16400	0	1642	1693	6616	6619	2067	688
10554	10	554	98	121	121	132	110	6484	16400	0	1642	1693	6616	6619	2067	688
10555	10	555	98	121	121	132	110	6484	16400	0	1642	1693	6616	6619	2067	688
10556	10	556	98	121	121	132	110	6484	16400	0	1642	1693	6616	6619	2067	688
10557	10	557	98	121	121	132	110	6484	16400	0	1642	1693	6616	6619	2067	688
10558	10	558	98	121	121	132	110	6484	16400	0	1642	1693	6616	6619	2067	688
10559	10	559	98	121	121	132	110	6484	16400	0	1642	1693	6616	6619	2067	688
10560	10	560	98	121	121	132	110	6484	16400	0	1642	1693	6616	6619	2067	688
10561	10	561	98	121	121	132	110	6484	16400	0	1642	1693	6616	6619	2067	688
10562	10	562	98	121	121	132	110	6484	16400	0	1642	1693	6616	6619	2067	688
10563	10	563	98	121	121	132	110	6484	16400	0	1642	1693	6616	6619	2067	688
10564	10	564	98	121	121	132	110	6484	16400	0	1642	1693	6616	6619	2067	688
10565	10	565	98	121	121	132	110	6484	16400	0	1642	1693	6616	6619	2067	688
10566	10	566	98	121	121	132	110	6484	16400	0	1642	1693	6616	6619	2067	688
10567	10	567	98	121	121	132	110	6484	16400	0	1642	1693	6616	6619	2067	688
10568	10	568	98	121	121	132	110	6484	16400	0	1642	1693	6616	6619	2067	688
10569	10	569	98	121	121	132	110	6484	16400	0	1642	1693	6616	6619	2067	688
10570	10	570	98	121	121	132	110	6484	16400	0	1642	1693	6616	6619	2067	688
10571	10	571	98	121	121	132	110	6484	16400	0	1642	1693	6616	6619	2067	688
10572	10	572	98	121	121	132	110	6484	16400	0	1642	1693	6616	6619	2067	688
10573	10	573	98	121	121	132	110	6484	16400	0	1642	1693	6616	6619	2067	688
10574	10	574	98	121	121	132	110	6484	16400	0	1642	1693	6616	6619	2067	688
10575	10	575	98	121	121	132	110	6484	16400	0	1642	1693	6616	6619	2067	688
10576	10	576	98	121	121	132	110	6484	16400	0	1642	1693	6616	6619	2067	688
10577	10	577	98	121	121	132	110	6484	16400	0	1642	1693	6616	6619	2067	688
10578	10	578	98	121	121	132	110	6484	16400	0	1642	1693	6616	6619	2067	688
10579	10	579	98	121	121	132	110	6484	16400	0	1642	1693	6616	6619	2067	688
10580	10	580	98	121	121	132	110	6484	16400	0	1642	1693	6616	6619	2067	688
10581	10	581	98	121	121	132	110	6484	16400	0	1642	1693	6616	6619	2067	688
10582	10	582	98	121	121	132	110	6484	16400	0	1642	1693	6616	6619	2067	688
10583	10	583	98	121	121	132	110	6484	16400	0	1642	1693	6616	6619	2067	688
10584	10	584	98	121	121	132	110	6484	16400	0	1642	1693	6616	6619	2067	688
10585	10	585	98	121	121	132	110	6484	16400	0	1642	1693	6616	6619	2067	688
10586	10	586	98	121	121	132	110	6484	16400	0	1642	1693	6616	6619	2067	688
10587	10	587	98	121	121	132	110	6484	16400	0	1642	1693	6616	6619	2067	688
10588	10	588	98	121	121	132	110	6484	16400	0	1642	1693	6616	6619	2067	688
10589	10	589	98	121	121	132	110	6484	16400	0	1642	1693	6616	6619	2067	688
10590	10	590	98	121	121	132	110	6484	16400	0	1642	1693	6616	6619	2067	688
10591	10	591	98	121	121	132	110	6484	16400	0	1642	1693	6616	6619	2067	688
10592	10	592	98	121	121	132	110	6484	16400	0	1642	1693	6616	6619	2067	688
10593	10	593	98	121	121	132	110	6484	16400	0	1642	1693	6616	6619	2067	688
10594	10	594	98	121	121	132	110	6484	16400	0	1642	1693	6616	6619	2067	688
10595	10	595	98	121	121	132	110	6484	16400	0	1642	1693	6616	6619	2067	688
10596	10	596	98	121	121	132	110	6484	16400	0	1642	1693	6616	6619	2067	688
10597	10	597	98	121	121	132	110	6484	16400	0	1642	1693	6616	6619	2067	688
10598	10	598	98	121	121	132	110	6484	16400	0	1642	1693	6616	6619	2067	688
10599	10	599	98	121	121	132	110	6484	16400	0	1642	1693	6616	6619	2067	688
10600	10	600	98	121	121	132	110	6484	16400	0	1642	1693	6616	6619	2067	688
10601	10	601	98	121	121	132	110	6484	16400	0	1642	1693	6616	6619	2067	688
10602	10	602	98	121	121	132	110	6484	16400	0	1642	1693	6616	6619	2067	688
10603	10	603	98	121	121	132	110	6484	16400	0	1642	1693	6616	6619	2067	688
10604	10	604	98	121	121	132	110	6484	16400	0	1642	1693	6616	6619	2067	688
10605	10	605	98	121	121	132	110	6484	16400	0	1642	1693	6616	6619	2067	688
10606	10	606	98	121	121	132	110	6484	16400	0	1642	1693	6616	6619	2067	688
10607	10	607	98	121	121	132	110	6484	16400	0	1642	1693	6616	6619	2067	688
10608	10	608	98	121	121	132	110	6484	16400	0	1642	1693	6616	6619	2067	688
10609	10	609	98	121	121	132	110	6484	16400	0	1642	1693	6616	6619	2067	688
10610	10	610	98	121	121	132	110	6484	16400	0	1642	1693	6616	6619	2067	688
10611	10	611	98	121	121	132	110	6484	16400	0	1642	1693	6616	6619	2067	688
10612	10	612	98	121	121	132	110	6484	16400	0	1642	1693	6616	6619	2067	688
10613	10	613	98	121	121	132	110	6484	16400	0	1642	1693	6616	6619	2067	688
10614	10	614	98	121	121	132	110	6484	16400	0	1642	1693	6616	6619	2067	688
10615	10	615	98	121	121	132	110	6484	16400	0	1642	1693	6616	6619	2067	688
10616	10	616	98	121	121	132	110	6484	16400	0	1642	1693	6616	6619	2067	688
10617	10	617	98	121	121	132	110	6484	16400	0	1642	1693	6616	6619	2067	688
10618	10	618	98	121	121	132	110	6484	16400	0	1642	1693	6616	6619	2067	688
10619	10	619	98	121	121	132	110	6484	16400	0	1642	1693	6616	6619	2067	688
10620	10	620	98	121	121	132	110	6484	16400	0	1642	1693	6616	6619	2067	688
10621	10	621	98	121	121	132	110	6484	16400	0	1642	1693	6616	6619	2067	688
10622	10	622	98	121	121	132	110	6484	16400	0	1642	1693	6616	6619	2067	688
10623	10	623	98	121	121	132	110	6484	16400	0	1642	1693	6616	6619	2067	688
10624	10	624	98	121	121	132	110	6484	16400	0	1642	1693	6616	6619	2067	688
10625	10	625	98	121	121	132	110	6484	16400	0	1642	1693	6616	6619	2067	688
10626	10	626	98	121	121	132	110	6484	16400	0	1642	1693	6616	6619	2067	688
10627	10	627	98	121	121	132	110	6484	16400	0	1642	1693	6616	6619	2067	688
10628	10	628	98	121	121	132	110	6484	16400	0	1642	1693	6616	6619	2067	688
10629	10	629	98	121	121	132	110	6484	16400	0	1642	1693	6616	6619	2067	688
10630	10	630	98	121	121	132	110	6484	16400	0	1642	1693	6616	6619	2067	688
10631	10	631	98	121	121	132	110	6484	16400	0	1642	1693	6616	6619	2067	688
10632	10	632	98	121	121	132	110	6484	16400	0	1642	1693	6616	6619	2067	688
10633	10	633	98	121	121	132	110	6484	16400	0	1642	1693	6616	6619	2067	688
10634	10	634	98	121	121	132	110	6484	16400	0	1642	1693	6616	6619	2067	688
10635	10	635	98	121	121	132	110	6484	16400	0	1642	1693	6616	6619	2067	688
10636	10	636	98	121	121	132	110	6484	16400	0	1642	1693	6616	6619	2067	688
10637	10	637	98	121	121	132	110	6484	16400	0	1642	1693	6616	6619	2067	688
10638	10	638	98	121	121	132	110	6484	16400	0	1642	1693	6616	6619	2067	688
10639	10	639	98	121	121	132	110	6484	16400	0	1642	1693	6616	6619	2067	688
10640	10	640	98	121	121	132	110	6484	16400	0	1642	1693	6616	6619	2067	688
10641	10	641	98	121	121	132	110	6484	16400	0	1642	1693	6616	6619	2067	688
10642	10	642	98	121	121	132	110	6484	16400	0	1642	1693	6616	6619	2067	688
10643	10	643	98	121	121	132	110	6484	16400	0	1642	1693	6616	6619	2067	688
10644	10	644	98	121	121	132	110	6484	16400	0	1642	1693	6616	6619	2067	688
10645	10	645	98	121	121	132	110	6484	16400	0	1642	1693	6616	6619	2067	688
10646	10	646	98	121	121	132	110	6484	16400	0	1642	1693	6616	6619	2067	688
10647	10	647	98	121	121	132	110	6484	16400	0	1642	1693	6616	6619	2067	688
10648	10	648	98	121	121	132	110	6484	16400	0	1642	1693	6616	6619	2067	688
10649	10	649	98	121	121	132	110	6484	16400	0	1642	1693	6616	6619	2067	688
10650	10	650	98	121	121	132	110	6484	16400	0	1642	1693	6616	6619	2067	688
10651	10	651	98	121	121	132	110	6484	16400	0	1642	1693	6616	6619	2067	688
10652	10	652	98	121	121	132	110	6484	16400	0	1642	1693	6616	6619	2067	688
10653	10	653	98	121	121	132	110	6484	16400	0	1642	1693	6616	6619	2067	688
10654	10	654	98	121	121	132	110	6484	16400	0	1642	1693	6616	6619	2067	688
10655	10	655	98	121	121	132	110	6484	16400	0	1642	1693	6616	6619	2067	688
10656	10	656	98	121	121	132	110	6484	16400	0	1642	1693	6616	6619	2067	688
10657	10	657	98	121	121	132	110	6484	16400	0	1642	1693	6616	6619	2067	688
10658	10	658	98	121	121	132	110	6484	16400	0	1642	1693	6616	6619	2067	688
10659	10	659	98	121	121	132	110	6484	16400	0	1642	1693	6616	6619	2067	688
10660	10	660	98	121	121	132	110	6484	16400	0	1642	1693	6616	6619	2067	688
10661	10	661	98	121	121	132	110	6484	16400	0	1642	1693	6616	6619	2067	688
10662	10	662	98	121	121	132	110	6484	16400	0	1642	1693	6616	6619	2067	688
10663	10	663	98	121	121	132	110	6484	16400	0	1642	1693	6616	6619	2067	688
10664	10	664	98	121	121	132	110	6484	16400	0	1642	1693	6616	6619	2067	688
10665	10	665	98	121	121	132	110	6484	16400	0	1642	1693	6616	6619	2067	688
10666	10	666	98	121	121	132	110	6484	16400	0	1642	1693	6616	6619	2067	688
10667	10	667	98	121	121	132	110	6484	16400	0	1642	1693	6616	6619	2067	688
10668	10	668	98	121	121	132	110	6484	16400	0	1642	1693	6616	6619	2067	688
10669	10	669	98	121	121	132	110	6484	16400	0	1642	1693	6616	6619	2067	688
10670	10	670	98	121	121	132	110	6484	16400	0	1642	1693	6616	6619	2067	688
10671	10	671	98	121	121	132	110	6484	16400	0	1642	1693	6616	6619	2067	688
10672	10	672	98	121	121	132	110	6484	16400	0	1642	1693	6616	6619	2067	688
10673	10	673	98	121	121	132	110	6484	16400	0	1642	1693	6616	6619	2067	688
10674	10	674	98	121	121	132	110	6484	16400	0	1642	1693	6616	6619	2067	688
10675	10	675	98	121	121	132	110	6484	16400	0	1642	1693	6616	6619	2067	688
10676	10	676	98	121	121	132	110	6484	16400	0	1642	1693	6616	6619	2067	688
10677	10	677	98	121	121	132	110	6484	16400	0	1642	1693	6616	6619	2067	688
10678	10	678	98	121	121	132	110	6484	16400	0	1642	1693	6616	6619	2067	688
10679	10	679	98	121	121	132	110	6484	16400	0	1642	1693	6616	6619	2067	688
10680	10	680	98	121	121	132	110	6484	16400	0	1642	1693	6616	6619	2067	688
10681	10	681	98	121	121	132	110	6484	16400	0	1642	1693	6616	6619	2067	688
10682	10	682	98	121	121	132	110	6484	16400	0	1642	1693	6616	6619	2067	688
10683	10	683	98	121	121	132	110	6484	16400	0	1642	1693	6616	6619	2067	688
10684	10	684	98	121	121	132	110	6484	16400	0	1642	1693	6616	6619	2067	688
10685	10	685	98	121	121	132	110	6484	16400	0	1642	1693	6616	6619	2067	688
10686	10	686	98	121	121	132	110	6484	16400	0	1642	1693	6616	6619	2067	688
10687	10	687	98	121	121	132	110	6484	16400	0	1642	1693	6616	6619	2067	688
10688	10	688	98	121	121	132	110	6484	16400	0	1642	1693	6616	6619	2067	688
10689	10	689	98	121	121	132	110	6484	16400	0	1642	1693	6616	6619	2067	688
10690	10	690	98	121	121	132	110	6484	16400	0	1642	1693	6616	6619	2067	688
10691	10	691	98	121	121	132	110	6484	16400	0	1642	1693	6616	6619	2067	688
10692	10	692	98	121	121	132	110	6484	16400	0	1642	1693	6616	6619	2067	688
10693	10	693	98	121	121	132	110	6484	16400	0	1642	1693	6616	6619	2067	688
10694	10	694	98	121	121	132	110	6484	16400	0	1642	1693	6616	6619	2067	688
10695	10	695	98	121	121	132	110	6484	16400	0	1642	1693	6616	6619	2067	688
10696	10	696	98	121	121	132	110	6484	16400	0	1642	1693	6616	6619	2067	688
10697	10	697	98	121	121	132	110	6484	16400	0	1642	1693	6616	6619	2067	688
10698	10	698	98	121	121	132	110	6484	16400	0	1642	1693	6616	6619	2067	688
10699	10	699	98	121	121	132	110	6484	16400	0	1642	1693	6616	6619	2067	688
10700	10	700	98	121	121	132	110	6484	16400	0	1642	1693	6616	6619	2067	688
10701	10	701	98	121	121	132	110	6484	16400	0	1642	1693	6616	6619	2067	688
10702	10	702	98	121	121	132	110	6484	16400	0	1642	1693	6616	6619	2067	688
10703	10	703	98	121	121	132	110	6484	16400	0	1642	1693	6616	6619	2067	688
10704	10	704	98	121	121	132	110	6484	16400	0	1642	1693	6616	6619	2067	688
10705	10	705	98	121	121	132	110	6484	16400	0	1642	1693	6616	6619	2067	688
10706	10	706	98	121	121	132	110	6484	16400	0	1642	1693	6616	6619	2067	688
10707	10	707	98	121	121	132	110	6484	16400	0	1642	1693	6616	6619	2067	688
10708	10	708	98	121	121	132	110	6484	16400	0	1642	1693	6616	6619	2067	688
10709	10	709	98	121	121	132	110	6484	16400	0	1642	1693	6616	6619	2067	688
10710	10	710	98	121	121	132	110	6484	16400	0	1642	1693	6616	6619	2067	688
10711	10	711	98	121	121	132	110	6484	16400	0	1642	1693	6616	6619	2067	688
10712	10	712	98	121	121	132	110	6484	16400	0	1642	1693	6616	6619	2067	688
10713	10	713	98	121	121	132	110	6484	16400	0	1642	1693	6616	6619	2067	688
10714	10	714	98	121	121	132	110	6484	16400	0	1642	1693	6616	6619	2067	688
10715	10	715	98	121	121	132	110	6484	16400	0	1642	1693	6616	6619	2067	688
10716	10	716	98	121	121	132	110	6484	16400	0	1642	1693	6616	6619	2067	688
10717	10	717	98	121	121	132	110	6484	16400	0	1642	1693	6616	6619	2067	688
10718	10	718	98	121	121	132	110	6484	16400	0	1642	1693	6616	6619	2067	688
10719	10	719	98	121	121	132	110	6484	16400	0	1642	1693	6616	6619	2067	688
10720	10	720	98	121	121	132	110	6484	16400	0	1642	1693	6616	6619	2067	688
10721	10	721	98	121	121	132	110	6484	16400	0	1642	1693	6616	6619	2067	688
10722	10	722	98	121	121	132	110	6484	16400	0	1642	1693	6616	6619	2067	688
10723	10	723	98	121	121	132	110	6484	16400	0	1642	1693	6616	6619	2067	688
10724	10	724	98	121	121	132	110	6484	16400	0	1642	1693	6616	6619	2067	688
10725	10	725	98	121	121	132	110	6484	16400	0	1642	1693	6616	6619	2067	688
10726	10	726	98	121	121	132	110	6484	16400	0	1642	1693	6616	6619	2067	688
10727	10	727	98	121	121	132	110	6484	16400	0	1642	1693	6616	6619	2067	688
10728	10	728	98	121	121	132	110	6484	16400	0	1642	1693	6616	6619	2067	688
10729	10	729	98	121	121	132	110	6484	16400	0	1642	1693	6616	6619	2067	688
10730	10	730	98	121	121	132	110	6484	16400	0	1642	1693	6616	6619	2067	688
10731	10	731	98	121	121	132	110	6484	16400	0	1642	1693	6616	6619	2067	688
10732	10	732	98	121	121	132	110	6484	16400	0	1642	1693	6616	6619	2067	688
10733	10	733	98	121	121	132	110	6484	16400	0	1642	1693	6616	6619	2067	688
10734	10	734	98	121	121	132	110	6484	16400	0	1642	1693	6616	6619	2067	688
10735	10	735	98	121	121	132	110	6484	16400	0	1642	1693	6616	6619	2067	688
10736	10	736	98	121	121	132	110	6484	16400	0	1642	1693	6616	6619	2067	688
10737	10	737	98	121	121	132	110	6484	16400	0	1642	1693	6616	6619	2067	688
10738	10	738	98	121	121	132	110	6484	16400	0	1642	1693	6616	6619	2067	688
10739	10	739	98	121	121	132	110	6484	16400	0	1642	1693	6616	6619	2067	688
10740	10	740	98	121	121	132	110	6484	16400	0	1642	1693	6616	6619	2067	688
10741	10	741	98	121	121	132	110	6484	16400	0	1642	1693	6616	6619	2067	688
10742	10	742	98	121	121	132	110	6484	16400	0	1642	1693	6616	6619	2067	688
10743	10	743	98	121	121	132	110	6484	16400	0	1642	1693	6616	6619	2067	688
10744	10	744	98	121	121	132	110	6484	16400	0	1642	1693	6616	6619	2067	688
10745	10	745	98	121	121	132	110	6484	16400	0	1642	1693	6616	6619	2067	688
10746	10	746	98	121	121	132	110	6484	16400	0	1642	1693	6616	6619	2067	688
10747	10	747	98	121	121	132	110	6484	16400	0	1642	1693	6616	6619	2067	688
10748	10	748	98	121	121	132	110	6484	16400	0	1642	1693	6616	6619	2067	688
10749	10	749	98	121	121	132	110	6484	16400	0	1642	1693	6616	6619	2067	688
10750	10	750	98	121	121	132	110	6484	16400	0	1642	1693	6616	6619	2067	688
10751	10	751	98	121	121	132	110	6484	16400	0	1642	1693	6616	6619	2067	688
10752	10	752	98	121	121	132	110	6484	16400	0	1642	1693	6616	6619	2067	688
10753	10	753	98	121	121	132	110	6484	16400	0	1642	1693	6616	6619	2067	688
10754	10	754	98	121	121	132	110	6484	16400	0	1642	1693	6616	6619	2067	688
10755	10	755	98	121	121	132	110	6484	16400	0	1642	1693	6616	6619	2067	688
10756	10	756	98	121	121	132	110	6484	16400	0	1642	1693	6616	6619	2067	688
10757	10	757	98	121	121	132	110	6484	16400	0	1642	1693	6616	6619	2067	688
10758	10	758	98	121	121	132	110	6484	16400	0	1642	1693	6616	6619	2067	688
10759	10	759	98	121	121	132	110	6484	16400	0	1642	1693	6616	6619	2067	688
10760	10	760	98	121	121	132	110	6484	16400	0	1642	1693	6616	6619	2067	688
10761	10	761	98	121	121	132	110	6484	16400	0	1642	1693	6616	6619	2067	688
10762	10	762	98	121	121	132	110	6484	16400	0	1642	1693	6616	6619	2067	688
10763	10	763	98	121	121	132	110	6484	16400	0	1642	1693	6616	6619	2067	688
10764	10	764	98	121	121	132	110	6484	16400	0	1642	1693	6616	6619	2067	688
10765	10	765	98	121	121	132	110	6484	16400	0	1642	1693	6616	6619	2067	688
10766	10	766	98	121	121	132	110	6484	16400	0	1642	1693	6616	6619	2067	688
10767	10	767	98	121	121	132	110	6484	16400	0	1642	1693	6616	6619	2067	688
10768	10	768	98	121	121	132	110	6484	16400	0	1642	1693	6616	6619	2067	688
10769	10	769	98	121	121	132	110	6484	16400	0	1642	1693	6616	6619	2067	688
10770	10	770	98	121	121	132	110	6484	16400	0	1642	1693	6616	6619	2067	688
10771	10	771	98	121	121	132	110	6484	16400	0	1642	1693	6616	6619	2067	688
10772	10	772	98	121	121	132	110	6484	16400	0	1642	1693	6616	6619	2067	688
10773	10	773	98	121	121	132	110	6484	16400	0	1642	1693	6616	6619	2067	688
10774	10	774	98	121	121	132	110	6484	16400	0	1642	1693	6616	6619	2067	688
10775	10	775	98	121	121	132	110	6484	16400	0	1642	1693	6616	6619	2067	688
10776	10	776	98	121	121	132	110	6484	16400	0	1642	1693	6616	6619	2067	688
10777	10	777	98	121	121	132	110	6484	16400	0	1642	1693	6616	6619	2067	688
10778	10	778	98	121	121	132	110	6484	16400	0	1642	1693	6616	6619	2067	688
10779	10	779	98	121	121	132	110	6484	16400	0	1642	1693	6616	6619	2067	688
10780	10	780	98	121	121	132	110	6484	16400	0	1642	1693	6616	6619	2067	688
10781	10	781	98	121	121	132	110	6484	16400	0	1642	1693	6616	6619	2067	688
10782	10	782	98	121	121	132	110	6484	16400	0	1642	1693	6616	6619	2067	688
10783	10	783	98	121	121	132	110	6484	16400	0	1642	1693	6616	6619	2067	688
10784	10	784	98	121	121	132	110	6484	16400	0	1642	1693	6616	6619	2067	688
10785	10	785	98	121	121	132	110	6484	16400	0	1642	1693	6616	6619	2067	688
10786	10	786	98	121	121	132	110	6484	16400	0	1642	1693	6616	6619	2067	688
10787	10	787	98	121	121	132	110	6484	16400	0	1642	1693	6616	6619	2067	688
10788	10	788	98	121	121	132	110	6484	16400	0	1642	1693	6616	6619	2067	688
10789	10	789	98	121	121	132	110	6484	16400	0	1642	1693	6616	6619	2067	688
10790	10	790	98	121	121	132	110	6484	16400	0	1642	1693	6616	6619	2067	688
10791	10	791	98	121	121	132	110	6484	16400	0	1642	1693	6616	6619	2067	688
10792	10	792	98	121	121	132	110	6484	16400	0	1642	1693	6616	6619	2067	688
10793	10	793	98	121	121	132	110	6484	16400	0	1642	1693	6616	6619	2067	688
10794	10	794	98	121	121	132	110	6484	16400	0	1642	1693	6616	6619	2067	688
10795	10	795	98	121	121	132	110	6484	16400	0	1642	1693	6616	6619	2067	688
10796	10	796	98	121	121	132	110	6484	16400	0	1642	1693	6616	6619	2067	688
10797	10	797	98	121	121	132	110	6484	16400	0	1642	1693	6616	6619	2067	688
10798	10	798	98	121	121	132	110	6484	16400	0	1642	1693	6616	6619	2067	688
10799	10	799	98	121	121	132	110	6484	16400	0	1642	1693	6616	6619	2067	688
10800	10	800	98	121	121	132	110	6484	16400	0	1642	1693	6616	6619	2067	688
10801	10	801	98	121	121	132	110	6484	16400	0	1642	1693	6616	6619	2067	688
10802	10	802	98	121	121	132	110	6484	16400	0	1642	1693	6616	6619	2067	688
10803	10	803	98	121	121	132	110	6484	16400	0	1642	1693	6616	6619	2067	688
10804	10	804	98	121	121	132	110	6484	16400	0	1642	1693	6616	6619	2067	688
10805	10	805	98	121	121	132	110	6484	16400	0	1642	1693	6616	6619	2067	688
10806	10	806	98	121	121	132	110	6484	16400	0	1642	1693	6616	6619	2067	688
10807	10	807	98	121	121	132	110	6484	16400	0	1642	1693	6616	6619	2067	688
10808	10	808	98	121	121	132	110	6484	16400	0	1642	1693	6616	6619	2067	688
10809	10	809	98	121	121	132	110	6484	16400	0	1642	1693	6616	6619	2067	688
10810	10	810	98	121	121	132	110	6484	16400	0	1642	1693	6616	6619	2067	688
10811	10	811	98	121	121	132	110	6484	16400	0	1642	1693	6616	6619	2067	688
10812	10	812	98	121	121	132	110	6484	16400	0	1642	1693	6616	6619	2067	688
10813	10	813	98	121	121	132	110	6484	16400	0	1642	1693	6616	6619	2067	688
10814	10	814	98	121	121	132	110	6484	16400	0	1642	1693	6616	6619	2067	688
10815	10	815	98	121	121	132	110	6484	16400	0	1642	1693	6616	6619	2067	688
10816	10	816	98	121	121	132	110	6484	16400	0	1642	1693	6616	6619	2067	688
10817	10	817	98	121	121	132	110	6484	16400	0	1642	1693	6616	6619	2067	688
10818	10	818	98	121	121	132	110	6484	16400	0	1642	1693	6616	6619	2067	688
10819	10	819	98	121	121	132	110	6484	16400	0	1642	1693	6616	6619	2067	688
10820	10	820	98	121	121	132	110	6484	16400	0	1642	1693	6616	6619	2067	688
10821	10	821	98	121	121	132	110	6484	16400	0	1642	1693	6616	6619	2067	688
10822	10	822	98	121	121	132	110	6484	16400	0	1642	1693	6616	6619	2067	688
10823	10	823	98	121	121	132	110	6484	16400	0	1642	1693	6616	6619	2067	688
10824	10	824	98	121	121	132	110	6484	16400	0	1642	1693	6616	6619	2067	688
10825	10	825	98	121	121	132	110	6484	16400	0	1642	1693	6616	6619	2067	688
10826	10	826	98	121	121	132	110	6484	16400	0	1642	1693	6616	6619	2067	688
10827	10	827	98	121	121	132	110	6484	16400	0	1642	1693	6616	6619	2067	688
10828	10	828	98	121	121	132	110	6484	16400	0	1642	1693	6616	6619	2067	688
10829	10	829	98	121	121	132	110	6484	16400	0	1642	1693	6616	6619	2067	688
10830	10	830	98	121	121	132	110	6484	16400	0	1642	1693	6616	6619	2067	688
10831	10	831	98	121	121	132	110	6484	16400	0	1642	1693	6616	6619	2067	688
10832	10	832	98	121	121	132	110	6484	16400	0	1642	1693	6616	6619	2067	688
10833	10	833	98	121	121	132	110	6484	16400	0	1642	1693	6616	6619	2067	688
10834	10	834	98	121	121	132	110	6484	16400	0	1642	1693	6616	6619	2067	688
10835	10	835	98	121	121	132	110	6484	16400	0	1642	1693	6616	6619	2067	688
10836	10	836	98	121	121	132	110	6484	16400	0	1642	1693	6616	6619	2067	688
10837	10	837	98	121	121	132	110	6484	16400	0	1642	1693	6616	6619	2067	688
10838	10	838	98	121	121	132	110	6484	16400	0	1642	1693	6616	6619	2067	688
10839	10	839	98	121	121	132	110	6484	16400	0	1642	1693	6616	6619	2067	688
10840	10	840	98	121	121	132	110	6484	16400	0	1642	1693	6616	6619	2067	688
10841	10	841	98	121	121	132	110	6484	16400	0	1642	1693	6616	6619	2067	688
10842	10	842	98	121	121	132	110	6484	16400	0	1642	1693	6616	6619	2067	688
10843	10	843	98	121	121	132	110	6484	16400	0	1642	1693	6616	6619	2067	688
10844	10	844	98	121	121	132	110	6484	16400	0	1642	1693	6616	6619	2067	688
10845	10	845	98	121	121	132	110	6484	16400	0	1642	1693	6616	6619	2067	688
10846	10	846	98	121	121	132	110	6484	16400	0	1642	1693	6616	6619	2067	688
10847	10	847	98	121	121	132	110	6484	16400	0	1642	1693	6616	6619	2067	688
10848	10	848	98	121	121	132	110	6484	16400	0	1642	1693	6616	6619	2067	688
10849	10	849	98	121	121	132	110	6484	16400	0	1642	1693	6616	6619	2067	688
10850	10	850	98	121	121	132	110	6484	16400	0	1642	1693	6616	6619	2067	688
10851	10	851	98	121	121	132	110	6484	16400	0	1642	1693	6616	6619	2067	688
10852	10	852	98	121	121	132	110	6484	16400	0	1642	1693	6616	6619	2067	688
10853	10	853	98	121	121	132	110	6484	16400	0	1642	1693	6616	6619	2067	688
10854	10	854	98	121	121	132	110	6484	16400	0	1642	1693	6616	6619	2067	688
10855	10	855	98	121	121	132	110	6484	16400	0	1642	1693	6616	6619	2067	688
10856	10	856	98	121	121	132	110	6484	16400	0	1642	1693	6616	6619	2067	688
10857	10	857	98	121	121	132	110	6484	16400	0	1642	1693	6616	6619	2067	688
10858	10	858	98	121	121	132	110	6484	16400	0	1642	1693	6616	6619	2067	688
10859	10	859	98	121	121	132	110	6484	16400	0	1642	1693	6616	6619	2067	688
10860	10	860	98	121	121	132	110	6484	16400	0	1642	1693	6616	6619	2067	688
10861	10	861	98	121	121	132	110	6484	16400	0	1642	1693	6616	6619	2067	688
10862	10	862	98	121	121	132	110	6484	16400	0	1642	1693	6616	6619	2067	688
10863	10	863	98	121	121	132	110	6484	16400	0	1642	1693	6616	6619	2067	688
10864	10	864	98	121	121	132	110	6484	16400	0	1642	1693	6616	6619	2067	688
10865	10	865	98	121	121	132	110	6484	16400	0	1642	1693	6616	6619	2067	688
10866	10	866	98	121	121	132	110	6484	16400	0	1642	1693	6616	6619	2067	688
10867	10	867	98	121	121	132	110	6484	16400	0	1642	1693	6616	6619	2067	688
10868	10	868	98	121	121	132	110	6484	16400	0	1642	1693	6616	6619	2067	688
10869	10	869	98	121	121	132	110	6484	16400	0	1642	1693	6616	6619	2067	688
10870	10	870	98	121	121	132	110	6484	16400	0	1642	1693	6616	6619	2067	688
10871	10	871	98	121	121	132	110	6484	16400	0	1642	1693	6616	6619	2067	688
10872	10	872	98	121	121	132	110	6484	16400	0	1642	1693	6616	6619	2067	688
10873	10	873	98	121	121	132	110	6484	16400	0	1642	1693	6616	6619	2067	688
10874	10	874	98	121	121	132	110	6484	16400	0	1642	1693	6616	6619	2067	688
10875	10	875	98	121	121	132	110	6484	16400	0	1642	1693	6616	6619	2067	688
10876	10	876	98	121	121	132	110	6484	16400	0	1642	1693	6616	6619	2067	688
10877	10	877	98	121	121	132	110	6484	16400	0	1642	1693	6616	6619	2067	688
10878	10	878	98	121	121	132	110	6484	16400	0	1642	1693	6616	6619	2067	688
10879	10	879	98	121	121	132	110	6484	16400	0	1642	1693	6616	6619	2067	688
10880	10	880	98	121	121	132	110	6484	16400	0	1642	1693	6616	6619	2067	688
10881	10	881	98	121	121	132	110	6484	16400	0	1642	1693	6616	6619	2067	688
10882	10	882	98	121	121	132	110	6484	16400	0	1642	1693	6616	6619	2067	688
10883	10	883	98	121	121	132	110	6484	16400	0	1642	1693	6616	6619	2067	688
10884	10	884	98	121	121	132	110	6484	16400	0	1642	1693	6616	6619	2067	688
10885	10	885	98	121	121	132	110	6484	16400	0	1642	1693	6616	6619	2067	688
10886	10	886	98	121	121	132	110	6484	16400	0	1642	1693	6616	6619	2067	688
10887	10	887	98	121	121	132	110	6484	16400	0	1642	1693	6616	6619	2067	688
10888	10	888	98	121	121	132	110	6484	16400	0	1642	1693	6616	6619	2067	688
10889	10	889	98	121	121	132	110	6484	16400	0	1642	1693	6616	6619	2067	688
10890	10	890	98	121	121	132	110	6484	16400	0	1642	1693	6616	6619	2067	688
10891	10	891	98	121	121	132	110	6484	16400	0	1642	1693	6616	6619	2067	688
10892	10	892	98	121	121	132	110	6484	16400	0	1642	1693	6616	6619	2067	688
10893	10	893	98	121	121	132	110	6484	16400	0	1642	1693	6616	6619	2067	688
10894	10	894	98	121	121	132	110	6484	16400	0	1642	1693	6616	6619	2067	688
10895	10	895	98	121	121	132	110	6484	16400	0	1642	1693	6616	6619	2067	688
10896	10	896	98	121	121	132	110	6484	16400	0	1642	1693	6616	6619	2067	688
10897	10	897	98	121	121	132	110	6484	16400	0	1642	1693	6616	6619	2067	688
10898	10	898	98	121	121	132	110	6484	16400	0	1642	1693	6616	6619	2067	688
10899	10	899	98	121	121	132	110	6484	16400	0	1642	1693	6616	6619	2067	688
10900	10	900	98	121	121	132	110	6484	16400	0	1642	1693	6616	6619	2067	688
10901	10	901	98	121	121	132	110	6484	16400	0	1642	1693	6616	6619	2067	688
10902	10	902	98	121	121	132	110	6484	16400	0	1642	1693	6616	6619	2067	688
10903	10	903	98	121	121	132	110	6484	16400	0	1642	1693	6616	6619	2067	688
10904	10	904	98	121	121	132	110	6484	16400	0	1642	1693	6616	6619	2067	688
10905	10	905	98	121	121	132	110	6484	16400	0	1642	1693	6616	6619	2067	688
10906	10	906	98	121	121	132	110	6484	16400	0	1642	1693	6616	6619	2067	688
10907	10	907	98	121	121	132	110	6484	16400	0	1642	1693	6616	6619	2067	688
10908	10	908	98	121	121	132	110	6484	16400	0	1642	1693	6616	6619	2067	688
10909	10	909	98	121	121	132	110	6484	16400	0	1642	1693	6616	6619	2067	688
10910	10	910	98	121	121	132	110	6484	16400	0	1642	1693	6616	6619	2067	688
10911	10	911	98	121	121	132	110	6484	16400	0	1642	1693	6616	6619	2067	688
10912	10	912	98	121	121	132	110	6484	16400	0	1642	1693	6616	6619	2067	688
10913	10	913	98	121	121	132	110	6484	16400	0	1642	1693	6616	6619	2067	688
10914	10	914	98	121	121	132	110	6484	16400	0	1642	1693	6616	6619	2067	688
10915	10	915	98	121	121	132	110	6484	16400	0	1642	1693	6616	6619	2067	688
10916	10	916	98	121	121	132	110	6484	16400	0	1642	1693	6616	6619	2067	688
10917	10	917	98	121	121	132	110	6484	16400	0	1642	1693	6616	6619	2067	688
10918	10	918	98	121	121	132	110	6484	16400	0	1642	1693	6616	6619	2067	688
10919	10	919	98	121	121	132	110	6484	16400	0	1642	1693	6616	6619	2067	688
10920	10	920	98	121	121	132	110	6484	16400	0	1642	1693	6616	6619	2067	688
10921	10	921	98	121	121	132	110	6484	16400	0	1642	1693	6616	6619	2067	688
10922	10	922	98	121	121	132	110	6484	16400	0	1642	1693	6616	6619	2067	688
10923	10	923	98	121	121	132	110	6484	16400	0	1642	1693	6616	6619	2067	688
10924	10	924	98	121	121	132	110	6484	16400	0	1642	1693	6616	6619	2067	688
10925	10	925	98	121	121	132	110	6484	16400	0	1642	1693	6616	6619	2067	688
10926	10	926	98	121	121	132	110	6484	16400	0	1642	1693	6616	6619	2067	688
10927	10	927	98	121	121	132	110	6484	16400	0	1642	1693	6616	6619	2067	688
10928	10	928	98	121	121	132	110	6484	16400	0	1642	1693	6616	6619	2067	688
10929	10	929	98	121	121	132	110	6484	16400	0	1642	1693	6616	6619	2067	688
10930	10	930	98	121	121	132	110	6484	16400	0	1642	1693	6616	6619	2067	688
10931	10	931	98	121	121	132	110	6484	16400	0	1642	1693	6616	6619	2067	688
10932	10	932	98	121	121	132	110	6484	16400	0	1642	1693	6616	6619	2067	688
10933	10	933	98	121	121	132	110	6484	16400	0	1642	1693	6616	6619	2067	688
10934	10	934	98	121	121	132	110	6484	16400	0	1642	1693	6616	6619	2067	688
10935	10	935	98	121	121	132	110	6484	16400	0	1642	1693	6616	6619	2067	688
10936	10	936	98	121	121	132	110	6484	16400	0	1642	1693	6616	6619	2067	688
10937	10	937	98	121	121	132	110	6484	16400	0	1642	1693	6616	6619	2067	688
10938	10	938	98	121	121	132	110	6484	16400	0	1642	1693	6616	6619	2067	688
10939	10	939	98	121	121	132	110	6484	16400	0	1642	1693	6616	6619	2067	688
10940	10	940	98	121	121	132	110	6484	16400	0	1642	1693	6616	6619	2067	688
10941	10	941	98	121	121	132	110	6484	16400	0	1642	1693	6616	6619	2067	688
10942	10	942	98	121	121	132	110	6484	16400	0	1642	1693	6616	6619	2067	688
10943	10	943	98	121	121	132	110	6484	16400	0	1642	1693	6616	6619	2067	688
10944	10	944	98	121	121	132	110	6484	16400	0	1642	1693	6616	6619	2067	688
10945	10	945	98	121	121	132	110	6484	16400	0	1642	1693	6616	6619	2067	688
10946	10	946	98	121	121	132	110	6484	16400	0	1642	1693	6616	6619	2067	688
10947	10	947	98	121	121	132	110	6484	16400	0	1642	1693	6616	6619	2067	688
10948	10	948	98	121	121	132	110	6484	16400	0	1642	1693	6616	6619	2067	688
10949	10	949	98	121	121	132	110	6484	16400	0	1642	1693	6616	6619	2067	688
10950	10	950	98	121	121	132	110	6484	16400	0	1642	1693	6616	6619	2067	688
10951	10	951	98	121	121	132	110	6484	16400	0	1642	1693	6616	6619	2067	688
10952	10	952	98	121	121	132	110	6484	16400	0	1642	1693	6616	6619	2067	688
10953	10	953	98	121	121	132	110	6484	16400	0	1642	1693	6616	6619	2067	688
10954	10	954	98	121	121	132	110	6484	16400	0	1642	1693	6616	6619	2067	688
10955	10	955	98	121	121	132	110	6484	16400	0	1642	1693	6616	6619	2067	688
10956	10	956	98	121	121	132	110	6484	16400	0	1642	1693	6616	6619	2067	688
10957	10	957	98	121	121	132	110	6484	16400	0	1642	1693	6616	6619	2067	688
10958	10	958	98	121	121	132	110	6484	16400	0	1642	1693	6616	6619	2067	688
10959	10	959	98	121	121	132	110	6484	16400	0	1642	1693	6616	6619	2067	688
10960	10	960	98	121	121	132	110	6484	16400	0	1642	1693	6616	6619	2067	688
10961	10	961	98	121	121	132	110	6484	16400	0	1642	1693	6616	6619	2067	688
10962	10	962	98	121	121	132	110	6484	16400	0	1642	1693	6616	6619	2067	688
10963	10	963	98	121	121	132	110	6484	16400	0	1642	1693	6616	6619	2067	688
10964	10	964	98	121	121	132	110	6484	16400	0	1642	1693	6616	6619	2067	688
10965	10	965	98	121	121	132	110	6484	16400	0	1642	1693	6616	6619	2067	688
10966	10	966	98	121	121	132	110	6484	16400	0	1642	1693	6616	6619	2067	688
10967	10	967	98	121	121	132	110	6484	16400	0	1642	1693	6616	6619	2067	688
10968	10	968	98	121	121	132	110	6484	16400	0	1642	1693	6616	6619	2067	688
10969	10	969	98	121	121	132	110	6484	16400	0	1642	1693	6616	6619	2067	688
10970	10	970	98	121	121	132	110	6484	16400	0	1642	1693	6616	6619	2067	688
10971	10	971	98	121	121	132	110	6484	16400	0	1642	1693	6616	6619	2067	688
10972	10	972	98	121	121	132	110	6484	16400	0	1642	1693	6616	6619	2067	688
10973	10	973	98	121	121	132	110	6484	16400	0	1642	1693	6616	6619	2067	688
10974	10	974	98	121	121	132	110	6484	16400	0	1642	1693	6616	6619	2067	688
10975	10	975	98	121	121	132	110	6484	16400	0	1642	1693	6616	6619	2067	688
10976	10	976	98	121	121	132	110	6484	16400	0	1642	1693	6616	6619	2067	688
10977	10	977	98	121	121	132	110	6484	16400	0	1642	1693	6616	6619	2067	688
10978	10	978	98	121	121	132	110	6484	16400	0	1642	1693	6616	6619	2067	688
10979	10	979	98	121	121	132	110	6484	16400	0	1642	1693	6616	6619	2067	688
10980	10	980	98	121	121	132	110	6484	16400	0	1642	1693	6616	6619	2067	688
10981	10	981	98	121	121	132	110	6484	16400	0	1642	1693	6616	6619	2067	688
10982	10	982	98	121	121	132	110	6484	16400	0	1642	1693	6616	6619	2067	688
10983	10	983	98	121	121	132	110	6484	16400	0	1642	1693	6616	6619	2067	688
10984	10	984	98	121	121	132	110	6484	16400	0	1642	1693	6616	6619	2067	688
10985	10	985	98	121	121	132	110	6484	16400	0	1642	1693	6616	6619	2067	688
10986	10	986	98	121	121	132	110	6484	16400	0	1642	1693	6616	6619	2067	688
10987	10	987	98	121	121	132	110	6484	16400	0	1642	1693	6616	6619	2067	688
10988	10	988	98	121	121	132	110	6484	16400	0	1642	1693	6616	6619	2067	688
10989	10	989	98	121	121	132	110	6484	16400	0	1642	1693	6616	6619	2067	688
10990	10	990	98	121	121	132	110	6484	16400	0	1642	1693	6616	6619	2067	688
10991	10	991	98	121	121	132	110	6484	16400	0	1642	1693	6616	6619	2067	688
10992	10	992	98	121	121	132	110	6484	16400	0	1642	1693	6616	6619	2067	688
10993	10	993	98	121	121	132	110	6484	16400	0	1642	1693	6616	6619	2067	688
10994	10	994	98	121	121	132	110	6484	16400	0	1642	1693	6616	6619	2067	688
10995	10	995	98	121	121	132	110	6484	16400	0	1642	1693	6616	6619	2067	688
10996	10	996	98	121	121	132	110	6484	16400	0	1642	1693	6616	6619	2067	688
10997	10	997	98	121	121	132	110	6484	16400	0	1642	1693	6616	6619	2067	688
10998	10	998	98	121	121	132	110	6484	16400	0	1642	1693	6616	6619	2067	688
10999	10	999	98	121	121	132	110	6484	16400	0	1642	1693	6616	6619	2067	688
11000	11	0	0	2	4	3	2	973	500	0	31	34	17	17	5	4
11001	11	1	0	2	4	3	2	1125	500	0	61	64	29	29	6	7
11002	11	2	0	2	4	3	2	1326	550	0	91	95	41	41	9	13
11003	11	3	1	2	4	3	2	1527	600	0	121	125	53	54	11	19
11004	11	4	1	2	5	4	2	1729	650	0	151	156	65	66	14	25
11005	11	5	1	2	5	4	2	1930	700	0	182	187	77	78	16	32
11006	11	6	1	3	5	5	2	2131	750	0	212	217	89	90	19	38
11007	11	7	1	3	5	5	2	2332	800	0	242	248	101	102	21	44
11008	11	8	1	3	6	5	2	2534	850	0	272	278	113	114	24	50
11009	11	9	1	3	6	6	2	2735	900	0	302	309	126	126	27	56
11010	11	10	1	4	6	6	2	2936	950	0	333	340	138	139	29	62
11011	11	11	2	4	6	6	2	3138	1000	0	363	370	150	151	32	69
11012	11	12	2	4	7	7	2	3339	1050	0	393	401	162	163	34	75
11013	11	13	2	4	7	7	2	3540	1100	0	423	431	174	175	37	81
11014	11	14	2	4	7	8	2	3742	1150	0	453	462	186	187	39	87
11015	11	15	2	5	7	8	3	4073	1200	0	483	492	198	199	42	93
11016	11	16	2	5	8	8	3	4404	1250	0	514	523	198	199	44	99
11017	11	17	2	5	8	9	3	4735	1300	0	544	554	199	200	47	106
11018	11	18	2	5	8	9	3	5067	1350	0	574	584	199	200	49	112
11019	11	19	3	6	9	10	3	5398	1400	0	604	615	199	200	52	118
11020	11	20	3	6	9	10	3	5734	1450	0	624	635	207	208	54	124
11021	11	21	3	6	9	10	3	5734	1500	0	625	636	199	200	55	124
11022	11	22	3	6	9	11	3	5734	1550	0	625	636	199	200	55	124
11023	11	23	3	6	10	11	3	5734	1600	0	625	637	199	201	56	125
11024	11	24	3	7	10	11	3	5734	1650	0	625	638	199	201	56	125
11025	11	25	3	7	10	12	3	5734	1700	0	625	638	200	201	57	125
11026	11	26	3	7	10	12	3	5734	1750	0	625	639	200	201	57	125
11027	11	27	3	7	11	13	3	5734	1800	0	626	639	200	201	58	125
11028	11	28	4	8	11	13	3	5734	1850	0	626	640	200	201	58	125
11029	11	29	4	8	11	13	3	5734	1900	0	626	641	200	201	59	126
11030	11	30	4	8	11	14	3	5734	1950	0	626	641	200	202	59	126
11031	11	31	4	8	12	14	3	5734	2000	0	626	642	200	202	60	126
11032	11	32	4	8	12	14	4	5734	2050	0	626	642	201	202	60	126
11033	11	33	4	9	12	15	4	5734	2100	0	627	643	201	202	61	126
11034	11	34	4	9	12	15	4	5734	2150	0	627	643	201	202	61	127
11035	11	35	4	9	13	16	4	5734	2200	0	627	644	201	202	62	127
11036	11	36	5	9	13	16	4	5734	2250	0	627	645	201	202	62	127
11037	11	37	5	9	13	16	4	5734	2300	0	627	645	201	203	63	127
11038	11	38	5	10	13	17	4	5734	2350	0	628	646	201	203	63	127
11039	11	39	5	10	14	17	4	5734	2400	0	628	646	201	203	64	127
11040	11	40	5	10	14	18	4	5734	2650	0	628	647	202	203	65	128
11041	11	41	5	10	14	18	4	5734	2900	0	628	648	202	203	65	128
11042	11	42	5	11	14	18	4	5734	3150	0	628	648	202	203	66	128
11043	11	43	5	11	15	19	4	5734	3400	0	628	649	202	204	66	128
11044	11	44	5	11	15	19	4	5734	3650	0	629	649	202	204	67	128
11045	11	45	6	11	15	19	4	5734	3900	0	629	650	202	204	67	128
11046	11	46	6	11	16	20	4	5734	4150	0	629	650	202	204	68	129
11047	11	47	6	12	16	20	4	5734	4400	0	629	651	202	204	68	129
11048	11	48	6	12	16	21	4	5734	4650	0	629	652	203	204	69	129
11049	11	49	6	12	16	21	5	5734	4900	0	630	652	203	204	69	129
11050	11	50	8	14	19	23	7	5759	5150	0	630	653	276	278	124	147
11051	11	51	10	17	21	26	9	5784	5400	0	630	653	349	351	178	165
11052	11	52	12	19	23	28	11	5809	5650	0	630	654	422	424	233	184
11053	11	53	15	21	25	30	13	5834	5900	0	630	654	495	497	287	202
11054	11	54	17	23	28	33	15	5859	6150	0	630	655	568	570	342	220
11055	11	55	19	25	30	35	17	5884	6400	0	631	656	642	643	396	238
11056	11	56	21	28	32	38	19	5909	6650	0	631	656	715	716	451	256
11057	11	57	23	30	34	40	21	5934	6900	0	631	657	788	790	505	274
11058	11	58	25	32	37	42	23	5959	7150	0	631	657	861	863	560	293
11059	11	59	27	34	39	45	25	5984	7400	0	631	658	934	936	614	311
11060	11	60	33	41	45	51	31	6009	7750	0	707	734	1284	1286	707	331
11061	11	61	36	44	48	54	34	6034	8100	0	782	809	1627	1629	793	349
11062	11	62	39	47	52	57	37	6059	8450	0	857	885	1970	1972	880	367
11063	11	63	41	51	55	59	40	6084	8800	0	932	960	2314	2316	966	385
11064	11	64	44	55	58	63	43	6109	9150	0	1007	1036	2657	2659	1053	404
11065	11	65	46	60	61	65	46	6134	9500	0	1082	1111	3000	3002	1139	422
11066	11	66	49	64	65	68	51	6159	9850	0	1158	1187	3343	3345	1226	440
11067	11	67	52	68	68	72	55	6184	10200	0	1233	1263	3686	3688	1312	458
11068	11	68	55	72	71	75	59	6209	10550	0	1308	1338	4029	4031	1399	476
11069	11	69	58	76	74	79	63	6234	10900	0	1383	1414	4372	4374	1485	495
11070	11	70	66	84	82	86	71	6259	11250	0	1408	1439	4602	4605	1547	516
11071	11	71	69	87	85	89	75	6284	11600	0	1434	1465	4826	4828	1603	534
11072	11	72	72	90	88	93	79	6309	11950	0	1459	1490	5049	5051	1658	552
11073	11	73	75	93	92	96	83	6334	12300	0	1484	1516	5272	5274	1714	570
11074	11	74	78	97	95	99	87	6359	12650	0	1509	1542	5495	5497	1769	588
11075	11	75	81	100	98	103	91	6384	13000	0	1534	1567	5718	5720	1825	606
11076	11	76	84	103	101	106	95	6409	13350	0	1559	1593	5941	5943	1880	625
11077	11	77	87	106	105	110	99	6434	13700	0	1585	1618	6164	6167	1936	643
11078	11	78	91	109	108	113	103	6459	14050	0	1610	1644	6388	6390	1991	661
11079	11	79	94	113	111	116	107	6484	14400	0	1635	1670	6611	6613	2047	681
11080	11	80	94	113	111	117	107	6484	14450	0	1635	1670	6611	6613	2047	681
11081	11	81	94	113	112	117	107	6484	14500	0	1635	1671	6611	6613	2048	682
11082	11	82	94	113	112	118	107	6484	14550	0	1635	1671	6611	6613	2048	682
11083	11	83	94	114	112	118	108	6484	14600	0	1636	1672	6611	6614	2049	682
11084	11	84	94	114	112	118	108	6484	14650	0	1636	1672	6611	6614	2049	682
11085	11	85	94	114	113	119	108	6484	14700	0	1636	1673	6611	6614	2050	682
11086	11	86	94	114	113	119	108	6484	14750	0	1636	1674	6612	6614	2050	682
11087	11	87	95	114	113	119	108	6484	14800	0	1636	1674	6612	6614	2051	683
11088	11	88	95	115	113	120	108	6484	14850	0	1637	1675	6612	6614	2051	683
11089	11	89	95	115	114	120	108	6484	14900	0	1637	1675	6612	6614	2052	683
11090	11	90	95	115	114	121	108	6484	14950	0	1637	1676	6612	6615	2052	683
11091	11	91	95	115	114	121	108	6484	15000	0	1637	1677	6612	6615	2053	683
11092	11	92	95	116	114	121	108	6484	15050	0	1637	1677	6612	6615	2053	683
11093	11	93	95	116	115	122	108	6484	15100	0	1637	1678	6612	6615	2054	684
11094	11	94	95	116	115	122	108	6484	15150	0	1638	1678	6613	6615	2054	684
11095	11	95	96	116	115	123	108	6484	15200	0	1638	1679	6613	6615	2055	684
11096	11	96	96	116	115	123	108	6484	15250	0	1638	1679	6613	6615	2055	684
11097	11	97	96	117	116	123	108	6484	15300	0	1638	1680	6613	6616	2056	684
11098	11	98	96	117	116	124	108	6484	15350	0	1638	1681	6613	6616	2056	684
11099	11	99	96	117	116	124	108	6484	15400	0	1639	1681	6613	6616	2057	685
11100	11	100	96	117	117	124	109	6484	15450	0	1639	1682	6613	6616	2057	685
11101	11	101	96	118	117	125	109	6484	15500	0	1639	1682	6614	6616	2058	685
11102	11	102	96	118	117	125	109	6484	15550	0	1639	1683	6614	6616	2059	685
11103	11	103	96	118	117	126	109	6484	15600	0	1639	1683	6614	6617	2059	685
11104	11	104	97	118	118	126	109	6484	15650	0	1639	1684	6614	6617	2060	685
11105	11	105	97	118	118	126	109	6484	15700	0	1640	1685	6614	6617	2060	686
11106	11	106	97	119	118	127	109	6484	15750	0	1640	1685	6614	6617	2061	686
11107	11	107	97	119	118	127	109	6484	15800	0	1640	1686	6614	6617	2061	686
11108	11	108	97	119	119	127	109	6484	15850	0	1640	1686	6614	6617	2062	686
11109	11	109	97	119	119	128	109	6484	15900	0	1640	1687	6615	6617	2062	686
11110	11	110	97	120	119	128	109	6484	15950	0	1641	1688	6615	6618	2063	686
11111	11	111	97	120	119	129	109	6484	16000	0	1641	1688	6615	6618	2063	687
11112	11	112	98	120	120	129	109	6484	16050	0	1641	1689	6615	6618	2064	687
11113	11	113	98	120	120	129	109	6484	16100	0	1641	1689	6615	6618	2064	687
11114	11	114	98	120	120	130	109	6484	16150	0	1641	1690	6615	6618	2065	687
11115	11	115	98	121	120	130	109	6484	16200	0	1641	1690	6615	6618	2065	687
11116	11	116	98	121	121	131	109	6484	16250	0	1642	1691	6615	6618	2066	687
11117	11	117	98	121	121	131	110	6484	16300	0	1642	1692	6616	6619	2066	688
11118	11	118	98	121	121	131	110	6484	16350	0	1642	1692	6616	6619	2067	688
11119	11	119	98	121	121	132	110	6484	16400	0	1642	1693	6616	6619	2067	688
11120	11	120	98	121	121	132	110	6484	16400	0	1642	1693	6616	6619	2067	688
11121	11	121	98	121	121	132	110	6484	16400	0	1642	1693	6616	6619	2067	688
11122	11	122	98	121	121	132	110	6484	16400	0	1642	1693	6616	6619	2067	688
11123	11	123	98	121	121	132	110	6484	16400	0	1642	1693	6616	6619	2067	688
11124	11	124	98	121	121	132	110	6484	16400	0	1642	1693	6616	6619	2067	688
11125	11	125	98	121	121	132	110	6484	16400	0	1642	1693	6616	6619	2067	688
11126	11	126	98	121	121	132	110	6484	16400	0	1642	1693	6616	6619	2067	688
11127	11	127	98	121	121	132	110	6484	16400	0	1642	1693	6616	6619	2067	688
11128	11	128	98	121	121	132	110	6484	16400	0	1642	1693	6616	6619	2067	688
11129	11	129	98	121	121	132	110	6484	16400	0	1642	1693	6616	6619	2067	688
11130	11	130	98	121	121	132	110	6484	16400	0	1642	1693	6616	6619	2067	688
11131	11	131	98	121	121	132	110	6484	16400	0	1642	1693	6616	6619	2067	688
11132	11	132	98	121	121	132	110	6484	16400	0	1642	1693	6616	6619	2067	688
11133	11	133	98	121	121	132	110	6484	16400	0	1642	1693	6616	6619	2067	688
11134	11	134	98	121	121	132	110	6484	16400	0	1642	1693	6616	6619	2067	688
11135	11	135	98	121	121	132	110	6484	16400	0	1642	1693	6616	6619	2067	688
11136	11	136	98	121	121	132	110	6484	16400	0	1642	1693	6616	6619	2067	688
11137	11	137	98	121	121	132	110	6484	16400	0	1642	1693	6616	6619	2067	688
11138	11	138	98	121	121	132	110	6484	16400	0	1642	1693	6616	6619	2067	688
11139	11	139	98	121	121	132	110	6484	16400	0	1642	1693	6616	6619	2067	688
11140	11	140	98	121	121	132	110	6484	16400	0	1642	1693	6616	6619	2067	688
11141	11	141	98	121	121	132	110	6484	16400	0	1642	1693	6616	6619	2067	688
11142	11	142	98	121	121	132	110	6484	16400	0	1642	1693	6616	6619	2067	688
11143	11	143	98	121	121	132	110	6484	16400	0	1642	1693	6616	6619	2067	688
11144	11	144	98	121	121	132	110	6484	16400	0	1642	1693	6616	6619	2067	688
11145	11	145	98	121	121	132	110	6484	16400	0	1642	1693	6616	6619	2067	688
11146	11	146	98	121	121	132	110	6484	16400	0	1642	1693	6616	6619	2067	688
11147	11	147	98	121	121	132	110	6484	16400	0	1642	1693	6616	6619	2067	688
11148	11	148	98	121	121	132	110	6484	16400	0	1642	1693	6616	6619	2067	688
11149	11	149	98	121	121	132	110	6484	16400	0	1642	1693	6616	6619	2067	688
11150	11	150	98	121	121	132	110	6484	16400	0	1642	1693	6616	6619	2067	688
11151	11	151	98	121	121	132	110	6484	16400	0	1642	1693	6616	6619	2067	688
11152	11	152	98	121	121	132	110	6484	16400	0	1642	1693	6616	6619	2067	688
11153	11	153	98	121	121	132	110	6484	16400	0	1642	1693	6616	6619	2067	688
11154	11	154	98	121	121	132	110	6484	16400	0	1642	1693	6616	6619	2067	688
11155	11	155	98	121	121	132	110	6484	16400	0	1642	1693	6616	6619	2067	688
11156	11	156	98	121	121	132	110	6484	16400	0	1642	1693	6616	6619	2067	688
11157	11	157	98	121	121	132	110	6484	16400	0	1642	1693	6616	6619	2067	688
11158	11	158	98	121	121	132	110	6484	16400	0	1642	1693	6616	6619	2067	688
11159	11	159	98	121	121	132	110	6484	16400	0	1642	1693	6616	6619	2067	688
11160	11	160	98	121	121	132	110	6484	16400	0	1642	1693	6616	6619	2067	688
11161	11	161	98	121	121	132	110	6484	16400	0	1642	1693	6616	6619	2067	688
11162	11	162	98	121	121	132	110	6484	16400	0	1642	1693	6616	6619	2067	688
11163	11	163	98	121	121	132	110	6484	16400	0	1642	1693	6616	6619	2067	688
11164	11	164	98	121	121	132	110	6484	16400	0	1642	1693	6616	6619	2067	688
11165	11	165	98	121	121	132	110	6484	16400	0	1642	1693	6616	6619	2067	688
11166	11	166	98	121	121	132	110	6484	16400	0	1642	1693	6616	6619	2067	688
11167	11	167	98	121	121	132	110	6484	16400	0	1642	1693	6616	6619	2067	688
11168	11	168	98	121	121	132	110	6484	16400	0	1642	1693	6616	6619	2067	688
11169	11	169	98	121	121	132	110	6484	16400	0	1642	1693	6616	6619	2067	688
11170	11	170	98	121	121	132	110	6484	16400	0	1642	1693	6616	6619	2067	688
11171	11	171	98	121	121	132	110	6484	16400	0	1642	1693	6616	6619	2067	688
11172	11	172	98	121	121	132	110	6484	16400	0	1642	1693	6616	6619	2067	688
11173	11	173	98	121	121	132	110	6484	16400	0	1642	1693	6616	6619	2067	688
11174	11	174	98	121	121	132	110	6484	16400	0	1642	1693	6616	6619	2067	688
11175	11	175	98	121	121	132	110	6484	16400	0	1642	1693	6616	6619	2067	688
11176	11	176	98	121	121	132	110	6484	16400	0	1642	1693	6616	6619	2067	688
11177	11	177	98	121	121	132	110	6484	16400	0	1642	1693	6616	6619	2067	688
11178	11	178	98	121	121	132	110	6484	16400	0	1642	1693	6616	6619	2067	688
11179	11	179	98	121	121	132	110	6484	16400	0	1642	1693	6616	6619	2067	688
11180	11	180	98	121	121	132	110	6484	16400	0	1642	1693	6616	6619	2067	688
11181	11	181	98	121	121	132	110	6484	16400	0	1642	1693	6616	6619	2067	688
11182	11	182	98	121	121	132	110	6484	16400	0	1642	1693	6616	6619	2067	688
11183	11	183	98	121	121	132	110	6484	16400	0	1642	1693	6616	6619	2067	688
11184	11	184	98	121	121	132	110	6484	16400	0	1642	1693	6616	6619	2067	688
11185	11	185	98	121	121	132	110	6484	16400	0	1642	1693	6616	6619	2067	688
11186	11	186	98	121	121	132	110	6484	16400	0	1642	1693	6616	6619	2067	688
11187	11	187	98	121	121	132	110	6484	16400	0	1642	1693	6616	6619	2067	688
11188	11	188	98	121	121	132	110	6484	16400	0	1642	1693	6616	6619	2067	688
11189	11	189	98	121	121	132	110	6484	16400	0	1642	1693	6616	6619	2067	688
11190	11	190	98	121	121	132	110	6484	16400	0	1642	1693	6616	6619	2067	688
11191	11	191	98	121	121	132	110	6484	16400	0	1642	1693	6616	6619	2067	688
11192	11	192	98	121	121	132	110	6484	16400	0	1642	1693	6616	6619	2067	688
11193	11	193	98	121	121	132	110	6484	16400	0	1642	1693	6616	6619	2067	688
11194	11	194	98	121	121	132	110	6484	16400	0	1642	1693	6616	6619	2067	688
11195	11	195	98	121	121	132	110	6484	16400	0	1642	1693	6616	6619	2067	688
11196	11	196	98	121	121	132	110	6484	16400	0	1642	1693	6616	6619	2067	688
11197	11	197	98	121	121	132	110	6484	16400	0	1642	1693	6616	6619	2067	688
11198	11	198	98	121	121	132	110	6484	16400	0	1642	1693	6616	6619	2067	688
11199	11	199	98	121	121	132	110	6484	16400	0	1642	1693	6616	6619	2067	688
11200	11	200	98	121	121	132	110	6484	16400	0	1642	1693	6616	6619	2067	688
11201	11	201	98	121	121	132	110	6484	16400	0	1642	1693	6616	6619	2067	688
11202	11	202	98	121	121	132	110	6484	16400	0	1642	1693	6616	6619	2067	688
11203	11	203	98	121	121	132	110	6484	16400	0	1642	1693	6616	6619	2067	688
11204	11	204	98	121	121	132	110	6484	16400	0	1642	1693	6616	6619	2067	688
11205	11	205	98	121	121	132	110	6484	16400	0	1642	1693	6616	6619	2067	688
11206	11	206	98	121	121	132	110	6484	16400	0	1642	1693	6616	6619	2067	688
11207	11	207	98	121	121	132	110	6484	16400	0	1642	1693	6616	6619	2067	688
11208	11	208	98	121	121	132	110	6484	16400	0	1642	1693	6616	6619	2067	688
11209	11	209	98	121	121	132	110	6484	16400	0	1642	1693	6616	6619	2067	688
11210	11	210	98	121	121	132	110	6484	16400	0	1642	1693	6616	6619	2067	688
11211	11	211	98	121	121	132	110	6484	16400	0	1642	1693	6616	6619	2067	688
11212	11	212	98	121	121	132	110	6484	16400	0	1642	1693	6616	6619	2067	688
11213	11	213	98	121	121	132	110	6484	16400	0	1642	1693	6616	6619	2067	688
11214	11	214	98	121	121	132	110	6484	16400	0	1642	1693	6616	6619	2067	688
11215	11	215	98	121	121	132	110	6484	16400	0	1642	1693	6616	6619	2067	688
11216	11	216	98	121	121	132	110	6484	16400	0	1642	1693	6616	6619	2067	688
11217	11	217	98	121	121	132	110	6484	16400	0	1642	1693	6616	6619	2067	688
11218	11	218	98	121	121	132	110	6484	16400	0	1642	1693	6616	6619	2067	688
11219	11	219	98	121	121	132	110	6484	16400	0	1642	1693	6616	6619	2067	688
11220	11	220	98	121	121	132	110	6484	16400	0	1642	1693	6616	6619	2067	688
11221	11	221	98	121	121	132	110	6484	16400	0	1642	1693	6616	6619	2067	688
11222	11	222	98	121	121	132	110	6484	16400	0	1642	1693	6616	6619	2067	688
11223	11	223	98	121	121	132	110	6484	16400	0	1642	1693	6616	6619	2067	688
11224	11	224	98	121	121	132	110	6484	16400	0	1642	1693	6616	6619	2067	688
11225	11	225	98	121	121	132	110	6484	16400	0	1642	1693	6616	6619	2067	688
11226	11	226	98	121	121	132	110	6484	16400	0	1642	1693	6616	6619	2067	688
11227	11	227	98	121	121	132	110	6484	16400	0	1642	1693	6616	6619	2067	688
11228	11	228	98	121	121	132	110	6484	16400	0	1642	1693	6616	6619	2067	688
11229	11	229	98	121	121	132	110	6484	16400	0	1642	1693	6616	6619	2067	688
11230	11	230	98	121	121	132	110	6484	16400	0	1642	1693	6616	6619	2067	688
11231	11	231	98	121	121	132	110	6484	16400	0	1642	1693	6616	6619	2067	688
11232	11	232	98	121	121	132	110	6484	16400	0	1642	1693	6616	6619	2067	688
11233	11	233	98	121	121	132	110	6484	16400	0	1642	1693	6616	6619	2067	688
11234	11	234	98	121	121	132	110	6484	16400	0	1642	1693	6616	6619	2067	688
11235	11	235	98	121	121	132	110	6484	16400	0	1642	1693	6616	6619	2067	688
11236	11	236	98	121	121	132	110	6484	16400	0	1642	1693	6616	6619	2067	688
11237	11	237	98	121	121	132	110	6484	16400	0	1642	1693	6616	6619	2067	688
11238	11	238	98	121	121	132	110	6484	16400	0	1642	1693	6616	6619	2067	688
11239	11	239	98	121	121	132	110	6484	16400	0	1642	1693	6616	6619	2067	688
11240	11	240	98	121	121	132	110	6484	16400	0	1642	1693	6616	6619	2067	688
11241	11	241	98	121	121	132	110	6484	16400	0	1642	1693	6616	6619	2067	688
11242	11	242	98	121	121	132	110	6484	16400	0	1642	1693	6616	6619	2067	688
11243	11	243	98	121	121	132	110	6484	16400	0	1642	1693	6616	6619	2067	688
11244	11	244	98	121	121	132	110	6484	16400	0	1642	1693	6616	6619	2067	688
11245	11	245	98	121	121	132	110	6484	16400	0	1642	1693	6616	6619	2067	688
11246	11	246	98	121	121	132	110	6484	16400	0	1642	1693	6616	6619	2067	688
11247	11	247	98	121	121	132	110	6484	16400	0	1642	1693	6616	6619	2067	688
11248	11	248	98	121	121	132	110	6484	16400	0	1642	1693	6616	6619	2067	688
11249	11	249	98	121	121	132	110	6484	16400	0	1642	1693	6616	6619	2067	688
11250	11	250	98	121	121	132	110	6484	16400	0	1642	1693	6616	6619	2067	688
11251	11	251	98	121	121	132	110	6484	16400	0	1642	1693	6616	6619	2067	688
11252	11	252	98	121	121	132	110	6484	16400	0	1642	1693	6616	6619	2067	688
11253	11	253	98	121	121	132	110	6484	16400	0	1642	1693	6616	6619	2067	688
11254	11	254	98	121	121	132	110	6484	16400	0	1642	1693	6616	6619	2067	688
11255	11	255	98	121	121	132	110	6484	16400	0	1642	1693	6616	6619	2067	688
11256	11	256	98	121	121	132	110	6484	16400	0	1642	1693	6616	6619	2067	688
11257	11	257	98	121	121	132	110	6484	16400	0	1642	1693	6616	6619	2067	688
11258	11	258	98	121	121	132	110	6484	16400	0	1642	1693	6616	6619	2067	688
11259	11	259	98	121	121	132	110	6484	16400	0	1642	1693	6616	6619	2067	688
11260	11	260	98	121	121	132	110	6484	16400	0	1642	1693	6616	6619	2067	688
11261	11	261	98	121	121	132	110	6484	16400	0	1642	1693	6616	6619	2067	688
11262	11	262	98	121	121	132	110	6484	16400	0	1642	1693	6616	6619	2067	688
11263	11	263	98	121	121	132	110	6484	16400	0	1642	1693	6616	6619	2067	688
11264	11	264	98	121	121	132	110	6484	16400	0	1642	1693	6616	6619	2067	688
11265	11	265	98	121	121	132	110	6484	16400	0	1642	1693	6616	6619	2067	688
11266	11	266	98	121	121	132	110	6484	16400	0	1642	1693	6616	6619	2067	688
11267	11	267	98	121	121	132	110	6484	16400	0	1642	1693	6616	6619	2067	688
11268	11	268	98	121	121	132	110	6484	16400	0	1642	1693	6616	6619	2067	688
11269	11	269	98	121	121	132	110	6484	16400	0	1642	1693	6616	6619	2067	688
11270	11	270	98	121	121	132	110	6484	16400	0	1642	1693	6616	6619	2067	688
11271	11	271	98	121	121	132	110	6484	16400	0	1642	1693	6616	6619	2067	688
11272	11	272	98	121	121	132	110	6484	16400	0	1642	1693	6616	6619	2067	688
11273	11	273	98	121	121	132	110	6484	16400	0	1642	1693	6616	6619	2067	688
11274	11	274	98	121	121	132	110	6484	16400	0	1642	1693	6616	6619	2067	688
11275	11	275	98	121	121	132	110	6484	16400	0	1642	1693	6616	6619	2067	688
11276	11	276	98	121	121	132	110	6484	16400	0	1642	1693	6616	6619	2067	688
11277	11	277	98	121	121	132	110	6484	16400	0	1642	1693	6616	6619	2067	688
11278	11	278	98	121	121	132	110	6484	16400	0	1642	1693	6616	6619	2067	688
11279	11	279	98	121	121	132	110	6484	16400	0	1642	1693	6616	6619	2067	688
11280	11	280	98	121	121	132	110	6484	16400	0	1642	1693	6616	6619	2067	688
11281	11	281	98	121	121	132	110	6484	16400	0	1642	1693	6616	6619	2067	688
11282	11	282	98	121	121	132	110	6484	16400	0	1642	1693	6616	6619	2067	688
11283	11	283	98	121	121	132	110	6484	16400	0	1642	1693	6616	6619	2067	688
11284	11	284	98	121	121	132	110	6484	16400	0	1642	1693	6616	6619	2067	688
11285	11	285	98	121	121	132	110	6484	16400	0	1642	1693	6616	6619	2067	688
11286	11	286	98	121	121	132	110	6484	16400	0	1642	1693	6616	6619	2067	688
11287	11	287	98	121	121	132	110	6484	16400	0	1642	1693	6616	6619	2067	688
11288	11	288	98	121	121	132	110	6484	16400	0	1642	1693	6616	6619	2067	688
11289	11	289	98	121	121	132	110	6484	16400	0	1642	1693	6616	6619	2067	688
11290	11	290	98	121	121	132	110	6484	16400	0	1642	1693	6616	6619	2067	688
11291	11	291	98	121	121	132	110	6484	16400	0	1642	1693	6616	6619	2067	688
11292	11	292	98	121	121	132	110	6484	16400	0	1642	1693	6616	6619	2067	688
11293	11	293	98	121	121	132	110	6484	16400	0	1642	1693	6616	6619	2067	688
11294	11	294	98	121	121	132	110	6484	16400	0	1642	1693	6616	6619	2067	688
11295	11	295	98	121	121	132	110	6484	16400	0	1642	1693	6616	6619	2067	688
11296	11	296	98	121	121	132	110	6484	16400	0	1642	1693	6616	6619	2067	688
11297	11	297	98	121	121	132	110	6484	16400	0	1642	1693	6616	6619	2067	688
11298	11	298	98	121	121	132	110	6484	16400	0	1642	1693	6616	6619	2067	688
11299	11	299	98	121	121	132	110	6484	16400	0	1642	1693	6616	6619	2067	688
11300	11	300	98	121	121	132	110	6484	16400	0	1642	1693	6616	6619	2067	688
11301	11	301	98	121	121	132	110	6484	16400	0	1642	1693	6616	6619	2067	688
11302	11	302	98	121	121	132	110	6484	16400	0	1642	1693	6616	6619	2067	688
11303	11	303	98	121	121	132	110	6484	16400	0	1642	1693	6616	6619	2067	688
11304	11	304	98	121	121	132	110	6484	16400	0	1642	1693	6616	6619	2067	688
11305	11	305	98	121	121	132	110	6484	16400	0	1642	1693	6616	6619	2067	688
11306	11	306	98	121	121	132	110	6484	16400	0	1642	1693	6616	6619	2067	688
11307	11	307	98	121	121	132	110	6484	16400	0	1642	1693	6616	6619	2067	688
11308	11	308	98	121	121	132	110	6484	16400	0	1642	1693	6616	6619	2067	688
11309	11	309	98	121	121	132	110	6484	16400	0	1642	1693	6616	6619	2067	688
11310	11	310	98	121	121	132	110	6484	16400	0	1642	1693	6616	6619	2067	688
11311	11	311	98	121	121	132	110	6484	16400	0	1642	1693	6616	6619	2067	688
11312	11	312	98	121	121	132	110	6484	16400	0	1642	1693	6616	6619	2067	688
11313	11	313	98	121	121	132	110	6484	16400	0	1642	1693	6616	6619	2067	688
11314	11	314	98	121	121	132	110	6484	16400	0	1642	1693	6616	6619	2067	688
11315	11	315	98	121	121	132	110	6484	16400	0	1642	1693	6616	6619	2067	688
11316	11	316	98	121	121	132	110	6484	16400	0	1642	1693	6616	6619	2067	688
11317	11	317	98	121	121	132	110	6484	16400	0	1642	1693	6616	6619	2067	688
11318	11	318	98	121	121	132	110	6484	16400	0	1642	1693	6616	6619	2067	688
11319	11	319	98	121	121	132	110	6484	16400	0	1642	1693	6616	6619	2067	688
11320	11	320	98	121	121	132	110	6484	16400	0	1642	1693	6616	6619	2067	688
11321	11	321	98	121	121	132	110	6484	16400	0	1642	1693	6616	6619	2067	688
11322	11	322	98	121	121	132	110	6484	16400	0	1642	1693	6616	6619	2067	688
11323	11	323	98	121	121	132	110	6484	16400	0	1642	1693	6616	6619	2067	688
11324	11	324	98	121	121	132	110	6484	16400	0	1642	1693	6616	6619	2067	688
11325	11	325	98	121	121	132	110	6484	16400	0	1642	1693	6616	6619	2067	688
11326	11	326	98	121	121	132	110	6484	16400	0	1642	1693	6616	6619	2067	688
11327	11	327	98	121	121	132	110	6484	16400	0	1642	1693	6616	6619	2067	688
11328	11	328	98	121	121	132	110	6484	16400	0	1642	1693	6616	6619	2067	688
11329	11	329	98	121	121	132	110	6484	16400	0	1642	1693	6616	6619	2067	688
11330	11	330	98	121	121	132	110	6484	16400	0	1642	1693	6616	6619	2067	688
11331	11	331	98	121	121	132	110	6484	16400	0	1642	1693	6616	6619	2067	688
11332	11	332	98	121	121	132	110	6484	16400	0	1642	1693	6616	6619	2067	688
11333	11	333	98	121	121	132	110	6484	16400	0	1642	1693	6616	6619	2067	688
11334	11	334	98	121	121	132	110	6484	16400	0	1642	1693	6616	6619	2067	688
11335	11	335	98	121	121	132	110	6484	16400	0	1642	1693	6616	6619	2067	688
11336	11	336	98	121	121	132	110	6484	16400	0	1642	1693	6616	6619	2067	688
11337	11	337	98	121	121	132	110	6484	16400	0	1642	1693	6616	6619	2067	688
11338	11	338	98	121	121	132	110	6484	16400	0	1642	1693	6616	6619	2067	688
11339	11	339	98	121	121	132	110	6484	16400	0	1642	1693	6616	6619	2067	688
11340	11	340	98	121	121	132	110	6484	16400	0	1642	1693	6616	6619	2067	688
11341	11	341	98	121	121	132	110	6484	16400	0	1642	1693	6616	6619	2067	688
11342	11	342	98	121	121	132	110	6484	16400	0	1642	1693	6616	6619	2067	688
11343	11	343	98	121	121	132	110	6484	16400	0	1642	1693	6616	6619	2067	688
11344	11	344	98	121	121	132	110	6484	16400	0	1642	1693	6616	6619	2067	688
11345	11	345	98	121	121	132	110	6484	16400	0	1642	1693	6616	6619	2067	688
11346	11	346	98	121	121	132	110	6484	16400	0	1642	1693	6616	6619	2067	688
11347	11	347	98	121	121	132	110	6484	16400	0	1642	1693	6616	6619	2067	688
11348	11	348	98	121	121	132	110	6484	16400	0	1642	1693	6616	6619	2067	688
11349	11	349	98	121	121	132	110	6484	16400	0	1642	1693	6616	6619	2067	688
11350	11	350	98	121	121	132	110	6484	16400	0	1642	1693	6616	6619	2067	688
11351	11	351	98	121	121	132	110	6484	16400	0	1642	1693	6616	6619	2067	688
11352	11	352	98	121	121	132	110	6484	16400	0	1642	1693	6616	6619	2067	688
11353	11	353	98	121	121	132	110	6484	16400	0	1642	1693	6616	6619	2067	688
11354	11	354	98	121	121	132	110	6484	16400	0	1642	1693	6616	6619	2067	688
11355	11	355	98	121	121	132	110	6484	16400	0	1642	1693	6616	6619	2067	688
11356	11	356	98	121	121	132	110	6484	16400	0	1642	1693	6616	6619	2067	688
11357	11	357	98	121	121	132	110	6484	16400	0	1642	1693	6616	6619	2067	688
11358	11	358	98	121	121	132	110	6484	16400	0	1642	1693	6616	6619	2067	688
11359	11	359	98	121	121	132	110	6484	16400	0	1642	1693	6616	6619	2067	688
11360	11	360	98	121	121	132	110	6484	16400	0	1642	1693	6616	6619	2067	688
11361	11	361	98	121	121	132	110	6484	16400	0	1642	1693	6616	6619	2067	688
11362	11	362	98	121	121	132	110	6484	16400	0	1642	1693	6616	6619	2067	688
11363	11	363	98	121	121	132	110	6484	16400	0	1642	1693	6616	6619	2067	688
11364	11	364	98	121	121	132	110	6484	16400	0	1642	1693	6616	6619	2067	688
11365	11	365	98	121	121	132	110	6484	16400	0	1642	1693	6616	6619	2067	688
11366	11	366	98	121	121	132	110	6484	16400	0	1642	1693	6616	6619	2067	688
11367	11	367	98	121	121	132	110	6484	16400	0	1642	1693	6616	6619	2067	688
11368	11	368	98	121	121	132	110	6484	16400	0	1642	1693	6616	6619	2067	688
11369	11	369	98	121	121	132	110	6484	16400	0	1642	1693	6616	6619	2067	688
11370	11	370	98	121	121	132	110	6484	16400	0	1642	1693	6616	6619	2067	688
11371	11	371	98	121	121	132	110	6484	16400	0	1642	1693	6616	6619	2067	688
11372	11	372	98	121	121	132	110	6484	16400	0	1642	1693	6616	6619	2067	688
11373	11	373	98	121	121	132	110	6484	16400	0	1642	1693	6616	6619	2067	688
11374	11	374	98	121	121	132	110	6484	16400	0	1642	1693	6616	6619	2067	688
11375	11	375	98	121	121	132	110	6484	16400	0	1642	1693	6616	6619	2067	688
11376	11	376	98	121	121	132	110	6484	16400	0	1642	1693	6616	6619	2067	688
11377	11	377	98	121	121	132	110	6484	16400	0	1642	1693	6616	6619	2067	688
11378	11	378	98	121	121	132	110	6484	16400	0	1642	1693	6616	6619	2067	688
11379	11	379	98	121	121	132	110	6484	16400	0	1642	1693	6616	6619	2067	688
11380	11	380	98	121	121	132	110	6484	16400	0	1642	1693	6616	6619	2067	688
11381	11	381	98	121	121	132	110	6484	16400	0	1642	1693	6616	6619	2067	688
11382	11	382	98	121	121	132	110	6484	16400	0	1642	1693	6616	6619	2067	688
11383	11	383	98	121	121	132	110	6484	16400	0	1642	1693	6616	6619	2067	688
11384	11	384	98	121	121	132	110	6484	16400	0	1642	1693	6616	6619	2067	688
11385	11	385	98	121	121	132	110	6484	16400	0	1642	1693	6616	6619	2067	688
11386	11	386	98	121	121	132	110	6484	16400	0	1642	1693	6616	6619	2067	688
11387	11	387	98	121	121	132	110	6484	16400	0	1642	1693	6616	6619	2067	688
11388	11	388	98	121	121	132	110	6484	16400	0	1642	1693	6616	6619	2067	688
11389	11	389	98	121	121	132	110	6484	16400	0	1642	1693	6616	6619	2067	688
11390	11	390	98	121	121	132	110	6484	16400	0	1642	1693	6616	6619	2067	688
11391	11	391	98	121	121	132	110	6484	16400	0	1642	1693	6616	6619	2067	688
11392	11	392	98	121	121	132	110	6484	16400	0	1642	1693	6616	6619	2067	688
11393	11	393	98	121	121	132	110	6484	16400	0	1642	1693	6616	6619	2067	688
11394	11	394	98	121	121	132	110	6484	16400	0	1642	1693	6616	6619	2067	688
11395	11	395	98	121	121	132	110	6484	16400	0	1642	1693	6616	6619	2067	688
11396	11	396	98	121	121	132	110	6484	16400	0	1642	1693	6616	6619	2067	688
11397	11	397	98	121	121	132	110	6484	16400	0	1642	1693	6616	6619	2067	688
11398	11	398	98	121	121	132	110	6484	16400	0	1642	1693	6616	6619	2067	688
11399	11	399	98	121	121	132	110	6484	16400	0	1642	1693	6616	6619	2067	688
11400	11	400	98	121	121	132	110	6484	16400	0	1642	1693	6616	6619	2067	688
11401	11	401	98	121	121	132	110	6484	16400	0	1642	1693	6616	6619	2067	688
11402	11	402	98	121	121	132	110	6484	16400	0	1642	1693	6616	6619	2067	688
11403	11	403	98	121	121	132	110	6484	16400	0	1642	1693	6616	6619	2067	688
11404	11	404	98	121	121	132	110	6484	16400	0	1642	1693	6616	6619	2067	688
11405	11	405	98	121	121	132	110	6484	16400	0	1642	1693	6616	6619	2067	688
11406	11	406	98	121	121	132	110	6484	16400	0	1642	1693	6616	6619	2067	688
11407	11	407	98	121	121	132	110	6484	16400	0	1642	1693	6616	6619	2067	688
11408	11	408	98	121	121	132	110	6484	16400	0	1642	1693	6616	6619	2067	688
11409	11	409	98	121	121	132	110	6484	16400	0	1642	1693	6616	6619	2067	688
11410	11	410	98	121	121	132	110	6484	16400	0	1642	1693	6616	6619	2067	688
11411	11	411	98	121	121	132	110	6484	16400	0	1642	1693	6616	6619	2067	688
11412	11	412	98	121	121	132	110	6484	16400	0	1642	1693	6616	6619	2067	688
11413	11	413	98	121	121	132	110	6484	16400	0	1642	1693	6616	6619	2067	688
11414	11	414	98	121	121	132	110	6484	16400	0	1642	1693	6616	6619	2067	688
11415	11	415	98	121	121	132	110	6484	16400	0	1642	1693	6616	6619	2067	688
11416	11	416	98	121	121	132	110	6484	16400	0	1642	1693	6616	6619	2067	688
11417	11	417	98	121	121	132	110	6484	16400	0	1642	1693	6616	6619	2067	688
11418	11	418	98	121	121	132	110	6484	16400	0	1642	1693	6616	6619	2067	688
11419	11	419	98	121	121	132	110	6484	16400	0	1642	1693	6616	6619	2067	688
11420	11	420	98	121	121	132	110	6484	16400	0	1642	1693	6616	6619	2067	688
11421	11	421	98	121	121	132	110	6484	16400	0	1642	1693	6616	6619	2067	688
11422	11	422	98	121	121	132	110	6484	16400	0	1642	1693	6616	6619	2067	688
11423	11	423	98	121	121	132	110	6484	16400	0	1642	1693	6616	6619	2067	688
11424	11	424	98	121	121	132	110	6484	16400	0	1642	1693	6616	6619	2067	688
11425	11	425	98	121	121	132	110	6484	16400	0	1642	1693	6616	6619	2067	688
11426	11	426	98	121	121	132	110	6484	16400	0	1642	1693	6616	6619	2067	688
11427	11	427	98	121	121	132	110	6484	16400	0	1642	1693	6616	6619	2067	688
11428	11	428	98	121	121	132	110	6484	16400	0	1642	1693	6616	6619	2067	688
11429	11	429	98	121	121	132	110	6484	16400	0	1642	1693	6616	6619	2067	688
11430	11	430	98	121	121	132	110	6484	16400	0	1642	1693	6616	6619	2067	688
11431	11	431	98	121	121	132	110	6484	16400	0	1642	1693	6616	6619	2067	688
11432	11	432	98	121	121	132	110	6484	16400	0	1642	1693	6616	6619	2067	688
11433	11	433	98	121	121	132	110	6484	16400	0	1642	1693	6616	6619	2067	688
11434	11	434	98	121	121	132	110	6484	16400	0	1642	1693	6616	6619	2067	688
11435	11	435	98	121	121	132	110	6484	16400	0	1642	1693	6616	6619	2067	688
11436	11	436	98	121	121	132	110	6484	16400	0	1642	1693	6616	6619	2067	688
11437	11	437	98	121	121	132	110	6484	16400	0	1642	1693	6616	6619	2067	688
11438	11	438	98	121	121	132	110	6484	16400	0	1642	1693	6616	6619	2067	688
11439	11	439	98	121	121	132	110	6484	16400	0	1642	1693	6616	6619	2067	688
11440	11	440	98	121	121	132	110	6484	16400	0	1642	1693	6616	6619	2067	688
11441	11	441	98	121	121	132	110	6484	16400	0	1642	1693	6616	6619	2067	688
11442	11	442	98	121	121	132	110	6484	16400	0	1642	1693	6616	6619	2067	688
11443	11	443	98	121	121	132	110	6484	16400	0	1642	1693	6616	6619	2067	688
11444	11	444	98	121	121	132	110	6484	16400	0	1642	1693	6616	6619	2067	688
11445	11	445	98	121	121	132	110	6484	16400	0	1642	1693	6616	6619	2067	688
11446	11	446	98	121	121	132	110	6484	16400	0	1642	1693	6616	6619	2067	688
11447	11	447	98	121	121	132	110	6484	16400	0	1642	1693	6616	6619	2067	688
11448	11	448	98	121	121	132	110	6484	16400	0	1642	1693	6616	6619	2067	688
11449	11	449	98	121	121	132	110	6484	16400	0	1642	1693	6616	6619	2067	688
11450	11	450	98	121	121	132	110	6484	16400	0	1642	1693	6616	6619	2067	688
11451	11	451	98	121	121	132	110	6484	16400	0	1642	1693	6616	6619	2067	688
11452	11	452	98	121	121	132	110	6484	16400	0	1642	1693	6616	6619	2067	688
11453	11	453	98	121	121	132	110	6484	16400	0	1642	1693	6616	6619	2067	688
11454	11	454	98	121	121	132	110	6484	16400	0	1642	1693	6616	6619	2067	688
11455	11	455	98	121	121	132	110	6484	16400	0	1642	1693	6616	6619	2067	688
11456	11	456	98	121	121	132	110	6484	16400	0	1642	1693	6616	6619	2067	688
11457	11	457	98	121	121	132	110	6484	16400	0	1642	1693	6616	6619	2067	688
11458	11	458	98	121	121	132	110	6484	16400	0	1642	1693	6616	6619	2067	688
11459	11	459	98	121	121	132	110	6484	16400	0	1642	1693	6616	6619	2067	688
11460	11	460	98	121	121	132	110	6484	16400	0	1642	1693	6616	6619	2067	688
11461	11	461	98	121	121	132	110	6484	16400	0	1642	1693	6616	6619	2067	688
11462	11	462	98	121	121	132	110	6484	16400	0	1642	1693	6616	6619	2067	688
11463	11	463	98	121	121	132	110	6484	16400	0	1642	1693	6616	6619	2067	688
11464	11	464	98	121	121	132	110	6484	16400	0	1642	1693	6616	6619	2067	688
11465	11	465	98	121	121	132	110	6484	16400	0	1642	1693	6616	6619	2067	688
11466	11	466	98	121	121	132	110	6484	16400	0	1642	1693	6616	6619	2067	688
11467	11	467	98	121	121	132	110	6484	16400	0	1642	1693	6616	6619	2067	688
11468	11	468	98	121	121	132	110	6484	16400	0	1642	1693	6616	6619	2067	688
11469	11	469	98	121	121	132	110	6484	16400	0	1642	1693	6616	6619	2067	688
11470	11	470	98	121	121	132	110	6484	16400	0	1642	1693	6616	6619	2067	688
11471	11	471	98	121	121	132	110	6484	16400	0	1642	1693	6616	6619	2067	688
11472	11	472	98	121	121	132	110	6484	16400	0	1642	1693	6616	6619	2067	688
11473	11	473	98	121	121	132	110	6484	16400	0	1642	1693	6616	6619	2067	688
11474	11	474	98	121	121	132	110	6484	16400	0	1642	1693	6616	6619	2067	688
11475	11	475	98	121	121	132	110	6484	16400	0	1642	1693	6616	6619	2067	688
11476	11	476	98	121	121	132	110	6484	16400	0	1642	1693	6616	6619	2067	688
11477	11	477	98	121	121	132	110	6484	16400	0	1642	1693	6616	6619	2067	688
11478	11	478	98	121	121	132	110	6484	16400	0	1642	1693	6616	6619	2067	688
11479	11	479	98	121	121	132	110	6484	16400	0	1642	1693	6616	6619	2067	688
11480	11	480	98	121	121	132	110	6484	16400	0	1642	1693	6616	6619	2067	688
11481	11	481	98	121	121	132	110	6484	16400	0	1642	1693	6616	6619	2067	688
11482	11	482	98	121	121	132	110	6484	16400	0	1642	1693	6616	6619	2067	688
11483	11	483	98	121	121	132	110	6484	16400	0	1642	1693	6616	6619	2067	688
11484	11	484	98	121	121	132	110	6484	16400	0	1642	1693	6616	6619	2067	688
11485	11	485	98	121	121	132	110	6484	16400	0	1642	1693	6616	6619	2067	688
11486	11	486	98	121	121	132	110	6484	16400	0	1642	1693	6616	6619	2067	688
11487	11	487	98	121	121	132	110	6484	16400	0	1642	1693	6616	6619	2067	688
11488	11	488	98	121	121	132	110	6484	16400	0	1642	1693	6616	6619	2067	688
11489	11	489	98	121	121	132	110	6484	16400	0	1642	1693	6616	6619	2067	688
11490	11	490	98	121	121	132	110	6484	16400	0	1642	1693	6616	6619	2067	688
11491	11	491	98	121	121	132	110	6484	16400	0	1642	1693	6616	6619	2067	688
11492	11	492	98	121	121	132	110	6484	16400	0	1642	1693	6616	6619	2067	688
11493	11	493	98	121	121	132	110	6484	16400	0	1642	1693	6616	6619	2067	688
11494	11	494	98	121	121	132	110	6484	16400	0	1642	1693	6616	6619	2067	688
11495	11	495	98	121	121	132	110	6484	16400	0	1642	1693	6616	6619	2067	688
11496	11	496	98	121	121	132	110	6484	16400	0	1642	1693	6616	6619	2067	688
11497	11	497	98	121	121	132	110	6484	16400	0	1642	1693	6616	6619	2067	688
11498	11	498	98	121	121	132	110	6484	16400	0	1642	1693	6616	6619	2067	688
11499	11	499	98	121	121	132	110	6484	16400	0	1642	1693	6616	6619	2067	688
11500	11	500	98	121	121	132	110	6484	16400	0	1642	1693	6616	6619	2067	688
11501	11	501	98	121	121	132	110	6484	16400	0	1642	1693	6616	6619	2067	688
11502	11	502	98	121	121	132	110	6484	16400	0	1642	1693	6616	6619	2067	688
11503	11	503	98	121	121	132	110	6484	16400	0	1642	1693	6616	6619	2067	688
11504	11	504	98	121	121	132	110	6484	16400	0	1642	1693	6616	6619	2067	688
11505	11	505	98	121	121	132	110	6484	16400	0	1642	1693	6616	6619	2067	688
11506	11	506	98	121	121	132	110	6484	16400	0	1642	1693	6616	6619	2067	688
11507	11	507	98	121	121	132	110	6484	16400	0	1642	1693	6616	6619	2067	688
11508	11	508	98	121	121	132	110	6484	16400	0	1642	1693	6616	6619	2067	688
11509	11	509	98	121	121	132	110	6484	16400	0	1642	1693	6616	6619	2067	688
11510	11	510	98	121	121	132	110	6484	16400	0	1642	1693	6616	6619	2067	688
11511	11	511	98	121	121	132	110	6484	16400	0	1642	1693	6616	6619	2067	688
11512	11	512	98	121	121	132	110	6484	16400	0	1642	1693	6616	6619	2067	688
11513	11	513	98	121	121	132	110	6484	16400	0	1642	1693	6616	6619	2067	688
11514	11	514	98	121	121	132	110	6484	16400	0	1642	1693	6616	6619	2067	688
11515	11	515	98	121	121	132	110	6484	16400	0	1642	1693	6616	6619	2067	688
11516	11	516	98	121	121	132	110	6484	16400	0	1642	1693	6616	6619	2067	688
11517	11	517	98	121	121	132	110	6484	16400	0	1642	1693	6616	6619	2067	688
11518	11	518	98	121	121	132	110	6484	16400	0	1642	1693	6616	6619	2067	688
11519	11	519	98	121	121	132	110	6484	16400	0	1642	1693	6616	6619	2067	688
11520	11	520	98	121	121	132	110	6484	16400	0	1642	1693	6616	6619	2067	688
11521	11	521	98	121	121	132	110	6484	16400	0	1642	1693	6616	6619	2067	688
11522	11	522	98	121	121	132	110	6484	16400	0	1642	1693	6616	6619	2067	688
11523	11	523	98	121	121	132	110	6484	16400	0	1642	1693	6616	6619	2067	688
11524	11	524	98	121	121	132	110	6484	16400	0	1642	1693	6616	6619	2067	688
11525	11	525	98	121	121	132	110	6484	16400	0	1642	1693	6616	6619	2067	688
11526	11	526	98	121	121	132	110	6484	16400	0	1642	1693	6616	6619	2067	688
11527	11	527	98	121	121	132	110	6484	16400	0	1642	1693	6616	6619	2067	688
11528	11	528	98	121	121	132	110	6484	16400	0	1642	1693	6616	6619	2067	688
11529	11	529	98	121	121	132	110	6484	16400	0	1642	1693	6616	6619	2067	688
11530	11	530	98	121	121	132	110	6484	16400	0	1642	1693	6616	6619	2067	688
11531	11	531	98	121	121	132	110	6484	16400	0	1642	1693	6616	6619	2067	688
11532	11	532	98	121	121	132	110	6484	16400	0	1642	1693	6616	6619	2067	688
11533	11	533	98	121	121	132	110	6484	16400	0	1642	1693	6616	6619	2067	688
11534	11	534	98	121	121	132	110	6484	16400	0	1642	1693	6616	6619	2067	688
11535	11	535	98	121	121	132	110	6484	16400	0	1642	1693	6616	6619	2067	688
11536	11	536	98	121	121	132	110	6484	16400	0	1642	1693	6616	6619	2067	688
11537	11	537	98	121	121	132	110	6484	16400	0	1642	1693	6616	6619	2067	688
11538	11	538	98	121	121	132	110	6484	16400	0	1642	1693	6616	6619	2067	688
11539	11	539	98	121	121	132	110	6484	16400	0	1642	1693	6616	6619	2067	688
11540	11	540	98	121	121	132	110	6484	16400	0	1642	1693	6616	6619	2067	688
11541	11	541	98	121	121	132	110	6484	16400	0	1642	1693	6616	6619	2067	688
11542	11	542	98	121	121	132	110	6484	16400	0	1642	1693	6616	6619	2067	688
11543	11	543	98	121	121	132	110	6484	16400	0	1642	1693	6616	6619	2067	688
11544	11	544	98	121	121	132	110	6484	16400	0	1642	1693	6616	6619	2067	688
11545	11	545	98	121	121	132	110	6484	16400	0	1642	1693	6616	6619	2067	688
11546	11	546	98	121	121	132	110	6484	16400	0	1642	1693	6616	6619	2067	688
11547	11	547	98	121	121	132	110	6484	16400	0	1642	1693	6616	6619	2067	688
11548	11	548	98	121	121	132	110	6484	16400	0	1642	1693	6616	6619	2067	688
11549	11	549	98	121	121	132	110	6484	16400	0	1642	1693	6616	6619	2067	688
11550	11	550	98	121	121	132	110	6484	16400	0	1642	1693	6616	6619	2067	688
11551	11	551	98	121	121	132	110	6484	16400	0	1642	1693	6616	6619	2067	688
11552	11	552	98	121	121	132	110	6484	16400	0	1642	1693	6616	6619	2067	688
11553	11	553	98	121	121	132	110	6484	16400	0	1642	1693	6616	6619	2067	688
11554	11	554	98	121	121	132	110	6484	16400	0	1642	1693	6616	6619	2067	688
11555	11	555	98	121	121	132	110	6484	16400	0	1642	1693	6616	6619	2067	688
11556	11	556	98	121	121	132	110	6484	16400	0	1642	1693	6616	6619	2067	688
11557	11	557	98	121	121	132	110	6484	16400	0	1642	1693	6616	6619	2067	688
11558	11	558	98	121	121	132	110	6484	16400	0	1642	1693	6616	6619	2067	688
11559	11	559	98	121	121	132	110	6484	16400	0	1642	1693	6616	6619	2067	688
11560	11	560	98	121	121	132	110	6484	16400	0	1642	1693	6616	6619	2067	688
11561	11	561	98	121	121	132	110	6484	16400	0	1642	1693	6616	6619	2067	688
11562	11	562	98	121	121	132	110	6484	16400	0	1642	1693	6616	6619	2067	688
11563	11	563	98	121	121	132	110	6484	16400	0	1642	1693	6616	6619	2067	688
11564	11	564	98	121	121	132	110	6484	16400	0	1642	1693	6616	6619	2067	688
11565	11	565	98	121	121	132	110	6484	16400	0	1642	1693	6616	6619	2067	688
11566	11	566	98	121	121	132	110	6484	16400	0	1642	1693	6616	6619	2067	688
11567	11	567	98	121	121	132	110	6484	16400	0	1642	1693	6616	6619	2067	688
11568	11	568	98	121	121	132	110	6484	16400	0	1642	1693	6616	6619	2067	688
11569	11	569	98	121	121	132	110	6484	16400	0	1642	1693	6616	6619	2067	688
11570	11	570	98	121	121	132	110	6484	16400	0	1642	1693	6616	6619	2067	688
11571	11	571	98	121	121	132	110	6484	16400	0	1642	1693	6616	6619	2067	688
11572	11	572	98	121	121	132	110	6484	16400	0	1642	1693	6616	6619	2067	688
11573	11	573	98	121	121	132	110	6484	16400	0	1642	1693	6616	6619	2067	688
11574	11	574	98	121	121	132	110	6484	16400	0	1642	1693	6616	6619	2067	688
11575	11	575	98	121	121	132	110	6484	16400	0	1642	1693	6616	6619	2067	688
11576	11	576	98	121	121	132	110	6484	16400	0	1642	1693	6616	6619	2067	688
11577	11	577	98	121	121	132	110	6484	16400	0	1642	1693	6616	6619	2067	688
11578	11	578	98	121	121	132	110	6484	16400	0	1642	1693	6616	6619	2067	688
11579	11	579	98	121	121	132	110	6484	16400	0	1642	1693	6616	6619	2067	688
11580	11	580	98	121	121	132	110	6484	16400	0	1642	1693	6616	6619	2067	688
11581	11	581	98	121	121	132	110	6484	16400	0	1642	1693	6616	6619	2067	688
11582	11	582	98	121	121	132	110	6484	16400	0	1642	1693	6616	6619	2067	688
11583	11	583	98	121	121	132	110	6484	16400	0	1642	1693	6616	6619	2067	688
11584	11	584	98	121	121	132	110	6484	16400	0	1642	1693	6616	6619	2067	688
11585	11	585	98	121	121	132	110	6484	16400	0	1642	1693	6616	6619	2067	688
11586	11	586	98	121	121	132	110	6484	16400	0	1642	1693	6616	6619	2067	688
11587	11	587	98	121	121	132	110	6484	16400	0	1642	1693	6616	6619	2067	688
11588	11	588	98	121	121	132	110	6484	16400	0	1642	1693	6616	6619	2067	688
11589	11	589	98	121	121	132	110	6484	16400	0	1642	1693	6616	6619	2067	688
11590	11	590	98	121	121	132	110	6484	16400	0	1642	1693	6616	6619	2067	688
11591	11	591	98	121	121	132	110	6484	16400	0	1642	1693	6616	6619	2067	688
11592	11	592	98	121	121	132	110	6484	16400	0	1642	1693	6616	6619	2067	688
11593	11	593	98	121	121	132	110	6484	16400	0	1642	1693	6616	6619	2067	688
11594	11	594	98	121	121	132	110	6484	16400	0	1642	1693	6616	6619	2067	688
11595	11	595	98	121	121	132	110	6484	16400	0	1642	1693	6616	6619	2067	688
11596	11	596	98	121	121	132	110	6484	16400	0	1642	1693	6616	6619	2067	688
11597	11	597	98	121	121	132	110	6484	16400	0	1642	1693	6616	6619	2067	688
11598	11	598	98	121	121	132	110	6484	16400	0	1642	1693	6616	6619	2067	688
11599	11	599	98	121	121	132	110	6484	16400	0	1642	1693	6616	6619	2067	688
11600	11	600	98	121	121	132	110	6484	16400	0	1642	1693	6616	6619	2067	688
11601	11	601	98	121	121	132	110	6484	16400	0	1642	1693	6616	6619	2067	688
11602	11	602	98	121	121	132	110	6484	16400	0	1642	1693	6616	6619	2067	688
11603	11	603	98	121	121	132	110	6484	16400	0	1642	1693	6616	6619	2067	688
11604	11	604	98	121	121	132	110	6484	16400	0	1642	1693	6616	6619	2067	688
11605	11	605	98	121	121	132	110	6484	16400	0	1642	1693	6616	6619	2067	688
11606	11	606	98	121	121	132	110	6484	16400	0	1642	1693	6616	6619	2067	688
11607	11	607	98	121	121	132	110	6484	16400	0	1642	1693	6616	6619	2067	688
11608	11	608	98	121	121	132	110	6484	16400	0	1642	1693	6616	6619	2067	688
11609	11	609	98	121	121	132	110	6484	16400	0	1642	1693	6616	6619	2067	688
11610	11	610	98	121	121	132	110	6484	16400	0	1642	1693	6616	6619	2067	688
11611	11	611	98	121	121	132	110	6484	16400	0	1642	1693	6616	6619	2067	688
11612	11	612	98	121	121	132	110	6484	16400	0	1642	1693	6616	6619	2067	688
11613	11	613	98	121	121	132	110	6484	16400	0	1642	1693	6616	6619	2067	688
11614	11	614	98	121	121	132	110	6484	16400	0	1642	1693	6616	6619	2067	688
11615	11	615	98	121	121	132	110	6484	16400	0	1642	1693	6616	6619	2067	688
11616	11	616	98	121	121	132	110	6484	16400	0	1642	1693	6616	6619	2067	688
11617	11	617	98	121	121	132	110	6484	16400	0	1642	1693	6616	6619	2067	688
11618	11	618	98	121	121	132	110	6484	16400	0	1642	1693	6616	6619	2067	688
11619	11	619	98	121	121	132	110	6484	16400	0	1642	1693	6616	6619	2067	688
11620	11	620	98	121	121	132	110	6484	16400	0	1642	1693	6616	6619	2067	688
11621	11	621	98	121	121	132	110	6484	16400	0	1642	1693	6616	6619	2067	688
11622	11	622	98	121	121	132	110	6484	16400	0	1642	1693	6616	6619	2067	688
11623	11	623	98	121	121	132	110	6484	16400	0	1642	1693	6616	6619	2067	688
11624	11	624	98	121	121	132	110	6484	16400	0	1642	1693	6616	6619	2067	688
11625	11	625	98	121	121	132	110	6484	16400	0	1642	1693	6616	6619	2067	688
11626	11	626	98	121	121	132	110	6484	16400	0	1642	1693	6616	6619	2067	688
11627	11	627	98	121	121	132	110	6484	16400	0	1642	1693	6616	6619	2067	688
11628	11	628	98	121	121	132	110	6484	16400	0	1642	1693	6616	6619	2067	688
11629	11	629	98	121	121	132	110	6484	16400	0	1642	1693	6616	6619	2067	688
11630	11	630	98	121	121	132	110	6484	16400	0	1642	1693	6616	6619	2067	688
11631	11	631	98	121	121	132	110	6484	16400	0	1642	1693	6616	6619	2067	688
11632	11	632	98	121	121	132	110	6484	16400	0	1642	1693	6616	6619	2067	688
11633	11	633	98	121	121	132	110	6484	16400	0	1642	1693	6616	6619	2067	688
11634	11	634	98	121	121	132	110	6484	16400	0	1642	1693	6616	6619	2067	688
11635	11	635	98	121	121	132	110	6484	16400	0	1642	1693	6616	6619	2067	688
11636	11	636	98	121	121	132	110	6484	16400	0	1642	1693	6616	6619	2067	688
11637	11	637	98	121	121	132	110	6484	16400	0	1642	1693	6616	6619	2067	688
11638	11	638	98	121	121	132	110	6484	16400	0	1642	1693	6616	6619	2067	688
11639	11	639	98	121	121	132	110	6484	16400	0	1642	1693	6616	6619	2067	688
11640	11	640	98	121	121	132	110	6484	16400	0	1642	1693	6616	6619	2067	688
11641	11	641	98	121	121	132	110	6484	16400	0	1642	1693	6616	6619	2067	688
11642	11	642	98	121	121	132	110	6484	16400	0	1642	1693	6616	6619	2067	688
11643	11	643	98	121	121	132	110	6484	16400	0	1642	1693	6616	6619	2067	688
11644	11	644	98	121	121	132	110	6484	16400	0	1642	1693	6616	6619	2067	688
11645	11	645	98	121	121	132	110	6484	16400	0	1642	1693	6616	6619	2067	688
11646	11	646	98	121	121	132	110	6484	16400	0	1642	1693	6616	6619	2067	688
11647	11	647	98	121	121	132	110	6484	16400	0	1642	1693	6616	6619	2067	688
11648	11	648	98	121	121	132	110	6484	16400	0	1642	1693	6616	6619	2067	688
11649	11	649	98	121	121	132	110	6484	16400	0	1642	1693	6616	6619	2067	688
11650	11	650	98	121	121	132	110	6484	16400	0	1642	1693	6616	6619	2067	688
11651	11	651	98	121	121	132	110	6484	16400	0	1642	1693	6616	6619	2067	688
11652	11	652	98	121	121	132	110	6484	16400	0	1642	1693	6616	6619	2067	688
11653	11	653	98	121	121	132	110	6484	16400	0	1642	1693	6616	6619	2067	688
11654	11	654	98	121	121	132	110	6484	16400	0	1642	1693	6616	6619	2067	688
11655	11	655	98	121	121	132	110	6484	16400	0	1642	1693	6616	6619	2067	688
11656	11	656	98	121	121	132	110	6484	16400	0	1642	1693	6616	6619	2067	688
11657	11	657	98	121	121	132	110	6484	16400	0	1642	1693	6616	6619	2067	688
11658	11	658	98	121	121	132	110	6484	16400	0	1642	1693	6616	6619	2067	688
11659	11	659	98	121	121	132	110	6484	16400	0	1642	1693	6616	6619	2067	688
11660	11	660	98	121	121	132	110	6484	16400	0	1642	1693	6616	6619	2067	688
11661	11	661	98	121	121	132	110	6484	16400	0	1642	1693	6616	6619	2067	688
11662	11	662	98	121	121	132	110	6484	16400	0	1642	1693	6616	6619	2067	688
11663	11	663	98	121	121	132	110	6484	16400	0	1642	1693	6616	6619	2067	688
11664	11	664	98	121	121	132	110	6484	16400	0	1642	1693	6616	6619	2067	688
11665	11	665	98	121	121	132	110	6484	16400	0	1642	1693	6616	6619	2067	688
11666	11	666	98	121	121	132	110	6484	16400	0	1642	1693	6616	6619	2067	688
11667	11	667	98	121	121	132	110	6484	16400	0	1642	1693	6616	6619	2067	688
11668	11	668	98	121	121	132	110	6484	16400	0	1642	1693	6616	6619	2067	688
11669	11	669	98	121	121	132	110	6484	16400	0	1642	1693	6616	6619	2067	688
11670	11	670	98	121	121	132	110	6484	16400	0	1642	1693	6616	6619	2067	688
11671	11	671	98	121	121	132	110	6484	16400	0	1642	1693	6616	6619	2067	688
11672	11	672	98	121	121	132	110	6484	16400	0	1642	1693	6616	6619	2067	688
11673	11	673	98	121	121	132	110	6484	16400	0	1642	1693	6616	6619	2067	688
11674	11	674	98	121	121	132	110	6484	16400	0	1642	1693	6616	6619	2067	688
11675	11	675	98	121	121	132	110	6484	16400	0	1642	1693	6616	6619	2067	688
11676	11	676	98	121	121	132	110	6484	16400	0	1642	1693	6616	6619	2067	688
11677	11	677	98	121	121	132	110	6484	16400	0	1642	1693	6616	6619	2067	688
11678	11	678	98	121	121	132	110	6484	16400	0	1642	1693	6616	6619	2067	688
11679	11	679	98	121	121	132	110	6484	16400	0	1642	1693	6616	6619	2067	688
11680	11	680	98	121	121	132	110	6484	16400	0	1642	1693	6616	6619	2067	688
11681	11	681	98	121	121	132	110	6484	16400	0	1642	1693	6616	6619	2067	688
11682	11	682	98	121	121	132	110	6484	16400	0	1642	1693	6616	6619	2067	688
11683	11	683	98	121	121	132	110	6484	16400	0	1642	1693	6616	6619	2067	688
11684	11	684	98	121	121	132	110	6484	16400	0	1642	1693	6616	6619	2067	688
11685	11	685	98	121	121	132	110	6484	16400	0	1642	1693	6616	6619	2067	688
11686	11	686	98	121	121	132	110	6484	16400	0	1642	1693	6616	6619	2067	688
11687	11	687	98	121	121	132	110	6484	16400	0	1642	1693	6616	6619	2067	688
11688	11	688	98	121	121	132	110	6484	16400	0	1642	1693	6616	6619	2067	688
11689	11	689	98	121	121	132	110	6484	16400	0	1642	1693	6616	6619	2067	688
11690	11	690	98	121	121	132	110	6484	16400	0	1642	1693	6616	6619	2067	688
11691	11	691	98	121	121	132	110	6484	16400	0	1642	1693	6616	6619	2067	688
11692	11	692	98	121	121	132	110	6484	16400	0	1642	1693	6616	6619	2067	688
11693	11	693	98	121	121	132	110	6484	16400	0	1642	1693	6616	6619	2067	688
11694	11	694	98	121	121	132	110	6484	16400	0	1642	1693	6616	6619	2067	688
11695	11	695	98	121	121	132	110	6484	16400	0	1642	1693	6616	6619	2067	688
11696	11	696	98	121	121	132	110	6484	16400	0	1642	1693	6616	6619	2067	688
11697	11	697	98	121	121	132	110	6484	16400	0	1642	1693	6616	6619	2067	688
11698	11	698	98	121	121	132	110	6484	16400	0	1642	1693	6616	6619	2067	688
11699	11	699	98	121	121	132	110	6484	16400	0	1642	1693	6616	6619	2067	688
11700	11	700	98	121	121	132	110	6484	16400	0	1642	1693	6616	6619	2067	688
11701	11	701	98	121	121	132	110	6484	16400	0	1642	1693	6616	6619	2067	688
11702	11	702	98	121	121	132	110	6484	16400	0	1642	1693	6616	6619	2067	688
11703	11	703	98	121	121	132	110	6484	16400	0	1642	1693	6616	6619	2067	688
11704	11	704	98	121	121	132	110	6484	16400	0	1642	1693	6616	6619	2067	688
11705	11	705	98	121	121	132	110	6484	16400	0	1642	1693	6616	6619	2067	688
11706	11	706	98	121	121	132	110	6484	16400	0	1642	1693	6616	6619	2067	688
11707	11	707	98	121	121	132	110	6484	16400	0	1642	1693	6616	6619	2067	688
11708	11	708	98	121	121	132	110	6484	16400	0	1642	1693	6616	6619	2067	688
11709	11	709	98	121	121	132	110	6484	16400	0	1642	1693	6616	6619	2067	688
11710	11	710	98	121	121	132	110	6484	16400	0	1642	1693	6616	6619	2067	688
11711	11	711	98	121	121	132	110	6484	16400	0	1642	1693	6616	6619	2067	688
11712	11	712	98	121	121	132	110	6484	16400	0	1642	1693	6616	6619	2067	688
11713	11	713	98	121	121	132	110	6484	16400	0	1642	1693	6616	6619	2067	688
11714	11	714	98	121	121	132	110	6484	16400	0	1642	1693	6616	6619	2067	688
11715	11	715	98	121	121	132	110	6484	16400	0	1642	1693	6616	6619	2067	688
11716	11	716	98	121	121	132	110	6484	16400	0	1642	1693	6616	6619	2067	688
11717	11	717	98	121	121	132	110	6484	16400	0	1642	1693	6616	6619	2067	688
11718	11	718	98	121	121	132	110	6484	16400	0	1642	1693	6616	6619	2067	688
11719	11	719	98	121	121	132	110	6484	16400	0	1642	1693	6616	6619	2067	688
11720	11	720	98	121	121	132	110	6484	16400	0	1642	1693	6616	6619	2067	688
11721	11	721	98	121	121	132	110	6484	16400	0	1642	1693	6616	6619	2067	688
11722	11	722	98	121	121	132	110	6484	16400	0	1642	1693	6616	6619	2067	688
11723	11	723	98	121	121	132	110	6484	16400	0	1642	1693	6616	6619	2067	688
11724	11	724	98	121	121	132	110	6484	16400	0	1642	1693	6616	6619	2067	688
11725	11	725	98	121	121	132	110	6484	16400	0	1642	1693	6616	6619	2067	688
11726	11	726	98	121	121	132	110	6484	16400	0	1642	1693	6616	6619	2067	688
11727	11	727	98	121	121	132	110	6484	16400	0	1642	1693	6616	6619	2067	688
11728	11	728	98	121	121	132	110	6484	16400	0	1642	1693	6616	6619	2067	688
11729	11	729	98	121	121	132	110	6484	16400	0	1642	1693	6616	6619	2067	688
11730	11	730	98	121	121	132	110	6484	16400	0	1642	1693	6616	6619	2067	688
11731	11	731	98	121	121	132	110	6484	16400	0	1642	1693	6616	6619	2067	688
11732	11	732	98	121	121	132	110	6484	16400	0	1642	1693	6616	6619	2067	688
11733	11	733	98	121	121	132	110	6484	16400	0	1642	1693	6616	6619	2067	688
11734	11	734	98	121	121	132	110	6484	16400	0	1642	1693	6616	6619	2067	688
11735	11	735	98	121	121	132	110	6484	16400	0	1642	1693	6616	6619	2067	688
11736	11	736	98	121	121	132	110	6484	16400	0	1642	1693	6616	6619	2067	688
11737	11	737	98	121	121	132	110	6484	16400	0	1642	1693	6616	6619	2067	688
11738	11	738	98	121	121	132	110	6484	16400	0	1642	1693	6616	6619	2067	688
11739	11	739	98	121	121	132	110	6484	16400	0	1642	1693	6616	6619	2067	688
11740	11	740	98	121	121	132	110	6484	16400	0	1642	1693	6616	6619	2067	688
11741	11	741	98	121	121	132	110	6484	16400	0	1642	1693	6616	6619	2067	688
11742	11	742	98	121	121	132	110	6484	16400	0	1642	1693	6616	6619	2067	688
11743	11	743	98	121	121	132	110	6484	16400	0	1642	1693	6616	6619	2067	688
11744	11	744	98	121	121	132	110	6484	16400	0	1642	1693	6616	6619	2067	688
11745	11	745	98	121	121	132	110	6484	16400	0	1642	1693	6616	6619	2067	688
11746	11	746	98	121	121	132	110	6484	16400	0	1642	1693	6616	6619	2067	688
11747	11	747	98	121	121	132	110	6484	16400	0	1642	1693	6616	6619	2067	688
11748	11	748	98	121	121	132	110	6484	16400	0	1642	1693	6616	6619	2067	688
11749	11	749	98	121	121	132	110	6484	16400	0	1642	1693	6616	6619	2067	688
11750	11	750	98	121	121	132	110	6484	16400	0	1642	1693	6616	6619	2067	688
11751	11	751	98	121	121	132	110	6484	16400	0	1642	1693	6616	6619	2067	688
11752	11	752	98	121	121	132	110	6484	16400	0	1642	1693	6616	6619	2067	688
11753	11	753	98	121	121	132	110	6484	16400	0	1642	1693	6616	6619	2067	688
11754	11	754	98	121	121	132	110	6484	16400	0	1642	1693	6616	6619	2067	688
11755	11	755	98	121	121	132	110	6484	16400	0	1642	1693	6616	6619	2067	688
11756	11	756	98	121	121	132	110	6484	16400	0	1642	1693	6616	6619	2067	688
11757	11	757	98	121	121	132	110	6484	16400	0	1642	1693	6616	6619	2067	688
11758	11	758	98	121	121	132	110	6484	16400	0	1642	1693	6616	6619	2067	688
11759	11	759	98	121	121	132	110	6484	16400	0	1642	1693	6616	6619	2067	688
11760	11	760	98	121	121	132	110	6484	16400	0	1642	1693	6616	6619	2067	688
11761	11	761	98	121	121	132	110	6484	16400	0	1642	1693	6616	6619	2067	688
11762	11	762	98	121	121	132	110	6484	16400	0	1642	1693	6616	6619	2067	688
11763	11	763	98	121	121	132	110	6484	16400	0	1642	1693	6616	6619	2067	688
11764	11	764	98	121	121	132	110	6484	16400	0	1642	1693	6616	6619	2067	688
11765	11	765	98	121	121	132	110	6484	16400	0	1642	1693	6616	6619	2067	688
11766	11	766	98	121	121	132	110	6484	16400	0	1642	1693	6616	6619	2067	688
11767	11	767	98	121	121	132	110	6484	16400	0	1642	1693	6616	6619	2067	688
11768	11	768	98	121	121	132	110	6484	16400	0	1642	1693	6616	6619	2067	688
11769	11	769	98	121	121	132	110	6484	16400	0	1642	1693	6616	6619	2067	688
11770	11	770	98	121	121	132	110	6484	16400	0	1642	1693	6616	6619	2067	688
11771	11	771	98	121	121	132	110	6484	16400	0	1642	1693	6616	6619	2067	688
11772	11	772	98	121	121	132	110	6484	16400	0	1642	1693	6616	6619	2067	688
11773	11	773	98	121	121	132	110	6484	16400	0	1642	1693	6616	6619	2067	688
11774	11	774	98	121	121	132	110	6484	16400	0	1642	1693	6616	6619	2067	688
11775	11	775	98	121	121	132	110	6484	16400	0	1642	1693	6616	6619	2067	688
11776	11	776	98	121	121	132	110	6484	16400	0	1642	1693	6616	6619	2067	688
11777	11	777	98	121	121	132	110	6484	16400	0	1642	1693	6616	6619	2067	688
11778	11	778	98	121	121	132	110	6484	16400	0	1642	1693	6616	6619	2067	688
11779	11	779	98	121	121	132	110	6484	16400	0	1642	1693	6616	6619	2067	688
11780	11	780	98	121	121	132	110	6484	16400	0	1642	1693	6616	6619	2067	688
11781	11	781	98	121	121	132	110	6484	16400	0	1642	1693	6616	6619	2067	688
11782	11	782	98	121	121	132	110	6484	16400	0	1642	1693	6616	6619	2067	688
11783	11	783	98	121	121	132	110	6484	16400	0	1642	1693	6616	6619	2067	688
11784	11	784	98	121	121	132	110	6484	16400	0	1642	1693	6616	6619	2067	688
11785	11	785	98	121	121	132	110	6484	16400	0	1642	1693	6616	6619	2067	688
11786	11	786	98	121	121	132	110	6484	16400	0	1642	1693	6616	6619	2067	688
11787	11	787	98	121	121	132	110	6484	16400	0	1642	1693	6616	6619	2067	688
11788	11	788	98	121	121	132	110	6484	16400	0	1642	1693	6616	6619	2067	688
11789	11	789	98	121	121	132	110	6484	16400	0	1642	1693	6616	6619	2067	688
11790	11	790	98	121	121	132	110	6484	16400	0	1642	1693	6616	6619	2067	688
11791	11	791	98	121	121	132	110	6484	16400	0	1642	1693	6616	6619	2067	688
11792	11	792	98	121	121	132	110	6484	16400	0	1642	1693	6616	6619	2067	688
11793	11	793	98	121	121	132	110	6484	16400	0	1642	1693	6616	6619	2067	688
11794	11	794	98	121	121	132	110	6484	16400	0	1642	1693	6616	6619	2067	688
11795	11	795	98	121	121	132	110	6484	16400	0	1642	1693	6616	6619	2067	688
11796	11	796	98	121	121	132	110	6484	16400	0	1642	1693	6616	6619	2067	688
11797	11	797	98	121	121	132	110	6484	16400	0	1642	1693	6616	6619	2067	688
11798	11	798	98	121	121	132	110	6484	16400	0	1642	1693	6616	6619	2067	688
11799	11	799	98	121	121	132	110	6484	16400	0	1642	1693	6616	6619	2067	688
11800	11	800	98	121	121	132	110	6484	16400	0	1642	1693	6616	6619	2067	688
11801	11	801	98	121	121	132	110	6484	16400	0	1642	1693	6616	6619	2067	688
11802	11	802	98	121	121	132	110	6484	16400	0	1642	1693	6616	6619	2067	688
11803	11	803	98	121	121	132	110	6484	16400	0	1642	1693	6616	6619	2067	688
11804	11	804	98	121	121	132	110	6484	16400	0	1642	1693	6616	6619	2067	688
11805	11	805	98	121	121	132	110	6484	16400	0	1642	1693	6616	6619	2067	688
11806	11	806	98	121	121	132	110	6484	16400	0	1642	1693	6616	6619	2067	688
11807	11	807	98	121	121	132	110	6484	16400	0	1642	1693	6616	6619	2067	688
11808	11	808	98	121	121	132	110	6484	16400	0	1642	1693	6616	6619	2067	688
11809	11	809	98	121	121	132	110	6484	16400	0	1642	1693	6616	6619	2067	688
11810	11	810	98	121	121	132	110	6484	16400	0	1642	1693	6616	6619	2067	688
11811	11	811	98	121	121	132	110	6484	16400	0	1642	1693	6616	6619	2067	688
11812	11	812	98	121	121	132	110	6484	16400	0	1642	1693	6616	6619	2067	688
11813	11	813	98	121	121	132	110	6484	16400	0	1642	1693	6616	6619	2067	688
11814	11	814	98	121	121	132	110	6484	16400	0	1642	1693	6616	6619	2067	688
11815	11	815	98	121	121	132	110	6484	16400	0	1642	1693	6616	6619	2067	688
11816	11	816	98	121	121	132	110	6484	16400	0	1642	1693	6616	6619	2067	688
11817	11	817	98	121	121	132	110	6484	16400	0	1642	1693	6616	6619	2067	688
11818	11	818	98	121	121	132	110	6484	16400	0	1642	1693	6616	6619	2067	688
11819	11	819	98	121	121	132	110	6484	16400	0	1642	1693	6616	6619	2067	688
11820	11	820	98	121	121	132	110	6484	16400	0	1642	1693	6616	6619	2067	688
11821	11	821	98	121	121	132	110	6484	16400	0	1642	1693	6616	6619	2067	688
11822	11	822	98	121	121	132	110	6484	16400	0	1642	1693	6616	6619	2067	688
11823	11	823	98	121	121	132	110	6484	16400	0	1642	1693	6616	6619	2067	688
11824	11	824	98	121	121	132	110	6484	16400	0	1642	1693	6616	6619	2067	688
11825	11	825	98	121	121	132	110	6484	16400	0	1642	1693	6616	6619	2067	688
11826	11	826	98	121	121	132	110	6484	16400	0	1642	1693	6616	6619	2067	688
11827	11	827	98	121	121	132	110	6484	16400	0	1642	1693	6616	6619	2067	688
11828	11	828	98	121	121	132	110	6484	16400	0	1642	1693	6616	6619	2067	688
11829	11	829	98	121	121	132	110	6484	16400	0	1642	1693	6616	6619	2067	688
11830	11	830	98	121	121	132	110	6484	16400	0	1642	1693	6616	6619	2067	688
11831	11	831	98	121	121	132	110	6484	16400	0	1642	1693	6616	6619	2067	688
11832	11	832	98	121	121	132	110	6484	16400	0	1642	1693	6616	6619	2067	688
11833	11	833	98	121	121	132	110	6484	16400	0	1642	1693	6616	6619	2067	688
11834	11	834	98	121	121	132	110	6484	16400	0	1642	1693	6616	6619	2067	688
11835	11	835	98	121	121	132	110	6484	16400	0	1642	1693	6616	6619	2067	688
11836	11	836	98	121	121	132	110	6484	16400	0	1642	1693	6616	6619	2067	688
11837	11	837	98	121	121	132	110	6484	16400	0	1642	1693	6616	6619	2067	688
11838	11	838	98	121	121	132	110	6484	16400	0	1642	1693	6616	6619	2067	688
11839	11	839	98	121	121	132	110	6484	16400	0	1642	1693	6616	6619	2067	688
11840	11	840	98	121	121	132	110	6484	16400	0	1642	1693	6616	6619	2067	688
11841	11	841	98	121	121	132	110	6484	16400	0	1642	1693	6616	6619	2067	688
11842	11	842	98	121	121	132	110	6484	16400	0	1642	1693	6616	6619	2067	688
11843	11	843	98	121	121	132	110	6484	16400	0	1642	1693	6616	6619	2067	688
11844	11	844	98	121	121	132	110	6484	16400	0	1642	1693	6616	6619	2067	688
11845	11	845	98	121	121	132	110	6484	16400	0	1642	1693	6616	6619	2067	688
11846	11	846	98	121	121	132	110	6484	16400	0	1642	1693	6616	6619	2067	688
11847	11	847	98	121	121	132	110	6484	16400	0	1642	1693	6616	6619	2067	688
11848	11	848	98	121	121	132	110	6484	16400	0	1642	1693	6616	6619	2067	688
11849	11	849	98	121	121	132	110	6484	16400	0	1642	1693	6616	6619	2067	688
11850	11	850	98	121	121	132	110	6484	16400	0	1642	1693	6616	6619	2067	688
11851	11	851	98	121	121	132	110	6484	16400	0	1642	1693	6616	6619	2067	688
11852	11	852	98	121	121	132	110	6484	16400	0	1642	1693	6616	6619	2067	688
11853	11	853	98	121	121	132	110	6484	16400	0	1642	1693	6616	6619	2067	688
11854	11	854	98	121	121	132	110	6484	16400	0	1642	1693	6616	6619	2067	688
11855	11	855	98	121	121	132	110	6484	16400	0	1642	1693	6616	6619	2067	688
11856	11	856	98	121	121	132	110	6484	16400	0	1642	1693	6616	6619	2067	688
11857	11	857	98	121	121	132	110	6484	16400	0	1642	1693	6616	6619	2067	688
11858	11	858	98	121	121	132	110	6484	16400	0	1642	1693	6616	6619	2067	688
11859	11	859	98	121	121	132	110	6484	16400	0	1642	1693	6616	6619	2067	688
11860	11	860	98	121	121	132	110	6484	16400	0	1642	1693	6616	6619	2067	688
11861	11	861	98	121	121	132	110	6484	16400	0	1642	1693	6616	6619	2067	688
11862	11	862	98	121	121	132	110	6484	16400	0	1642	1693	6616	6619	2067	688
11863	11	863	98	121	121	132	110	6484	16400	0	1642	1693	6616	6619	2067	688
11864	11	864	98	121	121	132	110	6484	16400	0	1642	1693	6616	6619	2067	688
11865	11	865	98	121	121	132	110	6484	16400	0	1642	1693	6616	6619	2067	688
11866	11	866	98	121	121	132	110	6484	16400	0	1642	1693	6616	6619	2067	688
11867	11	867	98	121	121	132	110	6484	16400	0	1642	1693	6616	6619	2067	688
11868	11	868	98	121	121	132	110	6484	16400	0	1642	1693	6616	6619	2067	688
11869	11	869	98	121	121	132	110	6484	16400	0	1642	1693	6616	6619	2067	688
11870	11	870	98	121	121	132	110	6484	16400	0	1642	1693	6616	6619	2067	688
11871	11	871	98	121	121	132	110	6484	16400	0	1642	1693	6616	6619	2067	688
11872	11	872	98	121	121	132	110	6484	16400	0	1642	1693	6616	6619	2067	688
11873	11	873	98	121	121	132	110	6484	16400	0	1642	1693	6616	6619	2067	688
11874	11	874	98	121	121	132	110	6484	16400	0	1642	1693	6616	6619	2067	688
11875	11	875	98	121	121	132	110	6484	16400	0	1642	1693	6616	6619	2067	688
11876	11	876	98	121	121	132	110	6484	16400	0	1642	1693	6616	6619	2067	688
11877	11	877	98	121	121	132	110	6484	16400	0	1642	1693	6616	6619	2067	688
11878	11	878	98	121	121	132	110	6484	16400	0	1642	1693	6616	6619	2067	688
11879	11	879	98	121	121	132	110	6484	16400	0	1642	1693	6616	6619	2067	688
11880	11	880	98	121	121	132	110	6484	16400	0	1642	1693	6616	6619	2067	688
11881	11	881	98	121	121	132	110	6484	16400	0	1642	1693	6616	6619	2067	688
11882	11	882	98	121	121	132	110	6484	16400	0	1642	1693	6616	6619	2067	688
11883	11	883	98	121	121	132	110	6484	16400	0	1642	1693	6616	6619	2067	688
11884	11	884	98	121	121	132	110	6484	16400	0	1642	1693	6616	6619	2067	688
11885	11	885	98	121	121	132	110	6484	16400	0	1642	1693	6616	6619	2067	688
11886	11	886	98	121	121	132	110	6484	16400	0	1642	1693	6616	6619	2067	688
11887	11	887	98	121	121	132	110	6484	16400	0	1642	1693	6616	6619	2067	688
11888	11	888	98	121	121	132	110	6484	16400	0	1642	1693	6616	6619	2067	688
11889	11	889	98	121	121	132	110	6484	16400	0	1642	1693	6616	6619	2067	688
11890	11	890	98	121	121	132	110	6484	16400	0	1642	1693	6616	6619	2067	688
11891	11	891	98	121	121	132	110	6484	16400	0	1642	1693	6616	6619	2067	688
11892	11	892	98	121	121	132	110	6484	16400	0	1642	1693	6616	6619	2067	688
11893	11	893	98	121	121	132	110	6484	16400	0	1642	1693	6616	6619	2067	688
11894	11	894	98	121	121	132	110	6484	16400	0	1642	1693	6616	6619	2067	688
11895	11	895	98	121	121	132	110	6484	16400	0	1642	1693	6616	6619	2067	688
11896	11	896	98	121	121	132	110	6484	16400	0	1642	1693	6616	6619	2067	688
11897	11	897	98	121	121	132	110	6484	16400	0	1642	1693	6616	6619	2067	688
11898	11	898	98	121	121	132	110	6484	16400	0	1642	1693	6616	6619	2067	688
11899	11	899	98	121	121	132	110	6484	16400	0	1642	1693	6616	6619	2067	688
11900	11	900	98	121	121	132	110	6484	16400	0	1642	1693	6616	6619	2067	688
11901	11	901	98	121	121	132	110	6484	16400	0	1642	1693	6616	6619	2067	688
11902	11	902	98	121	121	132	110	6484	16400	0	1642	1693	6616	6619	2067	688
11903	11	903	98	121	121	132	110	6484	16400	0	1642	1693	6616	6619	2067	688
11904	11	904	98	121	121	132	110	6484	16400	0	1642	1693	6616	6619	2067	688
11905	11	905	98	121	121	132	110	6484	16400	0	1642	1693	6616	6619	2067	688
11906	11	906	98	121	121	132	110	6484	16400	0	1642	1693	6616	6619	2067	688
11907	11	907	98	121	121	132	110	6484	16400	0	1642	1693	6616	6619	2067	688
11908	11	908	98	121	121	132	110	6484	16400	0	1642	1693	6616	6619	2067	688
11909	11	909	98	121	121	132	110	6484	16400	0	1642	1693	6616	6619	2067	688
11910	11	910	98	121	121	132	110	6484	16400	0	1642	1693	6616	6619	2067	688
11911	11	911	98	121	121	132	110	6484	16400	0	1642	1693	6616	6619	2067	688
11912	11	912	98	121	121	132	110	6484	16400	0	1642	1693	6616	6619	2067	688
11913	11	913	98	121	121	132	110	6484	16400	0	1642	1693	6616	6619	2067	688
11914	11	914	98	121	121	132	110	6484	16400	0	1642	1693	6616	6619	2067	688
11915	11	915	98	121	121	132	110	6484	16400	0	1642	1693	6616	6619	2067	688
11916	11	916	98	121	121	132	110	6484	16400	0	1642	1693	6616	6619	2067	688
11917	11	917	98	121	121	132	110	6484	16400	0	1642	1693	6616	6619	2067	688
11918	11	918	98	121	121	132	110	6484	16400	0	1642	1693	6616	6619	2067	688
11919	11	919	98	121	121	132	110	6484	16400	0	1642	1693	6616	6619	2067	688
11920	11	920	98	121	121	132	110	6484	16400	0	1642	1693	6616	6619	2067	688
11921	11	921	98	121	121	132	110	6484	16400	0	1642	1693	6616	6619	2067	688
11922	11	922	98	121	121	132	110	6484	16400	0	1642	1693	6616	6619	2067	688
11923	11	923	98	121	121	132	110	6484	16400	0	1642	1693	6616	6619	2067	688
11924	11	924	98	121	121	132	110	6484	16400	0	1642	1693	6616	6619	2067	688
11925	11	925	98	121	121	132	110	6484	16400	0	1642	1693	6616	6619	2067	688
11926	11	926	98	121	121	132	110	6484	16400	0	1642	1693	6616	6619	2067	688
11927	11	927	98	121	121	132	110	6484	16400	0	1642	1693	6616	6619	2067	688
11928	11	928	98	121	121	132	110	6484	16400	0	1642	1693	6616	6619	2067	688
11929	11	929	98	121	121	132	110	6484	16400	0	1642	1693	6616	6619	2067	688
11930	11	930	98	121	121	132	110	6484	16400	0	1642	1693	6616	6619	2067	688
11931	11	931	98	121	121	132	110	6484	16400	0	1642	1693	6616	6619	2067	688
11932	11	932	98	121	121	132	110	6484	16400	0	1642	1693	6616	6619	2067	688
11933	11	933	98	121	121	132	110	6484	16400	0	1642	1693	6616	6619	2067	688
11934	11	934	98	121	121	132	110	6484	16400	0	1642	1693	6616	6619	2067	688
11935	11	935	98	121	121	132	110	6484	16400	0	1642	1693	6616	6619	2067	688
11936	11	936	98	121	121	132	110	6484	16400	0	1642	1693	6616	6619	2067	688
11937	11	937	98	121	121	132	110	6484	16400	0	1642	1693	6616	6619	2067	688
11938	11	938	98	121	121	132	110	6484	16400	0	1642	1693	6616	6619	2067	688
11939	11	939	98	121	121	132	110	6484	16400	0	1642	1693	6616	6619	2067	688
11940	11	940	98	121	121	132	110	6484	16400	0	1642	1693	6616	6619	2067	688
11941	11	941	98	121	121	132	110	6484	16400	0	1642	1693	6616	6619	2067	688
11942	11	942	98	121	121	132	110	6484	16400	0	1642	1693	6616	6619	2067	688
11943	11	943	98	121	121	132	110	6484	16400	0	1642	1693	6616	6619	2067	688
11944	11	944	98	121	121	132	110	6484	16400	0	1642	1693	6616	6619	2067	688
11945	11	945	98	121	121	132	110	6484	16400	0	1642	1693	6616	6619	2067	688
11946	11	946	98	121	121	132	110	6484	16400	0	1642	1693	6616	6619	2067	688
11947	11	947	98	121	121	132	110	6484	16400	0	1642	1693	6616	6619	2067	688
11948	11	948	98	121	121	132	110	6484	16400	0	1642	1693	6616	6619	2067	688
11949	11	949	98	121	121	132	110	6484	16400	0	1642	1693	6616	6619	2067	688
11950	11	950	98	121	121	132	110	6484	16400	0	1642	1693	6616	6619	2067	688
11951	11	951	98	121	121	132	110	6484	16400	0	1642	1693	6616	6619	2067	688
11952	11	952	98	121	121	132	110	6484	16400	0	1642	1693	6616	6619	2067	688
11953	11	953	98	121	121	132	110	6484	16400	0	1642	1693	6616	6619	2067	688
11954	11	954	98	121	121	132	110	6484	16400	0	1642	1693	6616	6619	2067	688
11955	11	955	98	121	121	132	110	6484	16400	0	1642	1693	6616	6619	2067	688
11956	11	956	98	121	121	132	110	6484	16400	0	1642	1693	6616	6619	2067	688
11957	11	957	98	121	121	132	110	6484	16400	0	1642	1693	6616	6619	2067	688
11958	11	958	98	121	121	132	110	6484	16400	0	1642	1693	6616	6619	2067	688
11959	11	959	98	121	121	132	110	6484	16400	0	1642	1693	6616	6619	2067	688
11960	11	960	98	121	121	132	110	6484	16400	0	1642	1693	6616	6619	2067	688
11961	11	961	98	121	121	132	110	6484	16400	0	1642	1693	6616	6619	2067	688
11962	11	962	98	121	121	132	110	6484	16400	0	1642	1693	6616	6619	2067	688
11963	11	963	98	121	121	132	110	6484	16400	0	1642	1693	6616	6619	2067	688
11964	11	964	98	121	121	132	110	6484	16400	0	1642	1693	6616	6619	2067	688
11965	11	965	98	121	121	132	110	6484	16400	0	1642	1693	6616	6619	2067	688
11966	11	966	98	121	121	132	110	6484	16400	0	1642	1693	6616	6619	2067	688
11967	11	967	98	121	121	132	110	6484	16400	0	1642	1693	6616	6619	2067	688
11968	11	968	98	121	121	132	110	6484	16400	0	1642	1693	6616	6619	2067	688
11969	11	969	98	121	121	132	110	6484	16400	0	1642	1693	6616	6619	2067	688
11970	11	970	98	121	121	132	110	6484	16400	0	1642	1693	6616	6619	2067	688
11971	11	971	98	121	121	132	110	6484	16400	0	1642	1693	6616	6619	2067	688
11972	11	972	98	121	121	132	110	6484	16400	0	1642	1693	6616	6619	2067	688
11973	11	973	98	121	121	132	110	6484	16400	0	1642	1693	6616	6619	2067	688
11974	11	974	98	121	121	132	110	6484	16400	0	1642	1693	6616	6619	2067	688
11975	11	975	98	121	121	132	110	6484	16400	0	1642	1693	6616	6619	2067	688
11976	11	976	98	121	121	132	110	6484	16400	0	1642	1693	6616	6619	2067	688
11977	11	977	98	121	121	132	110	6484	16400	0	1642	1693	6616	6619	2067	688
11978	11	978	98	121	121	132	110	6484	16400	0	1642	1693	6616	6619	2067	688
11979	11	979	98	121	121	132	110	6484	16400	0	1642	1693	6616	6619	2067	688
11980	11	980	98	121	121	132	110	6484	16400	0	1642	1693	6616	6619	2067	688
11981	11	981	98	121	121	132	110	6484	16400	0	1642	1693	6616	6619	2067	688
11982	11	982	98	121	121	132	110	6484	16400	0	1642	1693	6616	6619	2067	688
11983	11	983	98	121	121	132	110	6484	16400	0	1642	1693	6616	6619	2067	688
11984	11	984	98	121	121	132	110	6484	16400	0	1642	1693	6616	6619	2067	688
11985	11	985	98	121	121	132	110	6484	16400	0	1642	1693	6616	6619	2067	688
11986	11	986	98	121	121	132	110	6484	16400	0	1642	1693	6616	6619	2067	688
11987	11	987	98	121	121	132	110	6484	16400	0	1642	1693	6616	6619	2067	688
11988	11	988	98	121	121	132	110	6484	16400	0	1642	1693	6616	6619	2067	688
11989	11	989	98	121	121	132	110	6484	16400	0	1642	1693	6616	6619	2067	688
11990	11	990	98	121	121	132	110	6484	16400	0	1642	1693	6616	6619	2067	688
11991	11	991	98	121	121	132	110	6484	16400	0	1642	1693	6616	6619	2067	688
11992	11	992	98	121	121	132	110	6484	16400	0	1642	1693	6616	6619	2067	688
11993	11	993	98	121	121	132	110	6484	16400	0	1642	1693	6616	6619	2067	688
11994	11	994	98	121	121	132	110	6484	16400	0	1642	1693	6616	6619	2067	688
11995	11	995	98	121	121	132	110	6484	16400	0	1642	1693	6616	6619	2067	688
11996	11	996	98	121	121	132	110	6484	16400	0	1642	1693	6616	6619	2067	688
11997	11	997	98	121	121	132	110	6484	16400	0	1642	1693	6616	6619	2067	688
11998	11	998	98	121	121	132	110	6484	16400	0	1642	1693	6616	6619	2067	688
11999	11	999	98	121	121	132	110	6484	16400	0	1642	1693	6616	6619	2067	688