Id	Description	CharModelID	Width	IsImportantNpc	IsLoadLowNpc
INT	STRING	INT	INT	INT	INT
MAX_ID=61440;MAX_RECORD=22400;				client	client
#					
1	主角：无尘（男）	1	0	1	-1
2	主角：无尘（女）	2	0	1	-1
3	主角：峨眉（男）	3	0	1	-1
4	主角：峨眉（女）	4	0	1	-1
5	主角：逍遥（男）	5	0	1	-1
6	主角：逍遥（女）	6	0	1	-1
7	主角：武当（男）	7	0	1	-1
8	主角：武当（女）	8	0	1	-1
9	主角：丐帮（男）	9	0	1	-1
10	主角：丐帮（女）	10	0	1	-1
11	主角：天山（男）	11	0	1	-1
12	主角：天山（女）	12	0	1	-1
13	主角：明教（男）	13	0	1	-1
14	主角：明教（女）	14	0	1	-1
15	主角：天龙（男）	15	0	1	-1
16	主角：天龙（女）	16	0	1	-1
17	主角：星宿（男）	17	0	1	-1
18	主角：星宿（女）	18	0	1	-1
19	主角：玄机（男）	19	0	1	-1
20	主角：玄机（女）	20	0	1	-1
21	主角：白驼山（男）	21	0	1	-1
22	主角：白驼山（女）	22	0	1	-1
24	首登场景	8	0	1	-1
25	主角：法师男	1	0	1	-1
26	主角：法师女	5	0	1	-1
27	主角：羽芒男	3	0	1	-1
28	主角：羽芒女	7	0	1	-1
29	首登场景(坐男)	15	0	1	-1
30	首登场景(坐女)	14	0	1	-1
31	首登场景(反战青云男)	18	0	1	-1
32	首登场景(反战青云女)	19	0	1	-1
33	首登场景(中立男)	20	0	1	-1
37	录视频	8	0	1	-1
39	测试伙伴	165	0	1	1
40	核心物件4选1线索NPC1号	27100	0	1	1
41	核心物件4选1线索NPC2号	27101	0	1	1
42	核心物件4选1线索NPC3号	27102	0	1	1
43	核心物件4选1线索NPC4号	27103	0	1	-1
44	玉牌线索核心NPC	27104	0	1	1
45	短刀线索核心NPC	27105	0	1	1
46	铁扇线索核心NPC	27106	0	1	1
47	金币线索核心NPC	27107	0	1	-1
48	玉牌线索最外圈NPC	27108	0	1	1
49	短刀线索最外圈NPC	27109	0	1	1
50	铁扇线索最外圈NPC	27110	0	1	1
51	金币线索最外圈NPC	27111	0	1	-1
52	多人舞龙显示空NPC	161	0	1	-1
101	主角：逍遥（男）	5	0	1	-1
102	主角：峨眉（女）	4	0	1	-1
103	主角：丐帮（男）	9	0	1	-1
104	主角：武当（女）	8	0	1	-1
105	主角：无职业（男）	51	0	1	-1
106	主角：无职业（女）	52	0	1	-1
107	主角：逍遥（男-拜师入职敌人模型	405	0	1	-1
108	主角：丐帮（男-拜师入职敌人模型	406	0	1	-1
150	无尘-袈裟伏魔功-千珏圈	-1	0	1	-1
151	袈裟伏魔功进阶-袈裟伏魔功-千珏圈	-1	0	1	-1
91	五福锦鲤入口NPC	14097	0	1	1
181	【固定ID】星宿-神木王鼎	402	0	1	1
182	【固定ID】星宿-神木王鼎-毒蜂	403	0	1	1
183	【固定ID】星宿-神木王鼎-毒蝎	404	0	1	1
184	【固定ID】背饰技能-闪电	410	0	1	1
185	【固定ID】玄机-武侯神弩-鸠	411	0	1	1
186	【固定ID】玄机-武侯神弩-暗	414	0	1	1
187	【固定ID】玄机-武侯神弩-变身-鸠	411	0	1	1
188	【固定ID】玄机-武侯神弩-变身-暗	414	0	1	1
189	【固定ID】玄机-武侯神弩-心法-鸠	411	0	1	1
190	【固定ID】玄机-武侯神弩-心法-暗	414	0	1	1
191	【固定ID】玄机-武侯神弩-心法-变身-鸠	411	0	1	1
192	【固定ID】玄机-武侯神弩-心法-变身-暗	414	0	1	1
193	【固定ID】白驼山-灵蛇	399	0	1	1
194	【固定ID】白驼山-灵蛇	399	0	1	1
195	【固定ID】词缀寄生蝎	28034	0	1	-1
196	【固定ID】词缀毒沼池	-1	0	1	-1
200	孙秀才	242	0	1	1
201	快手赵	10121	0	1	1
202	肖大	268	0	1	1
203	张老兵	207	0	1	1
204	张云	125	0	1	1
205	无量山飞行路线怪物	230	0	1	1
206	无量山飞行路线怪物——空中	401	0	1	1
207	入场树叶	407	0	1	1
208	隐藏任务—试炼靶子	401	0	1	1
209	隐藏任务—小孩	10134	0	1	1
300	逍遥-诛仙阵陷阱	1	0	1	-1
301	逍遥-八阵图陷阱	1	0	1	-1
302	逍遥-定海神针陷阱	1	0	1	-1
400	蚀骨青岚	-1	0	1	-1
401	千幻迷心瘴	-1	0	1	-1
402	腐髓毒龙息	-1	0	1	-1
403	寒髓冰雾	-1	0	1	-1
404	血煞焚风	-1	0	1	-1
405	枯荣生死障	-1	0	1	-1
406	七情销魂烟	-1	0	1	-1
407	丐帮-酒桶	31394	0	1	-1
501	冰系技能圆柱冰块	-1	0	1	-1
502	冰系技能矩形冰块	-1	0	1	-1
503	冰系技能	-1	0	1	-1
504	冰系技能	-1	0	1	-1
505	冰系技能	-1	0	1	-1
801	火系烧地面	-1	0	1	-1
802	火系技能-红莲业火-地面燃烧	-1	0	1	-1
804	时乘六龙大师心法-时乘六龙-地面1段	-1	0	1	-1
805	时乘六龙大师心法-时乘六龙-地面2段	-1	0	1	-1
806	火系技能-火焰刀-地面燃烧	-1	0	1	-1
807	逍遥-凤求凰-地面燃烧	-1	0	1	-1
808	剧情-霍洞主-击倒地面效果	-1	0	1	-1
809	乌龙摆尾-地面持续	-1	0	1	-1
810	乌龙摆尾-地面持续-5重	-1	0	1	-1
811	乌龙摆尾-地面持续-9重	-1	0	1	-1
812	乌龙摆尾-地面持续-至宝	-1	0	1	-1
813	长河落日-伤害	-1	0	1	-1
814	长河落日-伤害-5重	-1	0	1	-1
815	长河落日-伤害-9重	-1	0	1	-1
816	长河落日-伤害-至宝	-1	0	1	-1
817	剑气切-伤害	-1	0	1	-1
818	剑气切-伤害-5重	-1	0	1	-1
819	剑气切-伤害-9重	-1	0	1	-1
820	剑气切-伤害-至宝	-1	0	1	-1
821	枪魂轰-伤害	-1	0	1	-1
822	枪魂轰-伤害-5重	-1	0	1	-1
823	枪魂轰-伤害-9重	-1	0	1	-1
824	枪魂轰-伤害-至宝	-1	0	1	-1
825	连袖劲-伤害	-1	0	1	-1
826	连袖劲-伤害-5重	-1	0	1	-1
827	连袖劲-伤害-9重	-1	0	1	-1
828	连袖劲-伤害-至宝	-1	0	1	-1
829	连阿三_胆小如鼠-伤害	-1	0	1	-1
830	李秋水-绝情环（暂替资源）-冰块	-1	0	1	-1
831	英招_火雨	-1	0	1	-1
832	猴王	161	0	1	-1
1001	场景交互物-鱼	4900	0	1	1
1002	场景交互物-鹅	4901	0	1	1
1003	场景交互物-鸽子	4902	0	1	1
1004	场景交互物-燕子	4903	0	1	1
1005	场景交互物-鸽子群	4904	0	1	1
1006	场景交互物-喂鸽子的鱼女-洛阳	4905	0	1	-1
1007	场景交互物-喂鸽子的鱼女-大理	4905	0	1	-1
1008	场景交互物-火堆	4907	0	1	1
1009	场景交互物-中原青年农夫	4908	0	1	1
1010	场景交互物-中原青年农妇	4909	0	1	1
1011	场景交互物-中原老妇人	4910	0	1	1
1012	场景交互物-中原少年	4911	0	1	1
1021	巡游NPC-洛阳-郝幸符	4850	0	1	-1
1022	婚礼副本进入NPC-洛阳-郝幸符	4851	0	1	-1
1023	婚礼轿子-初级	4852	0	1	1
1024	婚礼轿子-中级	4853	0	1	1
1025	婚礼轿子-高级	4860	0	1	1
1026	婚礼马-初级	4855	0	1	1
1027	婚礼马-中级	4856	0	1	1
1028	婚礼马-高级	4857	0	1	1
1029	婚礼仪仗队-2人举牌	4858	0	1	1
1030	婚礼仪仗队-2人敲锣	4859	0	1	1
1031	婚礼轿子+喜娘-高级	4860	0	1	1
1032	婚礼现场应景NPC-举牌01	4861	0	1	1
1033	婚礼现场应景NPC-举牌02	4862	0	1	1
1034	婚礼现场应景NPC-举牌03	4863	0	1	1
1035	婚礼现场应景NPC-举牌04	4864	0	1	1
1036	婚礼现场应景NPC-举牌05	4865	0	1	1
1037	婚礼现场应景NPC-举牌06	4866	0	1	1
1038	婚礼现场应景NPC-媒婆	4867	0	1	1
1039	婚礼现场应景NPC-月老	4868	0	1	1
1040	婚礼现场应景NPC-店小二	4869	0	1	1
1041	婚礼现场应景NPC-喜娘01	4870	0	1	1
1042	婚礼现场应景NPC-喜娘02	4871	0	1	1
1043	婚礼现场应景NPC-鼓	4872	0	1	1
1044	婚礼现场应景NPC-锣	4873	0	1	1
1045	婚礼现场应景NPC-二胡	4874	0	1	1
1046	婚礼现场应景NPC-小侍女	4875	0	1	1
1047	婚礼场景特别来宾-段誉	4876	0	1	1
1048	婚礼场景入口-易拉宝	4877	0	1	1
1100	猫咪	16100	0	1	-1
2429	新手副本-妖精友方	5	0	1	-1
2430	新手副本-鱼人喽啰1	10	0	1	-1
2431	新手副本-鱼人喽啰2	10	0	1	-1
2432	新手副本-鱼人法师	11	0	1	-1
2433	新手副本-萧远山子物体	1020	0	1	-1
2436	新手副本-鱼人法师2	11	0	1	-1
2437	新手副本-妖兽NPC1	1	0	1	-1
2438	新手副本-妖兽NPC2	12	0	1	-1
2439	新手副本-妖兽NPC3	12	0	1	-1
2440	新手副本-妖兽NPC4	12	0	1	-1
2441	通天湖—木桩NPC	10004	0	1	-1
2443	新手副本-神器箱1	13	0	1	-1
2444	新手副本-神器箱2	13	0	1	-1
2445	新手副本-神器箱3	13	0	1	-1
2446	新手副本-神器箱4作废	13	0	1	-1
2447	新手副本-神器箱5作废	13	0	1	-1
2448	新手副本-神器箱6作废	13	0	1	-1
2449	新手副本-鱼人雕像	14	0	1	-1
2450	新手副本-鱼人近战	10	0	1	-1
2451	新手副本-鱼人远程	11	0	1	-1
2454	新手副本-鱼人雕像2	15	0	1	-1
2455	新手副本-鱼人雕像3	16	0	1	-1
2458	新手副本-鱼人雕像4	19	0	1	-1
2459	新手副本-鱼人雕像5	20	0	1	-1
2461	新手副本-吞佛魔尊二阶段	9	120	1	-1
2469	青衣冢-怨魂机关	10	50	1	-1
2470	捉鬼NPC-通天湖-捉鬼	1343	0	1	-1
2471	捉鬼NPC-通天湖-鬼鬼	1344	0	1	-1
2482	巨腹蛛	10	0	1	-1
2483	化蛇	10	0	1	-1
2484	钦原	10	0	1	-1
2485	忘忧狸	10	0	1	-1
2486	横天翼龙	10	0	1	-1
2487	九尾狐	10	0	1	-1
2489	青藻生	10	0	1	-1
2515	捉鬼NPC-剑仙城-捉捉	1380	0	1	-1
2516	捉鬼NPC-剑仙城-肉包子	1381	0	1	-1
2517	捉鬼NPC-祖龙城-李四	1616	0	1	-1
2518	捉鬼NPC-祖龙城-罐子	1846	0	1	-1
2519	捉鬼NPC-祖龙城郊外	1582	0	1	-1
2520	捉鬼NPC-祖龙城郊外	1583	0	1	-1
2521	捉鬼NPC-万化城	1584	0	1	-1
2522	捉鬼NPC-万化城	1585	0	1	-1
2523	捉鬼NPC-积羽城	1586	0	1	-1
2524	捉鬼NPC-积羽城	1587	0	1	-1
2525	捉鬼NPC-寻梦港	1588	0	1	-1
2526	捉鬼NPC-寻梦港	1589	0	1	-1
2527	捉鬼NPC-任务接取NPC	1616	0	1	-1
2528	捉鬼NPC-通天湖（空中）	1682	1682	1	-1
2529	捉鬼入口-通天湖3	1596	0	1	-1
2530	捉鬼入口-祖龙城3	1589	0	1	-1
2531	捉鬼入口-祖龙城郊3	1589	0	1	-1
2532	捉鬼入口-积羽城3	2179	0	1	-1
2533	捉鬼预留	1383	0	1	-1
2534	捉鬼预留	1383	0	1	-1
2556	新手副本-洞底鱼人雕像	31	0	1	-1
2557	新手副本-洞底鱼人雕像2	32	0	1	-1
2558	新手副本-洞底鱼人雕像3	33	0	1	-1
2559	新手副本-洞底鱼人雕像4	34	0	1	-1
2604	横天翼龙	10	0	1	-1
2693	传送门	1510	0	1	-1
2712	天劫谷-boss1-透明怪	1510	0	1	-1
2713	凤鸣谷-boss-腐蚀大地透明怪	1510	0	1	-1
3357	新手本1206版吞佛魔尊武器	1510	5	1	-1
3393	凤鸣谷-定身小怪	11	0	1	-1
3399	3400-5399纯功能NPC占位，使用的各位请自行协商本段内部具体划分方式	1	0	1	-1
3400	名家诗文鉴赏-翰林院彭供奉	115	0	1	-1
3447	积羽城任务-药师王一帖	1588	0	1	-1
3462	通天湖任务-天城隐士	1008	0	1	-1
3999	CCB3凤鸣谷占用	1001	0	1	-1
4000	副本通用-自动战斗寻路-透明怪NPC	1510	0	1	-1
4001	CCB3凤鸣谷-暴躁鱼人	1001	0	1	-1
4002	CCB3凤鸣谷-愤怒鲛人	1002	0	1	-1
4003	CCB3凤鸣谷-怨念鱼人	1003	0	1	-1
4004	CCB3凤鸣谷-自爆水元素	1004	0	1	-1
4005	CCB3凤鸣谷-碧水金蟾	1005	0	1	-1
4008	CCB3凤鸣谷-BOSS-蓝神	1006	50	1	1
4009	CCB3凤鸣谷-BOSS-召唤怨气凌冽	1007	100	1	-1
4013	CCB3凤鸣谷-邪念水元素-水涌子物体	1510	0	1	-1
4058	CCB2凤鸣谷-BOSS-召唤水牢	1510	50	1	-1
4100	CCB3青衣冢占用	1001	0	1	-1
4104	CCB3青衣冢-鬼冢冥灯	1019	0	1	-1
4113	CCB3青衣冢-青衣子-百鬼夜行-棺木	1020	0	1	-1
4115	CCB3青衣冢-青衣子-回棺入梦-棺椁	1021	150	1	-1
4117	CCB3青衣冢-怨灵塔-百鬼葬-透明怪	1510	0	1	-1
4118	CCB3青衣冢-怨灵塔-百鬼缠身-透明怪	1510	0	1	-1
4154	OB-大秘境青衣冢-鬼冢冥灯	1019	0	1	-1
4163	OB-大秘境青衣冢-青衣子-百鬼夜行-棺木	1020	0	1	-1
4165	OB-大秘境青衣冢-青衣子-回棺入梦-棺椁	1021	150	1	-1
4167	OB-大秘境青衣冢-怨灵塔-百鬼葬-透明怪	1510	0	1	-1
4168	OB-大秘境青衣冢-怨灵塔-百鬼缠身-透明怪	1510	0	1	-1
4173	OB-大秘境青衣冢-怨灵塔-鬼点烛-烛火	1510	0	1	-1
4174	OB-大秘境青衣冢-怨灵塔-鬼点烛-烛火	1510	0	1	-1
4200	CCB3天劫谷占用	1001	0	1	-1
4201	CCB3天劫谷-金守卫	1009	50	1	-1
4202	CCB3天劫谷-木守卫	1010	50	1	1
4203	CCB3天劫谷-水守卫	1011	50	1	-1
4204	CCB3天劫谷-火守卫	1012	50	1	-1
4205	CCB3天劫谷-土守卫	1013	50	1	1
4207	CCB3天劫谷-BOSS2-蕴象	1014	0	1	-1
4208	CCB3天劫谷-BOSS2-獬豸	1015	0	1	-1
4209	CCB3天劫谷-BOSS2-饕餮	1016	0	1	-1
4210	CCB3天劫谷-BOSS2-紫貘	1017	0	1	-1
4211	CCB3天劫谷-BOSS2-牵脊	1018	0	1	-1
4212	CCB3天劫谷-BOSS2-蕴象	1014	600	1	-1
4213	CCB3天劫谷-BOSS2-獬豸	1015	600	1	-1
4214	CCB3天劫谷-BOSS2-饕餮	1016	300	1	-1
4215	CCB3天劫谷-BOSS2-紫貘	1017	400	1	-1
4216	CCB3天劫谷-BOSS2-牵脊	1018	300	1	-1
4218	CCB3天劫谷-BOSS1-句芒-风暴区	1510	0	1	-1
4219	CCB3天劫谷-獬豸-十字天火决-透明怪	1510	0	1	-1
4220	CCB3天劫谷-蕴象-满地荆棘-荆棘	1510	0	1	-1
4221	CCB3天劫谷-紫貘-闪电雷-透明怪	1510	0	1	-1
4222	CCB3天劫谷-句芒-萌芽陷阱-透明怪	1510	0	1	-1
4251	OB-大秘境天劫谷-金守卫	1009	50	1	-1
4252	OB-大秘境天劫谷-木守卫	1010	50	1	1
4253	OB-大秘境天劫谷-水守卫	1011	50	1	-1
4254	OB-大秘境天劫谷-火守卫	1012	50	1	-1
4255	OB-大秘境天劫谷-土守卫	1013	50	1	1
4257	OB-大秘境天劫谷-BOSS2-蕴象	1014	0	1	-1
4258	OB-大秘境天劫谷-BOSS2-獬豸	1015	0	1	-1
4259	OB-大秘境天劫谷-BOSS2-饕餮	1016	0	1	-1
4260	OB-大秘境天劫谷-BOSS2-紫貘	1017	0	1	-1
4261	OB-大秘境天劫谷-BOSS2-牵脊	1018	0	1	-1
4262	OB-大秘境天劫谷-BOSS2-蕴象	1014	600	1	-1
4263	OB-大秘境天劫谷-BOSS2-獬豸	1015	600	1	-1
4264	OB-大秘境天劫谷-BOSS2-饕餮	1016	300	1	-1
4265	OB-大秘境天劫谷-BOSS2-紫貘	1017	400	1	-1
4266	OB-大秘境天劫谷-BOSS2-牵脊	1018	300	1	-1
4268	OB-大秘境天劫谷-BOSS1-句芒-风暴区	1510	0	1	-1
4269	OB-大秘境天劫谷-獬豸-十字天火决-透明怪	1510	0	1	-1
4270	OB-大秘境天劫谷-蕴象-满地荆棘-荆棘	1510	0	1	-1
4271	OB-大秘境天劫谷-紫貘-闪电雷-透明怪	1510	0	1	-1
4272	OB-大秘境天劫谷-句芒-萌芽陷阱-透明怪	1510	0	1	-1
4273	OB-大秘境天劫谷-谷道2-风沙漩涡	1510	0	1	-1
4275	OB-大秘境-词缀漩涡-风沙漩涡	1510	0	1	-1
4300	CCB3怨灵之门占用	1001	0	1	-1
4332	CCB4熔火心（1转89）-熔岩之主-火圈	1510	50	1	-1
4334	CCB4熔火心（1转89）-熔火狐-火风空NPC	1510	50	1	-1
4382	CCB4熔火心·空（1转109级6人）-熔岩之主-火圈	1510	50	1	-1
4384	CCB4熔火心·空（1转109级6人）-熔火狐-火风NPC	1510	50	1	-1
4400	CCB3秘宝窟占用	1001	0	1	-1
4401	CCB3秘宝窟-废都狼妖	1023	50	1	-1
4402	CCB3秘宝窟-废都骨将	1022	50	1	1
4415	副本通用空白技能子物体	-1	50	1	-1
4482	CCB4熔火之门（1转89级12人）-熔岩之主-火圈	1510	50	1	-1
4484	CCB4熔火之门（1转89级12人）-熔火狐-火风空NPC	1510	50	1	-1
4500	CCB3仙魔幻天占用	1001	0	1	-1
4600	CCB3桃园炼狱占用	1001	0	1	-1
4699	自动寻路-路点功能-寻路NPC	-1	100	1	-1
4700	CCB389占用	1001	0	1	-1
4704	CCB3青衣冢-鬼冢冥灯（89级）	1019	0	1	-1
4715	CCB3青衣冢-青衣子-回棺入梦-棺椁（89级）	1021	150	1	-1
4716	CCB3青衣冢-鬼面狼蛛-毒池（89级）	1510	0	1	-1
4717	CCB3青衣冢-青衣子-百鬼葬-透明怪（89级）	1510	0	1	-1
4718	CCB3青衣冢-青衣子-百鬼缠身-透明怪（89级）	1510	0	1	-1
4800	CCB399占用	1001	0	1	-1
4801	CCB3天劫谷-金守卫（99级）	1009	50	1	-1
4802	CCB3天劫谷-木守卫（99级）	1010	50	1	1
4803	CCB3天劫谷-水守卫（99级）	1011	50	1	-1
4804	CCB3天劫谷-火守卫（99级）	1012	50	1	-1
4805	CCB3天劫谷-土守卫（99级）	1013	50	1	1
4807	CCB3天劫谷-BOSS2-蕴象-表现（99级）	1014	0	1	-1
4808	CCB3天劫谷-BOSS2-獬豸-表现（99级）	1015	0	1	-1
4809	CCB3天劫谷-BOSS2-饕餮-表现（99级）	1016	0	1	-1
4810	CCB3天劫谷-BOSS2-紫貘-表现（99级）	1017	0	1	-1
4811	CCB3天劫谷-BOSS2-牵脊-表现（99级）	1018	0	1	-1
4812	CCB3天劫谷-BOSS2-蕴象（99级）	1014	600	1	-1
4813	CCB3天劫谷-BOSS2-獬豸（99级）	1015	600	1	-1
4814	CCB3天劫谷-BOSS2-饕餮（99级）	1016	300	1	-1
4815	CCB3天劫谷-BOSS2-紫貘（99级）	1017	400	1	-1
4816	CCB3天劫谷-BOSS2-牵脊（99级）	1018	300	1	-1
4818	CCB3天劫谷-BOSS1-句芒-风暴区（99级）	1510	0	1	-1
4819	CCB3天劫谷-獬豸-十字天火决-透明怪（99级）	1510	0	1	-1
4820	CCB3天劫谷-蕴象-满地荆棘-荆棘（99级）	1510	0	1	-1
4821	CCB3天劫谷-紫貘-闪电雷-透明怪（99级）	1510	0	1	-1
4822	CCB3天劫谷-句芒-萌芽陷阱-透明怪（99级）	1510	0	1	-1
4823	CCB3天劫谷-谷道2-风沙漩涡（99级）	1510	0	1	-1
4900	CCB3109占用	1001	0	1	-1
5038	89级团队副本-12人覆霜城上-密迹雪狼-狩猎开始子物体	1510	0	1	-1
5040	89级团队副本-12人覆霜城上-魔哭九婴-鬼哭神泣子物体	1510	0	1	-1
5041	89级团队副本-12人覆霜城上-魔哭九婴-怒气滔天子物体	1510	0	1	-1
5042	89级团队副本-12人覆霜城上-玄霜巨龙-水洼透明NPC	1510	0	1	-1
5223	命运魔方活动-猎魔大师-大力士	1016	200	1	-1
5228	命运魔方活动-猎魔大师-坠落爆炸体	1510	0	1	-1
5331	命运魔方活动-虚空追击开启NPC	1510	0	1	-1
5332	命运魔方活动-虚空追击-流弹	1510	0	1	-1
5333	命运魔方活动-虚空追击-爆炸弹	1510	0	1	-1
5398	命运魔方活动-吐槽大会-未来代表	1582	50	1	-1
5399	命运魔方活动NPC站位-结束	1005	50	1	-1
5400	5400-14399剧情相关NPC占位	1	0	1	-1
5477	新手村主线任务-被感染的鱼人	1001	0	1	-1
5481	灵渡汀州-天谕兽图-天谕兽图	1689	0	1	1
5502	尚某人	1585	0	1	-1
5548	寻梦港主线-任务NPC-尚文商	1857	0	1	-1
5554	寻梦港主线-任务NPC-救死药剂	1760	0	1	1
5671	寻八部众经文NPC-积羽城长老	11001	0	1	-1
5735	祖龙城支线-老婆婆	1855	0	1	-1
5775	寻梦港支线-老婆婆	1855	0	1	-1
5801	满红的头发	1769	0	1	-1
5806	祖龙城支线-青衣战书-幽魂明灯	1019	0	1	-1
5844	寻龙任务-雷龙看守者	1589	0	1	-1
5857	寻龙任务-狂烈的异火	1577	0	1	-1
5883	OB祖龙城隐藏-虚拟NPC-锤子	1771	50	1	1
5934	寻梦港隐藏-sceneNPC神坛看守	1008	0	1	-1
5935	寻梦港隐藏-虚拟NPC逆天神像	1510	0	1	-1
5956	通天湖隐藏-五行法阵-阵法围边特效	2318	0	1	-1
5979	资料片1-祖龙城隐藏-葡萄酒	1846	0	1	-1
5980	资料片1-祖龙城隐藏-高粱酒	1846	0	1	-1
5981	资料片1-祖龙城隐藏-梨花酒	1846	0	1	-1
5982	资料片1-祖龙城隐藏-状元红	1846	0	1	-1
6055	受惊的土灵	1013	0	1	1
6056	受惊的土灵	1013	0	1	1
6091	祖龙城脚本任务3-演员百姓1	1582	0	1	-1
6108	祖龙城脚本任务3-演员百姓1会跑的	1582	0	1	-1
6130	祖龙城郊-主线-异象丛生<一>-交任务NPC-施温	1585	0	1	-1
6145	祖龙城郊-主线-荒野幽魂-交任务NPC-肉票1-虚拟	1582	0	1	-1
6151	祖龙城郊-主线-迷茫-跟随NPC-获救的百姓-虚拟	1582	0	1	-1
6213	祖龙城郊-任务镜像-怨灵刺客	10	0	1	-1
6227	祖龙城郊-野外怪物-海贼枯骨	1853	0	1	-1
6228	祖龙城郊-野外怪物-海贼枯骨	1853	0	1	-1
6309	祖龙城郊-野怪-土殇怨灵	1848	0	1	-1
6324	狱卒	2318	0	1	-1
6329	无妄海鱼人	1001	0	1	-1
6330	无妄海鲛人	1002	0	1	-1
6332	通天湖鱼人	1001	0	1	-1
6333	通天湖鲛人	1002	0	1	-1
6335	祖龙城郊-采集物-信笺	1689	0	1	1
6367	资料片1-祖龙城郊隐藏-叛军信使-萧烨	1616	0	1	-1
6386	资料片1-探索隐藏-剑仙城-遗落的剑	1773	0	1	1
6388	资料片1-探索隐藏-万化城-境泽	1582	0	1	-1
6467	刺骨之地气氛NPC-药师 温文	1616	0	1	-1
6473	刺骨之地气氛NPC-药师 简去病	1616	0	1	-1
6481	龙战之野-野怪-妖牛勇士	1009	0	1	-1
6510	刺骨之地隐藏-破冰行动-接任务冰	1021	50	1	-1
6512	刺骨之地隐藏-破冰行动-副本内冰	1021	50	1	-1
6513	刺骨之地隐藏-破冰行动-进副本冰	1021	0	1	-1
6537	资料片3隐藏-通天湖-鱼人NPC	1001	0	1	-1
6538	资料片3隐藏-通天湖-鱼人怪物	1001	0	1	-1
6559	资料片3传奇-生亦何欢-幻关卡符文特效1	1010	0	1	1
6560	资料片3传奇-生亦何欢-幻关卡符文特效2	1010	0	1	1
6561	资料片3传奇-生亦何欢-幻关卡符文特效3	1010	0	1	1
6562	资料片3传奇-生亦何欢-幻关卡符文特效4	1010	0	1	1
6563	资料片3传奇-生亦何欢-幻关卡符文特效5	1010	0	1	1
6625	资料片4传奇-天泪之城-小童	1582	0	1	-1
6630	资料片4龙战之野隐藏-精灵之泪-徘徊的怨灵（怪）	1672	50	1	-1
6632	资料片4龙战之野隐藏-精灵之泪-痛苦的幽灵（NPC）	1672	0	1	-1
6633	资料片4龙战之野隐藏-精灵之泪-暴怒的怨灵（NPC）	1672	0	1	-1
6634	资料片4龙战之野隐藏-精灵之泪-暴怒的怨灵（怪）	1672	50	1	-1
6636	资料片4龙战之野隐藏-黄昏秘境-被遗弃的背包（NPC）	1510	0	1	-1
6637	资料片4龙战之野隐藏-黄昏秘境-解谜副本入口（NPC）	1510	0	1	-1
6639	资料片4龙战之野隐藏-精灵之泪-痛苦的幽灵（NPC）	1672	0	1	-1
6667	资料片4-疾风草原隐藏任务-真·乔伊殿下	2266	0	1	-1
6673	资料片4龙战之野隐藏-被囚禁的人	1866	0	1	-1
6677	资料片4龙战之野隐藏-患难丈夫	1616	0	1	-1
6681	资料片4-疾风草原隐藏任务-丑陋的敌人	2267	0	1	-1
6682	资料片4-疾风草原隐藏任务-真·乔伊殿下	2266	0	1	-1
6686	资料片4-疾风草原隐藏任务-天气NPC环保使者	1008	0	1	-1
6687	资料片4-疾风草原隐藏任务-虚拟NPC环保使者	1008	0	1	-1
6735	资料片4传奇-海魂珠-胡老八技能移动目标	1510	0	1	-1
6741	资料片4传奇-海魂珠-胡老八刷BUFF	1510	0	1	-1
6746	资料片4传奇-海魂珠-胡老八技能移动目标	1510	0	1	-1
6747	资料片4传奇-海魂珠-胡老八技能移动目标	1510	0	1	-1
6748	资料片4传奇-海魂珠-胡老八技能移动目标	1510	0	1	-1
6799	资料片5隐藏-神子笔记-信之精灵	3011	0	1	-1
6800	资料片5隐藏-神子笔记-信之精灵	3011	0	1	-1
6801	资料片5隐藏-神子笔记-信之精灵	3011	0	1	-1
6802	资料片5隐藏-神子笔记-信之精灵	3011	0	1	-1
6803	资料片5隐藏-神子笔记-信之精灵	3011	0	1	-1
6816	资料片5传奇-预知之镜-堕落的杨吉	1023	0	1	-1
6826	资料片5传奇-天降异物-探测精灵	5006	0	1	-1
6827	资料片5传奇-天降异物-屏障1	5001	0	1	-1
6828	资料片5传奇-天降异物-屏障2	5002	0	1	-1
6829	资料片5传奇-天降异物-屏障3	5003	0	1	-1
6830	资料片5传奇-天降异物-屏障4	5004	0	1	-1
6831	资料片5传奇-天降异物-幽魂	5005	0	1	-1
6833	资料片5传奇-天降异物-影子	1860	0	1	-1
6848	情人节-功能NPC-答题NPC	1008	0	1	-1
6858	资料片6隐藏任务-死而复生-怨毒之灵	1848	0	1	-1
7855	反攻怨灵之门-真鬼子母-聚雷技能NPC	1510	50	1	-1
7856	反攻怨灵之门-真鬼子母-雷池	1510	50	1	-1
7863	反攻怨灵之门-破军七杀-杀戮盛宴-分身出现位置	1510	50	1	-1
7867	反攻怨灵之门-黑明圣帝-死亡禁区	1510	50	1	-1
7868	反攻怨灵之门-黑明圣帝-能量球	1510	50	1	-1
8010	隐藏任务-通天湖-触发NPC-罗拉的背包	1760	0	1	1
8066	OB第二批_祖龙城隐藏2_蒙面人接交任务	1906	0	1	-1
8067	OB第二批_祖龙城隐藏2_蒙面人镜像战斗	1906	0	1	-1
8075	OB第二批_祖龙城隐藏1_凶器	1773	0	1	1
8495	传奇-黯然神伤-积羽城空中怪-翻羽飞狐	1993	0	1	-1
8500	地鼠门门人	10062	0	1	-1
8501	灵鹫宫普通弟子	10075	0	1	-1
8502	神农帮锄头弟子	10076	0	1	-1
8503	无量剑西宫弟子（女）	10077	0	1	-1
8504	无量剑西宫弟子	10078	0	1	-1
8507	丐帮持钵弟子	10083	0	1	-1
8508	丐帮持棒弟子	10084	0	1	-1
8509	西夏步战武士	10085	0	1	-1
8510	灵鹫宫使节（持剑）	10088	0	1	-1
8511	聚贤庄武林人士（持爪）	10095	0	1	-1
8512	地鼠门刀手	10062	0	1	-1
8513	沙漠劫匪头目	28005	0	1	-1
8514	驯兽师	28006	0	1	-1
8515	山匪弓箭手	28007	0	1	-1
8516	西夏武士	28008	0	1	-1
8517	西夏骑兵	28011	0	1	-1
8518	万劫谷家丁	199	0	1	-1
8519	无量山猴	163	0	1	-1
8520	王家执法花匠老妇	173	0	1	-1
8521	王家武装家丁	125	0	1	-1
8522	青城派弟子（暗器）	118	0	1	-1
8523	无锡城市泼皮	193	0	1	-1
8524	无锡郊野七步蛇	174	0	1	-1
8525	无锡郊野毒蜂	175	0	1	-1
8526	少林武僧	122	0	1	-1
8527	女真兵	257	0	1	-1
8528	辽兵弓箭手	229	0	1	-1
8529	辽军部族兵	262	0	1	-1
8530	女真猎人	256	0	1	-1
8531	宋兵1	255	0	1	-1
8532	游坦之	271	0	1	-1
8533	阿紫	272	0	1	-1
8534	摘星子	273	0	1	-1
8535	一品堂高手	28024	0	1	-1
8536	西夏弓箭手	11152	0	1	-1
8537	草原狼	28025	0	1	-1
8538	姚伯当	275	0	1	-1
8539	缥缈峰幼年灵鹫	28030	0	1	-1
8540	缥缈峰护卫	28031	0	1	-1
8541	洞岛起义者	28032	0	1	-1
8542	花豹	28033	0	1	-1
8543	沙蝎	28034	0	1	-1
8544	星宿双环弟子	247	0	1	-1
8545	无量山猴-远程	163	0	1	-1
8546	冲车	30034	0	1	-1
8547	投石车	310	0	1	-1
8548	宋军弓箭手	30036	0	1	-1
8549	黑火洞贼徒	107	0	1	-1
9000	包不同	10086	0	1	-1
9001	风波恶	10087	0	1	-1
9002	钟灵	132	0	1	-1
9003	木婉清	205	0	1	-1
9004	无量剑西宫精英（女）	10079	0	1	-1
9005	无量剑西宫精英	10080	0	1	-1
9006	秦家寨弟子	28078	0	1	-1
9007	聚贤庄持刀武林人士	28079	0	1	-1
9008	灵鹫宫圣使	169	0	1	-1
9009	无量大鹰	126	0	1	-1
9010	傅思归	204	0	1	-1
9011	朱丹臣	208	0	1	-1
9012	秦红棉	160	0	1	-1
9013	刀白凤	209	0	1	-1
9015	甘宝宝	151	0	1	-1
9016	巨蟒	162	0	1	-1
9017	拷问室严妈妈	171	0	1	-1
9018	宋朝将领	253	0	1	-1
9019	豹王	28026	0	1	-1
9020	蝎王	28027	0	1	-1
9021	一品堂精锐	28035	0	1	-1
9022	缥缈峰灵鹫	28036	0	1	-1
9023	沙漠劫匪头领	28037	0	1	-1
9024	狮吼子	28038	0	1	-1
9025	梅	28039	0	1	-1
9026	兰	28040	0	1	-1
9027	竹	28041	0	1	-1
9028	菊	28042	0	1	-1
9029	狼王	28043	0	1	-1
9030	星宿持幡弟子	246	0	1	-1
9032	秦红棉-分身	160	0	1	-1
9033	白世镜	140	0	1	-1
9500	游骥	10063	0	1	-1
9501	游驹	10064	0	1	-1
9502	李延宗	10081	0	1	1
9503	萧峰	10082	0	1	1
9504	段誉	10089	0	1	1
9505	南海鳄神	10090	0	1	1
9506	云中鹤	10091	0	1	1
9507	叶二娘	10092	0	1	1
9508	段正明	10093	0	1	-1
9509	天龙僧	10094	0	1	-1
9510	段延庆	10096	0	1	1
9511	段正淳	10097	0	1	1
9512	鸠摩智	10098	0	1	1
9513	丐帮长老	10099	0	1	-1
9514	左子穆	194	0	1	1
9515	辛双清	166	0	1	-1
9516	司空玄	165	0	1	1
9517	圣使花	123	0	1	1
9518	虎王	28063	0	1	-1
9519	钟万仇	28064	0	1	-1
9520	连阿三	28068	0	1	-1
9521	赫连铁树	28065	0	1	-1
9522	李秋水	28067	0	1	1
9523	霍洞主	10016	0	1	-1
9524	莽牯朱蛤	164	0	1	1
9525	BOSS【雪】（女贼）	170	0	1	1
9526	地宫石像将军	185	0	1	1
9527	女飞贼	116	0	1	-1
9528	圣使风	324	0	1	-1
9529	完颜阿骨打	241	0	1	-1
9530	耶律洪基	267	0	1	-1
9531	灵鹫宫圣使月	325	0	1	-1
9532	天山童姥（未完成，缺技能）	307	0	1	1
9533	丁春秋	322	0	1	1
9534	神木王鼎	323	0	1	1
9535	慕容复	8568	0	1	1
9536	霍洞主—表现用	11212	0	1	-1
9537	玄难	8559	0	1	-1
9999	【剧情用】主角对话模板	13015	0	1	1
11032	捉鬼-信徒	1630	0	1	-1
11033	捉鬼-信徒	1630	0	1	-1
11034	捉鬼-传教士	1630	0	1	-1
11065	气氛NPC剑仙城程遥<传送师>	1382	0	1	-1
11084	寻八部众经文NPC-叶孤寒	11001	0	1	-1
11200	寻八部众经文NPC-灵光贤者	11001	0	1	-1
11213	人族9级修真-骷髅兵镜像本入口	1008	0	1	-1
11215	寻八部众经文NPC-万年龟王	11001	0	1	-1
11216	寻八部众经文NPC-神秘鲛人	11001	0	1	-1
11217	洛阳气氛NPC星宿派双环弟子	246	50	1	-1
11218	洛阳气氛NPC无锡五步蛇	174	50	1	-1
11219	洛阳气氛NPC地鼠门门人	14697	50	1	-1
11220	洛阳气氛NPC无锡城市泼皮	193	50	1	-1
11221	洛阳气氛NPC连阿三	112	50	1	-1
11222	洛阳气氛NPC宋兵1	255	0	1	-1
11223	洛阳气氛NPC宋朝官员1	254	0	1	-1
11224	洛阳气氛NPC宋朝将领1	253	0	1	-1
11225	洛阳气氛NPC丐帮持棒弟子1	192	0	1	-1
11226	洛阳气氛NPC丐帮持钵弟子1	177	0	1	-1
11227	洛阳气氛NPC中原士大夫1	221	0	1	-1
11228	洛阳气氛NPC中原婢女1	195	0	1	-1
11229	洛阳气氛NPC少林武僧1	122	0	1	-1
11230	洛阳气氛NPC小沙弥1	127	0	1	-1
11231	洛阳气氛NPC中原老妇人1	133	0	1	-1
11232	洛阳气氛NPC中原少年1	134	0	1	-1
11233	洛阳气氛NPC家丁1	125	0	1	-1
11234	洛阳气氛NPC中原男青年1	115	0	1	-1
11235	洛阳气氛NPC大夫	103	0	1	-1
11236	洛阳气氛NPC大理士兵1	104	0	1	-1
11237	洛阳气氛NPC中原铁匠1	239	0	1	-1
11238	洛阳气氛NPC店小二1	222	0	1	-1
11239	洛阳气氛NPC丫鬟1	196	0	1	-1
11240	洛阳气氛NPC中原女青年1	143	0	1	-1
11241	洛阳气氛NPC中原女童1	240	0	1	-1
11242	洛阳气氛NPC中原老人1	207	0	1	-1
11243	洛阳气氛NPC道人1	197	0	1	-1
11244	洛阳气氛NPC巡逻宋兵1	255	0	1	-1
11245	孙三霸尸体	13083	0	1	-1
11246	女人尸体	13084	0	1	-1
11247	孙三霸党羽	13085	0	1	-1
11248	木婉清	13086	0	1	-1
11249	叶二娘	13087	0	1	1
11250	南海鳄神	13088	0	1	1
11251	中原青年女	143	0	1	-1
11252	中原少年	134	0	1	-1
11253	大理士兵	13091	0	1	-1
11254	中原老者	13092	0	1	-1
11255	婢女	143	0	1	-1
11256	孙三霸党羽	13085	0	1	-1
11257	中原少年	134	0	1	-1
11258	中原少年	134	0	1	-1
11259	老妇	13094	0	1	-1
11260	中原青年女	143	0	1	-1
11261	中原少年	134	0	1	-1
11262	中原少年	134	0	1	-1
11263	洛阳气氛NPC马	206	0	0	-1
11264	洛阳气氛NPC张择端1	249	0	1	-1
11265	洛阳气氛NPC中原戏子1	234	0	1	-1
11266	洛阳气氛NPC苏星河1	238	0	1	-1
11267	洛阳气氛NPC辽人牧民1	244	0	2	-1
11268	洛阳气氛NPC辽兵1	262	0	2	-1
11269	洛阳气氛NPC辽国千夫长	236	0	2	-1
11270	洛阳气氛NPC西夏女1	258	0	1	-1
11271	洛阳气氛NPC梅兰竹菊1	250	0	1	-1
11272	洛阳气氛NPC摘星子1	235	0	1	-1
11273	洛阳气氛NPC崔绿华1	226	0	1	-1
11274	洛阳气氛NPC江湖人A1	198	0	2	-1
11275	洛阳气氛NPC僧人1	200	0	1	-1
11276	洛阳气氛NPC执法花匠	173	0	1	-1
11277	洛阳气氛NPC玄苦大师	129	0	1	-1
11278	洛阳气氛NPC薛神医	130	0	1	-1
11279	洛阳气氛NPC宋朝官员	254	0	1	-1
11280	洛阳气氛NPC丐帮长老	106	0	1	-1
11281	洛阳气氛NPC持钵弟子乞讨1	263	0	1	-1
11282	洛阳气氛NPC青城弟子1	118	0	1	-1
11283	洛阳气氛NPC持爪1	111	0	1	-1
11284	洛阳气氛NPC使鞭人1	124	0	1	-1
11285	洛阳气氛NPC持刀1	179	0	1	-1
11286	洛阳气氛NPC阿朱1	136	0	1	-1
11287	洛阳气氛NPC王夫人	137	0	1	-1
11288	洛阳气氛NPC持棒弟子2	192	0	2	-1
11289	洛阳气氛NPC持棒弟子3	192	0	2	-1
11290	洛阳气氛NPC持棒弟子4	192	0	2	-1
11291	洛阳气氛NPC持棒弟子5	192	0	2	-1
11292	洛阳气氛NPC持棒弟子6	192	0	2	-1
11293	洛阳气氛NPC丐帮持钵弟子2	177	0	2	-1
11294	洛阳气氛NPC丐帮持钵弟子3	177	0	2	-1
11295	洛阳气氛NPC丐帮持钵弟子4	177	0	2	-1
11296	洛阳气氛NPC大理士兵2	104	0	2	-1
11297	洛阳气氛NPC大理士兵3	104	0	2	-1
11298	洛阳气氛NPC道人2	197	0	2	-1
11299	洛阳气氛NPC道人3	197	0	2	-1
11300	洛阳气氛NPC道人4	197	0	2	-1
11301	洛阳气氛NPC店小二2	222	0	2	-1
11302	洛阳气氛NPC店小二3	222	0	2	-1
11303	洛阳气氛NPC店小二4	222	0	2	-1
11304	洛阳气氛NPC店小二5	222	0	2	-1
11305	洛阳气氛NPC宋朝官员2	254	0	2	-1
11306	洛阳气氛NPC宋朝官员3	254	0	2	-1
11307	洛阳气氛NPC宋朝官员4	254	0	2	-1
11308	洛阳气氛NPC家丁2	125	0	2	-1
11309	洛阳气氛NPC家丁3	125	0	2	-1
11310	洛阳气氛NPC家丁4	125	0	2	-1
11311	洛阳气氛NPC家丁5	125	0	2	-1
11312	洛阳气氛NPC江湖人A2	198	0	2	-1
11313	洛阳气氛NPC江湖人A3	198	0	2	-1
11314	洛阳气氛NPC青城弟子1	118	0	2	-1
11315	洛阳气氛NPC持爪2	111	0	2	-1
11316	洛阳气氛NPC使鞭人2	124	0	2	-1
11317	洛阳气氛NPC使鞭人3	30643	0	2	-1
11318	洛阳气氛NPC持刀2	179	0	2	-1
11319	洛阳气氛NPC宋朝将领2	253	0	2	-1
11320	洛阳气氛NPC宋朝将领3	253	0	2	-1
11321	洛阳气氛NPC宋朝将领4	253	0	2	-1
11322	洛阳气氛NPC中原老妇人2	133	0	2	-1
11323	洛阳气氛NPC中原老妇人3	133	0	2	-1
11324	洛阳气氛NPC中原老妇人4	133	0	2	-1
11325	洛阳气氛NPC中原老妇人5	133	0	2	-1
11326	洛阳气氛NPC中原老妇人6	133	0	2	-1
11327	洛阳气氛NPC中原老妇人7	133	0	2	-1
11328	洛阳气氛NPC中原老妇人8	133	0	2	-1
11329	洛阳气氛NPC中原老妇人9	133	0	2	-1
11330	洛阳气氛NPC中原老妇人10	133	0	2	-1
11331	洛阳气氛NPC中原老妇人11	133	0	2	-1
11332	洛阳气氛NPC中原老妇人12	133	0	2	-1
11333	洛阳气氛NPC中原老妇人13	133	0	2	-1
11334	洛阳气氛NPC中原老妇人14	133	0	2	-1
11335	洛阳气氛NPC中原老妇人15	133	0	2	-1
11336	洛阳气氛NPC中原老妇人16	133	0	2	-1
11337	洛阳气氛NPC中原老人2	207	0	2	-1
11338	洛阳气氛NPC中原老人3	207	0	2	-1
11339	洛阳气氛NPC中原老人4	207	0	2	-1
11340	洛阳气氛NPC中原老人5	207	0	2	-1
11341	洛阳气氛NPC中原老人6	207	0	2	-1
11342	洛阳气氛NPC中原老人7	207	0	2	-1
11343	洛阳气氛NPC中原老人8	207	0	2	-1
11344	洛阳气氛NPC中原老人9	207	0	2	-1
11345	洛阳气氛NPC中原老人10	207	0	2	-1
11346	洛阳气氛NPC中原老人11	207	0	2	-1
11347	洛阳气氛NPC中原老人12	207	0	2	-1
11348	洛阳气氛NPC中原老人13	207	0	2	-1
11349	洛阳气氛NPC中原老人14	207	0	2	-1
11350	洛阳气氛NPC苏星河2	238	0	1	-1
11351	洛阳气氛NPC中原婢女2	195	0	2	-1
11352	洛阳气氛NPC中原婢女3	195	0	2	-1
11353	洛阳气氛NPC中原戏子2	234	0	2	-1
11354	洛阳气氛NPC崔绿华2	226	0	1	-1
11355	洛阳气氛NPC中原男青年2	115	0	0	-1
11356	洛阳气氛NPC中原男青年3	115	0	0	-1
11357	洛阳气氛NPC中原男青年4	115	0	0	-1
11358	洛阳气氛NPC中原男青年5	115	0	0	-1
11359	洛阳气氛NPC中原男青年6	115	0	0	-1
11360	洛阳气氛NPC中原男青年7	115	0	0	-1
11361	洛阳气氛NPC中原男青年8	115	0	0	-1
11362	洛阳气氛NPC中原男青年9	115	0	0	-1
11363	洛阳气氛NPC中原男青年10	115	0	0	-1
11364	洛阳气氛NPC中原男青年11	115	0	0	-1
11365	洛阳气氛NPC中原男青年12	115	0	0	-1
11366	洛阳气氛NPC中原男青年13	115	0	0	-1
11367	洛阳气氛NPC中原女青年2	143	0	0	-1
11368	洛阳气氛NPC中原女青年3	143	0	0	-1
11369	洛阳气氛NPC中原女青年4	143	0	0	-1
11370	洛阳气氛NPC中原女青年5	143	0	0	-1
11371	洛阳气氛NPC中原女青年6	143	0	0	-1
11372	洛阳气氛NPC中原女青年7	143	0	0	-1
11373	洛阳气氛NPC中原女青年8	143	0	0	-1
11374	洛阳气氛NPC中原女青年9	143	0	0	-1
11375	洛阳气氛NPC中原女青年10	143	0	0	-1
11376	洛阳气氛NPC中原女青年11	143	0	0	-1
11377	洛阳气氛NPC中原女青年12	143	0	0	-1
11378	洛阳气氛NPC中原女青年13	143	0	0	-1
11379	洛阳气氛NPC中原女青年14	143	0	0	-1
11380	洛阳气氛NPC中原女青年15	143	0	0	-1
11381	洛阳气氛NPC中原女青年16	143	0	0	-1
11382	洛阳气氛NPC中原女童2	240	0	0	-1
11383	洛阳气氛NPC中原女童3	240	0	0	-1
11384	洛阳气氛NPC中原女童4	240	0	0	-1
11385	洛阳气氛NPC中原女童5	240	0	0	-1
11386	洛阳气氛NPC中原女童6	240	0	0	-1
11387	洛阳气氛NPC中原女童7	240	0	0	-1
11388	洛阳气氛NPC中原女童8	240	0	0	-1
11389	洛阳气氛NPC持钵弟子乞讨2	263	0	0	-1
11390	洛阳气氛NPC持钵弟子乞讨3	263	0	0	-1
11391	洛阳气氛NPC持钵弟子乞讨4	263	0	0	-1
11392	洛阳气氛NPC持钵弟子乞讨5	263	0	0	-1
11393	洛阳气氛NPC持钵弟子乞讨6	263	0	0	-1
11394	洛阳气氛NPC辽兵2	262	0	0	-1
11395	洛阳气氛NPC辽人牧民2	244	0	0	-1
11396	洛阳气氛NPC僧人2	200	0	2	-1
11397	洛阳气氛NPC僧人3	200	0	2	-1
11398	洛阳气氛NPC少林武僧2	122	0	2	-1
11399	洛阳气氛NPC少林武僧3	122	0	2	-1
11400	洛阳气氛NPC少林武僧4	122	0	2	-1
11401	洛阳气氛NPC少林武僧5	122	0	2	-1
11402	洛阳气氛NPC中原少年2	134	0	2	-1
11403	洛阳气氛NPC中原少年3	134	0	2	-1
11404	洛阳气氛NPC中原少年4	134	0	2	-1
11405	洛阳气氛NPC中原少年5	134	0	2	-1
11406	洛阳气氛NPC中原少年6	134	0	2	-1
11407	洛阳气氛NPC中原少年7	134	0	2	-1
11408	洛阳气氛NPC中原少年8	134	0	2	-1
11409	洛阳气氛NPC中原少年9	134	0	2	-1
11410	洛阳气氛NPC中原少年10	134	0	2	-1
11411	洛阳气氛NPC阿朱2	136	0	1	-1
11412	洛阳气氛NPC中原士大夫2	221	0	2	-1
11413	洛阳气氛NPC中原士大夫3	221	0	2	-1
11414	洛阳气氛NPC中原士大夫4	221	0	2	-1
11415	洛阳气氛NPC中原士大夫5	221	0	2	-1
11416	洛阳气氛NPC书生1	115	0	2	-1
11417	洛阳气氛NPC书生1	115	0	2	-1
11418	洛阳气氛NPC书生1	115	0	2	-1
11419	洛阳气氛NPC张择端2	249	0	1	-1
11420	洛阳气氛NPC宋兵2	255	0	0	-1
11421	洛阳气氛NPC宋兵3	255	0	0	-1
11422	洛阳气氛NPC宋兵4	255	0	0	-1
11423	洛阳气氛NPC宋兵5	255	0	0	-1
11424	洛阳气氛NPC宋兵6	255	0	0	-1
11425	洛阳气氛NPC宋兵7	255	0	0	-1
11426	洛阳气氛NPC宋兵8	255	0	0	-1
11427	洛阳气氛NPC宋兵9	255	0	0	-1
11428	洛阳气氛NPC宋兵10	255	0	0	-1
11429	洛阳气氛NPC宋兵11	255	0	0	-1
11430	洛阳气氛NPC宋兵12	255	0	0	-1
11431	洛阳气氛NPC宋兵13	255	0	0	-1
11432	洛阳气氛NPC宋兵14	255	0	0	-1
11433	洛阳气氛NPC宋兵15	255	0	0	-1
11434	洛阳气氛NPC宋兵16	255	0	0	-1
11435	洛阳气氛NPC宋兵17	255	0	0	-1
11436	洛阳气氛NPC宋兵18	255	0	0	-1
11437	洛阳气氛NPC宋兵19	255	0	0	-1
11438	洛阳气氛NPC宋兵20	255	0	0	-1
11439	洛阳气氛NPC宋兵21	255	0	0	-1
11440	洛阳气氛NPC宋兵22	255	0	0	-1
11441	洛阳气氛NPC宋兵23	255	0	0	-1
11442	洛阳气氛NPC宋兵24	255	0	0	-1
11443	洛阳气氛NPC宋兵25	255	0	0	-1
11444	洛阳气氛NPC宋兵26	255	0	0	-1
11445	洛阳气氛NPC宋兵27	255	0	0	-1
11446	洛阳气氛NPC宋兵28	255	0	0	-1
11447	洛阳气氛NPC宋兵29	255	0	0	-1
11448	洛阳气氛NPC宋兵30	255	0	0	-1
11449	洛阳气氛NPC宋兵31	255	0	0	-1
11450	洛阳气氛NPC宋兵32	255	0	0	-1
11451	洛阳气氛NPC宋兵33	255	0	0	-1
11452	洛阳气氛NPC宋兵34	255	0	0	-1
11453	洛阳气氛NPC宋兵35	255	0	0	-1
11454	洛阳气氛NPC宋兵36	255	0	0	-1
11455	洛阳气氛NPC宋兵37	255	0	0	-1
11456	洛阳气氛NPC宋朝官员5	254	0	2	-1
11457	洛阳气氛NPC宋朝官员6	254	0	2	-1
11458	洛阳气氛NPC宋朝官员7	254	0	2	-1
11459	洛阳气氛NPC宋朝官员8	254	0	2	-1
11460	洛阳气氛NPC宋朝将领5	253	0	2	-1
11461	洛阳气氛NPC宋朝将领6	253	0	2	-1
11462	洛阳气氛NPC中原铁匠2	179	0	2	-1
11463	洛阳气氛NPC西夏女2	258	0	2	-1
11464	洛阳气氛NPC梅兰竹菊2	250	0	2	-1
11465	洛阳气氛NPC小沙弥2	127	0	2	-1
11466	洛阳气氛NPC巡逻宋兵2	255	0	2	-1
11467	洛阳气氛NPC巡逻宋兵3	255	0	2	-1
11468	洛阳气氛NPC巡逻宋兵4	255	0	2	-1
11469	洛阳气氛NPC巡逻宋兵5	255	0	2	-1
11470	洛阳气氛NPC巡逻宋兵6	255	0	2	-1
11471	洛阳气氛NPC巡逻宋兵7	255	0	2	-1
11472	洛阳气氛NPC巡逻宋兵8	255	0	2	-1
11473	洛阳气氛NPC巡逻宋兵9	255	0	2	-1
11474	洛阳气氛NPC巡逻宋兵10	255	0	2	-1
11475	洛阳气氛NPC巡逻宋兵11	255	0	2	-1
11476	洛阳气氛NPC巡逻宋兵12	255	0	2	-1
11477	洛阳气氛NPC巡逻宋兵13	255	0	2	-1
11478	洛阳气氛NPC巡逻宋兵14	255	0	2	-1
11479	洛阳气氛NPC巡逻宋兵15	255	0	2	-1
11480	洛阳气氛NPC巡逻宋兵16	255	0	2	-1
11481	洛阳气氛NPC巡逻宋兵17	255	0	2	-1
11482	洛阳气氛NPC巡逻宋兵18	255	0	2	-1
11483	洛阳气氛NPC巡逻宋兵19	255	0	2	-1
11484	洛阳气氛NPC巡逻宋兵20	255	0	2	-1
11485	洛阳气氛NPC丫鬟2	196	0	2	-1
11486	洛阳气氛NPC丫鬟3	196	0	2	-1
11487	洛阳气氛NPC丫鬟4	196	0	2	-1
11488	洛阳气氛NPC丫鬟5	196	0	2	-1
11489	洛阳气氛NPC摘星子2	235	0	2	-1
11490	洛阳气氛NPC中原婢女4	195	0	2	-1
11491	洛阳气氛NPC中原婢女5	195	0	2	-1
11492	洛阳气氛NPC中原老人15	207	0	2	-1
11493	洛阳气氛NPC中原男青年14	115	0	2	-1
11494	洛阳气氛NPC中原男青年15	115	0	2	-1
11495	洛阳气氛NPC中原男青年16	115	0	2	-1
11496	洛阳气氛NPC中原男青年17	115	0	2	-1
11497	洛阳气氛NPC中原男青年18	115	0	2	-1
11498	洛阳气氛NPC中原男青年19	115	0	2	-1
11499	洛阳气氛NPC中原男青年20	115	0	2	-1
11500	洛阳气氛NPC中原男青年21	115	0	2	-1
11501	洛阳气氛NPC中原男青年22	115	0	2	-1
11502	洛阳气氛NPC中原男青年23	115	0	2	-1
11503	洛阳气氛NPC中原女青年17	143	0	2	-1
11504	洛阳气氛NPC中原女青年18	143	0	2	-1
11505	洛阳气氛NPC中原女青年19	143	0	2	-1
11506	洛阳气氛NPC中原女青年20	143	0	2	-1
11507	洛阳气氛NPC中原女青年21	143	0	2	-1
11508	洛阳气氛NPC中原女青年22	143	0	2	-1
11509	洛阳气氛NPC中原女青年23	143	0	2	-1
11510	洛阳气氛NPC中原女童9	240	0	2	-1
11511	洛阳气氛NPC中原女童10	240	0	2	-1
11512	洛阳气氛NPC中原女童11	240	0	2	-1
11513	洛阳气氛NPC中原女童12	240	0	2	-1
11514	洛阳气氛NPC中原少年11	134	0	2	-1
11515	洛阳气氛NPC中原少年12	134	0	2	-1
11516	洛阳气氛NPC中原少年13	134	0	2	-1
11517	洛阳气氛NPC中原士大夫6	221	0	2	-1
11518	洛阳气氛NPC中原士大夫7	221	0	2	-1
11519	洛阳气氛NPC中原士大夫8	221	0	2	-1
11520	洛阳气氛NPC使鞭人3	124	0	2	-1
11530	洛阳气氛圣诞树	13148	0	2	1
11531	洛阳气氛春节舞狮	13153	0	2	1
11532	洛阳气氛春节花篮	13154	0	2	1
12001	饭馆经营采集物-干料	4201	0	1	-1
12002	饭馆经营采集物-蔬果	4202	0	1	-1
12003	饭馆经营采集物-香料	4203	0	1	-1
12004	饭馆经营采集物-调味	4204	0	1	-1
12005	饭馆经营采集物-家禽	4205	0	1	-1
12006	饭馆经营采集物-肉	4206	0	1	-1
12007	饭馆经营采集物-鲜虾	4207	0	1	1
12008	饭馆经营采集物-鲜鱼	4208	0	1	-1
12009	辅材-干料-监管员1	4209	0	1	-1
12010	辅材-蔬果-监管员2	4210	0	1	-1
12011	辅材-香料-监管员3	4211	0	1	-1
12012	辅材-调味-监管员4	4212	0	1	-1
12013	主材料-家禽-监管员5	4213	0	1	-1
12014	主材料-肉-监管员6	4214	0	1	-1
12015	主材料-鲜虾-监管员7	4215	0	1	-1
12016	主材料-鲜鱼-监管员8	4216	0	1	-1
12017	饭馆采集物-稀有采集物	4217	0	1	1
12018	辅材-干料-监管员1-2	4209	0	1	-1
12019	辅材-蔬果-监管员2-2	4210	0	1	-1
12020	辅材-香料-监管员3-2	4211	0	1	-1
12021	辅材-调味-监管员4-2	4212	0	1	-1
14399	剧情相关NPC占位结束	1	0	1	-1
14400	14401-20399副本NPC占位	1	0	1	-1
14411	捉鬼怪物-祖龙城郊1-箱子	1851	0	1	-1
14412	捉鬼怪物-祖龙城郊1-螃蟹	1852	0	1	-1
14413	捉鬼怪物-祖龙城郊1-枯骨	1853	0	1	-1
14414	捉鬼怪物-祖龙城郊2-逃兵	1856	0	1	-1
14415	捉鬼怪物-寻梦港1-打手	1858	0	1	-1
14416	捉鬼怪物-寻梦港1-强力打手	1859	0	1	-1
14417	捉鬼怪物-寻梦港2-怨灵	1860	0	1	-1
14418	捉鬼怪物-寻梦港2-大怨灵	1861	0	1	-1
14419	捉鬼怪物-积羽城1-刺客	1862	0	1	-1
14420	捉鬼怪物-积羽城2-暴民	1863	0	1	-1
14421	捉鬼怪物-积羽城2-怨灵	1864	0	1	-1
14422	捉鬼怪物-通天湖1-踏箭弟子	1865	0	1	-1
14423	捉鬼怪物-通天湖2-教徒	1867	0	1	-1
14424	捉鬼怪物-通天湖2-怨灵	1868	0	1	-1
14425	捉鬼氛围NPC-祖龙城郊1-幽灵	1854	0	1	-1
14426	捉鬼氛围NPC-祖龙城郊2-路人	1855	0	1	-1
14427	捉鬼氛围NPC-寻梦港1-商人	1857	0	1	-1
14428	捉鬼氛围NPC-通天湖1-卓溪	1866	0	1	-1
14429	捉鬼氛围NPC-祖龙城郊2-逃兵	1583	0	1	-1
14430	捉鬼氛围NPC-寻梦港1-航海者	1588	0	1	-1
14431	捉鬼氛围NPC-通天湖1-尸体	1343	0	1	-1
14432	捉鬼怪物-积羽城1-刺客小怪	1906	0	1	-1
14433	捉鬼怪物-通天湖1-喽啰	1867	0	1	-1
14434	捉鬼怪物-通天湖3-翼龙	1992	0	1	-1
14435	捉鬼怪物-祖龙城3-飞狐	1993	0	1	-1
14436	捉鬼怪物-祖龙城郊3-灯	1994	0	1	-1
14437	捉鬼怪物-积羽城3-水母	2180	50	1	-1
14450	天劫谷资源本NPC占位结束	1	0	1	-1
14451	109级怨灵之门占位开始	1	0	1	-1
14500	109级怨灵之门占位结束	1	0	1	-1
14501	14501新手本NPC占位开始	1	0	1	-1
14515	新手本CCB1版-吞佛魔尊（空战）	39	1250	1	-1
14550	14550新手本NPC占位结束	1	0	1	-1
14551	14551挖宝NPC占位开始	1	0	1	-1
14566	打图任务第一波怪-怨灵	1574	0	1	-1
14567	打图任务第一波怪-怨灵武士	1575	0	1	-1
14568	打图任务第一波怪-怨灵法	1578	0	1	-1
14569	打图任务第二波怪-怨灵	1571	0	1	-1
14570	打图任务第二波怪-怨灵武士	1572	0	1	-1
14571	打图任务第二波怪-怨灵法	1573	0	1	-1
15000	15000挖宝NPC占位结束；15001-15100覆霜城36人模式NPC占位	1	0	1	-1
15100	15100覆霜城36人模式NPC占位结束	1	0	1	-1
15122	天劫谷69-boss1-透明怪	1510	0	1	-1
15134	天劫谷69-boss2-透明怪	1510	0	1	-1
15137	宋辽战场-占点-透明怪	161	0	1	-1
15139	捉鬼怪物（狂热信徒）	1847	0	1	-1
15140	捉鬼怪物（怨灵）	1848	0	1	-1
15141	捉鬼怪物（卫兵）	1996	0	1	-1
15142	捉鬼怪物（将领）	1996	0	1	-1
15143	捉鬼怪物（罐子）	1846	0	1	-1
15144	宋辽战场-指引-透明怪	161	0	1	-1
15180	剑仙城任务-荒野龙蛭	1001	50	1	-1
15194	积羽城任务-神秘刺客	1586	50	1	-1
15419	大秘境-秘宝窟-废都狼妖	1023	50	1	-1
15420	大秘境-秘宝窟-废都骨将	1022	50	1	1
15430	大秘境-狰狞词缀-鬼火子物体	1573	0	1	-1
16152	大秘境难度桃源炼狱占用	1001	0	1	-1
16581	129级秘宝窟-废都狼妖	1023	50	1	-1
16582	129级秘宝窟-废都骨将	1022	50	1	1
16631	怪物攻城-猩猩将军	3078	800	1	-1
16633	怪物攻城-精英将军	3079	100	1	-1
17101	资料片2-赏金猎人-青衣子	10052	100	1	1
17102	资料片2-赏金猎人-青衣子百鬼缠身-透明怪	1510	0	1	-1
17103	资料片2-赏金猎人-句芒	10051	100	1	1
17104	资料片2-赏金猎人-萌芽陷阱-透明怪	1510	0	1	-1
17105	资料片2-赏金猎人-饕餮	10053	300	1	1
17106	资料片2-赏金猎人-鬼面狼蛛	10050	120	1	1
17107	资料片2-赏金猎人-鬼面狼蛛-毒池	1510	0	1	-1
18001	活动-限时争抢-追击流寇-领队NPC	1926	0	1	-1
18002	活动-限时争抢-追击流寇-领队NPC	1926	0	1	-1
18003	活动-限时争抢-追击流寇-领队NPC	1926	0	1	-1
18004	活动-限时争抢-追击流寇-领队NPC	1926	0	1	-1
18005	活动-限时争抢-追击流寇-领队NPC	1926	0	1	-1
18006	活动-限时争抢-追击流寇-领队NPC	1926	0	1	-1
18007	活动-限时争抢-追击流寇-领队NPC	1926	0	1	-1
18008	活动-限时争抢-追击流寇-领队NPC	1926	0	1	-1
18009	活动-限时争抢-追击流寇-领队NPC	1926	0	1	-1
18010	活动-限时争抢-追击流寇-领队NPC	1926	0	1	-1
18011	活动-限时争抢-追击流寇-领队NPC	1926	0	1	-1
18012	活动-限时争抢-追击流寇-领队NPC	1926	0	1	-1
18013	活动-限时争抢-追击流寇-领队NPC	1926	0	1	-1
18014	活动-限时争抢-追击流寇-领队NPC	1926	0	1	-1
18015	活动-限时争抢-追击流寇-领队NPC	1926	0	1	-1
18016	活动-限时争抢-追击流寇-领队NPC	1926	0	1	-1
18017	活动-限时争抢-追击流寇-领队NPC	1926	0	1	-1
18018	活动-限时争抢-追击流寇-领队NPC	1926	0	1	-1
18019	活动-限时争抢-追击流寇-领队NPC	1926	0	1	-1
18020	活动-限时争抢-追击流寇-领队NPC	1926	0	1	-1
18021	活动-限时争抢-追击流寇-领队NPC	1926	0	1	-1
18022	活动-限时争抢-追击流寇-领队NPC	1926	0	1	-1
18023	活动-限时争抢-追击流寇-领队NPC	1926	0	1	-1
18024	活动-限时争抢-追击流寇-领队NPC	1926	0	1	-1
18025	活动-限时争抢-追击流寇-领队NPC	1926	0	1	-1
18026	活动-限时争抢-追击流寇-领队NPC	1926	0	1	-1
18027	活动-限时争抢-追击流寇-领队NPC	1926	0	1	-1
18028	活动-限时争抢-追击流寇-领队NPC	1926	0	1	-1
18029	活动-限时争抢-追击流寇-领队NPC	1926	0	1	-1
18030	活动-限时争抢-追击流寇-领队NPC	1926	0	1	-1
18031	活动-限时争抢-追击流寇-领队NPC	1926	0	1	-1
18032	活动-限时争抢-追击流寇-领队NPC	1926	0	1	-1
18033	活动-限时争抢-追击流寇-领队NPC	1926	0	1	-1
18034	活动-限时争抢-追击流寇-领队NPC	1926	0	1	-1
18101	活动-限时争抢-追击流寇-彩蛋领队NPC	1745	0	1	-1
18102	活动-限时争抢-追击流寇-彩蛋领队NPC	1745	0	1	-1
18103	活动-限时争抢-追击流寇-彩蛋领队NPC	1745	0	1	-1
18104	活动-限时争抢-追击流寇-彩蛋领队NPC	1745	0	1	-1
18105	活动-限时争抢-追击流寇-彩蛋领队NPC	1745	0	1	-1
18106	活动-限时争抢-追击流寇-彩蛋领队NPC	1745	0	1	-1
18107	活动-限时争抢-追击流寇-彩蛋领队NPC	1745	0	1	-1
18108	活动-限时争抢-追击流寇-彩蛋领队NPC	1745	0	1	-1
18109	活动-限时争抢-追击流寇-彩蛋领队NPC	1745	0	1	-1
18110	活动-限时争抢-追击流寇-彩蛋领队NPC	1745	0	1	-1
18111	活动-限时争抢-追击流寇-彩蛋领队NPC	1745	0	1	-1
18112	活动-限时争抢-追击流寇-彩蛋领队NPC	1745	0	1	-1
18113	活动-限时争抢-追击流寇-彩蛋领队NPC	1745	0	1	-1
18114	活动-限时争抢-追击流寇-彩蛋领队NPC	1745	0	1	-1
18115	活动-限时争抢-追击流寇-彩蛋领队NPC	1745	0	1	-1
18116	活动-限时争抢-追击流寇-彩蛋领队NPC	1745	0	1	-1
18117	活动-限时争抢-追击流寇-彩蛋领队NPC	1745	0	1	-1
18118	活动-限时争抢-追击流寇-彩蛋领队NPC	1745	0	1	-1
18119	活动-限时争抢-追击流寇-彩蛋领队NPC	1745	0	1	-1
18120	活动-限时争抢-追击流寇-彩蛋领队NPC	1745	0	1	-1
18121	活动-限时争抢-追击流寇-彩蛋领队NPC	1745	0	1	-1
18122	活动-限时争抢-追击流寇-彩蛋领队NPC	1745	0	1	-1
18123	活动-限时争抢-追击流寇-彩蛋领队NPC	1745	0	1	-1
18124	活动-限时争抢-追击流寇-彩蛋领队NPC	1745	0	1	-1
18125	活动-限时争抢-追击流寇-彩蛋领队NPC	1745	0	1	-1
18126	活动-限时争抢-追击流寇-彩蛋领队NPC	1745	0	1	-1
18127	活动-限时争抢-追击流寇-彩蛋领队NPC	1745	0	1	-1
18128	活动-限时争抢-追击流寇-彩蛋领队NPC	1745	0	1	-1
18129	活动-限时争抢-追击流寇-彩蛋领队NPC	1745	0	1	-1
18130	活动-限时争抢-追击流寇-彩蛋领队NPC	1745	0	1	-1
18131	活动-限时争抢-追击流寇-彩蛋领队NPC	1745	0	1	-1
18132	活动-限时争抢-追击流寇-彩蛋领队NPC	1745	0	1	-1
18133	活动-限时争抢-追击流寇-彩蛋领队NPC	1745	0	1	-1
18134	活动-限时争抢-追击流寇-彩蛋领队NPC	1745	0	1	-1
20250	活动-限时争抢-突袭怨灵运输队-开门NPC	1927	0	1	-1
20251	活动-限时争抢-突袭怨灵运输队-领队NPC	1926	0	1	-1
20254	活动-限时争抢-突袭怨灵运输队-彩蛋领队NPC	1745	0	1	-1
20255	活动-限时争抢-突袭怨灵运输队-开门NPC	1746	0	1	-1
20502	挖宝宝箱	2099	0	1	-1
20500	木桩	10004	0	1	-1
20501	木桩	10004	0	1	-1
20513	活动-限时争抢-突袭怨灵运输队-领队NPC	1926	0	1	-1
20514	活动-限时争抢-突袭怨灵运输队-领队NPC	1926	0	1	-1
20515	活动-限时争抢-突袭怨灵运输队-领队NPC	1926	0	1	-1
20516	活动-限时争抢-突袭怨灵运输队-领队NPC	1926	0	1	-1
20517	活动-限时争抢-突袭怨灵运输队-领队NPC	1926	0	1	-1
20518	活动-限时争抢-突袭怨灵运输队-领队NPC	1926	0	1	-1
20519	活动-限时争抢-突袭怨灵运输队-领队NPC	1926	0	1	-1
20520	活动-限时争抢-突袭怨灵运输队-领队NPC	1926	0	1	-1
20521	活动-限时争抢-突袭怨灵运输队-领队NPC	1926	0	1	-1
20522	活动-限时争抢-突袭怨灵运输队-领队NPC	1926	0	1	-1
20523	活动-限时争抢-突袭怨灵运输队-领队NPC	1926	0	1	-1
20524	活动-限时争抢-突袭怨灵运输队-领队NPC	1926	0	1	-1
20525	活动-限时争抢-突袭怨灵运输队-领队NPC	1926	0	1	-1
20526	活动-限时争抢-突袭怨灵运输队-领队NPC	1926	0	1	-1
20527	活动-限时争抢-突袭怨灵运输队-彩蛋领队NPC	1745	0	1	-1
20528	活动-限时争抢-突袭怨灵运输队-彩蛋领队NPC	1745	0	1	-1
20529	活动-限时争抢-突袭怨灵运输队-彩蛋领队NPC	1745	0	1	-1
20530	活动-限时争抢-突袭怨灵运输队-彩蛋领队NPC	1745	0	1	-1
20531	活动-限时争抢-突袭怨灵运输队-彩蛋领队NPC	1745	0	1	-1
20532	活动-限时争抢-突袭怨灵运输队-彩蛋领队NPC	1745	0	1	-1
20533	活动-限时争抢-突袭怨灵运输队-彩蛋领队NPC	1745	0	1	-1
20534	活动-限时争抢-突袭怨灵运输队-彩蛋领队NPC	1745	0	1	-1
20535	活动-限时争抢-突袭怨灵运输队-彩蛋领队NPC	1745	0	1	-1
20536	活动-限时争抢-突袭怨灵运输队-彩蛋领队NPC	1745	0	1	-1
20537	活动-限时争抢-突袭怨灵运输队-彩蛋领队NPC	1745	0	1	-1
20538	活动-限时争抢-突袭怨灵运输队-彩蛋领队NPC	1745	0	1	-1
20539	活动-限时争抢-突袭怨灵运输队-彩蛋领队NPC	1745	0	1	-1
20540	活动-限时争抢-突袭怨灵运输队-彩蛋领队NPC	1745	0	1	-1
20551	挖宝-聚宝盆	2264	0	1	-1
20552	挖宝-罐子堆	2265	0	1	-1
20941	踏青-蹴鞠活动	5008	0	1	-1
20942	踏青-清风纸鸢	5007	0	1	-1
21000	秦墓地宫1层Boss	10051	0	1	-1
21001	秦墓地宫2层Boss	10052	0	1	-1
21002	秦墓地宫3层Boss	4003	0	1	-1
21003	秦墓地宫4层Boss	10016	0	1	-1
21004	秦墓地宫5层Boss	10016	0	1	-1
21005	秦墓地宫6层Boss	10016	0	1	-1
21006	秦墓地宫7层Boss	10016	0	1	-1
21007	秦墓地宫8层Boss	10016	0	1	-1
21008	秦墓地宫9层Boss	10016	0	1	-1
21009	秦墓地宫1层石像	4000	0	1	-1
21010	秦墓地宫2层石像	4000	0	1	-1
21011	秦墓地宫3层石像	4000	0	1	-1
21012	秦墓地宫4层石像	4000	0	1	-1
21013	秦墓地宫5层石像	4000	0	1	-1
21014	秦墓地宫6层石像	4000	0	1	-1
21015	秦墓地宫7层石像	4000	0	1	-1
21016	秦墓地宫8层石像	4000	0	1	-1
21017	秦墓地宫9层石像	4000	0	1	-1
21018	秦墓地宫1层小怪1	4010	0	1	-1
21019	秦墓地宫1层小怪2	4011	0	1	-1
21020	秦墓地宫1层小怪3	4012	0	1	-1
21021	秦墓地宫2层小怪1	4013	0	1	-1
21022	秦墓地宫2层小怪2	4014	0	1	-1
21023	秦墓地宫2层小怪3	4015	0	1	-1
21024	秦墓地宫3层小怪1	4016	0	1	-1
21025	秦墓地宫3层小怪2	4017	0	1	-1
21026	秦墓地宫3层小怪3	4018	0	1	-1
21027	秦墓地宫4层小怪1	4019	0	1	-1
21028	秦墓地宫4层小怪2	4020	0	1	-1
21029	秦墓地宫4层小怪3	4021	0	1	-1
21030	秦墓地宫5层小怪1	4022	0	1	-1
21031	秦墓地宫5层小怪2	4023	0	1	-1
21032	秦墓地宫5层小怪3	4024	0	1	-1
21033	秦墓地宫6层小怪1	4025	0	1	-1
21034	秦墓地宫6层小怪2	4026	0	1	-1
21035	秦墓地宫6层小怪3	4027	0	1	-1
21036	秦墓地宫7层小怪1	4028	0	1	-1
21037	秦墓地宫7层小怪2	4029	0	1	-1
21038	秦墓地宫7层小怪3	4030	0	1	-1
21039	秦墓地宫8层小怪1	10085	0	1	-1
21040	秦墓地宫8层小怪2	28024	0	1	-1
21041	秦墓地宫8层小怪3	193	0	1	-1
21042	秦墓地宫9层小怪1	10016	0	1	-1
21043	秦墓地宫9层小怪2	10016	0	1	-1
21044	秦墓地宫9层小怪3	10016	0	1	-1
21050	聚贤庄副本-Boss1前剧情-薛慕华	8500	0	1	-1
21051	聚贤庄副本-Boss1战中传入-薛慕华	8500	0	1	-1
21052	聚贤庄副本-Boss1失败开战-薛慕华	8500	0	1	-1
21053	聚贤庄副本-Boss2战中传入-薛慕华	8500	0	1	-1
21054	聚贤庄副本-Boss2失败开战-薛慕华	8500	0	1	-1
21055	聚贤庄副本-Boss3战中传入-薛慕华	8500	0	1	-1
21056	聚贤庄副本-Boss3失败开战-薛慕华	8500	0	1	-1
21057	聚贤庄副本-门口NPC-贺鑫	8515	0	1	-1
21058	聚贤庄副本-门口NPC-杜岚山	8515	0	1	-1
21059	聚贤庄副本-小怪-江湖刀客	8507	0	1	-1
21060	聚贤庄副本-小怪-江湖爪侠	8508	0	1	-1
21061	聚贤庄副本-小怪-丐帮棍棒弟子	8503	0	1	-1
21062	聚贤庄副本-小怪-丐帮法钵弟子	8502	0	1	-1
21063	聚贤庄副本-小怪-贺鑫	8515	0	1	-1
21064	聚贤庄副本-小怪-杜岚山	8515	0	1	-1
21065	聚贤庄副本-场景NPC-林书尚	8503	0	0	-1
21066	聚贤庄副本-场景NPC1-江湖散人	8541	0	0	-1
21067	聚贤庄副本-场景NPC2-江湖散人	8542	0	0	-1
21068	聚贤庄副本-场景NPC3-江湖散人	8543	0	0	-1
21069	聚贤庄副本-场景NPC4-江湖散人	8544	0	0	-1
21070	聚贤庄副本-场景NPC5-江湖散人	8547	0	0	-1
21071	聚贤庄副本-场景NPC6-江湖散人	8548	0	0	-1
21072	聚贤庄副本-场景NPC7-江湖散人	8549	0	0	-1
21073	聚贤庄副本-场景NPC8-丐帮棍棒弟子	8554	0	0	-1
21074	聚贤庄副本-场景NPC9-丐帮法钵弟子	8553	0	0	-1
21075	聚贤庄副本-场景中立NPC1-江湖刀客	8507	0	0	-1
21076	聚贤庄副本-场景中立NPC2-江湖爪侠	8508	0	0	-1
21077	聚贤庄副本-场景中立NPC3-丐帮棍棒弟子	8503	0	0	-1
21078	聚贤庄副本-场景中立NPC4-丐帮法钵弟子	8502	0	0	-1
21079	聚贤庄副本-场景中立NPC3-蒋寸	8503	0	0	-1
21080	聚贤庄副本-场景中立NPC4-徒彦索	8503	0	0	-1
21081	聚贤庄副本-小怪-江湖刀客	8507	0	1	-1
21082	聚贤庄副本-小怪-江湖爪侠	8508	0	1	-1
21083	聚贤庄副本-小怪-丐帮棍棒弟子	8503	0	1	-1
21084	聚贤庄副本-小怪-丐帮法钵弟子	8502	0	1	-1
21085	聚贤庄副本-Boss1-1-华翎	8556	0	1	-1
21086	聚贤庄副本-Boss1-2-华闾	8557	0	1	-1
21087	聚贤庄副本-Boss2-奚山河	8558	0	1	-1
21088	聚贤庄副本-Boss3-玄难	8559	0	1	-1
21089	聚贤庄副本-Boss1-1-华翎	8523	0	1	-1
21090	聚贤庄副本-Boss1-2-华闾	8524	0	1	-1
21091	聚贤庄副本-Boss2-奚山河	8525	0	1	-1
21092	聚贤庄副本-Boss3-玄难	8526	0	1	-1
21093	聚贤庄副本-精英1-蒋寸	8503	0	1	-1
21094	聚贤庄副本-精英2-徒彦索	8503	0	1	-1
21095	聚贤庄副本-可活动场景NPC-林书尚	8503	0	1	-1
21096	聚贤庄副本-可活动Boss1-1-华翎	8556	0	1	-1
21097	聚贤庄副本-可活动Boss1-2-华闾	8557	0	1	-1
21750	聚贤庄副本-Boss1前剧情-薛慕华	8500	0	1	-1
21751	聚贤庄副本-Boss1战中传入-薛慕华	8500	0	1	-1
21752	聚贤庄副本-Boss1失败开战-薛慕华	8500	0	1	-1
21753	聚贤庄副本-Boss2战中传入-薛慕华	8500	0	1	-1
21754	聚贤庄副本-Boss2失败开战-薛慕华	8500	0	1	-1
21755	聚贤庄副本-Boss3战中传入-薛慕华	8500	0	1	-1
21756	聚贤庄副本-Boss3失败开战-薛慕华	8500	0	1	-1
21757	聚贤庄副本-门口NPC-贺鑫	8515	0	1	-1
21758	聚贤庄副本-门口NPC-杜岚山	8515	0	1	-1
21759	聚贤庄副本-小怪-江湖刀客	8507	0	1	-1
21760	聚贤庄副本-小怪-江湖爪侠	8508	0	1	-1
21761	聚贤庄副本-小怪-丐帮棍棒弟子	8503	0	1	-1
21762	聚贤庄副本-小怪-丐帮法钵弟子	8502	0	1	-1
21763	聚贤庄副本-小怪-贺鑫	8515	0	1	-1
21764	聚贤庄副本-小怪-杜岚山	8515	0	1	-1
21765	聚贤庄副本-场景NPC-林书尚	8503	0	0	-1
21766	聚贤庄副本-场景NPC1-江湖散人	8541	0	0	-1
21767	聚贤庄副本-场景NPC2-江湖散人	8542	0	0	-1
21768	聚贤庄副本-场景NPC3-江湖散人	8543	0	0	-1
21769	聚贤庄副本-场景NPC4-江湖散人	8544	0	0	-1
21770	聚贤庄副本-场景NPC5-江湖散人	8547	0	0	-1
21771	聚贤庄副本-场景NPC6-江湖散人	8548	0	0	-1
21772	聚贤庄副本-场景NPC7-江湖散人	8549	0	0	-1
21773	聚贤庄副本-场景NPC8-丐帮棍棒弟子	8554	0	0	-1
21774	聚贤庄副本-场景NPC9-丐帮法钵弟子	8553	0	0	-1
21775	聚贤庄副本-场景中立NPC1-江湖刀客	8507	0	0	-1
21776	聚贤庄副本-场景中立NPC2-江湖爪侠	8508	0	0	-1
21777	聚贤庄副本-场景中立NPC3-丐帮棍棒弟子	8503	0	0	-1
21778	聚贤庄副本-场景中立NPC4-丐帮法钵弟子	8502	0	0	-1
21779	聚贤庄副本-场景中立NPC3-蒋寸	8503	0	0	-1
21780	聚贤庄副本-场景中立NPC4-徒彦索	8503	0	0	-1
21781	聚贤庄副本-小怪-江湖刀客	8507	0	1	-1
21782	聚贤庄副本-小怪-江湖爪侠	8508	0	1	-1
21783	聚贤庄副本-小怪-丐帮棍棒弟子	8503	0	1	-1
21784	聚贤庄副本-小怪-丐帮法钵弟子	8502	0	1	-1
21785	聚贤庄副本-Boss1-1-华翎	8556	0	1	-1
21786	聚贤庄副本-Boss1-2-华闾	8557	0	1	-1
21787	聚贤庄副本-Boss2-奚山河	8558	0	1	-1
21788	聚贤庄副本-Boss3-玄难	8559	0	1	-1
21789	聚贤庄副本-Boss1-1-华翎	8523	0	1	-1
21790	聚贤庄副本-Boss1-2-华闾	8524	0	1	-1
21791	聚贤庄副本-Boss2-奚山河	8525	0	1	-1
21792	聚贤庄副本-Boss3-玄难	8526	0	1	-1
21793	聚贤庄副本-精英1-蒋寸	8503	0	1	-1
21794	聚贤庄副本-精英2-徒彦索	8503	0	1	-1
21795	聚贤庄副本-可活动场景NPC-林书尚	8503	0	1	-1
21796	聚贤庄副本-可活动Boss1-1-华翎	8556	0	1	-1
21797	聚贤庄副本-可活动Boss1-2-华闾	8557	0	1	-1
21798	野外boss-蝎王	10045	0	1	-1
21799	野外boss-狼王	10046	0	1	-1
21800	野外boss-豹王	10047	0	1	-1
21801	野外boss-虎王	10048	0	1	-1
21802	野外boss-莽牯朱蛤	10049	0	1	1
21803	野外boss-猴王	10044	0	1	-1
21804	野外boss-虎王	10048	0	1	-1
21805	野外boss-蝎王	10045	0	1	-1
21806	心法密令Boss	13156	0	1	-1
21900	第一波小怪-王家家丁（倒地）	25310	0	1	-1
21901	第一波小怪-丐帮弟子（倒地）	25311	0	1	-1
21902	第一波小怪-打狗恶丐（倒地）	25312	0	1	-1
21903	第一波小怪-王家家丁	25304	0	1	-1
21904	第一波小怪-丐帮弟子	25305	0	1	-1
21905	第一波小怪-打狗恶丐	25309	0	1	-1
21906	第一波BOSS	25301	0	1	-1
21907	第一波BOSS-摆件	25300	0	1	1
21908	第一波小怪	25306	0	1	-1
21909	第一波小怪	25314	0	1	-1
21910	第二波小怪	25313	0	1	-1
21911	第二波BOSS	25302	0	1	-1
21912	第三波小怪	25307	0	1	-1
21913	第三波BOSS	25303	0	1	-1
21914	第三波BOSS	25316	0	1	-1
21915	引导箭头	1019	0	1	-1
21916	第二波小怪	25315	0	1	-1
23000	聚贤庄副本-附件-丐帮长老场景变化	161	0	1	-1
23001	聚贤庄副本-附件-丐帮长老场景变化	161	0	1	-1
23002	聚贤庄副本-附件-丐帮长老场景变化	161	0	1	-1
23003	聚贤庄副本-禅心佛	8529	0	1	-1
23004	聚贤庄副本-Boss2-奚山河	8558	0	1	-1
23005	聚贤庄副本-Boss3-玄难	8559	0	1	-1
23006	聚贤庄副本-禅心佛	8529	0	1	-1
23007	聚贤庄副本-禅心佛	8529	0	1	-1
23008	聚贤庄副本-禅心佛	8529	0	1	-1
23009	聚贤庄副本-西北	161	0	1	-1
23010	聚贤庄副本-东北	161	0	1	-1
23011	聚贤庄副本-东南	161	0	1	-1
23012	聚贤庄副本-西南	161	0	1	-1
23013	聚贤庄副本-酒桌	161	0	1	1
23014	聚贤庄副本-禅心佛-对掌	161	0	1	-1
23015	聚贤庄副本-华翎华闾-对掌	161	0	1	-1
23016	聚贤庄副本-门口NPC-贺鑫	8515	0	1	-1
23017	聚贤庄副本-剑气切	8531	0	1	-1
23018	聚贤庄副本-剑意	8532	0	1	-1
23019	聚贤庄副本-枪魂	8533	0	1	-1
23020	聚贤庄副本-枪魂突	8534	0	1	-1
23021	聚贤庄副本-剑盾连击	8535	0	1	-1
23022	聚贤庄副本-连袖劲	8540	0	1	-1
23023	聚贤庄副本-通用空物体	161	0	1	-1
23024	聚贤庄副本-对掌阶段npc	161	0	1	-1
23028	绝学-对掌-演示npc-峨眉	8536	0	1	-1
23029	绝学-对掌-演示npc-逍遥	8537	0	1	-1
23030	绝学-对掌-演示npc-武当	8538	0	1	-1
23031	绝学-对掌-演示npc-丐帮	8539	0	1	-1
23032	绝学-对掌-演示npc-丐帮	8539	0	1	-1
23033	聚贤庄副本-附件-净土	161	0	1	-1
23034	聚贤庄副本-附件-剑气绝	8555	0	1	-1
23035	聚贤庄副本-附件-对掌	161	0	1	-1
23036	聚贤庄副本-附件-对掌	161	0	1	-1
23037	聚贤庄副本-附件-对掌	161	0	1	-1
23038	聚贤庄副本-附件-对掌	161	0	1	-1
23039	聚贤庄副本-附件-对掌	161	0	1	-1
23040	聚贤庄副本-佛前	161	0	1	-1
23041	聚贤庄副本-禅心佛	8529	0	1	-1
23042	聚贤庄副本-禅心佛	8529	0	1	-1
23043	聚贤庄副本-禅心佛	8529	0	1	-1
23044	聚贤庄副本-禅心佛	8529	0	1	-1
23045	聚贤庄副本-场景NPC-林书尚	8503	0	1	-1
23046	聚贤庄副本-酒桌	8530	0	1	1
23047	聚贤庄副本-Boss1-2-华闾	8557	0	1	-1
23400	聚贤庄副本-附件-丐帮长老场景变化	161	0	1	-1
23401	聚贤庄副本-附件-丐帮长老场景变化	161	0	1	-1
23402	聚贤庄副本-附件-丐帮长老场景变化	161	0	1	-1
23403	聚贤庄副本-禅心佛	8529	0	1	-1
23404	聚贤庄副本-Boss2-奚山河	8558	0	1	-1
23405	聚贤庄副本-Boss3-玄难	8559	0	1	-1
23406	聚贤庄副本-禅心佛	8529	0	1	-1
23407	聚贤庄副本-禅心佛	8529	0	1	-1
23408	聚贤庄副本-禅心佛	8529	0	1	-1
23409	聚贤庄副本-西北	161	0	1	-1
23410	聚贤庄副本-东北	161	0	1	-1
23411	聚贤庄副本-东南	161	0	1	-1
23412	聚贤庄副本-西南	161	0	1	-1
23413	聚贤庄副本-酒桌	161	0	1	1
23414	聚贤庄副本-禅心佛-对掌	161	0	1	-1
23415	聚贤庄副本-华翎华闾-对掌	161	0	1	-1
23416	聚贤庄副本-门口NPC-贺鑫	8515	0	1	-1
23417	聚贤庄副本-剑气切	8531	0	1	-1
23418	聚贤庄副本-剑意	8532	0	1	-1
23419	聚贤庄副本-枪魂	8533	0	1	-1
23420	聚贤庄副本-枪魂突	8534	0	1	-1
23421	聚贤庄副本-剑盾连击	8535	0	1	-1
23422	聚贤庄副本-连袖劲	8540	0	1	-1
23423	聚贤庄副本-通用空物体	161	0	1	-1
23424	聚贤庄副本-对掌阶段npc	161	0	1	-1
23428	绝学-对掌-演示npc-峨眉	8536	0	1	-1
23429	绝学-对掌-演示npc-逍遥	8537	0	1	-1
23430	绝学-对掌-演示npc-武当	8538	0	1	-1
23431	绝学-对掌-演示npc-丐帮	8539	0	1	-1
23432	绝学-对掌-演示npc-丐帮	8539	0	1	-1
23433	聚贤庄副本-附件-净土	161	0	1	-1
23434	聚贤庄副本-附件-剑气绝	8555	0	1	-1
23435	聚贤庄副本-附件-对掌	161	0	1	-1
23436	聚贤庄副本-附件-对掌	161	0	1	-1
23437	聚贤庄副本-附件-对掌	161	0	1	-1
23438	聚贤庄副本-附件-对掌	161	0	1	-1
23439	聚贤庄副本-附件-对掌	161	0	1	-1
23440	聚贤庄副本-佛前	161	0	1	-1
23441	聚贤庄副本-禅心佛	8529	0	1	-1
23442	聚贤庄副本-禅心佛	8529	0	1	-1
23443	聚贤庄副本-禅心佛	8529	0	1	-1
23444	聚贤庄副本-禅心佛	8529	0	1	-1
23445	聚贤庄副本-场景NPC-林书尚	8503	0	1	-1
23446	聚贤庄副本-酒桌	8530	0	1	1
23447	聚贤庄副本-Boss1-2-华闾	8557	0	1	-1
23050	燕子坞-通用-慕容密探-敌对	8562	0	1	-1
23051	燕子坞-通用-慕容密探-敌对	8561	0	1	-1
23052	燕子坞-通用-密探猎鹰-敌对	8564	0	1	-1
23053	燕子坞-通用-慕容庄丁-敌对	8563	0	1	-1
23054	燕子坞-通用-慕容庄丁-敌对	8577	0	1	-1
23055	燕子坞-通用-慕容剑客-敌对	8565	0	1	-1
23056	燕子坞-通用-风波恶-敌对	8566	0	1	-1
23057	燕子坞-通用-包不同-敌对	8567	0	1	-1
23058	燕子坞-BOSS-鸠摩智-敌对	8569	0	1	1
23059	燕子坞-BOSS-慕容复-敌对	8568	0	1	1
23060	燕子坞-BOSS-神秘人-敌对	8560	0	1	1
23061	燕子坞-通用-王语嫣-友方	8571	0	1	-1
23062	燕子坞-通用-姚伯当-友方	8570	0	1	-1
23063	燕子坞-通用-风波恶-助战	8566	0	1	-1
23064	燕子坞-通用-包不同-助战	8567	0	1	-1
23065	燕子坞-通用-王语嫣-助战	8571	0	1	-1
23066	燕子坞-通用-姚伯当-助战	8570	0	1	-1
23067	燕子坞-BOSS战-慕容密探-敌对	8562	0	1	-1
23068	燕子坞-BOSS战-慕容密探-敌对	8561	0	1	-1
23069	燕子坞-通用-鸠摩智-助战	8582	0	1	1
23070	燕子坞-通用-慕容复-助战	8568	0	1	1
23071	燕子坞-通用-神秘人-助战	8560	0	1	1
23072	燕子坞-慕容博-般若掌子物体	161	0	1	-1
23073	燕子坞-慕容博-推山掌-石柱	8573	0	1	1
23074	燕子坞-慕容博-推山掌-石台1	8574	0	1	1
23075	燕子坞-慕容博-推山掌-石台2	8574	0	1	1
23076	燕子坞-慕容博-推山掌-石台3	8574	0	1	1
23077	燕子坞-慕容博-推山掌-石台4	8574	0	1	1
23078	燕子坞-慕容博-推山掌-石台5	8574	0	1	1
23079	燕子坞-慕容博-般若掌子物体	161	0	1	-1
23080	燕子坞-鸠摩智-佛字	8575	0	1	-1
23081	燕子坞-鸠摩智-魔字	8576	0	1	-1
23082	燕子坞-通用-慕容庄丁-敌对	8563	0	1	-1
23083	燕子坞-慕容复-风卷残云子物体	161	0	1	-1
23084	燕子坞-慕容博-风暴墙	161	0	1	-1
23085	燕子坞-通用-石门	8581	0	1	1
23086	燕子坞-到达点	161	0	1	-1
23087	燕子坞-BOSS战-慕容密探-敌对	8562	0	1	-1
23088	燕子坞-BOSS战-慕容密探-敌对	8561	0	1	-1
23089	燕子坞-鸠摩智-佛字-阶段1	11061	0	1	-1
23090	燕子坞-鸠摩智-魔字-阶段1	11061	0	1	-1
23100	单人聚贤庄-乔峰-友方	8650	0	1	1
23101	单人聚贤庄-全冠清-敌方	8651	0	1	-1
23102	单人聚贤庄-陈长老-敌方	8652	0	1	-1
23103	单人聚贤庄-丐帮持棍弟子-敌方	8653	0	1	-1
23104	单人聚贤庄-丐帮持钵弟子-敌方	8654	0	1	-1
23105	单人聚贤庄-吴长老-敌方	8655	0	1	-1
23106	单人聚贤庄-薛慕华-友方	8656	0	1	-1
23107	单人聚贤庄-马夫人-友方	8657	0	1	-1
23108	单人聚贤庄-白世镜-友方	8658	0	1	-1
23109	单人聚贤庄-少林武僧-敌方	8659	0	1	-1
23110	单人聚贤庄-玄难-敌方	8660	0	1	-1
23111	单人聚贤庄-游骥-敌方	8661	0	1	-1
23112	单人聚贤庄-游驹-敌方	8662	0	1	-1
23113	单人聚贤庄-聚贤庄爪侠-敌方	8663	0	1	-1
23114	单人聚贤庄-聚贤庄刀客-敌方	8664	0	1	-1
23115	单人聚贤庄-全冠清-友方	8651	0	1	-1
23116	单人聚贤庄-陈长老-友方	8652	0	1	-1
23117	单人聚贤庄-丐帮持棍弟子-友方	8653	0	1	-1
23118	单人聚贤庄-丐帮持钵弟子-友方	8654	0	1	-1
23119	单人聚贤庄-吴长老-友方	8655	0	1	-1
23120	单人聚贤庄-少林武僧-友方	8659	0	1	-1
23121	单人聚贤庄-玄难-友方	8660	0	1	-1
23122	单人聚贤庄-游骥-友方	8661	0	1	-1
23123	单人聚贤庄-游驹-友方	8662	0	1	-1
23124	单人聚贤庄-聚贤庄爪侠-友方	8663	0	1	-1
23125	单人聚贤庄-聚贤庄刀客-友方	8664	0	1	-1
23126	单人聚贤庄-阿朱-友方	8665	0	1	-1
23127	聚贤庄副本-场景NPC1-江湖散人	8541	0	1	-1
23128	聚贤庄副本-场景NPC2-江湖散人	8542	0	1	-1
23129	聚贤庄副本-场景NPC3-江湖散人	8543	0	1	-1
23130	聚贤庄副本-场景NPC4-江湖散人	8544	0	1	-1
23131	聚贤庄副本-场景NPC5-江湖散人	8547	0	1	-1
23132	聚贤庄副本-场景NPC6-江湖散人	8548	0	1	-1
23133	聚贤庄副本-场景NPC7-江湖散人	8549	0	1	-1
23134	聚贤庄副本-场景NPC8-江湖散人	28045	0	1	1
23135	聚贤庄副本-场景NPC9-江湖散人	28046	0	1	1
23136	聚贤庄副本-场景NPC10-江湖散人	28047	0	1	1
23137	预警-杀狗六式	161	0	1	-1
23138	预警-野火燎原	161	0	1	-1
23139	预警-连袖劲	161	0	1	-1
23140	预警-袖里乾坤	161	0	1	-1
23141	预警-莲净	161	0	1	-1
23142	预警-枪魂轰	161	0	1	-1
23143	预警-盾击连刺	161	0	1	-1
23144	预警-枪魂突	161	0	1	-1
23145	预警-盾击连斩	161	0	1	-1
23146	预警-剑盾连击	161	0	1	-1
23147	定位	161	0	1	-1
23148	定位	161	0	1	-1
23149	聚贤庄副本-乔峰-战斗	8666	0	1	1
23200	雁门关-BOSS-铁骑队-敌对	30202	0	1	-1
23201	雁门关-BOSS-千夫长-敌对	30203	0	1	-1
23202	雁门关-BOSS-辽军统领-敌对	30204	0	1	-1
23203	雁门关-攻城车-敌对	30209	0	1	-1
23204	雁门关-云梯1-敌对	30208	0	1	1
23205	雁门关-辽兵-敌对	30205	0	1	-1
23206	雁门关-辽兵弓箭手	30206	0	1	-1
23207	雁门关-拒马	30207	0	1	1
23208	雁门关-宋军将领	30210	0	1	-1
23209	雁门关-宋兵	30211	0	1	-1
23210	雁门关-BOSS-铁骑队-敌对	30202	0	1	-1
23211	雁门关-BOSS-铁骑队-敌对	30202	0	1	-1
23212	雁门关-BOSS-铁骑队-敌对	30202	0	1	-1
23213	雁门关-BOSS-铁骑队-敌对	30202	0	1	-1
23214	雁门关-BOSS-铁骑队-敌对	30202	0	1	-1
23215	雁门关-城门	30212	0	1	1
23216	雁门关-宋兵弓箭手	30213	0	1	-1
23217	雁门关-箭头	1019	0	1	-1
23218	雁门关-BOSS-铁骑队-标记用空NPC	161	0	1	-1
23219	雁门关-小怪阶段-铁骑队-敌对	30214	0	1	-1
23220	雁门关-小怪阶段-攻城车-敌对	30209	0	1	-1
23221	雁门关-爬云梯辽兵1-敌对	30205	0	1	-1
23222	雁门关-折叠云梯-敌对	30208	0	1	1
23223	雁门关-爬云梯辽兵2-敌对	30205	0	1	-1
23224	雁门关-爬云梯辽兵3-敌对	30205	0	1	-1
23225	雁门关-爬云梯辽兵4-敌对	30205	0	1	-1
23226	雁门关-云梯2-敌对	30208	0	1	1
23227	雁门关-云梯3-敌对	30208	0	1	1
23228	雁门关-云梯4-敌对	30208	0	1	1
23229	雁门关-爬云梯辽兵1-敌对-无经验无掉落	30205	0	1	-1
23230	雁门关-爬云梯辽兵2-敌对-无经验无掉落	30205	0	1	-1
23231	雁门关-爬云梯辽兵3-敌对-无经验无掉落	30205	0	1	-1
23232	雁门关-爬云梯辽兵4-敌对-无经验无掉落	30205	0	1	-1
23233	雁门关-辽兵弓箭手-敌对-无经验无掉落	30206	0	1	-1
23234	雁门关-云梯1-友方	30208	0	1	1
23235	雁门关-云梯2-友方	30208	0	1	1
23236	雁门关-云梯3-友方	30208	0	1	1
23237	雁门关-云梯4-友方	30208	0	1	1
23238	雁门关-辽兵-敌对-低配优化	30205	0	1	-1
23239	雁门关-辽兵-只和玩家敌对（不会爬云梯）-低配优化	30205	0	1	-1
23240	雁门关-宋兵	30211	0	1	-1
23241	雁门关-宋兵弓箭手	30213	0	1	-1
23242	雁门关-boss召唤-铁骑队-敌对	30214	0	1	-1
23243	雁门关-boss召唤-攻城车-敌对	30209	0	1	-1
23244	雁门关-宋军将领-召唤	30210	0	1	-1
23245	雁门关-宋兵-召唤	30211	0	1	-1
23246	雁门关-BOSS-千夫长-召唤	30203	0	1	-1
23247	雁门关-宋兵弓箭手-召唤	30213	0	1	-1
23280	雁门关-到达顶端的辽军士兵	30205	0	1	1
23281	雁门关-宋军将领-第一阶段开启npc	-1	0	1	-1
23282	雁门关-宋军将领-第一阶段计数npc	-1	0	1	-1
23283	雁门关-辽兵弓箭手-外围防御npc	30218	0	1	-1
23300	日常燕子坞副本-BOSS1前NPC-徐冲霄	8655	0	1	-1
23301	日常燕子坞副本-BOSS1前NPC-丐帮弟子	10084	0	1	-1
23302	日常燕子坞副本-BOSS1前NPC-丐帮弟子	10084	0	1	-1
23303	日常燕子坞副本-BOSS1前小怪-一品堂高手	10055	0	1	-1
23304	日常燕子坞副本-BOSS1前小怪-一品堂高手	10055	0	1	-1
23305	日常燕子坞副本-BOSS1-岳老三	10050	0	1	1
23306	日常燕子坞副本-BOSS2前NPC-吕章	8652	0	1	-1
23307	日常燕子坞副本-BOSS1前NPC-丐帮弟子	10084	0	1	-1
23308	日常燕子坞副本-BOSS1前NPC-丐帮弟子	10084	0	1	-1
23309	日常燕子坞副本-BOSS2前小怪-一品堂高手	10055	0	1	-1
23310	日常燕子坞副本-BOSS2前小怪-一品堂高手	10055	0	1	-1
23311	日常燕子坞副本-BOSS2-云中鹤	10051	0	1	1
23312	日常燕子坞副本-BOSS2-叶二娘	10052	0	1	1
23313	日常燕子坞副本-BOSS3前NPC-百世镜	8658	0	1	-1
23314	日常燕子坞副本-BOSS1前NPC-丐帮弟子	10084	0	1	-1
23315	日常燕子坞副本-BOSS1前NPC-丐帮弟子	10084	0	1	-1
23316	日常燕子坞副本-BOSS3前小怪-西夏士兵	10056	0	1	-1
23317	日常燕子坞副本-BOSS3前小怪-西夏士兵	10056	0	1	-1
23318	日常燕子坞副本-BOSS3-李延宗	10053	0	1	1
23319	日常燕子坞副本-BOSS2-叶二娘烟雾	10071	0	1	-1
23320	日常燕子坞副本-BOSS2-叶二娘烟雾	1019	0	1	-1
23321	日常燕子坞副本-BOSS2-飞鹤羽	10072	0	1	-1
23322	日常燕子坞副本-BOSS3-伏魔刀气	10073	0	1	-1
23323	自动buff机	10074	0	1	-1
23324	日常燕子坞副本-BOSS2前小怪-一品堂高手	10055	0	1	-1
23500	西夏冰窖-BOSS1前NPC-灵鹫宫弟子	8590	0	1	-1
23501	西夏冰窖-BOSS1前小怪-西夏士兵	8591	0	1	-1
23502	西夏冰窖-BOSS1前小怪-缚灵灵鹫宫弟子	8590	0	1	-1
23503	西夏冰窖-BOSS2前NPC-圣使月	8593	0	1	-1
23504	西夏冰窖-BOSS3前小怪-虚弱的缚灵灵鹫宫弟子	8590	0	1	-1
23505	西夏冰窖-BOSS3前小怪-将军俑	8595	0	1	-1
23506	西夏冰窖-BOSS1-覆雪将军俑	8596	0	1	-1
23507	西夏冰窖-BOSS2-圣使风	8597	0	1	-1
23508	西夏冰窖-BOSS3-虚竹	8598	0	1	-1
23509	西夏冰窖-BOSS1附件-剑	8608	0	1	-1
23510	西夏冰窖-BOSS1附件-雾气巨像	8600	0	1	-1
23511	西夏冰窖-滚石	8602	0	1	1
23512	西夏冰窖-滚石生成NPC-左	8602	0	1	1
23513	西夏冰窖-BOSS2附件-缚灵龛	8603	0	1	1
23514	西夏冰窖-BOSS2附件-魔化风圈	-1	0	1	-1
23515	西夏冰窖-BOSS3附件-符文冰块	8592	0	1	-1
23516	西夏冰窖-BOSS3附件-金色虚竹幻影	8606	0	1	-1
23517	西夏冰窖-BOSS3附件-紫色心魔	8605	0	1	-1
23518	西夏冰窖-BOSS1附件-机关塔	8599	0	1	1
23519	西夏冰窖-触发NPC-机关塔	8599	0	1	1
23520	西夏冰窖-穹顶落冰	-1	0	1	-1
23521	西夏冰窖-密室出口墙体	8607	0	1	1
23522	西夏冰窖-BOSS1附件-普通攻击-碎片	-1	0	1	-1
23523	西夏冰窖-符文冰块-效果执行NPC	-1	0	1	-1
23524	西夏冰窖-BOSS1-关闭的覆雪将军俑	8596	0	1	-1
23525	西夏冰窖-地面指示箭头	159	0	1	-1
23526	西夏冰窖-BOSS2附件-阵法	-1	0	1	-1
23527	西夏冰窖-BOSS2附件-开启的阵法	-1	0	1	-1
23528	西夏冰窖-BOSS3附件-小冷狱焰	-1	0	1	-1
23529	西夏冰窖-BOSS3附件-大冷狱焰	-1	0	1	-1
23530	西夏冰窖-BOSS1附件-机关塔-点亮特效	-1	0	1	-1
23531	西夏冰窖-BOSS2附件-风墙	-1	0	1	-1
23532	西夏冰窖-BOSS2附件-小龙卷风	-1	0	1	-1
23533	西夏冰窖-BOSS2附件-魔化小龙卷风	-1	0	1	-1
23534	西夏冰窖-BOSS2附件-魔化风眼	-1	0	1	-1
23535	西夏冰窖-滚石生成NPC-右	8602	0	1	1
23536	西夏冰窖-穹顶冰锥-命中点空物体	-1	0	1	-1
23537	西夏冰窖-虚竹-BOSS3附件-小型金色虚竹幻影-子物体	8609	0	1	-1
23538	西夏冰窖-触发NPC-BOSS3小黑屋传送门	-1	0	1	-1
23539	西夏冰窖-BOSS1前NPC-灵鹫宫弟子	8590	0	1	-1
23540	西夏冰窖-BOSS1前小怪-西夏士兵	8591	0	1	-1
23541	西夏冰窖-BOSS1前小怪-缚灵灵鹫宫弟子	8590	0	1	-1
23542	西夏冰窖-BOSS3前小怪-虚弱的缚灵灵鹫宫弟子	8590	0	1	-1
23543	西夏冰窖-BOSS3前小怪-将军俑	8595	0	1	-1
23544	西夏冰窖-BOSS1-覆雪将军俑	8596	0	1	-1
23545	西夏冰窖-BOSS2-圣使风	8597	0	1	-1
23546	西夏冰窖-BOSS3-虚竹	8598	0	1	-1
23547	西夏冰窖-BOSS1附件-剑	8608	0	1	-1
23548	西夏冰窖-BOSS2附件-缚灵龛	8603	0	1	1
23549	西夏冰窖-BOSS3附件-符文冰块	8592	0	1	-1
23550	决战少室山-BOSS1-庄聚贤	8610	0	1	-1
23551	决战少室山-BOSS2-慕容复	8611	0	1	-1
23552	决战少室山-BOSS3-丁春秋	8612	0	1	-1
23553	气氛组-江湖人士1	8613	0	1	-1
23554	气氛组-江湖人士2	8614	0	1	-1
23555	气氛组-江湖人士3	8615	0	1	-1
23556	气氛组-江湖人士4	8616	0	1	-1
23557	气氛组-江湖人士5	8617	0	1	-1
23558	小怪1-丐帮弟子-棍	8618	0	1	-1
23559	小怪1-丐帮弟子-钵	8619	0	1	-1
23560	小怪2-丐帮弟子-棍	8618	0	1	-1
23561	小怪2-丐帮弟子-钵	8619	0	1	-1
23562	剧情NPC-段誉	8620	0	1	-1
23563	剧情NPC-王语嫣	8621	0	1	-1
23564	小怪3-慕容剑客	8622	0	1	-1
23565	小怪3-慕容镖手	8623	0	1	-1
23566	精英3-风波恶	8624	0	1	-1
23567	精英3-包不同	8625	0	1	-1
23568	气氛组-星宿弟子-幡	8626	0	1	-1
23569	气氛组-星宿弟子-环	8627	0	1	-1
23570	气氛组-星宿弟子-掌	8628	0	1	-1
23571	剧情NPC-庄聚贤	8610	0	1	-1
23572	飞行BUFF派发空物体	-1	0	1	-1
23573	BOSS1-阿紫的丝绢	-1	0	1	-1
23574	BOSS1-冰蚕	8630	0	1	-1
23575	BOSS1-冰墓	31077	0	1	-1
23576	决战少室山-空物体	-1	0	1	-1
23577	BOSS3-化功大法-空物体	161	0	1	-1
23578	BOSS3-老仙爱听马屁-弟子	8626	0	1	-1
23579	BOSS2-剑-冰（冰属性攻）	31080	0	1	-1
23580	BOSS2-剑-火（火属性攻）	31080	0	1	-1
23581	BOSS2-剑-毒（毒属性攻）	31080	0	1	-1
23582	BOSS2-剑-阴（阴属性攻）	31080	0	1	-1
23583	BOSS2-剑-阳（阳属性攻）	31080	0	1	-1
23584	BOSS2-回风拂袖-旋风	-1	0	1	-1
23585	BOSS2-斗转星移-星空	-1	0	1	-1
23586	BOSS2-斗转星移-星星	-1	0	1	-1
23587	BOSS2-不等风-风场空物体	-1	0	1	-1
23588	BOSS2-降魔剑法-剑	-1	0	1	-1
23589	BOSS1-冰蚕之卵	31077	0	1	-1
24050	聚贤庄副本-Boss1前剧情-薛慕华	8500	0	1	-1
24051	聚贤庄副本-Boss1战中传入-薛慕华	8500	0	1	-1
24052	聚贤庄副本-Boss1失败开战-薛慕华	8500	0	1	-1
24053	聚贤庄副本-Boss2战中传入-薛慕华	8500	0	1	-1
24054	聚贤庄副本-Boss2失败开战-薛慕华	8500	0	1	-1
24055	聚贤庄副本-Boss3战中传入-薛慕华	8500	0	1	-1
24056	聚贤庄副本-Boss3失败开战-薛慕华	8500	0	1	-1
24057	聚贤庄副本-门口NPC-贺鑫	8515	0	1	-1
24058	聚贤庄副本-门口NPC-杜岚山	8515	0	1	-1
24059	聚贤庄副本-小怪-江湖刀客	8507	0	1	-1
24060	聚贤庄副本-小怪-江湖爪侠	8508	0	1	-1
24061	聚贤庄副本-小怪-丐帮棍棒弟子	8503	0	1	-1
24062	聚贤庄副本-小怪-丐帮法钵弟子	8502	0	1	-1
24063	聚贤庄副本-小怪-贺鑫	8515	0	1	-1
24064	聚贤庄副本-小怪-杜岚山	8515	0	1	-1
24065	聚贤庄副本-场景NPC-林书尚	8503	0	0	-1
24066	聚贤庄副本-场景NPC1-江湖散人	8541	0	0	-1
24067	聚贤庄副本-场景NPC2-江湖散人	8542	0	0	-1
24068	聚贤庄副本-场景NPC3-江湖散人	8543	0	0	-1
24069	聚贤庄副本-场景NPC4-江湖散人	8544	0	0	-1
24070	聚贤庄副本-场景NPC5-江湖散人	8547	0	0	-1
24071	聚贤庄副本-场景NPC6-江湖散人	8548	0	0	-1
24072	聚贤庄副本-场景NPC7-江湖散人	8549	0	0	-1
24073	聚贤庄副本-场景NPC8-丐帮棍棒弟子	8554	0	0	-1
24074	聚贤庄副本-场景NPC9-丐帮法钵弟子	8553	0	0	-1
24075	聚贤庄副本-场景中立NPC1-江湖刀客	8545	0	0	-1
24076	聚贤庄副本-场景中立NPC2-江湖爪侠	8546	0	0	-1
24077	聚贤庄副本-场景中立NPC3-丐帮棍棒弟子	8554	0	0	-1
24078	聚贤庄副本-场景中立NPC4-丐帮法钵弟子	8553	0	0	-1
24079	聚贤庄副本-场景中立NPC3-蒋寸	8552	0	0	-1
24080	聚贤庄副本-场景中立NPC4-徒彦索	8551	0	0	-1
24081	聚贤庄副本-小怪-江湖刀客	8507	0	1	-1
24082	聚贤庄副本-小怪-江湖爪侠	8508	0	1	-1
24083	聚贤庄副本-小怪-丐帮棍棒弟子	8503	0	1	-1
24084	聚贤庄副本-小怪-丐帮法钵弟子	8502	0	1	-1
24085	聚贤庄副本-Boss1-1-华翎	8556	0	1	-1
24086	聚贤庄副本-Boss1-2-华闾	8557	0	1	-1
24087	聚贤庄副本-Boss2-奚山河	8558	0	1	-1
24088	聚贤庄副本-Boss3-玄难	8559	0	1	-1
24089	聚贤庄副本-Boss1-1-华翎	8523	0	1	-1
24090	聚贤庄副本-Boss1-2-华闾	8524	0	1	-1
24091	聚贤庄副本-Boss2-奚山河	8525	0	1	-1
24092	聚贤庄副本-Boss3-玄难	8526	0	1	-1
24093	聚贤庄副本-精英1-蒋寸	8528	0	1	-1
24094	聚贤庄副本-精英2-徒彦索	8527	0	1	-1
24095	聚贤庄副本-可活动场景NPC-林书尚	8503	0	1	-1
24096	聚贤庄副本-可活动Boss1-1-华翎	8556	0	1	-1
24097	聚贤庄副本-可活动Boss1-2-华闾	8557	0	1	-1
25000	聚贤庄副本-附件-丐帮长老场景变化	161	0	1	-1
25001	聚贤庄副本-附件-丐帮长老场景变化	161	0	1	-1
25002	聚贤庄副本-附件-丐帮长老场景变化	161	0	1	-1
25003	聚贤庄副本-禅心佛	8529	0	1	-1
25004	聚贤庄副本-Boss2-奚山河	8558	0	1	-1
25005	聚贤庄副本-Boss3-玄难	8559	0	1	-1
25006	聚贤庄副本-禅心佛	8529	0	1	-1
25007	聚贤庄副本-禅心佛	8529	0	1	-1
25008	聚贤庄副本-禅心佛	8529	0	1	-1
25009	聚贤庄副本-西北	161	0	1	-1
25010	聚贤庄副本-东北	161	0	1	-1
25011	聚贤庄副本-东南	161	0	1	-1
25012	聚贤庄副本-西南	161	0	1	-1
25013	聚贤庄副本-酒桌	161	0	1	-1
25014	聚贤庄副本-禅心佛-对掌	161	0	1	-1
25015	聚贤庄副本-华翎华闾-对掌	161	0	1	-1
25016	聚贤庄副本-门口NPC-贺鑫	8515	0	1	-1
25017	聚贤庄副本-剑气切	8531	0	1	-1
25018	聚贤庄副本-剑意	8532	0	1	-1
25019	聚贤庄副本-枪魂	8533	0	1	-1
25020	聚贤庄副本-枪魂突	8534	0	1	-1
25021	聚贤庄副本-剑盾连击	8535	0	1	-1
25022	聚贤庄副本-连袖劲	8540	0	1	-1
25023	聚贤庄副本-通用空物体	161	0	1	-1
25024	聚贤庄副本-对掌阶段npc	161	0	1	-1
25028	绝学-对掌-演示npc-峨眉	8536	0	1	-1
25029	绝学-对掌-演示npc-逍遥	8537	0	1	-1
25030	绝学-对掌-演示npc-武当	8538	0	1	-1
25031	绝学-对掌-演示npc-丐帮	8539	0	1	-1
25032	绝学-对掌-演示npc-丐帮	8539	0	1	-1
25033	聚贤庄副本-附件-净土	161	0	1	-1
25034	聚贤庄副本-附件-剑气绝	8555	0	1	-1
25035	聚贤庄副本-附件-对掌	161	0	1	-1
25036	聚贤庄副本-附件-对掌	161	0	1	-1
25037	聚贤庄副本-附件-对掌	161	0	1	-1
25038	聚贤庄副本-附件-对掌	161	0	1	-1
25039	聚贤庄副本-附件-对掌	161	0	1	-1
25040	聚贤庄副本-佛前	161	0	1	-1
25041	聚贤庄副本-禅心佛	8529	0	1	-1
25042	聚贤庄副本-禅心佛	8529	0	1	-1
25043	聚贤庄副本-禅心佛	8529	0	1	-1
25044	聚贤庄副本-禅心佛	8529	0	1	-1
25045	聚贤庄副本-场景NPC-林书尚	8503	0	1	-1
25046	聚贤庄副本-酒桌	8530	0	1	1
25047	聚贤庄副本-Boss1-2-华闾	8557	0	1	-1
25050	燕子坞-通用-慕容密探-敌对	8562	0	1	-1
25051	燕子坞-通用-慕容密探-敌对	8561	0	1	-1
25052	燕子坞-通用-密探猎鹰-敌对	8564	0	1	-1
25053	燕子坞-通用-慕容庄丁-敌对	8563	0	1	-1
25054	燕子坞-通用-慕容庄丁-敌对	8577	0	1	-1
25055	燕子坞-通用-慕容剑客-敌对	8565	0	1	-1
25056	燕子坞-通用-风波恶-敌对	8566	0	1	-1
25057	燕子坞-通用-包不同-敌对	8567	0	1	-1
25058	燕子坞-BOSS-鸠摩智-敌对	8569	0	1	1
25059	燕子坞-BOSS-慕容复-敌对	8568	0	1	1
25060	燕子坞-BOSS-神秘人-敌对	8560	0	1	1
25061	燕子坞-通用-王语嫣-友方	8571	0	1	-1
25062	燕子坞-通用-姚伯当-友方	8570	0	1	-1
25063	燕子坞-通用-风波恶-助战	8566	0	1	-1
25064	燕子坞-通用-包不同-助战	8567	0	1	-1
25065	燕子坞-通用-王语嫣-助战	8571	0	1	-1
25066	燕子坞-通用-姚伯当-助战	8570	0	1	-1
25067	燕子坞-BOSS战-慕容密探-敌对	8562	0	1	-1
25068	燕子坞-BOSS战-慕容密探-敌对	8561	0	1	-1
25069	燕子坞-通用-鸠摩智-助战	8582	0	1	1
25070	燕子坞-通用-慕容复-助战	8568	0	1	1
25071	燕子坞-通用-神秘人-助战	8560	0	1	1
25072	燕子坞-慕容博-般若掌子物体	161	0	1	-1
25073	燕子坞-慕容博-推山掌-石柱	8573	0	1	1
25074	燕子坞-慕容博-推山掌-石台1	8574	0	1	1
25075	燕子坞-慕容博-推山掌-石台2	8574	0	1	1
25076	燕子坞-慕容博-推山掌-石台3	8574	0	1	1
25077	燕子坞-慕容博-推山掌-石台4	8574	0	1	1
25078	燕子坞-慕容博-推山掌-石台5	8574	0	1	1
25079	燕子坞-慕容博-般若掌子物体	161	0	1	-1
25080	燕子坞-鸠摩智-佛字	8575	0	1	-1
25081	燕子坞-鸠摩智-魔字	8576	0	1	-1
25082	燕子坞-通用-慕容庄丁-敌对	8563	0	1	-1
25083	燕子坞-慕容复-风卷残云子物体	161	0	1	-1
25084	燕子坞-慕容博-风暴墙	161	0	1	-1
25085	燕子坞-通用-石门	8581	0	1	1
25086	燕子坞-到达点	161	0	1	-1
25087	燕子坞-BOSS战-慕容密探-敌对	8562	0	1	-1
25088	燕子坞-BOSS战-慕容密探-敌对	8561	0	1	-1
25100	雁门关-BOSS-铁骑队-敌对	30202	0	1	-1
25101	雁门关-BOSS-千夫长-敌对	30203	0	1	-1
25102	雁门关-BOSS-辽军统领-敌对	30204	0	1	-1
25103	雁门关-攻城车-敌对	30209	0	1	-1
25104	雁门关-云梯1-敌对	30208	0	1	1
25105	雁门关-辽兵-敌对	30205	0	1	-1
25106	雁门关-辽兵弓箭手	30206	0	1	-1
25107	雁门关-拒马	30207	0	1	1
25108	雁门关-宋军将领	30210	0	1	-1
25109	雁门关-宋兵	30211	0	1	-1
25110	雁门关-BOSS-铁骑队-敌对	30202	0	1	-1
25111	雁门关-BOSS-铁骑队-敌对	30202	0	1	-1
25112	雁门关-BOSS-铁骑队-敌对	30202	0	1	-1
25113	雁门关-BOSS-铁骑队-敌对	30202	0	1	-1
25114	雁门关-BOSS-铁骑队-敌对	30202	0	1	-1
25115	雁门关-城门	30212	0	1	1
25116	雁门关-宋兵弓箭手	30213	0	1	-1
25117	雁门关-箭头	1019	0	1	-1
25118	雁门关-BOSS-铁骑队-标记用空NPC	161	0	1	-1
25119	雁门关-小怪阶段-铁骑队-敌对	30214	0	1	-1
25120	雁门关-小怪阶段-攻城车-敌对	30209	0	1	-1
25121	雁门关-爬云梯辽兵1-敌对	30205	0	1	-1
25122	雁门关-折叠云梯-敌对	30208	0	1	1
25123	雁门关-爬云梯辽兵2-敌对	30205	0	1	-1
25124	雁门关-爬云梯辽兵3-敌对	30205	0	1	-1
25125	雁门关-爬云梯辽兵4-敌对	30205	0	1	-1
25126	雁门关-云梯2-敌对	30208	0	1	1
25127	雁门关-云梯3-敌对	30208	0	1	1
25128	雁门关-云梯4-敌对	30208	0	1	1
25129	雁门关-爬云梯辽兵1-敌对-无经验无掉落	30205	0	1	-1
25130	雁门关-爬云梯辽兵2-敌对-无经验无掉落	30205	0	1	-1
25131	雁门关-爬云梯辽兵3-敌对-无经验无掉落	30205	0	1	-1
25132	雁门关-爬云梯辽兵4-敌对-无经验无掉落	30205	0	1	-1
25133	雁门关-辽兵弓箭手-敌对-无经验无掉落	30206	0	1	-1
25134	雁门关-云梯1-友方	30208	0	1	1
25135	雁门关-云梯2-友方	30208	0	1	1
25136	雁门关-云梯3-友方	30208	0	1	1
25137	雁门关-云梯4-友方	30208	0	1	1
25138	雁门关-辽兵-敌对-低配优化	30205	0	1	-1
25139	雁门关-辽兵-只和玩家敌对（不会爬云梯）-低配优化	30205	0	1	-1
25140	雁门关-宋兵	30211	0	1	-1
25141	雁门关-宋兵弓箭手	30213	0	1	-1
25142	雁门关-boss召唤-铁骑队-敌对	30214	0	1	-1
25143	雁门关-boss召唤-攻城车-敌对	30209	0	1	-1
25144	雁门关-宋军将领-召唤	30210	0	1	-1
25145	雁门关-宋兵-召唤	30211	0	1	-1
25146	雁门关-BOSS-千夫长-召唤	30203	0	1	-1
25147	雁门关-宋兵弓箭手-召唤	30213	0	1	-1
25148	雁门关-到达顶端的辽军士兵	30205	0	1	1
25149	雁门关-宋军将领-第一阶段开启npc	-1	0	1	-1
25150	雁门关-宋军将领-第一阶段计数npc	-1	0	1	-1
25151	雁门关-辽兵弓箭手-外围防御npc	30218	0	1	-1
21108	江湖新秀-第1关	25001	0	1	-1
21109	江湖新秀-第2关	25002	0	1	-1
21110	江湖新秀-第2关	25003	0	1	-1
21111	江湖新秀-第3关	25004	0	1	-1
21112	江湖新秀-第3关	25005	0	1	-1
21113	江湖新秀-第4关	25006	0	1	-1
21114	江湖新秀-第5关	25007	0	1	-1
21115	江湖新秀-第6关	25008	0	1	-1
21116	江湖新秀-第6关	25009	0	1	-1
21117	江湖新秀-第6关	25010	0	1	-1
21118	江湖新秀-第7关	25011	0	1	-1
21119	江湖新秀-第8关	25012	0	1	-1
21120	江湖新秀-第8关	25013	0	1	-1
21121	江湖新秀-第9关	25014	0	1	-1
21122	江湖新秀-第9关	25015	0	1	-1
21123	江湖新秀-第9关	25016	0	1	-1
21124	江湖新秀-第9关	25017	0	1	-1
21125	江湖新秀-第10关	25018	0	1	-1
21126	江湖新秀-第11关	25019	0	1	-1
21127	江湖新秀-第12关	25020	0	1	-1
21128	江湖新秀-第12关	25021	0	1	-1
21129	江湖新秀-第13关	25022	0	1	-1
21130	江湖新秀-第13关	25023	0	1	-1
21131	江湖新秀-第13关	25024	0	1	-1
21387	江湖新秀-第14关	25025	0	1	-1
21388	江湖新秀-第14关	25026	0	1	-1
21389	江湖新秀-第14关	25027	0	1	-1
21390	江湖新秀-第15关	25028	0	1	-1
21391	江湖新秀-第15关	25029	0	1	-1
21392	江湖新秀-第16关	25030	0	1	-1
21393	江湖新秀-第16关	25031	0	1	1
21394	江湖新秀-第17关	25032	0	1	-1
21395	江湖新秀-第17关	25033	0	1	-1
21396	江湖新秀-第18关	25034	0	1	-1
21397	江湖新秀-第18关	25035	0	1	-1
21398	江湖新秀-第18关	25036	0	1	-1
21399	江湖新秀-第19关	25037	0	1	-1
21400	江湖新秀-第19关	25038	0	1	-1
21401	江湖新秀-第20关	25039	0	1	-1
21133	江湖新秀-第21关	25040	0	1	-1
21134	江湖新秀-第22关	25041	0	1	-1
21135	江湖新秀-第23关	25042	0	1	-1
21136	江湖新秀-第24关	25043	0	1	-1
21137	江湖新秀-第25关	25044	0	1	1
21138	江湖新秀-第26关	25045	0	1	-1
21139	江湖新秀-第27关	25046	0	1	-1
21140	江湖新秀-第28关	25047	0	1	-1
21141	江湖新秀-第29关	25048	0	1	-1
21142	江湖新秀-第30关	25049	0	1	-1
21143	武林侠客-第1关	25050	0	1	-1
21144	武林侠客-第2关	25051	0	1	-1
21145	武林侠客-第3关	25052	0	1	-1
21146	武林侠客-第4关	25053	0	1	-1
21147	武林侠客-第5关	25054	0	1	-1
21148	武林侠客-第6关	25055	0	1	-1
21149	武林侠客-第7关	25056	0	1	-1
21150	武林侠客-第7关	25057	0	1	-1
21151	武林侠客-第8关	25058	0	1	-1
21152	武林侠客-第9关	25059	0	1	-1
21153	武林侠客-第9关	25060	0	1	-1
21154	武林侠客-第9关	25061	0	1	-1
21155	武林侠客-第9关	25062	0	1	-1
21156	武林侠客-第10关	25063	0	1	-1
21157	武林侠客-第11关	25064	0	1	-1
21158	武林侠客-第12关	25065	0	1	-1
21159	武林侠客-第13关	25066	0	1	-1
21160	武林侠客-第14关	25067	0	1	-1
21161	武林侠客-第15关	25068	0	1	-1
21162	武林侠客-第15关	25069	0	1	-1
21163	武林侠客-第16关	25070	0	1	-1
21164	武林侠客-第17关	25071	0	1	-1
21165	武林侠客-第18关	25072	0	1	-1
21166	武林侠客-第19关	25073	0	1	-1
21167	武林侠客-第20关	25074	0	1	-1
21168	武林侠客-第20关	25075	0	1	-1
21169	武林侠客-第21关	25076	0	1	-1
21170	武林侠客-第22关	25077	0	1	-1
21171	武林侠客-第23关	25078	0	1	-1
21172	武林侠客-第24关	25079	0	1	-1
21173	武林侠客-第25关	25080	0	1	-1
21174	武林侠客-第26关	25081	0	1	-1
21175	武林侠客-第27关	25082	0	1	-1
21176	武林侠客-第28关	25083	0	1	-1
21177	武林侠客-第29关	25084	0	1	-1
21178	武林侠客-第30关	25085	0	1	-1
21179	武林侠客-第31关	25086	0	1	-1
21180	武林侠客-第32关	25087	0	1	-1
21181	武林侠客-第33关	25088	0	1	-1
21182	武林侠客-第33关	25089	0	1	-1
21183	武林侠客-第34关	25090	0	1	-1
21184	武林侠客-第34关	25091	0	1	-1
21185	武林侠客-第34关	25092	0	1	-1
21186	武林侠客-第34关	25093	0	1	-1
21187	武林侠客-第35关	25094	0	1	-1
21188	武林侠客-第36关	25095	0	1	-1
21189	武林侠客-第37关	25096	0	1	-1
21190	武林侠客-第38关	25097	0	1	-1
21191	武林侠客-第39关	25098	0	1	-1
21192	武林侠客-第40关	25099	0	1	-1
21193	武林侠客-第41关	25100	0	1	-1
21194	武林侠客-第42关	25101	0	1	-1
21195	武林侠客-第43关	25102	0	1	-1
21196	武林侠客-第44关	25103	0	1	-1
21197	武林侠客-第44关	25104	0	1	-1
21198	武林侠客-第44关	25105	0	1	-1
21199	武林侠客-第45关	25106	0	1	1
21200	武林侠客-第46关	25107	0	1	-1
21201	武林侠客-第47关	25108	0	1	-1
21202	武林侠客-第48关	25109	0	1	-1
21203	武林侠客-第49关	25110	0	1	-1
21204	武林侠客-第50关	25111	0	1	1
21205	武林侠客-第51关	25112	0	1	-1
21206	武林侠客-第52关	25113	0	1	-1
21207	武林侠客-第53关	25114	0	1	-1
21208	武林侠客-第54关	25115	0	1	-1
21209	武林侠客-第54关	25116	0	1	-1
21210	武林侠客-第54关	25117	0	1	-1
21211	武林侠客-第55关	25118	0	1	-1
21212	武林侠客-第56关	25119	0	1	-1
21213	武林侠客-第57关	25120	0	1	-1
21214	武林侠客-第58关	25121	0	1	-1
21215	武林侠客-第59关	25122	0	1	-1
21216	武林侠客-第59关	25123	0	1	-1
21217	武林侠客-第60关	25124	0	1	-1
21218	武林侠客-第61关	25125	0	1	-1
21219	武林侠客-第62关	25126	0	1	-1
21220	武林侠客-第62关	25127	0	1	-1
21221	武林侠客-第63关	25128	0	1	-1
21222	武林侠客-第64关	25129	0	1	-1
21223	武林侠客-第65关	25130	0	1	-1
21224	武林侠客-第66关	25131	0	1	-1
21225	武林侠客-第67关	25132	0	1	-1
21226	武林侠客-第68关	25133	0	1	-1
21227	武林侠客-第69关	25134	0	1	-1
21228	武林侠客-第69关	25135	0	1	1
21229	武林侠客-第70关	25136	0	1	-1
21230	武林侠客-第70关	25137	0	1	-1
21231	武林侠客-第70关	25138	0	1	-1
21232	武林侠客-第71关	25139	0	1	-1
21233	武林侠客-第72关	25140	0	1	-1
21234	武林侠客-第73关	25141	0	1	-1
21235	武林侠客-第74关	25142	0	1	-1
21236	武林侠客-第75关	25143	0	1	-1
21237	武林侠客-第76关	25144	0	1	-1
21238	武林侠客-第77关	25145	0	1	-1
21239	武林侠客-第77关	25146	0	1	-1
21240	武林侠客-第77关	25147	0	1	-1
21241	武林侠客-第78关	25148	0	1	-1
21242	武林侠客-第79关	25149	0	1	-1
21243	武林侠客-第79关	25150	0	1	-1
21244	武林侠客-第79关	25151	0	1	-1
21245	武林侠客-第80关	25152	0	1	1
21246	武林侠客-第81关	25153	0	1	-1
21247	武林侠客-第82关	25154	0	1	-1
21248	武林侠客-第83关	25155	0	1	-1
21249	武林侠客-第84关	25156	0	1	-1
21250	武林侠客-第85关	25157	0	1	-1
21251	武林侠客-第86关	25158	0	1	-1
21252	武林侠客-第87关	25159	0	1	-1
21253	武林侠客-第88关	25160	0	1	-1
21254	武林侠客-第88关	25161	0	1	-1
21255	武林侠客-第88关	25162	0	1	-1
21256	武林侠客-第89关	25163	0	1	-1
21257	武林侠客-第90关	25164	0	1	-1
21258	武林侠客-第90关	25165	0	1	-1
21259	武林侠客-第91关	25166	0	1	-1
21260	武林侠客-第92关	25167	0	1	-1
21261	武林侠客-第93关	25168	0	1	-1
21262	武林侠客-第93关	25169	0	1	-1
21263	武林侠客-第93关	25170	0	1	-1
21264	武林侠客-第94关	25171	0	1	-1
21265	武林侠客-第95关	25172	0	1	-1
21266	武林侠客-第96关	25173	0	1	-1
21267	武林侠客-第97关	25174	0	1	-1
21268	武林侠客-第98关	25175	0	1	-1
21269	武林侠客-第98关	25176	0	1	-1
21270	武林侠客-第98关	25177	0	1	-1
21271	武林侠客-第99关	25178	0	1	-1
21272	武林侠客-第99关	25179	0	1	-1
21273	武林侠客-第99关	25180	0	1	-1
21274	武林侠客-第99关	25181	0	1	-1
21275	武林侠客-第100关	25182	0	1	-1
21276	武林侠客-第101关	25183	0	1	-1
21277	武林侠客-第101关	25184	0	1	-1
21278	武林侠客-第102关	25185	0	1	-1
21279	武林侠客-第103关	25186	0	1	-1
21280	武林侠客-第104关	25187	0	1	-1
21281	武林侠客-第105关	25188	0	1	-1
21282	武林侠客-第106关	25189	0	1	-1
21283	武林侠客-第106关	25190	0	1	-1
21284	武林侠客-第106关	25191	0	1	-1
21285	武林侠客-第107关	25192	0	1	-1
21286	武林侠客-第108关	25193	0	1	-1
21287	武林侠客-第109关	25194	0	1	-1
21288	武林侠客-第110关	25195	0	1	1
21289	武林侠客-第111关	25196	0	1	-1
21290	武林侠客-第112关	25197	0	1	-1
21291	武林侠客-第112关	25198	0	1	-1
21292	武林侠客-第113关	25199	0	1	-1
21293	武林侠客-第114关	25200	0	1	-1
21294	武林侠客-第115关	25201	0	1	1
21295	武林侠客-第115关	25202	0	1	-1
21296	武林侠客-第115关	25203	0	1	-1
21297	武林侠客-第116关	25204	0	1	-1
21298	武林侠客-第116关	25205	0	1	-1
21299	武林侠客-第117关	25206	0	1	-1
21300	武林侠客-第118关	25207	0	1	-1
21301	武林侠客-第119关	25208	0	1	1
21302	武林侠客-第120关	25209	0	1	-1
21303	武林侠客-第120关	25210	0	1	-1
21304	一流大师-第1关	25211	0	1	-1
21305	一流大师-第2关	25212	0	1	-1
21306	一流大师-第2关	25213	0	1	-1
21307	一流大师-第3关	25214	0	1	-1
21308	一流大师-第4关	25215	0	1	-1
21309	一流大师-第5关	25216	0	1	-1
21310	一流大师-第6关	25217	0	1	-1
21311	一流大师-第7关	25218	0	1	-1
21312	一流大师-第8关	25219	0	1	-1
21313	一流大师-第9关	25220	0	1	-1
21314	一流大师-第9关	25221	0	1	-1
21315	一流大师-第9关	25222	0	1	-1
21316	一流大师-第10关	25223	0	1	1
21317	一流大师-第11关	25224	0	1	-1
21318	一流大师-第12关	25225	0	1	-1
21319	一流大师-第12关	25226	0	1	-1
21320	一流大师-第13关	25227	0	1	-1
21321	一流大师-第14关	25228	0	1	-1
21322	一流大师-第14关	25229	0	1	-1
21323	一流大师-第14关	25230	0	1	-1
21324	一流大师-第14关	25231	0	1	-1
21325	一流大师-第15关	25232	0	1	1
21326	一流大师-第16关	25233	0	1	-1
21327	一流大师-第17关	25234	0	1	-1
21328	一流大师-第18关	25235	0	1	-1
21329	一流大师-第19关	25236	0	1	-1
21330	一流大师-第19关	25237	0	1	-1
21331	一流大师-第19关	25238	0	1	-1
21332	一流大师-第19关	25239	0	1	-1
21333	一流大师-第20关	25240	0	1	-1
21334	一流大师-第21关	25241	0	1	-1
21335	一流大师-第22关	25242	0	1	-1
21336	一流大师-第23关	25243	0	1	-1
21337	一流大师-第24关	25244	0	1	-1
21338	一流大师-第24关	25245	0	1	-1
21339	一流大师-第24关	25246	0	1	-1
21340	一流大师-第25关	25247	0	1	1
21341	一流大师-第26关	25248	0	1	-1
21342	一流大师-第26关	25249	0	1	-1
21343	一流大师-第27关	25250	0	1	1
21344	一流大师-第28关	25251	0	1	1
21345	一流大师-第29关	25252	0	1	-1
21346	一流大师-第29关	25253	0	1	-1
21347	一流大师-第29关	25254	0	1	-1
21348	一流大师-第30关	25255	0	1	1
21349	隐世高手-第1关	25256	0	1	-1
21350	隐世高手-第2关	25257	0	1	-1
21351	隐世高手-第3关	25258	0	1	-1
21352	隐世高手-第4关	25259	0	1	-1
21353	隐世高手-第5关	25260	0	1	1
21354	隐世高手-第5关	25261	0	1	-1
21355	隐世高手-第5关	25262	0	1	-1
21356	隐世高手-第5关	25263	0	1	1
21357	隐世高手-第6关	25264	0	1	-1
21358	隐世高手-第7关	25265	0	1	-1
21359	隐世高手-第7关	25266	0	1	-1
21360	隐世高手-第7关	25267	0	1	-1
21361	隐世高手-第7关	25268	0	1	-1
21362	隐世高手-第8关	25269	0	1	-1
21363	隐世高手-第9关	25270	0	1	-1
21364	隐世高手-第10关	25271	0	1	-1
21365	隐世高手-第11关	25272	0	1	1
21366	隐世高手-第11关	25273	0	1	1
21367	隐世高手-第11关	25274	0	1	1
21368	隐世高手-第12关	25275	0	1	1
21369	隐世高手-第13关	25276	0	1	-1
21370	隐世高手-第14关	25277	0	1	-1
21371	隐世高手-第14关	25278	0	1	-1
21372	隐世高手-第14关	25279	0	1	-1
21373	隐世高手-第14关	25280	0	1	-1
21374	隐世高手-第14关	25281	0	1	-1
21375	隐世高手-第15关	25282	0	1	-1
21376	隐世高手-第15关	25283	0	1	-1
21377	隐世高手-第16关	25284	0	1	-1
21378	隐世高手-第17关	25285	0	1	1
21379	隐世高手-第18关	25286	0	1	1
21380	隐世高手-第19关	25287	0	1	1
21381	隐世高手-第20关	25288	0	1	1
21382	绝代宗师-第1关	25289	0	1	1
21383	绝代宗师-第2关	25290	0	1	1
21384	绝代宗师-第3关	25291	0	1	1
21385	绝代宗师-第4关	25292	0	1	-1
21386	绝代宗师-第5关	25293	0	1	-1
21402	新增引导关卡-第1关-地鼠门人	25294	0	1	-1
21403	新增引导关卡-第2关-泼皮	25295	0	1	-1
21404	新增引导关卡-第3关-无赖	25296	0	1	-1
21405	新增引导关卡-第4关-武士	25297	0	1	-1
21406	新增引导关卡-第5关-江湖人	25298	0	1	-1
21407	绝代宗师-第11关-四大恶人1	25275	0	1	1
21408	绝代宗师-第11关-四大恶人2	25232	0	1	1
21409	绝代宗师-第11关-四大恶人3	25208	0	1	1
21410	绝代宗师-第11关-四大恶人4	25195	0	1	1
21411	绝代宗师-第12关-剑湖宫1	25080	0	1	-1
21412	绝代宗师-第12关-剑湖宫2	25106	0	1	1
21413	绝代宗师-第12关-剑湖宫3	25044	0	1	1
21414	绝代宗师-第13关-聚贤庄1	25164	0	1	-1
21415	绝代宗师-第13关-聚贤庄2	25165	0	1	-1
21416	绝代宗师-第13关-聚贤庄3	25255	0	1	1
21417	绝代宗师-第13关-聚贤庄4	25270	0	1	-1
21418	绝代宗师-第14关-参合庄1	25285	0	1	1
21419	绝代宗师-第14关-参合庄2	25259	0	1	-1
21420	绝代宗师-第14关-参合庄3	25287	0	1	1
21421	绝代宗师-第15关-雁门关1	30203	0	1	-1
21422	绝代宗师-第15关-雁门关2	30204	0	1	-1
21423	绝代宗师-第16关-大辽金帐1	31064	2	1	-1
21424	绝代宗师-第16关-大辽金帐2	31065	2	1	-1
21425	绝代宗师-第17关-缥缈峰1	30579	0	1	-1
21426	绝代宗师-第17关-缥缈峰2	30580	0	1	1
21427	绝代宗师-第18关-一品堂1	30220	0	1	-1
21428	绝代宗师-第18关-一品堂2	30219	0	1	-1
21429	绝代宗师-第18关-一品堂3	30221	0	1	-1
21430	绝代宗师-第19关-沙海蜃楼1	14945	0	1	-1
21431	绝代宗师-第19关-沙海蜃楼2	14944	0	1	-1
21432	绝代宗师-第19关-沙海蜃楼3	14947	0	1	-1
21433	绝代宗师-第20关-西夏冰窖1	8596	0	1	-1
21434	绝代宗师-第20关-西夏冰窖2	8597	0	1	-1
21435	绝代宗师-第20关-西夏冰窖3	8598	0	1	-1
21500	江湖新秀-第1关	25501	0	1	-1
21501	江湖新秀-第2关	25502	0	1	-1
21502	江湖新秀-第3关	25503	0	1	-1
21503	江湖新秀-第4关	25504	0	1	-1
21504	江湖新秀-第5关	25505	0	1	-1
21505	江湖新秀-第6关	25506	0	1	-1
21506	江湖新秀-第7关	25507	0	1	-1
21507	江湖新秀-第8关	25508	0	1	-1
21508	江湖新秀-第9关	25509	0	1	-1
21509	江湖新秀-第10关	25510	0	1	-1
21510	江湖新秀-第11关	25511	0	1	-1
21511	江湖新秀-第12关	25512	0	1	-1
21512	江湖新秀-第13关	25513	0	1	-1
21513	江湖新秀-第14关	25514	0	1	-1
21514	江湖新秀-第15关	25515	0	1	-1
21515	江湖新秀-第16关	25516	0	1	-1
21516	江湖新秀-第17关	25517	0	1	-1
21517	江湖新秀-第18关	25518	0	1	-1
21518	江湖新秀-第19关	25519	0	1	-1
21519	江湖新秀-第20关	25520	0	1	-1
21521	江湖新秀-第21关	25521	0	1	-1
21522	江湖新秀-第22关	25522	0	1	-1
21523	江湖新秀-第23关	25523	0	1	-1
21524	江湖新秀-第24关	25524	0	1	-1
21525	江湖新秀-第25关	25525	0	1	-1
21526	江湖新秀-第26关	25526	0	1	-1
21527	江湖新秀-第27关	25527	0	1	1
21528	江湖新秀-第28关	25528	0	1	-1
21529	江湖新秀-第29关	25529	0	1	-1
21530	江湖新秀-第30关	25530	0	1	-1
21531	武林侠客-第1关	25531	0	1	-1
21532	武林侠客-第2关	25532	0	1	-1
21533	武林侠客-第3关	25533	0	1	-1
21534	武林侠客-第4关	25534	0	1	-1
21535	武林侠客-第5关	25535	0	1	-1
21536	武林侠客-第6关	25536	0	1	-1
21537	武林侠客-第7关	25537	0	1	-1
21538	武林侠客-第8关	25538	0	1	-1
21539	武林侠客-第9关	25539	0	1	-1
21540	武林侠客-第10关	25540	0	1	-1
21541	武林侠客-第11关	25541	0	1	-1
21542	武林侠客-第12关	25542	0	1	-1
21543	武林侠客-第13关	25543	0	1	-1
21544	武林侠客-第14关	25544	0	1	-1
21545	武林侠客-第15关	25545	0	1	-1
21546	武林侠客-第16关	25546	0	1	-1
21547	武林侠客-第17关	25547	0	1	-1
21548	武林侠客-第18关	25548	0	1	-1
21549	武林侠客-第19关	25549	0	1	-1
21550	武林侠客-第20关	25550	0	1	-1
21551	武林侠客-第21关	25551	0	1	-1
21552	武林侠客-第22关	25552	0	1	-1
21553	武林侠客-第23关	25553	0	1	-1
21554	武林侠客-第24关	25554	0	1	-1
21555	武林侠客-第25关	25555	0	1	-1
21556	武林侠客-第26关	25556	0	1	-1
21557	武林侠客-第27关	25557	0	1	-1
21558	武林侠客-第28关	25558	0	1	-1
21559	武林侠客-第29关	25559	0	1	-1
21560	武林侠客-第30关	25560	0	1	-1
21561	武林侠客-第31关	25561	0	1	-1
21562	武林侠客-第32关	25562	0	1	-1
21563	武林侠客-第33关	25563	0	1	-1
21564	武林侠客-第34关	25564	0	1	-1
21565	武林侠客-第35关	25565	0	1	-1
21566	武林侠客-第36关	25566	0	1	-1
21567	武林侠客-第37关	25567	0	1	-1
21568	武林侠客-第38关	25568	0	1	-1
21569	武林侠客-第39关	25569	0	1	-1
21570	武林侠客-第40关	25570	0	1	-1
21571	武林侠客-第41关	25571	0	1	-1
21572	武林侠客-第42关	25572	0	1	-1
21573	武林侠客-第43关	25573	0	1	-1
21574	武林侠客-第44关	25574	0	1	-1
21575	武林侠客-第45关	25575	0	1	1
21576	武林侠客-第46关	25576	0	1	-1
21577	武林侠客-第47关	25577	0	1	-1
21578	武林侠客-第48关	25578	0	1	-1
21579	武林侠客-第49关	25579	0	1	-1
21580	武林侠客-第50关	25580	0	1	1
21581	武林侠客-第51关	25581	0	1	-1
21582	武林侠客-第52关	25582	0	1	-1
21583	武林侠客-第53关	25583	0	1	-1
21584	武林侠客-第55关	25584	0	1	-1
21585	武林侠客-第56关	25585	0	1	-1
21586	武林侠客-第57关	25586	0	1	-1
21587	武林侠客-第58关	25587	0	1	-1
21588	武林侠客-第59关	25588	0	1	-1
21589	武林侠客-第60关	25589	0	1	-1
21590	武林侠客-第61关	25590	0	1	-1
21591	武林侠客-第62关	25591	0	1	-1
21592	武林侠客-第63关	25592	0	1	-1
21593	武林侠客-第64关	25593	0	1	-1
21594	武林侠客-第65关	25594	0	1	-1
21595	武林侠客-第66关	25595	0	1	-1
21596	武林侠客-第67关	25596	0	1	-1
21597	武林侠客-第68关	25597	0	1	-1
21598	武林侠客-第69关	25598	0	1	-1
21599	武林侠客-第70关	25599	0	1	-1
21600	武林侠客-第71关	25600	0	1	-1
21601	武林侠客-第72关	25601	0	1	-1
21602	武林侠客-第73关	25602	0	1	-1
21603	武林侠客-第74关	25603	0	1	-1
21604	武林侠客-第75关	25604	0	1	-1
21605	武林侠客-第76关	25605	0	1	-1
21606	武林侠客-第77关	25606	0	1	-1
21607	武林侠客-第78关	25607	0	1	-1
21608	武林侠客-第79关	25608	0	1	-1
21609	武林侠客-第80关	25609	0	1	1
21610	武林侠客-第81关	25610	0	1	-1
21611	武林侠客-第82关	25611	0	1	-1
21612	武林侠客-第83关	25612	0	1	-1
21613	武林侠客-第84关	25613	0	1	-1
21614	武林侠客-第85关	25614	0	1	-1
21615	武林侠客-第86关	25615	0	1	-1
21616	武林侠客-第87关	25616	0	1	-1
21617	武林侠客-第88关	25617	0	1	-1
21618	武林侠客-第89关	25618	0	1	-1
21619	武林侠客-第90关	25619	0	1	-1
21620	武林侠客-第91关	25620	0	1	-1
21621	武林侠客-第92关	25621	0	1	-1
21622	武林侠客-第93关	25622	0	1	-1
21623	武林侠客-第94关	25623	0	1	-1
21624	武林侠客-第95关	25624	0	1	-1
21625	武林侠客-第96关	25625	0	1	-1
21626	武林侠客-第97关	25626	0	1	-1
21627	武林侠客-第98关	25627	0	1	-1
21628	武林侠客-第99关	25628	0	1	-1
21629	武林侠客-第100关	25629	0	1	-1
21630	武林侠客-第101关	25630	0	1	-1
21631	武林侠客-第102关	25631	0	1	-1
21632	武林侠客-第103关	25632	0	1	-1
21633	武林侠客-第104关	25633	0	1	-1
21634	武林侠客-第105关	25634	0	1	-1
21635	武林侠客-第106关	25635	0	1	-1
21636	武林侠客-第107关	25636	0	1	-1
21637	武林侠客-第108关	25637	0	1	-1
21638	武林侠客-第109关	25638	0	1	-1
21639	武林侠客-第110关	25639	0	1	1
21640	武林侠客-第111关	25640	0	1	-1
21641	武林侠客-第112关	25641	0	1	-1
21642	武林侠客-第113关	25642	0	1	-1
21643	武林侠客-第114关	25643	0	1	-1
21644	武林侠客-第115关	25644	0	1	1
21645	武林侠客-第116关	25645	0	1	-1
21646	武林侠客-第117关	25646	0	1	-1
21647	武林侠客-第118关	25647	0	1	-1
21648	武林侠客-第119关	25648	0	1	1
21649	武林侠客-第120关	25649	0	1	-1
21650	一流大师-第1关	25650	0	1	-1
21651	一流大师-第2关	25651	0	1	-1
21652	一流大师-第3关	25652	0	1	-1
21653	一流大师-第4关	25653	0	1	-1
21654	一流大师-第5关	25654	0	1	-1
21655	一流大师-第6关	25655	0	1	-1
21656	一流大师-第7关	25656	0	1	-1
21657	一流大师-第8关	25657	0	1	-1
21658	一流大师-第9关	25658	0	1	-1
21659	一流大师-第10关	25659	0	1	-1
21660	一流大师-第11关	25660	0	1	-1
21661	一流大师-第12关	25661	0	1	-1
21662	一流大师-第13关	25662	0	1	-1
21663	一流大师-第14关	25663	0	1	-1
21664	一流大师-第15关	25664	0	1	1
21665	一流大师-第16关	25665	0	1	-1
21666	一流大师-第17关	25666	0	1	-1
21667	一流大师-第18关	25667	0	1	-1
21668	一流大师-第19关	25668	0	1	-1
21669	一流大师-第20关	25669	0	1	-1
21670	一流大师-第21关	25670	0	1	-1
21671	一流大师-第22关	25671	0	1	-1
21672	一流大师-第23关	25672	0	1	-1
21673	一流大师-第24关	25673	0	1	-1
21674	一流大师-第25关	25674	0	1	-1
21675	一流大师-第26关	25675	0	1	-1
21676	一流大师-第27关	25676	0	1	1
21677	一流大师-第28关	25677	0	1	1
21678	一流大师-第29关	25678	0	1	-1
21679	一流大师-第30关	25679	0	1	1
21680	隐世高手-第1关	25680	0	1	-1
21681	隐世高手-第2关	25681	0	1	-1
21682	隐世高手-第3关	25682	0	1	-1
21683	隐世高手-第4关	25683	0	1	-1
21684	隐世高手-第5关	25684	0	1	1
21685	隐世高手-第6关	25685	0	1	-1
21686	隐世高手-第7关	25686	0	1	-1
21687	隐世高手-第8关	25687	0	1	-1
21688	隐世高手-第9关	25688	0	1	-1
21689	隐世高手-第10关	25689	0	1	-1
21690	隐世高手-第11关	25690	0	1	1
21691	隐世高手-第12关	25691	0	1	1
21692	隐世高手-第13关	25692	0	1	-1
21693	隐世高手-第14关	25693	0	1	-1
21694	隐世高手-第15关	25694	0	1	-1
21695	隐世高手-第16关	25695	0	1	-1
21696	隐世高手-第17关	25696	0	1	1
21697	隐世高手-第18关	25697	0	1	1
21698	隐世高手-第19关	25698	0	1	1
21699	隐世高手-第20关	25699	0	1	1
21700	绝代宗师-第1关	25700	0	1	1
21701	绝代宗师-第2关	25701	0	1	1
21702	绝代宗师-第3关	25702	0	1	1
21703	绝代宗师-第4关	25703	0	1	-1
21704	绝代宗师-第5关	25704	0	1	-1
21705	新增引导关卡-第1关-地鼠门人	25705	0	1	-1
21706	新增引导关卡-第2关-泼皮	25706	0	1	-1
21707	新增引导关卡-第3关-无赖	25707	0	1	-1
21708	新增引导关卡-第4关-武士	25708	0	1	-1
21709	新增引导关卡-第5关-江湖人	25709	0	1	-1
21710	绝代宗师-第11关-入口	14537	0	1	-1
21711	绝代宗师-第12关-入口	1013	0	1	-1
21712	绝代宗师-第13关-入口	8572	0	1	-1
21713	绝代宗师-第14关-入口	114	0	1	-1
21714	绝代宗师-第15关-入口	237	0	1	1
21715	绝代宗师-第16关-入口	31065	0	1	-1
21716	绝代宗师-第17关-入口	304	0	1	-1
21717	绝代宗师-第18关-入口	187	0	1	-1
21718	绝代宗师-第19关-入口	30507	0	1	-1
21719	绝代宗师-第20关-入口	30523	0	1	-1
21720	江湖侠影-第1关-难度1	16651	0	1	-1
21721	江湖侠影-第1关-难度2	16651	0	1	-1
21722	江湖侠影-第1关-难度3	16651	0	1	-1
21723	江湖侠影-第2关-难度1	16652	0	1	-1
21724	江湖侠影-第2关-难度2	16652	0	1	-1
21725	江湖侠影-第2关-难度3	16652	0	1	-1
21726	江湖侠影-第3关-难度1	16653	0	1	-1
21727	江湖侠影-第3关-难度2	16653	0	1	-1
21728	江湖侠影-第3关-难度3	16653	0	1	-1
21729	江湖侠影-第4关-难度1	16654	0	1	-1
21730	江湖侠影-第4关-难度2	16654	0	1	-1
21731	江湖侠影-第4关-难度3	16654	0	1	-1
21732	江湖侠影-第5关-难度1-首领	16655	0	1	-1
21733	江湖侠影-第5关-难度2-首领	16655	0	1	-1
21734	江湖侠影-第5关-难度3-首领	16655	0	1	-1
21735	绝代宗师-第5关-难度1-挡线小怪	16656	0	1	-1
21736	绝代宗师-第5关-难度2-挡线小怪	16656	0	1	-1
21737	绝代宗师-第5关-难度3-挡线小怪	16656	0	1	-1
21738	绝代宗师-第5关-通用-永冬寒冰	16663	0	1	-1
21739	江湖侠影-第1关-蛊毒之壶	-1	0	1	-1
21740	江湖侠影-第4关-难度1-召唤蛟龙	16662	0	1	-1
21741	江湖侠影-第4关-难度2-召唤蛟龙	16662	0	1	-1
21742	江湖侠影-第4关-难度3-召唤蛟龙	16662	0	1	-1
21999	天龙寺僧-商阳剑	11300	0	1	-1
30001	demo-草丛	10002	0	1	1
30002	demo-衣柜	10000	0	1	-1
30003	demo-少林僧	14687	0	1	-1
30004	demo-女贼	10024	0	1	-1
30005	demo-慕容博	10005	0	1	1
30006	demo-萧远山	10006	0	1	1
30007	demo-扫地僧	10008	0	1	-1
30008	新手demo-寻找藏书-书1（错）	10003	0	1	-1
30009	新手demo-寻找藏书-书2（错）	10003	0	1	-1
30010	新手demo-寻找藏书-书3（错）	10003	0	1	-1
30011	新手demo-寻找藏书-书4（对）	10003	0	1	-1
30012	demo-光圈	10001	0	1	-1
30013	demo-少林僧交谈1	10004	0	1	-1
30014	demo-少林僧交谈2	10004	0	1	-1
30015	demo-阻挡NPC	23	0	1	-1
30016	demo-船	10009	0	1	-1
30017	demo-缘根	10004	0	1	-1
30018	demo-栏杆	10010	0	1	1
30019	demo-箭头	10011	0	1	-1
30020	demo-大门	10012	0	1	1
30021	demo-少林僧-测试	10004	0	1	-1
30022	demo-女贼-测试	10007	0	1	-1
30023	demo-慕容博-测试	10005	0	1	1
30024	demo-萧远山-测试	10006	0	1	1
30025	新序章-山贼（友好）	10013	0	1	-1
30026	新序章-山贼小队长（友好转战斗）	10014	0	1	-1
30027	新序章-探路山贼（友好）	10021	0	1	-1
30028	新序章-霍洞主	10016	0	1	-1
30029	新序章-虚竹	10017	0	1	1
30030	新序章-守卫僧(布景）	10018	0	1	-1
30031	新序章-阵眼铜人	10019	0	1	-1
30032	新序章-战斗铜人	10020	0	1	-1
30033	新序章-倒地僧人3型	10021	0	1	-1
30034	新序章-倒地僧人4型	10022	0	1	-1
30035	新序章-山贼（战斗）	10023	0	1	-1
30036	大钟专用	30654	0	1	-1
30037	新序章-山贼（布景）	10025	0	1	-1
30038	新序章-大钟	10026	0	1	1
30039	新序章-大钟残骸	10027	0	1	1
30040	新序章-铜人分身	10065	0	1	-1
30041	无量大鹰	126	0	1	-1
30042	傅思归	204	0	1	-1
30043	朱丹臣	208	0	1	-1
30044	秦红棉	160	0	1	-1
30045	刀白凤	209	0	1	-1
30046	甘宝宝	151	0	1	-1
30047	万劫谷家丁	199	0	1	-1
30048	巨蟒	162	0	1	-1
30049	无量山猴	163	0	1	-1
30050	拷问室严妈妈	171	0	1	-1
30051	王家执法花匠老妇	173	0	1	-1
30052	王家武装家丁	125	0	1	-1
30053	青城派弟子（暗器）	118	0	1	-1
30054	无锡城市泼皮	193	0	1	-1
30055	无锡郊野七步蛇	174	0	1	-1
30056	无锡郊野毒蜂	175	0	1	-1
30057	BOSS莽牯朱蛤	164	0	1	1
30058	BOSS【雪】（女贼）	170	0	1	1
30059	BOSS将军俑	185	0	1	1
30060	demo-箭头树上	10070	0	1	-1
30061	demo-山贼秦家寨（友好）	119	0	1	-1
30062	demo-山贼爪（友好）	111	0	1	-1
30063	demo-山贼刀（友好）	179	0	1	-1
30064	demo-山贼秦家寨（布景）	119	0	1	-1
30065	demo-山贼爪（布景）	111	0	1	-1
30066	demo-山贼刀（布景）	179	0	1	-1
30067	demo-铜人阵	279	0	1	-1
30068	demo-少林僧（守卫）	10004	0	1	-1
30069	新手demo指引读书圈	292	0	1	-1
30070	新手demo开始竹子-主角站	293	0	1	-1
30071	新手demo开始竹子-女贼站	294	0	1	-1
30100	新手-铜人1	10264	0	1	1
30101	新手-铜人2	10264	0	1	1
30102	新手-铜人3	10264	0	1	1
30103	新手-阵眼铜人	10263	0	1	-1
30104	新手-女飞贼	10007	0	1	-1
30105	新序章-虚竹	10017	0	1	1
30106	新序章-小沙弥	127	0	1	-1
30107	新手-铜人4	10264	0	1	1
30108	新手-铜人5	10264	0	1	1
30109	新手-铜人6	10264	0	1	1
30110	新手-铜人7	10264	0	1	1
30111	新手-铜人8	10264	0	1	1
30112	新手-空npc	161	0	1	-1
30113	第一章-大理门口告示牌	311	0	1	1
30114	第一章-大理门口排队入城百姓-婢女	195	0	1	-1
30115	第一章-大理门口排队入城百姓-丫鬟	196	0	1	-1
30116	第一章-大理门口排队入城百姓-道士	197	0	1	-1
30117	第一章-大理门口排队入城百姓-村落长老	242	0	1	-1
30118	第一章-大理门口排队入城百姓-青年农夫	268	0	1	-1
30119	第一章-大理门口排队入城百姓-青年农妇	269	0	1	-1
30120	第一章-大理门口排队入城百姓-男性	153	0	1	-1
30121	第一章-大理门口排队入城百姓-青年女	143	0	1	-1
30122	第一章-王府前往四大恶人氛围	233	0	1	-1
30123	第一章-王府前往四大恶人氛围	233	0	1	-1
30124	第一章-王府前往四大恶人氛围	233	0	1	-1
30125	第一章-王府前往四大恶人氛围	233	0	1	-1
30126	主角乔峰等喝酒专用碗	11206	0	1	-1
30127	李秋水玉洞	16009	0	1	-1
30128	无崖子玉洞	16010	0	1	-1
30129	琅嬛玉洞石门	315	0	1	1
30130	大理气氛NPC苏星河	238	0	1	-1
30131	重楼笔记-洛阳群众-进副本	14516	0	1	-1
30132	重楼笔记-摘星子-表演	11135	0	1	-1
30133	重楼笔记-摘星子-敌人	11135	0	1	-1
30134	重楼笔记-丐帮弟子-表演	8653	0	1	-1
30135	重楼笔记-乔峰-表演	8650	0	1	1
30136	棋盘上棋谱玉洞	16008	0	1	-1
30137	玉床梳妆盒玉洞	16007	0	1	-1
30138	李秋水玉洞声音id	138	0	1	-1
30139	无崖子玉洞声音id	314	0	1	-1
30140	雪师姐	30619	0	1	1
30141	木婉清助战	205	0	1	-1
30142	段誉助战	30630	0	1	1
30143	段正明【皇宫常驻】	30616	0	1	-1
30144	段正淳(行侠仗义)【镇南王府常驻】	30614	0	1	1
30145	巴天石【澜沧岸边常驻】-行侠仗义	102	0	1	-1
30146	洛阳气氛NPC大理士兵1	104	0	1	-1
30147	民夫【护送】	153	0	1	-1
30148	灵鹫宫弟子【灵鹫宫使节】	152	0	1	-1
30149	天龙寺修行武僧	122	0	1	-1
30154	新手-少林武僧1	327	0	1	-1
30155	新手-少林武僧2	327	0	1	-1
30156	新手-女飞贼2	10007	0	1	-1
30157	段誉助战	30630	0	1	1
30158	洛阳6V6告示牌	311	0	1	1
30301	灵鹫宫弟子【灵鹫宫使节】	30607	0	1	-1
30302	无量剑西宫弟子	30608	0	1	-1
30303	神农帮锄头弟子	30609	0	1	-1
30304	万劫谷护送-蛇	13100	0	1	-1
30305	万劫谷护送-毒蜂	13101	0	1	-1
30306	空NPC	161	0	1	-1
30307	柴柴9	7026	0	1	-1
30308	兔子9	7058	0	1	-1
30309	狸奴9	7050	0	1	-1
30310	鹦鹉9	7066	0	1	-1
30401	螳螂9	7082	0	1	-1
30402	白猿9	7011	0	1	-1
30403	小猪9	7090	0	1	-1
30404	demo-萧远山-袈裟伏魔功-区域	-1	0	1	-1
30405	demo-萧远山-aoe着火点	-1	0	1	-1
30406	demo-萧远山-交互npc	-1	0	1	-1
30407	demo-策划自测用-萧远山	10006	0	1	1
30408	demo-策划自测用-大佛	30561	0	1	-1
30409	demo-萧远山-二阶段机关书籍1	30562	0	1	-1
30410	demo-萧远山-二阶段机关佛字1	30563	0	1	-1
30411	demo-萧远山-二阶段机关佛字2	30563	0	1	-1
30412	demo-萧远山-二阶段机关佛字3	30563	0	1	-1
30413	demo-萧远山-二阶段开书记录npc	-1	0	1	-1
30414	demo-萧远山-书架1	30564	0	1	1
30415	demo-萧远山-损坏书架1	30565	0	1	1
30416	demo-萧远山-书架2	30566	0	1	1
30417	demo-萧远山-损坏书架2	30567	0	1	1
30311	侍从1	14528	0	1	-1
30312	侍从2	239	0	1	-1
30313	侍从3	239	0	1	-1
30314	侍从4	14528	0	1	-1
30315	侍从5	14595	0	1	-1
30316	侍从6	14595	0	1	-1
30317	侍从7	14528	0	1	-1
30318	管家	11030	0	1	-1
30319	园丁	239	0	1	-1
30320	侍女1	14574	0	1	-1
30321	侍女2	14574	0	1	-1
30322	侍女3	269	0	1	-1
30323	路人1	269	0	1	-1
30324	路人2	14528	0	1	-1
30325	路人3	240	0	1	-1
30326	路人4	14528	0	1	-1
30327	路人5	14535	0	1	-1
30328	路人6	179	0	1	-1
30329	曼陀山庄仆人1	14528	0	1	-1
30330	曼陀山庄仆人2	239	0	1	-1
30331	曼陀山庄仆人3	239	0	1	-1
30332	曼陀山庄仆人4	239	0	1	-1
30333	花匠	239	0	1	-1
30334	仆人1	14595	0	1	-1
30335	仆人2	14595	0	1	-1
30336	仆人3	14595	0	1	-1
30337	仆人4	14528	0	1	-1
30338	少爷	14528	0	1	-1
30339	侍女	269	0	1	-1
30340	奶妈	173	0	1	-1
30341	读书人	14528	0	1	-1
30342	管家	14528	0	1	-1
30343	乞丐	263	0	1	-1
30344	猎手	256	0	1	-1
31000	师命难违-师父（对话）	10100	0	1	1
31001	码头问路-码头船夫（对话）	10101	0	1	-1
31002	百姓疲弊-受欺货郎（对话）	268	0	1	-1
31003	德高望重等-私塾先生（对话）	10103	0	1	-1
31004	王家长老等-王家长老（对话）	242	0	1	-1
31005	青城弟子-诸保昆（对话/演员）	30610	0	1	-1
31006	欺行霸市者1（演员）	10106	0	1	-1
31007	欺行霸市者2（演员）	10106	0	1	-1
31008	欺行霸市者3（演员）	10106	0	1	-1
31009	秦家寨匪徒1（演员）	10109	0	1	-1
31010	秦家寨匪徒2（演员）	10109	0	1	-1
31011	秦家寨匪徒3（演员）	10109	0	1	-1
31012	欺行霸市者1（怪物）	10106	0	1	-1
31013	欺行霸市者2（怪物）	10106	0	1	-1
31014	欺行霸市者3（怪物）	10106	0	1	-1
31015	秦家寨匪徒1（怪物）	10109	0	1	-1
31016	秦家寨匪徒2（怪物）	10109	0	1	-1
31017	秦家寨匪徒3（怪物）	10109	0	1	-1
31018	诸保昆（怪物）	30610	0	1	-1
31019	王家管家	10119	0	1	-1
31020	酒馆老板	10120	0	1	-1
31021	秦家寨闹事匪徒1（对话/演员）	10121	0	1	-1
31022	秦家寨闹事匪徒2（演员）	10121	0	1	-1
31023	秦家寨闹事匪徒3（演员）	10121	0	1	-1
31024	本地泼皮闲汉1（对话/演员）	10124	0	1	-1
31025	本地泼皮闲汉2（演员）	10124	0	1	-1
31026	本地泼皮闲汉3（演员）	10124	0	1	-1
31027	秦家寨接头匪徒1（对话/演员）	10127	0	1	-1
31028	秦家寨接头匪徒2（演员）	10127	0	1	-1
31029	秦家寨接头匪徒3（演员）	10127	0	1	-1
31030	货郎	268	0	1	-1
31031	秦家寨守卫匪徒1（对话/演员）	10131	0	1	-1
31032	秦家寨守卫匪徒2（演员）	10131	0	1	-1
31033	秦家寨守卫匪徒3（演员）	10131	0	1	-1
31034	哭泣小男孩	10134	0	1	-1
31035	拿玩具的小孩	10135	0	1	-1
31036	青年秦家寨匪徒（初见）	10136	0	1	-1
31037	青年秦家寨匪徒（再见）	10136	0	1	-1
31038	青年秦家寨匪徒（约见）	10136	0	1	-1
31039	二毛娘	10139	0	1	-1
31040	私塾先生	10103	0	1	-1
31041	二毛（对话）	10141	0	1	-1
31042	二毛（护送用助战NPC）	10141	0	1	-1
31043	秦家寨闹事匪徒1（怪物）	10121	0	1	-1
31044	秦家寨闹事匪徒2（怪物）	10121	0	1	-1
31045	秦家寨闹事匪徒3（怪物）	10121	0	1	-1
31046	本地泼皮闲汉1（怪物）	10124	0	1	-1
31047	本地泼皮闲汉2（怪物）	10124	0	1	-1
31048	本地泼皮闲汉3（怪物）	10124	0	1	-1
31049	秦家寨接头匪徒1	10127	0	1	-1
31050	秦家寨接头匪徒2	10127	0	1	-1
31051	秦家寨接头匪徒3	10127	0	1	-1
31052	秦家寨守卫匪徒1	10131	0	1	-1
31053	秦家寨守卫匪徒2	10131	0	1	-1
31054	秦家寨守卫匪徒3	10131	0	1	-1
31055	青年秦家寨匪徒（初见）	10136	0	1	-1
31056	青年秦家寨匪徒（再见）	10136	0	1	-1
31057	王长老（戏园）	242	0	1	-1
31058	秦家寨人质看守队长（演员/对话）	10158	0	1	-1
31059	琴家寨二当家（对话/演员）	10159	0	1	-1
31060	秦家寨二当家侍卫（演员）	10160	0	1	-1
31061	人质	10161	0	1	-1
31062	诸保昆（桥头）	30610	0	1	-1
31063	秦家寨高级头领侍卫（对话/演员）	10163	0	1	-1
31064	秦家寨三当家（对话/演员）	10164	0	1	-1
31065	秦家寨四当家（演员）	10165	0	1	-1
31066	秦家寨寨主姚伯当（对话/演员）	10166	0	1	-1
31067	诸保昆（寨中）	30610	0	1	-1
31068	诸保昆（寨口）	30610	0	1	-1
31069	秦家寨寨主姚伯当（王家）	10166	0	1	-1
31070	王家长老（后院）	242	0	1	-1
31071	情报家丁	10171	0	1	-1
31072	江南村民	10172	0	1	-1
31073	埋伏的灵鹫宫人（对话/演员）	10173	0	1	-1
31074	雪（姑苏野外）	116	0	1	-1
31075	秦家寨人质看守队长（怪物）	10158	0	1	-1
31076	秦家寨人质看守（怪物）	10176	0	1	-1
31077	秦家寨二当家（怪物）	10159	0	1	-1
31078	秦家寨二当家侍卫（怪物）	10160	0	1	-1
31079	秦家寨冲桥土匪（怪物）	10179	0	1	-1
31080	秦家寨高级头领侍卫（怪物）	10163	0	1	-1
31081	秦家寨高级侍卫（怪物）	10181	0	1	-1
31082	秦家寨三当家（怪物）	10164	0	1	-1
31083	秦家寨四当家（怪物）	10165	0	1	-1
31084	秦家寨寨主姚伯当（怪物）	10166	0	1	-1
31085	埋伏的灵鹫宫人（怪物）	10173	0	1	-1
31086	鸠摩智（渡口）	10186	0	1	1
31087	段誉（渡口）	10187	0	1	1
31088	阿碧（船上）	10188	0	1	-1
31089	阿碧（琴韵码头）	10188	0	1	-1
31090	阿碧（厨房）	10188	0	1	-1
31091	阿朱（隐蔽处）	10191	0	1	-1
31092	柜子（闺房）	10192	0	1	-1
31093	鸠摩智（会客厅）	10186	0	1	1
31094	阿碧（会客厅）	10188	0	1	-1
31095	阿朱（会客厅）	10191	0	1	-1
31096	段誉（会客厅）	10187	0	1	1
31097	鸠摩智（凉亭）	10186	0	1	1
31098	阿朱（凉亭）	10191	0	1	-1
31099	阿碧（凉亭）	10188	0	1	-1
31100	段誉（凉亭）	10187	0	1	1
31101	老仆（琴韵渡口）	10201	0	1	-1
31102	鸠摩智（ 小岛岸上）	10186	0	1	1
31103	盲婆婆	171	0	1	-1
31104	鸠摩智（参合庄）	10186	0	1	1
31105	盲婆婆（庄口）	171	0	1	-1
31106	慕容家丁3人（庄口）	10206	0	1	-1
31107	王夫人（庄口）	10207	0	1	-1
31108	王夫人（船上）	10207	0	1	-1
31109	王夫人（曼陀岸上）	10207	0	1	-1
31110	侍女（曼陀岸上）	10210	0	1	-1
31111	段誉（云锦楼）	10187	0	1	1
31112	王夫人（云锦楼）	10207	0	1	-1
31113	段誉（花圃）	10187	0	1	1
31114	因段姓受害者	10214	0	1	-1
31115	因出墙受害者	10215	0	1	-1
31116	段誉（竹林）	10187	0	1	1
31117	王语嫣（竹林）	10217	0	1	-1
31118	侍女（竹林）	10218	0	1	-1
31119	王语嫣（起居室）	10217	0	1	-1
31120	王夫人（起居室）	10207	0	1	-1
31121	贼人（玉洞旁）	10221	0	1	1
31122	段誉（竹林之外）	10187	0	1	1
31123	王语嫣（花肥房）	10217	0	1	-1
31124	严妈妈	10224	0	1	-1
31125	段誉（花肥房）	10187	0	1	1
31126	阿朱（花肥房）	10191	0	1	-1
31127	阿碧（花肥房）	10188	0	1	-1
31128	王语嫣（曼陀码头）	10217	0	1	-1
31129	段誉（曼陀码头）	10187	0	1	1
31130	阿朱（曼陀码头）	10191	0	1	-1
31131	阿碧（曼陀码头）	10188	0	1	-1
31132	王语嫣（水榭岸边）	10217	0	1	-1
31133	段誉（水榭岸边）	10187	0	1	1
31134	阿朱（水榭岸边）	10191	0	1	-1
31135	阿碧（水榭岸边）	10188	0	1	-1
31136	厨子老顾（厨房）	10236	0	1	-1
31137	阿朱（厨房）	10191	0	1	-1
31138	王语嫣（水榭大厅）	10217	0	1	-1
31139	段誉（水榭大厅）	10187	0	1	1
31140	阿朱（水榭大厅）	10191	0	1	-1
31141	阿碧（水榭大厅）	10188	0	1	-1
31142	诸保昆（水榭大厅）	30610	0	1	-1
31143	姚伯当（水榭大厅）	10166	0	1	-1
31144	包不同（水榭大厅）	10244	0	1	-1
31145	鸠摩智-果断出手	10186	0	1	1
31146	鸠摩智-不识抬举	10186	0	1	1
31147	鸠摩智-断后御敌	10186	0	1	1
31148	鸠摩智-义愤出手	10186	0	1	1
31149	慕容家丁3人-寡不敌众	10206	0	1	-1
31150	贼人-秘籍窃贼	10221	0	1	1
31151	严妈妈-假传命令	10224	0	1	-1
31152	秦家寨主姚伯当-对决	10166	0	1	-1
31153	青城高徒诸保昆-各个击破	30610	0	1	-1
31154	慕容家丁3人-寡不敌众	10206	0	1	-1
31155	慕容家丁3人-寡不敌众	10206	0	1	-1
31156	曼陀山庄家丁（活埋处）-段氏之祸	10256	0	1	-1
31157	曼陀山庄家丁（囚禁处）_出墙之过	10256	0	1	-1
31158	曼陀山庄家丁（码头路）-冲向码头	10256	0	1	-1
31159	醉鬼秦家寨匪徒-粗鲁醉客	10259	0	1	-1
31160	二毛娘（演员）	10139	0	1	-1
31161	秦家寨弟子	10109	0	1	-1
31162	包不同（水榭大厅）	10244	0	1	-1
31163	盲婆婆	171	0	1	-1
31164	慕容家丁3人-寡不敌众	10206	0	1	-1
31165	老仆（琴韵渡口）	10201	0	1	-1
31166	慕容管家	14567	0	1	-1
31167	洛阳气氛NPC江湖人A1	198	0	1	-1
31168	码头问路-码头船夫（对话）	10101	0	1	-1
31169	丫鬟【第一章改】	11096	0	1	-1
31170	老人【第一章改】	11107	0	1	-1
31171	小孩【第一章改】	11034	0	1	-1
31172	王语嫣	10217	0	1	-1
31173	段誉	10187	0	1	1
31174	盲婆婆【还施水阁】	171	0	1	-1
31175	鸠摩智【还施水阁】	10186	0	1	1
31176	段誉（水榭岸边）	10187	0	1	1
31177	阿朱（水榭岸边）	10191	0	1	-1
31178	阿碧（水榭岸边）	10188	0	1	-1
31179	西夏女	258	0	1	-1
31180	货郎	268	0	1	-1
31200	【常驻】居民区-竹林五步蛇	174	50	1	-1
31201	【常驻】小镜湖-竹林五步蛇A	174	50	1	-1
31202	【常驻】小镜湖-竹林五步蛇B	174	50	1	-1
31203	【常驻】琴韵小筑-竹林五步蛇	174	50	1	-1
31204	【常驻】江南野外-江南蝮蛇	174	50	1	-1
31205	【常驻】小镜湖-江南蝎子	31005	50	1	-1
31206	【常驻】王家大宅-江南蝎子	14540	50	1	-1
31207	【常驻】江南野外-江南蝎子	14540	50	1	-1
31208	【常驻】听香水榭-小岛灵猴	163	50	1	-1
31209	【常驻】小镜湖-花园马蜂A	175	50	1	-1
31210	【常驻】小镜湖-花园马蜂B	175	50	1	-1
31211	【常驻】曼陀山庄-王家花肥房主人	10203	50	1	-1
31212	【常驻】曼陀山庄-王家执法花匠	10203	50	1	-1
10000	主城-仓库账房	11000	0	1	-1
10013	主城-比武场教头	317	0	1	-1
10044	主城-奉旨办差任务	317	0	1	-1
10045	野外-秦墓地宫接引	11002	0	1	-1
10046	组队宝藏副本入口	10028	0	1	1
10048	月老	318	0	1	-1
10049	月老侍女	319	0	1	-1
20003	宝藏副本-宝箱	10029	0	1	-1
20200	拜师入职武学展示副本-木桩1	13000	0	1	1
20201	拜师入职武学展示副本-木桩2	13001	0	1	1
20202	拜师入职切磋副本-无尘弟子	13002	0	1	-1
20203	拜师入职切磋副本-峨眉弟子	13003	0	1	-1
20204	拜师入职切磋副本-逍遥弟子	13004	0	1	-1
20205	拜师入职切磋副本-武当弟子	13005	0	1	-1
20206	拜师入职切磋副本-丐帮弟子	13006	0	1	-1
20207	拜师入职切磋副本-天山弟子	13007	0	1	-1
20208	拜师入职切磋副本-明教弟子	13008	0	1	-1
20209	拜师入职切磋副本-天龙弟子	13009	0	1	-1
20210	拜师入职切磋副本-星宿弟子	13010	0	1	-1
20211	拜师入职切磋副本-玄机弟子	13011	0	1	-1
20299	拜师入职宠物	7024	0	1	-1
20300	剑湖宫副本-无量剑东宫弟子	1001	0	1	-1
20301	剑湖宫副本-无量剑西宫弟子	1002	0	1	-1
20302	剑湖宫副本-无量剑东宫弟子精英	1003	0	1	-1
20303	剑湖宫副本-无量剑西宫弟子精英	1004	0	1	-1
20304	剑湖宫副本-BOSS左子穆	1006	0	1	1
20305	剑湖宫副本-BOSS辛双清	1007	0	1	-1
20306	剑湖宫副本-神农帮锄头弟子	1008	0	1	-1
20307	剑湖宫副本-BOSS司空玄	1010	0	1	1
20308	剑湖宫副本-灵鹫宫普通弟子	1011	0	1	-1
20309	剑湖宫副本-灵鹫宫使节	1012	0	1	-1
20310	剑湖宫副本-BOSS灵鹫圣使花	1013	0	1	1
20311	剑湖宫副本-NPC雪	1000	0	1	-1
20312	剑湖宫副本-老二前NPC雪	1000	0	1	-1
20313	剑湖宫副本-水道NPC	1019	0	1	-1
20314	剑湖宫副本-水道NPC	1019	0	1	-1
20315	剑湖宫副本-水道NPC	1019	0	1	-1
20316	剑湖宫副本-左子穆-剑气长虹子物体	1020	0	1	-1
20317	剑湖宫副本-左子穆-白虹贯日子物体	1021	0	1	-1
20318	剑湖宫副本-圣使花-水分身	1015	0	1	-1
20319	剑湖宫副本-圣使花-花分身	1014	0	1	-1
20320	剑湖宫副本-圣使花-袖子	1016	0	1	-1
20321	剑湖宫副本-圣使花-冰莲花	1017	0	1	-1
20322	剑湖宫副本-神农帮大师兄（远程）	1024	0	1	-1
20323	剑湖宫副本-无量剑侍（报信NPC）	1005	0	1	-1
20324	剑湖宫副本-老三前NPC雪	1000	0	1	-1
20325	剑湖宫副本-老三助战雪	1000	0	1	-1
20326	剑湖宫副本-箭头	1019	0	1	-1
20327	剑湖宫副本-活动展示左子穆/辛双清	1022	0	1	1
20328	剑湖宫副本-第二波-历光义	1003	0	1	-1
20350	剑湖宫副本12人-无量剑东宫弟子	1001	0	1	-1
20351	剑湖宫副本12人-无量剑西宫弟子	1002	0	1	-1
20352	剑湖宫副本12人-无量剑东宫弟子精英	1003	0	1	-1
20353	剑湖宫副本12人-无量剑西宫弟子精英	1004	0	1	-1
20354	剑湖宫副本12人-BOSS左子穆	1006	0	1	1
20355	剑湖宫副本12人-BOSS辛双清	1007	0	1	-1
20356	剑湖宫副本12人-神农帮锄头弟子	1008	0	1	-1
20357	剑湖宫副本12人-BOSS司空玄	1010	0	1	1
20358	剑湖宫副本12人-灵鹫宫普通弟子	1011	0	1	-1
20359	剑湖宫副本12人-灵鹫宫使节	1012	0	1	-1
20360	剑湖宫副本12人-BOSS灵鹫圣使花	1013	0	1	1
20361	剑湖宫副本12人-NPC雪	1000	0	1	-1
20362	剑湖宫副本12人-老二前NPC雪	1000	0	1	-1
20363	剑湖宫副本12人-水道NPC	1019	0	1	-1
20364	剑湖宫副本12人-水道NPC	1019	0	1	-1
20365	剑湖宫副本12人-水道NPC	1019	0	1	-1
20366	剑湖宫副本12人-左子穆-剑气长虹子物体	1020	0	1	-1
20367	剑湖宫副本12人-左子穆-白虹贯日子物体	1021	0	1	-1
20368	剑湖宫副本12人-圣使花-水分身	1015	0	1	-1
20369	剑湖宫副本12人-圣使花-花分身	1014	0	1	-1
20370	剑湖宫副本12人-圣使花-袖子	1016	0	1	-1
20371	剑湖宫副本12人-圣使花-冰莲花	1017	0	1	-1
20372	剑湖宫副本12人-神农帮大师兄（远程）	1024	0	1	-1
20373	剑湖宫副本12人-无量剑侍（报信NPC）	1005	0	1	-1
20374	剑湖宫副本12人-老三前NPC雪	1000	0	1	-1
20375	剑湖宫副本12人-老三助战雪	1000	0	1	-1
20376	剑湖宫副本12人-箭头	1019	0	1	-1
20377	剑湖宫副本12人-活动展示左子穆/辛双清	1022	0	1	1
20378	剑湖宫6人-第一boss首杀记录用透明npc	-1	0	1	1
20379	剑湖宫12人-第一boss首杀记录用透明npc	-1	0	1	1
20380	剑湖宫副本12人-第二波-历光义	1003	0	1	-1
20381	剑湖宫-圣使花空NPC判断方位	161	0	1	-1
20382	剑湖宫-圣使花空NPC判断方位	161	0	1	-1
20383	剑湖宫-圣使花空NPC判断方位	161	0	1	-1
20384	剑湖宫-圣使花空NPC判断方位	161	0	1	-1
20400	日常燕子坞副本-BOSS1前NPC-徐冲霄	8655	0	1	-1
20401	日常燕子坞副本-BOSS1前NPC-丐帮弟子	8554	0	1	-1
20402	日常燕子坞副本-BOSS1前NPC-丐帮弟子	8554	0	1	-1
20403	日常燕子坞副本-BOSS1前小怪-一品堂高手	10055	0	1	-1
20404	日常燕子坞副本-BOSS1前小怪-一品堂高手	28024	0	1	-1
20405	日常燕子坞副本-BOSS1-岳老三	10050	0	1	1
20406	日常燕子坞副本-BOSS2前NPC-吕章	8652	0	1	-1
20407	日常燕子坞副本-BOSS1前NPC-丐帮弟子	8554	0	1	-1
20408	日常燕子坞副本-BOSS1前NPC-丐帮弟子	8554	0	1	-1
20409	日常燕子坞副本-BOSS2前小怪-一品堂高手	10055	0	1	-1
20410	日常燕子坞副本-BOSS2前小怪-一品堂高手	10055	0	1	-1
20411	日常燕子坞副本-BOSS2-云中鹤	10051	0	1	1
20412	日常燕子坞副本-BOSS2-叶二娘	10052	0	1	1
20413	日常燕子坞副本-BOSS3前NPC-百世镜	8658	0	1	-1
20414	日常燕子坞副本-BOSS1前NPC-丐帮弟子	8554	0	1	-1
20415	日常燕子坞副本-BOSS1前NPC-丐帮弟子	8554	0	1	-1
20416	日常燕子坞副本-BOSS3前小怪-西夏士兵	10056	0	1	-1
20417	日常燕子坞副本-BOSS3前小怪-西夏士兵	10056	0	1	-1
20418	日常燕子坞副本-BOSS3-慕容复	8568	0	1	1
20419	日常燕子坞副本-BOSS2-叶二娘烟雾	10071	0	1	-1
20420	日常燕子坞副本-BOSS2-叶二娘烟雾	1019	0	1	-1
20421	日常燕子坞副本-BOSS2-飞鹤羽	10072	0	1	-1
20422	日常燕子坞副本-BOSS3-伏魔刀气	10073	0	1	-1
20423	自动buff机	10074	0	1	-1
20450	地鼠门门人	10062	0	1	-1
20451	游骥	10063	0	1	-1
20452	游驹	10064	0	1	-1
20453	野外boss-BOSS3岳老三	10066	0	1	1
20454	野外boss-BOSS1云中鹤	10067	0	1	1
20455	野外boss-BOSS2叶二娘	10068	0	1	1
20456	野外boss-BOSS4李延宗	10069	0	1	1
20457	灵鹫宫普通弟子	10075	0	1	-1
20458	神农帮锄头弟子	10076	0	1	-1
20459	无量剑西宫弟子（女）	10077	0	1	-1
20460	无量剑西宫弟子	10078	0	1	-1
20461	无量剑西宫精英（女）	10079	0	1	-1
20462	无量剑西宫精英	10080	0	1	-1
20463	李延宗	10081	0	1	1
20464	萧峰	10082	0	1	1
20465	丐帮持钵弟子	10083	0	1	-1
20466	丐帮持棒弟子	10084	0	1	-1
20467	西夏步战武士	10085	0	1	-1
20468	包不同	10086	0	1	-1
20469	风波恶	10087	0	1	-1
20470	灵鹫宫使节（持剑）	10088	0	1	-1
20471	段誉	10089	0	1	1
20472	南海鳄神	10090	0	1	1
20473	云中鹤	10091	0	1	1
20474	叶二娘	10092	0	1	1
20475	段正明	10093	0	1	-1
20476	天龙僧	10094	0	1	-1
20477	聚贤庄武林人士（持爪）	10095	0	1	-1
20478	段延庆	10096	0	1	1
20479	段正淳	10097	0	1	1
20480	鸠摩智	10098	0	1	1
20481	丐帮长老	10099	0	1	-1
20482	剧情boss-莽牯朱蛤毒气子物体	10260	0	1	-1
20483	剧情boss-莽牯朱蛤毒气子物体	161	0	1	-1
20484	野外boss-蝎王	10045	0	1	-1
20485	野外boss-狼王	10046	0	1	-1
20486	野外boss-豹王	10047	0	1	-1
20487	野外boss-虎王	10048	0	1	-1
20488	野外boss-莽牯朱蛤	10049	0	1	1
20489	野外boss-猴王	10044	0	1	-1
20490	江湖缉凶-狼王召唤-草原狼	231	0	1	-1
20491	野外boss-蝎王稀有	9995	0	1	-1
20492	野外boss-狼王稀有	9996	0	1	-1
20493	野外boss-豹王稀有	9997	0	1	-1
20494	野外boss-虎王稀有	9998	0	1	-1
20495	野外boss-莽牯朱蛤稀有	9999	0	1	1
20496	野外boss-猴王	9994	0	1	-1
20600	野外boss-豹王-新	10047	0	1	-1
20601	野外boss-虎王-新	10048	0	1	-1
20602	野外boss-蝎王-新	10045	0	1	-1
20603	野外boss-豹王稀有-新	9997	0	1	-1
20604	野外boss-虎王稀有-新	9998	0	1	-1
20605	野外boss-蝎王稀有-新	9995	0	1	-1
20606	野外boss-豹王-新	10047	0	1	-1
20607	野外boss-虎王-新	10048	0	1	-1
20608	野外boss-蝎王-新	10045	0	1	-1
20609	野外boss-豹王稀有-新	9997	0	1	-1
20610	野外boss-虎王稀有-新	9998	0	1	-1
20611	野外boss-蝎王稀有-新	9995	0	1	-1
14800	挖宝随机敌人-夺宝贼-1-4级	1672	0	1	-1
14801	挖宝随机敌人-夺宝贼-1-4级	2266	0	1	-1
14802	挖宝随机敌人-夺宝贼-1-4级	2267	0	1	-1
14803	挖宝随机敌人-夺宝贼-5-9级	1672	0	1	-1
14804	挖宝随机敌人-夺宝贼-5-9级	2266	0	1	-1
14805	挖宝随机敌人-夺宝贼-5-9级	2267	0	1	-1
14806	挖宝随机敌人-夺宝贼-10-14级	1672	0	1	-1
14807	挖宝随机敌人-夺宝贼-10-14级	2266	0	1	-1
14808	挖宝随机敌人-夺宝贼-10-14级	2267	0	1	-1
14809	挖宝随机敌人-夺宝贼-15-19级	1672	0	1	-1
14810	挖宝随机敌人-夺宝贼-15-19级	2266	0	1	-1
14811	挖宝随机敌人-夺宝贼-15-19级	2267	0	1	-1
14812	挖宝随机敌人-夺宝贼-20-24级	1672	0	1	-1
14813	挖宝随机敌人-夺宝贼-20-24级	2266	0	1	-1
14814	挖宝随机敌人-夺宝贼-20-24级	2267	0	1	-1
14815	挖宝随机敌人-夺宝贼-25-29级	1672	0	1	-1
14816	挖宝随机敌人-夺宝贼-25-29级	2266	0	1	-1
14817	挖宝随机敌人-夺宝贼-25-29级	2267	0	1	-1
14818	挖宝随机敌人-夺宝贼-30-34级	1672	0	1	-1
14819	挖宝随机敌人-夺宝贼-30-34级	2266	0	1	-1
14820	挖宝随机敌人-夺宝贼-30-34级	2267	0	1	-1
14821	挖宝随机敌人-夺宝贼-35-39级	1672	0	1	-1
14822	挖宝随机敌人-夺宝贼-35-39级	2266	0	1	-1
14823	挖宝随机敌人-夺宝贼-35-39级	2267	0	1	-1
14824	挖宝随机敌人-夺宝贼-40-44级	1672	0	1	-1
14825	挖宝随机敌人-夺宝贼-40-44级	2266	0	1	-1
14826	挖宝随机敌人-夺宝贼-40-44级	2267	0	1	-1
14827	挖宝随机敌人-夺宝贼-45-49级	1672	0	1	-1
14828	挖宝随机敌人-夺宝贼-45-49级	2266	0	1	-1
14829	挖宝随机敌人-夺宝贼-45-49级	2267	0	1	-1
14830	挖宝随机敌人-夺宝贼-50-54级	1672	0	1	-1
14831	挖宝随机敌人-夺宝贼-50-54级	2266	0	1	-1
14832	挖宝随机敌人-夺宝贼-50-54级	2267	0	1	-1
14833	挖宝随机敌人-夺宝贼-55-59级	1672	0	1	-1
14834	挖宝随机敌人-夺宝贼-55-59级	2266	0	1	-1
14835	挖宝随机敌人-夺宝贼-55-59级	2267	0	1	-1
14836	挖宝随机敌人-夺宝贼-60-64级	1672	0	1	-1
14837	挖宝随机敌人-夺宝贼-60-64级	2266	0	1	-1
14838	挖宝随机敌人-夺宝贼-60-64级	2267	0	1	-1
14839	挖宝随机敌人-夺宝贼-65-69级	1672	0	1	-1
14840	挖宝随机敌人-夺宝贼-65-69级	2266	0	1	-1
14841	挖宝随机敌人-夺宝贼-65-69级	2267	0	1	-1
14842	挖宝随机敌人-夺宝贼-70-74级	1672	0	1	-1
14843	挖宝随机敌人-夺宝贼-70-74级	2266	0	1	-1
14844	挖宝随机敌人-夺宝贼-70-74级	2267	0	1	-1
14845	挖宝随机敌人-夺宝贼-75-79级	1672	0	1	-1
14846	挖宝随机敌人-夺宝贼-75-79级	2266	0	1	-1
14847	挖宝随机敌人-夺宝贼-75-79级	2267	0	1	-1
14848	挖宝随机敌人-夺宝贼-80-84级	1672	0	1	-1
14849	挖宝随机敌人-夺宝贼-80-84级	2266	0	1	-1
14850	挖宝随机敌人-夺宝贼-80-84级	2267	0	1	-1
14851	挖宝随机敌人-夺宝贼-85-89级	1672	0	1	-1
14852	挖宝随机敌人-夺宝贼-85-89级	2266	0	1	-1
14853	挖宝随机敌人-夺宝贼-85-89级	2267	0	1	-1
14854	挖宝随机敌人-夺宝贼-90-94级	1672	0	1	-1
14855	挖宝随机敌人-夺宝贼-90-94级	2266	0	1	-1
14856	挖宝随机敌人-夺宝贼-90-94级	2267	0	1	-1
14857	挖宝随机敌人-夺宝贼-95-99级	1672	0	1	-1
14858	挖宝随机敌人-夺宝贼-95-99级	2266	0	1	-1
14859	挖宝随机敌人-夺宝贼-95-99级	2267	0	1	-1
14860	挖宝随机敌人-夺宝贼-100-104级	1672	0	1	-1
14861	挖宝随机敌人-夺宝贼-100-104级	2266	0	1	-1
14862	挖宝随机敌人-夺宝贼-100-104级	2267	0	1	-1
14863	挖宝随机敌人-夺宝贼-105-109级	1672	0	1	-1
14864	挖宝随机敌人-夺宝贼-105-109级	2266	0	1	-1
14865	挖宝随机敌人-夺宝贼-105-109级	2267	0	1	-1
14866	挖宝随机敌人-夺宝贼-110-114级	1672	0	1	-1
14867	挖宝随机敌人-夺宝贼-110-114级	2266	0	1	-1
14868	挖宝随机敌人-夺宝贼-110-114级	2267	0	1	-1
14869	挖宝随机敌人-夺宝贼-115-119级	1672	0	1	-1
14870	挖宝随机敌人-夺宝贼-115-119级	2266	0	1	-1
14871	挖宝随机敌人-夺宝贼-115-119级	2267	0	1	-1
14872	挖宝随机敌人-夺宝贼-120-124级	1672	0	1	-1
14873	挖宝随机敌人-夺宝贼-120-124级	2266	0	1	-1
14874	挖宝随机敌人-夺宝贼-120-124级	2267	0	1	-1
14875	挖宝随机敌人-夺宝贼-125-129级	1672	0	1	-1
14876	挖宝随机敌人-夺宝贼-125-129级	2266	0	1	-1
14877	挖宝随机敌人-夺宝贼-125-129级	2267	0	1	-1
14878	挖宝随机敌人-夺宝贼-130-134级	1672	0	1	-1
14879	挖宝随机敌人-夺宝贼-130-134级	2266	0	1	-1
14880	挖宝随机敌人-夺宝贼-130-134级	2267	0	1	-1
14881	挖宝随机敌人-夺宝贼-135-139级	1672	0	1	-1
14882	挖宝随机敌人-夺宝贼-135-139级	2266	0	1	-1
14883	挖宝随机敌人-夺宝贼-135-139级	2267	0	1	-1
14884	挖宝随机敌人-夺宝贼-140-144级	1672	0	1	-1
14885	挖宝随机敌人-夺宝贼-140-144级	2266	0	1	-1
14886	挖宝随机敌人-夺宝贼-140-144级	2267	0	1	-1
14887	挖宝随机敌人-夺宝贼-145-149级	1672	0	1	-1
14888	挖宝随机敌人-夺宝贼-145-149级	2266	0	1	-1
14889	挖宝随机敌人-夺宝贼-145-149级	2267	0	1	-1
14890	挖宝随机敌人-夺宝贼-150-154级	1672	0	1	-1
14891	挖宝随机敌人-夺宝贼-150-154级	2266	0	1	-1
14892	挖宝随机敌人-夺宝贼-150-154级	2267	0	1	-1
14893	挖宝随机敌人-夺宝贼-155-159级	1672	0	1	-1
14894	挖宝随机敌人-夺宝贼-155-159级	2266	0	1	-1
14895	挖宝随机敌人-夺宝贼-155-159级	2267	0	1	-1
14896	挖宝随机敌人-夺宝贼-160-164级	1672	0	1	-1
14897	挖宝随机敌人-夺宝贼-160-164级	2266	0	1	-1
14898	挖宝随机敌人-夺宝贼-160-164级	2267	0	1	-1
14899	挖宝随机敌人-夺宝贼-165-169级	1672	0	1	-1
14900	挖宝随机敌人-夺宝贼-165-169级	2266	0	1	-1
14901	挖宝随机敌人-夺宝贼-165-169级	2267	0	1	-1
14902	挖宝随机敌人-夺宝贼-170-174级	1672	0	1	-1
14903	挖宝随机敌人-夺宝贼-170-174级	2266	0	1	-1
14904	挖宝随机敌人-夺宝贼-170-174级	2267	0	1	-1
14905	挖宝随机敌人-夺宝贼-175-179级	1672	0	1	-1
14906	挖宝随机敌人-夺宝贼-175-179级	2266	0	1	-1
14907	挖宝随机敌人-夺宝贼-175-179级	2267	0	1	-1
14908	挖宝随机敌人-夺宝贼-180-184级	1672	0	1	-1
14909	挖宝随机敌人-夺宝贼-180-184级	2266	0	1	-1
14910	挖宝随机敌人-夺宝贼-180-184级	2267	0	1	-1
14911	挖宝随机敌人-夺宝贼-185-189级	1672	0	1	-1
14912	挖宝随机敌人-夺宝贼-185-189级	2266	0	1	-1
14913	挖宝随机敌人-夺宝贼-185-189级	2267	0	1	-1
14914	挖宝随机敌人-夺宝贼-190-194级	1672	0	1	-1
14915	挖宝随机敌人-夺宝贼-190-194级	2266	0	1	-1
14916	挖宝随机敌人-夺宝贼-190-194级	2267	0	1	-1
14917	挖宝随机敌人-夺宝贼-195-199级	1672	0	1	-1
14918	挖宝随机敌人-夺宝贼-195-199级	2266	0	1	-1
14919	挖宝随机敌人-夺宝贼-195-199级	2267	0	1	-1
14920	挖宝随机敌人-夺宝贼-200-204级	1672	0	1	-1
14921	挖宝随机敌人-夺宝贼-200-204级	2266	0	1	-1
14922	挖宝随机敌人-夺宝贼-200-204级	2267	0	1	-1
14923	挖宝随机敌人-夺宝贼-205-209级	1672	0	1	-1
14924	挖宝随机敌人-夺宝贼-205-209级	2266	0	1	-1
14925	挖宝随机敌人-夺宝贼-205-209级	2267	0	1	-1
14926	挖宝随机敌人-夺宝贼-210-214级	1672	0	1	-1
14927	挖宝随机敌人-夺宝贼-210-214级	2266	0	1	-1
14928	挖宝随机敌人-夺宝贼-210-214级	2267	0	1	-1
14929	挖宝随机敌人-夺宝贼-215-219级	1672	0	1	-1
14930	挖宝随机敌人-夺宝贼-215-219级	2266	0	1	-1
14931	挖宝随机敌人-夺宝贼-215-219级	2267	0	1	-1
14932	挖宝随机敌人-夺宝贼-220-224级	1672	0	1	-1
14933	挖宝随机敌人-夺宝贼-220-224级	2266	0	1	-1
14934	挖宝随机敌人-夺宝贼-220-224级	2267	0	1	-1
14935	挖宝随机敌人-夺宝贼-225-229级	1672	0	1	-1
14936	挖宝随机敌人-夺宝贼-225-229级	2266	0	1	-1
14937	挖宝随机敌人-夺宝贼-225-229级	2267	0	1	-1
14938	挖宝随机敌人-夺宝贼-230-234级	1672	0	1	-1
14939	挖宝随机敌人-夺宝贼-230-234级	2266	0	1	-1
14940	挖宝随机敌人-夺宝贼-230-234级	2267	0	1	-1
14941	挖宝随机敌人-夺宝贼-235-239级	1672	0	1	-1
14942	挖宝随机敌人-夺宝贼-235-239级	2266	0	1	-1
14943	挖宝随机敌人-夺宝贼-235-239级	2267	0	1	-1
14944	挖宝随机敌人-夺宝贼-240-244级	1672	0	1	-1
14945	挖宝随机敌人-夺宝贼-240-244级	2266	0	1	-1
14946	挖宝随机敌人-夺宝贼-240-244级	2267	0	1	-1
14947	挖宝随机敌人-夺宝贼-245-249级	1672	0	1	-1
14948	挖宝随机敌人-夺宝贼-245-249级	2266	0	1	-1
14949	挖宝随机敌人-夺宝贼-245-249级	2267	0	1	-1
14950	挖宝随机敌人-夺宝贼-250-254级	1672	0	1	-1
14951	挖宝随机敌人-夺宝贼-250-254级	2266	0	1	-1
14952	挖宝随机敌人-夺宝贼-250-254级	2267	0	1	-1
14953	挖宝随机敌人-夺宝贼-255-259级	1672	0	1	-1
14954	挖宝随机敌人-夺宝贼-255-259级	2266	0	1	-1
14955	挖宝随机敌人-夺宝贼-255-259级	2267	0	1	-1
14600	藏宝图单人副本-经验本-第1波	1571	0	1	-1
14601	藏宝图单人副本-经验本-第2波	1572	0	1	-1
14602	藏宝图单人副本-经验本-第3波	1573	0	1	-1
14603	藏宝图单人副本-经验本-第4波	1571	0	1	-1
14604	藏宝图单人副本-经验本-第5波	1572	0	1	-1
14605	藏宝图单人副本-经验本-第6波	1573	0	1	-1
14606	藏宝图单人副本-经验本-第7波	1571	0	1	-1
14607	藏宝图单人副本-经验本-第8波	1572	0	1	-1
14608	藏宝图单人副本-经验本-第9波	1573	0	1	-1
14609	藏宝图单人副本-经验本-第10波	1571	0	1	-1
14610	藏宝图单人副本-经验本-第11波	1572	0	1	-1
14611	藏宝图单人副本-经验本-第12波	1573	0	1	-1
14612	藏宝图单人副本-经验本-第13波	1571	0	1	-1
14613	藏宝图单人副本-经验本-第14波	1572	0	1	-1
14614	藏宝图单人副本-经验本-第15波	1573	0	1	-1
14615	藏宝图单人副本-经验本-第16波	1571	0	1	-1
14616	藏宝图单人副本-经验本-第17波	1572	0	1	-1
14617	藏宝图单人副本-经验本-第18波	1573	0	1	-1
14618	藏宝图单人副本-经验本-第19波	1571	0	1	-1
14619	藏宝图单人副本-经验本-第20波	1572	0	1	-1
7021	藏宝图单人副本-经验本-第21波	1571	0	1	-1
7022	藏宝图单人副本-经验本-第22波	1572	0	1	-1
7023	藏宝图单人副本-经验本-第23波	1573	0	1	-1
7024	藏宝图单人副本-经验本-第24波	1571	0	1	-1
7025	藏宝图单人副本-经验本-第25波	1572	0	1	-1
7026	藏宝图单人副本-经验本-第26波	1573	0	1	-1
7027	藏宝图单人副本-经验本-第27波	1571	0	1	-1
7028	藏宝图单人副本-经验本-第28波	1572	0	1	-1
7029	藏宝图单人副本-经验本-第29波	1573	0	1	-1
7030	藏宝图单人副本-经验本-第30波	1571	0	1	-1
7031	藏宝图单人副本-经验本-第31波	1572	0	1	-1
7032	藏宝图单人副本-经验本-第32波	1573	0	1	-1
7033	藏宝图单人副本-经验本-第33波	1571	0	1	-1
7034	藏宝图单人副本-经验本-第34波	1572	0	1	-1
7035	藏宝图单人副本-经验本-第35波	1573	0	1	-1
7036	藏宝图单人副本-经验本-第36波	1571	0	1	-1
7037	藏宝图单人副本-经验本-第37波	1572	0	1	-1
7038	藏宝图单人副本-经验本-第38波	1573	0	1	-1
7039	藏宝图单人副本-经验本-第39波	1571	0	1	-1
7040	藏宝图单人副本-经验本-第40波	1572	0	1	-1
7041	藏宝图单人副本-经验本-第41波	1571	0	1	-1
7042	藏宝图单人副本-经验本-第42波	1572	0	1	-1
7043	藏宝图单人副本-经验本-第43波	1573	0	1	-1
7044	藏宝图单人副本-经验本-第44波	1571	0	1	-1
7045	藏宝图单人副本-经验本-第45波	1572	0	1	-1
7046	藏宝图单人副本-经验本-第46波	1573	0	1	-1
7047	藏宝图单人副本-经验本-第47波	1571	0	1	-1
7048	藏宝图单人副本-经验本-第48波	1572	0	1	-1
7049	藏宝图单人副本-经验本-第49波	1573	0	1	-1
7050	藏宝图单人副本-经验本-第50波	1571	0	1	-1
7051	藏宝图单人副本-经验本-第51波	1572	0	1	-1
7052	藏宝图单人副本-经验本-第52波	1573	0	1	-1
7053	藏宝图单人副本-经验本-第53波	1571	0	1	-1
7054	藏宝图单人副本-经验本-第54波	1572	0	1	-1
7055	藏宝图单人副本-经验本-第55波	1573	0	1	-1
7056	藏宝图单人副本-经验本-第56波	1571	0	1	-1
7057	藏宝图单人副本-经验本-第57波	1572	0	1	-1
7058	藏宝图单人副本-经验本-第58波	1573	0	1	-1
7059	藏宝图单人副本-经验本-第59波	1571	0	1	-1
7060	藏宝图单人副本-经验本-第60波	1572	0	1	-1
14620	藏宝图单人副本-金钱本-第1波-1	1574	0	1	-1
14621	藏宝图单人副本-金钱本-第2波-1	1574	0	1	-1
14622	藏宝图单人副本-金钱本-第3波-1	1574	0	1	-1
14623	藏宝图单人副本-金钱本-第4波-1	1574	0	1	-1
14624	藏宝图单人副本-金钱本-第5波-1	1574	0	1	-1
14625	藏宝图单人副本-金钱本-第6波-1	1574	0	1	-1
14626	藏宝图单人副本-金钱本-第7波-1	1574	0	1	-1
14627	藏宝图单人副本-金钱本-第8波-1	1574	0	1	-1
14628	藏宝图单人副本-金钱本-第9波-1	1574	0	1	-1
14629	藏宝图单人副本-金钱本-第10波-1	1574	0	1	-1
14630	藏宝图单人副本-金钱本-第11波-1	1574	0	1	-1
14631	藏宝图单人副本-金钱本-第12波-1	1574	0	1	-1
14632	藏宝图单人副本-金钱本-第13波-1	1574	0	1	-1
14633	藏宝图单人副本-金钱本-第14波-1	1574	0	1	-1
14634	藏宝图单人副本-金钱本-第15波-1	1574	0	1	-1
14635	藏宝图单人副本-金钱本-第16波-1	1574	0	1	-1
14636	藏宝图单人副本-金钱本-第17波-1	1574	0	1	-1
14637	藏宝图单人副本-金钱本-第18波-1	1574	0	1	-1
14638	藏宝图单人副本-金钱本-第19波-1	1574	0	1	-1
14639	藏宝图单人副本-金钱本-第20波-1	1574	0	1	-1
14640	藏宝图单人副本-金钱本-第1波-2	1575	0	1	-1
14641	藏宝图单人副本-金钱本-第2波-2	1575	0	1	-1
14642	藏宝图单人副本-金钱本-第3波-2	1575	0	1	-1
14643	藏宝图单人副本-金钱本-第4波-2	1575	0	1	-1
14644	藏宝图单人副本-金钱本-第5波-2	1575	0	1	-1
14645	藏宝图单人副本-金钱本-第6波-2	1575	0	1	-1
14646	藏宝图单人副本-金钱本-第7波-2	1575	0	1	-1
14647	藏宝图单人副本-金钱本-第8波-2	1575	0	1	-1
14648	藏宝图单人副本-金钱本-第9波-2	1575	0	1	-1
14649	藏宝图单人副本-金钱本-第10波-2	1575	0	1	-1
14650	藏宝图单人副本-金钱本-第11波-2	1575	0	1	-1
14651	藏宝图单人副本-金钱本-第12波-2	1575	0	1	-1
14652	藏宝图单人副本-金钱本-第13波-2	1575	0	1	-1
14653	藏宝图单人副本-金钱本-第14波-2	1575	0	1	-1
14654	藏宝图单人副本-金钱本-第15波-2	1575	0	1	-1
14655	藏宝图单人副本-金钱本-第16波-2	1575	0	1	-1
14656	藏宝图单人副本-金钱本-第17波-2	1575	0	1	-1
14657	藏宝图单人副本-金钱本-第18波-2	1575	0	1	-1
14658	藏宝图单人副本-金钱本-第19波-2	1575	0	1	-1
14659	藏宝图单人副本-金钱本-第20波-2	1575	0	1	-1
14660	藏宝图单人副本-金钱本-第1波-3	1576	0	1	-1
14661	藏宝图单人副本-金钱本-第2波-3	1576	0	1	-1
14662	藏宝图单人副本-金钱本-第3波-3	1576	0	1	-1
14663	藏宝图单人副本-金钱本-第4波-3	1576	0	1	-1
14664	藏宝图单人副本-金钱本-第5波-3	1576	0	1	-1
14665	藏宝图单人副本-金钱本-第6波-3	1576	0	1	-1
14666	藏宝图单人副本-金钱本-第7波-3	1576	0	1	-1
14667	藏宝图单人副本-金钱本-第8波-3	1576	0	1	-1
14668	藏宝图单人副本-金钱本-第9波-3	1576	0	1	-1
14669	藏宝图单人副本-金钱本-第10波-3	1576	0	1	-1
14670	藏宝图单人副本-金钱本-第11波-3	1576	0	1	-1
14671	藏宝图单人副本-金钱本-第12波-3	1576	0	1	-1
14672	藏宝图单人副本-金钱本-第13波-3	1576	0	1	-1
14673	藏宝图单人副本-金钱本-第14波-3	1576	0	1	-1
14674	藏宝图单人副本-金钱本-第15波-3	1576	0	1	-1
14675	藏宝图单人副本-金钱本-第16波-3	1576	0	1	-1
14676	藏宝图单人副本-金钱本-第17波-3	1576	0	1	-1
14677	藏宝图单人副本-金钱本-第18波-3	1576	0	1	-1
14678	藏宝图单人副本-金钱本-第19波-3	1576	0	1	-1
14679	藏宝图单人副本-金钱本-第20波-3	1576	0	1	-1
14680	藏宝图单人副本-金钱本-第1波-4	1577	0	1	-1
14681	藏宝图单人副本-金钱本-第2波-4	1577	0	1	-1
14682	藏宝图单人副本-金钱本-第3波-4	1577	0	1	-1
14683	藏宝图单人副本-金钱本-第4波-4	1577	0	1	-1
14684	藏宝图单人副本-金钱本-第5波-4	1577	0	1	-1
14685	藏宝图单人副本-金钱本-第6波-4	1577	0	1	-1
14686	藏宝图单人副本-金钱本-第7波-4	1577	0	1	-1
14687	藏宝图单人副本-金钱本-第8波-4	1577	0	1	-1
14688	藏宝图单人副本-金钱本-第9波-4	1577	0	1	-1
14689	藏宝图单人副本-金钱本-第10波-4	1577	0	1	-1
14690	藏宝图单人副本-金钱本-第11波-4	1577	0	1	-1
14691	藏宝图单人副本-金钱本-第12波-4	1577	0	1	-1
14692	藏宝图单人副本-金钱本-第13波-4	1577	0	1	-1
14693	藏宝图单人副本-金钱本-第14波-4	1577	0	1	-1
14694	藏宝图单人副本-金钱本-第15波-4	1577	0	1	-1
14695	藏宝图单人副本-金钱本-第16波-4	1577	0	1	-1
14696	藏宝图单人副本-金钱本-第17波-4	1577	0	1	-1
14697	藏宝图单人副本-金钱本-第18波-4	1577	0	1	-1
14698	藏宝图单人副本-金钱本-第19波-4	1577	0	1	-1
14699	藏宝图单人副本-金钱本-第20波-4	1577	0	1	-1
14700	藏宝图单人副本-金钱本-第1波-5	1578	0	1	-1
14701	藏宝图单人副本-金钱本-第2波-5	1578	0	1	-1
14702	藏宝图单人副本-金钱本-第3波-5	1578	0	1	-1
14703	藏宝图单人副本-金钱本-第4波-5	1578	0	1	-1
14704	藏宝图单人副本-金钱本-第5波-5	1578	0	1	-1
14705	藏宝图单人副本-金钱本-第6波-5	1578	0	1	-1
14706	藏宝图单人副本-金钱本-第7波-5	1578	0	1	-1
14707	藏宝图单人副本-金钱本-第8波-5	1578	0	1	-1
14708	藏宝图单人副本-金钱本-第9波-5	1578	0	1	-1
14709	藏宝图单人副本-金钱本-第10波-5	1578	0	1	-1
14710	藏宝图单人副本-金钱本-第11波-5	1578	0	1	-1
14711	藏宝图单人副本-金钱本-第12波-5	1578	0	1	-1
14712	藏宝图单人副本-金钱本-第13波-5	1578	0	1	-1
14713	藏宝图单人副本-金钱本-第14波-5	1578	0	1	-1
14714	藏宝图单人副本-金钱本-第15波-5	1578	0	1	-1
14715	藏宝图单人副本-金钱本-第16波-5	1578	0	1	-1
14716	藏宝图单人副本-金钱本-第17波-5	1578	0	1	-1
14717	藏宝图单人副本-金钱本-第18波-5	1578	0	1	-1
14718	藏宝图单人副本-金钱本-第19波-5	1578	0	1	-1
14719	藏宝图单人副本-金钱本-第20波-5	1578	0	1	-1
7521	藏宝图单人副本-金钱本-第21波-1	1571	0	1	-1
7522	藏宝图单人副本-金钱本-第22波-1	1572	0	1	-1
7523	藏宝图单人副本-金钱本-第23波-1	1573	0	1	-1
7524	藏宝图单人副本-金钱本-第24波-1	1571	0	1	-1
7525	藏宝图单人副本-金钱本-第25波-1	1572	0	1	-1
7526	藏宝图单人副本-金钱本-第26波-1	1573	0	1	-1
7527	藏宝图单人副本-金钱本-第27波-1	1571	0	1	-1
7528	藏宝图单人副本-金钱本-第28波-1	1572	0	1	-1
7529	藏宝图单人副本-金钱本-第29波-1	1573	0	1	-1
7530	藏宝图单人副本-金钱本-第30波-1	1571	0	1	-1
7531	藏宝图单人副本-金钱本-第31波-1	1572	0	1	-1
7532	藏宝图单人副本-金钱本-第32波-1	1573	0	1	-1
7533	藏宝图单人副本-金钱本-第33波-1	1571	0	1	-1
7534	藏宝图单人副本-金钱本-第34波-1	1572	0	1	-1
7535	藏宝图单人副本-金钱本-第35波-1	1573	0	1	-1
7536	藏宝图单人副本-金钱本-第36波-1	1571	0	1	-1
7537	藏宝图单人副本-金钱本-第37波-1	1572	0	1	-1
7538	藏宝图单人副本-金钱本-第38波-1	1573	0	1	-1
7539	藏宝图单人副本-金钱本-第39波-1	1571	0	1	-1
7540	藏宝图单人副本-金钱本-第40波-1	1572	0	1	-1
7541	藏宝图单人副本-金钱本-第41波-1	1571	0	1	-1
7542	藏宝图单人副本-金钱本-第42波-1	1572	0	1	-1
7543	藏宝图单人副本-金钱本-第43波-1	1573	0	1	-1
7544	藏宝图单人副本-金钱本-第44波-1	1571	0	1	-1
7545	藏宝图单人副本-金钱本-第45波-1	1572	0	1	-1
7546	藏宝图单人副本-金钱本-第46波-1	1573	0	1	-1
7547	藏宝图单人副本-金钱本-第47波-1	1571	0	1	-1
7548	藏宝图单人副本-金钱本-第48波-1	1572	0	1	-1
7549	藏宝图单人副本-金钱本-第49波-1	1573	0	1	-1
7550	藏宝图单人副本-金钱本-第50波-1	1571	0	1	-1
7551	藏宝图单人副本-金钱本-第51波-1	1572	0	1	-1
7552	藏宝图单人副本-金钱本-第52波-1	1573	0	1	-1
7553	藏宝图单人副本-金钱本-第53波-1	1571	0	1	-1
7554	藏宝图单人副本-金钱本-第54波-1	1572	0	1	-1
7555	藏宝图单人副本-金钱本-第55波-1	1573	0	1	-1
7556	藏宝图单人副本-金钱本-第56波-1	1571	0	1	-1
7557	藏宝图单人副本-金钱本-第57波-1	1572	0	1	-1
7558	藏宝图单人副本-金钱本-第58波-1	1573	0	1	-1
7559	藏宝图单人副本-金钱本-第59波-1	1571	0	1	-1
7560	藏宝图单人副本-金钱本-第60波-1	1572	0	1	-1
14720	挖宝随机副本--BOSS副本BOSS1	1579	0	1	-1
14721	挖宝随机副本--BOSS副本BOSS2	1580	0	1	-1
14722	挖宝随机副本--BOSS副本BOSS3	1581	0	1	-1
22000	宝藏副本-4-盗墓贼	13023	0	1	-1
22001	宝藏副本-4-夺宝贼	13024	0	1	-1
22002	宝藏副本-4-宝藏主人	13025	0	1	-1
22003	宝藏副本-4-夺宝贼	13076	0	1	-1
22004	宝藏副本-4-盗宝贼	13077	0	1	-1
22005	宝藏副本-4-宝藏主人	13078	0	1	-1
22006	宝藏副本-4-宝藏窃贼	13079	0	1	-1
22007	宝藏副本-4-宝藏窃贼	13079	0	1	-1
22008	宝藏副本-4-宝藏主人	13080	0	1	-1
22009	宝藏副本-4-摸金使节	13081	0	1	-1
22010	宝藏副本-4-摸金使节	13081	0	1	-1
22011	宝藏副本-4-变节圣使	13082	0	1	-1
22012	宝藏副本-9-盗墓贼	13023	0	1	-1
22013	宝藏副本-9-夺宝贼	13024	0	1	-1
22014	宝藏副本-9-宝藏主人	13025	0	1	-1
22015	宝藏副本-9-夺宝贼	13076	0	1	-1
22016	宝藏副本-9-盗宝贼	13077	0	1	-1
22017	宝藏副本-9-宝藏主人	13078	0	1	-1
22018	宝藏副本-9-宝藏窃贼	13079	0	1	-1
22019	宝藏副本-9-宝藏窃贼	13079	0	1	-1
22020	宝藏副本-9-宝藏主人	13080	0	1	-1
22021	宝藏副本-9-摸金使节	13081	0	1	-1
22022	宝藏副本-9-摸金使节	13081	0	1	-1
22023	宝藏副本-9-变节圣使	13082	0	1	-1
22024	宝藏副本-14-盗墓贼	13023	0	1	-1
22025	宝藏副本-14-夺宝贼	13024	0	1	-1
22026	宝藏副本-14-宝藏主人	13025	0	1	-1
22027	宝藏副本-14-夺宝贼	13076	0	1	-1
22028	宝藏副本-14-盗宝贼	13077	0	1	-1
22029	宝藏副本-14-宝藏主人	13078	0	1	-1
22030	宝藏副本-14-宝藏窃贼	13079	0	1	-1
22031	宝藏副本-14-宝藏窃贼	13079	0	1	-1
22032	宝藏副本-14-宝藏主人	13080	0	1	-1
22033	宝藏副本-14-摸金使节	13081	0	1	-1
22034	宝藏副本-14-摸金使节	13081	0	1	-1
22035	宝藏副本-14-变节圣使	13082	0	1	-1
22036	宝藏副本-19-盗墓贼	13023	0	1	-1
22037	宝藏副本-19-夺宝贼	13024	0	1	-1
22038	宝藏副本-19-宝藏主人	13025	0	1	-1
22039	宝藏副本-19-夺宝贼	13076	0	1	-1
22040	宝藏副本-19-盗宝贼	13077	0	1	-1
22041	宝藏副本-19-宝藏主人	13078	0	1	-1
22042	宝藏副本-19-宝藏窃贼	13079	0	1	-1
22043	宝藏副本-19-宝藏窃贼	13079	0	1	-1
22044	宝藏副本-19-宝藏主人	13080	0	1	-1
22045	宝藏副本-19-摸金使节	13081	0	1	-1
22046	宝藏副本-19-摸金使节	13081	0	1	-1
22047	宝藏副本-19-变节圣使	13082	0	1	-1
22048	宝藏副本-24-盗墓贼	13023	0	1	-1
22049	宝藏副本-24-夺宝贼	13024	0	1	-1
22050	宝藏副本-24-宝藏主人	13025	0	1	-1
22051	宝藏副本-24-夺宝贼	13076	0	1	-1
22052	宝藏副本-24-盗宝贼	13077	0	1	-1
22053	宝藏副本-24-宝藏主人	13078	0	1	-1
22054	宝藏副本-24-宝藏窃贼	13079	0	1	-1
22055	宝藏副本-24-宝藏窃贼	13079	0	1	-1
22056	宝藏副本-24-宝藏主人	13080	0	1	-1
22057	宝藏副本-24-摸金使节	13081	0	1	-1
22058	宝藏副本-24-摸金使节	13081	0	1	-1
22059	宝藏副本-24-变节圣使	13082	0	1	-1
22060	宝藏副本-29-盗墓贼	13023	0	1	-1
22061	宝藏副本-29-夺宝贼	13024	0	1	-1
22062	宝藏副本-29-宝藏主人	13025	0	1	-1
22063	宝藏副本-29-夺宝贼	13076	0	1	-1
22064	宝藏副本-29-盗宝贼	13077	0	1	-1
22065	宝藏副本-29-宝藏主人	13078	0	1	-1
22066	宝藏副本-29-宝藏窃贼	13079	0	1	-1
22067	宝藏副本-29-宝藏窃贼	13079	0	1	-1
22068	宝藏副本-29-宝藏主人	13080	0	1	-1
22069	宝藏副本-29-摸金使节	13081	0	1	-1
22070	宝藏副本-29-摸金使节	13081	0	1	-1
22071	宝藏副本-29-变节圣使	13082	0	1	-1
22072	宝藏副本-34-盗墓贼	13023	0	1	-1
22073	宝藏副本-34-夺宝贼	13024	0	1	-1
22074	宝藏副本-34-宝藏主人	13025	0	1	-1
22075	宝藏副本-34-夺宝贼	13076	0	1	-1
22076	宝藏副本-34-盗宝贼	13077	0	1	-1
22077	宝藏副本-34-宝藏主人	13078	0	1	-1
22078	宝藏副本-34-宝藏窃贼	13079	0	1	-1
22079	宝藏副本-34-宝藏窃贼	13079	0	1	-1
22080	宝藏副本-34-宝藏主人	13080	0	1	-1
22081	宝藏副本-34-摸金使节	13081	0	1	-1
22082	宝藏副本-34-摸金使节	13081	0	1	-1
22083	宝藏副本-34-变节圣使	13082	0	1	-1
22084	宝藏副本-39-盗墓贼	13023	0	1	-1
22085	宝藏副本-39-夺宝贼	13024	0	1	-1
22086	宝藏副本-39-宝藏主人	13025	0	1	-1
22087	宝藏副本-39-夺宝贼	13076	0	1	-1
22088	宝藏副本-39-盗宝贼	13077	0	1	-1
22089	宝藏副本-39-宝藏主人	13078	0	1	-1
22090	宝藏副本-39-宝藏窃贼	13079	0	1	-1
22091	宝藏副本-39-宝藏窃贼	13079	0	1	-1
22092	宝藏副本-39-宝藏主人	13080	0	1	-1
22093	宝藏副本-39-摸金使节	13081	0	1	-1
22094	宝藏副本-39-摸金使节	13081	0	1	-1
22095	宝藏副本-39-变节圣使	13082	0	1	-1
22096	宝藏副本-44-盗墓贼	13023	0	1	-1
22097	宝藏副本-44-夺宝贼	13024	0	1	-1
22098	宝藏副本-44-宝藏主人	13025	0	1	-1
22099	宝藏副本-44-夺宝贼	13076	0	1	-1
22100	宝藏副本-44-盗宝贼	13077	0	1	-1
22101	宝藏副本-44-宝藏主人	13078	0	1	-1
22102	宝藏副本-44-宝藏窃贼	13079	0	1	-1
22103	宝藏副本-44-宝藏窃贼	13079	0	1	-1
22104	宝藏副本-44-宝藏主人	13080	0	1	-1
22105	宝藏副本-44-摸金使节	13081	0	1	-1
22106	宝藏副本-44-摸金使节	13081	0	1	-1
22107	宝藏副本-44-变节圣使	13082	0	1	-1
22108	宝藏副本-49-盗墓贼	13023	0	1	-1
22109	宝藏副本-49-夺宝贼	13024	0	1	-1
22110	宝藏副本-49-宝藏主人	13025	0	1	-1
22111	宝藏副本-49-夺宝贼	13076	0	1	-1
22112	宝藏副本-49-盗宝贼	13077	0	1	-1
22113	宝藏副本-49-宝藏主人	13078	0	1	-1
22114	宝藏副本-49-宝藏窃贼	13079	0	1	-1
22115	宝藏副本-49-宝藏窃贼	13079	0	1	-1
22116	宝藏副本-49-宝藏主人	13080	0	1	-1
22117	宝藏副本-49-摸金使节	13081	0	1	-1
22118	宝藏副本-49-摸金使节	13081	0	1	-1
22119	宝藏副本-49-变节圣使	13082	0	1	-1
22120	宝藏副本-54-盗墓贼	13023	0	1	-1
22121	宝藏副本-54-夺宝贼	13024	0	1	-1
22122	宝藏副本-54-宝藏主人	13025	0	1	-1
22123	宝藏副本-54-夺宝贼	13076	0	1	-1
22124	宝藏副本-54-盗宝贼	13077	0	1	-1
22125	宝藏副本-54-宝藏主人	13078	0	1	-1
22126	宝藏副本-54-宝藏窃贼	13079	0	1	-1
22127	宝藏副本-54-宝藏窃贼	13079	0	1	-1
22128	宝藏副本-54-宝藏主人	13080	0	1	-1
22129	宝藏副本-54-摸金使节	13081	0	1	-1
22130	宝藏副本-54-摸金使节	13081	0	1	-1
22131	宝藏副本-54-变节圣使	13082	0	1	-1
22132	宝藏副本-59-盗墓贼	13023	0	1	-1
22133	宝藏副本-59-夺宝贼	13024	0	1	-1
22134	宝藏副本-59-宝藏主人	13025	0	1	-1
22135	宝藏副本-59-夺宝贼	13076	0	1	-1
22136	宝藏副本-59-盗宝贼	13077	0	1	-1
22137	宝藏副本-59-宝藏主人	13078	0	1	-1
22138	宝藏副本-59-宝藏窃贼	13079	0	1	-1
22139	宝藏副本-59-宝藏窃贼	13079	0	1	-1
22140	宝藏副本-59-宝藏主人	13080	0	1	-1
22141	宝藏副本-59-摸金使节	13081	0	1	-1
22142	宝藏副本-59-摸金使节	13081	0	1	-1
22143	宝藏副本-59-变节圣使	13082	0	1	-1
22144	宝藏副本-64-盗墓贼	13023	0	1	-1
22145	宝藏副本-64-夺宝贼	13024	0	1	-1
22146	宝藏副本-64-宝藏主人	13025	0	1	-1
22147	宝藏副本-64-夺宝贼	13076	0	1	-1
22148	宝藏副本-64-盗宝贼	13077	0	1	-1
22149	宝藏副本-64-宝藏主人	13078	0	1	-1
22150	宝藏副本-64-宝藏窃贼	13079	0	1	-1
22151	宝藏副本-64-宝藏窃贼	13079	0	1	-1
22152	宝藏副本-64-宝藏主人	13080	0	1	-1
22153	宝藏副本-64-摸金使节	13081	0	1	-1
22154	宝藏副本-64-摸金使节	13081	0	1	-1
22155	宝藏副本-64-变节圣使	13082	0	1	-1
22156	宝藏副本-69-盗墓贼	13023	0	1	-1
22157	宝藏副本-69-夺宝贼	13024	0	1	-1
22158	宝藏副本-69-宝藏主人	13025	0	1	-1
22159	宝藏副本-69-夺宝贼	13076	0	1	-1
22160	宝藏副本-69-盗宝贼	13077	0	1	-1
22161	宝藏副本-69-宝藏主人	13078	0	1	-1
22162	宝藏副本-69-宝藏窃贼	13079	0	1	-1
22163	宝藏副本-69-宝藏窃贼	13079	0	1	-1
22164	宝藏副本-69-宝藏主人	13080	0	1	-1
22165	宝藏副本-69-摸金使节	13081	0	1	-1
22166	宝藏副本-69-摸金使节	13081	0	1	-1
22167	宝藏副本-69-变节圣使	13082	0	1	-1
22168	宝藏副本-74-盗墓贼	13023	0	1	-1
22169	宝藏副本-74-夺宝贼	13024	0	1	-1
22170	宝藏副本-74-宝藏主人	13025	0	1	-1
22171	宝藏副本-74-夺宝贼	13076	0	1	-1
22172	宝藏副本-74-盗宝贼	13077	0	1	-1
22173	宝藏副本-74-宝藏主人	13078	0	1	-1
22174	宝藏副本-74-宝藏窃贼	13079	0	1	-1
22175	宝藏副本-74-宝藏窃贼	13079	0	1	-1
22176	宝藏副本-74-宝藏主人	13080	0	1	-1
22177	宝藏副本-74-摸金使节	13081	0	1	-1
22178	宝藏副本-74-摸金使节	13081	0	1	-1
22179	宝藏副本-74-变节圣使	13082	0	1	-1
22180	宝藏副本-79-盗墓贼	13023	0	1	-1
22181	宝藏副本-79-夺宝贼	13024	0	1	-1
22182	宝藏副本-79-宝藏主人	13025	0	1	-1
22183	宝藏副本-79-夺宝贼	13076	0	1	-1
22184	宝藏副本-79-盗宝贼	13077	0	1	-1
22185	宝藏副本-79-宝藏主人	13078	0	1	-1
22186	宝藏副本-79-宝藏窃贼	13079	0	1	-1
22187	宝藏副本-79-宝藏窃贼	13079	0	1	-1
22188	宝藏副本-79-宝藏主人	13080	0	1	-1
22189	宝藏副本-79-摸金使节	13081	0	1	-1
22190	宝藏副本-79-摸金使节	13081	0	1	-1
22191	宝藏副本-79-变节圣使	13082	0	1	-1
22192	宝藏副本-84-盗墓贼	13023	0	1	-1
22193	宝藏副本-84-夺宝贼	13024	0	1	-1
22194	宝藏副本-84-宝藏主人	13025	0	1	-1
22195	宝藏副本-84-夺宝贼	13076	0	1	-1
22196	宝藏副本-84-盗宝贼	13077	0	1	-1
22197	宝藏副本-84-宝藏主人	13078	0	1	-1
22198	宝藏副本-84-宝藏窃贼	13079	0	1	-1
22199	宝藏副本-84-宝藏窃贼	13079	0	1	-1
22200	宝藏副本-84-宝藏主人	13080	0	1	-1
22201	宝藏副本-84-摸金使节	13081	0	1	-1
22202	宝藏副本-84-摸金使节	13081	0	1	-1
22203	宝藏副本-84-变节圣使	13082	0	1	-1
22204	宝藏副本-89-盗墓贼	13023	0	1	-1
22205	宝藏副本-89-夺宝贼	13024	0	1	-1
22206	宝藏副本-89-宝藏主人	13025	0	1	-1
22207	宝藏副本-89-夺宝贼	13076	0	1	-1
22208	宝藏副本-89-盗宝贼	13077	0	1	-1
22209	宝藏副本-89-宝藏主人	13078	0	1	-1
22210	宝藏副本-89-宝藏窃贼	13079	0	1	-1
22211	宝藏副本-89-宝藏窃贼	13079	0	1	-1
22212	宝藏副本-89-宝藏主人	13080	0	1	-1
22213	宝藏副本-89-摸金使节	13081	0	1	-1
22214	宝藏副本-89-摸金使节	13081	0	1	-1
22215	宝藏副本-89-变节圣使	13082	0	1	-1
22216	宝藏副本-94-盗墓贼	13023	0	1	-1
22217	宝藏副本-94-夺宝贼	13024	0	1	-1
22218	宝藏副本-94-宝藏主人	13025	0	1	-1
22219	宝藏副本-94-夺宝贼	13076	0	1	-1
22220	宝藏副本-94-盗宝贼	13077	0	1	-1
22221	宝藏副本-94-宝藏主人	13078	0	1	-1
22222	宝藏副本-94-宝藏窃贼	13079	0	1	-1
22223	宝藏副本-94-宝藏窃贼	13079	0	1	-1
22224	宝藏副本-94-宝藏主人	13080	0	1	-1
22225	宝藏副本-94-摸金使节	13081	0	1	-1
22226	宝藏副本-94-摸金使节	13081	0	1	-1
22227	宝藏副本-94-变节圣使	13082	0	1	-1
22228	宝藏副本-99-盗墓贼	13023	0	1	-1
22229	宝藏副本-99-夺宝贼	13024	0	1	-1
22230	宝藏副本-99-宝藏主人	13025	0	1	-1
22231	宝藏副本-99-夺宝贼	13076	0	1	-1
22232	宝藏副本-99-盗宝贼	13077	0	1	-1
22233	宝藏副本-99-宝藏主人	13078	0	1	-1
22234	宝藏副本-99-宝藏窃贼	13079	0	1	-1
22235	宝藏副本-99-宝藏窃贼	13079	0	1	-1
22236	宝藏副本-99-宝藏主人	13080	0	1	-1
22237	宝藏副本-99-摸金使节	13081	0	1	-1
22238	宝藏副本-99-摸金使节	13081	0	1	-1
22239	宝藏副本-99-变节圣使	13082	0	1	-1
22240	宝藏副本-104-盗墓贼	13023	0	1	-1
22241	宝藏副本-104-夺宝贼	13024	0	1	-1
22242	宝藏副本-104-宝藏主人	13025	0	1	-1
22243	宝藏副本-104-夺宝贼	13076	0	1	-1
22244	宝藏副本-104-盗宝贼	13077	0	1	-1
22245	宝藏副本-104-宝藏主人	13078	0	1	-1
22246	宝藏副本-104-宝藏窃贼	13079	0	1	-1
22247	宝藏副本-104-宝藏窃贼	13079	0	1	-1
22248	宝藏副本-104-宝藏主人	13080	0	1	-1
22249	宝藏副本-104-摸金使节	13081	0	1	-1
22250	宝藏副本-104-摸金使节	13081	0	1	-1
22251	宝藏副本-104-变节圣使	13082	0	1	-1
22252	宝藏副本-109-盗墓贼	13023	0	1	-1
22253	宝藏副本-109-夺宝贼	13024	0	1	-1
22254	宝藏副本-109-宝藏主人	13025	0	1	-1
22255	宝藏副本-109-夺宝贼	13076	0	1	-1
22256	宝藏副本-109-盗宝贼	13077	0	1	-1
22257	宝藏副本-109-宝藏主人	13078	0	1	-1
22258	宝藏副本-109-宝藏窃贼	13079	0	1	-1
22259	宝藏副本-109-宝藏窃贼	13079	0	1	-1
22260	宝藏副本-109-宝藏主人	13080	0	1	-1
22261	宝藏副本-109-摸金使节	13081	0	1	-1
22262	宝藏副本-109-摸金使节	13081	0	1	-1
22263	宝藏副本-109-变节圣使	13082	0	1	-1
22264	宝藏副本-114-盗墓贼	13023	0	1	-1
22265	宝藏副本-114-夺宝贼	13024	0	1	-1
22266	宝藏副本-114-宝藏主人	13025	0	1	-1
22267	宝藏副本-114-夺宝贼	13076	0	1	-1
22268	宝藏副本-114-盗宝贼	13077	0	1	-1
22269	宝藏副本-114-宝藏主人	13078	0	1	-1
22270	宝藏副本-114-宝藏窃贼	13079	0	1	-1
22271	宝藏副本-114-宝藏窃贼	13079	0	1	-1
22272	宝藏副本-114-宝藏主人	13080	0	1	-1
22273	宝藏副本-114-摸金使节	13081	0	1	-1
22274	宝藏副本-114-摸金使节	13081	0	1	-1
22275	宝藏副本-114-变节圣使	13082	0	1	-1
22276	宝藏副本-119-盗墓贼	13023	0	1	-1
22277	宝藏副本-119-夺宝贼	13024	0	1	-1
22278	宝藏副本-119-宝藏主人	13025	0	1	-1
22279	宝藏副本-119-夺宝贼	13076	0	1	-1
22280	宝藏副本-119-盗宝贼	13077	0	1	-1
22281	宝藏副本-119-宝藏主人	13078	0	1	-1
22282	宝藏副本-119-宝藏窃贼	13079	0	1	-1
22283	宝藏副本-119-宝藏窃贼	13079	0	1	-1
22284	宝藏副本-119-宝藏主人	13080	0	1	-1
22285	宝藏副本-119-摸金使节	13081	0	1	-1
22286	宝藏副本-119-摸金使节	13081	0	1	-1
22287	宝藏副本-119-变节圣使	13082	0	1	-1
28000	日常剿匪-boss1-山寨三当家	28000	0	1	-1
28001	日常剿匪-boss2-山寨二当家	28001	0	1	-1
28002	日常剿匪-boss3-虎王	28002	0	1	-1
28003	日常剿匪-boss3-山寨大当家	28003	0	1	-1
28004	日常剿匪-小怪1-山匪刀手	28004	0	1	-1
28005	日常剿匪-精英1-山匪快马1-1	28084	0	1	1
28006	日常剿匪-精英2-驯兽师	28006	0	1	-1
28007	日常剿匪-小怪3-山匪弓箭手	28007	0	1	-1
28008	日常剿匪-帐篷1交互npc	-1	0	1	-1
28009	日常剿匪-帐篷buff承载	-1	0	1	-1
28010	日常剿匪-酒缸	-1	0	1	-1
28011	日常剿匪-精英1-山匪快马2-1	28005	0	1	-1
28012	日常剿匪-精英1-山匪快马3-1	28005	0	1	-1
28013	预警测试木桩怪	10004	0	1	-1
28014	钟万仇	28009	0	1	-1
28015	连阿三	28013	0	1	-1
28016	一品堂-西夏士兵	28008	0	1	-1
28017	一品堂-西夏骑兵	28011	0	1	-1
28018	一品堂-卓不凡	28014	0	1	-1
28019	一品堂-赫连铁树	28010	0	1	-1
28020	一品堂-李秋水	28012	0	1	1
28021	日常剿匪-帐篷2交互npc	-1	0	1	-1
28022	日常剿匪-帐篷3交互npc	-1	0	1	-1
28023	日常剿匪-帐篷4交互npc	-1	0	1	-1
28024	日常剿匪-帐篷5交互npc	-1	0	1	-1
28025	日常剿匪-帐篷6交互npc	-1	0	1	-1
28026	日常剿匪-帐篷1显示特效npc	-1	0	1	-1
28027	日常剿匪-帐篷2显示特效npc	-1	0	1	-1
28028	日常剿匪-帐篷3显示特效npc	-1	0	1	-1
28029	日常剿匪-帐篷4显示特效npc	-1	0	1	-1
28030	日常剿匪-帐篷5显示特效npc	-1	0	1	-1
28031	日常剿匪-帐篷6显示特效npc	-1	0	1	-1
28032	剑湖宫副本-箭头	1019	0	1	-1
28033	棋魂	28017	80	1	1
28034	白棋	28018	80	1	1
28035	黑棋	28019	80	1	1
28036	怨念棋魂	28020	50	1	-1
28037	日常珍珑棋局-小怪3-棋罐A	28081	230	1	1
28038	日常珍珑棋局-棋罐A-1-搬运棋子-拿起	28076	0	1	1
28039	日常珍珑棋局-棋罐A-1-搬运棋子-放下	-1	0	1	1
28040	日常珍珑棋局-下棋NPC-苏星河	28022	0	1	-1
28041	日常珍珑棋局-下棋NPC-慕容复	28023	0	1	1
28042	日常珍珑棋局-棋罐A-2-搬运棋子-拿起	28076	0	1	1
28043	日常珍珑棋局-棋罐A-2-搬运棋子-放下	-1	0	1	1
28044	日常珍珑棋局-棋罐A-3-搬运棋子-拿起	28076	0	1	1
28045	日常珍珑棋局-棋罐A-3-搬运棋子-放下	-1	0	1	1
28046	日常珍珑棋局-棋罐A-4-搬运棋子-拿起	28076	0	1	1
28047	日常珍珑棋局-棋罐A-4-搬运棋子-放下	-1	0	1	1
28048	日常珍珑棋局-棋罐B-1-搬运棋子-拿起	28076	0	1	1
28049	日常珍珑棋局-棋罐B-1-搬运棋子-放下	-1	0	1	1
28050	日常珍珑棋局-棋罐B-2-搬运棋子-拿起	28076	0	1	1
28051	日常珍珑棋局-棋罐B-2-搬运棋子-放下	-1	0	1	1
28052	日常珍珑棋局-棋罐B-3-搬运棋子-拿起	28076	0	1	1
28053	日常珍珑棋局-棋罐B-3-搬运棋子-放下	-1	0	1	1
28054	日常珍珑棋局-棋罐B-4-搬运棋子-拿起	28076	0	1	1
28055	日常珍珑棋局-棋罐B-4-搬运棋子-放下	-1	0	1	1
28056	日常珍珑棋局-棋罐C-1-搬运棋子-拿起	28076	0	1	1
28057	日常珍珑棋局-棋罐C-1-搬运棋子-放下	-1	0	1	1
28058	日常珍珑棋局-棋罐C-2-搬运棋子-拿起	28076	0	1	1
28059	日常珍珑棋局-棋罐C-2-搬运棋子-放下	-1	0	1	1
28060	日常珍珑棋局-棋罐C-3-搬运棋子-拿起	28076	0	1	1
28061	日常珍珑棋局-棋罐C-3-搬运棋子-放下	-1	0	1	1
28062	日常珍珑棋局-棋罐C-4-搬运棋子-拿起	28076	0	1	1
28063	日常珍珑棋局-棋罐C-4-搬运棋子-放下	-1	0	1	1
28064	日常珍珑棋局-棋罐D-1-搬运棋子-拿起	28076	0	1	1
28065	日常珍珑棋局-棋罐D-1-搬运棋子-放下	-1	0	1	1
28066	日常珍珑棋局-棋罐D-2-搬运棋子-拿起	28076	0	1	1
28067	日常珍珑棋局-棋罐D-2-搬运棋子-放下	-1	0	1	1
28068	日常珍珑棋局-棋罐D-3-搬运棋子-拿起	28076	0	1	1
28069	日常珍珑棋局-棋罐D-3-搬运棋子-放下	-1	0	1	1
28070	日常珍珑棋局-棋罐D-4-搬运棋子-拿起	28076	0	1	1
28071	日常珍珑棋局-棋罐D-4-搬运棋子-放下	-1	0	1	1
28072	进入副本-苏星河	28028	0	1	-1
28073	破损黑棋	28019	0	1	1
28074	日常珍珑棋局-小怪3-棋罐B	28021	230	1	1
28075	日常珍珑棋局-小怪3-棋罐C	28021	230	1	1
28076	日常珍珑棋局-小怪3-棋罐D	28081	230	1	1
28077	棋局记录怪	-1	0	1	-1
28078	过渡特效怪	-1	0	1	-1
28079	日常剿匪-精英1-山匪快马1-2	28005	0	1	-1
28080	日常剿匪-精英1-山匪快马1-3	28005	0	1	-1
28081	日常剿匪-精英1-山匪快马2-2	28005	0	1	-1
28082	日常剿匪-精英1-山匪快马2-3	28005	0	1	-1
28083	日常剿匪-精英1-山匪快马3-2	28005	0	1	-1
28084	日常剿匪-精英1-山匪快马3-3	28005	0	1	-1
28101	新手棋局-指引箭头	308	0	1	-1
28102	白棋	28055	30	1	1
28103	黑棋	28056	30	1	1
28104	怨念棋魂	28057	50	1	-1
28105	新手棋局-搬运棋子-拿起	28075	30	1	1
28106	破损黑棋	28056	0	1	1
28107	守卫统领	28069	0	1	1
28108	英招	28070	3	1	-1
28109	日常珍珑棋局-小怪2-被围黑子	28071	0	1	1
28110	新手棋局-被围黑子	28072	0	1	1
28111	新手棋局副本-NPC-朱丹臣	208	0	1	-1
28112	新手棋局-推荐位置特效怪	-1	0	1	-1
28113	日常珍珑棋局-推荐位置特效怪	-1	0	1	-1
28114	新手棋局-棋罐A	28074	115	1	1
28115	新手棋局-空气墙特效npc	-1	0	1	-1
28116	日常剿匪-小怪1-山匪刀手	28004	0	1	-1
28117	再探山寨-boss1-山寨三当家	28000	0	1	-1
28118	再探山寨-boss1-山寨二当家	28001	0	1	-1
28119	再探山寨-boss2-虎王	28002	0	1	-1
28120	再探山寨-boss3-山寨大当家	28003	0	1	-1
28121	再探山寨-小怪1-山匪刀手	28004	0	1	-1
28122	再探山寨-小怪3-山匪弓箭手	28007	0	1	-1
28123	再探山寨-小怪3-山匪弓箭手队长	28007	0	1	-1
28124	再探山寨-帐篷1	-1	0	1	-1
28125	再探山寨-帐篷2	-1	0	1	-1
28126	再探山寨-帐篷3	-1	0	1	-1
28127	再探山寨-帐篷4	-1	0	1	-1
28128	再探山寨-帐篷5	-1	0	1	-1
28129	再探山寨-帐篷6	-1	0	1	-1
28130	再探山寨-酒缸	-1	0	1	-1
28131	再探山寨-逃跑-驯兽师	28006	0	1	-1
28132	再探山寨-战斗用花豹	28033	0	1	-1
28133	再探山寨-战斗用无量山猿	163	0	1	-1
28134	再探山寨-逃跑用花豹1	28033	0	1	-1
28135	再探山寨-逃跑用花豹2	28033	0	1	-1
28136	再探山寨-逃跑用花豹3	28033	0	1	-1
28137	再探山寨-逃跑用无量山猿1	163	0	1	-1
28138	再探山寨-逃跑用无量山猿2	163	0	1	-1
28139	再探山寨-逃跑用无量山猿3	163	0	1	-1
28140	再探山寨-二三当家都死统计	-1	0	1	-1
28141	再探山寨-boss1前小怪死亡统计	-1	0	1	-1
28142	再探山寨-boss2前小怪死亡统计	-1	0	1	-1
28143	再探山寨-boss3前小怪死亡统计	-1	0	1	-1
28144	再探山寨-精英1-山匪刀手队长	107	0	1	-1
28145	再探山寨-精英-草原狼	231	0	1	-1
28146	再探山寨-精英-巨蟒	162	0	1	-1
28147	山贼山寨-大当家-烈火轰雷-召唤弓箭手	28007	0	1	-1
28148	山贼山寨-炸药桶	28082	0	1	1
28149	日常珍珑棋局-小怪2-被围黑子	28071	0	1	1
28150	三十六倍棋局-Boss	28017	80	1	1
28151	三十六倍棋局-小怪2-黑子	28019	80	1	1
28152	三十六倍棋局-宝箱-50进度	13126	0	1	-1
28153	三十六倍棋局-宝箱-150进度	13126	0	1	-1
28154	山贼山寨-炸药桶2	28082	0	1	1
28155	山贼山寨-炸药桶3	28082	0	1	1
28156	山贼山寨-炸药桶4	28082	0	1	1
28157	山贼山寨-炸药桶5	28082	0	1	1
28158	山贼山寨-炸药桶6	28082	0	1	1
28159	山贼山寨-路径特效空npc	161	0	1	-1
28170	黑棋	28083	60	1	1
28171	聚贤庄副本-西北	161	0	1	-1
28172	黑棋	28056	30	1	1
28173	第一第二天宝石棋局-Boss	28017	80	1	1
28174	第一第二天宝石棋局-小怪2-黑子	28019	80	1	1
28175	第一第二天宝石棋局-宝箱-50进度	13126	0	1	-1
28176	第一第二天宝石棋局-宝箱-150进度	13126	0	1	-1
28180	黑棋	28056	30	1	1
10012	白驼山接引使	13164	0	1	1
10014	无尘寺接引僧	13012	0	1	1
10015	峨眉派接引姑姑	13013	0	1	1
10016	逍遥派接引使	13014	0	1	1
10017	武当派接引道长	13015	0	1	1
10018	丐帮接引长老	13016	0	1	1
10019	天山派接引使	13017	0	1	1
10020	明教接引使	13018	0	1	1
10021	天龙寺接引僧	13019	0	1	1
10022	星宿派接引弟子	13020	0	1	1
10023	玄机接引护卫	13021	0	1	1
10024	拜师入职接引NPC	326	0	1	1
10025	帮会-帮会总管	14000	0	1	1
10026	帮会-环线任务接取NPC	14001	0	1	-1
10027	帮会-聚义厅长老	14002	0	1	-1
10028	帮会-仓库长老	14003	0	1	-1
10029	帮会-工坊长老	14004	0	1	-1
10030	帮会-破魔堂长老	14005	0	1	-1
10031	帮会-修炼房长老	14006	0	1	-1
10032	帮会-日常物资提交任务接取NPC	14007	0	1	-1
10033	帮会环线-NPC	14008	0	1	-1
10034	帮会环线-NPC	14009	0	1	-1
10035	帮会环线-NPC	14010	0	1	-1
10036	帮会环线-NPC	14011	0	1	-1
10037	帮会环线-NPC	14012	0	1	-1
10038	帮会环线-NPC	14013	0	1	-1
10039	帮会环线-NPC	14014	0	1	-1
10040	帮会环线-NPC	14015	0	1	-1
10041	帮会环线-测试NPC（仅供测试）	14016	0	1	-1
10042	帮会环线-第十环小怪-NPC	14017	0	1	-1
10043	帮会环线-第十环副本-BOSS	14018	0	1	-1
10047	帮会日常物资提交-应景供桌	14019	0	1	-1
10052	特殊使用，其他功能勿用——拜师入职技能目标空NPC	-1	0	1	-1
10053	主城-珍兽繁殖	196	0	1	-1
10054	拜师入职跟班-无尘弟子	13046	0	1	-1
10055	拜师入职跟班-峨眉弟子	13047	0	1	-1
10056	拜师入职跟班-逍遥弟子	13048	0	1	-1
10057	拜师入职跟班-武当弟子	13049	0	1	-1
10058	拜师入职跟班-丐帮弟子	13050	0	1	-1
10059	拜师入职跟班-天山弟子	13051	0	1	-1
10060	拜师入职跟班-明教弟子	13052	0	1	-1
10061	拜师入职跟班-天龙弟子	13053	0	1	-1
10062	拜师入职跟班-星宿弟子	13054	0	1	-1
10063	拜师入职跟班-玄机弟子	13055	0	1	-1
10064	拜师入职跟班-无尘弟子	13056	0	1	-1
10065	拜师入职跟班-峨眉弟子	13057	0	1	-1
10066	拜师入职跟班-逍遥弟子	13058	0	1	-1
10067	拜师入职跟班-武当弟子	13059	0	1	-1
10068	拜师入职跟班-丐帮弟子	13060	0	1	-1
10069	拜师入职跟班-天山弟子	13061	0	1	-1
10070	拜师入职跟班-明教弟子	13062	0	1	-1
10071	拜师入职跟班-天龙弟子	13063	0	1	-1
10072	拜师入职跟班-星宿弟子	13064	0	1	-1
10073	拜师入职跟班-玄机弟子	13065	0	1	-1
10074	拜师入职跟班-无尘弟子	13066	0	1	-1
10075	拜师入职跟班-峨眉弟子	13067	0	1	-1
10076	拜师入职跟班-逍遥弟子	13068	0	1	-1
10077	拜师入职跟班-武当弟子	13069	0	1	-1
10078	拜师入职跟班-丐帮弟子	13070	0	1	-1
10079	拜师入职跟班-天山弟子	13071	0	1	-1
10080	拜师入职跟班-明教弟子	13072	0	1	-1
10081	拜师入职跟班-天龙弟子	13073	0	1	-1
10082	拜师入职跟班-星宿弟子	13074	0	1	-1
10083	拜师入职跟班-玄机弟子	13075	0	1	-1
10084	拜师入职跟班-无尘弟子	13046	0	1	-1
10085	拜师入职跟班-峨眉弟子	13047	0	1	-1
10086	拜师入职跟班-逍遥弟子	13048	0	1	-1
10087	拜师入职跟班-武当弟子	13049	0	1	-1
10088	拜师入职跟班-丐帮弟子	13050	0	1	-1
10089	拜师入职跟班-天山弟子	13051	0	1	-1
10090	拜师入职跟班-明教弟子	13052	0	1	-1
10091	拜师入职跟班-天龙弟子	13053	0	1	-1
10092	拜师入职跟班-星宿弟子	13054	0	1	-1
10093	拜师入职跟班-玄机弟子	13055	0	1	-1
10094	拜师入职跟班-无尘弟子	13056	0	1	-1
10095	拜师入职跟班-峨眉弟子	13057	0	1	-1
10096	拜师入职跟班-逍遥弟子	13058	0	1	-1
10097	拜师入职跟班-武当弟子	13059	0	1	-1
10098	拜师入职跟班-丐帮弟子	13060	0	1	-1
10099	拜师入职跟班-天山弟子	13061	0	1	-1
10100	拜师入职跟班-明教弟子	13062	0	1	-1
10101	拜师入职跟班-天龙弟子	13063	0	1	-1
10102	拜师入职跟班-星宿弟子	13064	0	1	-1
10103	拜师入职跟班-玄机弟子	13065	0	1	-1
10104	拜师入职跟班-无尘弟子	13066	0	1	-1
10105	拜师入职跟班-峨眉弟子	13067	0	1	-1
10106	拜师入职跟班-逍遥弟子	13068	0	1	-1
10107	拜师入职跟班-武当弟子	13069	0	1	-1
10108	拜师入职跟班-丐帮弟子	13070	0	1	-1
10109	拜师入职跟班-天山弟子	13071	0	1	-1
10110	拜师入职跟班-明教弟子	13072	0	1	-1
10111	拜师入职跟班-天龙弟子	13073	0	1	-1
10112	拜师入职跟班-星宿弟子	13074	0	1	-1
10113	拜师入职跟班-玄机弟子	13075	0	1	-1
10114	帮会传送（洛阳皇宫）	14020	0	1	-1
10115	玄难大师【常驻】	180	0	1	-1
10116	1级打猎-无量山-猴子	13098	0	1	-1
10117	1级打猎-无量山-巨蟒	13097	0	1	-1
10118	1级打猎-无量山-鹰	13096	0	1	-1
10119	1级打猎-无量山-巨蟒	13097	0	1	-1
10120	1级打猎-无量山-地图显示空NPC	161	0	1	-1
10121	2级打猎-姑苏-猴子	13098	0	1	-1
10122	2级打猎-姑苏-毒蛇	13100	0	1	-1
10123	2级打猎-姑苏-毒蜂	13101	0	1	-1
10124	2级打猎-姑苏-鹰	13096	0	1	-1
10125	2级打猎-姑苏-地图显示空NPC	161	0	1	-1
10126	3级打猎-无锡-毒蛇	13100	0	1	-1
10127	3级打猎-无锡-巨蟒	13097	0	1	-1
10128	3级打猎-无锡-毒蜂	13101	0	1	-1
10129	3级打猎-无锡-猴子	13098	0	1	-1
10130	3级打猎-无锡-地图显示空NPC	161	0	1	-1
10131	4级打猎-辽西草原-老虎	13095	0	1	-1
10132	4级打猎-辽西草原-鹰	13096	0	1	-1
10133	4级打猎-辽西草原-狼	13120	0	1	-1
10134	4级打猎-辽西草原-毒蜂	13101	0	1	-1
10135	4级打猎-辽西草原-地图显示空NPC	161	0	1	-1
10136	5级打猎-敦煌沙漠-猴子	13098	0	1	-1
10137	5级打猎-敦煌沙漠-巨蟒	13097	0	1	-1
10138	5级打猎-敦煌沙漠-鹰	13096	0	1	-1
10139	5级打猎-敦煌沙漠-老虎	13095	0	1	-1
10140	5级打猎-敦煌沙漠-地图显示空NPC	161	0	1	-1
10141	6级打猎-占位待定-猴子	13098	0	1	-1
10142	6级打猎-占位待定-巨蟒	13097	0	1	-1
10143	6级打猎-占位待定-鹰	13096	0	1	-1
10144	6级打猎-占位待定-老虎	13095	0	1	-1
10145	6级打猎-占位待定-地图显示空NPC	161	0	1	-1
10146	7级打猎-占位待定-猴子	13098	0	1	-1
10147	7级打猎-占位待定-巨蟒	13097	0	1	-1
10148	7级打猎-占位待定-鹰	13096	0	1	-1
10149	7级打猎-占位待定-老虎	13095	0	1	-1
10150	7级打猎-占位待定-地图显示空NPC	161	0	1	-1
10151	8级打猎-占位待定-猴子	13098	0	1	-1
10152	8级打猎-占位待定-巨蟒	13097	0	1	-1
10153	8级打猎-占位待定-鹰	13096	0	1	-1
10154	8级打猎-占位待定-老虎	13095	0	1	-1
10155	8级打猎-占位待定-地图显示空NPC	161	0	1	-1
10156	9级打猎-占位待定-猴子	13098	0	1	-1
10157	9级打猎-占位待定-巨蟒	13097	0	1	-1
10158	9级打猎-占位待定-鹰	13096	0	1	-1
10159	9级打猎-占位待定-老虎	13095	0	1	-1
10160	9级打猎-占位待定-地图显示空NPC	161	0	1	-1
10161	10级打猎-占位待定-猴子	13098	0	1	-1
10162	10级打猎-占位待定-巨蟒	13097	0	1	-1
10163	10级打猎-占位待定-鹰	13096	0	1	-1
10164	10级打猎-占位待定-老虎	13095	0	1	-1
10165	10级打猎-占位待定-地图显示空NPC	161	0	1	-1
10166	11级打猎-占位待定-猴子	13098	0	1	-1
10167	11级打猎-占位待定-巨蟒	13097	0	1	-1
10168	11级打猎-占位待定-鹰	13096	0	1	-1
10169	11级打猎-占位待定-老虎	13095	0	1	-1
10170	11级打猎-占位待定-地图显示空NPC	161	0	1	-1
10171	12级打猎-占位待定-猴子	13098	0	1	-1
10172	12级打猎-占位待定-巨蟒	13097	0	1	-1
10173	12级打猎-占位待定-鹰	13096	0	1	-1
10174	12级打猎-占位待定-老虎	13095	0	1	-1
10175	12级打猎-占位待定-地图显示空NPC	161	0	1	-1
10176	13级打猎-占位待定-猴子	13098	0	1	-1
10177	13级打猎-占位待定-巨蟒	13097	0	1	-1
10178	13级打猎-占位待定-鹰	13096	0	1	-1
10179	13级打猎-占位待定-老虎	13095	0	1	-1
10180	13级打猎-占位待定-地图显示空NPC	161	0	1	-1
10181	14级打猎-占位待定-猴子	13098	0	1	-1
10182	14级打猎-占位待定-巨蟒	13097	0	1	-1
10183	14级打猎-占位待定-鹰	13096	0	1	-1
10184	14级打猎-占位待定-老虎	13095	0	1	-1
10185	14级打猎-占位待定-地图显示空NPC	161	0	1	-1
10186	15级打猎-占位待定-猴子	13098	0	1	-1
10187	15级打猎-占位待定-巨蟒	13097	0	1	-1
10188	15级打猎-占位待定-鹰	13096	0	1	-1
10189	15级打猎-占位待定-老虎	13095	0	1	-1
10190	15级打猎-占位待定-地图显示空NPC	161	0	1	-1
10191	绘卷NPC-少年张择端	13102	0	1	-1
10192	帮会-富甲天下-钱夫人	14021	0	1	-1
10199	往生河谷-孟娘	14539	0	1	-1
10200	帮会-帮战入口NPC	14022	0	1	-1
10201	实体摆摊-店小二	13103	0	1	-1
10202	黑市商人-兑换NPC	102	0	1	-1
10203	帮会-0级属地-气氛组-少年男	14023	0	1	-1
10204	帮会-0级属地-气氛组-比武男	14024	0	1	-1
10205	帮会-0级属地-气氛组-少女	14025	0	1	-1
10206	帮会-0级属地-气氛组-医生	14026	0	1	-1
10207	帮会-0级属地-气氛组-大理女	14027	0	1	-1
10208	帮会-0级属地-气氛组-猴子	14028	0	1	-1
10209	帮会-0级属地-气氛组-悍妇	14029	0	1	-1
10210	帮会-0级属地-气氛组-弓箭手	14030	0	1	-1
10211	帮会-0级属地-气氛组-狼	14031	0	1	-1
10212	帮会-0级属地-气氛组-豹子	14032	0	1	-1
10213	帮会-0级属地-气氛组-渔夫	14033	0	1	-1
10214	帮会-0级属地-气氛组-西夏女	14034	0	1	-1
10215	帮会-0级属地-气氛组-中原胖子	14035	0	1	-1
10216	帮会-0级属地-气氛组-打手	14036	0	1	-1
10217	帮会核心-0级城	14037	0	1	-1
10218	帮会核心-1级城	14038	0	1	-1
10219	帮会核心-2级城	14039	0	1	-1
10220	帮会核心-3级城	14040	0	1	-1
10221	宵小通用义士-宋朝官兵	13127	0	1	-1
10222	宵小通用义士-灵鹫宫使节（持剑）	13128	0	1	-1
10223	宵小通用义士-星宿双环弟子	13129	0	1	-1
10224	宵小通用义士-无量剑西宫精英（女）	13130	0	1	-1
10225	宵小通用义士-无量剑东宫精英	13131	0	1	-1
10226	宵小通用义士-灵鹫宫圣使	13132	0	1	-1
10227	宵小通用义士-宋朝将领	13133	0	1	-1
10228	宵小通用义士-星宿持幡弟子	13134	0	1	-1
10229	宵小无尘义士-无尘武僧	13135	0	1	-1
10230	宵小无尘义士-无尘武僧	13135	0	1	-1
10231	宵小无尘义士-无尘武僧	13135	0	1	-1
10232	宵小峨眉义士-灵鹫宫圣使	13132	0	1	-1
10233	宵小峨眉义士-无量剑西宫弟子（女）	13136	0	1	-1
10234	宵小峨眉义士-无量剑西宫精英（女）	13130	0	1	-1
10235	宵小逍遥义士-灵鹫宫圣使	13132	0	1	-1
10236	宵小逍遥义士-宋朝将领	13133	0	1	-1
10237	宵小逍遥义士-灵鹫宫圣使	13132	0	1	-1
10238	宵小武当义士-无量剑东宫弟子	13137	0	1	-1
10239	宵小武当义士-无量剑东宫精英	13131	0	1	-1
10240	宵小武当义士-宋朝将领	13133	0	1	-1
10241	宵小丐帮义士-丐帮长老	13138	0	1	-1
10242	宵小丐帮义士-丐帮持钵弟子	13139	0	1	-1
10243	宵小丐帮义士-丐帮持棒弟子	13140	0	1	-1
10244	宵小天山义士-灵鹫宫普通弟子	13141	0	1	-1
10245	宵小天山义士-灵鹫宫使节（持剑）	13128	0	1	-1
10246	宵小天山义士-灵鹫宫圣使	13132	0	1	-1
10247	宵小明教义士-宋朝官兵	13127	0	1	-1
10248	宵小明教义士-宋朝官兵	13127	0	1	-1
10249	宵小明教义士-宋朝官兵	13127	0	1	-1
10250	宵小天龙义士-天龙僧	13142	0	1	-1
10251	宵小天龙义士-宋朝官兵	13127	0	1	-1
10252	宵小天龙义士-宋朝官兵	13127	0	1	-1
10253	宵小星宿义士-星宿持幡弟子	13134	0	1	-1
10254	宵小星宿义士-星宿双环弟子	13129	0	1	-1
10255	宵小星宿义士-宋朝官兵	13127	0	1	-1
10256	宵小玄机义士-宋朝官兵	13127	0	1	-1
10257	宵小玄机义士-宋朝官兵	13127	0	1	-1
10258	宵小玄机义士-宋朝官兵	13127	0	1	-1
10259	宵小展示NPC-马	13143	0	1	-1
10260	宵小展示NPC-火堆	13144	0	1	1
10261	实体摆摊其他线程替代NPC	13005	0	1	-1
10262	大理-打造NPC-中原铁匠	239	0	1	-1
10263	洛阳-打造NPC-中原铁匠	239	0	1	-1
10264	预留-打造NPC-中原铁匠	239	0	1	-1
10265	大理-生活NPC-采茶女	139	0	1	-1
10266	洛阳-生活NPC-中原农夫	268	0	1	-1
10267	预留-生活NPC-中原农夫	268	0	1	-1
10268	大理-草药NPC-大夫	103	0	1	-1
10269	洛阳-草药NPC-大夫	103	0	1	-1
10270	预留-草药NPC-大夫	103	0	1	-1
10271	帮会跑商-洛阳老板娘	14041	0	1	-1
10272	帮会跑商-无锡老板娘	14042	0	1	-1
10273	帮会跑商-无量山老板娘	14043	0	1	-1
10274	帮会跑商-万劫谷老板娘	14044	0	1	-1
10275	帮会建设-空木牌	14045	0	1	1
10276	帮会建设-许愿树NPC	14046	0	1	-1
10277	帮会建设-战旗处NPC	14047	0	1	-1
10278	帮会建设-珍品阁NPC	14048	0	1	-1
10279	帮会建设-奇巧斋NPC	14049	0	1	-1
10280	帮会建设-南柯梦NPC	14050	0	1	-1
10281	帮会建设-商行NPC	14051	0	1	-1
10282	帮会跑商-气氛组摊位	14052	0	1	1
10283	拜师入职技能目标木桩	13000	0	1	1
10284	帮会属地建设-战旗处（1级-高级）	14053	0	1	1
10285	帮会属地建设-战旗处（1级-低级）	14054	0	1	1
10286	帮会建设-建筑前的空NPc	14055	0	1	-1
10287	帮会属地室内建筑_椅子	14056	0	1	-1
10288	帮会属地室内建筑_椅子空挂点	14057	0	1	-1
10289	帮会建设-神龛NPC	14051	0	1	-1
10290	帮会环-无量山-杨三喜	14058	0	1	-1
10291	帮会环-无量山-大长老	14059	0	1	-1
10292	帮会环-无量山-李大娘	14060	0	1	-1
10293	帮会环-无锡-孟夫人	14063	0	1	-1
10294	帮会环-无锡-根儿哥	14064	0	1	-1
10295	帮会建设-住所NPC	14090	0	1	-1
10296	帮会建设-寒玉谷NPC	14091	0	1	-1
10297	帮会建设-演武场NPC	14092	0	1	-1
10298	帮会建设-活力泉NPC	14093	0	1	-1
10299	峨眉-可爱小师妹	8580	0	1	-1
10300	峨眉-可爱小师妹	8580	0	1	-1
28085	日常珍珑棋局-同时围杀2个奖励npc	-1	0	1	-1
28086	日常珍珑棋局-同时围杀3个奖励npc	-1	0	1	-1
28087	日常珍珑棋局-同时围杀4个奖励npc	-1	0	1	-1
28088	日常珍珑棋局-同时围杀5个及以上奖励npc	-1	0	1	-1
28089	日常剿匪-二三当家都死统计	-1	0	1	-1
28090	帮会守卫弓箭手	28044	0	1	-1
28091	桌子	28045	0	1	1
28092	凳子	28046	0	1	1
28093	椅子	28047	0	1	1
28094	青铜鼎	28048	0	1	1
28095	陶罐1	28049	0	1	1
28096	陶罐2	28050	0	1	1
28097	香炉	28051	0	1	-1
28098	秦墓地宫陶罐1	28052	0	1	1
28099	秦墓地宫陶罐2	28053	0	1	1
28100	秦墓地宫陶罐3	28054	0	1	1
10301	帮会建设-空木牌	14045	0	1	1
10302	帮会建设-空木牌	14045	0	1	1
10303	帮会建设-空木牌	14045	0	1	1
10304	帮会建设-空木牌	14045	0	1	1
10305	帮会建设-空木牌	14045	0	1	1
10306	帮会建设-空木牌	14045	0	1	1
10307	帮会建设-空木牌	14045	0	1	1
10308	帮会建设-空木牌	14045	0	1	1
10309	帮会建设-空木牌	14045	0	1	1
10310	帮会建设-空木牌	14045	0	1	1
10311	帮会建设-空木牌	14045	0	1	1
10312	帮会建设-空木牌	14045	0	1	1
10313	帮会建设-空木牌	14045	0	1	1
10314	帮会建设-空木牌	14045	0	1	1
10315	帮会建设-空木牌	14045	0	1	1
10316	帮会建设-空木牌	14045	0	1	1
10317	帮会-城战宣战NPC	14095	0	1	-1
10318	弃用-洛阳-城战入口NPC	255	0	1	-1
10319	帮会-1级属地-气氛组-中原男1	14067	0	1	-1
10320	帮会-1级属地-气氛组-中原男2	14068	0	1	-1
10321	帮会-1级属地-气氛组-中原女1	14069	0	1	-1
10322	帮会-1级属地-气氛组-中原女2	14070	0	1	-1
10323	帮会-1级属地-气氛组-门口迎宾1	14071	0	1	-1
10324	帮会-1级属地-气氛组-门口迎宾2	14072	0	1	-1
10325	帮会-1级属地-气氛组-门口迎宾3	14073	0	1	-1
10326	帮会-1级属地-气氛组-门口迎宾4	14074	0	1	-1
10327	帮会-1级属地-气氛组-门口迎宾5	14075	0	1	-1
10328	帮会-1级属地-气氛组-门口迎宾6	14076	0	1	-1
10329	帮会-1级属地-气氛组-铁匠1	14077	0	1	-1
10330	帮会-1级属地-气氛组-医生1	14078	0	1	-1
10331	帮会-1级属地-气氛组-壮汉1	14079	0	1	-1
10332	帮会-1级属地-气氛组-壮汉2	14080	0	1	-1
10333	帮会-1级属地-气氛组-侍女1	14081	0	1	-1
10334	帮会-1级属地-气氛组-侍女2	14082	0	1	-1
10335	帮会-1级属地-气氛组-主建筑前造势1	14083	0	1	-1
10336	帮会-1级属地-气氛组-主建筑前造势2	14084	0	1	-1
10337	帮会-1级属地-气氛组-主建筑前造势3	14085	0	1	-1
10338	帮会-1级属地-气氛组-主建筑前造势4	14086	0	1	-1
10339	帮会属地室内建筑_中间椅子空挂点	14087	0	1	-1
10340	帮会属地建设-战旗处（2级-高级）	14053	0	1	1
10341	帮会属地建设-战旗处（2级-低级）	14054	0	1	1
10342	帮会属地建设-战旗处（3级-高级）	14053	0	1	1
10343	帮会属地建设-战旗处（3级-低级）	14054	0	1	1
10344	离线摆摊-少林职业（男）	30701	0	1	-1
10345	离线摆摊-峨眉职业（男）	30702	0	1	-1
10346	离线摆摊-逍遥职业（男）	30703	0	1	-1
10347	离线摆摊-武当职业（男）	30704	0	1	-1
10348	离线摆摊-丐帮职业（男）	30705	0	1	-1
10349	离线摆摊-天山职业（男）	30706	0	1	-1
10350	离线摆摊-明教职业（男）	30707	0	1	-1
10351	离线摆摊-大理职业（男）	30708	0	1	-1
10352	离线摆摊-星宿职业（男）	30709	0	1	-1
10353	离线摆摊-玄机职业（男）	30710	0	1	-1
10354	离线摆摊-少林职业（女）	30711	0	1	-1
10355	离线摆摊-峨眉职业（女）	30712	0	1	-1
10356	离线摆摊-逍遥职业（女）	30713	0	1	-1
10357	离线摆摊-武当职业（女）	30714	0	1	-1
10358	离线摆摊-丐帮职业（女）	30715	0	1	-1
10359	离线摆摊-天山职业（女）	30716	0	1	-1
10360	离线摆摊-明教职业（女）	30717	0	1	-1
10361	离线摆摊-大理职业（女）	30718	0	1	-1
10362	离线摆摊-星宿职业（女）	30719	0	1	-1
10363	离线摆摊-玄机职业（女）	30720	0	1	-1
10364	帮会运镖-起点-洛阳NPC	27501	0	1	-1
10365	帮会运镖-终点1-大理NPC	27502	0	1	-1
10366	帮会运镖-终点1-辽西草原NPC	27503	0	1	-1
10367	帮会运镖-终点1-姑苏郊外NPC	27504	0	1	-1
10368	帮会运镖-普通镖车（绿）	27505	0	1	-1
10369	帮会运镖-高级镖车	27506	0	1	-1
10370	剑湖宫副本-箭头	1019	0	1	-1
10371	洛阳饭馆经营-金掌柜	143	0	1	-1
10372	帮会运镖-普通镖车（蓝）	27507	0	1	-1
10373	帮会运镖-普通镖车（紫）	27508	0	1	-1
10374	洛阳气氛NPC无锡城市泼皮	193	50	1	-1
10375	诸保昆（怪物）	30610	0	1	-1
10376	战场箭头指引	10011	0	1	-1
10377	师徒日常-钟灵	132	0	1	-1
10378	师徒日常-木婉清	205	0	1	-1
10379	师徒日常-萧峰	178	0	1	1
10380	师徒日常-段誉	190	0	1	1
10381	师徒日常-鸠摩智	145	0	1	1
10382	师徒日常-慕容复	321	0	1	1
10383	师徒日常-王语嫣	138	0	1	-1
10384	师徒日常-阿朱	136	0	1	-1
10385	洛阳气氛NPC无锡城市泼皮	193	50	1	-1
10386	洛阳气氛NPC无锡城市泼皮	193	50	1	-1
10387	帮会跑商-残破商票回收NPC	14094	0	1	-1
10388	饭馆经营-食材采集指引点	161	0	1	-1
10389	华山论剑报名NPC	13145	0	1	1
10390	战旗底座	14096	0	1	1
10391	华山论剑-洛阳雕像-金（1级-79级）	14718	0	1	1
10392	华山论剑-洛阳雕像-银（1级-79级）	14719	0	1	1
10393	华山论剑-洛阳雕像-铜（1级-79级）	14720	0	1	1
10394	华山论剑-洛阳雕像-金（80级-89级）	14718	0	1	1
10395	华山论剑-洛阳雕像-银（80级-89级）	14719	0	1	1
10396	华山论剑-洛阳雕像-铜（80级-89级）	14720	0	1	1
10397	华山论剑-洛阳雕像-金（100级-119级）	14718	0	1	1
10398	华山论剑-洛阳雕像-银（100级-119级）	14719	0	1	1
10399	华山论剑-洛阳雕像-铜（100级-119级）	14720	0	1	1
10400	门派任务-天山-应景NPC	13017	0	1	1
10401	门派任务（100-109）-第5环	14721	0	1	1
10402	跨服城战入口NPC-帮会	317	0	1	-1
10403	帮会捐献入口NPC-帮会	14022	0	1	-1
10404	帮战阵营敌我旗帜空NPC	-1	0	1	-1
10405	星宿派接引弟子	13019	0	1	-1
10406	洛阳跨服传送NPC	253	0	1	-1
10407	跨服大世界传送NPC	253	0	1	-1
10408	跨服野外城寨安全区空NPC	-1	0	1	-1
10409	包打听【幽谷苍林】	11198	0	1	-1
10410	回血NPC	130	0	1	-1
10411	帮会争霸赛入口NPC	14022	0	1	-1
10412	金乌旗	13203	3	1	1
10413	月桂旗	13203	3	1	1
10414	星海旗	13203	3	1	1
10415	帮会争霸赛-本帮箭塔空NPC	13200	3	1	1
10416	帮会争霸赛-敌帮箭塔空NPC	13201	3	1	1
10417	离线摆摊-白驼山职业（男）	30721	0	1	-1
10418	离线摆摊-白驼山职业（女）	30722	0	1	-1
10450	【迷瘴林渊】少林	11301	0	1	1
10451	【迷瘴林渊】峨眉	11302	0	1	1
10452	【迷瘴林渊】丐帮	11303	0	1	1
10453	【迷瘴林渊】明教	11304	0	1	1
10454	【迷瘴林渊】星宿	11305	0	1	1
10500	虎王（BOSS）	28059	0	1	-1
10501	无量剑宗弟子（怪物）	188	0	1	-1
10502	鸠摩智（BOSS）	145	0	1	1
10504	万劫谷杀手（怪物）	199	0	1	-1
10505	少林武僧	14703	0	1	-1
10506	姿态切换副本助战npc-武当弟子	13005	0	1	-1
10601	端阳灯会场景退出场景NPC	30800	0	1	-1
10602	端阳灯会场景高级天灯	30801	0	1	1
10603	端阳灯会场景低级天灯	30802	0	1	1
10604	代言人陈公子	360	0	1	-1
10605	代言人樊掌门	361	0	1	-1
10606	代言人黄帮主	362	0	1	-1
10607	教师节夫子	6996	0	1	-1
10610	庙会活动-许愿牌坊	27511	0	1	1
10611	庙会活动-香-姻缘	27513	0	1	1
10612	庙会活动-香-财运	27513	0	1	1
10613	庙会活动-香-事业	27513	0	1	1
10614	庙会活动-香-家庭	27513	0	1	1
10615	庙会活动-香炉	27514	0	1	-1
10616	庙会活动-许愿牌坊	27512	0	1	-1
10617	庙会活动-变身-送财狐仙-元宝	27543	0	1	-1
10618	乔峰	8650	0	1	1
10619	虚竹	131	0	1	1
10620	段誉	10089	0	1	1
10621	阿朱	10191	0	1	-1
10622	阿碧	10188	0	1	-1
10623	王语嫣	138	0	1	-1
10624	金鞭客	124	0	1	-1
10625	小和尚	14704	0	1	-1
10626	庙会活动-变身-慕容复	27549	0	1	1
10627	庙会活动-阿东	30402	0	1	-1
10628	庙会活动-阿西	240	0	1	-1
10629	庙会活动-阿西	134	0	1	-1
10630	春节庙会-年兽-大“年兽”	27544	0	1	-1
10631	春节庙会-年兽-爆竹派送NPC	27546	0	1	-1
10632	春节庙会-年兽-中爆竹-触发NPC	27547	0	1	-1
10633	春节庙会-年兽-大爆竹-触发NPC	27548	0	1	-1
10634	庙会活动-师父	326	0	1	-1
10635	庙会活动-风	27550	0	1	-1
10636	庙会活动-神秘人	27551	0	1	1
10637	庙会活动-上香和尚	200	0	1	-1
10638	庙会活动-鸠摩智	145	0	1	1
10639	庙会活动-鸠摩智-敌方	145	0	1	1
10640	春节庙会-年兽-空物体	-1	0	1	-1
10641	庙会活动-雪师姐	14598	0	1	-1
10642	春节庙会-年兽-进战用空物体	-1	0	1	-1
10643	庙会活动-上香终点提示圈	27568	0	1	-1
10644	上香终点氛围NPC1	115	0	1	-1
10645	上香终点氛围NPC2	118	0	1	-1
10646	上香终点氛围NPC3	134	0	1	-1
10647	上香终点氛围NPC4	139	0	1	-1
10648	上香终点氛围NPC5	160	0	1	-1
10649	庙会氛围-神秘女子	14094	0	1	-1
10650	庙会氛围-阿东	30402	0	1	-1
10651	庙会氛围-阿西	240	0	1	-1
10652	庙会氛围-阿西	134	0	1	-1
10653	庙会氛围-和尚	200	0	1	-1
10654	春节庙会-年兽-地面箭头	159	0	1	-1
10655	春节庙会-套圈-分隔线空物体	-1	0	1	-1
10656	幽谷苍林故事-段誉	10089	0	1	1
10657	幽谷苍林故事-王语嫣	138	0	1	-1
10658	庙会副本入口-输出	10089	0	1	-1
10659	庙会副本入口-生存	8650	0	1	-1
10660	庙会副本入口-治疗	138	0	1	-1
10661	庙会副本入口-宠物	10188	0	1	-1
10662	庙会副本入口-无尘	131	0	1	-1
10663	庙会副本入口-峨眉	13013	0	1	-1
10664	庙会副本入口-逍遥	13014	0	1	-1
10665	庙会副本入口-武当	13015	0	1	-1
10666	庙会副本入口-丐帮	13016	0	1	-1
10667	庙会副本入口-天山	13017	0	1	-1
10668	庙会副本入口-明教	13018	0	1	-1
10669	庙会副本入口-星宿	13020	0	1	-1
10670	庙会副本入口-大理	13019	0	1	-1
10671	庙会副本入口-玄机	13021	0	1	-1
10672	庙会副本入口-输出-到期不可进入	10089	0	1	-1
10673	庙会副本入口-生存-到期不可进入	8650	0	1	-1
10674	庙会副本入口-治疗-到期不可进入	138	0	1	-1
10675	庙会副本入口-宠物-到期不可进入	10188	0	1	-1
10676	庙会副本入口-无尘-到期不可进入	131	0	1	-1
10677	庙会副本入口-峨眉-到期不可进入	13013	0	1	-1
10678	庙会副本入口-逍遥-到期不可进入	13014	0	1	-1
10679	庙会副本入口-武当-到期不可进入	13015	0	1	-1
10680	庙会副本入口-丐帮-到期不可进入	13016	0	1	-1
10681	庙会副本入口-天山-到期不可进入	13017	0	1	-1
10682	庙会副本入口-明教-到期不可进入	13018	0	1	-1
10683	庙会副本入口-星宿-到期不可进入	13020	0	1	-1
10684	庙会副本入口-大理-到期不可进入	13019	0	1	-1
10685	庙会副本入口-玄机-到期不可进入	13021	0	1	-1
10686	庙会副本入口-年货	454	0	1	-1
10687	庙会副本入口-领元宝	4868	0	1	-1
10688	庙会副本入口-迎财神	27526	0	1	-1
10689	输出试炼Boss	31312	0	1	-1
10690	输出试炼Boss-招小怪	31312	0	1	-1
10691	输出试炼小怪	31312	0	1	-1
10692	治疗试炼-木桩	31312	50	1	-1
10693	生存试炼-小怪1	16662	0	1	-1
10694	生存试炼-小怪2	16662	0	1	-1
10695	生存试炼-小怪3	16662	0	1	-1
10696	年货怪物1	8408	0	1	-1
10697	年货怪物2	8408	0	1	-1
10698	年货怪物3	8408	0	1	-1
10699	迎财神-元宝1	27576	0	1	-1
10700	迎财神-元宝2	27577	0	1	-1
10701	迎财神-元宝3	27578	0	1	-1
10702	迎财神-元宝4	27579	0	1	-1
10703	迎财神-空	-1	50	1	-1
10704	年货-空	-1	50	1	-1
10705	生存试炼-空	-1	50	1	-1
11201	杀机-触发NPC	-1	0	1	-1
11202	狩猎-触发NPC	-1	0	1	-1
11203	神佑-触发NPC	-1	0	1	-1
11204	破阵-触发NPC	-1	0	1	-1
11205	内丹-触发NPC	-1	0	1	-1
11206	再生-触发NPC	-1	0	1	-1
11207	守财-触发NPC	-1	0	1	-1
11208	鉴影镜-触发NPC	-1	0	1	-1
30418	白猿-村口猴子—助威	16012	0	1	-1
30419	白猿-村口猴子-摇头	16013	0	1	-1
30420	白猿-村口猴子—休闲	16014	0	1	-1
30421	白猿-村口猴子—站立	16015	0	1	-1
30422	无量山猿	16013	0	1	-1
30423	无量山猿	16014	0	1	-1
30424	新手战斗-铜人-经验npc	-1	0	1	-1
30425	新手战斗-小猴王-经验npc	-1	0	1	-1
30426	【五一活动】兔子1	7057	0	1	2
30430	无锡-萌宝繁殖	196	0	1	-1
30431	萌宝气氛-柴柴	16115	0	1	-1
30432	萌宝气氛-兔子	16116	0	1	-1
30433	萌宝气氛-结婚狸奴1	16200	0	1	-1
30434	无锡-结婚萌宝	196	0	1	-1
30435	大世界-领取猫1	7050	0	1	-1
30436	大世界-领取猫2	7050	0	1	-1
30437	大世界-领取猫3	7050	0	1	-1
30438	萌宝气氛-结婚狸奴2	16200	0	1	-1
30440	萌宝捕捉1	16109	0	1	1
30441	萌宝捕捉2	16110	0	1	1
30442	萌宝捕捉3	16111	0	1	1
30443	萌宝捕捉4	16112	0	1	1
30444	萌宝捕捉5	16113	0	1	1
30445	萌宝捕捉6	16114	0	1	1
30446	萌宝捕捉7	16115	0	1	1
30447	萌宝捕捉8	16116	0	1	1
30448	萌宝捕捉9	16117	0	1	1
30449	萌宝捕捉10	16118	0	1	1
30450	萌宝打怪1	15007	0	1	-1
30451	萌宝打怪2	15007	0	1	1
30452	萌宝打怪3	15007	0	1	1
30453	萌宝打怪4	15007	0	1	1
30454	萌宝打怪5	15007	0	1	1
30455	萌宝打怪6	15007	0	1	1
30456	萌宝打怪7	15007	0	1	1
30457	萌宝打怪8	15007	0	1	1
30458	萌宝打怪9	15007	0	1	1
30459	萌宝打怪10	15007	0	1	1
31500	鱼米之乡：码头船夫（普通）	10101	0	1	-1
31501	无锡情况：段誉（对话/演员）	190	0	1	1
31502	无锡情况：段誉（对话/演员）	190	0	1	1
31503	师徒相见：师父（对话）	187	0	1	1
31504	松鹤之约：段誉（对话/演员）	190	0	1	1
31505	一见如故：乔峰（匪徒暂代）	178	0	1	1
31506	一见如故：店小二（仓库账房暂代）	11000	0	1	-1
31507	凉亭相见：赫连铁树（需新建内容）	109	0	1	-1
31508	丐帮之乱：李延宗（需新建内容）	186	0	1	1
31509	清理丐帮乱党：丐帮弟子暂代匪徒1（怪物）	192	0	1	-1
31510	清理丐帮乱党：丐帮弟子暂代匪徒2（怪物）	192	0	1	-1
31511	清理丐帮乱党：丐帮弟子暂代匪徒3（怪物）	192	0	1	-1
31512	师命难违-师父（对话）	187	0	1	1
31513	赶往杏子林：李延宗（丐帮模型）	186	0	1	1
31514	赶往杏子林：丐帮弟子（替换主角）	192	0	1	-1
31515	乔装潜入：驻守的丐帮弟子1（需新建）	192	0	1	-1
31516	乔装潜入：驻守的丐帮弟子2（需新建）	192	0	1	-1
31517	场景npc：坐着的丐帮弟子1（需新建）	14503	0	1	-1
31518	场景npc：坐着的丐帮弟子2（需新建）	14503	0	1	-1
31519	场景npc：坐着的丐帮弟子3（需新建）	14504	0	1	-1
31520	场景npc：坐着的丐帮弟子4（需新建）	14504	0	1	-1
31521	场景npc：四大丐帮长老（需新建）	14505	0	1	-1
31522	场景npc：四大丐帮长老（需新建）	14506	0	1	-1
31523	场景npc：四大丐帮长老（需新建）	14507	0	1	-1
31524	场景npc：四大丐帮长老（需新建）	14508	0	1	-1
31525	场景npc：乔峰	178	0	1	1
31526	场景npc：阿朱（需新建）	136	0	1	-1
31527	场景npc：阿碧（需新建）	135	0	1	-1
31528	场景npc：石头	14512	0	1	1
31529	场景npc：书4	14513	0	1	-1
31530	追杀：西夏武士暂代匪徒1（怪物）	176	0	1	-1
31531	追杀：西夏武士暂代匪徒2（怪物）	176	0	1	-1
31532	追杀：西夏武士暂代匪徒3（怪物）	176	0	1	-1
31533	追杀：丐帮传令弟子（需新建）	192	0	1	-1
31534	延误军情：李延宗（丐帮模型）	177	0	1	-1
31535	松开缰绳：拴马柱	13000	0	1	1
31536	松开缰绳：拴马柱	13000	0	1	1
31537	掩护段誉：段誉（对话/演员）	190	0	1	1
31538	掩护段誉：王语嫣（对话/演员）	138	0	1	-1
31539	掩护段誉：西夏一品堂成员岳老三（怪物）	14537	0	1	1
31540	寻找解药：西夏武士暂代匪徒2（怪物）	176	0	1	-1
31541	寻找解药：西夏武士暂代匪徒3（怪物）	176	0	1	-1
31542	寻找解药：西夏军官暂代匪徒3（怪物）	176	0	1	-1
31543	抢夺解药：西夏武士暂代匪徒2（怪物）	176	0	1	-1
31544	抢夺解药：西夏武士暂代匪徒3（怪物）	176	0	1	-1
31545	抢夺解药：西夏军官暂代匪徒3（怪物）	176	0	1	-1
31546	帮助段誉：西夏武士暂代匪徒2（怪物）	176	0	1	-1
31547	帮助段誉：西夏武士暂代匪徒3（怪物）	176	0	1	-1
31548	帮助段誉：西夏军官暂代匪徒3（怪物）	176	0	1	-1
31549	帮助段誉：李延宗（需新建内容）	186	0	1	1
31550	帮助段誉：段誉（对话/演员）	190	0	1	1
31551	帮助段誉：王语嫣（对话/演员）	138	0	1	-1
31552	合力救人：西夏武士暂代匪徒2（怪物）	176	0	1	-1
31553	合力救人：西夏武士暂代匪徒3（怪物）	176	0	1	-1
31554	合力救人：西夏军官暂代匪徒3（怪物）	176	0	1	-1
31555	合力救人：乔峰	178	0	1	1
31556	合力救人：阿朱（需新建）	136	0	1	-1
31557	合力救人：阿碧（需新建）	135	0	1	-1
31558	护送两姊：西夏武士暂代匪徒2（怪物）	176	0	1	-1
31559	护送两姊：西夏武士暂代匪徒3（怪物）	176	0	1	-1
31560	护送两姊：西夏军官暂代匪徒3（怪物）	176	0	1	-1
31561	再遇段誉：段誉（对话/演员）	190	0	1	1
31562	再遇段誉：王语嫣（对话/演员）	138	0	1	-1
31563	小沙弥：小沙弥	127	0	1	-1
31564	小沙弥：阿朱（需新建）	136	0	1	-1
31565	小沙弥：阿碧（需新建）	135	0	1	-1
31566	小沙弥：丐帮弟子（替换主角）	192	0	1	-1
31567	小沙弥：青城弟子-段誉（对话/演员）	190	0	1	1
31568	小沙弥：青城弟子-王语嫣（对话/演员）	138	0	1	-1
31569	场景npc：西夏武士暂代匪徒1（怪物）	176	0	1	-1
31570	场景npc：西夏武士暂代匪徒2（怪物）	176	0	1	-1
31571	场景npc：西夏军官暂代匪徒3（怪物）	176	0	1	-1
31572	场景npc：被抓的丐帮弟子1（需新建）	177	0	1	-1
31573	场景npc：被抓的丐帮弟子2（需新建）	177	0	1	-1
31574	场景npc：被抓的丐帮弟子3（需新建）	177	0	1	-1
31575	场景npc：西夏武士暂代匪徒1（怪物）	176	0	1	-1
31576	场景npc：西夏武士暂代匪徒2（怪物）	176	0	1	-1
31577	场景npc：西夏军官暂代匪徒3（怪物）	176	0	1	-1
31578	场景npc：被抓的丐帮弟子1（需新建）	177	0	1	-1
31579	场景npc：被抓的丐帮弟子2（需新建）	177	0	1	-1
31580	场景npc：被抓的丐帮弟子3（需新建）	177	0	1	-1
31581	巧遇雪：雪	116	0	1	-1
31582	击败护卫：西夏武士暂代匪徒1（怪物）	219	0	1	-1
31583	击败护卫：西夏武士暂代匪徒2（怪物）	176	0	1	-1
31584	击败护卫：西夏军官暂代匪徒3（怪物）	176	0	1	-1
31585	击败护卫：叶二娘（需新建内容）	14538	0	1	1
31586	击败护卫：西夏武士暂代匪徒1（怪物）	176	0	1	-1
31587	击败护卫：西夏武士暂代匪徒2（怪物）	176	0	1	-1
31588	开启佛龛：佛龛	14523	0	1	-1
31589	默记心经：心经	14524	0	1	-1
31590	再启冲突：雪	116	0	1	-1
31591	扮演丐帮：四大丐帮长老（需新建）	106	0	1	-1
31592	扮演丐帮：驻守的丐帮弟子1（需新建）	14503	0	1	-1
31593	扮演丐帮：驻守的丐帮弟子2（需新建）	14504	0	1	-1
31594	扮演丐帮：乔峰	178	0	1	1
31595	松鹤相聚：雪	116	0	1	-1
31596	松鹤相聚：店小二（对话/演员）	14525	0	1	-1
31597	复命：师父（对话）	187	0	1	1
31598	瀑布相见：雪	116	0	1	-1
31599	摊贩（对话/演员）	14527	0	1	-1
31600	话本	14513	0	1	-1
31601	路人（对话/演员）	14528	0	1	-1
31602	商贾（对话/演员）	14529	0	1	-1
31603	路人（对话/演员）	14528	0	1	-1
31604	无赖（对话/演员）	193	0	1	-1
31605	遇到萧峰：乔峰	178	0	1	1
31606	场景npc：少林弟子（对话/演员）	200	0	1	-1
31607	场景npc：少林弟子（对话/演员）	200	0	1	-1
31608	场景npc：少林弟子（对话/演员）	200	0	1	-1
31609	场景npc：少林弟子（对话/演员）	200	0	1	-1
31610	玄苦大师（需新建）	129	0	1	-1
31611	乔峰	178	0	1	1
31612	击退武僧：少林弟子（对话/演员）	200	0	1	-1
31613	击退武僧：少林弟子（对话/演员）	200	0	1	-1
31614	击退武僧：少林弟子（对话/演员）	200	0	1	-1
31615	回到洛阳：雪	116	0	1	-1
31616	刺客暂代匪徒1（怪物）	179	0	1	-1
31617	刺客暂代匪徒2（怪物）	179	0	1	-1
31618	刺客暂代匪徒3（怪物）	179	0	1	-1
31619	地鼠门暂代匪徒1-刺探（怪物）	14535	0	1	-1
31620	地鼠门暂代匪徒1（怪物）	14535	0	1	-1
31621	地鼠门暂代匪徒1（怪物）	14535	0	1	-1
31622	地鼠门暂代匪徒1（怪物）	14535	0	1	-1
31623	连阿三暂代匪徒1（怪物）	112	0	1	-1
31624	地鼠门暂代匪徒1（怪物）	14535	0	1	-1
31625	地鼠门暂代匪徒1（怪物）	14535	0	1	-1
31626	连阿三暂代匪徒1（怪物）	112	0	1	-1
31627	地鼠门暂代匪徒1（怪物）	14535	0	1	-1
31628	地鼠门暂代匪徒1（怪物）	14535	0	1	-1
31629	连阿三暂代匪徒1（怪物）	112	0	1	-1
31630	雪	116	0	1	-1
31631	连阿三暂代匪徒1（怪物）	112	0	1	-1
31632	地鼠门暂代匪徒1（怪物）	14535	0	1	-1
31633	地鼠门暂代匪徒1（怪物）	14535	0	1	-1
31634	地鼠门暂代匪徒1（怪物）	14535	0	1	-1
31635	地鼠门暂代匪徒1（怪物）	14535	0	1	-1
31636	雪	116	0	1	-1
31637	书4（信物）	14513	0	1	-1
31638	击杀护卫：西夏一品堂成员暂代匪徒1（怪物）	176	0	1	-1
31639	击杀护卫：西夏一品堂成员暂代匪徒1（怪物）	176	0	1	-1
31640	击杀护卫：西夏一品堂成员暂代匪徒1（怪物）	176	0	1	-1
31641	渔民-码头船夫（对话）	10101	0	1	-1
31642	卖货郎	14527	0	1	-1
31643	场景npc：无锡路人	14528	0	1	-1
31644	场景npc：无锡路人	14528	0	1	-1
31645	场景npc：商贩1	14527	0	1	-1
31646	场景npc：商贩2	14527	0	1	-1
31647	场景npc：商贩3	14527	0	1	-1
31648	场景npc：无锡路人	115	0	1	-1
31649	场景npc：无锡路人	133	0	1	-1
31650	场景npc：无锡路人	134	0	1	-1
31651	场景npc：无锡路人	143	0	1	-1
31652	野怪npc：天宁寺武林人士	111	0	1	-1
31653	野怪npc：天宁寺毒蜂	175	0	1	-1
31654	野怪npc：天宁寺无赖	193	0	1	-1
31655	野怪npc：天宁寺五步蛇	174	0	1	-1
31656	野怪npc：磨坊一品堂	176	0	1	-1
31657	野怪npc：磨坊一品堂	176	0	1	-1
31658	野怪npc：杏子林丐帮	177	0	1	-1
31659	野怪npc：杏子林丐帮	192	0	1	-1
31660	暂别挚友：段誉（对话/演员）	190	0	1	1
31661	无锡情况：码头船夫（对话）	10101	0	1	-1
31662	松鹤相约：雪	116	0	1	-1
31663	青城弟子-段誉（对话/演员）	190	0	1	1
31664	护送两姊：阿朱（需新建）	136	0	1	-1
31665	护送两姊：阿碧（需新建）	135	0	1	-1
31666	护送两姊：阿朱（需新建）	136	0	1	-1
31667	护送两姊：阿碧（需新建）	135	0	1	-1
31668	乐坊一品堂刺客战斗：雪	116	0	1	-1
31669	霁府门口：雪	116	0	1	-1
31670	击败地鼠门人：雪	116	0	1	-1
31671	乐坊探子相遇雪	116	0	1	-1
31672	清理丐帮乱党：丐帮弟子暂代匪徒1（怪物）	192	0	1	-1
31673	追杀：西夏武士暂代匪徒1（怪物）	117	0	1	-1
31674	掩护段誉：西夏一品堂成员暂代匪徒1（怪物）	150	0	1	1
31675	寻找解药：西夏武士暂代匪徒2（怪物）	176	0	1	-1
31676	寻找解药：西夏武士暂代匪徒3（怪物）	176	0	1	-1
31677	寻找解药：西夏军官暂代匪徒3（怪物）	117	0	1	-1
31678	帮助段誉：西夏武士暂代匪徒2（怪物）	176	0	1	-1
31679	帮助段誉：西夏武士暂代匪徒3（怪物）	176	0	1	-1
31680	帮助段誉：西夏军官暂代匪徒3（怪物）	117	0	1	-1
31681	帮助段誉：李延宗（需新建内容）	186	0	1	1
31682	合力救人：西夏武士暂代匪徒2（怪物）	176	0	1	-1
31683	合力救人：西夏武士暂代匪徒3（怪物）	176	0	1	-1
31684	合力救人：西夏军官暂代匪徒3（怪物）	117	0	1	-1
31685	护送两姊：西夏武士暂代匪徒2（怪物）	176	0	1	-1
31686	护送两姊：西夏武士暂代匪徒3（怪物）	176	0	1	-1
31687	护送两姊：西夏军官暂代匪徒3（怪物）	117	0	1	-1
31688	击败护卫：叶二娘（需新建内容）	14538	0	1	1
31689	击败护卫：西夏武士暂代匪徒1（怪物）	117	0	1	-1
31690	击败护卫：西夏武士暂代匪徒2（怪物）	117	0	1	-1
31691	击退武僧：少林弟子（对话/演员）	122	0	1	-1
31692	击退武僧：少林弟子（对话/演员）	122	0	1	-1
31693	击退武僧：少林弟子（对话/演员）	122	0	1	-1
31694	刺客暂代匪徒1（怪物）	111	0	1	-1
31695	刺客暂代匪徒2（怪物）	179	0	1	-1
31696	刺客暂代匪徒3（怪物）	111	0	1	-1
31697	连阿三暂代匪徒1（怪物）	112	0	1	-1
31698	地鼠门暂代匪徒1（怪物）	14535	0	1	-1
31699	地鼠门暂代匪徒1（怪物）	14535	0	1	-1
31700	雪	116	0	1	-1
31701	无锡情况交任务-段誉	190	0	1	1
31702	暂别挚友交任务-段誉	190	0	1	1
31703	无锡情况：码头船夫（对话）	10101	0	1	-1
31704	掩护段誉：西夏一品堂成员岳老三（对话）	14537	0	1	1
31710	钟灵	14541	0	1	-1
31711	神农帮香主	14542	0	1	-1
31712	天山驯兽人	14543	0	1	-1
31713	神农帮帮众	14544	0	1	-1
31714	万劫谷守卫	14545	0	1	-1
31715	村民	14546	0	1	-1
31716	侠客	14547	0	1	-1
31717	闪电貂	14548	0	1	-1
31718	地图显示空NPC	14549	0	1	-1
31719	无锡巨商	221	0	1	-1
31720	穷苦小孩	10135	0	1	-1
31721	王婆	11033	0	1	-1
31722	薛神医	130	0	1	-1
31723	张三	10087	0	1	-1
31724	人参	215	0	1	-1
31725	甘草	215	0	1	-1
31726	金银花	215	0	1	-1
31727	首乌	215	0	1	-1
31728	茯苓	215	0	1	-1
31729	枸杞	215	0	1	-1
31730	川贝	215	0	1	-1
31731	蒲黄	215	0	1	-1
31732	赫连铁树	109	0	1	-1
31733	老仆	10201	0	1	-1
31734	少年	134	0	1	-1
31735	侍女	14574	0	1	-1
31736	鱼米之乡：码头船夫2（普通）	10101	0	1	-1
31737	鱼米之乡：码头船夫5（普通）	10101	0	1	-1
31738	鱼米之乡：码头船夫6（普通）	10101	0	1	-1
31739	鱼米之乡：码头船夫7（普通）	10101	0	1	-1
31740	场景npc：无锡路人	14528	0	1	-1
31741	场景npc：无锡路人	143	0	1	-1
31742	场景npc：无锡路人	30403	0	1	-1
31743	场景npc：无锡路人	14528	0	1	-1
31744	场景npc：商贩3	14527	0	1	-1
31745	中原男青年	115	0	1	-1
31746	村民	268	0	1	-1
31747	阿柴	268	0	1	-1
31748	阿米	239	0	1	-1
31749	阿油	258	0	1	-1
31750	阿盐	303	0	1	-1
31751	阿醋	258	0	1	-1
31752	阿茶	199	0	1	-1
31753	张三	11168	0	1	-1
31754	王五	222	0	1	-1
31755	李家妹	269	0	1	-1
31756	邓老刀	199	0	1	-1
31757	刘老二	11168	0	1	-1
31758	江湖游医	11030	0	1	-1
31759	阿花	14574	0	1	-1
31760	阿云	269	0	1	-1
31761	阿青	14574	0	1	-1
31762	阿彩	269	0	1	-1
31763	阿绿	14574	0	1	-1
31764	阿月	269	0	1	-1
31765	阿三	268	0	1	-1
31766	阿阳	239	0	1	-1
31767	阿刚	268	0	1	-1
31768	阿铁	239	0	1	-1
31769	管家	14567	0	1	-1
31770	厨子	10236	0	1	-1
31771	钓鱼人	10101	0	1	-1
31772	幽会小情侣	198	0	1	-1
31773	幽会小情侣	14574	0	1	-1
31774	客栈老板娘	14041	0	1	-1
31775	店小二	13103	0	1	-1
31776	名伶	234	0	1	-1
31777	配乐人员	30621	0	1	-1
31778	配乐人员	30622	0	1	-1
32900	椅子	28047	0	1	1
32901	椅子	28047	0	1	1
32902	椅子	28047	0	1	1
32903	配乐人员	30623	0	1	-1
32904	配乐人员	30623	0	1	-1
31801	李秋水-师父	10100	0	1	1
31802	码头问路-码头船夫（对话）	10101	0	1	-1
31803	百姓疲弊-受欺货郎（对话）	268	0	1	-1
31804	青城弟子-诸保昆（对话/演员）	30632	0	1	-1
31805	王家长老等-王家长老（对话）	242	0	1	-1
31806	人质	10161	0	1	-1
31807	姚伯当（水榭大厅）	10166	0	1	-1
31808	青城弟子-诸保昆（王家）	30610	0	1	-1
31809	被救人质	14656	0	1	-1
31791	被救人质（替换）	14656	0	1	-1
31780	青城弟子-姑苏装饰	14660	0	1	-1
31781	秦家寨腿子-姑苏装饰	14661	0	1	-1
31782	秦家寨探子	14662	0	1	-1
31950	秦家寨探子	14662	0	1	-1
31951	秦家寨坐地虎	14663	0	1	-1
31952	秦家寨三当家	14664	0	1	-1
31953	秦家寨腿子代表-姑苏装饰	14661	0	1	-1
31954	秦家寨坐地虎	14663	0	1	-1
31955	秦家寨三当家被制服	14666	0	1	-1
31956	秦家寨弓手-城楼戏台装饰	14667	0	1	-1
31957	秦家寨打手—戏台装饰	14668	0	1	-1
31958	秦家寨打手代表	14668	0	1	-1
31959	戏台人质1（副本）	14669	0	1	-1
31960	戏台人质2（副本）	14670	0	1	-1
31961	戏台人质3（副本）	14671	0	1	-1
31962	被救下戏台人质1	14672	0	1	-1
31963	被救下戏台人质2	14673	0	1	-1
31964	被救下戏台人质3	14674	0	1	-1
31965	被救下戏台人质3（世界）	14671	0	1	-1
31966	秦家寨二当家	14675	0	1	-1
31967	秦家寨打手—二当家的装饰	14668	0	1	-1
31968	药罐子	14676	0	1	-1
31969	秦家寨死士—大当家的装饰	14677	0	1	-1
31970	燕子坞渡口装饰	14571	0	1	-1
31971	松鹤楼	14680	0	1	1
31972	西夏武士装饰	176	0	1	-1
31983	茶花	14689	0	1	1
31984	茶花	14690	0	1	1
31810	雪	14551	0	1	-1
31811	段誉	14552	0	1	1
31812	鸠摩智	14553	0	1	1
31813	阿碧	14554	0	1	-1
31814	阿碧	14555	0	1	-1
31815	阿朱	14556	0	1	-1
31816	鸠摩智	14557	0	1	1
31817	阿碧	14558	0	1	-1
31818	阿朱	14559	0	1	-1
31819	阿碧	14560	0	1	-1
31820	段誉	14561	0	1	1
31821	行船	14562	0	1	1
31822	阿朱	14563	0	1	-1
31823	阿碧	14564	0	1	-1
31824	段誉	14565	0	1	1
31825	阿朱	14566	0	1	-1
31826	慕容管家	14567	0	1	-1
31827	慕容管家	14568	0	1	-1
31828	盲婆婆	14569	0	1	-1
31829	王夫人	14570	0	1	-1
31830	鸠摩智	14557	0	1	1
31831	盲婆婆	171	0	1	-1
31832	行船	14562	0	1	1
31833	鸠摩智（渡口逃走）	14557	0	1	1
31834	王家侍女	14574	0	1	-1
31835	王家侍女（护送）	14575	0	1	-1
31836	段誉（花圃前）	14576	0	1	1
31837	王语嫣（亭子里）	14577	0	1	-1
31838	王语嫣（护送）	14578	0	1	-1
31839	王语嫣（花圃前）	14579	0	1	-1
31840	李婆婆（花匠老妪）	14580	0	1	-1
31841	兰婆婆（花匠老妪）	14581	0	1	-1
31842	阿朱（花肥房）	14582	0	1	-1
31843	阿碧（花肥房）	14583	0	1	-1
31844	王语嫣（渡口）	14584	0	1	-1
31845	阿碧	14586	0	1	-1
31846	阿朱	14587	0	1	-1
31847	诸保昆	30610	0	1	-1
31848	司马林	194	0	1	1
31849	王语嫣	14590	0	1	-1
31850	包不同	14591	0	1	-1
31851	王夫人	14570	0	1	-1
31852	诸保昆	30610	0	1	-1
31853	司马林	194	0	1	1
31854	王语嫣	14584	0	1	-1
31855	艄公（姑苏）	14595	0	1	-1
31856	青城派司马林（姑苏）	194	0	1	1
31857	秦家寨姚伯当（姑苏）	10166	0	1	-1
31858	雪姑娘（姑苏）	14598	0	1	-1
31859	月姑娘（姑苏-镜像副本）	14599	0	1	-1
31860	雪姑娘（无锡）	14600	0	1	-1
31861	李秋水（无锡）	14601	0	1	1
31862	乔峰（无锡）	14602	0	1	1
31863	段誉（无锡）（镜像副本内）	14603	0	1	1
31864	李延宗（慕容复易容）	14604	0	1	1
31865	李延宗（副本）	14604	0	1	1
31866	外围丐帮弟子	14607	0	1	-1
31867	李延宗（镜像副本）	14608	0	1	1
31868	香炉（杏子林副本）	14609	0	1	-1
31869	乔峰（副本内站位）	14610	0	1	1
31870	徐长老（副本内站位）	14611	0	1	-1
31871	全冠清（副本内站位）	14612	0	1	-1
31872	风波恶（副本内站位）	14613	0	1	-1
31873	段誉+王语嫣骑马（镜像副本护送）	14685	0	1	-1
31874	段誉（无锡，杏子林）	14615	0	1	1
31875	王语嫣（无锡，杏子林）	14616	0	1	-1
31876	王语嫣（无锡，磨坊）	14617	0	1	-1
31877	段誉（无锡，磨坊）	14618	0	1	1
31878	李廷宗（无锡场景内，磨坊）	14619	0	1	1
31879	李廷宗2（无锡场景内，磨坊）	14619	0	1	1
31880	西夏武士（站桩）	176	0	1	-1
31881	侍女	14623	0	1	-1
31882	侍女（护送）	14624	0	1	-1
31883	李秋水（寄畅园）	14625	0	1	1
31884	李延宗（寄畅园）	14626	0	1	1
31885	李秋水（寄畅园副本）	14627	0	1	1
31886	慕容复（寄畅园副本）	14628	0	1	1
31887	雪姑娘（寄畅园副本）	14629	0	1	-1
31888	雪姑娘（寄畅园副本-护送）	14630	0	1	-1
31889	西夏兵长（寄畅园）	14699	0	1	-1
31890	雪姑娘（寄畅园）	14632	0	1	-1
31891	天宁寺僧	14638	0	1	-1
31892	天宁寺长老	14639	0	1	-1
31893	云中鹤	14640	0	1	1
31894	雪姑娘	14641	0	1	-1
31895	乔峰（阿朱易容）	14642	0	1	1
31896	慕容复（段誉易容）	321	0	1	1
31897	吴长风（丐帮长老）	14644	0	1	-1
31898	陈孤雁（丐帮长老）	14645	0	1	-1
31899	丐帮弟子（装饰）	14646	0	1	-1
31900	慕容博	14647	0	1	1
31799	慕容复写字	14648	0	1	1
31800	慕容复（护送）	14648	0	1	1
31798	吴长风	14657	0	1	-1
31797	佛龛	14654	0	1	1
31796	慕容复（寺内）	14643	0	1	1
31795	雪姑娘	14641	0	1	-1
31794	阿朱（花肥房）	14582	0	1	-1
31793	阿碧（花肥房）	14583	0	1	-1
31792	艄公（姑苏）	14595	0	1	-1
31790	渡口（被松绑）段誉	14561	0	1	1
31789	吴长风（副本被救）	14657	0	1	-1
31788	丐帮弟子（被救装饰）	14658	0	1	-1
31787	丐帮弟子（被救装饰）	14658	0	1	-1
31786	丐帮弟子（被救装饰）	14658	0	1	-1
31785	丐帮弟子（被救装饰）	14658	0	1	-1
31784	陈孤雁副本外（丐帮长老）	14681	0	1	-1
31783	慕容复刻字	14659	0	1	1
31973	上船后	14563	0	1	-1
31974	上船后	14564	0	1	-1
31975	上船后	14576	0	1	1
31976	酒碗	14682	0	1	-1
31977	雪姑娘（寄畅园）	14641	0	1	-1
31978	行船（行船上）	14562	0	1	1
31979	上船后	14563	0	1	-1
31980	上船后	14564	0	1	-1
31981	上船后	14576	0	1	1
31982	佛龛开启	14683	0	1	1
31985	段誉+王语嫣骑马（镜像副本护送）	14686	0	1	-1
31986	马匹	206	0	1	-1
31987	天宁寺经书	291	0	1	-1
31988	天宁寺僧	14638	0	1	-1
31989	雪姑娘（松鹤楼）	14692	0	1	1
31990	西夏兵丁-无锡小桥装饰	14699	0	1	-1
31991	李秋水（寄畅园里）	14627	0	1	1
31992	雪姑娘（思过楼）	14692	0	1	1
31993	丐帮弟子-无锡装饰	14658	0	1	-1
31994	丐帮弟子-无锡装饰	14658	0	1	-1
31995	神秘人	14691	0	1	1
31996	雪姑娘（洛阳）	14692	0	1	1
31997	一品堂门人（洛阳）	14693	0	1	-1
31998	地鼠门人（洛阳）	14694	0	1	-1
31999	地鼠打手（洛阳）	14695	0	1	-1
32800	地鼠打手护送	14695	0	1	-1
32801	地鼠打手（霁府门外）	14695	0	1	-1
32802	雪姑娘副本内跟随	14692	0	1	1
32803	雪姑娘（霁府门外）	14692	0	1	1
32804	雪姑娘（副本霁府门外）	14692	0	1	1
32805	地鼠守卫（霁府墙上）	14697	0	1	-1
32806	连阿三（副本-霁府内）	14696	0	1	-1
32807	雪姑娘（副本-霁府内）	14692	0	1	1
32808	雪姑娘（霁府内）	14692	0	1	1
32809	一品堂打手（洛阳）	14699	0	1	-1
32810	乔峰（寺外）	14700	0	1	1
32811	少林小僧（阿朱易容-后院）	14701	0	1	-1
32812	少林小僧（阿朱易容）（副本）	14701	0	1	-1
32813	玄苦大师（副本）	14702	0	1	-1
32814	少林僧众（副本）	14703	0	1	-1
32815	小和尚（副本）	14704	0	1	-1
32816	乔峰（大殿）	14700	0	1	1
32817	少林武僧（大殿）	14703	0	1	-1
32818	受伤小僧（阿朱易容-大殿外）	14705	0	1	-1
32819	乔峰（大殿外）	14700	0	1	1
32820	乔峰（聚贤庄门外）	14700	0	1	1
32821	聚贤庄家丁（聚贤庄门外）	14706	0	1	-1
32822	阿朱（聚贤庄受伤）	14582	0	1	-1
32823	聚贤庄家丁（聚贤庄门外）	14706	0	1	-1
32824	地鼠杀手（霁府内装饰）	14698	0	1	-1
32825	雪刻字	14707	0	1	1
32826	乔峰（护送）	14700	0	1	1
32827	圆寂玄苦大师（副本）	14708	0	1	-1
32828	段誉（杏子林台上）	14615	0	1	1
32829	王语嫣（杏子林台上）	14616	0	1	-1
32830	乔峰（杏子林台上）	14610	0	1	1
32831	徐长老（杏子林台上）	30617	0	1	-1
32832	万劫谷引兽香	14551	0	1	-1
31901	腿子	14678	0	1	-1
31902	腿子	14678	0	1	-1
31903	坐地虎	14663	0	1	-1
31904	三当家	14664	0	1	-1
31905	秦家守卫  	10181	0	1	-1
31906	秦家二当家	14675	0	1	-1
31907	姚伯当	10166	0	1	-1
31908	青城弟子-诸保昆（小桥助战	30632	0	1	-1
31909	灵鹫宫弟子	14571	0	1	-1
31910	鸠摩智	14572	0	1	1
31911	慕容家丁	14573	0	1	-1
31912	王家家丁	14585	0	1	-1
31913	秦家寨流寇（怪物）	14592	0	1	-1
31914	诸保昆（怪物）	30610	0	1	-1
31915	司马林（怪物）	194	0	1	1
31916	月姑娘（怪物）	14605	0	1	-1
31917	李延宗（怪物）	14606	0	1	1
31918	杏子林外围丐帮弟子（怪物）	14620	0	1	-1
31919	西夏武士（怪物）	176	0	1	-1
31920	李延宗（怪物）	14622	0	1	1
31921	李秋水(怪物)	14633	0	1	1
31922	雪姑娘（友方）	14634	0	1	-1
31923	西夏守卫(怪物)	176	0	1	-1
31924	西夏兵长(怪物)	14699	0	1	-1
31925	西夏武士(怪物)	176	0	1	-1
31926	雪姑娘（助战）	14641	0	1	-1
31927	云中鹤(怪物)	14650	0	1	1
31928	西夏武士(怪物)	176	0	1	-1
31929	岳老三(怪物)	14652	0	1	1
31930	叶二娘(怪物)	14653	0	1	1
31931	青城弟子-助战	14660	0	1	-1
31932	秦家寨探子	14662	0	1	-1
31933	秦家寨弓手	14667	0	1	-1
31934	秦家寨打手	10109	0	1	-1
31935	秦家寨死士—大当家的装饰	14677	0	1	-1
31936	青城弟子-怪2489	14660	0	1	-1
31937	段誉-助战2447	14576	0	1	1
31939	西夏兵丁	14649	0	1	-1
31940	一品堂门徒	14693	0	1	-1
31941	一品堂高手	14699	0	1	-1
31942	地鼠守卫	14697	0	1	-1
31943	地鼠杀手	14698	0	1	-1
31944	连阿三	14696	0	1	-1
31945	雪姑娘	14692	0	1	1
31946	神秘人（副本）	14691	0	1	1
31947	少林武僧（副本）	14703	0	1	-1
31948	雪	14692	0	1	1
31949	乔峰（友方）	14700	0	1	1
30091	无量山村民	14801	0	1	-1
30092	钟清扬  <大理武将 >	14802	0	1	-1
30093	阿箬  	14803	0	1	-1
30094	大理卫兵	14804	0	1	-1
30095	辛双清	30636	0	1	-1
30096	司空玄	30637	0	1	1
30097	无量派弟子装饰	14807	0	1	-1
30098	神农帮弟子装饰	14808	0	1	-1
30150	无量派弟子装饰	14807	0	1	-1
30151	神农帮弟子装饰	14808	0	1	-1
30152	辛双清	30636	0	1	-1
30153	司空玄	30637	0	1	1
30161	玉玲	14900	0	1	-1
30162	科尼亚	14902	0	1	-1
30163	黑衣人	14901	0	1	-1
30164	立宗明教	14903	0	1	-1
30165	立宗明教	14903	0	1	-1
30166	立宗明教	14903	0	1	-1
30167	沙宝兴	14904	0	1	-1
30168	罗施乐	14905	0	1	-1
30169	立宗弟子	14906	0	1	-1
30170	立宗弟子代表	14906	0	1	-1
30171	云漠笙 	14907	0	1	-1
30172	科尼亚受伤的	14908	0	1	-1
30173	丐帮长老护送	106	0	1	-1
30174	峨眉弟子	14911	0	1	-1
30175	武当弟子	14912	0	1	-1
30176	少林弟子	14910	0	1	-1
30177	武当侠士【随机任务接取】	13049	0	1	-1
30178	沙漠商旅（西洲）	303	0	1	-1
30179	中原侠士受伤（西洲）	14913	0	1	-1
30180	科尼亚（西洲）	14902	0	1	-1
30181	中原侠士（西洲地图入口）	11098	0	1	-1
30182	西洲物资车	30026	0	1	-1
30183	营地大夫	103	0	1	-1
30184	中原武林人	179	0	1	-1
30185	沙海骆驼	5021	0	1	-1
30186	宋朝征西将军	253	0	1	-1
30187	宋朝征西宋兵	255	0	1	-1
30188	西洲行者	30118	0	1	-1
30189	宗派大夫	103	0	1	-1
30190	立宗弟子	14906	0	1	-1
30191	立宗弟子代表	14906	0	1	-1
30192	中原江湖人	198	0	1	-1
30193	中原侠士（西洲）	11098	0	1	-1
30194	峨眉侠士【随机任务接取】	13047	0	1	-1
30195	逍遥侠士【随机任务接取】	13048	0	1	-1
30196	武当侠士【随机任务接取】	13049	0	1	-1
30197	丐帮侠士【随机任务接取】	13050	0	1	-1
30198	天山侠士【随机任务接取】	13051	0	1	-1
30199	少林侠士【随机任务接取】	13046	0	1	-1
30200	峨眉侠士【随机任务接取】	13047	0	1	-1
30201	科尼亚	14902	0	1	-1
30202	黑衣人	14901	0	1	-1
30203	立宗明教	14903	0	1	-1
30204	科尼亚	14902	0	1	-1
30205	立宗弟子	14906	0	1	-1
30206	云漠笙 	14907	0	1	-1
30207	西洲沙蝎	28034	50	1	-1
30208	西洲苍狼	231	50	1	-1
30209	第一阶段-主城-明教探子1	14914	50	1	-1
30210	第一阶段-主城-明教探子2	14915	50	1	-1
30211	第一阶段-主城-明教探子3	14916	50	1	-1
30212	第一阶段-主城-明教探子4	14917	50	1	-1
30213	第一阶段-主城-明教探子5	14918	50	1	-1
30214	第一阶段-主城-明教探子6	14919	50	1	-1
30215	第一阶段-主城-明教探子7	14920	50	1	-1
30216	第一阶段-主城-明教探子8	14921	50	1	-1
30217	通用-空白子物体	-1	50	1	-1
30218	第一阶段-主城-明教探子-本体	14906	50	1	-1
30219	副本-明教阴影-明教弟子-男	14928	50	1	-1
30220	副本-明教阴影-明教弟子-女	14929	50	1	-1
30221	副本-明教阴影-明教教主	30507	50	1	-1
30222	副本-明教阴影-中原人士1-拾取	14922	50	1	-1
30223	副本-明教阴影-中原人士2-拾取	14923	50	1	-1
30224	副本-明教阴影-中原人士3-拾取	14924	50	1	-1
30225	副本-明教阴影-中原人士1	14925	50	1	-1
30226	副本-明教阴影-中原人士2	14926	50	1	-1
30227	副本-明教阴影-中原人士3	14927	50	1	-1
30228	副本-明教阴影-控制器	-1	50	1	-1
30229	中原侠士【随机任务接取】-随机事件-假npc1	11098	0	1	-1
30230	中原侠士【随机任务接取】-随机事件-假npc2	11098	0	1	-1
30231	中原侠士【随机任务接取】-随机事件-假npc3	11098	0	1	-1
30232	中原侠士【随机任务接取】-随机事件-假npc4	11098	0	1	-1
30233	中原侠士【随机任务接取】-随机事件-假npc5	11098	0	1	-1
30234	中原侠士【随机任务接取】-随机事件-假npc6	11098	0	1	-1
30235	中原侠士【随机任务接取】-随机事件-假npc7	11098	0	1	-1
30236	中原侠士【随机任务接取】-随机事件-假npc8	11098	0	1	-1
30237	中原侠士【随机任务接取】-随机事件-假npc9	11098	0	1	-1
30238	开宗立派-千晓生	197	0	1	-1
30239	副本-明教阴影-明教弟子-男-战斗	14930	50	1	-1
30240	副本-明教阴影-明教弟子-女-战斗	14931	50	1	-1
30241	副本-明教阴影-大门	30549	50	1	1
30242	副本-明教阴影-明教教主-逃离阶段	30507	50	1	-1
30243	开宗立派-单人副本主角-女飞贼	30539	0	1	-1
30244	开宗立派-龙卷风	-1	0	1	-1
30245	第三周劝服手下正宗弟子	14930	50	1	-1
30246	天龙开宗立派-大理密探	8562	50	1	-1
30247	天龙开宗立派-西夏卫兵	10056	50	1	-1
30248	天龙开宗立派-杨义贞	14660	50	1	-1
30249	天龙开宗立派-李延宗	10081	50	1	-1
30250	天龙开宗立派-大理密探	8562	50	1	-1
30251	天龙预热单人试炼-接引npc天元大师	31351	0	1	-1
30252	天龙预热单人试炼-接引npc均衡派执事	31352	0	1	-1
30253	天龙预热单人试炼-接引npc玄衣客	31353	0	1	-1
30254	天龙预热单人试炼-接引npc段誉	10089	0	1	1
32000	摆夷猎人【路口】	301	0	1	-1
32001	摆夷猎人【跟随】	301	0	1	-1
32002	摆夷猎人【茶商会馆】	301	0	1	-1
32003	摆夷猎人【吹嘘】	301	0	1	-1
32004	摆夷猎人【马五德处】	301	0	1	-1
32005	观众1【听吹嘘\听经】	134	0	1	-1
32006	观众2【听吹嘘\听经】	143	0	1	-1
32007	观众3【听吹嘘\听经】	133	0	1	-1
32008	马五德【茶商会馆常驻】	300	0	1	-1
32009	李秋水【小岛】	30613	0	1	1
32010	宝石匠人【引导】	179	0	1	-1
32011	天龙寺高僧【讲经】	210	0	1	-1
32012	天龙寺高僧护卫【讲经】	104	0	1	-1
32013	路人【讲经】	133	0	1	-1
32014	酒保【打听常驻】	153	0	1	-1
32015	万事通【打听常驻】	130	0	1	-1
32016	守门人【镇南王府常驻】	104	0	1	-1
32017	傅思归【镇南王府常驻】	204	0	1	-1
32018	小二【城郊野店常驻】	222	0	1	-1
32019	孙三霸【城郊野店相位】	124	0	1	-1
32020	孙三霸部下【城郊野店相位】	179	0	1	-1
32021	朱丹臣【城郊野店相位】	208	0	1	-1
32022	朱丹臣【城郊野店相位外】	208	0	1	-1
32023	阿阮【无量山入口】	302	0	1	-1
32024	足迹【五步林】	154	0	1	-1
32025	腥味【五步林】	278	0	1	-1
32026	阿阮哥哥【五步林】	10262	0	1	-1
32027	阿阮【坝子常驻】	302	0	1	-1
32028	阿阮哥哥【坝子常驻】	153	0	1	-1
32029	干光豪【灵猿壁】	188	0	1	-1
32030	葛光佩【灵猿壁】	168	0	1	-1
32031	邢光德【剑湖宫门口】	188	0	1	-1
32032	无量派宾客1【剑湖宫相位】	282	0	1	-1
32033	无量派宾客2【剑湖宫相位】	197	0	1	-1
32034	无量派宾客3【剑湖宫相位】	111	0	1	-1
32035	无量派宾客4【剑湖宫相位】	179	0	1	-1
32036	无量派宾客5【剑湖宫相位】	198	0	1	-1
32037	无量派宾客6【剑湖宫相位】	192	0	1	-1
32038	无量派宾客7【剑湖宫相位】	104	0	1	-1
32039	马五德【剑湖宫相位】	300	0	1	-1
32040	书生【剑湖宫相位】	115	0	1	-1
32041	段誉【剑湖宫相位】	190	0	1	1
32042	段誉【剑湖宫相位房顶】	190	0	1	1
32043	龚光杰【剑湖宫相位】	167	0	1	-1
32044	干光豪【剑湖宫相位】	188	0	1	-1
32045	无量剑东宗弟子【剑湖宫相位】	188	0	1	-1
32046	无量剑东宗精英【剑湖宫相位】	167	0	1	-1
32047	左子穆【剑湖宫相位】	194	0	1	1
32048	辛双清【剑湖宫相位】	166	0	1	-1
32049	无量剑西宗弟子【剑湖宫相位】	189	0	1	-1
32050	无量剑西宗精英【剑湖宫相位】	168	0	1	-1
32051	钟灵【剑湖宫相位房顶】	132	0	1	-1
32052	段誉【跟随】	190	0	1	1
32053	钟灵【跟随】	132	0	1	-1
32054	段誉【神农帮】	190	0	1	1
32055	钟灵【神农帮】	132	0	1	-1
32056	神农帮弟子【神农帮相位】	191	0	1	-1
32057	神农帮守门弟子【神农帮相位】	191	0	1	-1
32058	司空玄【神农帮相位】	16004	0	1	1
32059	司空玄【神农帮常驻】	25575	0	1	1
32060	雪【柴房】	30619	0	1	1
32061	雪【跟随】	30619	0	1	1
32062	雪【花相位】	30619	0	1	1
32063	无量剑西宫弟子【花相位】	189	0	1	-1
32064	无量剑东宫弟子【花相位】	188	0	1	-1
32065	花【花相位】	30620	0	1	1
32066	左子穆【花相位】	30633	0	1	1
32067	辛双清【花相位】	30634	0	1	-1
32068	灵鹫宫弟子【花相位】	152	0	1	-1
32069	辛双清【花相位】	166	0	1	-1
32070	司空玄【花相位】	165	0	1	1
32071	神农帮弟子【花相位】	191	0	1	-1
32072	灵鹫宫使节潇娘【花相位】	169	0	1	-1
32073	灵鹫宫使节潇娘【跟随】	169	0	1	-1
32074	灵鹫宫使节潇娘【百花谷口】	169	0	1	-1
32075	雪【瀑布】	30619	0	1	1
32076	雪【跳崖相位】	30619	0	1	1
32077	雪【洞外】	30619	0	1	1
32078	雪【山洞相位】	30619	0	1	1
32079	雪【山洞相位书洞内】	30615	0	1	1
32080	玉像【山洞相位】	203	0	1	-1
32081	书案【山洞相位】	203	0	1	-1
32082	蒲团【山洞相位】	203	0	1	-1
32083	床【山洞相位】	203	0	1	-1
32084	武功秘籍【山洞相位】	203	0	1	-1
32085	花【无量洞外】	30620	0	1	1
32086	灵鹫宫弟子【无量洞外】	152	0	1	-1
32087	潇娘【无量洞外】	169	0	1	-1
32088	木婉清【辕门坝】	205	0	1	-1
32089	段誉【辕门坝】	190	0	1	1
32090	干光豪【辕门坝】	188	0	1	-1
32091	葛光佩【辕门坝】	168	0	1	-1
32092	木婉清【跟随】	205	0	1	-1
32093	司空玄【神农帮副本2】	14709	0	1	1
32094	木婉清【神农帮外】	205	0	1	-1
32095	钟灵【神农帮外】	132	0	1	-1
32096	段誉【神农帮外】	190	0	1	1
32097	段誉的足迹【神农帮-辕门坝】	154	0	1	-1
32098	段誉的足迹【野店-茶馆】	154	0	1	-1
32099	段誉的足迹【茶馆-悬崖】	154	0	1	-1
32100	草堆痕迹【悬崖】	203	0	1	-1
32101	墙上剑痕【悬崖】	157	0	1	-1
32102	足迹【悬崖】	154	0	1	-1
32103	段正淳【镇南王府常驻】	30614	0	1	1
32104	朱丹臣【大理郊外】	208	0	1	-1
32105	段誉【大理郊外】	190	0	1	1
32106	刀白凤【大理郊外】	209	0	1	-1
32107	木婉清【大理郊外】	205	0	1	-1
32108	段正明【皇宫常驻】	30616	0	1	-1
32109	段正淳【皇宫】	146	0	1	1
32110	刀白凤【皇宫】	209	0	1	-1
32111	木婉清【皇宫】	205	0	1	-1
32112	段誉【皇宫】	190	0	1	1
32113	秦红棉【夜晚相位】	160	0	1	-1
32114	甘宝宝【夜晚相位】	151	0	1	-1
32115	段正淳【夜晚相位】	146	0	1	1
32116	大理卫兵【夜晚相位】	104	0	1	-1
32117	知客僧【拈花寺常驻】	200	0	1	-1
32118	黄眉僧【天龙寺常驻】	217	0	1	-1
32119	巴天石【澜沧岸边常驻】	102	0	1	-1
32120	段正明【万劫谷口】	147	0	1	-1
32121	大理卫兵【万劫谷口】	104	0	1	-1
32122	黄眉僧【万劫谷口】	217	0	1	-1
32123	段正明【跟随】	147	0	1	-1
32124	巴天石【护送】	102	0	1	-1
32125	民夫【护送】	153	0	1	-1
32126	巴天石【洞门口】	102	0	1	-1
32127	民夫【洞门口】	153	0	1	-1
32128	猿猴踪迹1	154	0	1	-1
32129	猿猴踪迹2	154	0	1	-1
32130	工具【老虎洞】	203	0	1	-1
32131	岳老三【万劫谷口相位】	150	0	1	1
32132	万劫谷家丁【万劫谷口相位】	199	0	1	-1
32133	段正明【万劫谷口相位】	147	0	1	-1
32134	小沙弥【万劫谷后相位】	127	0	1	-1
32135	段誉【万劫谷后相位】	11202	0	1	1
32136	木婉清【万劫谷后相位】	11203	0	1	-1
32137	黄眉僧【万劫谷后相位】	217	0	1	-1
32138	段延庆【万劫谷后相位】	30624	0	1	1
32139	段正明【万劫谷后相位】	147	0	1	-1
32140	刀白凤【万劫谷后相位】	209	0	1	-1
32141	钟万仇【万劫谷后相位】	202	0	1	-1
32142	甘宝宝【万劫谷后相位】	151	0	1	-1
32143	段正淳【万劫谷后相位】	146	0	1	1
32144	家丁【万劫谷后相位】	199	0	1	-1
32145	刀白凤【镇南王府常驻】	209	0	1	-1
32146	段誉【花圃常驻】	190	0	1	1
32147	知客僧【天龙寺常驻】	200	0	1	-1
32148	枯荣【天龙寺相位】	142	0	1	-1
32149	本因【天龙寺相位】	210	0	1	-1
32150	本观【天龙寺相位】	210	0	1	-1
32151	本相【天龙寺相位】	210	0	1	-1
32152	段正明【天龙寺相位】	147	0	1	-1
32153	鸠摩智【天龙寺相位】	145	0	1	1
32154	段誉【天龙寺相位】	190	0	1	1
32155	小和尚【天龙寺相位】	127	0	1	-1
32156	段正淳【天龙寺相位】	146	0	1	1
32157	花【百花谷】	30620	0	1	1
32158	花【跟随】	123	0	1	1
32159	花【试剑坪】	30620	0	1	1
32160	被控制的无量剑弟子	188	0	1	-1
32161	干光豪【百花谷】	188	0	1	-1
32162	葛光佩【百花谷】	168	0	1	-1
32163	雪【剑湖宫】	30619	0	1	1
32164	崔百泉【镇南王府常驻】	30611	0	1	-1
32165	崔百泉【大理民居】	30611	0	1	-1
32166	李秋水【大理民居】	187	0	1	1
32167	马【路口】	206	0	1	-1
32168	香气【路口】	278	0	1	-1
32169	大理卫兵【万劫谷口】	104	0	1	-1
32170	船家【常驻】	103	0	1	-1
32171	巴天石【护送】	102	0	1	-1
32172	民夫【护送】	153	0	1	-1
32173	段正明【天龙寺相位】	30616	0	1	-1
32174	火堆【路口】	274	0	1	1
32175	阿阮哥哥【五步林相位】	153	0	1	-1
32176	段誉【神农帮相位】	190	0	1	1
32177	钟灵【神农帮相位】	132	0	1	-1
32178	灵鹫宫弟子【神农帮变身】	152	0	1	-1
32179	小沙弥【万劫谷相位】	127	0	1	-1
32180	小沙弥【万劫谷变身】	127	0	1	-1
32181	段誉变身【花相位】	152	0	1	-1
32182	邢光德【剑湖宫门口】	188	0	1	-1
32183	流氓头子【城区】	193	0	1	-1
31938	枯荣护送【天龙寺相位】	142	0	1	-1
32223	大理男【镇南王府告状】	11044	0	1	-1
32224	段誉【城郊祸事相位】	11090	0	1	1
32225	段誉【城郊祸事护送】	11090	0	1	1
32226	段誉【城郊祸事相位外】	11090	0	1	1
32227	大理女【前期重置】【门口气氛】	10261	0	1	-1
32228	中原男【前期重置】【门口气氛】	11044	0	1	-1
32229	中原女【前期重置】【门口气氛】	11043	0	1	-1
32230	中原老【前期重置】【门口气氛】	11107	0	1	-1
32231	中原农夫【前期重置】【门口气氛】	11168	0	1	-1
32232	中原农妇【前期重置】【门口气氛】	11169	0	1	-1
32233	大理男跑【前期重置】【门口气氛】	11044	0	1	-1
32234	大理女跑【前期重置】【门口气氛】	11039	0	1	-1
32235	中原男【前期重置】【台子前气氛】	11044	0	1	-1
32236	中原女【前期重置】【台子前气氛】	11043	0	1	-1
32237	中原老【前期重置】【台子前气氛】	11107	0	1	-1
32238	中原农夫【前期重置】【台子前气氛】	11168	0	1	-1
32239	中原农妇【前期重置】【台子前气氛】	11169	0	1	-1
32240	中原士大夫【前期重置】【台子前气氛】	11121	0	1	-1
32241	中原侠士【前期重置】【台子前气氛】	11098	0	1	-1
32242	中原女侠【前期重置】【台子前气氛】	11150	0	1	-1
32243	马五德【城外】	300	0	1	-1
32244	马五德手下【战斗】	11099	0	1	-1
32245	小狗【战斗】	7024	0	1	-1
32246	武当男【第一章改】	11183	0	1	-1
32247	武当女【第一章改】	11184	0	1	-1
32248	峨眉师妹【第一章改】	11189	0	1	-1
32249	峨眉二师姐【第一章改】	11188	0	1	-1
32250	峨眉大师姐【第一章改】	11187	0	1	-1
32251	侠客【第一章改】	11098	0	1	-1
32252	黑衣女客【第一章改】	11194	0	1	-1
32253	张择端【第一章改】	11149	0	1	-1
32254	徐明【第一章改】	11198	0	1	-1
32255	雪【第一章改】	11070	0	1	1
32256	潇娘【第一章改】	11176	0	1	-1
32257	灵鹫宫弟子【第一章改】	11052	0	1	-1
32258	天山男【第一章改】	11195	0	1	-1
32259	天山女【第一章改】	11196	0	1	-1
32260	老板娘【第一章改】	11096	0	1	-1
32261	逍遥男【第一章改】	11185	0	1	-1
32262	逍遥女【第一章改】	11186	0	1	-1
32263	丐帮净衣大师兄【第一章改】	11190	0	1	-1
32264	丐帮净衣师弟【第一章改】	11192	0	1	-1
32265	丐帮净衣师妹【第一章改】	11191	0	1	-1
32266	丐帮污衣派【第一章改】	11199	0	1	-1
32267	贵妇【第一章改】	11043	0	1	-1
32268	士大夫【第一章改】	11121	0	1	-1
32269	丫鬟【第一章改】	11096	0	1	-1
32270	老人【第一章改】	11107	0	1	-1
32271	小孩【第一章改】	11034	0	1	-1
32272	后排小兵【第一章改】	11004	0	1	-1
32273	宋兵【第一章改】	11155	0	1	-1
32274	镇南招讨使【第一章改】	11153	0	1	-1
32275	孙三霸【第一章改】	11024	0	1	-1
32276	爪子人【第一章改】	11011	0	1	-1
32277	刀子人【第一章改】	11079	0	1	-1
32278	老鼠人【第一章改】	11197	0	1	-1
32279	伶人【第一章改】	11134	0	1	-1
32280	农民【第一章改】	11168	0	1	-1
32281	工匠【第一章改】	11139	0	1	-1
32282	村女【第一章改】	13093	0	1	-1
32283	老太太【第一章改】	11033	0	1	-1
32284	乡绅【第一章改】	11142	0	1	-1
32285	少林长老【第一章改】	11029	0	1	-1
32286	少林弟子【第一章改】	11193	0	1	-1
32287	书生【第一章改】	11015	0	1	-1
32288	无量剑【第一章改】	11089	0	1	-1
32289	桌子【第一章改】	11200	0	1	1
32290	椅子【第一章改】	11201	0	1	1
32291	段誉【战斗】	190	0	1	1
32292	猎人【战斗】	256	0	1	-1
32293	山猿【无量山猴群】	163	0	1	-1
32294	新增喷火任务-霍洞主	10016	0	1	-1
32295	新增喷火任务-黑火洞贼徒	10023	0	1	-1
32296	新增喷火任务-女贼	10024	0	1	-1
32400	箭头标志【五步林】	1510	0	1	-1
32401	大理城门口女飞贼	116	0	1	-1
32402	大理城门口女飞贼	116	0	1	-1
32403	城墙追逐女飞贼	116	0	1	-1
32404	华赫艮	270	0	1	-1
32405	大理贵妇	11205	0	1	-1
32406	大理贵族	11204	0	1	-1
32407	老者	10101	0	1	-1
32408	马五德【剑湖宫相位重进】	300	0	1	-1
32409	王员外	300	0	1	-1
32450	豹子王处猴子逃跑	163	0	1	-1
32451	朱丹臣【城郊野店相位外】	208	0	1	-1
32452	徐冉冉	168	0	1	-1
32453	谭之鹤	167	0	1	-1
32454	彭小天	14903	0	1	-1
32455	朱丹臣【城郊野店相位外】	208	0	1	-1
32456	钟灵【神农帮外】相位跟随	132	0	1	-1
32457	段誉【神农帮外】相位跟随	190	0	1	1
32458	无量剑西宫弟子【花相位】	189	0	1	-1
32459	无量剑东宫弟子【花相位】	188	0	1	-1
32460	无量剑东宫弟子【花相位】	188	0	1	-1
32461	无量剑东宫弟子【花相位】	188	0	1	-1
32462	无量洞雪受伤倒地	16002	0	1	1
32463	无量洞雪打坐疗伤	16003	0	1	1
32464	马	16005	0	1	-1
32465	大理士兵	104	0	1	-1
32466	老妇人	133	0	1	-1
32467	小男孩	134	0	1	-1
32468	大理男青年	153	0	1	-1
32469	采茶女	139	0	1	-1
32490	薛神医	130	0	1	-1
32491	中原女童	240	0	1	-1
32492	阿阮	302	0	1	-1
32493	阿箬	14803	0	1	-1
32494	钟清扬	14802	0	1	-1
32495	道士	197	0	1	-1
32496	民女	195	0	1	-1
32497	书生	115	0	1	-1
32498	丫鬟	196	0	1	-1
32499	侠女	250	0	1	-1
32449	无量洞雪受伤倒床上	16006	0	1	-1
32411	黑火洞贼徒【相思台】	10023	0	1	-1
32412	黑火洞贼徒	10023	0	1	-1
32413	黑火洞贼徒	10023	0	1	-1
32414	黑火洞贼徒	10023	0	1	-1
32415	黑火洞贼徒	10023	0	1	-1
32416	霍洞主【劫道者】	30638	0	1	-1
32417	右箭头	316	0	1	-1
32418	无量洞雪受伤倒地dialog	14692	0	1	1
32419	段正淳	146	0	1	1
32420	朱丹臣（助战怪，不会被打死即可）	208	0	1	-1
32421	傅思归（助战怪，不会被打死即可）	204	0	1	-1
32422	段府卫兵气氛	104	0	1	-1
32425	朱丹臣	208	0	1	-1
32426	傅思归	204	0	1	-1
32427	段府卫兵	104	0	1	-1
32431	大理卫兵【万劫谷口】	104	0	1	-1
32470	段誉抱头	16001	0	1	1
32471	徐冉冉	168	0	1	-1
32472	谭之鹤	167	0	1	-1
32473	彭小天	14903	0	1	-1
32474	傅思归	204	0	1	-1
32475	南海鳄神	10090	0	1	1
32476	朱丹臣（助战怪，不会被打死即可）	208	0	1	-1
32477	神农帮守门弟子【神农帮相位】	191	0	1	-1
32478	段誉【神农帮】	190	0	1	1
32479	钟灵神农帮	132	0	1	-1
32480	竹子	290	0	1	-1
32481	无量剑东宗弟子【剑湖宫相位】	188	0	1	-1
32482	无量剑西宗弟子【剑湖宫相位】	189	0	1	-1
32483	黑火洞贼徒【劫道者】	10023	0	1	-1
32423	万劫谷杀手	14693	0	1	-1
32424	江湖刀客	30612	0	1	-1
32428	铁树（无锡惠山亭）2504	109	0	1	-1
32429	包不同	176	0	1	-1
32430	风波恶	176	0	1	-1
34001	丫鬟【常驻】	196	0	1	-1
34002	弟子【常驻】	282	0	1	-1
34003	弟子【常驻】	282	0	1	-1
34004	丫鬟【常驻】	196	0	1	-1
34005	丫鬟【常驻】	196	0	1	-1
34006	万劫谷家丁【常驻】	199	0	1	-1
34007	万劫谷家丁【常驻】	199	0	1	-1
34008	丫鬟【常驻】	196	0	1	-1
34009	丫鬟【常驻】	196	0	1	-1
34010	丫鬟【常驻】	196	0	1	-1
34011	丫鬟【常驻】	196	0	1	-1
34012	万劫谷家丁【常驻】马场	199	0	1	-1
34013	万劫谷家丁【常驻】马场	199	0	1	-1
34014	万劫谷家丁【常驻】	199	0	1	-1
34015	万劫谷家丁【常驻】	199	0	1	-1
34016	万劫谷家丁【常驻】	199	0	1	-1
34017	万劫谷家丁【常驻】	199	0	1	-1
34018	万劫谷家丁【常驻】	199	0	1	-1
34019	万劫谷家丁【常驻】	199	0	1	-1
34020	丫鬟【常驻】	196	0	1	-1
34021	丫鬟【常驻】	196	0	1	-1
34022	大理男【常驻】	153	0	1	-1
34023	采茶女	139	0	1	-1
34024	采茶女	139	0	1	-1
34025	大理男【常驻】	153	0	1	-1
34026	大理男【常驻】	153	0	1	-1
34027	大理男【常驻】	153	0	1	-1
34028	大理男【常驻】	153	0	1	-1
34029	大理男【常驻】	153	0	1	-1
34030	采茶女（阿花）	139	0	1	-1
34031	大理男【常驻】	153	0	1	-1
34032	酒保	222	0	1	-1
34033	薛府小厮	115	0	1	-1
34034	乔峰	13121	0	1	1
34035	阿朱	15010	0	1	-1
34036	关外青年农妇	269	0	1	-1
34037	村外辽兵	262	50	1	-1
34038	乔峰	13121	0	1	1
34039	乔峰	13121	0	1	1
34040	风姑娘	15030	0	1	1
34041	风姑娘	15030	0	1	1
34042	守城江湖人士	111	0	1	-1
34043	守城江湖人士	111	0	1	-1
34044	耶律重元	237	0	1	-1
34045	雪姑娘	14598	0	1	-1
34046	雪姑娘【敌对】	14598	0	1	-1
34047	神秘女侠【高手伏击助战】	14599	0	1	-1
34048	神秘女侠【高手伏击交谈】	14599	0	1	-1
34049	天山派高手	10088	0	1	-1
34050	武僧教员	122	0	1	-1
34051	寺院武僧	122	0	1	-1
34052	寺院武僧	122	0	1	-1
34053	洛阳：马夫人	15052	0	1	-1
34054	白世镜	15051	0	1	-1
34055	段正淳	146	0	1	1
34056	阮星竹	15023	0	1	-1
34057	阿紫	15020	0	1	-1
34058	段延庆	13122	0	1	1
34059	叶二娘	13123	0	1	1
34060	岳老三	13125	0	1	1
34061	云中鹤	13124	0	1	1
34062	朱丹臣	208	0	1	-1
34063	傅思归	204	0	1	-1
34064	褚万里	15019	0	1	1
34065	萧峰	13121	0	1	1
34066	无量山-剑湖宫-地图显示空NPC	161	0	1	-1
34067	无量山-无量玉洞-地图显示空NPC	161	0	1	-1
34068	无量山-辕门坝-地图显示空NPC	161	0	1	-1
34069	无量山-神农帮-地图显示空NPC	161	0	1	-1
34070	无量山-剑庐-地图显示空NPC	161	0	1	-1
34071	无量山-无量玉璧-地图显示空NPC	161	0	1	-1
34072	无量山-五步林-地图显示空NPC	161	0	1	-1
34073	无量山-百花谷-地图显示空NPC	161	0	1	-1
34074	大理-拈花寺	161	0	1	-1
34075	大理-皇宫	161	0	1	-1
34076	大理-观花台	161	0	1	-1
34077	大理-天龙寺	161	0	1	-1
34078	大理-摆夷村落	161	0	1	-1
34079	大理-洱海小岛	161	0	1	-1
34080	大理-码头	161	0	1	-1
34081	大理-望苍台	161	0	1	-1
34082	万劫谷-猛虎寨	161	0	1	-1
34083	万劫谷-马场	161	0	1	-1
34084	万劫谷-摆夷村	161	0	1	-1
34085	万劫谷-村落郊野	161	0	1	-1
34086	万劫谷-万劫大阵	161	0	1	-1
34087	万劫谷-万劫谷	161	0	1	-1
34088	万劫谷-万劫谷后山	161	0	1	-1
34089	姑苏-秦家寨	161	0	1	-1
34090	姑苏-小镜湖	161	0	1	-1
34091	姑苏-王家大宅	161	0	1	-1
34092	姑苏-听香水榭	161	0	1	-1
34093	姑苏-曼陀山庄	161	0	1	-1
34094	姑苏-琴韵小筑	161	0	1	-1
34095	姑苏-太湖小镇	161	0	1	-1
34096	姑苏-江南水乡	161	0	1	-1
34097	无锡-惠山凉亭	161	0	1	-1
34098	无锡-寄畅园	161	0	1	-1
34099	无锡-杏子林	161	0	1	-1
34100	无锡-磨坊	161	0	1	-1
34101	无锡-松鹤楼	161	0	1	-1
34102	无锡-天宁寺	161	0	1	-1
34103	无锡-马迹山	161	0	1	-1
34104	无锡-马郎桥	161	0	1	-1
34105	嵩山-少林寺	161	0	1	-1
34106	嵩山-聚贤庄	161	0	1	-1
34107	嵩山-嵩阳书院	161	0	1	-1
34108	嵩山-乔家小院	161	0	1	-1
34109	嵩山-虎山	161	0	1	-1
34110	雁门-雁门关内	161	0	1	-1
34111	雁门-长城	161	0	1	-1
34112	雁门-关外村庄	161	0	1	-1
34113	雁门-乱石谷	161	0	1	-1
34114	雁门-宋军大营	161	0	1	-1
34115	雁门-辽军大营	161	0	1	-1
34116	雁门-长城	161	0	1	-1
34117	辽西草原-辽古塔	161	0	1	-1
34118	辽西草原-南院大王行营	161	0	1	-1
34119	辽西草原-丰国寺	161	0	1	-1
34120	辽西草原-牧民区	161	0	1	-1
34121	辽西草原-辽河	161	0	1	-1
34122	辽西草原-叛军营地	161	0	1	-1
34123	辽西草原-科尔沁草原	161	0	1	-1
34124	辽西草原-广宁牧场	161	0	1	-1
34125	辽西草原-霍林部落	161	0	1	-1
34126	敦煌沙漠-玉门关	161	0	1	-1
34127	敦煌沙漠-绿洲	161	0	1	-1
34128	敦煌沙漠-白马塔	161	0	1	-1
34129	敦煌沙漠-天山山脉	161	0	1	-1
34130	敦煌沙漠-月牙泉	161	0	1	-1
34131	敦煌沙漠-千佛洞	161	0	1	-1
34132	敦煌沙漠-阳关遗址	161	0	1	-1
34133	敦煌沙漠-莫高窟	161	0	1	-1
34134	燕子坞-还施水阁	161	0	1	-1
34135	燕子坞-慕容府	161	0	1	-1
34136	洛阳-霁府旧宅	161	0	1	-1
34137	洛阳-白马寺	161	0	1	-1
34138	洛阳-马大元府	161	0	1	-1
34139	洛阳-丐帮总舵	161	0	1	-1
34140	药锅	14710	0	1	1
34141	乔峰	30618	0	1	-1
34142	抱狗丫头	14574	0	1	-1
34143	饭馆经营采集物	4202	0	1	-1
34144	朱蛤尸体	14714	0	1	-1
34145	轻功指引箭头上房（斜线）	14715	0	1	-1
34146	雪【洞内入口】	30619	0	1	-1
34147	无量洞雪受伤倒地	16002	0	1	-1
34148	风姑娘【风雪夜话跟随】	324	0	1	-1
34149	智光大师	129	0	1	-1
34150	大话西游-至尊宝	10265	0	1	-1
34151	大话西游-紫霞	10266	0	1	-1
34152	大话西游-小女孩-躺	30404	0	1	-1
34153	大话西游-小女孩-立	30405	0	1	-1
34154	大话西游-小女孩-父	30406	0	1	-1
34155	大话西游-小女孩-母	30407	0	1	-1
34156	大话西游-心猿-站立	30408	0	1	-1
34157	大话西游-心猿-玩耍	30409	0	1	-1
34158	大话西游-心猿-重装（敌人	30410	0	1	-1
34159	大话西游-凌霄子（师傅	30411	0	1	-1
34160	破镜任务-雪师姐	30412	0	1	-1
34161	破镜任务-霍洞主（敌人	30413	0	1	-1
34200	猴子王	14711	0	1	-1
34201	雪【码头】	116	0	1	-1
34202	箭头	14712	0	1	-1
34203	随从	152	0	1	-1
34204	随从	152	0	1	-1
34205	潇娘	169	0	1	-1
34206	神农帮【神农帮驻地】	30657	0	1	-1
34207	神农帮【神农帮驻地】	30658	0	1	-1
34208	神农帮【神农帮驻地】	30659	0	1	-1
34209	毒蜂【五步林】	175	0	1	-1
32184	段誉【码头开始】	190	0	1	1
32185	黑衣女客【码头开始】	152	0	1	-1
32186	抓捕段誉的卫兵交谈【码头开始】	104	0	1	-1
32187	抓捕段誉的卫兵【码头开始】	104	0	1	-1
32188	女贼【相思台】	10024	0	1	-1
32189	小狗【抓宠物】	7024	0	1	-1
32190	朱丹臣【码头】	208	0	1	-1
32191	孙三霸走路【护送去码头】	124	0	1	-1
32192	孙三霸【码头】	124	0	1	-1
32193	乔峰【码头】	13121	0	1	1
32194	奚长老【码头】	106	0	1	-1
32195	陈孤雁【码头】	106	0	1	-1
32196	吴长风【码头】	106	0	1	-1
32197	宋长老【码头】	106	0	1	-1
32198	白世镜【码头】	140	0	1	-1
32199	丐帮帮众【码头】	177	0	1	-1
32200	丐帮帮众2【码头】	192	0	1	-1
32201	段延庆【码头】	13122	0	1	1
32202	叶二娘【码头】	13123	0	1	1
32203	岳老三【码头】	13125	0	1	1
32204	云中鹤【码头】	13124	0	1	1
32205	孙三霸手下的流氓【码头】	111	0	1	-1
32206	无量剑宾客【剑湖宫】	140	0	1	-1
32207	无量剑宾客【剑湖宫】	197	0	1	-1
32208	无量剑宾客【剑湖宫】	111	0	1	-1
32209	吃饭指引NPC【洛阳】	222	0	1	-1
32210	辕门坝村长【辕门坝】	221	0	1	-1
32211	辕门坝村霸【辕门坝】	220	0	1	-1
32212	神农帮恶贼【辕门坝】	191	0	1	-1
32213	神农帮恶贼护送【辕门坝】	191	0	1	-1
32214	阿阮【辕门坝】	139	0	1	-1
32215	阿阮【跟随】	139	0	1	-1
32216	辕门坝NPC【辕门坝】	153	0	1	-1
32217	辕门坝NPC【辕门坝】	139	0	1	-1
32218	辕门坝NPC【辕门坝】	195	0	1	-1
32219	珍珑棋局引导人【无量山】	197	0	1	-1
32220	段誉【开始】	190	0	1	1
32221	船【放大】	264	0	1	1
32222	雾气【五步林】	277	0	1	-1
32299	剑阵【无量山剑湖宫】	1023	0	1	-1
32297	乔峰【轻功引导任务】	30618	0	1	1
32298	宋兵【轻功引导】	11155	0	1	-1
32300	傅思归【铁塔巨汉】	204	0	1	-1
32301	流氓【小鳄神】	193	0	1	-1
32302	孙三霸【小鳄神】	124	0	1	-1
32303	毒蛇【虫豸奔行】	174	0	1	-1
32304	朱蛤【万毒之王】	164	200	1	1
32305	干光豪【劝说失败】	188	0	1	-1
32306	葛光佩【劝说失败】	168	0	1	-1
32307	龚光杰【大理世子】	167	0	1	-1
32308	无量剑东宗弟子【无量剑阵】	188	0	1	-1
32309	神农帮弟子【神农帮】	191	0	1	-1
32310	司空玄【百草之主】	30631	0	1	1
32311	灵鹫宫弟子【如影随形】	152	0	1	-1
32312	潇娘【如影随形】	169	0	1	-1
32313	干光豪【挺身而出】	188	0	1	-1
32314	葛光佩【挺身而出】	168	0	1	-1
32315	灵鹫宫弟子【灵鹫宫使节】	152	0	1	-1
32316	贼寇【甫遇危机】	111	0	1	-1
32317	云中鹤【云中一鹤】	149	0	1	1
32318	万劫谷家丁【入侵者】	14693	0	1	-1
32319	秦红棉【花开二朵】	160	0	1	-1
32320	甘宝宝【花开二朵】	151	0	1	-1
32321	万劫谷山猿【“窃贼”】	163	0	1	-1
32322	老虎【山中之王】	184	0	1	-1
32323	段延庆【丢人现眼】	105	0	1	1
32324	岳老三【岳老二】	150	0	1	1
32325	万劫谷家丁【岳老二】	199	0	1	-1
32326	失智的无量剑弟子【牡丹花下死】	188	0	1	-1
32327	毒蛇【剑湖宫相位】	167	0	1	-1
32328	神农帮【剑湖宫相位】	191	0	1	-1
32329	神农帮弟子【再临剑湖宫】	191	0	1	-1
32330	鸠摩智【誓死一战】	145	0	1	1
32331	匪徒团伙【试剑】	193	0	1	-1
32332	山猿【无量山猴群】	163	0	1	-1
32333	黑衣女客（飞行）【师尊之约3】	152	0	1	-1
32334	黑衣女客（普通）【不速之客】	152	0	1	-1
32335	流氓【剑成】	193	0	1	-1
32336	流氓头子【剑成】	193	0	1	-1
32337	小狗【珍兽】	7024	0	1	-1
32338	孙三霸【路见不平】	124	0	1	-1
32339	孙三霸手下的流氓【路见不平】	111	0	1	-1
32340	神农帮恶贼【悬崖贼匪】	191	0	1	-1
32341	豹子王【豹子王】	11128	0	1	-1
32342	山猿【无量山猴群】	16011	0	1	-1
32343	新增喷火任务-霍洞主	10016	0	1	-1
32344	新增喷火任务-黑火洞贼徒	10023	0	1	-1
32345	山猿【无量山猴群】——第二波	16011	0	1	-1
32346	山猿【无量山猴群】	16011	0	1	-1
32347	豹子王【豹子王】	11128	0	1	-1
32348	无量剑东宗弟子【无量剑阵】	188	0	1	-1
32349	无量剑东宗弟子【无量剑阵】	188	0	1	-1
32350	无量剑东宗弟子【无量剑阵】	188	0	1	-1
32351	无量剑东宗弟子【无量剑阵】	188	0	1	-1
32352	无量剑东宗弟子【无量剑阵】	188	0	1	-1
32353	无量剑东宗弟子【无量剑阵】	188	0	1	-1
32354	无量剑东宗弟子【无量剑阵】	188	0	1	-1
32355	无量剑东宗弟子【无量剑阵】	188	0	1	-1
32356	无量剑东宗弟子【无量剑阵】	188	0	1	-1
32357	无量剑东宗弟子【无量剑阵】	188	0	1	-1
32358	无量剑东宗弟子【无量剑阵】	188	0	1	-1
32359	无量剑东宗弟子【无量剑阵】	188	0	1	-1
32360	竹林毒蜂【万毒之王】	175	0	1	-1
32370	师姐【铁塔巨汉】	10007	0	1	1
32371	无量剑阵-召唤剑阵NPC	188	0	1	-1
32380	霍洞主【劫道者】-掉落NPC	161	0	1	-1
32381	神农帮毒蜂【万毒之王】	175	0	1	-1
32382	山猿【无量山猴群镜头用】	16011	0	1	-1
32500	穷人女【常驻】	195	0	1	-1
32501	大理男【常驻】	153	0	1	-1
32502	采茶女【常驻】	139	0	1	-1
32503	大理士兵【常驻】	104	0	1	-1
32504	青衣和尚【常驻】	200	0	1	-1
32505	本因【常驻】	180	0	1	-1
32506	本观【常驻】	25680	0	1	-1
32507	本相【常驻】	180	0	1	-1
32508	青衣和尚【常驻】	200	0	1	-1
32509	枯荣【常驻】	142	0	1	-1
32510	江湖人1【常驻】	198	0	1	-1
32511	江湖人2【常驻】	198	0	1	-1
32512	江湖人3【常驻】	198	0	1	-1
32513	书生【常驻】	115	0	1	-1
32514	老妇【常驻】	133	0	1	-1
32515	老头【常驻】	242	0	1	-1
32516	大夫【常驻】	103	0	1	-1
32517	大理男青年【常驻】	11204	0	1	-1
32518	店小二【常驻】	11122	0	1	-1
32519	女青年【常驻】	143	0	1	-1
32520	左子穆【常驻】	194	0	1	1
32521	辛双清【常驻】	166	0	1	-1
32522	花【客户端常驻】	30620	0	1	1
32523	无量剑东宗弟子【常驻】	188	0	1	-1
32524	无量剑西宗弟子【常驻】	189	0	1	-1
32525	无量剑东宗精英【常驻】	167	0	1	-1
32526	无量剑西宗精英【常驻】	168	0	1	-1
32527	灵鹫宫弟子1【常驻】	152	0	1	-1
32528	灵鹫宫弟子2【常驻】	152	0	1	-1
32529	潇娘【常驻】	169	0	1	-1
32530	道士【常驻】	197	0	1	-1
32531	万劫谷家丁【常驻】	199	0	1	-1
32532	神农帮弟子【常驻】	191	0	1	-1
32533	持刀武林人士【常驻】	179	0	1	-1
32534	持爪武林人士【常驻】	111	0	1	-1
32535	秦家武林人士【常驻】	119	0	1	-1
32536	丐帮武林人士【常驻】	192	0	1	-1
32537	钟灵【常驻】	132	0	1	-1
32538	秦红棉【常驻】	160	0	1	-1
32539	丫鬟【常驻】	196	0	1	-1
32540	木婉清【常驻】	205	0	1	-1
32541	钟万仇	202	0	1	-1
32542	甘宝宝	151	0	1	-1
32543	马	297	0	1	-1
32544	丫鬟【气氛】	196	0	2	-1
32545	道士【气氛】	197	0	2	-1
32546	女青年【气氛】	143	0	2	-1
32547	店小二【气氛】	11122	0	2	-1
32548	大理士兵【气氛】	104	0	2	-1
32549	穷人女【气氛】	195	0	2	-1
32550	大理男【气氛】	153	0	2	-1
32551	采茶女【气氛】	139	0	2	-1
32552	江湖人【气氛】	198	0	2	-1
32553	书生【气氛】	115	0	2	-1
32554	老妇【气氛】	133	0	2	-1
32555	老头【气氛】	133	0	2	-1
32556	大夫【气氛】	103	0	2	-1
32557	士大夫【气氛】	103	0	2	-1
32558	穷人女【常驻】	195	0	2	-1
32559	穷人女【常驻】	195	0	2	-1
32560	大理男【常驻】	153	0	2	-1
32561	大理男【常驻】	153	0	2	-1
32562	大理男【常驻】	153	0	2	-1
32563	大理男【常驻】	153	0	2	-1
32564	大理男【常驻】	153	0	2	-1
32565	大理男【常驻】	153	0	2	-1
32566	采茶女【常驻】	139	0	2	-1
32567	采茶女【常驻】	139	0	2	-1
32568	采茶女【常驻】	139	0	2	-1
32569	采茶女【常驻】	139	0	2	-1
32570	采茶女【常驻】	139	0	2	-1
32571	大理士兵【常驻】	104	0	2	-1
32572	大理士兵【常驻】	104	0	2	-1
32573	大理士兵【常驻】	104	0	2	-1
32574	大理士兵【常驻】	104	0	2	-1
32575	大理士兵【常驻】	104	0	2	-1
32576	大理士兵【常驻】	104	0	2	-1
32577	大理士兵【常驻】	104	0	2	-1
32578	大理士兵【常驻】	104	0	2	-1
32579	大理士兵【常驻】	104	0	2	-1
32580	大理士兵【常驻】	104	0	2	-1
32581	大理士兵【常驻】	104	0	2	-1
32582	大理士兵【常驻】	104	0	2	-1
32583	大理士兵【常驻】	104	0	2	-1
32584	大理士兵【常驻】	104	0	2	-1
32585	大理士兵【常驻】	104	0	2	-1
32586	大理士兵【常驻】	104	0	2	-1
32587	大理士兵【常驻】	104	0	2	-1
32588	青衣和尚【常驻】	200	0	2	-1
32589	青衣和尚【常驻】	200	0	2	-1
32590	书生【常驻】	115	0	2	-1
32591	老妇【常驻】	133	0	2	-1
32592	老头【常驻】	133	0	2	-1
32593	大理男青年【常驻】	11204	0	2	-1
32594	大理男青年【常驻】	11204	0	2	-1
32595	大理男青年【常驻】	11204	0	2	-1
32596	大理男青年【常驻】	11204	0	2	-1
32597	大理男青年【常驻】	11204	0	2	-1
32598	大理男青年【常驻】	11204	0	2	-1
32599	大理男青年【常驻】	11204	0	2	-1
32600	大理女青年【常驻】	11205	0	2	-1
32601	大理男【气氛】	153	0	2	-1
32602	大理男【气氛】	153	0	2	-1
32603	大理男【气氛】	153	0	2	-1
32604	大理男【气氛】	153	0	2	-1
32605	大理男【气氛】	153	0	2	-1
32606	大理男【气氛】	153	0	2	-1
32607	大理男【气氛】	153	0	2	-1
32608	大理男【气氛】	153	0	2	-1
32609	大理男【气氛】	153	0	2	-1
32610	女青年【气氛】	143	0	2	-1
32611	女青年【气氛】	143	0	2	-1
32612	女青年【气氛】	143	0	2	-1
32613	女青年【气氛】	143	0	2	-1
32614	女青年【气氛】	143	0	2	-1
32615	女青年【气氛】	143	0	2	-1
32616	女青年【气氛】	143	0	2	-1
32617	女青年【气氛】	143	0	2	-1
32618	女青年【气氛】	143	0	2	-1
32619	老妇【气氛】	133	0	2	-1
32620	老妇【气氛】	133	0	2	-1
32621	老妇【气氛】	133	0	2	-1
32622	老妇【气氛】	133	0	2	-1
32623	老妇【气氛】	133	0	2	-1
32624	老妇【气氛】	133	0	2	-1
32625	老妇【气氛】	133	0	2	-1
32626	老妇【气氛】	133	0	2	-1
32627	老头【气氛】	133	0	2	-1
32628	老头【气氛】	133	0	2	-1
32629	老头【气氛】	133	0	2	-1
32630	老头【气氛】	133	0	2	-1
32631	老头【气氛】	133	0	2	-1
32632	老头【气氛】	133	0	2	-1
32633	老头【气氛】	133	0	2	-1
32634	老头【气氛】	133	0	2	-1
32635	书生【气氛】	115	0	2	-1
32636	书生【气氛】	115	0	2	-1
32637	书生【气氛】	115	0	2	-1
32638	书生【气氛】	115	0	2	-1
32639	采茶女【气氛】	153	0	2	-1
32640	采茶女【气氛】	153	0	2	-1
32641	采茶女【气氛】	153	0	2	-1
32642	采茶女【气氛】	153	0	2	-1
32643	江湖人【气氛】	198	0	2	-1
32644	江湖人【气氛】	198	0	2	-1
32645	江湖人【气氛】	198	0	2	-1
32646	江湖人【气氛】	198	0	2	-1
32647	士大夫【气氛】	103	0	2	-1
32648	士大夫【气氛】	103	0	2	-1
32649	士大夫【气氛】	103	0	2	-1
32650	士大夫【气氛】	103	0	2	-1
32651	穷人女【气氛】	195	0	2	-1
32652	穷人女【气氛】	195	0	2	-1
32653	穷人女【气氛】	195	0	2	-1
32654	穷人女【气氛】	195	0	2	-1
32655	丫鬟【气氛】	196	0	2	-1
32656	丫鬟【气氛】	196	0	2	-1
32657	丫鬟【气氛】	196	0	2	-1
32658	丫鬟【气氛】	196	0	2	-1
32659	万劫谷家丁【入侵者】	199	0	1	-1
32660	大理士兵【常驻】	104	0	1	-1
32661	乔峰【常驻-洛阳丐帮】	178	0	1	1
32662	虚竹【常驻-洛阳白马寺】	131	0	1	1
32663	轻功指引箭头	308	0	1	-1
32664	大理男【气氛】	153	0	1	-1
32665	轻功指引圈	158	0	1	-1
32666	轻功指引箭头弧线（下山)	312	0	1	-1
32667	轻功指引箭头（下山)	313	0	1	-1
32668	大理男【气氛】	153	0	1	-1
32669	女青年【气氛】	143	0	1	-1
32670	书生【气氛】	115	0	1	-1
32671	持爪武林人	111	50	1	-1
32672	持刀武林人	179	50	1	-1
32700	毒蜂【大理郊野】	175	0	1	-1
32701	花豹【梯田】	11127	0	1	-1
32702	匪徒团伙【黑店】	193	0	1	-1
32703	苗疆恶匪【梯田附近】	199	0	1	-1
32704	孙三霸手下【悬崖绝壁】	179	0	1	-1
32705	豹王	228	0	1	-1
32706	孙三霸	124	0	1	-1
32707	无量东宗弟子【剑湖宫山道】	188	0	1	-1
32708	无量西宗弟子【剑湖宫山道】	189	0	1	-1
32709	五步蛇【五步林】	174	0	1	-1
32710	五步蝎【五步林】	14540	0	1	-1
32711	神农帮【神农帮驻地】	191	0	1	-1
32712	朱蛤【五步林】	164	0	1	1
32713	司空玄【神农帮驻地】	165	0	1	1
32714	厉光义【无量山道】	30603	0	1	-1
32715	夏光柔【无量山道】	30606	0	1	-1
32716	无量大鹰【灵猿壁】	126	0	1	-1
32717	无量山猿【灵猿壁】	163	0	1	-1
32718	灵鹫宫弟子1【百花谷】	31006	0	1	-1
32719	灵鹫宫弟子2【百花谷】	31006	0	1	-1
32720	潇娘	169	0	1	-1
32721	灵蛇	174	0	1	-1
32722	万劫谷山猿	163	0	1	-1
32723	万劫谷家丁	199	0	1	-1
32724	猛虎寨贼徒	107	0	1	-1
32725	霍寨主	110	0	1	-1
32726	老虎	184	0	1	-1
32727	巨蟒	162	0	1	-1
32728	毒蜂【百花谷】	175	0	1	-1
32729	孙三霸手下【悬崖绝壁】	30602	0	1	-1
32730	孙三霸手下【悬崖绝壁】	30602	0	1	-1
32732	神农帮【神农帮驻地】	30604	0	1	-1
32733	神农帮【神农帮驻地】	30604	0	1	-1
32734	五步蝎【挂机】	14540	0	1	-1
32735	贼寇【挂机】	179	0	1	-1
32736	万劫谷山猿	163	0	1	-1
32737	毒蜂（挂机）	175	0	1	-1
32738	秦家寨弟子【挂机】	10109	0	1	-1
32739	一品堂【挂机】	176	0	1	-1
32740	嵩山林虎【挂机】	31001	0	1	-1
32741	关外劫匪	259	0	1	-1
32742	草原狼	231	0	1	-1
32743	林地花豹【挂机】	227	0	1	-1
32744	大漠沙蝎【挂机】	28034	50	1	-1
32745	缥缈峰护卫【挂机】	28031	0	1	-1
32746	草原劫匪【挂机】	259	0	1	-1
32747	兴庆府家丁【挂机】	125	0	1	-1
32748	飘渺峰精锐【挂机】	28024	0	1	-1
32749	野怪-地图显示空NPC	161	0	1	-1
32750	山匪	107	0	1	-1
32751	7级打猎-占位待定-鹰	13096	0	1	-1
32752	洞岛匪徒【挂机】（洞岛起义者8541）	28032	0	1	-1
32753	飘渺峰族兵【挂机】（辽军部族兵8529）	262	0	1	-1
33001	说书人	11198	0	1	-1
33002	听书人甲	198	0	1	-1
33003	听书人乙	198	0	1	-1
33004	大理复命：枯荣大师	142	0	1	-1
33005	大理复命：和尚1	200	0	1	-1
33006	大理复命：和尚2	200	0	1	-1
33007	问路：虚竹	131	0	1	1
33008	问路：挑花匠	268	0	1	-1
33009	问路：花	289	0	1	1
33010	百花会氛围：士兵1	255	0	1	-1
33011	百花会氛围：士兵2	255	0	1	-1
33012	百花会氛围：士兵3	255	0	1	-1
33013	百花会氛围：士兵4	255	0	1	-1
33014	百花会氛围：士兵5	255	0	1	-1
33015	百花会氛围：士兵6	255	0	1	-1
33016	抵达会场：乔峰	178	0	1	1
33017	抵达会场：丐帮长老1	106	0	1	-1
33018	抵达会场：丐帮长老2	106	0	1	-1
33019	抵达会场：丐帮弟子1	177	0	1	-1
33020	抵达会场：丐帮弟子2	177	0	1	-1
33021	抵达会场：丐帮弟子3	192	0	1	-1
33022	抵达会场：丐帮弟子4	192	0	1	-1
33023	辽人动向：被困农民	143	0	1	-1
33024	辽人动向：丐帮长老3	106	0	1	-1
33025	辽人动向：丐帮弟子5	192	0	1	-1
33026	辽人动向：丐帮弟子6	192	0	1	-1
33027	辽人动向：江湖人1	198	0	1	-1
33028	辽人动向：江湖人2	198	0	1	-1
33029	辽人动向：江湖人3	198	0	1	-1
33030	辽人动向：江湖人4	198	0	1	-1
33031	大理段氏：段誉	190	0	1	1
33032	大理段氏：朱丹臣	208	0	1	-1
33033	大理段氏：傅思归	204	0	1	-1
33034	大理段氏：大理士兵1	104	0	1	-1
33035	大理段氏：大理士兵2	104	0	1	-1
33036	大理段氏：大理士兵3	104	0	1	-1
33037	大理段氏：大理士兵4	104	0	1	-1
33038	花会之乱：端王	194	0	1	1
33039	花会之乱：宋朝士兵1	253	0	1	-1
33040	花会之乱：宋朝士兵2	104	0	1	-1
33041	花会之乱：宋朝士兵3	104	0	1	-1
33042	花会之乱：宋朝士兵4	253	0	1	-1
33043	花会之乱：宋朝士兵5	104	0	1	-1
33044	花会之乱：宋朝士兵6	104	0	1	-1
33045	花会之乱：宋朝士兵7	104	0	1	-1
33046	花会之乱：乔峰	178	0	1	1
33047	花会之乱：丐帮长老1（暂）	106	0	1	-1
33048	花会之乱：丐帮长老2（暂）	106	0	1	-1
33049	花会之乱：丐帮弟子1	177	0	1	-1
33050	花会之乱：丐帮弟子2	177	0	1	-1
33051	花会之乱：丐帮弟子3	177	0	1	-1
33052	花会之乱：丐帮弟子4	192	0	1	-1
33053	花会之乱：丐帮弟子5	192	0	1	-1
33054	花会之乱：丐帮弟子6	192	0	1	-1
33055	花会之乱：段誉	190	0	1	1
33056	花会之乱：朱丹臣	208	0	1	-1
33057	花会之乱：傅思归	204	0	1	-1
33058	花会之乱：大理士兵1	104	0	1	-1
33059	花会之乱：大理士兵2	104	0	1	-1
33060	花会之乱：大理士兵3	104	0	1	-1
33061	花会之乱：大理士兵4	104	0	1	-1
33062	花会之乱：刺客1	107	0	1	-1
33063	花会之乱：刺客2	108	0	1	-1
33064	花会之乱：刺客3	108	0	1	-1
33065	花会之乱：刺客4	107	0	1	-1
33066	花会之乱：刺客5	108	0	1	-1
33067	花会之乱：刺客6	108	0	1	-1
33068	花会之乱：杀手1	259	0	1	-1
33069	花会之乱：杀手2（暂）	259	0	1	-1
33070	花会之乱：杀手3（暂）	259	0	1	-1
33071	花会之乱：杀手4	259	0	1	-1
33072	花会之乱：杀手5（暂）	259	0	1	-1
33073	花会之乱：杀手6（暂）	259	0	1	-1
33074	花会之乱：李秋水	187	0	1	1
33075	花会之乱：白玉独幽（暂）	158	0	1	-1
33076	花会之乱：桌子（暂）	-1	0	1	-1
33077	花会之乱：端王(往后退)	194	0	1	1
33078	花会之乱：宋朝士兵1(往后退)	253	0	1	-1
33079	花会之乱：宋朝士兵2(往后退)	104	0	1	-1
33080	花会之乱：宋朝士兵3(往后退)	104	0	1	-1
33081	花会之乱：宋朝士兵4(往后退)	253	0	1	-1
33082	花会之乱：宋朝士兵5(往后退)	104	0	1	-1
33083	花会之乱：宋朝士兵6(往后退)	104	0	1	-1
33084	花会之乱：宋朝士兵7(往后退)	104	0	1	-1
33085	花会之乱：乔峰（往前走迎战）	178	0	1	1
33086	花会之乱：丐帮长老1（往前走迎	106	0	1	-1
33087	花会之乱：丐帮长老2（往前走迎	106	0	1	-1
33088	花会之乱：丐帮弟子1（往前走迎	177	0	1	-1
33089	花会之乱：丐帮弟子2（往前走迎	177	0	1	-1
33090	花会之乱：丐帮弟子3（往前走迎	177	0	1	-1
33091	花会之乱：丐帮弟子4（往前走迎	192	0	1	-1
33092	花会之乱：丐帮弟子5（往前走迎	192	0	1	-1
33093	花会之乱：丐帮弟子6（往前走迎	192	0	1	-1
33094	花会之乱：段誉（原位置不变）	190	0	1	1
33095	花会之乱：朱丹臣（原位置不变）	208	0	1	-1
33096	花会之乱：傅思归（原位置不变）	204	0	1	-1
33097	花会之乱：大理士兵1（原位置不变）	104	0	1	-1
33098	花会之乱：大理士兵2（原位置不变）	104	0	1	-1
33099	花会之乱：大理士兵3（原位置不变）	104	0	1	-1
33100	花会之乱：大理士兵4（原位置不变）	104	0	1	-1
33101	花会之乱：刺客1	107	0	1	-1
33102	花会之乱：刺客2	108	0	1	-1
33103	花会之乱：刺客3	108	0	1	-1
33104	花会之乱：刺客4	107	0	1	-1
33105	花会之乱：刺客5	108	0	1	-1
33106	花会之乱：刺客6	108	0	1	-1
33107	花会之乱：杀手1	259	0	1	-1
33108	花会之乱：杀手2	259	0	1	-1
33109	花会之乱：杀手3	259	0	1	-1
33110	花会之乱：杀手4	259	0	1	-1
33111	花会之乱：杀手5	259	0	1	-1
33112	花会之乱：杀手6	259	0	1	-1
33113	花会之乱：李秋水	187	0	1	1
33114	花会之乱：端王	194	0	1	1
33115	花会之乱：宋朝士兵1	253	0	1	-1
33116	花会之乱：宋朝士兵2	104	0	1	-1
33117	花会之乱：宋朝士兵3	104	0	1	-1
33118	花会之乱：宋朝士兵4	253	0	1	-1
33119	花会之乱：宋朝士兵5	104	0	1	-1
33120	花会之乱：宋朝士兵6	104	0	1	-1
33121	花会之乱：宋朝士兵7	104	0	1	-1
33122	花会之乱：乔峰	178	0	1	1
33123	花会之乱：丐帮长老1	106	0	1	-1
33124	花会之乱：丐帮长老2	106	0	1	-1
33125	花会之乱：丐帮弟子1	177	0	1	-1
33126	花会之乱：丐帮弟子2	177	0	1	-1
33127	花会之乱：丐帮弟子3	177	0	1	-1
33128	花会之乱：丐帮弟子4	192	0	1	-1
33129	花会之乱：丐帮弟子5	192	0	1	-1
33130	花会之乱：丐帮弟子6	192	0	1	-1
33131	花会之乱：段誉	190	0	1	1
33132	花会之乱：朱丹臣	208	0	1	-1
33133	花会之乱：傅思归	204	0	1	-1
33134	花会之乱：大理士兵1	104	0	1	-1
33135	花会之乱：大理士兵2	104	0	1	-1
33136	花会之乱：大理士兵3	104	0	1	-1
33137	花会之乱：大理士兵4	104	0	1	-1
33138	花会之乱：刺客1	107	0	1	-1
33139	花会之乱：刺客2	108	0	1	-1
33140	花会之乱：刺客3	108	0	1	-1
33141	花会之乱：刺客4	107	0	1	-1
33142	花会之乱：刺客5	108	0	1	-1
33143	花会之乱：刺客6	108	0	1	-1
33144	花会之乱：杀手1	259	0	1	-1
33145	花会之乱：杀手2	259	0	1	-1
33146	花会之乱：杀手3	259	0	1	-1
33147	花会之乱：杀手4	259	0	1	-1
33148	花会之乱：杀手5	259	0	1	-1
33149	花会之乱：杀手6	259	0	1	-1
33150	花会之乱：李秋水	187	0	1	1
33151	花会之乱：端王	194	0	1	1
33152	花会之乱：宋朝士兵1	253	0	1	-1
33153	花会之乱：宋朝士兵2	104	0	1	-1
33154	花会之乱：宋朝士兵3	104	0	1	-1
33155	花会之乱：宋朝士兵4	253	0	1	-1
33156	花会之乱：宋朝士兵5	104	0	1	-1
33157	花会之乱：宋朝士兵6	104	0	1	-1
33158	花会之乱：宋朝士兵7	104	0	1	-1
33159	花会之乱：乔峰	178	0	1	1
33160	花会之乱：丐帮长老1	106	0	1	-1
33161	花会之乱：丐帮长老2	106	0	1	-1
33162	花会之乱：丐帮弟子1	177	0	1	-1
33163	花会之乱：丐帮弟子2	177	0	1	-1
33164	花会之乱：丐帮弟子3	177	0	1	-1
33165	花会之乱：丐帮弟子4	192	0	1	-1
33166	花会之乱：丐帮弟子5	192	0	1	-1
33167	花会之乱：丐帮弟子6	192	0	1	-1
33168	花会之乱：段誉	190	0	1	1
33169	花会之乱：朱丹臣	208	0	1	-1
33170	花会之乱：傅思归	204	0	1	-1
33171	花会之乱：大理士兵1	104	0	1	-1
33172	花会之乱：大理士兵2	104	0	1	-1
33173	花会之乱：大理士兵3	104	0	1	-1
33174	花会之乱：大理士兵4	104	0	1	-1
33175	花会之乱：刺客1	107	0	1	-1
33176	花会之乱：刺客2	108	0	1	-1
33177	花会之乱：刺客3	108	0	1	-1
33178	花会之乱：刺客4	107	0	1	-1
33179	花会之乱：刺客5	108	0	1	-1
33180	花会之乱：刺客6	108	0	1	-1
33181	花会之乱：杀手1	259	0	1	-1
33182	花会之乱：杀手2	259	0	1	-1
33183	花会之乱：杀手3	259	0	1	-1
33184	花会之乱：杀手4	259	0	1	-1
33185	花会之乱：杀手5	259	0	1	-1
33186	花会之乱：杀手6	259	0	1	-1
33187	花会之乱：李秋水	187	0	1	1
33188	花会之乱：宋朝士兵1（氛围）	253	0	1	-1
33189	花会之乱：宋朝士兵2（氛围）	104	0	1	-1
33190	花会之乱：宋朝士兵3（氛围）	104	0	1	-1
33191	花会之乱：宋朝士兵4（氛围）	104	0	1	-1
33192	花会之乱：乔峰	178	0	1	1
33193	花会之乱：丐帮长老1	106	0	1	-1
33194	花会之乱：丐帮长老2	106	0	1	-1
33195	花会之乱：丐帮弟子1	177	0	1	-1
33196	花会之乱：丐帮弟子2	177	0	1	-1
33197	花会之乱：丐帮弟子3	177	0	1	-1
33198	花会之乱：丐帮弟子4	192	0	1	-1
33199	花会之乱：丐帮弟子5	192	0	1	-1
33200	花会之乱：丐帮弟子6	192	0	1	-1
33201	花会之乱：段誉	190	0	1	1
33202	花会之乱：朱丹臣	208	0	1	-1
33203	花会之乱：傅思归	204	0	1	-1
33204	花会之乱：大理士兵1	104	0	1	-1
33205	花会之乱：大理士兵2	104	0	1	-1
33206	花会之乱：大理士兵3	104	0	1	-1
33207	花会之乱：大理士兵4	104	0	1	-1
33208	大师出现：枯荣大师（幽灵体）	142	0	1	-1
33209	选择：枯荣大师	142	0	1	-1
33210	听书：说书人	11198	0	1	-1
33211	听书：听书人甲	198	0	1	-1
33212	听书：听书人乙	198	0	1	-1
33213	听书：听书人丙	198	0	1	-1
33214	打听消息：钱掌柜	102	0	1	-1
33215	打听消息：店小二	222	0	1	-1
33216	剿匪：猛虎寨贼徒	107	0	1	-1
33217	剿匪：猛虎寨贼徒	107	0	1	-1
33218	剿匪：猛虎寨贼徒	107	0	1	-1
33219	剿匪：猛虎寨贼徒	107	0	1	-1
33220	剿匪：猛虎寨贼徒	107	0	1	-1
33221	剿匪：宝箱	281	0	1	-1
33222	山寨：匪徒1	107	0	1	-1
33223	山寨：匪徒2	108	0	1	-1
33224	山寨：匪徒3	108	0	1	-1
33225	山寨：匪徒4	107	0	1	-1
33226	山寨：匪徒5	108	0	1	-1
33227	山寨：匪徒6	108	0	1	-1
33228	山寨：匪徒7	107	0	1	-1
33229	山寨：匪徒8	108	0	1	-1
33230	山寨：匪徒9	108	0	1	-1
33231	山寨：匪徒10	108	0	1	-1
33232	山寨：匪徒二首领	150	0	1	1
33233	山寨：匪徒10	107	0	1	-1
33234	山寨：匪徒11	108	0	1	-1
33235	山寨：匪徒12	108	0	1	-1
33236	山寨：匪徒13	107	0	1	-1
33237	山寨：匪徒14	108	0	1	-1
33238	山寨：匪徒15	108	0	1	-1
33239	山寨：匪徒16	107	0	1	-1
33240	山寨：匪徒17	108	0	1	-1
33241	山寨：匪徒18	108	0	1	-1
33242	山寨：匪徒19	108	0	1	-1
33243	山寨：匪徒大首领	110	0	1	-1
33244	山寨：宝箱	100	0	1	-1
33245	山寨：匪徒（相位外）	107	0	1	-1
33246	隐情：贼徒	107	0	1	-1
33247	难言之隐：农夫	268	0	1	-1
33248	难言之隐：农妇	269	0	1	-1
33249	贪官污吏：官员	221	0	1	-1
33250	贪官污吏：捕快1	104	0	1	-1
33251	贪官污吏：捕快2	104	0	1	-1
33252	贪官污吏：捕快3	104	0	1	-1
33253	贪官污吏：捕快4	104	0	1	-1
33254	寻找证据：小男孩	10135	0	1	-1
33255	寻找证据：老夫人	133	0	1	-1
33256	威胁/举证：官员	221	0	1	-1
33257	进贡宝物：钱掌柜	270	0	1	-1
33258	进贡宝物：店小二	222	0	1	-1
33259	进贡宝物：家丁1	125	0	1	-1
33260	进贡宝物：家丁2	125	0	1	-1
33261	进贡宝物：家丁3	125	0	1	-1
33262	进贡宝物：家丁4	125	0	1	-1
33263	押送：官员	221	0	1	-1
33264	押送：士兵1	253	0	1	-1
33265	押送：士兵2	104	0	1	-1
33266	押送：士兵3	104	0	1	-1
33267	押送：士兵4	253	0	1	-1
33268	押送：士兵5	104	0	1	-1
33269	押送：士兵6	104	0	1	-1
33270	王文公其人：端王	194	0	1	1
33271	王文公其人：端王（相位外新增）	194	0	1	1
33272	上交物品：钱掌柜	270	0	1	-1
33273	上交物品：店小二	222	0	1	-1
33274	询问王氏：徐明	11198	0	1	-1
33275	询问王氏：听书人甲	198	0	1	-1
33276	询问王氏：听书人乙	198	0	1	-1
33277	询问王氏：酒馆客人甲	198	0	1	-1
33278	询问王氏：酒馆客人乙	198	0	1	-1
33279	寻找神医：神秘老者	130	0	1	-1
33280	寻找神医：患者1	207	0	1	-1
33281	寻找神医：病人家属1	269	0	1	-1
33282	寻找神医：患者2	139	0	1	-1
33283	寻找神医：病人家属2	144	0	1	-1
33284	寻找神医：蛇尸	162	0	1	-1
33285	寻找神医：患者3	199	0	1	-1
33286	寻找神医：病人家属4	199	0	1	-1
33287	寻找神医：神秘老者王维一（相位外新增）	130	0	1	-1
33288	询问信息：路人甲：摊贩	115	0	1	-1
33289	询问信息：路人乙：小孩	10135	0	1	-1
33290	询问信息：路人丁：邻居	115	0	1	-1
33291	与丐帮弟子交谈：老六	192	0	1	-1
33292	与奶娘相见：老六（居所）	192	0	1	-1
33293	与奶娘相见：奶娘（居所）	133	0	1	-1
33294	画卷1：苏轼	207	0	1	-1
33295	画卷2：仆人	269	0	1	-1
33296	画卷3：官员	221	0	1	-1
33297	画卷3：中原女	143	0	1	-1
33298	画卷3：书生	115	0	1	-1
33299	惩奸除恶/迂回：官员	221	0	1	-1
33300	当年情况：老六（居所）	192	0	1	-1
33301	当年情况：奶娘（居所）	133	0	1	-1
33302	公主招亲：摆夷公主	139	0	1	-1
33303	公主招亲：采茶女1	139	0	1	-1
33304	公主招亲：采茶女2	139	0	1	-1
33305	公主招亲：摆夷武士1	144	0	1	-1
33306	公主招亲：摆夷武士2	144	0	1	-1
33307	公主招亲：摆夷武士3	144	0	1	-1
33308	公主招亲：摆夷武士4	144	0	1	-1
33309	公主招亲：江湖人1	198	0	1	-1
33310	公主招亲：江湖人2	198	0	1	-1
33311	公主招亲：江湖人3	198	0	1	-1
33312	公主招亲：围观群众1	139	0	1	-1
33313	公主招亲：围观群众2	139	0	1	-1
33314	公主招亲：围观群众3	139	0	1	-1
33315	摆夷之乱：摆夷公主	139	0	1	-1
33316	摆夷之乱：摆夷武士1	144	0	1	-1
33317	摆夷之乱：摆夷武士2	144	0	1	-1
33318	驱除毒虫：蛇	162	0	1	-1
33319	驱除毒虫：蛇	162	0	1	-1
33320	驱除毒虫：蛇	162	0	1	-1
33321	驱除毒虫：蛇	162	0	1	-1
33322	驱除毒虫：蛇	162	0	1	-1
33323	驱除毒虫：蝎子	224	0	1	-1
33324	驱除毒虫：蝎子	224	0	1	-1
33325	驱除毒虫：蝎子	224	0	1	-1
33326	驱除毒虫：蝎子	224	0	1	-1
33327	驱除毒虫：蝎子	224	0	1	-1
33328	驱除毒虫：蜜蜂	175	0	1	-1
33329	驱除毒虫：蜜蜂	175	0	1	-1
33330	驱除毒虫：蜜蜂	175	0	1	-1
33331	驱除毒虫：蜜蜂	175	0	1	-1
33332	驱除毒虫：蜜蜂	175	0	1	-1
33333	摆夷之乱：摆夷公主（新增相位外）	139	0	1	-1
33334	潜入内院：朱明之家丁	125	0	1	-1
33335	潜入内院：朱明之家丁	125	0	1	-1
33336	潜入内院：姨母	226	0	1	-1
33337	拜见段正淳：段正淳	146	0	1	1
33338	面见刀白凤：刀白凤	209	0	1	-1
33339	试炼：苗匪1	199	0	1	-1
33340	试炼：苗匪2	199	0	1	-1
33341	试炼：苗匪3	199	0	1	-1
33342	试炼：苗匪4	199	0	1	-1
33343	试炼：苗匪5	199	0	1	-1
33344	世子之责：段誉	190	0	1	1
33345	摆夷之乱：摆夷公主	139	0	1	-1
33346	摆夷之乱：摆夷武士1	104	0	1	-1
33347	摆夷之乱：摆夷武士2	104	0	1	-1
33348	击败驸马：摆夷驸马	198	0	1	-1
33349	回复段誉：段誉（相位外新增）	190	0	1	1
33350	再次潜入：朱明之家丁	125	0	1	-1
33351	再次潜入：朱明之家丁	125	0	1	-1
33352	争斗：黑衣人（刺客）	14534	0	1	-1
33353	朱明之赴约：朱明之1	221	0	1	-1
33354	不合而散：段正淳	146	0	1	1
33355	寻找刀白凤：刀白凤	209	0	1	-1
33356	寻找段誉：段誉	190	0	1	1
33357	寻找朱明之：幕僚	115	0	1	-1
33358	寻找朱明之：朱明之2（暂）	221	0	1	-1
33359	再见段正淳：段正淳	146	0	1	1
33360	再次前往大殿：朱明之2（暂）	221	0	1	-1
33361	误会解除：姨母（暂）	226	0	1	-1
33362	遭遇暗杀：黑衣人1	107	0	1	-1
33363	遭遇暗杀：黑衣人1-1	108	0	1	-1
33364	遭遇暗杀：黑衣人1-2	108	0	1	-1
33365	另辟蹊径：姨母1（暂）	226	0	1	-1
33366	遭遇暗杀2：黑衣人2	107	0	1	-1
33367	遭遇暗杀2：黑衣人2-1	108	0	1	-1
33368	遭遇暗杀2：黑衣人2-2	108	0	1	-1
33369	安置姨母：姨母2（暂）	226	0	1	-1
33370	安置姨母：摆夷公主	139	0	1	-1
33371	遭遇暗杀3：黑衣人3	107	0	1	-1
33372	遭遇暗杀3：黑衣人3-1	108	0	1	-1
33373	遭遇暗杀3：黑衣人3-2	108	0	1	-1
33374	惩奸除恶：官员	221	0	1	-1
33375	惩奸除恶：宋朝士兵1	104	0	1	-1
33376	惩奸除恶：宋朝士兵2	104	0	1	-1
33377	问清身世接任务-王维一	130	0	1	-1
33378	桌案空npc	161	0	1	-1
33379	辽人动向：江湖人3	198	0	1	-1
33380	辽人动向：江湖人4	198	0	1	-1
33381	徐明【身世之谜相位】	284	0	1	-1
33382	冯思道【身世之谜】	115	0	1	-1
33383	地鼠门人【身世之谜】	119	0	1	-1
33384	伏牛帮帮众【身世之谜】	28032	0	1	-1
33385	河洛帮帮众【身世之谜】	179	0	1	-1
33386	地鼠门人【身世之谜怪物】	119	0	1	-1
33387	伏牛帮帮众【身世之谜怪物】	28032	0	1	-1
33388	河洛帮帮众【身世之谜怪物】	179	0	1	-1
33389	神秘老僧【身世之谜】	121	0	1	-1
33390	身世之谜-椅子【身世之谜】	11200	0	1	1
33391	身世之谜-桌子【身世之谜】	11201	0	1	1
33392	身世之谜-椅子【身世之谜怪物】	11200	0	1	1
33393	身世之谜-桌子【身世之谜怪物】	11201	0	1	1
33394	身世之谜-铜钱-道人	197	0	1	-1
33395	身世之谜-铜钱-鸽子	4902	0	1	-1
33396	身世之谜-铜钱-草菇	215	0	1	-1
33397	身世之谜-铜钱-道人（门外）	197	0	1	-1
33398	身世之谜-铜钱	27115	0	1	-1
33399	老捕头	15003	0	1	-1
33400	阿西	240	0	1	-1
33401	阿北	11034	0	1	-1
33402	阿东	30402	0	1	-1
33403	阿西（药铺）	240	0	1	-1
33404	阿北（家）	11034	0	1	-1
33405	阿东（家）	30402	0	1	-1
33406	大夫（大树边）	130	0	1	-1
33407	老妇人	4910	0	1	-1
33408	妇人	4909	0	1	-1
33409	老仆	11168	0	1	-1
33410	老兵	207	0	1	-1
33411	道人（酒馆）	197	0	1	-1
33412	道人（巷口）	197	0	1	-1
33413	道人（方府内）	197	0	1	-1
33414	道人（茶摊）	197	0	1	-1
33415	侍卫	255	0	1	-1
33416	方夫人（巷口）	14021	0	1	-1
33417	方夫人（方府）	14021	0	1	-1
33418	方承心	221	0	1	-1
33419	尹平	14567	0	1	-1
33420	老捕头（医馆	15003	0	1	-1
33421	老捕头（大树	15003	0	1	-1
33422	老捕头（老仆	15003	0	1	-1
33423	老捕头（老兵	15003	0	1	-1
33424	大夫（街边）	130	0	1	-1
33425	梨园侍卫	25502	0	1	-1
33426	青年人	153	0	1	-1
33427	老人	140	0	1	-1
33428	林永昌	221	0	1	-1
33429	掌柜	300	0	1	-1
33430	白玦	115	0	1	-1
33431	巧儿	196	0	1	-1
33432	少女	226	0	1	-1
33433	白镖头	124	0	1	-1
33434	梨园管家	14567	0	1	-1
33435	凌风	255	0	1	-1
33436	林永昌	253	0	1	-1
33437	酒保	153	0	1	-1
33438	阿云	249	0	1	-1
33439	芸娘	258	0	1	-1
33460	宋兵	15001	0	1	-1
33461	月儿	226	0	1	-1
33462	乞丐	177	0	1	-1
33463	花魁	226	0	1	-1
33464	夏书	136	0	1	-1
33465	秋琴	195	0	1	-1
33466	春画	196	0	1	-1
33467	李青鱼	11002	0	1	-1
33468	徐明	284	0	1	-1
33469	卖鱼人	125	0	1	-1
33470	阿文	222	0	1	-1
33471	阿牛	153	0	1	-1
33472	李暝	238	0	1	-1
33473	阿成	240	0	1	-1
33474	阿业	11034	0	1	-1
33475	阿航	30402	0	1	-1
33476	郡王爷	115	0	1	-1
33477	书生	115	0	1	-1
33478	僧人	200	0	1	-1
33479	封烈	240	0	1	-1
33480	阿辰	30402	0	1	-1
33481	封星	108	0	1	-1
33482	李府臣	15001	0	1	-1
33483	陈府臣	255	0	1	-1
33484	灵感大仙	10004	0	1	-1
33485	世子	11002	0	1	-1
33486	长公主	226	0	1	-1
33487	玉牌	27114	0	1	-1
33488	林宿鸣	14567	0	1	-1
33489	铁扇	27112	0	1	-1
33490	短刀	27113	0	1	-1
33491	玉牌	27114	0	1	-1
33492	金币	27115	0	1	-1
33440	身世之谜-铜钱-黑衣人1-1	108	0	1	-1
33441	身世之谜-铜钱-黑衣人1-2	108	0	1	-1
33442	身世之谜-铜钱-黑衣人2-1	108	0	1	-1
33443	身世之谜-2铜钱-黑衣人-2	108	0	1	-1
33444	身世之谜-铜钱-黑衣人3-1	108	0	1	-1
33445	身世之谜-铜钱-黑衣人3-2	108	0	1	-1
33446	身世之谜-铜钱-黑衣人4-1	108	0	1	-1
33447	身世之谜-铜钱-黑衣人4-2	108	0	1	-1
33448	身世之谜-图纸-黑衣人1-1	108	0	1	-1
33449	身世之谜-图纸-黑衣人1-2	108	0	1	-1
33450	身世之谜-图纸-黑衣人4-1	108	0	1	-1
33451	身世之谜-图纸-黑衣人5-1	108	0	1	-1
33452	身世之谜-嫣红阁-黑衣人	108	0	1	-1
33453	身世之谜-长公主	15001	0	1	-1
33454	身世之谜-封星	108	0	1	-1
34231	世界BOSS-低（新服第4天）	14727	0	1	-1
34232	世界BOSS-低（新服第5天）	14727	0	1	-1
34233	世界BOSS-低（新服第7天）	14727	0	1	-1
34234	世界BOSS-低（60~69）（第10~24天）	14727	0	1	-1
34235	世界BOSS-低（70~79）（第25~79天）	14727	0	1	-1
34236	世界BOSS-低（80~89）（第80~194天）	14727	0	1	-1
34237	世界BOSS-低（90~99）（第195天往后）	14727	0	1	-1
34238	世界BOSS-低（169）（第635天往后）	14727	0	1	-1
34239	世界BOSS-低（90~99）（第195天往后）	14727	0	1	-1
34241	世界BOSS-中（新服第4天）	14726	0	1	-1
34242	世界BOSS-中（新服第5天）	14726	0	1	-1
34243	世界BOSS-中（新服第7天）	14726	0	1	-1
34244	世界BOSS-中（60~69）（第10~24天）	14726	0	1	-1
34245	世界BOSS-中（70~79）（第25~79天）	14726	0	1	-1
34246	世界BOSS-中（80~89）（第80~194天）	14726	0	1	-1
34247	世界BOSS-中（90~99）（第195天往后）	14726	0	1	-1
34248	世界BOSS-中（169）（第635天）	14726	0	1	-1
34249	世界BOSS-中（90~99）（第195天往后）	14726	0	1	-1
34251	世界BOSS-高（新服第4天）	14725	0	1	-1
34252	世界BOSS-高（新服第5天）	14725	0	1	-1
34253	世界BOSS-高（新服第7天）	14725	0	1	-1
34254	世界BOSS-高（60~69）（第10~24天）	14725	0	1	-1
34255	世界BOSS-高（70~79）（第25~79天）	14725	0	1	-1
34256	世界BOSS-高（80~89）（第80~194天）	14725	0	1	-1
34257	世界BOSS-高（90~99）（第195天往后）	14725	0	1	-1
34258	世界BOSS-高（169）（第635天）	14725	0	1	-1
34259	世界BOSS-高（90~99）（第195天往后）	14725	0	1	-1
34261	世界BOSS-狂暴低（60~69）（第10~24天）	14727	0	1	-1
34262	世界BOSS-狂暴低（70~79）（第25~79天）	14727	0	1	-1
34263	世界BOSS-狂暴低（80~89）（第80~194天）	14727	0	1	-1
34264	世界BOSS-狂暴低（90~99）（第195天往后）	14727	0	1	-1
34265	世界BOSS-狂暴低（169）（第635天）	14727	0	1	-1
34266	世界BOSS-狂暴低（90~99）（第195天往后）	14727	0	1	-1
34271	世界BOSS-狂暴中（60~69）（第10~24天）	14726	0	1	-1
34272	世界BOSS-狂暴中（70~79）（第25~79天）	14726	0	1	-1
34273	世界BOSS-狂暴中（80~89）（第80~194天）	14726	0	1	-1
34274	世界BOSS-狂暴中（90~99）（第195天往后）	14726	0	1	-1
34275	世界BOSS-狂暴中（169）（第635天）	14726	0	1	-1
34276	世界BOSS-狂暴中（90~99）（第195天往后）	14726	0	1	-1
34281	世界BOSS-狂暴高（60~69）（第10~24天）	14725	0	1	-1
34282	世界BOSS-狂暴高（70~79）（第25~79天）	14725	0	1	-1
34283	世界BOSS-狂暴高（80~89）（第80~194天）	14725	0	1	-1
34284	世界BOSS-狂暴高（90~99）（第195天往后）	14725	0	1	-1
34285	世界BOSS-狂暴高（80~89）（第635天）	14725	0	1	-1
34286	世界BOSS-狂暴高（90~99）（第195天往后）	14725	0	1	-1
34300	踏青节-引导npc-凤凰	31360	0	1	-1
34301	踏青节-关卡控制怪-根据自身buff开启关卡	-1	0	1	-1
34302	踏青节-关卡生成怪	-1	0	1	-1
34303	踏青节-樱花花瓣	31364	0	1	-1
34304	踏青节-关卡NPC-01	-1	0	1	-1
34305	踏青节-关卡NPC-02	-1	0	1	-1
34306	踏青节-关卡NPC-03	-1	0	1	-1
34307	踏青节-关卡NPC-04	-1	0	1	-1
34308	踏青节-关卡NPC-05	-1	0	1	-1
34309	踏青节-关卡NPC-06	-1	0	1	-1
34310	踏青节-关卡1-启动NPC	31404	0	1	-1
34311	踏青节-关卡1-控制怪	31404	0	1	-1
34312	踏青节-关卡1-目标数字1	-1	0	1	-1
34313	踏青节-关卡1-目标数字2	-1	0	1	-1
34314	踏青节-关卡1-目标数字3	-1	0	1	-1
34315	踏青节-关卡1-目标数字4	-1	0	1	-1
34316	踏青节-关卡1-目标数字5	-1	0	1	-1
34317	踏青节-关卡1-目标数字6	-1	0	1	-1
34318	踏青节-关卡1-目标数字7	-1	0	1	-1
34319	踏青节-关卡1-目标数字8	-1	0	1	-1
34320	踏青节-关卡1-目标数字9	-1	0	1	-1
34321	踏青节-关卡1-目标数字10	-1	0	1	-1
34322	踏青节-关卡1-可用数字1	-1	0	1	-1
34323	踏青节-关卡1-可用数字2	-1	0	1	-1
34324	踏青节-关卡1-可用数字3	-1	0	1	-1
34325	踏青节-关卡1-可用数字4	-1	0	1	-1
34326	踏青节-关卡1-可用数字5	-1	0	1	-1
34327	踏青节-关卡1-可用数字6	-1	0	1	-1
34328	踏青节-关卡1-可用数字7	-1	0	1	-1
34329	踏青节-关卡1-可用数字8	-1	0	1	-1
34330	踏青节-关卡1-可用数字9	-1	0	1	-1
34331	踏青节-关卡1-胜负标记怪	31402	0	1	1
34332	踏青节-关卡1-胜负标记怪2	31403	0	1	1
34333	踏青节-关卡1-重置怪	31404	0	1	-1
34334	踏青节-关卡2-启动NPC	31405	0	1	-1
34335	踏青节-关卡2-控制怪	-1	0	1	-1
34336	踏青节-关卡2-问题怪1	-1	0	1	-1
34337	踏青节-关卡2-问题怪2	-1	0	1	-1
34338	踏青节-关卡2-问题怪3	-1	0	1	-1
34339	踏青节-关卡2-问题怪4	-1	0	1	-1
34340	踏青节-关卡2-问题怪5	-1	0	1	-1
34341	踏青节-关卡2-问题怪6	-1	0	1	-1
34342	踏青节-关卡2-问题怪7	-1	0	1	-1
34343	踏青节-关卡2-问题怪8	-1	0	1	-1
34344	踏青节-关卡2-问题怪9	-1	0	1	-1
34345	踏青节-关卡2-问题怪10	-1	0	1	-1
34346	踏青节-关卡2-玩家1答案生成怪	31405	0	1	-1
34347	踏青节-关卡2-玩家2答案生成怪	31406	0	1	-1
34348	踏青节-关卡2-答案1-问题1	31365	0	1	-1
34349	踏青节-关卡2-答案1-问题2	31366	0	1	-1
34350	踏青节-关卡2-答案1-问题3	31367	0	1	-1
34351	踏青节-关卡2-答案1-问题4	31368	0	1	-1
34352	踏青节-关卡2-答案1-问题5	31369	0	1	-1
34353	踏青节-关卡2-答案1-问题6	31370	0	1	-1
34354	踏青节-关卡2-答案1-问题7	31371	0	1	-1
34355	踏青节-关卡2-答案1-问题8	31372	0	1	-1
34356	踏青节-关卡2-答案1-问题9	31373	0	1	-1
34357	踏青节-关卡2-答案1-问题10	31374	0	1	-1
34358	踏青节-关卡2-答案2-问题1	31375	0	1	-1
34359	踏青节-关卡2-答案2-问题2	31376	0	1	-1
34360	踏青节-关卡2-答案2-问题3	31377	0	1	-1
34361	踏青节-关卡2-答案2-问题4	31378	0	1	-1
34362	踏青节-关卡2-答案2-问题5	31379	0	1	-1
34363	踏青节-关卡2-答案2-问题6	31380	0	1	-1
34364	踏青节-关卡2-答案2-问题7	31381	0	1	-1
34365	踏青节-关卡2-答案2-问题8	31382	0	1	-1
34366	踏青节-关卡2-答案2-问题9	31383	0	1	-1
34367	踏青节-关卡2-答案2-问题10	31384	0	1	-1
34368	踏青节-关卡2-胜负标记怪	31402	0	1	1
34369	踏青节-关卡2-胜负标记怪2	31403	0	1	1
34370	踏青节-关卡2-重置npc	31406	0	1	-1
34371	踏青节-关卡3-启动NPC	31407	0	1	-1
34372	踏青节-关卡3-控制怪	-1	0	1	-1
34373	踏青节-关卡3-小蝴蝶1	31395	0	1	-1
34374	踏青节-关卡3-小蝴蝶2	31396	0	1	-1
34375	踏青节-关卡3-大蝴蝶	31397	0	1	-1
34376	踏青节-关卡3-巨蝴蝶	31398	0	1	-1
34377	踏青节-关卡3-蝴蝶生成器	-1	0	1	-1
34378	踏青节-关卡3-重置npc	31407	0	1	-1
34379	踏青节-关卡4-启动NPC	31408	0	1	-1
34380	踏青节-关卡4-控制怪	-1	0	1	-1
34381	踏青节-关卡4-爆竹1	31399	0	1	-1
34382	踏青节-关卡4-爆竹2	31400	0	1	-1
34383	踏青节-关卡4-爆竹3	31401	0	1	-1
34384	踏青节-关卡4-重置npc	31408	0	1	-1
34385	踏青节-关卡5-启动NPC	31391	0	1	1
34386	踏青节-关卡5-控制怪	-1	0	1	-1
34387	踏青节-关卡5-策划1	31385	0	1	-1
34388	踏青节-关卡5-策划2	31386	0	1	-1
34389	踏青节-关卡5-策划3	31387	0	1	-1
34390	踏青节-关卡5-策划4	31388	0	1	-1
34391	踏青节-关卡5-策划5	31389	0	1	-1
34392	踏青节-关卡5-修复金属	31409	0	1	-1
34393	踏青节-关卡5-重置npc	31388	0	1	-1
34394	踏青节-关卡5-大元宝	31391	0	1	1
34395	踏青节-关卡5-策划生成器	-1	0	1	-1
34396	踏青节-最终宝箱	31390	0	1	1
34397	踏青节-最终宝箱交互	-1	0	1	-1
34398	踏青节-最终宝箱-机关锁	-1	0	1	-1
34399	踏青节-boss-小狐仙	31393	0	1	-1
34400	踏青节-boss-凤凰	31360	0	1	-1
34401	踏青节-boss-酒桶	31394	0	1	-1
34402	踏青节-boss-桃花酿区域	-1	0	1	-1
34403	踏青节-活动入口npc	31360	0	1	-1
34404	踏青节-最终宝箱-机关锁-外形	31392	0	1	1
34411	捉迷藏-密信npc	27565	0	1	1
34412	捉迷藏-场景-中原男青年	16551	0	1	-1
34413	捉迷藏-场景-中原老者	16552	0	1	-1
34414	捉迷藏-场景-使鞭人	16553	0	1	-1
34415	捉迷藏-场景-中原青年女	16554	0	1	-1
34416	捉迷藏-场景-小沙弥	16555	0	1	-1
34417	捉迷藏-场景-青衣和尚	16556	0	1	-1
34418	捉迷藏-场景-中原少年	16557	0	1	-1
34419	捉迷藏-场景-江湖人	16558	0	1	-1
34420	捉迷藏-场景-通用-宝箱	16559	0	1	-1
34421	捉迷藏-场景-强盗1	16560	0	1	-1
34422	捉迷藏-场景-强盗2	16561	0	1	-1
34423	捉迷藏-场景-蛇	16562	0	1	-1
34424	捉迷藏-场景-毒蜂	16563	0	1	-1
34425	捉迷藏-场景-大夫	16564	0	1	-1
34426	捉迷藏-场景-无量山猴	16565	0	1	-1
34427	捉迷藏-场景-风波恶	16566	0	1	-1
34428	捉迷藏-场景-大理男贵族	16567	0	1	-1
34429	捉迷藏-场景-大理女贵族	16568	0	1	-1
34430	捉迷藏-场景-沙漠劫匪	16569	0	1	-1
34431	捉迷藏-场景-镖车	16570	0	1	-1
34432	捉迷藏-场景-场景怪	-1	0	1	-1
34433	捉迷藏-自定义游戏-NPC	31405	0	1	-1
34450	资12-肉鸽镇邪殿-黑火洞贼徒	16600	50	1	-1
34451	资12-肉鸽镇邪殿-秦家寨弟子	16601	50	1	-1
34452	资12-肉鸽镇邪殿-无锡泼皮	16602	50	1	-1
34453	资12-肉鸽镇邪殿-王家执法花匠老妇	16603	50	1	-1
34454	资12-肉鸽镇邪殿-连阿三	16604	50	1	-1
34455	资12-肉鸽镇邪殿-女真猎人	16605	50	1	-1
34456	资12-肉鸽镇邪殿-无锡郊野七步蛇	16606	50	1	-1
34457	资12-肉鸽镇邪殿-巨蟒	16607	50	1	-1
34458	资12-肉鸽镇邪殿-无量大鹰	16608	50	1	-1
34459	资12-肉鸽镇邪殿-沙蝎	16609	50	1	-1
34460	资12-肉鸽镇邪殿-花豹	16610	50	1	-1
34461	资12-肉鸽镇邪殿-狼王	16611	50	1	-1
34462	资12-肉鸽镇邪殿-副本小怪2-弱阴弱阳怪	16612	50	1	-1
34463	资12-肉鸽镇邪殿-宋兵	16613	50	1	-1
34464	资12-肉鸽镇邪殿-辽军弓箭手	16614	50	1	-1
34465	资12-肉鸽镇邪殿-大理士兵	16615	50	1	-1
34466	资12-肉鸽镇邪殿-燕子坞-一品堂精锐	16616	50	1	-1
34467	资12-肉鸽镇邪殿-西夏骑兵	16617	50	1	-1
34468	资12-肉鸽镇邪殿-西夏弓兵	16618	50	1	-1
34469	资12-肉鸽镇邪殿-资料片1-开宗立派三阶段-守卫弟子1	16619	50	1	-1
34470	资12-肉鸽镇邪殿-资料片1-开宗立派三阶段-守卫弟子3	16620	50	1	-1
34471	资12-肉鸽镇邪殿-资料片1-开宗立派三阶段-守卫弟子4	16621	50	1	-1
34472	资12-肉鸽镇邪殿-明教女精英	16622	50	1	-1
34473	资12-肉鸽镇邪殿-无量剑东宫精英	16623	50	1	-1
34474	资12-肉鸽镇邪殿-无量剑西宫精英	16624	50	1	-1
34475	资12-肉鸽镇邪殿-无量剑西宫弟子	16625	50	1	-1
34476	资12-肉鸽镇邪殿-缥缈峰护卫	16626	50	1	-1
34477	资12-肉鸽镇邪殿-聚贤庄-灵鹫宫普通弟子	16627	50	1	-1
34478	资12-肉鸽镇邪殿-精英-霍洞主	16628	80	1	-1
34479	资12-肉鸽镇邪殿-精英-包不同	16629	80	1	-1
34480	资12-肉鸽镇邪殿-精英-秦红棉	16630	80	1	-1
34481	资12-肉鸽镇邪殿-精英-灵鹫宫使节	16631	80	1	-1
34482	资12-肉鸽镇邪殿-精英-无量山猴	16632	80	1	-1
34483	资12-肉鸽镇邪殿-精英-秦墓地宫石像	16633	100	1	-1
34484	第6关首领-李秋水	16637	100	1	-1
34485	第12关首领-饕餮	16634	100	1	-1
34486	第18关首领-辽军首领	16635	100	1	-1
34487	第24关首领-丁春秋	16638	100	1	-1
34488	第30关首领-天山童姥	16636	100	1	-1
34489	一次性词缀-照霜影-李秋水	16639	100	1	-1
34490	一次性词缀-掌神剑-段誉	16640	100	1	-1
34491	一次性词缀-降金龙-乔峰	16641	100	1	-1
34492	一次性词缀-生死符-虚竹	16642	100	1	-1
34493	天山童姥-阳歌天钧-横向空物体	-1	100	1	-1
34494	天山童姥-阳歌天钧-纵向空物体	-1	100	1	-1
34495	天山童姥-阳歌天钧-子物体	-1	100	1	-1
34496	资12-李秋水-冰墓空白npc	-1	50	1	-1
34497	资12-千夫长-骑兵队子物体	16617	50	1	-1
34498	资12-镇邪殿-交互npc	-1	50	1	-1
34540	丁春秋-神木王鼎	16644	0	1	1
34541	丁春秋-神木王鼎-毒蜂	16645	0	1	1
34542	丁春秋-神木王鼎-毒蝎	16646	0	1	1
34543	丁春秋-神木王鼎-莽牯朱蛤	16647	0	1	1
34544	丁春秋-神木王鼎-毒蛇	16648	0	1	-1
34545	第25关首领-游坦之	16638	100	1	-1
34546	第30关首领-红衣大炮	16636	100	1	-1
34547	第30关首领-红衣大炮-工程兵	16645	0	1	1
34548	第30关首领-红衣大炮-地雷	16645	0	1	1
35000	大理：行侠仗义接引	13091	0	1	-1
36001	洛阳：守城士兵	15001	0	1	-1
36002	洛阳：丐帮弟子	15002	0	1	-1
36003	洛阳：全冠清	15003	0	1	-1
36004	洛阳：白世镜	15004	0	1	-1
36005	洛阳：乔峰	15005	0	1	1
36006	洛阳：老翁	15006	0	1	-1
36007	洛阳：丐帮弟子	15007	0	1	-1
36008	洛阳：山门小僧	15008	0	1	-1
36009	洛阳：智光大师	15009	0	1	-1
36010	洛阳：阿朱	15010	0	1	-1
36011	洛阳：寺院长老	15011	0	1	-1
36012	洛阳：萧峰	15005	0	1	1
36013	洛阳：马夫人	15012	0	1	-1
36014	异样神色-跟随阿朱	15010	0	1	-1
36015	洛阳：雪姑娘	15013	0	1	-1
36016	洛阳：萧峰	15005	0	1	1
36017	洛阳：阿朱（白马寺）	15010	0	1	-1
36018	洛阳：萧峰（马家）	15005	0	1	1
36019	洛阳：阿朱（马家）	15010	0	1	-1
36020	洛阳：萧峰（马家门外）	15005	0	1	1
36021	洛阳：阿朱（马家门外）	15010	0	1	-1
36022	洛阳：守城士兵	15001	0	1	-1
36031	傅思归	15017	0	1	-1
36032	褚万里	15019	0	1	1
36033	阿紫	15020	0	1	-1
36034	萧峰	15021	0	1	1
36035	阿朱	15022	0	1	-1
36036	阮星竹	15023	0	1	-1
36037	段正淳	15025	0	1	1
36038	段延庆	15026	0	1	1
36039	阿朱	15022	0	1	-1
36040	萧峰	15021	0	1	1
36041	阿朱	15022	0	1	-1
36042	段正淳	15025	0	1	1
36043	阮星竹	15023	0	1	-1
36044	阿紫	15020	0	1	-1
36045	阿紫	15020	0	1	-1
36046	萧峰	15021	0	1	1
36047	阿朱	15033	0	1	-1
36048	萧峰	15021	0	1	1
36049	阮星竹	15023	0	1	-1
36050	秦红棉	15027	0	1	-1
36051	木婉清	15018	0	1	-1
36052	阿紫	15020	0	1	-1
36053	摘星子	15028	0	1	-1
36054	杨妈	15029	0	1	-1
36055	萧峰	15021	0	1	1
36056	阿紫	15020	0	1	-1
36057	白世镜	15004	0	1	-1
36058	段正淳	15025	0	1	1
36059	阮星竹	15023	0	1	-1
36060	风姑娘	15030	0	1	1
36061	全冠清	15003	0	1	-1
36062	阿紫	15031	0	1	-1
36063	医馆大夫	15024	0	1	-1
36064	薛府管家	15032	0	1	-1
36065	丐帮弟子	15002	0	1	-1
36066	医馆掌柜	15034	0	1	-1
36067	阿紫	15031	0	1	-1
36068	萧峰	15021	0	1	1
36069	守城官兵	15001	0	1	-1
36070	萧峰	15021	0	1	1
36071	阿紫	15020	0	1	-1
36072	阿紫	15020	0	1	-1
36073	段正淳	15025	0	1	1
36074	完颜阿骨打	241	0	1	-1
36075	耶律洪基	267	0	1	-1
36076	萧峰（护送）	15021	0	1	1
36077	完颜阿骨打（受伤）	15036	0	1	-1
36078	草原跟随阿骨打	241	0	1	-1
36079	粮草垛	15037	0	1	-1
36080	粮草着火	15038	0	1	-1
36081	阿朱落花	15039	0	1	-1
36082	穿云箭	15040	0	1	-1
36083	金锁片	15041	0	1	-1
36084	榛蘑	15042	0	1	-1
36085	酒坛	15043	0	1	-1
36086	兽夹	15044	0	1	-1
36087	守神灯烛台	15045	0	1	-1
36088	耶律重元	237	0	1	-1
36089	小镜湖重伤萧峰	15048	0	1	-1
36090	小镜湖重伤阿朱	15049	0	1	-1
36091	小镜湖重伤阿朱	15050	0	1	-1
36201	洛阳：守城士兵	15001	0	1	-1
36202	洛阳：丐帮弟子	15007	0	1	-1
36203	洛阳：全冠清	15003	0	1	-1
36204	洛阳：黑衣人	15014	0	1	-1
36205	洛阳：少林武僧	15015	0	1	-1
36206	洛阳：谭婆	15016	0	1	-1
36210	阿紫	15020	0	1	-1
36211	傅思归	15017	0	1	-1
36212	段延庆	15026	0	1	1
36213	星宿弟子	15035	0	1	-1
36214	萧峰	15021	0	1	1
36215	秦红棉	15027	0	1	-1
36216	木婉清	15018	0	1	-1
36217	星宿弟子	15035	0	1	-1
36218	摘星子	15028	0	1	-1
36219	白世镜	15004	0	1	-1
36220	丐帮弟子	15007	0	1	-1
36221	全冠清	15003	0	1	-1
36222	守城官兵	15001	0	1	-1
36223	苏轼	320	0	1	-1
36224	辽兵	30205	0	1	-1
36225	耶律重元	15046	0	1	-1
36226	圣使风	15030	0	1	-1
36227	一品堂弟子	176	0	1	-1
36228	星宿派弟子	247	0	1	-1
36400	大理女童	30402	0	2	-1
36401	渔女	30403	0	2	-1
36402	道士【常驻】	197	0	2	-1
36403	洛阳气氛NPC中原士大夫1	221	0	2	-1
36404	洛阳气氛NPC张择端1	249	0	2	-1
36405	渔女	30403	0	2	-1
36406	大理女童	30402	0	2	-1
36407	大理气氛NPC苏星河	238	0	2	-1
36408	大理男【常驻】	153	0	2	-1
36409	采茶女【常驻】	139	0	2	-1
36410	护卫	199	0	2	-1
36411	大象	306	0	2	-1
36412	天宁寺主持	129	0	2	-1
36413	天宁寺小沙弥	127	0	2	-1
36414	天宁寺和尚	200	0	2	-1
36415	天宁寺修行武僧	122	0	2	-1
36416	大理士兵	104	0	1	-1
36417	少年	134	0	1	-1
36418	老妇	133	0	1	-1
36419	丫鬟	196	0	1	-1
36420	一品堂高手	28024	0	1	-1
36421	江湖人	198	0	1	-1
36422	渔女	30403	0	1	-1
36423	大理男子	153	0	1	-1
36424	青城弟子	118	0	1	-1
36425	中原农妇	269	0	1	-1
36426	中原农妇	269	0	1	-1
36427	中原农民	268	0	1	-1
36428	中原村落长老	242	0	1	-1
36429	中原工匠	11139	0	1	-1
36430	中原老者	10101	0	1	-1
36431	聚贤庄持刀人	28079	0	1	-1
36432	丐帮弟子	10059	0	1	-1
36433	大理男子	153	0	1	-1
36434	女青年	143	0	1	-1
36435	老妇	133	0	1	-1
36436	大理士兵	104	0	1	-1
36437	大理士兵	104	0	1	-1
36438	告示牌	311	0	1	1
36439	周思道	11153	0	1	-1
36440	少林拜师人	13012	0	1	1
36441	峨嵋拜师人	13013	0	1	1
36442	武当拜师人	13015	0	1	1
36443	丐帮拜师人	13016	0	1	1
36444	逍遥拜师人	13014	0	1	1
36445	天山拜师人	13017	0	1	1
36446	木人桩	13000	0	1	1
36447	木人桩	13001	0	1	1
36448	木人桩	13001	0	1	1
36449	木人桩	13000	0	1	1
36450	天宁寺小沙弥	127	0	2	-1
36451	天宁寺和尚	200	0	2	-1
36452	天宁寺和尚	200	0	2	-1
36453	慧净	122	0	2	-1
36454	慧在	122	0	2	-1
36455	慧海	122	0	2	-1
36456	慧尘	122	0	2	-1
36457	圆忍	122	0	2	-1
36458	济苦	122	0	2	-1
36459	济尘	122	0	2	-1
36460	济海	122	0	2	-1
36461	济度	122	0	2	-1
36462	济光	200	0	2	-1
36463	圆清	200	0	2	-1
36464	圆觉	200	0	2	-1
36465	圆镜	200	0	2	-1
36466	姚万里	115	0	2	-1
36467	绿玉	143	0	2	-1
36468	德吉	153	0	2	-1
36469	花小帅	10134	0	2	-1
36470	郑秋实	198	0	2	-1
36471	吴富贵	104	0	2	-1
36472	沈大力	179	0	2	-1
36473	小包子	10134	0	2	-1
36474	明兰	143	0	2	-1
36475	寒鸦	196	0	2	-1
36476	摆木	153	0	2	-1
36477	慧觉	200	0	2	-1
36478	金满仓	198	0	2	-1
36479	江然	197	0	2	-1
36480	郑夫人	133	0	2	-1
36481	慧明	200	0	2	-1
36482	欧阳念	115	0	2	-1
36483	金梅	196	0	2	-1
36484	银莲	196	0	2	-1
36901	辕门坝村霸【辕门坝】	220	0	1	-1
36902	辕门坝村霸【辕门坝】	220	0	1	-1
36903	无量剑东宗弟子【常驻】	188	0	1	-1
36904	无量剑东宗弟子【常驻】	188	0	1	-1
36905	无量剑东宗弟子【常驻】	188	0	1	-1
36906	无量剑东宗弟子【常驻】	188	0	1	-1
36907	无量剑东宗弟子【常驻】	188	0	1	-1
36908	无量剑东宗弟子【常驻】	188	0	1	-1
36909	无量剑东宗弟子【常驻】	188	0	1	-1
36910	无量剑东宗弟子【常驻】	188	0	1	-1
36911	无量剑东宗弟子【常驻】	188	0	1	-1
36912	采茶女【常驻】	139	0	1	-1
36913	采茶女【常驻】	139	0	1	-1
36914	采茶女【常驻】	139	0	1	-1
36915	采茶女【常驻】	139	0	1	-1
36916	采茶女【常驻】	139	0	1	-1
36917	大理男【常驻】	153	0	1	-1
36918	大理男【常驻】	153	0	1	-1
36919	大理男【常驻】	153	0	1	-1
36920	大理男【常驻】	153	0	1	-1
36921	大理男【常驻】	153	0	1	-1
36922	灵鹫宫弟子1【常驻】	152	0	1	-1
36923	灵鹫宫弟子2【常驻】	152	0	1	-1
36924	神农帮弟子【常驻】	191	0	1	-1
36925	神农帮弟子【常驻】	191	0	1	-1
36926	无量剑西宗弟子【常驻】	189	0	1	-1
36927	无量剑西宗弟子【常驻】	189	0	1	-1
36928	无量剑西宗弟子【常驻】	189	0	1	-1
36929	无量剑西宗弟子【常驻】	189	0	1	-1
36930	辕门坝村霸【辕门坝】	220	0	1	-1
37000	雁门关守城将军	253	0	1	-1
37001	雁门关监军宦官	254	0	1	-1
37002	雁门关守城宋兵	255	0	1	-1
37003	守城江湖人士	198	0	1	-1
37004	守城江湖人士	30118	0	1	-1
37005	雁门关军机处处长	253	0	1	-1
37006	雁门关军机处校尉	253	0	1	-1
37007	雁门关太守	254	0	1	-1
37008	关外货郎	10102	0	1	-1
37009	骆驼	5009	0	1	-1
37010	辽族牧民	244	0	1	-1
37011	关外老妇	133	0	1	-1
37012	村庄长老	242	0	1	-1
37013	关外青年农妇	269	0	1	-1
37014	关外青年农民	268	0	1	-1
37015	船夫女儿	30403	0	1	-1
37016	穆柯湖船夫	10101	0	1	-1
37017	耶律洪基	267	0	1	-1
37018	皇帝仆人	243	0	1	-1
37019	大营辽兵	262	0	1	-1
37020	皇帝护卫	257	0	1	-1
37021	关外灰狼	231	0	1	-1
37022	狼王	232	0	1	-1
37023	关外劫匪	259	0	1	-1
37024	辽兵弓箭手	229	0	1	-1
37025	辽军千夫长	31004	0	1	-1
37026	大营将军	237	0	1	-1
37027	胡杨林毒蜂	13101	0	1	-1
37028	江湖游医	11030	0	1	-1
37029	驿站伙计	222	0	1	-1
37030	驿站老板	242	0	1	-1
37031	辽兵	262	0	1	-1
37032	辽军将领	31003	0	1	-1
37033	关外大营将军	253	0	1	-1
37034	关外大营宋兵	255	0	1	-1
37035	村外辽兵	262	0	1	-1
37036	关外宋兵	255	0	1	-1
38000	契丹贵妇	11204	0	1	-1
38001	契丹贵族	11205	0	1	-1
38002	辽族牧民	244	0	1	-1
38003	辽人女眷	243	0	1	-1
38004	乔峰	14700	0	1	1
38005	辽国将领	237	0	1	-1
38006	辽兵	262	0	1	-1
38007	女真兵	257	0	1	-1
38008	辽人女眷	243	0	1	-1
38009	辽国将领	237	0	1	-1
38010	辽军千夫长	236	0	1	-1
38011	辽兵	262	0	1	-1
38012	辽族牧民	244	0	1	-1
38013	女真猎人	256	0	1	-1
38014	女真兵	257	0	1	-1
38015	辽人女眷	243	0	1	-1
38016	毒蜂	175	0	1	-1
38017	巨蟒	162	0	1	-1
38018	草原狼	231	0	1	-1
38019	狼王	232	0	1	-1
38020	沙漠劫匪头领	259	0	1	-1
38021	无量大鹰	126	0	1	-1
39000	游骥	181	0	1	-1
39001	游驹	182	0	1	-1
39002	薛神医	130	0	1	-1
39003	丐帮长老	106	0	1	-1
39004	玄难	8572	0	1	-1
39005	玄难	8572	0	1	-1
39006	丐帮长老	106	0	1	-1
39007	阿朱	136	0	1	-1
39008	全冠清	120	0	1	-1
39009	乔峰	14700	0	1	1
39010	云中鹤	30626	0	1	1
39011	萧远山	128	0	1	1
39012	白室镜	140	0	1	-1
39013	虚竹	131	0	1	1
39014	玄苦	129	0	1	-1
39015	小沙弥	127	0	1	-1
39016	青衣和尚	200	0	1	-1
39017	少林武僧	122	0	1	-1
39018	扫地僧	121	0	1	-1
39019	中原男青年	115	0	1	-1
39020	中原士大夫	221	0	1	-1
39021	中原村落长老	242	0	1	-1
39022	徐明	284	0	1	-1
39023	江湖游医	11030	0	1	-1
39024	聚贤庄持爪武林人	111	0	1	-1
39025	聚贤庄持刀武林人	179	0	1	-1
39026	太室山弓箭手	183	0	1	-1
39027	草原狼	231	0	1	-1
39028	狼王	232	0	1	-1
39029	嵩山白虎	30635	0	1	-1
39030	丐帮持钵弟子	177	0	1	-1
39031	丐帮持棍弟子	192	0	1	-1
39032	聚贤庄家丁	125	0	1	-1
39033	敲钟和尚	200	0	1	-1
40000	虚竹	131	0	1	-1
40001	西夏一品堂武士	117	0	1	-1
40002	李秋水	187	0	1	1
40003	西夏弓兵	176	0	1	-1
40004	天山童姥	304	0	1	1
40005	党项贵族	8526	0	1	-1
40006	党项贵妇	8526	0	1	-1
40007	西夏男	303	0	1	-1
40008	西夏女	258	0	1	-1
40009	李延宗	186	0	1	1
40010	西夏一品堂武士	117	0	1	-1
40011	沙漠劫匪	259	0	1	-1
40012	飘渺峰幼年灵鹫	28030	0	1	-1
40013	蝎王	305	0	1	-1
40014	中原老妇	133	0	1	-1
40015	中原村落长老	242	0	1	-1
40016	中原青年农妇	269	0	1	-1
40017	中原青年农民	268	0	1	-1
40018	中原戏子	234	0	1	-1
40019	西夏男	303	0	1	-1
40020	西夏弓兵	176	0	1	-1
40050	西夏弓兵	176	0	1	-1
40051	西夏弓兵	176	0	1	-1
40052	持刀武林人士	179	0	1	-1
40053	持爪武林人士	111	0	1	-1
40054	江湖人【气氛】	198	0	1	-1
40055	江湖人【气氛】	198	0	1	-1
40056	江湖人【气氛】	198	0	1	-1
40057	江湖人【气氛】	198	0	1	-1
40100	12人团本-司仪	31264	0	1	-1
40101	12人团本-副本1第一boss	31260	0	1	-1
40102	12人团本-副本1第二boss	31263	0	1	-1
40103	12人团本-副本1boss1小怪一品堂精锐	31261	0	1	-1
40104	12人团本-副本1boss1小怪一品堂弓手	31262	0	1	-1
40105	12人团本-副本1boss2小怪-逸散火花	31265	0	1	-1
40106	12人团本-副本2第一boss	31266	0	1	-1
40107	12人团本-副本2第二boss1	31267	0	1	-1
40108	12人团本-副本2第二boss2	31268	0	1	-1
40109	12人团本-副本2第二boss小怪-佛体	31272	0	1	-1
40110	12人团本-副本2第二boss小怪-魔体	31272	0	1	-1
40111	12人团本-副本2第二boss小怪-佛形	31269	0	1	-1
40112	12人团本-副本2第二boss小怪-魔影	31270	0	1	-1
40113	12人团本-副本2第二boss小怪-金刚怒目	31271	0	1	-1
40114	12人团本-副本2第二boss1-穿云弓-弓箭1	11061	1	1	-1
40115	12人团本-副本2第二boss1-穿云弓-弓箭2	11061	1	1	-1
40116	12人团本-副本2第二boss1-穿云弓-弓箭3	11061	1	1	-1
40117	12人团本-副本2佛体子物体	11061	0	1	-1
40118	12人团本-副本2魔体子物体	11061	0	1	-1
40119	12人团本-副本2boss2-宝箱-难度3	30581	0	1	1
40130	12人团本-副本1第一boss	31260	0	1	-1
40131	12人团本-副本1第二boss	31263	0	1	-1
40132	12人团本-副本1boss1小怪一品堂精锐	31261	0	1	-1
40133	12人团本-副本1boss1小怪一品堂弓手	31262	0	1	-1
40134	12人团本-副本1boss2小怪-逸散火花	31265	0	1	-1
40140	12人团本-副本1第一boss	31260	0	1	-1
40141	12人团本-副本1第二boss	31263	0	1	-1
40142	12人团本-副本1boss1小怪一品堂精锐	31261	0	1	-1
40143	12人团本-副本1boss1小怪一品堂弓手	31262	0	1	-1
40144	12人团本-副本1boss2小怪-逸散火花	31265	0	1	-1
40150	12人团本-副本2第一boss-难度2	31266	0	1	-1
40151	12人团本-副本2第二boss1-难度2	31267	0	1	-1
40152	12人团本-副本2第二boss2-难度2	31268	0	1	-1
40153	12人团本-副本2第二boss小怪-佛体-难度2	31266	0	1	-1
40154	12人团本-副本2第二boss小怪-魔体-难度2	31266	0	1	-1
40155	12人团本-副本2第二boss小怪-佛形-难度2	31269	0	1	-1
40156	12人团本-副本2第二boss小怪-魔影-难度2	31270	0	1	-1
40157	12人团本-副本2第二boss小怪-金刚怒目-难度2	31271	0	1	-1
40158	12人团本-副本2第二boss1-穿云弓-弓箭1-难度2	11061	1	1	-1
40159	12人团本-副本2第二boss1-穿云弓-弓箭2-难度2	11061	1	1	-1
40160	12人团本-副本2第二boss1-穿云弓-弓箭3-难度2	11061	1	1	-1
40161	12人团本-副本2boss2-宝箱-难度2	30581	0	1	1
40170	12人团本-副本2第一boss-难度1	31266	0	1	-1
40171	12人团本-副本2第二boss1-难度1	31267	0	1	-1
40172	12人团本-副本2第二boss2-难度1	31268	0	1	-1
40173	12人团本-副本2第二boss小怪-佛体-难度1	31266	0	1	-1
40174	12人团本-副本2第二boss小怪-魔体-难度1	31266	0	1	-1
40175	12人团本-副本2第二boss小怪-佛形-难度1	31269	0	1	-1
40176	12人团本-副本2第二boss小怪-魔影-难度1	31270	0	1	-1
40177	12人团本-副本2第二boss小怪-金刚怒目-难度1	31271	0	1	-1
40178	12人团本-副本2第二boss1-穿云弓-弓箭1-难度1	11061	1	1	-1
40179	12人团本-副本2第二boss1-穿云弓-弓箭2-难度1	11061	1	1	-1
40180	12人团本-副本2第二boss1-穿云弓-弓箭3-难度1	11061	1	1	-1
40181	12人团本-副本2boss2-宝箱-难度1	30581	0	1	1
40182	12人团本-副本2第一boss-难度4	31266	0	1	-1
40183	12人团本-副本2第二boss1-难度4	31267	0	1	-1
40184	12人团本-副本2第二boss2-难度4	31268	0	1	-1
40185	12人团本-副本2第二boss小怪-佛体-难度4	31266	0	1	-1
40186	12人团本-副本2第二boss小怪-魔体-难度4	31266	0	1	-1
40187	12人团本-副本2第二boss小怪-佛形-难度4	31269	0	1	-1
40188	12人团本-副本2第二boss小怪-魔影-难度4	31270	0	1	-1
40189	12人团本-副本2第二boss小怪-金刚怒目-难度4	31271	0	1	-1
40190	12人团本-副本2第二boss1-穿云弓-弓箭1-难度4	11061	1	1	-1
40191	12人团本-副本2第二boss1-穿云弓-弓箭2-难度4	11061	1	1	-1
40192	12人团本-副本2第二boss1-穿云弓-弓箭3-难度4	11061	1	1	-1
40193	12人团本-副本2boss2-宝箱-难度4	30581	0	1	1
40200	挑战本木桩1-李秋水	31300	0	1	-1
40201	挑战本木桩2-游骥	31301	0	1	-1
40202	挑战本木桩3-鸠摩智	31302	0	1	-1
40203	挑战本木桩4-哲刃	31303	0	1	-1
40204	挑战本木桩5-卓不凡	31304	0	1	-1
40205	挑战本木桩6-光明右使	31305	0	1	-1
40206	挑战本木桩7-赫连铁书	31306	0	1	-1
40207	挑战本木桩8-小猴王1	31307	0	1	-1
40208	挑战本木桩8-小猴王2	31308	0	1	-1
40209	挑战本木桩8-小猴王3	31309	0	1	-1
40210	挑战本木桩9-司空玄	31310	0	1	-1
40211	木桩本本内重置npc	31311	0	1	-1
40212	木桩本本外入口npc	31311	0	1	-1
40213	挑战本木桩-对话npc1	11061	0	1	-1
40214	挑战本木桩-对话npc2	11061	0	1	-1
40215	挑战本木桩-对话npc3	11061	0	1	-1
40216	挑战本木桩-对话npc4	11061	0	1	-1
40217	挑战本木桩-对话npc5	11061	0	1	-1
40218	挑战本木桩-对话npc6	11061	0	1	-1
40219	挑战本木桩-对话npc7	11061	0	1	-1
40220	挑战本木桩-对话npc8	11061	0	1	-1
40221	挑战本木桩-对话npc9	11061	0	1	-1
40230	12人团本-副本1第一boss-难度5	31260	0	1	-1
40231	12人团本-副本1第二boss-难度5	31263	0	1	-1
40232	12人团本-副本1boss1小怪一品堂精锐-难度5	31261	0	1	-1
40233	12人团本-副本1boss1小怪一品堂弓手-难度5	31262	0	1	-1
40234	12人团本-副本1boss2小怪-逸散火花-难度5	31265	0	1	-1
41000	干光豪【辽西草原】	188	0	1	-1
41001	葛光佩【辽西草原】	168	0	1	-1
41002	无量剑东宫弟子（怪）	10078	0	1	-1
41003	葛光佩【助战】	10079	0	1	-1
41004	乔乐儿【嵩山】	143	0	1	-1
41005	乔三霸【嵩山】	30134	0	1	-1
41006	桌子【嵩山】	8530	0	1	1
41007	酒坛【嵩山】	14676	0	1	-1
41008	行知【嵩山】	122	0	1	-1
41009	蜂王【无锡】	175	0	1	-1
41010	王夫人侍女【姑苏】	196	0	1	-1
41011	小孩子	302	0	1	-1
41012	贼人【怪】	108	0	1	-1
41013	侠客	11002	0	1	-1
41014	阿相	226	0	1	1
41015	友人	196	0	1	-1
41016	阿辰	115	0	1	-1
41017	乞丐【怪】	13139	0	1	-1
41018	鹦鹉	7066	0	1	-1
41019	乞丐	13139	0	1	-1
41020	贼人	193	0	1	-1
41021	侠客【助战】	11002	0	1	-1
41022	芸娘	11169	0	1	-1
41023	老人	207	0	1	-1
41024	镖客	28078	0	1	-1
41025	医女	226	0	1	-1
41026	少女	14025	0	1	1
41027	少年	25709	0	1	-1
41028	镖客【助战】	28078	0	1	-1
41029	山匪【怪】	1926	0	1	-1
41030	毒蜂【怪】	175	0	1	-1
41031	侠客	198	0	1	-1
41032	无崖诔-梅剑（NPC）	15212	0	1	-1
41033	无崖诔-李秋水（BOSS）	15213	0	1	-1
41034	游老大	13092	0	1	-1
41035	游老大	13092	0	1	-1
41500	冰蚕	45100	0	1	-1
41501	星宿持幡弟子	45101	0	1	1
41502	星宿双环弟子	45102	0	1	1
41503	严婆婆	45103	0	1	1
41504	丁春秋-神木王鼎	45104	0	1	1
41505	丁春秋-神木王鼎-毒蜂	45105	0	1	1
41506	丁春秋-神木王鼎-毒蝎	45106	0	1	1
41507	丁春秋-神木王鼎-莽牯朱蛤	45107	0	1	1
41508	丁春秋-神木王鼎-毒蛇	45108	0	1	1
41509	丁春秋	45109	0	1	1
41510	远古棋魂	45110	80	1	1
41511	白棋	45111	80	1	1
41512	黑棋	45112	80	1	1
41513	怨念棋魂	45113	50	1	-1
41514	苏星河	45114	0	1	-1
41515	缚灵龛	45115	0	1	1
41516	无崖子	45116	0	1	-1
41517	无崖子-分身	45117	0	1	-1
41518	一残局判定棋子	-1	0	1	-1
41519	二残局判定棋子	-1	0	1	-1
41520	三残局判定棋子	-1	0	1	-1
41521	对撞后生成的白棋	45111	80	1	1
41522	二号BOSS-会对撞的黑棋	45112	80	1	1
41523	二号BOSS-棋盘中心空NPC	-1	0	1	-1
41525	三号BOSS-男玩家心魔	30532	0	1	-1
41526	三号BOSS-女玩家心魔	30533	0	1	-1
41527	三号BOSS-分身子物体	45118	0	1	-1
42700	毒蜂	175	0	1	-1
42701	无量花豹	184	0	1	-1
42702	地痞	193	0	1	-1
42704	孙三霸手下	179	0	1	-1
42706	孙三霸	124	0	1	-1
42714	厉光义	167	0	1	-1
42715	夏光柔	168	0	1	-1
42726	虎王	184	0	1	-1
42710	五步蝎	174	0	1	-1
42705	豹子王	11128	0	1	-1
42717	无量山猿	163	0	1	-1
42724	猛虎寨贼徒	107	0	1	-1
42725	霍寨主	110	0	1	-1
42721	灵蛇	174	0	1	-1
42722	转职NPC	14716	0	1	-1
51219	地鼠门门人	119	50	1	-1
41159	秦家寨匪徒	10259	0	1	-1
42727	布告栏	311	0	1	1
45001	辽军铁骑-1层（第一批）	45050	0	1	-1
45002	千夫长-1层（第一批）	45051	0	1	-1
45003	辽军统领-1层（第一批）	45052	0	1	-1
45004	耶律洪基-1层（第一批）	45053	0	1	-1
45005	辽军铁骑-2层（第一批）	45050	0	1	-1
45006	千夫长-2层（第一批）	45051	0	1	-1
45007	辽军统领-2层（第一批）	45052	0	1	-1
45008	耶律洪基-2层（第一批）	45053	0	1	-1
45009	辽军铁骑-3层（第一批）	45050	0	1	-1
45010	千夫长-3层（第一批）	45051	0	1	-1
45011	辽军统领-3层（第一批）	45052	0	1	-1
45012	耶律洪基-3层（第一批）	45053	0	1	-1
45013	辽军铁骑-4层（第一批）	45050	0	1	-1
45014	千夫长-4层（第一批）	45051	0	1	-1
45015	辽军统领-4层（第一批）	45052	0	1	-1
45016	耶律洪基-4层（第一批）	45053	0	1	-1
45017	辽军铁骑-5层（第一批）	45050	0	1	-1
45018	千夫长-5层（第一批）	45051	0	1	-1
45019	辽军统领-5层（第一批）	45052	0	1	-1
45020	耶律洪基-5层（第一批）	45053	0	1	-1
45021	辽军铁骑-1层（第二批）	45050	0	1	-1
45022	千夫长-1层（第二批）	45051	0	1	-1
45023	辽军统领-1层（第二批）	45052	0	1	-1
45024	耶律洪基-1层（第二批）	45053	0	1	-1
45025	辽军铁骑-2层（第二批）	45050	0	1	-1
45026	千夫长-2层（第二批）	45051	0	1	-1
45027	辽军统领-2层（第二批）	45052	0	1	-1
45028	耶律洪基-2层（第二批）	45053	0	1	-1
45029	辽军铁骑-3层（第二批）	45050	0	1	-1
45030	千夫长-3层（第二批）	45051	0	1	-1
45031	辽军统领-3层（第二批）	45052	0	1	-1
45032	耶律洪基-3层（第二批）	45053	0	1	-1
45033	辽军铁骑-4层（第二批）	45050	0	1	-1
45034	千夫长-4层（第二批）	45051	0	1	-1
45035	辽军统领-4层（第二批）	45052	0	1	-1
45036	耶律洪基-4层（第二批）	45053	0	1	-1
45037	辽军铁骑-5层（第二批）	45050	0	1	-1
45038	千夫长-5层（第二批）	45051	0	1	-1
45039	辽军统领-5层（第二批）	45052	0	1	-1
45040	耶律洪基-5层（第二批）	45053	0	1	-1
45041	辽军铁骑-1层（第三批）	45050	0	1	-1
45042	千夫长-1层（第三批）	45051	0	1	-1
45043	辽军统领-1层（第三批）	45052	0	1	-1
45044	耶律洪基-1层（第三批）	45053	0	1	-1
45045	辽军铁骑-2层（第三批）	45050	0	1	-1
45046	千夫长-2层（第三批）	45051	0	1	-1
45047	辽军统领-2层（第三批）	45052	0	1	-1
45048	耶律洪基-2层（第三批）	45053	0	1	-1
45049	辽军铁骑-3层（第三批）	45050	0	1	-1
45050	千夫长-3层（第三批）	45051	0	1	-1
45051	辽军统领-3层（第三批）	45052	0	1	-1
45052	耶律洪基-3层（第三批）	45053	0	1	-1
45053	辽军铁骑-4层（第三批）	45050	0	1	-1
45054	千夫长-4层（第三批）	45051	0	1	-1
45055	辽军统领-4层（第三批）	45052	0	1	-1
45056	耶律洪基-4层（第三批）	45053	0	1	-1
45057	辽军铁骑-5层（第三批）	45050	0	1	-1
45058	千夫长-5层（第三批）	45051	0	1	-1
45059	辽军统领-5层（第三批）	45052	0	1	-1
45060	耶律洪基-5层（第三批）	45053	0	1	-1
45061	辽军铁骑-1层（第四批）	45050	0	1	-1
45062	千夫长-1层（第四批）	45051	0	1	-1
45063	辽军统领-1层（第四批）	45052	0	1	-1
45064	耶律洪基-1层（第四批）	45053	0	1	-1
45065	辽军铁骑-2层（第四批）	45050	0	1	-1
45066	千夫长-2层（第四批）	45051	0	1	-1
45067	辽军统领-2层（第四批）	45052	0	1	-1
45068	耶律洪基-2层（第四批）	45053	0	1	-1
45069	辽军铁骑-3层（第四批）	45050	0	1	-1
45070	千夫长-3层（第四批）	45051	0	1	-1
45071	辽军统领-3层（第四批）	45052	0	1	-1
45072	耶律洪基-3层（第四批）	45053	0	1	-1
45073	辽军铁骑-4层（第四批）	45050	0	1	-1
45074	千夫长-4层（第四批）	45051	0	1	-1
45075	辽军统领-4层（第四批）	45052	0	1	-1
45076	耶律洪基-4层（第四批）	45053	0	1	-1
45077	辽军铁骑-5层（第四批）	45050	0	1	-1
45078	千夫长-5层（第四批）	45051	0	1	-1
45079	辽军统领-5层（第四批）	45052	0	1	-1
45080	耶律洪基-5层（第四批）	45053	0	1	-1
45081	辽军铁骑-1层（第五批）	45050	0	1	-1
45082	千夫长-1层（第五批）	45051	0	1	-1
45083	辽军统领-1层（第五批）	45052	0	1	-1
45084	耶律洪基-1层（第五批）	45053	0	1	-1
45085	辽军铁骑-2层（第五批）	45050	0	1	-1
45086	千夫长-2层（第五批）	45051	0	1	-1
45087	辽军统领-2层（第五批）	45052	0	1	-1
45088	耶律洪基-2层（第五批）	45053	0	1	-1
45089	辽军铁骑-3层（第五批）	45050	0	1	-1
45090	千夫长-3层（第五批）	45051	0	1	-1
45091	辽军统领-3层（第五批）	45052	0	1	-1
45092	耶律洪基-3层（第五批）	45053	0	1	-1
45093	辽军铁骑-4层（第五批）	45050	0	1	-1
45094	千夫长-4层（第五批）	45051	0	1	-1
45095	辽军统领-4层（第五批）	45052	0	1	-1
45096	耶律洪基-4层（第五批）	45053	0	1	-1
45097	辽军铁骑-5层（第五批）	45050	0	1	-1
45098	千夫长-5层（第五批）	45051	0	1	-1
45099	辽军统领-5层（第五批）	45052	0	1	-1
45100	耶律洪基-5层（第五批）	45053	0	1	-1
45101	辽军铁骑-1层（第六批）	45050	0	1	-1
45102	千夫长-1层（第六批）	45051	0	1	-1
45103	辽军统领-1层（第六批）	45052	0	1	-1
45104	耶律洪基-1层（第六批）	45053	0	1	-1
45105	辽军铁骑-2层（第六批）	45050	0	1	-1
45106	千夫长-2层（第六批）	45051	0	1	-1
45107	辽军统领-2层（第六批）	45052	0	1	-1
45108	耶律洪基-2层（第六批）	45053	0	1	-1
45109	辽军铁骑-3层（第六批）	45050	0	1	-1
45110	千夫长-3层（第六批）	45051	0	1	-1
45111	辽军统领-3层（第六批）	45052	0	1	-1
45112	耶律洪基-3层（第六批）	45053	0	1	-1
45113	辽军铁骑-4层（第六批）	45050	0	1	-1
45114	千夫长-4层（第六批）	45051	0	1	-1
45115	辽军统领-4层（第六批）	45052	0	1	-1
45116	耶律洪基-4层（第六批）	45053	0	1	-1
45117	辽军铁骑-5层（第六批）	45050	0	1	-1
45118	千夫长-5层（第六批）	45051	0	1	-1
45119	辽军统领-5层（第六批）	45052	0	1	-1
45120	耶律洪基-5层（第六批）	45053	0	1	-1
45121	辽军铁骑-1层（第七批）	45050	0	1	-1
45122	千夫长-1层（第七批）	45051	0	1	-1
45123	辽军统领-1层（第七批）	45052	0	1	-1
45124	耶律洪基-1层（第七批）	45053	0	1	-1
45125	辽军铁骑-2层（第七批）	45050	0	1	-1
45126	千夫长-2层（第七批）	45051	0	1	-1
45127	辽军统领-2层（第七批）	45052	0	1	-1
45128	耶律洪基-2层（第七批）	45053	0	1	-1
45129	辽军铁骑-3层（第七批）	45050	0	1	-1
45130	千夫长-3层（第七批）	45051	0	1	-1
45131	辽军统领-3层（第七批）	45052	0	1	-1
45132	耶律洪基-3层（第七批）	45053	0	1	-1
45133	辽军铁骑-4层（第七批）	45050	0	1	-1
45134	千夫长-4层（第七批）	45051	0	1	-1
45135	辽军统领-4层（第七批）	45052	0	1	-1
45136	耶律洪基-4层（第七批）	45053	0	1	-1
45137	辽军铁骑-5层（第七批）	45050	0	1	-1
45138	千夫长-5层（第七批）	45051	0	1	-1
45139	辽军统领-5层（第七批）	45052	0	1	-1
45140	耶律洪基-5层（第七批）	45053	0	1	-1
45141	辽军铁骑-1层（第八批）	45050	0	1	-1
45142	千夫长-1层（第八批）	45051	0	1	-1
45143	辽军统领-1层（第八批）	45052	0	1	-1
45144	耶律洪基-1层（第八批）	45053	0	1	-1
45145	辽军铁骑-2层（第八批）	45050	0	1	-1
45146	千夫长-2层（第八批）	45051	0	1	-1
45147	辽军统领-2层（第八批）	45052	0	1	-1
45148	耶律洪基-2层（第八批）	45053	0	1	-1
45149	辽军铁骑-3层（第八批）	45050	0	1	-1
45150	千夫长-3层（第八批）	45051	0	1	-1
45151	辽军统领-3层（第八批）	45052	0	1	-1
45152	耶律洪基-3层（第八批）	45053	0	1	-1
45153	辽军铁骑-4层（第八批）	45050	0	1	-1
45154	千夫长-4层（第八批）	45051	0	1	-1
45155	辽军统领-4层（第八批）	45052	0	1	-1
45156	耶律洪基-4层（第八批）	45053	0	1	-1
45157	辽军铁骑-5层（第八批）	45050	0	1	-1
45158	千夫长-5层（第八批）	45051	0	1	-1
45159	辽军统领-5层（第八批）	45052	0	1	-1
45160	耶律洪基-5层（第八批）	45053	0	1	-1
45161	辽军铁骑-1层（第九批）	45050	0	1	-1
45162	千夫长-1层（第九批）	45051	0	1	-1
45163	辽军统领-1层（第九批）	45052	0	1	-1
45164	耶律洪基-1层（第九批）	45053	0	1	-1
45165	辽军铁骑-2层（第九批）	45050	0	1	-1
45166	千夫长-2层（第九批）	45051	0	1	-1
45167	辽军统领-2层（第九批）	45052	0	1	-1
45168	耶律洪基-2层（第九批）	45053	0	1	-1
45169	辽军铁骑-3层（第九批）	45050	0	1	-1
45170	千夫长-3层（第九批）	45051	0	1	-1
45171	辽军统领-3层（第九批）	45052	0	1	-1
45172	耶律洪基-3层（第九批）	45053	0	1	-1
45173	辽军铁骑-4层（第九批）	45050	0	1	-1
45174	千夫长-4层（第九批）	45051	0	1	-1
45175	辽军统领-4层（第九批）	45052	0	1	-1
45176	耶律洪基-4层（第九批）	45053	0	1	-1
45177	辽军铁骑-5层（第九批）	45050	0	1	-1
45178	千夫长-5层（第九批）	45051	0	1	-1
45179	辽军统领-5层（第九批）	45052	0	1	-1
45180	耶律洪基-5层（第九批）	45053	0	1	-1
45181	辽军铁骑-1层（第十批）	45050	0	1	-1
45182	千夫长-1层（第十批）	45051	0	1	-1
45183	辽军统领-1层（第十批）	45052	0	1	-1
45184	耶律洪基-1层（第十批）	45053	0	1	-1
45185	辽军铁骑-2层（第十批）	45050	0	1	-1
45186	千夫长-2层（第十批）	45051	0	1	-1
45187	辽军统领-2层（第十批）	45052	0	1	-1
45188	耶律洪基-2层（第十批）	45053	0	1	-1
45189	辽军铁骑-3层（第十批）	45050	0	1	-1
45190	千夫长-3层（第十批）	45051	0	1	-1
45191	辽军统领-3层（第十批）	45052	0	1	-1
45192	耶律洪基-3层（第十批）	45053	0	1	-1
45193	辽军铁骑-4层（第十批）	45050	0	1	-1
45194	千夫长-4层（第十批）	45051	0	1	-1
45195	辽军统领-4层（第十批）	45052	0	1	-1
45196	耶律洪基-4层（第十批）	45053	0	1	-1
45197	辽军铁骑-5层（第十批）	45050	0	1	-1
45198	千夫长-5层（第十批）	45051	0	1	-1
45199	辽军统领-5层（第十批）	45052	0	1	-1
45200	耶律洪基-5层（第十批）	45053	0	1	-1
45501	辽军统领	45052	0	1	-1
45502	辽军千夫长	45051	0	1	-1
45503	辽军铁骑	45050	0	1	-1
45504	辽军士卒	10085	0	1	-1
45505	辽军勇士	28008	0	1	-1
45506	辽军高手	28024	0	1	-1
45507	辽军族兵	262	0	1	-1
45508	辽兵弓手	229	0	1	-1
45509	辽军冲车	30034	0	1	-1
45510	遗失的宝箱	13126	0	1	-1
45521	辽军统领	45052	0	1	-1
45522	辽军千夫长	45051	0	1	-1
45523	辽军铁骑	45050	0	1	-1
45524	辽军士卒	10085	0	1	-1
45525	辽军勇士	28008	0	1	-1
45526	辽军高手	28024	0	1	-1
45527	辽军族兵	262	0	1	-1
45528	辽兵弓手	229	0	1	-1
45529	辽军冲车	30034	0	1	-1
45530	遗失的宝箱	13126	0	1	-1
45541	辽军统领	45052	0	1	-1
45542	辽军千夫长	45051	0	1	-1
45543	辽军铁骑	45050	0	1	-1
45544	辽军士卒	10085	0	1	-1
45545	辽军勇士	28008	0	1	-1
45546	辽军高手	28024	0	1	-1
45547	辽军族兵	262	0	1	-1
45548	辽兵弓手	229	0	1	-1
45549	辽军冲车	30034	0	1	-1
45550	遗失的宝箱	13126	0	1	-1
45561	辽军统领	45052	0	1	-1
45562	辽军千夫长	45051	0	1	-1
45563	辽军铁骑	45050	0	1	-1
45564	辽军士卒	10085	0	1	-1
45565	辽军勇士	28008	0	1	-1
45566	辽军高手	28024	0	1	-1
45567	辽军族兵	262	0	1	-1
45568	辽兵弓手	229	0	1	-1
45569	辽军冲车	30034	0	1	-1
45570	遗失的宝箱	13126	0	1	-1
45581	辽军统领	45052	0	1	-1
45582	辽军千夫长	45051	0	1	-1
45583	辽军铁骑	45050	0	1	-1
45584	辽军士卒	10085	0	1	-1
45585	辽军勇士	28008	0	1	-1
45586	辽军高手	28024	0	1	-1
45587	辽军族兵	262	0	1	-1
45588	辽兵弓手	229	0	1	-1
45589	辽军冲车	30034	0	1	-1
45590	遗失的宝箱	13126	0	1	-1
49000	猴大	7490	0	1	2
49001	猴二	7491	0	1	2
49002	猴三	7492	0	1	2
49003	猴四	7493	0	1	2
50111	武士狸奴	6990	0	1	2
50210	青衣鹦鹉	6991	0	1	2
50310	机关螳螂	6992	0	1	2
50410	龟丞相	6993	0	1	2
50510	灵兔	6994	0	1	2
50610	猪天蓬	6995	0	1	2
50910	书生貂	6996	0	1	2
51110	小猴王	7008	0	1	2
51111	美猴王	6997	0	1	2
51113	任务繁殖5变猴	7009	0	1	2
51211	旺财5变	7024	0	1	2
52210	梼杌	7099	0	1	2
50217	素雪鹦鹉	7067	0	1	2
51217	幼稚田园	7027	0	1	2
50517	小红帽	7059	0	1	2
51117	酒仙白猿	7494	0	1	2
50118	向日葵	6990	0	1	2
50318	墨螳	6992	0	1	2
50418	龟丞相	6993	0	1	2
50618	霸波猪	6995	0	1	2
50918	采臣	6996	0	1	2
50110	NPC繁殖特殊狸奴	7049	0	1	2
50810	特殊白色舞狮虎	6999	0	1	2
50713	完美小狐仙	7032	0	1	2
51210	指定柴柴	7024	0	1	2
50314	螳螂0	7080	0	1	2
50514	兔子0	7056	0	1	2
51614	重明鸟0	7128	0	1	2
52617	白泽7	7201	0	1	2
50100	狸奴0	7048	0	1	2
50101	狸奴1	7048	0	1	2
50102	狸奴2	7048	0	1	2
50103	狸奴3	7048	0	1	2
50104	狸奴4	7048	0	1	2
50105	狸奴5	7049	0	1	2
50106	狸奴6	7049	0	1	2
50107	狸奴7	7050	0	1	2
50108	狸奴8	7050	0	1	2
50109	狸奴9	7051	0	1	2
50200	鹦鹉0	7064	0	1	2
50201	鹦鹉1	7064	0	1	2
50202	鹦鹉2	7064	0	1	2
50203	鹦鹉3	7064	0	1	2
50204	鹦鹉4	7064	0	1	2
50205	鹦鹉5	7065	0	1	2
50206	鹦鹉6	7065	0	1	2
50207	鹦鹉7	7066	0	1	2
50208	鹦鹉8	7066	0	1	2
50209	鹦鹉9	7067	0	1	2
50300	螳螂0	7080	0	1	2
50301	螳螂1	7080	0	1	2
50302	螳螂2	7080	0	1	2
50303	螳螂3	7080	0	1	2
50304	螳螂4	7080	0	1	2
50305	螳螂5	7081	0	1	2
50306	螳螂6	7081	0	1	2
50307	螳螂7	7082	0	1	2
50308	螳螂8	7082	0	1	2
50309	螳螂9	7083	0	1	2
50400	乌龟0	7072	0	1	2
50401	乌龟1	7072	0	1	2
50402	乌龟2	7072	0	1	2
50403	乌龟3	7072	0	1	2
50404	乌龟4	7072	0	1	2
50405	乌龟5	7073	0	1	2
50406	乌龟6	7073	0	1	2
50407	乌龟7	7074	0	1	2
50408	乌龟8	7074	0	1	2
50409	乌龟9	7075	0	1	2
50500	兔子0	7056	0	1	2
50501	兔子1	7056	0	1	2
50502	兔子2	7056	0	1	2
50503	兔子3	7056	0	1	2
50504	兔子4	7056	0	1	2
50505	兔子5	7057	0	1	2
50506	兔子6	7057	0	1	2
50507	兔子7	7058	0	1	2
50508	兔子8	7058	0	1	2
50509	兔子9	7059	0	1	2
50600	小猪0	7088	0	1	2
50601	小猪1	7088	0	1	2
50602	小猪2	7088	0	1	2
50603	小猪3	7088	0	1	2
50604	小猪4	7088	0	1	2
50605	小猪5	7089	0	1	2
50606	小猪6	7089	0	1	2
50607	小猪7	7090	0	1	2
50608	小猪8	7090	0	1	2
50609	小猪9	7091	0	1	2
50700	小狐仙0	7032	0	1	2
50701	小狐仙1	7032	0	1	2
50702	小狐仙2	7032	0	1	2
50703	小狐仙3	7032	0	1	2
50704	小狐仙4	7032	0	1	2
50705	小狐仙5	7033	0	1	2
50706	小狐仙6	7033	0	1	2
50707	小狐仙7	7034	0	1	2
50708	小狐仙8	7034	0	1	2
50709	小狐仙9	7035	0	1	2
50800	小虎0	7000	0	1	2
50801	小虎1	7000	0	1	2
50802	小虎2	7000	0	1	2
50803	小虎3	7000	0	1	2
50804	小虎4	7000	0	1	2
50805	小虎5	7001	0	1	2
50806	小虎6	7001	0	1	2
50807	小虎7	7002	0	1	2
50808	小虎8	7002	0	1	2
50809	小虎9	7003	0	1	2
50900	闪电貂0	7040	0	1	2
50901	闪电貂1	7040	0	1	2
50902	闪电貂2	7040	0	1	2
50903	闪电貂3	7040	0	1	2
50904	闪电貂4	7040	0	1	2
50905	闪电貂5	7041	0	1	2
50906	闪电貂6	7041	0	1	2
50907	闪电貂7	7042	0	1	2
50908	闪电貂8	7042	0	1	2
50909	闪电貂9	7043	0	1	2
51000	鳄鱼0	7016	0	1	2
51001	鳄鱼1	7016	0	1	2
51002	鳄鱼2	7016	0	1	2
51003	鳄鱼3	7016	0	1	2
51004	鳄鱼4	7016	0	1	2
51005	鳄鱼5	7017	0	1	2
51006	鳄鱼6	7017	0	1	2
51007	鳄鱼7	7018	0	1	2
51008	鳄鱼8	7018	0	1	2
51009	鳄鱼9	7019	0	1	2
51100	白猿0	7008	0	1	2
51101	白猿1	7008	0	1	2
51102	白猿2	7008	0	1	2
51103	白猿3	7008	0	1	2
51104	白猿4	7008	0	1	2
51105	白猿5	7009	0	1	2
51106	白猿6	7009	0	1	2
51107	白猿7	7010	0	1	2
51108	白猿8	7010	0	1	2
51109	白猿9	7011	0	1	2
51200	柴柴0	7024	0	1	2
51201	柴柴1	7024	0	1	2
51202	柴柴2	7024	0	1	2
51203	柴柴3	7024	0	1	2
51204	柴柴4	7024	0	1	2
51205	柴柴5	7025	0	1	2
51206	柴柴6	7025	0	1	2
51207	柴柴7	7026	0	1	2
51208	柴柴8	7026	0	1	2
51209	柴柴9	7027	0	1	2
51300	龙马0	7104	0	1	2
51301	龙马1	7104	0	1	2
51302	龙马2	7104	0	1	2
51303	龙马3	7104	0	1	2
51304	龙马4	7104	0	1	2
51305	龙马5	7105	0	1	2
51306	龙马6	7105	0	1	2
51307	龙马7	7106	0	1	2
51308	龙马8	7106	0	1	2
51309	龙马9	7107	0	1	2
51400	夫诸0	7112	0	1	2
51401	夫诸1	7112	0	1	2
51402	夫诸2	7112	0	1	2
51403	夫诸3	7112	0	1	2
51404	夫诸4	7112	0	1	2
51405	夫诸5	7113	0	1	2
51406	夫诸6	7113	0	1	2
51407	夫诸7	7114	0	1	2
51408	夫诸8	7114	0	1	2
51409	夫诸9	7115	0	1	2
51500	毕方0	7120	0	1	2
51501	毕方1	7120	0	1	2
51502	毕方2	7120	0	1	2
51503	毕方3	7120	0	1	2
51504	毕方4	7120	0	1	2
51505	毕方5	7121	0	1	2
51506	毕方6	7121	0	1	2
51507	毕方7	7122	0	1	2
51508	毕方8	7122	0	1	2
51509	毕方9	7123	0	1	2
51600	重明鸟0	7128	0	1	2
51601	重明鸟1	7128	0	1	2
51602	重明鸟2	7128	0	1	2
51603	重明鸟3	7128	0	1	2
51604	重明鸟4	7128	0	1	2
51605	重明鸟5	7129	0	1	2
51606	重明鸟6	7129	0	1	2
51607	重明鸟7	7130	0	1	2
51608	重明鸟8	7130	0	1	2
51609	重明鸟9	7131	0	1	2
51700	鸾鸟0	7136	0	1	2
51701	鸾鸟1	7136	0	1	2
51702	鸾鸟2	7136	0	1	2
51703	鸾鸟3	7136	0	1	2
51704	鸾鸟4	7136	0	1	2
51705	鸾鸟5	7137	0	1	2
51706	鸾鸟6	7137	0	1	2
51707	鸾鸟7	7138	0	1	2
51708	鸾鸟8	7138	0	1	2
51709	鸾鸟9	7139	0	1	2
51800	九尾狐0	7144	0	1	2
51801	九尾狐1	7144	0	1	2
51802	九尾狐2	7144	0	1	2
51803	九尾狐3	7144	0	1	2
51804	九尾狐4	7144	0	1	2
51805	九尾狐5	7145	0	1	2
51806	九尾狐6	7145	0	1	2
51807	九尾狐7	7147	0	1	2
51808	九尾狐8	7147	0	1	2
51809	九尾狐9	7146	0	1	2
51900	饕餮0	7152	0	1	2
51901	饕餮1	7152	0	1	2
51902	饕餮2	7152	0	1	2
51903	饕餮3	7152	0	1	2
51904	饕餮4	7152	0	1	2
51905	饕餮5	7152	0	1	2
51906	饕餮6	7152	0	1	2
51907	饕餮7	7153	0	1	2
51908	饕餮8	7154	0	1	2
51909	饕餮9	7155	0	1	2
52000	穷奇0	7160	0	1	2
52001	穷奇1	7160	0	1	2
52002	穷奇2	7160	0	1	2
52003	穷奇3	7160	0	1	2
52004	穷奇4	7160	0	1	2
52005	穷奇5	7160	0	1	2
52006	穷奇6	7160	0	1	2
52007	穷奇7	7161	0	1	2
52008	穷奇8	7162	0	1	2
52009	穷奇9	7163	0	1	2
52100	混沌0	7168	0	1	2
52101	混沌1	7168	0	1	2
52102	混沌2	7168	0	1	2
52103	混沌3	7168	0	1	2
52104	混沌4	7168	0	1	2
52105	混沌5	7168	0	1	2
52106	混沌6	7168	0	1	2
52107	混沌7	7169	0	1	2
52108	混沌8	7170	0	1	2
52109	混沌9	7171	0	1	2
52200	梼杌0	7096	0	1	2
52201	梼杌1	7096	0	1	2
52202	梼杌2	7096	0	1	2
52203	梼杌3	7096	0	1	2
52204	梼杌4	7096	0	1	2
52205	梼杌5	7096	0	1	2
52206	梼杌6	7096	0	1	2
52207	梼杌7	7097	0	1	2
52208	梼杌8	7098	0	1	2
52209	梼杌9	7099	0	1	2
52300	烛龙0	7176	0	1	2
52301	烛龙1	7176	0	1	2
52302	烛龙2	7176	0	1	2
52303	烛龙3	7176	0	1	2
52304	烛龙4	7176	0	1	2
52305	烛龙5	7176	0	1	2
52306	烛龙6	7176	0	1	2
52307	烛龙7	7177	0	1	2
52308	烛龙8	7178	0	1	2
52309	烛龙9	7179	0	1	2
52400	麒麟0	7184	0	1	2
52401	麒麟1	7184	0	1	2
52402	麒麟2	7184	0	1	2
52403	麒麟3	7184	0	1	2
52404	麒麟4	7184	0	1	2
52405	麒麟5	7184	0	1	2
52406	麒麟6	7184	0	1	2
52407	麒麟7	7185	0	1	2
52408	麒麟8	7186	0	1	2
52409	麒麟9	7187	0	1	2
52500	凤凰0	7192	0	1	2
52501	凤凰1	7192	0	1	2
52502	凤凰2	7192	0	1	2
52503	凤凰3	7192	0	1	2
52504	凤凰4	7192	0	1	2
52505	凤凰5	7192	0	1	2
52506	凤凰6	7192	0	1	2
52507	凤凰7	7193	0	1	2
52508	凤凰8	7194	0	1	2
52509	凤凰9	7195	0	1	2
52600	白泽0	7200	0	1	2
52601	白泽1	7200	0	1	2
52602	白泽2	7200	0	1	2
52603	白泽3	7200	0	1	2
52604	白泽4	7200	0	1	2
52605	白泽5	7200	0	1	2
52606	白泽6	7200	0	1	2
52607	白泽7	7201	0	1	2
52608	白泽8	7202	0	1	2
52609	白泽9	7203	0	1	2
52700	龙魂0	7208	0	1	2
52701	龙魂1	7208	0	1	2
52702	龙魂2	7208	0	1	2
52703	龙魂3	7208	0	1	2
52704	龙魂4	7208	0	1	2
52705	龙魂5	7208	0	1	2
52706	龙魂6	7208	0	1	2
52707	龙魂7	7209	0	1	2
52708	龙魂8	7210	0	1	2
52709	龙魂9	7211	0	1	2
50150	掉落狸奴0	7048	0	1	2
50151	掉落狸奴1	7048	0	1	2
50152	掉落狸奴2	7048	0	1	2
50153	掉落狸奴3	7048	0	1	2
50154	掉落狸奴4	7048	0	1	2
50155	掉落狸奴5	7049	0	1	2
50156	掉落狸奴6	7049	0	1	2
50157	掉落狸奴7	7050	0	1	2
50158	掉落狸奴8	7050	0	1	2
50159	掉落狸奴9	7051	0	1	2
50250	掉落鹦鹉0	7064	0	1	2
50251	掉落鹦鹉1	7064	0	1	2
50252	掉落鹦鹉2	7064	0	1	2
50253	掉落鹦鹉3	7064	0	1	2
50254	掉落鹦鹉4	7064	0	1	2
50255	掉落鹦鹉5	7065	0	1	2
50256	掉落鹦鹉6	7065	0	1	2
50257	掉落鹦鹉7	7066	0	1	2
50258	掉落鹦鹉8	7066	0	1	2
50259	掉落鹦鹉9	7067	0	1	2
50350	掉落螳螂0	7080	0	1	2
50351	掉落螳螂1	7080	0	1	2
50352	掉落螳螂2	7080	0	1	2
50353	掉落螳螂3	7080	0	1	2
50354	掉落螳螂4	7080	0	1	2
50355	掉落螳螂5	7081	0	1	2
50356	掉落螳螂6	7081	0	1	2
50357	掉落螳螂7	7082	0	1	2
50358	掉落螳螂8	7082	0	1	2
50359	掉落螳螂9	7083	0	1	2
50450	掉落乌龟0	7072	0	1	2
50451	掉落乌龟1	7072	0	1	2
50452	掉落乌龟2	7072	0	1	2
50453	掉落乌龟3	7072	0	1	2
50454	掉落乌龟4	7072	0	1	2
50455	掉落乌龟5	7073	0	1	2
50456	掉落乌龟6	7073	0	1	2
50457	掉落乌龟7	7074	0	1	2
50458	掉落乌龟8	7074	0	1	2
50459	掉落乌龟9	7075	0	1	2
50550	掉落兔子0	7056	0	1	2
50551	掉落兔子1	7056	0	1	2
50552	掉落兔子2	7056	0	1	2
50553	掉落兔子3	7056	0	1	2
50554	掉落兔子4	7056	0	1	2
50555	掉落兔子5	7057	0	1	2
50556	掉落兔子6	7057	0	1	2
50557	掉落兔子7	7058	0	1	2
50558	掉落兔子8	7058	0	1	2
50559	掉落兔子9	7059	0	1	2
50650	掉落小猪0	7088	0	1	2
50651	掉落小猪1	7088	0	1	2
50652	掉落小猪2	7088	0	1	2
50653	掉落小猪3	7088	0	1	2
50654	掉落小猪4	7088	0	1	2
50655	掉落小猪5	7089	0	1	2
50656	掉落小猪6	7089	0	1	2
50657	掉落小猪7	7090	0	1	2
50658	掉落小猪8	7090	0	1	2
50659	掉落小猪9	7091	0	1	2
50750	掉落小狐仙0	7032	0	1	2
50751	掉落小狐仙1	7032	0	1	2
50752	掉落小狐仙2	7032	0	1	2
50753	掉落小狐仙3	7032	0	1	2
50754	掉落小狐仙4	7032	0	1	2
50755	掉落小狐仙5	7033	0	1	2
50756	掉落小狐仙6	7033	0	1	2
50757	掉落小狐仙7	7034	0	1	2
50758	掉落小狐仙8	7034	0	1	2
50759	掉落小狐仙9	7035	0	1	2
50850	掉落小虎0	7000	0	1	2
50851	掉落小虎1	7000	0	1	2
50852	掉落小虎2	7000	0	1	2
50853	掉落小虎3	7000	0	1	2
50854	掉落小虎4	7000	0	1	2
50855	掉落小虎5	7001	0	1	2
50856	掉落小虎6	7001	0	1	2
50857	掉落小虎7	7002	0	1	2
50858	掉落小虎8	7002	0	1	2
50859	掉落小虎9	7003	0	1	2
50950	掉落闪电貂0	7040	0	1	2
50951	掉落闪电貂1	7040	0	1	2
50952	掉落闪电貂2	7040	0	1	2
50953	掉落闪电貂3	7040	0	1	2
50954	掉落闪电貂4	7040	0	1	2
50955	掉落闪电貂5	7041	0	1	2
50956	掉落闪电貂6	7041	0	1	2
50957	掉落闪电貂7	7042	0	1	2
50958	掉落闪电貂8	7042	0	1	2
50959	掉落闪电貂9	7043	0	1	2
51050	掉落鳄鱼0	7016	0	1	2
51051	掉落鳄鱼1	7016	0	1	2
51052	掉落鳄鱼2	7016	0	1	2
51053	掉落鳄鱼3	7016	0	1	2
51054	掉落鳄鱼4	7016	0	1	2
51055	掉落鳄鱼5	7017	0	1	2
51056	掉落鳄鱼6	7017	0	1	2
51057	掉落鳄鱼7	7018	0	1	2
51058	掉落鳄鱼8	7018	0	1	2
51059	掉落鳄鱼9	7019	0	1	2
51150	掉落白猿0	7008	0	1	2
51151	掉落白猿1	7008	0	1	2
51152	掉落白猿2	7008	0	1	2
51153	掉落白猿3	7008	0	1	2
51154	掉落白猿4	7008	0	1	2
51155	掉落白猿5	7009	0	1	2
51156	掉落白猿6	7009	0	1	2
51157	掉落白猿7	7010	0	1	2
51158	掉落白猿8	7010	0	1	2
51159	掉落白猿9	7011	0	1	2
51250	掉落柴柴0	7024	0	1	2
51251	掉落柴柴1	7024	0	1	2
51252	掉落柴柴2	7024	0	1	2
51253	掉落柴柴3	7024	0	1	2
51254	掉落柴柴4	7024	0	1	2
51255	掉落柴柴5	7025	0	1	2
51256	掉落柴柴6	7025	0	1	2
51257	掉落柴柴7	7026	0	1	2
51258	掉落柴柴8	7026	0	1	2
51259	掉落柴柴9	7027	0	1	2
51350	掉落龙马0	7104	0	1	2
51351	掉落龙马1	7104	0	1	2
51352	掉落龙马2	7104	0	1	2
51353	掉落龙马3	7104	0	1	2
51354	掉落龙马4	7104	0	1	2
51355	掉落龙马5	7105	0	1	2
51356	掉落龙马6	7105	0	1	2
51357	掉落龙马7	7106	0	1	2
51358	掉落龙马8	7106	0	1	2
51359	掉落龙马9	7107	0	1	2
51450	掉落夫诸0	7112	0	1	2
51451	掉落夫诸1	7112	0	1	2
51452	掉落夫诸2	7112	0	1	2
51453	掉落夫诸3	7112	0	1	2
51454	掉落夫诸4	7112	0	1	2
51455	掉落夫诸5	7113	0	1	2
51456	掉落夫诸6	7113	0	1	2
51457	掉落夫诸7	7114	0	1	2
51458	掉落夫诸8	7114	0	1	2
51459	掉落夫诸9	7115	0	1	2
51550	掉落毕方0	7120	0	1	2
51551	掉落毕方1	7120	0	1	2
51552	掉落毕方2	7120	0	1	2
51553	掉落毕方3	7120	0	1	2
51554	掉落毕方4	7120	0	1	2
51555	掉落毕方5	7121	0	1	2
51556	掉落毕方6	7121	0	1	2
51557	掉落毕方7	7122	0	1	2
51558	掉落毕方8	7122	0	1	2
51559	掉落毕方9	7123	0	1	2
51650	掉落重明鸟0	7128	0	1	2
51651	掉落重明鸟1	7128	0	1	2
51652	掉落重明鸟2	7128	0	1	2
51653	掉落重明鸟3	7128	0	1	2
51654	掉落重明鸟4	7128	0	1	2
51655	掉落重明鸟5	7129	0	1	2
51656	掉落重明鸟6	7129	0	1	2
51657	掉落重明鸟7	7130	0	1	2
51658	掉落重明鸟8	7130	0	1	2
51659	掉落重明鸟9	7131	0	1	2
51750	掉落鸾鸟0	7136	0	1	2
51751	掉落鸾鸟1	7136	0	1	2
51752	掉落鸾鸟2	7136	0	1	2
51753	掉落鸾鸟3	7136	0	1	2
51754	掉落鸾鸟4	7136	0	1	2
51755	掉落鸾鸟5	7137	0	1	2
51756	掉落鸾鸟6	7137	0	1	2
51757	掉落鸾鸟7	7138	0	1	2
51758	掉落鸾鸟8	7138	0	1	2
51759	掉落鸾鸟9	7139	0	1	2
51850	掉落九尾狐0	7144	0	1	2
51851	掉落九尾狐1	7144	0	1	2
51852	掉落九尾狐2	7144	0	1	2
51853	掉落九尾狐3	7144	0	1	2
51854	掉落九尾狐4	7144	0	1	2
51855	掉落九尾狐5	7145	0	1	2
51856	掉落九尾狐6	7145	0	1	2
51857	掉落九尾狐7	7147	0	1	2
51858	掉落九尾狐8	7147	0	1	2
51859	掉落九尾狐9	7146	0	1	2
51950	掉落饕餮0	7152	0	1	2
51951	掉落饕餮1	7152	0	1	2
51952	掉落饕餮2	7152	0	1	2
51953	掉落饕餮3	7152	0	1	2
51954	掉落饕餮4	7152	0	1	2
51955	掉落饕餮5	7152	0	1	2
51956	掉落饕餮6	7152	0	1	2
51957	掉落饕餮7	7153	0	1	2
51958	掉落饕餮8	7154	0	1	2
51959	掉落饕餮9	7155	0	1	2
52050	掉落穷奇0	7160	0	1	2
52051	掉落穷奇1	7160	0	1	2
52052	掉落穷奇2	7160	0	1	2
52053	掉落穷奇3	7160	0	1	2
52054	掉落穷奇4	7160	0	1	2
52055	掉落穷奇5	7160	0	1	2
52056	掉落穷奇6	7160	0	1	2
52057	掉落穷奇7	7161	0	1	2
52058	掉落穷奇8	7162	0	1	2
52059	掉落穷奇9	7163	0	1	2
52150	掉落混沌0	7168	0	1	2
52151	掉落混沌1	7168	0	1	2
52152	掉落混沌2	7168	0	1	2
52153	掉落混沌3	7168	0	1	2
52154	掉落混沌4	7168	0	1	2
52155	掉落混沌5	7168	0	1	2
52156	掉落混沌6	7168	0	1	2
52157	掉落混沌7	7169	0	1	2
52158	掉落混沌8	7170	0	1	2
52159	掉落混沌9	7171	0	1	2
52250	掉落梼杌0	7096	0	1	2
52251	掉落梼杌1	7096	0	1	2
52252	掉落梼杌2	7096	0	1	2
52253	掉落梼杌3	7096	0	1	2
52254	掉落梼杌4	7096	0	1	2
52255	掉落梼杌5	7096	0	1	2
52256	掉落梼杌6	7096	0	1	2
52257	掉落梼杌7	7097	0	1	2
52258	掉落梼杌8	7098	0	1	2
52259	掉落梼杌9	7099	0	1	2
52350	掉落烛龙0	7176	0	1	2
52351	掉落烛龙1	7176	0	1	2
52352	掉落烛龙2	7176	0	1	2
52353	掉落烛龙3	7176	0	1	2
52354	掉落烛龙4	7176	0	1	2
52355	掉落烛龙5	7176	0	1	2
52356	掉落烛龙6	7176	0	1	2
52357	掉落烛龙7	7177	0	1	2
52358	掉落烛龙8	7178	0	1	2
52359	掉落烛龙9	7179	0	1	2
52450	掉落麒麟0	7184	0	1	2
52451	掉落麒麟1	7184	0	1	2
52452	掉落麒麟2	7184	0	1	2
52453	掉落麒麟3	7184	0	1	2
52454	掉落麒麟4	7184	0	1	2
52455	掉落麒麟5	7184	0	1	2
52456	掉落麒麟6	7184	0	1	2
52457	掉落麒麟7	7185	0	1	2
52458	掉落麒麟8	7186	0	1	2
52459	掉落麒麟9	7187	0	1	2
52550	掉落凤凰0	7192	0	1	2
52551	掉落凤凰1	7192	0	1	2
52552	掉落凤凰2	7192	0	1	2
52553	掉落凤凰3	7192	0	1	2
52554	掉落凤凰4	7192	0	1	2
52555	掉落凤凰5	7192	0	1	2
52556	掉落凤凰6	7192	0	1	2
52557	掉落凤凰7	7193	0	1	2
52558	掉落凤凰8	7194	0	1	2
52559	掉落凤凰9	7195	0	1	2
52650	掉落白泽0	7200	0	1	2
52651	掉落白泽1	7200	0	1	2
52652	掉落白泽2	7200	0	1	2
52653	掉落白泽3	7200	0	1	2
52654	掉落白泽4	7200	0	1	2
52655	掉落白泽5	7200	0	1	2
52656	掉落白泽6	7200	0	1	2
52657	掉落白泽7	7201	0	1	2
52658	掉落白泽8	7202	0	1	2
52659	掉落白泽9	7203	0	1	2
52750	掉落龙魂0	7208	0	1	2
52751	掉落龙魂1	7208	0	1	2
52752	掉落龙魂2	7208	0	1	2
52753	掉落龙魂3	7208	0	1	2
52754	掉落龙魂4	7208	0	1	2
52755	掉落龙魂5	7208	0	1	2
52756	掉落龙魂6	7208	0	1	2
52757	掉落龙魂7	7209	0	1	2
52758	掉落龙魂8	7210	0	1	2
52759	掉落龙魂9	7211	0	1	2
59999	珍兽引兽香	8499	0	1	1
53000	剑湖宫修炼-无量剑东宫弟子	1001	0	1	-1
53001	剑湖宫修炼-无量剑西宫弟子	1002	0	1	-1
53002	剑湖宫修炼-无量剑东宫弟子精英	1003	0	1	-1
53003	剑湖宫修炼-无量剑西宫弟子精英	1004	0	1	-1
53004	剑湖宫修炼-BOSS左子穆	1006	0	1	1
53005	剑湖宫修炼-BOSS辛双清	1007	0	1	-1
53006	剑湖宫修炼-神农帮锄头弟子	1008	0	1	-1
53007	剑湖宫修炼-BOSS司空玄	1010	0	1	1
53008	剑湖宫修炼-灵鹫宫普通弟子	1011	0	1	-1
53009	剑湖宫修炼-灵鹫宫使节	1012	0	1	-1
53010	剑湖宫修炼-BOSS灵鹫圣使花	1013	0	1	1
53011	剑湖宫修炼-NPC雪	1000	0	1	-1
53012	剑湖宫修炼-老二前NPC雪	1000	0	1	-1
53013	剑湖宫修炼-水道NPC	1019	0	1	-1
53014	剑湖宫修炼-水道NPC	1019	0	1	-1
53015	剑湖宫修炼-水道NPC	1019	0	1	-1
53016	剑湖宫修炼-左子穆-剑气长虹子物体	1020	0	1	-1
53017	剑湖宫修炼-左子穆-白虹贯日子物体	1021	0	1	-1
53018	剑湖宫修炼-圣使花-水分身	1015	0	1	-1
53019	剑湖宫修炼-圣使花-花分身	1014	0	1	-1
53020	剑湖宫修炼-圣使花-袖子	1016	0	1	-1
53021	剑湖宫修炼-圣使花-冰莲花	1017	0	1	-1
53022	剑湖宫修炼-神农帮大师兄（远程）	1024	0	1	-1
53023	剑湖宫修炼-无量剑侍（报信NPC）	1005	0	1	-1
53024	剑湖宫修炼-老三前NPC雪	1000	0	1	-1
53025	剑湖宫修炼-老三助战雪	1000	0	1	-1
53026	剑湖宫修炼-箭头	1019	0	1	-1
53027	剑湖宫修炼-活动展示左子穆/辛双清	1022	0	1	1
53028	聚贤庄修炼-Boss1前剧情-薛慕华	8500	0	1	-1
53029	聚贤庄修炼-Boss1战中传入-薛慕华	8500	0	1	-1
53030	聚贤庄修炼-Boss1失败开战-薛慕华	8500	0	1	-1
53031	聚贤庄修炼-Boss2战中传入-薛慕华	8500	0	1	-1
53032	聚贤庄修炼-Boss2失败开战-薛慕华	8500	0	1	-1
53033	聚贤庄修炼-Boss3战中传入-薛慕华	8500	0	1	-1
53034	聚贤庄修炼-Boss3失败开战-薛慕华	8500	0	1	-1
53035	聚贤庄修炼-门口NPC-贺鑫	8515	0	1	-1
53036	聚贤庄修炼-门口NPC-杜岚山	8515	0	1	-1
53037	聚贤庄修炼-小怪-江湖刀客	8507	0	1	-1
53038	聚贤庄修炼-小怪-江湖爪侠	8508	0	1	-1
53039	聚贤庄修炼-小怪-丐帮棍棒弟子	8503	0	1	-1
53040	聚贤庄修炼-小怪-丐帮法钵弟子	8502	0	1	-1
53041	聚贤庄修炼-小怪-贺鑫	8515	0	1	-1
53042	聚贤庄修炼-小怪-杜岚山	8515	0	1	-1
53043	聚贤庄修炼-场景NPC-林书尚	8503	0	0	-1
53044	聚贤庄修炼-场景NPC1-江湖散人	8541	0	0	-1
53045	聚贤庄修炼-场景NPC2-江湖散人	8542	0	0	-1
53046	聚贤庄修炼-场景NPC3-江湖散人	8543	0	0	-1
53047	聚贤庄修炼-场景NPC4-江湖散人	8544	0	0	-1
53048	聚贤庄修炼-场景NPC5-江湖散人	8547	0	0	-1
53049	聚贤庄修炼-场景NPC6-江湖散人	8548	0	0	-1
53050	聚贤庄修炼-场景NPC7-江湖散人	8549	0	0	-1
53051	聚贤庄修炼-场景NPC8-丐帮棍棒弟子	8554	0	0	-1
53052	聚贤庄修炼-场景NPC9-丐帮法钵弟子	8553	0	0	-1
53053	聚贤庄修炼-场景中立NPC1-江湖刀客	8545	0	0	-1
53054	聚贤庄修炼-场景中立NPC2-江湖爪侠	8546	0	0	-1
53055	聚贤庄修炼-场景中立NPC3-丐帮棍棒弟子	8554	0	0	-1
53056	聚贤庄修炼-场景中立NPC4-丐帮法钵弟子	8553	0	0	-1
53057	聚贤庄修炼-场景中立NPC3-蒋寸	8552	0	0	-1
53058	聚贤庄修炼-场景中立NPC4-徒彦索	8551	0	0	-1
53059	聚贤庄修炼-小怪-江湖刀客	8507	0	1	-1
53060	聚贤庄修炼-小怪-江湖爪侠	8508	0	1	-1
53061	聚贤庄修炼-小怪-丐帮棍棒弟子	8503	0	1	-1
53062	聚贤庄修炼-小怪-丐帮法钵弟子	8502	0	1	-1
53063	聚贤庄修炼-Boss1-1-华翎	8556	0	1	-1
53064	聚贤庄修炼-Boss1-2-华闾	8557	0	1	-1
53065	聚贤庄修炼-Boss2-奚山河	8558	0	1	-1
53066	聚贤庄修炼-Boss3-玄难	8559	0	1	-1
53067	聚贤庄修炼-Boss1-1-华翎	8523	0	1	-1
53068	聚贤庄修炼-Boss1-2-华闾	8524	0	1	-1
53069	聚贤庄修炼-Boss2-奚山河	8525	0	1	-1
53070	聚贤庄修炼-Boss3-玄难	8526	0	1	-1
53071	聚贤庄修炼-精英1-蒋寸	8528	0	1	-1
53072	聚贤庄修炼-精英2-徒彦索	8527	0	1	-1
53073	聚贤庄修炼-可活动场景NPC-林书尚	8503	0	1	-1
53074	聚贤庄修炼-可活动Boss1-1-华翎	8556	0	1	-1
53075	聚贤庄修炼-可活动Boss1-2-华闾	8557	0	1	-1
53076	聚贤庄修炼-附件-丐帮长老场景变化	161	0	1	-1
53077	聚贤庄修炼-附件-丐帮长老场景变化	161	0	1	-1
53078	聚贤庄修炼-附件-丐帮长老场景变化	161	0	1	-1
53079	聚贤庄修炼-禅心佛	8529	0	1	-1
53080	聚贤庄修炼-Boss2-奚山河	8558	0	1	-1
53081	聚贤庄修炼-Boss3-玄难	8559	0	1	-1
53082	聚贤庄修炼-禅心佛	8529	0	1	-1
53083	聚贤庄修炼-禅心佛	8529	0	1	-1
53084	聚贤庄修炼-禅心佛	8529	0	1	-1
53085	聚贤庄修炼-西北	161	0	1	-1
53086	聚贤庄修炼-东北	161	0	1	-1
53087	聚贤庄修炼-东南	161	0	1	-1
53088	聚贤庄修炼-西南	161	0	1	-1
53089	聚贤庄修炼-酒桌	161	0	1	-1
53090	聚贤庄修炼-禅心佛-对掌	161	0	1	-1
53091	聚贤庄修炼-华翎华闾-对掌	161	0	1	-1
53092	聚贤庄修炼-门口NPC-贺鑫	8515	0	1	-1
53093	聚贤庄修炼-剑气切	8531	0	1	-1
53094	聚贤庄修炼-剑意	8532	0	1	-1
53095	聚贤庄修炼-枪魂	8533	0	1	-1
53096	聚贤庄修炼-枪魂突	8534	0	1	-1
53097	聚贤庄修炼-剑盾连击	8535	0	1	-1
53098	聚贤庄修炼-连袖劲	8540	0	1	-1
53099	聚贤庄修炼-通用空物体	161	0	1	-1
53100	聚贤庄修炼-对掌阶段npc	161	0	1	-1
53101	聚贤庄修炼-附件-净土	161	0	1	-1
53102	聚贤庄修炼-附件-剑气绝	8555	0	1	-1
53103	聚贤庄修炼-附件-对掌	161	0	1	-1
53104	聚贤庄修炼-附件-对掌	161	0	1	-1
53105	聚贤庄修炼-附件-对掌	161	0	1	-1
53106	聚贤庄修炼-附件-对掌	161	0	1	-1
53107	聚贤庄修炼-附件-对掌	161	0	1	-1
53108	聚贤庄修炼-佛前	161	0	1	-1
53109	聚贤庄修炼-禅心佛	8529	0	1	-1
53110	聚贤庄修炼-禅心佛	8529	0	1	-1
53111	聚贤庄修炼-禅心佛	8529	0	1	-1
53112	聚贤庄修炼-禅心佛	8529	0	1	-1
53113	聚贤庄修炼-场景NPC-林书尚	8503	0	1	-1
53114	聚贤庄修炼-酒桌	8530	0	1	1
53115	聚贤庄修炼-Boss1-2-华闾	8557	0	1	-1
53116	词缀-毒虫-小怪1	30555	0	1	-1
53117	词缀-毒虫-小怪2	30556	0	1	-1
53118	词缀-毒虫-小怪3	30557	0	1	-1
53119	词缀-火雷-火雷	-1	0	1	-1
53120	词缀-冰魄-冰魄	30559	0	1	-1
53121	词缀-刀刃机关	30560	0	1	-1
53122	剑湖宫修炼-第二波-历光义	1003	0	1	-1
53123	词缀-毒池-毒池	-1	0	1	-1
53124	资4新词缀-心魔-心魔怪	31007	0	1	-1
53125	资4新词缀-剑闪-空白子物体	-1	0	1	-1
53126	资4新词缀-业火-空白子物体	-1	0	1	-1
53127	资4新词缀-石拳-空白子物体	-1	0	1	-1
53128	资10新词缀-地牢-空白子物体	-1	0	1	-1
53129	资10新词缀-呆呆鸟-鸟	28085	0	1	-1
53130	雁门关-BOSS-铁骑队-敌对	30202	0	1	-1
53131	雁门关-BOSS-千夫长-敌对	30203	0	1	-1
53132	雁门关-BOSS-辽军统领-敌对	30204	0	1	-1
53133	雁门关-铁骑队攻城车-敌对	30209	0	1	-1
53134	雁门关-云梯1-敌对	30208	0	1	1
53135	雁门关-辽兵-敌对	30205	0	1	-1
53136	雁门关-辽兵弓箭手	30206	0	1	-1
53137	雁门关-拒马	30207	0	1	1
53138	雁门关-宋军将领	30210	0	1	-1
53139	雁门关-宋兵	30211	0	1	-1
53140	雁门关-BOSS-铁骑队-敌对	30202	0	1	-1
53141	雁门关-BOSS-铁骑队-敌对	30202	0	1	-1
53142	雁门关-BOSS-铁骑队-敌对	30202	0	1	-1
53143	雁门关-BOSS-铁骑队-敌对	30202	0	1	-1
53144	雁门关-BOSS-铁骑队-敌对	30202	0	1	-1
53145	雁门关-城门	30212	0	1	1
53146	雁门关-宋兵弓箭手	30213	0	1	-1
53147	雁门关-引导箭头	1019	0	1	-1
53148	雁门关-BOSS-铁骑队-标记用空NPC	161	0	1	-1
53149	雁门关-小怪阶段-铁骑队-敌对	30214	0	1	-1
53150	雁门关-小怪阶段-攻城车-敌对	30209	0	1	-1
53151	雁门关-爬云梯辽兵1-敌对	30205	0	1	-1
53152	雁门关-折叠云梯-敌对	30208	0	1	1
53153	雁门关-爬云梯辽兵2-敌对	30205	0	1	-1
53154	雁门关-爬云梯辽兵3-敌对	30205	0	1	-1
53155	雁门关-爬云梯辽兵4-敌对	30205	0	1	-1
53156	雁门关-云梯2-敌对	30208	0	1	1
53157	雁门关-云梯3-敌对	30208	0	1	1
53158	雁门关-云梯4-敌对	30208	0	1	1
53159	雁门关-爬云梯辽兵1-敌对-无经验无掉落	30205	0	1	-1
53160	雁门关-爬云梯辽兵2-敌对-无经验无掉落	30205	0	1	-1
53161	雁门关-爬云梯辽兵3-敌对-无经验无掉落	30205	0	1	-1
53162	雁门关-爬云梯辽兵4-敌对-无经验无掉落	30205	0	1	-1
53163	雁门关-辽兵弓箭手-敌对-无经验无掉落	30206	0	1	-1
53164	雁门关-云梯1-友方	30208	0	1	1
53165	雁门关-云梯2-友方	30208	0	1	1
53166	雁门关-云梯3-友方	30208	0	1	1
53167	雁门关-云梯4-友方	30208	0	1	1
53168	雁门关-辽兵-敌对-低配优化	30205	0	1	-1
53169	雁门关-辽兵-只和玩家敌对（不会爬云梯）-低配优化	30205	0	1	-1
53170	雁门关-宋兵	30211	0	1	-1
53171	雁门关-宋兵弓箭手	30213	0	1	-1
53172	雁门关-boss召唤-铁骑队-敌对	30214	0	1	-1
53173	雁门关-boss召唤-攻城车-敌对	30209	0	1	-1
53174	雁门关-宋军将领-召唤	30210	0	1	-1
53175	雁门关-宋兵-召唤	30211	0	1	-1
53176	雁门关-BOSS-千夫长-召唤	30203	0	1	-1
53177	雁门关-宋兵弓箭手-召唤	30213	0	1	-1
53178	雁门关-到达顶端的辽军士兵	30205	0	1	1
53179	雁门关-宋军将领-第一阶段开启npc	-1	0	1	-1
53180	雁门关-宋军将领-第一阶段计数npc	-1	0	1	-1
53181	雁门关-辽兵弓箭手-外围防御npc	30218	0	1	-1
55050	燕子坞-通用-慕容密探-敌对	8562	0	1	-1
55051	燕子坞-通用-慕容密探-敌对	8561	0	1	-1
55052	燕子坞-通用-密探猎鹰-敌对	8564	0	1	-1
55053	燕子坞-通用-慕容庄丁-敌对	8563	0	1	-1
55054	燕子坞-通用-慕容庄丁-敌对	8577	0	1	-1
55055	燕子坞-通用-慕容剑客-敌对	8565	0	1	-1
55056	燕子坞-通用-风波恶-敌对	8566	0	1	-1
55057	燕子坞-通用-包不同-敌对	8567	0	1	-1
55058	燕子坞-BOSS-鸠摩智-敌对	8569	0	1	1
55059	燕子坞-BOSS-慕容复-敌对	8568	0	1	1
55060	燕子坞-BOSS-神秘人-敌对	8560	0	1	1
55061	燕子坞-通用-王语嫣-友方	8571	0	1	-1
55062	燕子坞-通用-姚伯当-友方	8570	0	1	-1
55063	燕子坞-通用-风波恶-助战	8566	0	1	-1
55064	燕子坞-通用-包不同-助战	8567	0	1	-1
55065	燕子坞-通用-王语嫣-助战	8571	0	1	-1
55066	燕子坞-通用-姚伯当-助战	8570	0	1	-1
55067	燕子坞-BOSS战-慕容密探-敌对	8562	0	1	-1
55068	燕子坞-BOSS战-慕容密探-敌对	8561	0	1	-1
55069	燕子坞-通用-鸠摩智-助战	8582	0	1	1
55070	燕子坞-通用-慕容复-助战	8568	0	1	1
55071	燕子坞-通用-神秘人-助战	8560	0	1	1
55072	燕子坞-慕容博-般若掌子物体	161	0	1	-1
55073	燕子坞-慕容博-推山掌-石柱	8573	0	1	1
55074	燕子坞-慕容博-推山掌-石台1	8574	0	1	1
55075	燕子坞-慕容博-推山掌-石台2	8574	0	1	1
55076	燕子坞-慕容博-推山掌-石台3	8574	0	1	1
55077	燕子坞-慕容博-推山掌-石台4	8574	0	1	1
55078	燕子坞-慕容博-推山掌-石台5	8574	0	1	1
55079	燕子坞-慕容博-般若掌子物体	161	0	1	-1
55080	燕子坞-鸠摩智-佛字	8575	0	1	-1
55081	燕子坞-鸠摩智-魔字	8576	0	1	-1
55082	燕子坞-通用-慕容庄丁-敌对	8563	0	1	-1
55083	燕子坞-慕容复-风卷残云子物体	161	0	1	-1
55084	燕子坞-慕容博-风暴墙	161	0	1	-1
55085	燕子坞-通用-石门	8581	0	1	1
55086	燕子坞-到达点	161	0	1	-1
55087	燕子坞-BOSS战-慕容密探-敌对	8562	0	1	-1
55088	燕子坞-BOSS战-慕容密探-敌对	8561	0	1	-1
55089	燕子坞-鸠摩智-佛字-阶段1	11061	0	1	-1
55090	燕子坞-鸠摩智-魔字-阶段1	11061	0	1	-1
54000	帮会日常-无量山-辽军散兵-15-19级	14061	0	1	-1
54001	帮会日常-无量山-辽军散兵-20-24级	14061	0	1	-1
54002	帮会日常-无量山-辽军散兵-25-29级	14061	0	1	-1
54003	帮会日常-无量山-辽军散兵-30-34级	14061	0	1	-1
54004	帮会日常-无量山-辽军散兵-35-39级	14061	0	1	-1
54005	帮会日常-无量山-辽军散兵-40-44级	14061	0	1	-1
54006	帮会日常-无量山-辽军散兵-45-49级	14061	0	1	-1
54007	帮会日常-无量山-辽军散兵-50-54级	14061	0	1	-1
54008	帮会日常-无量山-辽军散兵-55-59级	14061	0	1	-1
54009	帮会日常-无量山-辽军散兵-60-64级	14061	0	1	-1
54010	帮会日常-无量山-辽军散兵-65-69级	14061	0	1	-1
54011	帮会日常-无量山-辽军散兵-70-74级	14061	0	1	-1
54012	帮会日常-无量山-辽军散兵-75-79级	14061	0	1	-1
54013	帮会日常-无量山-辽军散兵-80-84级	14061	0	1	-1
54014	帮会日常-无量山-辽军散兵-85-89级	14061	0	1	-1
54015	帮会日常-无量山-辽军散兵-90-94级	14061	0	1	-1
54016	帮会日常-无量山-辽军散兵-95-99级	14061	0	1	-1
54017	帮会日常-无量山-辽军散兵-100-104级	14061	0	1	-1
54018	帮会日常-无量山-辽军散兵-105-109级	14061	0	1	-1
54019	帮会日常-无量山-辽军散兵-110-114级	14061	0	1	-1
54020	帮会日常-无量山-辽军散兵-115-119级	14061	0	1	-1
54021	帮会日常-无量山-辽军散兵-120-124级	14061	0	1	-1
54022	帮会日常-无量山-辽军散兵-125-129级	14061	0	1	-1
54023	帮会日常-无量山-辽军暗哨-15-19级	14062	0	1	-1
54024	帮会日常-无量山-辽军暗哨-20-24级	14062	0	1	-1
54025	帮会日常-无量山-辽军暗哨-25-29级	14062	0	1	-1
54026	帮会日常-无量山-辽军暗哨-30-34级	14062	0	1	-1
54027	帮会日常-无量山-辽军暗哨-35-39级	14062	0	1	-1
54028	帮会日常-无量山-辽军暗哨-40-44级	14062	0	1	-1
54029	帮会日常-无量山-辽军暗哨-45-49级	14062	0	1	-1
54030	帮会日常-无量山-辽军暗哨-50-54级	14062	0	1	-1
54031	帮会日常-无量山-辽军暗哨-55-59级	14062	0	1	-1
54032	帮会日常-无量山-辽军暗哨-60-64级	14062	0	1	-1
54033	帮会日常-无量山-辽军暗哨-65-69级	14062	0	1	-1
54034	帮会日常-无量山-辽军暗哨-70-74级	14062	0	1	-1
54035	帮会日常-无量山-辽军暗哨-75-79级	14062	0	1	-1
54036	帮会日常-无量山-辽军暗哨-80-84级	14062	0	1	-1
54037	帮会日常-无量山-辽军暗哨-85-89级	14062	0	1	-1
54038	帮会日常-无量山-辽军暗哨-90-94级	14062	0	1	-1
54039	帮会日常-无量山-辽军暗哨-95-99级	14062	0	1	-1
54040	帮会日常-无量山-辽军暗哨-100-104级	14062	0	1	-1
54041	帮会日常-无量山-辽军暗哨-105-109级	14062	0	1	-1
54042	帮会日常-无量山-辽军暗哨-110-114级	14062	0	1	-1
54043	帮会日常-无量山-辽军暗哨-115-119级	14062	0	1	-1
54044	帮会日常-无量山-辽军暗哨-120-124级	14062	0	1	-1
54045	帮会日常-无量山-辽军暗哨-125-129级	14062	0	1	-1
54046	帮会日常-万劫谷-挑衅头目-15-19级	14065	0	1	-1
54047	帮会日常-万劫谷-挑衅头目-20-24级	14065	0	1	-1
54048	帮会日常-万劫谷-挑衅头目-25-29级	14065	0	1	-1
54049	帮会日常-万劫谷-挑衅头目-30-34级	14065	0	1	-1
54050	帮会日常-万劫谷-挑衅头目-35-39级	14065	0	1	-1
54051	帮会日常-万劫谷-挑衅头目-40-44级	14065	0	1	-1
54052	帮会日常-万劫谷-挑衅头目-45-49级	14065	0	1	-1
54053	帮会日常-万劫谷-挑衅头目-50-54级	14065	0	1	-1
54054	帮会日常-万劫谷-挑衅头目-55-59级	14065	0	1	-1
54055	帮会日常-万劫谷-挑衅头目-60-64级	14065	0	1	-1
54056	帮会日常-万劫谷-挑衅头目-65-69级	14065	0	1	-1
54057	帮会日常-万劫谷-挑衅头目-70-74级	14065	0	1	-1
54058	帮会日常-万劫谷-挑衅头目-75-79级	14065	0	1	-1
54059	帮会日常-万劫谷-挑衅头目-80-84级	14065	0	1	-1
54060	帮会日常-万劫谷-挑衅头目-85-89级	14065	0	1	-1
54061	帮会日常-万劫谷-挑衅头目-90-94级	14065	0	1	-1
54062	帮会日常-万劫谷-挑衅头目-95-99级	14065	0	1	-1
54063	帮会日常-万劫谷-挑衅头目-100-104级	14065	0	1	-1
54064	帮会日常-万劫谷-挑衅头目-105-109级	14065	0	1	-1
54065	帮会日常-万劫谷-挑衅头目-110-114级	14065	0	1	-1
54066	帮会日常-万劫谷-挑衅头目-115-119级	14065	0	1	-1
54067	帮会日常-万劫谷-挑衅头目-120-124级	14065	0	1	-1
54068	帮会日常-万劫谷-挑衅头目-125-129级	14065	0	1	-1
54069	帮会日常-万劫谷-神农帮暗哨-15-19级	14066	0	1	-1
54070	帮会日常-万劫谷-神农帮暗哨-20-24级	14066	0	1	-1
54071	帮会日常-万劫谷-神农帮暗哨-25-29级	14066	0	1	-1
54072	帮会日常-万劫谷-神农帮暗哨-30-34级	14066	0	1	-1
54073	帮会日常-万劫谷-神农帮暗哨-35-39级	14066	0	1	-1
54074	帮会日常-万劫谷-神农帮暗哨-40-44级	14066	0	1	-1
54075	帮会日常-万劫谷-神农帮暗哨-45-49级	14066	0	1	-1
54076	帮会日常-万劫谷-神农帮暗哨-50-54级	14066	0	1	-1
54077	帮会日常-万劫谷-神农帮暗哨-55-59级	14066	0	1	-1
54078	帮会日常-万劫谷-神农帮暗哨-60-64级	14066	0	1	-1
54079	帮会日常-万劫谷-神农帮暗哨-65-69级	14066	0	1	-1
54080	帮会日常-万劫谷-神农帮暗哨-70-74级	14066	0	1	-1
54081	帮会日常-万劫谷-神农帮暗哨-75-79级	14066	0	1	-1
54082	帮会日常-万劫谷-神农帮暗哨-80-84级	14066	0	1	-1
54083	帮会日常-万劫谷-神农帮暗哨-85-89级	14066	0	1	-1
54084	帮会日常-万劫谷-神农帮暗哨-90-94级	14066	0	1	-1
54085	帮会日常-万劫谷-神农帮暗哨-95-99级	14066	0	1	-1
54086	帮会日常-万劫谷-神农帮暗哨-100-104级	14066	0	1	-1
54087	帮会日常-万劫谷-神农帮暗哨-105-109级	14066	0	1	-1
54088	帮会日常-万劫谷-神农帮暗哨-110-114级	14066	0	1	-1
54089	帮会日常-万劫谷-神农帮暗哨-115-119级	14066	0	1	-1
54090	帮会日常-万劫谷-神农帮暗哨-120-124级	14066	0	1	-1
54091	帮会日常-万劫谷-神农帮暗哨-125-129级	14066	0	1	-1
54092	帮会日常-无锡-无赖头目-15-19级	14088	0	1	-1
54093	帮会日常-无锡-无赖头目-20-24级	14088	0	1	-1
54094	帮会日常-无锡-无赖头目-25-29级	14088	0	1	-1
54095	帮会日常-无锡-无赖头目-30-34级	14088	0	1	-1
54096	帮会日常-无锡-无赖头目-35-39级	14088	0	1	-1
54097	帮会日常-无锡-无赖头目-40-44级	14088	0	1	-1
54098	帮会日常-无锡-无赖头目-45-49级	14088	0	1	-1
54099	帮会日常-无锡-无赖头目-50-54级	14088	0	1	-1
54100	帮会日常-无锡-无赖头目-55-59级	14088	0	1	-1
54101	帮会日常-无锡-无赖头目-60-64级	14088	0	1	-1
54102	帮会日常-无锡-无赖头目-65-69级	14088	0	1	-1
54103	帮会日常-无锡-无赖头目-70-74级	14088	0	1	-1
54104	帮会日常-无锡-无赖头目-75-79级	14088	0	1	-1
54105	帮会日常-无锡-无赖头目-80-84级	14088	0	1	-1
54106	帮会日常-无锡-无赖头目-85-89级	14088	0	1	-1
54107	帮会日常-无锡-无赖头目-90-94级	14088	0	1	-1
54108	帮会日常-无锡-无赖头目-95-99级	14088	0	1	-1
54109	帮会日常-无锡-无赖头目-100-104级	14088	0	1	-1
54110	帮会日常-无锡-无赖头目-105-109级	14088	0	1	-1
54111	帮会日常-无锡-无赖头目-110-114级	14088	0	1	-1
54112	帮会日常-无锡-无赖头目-115-119级	14088	0	1	-1
54113	帮会日常-无锡-无赖头目-120-124级	14088	0	1	-1
54114	帮会日常-无锡-无赖头目-125-129级	14088	0	1	-1
54115	帮会日常-无锡-蛇王-15-19级	14089	0	1	-1
54116	帮会日常-无锡-蛇王-20-24级	14089	0	1	-1
54117	帮会日常-无锡-蛇王-25-29级	14089	0	1	-1
54118	帮会日常-无锡-蛇王-30-34级	14089	0	1	-1
54119	帮会日常-无锡-蛇王-35-39级	14089	0	1	-1
54120	帮会日常-无锡-蛇王-40-44级	14089	0	1	-1
54121	帮会日常-无锡-蛇王-45-49级	14089	0	1	-1
54122	帮会日常-无锡-蛇王-50-54级	14089	0	1	-1
54123	帮会日常-无锡-蛇王-55-59级	14089	0	1	-1
54124	帮会日常-无锡-蛇王-60-64级	14089	0	1	-1
54125	帮会日常-无锡-蛇王-65-69级	14089	0	1	-1
54126	帮会日常-无锡-蛇王-70-74级	14089	0	1	-1
54127	帮会日常-无锡-蛇王-75-79级	14089	0	1	-1
54128	帮会日常-无锡-蛇王-80-84级	14089	0	1	-1
54129	帮会日常-无锡-蛇王-85-89级	14089	0	1	-1
54130	帮会日常-无锡-蛇王-90-94级	14089	0	1	-1
54131	帮会日常-无锡-蛇王-95-99级	14089	0	1	-1
54132	帮会日常-无锡-蛇王-100-104级	14089	0	1	-1
54133	帮会日常-无锡-蛇王-105-109级	14089	0	1	-1
54134	帮会日常-无锡-蛇王-110-114级	14089	0	1	-1
54135	帮会日常-无锡-蛇王-115-119级	14089	0	1	-1
54136	帮会日常-无锡-蛇王-120-124级	14089	0	1	-1
54137	帮会日常-无锡-蛇王-125-129级	14089	0	1	-1
54138	帮会日常-无锡-无赖头目-15-19级	14088	0	1	-1
54139	帮会日常-无锡-无赖头目-20-24级	14088	0	1	-1
54140	帮会日常-无锡-无赖头目-25-29级	14088	0	1	-1
54141	帮会日常-无锡-无赖头目-30-34级	14088	0	1	-1
54142	帮会日常-无锡-无赖头目-35-39级	14088	0	1	-1
54143	帮会日常-无锡-无赖头目-40-44级	14088	0	1	-1
54144	帮会日常-无锡-无赖头目-45-49级	14088	0	1	-1
54145	帮会日常-无锡-无赖头目-50-54级	14088	0	1	-1
54146	帮会日常-无锡-无赖头目-55-59级	14088	0	1	-1
54147	帮会日常-无锡-无赖头目-60-64级	14088	0	1	-1
54148	帮会日常-无锡-无赖头目-65-69级	14088	0	1	-1
54149	帮会日常-无锡-无赖头目-70-74级	14088	0	1	-1
54150	帮会日常-无锡-无赖头目-75-79级	14088	0	1	-1
54151	帮会日常-无锡-无赖头目-80-84级	14088	0	1	-1
54152	帮会日常-无锡-无赖头目-85-89级	14088	0	1	-1
54153	帮会日常-无锡-无赖头目-90-94级	14088	0	1	-1
54154	帮会日常-无锡-无赖头目-95-99级	14088	0	1	-1
54155	帮会日常-无锡-无赖头目-100-104级	14088	0	1	-1
54156	帮会日常-无锡-无赖头目-105-109级	14088	0	1	-1
54157	帮会日常-无锡-无赖头目-110-114级	14088	0	1	-1
54158	帮会日常-无锡-无赖头目-115-119级	14088	0	1	-1
54159	帮会日常-无锡-无赖头目-120-124级	14088	0	1	-1
54160	帮会日常-无锡-无赖头目-125-129级	14088	0	1	-1
21098	勾爪飞贼	13104	0	1	-1
21099	持刀强盗	13111	0	1	-1
21100	盗贼	13112	0	1	-1
21101	神偷	13105	0	1	-1
21102	江南飞贼	13113	0	1	-1
21103	漠北沙匪	13106	0	1	-1
21104	盗贼	13107	0	1	-1
21105	强盗	13108	0	1	-1
21106	沙匪首领	13109	0	1	-1
21107	飞贼首领	13110	0	1	-1
10193	勾爪飞贼	13114	0	1	-1
10194	神偷	13115	0	1	-1
10195	漠北沙匪	13116	0	1	-1
10196	盗贼	13117	0	1	-1
10197	沙匪首领	13118	0	1	-1
10198	飞贼首领	13119	0	1	-1
22300	镜湖-岳老三	8700	0	1	1
22301	镜湖-云中鹤	8701	0	1	1
22302	镜湖-叶二娘	8702	0	1	1
22303	镜湖-段延庆	8703	0	1	1
22304	镜湖-岳老三	8700	0	1	1
22305	镜湖-云中鹤	8701	0	1	1
22306	镜湖-叶二娘	8702	0	1	1
22307	镜湖-段延庆	8703	0	1	1
22308	镜湖-岳老三	8700	0	1	1
22309	镜湖-云中鹤	8701	0	1	1
22310	镜湖-叶二娘	8702	0	1	1
22311	镜湖-段延庆	8703	0	1	1
22312	镜湖-岳老三	8700	0	1	1
22313	镜湖-云中鹤	8701	0	1	1
22314	镜湖-叶二娘	8702	0	1	1
22315	镜湖-段延庆	8703	0	1	1
22316	镜湖-岳老三	8700	0	1	1
22317	镜湖-云中鹤	8701	0	1	1
22318	镜湖-叶二娘	8702	0	1	1
22319	镜湖-段延庆	8703	0	1	1
22320	镜湖-岳老三	8700	0	1	1
22321	镜湖-云中鹤	8701	0	1	1
22322	镜湖-叶二娘	8702	0	1	1
22323	镜湖-段延庆	8703	0	1	1
22324	镜湖-岳老三	8700	0	1	1
22325	镜湖-云中鹤	8701	0	1	1
22326	镜湖-叶二娘	8702	0	1	1
22327	镜湖-段延庆	8703	0	1	1
22328	镜湖-岳老三	8700	0	1	1
22329	镜湖-云中鹤	8701	0	1	1
22330	镜湖-叶二娘	8702	0	1	1
22331	镜湖-段延庆	8703	0	1	1
22332	镜湖-岳老三	8700	0	1	1
22333	镜湖-云中鹤	8701	0	1	1
22334	镜湖-叶二娘	8702	0	1	1
22335	镜湖-段延庆	8703	0	1	1
22336	镜湖-岳老三	8700	0	1	1
22337	镜湖-云中鹤	8701	0	1	1
22338	镜湖-叶二娘	8702	0	1	1
22339	镜湖-段延庆	8703	0	1	1
22349	镜湖-小怪	28035	0	1	-1
22350	镜湖-小怪	28035	0	1	-1
22351	镜湖-小怪	28035	0	1	-1
22352	镜湖-小怪	28035	0	1	-1
22353	镜湖-小怪	28035	0	1	-1
22354	镜湖-小怪	28035	0	1	-1
22355	镜湖-小怪	28035	0	1	-1
22356	镜湖-小怪	28035	0	1	-1
22357	镜湖-小怪	28035	0	1	-1
22358	镜湖-小怪	28035	0	1	-1
22359	镜湖-小怪	28035	0	1	-1
22361	镜湖-岳老三	8700	0	1	1
22362	镜湖-云中鹤	8701	0	1	1
22363	镜湖-叶二娘	8702	0	1	1
22364	镜湖-段延庆	8703	0	1	1
22365	镜湖-岳老三	8700	0	1	1
22366	镜湖-云中鹤	8701	0	1	1
22367	镜湖-叶二娘	8702	0	1	1
22368	镜湖-段延庆	8703	0	1	1
22369	镜湖-岳老三	8700	0	1	1
22370	镜湖-云中鹤	8701	0	1	1
22371	镜湖-叶二娘	8702	0	1	1
22372	镜湖-段延庆	8703	0	1	1
22373	镜湖-岳老三	8700	0	1	1
22374	镜湖-云中鹤	8701	0	1	1
22375	镜湖-叶二娘	8702	0	1	1
22376	镜湖-段延庆	8703	0	1	1
22377	镜湖-岳老三	8700	0	1	1
22378	镜湖-云中鹤	8701	0	1	1
22379	镜湖-叶二娘	8702	0	1	1
22380	镜湖-段延庆	8703	0	1	1
22381	镜湖-岳老三	8700	0	1	1
22382	镜湖-云中鹤	8701	0	1	1
22383	镜湖-叶二娘	8702	0	1	1
22384	镜湖-段延庆	8703	0	1	1
22385	镜湖-岳老三	8700	0	1	1
22386	镜湖-云中鹤	8701	0	1	1
22387	镜湖-叶二娘	8702	0	1	1
22388	镜湖-段延庆	8703	0	1	1
22389	镜湖-岳老三	8700	0	1	1
22390	镜湖-云中鹤	8701	0	1	1
22391	镜湖-叶二娘	8702	0	1	1
22392	镜湖-段延庆	8703	0	1	1
22393	镜湖-岳老三	8700	0	1	1
22394	镜湖-云中鹤	8701	0	1	1
22395	镜湖-叶二娘	8702	0	1	1
22396	镜湖-段延庆	8703	0	1	1
22397	镜湖-岳老三	8700	0	1	1
22398	镜湖-云中鹤	8701	0	1	1
22399	镜湖-叶二娘	8702	0	1	1
22400	镜湖-段延庆	8703	0	1	1
22450	镜湖-小怪	28035	0	1	-1
22451	镜湖-小怪	28035	0	1	-1
22452	镜湖-小怪	28035	0	1	-1
22453	镜湖-小怪	28035	0	1	-1
22454	镜湖-小怪	28035	0	1	-1
22455	镜湖-小怪	28035	0	1	-1
22456	镜湖-小怪	28035	0	1	-1
22457	镜湖-小怪	28035	0	1	-1
22458	镜湖-小怪	28035	0	1	-1
22459	镜湖-小怪	28035	0	1	-1
56001	开宗立派-守城远程兵	30502	0	1	-1
56002	开宗立派-普通男弟子	30501	0	1	-1
56003	开宗立派-普通女弟子	30502	0	1	-1
56004	开宗立派-精英男弟子	30503	0	1	-1
56005	开宗立派-精英女弟子	30504	0	1	-1
56006	开宗立派-BOSS	30505	0	1	-1
56007	开宗立派-BOSS	30506	0	1	-1
56008	开宗立派-BOSS	30507	0	1	-1
56009	开宗立派-友方圣女	30508	0	1	-1
56010	开宗立派-友方圣女（带斗篷）	30509	0	1	-1
56011	开宗立派-日常黑衣人	30510	0	1	-1
56012	开宗立派-酒馆预告NPC	30550	0	1	-1
56013	开宗立派-酒馆预告NPC	30551	0	1	-1
56014	开宗立派-酒馆预告NPC	30552	0	1	-1
56015	开宗立派-酒馆预告NPC	30553	0	1	-1
56016	开宗立派-酒馆预告NPC	30554	0	1	-1
56017	开宗立派-提交物资NPC	30508	0	1	-1
56100	开宗立派-日常护送任务	30501	0	1	-1
56101	开宗立派-日常护送任务	30502	0	1	-1
56102	开宗立派-日常护送任务	30503	0	1	-1
56103	开宗立派-日常护送任务	30504	0	1	-1
56104	开宗立派-日常护送任务	30507	0	1	-1
56200	开宗立派-日常守护营地	30501	0	1	-1
56201	开宗立派-日常守护营地	30502	0	1	-1
56202	开宗立派-日常守护营地	30503	0	1	-1
56203	开宗立派-日常守护营地	30504	0	1	-1
56250	五行旗-锐金旗使	30511	0	1	-1
56251	锐金弟子	30534	0	1	1
56252	厚土旗使	30512	0	1	-1
56253	厚土弟子	30501	0	1	-1
56254	洪水旗使	30513	0	1	-1
56255	洪水弟子	30513	0	1	-1
56256	巨木旗使	30514	0	1	-1
56257	巨木毒蝎	224	0	1	-1
56258	烈火旗使	30515	0	1	-1
56259	烈火弟子	30501	0	1	-1
56260	金	30544	0	1	1
56261	木	30545	0	1	1
56262	水	30546	0	1	1
56263	火	30547	0	1	1
56264	土	30548	0	1	1
56265	水分身	30513	0	1	-1
56270	开宗立派-蝎王	30535	0	1	-1
56271	开宗立派-召唤怪-小蝎子	30537	0	1	-1
56272	开宗立派-宝箱	30008	0	1	1
56280	开宗立派-破坏祭坛	30511	0	1	-1
56281	开宗立派-破坏祭坛	30502	0	1	-1
56282	开宗立派-破坏祭坛	30512	0	1	-1
56283	开宗立派-破坏祭坛	30501	0	1	-1
56284	开宗立派-破坏祭坛	30513	0	1	-1
56285	开宗立派-破坏祭坛	30501	0	1	-1
56286	开宗立派-破坏祭坛	30514	0	1	-1
56287	开宗立派-破坏祭坛	30502	0	1	-1
56288	开宗立派-破坏祭坛	30515	0	1	-1
56289	开宗立派-破坏祭坛	30501	0	1	-1
56290	开宗立派-破坏祭坛	30008	0	1	1
56291	开宗立派-破坏祭坛	30008	0	1	1
56292	开宗立派-破坏祭坛	30008	0	1	1
56293	开宗立派-破坏祭坛	30008	0	1	1
56294	开宗立派-破坏祭坛	30008	0	1	1
56400	开宗立派-攻城流程-攻城器械	30517	0	1	-1
56401	开宗立派-攻城流程-攻城器械	30517	0	1	-1
56402	开宗立派-攻城流程-攻城器械	30518	0	1	-1
56403	开宗立派-攻城流程-攻城器械	30519	0	1	-1
56404	开宗立派-攻城流程-攻城器械	30520	0	1	-1
56420	开宗立派-攻城流程-友方NPC	30521	0	1	-1
56421	开宗立派-攻城流程-友方NPC	30522	0	1	1
56422	开宗立派-攻城流程-友方NPC	30523	0	1	1
56423	开宗立派-攻城流程-友方NPC	30524	0	1	1
56424	开宗立派-攻城流程-友方NPC	30525	0	1	-1
56425	开宗立派-攻城流程-友方NPC	30526	0	1	-1
56426	开宗立派-攻城流程-友方NPC	30527	0	1	1
56427	开宗立派-攻城流程-友方NPC	30528	0	1	-1
56428	开宗立派-攻城流程-友方NPC	30530	0	1	-1
56429	开宗立派-攻城流程-友方NPC	30530	0	1	-1
56430	开宗立派-攻城流程-友方NPC	30530	0	1	-1
56431	开宗立派-攻城流程-友方NPC	30530	0	1	-1
56432	开宗立派-攻城流程-友方NPC	30530	0	1	-1
56433	开宗立派-攻城流程-友方NPC	30530	0	1	-1
56434	开宗立派-攻城流程-友方NPC	30530	0	1	-1
56435	开宗立派-攻城流程-友方NPC	30530	0	1	-1
56436	开宗立派-攻城流程-友方NPC	30530	0	1	-1
56500	开宗立派-攻城流程-攻城器械	30518	0	1	-1
56501	开宗立派-攻城流程-攻城器械	30519	0	1	-1
56502	开宗立派-攻城流程-攻城器械	30520	0	1	-1
56503	开宗立派-攻城流程-友方NPC	30521	0	1	-1
56504	开宗立派-攻城流程-友方NPC	30522	0	1	1
56505	开宗立派-攻城流程-友方NPC	30523	0	1	1
56506	开宗立派-攻城流程-友方NPC	30524	0	1	1
56507	开宗立派-攻城流程-友方NPC	30525	0	1	-1
56508	开宗立派-攻城流程-友方NPC	30526	0	1	-1
56509	开宗立派-攻城流程-友方NPC	30527	0	1	1
56510	开宗立派-攻城流程-友方NPC	30528	0	1	-1
56511	开宗立派-攻城流程-友方NPC	30530	0	1	-1
56512	开宗立派-攻城流程-友方NPC	30530	0	1	-1
56513	开宗立派-攻城流程-友方NPC	30530	0	1	-1
56514	开宗立派-攻城流程-友方NPC	30530	0	1	-1
56515	开宗立派-攻城流程-友方NPC	30530	0	1	-1
56516	开宗立派-攻城流程-友方NPC	30530	0	1	-1
56517	开宗立派-攻城流程-友方NPC	30530	0	1	-1
56518	开宗立派-攻城流程-友方NPC	30530	0	1	-1
56519	开宗立派-攻城流程-友方NPC	30530	0	1	-1
56520	开宗立派-野外小怪-沙雕	30531	0	1	-1
56532	开宗立派-五行旗副本-boss开启用机关宝箱	30057	0	1	1
56533	开宗立派-豹王	30536	0	1	-1
56534	开宗立派-召唤怪-小豹子	30531	0	1	-1
56990	武当-召唤炮台-男	30532	0	1	-1
56991	武当-召唤炮台-女	30533	0	1	-1
56992	武当-召唤炮台-男	30532	0	1	-1
56993	武当-召唤炮台-女	30533	0	1	-1
56994	【通用】地面指引箭头-水平	159	0	1	-1
56995	【通用】地面指引箭头-垂直	158	0	1	-1
56996	开宗立派-pvp任务发放者	30505	0	1	-1
56997	新萧远山-地面箭头	-1	0	1	-1
56998	天龙-木分身-男	409	0	1	-1
56999	天龙-木分身-女	409	0	1	-1
57001	缥缈峰-小怪类型1	30568	0	1	-1
57002	缥缈峰-小怪类型2	30569	0	1	-1
57003	缥缈峰-小怪类型3	30570	0	1	-1
57004	缥缈峰-小怪类型4	30571	0	1	-1
57005	缥缈峰-小怪类型5	30572	0	1	-1
57006	缥缈峰-第一boss1	30573	0	1	-1
57007	缥缈峰-第一boss2	30574	0	1	-1
57008	缥缈峰-第一boss3	30575	0	1	-1
57009	缥缈峰-第一boss4	30576	0	1	-1
57010	缥缈峰-第一boss5	30577	0	1	-1
57011	缥缈峰-第一boss6	30578	0	1	-1
57012	缥缈峰-第二boss	30579	0	1	-1
57013	缥缈峰-第三boss	30580	0	1	1
57014	缥缈峰-拾取物-毒鼎	-1	0	1	-1
57015	缥缈峰-拾取物-乌老大的刀	-1	0	1	-1
57016	缥缈峰-卓不凡-飞剑	161	0	1	-1
57017	缥缈峰-卓不凡-飞剑发生器（boss属性，无法被攻击）	-1	0	1	-1
57018	缥缈峰-卓不凡-陷阱生成器（boss属性，无法被攻击）	-1	0	1	-1
57019	缥缈峰-群雄计数怪	-1	0	1	-1
57020	缥缈峰-群雄-宝箱	30581	0	1	1
57021	缥缈峰-第一boss结束-交互用飞剑	31076	0	1	-1
57022	缥缈峰-卓不凡-区域控制怪（超出boss区域将召唤灵鹫攻击玩家）	-1	0	1	-1
57023	缥缈峰-天山童姥-区域控制怪（超出boss区域将召唤灵鹫攻击玩家）	-1	0	1	-1
57024	缥缈峰-卓不凡-免疫灵鹫围攻派发怪	-1	0	1	-1
57025	缥缈峰-天山童姥-生死阵-黄	-1	0	1	-1
57026	缥缈峰-天山童姥-生死阵-红	-1	0	1	-1
57027	缥缈峰-天山童姥-生死阵-黄	-1	0	1	-1
57028	缥缈峰-天山童姥-八荒六合-灵鹫雕像1	-1	0	1	-1
57029	缥缈峰-天山童姥-八荒六合-灵鹫雕像2	-1	0	1	-1
57030	缥缈峰-天山童姥-八荒六合-护法弟子	30582	0	1	-1
57031	缥缈峰-天山童姥-八荒六合-灵鹫雕像-冲击点1	-1	0	1	-1
57032	缥缈峰-天山童姥-八荒六合-灵鹫雕像-冲击点2	-1	0	1	-1
57033	缥缈峰-天山童姥-八荒六合-灵鹫雕像-冲击点1-短时间	-1	0	1	-1
57034	缥缈峰-天山童姥-八荒六合-灵鹫雕像-冲击点2-短时间	-1	0	1	-1
57035	缥缈峰-玩家传送-飞剑传送点npc	31077	0	1	-1
57050	城门守卫-北门-守卫类型1	14938	0	1	-1
57051	城门守卫-北门-守卫类型2	14941	0	1	-1
57052	城门守卫-东门-守卫类型1	14939	0	1	-1
57053	城门守卫-东门-守卫类型2	14942	0	1	-1
57054	城门守卫-南门-守卫类型1	14940	0	1	-1
57055	城门守卫-南门-守卫类型2	14943	0	1	-1
57056	北门首领-明教左使	14944	0	1	-1
57057	南门首领-明教右使	14945	0	1	-1
57058	东门首领-明教圣女	14946	0	1	-1
57059	明教教主	14947	0	1	-1
57060	友方战斗npc-北门友方1	14948	0	1	-1
57061	友方战斗npc-北门友方2	14949	0	1	-1
57062	友方战斗npc-东门友方1	14950	0	1	-1
57063	友方战斗npc-东门友方2	14951	0	1	-1
57064	明教宝库-火守卫	14932	0	1	-1
57065	明教宝库-木守卫	14933	0	1	-1
57066	明教宝库-冰守卫	14934	0	1	-1
57067	明教宝库-宝库宝箱	14935	0	1	1
57068	明教宝库-宝库毒蛇	14936	0	1	-1
57069	锐金弟子	14937	0	1	-1
57070	明教宝库-入口npc	30539	0	1	-1
57071	城门守卫-南门友方1	14952	0	1	-1
57072	城门守卫-南门友方2	14953	0	1	-1
57073	友方战斗npc-玄难	14954	0	1	-1
57074	友方战斗npc-乔峰	14955	0	1	-1
57075	活动结束-明教守卫1	14938	0	1	-1
57076	活动结束-明教守卫2	14941	0	1	-1
57077	活动结束-明教守卫3	25028	0	1	-1
57078	活动结束-明教守卫4	30538	0	1	-1
57079	城门守卫-内场精英守卫	14956	0	1	-1
57080	城门守卫-明教火炮	14957	0	1	-1
57151	12人缥缈峰-小怪类型1	30568	0	1	-1
57152	12人缥缈峰-小怪类型2	30569	0	1	-1
57153	12人缥缈峰-小怪类型3	30570	0	1	-1
57154	12人缥缈峰-小怪类型4	30571	0	1	-1
57155	12人缥缈峰-小怪类型5	30572	0	1	-1
57156	12人缥缈峰-第一boss1	30573	0	1	-1
57157	12人缥缈峰-第一boss2	30574	0	1	-1
57158	12人缥缈峰-第一boss3	30575	0	1	-1
57159	12人缥缈峰-第一boss4	30576	0	1	-1
57160	12人缥缈峰-第一boss5	30577	0	1	-1
57161	12人缥缈峰-第一boss6	30578	0	1	-1
57162	12人缥缈峰-第二boss	30579	0	1	-1
57163	12人缥缈峰-第三boss	30580	0	1	1
57164	12人缥缈峰-拾取物-毒鼎	-1	0	1	-1
57165	12人缥缈峰-拾取物-乌老大的刀	-1	0	1	-1
57166	12人缥缈峰-卓不凡-飞刀（小怪-一次8只，脆）	161	0	1	-1
57167	12人缥缈峰-卓不凡-飞剑发生器（boss属性，无法被攻击）	-1	0	1	-1
57168	12人缥缈峰-卓不凡-陷阱生成器（boss属性，无法被攻击）	-1	0	1	-1
57169	12人缥缈峰-群雄计数怪	-1	0	1	-1
57170	12人缥缈峰-群雄-宝箱	30581	0	1	1
57171	12人缥缈峰-玩家传送-飞剑交互物	-1	0	1	-1
57172	12人缥缈峰-卓不凡-区域控制怪（超出boss区域将召唤灵鹫攻击玩家）	-1	0	1	-1
57173	12人缥缈峰-天山童姥-区域控制怪（超出boss区域将召唤灵鹫攻击玩家）	-1	0	1	-1
57174	12人缥缈峰-卓不凡-免疫灵鹫围攻派发怪	-1	0	1	-1
57175	12人缥缈峰-天山童姥-生死阵-黄	-1	0	1	-1
57176	12人缥缈峰-天山童姥-生死阵-红	-1	0	1	-1
57177	12人缥缈峰-天山童姥-生死阵-黄	-1	0	1	-1
57178	12人缥缈峰-天山童姥-八荒六合-护法弟子	30582	0	1	-1
57179	12人缥缈峰-天山童姥-八荒六合-灵鹫雕像-冲击点1	-1	0	1	-1
57180	12人缥缈峰-天山童姥-八荒六合-灵鹫雕像-冲击点2	-1	0	1	-1
57181	12人缥缈峰-天山童姥-八荒六合-灵鹫雕像-冲击点1-短时间	-1	0	1	-1
57182	12人缥缈峰-天山童姥-八荒六合-灵鹫雕像-冲击点2-短时间	-1	0	1	-1
57200	缥缈峰-小怪类型1	30568	0	1	-1
57201	缥缈峰-小怪类型2	30569	0	1	-1
57202	缥缈峰-小怪类型3	30570	0	1	-1
57203	缥缈峰-小怪类型4	30571	0	1	-1
57204	缥缈峰-小怪类型5	30572	0	1	-1
57205	缥缈峰-第一boss1	30573	0	1	-1
57206	缥缈峰-第一boss2	30574	0	1	-1
57207	缥缈峰-第一boss3	30575	0	1	-1
57208	缥缈峰-第二boss	30579	0	1	-1
57209	缥缈峰-第三boss	30580	0	1	1
57210	缥缈峰-拾取物-毒鼎	-1	0	1	-1
57211	缥缈峰-群雄-宝箱	30581	0	1	1
57212	缥缈峰-玩家传送-飞剑交互物	-1	0	1	-1
57213	缥缈峰-天山童姥-生死阵-黄	-1	0	1	-1
57214	缥缈峰-天山童姥-生死阵-红	-1	0	1	-1
57215	缥缈峰-天山童姥-生死阵-黄	-1	0	1	-1
57216	缥缈峰-药灵	30583	0	1	-1
57217	缥缈峰-风墙	-1	0	1	-1
57218	缥缈峰-师父-李秋水	30584	0	1	-1
57219	缥缈峰-拾取物-李秋水	-1	0	1	-1
57220	缥缈峰-拾取物-防御光圈	161	0	1	-1
57221	缥缈峰-拾取物-输出光圈1	161	0	1	-1
57222	缥缈峰-拾取物-输出光圈2	161	0	1	-1
57223	缥缈峰-拾取物-输出光圈3	161	0	1	-1
57224	缥缈峰-拾取物-输出光圈4	161	0	1	-1
57225	缥缈峰-拾取物-治愈内息	161	0	1	-1
57226	缥缈峰-玩家传送-飞剑交互物-外形npc	31078	0	1	1
57227	资10-破境任务-boss-卓不凡变体	30579	0	1	-1
57251	一品堂-BOSS1-努儿海	30220	0	1	-1
57252	一品堂-BOSS2-赫连铁树	30219	0	1	-1
57253	一品堂-BOSS3-李秋水	30221	0	1	-1
57254	一品堂-小怪1-西夏武士	176	0	1	-1
57255	一品堂-小怪2-西夏弓兵	252	0	1	-1
57256	一品堂-小怪3-一品堂高手	251	0	1	-1
57257	一品堂-小怪4-一品堂弓手	8561	0	1	-1
57258	一品堂-城门	30549	0	1	1
57259	一品堂修炼之地-BOSS1-努儿海	30220	0	1	-1
57260	一品堂修炼之地-BOSS2-赫连铁树	30219	0	1	-1
57261	一品堂修炼之地-BOSS3-李秋水	30221	0	1	-1
57262	一品堂修炼之地-小怪1-西夏武士	176	0	1	-1
57263	一品堂修炼之地-小怪2-西夏弓兵	252	0	1	-1
57264	一品堂修炼之地-小怪3-一品堂高手	251	0	1	-1
57265	一品堂修炼之地-小怪4-一品堂弓手	8561	0	1	-1
57266	一品堂修炼之地-城门	30549	0	1	1
57267	一品堂-柱子	30222	0	1	1
57268	一品堂修炼之地-柱子	30222	0	1	1
57269	一品堂-小怪1-西夏武士-召唤	176	0	1	-1
57270	一品堂-小怪2-西夏弓兵-召唤	8561	0	1	-1
57271	一品堂修炼之地-小怪1-西夏武士-召唤	176	0	1	-1
57272	一品堂修炼之地-小怪2-西夏弓兵-召唤	8561	0	1	-1
57273	12人一品堂-BOSS1-努儿海	30220	0	1	-1
57274	12人一品堂-BOSS2-赫连铁树	30219	0	1	-1
57275	12人一品堂-BOSS3-李秋水	30221	0	1	-1
57276	12人一品堂-小怪1-西夏武士	176	0	1	-1
57277	12人一品堂-小怪2-西夏弓兵	252	0	1	-1
57278	12人一品堂-小怪3-一品堂高手	251	0	1	-1
57279	12人一品堂-小怪4-一品堂弓手	8561	0	1	-1
57280	12人一品堂修炼之地-柱子	30222	0	1	1
57281	12人一品堂修炼之地-小怪1-西夏武士-召唤	176	0	1	-1
57282	12人一品堂修炼之地-小怪2-西夏弓兵-召唤	8561	0	1	-1
57283	一品堂挑战-冰块	161	0	1	-1
57284	一品堂修炼之地-冰块	161	0	1	-1
57285	一品堂挑战12人-冰块	161	0	1	-1
57286	李秋水-顾影自怜	30221	50	1	-1
57287	一品堂-BOSS3-李秋水分身	30221	0	1	-1
57288	一品堂修炼之地-BOSS3-李秋水分身	30221	0	1	-1
57289	一品堂12人-BOSS3-李秋水分身	30221	0	1	-1
57300	修炼之地-缥缈峰-小怪类型1	30568	0	1	-1
57301	修炼之地-缥缈峰-小怪类型2	30569	0	1	-1
57302	修炼之地-缥缈峰-小怪类型3	30570	0	1	-1
57303	修炼之地-缥缈峰-小怪类型4	30571	0	1	-1
57304	修炼之地-缥缈峰-小怪类型5	30572	0	1	-1
57305	修炼之地-缥缈峰-第一boss1	30573	0	1	-1
57306	修炼之地-缥缈峰-第一boss2	30574	0	1	-1
57307	修炼之地-缥缈峰-第一boss3	30575	0	1	-1
57308	修炼之地-缥缈峰-第二boss	30579	0	1	-1
57309	修炼之地-缥缈峰-第三boss	30580	0	1	1
57310	修炼之地-缥缈峰-拾取物-毒鼎	-1	0	1	-1
57311	修炼之地-缥缈峰-卓不凡-飞剑	161	0	1	-1
57312	修炼之地-缥缈峰-卓不凡-飞剑发生器（boss属性，无法被攻击）	-1	0	1	-1
57313	修炼之地-缥缈峰-卓不凡-陷阱生成器（boss属性，无法被攻击）	-1	0	1	-1
57314	修炼之地-缥缈峰-群雄-宝箱	30581	0	1	1
57315	修炼之地-缥缈峰-第一boss结束-交互用飞剑	-1	0	1	-1
57316	修炼之地-缥缈峰-天山童姥-八荒六合-护法弟子	30582	0	1	-1
57317	修炼之地-缥缈峰-天山童姥-八荒六合-灵鹫雕像-冲击点1	-1	0	1	-1
57318	修炼之地-缥缈峰-天山童姥-八荒六合-灵鹫雕像-冲击点2	-1	0	1	-1
57319	修炼之地-缥缈峰-天山童姥-八荒六合-灵鹫雕像-冲击点1-短时间	-1	0	1	-1
57320	修炼之地-缥缈峰-天山童姥-八荒六合-灵鹫雕像-冲击点2-短时间	-1	0	1	-1
57350	拭剑天下-雕像底座	30655	0	1	1
57351	拭剑天下-位置1-名字透明npc	30656	0	1	-1
57352	拭剑天下-位置2-名字透明npc	30656	0	1	1
57353	拭剑天下-位置3-名字透明npc	30656	0	1	-1
57354	拭剑天下-位置4-名字透明npc	30656	0	1	-1
57355	拭剑天下-位置5-名字透明npc	30656	0	1	-1
57356	拭剑天下-位置6-名字透明npc	30656	0	1	-1
57357	拭剑天下-反隐npc定时发生器	-1	0	1	-1
57358	拭剑天下-反隐npc	-1	0	1	1
57370	拭剑天下-反隐npc	-1	0	1	1
57371	大辽金帐-重伤平民	31059	1	1	-1
57372	大辽金帐-普通平民1	31060	1	1	-1
57373	大辽金帐-普通平民2	31061	1	1	-1
57374	大辽金帐-普通平民3	31060	1	1	-1
57375	大辽金帐-第一波小怪1	31051	1	1	1
57376	大辽金帐-第一波小怪2	31052	1	1	1
57377	大辽金帐-逃难平民1	31059	1	1	-1
57378	大辽金帐-逃难平民2	31060	1	1	-1
57379	大辽金帐-逃难平民3	31061	1	1	-1
57380	大辽金帐-第二波小怪1	31051	1	1	1
57381	大辽金帐-第二波小怪2	31052	1	1	-1
57382	大辽金帐-第二波小怪3	31053	1	1	-1
57383	大辽金帐-第三波小怪1	31051	1	1	-1
57384	大辽金帐-第三波小怪2	31052	1	1	1
57385	大辽金帐-首领1-契丹勇士	31062	2	1	-1
57386	大辽金帐-首领2-皇帝的谢礼	31079	1	1	1
57387	大辽金帐-首领3-叛军统领	31064	2	1	-1
57388	大辽金帐-首领1召唤怪-套马索	31080	1	1	-1
57389	大辽金帐-首领2-辽国皇帝	31063	1	1	-1
57390	大辽金帐-首领2-友方铁骑队	31054	1	1	-1
57391	大辽金帐-首领2召唤怪-叛军盾卫	31051	1	1	1
57392	大辽金帐-首领2召唤怪-叛军盾卫队长	31056	1	1	1
57393	大辽金帐-首领2召唤怪-叛军弓手	31058	1	1	-1
57394	大辽金帐-首领2召唤怪-叛军弓手队长	31057	1	1	-1
57395	大辽金帐-首领2召唤怪-叛军军医	31075	1	1	-1
57396	大辽金帐-首领2召唤怪-叛军死士	31066	1	1	-1
57397	大辽金帐-首领2召唤怪-叛军铁骑	31055	1	1	-1
57398	大辽金帐-首领2召唤怪-友方杂兵	31067	1	1	-1
57399	大辽金帐-首领2召唤怪-友方箭塔	31068	1	1	-1
57400	大辽金帐-首领2召唤怪-友方火炮	31069	1	1	-1
57401	大辽金帐-首领3召唤怪-守卫弓箭手	31058	1	1	-1
57402	大辽金帐-首领3召唤怪-劫掠骑兵	31053	1	1	-1
57403	大辽金帐-首领3召唤怪-援军1	31051	1	1	-1
57404	大辽金帐-首领3召唤怪-援军2	31052	1	1	-1
57405	大辽金帐-其他-桥头倒计时怪	11061	1	1	-1
57406	大辽金帐-其他-第二首领阶段乔峰	31070	1	1	-1
57407	大辽金帐-其他-第三首领阶段乔峰	31070	1	1	-1
57408	大辽金帐-第三boss前-烧桥点	11061	1	1	-1
57409	大辽金帐-第三boss前-燃烧	11061	1	1	-1
57410	大辽金帐-辽国皇帝-交互点	11061	1	1	-1
57411	大辽金帐-第三boss前-炸桥计数怪	11061	1	1	-1
57412	大辽金帐-首领3-叛军统领-步兵	31065	2	1	-1
57413	大辽金帐-第二boss-小型军事资源	1759	1	1	-1
57414	大辽金帐-第二boss-中型军事资源	1761	1	1	-1
57415	大辽金帐-第二boss-大型军事资源	1762	1	1	-1
57416	大辽金帐-第二boss-卫士军官	31067	1	1	-1
57417	大辽金帐-第二boss-箭塔校尉	31068	1	1	-1
57418	大辽金帐-第二boss-火炮校尉	31069	1	1	-1
57419	大辽金帐-第二boss-死士控制怪	11061	1	1	-1
57420	大辽金帐-骑兵统领-穿云弓-弓箭1	11061	1	1	-1
57421	大辽金帐-骑兵统领-穿云弓-弓箭2	11061	1	1	-1
57422	大辽金帐-骑兵统领-穿云弓-弓箭3	11061	1	1	-1
57423	大辽金帐-首领2-辽国皇帝-战斗用	31063	1	1	-1
57424	大辽金帐-首领2召唤怪-叛军弓手-剧情用	31058	1	1	-1
57425	大辽金帐-炸桥阶段-表现用炸药桶	31081	0	1	1
57426	大辽金帐-第一boss前小怪计数怪	11061	1	1	-1
57427	大辽金帐-首领2-投石机-左侧交互点	11061	1	1	-1
57428	大辽金帐-首领2-投石机-右侧交互点	11061	1	1	-1
57429	大辽金帐-第二boss-火炮校尉2	31069	1	1	-1
57430	大辽金帐-首领3召唤怪-护盾盾卫	31056	1	1	-1
57451	第一关-小猴王	30587	1	1	-1
57452	第二关-柴犬	30588	1	1	-1
57453	第三关-乌龟	30589	1	1	-1
57454	第三关-乌龟2	30590	1	1	-1
57455	第四关-狐小道	30591	1	1	-1
57456	第五关-穷奇	30592	1	1	-1
57457	【五一活动】兔子活动NPC	30598	1	1	-1
57458	第一关-小猴王入口NPC	30593	1	1	-1
57459	第二关-柴犬入口NPC	30594	1	1	-1
57460	第三关-乌龟入口NPC	30595	1	1	-1
57461	第四关-狐小道入口NPC	30596	1	1	-1
57462	第五关-穷奇入口NPC	30597	1	1	-1
57463	第一关-小猴王-小怪	30664	1	1	-1
57464	第二关-柴犬-小怪	30599	1	1	-1
57465	第二关-小猴王-可交互香蕉	-1	1	1	-1
57466	第三关-蓝乌龟-冲锋-鱼	30660	1	1	-1
57467	五一活动-第四关-狐小道-故障陷阱	30665	1	1	-1
57468	五一活动-第五关-风墙生成器	-1	1	1	-1
57469	第三关-乌龟击杀后宝箱（挂掉落用）	13126	0	1	-1
57470	五一活动-第四关-狐小道-酒火陷阱-子物体	30600	1	1	-1
57471	端午活动-甜粽寻回-入口NPC	30676	1	1	-1
57472	端午活动-咸粽寻回-入口NPC	30677	1	1	-1
57473	端午活动-刷新点空物体	-1	1	1	-1
57474	端午活动-甜粽寻回-小貂5	30668	1	1	-1
57475	端午活动-甜粽寻回-小貂10	30669	1	1	-1
57476	端午活动-甜粽寻回-小貂15	30670	1	1	-1
57477	端午活动-甜粽寻回-呜呜虎20	30671	1	1	-1
57478	端午活动-咸粽寻回-小喵5	30672	1	1	-1
57479	端午活动-咸粽寻回-小喵10	30673	1	1	-1
57480	端午活动-咸粽寻回-小喵15	30674	1	1	-1
57481	端午活动-咸粽寻回-嘟嘟兔20	30675	1	1	-1
57482	端午活动-甜粽寻回-小粽子	30678	1	1	-1
57483	端午活动-甜粽寻回-中粽子	30681	1	1	-1
57484	端午活动-甜粽寻回-大粽子	30679	1	1	-1
57485	端午活动-咸粽寻回-小粽子	30682	1	1	-1
57486	端午活动-咸粽寻回-中粽子	30683	1	1	-1
57487	端午活动-咸粽寻回-大粽子	30684	1	1	-1
57488	端午活动-演出效果-小粽子甜	30678	1	1	-1
57489	端午活动-演出效果-大粽子甜	30679	1	1	-1
57490	端午活动-甜粽寻回-场景装饰-粽子	30678	1	1	-1
57491	端午活动-场景装饰-镖车	30666	1	1	-1
57492	端午活动-场景装饰-桌子	30667	1	1	1
57493	端午活动-甜粽寻回-触发NPC	-1	1	1	-1
57494	端午活动-咸粽寻回-触发NPC	-1	1	1	-1
57495	端午活动-计数器空物体	-1	1	1	-1
57496	端午活动-甜粽寻回-触发NPC-水坛	30680	1	1	-1
57497	端午活动-咸粽寻回-触发NPC-水坛	30680	1	1	-1
57498	端午活动-咸粽寻回-场景装饰-粽子	30682	1	1	-1
57499	端午活动-演出效果-小粽子咸	30682	1	1	-1
57500	端午活动-演出效果-大粽子咸	30684	1	1	-1
57501	端午活动-甜粽寻回-普通小貂5	30685	1	1	-1
57502	端午活动-咸粽寻回-普通小喵5	30686	1	1	-1
57503	端午活动-甜粽寻回-普通小貂10	30685	1	1	-1
57504	端午活动-甜粽寻回-普通小貂15	30685	1	1	-1
57505	端午活动-咸粽寻回-普通小喵10	30686	1	1	-1
57506	端午活动-咸粽寻回-普通小喵15	30686	1	1	-1
57507	端午活动-甜粽寻回-普通小貂20-1	30687	1	1	-1
57508	端午活动-甜粽寻回-普通小貂20-2	30688	1	1	-1
57509	端午活动-咸粽寻回-普通小喵20-1	30689	1	1	-1
57510	端午活动-咸粽寻回-普通小喵20-2	30690	1	1	-1
57511	中秋活动-烟花场景入口NPC	249	1	1	-1
57512	中秋活动-月饼副本-接取NPC0	284	1	1	-1
57513	中秋活动-BOSS-普洱菊花月饼	31204	1	1	-1
57514	中秋活动-BOSS-韭菜鸡蛋月饼	31205	1	1	-1
57515	中秋活动-BOSS-黑巧辣牛肉月饼	31203	1	1	-1
57516	中秋活动-BOSS-普洱菊花月饼	31201	1	1	-1
57517	中秋活动-BOSS-韭菜鸡蛋月饼	31202	1	1	-1
57518	中秋活动-BOSS-黑巧辣牛肉月饼	31200	1	1	-1
57519	中秋活动-黑巧辣牛肉月饼-表现子物体	31200	1	1	-1
57520	中秋活动-普洱菊花月饼-子物体-菊花	-1	1	1	-1
57521	中秋活动-韭菜鸡蛋月饼-子物体-韭菜	-1	1	1	-1
57522	中秋活动-普洱菊花月饼-子物体-箭头	159	1	1	-1
57523	空NPC-放烟花	161	1	1	-1
57550	大辽金帐-第一波小怪1	31051	1	1	-1
57551	大辽金帐-第一波小怪2	31052	1	1	1
57552	大辽金帐-第二波小怪1	31051	1	1	-1
57553	大辽金帐-第二波小怪2	31052	1	1	-1
57554	大辽金帐-第二波小怪3	31053	1	1	-1
57555	大辽金帐-第三波小怪1	31051	1	1	-1
57556	大辽金帐-第三波小怪2	31052	1	1	1
57557	大辽金帐-首领1-契丹勇士	31062	2	1	-1
57558	大辽金帐-首领2-皇帝的谢礼	31079	1	1	-1
57559	大辽金帐-首领3-叛军统领	31064	2	1	-1
57560	大辽金帐-首领2-友方铁骑队	31054	1	1	-1
57561	大辽金帐-首领2召唤怪-叛军盾卫	31051	1	1	-1
57562	大辽金帐-首领2召唤怪-叛军盾卫队长	31056	1	1	-1
57563	大辽金帐-首领2召唤怪-叛军弓手	31058	1	1	-1
57564	大辽金帐-首领2召唤怪-叛军弓手队长	31057	1	1	-1
57565	大辽金帐-首领2召唤怪-叛军军医	31075	1	1	-1
57566	大辽金帐-首领2召唤怪-叛军死士	31066	1	1	-1
57567	大辽金帐-首领2召唤怪-叛军铁骑	31055	1	1	-1
57568	大辽金帐-首领2召唤怪-友方火炮	31069	1	1	-1
57569	大辽金帐-首领3召唤怪-劫掠骑兵	31053	1	1	-1
57570	大辽金帐-首领3-叛军统领-步兵	31065	2	1	-1
57571	大辽金帐-第二boss-死士控制怪	11061	1	1	-1
57572	大辽金帐-骑兵统领-穿云弓-弓箭1	11061	1	1	-1
57573	大辽金帐-骑兵统领-穿云弓-弓箭2	11061	1	1	-1
57574	大辽金帐-骑兵统领-穿云弓-弓箭3	11061	1	1	-1
57575	大辽金帐-首领2-辽国皇帝-战斗用	31063	1	1	-1
57576	大辽金帐-首领2召唤怪-叛军弓手-剧情用	31058	1	1	-1
57577	大辽金帐-首领3召唤怪-护盾盾卫	31056	1	1	-1
57600	天龙试炼-单人副本-引导者1	31150	1	1	-1
57601	天龙试炼-单人副本-冰霜区域	31080	1	1	-1
57602	天龙试炼-单人副本-初始火盆	31154	1	1	-1
57603	天龙试炼-单人副本-点燃火盆	31154	1	1	-1
57604	天龙试炼-单人副本-已点燃火盆交互点	31080	1	1	-1
57605	天龙试炼-单人副本-引导者2	31151	1	1	-1
57606	天龙试炼-单人副本-被困的兔子	31155	1	1	-1
57607	天龙试炼-单人副本-火焰区域	31080	1	1	-1
57608	天龙试炼-单人副本-引导者3	31152	1	1	-1
57609	天龙试炼-单人副本-毒池	31080	1	1	-1
57610	天龙试炼-单人副本-毒池潜伏蛊虫	31156	1	1	-1
57611	天龙试炼-单人副本-引导者4	31153	1	1	-1
57612	天龙试炼-单人副本-阴煞毒尸	31157	1	1	-1
57613	天龙试炼-单人副本-友方npc1	31157	1	1	-1
57614	天龙试炼-单人副本-友方npc2	31157	1	1	-1
57615	天龙试炼-单人副本-心魔1	31158	1	1	-1
57616	天龙试炼-单人副本-心魔2	31158	1	1	-1
57617	天龙试炼-单人副本-心魔3	31158	1	1	-1
57618	天龙试炼-单人副本-潜伏星宿弟子	31159	1	1	-1
57619	天龙试炼-大世界小怪1	31160	1	1	-1
57620	天龙试炼-大世界小怪2	31161	1	1	-1
57621	天龙试炼-大世界小怪3	31162	1	1	-1
57622	天龙试炼-大世界小怪4	31163	1	1	-1
57623	天龙试炼-大世界精英1	31165	1	1	-1
57624	天龙试炼-大世界精英2	31164	1	1	-1
57625	天龙试炼-大世界最终首领-段正淳	31166	1	1	-1
57626	天龙试炼-大世界-段正淳召唤小怪	31167	1	1	-1
57651	天龙预热单人试炼-第一轮-天元大师	30691	1	1	-1
57652	天龙预热单人试炼-第二轮-均衡派执事	30692	1	1	-1
57653	天龙预热单人试炼-第三轮-玄衣客	30693	1	1	-1
57654	天龙预热单人试炼-第二轮-均衡剑-大	-1	1	1	-1
57655	天龙预热单人试炼-第二轮-均衡剑-小	-1	1	1	-1
57656	天龙预热单人试炼-第一轮-禅修塔	30696	1	1	1
57657	天龙预热单人试炼-第二轮-均衡罡气-冰	30697	1	1	1
57658	天龙预热单人试炼-第二轮-均衡罡气-火	30698	1	1	1
57659	天龙预热单人试炼-第二轮-均衡罡气-毒	30699	1	1	1
57660	天龙预热单人试炼-第二轮-均衡罡气-阴	30700	1	1	1
57661	天龙预热单人试炼-第二轮-均衡罡气-阳	31116	1	1	1
57662	天龙预热单人试炼-第三轮-技能空物体	-1	1	1	-1
57663	天龙预热单人试炼-第三轮-点位空物体	-1	1	1	-1
57664	天龙预热单人试炼-第一轮-掉落包	-1	1	1	-1
57665	天龙预热单人试炼-第二轮-掉落包	-1	1	1	-1
57666	天龙预热单人试炼-第三轮-掉落包	-1	1	1	-1
61000	测试-100级逍遥	10115	0	1	-1
61001	10级测试木桩	7000	0	1	-1
61002	20级测试木桩	7000	0	1	-1
61003	30级测试木桩	7000	0	1	-1
61004	40级测试木桩	7000	0	1	-1
61005	50级测试木桩	7000	0	1	-1
61006	60级测试木桩	7000	0	1	-1
61007	70级测试木桩	7000	0	1	-1
61008	80级测试木桩	7000	0	1	-1
61010	副本小怪1-弱火弱阴怪	31250	1	1	-1
61011	副本小怪2-弱阴弱阳怪	31251	1	1	-1
61012	副本小怪3-弱阳弱毒怪	31252	1	1	-1
61013	副本小怪4-弱毒弱冰怪	31253	1	1	-1
61014	副本小怪5-弱冰弱火怪	31254	1	1	-1
61020	光明右使	14945	0	1	-1
61021	光明左使	14944	0	1	-1
61022	明教教主	14947	0	1	-1
61023	沙海蜃楼-流沙	-1	0	1	-1
61024	沙海蜃楼-空物体	-1	0	1	-1
61025	明教男弟子-金色1	31104	0	1	-1
61026	明教男弟子-红色1	31104	0	1	-1
61027	明教女弟子-近战绿色3	31105	0	1	-1
61028	明教女弟子-远程金色1	31106	0	1	-1
61029	明教女弟子-远程蓝色1	31106	0	1	-1
61030	明教男弟子-红色-BOSS1召唤-冰盾	31112	0	1	-1
61031	明教男弟子-红色2	31104	0	1	-1
61032	明教女弟子-远程金色2	31106	0	1	-1
61033	明教女弟子-远程蓝色2	31106	0	1	-1
61034	明教男弟子-金色3	31104	0	1	-1
61035	沙海蜃楼-触发NPC-寒冰弩炮-墙头	31110	0	1	1
61036	沙海蜃楼-触发NPC-烈火弩炮-墙头	31110	0	1	1
61037	沙海蜃楼-触发NPC-大门机关左1	-1	0	1	-1
61038	沙海蜃楼-触发NPC-大门机关右1	-1	0	1	-1
61039	沙海蜃楼-触发NPC-寒冰弩炮-BOSS2	31110	0	1	1
61040	沙海蜃楼-触发NPC-烈火弩炮-BOSS2	31110	0	1	1
61041	沙海蜃楼-触发NPC-大门机关左2	-1	0	1	-1
61042	沙海蜃楼-触发NPC-大门机关右2	-1	0	1	-1
61043	沙海蜃楼-触发NPC-入口对话NPC	-1	0	1	-1
61044	沙海蜃楼-右使者石像	31101	0	1	1
61045	沙海蜃楼-左使者石像	31102	0	1	1
61046	沙海蜃楼-教主石像	31103	0	1	1
61047	沙海蜃楼-内城大门封印	-1	0	1	-1
61048	沙海蜃楼-正殿大门封印	-1	0	1	-1
61049	光明左使-剑灵-冰盾	14944	0	1	-1
61050	明教男弟子-金色-BOSS3召唤	31107	0	1	-1
61051	沙海蜃楼-触发NPC-圣火台	8603	0	1	1
61052	沙海蜃楼-特效NPC-大门机关左1	-1	0	1	-1
61053	沙海蜃楼-特效NPC-大门机关右1	-1	0	1	-1
61054	沙海蜃楼-特效NPC-大门机关左2	-1	0	1	-1
61055	沙海蜃楼-特效NPC-大门机关右2	-1	0	1	-1
61056	沙海蜃楼-寒冰弩炮手	31111	0	1	1
61057	沙海蜃楼-烈火弩炮手	31111	0	1	1
61058	沙海蜃楼-地面指示箭头	159	0	1	-1
61059	沙海蜃楼-入口对话NPC	14913	0	1	-1
61060	沙海蜃楼-触发NPC-寒冰弩炮-BOSS1	31110	0	1	1
61061	沙海蜃楼-触发NPC-烈火弩炮-BOSS1	31110	0	1	1
61062	明教教主-分身	31109	0	1	-1
61063	光明左使-剑灵-火盾	14944	0	1	-1
61064	明教男弟子-红色-BOSS1召唤-火盾	31112	0	1	-1
61065	沙海蜃楼-展示NPC-寒冰弩炮	31110	0	1	1
61066	沙海蜃楼-展示NPC-烈火弩炮	31111	0	1	1
61067	沙海蜃楼-弩炮再刷新控制器	-1	0	1	-1
61068	沙海蜃楼-光明左使-黑色剑灵	31108	0	1	-1
61070	沙海蜃楼-BOSS1-光明右使	14945	0	1	-1
61071	沙海蜃楼-BOSS2-光明左使	14944	0	1	-1
61072	沙海蜃楼-BOSS3-明教教主	14947	0	1	-1
61073	明教男弟子-金色1	31104	0	1	-1
61074	明教男弟子-红色1	31104	0	1	-1
61075	明教女弟子-近战绿色3	31105	0	1	-1
61076	明教女弟子-远程金色1	31106	0	1	-1
61077	明教女弟子-远程蓝色1	31106	0	1	-1
61078	明教男弟子-红色-BOSS1召唤-冰盾	31112	0	1	-1
61079	明教男弟子-红色2	31104	0	1	-1
61080	明教女弟子-远程金色2	31106	0	1	-1
61081	明教女弟子-远程蓝色2	31106	0	1	-1
61082	明教男弟子-金色3	31104	0	1	-1
61083	沙海蜃楼-右使者石像	31101	0	1	-1
61084	沙海蜃楼-左使者石像	31102	0	1	-1
61085	沙海蜃楼-光明左使-剑灵-冰盾	14944	0	1	-1
61086	明教男弟子-金色-BOSS3召唤	31107	0	1	-1
61087	沙海蜃楼-寒冰弩炮手	31111	0	1	-1
61088	沙海蜃楼-烈火弩炮手	31111	0	1	-1
61089	沙海蜃楼-光明左使-剑灵-火盾	14944	0	1	-1
61090	明教男弟子-红色-BOSS1召唤-火盾	31112	0	1	-1
61091	灭阵-空物体	-1	0	1	-1
61100	神器功能铸造NPC	30000	0	1	-1
61101	鉴影镜	30001	0	1	-1
61102	邸报	30002	0	1	-1
61103	公孙璃	30003	0	1	-1
61106	轩辕台一层杀人掉出的宝箱	30014	0	1	1
61107	轩辕台二层（金）杀人掉出的宝箱	30014	0	1	1
61108	轩辕台二层（银）杀人掉出的宝箱	30015	0	1	1
61109	轩辕台三层（金）杀人掉出的宝箱	30014	0	1	1
61110	轩辕台三层（银）杀人掉出的宝箱	30015	0	1	1
61111	轩辕符（物品NPC）	30004	0	1	-1
61112	轩辕令（物品NPC）	30005	0	1	-1
61113	盗宝贼（掉轩辕符）一层怪	30006	0	1	-1
61114	黑袍客（掉轩辕令）二层怪	30007	0	1	-1
61115	盗宝贼（不掉轩辕符）一层怪	30006	0	1	-1
61116	黑袍客（不掉轩辕令）二层怪	30007	0	1	-1
61117	轩辕台一层宝箱	30008	0	1	1
61118	轩辕台二层宝箱（金）	30008	0	1	1
61119	轩辕台二层宝箱（银）	30009	0	1	1
61120	轩辕台三层宝箱（金）	30008	0	1	1
61121	轩辕台三层宝箱（银）	30009	0	1	1
61122	轩辕台buff生命上限+15%	30010	0	1	-1
61123	轩辕台buff移动速度+15%	30011	0	1	-1
61124	轩辕台buff外功防御+15%	30012	0	1	-1
61125	轩辕台buff内功防御+15%	30013	0	1	-1
61127	宋辽战场-占点-透明怪	161	0	1	-1
61128	战场-战旗NPC	161	0	1	-1
61129	宋辽战场-指引-透明怪	161	0	1	-1
61130	帮会战营地守卫	30036	0	1	-1
61131	帮会战旗帜-中立	161	0	1	-1
61132	帮会战旗帜-我方	161	0	1	-1
61133	帮会战旗帜-对方	161	0	1	-1
61134	帮会战镖车-中立	30026	0	1	-1
61135	帮会战镖车-我方	30027	0	1	-1
61136	帮会战镖车-对方	30028	0	1	-1
61137	帮会战buff-全员伤害+10%	30030	0	1	-1
61138	帮会战buff-全员回复10%	30031	0	1	-1
61139	帮会战buff-全员移速20%	30032	0	1	-1
61140	帮会战buff-全员减伤5%	30033	0	1	-1
61141	帮会战-地图显示空NPC	161	0	1	-1
61142	城战-攻城槌	30034	0	1	-1
61143	城战-投石车	30035	0	1	-1
61144	城战-弓箭手	30036	0	1	-1
61145	城战-城门	30037	0	1	1
61146	城战-0级城池核心	30038	500	1	1
61147	城战-1级城池核心	30039	500	1	1
61148	城战-2级城池核心	30040	500	1	1
61149	城战-3级城池核心	30041	500	1	1
61150	城战-城门机关	30042	0	1	1
61151	城战-1级占领营地	30043	500	1	1
61152	城战-2级占领营地	30044	500	1	1
61153	城战-3级占领营地	30045	500	1	1
61154	城战-守卫弓箭手	30046	0	1	-1
61155	城战-神兽英招	30047	3	1	1
61156	城战-城门将领	30048	0	1	1
61157	城战-1级城城门	30049	0	1	1
61158	城战-1级城城门	30049	0	1	1
61159	城战-1级城城门	30049	0	1	1
61160	城战-2级城城门	30050	0	1	1
61161	城战-2级城城门	30050	0	1	1
61162	城战-2级城城门	30050	0	1	1
61163	城战-3级城城门	30051	0	1	1
61164	城战-3级城城门	30051	0	1	1
61165	城战-3级城城门	30051	0	1	1
61166	城战-1级城城门机关	30052	0	1	1
61167	城战-1级城城门机关	30052	0	1	1
61168	城战-1级城城门机关	30052	0	1	1
61169	城战-2级城城门机关	30053	0	1	1
61170	城战-2级城城门机关	30053	0	1	1
61171	城战-2级城城门机关	30053	0	1	1
61172	城战-3级城城门机关	30054	0	1	1
61173	城战-3级城城门机关	30054	0	1	1
61174	城战-3级城城门机关	30054	0	1	1
61175	城战-西门传送-宋兵	30056	0	1	-1
61176	城战-北门传送-宋兵	30056	0	1	-1
61177	城战-东门传送-宋兵	30056	0	1	-1
61178	城战-攻城器械激活-宋朝将领	30055	0	1	-1
61179	城战-攻城槌	30034	0	1	-1
61180	城战-攻城槌	30034	0	1	-1
61181	城战-攻城槌	30034	0	1	-1
61182	城战-攻城槌	30034	0	1	-1
61183	城战-守城弓箭手	30036	0	1	-1
61184	城战-守城卫兵	255	0	1	-1
61185	城战-守城将领	253	0	1	-1
61186	城战-守城主将	10081	0	1	1
61187	城战-西夏步战武士	10085	0	1	-1
61188	城战-西夏骑兵	28011	0	1	-1
61189	城战-一品堂高手	28024	0	1	-1
61190	城战-一品堂精锐	28035	0	1	-1
61191	城战-地宫石像将军	185	0	1	1
61192	城战-守城弓箭手	30036	0	1	-1
24000	珍兽老虎	7000	0	1	-1
24001	珍兽白猿	7008	0	1	-1
24002	珍兽鳄鱼	7016	0	1	-1
24003	珍兽秋田犬	7024	0	1	-1
24004	珍兽狐仙	7032	0	1	-1
24005	珍兽闪电貂	7040	0	1	-1
24006	珍兽毕方	7122	0	1	-1
24007	珍兽鸾鸟	7138	0	1	-1
24008	珍兽九尾狐	7146	0	1	-1
61201	曹三-曹氏后人	13092	0	1	-1
61202	江湖使鞭人-朝廷鹰犬	124	0	1	-1
61203	霍寨主-神秘人	235	0	1	-1
61204	丐帮弟子	177	0	1	-1
61205	被掳走的吕正臣	30000	0	1	-1
61206	围聚的江湖人	255	0	1	-1
61207	神秘人	15200	0	1	-1
61208	豹王	11128	0	1	-1
61209	神秘人帮手	107	0	1	-1
61210	江湖使鞭人-朝廷鹰犬	124	0	1	-1
61300	江湖饭馆-椅子	30126	0	1	-1
61301	江湖饭馆-桌子	30127	0	1	-1
61302	江湖饭馆-店小二	30146	0	1	-1
61303	江湖饭馆_小摊_长凳	30110	0	1	1
61304	江湖饭馆_小摊_方桌	30111	0	1	1
61305	江湖饭馆-小摊空桌	30112	0	1	-1
61306	江湖饭馆-洛阳摊主	30113	0	1	-1
61307	江湖饭馆-大理摊主	30114	0	1	-1
61308	江湖饭馆-二楼传送店小二	30146	0	1	-1
61309	江湖饭馆-二楼传送店小二	30146	0	1	-1
61310	江湖饭馆-氛围_江湖人	30118	0	1	-1
61311	江湖饭馆-小摊筷子筒	30125	0	1	-1
61312	江湖饭馆单人镜像-少林弟子	30128	0	1	-1
61313	江湖饭馆单人镜像-峨眉弟子	30129	0	1	-1
61314	江湖饭馆单人镜像-逍遥弟子	30130	0	1	-1
61315	江湖饭馆单人镜像-武当弟子	30131	0	1	-1
61316	江湖饭馆单人镜像-丐帮弟子	30132	0	1	-1
61317	江湖饭馆单人镜像-天山弟子	30133	0	1	-1
61318	江湖饭馆-NPC	30115	0	1	-1
61319	江湖饭馆-NPC	30101	0	1	-1
61320	江湖饭馆-NPC乔峰	30134	0	1	1
61321	龙井茶叶鸡丁	30135	0	1	-1
61322	叫花鸡	30136	0	1	-1
61323	香菇油菜	30137	0	1	-1
61324	干煸藕丝	30138	0	1	-1
61325	素炒青菜	30139	0	1	-1
61326	木须肉	30140	0	1	-1
61327	青菜炒河虾	30141	0	1	-1
61328	江湖饭馆单人镜像_碗	30142	0	1	-1
61329	江湖饭馆单人镜像_筷子	30143	0	1	-1
61330	江湖饭馆单人镜像-峨眉弟子	30145	0	1	-1
61331	江湖饭馆-酒坛	30147	0	1	1
61401	天师	326	0	1	-1
61402	雪	116	0	1	-1
61403	猴王	30586	0	1	-1
61404	猴王	8408	0	1	-1
61405	霍洞主	30638	0	1	-1
61406	乔峰【段府】	14700	0	1	1
61407	雪【召唤雕】	116	0	1	-1
61408	霍洞主【受伤】	30639	0	1	-1
61409	乔峰【段府】	14700	0	1	1
61410	雪	116	0	1	-1
61411	干光豪葛光佩合体技子物体	-1	0	1	-1
61412	猴王-召唤物	30585	0	1	-1
61413	中原侠士（西洲）	11098	0	1	-1
61414	雪【召唤雕】	116	0	1	-1
61415	阿溪	240	0	1	-1
61416	船夫	11168	0	1	-1
61417	雪【召唤雕】	116	0	1	-1
61418	缪家女	136	0	1	-1
61419	狸奴9	7050	0	1	-1
61420	蒙面人	30510	0	1	-1
61421	王语嫣	138	0	1	-1
61422	黄老毒	30646	0	1	-1
61423	胖胡子	30647	0	1	-1
61424	草帽锤	30648	0	1	-1
61425	刀力士	30649	0	1	-1
61426	黄老毒	30650	0	1	-1
61427	胖胡子	30651	0	1	-1
61428	草帽锤	30652	0	1	-1
61429	刀力士	30653	0	1	-1
61430	回血NPC	130	0	1	-1
61431	薛神医	130	0	1	-1
61432	李秋水	28067	0	1	1
61433	包不同	10086	0	1	-1
61434	刀白凤	209	0	1	-1
61435	朱丹臣	208	0	1	-1
61436	钟灵	132	0	1	-1
61437	雪	116	0	1	-1
61440	雪	116	0	1	-1
32673	小二	222	0	1	-1
32674	陈泽	115	0	1	-1
32675	店主	8500	0	1	-1
32676	云夫人	30003	0	1	-1
32677	孩童	134	0	1	-1
32678	宋兵	255	0	1	-1
32679	妇人	4909	0	1	1
32680	夫人	226	0	1	-1
32681	宋宁	198	0	1	-1
32682	姑娘	10188	0	1	-1
32683	侍卫	255	0	1	-1
32684	程雪渐	15030	0	1	1
32685	摊贩	4908	0	1	-1
32686	书生	115	0	1	-1
32687	耶律宏	237	0	1	-1
32688	鹦鹉9	7066	0	1	-1
32689	辽军将领	237	0	1	-1
32690	店主	8500	0	1	-1
32691	秦家寨弟子	28078	0	1	-1
32692	秦家寨弟子	28078	0	1	-1
32693	程雪渐	15030	0	1	1
32694	摊贩	4908	0	1	-1
32695	耶律宏	237	0	1	-1
32696	陈泽	115	0	1	-1
32697	卖鱼人	125	0	1	-1
32698	洛阳气氛NPC中原老人1	207	0	1	-1
32699	场景交互物-中原老妇人	4909	0	1	1
11521	辽军将领	237	0	1	-1
11522	场景交互物-中原青年农夫	4908	0	1	1
11523	守城江湖人士	198	0	1	-1
11524	小乌龟	30642	0	1	-1
11525	雪	116	0	1	-1
57100	西夏步战武士	30900	0	1	-1
57101	江湖寻宝人	30901	0	1	-1
57102	江湖流氓	30902	0	1	-1
57103	西夏武士	30903	0	1	1
57104	西夏守卫	30904	0	1	1
57105	西夏兵	30905	0	1	1
57106	西夏骑兵	30906	0	1	-1
57107	西夏武装家丁	30907	0	1	-1
57108	西夏弓箭手	30908	0	1	-1
57110	江湖侠影-第2关-属性石-冰	16657	0	1	1
57111	江湖侠影-第2关-属性石-火	16658	0	1	1
57112	江湖侠影-第2关-属性石-毒	16659	0	1	1
57113	江湖侠影-第2关-属性石-阴	16660	0	1	1
57114	江湖侠影-第2关-属性石-阳	16661	0	1	1
57115	江湖侠影-第3关-属性石-冰	16657	0	1	1
57116	江湖侠影-第3关-属性石-火	16658	0	1	1
57117	江湖侠影-第3关-属性石-毒	16659	0	1	1
57118	江湖侠影-第3关-属性石-阴	16660	0	1	1
57119	江湖侠影-第3关-属性石-阳	16661	0	1	1
57900	打雪仗-大雪人	13146	0	1	-1
57901	打雪仗-小雪人	13147	0	1	-1
57902	打雪仗-小雪人	13147	0	1	-1
57903	打雪仗-小雪人	13147	0	1	-1
57904	打雪仗-小雪人	13147	0	1	-1
57905	打雪仗-小雪人	13147	0	1	-1
57906	打雪仗-小雪人	13147	0	1	-1
57907	打雪仗-小雪人	13147	0	1	-1
57908	打雪仗-小雪人	13147	0	1	-1
57909	打雪仗-小雪人	13147	0	1	-1
57910	打雪仗-小雪人	13147	0	1	-1
57911	打雪仗-小雪人	13147	0	1	-1
57921	莽牯朱蛤	13149	0	1	-1
57922	幽谷毒蛇	13151	0	1	-1
57923	幽谷毒蜂	13151	0	1	-1
57924	幽谷毒蝎	13151	0	1	-1
57925	苍林隼鹰	13150	0	1	-1
57926	苍林花豹	13150	0	1	-1
57927	苍林狼	13150	0	1	-1
57928	（跨服）往生河谷-孟娘	14539	0	1	-1
57929	幽谷苍林-隐竹寨-地图显示空NPC	161	0	1	-1
57930	幽谷苍林-苍林古道-地图显示空NPC	161	0	1	-1
57931	幽谷苍林-碧泉溪涧-地图显示空NPC	161	0	1	-1
57932	幽谷苍林-断愁台-地图显示空NPC	161	0	1	-1
57933	幽谷苍林-运营活动宝箱	13126	0	1	-1
57934	幽谷苍林-神秘雪人	13152	0	1	1
57935	幽谷二当家	13149	0	1	-1
57936	幽谷三当家	13149	0	1	-1
57937	B服【Boss】疯魔慕容复	13160	0	1	-1
57938	慕容剑客	8622	0	1	-1
57939	慕容剑客	8622	0	1	-1
57940	慕容剑客	8622	0	1	-1
57941	慕容镖手	8623	0	1	-1
57942	慕容镖手	8623	0	1	-1
57943	慕容镖手	8623	0	1	-1
57944	幽谷苍林-运营活动宝箱	13126	0	1	-1
57945	幽谷苍林-王语嫣	138	0	1	-1
57946	B服【Boss】包不同	13159	0	1	-1
57947	B服【Boss】风波恶	13158	0	1	-1
57948	B服【Boss】邓百川	13161	0	1	-1
58000	【玄机试炼】最终BOSS	30060	0	1	1
58001	【玄机试炼】场景小怪	30061	0	1	-1
58002	【玄机试炼】场景小怪	30062	0	1	-1
58003	【玄机试炼】场景小怪	30063	0	1	-1
58004	【玄机试炼】场景BOSS	30064	0	1	-1
58005	【玄机试炼】场景BOSS	30065	0	1	-1
58006	【玄机试炼】场景BOSS	30066	0	1	-1
58007	普通宝箱	30067	0	1	1
58008	轩辕宝箱	30068	0	1	1
58009	根儿哥	30071	0	1	-1
58010	龘龘道人	30072	0	1	-1
58011	女真士兵	30073	0	1	-1
58012	耶律雄	30074	0	1	-1
58050	资10新词缀-葬息	28086	0	1	-1
58051	资10新词缀-混沌	-1	0	1	-1
34220	问鼎江山-雕像底座	14723	0	1	1
34221	问鼎江山-位置1-名字透明npc	14724	0	1	-1
34222	问鼎江山-位置2-名字透明npc	14724	0	1	-1
34223	问鼎江山-位置3-名字透明npc	14724	0	1	-1
34224	问鼎江山-位置4-名字透明npc	14724	0	1	-1
34225	莽荒争霸-雕像底座	14722	0	1	1
34226	莽荒争霸-位置1-名字透明npc	14724	0	1	-1
34227	莽荒争霸-位置2-名字透明npc	14724	0	1	-1
34228	莽荒争霸-位置3-名字透明npc	14724	0	1	-1
34229	莽荒争霸-位置4-名字透明npc	14724	0	1	-1
58101	饕餮皮肤1	40101	0	1	2
58102	饕餮皮肤2	40102	0	1	2
58103	饕餮皮肤3	40103	0	1	2
58104	饕餮皮肤4	40104	0	1	2
58201	梼杌皮肤1	40201	0	1	2
58202	梼杌皮肤2	40202	0	1	2
58203	梼杌皮肤3	40203	0	1	2
58204	梼杌皮肤4	40204	0	1	2
58301	凤凰皮肤1	40301	0	1	2
58302	凤凰皮肤2	40302	0	1	2
58303	凤凰皮肤3	40303	0	1	2
58304	凤凰皮肤4	40304	0	1	2
58401	蛟龙皮肤1	40401	0	1	2
58402	蛟龙皮肤2	40402	0	1	2
58403	蛟龙皮肤3	40403	0	1	2
58404	蛟龙皮肤4	40404	0	1	2
58501	白泽皮肤1	40501	0	1	2
58502	白泽皮肤2	40502	0	1	2
58503	白泽皮肤3	40503	0	1	2
58504	白泽皮肤4	40504	0	1	2
58601	穷奇皮肤1	40601	0	1	2
58602	穷奇皮肤2	40602	0	1	2
58603	穷奇皮肤3	40603	0	1	2
58604	穷奇皮肤4	40604	0	1	2
58701	麒麟皮肤1	40701	0	1	2
58702	麒麟皮肤2	40702	0	1	2
58703	麒麟皮肤3	40703	0	1	2
58704	麒麟皮肤4	40704	0	1	2
58801	混沌皮肤1	40801	0	1	2
58802	混沌皮肤2	40802	0	1	2
58803	混沌皮肤3	40803	0	1	2
58804	混沌皮肤4	40804	0	1	2
59000	无量山猴	510	0	1	1
59002	无锡郊野毒蜂	511	0	1	1
59004	豹王	512	0	1	1
59006	草原狼	513	0	1	1
59008	无量大鹰	514	0	1	1
59010	雪鹰	515	0	1	1
59012	黑火洞贼徒	516	0	1	1
59014	青城派弟子	517	0	1	1
59016	霍洞主	518	0	1	1
59018	辽军部族兵	519	0	1	1
59020	叛军盾卫	520	0	1	1
59022	高长命	521	0	1	1
59024	一品堂高手	522	0	1	1
59026	西夏骑兵	523	0	1	1
59028	南海鳄神	524	0	1	1
59032	武林人士	526	0	1	1
59034	邪恶双环	527	0	1	1
59036	将军俑	528	0	1	1
59038	无量剑派弟子	529	0	1	1
59040	灵鹫宫使节	530	0	1	1
59042	圣使花	531	0	1	1
60000	武士狸奴（准备）	6990	0	1	2
60001	福寿仙龟（准备）	6993	0	1	2
60002	跳跳兔（准备）	6994	0	1	2
60003	雷电猪仔（准备）	6995	0	1	2
60004	白猿侠客（准备）	7494	0	1	2
60005	天真田园（准备）	7027	0	1	2
60006	武士狸奴	7501	0	1	2
60007	福寿仙龟	7502	0	1	2
60008	跳跳兔	7503	0	1	2
60009	雷电猪仔	7504	0	1	2
60010	白猿侠客	7505	0	1	2
60011	天真田园	7506	0	1	2
60012	下注NPC	314	0	1	-1
60013	领奖NPC	314	0	1	-1
60050	低级奖励1——100绑元	27552	0	1	-1
60051	低级奖励2——一阶灵晶	27553	0	1	-1
60052	低级奖励3——地魂玉	27554	0	1	-1
60053	低级奖励4——3级宝石自选箱	27555	0	1	-1
60054	中级奖励1——200绑元	27556	0	1	-1
60055	中级奖励2——黑墨寒铁	27557	0	1	-1
60056	中级奖励3——十载老参	27558	0	1	-1
60057	中级奖励4——绝学参悟手札	27559	0	1	-1
60058	中级奖励5——3级宝石自选箱	27560	0	1	-1
60059	中级奖励6——经文残页	27561	0	1	-1
60060	高级奖励1——300绑元	27562	0	1	-1
60061	高级奖励2——一阶灵晶	27563	0	1	-1
60062	高级奖励3——3级宝石自选箱	27564	0	1	-1
60063	高级奖励4——舞龙	27565	0	1	1
60064	第一摊位NPC	27566	0	1	-1
60065	第二摊位NPC	27567	0	1	-1
60066	第三摊位NPC	27573	0	1	-1
60067	第四摊位NPC	27574	0	1	-1
60068	第五摊位NPC	27575	0	1	-1
60071	一层低分怪（基础模板）	45002	0	1	-1
60072	一层高分怪（基础模板）	45003	0	1	-1
60073	二层低分怪（基础模板）	45002	0	1	-1
60074	二层高分怪（基础模板）	45003	0	1	-1
60075	三层低分怪（基础模板）	45002	0	1	-1
60076	三层高分怪（基础模板）	45003	0	1	-1
60077	四层低分怪（基础模板）	45002	0	1	-1
60078	四层高分怪（基础模板）	45003	0	1	-1
60079	五层低分怪（基础模板）	45002	0	1	-1
60080	五层高分怪（基础模板）	45003	0	1	-1
60081	六层低分怪（基础模板）	45002	0	1	-1
60082	六层高分怪（基础模板）	45003	0	1	-1
60083	七层低分怪（基础模板）	45002	0	1	-1
60084	七层高分怪（基础模板）	45003	0	1	-1
60085	八层低分怪（基础模板）	45002	0	1	-1
60086	八层高分怪（基础模板）	45003	0	1	-1
60087	九层低分怪（基础模板）	45002	0	1	-1
60088	九层高分怪（基础模板）	45003	0	1	-1
60100	通天塔入口NPC	14022	0	1	-1
60101	玄机预热任务-洛阳接引	14022	0	1	-1
60102	玄机预热任务-轩辕台接引	14022	0	1	-1
60103	神农帮弟子【玄机预热镜像杀怪】	191	0	1	-1
60104	城战-神兽英招	30060	3	1	1
60151	大荒古境-我方归属空NPC	13200	3	1	1
60152	大荒古境-敌方归属空NPC	13201	3	1	1
60153	帮会据点	13202	3	1	1
60154	大荒旗	13203	3	1	1
60155	大荒遗迹（小）	13204	3	1	1
60156	大荒遗迹（大）	13205	3	1	1
60157	1级金砂矿	13206	3	1	1
60158	2级金砂矿	13207	3	1	1
60159	3级金砂矿	13208	3	1	1
60160	4级金砂矿	13209	3	1	1
60161	5级金砂矿	13210	3	1	1
60162	6级金砂矿	13211	3	1	1
60163	7级金砂矿	13212	3	1	1
60164	8级金砂矿	13213	3	1	1
60165	9级金砂矿	13214	3	1	1
60166	10级金砂矿	13215	3	1	1
60167	1级沙漠人参	13216	3	1	1
60168	2级沙漠人参	13217	3	1	1
60169	3级沙漠人参	13218	3	1	1
60170	4级沙漠人参	13219	3	1	1
60171	5级沙漠人参	13220	3	1	1
60172	6级沙漠人参	13221	3	1	1
60173	7级沙漠人参	13222	3	1	1
60174	8级沙漠人参	13223	3	1	1
60175	9级沙漠人参	13224	3	1	1
60176	10级沙漠人参	13225	3	1	1
60177	1级元宝宝藏	13226	3	1	1
60178	2级元宝宝藏	13227	3	1	1
60179	3级元宝宝藏	13228	3	1	1
60180	4级元宝宝藏	13229	3	1	1
60181	5级元宝宝藏	13230	3	1	1
60182	6级元宝宝藏	13231	3	1	1
60183	7级元宝宝藏	13232	3	1	1
60184	8级元宝宝藏	13233	3	1	1
60185	9级元宝宝藏	13234	3	1	1
60186	10级元宝宝藏	13235	3	1	1
60187	1级金币宝藏	13226	3	1	1
60188	2级金币宝藏	13227	3	1	1
60189	3级金币宝藏	13228	3	1	1
60190	4级金币宝藏	13229	3	1	1
60191	5级金币宝藏	13230	3	1	1
60192	6级金币宝藏	13231	3	1	1
60193	7级金币宝藏	13232	3	1	1
60194	8级金币宝藏	13233	3	1	1
60195	9级金币宝藏	13234	3	1	1
60196	10级金币宝藏	13235	3	1	1
60197	1级精通宝藏	13226	3	1	1
60198	2级精通宝藏	13227	3	1	1
60199	3级精通宝藏	13228	3	1	1
60200	4级精通宝藏	13229	3	1	1
60201	5级精通宝藏	13230	3	1	1
60202	6级精通宝藏	13231	3	1	1
60203	7级精通宝藏	13232	3	1	1
60204	8级精通宝藏	13233	3	1	1
60205	9级精通宝藏	13234	3	1	1
60206	10级精通宝藏	13235	3	1	1
60207	1级经脉宝藏	13226	3	1	1
60208	2级经脉宝藏	13227	3	1	1
60209	3级经脉宝藏	13228	3	1	1
60210	4级经脉宝藏	13229	3	1	1
60211	5级经脉宝藏	13230	3	1	1
60212	6级经脉宝藏	13231	3	1	1
60213	7级经脉宝藏	13232	3	1	1
60214	8级经脉宝藏	13233	3	1	1
60215	9级经脉宝藏	13234	3	1	1
60216	10级经脉宝藏	13235	3	1	1
60217	1级地魂玉宝藏	13226	3	1	1
60218	2级地魂玉宝藏	13227	3	1	1
60219	3级地魂玉宝藏	13228	3	1	1
60220	4级地魂玉宝藏	13229	3	1	1
60221	5级地魂玉宝藏	13230	3	1	1
60222	6级地魂玉宝藏	13231	3	1	1
60223	7级地魂玉宝藏	13232	3	1	1
60224	8级地魂玉宝藏	13233	3	1	1
60225	9级地魂玉宝藏	13234	3	1	1
60226	10级地魂玉宝藏	13235	3	1	1
60227	1级灵晶宝藏	13226	3	1	1
60228	2级灵晶宝藏	13227	3	1	1
60229	3级灵晶宝藏	13228	3	1	1
60230	4级灵晶宝藏	13229	3	1	1
60231	5级灵晶宝藏	13230	3	1	1
60232	6级灵晶宝藏	13231	3	1	1
60233	7级灵晶宝藏	13232	3	1	1
60234	8级灵晶宝藏	13233	3	1	1
60235	9级灵晶宝藏	13234	3	1	1
60236	10级灵晶宝藏	13235	3	1	1
60237	1级元宝宝藏守卫	13242	3	1	1
60238	2级元宝宝藏守卫	13242	3	1	1
60239	3级元宝宝藏守卫	13242	3	1	1
60240	4级元宝宝藏守卫	13242	3	1	1
60241	5级元宝宝藏守卫	13242	3	1	1
60242	6级元宝宝藏守卫	13242	3	1	1
60243	7级元宝宝藏守卫	13242	3	1	1
60244	8级元宝宝藏守卫	13242	3	1	1
60245	9级元宝宝藏守卫	13242	3	1	1
60246	10级元宝宝藏守卫	13242	3	1	1
60247	1级金币宝藏守卫	13242	3	1	1
60248	2级金币宝藏守卫	13242	3	1	1
60249	3级金币宝藏守卫	13242	3	1	1
60250	4级金币宝藏守卫	13242	3	1	1
60251	5级金币宝藏守卫	13242	3	1	1
60252	6级金币宝藏守卫	13242	3	1	1
60253	7级金币宝藏守卫	13242	3	1	1
60254	8级金币宝藏守卫	13242	3	1	1
60255	9级金币宝藏守卫	13242	3	1	1
60256	10级金币宝藏守卫	13242	3	1	1
60257	1级精通宝藏守卫	13242	3	1	1
60258	2级精通宝藏守卫	13242	3	1	1
60259	3级精通宝藏守卫	13242	3	1	1
60260	4级精通宝藏守卫	13242	3	1	1
60261	5级精通宝藏守卫	13242	3	1	1
60262	6级精通宝藏守卫	13242	3	1	1
60263	7级精通宝藏守卫	13242	3	1	1
60264	8级精通宝藏守卫	13242	3	1	1
60265	9级精通宝藏守卫	13242	3	1	1
60266	10级精通宝藏守卫	13242	3	1	1
60267	1级经脉宝藏守卫	13242	3	1	1
60268	2级经脉宝藏守卫	13242	3	1	1
60269	3级经脉宝藏守卫	13242	3	1	1
60270	4级经脉宝藏守卫	13242	3	1	1
60271	5级经脉宝藏守卫	13242	3	1	1
60272	6级经脉宝藏守卫	13242	3	1	1
60273	7级经脉宝藏守卫	13242	3	1	1
60274	8级经脉宝藏守卫	13242	3	1	1
60275	9级经脉宝藏守卫	13242	3	1	1
60276	10级经脉宝藏守卫	13242	3	1	1
60277	1级魂玉宝藏守卫	13242	3	1	1
60278	2级魂玉宝藏守卫	13242	3	1	1
60279	3级魂玉宝藏守卫	13242	3	1	1
60280	4级魂玉宝藏守卫	13242	3	1	1
60281	5级魂玉宝藏守卫	13242	3	1	1
60282	6级魂玉宝藏守卫	13242	3	1	1
60283	7级魂玉宝藏守卫	13242	3	1	1
60284	8级魂玉宝藏守卫	13242	3	1	1
60285	9级魂玉宝藏守卫	13242	3	1	1
60286	10级魂玉宝藏守卫	13242	3	1	1
60287	1级灵晶宝藏守卫	13242	3	1	1
60288	2级灵晶宝藏守卫	13242	3	1	1
60289	3级灵晶宝藏守卫	13242	3	1	1
60290	4级灵晶宝藏守卫	13242	3	1	1
60291	5级灵晶宝藏守卫	13242	3	1	1
60292	6级灵晶宝藏守卫	13242	3	1	1
60293	7级灵晶宝藏守卫	13242	3	1	1
60294	8级灵晶宝藏守卫	13242	3	1	1
60295	9级灵晶宝藏守卫	13242	3	1	1
60296	10级灵晶宝藏守卫	13242	3	1	1
60297	小遗迹守卫	13236	3	1	1
60298	大遗迹守卫	13237	3	1	1
60299	大荒巨蝎王	13238	3	1	-1
60300	大荒沙狼王	13239	3	1	-1
60301	大荒朱蛤王	13241	3	1	-1
60302	大荒金睛虎王	13240	3	1	-1
60303	大荒遗失宝箱	13126	0	1	-1
60304	大荒沙蝎	28034	50	1	-1
60305	大荒沙狼	231	50	1	-1
60306	大荒沙豹	28033	0	1	-1
60307	大荒沙鹰	126	0	1	-1
60308	中立区守卫	15001	0	1	-1
60309	叶轩测试用怪	55021	3	1	-1
60310	大荒昆仑旗	13243	3	1	1
60401	夺旗入口NPC	8621	0	1	-1
60402	夺旗旗子A	45004	0	1	1
60403	夺旗旗子B	45005	0	1	1
60404	夺旗A阵营标记	45006	0	1	1
60405	夺旗B阵营标记	45007	0	1	1
60450	天影之战-护卫骑士	31320	0	1	-1
60451	天影之战-护卫弓手	31321	0	1	-1
60452	天影之战-护卫持刀手	31322	0	1	-1
60453	天影之战-第一首领-骑兵将军	31323	0	1	-1
60454	天影之战-第二首领-弓箭将军	31324	0	1	-1
60455	天影之战-第三首领-攻城车	31325	0	1	-1
60456	天影之战-战斗开启npc	31326	0	1	-1
60461	紫色战马装备兑换NPC	13301	0	1	-1
60462	金色战马装备兑换NPC	13301	0	1	-1
60463	橙色战马装备兑换NPC	13301	0	1	-1
60464	第三阶段--天一阁守将	13302	400	1	-1
60465	第三阶段--暗影盟守将	13303	400	1	-1
60466	第二阶段--天一阁守卫（龙吟坛）	13304	300	1	-1
60467	第二阶段--暗影盟守卫（龙吟坛）	13305	300	1	-1
60468	第二阶段--天一阁守卫（虎啸坛）	13304	300	1	-1
60469	第二阶段--暗影盟守卫（虎啸坛）	13305	300	1	-1
60470	第一阶段--天一阁卫兵	13306	0	1	-1
60471	第一阶段--暗影盟卫兵	13307	0	1	-1
60472	天一阁弓箭手（守城用）	28007	0	1	-1
60473	暗影盟弓箭手（守城用）	28007	0	1	-1
60474	天一阁首领（氛围NPC）	13310	0	1	-1
60475	天一阁左护法（氛围NPC）	13311	0	1	-1
60476	天一阁右护法（氛围NPC）	13312	0	1	-1
60477	暗影盟盟主（氛围NPC）	13318	0	1	-1
60478	暗影盟军师（氛围NPC）	13319	0	1	-1
60479	暗影盟将军（氛围NPC）	13320	0	1	-1
60480	陷阵勇士（精英任务怪）	13313	0	1	-1
60481	突袭小队队长（精英任务怪）	13314	0	1	-1
60482	突袭小队成员（任务小怪）	13315	0	1	-1
60483	边界斥候（精英任务怪）	13316	0	1	-1
60484	天一阁暗探（精英任务怪）	13324	0	1	-1
60485	冲锋将领（精英任务怪）	13321	0	1	-1
60486	突袭小队队长（精英任务怪）	13322	0	1	-1
60487	突袭小队成员（任务小怪）	13323	0	1	-1
60488	暗影斥候（精英任务怪）	13316	0	1	-1
60489	暗影间谍（精英任务怪）	13324	0	1	-1
60490	【野外常驻小怪】战歌毒蝎	13325	0	1	-1
60491	【野外常驻小怪】战歌猎鹰	13326	0	1	-1
60492	【野外常驻小怪】战歌花豹	13327	0	1	-1
60493	【野外常驻小怪】战歌狂狼	13328	0	1	-1
60494	天影之战-运营活动宝箱	13126	0	1	-1
60495	【野外常驻BOSS】战歌草原野外大BOSS	408	0	1	-1
60496	【野外常驻BOSS】战歌草原野外小BOSS	13309	0	1	-1
60497	天影之战-天一阁-地图显示空NPC	161	0	1	-1
60498	天影之战-暗影盟-地图显示空NPC	161	0	1	-1
60499	天影之战-龙吟坛-地图显示空NPC	161	0	1	-1
60500	天影之战-武神坛-地图显示空NPC	161	0	1	-1
60601	天影之战-虎啸坛-地图显示空NPC	161	0	1	-1
60602	第三阶段--天一阁守将（第二档）	13302	400	1	-1
60603	第三阶段--暗影盟守将（第二档）	13303	400	1	-1
60604	第二阶段--天一阁守卫（龙吟坛）（第二档）	13304	300	1	-1
60605	第二阶段--暗影盟守卫（龙吟坛）（第二档）	13305	300	1	-1
60606	第二阶段--天一阁守卫（虎啸坛）（第二档）	13304	300	1	-1
60607	第二阶段--暗影盟守卫（虎啸坛）（第二档）	13305	300	1	-1
60608	第一阶段--天一阁卫兵（第二档）	13306	0	1	-1
60609	第一阶段--暗影盟卫兵（第二档）	13307	0	1	-1
60610	第三阶段--天一阁守将（第三档）	13302	400	1	-1
60611	第三阶段--暗影盟守将（第三档）	13303	400	1	-1
60612	第二阶段--天一阁守卫（龙吟坛）（第三档）	13304	300	1	-1
60613	第二阶段--暗影盟守卫（龙吟坛）（第三档）	13305	300	1	-1
60614	第二阶段--天一阁守卫（虎啸坛）（第三档）	13304	300	1	-1
60615	第二阶段--暗影盟守卫（虎啸坛）（第三档）	13305	300	1	-1
60616	第一阶段--天一阁卫兵（第三档）	13306	0	1	-1
60617	第一阶段--暗影盟卫兵（第三档）	13307	0	1	-1
60618	第三阶段--天一阁守将（第四档）	13302	400	1	-1
60619	第三阶段--暗影盟守将（第四档）	13303	400	1	-1
60620	第二阶段--天一阁守卫（龙吟坛）（第四档）	13304	300	1	-1
60621	第二阶段--暗影盟守卫（龙吟坛）（第四档）	13305	300	1	-1
60622	第二阶段--天一阁守卫（虎啸坛）（第四档）	13304	300	1	-1
60623	第二阶段--暗影盟守卫（虎啸坛）（第四档）	13305	300	1	-1
60624	第一阶段--天一阁卫兵（第四档）	13306	0	1	-1
60625	第一阶段--暗影盟卫兵（第四档）	13307	0	1	-1
60626	第三阶段--天一阁守将（第五档）	13302	400	1	-1
60627	第三阶段--暗影盟守将（第五档）	13303	400	1	-1
60628	第二阶段--天一阁守卫（龙吟坛）（第五档）	13304	300	1	-1
60629	第二阶段--暗影盟守卫（龙吟坛）（第五档）	13305	300	1	-1
60630	第二阶段--天一阁守卫（虎啸坛）（第五档）	13304	300	1	-1
60631	第二阶段--暗影盟守卫（虎啸坛）（第五档）	13305	300	1	-1
60632	第一阶段--天一阁卫兵（第五档）	13306	0	1	-1
60633	第一阶段--暗影盟卫兵（第五档）	13307	0	1	-1
60634	天影之战-第二阶段战功范围圈-空NPC	-1	0	1	-1
60635	天影之战-第三阶段战功范围圈-空NPC	-1	0	1	-1
60636	天一阁守将（日常守门BOSS）	13331	150	1	-1
60637	暗影盟守将（日常守门BOSS）	13332	150	1	-1
60501	副本-战斗开启npc	31326	0	1	-1
60502	帮会运镖-普通镖车（绿）	27505	0	1	-1
60503	帮会运镖-高级镖车	27506	0	1	-1
60504	王家武装家丁	125	0	1	-1
60505	姚伯当	275	0	1	-1
60506	游坦之	271	0	1	-1
60507	阿紫	272	0	1	-1
60508	包不同-无技能	10086	0	1	-1
60509	风波恶-无技能	10087	0	1	-1
60510	钟灵-无技能	132	0	1	-1
60511	木婉清-无技能	205	0	1	-1
60512	傅思归-2技能	204	0	1	-1
60513	朱丹臣-无技能	208	0	1	-1
60514	秦红棉-2技能	160	0	1	-1
60515	刀白凤-1技能	209	0	1	-1
60516	甘宝宝-2技能	151	0	1	-1
60517	梅	28039	0	1	-1
60518	兰	28040	0	1	-1
60519	竹	28041	0	1	-1
60520	菊	28042	0	1	-1
60521	炸药桶	450	0	1	1
60522	踏青节-凤凰飞羽	451	0	1	-1
60523	救援-【阿紫-游坦之】	452	0	1	1
60524	救援-【包不同-风波恶】	452	0	1	1
60525	救援-【钟灵-木婉清】	452	0	1	1
60526	救援-【傅思归-朱丹臣】	452	0	1	1
60527	救援-【亲红棉-刀白凤-甘宝宝】	452	0	1	1
60528	救援-【梅兰竹菊】	452	0	1	1
60529	聚贤庄武林人士（持爪）	10095	0	1	-1
60530	地鼠门刀手	10062	0	1	-1
60531	沙漠劫匪头目	28005	0	1	-1
60532	江湖使鞭人	28006	0	1	-1
60533	山匪弓箭手	28007	0	1	-1
60534	草原狼	28025	0	1	-1
60535	耶律洪基	31354	0	1	-1
60536	连阿三	31355	0	1	-1
60537	采集宝箱	31391	0	1	1
60538	掉落宝箱	31391	0	1	1
60539	掉落宝箱	31391	0	1	1
60540	掉落宝箱	31391	0	1	1
60655	大船安全区空NPC	-1	0	1	-1
60656	蓬莱接引	45014	0	1	1
60700	小怪（B服69级1档）	45013	0	1	2
60701	穷奇（B服69级1档）	45008	0	1	2
60702	白泽（B服69级1档）	45009	0	1	2
60703	蛟龙（B服69级1档）	45010	0	1	2
60704	凤凰（B服69级1档）	45011	0	1	2
60705	麒麟（B服69级1档）	45012	0	1	2
60706	穷奇（B服69级1档）	45015	0	1	2
60707	白泽（B服69级1档）	45016	0	1	2
60708	蛟龙（B服69级1档）	45017	0	1	2
60709	凤凰（B服69级1档）	45018	0	1	2
60710	麒麟（B服69级1档）	45019	0	1	2
60711	穷奇（B服69级1档）	45020	0	1	2
60712	白泽（B服69级1档）	45021	0	1	2
60713	蛟龙（B服69级1档）	45022	0	1	2
60714	凤凰（B服69级1档）	45023	0	1	2
60715	麒麟（B服69级1档）	45024	0	1	2
60720	小怪（B服69级2档）	45013	0	1	2
60721	穷奇（B服69级2档）	45008	0	1	2
60722	白泽（B服69级2档）	45009	0	1	2
60723	蛟龙（B服69级2档）	45010	0	1	2
60724	凤凰（B服69级2档）	45011	0	1	2
60725	麒麟（B服69级2档）	45012	0	1	2
60726	穷奇（B服69级2档）	45015	0	1	2
60727	白泽（B服69级2档）	45016	0	1	2
60728	蛟龙（B服69级2档）	45017	0	1	2
60729	凤凰（B服69级2档）	45018	0	1	2
60730	麒麟（B服69级2档）	45019	0	1	2
60731	穷奇（B服69级2档）	45020	0	1	2
60732	白泽（B服69级2档）	45021	0	1	2
60733	蛟龙（B服69级2档）	45022	0	1	2
60734	凤凰（B服69级2档）	45023	0	1	2
60735	麒麟（B服69级2档）	45024	0	1	2
60740	小怪（B服69级3档）	45013	0	1	2
60741	穷奇（B服69级3档）	45008	0	1	2
60742	白泽（B服69级3档）	45009	0	1	2
60743	蛟龙（B服69级3档）	45010	0	1	2
60744	凤凰（B服69级3档）	45011	0	1	2
60745	麒麟（B服69级3档）	45012	0	1	2
60746	穷奇（B服69级3档）	45015	0	1	2
60747	白泽（B服69级3档）	45016	0	1	2
60748	蛟龙（B服69级3档）	45017	0	1	2
60749	凤凰（B服69级3档）	45018	0	1	2
60750	麒麟（B服69级3档）	45019	0	1	2
60751	穷奇（B服69级3档）	45020	0	1	2
60752	白泽（B服69级3档）	45021	0	1	2
60753	蛟龙（B服69级3档）	45022	0	1	2
60754	凤凰（B服69级3档）	45023	0	1	2
60755	麒麟（B服69级3档）	45024	0	1	2
60760	小怪（B服69级4档）	45013	0	1	2
60761	穷奇（B服69级4档）	45008	0	1	2
60762	白泽（B服69级4档）	45009	0	1	2
60763	蛟龙（B服69级4档）	45010	0	1	2
60764	凤凰（B服69级4档）	45011	0	1	2
60765	麒麟（B服69级4档）	45012	0	1	2
60766	穷奇（B服69级4档）	45015	0	1	2
60767	白泽（B服69级4档）	45016	0	1	2
60768	蛟龙（B服69级4档）	45017	0	1	2
60769	凤凰（B服69级4档）	45018	0	1	2
60770	麒麟（B服69级4档）	45019	0	1	2
60771	穷奇（B服69级4档）	45020	0	1	2
60772	白泽（B服69级4档）	45021	0	1	2
60773	蛟龙（B服69级4档）	45022	0	1	2
60774	凤凰（B服69级4档）	45023	0	1	2
60775	麒麟（B服69级4档）	45024	0	1	2
60780	小怪（B服69级5档）	45013	0	1	2
60781	穷奇（B服69级5档）	45008	0	1	2
60782	白泽（B服69级5档）	45009	0	1	2
60783	蛟龙（B服69级5档）	45010	0	1	2
60784	凤凰（B服69级5档）	45011	0	1	2
60785	麒麟（B服69级5档）	45012	0	1	2
60786	穷奇（B服69级5档）	45015	0	1	2
60787	白泽（B服69级5档）	45016	0	1	2
60788	蛟龙（B服69级5档）	45017	0	1	2
60789	凤凰（B服69级5档）	45018	0	1	2
60790	麒麟（B服69级5档）	45019	0	1	2
60791	穷奇（B服69级5档）	45020	0	1	2
60792	白泽（B服69级5档）	45021	0	1	2
60793	蛟龙（B服69级5档）	45022	0	1	2
60794	凤凰（B服69级5档）	45023	0	1	2
60795	麒麟（B服69级5档）	45024	0	1	2
60800	小怪（A服95级1档）	45013	0	1	2
60801	穷奇（A服95级1档）	45008	0	1	2
60802	白泽（A服95级1档）	45009	0	1	2
60803	蛟龙（A服95级1档）	45010	0	1	2
60804	凤凰（A服95级1档）	45011	0	1	2
60805	麒麟（A服95级1档）	45012	0	1	2
60806	穷奇（A服95级1档）	45015	0	1	2
60807	白泽（A服95级1档）	45016	0	1	2
60808	蛟龙（A服95级1档）	45017	0	1	2
60809	凤凰（A服95级1档）	45018	0	1	2
60810	麒麟（A服95级1档）	45019	0	1	2
60811	穷奇（A服95级1档）	45020	0	1	2
60812	白泽（A服95级1档）	45021	0	1	2
60813	蛟龙（A服95级1档）	45022	0	1	2
60814	凤凰（A服95级1档）	45023	0	1	2
60815	麒麟（A服95级1档）	45024	0	1	2
60820	小怪（A服95级2档）	45013	0	1	2
60821	穷奇（A服95级2档）	45008	0	1	2
60822	白泽（A服95级2档）	45009	0	1	2
60823	蛟龙（A服95级2档）	45010	0	1	2
60824	凤凰（A服95级2档）	45011	0	1	2
60825	麒麟（A服95级2档）	45012	0	1	2
60826	穷奇（A服95级2档）	45015	0	1	2
60827	白泽（A服95级2档）	45016	0	1	2
60828	蛟龙（A服95级2档）	45017	0	1	2
60829	凤凰（A服95级2档）	45018	0	1	2
60830	麒麟（A服95级2档）	45019	0	1	2
60831	穷奇（A服95级2档）	45020	0	1	2
60832	白泽（A服95级2档）	45021	0	1	2
60833	蛟龙（A服95级2档）	45022	0	1	2
60834	凤凰（A服95级2档）	45023	0	1	2
60835	麒麟（A服95级2档）	45024	0	1	2
60840	小怪（A服95级3档）	45013	0	1	2
60841	穷奇（A服95级3档）	45008	0	1	2
60842	白泽（A服95级3档）	45009	0	1	2
60843	蛟龙（A服95级3档）	45010	0	1	2
60844	凤凰（A服95级3档）	45011	0	1	2
60845	麒麟（A服95级3档）	45012	0	1	2
60846	穷奇（A服95级3档）	45015	0	1	2
60847	白泽（A服95级3档）	45016	0	1	2
60848	蛟龙（A服95级3档）	45017	0	1	2
60849	凤凰（A服95级3档）	45018	0	1	2
60850	麒麟（A服95级3档）	45019	0	1	2
60851	穷奇（A服95级3档）	45020	0	1	2
60852	白泽（A服95级3档）	45021	0	1	2
60853	蛟龙（A服95级3档）	45022	0	1	2
60854	凤凰（A服95级3档）	45023	0	1	2
60855	麒麟（A服95级3档）	45024	0	1	2
60860	小怪（A服95级4档）	45013	0	1	2
60861	穷奇（A服95级4档）	45008	0	1	2
60862	白泽（A服95级4档）	45009	0	1	2
60863	蛟龙（A服95级4档）	45010	0	1	2
60864	凤凰（A服95级4档）	45011	0	1	2
60865	麒麟（A服95级4档）	45012	0	1	2
60866	穷奇（A服95级4档）	45015	0	1	2
60867	白泽（A服95级4档）	45016	0	1	2
60868	蛟龙（A服95级4档）	45017	0	1	2
60869	凤凰（A服95级4档）	45018	0	1	2
60870	麒麟（A服95级4档）	45019	0	1	2
60871	穷奇（A服95级4档）	45020	0	1	2
60872	白泽（A服95级4档）	45021	0	1	2
60873	蛟龙（A服95级4档）	45022	0	1	2
60874	凤凰（A服95级4档）	45023	0	1	2
60875	麒麟（A服95级4档）	45024	0	1	2
60880	小怪（A服95级5档）	45013	0	1	2
60881	穷奇（A服95级5档）	45008	0	1	2
60882	白泽（A服95级5档）	45009	0	1	2
60883	蛟龙（A服95级5档）	45010	0	1	2
60884	凤凰（A服95级5档）	45011	0	1	2
60885	麒麟（A服95级5档）	45012	0	1	2
60886	穷奇（A服95级5档）	45015	0	1	2
60887	白泽（A服95级5档）	45016	0	1	2
60888	蛟龙（A服95级5档）	45017	0	1	2
60889	凤凰（A服95级5档）	45018	0	1	2
60890	麒麟（A服95级5档）	45019	0	1	2
60891	穷奇（A服95级5档）	45020	0	1	2
60892	白泽（A服95级5档）	45021	0	1	2
60893	蛟龙（A服95级5档）	45022	0	1	2
60894	凤凰（A服95级5档）	45023	0	1	2
60895	麒麟（A服95级5档）	45024	0	1	2
60900	宝箱（B服69级1档）	30068	0	1	1
60901	宝箱（B服69级2档）	30068	0	1	1
60902	宝箱（B服69级3档）	30068	0	1	1
60903	宝箱（B服69级4档）	30068	0	1	1
60904	宝箱（B服69级5档）	30068	0	1	1
60905	宝箱（A服95级1档）	30068	0	1	1
60906	宝箱（A服95级2档）	30068	0	1	1
60907	宝箱（A服95级3档）	30068	0	1	1
60908	宝箱（A服95级4档）	30068	0	1	1
60909	宝箱（A服95级5档）	30068	0	1	1