g Archer Barracks Final Lvl3
v -2.6510198 -2.618276 1.9144976E-07
v -2.6510198 0.12135121 1.9144976E-07
v -2.6510198 0.12135121 2.9161024
v -2.6510198 -2.618276 2.9161024
v 2.6510198 0.12135121 1.9144976E-07
v 2.6510198 -2.618276 1.9144976E-07
v 2.6510198 -2.618276 2.9161024
v 2.6510198 0.12135121 2.9161024
v -0 0.12135121 1.9144976E-07
v 2.6510198 0.12135121 1.9144976E-07
v 2.6510198 0.12135121 2.9161024
v -0 0.12135121 2.9161024
v -2.6510198 0.12135121 1.9144976E-07
v -2.6510198 0.12135121 2.9161024
v -0 -2.618276 1.9144976E-07
v -2.6510198 -2.618276 1.9144976E-07
v -2.6510198 -2.618276 2.9161024
v -0 -2.618276 2.9161024
v 2.6510198 -2.618276 1.9144976E-07
v 2.6510198 -2.618276 2.9161024
v -0 0.12135121 1.9144976E-07
v 2.6510198 -2.618276 1.9144976E-07
v 2.6510198 0.12135121 1.9144976E-07
v -0 -2.618276 1.9144976E-07
v -2.6510198 0.12135121 1.9144976E-07
v -2.6510198 -2.618276 1.9144976E-07
v -0 -0.11419839 2.9161024
v -2.34732 -0.11419839 2.4937794
v -2.34732 -0.11419839 2.9161024
v -0 -0.11419839 2.4937794
v 2.34732 -0.11419839 2.9161024
v 2.34732 -0.11419839 2.4937794
v -0 -0.11419839 2.4937794
v -0 -2.3827264 2.4937794
v -2.34732 -2.3827264 2.4937794
v -2.34732 -0.11419839 2.4937794
v -2.34732 -0.11419839 2.9161024
v -2.34732 -0.11419839 2.4937794
v -2.34732 -2.3827264 2.4937794
v -2.34732 -2.3827264 2.9161024
v -0 -2.3827264 2.9161024
v 2.34732 -2.3827264 2.4937794
v 2.34732 -2.3827264 2.9161024
v -0 -2.3827264 2.4937794
v -2.34732 -2.3827264 2.9161024
v -2.34732 -2.3827264 2.4937794
v 2.34732 -2.3827264 2.9161024
v 2.34732 -2.3827264 2.4937794
v 2.34732 -0.11419839 2.4937794
v 2.34732 -0.11419839 2.9161024
v -2.631004 -0.015294762 0.0018133223
v -2.631004 3.8992023 0.0018133223
v -2.631004 3.8992023 1.6092447
v -2.631004 -0.015294762 1.6092447
v -1.6747116 3.8992023 0.0018133223
v -0.7184191 3.8992023 0.0018133223
v -0.7184191 3.8992023 1.6092447
v -1.6747116 3.8992023 2.151609
v -2.631004 3.8992023 0.0018133223
v -2.631004 3.8992023 1.6092447
v -0.7184191 3.8992023 0.0018133223
v -0.7184191 -0.015294762 0.0018133223
v -0.7184191 -0.015294762 1.6092447
v -0.7184191 3.8992023 1.6092447
v -1.6747116 -0.015294762 0.0018133223
v -2.631004 -0.015294762 0.0018133223
v -2.631004 -0.015294762 1.6092447
v -1.6747116 -0.015294762 2.151609
v -0.7184191 -0.015294762 0.0018133223
v -0.7184191 -0.015294762 1.6092447
v -1.6747116 3.8992023 0.0018133223
v -0.7184191 -0.015294762 0.0018133223
v -0.7184191 3.8992023 0.0018133223
v -1.6747116 -0.015294762 0.0018133223
v -2.631004 3.8992023 0.0018133223
v -2.631004 -0.015294762 0.0018133223
v -2.720024 3.8992023 1.7146531
v -2.821273 4.029679 1.6291459
v -1.6747116 4.085178 2.2895782
v -1.6747116 3.8992023 2.2895782
v -1.6747116 3.8992023 2.2895782
v -1.6747116 -0.015294762 2.2895782
v -2.720024 -0.015294762 1.7146531
v -2.720024 3.8992023 1.7146531
v -0.6293991 3.8992023 1.7146531
v -0.6293991 -0.015294762 1.7146531
v -1.6747116 -0.015294762 2.2895782
v -1.6747116 3.8992023 2.2895782
v -0.6293991 -0.015294762 1.7146531
v -0.48731375 -0.015294762 1.5946586
v -0.5763337 -0.015294762 1.4892502
v -0.7184191 -0.015294762 1.6092447
v -1.6747116 -0.015294762 2.151609
v -1.6747116 -0.015294762 2.2895782
v -2.631004 -0.015294762 1.6092447
v -2.720024 -0.015294762 1.7146531
v -2.8621094 -0.015294762 1.5946586
v -2.7730894 -0.015294762 1.4892502
v -2.720024 -0.015294762 1.7146531
v -2.8621094 -0.015294762 1.5946586
v -2.821273 4.029679 1.6291459
v -2.720024 3.8992023 1.7146531
v -1.6747116 3.8992023 2.151609
v -1.6747116 4.085178 2.151609
v -2.7314737 4.030707 1.5243957
v -2.631004 3.8992023 1.6092447
v -0.5763337 -0.015294762 1.4892502
v -0.48731375 -0.015294762 1.5946586
v -0.5281501 4.029679 1.6291459
v -0.61794955 4.030707 1.5243958
v -1.6747116 4.085178 2.151609
v -1.6747116 4.085178 2.2895782
v -2.821273 4.029679 1.6291459
v -2.7314737 4.030707 1.5243957
v -2.7314737 4.030707 1.5243957
v -2.821273 4.029679 1.6291459
v -2.8621094 -0.015294762 1.5946586
v -2.7730894 -0.015294762 1.4892502
v -0.61794955 4.030707 1.5243958
v -0.5281501 4.029679 1.6291459
v -1.6747116 4.085178 2.2895782
v -1.6747116 4.085178 2.151609
v -1.6747116 3.8992023 2.2895782
v -1.6747116 4.085178 2.2895782
v -0.5281501 4.029679 1.6291459
v -0.6293991 3.8992023 1.7146531
v -0.7184191 -0.015294762 1.6092447
v -0.5763337 -0.015294762 1.4892502
v -0.61794955 4.030707 1.5243958
v -0.7184191 3.8992023 1.6092447
v -0.7184191 3.8992023 1.6092447
v -0.61794955 4.030707 1.5243958
v -1.6747116 4.085178 2.151609
v -1.6747116 3.8992023 2.151609
v -0.6293991 3.8992023 1.7146531
v -0.5281501 4.029679 1.6291459
v -0.48731375 -0.015294762 1.5946586
v -0.6293991 -0.015294762 1.7146531
v -2.631004 3.8992023 1.6092447
v -2.7314737 4.030707 1.5243957
v -2.7730894 -0.015294762 1.4892502
v -2.631004 -0.015294762 1.6092447
v 1.5786034 0.11840665 0.0007418394
v 1.5786034 0.82024837 0.0007418394
v 1.5786034 0.82024837 0.20841217
v 1.5786034 0.11840665 0.20841217
v 1.5786034 0.82024837 0.0007418394
v 1.7556452 0.82024837 0.0007418394
v 1.7556452 0.82024837 0.20841217
v 1.5786034 0.82024837 0.20841217
v 1.7556452 0.82024837 0.0007418394
v 1.7556452 0.11840665 0.0007418394
v 1.7556452 0.11840665 0.20841217
v 1.7556452 0.82024837 0.20841217
v 1.7556452 0.11840665 0.0007418394
v 1.5786034 0.11840665 0.0007418394
v 1.5786034 0.11840665 0.20841217
v 1.7556452 0.11840665 0.20841217
v 1.5786034 0.82024837 0.0007418394
v 1.5786034 0.11840665 0.0007418394
v 1.7556452 0.11840665 0.0007418394
v 1.7556452 0.82024837 0.0007418394
v 1.7556452 0.82024837 0.20841217
v 1.7556452 0.11840665 0.20841217
v 1.5786034 0.11840665 0.20841217
v 1.5786034 0.82024837 0.20841217
v 1.3323021 0.118406646 0.21862379
v 1.3323021 0.82024837 0.21862379
v 1.3323021 0.82024837 0.42629412
v 1.3323021 0.118406646 0.42629412
v 1.3323021 0.82024837 0.21862379
v 1.5093439 0.82024837 0.21862379
v 1.5093439 0.82024837 0.42629412
v 1.3323021 0.82024837 0.42629412
v 1.5093439 0.82024837 0.21862379
v 1.5093439 0.118406646 0.21862379
v 1.5093439 0.118406646 0.42629412
v 1.5093439 0.82024837 0.42629412
v 1.5093439 0.118406646 0.21862379
v 1.3323021 0.118406646 0.21862379
v 1.3323021 0.118406646 0.42629412
v 1.5093439 0.118406646 0.42629412
v 1.3323021 0.82024837 0.21862379
v 1.3323021 0.118406646 0.21862379
v 1.5093439 0.118406646 0.21862379
v 1.5093439 0.82024837 0.21862379
v 1.5093439 0.82024837 0.42629412
v 1.5093439 0.118406646 0.42629412
v 1.3323021 0.118406646 0.42629412
v 1.3323021 0.82024837 0.42629412
v 1.0954739 0.11840664 0.4270326
v 1.0954739 0.82024837 0.4270326
v 1.0954739 0.82024837 0.6347029
v 1.0954739 0.11840664 0.6347029
v 1.0954739 0.82024837 0.4270326
v 1.2725157 0.82024837 0.4270326
v 1.2725157 0.82024837 0.6347029
v 1.0954739 0.82024837 0.6347029
v 1.2725157 0.82024837 0.4270326
v 1.2725157 0.11840664 0.4270326
v 1.2725157 0.11840664 0.6347029
v 1.2725157 0.82024837 0.6347029
v 1.2725157 0.11840664 0.4270326
v 1.0954739 0.11840664 0.4270326
v 1.0954739 0.11840664 0.6347029
v 1.2725157 0.11840664 0.6347029
v 1.0954739 0.82024837 0.4270326
v 1.0954739 0.11840664 0.4270326
v 1.2725157 0.11840664 0.4270326
v 1.2725157 0.82024837 0.4270326
v 1.2725157 0.82024837 0.6347029
v 1.2725157 0.11840664 0.6347029
v 1.0954739 0.11840664 0.6347029
v 1.0954739 0.82024837 0.6347029
v 0.8586457 0.11840663 0.65438765
v 0.8586457 0.82024837 0.65438765
v 0.8586457 0.82024837 0.862058
v 0.8586457 0.11840663 0.862058
v 0.8586457 0.82024837 0.65438765
v 1.0356874 0.82024837 0.65438765
v 1.0356874 0.82024837 0.862058
v 0.8586457 0.82024837 0.862058
v 1.0356874 0.82024837 0.65438765
v 1.0356874 0.11840663 0.65438765
v 1.0356874 0.11840663 0.862058
v 1.0356874 0.82024837 0.862058
v 1.0356874 0.11840663 0.65438765
v 0.8586457 0.11840663 0.65438765
v 0.8586457 0.11840663 0.862058
v 1.0356874 0.11840663 0.862058
v 0.8586457 0.82024837 0.65438765
v 0.8586457 0.11840663 0.65438765
v 1.0356874 0.11840663 0.65438765
v 1.0356874 0.82024837 0.65438765
v 1.0356874 0.82024837 0.862058
v 1.0356874 0.11840663 0.862058
v 0.8586457 0.11840663 0.862058
v 0.8586457 0.82024837 0.862058
v 0.62181747 0.11840662 0.89121586
v 0.62181747 0.82024837 0.89121586
v 0.62181747 0.82024837 1.0988861
v 0.62181747 0.11840662 1.0988861
v 0.62181747 0.82024837 0.89121586
v 0.79885924 0.82024837 0.89121586
v 0.79885924 0.82024837 1.0988861
v 0.62181747 0.82024837 1.0988861
v 0.79885924 0.82024837 0.89121586
v 0.79885924 0.11840662 0.89121586
v 0.79885924 0.11840662 1.0988861
v 0.79885924 0.82024837 1.0988861
v 0.79885924 0.11840662 0.89121586
v 0.62181747 0.11840662 0.89121586
v 0.62181747 0.11840662 1.0988861
v 0.79885924 0.11840662 1.0988861
v 0.62181747 0.82024837 0.89121586
v 0.62181747 0.11840662 0.89121586
v 0.79885924 0.11840662 0.89121586
v 0.79885924 0.82024837 0.89121586
v 0.79885924 0.82024837 1.0988861
v 0.79885924 0.11840662 1.0988861
v 0.62181747 0.11840662 1.0988861
v 0.62181747 0.82024837 1.0988861
v 0.39446238 0.118406616 1.1185709
v 0.39446238 0.82024837 1.1185709
v 0.39446238 0.82024837 1.3262413
v 0.39446238 0.118406616 1.3262413
v 0.39446238 0.82024837 1.1185709
v 0.5715041 0.82024837 1.1185709
v 0.5715041 0.82024837 1.3262413
v 0.39446238 0.82024837 1.3262413
v 0.5715041 0.82024837 1.1185709
v 0.5715041 0.118406616 1.1185709
v 0.5715041 0.118406616 1.3262413
v 0.5715041 0.82024837 1.3262413
v 0.5715041 0.118406616 1.1185709
v 0.39446238 0.118406616 1.1185709
v 0.39446238 0.118406616 1.3262413
v 0.5715041 0.118406616 1.3262413
v 0.39446238 0.82024837 1.1185709
v 0.39446238 0.118406616 1.1185709
v 0.5715041 0.118406616 1.1185709
v 0.5715041 0.82024837 1.1185709
v 0.5715041 0.82024837 1.3262413
v 0.5715041 0.118406616 1.3262413
v 0.39446238 0.118406616 1.3262413
v 0.39446238 0.82024837 1.3262413
v 0.16710731 0.11840661 1.3648722
v 0.16710731 0.82024837 1.3648722
v 0.16710731 0.82024837 1.5725425
v 0.16710731 0.11840661 1.5725425
v 0.16710731 0.82024837 1.3648722
v 0.34414908 0.82024837 1.3648722
v 0.34414908 0.82024837 1.5725425
v 0.16710731 0.82024837 1.5725425
v 0.34414908 0.82024837 1.3648722
v 0.34414908 0.11840661 1.3648722
v 0.34414908 0.11840661 1.5725425
v 0.34414908 0.82024837 1.5725425
v 0.34414908 0.11840661 1.3648722
v 0.16710731 0.11840661 1.3648722
v 0.16710731 0.11840661 1.5725425
v 0.34414908 0.11840661 1.5725425
v 0.16710731 0.82024837 1.3648722
v 0.16710731 0.11840661 1.3648722
v 0.34414908 0.11840661 1.3648722
v 0.34414908 0.82024837 1.3648722
v 0.34414908 0.82024837 1.5725425
v 0.34414908 0.11840661 1.5725425
v 0.16710731 0.11840661 1.5725425
v 0.16710731 0.82024837 1.5725425
v -0.04130149 0.1184066 1.6017004
v -0.04130149 0.82024837 1.6017004
v -0.04130149 0.82024837 1.8093708
v -0.04130149 0.1184066 1.8093708
v -0.04130149 0.82024837 1.6017004
v 0.13574028 0.82024837 1.6017004
v 0.13574028 0.82024837 1.8093708
v -0.04130149 0.82024837 1.8093708
v 0.13574028 0.82024837 1.6017004
v 0.13574028 0.1184066 1.6017004
v 0.13574028 0.1184066 1.8093708
v 0.13574028 0.82024837 1.8093708
v 0.13574028 0.1184066 1.6017004
v -0.04130149 0.1184066 1.6017004
v -0.04130149 0.1184066 1.8093708
v 0.13574028 0.1184066 1.8093708
v -0.04130149 0.82024837 1.6017004
v -0.04130149 0.1184066 1.6017004
v 0.13574028 0.1184066 1.6017004
v 0.13574028 0.82024837 1.6017004
v 0.13574028 0.82024837 1.8093708
v 0.13574028 0.1184066 1.8093708
v -0.04130149 0.1184066 1.8093708
v -0.04130149 0.82024837 1.8093708
v -0.2781297 0.118406594 1.8574748
v -0.2781297 0.82024837 1.8574748
v -0.2781297 0.82024837 2.0651453
v -0.2781297 0.118406594 2.0651453
v -0.2781297 0.82024837 1.8574748
v -0.1010879 0.82024837 1.8574748
v -0.1010879 0.82024837 2.0651453
v -0.2781297 0.82024837 2.0651453
v -0.1010879 0.82024837 1.8574748
v -0.1010879 0.118406594 1.8574748
v -0.1010879 0.118406594 2.0651453
v -0.1010879 0.82024837 2.0651453
v -0.1010879 0.118406594 1.8574748
v -0.2781297 0.118406594 1.8574748
v -0.2781297 0.118406594 2.0651453
v -0.1010879 0.118406594 2.0651453
v -0.2781297 0.82024837 1.8574748
v -0.2781297 0.118406594 1.8574748
v -0.1010879 0.118406594 1.8574748
v -0.1010879 0.82024837 1.8574748
v -0.1010879 0.82024837 2.0651453
v -0.1010879 0.118406594 2.0651453
v -0.2781297 0.118406594 2.0651453
v -0.2781297 0.82024837 2.0651453
v -0.50548476 0.11840659 2.0753567
v -0.50548476 0.82024837 2.0753567
v -0.50548476 0.82024837 2.2830272
v -0.50548476 0.11840659 2.2830272
v -0.50548476 0.82024837 2.0753567
v -0.328443 0.82024837 2.0753567
v -0.328443 0.82024837 2.2830272
v -0.50548476 0.82024837 2.2830272
v -0.328443 0.82024837 2.0753567
v -0.328443 0.11840659 2.0753567
v -0.328443 0.11840659 2.2830272
v -0.328443 0.82024837 2.2830272
v -0.328443 0.11840659 2.0753567
v -0.50548476 0.11840659 2.0753567
v -0.50548476 0.11840659 2.2830272
v -0.328443 0.11840659 2.2830272
v -0.50548476 0.82024837 2.0753567
v -0.50548476 0.11840659 2.0753567
v -0.328443 0.11840659 2.0753567
v -0.328443 0.82024837 2.0753567
v -0.328443 0.82024837 2.2830272
v -0.328443 0.11840659 2.2830272
v -0.50548476 0.11840659 2.2830272
v -0.50548476 0.82024837 2.2830272
v -0.70442045 0.11840658 2.3027117
v -0.70442045 0.82024837 2.3027117
v -0.70442045 0.82024837 2.5103822
v -0.70442045 0.11840658 2.5103822
v -0.70442045 0.82024837 2.3027117
v -0.5273787 0.82024837 2.3027117
v -0.5273787 0.82024837 2.5103822
v -0.70442045 0.82024837 2.5103822
v -0.5273787 0.82024837 2.3027117
v -0.5273787 0.11840658 2.3027117
v -0.5273787 0.11840658 2.5103822
v -0.5273787 0.82024837 2.5103822
v -0.5273787 0.11840658 2.3027117
v -0.70442045 0.11840658 2.3027117
v -0.70442045 0.11840658 2.5103822
v -0.5273787 0.11840658 2.5103822
v -0.70442045 0.82024837 2.3027117
v -0.70442045 0.11840658 2.3027117
v -0.5273787 0.11840658 2.3027117
v -0.5273787 0.82024837 2.3027117
v -0.5273787 0.82024837 2.5103822
v -0.5273787 0.11840658 2.5103822
v -0.70442045 0.11840658 2.5103822
v -0.70442045 0.82024837 2.5103822
v -1.2336844 0.11840657 2.5205936
v -1.2336844 0.82024837 2.5205936
v -1.2336844 0.82024837 2.728264
v -1.2336844 0.11840657 2.728264
v -1.2336844 0.82024837 2.5205936
v -0.7547338 0.82024837 2.5205936
v -0.7547338 0.82024837 2.728264
v -1.2336844 0.82024837 2.728264
v -0.7547338 0.82024837 2.5205936
v -0.7547338 0.11840657 2.5205936
v -0.7547338 0.11840657 2.728264
v -0.7547338 0.82024837 2.728264
v -0.7547338 0.11840657 2.5205936
v -1.2336844 0.11840657 2.5205936
v -1.2336844 0.11840657 2.728264
v -0.7547338 0.11840657 2.728264
v -1.2336844 0.82024837 2.5205936
v -1.2336844 0.11840657 2.5205936
v -0.7547338 0.11840657 2.5205936
v -0.7547338 0.82024837 2.5205936
v -0.7547338 0.82024837 2.728264
v -0.7547338 0.11840657 2.728264
v -1.2336844 0.11840657 2.728264
v -1.2336844 0.82024837 2.728264
v 0.36131364 -1.1784614 4.735823
v 0.80633324 -0.68113875 4.735823
v 0.80633324 -0.68113875 5.4031854
v 0.36131364 -1.1784614 5.4031854
v 0.80633324 -0.68113875 4.735823
v 1.3036557 -1.1261584 4.735823
v 1.3036557 -1.1261584 5.4031854
v 0.80633324 -0.68113875 5.4031854
v 1.3036557 -1.1261584 4.735823
v 0.85863614 -1.6234809 4.735823
v 0.85863614 -1.6234809 5.4031854
v 1.3036557 -1.1261584 5.4031854
v 0.85863614 -1.6234809 4.735823
v 0.36131364 -1.1784614 4.735823
v 0.36131364 -1.1784614 5.4031854
v 0.85863614 -1.6234809 5.4031854
v 0.80633324 -0.68113875 4.735823
v 0.36131364 -1.1784614 4.735823
v 0.85863614 -1.6234809 4.735823
v 1.3036557 -1.1261584 4.735823
v 1.3036557 -1.1261584 5.4031854
v 0.85863614 -1.6234809 5.4031854
v 0.36131364 -1.1784614 5.4031854
v 0.80633324 -0.68113875 5.4031854
v 1.4066439 -1.1512322 4.838614
v 1.3894439 -0.56277996 4.838614
v 1.3894439 -0.56277996 5.427318
v 1.4066439 -1.1512322 5.427318
v 1.3894439 -0.56277996 4.838614
v 1.977896 -0.54558 4.838614
v 1.977896 -0.54558 5.427318
v 1.3894439 -0.56277996 5.427318
v 1.977896 -0.54558 4.838614
v 1.995096 -1.1340321 4.838614
v 1.995096 -1.1340321 5.427318
v 1.977896 -0.54558 5.427318
v 1.995096 -1.1340321 4.838614
v 1.4066439 -1.1512322 4.838614
v 1.4066439 -1.1512322 5.427318
v 1.995096 -1.1340321 5.427318
v 1.3894439 -0.56277996 4.838614
v 1.4066439 -1.1512322 4.838614
v 1.995096 -1.1340321 4.838614
v 1.977896 -0.54558 4.838614
v 1.977896 -0.54558 5.427318
v 1.995096 -1.1340321 5.427318
v 1.4066439 -1.1512322 5.427318
v 1.3894439 -0.56277996 5.427318
v 1.4074512 -2.100246 4.70199
v 1.3212221 -1.6062498 4.70199
v 1.3212221 -1.6062498 5.2034554
v 1.4074512 -2.100246 5.2034554
v 1.3212221 -1.6062498 4.70199
v 1.815218 -1.5200206 4.70199
v 1.815218 -1.5200206 5.2034554
v 1.3212221 -1.6062498 5.2034554
v 1.815218 -1.5200206 4.70199
v 1.901447 -2.0140166 4.70199
v 1.901447 -2.0140166 5.2034554
v 1.815218 -1.5200206 5.2034554
v 1.901447 -2.0140166 4.70199
v 1.4074512 -2.100246 4.70199
v 1.4074512 -2.100246 5.2034554
v 1.901447 -2.0140166 5.2034554
v 1.3212221 -1.6062498 4.70199
v 1.4074512 -2.100246 4.70199
v 1.901447 -2.0140166 4.70199
v 1.815218 -1.5200206 4.70199
v 1.815218 -1.5200206 5.2034554
v 1.901447 -2.0140166 5.2034554
v 1.4074512 -2.100246 5.2034554
v 1.3212221 -1.6062498 5.2034554
v -1.2915968 0.84124964 0.0007418394
v -1.2915968 0.98520434 0.0007418394
v -1.2915968 0.98520434 3.1553514
v -1.2915968 0.84124964 3.1553514
v -1.2915968 0.10131329 0.0007418394
v -1.2915968 0.10131329 3.1553514
v -1.193137 0.98520434 0.0007418394
v 1.7556452 0.98520434 0.0007418394
v 1.7556452 0.98520434 0.46139765
v -1.193137 0.98520434 3.1553514
v -1.2915968 0.98520434 0.0007418394
v -1.2915968 0.98520434 3.1553514
v 1.7556452 0.98520434 0.0007418394
v 1.7556452 0.84124964 0.0007418394
v 1.7556452 0.84124964 0.46139765
v 1.7556452 0.98520434 0.46139765
v -1.193137 0.84124964 3.1553514
v -1.193137 0.10131329 3.1553514
v -1.2915968 0.10131329 3.1553514
v -1.2915968 0.84124964 3.1553514
v -1.193137 0.98520434 3.1553514
v -1.2915968 0.98520434 3.1553514
v -1.193137 0.98520434 0.0007418394
v 1.7556452 0.84124964 0.0007418394
v 1.7556452 0.98520434 0.0007418394
v -1.193137 0.84124964 0.0007418394
v -1.2915968 0.98520434 0.0007418394
v -1.2915968 0.84124964 0.0007418394
v -1.193137 0.10131329 0.0007418394
v -1.2915968 0.10131329 0.0007418394
v 1.7556452 0.98520434 0.46139765
v 1.7556452 0.84124964 0.46139765
v -1.193137 0.84124964 3.1553514
v -1.193137 0.98520434 3.1553514
v 1.7556452 0.84124964 0.0007418394
v -1.193137 0.84124964 0.0007418394
v -1.193137 0.84124964 3.1553514
v 1.7556452 0.84124964 0.46139765
v -1.193137 0.10131329 0.0007418394
v -1.2915968 0.10131329 0.0007418394
v -1.2915968 0.10131329 3.1553514
v -1.193137 0.10131329 3.1553514
v -1.193137 0.84124964 0.0007418394
v -1.193137 0.10131329 0.0007418394
v -1.193137 0.10131329 3.1553514
v -1.193137 0.84124964 3.1553514
v -2.3871975 0.0044373907 1.774264
v -2.3871975 4.0283403 1.774264
v -2.3871975 4.0283403 1.940882
v -2.3871975 0.0044373907 1.940882
v -2.3871975 4.0283403 1.774264
v -2.1499863 4.0283403 1.774264
v -2.1499863 4.0283403 1.940882
v -2.3871975 4.0283403 1.940882
v -2.1499863 4.0283403 1.774264
v -2.1499863 0.0044373907 1.774264
v -2.1499863 0.0044373907 1.940882
v -2.1499863 4.0283403 1.940882
v -2.1499863 0.0044373907 1.774264
v -2.3871975 0.0044373907 1.774264
v -2.3871975 0.0044373907 1.940882
v -2.1499863 0.0044373907 1.940882
v -2.3871975 4.0283403 1.774264
v -2.3871975 0.0044373907 1.774264
v -2.1499863 0.0044373907 1.774264
v -2.1499863 4.0283403 1.774264
v -2.1499863 4.0283403 1.940882
v -2.1499863 0.0044373907 1.940882
v -2.3871975 0.0044373907 1.940882
v -2.3871975 4.0283403 1.940882
v -1.1867619 0.0044373907 1.774264
v -1.1867619 4.0283403 1.774264
v -1.1867619 4.0283403 1.940882
v -1.1867619 0.0044373907 1.940882
v -1.1867619 4.0283403 1.774264
v -0.9495506 4.0283403 1.774264
v -0.9495506 4.0283403 1.940882
v -1.1867619 4.0283403 1.940882
v -0.9495506 4.0283403 1.774264
v -0.9495506 0.0044373907 1.774264
v -0.9495506 0.0044373907 1.940882
v -0.9495506 4.0283403 1.940882
v -0.9495506 0.0044373907 1.774264
v -1.1867619 0.0044373907 1.774264
v -1.1867619 0.0044373907 1.940882
v -0.9495506 0.0044373907 1.940882
v -1.1867619 4.0283403 1.774264
v -1.1867619 0.0044373907 1.774264
v -0.9495506 0.0044373907 1.774264
v -0.9495506 4.0283403 1.774264
v -0.9495506 4.0283403 1.940882
v -0.9495506 0.0044373907 1.940882
v -1.1867619 0.0044373907 1.940882
v -1.1867619 4.0283403 1.940882
v -1.5846334 0.004437383 2.0110922
v -1.5846334 4.0283403 2.0110922
v -1.5846334 4.0283403 2.1777103
v -1.5846334 0.004437383 2.1777103
v -1.5846334 4.0283403 2.0110922
v -1.3474221 4.0283403 2.0110922
v -1.3474221 4.0283403 2.1777103
v -1.5846334 4.0283403 2.1777103
v -1.3474221 4.0283403 2.0110922
v -1.3474221 0.004437383 2.0110922
v -1.3474221 0.004437383 2.1777103
v -1.3474221 4.0283403 2.1777103
v -1.3474221 0.004437383 2.0110922
v -1.5846334 0.004437383 2.0110922
v -1.5846334 0.004437383 2.1777103
v -1.3474221 0.004437383 2.1777103
v -1.5846334 4.0283403 2.0110922
v -1.5846334 0.004437383 2.0110922
v -1.3474221 0.004437383 2.0110922
v -1.3474221 4.0283403 2.0110922
v -1.3474221 4.0283403 2.1777103
v -1.3474221 0.004437383 2.1777103
v -1.5846334 0.004437383 2.1777103
v -1.5846334 4.0283403 2.1777103
v -0.84572923 0.0044373972 1.5848014
v -0.84572923 4.0283403 1.5848014
v -0.84572923 4.0283403 1.7514195
v -0.84572923 0.0044373972 1.7514195
v -0.84572923 4.0283403 1.5848014
v -0.608518 4.0283403 1.5848014
v -0.608518 4.0283403 1.7514195
v -0.84572923 4.0283403 1.7514195
v -0.608518 4.0283403 1.5848014
v -0.608518 0.0044373972 1.5848014
v -0.608518 0.0044373972 1.7514195
v -0.608518 4.0283403 1.7514195
v -0.608518 0.0044373972 1.5848014
v -0.84572923 0.0044373972 1.5848014
v -0.84572923 0.0044373972 1.7514195
v -0.608518 0.0044373972 1.7514195
v -0.84572923 4.0283403 1.5848014
v -0.84572923 0.0044373972 1.5848014
v -0.608518 0.0044373972 1.5848014
v -0.608518 4.0283403 1.5848014
v -0.608518 4.0283403 1.7514195
v -0.608518 0.0044373972 1.7514195
v -0.84572923 0.0044373972 1.7514195
v -0.84572923 4.0283403 1.7514195
v -2.0203972 0.004437383 2.0110922
v -2.0203972 4.0283403 2.0110922
v -2.0203972 4.0283403 2.1777103
v -2.0203972 0.004437383 2.1777103
v -2.0203972 4.0283403 2.0110922
v -1.7831861 4.0283403 2.0110922
v -1.7831861 4.0283403 2.1777103
v -2.0203972 4.0283403 2.1777103
v -1.7831861 4.0283403 2.0110922
v -1.7831861 0.004437383 2.0110922
v -1.7831861 0.004437383 2.1777103
v -1.7831861 4.0283403 2.1777103
v -1.7831861 0.004437383 2.0110922
v -2.0203972 0.004437383 2.0110922
v -2.0203972 0.004437383 2.1777103
v -1.7831861 0.004437383 2.1777103
v -2.0203972 4.0283403 2.0110922
v -2.0203972 0.004437383 2.0110922
v -1.7831861 0.004437383 2.0110922
v -1.7831861 4.0283403 2.0110922
v -1.7831861 4.0283403 2.1777103
v -1.7831861 0.004437383 2.1777103
v -2.0203972 0.004437383 2.1777103
v -2.0203972 4.0283403 2.1777103
v -2.7024624 0.004437397 1.6037476
v -2.7024624 4.0283403 1.6037476
v -2.7024624 4.0283403 1.7703657
v -2.7024624 0.004437397 1.7703657
v -2.7024624 4.0283403 1.6037476
v -2.4652514 4.0283403 1.6037476
v -2.4652514 4.0283403 1.7703657
v -2.7024624 4.0283403 1.7703657
v -2.4652514 4.0283403 1.6037476
v -2.4652514 0.004437397 1.6037476
v -2.4652514 0.004437397 1.7703657
v -2.4652514 4.0283403 1.7703657
v -2.4652514 0.004437397 1.6037476
v -2.7024624 0.004437397 1.6037476
v -2.7024624 0.004437397 1.7703657
v -2.4652514 0.004437397 1.7703657
v -2.7024624 4.0283403 1.6037476
v -2.7024624 0.004437397 1.6037476
v -2.4652514 0.004437397 1.6037476
v -2.4652514 4.0283403 1.6037476
v -2.4652514 4.0283403 1.7703657
v -2.4652514 0.004437397 1.7703657
v -2.7024624 0.004437397 1.7703657
v -2.7024624 4.0283403 1.7703657
v 0.6080251 2.0579891 0.6856529
v 0.73046625 1.8919971 0.7196718
v 0.8023604 1.958281 0.78433466
v 0.6799191 2.1242728 0.7503158
v 0.73046625 1.8919971 0.7196718
v 0.8011894 1.7207794 0.8165494
v 0.8730835 1.7870634 0.88121235
v 0.8023604 1.958281 0.78433466
v 0.8011894 1.7207794 0.8165494
v 0.80942714 1.5704021 0.961537
v 0.8813213 1.6366861 1.0261998
v 0.8730835 1.7870634 0.88121235
v 0.80942714 1.5704021 0.961537
v 0.75392544 1.4637594 1.1325613
v 0.8258196 1.5300431 1.1972243
v 0.8813213 1.6366861 1.0261998
v 0.75392544 1.4637594 1.1325613
v 0.643134 1.4170859 1.3035858
v 0.71502817 1.4833698 1.3682487
v 0.8258196 1.5300431 1.1972243
v 0.643134 1.4170859 1.3035858
v 0.49391964 1.4374881 1.4485736
v 0.56581366 1.5037718 1.5132364
v 0.71502817 1.4833698 1.3682487
v 0.49391964 1.4374881 1.4485736
v 0.32899907 1.5218589 1.5454509
v 0.40089324 1.5881429 1.6101139
v 0.56581366 1.5037718 1.5132364
v 0.32899907 1.5218589 1.5454509
v 0.17348006 1.6573544 1.5794698
v 0.24537417 1.7236383 1.6441327
v 0.40089324 1.5881429 1.6101139
v 0.17348006 1.6573544 1.5794698
v 0.051038772 1.8233464 1.5454509
v 0.12293282 1.8896301 1.6101139
v 0.24537417 1.7236383 1.6441327
v 0.051038772 1.8233464 1.5454509
v -0.019684255 1.994564 1.4485736
v 0.052209765 2.0608478 1.5132364
v 0.12293282 1.8896301 1.6101139
v -0.019684255 1.994564 1.4485736
v -0.027922153 2.1449413 1.303586
v 0.043971866 2.2112248 1.3682489
v 0.052209765 2.0608478 1.5132364
v -0.027922153 2.1449413 1.303586
v 0.027579665 2.2515843 1.1325613
v 0.099473685 2.3178678 1.1972243
v 0.043971866 2.2112248 1.3682489
v 0.027579665 2.2515843 1.1325613
v 0.13837099 2.2982574 0.961537
v 0.21026519 2.3645413 1.0261998
v 0.099473685 2.3178678 1.1972243
v 0.13837099 2.2982574 0.961537
v 0.28758535 2.2778559 0.8165494
v 0.35947934 2.3441393 0.88121235
v 0.21026519 2.3645413 1.0261998
v 0.8258196 1.5300431 1.1972243
v 0.71502817 1.4833698 1.3682487
v 0.56581366 1.5037718 1.5132364
v 0.40089324 1.5881429 1.6101139
v 0.8813213 1.6366861 1.0261998
v 0.24537417 1.7236383 1.6441327
v 0.8730835 1.7870634 0.88121235
v 0.12293282 1.8896301 1.6101139
v 0.8023604 1.958281 0.78433466
v 0.052209765 2.0608478 1.5132364
v 0.6799191 2.1242728 0.7503158
v 0.043971866 2.2112248 1.3682489
v 0.5244001 2.2597685 0.78433466
v 0.099473685 2.3178678 1.1972243
v 0.35947934 2.3441393 0.88121235
v 0.21026519 2.3645413 1.0261998
v 0.28758535 2.2778559 0.8165494
v 0.45250592 2.1934843 0.7196718
v 0.5244001 2.2597685 0.78433466
v 0.35947934 2.3441393 0.88121235
v 0.45250592 2.1934843 0.7196718
v 0.6080251 2.0579891 0.6856529
v 0.6799191 2.1242728 0.7503158
v 0.5244001 2.2597685 0.78433466
v 0.49391964 1.4374881 1.4485736
v 0.643134 1.4170859 1.3035858
v 0.75392544 1.4637594 1.1325613
v 0.32899907 1.5218589 1.5454509
v 0.80942714 1.5704021 0.961537
v 0.17348006 1.6573544 1.5794698
v 0.8011894 1.7207794 0.8165494
v 0.051038772 1.8233464 1.5454509
v 0.73046625 1.8919971 0.7196718
v -0.019684255 1.994564 1.4485736
v 0.6080251 2.0579891 0.6856529
v -0.027922153 2.1449413 1.303586
v 0.45250592 2.1934843 0.7196718
v 0.027579665 2.2515843 1.1325613
v 0.28758535 2.2778559 0.8165494
v 0.13837099 2.2982574 0.961537
v 0.17147942 1.568957 0.02498484
v 0.21901776 1.4219993 0.06552526
v 0.486354 1.7395413 0.9031216
v 0.4388156 1.886499 0.86258113
v 0.026033416 1.537956 0.083159745
v 0.07357173 1.3909984 0.12370017
v 0.21901776 1.4219993 0.06552526
v 0.17147942 1.568957 0.02498484
v 0.07357173 1.3909984 0.12370017
v 0.026033416 1.537956 0.083159745
v 0.2933696 1.8554981 0.92075604
v 0.34090796 1.7085404 0.96129644
v 0.026033416 1.537956 0.083159745
v 0.17147942 1.568957 0.02498484
v 0.4388156 1.886499 0.86258113
v 0.2933696 1.8554981 0.92075604
v 0.4388156 1.886499 0.86258113
v 0.486354 1.7395413 0.9031216
v 0.34090796 1.7085404 0.96129644
v 0.2933696 1.8554981 0.92075604
v 0.21901776 1.4219993 0.06552526
v 0.07357173 1.3909984 0.12370017
v 0.34090796 1.7085404 0.96129644
v 0.486354 1.7395413 0.9031216
v 0.93271935 1.7158067 0.0573017
v 0.9809185 1.5726444 0.10908404
v 0.5335486 1.7144519 0.91755164
v 0.48534942 1.857614 0.86576927
v 0.8010509 1.6493404 -0.0038993657
v 0.8492502 1.5061781 0.047882944
v 0.9809185 1.5726444 0.10908404
v 0.93271935 1.7158067 0.0573017
v 0.8492502 1.5061781 0.047882944
v 0.8010509 1.6493404 -0.0038993657
v 0.35368094 1.7911477 0.8045682
v 0.40188012 1.6479856 0.85635054
v 0.8010509 1.6493404 -0.0038993657
v 0.93271935 1.7158067 0.0573017
v 0.48534942 1.857614 0.86576927
v 0.35368094 1.7911477 0.8045682
v 0.48534942 1.857614 0.86576927
v 0.5335486 1.7144519 0.91755164
v 0.40188012 1.6479856 0.85635054
v 0.35368094 1.7911477 0.8045682
v 0.9809185 1.5726444 0.10908404
v 0.8492502 1.5061781 0.047882944
v 0.40188012 1.6479856 0.85635054
v 0.5335486 1.7144519 0.91755164
v 0.33968508 2.4511585 0.090562135
v 0.38055688 2.309073 0.030220423
v 0.47820905 1.9695979 0.89572024
v 0.43733722 2.1116834 0.95606196
v 0.18622129 2.4070137 0.090562135
v 0.22709306 2.264928 0.030220423
v 0.38055688 2.309073 0.030220423
v 0.33968508 2.4511585 0.090562135
v 0.22709306 2.264928 0.030220423
v 0.18622129 2.4070137 0.090562135
v 0.28387338 2.0675387 0.95606196
v 0.32474524 1.9254531 0.89572024
v 0.18622129 2.4070137 0.090562135
v 0.33968508 2.4511585 0.090562135
v 0.43733722 2.1116834 0.95606196
v 0.28387338 2.0675387 0.95606196
v 0.43733722 2.1116834 0.95606196
v 0.47820905 1.9695979 0.89572024
v 0.32474524 1.9254531 0.89572024
v 0.28387338 2.0675387 0.95606196
v 0.38055688 2.309073 0.030220423
v 0.22709306 2.264928 0.030220423
v 0.32474524 1.9254531 0.89572024
v 0.47820905 1.9695979 0.89572024
v -3.215508 0.113212824 0.0018132925
v -3.215508 3.240914 0.0018132925
v -3.215508 3.240914 3.3669353
v -3.215508 0.113212824 3.3669353
v -2.2592154 3.240914 0.0018132925
v -1.302923 3.240914 0.0018132925
v -1.302923 3.240914 3.3669353
v -2.2592154 3.240914 3.9092996
v -3.215508 3.240914 0.0018132925
v -3.215508 3.240914 3.3669353
v -1.302923 3.240914 0.0018132925
v -1.302923 0.113212824 0.0018132925
v -1.302923 0.113212824 3.3669353
v -1.302923 3.240914 3.3669353
v -2.2592154 0.113212824 0.0018132925
v -3.215508 0.113212824 0.0018132925
v -3.215508 0.113212824 3.3669353
v -2.2592154 0.113212824 3.9092996
v -1.302923 0.113212824 0.0018132925
v -1.302923 0.113212824 3.3669353
v -1.213903 0.113212824 3.4723437
v -2.2592154 0.113212824 4.047269
v -3.304528 0.113212824 3.4723437
v -3.4466133 0.113212824 3.352349
v -3.3575933 0.113212824 3.2469409
v -1.0718176 0.113212824 3.352349
v -1.1608377 0.113212824 3.2469409
v -1.302923 0.113212824 3.3669353
v -2.2592154 3.240914 0.0018132925
v -1.302923 0.113212824 0.0018132925
v -1.302923 3.240914 0.0018132925
v -2.2592154 0.113212824 0.0018132925
v -3.215508 3.240914 0.0018132925
v -3.215508 0.113212824 0.0018132925
v -3.304528 3.240914 3.4723437
v -3.405777 3.304467 3.3868363
v -2.2592154 3.3314998 4.047269
v -2.2592154 3.240914 4.047269
v -2.2592154 3.240914 4.047269
v -2.2592154 0.113212824 4.047269
v -3.304528 0.113212824 3.4723437
v -3.304528 3.240914 3.4723437
v -1.213903 3.240914 3.4723437
v -1.213903 0.113212824 3.4723437
v -2.2592154 0.113212824 4.047269
v -2.2592154 3.240914 4.047269
v -3.304528 0.113212824 3.4723437
v -3.4466133 0.113212824 3.352349
v -3.405777 3.304467 3.3868363
v -3.304528 3.240914 3.4723437
v -2.2592154 3.240914 3.9092996
v -2.2592154 3.3314998 3.9092996
v -3.3159776 3.3049676 3.2820861
v -3.215508 3.240914 3.3669353
v -1.1608377 0.113212824 3.2469409
v -1.0718176 0.113212824 3.352349
v -1.112654 3.304467 3.3868363
v -1.2024534 3.3049676 3.2820864
v -2.2592154 3.3314998 3.9092996
v -3.405777 3.304467 3.3868363
v -3.3159776 3.3049676 3.2820861
v -2.2592154 3.3314998 4.047269
v -1.2024534 3.3049676 3.2820864
v -1.112654 3.304467 3.3868363
v -3.3159776 3.3049676 3.2820861
v -3.405777 3.304467 3.3868363
v -3.4466133 0.113212824 3.352349
v -3.3575933 0.113212824 3.2469409
v -2.2592154 3.240914 4.047269
v -2.2592154 3.3314998 4.047269
v -1.112654 3.304467 3.3868363
v -1.213903 3.240914 3.4723437
v -1.302923 0.113212824 3.3669353
v -1.1608377 0.113212824 3.2469409
v -1.2024534 3.3049676 3.2820864
v -1.302923 3.240914 3.3669353
v -1.302923 3.240914 3.3669353
v -1.2024534 3.3049676 3.2820864
v -2.2592154 3.3314998 3.9092996
v -2.2592154 3.240914 3.9092996
v -1.213903 3.240914 3.4723437
v -1.112654 3.304467 3.3868363
v -1.0718176 0.113212824 3.352349
v -1.213903 0.113212824 3.4723437
v -3.215508 3.240914 3.3669353
v -3.3159776 3.3049676 3.2820861
v -3.3575933 0.113212824 3.2469409
v -3.215508 0.113212824 3.3669353
v -2.9717014 0.12282395 3.5319545
v -2.9717014 3.3038151 3.5319545
v -2.9717014 3.3038151 3.6985724
v -2.9717014 0.12282395 3.6985724
v -2.9717014 3.3038151 3.5319545
v -2.7344902 3.3038151 3.5319545
v -2.7344902 3.3038151 3.6985724
v -2.9717014 3.3038151 3.6985724
v -2.7344902 3.3038151 3.5319545
v -2.7344902 0.12282395 3.5319545
v -2.7344902 0.12282395 3.6985724
v -2.7344902 3.3038151 3.6985724
v -2.7344902 0.12282395 3.5319545
v -2.9717014 0.12282395 3.5319545
v -2.9717014 0.12282395 3.6985724
v -2.7344902 0.12282395 3.6985724
v -2.9717014 3.3038151 3.5319545
v -2.9717014 0.12282395 3.5319545
v -2.7344902 0.12282395 3.5319545
v -2.7344902 3.3038151 3.5319545
v -2.7344902 3.3038151 3.6985724
v -2.7344902 0.12282395 3.6985724
v -2.9717014 0.12282395 3.6985724
v -2.9717014 3.3038151 3.6985724
v -1.7712659 0.12282395 3.5319545
v -1.7712659 3.3038151 3.5319545
v -1.7712659 3.3038151 3.6985724
v -1.7712659 0.12282395 3.6985724
v -1.7712659 3.3038151 3.5319545
v -1.5340546 3.3038151 3.5319545
v -1.5340546 3.3038151 3.6985724
v -1.7712659 3.3038151 3.6985724
v -1.5340546 3.3038151 3.5319545
v -1.5340546 0.12282395 3.5319545
v -1.5340546 0.12282395 3.6985724
v -1.5340546 3.3038151 3.6985724
v -1.5340546 0.12282395 3.5319545
v -1.7712659 0.12282395 3.5319545
v -1.7712659 0.12282395 3.6985724
v -1.5340546 0.12282395 3.6985724
v -1.7712659 3.3038151 3.5319545
v -1.7712659 0.12282395 3.5319545
v -1.5340546 0.12282395 3.5319545
v -1.5340546 3.3038151 3.5319545
v -1.5340546 3.3038151 3.6985724
v -1.5340546 0.12282395 3.6985724
v -1.7712659 0.12282395 3.6985724
v -1.7712659 3.3038151 3.6985724
v -2.1691372 0.12282395 3.7687829
v -2.1691372 3.3038151 3.7687829
v -2.1691372 3.3038151 3.9354007
v -2.1691372 0.12282395 3.9354007
v -2.1691372 3.3038151 3.7687829
v -1.9319261 3.3038151 3.7687829
v -1.9319261 3.3038151 3.9354007
v -2.1691372 3.3038151 3.9354007
v -1.9319261 3.3038151 3.7687829
v -1.9319261 0.12282395 3.7687829
v -1.9319261 0.12282395 3.9354007
v -1.9319261 3.3038151 3.9354007
v -1.9319261 0.12282395 3.7687829
v -2.1691372 0.12282395 3.7687829
v -2.1691372 0.12282395 3.9354007
v -1.9319261 0.12282395 3.9354007
v -2.1691372 3.3038151 3.7687829
v -2.1691372 0.12282395 3.7687829
v -1.9319261 0.12282395 3.7687829
v -1.9319261 3.3038151 3.7687829
v -1.9319261 3.3038151 3.9354007
v -1.9319261 0.12282395 3.9354007
v -2.1691372 0.12282395 3.9354007
v -2.1691372 3.3038151 3.9354007
v -1.4302331 0.12282395 3.3424919
v -1.4302331 3.3038151 3.3424919
v -1.4302331 3.3038151 3.5091102
v -1.4302331 0.12282395 3.5091102
v -1.4302331 3.3038151 3.3424919
v -1.1930219 3.3038151 3.3424919
v -1.1930219 3.3038151 3.5091102
v -1.4302331 3.3038151 3.5091102
v -1.1930219 3.3038151 3.3424919
v -1.1930219 0.12282395 3.3424919
v -1.1930219 0.12282395 3.5091102
v -1.1930219 3.3038151 3.5091102
v -1.1930219 0.12282395 3.3424919
v -1.4302331 0.12282395 3.3424919
v -1.4302331 0.12282395 3.5091102
v -1.1930219 0.12282395 3.5091102
v -1.4302331 3.3038151 3.3424919
v -1.4302331 0.12282395 3.3424919
v -1.1930219 0.12282395 3.3424919
v -1.1930219 3.3038151 3.3424919
v -1.1930219 3.3038151 3.5091102
v -1.1930219 0.12282395 3.5091102
v -1.4302331 0.12282395 3.5091102
v -1.4302331 3.3038151 3.5091102
v -2.604901 0.12282395 3.7687829
v -2.604901 3.3038151 3.7687829
v -2.604901 3.3038151 3.9354007
v -2.604901 0.12282395 3.9354007
v -2.604901 3.3038151 3.7687829
v -2.3676898 3.3038151 3.7687829
v -2.3676898 3.3038151 3.9354007
v -2.604901 3.3038151 3.9354007
v -2.3676898 3.3038151 3.7687829
v -2.3676898 0.12282395 3.7687829
v -2.3676898 0.12282395 3.9354007
v -2.3676898 3.3038151 3.9354007
v -2.3676898 0.12282395 3.7687829
v -2.604901 0.12282395 3.7687829
v -2.604901 0.12282395 3.9354007
v -2.3676898 0.12282395 3.9354007
v -2.604901 3.3038151 3.7687829
v -2.604901 0.12282395 3.7687829
v -2.3676898 0.12282395 3.7687829
v -2.3676898 3.3038151 3.7687829
v -2.3676898 3.3038151 3.9354007
v -2.3676898 0.12282395 3.9354007
v -2.604901 0.12282395 3.9354007
v -2.604901 3.3038151 3.9354007
v -3.2869663 0.12282395 3.361438
v -3.2869663 3.3038151 3.361438
v -3.2869663 3.3038151 3.5280564
v -3.2869663 0.12282395 3.5280564
v -3.2869663 3.3038151 3.361438
v -3.0497553 3.3038151 3.361438
v -3.0497553 3.3038151 3.5280564
v -3.2869663 3.3038151 3.5280564
v -3.0497553 3.3038151 3.361438
v -3.0497553 0.12282395 3.361438
v -3.0497553 0.12282395 3.5280564
v -3.0497553 3.3038151 3.5280564
v -3.0497553 0.12282395 3.361438
v -3.2869663 0.12282395 3.361438
v -3.2869663 0.12282395 3.5280564
v -3.0497553 0.12282395 3.5280564
v -3.2869663 3.3038151 3.361438
v -3.2869663 0.12282395 3.361438
v -3.0497553 0.12282395 3.361438
v -3.0497553 3.3038151 3.361438
v -3.0497553 3.3038151 3.5280564
v -3.0497553 0.12282395 3.5280564
v -3.2869663 0.12282395 3.5280564
v -3.2869663 3.3038151 3.5280564
v -0 -2.3827264 2.4937794
v -0 -2.3827264 5.1721487
v 2.34732 -2.3827264 5.1721487
v 2.34732 -2.3827264 2.4937794
v -0.71165085 3.5383499 -0.017098963
v -0.71165085 3.8038526 -0.017098963
v -0.71165085 3.8038526 0.75825524
v -0.71165085 3.5383499 0.75825524
v -0.71165085 3.8038526 -0.017098963
v 1.5949409 3.8038526 -0.017098963
v 1.5949409 3.8038526 0.75825524
v -0.71165085 3.8038526 0.75825524
v 1.5949409 3.8038526 -0.017098963
v 1.5949409 3.5383499 -0.017098963
v 1.5949409 3.5383499 0.75825524
v 1.5949409 3.8038526 0.75825524
v 1.5949409 3.5383499 -0.017098963
v -0.71165085 3.5383499 -0.017098963
v -0.71165085 3.5383499 0.75825524
v 1.5949409 3.5383499 0.75825524
v -0.71165085 3.8038526 -0.017098963
v -0.71165085 3.5383499 -0.017098963
v 1.5949409 3.5383499 -0.017098963
v 1.5949409 3.8038526 -0.017098963
v 1.5949409 3.8038526 0.75825524
v 1.5949409 3.5383499 0.75825524
v -0.71165085 3.5383499 0.75825524
v -0.71165085 3.8038526 0.75825524
v 2.647251 -0.023294449 -0.017098933
v 2.3817482 -0.023294449 -0.017098933
v 2.3817482 -0.023294449 0.75825524
v 2.647251 -0.023294449 0.75825524
v 2.3817482 -0.023294449 -0.017098933
v 2.3817482 1.8811176 -0.017098933
v 2.3817482 1.8811176 0.75825524
v 2.3817482 -0.023294449 0.75825524
v 2.3817482 1.8811176 -0.017098933
v 2.647251 1.8811176 -0.017098933
v 2.647251 1.8811176 0.75825524
v 2.3817482 1.8811176 0.75825524
v 2.647251 1.8811176 -0.017098933
v 2.647251 -0.023294449 -0.017098933
v 2.647251 -0.023294449 0.75825524
v 2.647251 1.8811176 0.75825524
v 2.3817482 -0.023294449 -0.017098933
v 2.647251 -0.023294449 -0.017098933
v 2.647251 1.8811176 -0.017098933
v 2.3817482 1.8811176 -0.017098933
v 2.3817482 1.8811176 0.75825524
v 2.647251 1.8811176 0.75825524
v 2.647251 -0.023294449 0.75825524
v 2.3817482 -0.023294449 0.75825524
v 0.14783633 -0.2620347 5.1721487
v 0.14783633 -0.2620347 4.6212263
v 0.14783633 -2.23489 4.6212263
v 0.14783633 -2.23489 5.1721487
v 2.34732 -2.3827264 2.4937794
v 2.34732 -2.3827264 5.1721487
v 2.34732 -0.11419839 5.1721487
v 2.34732 -0.11419839 2.4937794
v 2.34732 -0.11419839 2.4937794
v 2.34732 -0.11419839 5.1721487
v -0 -0.11419839 5.1721487
v -0 -0.11419839 2.4937794
v -0 -0.11419839 2.4937794
v -0 -0.11419839 5.1721487
v -0 -2.3827264 5.1721487
v -0 -2.3827264 2.4937794
v 2.1994839 -0.2620347 4.6212263
v 2.1994839 -2.23489 4.6212263
v 0.14783633 -2.23489 4.6212263
v 0.14783633 -0.2620347 4.6212263
v 2.1994839 -0.2620347 5.1721487
v 2.1994839 -0.2620347 4.6212263
v 0.14783633 -0.2620347 4.6212263
v 0.14783633 -0.2620347 5.1721487
v 0.14783633 -2.23489 5.1721487
v 0.14783633 -2.23489 4.6212263
v 2.1994839 -2.23489 4.6212263
v 2.1994839 -2.23489 5.1721487
v 2.1994839 -2.23489 5.1721487
v 2.1994839 -2.23489 4.6212263
v 2.1994839 -0.2620347 4.6212263
v 2.1994839 -0.2620347 5.1721487
v 2.1994839 -2.23489 5.1721487
v -0 -2.3827264 5.1721487
v 0.14783633 -2.23489 5.1721487
v 2.34732 -2.3827264 5.1721487
v -0 -0.11419839 5.1721487
v 2.1994839 -0.2620347 5.1721487
v 0.14783633 -0.2620347 5.1721487
v 2.34732 -0.11419839 5.1721487
v -0 -2.3827264 2.9161024
v -0 -2.618276 2.9161024
v -2.6510198 -2.618276 2.9161024
v -2.34732 -2.3827264 2.9161024
v 2.34732 -2.3827264 2.9161024
v -2.6510198 0.12135121 2.9161024
v 2.6510198 -2.618276 2.9161024
v -2.34732 -0.11419839 2.9161024
v 2.34732 -0.11419839 2.9161024
v -0 0.12135121 2.9161024
v 2.6510198 0.12135121 2.9161024
v -0 -0.11419839 2.9161024
vt 0.375 0
vt 0.375 0.25
vt 0.625 0.25
vt 0.625 0
vt 0.375 0.5
vt 0.375 0.75
vt 0.625 0.75
vt 0.625 0.5
vt 0.375 0.375
vt 0.375 0.5
vt 0.625 0.5
vt 0.625 0.375
vt 0.375 0.25
vt 0.625 0.25
vt 0.375 0.875
vt 0.375 1
vt 0.625 1
vt 0.625 0.875
vt 0.375 0.75
vt 0.625 0.75
vt 0.25 0.5
vt 0.375 0.75
vt 0.375 0.5
vt 0.25 0.75
vt 0.125 0.5
vt 0.125 0.75
vt 0.75 0.5214947
vt 0.86068004 0.5214947
vt 0.86068004 0.5214947
vt 0.75 0.5214947
vt 0.63931996 0.5214947
vt 0.63931996 0.5214947
vt 0.75 0.5214947
vt 0.75 0.7285054
vt 0.86068004 0.7285054
vt 0.86068004 0.5214947
vt 0.86068004 0.5214947
vt 0.86068004 0.5214947
vt 0.86068004 0.7285054
vt 0.86068004 0.7285054
vt 0.75 0.7285054
vt 0.63931996 0.7285053
vt 0.63931996 0.7285053
vt 0.75 0.7285054
vt 0.86068004 0.7285054
vt 0.86068004 0.7285054
vt 0.63931996 0.7285053
vt 0.63931996 0.7285053
vt 0.63931996 0.5214947
vt 0.63931996 0.5214947
vt 0.375 0
vt 0.375 0.25
vt 0.625 0.25
vt 0.625 0
vt 0.375 0.375
vt 0.375 0.5
vt 0.625 0.5
vt 0.625 0.375
vt 0.375 0.25
vt 0.625 0.25
vt 0.375 0.5
vt 0.375 0.75
vt 0.625 0.75
vt 0.625 0.5
vt 0.375 0.875
vt 0.375 1
vt 0.625 1
vt 0.625 0.875
vt 0.375 0.75
vt 0.625 0.75
vt 0.25 0.5
vt 0.375 0.75
vt 0.375 0.5
vt 0.25 0.75
vt 0.125 0.5
vt 0.125 0.75
vt 0.875 0.5
vt 0.875 0.5
vt 0.75 0.5
vt 0.75 0.5
vt 0.75 0.5
vt 0.75 0.75
vt 0.875 0.75
vt 0.875 0.5
vt 0.625 0.5
vt 0.625 0.75
vt 0.75 0.75
vt 0.75 0.5
vt 0.625 0.75
vt 0.625 0.75
vt 0.625 0.75
vt 0.625 0.75
vt 0.625 0.875
vt 0.625 0.875
vt 0.625 1
vt 0.625 1
vt 0.625 1
vt 0.625 1
vt 0.875 0.75
vt 0.875 0.75
vt 0.875 0.5
vt 0.875 0.5
vt 0.625 0.375
vt 0.625 0.375
vt 0.625 0.25
vt 0.625 0.25
vt 0.625 0.75
vt 0.625 0.75
vt 0.625 0.5
vt 0.625 0.5
vt 0.625 0.375
vt 0.625 0.375
vt 0.625 0.25
vt 0.625 0.25
vt 0.625 0.25
vt 0.625 0.25
vt 0.625 0
vt 0.625 0
vt 0.625 0.5
vt 0.625 0.5
vt 0.625 0.375
vt 0.625 0.375
vt 0.75 0.5
vt 0.75 0.5
vt 0.625 0.5
vt 0.625 0.5
vt 0.625 0.75
vt 0.625 0.75
vt 0.625 0.5
vt 0.625 0.5
vt 0.625 0.5
vt 0.625 0.5
vt 0.625 0.375
vt 0.625 0.375
vt 0.625 0.5
vt 0.625 0.5
vt 0.625 0.75
vt 0.625 0.75
vt 0.625 0.25
vt 0.625 0.25
vt 0.625 0
vt 0.625 0
vt 0.375 0
vt 0.375 0.25
vt 0.625 0.25
vt 0.625 0
vt 0.375 0.25
vt 0.375 0.5
vt 0.625 0.5
vt 0.625 0.25
vt 0.375 0.5
vt 0.375 0.75
vt 0.625 0.75
vt 0.625 0.5
vt 0.375 0.75
vt 0.375 1
vt 0.625 1
vt 0.625 0.75
vt 0.125 0.5
vt 0.125 0.75
vt 0.375 0.75
vt 0.375 0.5
vt 0.625 0.5
vt 0.625 0.75
vt 0.875 0.75
vt 0.875 0.5
vt 0.375 0
vt 0.375 0.25
vt 0.625 0.25
vt 0.625 0
vt 0.375 0.25
vt 0.375 0.5
vt 0.625 0.5
vt 0.625 0.25
vt 0.375 0.5
vt 0.375 0.75
vt 0.625 0.75
vt 0.625 0.5
vt 0.375 0.75
vt 0.375 1
vt 0.625 1
vt 0.625 0.75
vt 0.125 0.5
vt 0.125 0.75
vt 0.375 0.75
vt 0.375 0.5
vt 0.625 0.5
vt 0.625 0.75
vt 0.875 0.75
vt 0.875 0.5
vt 0.375 0
vt 0.375 0.25
vt 0.625 0.25
vt 0.625 0
vt 0.375 0.25
vt 0.375 0.5
vt 0.625 0.5
vt 0.625 0.25
vt 0.375 0.5
vt 0.375 0.75
vt 0.625 0.75
vt 0.625 0.5
vt 0.375 0.75
vt 0.375 1
vt 0.625 1
vt 0.625 0.75
vt 0.125 0.5
vt 0.125 0.75
vt 0.375 0.75
vt 0.375 0.5
vt 0.625 0.5
vt 0.625 0.75
vt 0.875 0.75
vt 0.875 0.5
vt 0.375 0
vt 0.375 0.25
vt 0.625 0.25
vt 0.625 0
vt 0.375 0.25
vt 0.375 0.5
vt 0.625 0.5
vt 0.625 0.25
vt 0.375 0.5
vt 0.375 0.75
vt 0.625 0.75
vt 0.625 0.5
vt 0.375 0.75
vt 0.375 1
vt 0.625 1
vt 0.625 0.75
vt 0.125 0.5
vt 0.125 0.75
vt 0.375 0.75
vt 0.375 0.5
vt 0.625 0.5
vt 0.625 0.75
vt 0.875 0.75
vt 0.875 0.5
vt 0.375 0
vt 0.375 0.25
vt 0.625 0.25
vt 0.625 0
vt 0.375 0.25
vt 0.375 0.5
vt 0.625 0.5
vt 0.625 0.25
vt 0.375 0.5
vt 0.375 0.75
vt 0.625 0.75
vt 0.625 0.5
vt 0.375 0.75
vt 0.375 1
vt 0.625 1
vt 0.625 0.75
vt 0.125 0.5
vt 0.125 0.75
vt 0.375 0.75
vt 0.375 0.5
vt 0.625 0.5
vt 0.625 0.75
vt 0.875 0.75
vt 0.875 0.5
vt 0.375 0
vt 0.375 0.25
vt 0.625 0.25
vt 0.625 0
vt 0.375 0.25
vt 0.375 0.5
vt 0.625 0.5
vt 0.625 0.25
vt 0.375 0.5
vt 0.375 0.75
vt 0.625 0.75
vt 0.625 0.5
vt 0.375 0.75
vt 0.375 1
vt 0.625 1
vt 0.625 0.75
vt 0.125 0.5
vt 0.125 0.75
vt 0.375 0.75
vt 0.375 0.5
vt 0.625 0.5
vt 0.625 0.75
vt 0.875 0.75
vt 0.875 0.5
vt 0.375 0
vt 0.375 0.25
vt 0.625 0.25
vt 0.625 0
vt 0.375 0.25
vt 0.375 0.5
vt 0.625 0.5
vt 0.625 0.25
vt 0.375 0.5
vt 0.375 0.75
vt 0.625 0.75
vt 0.625 0.5
vt 0.375 0.75
vt 0.375 1
vt 0.625 1
vt 0.625 0.75
vt 0.125 0.5
vt 0.125 0.75
vt 0.375 0.75
vt 0.375 0.5
vt 0.625 0.5
vt 0.625 0.75
vt 0.875 0.75
vt 0.875 0.5
vt 0.375 0
vt 0.375 0.25
vt 0.625 0.25
vt 0.625 0
vt 0.375 0.25
vt 0.375 0.5
vt 0.625 0.5
vt 0.625 0.25
vt 0.375 0.5
vt 0.375 0.75
vt 0.625 0.75
vt 0.625 0.5
vt 0.375 0.75
vt 0.375 1
vt 0.625 1
vt 0.625 0.75
vt 0.125 0.5
vt 0.125 0.75
vt 0.375 0.75
vt 0.375 0.5
vt 0.625 0.5
vt 0.625 0.75
vt 0.875 0.75
vt 0.875 0.5
vt 0.375 0
vt 0.375 0.25
vt 0.625 0.25
vt 0.625 0
vt 0.375 0.25
vt 0.375 0.5
vt 0.625 0.5
vt 0.625 0.25
vt 0.375 0.5
vt 0.375 0.75
vt 0.625 0.75
vt 0.625 0.5
vt 0.375 0.75
vt 0.375 1
vt 0.625 1
vt 0.625 0.75
vt 0.125 0.5
vt 0.125 0.75
vt 0.375 0.75
vt 0.375 0.5
vt 0.625 0.5
vt 0.625 0.75
vt 0.875 0.75
vt 0.875 0.5
vt 0.375 0
vt 0.375 0.25
vt 0.625 0.25
vt 0.625 0
vt 0.375 0.25
vt 0.375 0.5
vt 0.625 0.5
vt 0.625 0.25
vt 0.375 0.5
vt 0.375 0.75
vt 0.625 0.75
vt 0.625 0.5
vt 0.375 0.75
vt 0.375 1
vt 0.625 1
vt 0.625 0.75
vt 0.125 0.5
vt 0.125 0.75
vt 0.375 0.75
vt 0.375 0.5
vt 0.625 0.5
vt 0.625 0.75
vt 0.875 0.75
vt 0.875 0.5
vt 0.375 0
vt 0.375 0.25
vt 0.625 0.25
vt 0.625 0
vt 0.375 0.25
vt 0.375 0.5
vt 0.625 0.5
vt 0.625 0.25
vt 0.375 0.5
vt 0.375 0.75
vt 0.625 0.75
vt 0.625 0.5
vt 0.375 0.75
vt 0.375 1
vt 0.625 1
vt 0.625 0.75
vt 0.125 0.5
vt 0.125 0.75
vt 0.375 0.75
vt 0.375 0.5
vt 0.625 0.5
vt 0.625 0.75
vt 0.875 0.75
vt 0.875 0.5
vt 0.375 0
vt 0.375 0.25
vt 0.625 0.25
vt 0.625 0
vt 0.375 0.25
vt 0.375 0.5
vt 0.625 0.5
vt 0.625 0.25
vt 0.375 0.5
vt 0.375 0.75
vt 0.625 0.75
vt 0.625 0.5
vt 0.375 0.75
vt 0.375 1
vt 0.625 1
vt 0.625 0.75
vt 0.125 0.5
vt 0.125 0.75
vt 0.375 0.75
vt 0.375 0.5
vt 0.625 0.5
vt 0.625 0.75
vt 0.875 0.75
vt 0.875 0.5
vt 0.375 0
vt 0.375 0.25
vt 0.625 0.25
vt 0.625 0
vt 0.375 0.25
vt 0.375 0.5
vt 0.625 0.5
vt 0.625 0.25
vt 0.375 0.5
vt 0.375 0.75
vt 0.625 0.75
vt 0.625 0.5
vt 0.375 0.75
vt 0.375 1
vt 0.625 1
vt 0.625 0.75
vt 0.125 0.5
vt 0.125 0.75
vt 0.375 0.75
vt 0.375 0.5
vt 0.625 0.5
vt 0.625 0.75
vt 0.875 0.75
vt 0.875 0.5
vt 0.375 0
vt 0.375 0.25
vt 0.625 0.25
vt 0.625 0
vt 0.375 0.25
vt 0.375 0.5
vt 0.625 0.5
vt 0.625 0.25
vt 0.375 0.5
vt 0.375 0.75
vt 0.625 0.75
vt 0.625 0.5
vt 0.375 0.75
vt 0.375 1
vt 0.625 1
vt 0.625 0.75
vt 0.125 0.5
vt 0.125 0.75
vt 0.375 0.75
vt 0.375 0.5
vt 0.625 0.5
vt 0.625 0.75
vt 0.875 0.75
vt 0.875 0.5
vt 0.375 0
vt 0.375 0.25
vt 0.625 0.25
vt 0.625 0
vt 0.375 0.25
vt 0.375 0.5
vt 0.625 0.5
vt 0.625 0.25
vt 0.375 0.5
vt 0.375 0.75
vt 0.625 0.75
vt 0.625 0.5
vt 0.375 0.75
vt 0.375 1
vt 0.625 1
vt 0.625 0.75
vt 0.125 0.5
vt 0.125 0.75
vt 0.375 0.75
vt 0.375 0.5
vt 0.625 0.5
vt 0.625 0.75
vt 0.875 0.75
vt 0.875 0.5
vt 0.375 0
vt 0.375 0.25
vt 0.625 0.25
vt 0.625 0
vt 0.375 0
vt 0.625 0
vt 0.375 0.25807777
vt 0.375 0.5
vt 0.625 0.5
vt 0.625 0.25807777
vt 0.375 0.25
vt 0.625 0.25
vt 0.375 0.5
vt 0.375 0.75
vt 0.625 0.75
vt 0.625 0.5
vt 0.8669222 0.75
vt 0.8669222 0.75
vt 0.875 0.75
vt 0.875 0.75
vt 0.86692226 0.5
vt 0.875 0.5
vt 0.13307777 0.5
vt 0.375 0.75
vt 0.375 0.5
vt 0.13307777 0.75
vt 0.125 0.5
vt 0.125 0.75
vt 0.13307777 0.75
vt 0.125 0.75
vt 0.625 0.5
vt 0.625 0.75
vt 0.8669222 0.75
vt 0.86692226 0.5
vt 0.375 0.75
vt 0.375 0.99192226
vt 0.625 0.99192226
vt 0.625 0.75
vt 0.375 0.99192226
vt 0.375 1
vt 0.625 1
vt 0.625 0.99192226
vt 0.375 0.99192226
vt 0.375 0.99192226
vt 0.625 0.99192226
vt 0.625 0.99192226
vt 0.375 0
vt 0.375 0.25
vt 0.625 0.25
vt 0.625 0
vt 0.375 0.25
vt 0.375 0.5
vt 0.625 0.5
vt 0.625 0.25
vt 0.375 0.5
vt 0.375 0.75
vt 0.625 0.75
vt 0.625 0.5
vt 0.375 0.75
vt 0.375 1
vt 0.625 1
vt 0.625 0.75
vt 0.125 0.5
vt 0.125 0.75
vt 0.375 0.75
vt 0.375 0.5
vt 0.625 0.5
vt 0.625 0.75
vt 0.875 0.75
vt 0.875 0.5
vt 0.375 0
vt 0.375 0.25
vt 0.625 0.25
vt 0.625 0
vt 0.375 0.25
vt 0.375 0.5
vt 0.625 0.5
vt 0.625 0.25
vt 0.375 0.5
vt 0.375 0.75
vt 0.625 0.75
vt 0.625 0.5
vt 0.375 0.75
vt 0.375 1
vt 0.625 1
vt 0.625 0.75
vt 0.125 0.5
vt 0.125 0.75
vt 0.375 0.75
vt 0.375 0.5
vt 0.625 0.5
vt 0.625 0.75
vt 0.875 0.75
vt 0.875 0.5
vt 0.375 0
vt 0.375 0.25
vt 0.625 0.25
vt 0.625 0
vt 0.375 0.25
vt 0.375 0.5
vt 0.625 0.5
vt 0.625 0.25
vt 0.375 0.5
vt 0.375 0.75
vt 0.625 0.75
vt 0.625 0.5
vt 0.375 0.75
vt 0.375 1
vt 0.625 1
vt 0.625 0.75
vt 0.125 0.5
vt 0.125 0.75
vt 0.375 0.75
vt 0.375 0.5
vt 0.625 0.5
vt 0.625 0.75
vt 0.875 0.75
vt 0.875 0.5
vt 0.375 0
vt 0.375 0.25
vt 0.625 0.25
vt 0.625 0
vt 0.375 0.25
vt 0.375 0.5
vt 0.625 0.5
vt 0.625 0.25
vt 0.375 0.5
vt 0.375 0.75
vt 0.625 0.75
vt 0.625 0.5
vt 0.375 0.75
vt 0.375 1
vt 0.625 1
vt 0.625 0.75
vt 0.125 0.5
vt 0.125 0.75
vt 0.375 0.75
vt 0.375 0.5
vt 0.625 0.5
vt 0.625 0.75
vt 0.875 0.75
vt 0.875 0.5
vt 0.375 0
vt 0.375 0.25
vt 0.625 0.25
vt 0.625 0
vt 0.375 0.25
vt 0.375 0.5
vt 0.625 0.5
vt 0.625 0.25
vt 0.375 0.5
vt 0.375 0.75
vt 0.625 0.75
vt 0.625 0.5
vt 0.375 0.75
vt 0.375 1
vt 0.625 1
vt 0.625 0.75
vt 0.125 0.5
vt 0.125 0.75
vt 0.375 0.75
vt 0.375 0.5
vt 0.625 0.5
vt 0.625 0.75
vt 0.875 0.75
vt 0.875 0.5
vt 0.375 0
vt 0.375 0.25
vt 0.625 0.25
vt 0.625 0
vt 0.375 0.25
vt 0.375 0.5
vt 0.625 0.5
vt 0.625 0.25
vt 0.375 0.5
vt 0.375 0.75
vt 0.625 0.75
vt 0.625 0.5
vt 0.375 0.75
vt 0.375 1
vt 0.625 1
vt 0.625 0.75
vt 0.125 0.5
vt 0.125 0.75
vt 0.375 0.75
vt 0.375 0.5
vt 0.625 0.5
vt 0.625 0.75
vt 0.875 0.75
vt 0.875 0.5
vt 1 0.5
vt 0.9375 0.5
vt 0.9375 1
vt 1 1
vt 0.9375 0.5
vt 0.875 0.5
vt 0.875 1
vt 0.9375 1
vt 0.875 0.5
vt 0.8125 0.5
vt 0.8125 1
vt 0.875 1
vt 0.8125 0.5
vt 0.75 0.5
vt 0.75 1
vt 0.8125 1
vt 0.75 0.5
vt 0.6875 0.5
vt 0.6875 1
vt 0.75 1
vt 0.6875 0.5
vt 0.625 0.5
vt 0.625 1
vt 0.6875 1
vt 0.625 0.5
vt 0.5625 0.5
vt 0.5625 1
vt 0.625 1
vt 0.5625 0.5
vt 0.5 0.5
vt 0.5 1
vt 0.5625 1
vt 0.5 0.5
vt 0.4375 0.5
vt 0.4375 1
vt 0.5 1
vt 0.4375 0.5
vt 0.375 0.5
vt 0.375 1
vt 0.4375 1
vt 0.375 0.5
vt 0.3125 0.5
vt 0.3125 1
vt 0.375 1
vt 0.3125 0.5
vt 0.25 0.5
vt 0.25 1
vt 0.3125 1
vt 0.25 0.5
vt 0.1875 0.5
vt 0.1875 1
vt 0.25 1
vt 0.1875 0.5
vt 0.125 0.5
vt 0.125 1
vt 0.1875 1
vt 0.49 0.25
vt 0.47173113 0.15815601
vt 0.41970557 0.08029437
vt 0.341844 0.028268889
vt 0.47173113 0.34184405
vt 0.25 0.010000005
vt 0.41970557 0.41970557
vt 0.15815601 0.028268889
vt 0.341844 0.47173113
vt 0.080294415 0.08029437
vt 0.25 0.49
vt 0.028268889 0.15815595
vt 0.15815601 0.47173113
vt 0.010000005 0.25
vt 0.08029431 0.41970557
vt 0.028268889 0.34184405
vt 0.125 0.5
vt 0.0625 0.5
vt 0.0625 1
vt 0.125 1
vt 0.0625 0.5
vt 0 0.5
vt 0 1
vt 0.0625 1
vt 0.91970557 0.08029437
vt 0.9717311 0.15815601
vt 0.99 0.25
vt 0.84184396 0.028268889
vt 0.9717311 0.34184405
vt 0.75 0.010000005
vt 0.91970557 0.41970557
vt 0.65815604 0.028268889
vt 0.84184396 0.47173113
vt 0.58029443 0.08029437
vt 0.75 0.49
vt 0.5282689 0.15815595
vt 0.65815604 0.47173113
vt 0.51 0.25
vt 0.5802943 0.41970557
vt 0.5282689 0.34184405
vt 0.375 0
vt 0.375 0.25
vt 0.625 0.25
vt 0.625 0
vt 0.375 0.25
vt 0.375 0.5
vt 0.625 0.5
vt 0.625 0.25
vt 0.375 0.5
vt 0.375 0.75
vt 0.625 0.75
vt 0.625 0.5
vt 0.375 0.75
vt 0.375 1
vt 0.625 1
vt 0.625 0.75
vt 0.125 0.5
vt 0.125 0.75
vt 0.375 0.75
vt 0.375 0.5
vt 0.625 0.5
vt 0.625 0.75
vt 0.875 0.75
vt 0.875 0.5
vt 0.375 0
vt 0.375 0.25
vt 0.625 0.25
vt 0.625 0
vt 0.375 0.25
vt 0.375 0.5
vt 0.625 0.5
vt 0.625 0.25
vt 0.375 0.5
vt 0.375 0.75
vt 0.625 0.75
vt 0.625 0.5
vt 0.375 0.75
vt 0.375 1
vt 0.625 1
vt 0.625 0.75
vt 0.125 0.5
vt 0.125 0.75
vt 0.375 0.75
vt 0.375 0.5
vt 0.625 0.5
vt 0.625 0.75
vt 0.875 0.75
vt 0.875 0.5
vt 0.375 0
vt 0.375 0.25
vt 0.625 0.25
vt 0.625 0
vt 0.375 0.25
vt 0.375 0.5
vt 0.625 0.5
vt 0.625 0.25
vt 0.375 0.5
vt 0.375 0.75
vt 0.625 0.75
vt 0.625 0.5
vt 0.375 0.75
vt 0.375 1
vt 0.625 1
vt 0.625 0.75
vt 0.125 0.5
vt 0.125 0.75
vt 0.375 0.75
vt 0.375 0.5
vt 0.625 0.5
vt 0.625 0.75
vt 0.875 0.75
vt 0.875 0.5
vt 0.375 0
vt 0.375 0.25
vt 0.625 0.25
vt 0.625 0
vt 0.375 0.375
vt 0.375 0.5
vt 0.625 0.5
vt 0.625 0.375
vt 0.375 0.25
vt 0.625 0.25
vt 0.375 0.5
vt 0.375 0.75
vt 0.625 0.75
vt 0.625 0.5
vt 0.375 0.875
vt 0.375 1
vt 0.625 1
vt 0.625 0.875
vt 0.375 0.75
vt 0.625 0.75
vt 0.625 0.75
vt 0.625 0.875
vt 0.625 1
vt 0.625 1
vt 0.625 1
vt 0.625 0.75
vt 0.625 0.75
vt 0.625 0.75
vt 0.25 0.5
vt 0.375 0.75
vt 0.375 0.5
vt 0.25 0.75
vt 0.125 0.5
vt 0.125 0.75
vt 0.875 0.5
vt 0.875 0.5
vt 0.75 0.5
vt 0.75 0.5
vt 0.75 0.5
vt 0.75 0.75
vt 0.875 0.75
vt 0.875 0.5
vt 0.625 0.5
vt 0.625 0.75
vt 0.75 0.75
vt 0.75 0.5
vt 0.875 0.75
vt 0.875 0.75
vt 0.875 0.5
vt 0.875 0.5
vt 0.625 0.375
vt 0.625 0.375
vt 0.625 0.25
vt 0.625 0.25
vt 0.625 0.75
vt 0.625 0.75
vt 0.625 0.5
vt 0.625 0.5
vt 0.625 0.375
vt 0.625 0.25
vt 0.625 0.25
vt 0.625 0.375
vt 0.625 0.5
vt 0.625 0.5
vt 0.625 0.25
vt 0.625 0.25
vt 0.625 0
vt 0.625 0
vt 0.75 0.5
vt 0.75 0.5
vt 0.625 0.5
vt 0.625 0.5
vt 0.625 0.75
vt 0.625 0.75
vt 0.625 0.5
vt 0.625 0.5
vt 0.625 0.5
vt 0.625 0.5
vt 0.625 0.375
vt 0.625 0.375
vt 0.625 0.5
vt 0.625 0.5
vt 0.625 0.75
vt 0.625 0.75
vt 0.625 0.25
vt 0.625 0.25
vt 0.625 0
vt 0.625 0
vt 0.375 0
vt 0.375 0.25
vt 0.625 0.25
vt 0.625 0
vt 0.375 0.25
vt 0.375 0.5
vt 0.625 0.5
vt 0.625 0.25
vt 0.375 0.5
vt 0.375 0.75
vt 0.625 0.75
vt 0.625 0.5
vt 0.375 0.75
vt 0.375 1
vt 0.625 1
vt 0.625 0.75
vt 0.125 0.5
vt 0.125 0.75
vt 0.375 0.75
vt 0.375 0.5
vt 0.625 0.5
vt 0.625 0.75
vt 0.875 0.75
vt 0.875 0.5
vt 0.375 0
vt 0.375 0.25
vt 0.625 0.25
vt 0.625 0
vt 0.375 0.25
vt 0.375 0.5
vt 0.625 0.5
vt 0.625 0.25
vt 0.375 0.5
vt 0.375 0.75
vt 0.625 0.75
vt 0.625 0.5
vt 0.375 0.75
vt 0.375 1
vt 0.625 1
vt 0.625 0.75
vt 0.125 0.5
vt 0.125 0.75
vt 0.375 0.75
vt 0.375 0.5
vt 0.625 0.5
vt 0.625 0.75
vt 0.875 0.75
vt 0.875 0.5
vt 0.375 0
vt 0.375 0.25
vt 0.625 0.25
vt 0.625 0
vt 0.375 0.25
vt 0.375 0.5
vt 0.625 0.5
vt 0.625 0.25
vt 0.375 0.5
vt 0.375 0.75
vt 0.625 0.75
vt 0.625 0.5
vt 0.375 0.75
vt 0.375 1
vt 0.625 1
vt 0.625 0.75
vt 0.125 0.5
vt 0.125 0.75
vt 0.375 0.75
vt 0.375 0.5
vt 0.625 0.5
vt 0.625 0.75
vt 0.875 0.75
vt 0.875 0.5
vt 0.375 0
vt 0.375 0.25
vt 0.625 0.25
vt 0.625 0
vt 0.375 0.25
vt 0.375 0.5
vt 0.625 0.5
vt 0.625 0.25
vt 0.375 0.5
vt 0.375 0.75
vt 0.625 0.75
vt 0.625 0.5
vt 0.375 0.75
vt 0.375 1
vt 0.625 1
vt 0.625 0.75
vt 0.125 0.5
vt 0.125 0.75
vt 0.375 0.75
vt 0.375 0.5
vt 0.625 0.5
vt 0.625 0.75
vt 0.875 0.75
vt 0.875 0.5
vt 0.375 0
vt 0.375 0.25
vt 0.625 0.25
vt 0.625 0
vt 0.375 0.25
vt 0.375 0.5
vt 0.625 0.5
vt 0.625 0.25
vt 0.375 0.5
vt 0.375 0.75
vt 0.625 0.75
vt 0.625 0.5
vt 0.375 0.75
vt 0.375 1
vt 0.625 1
vt 0.625 0.75
vt 0.125 0.5
vt 0.125 0.75
vt 0.375 0.75
vt 0.375 0.5
vt 0.625 0.5
vt 0.625 0.75
vt 0.875 0.75
vt 0.875 0.5
vt 0.375 0
vt 0.375 0.25
vt 0.625 0.25
vt 0.625 0
vt 0.375 0.25
vt 0.375 0.5
vt 0.625 0.5
vt 0.625 0.25
vt 0.375 0.5
vt 0.375 0.75
vt 0.625 0.75
vt 0.625 0.5
vt 0.375 0.75
vt 0.375 1
vt 0.625 1
vt 0.625 0.75
vt 0.125 0.5
vt 0.125 0.75
vt 0.375 0.75
vt 0.375 0.5
vt 0.625 0.5
vt 0.625 0.75
vt 0.875 0.75
vt 0.875 0.5
vt 0.75 0.7285054
vt 0.75 0.7285054
vt 0.63931996 0.7285053
vt 0.63931996 0.7285053
vt 0.375 0
vt 0.375 0.25
vt 0.625 0.25
vt 0.625 0
vt 0.375 0.25
vt 0.375 0.5
vt 0.625 0.5
vt 0.625 0.25
vt 0.375 0.5
vt 0.375 0.75
vt 0.625 0.75
vt 0.625 0.5
vt 0.375 0.75
vt 0.375 1
vt 0.625 1
vt 0.625 0.75
vt 0.125 0.5
vt 0.125 0.75
vt 0.375 0.75
vt 0.375 0.5
vt 0.625 0.5
vt 0.625 0.75
vt 0.875 0.75
vt 0.875 0.5
vt 0.375 0
vt 0.375 0.25
vt 0.625 0.25
vt 0.625 0
vt 0.375 0.25
vt 0.31749308 0.44249308
vt 0.6825069 0.44249308
vt 0.625 0.25
vt 0.31749308 0.44249308
vt 0.31749308 0.8075069
vt 0.6825069 0.8075069
vt 0.6825069 0.44249308
vt 0.31749308 0.8075069
vt 0.375 1
vt 0.625 1
vt 0.6825069 0.8075069
vt 0.125 0.5
vt 0.125 0.75
vt 0.31749308 0.8075069
vt 0.31749308 0.44249308
vt 0.6825069 0.44249308
vt 0.6825069 0.8075069
vt 0.875 0.75
vt 0.875 0.5
vt 0.7430293 0.5349853
vt 0.7430293 0.5349853
vt 0.74302924 0.7150148
vt 0.74302924 0.7150148
vt 0.63931996 0.7285053
vt 0.63931996 0.7285053
vt 0.63931996 0.5214947
vt 0.63931996 0.5214947
vt 0.63931996 0.5214947
vt 0.63931996 0.5214947
vt 0.75 0.5214947
vt 0.75 0.5214947
vt 0.75 0.5214947
vt 0.75 0.5214947
vt 0.75 0.7285054
vt 0.75 0.7285054
vt 0.64629066 0.5349852
vt 0.6462907 0.71501476
vt 0.74302924 0.7150148
vt 0.7430293 0.5349853
vt 0.64629066 0.5349852
vt 0.64629066 0.5349852
vt 0.7430293 0.5349853
vt 0.7430293 0.5349853
vt 0.74302924 0.7150148
vt 0.74302924 0.7150148
vt 0.6462907 0.71501476
vt 0.6462907 0.71501476
vt 0.6462907 0.71501476
vt 0.6462907 0.71501476
vt 0.64629066 0.5349852
vt 0.64629066 0.5349852
vt 0.6462907 0.71501476
vt 0.75 0.7285054
vt 0.74302924 0.7150148
vt 0.63931996 0.7285053
vt 0.75 0.5214947
vt 0.64629066 0.5349852
vt 0.7430293 0.5349853
vt 0.63931996 0.5214947
vt 0.75 0.7285054
vt 0.75 0.75
vt 0.875 0.75
vt 0.86068004 0.7285054
vt 0.63931996 0.7285053
vt 0.875 0.5
vt 0.625 0.75
vt 0.86068004 0.5214947
vt 0.63931996 0.5214947
vt 0.75 0.5
vt 0.625 0.5
vt 0.75 0.5214947
vn -1 0 0
vn -1 0 0
vn -1 0 0
vn -1 0 0
vn 1 0 0
vn 1 0 0
vn 1 0 0
vn 1 0 0
vn -0 1 0
vn -0 1 0
vn -0 1 0
vn -0 1 0
vn -0 1 0
vn -0 1 0
vn -0 -1 0
vn -0 -1 0
vn -0 -1 0
vn -0 -1 0
vn -0 -1 0
vn -0 -1 0
vn -0 0 -1
vn -0 0 -1
vn -0 0 -1
vn -0 0 -1
vn -0 0 -1
vn -0 0 -1
vn -0 -1 0
vn -0 -1 0
vn -0 -1 0
vn -0 -1 0
vn -0 -1 0
vn -0 -1 0
vn -0 0 1
vn -0 0 1
vn -0 0 1
vn -0 0 1
vn 1 0 0
vn 1 0 0
vn 1 0 0
vn 1 0 0
vn -0 1 0
vn -0 1 0
vn -0 1 0
vn -0 1 0
vn -0 1 0
vn -0 1 0
vn -1 0 0
vn -1 0 0
vn -1 0 0
vn -1 0 0
vn -1 0 0
vn -1 0 0
vn -1 0 0
vn -1 0 0
vn -0 1 0
vn -0 1 0
vn -0 1 0
vn -0 1 0
vn -0 1 0
vn -0 1 0
vn 1 0 0
vn 1 0 0
vn 1 0 0
vn 1 0 0
vn -0 -1 0
vn -0 -1 0
vn -0 -1 0
vn -0 -1 0
vn -0 -1 0
vn -0 -1 0
vn -0 0 -1
vn -0 0 -1
vn -0 0 -1
vn -0 0 -1
vn -0 0 -1
vn -0 0 -1
vn -0.49100885 0.077363096 0.8677127
vn -0.49100885 0.077363096 0.8677127
vn -0.49100885 0.077363096 0.8677127
vn -0.49100885 0.077363096 0.8677127
vn -0.4819208 0 0.8762147
vn -0.4819208 0 0.8762147
vn -0.4819208 0 0.8762147
vn -0.4819208 0 0.8762147
vn 0.4819208 0 0.8762147
vn 0.4819208 0 0.8762147
vn 0.4819208 0 0.8762147
vn 0.4819208 0 0.8762147
vn -0 -1 0
vn -0 -1 0
vn -0 -1 0
vn -0 -1 0
vn -0 -1 0
vn -0 -1 0
vn -0 -1 0
vn -0 -1 0
vn -0 -1 0
vn -0 -1 0
vn -0.6452168 0 0.7639995
vn -0.6452168 0 0.7639995
vn -0.6452168 0 0.7639995
vn -0.6452168 0 0.7639995
vn 0.5025269 -0.0712453 -0.861621
vn 0.5025269 -0.0712453 -0.861621
vn 0.5025269 -0.0712453 -0.861621
vn 0.5025269 -0.0712453 -0.861621
vn 0.7615734 0.013337244 -0.6479415
vn 0.7615734 0.013337244 -0.6479415
vn 0.7615734 0.013337244 -0.6479415
vn 0.7615734 0.013337244 -0.6479415
vn -0.04303037 0.9990054 -0.011689002
vn -0.04303037 0.9990054 -0.011689002
vn -0.04303037 0.9990054 -0.011689002
vn -0.04303037 0.9990054 -0.011689002
vn -0.76157373 0.013337168 -0.6479411
vn -0.76157373 0.013337168 -0.6479411
vn -0.76157373 0.013337168 -0.6479411
vn -0.76157373 0.013337168 -0.6479411
vn 0.04303034 0.9990054 -0.011689006
vn 0.04303034 0.9990054 -0.011689006
vn 0.04303034 0.9990054 -0.011689006
vn 0.04303034 0.9990054 -0.011689006
vn 0.49100885 0.077362806 0.8677127
vn 0.49100885 0.077362806 0.8677127
vn 0.49100885 0.077362806 0.8677127
vn 0.49100885 0.077362806 0.8677127
vn -0.6452165 0 -0.76399976
vn -0.6452165 0 -0.76399976
vn -0.6452165 0 -0.76399976
vn -0.6452165 0 -0.76399976
vn -0.5025269 -0.071245305 -0.86162114
vn -0.5025269 -0.071245305 -0.86162114
vn -0.5025269 -0.071245305 -0.86162114
vn -0.5025269 -0.071245305 -0.86162114
vn 0.64521664 0 0.7639997
vn 0.64521664 0 0.7639997
vn 0.64521664 0 0.7639997
vn 0.64521664 0 0.7639997
vn 0.6452165 0 -0.76399976
vn 0.6452165 0 -0.76399976
vn 0.6452165 0 -0.76399976
vn 0.6452165 0 -0.76399976
vn -1 0 0
vn -1 0 0
vn -1 0 0
vn -1 0 0
vn -0 1 0
vn -0 1 0
vn -0 1 0
vn -0 1 0
vn 1 0 0
vn 1 0 0
vn 1 0 0
vn 1 0 0
vn -0 -1 0
vn -0 -1 0
vn -0 -1 0
vn -0 -1 0
vn -0 0 -1
vn -0 0 -1
vn -0 0 -1
vn -0 0 -1
vn -0 0 1
vn -0 0 1
vn -0 0 1
vn -0 0 1
vn -1 0 0
vn -1 0 0
vn -1 0 0
vn -1 0 0
vn -0 1 0
vn -0 1 0
vn -0 1 0
vn -0 1 0
vn 1 0 0
vn 1 0 0
vn 1 0 0
vn 1 0 0
vn -0 -1 0
vn -0 -1 0
vn -0 -1 0
vn -0 -1 0
vn -0 0 -1
vn -0 0 -1
vn -0 0 -1
vn -0 0 -1
vn -0 0 1
vn -0 0 1
vn -0 0 1
vn -0 0 1
vn -1 0 0
vn -1 0 0
vn -1 0 0
vn -1 0 0
vn -0 1 0
vn -0 1 0
vn -0 1 0
vn -0 1 0
vn 1 0 0
vn 1 0 0
vn 1 0 0
vn 1 0 0
vn -0 -1 0
vn -0 -1 0
vn -0 -1 0
vn -0 -1 0
vn -0 0 -1
vn -0 0 -1
vn -0 0 -1
vn -0 0 -1
vn -0 0 1
vn -0 0 1
vn -0 0 1
vn -0 0 1
vn -1 0 0
vn -1 0 0
vn -1 0 0
vn -1 0 0
vn -0 1 0
vn -0 1 0
vn -0 1 0
vn -0 1 0
vn 1 0 0
vn 1 0 0
vn 1 0 0
vn 1 0 0
vn -0 -1 0
vn -0 -1 0
vn -0 -1 0
vn -0 -1 0
vn -0 0 -1
vn -0 0 -1
vn -0 0 -1
vn -0 0 -1
vn -0 0 1
vn -0 0 1
vn -0 0 1
vn -0 0 1
vn -1 0 0
vn -1 0 0
vn -1 0 0
vn -1 0 0
vn -0 1 0
vn -0 1 0
vn -0 1 0
vn -0 1 0
vn 1 0 0
vn 1 0 0
vn 1 0 0
vn 1 0 0
vn -0 -1 0
vn -0 -1 0
vn -0 -1 0
vn -0 -1 0
vn -0 0 -1
vn -0 0 -1
vn -0 0 -1
vn -0 0 -1
vn -0 0 1
vn -0 0 1
vn -0 0 1
vn -0 0 1
vn -1 0 0
vn -1 0 0
vn -1 0 0
vn -1 0 0
vn -0 1 0
vn -0 1 0
vn -0 1 0
vn -0 1 0
vn 1 0 0
vn 1 0 0
vn 1 0 0
vn 1 0 0
vn -0 -1 0
vn -0 -1 0
vn -0 -1 0
vn -0 -1 0
vn -0 0 -1
vn -0 0 -1
vn -0 0 -1
vn -0 0 -1
vn -0 0 1
vn -0 0 1
vn -0 0 1
vn -0 0 1
vn -1 0 0
vn -1 0 0
vn -1 0 0
vn -1 0 0
vn -0 1 0
vn -0 1 0
vn -0 1 0
vn -0 1 0
vn 1 0 0
vn 1 0 0
vn 1 0 0
vn 1 0 0
vn -0 -1 0
vn -0 -1 0
vn -0 -1 0
vn -0 -1 0
vn -0 0 -1
vn -0 0 -1
vn -0 0 -1
vn -0 0 -1
vn -0 0 1
vn -0 0 1
vn -0 0 1
vn -0 0 1
vn -1 0 0
vn -1 0 0
vn -1 0 0
vn -1 0 0
vn -0 1 0
vn -0 1 0
vn -0 1 0
vn -0 1 0
vn 1 0 0
vn 1 0 0
vn 1 0 0
vn 1 0 0
vn -0 -1 0
vn -0 -1 0
vn -0 -1 0
vn -0 -1 0
vn -0 0 -1
vn -0 0 -1
vn -0 0 -1
vn -0 0 -1
vn -0 0 1
vn -0 0 1
vn -0 0 1
vn -0 0 1
vn -1 0 0
vn -1 0 0
vn -1 0 0
vn -1 0 0
vn -0 1 0
vn -0 1 0
vn -0 1 0
vn -0 1 0
vn 1 0 0
vn 1 0 0
vn 1 0 0
vn 1 0 0
vn -0 -1 0
vn -0 -1 0
vn -0 -1 0
vn -0 -1 0
vn -0 0 -1
vn -0 0 -1
vn -0 0 -1
vn -0 0 -1
vn -0 0 1
vn -0 0 1
vn -0 0 1
vn -0 0 1
vn -1 0 0
vn -1 0 0
vn -1 0 0
vn -1 0 0
vn -0 1 0
vn -0 1 0
vn -0 1 0
vn -0 1 0
vn 1 0 0
vn 1 0 0
vn 1 0 0
vn 1 0 0
vn -0 -1 0
vn -0 -1 0
vn -0 -1 0
vn -0 -1 0
vn -0 0 -1
vn -0 0 -1
vn -0 0 -1
vn -0 0 -1
vn -0 0 1
vn -0 0 1
vn -0 0 1
vn -0 0 1
vn -1 0 0
vn -1 0 0
vn -1 0 0
vn -1 0 0
vn -0 1 0
vn -0 1 0
vn -0 1 0
vn -0 1 0
vn 1 0 0
vn 1 0 0
vn 1 0 0
vn 1 0 0
vn -0 -1 0
vn -0 -1 0
vn -0 -1 0
vn -0 -1 0
vn -0 0 -1
vn -0 0 -1
vn -0 0 -1
vn -0 0 -1
vn -0 0 1
vn -0 0 1
vn -0 0 1
vn -0 0 1
vn -1 0 0
vn -1 0 0
vn -1 0 0
vn -1 0 0
vn -0 1 0
vn -0 1 0
vn -0 1 0
vn -0 1 0
vn 1 0 0
vn 1 0 0
vn 1 0 0
vn 1 0 0
vn -0 -1 0
vn -0 -1 0
vn -0 -1 0
vn -0 -1 0
vn -0 0 -1
vn -0 0 -1
vn -0 0 -1
vn -0 0 -1
vn -0 0 1
vn -0 0 1
vn -0 0 1
vn -0 0 1
vn -0.7452066 0.6668337 0
vn -0.7452066 0.6668337 0
vn -0.7452066 0.6668337 0
vn -0.7452066 0.6668337 0
vn 0.66683376 0.7452065 0
vn 0.66683376 0.7452065 0
vn 0.66683376 0.7452065 0
vn 0.66683376 0.7452065 0
vn 0.7452063 -0.6668339 0
vn 0.7452063 -0.6668339 0
vn 0.7452063 -0.6668339 0
vn 0.7452063 -0.6668339 0
vn -0.66683346 -0.7452067 0
vn -0.66683346 -0.7452067 0
vn -0.66683346 -0.7452067 0
vn -0.66683346 -0.7452067 0
vn -0 0 -1
vn -0 0 -1
vn -0 0 -1
vn -0 0 -1
vn -0 0 1
vn -0 0 1
vn -0 0 1
vn -0 0 1
vn -0.99957305 -0.029216863 0
vn -0.99957305 -0.029216863 0
vn -0.99957305 -0.029216863 0
vn -0.99957305 -0.029216863 0
vn -0.029216623 0.99957305 0
vn -0.029216623 0.99957305 0
vn -0.029216623 0.99957305 0
vn -0.029216623 0.99957305 0
vn 0.99957305 0.029216886 0
vn 0.99957305 0.029216886 0
vn 0.99957305 0.029216886 0
vn 0.99957305 0.029216886 0
vn 0.029216923 -0.99957305 0
vn 0.029216923 -0.99957305 0
vn 0.029216923 -0.99957305 0
vn 0.029216923 -0.99957305 0
vn -0 0 -1
vn -0 0 -1
vn -0 0 -1
vn -0 0 -1
vn -0 0 1
vn -0 0 1
vn -0 0 1
vn -0 0 1
vn -0.985105 -0.17195407 0
vn -0.985105 -0.17195407 0
vn -0.985105 -0.17195407 0
vn -0.985105 -0.17195407 0
vn -0.17195442 0.98510486 0
vn -0.17195442 0.98510486 0
vn -0.17195442 0.98510486 0
vn -0.17195442 0.98510486 0
vn 0.985105 0.17195423 0
vn 0.985105 0.17195423 0
vn 0.985105 0.17195423 0
vn 0.985105 0.17195423 0
vn 0.17195477 -0.98510486 0
vn 0.17195477 -0.98510486 0
vn 0.17195477 -0.98510486 0
vn 0.17195477 -0.98510486 0
vn -0 0 -1
vn -0 0 -1
vn -0 0 -1
vn -0 0 -1
vn -0 0 1
vn -0 0 1
vn -0 0 1
vn -0 0 1
vn -1 0 0
vn -1 0 0
vn -1 0 0
vn -1 0 0
vn -1 0 0
vn -1 0 0
vn -0 1 0
vn -0 1 0
vn -0 1 0
vn -0 1 0
vn -0 1 0
vn -0 1 0
vn 1 0 0
vn 1 0 0
vn 1 0 0
vn 1 0 0
vn -0 0 1
vn -0 0 1
vn -0 0 1
vn -0 0 1
vn -0 0 1
vn -0 0 1
vn -0 0 -1
vn -0 0 -1
vn -0 0 -1
vn -0 0 -1
vn -0 0 -1
vn -0 0 -1
vn -0 0 -1
vn -0 0 -1
vn 0.674486 0 0.7382876
vn 0.674486 0 0.7382876
vn 0.674486 0 0.7382876
vn 0.674486 0 0.7382876
vn -0 -1 0
vn -0 -1 0
vn -0 -1 0
vn -0 -1 0
vn -0 -1 0
vn -0 -1 0
vn -0 -1 0
vn -0 -1 0
vn 1 0 0
vn 1 0 0
vn 1 0 0
vn 1 0 0
vn -1 0 0
vn -1 0 0
vn -1 0 0
vn -1 0 0
vn -0 1 0
vn -0 1 0
vn -0 1 0
vn -0 1 0
vn 1 0 0
vn 1 0 0
vn 1 0 0
vn 1 0 0
vn -0 -1 0
vn -0 -1 0
vn -0 -1 0
vn -0 -1 0
vn -0 0 -1
vn -0 0 -1
vn -0 0 -1
vn -0 0 -1
vn -0 0 1
vn -0 0 1
vn -0 0 1
vn -0 0 1
vn -1 0 0
vn -1 0 0
vn -1 0 0
vn -1 0 0
vn -0 1 0
vn -0 1 0
vn -0 1 0
vn -0 1 0
vn 1 0 0
vn 1 0 0
vn 1 0 0
vn 1 0 0
vn -0 -1 0
vn -0 -1 0
vn -0 -1 0
vn -0 -1 0
vn -0 0 -1
vn -0 0 -1
vn -0 0 -1
vn -0 0 -1
vn -0 0 1
vn -0 0 1
vn -0 0 1
vn -0 0 1
vn -1 0 0
vn -1 0 0
vn -1 0 0
vn -1 0 0
vn -0 1 0
vn -0 1 0
vn -0 1 0
vn -0 1 0
vn 1 0 0
vn 1 0 0
vn 1 0 0
vn 1 0 0
vn -0 -1 0
vn -0 -1 0
vn -0 -1 0
vn -0 -1 0
vn -0 0 -1
vn -0 0 -1
vn -0 0 -1
vn -0 0 -1
vn -0 0 1
vn -0 0 1
vn -0 0 1
vn -0 0 1
vn -1 0 0
vn -1 0 0
vn -1 0 0
vn -1 0 0
vn -0 1 0
vn -0 1 0
vn -0 1 0
vn -0 1 0
vn 1 0 0
vn 1 0 0
vn 1 0 0
vn 1 0 0
vn -0 -1 0
vn -0 -1 0
vn -0 -1 0
vn -0 -1 0
vn -0 0 -1
vn -0 0 -1
vn -0 0 -1
vn -0 0 -1
vn -0 0 1
vn -0 0 1
vn -0 0 1
vn -0 0 1
vn -1 0 0
vn -1 0 0
vn -1 0 0
vn -1 0 0
vn -0 1 0
vn -0 1 0
vn -0 1 0
vn -0 1 0
vn 1 0 0
vn 1 0 0
vn 1 0 0
vn 1 0 0
vn -0 -1 0
vn -0 -1 0
vn -0 -1 0
vn -0 -1 0
vn -0 0 -1
vn -0 0 -1
vn -0 0 -1
vn -0 0 -1
vn -0 0 1
vn -0 0 1
vn -0 0 1
vn -0 0 1
vn -1 0 0
vn -1 0 0
vn -1 0 0
vn -1 0 0
vn -0 1 0
vn -0 1 0
vn -0 1 0
vn -0 1 0
vn 1 0 0
vn 1 0 0
vn 1 0 0
vn 1 0 0
vn -0 -1 0
vn -0 -1 0
vn -0 -1 0
vn -0 -1 0
vn -0 0 -1
vn -0 0 -1
vn -0 0 -1
vn -0 0 -1
vn -0 0 1
vn -0 0 1
vn -0 0 1
vn -0 0 1
vn 0.5299723 0.223262 -0.8180974
vn 0.5299723 0.223262 -0.8180974
vn 0.5299723 0.223262 -0.8180974
vn 0.5299723 0.223262 -0.8180974
vn 0.713768 -0.09759204 -0.6935496
vn 0.713768 -0.09759204 -0.6935496
vn 0.713768 -0.09759204 -0.6935496
vn 0.713768 -0.09759204 -0.6935496
vn 0.7888993 -0.40358904 -0.46341527
vn 0.7888993 -0.40358904 -0.46341527
vn 0.7888993 -0.40358904 -0.46341527
vn 0.7888993 -0.40358904 -0.46341527
vn 0.74392754 -0.6481443 -0.16272944
vn 0.74392754 -0.6481443 -0.16272944
vn 0.74392754 -0.6481443 -0.16272944
vn 0.74392754 -0.6481443 -0.16272944
vn 0.5857 -0.7940243 0.16272968
vn 0.5857 -0.7940243 0.16272968
vn 0.5857 -0.7940243 0.16272968
vn 0.5857 -0.7940243 0.16272968
vn 0.33830416 -0.81902134 0.4634159
vn 0.33830416 -0.81902134 0.4634159
vn 0.33830416 -0.81902134 0.4634159
vn 0.33830416 -0.81902134 0.4634159
vn 0.039405078 -0.7193296 0.6935504
vn 0.039405078 -0.7193296 0.6935504
vn 0.039405078 -0.7193296 0.6935504
vn 0.039405078 -0.7193296 0.6935504
vn -0.2654929 -0.51012766 0.81809735
vn -0.2654929 -0.51012766 0.81809735
vn -0.2654929 -0.51012766 0.81809735
vn -0.2654929 -0.51012766 0.81809735
vn -0.52997303 -0.2232625 0.8180969
vn -0.52997303 -0.2232625 0.8180969
vn -0.52997303 -0.2232625 0.8180969
vn -0.52997303 -0.2232625 0.8180969
vn -0.7137682 0.09759188 0.6935494
vn -0.7137682 0.09759188 0.6935494
vn -0.7137682 0.09759188 0.6935494
vn -0.7137682 0.09759188 0.6935494
vn -0.7888992 0.40358928 0.46341524
vn -0.7888992 0.40358928 0.46341524
vn -0.7888992 0.40358928 0.46341524
vn -0.7888992 0.40358928 0.46341524
vn -0.7439265 0.64814496 0.16273077
vn -0.7439265 0.64814496 0.16273077
vn -0.7439265 0.64814496 0.16273077
vn -0.7439265 0.64814496 0.16273077
vn -0.58569956 0.7940247 -0.16272962
vn -0.58569956 0.7940247 -0.16272962
vn -0.58569956 0.7940247 -0.16272962
vn -0.58569956 0.7940247 -0.16272962
vn -0.3383045 0.8190218 -0.46341485
vn -0.3383045 0.8190218 -0.46341485
vn -0.3383045 0.8190218 -0.46341485
vn -0.3383045 0.8190218 -0.46341485
vn 0.613258 0.5654016 0.55157554
vn 0.613258 0.5654016 0.55157554
vn 0.613258 0.5654016 0.55157554
vn 0.613258 0.5654016 0.55157554
vn 0.613258 0.5654016 0.55157554
vn 0.613258 0.5654016 0.55157554
vn 0.613258 0.5654016 0.55157554
vn 0.613258 0.5654016 0.55157554
vn 0.613258 0.5654016 0.55157554
vn 0.613258 0.5654016 0.55157554
vn 0.613258 0.5654016 0.55157554
vn 0.613258 0.5654016 0.55157554
vn 0.613258 0.5654016 0.55157554
vn 0.613258 0.5654016 0.55157554
vn 0.613258 0.5654016 0.55157554
vn 0.613258 0.5654016 0.55157554
vn -0.039405808 0.7193306 -0.6935493
vn -0.039405808 0.7193306 -0.6935493
vn -0.039405808 0.7193306 -0.6935493
vn -0.039405808 0.7193306 -0.6935493
vn 0.26549217 0.5101271 -0.81809795
vn 0.26549217 0.5101271 -0.81809795
vn 0.26549217 0.5101271 -0.81809795
vn 0.26549217 0.5101271 -0.81809795
vn -0.61325794 -0.56540143 -0.55157566
vn -0.61325794 -0.56540143 -0.55157566
vn -0.61325794 -0.56540143 -0.55157566
vn -0.61325794 -0.56540143 -0.55157566
vn -0.61325794 -0.56540143 -0.55157566
vn -0.61325794 -0.56540143 -0.55157566
vn -0.61325794 -0.56540143 -0.55157566
vn -0.61325794 -0.56540143 -0.55157566
vn -0.61325794 -0.56540143 -0.55157566
vn -0.61325794 -0.56540143 -0.55157566
vn -0.61325794 -0.56540143 -0.55157566
vn -0.61325794 -0.56540143 -0.55157566
vn -0.61325794 -0.56540143 -0.55157566
vn -0.61325794 -0.56540143 -0.55157566
vn -0.61325794 -0.56540143 -0.55157566
vn -0.61325794 -0.56540143 -0.55157566
vn 0.91081953 0.19413571 -0.36430612
vn 0.91081953 0.19413571 -0.36430612
vn 0.91081953 0.19413571 -0.36430612
vn 0.91081953 0.19413571 -0.36430612
vn -0.28597924 -0.33968621 -0.89600736
vn -0.28597924 -0.33968621 -0.89600736
vn -0.28597924 -0.33968621 -0.89600736
vn -0.28597924 -0.33968621 -0.89600736
vn -0.91081953 -0.19413577 0.36430606
vn -0.91081953 -0.19413577 0.36430606
vn -0.91081953 -0.19413577 0.36430606
vn -0.91081953 -0.19413577 0.36430606
vn -0.29769692 0.92028505 -0.25387403
vn -0.29769692 0.92028505 -0.25387403
vn -0.29769692 0.92028505 -0.25387403
vn -0.29769692 0.92028505 -0.25387403
vn 0.28597906 0.339686 0.8960074
vn 0.28597906 0.339686 0.8960074
vn 0.28597906 0.339686 0.8960074
vn 0.28597906 0.339686 0.8960074
vn 0.29769662 -0.92028505 0.25387424
vn 0.29769662 -0.92028505 0.25387424
vn 0.29769662 -0.92028505 0.25387424
vn 0.29769662 -0.92028505 0.25387424
vn 0.82454115 0.41622835 0.38325706
vn 0.82454115 0.41622835 0.38325706
vn 0.82454115 0.41622835 0.38325706
vn 0.82454115 0.41622835 0.38325706
vn 0.47856814 -0.15169626 -0.8648473
vn 0.47856814 -0.15169626 -0.8648473
vn 0.47856814 -0.15169626 -0.8648473
vn 0.47856814 -0.15169626 -0.8648473
vn -0.82454115 -0.41622868 -0.38325644
vn -0.82454115 -0.41622868 -0.38325644
vn -0.82454115 -0.41622868 -0.38325644
vn -0.82454115 -0.41622868 -0.38325644
vn -0.30183575 0.8965164 -0.32427385
vn -0.30183575 0.8965164 -0.32427385
vn -0.30183575 0.8965164 -0.32427385
vn -0.30183575 0.8965164 -0.32427385
vn -0.4785679 0.15169697 0.8648472
vn -0.4785679 0.15169697 0.8648472
vn -0.4785679 0.15169697 0.8648472
vn -0.4785679 0.15169697 0.8648472
vn 0.30183545 -0.89651656 0.32427356
vn 0.30183545 -0.89651656 0.32427356
vn 0.30183545 -0.89651656 0.32427356
vn 0.30183545 -0.89651656 0.32427356
vn 0.96102947 0.27644628 0
vn 0.96102947 0.27644628 0
vn 0.96102947 0.27644628 0
vn 0.96102947 0.27644628 0
vn -0.104462214 0.3631492 -0.9258565
vn -0.104462214 0.3631492 -0.9258565
vn -0.104462214 0.3631492 -0.9258565
vn -0.104462214 0.3631492 -0.9258565
vn -0.96102947 -0.27644604 0
vn -0.96102947 -0.27644604 0
vn -0.96102947 -0.27644604 0
vn -0.96102947 -0.27644604 0
vn -0.25594914 0.8897755 0.377875
vn -0.25594914 0.8897755 0.377875
vn -0.25594914 0.8897755 0.377875
vn -0.25594914 0.8897755 0.377875
vn 0.10446211 -0.3631489 0.9258567
vn 0.10446211 -0.3631489 0.9258567
vn 0.10446211 -0.3631489 0.9258567
vn 0.10446211 -0.3631489 0.9258567
vn 0.2559497 -0.88977534 -0.37787512
vn 0.2559497 -0.88977534 -0.37787512
vn 0.2559497 -0.88977534 -0.37787512
vn 0.2559497 -0.88977534 -0.37787512
vn -1 0 0
vn -1 0 0
vn -1 0 0
vn -1 0 0
vn -0 1 0
vn -0 1 0
vn -0 1 0
vn -0 1 0
vn -0 1 0
vn -0 1 0
vn 1 0 0
vn 1 0 0
vn 1 0 0
vn 1 0 0
vn -0 -1 0
vn -0 -1 0
vn -0 -1 0
vn -0 -1 0
vn -0 -1 0
vn -0 -1 0
vn -0 -1 0
vn -0 -1 0
vn -0 -1 0
vn -0 -1 0
vn -0 -1 0
vn -0 -1 0
vn -0 -1 0
vn -0 -1 0
vn -0 0 -1
vn -0 0 -1
vn -0 0 -1
vn -0 0 -1
vn -0 0 -1
vn -0 0 -1
vn -0.4863517 0.15732387 0.8594832
vn -0.4863517 0.15732387 0.8594832
vn -0.4863517 0.15732387 0.8594832
vn -0.4863517 0.15732387 0.8594832
vn -0.48192096 0 0.8762147
vn -0.48192096 0 0.8762147
vn -0.48192096 0 0.8762147
vn -0.48192096 0 0.8762147
vn 0.48192102 0 0.8762146
vn 0.48192102 0 0.8762146
vn 0.48192102 0 0.8762146
vn 0.48192102 0 0.8762146
vn -0.6452172 0 0.76399916
vn -0.6452172 0 0.76399916
vn -0.6452172 0 0.76399916
vn -0.6452172 0 0.76399916
vn 0.49847585 -0.14509138 -0.85467565
vn 0.49847585 -0.14509138 -0.85467565
vn 0.49847585 -0.14509138 -0.85467565
vn 0.49847585 -0.14509138 -0.85467565
vn 0.7615195 0.01690509 -0.6479215
vn 0.7615195 0.01690509 -0.6479215
vn 0.7615195 0.01690509 -0.6479215
vn 0.7615195 0.01690509 -0.6479215
vn -0.020975275 0.9997638 -0.0056979503
vn -0.020975275 0.9997638 -0.0056979503
vn -0.020975275 0.9997638 -0.0056979503
vn -0.020975275 0.9997638 -0.0056979503
vn 0.020975245 0.9997638 -0.0056994203
vn 0.020975245 0.9997638 -0.0056994203
vn -0.7615195 0.016905107 -0.6479215
vn -0.7615195 0.016905107 -0.6479215
vn -0.7615195 0.016905107 -0.6479215
vn -0.7615195 0.016905107 -0.6479215
vn 0.48635176 0.1573227 0.8594833
vn 0.48635176 0.1573227 0.8594833
vn 0.48635176 0.1573227 0.8594833
vn 0.48635176 0.1573227 0.8594833
vn -0.6452159 0 -0.76400024
vn -0.6452159 0 -0.76400024
vn -0.6452159 0 -0.76400024
vn -0.6452159 0 -0.76400024
vn -0.49847573 -0.14509012 -0.8546759
vn -0.49847573 -0.14509012 -0.8546759
vn -0.49847573 -0.14509012 -0.8546759
vn -0.49847573 -0.14509012 -0.8546759
vn 0.6452172 0 0.76399916
vn 0.6452172 0 0.76399916
vn 0.6452172 0 0.76399916
vn 0.6452172 0 0.76399916
vn 0.6452159 0 -0.76400024
vn 0.6452159 0 -0.76400024
vn 0.6452159 0 -0.76400024
vn 0.6452159 0 -0.76400024
vn -1 0 0
vn -1 0 0
vn -1 0 0
vn -1 0 0
vn -0 1 0
vn -0 1 0
vn -0 1 0
vn -0 1 0
vn 1 0 0
vn 1 0 0
vn 1 0 0
vn 1 0 0
vn -0 -1 0
vn -0 -1 0
vn -0 -1 0
vn -0 -1 0
vn -0 0 -1
vn -0 0 -1
vn -0 0 -1
vn -0 0 -1
vn -0 0 1
vn -0 0 1
vn -0 0 1
vn -0 0 1
vn -1 0 0
vn -1 0 0
vn -1 0 0
vn -1 0 0
vn -0 1 0
vn -0 1 0
vn -0 1 0
vn -0 1 0
vn 1 0 0
vn 1 0 0
vn 1 0 0
vn 1 0 0
vn -0 -1 0
vn -0 -1 0
vn -0 -1 0
vn -0 -1 0
vn -0 0 -1
vn -0 0 -1
vn -0 0 -1
vn -0 0 -1
vn -0 0 1
vn -0 0 1
vn -0 0 1
vn -0 0 1
vn -1 0 0
vn -1 0 0
vn -1 0 0
vn -1 0 0
vn -0 1 0
vn -0 1 0
vn -0 1 0
vn -0 1 0
vn 1 0 0
vn 1 0 0
vn 1 0 0
vn 1 0 0
vn -0 -1 0
vn -0 -1 0
vn -0 -1 0
vn -0 -1 0
vn -0 0 -1
vn -0 0 -1
vn -0 0 -1
vn -0 0 -1
vn -0 0 1
vn -0 0 1
vn -0 0 1
vn -0 0 1
vn -1 0 0
vn -1 0 0
vn -1 0 0
vn -1 0 0
vn -0 1 0
vn -0 1 0
vn -0 1 0
vn -0 1 0
vn 1 0 0
vn 1 0 0
vn 1 0 0
vn 1 0 0
vn -0 -1 0
vn -0 -1 0
vn -0 -1 0
vn -0 -1 0
vn -0 0 -1
vn -0 0 -1
vn -0 0 -1
vn -0 0 -1
vn -0 0 1
vn -0 0 1
vn -0 0 1
vn -0 0 1
vn -1 0 0
vn -1 0 0
vn -1 0 0
vn -1 0 0
vn -0 1 0
vn -0 1 0
vn -0 1 0
vn -0 1 0
vn 1 0 0
vn 1 0 0
vn 1 0 0
vn 1 0 0
vn -0 -1 0
vn -0 -1 0
vn -0 -1 0
vn -0 -1 0
vn -0 0 -1
vn -0 0 -1
vn -0 0 -1
vn -0 0 -1
vn -0 0 1
vn -0 0 1
vn -0 0 1
vn -0 0 1
vn -1 0 0
vn -1 0 0
vn -1 0 0
vn -1 0 0
vn -0 1 0
vn -0 1 0
vn -0 1 0
vn -0 1 0
vn 1 0 0
vn 1 0 0
vn 1 0 0
vn 1 0 0
vn -0 -1 0
vn -0 -1 0
vn -0 -1 0
vn -0 -1 0
vn -0 0 -1
vn -0 0 -1
vn -0 0 -1
vn -0 0 -1
vn -0 0 1
vn -0 0 1
vn -0 0 1
vn -0 0 1
vn -0 -1 0
vn -0 -1 0
vn -0 -1 0
vn -0 -1 0
vn -1 0 0
vn -1 0 0
vn -1 0 0
vn -1 0 0
vn -0 1 0
vn -0 1 0
vn -0 1 0
vn -0 1 0
vn 1 0 0
vn 1 0 0
vn 1 0 0
vn 1 0 0
vn -0 -1 0
vn -0 -1 0
vn -0 -1 0
vn -0 -1 0
vn -0 0 -1
vn -0 0 -1
vn -0 0 -1
vn -0 0 -1
vn -0 0 1
vn -0 0 1
vn -0 0 1
vn -0 0 1
vn -0 -1 0
vn -0 -1 0
vn -0 -1 0
vn -0 -1 0
vn -1 0 0
vn -1 0 0
vn -1 0 0
vn -1 0 0
vn -0 1 0
vn -0 1 0
vn -0 1 0
vn -0 1 0
vn 1 0 0
vn 1 0 0
vn 1 0 0
vn 1 0 0
vn -0 0 -1
vn -0 0 -1
vn -0 0 -1
vn -0 0 -1
vn -0 0 1
vn -0 0 1
vn -0 0 1
vn -0 0 1
vn 1 0 0
vn 1 0 0
vn 1 0 0
vn 1 0 0
vn 1 0 0
vn 1 0 0
vn 1 0 0
vn 1 0 0
vn -0 1 0
vn -0 1 0
vn -0 1 0
vn -0 1 0
vn -1 0 0
vn -1 0 0
vn -1 0 0
vn -1 0 0
vn -0 0 1
vn -0 0 1
vn -0 0 1
vn -0 0 1
vn -0 -1 0
vn -0 -1 0
vn -0 -1 0
vn -0 -1 0
vn -0 1 0
vn -0 1 0
vn -0 1 0
vn -0 1 0
vn -1 0 0
vn -1 0 0
vn -1 0 0
vn -1 0 0
vn -0 0 1
vn -0 0 1
vn -0 0 1
vn -0 0 1
vn -0 0 1
vn -0 0 1
vn -0 0 1
vn -0 0 1
vn -0 0 1
vn -0 0 1
vn -0 0 1
vn -0 0 1
vn -0 0 1
vn -0 0 1
vn -0 0 1
vn -0 0 1
vn -0 0 1
vn -0 0 1
vn -0 0 1
vn -0 0 1
g Archer Barracks Final Lvl3_0
f 3/3/3 2/2/2 1/1/1
f 4/4/4 3/3/3 1/1/1
f 7/7/7 6/6/6 5/5/5
f 8/8/8 7/7/7 5/5/5
f 11/11/11 10/10/10 9/9/9
f 12/12/12 11/11/11 9/9/9
f 12/12/12 9/9/9 13/13/13
f 14/14/14 12/12/12 13/13/13
f 17/17/17 16/16/16 15/15/15
f 18/18/18 17/17/17 15/15/15
f 18/18/18 15/15/15 19/19/19
f 20/20/20 18/18/18 19/19/19
f 23/23/23 22/22/22 21/21/21
f 22/22/22 24/24/24 21/21/21
f 21/21/21 24/24/24 25/25/25
f 24/24/24 26/26/26 25/25/25
f 29/29/29 28/28/28 27/27/27
f 28/28/28 30/30/30 27/27/27
f 27/27/27 30/30/30 31/31/31
f 30/30/30 32/32/32 31/31/31
f 35/35/35 34/34/34 33/33/33
f 36/36/36 35/35/35 33/33/33
f 39/39/39 38/38/38 37/37/37
f 40/40/40 39/39/39 37/37/37
f 43/43/43 42/42/42 41/41/41
f 42/42/42 44/44/44 41/41/41
f 41/41/41 44/44/44 45/45/45
f 44/44/44 46/46/46 45/45/45
f 49/49/49 48/48/48 47/47/47
f 50/50/50 49/49/49 47/47/47
f 53/53/53 52/52/52 51/51/51
f 54/54/54 53/53/53 51/51/51
f 57/57/57 56/56/56 55/55/55
f 58/58/58 57/57/57 55/55/55
f 58/58/58 55/55/55 59/59/59
f 60/60/60 58/58/58 59/59/59
f 63/63/63 62/62/62 61/61/61
f 64/64/64 63/63/63 61/61/61
f 67/67/67 66/66/66 65/65/65
f 68/68/68 67/67/67 65/65/65
f 68/68/68 65/65/65 69/69/69
f 70/70/70 68/68/68 69/69/69
f 73/73/73 72/72/72 71/71/71
f 72/72/72 74/74/74 71/71/71
f 71/71/71 74/74/74 75/75/75
f 74/74/74 76/76/76 75/75/75
f 79/79/79 78/78/78 77/77/77
f 80/80/80 79/79/79 77/77/77
f 83/83/83 82/82/82 81/81/81
f 84/84/84 83/83/83 81/81/81
f 87/87/87 86/86/86 85/85/85
f 88/88/88 87/87/87 85/85/85
f 91/91/91 90/90/90 89/89/89
f 92/92/92 91/91/91 89/89/89
f 92/92/92 89/89/89 93/93/93
f 89/89/89 94/94/94 93/93/93
f 93/93/93 94/94/94 95/95/95
f 94/94/94 96/96/96 95/95/95
f 96/96/96 97/97/97 95/95/95
f 97/97/97 98/98/98 95/95/95
f 101/101/101 100/100/100 99/99/99
f 102/102/102 101/101/101 99/99/99
f 105/105/105 104/104/104 103/103/103
f 106/106/106 105/105/105 103/103/103
f 109/109/109 108/108/108 107/107/107
f 110/110/110 109/109/109 107/107/107
f 113/113/113 112/112/112 111/111/111
f 114/114/114 113/113/113 111/111/111
f 117/117/117 116/116/116 115/115/115
f 118/118/118 117/117/117 115/115/115
f 121/121/121 120/120/120 119/119/119
f 122/122/122 121/121/121 119/119/119
f 125/125/125 124/124/124 123/123/123
f 126/126/126 125/125/125 123/123/123
f 129/129/129 128/128/128 127/127/127
f 130/130/130 129/129/129 127/127/127
f 133/133/133 132/132/132 131/131/131
f 134/134/134 133/133/133 131/131/131
f 137/137/137 136/136/136 135/135/135
f 138/138/138 137/137/137 135/135/135
f 141/141/141 140/140/140 139/139/139
f 142/142/142 141/141/141 139/139/139
f 145/145/145 144/144/144 143/143/143
f 146/146/146 145/145/145 143/143/143
f 149/149/149 148/148/148 147/147/147
f 150/150/150 149/149/149 147/147/147
f 153/153/153 152/152/152 151/151/151
f 154/154/154 153/153/153 151/151/151
f 157/157/157 156/156/156 155/155/155
f 158/158/158 157/157/157 155/155/155
f 161/161/161 160/160/160 159/159/159
f 162/162/162 161/161/161 159/159/159
f 165/165/165 164/164/164 163/163/163
f 166/166/166 165/165/165 163/163/163
f 169/169/169 168/168/168 167/167/167
f 170/170/170 169/169/169 167/167/167
f 173/173/173 172/172/172 171/171/171
f 174/174/174 173/173/173 171/171/171
f 177/177/177 176/176/176 175/175/175
f 178/178/178 177/177/177 175/175/175
f 181/181/181 180/180/180 179/179/179
f 182/182/182 181/181/181 179/179/179
f 185/185/185 184/184/184 183/183/183
f 186/186/186 185/185/185 183/183/183
f 189/189/189 188/188/188 187/187/187
f 190/190/190 189/189/189 187/187/187
f 193/193/193 192/192/192 191/191/191
f 194/194/194 193/193/193 191/191/191
f 197/197/197 196/196/196 195/195/195
f 198/198/198 197/197/197 195/195/195
f 201/201/201 200/200/200 199/199/199
f 202/202/202 201/201/201 199/199/199
f 205/205/205 204/204/204 203/203/203
f 206/206/206 205/205/205 203/203/203
f 209/209/209 208/208/208 207/207/207
f 210/210/210 209/209/209 207/207/207
f 213/213/213 212/212/212 211/211/211
f 214/214/214 213/213/213 211/211/211
f 217/217/217 216/216/216 215/215/215
f 218/218/218 217/217/217 215/215/215
f 221/221/221 220/220/220 219/219/219
f 222/222/222 221/221/221 219/219/219
f 225/225/225 224/224/224 223/223/223
f 226/226/226 225/225/225 223/223/223
f 229/229/229 228/228/228 227/227/227
f 230/230/230 229/229/229 227/227/227
f 233/233/233 232/232/232 231/231/231
f 234/234/234 233/233/233 231/231/231
f 237/237/237 236/236/236 235/235/235
f 238/238/238 237/237/237 235/235/235
f 241/241/241 240/240/240 239/239/239
f 242/242/242 241/241/241 239/239/239
f 245/245/245 244/244/244 243/243/243
f 246/246/246 245/245/245 243/243/243
f 249/249/249 248/248/248 247/247/247
f 250/250/250 249/249/249 247/247/247
f 253/253/253 252/252/252 251/251/251
f 254/254/254 253/253/253 251/251/251
f 257/257/257 256/256/256 255/255/255
f 258/258/258 257/257/257 255/255/255
f 261/261/261 260/260/260 259/259/259
f 262/262/262 261/261/261 259/259/259
f 265/265/265 264/264/264 263/263/263
f 266/266/266 265/265/265 263/263/263
f 269/269/269 268/268/268 267/267/267
f 270/270/270 269/269/269 267/267/267
f 273/273/273 272/272/272 271/271/271
f 274/274/274 273/273/273 271/271/271
f 277/277/277 276/276/276 275/275/275
f 278/278/278 277/277/277 275/275/275
f 281/281/281 280/280/280 279/279/279
f 282/282/282 281/281/281 279/279/279
f 285/285/285 284/284/284 283/283/283
f 286/286/286 285/285/285 283/283/283
f 289/289/289 288/288/288 287/287/287
f 290/290/290 289/289/289 287/287/287
f 293/293/293 292/292/292 291/291/291
f 294/294/294 293/293/293 291/291/291
f 297/297/297 296/296/296 295/295/295
f 298/298/298 297/297/297 295/295/295
f 301/301/301 300/300/300 299/299/299
f 302/302/302 301/301/301 299/299/299
f 305/305/305 304/304/304 303/303/303
f 306/306/306 305/305/305 303/303/303
f 309/309/309 308/308/308 307/307/307
f 310/310/310 309/309/309 307/307/307
f 313/313/313 312/312/312 311/311/311
f 314/314/314 313/313/313 311/311/311
f 317/317/317 316/316/316 315/315/315
f 318/318/318 317/317/317 315/315/315
f 321/321/321 320/320/320 319/319/319
f 322/322/322 321/321/321 319/319/319
f 325/325/325 324/324/324 323/323/323
f 326/326/326 325/325/325 323/323/323
f 329/329/329 328/328/328 327/327/327
f 330/330/330 329/329/329 327/327/327
f 333/333/333 332/332/332 331/331/331
f 334/334/334 333/333/333 331/331/331
f 337/337/337 336/336/336 335/335/335
f 338/338/338 337/337/337 335/335/335
f 341/341/341 340/340/340 339/339/339
f 342/342/342 341/341/341 339/339/339
f 345/345/345 344/344/344 343/343/343
f 346/346/346 345/345/345 343/343/343
f 349/349/349 348/348/348 347/347/347
f 350/350/350 349/349/349 347/347/347
f 353/353/353 352/352/352 351/351/351
f 354/354/354 353/353/353 351/351/351
f 357/357/357 356/356/356 355/355/355
f 358/358/358 357/357/357 355/355/355
f 361/361/361 360/360/360 359/359/359
f 362/362/362 361/361/361 359/359/359
f 365/365/365 364/364/364 363/363/363
f 366/366/366 365/365/365 363/363/363
f 369/369/369 368/368/368 367/367/367
f 370/370/370 369/369/369 367/367/367
f 373/373/373 372/372/372 371/371/371
f 374/374/374 373/373/373 371/371/371
f 377/377/377 376/376/376 375/375/375
f 378/378/378 377/377/377 375/375/375
f 381/381/381 380/380/380 379/379/379
f 382/382/382 381/381/381 379/379/379
f 385/385/385 384/384/384 383/383/383
f 386/386/386 385/385/385 383/383/383
f 389/389/389 388/388/388 387/387/387
f 390/390/390 389/389/389 387/387/387
f 393/393/393 392/392/392 391/391/391
f 394/394/394 393/393/393 391/391/391
f 397/397/397 396/396/396 395/395/395
f 398/398/398 397/397/397 395/395/395
f 401/401/401 400/400/400 399/399/399
f 402/402/402 401/401/401 399/399/399
f 405/405/405 404/404/404 403/403/403
f 406/406/406 405/405/405 403/403/403
f 409/409/409 408/408/408 407/407/407
f 410/410/410 409/409/409 407/407/407
f 413/413/413 412/412/412 411/411/411
f 414/414/414 413/413/413 411/411/411
f 417/417/417 416/416/416 415/415/415
f 418/418/418 417/417/417 415/415/415
f 421/421/421 420/420/420 419/419/419
f 422/422/422 421/421/421 419/419/419
f 425/425/425 424/424/424 423/423/423
f 426/426/426 425/425/425 423/423/423
f 429/429/429 428/428/428 427/427/427
f 430/430/430 429/429/429 427/427/427
f 433/433/433 432/432/432 431/431/431
f 434/434/434 433/433/433 431/431/431
f 437/437/437 436/436/436 435/435/435
f 438/438/438 437/437/437 435/435/435
f 441/441/441 440/440/440 439/439/439
f 442/442/442 441/441/441 439/439/439
f 445/445/445 444/444/444 443/443/443
f 446/446/446 445/445/445 443/443/443
f 449/449/449 448/448/448 447/447/447
f 450/450/450 449/449/449 447/447/447
f 453/453/453 452/452/452 451/451/451
f 454/454/454 453/453/453 451/451/451
f 457/457/457 456/456/456 455/455/455
f 458/458/458 457/457/457 455/455/455
f 461/461/461 460/460/460 459/459/459
f 462/462/462 461/461/461 459/459/459
f 465/465/465 464/464/464 463/463/463
f 466/466/466 465/465/465 463/463/463
f 469/469/469 468/468/468 467/467/467
f 470/470/470 469/469/469 467/467/467
f 473/473/473 472/472/472 471/471/471
f 474/474/474 473/473/473 471/471/471
f 477/477/477 476/476/476 475/475/475
f 478/478/478 477/477/477 475/475/475
f 481/481/481 480/480/480 479/479/479
f 482/482/482 481/481/481 479/479/479
f 485/485/485 484/484/484 483/483/483
f 486/486/486 485/485/485 483/483/483
f 489/489/489 488/488/488 487/487/487
f 490/490/490 489/489/489 487/487/487
f 493/493/493 492/492/492 491/491/491
f 494/494/494 493/493/493 491/491/491
f 497/497/497 496/496/496 495/495/495
f 498/498/498 497/497/497 495/495/495
f 501/501/501 500/500/500 499/499/499
f 502/502/502 501/501/501 499/499/499
f 505/505/505 504/504/504 503/503/503
f 506/506/506 505/505/505 503/503/503
f 503/503/503 507/507/507 506/506/506
f 507/507/507 508/508/508 506/506/506
f 511/511/511 510/510/510 509/509/509
f 512/512/512 511/511/511 509/509/509
f 512/512/512 509/509/509 513/513/513
f 514/514/514 512/512/512 513/513/513
f 517/517/517 516/516/516 515/515/515
f 518/518/518 517/517/517 515/515/515
f 521/521/521 520/520/520 519/519/519
f 522/522/522 521/521/521 519/519/519
f 522/522/522 519/519/519 523/523/523
f 524/524/524 522/522/522 523/523/523
f 527/527/527 526/526/526 525/525/525
f 526/526/526 528/528/528 525/525/525
f 525/525/525 528/528/528 529/529/529
f 528/528/528 530/530/530 529/529/529
f 528/528/528 531/531/531 530/530/530
f 531/531/531 532/532/532 530/530/530
f 535/535/535 534/534/534 533/533/533
f 536/536/536 535/535/535 533/533/533
f 539/539/539 538/538/538 537/537/537
f 540/540/540 539/539/539 537/537/537
f 543/543/543 542/542/542 541/541/541
f 544/544/544 543/543/543 541/541/541
f 547/547/547 546/546/546 545/545/545
f 548/548/548 547/547/547 545/545/545
f 551/551/551 550/550/550 549/549/549
f 552/552/552 551/551/551 549/549/549
f 555/555/555 554/554/554 553/553/553
f 556/556/556 555/555/555 553/553/553
f 559/559/559 558/558/558 557/557/557
f 560/560/560 559/559/559 557/557/557
f 563/563/563 562/562/562 561/561/561
f 564/564/564 563/563/563 561/561/561
f 567/567/567 566/566/566 565/565/565
f 568/568/568 567/567/567 565/565/565
f 571/571/571 570/570/570 569/569/569
f 572/572/572 571/571/571 569/569/569
f 575/575/575 574/574/574 573/573/573
f 576/576/576 575/575/575 573/573/573
f 579/579/579 578/578/578 577/577/577
f 580/580/580 579/579/579 577/577/577
f 583/583/583 582/582/582 581/581/581
f 584/584/584 583/583/583 581/581/581
f 587/587/587 586/586/586 585/585/585
f 588/588/588 587/587/587 585/585/585
f 591/591/591 590/590/590 589/589/589
f 592/592/592 591/591/591 589/589/589
f 595/595/595 594/594/594 593/593/593
f 596/596/596 595/595/595 593/593/593
f 599/599/599 598/598/598 597/597/597
f 600/600/600 599/599/599 597/597/597
f 603/603/603 602/602/602 601/601/601
f 604/604/604 603/603/603 601/601/601
f 607/607/607 606/606/606 605/605/605
f 608/608/608 607/607/607 605/605/605
f 611/611/611 610/610/610 609/609/609
f 612/612/612 611/611/611 609/609/609
f 615/615/615 614/614/614 613/613/613
f 616/616/616 615/615/615 613/613/613
f 619/619/619 618/618/618 617/617/617
f 620/620/620 619/619/619 617/617/617
f 623/623/623 622/622/622 621/621/621
f 624/624/624 623/623/623 621/621/621
f 627/627/627 626/626/626 625/625/625
f 628/628/628 627/627/627 625/625/625
f 631/631/631 630/630/630 629/629/629
f 632/632/632 631/631/631 629/629/629
f 635/635/635 634/634/634 633/633/633
f 636/636/636 635/635/635 633/633/633
f 639/639/639 638/638/638 637/637/637
f 640/640/640 639/639/639 637/637/637
f 643/643/643 642/642/642 641/641/641
f 644/644/644 643/643/643 641/641/641
f 647/647/647 646/646/646 645/645/645
f 648/648/648 647/647/647 645/645/645
f 651/651/651 650/650/650 649/649/649
f 652/652/652 651/651/651 649/649/649
f 655/655/655 654/654/654 653/653/653
f 656/656/656 655/655/655 653/653/653
f 659/659/659 658/658/658 657/657/657
f 660/660/660 659/659/659 657/657/657
f 663/663/663 662/662/662 661/661/661
f 664/664/664 663/663/663 661/661/661
f 667/667/667 666/666/666 665/665/665
f 668/668/668 667/667/667 665/665/665
f 671/671/671 670/670/670 669/669/669
f 672/672/672 671/671/671 669/669/669
f 675/675/675 674/674/674 673/673/673
f 676/676/676 675/675/675 673/673/673
f 679/679/679 678/678/678 677/677/677
f 680/680/680 679/679/679 677/677/677
f 683/683/683 682/682/682 681/681/681
f 684/684/684 683/683/683 681/681/681
f 687/687/687 686/686/686 685/685/685
f 688/688/688 687/687/687 685/685/685
f 691/691/691 690/690/690 689/689/689
f 692/692/692 691/691/691 689/689/689
f 695/695/695 694/694/694 693/693/693
f 696/696/696 695/695/695 693/693/693
f 699/699/699 698/698/698 697/697/697
f 700/700/700 699/699/699 697/697/697
f 703/703/703 702/702/702 701/701/701
f 704/704/704 703/703/703 701/701/701
f 707/707/707 706/706/706 705/705/705
f 708/708/708 707/707/707 705/705/705
f 711/711/711 710/710/710 709/709/709
f 712/712/712 711/711/711 709/709/709
f 715/715/715 714/714/714 713/713/713
f 716/716/716 715/715/715 713/713/713
f 719/719/719 718/718/718 717/717/717
f 720/720/720 719/719/719 717/717/717
f 723/723/723 722/722/722 721/721/721
f 724/724/724 723/723/723 721/721/721
f 727/727/727 726/726/726 725/725/725
f 728/728/728 727/727/727 725/725/725
f 731/731/731 730/730/730 729/729/729
f 732/732/732 731/731/731 729/729/729
f 735/735/735 734/734/734 733/733/733
f 736/736/736 735/735/735 733/733/733
f 739/739/739 738/738/738 737/737/737
f 740/740/740 739/739/739 737/737/737
f 743/743/743 742/742/742 741/741/741
f 744/744/744 743/743/743 741/741/741
f 747/747/747 746/746/746 745/745/745
f 748/748/748 747/747/747 745/745/745
f 751/751/751 750/750/750 749/749/749
f 749/749/749 752/752/752 751/751/751
f 749/749/749 753/753/753 752/752/752
f 753/753/753 754/754/754 752/752/752
f 753/753/753 755/755/755 754/754/754
f 755/755/755 756/756/756 754/754/754
f 755/755/755 757/757/757 756/756/756
f 757/757/757 758/758/758 756/756/756
f 757/757/757 759/759/759 758/758/758
f 759/759/759 760/760/760 758/758/758
f 759/759/759 761/761/761 760/760/760
f 761/761/761 762/762/762 760/760/760
f 761/761/761 763/763/763 762/762/762
f 763/763/763 764/764/764 762/762/762
f 767/767/767 766/766/766 765/765/765
f 768/768/768 767/767/767 765/765/765
f 771/771/771 770/770/770 769/769/769
f 772/772/772 771/771/771 769/769/769
f 775/775/775 774/774/774 773/773/773
f 773/773/773 776/776/776 775/775/775
f 776/776/776 777/777/777 775/775/775
f 776/776/776 778/778/778 777/777/777
f 778/778/778 779/779/779 777/777/777
f 778/778/778 780/780/780 779/779/779
f 780/780/780 781/781/781 779/779/779
f 780/780/780 782/782/782 781/781/781
f 782/782/782 783/783/783 781/781/781
f 782/782/782 784/784/784 783/783/783
f 784/784/784 785/785/785 783/783/783
f 784/784/784 786/786/786 785/785/785
f 786/786/786 787/787/787 785/785/785
f 786/786/786 788/788/788 787/787/787
f 791/791/791 790/790/790 789/789/789
f 792/792/792 791/791/791 789/789/789
f 795/795/795 794/794/794 793/793/793
f 796/796/796 795/795/795 793/793/793
f 799/799/799 798/798/798 797/797/797
f 800/800/800 799/799/799 797/797/797
f 803/803/803 802/802/802 801/801/801
f 804/804/804 803/803/803 801/801/801
f 807/807/807 806/806/806 805/805/805
f 808/808/808 807/807/807 805/805/805
f 811/811/811 810/810/810 809/809/809
f 812/812/812 811/811/811 809/809/809
f 815/815/815 814/814/814 813/813/813
f 816/816/816 815/815/815 813/813/813
f 819/819/819 818/818/818 817/817/817
f 820/820/820 819/819/819 817/817/817
f 823/823/823 822/822/822 821/821/821
f 824/824/824 823/823/823 821/821/821
f 827/827/827 826/826/826 825/825/825
f 828/828/828 827/827/827 825/825/825
f 831/831/831 830/830/830 829/829/829
f 832/832/832 831/831/831 829/829/829
f 835/835/835 834/834/834 833/833/833
f 836/836/836 835/835/835 833/833/833
f 839/839/839 838/838/838 837/837/837
f 840/840/840 839/839/839 837/837/837
f 843/843/843 842/842/842 841/841/841
f 844/844/844 843/843/843 841/841/841
f 847/847/847 846/846/846 845/845/845
f 848/848/848 847/847/847 845/845/845
f 851/851/851 850/850/850 849/849/849
f 852/852/852 851/851/851 849/849/849
f 855/855/855 854/854/854 853/853/853
f 856/856/856 855/855/855 853/853/853
f 859/859/859 858/858/858 857/857/857
f 860/860/860 859/859/859 857/857/857
f 863/863/863 862/862/862 861/861/861
f 864/864/864 863/863/863 861/861/861
f 867/867/867 866/866/866 865/865/865
f 868/868/868 867/867/867 865/865/865
f 868/868/868 865/865/865 869/869/869
f 870/870/870 868/868/868 869/869/869
f 873/873/873 872/872/872 871/871/871
f 874/874/874 873/873/873 871/871/871
f 877/877/877 876/876/876 875/875/875
f 878/878/878 877/877/877 875/875/875
f 878/878/878 875/875/875 879/879/879
f 880/880/880 878/878/878 879/879/879
f 880/880/880 881/881/881 878/878/878
f 881/881/881 882/882/882 878/878/878
f 878/878/878 882/882/882 877/877/877
f 882/882/882 883/883/883 877/877/877
f 883/883/883 884/884/884 877/877/877
f 884/884/884 885/885/885 877/877/877
f 887/887/887 886/886/886 881/881/881
f 888/888/888 887/887/887 881/881/881
f 891/891/891 890/890/890 889/889/889
f 890/890/890 892/892/892 889/889/889
f 889/889/889 892/892/892 893/893/893
f 892/892/892 894/894/894 893/893/893
f 897/897/897 896/896/896 895/895/895
f 898/898/898 897/897/897 895/895/895
f 901/901/901 900/900/900 899/899/899
f 902/902/902 901/901/901 899/899/899
f 905/905/905 904/904/904 903/903/903
f 906/906/906 905/905/905 903/903/903
f 909/909/909 908/908/908 907/907/907
f 910/910/910 909/909/909 907/907/907
f 913/913/913 912/912/912 911/911/911
f 914/914/914 913/913/913 911/911/911
f 917/917/917 916/916/916 915/915/915
f 918/918/918 917/917/917 915/915/915
f 921/921/921 920/920/920 919/919/919
f 920/920/920 922/922/922 919/919/919
f 919/919/919 922/922/922 923/923/923
f 922/922/922 924/924/924 923/923/923
f 927/927/927 926/926/926 925/925/925
f 928/928/928 927/927/927 925/925/925
f 931/931/931 930/930/930 929/929/929
f 932/932/932 931/931/931 929/929/929
f 935/935/935 934/934/934 933/933/933
f 936/936/936 935/935/935 933/933/933
f 939/939/939 938/938/938 937/937/937
f 940/940/940 939/939/939 937/937/937
f 943/943/943 942/942/942 941/941/941
f 944/944/944 943/943/943 941/941/941
f 947/947/947 946/946/946 945/945/945
f 948/948/948 947/947/947 945/945/945
f 951/951/951 950/950/950 949/949/949
f 952/952/952 951/951/951 949/949/949
f 955/955/955 954/954/954 953/953/953
f 956/956/956 955/955/955 953/953/953
f 959/959/959 958/958/958 957/957/957
f 960/960/960 959/959/959 957/957/957
f 963/963/963 962/962/962 961/961/961
f 964/964/964 963/963/963 961/961/961
f 967/967/967 966/966/966 965/965/965
f 968/968/968 967/967/967 965/965/965
f 971/971/971 970/970/970 969/969/969
f 972/972/972 971/971/971 969/969/969
f 975/975/975 974/974/974 973/973/973
f 976/976/976 975/975/975 973/973/973
f 979/979/979 978/978/978 977/977/977
f 980/980/980 979/979/979 977/977/977
f 983/983/983 982/982/982 981/981/981
f 984/984/984 983/983/983 981/981/981
f 987/987/987 986/986/986 985/985/985
f 988/988/988 987/987/987 985/985/985
f 991/991/991 990/990/990 989/989/989
f 992/992/992 991/991/991 989/989/989
f 995/995/995 994/994/994 993/993/993
f 996/996/996 995/995/995 993/993/993
f 999/999/999 998/998/998 997/997/997
f 1000/1000/1000 999/999/999 997/997/997
f 1003/1003/1003 1002/1002/1002 1001/1001/1001
f 1004/1004/1004 1003/1003/1003 1001/1001/1001
f 1007/1007/1007 1006/1006/1006 1005/1005/1005
f 1008/1008/1008 1007/1007/1007 1005/1005/1005
f 1011/1011/1011 1010/1010/1010 1009/1009/1009
f 1012/1012/1012 1011/1011/1011 1009/1009/1009
f 1015/1015/1015 1014/1014/1014 1013/1013/1013
f 1016/1016/1016 1015/1015/1015 1013/1013/1013
f 1019/1019/1019 1018/1018/1018 1017/1017/1017
f 1020/1020/1020 1019/1019/1019 1017/1017/1017
f 1023/1023/1023 1022/1022/1022 1021/1021/1021
f 1024/1024/1024 1023/1023/1023 1021/1021/1021
f 1027/1027/1027 1026/1026/1026 1025/1025/1025
f 1028/1028/1028 1027/1027/1027 1025/1025/1025
f 1031/1031/1031 1030/1030/1030 1029/1029/1029
f 1032/1032/1032 1031/1031/1031 1029/1029/1029
f 1035/1035/1035 1034/1034/1034 1033/1033/1033
f 1036/1036/1036 1035/1035/1035 1033/1033/1033
f 1039/1039/1039 1038/1038/1038 1037/1037/1037
f 1040/1040/1040 1039/1039/1039 1037/1037/1037
f 1043/1043/1043 1042/1042/1042 1041/1041/1041
f 1044/1044/1044 1043/1043/1043 1041/1041/1041
f 1047/1047/1047 1046/1046/1046 1045/1045/1045
f 1048/1048/1048 1047/1047/1047 1045/1045/1045
f 1051/1051/1051 1050/1050/1050 1049/1049/1049
f 1052/1052/1052 1051/1051/1051 1049/1049/1049
f 1055/1055/1055 1054/1054/1054 1053/1053/1053
f 1056/1056/1056 1055/1055/1055 1053/1053/1053
f 1059/1059/1059 1058/1058/1058 1057/1057/1057
f 1060/1060/1060 1059/1059/1059 1057/1057/1057
f 1063/1063/1063 1062/1062/1062 1061/1061/1061
f 1064/1064/1064 1063/1063/1063 1061/1061/1061
f 1067/1067/1067 1066/1066/1066 1065/1065/1065
f 1068/1068/1068 1067/1067/1067 1065/1065/1065
f 1071/1071/1071 1070/1070/1070 1069/1069/1069
f 1072/1072/1072 1071/1071/1071 1069/1069/1069
f 1075/1075/1075 1074/1074/1074 1073/1073/1073
f 1076/1076/1076 1075/1075/1075 1073/1073/1073
f 1079/1079/1079 1078/1078/1078 1077/1077/1077
f 1080/1080/1080 1079/1079/1079 1077/1077/1077
f 1083/1083/1083 1082/1082/1082 1081/1081/1081
f 1084/1084/1084 1083/1083/1083 1081/1081/1081
f 1087/1087/1087 1086/1086/1086 1085/1085/1085
f 1088/1088/1088 1087/1087/1087 1085/1085/1085
f 1091/1091/1091 1090/1090/1090 1089/1089/1089
f 1092/1092/1092 1091/1091/1091 1089/1089/1089
f 1095/1095/1095 1094/1094/1094 1093/1093/1093
f 1096/1096/1096 1095/1095/1095 1093/1093/1093
f 1099/1099/1099 1098/1098/1098 1097/1097/1097
f 1100/1100/1100 1099/1099/1099 1097/1097/1097
f 1103/1103/1103 1102/1102/1102 1101/1101/1101
f 1104/1104/1104 1103/1103/1103 1101/1101/1101
f 1107/1107/1107 1106/1106/1106 1105/1105/1105
f 1108/1108/1108 1107/1107/1107 1105/1105/1105
f 1111/1111/1111 1110/1110/1110 1109/1109/1109
f 1112/1112/1112 1111/1111/1111 1109/1109/1109
f 1115/1115/1115 1114/1114/1114 1113/1113/1113
f 1116/1116/1116 1115/1115/1115 1113/1113/1113
f 1119/1119/1119 1118/1118/1118 1117/1117/1117
f 1120/1120/1120 1119/1119/1119 1117/1117/1117
f 1123/1123/1123 1122/1122/1122 1121/1121/1121
f 1124/1124/1124 1123/1123/1123 1121/1121/1121
f 1127/1127/1127 1126/1126/1126 1125/1125/1125
f 1128/1128/1128 1127/1127/1127 1125/1125/1125
f 1131/1131/1131 1130/1130/1130 1129/1129/1129
f 1132/1132/1132 1131/1131/1131 1129/1129/1129
f 1135/1135/1135 1134/1134/1134 1133/1133/1133
f 1136/1136/1136 1135/1135/1135 1133/1133/1133
f 1139/1139/1139 1138/1138/1138 1137/1137/1137
f 1140/1140/1140 1139/1139/1139 1137/1137/1137
f 1143/1143/1143 1142/1142/1142 1141/1141/1141
f 1144/1144/1144 1143/1143/1143 1141/1141/1141
f 1147/1147/1147 1146/1146/1146 1145/1145/1145
f 1148/1148/1148 1147/1147/1147 1145/1145/1145
f 1151/1151/1151 1150/1150/1150 1149/1149/1149
f 1152/1152/1152 1151/1151/1151 1149/1149/1149
f 1155/1155/1155 1154/1154/1154 1153/1153/1153
f 1156/1156/1156 1155/1155/1155 1153/1153/1153
f 1159/1159/1159 1158/1158/1158 1157/1157/1157
f 1160/1160/1160 1159/1159/1159 1157/1157/1157
f 1163/1163/1163 1162/1162/1162 1161/1161/1161
f 1164/1164/1164 1163/1163/1163 1161/1161/1161
f 1167/1167/1167 1166/1166/1166 1165/1165/1165
f 1168/1168/1168 1167/1167/1167 1165/1165/1165
f 1171/1171/1171 1170/1170/1170 1169/1169/1169
f 1172/1172/1172 1171/1171/1171 1169/1169/1169
f 1175/1175/1175 1174/1174/1174 1173/1173/1173
f 1176/1176/1176 1175/1175/1175 1173/1173/1173
f 1179/1179/1179 1178/1178/1178 1177/1177/1177
f 1178/1178/1178 1180/1180/1180 1177/1177/1177
f 1181/1181/1181 1178/1178/1178 1179/1179/1179
f 1177/1177/1177 1180/1180/1180 1182/1182/1182
f 1183/1183/1183 1181/1181/1181 1179/1179/1179
f 1180/1180/1180 1184/1184/1184 1182/1182/1182
f 1184/1184/1184 1181/1181/1181 1183/1183/1183
f 1182/1182/1182 1184/1184/1184 1183/1183/1183
f 1187/1187/1187 1186/1186/1186 1185/1185/1185
f 1188/1188/1188 1187/1187/1187 1185/1185/1185
f 1185/1185/1185 1186/1186/1186 1189/1189/1189
f 1190/1190/1190 1187/1187/1187 1188/1188/1188
f 1186/1186/1186 1191/1191/1191 1189/1189/1189
f 1192/1192/1192 1190/1190/1190 1188/1188/1188
f 1189/1189/1189 1191/1191/1191 1193/1193/1193
f 1194/1194/1194 1190/1190/1190 1192/1192/1192
f 1191/1191/1191 1195/1195/1195 1193/1193/1193
f 1196/1196/1196 1194/1194/1194 1192/1192/1192
f 1193/1193/1193 1195/1195/1195 1196/1196/1196
f 1195/1195/1195 1194/1194/1194 1196/1196/1196
