g Broken Down Wall
v -6.9821386 -11.431938 26.314234
v -7.331896 -11.67991 28.698647
v -7.2119265 -11.494036 26.284653
v -7.148468 -11.72525 26.276936
v -7.331896 -11.67991 28.698647
v -6.918681 -11.663154 26.306517
v -7.2119265 -11.494036 26.284653
v -7.331896 -11.67991 28.698647
v -7.148468 -11.72525 26.276936
v -6.918681 -11.663154 26.306517
v -7.331896 -11.67991 28.698647
v -6.9821386 -11.431938 26.314234
v 4.0442095 -9.517049 9.334624
v 5.652914 -9.666739 11.559869
v 4.2085295 -11.11493 11.5111685
v 5.4928637 -10.961333 10.844039
v 4.2085295 -11.11493 11.5111685
v 5.652914 -9.666739 11.559869
v 0.04959098 10.730413 17.733335
v -0.11518608 10.553162 19.349195
v -0.27047017 10.72998 17.732107
v -0.26999688 10.409981 17.727936
v -0.11518608 10.553162 19.349195
v 0.050064288 10.410414 17.729162
v -0.27047017 10.72998 17.732107
v -0.11518608 10.553162 19.349195
v -0.26999688 10.409981 17.727936
v 0.050064288 10.410414 17.729162
v -0.11518608 10.553162 19.349195
v 0.04959098 10.730413 17.733335
v -5.256654 5.9426093 0
v -5.256654 8.291589 0
v -5.256654 8.291589 6.248291
v -5.256654 5.9426093 8.948677
v -5.256654 2.7830777 0
v -5.256654 2.7830777 6.134315
v -5.256654 -1.2875013 0
v -5.256654 -1.2875015 8.208584
v -5.256654 -1.8738174 0
v -5.256654 -1.8738174 6.942132
v -5.256654 -2.7670574 0
v -5.256654 -2.7670574 7.3973055
v -5.256654 -4.0928373 0
v -5.256654 -4.0928373 9.532024
v -5.256654 -6.530712 0
v -5.256654 -6.530712 10.880399
v -5.256654 -10.360822 0
v -5.256654 -10.360822 10.880399
v -5.2541356 -10.79131 0
v -5.2541356 -10.79131 10.880399
v -5.2541356 -10.79131 10.992697
v -5.256654 -10.360822 10.992697
v -5.256654 8.291589 0
v -4.824417 8.291589 0
v -4.824417 8.291589 6.248291
v -5.256654 8.291589 6.248291
v -4.824417 -6.530712 0
v -4.824417 -10.360822 0
v -4.824417 -10.360822 10.880399
v -4.824417 -6.530712 10.880399
v -4.824417 -4.0928373 0
v -4.824417 -4.0928373 9.532024
v -4.824417 -2.7670574 0
v -4.824417 -2.7670574 7.3973055
v -4.824417 -1.873817 0
v -4.824417 -1.873817 6.942132
v -4.824417 -1.2875009 0
v -4.824417 -1.287501 8.208584
v -4.824417 2.7830782 0
v -4.824417 2.7830782 6.134315
v -4.824417 5.94261 0
v -4.824417 5.94261 8.948677
v -4.824417 8.291589 0
v -4.824417 8.291589 6.248291
v -4.824417 -6.530712 10.880399
v -4.824417 -10.360822 10.880399
v -5.256654 -10.360822 10.880399
v -5.256654 -6.530712 10.880399
v -4.824417 -4.0928373 9.532024
v -5.256654 -4.0928373 9.532024
v -4.824417 -2.7670574 7.3973055
v -5.256654 -2.7670574 7.3973055
v -4.824417 -1.873817 6.942132
v -5.256654 -1.8738174 6.942132
v -4.824417 8.291589 6.248291
v -4.824417 5.94261 8.948677
v -5.256654 5.9426093 8.948677
v -5.256654 8.291589 6.248291
v -4.824417 5.94261 8.948677
v -4.824417 2.7830782 6.134315
v -5.256654 2.7830777 6.134315
v -5.256654 5.9426093 8.948677
v -4.824417 -1.287501 8.208584
v -4.824417 -1.873817 6.942132
v -5.256654 -1.8738174 6.942132
v -5.256654 -1.2875015 8.208584
v -4.824417 2.7830782 6.134315
v -4.824417 -1.287501 8.208584
v -5.256654 -1.2875015 8.208584
v -5.256654 2.7830777 6.134315
v 4.744519 6.5307045 0
v 4.744519 8.2258005 0
v 4.744519 8.2258005 6.1985936
v 4.744519 6.5307045 7.9971957
v 4.74452 4.0928297 0
v 4.74452 4.0928297 8.609285
v 4.74452 2.7670498 0
v 4.74452 2.7670498 7.3973055
v 4.74452 1.8738093 0
v 4.74452 1.8738093 6.942132
v 4.74452 1.2874932 0
v 4.74452 1.2874933 8.208584
v 4.74452 -2.7830858 0
v 4.74452 -2.7830858 6.134315
v 4.744521 -5.9426174 0
v 4.744521 -5.9426174 8.948677
v 4.744521 -8.184614 0
v 4.744521 -8.184614 10.840127
v 4.744521 -10.42661 0
v 4.744521 -10.42661 10.840127
v 4.744519 8.2258005 0
v 5.176756 8.2258005 0
v 5.176756 8.2258005 6.1985936
v 4.744519 8.2258005 6.1985936
v 4.744519 6.5307045 7.9971957
v 4.744519 8.2258005 6.1985936
v 5.176756 8.2258005 6.1985936
v 5.176756 6.5307045 7.9971957
v 4.74452 4.0928297 8.609285
v 5.176757 4.0928297 8.609285
v 5.176756 8.2258005 0
v 5.176756 6.5307045 7.9971957
v 5.176756 8.2258005 6.1985936
v 5.176756 6.5307045 0
v 5.176757 4.0928297 8.609285
v 5.176757 4.0928297 0
v 5.176757 2.7670498 7.3973055
v 5.176757 2.7670498 0
v 5.176757 1.8738098 6.942132
v 5.176757 1.8738098 0
v 5.176757 1.2874938 8.208584
v 5.176757 1.2874937 0
v 5.176757 -2.7830853 6.134315
v 5.176757 -2.7830853 0
v 5.176758 -5.942617 8.948677
v 5.176758 -5.942617 0
v 5.176758 -8.184613 10.840127
v 5.176758 -8.184613 0
v 5.176758 -10.42661 10.840127
v 5.176758 -10.42661 0
v 5.1792755 -10.857099 10.840127
v 5.1792755 -10.857099 0
v 5.176758 -10.42661 11.399304
v 5.1792755 -10.857099 11.399304
v 4.744521 -5.9426174 8.948677
v 4.74452 -2.7830858 6.134315
v 5.176757 -2.7830853 6.134315
v 5.176758 -5.942617 8.948677
v 4.744521 -8.184614 10.840127
v 5.176758 -8.184613 10.840127
v 4.744521 -10.42661 10.840127
v 5.176758 -10.42661 10.840127
v 4.74452 1.2874933 8.208584
v 4.74452 1.8738093 6.942132
v 5.176757 1.8738098 6.942132
v 5.176757 1.2874938 8.208584
v 4.74452 1.8738093 6.942132
v 5.176757 2.7670498 7.3973055
v 5.176757 1.8738098 6.942132
v 4.74452 2.7670498 7.3973055
v 5.176757 4.0928297 8.609285
v 4.74452 4.0928297 8.609285
v 4.74452 -2.7830858 6.134315
v 4.74452 1.2874933 8.208584
v 5.176757 1.2874938 8.208584
v 5.176757 -2.7830853 6.134315
v -4.821899 -10.79131 0
v -5.2541356 -10.79131 0
v -5.2541356 -10.79131 10.880399
v -4.821899 -10.79131 10.880399
v -4.821899 -10.79131 10.992697
v -5.2541356 -10.79131 10.992697
v 1.4092665 -10.4071 9.068294
v 4.744521 -10.42661 10.840127
v 4.747039 -10.857099 10.840127
v 1.4117851 -10.837588 9.068294
v -4.824417 -10.360822 10.880399
v -4.824417 -10.360822 10.992697
v -5.256654 -10.360822 10.992697
v -5.256654 -10.360822 10.880399
v -4.821899 -10.79131 10.880399
v -4.821899 -10.79131 10.992697
v -4.824417 -10.360822 10.992697
v -4.824417 -10.360822 10.880399
v -3.9031901 -10.796684 4.391292
v -3.9057083 -10.366196 4.391292
v 1.4092665 -10.4071 0
v 4.744521 -10.42661 0
v 4.744521 -10.42661 10.840127
v 1.4092665 -10.4071 9.068294
v -0.042789936 -10.388792 0
v -0.042789936 -10.388792 4.2378216
v -0.042789936 -10.388792 4.2378216
v -4.824417 -10.360822 0
v -2.4336035 -10.374807 2.1189108
v -2.9869998 -10.371571 9.572202
v -3.9057083 -10.366196 4.391292
v -4.824417 -10.360822 10.880399
v -0.042789936 -10.388792 4.2378216
v 1.4092665 -10.4071 9.068294
v 1.4117851 -10.837588 9.068294
v -0.04027176 -10.819281 4.2378216
v -0.04027176 -10.819281 0
v -0.04027176 -10.819281 4.2378216
v 1.4117851 -10.837588 9.068294
v 1.4117851 -10.837588 0
v 4.747039 -10.857099 10.840127
v 4.747039 -10.857099 0
v 5.1792755 -10.857099 0
v 5.1792755 -10.857099 10.840127
v 5.1792755 -10.857099 11.399304
v 4.747039 -10.857099 11.399304
v 4.744521 -10.42661 10.840127
v 4.744521 -10.42661 11.399304
v 4.747039 -10.857099 11.399304
v 4.747039 -10.857099 10.840127
v 5.176758 -10.42661 10.840127
v 5.176758 -10.42661 11.399304
v 4.744521 -10.42661 11.399304
v 4.744521 -10.42661 10.840127
v -2.9869998 -10.371571 9.572202
v -0.042789936 -10.388792 4.2378216
v -0.04027176 -10.819281 4.2378216
v -2.9844813 -10.802059 9.572202
v 4.744521 -10.42661 11.399304
v 5.176758 -10.42661 11.399304
v 5.1792755 -10.857099 11.399304
v 4.747039 -10.857099 11.399304
v -5.256654 -10.360822 10.992697
v -4.824417 -10.360822 10.992697
v -4.821899 -10.79131 10.992697
v -5.2541356 -10.79131 10.992697
v -2.9844813 -10.802059 9.572202
v -0.04027176 -10.819281 4.2378216
v -0.04027176 -10.819281 0
v -2.9844816 -10.802059 0
v -3.9031901 -10.796684 4.391292
v -3.9031901 -10.796684 0
v -4.821899 -10.79131 10.880399
v -4.821899 -10.79131 0
v -3.9057083 -10.366196 4.391292
v -2.9869998 -10.371571 9.572202
v -2.9844813 -10.802059 9.572202
v -3.9031901 -10.796684 4.391292
v -5.592074 1.7291346 0.7816467
v -4.3641496 1.7291346 0.7816467
v -4.3641496 1.7291346 6.9727697
v -5.592074 1.7291346 6.9727697
v -4.3641496 4.1638436 10.881464
v -5.592074 4.1638436 10.881464
v -5.592074 7.0582075 0.3219922
v 6.300921 7.0582075 0.3219922
v 6.300921 7.0582075 7.1042204
v -5.592074 7.0582075 7.1042204
v 6.300921 1.7291346 6.9727697
v 5.694348 1.7291346 0.7816467
v 6.300921 1.7291346 0.7816467
v 5.694348 1.7291346 6.9727697
v 6.300921 4.1638436 10.881464
v 5.694348 4.1638436 10.881464
v 6.300921 1.26948 0.3219922
v -5.592074 1.26948 0.3219922
v -5.592074 1.26948 7.1042204
v 6.300921 1.26948 7.1042204
v 6.300921 4.1638436 11.750847
v 7.0030785 4.163844 12.643748
v 7.0030785 7.399972 7.2819514
v 6.300921 7.0582075 7.1042204
v -5.592074 4.1638436 0.7816467
v -4.3641496 1.7291346 0.7816467
v -5.592074 1.7291346 0.7816467
v -4.3641496 4.1638436 0.7816467
v -5.592074 6.598553 0.7816467
v -4.3641496 6.598553 0.7816467
v 6.300921 4.1638436 0.7816467
v 5.694348 6.598553 0.7816467
v 6.300921 6.598553 0.7816467
v 5.694348 4.1638436 0.7816467
v 6.300921 1.7291346 0.7816467
v 5.694348 1.7291346 0.7816467
v -5.592074 4.1638436 11.750847
v -6.294231 4.163844 12.643748
v -6.294231 0.92771673 7.2819514
v -5.592074 1.26948 7.1042204
v 6.4015956E-05 3.0357673 4.7683716E-07
v -2.6698098 3.0357673 4.7683716E-07
v -2.6698098 3.0357673 6.7822275
v 6.4015956E-05 3.0357673 10.232581
v 2.6699376 3.0357673 4.7683716E-07
v 2.6699376 3.0357673 6.7822275
v -2.6698098 3.0357673 4.7683716E-07
v -2.6698103 10.2372265 4.7683716E-07
v -2.6698103 10.2372265 6.7822275
v -2.6698098 3.0357673 6.7822275
v 6.320301E-05 10.2372265 4.7683716E-07
v 2.6699367 10.2372265 4.7683716E-07
v 2.6699367 10.2372265 6.7822275
v 6.320301E-05 10.2372265 10.232581
v -2.6698103 10.2372265 4.7683716E-07
v -2.6698103 10.2372265 6.7822275
v 2.6699367 10.2372265 4.7683716E-07
v 2.6699376 3.0357673 4.7683716E-07
v 2.6699376 3.0357673 6.7822275
v 2.6699367 10.2372265 6.7822275
v 6.320301E-05 10.2372265 10.232581
v 2.6699367 10.2372265 6.7822275
v 2.6699376 3.0357673 6.7822275
v 6.4015956E-05 3.0357673 10.232581
v -2.6698103 10.2372265 6.7822275
v 6.320301E-05 10.2372265 10.232581
v 6.4015956E-05 3.0357673 10.232581
v -2.6698098 3.0357673 6.7822275
v 7.0030785 4.163844 12.643748
v 7.0030785 0.92771673 7.2819514
v -6.294231 0.92771673 7.2819514
v -6.294231 4.163844 12.643748
v 7.0030785 7.399972 7.2819514
v 7.0030785 4.163844 12.643748
v -6.294231 4.163844 12.643748
v -6.294231 7.399972 7.2819514
v 6.300921 1.26948 7.1042204
v 7.0030785 0.92771673 7.2819514
v 7.0030785 4.163844 12.643748
v 6.300921 4.1638436 11.750847
v -5.592074 7.0582075 7.1042204
v -6.294231 7.399972 7.2819514
v -6.294231 4.163844 12.643748
v -5.592074 4.1638436 11.750847
v -5.592074 1.26948 7.1042204
v -6.294231 0.92771673 7.2819514
v 7.0030785 0.92771673 7.2819514
v 6.300921 1.26948 7.1042204
v 6.300921 7.0582075 7.1042204
v 7.0030785 7.399972 7.2819514
v -6.294231 7.399972 7.2819514
v -5.592074 7.0582075 7.1042204
v -4.1999674 -6.122961 8.382272
v -4.1999674 -6.925623 11.769508
v -4.1999674 -6.122961 11.769508
v -4.1999674 -6.925623 8.382272
v -4.1999674 -6.122961 0
v -4.1999674 -6.925623 0
v -5.391342 -6.925623 11.769508
v -5.169401 -6.684602 12.141128
v -4.874167 -6.684602 12.141128
v -4.1999674 -6.925623 11.769508
v -4.1999674 -6.925623 8.382272
v -5.391342 -6.925623 8.382272
v -4.1999674 -6.925623 0
v -5.391342 -6.925623 0
v -0.36497545 -11.019949 0
v -0.36497545 -10.217287 0
v -0.36497545 -10.217287 11.769508
v -0.36497545 -11.019949 11.769508
v -0.1910289 -10.831051 12.298268
v -0.1910289 -10.406189 12.298268
v -0.36497545 -10.217287 0
v 0.37413502 -10.217287 0
v 0.37413502 -10.217287 11.769508
v -0.36497545 -10.217287 11.769508
v -0.1910289 -10.406189 12.298268
v 0.20019363 -10.406189 12.298268
v 0.37413502 -10.217287 0
v 0.37413502 -11.019949 0
v 0.37413502 -11.019949 11.769508
v 0.37413502 -10.217287 11.769508
v 0.20019363 -10.406189 12.298268
v 0.20019363 -10.831051 12.298268
v 0.37413502 -11.019949 0
v -0.36497545 -11.019949 0
v -0.36497545 -11.019949 11.769508
v 0.37413502 -11.019949 11.769508
v 0.20019363 -10.831051 12.298268
v -0.1910289 -10.831051 12.298268
v 4.5948167 -6.8923364 11.769508
v 4.7297397 -6.745812 12.301893
v 5.1990037 -6.745812 12.301893
v 5.5617194 -6.8923364 11.769508
v 5.5617194 -6.8923364 8.382272
v 4.5948167 -6.8923364 8.382272
v 5.5617194 -6.8923364 0
v 4.5948167 -6.8923364 0
v 5.5617194 -6.0896745 11.769508
v 5.1990037 -6.236199 12.301893
v 4.7297397 -6.236199 12.301893
v 4.5948167 -6.0896745 11.769508
v 4.5948167 -6.0896745 8.382272
v 5.5617194 -6.0896745 8.382272
v 4.5948167 -6.0896745 0
v 5.5617194 -6.0896745 0
v 5.1990037 -6.236199 12.301893
v 5.1990037 -6.745812 12.301893
v 4.7297397 -6.745812 12.301893
v 4.7297397 -6.236199 12.301893
v -5.391342 -6.122961 11.769508
v -5.169401 -6.363982 12.141128
v -5.169401 -6.684602 12.141128
v -5.391342 -6.925623 11.769508
v -5.391342 -6.925623 8.382272
v -5.391342 -6.122961 8.382272
v -5.391342 -6.925623 0
v -5.391342 -6.122961 0
v -4.1999674 -6.925623 11.769508
v -4.874167 -6.363982 12.141128
v -4.1999674 -6.122961 11.769508
v -4.874167 -6.684602 12.141128
v -5.169401 -6.684602 12.141128
v -5.169401 -6.363982 12.141128
v -4.1999674 -6.122961 11.769508
v -4.874167 -6.363982 12.141128
v -5.169401 -6.363982 12.141128
v -5.391342 -6.122961 11.769508
v -5.391342 -6.122961 8.382272
v -4.1999674 -6.122961 8.382272
v -5.391342 -6.122961 0
v -4.1999674 -6.122961 0
v 0.20019363 -10.406189 12.298268
v 0.20019363 -10.831051 12.298268
v -0.1910289 -10.831051 12.298268
v -0.1910289 -10.406189 12.298268
v 5.5617194 -6.8923364 11.769508
v 5.1990037 -6.745812 12.301893
v 5.1990037 -6.236199 12.301893
v 5.5617194 -6.0896745 11.769508
v 5.5617194 -6.0896745 8.382272
v 5.5617194 -6.8923364 8.382272
v 5.5617194 -6.0896745 0
v 5.5617194 -6.8923364 0
v 4.5948167 -6.0896745 11.769508
v 4.7297397 -6.236199 12.301893
v 4.7297397 -6.745812 12.301893
v 4.5948167 -6.8923364 11.769508
v 4.5948167 -6.8923364 8.382272
v 4.5948167 -6.0896745 8.382272
v 4.5948167 -6.8923364 0
v 4.5948167 -6.0896745 0
v -4.1999674 -6.925623 8.382272
v -4.6522317 -6.925623 8.8244
v -1.098386 -6.91283 11.016055
v -1.1010808 -6.91284 10.572265
v -0.38616526 -6.9102664 10.572265
v -0.38526702 -6.910263 11.016055
v 0.32875025 -6.907693 10.572265
v 0.327852 -6.907696 11.016055
v 1.0436658 -6.9051194 10.572265
v 0.327852 -6.907696 11.644965
v -0.38526702 -6.910263 11.644965
v 1.040971 -6.905129 11.016055
v 4.5948167 -6.8923364 8.8244
v 4.5948167 -6.8923364 8.382272
v 4.5948167 -6.8923364 8.8244
v 1.040971 -6.102467 11.016055
v 4.5948167 -6.0896745 8.8244
v 1.040971 -6.905129 11.016055
v 0.327852 -6.105034 11.016055
v 0.327852 -6.907696 11.016055
v 4.5948167 -2.642756 8.382272
v 4.5948167 -2.642756 8.8244
v 1.040971 -2.6555486 11.016055
v 1.0436658 -2.6555388 10.572265
v 0.32875025 -2.6581123 10.572265
v 0.327852 -2.6581156 11.016055
v -0.38616526 -2.6606858 10.572265
v -0.38526702 -2.6606827 11.016055
v -1.1010808 -2.6632593 10.572265
v -0.38526702 -2.6606827 11.644965
v 0.327852 -2.6581156 11.644965
v -1.098386 -2.6632495 11.016055
v -4.6522317 -2.6760426 8.8244
v -4.1999674 -2.6760426 8.382272
v -1.098386 -6.91283 11.016055
v -4.6522317 -6.925623 8.8244
v -4.6522317 -6.122961 8.8244
v -1.098386 -6.110168 11.016055
v -0.38526702 -6.910263 11.016055
v -0.38526702 -6.107601 11.016055
v 4.5948167 -6.8923364 8.382272
v 4.5948167 -6.8923364 8.8244
v 4.5948167 -6.0896745 8.8244
v 4.5948167 -6.0896745 8.382272
v -4.1999674 -6.122961 8.382272
v -4.6522317 -6.122961 8.8244
v -4.6522317 -6.925623 8.8244
v -4.1999674 -6.925623 8.382272
v -1.1010808 -6.110178 10.572265
v -4.6522317 -6.122961 8.8244
v -4.1999674 -6.122961 8.382272
v -1.098386 -6.110168 11.016055
v -0.38526702 -6.107601 11.016055
v -0.38616526 -6.1076045 10.572265
v 0.327852 -6.105034 11.016055
v -0.38526702 -6.107601 11.644965
v 0.327852 -6.105034 11.644965
v 0.32875025 -6.105031 10.572265
v 1.040971 -6.102467 11.016055
v 1.0436658 -6.1024575 10.572265
v 4.5948167 -6.0896745 8.382272
v 4.5948167 -6.0896745 8.8244
v -4.1999674 -2.6760426 8.382272
v -4.1999674 -3.4787045 11.769508
v -4.1999674 -2.6760426 11.769508
v -4.1999674 -3.4787045 8.382272
v -4.1999674 -2.6760426 0
v -4.1999674 -3.4787045 0
v -5.391342 -3.4787045 11.769508
v -5.169401 -3.2376833 12.141128
v -4.874167 -3.2376833 12.141128
v -4.1999674 -3.4787045 11.769508
v -4.1999674 -3.4787045 8.382272
v -5.391342 -3.4787045 8.382272
v -4.1999674 -3.4787045 0
v -5.391342 -3.4787045 0
v 4.5948167 -3.445418 11.769508
v 4.7297397 -3.2988935 12.301893
v 5.1990037 -3.2988935 12.301893
v 5.5617194 -3.445418 11.769508
v 5.5617194 -3.445418 8.382272
v 4.5948167 -3.445418 8.382272
v 5.5617194 -3.445418 0
v 4.5948167 -3.445418 0
v 5.5617194 -2.642756 11.769508
v 5.1990037 -2.7892804 12.301893
v 4.7297397 -2.7892804 12.301893
v 4.5948167 -2.642756 11.769508
v 4.5948167 -2.642756 8.382272
v 5.5617194 -2.642756 8.382272
v 4.5948167 -2.642756 0
v 5.5617194 -2.642756 0
v 5.1990037 -2.7892804 12.301893
v 5.1990037 -3.2988935 12.301893
v 4.7297397 -3.2988935 12.301893
v 4.7297397 -2.7892804 12.301893
v -5.391342 -2.6760426 11.769508
v -5.169401 -2.9170637 12.141128
v -5.169401 -3.2376833 12.141128
v -5.391342 -3.4787045 11.769508
v -5.391342 -3.4787045 8.382272
v -5.391342 -2.6760426 8.382272
v -5.391342 -3.4787045 0
v -5.391342 -2.6760426 0
v -4.1999674 -3.4787045 11.769508
v -4.874167 -2.9170637 12.141128
v -4.1999674 -2.6760426 11.769508
v -4.874167 -3.2376833 12.141128
v -5.169401 -3.2376833 12.141128
v -5.169401 -2.9170637 12.141128
v -4.1999674 -2.6760426 11.769508
v -4.874167 -2.9170637 12.141128
v -5.169401 -2.9170637 12.141128
v -5.391342 -2.6760426 11.769508
v -5.391342 -2.6760426 8.382272
v -4.1999674 -2.6760426 8.382272
v -5.391342 -2.6760426 0
v -4.1999674 -2.6760426 0
v 5.5617194 -3.445418 11.769508
v 5.1990037 -3.2988935 12.301893
v 5.1990037 -2.7892804 12.301893
v 5.5617194 -2.642756 11.769508
v 5.5617194 -2.642756 8.382272
v 5.5617194 -3.445418 8.382272
v 5.5617194 -2.642756 0
v 5.5617194 -3.445418 0
v 4.5948167 -2.642756 11.769508
v 4.7297397 -2.7892804 12.301893
v 4.7297397 -3.2988935 12.301893
v 4.5948167 -3.445418 11.769508
v 4.5948167 -3.445418 8.382272
v 4.5948167 -2.642756 8.382272
v 4.5948167 -3.445418 0
v 4.5948167 -2.642756 0
v -4.1999674 -3.4787045 8.382272
v -4.6522317 -3.4787045 8.8244
v -1.098386 -3.4659114 11.016055
v -1.1010808 -3.4659212 10.572265
v -0.38616526 -3.4633477 10.572265
v -0.38526702 -3.4633446 11.016055
v 0.32875025 -3.4607742 10.572265
v 0.327852 -3.4607775 11.016055
v 1.0436658 -3.4582007 10.572265
v 0.327852 -3.4607775 11.644965
v -0.38526702 -3.4633446 11.644965
v 1.040971 -3.4582105 11.016055
v 4.5948167 -3.445418 8.8244
v 4.5948167 -3.445418 8.382272
v 4.5948167 -3.445418 8.8244
v 1.040971 -2.6555486 11.016055
v 4.5948167 -2.642756 8.8244
v 1.040971 -3.4582105 11.016055
v 0.327852 -2.6581156 11.016055
v 0.327852 -3.4607775 11.016055
v 4.5948167 0.97170687 8.382272
v 4.5948167 0.97170687 8.8244
v 1.040971 0.9589143 11.016055
v 1.0436658 0.958924 10.572265
v 0.32875025 0.9563505 10.572265
v 0.327852 0.9563473 11.016055
v -0.38616526 0.953777 10.572265
v -0.38526702 0.9537803 11.016055
v -1.1010808 0.9512035 10.572265
v -0.38526702 0.9537803 11.644965
v 0.327852 0.9563473 11.644965
v -1.098386 0.95121324 11.016055
v -4.6522317 0.9384203 8.8244
v -4.1999674 0.9384203 8.382272
v -1.098386 -3.4659114 11.016055
v -4.6522317 -3.4787045 8.8244
v -4.6522317 -2.6760426 8.8244
v -1.098386 -2.6632495 11.016055
v -0.38526702 -3.4633446 11.016055
v -0.38526702 -2.6606827 11.016055
v 4.5948167 -3.445418 8.382272
v 4.5948167 -3.445418 8.8244
v 4.5948167 -2.642756 8.8244
v 4.5948167 -2.642756 8.382272
v -4.1999674 -2.6760426 8.382272
v -4.6522317 -2.6760426 8.8244
v -4.6522317 -3.4787045 8.8244
v -4.1999674 -3.4787045 8.382272
v -4.1999674 0.9384203 8.382272
v -4.1999674 0.1357584 11.769508
v -4.1999674 0.9384203 11.769508
v -4.1999674 0.1357584 8.382272
v -4.1999674 0.9384203 0
v -4.1999674 0.1357584 0
v -5.391342 0.1357584 11.769508
v -5.169401 0.37677956 12.141128
v -4.874167 0.37677956 12.141128
v -4.1999674 0.1357584 11.769508
v -4.1999674 0.1357584 8.382272
v -5.391342 0.1357584 8.382272
v -4.1999674 0.1357584 0
v -5.391342 0.1357584 0
v 4.5948167 0.16904497 11.769508
v 4.7297397 0.3155694 12.301893
v 5.1990037 0.3155694 12.301893
v 5.5617194 0.16904497 11.769508
v 5.5617194 0.16904497 8.382272
v 4.5948167 0.16904497 8.382272
v 5.5617194 0.16904497 0
v 4.5948167 0.16904497 0
v 5.5617194 0.97170687 11.769508
v 5.1990037 0.82518244 12.301893
v 4.7297397 0.82518244 12.301893
v 4.5948167 0.97170687 11.769508
v 4.5948167 0.97170687 8.382272
v 5.5617194 0.97170687 8.382272
v 4.5948167 0.97170687 0
v 5.5617194 0.97170687 0
v 5.1990037 0.82518244 12.301893
v 5.1990037 0.3155694 12.301893
v 4.7297397 0.3155694 12.301893
v 4.7297397 0.82518244 12.301893
v -5.391342 0.9384203 11.769508
v -5.169401 0.69739914 12.141128
v -5.169401 0.37677956 12.141128
v -5.391342 0.1357584 11.769508
v -5.391342 0.1357584 8.382272
v -5.391342 0.9384203 8.382272
v -5.391342 0.1357584 0
v -5.391342 0.9384203 0
v -4.1999674 0.1357584 11.769508
v -4.874167 0.69739914 12.141128
v -4.1999674 0.9384203 11.769508
v -4.874167 0.37677956 12.141128
v -5.169401 0.37677956 12.141128
v -5.169401 0.69739914 12.141128
v -4.1999674 0.9384203 11.769508
v -4.874167 0.69739914 12.141128
v -5.169401 0.69739914 12.141128
v -5.391342 0.9384203 11.769508
v -5.391342 0.9384203 8.382272
v -4.1999674 0.9384203 8.382272
v -5.391342 0.9384203 0
v -4.1999674 0.9384203 0
v 5.5617194 0.16904497 11.769508
v 5.1990037 0.3155694 12.301893
v 5.1990037 0.82518244 12.301893
v 5.5617194 0.97170687 11.769508
v 5.5617194 0.97170687 8.382272
v 5.5617194 0.16904497 8.382272
v 5.5617194 0.97170687 0
v 5.5617194 0.16904497 0
v 4.5948167 0.97170687 11.769508
v 4.7297397 0.82518244 12.301893
v 4.7297397 0.3155694 12.301893
v 4.5948167 0.16904497 11.769508
v 4.5948167 0.16904497 8.382272
v 4.5948167 0.97170687 8.382272
v 4.5948167 0.16904497 0
v 4.5948167 0.97170687 0
v -4.1999674 0.1357584 8.382272
v -4.6522317 0.1357584 8.8244
v -1.098386 0.14855134 11.016055
v -1.1010808 0.14854164 10.572265
v -0.38616526 0.15111512 10.572265
v -0.38526702 0.15111837 11.016055
v 0.32875025 0.15368861 10.572265
v 0.327852 0.15368538 11.016055
v 1.0436658 0.15626208 10.572265
v 0.327852 0.15368538 11.644965
v -0.38526702 0.15111837 11.644965
v 1.040971 0.15625238 11.016055
v 4.5948167 0.16904497 8.8244
v 4.5948167 0.16904497 8.382272
v 4.5948167 0.16904497 8.8244
v 1.040971 0.9589143 11.016055
v 4.5948167 0.97170687 8.8244
v 1.040971 0.15625238 11.016055
v 0.327852 0.9563473 11.016055
v 0.327852 0.15368538 11.016055
v -1.098386 0.14855134 11.016055
v -4.6522317 0.1357584 8.8244
v -4.6522317 0.9384203 8.8244
v -1.098386 0.95121324 11.016055
v -0.38526702 0.15111837 11.016055
v -0.38526702 0.9537803 11.016055
v 4.5948167 0.16904497 8.382272
v 4.5948167 0.16904497 8.8244
v 4.5948167 0.97170687 8.8244
v 4.5948167 0.97170687 8.382272
v -4.1999674 0.9384203 8.382272
v -4.6522317 0.9384203 8.8244
v -4.6522317 0.1357584 8.8244
v -4.1999674 0.1357584 8.382272
v -0.38526702 -2.6606827 11.644965
v 0.327852 -2.6581156 11.644965
v 0.327852 -3.4607775 11.644965
v -0.38526702 -3.4633446 11.644965
v -0.38526702 -6.107601 11.644965
v 0.327852 -6.105034 11.644965
v 0.327852 -6.907696 11.644965
v -0.38526702 -6.910263 11.644965
v -0.38526702 0.9537803 11.644965
v 0.327852 0.9563473 11.644965
v 0.327852 0.15368538 11.644965
v -0.38526702 0.15111837 11.644965
v -0.38526702 -2.6606827 11.016055
v -0.38526702 -2.6606827 11.644965
v -0.38526702 -3.4633446 11.644965
v -0.38526702 -3.4633446 11.016055
v -0.38526702 -6.107601 11.016055
v -0.38526702 -6.107601 11.644965
v -0.38526702 -6.910263 11.644965
v -0.38526702 -6.910263 11.016055
v -0.38526702 0.9537803 11.016055
v -0.38526702 0.9537803 11.644965
v -0.38526702 0.15111837 11.644965
v -0.38526702 0.15111837 11.016055
v 0.327852 -3.4607775 11.016055
v 0.327852 -3.4607775 11.644965
v 0.327852 -2.6581156 11.644965
v 0.327852 -2.6581156 11.016055
v 0.327852 -6.907696 11.016055
v 0.327852 -6.907696 11.644965
v 0.327852 -6.105034 11.644965
v 0.327852 -6.105034 11.016055
v 0.327852 0.15368538 11.016055
v 0.327852 0.15368538 11.644965
v 0.327852 0.9563473 11.644965
v 0.327852 0.9563473 11.016055
v -4.3641496 4.1638436 0.7816467
v -4.3641496 6.598553 0.7816467
v -4.3641496 6.5985527 6.9727697
v -4.3641496 4.1638436 10.881464
v -4.3641496 1.7291346 0.7816467
v -4.3641496 1.7291346 6.9727697
v -5.592074 6.5985527 6.9727697
v -4.3641496 6.598553 0.7816467
v -5.592074 6.598553 0.7816467
v -4.3641496 6.5985527 6.9727697
v -5.592074 4.1638436 10.881464
v -4.3641496 4.1638436 10.881464
v 5.694348 4.1638436 0.7816467
v 5.694348 1.7291346 0.7816467
v 5.694348 1.7291346 6.9727697
v 5.694348 4.1638436 10.881464
v 5.694348 6.598553 0.7816467
v 5.694348 6.5985527 6.9727697
v 6.300921 6.5985527 6.9727697
v 5.694348 4.1638436 10.881464
v 6.300921 4.1638436 10.881464
v 5.694348 6.5985527 6.9727697
v 6.300921 6.598553 0.7816467
v 5.694348 6.598553 0.7816467
v 4.173046 0.31491065 0.026837468
v 4.173046 7.6697264 0.026837468
v 4.173046 7.6697264 1.9961772
v 4.173046 0.31491065 1.9961772
v 4.173046 7.6697264 0.026837468
v 6.420373 7.6697264 0.026837468
v 6.420373 7.6697264 1.0197419
v 4.173046 7.6697264 1.9961772
v 6.420373 7.6697264 0.026837468
v 6.420373 0.31491065 0.026837468
v 6.420373 0.31491065 1.0197419
v 6.420373 7.6697264 1.0197419
v 6.420373 0.31491065 0.026837468
v 4.173046 0.31491065 0.026837468
v 4.173046 0.31491065 1.9961772
v 6.420373 0.31491065 1.0197419
v 6.420373 7.6697264 1.0197419
v 6.420373 0.31491065 1.0197419
v 4.173046 0.31491065 1.9961772
v 4.173046 7.6697264 1.9961772
v 3.1735954 -9.001114 0.026837468
v 3.1735954 4.8477874 0.026837468
v 3.1735954 4.8477874 3.265864
v 3.1735954 -9.001114 3.265864
v 3.1735954 4.8477874 0.026837468
v 5.69771 4.8477874 0.026837468
v 5.69771 4.8477874 0.6814547
v 3.1735954 4.8477874 3.265864
v 5.69771 4.8477874 0.026837468
v 5.69771 -9.001114 0.026837468
v 5.69771 -9.001114 0.6814547
v 5.69771 4.8477874 0.6814547
v 5.69771 -9.001114 0.026837468
v 3.1735954 -9.001114 0.026837468
v 3.1735954 -9.001114 3.265864
v 5.69771 -9.001114 0.6814547
v 5.69771 4.8477874 0.6814547
v 5.69771 -9.001114 0.6814547
v 3.1735954 -9.001114 3.265864
v 3.1735954 4.8477874 3.265864
v -5.496065 -10.114549 17.259113
v -5.0760093 -11.645071 17.208027
v -7.0193863 -11.602443 26.276257
v -7.0381856 -11.533946 26.278543
v -5.0760093 -11.645071 17.208027
v -6.597085 -12.056118 17.012194
v -7.0874605 -11.620838 26.267492
v -7.0193863 -11.602443 26.276257
v -7.0171366 -10.525594 17.063274
v -5.496065 -10.114549 17.259113
v -7.0381856 -11.533946 26.278543
v -7.1062603 -11.552342 26.269781
v -7.0171366 -10.525594 17.063274
v -7.252334 -10.3899555 17.045742
v -5.3626604 -9.879302 17.289032
v -5.496065 -10.114549 17.259113
v -4.8408155 -11.78071 17.225565
v -5.0760093 -11.645071 17.208027
v -6.730489 -12.291364 16.982271
v -6.597085 -12.056118 17.012194
v -7.252334 -10.3899555 17.045742
v -7.0171366 -10.525594 17.063274
v -6.9644094 -10.500064 16.589165
v -7.1996 -10.364423 16.571623
v -6.6777573 -12.265832 16.508156
v -6.544354 -12.030586 16.538076
v -4.788084 -11.755179 16.751451
v -5.023279 -11.61954 16.733908
v -5.3099313 -9.85377 16.814915
v -5.4433312 -10.089018 16.784998
v -7.1996 -10.364423 16.571623
v -6.9644094 -10.500064 16.589165
v -5.599172 -10.117463 16.516483
v -5.561069 -10.253164 16.50515
v -5.0750804 -9.917698 12.856989
v -5.11318 -9.781996 12.868325
v -5.333459 -10.30612 16.4594
v -5.455985 -10.339084 16.437344
v -5.165921 -11.395968 16.402067
v -5.043396 -11.363005 16.424124
v -6.344043 -11.978347 16.326412
v -6.380221 -11.843436 16.324186
v -6.0486946 -11.783715 12.617187
v -6.012514 -11.918626 12.619411
v -6.6246257 -10.394299 12.660979
v -6.469887 -10.3523 12.6730585
v -6.0902634 -11.73551 12.626889
v -6.2450023 -11.777509 12.614809
v -6.6777573 -12.265832 16.508156
v -7.1996 -10.364423 16.571623
v -7.252334 -10.3899555 17.045742
v -6.730489 -12.291364 16.982271
v -4.788084 -11.755179 16.751451
v -6.6777573 -12.265832 16.508156
v -6.730489 -12.291364 16.982271
v -4.8408155 -11.78071 17.225565
v -5.3099313 -9.85377 16.814915
v -4.788084 -11.755179 16.751451
v -4.8408155 -11.78071 17.225565
v -5.3626604 -9.879302 17.289032
v -7.1996 -10.364423 16.571623
v -5.3099313 -9.85377 16.814915
v -5.3626604 -9.879302 17.289032
v -7.252334 -10.3899555 17.045742
v -4.900768 -11.497774 -0.13439739
v -5.4776926 -9.395682 -0.06422716
v -6.658632 -10.185961 12.4209
v -6.1708364 -11.9633 12.361575
v -6.2450023 -11.777509 12.614809
v -6.574357 -11.83684 16.297512
v -6.6246257 -10.394299 12.660979
v -6.544354 -12.030586 16.538076
v -6.9644094 -10.500064 16.589165
v -6.8942485 -10.671265 16.336414
v -2.8116515 -10.933225 0.1345775
v -4.900768 -11.497774 -0.13439739
v -6.1708364 -11.9633 12.361575
v -4.404471 -11.485969 12.588992
v -4.6185684 -11.541934 12.798878
v -5.167814 -11.66049 16.477848
v -6.012514 -11.918626 12.619411
v -5.023279 -11.61954 16.733908
v -6.544354 -12.030586 16.538076
v -6.344043 -11.978347 16.326412
v -3.3885741 -8.83113 0.20474222
v -2.8116515 -10.933225 0.1345775
v -4.404471 -11.485969 12.588992
v -4.892263 -9.708629 12.648319
v -4.8669496 -9.9841 12.957475
v -5.333459 -10.30612 16.4594
v -4.51954 -11.249928 12.915222
v -5.4433312 -10.089018 16.784998
v -5.023279 -11.61954 16.733908
v -5.043396 -11.363005 16.424124
v -5.4776926 -9.395682 -0.06422716
v -3.3885741 -8.83113 0.20474222
v -4.892263 -9.708629 12.648319
v -6.658632 -10.185961 12.4209
v -6.488309 -10.153602 12.691279
v -6.757976 -10.43061 16.367292
v -5.11318 -9.781996 12.868325
v -6.9644094 -10.500064 16.589165
v -5.4433312 -10.089018 16.784998
v -5.599172 -10.117463 16.516483
v -4.948551 -10.462401 13.435215
v -5.4284225 -10.591405 13.377319
v -5.758231 -10.819063 15.853075
v -5.278359 -10.690061 15.910971
v -4.51954 -11.249928 12.915222
v -4.642065 -11.282892 12.893168
v -4.9894753 -10.017063 12.935421
v -4.8669496 -9.9841 12.957475
v -4.8669496 -9.9841 12.957475
v -4.9894753 -10.017063 12.935421
v -5.455985 -10.339084 16.437344
v -5.333459 -10.30612 16.4594
v -5.043396 -11.363005 16.424124
v -5.165921 -11.395968 16.402067
v -4.642065 -11.282892 12.893168
v -4.51954 -11.249928 12.915222
v -6.28625 -10.420422 15.889898
v -6.092436 -10.221332 13.24789
v -5.9902315 -10.679652 13.226035
v -6.184001 -10.878697 15.867468
v -5.167814 -11.66049 16.477848
v -5.203994 -11.525581 16.475622
v -6.380221 -11.843436 16.324186
v -6.344043 -11.978347 16.326412
v -6.012514 -11.918626 12.619411
v -6.0486946 -11.783715 12.617187
v -4.6547494 -11.407025 12.796653
v -4.6185684 -11.541934 12.798878
v -4.6185684 -11.541934 12.798878
v -4.6547494 -11.407025 12.796653
v -5.203994 -11.525581 16.475622
v -5.167814 -11.66049 16.477848
v -6.592309 -10.988463 15.818206
v -6.184001 -10.878697 15.867468
v -5.9902315 -10.679652 13.226035
v -6.3985395 -10.789416 13.176771
v -6.574357 -11.83684 16.297512
v -6.4196177 -11.794841 16.309593
v -6.7395096 -10.629265 16.348495
v -6.8942485 -10.671265 16.336414
v -6.2450023 -11.777509 12.614809
v -6.0902634 -11.73551 12.626889
v -6.4196177 -11.794841 16.309593
v -6.574357 -11.83684 16.297512
v -6.8942485 -10.671265 16.336414
v -6.7395096 -10.629265 16.348495
v -6.469887 -10.3523 12.6730585
v -6.6246257 -10.394299 12.660979
v -5.53913 -10.07181 13.319127
v -5.888418 -10.312915 15.941119
v -5.758231 -10.819063 15.853075
v -5.4284225 -10.591405 13.377319
v -6.488309 -10.153602 12.691279
v -6.4502096 -10.289304 12.679942
v -6.7198763 -10.566313 16.355955
v -6.757976 -10.43061 16.367292
v -5.11318 -9.781996 12.868325
v -5.0750804 -9.917698 12.856989
v -6.4502096 -10.289304 12.679942
v -6.488309 -10.153602 12.691279
v -6.757976 -10.43061 16.367292
v -6.7198763 -10.566313 16.355955
v -5.561069 -10.253164 16.50515
v -5.599172 -10.117463 16.516483
v -6.092436 -10.221332 13.24789
v -5.53913 -10.07181 13.319127
v -5.4284225 -10.591405 13.377319
v -5.9902315 -10.679652 13.226035
v -5.198444 -10.981243 15.901253
v -5.661871 -11.28784 15.838674
v -5.2915196 -11.207899 13.357987
v -4.8280935 -10.901302 13.420567
v -5.127201 -11.530524 13.259813
v -5.2915196 -11.207899 13.357987
v -5.661871 -11.28784 15.838674
v -5.522941 -11.615945 15.910569
v -5.9381933 -11.72816 15.857108
v -6.0482965 -11.319828 15.859861
v -5.8094273 -11.276797 13.188907
v -5.6993237 -11.685129 13.186152
v -6.245866 -11.345699 13.158203
v -5.8094273 -11.276797 13.188907
v -6.0482965 -11.319828 15.859861
v -6.482564 -11.388337 15.804859
v -6.245866 -11.345699 13.158203
v -6.3985395 -10.789416 13.176771
v -5.9902315 -10.679652 13.226035
v -5.8094273 -11.276797 13.188907
v -5.6993237 -11.685129 13.186152
v -5.2915196 -11.207899 13.357987
v -5.127201 -11.530524 13.259813
v -5.8094273 -11.276797 13.188907
v -5.9902315 -10.679652 13.226035
v -5.4284225 -10.591405 13.377319
v -4.8280935 -10.901302 13.420567
v -4.948551 -10.462401 13.435215
v -6.28625 -10.420422 15.889898
v -6.184001 -10.878697 15.867468
v -5.758231 -10.819063 15.853075
v -5.888418 -10.312915 15.941119
v -6.482564 -11.388337 15.804859
v -6.0482965 -11.319828 15.859861
v -6.184001 -10.878697 15.867468
v -6.592309 -10.988463 15.818206
v -5.9381933 -11.72816 15.857108
v -5.522941 -11.615945 15.910569
v -5.661871 -11.28784 15.838674
v -6.0482965 -11.319828 15.859861
v -6.184001 -10.878697 15.867468
v -5.758231 -10.819063 15.853075
v -5.198444 -10.981243 15.901253
v -5.278359 -10.690061 15.910971
v -4.781481 -9.397637 13.002245
v -4.1958256 -11.569608 12.987596
v -6.3536873 -12.149703 12.727244
v -6.9393435 -9.977733 12.741894
v -6.907671 -9.967264 12.456062
v -6.322015 -12.139234 12.441414
v -4.164154 -11.559139 12.701764
v -4.7498093 -9.387169 12.716414
v -6.907671 -9.967264 12.456062
v -4.7498093 -9.387169 12.716414
v -4.781481 -9.397637 13.002245
v -6.9393435 -9.977733 12.741894
v -6.322015 -12.139234 12.441414
v -6.907671 -9.967264 12.456062
v -6.9393435 -9.977733 12.741894
v -6.3536873 -12.149703 12.727244
v -4.7498093 -9.387169 12.716414
v -4.164154 -11.559139 12.701764
v -4.1958256 -11.569608 12.987596
v -4.781481 -9.397637 13.002245
v -4.164154 -11.559139 12.701764
v -6.322015 -12.139234 12.441414
v -6.3536873 -12.149703 12.727244
v -4.1958256 -11.569608 12.987596
v -7.1062603 -11.552342 26.269781
v -7.2119265 -11.494036 26.284653
v -7.148468 -11.72525 26.276936
v -7.0874605 -11.620838 26.267492
v -6.597085 -12.056118 17.012194
v -7.0171366 -10.525594 17.063274
v -7.1062603 -11.552342 26.269781
v -7.0874605 -11.620838 26.267492
v -7.0381856 -11.533946 26.278543
v -6.9821386 -11.431938 26.314234
v -7.2119265 -11.494036 26.284653
v -7.1062603 -11.552342 26.269781
v -7.0874605 -11.620838 26.267492
v -7.148468 -11.72525 26.276936
v -6.918681 -11.663154 26.306517
v -7.0193863 -11.602443 26.276257
v -7.0193863 -11.602443 26.276257
v -6.918681 -11.663154 26.306517
v -6.9821386 -11.431938 26.314234
v -7.0381856 -11.533946 26.278543
v -5.932659 -12.010549 8.9276
v -6.5183163 -9.838577 8.942249
v -6.549988 -9.849045 9.228082
v -5.9643316 -12.021016 9.213431
v -6.5183163 -9.838577 8.942249
v -4.360453 -9.258483 9.202601
v -4.392126 -9.26895 9.488433
v -6.549988 -9.849045 9.228082
v -4.360453 -9.258483 9.202601
v -3.7747984 -11.430452 9.18795
v -3.80647 -11.440921 9.4737835
v -4.392126 -9.26895 9.488433
v -3.7747984 -11.430452 9.18795
v -5.932659 -12.010549 8.9276
v -5.9643316 -12.021016 9.213431
v -3.80647 -11.440921 9.4737835
v -6.5183163 -9.838577 8.942249
v -5.932659 -12.010549 8.9276
v -3.7747984 -11.430452 9.18795
v -4.360453 -9.258483 9.202601
v -4.392126 -9.26895 9.488433
v -3.80647 -11.440921 9.4737835
v -5.9643316 -12.021016 9.213431
v -6.549988 -9.849045 9.228082
v 3.8137438 -11.213517 -0.0014795512
v 3.8179035 -9.045932 0.05449742
v 3.9361806 -9.417396 9.893393
v 3.9326882 -11.236284 12.5956745
v 5.994954 -11.211559 0.015067995
v 3.8137438 -11.213517 -0.0014795512
v 3.9326882 -11.236284 12.5956745
v 5.764597 -11.242529 11.399227
v 5.997396 -9.018779 0.072610766
v 5.994954 -11.211559 0.015067995
v 5.764597 -11.242529 11.399227
v 5.7492256 -9.417899 12.656719
v 3.8179035 -9.045932 0.05449742
v 5.997396 -9.018779 0.072610766
v 5.7492256 -9.417899 12.656719
v 3.9361806 -9.417396 9.893393
v 5.583486 -9.598164 12.594214
v 5.652914 -9.666739 11.559869
v 4.0442095 -9.517049 9.334624
v 4.105685 -9.591007 9.950291
v 3.7440171 -11.3814535 9.1315975
v 3.7440162 -9.131862 9.1315975
v 3.7440162 -9.131862 9.419369
v 3.7440166 -11.3814535 9.419368
v 3.7440162 -9.131862 9.1315975
v 5.993608 -9.131862 9.1315975
v 5.993608 -9.131862 9.419368
v 3.7440162 -9.131862 9.419369
v 5.993608 -9.131862 9.1315975
v 5.9936075 -11.381453 9.131596
v 5.9936085 -11.3814535 9.419368
v 5.993608 -9.131862 9.419368
v 5.9936075 -11.381453 9.131596
v 3.7440171 -11.3814535 9.1315975
v 3.7440166 -11.3814535 9.419368
v 5.9936085 -11.3814535 9.419368
v 3.7440162 -9.131862 9.1315975
v 3.7440171 -11.3814535 9.1315975
v 5.9936075 -11.381453 9.131596
v 5.993608 -9.131862 9.1315975
v 5.993608 -9.131862 9.419368
v 5.9936085 -11.3814535 9.419368
v 3.7440166 -11.3814535 9.419368
v 3.7440162 -9.131862 9.419369
v 4.1177254 -11.06806 12.544822
v 3.9326882 -11.236284 12.5956745
v 3.9361806 -9.417396 9.893393
v 4.105685 -9.591007 9.950291
v 5.575796 -11.056879 11.455691
v 5.764597 -11.242529 11.399227
v 3.9326882 -11.236284 12.5956745
v 4.1177254 -11.06806 12.544822
v 5.583486 -9.598164 12.594214
v 5.7492256 -9.417899 12.656719
v 5.764597 -11.242529 11.399227
v 5.575796 -11.056879 11.455691
v 4.105685 -9.591007 9.950291
v 3.9361806 -9.417396 9.893393
v 5.7492256 -9.417899 12.656719
v 5.583486 -9.598164 12.594214
v 4.1177254 -11.06806 12.544822
v 4.2085295 -11.11493 11.5111685
v 5.4928637 -10.961333 10.844039
v 5.575796 -11.056879 11.455691
v 5.575796 -11.056879 11.455691
v 5.4928637 -10.961333 10.844039
v 5.652914 -9.666739 11.559869
v 5.583486 -9.598164 12.594214
v 4.105685 -9.591007 9.950291
v 4.0442095 -9.517049 9.334624
v 4.2085295 -11.11493 11.5111685
v 4.1177254 -11.06806 12.544822
v 3.774082 -11.377476 11.611219
v 4.0318894 -9.215265 11.046381
v 3.9170418 -9.135839 11.298003
v 3.6592345 -11.29805 11.862841
v 4.0318894 -9.215265 11.046381
v 6.078388 -9.215265 11.98046
v 5.963541 -9.13584 12.232081
v 3.9170418 -9.135839 11.298003
v 6.078388 -9.215265 11.98046
v 5.820581 -11.377476 12.545297
v 5.705734 -11.29805 12.796921
v 5.963541 -9.13584 12.232081
v 5.820581 -11.377476 12.545297
v 3.774082 -11.377476 11.611219
v 3.6592345 -11.29805 11.862841
v 5.705734 -11.29805 12.796921
v 5.807041 -9.469879 11.93698
v 4.2425194 -9.469879 11.222888
v 4.1276717 -9.390454 11.474511
v 5.692194 -9.390454 12.1886015
v 5.609951 -11.122862 12.36879
v 5.807041 -9.469879 11.93698
v 5.692194 -9.390454 12.1886015
v 5.495104 -11.043436 12.620413
v 4.045429 -11.122861 11.6547
v 5.609951 -11.122862 12.36879
v 5.495104 -11.043436 12.620413
v 3.9305818 -11.043436 11.906322
v 4.2425194 -9.469879 11.222888
v 4.045429 -11.122861 11.6547
v 3.9305818 -11.043436 11.906322
v 4.1276717 -9.390454 11.474511
v 1.0066426 11.83274 11.576133
v 1.0097704 9.71451 11.548511
v -0.06262039 10.523353 17.714996
v -0.06276031 10.618152 17.716232
v 1.0097704 9.71451 11.548511
v -1.1088725 9.71165 11.540381
v -0.15743746 10.523224 17.714632
v -0.06262039 10.523353 17.714996
v -1.1119952 11.829879 11.568004
v 1.0066426 11.83274 11.576133
v -0.06276031 10.618152 17.716232
v -0.15757841 10.618023 17.71587
v -1.1119952 11.829879 11.568004
v -1.3690809 12.086184 11.570368
v 1.2629666 12.089738 11.580465
v 1.0066426 11.83274 11.576133
v 1.266852 9.458205 11.546147
v 1.0097704 9.71451 11.548511
v -1.3651959 9.454651 11.536048
v -1.1088725 9.71165 11.540381
v -1.3690809 12.086184 11.570368
v -1.1119952 11.829879 11.568004
v -1.1089392 11.840335 11.248523
v -1.3660163 12.09664 11.250886
v -1.3621353 9.465106 11.216568
v -1.1058115 9.722105 11.220901
v 1.2699131 9.46866 11.226668
v 1.01283 9.724966 11.229027
v 1.2660261 12.100195 11.260983
v 1.0097072 11.843195 11.256652
v -1.3660163 12.09664 11.250886
v -1.1089392 11.840335 11.248523
v 0.75897664 11.858353 11.09043
v 0.75930303 11.670185 11.083396
v 0.93339676 11.901853 8.61581
v 0.9330747 12.09002 8.622844
v 1.025354 11.52249 11.037536
v 0.85377413 11.522395 11.032705
v 0.855933 10.059677 11.013631
v 1.0275122 10.059772 11.01846
v -0.86412877 9.717981 11.064266
v -0.8643576 9.904342 11.062168
v -0.9919443 9.833902 8.57357
v -0.9917121 9.647541 8.575668
v -1.2442726 11.824423 8.611256
v -1.0298907 11.8248825 8.606869
v -1.0270656 9.910533 8.581904
v -1.2414473 9.910073 8.586291
v -1.3621353 9.465106 11.216568
v -1.3660163 12.09664 11.250886
v -1.3690809 12.086184 11.570368
v -1.3651959 9.454651 11.536048
v 1.2699131 9.46866 11.226668
v -1.3621353 9.465106 11.216568
v -1.3651959 9.454651 11.536048
v 1.266852 9.458205 11.546147
v 1.2660261 12.100195 11.260983
v 1.2699131 9.46866 11.226668
v 1.266852 9.458205 11.546147
v 1.2629666 12.089738 11.580465
v -1.3660163 12.09664 11.250886
v 1.2660261 12.100195 11.260983
v 1.2629666 12.089738 11.580465
v -1.3690809 12.086184 11.570368
v -1.3934959 9.692704 0.010618655
v -1.3977915 12.601981 0.04856133
v -1.253187 12.102564 8.449194
v -1.2495543 9.642742 8.417117
v -1.2414473 9.910073 8.586291
v -1.1146988 9.980051 11.058578
v -1.2442726 11.824423 8.611256
v -1.1058115 9.722105 11.220901
v -1.1089392 11.840335 11.248523
v -1.1170769 11.593197 11.079612
v 1.5163496 9.696633 0.02178647
v -1.3934959 9.692704 0.010618655
v -1.2495543 9.642742 8.417117
v 1.2107435 9.646065 8.426557
v 0.94985676 9.650162 8.5831175
v 0.77419233 9.720194 11.070552
v -0.9917121 9.647541 8.575668
v 1.01283 9.724966 11.229027
v -1.1058115 9.722105 11.220901
v -0.86412877 9.717981 11.064266
v 1.5120552 12.605911 0.05972534
v 1.5163496 9.696633 0.02178647
v 1.2107435 9.646065 8.426557
v 1.2071157 12.1058855 8.458635
v 1.1924714 11.744872 8.668862
v 1.025354 11.52249 11.037536
v 1.1950587 9.992977 8.646015
v 1.0097072 11.843195 11.256652
v 1.01283 9.724966 11.229027
v 1.0275122 10.059772 11.01846
v -1.3977915 12.601981 0.04856133
v 1.5120552 12.605911 0.05972534
v 1.2071157 12.1058855 8.458635
v -1.253187 12.102564 8.449194
v -0.9822854 12.087434 8.615495
v -0.8550733 11.856173 11.084237
v 0.9330747 12.09002 8.622844
v -1.1089392 11.840335 11.248523
v 1.0097072 11.843195 11.256652
v 0.75897664 11.858353 11.09043
v 0.9972196 11.161149 9.003892
v 0.32965845 11.161149 9.003893
v 0.211511 11.003932 10.678473
v 0.8790729 11.003932 10.678473
v 1.1950587 9.992977 8.646015
v 1.0234787 9.992883 8.641186
v 1.0208914 11.744778 8.664032
v 1.1924714 11.744872 8.668862
v 1.1924714 11.744872 8.668862
v 1.0208914 11.744778 8.664032
v 0.85377413 11.522395 11.032705
v 1.025354 11.52249 11.037536
v 1.0275122 10.059772 11.01846
v 0.855933 10.059677 11.013631
v 1.0234787 9.992883 8.641186
v 1.1950587 9.992977 8.646015
v -0.32148865 11.701275 10.732109
v -0.41291755 11.867486 8.957785
v -0.44317937 11.241311 8.946892
v -0.35176736 11.075136 10.720831
v 0.77419233 9.720194 11.070552
v 0.77396 9.906555 11.068453
v -0.8643576 9.904342 11.062168
v -0.86412877 9.717981 11.064266
v -0.9917121 9.647541 8.575668
v -0.9919443 9.833902 8.57357
v 0.9496244 9.836522 8.581019
v 0.94985676 9.650162 8.5831175
v 0.94985676 9.650162 8.5831175
v 0.9496244 9.836522 8.581019
v 0.77396 9.906555 11.068453
v 0.77419233 9.720194 11.070552
v -0.91977376 11.075136 10.720831
v -0.35176736 11.075136 10.720831
v -0.44317937 11.241311 8.946892
v -1.0111862 11.241311 8.946892
v -1.1146988 9.980051 11.058578
v -0.9003171 9.980511 11.054191
v -0.90269524 11.593657 11.075225
v -1.1170769 11.593197 11.079612
v -1.2414473 9.910073 8.586291
v -1.0270656 9.910533 8.581904
v -0.9003171 9.980511 11.054191
v -1.1146988 9.980051 11.058578
v -1.1170769 11.593197 11.079612
v -0.90269524 11.593657 11.075225
v -1.0298907 11.8248825 8.606869
v -1.2442726 11.824423 8.611256
v 0.35775852 11.868526 8.960741
v 0.23263417 11.7020235 10.734236
v 0.211511 11.003932 10.678473
v 0.32965845 11.161149 9.003893
v -0.9822854 12.087434 8.615495
v -0.98196304 11.899267 8.60846
v -0.854751 11.668006 11.077204
v -0.8550733 11.856173 11.084237
v 0.9330747 12.09002 8.622844
v 0.93339676 11.901853 8.61581
v -0.98196304 11.899267 8.60846
v -0.9822854 12.087434 8.615495
v -0.8550733 11.856173 11.084237
v -0.854751 11.668006 11.077204
v 0.75930303 11.670185 11.083396
v 0.75897664 11.858353 11.09043
v -0.41291755 11.867486 8.957785
v 0.35775852 11.868526 8.960741
v 0.32965845 11.161149 9.003893
v -0.44317937 11.241311 8.946892
v 0.8796672 10.600937 10.673219
v 0.17132258 10.366379 10.673219
v 0.2897731 10.319157 8.995972
v 0.9981175 10.553715 8.995971
v 0.37392354 9.845565 8.926503
v 0.2897731 10.319157 8.995972
v 0.17132258 10.366379 10.673219
v 0.24735376 9.896025 10.718739
v -0.33103368 9.895243 10.71652
v -0.33103368 10.459595 10.716519
v -0.42296216 10.408842 8.923446
v -0.42296192 9.844489 8.923446
v -1.010049 10.471422 8.9368515
v -0.42296216 10.408842 8.923446
v -0.33103368 10.459595 10.716519
v -0.918959 10.521714 10.713614
v -1.010049 10.471422 8.9368515
v -1.0111862 11.241311 8.946892
v -0.44317937 11.241311 8.946892
v -0.42296216 10.408842 8.923446
v -0.42296192 9.844489 8.923446
v 0.2897731 10.319157 8.995972
v 0.37392354 9.845565 8.926503
v -0.42296216 10.408842 8.923446
v -0.44317937 11.241311 8.946892
v 0.32965845 11.161149 9.003893
v 0.9981175 10.553715 8.995971
v 0.9972196 11.161149 9.003892
v -0.32148865 11.701275 10.732109
v -0.35176736 11.075136 10.720831
v 0.211511 11.003932 10.678473
v 0.23263417 11.7020235 10.734236
v -0.918959 10.521714 10.713614
v -0.33103368 10.459595 10.716519
v -0.35176736 11.075136 10.720831
v -0.91977376 11.075136 10.720831
v -0.33103368 9.895243 10.71652
v 0.24735376 9.896025 10.718739
v 0.17132258 10.366379 10.673219
v -0.33103368 10.459595 10.716519
v -0.35176736 11.075136 10.720831
v 0.211511 11.003932 10.678473
v 0.8796672 10.600937 10.673219
v 0.8790729 11.003932 10.678473
v 1.5105845 12.471144 8.678044
v 1.5105853 9.469289 8.678044
v -1.4912708 9.469289 8.678044
v -1.4912713 12.471145 8.678044
v -1.4912713 12.471145 8.485567
v -1.4912703 9.469289 8.485567
v 1.5105844 9.46929 8.485566
v 1.5105846 12.471144 8.485567
v -1.4912713 12.471145 8.485567
v 1.5105846 12.471144 8.485567
v 1.5105845 12.471144 8.678044
v -1.4912713 12.471145 8.678044
v -1.4912703 9.469289 8.485567
v -1.4912713 12.471145 8.485567
v -1.4912713 12.471145 8.678044
v -1.4912708 9.469289 8.678044
v 1.5105846 12.471144 8.485567
v 1.5105844 9.46929 8.485566
v 1.5105853 9.469289 8.678044
v 1.5105845 12.471144 8.678044
v 1.5105844 9.46929 8.485566
v -1.4912703 9.469289 8.485567
v -1.4912708 9.469289 8.678044
v 1.5105853 9.469289 8.678044
v -0.15757841 10.618023 17.71587
v -0.27047017 10.72998 17.732107
v -0.26999688 10.409981 17.727936
v -0.15743746 10.523224 17.714632
v -1.1088725 9.71165 11.540381
v -1.1119952 11.829879 11.568004
v -0.15757841 10.618023 17.71587
v -0.15743746 10.523224 17.714632
v -0.06276031 10.618152 17.716232
v 0.04959098 10.730413 17.733335
v -0.27047017 10.72998 17.732107
v -0.15757841 10.618023 17.71587
v -0.15743746 10.523224 17.714632
v -0.26999688 10.409981 17.727936
v 0.050064288 10.410414 17.729162
v -0.06262039 10.523353 17.714996
v -0.06262039 10.523353 17.714996
v 0.050064288 10.410414 17.729162
v 0.04959098 10.730413 17.733335
v -0.06276031 10.618152 17.716232
v -1.4912703 9.469289 6.1193786
v -1.4912713 12.471145 6.1193786
v -1.4912713 12.471145 6.3118563
v -1.4912708 9.469289 6.311856
v -1.4912713 12.471145 6.1193786
v 1.5105846 12.471144 6.1193786
v 1.5105845 12.471144 6.311856
v -1.4912713 12.471145 6.3118563
v 1.5105846 12.471144 6.1193786
v 1.5105844 9.46929 6.119377
v 1.5105853 9.469289 6.311856
v 1.5105845 12.471144 6.311856
v 1.5105844 9.46929 6.119377
v -1.4912703 9.469289 6.1193786
v -1.4912708 9.469289 6.311856
v 1.5105853 9.469289 6.311856
v -1.4912713 12.471145 6.1193786
v -1.4912703 9.469289 6.1193786
v 1.5105844 9.46929 6.119377
v 1.5105846 12.471144 6.1193786
v 1.5105845 12.471144 6.311856
v 1.5105853 9.469289 6.311856
v -1.4912708 9.469289 6.311856
v -1.4912713 12.471145 6.3118563
v 0.35775852 11.868526 8.960741
v 0.93339676 11.901853 8.61581
v 0.75930303 11.670185 11.083396
v 0.23263417 11.7020235 10.734236
v -0.41291755 11.867486 8.957785
v -0.854751 11.668006 11.077204
v -0.98196304 11.899267 8.60846
v -0.32148865 11.701275 10.732109
v -0.918959 10.521714 10.713614
v -0.9003171 9.980511 11.054191
v -1.0270656 9.910533 8.581904
v -0.91977376 11.075136 10.720831
v -1.010049 10.471422 8.9368515
v -0.90269524 11.593657 11.075225
v -1.0298907 11.8248825 8.606869
v -1.0111862 11.241311 8.946892
v -0.42296192 9.844489 8.923446
v -0.9919443 9.833902 8.57357
v -0.8643576 9.904342 11.062168
v -0.33103368 9.895243 10.71652
v 0.37392354 9.845565 8.926503
v 0.77396 9.906555 11.068453
v 0.9496244 9.836522 8.581019
v 0.24735376 9.896025 10.718739
v 0.9981175 10.553715 8.995971
v 1.0234787 9.992883 8.641186
v 0.855933 10.059677 11.013631
v 0.8796672 10.600937 10.673219
v 0.9972196 11.161149 9.003892
v 0.85377413 11.522395 11.032705
v 1.0208914 11.744778 8.664032
v 0.8790729 11.003932 10.678473
v 5.692194 -9.390454 12.1886015
v 5.705734 -11.29805 12.796921
v 5.495104 -11.043436 12.620413
v 5.963541 -9.13584 12.232081
v 3.6592345 -11.29805 11.862841
v 4.1276717 -9.390454 11.474511
v 3.9305818 -11.043436 11.906322
v 3.9170418 -9.135839 11.298003
v 5.609951 -11.122862 12.36879
v 5.820581 -11.377476 12.545297
v 6.078388 -9.215265 11.98046
v 5.807041 -9.469879 11.93698
v 4.045429 -11.122861 11.6547
v 4.0318894 -9.215265 11.046381
v 3.774082 -11.377476 11.611219
v 4.2425194 -9.469879 11.222888
v -5.53913 -10.07181 13.319127
v -5.0750804 -9.917698 12.856989
v -5.561069 -10.253164 16.50515
v -5.888418 -10.312915 15.941119
v -6.092436 -10.221332 13.24789
v -6.7198763 -10.566313 16.355955
v -6.4502096 -10.289304 12.679942
v -6.28625 -10.420422 15.889898
v -6.482564 -11.388337 15.804859
v -6.4196177 -11.794841 16.309593
v -6.0902634 -11.73551 12.626889
v -6.592309 -10.988463 15.818206
v -6.245866 -11.345699 13.158203
v -6.7395096 -10.629265 16.348495
v -6.469887 -10.3523 12.6730585
v -6.3985395 -10.789416 13.176771
v -5.6993237 -11.685129 13.186152
v -6.0486946 -11.783715 12.617187
v -6.380221 -11.843436 16.324186
v -5.9381933 -11.72816 15.857108
v -5.127201 -11.530524 13.259813
v -5.203994 -11.525581 16.475622
v -4.6547494 -11.407025 12.796653
v -5.522941 -11.615945 15.910569
v -4.8280935 -10.901302 13.420567
v -4.642065 -11.282892 12.893168
v -5.165921 -11.395968 16.402067
v -5.198444 -10.981243 15.901253
v -4.948551 -10.462401 13.435215
v -5.455985 -10.339084 16.437344
v -4.9894753 -10.017063 12.935421
v -5.278359 -10.690061 15.910971
v 6.300921 1.7291346 0.7816467
v 6.300921 1.26948 0.3219922
v 6.300921 1.26948 7.1042204
v 6.300921 1.7291346 6.9727697
v 6.300921 4.1638436 0.7816467
v 6.300921 4.1638436 11.750847
v 6.300921 4.1638436 0.3219922
v 6.300921 4.1638436 10.881464
v 6.300921 6.598553 0.7816467
v 6.300921 7.0582075 7.1042204
v 6.300921 7.0582075 0.3219922
v 6.300921 6.5985527 6.9727697
v -5.592074 6.598553 0.7816467
v -5.592074 7.0582075 0.3219922
v -5.592074 7.0582075 7.1042204
v -5.592074 6.5985527 6.9727697
v -5.592074 4.1638436 0.7816467
v -5.592074 4.1638436 11.750847
v -5.592074 4.1638436 0.3219922
v -5.592074 4.1638436 10.881464
v -5.592074 1.7291346 0.7816467
v -5.592074 1.26948 7.1042204
v -5.592074 1.26948 0.3219922
v -5.592074 1.7291346 6.9727697
vt 0.6233119 0.25
vt 0.6233119 0.25
vt 0.62331194 0.23881143
vt 0.62331194 0.75
vt 0.62331194 0.75
vt 0.6233119 0.7388115
vt 0.6233119 1
vt 0.6233119 1
vt 0.6233119 0.9888115
vt 0.6233119 0.5
vt 0.6233119 0.5
vt 0.6233119 0.48881146
vt 0.5636749 0.10569002
vt 0.56367505 0.2619778
vt 0.56367505 0.6552935
vt 0.56367505 0.48872453
vt 0.56367505 0.6552935
vt 0.56367505 0.2619778
vt 0.6233119 0.25
vt 0.6233119 0.25
vt 0.62331194 0.23881143
vt 0.62331194 0.75
vt 0.62331194 0.75
vt 0.6233119 0.7388115
vt 0.6233119 1
vt 0.6233119 1
vt 0.6233119 0.9888115
vt 0.6233119 0.5
vt 0.6233119 0.5
vt 0.6233119 0.48881146
vt 0.5 0.19607326
vt 0.5 0.25
vt 0.625 0.25
vt 0.625 0.19607326
vt 0.5 0.15807514
vt 0.625 0.15807515
vt 0.5 0.10912031
vt 0.625 0.109120324
vt 0.5 0.102068976
vt 0.625 0.10206899
vt 0.5 0.09132642
vt 0.625 0.091326445
vt 0.5 0.07538193
vt 0.625 0.07538195
vt 0.5 0.04606282
vt 0.625 0.04606282
vt 0.5 0
vt 0.625 0
vt 0.5 0
vt 0.625 0
vt 0.625 0
vt 0.625 0
vt 0.5 0.25
vt 0.5 0.5
vt 0.625 0.5
vt 0.625 0.25
vt 0.5 0.7039372
vt 0.5 0.75
vt 0.625 0.75
vt 0.625 0.7039371
vt 0.5 0.674618
vt 0.625 0.674618
vt 0.5 0.6586735
vt 0.625 0.6586736
vt 0.5 0.647931
vt 0.62500006 0.64793104
vt 0.5 0.64087963
vt 0.62500006 0.6408798
vt 0.5 0.59192485
vt 0.625 0.5919249
vt 0.5 0.5539267
vt 0.62500006 0.55392677
vt 0.5 0.5
vt 0.625 0.5
vt 0.625 0.7039371
vt 0.625 0.75
vt 0.875 0.75
vt 0.875 0.7039372
vt 0.625 0.674618
vt 0.875 0.674618
vt 0.625 0.6586736
vt 0.87499994 0.65867347
vt 0.62500006 0.64793104
vt 0.875 0.6479309
vt 0.625 0.5
vt 0.62500006 0.55392677
vt 0.875 0.5539267
vt 0.875 0.5
vt 0.62500006 0.55392677
vt 0.625 0.5919249
vt 0.875 0.59192485
vt 0.875 0.5539267
vt 0.62500006 0.6408798
vt 0.62500006 0.64793104
vt 0.875 0.6479309
vt 0.875 0.64087963
vt 0.625 0.5919249
vt 0.62500006 0.6408798
vt 0.875 0.64087963
vt 0.875 0.59192485
vt 0.5 0.7039372
vt 0.5 0.75
vt 0.625 0.75
vt 0.625 0.7039371
vt 0.5 0.674618
vt 0.625 0.674618
vt 0.5 0.6586735
vt 0.625 0.6586736
vt 0.5 0.647931
vt 0.62500006 0.64793104
vt 0.5 0.64087963
vt 0.62500006 0.6408798
vt 0.5 0.59192485
vt 0.625 0.5919249
vt 0.5 0.5539267
vt 0.62500006 0.55392677
vt 0.5 0.52696335
vt 0.625 0.52696335
vt 0.5 0.5
vt 0.625 0.5
vt 0.5 0.75
vt 0.5 1
vt 0.625 1
vt 0.625 0.75
vt 0.625 0.7039371
vt 0.625 0.75
vt 0.875 0.75
vt 0.875 0.7039372
vt 0.625 0.674618
vt 0.875 0.674618
vt 0.5 0
vt 0.625 0.04606282
vt 0.625 0
vt 0.5 0.04606282
vt 0.625 0.07538195
vt 0.5 0.07538193
vt 0.625 0.091326445
vt 0.5 0.09132642
vt 0.625 0.10206899
vt 0.5 0.102068976
vt 0.625 0.109120324
vt 0.5 0.10912031
vt 0.625 0.15807515
vt 0.5 0.15807514
vt 0.625 0.19607326
vt 0.5 0.19607326
vt 0.625 0.22303663
vt 0.5 0.22303663
vt 0.625 0.25
vt 0.5 0.25
vt 0.625 0.25
vt 0.5 0.25
vt 0.625 0.25
vt 0.625 0.25
vt 0.62500006 0.55392677
vt 0.625 0.5919249
vt 0.875 0.59192485
vt 0.875 0.5539267
vt 0.625 0.52696335
vt 0.875 0.52696335
vt 0.625 0.5
vt 0.875 0.5
vt 0.62500006 0.6408798
vt 0.62500006 0.64793104
vt 0.875 0.6479309
vt 0.875 0.64087963
vt 0.62500006 0.64793104
vt 0.87499994 0.65867347
vt 0.875 0.6479309
vt 0.625 0.6586736
vt 0.875 0.674618
vt 0.625 0.674618
vt 0.625 0.5919249
vt 0.62500006 0.6408798
vt 0.875 0.64087963
vt 0.875 0.59192485
vt 0.5 0.75
vt 0.5 1
vt 0.625 1
vt 0.625 0.75
vt 0.625 0.75
vt 0.625 1
vt 0 0
vt 0 0
vt 0 0
vt 0 0
vt 0.625 0.75
vt 0.625 0.75
vt 0.875 0.75
vt 0.875 0.75
vt 0 0
vt 0 0
vt 0 0
vt 0 0
vt 0 0
vt 0 0
vt 0 0
vt 0 0
vt 0.625 0.5
vt 0.43965223 0.35172176
vt 0 0
vt 0.26572597 0.21258077
vt 0 0
vt 0.5 0.75
vt 0.25 0.375
vt 0 0
vt 0 0
vt 0 0
vt 0 0
vt 0 0
vt 0 0
vt 0 0
vt 0.5 0.64370954
vt 0.625 0.64370954
vt 0.625 0.57413906
vt 0.5 0.57413906
vt 0.625 0.5
vt 0.5 0.5
vt 0.5 0.25
vt 0.625 0.25
vt 0.625 0.25
vt 0.625 0.5
vt 0 0
vt 0 0
vt 0 0
vt 0 0
vt 0.875 0.5
vt 0.875 0.5
vt 0.625 0.5
vt 0.625 0.5
vt 0 0
vt 0 0
vt 0 0
vt 0 0
vt 0 0
vt 0.625 0.25
vt 0.625 0.25
vt 0 0
vt 0.625 0
vt 0 0
vt 0.625 0.75
vt 0.625 0
vt 0 0
vt 0 0
vt 0 0
vt 0 0
vt 0 0
vt 0 0
vt 0 0
vt 0 0
vt 0 0
vt 0 0
vt 0 0
vt 0 0
vt 0.50739545 0.01985128
vt 0.50739545 0.01985128
vt 0.6137523 0.019851279
vt 0.6137523 0.019851279
vt 0.6154914 0.125
vt 0.6154914 0.125
vt 0.5 0.25
vt 0.5 0.5
vt 0.625 0.5
vt 0.625 0.25
vt 0.61375225 0.73014873
vt 0.50739545 0.7301488
vt 0.50739545 0.7301488
vt 0.61375225 0.73014873
vt 0.6154914 0.625
vt 0.6154914 0.625
vt 0.5 0.75
vt 0.5 1
vt 0.625 1
vt 0.625 0.75
vt 0.625 0.625
vt 0.625 0.625
vt 0.625 0.5
vt 0.625 0.5
vt 0.50502735 0.125
vt 0.50739545 0.01985128
vt 0.50739545 0.01985128
vt 0.50502735 0.125
vt 0.5073954 0.23014873
vt 0.5073954 0.23014873
vt 0.50502735 0.625
vt 0.5073954 0.51985127
vt 0.5073954 0.51985127
vt 0.50502735 0.625
vt 0.50739545 0.7301488
vt 0.50739545 0.7301488
vt 0.625 0.125
vt 0.625 0.125
vt 0.625 0
vt 0.625 0
vt 0.5 0.125
vt 0.5 0.25
vt 0.625 0.25
vt 0.625 0.125
vt 0.5 0
vt 0.625 0
vt 0.5 0.25
vt 0.5 0.5
vt 0.625 0.5
vt 0.625 0.25
vt 0.5 0.625
vt 0.5 0.75
vt 0.625 0.75
vt 0.625 0.625
vt 0.5 0.5
vt 0.625 0.5
vt 0.5 0.75
vt 0.5 1
vt 0.625 1
vt 0.625 0.75
vt 0.625 0.625
vt 0.625 0.75
vt 0.875 0.75
vt 0.875 0.625
vt 0.625 0.5
vt 0.625 0.625
vt 0.875 0.625
vt 0.875 0.5
vt 0.625 0.625
vt 0.625 0.75
vt 0.875 0.75
vt 0.875 0.625
vt 0.625 0.5
vt 0.625 0.625
vt 0.875 0.625
vt 0.875 0.5
vt 0.625 0.75
vt 0.625 0.75
vt 0.625 0.625
vt 0.625 0.625
vt 0.625 0.25
vt 0.625 0.25
vt 0.625 0.125
vt 0.625 0.125
vt 0.625 1
vt 0.625 1
vt 0.625 0.75
vt 0.625 0.75
vt 0.625 0.5
vt 0.625 0.5
vt 0.625 0.25
vt 0.625 0.25
vt 0.5625 0.5
vt 0.625 0.75
vt 0.625 0.5
vt 0.5625 0.75
vt 0.5 0.5
vt 0.5 0.75
vt 0.625 1
vt 0.625 1
vt 0.625 0.75
vt 0.625 0.75
vt 0.5625 0.75
vt 0.5625 1
vt 0.5 0.75
vt 0.5 1
vt 0.5 0
vt 0.5 0.25
vt 0.625 0.25
vt 0.625 0
vt 0.625 0
vt 0.625 0.25
vt 0.5 0.25
vt 0.5 0.5
vt 0.625 0.5
vt 0.625 0.25
vt 0.625 0.25
vt 0.625 0.5
vt 0.5 0.5
vt 0.5 0.75
vt 0.625 0.75
vt 0.625 0.5
vt 0.625 0.5
vt 0.625 0.75
vt 0.5 0.75
vt 0.5 1
vt 0.625 1
vt 0.625 0.75
vt 0.625 0.75
vt 0.625 1
vt 0.625 1
vt 0.625 1
vt 0.625 0.75
vt 0.625 0.75
vt 0.5625 0.75
vt 0.5625 1
vt 0.5 0.75
vt 0.5 1
vt 0.625 0.5
vt 0.625 0.5
vt 0.625 0.25
vt 0.625 0.25
vt 0.5625 0.25
vt 0.5625 0.5
vt 0.5 0.25
vt 0.5 0.5
vt 0.625 0.5
vt 0.625 0.75
vt 0.875 0.75
vt 0.875 0.5
vt 0.625 0.25
vt 0.625 0.25
vt 0.625 0
vt 0.625 0
vt 0.5625 0
vt 0.5625 0.25
vt 0.5 0
vt 0.5 0.25
vt 0.625 0.75
vt 0.625 0.5
vt 0.625 0.5
vt 0.625 0.75
vt 0.875 0.75
vt 0.875 0.5
vt 0.625 0.5
vt 0.625 0.5
vt 0.625 0.25
vt 0.625 0.25
vt 0.5625 0.25
vt 0.5625 0.5
vt 0.5 0.25
vt 0.5 0.5
vt 0.625 0.5
vt 0.625 0.75
vt 0.875 0.75
vt 0.875 0.5
vt 0.625 0.75
vt 0.625 0.75
vt 0.625 0.5
vt 0.625 0.5
vt 0.5625 0.5
vt 0.5625 0.75
vt 0.5 0.5
vt 0.5 0.75
vt 0.625 0.25
vt 0.625 0.25
vt 0.625 0
vt 0.625 0
vt 0.5625 0
vt 0.5625 0.25
vt 0.5 0
vt 0.5 0.25
vt 0 0
vt 0 0
vt 0 0
vt 0 0
vt 0 0
vt 0 0
vt 0 0
vt 0 0
vt 0 0
vt 0 0
vt 0 0
vt 0 0
vt 0 0
vt 0 0
vt 0.5625 0
vt 0.5625 0.34608057
vt 0.5625 0.25
vt 0.5625 0.28824162
vt 0.5625 0.3653602
vt 0.5625 0.34608054
vt 0 0
vt 0 0
vt 0 0
vt 0 0
vt 0 0
vt 0 0
vt 0 0
vt 0 0
vt 0 0
vt 0 0
vt 0 0
vt 0 0
vt 0 0
vt 0 0
vt 0.5625 0.46175838
vt 0.5625 0.75
vt 0.5625 0.5
vt 0.5625 0.40391946
vt 0.5625 0.40391946
vt 0.5625 0.38463983
vt 0.5625 0
vt 0.5625 0
vt 0.5625 0.25
vt 0.5625 0.25
vt 0.5625 0.5
vt 0.5625 0.5
vt 0.5625 0.75
vt 0.5625 0.75
vt 0 0
vt 0 0
vt 0 0
vt 0 0
vt 0 0
vt 0 0
vt 0 0
vt 0 0
vt 0 0
vt 0 0
vt 0 0
vt 0 0
vt 0 0
vt 0 0
vt 0.5625 0.5
vt 0.625 0.75
vt 0.625 0.5
vt 0.5625 0.75
vt 0.5 0.5
vt 0.5 0.75
vt 0.625 1
vt 0.625 1
vt 0.625 0.75
vt 0.625 0.75
vt 0.5625 0.75
vt 0.5625 1
vt 0.5 0.75
vt 0.5 1
vt 0.625 1
vt 0.625 1
vt 0.625 0.75
vt 0.625 0.75
vt 0.5625 0.75
vt 0.5625 1
vt 0.5 0.75
vt 0.5 1
vt 0.625 0.5
vt 0.625 0.5
vt 0.625 0.25
vt 0.625 0.25
vt 0.5625 0.25
vt 0.5625 0.5
vt 0.5 0.25
vt 0.5 0.5
vt 0.625 0.5
vt 0.625 0.75
vt 0.875 0.75
vt 0.875 0.5
vt 0.625 0.25
vt 0.625 0.25
vt 0.625 0
vt 0.625 0
vt 0.5625 0
vt 0.5625 0.25
vt 0.5 0
vt 0.5 0.25
vt 0.625 0.75
vt 0.625 0.5
vt 0.625 0.5
vt 0.625 0.75
vt 0.875 0.75
vt 0.875 0.5
vt 0.625 0.5
vt 0.625 0.5
vt 0.625 0.25
vt 0.625 0.25
vt 0.5625 0.25
vt 0.5625 0.5
vt 0.5 0.25
vt 0.5 0.5
vt 0.625 0.75
vt 0.625 0.75
vt 0.625 0.5
vt 0.625 0.5
vt 0.5625 0.5
vt 0.5625 0.75
vt 0.5 0.5
vt 0.5 0.75
vt 0.625 0.25
vt 0.625 0.25
vt 0.625 0
vt 0.625 0
vt 0.5625 0
vt 0.5625 0.25
vt 0.5 0
vt 0.5 0.25
vt 0 0
vt 0 0
vt 0 0
vt 0 0
vt 0 0
vt 0 0
vt 0 0
vt 0 0
vt 0 0
vt 0 0
vt 0 0
vt 0 0
vt 0 0
vt 0 0
vt 0.5625 0
vt 0.5625 0.34608057
vt 0.5625 0.25
vt 0.5625 0.28824162
vt 0.5625 0.3653602
vt 0.5625 0.34608054
vt 0 0
vt 0 0
vt 0 0
vt 0 0
vt 0 0
vt 0 0
vt 0 0
vt 0 0
vt 0 0
vt 0 0
vt 0 0
vt 0 0
vt 0 0
vt 0 0
vt 0.5625 0.46175838
vt 0.5625 0.75
vt 0.5625 0.5
vt 0.5625 0.40391946
vt 0.5625 0.40391946
vt 0.5625 0.38463983
vt 0.5625 0
vt 0.5625 0
vt 0.5625 0.25
vt 0.5625 0.25
vt 0.5625 0.5
vt 0.5625 0.5
vt 0.5625 0.75
vt 0.5625 0.75
vt 0.5625 0.5
vt 0.625 0.75
vt 0.625 0.5
vt 0.5625 0.75
vt 0.5 0.5
vt 0.5 0.75
vt 0.625 1
vt 0.625 1
vt 0.625 0.75
vt 0.625 0.75
vt 0.5625 0.75
vt 0.5625 1
vt 0.5 0.75
vt 0.5 1
vt 0.625 1
vt 0.625 1
vt 0.625 0.75
vt 0.625 0.75
vt 0.5625 0.75
vt 0.5625 1
vt 0.5 0.75
vt 0.5 1
vt 0.625 0.5
vt 0.625 0.5
vt 0.625 0.25
vt 0.625 0.25
vt 0.5625 0.25
vt 0.5625 0.5
vt 0.5 0.25
vt 0.5 0.5
vt 0.625 0.5
vt 0.625 0.75
vt 0.875 0.75
vt 0.875 0.5
vt 0.625 0.25
vt 0.625 0.25
vt 0.625 0
vt 0.625 0
vt 0.5625 0
vt 0.5625 0.25
vt 0.5 0
vt 0.5 0.25
vt 0.625 0.75
vt 0.625 0.5
vt 0.625 0.5
vt 0.625 0.75
vt 0.875 0.75
vt 0.875 0.5
vt 0.625 0.5
vt 0.625 0.5
vt 0.625 0.25
vt 0.625 0.25
vt 0.5625 0.25
vt 0.5625 0.5
vt 0.5 0.25
vt 0.5 0.5
vt 0.625 0.75
vt 0.625 0.75
vt 0.625 0.5
vt 0.625 0.5
vt 0.5625 0.5
vt 0.5625 0.75
vt 0.5 0.5
vt 0.5 0.75
vt 0.625 0.25
vt 0.625 0.25
vt 0.625 0
vt 0.625 0
vt 0.5625 0
vt 0.5625 0.25
vt 0.5 0
vt 0.5 0.25
vt 0 0
vt 0 0
vt 0 0
vt 0 0
vt 0 0
vt 0 0
vt 0 0
vt 0 0
vt 0 0
vt 0 0
vt 0 0
vt 0 0
vt 0 0
vt 0 0
vt 0.5625 0
vt 0.5625 0.34608057
vt 0.5625 0.25
vt 0.5625 0.28824162
vt 0.5625 0.3653602
vt 0.5625 0.34608054
vt 0.5625 0.46175838
vt 0.5625 0.75
vt 0.5625 0.5
vt 0.5625 0.40391946
vt 0.5625 0.40391946
vt 0.5625 0.38463983
vt 0.5625 0
vt 0.5625 0
vt 0.5625 0.25
vt 0.5625 0.25
vt 0.5625 0.5
vt 0.5625 0.5
vt 0.5625 0.75
vt 0.5625 0.75
vt 0.5625 0.38463983
vt 0.5625 0.3653602
vt 0.5625 0.34608054
vt 0.5625 0.40391946
vt 0.5625 0.38463983
vt 0.5625 0.3653602
vt 0.5625 0.34608054
vt 0.5625 0.40391946
vt 0.5625 0.38463983
vt 0.5625 0.3653602
vt 0.5625 0.34608054
vt 0.5625 0.40391946
vt 0.5625 0.38463983
vt 0.5625 0.38463983
vt 0.5625 0.40391946
vt 0.5625 0.40391946
vt 0.5625 0.38463983
vt 0.5625 0.38463983
vt 0.5625 0.40391946
vt 0.5625 0.40391946
vt 0.5625 0.38463983
vt 0.5625 0.38463983
vt 0.5625 0.40391946
vt 0.5625 0.40391946
vt 0.5625 0.34608054
vt 0.5625 0.34608054
vt 0.5625 0.3653602
vt 0.5625 0.3653602
vt 0.5625 0.34608054
vt 0.5625 0.34608054
vt 0.5625 0.3653602
vt 0.5625 0.3653602
vt 0.5625 0.34608054
vt 0.5625 0.34608054
vt 0.5625 0.3653602
vt 0.5625 0.3653602
vt 0.50502735 0.125
vt 0.5073954 0.23014873
vt 0.6137523 0.2301487
vt 0.6154914 0.125
vt 0.50739545 0.01985128
vt 0.6137523 0.019851279
vt 0.6137523 0.2301487
vt 0.5073954 0.23014873
vt 0.5073954 0.23014873
vt 0.6137523 0.2301487
vt 0.6154914 0.125
vt 0.6154914 0.125
vt 0.50502735 0.625
vt 0.50739545 0.7301488
vt 0.61375225 0.73014873
vt 0.6154914 0.625
vt 0.5073954 0.51985127
vt 0.6137523 0.51985127
vt 0.6137523 0.51985127
vt 0.6154914 0.625
vt 0.6154914 0.625
vt 0.6137523 0.51985127
vt 0.5073954 0.51985127
vt 0.5073954 0.51985127
vt 0.375 0
vt 0.375 0.25
vt 0.625 0.25
vt 0.625 0
vt 0.375 0.25
vt 0.375 0.5
vt 0.625 0.5
vt 0.625 0.25
vt 0.375 0.5
vt 0.375 0.75
vt 0.625 0.75
vt 0.625 0.5
vt 0.375 0.75
vt 0.375 1
vt 0.625 1
vt 0.625 0.75
vt 0.625 0.5
vt 0.625 0.75
vt 0.875 0.75
vt 0.875 0.5
vt 0.375 0
vt 0.375 0.25
vt 0.625 0.25
vt 0.625 0
vt 0.375 0.25
vt 0.375 0.5
vt 0.625 0.5
vt 0.625 0.25
vt 0.375 0.5
vt 0.375 0.75
vt 0.625 0.75
vt 0.625 0.5
vt 0.375 0.75
vt 0.375 1
vt 0.625 1
vt 0.625 0.75
vt 0.625 0.5
vt 0.625 0.75
vt 0.875 0.75
vt 0.875 0.5
vt 0.5872804 0.25
vt 0.5872804 0.5
vt 0.6233119 0.5
vt 0.6233119 0.48881146
vt 0.5872804 0.5
vt 0.5872804 0.75
vt 0.62331194 0.75
vt 0.6233119 0.7388115
vt 0.5872804 0
vt 0.5872804 0.25
vt 0.6233119 0.25
vt 0.62331194 0.23881143
vt 0.5872804 0
vt 0.5872804 0
vt 0.5872804 0.25
vt 0.5872804 0.25
vt 0.5872804 0.5
vt 0.5872804 0.5
vt 0.5872804 0.75
vt 0.5872804 0.75
vt 0.5872804 1
vt 0.5872804 1
vt 0.5848605 1
vt 0.5848605 1
vt 0.58486056 0.75
vt 0.58486056 0.75
vt 0.5848605 0.5
vt 0.5848605 0.5
vt 0.58486056 0.25
vt 0.58486056 0.25
vt 0.5848605 0
vt 0.5848605 0
vt 0.58360964 0.2198452
vt 0.58360964 0.2198452
vt 0.56492597 0.22331971
vt 0.56492597 0.22331971
vt 0.58323514 0.28930262
vt 0.58323514 0.28930262
vt 0.58323514 0.4606431
vt 0.58323514 0.4606431
vt 0.5836698 0.72116446
vt 0.5836698 0.72116446
vt 0.5648658 0.72465473
vt 0.5648658 0.72465473
vt 0.56492734 0.96286106
vt 0.56492734 0.96286106
vt 0.5649274 0.7766347
vt 0.5649274 0.7766347
vt 0.58486056 0.75
vt 0.5848605 1
vt 0.5872804 1
vt 0.5872804 0.75
vt 0.5848605 0.5
vt 0.58486056 0.75
vt 0.5872804 0.75
vt 0.5872804 0.5
vt 0.58486056 0.25
vt 0.5848605 0.5
vt 0.5872804 0.5
vt 0.5872804 0.25
vt 0.5848605 0
vt 0.58486056 0.25
vt 0.5872804 0.25
vt 0.5872804 0
vt 0.5 0.75
vt 0.5 1
vt 0.5636749 0.988218
vt 0.56367505 0.75061774
vt 0.5649274 0.7766347
vt 0.5836081 0.78018594
vt 0.56492734 0.96286106
vt 0.58486056 0.75
vt 0.5848605 1
vt 0.58360815 0.9691539
vt 0.5 0.5
vt 0.5 0.75
vt 0.56367505 0.75061774
vt 0.563675 0.49999762
vt 0.56486577 0.52592593
vt 0.5836697 0.52887017
vt 0.5648658 0.72465473
vt 0.5848605 0.5
vt 0.58486056 0.75
vt 0.5836698 0.72116446
vt 0.5 0.25
vt 0.5 0.5
vt 0.563675 0.49999762
vt 0.56367505 0.24929303
vt 0.56530046 0.28479174
vt 0.58323514 0.28930262
vt 0.56530046 0.4645533
vt 0.58486056 0.25
vt 0.5848605 0.5
vt 0.58323514 0.4606431
vt 0.5 0
vt 0.5 0.25
vt 0.56367505 0.24929303
vt 0.5636749 0.011777424
vt 0.56492585 0.037097044
vt 0.5836095 0.030808546
vt 0.56492597 0.22331971
vt 0.5848605 0
vt 0.58486056 0.25
vt 0.58360964 0.2198452
vt 0.5679282 0.34315404
vt 0.5679282 0.34315404
vt 0.5806074 0.35168743
vt 0.5806074 0.35168743
vt 0.56530046 0.4645533
vt 0.56530046 0.4645533
vt 0.56530046 0.28479174
vt 0.56530046 0.28479174
vt 0.56530046 0.28479174
vt 0.56530046 0.28479174
vt 0.58323514 0.28930262
vt 0.58323514 0.28930262
vt 0.58323514 0.4606431
vt 0.58323514 0.4606431
vt 0.56530046 0.4645533
vt 0.56530046 0.4645533
vt 0.5809818 0.09420072
vt 0.56755364 0.09139706
vt 0.56755507 0.90854573
vt 0.5809805 0.9057573
vt 0.5836697 0.52887017
vt 0.5836697 0.52887017
vt 0.5836698 0.72116446
vt 0.5836698 0.72116446
vt 0.5648658 0.72465473
vt 0.5648658 0.72465473
vt 0.56486577 0.52592593
vt 0.56486577 0.52592593
vt 0.56486577 0.52592593
vt 0.56486577 0.52592593
vt 0.5836697 0.52887017
vt 0.5836697 0.52887017
vt 0.5809805 0.9057573
vt 0.5809805 0.9057573
vt 0.56755507 0.90854573
vt 0.56755507 0.90854573
vt 0.5836081 0.78018594
vt 0.5836081 0.78018594
vt 0.58360815 0.9691539
vt 0.58360815 0.9691539
vt 0.5649274 0.7766347
vt 0.5649274 0.7766347
vt 0.5836081 0.78018594
vt 0.5836081 0.78018594
vt 0.58360815 0.9691539
vt 0.58360815 0.9691539
vt 0.56492734 0.96286106
vt 0.56492734 0.96286106
vt 0.5675537 0.16764666
vt 0.58098185 0.15782611
vt 0.5806074 0.35168743
vt 0.5679282 0.34315404
vt 0.56492585 0.037097044
vt 0.56492585 0.037097044
vt 0.5836095 0.030808546
vt 0.5836095 0.030808546
vt 0.56492597 0.22331971
vt 0.56492597 0.22331971
vt 0.56492585 0.037097044
vt 0.56492585 0.037097044
vt 0.5836095 0.030808546
vt 0.5836095 0.030808546
vt 0.58360964 0.2198452
vt 0.58360964 0.2198452
vt 0.56755364 0.09139706
vt 0.5675537 0.16764666
vt 0.5679282 0.34315404
vt 0.56755507 0.90854573
vt 0.5806075 0.39817035
vt 0.5806075 0.39817035
vt 0.5679282 0.40627903
vt 0.5679282 0.40627903
vt 0.5674935 0.58395827
vt 0.5679282 0.40627903
vt 0.5806075 0.39817035
vt 0.581042 0.59160846
vt 0.58104205 0.6585024
vt 0.58104205 0.6585024
vt 0.5674935 0.66654617
vt 0.5674935 0.66654617
vt 0.56755507 0.8323348
vt 0.5674935 0.66654617
vt 0.58104205 0.6585024
vt 0.5809804 0.84219784
vt 0.56755507 0.8323348
vt 0.56755507 0.90854573
vt 0.56755507 0.90854573
vt 0.5674935 0.66654617
vt 0.5674935 0.66654617
vt 0.5679282 0.40627903
vt 0.5674935 0.58395827
vt 0.5674935 0.66654617
vt 0.56755507 0.90854573
vt 0.5679282 0.34315404
vt 0.5679282 0.40627903
vt 0.5679282 0.34315404
vt 0.5809818 0.09420072
vt 0.5809805 0.9057573
vt 0.5806074 0.35168743
vt 0.58098185 0.15782611
vt 0.5809804 0.84219784
vt 0.58104205 0.6585024
vt 0.5809805 0.9057573
vt 0.5809805 0.9057573
vt 0.58104205 0.6585024
vt 0.581042 0.59160846
vt 0.5806075 0.39817035
vt 0.58104205 0.6585024
vt 0.5809805 0.9057573
vt 0.5806074 0.35168743
vt 0.5806075 0.39817035
vt 0.5806074 0.35168743
vt 0.625 0.5
vt 0.625 0.75
vt 0.875 0.75
vt 0.875 0.5
vt 0.125 0.5
vt 0.125 0.75
vt 0.375 0.75
vt 0.375 0.5
vt 0.375 0.25
vt 0.375 0.5
vt 0.625 0.5
vt 0.625 0.25
vt 0.375 0
vt 0.375 0.25
vt 0.625 0.25
vt 0.625 0
vt 0.375 0.5
vt 0.375 0.75
vt 0.625 0.75
vt 0.625 0.5
vt 0.375 0.75
vt 0.375 1
vt 0.625 1
vt 0.625 0.75
vt 0.6233119 1
vt 0.6233119 1
vt 0.6233119 0.9888115
vt 0.6233119 0.9888115
vt 0.5872804 0.75
vt 0.5872804 1
vt 0.6233119 1
vt 0.6233119 0.9888115
vt 0.6233119 0.25
vt 0.6233119 0.25
vt 0.62331194 0.23881143
vt 0.62331194 0.23881143
vt 0.62331194 0.75
vt 0.62331194 0.75
vt 0.6233119 0.7388115
vt 0.6233119 0.7388115
vt 0.6233119 0.5
vt 0.6233119 0.5
vt 0.6233119 0.48881146
vt 0.6233119 0.48881146
vt 0.375 0
vt 0.375 0.25
vt 0.625 0.25
vt 0.625 0
vt 0.375 0.25
vt 0.375 0.5
vt 0.625 0.5
vt 0.625 0.25
vt 0.375 0.5
vt 0.375 0.75
vt 0.625 0.75
vt 0.625 0.5
vt 0.375 0.75
vt 0.375 1
vt 0.625 1
vt 0.625 0.75
vt 0.125 0.5
vt 0.125 0.75
vt 0.375 0.75
vt 0.375 0.5
vt 0.625 0.5
vt 0.625 0.75
vt 0.875 0.75
vt 0.875 0.5
vt 0.5 0.75
vt 0.5 1
vt 0.5636749 0.988218
vt 0.56367505 0.75061774
vt 0.5 0.5
vt 0.5 0.75
vt 0.56367505 0.75061774
vt 0.563675 0.49999762
vt 0.5 0.25
vt 0.5 0.5
vt 0.563675 0.49999762
vt 0.56367505 0.24929303
vt 0.5 0
vt 0.5 0.25
vt 0.56367505 0.24929303
vt 0.5636749 0.011777424
vt 0.56367505 0.2619778
vt 0.56367505 0.2619778
vt 0.5636749 0.10569002
vt 0.5636749 0.10569002
vt 0.375 0
vt 0.375 0.25
vt 0.625 0.25
vt 0.625 0
vt 0.375 0.25
vt 0.375 0.5
vt 0.625 0.5
vt 0.625 0.25
vt 0.375 0.5
vt 0.375 0.75
vt 0.625 0.75
vt 0.625 0.5
vt 0.375 0.75
vt 0.375 1
vt 0.625 1
vt 0.625 0.75
vt 0.125 0.5
vt 0.125 0.75
vt 0.375 0.75
vt 0.375 0.5
vt 0.625 0.5
vt 0.625 0.75
vt 0.875 0.75
vt 0.875 0.5
vt 0.56367505 0.6552935
vt 0.56367505 0.75061774
vt 0.5636749 0.011777424
vt 0.5636749 0.10569002
vt 0.56367505 0.48872453
vt 0.563675 0.49999762
vt 0.56367505 0.75061774
vt 0.56367505 0.6552935
vt 0.56367505 0.2619778
vt 0.56367505 0.24929303
vt 0.563675 0.49999762
vt 0.56367505 0.48872453
vt 0.5636749 0.10569002
vt 0.5636749 0.011777424
vt 0.56367505 0.24929303
vt 0.56367505 0.2619778
vt 0.56367505 0.6552935
vt 0.56367505 0.6552935
vt 0.56367505 0.48872453
vt 0.56367505 0.48872453
vt 0.56367505 0.48872453
vt 0.56367505 0.48872453
vt 0.56367505 0.2619778
vt 0.56367505 0.2619778
vt 0.5636749 0.10569002
vt 0.5636749 0.10569002
vt 0.56367505 0.6552935
vt 0.56367505 0.6552935
vt 0.375 0
vt 0.375 0.25
vt 0.625 0.25
vt 0.625 0
vt 0.375 0.25
vt 0.375 0.5
vt 0.625 0.5
vt 0.625 0.25
vt 0.375 0.5
vt 0.375 0.75
vt 0.625 0.75
vt 0.625 0.5
vt 0.375 0.75
vt 0.375 1
vt 0.625 1
vt 0.625 0.75
vt 0.34556088 0.5294391
vt 0.15443912 0.5294391
vt 0.8455608 0.52943915
vt 0.6544391 0.52943915
vt 0.34556085 0.7205608
vt 0.34556088 0.5294391
vt 0.6544391 0.52943915
vt 0.6544391 0.72056085
vt 0.15443915 0.7205609
vt 0.34556085 0.7205608
vt 0.6544391 0.72056085
vt 0.84556085 0.72056085
vt 0.15443912 0.5294391
vt 0.15443915 0.7205609
vt 0.84556085 0.72056085
vt 0.8455608 0.52943915
vt 0.5872804 0.25
vt 0.5872804 0.5
vt 0.6233119 0.5
vt 0.6233119 0.48881146
vt 0.5872804 0.5
vt 0.5872804 0.75
vt 0.62331194 0.75
vt 0.6233119 0.7388115
vt 0.5872804 0
vt 0.5872804 0.25
vt 0.6233119 0.25
vt 0.62331194 0.23881143
vt 0.5872804 0
vt 0.5872804 0
vt 0.5872804 0.25
vt 0.5872804 0.25
vt 0.5872804 0.5
vt 0.5872804 0.5
vt 0.5872804 0.75
vt 0.5872804 0.75
vt 0.5872804 1
vt 0.5872804 1
vt 0.5848605 1
vt 0.5848605 1
vt 0.58486056 0.75
vt 0.58486056 0.75
vt 0.5848605 0.5
vt 0.5848605 0.5
vt 0.58486056 0.25
vt 0.58486056 0.25
vt 0.5848605 0
vt 0.5848605 0
vt 0.58360964 0.2198452
vt 0.58360964 0.2198452
vt 0.56492597 0.22331971
vt 0.56492597 0.22331971
vt 0.58323514 0.28930262
vt 0.58323514 0.28930262
vt 0.58323514 0.4606431
vt 0.58323514 0.4606431
vt 0.5836698 0.72116446
vt 0.5836698 0.72116446
vt 0.5648658 0.72465473
vt 0.5648658 0.72465473
vt 0.56492734 0.96286106
vt 0.56492734 0.96286106
vt 0.5649274 0.7766347
vt 0.5649274 0.7766347
vt 0.58486056 0.75
vt 0.5848605 1
vt 0.5872804 1
vt 0.5872804 0.75
vt 0.5848605 0.5
vt 0.58486056 0.75
vt 0.5872804 0.75
vt 0.5872804 0.5
vt 0.58486056 0.25
vt 0.5848605 0.5
vt 0.5872804 0.5
vt 0.5872804 0.25
vt 0.5848605 0
vt 0.58486056 0.25
vt 0.5872804 0.25
vt 0.5872804 0
vt 0.5 0.75
vt 0.5 1
vt 0.5636749 0.988218
vt 0.56367505 0.75061774
vt 0.5649274 0.7766347
vt 0.5836081 0.78018594
vt 0.56492734 0.96286106
vt 0.58486056 0.75
vt 0.5848605 1
vt 0.58360815 0.9691539
vt 0.5 0.5
vt 0.5 0.75
vt 0.56367505 0.75061774
vt 0.563675 0.49999762
vt 0.56486577 0.52592593
vt 0.5836697 0.52887017
vt 0.5648658 0.72465473
vt 0.5848605 0.5
vt 0.58486056 0.75
vt 0.5836698 0.72116446
vt 0.5 0.25
vt 0.5 0.5
vt 0.563675 0.49999762
vt 0.56367505 0.24929303
vt 0.56530046 0.28479174
vt 0.58323514 0.28930262
vt 0.56530046 0.4645533
vt 0.58486056 0.25
vt 0.5848605 0.5
vt 0.58323514 0.4606431
vt 0.5 0
vt 0.5 0.25
vt 0.56367505 0.24929303
vt 0.5636749 0.011777424
vt 0.56492585 0.037097044
vt 0.5836095 0.030808546
vt 0.56492597 0.22331971
vt 0.5848605 0
vt 0.58486056 0.25
vt 0.58360964 0.2198452
vt 0.5679282 0.34315404
vt 0.5679282 0.34315404
vt 0.5806074 0.35168743
vt 0.5806074 0.35168743
vt 0.56530046 0.4645533
vt 0.56530046 0.4645533
vt 0.56530046 0.28479174
vt 0.56530046 0.28479174
vt 0.56530046 0.28479174
vt 0.56530046 0.28479174
vt 0.58323514 0.28930262
vt 0.58323514 0.28930262
vt 0.58323514 0.4606431
vt 0.58323514 0.4606431
vt 0.56530046 0.4645533
vt 0.56530046 0.4645533
vt 0.5809818 0.09420072
vt 0.56755364 0.09139706
vt 0.56755507 0.90854573
vt 0.5809805 0.9057573
vt 0.5836697 0.52887017
vt 0.5836697 0.52887017
vt 0.5836698 0.72116446
vt 0.5836698 0.72116446
vt 0.5648658 0.72465473
vt 0.5648658 0.72465473
vt 0.56486577 0.52592593
vt 0.56486577 0.52592593
vt 0.56486577 0.52592593
vt 0.56486577 0.52592593
vt 0.5836697 0.52887017
vt 0.5836697 0.52887017
vt 0.5809805 0.9057573
vt 0.5809805 0.9057573
vt 0.56755507 0.90854573
vt 0.56755507 0.90854573
vt 0.5836081 0.78018594
vt 0.5836081 0.78018594
vt 0.58360815 0.9691539
vt 0.58360815 0.9691539
vt 0.5649274 0.7766347
vt 0.5649274 0.7766347
vt 0.5836081 0.78018594
vt 0.5836081 0.78018594
vt 0.58360815 0.9691539
vt 0.58360815 0.9691539
vt 0.56492734 0.96286106
vt 0.56492734 0.96286106
vt 0.5675537 0.16764666
vt 0.58098185 0.15782611
vt 0.5806074 0.35168743
vt 0.5679282 0.34315404
vt 0.56492585 0.037097044
vt 0.56492585 0.037097044
vt 0.5836095 0.030808546
vt 0.5836095 0.030808546
vt 0.56492597 0.22331971
vt 0.56492597 0.22331971
vt 0.56492585 0.037097044
vt 0.56492585 0.037097044
vt 0.5836095 0.030808546
vt 0.5836095 0.030808546
vt 0.58360964 0.2198452
vt 0.58360964 0.2198452
vt 0.56755364 0.09139706
vt 0.5675537 0.16764666
vt 0.5679282 0.34315404
vt 0.56755507 0.90854573
vt 0.5806075 0.39817035
vt 0.5806075 0.39817035
vt 0.5679282 0.40627903
vt 0.5679282 0.40627903
vt 0.5674935 0.58395827
vt 0.5679282 0.40627903
vt 0.5806075 0.39817035
vt 0.581042 0.59160846
vt 0.58104205 0.6585024
vt 0.58104205 0.6585024
vt 0.5674935 0.66654617
vt 0.5674935 0.66654617
vt 0.56755507 0.8323348
vt 0.5674935 0.66654617
vt 0.58104205 0.6585024
vt 0.5809804 0.84219784
vt 0.56755507 0.8323348
vt 0.56755507 0.90854573
vt 0.56755507 0.90854573
vt 0.5674935 0.66654617
vt 0.5674935 0.66654617
vt 0.5679282 0.40627903
vt 0.5674935 0.58395827
vt 0.5674935 0.66654617
vt 0.56755507 0.90854573
vt 0.5679282 0.34315404
vt 0.5679282 0.40627903
vt 0.5679282 0.34315404
vt 0.5809818 0.09420072
vt 0.5809805 0.9057573
vt 0.5806074 0.35168743
vt 0.58098185 0.15782611
vt 0.5809804 0.84219784
vt 0.58104205 0.6585024
vt 0.5809805 0.9057573
vt 0.5809805 0.9057573
vt 0.58104205 0.6585024
vt 0.581042 0.59160846
vt 0.5806075 0.39817035
vt 0.58104205 0.6585024
vt 0.5809805 0.9057573
vt 0.5806074 0.35168743
vt 0.5806075 0.39817035
vt 0.5806074 0.35168743
vt 0.625 0.5
vt 0.625 0.75
vt 0.875 0.75
vt 0.875 0.5
vt 0.125 0.5
vt 0.125 0.75
vt 0.375 0.75
vt 0.375 0.5
vt 0.375 0.25
vt 0.375 0.5
vt 0.625 0.5
vt 0.625 0.25
vt 0.375 0
vt 0.375 0.25
vt 0.625 0.25
vt 0.625 0
vt 0.375 0.5
vt 0.375 0.75
vt 0.625 0.75
vt 0.625 0.5
vt 0.375 0.75
vt 0.375 1
vt 0.625 1
vt 0.625 0.75
vt 0.6233119 1
vt 0.6233119 1
vt 0.6233119 0.9888115
vt 0.6233119 0.9888115
vt 0.5872804 0.75
vt 0.5872804 1
vt 0.6233119 1
vt 0.6233119 0.9888115
vt 0.6233119 0.25
vt 0.6233119 0.25
vt 0.62331194 0.23881143
vt 0.62331194 0.23881143
vt 0.62331194 0.75
vt 0.62331194 0.75
vt 0.6233119 0.7388115
vt 0.6233119 0.7388115
vt 0.6233119 0.5
vt 0.6233119 0.5
vt 0.6233119 0.48881146
vt 0.6233119 0.48881146
vt 0.375 0
vt 0.375 0.25
vt 0.625 0.25
vt 0.625 0
vt 0.375 0.25
vt 0.375 0.5
vt 0.625 0.5
vt 0.625 0.25
vt 0.375 0.5
vt 0.375 0.75
vt 0.625 0.75
vt 0.625 0.5
vt 0.375 0.75
vt 0.375 1
vt 0.625 1
vt 0.625 0.75
vt 0.125 0.5
vt 0.125 0.75
vt 0.375 0.75
vt 0.375 0.5
vt 0.625 0.5
vt 0.625 0.75
vt 0.875 0.75
vt 0.875 0.5
vt 0.5675537 0.16764666
vt 0.56492597 0.22331971
vt 0.58360964 0.2198452
vt 0.58098185 0.15782611
vt 0.56755364 0.09139706
vt 0.5836095 0.030808546
vt 0.56492585 0.037097044
vt 0.5809818 0.09420072
vt 0.5809804 0.84219784
vt 0.5836081 0.78018594
vt 0.5649274 0.7766347
vt 0.5809805 0.9057573
vt 0.56755507 0.8323348
vt 0.58360815 0.9691539
vt 0.56492734 0.96286106
vt 0.56755507 0.90854573
vt 0.5674935 0.66654617
vt 0.5648658 0.72465473
vt 0.5836698 0.72116446
vt 0.58104205 0.6585024
vt 0.5674935 0.58395827
vt 0.5836697 0.52887017
vt 0.56486577 0.52592593
vt 0.581042 0.59160846
vt 0.5679282 0.40627903
vt 0.56530046 0.4645533
vt 0.58323514 0.4606431
vt 0.5806075 0.39817035
vt 0.5679282 0.34315404
vt 0.58323514 0.28930262
vt 0.56530046 0.28479174
vt 0.5806074 0.35168743
vt 0.6544391 0.52943915
vt 0.625 0.75
vt 0.6544391 0.72056085
vt 0.625 0.5
vt 0.875 0.75
vt 0.8455608 0.52943915
vt 0.84556085 0.72056085
vt 0.875 0.5
vt 0.34556085 0.7205608
vt 0.375 0.75
vt 0.375 0.5
vt 0.34556088 0.5294391
vt 0.15443915 0.7205609
vt 0.125 0.5
vt 0.125 0.75
vt 0.15443912 0.5294391
vt 0.5675537 0.16764666
vt 0.56492597 0.22331971
vt 0.58360964 0.2198452
vt 0.58098185 0.15782611
vt 0.56755364 0.09139706
vt 0.5836095 0.030808546
vt 0.56492585 0.037097044
vt 0.5809818 0.09420072
vt 0.5809804 0.84219784
vt 0.5836081 0.78018594
vt 0.5649274 0.7766347
vt 0.5809805 0.9057573
vt 0.56755507 0.8323348
vt 0.58360815 0.9691539
vt 0.56492734 0.96286106
vt 0.56755507 0.90854573
vt 0.5674935 0.66654617
vt 0.5648658 0.72465473
vt 0.5836698 0.72116446
vt 0.58104205 0.6585024
vt 0.5674935 0.58395827
vt 0.5836697 0.52887017
vt 0.56486577 0.52592593
vt 0.581042 0.59160846
vt 0.5679282 0.40627903
vt 0.56530046 0.4645533
vt 0.58323514 0.4606431
vt 0.5806075 0.39817035
vt 0.5679282 0.34315404
vt 0.58323514 0.28930262
vt 0.56530046 0.28479174
vt 0.5806074 0.35168743
vt 0.50739545 0.7301488
vt 0.5 0.75
vt 0.625 0.75
vt 0.61375225 0.73014873
vt 0.50502735 0.625
vt 0.625 0.625
vt 0.5 0.625
vt 0.6154914 0.625
vt 0.5073954 0.51985127
vt 0.625 0.5
vt 0.5 0.5
vt 0.6137523 0.51985127
vt 0.5073954 0.23014873
vt 0.5 0.25
vt 0.625 0.25
vt 0.6137523 0.2301487
vt 0.50502735 0.125
vt 0.625 0.125
vt 0.5 0.125
vt 0.6154914 0.125
vt 0.50739545 0.01985128
vt 0.625 0
vt 0.5 0
vt 0.6137523 0.019851279
vn -0.26767835 0.96159196 0.060738098
vn -0.26767835 0.96159196 0.060738098
vn -0.26767835 0.96159196 0.060738098
vn 0.2561934 -0.96589833 0.037488397
vn 0.2561934 -0.96589833 0.037488397
vn 0.2561934 -0.96589833 0.037488397
vn -0.96268445 -0.26194102 -0.068011865
vn -0.96268445 -0.26194102 -0.068011865
vn -0.96268445 -0.26194102 -0.068011865
vn 0.9523161 0.25581366 0.16629334
vn 0.9523161 0.25581366 0.16629334
vn 0.9523161 0.25581366 0.16629334
vn -0.6245243 0.6063275 0.4922768
vn -0.6245243 0.6063275 0.4922768
vn -0.6245243 0.6063275 0.4922768
vn 0.44984743 -0.4741163 0.7568693
vn 0.44984743 -0.4741163 0.7568693
vn 0.44984743 -0.4741163 0.7568693
vn -0.0017627027 0.99405515 0.10886384
vn -0.0017627027 0.99405515 0.10886384
vn -0.0017627027 0.99405515 0.10886384
vn 0.0010118639 -0.99613094 0.08787604
vn 0.0010118639 -0.99613094 0.08787604
vn 0.0010118639 -0.99613094 0.08787604
vn -0.9954456 -0.0027143916 0.095293045
vn -0.9954456 -0.0027143916 0.095293045
vn -0.9954456 -0.0027143916 0.095293045
vn 0.99483913 0.00014820976 0.10146492
vn 0.99483913 0.00014820976 0.10146492
vn 0.99483913 0.00014820976 0.10146492
vn -1 0 0
vn -1 0 0
vn -1 0 0
vn -1 0 0
vn -1 0 0
vn -1 0 0
vn -1 0 0
vn -1 0 0
vn -1 0 0
vn -1 0 0
vn -1 0 0
vn -1 0 0
vn -1 0 0
vn -1 0 0
vn -1 0 0
vn -1 0 0
vn -0.9999957 -0.0029245797 0
vn -0.9999924 -0.0038993945 0
vn -0.99998295 -0.0058491346 0
vn -0.99998295 -0.0058490704 0
vn -0.99998295 -0.005849007 0
vn -0.99998295 -0.005849007 0
vn -0 1 0
vn -0 1 0
vn -0 0.9366142 0.35036242
vn -0 0.9366142 0.35036242
vn 1 0 0
vn 1 0 0
vn 1 0 0
vn 1 0 0
vn 1 0 0
vn 1 0 0
vn 1 0 0
vn 1 0 0
vn 1 0 0
vn 1 0 0
vn 1 0 0
vn 1 0 0
vn 1 0 0
vn 1 0 0
vn 1 0 0
vn 1 0 0
vn 1 0 0
vn 1 0 0
vn -0 0.24993 0.96826386
vn -0 0 1
vn -0 0 1
vn -0 0.24993 0.96826386
vn -0 0.6890135 0.72474855
vn -0 0.6890135 0.72474855
vn -0 0.676617 0.7363351
vn -0 0.676617 0.7363351
vn -0 0.45402625 0.89098835
vn -0 0.45402625 0.89098835
vn -0 0.9366142 0.35036242
vn -0 0.75449234 0.6563088
vn -0 0.75449234 0.6563088
vn -0 0.9366142 0.35036242
vn -0 -0.6651408 0.746718
vn -0 -0.6651408 0.746718
vn -0 -0.6651408 0.746718
vn -0 -0.6651408 0.746718
vn -0 -0.90746814 0.42012087
vn -0 -0.90746814 0.42012087
vn -0 -0.90746814 0.42012087
vn -0 -0.90746814 0.42012087
vn -0 0.45402607 0.89098835
vn -0 0.45402607 0.89098835
vn -0 0.45402607 0.89098835
vn -0 0.45402607 0.89098835
vn -1 0 0
vn -1 0 0
vn -1 0 0
vn -1 0 0
vn -1 0 0
vn -1 0 0
vn -1 0 0
vn -1 0 0
vn -1 0 0
vn -1 0 0
vn -1 0 0
vn -1 0 0
vn -1 0 0
vn -1 0 0
vn -1 0 0
vn -1 0 0
vn -1 0 0
vn -1 0 0
vn -1 0 0
vn -1 0 0
vn -0 1 0
vn -0 1 0
vn -0 0.9294452 0.3689603
vn -0 0.9294452 0.3689603
vn -0 0.50596744 0.8625525
vn -0 0.9294452 0.3689603
vn -0 0.9294452 0.3689603
vn -0 0.5059675 0.86255264
vn -0 0.24351692 0.9698967
vn -0 0.24351692 0.9698967
vn 1 0 0
vn 1 0 0
vn 1 0 0
vn 1 0 0
vn 1 0 0
vn 1 0 0
vn 1 0 0
vn 1 0 0
vn 1 0 0
vn 1 0 0
vn 1 0 0
vn 1 0 0
vn 1 0 0
vn 1 0 0
vn 1 0 0
vn 1 0 0
vn 1 0 0
vn 1 0 0
vn 0.9999924 0.003899099 0
vn 0.9999957 0.0029244088 0
vn 0.99998295 0.0058486266 0
vn 0.99998295 0.005848794 0
vn 0.99998295 0.0058484618 0
vn 0.99998295 0.0058484618 0
vn -0 0.65504193 0.7555925
vn -0 0.6651411 0.7467177
vn -0 0.6651411 0.7467177
vn -0 0.6550419 0.7555926
vn -0 0.34327 0.93923676
vn -0 0.3432709 0.93923646
vn -0 0 1
vn -0 0 1
vn -0 0.90746814 0.42012087
vn -0 0.90746814 0.42012087
vn -0 0.90746814 0.42012087
vn -0 0.90746814 0.42012087
vn -0 -0.45402625 0.89098835
vn -0 -0.56952864 0.8219715
vn -0 -0.45402625 0.89098835
vn -0 -0.56952864 0.8219715
vn -0 -0.6747202 0.7380735
vn -0 -0.6747202 0.7380735
vn -0 -0.45402607 0.89098835
vn -0 -0.45402607 0.89098835
vn -0 -0.45402607 0.89098835
vn -0 -0.45402607 0.89098835
vn -0.0029246947 -0.9999957 0
vn -0 -1 0
vn -0 -1 0
vn -0.00025058983 -1 0
vn -0 -1 0
vn -0 -1 0
vn -0.469162 -0.0027443843 0.88310784
vn -0.469162 -0.0027443843 0.88310784
vn -0.469162 -0.0027443843 0.88310784
vn -0.469162 -0.0027443843 0.88310784
vn -0 1 0
vn -0 1 0
vn -0 1 0
vn -0 1 0
vn 0.9975091 0.0058346903 0.07029627
vn 0.99998295 0.005849007 0
vn 0.99998295 0.005849007 0
vn 0.99751425 0.00583472 0.070223
vn 0.9901102 0.005791564 0.14017205
vn 0.9901102 0.005791564 0.14017205
vn 0.00922841 0.99995744 0
vn 0.0058496087 0.99998295 0
vn 0.0058496087 0.99998295 0
vn 0.0066888416 0.9999777 0
vn 0.009228276 0.99995744 0
vn 0.0093590515 0.99995625 0
vn 0.0093590515 0.99995625 0
vn 0.0058494364 0.99998295 0
vn 0.005849416 0.99998295 0
vn 0.0058494597 0.99998295 0
vn 0.0058494923 0.99998295 0
vn 0.00584952 0.99998295 0
vn -0.9576579 -0.0056023956 0.2878542
vn -0.9576579 -0.0056023956 0.2878542
vn -0.9576579 -0.0056023956 0.2878542
vn -0.9576579 -0.0056023956 0.2878542
vn -0.009228186 -0.99995744 0
vn -0.009358951 -0.99995625 0
vn -0.006688843 -0.9999777 0
vn -0.00922841 -0.99995744 0
vn -0.0014990179 -0.9999989 0
vn -0.0029248176 -0.9999957 0
vn -0 -1 0
vn -0 -1 0
vn -0 -1 0
vn -0 -1 0
vn -0.99998295 -0.0058484618 0
vn -0.99998295 -0.0058484618 0
vn -0.99998295 -0.0058484618 0
vn -0.99998295 -0.0058484618 0
vn -0 1 0
vn -0 1 0
vn -0 1 0
vn -0 1 0
vn 0.8754964 0.0051214914 0.48319745
vn 0.8754964 0.0051214914 0.48319745
vn 0.8754964 0.0051214914 0.48319745
vn 0.8754964 0.0051214914 0.48319745
vn -0 0 1
vn -0 0 1
vn -0 0 1
vn -0 0 1
vn -0 0 1
vn -0 0 1
vn -0 0 1
vn -0 0 1
vn -0.0058494834 -0.99998295 0
vn -0.009358951 -0.99995625 0
vn -0.009228186 -0.99995744 0
vn -0.0058497842 -0.99998295 0
vn -0.0058498825 -0.99998295 0
vn -0.005849885 -0.99998295 0
vn -0.00025058983 -1 0
vn -0.0029246947 -0.9999957 0
vn -0.98462385 -0.005759554 0.17459317
vn -0.98462385 -0.005759554 0.17459317
vn -0.98462385 -0.005759554 0.17459317
vn -0.98462385 -0.005759554 0.17459317
vn -0 1 0
vn -0 1 0
vn -0 0.96145725 -0.27495444
vn -0 0.96145725 -0.27495444
vn -0 0.84880006 -0.5287139
vn -0 0.84880006 -0.5287139
vn -0 1 0
vn -0 1 0
vn -0 1 0
vn -0 1 0
vn -0 0.96145725 -0.27495447
vn -0 1 0
vn -0 1 0
vn -0 0.96145725 -0.27495447
vn -0 0.84880006 -0.52871394
vn -0 0.84880006 -0.52871394
vn -0 -1 0
vn -0 -1 0
vn -0 -1 0
vn -0 -1 0
vn 0.51810676 -0.7293636 -0.4467595
vn 0.51810676 -0.7293636 -0.4467595
vn 0.51810676 -0.7293636 -0.4467595
vn 0.51810676 -0.7293636 -0.4467595
vn -0 0 1
vn -0 0 1
vn -0 0 1
vn -0 0 1
vn -0 0 1
vn -0 0 1
vn -0 0 1
vn -0 0 1
vn -0 0 1
vn -0 0 1
vn -0 0 1
vn -0 0 1
vn -0.5181065 0.7293637 -0.4467597
vn -0.5181065 0.7293637 -0.4467597
vn -0.5181065 0.7293637 -0.4467597
vn -0.5181065 0.7293637 -0.4467597
vn -0 -1 0
vn -0 -1 0
vn -0 -1 0
vn -0 -1 0
vn -0 -1 0
vn -0 -1 0
vn -1 0 0
vn -1 0 0
vn -0.94627565 0 0.32336092
vn -0.94627565 0 0.32336092
vn -0 1 0
vn -0 1 0
vn -0 1 0
vn -0 1 0
vn -0 1 0
vn -0 1 0
vn 1 0 0
vn 1 0 0
vn 0.94627565 0 0.3233609
vn 0.94627565 0 0.32336092
vn 0.79087543 0 0.61197704
vn 0.94627565 0 0.32336092
vn 0.94627565 0 0.3233609
vn 0.79087543 0 0.61197704
vn -0.94627565 0 0.32336092
vn -0.79087543 0 0.61197716
vn -0.79087543 0 0.61197716
vn -0.94627565 0 0.32336092
vn -0 -0.85614806 0.51673055
vn -0 -0.85614806 0.51673055
vn -0 -0.85614806 0.51673055
vn -0 -0.85614806 0.51673055
vn -0 0.85614806 0.51673067
vn -0 0.85614806 0.51673067
vn -0 0.85614806 0.51673067
vn -0 0.85614806 0.51673067
vn 0.51810616 0.7293639 -0.44675967
vn 0.51810616 0.7293639 -0.44675967
vn 0.51810616 0.7293639 -0.44675967
vn 0.51810616 0.7293639 -0.44675967
vn -0.5181071 -0.7293634 -0.44675952
vn -0.5181071 -0.7293634 -0.44675952
vn -0.5181071 -0.7293634 -0.44675952
vn -0.5181071 -0.7293634 -0.44675952
vn -0 -0.46138155 -0.8872018
vn -0 -0.46138155 -0.8872018
vn -0 -0.46138155 -0.8872018
vn -0 -0.46138155 -0.8872018
vn -0 0.46137992 -0.8872027
vn -0 0.46137992 -0.8872027
vn -0 0.46137992 -0.8872027
vn -0 0.46137992 -0.8872027
vn 1 0 0
vn 1 0 0
vn 1 0 0
vn 1 0 0
vn 1 0 0
vn 1 0 0
vn -0 -0.972191 0.23418963
vn -0 -0.8389914 0.5441447
vn -0 -0.8389914 0.5441447
vn -0 -0.9883996 0.1518751
vn -0 -1 0
vn -0 -1 0
vn -0 -1 0
vn -0 -1 0
vn -1 0 0
vn -1 0 0
vn -0.990177 0 0.13981953
vn -0.990177 0 0.13981992
vn -0.9499194 0 0.31249523
vn -0.9499194 0 0.31249523
vn -0 1 0
vn -0 1 0
vn -0 0.98828155 0.15264174
vn -0 0.98828167 0.15264119
vn -0 0.94170886 0.33642885
vn -0 0.94170886 0.33642885
vn 1 0 0
vn 1 0 0
vn 0.99017745 0 0.1398163
vn 0.9901776 0 0.13981591
vn 0.94992185 0 0.3124874
vn 0.94992185 0 0.3124874
vn -0 -1 0
vn -0 -1 0
vn -0 -0.98828226 0.15263772
vn -0 -0.98828214 0.15263829
vn -0 -0.94171154 0.33642155
vn -0 -0.94171154 0.33642155
vn -0 -0.9924291 0.1228189
vn -0 -0.9641503 0.26535678
vn -0 -0.9641503 0.26535678
vn -0 -0.9946353 0.1034443
vn -0 -1 0
vn -0 -1 0
vn -0 -1 0
vn -0 -1 0
vn -0 0.9946353 0.103443846
vn -0 0.9641506 0.26535565
vn -0 0.9641506 0.26535565
vn -0 0.9924292 0.122818395
vn -0 1 0
vn -0 1 0
vn -0 1 0
vn -0 1 0
vn -0 0 1
vn -0 0 1
vn -0 0 1
vn -0 0 1
vn -0.9767602 0 0.21433505
vn -0.85854244 0 0.5127424
vn -0.85854244 0 0.5127424
vn -0.9767602 0 0.21433505
vn -1 0 0
vn -1 0 0
vn -1 0 0
vn -1 0 0
vn 0.48272696 0 0.87577087
vn 0.27111107 0 0.962548
vn 0.48272696 0 0.87577087
vn 0.27111107 0 0.962548
vn -0 0 1
vn -0 0 1
vn -0 0.9883996 0.15187524
vn -0 0.8389911 0.5441452
vn -0 0.8389911 0.5441452
vn -0 0.97219086 0.23418985
vn -0 1 0
vn -0 1 0
vn -0 1 0
vn -0 1 0
vn -0 0 1
vn -0 0 1
vn -0 0 1
vn -0 0 1
vn 0.96231395 0 0.27194095
vn 0.8264252 0 0.5630465
vn 0.8264252 0 0.5630465
vn 0.96231395 0 0.27194095
vn 1 0 0
vn 1 0 0
vn 1 0 0
vn 1 0 0
vn -0.9936434 0 0.112573825
vn -0.96935487 0 0.24566479
vn -0.96935487 0 0.24566479
vn -0.9936434 0 0.112573825
vn -1 0 0
vn -1 0 0
vn -1 0 0
vn -1 0 0
vn 0.002875814 -0.99999475 0.0014708334
vn 0.002875814 -0.99999475 0.0014708334
vn 0.0033166178 -0.9999944 0.0005757658
vn 0.0031772552 -0.99999464 0.00085874734
vn 0.0035997129 -0.99999356 0
vn 0.0035998302 -0.99999356 0
vn 0.0035997124 -0.99999356 0
vn 0.0035998297 -0.99999356 0
vn 0.0035996635 -0.99999356 0
vn 0.0036000637 -0.99999356 0
vn 0.0036000637 -0.99999356 0
vn 0.0035996255 -0.99999356 0
vn 0.0035997503 -0.99999356 0
vn 0.0035997503 -0.99999356 0
vn 0.52490914 0 0.85115826
vn 0.27337986 0 0.9619062
vn 0.52490914 0 0.85115826
vn 0.2722241 0 0.9622339
vn -0 0 1
vn -0 0 1
vn -0.003599551 0.99999356 0
vn -0.003599551 0.99999356 0
vn -0.0035996502 0.99999356 0
vn -0.00359962 0.99999356 0
vn -0.0035997129 0.99999356 0
vn -0.0035997191 0.99999356 0
vn -0.00359963 0.99999356 0
vn -0.0035996637 0.99999356 0
vn -0.003177349 0.99999464 -0.0008579594
vn -0.0035997315 0.99999356 0
vn -0.0035997315 0.99999356 0
vn -0.0033166814 0.9999944 -0.0005748378
vn -0.002875973 0.99999475 -0.0014703482
vn -0.002875973 0.99999475 -0.0014703482
vn -0.27337986 0 0.9619062
vn -0.52490914 0 0.85115826
vn -0.52490914 0 0.85115826
vn -0.2722241 0 0.9622339
vn -0 0 1
vn -0 0 1
vn 1 0 0
vn 1 0 0
vn 1 0 0
vn 1 0 0
vn -0.6990481 0 -0.71507466
vn -0.6990481 0 -0.71507466
vn -0.6990481 0 -0.71507466
vn -0.6990481 0 -0.71507466
vn -0.0031772552 0.99999464 -0.0008587743
vn -0.002875814 0.99999475 -0.0014708334
vn -0.002875814 0.99999475 -0.0014708334
vn -0.0033166178 0.9999944 -0.00057580514
vn -0.0035998302 0.99999356 0
vn -0.0035997129 0.99999356 0
vn -0.0035998297 0.99999356 0
vn -0.0036000637 0.99999356 0
vn -0.0036000637 0.99999356 0
vn -0.0035997124 0.99999356 0
vn -0.0035996255 0.99999356 0
vn -0.0035996635 0.99999356 0
vn -0.0035997503 0.99999356 0
vn -0.0035997503 0.99999356 0
vn 1 0 0
vn 1 0 0
vn 1 0 0
vn 1 0 0
vn 1 0 0
vn 1 0 0
vn -0 -0.972191 0.2341897
vn -0 -0.8389913 0.5441448
vn -0 -0.8389913 0.5441448
vn -0 -0.9883996 0.15187512
vn -0 -1 0
vn -0 -1 0
vn -0 -1 0
vn -0 -1 0
vn -0 -0.9924292 0.122818515
vn -0 -0.96415055 0.26535594
vn -0 -0.96415055 0.26535594
vn -0 -0.9946353 0.10344395
vn -0 -1 0
vn -0 -1 0
vn -0 -1 0
vn -0 -1 0
vn -0 0.9946353 0.10344395
vn -0 0.96415055 0.26535594
vn -0 0.96415055 0.26535594
vn -0 0.9924292 0.122818515
vn -0 1 0
vn -0 1 0
vn -0 1 0
vn -0 1 0
vn -0 0 1
vn -0 0 1
vn -0 0 1
vn -0 0 1
vn -0.9767602 0 0.21433511
vn -0.8585424 0 0.51274264
vn -0.8585424 0 0.51274264
vn -0.9767602 0 0.21433511
vn -1 0 0
vn -1 0 0
vn -1 0 0
vn -1 0 0
vn 0.48272735 0 0.8757707
vn 0.2711113 0 0.962548
vn 0.48272735 0 0.8757707
vn 0.2711113 0 0.962548
vn -0 0 1
vn -0 0 1
vn -0 0.9883996 0.1518751
vn -0 0.8389914 0.5441447
vn -0 0.8389914 0.5441447
vn -0 0.972191 0.23418963
vn -0 1 0
vn -0 1 0
vn -0 1 0
vn -0 1 0
vn 0.96231395 0 0.27194095
vn 0.8264251 0 0.5630466
vn 0.8264251 0 0.5630466
vn 0.96231395 0 0.27194095
vn 1 0 0
vn 1 0 0
vn 1 0 0
vn 1 0 0
vn -0.9936434 0 0.1125739
vn -0.96935475 0 0.24566494
vn -0.96935475 0 0.24566494
vn -0.9936434 0 0.1125739
vn -1 0 0
vn -1 0 0
vn -1 0 0
vn -1 0 0
vn 0.002875973 -0.99999475 0.0014703482
vn 0.002875973 -0.99999475 0.0014703482
vn 0.0033166814 -0.9999944 0.0005745701
vn 0.003177349 -0.99999464 0.0008577763
vn 0.00359963 -0.99999356 0
vn 0.0035996637 -0.99999356 0
vn 0.0035997129 -0.99999356 0
vn 0.0035997191 -0.99999356 0
vn 0.00359962 -0.99999356 0
vn 0.0035997315 -0.99999356 0
vn 0.0035997315 -0.99999356 0
vn 0.0035996502 -0.99999356 0
vn 0.003599551 -0.99999356 0
vn 0.003599551 -0.99999356 0
vn 0.5249091 0 0.8511583
vn 0.2733798 0 0.9619062
vn 0.5249091 0 0.8511583
vn 0.272224 0 0.9622339
vn -0 0 1
vn -0 0 1
vn -0.0035996032 0.99999356 0
vn -0.0035996032 0.99999356 0
vn -0.0035996416 0.99999356 0
vn -0.0035996297 0.99999356 0
vn -0.0035996658 0.99999356 0
vn -0.0035996598 0.99999356 0
vn -0.003599688 0.99999356 0
vn -0.003599675 0.99999356 0
vn -0.0031774207 0.99999464 -0.0008580971
vn -0.0035996484 0.99999356 0
vn -0.0035996484 0.99999356 0
vn -0.0033167829 0.9999944 -0.00057498313
vn -0.0028759807 0.99999475 -0.0014704696
vn -0.0028759807 0.99999475 -0.0014704696
vn -0.27337977 0 0.9619062
vn -0.5249091 0 0.8511583
vn -0.5249091 0 0.8511583
vn -0.27222404 0 0.9622339
vn -0 0 1
vn -0 0 1
vn 1 0 0
vn 1 0 0
vn 1 0 0
vn 1 0 0
vn -0.6990481 0 -0.71507466
vn -0.6990481 0 -0.71507466
vn -0.6990481 0 -0.71507466
vn -0.6990481 0 -0.71507466
vn 1 0 0
vn 1 0 0
vn 1 0 0
vn 1 0 0
vn 1 0 0
vn 1 0 0
vn -0 -0.97219086 0.23418972
vn -0 -0.8389913 0.5441449
vn -0 -0.8389913 0.5441449
vn -0 -0.9883996 0.15187515
vn -0 -1 0
vn -0 -1 0
vn -0 -1 0
vn -0 -1 0
vn -0 -0.9924292 0.12281865
vn -0 -0.9641504 0.26535624
vn -0 -0.9641504 0.26535624
vn -0 -0.9946353 0.10344408
vn -0 -1 0
vn -0 -1 0
vn -0 -1 0
vn -0 -1 0
vn -0 0.9946353 0.10344413
vn -0 0.9641504 0.26535636
vn -0 0.9641504 0.26535636
vn -0 0.9924292 0.12281872
vn -0 1 0
vn -0 1 0
vn -0 1 0
vn -0 1 0
vn -0 0 1
vn -0 0 1
vn -0 0 1
vn -0 0 1
vn -0.9767602 0 0.21433507
vn -0.85854244 0 0.5127426
vn -0.85854244 0 0.5127426
vn -0.9767602 0 0.21433507
vn -1 0 0
vn -1 0 0
vn -1 0 0
vn -1 0 0
vn 0.48272735 0 0.8757707
vn 0.27111128 0 0.962548
vn 0.48272735 0 0.8757707
vn 0.27111128 0 0.962548
vn -0 0 1
vn -0 0 1
vn -0 0.9883996 0.15187517
vn -0 0.8389913 0.544145
vn -0 0.8389913 0.544145
vn -0 0.97219086 0.23418973
vn -0 1 0
vn -0 1 0
vn -0 1 0
vn -0 1 0
vn 0.96231395 0 0.27194095
vn 0.8264252 0 0.5630466
vn 0.8264252 0 0.5630466
vn 0.96231395 0 0.27194095
vn 1 0 0
vn 1 0 0
vn 1 0 0
vn 1 0 0
vn -0.9936434 0 0.11257388
vn -0.96935475 0 0.24566488
vn -0.96935475 0 0.24566488
vn -0.9936434 0 0.11257388
vn -1 0 0
vn -1 0 0
vn -1 0 0
vn -1 0 0
vn 0.002875992 -0.99999475 0.0014704089
vn 0.002875992 -0.99999475 0.0014704089
vn 0.0033167684 -0.9999944 0.0005748487
vn 0.0031774144 -0.99999464 0.0008579859
vn 0.003599679 -0.99999356 0
vn 0.003599676 -0.99999356 0
vn 0.0035996714 -0.99999356 0
vn 0.003599671 -0.99999356 0
vn 0.003599637 -0.99999356 0
vn 0.0035996693 -0.99999356 0
vn 0.0035996693 -0.99999356 0
vn 0.0035996456 -0.99999356 0
vn 0.0035996174 -0.99999356 0
vn 0.0035996174 -0.99999356 0
vn 0.52490896 0 0.8511583
vn 0.27337974 0 0.9619062
vn 0.52490896 0 0.8511583
vn 0.27222395 0 0.9622339
vn -0 0 1
vn -0 0 1
vn -0.27337974 0 0.9619062
vn -0.52490896 0 0.8511583
vn -0.52490896 0 0.8511583
vn -0.27222392 0 0.9622339
vn -0 0 1
vn -0 0 1
vn 1 0 0
vn 1 0 0
vn 1 0 0
vn 1 0 0
vn -0.6990482 0 -0.71507454
vn -0.6990482 0 -0.71507454
vn -0.6990482 0 -0.71507454
vn -0.6990482 0 -0.71507454
vn -0 0 1
vn -0 0 1
vn -0 0 1
vn -0 0 1
vn -0 0 1
vn -0 0 1
vn -0 0 1
vn -0 0 1
vn -0 0 1
vn -0 0 1
vn -0 0 1
vn -0 0 1
vn -1 0 0
vn -1 0 0
vn -1 0 0
vn -1 0 0
vn -1 0 0
vn -1 0 0
vn -1 0 0
vn -1 0 0
vn -1 0 0
vn -1 0 0
vn -1 0 0
vn -1 0 0
vn 1 0 0
vn 1 0 0
vn 1 0 0
vn 1 0 0
vn 1 0 0
vn 1 0 0
vn 1 0 0
vn 1 0 0
vn 1 0 0
vn 1 0 0
vn 1 0 0
vn 1 0 0
vn -1 0 0
vn -1 0 0
vn -1 0 0
vn -1 0 0
vn -1 0 0
vn -1 0 0
vn -0 -0.96145725 -0.27495447
vn -0 -1 0
vn -0 -1 0
vn -0 -0.96145725 -0.27495447
vn -0 -0.84880006 -0.52871394
vn -0 -0.84880006 -0.52871394
vn 1 0 0
vn 1 0 0
vn 1 0 0
vn 1 0 0
vn 1 0 0
vn 1 0 0
vn -0 -0.9614572 -0.27495453
vn -0 -0.8488 -0.52871406
vn -0 -0.8488 -0.52871406
vn -0 -0.9614572 -0.27495453
vn -0 -1 0
vn -0 -1 0
vn -1 0 0
vn -1 0 0
vn -1 0 0
vn -1 0 0
vn -0 1 0
vn -0 1 0
vn -0 1 0
vn -0 1 0
vn 1 0 0
vn 1 0 0
vn 1 0 0
vn 1 0 0
vn -0 -1 0
vn -0 -1 0
vn -0 -1 0
vn -0 -1 0
vn 0.3984984 0 0.91716903
vn 0.3984984 0 0.91716903
vn 0.3984984 0 0.91716903
vn 0.3984984 0 0.91716903
vn -1 0 0
vn -1 0 0
vn -1 0 0
vn -1 0 0
vn -0 1 0
vn -0 1 0
vn -0 1 0
vn -0 1 0
vn 1 0 0
vn 1 0 0
vn 1 0 0
vn 1 0 0
vn -0 -1 0
vn -0 -1 0
vn -0 -1 0
vn -0 -1 0
vn 0.7154027 0 0.6987123
vn 0.7154027 0 0.6987123
vn 0.7154027 0 0.6987123
vn 0.7154027 0 0.6987123
vn 0.9462381 0.2529681 0.20159523
vn 0.9462381 0.2529681 0.20159523
vn 0.9462381 0.2529681 0.20159523
vn 0.9462381 0.2529681 0.20159523
vn 0.25335827 -0.9655817 0.058835596
vn 0.25335827 -0.9655817 0.058835596
vn 0.25335827 -0.9655817 0.058835596
vn 0.25335827 -0.9655817 0.058835596
vn -0.27192438 0.9566758 0.104060285
vn -0.27192438 0.9566758 0.104060285
vn -0.27192438 0.9566758 0.104060285
vn -0.27192438 0.9566758 0.104060285
vn -0.11054528 -0.0634553 0.9918433
vn -0.110545285 -0.0634553 0.9918433
vn -0.110551246 -0.06345648 0.9918426
vn -0.11055125 -0.06345649 0.9918426
vn -0.11055157 -0.06345389 0.99184275
vn -0.11055158 -0.06345389 0.99184275
vn -0.11054561 -0.0634527 0.9918434
vn -0.110545605 -0.0634527 0.9918434
vn -0.110545285 -0.0634553 0.9918433
vn -0.11054528 -0.0634553 0.9918433
vn 0.11056043 0.0634443 -0.9918424
vn 0.11056043 0.0634443 -0.9918424
vn 0.11055933 0.06344691 -0.99184227
vn 0.11055932 0.06344691 -0.99184227
vn 0.11055903 0.06344586 -0.9918424
vn 0.110559046 0.06344586 -0.9918424
vn 0.11056013 0.06344326 -0.9918425
vn 0.110560134 0.06344326 -0.9918425
vn 0.11056043 0.0634443 -0.9918424
vn 0.11056043 0.0634443 -0.9918424
vn -0.9549767 -0.25554723 -0.15071532
vn -0.9549767 -0.25554723 -0.15071532
vn -0.9549767 -0.25554723 -0.15071532
vn -0.9549767 -0.25554723 -0.15071532
vn 0.15683737 0.07591198 -0.98470265
vn 0.15683737 0.07591198 -0.98470265
vn 0.15683737 0.07591198 -0.98470265
vn 0.15683737 0.07591198 -0.98470265
vn 0.9615643 0.25935054 0.090174034
vn 0.9615643 0.25935054 0.090174034
vn 0.9615643 0.25935054 0.090174034
vn 0.9615643 0.25935054 0.090174034
vn -0.06401027 -0.0508337 0.9966537
vn -0.06401027 -0.0508337 0.9966537
vn -0.06401027 -0.0508337 0.9966537
vn -0.06401027 -0.0508337 0.9966537
vn -0.9583293 -0.25899065 -0.120535746
vn -0.9583293 -0.25899065 -0.120535746
vn -0.9583293 -0.25899065 -0.120535746
vn -0.9583293 -0.25899065 -0.120535746
vn 0.2635228 -0.96438783 -0.022623124
vn 0.2635228 -0.96438783 -0.022623124
vn 0.2635228 -0.96438783 -0.022623124
vn 0.2635228 -0.96438783 -0.022623124
vn 0.9583292 0.25899336 0.12053052
vn 0.9583292 0.25899336 0.12053052
vn 0.9583292 0.25899336 0.12053052
vn 0.9583292 0.25899336 0.12053052
vn -0.26352334 0.9643876 0.022623157
vn -0.26352334 0.9643876 0.022623157
vn -0.26352334 0.9643876 0.022623157
vn -0.26352334 0.9643876 0.022623157
vn -0.9596888 -0.25980985 -0.10722015
vn -0.9596888 -0.25980985 -0.10722015
vn -0.9604618 -0.26030552 -0.09876321
vn -0.96045244 -0.26030013 -0.098867975
vn -0.9611754 -0.26079187 -0.09016386
vn -0.9611759 -0.26079047 -0.090162665
vn -0.9611758 -0.2607903 -0.09016407
vn -0.96117616 -0.26078933 -0.09016278
vn -0.96117646 -0.26078805 -0.09016295
vn -0.9611762 -0.26078883 -0.09016286
vn 0.26198322 -0.96502745 -0.009323587
vn 0.26198322 -0.96502745 -0.009323587
vn 0.2609894 -0.96534127 -0.00095380447
vn 0.2609867 -0.9653419 -0.00092302315
vn 0.2599461 -0.9655925 0.007686403
vn 0.25994566 -0.96559274 0.0076871775
vn 0.2599437 -0.96559316 0.007686407
vn 0.25994548 -0.96559274 0.0076864706
vn 0.2599435 -0.96559316 0.0076864725
vn 0.25994322 -0.9655933 0.0076871826
vn 0.9567977 0.25812712 0.13382268
vn 0.9567977 0.25812712 0.13382268
vn 0.95574975 0.25756162 0.14214194
vn 0.95573634 0.25755388 0.14224628
vn 0.95458746 0.2569518 0.15079352
vn 0.9545875 0.25695089 0.15079358
vn 0.954587 0.2569533 0.15079348
vn 0.95458746 0.2569513 0.15079354
vn 0.9545872 0.25695255 0.1507935
vn 0.9545872 0.25695246 0.15079354
vn -0.2650161 0.9635745 0.035924718
vn -0.2650161 0.9635745 0.035924718
vn -0.26593453 0.9629713 0.04432767
vn -0.2659318 0.96297354 0.04429678
vn -0.26685745 0.96228117 0.052935563
vn -0.26685748 0.9622809 0.05293763
vn -0.26685587 0.96228147 0.052935828
vn -0.26685727 0.96228105 0.05293773
vn -0.26685598 0.96228135 0.05293796
vn -0.26685596 0.96228135 0.052937906
vn 0.26522392 -0.96271837 -0.053194996
vn 0.26522392 -0.96271837 -0.053194996
vn 0.26522392 -0.96271837 -0.053194996
vn 0.26522392 -0.96271837 -0.053194996
vn -0.15681902 -0.07590784 0.98470587
vn -0.15681902 -0.07590784 0.98470587
vn -0.15681902 -0.07590784 0.98470587
vn -0.15681902 -0.07590784 0.98470587
vn 0.268269 -0.9619007 -0.052713625
vn 0.268269 -0.9619007 -0.052713625
vn 0.268269 -0.9619007 -0.052713625
vn 0.268269 -0.9619007 -0.052713625
vn -0.25853825 0.9659722 -0.0074671363
vn -0.25853825 0.9659722 -0.0074671363
vn -0.25853825 0.9659722 -0.0074671363
vn -0.25853825 0.9659722 -0.0074671363
vn 0.973166 0.21284771 0.087428786
vn 0.973166 0.21284771 0.087428786
vn 0.973166 0.21284771 0.087428786
vn 0.973166 0.21284771 0.087428786
vn 0.12324413 0.016679522 -0.9922362
vn 0.12324413 0.016679522 -0.9922362
vn 0.12324413 0.016679522 -0.9922362
vn 0.12324413 0.016679522 -0.9922362
vn -0.123236716 -0.01668662 0.99223703
vn -0.123236716 -0.01668662 0.99223703
vn -0.123236716 -0.01668662 0.99223703
vn -0.123236716 -0.01668662 0.99223703
vn -0.954201 -0.25838903 -0.1507832
vn -0.954201 -0.25838903 -0.1507832
vn -0.954201 -0.25838903 -0.1507832
vn -0.954201 -0.25838903 -0.1507832
vn 0.26521483 -0.96272653 -0.053091194
vn 0.26521483 -0.96272653 -0.053091194
vn 0.26521483 -0.96272653 -0.053091194
vn 0.26521483 -0.96272653 -0.053091194
vn 0.06401458 0.050833363 -0.9966535
vn 0.06401458 0.050833363 -0.9966535
vn 0.06401458 0.050833363 -0.9966535
vn 0.06401458 0.050833363 -0.9966535
vn -0.2613632 0.96520877 -0.0078248205
vn -0.2613632 0.96520877 -0.0078248205
vn -0.2613632 0.96520877 -0.0078248205
vn -0.2613632 0.96520877 -0.0078248205
vn 0.26543134 -0.962668 -0.05307102
vn 0.26543134 -0.962668 -0.05307102
vn 0.26543134 -0.962668 -0.05307102
vn 0.26543134 -0.962668 -0.05307102
vn -0.9636333 -0.22197877 -0.14878249
vn -0.9636333 -0.22197877 -0.14878249
vn -0.9636333 -0.22197877 -0.14878249
vn -0.9636333 -0.22197877 -0.14878249
vn 0.96078277 0.26220813 0.0902406
vn 0.96078277 0.26220813 0.0902406
vn 0.96078277 0.26220813 0.0902406
vn 0.96078277 0.26220813 0.0902406
vn -0.097611256 -0.11003819 0.9891227
vn -0.097611256 -0.11003819 0.9891227
vn -0.097611256 -0.11003819 0.9891227
vn -0.097611256 -0.11003819 0.9891227
vn 0.09761763 0.11002997 -0.9891229
vn 0.09761763 0.11002997 -0.9891229
vn 0.09761763 0.11002997 -0.9891229
vn 0.09761763 0.11002997 -0.9891229
vn -0.19447728 -0.005894657 0.9808894
vn -0.19447728 -0.005894657 0.9808894
vn -0.18804367 -0.060672775 0.9802849
vn -0.1784386 -0.062150013 0.9819863
vn -0.5458089 0.83613265 -0.054541018
vn -0.5458089 0.83613265 -0.054541018
vn -0.5458089 0.83613265 -0.054541018
vn -0.5458089 0.83613265 -0.054541018
vn -0.8987658 -0.41287774 -0.1474855
vn -0.8987658 -0.41287774 -0.1474855
vn -0.8987658 -0.41287774 -0.1474855
vn -0.8987658 -0.41287774 -0.1474855
vn 0.96173483 0.25871614 0.0901784
vn 0.96173483 0.25871614 0.0901784
vn 0.96173483 0.25871614 0.0901784
vn 0.96173483 0.25871614 0.0901784
vn -0.15607382 0.9877435 0.0019544223
vn -0.15607382 0.9877435 0.0019544223
vn -0.15607382 0.9877435 0.0019544223
vn -0.15607382 0.9877435 0.0019544223
vn -0.07913511 -0.07089381 0.9943399
vn -0.07913511 -0.07089381 0.9943399
vn -0.1784386 -0.062150013 0.9819863
vn -0.17975534 -0.1279049 0.9753607
vn -0.17408052 -0.19853164 0.9645108
vn -0.18621014 -0.13307497 0.9734562
vn -0.17408052 -0.19853164 0.9645108
vn -0.17975534 -0.1279049 0.9753607
vn -0.1784386 -0.062150013 0.9819863
vn -0.18804367 -0.060672775 0.9802849
vn -0.10074801 -0.056548916 0.9933036
vn -0.10074801 -0.056548916 0.9933036
vn 0.020320619 0.11861436 -0.99273247
vn 0.03168021 0.06560566 -0.99734265
vn 0.025771556 0.060106676 -0.9978592
vn 0.020320619 0.11861436 -0.99273247
vn 0.11071261 0.057032842 -0.99221474
vn 0.03317199 -0.00010238717 -0.9994497
vn 0.03168021 0.06560566 -0.99734265
vn 0.11071261 0.057032842 -0.99221474
vn 0.05363988 -0.07534684 -0.9957136
vn 0.05363988 -0.07534684 -0.9957136
vn 0.034577224 -0.0127326995 -0.99932086
vn 0.03317199 -0.00010238717 -0.9994497
vn 0.03168021 0.06560566 -0.99734265
vn 0.025771556 0.060106676 -0.9978592
vn 0.10144007 0.05505502 -0.993317
vn 0.10144007 0.05505502 -0.993317
vn -0.110060446 -0.03637615 0.9932591
vn -0.110060446 -0.03637615 0.9932591
vn -0.110060446 -0.03637615 0.9932591
vn -0.110060446 -0.03637615 0.9932591
vn 0.11006006 0.0363762 -0.9932591
vn 0.11006006 0.0363762 -0.9932591
vn 0.11006006 0.0363762 -0.9932591
vn 0.11006006 0.0363762 -0.9932591
vn -0.26033798 0.9654956 0.0065138503
vn -0.26033798 0.9654956 0.0065138503
vn -0.26033798 0.9654956 0.0065138503
vn -0.26033798 0.9654956 0.0065138503
vn -0.9592237 -0.25786683 -0.11573466
vn -0.9592237 -0.25786683 -0.11573466
vn -0.9592237 -0.25786683 -0.11573466
vn -0.9592237 -0.25786683 -0.11573466
vn 0.9592243 0.25786665 0.11573115
vn 0.9592243 0.25786665 0.11573115
vn 0.9592243 0.25786665 0.11573115
vn 0.9592243 0.25786665 0.11573115
vn 0.26033932 -0.96549517 -0.006514404
vn 0.26033932 -0.96549517 -0.006514404
vn 0.26033932 -0.96549517 -0.006514404
vn 0.26033932 -0.96549517 -0.006514404
vn -0.053285427 0.1550924 -0.9864618
vn -0.052995447 0.15560146 -0.9863973
vn 0.016642924 -0.09969676 -0.99487865
vn 0.016825119 -0.099802 -0.9948651
vn -0.96394753 -0.2632643 -0.03869178
vn -0.96394753 -0.2632643 -0.03869178
vn -0.96394753 -0.2632643 -0.03869178
vn -0.96394753 -0.2632643 -0.03869178
vn 0.20033343 0.2236633 -0.95385593
vn 0.20012 0.22378619 -0.953872
vn -0.052995447 0.15560146 -0.9863973
vn -0.053285427 0.1550924 -0.9864618
vn 0.016825119 -0.099802 -0.9948651
vn 0.016642924 -0.09969676 -0.99487865
vn 0.27048874 -0.03093197 -0.9622261
vn 0.2702178 -0.031411543 -0.96228665
vn 0.2702178 -0.031411543 -0.96228665
vn 0.27048874 -0.03093197 -0.9622261
vn 0.20012 0.22378619 -0.953872
vn 0.20033343 0.2236633 -0.95385593
vn -0.9592238 -0.25786805 -0.11573127
vn -0.9592238 -0.25786805 -0.11573127
vn -0.9592238 -0.25786805 -0.11573127
vn -0.9592238 -0.25786805 -0.11573127
vn -0.2603371 0.9654958 0.006511249
vn -0.2603371 0.9654958 0.006511249
vn -0.2603371 0.9654958 0.006511249
vn -0.2603371 0.9654958 0.006511249
vn 0.9592236 0.2578677 0.11573354
vn 0.9592236 0.2578677 0.11573354
vn 0.9592236 0.2578677 0.11573354
vn 0.9592236 0.2578677 0.11573354
vn 0.26033774 -0.9654956 -0.0065140496
vn 0.26033774 -0.9654956 -0.0065140496
vn 0.26033774 -0.9654956 -0.0065140496
vn 0.26033774 -0.9654956 -0.0065140496
vn 0.11006007 0.036376577 -0.9932591
vn 0.11006007 0.036376577 -0.9932591
vn 0.11006007 0.036376577 -0.9932591
vn 0.11006007 0.036376577 -0.9932591
vn -0.11006036 -0.036376458 0.9932591
vn -0.11006036 -0.036376458 0.9932591
vn -0.11006036 -0.036376458 0.9932591
vn -0.11006036 -0.036376458 0.9932591
vn -0.99990153 0.009042617 0.010731079
vn -0.99990153 0.009042617 0.010731079
vn -0.99990153 0.009042617 0.010731079
vn -0.99990153 0.009042617 0.010731079
vn -0.0017293546 -0.99999595 -0.0022487934
vn -0.0017293546 -0.99999595 -0.0022487934
vn -0.0017293546 -0.99999595 -0.0022487934
vn -0.0017293546 -0.99999595 -0.0022487934
vn 0.99979657 -0.0032969788 0.019901825
vn 0.99979657 -0.0032969788 0.019901825
vn 0.99979657 -0.0032969788 0.019901825
vn 0.99979657 -0.0032969788 0.019901825
vn -0.030461062 0.99895227 0.034153294
vn -0.030461062 0.99895227 0.034153294
vn -0.030461062 0.99895227 0.034153294
vn -0.030461062 0.99895227 0.034153294
vn -0.045279358 -0.99896824 -0.003476958
vn -0.045279358 -0.99896824 -0.003476958
vn -0.045279358 -0.99896824 -0.003476958
vn -0.045279358 -0.99896824 -0.003476958
vn -1 0 0
vn -1 0 0
vn -1 0 0
vn -1 0 0
vn -0 1 0
vn -0 1 0
vn -0 1 0
vn -0 1 0
vn 1 0 0
vn 1 0 0
vn 1 0 0
vn 1 0 0
vn -0 -1 0
vn -0 -1 0
vn -0 -1 0
vn -0 -1 0
vn -0 0 -1
vn -0 0 -1
vn -0 0 -1
vn -0 0 -1
vn -0 0 1
vn -0 0 1
vn -0 0 1
vn -0 0 1
vn 0.0038909784 0.84904224 0.5283105
vn 0.0038909784 0.84904224 0.5283105
vn 0.0038909784 0.84904224 0.5283105
vn 0.0038909784 0.84904224 0.5283105
vn 0.5705367 -0.0069557605 0.8212426
vn 0.5705367 -0.0069557605 0.8212426
vn 0.5705367 -0.0069557605 0.8212426
vn 0.5705367 -0.0069557605 0.8212426
vn -0.022711802 -0.58936095 0.80755055
vn -0.022711802 -0.58936095 0.80755055
vn -0.022711802 -0.58936095 0.80755055
vn -0.022711802 -0.58936095 0.80755055
vn -0.8541186 -0.017325072 0.51978964
vn -0.8541186 -0.017325072 0.51978964
vn -0.8541186 -0.017325072 0.51978964
vn -0.8541186 -0.017325072 0.51978964
vn -0.041212488 0.9987192 0.029349364
vn -0.041212488 0.9987192 0.029349364
vn -0.041212488 0.9987192 0.029349364
vn -0.041212488 0.9987192 0.029349364
vn -0.998461 0.05470857 0.009088134
vn -0.998461 0.05470857 0.009088134
vn -0.998461 0.05470857 0.009088134
vn -0.998461 0.05470857 0.009088134
vn 0.99604 0.08682152 0.019137627
vn 0.99604 0.08682152 0.019137627
vn 0.99604 0.08682152 0.019137627
vn 0.99604 0.08682152 0.019137627
vn -0.9097193 0 -0.4152238
vn -0.9097193 0 -0.4152238
vn -0.9097193 0 -0.4152238
vn -0.9097193 0 -0.4152238
vn 0.11460244 0.9611563 -0.25108704
vn 0.11460244 0.9611563 -0.25108704
vn 0.11460244 0.9611563 -0.25108704
vn 0.11460244 0.9611563 -0.25108704
vn 0.90972185 0 0.41521835
vn 0.90972185 0 0.41521835
vn 0.90972185 0 0.41521835
vn 0.90972185 0 0.41521835
vn -0.11460249 -0.96115685 0.25108522
vn -0.11460249 -0.96115685 0.25108522
vn -0.11460249 -0.96115685 0.25108522
vn -0.11460249 -0.96115685 0.25108522
vn -0.114601515 -0.9611575 0.25108308
vn -0.114601515 -0.9611575 0.25108308
vn -0.114601515 -0.9611575 0.25108308
vn -0.114601515 -0.9611575 0.25108308
vn -0.9097203 0 -0.41522178
vn -0.9097203 0 -0.41522178
vn -0.9097203 0 -0.41522178
vn -0.9097203 0 -0.41522178
vn 0.11460204 0.9611561 -0.25108817
vn 0.11460204 0.9611561 -0.25108817
vn 0.11460204 0.9611561 -0.25108817
vn 0.11460204 0.9611561 -0.25108817
vn 0.9097203 0 0.41522172
vn 0.9097203 0 0.41522172
vn 0.9097203 0 0.41522172
vn 0.9097203 0 0.41522172
vn 0.9851953 -0.00078080944 0.17143421
vn 0.9851953 -0.00078080944 0.17143421
vn 0.9851953 -0.00078080944 0.17143421
vn 0.9851953 -0.00078080944 0.17143421
vn 0.000839056 -0.99148774 0.13019712
vn 0.000839056 -0.99148774 0.13019712
vn 0.000839056 -0.99148774 0.13019712
vn 0.000839056 -0.99148774 0.13019712
vn -0.0020682588 0.98105764 0.19370514
vn -0.0020682588 0.98105764 0.19370514
vn -0.0020682588 0.98105764 0.19370514
vn -0.0020682588 0.98105764 0.19370514
vn -0.0038175075 -0.013048126 0.9999076
vn -0.0038175078 -0.0130481245 0.9999076
vn -0.0038206477 -0.013047921 0.9999076
vn -0.003820647 -0.01304792 0.9999076
vn -0.0038210503 -0.013047955 0.9999076
vn -0.0038210503 -0.013047956 0.9999076
vn -0.0038179108 -0.013048163 0.9999076
vn -0.0038179106 -0.013048162 0.9999076
vn -0.0038175078 -0.0130481245 0.9999076
vn -0.0038175075 -0.013048126 0.9999076
vn 0.0038176838 0.013046008 -0.9999076
vn 0.0038176838 0.013046008 -0.9999076
vn 0.003817571 0.0130423205 -0.99990773
vn 0.003817571 0.013042319 -0.99990773
vn 0.0038191308 0.013042328 -0.9999076
vn 0.0038191304 0.013042327 -0.9999076
vn 0.0038192437 0.013046018 -0.9999076
vn 0.003819244 0.013046017 -0.9999076
vn 0.0038176838 0.013046008 -0.9999076
vn 0.0038176838 0.013046008 -0.9999076
vn -0.9975259 0.00090854324 -0.07029369
vn -0.9975259 0.00090854324 -0.07029369
vn -0.9975259 0.00090854324 -0.07029369
vn -0.9975259 0.00090854324 -0.07029369
vn 0.028128626 0.013075973 -0.99951875
vn 0.028128626 0.013075973 -0.99951875
vn 0.028128626 0.013075973 -0.99951875
vn 0.028128626 0.013075973 -0.99951875
vn 0.9986872 0.0006584887 -0.051219188
vn 0.9986872 0.0006584887 -0.051219188
vn 0.9986872 0.0006584887 -0.051219188
vn 0.9986872 0.0006584887 -0.051219188
vn 0.020484794 -0.01300656 0.9997055
vn 0.020484794 -0.01300656 0.9997055
vn 0.020484794 -0.01300656 0.9997055
vn 0.020484794 -0.01300656 0.9997055
vn -0.9999528 -0.0013499429 -0.009629912
vn -0.9999528 -0.0013499429 -0.009629912
vn -0.9999528 -0.0013499429 -0.009629912
vn -0.9999528 -0.0013499429 -0.009629912
vn 0.0014751386 -0.99946445 -0.032690894
vn 0.0014751386 -0.99946445 -0.032690894
vn 0.0014751386 -0.99946445 -0.032690894
vn 0.0014751386 -0.99946445 -0.032690894
vn 0.9999528 0.0013512174 0.009622683
vn 0.9999528 0.0013512174 0.009622683
vn 0.9999528 0.0013512174 0.009622683
vn 0.9999528 0.0013512174 0.009622683
vn -0.001475306 0.9994642 0.032696027
vn -0.001475306 0.9994642 0.032696027
vn -0.001475306 0.9994642 0.032696027
vn -0.001475306 0.9994642 0.032696027
vn -0.9998522 -0.0016995905 0.017109992
vn -0.9998522 -0.0016995905 0.017109992
vn -0.99943715 -0.0019129657 0.03349256
vn -0.99942255 -0.0019209543 0.03392326
vn -0.9986833 -0.0021470117 0.051254794
vn -0.9986829 -0.0021466026 0.051261134
vn -0.9986833 -0.0021435693 0.051254813
vn -0.9986829 -0.0021485304 0.051261093
vn -0.9986829 -0.0021436648 0.051261082
vn -0.9986829 -0.0021431858 0.05126113
vn 0.0013732526 -0.9999813 -0.005966621
vn 0.0013732526 -0.9999813 -0.005966621
vn 0.0013095137 -0.9999417 0.01071557
vn 0.001310112 -0.99994314 0.010588716
vn 0.0012421091 -0.9996007 0.028231403
vn 0.0012422397 -0.9996007 0.02822911
vn 0.0012419429 -0.9996007 0.02823114
vn 0.0012425206 -0.9996007 0.028229743
vn 0.0012422869 -0.9996007 0.028229373
vn 0.0012420778 -0.9996007 0.028228857
vn 0.9993388 0.0010006523 0.03634281
vn 0.9993388 0.0010006523 0.03634281
vn 0.99858737 0.0007791625 0.053129338
vn 0.99861014 0.00078475813 0.052699436
vn 0.99751663 0.0005512247 0.07042837
vn 0.99751663 0.0005507213 0.07042841
vn 0.99751663 0.00055135926 0.07042889
vn 0.99751663 0.000549903 0.07042882
vn 0.99751663 0.0005500822 0.07042956
vn 0.99751663 0.0005508346 0.070428945
vn -0.0015758185 0.9982346 0.059372302
vn -0.0015758185 0.9982346 0.059372302
vn -0.0016368546 0.9971192 0.07583433
vn -0.0016374302 0.9971095 0.07596055
vn -0.001701874 0.9956312 0.09335692
vn -0.0017019424 0.995631 0.093360215
vn -0.0017017102 0.99563134 0.093356356
vn -0.0017016701 0.9956311 0.093358316
vn -0.0017014401 0.9956312 0.09335751
vn -0.001701783 0.995631 0.09335967
vn -0 -0.99562174 -0.09347362
vn -0 -0.99562174 -0.09347362
vn -0 -0.99562174 -0.09347362
vn -0 -0.99562174 -0.09347362
vn -0.028128047 -0.013076403 0.99951875
vn -0.028128047 -0.013076403 0.99951875
vn -0.028128047 -0.013076403 0.99951875
vn -0.028128047 -0.013076403 0.99951875
vn 0.00317341 -0.9956376 -0.09325186
vn 0.00317341 -0.9956376 -0.09325186
vn 0.00317341 -0.9956376 -0.09325186
vn 0.00317341 -0.9956376 -0.09325186
vn 0.0002416128 0.9996044 -0.02812671
vn 0.0002416128 0.9996044 -0.02812671
vn 0.0002416128 0.9996044 -0.02812671
vn 0.0002416128 0.9996044 -0.02812671
vn 0.99732363 -0.04722531 -0.055815533
vn 0.99732363 -0.04722531 -0.055815533
vn 0.99732363 -0.04722531 -0.055815533
vn 0.99732363 -0.04722531 -0.055815533
vn 0.0038515478 -0.011255149 -0.9999293
vn 0.0038515478 -0.011255149 -0.9999293
vn 0.0038515478 -0.011255149 -0.9999293
vn 0.0038515478 -0.011255149 -0.9999293
vn -0.00385155 0.0112525625 0.9999293
vn -0.00385155 0.0112525625 0.9999293
vn -0.00385155 0.0112525625 0.9999293
vn -0.00385155 0.0112525625 0.9999293
vn -0.9975176 -0.0020361382 -0.07038807
vn -0.9975176 -0.0020361382 -0.07038807
vn -0.9975176 -0.0020361382 -0.07038807
vn -0.9975176 -0.0020361382 -0.07038807
vn -0 -0.9956411 -0.093267374
vn -0 -0.9956411 -0.093267374
vn -0 -0.9956411 -0.093267374
vn -0 -0.9956411 -0.093267374
vn -0.020483222 0.013005232 -0.9997056
vn -0.020483222 0.013005232 -0.9997056
vn -0.020483222 0.013005232 -0.9997056
vn -0.020483222 0.013005232 -0.9997056
vn -0.0027193616 0.9995999 -0.028154198
vn -0.0027193616 0.9995999 -0.028154198
vn -0.0027193616 0.9995999 -0.028154198
vn -0.0027193616 0.9995999 -0.028154198
vn 0.0002262978 -0.9956399 -0.09327927
vn 0.0002262978 -0.9956399 -0.09327927
vn 0.0002262978 -0.9956399 -0.09327927
vn 0.0002262978 -0.9956399 -0.09327927
vn -0.9971194 0.035523057 -0.06701471
vn -0.9971194 0.035523057 -0.06701471
vn -0.9971194 0.035523057 -0.06701471
vn -0.9971194 0.035523057 -0.06701471
vn 0.9986858 0.00362193 -0.05112254
vn 0.9986858 0.00362193 -0.05112254
vn 0.9986858 0.00362193 -0.05112254
vn 0.9986858 0.00362193 -0.05112254
vn -0.0037838996 -0.037361022 0.99929464
vn -0.0037838996 -0.037361022 0.99929464
vn -0.0037838996 -0.037361022 0.99929464
vn -0.0037838996 -0.037361022 0.99929464
vn 0.0037833988 0.037360806 -0.99929464
vn 0.0037833988 0.037360806 -0.99929464
vn 0.0037833988 0.037360806 -0.99929464
vn 0.0037833988 0.037360806 -0.99929464
vn -0.037482698 0.0258056 0.9989641
vn -0.037482698 0.0258056 0.9989641
vn -0.04169719 -0.0016058818 0.999129
vn -0.037039485 -0.0035716265 0.9993074
vn -0.3139738 0.9481731 -0.048868813
vn -0.3139738 0.9481731 -0.048868813
vn -0.3139738 0.9481731 -0.048868813
vn -0.3139738 0.9481731 -0.048868813
vn -0.9841009 -0.1653505 -0.06484337
vn -0.9841009 -0.1653505 -0.06484337
vn -0.9841009 -0.1653505 -0.06484337
vn -0.9841009 -0.1653505 -0.06484337
vn 0.9986884 0 -0.051201373
vn 0.9986884 0 -0.051201373
vn 0.9986884 0 -0.051201373
vn 0.9986884 0 -0.051201373
vn 0.105178006 0.9938882 -0.033524103
vn 0.105178006 0.9938882 -0.033524103
vn 0.105178006 0.9938882 -0.033524103
vn 0.105178006 0.9938882 -0.033524103
vn 0.010476794 -0.020752871 0.9997297
vn 0.010476794 -0.020752871 0.9997297
vn -0.037039485 -0.0035716265 0.9993074
vn -0.046891104 -0.035424847 0.9982717
vn -0.05403864 -0.07104284 0.9960084
vn -0.05072966 -0.037644133 0.9980027
vn -0.05403864 -0.07104284 0.9960084
vn -0.046891104 -0.035424847 0.9982717
vn -0.037039485 -0.0035716265 0.9993074
vn -0.04169719 -0.0016058818 0.999129
vn 0.0018715577 -0.010979847 0.999938
vn 0.0018715577 -0.010979847 0.999938
vn -0.03267192 0.051799137 -0.9981229
vn -0.034358345 0.02441447 -0.99911135
vn -0.037928227 0.022639772 -0.99902403
vn -0.03267192 0.051799137 -0.9981229
vn 0.0030475687 0.009917342 -0.99994624
vn -0.042292725 -0.007652741 -0.999076
vn -0.034358345 0.02441447 -0.99911135
vn 0.0030475687 0.009917342 -0.99994624
vn -0.04195889 -0.046989474 -0.99801373
vn -0.04195889 -0.046989474 -0.99801373
vn -0.043224003 -0.014224305 -0.9989642
vn -0.042292725 -0.007652741 -0.999076
vn -0.034358345 0.02441447 -0.99911135
vn -0.037928227 0.022639772 -0.99902403
vn -0.0017323872 0.010165366 -0.99994683
vn -0.0017323872 0.010165366 -0.99994683
vn -0 0 1
vn -0 0 1
vn -0 0 1
vn -0 0 1
vn -0 0 -1
vn -0 0 -1
vn -0 0 -1
vn -0 0 -1
vn -0 1 0
vn -0 1 0
vn -0 1 0
vn -0 1 0
vn -1 0 0
vn -1 0 0
vn -1 0 0
vn -1 0 0
vn 1 0 0
vn 1 0 0
vn 1 0 0
vn 1 0 0
vn -0 -1 0
vn -0 -1 0
vn -0 -1 0
vn -0 -1 0
vn -0.06344276 0.08031577 -0.9947484
vn -0.06361777 0.08013975 -0.9947514
vn -0.063208744 -0.05424046 -0.9965252
vn -0.06332492 -0.054124888 -0.99652416
vn -0.98826015 -0.0034493145 0.15274118
vn -0.98826015 -0.0034493145 0.15274118
vn -0.98826015 -0.0034493145 0.15274118
vn -0.98826015 -0.0034493145 0.15274118
vn 0.07091264 0.0804965 -0.9942292
vn 0.07104252 0.08036671 -0.9942304
vn -0.06361777 0.08013975 -0.9947514
vn -0.06344276 0.08031577 -0.9947484
vn -0.06332492 -0.054124888 -0.99652416
vn -0.063208744 -0.05424046 -0.9965252
vn 0.07101131 -0.05408365 -0.99600816
vn 0.071173936 -0.05392103 -0.99600536
vn 0.071173936 -0.05392103 -0.99600536
vn 0.07101131 -0.05408365 -0.99600816
vn 0.07104252 0.08036671 -0.9942304
vn 0.07091264 0.0804965 -0.9942292
vn -1 0 0
vn -1 0 0
vn -1 0 0
vn -1 0 0
vn -0 1 0
vn -0 1 0
vn -0 1 0
vn -0 1 0
vn 1 0 0
vn 1 0 0
vn 1 0 0
vn 1 0 0
vn -0 -1 0
vn -0 -1 0
vn -0 -1 0
vn -0 -1 0
vn -0 0 -1
vn -0 0 -1
vn -0 0 -1
vn -0 0 -1
vn -0 0 1
vn -0 0 1
vn -0 0 1
vn -0 0 1
vn -0.0017020808 0.99563146 0.09335478
vn -0.0017020409 0.99563146 0.09335468
vn -0.0017022026 0.9956316 0.09335415
vn -0.0017023344 0.9956316 0.09335398
vn -0.0017019877 0.99563146 0.09335462
vn -0.0017020715 0.9956316 0.09335392
vn -0.0017019104 0.99563146 0.09335443
vn -0.0017022417 0.9956316 0.093353815
vn -0.99868304 -0.0021406352 0.051260717
vn -0.99868304 -0.0021408363 0.051260687
vn -0.99868304 -0.0021417534 0.051261082
vn -0.9986829 -0.0021409085 0.051261395
vn -0.9986829 -0.0021420312 0.051261313
vn -0.9986829 -0.0021412333 0.051261663
vn -0.9986829 -0.002142148 0.05126205
vn -0.9986829 -0.0021423092 0.05126201
vn 0.0012407176 -0.9996008 0.02822782
vn 0.0012407494 -0.9996007 0.02822848
vn 0.0012414157 -0.9996007 0.028231688
vn 0.0012417441 -0.9996006 0.028232714
vn 0.0012407175 -0.9996007 0.02822832
vn 0.0012414148 -0.9996006 0.028232396
vn 0.001240749 -0.9996007 0.02822918
vn 0.001241745 -0.9996006 0.028233215
vn 0.9975165 0.0005546482 0.07043036
vn 0.9975165 0.0005544882 0.070430495
vn 0.9975165 0.0005539844 0.070430405
vn 0.9975165 0.0005538823 0.07043022
vn 0.9975165 0.0005546465 0.07043
vn 0.9975165 0.00055398524 0.07042988
vn 0.9975165 0.0005544904 0.070429966
vn 0.9975165 0.00055388134 0.07042986
vn -0.39909267 0.2760039 0.8743837
vn -0.39909583 0.27600208 0.8743828
vn -0.39909583 0.27600208 0.8743828
vn -0.39909267 0.2760039 0.8743837
vn -0.3990957 0.27600154 0.87438303
vn -0.3990957 0.27600154 0.87438303
vn -0.3990957 0.27600154 0.87438303
vn -0.3990957 0.27600154 0.87438303
vn 0.3990928 -0.2760011 -0.8743845
vn 0.3990928 -0.2760011 -0.8743845
vn 0.39909416 -0.2760031 -0.87438333
vn 0.39909416 -0.2760031 -0.87438333
vn 0.39908972 -0.27600285 -0.8743853
vn 0.39908972 -0.27600285 -0.8743853
vn 0.39908972 -0.27600285 -0.8743853
vn 0.39908972 -0.27600285 -0.8743853
vn -0.26685607 0.96228135 0.052938484
vn -0.266856 0.96228135 0.05293877
vn -0.2668564 0.96228135 0.05293706
vn -0.26685634 0.96228135 0.052937057
vn -0.26685658 0.96228117 0.052938476
vn -0.2668568 0.9622813 0.052937053
vn -0.26685646 0.96228117 0.052938763
vn -0.26685685 0.96228117 0.052937046
vn -0.96117723 -0.26078552 -0.090162136
vn -0.96117723 -0.26078555 -0.09016209
vn -0.961177 -0.26078638 -0.090162516
vn -0.96117723 -0.2607855 -0.09016183
vn -0.961177 -0.26078618 -0.09016246
vn -0.96117735 -0.26078552 -0.09016185
vn -0.961177 -0.26078635 -0.09016227
vn -0.961177 -0.26078618 -0.09016218
vn 0.25994444 -0.9655929 0.007691323
vn 0.2599443 -0.96559304 0.0076912437
vn 0.25994498 -0.9655928 0.007692036
vn 0.259945 -0.9655928 0.007691984
vn 0.2599445 -0.9655929 0.007691322
vn 0.25994498 -0.9655928 0.007692036
vn 0.25994432 -0.9655929 0.007691242
vn 0.25994506 -0.9655928 0.007691983
vn 0.95458645 0.25695482 0.15079436
vn 0.9545863 0.25695488 0.15079443
vn 0.95458627 0.2569553 0.1507944
vn 0.9545863 0.25695515 0.15079431
vn 0.95458645 0.25695494 0.15079424
vn 0.95458627 0.2569554 0.15079428
vn 0.9545863 0.25695497 0.15079433
vn 0.9545863 0.2569553 0.15079418
vn 1 0 0
vn 1 0 0
vn 1 0 0
vn 1 0 0
vn 1 0 0
vn 1 0 0
vn 1 0 0
vn 1 0 0
vn 1 0 0
vn 1 0 0
vn 1 0 0
vn 1 0 0
vn -1 0 0
vn -1 0 0
vn -1 0 0
vn -1 0 0
vn -1 0 0
vn -1 0 0
vn -1 0 0
vn -1 0 0
vn -1 0 0
vn -1 0 0
vn -1 0 0
vn -1 0 0
g Broken Down Wall_0
f 3/3/3 2/2/2 1/1/1
f 6/6/6 5/5/5 4/4/4
f 9/9/9 8/8/8 7/7/7
f 12/12/12 11/11/11 10/10/10
f 15/15/15 14/14/14 13/13/13
f 18/18/18 17/17/17 16/16/16
f 21/21/21 20/20/20 19/19/19
f 24/24/24 23/23/23 22/22/22
f 27/27/27 26/26/26 25/25/25
f 30/30/30 29/29/29 28/28/28
f 33/33/33 32/32/32 31/31/31
f 34/34/34 33/33/33 31/31/31
f 34/34/34 31/31/31 35/35/35
f 36/36/36 34/34/34 35/35/35
f 36/36/36 35/35/35 37/37/37
f 38/38/38 36/36/36 37/37/37
f 38/38/38 37/37/37 39/39/39
f 40/40/40 38/38/38 39/39/39
f 40/40/40 39/39/39 41/41/41
f 42/42/42 40/40/40 41/41/41
f 42/42/42 41/41/41 43/43/43
f 44/44/44 42/42/42 43/43/43
f 44/44/44 43/43/43 45/45/45
f 46/46/46 44/44/44 45/45/45
f 46/46/46 45/45/45 47/47/47
f 48/48/48 46/46/46 47/47/47
f 47/47/47 49/49/49 48/48/48
f 49/49/49 50/50/50 48/48/48
f 50/50/50 51/51/51 48/48/48
f 51/51/51 52/52/52 48/48/48
f 55/55/55 54/54/54 53/53/53
f 56/56/56 55/55/55 53/53/53
f 59/59/59 58/58/58 57/57/57
f 60/60/60 59/59/59 57/57/57
f 60/60/60 57/57/57 61/61/61
f 62/62/62 60/60/60 61/61/61
f 62/62/62 61/61/61 63/63/63
f 64/64/64 62/62/62 63/63/63
f 64/64/64 63/63/63 65/65/65
f 66/66/66 64/64/64 65/65/65
f 66/66/66 65/65/65 67/67/67
f 68/68/68 66/66/66 67/67/67
f 68/68/68 67/67/67 69/69/69
f 70/70/70 68/68/68 69/69/69
f 70/70/70 69/69/69 71/71/71
f 72/72/72 70/70/70 71/71/71
f 72/72/72 71/71/71 73/73/73
f 74/74/74 72/72/72 73/73/73
f 77/77/77 76/76/76 75/75/75
f 78/78/78 77/77/77 75/75/75
f 78/78/78 75/75/75 79/79/79
f 80/80/80 78/78/78 79/79/79
f 80/80/80 79/79/79 81/81/81
f 82/82/82 80/80/80 81/81/81
f 82/82/82 81/81/81 83/83/83
f 84/84/84 82/82/82 83/83/83
f 87/87/87 86/86/86 85/85/85
f 88/88/88 87/87/87 85/85/85
f 91/91/91 90/90/90 89/89/89
f 92/92/92 91/91/91 89/89/89
f 95/95/95 94/94/94 93/93/93
f 96/96/96 95/95/95 93/93/93
f 99/99/99 98/98/98 97/97/97
f 100/100/100 99/99/99 97/97/97
f 103/103/103 102/102/102 101/101/101
f 104/104/104 103/103/103 101/101/101
f 104/104/104 101/101/101 105/105/105
f 106/106/106 104/104/104 105/105/105
f 106/106/106 105/105/105 107/107/107
f 108/108/108 106/106/106 107/107/107
f 108/108/108 107/107/107 109/109/109
f 110/110/110 108/108/108 109/109/109
f 110/110/110 109/109/109 111/111/111
f 112/112/112 110/110/110 111/111/111
f 112/112/112 111/111/111 113/113/113
f 114/114/114 112/112/112 113/113/113
f 114/114/114 113/113/113 115/115/115
f 116/116/116 114/114/114 115/115/115
f 116/116/116 115/115/115 117/117/117
f 118/118/118 116/116/116 117/117/117
f 118/118/118 117/117/117 119/119/119
f 120/120/120 118/118/118 119/119/119
f 123/123/123 122/122/122 121/121/121
f 124/124/124 123/123/123 121/121/121
f 127/127/127 126/126/126 125/125/125
f 128/128/128 127/127/127 125/125/125
f 128/128/128 125/125/125 129/129/129
f 130/130/130 128/128/128 129/129/129
f 133/133/133 132/132/132 131/131/131
f 132/132/132 134/134/134 131/131/131
f 132/132/132 135/135/135 134/134/134
f 135/135/135 136/136/136 134/134/134
f 135/135/135 137/137/137 136/136/136
f 137/137/137 138/138/138 136/136/136
f 137/137/137 139/139/139 138/138/138
f 139/139/139 140/140/140 138/138/138
f 139/139/139 141/141/141 140/140/140
f 141/141/141 142/142/142 140/140/140
f 141/141/141 143/143/143 142/142/142
f 143/143/143 144/144/144 142/142/142
f 143/143/143 145/145/145 144/144/144
f 145/145/145 146/146/146 144/144/144
f 145/145/145 147/147/147 146/146/146
f 147/147/147 148/148/148 146/146/146
f 147/147/147 149/149/149 148/148/148
f 149/149/149 150/150/150 148/148/148
f 149/149/149 151/151/151 150/150/150
f 151/151/151 152/152/152 150/150/150
f 149/149/149 153/153/153 151/151/151
f 153/153/153 154/154/154 151/151/151
f 157/157/157 156/156/156 155/155/155
f 158/158/158 157/157/157 155/155/155
f 158/158/158 155/155/155 159/159/159
f 160/160/160 158/158/158 159/159/159
f 160/160/160 159/159/159 161/161/161
f 162/162/162 160/160/160 161/161/161
f 165/165/165 164/164/164 163/163/163
f 166/166/166 165/165/165 163/163/163
f 169/169/169 168/168/168 167/167/167
f 168/168/168 170/170/170 167/167/167
f 168/168/168 171/171/171 170/170/170
f 171/171/171 172/172/172 170/170/170
f 175/175/175 174/174/174 173/173/173
f 176/176/176 175/175/175 173/173/173
f 179/179/179 178/178/178 177/177/177
f 180/180/180 179/179/179 177/177/177
f 180/180/180 181/181/181 179/179/179
f 181/181/181 182/182/182 179/179/179
f 185/185/185 184/184/184 183/183/183
f 186/186/186 185/185/185 183/183/183
f 189/189/189 188/188/188 187/187/187
f 190/190/190 189/189/189 187/187/187
f 193/193/193 192/192/192 191/191/191
f 194/194/194 193/193/193 191/191/191
f 191/191/191 195/195/195 194/194/194
f 195/195/195 196/196/196 194/194/194
f 199/199/199 198/198/198 197/197/197
f 200/200/200 199/199/199 197/197/197
f 200/200/200 197/197/197 201/201/201
f 202/202/202 200/200/200 201/201/201
f 201/201/201 204/204/204 203/203/203
f 204/204/204 205/205/205 203/203/203
f 206/206/206 203/203/203 205/205/205
f 207/207/207 206/206/206 205/205/205
f 207/207/207 205/205/205 204/204/204
f 208/208/208 207/207/207 204/204/204
f 211/211/211 210/210/210 209/209/209
f 212/212/212 211/211/211 209/209/209
f 215/215/215 214/214/214 213/213/213
f 216/216/216 215/215/215 213/213/213
f 217/217/217 215/215/215 216/216/216
f 218/218/218 217/217/217 216/216/216
f 217/217/217 218/218/218 219/219/219
f 220/220/220 217/217/217 219/219/219
f 220/220/220 221/221/221 217/217/217
f 221/221/221 222/222/222 217/217/217
f 225/225/225 224/224/224 223/223/223
f 226/226/226 225/225/225 223/223/223
f 229/229/229 228/228/228 227/227/227
f 230/230/230 229/229/229 227/227/227
f 233/233/233 232/232/232 231/231/231
f 234/234/234 233/233/233 231/231/231
f 237/237/237 236/236/236 235/235/235
f 238/238/238 237/237/237 235/235/235
f 241/241/241 240/240/240 239/239/239
f 242/242/242 241/241/241 239/239/239
f 245/245/245 244/244/244 243/243/243
f 246/246/246 245/245/245 243/243/243
f 246/246/246 243/243/243 247/247/247
f 248/248/248 246/246/246 247/247/247
f 248/248/248 247/247/247 249/249/249
f 250/250/250 248/248/248 249/249/249
f 253/253/253 252/252/252 251/251/251
f 254/254/254 253/253/253 251/251/251
f 257/257/257 256/256/256 255/255/255
f 258/258/258 257/257/257 255/255/255
f 259/259/259 257/257/257 258/258/258
f 260/260/260 259/259/259 258/258/258
f 263/263/263 262/262/262 261/261/261
f 264/264/264 263/263/263 261/261/261
f 267/267/267 266/266/266 265/265/265
f 266/266/266 268/268/268 265/265/265
f 265/265/265 268/268/268 269/269/269
f 268/268/268 270/270/270 269/269/269
f 273/273/273 272/272/272 271/271/271
f 274/274/274 273/273/273 271/271/271
f 277/277/277 276/276/276 275/275/275
f 278/278/278 277/277/277 275/275/275
f 281/281/281 280/280/280 279/279/279
f 280/280/280 282/282/282 279/279/279
f 279/279/279 282/282/282 283/283/283
f 282/282/282 284/284/284 283/283/283
f 287/287/287 286/286/286 285/285/285
f 286/286/286 288/288/288 285/285/285
f 285/285/285 288/288/288 289/289/289
f 288/288/288 290/290/290 289/289/289
f 293/293/293 292/292/292 291/291/291
f 294/294/294 293/293/293 291/291/291
f 297/297/297 296/296/296 295/295/295
f 298/298/298 297/297/297 295/295/295
f 298/298/298 295/295/295 299/299/299
f 300/300/300 298/298/298 299/299/299
f 303/303/303 302/302/302 301/301/301
f 304/304/304 303/303/303 301/301/301
f 307/307/307 306/306/306 305/305/305
f 308/308/308 307/307/307 305/305/305
f 308/308/308 305/305/305 309/309/309
f 310/310/310 308/308/308 309/309/309
f 313/313/313 312/312/312 311/311/311
f 314/314/314 313/313/313 311/311/311
f 317/317/317 316/316/316 315/315/315
f 318/318/318 317/317/317 315/315/315
f 321/321/321 320/320/320 319/319/319
f 322/322/322 321/321/321 319/319/319
f 325/325/325 324/324/324 323/323/323
f 326/326/326 325/325/325 323/323/323
f 329/329/329 328/328/328 327/327/327
f 330/330/330 329/329/329 327/327/327
f 333/333/333 332/332/332 331/331/331
f 334/334/334 333/333/333 331/331/331
f 337/337/337 336/336/336 335/335/335
f 338/338/338 337/337/337 335/335/335
f 341/341/341 340/340/340 339/339/339
f 342/342/342 341/341/341 339/339/339
f 345/345/345 344/344/344 343/343/343
f 346/346/346 345/345/345 343/343/343
f 349/349/349 348/348/348 347/347/347
f 348/348/348 350/350/350 347/347/347
f 347/347/347 350/350/350 351/351/351
f 350/350/350 352/352/352 351/351/351
f 355/355/355 354/354/354 353/353/353
f 356/356/356 355/355/355 353/353/353
f 356/356/356 353/353/353 357/357/357
f 353/353/353 358/358/358 357/357/357
f 357/357/357 358/358/358 359/359/359
f 358/358/358 360/360/360 359/359/359
f 363/363/363 362/362/362 361/361/361
f 364/364/364 363/363/363 361/361/361
f 364/364/364 365/365/365 363/363/363
f 365/365/365 366/366/366 363/363/363
f 369/369/369 368/368/368 367/367/367
f 370/370/370 369/369/369 367/367/367
f 370/370/370 371/371/371 369/369/369
f 371/371/371 372/372/372 369/369/369
f 375/375/375 374/374/374 373/373/373
f 376/376/376 375/375/375 373/373/373
f 376/376/376 377/377/377 375/375/375
f 377/377/377 378/378/378 375/375/375
f 381/381/381 380/380/380 379/379/379
f 382/382/382 381/381/381 379/379/379
f 382/382/382 383/383/383 381/381/381
f 383/383/383 384/384/384 381/381/381
f 387/387/387 386/386/386 385/385/385
f 388/388/388 387/387/387 385/385/385
f 388/388/388 385/385/385 389/389/389
f 385/385/385 390/390/390 389/389/389
f 389/389/389 390/390/390 391/391/391
f 390/390/390 392/392/392 391/391/391
f 395/395/395 394/394/394 393/393/393
f 396/396/396 395/395/395 393/393/393
f 396/396/396 393/393/393 397/397/397
f 393/393/393 398/398/398 397/397/397
f 397/397/397 398/398/398 399/399/399
f 398/398/398 400/400/400 399/399/399
f 403/403/403 402/402/402 401/401/401
f 404/404/404 403/403/403 401/401/401
f 407/407/407 406/406/406 405/405/405
f 408/408/408 407/407/407 405/405/405
f 408/408/408 405/405/405 409/409/409
f 405/405/405 410/410/410 409/409/409
f 409/409/409 410/410/410 411/411/411
f 410/410/410 412/412/412 411/411/411
f 415/415/415 414/414/414 413/413/413
f 414/414/414 416/416/416 413/413/413
f 417/417/417 416/416/416 414/414/414
f 418/418/418 417/417/417 414/414/414
f 421/421/421 420/420/420 419/419/419
f 422/422/422 421/421/421 419/419/419
f 422/422/422 419/419/419 423/423/423
f 419/419/419 424/424/424 423/423/423
f 423/423/423 424/424/424 425/425/425
f 424/424/424 426/426/426 425/425/425
f 429/429/429 428/428/428 427/427/427
f 430/430/430 429/429/429 427/427/427
f 433/433/433 432/432/432 431/431/431
f 434/434/434 433/433/433 431/431/431
f 434/434/434 431/431/431 435/435/435
f 431/431/431 436/436/436 435/435/435
f 435/435/435 436/436/436 437/437/437
f 436/436/436 438/438/438 437/437/437
f 441/441/441 440/440/440 439/439/439
f 442/442/442 441/441/441 439/439/439
f 442/442/442 439/439/439 443/443/443
f 439/439/439 444/444/444 443/443/443
f 443/443/443 444/444/444 445/445/445
f 444/444/444 446/446/446 445/445/445
f 449/449/449 448/448/448 447/447/447
f 450/450/450 449/449/449 447/447/447
f 449/449/449 450/450/450 451/451/451
f 452/452/452 449/449/449 451/451/451
f 452/452/452 451/451/451 453/453/453
f 454/454/454 452/452/452 453/453/453
f 454/454/454 453/453/453 455/455/455
f 454/454/454 456/456/456 452/452/452
f 456/456/456 457/457/457 452/452/452
f 458/458/458 454/454/454 455/455/455
f 459/459/459 458/458/458 455/455/455
f 460/460/460 459/459/459 455/455/455
f 463/463/463 462/462/462 461/461/461
f 462/462/462 464/464/464 461/461/461
f 464/464/464 462/462/462 465/465/465
f 466/466/466 464/464/464 465/465/465
f 469/469/469 468/468/468 467/467/467
f 470/470/470 469/469/469 467/467/467
f 470/470/470 471/471/471 469/469/469
f 471/471/471 472/472/472 469/469/469
f 471/471/471 473/473/473 472/472/472
f 473/473/473 474/474/474 472/472/472
f 473/473/473 475/475/475 474/474/474
f 474/474/474 476/476/476 472/472/472
f 476/476/476 477/477/477 472/472/472
f 475/475/475 478/478/478 474/474/474
f 479/479/479 478/478/478 475/475/475
f 480/480/480 479/479/479 475/475/475
f 483/483/483 482/482/482 481/481/481
f 484/484/484 483/483/483 481/481/481
f 481/481/481 485/485/485 484/484/484
f 485/485/485 486/486/486 484/484/484
f 489/489/489 488/488/488 487/487/487
f 490/490/490 489/489/489 487/487/487
f 493/493/493 492/492/492 491/491/491
f 494/494/494 493/493/493 491/491/491
f 497/497/497 496/496/496 495/495/495
f 496/496/496 498/498/498 495/495/495
f 495/495/495 498/498/498 499/499/499
f 500/500/500 495/495/495 499/499/499
f 500/500/500 499/499/499 501/501/501
f 499/499/499 502/502/502 501/501/501
f 502/502/502 503/503/503 501/501/501
f 504/504/504 500/500/500 501/501/501
f 504/504/504 501/501/501 505/505/505
f 506/506/506 504/504/504 505/505/505
f 506/506/506 505/505/505 507/507/507
f 505/505/505 508/508/508 507/507/507
f 511/511/511 510/510/510 509/509/509
f 510/510/510 512/512/512 509/509/509
f 509/509/509 512/512/512 513/513/513
f 512/512/512 514/514/514 513/513/513
f 517/517/517 516/516/516 515/515/515
f 518/518/518 517/517/517 515/515/515
f 518/518/518 515/515/515 519/519/519
f 515/515/515 520/520/520 519/519/519
f 519/519/519 520/520/520 521/521/521
f 520/520/520 522/522/522 521/521/521
f 525/525/525 524/524/524 523/523/523
f 526/526/526 525/525/525 523/523/523
f 526/526/526 523/523/523 527/527/527
f 523/523/523 528/528/528 527/527/527
f 527/527/527 528/528/528 529/529/529
f 528/528/528 530/530/530 529/529/529
f 533/533/533 532/532/532 531/531/531
f 534/534/534 533/533/533 531/531/531
f 534/534/534 531/531/531 535/535/535
f 531/531/531 536/536/536 535/535/535
f 535/535/535 536/536/536 537/537/537
f 536/536/536 538/538/538 537/537/537
f 541/541/541 540/540/540 539/539/539
f 542/542/542 541/541/541 539/539/539
f 545/545/545 544/544/544 543/543/543
f 546/546/546 545/545/545 543/543/543
f 546/546/546 543/543/543 547/547/547
f 543/543/543 548/548/548 547/547/547
f 547/547/547 548/548/548 549/549/549
f 548/548/548 550/550/550 549/549/549
f 553/553/553 552/552/552 551/551/551
f 552/552/552 554/554/554 551/551/551
f 555/555/555 554/554/554 552/552/552
f 556/556/556 555/555/555 552/552/552
f 559/559/559 558/558/558 557/557/557
f 560/560/560 559/559/559 557/557/557
f 560/560/560 557/557/557 561/561/561
f 557/557/557 562/562/562 561/561/561
f 561/561/561 562/562/562 563/563/563
f 562/562/562 564/564/564 563/563/563
f 567/567/567 566/566/566 565/565/565
f 568/568/568 567/567/567 565/565/565
f 568/568/568 565/565/565 569/569/569
f 565/565/565 570/570/570 569/569/569
f 569/569/569 570/570/570 571/571/571
f 570/570/570 572/572/572 571/571/571
f 575/575/575 574/574/574 573/573/573
f 576/576/576 575/575/575 573/573/573
f 576/576/576 573/573/573 577/577/577
f 573/573/573 578/578/578 577/577/577
f 577/577/577 578/578/578 579/579/579
f 578/578/578 580/580/580 579/579/579
f 583/583/583 582/582/582 581/581/581
f 584/584/584 583/583/583 581/581/581
f 583/583/583 584/584/584 585/585/585
f 586/586/586 583/583/583 585/585/585
f 586/586/586 585/585/585 587/587/587
f 588/588/588 586/586/586 587/587/587
f 588/588/588 587/587/587 589/589/589
f 588/588/588 590/590/590 586/586/586
f 590/590/590 591/591/591 586/586/586
f 592/592/592 588/588/588 589/589/589
f 593/593/593 592/592/592 589/589/589
f 594/594/594 593/593/593 589/589/589
f 597/597/597 596/596/596 595/595/595
f 596/596/596 598/598/598 595/595/595
f 598/598/598 596/596/596 599/599/599
f 600/600/600 598/598/598 599/599/599
f 603/603/603 602/602/602 601/601/601
f 604/604/604 603/603/603 601/601/601
f 604/604/604 605/605/605 603/603/603
f 605/605/605 606/606/606 603/603/603
f 605/605/605 607/607/607 606/606/606
f 607/607/607 608/608/608 606/606/606
f 607/607/607 609/609/609 608/608/608
f 608/608/608 610/610/610 606/606/606
f 610/610/610 611/611/611 606/606/606
f 609/609/609 612/612/612 608/608/608
f 613/613/613 612/612/612 609/609/609
f 614/614/614 613/613/613 609/609/609
f 617/617/617 616/616/616 615/615/615
f 618/618/618 617/617/617 615/615/615
f 615/615/615 619/619/619 618/618/618
f 619/619/619 620/620/620 618/618/618
f 623/623/623 622/622/622 621/621/621
f 624/624/624 623/623/623 621/621/621
f 627/627/627 626/626/626 625/625/625
f 628/628/628 627/627/627 625/625/625
f 631/631/631 630/630/630 629/629/629
f 630/630/630 632/632/632 629/629/629
f 629/629/629 632/632/632 633/633/633
f 632/632/632 634/634/634 633/633/633
f 637/637/637 636/636/636 635/635/635
f 638/638/638 637/637/637 635/635/635
f 638/638/638 635/635/635 639/639/639
f 635/635/635 640/640/640 639/639/639
f 639/639/639 640/640/640 641/641/641
f 640/640/640 642/642/642 641/641/641
f 645/645/645 644/644/644 643/643/643
f 646/646/646 645/645/645 643/643/643
f 646/646/646 643/643/643 647/647/647
f 643/643/643 648/648/648 647/647/647
f 647/647/647 648/648/648 649/649/649
f 648/648/648 650/650/650 649/649/649
f 653/653/653 652/652/652 651/651/651
f 654/654/654 653/653/653 651/651/651
f 654/654/654 651/651/651 655/655/655
f 651/651/651 656/656/656 655/655/655
f 655/655/655 656/656/656 657/657/657
f 656/656/656 658/658/658 657/657/657
f 661/661/661 660/660/660 659/659/659
f 662/662/662 661/661/661 659/659/659
f 665/665/665 664/664/664 663/663/663
f 666/666/666 665/665/665 663/663/663
f 666/666/666 663/663/663 667/667/667
f 663/663/663 668/668/668 667/667/667
f 667/667/667 668/668/668 669/669/669
f 668/668/668 670/670/670 669/669/669
f 673/673/673 672/672/672 671/671/671
f 672/672/672 674/674/674 671/671/671
f 675/675/675 674/674/674 672/672/672
f 676/676/676 675/675/675 672/672/672
f 679/679/679 678/678/678 677/677/677
f 680/680/680 679/679/679 677/677/677
f 680/680/680 677/677/677 681/681/681
f 677/677/677 682/682/682 681/681/681
f 681/681/681 682/682/682 683/683/683
f 682/682/682 684/684/684 683/683/683
f 687/687/687 686/686/686 685/685/685
f 688/688/688 687/687/687 685/685/685
f 688/688/688 685/685/685 689/689/689
f 685/685/685 690/690/690 689/689/689
f 689/689/689 690/690/690 691/691/691
f 690/690/690 692/692/692 691/691/691
f 695/695/695 694/694/694 693/693/693
f 696/696/696 695/695/695 693/693/693
f 696/696/696 693/693/693 697/697/697
f 693/693/693 698/698/698 697/697/697
f 697/697/697 698/698/698 699/699/699
f 698/698/698 700/700/700 699/699/699
f 703/703/703 702/702/702 701/701/701
f 704/704/704 703/703/703 701/701/701
f 703/703/703 704/704/704 705/705/705
f 706/706/706 703/703/703 705/705/705
f 706/706/706 705/705/705 707/707/707
f 708/708/708 706/706/706 707/707/707
f 708/708/708 707/707/707 709/709/709
f 708/708/708 710/710/710 706/706/706
f 710/710/710 711/711/711 706/706/706
f 712/712/712 708/708/708 709/709/709
f 713/713/713 712/712/712 709/709/709
f 714/714/714 713/713/713 709/709/709
f 717/717/717 716/716/716 715/715/715
f 716/716/716 718/718/718 715/715/715
f 718/718/718 716/716/716 719/719/719
f 720/720/720 718/718/718 719/719/719
f 723/723/723 722/722/722 721/721/721
f 724/724/724 723/723/723 721/721/721
f 721/721/721 725/725/725 724/724/724
f 725/725/725 726/726/726 724/724/724
f 729/729/729 728/728/728 727/727/727
f 730/730/730 729/729/729 727/727/727
f 733/733/733 732/732/732 731/731/731
f 734/734/734 733/733/733 731/731/731
f 737/737/737 736/736/736 735/735/735
f 738/738/738 737/737/737 735/735/735
f 741/741/741 740/740/740 739/739/739
f 742/742/742 741/741/741 739/739/739
f 745/745/745 744/744/744 743/743/743
f 746/746/746 745/745/745 743/743/743
f 749/749/749 748/748/748 747/747/747
f 750/750/750 749/749/749 747/747/747
f 753/753/753 752/752/752 751/751/751
f 754/754/754 753/753/753 751/751/751
f 757/757/757 756/756/756 755/755/755
f 758/758/758 757/757/757 755/755/755
f 761/761/761 760/760/760 759/759/759
f 762/762/762 761/761/761 759/759/759
f 765/765/765 764/764/764 763/763/763
f 766/766/766 765/765/765 763/763/763
f 769/769/769 768/768/768 767/767/767
f 770/770/770 769/769/769 767/767/767
f 773/773/773 772/772/772 771/771/771
f 774/774/774 773/773/773 771/771/771
f 774/774/774 771/771/771 775/775/775
f 776/776/776 774/774/774 775/775/775
f 779/779/779 778/778/778 777/777/777
f 778/778/778 780/780/780 777/777/777
f 777/777/777 780/780/780 781/781/781
f 780/780/780 782/782/782 781/781/781
f 785/785/785 784/784/784 783/783/783
f 786/786/786 785/785/785 783/783/783
f 786/786/786 783/783/783 787/787/787
f 788/788/788 786/786/786 787/787/787
f 791/791/791 790/790/790 789/789/789
f 790/790/790 792/792/792 789/789/789
f 789/789/789 792/792/792 793/793/793
f 792/792/792 794/794/794 793/793/793
f 797/797/797 796/796/796 795/795/795
f 798/798/798 797/797/797 795/795/795
f 801/801/801 800/800/800 799/799/799
f 802/802/802 801/801/801 799/799/799
f 805/805/805 804/804/804 803/803/803
f 806/806/806 805/805/805 803/803/803
f 809/809/809 808/808/808 807/807/807
f 810/810/810 809/809/809 807/807/807
f 813/813/813 812/812/812 811/811/811
f 814/814/814 813/813/813 811/811/811
f 817/817/817 816/816/816 815/815/815
f 818/818/818 817/817/817 815/815/815
f 821/821/821 820/820/820 819/819/819
f 822/822/822 821/821/821 819/819/819
f 825/825/825 824/824/824 823/823/823
f 826/826/826 825/825/825 823/823/823
f 829/829/829 828/828/828 827/827/827
f 830/830/830 829/829/829 827/827/827
f 833/833/833 832/832/832 831/831/831
f 834/834/834 833/833/833 831/831/831
f 837/837/837 836/836/836 835/835/835
f 838/838/838 837/837/837 835/835/835
f 841/841/841 840/840/840 839/839/839
f 842/842/842 841/841/841 839/839/839
f 845/845/845 844/844/844 843/843/843
f 846/846/846 845/845/845 843/843/843
f 849/849/849 848/848/848 847/847/847
f 850/850/850 849/849/849 847/847/847
f 851/851/851 849/849/849 850/850/850
f 852/852/852 851/851/851 850/850/850
f 853/853/853 851/851/851 852/852/852
f 854/854/854 853/853/853 852/852/852
f 855/855/855 853/853/853 854/854/854
f 856/856/856 855/855/855 854/854/854
f 859/859/859 858/858/858 857/857/857
f 860/860/860 859/859/859 857/857/857
f 861/861/861 859/859/859 860/860/860
f 862/862/862 861/861/861 860/860/860
f 863/863/863 861/861/861 862/862/862
f 864/864/864 863/863/863 862/862/862
f 865/865/865 863/863/863 864/864/864
f 866/866/866 865/865/865 864/864/864
f 869/869/869 868/868/868 867/867/867
f 870/870/870 869/869/869 867/867/867
f 873/873/873 872/872/872 871/871/871
f 874/874/874 873/873/873 871/871/871
f 877/877/877 876/876/876 875/875/875
f 878/878/878 877/877/877 875/875/875
f 881/881/881 880/880/880 879/879/879
f 882/882/882 881/881/881 879/879/879
f 885/885/885 884/884/884 883/883/883
f 886/886/886 885/885/885 883/883/883
f 889/889/889 888/888/888 887/887/887
f 890/890/890 889/889/889 887/887/887
f 893/893/893 892/892/892 891/891/891
f 894/894/894 893/893/893 891/891/891
f 897/897/897 896/896/896 895/895/895
f 898/898/898 897/897/897 895/895/895
f 901/901/901 900/900/900 899/899/899
f 902/902/902 901/901/901 899/899/899
f 901/901/901 902/902/902 903/903/903
f 903/903/903 902/902/902 904/904/904
f 905/905/905 901/901/901 903/903/903
f 902/902/902 906/906/906 904/904/904
f 907/907/907 901/901/901 905/905/905
f 904/904/904 906/906/906 908/908/908
f 908/908/908 907/907/907 905/905/905
f 906/906/906 907/907/907 908/908/908
f 911/911/911 910/910/910 909/909/909
f 912/912/912 911/911/911 909/909/909
f 911/911/911 912/912/912 913/913/913
f 913/913/913 912/912/912 914/914/914
f 915/915/915 911/911/911 913/913/913
f 912/912/912 916/916/916 914/914/914
f 917/917/917 911/911/911 915/915/915
f 914/914/914 916/916/916 918/918/918
f 918/918/918 917/917/917 915/915/915
f 916/916/916 917/917/917 918/918/918
f 921/921/921 920/920/920 919/919/919
f 922/922/922 921/921/921 919/919/919
f 921/921/921 922/922/922 923/923/923
f 923/923/923 922/922/922 924/924/924
f 925/925/925 921/921/921 923/923/923
f 922/922/922 926/926/926 924/924/924
f 927/927/927 921/921/921 925/925/925
f 924/924/924 926/926/926 928/928/928
f 928/928/928 927/927/927 925/925/925
f 926/926/926 927/927/927 928/928/928
f 931/931/931 930/930/930 929/929/929
f 932/932/932 931/931/931 929/929/929
f 931/931/931 932/932/932 933/933/933
f 933/933/933 932/932/932 934/934/934
f 935/935/935 931/931/931 933/933/933
f 932/932/932 936/936/936 934/934/934
f 937/937/937 931/931/931 935/935/935
f 934/934/934 936/936/936 938/938/938
f 938/938/938 937/937/937 935/935/935
f 936/936/936 937/937/937 938/938/938
f 941/941/941 940/940/940 939/939/939
f 942/942/942 941/941/941 939/939/939
f 945/945/945 944/944/944 943/943/943
f 946/946/946 945/945/945 943/943/943
f 949/949/949 948/948/948 947/947/947
f 950/950/950 949/949/949 947/947/947
f 953/953/953 952/952/952 951/951/951
f 954/954/954 953/953/953 951/951/951
f 957/957/957 956/956/956 955/955/955
f 958/958/958 957/957/957 955/955/955
f 961/961/961 960/960/960 959/959/959
f 962/962/962 961/961/961 959/959/959
f 965/965/965 964/964/964 963/963/963
f 966/966/966 965/965/965 963/963/963
f 969/969/969 968/968/968 967/967/967
f 970/970/970 969/969/969 967/967/967
f 973/973/973 972/972/972 971/971/971
f 974/974/974 973/973/973 971/971/971
f 977/977/977 976/976/976 975/975/975
f 978/978/978 977/977/977 975/975/975
f 981/981/981 980/980/980 979/979/979
f 982/982/982 981/981/981 979/979/979
f 985/985/985 984/984/984 983/983/983
f 986/986/986 985/985/985 983/983/983
f 989/989/989 988/988/988 987/987/987
f 990/990/990 989/989/989 987/987/987
f 993/993/993 992/992/992 991/991/991
f 994/994/994 993/993/993 991/991/991
f 997/997/997 996/996/996 995/995/995
f 998/998/998 997/997/997 995/995/995
f 1001/1001/1001 1000/1000/1000 999/999/999
f 1002/1002/1002 1001/1001/1001 999/999/999
f 1005/1005/1005 1004/1004/1004 1003/1003/1003
f 1006/1006/1006 1005/1005/1005 1003/1003/1003
f 1009/1009/1009 1008/1008/1008 1007/1007/1007
f 1010/1010/1010 1009/1009/1009 1007/1007/1007
f 1013/1013/1013 1012/1012/1012 1011/1011/1011
f 1014/1014/1014 1013/1013/1013 1011/1011/1011
f 1017/1017/1017 1016/1016/1016 1015/1015/1015
f 1018/1018/1018 1017/1017/1017 1015/1015/1015
f 1021/1021/1021 1020/1020/1020 1019/1019/1019
f 1022/1022/1022 1021/1021/1021 1019/1019/1019
f 1025/1025/1025 1024/1024/1024 1023/1023/1023
f 1026/1026/1026 1025/1025/1025 1023/1023/1023
f 1029/1029/1029 1028/1028/1028 1027/1027/1027
f 1028/1028/1028 1030/1030/1030 1027/1027/1027
f 1030/1030/1030 1028/1028/1028 1031/1031/1031
f 1028/1028/1028 1032/1032/1032 1031/1031/1031
f 1032/1032/1032 1028/1028/1028 1033/1033/1033
f 1034/1034/1034 1032/1032/1032 1033/1033/1033
f 1037/1037/1037 1036/1036/1036 1035/1035/1035
f 1038/1038/1038 1037/1037/1037 1035/1035/1035
f 1041/1041/1041 1040/1040/1040 1039/1039/1039
f 1042/1042/1042 1041/1041/1041 1039/1039/1039
f 1045/1045/1045 1044/1044/1044 1043/1043/1043
f 1046/1046/1046 1045/1045/1045 1043/1043/1043
f 1045/1045/1045 1046/1046/1046 1047/1047/1047
f 1048/1048/1048 1045/1045/1045 1047/1047/1047
f 1045/1045/1045 1048/1048/1048 1049/1049/1049
f 1048/1048/1048 1050/1050/1050 1049/1049/1049
f 1053/1053/1053 1052/1052/1052 1051/1051/1051
f 1054/1054/1054 1053/1053/1053 1051/1051/1051
f 1057/1057/1057 1056/1056/1056 1055/1055/1055
f 1058/1058/1058 1057/1057/1057 1055/1055/1055
f 1061/1061/1061 1060/1060/1060 1059/1059/1059
f 1062/1062/1062 1061/1061/1061 1059/1059/1059
f 1065/1065/1065 1064/1064/1064 1063/1063/1063
f 1066/1066/1066 1065/1065/1065 1063/1063/1063
f 1069/1069/1069 1068/1068/1068 1067/1067/1067
f 1070/1070/1070 1069/1069/1069 1067/1067/1067
f 1073/1073/1073 1072/1072/1072 1071/1071/1071
f 1074/1074/1074 1073/1073/1073 1071/1071/1071
f 1077/1077/1077 1076/1076/1076 1075/1075/1075
f 1078/1078/1078 1077/1077/1077 1075/1075/1075
f 1081/1081/1081 1080/1080/1080 1079/1079/1079
f 1082/1082/1082 1081/1081/1081 1079/1079/1079
f 1085/1085/1085 1084/1084/1084 1083/1083/1083
f 1086/1086/1086 1085/1085/1085 1083/1083/1083
f 1089/1089/1089 1088/1088/1088 1087/1087/1087
f 1090/1090/1090 1089/1089/1089 1087/1087/1087
f 1093/1093/1093 1092/1092/1092 1091/1091/1091
f 1094/1094/1094 1093/1093/1093 1091/1091/1091
f 1097/1097/1097 1096/1096/1096 1095/1095/1095
f 1098/1098/1098 1097/1097/1097 1095/1095/1095
f 1101/1101/1101 1100/1100/1100 1099/1099/1099
f 1102/1102/1102 1101/1101/1101 1099/1099/1099
f 1105/1105/1105 1104/1104/1104 1103/1103/1103
f 1106/1106/1106 1105/1105/1105 1103/1103/1103
f 1109/1109/1109 1108/1108/1108 1107/1107/1107
f 1110/1110/1110 1109/1109/1109 1107/1107/1107
f 1113/1113/1113 1112/1112/1112 1111/1111/1111
f 1114/1114/1114 1113/1113/1113 1111/1111/1111
f 1117/1117/1117 1116/1116/1116 1115/1115/1115
f 1118/1118/1118 1117/1117/1117 1115/1115/1115
f 1121/1121/1121 1120/1120/1120 1119/1119/1119
f 1122/1122/1122 1121/1121/1121 1119/1119/1119
f 1125/1125/1125 1124/1124/1124 1123/1123/1123
f 1126/1126/1126 1125/1125/1125 1123/1123/1123
f 1129/1129/1129 1128/1128/1128 1127/1127/1127
f 1130/1130/1130 1129/1129/1129 1127/1127/1127
f 1133/1133/1133 1132/1132/1132 1131/1131/1131
f 1134/1134/1134 1133/1133/1133 1131/1131/1131
f 1137/1137/1137 1136/1136/1136 1135/1135/1135
f 1138/1138/1138 1137/1137/1137 1135/1135/1135
f 1141/1141/1141 1140/1140/1140 1139/1139/1139
f 1142/1142/1142 1141/1141/1141 1139/1139/1139
f 1145/1145/1145 1144/1144/1144 1143/1143/1143
f 1146/1146/1146 1145/1145/1145 1143/1143/1143
f 1149/1149/1149 1148/1148/1148 1147/1147/1147
f 1150/1150/1150 1149/1149/1149 1147/1147/1147
f 1153/1153/1153 1152/1152/1152 1151/1151/1151
f 1154/1154/1154 1153/1153/1153 1151/1151/1151
f 1157/1157/1157 1156/1156/1156 1155/1155/1155
f 1158/1158/1158 1157/1157/1157 1155/1155/1155
f 1161/1161/1161 1160/1160/1160 1159/1159/1159
f 1162/1162/1162 1161/1161/1161 1159/1159/1159
f 1165/1165/1165 1164/1164/1164 1163/1163/1163
f 1166/1166/1166 1165/1165/1165 1163/1163/1163
f 1169/1169/1169 1168/1168/1168 1167/1167/1167
f 1170/1170/1170 1169/1169/1169 1167/1167/1167
f 1173/1173/1173 1172/1172/1172 1171/1171/1171
f 1174/1174/1174 1173/1173/1173 1171/1171/1171
f 1177/1177/1177 1176/1176/1176 1175/1175/1175
f 1178/1178/1178 1177/1177/1177 1175/1175/1175
f 1181/1181/1181 1180/1180/1180 1179/1179/1179
f 1182/1182/1182 1181/1181/1181 1179/1179/1179
f 1185/1185/1185 1184/1184/1184 1183/1183/1183
f 1186/1186/1186 1185/1185/1185 1183/1183/1183
f 1189/1189/1189 1188/1188/1188 1187/1187/1187
f 1190/1190/1190 1189/1189/1189 1187/1187/1187
f 1193/1193/1193 1192/1192/1192 1191/1191/1191
f 1194/1194/1194 1193/1193/1193 1191/1191/1191
f 1197/1197/1197 1196/1196/1196 1195/1195/1195
f 1198/1198/1198 1197/1197/1197 1195/1195/1195
f 1201/1201/1201 1200/1200/1200 1199/1199/1199
f 1202/1202/1202 1201/1201/1201 1199/1199/1199
f 1205/1205/1205 1204/1204/1204 1203/1203/1203
f 1206/1206/1206 1205/1205/1205 1203/1203/1203
f 1209/1209/1209 1208/1208/1208 1207/1207/1207
f 1210/1210/1210 1209/1209/1209 1207/1207/1207
f 1213/1213/1213 1212/1212/1212 1211/1211/1211
f 1214/1214/1214 1213/1213/1213 1211/1211/1211
f 1217/1217/1217 1216/1216/1216 1215/1215/1215
f 1218/1218/1218 1217/1217/1217 1215/1215/1215
f 1221/1221/1221 1220/1220/1220 1219/1219/1219
f 1222/1222/1222 1221/1221/1221 1219/1219/1219
f 1225/1225/1225 1224/1224/1224 1223/1223/1223
f 1226/1226/1226 1225/1225/1225 1223/1223/1223
f 1229/1229/1229 1228/1228/1228 1227/1227/1227
f 1230/1230/1230 1229/1229/1229 1227/1227/1227
f 1233/1233/1233 1232/1232/1232 1231/1231/1231
f 1234/1234/1234 1233/1233/1233 1231/1231/1231
f 1237/1237/1237 1236/1236/1236 1235/1235/1235
f 1238/1238/1238 1237/1237/1237 1235/1235/1235
f 1239/1239/1239 1237/1237/1237 1238/1238/1238
f 1240/1240/1240 1239/1239/1239 1238/1238/1238
f 1241/1241/1241 1239/1239/1239 1240/1240/1240
f 1242/1242/1242 1241/1241/1241 1240/1240/1240
f 1243/1243/1243 1241/1241/1241 1242/1242/1242
f 1244/1244/1244 1243/1243/1243 1242/1242/1242
f 1247/1247/1247 1246/1246/1246 1245/1245/1245
f 1248/1248/1248 1247/1247/1247 1245/1245/1245
f 1249/1249/1249 1247/1247/1247 1248/1248/1248
f 1250/1250/1250 1249/1249/1249 1248/1248/1248
f 1251/1251/1251 1249/1249/1249 1250/1250/1250
f 1252/1252/1252 1251/1251/1251 1250/1250/1250
f 1253/1253/1253 1251/1251/1251 1252/1252/1252
f 1254/1254/1254 1253/1253/1253 1252/1252/1252
f 1257/1257/1257 1256/1256/1256 1255/1255/1255
f 1258/1258/1258 1257/1257/1257 1255/1255/1255
f 1261/1261/1261 1260/1260/1260 1259/1259/1259
f 1262/1262/1262 1261/1261/1261 1259/1259/1259
f 1265/1265/1265 1264/1264/1264 1263/1263/1263
f 1266/1266/1266 1265/1265/1265 1263/1263/1263
f 1269/1269/1269 1268/1268/1268 1267/1267/1267
f 1270/1270/1270 1269/1269/1269 1267/1267/1267
f 1273/1273/1273 1272/1272/1272 1271/1271/1271
f 1274/1274/1274 1273/1273/1273 1271/1271/1271
f 1277/1277/1277 1276/1276/1276 1275/1275/1275
f 1278/1278/1278 1277/1277/1277 1275/1275/1275
f 1281/1281/1281 1280/1280/1280 1279/1279/1279
f 1282/1282/1282 1281/1281/1281 1279/1279/1279
f 1285/1285/1285 1284/1284/1284 1283/1283/1283
f 1286/1286/1286 1285/1285/1285 1283/1283/1283
f 1289/1289/1289 1288/1288/1288 1287/1287/1287
f 1290/1290/1290 1289/1289/1289 1287/1287/1287
f 1289/1289/1289 1290/1290/1290 1291/1291/1291
f 1291/1291/1291 1290/1290/1290 1292/1292/1292
f 1293/1293/1293 1289/1289/1289 1291/1291/1291
f 1290/1290/1290 1294/1294/1294 1292/1292/1292
f 1295/1295/1295 1289/1289/1289 1293/1293/1293
f 1292/1292/1292 1294/1294/1294 1296/1296/1296
f 1296/1296/1296 1295/1295/1295 1293/1293/1293
f 1294/1294/1294 1295/1295/1295 1296/1296/1296
f 1299/1299/1299 1298/1298/1298 1297/1297/1297
f 1300/1300/1300 1299/1299/1299 1297/1297/1297
f 1299/1299/1299 1300/1300/1300 1301/1301/1301
f 1301/1301/1301 1300/1300/1300 1302/1302/1302
f 1303/1303/1303 1299/1299/1299 1301/1301/1301
f 1300/1300/1300 1304/1304/1304 1302/1302/1302
f 1305/1305/1305 1299/1299/1299 1303/1303/1303
f 1302/1302/1302 1304/1304/1304 1306/1306/1306
f 1306/1306/1306 1305/1305/1305 1303/1303/1303
f 1304/1304/1304 1305/1305/1305 1306/1306/1306
f 1309/1309/1309 1308/1308/1308 1307/1307/1307
f 1310/1310/1310 1309/1309/1309 1307/1307/1307
f 1309/1309/1309 1310/1310/1310 1311/1311/1311
f 1311/1311/1311 1310/1310/1310 1312/1312/1312
f 1313/1313/1313 1309/1309/1309 1311/1311/1311
f 1310/1310/1310 1314/1314/1314 1312/1312/1312
f 1315/1315/1315 1309/1309/1309 1313/1313/1313
f 1312/1312/1312 1314/1314/1314 1316/1316/1316
f 1316/1316/1316 1315/1315/1315 1313/1313/1313
f 1314/1314/1314 1315/1315/1315 1316/1316/1316
f 1319/1319/1319 1318/1318/1318 1317/1317/1317
f 1320/1320/1320 1319/1319/1319 1317/1317/1317
f 1319/1319/1319 1320/1320/1320 1321/1321/1321
f 1321/1321/1321 1320/1320/1320 1322/1322/1322
f 1323/1323/1323 1319/1319/1319 1321/1321/1321
f 1320/1320/1320 1324/1324/1324 1322/1322/1322
f 1325/1325/1325 1319/1319/1319 1323/1323/1323
f 1322/1322/1322 1324/1324/1324 1326/1326/1326
f 1326/1326/1326 1325/1325/1325 1323/1323/1323
f 1324/1324/1324 1325/1325/1325 1326/1326/1326
f 1329/1329/1329 1328/1328/1328 1327/1327/1327
f 1330/1330/1330 1329/1329/1329 1327/1327/1327
f 1333/1333/1333 1332/1332/1332 1331/1331/1331
f 1334/1334/1334 1333/1333/1333 1331/1331/1331
f 1337/1337/1337 1336/1336/1336 1335/1335/1335
f 1338/1338/1338 1337/1337/1337 1335/1335/1335
f 1341/1341/1341 1340/1340/1340 1339/1339/1339
f 1342/1342/1342 1341/1341/1341 1339/1339/1339
f 1345/1345/1345 1344/1344/1344 1343/1343/1343
f 1346/1346/1346 1345/1345/1345 1343/1343/1343
f 1349/1349/1349 1348/1348/1348 1347/1347/1347
f 1350/1350/1350 1349/1349/1349 1347/1347/1347
f 1353/1353/1353 1352/1352/1352 1351/1351/1351
f 1354/1354/1354 1353/1353/1353 1351/1351/1351
f 1357/1357/1357 1356/1356/1356 1355/1355/1355
f 1358/1358/1358 1357/1357/1357 1355/1355/1355
f 1361/1361/1361 1360/1360/1360 1359/1359/1359
f 1362/1362/1362 1361/1361/1361 1359/1359/1359
f 1365/1365/1365 1364/1364/1364 1363/1363/1363
f 1366/1366/1366 1365/1365/1365 1363/1363/1363
f 1369/1369/1369 1368/1368/1368 1367/1367/1367
f 1370/1370/1370 1369/1369/1369 1367/1367/1367
f 1373/1373/1373 1372/1372/1372 1371/1371/1371
f 1374/1374/1374 1373/1373/1373 1371/1371/1371
f 1377/1377/1377 1376/1376/1376 1375/1375/1375
f 1378/1378/1378 1377/1377/1377 1375/1375/1375
f 1381/1381/1381 1380/1380/1380 1379/1379/1379
f 1382/1382/1382 1381/1381/1381 1379/1379/1379
f 1385/1385/1385 1384/1384/1384 1383/1383/1383
f 1386/1386/1386 1385/1385/1385 1383/1383/1383
f 1389/1389/1389 1388/1388/1388 1387/1387/1387
f 1390/1390/1390 1389/1389/1389 1387/1387/1387
f 1393/1393/1393 1392/1392/1392 1391/1391/1391
f 1394/1394/1394 1393/1393/1393 1391/1391/1391
f 1397/1397/1397 1396/1396/1396 1395/1395/1395
f 1398/1398/1398 1397/1397/1397 1395/1395/1395
f 1401/1401/1401 1400/1400/1400 1399/1399/1399
f 1402/1402/1402 1401/1401/1401 1399/1399/1399
f 1405/1405/1405 1404/1404/1404 1403/1403/1403
f 1406/1406/1406 1405/1405/1405 1403/1403/1403
f 1409/1409/1409 1408/1408/1408 1407/1407/1407
f 1410/1410/1410 1409/1409/1409 1407/1407/1407
f 1413/1413/1413 1412/1412/1412 1411/1411/1411
f 1414/1414/1414 1413/1413/1413 1411/1411/1411
f 1417/1417/1417 1416/1416/1416 1415/1415/1415
f 1416/1416/1416 1418/1418/1418 1415/1415/1415
f 1418/1418/1418 1416/1416/1416 1419/1419/1419
f 1416/1416/1416 1420/1420/1420 1419/1419/1419
f 1420/1420/1420 1416/1416/1416 1421/1421/1421
f 1422/1422/1422 1420/1420/1420 1421/1421/1421
f 1425/1425/1425 1424/1424/1424 1423/1423/1423
f 1426/1426/1426 1425/1425/1425 1423/1423/1423
f 1429/1429/1429 1428/1428/1428 1427/1427/1427
f 1430/1430/1430 1429/1429/1429 1427/1427/1427
f 1433/1433/1433 1432/1432/1432 1431/1431/1431
f 1434/1434/1434 1433/1433/1433 1431/1431/1431
f 1433/1433/1433 1434/1434/1434 1435/1435/1435
f 1436/1436/1436 1433/1433/1433 1435/1435/1435
f 1433/1433/1433 1436/1436/1436 1437/1437/1437
f 1436/1436/1436 1438/1438/1438 1437/1437/1437
f 1441/1441/1441 1440/1440/1440 1439/1439/1439
f 1442/1442/1442 1441/1441/1441 1439/1439/1439
f 1445/1445/1445 1444/1444/1444 1443/1443/1443
f 1446/1446/1446 1445/1445/1445 1443/1443/1443
f 1449/1449/1449 1448/1448/1448 1447/1447/1447
f 1450/1450/1450 1449/1449/1449 1447/1447/1447
f 1453/1453/1453 1452/1452/1452 1451/1451/1451
f 1454/1454/1454 1453/1453/1453 1451/1451/1451
f 1457/1457/1457 1456/1456/1456 1455/1455/1455
f 1458/1458/1458 1457/1457/1457 1455/1455/1455
f 1461/1461/1461 1460/1460/1460 1459/1459/1459
f 1462/1462/1462 1461/1461/1461 1459/1459/1459
f 1465/1465/1465 1464/1464/1464 1463/1463/1463
f 1466/1466/1466 1465/1465/1465 1463/1463/1463
f 1469/1469/1469 1468/1468/1468 1467/1467/1467
f 1470/1470/1470 1469/1469/1469 1467/1467/1467
f 1473/1473/1473 1472/1472/1472 1471/1471/1471
f 1474/1474/1474 1473/1473/1473 1471/1471/1471
f 1477/1477/1477 1476/1476/1476 1475/1475/1475
f 1478/1478/1478 1477/1477/1477 1475/1475/1475
f 1481/1481/1481 1480/1480/1480 1479/1479/1479
f 1482/1482/1482 1481/1481/1481 1479/1479/1479
f 1485/1485/1485 1484/1484/1484 1483/1483/1483
f 1486/1486/1486 1485/1485/1485 1483/1483/1483
f 1489/1489/1489 1488/1488/1488 1487/1487/1487
f 1490/1490/1490 1489/1489/1489 1487/1487/1487
f 1493/1493/1493 1492/1492/1492 1491/1491/1491
f 1494/1494/1494 1493/1493/1493 1491/1491/1491
f 1497/1497/1497 1496/1496/1496 1495/1495/1495
f 1498/1498/1498 1497/1497/1497 1495/1495/1495
f 1501/1501/1501 1500/1500/1500 1499/1499/1499
f 1502/1502/1502 1501/1501/1501 1499/1499/1499
f 1505/1505/1505 1504/1504/1504 1503/1503/1503
f 1506/1506/1506 1505/1505/1505 1503/1503/1503
f 1509/1509/1509 1508/1508/1508 1507/1507/1507
f 1510/1510/1510 1509/1509/1509 1507/1507/1507
f 1507/1507/1507 1508/1508/1508 1511/1511/1511
f 1512/1512/1512 1509/1509/1509 1510/1510/1510
f 1508/1508/1508 1513/1513/1513 1511/1511/1511
f 1514/1514/1514 1512/1512/1512 1510/1510/1510
f 1511/1511/1511 1513/1513/1513 1514/1514/1514
f 1513/1513/1513 1512/1512/1512 1514/1514/1514
f 1517/1517/1517 1516/1516/1516 1515/1515/1515
f 1515/1515/1515 1516/1516/1516 1518/1518/1518
f 1519/1519/1519 1517/1517/1517 1515/1515/1515
f 1516/1516/1516 1520/1520/1520 1518/1518/1518
f 1521/1521/1521 1517/1517/1517 1519/1519/1519
f 1518/1518/1518 1520/1520/1520 1522/1522/1522
f 1522/1522/1522 1521/1521/1521 1519/1519/1519
f 1520/1520/1520 1521/1521/1521 1522/1522/1522
f 1525/1525/1525 1524/1524/1524 1523/1523/1523
f 1526/1526/1526 1525/1525/1525 1523/1523/1523
f 1523/1523/1523 1524/1524/1524 1527/1527/1527
f 1528/1528/1528 1525/1525/1525 1526/1526/1526
f 1524/1524/1524 1529/1529/1529 1527/1527/1527
f 1530/1530/1530 1528/1528/1528 1526/1526/1526
f 1527/1527/1527 1529/1529/1529 1530/1530/1530
f 1529/1529/1529 1528/1528/1528 1530/1530/1530
f 1533/1533/1533 1532/1532/1532 1531/1531/1531
f 1534/1534/1534 1533/1533/1533 1531/1531/1531
f 1531/1531/1531 1532/1532/1532 1535/1535/1535
f 1536/1536/1536 1533/1533/1533 1534/1534/1534
f 1532/1532/1532 1537/1537/1537 1535/1535/1535
f 1538/1538/1538 1536/1536/1536 1534/1534/1534
f 1535/1535/1535 1537/1537/1537 1538/1538/1538
f 1537/1537/1537 1536/1536/1536 1538/1538/1538
f 1541/1541/1541 1540/1540/1540 1539/1539/1539
f 1540/1540/1540 1542/1542/1542 1539/1539/1539
f 1543/1543/1543 1540/1540/1540 1541/1541/1541
f 1539/1539/1539 1542/1542/1542 1544/1544/1544
f 1545/1545/1545 1543/1543/1543 1541/1541/1541
f 1542/1542/1542 1546/1546/1546 1544/1544/1544
f 1546/1546/1546 1543/1543/1543 1545/1545/1545
f 1544/1544/1544 1546/1546/1546 1545/1545/1545
f 1549/1549/1549 1548/1548/1548 1547/1547/1547
f 1550/1550/1550 1549/1549/1549 1547/1547/1547
f 1547/1547/1547 1548/1548/1548 1551/1551/1551
f 1552/1552/1552 1549/1549/1549 1550/1550/1550
f 1548/1548/1548 1553/1553/1553 1551/1551/1551
f 1554/1554/1554 1552/1552/1552 1550/1550/1550
f 1551/1551/1551 1553/1553/1553 1554/1554/1554
f 1553/1553/1553 1552/1552/1552 1554/1554/1554
f 1557/1557/1557 1556/1556/1556 1555/1555/1555
f 1558/1558/1558 1557/1557/1557 1555/1555/1555
f 1555/1555/1555 1556/1556/1556 1559/1559/1559
f 1560/1560/1560 1557/1557/1557 1558/1558/1558
f 1556/1556/1556 1561/1561/1561 1559/1559/1559
f 1562/1562/1562 1560/1560/1560 1558/1558/1558
f 1559/1559/1559 1561/1561/1561 1562/1562/1562
f 1561/1561/1561 1560/1560/1560 1562/1562/1562
f 1565/1565/1565 1564/1564/1564 1563/1563/1563
f 1563/1563/1563 1564/1564/1564 1566/1566/1566
f 1567/1567/1567 1565/1565/1565 1563/1563/1563
f 1564/1564/1564 1568/1568/1568 1566/1566/1566
f 1569/1569/1569 1565/1565/1565 1567/1567/1567
f 1566/1566/1566 1568/1568/1568 1570/1570/1570
f 1570/1570/1570 1569/1569/1569 1567/1567/1567
f 1568/1568/1568 1569/1569/1569 1570/1570/1570
f 1573/1573/1573 1572/1572/1572 1571/1571/1571
f 1574/1574/1574 1573/1573/1573 1571/1571/1571
f 1571/1571/1571 1572/1572/1572 1575/1575/1575
f 1576/1576/1576 1573/1573/1573 1574/1574/1574
f 1572/1572/1572 1577/1577/1577 1575/1575/1575
f 1578/1578/1578 1576/1576/1576 1574/1574/1574
f 1575/1575/1575 1577/1577/1577 1578/1578/1578
f 1577/1577/1577 1576/1576/1576 1578/1578/1578
f 1581/1581/1581 1580/1580/1580 1579/1579/1579
f 1582/1582/1582 1581/1581/1581 1579/1579/1579
f 1579/1579/1579 1580/1580/1580 1583/1583/1583
f 1584/1584/1584 1581/1581/1581 1582/1582/1582
f 1580/1580/1580 1585/1585/1585 1583/1583/1583
f 1586/1586/1586 1584/1584/1584 1582/1582/1582
f 1583/1583/1583 1585/1585/1585 1586/1586/1586
f 1585/1585/1585 1584/1584/1584 1586/1586/1586
f 1589/1589/1589 1588/1588/1588 1587/1587/1587
f 1590/1590/1590 1589/1589/1589 1587/1587/1587
f 1587/1587/1587 1588/1588/1588 1591/1591/1591
f 1592/1592/1592 1589/1589/1589 1590/1590/1590
f 1588/1588/1588 1593/1593/1593 1591/1591/1591
f 1594/1594/1594 1592/1592/1592 1590/1590/1590
f 1591/1591/1591 1593/1593/1593 1595/1595/1595
f 1596/1596/1596 1592/1592/1592 1594/1594/1594
f 1593/1593/1593 1597/1597/1597 1595/1595/1595
f 1598/1598/1598 1596/1596/1596 1594/1594/1594
f 1595/1595/1595 1597/1597/1597 1598/1598/1598
f 1597/1597/1597 1596/1596/1596 1598/1598/1598
f 1601/1601/1601 1600/1600/1600 1599/1599/1599
f 1602/1602/1602 1601/1601/1601 1599/1599/1599
f 1599/1599/1599 1600/1600/1600 1603/1603/1603
f 1604/1604/1604 1601/1601/1601 1602/1602/1602
f 1600/1600/1600 1605/1605/1605 1603/1603/1603
f 1606/1606/1606 1604/1604/1604 1602/1602/1602
f 1603/1603/1603 1605/1605/1605 1607/1607/1607
f 1608/1608/1608 1604/1604/1604 1606/1606/1606
f 1605/1605/1605 1609/1609/1609 1607/1607/1607
f 1610/1610/1610 1608/1608/1608 1606/1606/1606
f 1607/1607/1607 1609/1609/1609 1610/1610/1610
f 1609/1609/1609 1608/1608/1608 1610/1610/1610
