g Castle Center lvll3 Final
v -1.453401 1.0190061 4.993962
v -1.453401 0.7801143 4.993962
v -1.453401 0.7801143 5.242369
v -1.453401 1.0190061 5.242369
v -1.453401 -1.011681 4.9642634
v -1.453401 -0.7727891 4.9642634
v -4.3349857 -0.7727889 4.9642634
v -4.3349857 -1.0116807 4.9642634
v -1.453401 0.22574669 5.340441
v -4.3349857 0.22574715 5.340441
v -4.3349857 0.22574715 5.5888486
v -1.453401 0.22574669 5.5888486
v -4.3349857 0.22574715 5.5888486
v -4.3349857 0.46463898 5.5888486
v -1.453401 0.46463856 5.5888486
v -1.453401 0.22574669 5.5888486
v -4.3349857 0.22574715 5.340441
v -4.3349857 0.46463898 5.340441
v -4.3349857 0.46463898 5.5888486
v -4.3349857 0.22574715 5.5888486
v -1.453401 0.22574669 5.340441
v -1.453401 0.46463856 5.340441
v -4.3349857 0.46463898 5.340441
v -4.3349857 0.22574715 5.340441
v -4.3349857 -1.0116807 5.212671
v -4.3349857 -0.7727889 5.212671
v -1.453401 -0.7727891 5.212671
v -1.453401 -1.011681 5.212671
v -1.453401 0.7801143 4.993962
v -4.3349853 0.7801149 4.993962
v -4.3349853 0.7801149 5.242369
v -1.453401 0.7801143 5.242369
v -1.453401 0.46463856 5.340441
v -1.453401 0.22574669 5.340441
v -1.453401 0.22574669 5.5888486
v -1.453401 0.46463856 5.5888486
v -4.3349857 0.46463898 5.340441
v -1.453401 0.46463856 5.340441
v -1.453401 0.46463856 5.5888486
v -4.3349857 0.46463898 5.5888486
v -4.3349857 -1.0116807 4.9642634
v -4.3349857 -0.7727889 4.9642634
v -4.3349857 -0.7727889 5.212671
v -4.3349857 -1.0116807 5.212671
v -1.453401 -0.23822045 5.330542
v -1.453401 -0.47711232 5.330542
v -1.453401 -0.47711232 5.5789495
v -1.453401 -0.23822045 5.5789495
v -4.3349857 -0.23822 5.330542
v -1.453401 -0.23822045 5.330542
v -1.453401 -0.23822045 5.5789495
v -4.3349857 -0.23822 5.5789495
v -1.453401 -1.011681 4.9642634
v -4.3349857 -1.0116807 4.9642634
v -4.3349857 -1.0116807 5.212671
v -1.453401 -1.011681 5.212671
v -1.453401 -0.47711232 5.330542
v -1.453401 -0.23822045 5.330542
v -4.3349857 -0.23822 5.330542
v -4.3349857 -0.47711185 5.330542
v -1.453401 -0.7727891 4.9642634
v -1.453401 -1.011681 4.9642634
v -1.453401 -1.011681 5.212671
v -1.453401 -0.7727891 5.212671
v -1.453401 -0.47711232 5.330542
v -4.3349857 -0.47711185 5.330542
v -4.3349857 -0.47711185 5.5789495
v -1.453401 -0.47711232 5.5789495
v -4.3349857 -0.7727889 4.9642634
v -1.453401 -0.7727891 4.9642634
v -1.453401 -0.7727891 5.212671
v -4.3349857 -0.7727889 5.212671
v -4.3349857 -0.47711185 5.330542
v -4.3349857 -0.23822 5.330542
v -4.3349857 -0.23822 5.5789495
v -4.3349857 -0.47711185 5.5789495
v -4.3349857 -0.47711185 5.5789495
v -4.3349857 -0.23822 5.5789495
v -1.453401 -0.23822045 5.5789495
v -1.453401 -0.47711232 5.5789495
v -0.94965947 -1.5827693 -0.001825553
v -1.5827657 -1.5827693 -0.001825553
v -1.5827657 -1.5827693 8.937685
v -0.94965947 -1.5827693 8.937685
v -0.31655318 -1.5827693 -0.001825553
v -0.94965947 -1.5827693 9.491091
v -1.5827657 -1.5827693 9.491091
v -0.31655318 -1.5827693 8.937685
v 0.31655318 -1.5827693 -0.001825553
v 0.31655318 -1.5827693 8.937685
v 0.94965947 -1.5827693 -0.001825553
v 0.31655318 -1.5827693 9.491091
v -0.31655318 -1.5827693 9.491091
v 0.94965947 -1.5827693 8.937685
v 1.5827657 -1.5827693 -0.001825553
v 1.5827657 -1.5827693 8.937685
v 1.5827657 -1.5827693 9.491091
v 0.94965947 -1.5827693 9.491091
v 0.94965947 1.5827621 -0.001825553
v 1.5827657 1.5827621 -0.001825553
v 1.5827657 1.5827621 8.937685
v 0.94965947 1.5827621 8.937685
v 0.31655318 1.5827621 -0.001825553
v 0.94965947 1.5827621 9.491091
v 1.5827657 1.5827621 9.491091
v 0.31655318 1.5827621 8.937685
v -0.31655318 1.5827621 -0.001825553
v -0.31655318 1.5827621 8.937685
v -0.94965947 1.5827621 -0.001825553
v -0.31655318 1.5827621 9.491091
v 0.31655318 1.5827621 9.491091
v -0.94965947 1.5827621 8.937685
v -1.5827657 1.5827621 -0.001825553
v -1.5827657 1.5827621 8.937685
v -1.5827657 1.5827621 9.491091
v -0.94965947 1.5827621 9.491091
v -1.5827657 0.94965583 -0.001825553
v -1.5827657 1.5827621 -0.001825553
v -1.5827657 1.5827621 8.937685
v -1.5827657 0.94965583 8.937685
v -1.5827657 0.31654957 -0.001825553
v -1.5827657 0.94965583 9.491091
v -1.5827657 1.5827621 9.491091
v -1.5827657 0.31654957 8.937685
v -1.5827657 -0.31655672 -0.001825553
v -1.5827657 -0.31655672 8.937685
v -1.5827657 -0.94966304 -0.001825553
v -1.5827657 -0.31655672 9.491091
v -1.5827657 0.31654957 9.491091
v -1.5827657 -0.94966304 8.937685
v -1.5827657 -1.5827693 -0.001825553
v -1.5827657 -1.5827693 8.937685
v -1.5827657 -1.5827693 9.491091
v -1.5827657 -0.94966304 9.491091
v 1.5827657 -0.94966304 -0.001825553
v 1.5827657 -1.5827693 -0.001825553
v 1.5827657 -1.5827693 8.937685
v 1.5827657 -0.94966304 8.937685
v 1.5827657 -0.31655672 -0.001825553
v 1.5827657 -0.94966304 9.491091
v 1.5827657 -1.5827693 9.491091
v 1.5827657 -0.31655672 8.937685
v 1.5827657 0.31654957 -0.001825553
v 1.5827657 0.31654957 8.937685
v 1.5827657 0.94965583 -0.001825553
v 1.5827657 0.94965583 8.937685
v 1.5827657 1.5827621 -0.001825553
v 1.5827657 1.5827621 8.937685
v 1.5827657 1.5827621 9.491091
v 1.5827657 0.94965583 9.491091
v 1.5827657 0.31654957 9.491091
v -4.350373 -1.2512226 0.0015902582
v -4.3503723 0.0027774158 5.5604234
v -4.350373 -1.2512226 4.7598014
v -4.3503723 0.0027774158 0.0015902582
v -4.3503723 1.2567774 4.7598014
v -4.3503723 1.2567774 0.0015902582
v -1.4815291 0.0027768326 0.0015902582
v -1.4815296 -1.2512233 0.0015902582
v -1.4815296 -1.2512233 4.7598014
v -1.4815291 0.0027768326 5.5604234
v -1.4815291 1.2567768 0.0015902582
v -1.4815291 1.2567768 4.7598014
v 0.6036721 4.4607744 5.1601124
v -0.023327898 4.6802664 5.560424
v -0.023327898 4.4607744 5.5604234
v 0.60367215 4.6802664 5.1601124
v 1.230672 4.4607744 4.7598014
v 1.2306721 4.6802664 4.7598014
v -1.4815291 0.0027768326 0.0015902582
v -4.350373 -1.2512226 0.0015902582
v -1.4815296 -1.2512233 0.0015902582
v -4.3503723 0.0027774158 0.0015902582
v -1.4815291 1.2567768 0.0015902582
v -4.3503723 1.2567774 0.0015902582
v -4.350373 -1.2512226 4.7598014
v -1.4815296 -1.3517367 4.9172335
v -1.4815296 -1.2512233 4.7598014
v -4.350373 -1.351736 4.9172335
v -4.562564 -1.3517358 4.9172335
v -4.562564 -1.2512226 4.7598014
v -1.4815296 -1.2512233 0.0015902582
v -4.350373 -1.2512226 0.0015902582
v -4.350373 -1.2512226 4.7598014
v -1.4815296 -1.2512233 4.7598014
v -4.3503723 1.2567774 0.0015902582
v -1.4815291 1.2567768 0.0015902582
v -1.4815291 1.2567768 4.7598014
v -4.3503723 1.2567774 4.7598014
v 4.4346576 -1.2571408 0.0015902582
v 1.5658144 -1.2571406 0.0015902582
v 1.5658144 -1.2571406 4.7598014
v 4.4346576 -1.2571408 4.7598014
v 1.5658145 -0.003140603 0.0015902582
v 1.5658149 1.2508594 0.0015902582
v 1.5658149 1.2508594 4.7598014
v 1.5658145 -0.003140603 5.5604234
v 1.5658144 -1.2571406 0.0015902582
v 1.5658144 -1.2571406 4.7598014
v 1.5658149 1.2508594 0.0015902582
v 4.434658 1.2508593 0.0015902582
v 4.434658 1.2508593 4.7598014
v 1.5658149 1.2508594 4.7598014
v 4.434658 -0.0031407527 0.0015902582
v 4.4346576 -1.2571408 0.0015902582
v 4.4346576 -1.2571408 4.7598014
v 4.434658 -0.0031407527 5.5604234
v 4.434658 1.2508593 0.0015902582
v 4.434658 1.2508593 4.7598014
v 1.5658145 -0.003140603 0.0015902582
v 4.434658 1.2508593 0.0015902582
v 1.5658149 1.2508594 0.0015902582
v 4.434658 -0.0031407527 0.0015902582
v 1.5658144 -1.2571406 0.0015902582
v 4.4346576 -1.2571408 0.0015902582
v 4.434658 -0.0031407443 5.747206
v 4.602412 -0.0031407701 5.747206
v 4.6024117 -1.3576541 4.9172335
v 4.4346576 -1.3576541 4.9172335
v -1.2832438 -1.5751641 4.7598014
v -1.3837571 -1.5751641 4.9172335
v -1.3837576 -4.4440074 4.9172335
v -1.2832443 -4.4440074 4.7598014
v -1.2832441 -4.6987743 4.7598014
v -1.3837576 -4.6987743 4.9172335
v 0.6968621 -1.1614404 8.937685
v 0.6968621 -1.1614404 9.491091
v 0.94965947 -1.5827693 9.491091
v 0.94965947 -1.5827693 8.937685
v -0.6968621 -1.1614404 8.937685
v -0.6968621 -1.1614404 9.491091
v -1.1614368 -1.1614404 9.491091
v -1.1614368 -1.1614404 8.937685
v -0.6968621 -1.1614404 8.018003
v -1.1614368 -1.1614404 8.018003
v -0.23228738 -1.1614404 8.018003
v -0.23228738 -1.1614404 8.937685
v 0.23228738 -1.1614404 8.018003
v 0.23228738 -1.1614404 8.937685
v -0.23228738 -1.1614404 9.491091
v 0.23228738 -1.1614404 9.491091
v 0.6968621 -1.1614404 8.018003
v 0.6968621 -1.1614404 8.937685
v 1.1614368 -1.1614404 8.018003
v 1.1614368 -1.1614404 8.937685
v 0.6968621 -1.1614404 9.491091
v 1.1614368 -1.1614404 9.491091
v 1.5827657 -0.94966304 8.937685
v 1.5827657 -0.94966304 9.491091
v 1.1614368 -0.69686574 9.491091
v 1.1614368 -0.69686574 8.937685
v 1.1614368 -1.1614404 8.937685
v 1.1614368 -1.1614404 8.018003
v 1.1614368 -0.69686574 8.018003
v 1.1614368 -0.69686574 8.937685
v 1.1614368 -1.1614404 9.491091
v 1.1614368 -0.69686574 9.491091
v 1.1614368 -0.23229098 8.018003
v 1.1614368 -0.23229098 8.937685
v 1.1614368 0.2322838 8.018003
v 1.1614368 0.2322838 8.937685
v 1.1614368 0.6968585 8.018003
v 1.1614368 0.6968585 8.937685
v 1.1614368 0.2322838 9.491091
v 1.1614368 1.1614332 8.018003
v 1.1614368 0.6968585 9.491091
v 1.1614368 1.1614332 8.937685
v 1.1614368 1.1614332 9.491091
v -1.1614368 1.1614332 8.937685
v -1.1614368 1.1614332 8.018003
v -1.1614368 0.6968585 8.018003
v -1.1614368 0.6968585 8.937685
v -1.1614368 1.1614332 9.491091
v -1.1614368 0.6968585 9.491091
v -1.1614368 0.2322838 8.018003
v -1.1614368 0.2322838 8.937685
v -1.1614368 -0.23229098 8.018003
v -1.1614368 -0.23229098 8.937685
v -1.1614368 0.2322838 9.491091
v -1.1614368 -0.23229098 9.491091
v -1.1614368 -0.69686574 8.018003
v -1.1614368 -0.69686574 8.937685
v -1.1614368 -1.1614404 8.018003
v -1.1614368 -1.1614404 8.937685
v -1.1614368 -0.69686574 9.491091
v -1.1614368 -1.1614404 9.491091
v -0.6968621 1.1614332 8.018003
v -1.1614368 0.6968585 8.018003
v -1.1614368 1.1614332 8.018003
v -0.6968621 0.6968585 8.018003
v -0.23228738 1.1614332 8.018003
v -1.1614368 0.2322838 8.018003
v -0.23228738 0.6968585 8.018003
v 0.23228738 1.1614332 8.018003
v -0.6968621 0.2322838 8.018003
v -1.1614368 -0.23229098 8.018003
v 0.23228738 0.6968585 8.018003
v 0.6968621 1.1614332 8.018003
v -0.6968621 -0.23229098 8.018003
v -1.1614368 -0.69686574 8.018003
v -0.23228738 0.2322838 8.018003
v 0.6968621 0.6968585 8.018003
v 1.1614368 1.1614332 8.018003
v 1.1614368 0.6968585 8.018003
v -0.6968621 -0.69686574 8.018003
v -1.1614368 -1.1614404 8.018003
v -0.6968621 -1.1614404 8.018003
v -0.23228738 -0.23229098 8.018003
v 0.23228738 0.2322838 8.018003
v 0.6968621 0.2322838 8.018003
v 1.1614368 0.2322838 8.018003
v -0.23228738 -0.69686574 8.018003
v -0.23228738 -1.1614404 8.018003
v 0.23228738 -0.23229098 8.018003
v 0.6968621 -0.23229098 8.018003
v 1.1614368 -0.23229098 8.018003
v 0.23228738 -0.69686574 8.018003
v 0.23228738 -1.1614404 8.018003
v 0.6968621 -0.69686574 8.018003
v 1.1614368 -0.69686574 8.018003
v 0.6968621 -1.1614404 8.018003
v 1.1614368 -1.1614404 8.018003
v 0.94965947 1.5827621 8.937685
v 0.94965947 1.5827621 9.491091
v 0.6968621 1.1614332 9.491091
v 0.6968621 1.1614332 8.937685
v -1.1614368 -0.69686574 8.937685
v -1.5827657 -0.94966304 8.937685
v -1.5827657 -0.31655672 8.937685
v -1.1614368 -0.23229098 8.937685
v -1.1614368 0.2322838 8.937685
v -1.5827657 0.31654957 8.937685
v -1.5827657 0.94965583 8.937685
v -1.1614368 0.6968585 8.937685
v 0.23228738 1.1614332 8.937685
v 0.23228738 1.1614332 9.491091
v 0.31655318 1.5827621 9.491091
v 0.31655318 1.5827621 8.937685
v 1.1614368 0.2322838 8.937685
v 1.1614368 0.2322838 9.491091
v 1.5827657 0.31654957 9.491091
v 1.5827657 0.31654957 8.937685
v 1.1614368 0.2322838 8.937685
v 1.5827657 0.31654957 8.937685
v 1.5827657 -0.31655672 8.937685
v 1.1614368 -0.23229098 8.937685
v 1.5827657 -0.94966304 8.937685
v 1.1614368 -0.69686574 8.937685
v 0.94965947 1.5827621 -0.001825553
v 1.5827657 0.94965583 -0.001825553
v 1.5827657 1.5827621 -0.001825553
v 0.94965947 0.94965583 -0.001825553
v 0.31655318 1.5827621 -0.001825553
v 1.5827657 0.31654957 -0.001825553
v 0.31655318 0.94965583 -0.001825553
v -0.31655318 1.5827621 -0.001825553
v 0.94965947 0.31654957 -0.001825553
v 1.5827657 -0.31655672 -0.001825553
v -0.31655318 0.94965583 -0.001825553
v -0.94965947 1.5827621 -0.001825553
v 0.94965947 -0.31655672 -0.001825553
v 1.5827657 -0.94966304 -0.001825553
v 0.31655318 0.31654957 -0.001825553
v -0.94965947 0.94965583 -0.001825553
v -1.5827657 1.5827621 -0.001825553
v -1.5827657 0.94965583 -0.001825553
v 0.94965947 -0.94966304 -0.001825553
v 1.5827657 -1.5827693 -0.001825553
v 0.94965947 -1.5827693 -0.001825553
v 0.31655318 -0.31655672 -0.001825553
v -0.31655318 0.31654957 -0.001825553
v -0.94965947 0.31654957 -0.001825553
v -1.5827657 0.31654957 -0.001825553
v 0.31655318 -0.94966304 -0.001825553
v 0.31655318 -1.5827693 -0.001825553
v -0.31655318 -0.31655672 -0.001825553
v -0.94965947 -0.31655672 -0.001825553
v -1.5827657 -0.31655672 -0.001825553
v -0.31655318 -0.94966304 -0.001825553
v -0.31655318 -1.5827693 -0.001825553
v -0.94965947 -0.94966304 -0.001825553
v -1.5827657 -0.94966304 -0.001825553
v -0.94965947 -1.5827693 -0.001825553
v -1.5827657 -1.5827693 -0.001825553
v -0.6968621 1.1614332 8.937685
v -0.94965947 1.5827621 8.937685
v -0.31655318 1.5827621 8.937685
v -0.23228738 1.1614332 8.937685
v -0.31655318 1.5827621 8.937685
v -0.31655318 1.5827621 9.491091
v -0.23228738 1.1614332 9.491091
v -0.23228738 1.1614332 8.937685
v 0.23228738 1.1614332 8.937685
v 0.31655318 1.5827621 8.937685
v 0.94965947 1.5827621 8.937685
v 0.6968621 1.1614332 8.937685
v 0.6968621 -1.1614404 8.937685
v 0.94965947 -1.5827693 8.937685
v 0.31655318 -1.5827693 8.937685
v 0.23228738 -1.1614404 8.937685
v -0.23228738 -1.1614404 8.937685
v -0.31655318 -1.5827693 8.937685
v -0.94965947 -1.5827693 8.937685
v -0.6968621 -1.1614404 8.937685
v 1.1614368 1.1614332 8.937685
v 1.1614368 1.1614332 8.018003
v 0.6968621 1.1614332 8.018003
v 0.6968621 1.1614332 8.937685
v 1.1614368 1.1614332 9.491091
v 0.6968621 1.1614332 9.491091
v 0.23228738 1.1614332 8.018003
v 0.23228738 1.1614332 8.937685
v -0.23228738 1.1614332 8.018003
v -0.23228738 1.1614332 8.937685
v 0.23228738 1.1614332 9.491091
v -0.23228738 1.1614332 9.491091
v -0.6968621 1.1614332 8.018003
v -0.6968621 1.1614332 8.937685
v -1.1614368 1.1614332 8.018003
v -1.1614368 1.1614332 8.937685
v -0.6968621 1.1614332 9.491091
v -1.1614368 1.1614332 9.491091
v -0.6968621 -1.1614404 9.491091
v -0.94965947 -1.5827693 9.491091
v -1.5827657 -1.5827693 9.491091
v -1.1614368 -1.1614404 9.491091
v -1.5827657 -0.94966304 9.491091
v -1.1614368 -0.69686574 9.491091
v 1.1614368 -0.69686574 9.491091
v 1.5827657 -0.94966304 9.491091
v 1.5827657 -1.5827693 9.491091
v 1.1614368 -1.1614404 9.491091
v 0.94965947 -1.5827693 9.491091
v 0.6968621 -1.1614404 9.491091
v 0.6968621 1.1614332 9.491091
v 0.94965947 1.5827621 9.491091
v 1.5827657 1.5827621 9.491091
v 1.1614368 1.1614332 9.491091
v 1.5827657 0.94965583 9.491091
v 1.1614368 0.6968585 9.491091
v 1.5827657 0.31654957 9.491091
v 1.1614368 0.2322838 9.491091
v -1.1614368 0.6968585 9.491091
v -1.5827657 0.94965583 9.491091
v -1.5827657 1.5827621 9.491091
v -1.1614368 1.1614332 9.491091
v -0.94965947 1.5827621 9.491091
v -0.6968621 1.1614332 9.491091
v -1.1614368 -0.23229098 9.491091
v -1.5827657 -0.31655672 9.491091
v -1.5827657 0.31654957 9.491091
v -1.1614368 0.2322838 9.491091
v -0.23228738 1.1614332 9.491091
v -0.31655318 1.5827621 9.491091
v 0.31655318 1.5827621 9.491091
v 0.23228738 1.1614332 9.491091
v 0.23228738 -1.1614404 9.491091
v 0.31655318 -1.5827693 9.491091
v -0.31655318 -1.5827693 9.491091
v -0.23228738 -1.1614404 9.491091
v 0.31655318 -1.5827693 8.937685
v 0.31655318 -1.5827693 9.491091
v 0.23228738 -1.1614404 9.491091
v 0.23228738 -1.1614404 8.937685
v -0.23228738 -1.1614404 8.937685
v -0.23228738 -1.1614404 9.491091
v -0.31655318 -1.5827693 9.491091
v -0.31655318 -1.5827693 8.937685
v -0.94965947 -1.5827693 8.937685
v -0.94965947 -1.5827693 9.491091
v -0.6968621 -1.1614404 9.491091
v -0.6968621 -1.1614404 8.937685
v -1.1614368 -0.69686574 8.937685
v -1.1614368 -0.69686574 9.491091
v -1.5827657 -0.94966304 9.491091
v -1.5827657 -0.94966304 8.937685
v -1.5827657 -0.31655672 8.937685
v -1.5827657 -0.31655672 9.491091
v -1.1614368 -0.23229098 9.491091
v -1.1614368 -0.23229098 8.937685
v -1.1614368 0.2322838 8.937685
v -1.1614368 0.2322838 9.491091
v -1.5827657 0.31654957 9.491091
v -1.5827657 0.31654957 8.937685
v -1.5827657 0.94965583 8.937685
v -1.5827657 0.94965583 9.491091
v -1.1614368 0.6968585 9.491091
v -1.1614368 0.6968585 8.937685
v -0.6968621 1.1614332 8.937685
v -0.6968621 1.1614332 9.491091
v -0.94965947 1.5827621 9.491091
v -0.94965947 1.5827621 8.937685
v -0.7213063 -0.43083155 12.339792
v -0.6330047 -0.3738217 12.986368
v -0.7213063 -0.43083155 12.986368
v -0.6330047 -0.3738217 12.339792
v -0.7213063 -0.43083155 8.008999
v -0.6330047 -0.3738217 8.008999
v -0.6330047 -0.3738217 12.339792
v -0.5759949 -0.4621233 12.986368
v -0.6330047 -0.3738217 12.986368
v -0.5759949 -0.4621233 12.339792
v -0.6330047 -0.3738217 8.008999
v -0.5759949 -0.4621233 8.008999
v -0.6642965 -0.5191331 12.339792
v 0.5585606 -2.3370023 11.7525215
v 0.5774184 -2.3248272 11.7525215
v -0.5759949 -0.4621233 12.339792
v -0.6642965 -0.5191331 12.339792
v -0.7213063 -0.43083155 12.986368
v -0.6642965 -0.5191331 12.986368
v -0.7213063 -0.43083155 12.339792
v -0.6642965 -0.5191331 8.008999
v -0.7213063 -0.43083155 8.008999
v -0.6330047 -0.3738217 8.008999
v -0.7213063 -0.43083155 8.008999
v -0.6642965 -0.5191331 8.008999
v -0.5759949 -0.4621233 8.008999
v -0.5759949 -0.4621233 12.986368
v -0.6642965 -0.5191331 12.986368
v -0.7213063 -0.43083155 12.986368
v -0.6330047 -0.3738217 12.986368
v -0.5759949 -0.4621233 8.008999
v -0.6642965 -0.5191331 8.008999
v -0.6642965 -0.5191331 12.339792
v -0.5759949 -0.4621233 12.339792
v 0.5585606 -2.3370023 11.890606
v 0.5850335 -2.3780057 11.890606
v 0.5850335 -2.3780057 11.7525215
v 0.5585606 -2.3370023 11.7525215
v -0.6642965 -0.5191331 12.986368
v -0.6642965 -0.5191331 12.339792
v -0.5759949 -0.4621233 12.339792
v 0.5774184 -2.3248272 11.890606
v -0.5759949 -0.4621233 12.986368
v 0.5774184 -2.3248272 11.7525215
v 0.60389125 -2.3658307 11.890606
v 0.60389125 -2.3658307 11.7525215
v -0.5759949 -0.4621233 12.986368
v 0.5774184 -2.3248272 11.890606
v 0.5585606 -2.3370023 11.890606
v -0.6642965 -0.5191331 12.986368
v 0.60389125 -2.3658307 11.7525215
v 0.5850335 -2.3780057 11.7525215
v 0.5850335 -2.3780057 11.890606
v 0.60389125 -2.3658307 11.890606
v 0.5774184 -2.3248272 11.890606
v 0.60389125 -2.3658307 11.890606
v 0.5850335 -2.3780057 11.890606
v 0.5585606 -2.3370023 11.890606
v 0.5585606 -2.3370023 11.7525215
v 0.5850335 -2.3780057 11.7525215
v 0.60389125 -2.3658307 11.7525215
v 0.5774184 -2.3248272 11.7525215
v -3.7650275 3.4588172 2.861023E-06
v -3.7650275 3.9082654 2.861023E-06
v -3.7650275 3.9082654 3.6674252
v -3.7650275 3.4588172 3.6674252
v -3.7650275 3.0093699 2.861023E-06
v -3.7650275 3.4588172 4.1561275
v -3.7650275 3.9082654 4.1561275
v -3.7650275 3.0093699 3.6674252
v -3.7650275 2.5599222 2.861023E-06
v -3.7650275 2.5599222 3.6674252
v -3.7650275 2.110475 2.861023E-06
v -3.7650275 2.110475 3.6674252
v -3.7650275 1.6610273 2.861023E-06
v -3.7650275 1.6610277 3.6674252
v -3.7650275 1.2115798 2.861023E-06
v -3.7650275 1.6610277 4.1561275
v -3.7650275 2.110475 4.1561275
v -3.7650275 1.2115799 3.6674252
v -3.7650275 0.76213247 2.861023E-06
v -3.7650275 0.76213247 3.6674252
v -3.7650275 3.9082654 2.861023E-06
v -3.329261 3.9082654 2.861023E-06
v -3.329261 3.9082654 3.6674252
v -3.7650275 3.9082654 3.6674252
v -3.329261 1.2115799 2.861023E-06
v -3.329261 0.76213247 2.861023E-06
v -3.329261 0.76213247 3.6674252
v -3.329261 1.2115798 3.6674252
v -3.329261 1.6610277 2.861023E-06
v -3.329261 1.6610273 3.6674252
v -3.329261 2.110475 2.861023E-06
v -3.329261 2.110475 3.6674252
v -3.329261 2.5599222 2.861023E-06
v -3.329261 2.5599222 3.6674252
v -3.329261 3.0093699 2.861023E-06
v -3.329261 3.0093699 3.6674252
v -3.329261 3.4588172 2.861023E-06
v -3.329261 3.4588172 3.6674252
v -3.329261 3.9082654 2.861023E-06
v -3.329261 3.9082654 3.6674252
v -3.329261 3.9082654 4.1561275
v -3.329261 3.4588172 4.1561275
v -3.329261 0.76213247 2.861023E-06
v -3.7650275 0.76213247 2.861023E-06
v -3.7650275 0.76213247 3.6674252
v -3.329261 0.76213247 3.6674252
v -3.7650275 1.2115798 2.861023E-06
v -3.7650275 0.76213247 2.861023E-06
v -3.329261 0.76213247 2.861023E-06
v -3.329261 1.2115799 2.861023E-06
v -3.7650275 1.6610273 2.861023E-06
v -3.329261 1.6610277 2.861023E-06
v -3.7650275 2.110475 2.861023E-06
v -3.329261 2.110475 2.861023E-06
v -3.7650275 2.5599222 2.861023E-06
v -3.329261 2.5599222 2.861023E-06
v -3.7650275 3.0093699 2.861023E-06
v -3.329261 3.0093699 2.861023E-06
v -3.7650275 3.4588172 2.861023E-06
v -3.329261 3.4588172 2.861023E-06
v -3.7650275 3.9082654 2.861023E-06
v -3.329261 3.9082654 2.861023E-06
v -3.7650275 3.4588172 3.6674252
v -3.7650275 3.4588172 4.1561275
v -3.329261 3.4588172 4.1561275
v -3.329261 3.4588172 3.6674252
v -3.329261 3.4588172 3.6674252
v -3.329261 3.0093699 3.6674252
v -3.7650275 3.0093699 3.6674252
v -3.7650275 3.4588172 3.6674252
v -3.329261 3.9082654 3.6674252
v -3.329261 3.9082654 4.1561275
v -3.7650275 3.9082654 4.1561275
v -3.7650275 3.9082654 3.6674252
v -3.329261 2.5599222 3.6674252
v -3.329261 2.110475 3.6674252
v -3.7650275 2.110475 3.6674252
v -3.7650275 2.5599222 3.6674252
v -3.329261 1.6610273 3.6674252
v -3.329261 1.6610273 4.1561275
v -3.329261 2.110475 4.1561275
v -3.329261 2.110475 3.6674252
v -3.329261 1.6610273 3.6674252
v -3.329261 1.2115798 3.6674252
v -3.7650275 1.2115799 3.6674252
v -3.7650275 1.6610277 3.6674252
v -3.329261 1.2115798 4.1561275
v -3.329261 0.76213247 4.1561275
v -3.7650275 0.76213247 4.1561275
v -3.7650275 1.2115799 4.1561275
v -3.329261 3.9082654 4.1561275
v -3.329261 3.4588172 4.1561275
v -3.7650275 3.4588172 4.1561275
v -3.7650275 3.9082654 4.1561275
v -3.329261 3.0093699 4.1561275
v -3.329261 2.5599222 4.1561275
v -3.7650275 2.5599222 4.1561275
v -3.7650275 3.0093699 4.1561275
v -3.329261 2.110475 4.1561275
v -3.329261 1.6610273 4.1561275
v -3.7650275 1.6610277 4.1561275
v -3.7650275 2.110475 4.1561275
v -3.7650275 3.0093699 3.6674252
v -3.7650275 3.0093699 4.1561275
v -3.7650275 2.5599222 4.1561275
v -3.7650275 2.5599222 3.6674252
v -3.329261 3.0093699 3.6674252
v -3.329261 3.0093699 4.1561275
v -3.7650275 3.0093699 4.1561275
v -3.7650275 3.0093699 3.6674252
v -3.329261 0.76213247 3.6674252
v -3.329261 0.76213247 4.1561275
v -3.329261 1.2115798 4.1561275
v -3.329261 1.2115798 3.6674252
v -3.7650275 2.5599222 3.6674252
v -3.7650275 2.5599222 4.1561275
v -3.329261 2.5599222 4.1561275
v -3.329261 2.5599222 3.6674252
v -3.329261 2.110475 3.6674252
v -3.329261 2.110475 4.1561275
v -3.7650275 2.110475 4.1561275
v -3.7650275 2.110475 3.6674252
v -3.329261 2.5599222 3.6674252
v -3.329261 2.5599222 4.1561275
v -3.329261 3.0093699 4.1561275
v -3.329261 3.0093699 3.6674252
v -3.7650275 1.6610277 3.6674252
v -3.7650275 1.6610277 4.1561275
v -3.329261 1.6610273 4.1561275
v -3.329261 1.6610273 3.6674252
v -3.7650275 1.2115799 3.6674252
v -3.7650275 1.2115799 4.1561275
v -3.7650275 0.76213247 4.1561275
v -3.7650275 0.76213247 3.6674252
v -3.7650275 0.76213247 3.6674252
v -3.7650275 0.76213247 4.1561275
v -3.329261 0.76213247 4.1561275
v -3.329261 0.76213247 3.6674252
v -3.329261 1.2115798 3.6674252
v -3.329261 1.2115798 4.1561275
v -3.7650275 1.2115799 4.1561275
v -3.7650275 1.2115799 3.6674252
v -3.3159544 3.451612 2.861023E-06
v -3.765402 3.451612 2.861023E-06
v -3.765402 3.451612 3.6674252
v -3.3159544 3.451612 3.6674252
v -2.8665068 3.451612 2.861023E-06
v -2.8665068 3.451612 3.6674252
v -2.4170592 3.451612 2.861023E-06
v -2.4170592 3.451612 3.6674252
v -1.967612 3.451612 2.861023E-06
v -1.967612 3.451612 3.6674252
v -1.5181643 3.451612 2.861023E-06
v -1.5181644 3.451612 3.6674252
v -1.0687166 3.451612 2.861023E-06
v -1.0687168 3.451612 3.6674252
v -0.6192694 3.451612 2.861023E-06
v -0.6192694 3.451612 3.6674252
v -3.765402 3.451612 2.861023E-06
v -3.765402 3.8873787 2.861023E-06
v -3.765402 3.8873787 3.6674252
v -3.765402 3.451612 3.6674252
v -3.765402 3.451612 4.1561275
v -3.765402 3.8873787 4.1561275
v -1.0687168 3.8873787 2.861023E-06
v -0.6192694 3.8873787 2.861023E-06
v -0.6192694 3.8873787 3.6674252
v -1.0687166 3.8873787 3.6674252
v -1.5181644 3.8873787 2.861023E-06
v -1.0687166 3.8873787 4.1561275
v -0.6192694 3.8873787 4.1561275
v -1.5181643 3.8873787 3.6674252
v -1.967612 3.8873787 2.861023E-06
v -1.967612 3.8873787 3.6674252
v -2.4170592 3.8873787 2.861023E-06
v -2.4170592 3.8873787 3.6674252
v -2.8665068 3.8873787 2.861023E-06
v -2.8665068 3.8873787 3.6674252
v -3.3159544 3.8873787 2.861023E-06
v -3.3159544 3.8873787 3.6674252
v -3.765402 3.8873787 2.861023E-06
v -3.765402 3.8873787 3.6674252
v -0.6192694 3.8873787 2.861023E-06
v -0.6192694 3.451612 2.861023E-06
v -0.6192694 3.451612 3.6674252
v -0.6192694 3.8873787 3.6674252
v -0.6192694 3.8873787 4.1561275
v -0.6192694 3.451612 4.1561275
v -1.0687166 3.451612 2.861023E-06
v -0.6192694 3.451612 2.861023E-06
v -0.6192694 3.8873787 2.861023E-06
v -1.0687168 3.8873787 2.861023E-06
v -1.5181643 3.451612 2.861023E-06
v -1.5181644 3.8873787 2.861023E-06
v -1.967612 3.451612 2.861023E-06
v -1.967612 3.8873787 2.861023E-06
v -2.4170592 3.451612 2.861023E-06
v -2.4170592 3.8873787 2.861023E-06
v -2.8665068 3.451612 2.861023E-06
v -2.8665068 3.8873787 2.861023E-06
v -3.3159544 3.451612 2.861023E-06
v -3.3159544 3.8873787 2.861023E-06
v -3.765402 3.451612 2.861023E-06
v -3.765402 3.8873787 2.861023E-06
v -3.3159544 3.451612 3.6674252
v -3.3159544 3.451612 4.1561275
v -3.3159544 3.8873787 4.1561275
v -3.3159544 3.8873787 3.6674252
v -1.967612 3.451612 3.6674252
v -1.967612 3.451612 4.1561275
v -1.5181644 3.451612 4.1561275
v -1.5181644 3.451612 3.6674252
v -3.3159544 3.8873787 3.6674252
v -2.8665068 3.8873787 3.6674252
v -2.8665068 3.451612 3.6674252
v -3.3159544 3.451612 3.6674252
v -2.4170592 3.8873787 3.6674252
v -1.967612 3.8873787 3.6674252
v -1.967612 3.451612 3.6674252
v -2.4170592 3.451612 3.6674252
v -1.5181643 3.8873787 3.6674252
v -1.5181643 3.8873787 4.1561275
v -1.967612 3.8873787 4.1561275
v -1.967612 3.8873787 3.6674252
v -1.5181643 3.8873787 3.6674252
v -1.0687166 3.8873787 3.6674252
v -1.0687168 3.451612 3.6674252
v -1.5181644 3.451612 3.6674252
v -1.0687166 3.8873787 4.1561275
v -0.6192694 3.8873787 4.1561275
v -0.6192694 3.451612 4.1561275
v -1.0687168 3.451612 4.1561275
v -3.765402 3.8873787 4.1561275
v -3.3159544 3.8873787 4.1561275
v -3.3159544 3.451612 4.1561275
v -3.765402 3.451612 4.1561275
v -2.8665068 3.8873787 4.1561275
v -2.4170592 3.8873787 4.1561275
v -2.4170592 3.451612 4.1561275
v -2.8665068 3.451612 4.1561275
v -1.967612 3.8873787 4.1561275
v -1.5181643 3.8873787 4.1561275
v -1.5181644 3.451612 4.1561275
v -1.967612 3.451612 4.1561275
v -2.8665068 3.451612 3.6674252
v -2.8665068 3.451612 4.1561275
v -2.4170592 3.451612 4.1561275
v -2.4170592 3.451612 3.6674252
v -2.8665068 3.8873787 3.6674252
v -2.8665068 3.8873787 4.1561275
v -2.8665068 3.451612 4.1561275
v -2.8665068 3.451612 3.6674252
v -3.3159544 3.8873787 3.6674252
v -3.3159544 3.8873787 4.1561275
v -3.765402 3.8873787 4.1561275
v -3.765402 3.8873787 3.6674252
v -2.4170592 3.451612 3.6674252
v -2.4170592 3.451612 4.1561275
v -2.4170592 3.8873787 4.1561275
v -2.4170592 3.8873787 3.6674252
v -1.967612 3.8873787 3.6674252
v -1.967612 3.8873787 4.1561275
v -1.967612 3.451612 4.1561275
v -1.967612 3.451612 3.6674252
v -3.765402 3.451612 3.6674252
v -3.765402 3.451612 4.1561275
v -3.3159544 3.451612 4.1561275
v -3.3159544 3.451612 3.6674252
v -2.4170592 3.8873787 3.6674252
v -2.4170592 3.8873787 4.1561275
v -2.8665068 3.8873787 4.1561275
v -2.8665068 3.8873787 3.6674252
v -1.5181644 3.451612 3.6674252
v -1.5181644 3.451612 4.1561275
v -1.5181643 3.8873787 4.1561275
v -1.5181643 3.8873787 3.6674252
v -1.0687168 3.451612 3.6674252
v -1.0687168 3.451612 4.1561275
v -0.6192694 3.451612 4.1561275
v -0.6192694 3.451612 3.6674252
v -1.0687166 3.8873787 3.6674252
v -1.0687166 3.8873787 4.1561275
v -1.0687168 3.451612 4.1561275
v -1.0687168 3.451612 3.6674252
v -3.2966652 -3.716146 2.861023E-06
v -3.7461126 -3.716146 2.861023E-06
v -3.7461126 -3.716146 3.6674252
v -3.2966652 -3.716146 3.6674252
v -2.8472176 -3.716146 2.861023E-06
v -2.8472176 -3.716146 3.6674252
v -2.39777 -3.716146 2.861023E-06
v -2.39777 -3.716146 3.6674252
v -1.9483225 -3.716146 2.861023E-06
v -1.9483225 -3.716146 3.6674252
v -1.498875 -3.716146 2.861023E-06
v -1.4988754 -3.716146 3.6674252
v -1.0494275 -3.7161467 2.861023E-06
v -1.0494275 -3.7161467 3.6674252
v -0.59998035 -3.7161467 2.861023E-06
v -0.59998035 -3.7161467 3.6674252
v -0.59998035 -3.7161467 4.1561275
v -1.0494275 -3.7161467 4.1561275
v -3.7461126 -3.716146 2.861023E-06
v -3.7461126 -3.2803795 2.861023E-06
v -3.7461126 -3.2803795 3.6674252
v -3.7461126 -3.716146 3.6674252
v -3.7461126 -3.716146 4.1561275
v -3.7461126 -3.2803795 4.1561275
v -1.0494275 -3.2803802 2.861023E-06
v -0.59998035 -3.2803802 2.861023E-06
v -0.59998035 -3.2803802 3.6674252
v -1.0494275 -3.2803802 3.6674252
v -1.4988754 -3.2803795 2.861023E-06
v -1.0494275 -3.2803802 4.1561275
v -0.59998035 -3.2803802 4.1561275
v -1.498875 -3.2803795 3.6674252
v -1.9483225 -3.2803795 2.861023E-06
v -1.9483225 -3.2803795 3.6674252
v -2.39777 -3.2803795 2.861023E-06
v -2.39777 -3.2803795 3.6674252
v -2.8472176 -3.2803795 2.861023E-06
v -2.8472176 -3.2803795 3.6674252
v -3.2966652 -3.2803795 2.861023E-06
v -3.2966652 -3.2803795 3.6674252
v -3.7461126 -3.2803795 2.861023E-06
v -3.7461126 -3.2803795 3.6674252
v -0.59998035 -3.2803802 2.861023E-06
v -0.59998035 -3.7161467 2.861023E-06
v -0.59998035 -3.7161467 3.6674252
v -0.59998035 -3.2803802 3.6674252
v -0.59998035 -3.2803802 4.1561275
v -0.59998035 -3.7161467 4.1561275
v -1.0494275 -3.7161467 2.861023E-06
v -0.59998035 -3.7161467 2.861023E-06
v -0.59998035 -3.2803802 2.861023E-06
v -1.0494275 -3.2803802 2.861023E-06
v -1.498875 -3.716146 2.861023E-06
v -1.4988754 -3.2803795 2.861023E-06
v -1.9483225 -3.716146 2.861023E-06
v -1.9483225 -3.2803795 2.861023E-06
v -2.39777 -3.716146 2.861023E-06
v -2.39777 -3.2803795 2.861023E-06
v -2.8472176 -3.716146 2.861023E-06
v -2.8472176 -3.2803795 2.861023E-06
v -3.2966652 -3.716146 2.861023E-06
v -3.2966652 -3.2803795 2.861023E-06
v -3.7461126 -3.716146 2.861023E-06
v -3.7461126 -3.2803795 2.861023E-06
v -3.2966652 -3.716146 3.6674252
v -3.2966652 -3.716146 4.1561275
v -3.2966652 -3.2803795 4.1561275
v -3.2966652 -3.2803795 3.6674252
v -1.9483225 -3.716146 3.6674252
v -1.9483225 -3.716146 4.1561275
v -1.4988754 -3.716146 4.1561275
v -1.4988754 -3.716146 3.6674252
v -3.2966652 -3.2803795 3.6674252
v -2.8472176 -3.2803795 3.6674252
v -2.8472176 -3.716146 3.6674252
v -3.2966652 -3.716146 3.6674252
v -2.39777 -3.2803795 3.6674252
v -1.9483225 -3.2803795 3.6674252
v -1.9483225 -3.716146 3.6674252
v -2.39777 -3.716146 3.6674252
v -1.498875 -3.2803795 3.6674252
v -1.498875 -3.2803795 4.1561275
v -1.9483225 -3.2803795 4.1561275
v -1.9483225 -3.2803795 3.6674252
v -1.498875 -3.2803795 3.6674252
v -1.0494275 -3.2803802 3.6674252
v -1.0494275 -3.7161467 3.6674252
v -1.4988754 -3.716146 3.6674252
v -1.0494275 -3.2803802 4.1561275
v -0.59998035 -3.2803802 4.1561275
v -0.59998035 -3.7161467 4.1561275
v -1.0494275 -3.7161467 4.1561275
v -3.7461126 -3.2803795 4.1561275
v -3.2966652 -3.2803795 4.1561275
v -3.2966652 -3.716146 4.1561275
v -3.7461126 -3.716146 4.1561275
v -2.8472176 -3.2803795 4.1561275
v -2.39777 -3.2803795 4.1561275
v -2.39777 -3.716146 4.1561275
v -2.8472176 -3.716146 4.1561275
v -1.9483225 -3.2803795 4.1561275
v -1.498875 -3.2803795 4.1561275
v -1.4988754 -3.716146 4.1561275
v -1.9483225 -3.716146 4.1561275
v -2.8472176 -3.716146 3.6674252
v -2.8472176 -3.716146 4.1561275
v -2.39777 -3.716146 4.1561275
v -2.39777 -3.716146 3.6674252
v -2.8472176 -3.2803795 3.6674252
v -2.8472176 -3.2803795 4.1561275
v -2.8472176 -3.716146 4.1561275
v -2.8472176 -3.716146 3.6674252
v -3.2966652 -3.2803795 3.6674252
v -3.2966652 -3.2803795 4.1561275
v -3.7461126 -3.2803795 4.1561275
v -3.7461126 -3.2803795 3.6674252
v -2.39777 -3.716146 3.6674252
v -2.39777 -3.716146 4.1561275
v -2.39777 -3.2803795 4.1561275
v -2.39777 -3.2803795 3.6674252
v -1.9483225 -3.2803795 3.6674252
v -1.9483225 -3.2803795 4.1561275
v -1.9483225 -3.716146 4.1561275
v -1.9483225 -3.716146 3.6674252
v -3.7461126 -3.716146 3.6674252
v -3.7461126 -3.716146 4.1561275
v -3.2966652 -3.716146 4.1561275
v -3.2966652 -3.716146 3.6674252
v -2.39777 -3.2803795 3.6674252
v -2.39777 -3.2803795 4.1561275
v -2.8472176 -3.2803795 4.1561275
v -2.8472176 -3.2803795 3.6674252
v -1.4988754 -3.716146 3.6674252
v -1.4988754 -3.716146 4.1561275
v -1.498875 -3.2803795 4.1561275
v -1.498875 -3.2803795 3.6674252
v -1.0494275 -3.2803802 3.6674252
v -1.0494275 -3.2803802 4.1561275
v -1.0494275 -3.7161467 4.1561275
v -1.0494275 -3.7161467 3.6674252
v -3.2894595 -3.2670734 2.861023E-06
v -3.2894595 -3.7165203 2.861023E-06
v -3.2894595 -3.7165203 3.6674252
v -3.2894595 -3.2670734 3.6674252
v -3.2894595 -2.8176253 2.861023E-06
v -3.2894595 -3.2670734 4.1561275
v -3.2894595 -3.7165203 4.1561275
v -3.2894595 -2.8176253 3.6674252
v -3.2894595 -2.3681781 2.861023E-06
v -3.2894595 -2.3681781 3.6674252
v -3.2894595 -1.9187304 2.861023E-06
v -3.2894595 -2.3681781 4.1561275
v -3.2894595 -2.8176253 4.1561275
v -3.2894595 -1.9187304 3.6674252
v -3.2894595 -1.4692826 2.861023E-06
v -3.2894595 -1.4692829 3.6674252
v -3.2894595 -1.0198351 2.861023E-06
v -3.2894595 -1.0198355 3.6674252
v -3.2894592 -0.57038796 2.861023E-06
v -3.2894592 -0.57038796 3.6674252
v -3.2894595 -3.7165203 2.861023E-06
v -3.7252262 -3.7165203 2.861023E-06
v -3.7252262 -3.7165203 3.6674252
v -3.2894595 -3.7165203 3.6674252
v -3.2894595 -3.7165203 4.1561275
v -3.7252262 -3.7165203 4.1561275
v -3.7252262 -1.0198355 2.861023E-06
v -3.7252262 -0.57038796 2.861023E-06
v -3.7252262 -0.57038796 3.6674252
v -3.7252262 -1.0198351 3.6674252
v -3.7252262 -1.4692829 2.861023E-06
v -3.7252262 -1.4692826 3.6674252
v -3.7252262 -1.9187304 2.861023E-06
v -3.7252262 -1.9187304 3.6674252
v -3.7252262 -2.3681781 2.861023E-06
v -3.7252262 -2.3681781 3.6674252
v -3.7252262 -2.8176253 2.861023E-06
v -3.7252262 -2.8176253 3.6674252
v -3.7252262 -3.2670734 2.861023E-06
v -3.7252262 -2.8176253 4.1561275
v -3.7252262 -2.3681781 4.1561275
v -3.7252262 -3.2670734 3.6674252
v -3.7252262 -3.7165203 2.861023E-06
v -3.7252262 -3.7165203 3.6674252
v -3.7252262 -3.7165203 4.1561275
v -3.7252262 -3.2670734 4.1561275
v -3.7252262 -0.57038796 2.861023E-06
v -3.2894592 -0.57038796 2.861023E-06
v -3.2894592 -0.57038796 3.6674252
v -3.7252262 -0.57038796 3.6674252
v -3.7252262 -0.57038796 4.1561275
v -3.2894592 -0.57038796 4.1561275
v -3.2894595 -1.0198351 2.861023E-06
v -3.2894592 -0.57038796 2.861023E-06
v -3.7252262 -0.57038796 2.861023E-06
v -3.7252262 -1.0198355 2.861023E-06
v -3.2894595 -1.4692826 2.861023E-06
v -3.7252262 -1.4692829 2.861023E-06
v -3.2894595 -1.9187304 2.861023E-06
v -3.7252262 -1.9187304 2.861023E-06
v -3.2894595 -2.3681781 2.861023E-06
v -3.7252262 -2.3681781 2.861023E-06
v -3.2894595 -2.8176253 2.861023E-06
v -3.7252262 -2.8176253 2.861023E-06
v -3.2894595 -3.2670734 2.861023E-06
v -3.7252262 -3.2670734 2.861023E-06
v -3.2894595 -3.7165203 2.861023E-06
v -3.7252262 -3.7165203 2.861023E-06
v -3.2894595 -3.2670734 3.6674252
v -3.2894595 -3.2670734 4.1561275
v -3.7252262 -3.2670734 4.1561275
v -3.7252262 -3.2670734 3.6674252
v -3.2894595 -1.9187304 3.6674252
v -3.2894595 -1.9187304 4.1561275
v -3.2894595 -1.4692829 4.1561275
v -3.2894595 -1.4692829 3.6674252
v -3.7252262 -3.2670734 3.6674252
v -3.7252262 -2.8176253 3.6674252
v -3.2894595 -2.8176253 3.6674252
v -3.2894595 -3.2670734 3.6674252
v -3.7252262 -2.3681781 3.6674252
v -3.7252262 -1.9187304 3.6674252
v -3.2894595 -1.9187304 3.6674252
v -3.2894595 -2.3681781 3.6674252
v -3.7252262 -1.4692826 3.6674252
v -3.7252262 -1.4692826 4.1561275
v -3.7252262 -1.9187304 4.1561275
v -3.7252262 -1.9187304 3.6674252
v -3.7252262 -1.4692826 3.6674252
v -3.7252262 -1.0198351 3.6674252
v -3.2894595 -1.0198355 3.6674252
v -3.2894595 -1.4692829 3.6674252
v -3.7252262 -1.0198351 4.1561275
v -3.7252262 -0.57038796 4.1561275
v -3.2894592 -0.57038796 4.1561275
v -3.2894595 -1.0198355 4.1561275
v -3.7252262 -3.7165203 4.1561275
v -3.7252262 -3.2670734 4.1561275
v -3.2894595 -3.2670734 4.1561275
v -3.2894595 -3.7165203 4.1561275
v -3.7252262 -2.8176253 4.1561275
v -3.7252262 -2.3681781 4.1561275
v -3.2894595 -2.3681781 4.1561275
v -3.2894595 -2.8176253 4.1561275
v -3.7252262 -1.9187304 4.1561275
v -3.7252262 -1.4692826 4.1561275
v -3.2894595 -1.4692829 4.1561275
v -3.2894595 -1.9187304 4.1561275
v -3.7252262 -2.8176253 3.6674252
v -3.7252262 -2.8176253 4.1561275
v -3.2894595 -2.8176253 4.1561275
v -3.2894595 -2.8176253 3.6674252
v -3.7252262 -0.57038796 3.6674252
v -3.7252262 -0.57038796 4.1561275
v -3.7252262 -1.0198351 4.1561275
v -3.7252262 -1.0198351 3.6674252
v -3.2894595 -2.3681781 3.6674252
v -3.2894595 -2.3681781 4.1561275
v -3.7252262 -2.3681781 4.1561275
v -3.7252262 -2.3681781 3.6674252
v -3.7252262 -1.9187304 3.6674252
v -3.7252262 -1.9187304 4.1561275
v -3.2894595 -1.9187304 4.1561275
v -3.2894595 -1.9187304 3.6674252
v -3.2894595 -1.4692829 3.6674252
v -3.2894595 -1.4692829 4.1561275
v -3.7252262 -1.4692826 4.1561275
v -3.7252262 -1.4692826 3.6674252
v -3.2894595 -1.0198355 3.6674252
v -3.2894595 -1.0198355 4.1561275
v -3.2894592 -0.57038796 4.1561275
v -3.2894592 -0.57038796 3.6674252
v -3.7252262 -1.0198351 3.6674252
v -3.7252262 -1.0198351 4.1561275
v -3.2894595 -1.0198355 4.1561275
v -3.2894595 -1.0198355 3.6674252
v 3.9670062 -3.2477376 2.861023E-06
v 3.9670062 -3.697185 2.861023E-06
v 3.9670062 -3.697185 3.6674252
v 3.9670062 -3.2477376 3.6674252
v 3.9670062 -2.79829 2.861023E-06
v 3.9670062 -2.79829 3.6674252
v 3.9670062 -2.3488424 2.861023E-06
v 3.9670062 -2.3488424 3.6674252
v 3.9670062 -1.8993949 2.861023E-06
v 3.9670062 -1.8993949 3.6674252
v 3.9670062 -1.4499475 2.861023E-06
v 3.9670062 -1.4499478 3.6674252
v 3.9670072 -1.0004998 2.861023E-06
v 3.9670062 -1.4499478 4.1561275
v 3.9670062 -1.8993949 4.1561275
v 3.9670072 -1.0004998 3.6674252
v 3.9670072 -0.55105275 2.861023E-06
v 3.9670072 -0.55105275 3.6674252
v 3.9670062 -3.697185 2.861023E-06
v 3.5312397 -3.697185 2.861023E-06
v 3.5312397 -3.697185 3.6674252
v 3.9670062 -3.697185 3.6674252
v 3.5312405 -1.0004998 2.861023E-06
v 3.5312405 -0.55105275 2.861023E-06
v 3.5312405 -0.55105275 3.6674252
v 3.5312405 -1.0004998 3.6674252
v 3.5312397 -1.4499478 2.861023E-06
v 3.5312397 -1.4499475 3.6674252
v 3.5312397 -1.8993949 2.861023E-06
v 3.5312397 -1.8993949 3.6674252
v 3.5312397 -2.3488424 2.861023E-06
v 3.5312397 -2.3488424 3.6674252
v 3.5312397 -2.79829 2.861023E-06
v 3.5312397 -2.79829 3.6674252
v 3.5312397 -3.2477376 2.861023E-06
v 3.5312397 -3.2477376 3.6674252
v 3.5312397 -3.697185 2.861023E-06
v 3.5312397 -3.697185 3.6674252
v 3.5312405 -0.55105275 2.861023E-06
v 3.9670072 -0.55105275 2.861023E-06
v 3.9670072 -0.55105275 3.6674252
v 3.5312405 -0.55105275 3.6674252
v 3.5312405 -0.55105275 4.1561275
v 3.9670072 -0.55105275 4.1561275
v 3.9670072 -1.0004998 2.861023E-06
v 3.9670072 -0.55105275 2.861023E-06
v 3.5312405 -0.55105275 2.861023E-06
v 3.5312405 -1.0004998 2.861023E-06
v 3.9670062 -1.4499475 2.861023E-06
v 3.5312397 -1.4499478 2.861023E-06
v 3.9670062 -1.8993949 2.861023E-06
v 3.5312397 -1.8993949 2.861023E-06
v 3.9670062 -2.3488424 2.861023E-06
v 3.5312397 -2.3488424 2.861023E-06
v 3.9670062 -2.79829 2.861023E-06
v 3.5312397 -2.79829 2.861023E-06
v 3.9670062 -3.2477376 2.861023E-06
v 3.5312397 -3.2477376 2.861023E-06
v 3.9670062 -3.697185 2.861023E-06
v 3.5312397 -3.697185 2.861023E-06
v 3.9670062 -3.2477376 3.6674252
v 3.9670062 -3.2477376 4.1561275
v 3.5312397 -3.2477376 4.1561275
v 3.5312397 -3.2477376 3.6674252
v 3.5312397 -3.2477376 3.6674252
v 3.5312397 -2.79829 3.6674252
v 3.9670062 -2.79829 3.6674252
v 3.9670062 -3.2477376 3.6674252
v 3.5312397 -3.697185 3.6674252
v 3.5312397 -3.697185 4.1561275
v 3.9670062 -3.697185 4.1561275
v 3.9670062 -3.697185 3.6674252
v 3.5312397 -2.3488424 3.6674252
v 3.5312397 -1.8993949 3.6674252
v 3.9670062 -1.8993949 3.6674252
v 3.9670062 -2.3488424 3.6674252
v 3.5312397 -1.4499475 3.6674252
v 3.5312397 -1.4499475 4.1561275
v 3.5312397 -1.8993949 4.1561275
v 3.5312397 -1.8993949 3.6674252
v 3.5312397 -1.4499475 3.6674252
v 3.5312405 -1.0004998 3.6674252
v 3.9670072 -1.0004998 3.6674252
v 3.9670062 -1.4499478 3.6674252
v 3.5312405 -1.0004998 4.1561275
v 3.5312405 -0.55105275 4.1561275
v 3.9670072 -0.55105275 4.1561275
v 3.9670072 -1.0004998 4.1561275
v 3.5312397 -3.697185 4.1561275
v 3.5312397 -3.2477376 4.1561275
v 3.9670062 -3.2477376 4.1561275
v 3.9670062 -3.697185 4.1561275
v 3.5312397 -2.79829 4.1561275
v 3.5312397 -2.3488424 4.1561275
v 3.9670062 -2.3488424 4.1561275
v 3.9670062 -2.79829 4.1561275
v 3.5312397 -1.8993949 4.1561275
v 3.5312397 -1.4499475 4.1561275
v 3.9670062 -1.4499478 4.1561275
v 3.9670062 -1.8993949 4.1561275
v 3.9670062 -2.79829 3.6674252
v 3.9670062 -2.79829 4.1561275
v 3.9670062 -2.3488424 4.1561275
v 3.9670062 -2.3488424 3.6674252
v 3.5312397 -2.79829 3.6674252
v 3.5312397 -2.79829 4.1561275
v 3.9670062 -2.79829 4.1561275
v 3.9670062 -2.79829 3.6674252
v 3.5312397 -3.2477376 3.6674252
v 3.5312397 -3.2477376 4.1561275
v 3.5312397 -3.697185 4.1561275
v 3.5312397 -3.697185 3.6674252
v 3.5312405 -0.55105275 3.6674252
v 3.5312405 -0.55105275 4.1561275
v 3.5312405 -1.0004998 4.1561275
v 3.5312405 -1.0004998 3.6674252
v 3.9670062 -2.3488424 3.6674252
v 3.9670062 -2.3488424 4.1561275
v 3.5312397 -2.3488424 4.1561275
v 3.5312397 -2.3488424 3.6674252
v 3.5312397 -1.8993949 3.6674252
v 3.5312397 -1.8993949 4.1561275
v 3.9670062 -1.8993949 4.1561275
v 3.9670062 -1.8993949 3.6674252
v 3.9670062 -3.697185 3.6674252
v 3.9670062 -3.697185 4.1561275
v 3.9670062 -3.2477376 4.1561275
v 3.9670062 -3.2477376 3.6674252
v 3.5312397 -2.3488424 3.6674252
v 3.5312397 -2.3488424 4.1561275
v 3.5312397 -2.79829 4.1561275
v 3.5312397 -2.79829 3.6674252
v 3.9670062 -1.4499478 3.6674252
v 3.9670062 -1.4499478 4.1561275
v 3.5312397 -1.4499475 4.1561275
v 3.5312397 -1.4499475 3.6674252
v 3.9670072 -1.0004998 3.6674252
v 3.9670072 -1.0004998 4.1561275
v 3.9670072 -0.55105275 4.1561275
v 3.9670072 -0.55105275 3.6674252
v 3.5312405 -1.0004998 3.6674252
v 3.5312405 -1.0004998 4.1561275
v 3.9670072 -1.0004998 4.1561275
v 3.9670072 -1.0004998 3.6674252
v 3.5179334 -3.240532 2.861023E-06
v 3.9673808 -3.240532 2.861023E-06
v 3.9673808 -3.240532 3.6674252
v 3.5179334 -3.240532 3.6674252
v 3.0684857 -3.240532 2.861023E-06
v 3.0684857 -3.240532 3.6674252
v 2.6190386 -3.240532 2.861023E-06
v 2.6190386 -3.240532 3.6674252
v 2.1695907 -3.240532 2.861023E-06
v 2.6190386 -3.240532 4.1561275
v 3.0684857 -3.240532 4.1561275
v 2.1695907 -3.240532 3.6674252
v 1.7201431 -3.240532 2.861023E-06
v 1.7201433 -3.240532 3.6674252
v 1.2706956 -3.240532 2.861023E-06
v 1.7201433 -3.240532 4.1561275
v 2.1695907 -3.240532 4.1561275
v 1.2706958 -3.240532 3.6674252
v 0.82124823 -3.240531 2.861023E-06
v 0.82124823 -3.240531 3.6674252
v 3.9673808 -3.240532 2.861023E-06
v 3.9673808 -3.6762984 2.861023E-06
v 3.9673808 -3.6762984 3.6674252
v 3.9673808 -3.240532 3.6674252
v 3.9673808 -3.240532 4.1561275
v 3.9673808 -3.6762984 4.1561275
v 1.2706958 -3.6762984 2.861023E-06
v 0.82124823 -3.6762984 2.861023E-06
v 0.82124823 -3.6762984 3.6674252
v 1.2706956 -3.6762984 3.6674252
v 1.7201433 -3.6762984 2.861023E-06
v 1.2706956 -3.6762984 4.1561275
v 0.82124823 -3.6762984 4.1561275
v 1.7201431 -3.6762984 3.6674252
v 2.1695907 -3.6762984 2.861023E-06
v 2.1695907 -3.6762984 3.6674252
v 2.6190386 -3.6762984 2.861023E-06
v 2.6190386 -3.6762984 3.6674252
v 3.0684857 -3.6762984 2.861023E-06
v 3.0684857 -3.6762984 3.6674252
v 3.5179334 -3.6762984 2.861023E-06
v 3.0684857 -3.6762984 4.1561275
v 2.6190386 -3.6762984 4.1561275
v 3.5179334 -3.6762984 3.6674252
v 3.9673808 -3.6762984 2.861023E-06
v 3.9673808 -3.6762984 3.6674252
v 0.82124823 -3.6762984 2.861023E-06
v 0.82124823 -3.240531 2.861023E-06
v 0.82124823 -3.240531 3.6674252
v 0.82124823 -3.6762984 3.6674252
v 0.82124823 -3.6762984 4.1561275
v 0.82124823 -3.240531 4.1561275
v 1.2706956 -3.240532 2.861023E-06
v 0.82124823 -3.240531 2.861023E-06
v 0.82124823 -3.6762984 2.861023E-06
v 1.2706958 -3.6762984 2.861023E-06
v 1.7201431 -3.240532 2.861023E-06
v 1.7201433 -3.6762984 2.861023E-06
v 2.1695907 -3.240532 2.861023E-06
v 2.1695907 -3.6762984 2.861023E-06
v 2.6190386 -3.240532 2.861023E-06
v 2.6190386 -3.6762984 2.861023E-06
v 3.0684857 -3.240532 2.861023E-06
v 3.0684857 -3.6762984 2.861023E-06
v 3.5179334 -3.240532 2.861023E-06
v 3.5179334 -3.6762984 2.861023E-06
v 3.9673808 -3.240532 2.861023E-06
v 3.9673808 -3.6762984 2.861023E-06
v 3.5179334 -3.240532 3.6674252
v 3.5179334 -3.240532 4.1561275
v 3.5179334 -3.6762984 4.1561275
v 3.5179334 -3.6762984 3.6674252
v 3.5179334 -3.6762984 3.6674252
v 3.0684857 -3.6762984 3.6674252
v 3.0684857 -3.240532 3.6674252
v 3.5179334 -3.240532 3.6674252
v 2.6190386 -3.6762984 3.6674252
v 2.1695907 -3.6762984 3.6674252
v 2.1695907 -3.240532 3.6674252
v 2.6190386 -3.240532 3.6674252
v 1.7201431 -3.6762984 3.6674252
v 1.7201431 -3.6762984 4.1561275
v 2.1695907 -3.6762984 4.1561275
v 2.1695907 -3.6762984 3.6674252
v 1.7201431 -3.6762984 3.6674252
v 1.2706956 -3.6762984 3.6674252
v 1.2706958 -3.240532 3.6674252
v 1.7201433 -3.240532 3.6674252
v 1.2706956 -3.6762984 4.1561275
v 0.82124823 -3.6762984 4.1561275
v 0.82124823 -3.240531 4.1561275
v 1.2706958 -3.240532 4.1561275
v 3.9673808 -3.6762984 4.1561275
v 3.5179334 -3.6762984 4.1561275
v 3.5179334 -3.240532 4.1561275
v 3.9673808 -3.240532 4.1561275
v 3.0684857 -3.6762984 4.1561275
v 2.6190386 -3.6762984 4.1561275
v 2.6190386 -3.240532 4.1561275
v 3.0684857 -3.240532 4.1561275
v 2.1695907 -3.6762984 4.1561275
v 1.7201431 -3.6762984 4.1561275
v 1.7201433 -3.240532 4.1561275
v 2.1695907 -3.240532 4.1561275
v 3.0684857 -3.6762984 3.6674252
v 3.0684857 -3.6762984 4.1561275
v 3.0684857 -3.240532 4.1561275
v 3.0684857 -3.240532 3.6674252
v 3.5179334 -3.6762984 3.6674252
v 3.5179334 -3.6762984 4.1561275
v 3.9673808 -3.6762984 4.1561275
v 3.9673808 -3.6762984 3.6674252
v 2.6190386 -3.240532 3.6674252
v 2.6190386 -3.240532 4.1561275
v 2.6190386 -3.6762984 4.1561275
v 2.6190386 -3.6762984 3.6674252
v 2.1695907 -3.6762984 3.6674252
v 2.1695907 -3.6762984 4.1561275
v 2.1695907 -3.240532 4.1561275
v 2.1695907 -3.240532 3.6674252
v 3.9673808 -3.240532 3.6674252
v 3.9673808 -3.240532 4.1561275
v 3.5179334 -3.240532 4.1561275
v 3.5179334 -3.240532 3.6674252
v 1.7201433 -3.240532 3.6674252
v 1.7201433 -3.240532 4.1561275
v 1.7201431 -3.6762984 4.1561275
v 1.7201431 -3.6762984 3.6674252
v 1.2706958 -3.240532 3.6674252
v 1.2706958 -3.240532 4.1561275
v 0.82124823 -3.240531 4.1561275
v 0.82124823 -3.240531 3.6674252
v 1.2706956 -3.6762984 3.6674252
v 1.2706956 -3.6762984 4.1561275
v 1.2706958 -3.240532 4.1561275
v 1.2706958 -3.240532 3.6674252
v 3.4690347 3.9863572 2.861023E-06
v 3.9184818 3.9863572 2.861023E-06
v 3.9184818 3.9863572 3.6674252
v 3.4690347 3.9863572 3.6674252
v 3.0195868 3.9863572 2.861023E-06
v 3.4690347 3.9863572 4.1561275
v 3.9184818 3.9863572 4.1561275
v 3.0195868 3.9863572 3.6674252
v 2.5701394 3.9863572 2.861023E-06
v 2.5701394 3.9863572 3.6674252
v 2.120692 3.9863572 2.861023E-06
v 2.120692 3.9863572 3.6674252
v 1.6712445 3.9863572 2.861023E-06
v 1.6712447 3.9863572 3.6674252
v 1.2217971 3.9863586 2.861023E-06
v 1.6712447 3.9863572 4.1561275
v 2.120692 3.9863572 4.1561275
v 1.2217971 3.9863586 3.6674252
v 0.7723499 3.9863586 2.861023E-06
v 0.7723499 3.9863586 3.6674252
v 0.7723499 3.9863586 4.1561275
v 1.2217971 3.9863586 4.1561275
v 3.9184818 3.9863572 2.861023E-06
v 3.9184818 3.5505908 2.861023E-06
v 3.9184818 3.5505908 3.6674252
v 3.9184818 3.9863572 3.6674252
v 3.9184818 3.9863572 4.1561275
v 3.9184818 3.5505908 4.1561275
v 1.2217971 3.550592 2.861023E-06
v 0.7723499 3.550592 2.861023E-06
v 0.7723499 3.550592 3.6674252
v 1.2217971 3.550592 3.6674252
v 1.6712447 3.5505908 2.861023E-06
v 1.2217971 3.550592 4.1561275
v 0.7723499 3.550592 4.1561275
v 1.6712445 3.5505908 3.6674252
v 2.120692 3.5505908 2.861023E-06
v 2.120692 3.5505908 3.6674252
v 2.5701394 3.5505908 2.861023E-06
v 2.5701394 3.5505908 3.6674252
v 3.0195868 3.5505908 2.861023E-06
v 3.0195868 3.5505908 3.6674252
v 3.4690347 3.5505908 2.861023E-06
v 3.4690347 3.5505908 3.6674252
v 3.9184818 3.5505908 2.861023E-06
v 3.9184818 3.5505908 3.6674252
v 3.9184818 3.5505908 4.1561275
v 3.4690347 3.5505908 4.1561275
v 0.7723499 3.550592 2.861023E-06
v 0.7723499 3.9863586 2.861023E-06
v 0.7723499 3.9863586 3.6674252
v 0.7723499 3.550592 3.6674252
v 0.7723499 3.550592 4.1561275
v 0.7723499 3.9863586 4.1561275
v 1.2217971 3.9863586 2.861023E-06
v 0.7723499 3.9863586 2.861023E-06
v 0.7723499 3.550592 2.861023E-06
v 1.2217971 3.550592 2.861023E-06
v 1.6712445 3.9863572 2.861023E-06
v 1.6712447 3.5505908 2.861023E-06
v 2.120692 3.9863572 2.861023E-06
v 2.120692 3.5505908 2.861023E-06
v 2.5701394 3.9863572 2.861023E-06
v 2.5701394 3.5505908 2.861023E-06
v 3.0195868 3.9863572 2.861023E-06
v 3.0195868 3.5505908 2.861023E-06
v 3.4690347 3.9863572 2.861023E-06
v 3.4690347 3.5505908 2.861023E-06
v 3.9184818 3.9863572 2.861023E-06
v 3.9184818 3.5505908 2.861023E-06
v 3.4690347 3.9863572 3.6674252
v 3.4690347 3.9863572 4.1561275
v 3.4690347 3.5505908 4.1561275
v 3.4690347 3.5505908 3.6674252
v 3.4690347 3.5505908 3.6674252
v 3.0195868 3.5505908 3.6674252
v 3.0195868 3.9863572 3.6674252
v 3.4690347 3.9863572 3.6674252
v 2.5701394 3.5505908 3.6674252
v 2.120692 3.5505908 3.6674252
v 2.120692 3.9863572 3.6674252
v 2.5701394 3.9863572 3.6674252
v 1.6712445 3.5505908 3.6674252
v 1.6712445 3.5505908 4.1561275
v 2.120692 3.5505908 4.1561275
v 2.120692 3.5505908 3.6674252
v 1.6712445 3.5505908 3.6674252
v 1.2217971 3.550592 3.6674252
v 1.2217971 3.9863586 3.6674252
v 1.6712447 3.9863572 3.6674252
v 1.2217971 3.550592 4.1561275
v 0.7723499 3.550592 4.1561275
v 0.7723499 3.9863586 4.1561275
v 1.2217971 3.9863586 4.1561275
v 3.9184818 3.5505908 4.1561275
v 3.4690347 3.5505908 4.1561275
v 3.4690347 3.9863572 4.1561275
v 3.9184818 3.9863572 4.1561275
v 3.0195868 3.5505908 4.1561275
v 2.5701394 3.5505908 4.1561275
v 2.5701394 3.9863572 4.1561275
v 3.0195868 3.9863572 4.1561275
v 2.120692 3.5505908 4.1561275
v 1.6712445 3.5505908 4.1561275
v 1.6712447 3.9863572 4.1561275
v 2.120692 3.9863572 4.1561275
v 3.0195868 3.9863572 3.6674252
v 3.0195868 3.9863572 4.1561275
v 2.5701394 3.9863572 4.1561275
v 2.5701394 3.9863572 3.6674252
v 3.0195868 3.5505908 3.6674252
v 3.0195868 3.5505908 4.1561275
v 3.0195868 3.9863572 4.1561275
v 3.0195868 3.9863572 3.6674252
v 2.5701394 3.9863572 3.6674252
v 2.5701394 3.9863572 4.1561275
v 2.5701394 3.5505908 4.1561275
v 2.5701394 3.5505908 3.6674252
v 2.120692 3.5505908 3.6674252
v 2.120692 3.5505908 4.1561275
v 2.120692 3.9863572 4.1561275
v 2.120692 3.9863572 3.6674252
v 2.5701394 3.5505908 3.6674252
v 2.5701394 3.5505908 4.1561275
v 3.0195868 3.5505908 4.1561275
v 3.0195868 3.5505908 3.6674252
v 1.6712447 3.9863572 3.6674252
v 1.6712447 3.9863572 4.1561275
v 1.6712445 3.5505908 4.1561275
v 1.6712445 3.5505908 3.6674252
v 1.2217971 3.550592 3.6674252
v 1.2217971 3.550592 4.1561275
v 1.2217971 3.9863586 4.1561275
v 1.2217971 3.9863586 3.6674252
v 3.4618287 3.5372844 2.861023E-06
v 3.4618287 3.9867318 2.861023E-06
v 3.4618287 3.9867318 3.6674252
v 3.4618287 3.5372844 3.6674252
v 3.4618287 3.0878363 2.861023E-06
v 3.4618287 3.0878363 3.6674252
v 3.4618287 2.6383893 2.861023E-06
v 3.4618287 2.6383893 3.6674252
v 3.4618287 2.1889415 2.861023E-06
v 3.4618287 2.6383893 4.1561275
v 3.4618287 3.0878363 4.1561275
v 3.4618287 2.1889415 3.6674252
v 3.4618287 1.7394936 2.861023E-06
v 3.4618287 1.7394941 3.6674252
v 3.4618285 1.2900465 2.861023E-06
v 3.4618285 1.2900468 3.6674252
v 3.4618278 0.84059924 2.861023E-06
v 3.4618278 0.84059924 3.6674252
v 3.4618287 3.9867318 2.861023E-06
v 3.8975954 3.9867318 2.861023E-06
v 3.8975954 3.9867318 3.6674252
v 3.4618287 3.9867318 3.6674252
v 3.4618287 3.9867318 4.1561275
v 3.8975954 3.9867318 4.1561275
v 3.8975952 1.2900468 2.861023E-06
v 3.8975952 0.84059924 2.861023E-06
v 3.8975952 0.84059924 3.6674252
v 3.8975952 1.2900465 3.6674252
v 3.8975954 1.7394941 2.861023E-06
v 3.8975952 1.2900465 4.1561275
v 3.8975952 0.84059924 4.1561275
v 3.8975954 1.7394936 3.6674252
v 3.8975954 2.1889415 2.861023E-06
v 3.8975954 2.1889415 3.6674252
v 3.8975954 2.6383893 2.861023E-06
v 3.8975954 2.1889415 4.1561275
v 3.8975954 1.7394936 4.1561275
v 3.8975954 2.6383893 3.6674252
v 3.8975954 3.0878363 2.861023E-06
v 3.8975954 3.0878363 3.6674252
v 3.8975954 3.5372844 2.861023E-06
v 3.8975954 3.0878363 4.1561275
v 3.8975954 2.6383893 4.1561275
v 3.8975954 3.5372844 3.6674252
v 3.8975954 3.9867318 2.861023E-06
v 3.8975954 3.9867318 3.6674252
v 3.8975952 0.84059924 2.861023E-06
v 3.4618278 0.84059924 2.861023E-06
v 3.4618278 0.84059924 3.6674252
v 3.8975952 0.84059924 3.6674252
v 3.4618285 1.2900465 2.861023E-06
v 3.4618278 0.84059924 2.861023E-06
v 3.8975952 0.84059924 2.861023E-06
v 3.8975952 1.2900468 2.861023E-06
v 3.4618287 1.7394936 2.861023E-06
v 3.8975954 1.7394941 2.861023E-06
v 3.4618287 2.1889415 2.861023E-06
v 3.8975954 2.1889415 2.861023E-06
v 3.4618287 2.6383893 2.861023E-06
v 3.8975954 2.6383893 2.861023E-06
v 3.4618287 3.0878363 2.861023E-06
v 3.8975954 3.0878363 2.861023E-06
v 3.4618287 3.5372844 2.861023E-06
v 3.8975954 3.5372844 2.861023E-06
v 3.4618287 3.9867318 2.861023E-06
v 3.8975954 3.9867318 2.861023E-06
v 3.4618287 3.5372844 3.6674252
v 3.4618287 3.5372844 4.1561275
v 3.8975954 3.5372844 4.1561275
v 3.8975954 3.5372844 3.6674252
v 3.4618287 2.1889415 3.6674252
v 3.4618287 2.1889415 4.1561275
v 3.4618287 1.7394941 4.1561275
v 3.4618287 1.7394941 3.6674252
v 3.8975954 3.5372844 3.6674252
v 3.8975954 3.0878363 3.6674252
v 3.4618287 3.0878363 3.6674252
v 3.4618287 3.5372844 3.6674252
v 3.8975954 2.6383893 3.6674252
v 3.8975954 2.1889415 3.6674252
v 3.4618287 2.1889415 3.6674252
v 3.4618287 2.6383893 3.6674252
v 3.8975954 1.7394936 3.6674252
v 3.8975952 1.2900465 3.6674252
v 3.4618285 1.2900468 3.6674252
v 3.4618287 1.7394941 3.6674252
v 3.8975952 1.2900465 4.1561275
v 3.8975952 0.84059924 4.1561275
v 3.4618278 0.84059924 4.1561275
v 3.4618285 1.2900468 4.1561275
v 3.8975954 3.9867318 4.1561275
v 3.8975954 3.5372844 4.1561275
v 3.4618287 3.5372844 4.1561275
v 3.4618287 3.9867318 4.1561275
v 3.8975954 3.0878363 4.1561275
v 3.8975954 2.6383893 4.1561275
v 3.4618287 2.6383893 4.1561275
v 3.4618287 3.0878363 4.1561275
v 3.8975954 2.1889415 4.1561275
v 3.8975954 1.7394936 4.1561275
v 3.4618287 1.7394941 4.1561275
v 3.4618287 2.1889415 4.1561275
v 3.8975954 3.0878363 3.6674252
v 3.8975954 3.0878363 4.1561275
v 3.4618287 3.0878363 4.1561275
v 3.4618287 3.0878363 3.6674252
v 3.8975954 3.5372844 3.6674252
v 3.8975954 3.5372844 4.1561275
v 3.8975954 3.9867318 4.1561275
v 3.8975954 3.9867318 3.6674252
v 3.4618287 2.6383893 3.6674252
v 3.4618287 2.6383893 4.1561275
v 3.8975954 2.6383893 4.1561275
v 3.8975954 2.6383893 3.6674252
v 3.8975954 2.1889415 3.6674252
v 3.8975954 2.1889415 4.1561275
v 3.4618287 2.1889415 4.1561275
v 3.4618287 2.1889415 3.6674252
v 3.4618287 3.9867318 3.6674252
v 3.4618287 3.9867318 4.1561275
v 3.4618287 3.5372844 4.1561275
v 3.4618287 3.5372844 3.6674252
v 3.4618287 1.7394941 3.6674252
v 3.4618287 1.7394941 4.1561275
v 3.8975954 1.7394936 4.1561275
v 3.8975954 1.7394936 3.6674252
v 3.4618285 1.2900468 3.6674252
v 3.4618285 1.2900468 4.1561275
v 3.4618278 0.84059924 4.1561275
v 3.4618278 0.84059924 3.6674252
v 3.4618278 0.84059924 3.6674252
v 3.4618278 0.84059924 4.1561275
v 3.8975952 0.84059924 4.1561275
v 3.8975952 0.84059924 3.6674252
v 3.8975952 1.2900465 3.6674252
v 3.8975952 1.2900465 4.1561275
v 3.4618285 1.2900468 4.1561275
v 3.4618285 1.2900468 3.6674252
v 1.5376861 0.2378567 5.330542
v 1.5376861 0.4767485 5.330542
v 1.5376861 0.4767485 5.5789495
v 1.5376861 0.2378567 5.5789495
v 1.5376861 0.4767485 5.330542
v 4.419271 0.4767485 5.330542
v 4.419271 0.4767485 5.5789495
v 1.5376861 0.4767485 5.5789495
v 4.419271 0.4767485 5.330542
v 4.419271 0.2378567 5.330542
v 4.419271 0.2378567 5.5789495
v 4.419271 0.4767485 5.5789495
v 4.419271 0.2378567 5.330542
v 1.5376861 0.2378567 5.330542
v 1.5376861 0.2378567 5.5789495
v 4.419271 0.2378567 5.5789495
v 1.5376861 0.4767485 5.330542
v 1.5376861 0.2378567 5.330542
v 4.419271 0.2378567 5.330542
v 4.419271 0.4767485 5.330542
v 4.419271 0.4767485 5.5789495
v 4.419271 0.2378567 5.5789495
v 1.5376861 0.2378567 5.5789495
v 1.5376861 0.4767485 5.5789495
v 1.5376861 0.7724254 4.9642634
v 1.5376861 1.0113174 4.9642634
v 1.5376861 1.0113174 5.212671
v 1.5376861 0.7724254 5.212671
v 1.5376861 1.0113174 4.9642634
v 4.419271 1.0113174 4.9642634
v 4.419271 1.0113174 5.212671
v 1.5376861 1.0113174 5.212671
v 4.419271 1.0113174 4.9642634
v 4.419271 0.7724254 4.9642634
v 4.419271 0.7724254 5.212671
v 4.419271 1.0113174 5.212671
v 4.419271 0.7724254 4.9642634
v 1.5376861 0.7724254 4.9642634
v 1.5376861 0.7724254 5.212671
v 4.419271 0.7724254 5.212671
v 1.5376861 1.0113174 4.9642634
v 1.5376861 0.7724254 4.9642634
v 4.419271 0.7724254 4.9642634
v 4.419271 1.0113174 4.9642634
v 4.419271 1.0113174 5.212671
v 4.419271 0.7724254 5.212671
v 1.5376861 0.7724254 5.212671
v 1.5376861 1.0113174 5.212671
v 1.5376861 -0.4650023 5.340441
v 1.5376861 -0.22611047 5.340441
v 1.5376861 -0.22611047 5.5888486
v 1.5376861 -0.4650023 5.5888486
v 1.5376861 -0.22611047 5.340441
v 4.419271 -0.22611047 5.340441
v 4.419271 -0.22611047 5.5888486
v 1.5376861 -0.22611047 5.5888486
v 4.419271 -0.22611047 5.340441
v 4.419271 -0.4650023 5.340441
v 4.419271 -0.4650023 5.5888486
v 4.419271 -0.22611047 5.5888486
v 4.419271 -0.4650023 5.340441
v 1.5376861 -0.4650023 5.340441
v 1.5376861 -0.4650023 5.5888486
v 4.419271 -0.4650023 5.5888486
v 1.5376861 -0.22611047 5.340441
v 1.5376861 -0.4650023 5.340441
v 4.419271 -0.4650023 5.340441
v 4.419271 -0.22611047 5.340441
v 4.419271 -0.22611047 5.5888486
v 4.419271 -0.4650023 5.5888486
v 1.5376861 -0.4650023 5.5888486
v 1.5376861 -0.22611047 5.5888486
v 1.5376861 -1.01937 4.993962
v 1.5376861 -0.78047824 4.993962
v 1.5376861 -0.78047824 5.242369
v 1.5376861 -1.01937 5.242369
v 1.5376861 -0.78047824 4.993962
v 4.419271 -0.78047824 4.993962
v 4.419271 -0.78047824 5.242369
v 1.5376861 -0.78047824 5.242369
v 4.419271 -0.78047824 4.993962
v 4.419271 -1.01937 4.993962
v 4.419271 -1.01937 5.242369
v 4.419271 -0.78047824 5.242369
v 4.419271 -1.01937 4.993962
v 1.5376861 -1.01937 4.993962
v 1.5376861 -1.01937 5.242369
v 4.419271 -1.01937 5.242369
v 1.5376861 -0.78047824 4.993962
v 1.5376861 -1.01937 4.993962
v 4.419271 -1.01937 4.993962
v 4.419271 -0.78047824 4.993962
v 4.419271 -0.78047824 5.242369
v 4.419271 -1.01937 5.242369
v 1.5376861 -1.01937 5.242369
v 1.5376861 -0.78047824 5.242369
v -4.3349853 0.7801149 4.993962
v -4.3349853 1.0190068 4.993962
v -4.3349853 1.0190068 5.242369
v -4.3349853 0.7801149 5.242369
v -4.3349853 1.0190068 4.993962
v -1.453401 1.0190061 4.993962
v -1.453401 1.0190061 5.242369
v -4.3349853 1.0190068 5.242369
v -1.453401 0.7801143 4.993962
v -1.453401 1.0190061 4.993962
v -4.3349853 1.0190068 4.993962
v -4.3349853 0.7801149 4.993962
v -4.3349853 0.7801149 5.242369
v -4.3349853 1.0190068 5.242369
v -1.453401 1.0190061 5.242369
v -1.453401 0.7801143 5.242369
v 0.9929009 1.5638026 4.993962
v 0.75400925 1.5638024 4.993962
v 0.75400925 1.5638024 5.242369
v 0.9929009 1.5638026 5.242369
v -1.0377862 1.5638022 4.9642634
v -0.7988945 1.5638024 4.9642634
v -0.7988942 4.4453874 4.9642634
v -1.037786 4.4453874 4.9642634
v 0.19964162 1.5638024 5.340441
v 0.19964191 4.4453874 5.340441
v 0.19964191 4.4453874 5.5888486
v 0.19964162 1.5638024 5.5888486
v 0.19964191 4.4453874 5.5888486
v 0.43853343 4.4453874 5.5888486
v 0.43853343 1.5638024 5.5888486
v 0.19964162 1.5638024 5.5888486
v 0.19964191 4.4453874 5.340441
v 0.43853343 4.4453874 5.340441
v 0.43853343 4.4453874 5.5888486
v 0.19964191 4.4453874 5.5888486
v 0.19964162 1.5638024 5.340441
v 0.43853343 1.5638024 5.340441
v 0.43853343 4.4453874 5.340441
v 0.19964191 4.4453874 5.340441
v -1.037786 4.4453874 5.212671
v -0.7988942 4.4453874 5.212671
v -0.7988945 1.5638024 5.212671
v -1.0377862 1.5638022 5.212671
v 0.75400925 1.5638024 4.993962
v 0.75400984 4.445387 4.993962
v 0.75400984 4.445387 5.242369
v 0.75400925 1.5638024 5.242369
v 0.43853343 1.5638024 5.340441
v 0.19964162 1.5638024 5.340441
v 0.19964162 1.5638024 5.5888486
v 0.43853343 1.5638024 5.5888486
v 0.43853343 4.4453874 5.340441
v 0.43853343 1.5638024 5.340441
v 0.43853343 1.5638024 5.5888486
v 0.43853343 4.4453874 5.5888486
v -1.037786 4.4453874 4.9642634
v -0.7988942 4.4453874 4.9642634
v -0.7988942 4.4453874 5.212671
v -1.037786 4.4453874 5.212671
v -0.26432574 1.5638024 5.330542
v -0.5032172 1.5638024 5.330542
v -0.5032172 1.5638024 5.5789495
v -0.26432574 1.5638024 5.5789495
v -0.2643254 4.4453874 5.330542
v -0.26432574 1.5638024 5.330542
v -0.26432574 1.5638024 5.5789495
v -0.2643254 4.4453874 5.5789495
v -1.0377862 1.5638022 4.9642634
v -1.037786 4.4453874 4.9642634
v -1.037786 4.4453874 5.212671
v -1.0377862 1.5638022 5.212671
v -0.5032172 1.5638024 5.330542
v -0.26432574 1.5638024 5.330542
v -0.2643254 4.4453874 5.330542
v -0.5032172 4.4453874 5.330542
v -0.7988945 1.5638024 4.9642634
v -1.0377862 1.5638022 4.9642634
v -1.0377862 1.5638022 5.212671
v -0.7988945 1.5638024 5.212671
v -0.5032172 1.5638024 5.330542
v -0.5032172 4.4453874 5.330542
v -0.5032172 4.4453874 5.5789495
v -0.5032172 1.5638024 5.5789495
v -0.7988942 4.4453874 4.9642634
v -0.7988945 1.5638024 4.9642634
v -0.7988945 1.5638024 5.212671
v -0.7988942 4.4453874 5.212671
v -0.5032172 4.4453874 5.330542
v -0.2643254 4.4453874 5.330542
v -0.2643254 4.4453874 5.5789495
v -0.5032172 4.4453874 5.5789495
v -0.5032172 4.4453874 5.5789495
v -0.2643254 4.4453874 5.5789495
v -0.26432574 1.5638024 5.5789495
v -0.5032172 1.5638024 5.5789495
v -1.2773277 4.4607744 2.1230133
v -1.2773277 4.4607744 0.0015902582
v -0.65032774 4.4607744 0.0015902582
v -0.6503278 4.4607744 2.0206833
v -0.023327898 4.4607744 0.0015902582
v -0.023327898 4.4607744 2.0206833
v 0.603672 4.4607744 0.0015902582
v 0.6036721 4.4607744 2.0206833
v 1.230672 4.4607744 0.0015902582
v 1.230672 4.4607744 2.1230133
v 0.70600206 4.4607744 2.1230133
v 1.230672 4.4607744 4.30743
v 0.5013421 4.4607744 2.1230133
v 0.70600206 4.4607744 4.30743
v 0.07900207 4.4607744 2.1230133
v 0.5013421 4.4607744 4.30743
v 0.6036721 4.4607744 4.4097595
v 1.230672 4.4607744 4.7598014
v 0.6036721 4.4607744 5.1601124
v -0.023327898 4.4607744 5.5604234
v -0.023327898 4.4607744 4.4097595
v -0.6503278 4.4607744 5.1601124
v 0.07900207 4.4607744 4.30743
v -0.12565787 4.4607744 2.1230133
v -0.12565787 4.4607744 4.30743
v -0.6503278 4.4607744 4.4097595
v -1.2773277 4.4607744 4.7598014
v -0.54799783 4.4607744 2.1230133
v -0.54799783 4.4607744 4.30743
v -0.7526578 4.4607744 2.1230133
v -0.7526578 4.4607744 4.30743
v -1.2773277 4.4607744 4.30743
v 0.60367185 1.5919309 5.1601124
v 1.3311852 1.5919311 4.9172335
v 1.2306719 1.5919311 4.7598014
v 0.6539285 1.5919309 5.33222
v -0.023328196 1.5919307 5.5604234
v -0.023328206 1.5919307 5.747206
v -0.6503283 1.5919309 5.1601124
v -0.70058495 1.5919309 5.33222
v -1.2773284 1.591931 4.7598014
v -1.3778417 1.591931 4.9172335
v -0.6503283 1.5919309 0.0015902582
v -1.2773277 4.4607744 0.0015902582
v -1.2773284 1.591931 0.0015902582
v -0.65032774 4.4607744 0.0015902582
v -0.023328196 1.5919307 0.0015902582
v -0.023327898 4.4607744 0.0015902582
v 0.60367185 1.5919309 0.0015902582
v 0.603672 4.4607744 0.0015902582
v 1.2306719 1.5919311 0.0015902582
v 1.230672 4.4607744 0.0015902582
v -1.4815291 0.0027768326 5.5604234
v -1.4815291 1.3572901 4.9172335
v -1.4815291 1.2567768 4.7598014
v -1.4815291 0.002776841 5.747206
v -1.4815296 -1.2512233 4.7598014
v -1.4815296 -1.3517367 4.9172335
v -1.2773284 1.591931 4.30743
v -1.2773277 4.4607744 4.7598014
v -1.2773284 1.591931 4.7598014
v -1.2773277 4.4607744 4.30743
v -1.2773284 1.591931 2.1230133
v -1.2773277 4.4607744 2.1230133
v -1.2773284 1.591931 0.0015902582
v -1.2773277 4.4607744 0.0015902582
v 1.230672 4.4607744 4.30743
v 1.2306719 1.5919311 4.7598014
v 1.230672 4.4607744 4.7598014
v 1.2306719 1.5919311 4.30743
v 1.230672 4.4607744 2.1230133
v 1.2306719 1.5919311 2.1230133
v 1.230672 4.4607744 0.0015902582
v 1.2306719 1.5919311 0.0015902582
v 0.75400984 4.445387 4.993962
v 0.9929014 4.4453874 4.993962
v 0.9929014 4.4453874 5.242369
v 0.75400984 4.445387 5.242369
v 0.9929014 4.4453874 4.993962
v 0.9929009 1.5638026 4.993962
v 0.9929009 1.5638026 5.242369
v 0.9929014 4.4453874 5.242369
v 0.75400925 1.5638024 4.993962
v 0.9929009 1.5638026 4.993962
v 0.9929014 4.4453874 4.993962
v 0.75400984 4.445387 4.993962
v 0.75400984 4.445387 5.242369
v 0.9929014 4.4453874 5.242369
v 0.9929009 1.5638026 5.242369
v 0.75400925 1.5638024 5.242369
v -1.0454726 -1.5470357 4.993962
v -0.80658114 -1.5470357 4.993962
v -0.80658114 -1.5470357 5.242369
v -1.0454726 -1.5470357 5.242369
v 0.98521435 -1.5470357 4.9642634
v 0.7463226 -1.5470363 4.9642634
v 0.7463218 -4.428621 4.9642634
v 0.9852137 -4.428621 4.9642634
v -0.25221348 -1.5470357 5.340441
v -0.25221425 -4.428621 5.340441
v -0.25221425 -4.428621 5.5888486
v -0.25221348 -1.5470357 5.5888486
v -0.25221425 -4.428621 5.5888486
v -0.49110574 -4.428621 5.5888486
v -0.49110535 -1.5470357 5.5888486
v -0.25221348 -1.5470357 5.5888486
v -0.25221425 -4.428621 5.340441
v -0.49110574 -4.428621 5.340441
v -0.49110574 -4.428621 5.5888486
v -0.25221425 -4.428621 5.5888486
v -0.25221348 -1.5470357 5.340441
v -0.49110535 -1.5470357 5.340441
v -0.49110574 -4.428621 5.340441
v -0.25221425 -4.428621 5.340441
v 0.9852137 -4.428621 5.212671
v 0.7463218 -4.428621 5.212671
v 0.7463226 -1.5470363 5.212671
v 0.98521435 -1.5470357 5.212671
v -0.80658114 -1.5470357 4.993962
v -0.8065821 -4.4286203 4.993962
v -0.8065821 -4.4286203 5.242369
v -0.80658114 -1.5470357 5.242369
v -0.49110535 -1.5470357 5.340441
v -0.25221348 -1.5470357 5.340441
v -0.25221348 -1.5470357 5.5888486
v -0.49110535 -1.5470357 5.5888486
v -0.49110574 -4.428621 5.340441
v -0.49110535 -1.5470357 5.340441
v -0.49110535 -1.5470357 5.5888486
v -0.49110574 -4.428621 5.5888486
v 0.9852137 -4.428621 4.9642634
v 0.7463218 -4.428621 4.9642634
v 0.7463218 -4.428621 5.212671
v 0.9852137 -4.428621 5.212671
v 0.21175383 -1.5470357 5.330542
v 0.45064536 -1.5470357 5.330542
v 0.45064536 -1.5470357 5.5789495
v 0.21175383 -1.5470357 5.5789495
v 0.21175309 -4.428621 5.330542
v 0.21175383 -1.5470357 5.330542
v 0.21175383 -1.5470357 5.5789495
v 0.21175309 -4.428621 5.5789495
v 0.98521435 -1.5470357 4.9642634
v 0.9852137 -4.428621 4.9642634
v 0.9852137 -4.428621 5.212671
v 0.98521435 -1.5470357 5.212671
v 0.45064536 -1.5470357 5.330542
v 0.21175383 -1.5470357 5.330542
v 0.21175309 -4.428621 5.330542
v 0.45064494 -4.428621 5.330542
v 0.7463226 -1.5470363 4.9642634
v 0.98521435 -1.5470357 4.9642634
v 0.98521435 -1.5470357 5.212671
v 0.7463226 -1.5470363 5.212671
v 0.45064536 -1.5470357 5.330542
v 0.45064494 -4.428621 5.330542
v 0.45064494 -4.428621 5.5789495
v 0.45064536 -1.5470357 5.5789495
v 0.7463218 -4.428621 4.9642634
v 0.7463226 -1.5470363 4.9642634
v 0.7463226 -1.5470363 5.212671
v 0.7463218 -4.428621 5.212671
v 0.45064494 -4.428621 5.330542
v 0.21175309 -4.428621 5.330542
v 0.21175309 -4.428621 5.5789495
v 0.45064494 -4.428621 5.5789495
v 0.45064494 -4.428621 5.5789495
v 0.21175309 -4.428621 5.5789495
v 0.21175383 -1.5470357 5.5789495
v 0.45064536 -1.5470357 5.5789495
v 1.2247553 -4.4440074 0.0015902582
v -0.029244423 -4.4440074 5.5604234
v 1.2247553 -4.4440074 4.7598014
v -0.029244423 -4.4440074 0.0015902582
v -1.2832443 -4.4440074 4.7598014
v -1.2832443 -4.4440074 0.0015902582
v -0.029243689 -1.5751641 0.0015902582
v 1.2247565 -1.5751647 0.0015902582
v 1.2247565 -1.5751647 4.7598014
v -0.029243689 -1.5751641 5.5604234
v -1.2832438 -1.5751641 0.0015902582
v -1.2832438 -1.5751641 4.7598014
v -1.3837571 -1.5751641 4.9172335
v -0.029243689 -1.5751641 5.747206
v 1.2247565 -1.5751647 4.7598014
v 1.3252698 -1.5751647 4.9172335
v -0.029243689 -1.5751641 5.5604234
v 1.5658145 -0.003140603 5.5604234
v 1.5658144 -1.357654 4.9172335
v 1.5658144 -1.2571406 4.7598014
v 1.5658145 -0.0031406113 5.747206
v 1.5658149 1.2508594 4.7598014
v 1.5658149 1.3513727 4.9172335
v -0.029243689 -1.5751641 0.0015902582
v 1.2247553 -4.4440074 0.0015902582
v 1.2247565 -1.5751647 0.0015902582
v -0.029244423 -4.4440074 0.0015902582
v -1.2832438 -1.5751641 0.0015902582
v -1.2832443 -4.4440074 0.0015902582
v 1.2306719 1.5919311 4.7598014
v 1.3311852 1.5919311 4.9172335
v 1.3311853 4.4607744 4.9172335
v 1.230672 4.4607744 4.7598014
v 1.2306721 4.6802664 4.7598014
v 1.3311853 4.6802664 4.9172335
v 1.2247565 -1.5751647 0.0015902582
v 1.2247553 -4.4440074 0.0015902582
v 1.2247553 -4.4440074 4.7598014
v 1.2247565 -1.5751647 4.7598014
v -1.2832443 -4.4440074 0.0015902582
v -1.2832438 -1.5751641 0.0015902582
v -1.2832438 -1.5751641 4.7598014
v -1.2832443 -4.4440074 4.7598014
v -0.8065821 -4.4286203 4.993962
v -1.0454736 -4.428621 4.993962
v -1.0454736 -4.428621 5.242369
v -0.8065821 -4.4286203 5.242369
v -1.0454736 -4.428621 4.993962
v -1.0454726 -1.5470357 4.993962
v -1.0454726 -1.5470357 5.242369
v -1.0454736 -4.428621 5.242369
v -0.80658114 -1.5470357 4.993962
v -1.0454726 -1.5470357 4.993962
v -1.0454736 -4.428621 4.993962
v -0.8065821 -4.4286203 4.993962
v -0.8065821 -4.4286203 5.242369
v -1.0454736 -4.428621 5.242369
v -1.0454726 -1.5470357 5.242369
v -0.80658114 -1.5470357 5.242369
v -3.5343297 -3.5343297 2.9717345
v -3.5343297 3.5343297 2.9717345
v 3.5343297 3.5343297 2.9717345
v 3.5343297 -3.5343297 2.9717345
v -3.82411 -3.7672262 0.5697099
v -3.82411 4.051088 0.5697099
v -3.82411 4.051088 0.83841866
v -3.82411 -3.7672262 0.83841866
v -3.82411 4.051088 0.5697099
v 4.050005 4.051088 0.5697099
v 4.050005 4.051088 0.83841866
v -3.82411 4.051088 0.83841866
v 4.050005 4.051088 0.5697099
v 4.050005 -3.7672262 0.5697099
v 4.050005 -3.7672262 0.83841866
v 4.050005 4.051088 0.83841866
v 4.050005 -3.7672262 0.5697099
v -3.82411 -3.7672262 0.5697099
v -3.82411 -3.7672262 0.83841866
v 4.050005 -3.7672262 0.83841866
v -3.82411 4.051088 0.5697099
v -3.82411 -3.7672262 0.5697099
v 4.050005 -3.7672262 0.5697099
v 4.050005 4.051088 0.5697099
v 4.050005 4.051088 0.83841866
v 4.050005 -3.7672262 0.83841866
v -3.82411 -3.7672262 0.83841866
v -3.82411 4.051088 0.83841866
v -3.82411 -3.7672262 2.550541
v -3.82411 4.051088 2.550541
v -3.82411 4.051088 2.81925
v -3.82411 -3.7672262 2.81925
v -3.82411 4.051088 2.550541
v 4.050005 4.051088 2.550541
v 4.050005 4.051088 2.81925
v -3.82411 4.051088 2.81925
v 4.050005 4.051088 2.550541
v 4.050005 -3.7672262 2.550541
v 4.050005 -3.7672262 2.81925
v 4.050005 4.051088 2.81925
v 4.050005 -3.7672262 2.550541
v -3.82411 -3.7672262 2.550541
v -3.82411 -3.7672262 2.81925
v 4.050005 -3.7672262 2.81925
v -3.82411 4.051088 2.550541
v -3.82411 -3.7672262 2.550541
v 4.050005 -3.7672262 2.550541
v 4.050005 4.051088 2.550541
v 4.050005 4.051088 2.81925
v 4.050005 -3.7672262 2.81925
v -3.82411 -3.7672262 2.81925
v -3.82411 4.051088 2.81925
v -1.4815296 -1.3517367 4.9172335
v -4.350373 -1.351736 4.9172335
v -4.3503723 0.00277742 5.747206
v -1.4815291 0.002776841 5.747206
v -1.4815291 0.002776841 5.747206
v -4.3503723 1.3572907 4.9172335
v -1.4815291 1.3572901 4.9172335
v -4.3503723 0.00277742 5.747206
v -4.5625634 1.3572907 4.9172335
v -4.5625634 0.0027774528 5.747206
v 1.5658145 -0.0031406113 5.747206
v 4.434658 -0.0031407443 5.747206
v 4.4346576 -1.3576541 4.9172335
v 1.5658144 -1.357654 4.9172335
v 1.5658149 1.3513727 4.9172335
v 4.434658 1.3513726 4.9172335
v 4.434658 -0.0031407443 5.747206
v 1.5658145 -0.0031406113 5.747206
v -0.70058495 1.5919309 5.33222
v -0.023327895 4.4607744 5.747206
v -0.023328206 1.5919307 5.747206
v -0.7005845 4.4607744 5.33222
v -1.3778417 1.591931 4.9172335
v -0.023327895 4.6802664 5.7472067
v -0.7005845 4.6802664 5.33222
v -1.377841 4.4607744 4.9172335
v -1.377841 4.6802664 4.9172335
v -0.7005845 4.6802664 5.33222
v -0.7005845 4.4607744 5.33222
v 0.6539285 1.5919309 5.33222
v 1.3311853 4.4607744 4.9172335
v 1.3311852 1.5919311 4.9172335
v 0.65392876 4.4607744 5.33222
v -0.023328206 1.5919307 5.747206
v -0.023327895 4.4607744 5.747206
v 1.3252698 -1.5751647 4.9172335
v 1.3252686 -4.4440074 4.9172335
v -0.029244436 -4.4440074 5.747206
v -0.029243689 -1.5751641 5.747206
v -0.029243689 -1.5751641 5.747206
v -0.029244436 -4.4440074 5.747206
v -1.3837576 -4.4440074 4.9172335
v -1.3837571 -1.5751641 4.9172335
v 4.4346576 -1.3576541 4.9172335
v 4.6024117 -1.3576541 4.9172335
v 4.6024117 -1.2571409 4.7598014
v 4.4346576 -1.2571408 4.7598014
v 1.5658144 -1.2571406 4.7598014
v 1.5658144 -1.357654 4.9172335
v -1.2773277 4.4607744 4.7598014
v -1.3778417 1.591931 4.9172335
v -1.2773284 1.591931 4.7598014
v -1.377841 4.4607744 4.9172335
v -1.377841 4.6802664 4.9172335
v -1.2773278 4.6802664 4.7598014
v 4.434658 1.2508593 4.7598014
v 1.5658149 1.3513727 4.9172335
v 1.5658149 1.2508594 4.7598014
v 4.434658 1.3513726 4.9172335
v 4.602412 1.3513726 4.9172335
v 4.602412 1.2508593 4.7598014
v -4.3503723 1.2567774 4.7598014
v -4.5625634 1.2567774 4.7598014
v -4.5625634 0.0027774484 5.5604234
v -4.3503723 0.0027774158 5.5604234
v 1.2247553 -4.4440074 4.7598014
v 1.2247553 -4.6987743 4.7598014
v 1.3252685 -4.6987743 4.9172335
v 1.3252686 -4.4440074 4.9172335
v 1.3252698 -1.5751647 4.9172335
v 1.2247565 -1.5751647 4.7598014
v -1.4815291 1.2567768 4.7598014
v -1.4815291 1.3572901 4.9172335
v -4.3503723 1.3572907 4.9172335
v -4.3503723 1.2567774 4.7598014
v -4.5625634 1.2567774 4.7598014
v -4.5625634 1.3572907 4.9172335
v -4.5625634 1.2567774 4.7598014
v -4.5625634 1.3572907 4.9172335
v -4.5625634 0.0027774528 5.747206
v -4.5625634 0.0027774484 5.5604234
v -4.5625634 0.0027774484 5.5604234
v -4.562564 -1.3517358 4.9172335
v -4.562564 -1.2512226 4.7598014
v 4.602412 -0.0031407785 5.5604234
v 4.602412 -0.0031407701 5.747206
v 4.602412 1.3513726 4.9172335
v 4.602412 1.2508593 4.7598014
v -1.2832441 -4.6987743 4.7598014
v -1.3837576 -4.6987743 4.9172335
v -0.029244434 -4.6987743 5.747206
v -0.029244423 -4.6987743 5.560423
v 1.3252685 -4.6987743 4.9172335
v 1.2247553 -4.6987743 4.7598014
v -0.65032786 4.6802664 5.1601124
v -0.7005845 4.6802664 5.33222
v -1.377841 4.6802664 4.9172335
v -1.2773278 4.6802664 4.7598014
v 4.6024117 -1.2571409 4.7598014
v 4.6024117 -1.3576541 4.9172335
v 4.602412 -0.0031407701 5.747206
v 4.602412 -0.0031407785 5.5604234
v 4.434658 -0.0031407527 5.5604234
v 4.602412 -0.0031407785 5.5604234
v 4.602412 1.2508593 4.7598014
v 4.434658 1.2508593 4.7598014
v -0.029244436 -4.4440074 5.747206
v -0.029244434 -4.6987743 5.747206
v -1.3837576 -4.6987743 4.9172335
v -1.3837576 -4.4440074 4.9172335
v 0.65392876 4.4607744 5.33222
v 1.3311853 4.6802664 4.9172335
v 1.3311853 4.4607744 4.9172335
v 0.65392876 4.6802664 5.33222
v -0.023327895 4.4607744 5.747206
v -0.023327895 4.6802664 5.7472067
v -1.2832443 -4.4440074 4.7598014
v -1.2832441 -4.6987743 4.7598014
v -0.029244423 -4.6987743 5.560423
v -0.029244423 -4.4440074 5.5604234
v -4.3503723 0.0027774158 5.5604234
v -4.5625634 0.0027774484 5.5604234
v -4.562564 -1.2512226 4.7598014
v -4.350373 -1.2512226 4.7598014
v 4.434658 1.3513726 4.9172335
v 4.602412 1.3513726 4.9172335
v 4.602412 -0.0031407701 5.747206
v 4.434658 -0.0031407443 5.747206
v 1.3252686 -4.4440074 4.9172335
v 1.3252685 -4.6987743 4.9172335
v -0.029244434 -4.6987743 5.747206
v -0.029244436 -4.4440074 5.747206
v -0.6503278 4.4607744 5.1601124
v -1.2773278 4.6802664 4.7598014
v -1.2773277 4.4607744 4.7598014
v -0.65032786 4.6802664 5.1601124
v -0.023327898 4.4607744 5.5604234
v -0.023327898 4.6802664 5.560424
v -4.350373 -1.351736 4.9172335
v -4.562564 -1.3517358 4.9172335
v -4.5625634 0.0027774528 5.747206
v -4.3503723 0.00277742 5.747206
v -0.029244423 -4.4440074 5.5604234
v -0.029244423 -4.6987743 5.560423
v 1.2247553 -4.6987743 4.7598014
v 1.2247553 -4.4440074 4.7598014
v 4.4346576 -1.2571408 4.7598014
v 4.6024117 -1.2571409 4.7598014
v 4.602412 -0.0031407785 5.5604234
v 4.434658 -0.0031407527 5.5604234
v -0.6503283 1.5919309 0.0015902582
v -1.2773284 1.591931 0.0015902582
v -1.2773284 1.591931 2.1230133
v -0.6503283 1.5919309 2.1230133
v -0.023328196 1.5919307 0.0015902582
v -1.2773284 1.591931 4.30743
v -0.023328196 1.5919307 2.1230133
v 0.60367185 1.5919309 0.0015902582
v -0.6503283 1.5919309 4.30743
v -1.2773284 1.591931 4.7598014
v -0.6503283 1.5919309 5.1601124
v -0.023328196 1.5919307 4.30743
v -0.023328196 1.5919307 5.5604234
v 0.60367185 1.5919309 2.1230133
v 1.2306719 1.5919311 0.0015902582
v 1.2306719 1.5919311 2.1230133
v 0.60367185 1.5919309 4.30743
v 0.60367185 1.5919309 5.1601124
v 1.2306719 1.5919311 4.30743
v 1.2306719 1.5919311 4.7598014
v 1.2306721 4.6802664 4.7598014
v 1.3311853 4.6802664 4.9172335
v 0.65392876 4.6802664 5.33222
v 0.60367215 4.6802664 5.1601124
v 0.60367215 4.6802664 5.1601124
v -0.023327895 4.6802664 5.7472067
v -0.023327898 4.6802664 5.560424
v -0.7005845 4.6802664 5.33222
v -0.65032786 4.6802664 5.1601124
v -0.54799783 4.4607744 4.30743
v -0.54799783 4.346907 4.30743
v -0.54799783 4.346907 2.1230133
v -0.54799783 4.4607744 2.1230133
v 0.07900207 4.4607744 4.30743
v 0.07900207 4.346907 4.30743
v 0.07900207 4.346907 2.1230133
v 0.07900207 4.4607744 2.1230133
v -0.12565787 4.4607744 4.30743
v -0.12565787 4.346907 4.30743
v 0.07900207 4.346907 4.30743
v 0.07900207 4.4607744 4.30743
v 0.07900207 4.346907 4.30743
v -0.12565787 4.346907 4.30743
v -0.12565787 4.346907 2.1230133
v 0.07900207 4.346907 2.1230133
v 0.70600206 4.346907 4.30743
v 0.5013421 4.346907 4.30743
v 0.5013421 4.346907 2.1230133
v 0.70600206 4.346907 2.1230133
v -0.54799783 4.346907 4.30743
v -0.7526578 4.346907 4.30743
v -0.7526578 4.346907 2.1230133
v -0.54799783 4.346907 2.1230133
v -0.12565787 4.4607744 2.1230133
v -0.12565787 4.346907 2.1230133
v -0.12565787 4.346907 4.30743
v -0.12565787 4.4607744 4.30743
v -0.7526578 4.4607744 4.30743
v -0.7526578 4.346907 4.30743
v -0.54799783 4.346907 4.30743
v -0.54799783 4.4607744 4.30743
v -0.7526578 4.4607744 2.1230133
v -0.7526578 4.346907 2.1230133
v -0.7526578 4.346907 4.30743
v -0.7526578 4.4607744 4.30743
v -0.54799783 4.4607744 2.1230133
v -0.54799783 4.346907 2.1230133
v -0.7526578 4.346907 2.1230133
v -0.7526578 4.4607744 2.1230133
v 0.70600206 4.4607744 4.30743
v 0.70600206 4.346907 4.30743
v 0.70600206 4.346907 2.1230133
v 0.70600206 4.4607744 2.1230133
v 0.5013421 4.4607744 4.30743
v 0.5013421 4.346907 4.30743
v 0.70600206 4.346907 4.30743
v 0.70600206 4.4607744 4.30743
v 0.70600206 4.4607744 2.1230133
v 0.70600206 4.346907 2.1230133
v 0.5013421 4.346907 2.1230133
v 0.5013421 4.4607744 2.1230133
v 0.5013421 4.4607744 2.1230133
v 0.5013421 4.346907 2.1230133
v 0.5013421 4.346907 4.30743
v 0.5013421 4.4607744 4.30743
v 0.07900207 4.4607744 2.1230133
v 0.07900207 4.346907 2.1230133
v -0.12565787 4.346907 2.1230133
v -0.12565787 4.4607744 2.1230133
vt 0.375 0
vt 0.375 0.25
vt 0.625 0.25
vt 0.625 0
vt 0.125 0.5
vt 0.125 0.75
vt 0.375 0.75
vt 0.375 0.5
vt 0.375 0.25
vt 0.375 0.5
vt 0.625 0.5
vt 0.625 0.25
vt 0.625 0.5
vt 0.625 0.75
vt 0.875 0.75
vt 0.875 0.5
vt 0.375 0.5
vt 0.375 0.75
vt 0.625 0.75
vt 0.625 0.5
vt 0.125 0.5
vt 0.125 0.75
vt 0.375 0.75
vt 0.375 0.5
vt 0.625 0.5
vt 0.625 0.75
vt 0.875 0.75
vt 0.875 0.5
vt 0.375 0.25
vt 0.375 0.5
vt 0.625 0.5
vt 0.625 0.25
vt 0.375 0
vt 0.375 0.25
vt 0.625 0.25
vt 0.625 0
vt 0.375 0.75
vt 0.375 1
vt 0.625 1
vt 0.625 0.75
vt 0.375 0.5
vt 0.375 0.75
vt 0.625 0.75
vt 0.625 0.5
vt 0.375 0
vt 0.375 0.25
vt 0.625 0.25
vt 0.625 0
vt 0.375 0.75
vt 0.375 1
vt 0.625 1
vt 0.625 0.75
vt 0.375 0.25
vt 0.375 0.5
vt 0.625 0.5
vt 0.625 0.25
vt 0.125 0.5
vt 0.125 0.75
vt 0.375 0.75
vt 0.375 0.5
vt 0.375 0
vt 0.375 0.25
vt 0.625 0.25
vt 0.625 0
vt 0.375 0.25
vt 0.375 0.5
vt 0.625 0.5
vt 0.625 0.25
vt 0.375 0.75
vt 0.375 1
vt 0.625 1
vt 0.625 0.75
vt 0.375 0.5
vt 0.375 0.75
vt 0.625 0.75
vt 0.625 0.5
vt 0.625 0.5
vt 0.625 0.75
vt 0.875 0.75
vt 0.875 0.5
vt 0.375 0.2
vt 0.375 0.25
vt 0.625 0.25
vt 0.625 0.2
vt 0.375 0.15
vt 0.625 0.2
vt 0.625 0.25
vt 0.625 0.15
vt 0.375 0.1
vt 0.625 0.1
vt 0.375 0.05
vt 0.625 0.1
vt 0.625 0.15
vt 0.625 0.05
vt 0.375 0
vt 0.625 0
vt 0.625 0
vt 0.625 0.05
vt 0.375 0.70000005
vt 0.375 0.75
vt 0.625 0.75
vt 0.625 0.7
vt 0.375 0.65000004
vt 0.625 0.7
vt 0.625 0.75
vt 0.625 0.65
vt 0.375 0.6
vt 0.625 0.6
vt 0.375 0.55
vt 0.625 0.6
vt 0.625 0.65
vt 0.625 0.55
vt 0.375 0.5
vt 0.625 0.5
vt 0.625 0.5
vt 0.625 0.55
vt 0.375 0.95000005
vt 0.375 1
vt 0.625 1
vt 0.625 0.95
vt 0.375 0.90000004
vt 0.625 0.95
vt 0.625 1
vt 0.625 0.9
vt 0.375 0.84999996
vt 0.625 0.85
vt 0.375 0.79999995
vt 0.625 0.85
vt 0.625 0.9
vt 0.625 0.8
vt 0.375 0.75
vt 0.625 0.75
vt 0.625 0.75
vt 0.625 0.8
vt 0.625 0.70000005
vt 0.625 0.75
vt 0.875 0.75
vt 0.875 0.7
vt 0.625 0.65000004
vt 0.875 0.7
vt 0.875 0.75
vt 0.875 0.65
vt 0.625 0.6
vt 0.875 0.6
vt 0.625 0.55
vt 0.875 0.55
vt 0.625 0.5
vt 0.875 0.5
vt 0.875 0.5
vt 0.875 0.55
vt 0.875 0.6
vt 0.375 0.75
vt 0.625 0.875
vt 0.625 0.75
vt 0.375 0.875
vt 0.625 1
vt 0.375 1
vt 0.375 0.375
vt 0.375 0.5
vt 0.625 0.5
vt 0.625 0.375
vt 0.375 0.25
vt 0.625 0.25
vt 0.625 0.9375
vt 0.625 0.875
vt 0.625 0.875
vt 0.625 0.9375
vt 0.625 1
vt 0.625 1
vt 0.25 0.5
vt 0.375 0.75
vt 0.375 0.5
vt 0.25 0.75
vt 0.125 0.5
vt 0.125 0.75
vt 0.625 0.75
vt 0.625 0.5
vt 0.625 0.5
vt 0.625 0.75
vt 0.625 0.75
vt 0.625 0.75
vt 0.375 0.5
vt 0.375 0.75
vt 0.625 0.75
vt 0.625 0.5
vt 0.375 0
vt 0.375 0.25
vt 0.625 0.25
vt 0.625 0
vt 0.375 0
vt 0.375 0.25
vt 0.625 0.25
vt 0.625 0
vt 0.375 0.375
vt 0.375 0.5
vt 0.625 0.5
vt 0.625 0.375
vt 0.375 0.25
vt 0.625 0.25
vt 0.375 0.5
vt 0.375 0.75
vt 0.625 0.75
vt 0.625 0.5
vt 0.375 0.875
vt 0.375 1
vt 0.625 1
vt 0.625 0.875
vt 0.375 0.75
vt 0.625 0.75
vt 0.25 0.5
vt 0.375 0.75
vt 0.375 0.5
vt 0.25 0.75
vt 0.125 0.5
vt 0.125 0.75
vt 0.75 0.75
vt 0.75 0.75
vt 0.875 0.75
vt 0.875 0.75
vt 0.625 0.25
vt 0.625 0.25
vt 0.625 0
vt 0.625 0
vt 0.625 0
vt 0.625 0
vt 0.19496486 0.71672535
vt 0.19496486 0.71672535
vt 0.17500001 0.75
vt 0.17500001 0.75
vt 0.3050351 0.71672523
vt 0.3050351 0.71672523
vt 0.34172523 0.71672523
vt 0.34172523 0.71672523
vt 0.3050351 0.71672523
vt 0.34172523 0.71672523
vt 0.26834503 0.7167253
vt 0.26834503 0.7167253
vt 0.23165494 0.71672535
vt 0.23165494 0.71672535
vt 0.26834503 0.7167253
vt 0.23165494 0.71672535
vt 0.19496486 0.71672535
vt 0.19496486 0.71672535
vt 0.15827474 0.71672535
vt 0.15827474 0.71672535
vt 0.19496486 0.71672535
vt 0.15827474 0.71672535
vt 0.125 0.7
vt 0.125 0.7
vt 0.15827474 0.68003523
vt 0.15827474 0.68003523
vt 0.15827474 0.71672535
vt 0.15827474 0.71672535
vt 0.15827474 0.68003523
vt 0.15827474 0.68003523
vt 0.15827474 0.71672535
vt 0.15827474 0.68003523
vt 0.15827474 0.6433451
vt 0.15827474 0.6433451
vt 0.15827474 0.606655
vt 0.15827474 0.606655
vt 0.15827475 0.5699649
vt 0.15827475 0.5699649
vt 0.15827474 0.606655
vt 0.15827474 0.53327477
vt 0.15827475 0.5699649
vt 0.15827474 0.53327477
vt 0.15827474 0.53327477
vt 0.34172526 0.53327477
vt 0.34172526 0.53327477
vt 0.34172523 0.5699648
vt 0.34172523 0.5699648
vt 0.34172526 0.53327477
vt 0.34172523 0.5699648
vt 0.34172523 0.6066549
vt 0.34172523 0.6066549
vt 0.34172523 0.643345
vt 0.34172523 0.643345
vt 0.34172523 0.6066549
vt 0.34172523 0.643345
vt 0.34172523 0.6800351
vt 0.34172523 0.6800351
vt 0.34172523 0.71672523
vt 0.34172523 0.71672523
vt 0.34172523 0.6800351
vt 0.34172523 0.71672523
vt 0.30503517 0.53327477
vt 0.34172523 0.5699648
vt 0.34172526 0.53327477
vt 0.30503514 0.5699648
vt 0.26834506 0.53327477
vt 0.34172523 0.6066549
vt 0.26834506 0.5699648
vt 0.23165494 0.53327477
vt 0.30503514 0.6066549
vt 0.34172523 0.643345
vt 0.23165494 0.5699648
vt 0.19496484 0.53327477
vt 0.30503514 0.64334506
vt 0.34172523 0.6800351
vt 0.26834506 0.6066549
vt 0.19496486 0.5699649
vt 0.15827474 0.53327477
vt 0.15827475 0.5699649
vt 0.30503514 0.6800352
vt 0.34172523 0.71672523
vt 0.3050351 0.71672523
vt 0.26834506 0.64334506
vt 0.23165494 0.6066549
vt 0.19496484 0.60665494
vt 0.15827474 0.606655
vt 0.26834506 0.68003523
vt 0.26834503 0.7167253
vt 0.23165494 0.64334506
vt 0.19496484 0.6433451
vt 0.15827474 0.6433451
vt 0.23165494 0.68003523
vt 0.23165494 0.71672535
vt 0.19496484 0.68003523
vt 0.15827474 0.68003523
vt 0.19496486 0.71672535
vt 0.15827474 0.71672535
vt 0.175 0.5
vt 0.175 0.5
vt 0.19496484 0.53327477
vt 0.19496484 0.53327477
vt 0.34172523 0.6800351
vt 0.375 0.70000005
vt 0.375 0.65000004
vt 0.34172523 0.643345
vt 0.34172523 0.6066549
vt 0.375 0.6
vt 0.375 0.55
vt 0.34172523 0.5699648
vt 0.23165494 0.53327477
vt 0.23165494 0.53327477
vt 0.225 0.5
vt 0.225 0.5
vt 0.15827474 0.606655
vt 0.15827474 0.606655
vt 0.125 0.6
vt 0.125 0.6
vt 0.15827474 0.606655
vt 0.125 0.6
vt 0.125 0.65
vt 0.15827474 0.6433451
vt 0.125 0.7
vt 0.15827474 0.68003523
vt 0.575 0.25
vt 0.625 0.3
vt 0.625 0.25
vt 0.575 0.3
vt 0.525 0.25
vt 0.625 0.35
vt 0.525 0.3
vt 0.47499996 0.25
vt 0.575 0.35000002
vt 0.625 0.4
vt 0.47499996 0.3
vt 0.42499998 0.25
vt 0.575 0.40000004
vt 0.625 0.45000002
vt 0.525 0.35000002
vt 0.42499998 0.3
vt 0.375 0.25
vt 0.375 0.3
vt 0.575 0.45000002
vt 0.625 0.5
vt 0.575 0.5
vt 0.525 0.4
vt 0.47499996 0.35000002
vt 0.42499998 0.35000002
vt 0.375 0.35000002
vt 0.525 0.45
vt 0.525 0.5
vt 0.47499996 0.39999998
vt 0.42499998 0.39999998
vt 0.375 0.4
vt 0.47499996 0.45
vt 0.47500002 0.5
vt 0.42499998 0.45
vt 0.375 0.45
vt 0.425 0.5
vt 0.375 0.5
vt 0.30503517 0.53327477
vt 0.32500002 0.5
vt 0.275 0.5
vt 0.26834506 0.53327477
vt 0.275 0.5
vt 0.275 0.5
vt 0.26834506 0.53327477
vt 0.26834506 0.53327477
vt 0.23165494 0.53327477
vt 0.225 0.5
vt 0.175 0.5
vt 0.19496484 0.53327477
vt 0.19496486 0.71672535
vt 0.17500001 0.75
vt 0.22500001 0.75
vt 0.23165494 0.71672535
vt 0.26834503 0.7167253
vt 0.27499998 0.75
vt 0.325 0.75
vt 0.3050351 0.71672523
vt 0.15827474 0.53327477
vt 0.15827474 0.53327477
vt 0.19496484 0.53327477
vt 0.19496484 0.53327477
vt 0.15827474 0.53327477
vt 0.19496484 0.53327477
vt 0.23165494 0.53327477
vt 0.23165494 0.53327477
vt 0.26834506 0.53327477
vt 0.26834506 0.53327477
vt 0.23165494 0.53327477
vt 0.26834506 0.53327477
vt 0.30503517 0.53327477
vt 0.30503517 0.53327477
vt 0.34172526 0.53327477
vt 0.34172526 0.53327477
vt 0.30503517 0.53327477
vt 0.34172526 0.53327477
vt 0.3050351 0.71672523
vt 0.325 0.75
vt 0.375 0.75
vt 0.34172523 0.71672523
vt 0.375 0.70000005
vt 0.34172523 0.6800351
vt 0.15827474 0.68003523
vt 0.125 0.7
vt 0.125 0.75
vt 0.15827474 0.71672535
vt 0.17500001 0.75
vt 0.19496486 0.71672535
vt 0.19496484 0.53327477
vt 0.175 0.5
vt 0.125 0.5
vt 0.15827474 0.53327477
vt 0.125 0.55
vt 0.15827475 0.5699649
vt 0.125 0.6
vt 0.15827474 0.606655
vt 0.34172523 0.5699648
vt 0.375 0.55
vt 0.375 0.5
vt 0.34172526 0.53327477
vt 0.32500002 0.5
vt 0.30503517 0.53327477
vt 0.34172523 0.643345
vt 0.375 0.65000004
vt 0.375 0.6
vt 0.34172523 0.6066549
vt 0.26834506 0.53327477
vt 0.275 0.5
vt 0.225 0.5
vt 0.23165494 0.53327477
vt 0.23165494 0.71672535
vt 0.22500001 0.75
vt 0.27499998 0.75
vt 0.26834503 0.7167253
vt 0.22500001 0.75
vt 0.22500001 0.75
vt 0.23165494 0.71672535
vt 0.23165494 0.71672535
vt 0.26834503 0.7167253
vt 0.26834503 0.7167253
vt 0.27499998 0.75
vt 0.27499998 0.75
vt 0.325 0.75
vt 0.325 0.75
vt 0.3050351 0.71672523
vt 0.3050351 0.71672523
vt 0.34172523 0.6800351
vt 0.34172523 0.6800351
vt 0.375 0.70000005
vt 0.375 0.70000005
vt 0.375 0.65000004
vt 0.375 0.65000004
vt 0.34172523 0.643345
vt 0.34172523 0.643345
vt 0.34172523 0.6066549
vt 0.34172523 0.6066549
vt 0.375 0.6
vt 0.375 0.6
vt 0.375 0.55
vt 0.375 0.55
vt 0.34172523 0.5699648
vt 0.34172523 0.5699648
vt 0.30503517 0.53327477
vt 0.30503517 0.53327477
vt 0.32500002 0.5
vt 0.32500002 0.5
vt 0.58461237 0
vt 0.625 0.25
vt 0.625 0
vt 0.58461237 0.25
vt 0.375 0
vt 0.375 0.25
vt 0.58461237 0.25
vt 0.625 0.5
vt 0.625 0.25
vt 0.58461237 0.5
vt 0.375 0.25
vt 0.375 0.5
vt 0.58461237 0.75
vt 0.58461237 0.75
vt 0.58461237 0.5
vt 0.58461237 0.5
vt 0.58461237 0.75
vt 0.625 1
vt 0.625 0.75
vt 0.58461237 1
vt 0.375 0.75
vt 0.375 1
vt 0.125 0.5
vt 0.125 0.75
vt 0.375 0.75
vt 0.375 0.5
vt 0.625 0.5
vt 0.625 0.75
vt 0.875 0.75
vt 0.875 0.5
vt 0.375 0.5
vt 0.375 0.75
vt 0.58461237 0.75
vt 0.58461237 0.5
vt 0.625 0.75
vt 0.625 0.75
vt 0.58461237 0.75
vt 0.58461237 0.75
vt 0.625 0.75
vt 0.58461237 0.75
vt 0.58461237 0.5
vt 0.625 0.5
vt 0.625 0.5
vt 0.58461237 0.5
vt 0.625 0.5
vt 0.58461237 0.5
vt 0.625 0.5
vt 0.625 0.5
vt 0.625 0.75
vt 0.625 0.75
vt 0.58461237 0.5
vt 0.58461237 0.75
vt 0.625 0.75
vt 0.625 0.5
vt 0.625 0.5
vt 0.625 0.5
vt 0.625 0.75
vt 0.625 0.75
vt 0.58461237 0.75
vt 0.58461237 0.75
vt 0.58461237 0.5
vt 0.58461237 0.5
vt 0.375 0.21428572
vt 0.375 0.25
vt 0.625 0.25
vt 0.625 0.21428572
vt 0.375 0.17857143
vt 0.625 0.21428572
vt 0.625 0.25
vt 0.625 0.17857143
vt 0.375 0.14285715
vt 0.625 0.14285715
vt 0.375 0.107142866
vt 0.625 0.107142866
vt 0.375 0.071428575
vt 0.625 0.071428575
vt 0.375 0.035714287
vt 0.625 0.071428575
vt 0.625 0.107142866
vt 0.625 0.035714287
vt 0.375 0
vt 0.625 0
vt 0.375 0.25
vt 0.375 0.5
vt 0.625 0.5
vt 0.625 0.25
vt 0.375 0.71428573
vt 0.375 0.75
vt 0.625 0.75
vt 0.625 0.7142857
vt 0.375 0.6785714
vt 0.625 0.67857134
vt 0.375 0.64285713
vt 0.625 0.6428571
vt 0.375 0.60714287
vt 0.625 0.6071428
vt 0.375 0.57142854
vt 0.625 0.57142854
vt 0.375 0.53571427
vt 0.625 0.53571427
vt 0.375 0.5
vt 0.625 0.5
vt 0.625 0.5
vt 0.625 0.53571427
vt 0.375 0.75
vt 0.375 1
vt 0.625 1
vt 0.625 0.75
vt 0.125 0.7142857
vt 0.125 0.75
vt 0.375 0.75
vt 0.375 0.71428573
vt 0.125 0.67857134
vt 0.375 0.6785714
vt 0.125 0.6428571
vt 0.375 0.64285713
vt 0.125 0.6071428
vt 0.375 0.60714287
vt 0.125 0.57142854
vt 0.375 0.57142854
vt 0.125 0.53571427
vt 0.375 0.53571427
vt 0.125 0.5
vt 0.375 0.5
vt 0.875 0.53571427
vt 0.875 0.53571427
vt 0.625 0.53571427
vt 0.625 0.53571427
vt 0.625 0.53571427
vt 0.625 0.57142854
vt 0.875 0.57142854
vt 0.875 0.53571427
vt 0.625 0.5
vt 0.625 0.5
vt 0.625 0.25
vt 0.625 0.25
vt 0.625 0.6071428
vt 0.625 0.6428571
vt 0.875 0.64285713
vt 0.875 0.60714287
vt 0.625 0.67857134
vt 0.625 0.67857134
vt 0.625 0.6428571
vt 0.625 0.6428571
vt 0.625 0.67857134
vt 0.625 0.7142857
vt 0.875 0.71428573
vt 0.875 0.6785714
vt 0.625 0.7142857
vt 0.625 0.75
vt 0.875 0.75
vt 0.875 0.71428573
vt 0.625 0.5
vt 0.625 0.53571427
vt 0.875 0.53571427
vt 0.875 0.5
vt 0.625 0.57142854
vt 0.625 0.6071428
vt 0.875 0.60714287
vt 0.875 0.57142854
vt 0.625 0.6428571
vt 0.625 0.67857134
vt 0.875 0.6785714
vt 0.875 0.64285713
vt 0.625 0.17857143
vt 0.625 0.17857143
vt 0.625 0.14285715
vt 0.625 0.14285715
vt 0.625 0.57142854
vt 0.625 0.57142854
vt 0.875 0.57142854
vt 0.875 0.57142854
vt 0.625 0.75
vt 0.625 0.75
vt 0.625 0.7142857
vt 0.625 0.7142857
vt 0.875 0.60714287
vt 0.875 0.60714287
vt 0.625 0.6071428
vt 0.625 0.6071428
vt 0.625 0.6428571
vt 0.625 0.6428571
vt 0.875 0.64285713
vt 0.875 0.64285713
vt 0.625 0.6071428
vt 0.625 0.6071428
vt 0.625 0.57142854
vt 0.625 0.57142854
vt 0.875 0.6785714
vt 0.875 0.6785714
vt 0.625 0.67857134
vt 0.625 0.67857134
vt 0.625 0.035714287
vt 0.625 0.035714287
vt 0.625 0
vt 0.625 0
vt 0.625 1
vt 0.625 1
vt 0.625 0.75
vt 0.625 0.75
vt 0.625 0.7142857
vt 0.625 0.7142857
vt 0.875 0.71428573
vt 0.875 0.71428573
vt 0.375 0.21428572
vt 0.375 0.25
vt 0.625 0.25
vt 0.625 0.21428572
vt 0.375 0.17857143
vt 0.625 0.17857143
vt 0.375 0.14285715
vt 0.625 0.14285715
vt 0.375 0.107142866
vt 0.625 0.107142866
vt 0.375 0.071428575
vt 0.625 0.071428575
vt 0.375 0.035714287
vt 0.625 0.035714287
vt 0.375 0
vt 0.625 0
vt 0.375 0.25
vt 0.375 0.5
vt 0.625 0.5
vt 0.625 0.25
vt 0.625 0.25
vt 0.625 0.5
vt 0.375 0.71428573
vt 0.375 0.75
vt 0.625 0.75
vt 0.625 0.7142857
vt 0.375 0.6785714
vt 0.625 0.7142857
vt 0.625 0.75
vt 0.625 0.67857134
vt 0.375 0.64285713
vt 0.625 0.6428571
vt 0.375 0.60714287
vt 0.625 0.6071428
vt 0.375 0.57142854
vt 0.625 0.57142854
vt 0.375 0.53571427
vt 0.625 0.53571427
vt 0.375 0.5
vt 0.625 0.5
vt 0.375 0.75
vt 0.375 1
vt 0.625 1
vt 0.625 0.75
vt 0.625 0.75
vt 0.625 1
vt 0.125 0.7142857
vt 0.125 0.75
vt 0.375 0.75
vt 0.375 0.71428573
vt 0.125 0.67857134
vt 0.375 0.6785714
vt 0.125 0.6428571
vt 0.375 0.64285713
vt 0.125 0.6071428
vt 0.375 0.60714287
vt 0.125 0.57142854
vt 0.375 0.57142854
vt 0.125 0.53571427
vt 0.375 0.53571427
vt 0.125 0.5
vt 0.375 0.5
vt 0.875 0.53571427
vt 0.875 0.53571427
vt 0.625 0.53571427
vt 0.625 0.53571427
vt 0.625 0.107142866
vt 0.625 0.107142866
vt 0.625 0.071428575
vt 0.625 0.071428575
vt 0.625 0.53571427
vt 0.625 0.57142854
vt 0.875 0.57142854
vt 0.875 0.53571427
vt 0.625 0.6071428
vt 0.625 0.6428571
vt 0.875 0.64285713
vt 0.875 0.60714287
vt 0.625 0.67857134
vt 0.625 0.67857134
vt 0.625 0.6428571
vt 0.625 0.6428571
vt 0.625 0.67857134
vt 0.625 0.7142857
vt 0.875 0.71428573
vt 0.875 0.6785714
vt 0.625 0.7142857
vt 0.625 0.75
vt 0.875 0.75
vt 0.875 0.71428573
vt 0.625 0.5
vt 0.625 0.53571427
vt 0.875 0.53571427
vt 0.875 0.5
vt 0.625 0.57142854
vt 0.625 0.6071428
vt 0.875 0.60714287
vt 0.875 0.57142854
vt 0.625 0.6428571
vt 0.625 0.67857134
vt 0.875 0.6785714
vt 0.875 0.64285713
vt 0.625 0.17857143
vt 0.625 0.17857143
vt 0.625 0.14285715
vt 0.625 0.14285715
vt 0.625 0.57142854
vt 0.625 0.57142854
vt 0.875 0.57142854
vt 0.875 0.57142854
vt 0.625 0.53571427
vt 0.625 0.53571427
vt 0.625 0.5
vt 0.625 0.5
vt 0.875 0.60714287
vt 0.875 0.60714287
vt 0.625 0.6071428
vt 0.625 0.6071428
vt 0.625 0.6428571
vt 0.625 0.6428571
vt 0.875 0.64285713
vt 0.875 0.64285713
vt 0.625 0.25
vt 0.625 0.25
vt 0.625 0.21428572
vt 0.625 0.21428572
vt 0.625 0.6071428
vt 0.625 0.6071428
vt 0.625 0.57142854
vt 0.625 0.57142854
vt 0.875 0.6785714
vt 0.875 0.6785714
vt 0.625 0.67857134
vt 0.625 0.67857134
vt 0.625 0.035714287
vt 0.625 0.035714287
vt 0.625 0
vt 0.625 0
vt 0.625 0.7142857
vt 0.625 0.7142857
vt 0.875 0.71428573
vt 0.875 0.71428573
vt 0.375 0.21428572
vt 0.375 0.25
vt 0.625 0.25
vt 0.625 0.21428572
vt 0.375 0.17857143
vt 0.625 0.17857143
vt 0.375 0.14285715
vt 0.625 0.14285715
vt 0.375 0.107142866
vt 0.625 0.107142866
vt 0.375 0.071428575
vt 0.625 0.071428575
vt 0.375 0.035714287
vt 0.625 0.035714287
vt 0.375 0
vt 0.625 0
vt 0.625 0
vt 0.625 0.035714287
vt 0.375 0.25
vt 0.375 0.5
vt 0.625 0.5
vt 0.625 0.25
vt 0.625 0.25
vt 0.625 0.5
vt 0.375 0.71428573
vt 0.375 0.75
vt 0.625 0.75
vt 0.625 0.7142857
vt 0.375 0.6785714
vt 0.625 0.7142857
vt 0.625 0.75
vt 0.625 0.67857134
vt 0.375 0.64285713
vt 0.625 0.6428571
vt 0.375 0.60714287
vt 0.625 0.6071428
vt 0.375 0.57142854
vt 0.625 0.57142854
vt 0.375 0.53571427
vt 0.625 0.53571427
vt 0.375 0.5
vt 0.625 0.5
vt 0.375 0.75
vt 0.375 1
vt 0.625 1
vt 0.625 0.75
vt 0.625 0.75
vt 0.625 1
vt 0.125 0.7142857
vt 0.125 0.75
vt 0.375 0.75
vt 0.375 0.71428573
vt 0.125 0.67857134
vt 0.375 0.6785714
vt 0.125 0.6428571
vt 0.375 0.64285713
vt 0.125 0.6071428
vt 0.375 0.60714287
vt 0.125 0.57142854
vt 0.375 0.57142854
vt 0.125 0.53571427
vt 0.375 0.53571427
vt 0.125 0.5
vt 0.375 0.5
vt 0.875 0.53571427
vt 0.875 0.53571427
vt 0.625 0.53571427
vt 0.625 0.53571427
vt 0.625 0.107142866
vt 0.625 0.107142866
vt 0.625 0.071428575
vt 0.625 0.071428575
vt 0.625 0.53571427
vt 0.625 0.57142854
vt 0.875 0.57142854
vt 0.875 0.53571427
vt 0.625 0.6071428
vt 0.625 0.6428571
vt 0.875 0.64285713
vt 0.875 0.60714287
vt 0.625 0.67857134
vt 0.625 0.67857134
vt 0.625 0.6428571
vt 0.625 0.6428571
vt 0.625 0.67857134
vt 0.625 0.7142857
vt 0.875 0.71428573
vt 0.875 0.6785714
vt 0.625 0.7142857
vt 0.625 0.75
vt 0.875 0.75
vt 0.875 0.71428573
vt 0.625 0.5
vt 0.625 0.53571427
vt 0.875 0.53571427
vt 0.875 0.5
vt 0.625 0.57142854
vt 0.625 0.6071428
vt 0.875 0.60714287
vt 0.875 0.57142854
vt 0.625 0.6428571
vt 0.625 0.67857134
vt 0.875 0.6785714
vt 0.875 0.64285713
vt 0.625 0.17857143
vt 0.625 0.17857143
vt 0.625 0.14285715
vt 0.625 0.14285715
vt 0.625 0.57142854
vt 0.625 0.57142854
vt 0.875 0.57142854
vt 0.875 0.57142854
vt 0.625 0.53571427
vt 0.625 0.53571427
vt 0.625 0.5
vt 0.625 0.5
vt 0.875 0.60714287
vt 0.875 0.60714287
vt 0.625 0.6071428
vt 0.625 0.6071428
vt 0.625 0.6428571
vt 0.625 0.6428571
vt 0.875 0.64285713
vt 0.875 0.64285713
vt 0.625 0.25
vt 0.625 0.25
vt 0.625 0.21428572
vt 0.625 0.21428572
vt 0.625 0.6071428
vt 0.625 0.6071428
vt 0.625 0.57142854
vt 0.625 0.57142854
vt 0.875 0.6785714
vt 0.875 0.6785714
vt 0.625 0.67857134
vt 0.625 0.67857134
vt 0.625 0.7142857
vt 0.625 0.7142857
vt 0.875 0.71428573
vt 0.875 0.71428573
vt 0.375 0.21428572
vt 0.375 0.25
vt 0.625 0.25
vt 0.625 0.21428572
vt 0.375 0.17857143
vt 0.625 0.21428572
vt 0.625 0.25
vt 0.625 0.17857143
vt 0.375 0.14285715
vt 0.625 0.14285715
vt 0.375 0.107142866
vt 0.625 0.14285715
vt 0.625 0.17857143
vt 0.625 0.107142866
vt 0.375 0.071428575
vt 0.625 0.071428575
vt 0.375 0.035714287
vt 0.625 0.035714287
vt 0.375 0
vt 0.625 0
vt 0.375 0.25
vt 0.375 0.5
vt 0.625 0.5
vt 0.625 0.25
vt 0.625 0.25
vt 0.625 0.5
vt 0.375 0.71428573
vt 0.375 0.75
vt 0.625 0.75
vt 0.625 0.7142857
vt 0.375 0.6785714
vt 0.625 0.67857134
vt 0.375 0.64285713
vt 0.625 0.6428571
vt 0.375 0.60714287
vt 0.625 0.6071428
vt 0.375 0.57142854
vt 0.625 0.57142854
vt 0.375 0.53571427
vt 0.625 0.57142854
vt 0.625 0.6071428
vt 0.625 0.53571427
vt 0.375 0.5
vt 0.625 0.5
vt 0.625 0.5
vt 0.625 0.53571427
vt 0.375 0.75
vt 0.375 1
vt 0.625 1
vt 0.625 0.75
vt 0.625 0.75
vt 0.625 1
vt 0.125 0.7142857
vt 0.125 0.75
vt 0.375 0.75
vt 0.375 0.71428573
vt 0.125 0.67857134
vt 0.375 0.6785714
vt 0.125 0.6428571
vt 0.375 0.64285713
vt 0.125 0.6071428
vt 0.375 0.60714287
vt 0.125 0.57142854
vt 0.375 0.57142854
vt 0.125 0.53571427
vt 0.375 0.53571427
vt 0.125 0.5
vt 0.375 0.5
vt 0.875 0.53571427
vt 0.875 0.53571427
vt 0.625 0.53571427
vt 0.625 0.53571427
vt 0.625 0.107142866
vt 0.625 0.107142866
vt 0.625 0.071428575
vt 0.625 0.071428575
vt 0.625 0.53571427
vt 0.625 0.57142854
vt 0.875 0.57142854
vt 0.875 0.53571427
vt 0.625 0.6071428
vt 0.625 0.6428571
vt 0.875 0.64285713
vt 0.875 0.60714287
vt 0.625 0.67857134
vt 0.625 0.67857134
vt 0.625 0.6428571
vt 0.625 0.6428571
vt 0.625 0.67857134
vt 0.625 0.7142857
vt 0.875 0.71428573
vt 0.875 0.6785714
vt 0.625 0.7142857
vt 0.625 0.75
vt 0.875 0.75
vt 0.875 0.71428573
vt 0.625 0.5
vt 0.625 0.53571427
vt 0.875 0.53571427
vt 0.875 0.5
vt 0.625 0.57142854
vt 0.625 0.6071428
vt 0.875 0.60714287
vt 0.875 0.57142854
vt 0.625 0.6428571
vt 0.625 0.67857134
vt 0.875 0.6785714
vt 0.875 0.64285713
vt 0.625 0.57142854
vt 0.625 0.57142854
vt 0.875 0.57142854
vt 0.875 0.57142854
vt 0.625 0.75
vt 0.625 0.75
vt 0.625 0.7142857
vt 0.625 0.7142857
vt 0.875 0.60714287
vt 0.875 0.60714287
vt 0.625 0.6071428
vt 0.625 0.6071428
vt 0.625 0.6428571
vt 0.625 0.6428571
vt 0.875 0.64285713
vt 0.875 0.64285713
vt 0.875 0.6785714
vt 0.875 0.6785714
vt 0.625 0.67857134
vt 0.625 0.67857134
vt 0.625 0.035714287
vt 0.625 0.035714287
vt 0.625 0
vt 0.625 0
vt 0.625 0.7142857
vt 0.625 0.7142857
vt 0.875 0.71428573
vt 0.875 0.71428573
vt 0.375 0.21428572
vt 0.375 0.25
vt 0.625 0.25
vt 0.625 0.21428572
vt 0.375 0.17857143
vt 0.625 0.17857143
vt 0.375 0.14285715
vt 0.625 0.14285715
vt 0.375 0.107142866
vt 0.625 0.107142866
vt 0.375 0.071428575
vt 0.625 0.071428575
vt 0.375 0.035714287
vt 0.625 0.071428575
vt 0.625 0.107142866
vt 0.625 0.035714287
vt 0.375 0
vt 0.625 0
vt 0.375 0.25
vt 0.375 0.5
vt 0.625 0.5
vt 0.625 0.25
vt 0.375 0.71428573
vt 0.375 0.75
vt 0.625 0.75
vt 0.625 0.7142857
vt 0.375 0.6785714
vt 0.625 0.67857134
vt 0.375 0.64285713
vt 0.625 0.6428571
vt 0.375 0.60714287
vt 0.625 0.6071428
vt 0.375 0.57142854
vt 0.625 0.57142854
vt 0.375 0.53571427
vt 0.625 0.53571427
vt 0.375 0.5
vt 0.625 0.5
vt 0.375 0.75
vt 0.375 1
vt 0.625 1
vt 0.625 0.75
vt 0.625 0.75
vt 0.625 1
vt 0.125 0.7142857
vt 0.125 0.75
vt 0.375 0.75
vt 0.375 0.71428573
vt 0.125 0.67857134
vt 0.375 0.6785714
vt 0.125 0.6428571
vt 0.375 0.64285713
vt 0.125 0.6071428
vt 0.375 0.60714287
vt 0.125 0.57142854
vt 0.375 0.57142854
vt 0.125 0.53571427
vt 0.375 0.53571427
vt 0.125 0.5
vt 0.375 0.5
vt 0.875 0.53571427
vt 0.875 0.53571427
vt 0.625 0.53571427
vt 0.625 0.53571427
vt 0.625 0.53571427
vt 0.625 0.57142854
vt 0.875 0.57142854
vt 0.875 0.53571427
vt 0.625 0.5
vt 0.625 0.5
vt 0.625 0.25
vt 0.625 0.25
vt 0.625 0.6071428
vt 0.625 0.6428571
vt 0.875 0.64285713
vt 0.875 0.60714287
vt 0.625 0.67857134
vt 0.625 0.67857134
vt 0.625 0.6428571
vt 0.625 0.6428571
vt 0.625 0.67857134
vt 0.625 0.7142857
vt 0.875 0.71428573
vt 0.875 0.6785714
vt 0.625 0.7142857
vt 0.625 0.75
vt 0.875 0.75
vt 0.875 0.71428573
vt 0.625 0.5
vt 0.625 0.53571427
vt 0.875 0.53571427
vt 0.875 0.5
vt 0.625 0.57142854
vt 0.625 0.6071428
vt 0.875 0.60714287
vt 0.875 0.57142854
vt 0.625 0.6428571
vt 0.625 0.67857134
vt 0.875 0.6785714
vt 0.875 0.64285713
vt 0.625 0.17857143
vt 0.625 0.17857143
vt 0.625 0.14285715
vt 0.625 0.14285715
vt 0.625 0.57142854
vt 0.625 0.57142854
vt 0.875 0.57142854
vt 0.875 0.57142854
vt 0.625 0.53571427
vt 0.625 0.53571427
vt 0.625 0.5
vt 0.625 0.5
vt 0.625 0.75
vt 0.625 0.75
vt 0.625 0.7142857
vt 0.625 0.7142857
vt 0.875 0.60714287
vt 0.875 0.60714287
vt 0.625 0.6071428
vt 0.625 0.6071428
vt 0.625 0.6428571
vt 0.625 0.6428571
vt 0.875 0.64285713
vt 0.875 0.64285713
vt 0.625 0.25
vt 0.625 0.25
vt 0.625 0.21428572
vt 0.625 0.21428572
vt 0.625 0.6071428
vt 0.625 0.6071428
vt 0.625 0.57142854
vt 0.625 0.57142854
vt 0.875 0.6785714
vt 0.875 0.6785714
vt 0.625 0.67857134
vt 0.625 0.67857134
vt 0.625 0.035714287
vt 0.625 0.035714287
vt 0.625 0
vt 0.625 0
vt 0.625 0.7142857
vt 0.625 0.7142857
vt 0.875 0.71428573
vt 0.875 0.71428573
vt 0.375 0.21428572
vt 0.375 0.25
vt 0.625 0.25
vt 0.625 0.21428572
vt 0.375 0.17857143
vt 0.625 0.17857143
vt 0.375 0.14285715
vt 0.625 0.14285715
vt 0.375 0.107142866
vt 0.625 0.14285715
vt 0.625 0.17857143
vt 0.625 0.107142866
vt 0.375 0.071428575
vt 0.625 0.071428575
vt 0.375 0.035714287
vt 0.625 0.071428575
vt 0.625 0.107142866
vt 0.625 0.035714287
vt 0.375 0
vt 0.625 0
vt 0.375 0.25
vt 0.375 0.5
vt 0.625 0.5
vt 0.625 0.25
vt 0.625 0.25
vt 0.625 0.5
vt 0.375 0.71428573
vt 0.375 0.75
vt 0.625 0.75
vt 0.625 0.7142857
vt 0.375 0.6785714
vt 0.625 0.7142857
vt 0.625 0.75
vt 0.625 0.67857134
vt 0.375 0.64285713
vt 0.625 0.6428571
vt 0.375 0.60714287
vt 0.625 0.6071428
vt 0.375 0.57142854
vt 0.625 0.57142854
vt 0.375 0.53571427
vt 0.625 0.57142854
vt 0.625 0.6071428
vt 0.625 0.53571427
vt 0.375 0.5
vt 0.625 0.5
vt 0.375 0.75
vt 0.375 1
vt 0.625 1
vt 0.625 0.75
vt 0.625 0.75
vt 0.625 1
vt 0.125 0.7142857
vt 0.125 0.75
vt 0.375 0.75
vt 0.375 0.71428573
vt 0.125 0.67857134
vt 0.375 0.6785714
vt 0.125 0.6428571
vt 0.375 0.64285713
vt 0.125 0.6071428
vt 0.375 0.60714287
vt 0.125 0.57142854
vt 0.375 0.57142854
vt 0.125 0.53571427
vt 0.375 0.53571427
vt 0.125 0.5
vt 0.375 0.5
vt 0.875 0.53571427
vt 0.875 0.53571427
vt 0.625 0.53571427
vt 0.625 0.53571427
vt 0.625 0.53571427
vt 0.625 0.57142854
vt 0.875 0.57142854
vt 0.875 0.53571427
vt 0.625 0.6071428
vt 0.625 0.6428571
vt 0.875 0.64285713
vt 0.875 0.60714287
vt 0.625 0.67857134
vt 0.625 0.67857134
vt 0.625 0.6428571
vt 0.625 0.6428571
vt 0.625 0.67857134
vt 0.625 0.7142857
vt 0.875 0.71428573
vt 0.875 0.6785714
vt 0.625 0.7142857
vt 0.625 0.75
vt 0.875 0.75
vt 0.875 0.71428573
vt 0.625 0.5
vt 0.625 0.53571427
vt 0.875 0.53571427
vt 0.875 0.5
vt 0.625 0.57142854
vt 0.625 0.6071428
vt 0.875 0.60714287
vt 0.875 0.57142854
vt 0.625 0.6428571
vt 0.625 0.67857134
vt 0.875 0.6785714
vt 0.875 0.64285713
vt 0.625 0.57142854
vt 0.625 0.57142854
vt 0.875 0.57142854
vt 0.875 0.57142854
vt 0.625 0.53571427
vt 0.625 0.53571427
vt 0.625 0.5
vt 0.625 0.5
vt 0.875 0.60714287
vt 0.875 0.60714287
vt 0.625 0.6071428
vt 0.625 0.6071428
vt 0.625 0.6428571
vt 0.625 0.6428571
vt 0.875 0.64285713
vt 0.875 0.64285713
vt 0.625 0.25
vt 0.625 0.25
vt 0.625 0.21428572
vt 0.625 0.21428572
vt 0.875 0.6785714
vt 0.875 0.6785714
vt 0.625 0.67857134
vt 0.625 0.67857134
vt 0.625 0.035714287
vt 0.625 0.035714287
vt 0.625 0
vt 0.625 0
vt 0.625 0.7142857
vt 0.625 0.7142857
vt 0.875 0.71428573
vt 0.875 0.71428573
vt 0.375 0.21428572
vt 0.375 0.25
vt 0.625 0.25
vt 0.625 0.21428572
vt 0.375 0.17857143
vt 0.625 0.21428572
vt 0.625 0.25
vt 0.625 0.17857143
vt 0.375 0.14285715
vt 0.625 0.14285715
vt 0.375 0.107142866
vt 0.625 0.107142866
vt 0.375 0.071428575
vt 0.625 0.071428575
vt 0.375 0.035714287
vt 0.625 0.071428575
vt 0.625 0.107142866
vt 0.625 0.035714287
vt 0.375 0
vt 0.625 0
vt 0.625 0
vt 0.625 0.035714287
vt 0.375 0.25
vt 0.375 0.5
vt 0.625 0.5
vt 0.625 0.25
vt 0.625 0.25
vt 0.625 0.5
vt 0.375 0.71428573
vt 0.375 0.75
vt 0.625 0.75
vt 0.625 0.7142857
vt 0.375 0.6785714
vt 0.625 0.7142857
vt 0.625 0.75
vt 0.625 0.67857134
vt 0.375 0.64285713
vt 0.625 0.6428571
vt 0.375 0.60714287
vt 0.625 0.6071428
vt 0.375 0.57142854
vt 0.625 0.57142854
vt 0.375 0.53571427
vt 0.625 0.53571427
vt 0.375 0.5
vt 0.625 0.5
vt 0.625 0.5
vt 0.625 0.53571427
vt 0.375 0.75
vt 0.375 1
vt 0.625 1
vt 0.625 0.75
vt 0.625 0.75
vt 0.625 1
vt 0.125 0.7142857
vt 0.125 0.75
vt 0.375 0.75
vt 0.375 0.71428573
vt 0.125 0.67857134
vt 0.375 0.6785714
vt 0.125 0.6428571
vt 0.375 0.64285713
vt 0.125 0.6071428
vt 0.375 0.60714287
vt 0.125 0.57142854
vt 0.375 0.57142854
vt 0.125 0.53571427
vt 0.375 0.53571427
vt 0.125 0.5
vt 0.375 0.5
vt 0.875 0.53571427
vt 0.875 0.53571427
vt 0.625 0.53571427
vt 0.625 0.53571427
vt 0.625 0.53571427
vt 0.625 0.57142854
vt 0.875 0.57142854
vt 0.875 0.53571427
vt 0.625 0.6071428
vt 0.625 0.6428571
vt 0.875 0.64285713
vt 0.875 0.60714287
vt 0.625 0.67857134
vt 0.625 0.67857134
vt 0.625 0.6428571
vt 0.625 0.6428571
vt 0.625 0.67857134
vt 0.625 0.7142857
vt 0.875 0.71428573
vt 0.875 0.6785714
vt 0.625 0.7142857
vt 0.625 0.75
vt 0.875 0.75
vt 0.875 0.71428573
vt 0.625 0.5
vt 0.625 0.53571427
vt 0.875 0.53571427
vt 0.875 0.5
vt 0.625 0.57142854
vt 0.625 0.6071428
vt 0.875 0.60714287
vt 0.875 0.57142854
vt 0.625 0.6428571
vt 0.625 0.67857134
vt 0.875 0.6785714
vt 0.875 0.64285713
vt 0.625 0.17857143
vt 0.625 0.17857143
vt 0.625 0.14285715
vt 0.625 0.14285715
vt 0.625 0.57142854
vt 0.625 0.57142854
vt 0.875 0.57142854
vt 0.875 0.57142854
vt 0.875 0.60714287
vt 0.875 0.60714287
vt 0.625 0.6071428
vt 0.625 0.6071428
vt 0.625 0.6428571
vt 0.625 0.6428571
vt 0.875 0.64285713
vt 0.875 0.64285713
vt 0.625 0.6071428
vt 0.625 0.6071428
vt 0.625 0.57142854
vt 0.625 0.57142854
vt 0.875 0.6785714
vt 0.875 0.6785714
vt 0.625 0.67857134
vt 0.625 0.67857134
vt 0.625 0.7142857
vt 0.625 0.7142857
vt 0.875 0.71428573
vt 0.875 0.71428573
vt 0.375 0.21428572
vt 0.375 0.25
vt 0.625 0.25
vt 0.625 0.21428572
vt 0.375 0.17857143
vt 0.625 0.17857143
vt 0.375 0.14285715
vt 0.625 0.14285715
vt 0.375 0.107142866
vt 0.625 0.14285715
vt 0.625 0.17857143
vt 0.625 0.107142866
vt 0.375 0.071428575
vt 0.625 0.071428575
vt 0.375 0.035714287
vt 0.625 0.035714287
vt 0.375 0
vt 0.625 0
vt 0.375 0.25
vt 0.375 0.5
vt 0.625 0.5
vt 0.625 0.25
vt 0.625 0.25
vt 0.625 0.5
vt 0.375 0.71428573
vt 0.375 0.75
vt 0.625 0.75
vt 0.625 0.7142857
vt 0.375 0.6785714
vt 0.625 0.7142857
vt 0.625 0.75
vt 0.625 0.67857134
vt 0.375 0.64285713
vt 0.625 0.6428571
vt 0.375 0.60714287
vt 0.625 0.6428571
vt 0.625 0.67857134
vt 0.625 0.6071428
vt 0.375 0.57142854
vt 0.625 0.57142854
vt 0.375 0.53571427
vt 0.625 0.57142854
vt 0.625 0.6071428
vt 0.625 0.53571427
vt 0.375 0.5
vt 0.625 0.5
vt 0.375 0.75
vt 0.375 1
vt 0.625 1
vt 0.625 0.75
vt 0.125 0.7142857
vt 0.125 0.75
vt 0.375 0.75
vt 0.375 0.71428573
vt 0.125 0.67857134
vt 0.375 0.6785714
vt 0.125 0.6428571
vt 0.375 0.64285713
vt 0.125 0.6071428
vt 0.375 0.60714287
vt 0.125 0.57142854
vt 0.375 0.57142854
vt 0.125 0.53571427
vt 0.375 0.53571427
vt 0.125 0.5
vt 0.375 0.5
vt 0.875 0.53571427
vt 0.875 0.53571427
vt 0.625 0.53571427
vt 0.625 0.53571427
vt 0.625 0.107142866
vt 0.625 0.107142866
vt 0.625 0.071428575
vt 0.625 0.071428575
vt 0.625 0.53571427
vt 0.625 0.57142854
vt 0.875 0.57142854
vt 0.875 0.53571427
vt 0.625 0.6071428
vt 0.625 0.6428571
vt 0.875 0.64285713
vt 0.875 0.60714287
vt 0.625 0.67857134
vt 0.625 0.7142857
vt 0.875 0.71428573
vt 0.875 0.6785714
vt 0.625 0.7142857
vt 0.625 0.75
vt 0.875 0.75
vt 0.875 0.71428573
vt 0.625 0.5
vt 0.625 0.53571427
vt 0.875 0.53571427
vt 0.875 0.5
vt 0.625 0.57142854
vt 0.625 0.6071428
vt 0.875 0.60714287
vt 0.875 0.57142854
vt 0.625 0.6428571
vt 0.625 0.67857134
vt 0.875 0.6785714
vt 0.875 0.64285713
vt 0.625 0.57142854
vt 0.625 0.57142854
vt 0.875 0.57142854
vt 0.875 0.57142854
vt 0.625 0.53571427
vt 0.625 0.53571427
vt 0.625 0.5
vt 0.625 0.5
vt 0.875 0.60714287
vt 0.875 0.60714287
vt 0.625 0.6071428
vt 0.625 0.6071428
vt 0.625 0.6428571
vt 0.625 0.6428571
vt 0.875 0.64285713
vt 0.875 0.64285713
vt 0.625 0.25
vt 0.625 0.25
vt 0.625 0.21428572
vt 0.625 0.21428572
vt 0.875 0.6785714
vt 0.875 0.6785714
vt 0.625 0.67857134
vt 0.625 0.67857134
vt 0.625 0.035714287
vt 0.625 0.035714287
vt 0.625 0
vt 0.625 0
vt 0.625 1
vt 0.625 1
vt 0.625 0.75
vt 0.625 0.75
vt 0.625 0.7142857
vt 0.625 0.7142857
vt 0.875 0.71428573
vt 0.875 0.71428573
vt 0.375 0
vt 0.375 0.25
vt 0.625 0.25
vt 0.625 0
vt 0.375 0.25
vt 0.375 0.5
vt 0.625 0.5
vt 0.625 0.25
vt 0.375 0.5
vt 0.375 0.75
vt 0.625 0.75
vt 0.625 0.5
vt 0.375 0.75
vt 0.375 1
vt 0.625 1
vt 0.625 0.75
vt 0.125 0.5
vt 0.125 0.75
vt 0.375 0.75
vt 0.375 0.5
vt 0.625 0.5
vt 0.625 0.75
vt 0.875 0.75
vt 0.875 0.5
vt 0.375 0
vt 0.375 0.25
vt 0.625 0.25
vt 0.625 0
vt 0.375 0.25
vt 0.375 0.5
vt 0.625 0.5
vt 0.625 0.25
vt 0.375 0.5
vt 0.375 0.75
vt 0.625 0.75
vt 0.625 0.5
vt 0.375 0.75
vt 0.375 1
vt 0.625 1
vt 0.625 0.75
vt 0.125 0.5
vt 0.125 0.75
vt 0.375 0.75
vt 0.375 0.5
vt 0.625 0.5
vt 0.625 0.75
vt 0.875 0.75
vt 0.875 0.5
vt 0.375 0
vt 0.375 0.25
vt 0.625 0.25
vt 0.625 0
vt 0.375 0.25
vt 0.375 0.5
vt 0.625 0.5
vt 0.625 0.25
vt 0.375 0.5
vt 0.375 0.75
vt 0.625 0.75
vt 0.625 0.5
vt 0.375 0.75
vt 0.375 1
vt 0.625 1
vt 0.625 0.75
vt 0.125 0.5
vt 0.125 0.75
vt 0.375 0.75
vt 0.375 0.5
vt 0.625 0.5
vt 0.625 0.75
vt 0.875 0.75
vt 0.875 0.5
vt 0.375 0
vt 0.375 0.25
vt 0.625 0.25
vt 0.625 0
vt 0.375 0.25
vt 0.375 0.5
vt 0.625 0.5
vt 0.625 0.25
vt 0.375 0.5
vt 0.375 0.75
vt 0.625 0.75
vt 0.625 0.5
vt 0.375 0.75
vt 0.375 1
vt 0.625 1
vt 0.625 0.75
vt 0.125 0.5
vt 0.125 0.75
vt 0.375 0.75
vt 0.375 0.5
vt 0.625 0.5
vt 0.625 0.75
vt 0.875 0.75
vt 0.875 0.5
vt 0.375 0.5
vt 0.375 0.75
vt 0.625 0.75
vt 0.625 0.5
vt 0.375 0.75
vt 0.375 1
vt 0.625 1
vt 0.625 0.75
vt 0.125 0.5
vt 0.125 0.75
vt 0.375 0.75
vt 0.375 0.5
vt 0.625 0.5
vt 0.625 0.75
vt 0.875 0.75
vt 0.875 0.5
vt 0.375 0
vt 0.375 0.25
vt 0.625 0.25
vt 0.625 0
vt 0.125 0.5
vt 0.125 0.75
vt 0.375 0.75
vt 0.375 0.5
vt 0.375 0.25
vt 0.375 0.5
vt 0.625 0.5
vt 0.625 0.25
vt 0.625 0.5
vt 0.625 0.75
vt 0.875 0.75
vt 0.875 0.5
vt 0.375 0.5
vt 0.375 0.75
vt 0.625 0.75
vt 0.625 0.5
vt 0.125 0.5
vt 0.125 0.75
vt 0.375 0.75
vt 0.375 0.5
vt 0.625 0.5
vt 0.625 0.75
vt 0.875 0.75
vt 0.875 0.5
vt 0.375 0.25
vt 0.375 0.5
vt 0.625 0.5
vt 0.625 0.25
vt 0.375 0
vt 0.375 0.25
vt 0.625 0.25
vt 0.625 0
vt 0.375 0.75
vt 0.375 1
vt 0.625 1
vt 0.625 0.75
vt 0.375 0.5
vt 0.375 0.75
vt 0.625 0.75
vt 0.625 0.5
vt 0.375 0
vt 0.375 0.25
vt 0.625 0.25
vt 0.625 0
vt 0.375 0.75
vt 0.375 1
vt 0.625 1
vt 0.625 0.75
vt 0.375 0.25
vt 0.375 0.5
vt 0.625 0.5
vt 0.625 0.25
vt 0.125 0.5
vt 0.125 0.75
vt 0.375 0.75
vt 0.375 0.5
vt 0.375 0
vt 0.375 0.25
vt 0.625 0.25
vt 0.625 0
vt 0.375 0.25
vt 0.375 0.5
vt 0.625 0.5
vt 0.625 0.25
vt 0.375 0.75
vt 0.375 1
vt 0.625 1
vt 0.625 0.75
vt 0.375 0.5
vt 0.375 0.75
vt 0.625 0.75
vt 0.625 0.5
vt 0.625 0.5
vt 0.625 0.75
vt 0.875 0.75
vt 0.875 0.5
vt 0.48054165 0.75
vt 0.375 0.75
vt 0.375 0.8125
vt 0.47545063 0.81249994
vt 0.375 0.875
vt 0.47545063 0.8749999
vt 0.375 0.9375
vt 0.47545063 0.9374999
vt 0.375 1
vt 0.48054162 0.99999994
vt 0.4805416 0.9477002
vt 0.56387496 1
vt 0.4805416 0.9272995
vt 0.56387496 0.9477004
vt 0.4805416 0.8852002
vt 0.56387496 0.9272997
vt 0.5712105 0.9375
vt 0.625 1
vt 0.625 0.9375
vt 0.625 0.875
vt 0.5688669 0.875
vt 0.625 0.8125
vt 0.56387496 0.8852003
vt 0.4805416 0.86479956
vt 0.56387496 0.8647996
vt 0.5712105 0.8125
vt 0.625 0.75
vt 0.4805416 0.82270026
vt 0.56387496 0.8227004
vt 0.48054162 0.8022996
vt 0.56387496 0.8022996
vt 0.56387496 0.75000006
vt 0.625 0.3125
vt 0.625 0.25
vt 0.625 0.25
vt 0.625 0.3125
vt 0.625 0.375
vt 0.625 0.375
vt 0.625 0.4375
vt 0.625 0.4375
vt 0.625 0.5
vt 0.625 0.5
vt 0.3125 0.5
vt 0.375 0.75
vt 0.375 0.5
vt 0.3125 0.75
vt 0.25 0.5
vt 0.25 0.75
vt 0.1875 0.5
vt 0.1875 0.75
vt 0.125 0.5
vt 0.125 0.75
vt 0.625 0.375
vt 0.625 0.25
vt 0.625 0.25
vt 0.625 0.375
vt 0.625 0.5
vt 0.625 0.5
vt 0.56387496 0.49999997
vt 0.625 0.75
vt 0.625 0.5
vt 0.56387496 0.75000006
vt 0.48054165 0.5
vt 0.48054165 0.75
vt 0.375 0.5
vt 0.375 0.75
vt 0.56387496 0
vt 0.625 0.25
vt 0.625 0
vt 0.56387496 0.25
vt 0.48054165 0
vt 0.48054165 0.25
vt 0.375 0
vt 0.375 0.25
vt 0.375 0.5
vt 0.375 0.75
vt 0.625 0.75
vt 0.625 0.5
vt 0.375 0.75
vt 0.375 1
vt 0.625 1
vt 0.625 0.75
vt 0.125 0.5
vt 0.125 0.75
vt 0.375 0.75
vt 0.375 0.5
vt 0.625 0.5
vt 0.625 0.75
vt 0.875 0.75
vt 0.875 0.5
vt 0.375 0
vt 0.375 0.25
vt 0.625 0.25
vt 0.625 0
vt 0.125 0.5
vt 0.125 0.75
vt 0.375 0.75
vt 0.375 0.5
vt 0.375 0.25
vt 0.375 0.5
vt 0.625 0.5
vt 0.625 0.25
vt 0.625 0.5
vt 0.625 0.75
vt 0.875 0.75
vt 0.875 0.5
vt 0.375 0.5
vt 0.375 0.75
vt 0.625 0.75
vt 0.625 0.5
vt 0.125 0.5
vt 0.125 0.75
vt 0.375 0.75
vt 0.375 0.5
vt 0.625 0.5
vt 0.625 0.75
vt 0.875 0.75
vt 0.875 0.5
vt 0.375 0.25
vt 0.375 0.5
vt 0.625 0.5
vt 0.625 0.25
vt 0.375 0
vt 0.375 0.25
vt 0.625 0.25
vt 0.625 0
vt 0.375 0.75
vt 0.375 1
vt 0.625 1
vt 0.625 0.75
vt 0.375 0.5
vt 0.375 0.75
vt 0.625 0.75
vt 0.625 0.5
vt 0.375 0
vt 0.375 0.25
vt 0.625 0.25
vt 0.625 0
vt 0.375 0.75
vt 0.375 1
vt 0.625 1
vt 0.625 0.75
vt 0.375 0.25
vt 0.375 0.5
vt 0.625 0.5
vt 0.625 0.25
vt 0.125 0.5
vt 0.125 0.75
vt 0.375 0.75
vt 0.375 0.5
vt 0.375 0
vt 0.375 0.25
vt 0.625 0.25
vt 0.625 0
vt 0.375 0.25
vt 0.375 0.5
vt 0.625 0.5
vt 0.625 0.25
vt 0.375 0.75
vt 0.375 1
vt 0.625 1
vt 0.625 0.75
vt 0.375 0.5
vt 0.375 0.75
vt 0.625 0.75
vt 0.625 0.5
vt 0.625 0.5
vt 0.625 0.75
vt 0.875 0.75
vt 0.875 0.5
vt 0.375 0.75
vt 0.625 0.875
vt 0.625 0.75
vt 0.375 0.875
vt 0.625 1
vt 0.375 1
vt 0.375 0.375
vt 0.375 0.5
vt 0.625 0.5
vt 0.625 0.375
vt 0.375 0.25
vt 0.625 0.25
vt 0.625 0.25
vt 0.625 0.375
vt 0.625 0.5
vt 0.625 0.5
vt 0.625 0.375
vt 0.625 0.375
vt 0.625 0.25
vt 0.625 0.25
vt 0.625 0.375
vt 0.625 0.5
vt 0.625 0.5
vt 0.25 0.5
vt 0.375 0.75
vt 0.375 0.5
vt 0.25 0.75
vt 0.125 0.5
vt 0.125 0.75
vt 0.625 0.25
vt 0.625 0.25
vt 0.625 0
vt 0.625 0
vt 0.625 0
vt 0.625 0
vt 0.375 0.5
vt 0.375 0.75
vt 0.625 0.75
vt 0.625 0.5
vt 0.375 0
vt 0.375 0.25
vt 0.625 0.25
vt 0.625 0
vt 0.375 0.5
vt 0.375 0.75
vt 0.625 0.75
vt 0.625 0.5
vt 0.375 0.75
vt 0.375 1
vt 0.625 1
vt 0.625 0.75
vt 0.125 0.5
vt 0.125 0.75
vt 0.375 0.75
vt 0.375 0.5
vt 0.625 0.5
vt 0.625 0.75
vt 0.875 0.75
vt 0.875 0.5
vt 0 0
vt 0 1
vt 1 1
vt 1 0
vt 0.37499997 0.008442878
vt 0.375 0.2567188
vt 0.625 0.2567188
vt 0.625 0.008442867
vt 0.375 0.2567188
vt 0.375 0.5
vt 0.625 0.5
vt 0.625 0.2567188
vt 0.375 0.5
vt 0.375 0.7415571
vt 0.62500006 0.7415572
vt 0.625 0.5
vt 0.375 0.7415571
vt 0.375 0.9930543
vt 0.625 0.9930543
vt 0.62500006 0.7415572
vt 0.13171881 0.5
vt 0.13171881 0.7415572
vt 0.375 0.7415571
vt 0.375 0.5
vt 0.625 0.5
vt 0.62500006 0.7415572
vt 0.86828125 0.7415571
vt 0.86828125 0.5
vt 0.37499997 0.008442878
vt 0.375 0.2567188
vt 0.625 0.2567188
vt 0.625 0.008442867
vt 0.375 0.2567188
vt 0.375 0.5
vt 0.625 0.5
vt 0.625 0.2567188
vt 0.375 0.5
vt 0.375 0.7415571
vt 0.62500006 0.7415572
vt 0.625 0.5
vt 0.375 0.7415571
vt 0.375 0.9930543
vt 0.625 0.9930543
vt 0.62500006 0.7415572
vt 0.13171881 0.5
vt 0.13171881 0.7415572
vt 0.375 0.7415571
vt 0.375 0.5
vt 0.625 0.5
vt 0.62500006 0.7415572
vt 0.86828125 0.7415571
vt 0.86828125 0.5
vt 0.625 0.5
vt 0.625 0.75
vt 0.75 0.75
vt 0.75 0.5
vt 0.75 0.5
vt 0.875 0.75
vt 0.875 0.5
vt 0.75 0.75
vt 0.875 0.75
vt 0.75000006 0.75000006
vt 0.75 0.5
vt 0.75 0.75
vt 0.875 0.75
vt 0.875 0.5
vt 0.625 0.5
vt 0.625 0.75
vt 0.75 0.75
vt 0.75 0.5
vt 0.6875 0.5
vt 0.75 0.75
vt 0.75 0.5
vt 0.6875 0.75
vt 0.625 0.5
vt 0.75 0.75
vt 0.6875 0.75000006
vt 0.625 0.75
vt 0.62500006 0.7500001
vt 0.6875 0.75000006
vt 0.6875 0.75
vt 0.8125 0.5
vt 0.875 0.75
vt 0.875 0.5
vt 0.8125 0.75
vt 0.75 0.5
vt 0.75 0.75
vt 0.625 0.5
vt 0.625 0.75
vt 0.75 0.75
vt 0.75 0.5
vt 0.75 0.5
vt 0.75 0.75
vt 0.875 0.75
vt 0.875 0.5
vt 0.625 0
vt 0.625 0
vt 0.62499994 0
vt 0.625 0
vt 0.625 0.25
vt 0.625 0.25
vt 0.625 0.75
vt 0.625 0.5
vt 0.625 0.5
vt 0.625 0.75
vt 0.62500006 0.7500001
vt 0.625 0.75
vt 0.625 0.75
vt 0.625 0.5
vt 0.625 0.5
vt 0.625 0.75
vt 0.625 0.75
vt 0.625 0.75
vt 0.625 1
vt 0.625 1
vt 0.625 0.875
vt 0.625 0.875
vt 0.625 0.75
vt 0.625 0.75000006
vt 0.625 0.75
vt 0.625 0.75
vt 0.625 0.5
vt 0.625 0.5
vt 0.625 0.25
vt 0.625 0.25
vt 0.625 0
vt 0.625 0
vt 0.625 0
vt 0.625 0
vt 0.625 1
vt 0.62499994 0.99999994
vt 0.625 0.875
vt 0.625 0.875
vt 0.625 0.875
vt 0.625 0.75
vt 0.625 0.75
vt 0.625 0.875
vt 0.625 0.87500006
vt 0.625 0.75
vt 0.625 0.75
vt 0.625 1
vt 0.625 1
vt 0.625 0.87499994
vt 0.625 0.875
vt 0.625 0.75
vt 0.625 0.75000006
vt 0.625 0.8125
vt 0.625 0.81250006
vt 0.62500006 0.7500001
vt 0.625 0.75
vt 0.625 1
vt 0.62499994 0.99999994
vt 0.625 0.87500006
vt 0.625 0.875
vt 0.625 0.875
vt 0.625 0.875
vt 0.625 0.75
vt 0.625 0.75
vt 0.75 0.75
vt 0.75 0.75
vt 0.875 0.75
vt 0.875 0.75
vt 0.8125 0.75
vt 0.875 0.75
vt 0.875 0.75
vt 0.8125 0.75
vt 0.75 0.75
vt 0.75 0.75
vt 0.625 1
vt 0.625 1
vt 0.625 0.875
vt 0.625 0.875
vt 0.625 0.875
vt 0.625 0.875
vt 0.625 0.75
vt 0.625 0.75
vt 0.625 0.75
vt 0.625 0.75
vt 0.75 0.75
vt 0.75 0.75
vt 0.625 0.75
vt 0.625 0.75
vt 0.75 0.75
vt 0.75 0.75
vt 0.625 0.8125
vt 0.625 0.75
vt 0.625 0.75
vt 0.625 0.8125
vt 0.625 0.875
vt 0.625 0.875
vt 0.625 0.75
vt 0.625 0.75
vt 0.75000006 0.75000006
vt 0.75 0.75
vt 0.625 0.875
vt 0.625 0.875
vt 0.625 0.75000006
vt 0.625 0.75
vt 0.625 1
vt 0.625 1
vt 0.625 0.875
vt 0.625 0.875
vt 0.375 0.4375
vt 0.375 0.5
vt 0.48054165 0.5
vt 0.48054165 0.4375
vt 0.375 0.375
vt 0.56387496 0.49999997
vt 0.48054165 0.375
vt 0.375 0.3125
vt 0.56387496 0.4375
vt 0.625 0.5
vt 0.625 0.4375
vt 0.56387496 0.375
vt 0.625 0.375
vt 0.48054165 0.3125
vt 0.375 0.25
vt 0.48054165 0.25
vt 0.56387496 0.3125
vt 0.625 0.3125
vt 0.56387496 0.25
vt 0.625 0.25
vt 0.625 1
vt 0.62499994 0.99999994
vt 0.625 0.9375
vt 0.625 0.9375
vt 0.625 0.9375
vt 0.625 0.875
vt 0.625 0.875
vt 0.625 0.81250006
vt 0.625 0.8125
vt 0.56387496 0.8227003
vt 0.56387496 0.8227003
vt 0.4805416 0.82270026
vt 0.4805416 0.82270026
vt 0.56387496 0.8852003
vt 0.56387496 0.8852003
vt 0.4805416 0.8852002
vt 0.4805416 0.8852002
vt 0.563875 0.86479974
vt 0.563875 0.86479974
vt 0.56387496 0.8852003
vt 0.56387496 0.8852003
vt 0.56387496 0.8852003
vt 0.56387496 0.8647996
vt 0.4805416 0.8647995
vt 0.4805416 0.8852002
vt 0.56387496 0.9477004
vt 0.56387496 0.9272997
vt 0.4805416 0.9272995
vt 0.4805416 0.94770026
vt 0.56387496 0.8227003
vt 0.56387496 0.8022997
vt 0.4805416 0.80229956
vt 0.4805416 0.82270026
vt 0.4805416 0.8647995
vt 0.4805416 0.8647995
vt 0.56387496 0.8647996
vt 0.56387496 0.8647996
vt 0.56387496 0.8022996
vt 0.56387496 0.8022996
vt 0.56387496 0.8227003
vt 0.56387496 0.8227003
vt 0.4805416 0.80229956
vt 0.4805416 0.80229956
vt 0.56387496 0.8022997
vt 0.56387496 0.8022997
vt 0.48054156 0.82270026
vt 0.48054156 0.82270026
vt 0.4805416 0.80229956
vt 0.4805416 0.80229956
vt 0.56387496 0.9477004
vt 0.56387496 0.9477004
vt 0.4805416 0.94770026
vt 0.4805416 0.94770026
vt 0.56387496 0.9272996
vt 0.56387496 0.9272996
vt 0.56387496 0.9477004
vt 0.56387496 0.9477004
vt 0.4805416 0.9477002
vt 0.4805416 0.9477002
vt 0.4805416 0.9272995
vt 0.4805416 0.9272995
vt 0.4805416 0.9272995
vt 0.4805416 0.9272995
vt 0.56387496 0.9272997
vt 0.56387496 0.9272997
vt 0.4805416 0.8852002
vt 0.4805416 0.8852002
vt 0.4805416 0.8647995
vt 0.4805416 0.8647995
vn 1 0 0
vn 1 0 0
vn 1 0 0
vn 1 0 0
vn -0 0 -1
vn -0 0 -1
vn -0 0 -1
vn -0 0 -1
vn -0 -1 0
vn -0 -1 0
vn -0 -1 0
vn -0 -1 0
vn -0 0 1
vn -0 0 1
vn -0 0 1
vn -0 0 1
vn -1 0 0
vn -1 0 0
vn -1 0 0
vn -1 0 0
vn -0 0 -1
vn -0 0 -1
vn -0 0 -1
vn -0 0 -1
vn -0 0 1
vn -0 0 1
vn -0 0 1
vn -0 0 1
vn -0 -1 0
vn -0 -1 0
vn -0 -1 0
vn -0 -1 0
vn 1 0 0
vn 1 0 0
vn 1 0 0
vn 1 0 0
vn -0 1 0
vn -0 1 0
vn -0 1 0
vn -0 1 0
vn -1 0 0
vn -1 0 0
vn -1 0 0
vn -1 0 0
vn 1 0 0
vn 1 0 0
vn 1 0 0
vn 1 0 0
vn -0 1 0
vn -0 1 0
vn -0 1 0
vn -0 1 0
vn -0 -1 0
vn -0 -1 0
vn -0 -1 0
vn -0 -1 0
vn -0 0 -1
vn -0 0 -1
vn -0 0 -1
vn -0 0 -1
vn 1 0 0
vn 1 0 0
vn 1 0 0
vn 1 0 0
vn -0 -1 0
vn -0 -1 0
vn -0 -1 0
vn -0 -1 0
vn -0 1 0
vn -0 1 0
vn -0 1 0
vn -0 1 0
vn -1 0 0
vn -1 0 0
vn -1 0 0
vn -1 0 0
vn -0 0 1
vn -0 0 1
vn -0 0 1
vn -0 0 1
vn -0 -1 0
vn -0 -1 0
vn -0 -1 0
vn -0 -1 0
vn -0 -1 0
vn -0 -1 0
vn -0 -1 0
vn -0 -1 0
vn -0 -1 0
vn -0 -1 0
vn -0 -1 0
vn -0 -1 0
vn -0 -1 0
vn -0 -1 0
vn -0 -1 0
vn -0 -1 0
vn -0 -1 0
vn -0 -1 0
vn -0 1 0
vn -0 1 0
vn -0 1 0
vn -0 1 0
vn -0 1 0
vn -0 1 0
vn -0 1 0
vn -0 1 0
vn -0 1 0
vn -0 1 0
vn -0 1 0
vn -0 1 0
vn -0 1 0
vn -0 1 0
vn -0 1 0
vn -0 1 0
vn -0 1 0
vn -0 1 0
vn -1 0 0
vn -1 0 0
vn -1 0 0
vn -1 0 0
vn -1 0 0
vn -1 0 0
vn -1 0 0
vn -1 0 0
vn -1 0 0
vn -1 0 0
vn -1 0 0
vn -1 0 0
vn -1 0 0
vn -1 0 0
vn -1 0 0
vn -1 0 0
vn -1 0 0
vn -1 0 0
vn 1 0 0
vn 1 0 0
vn 1 0 0
vn 1 0 0
vn 1 0 0
vn 1 0 0
vn 1 0 0
vn 1 0 0
vn 1 0 0
vn 1 0 0
vn 1 0 0
vn 1 0 0
vn 1 0 0
vn 1 0 0
vn 1 0 0
vn 1 0 0
vn 1 0 0
vn -1 0 0
vn -1 0 0
vn -1 0 0
vn -1 0 0
vn -1 0 0
vn -1 0 0
vn 1 0 0
vn 1 0 0
vn 1 0 0
vn 1 0 0
vn 1 0 0
vn 1 0 0
vn -0.5381297 0 -0.842862
vn -0.5381297 0 -0.842862
vn -0.5381297 0 -0.842862
vn -0.5381297 0 -0.842862
vn -0.5381292 0 -0.84286237
vn -0.5381292 0 -0.84286237
vn -0 0 -1
vn -0 0 -1
vn -0 0 -1
vn -0 0 -1
vn -0 0 -1
vn -0 0 -1
vn -0 -0.842862 -0.53812975
vn -0 -0.842862 -0.53812975
vn -0 -0.842862 -0.53812975
vn -0 -0.842862 -0.53812975
vn -0 -0.8428623 -0.5381294
vn -0 -0.8428623 -0.5381294
vn -0 -1 0
vn -0 -1 0
vn -0 -1 0
vn -0 -1 0
vn -0 1 0
vn -0 1 0
vn -0 1 0
vn -0 1 0
vn -0 -1 0
vn -0 -1 0
vn -0 -1 0
vn -0 -1 0
vn -1 0 0
vn -1 0 0
vn -1 0 0
vn -1 0 0
vn -1 0 0
vn -1 0 0
vn -0 1 0
vn -0 1 0
vn -0 1 0
vn -0 1 0
vn 1 0 0
vn 1 0 0
vn 1 0 0
vn 1 0 0
vn 1 0 0
vn 1 0 0
vn -0 0 -1
vn -0 0 -1
vn -0 0 -1
vn -0 0 -1
vn -0 0 -1
vn -0 0 -1
vn -0 -0.52246475 0.85266083
vn -0 -0.52246475 0.85266083
vn -0 -0.52246475 0.85266083
vn -0 -0.52246475 0.85266083
vn -0.84286195 0 -0.5381299
vn -0.84286195 0 -0.5381299
vn -0.84286195 0 -0.5381299
vn -0.84286195 0 -0.5381299
vn -0.84286153 0 -0.53813046
vn -0.84286153 0 -0.53813046
vn -0.8574928 -0.51449597 0
vn -0.8574928 -0.51449597 0
vn -0.8574928 -0.51449597 0
vn -0.8574928 -0.51449597 0
vn -0 1 0
vn -0 1 0
vn -0 1 0
vn -0 1 0
vn -0 1 0
vn -0 1 0
vn -0 1 0
vn -0 1 0
vn -0 1 0
vn -0 1 0
vn -0 1 0
vn -0 1 0
vn -0 1 0
vn -0 1 0
vn -0 1 0
vn -0 1 0
vn -0 1 0
vn -0 1 0
vn 0.5144957 0.857493 0
vn 0.5144957 0.857493 0
vn 0.5144957 0.857493 0
vn 0.5144957 0.857493 0
vn -1 0 0
vn -1 0 0
vn -1 0 0
vn -1 0 0
vn -1 0 0
vn -1 0 0
vn -1 0 0
vn -1 0 0
vn -1 0 0
vn -1 0 0
vn -1 0 0
vn -1 0 0
vn -1 0 0
vn -1 0 0
vn -1 0 0
vn -1 0 0
vn -1 0 0
vn 1 0 0
vn 1 0 0
vn 1 0 0
vn 1 0 0
vn 1 0 0
vn 1 0 0
vn 1 0 0
vn 1 0 0
vn 1 0 0
vn 1 0 0
vn 1 0 0
vn 1 0 0
vn 1 0 0
vn 1 0 0
vn 1 0 0
vn 1 0 0
vn 1 0 0
vn 1 0 0
vn -0 0 1
vn -0 0 1
vn -0 0 1
vn -0 0 1
vn -0 0 1
vn -0 0 1
vn -0 0 1
vn -0 0 1
vn -0 0 1
vn -0 0 1
vn -0 0 1
vn -0 0 1
vn -0 0 1
vn -0 0 1
vn -0 0 1
vn -0 0 1
vn -0 0 1
vn -0 0 1
vn -0 0 1
vn -0 0 1
vn -0 0 1
vn -0 0 1
vn -0 0 1
vn -0 0 1
vn -0 0 1
vn -0 0 1
vn -0 0 1
vn -0 0 1
vn -0 0 1
vn -0 0 1
vn -0 0 1
vn -0 0 1
vn -0 0 1
vn -0 0 1
vn -0 0 1
vn -0 0 1
vn -0.8574928 0.51449597 0
vn -0.8574928 0.51449597 0
vn -0.8574928 0.51449597 0
vn -0.8574928 0.51449597 0
vn -0 0 1
vn -0 0 1
vn -0 0 1
vn -0 0 1
vn -0 0 1
vn -0 0 1
vn -0 0 1
vn -0 0 1
vn 0.98058057 -0.19611627 0
vn 0.98058057 -0.19611627 0
vn 0.98058057 -0.19611627 0
vn 0.98058057 -0.19611627 0
vn 0.19611618 -0.9805807 0
vn 0.19611618 -0.9805807 0
vn 0.19611618 -0.9805807 0
vn 0.19611618 -0.9805807 0
vn -0 0 1
vn -0 0 1
vn -0 0 1
vn -0 0 1
vn -0 0 1
vn -0 0 1
vn -0 0 -1
vn -0 0 -1
vn -0 0 -1
vn -0 0 -1
vn -0 0 -1
vn -0 0 -1
vn -0 0 -1
vn -0 0 -1
vn -0 0 -1
vn -0 0 -1
vn -0 0 -1
vn -0 0 -1
vn -0 0 -1
vn -0 0 -1
vn -0 0 -1
vn -0 0 -1
vn -0 0 -1
vn -0 0 -1
vn -0 0 -1
vn -0 0 -1
vn -0 0 -1
vn -0 0 -1
vn -0 0 -1
vn -0 0 -1
vn -0 0 -1
vn -0 0 -1
vn -0 0 -1
vn -0 0 -1
vn -0 0 -1
vn -0 0 -1
vn -0 0 -1
vn -0 0 -1
vn -0 0 -1
vn -0 0 -1
vn -0 0 -1
vn -0 0 -1
vn -0 0 1
vn -0 0 1
vn -0 0 1
vn -0 0 1
vn -0.98058057 -0.19611627 0
vn -0.98058057 -0.19611627 0
vn -0.98058057 -0.19611627 0
vn -0.98058057 -0.19611627 0
vn -0 0 1
vn -0 0 1
vn -0 0 1
vn -0 0 1
vn -0 0 1
vn -0 0 1
vn -0 0 1
vn -0 0 1
vn -0 0 1
vn -0 0 1
vn -0 0 1
vn -0 0 1
vn -0 -1 0
vn -0 -1 0
vn -0 -1 0
vn -0 -1 0
vn -0 -1 0
vn -0 -1 0
vn -0 -1 0
vn -0 -1 0
vn -0 -1 0
vn -0 -1 0
vn -0 -1 0
vn -0 -1 0
vn -0 -1 0
vn -0 -1 0
vn -0 -1 0
vn -0 -1 0
vn -0 -1 0
vn -0 -1 0
vn -0 0 1
vn -0 0 1
vn -0 0 1
vn -0 0 1
vn -0 0 1
vn -0 0 1
vn -0 0 1
vn -0 0 1
vn -0 0 1
vn -0 0 1
vn -0 0 1
vn -0 0 1
vn -0 0 1
vn -0 0 1
vn -0 0 1
vn -0 0 1
vn -0 0 1
vn -0 0 1
vn -0 0 1
vn -0 0 1
vn -0 0 1
vn -0 0 1
vn -0 0 1
vn -0 0 1
vn -0 0 1
vn -0 0 1
vn -0 0 1
vn -0 0 1
vn -0 0 1
vn -0 0 1
vn -0 0 1
vn -0 0 1
vn -0 0 1
vn -0 0 1
vn -0 0 1
vn -0 0 1
vn -0 0 1
vn -0 0 1
vn 0.98058057 0.19611627 0
vn 0.98058057 0.19611627 0
vn 0.98058057 0.19611627 0
vn 0.98058057 0.19611627 0
vn -0.98058057 0.19611627 0
vn -0.98058057 0.19611627 0
vn -0.98058057 0.19611627 0
vn -0.98058057 0.19611627 0
vn 0.8574928 -0.51449597 0
vn 0.8574928 -0.51449597 0
vn 0.8574928 -0.51449597 0
vn 0.8574928 -0.51449597 0
vn -0.5144957 0.857493 0
vn -0.5144957 0.857493 0
vn -0.5144957 0.857493 0
vn -0.5144957 0.857493 0
vn 0.19611594 -0.9805807 0
vn 0.19611594 -0.9805807 0
vn 0.19611594 -0.9805807 0
vn 0.19611594 -0.9805807 0
vn 0.19611618 0.9805807 0
vn 0.19611618 0.9805807 0
vn 0.19611618 0.9805807 0
vn 0.19611618 0.9805807 0
vn -0.5144957 -0.857493 0
vn -0.5144957 -0.857493 0
vn -0.5144957 -0.857493 0
vn -0.5144957 -0.857493 0
vn 0.8574928 0.51449597 0
vn 0.8574928 0.51449597 0
vn 0.8574928 0.51449597 0
vn 0.8574928 0.51449597 0
vn -0.5424025 0.84011877 0
vn -0.5424025 0.84011877 0
vn -0.5424025 0.84011877 0
vn -0.5424025 0.84011877 0
vn -0.54240274 0.8401185 0
vn -0.54240274 0.8401185 0
vn 0.8401191 0.542402 0
vn 0.8401191 0.542402 0
vn 0.8401191 0.542402 0
vn 0.8401191 0.542402 0
vn 0.84011877 0.5424025 0
vn 0.84011877 0.5424025 0
vn -0.14046656 0.21755132 -0.96588844
vn -0.14046656 0.21755132 -0.96588844
vn -0.14046656 0.21755132 -0.96588844
vn -0.14046656 0.21755132 -0.96588844
vn -0.8401189 -0.5424023 0
vn -0.8401189 -0.5424023 0
vn -0.8401189 -0.5424023 0
vn -0.8401189 -0.5424023 0
vn -0.8401185 -0.54240274 0
vn -0.8401185 -0.54240274 0
vn -0 0 -1
vn -0 0 -1
vn -0 0 -1
vn -0 0 -1
vn 1.0790823E-05 0 1
vn 1.0790823E-05 0 1
vn 1.0790823E-05 0 1
vn 1.0790823E-05 0 1
vn 0.5424023 -0.84011877 0
vn 0.5424023 -0.84011877 0
vn 0.5424023 -0.84011877 0
vn 0.5424023 -0.84011877 0
vn -0.84011924 -0.5424019 0
vn -0.84011924 -0.5424019 0
vn -0.84011924 -0.5424019 0
vn -0.84011924 -0.5424019 0
vn -0.829737 -0.5581545 0
vn -0.829737 -0.5581545 0
vn 0.85020167 0.52645725 0
vn 0.85020167 0.52645725 0
vn 0.85020167 0.52645725 0
vn 0.85020167 0.52645725 0
vn 0.84011865 0.5424026 0
vn 0.84011865 0.5424026 0
vn 0.24266127 -0.37585226 0.89434373
vn 0.24266127 -0.37585226 0.89434373
vn 0.24266127 -0.37585226 0.89434373
vn 0.24266127 -0.37585226 0.89434373
vn 0.5424031 -0.84011835 0
vn 0.5424031 -0.84011835 0
vn 0.5424031 -0.84011835 0
vn 0.5424031 -0.84011835 0
vn 1.3601556E-05 0 1
vn 1.3601556E-05 0 1
vn 1.3601556E-05 0 1
vn 1.3601556E-05 0 1
vn 2.7203205E-05 0 -1
vn 2.7203205E-05 0 -1
vn 2.7203205E-05 0 -1
vn 2.7203205E-05 0 -1
vn -1 0 0
vn -1 0 0
vn -1 0 0
vn -1 0 0
vn -1 0 0
vn -1 0 0
vn -1 0 0
vn -1 0 0
vn -1 0 0
vn -1 0 0
vn -1 0 0
vn -1 0 0
vn -1 0 0
vn -1 0 0
vn -1 0 0
vn -1 0 0
vn -1 0 0
vn -1 0 0
vn -1 0 0
vn -1 0 0
vn -0 1 0
vn -0 1 0
vn -0 1 0
vn -0 1 0
vn 1 0 0
vn 1 0 0
vn 1 0 0
vn 1 0 0
vn 1 0 0
vn 1 0 0
vn 1 0 0
vn 1 0 0
vn 1 0 0
vn 1 0 0
vn 1 0 0
vn 1 0 0
vn 1 0 0
vn 1 0 0
vn 1 0 0
vn 1 0 0
vn 1 0 0
vn 1 0 0
vn -0 -1 0
vn -0 -1 0
vn -0 -1 0
vn -0 -1 0
vn -0 0 -1
vn -0 0 -1
vn -0 0 -1
vn -0 0 -1
vn -0 0 -1
vn -0 0 -1
vn -0 0 -1
vn -0 0 -1
vn -0 0 -1
vn -0 0 -1
vn -0 0 -1
vn -0 0 -1
vn -0 0 -1
vn -0 0 -1
vn -0 0 -1
vn -0 0 -1
vn -0 -1 0
vn -0 -1 0
vn -0 -1 0
vn -0 -1 0
vn -0 0 1
vn -0 0 1
vn -0 0 1
vn -0 0 1
vn -0 1 0
vn -0 1 0
vn -0 1 0
vn -0 1 0
vn -0 0 1
vn -0 0 1
vn -0 0 1
vn -0 0 1
vn 1 0 0
vn 1 0 0
vn 1 0 0
vn 1 0 0
vn -0 0 1
vn -0 0 1
vn -0 0 1
vn -0 0 1
vn -0 0 1
vn -0 0 1
vn -0 0 1
vn -0 0 1
vn -0 0 1
vn -0 0 1
vn -0 0 1
vn -0 0 1
vn -0 0 1
vn -0 0 1
vn -0 0 1
vn -0 0 1
vn -0 0 1
vn -0 0 1
vn -0 0 1
vn -0 0 1
vn -1 0 0
vn -1 0 0
vn -1 0 0
vn -1 0 0
vn -0 1 0
vn -0 1 0
vn -0 1 0
vn -0 1 0
vn 1 0 0
vn 1 0 0
vn 1 0 0
vn 1 0 0
vn -0 -1 0
vn -0 -1 0
vn -0 -1 0
vn -0 -1 0
vn -0 1 0
vn -0 1 0
vn -0 1 0
vn -0 1 0
vn 1 0 0
vn 1 0 0
vn 1 0 0
vn 1 0 0
vn -0 -1 0
vn -0 -1 0
vn -0 -1 0
vn -0 -1 0
vn -1 0 0
vn -1 0 0
vn -1 0 0
vn -1 0 0
vn -0 -1 0
vn -0 -1 0
vn -0 -1 0
vn -0 -1 0
vn -0 1 0
vn -0 1 0
vn -0 1 0
vn -0 1 0
vn -0 -1 0
vn -0 -1 0
vn -0 -1 0
vn -0 -1 0
vn -0 -1 0
vn -0 -1 0
vn -0 -1 0
vn -0 -1 0
vn -0 -1 0
vn -0 -1 0
vn -0 -1 0
vn -0 -1 0
vn -0 -1 0
vn -0 -1 0
vn -0 -1 0
vn -0 -1 0
vn -1 0 0
vn -1 0 0
vn -1 0 0
vn -1 0 0
vn -1 0 0
vn -1 0 0
vn -0 1 0
vn -0 1 0
vn -0 1 0
vn -0 1 0
vn -0 1 0
vn -0 1 0
vn -0 1 0
vn -0 1 0
vn -0 1 0
vn -0 1 0
vn -0 1 0
vn -0 1 0
vn -0 1 0
vn -0 1 0
vn -0 1 0
vn -0 1 0
vn -0 1 0
vn -0 1 0
vn 1 0 0
vn 1 0 0
vn 1 0 0
vn 1 0 0
vn 1 0 0
vn 1 0 0
vn -0 0 -1
vn -0 0 -1
vn -0 0 -1
vn -0 0 -1
vn -0 0 -1
vn -0 0 -1
vn -0 0 -1
vn -0 0 -1
vn -0 0 -1
vn -0 0 -1
vn -0 0 -1
vn -0 0 -1
vn -0 0 -1
vn -0 0 -1
vn -0 0 -1
vn -0 0 -1
vn 1 0 0
vn 1 0 0
vn 1 0 0
vn 1 0 0
vn -0 -1 0
vn -0 -1 0
vn -0 -1 0
vn -0 -1 0
vn -0 0 1
vn -0 0 1
vn -0 0 1
vn -0 0 1
vn -0 0 1
vn -0 0 1
vn -0 0 1
vn -0 0 1
vn -0 1 0
vn -0 1 0
vn -0 1 0
vn -0 1 0
vn -0 0 1
vn -0 0 1
vn -0 0 1
vn -0 0 1
vn -0 0 1
vn -0 0 1
vn -0 0 1
vn -0 0 1
vn -0 0 1
vn -0 0 1
vn -0 0 1
vn -0 0 1
vn -0 0 1
vn -0 0 1
vn -0 0 1
vn -0 0 1
vn -0 0 1
vn -0 0 1
vn -0 0 1
vn -0 0 1
vn -0 -1 0
vn -0 -1 0
vn -0 -1 0
vn -0 -1 0
vn -1 0 0
vn -1 0 0
vn -1 0 0
vn -1 0 0
vn -0 1 0
vn -0 1 0
vn -0 1 0
vn -0 1 0
vn 1 0 0
vn 1 0 0
vn 1 0 0
vn 1 0 0
vn -1 0 0
vn -1 0 0
vn -1 0 0
vn -1 0 0
vn -0 -1 0
vn -0 -1 0
vn -0 -1 0
vn -0 -1 0
vn -0 1 0
vn -0 1 0
vn -0 1 0
vn -0 1 0
vn 1 0 0
vn 1 0 0
vn 1 0 0
vn 1 0 0
vn -0 -1 0
vn -0 -1 0
vn -0 -1 0
vn -0 -1 0
vn -1 0 0
vn -1 0 0
vn -1 0 0
vn -1 0 0
vn -0 -1 0
vn -0 -1 0
vn -0 -1 0
vn -0 -1 0
vn -0 -1 0
vn -0 -1 0
vn -0 -1 0
vn -0 -1 0
vn -0 -1 0
vn -0 -1 0
vn -0 -1 0
vn -0 -1 0
vn -0 -1 0
vn -0 -1 0
vn -0 -1 0
vn -0 -1 0
vn -0 -1 0
vn -0 -1 0
vn -1 0 0
vn -1 0 0
vn -1 0 0
vn -1 0 0
vn -1 0 0
vn -1 0 0
vn -0 1 0
vn -0 1 0
vn -0 1 0
vn -0 1 0
vn -0 1 0
vn -0 1 0
vn -0 1 0
vn -0 1 0
vn -0 1 0
vn -0 1 0
vn -0 1 0
vn -0 1 0
vn -0 1 0
vn -0 1 0
vn -0 1 0
vn -0 1 0
vn -0 1 0
vn -0 1 0
vn 1 0 0
vn 1 0 0
vn 1 0 0
vn 1 0 0
vn 1 0 0
vn 1 0 0
vn -0 0 -1
vn -0 0 -1
vn -0 0 -1
vn -0 0 -1
vn -0 0 -1
vn -0 0 -1
vn -0 0 -1
vn -0 0 -1
vn -0 0 -1
vn -0 0 -1
vn -0 0 -1
vn -0 0 -1
vn -0 0 -1
vn -0 0 -1
vn -0 0 -1
vn -0 0 -1
vn 1 0 0
vn 1 0 0
vn 1 0 0
vn 1 0 0
vn -0 -1 0
vn -0 -1 0
vn -0 -1 0
vn -0 -1 0
vn -0 0 1
vn -0 0 1
vn -0 0 1
vn -0 0 1
vn -0 0 1
vn -0 0 1
vn -0 0 1
vn -0 0 1
vn -0 1 0
vn -0 1 0
vn -0 1 0
vn -0 1 0
vn -0 0 1
vn -0 0 1
vn -0 0 1
vn -0 0 1
vn -0 0 1
vn -0 0 1
vn -0 0 1
vn -0 0 1
vn -0 0 1
vn -0 0 1
vn -0 0 1
vn -0 0 1
vn -0 0 1
vn -0 0 1
vn -0 0 1
vn -0 0 1
vn -0 0 1
vn -0 0 1
vn -0 0 1
vn -0 0 1
vn -0 -1 0
vn -0 -1 0
vn -0 -1 0
vn -0 -1 0
vn -1 0 0
vn -1 0 0
vn -1 0 0
vn -1 0 0
vn -0 1 0
vn -0 1 0
vn -0 1 0
vn -0 1 0
vn 1 0 0
vn 1 0 0
vn 1 0 0
vn 1 0 0
vn -1 0 0
vn -1 0 0
vn -1 0 0
vn -1 0 0
vn -0 -1 0
vn -0 -1 0
vn -0 -1 0
vn -0 -1 0
vn -0 1 0
vn -0 1 0
vn -0 1 0
vn -0 1 0
vn 1 0 0
vn 1 0 0
vn 1 0 0
vn 1 0 0
vn -1 0 0
vn -1 0 0
vn -1 0 0
vn -1 0 0
vn 1 0 0
vn 1 0 0
vn 1 0 0
vn 1 0 0
vn 1 0 0
vn 1 0 0
vn 1 0 0
vn 1 0 0
vn 1 0 0
vn 1 0 0
vn 1 0 0
vn 1 0 0
vn 1 0 0
vn 1 0 0
vn 1 0 0
vn 1 0 0
vn 1 0 0
vn 1 0 0
vn 1 0 0
vn 1 0 0
vn -0 -1 0
vn -0 -1 0
vn -0 -1 0
vn -0 -1 0
vn -0 -1 0
vn -0 -1 0
vn -1 0 0
vn -1 0 0
vn -1 0 0
vn -1 0 0
vn -1 0 0
vn -1 0 0
vn -1 0 0
vn -1 0 0
vn -1 0 0
vn -1 0 0
vn -1 0 0
vn -1 0 0
vn -1 0 0
vn -1 0 0
vn -1 0 0
vn -1 0 0
vn -1 0 0
vn -1 0 0
vn -1 0 0
vn -1 0 0
vn -0 1 0
vn -0 1 0
vn -0 1 0
vn -0 1 0
vn -0 1 0
vn -0 1 0
vn -0 0 -1
vn -0 0 -1
vn -0 0 -1
vn -0 0 -1
vn -0 0 -1
vn -0 0 -1
vn -0 0 -1
vn -0 0 -1
vn -0 0 -1
vn -0 0 -1
vn -0 0 -1
vn -0 0 -1
vn -0 0 -1
vn -0 0 -1
vn -0 0 -1
vn -0 0 -1
vn -0 1 0
vn -0 1 0
vn -0 1 0
vn -0 1 0
vn 1 0 0
vn 1 0 0
vn 1 0 0
vn 1 0 0
vn -0 0 1
vn -0 0 1
vn -0 0 1
vn -0 0 1
vn -0 0 1
vn -0 0 1
vn -0 0 1
vn -0 0 1
vn -1 0 0
vn -1 0 0
vn -1 0 0
vn -1 0 0
vn -0 0 1
vn -0 0 1
vn -0 0 1
vn -0 0 1
vn -0 0 1
vn -0 0 1
vn -0 0 1
vn -0 0 1
vn -0 0 1
vn -0 0 1
vn -0 0 1
vn -0 0 1
vn -0 0 1
vn -0 0 1
vn -0 0 1
vn -0 0 1
vn -0 0 1
vn -0 0 1
vn -0 0 1
vn -0 0 1
vn -0 -1 0
vn -0 -1 0
vn -0 -1 0
vn -0 -1 0
vn -1 0 0
vn -1 0 0
vn -1 0 0
vn -1 0 0
vn -0 1 0
vn -0 1 0
vn -0 1 0
vn -0 1 0
vn -0 -1 0
vn -0 -1 0
vn -0 -1 0
vn -0 -1 0
vn -0 1 0
vn -0 1 0
vn -0 1 0
vn -0 1 0
vn 1 0 0
vn 1 0 0
vn 1 0 0
vn 1 0 0
vn -0 -1 0
vn -0 -1 0
vn -0 -1 0
vn -0 -1 0
vn 1 0 0
vn 1 0 0
vn 1 0 0
vn 1 0 0
vn 1 0 0
vn 1 0 0
vn 1 0 0
vn 1 0 0
vn 1 0 0
vn 1 0 0
vn 1 0 0
vn 1 0 0
vn 1 0 0
vn 1 0 0
vn 1 0 0
vn 1 0 0
vn 1 0 0
vn 1 0 0
vn -0 -1 0
vn -0 -1 0
vn -0 -1 0
vn -0 -1 0
vn -1 0 0
vn -1 0 0
vn -1 0 0
vn -1 0 0
vn -1 0 0
vn -1 0 0
vn -1 0 0
vn -1 0 0
vn -1 0 0
vn -1 0 0
vn -1 0 0
vn -1 0 0
vn -1 0 0
vn -1 0 0
vn -1 0 0
vn -1 0 0
vn -0 1 0
vn -0 1 0
vn -0 1 0
vn -0 1 0
vn -0 1 0
vn -0 1 0
vn -0 0 -1
vn -0 0 -1
vn -0 0 -1
vn -0 0 -1
vn -0 0 -1
vn -0 0 -1
vn -0 0 -1
vn -0 0 -1
vn -0 0 -1
vn -0 0 -1
vn -0 0 -1
vn -0 0 -1
vn -0 0 -1
vn -0 0 -1
vn -0 0 -1
vn -0 0 -1
vn -0 1 0
vn -0 1 0
vn -0 1 0
vn -0 1 0
vn -0 0 1
vn -0 0 1
vn -0 0 1
vn -0 0 1
vn -0 -1 0
vn -0 -1 0
vn -0 -1 0
vn -0 -1 0
vn -0 0 1
vn -0 0 1
vn -0 0 1
vn -0 0 1
vn -1 0 0
vn -1 0 0
vn -1 0 0
vn -1 0 0
vn -0 0 1
vn -0 0 1
vn -0 0 1
vn -0 0 1
vn -0 0 1
vn -0 0 1
vn -0 0 1
vn -0 0 1
vn -0 0 1
vn -0 0 1
vn -0 0 1
vn -0 0 1
vn -0 0 1
vn -0 0 1
vn -0 0 1
vn -0 0 1
vn -0 0 1
vn -0 0 1
vn -0 0 1
vn -0 0 1
vn 1 0 0
vn 1 0 0
vn 1 0 0
vn 1 0 0
vn -0 -1 0
vn -0 -1 0
vn -0 -1 0
vn -0 -1 0
vn -1 0 0
vn -1 0 0
vn -1 0 0
vn -1 0 0
vn -1 0 0
vn -1 0 0
vn -1 0 0
vn -1 0 0
vn -0 1 0
vn -0 1 0
vn -0 1 0
vn -0 1 0
vn -0 -1 0
vn -0 -1 0
vn -0 -1 0
vn -0 -1 0
vn 1 0 0
vn 1 0 0
vn 1 0 0
vn 1 0 0
vn -1 0 0
vn -1 0 0
vn -1 0 0
vn -1 0 0
vn -0 1 0
vn -0 1 0
vn -0 1 0
vn -0 1 0
vn 1 0 0
vn 1 0 0
vn 1 0 0
vn 1 0 0
vn -0 -1 0
vn -0 -1 0
vn -0 -1 0
vn -0 -1 0
vn -0 1 0
vn -0 1 0
vn -0 1 0
vn -0 1 0
vn -0 1 0
vn -0 1 0
vn -0 1 0
vn -0 1 0
vn -0 1 0
vn -0 1 0
vn -0 1 0
vn -0 1 0
vn -0 1 0
vn -0 1 0
vn -0 1 0
vn -0 1 0
vn -0 1 0
vn -0 1 0
vn -0 1 0
vn -0 1 0
vn 1 0 0
vn 1 0 0
vn 1 0 0
vn 1 0 0
vn 1 0 0
vn 1 0 0
vn -0 -1 0
vn -0 -1 0
vn -0 -1 0
vn -0 -1 0
vn -0 -1 0
vn -0 -1 0
vn -0 -1 0
vn -0 -1 0
vn -0 -1 0
vn -0 -1 0
vn -0 -1 0
vn -0 -1 0
vn -0 -1 0
vn -0 -1 0
vn -0 -1 0
vn -0 -1 0
vn -0 -1 0
vn -0 -1 0
vn -0 -1 0
vn -0 -1 0
vn -1 0 0
vn -1 0 0
vn -1 0 0
vn -1 0 0
vn -1 0 0
vn -1 0 0
vn -0 0 -1
vn -0 0 -1
vn -0 0 -1
vn -0 0 -1
vn -0 0 -1
vn -0 0 -1
vn -0 0 -1
vn -0 0 -1
vn -0 0 -1
vn -0 0 -1
vn -0 0 -1
vn -0 0 -1
vn -0 0 -1
vn -0 0 -1
vn -0 0 -1
vn -0 0 -1
vn -1 0 0
vn -1 0 0
vn -1 0 0
vn -1 0 0
vn -0 0 1
vn -0 0 1
vn -0 0 1
vn -0 0 1
vn -0 0 1
vn -0 0 1
vn -0 0 1
vn -0 0 1
vn -0 -1 0
vn -0 -1 0
vn -0 -1 0
vn -0 -1 0
vn -0 0 1
vn -0 0 1
vn -0 0 1
vn -0 0 1
vn -0 0 1
vn -0 0 1
vn -0 0 1
vn -0 0 1
vn -0 0 1
vn -0 0 1
vn -0 0 1
vn -0 0 1
vn -0 0 1
vn -0 0 1
vn -0 0 1
vn -0 0 1
vn -0 0 1
vn -0 0 1
vn -0 0 1
vn -0 0 1
vn 1 0 0
vn 1 0 0
vn 1 0 0
vn 1 0 0
vn -0 -1 0
vn -0 -1 0
vn -0 -1 0
vn -0 -1 0
vn -1 0 0
vn -1 0 0
vn -1 0 0
vn -1 0 0
vn 1 0 0
vn 1 0 0
vn 1 0 0
vn 1 0 0
vn -0 1 0
vn -0 1 0
vn -0 1 0
vn -0 1 0
vn -1 0 0
vn -1 0 0
vn -1 0 0
vn -1 0 0
vn -0 1 0
vn -0 1 0
vn -0 1 0
vn -0 1 0
vn 1 0 0
vn 1 0 0
vn 1 0 0
vn 1 0 0
vn -0 1 0
vn -0 1 0
vn -0 1 0
vn -0 1 0
vn -0 1 0
vn -0 1 0
vn -0 1 0
vn -0 1 0
vn -0 1 0
vn -0 1 0
vn -0 1 0
vn -0 1 0
vn -0 1 0
vn -0 1 0
vn -0 1 0
vn -0 1 0
vn -0 1 0
vn -0 1 0
vn -0 1 0
vn -0 1 0
vn -0 1 0
vn -0 1 0
vn 1 0 0
vn 1 0 0
vn 1 0 0
vn 1 0 0
vn 1 0 0
vn 1 0 0
vn -0 -1 0
vn -0 -1 0
vn -0 -1 0
vn -0 -1 0
vn -0 -1 0
vn -0 -1 0
vn -0 -1 0
vn -0 -1 0
vn -0 -1 0
vn -0 -1 0
vn -0 -1 0
vn -0 -1 0
vn -0 -1 0
vn -0 -1 0
vn -0 -1 0
vn -0 -1 0
vn -0 -1 0
vn -0 -1 0
vn -0 -1 0
vn -0 -1 0
vn -1 0 0
vn -1 0 0
vn -1 0 0
vn -1 0 0
vn -1 0 0
vn -1 0 0
vn -0 0 -1
vn -0 0 -1
vn -0 0 -1
vn -0 0 -1
vn -0 0 -1
vn -0 0 -1
vn -0 0 -1
vn -0 0 -1
vn -0 0 -1
vn -0 0 -1
vn -0 0 -1
vn -0 0 -1
vn -0 0 -1
vn -0 0 -1
vn -0 0 -1
vn -0 0 -1
vn -1 0 0
vn -1 0 0
vn -1 0 0
vn -1 0 0
vn -0 0 1
vn -0 0 1
vn -0 0 1
vn -0 0 1
vn -0 0 1
vn -0 0 1
vn -0 0 1
vn -0 0 1
vn -0 -1 0
vn -0 -1 0
vn -0 -1 0
vn -0 -1 0
vn -0 0 1
vn -0 0 1
vn -0 0 1
vn -0 0 1
vn -0 0 1
vn -0 0 1
vn -0 0 1
vn -0 0 1
vn -0 0 1
vn -0 0 1
vn -0 0 1
vn -0 0 1
vn -0 0 1
vn -0 0 1
vn -0 0 1
vn -0 0 1
vn -0 0 1
vn -0 0 1
vn -0 0 1
vn -0 0 1
vn -0 1 0
vn -0 1 0
vn -0 1 0
vn -0 1 0
vn 1 0 0
vn 1 0 0
vn 1 0 0
vn 1 0 0
vn -1 0 0
vn -1 0 0
vn -1 0 0
vn -1 0 0
vn 1 0 0
vn 1 0 0
vn 1 0 0
vn 1 0 0
vn -0 -1 0
vn -0 -1 0
vn -0 -1 0
vn -0 -1 0
vn -1 0 0
vn -1 0 0
vn -1 0 0
vn -1 0 0
vn 1 0 0
vn 1 0 0
vn 1 0 0
vn 1 0 0
vn -1 0 0
vn -1 0 0
vn -1 0 0
vn -1 0 0
vn -1 0 0
vn -1 0 0
vn -1 0 0
vn -1 0 0
vn -1 0 0
vn -1 0 0
vn -1 0 0
vn -1 0 0
vn -1 0 0
vn -1 0 0
vn -1 0 0
vn -1 0 0
vn -1 0 0
vn -1 0 0
vn -0 1 0
vn -0 1 0
vn -0 1 0
vn -0 1 0
vn -0 1 0
vn -0 1 0
vn 1 0 0
vn 1 0 0
vn 1 0 0
vn 1 0 0
vn 1 0 0
vn 1 0 0
vn 1 0 0
vn 1 0 0
vn 1 0 0
vn 1 0 0
vn 1 0 0
vn 1 0 0
vn 1 0 0
vn 1 0 0
vn 1 0 0
vn 1 0 0
vn 1 0 0
vn 1 0 0
vn 1 0 0
vn 1 0 0
vn 1 0 0
vn 1 0 0
vn -0 -1 0
vn -0 -1 0
vn -0 -1 0
vn -0 -1 0
vn -0 0 -1
vn -0 0 -1
vn -0 0 -1
vn -0 0 -1
vn -0 0 -1
vn -0 0 -1
vn -0 0 -1
vn -0 0 -1
vn -0 0 -1
vn -0 0 -1
vn -0 0 -1
vn -0 0 -1
vn -0 0 -1
vn -0 0 -1
vn -0 0 -1
vn -0 0 -1
vn -0 -1 0
vn -0 -1 0
vn -0 -1 0
vn -0 -1 0
vn -1 0 0
vn -1 0 0
vn -1 0 0
vn -1 0 0
vn -0 0 1
vn -0 0 1
vn -0 0 1
vn -0 0 1
vn -0 0 1
vn -0 0 1
vn -0 0 1
vn -0 0 1
vn -0 0 1
vn -0 0 1
vn -0 0 1
vn -0 0 1
vn -0 0 1
vn -0 0 1
vn -0 0 1
vn -0 0 1
vn -0 0 1
vn -0 0 1
vn -0 0 1
vn -0 0 1
vn -0 0 1
vn -0 0 1
vn -0 0 1
vn -0 0 1
vn -0 0 1
vn -0 0 1
vn -0 0 1
vn -0 0 1
vn -0 1 0
vn -0 1 0
vn -0 1 0
vn -0 1 0
vn 1 0 0
vn 1 0 0
vn 1 0 0
vn 1 0 0
vn -0 -1 0
vn -0 -1 0
vn -0 -1 0
vn -0 -1 0
vn -0 1 0
vn -0 1 0
vn -0 1 0
vn -0 1 0
vn -1 0 0
vn -1 0 0
vn -1 0 0
vn -1 0 0
vn -0 -1 0
vn -0 -1 0
vn -0 -1 0
vn -0 -1 0
vn -1 0 0
vn -1 0 0
vn -1 0 0
vn -1 0 0
vn -0 -1 0
vn -0 -1 0
vn -0 -1 0
vn -0 -1 0
vn -0 1 0
vn -0 1 0
vn -0 1 0
vn -0 1 0
vn -1 0 0
vn -1 0 0
vn -1 0 0
vn -1 0 0
vn -0 1 0
vn -0 1 0
vn -0 1 0
vn -0 1 0
vn 1 0 0
vn 1 0 0
vn 1 0 0
vn 1 0 0
vn -0 -1 0
vn -0 -1 0
vn -0 -1 0
vn -0 -1 0
vn -0 0 -1
vn -0 0 -1
vn -0 0 -1
vn -0 0 -1
vn -0 0 1
vn -0 0 1
vn -0 0 1
vn -0 0 1
vn -1 0 0
vn -1 0 0
vn -1 0 0
vn -1 0 0
vn -0 1 0
vn -0 1 0
vn -0 1 0
vn -0 1 0
vn 1 0 0
vn 1 0 0
vn 1 0 0
vn 1 0 0
vn -0 -1 0
vn -0 -1 0
vn -0 -1 0
vn -0 -1 0
vn -0 0 -1
vn -0 0 -1
vn -0 0 -1
vn -0 0 -1
vn -0 0 1
vn -0 0 1
vn -0 0 1
vn -0 0 1
vn -1 0 0
vn -1 0 0
vn -1 0 0
vn -1 0 0
vn -0 1 0
vn -0 1 0
vn -0 1 0
vn -0 1 0
vn 1 0 0
vn 1 0 0
vn 1 0 0
vn 1 0 0
vn -0 -1 0
vn -0 -1 0
vn -0 -1 0
vn -0 -1 0
vn -0 0 -1
vn -0 0 -1
vn -0 0 -1
vn -0 0 -1
vn -0 0 1
vn -0 0 1
vn -0 0 1
vn -0 0 1
vn -1 0 0
vn -1 0 0
vn -1 0 0
vn -1 0 0
vn -0 1 0
vn -0 1 0
vn -0 1 0
vn -0 1 0
vn 1 0 0
vn 1 0 0
vn 1 0 0
vn 1 0 0
vn -0 -1 0
vn -0 -1 0
vn -0 -1 0
vn -0 -1 0
vn -0 0 -1
vn -0 0 -1
vn -0 0 -1
vn -0 0 -1
vn -0 0 1
vn -0 0 1
vn -0 0 1
vn -0 0 1
vn -1 0 0
vn -1 0 0
vn -1 0 0
vn -1 0 0
vn -0 1 0
vn -0 1 0
vn -0 1 0
vn -0 1 0
vn -0 0 -1
vn -0 0 -1
vn -0 0 -1
vn -0 0 -1
vn -0 0 1
vn -0 0 1
vn -0 0 1
vn -0 0 1
vn -0 -1 0
vn -0 -1 0
vn -0 -1 0
vn -0 -1 0
vn -0 0 -1
vn -0 0 -1
vn -0 0 -1
vn -0 0 -1
vn -1 0 0
vn -1 0 0
vn -1 0 0
vn -1 0 0
vn -0 0 1
vn -0 0 1
vn -0 0 1
vn -0 0 1
vn -0 1 0
vn -0 1 0
vn -0 1 0
vn -0 1 0
vn -0 0 -1
vn -0 0 -1
vn -0 0 -1
vn -0 0 -1
vn -0 0 1
vn -0 0 1
vn -0 0 1
vn -0 0 1
vn -1 0 0
vn -1 0 0
vn -1 0 0
vn -1 0 0
vn -0 -1 0
vn -0 -1 0
vn -0 -1 0
vn -0 -1 0
vn 1 0 0
vn 1 0 0
vn 1 0 0
vn 1 0 0
vn -0 1 0
vn -0 1 0
vn -0 1 0
vn -0 1 0
vn -0 -1 0
vn -0 -1 0
vn -0 -1 0
vn -0 -1 0
vn 1 0 0
vn 1 0 0
vn 1 0 0
vn 1 0 0
vn -1 0 0
vn -1 0 0
vn -1 0 0
vn -1 0 0
vn -0 0 -1
vn -0 0 -1
vn -0 0 -1
vn -0 0 -1
vn -0 -1 0
vn -0 -1 0
vn -0 -1 0
vn -0 -1 0
vn -1 0 0
vn -1 0 0
vn -1 0 0
vn -1 0 0
vn 1 0 0
vn 1 0 0
vn 1 0 0
vn 1 0 0
vn -0 1 0
vn -0 1 0
vn -0 1 0
vn -0 1 0
vn -0 0 1
vn -0 0 1
vn -0 0 1
vn -0 0 1
vn -0 1 0
vn -0 1 0
vn -0 1 0
vn -0 1 0
vn -0 1 0
vn -0 1 0
vn -0 1 0
vn -0 1 0
vn -0 1 0
vn -0 1 0
vn -0 1 0
vn -0 1 0
vn -0 1 0
vn -0 1 0
vn -0 1 0
vn -0 1 0
vn -0 1 0
vn -0 1 0
vn -0 1 0
vn -0 1 0
vn -0 1 0
vn -0 1 0
vn -0 1 0
vn -0 1 0
vn -0 1 0
vn -0 1 0
vn -0 1 0
vn -0 1 0
vn -0 1 0
vn -0 1 0
vn -0 1 0
vn -0 1 0
vn -0 -1 0
vn -0 -1 0
vn -0 -1 0
vn -0 -1 0
vn -0 -1 0
vn -0 -1 0
vn -0 -1 0
vn -0 -1 0
vn -0 -1 0
vn -0 -1 0
vn -0 0 -1
vn -0 0 -1
vn -0 0 -1
vn -0 0 -1
vn -0 0 -1
vn -0 0 -1
vn -0 0 -1
vn -0 0 -1
vn -0 0 -1
vn -0 0 -1
vn 1 0 0
vn 1 0 0
vn 1 0 0
vn 1 0 0
vn 1 0 0
vn 1 0 0
vn -1 0 0
vn -1 0 0
vn -1 0 0
vn -1 0 0
vn -1 0 0
vn -1 0 0
vn -1 0 0
vn -1 0 0
vn 1 0 0
vn 1 0 0
vn 1 0 0
vn 1 0 0
vn 1 0 0
vn 1 0 0
vn 1 0 0
vn 1 0 0
vn -0 1 0
vn -0 1 0
vn -0 1 0
vn -0 1 0
vn 1 0 0
vn 1 0 0
vn 1 0 0
vn 1 0 0
vn -0 0 -1
vn -0 0 -1
vn -0 0 -1
vn -0 0 -1
vn -0 0 1
vn -0 0 1
vn -0 0 1
vn -0 0 1
vn -0 1 0
vn -0 1 0
vn -0 1 0
vn -0 1 0
vn -0 0 -1
vn -0 0 -1
vn -0 0 -1
vn -0 0 -1
vn 1 0 0
vn 1 0 0
vn 1 0 0
vn 1 0 0
vn -0 0 1
vn -0 0 1
vn -0 0 1
vn -0 0 1
vn -0 -1 0
vn -0 -1 0
vn -0 -1 0
vn -0 -1 0
vn -0 0 -1
vn -0 0 -1
vn -0 0 -1
vn -0 0 -1
vn -0 0 1
vn -0 0 1
vn -0 0 1
vn -0 0 1
vn 1 0 0
vn 1 0 0
vn 1 0 0
vn 1 0 0
vn -0 1 0
vn -0 1 0
vn -0 1 0
vn -0 1 0
vn -1 0 0
vn -1 0 0
vn -1 0 0
vn -1 0 0
vn -0 -1 0
vn -0 -1 0
vn -0 -1 0
vn -0 -1 0
vn -0 1 0
vn -0 1 0
vn -0 1 0
vn -0 1 0
vn -1 0 0
vn -1 0 0
vn -1 0 0
vn -1 0 0
vn 1 0 0
vn 1 0 0
vn 1 0 0
vn 1 0 0
vn -0 0 -1
vn -0 0 -1
vn -0 0 -1
vn -0 0 -1
vn -0 1 0
vn -0 1 0
vn -0 1 0
vn -0 1 0
vn 1 0 0
vn 1 0 0
vn 1 0 0
vn 1 0 0
vn -1 0 0
vn -1 0 0
vn -1 0 0
vn -1 0 0
vn -0 -1 0
vn -0 -1 0
vn -0 -1 0
vn -0 -1 0
vn -0 0 1
vn -0 0 1
vn -0 0 1
vn -0 0 1
vn -0 -1 0
vn -0 -1 0
vn -0 -1 0
vn -0 -1 0
vn -0 -1 0
vn -0 -1 0
vn -0 1 0
vn -0 1 0
vn -0 1 0
vn -0 1 0
vn -0 1 0
vn -0 1 0
vn -0 1 0
vn -0 1 0
vn -0 1 0
vn -0 1 0
vn -0 1 0
vn -1 0 0
vn -1 0 0
vn -1 0 0
vn -1 0 0
vn -1 0 0
vn -1 0 0
vn -0 0 -1
vn -0 0 -1
vn -0 0 -1
vn -0 0 -1
vn -0 0 -1
vn -0 0 -1
vn 0.84286195 0 -0.5381299
vn 0.84286195 0 -0.5381299
vn 0.84286195 0 -0.5381299
vn 0.84286195 0 -0.5381299
vn 0.8428622 0 -0.5381294
vn 0.8428622 0 -0.5381294
vn 1 0 0
vn 1 0 0
vn 1 0 0
vn 1 0 0
vn -1 0 0
vn -1 0 0
vn -1 0 0
vn -1 0 0
vn -0 -1 0
vn -0 -1 0
vn -0 -1 0
vn -0 -1 0
vn -1 0 0
vn -1 0 0
vn -1 0 0
vn -1 0 0
vn -0 0 -1
vn -0 0 -1
vn -0 0 -1
vn -0 0 -1
vn -0 0 1
vn -0 0 1
vn -0 0 1
vn -0 0 1
vn -0 0 1
vn -0 0 1
vn -0 0 1
vn -0 0 1
vn -1 0 0
vn -1 0 0
vn -1 0 0
vn -1 0 0
vn -0 1 0
vn -0 1 0
vn -0 1 0
vn -0 1 0
vn 1 0 0
vn 1 0 0
vn 1 0 0
vn 1 0 0
vn -0 -1 0
vn -0 -1 0
vn -0 -1 0
vn -0 -1 0
vn -0 0 -1
vn -0 0 -1
vn -0 0 -1
vn -0 0 -1
vn -0 0 1
vn -0 0 1
vn -0 0 1
vn -0 0 1
vn -1 0 0
vn -1 0 0
vn -1 0 0
vn -1 0 0
vn -0 1 0
vn -0 1 0
vn -0 1 0
vn -0 1 0
vn 1 0 0
vn 1 0 0
vn 1 0 0
vn 1 0 0
vn -0 -1 0
vn -0 -1 0
vn -0 -1 0
vn -0 -1 0
vn -0 0 -1
vn -0 0 -1
vn -0 0 -1
vn -0 0 -1
vn -0 0 1
vn -0 0 1
vn -0 0 1
vn -0 0 1
vn -0 -0.5224646 0.852661
vn -0 -0.5224646 0.852661
vn -0 -0.5224646 0.852661
vn -0 -0.5224646 0.852661
vn -0 0.5224647 0.85266095
vn -0 0.5224647 0.85266095
vn -0 0.5224647 0.85266095
vn -0 0.5224647 0.85266095
vn -0 0.52246475 0.85266083
vn -0 0.52246475 0.85266083
vn -0 -0.5224647 0.85266095
vn -0 -0.5224647 0.85266095
vn -0 -0.5224647 0.85266095
vn -0 -0.5224647 0.85266095
vn -0 0.5224646 0.85266095
vn -0 0.5224646 0.85266095
vn -0 0.5224646 0.85266095
vn -0 0.5224646 0.85266095
vn -0.522464 0 0.8526614
vn -0.522464 0 0.8526614
vn -0.522464 0 0.8526614
vn -0.522464 0 0.8526614
vn -0.5224646 0 0.85266095
vn -0.5224653 0 0.8526606
vn -0.5224653 0 0.8526606
vn -0.5224647 0 0.85266083
vn -0.5224647 0 0.85266083
vn -0.5224647 0 0.85266083
vn -0.5224647 0 0.85266083
vn 0.52246493 0 0.8526608
vn 0.52246493 0 0.8526608
vn 0.52246493 0 0.8526608
vn 0.52246493 0 0.8526608
vn 0.5224643 0 0.8526612
vn 0.5224643 0 0.8526612
vn 0.522465 0 0.8526608
vn 0.522465 0 0.8526608
vn 0.522465 0 0.8526608
vn 0.522465 0 0.8526608
vn -0.5224648 0 0.85266083
vn -0.5224648 0 0.85266083
vn -0.5224648 0 0.85266083
vn -0.5224648 0 0.85266083
vn -0 -0.8428621 -0.5381297
vn -0 -0.8428621 -0.5381297
vn -0 -0.8428621 -0.5381297
vn -0 -0.8428621 -0.5381297
vn -0 -0.8428619 -0.53813004
vn -0 -0.8428619 -0.53813004
vn -0.84286195 0 -0.53813
vn -0.84286195 0 -0.53813
vn -0.84286195 0 -0.53813
vn -0.84286195 0 -0.53813
vn -0.8428622 0 -0.5381294
vn -0.8428622 0 -0.5381294
vn -0 0.8428616 -0.53813034
vn -0 0.8428616 -0.53813034
vn -0 0.8428616 -0.53813034
vn -0 0.8428616 -0.53813034
vn -0 0.8428622 -0.5381294
vn -0 0.8428622 -0.5381294
vn -0 -0.5381294 -0.8428622
vn -0 -0.5381294 -0.8428622
vn -0 -0.5381294 -0.8428622
vn -0 -0.5381294 -0.8428622
vn 0.8428621 0 -0.53812957
vn 0.8428621 0 -0.53812957
vn 0.8428621 0 -0.53812957
vn 0.8428621 0 -0.53812957
vn 0.84286195 0 -0.53812975
vn 0.84286195 0 -0.53812975
vn -0 0.8428619 -0.53813004
vn -0 0.8428619 -0.53813004
vn -0 0.8428619 -0.53813004
vn -0 0.8428619 -0.53813004
vn -0 0.84286195 -0.5381299
vn -0 0.84286195 -0.5381299
vn -1 0 0
vn -1 0 0
vn -1 0 0
vn -1 0 0
vn -1 0 0
vn -1 0 0
vn -1 0 0
vn 1 0 0
vn 1 0 0
vn 1 0 0
vn 1 0 0
vn -0 -1 0
vn -0 -1 0
vn -0 -1 0
vn -0 -1 0
vn -0 -1 0
vn -0 -1 0
vn -0 1 0
vn -0 1 0
vn -0 1 0
vn -0 1 0
vn 1 0 0
vn 1 0 0
vn 1 0 0
vn 1 0 0
vn -0 -0.53812975 -0.84286195
vn -0 -0.53812975 -0.84286195
vn -0 -0.53812975 -0.84286195
vn -0 -0.53812975 -0.84286195
vn -0.5224647 0 0.85266083
vn -0.5224647 0 0.85266083
vn -0.5224647 0 0.85266083
vn -0.5224647 0 0.85266083
vn 0.5224647 0 0.85266083
vn 0.5224647 0 0.85266083
vn 0.5224647 0 0.85266083
vn 0.5224647 0 0.85266083
vn 0.5224653 0 0.8526606
vn 0.5224653 0 0.8526606
vn 0.53812915 0 -0.84286237
vn 0.53812915 0 -0.84286237
vn 0.53812915 0 -0.84286237
vn 0.53812915 0 -0.84286237
vn -0 0.53813046 -0.84286153
vn -0 0.53813046 -0.84286153
vn -0 0.53813046 -0.84286153
vn -0 0.53813046 -0.84286153
vn -0 0.52246475 0.85266083
vn -0 0.52246475 0.85266083
vn -0 0.52246475 0.85266083
vn -0 0.52246475 0.85266083
vn 0.5224647 0 0.85266083
vn 0.5224647 0 0.85266083
vn 0.5224647 0 0.85266083
vn 0.5224647 0 0.85266083
vn 0.53812855 0 -0.8428628
vn 0.53812855 0 -0.8428628
vn 0.53812855 0 -0.8428628
vn 0.53812855 0 -0.8428628
vn 0.5381297 0 -0.842862
vn 0.5381297 0 -0.842862
vn -0 -0.5224658 0.85266024
vn -0 -0.5224658 0.85266024
vn -0 -0.5224658 0.85266024
vn -0 -0.5224658 0.85266024
vn -0.53812915 0 -0.84286237
vn -0.53812915 0 -0.84286237
vn -0.53812915 0 -0.84286237
vn -0.53812915 0 -0.84286237
vn -0 0.53812975 -0.842862
vn -0 0.53812975 -0.842862
vn -0 0.53812975 -0.842862
vn -0 0.53812975 -0.842862
vn -0 -1 0
vn -0 -1 0
vn -0 -1 0
vn -0 -1 0
vn -0 -1 0
vn -0 -1 0
vn -0 -1 0
vn -0 -1 0
vn -0 -1 0
vn -0 -1 0
vn -0 -1 0
vn -0 -1 0
vn -0 -1 0
vn -0 -1 0
vn -0 -1 0
vn -0 -1 0
vn -0 -1 0
vn -0 -1 0
vn -0 -1 0
vn -0 -1 0
vn -0 1 0
vn -0 1 0
vn -0 1 0
vn -0 1 0
vn -0 1 0
vn -0 1 0
vn -0 1 0
vn -0 1 0
vn -0 1 0
vn -1 0 0
vn -1 0 0
vn -1 0 0
vn -1 0 0
vn -1 0 0
vn -1 0 0
vn -1 0 0
vn -1 0 0
vn -0 0 -1
vn -0 0 -1
vn -0 0 -1
vn -0 0 -1
vn -0 1 0
vn -0 1 0
vn -0 1 0
vn -0 1 0
vn -0 1 0
vn -0 1 0
vn -0 1 0
vn -0 1 0
vn -0 1 0
vn -0 1 0
vn -0 1 0
vn -0 1 0
vn 1 0 0
vn 1 0 0
vn 1 0 0
vn 1 0 0
vn -0 0 -1
vn -0 0 -1
vn -0 0 -1
vn -0 0 -1
vn 1 0 0
vn 1 0 0
vn 1 0 0
vn 1 0 0
vn -0 0 1
vn -0 0 1
vn -0 0 1
vn -0 0 1
vn -1 0 0
vn -1 0 0
vn -1 0 0
vn -1 0 0
vn -0 0 -1
vn -0 0 -1
vn -0 0 -1
vn -0 0 -1
vn -0 0 1
vn -0 0 1
vn -0 0 1
vn -0 0 1
vn 1 0 0
vn 1 0 0
vn 1 0 0
vn 1 0 0
vn -0 0 1
vn -0 0 1
vn -0 0 1
vn -0 0 1
g Castle Center lvll3 Final_0
f 3/3/3 2/2/2 1/1/1
f 4/4/4 3/3/3 1/1/1
f 7/7/7 6/6/6 5/5/5
f 8/8/8 7/7/7 5/5/5
f 11/11/11 10/10/10 9/9/9
f 12/12/12 11/11/11 9/9/9
f 15/15/15 14/14/14 13/13/13
f 16/16/16 15/15/15 13/13/13
f 19/19/19 18/18/18 17/17/17
f 20/20/20 19/19/19 17/17/17
f 23/23/23 22/22/22 21/21/21
f 24/24/24 23/23/23 21/21/21
f 27/27/27 26/26/26 25/25/25
f 28/28/28 27/27/27 25/25/25
f 31/31/31 30/30/30 29/29/29
f 32/32/32 31/31/31 29/29/29
f 35/35/35 34/34/34 33/33/33
f 36/36/36 35/35/35 33/33/33
f 39/39/39 38/38/38 37/37/37
f 40/40/40 39/39/39 37/37/37
f 43/43/43 42/42/42 41/41/41
f 44/44/44 43/43/43 41/41/41
f 47/47/47 46/46/46 45/45/45
f 48/48/48 47/47/47 45/45/45
f 51/51/51 50/50/50 49/49/49
f 52/52/52 51/51/51 49/49/49
f 55/55/55 54/54/54 53/53/53
f 56/56/56 55/55/55 53/53/53
f 59/59/59 58/58/58 57/57/57
f 60/60/60 59/59/59 57/57/57
f 63/63/63 62/62/62 61/61/61
f 64/64/64 63/63/63 61/61/61
f 67/67/67 66/66/66 65/65/65
f 68/68/68 67/67/67 65/65/65
f 71/71/71 70/70/70 69/69/69
f 72/72/72 71/71/71 69/69/69
f 75/75/75 74/74/74 73/73/73
f 76/76/76 75/75/75 73/73/73
f 79/79/79 78/78/78 77/77/77
f 80/80/80 79/79/79 77/77/77
f 83/83/83 82/82/82 81/81/81
f 84/84/84 83/83/83 81/81/81
f 84/84/84 81/81/81 85/85/85
f 84/84/84 86/86/86 83/83/83
f 86/86/86 87/87/87 83/83/83
f 88/88/88 84/84/84 85/85/85
f 88/88/88 85/85/85 89/89/89
f 90/90/90 88/88/88 89/89/89
f 90/90/90 89/89/89 91/91/91
f 90/90/90 92/92/92 88/88/88
f 92/92/92 93/93/93 88/88/88
f 94/94/94 90/90/90 91/91/91
f 94/94/94 91/91/91 95/95/95
f 96/96/96 94/94/94 95/95/95
f 96/96/96 97/97/97 94/94/94
f 97/97/97 98/98/98 94/94/94
f 101/101/101 100/100/100 99/99/99
f 102/102/102 101/101/101 99/99/99
f 102/102/102 99/99/99 103/103/103
f 102/102/102 104/104/104 101/101/101
f 104/104/104 105/105/105 101/101/101
f 106/106/106 102/102/102 103/103/103
f 106/106/106 103/103/103 107/107/107
f 108/108/108 106/106/106 107/107/107
f 108/108/108 107/107/107 109/109/109
f 108/108/108 110/110/110 106/106/106
f 110/110/110 111/111/111 106/106/106
f 112/112/112 108/108/108 109/109/109
f 112/112/112 109/109/109 113/113/113
f 114/114/114 112/112/112 113/113/113
f 114/114/114 115/115/115 112/112/112
f 115/115/115 116/116/116 112/112/112
f 119/119/119 118/118/118 117/117/117
f 120/120/120 119/119/119 117/117/117
f 120/120/120 117/117/117 121/121/121
f 120/120/120 122/122/122 119/119/119
f 122/122/122 123/123/123 119/119/119
f 124/124/124 120/120/120 121/121/121
f 124/124/124 121/121/121 125/125/125
f 126/126/126 124/124/124 125/125/125
f 126/126/126 125/125/125 127/127/127
f 126/126/126 128/128/128 124/124/124
f 128/128/128 129/129/129 124/124/124
f 130/130/130 126/126/126 127/127/127
f 130/130/130 127/127/127 131/131/131
f 132/132/132 130/130/130 131/131/131
f 132/132/132 133/133/133 130/130/130
f 133/133/133 134/134/134 130/130/130
f 137/137/137 136/136/136 135/135/135
f 138/138/138 137/137/137 135/135/135
f 138/138/138 135/135/135 139/139/139
f 138/138/138 140/140/140 137/137/137
f 140/140/140 141/141/141 137/137/137
f 142/142/142 138/138/138 139/139/139
f 142/142/142 139/139/139 143/143/143
f 144/144/144 142/142/142 143/143/143
f 144/144/144 143/143/143 145/145/145
f 146/146/146 144/144/144 145/145/145
f 146/146/146 145/145/145 147/147/147
f 148/148/148 146/146/146 147/147/147
f 148/148/148 149/149/149 146/146/146
f 149/149/149 150/150/150 146/146/146
f 146/146/146 150/150/150 144/144/144
f 150/150/150 151/151/151 144/144/144
f 154/154/154 153/153/153 152/152/152
f 153/153/153 155/155/155 152/152/152
f 153/153/153 156/156/156 155/155/155
f 156/156/156 157/157/157 155/155/155
f 160/160/160 159/159/159 158/158/158
f 161/161/161 160/160/160 158/158/158
f 161/161/161 158/158/158 162/162/162
f 163/163/163 161/161/161 162/162/162
f 166/166/166 165/165/165 164/164/164
f 165/165/165 167/167/167 164/164/164
f 164/164/164 167/167/167 168/168/168
f 167/167/167 169/169/169 168/168/168
f 172/172/172 171/171/171 170/170/170
f 171/171/171 173/173/173 170/170/170
f 170/170/170 173/173/173 174/174/174
f 173/173/173 175/175/175 174/174/174
f 178/178/178 177/177/177 176/176/176
f 177/177/177 179/179/179 176/176/176
f 179/179/179 180/180/180 176/176/176
f 180/180/180 181/181/181 176/176/176
f 184/184/184 183/183/183 182/182/182
f 185/185/185 184/184/184 182/182/182
f 188/188/188 187/187/187 186/186/186
f 189/189/189 188/188/188 186/186/186
f 192/192/192 191/191/191 190/190/190
f 193/193/193 192/192/192 190/190/190
f 196/196/196 195/195/195 194/194/194
f 197/197/197 196/196/196 194/194/194
f 197/197/197 194/194/194 198/198/198
f 199/199/199 197/197/197 198/198/198
f 202/202/202 201/201/201 200/200/200
f 203/203/203 202/202/202 200/200/200
f 206/206/206 205/205/205 204/204/204
f 207/207/207 206/206/206 204/204/204
f 207/207/207 204/204/204 208/208/208
f 209/209/209 207/207/207 208/208/208
f 212/212/212 211/211/211 210/210/210
f 211/211/211 213/213/213 210/210/210
f 210/210/210 213/213/213 214/214/214
f 213/213/213 215/215/215 214/214/214
f 218/218/218 217/217/217 216/216/216
f 219/219/219 218/218/218 216/216/216
f 222/222/222 221/221/221 220/220/220
f 223/223/223 222/222/222 220/220/220
f 223/223/223 224/224/224 222/222/222
f 224/224/224 225/225/225 222/222/222
f 228/228/228 227/227/227 226/226/226
f 229/229/229 228/228/228 226/226/226
f 232/232/232 231/231/231 230/230/230
f 233/233/233 232/232/232 230/230/230
f 230/230/230 234/234/234 233/233/233
f 234/234/234 235/235/235 233/233/233
f 236/236/236 234/234/234 230/230/230
f 237/237/237 236/236/236 230/230/230
f 238/238/238 236/236/236 237/237/237
f 239/239/239 238/238/238 237/237/237
f 237/237/237 240/240/240 239/239/239
f 240/240/240 241/241/241 239/239/239
f 242/242/242 238/238/238 239/239/239
f 243/243/243 242/242/242 239/239/239
f 244/244/244 242/242/242 243/243/243
f 245/245/245 244/244/244 243/243/243
f 243/243/243 246/246/246 245/245/245
f 246/246/246 247/247/247 245/245/245
f 250/250/250 249/249/249 248/248/248
f 251/251/251 250/250/250 248/248/248
f 254/254/254 253/253/253 252/252/252
f 255/255/255 254/254/254 252/252/252
f 252/252/252 256/256/256 255/255/255
f 256/256/256 257/257/257 255/255/255
f 258/258/258 254/254/254 255/255/255
f 259/259/259 258/258/258 255/255/255
f 260/260/260 258/258/258 259/259/259
f 261/261/261 260/260/260 259/259/259
f 262/262/262 260/260/260 261/261/261
f 263/263/263 262/262/262 261/261/261
f 261/261/261 264/264/264 263/263/263
f 265/265/265 262/262/262 263/263/263
f 264/264/264 266/266/266 263/263/263
f 267/267/267 265/265/265 263/263/263
f 263/263/263 266/266/266 267/267/267
f 266/266/266 268/268/268 267/267/267
f 271/271/271 270/270/270 269/269/269
f 272/272/272 271/271/271 269/269/269
f 269/269/269 273/273/273 272/272/272
f 273/273/273 274/274/274 272/272/272
f 275/275/275 271/271/271 272/272/272
f 276/276/276 275/275/275 272/272/272
f 277/277/277 275/275/275 276/276/276
f 278/278/278 277/277/277 276/276/276
f 276/276/276 279/279/279 278/278/278
f 279/279/279 280/280/280 278/278/278
f 281/281/281 277/277/277 278/278/278
f 282/282/282 281/281/281 278/278/278
f 283/283/283 281/281/281 282/282/282
f 284/284/284 283/283/283 282/282/282
f 282/282/282 285/285/285 284/284/284
f 285/285/285 286/286/286 284/284/284
f 289/289/289 288/288/288 287/287/287
f 288/288/288 290/290/290 287/287/287
f 287/287/287 290/290/290 291/291/291
f 288/288/288 292/292/292 290/290/290
f 290/290/290 293/293/293 291/291/291
f 291/291/291 293/293/293 294/294/294
f 292/292/292 295/295/295 290/290/290
f 290/290/290 295/295/295 293/293/293
f 292/292/292 296/296/296 295/295/295
f 293/293/293 297/297/297 294/294/294
f 294/294/294 297/297/297 298/298/298
f 296/296/296 299/299/299 295/295/295
f 296/296/296 300/300/300 299/299/299
f 295/295/295 301/301/301 293/293/293
f 293/293/293 301/301/301 297/297/297
f 295/295/295 299/299/299 301/301/301
f 297/297/297 302/302/302 298/298/298
f 298/298/298 302/302/302 303/303/303
f 302/302/302 304/304/304 303/303/303
f 300/300/300 305/305/305 299/299/299
f 300/300/300 306/306/306 305/305/305
f 306/306/306 307/307/307 305/305/305
f 299/299/299 308/308/308 301/301/301
f 299/299/299 305/305/305 308/308/308
f 301/301/301 309/309/309 297/297/297
f 297/297/297 309/309/309 302/302/302
f 301/301/301 308/308/308 309/309/309
f 302/302/302 310/310/310 304/304/304
f 309/309/309 310/310/310 302/302/302
f 310/310/310 311/311/311 304/304/304
f 305/305/305 307/307/307 312/312/312
f 305/305/305 312/312/312 308/308/308
f 307/307/307 313/313/313 312/312/312
f 308/308/308 314/314/314 309/309/309
f 309/309/309 314/314/314 310/310/310
f 308/308/308 312/312/312 314/314/314
f 310/310/310 315/315/315 311/311/311
f 314/314/314 315/315/315 310/310/310
f 315/315/315 316/316/316 311/311/311
f 312/312/312 313/313/313 317/317/317
f 312/312/312 317/317/317 314/314/314
f 314/314/314 317/317/317 315/315/315
f 313/313/313 318/318/318 317/317/317
f 315/315/315 319/319/319 316/316/316
f 317/317/317 319/319/319 315/315/315
f 317/317/317 318/318/318 319/319/319
f 319/319/319 320/320/320 316/316/316
f 318/318/318 321/321/321 319/319/319
f 319/319/319 321/321/321 320/320/320
f 321/321/321 322/322/322 320/320/320
f 325/325/325 324/324/324 323/323/323
f 326/326/326 325/325/325 323/323/323
f 329/329/329 328/328/328 327/327/327
f 330/330/330 329/329/329 327/327/327
f 333/333/333 332/332/332 331/331/331
f 334/334/334 333/333/333 331/331/331
f 337/337/337 336/336/336 335/335/335
f 338/338/338 337/337/337 335/335/335
f 341/341/341 340/340/340 339/339/339
f 342/342/342 341/341/341 339/339/339
f 345/345/345 344/344/344 343/343/343
f 346/346/346 345/345/345 343/343/343
f 347/347/347 345/345/345 346/346/346
f 348/348/348 347/347/347 346/346/346
f 351/351/351 350/350/350 349/349/349
f 350/350/350 352/352/352 349/349/349
f 349/349/349 352/352/352 353/353/353
f 350/350/350 354/354/354 352/352/352
f 352/352/352 355/355/355 353/353/353
f 353/353/353 355/355/355 356/356/356
f 354/354/354 357/357/357 352/352/352
f 352/352/352 357/357/357 355/355/355
f 354/354/354 358/358/358 357/357/357
f 355/355/355 359/359/359 356/356/356
f 356/356/356 359/359/359 360/360/360
f 358/358/358 361/361/361 357/357/357
f 358/358/358 362/362/362 361/361/361
f 357/357/357 363/363/363 355/355/355
f 355/355/355 363/363/363 359/359/359
f 357/357/357 361/361/361 363/363/363
f 359/359/359 364/364/364 360/360/360
f 360/360/360 364/364/364 365/365/365
f 364/364/364 366/366/366 365/365/365
f 362/362/362 367/367/367 361/361/361
f 362/362/362 368/368/368 367/367/367
f 368/368/368 369/369/369 367/367/367
f 361/361/361 370/370/370 363/363/363
f 361/361/361 367/367/367 370/370/370
f 363/363/363 371/371/371 359/359/359
f 359/359/359 371/371/371 364/364/364
f 363/363/363 370/370/370 371/371/371
f 364/364/364 372/372/372 366/366/366
f 371/371/371 372/372/372 364/364/364
f 372/372/372 373/373/373 366/366/366
f 367/367/367 369/369/369 374/374/374
f 367/367/367 374/374/374 370/370/370
f 369/369/369 375/375/375 374/374/374
f 370/370/370 376/376/376 371/371/371
f 371/371/371 376/376/376 372/372/372
f 370/370/370 374/374/374 376/376/376
f 372/372/372 377/377/377 373/373/373
f 376/376/376 377/377/377 372/372/372
f 377/377/377 378/378/378 373/373/373
f 374/374/374 375/375/375 379/379/379
f 374/374/374 379/379/379 376/376/376
f 376/376/376 379/379/379 377/377/377
f 375/375/375 380/380/380 379/379/379
f 377/377/377 381/381/381 378/378/378
f 379/379/379 381/381/381 377/377/377
f 379/379/379 380/380/380 381/381/381
f 381/381/381 382/382/382 378/378/378
f 380/380/380 383/383/383 381/381/381
f 381/381/381 383/383/383 382/382/382
f 383/383/383 384/384/384 382/382/382
f 387/387/387 386/386/386 385/385/385
f 388/388/388 387/387/387 385/385/385
f 391/391/391 390/390/390 389/389/389
f 392/392/392 391/391/391 389/389/389
f 395/395/395 394/394/394 393/393/393
f 396/396/396 395/395/395 393/393/393
f 399/399/399 398/398/398 397/397/397
f 400/400/400 399/399/399 397/397/397
f 403/403/403 402/402/402 401/401/401
f 404/404/404 403/403/403 401/401/401
f 407/407/407 406/406/406 405/405/405
f 408/408/408 407/407/407 405/405/405
f 405/405/405 409/409/409 408/408/408
f 409/409/409 410/410/410 408/408/408
f 411/411/411 407/407/407 408/408/408
f 412/412/412 411/411/411 408/408/408
f 413/413/413 411/411/411 412/412/412
f 414/414/414 413/413/413 412/412/412
f 412/412/412 415/415/415 414/414/414
f 415/415/415 416/416/416 414/414/414
f 417/417/417 413/413/413 414/414/414
f 418/418/418 417/417/417 414/414/414
f 419/419/419 417/417/417 418/418/418
f 420/420/420 419/419/419 418/418/418
f 418/418/418 421/421/421 420/420/420
f 421/421/421 422/422/422 420/420/420
f 425/425/425 424/424/424 423/423/423
f 426/426/426 425/425/425 423/423/423
f 427/427/427 425/425/425 426/426/426
f 428/428/428 427/427/427 426/426/426
f 431/431/431 430/430/430 429/429/429
f 432/432/432 431/431/431 429/429/429
f 433/433/433 431/431/431 432/432/432
f 434/434/434 433/433/433 432/432/432
f 437/437/437 436/436/436 435/435/435
f 438/438/438 437/437/437 435/435/435
f 439/439/439 437/437/437 438/438/438
f 440/440/440 439/439/439 438/438/438
f 441/441/441 439/439/439 440/440/440
f 442/442/442 441/441/441 440/440/440
f 445/445/445 444/444/444 443/443/443
f 446/446/446 445/445/445 443/443/443
f 447/447/447 445/445/445 446/446/446
f 448/448/448 447/447/447 446/446/446
f 451/451/451 450/450/450 449/449/449
f 452/452/452 451/451/451 449/449/449
f 455/455/455 454/454/454 453/453/453
f 456/456/456 455/455/455 453/453/453
f 459/459/459 458/458/458 457/457/457
f 460/460/460 459/459/459 457/457/457
f 463/463/463 462/462/462 461/461/461
f 464/464/464 463/463/463 461/461/461
f 467/467/467 466/466/466 465/465/465
f 468/468/468 467/467/467 465/465/465
f 471/471/471 470/470/470 469/469/469
f 472/472/472 471/471/471 469/469/469
f 475/475/475 474/474/474 473/473/473
f 476/476/476 475/475/475 473/473/473
f 479/479/479 478/478/478 477/477/477
f 480/480/480 479/479/479 477/477/477
f 483/483/483 482/482/482 481/481/481
f 484/484/484 483/483/483 481/481/481
f 487/487/487 486/486/486 485/485/485
f 488/488/488 487/487/487 485/485/485
f 491/491/491 490/490/490 489/489/489
f 492/492/492 491/491/491 489/489/489
f 495/495/495 494/494/494 493/493/493
f 494/494/494 496/496/496 493/493/493
f 493/493/493 496/496/496 497/497/497
f 496/496/496 498/498/498 497/497/497
f 501/501/501 500/500/500 499/499/499
f 500/500/500 502/502/502 499/499/499
f 499/499/499 502/502/502 503/503/503
f 502/502/502 504/504/504 503/503/503
f 507/507/507 506/506/506 505/505/505
f 508/508/508 507/507/507 505/505/505
f 511/511/511 510/510/510 509/509/509
f 510/510/510 512/512/512 509/509/509
f 509/509/509 512/512/512 513/513/513
f 512/512/512 514/514/514 513/513/513
f 517/517/517 516/516/516 515/515/515
f 518/518/518 517/517/517 515/515/515
f 521/521/521 520/520/520 519/519/519
f 522/522/522 521/521/521 519/519/519
f 525/525/525 524/524/524 523/523/523
f 526/526/526 525/525/525 523/523/523
f 529/529/529 528/528/528 527/527/527
f 530/530/530 529/529/529 527/527/527
f 530/530/530 527/527/527 531/531/531
f 532/532/532 530/530/530 531/531/531
f 535/535/535 534/534/534 533/533/533
f 534/534/534 536/536/536 533/533/533
f 534/534/534 537/537/537 536/536/536
f 537/537/537 538/538/538 536/536/536
f 541/541/541 540/540/540 539/539/539
f 542/542/542 541/541/541 539/539/539
f 545/545/545 544/544/544 543/543/543
f 546/546/546 545/545/545 543/543/543
f 549/549/549 548/548/548 547/547/547
f 550/550/550 549/549/549 547/547/547
f 553/553/553 552/552/552 551/551/551
f 554/554/554 553/553/553 551/551/551
f 557/557/557 556/556/556 555/555/555
f 558/558/558 557/557/557 555/555/555
f 558/558/558 555/555/555 559/559/559
f 558/558/558 560/560/560 557/557/557
f 560/560/560 561/561/561 557/557/557
f 562/562/562 558/558/558 559/559/559
f 562/562/562 559/559/559 563/563/563
f 564/564/564 562/562/562 563/563/563
f 564/564/564 563/563/563 565/565/565
f 566/566/566 564/564/564 565/565/565
f 566/566/566 565/565/565 567/567/567
f 568/568/568 566/566/566 567/567/567
f 568/568/568 567/567/567 569/569/569
f 568/568/568 570/570/570 566/566/566
f 570/570/570 571/571/571 566/566/566
f 572/572/572 568/568/568 569/569/569
f 572/572/572 569/569/569 573/573/573
f 574/574/574 572/572/572 573/573/573
f 577/577/577 576/576/576 575/575/575
f 578/578/578 577/577/577 575/575/575
f 581/581/581 580/580/580 579/579/579
f 582/582/582 581/581/581 579/579/579
f 582/582/582 579/579/579 583/583/583
f 584/584/584 582/582/582 583/583/583
f 584/584/584 583/583/583 585/585/585
f 586/586/586 584/584/584 585/585/585
f 586/586/586 585/585/585 587/587/587
f 588/588/588 586/586/586 587/587/587
f 588/588/588 587/587/587 589/589/589
f 590/590/590 588/588/588 589/589/589
f 590/590/590 589/589/589 591/591/591
f 592/592/592 590/590/590 591/591/591
f 592/592/592 591/591/591 593/593/593
f 594/594/594 592/592/592 593/593/593
f 594/594/594 595/595/595 592/592/592
f 595/595/595 596/596/596 592/592/592
f 599/599/599 598/598/598 597/597/597
f 600/600/600 599/599/599 597/597/597
f 603/603/603 602/602/602 601/601/601
f 604/604/604 603/603/603 601/601/601
f 604/604/604 601/601/601 605/605/605
f 606/606/606 604/604/604 605/605/605
f 606/606/606 605/605/605 607/607/607
f 608/608/608 606/606/606 607/607/607
f 608/608/608 607/607/607 609/609/609
f 610/610/610 608/608/608 609/609/609
f 610/610/610 609/609/609 611/611/611
f 612/612/612 610/610/610 611/611/611
f 612/612/612 611/611/611 613/613/613
f 614/614/614 612/612/612 613/613/613
f 614/614/614 613/613/613 615/615/615
f 616/616/616 614/614/614 615/615/615
f 619/619/619 618/618/618 617/617/617
f 620/620/620 619/619/619 617/617/617
f 623/623/623 622/622/622 621/621/621
f 624/624/624 623/623/623 621/621/621
f 627/627/627 626/626/626 625/625/625
f 628/628/628 627/627/627 625/625/625
f 631/631/631 630/630/630 629/629/629
f 632/632/632 631/631/631 629/629/629
f 635/635/635 634/634/634 633/633/633
f 636/636/636 635/635/635 633/633/633
f 639/639/639 638/638/638 637/637/637
f 640/640/640 639/639/639 637/637/637
f 643/643/643 642/642/642 641/641/641
f 644/644/644 643/643/643 641/641/641
f 647/647/647 646/646/646 645/645/645
f 648/648/648 647/647/647 645/645/645
f 651/651/651 650/650/650 649/649/649
f 652/652/652 651/651/651 649/649/649
f 655/655/655 654/654/654 653/653/653
f 656/656/656 655/655/655 653/653/653
f 659/659/659 658/658/658 657/657/657
f 660/660/660 659/659/659 657/657/657
f 663/663/663 662/662/662 661/661/661
f 664/664/664 663/663/663 661/661/661
f 667/667/667 666/666/666 665/665/665
f 668/668/668 667/667/667 665/665/665
f 671/671/671 670/670/670 669/669/669
f 672/672/672 671/671/671 669/669/669
f 675/675/675 674/674/674 673/673/673
f 676/676/676 675/675/675 673/673/673
f 679/679/679 678/678/678 677/677/677
f 680/680/680 679/679/679 677/677/677
f 683/683/683 682/682/682 681/681/681
f 684/684/684 683/683/683 681/681/681
f 687/687/687 686/686/686 685/685/685
f 688/688/688 687/687/687 685/685/685
f 691/691/691 690/690/690 689/689/689
f 692/692/692 691/691/691 689/689/689
f 695/695/695 694/694/694 693/693/693
f 696/696/696 695/695/695 693/693/693
f 699/699/699 698/698/698 697/697/697
f 700/700/700 699/699/699 697/697/697
f 700/700/700 697/697/697 701/701/701
f 702/702/702 700/700/700 701/701/701
f 702/702/702 701/701/701 703/703/703
f 704/704/704 702/702/702 703/703/703
f 704/704/704 703/703/703 705/705/705
f 706/706/706 704/704/704 705/705/705
f 706/706/706 705/705/705 707/707/707
f 708/708/708 706/706/706 707/707/707
f 708/708/708 707/707/707 709/709/709
f 710/710/710 708/708/708 709/709/709
f 710/710/710 709/709/709 711/711/711
f 712/712/712 710/710/710 711/711/711
f 715/715/715 714/714/714 713/713/713
f 716/716/716 715/715/715 713/713/713
f 716/716/716 717/717/717 715/715/715
f 717/717/717 718/718/718 715/715/715
f 721/721/721 720/720/720 719/719/719
f 722/722/722 721/721/721 719/719/719
f 722/722/722 719/719/719 723/723/723
f 722/722/722 724/724/724 721/721/721
f 724/724/724 725/725/725 721/721/721
f 726/726/726 722/722/722 723/723/723
f 726/726/726 723/723/723 727/727/727
f 728/728/728 726/726/726 727/727/727
f 728/728/728 727/727/727 729/729/729
f 730/730/730 728/728/728 729/729/729
f 730/730/730 729/729/729 731/731/731
f 732/732/732 730/730/730 731/731/731
f 732/732/732 731/731/731 733/733/733
f 734/734/734 732/732/732 733/733/733
f 734/734/734 733/733/733 735/735/735
f 736/736/736 734/734/734 735/735/735
f 739/739/739 738/738/738 737/737/737
f 740/740/740 739/739/739 737/737/737
f 740/740/740 741/741/741 739/739/739
f 741/741/741 742/742/742 739/739/739
f 745/745/745 744/744/744 743/743/743
f 746/746/746 745/745/745 743/743/743
f 746/746/746 743/743/743 747/747/747
f 748/748/748 746/746/746 747/747/747
f 748/748/748 747/747/747 749/749/749
f 750/750/750 748/748/748 749/749/749
f 750/750/750 749/749/749 751/751/751
f 752/752/752 750/750/750 751/751/751
f 752/752/752 751/751/751 753/753/753
f 754/754/754 752/752/752 753/753/753
f 754/754/754 753/753/753 755/755/755
f 756/756/756 754/754/754 755/755/755
f 756/756/756 755/755/755 757/757/757
f 758/758/758 756/756/756 757/757/757
f 761/761/761 760/760/760 759/759/759
f 762/762/762 761/761/761 759/759/759
f 765/765/765 764/764/764 763/763/763
f 766/766/766 765/765/765 763/763/763
f 769/769/769 768/768/768 767/767/767
f 770/770/770 769/769/769 767/767/767
f 773/773/773 772/772/772 771/771/771
f 774/774/774 773/773/773 771/771/771
f 777/777/777 776/776/776 775/775/775
f 778/778/778 777/777/777 775/775/775
f 781/781/781 780/780/780 779/779/779
f 782/782/782 781/781/781 779/779/779
f 785/785/785 784/784/784 783/783/783
f 786/786/786 785/785/785 783/783/783
f 789/789/789 788/788/788 787/787/787
f 790/790/790 789/789/789 787/787/787
f 793/793/793 792/792/792 791/791/791
f 794/794/794 793/793/793 791/791/791
f 797/797/797 796/796/796 795/795/795
f 798/798/798 797/797/797 795/795/795
f 801/801/801 800/800/800 799/799/799
f 802/802/802 801/801/801 799/799/799
f 805/805/805 804/804/804 803/803/803
f 806/806/806 805/805/805 803/803/803
f 809/809/809 808/808/808 807/807/807
f 810/810/810 809/809/809 807/807/807
f 813/813/813 812/812/812 811/811/811
f 814/814/814 813/813/813 811/811/811
f 817/817/817 816/816/816 815/815/815
f 818/818/818 817/817/817 815/815/815
f 821/821/821 820/820/820 819/819/819
f 822/822/822 821/821/821 819/819/819
f 825/825/825 824/824/824 823/823/823
f 826/826/826 825/825/825 823/823/823
f 829/829/829 828/828/828 827/827/827
f 830/830/830 829/829/829 827/827/827
f 833/833/833 832/832/832 831/831/831
f 834/834/834 833/833/833 831/831/831
f 837/837/837 836/836/836 835/835/835
f 838/838/838 837/837/837 835/835/835
f 841/841/841 840/840/840 839/839/839
f 842/842/842 841/841/841 839/839/839
f 842/842/842 839/839/839 843/843/843
f 844/844/844 842/842/842 843/843/843
f 844/844/844 843/843/843 845/845/845
f 846/846/846 844/844/844 845/845/845
f 846/846/846 845/845/845 847/847/847
f 848/848/848 846/846/846 847/847/847
f 848/848/848 847/847/847 849/849/849
f 850/850/850 848/848/848 849/849/849
f 850/850/850 849/849/849 851/851/851
f 852/852/852 850/850/850 851/851/851
f 852/852/852 851/851/851 853/853/853
f 854/854/854 852/852/852 853/853/853
f 854/854/854 855/855/855 852/852/852
f 855/855/855 856/856/856 852/852/852
f 859/859/859 858/858/858 857/857/857
f 860/860/860 859/859/859 857/857/857
f 860/860/860 861/861/861 859/859/859
f 861/861/861 862/862/862 859/859/859
f 865/865/865 864/864/864 863/863/863
f 866/866/866 865/865/865 863/863/863
f 866/866/866 863/863/863 867/867/867
f 866/866/866 868/868/868 865/865/865
f 868/868/868 869/869/869 865/865/865
f 870/870/870 866/866/866 867/867/867
f 870/870/870 867/867/867 871/871/871
f 872/872/872 870/870/870 871/871/871
f 872/872/872 871/871/871 873/873/873
f 874/874/874 872/872/872 873/873/873
f 874/874/874 873/873/873 875/875/875
f 876/876/876 874/874/874 875/875/875
f 876/876/876 875/875/875 877/877/877
f 878/878/878 876/876/876 877/877/877
f 878/878/878 877/877/877 879/879/879
f 880/880/880 878/878/878 879/879/879
f 883/883/883 882/882/882 881/881/881
f 884/884/884 883/883/883 881/881/881
f 884/884/884 885/885/885 883/883/883
f 885/885/885 886/886/886 883/883/883
f 889/889/889 888/888/888 887/887/887
f 890/890/890 889/889/889 887/887/887
f 890/890/890 887/887/887 891/891/891
f 892/892/892 890/890/890 891/891/891
f 892/892/892 891/891/891 893/893/893
f 894/894/894 892/892/892 893/893/893
f 894/894/894 893/893/893 895/895/895
f 896/896/896 894/894/894 895/895/895
f 896/896/896 895/895/895 897/897/897
f 898/898/898 896/896/896 897/897/897
f 898/898/898 897/897/897 899/899/899
f 900/900/900 898/898/898 899/899/899
f 900/900/900 899/899/899 901/901/901
f 902/902/902 900/900/900 901/901/901
f 905/905/905 904/904/904 903/903/903
f 906/906/906 905/905/905 903/903/903
f 909/909/909 908/908/908 907/907/907
f 910/910/910 909/909/909 907/907/907
f 913/913/913 912/912/912 911/911/911
f 914/914/914 913/913/913 911/911/911
f 917/917/917 916/916/916 915/915/915
f 918/918/918 917/917/917 915/915/915
f 921/921/921 920/920/920 919/919/919
f 922/922/922 921/921/921 919/919/919
f 925/925/925 924/924/924 923/923/923
f 926/926/926 925/925/925 923/923/923
f 929/929/929 928/928/928 927/927/927
f 930/930/930 929/929/929 927/927/927
f 933/933/933 932/932/932 931/931/931
f 934/934/934 933/933/933 931/931/931
f 937/937/937 936/936/936 935/935/935
f 938/938/938 937/937/937 935/935/935
f 941/941/941 940/940/940 939/939/939
f 942/942/942 941/941/941 939/939/939
f 945/945/945 944/944/944 943/943/943
f 946/946/946 945/945/945 943/943/943
f 949/949/949 948/948/948 947/947/947
f 950/950/950 949/949/949 947/947/947
f 953/953/953 952/952/952 951/951/951
f 954/954/954 953/953/953 951/951/951
f 957/957/957 956/956/956 955/955/955
f 958/958/958 957/957/957 955/955/955
f 961/961/961 960/960/960 959/959/959
f 962/962/962 961/961/961 959/959/959
f 965/965/965 964/964/964 963/963/963
f 966/966/966 965/965/965 963/963/963
f 969/969/969 968/968/968 967/967/967
f 970/970/970 969/969/969 967/967/967
f 973/973/973 972/972/972 971/971/971
f 974/974/974 973/973/973 971/971/971
f 977/977/977 976/976/976 975/975/975
f 978/978/978 977/977/977 975/975/975
f 981/981/981 980/980/980 979/979/979
f 982/982/982 981/981/981 979/979/979
f 982/982/982 979/979/979 983/983/983
f 982/982/982 984/984/984 981/981/981
f 984/984/984 985/985/985 981/981/981
f 986/986/986 982/982/982 983/983/983
f 986/986/986 983/983/983 987/987/987
f 988/988/988 986/986/986 987/987/987
f 988/988/988 987/987/987 989/989/989
f 988/988/988 990/990/990 986/986/986
f 990/990/990 991/991/991 986/986/986
f 992/992/992 988/988/988 989/989/989
f 992/992/992 989/989/989 993/993/993
f 994/994/994 992/992/992 993/993/993
f 994/994/994 993/993/993 995/995/995
f 996/996/996 994/994/994 995/995/995
f 996/996/996 995/995/995 997/997/997
f 998/998/998 996/996/996 997/997/997
f 1001/1001/1001 1000/1000/1000 999/999/999
f 1002/1002/1002 1001/1001/1001 999/999/999
f 1002/1002/1002 1003/1003/1003 1001/1001/1001
f 1003/1003/1003 1004/1004/1004 1001/1001/1001
f 1007/1007/1007 1006/1006/1006 1005/1005/1005
f 1008/1008/1008 1007/1007/1007 1005/1005/1005
f 1008/1008/1008 1005/1005/1005 1009/1009/1009
f 1010/1010/1010 1008/1008/1008 1009/1009/1009
f 1010/1010/1010 1009/1009/1009 1011/1011/1011
f 1012/1012/1012 1010/1010/1010 1011/1011/1011
f 1012/1012/1012 1011/1011/1011 1013/1013/1013
f 1014/1014/1014 1012/1012/1012 1013/1013/1013
f 1014/1014/1014 1013/1013/1013 1015/1015/1015
f 1016/1016/1016 1014/1014/1014 1015/1015/1015
f 1016/1016/1016 1015/1015/1015 1017/1017/1017
f 1016/1016/1016 1018/1018/1018 1014/1014/1014
f 1018/1018/1018 1019/1019/1019 1014/1014/1014
f 1020/1020/1020 1016/1016/1016 1017/1017/1017
f 1020/1020/1020 1017/1017/1017 1021/1021/1021
f 1022/1022/1022 1020/1020/1020 1021/1021/1021
f 1022/1022/1022 1023/1023/1023 1020/1020/1020
f 1023/1023/1023 1024/1024/1024 1020/1020/1020
f 1027/1027/1027 1026/1026/1026 1025/1025/1025
f 1028/1028/1028 1027/1027/1027 1025/1025/1025
f 1028/1028/1028 1029/1029/1029 1027/1027/1027
f 1029/1029/1029 1030/1030/1030 1027/1027/1027
f 1033/1033/1033 1032/1032/1032 1031/1031/1031
f 1034/1034/1034 1033/1033/1033 1031/1031/1031
f 1034/1034/1034 1031/1031/1031 1035/1035/1035
f 1036/1036/1036 1034/1034/1034 1035/1035/1035
f 1036/1036/1036 1035/1035/1035 1037/1037/1037
f 1038/1038/1038 1036/1036/1036 1037/1037/1037
f 1038/1038/1038 1037/1037/1037 1039/1039/1039
f 1040/1040/1040 1038/1038/1038 1039/1039/1039
f 1040/1040/1040 1039/1039/1039 1041/1041/1041
f 1042/1042/1042 1040/1040/1040 1041/1041/1041
f 1042/1042/1042 1041/1041/1041 1043/1043/1043
f 1044/1044/1044 1042/1042/1042 1043/1043/1043
f 1044/1044/1044 1043/1043/1043 1045/1045/1045
f 1046/1046/1046 1044/1044/1044 1045/1045/1045
f 1049/1049/1049 1048/1048/1048 1047/1047/1047
f 1050/1050/1050 1049/1049/1049 1047/1047/1047
f 1053/1053/1053 1052/1052/1052 1051/1051/1051
f 1054/1054/1054 1053/1053/1053 1051/1051/1051
f 1057/1057/1057 1056/1056/1056 1055/1055/1055
f 1058/1058/1058 1057/1057/1057 1055/1055/1055
f 1061/1061/1061 1060/1060/1060 1059/1059/1059
f 1062/1062/1062 1061/1061/1061 1059/1059/1059
f 1065/1065/1065 1064/1064/1064 1063/1063/1063
f 1066/1066/1066 1065/1065/1065 1063/1063/1063
f 1069/1069/1069 1068/1068/1068 1067/1067/1067
f 1070/1070/1070 1069/1069/1069 1067/1067/1067
f 1073/1073/1073 1072/1072/1072 1071/1071/1071
f 1074/1074/1074 1073/1073/1073 1071/1071/1071
f 1077/1077/1077 1076/1076/1076 1075/1075/1075
f 1078/1078/1078 1077/1077/1077 1075/1075/1075
f 1081/1081/1081 1080/1080/1080 1079/1079/1079
f 1082/1082/1082 1081/1081/1081 1079/1079/1079
f 1085/1085/1085 1084/1084/1084 1083/1083/1083
f 1086/1086/1086 1085/1085/1085 1083/1083/1083
f 1089/1089/1089 1088/1088/1088 1087/1087/1087
f 1090/1090/1090 1089/1089/1089 1087/1087/1087
f 1093/1093/1093 1092/1092/1092 1091/1091/1091
f 1094/1094/1094 1093/1093/1093 1091/1091/1091
f 1097/1097/1097 1096/1096/1096 1095/1095/1095
f 1098/1098/1098 1097/1097/1097 1095/1095/1095
f 1101/1101/1101 1100/1100/1100 1099/1099/1099
f 1102/1102/1102 1101/1101/1101 1099/1099/1099
f 1105/1105/1105 1104/1104/1104 1103/1103/1103
f 1106/1106/1106 1105/1105/1105 1103/1103/1103
f 1109/1109/1109 1108/1108/1108 1107/1107/1107
f 1110/1110/1110 1109/1109/1109 1107/1107/1107
f 1113/1113/1113 1112/1112/1112 1111/1111/1111
f 1114/1114/1114 1113/1113/1113 1111/1111/1111
f 1117/1117/1117 1116/1116/1116 1115/1115/1115
f 1118/1118/1118 1117/1117/1117 1115/1115/1115
f 1118/1118/1118 1115/1115/1115 1119/1119/1119
f 1120/1120/1120 1118/1118/1118 1119/1119/1119
f 1120/1120/1120 1119/1119/1119 1121/1121/1121
f 1122/1122/1122 1120/1120/1120 1121/1121/1121
f 1122/1122/1122 1121/1121/1121 1123/1123/1123
f 1124/1124/1124 1122/1122/1122 1123/1123/1123
f 1124/1124/1124 1123/1123/1123 1125/1125/1125
f 1126/1126/1126 1124/1124/1124 1125/1125/1125
f 1126/1126/1126 1125/1125/1125 1127/1127/1127
f 1126/1126/1126 1128/1128/1128 1124/1124/1124
f 1128/1128/1128 1129/1129/1129 1124/1124/1124
f 1130/1130/1130 1126/1126/1126 1127/1127/1127
f 1130/1130/1130 1127/1127/1127 1131/1131/1131
f 1132/1132/1132 1130/1130/1130 1131/1131/1131
f 1135/1135/1135 1134/1134/1134 1133/1133/1133
f 1136/1136/1136 1135/1135/1135 1133/1133/1133
f 1139/1139/1139 1138/1138/1138 1137/1137/1137
f 1140/1140/1140 1139/1139/1139 1137/1137/1137
f 1140/1140/1140 1137/1137/1137 1141/1141/1141
f 1142/1142/1142 1140/1140/1140 1141/1141/1141
f 1142/1142/1142 1141/1141/1141 1143/1143/1143
f 1144/1144/1144 1142/1142/1142 1143/1143/1143
f 1144/1144/1144 1143/1143/1143 1145/1145/1145
f 1146/1146/1146 1144/1144/1144 1145/1145/1145
f 1146/1146/1146 1145/1145/1145 1147/1147/1147
f 1148/1148/1148 1146/1146/1146 1147/1147/1147
f 1148/1148/1148 1147/1147/1147 1149/1149/1149
f 1150/1150/1150 1148/1148/1148 1149/1149/1149
f 1150/1150/1150 1149/1149/1149 1151/1151/1151
f 1152/1152/1152 1150/1150/1150 1151/1151/1151
f 1155/1155/1155 1154/1154/1154 1153/1153/1153
f 1156/1156/1156 1155/1155/1155 1153/1153/1153
f 1156/1156/1156 1157/1157/1157 1155/1155/1155
f 1157/1157/1157 1158/1158/1158 1155/1155/1155
f 1161/1161/1161 1160/1160/1160 1159/1159/1159
f 1162/1162/1162 1161/1161/1161 1159/1159/1159
f 1162/1162/1162 1159/1159/1159 1163/1163/1163
f 1164/1164/1164 1162/1162/1162 1163/1163/1163
f 1164/1164/1164 1163/1163/1163 1165/1165/1165
f 1166/1166/1166 1164/1164/1164 1165/1165/1165
f 1166/1166/1166 1165/1165/1165 1167/1167/1167
f 1168/1168/1168 1166/1166/1166 1167/1167/1167
f 1168/1168/1168 1167/1167/1167 1169/1169/1169
f 1170/1170/1170 1168/1168/1168 1169/1169/1169
f 1170/1170/1170 1169/1169/1169 1171/1171/1171
f 1172/1172/1172 1170/1170/1170 1171/1171/1171
f 1172/1172/1172 1171/1171/1171 1173/1173/1173
f 1174/1174/1174 1172/1172/1172 1173/1173/1173
f 1177/1177/1177 1176/1176/1176 1175/1175/1175
f 1178/1178/1178 1177/1177/1177 1175/1175/1175
f 1181/1181/1181 1180/1180/1180 1179/1179/1179
f 1182/1182/1182 1181/1181/1181 1179/1179/1179
f 1185/1185/1185 1184/1184/1184 1183/1183/1183
f 1186/1186/1186 1185/1185/1185 1183/1183/1183
f 1189/1189/1189 1188/1188/1188 1187/1187/1187
f 1190/1190/1190 1189/1189/1189 1187/1187/1187
f 1193/1193/1193 1192/1192/1192 1191/1191/1191
f 1194/1194/1194 1193/1193/1193 1191/1191/1191
f 1197/1197/1197 1196/1196/1196 1195/1195/1195
f 1198/1198/1198 1197/1197/1197 1195/1195/1195
f 1201/1201/1201 1200/1200/1200 1199/1199/1199
f 1202/1202/1202 1201/1201/1201 1199/1199/1199
f 1205/1205/1205 1204/1204/1204 1203/1203/1203
f 1206/1206/1206 1205/1205/1205 1203/1203/1203
f 1209/1209/1209 1208/1208/1208 1207/1207/1207
f 1210/1210/1210 1209/1209/1209 1207/1207/1207
f 1213/1213/1213 1212/1212/1212 1211/1211/1211
f 1214/1214/1214 1213/1213/1213 1211/1211/1211
f 1217/1217/1217 1216/1216/1216 1215/1215/1215
f 1218/1218/1218 1217/1217/1217 1215/1215/1215
f 1221/1221/1221 1220/1220/1220 1219/1219/1219
f 1222/1222/1222 1221/1221/1221 1219/1219/1219
f 1225/1225/1225 1224/1224/1224 1223/1223/1223
f 1226/1226/1226 1225/1225/1225 1223/1223/1223
f 1229/1229/1229 1228/1228/1228 1227/1227/1227
f 1230/1230/1230 1229/1229/1229 1227/1227/1227
f 1233/1233/1233 1232/1232/1232 1231/1231/1231
f 1234/1234/1234 1233/1233/1233 1231/1231/1231
f 1237/1237/1237 1236/1236/1236 1235/1235/1235
f 1238/1238/1238 1237/1237/1237 1235/1235/1235
f 1241/1241/1241 1240/1240/1240 1239/1239/1239
f 1242/1242/1242 1241/1241/1241 1239/1239/1239
f 1245/1245/1245 1244/1244/1244 1243/1243/1243
f 1246/1246/1246 1245/1245/1245 1243/1243/1243
f 1249/1249/1249 1248/1248/1248 1247/1247/1247
f 1250/1250/1250 1249/1249/1249 1247/1247/1247
f 1253/1253/1253 1252/1252/1252 1251/1251/1251
f 1254/1254/1254 1253/1253/1253 1251/1251/1251
f 1257/1257/1257 1256/1256/1256 1255/1255/1255
f 1258/1258/1258 1257/1257/1257 1255/1255/1255
f 1261/1261/1261 1260/1260/1260 1259/1259/1259
f 1262/1262/1262 1261/1261/1261 1259/1259/1259
f 1262/1262/1262 1259/1259/1259 1263/1263/1263
f 1264/1264/1264 1262/1262/1262 1263/1263/1263
f 1264/1264/1264 1263/1263/1263 1265/1265/1265
f 1266/1266/1266 1264/1264/1264 1265/1265/1265
f 1266/1266/1266 1265/1265/1265 1267/1267/1267
f 1266/1266/1266 1268/1268/1268 1264/1264/1264
f 1268/1268/1268 1269/1269/1269 1264/1264/1264
f 1270/1270/1270 1266/1266/1266 1267/1267/1267
f 1270/1270/1270 1267/1267/1267 1271/1271/1271
f 1272/1272/1272 1270/1270/1270 1271/1271/1271
f 1272/1272/1272 1271/1271/1271 1273/1273/1273
f 1272/1272/1272 1274/1274/1274 1270/1270/1270
f 1274/1274/1274 1275/1275/1275 1270/1270/1270
f 1276/1276/1276 1272/1272/1272 1273/1273/1273
f 1276/1276/1276 1273/1273/1273 1277/1277/1277
f 1278/1278/1278 1276/1276/1276 1277/1277/1277
f 1281/1281/1281 1280/1280/1280 1279/1279/1279
f 1282/1282/1282 1281/1281/1281 1279/1279/1279
f 1282/1282/1282 1283/1283/1283 1281/1281/1281
f 1283/1283/1283 1284/1284/1284 1281/1281/1281
f 1287/1287/1287 1286/1286/1286 1285/1285/1285
f 1288/1288/1288 1287/1287/1287 1285/1285/1285
f 1288/1288/1288 1285/1285/1285 1289/1289/1289
f 1288/1288/1288 1290/1290/1290 1287/1287/1287
f 1290/1290/1290 1291/1291/1291 1287/1287/1287
f 1292/1292/1292 1288/1288/1288 1289/1289/1289
f 1292/1292/1292 1289/1289/1289 1293/1293/1293
f 1294/1294/1294 1292/1292/1292 1293/1293/1293
f 1294/1294/1294 1293/1293/1293 1295/1295/1295
f 1296/1296/1296 1294/1294/1294 1295/1295/1295
f 1296/1296/1296 1295/1295/1295 1297/1297/1297
f 1298/1298/1298 1296/1296/1296 1297/1297/1297
f 1298/1298/1298 1297/1297/1297 1299/1299/1299
f 1298/1298/1298 1300/1300/1300 1296/1296/1296
f 1300/1300/1300 1301/1301/1301 1296/1296/1296
f 1302/1302/1302 1298/1298/1298 1299/1299/1299
f 1302/1302/1302 1299/1299/1299 1303/1303/1303
f 1304/1304/1304 1302/1302/1302 1303/1303/1303
f 1307/1307/1307 1306/1306/1306 1305/1305/1305
f 1308/1308/1308 1307/1307/1307 1305/1305/1305
f 1308/1308/1308 1309/1309/1309 1307/1307/1307
f 1309/1309/1309 1310/1310/1310 1307/1307/1307
f 1313/1313/1313 1312/1312/1312 1311/1311/1311
f 1314/1314/1314 1313/1313/1313 1311/1311/1311
f 1314/1314/1314 1311/1311/1311 1315/1315/1315
f 1316/1316/1316 1314/1314/1314 1315/1315/1315
f 1316/1316/1316 1315/1315/1315 1317/1317/1317
f 1318/1318/1318 1316/1316/1316 1317/1317/1317
f 1318/1318/1318 1317/1317/1317 1319/1319/1319
f 1320/1320/1320 1318/1318/1318 1319/1319/1319
f 1320/1320/1320 1319/1319/1319 1321/1321/1321
f 1322/1322/1322 1320/1320/1320 1321/1321/1321
f 1322/1322/1322 1321/1321/1321 1323/1323/1323
f 1324/1324/1324 1322/1322/1322 1323/1323/1323
f 1324/1324/1324 1323/1323/1323 1325/1325/1325
f 1326/1326/1326 1324/1324/1324 1325/1325/1325
f 1329/1329/1329 1328/1328/1328 1327/1327/1327
f 1330/1330/1330 1329/1329/1329 1327/1327/1327
f 1333/1333/1333 1332/1332/1332 1331/1331/1331
f 1334/1334/1334 1333/1333/1333 1331/1331/1331
f 1337/1337/1337 1336/1336/1336 1335/1335/1335
f 1338/1338/1338 1337/1337/1337 1335/1335/1335
f 1341/1341/1341 1340/1340/1340 1339/1339/1339
f 1342/1342/1342 1341/1341/1341 1339/1339/1339
f 1345/1345/1345 1344/1344/1344 1343/1343/1343
f 1346/1346/1346 1345/1345/1345 1343/1343/1343
f 1349/1349/1349 1348/1348/1348 1347/1347/1347
f 1350/1350/1350 1349/1349/1349 1347/1347/1347
f 1353/1353/1353 1352/1352/1352 1351/1351/1351
f 1354/1354/1354 1353/1353/1353 1351/1351/1351
f 1357/1357/1357 1356/1356/1356 1355/1355/1355
f 1358/1358/1358 1357/1357/1357 1355/1355/1355
f 1361/1361/1361 1360/1360/1360 1359/1359/1359
f 1362/1362/1362 1361/1361/1361 1359/1359/1359
f 1365/1365/1365 1364/1364/1364 1363/1363/1363
f 1366/1366/1366 1365/1365/1365 1363/1363/1363
f 1369/1369/1369 1368/1368/1368 1367/1367/1367
f 1370/1370/1370 1369/1369/1369 1367/1367/1367
f 1373/1373/1373 1372/1372/1372 1371/1371/1371
f 1374/1374/1374 1373/1373/1373 1371/1371/1371
f 1377/1377/1377 1376/1376/1376 1375/1375/1375
f 1378/1378/1378 1377/1377/1377 1375/1375/1375
f 1381/1381/1381 1380/1380/1380 1379/1379/1379
f 1382/1382/1382 1381/1381/1381 1379/1379/1379
f 1385/1385/1385 1384/1384/1384 1383/1383/1383
f 1386/1386/1386 1385/1385/1385 1383/1383/1383
f 1389/1389/1389 1388/1388/1388 1387/1387/1387
f 1390/1390/1390 1389/1389/1389 1387/1387/1387
f 1393/1393/1393 1392/1392/1392 1391/1391/1391
f 1394/1394/1394 1393/1393/1393 1391/1391/1391
f 1397/1397/1397 1396/1396/1396 1395/1395/1395
f 1398/1398/1398 1397/1397/1397 1395/1395/1395
f 1398/1398/1398 1395/1395/1395 1399/1399/1399
f 1398/1398/1398 1400/1400/1400 1397/1397/1397
f 1400/1400/1400 1401/1401/1401 1397/1397/1397
f 1402/1402/1402 1398/1398/1398 1399/1399/1399
f 1402/1402/1402 1399/1399/1399 1403/1403/1403
f 1404/1404/1404 1402/1402/1402 1403/1403/1403
f 1404/1404/1404 1403/1403/1403 1405/1405/1405
f 1406/1406/1406 1404/1404/1404 1405/1405/1405
f 1406/1406/1406 1405/1405/1405 1407/1407/1407
f 1408/1408/1408 1406/1406/1406 1407/1407/1407
f 1408/1408/1408 1407/1407/1407 1409/1409/1409
f 1408/1408/1408 1410/1410/1410 1406/1406/1406
f 1410/1410/1410 1411/1411/1411 1406/1406/1406
f 1412/1412/1412 1408/1408/1408 1409/1409/1409
f 1412/1412/1412 1409/1409/1409 1413/1413/1413
f 1414/1414/1414 1412/1412/1412 1413/1413/1413
f 1414/1414/1414 1415/1415/1415 1412/1412/1412
f 1415/1415/1415 1416/1416/1416 1412/1412/1412
f 1419/1419/1419 1418/1418/1418 1417/1417/1417
f 1420/1420/1420 1419/1419/1419 1417/1417/1417
f 1420/1420/1420 1421/1421/1421 1419/1419/1419
f 1421/1421/1421 1422/1422/1422 1419/1419/1419
f 1425/1425/1425 1424/1424/1424 1423/1423/1423
f 1426/1426/1426 1425/1425/1425 1423/1423/1423
f 1426/1426/1426 1423/1423/1423 1427/1427/1427
f 1426/1426/1426 1428/1428/1428 1425/1425/1425
f 1428/1428/1428 1429/1429/1429 1425/1425/1425
f 1430/1430/1430 1426/1426/1426 1427/1427/1427
f 1430/1430/1430 1427/1427/1427 1431/1431/1431
f 1432/1432/1432 1430/1430/1430 1431/1431/1431
f 1432/1432/1432 1431/1431/1431 1433/1433/1433
f 1434/1434/1434 1432/1432/1432 1433/1433/1433
f 1434/1434/1434 1433/1433/1433 1435/1435/1435
f 1436/1436/1436 1434/1434/1434 1435/1435/1435
f 1436/1436/1436 1435/1435/1435 1437/1437/1437
f 1438/1438/1438 1436/1436/1436 1437/1437/1437
f 1438/1438/1438 1437/1437/1437 1439/1439/1439
f 1440/1440/1440 1438/1438/1438 1439/1439/1439
f 1440/1440/1440 1441/1441/1441 1438/1438/1438
f 1441/1441/1441 1442/1442/1442 1438/1438/1438
f 1445/1445/1445 1444/1444/1444 1443/1443/1443
f 1446/1446/1446 1445/1445/1445 1443/1443/1443
f 1446/1446/1446 1447/1447/1447 1445/1445/1445
f 1447/1447/1447 1448/1448/1448 1445/1445/1445
f 1451/1451/1451 1450/1450/1450 1449/1449/1449
f 1452/1452/1452 1451/1451/1451 1449/1449/1449
f 1452/1452/1452 1449/1449/1449 1453/1453/1453
f 1454/1454/1454 1452/1452/1452 1453/1453/1453
f 1454/1454/1454 1453/1453/1453 1455/1455/1455
f 1456/1456/1456 1454/1454/1454 1455/1455/1455
f 1456/1456/1456 1455/1455/1455 1457/1457/1457
f 1458/1458/1458 1456/1456/1456 1457/1457/1457
f 1458/1458/1458 1457/1457/1457 1459/1459/1459
f 1460/1460/1460 1458/1458/1458 1459/1459/1459
f 1460/1460/1460 1459/1459/1459 1461/1461/1461
f 1462/1462/1462 1460/1460/1460 1461/1461/1461
f 1462/1462/1462 1461/1461/1461 1463/1463/1463
f 1464/1464/1464 1462/1462/1462 1463/1463/1463
f 1467/1467/1467 1466/1466/1466 1465/1465/1465
f 1468/1468/1468 1467/1467/1467 1465/1465/1465
f 1471/1471/1471 1470/1470/1470 1469/1469/1469
f 1472/1472/1472 1471/1471/1471 1469/1469/1469
f 1475/1475/1475 1474/1474/1474 1473/1473/1473
f 1476/1476/1476 1475/1475/1475 1473/1473/1473
f 1479/1479/1479 1478/1478/1478 1477/1477/1477
f 1480/1480/1480 1479/1479/1479 1477/1477/1477
f 1483/1483/1483 1482/1482/1482 1481/1481/1481
f 1484/1484/1484 1483/1483/1483 1481/1481/1481
f 1487/1487/1487 1486/1486/1486 1485/1485/1485
f 1488/1488/1488 1487/1487/1487 1485/1485/1485
f 1491/1491/1491 1490/1490/1490 1489/1489/1489
f 1492/1492/1492 1491/1491/1491 1489/1489/1489
f 1495/1495/1495 1494/1494/1494 1493/1493/1493
f 1496/1496/1496 1495/1495/1495 1493/1493/1493
f 1499/1499/1499 1498/1498/1498 1497/1497/1497
f 1500/1500/1500 1499/1499/1499 1497/1497/1497
f 1503/1503/1503 1502/1502/1502 1501/1501/1501
f 1504/1504/1504 1503/1503/1503 1501/1501/1501
f 1507/1507/1507 1506/1506/1506 1505/1505/1505
f 1508/1508/1508 1507/1507/1507 1505/1505/1505
f 1511/1511/1511 1510/1510/1510 1509/1509/1509
f 1512/1512/1512 1511/1511/1511 1509/1509/1509
f 1515/1515/1515 1514/1514/1514 1513/1513/1513
f 1516/1516/1516 1515/1515/1515 1513/1513/1513
f 1519/1519/1519 1518/1518/1518 1517/1517/1517
f 1520/1520/1520 1519/1519/1519 1517/1517/1517
f 1523/1523/1523 1522/1522/1522 1521/1521/1521
f 1524/1524/1524 1523/1523/1523 1521/1521/1521
f 1527/1527/1527 1526/1526/1526 1525/1525/1525
f 1528/1528/1528 1527/1527/1527 1525/1525/1525
f 1531/1531/1531 1530/1530/1530 1529/1529/1529
f 1532/1532/1532 1531/1531/1531 1529/1529/1529
f 1532/1532/1532 1529/1529/1529 1533/1533/1533
f 1534/1534/1534 1532/1532/1532 1533/1533/1533
f 1534/1534/1534 1533/1533/1533 1535/1535/1535
f 1536/1536/1536 1534/1534/1534 1535/1535/1535
f 1536/1536/1536 1535/1535/1535 1537/1537/1537
f 1536/1536/1536 1538/1538/1538 1534/1534/1534
f 1538/1538/1538 1539/1539/1539 1534/1534/1534
f 1540/1540/1540 1536/1536/1536 1537/1537/1537
f 1540/1540/1540 1537/1537/1537 1541/1541/1541
f 1542/1542/1542 1540/1540/1540 1541/1541/1541
f 1542/1542/1542 1541/1541/1541 1543/1543/1543
f 1544/1544/1544 1542/1542/1542 1543/1543/1543
f 1544/1544/1544 1543/1543/1543 1545/1545/1545
f 1546/1546/1546 1544/1544/1544 1545/1545/1545
f 1549/1549/1549 1548/1548/1548 1547/1547/1547
f 1550/1550/1550 1549/1549/1549 1547/1547/1547
f 1550/1550/1550 1551/1551/1551 1549/1549/1549
f 1551/1551/1551 1552/1552/1552 1549/1549/1549
f 1555/1555/1555 1554/1554/1554 1553/1553/1553
f 1556/1556/1556 1555/1555/1555 1553/1553/1553
f 1556/1556/1556 1553/1553/1553 1557/1557/1557
f 1556/1556/1556 1558/1558/1558 1555/1555/1555
f 1558/1558/1558 1559/1559/1559 1555/1555/1555
f 1560/1560/1560 1556/1556/1556 1557/1557/1557
f 1560/1560/1560 1557/1557/1557 1561/1561/1561
f 1562/1562/1562 1560/1560/1560 1561/1561/1561
f 1562/1562/1562 1561/1561/1561 1563/1563/1563
f 1562/1562/1562 1564/1564/1564 1560/1560/1560
f 1564/1564/1564 1565/1565/1565 1560/1560/1560
f 1566/1566/1566 1562/1562/1562 1563/1563/1563
f 1566/1566/1566 1563/1563/1563 1567/1567/1567
f 1568/1568/1568 1566/1566/1566 1567/1567/1567
f 1568/1568/1568 1567/1567/1567 1569/1569/1569
f 1568/1568/1568 1570/1570/1570 1566/1566/1566
f 1570/1570/1570 1571/1571/1571 1566/1566/1566
f 1572/1572/1572 1568/1568/1568 1569/1569/1569
f 1572/1572/1572 1569/1569/1569 1573/1573/1573
f 1574/1574/1574 1572/1572/1572 1573/1573/1573
f 1577/1577/1577 1576/1576/1576 1575/1575/1575
f 1578/1578/1578 1577/1577/1577 1575/1575/1575
f 1581/1581/1581 1580/1580/1580 1579/1579/1579
f 1582/1582/1582 1581/1581/1581 1579/1579/1579
f 1582/1582/1582 1579/1579/1579 1583/1583/1583
f 1584/1584/1584 1582/1582/1582 1583/1583/1583
f 1584/1584/1584 1583/1583/1583 1585/1585/1585
f 1586/1586/1586 1584/1584/1584 1585/1585/1585
f 1586/1586/1586 1585/1585/1585 1587/1587/1587
f 1588/1588/1588 1586/1586/1586 1587/1587/1587
f 1588/1588/1588 1587/1587/1587 1589/1589/1589
f 1590/1590/1590 1588/1588/1588 1589/1589/1589
f 1590/1590/1590 1589/1589/1589 1591/1591/1591
f 1592/1592/1592 1590/1590/1590 1591/1591/1591
f 1592/1592/1592 1591/1591/1591 1593/1593/1593
f 1594/1594/1594 1592/1592/1592 1593/1593/1593
f 1597/1597/1597 1596/1596/1596 1595/1595/1595
f 1598/1598/1598 1597/1597/1597 1595/1595/1595
f 1601/1601/1601 1600/1600/1600 1599/1599/1599
f 1602/1602/1602 1601/1601/1601 1599/1599/1599
f 1605/1605/1605 1604/1604/1604 1603/1603/1603
f 1606/1606/1606 1605/1605/1605 1603/1603/1603
f 1609/1609/1609 1608/1608/1608 1607/1607/1607
f 1610/1610/1610 1609/1609/1609 1607/1607/1607
f 1613/1613/1613 1612/1612/1612 1611/1611/1611
f 1614/1614/1614 1613/1613/1613 1611/1611/1611
f 1617/1617/1617 1616/1616/1616 1615/1615/1615
f 1618/1618/1618 1617/1617/1617 1615/1615/1615
f 1621/1621/1621 1620/1620/1620 1619/1619/1619
f 1622/1622/1622 1621/1621/1621 1619/1619/1619
f 1625/1625/1625 1624/1624/1624 1623/1623/1623
f 1626/1626/1626 1625/1625/1625 1623/1623/1623
f 1629/1629/1629 1628/1628/1628 1627/1627/1627
f 1630/1630/1630 1629/1629/1629 1627/1627/1627
f 1633/1633/1633 1632/1632/1632 1631/1631/1631
f 1634/1634/1634 1633/1633/1633 1631/1631/1631
f 1637/1637/1637 1636/1636/1636 1635/1635/1635
f 1638/1638/1638 1637/1637/1637 1635/1635/1635
f 1641/1641/1641 1640/1640/1640 1639/1639/1639
f 1642/1642/1642 1641/1641/1641 1639/1639/1639
f 1645/1645/1645 1644/1644/1644 1643/1643/1643
f 1646/1646/1646 1645/1645/1645 1643/1643/1643
f 1649/1649/1649 1648/1648/1648 1647/1647/1647
f 1650/1650/1650 1649/1649/1649 1647/1647/1647
f 1653/1653/1653 1652/1652/1652 1651/1651/1651
f 1654/1654/1654 1653/1653/1653 1651/1651/1651
f 1657/1657/1657 1656/1656/1656 1655/1655/1655
f 1658/1658/1658 1657/1657/1657 1655/1655/1655
f 1661/1661/1661 1660/1660/1660 1659/1659/1659
f 1662/1662/1662 1661/1661/1661 1659/1659/1659
f 1665/1665/1665 1664/1664/1664 1663/1663/1663
f 1666/1666/1666 1665/1665/1665 1663/1663/1663
f 1669/1669/1669 1668/1668/1668 1667/1667/1667
f 1670/1670/1670 1669/1669/1669 1667/1667/1667
f 1673/1673/1673 1672/1672/1672 1671/1671/1671
f 1674/1674/1674 1673/1673/1673 1671/1671/1671
f 1677/1677/1677 1676/1676/1676 1675/1675/1675
f 1678/1678/1678 1677/1677/1677 1675/1675/1675
f 1681/1681/1681 1680/1680/1680 1679/1679/1679
f 1682/1682/1682 1681/1681/1681 1679/1679/1679
f 1685/1685/1685 1684/1684/1684 1683/1683/1683
f 1686/1686/1686 1685/1685/1685 1683/1683/1683
f 1689/1689/1689 1688/1688/1688 1687/1687/1687
f 1690/1690/1690 1689/1689/1689 1687/1687/1687
f 1693/1693/1693 1692/1692/1692 1691/1691/1691
f 1694/1694/1694 1693/1693/1693 1691/1691/1691
f 1697/1697/1697 1696/1696/1696 1695/1695/1695
f 1698/1698/1698 1697/1697/1697 1695/1695/1695
f 1701/1701/1701 1700/1700/1700 1699/1699/1699
f 1702/1702/1702 1701/1701/1701 1699/1699/1699
f 1705/1705/1705 1704/1704/1704 1703/1703/1703
f 1706/1706/1706 1705/1705/1705 1703/1703/1703
f 1709/1709/1709 1708/1708/1708 1707/1707/1707
f 1710/1710/1710 1709/1709/1709 1707/1707/1707
f 1713/1713/1713 1712/1712/1712 1711/1711/1711
f 1714/1714/1714 1713/1713/1713 1711/1711/1711
f 1717/1717/1717 1716/1716/1716 1715/1715/1715
f 1718/1718/1718 1717/1717/1717 1715/1715/1715
f 1721/1721/1721 1720/1720/1720 1719/1719/1719
f 1722/1722/1722 1721/1721/1721 1719/1719/1719
f 1725/1725/1725 1724/1724/1724 1723/1723/1723
f 1726/1726/1726 1725/1725/1725 1723/1723/1723
f 1729/1729/1729 1728/1728/1728 1727/1727/1727
f 1730/1730/1730 1729/1729/1729 1727/1727/1727
f 1733/1733/1733 1732/1732/1732 1731/1731/1731
f 1734/1734/1734 1733/1733/1733 1731/1731/1731
f 1737/1737/1737 1736/1736/1736 1735/1735/1735
f 1738/1738/1738 1737/1737/1737 1735/1735/1735
f 1741/1741/1741 1740/1740/1740 1739/1739/1739
f 1742/1742/1742 1741/1741/1741 1739/1739/1739
f 1745/1745/1745 1744/1744/1744 1743/1743/1743
f 1746/1746/1746 1745/1745/1745 1743/1743/1743
f 1749/1749/1749 1748/1748/1748 1747/1747/1747
f 1750/1750/1750 1749/1749/1749 1747/1747/1747
f 1753/1753/1753 1752/1752/1752 1751/1751/1751
f 1754/1754/1754 1753/1753/1753 1751/1751/1751
f 1757/1757/1757 1756/1756/1756 1755/1755/1755
f 1758/1758/1758 1757/1757/1757 1755/1755/1755
f 1761/1761/1761 1760/1760/1760 1759/1759/1759
f 1762/1762/1762 1761/1761/1761 1759/1759/1759
f 1765/1765/1765 1764/1764/1764 1763/1763/1763
f 1766/1766/1766 1765/1765/1765 1763/1763/1763
f 1769/1769/1769 1768/1768/1768 1767/1767/1767
f 1770/1770/1770 1769/1769/1769 1767/1767/1767
f 1773/1773/1773 1772/1772/1772 1771/1771/1771
f 1774/1774/1774 1773/1773/1773 1771/1771/1771
f 1777/1777/1777 1776/1776/1776 1775/1775/1775
f 1778/1778/1778 1777/1777/1777 1775/1775/1775
f 1781/1781/1781 1780/1780/1780 1779/1779/1779
f 1782/1782/1782 1781/1781/1781 1779/1779/1779
f 1785/1785/1785 1784/1784/1784 1783/1783/1783
f 1786/1786/1786 1785/1785/1785 1783/1783/1783
f 1789/1789/1789 1788/1788/1788 1787/1787/1787
f 1790/1790/1790 1789/1789/1789 1787/1787/1787
f 1793/1793/1793 1792/1792/1792 1791/1791/1791
f 1794/1794/1794 1793/1793/1793 1791/1791/1791
f 1797/1797/1797 1796/1796/1796 1795/1795/1795
f 1798/1798/1798 1797/1797/1797 1795/1795/1795
f 1801/1801/1801 1800/1800/1800 1799/1799/1799
f 1802/1802/1802 1801/1801/1801 1799/1799/1799
f 1805/1805/1805 1804/1804/1804 1803/1803/1803
f 1806/1806/1806 1805/1805/1805 1803/1803/1803
f 1809/1809/1809 1808/1808/1808 1807/1807/1807
f 1810/1810/1810 1809/1809/1809 1807/1807/1807
f 1813/1813/1813 1812/1812/1812 1811/1811/1811
f 1814/1814/1814 1813/1813/1813 1811/1811/1811
f 1817/1817/1817 1816/1816/1816 1815/1815/1815
f 1818/1818/1818 1817/1817/1817 1815/1815/1815
f 1821/1821/1821 1820/1820/1820 1819/1819/1819
f 1822/1822/1822 1821/1821/1821 1819/1819/1819
f 1825/1825/1825 1824/1824/1824 1823/1823/1823
f 1826/1826/1826 1825/1825/1825 1823/1823/1823
f 1829/1829/1829 1828/1828/1828 1827/1827/1827
f 1830/1830/1830 1829/1829/1829 1827/1827/1827
f 1833/1833/1833 1832/1832/1832 1831/1831/1831
f 1834/1834/1834 1833/1833/1833 1831/1831/1831
f 1837/1837/1837 1836/1836/1836 1835/1835/1835
f 1838/1838/1838 1837/1837/1837 1835/1835/1835
f 1841/1841/1841 1840/1840/1840 1839/1839/1839
f 1842/1842/1842 1841/1841/1841 1839/1839/1839
f 1845/1845/1845 1844/1844/1844 1843/1843/1843
f 1846/1846/1846 1845/1845/1845 1843/1843/1843
f 1849/1849/1849 1848/1848/1848 1847/1847/1847
f 1850/1850/1850 1849/1849/1849 1847/1847/1847
f 1853/1853/1853 1852/1852/1852 1851/1851/1851
f 1854/1854/1854 1853/1853/1853 1851/1851/1851
f 1857/1857/1857 1856/1856/1856 1855/1855/1855
f 1858/1858/1858 1857/1857/1857 1855/1855/1855
f 1861/1861/1861 1860/1860/1860 1859/1859/1859
f 1859/1859/1859 1862/1862/1862 1861/1861/1861
f 1863/1863/1863 1861/1861/1861 1862/1862/1862
f 1862/1862/1862 1864/1864/1864 1863/1863/1863
f 1865/1865/1865 1863/1863/1863 1864/1864/1864
f 1864/1864/1864 1866/1866/1866 1865/1865/1865
f 1867/1867/1867 1865/1865/1865 1866/1866/1866
f 1866/1866/1866 1868/1868/1868 1867/1867/1867
f 1866/1866/1866 1869/1869/1869 1868/1868/1868
f 1870/1870/1870 1868/1868/1868 1869/1869/1869
f 1869/1869/1869 1866/1866/1866 1871/1871/1871
f 1872/1872/1872 1870/1870/1870 1869/1869/1869
f 1873/1873/1873 1871/1871/1871 1866/1866/1866
f 1864/1864/1864 1873/1873/1873 1866/1866/1866
f 1874/1874/1874 1871/1871/1871 1873/1873/1873
f 1870/1870/1870 1872/1872/1872 1875/1875/1875
f 1874/1874/1874 1875/1875/1875 1872/1872/1872
f 1875/1875/1875 1876/1876/1876 1870/1870/1870
f 1875/1875/1875 1877/1877/1877 1876/1876/1876
f 1878/1878/1878 1877/1877/1877 1875/1875/1875
f 1879/1879/1879 1878/1878/1878 1875/1875/1875
f 1879/1879/1879 1875/1875/1875 1874/1874/1874
f 1880/1880/1880 1878/1878/1878 1879/1879/1879
f 1881/1881/1881 1874/1874/1874 1873/1873/1873
f 1874/1874/1874 1881/1881/1881 1879/1879/1879
f 1873/1873/1873 1864/1864/1864 1882/1882/1882
f 1883/1883/1883 1879/1879/1879 1881/1881/1881
f 1884/1884/1884 1880/1880/1880 1879/1879/1879
f 1884/1884/1884 1879/1879/1879 1883/1883/1883
f 1885/1885/1885 1880/1880/1880 1884/1884/1884
f 1886/1886/1886 1882/1882/1882 1864/1864/1864
f 1883/1883/1883 1882/1882/1882 1886/1886/1886
f 1862/1862/1862 1886/1886/1886 1864/1864/1864
f 1887/1887/1887 1883/1883/1883 1886/1886/1886
f 1883/1883/1883 1887/1887/1887 1884/1884/1884
f 1886/1886/1886 1862/1862/1862 1888/1888/1888
f 1859/1859/1859 1888/1888/1888 1862/1862/1862
f 1889/1889/1889 1884/1884/1884 1887/1887/1887
f 1885/1885/1885 1884/1884/1884 1889/1889/1889
f 1889/1889/1889 1888/1888/1888 1859/1859/1859
f 1889/1889/1889 1890/1890/1890 1885/1885/1885
f 1890/1890/1890 1889/1889/1889 1859/1859/1859
f 1893/1893/1893 1892/1892/1892 1891/1891/1891
f 1892/1892/1892 1894/1894/1894 1891/1891/1891
f 1891/1891/1891 1894/1894/1894 1895/1895/1895
f 1894/1894/1894 1896/1896/1896 1895/1895/1895
f 1895/1895/1895 1896/1896/1896 1897/1897/1897
f 1896/1896/1896 1898/1898/1898 1897/1897/1897
f 1897/1897/1897 1898/1898/1898 1899/1899/1899
f 1898/1898/1898 1900/1900/1900 1899/1899/1899
f 1903/1903/1903 1902/1902/1902 1901/1901/1901
f 1902/1902/1902 1904/1904/1904 1901/1901/1901
f 1901/1901/1901 1904/1904/1904 1905/1905/1905
f 1904/1904/1904 1906/1906/1906 1905/1905/1905
f 1905/1905/1905 1906/1906/1906 1907/1907/1907
f 1906/1906/1906 1908/1908/1908 1907/1907/1907
f 1907/1907/1907 1908/1908/1908 1909/1909/1909
f 1908/1908/1908 1910/1910/1910 1909/1909/1909
f 1913/1913/1913 1912/1912/1912 1911/1911/1911
f 1912/1912/1912 1914/1914/1914 1911/1911/1911
f 1911/1911/1911 1914/1914/1914 1915/1915/1915
f 1914/1914/1914 1916/1916/1916 1915/1915/1915
f 1919/1919/1919 1918/1918/1918 1917/1917/1917
f 1918/1918/1918 1920/1920/1920 1917/1917/1917
f 1917/1917/1917 1920/1920/1920 1921/1921/1921
f 1920/1920/1920 1922/1922/1922 1921/1921/1921
f 1921/1921/1921 1922/1922/1922 1923/1923/1923
f 1922/1922/1922 1924/1924/1924 1923/1923/1923
f 1927/1927/1927 1926/1926/1926 1925/1925/1925
f 1926/1926/1926 1928/1928/1928 1925/1925/1925
f 1925/1925/1925 1928/1928/1928 1929/1929/1929
f 1928/1928/1928 1930/1930/1930 1929/1929/1929
f 1929/1929/1929 1930/1930/1930 1931/1931/1931
f 1930/1930/1930 1932/1932/1932 1931/1931/1931
f 1935/1935/1935 1934/1934/1934 1933/1933/1933
f 1936/1936/1936 1935/1935/1935 1933/1933/1933
f 1939/1939/1939 1938/1938/1938 1937/1937/1937
f 1940/1940/1940 1939/1939/1939 1937/1937/1937
f 1943/1943/1943 1942/1942/1942 1941/1941/1941
f 1944/1944/1944 1943/1943/1943 1941/1941/1941
f 1947/1947/1947 1946/1946/1946 1945/1945/1945
f 1948/1948/1948 1947/1947/1947 1945/1945/1945
f 1951/1951/1951 1950/1950/1950 1949/1949/1949
f 1952/1952/1952 1951/1951/1951 1949/1949/1949
f 1955/1955/1955 1954/1954/1954 1953/1953/1953
f 1956/1956/1956 1955/1955/1955 1953/1953/1953
f 1959/1959/1959 1958/1958/1958 1957/1957/1957
f 1960/1960/1960 1959/1959/1959 1957/1957/1957
f 1963/1963/1963 1962/1962/1962 1961/1961/1961
f 1964/1964/1964 1963/1963/1963 1961/1961/1961
f 1967/1967/1967 1966/1966/1966 1965/1965/1965
f 1968/1968/1968 1967/1967/1967 1965/1965/1965
f 1971/1971/1971 1970/1970/1970 1969/1969/1969
f 1972/1972/1972 1971/1971/1971 1969/1969/1969
f 1975/1975/1975 1974/1974/1974 1973/1973/1973
f 1976/1976/1976 1975/1975/1975 1973/1973/1973
f 1979/1979/1979 1978/1978/1978 1977/1977/1977
f 1980/1980/1980 1979/1979/1979 1977/1977/1977
f 1983/1983/1983 1982/1982/1982 1981/1981/1981
f 1984/1984/1984 1983/1983/1983 1981/1981/1981
f 1987/1987/1987 1986/1986/1986 1985/1985/1985
f 1988/1988/1988 1987/1987/1987 1985/1985/1985
f 1991/1991/1991 1990/1990/1990 1989/1989/1989
f 1992/1992/1992 1991/1991/1991 1989/1989/1989
f 1995/1995/1995 1994/1994/1994 1993/1993/1993
f 1996/1996/1996 1995/1995/1995 1993/1993/1993
f 1999/1999/1999 1998/1998/1998 1997/1997/1997
f 2000/2000/2000 1999/1999/1999 1997/1997/1997
f 2003/2003/2003 2002/2002/2002 2001/2001/2001
f 2004/2004/2004 2003/2003/2003 2001/2001/2001
f 2007/2007/2007 2006/2006/2006 2005/2005/2005
f 2008/2008/2008 2007/2007/2007 2005/2005/2005
f 2011/2011/2011 2010/2010/2010 2009/2009/2009
f 2012/2012/2012 2011/2011/2011 2009/2009/2009
f 2015/2015/2015 2014/2014/2014 2013/2013/2013
f 2016/2016/2016 2015/2015/2015 2013/2013/2013
f 2019/2019/2019 2018/2018/2018 2017/2017/2017
f 2020/2020/2020 2019/2019/2019 2017/2017/2017
f 2023/2023/2023 2022/2022/2022 2021/2021/2021
f 2024/2024/2024 2023/2023/2023 2021/2021/2021
f 2027/2027/2027 2026/2026/2026 2025/2025/2025
f 2028/2028/2028 2027/2027/2027 2025/2025/2025
f 2031/2031/2031 2030/2030/2030 2029/2029/2029
f 2030/2030/2030 2032/2032/2032 2029/2029/2029
f 2030/2030/2030 2033/2033/2033 2032/2032/2032
f 2033/2033/2033 2034/2034/2034 2032/2032/2032
f 2037/2037/2037 2036/2036/2036 2035/2035/2035
f 2038/2038/2038 2037/2037/2037 2035/2035/2035
f 2038/2038/2038 2035/2035/2035 2039/2039/2039
f 2040/2040/2040 2038/2038/2038 2039/2039/2039
f 2040/2040/2040 2041/2041/2041 2038/2038/2038
f 2041/2041/2041 2042/2042/2042 2038/2038/2038
f 2042/2042/2042 2044/2044/2044 2043/2043/2043
f 2045/2045/2045 2042/2042/2042 2043/2043/2043
f 2048/2048/2048 2047/2047/2047 2046/2046/2046
f 2047/2047/2047 2049/2049/2049 2046/2046/2046
f 2046/2046/2046 2049/2049/2049 2050/2050/2050
f 2049/2049/2049 2051/2051/2051 2050/2050/2050
f 2054/2054/2054 2053/2053/2053 2052/2052/2052
f 2053/2053/2053 2055/2055/2055 2052/2052/2052
f 2052/2052/2052 2055/2055/2055 2056/2056/2056
f 2055/2055/2055 2057/2057/2057 2056/2056/2056
f 2060/2060/2060 2059/2059/2059 2058/2058/2058
f 2061/2061/2061 2060/2060/2060 2058/2058/2058
f 2061/2061/2061 2062/2062/2062 2060/2060/2060
f 2062/2062/2062 2063/2063/2063 2060/2060/2060
f 2066/2066/2066 2065/2065/2065 2064/2064/2064
f 2067/2067/2067 2066/2066/2066 2064/2064/2064
f 2070/2070/2070 2069/2069/2069 2068/2068/2068
f 2071/2071/2071 2070/2070/2070 2068/2068/2068
f 2074/2074/2074 2073/2073/2073 2072/2072/2072
f 2075/2075/2075 2074/2074/2074 2072/2072/2072
f 2078/2078/2078 2077/2077/2077 2076/2076/2076
f 2079/2079/2079 2078/2078/2078 2076/2076/2076
f 2082/2082/2082 2081/2081/2081 2080/2080/2080
f 2083/2083/2083 2082/2082/2082 2080/2080/2080
f 2086/2086/2086 2085/2085/2085 2084/2084/2084
f 2087/2087/2087 2086/2086/2086 2084/2084/2084
f 2090/2090/2090 2089/2089/2089 2088/2088/2088
f 2091/2091/2091 2090/2090/2090 2088/2088/2088
f 2094/2094/2094 2093/2093/2093 2092/2092/2092
f 2095/2095/2095 2094/2094/2094 2092/2092/2092
f 2098/2098/2098 2097/2097/2097 2096/2096/2096
f 2099/2099/2099 2098/2098/2098 2096/2096/2096
f 2102/2102/2102 2101/2101/2101 2100/2100/2100
f 2103/2103/2103 2102/2102/2102 2100/2100/2100
f 2106/2106/2106 2105/2105/2105 2104/2104/2104
f 2107/2107/2107 2106/2106/2106 2104/2104/2104
f 2110/2110/2110 2109/2109/2109 2108/2108/2108
f 2111/2111/2111 2110/2110/2110 2108/2108/2108
f 2114/2114/2114 2113/2113/2113 2112/2112/2112
f 2115/2115/2115 2114/2114/2114 2112/2112/2112
f 2118/2118/2118 2117/2117/2117 2116/2116/2116
f 2119/2119/2119 2118/2118/2118 2116/2116/2116
f 2122/2122/2122 2121/2121/2121 2120/2120/2120
f 2123/2123/2123 2122/2122/2122 2120/2120/2120
f 2126/2126/2126 2125/2125/2125 2124/2124/2124
f 2127/2127/2127 2126/2126/2126 2124/2124/2124
f 2130/2130/2130 2129/2129/2129 2128/2128/2128
f 2131/2131/2131 2130/2130/2130 2128/2128/2128
f 2134/2134/2134 2133/2133/2133 2132/2132/2132
f 2135/2135/2135 2134/2134/2134 2132/2132/2132
f 2138/2138/2138 2137/2137/2137 2136/2136/2136
f 2139/2139/2139 2138/2138/2138 2136/2136/2136
f 2142/2142/2142 2141/2141/2141 2140/2140/2140
f 2143/2143/2143 2142/2142/2142 2140/2140/2140
f 2146/2146/2146 2145/2145/2145 2144/2144/2144
f 2145/2145/2145 2147/2147/2147 2144/2144/2144
f 2145/2145/2145 2148/2148/2148 2147/2147/2147
f 2148/2148/2148 2149/2149/2149 2147/2147/2147
f 2152/2152/2152 2151/2151/2151 2150/2150/2150
f 2153/2153/2153 2152/2152/2152 2150/2150/2150
f 2156/2156/2156 2155/2155/2155 2154/2154/2154
f 2157/2157/2157 2156/2156/2156 2154/2154/2154
f 2160/2160/2160 2159/2159/2159 2158/2158/2158
f 2159/2159/2159 2161/2161/2161 2158/2158/2158
f 2158/2158/2158 2161/2161/2161 2162/2162/2162
f 2159/2159/2159 2163/2163/2163 2161/2161/2161
f 2163/2163/2163 2164/2164/2164 2161/2161/2161
f 2161/2161/2161 2165/2165/2165 2162/2162/2162
f 2167/2167/2167 2166/2166/2166 2165/2165/2165
f 2168/2168/2168 2167/2167/2167 2165/2165/2165
f 2171/2171/2171 2170/2170/2170 2169/2169/2169
f 2170/2170/2170 2172/2172/2172 2169/2169/2169
f 2169/2169/2169 2172/2172/2172 2173/2173/2173
f 2172/2172/2172 2174/2174/2174 2173/2173/2173
f 2177/2177/2177 2176/2176/2176 2175/2175/2175
f 2178/2178/2178 2177/2177/2177 2175/2175/2175
f 2181/2181/2181 2180/2180/2180 2179/2179/2179
f 2182/2182/2182 2181/2181/2181 2179/2179/2179
f 2185/2185/2185 2184/2184/2184 2183/2183/2183
f 2186/2186/2186 2185/2185/2185 2183/2183/2183
f 2186/2186/2186 2183/2183/2183 2187/2187/2187
f 2183/2183/2183 2188/2188/2188 2187/2187/2187
f 2191/2191/2191 2190/2190/2190 2189/2189/2189
f 2190/2190/2190 2192/2192/2192 2189/2189/2189
f 2192/2192/2192 2193/2193/2193 2189/2189/2189
f 2193/2193/2193 2194/2194/2194 2189/2189/2189
f 2197/2197/2197 2196/2196/2196 2195/2195/2195
f 2196/2196/2196 2198/2198/2198 2195/2195/2195
f 2198/2198/2198 2199/2199/2199 2195/2195/2195
f 2199/2199/2199 2200/2200/2200 2195/2195/2195
f 2203/2203/2203 2202/2202/2202 2201/2201/2201
f 2204/2204/2204 2203/2203/2203 2201/2201/2201
f 2207/2207/2207 2206/2206/2206 2205/2205/2205
f 2208/2208/2208 2207/2207/2207 2205/2205/2205
f 2209/2209/2209 2208/2208/2208 2205/2205/2205
f 2210/2210/2210 2209/2209/2209 2205/2205/2205
f 2213/2213/2213 2212/2212/2212 2211/2211/2211
f 2214/2214/2214 2213/2213/2213 2211/2211/2211
f 2214/2214/2214 2215/2215/2215 2213/2213/2213
f 2215/2215/2215 2216/2216/2216 2213/2213/2213
f 2219/2219/2219 2218/2218/2218 2217/2217/2217
f 2220/2220/2220 2219/2219/2219 2217/2217/2217
f 2222/2222/2222 2219/2219/2219 2221/2221/2221
f 2223/2223/2223 2222/2222/2222 2221/2221/2221
f 2226/2226/2226 2225/2225/2225 2224/2224/2224
f 2227/2227/2227 2226/2226/2226 2224/2224/2224
f 2230/2230/2230 2229/2229/2229 2228/2228/2228
f 2231/2231/2231 2230/2230/2230 2228/2228/2228
f 2232/2232/2232 2230/2230/2230 2231/2231/2231
f 2233/2233/2233 2232/2232/2232 2231/2231/2231
f 2236/2236/2236 2235/2235/2235 2234/2234/2234
f 2237/2237/2237 2236/2236/2236 2234/2234/2234
f 2240/2240/2240 2239/2239/2239 2238/2238/2238
f 2241/2241/2241 2240/2240/2240 2238/2238/2238
f 2244/2244/2244 2243/2243/2243 2242/2242/2242
f 2245/2245/2245 2244/2244/2244 2242/2242/2242
f 2248/2248/2248 2247/2247/2247 2246/2246/2246
f 2249/2249/2249 2248/2248/2248 2246/2246/2246
f 2252/2252/2252 2251/2251/2251 2250/2250/2250
f 2251/2251/2251 2253/2253/2253 2250/2250/2250
f 2250/2250/2250 2253/2253/2253 2254/2254/2254
f 2253/2253/2253 2255/2255/2255 2254/2254/2254
f 2258/2258/2258 2257/2257/2257 2256/2256/2256
f 2259/2259/2259 2258/2258/2258 2256/2256/2256
f 2262/2262/2262 2261/2261/2261 2260/2260/2260
f 2263/2263/2263 2262/2262/2262 2260/2260/2260
f 2266/2266/2266 2265/2265/2265 2264/2264/2264
f 2267/2267/2267 2266/2266/2266 2264/2264/2264
f 2270/2270/2270 2269/2269/2269 2268/2268/2268
f 2271/2271/2271 2270/2270/2270 2268/2268/2268
f 2274/2274/2274 2273/2273/2273 2272/2272/2272
f 2273/2273/2273 2275/2275/2275 2272/2272/2272
f 2272/2272/2272 2275/2275/2275 2276/2276/2276
f 2275/2275/2275 2277/2277/2277 2276/2276/2276
f 2280/2280/2280 2279/2279/2279 2278/2278/2278
f 2281/2281/2281 2280/2280/2280 2278/2278/2278
f 2284/2284/2284 2283/2283/2283 2282/2282/2282
f 2285/2285/2285 2284/2284/2284 2282/2282/2282
f 2288/2288/2288 2287/2287/2287 2286/2286/2286
f 2289/2289/2289 2288/2288/2288 2286/2286/2286
f 2292/2292/2292 2291/2291/2291 2290/2290/2290
f 2293/2293/2293 2292/2292/2292 2290/2290/2290
f 2293/2293/2293 2290/2290/2290 2294/2294/2294
f 2295/2295/2295 2292/2292/2292 2293/2293/2293
f 2296/2296/2296 2293/2293/2293 2294/2294/2294
f 2296/2296/2296 2294/2294/2294 2297/2297/2297
f 2298/2298/2298 2295/2295/2295 2293/2293/2293
f 2298/2298/2298 2293/2293/2293 2296/2296/2296
f 2299/2299/2299 2295/2295/2295 2298/2298/2298
f 2300/2300/2300 2299/2299/2299 2298/2298/2298
f 2300/2300/2300 2298/2298/2298 2301/2301/2301
f 2301/2301/2301 2298/2298/2298 2296/2296/2296
f 2302/2302/2302 2300/2300/2300 2301/2301/2301
f 2303/2303/2303 2296/2296/2296 2297/2297/2297
f 2301/2301/2301 2296/2296/2296 2303/2303/2303
f 2303/2303/2303 2297/2297/2297 2304/2304/2304
f 2305/2305/2305 2303/2303/2303 2304/2304/2304
f 2302/2302/2302 2301/2301/2301 2306/2306/2306
f 2306/2306/2306 2301/2301/2301 2303/2303/2303
f 2306/2306/2306 2303/2303/2303 2305/2305/2305
f 2307/2307/2307 2302/2302/2302 2306/2306/2306
f 2308/2308/2308 2306/2306/2306 2305/2305/2305
f 2307/2307/2307 2306/2306/2306 2308/2308/2308
f 2309/2309/2309 2307/2307/2307 2308/2308/2308
f 2312/2312/2312 2311/2311/2311 2310/2310/2310
f 2313/2313/2313 2312/2312/2312 2310/2310/2310
f 2315/2315/2315 2312/2312/2312 2314/2314/2314
f 2316/2316/2316 2315/2315/2315 2314/2314/2314
f 2317/2317/2317 2315/2315/2315 2316/2316/2316
f 2318/2318/2318 2317/2317/2317 2316/2316/2316
f 2321/2321/2321 2320/2320/2320 2319/2319/2319
f 2322/2322/2322 2321/2321/2321 2319/2319/2319
f 2325/2325/2325 2324/2324/2324 2323/2323/2323
f 2326/2326/2326 2325/2325/2325 2323/2323/2323
f 2329/2329/2329 2328/2328/2328 2327/2327/2327
f 2330/2330/2330 2329/2329/2329 2327/2327/2327
f 2333/2333/2333 2332/2332/2332 2331/2331/2331
f 2334/2334/2334 2333/2333/2333 2331/2331/2331
f 2337/2337/2337 2336/2336/2336 2335/2335/2335
f 2338/2338/2338 2337/2337/2337 2335/2335/2335
f 2341/2341/2341 2340/2340/2340 2339/2339/2339
f 2342/2342/2342 2341/2341/2341 2339/2339/2339
f 2345/2345/2345 2344/2344/2344 2343/2343/2343
f 2346/2346/2346 2345/2345/2345 2343/2343/2343
f 2349/2349/2349 2348/2348/2348 2347/2347/2347
f 2350/2350/2350 2349/2349/2349 2347/2347/2347
f 2353/2353/2353 2352/2352/2352 2351/2351/2351
f 2354/2354/2354 2353/2353/2353 2351/2351/2351
f 2357/2357/2357 2356/2356/2356 2355/2355/2355
f 2358/2358/2358 2357/2357/2357 2355/2355/2355
f 2361/2361/2361 2360/2360/2360 2359/2359/2359
f 2362/2362/2362 2361/2361/2361 2359/2359/2359
f 2365/2365/2365 2364/2364/2364 2363/2363/2363
f 2366/2366/2366 2365/2365/2365 2363/2363/2363
f 2369/2369/2369 2368/2368/2368 2367/2367/2367
f 2370/2370/2370 2369/2369/2369 2367/2367/2367
f 2373/2373/2373 2372/2372/2372 2371/2371/2371
f 2374/2374/2374 2373/2373/2373 2371/2371/2371
f 2377/2377/2377 2376/2376/2376 2375/2375/2375
f 2378/2378/2378 2377/2377/2377 2375/2375/2375
