g Castle Center lvl2 Final
v -1.453401 1.0190061 3.136963
v -1.453401 0.7801143 3.136963
v -1.453401 0.7801143 3.3853703
v -1.453401 1.0190061 3.3853703
v -1.453401 -1.011681 3.1072645
v -1.453401 -0.7727891 3.1072645
v -4.3349857 -0.7727889 3.1072645
v -4.3349857 -1.0116807 3.1072645
v -1.453401 0.22574669 3.4834425
v -4.3349857 0.22574715 3.4834425
v -4.3349857 0.22574715 3.73185
v -1.453401 0.22574669 3.73185
v -4.3349857 0.22574715 3.73185
v -4.3349857 0.46463898 3.73185
v -1.453401 0.46463856 3.73185
v -1.453401 0.22574669 3.73185
v -4.3349857 0.22574715 3.4834425
v -4.3349857 0.46463898 3.4834425
v -4.3349857 0.46463898 3.73185
v -4.3349857 0.22574715 3.73185
v -1.453401 0.22574669 3.4834425
v -1.453401 0.46463856 3.4834425
v -4.3349857 0.46463898 3.4834425
v -4.3349857 0.22574715 3.4834425
v -4.3349857 -1.0116807 3.355672
v -4.3349857 -0.7727889 3.355672
v -1.453401 -0.7727891 3.355672
v -1.453401 -1.011681 3.355672
v -1.453401 0.7801143 3.136963
v -4.3349853 0.7801149 3.136963
v -4.3349853 0.7801149 3.3853703
v -1.453401 0.7801143 3.3853703
v -1.453401 0.46463856 3.4834425
v -1.453401 0.22574669 3.4834425
v -1.453401 0.22574669 3.73185
v -1.453401 0.46463856 3.73185
v -4.3349857 0.46463898 3.4834425
v -1.453401 0.46463856 3.4834425
v -1.453401 0.46463856 3.73185
v -4.3349857 0.46463898 3.73185
v -4.3349857 -1.0116807 3.1072645
v -4.3349857 -0.7727889 3.1072645
v -4.3349857 -0.7727889 3.355672
v -4.3349857 -1.0116807 3.355672
v -1.453401 -0.23822045 3.4735432
v -1.453401 -0.47711232 3.4735432
v -1.453401 -0.47711232 3.7219503
v -1.453401 -0.23822045 3.7219503
v -4.3349857 -0.23822 3.4735432
v -1.453401 -0.23822045 3.4735432
v -1.453401 -0.23822045 3.7219503
v -4.3349857 -0.23822 3.7219503
v -1.453401 -1.011681 3.1072645
v -4.3349857 -1.0116807 3.1072645
v -4.3349857 -1.0116807 3.355672
v -1.453401 -1.011681 3.355672
v -1.453401 -0.47711232 3.4735432
v -1.453401 -0.23822045 3.4735432
v -4.3349857 -0.23822 3.4735432
v -4.3349857 -0.47711185 3.4735432
v -1.453401 -0.7727891 3.1072645
v -1.453401 -1.011681 3.1072645
v -1.453401 -1.011681 3.355672
v -1.453401 -0.7727891 3.355672
v -1.453401 -0.47711232 3.4735432
v -4.3349857 -0.47711185 3.4735432
v -4.3349857 -0.47711185 3.7219503
v -1.453401 -0.47711232 3.7219503
v -4.3349857 -0.7727889 3.1072645
v -1.453401 -0.7727891 3.1072645
v -1.453401 -0.7727891 3.355672
v -4.3349857 -0.7727889 3.355672
v -4.3349857 -0.47711185 3.4735432
v -4.3349857 -0.23822 3.4735432
v -4.3349857 -0.23822 3.7219503
v -4.3349857 -0.47711185 3.7219503
v -4.3349857 -0.47711185 3.7219503
v -4.3349857 -0.23822 3.7219503
v -1.453401 -0.23822045 3.7219503
v -1.453401 -0.47711232 3.7219503
v -4.350373 -1.2512226 0.0015902582
v -4.3503723 0.0027774158 3.9307077
v -4.350373 -1.2512226 3.1300862
v -4.3503723 0.0027774158 0.0015902582
v -4.3503723 1.2567774 3.1300862
v -4.3503723 1.2567774 0.0015902582
v -1.4815291 0.0027768326 0.0015902582
v -1.4815296 -1.2512233 0.0015902582
v -1.4815296 -1.2512233 3.1300862
v -1.4815291 0.0027768326 3.9307077
v -1.4815291 1.2567768 0.0015902582
v -1.4815291 1.2567768 3.1300862
v -1.4815296 -1.2512233 3.1300862
v -4.350373 -1.2512226 3.1300862
v -4.3503723 0.0027774158 3.9307077
v -1.4815291 0.0027768326 3.9307077
v -1.4815291 0.0027768326 0.0015902582
v -4.350373 -1.2512226 0.0015902582
v -1.4815296 -1.2512233 0.0015902582
v -4.3503723 0.0027774158 0.0015902582
v -1.4815291 1.2567768 0.0015902582
v -4.3503723 1.2567774 0.0015902582
v -1.4815291 0.0027768326 3.9307077
v -4.3503723 0.0027774158 3.9307077
v -4.3503723 1.2567774 3.1300862
v -1.4815291 1.2567768 3.1300862
v -1.4815296 -1.2512233 0.0015902582
v -4.350373 -1.2512226 0.0015902582
v -4.350373 -1.2512226 3.1300862
v -1.4815296 -1.2512233 3.1300862
v -4.3503723 1.2567774 0.0015902582
v -1.4815291 1.2567768 0.0015902582
v -1.4815291 1.2567768 3.1300862
v -4.3503723 1.2567774 3.1300862
v 4.4346576 -1.2571408 0.0015902582
v 1.5658144 -1.2571406 0.0015902582
v 1.5658144 -1.2571406 3.1300862
v 4.4346576 -1.2571408 3.1300862
v 1.5658145 -0.003140603 0.0015902582
v 1.5658149 1.2508594 0.0015902582
v 1.5658149 1.2508594 3.1300862
v 1.5658145 -0.003140603 3.9307077
v 1.5658144 -1.2571406 0.0015902582
v 1.5658144 -1.2571406 3.1300862
v 1.5658149 1.2508594 0.0015902582
v 4.434658 1.2508593 0.0015902582
v 4.434658 1.2508593 3.1300862
v 1.5658149 1.2508594 3.1300862
v 4.434658 -0.0031407527 0.0015902582
v 4.4346576 -1.2571408 0.0015902582
v 4.4346576 -1.2571408 3.1300862
v 4.434658 -0.0031407527 3.9307077
v 4.434658 1.2508593 0.0015902582
v 4.434658 1.2508593 3.1300862
v 1.5658145 -0.003140603 0.0015902582
v 4.434658 1.2508593 0.0015902582
v 1.5658149 1.2508594 0.0015902582
v 4.434658 -0.0031407527 0.0015902582
v 1.5658144 -1.2571406 0.0015902582
v 4.4346576 -1.2571408 0.0015902582
v 1.5658145 -0.003140603 3.9307077
v 4.434658 -0.0031407527 3.9307077
v 4.4346576 -1.2571408 3.1300862
v 1.5658144 -1.2571406 3.1300862
v 1.5658149 1.2508594 3.1300862
v 4.434658 1.2508593 3.1300862
v 4.434658 -0.0031407527 3.9307077
v 1.5658145 -0.003140603 3.9307077
v -3.6037703 1.5202827 2.615609
v -3.5923147 1.4926281 2.615609
v -3.6037703 1.4649734 2.615609
v -3.631425 1.5317383 2.615609
v -3.631425 1.4535179 2.615609
v -3.6590796 1.5202827 2.615609
v -3.6590796 1.4649734 2.615609
v -3.670535 1.4926281 2.615609
v -3.631425 1.2256012 -2.0861626E-07
v -3.820241 1.303812 -2.0861626E-07
v -3.820241 1.303812 2.2167175
v -3.631425 1.2256012 2.2167175
v -3.631425 1.4535179 2.615609
v -3.6590796 1.4649734 2.615609
v -3.364398 1.4926281 -2.0861626E-07
v -3.4426088 1.303812 -2.0861626E-07
v -3.4426088 1.303812 2.2167175
v -3.364398 1.4926281 2.2167175
v -3.5923147 1.4926281 2.615609
v -3.6037703 1.4649734 2.615609
v -3.4426088 1.303812 -2.0861626E-07
v -3.364398 1.4926281 -2.0861626E-07
v -3.4426088 1.6814439 -2.0861626E-07
v -3.631425 1.2256012 -2.0861626E-07
v -3.631425 1.7596548 -2.0861626E-07
v -3.820241 1.303812 -2.0861626E-07
v -3.820241 1.6814439 -2.0861626E-07
v -3.8984518 1.4926281 -2.0861626E-07
v -3.361699 3.5741823 2.2167175
v -3.1337824 3.5741823 2.615609
v -3.1223269 3.5465276 2.615609
v -3.2834883 3.3853662 2.2167175
v -3.2834883 3.3853662 -2.0861626E-07
v -3.361699 3.5741823 -2.0861626E-07
v -3.820241 2.2181966 -2.0861626E-07
v -3.631425 2.2964075 -2.0861626E-07
v -3.631425 2.2964075 2.2167175
v -3.820241 2.2181966 2.2167175
v -3.6590796 2.0570352 2.615609
v -3.631425 2.0684907 2.615609
v -3.4426088 1.8405645 -2.0861626E-07
v -3.631425 1.7623537 -2.0861626E-07
v -3.631425 1.7623537 2.2167175
v -3.4426088 1.8405645 2.2167175
v -3.6037703 2.001726 2.615609
v -3.631425 1.9902704 2.615609
v -3.631425 2.2964075 -2.0861626E-07
v -3.4426088 2.2181966 -2.0861626E-07
v -3.4426088 2.2181966 2.2167175
v -3.631425 2.2964075 2.2167175
v -3.631425 2.0684907 2.615609
v -3.6037703 2.0570352 2.615609
v -3.631425 1.2256012 2.2167175
v -3.631425 1.4535179 2.615609
v -3.6037703 1.4649734 2.615609
v -3.4426088 1.303812 2.2167175
v -3.4426088 1.303812 -2.0861626E-07
v -3.631425 1.2256012 -2.0861626E-07
v -3.364398 2.0293806 -2.0861626E-07
v -3.4426088 1.8405645 -2.0861626E-07
v -3.4426088 1.8405645 2.2167175
v -3.364398 2.0293806 2.2167175
v -3.5923147 2.0293806 2.615609
v -3.6037703 2.001726 2.615609
v -3.631425 2.2729242 -2.0861626E-07
v -3.820241 2.351135 -2.0861626E-07
v -3.820241 2.351135 2.2167175
v -3.631425 2.2729242 2.2167175
v -3.631425 2.500841 2.615609
v -3.6590796 2.5122964 2.615609
v -3.6037703 2.0570352 2.615609
v -3.5923147 2.0293806 2.615609
v -3.6037703 2.001726 2.615609
v -3.631425 2.0684907 2.615609
v -3.631425 1.9902704 2.615609
v -3.6590796 2.0570352 2.615609
v -3.6590796 2.001726 2.615609
v -3.670535 2.0293806 2.615609
v -3.631425 1.7596548 2.2167175
v -3.631425 1.5317383 2.615609
v -3.6590796 1.5202827 2.615609
v -3.820241 1.6814439 2.2167175
v -3.820241 1.6814439 -2.0861626E-07
v -3.631425 1.7596548 -2.0861626E-07
v -3.364398 1.4926281 2.2167175
v -3.5923147 1.4926281 2.615609
v -3.6037703 1.5202827 2.615609
v -3.4426088 1.6814439 2.2167175
v -3.4426088 1.6814439 -2.0861626E-07
v -3.364398 1.4926281 -2.0861626E-07
v -3.8984518 1.4926281 2.2167175
v -3.670535 1.4926281 2.615609
v -3.6590796 1.4649734 2.615609
v -3.820241 1.303812 2.2167175
v -3.820241 1.303812 -2.0861626E-07
v -3.8984518 1.4926281 -2.0861626E-07
v -3.820241 1.8405645 -2.0861626E-07
v -3.8984518 2.0293806 -2.0861626E-07
v -3.8984518 2.0293806 2.2167175
v -3.820241 1.8405645 2.2167175
v -3.6590796 2.001726 2.615609
v -3.670535 2.0293806 2.615609
v -3.631425 1.7623537 -2.0861626E-07
v -3.820241 1.8405645 -2.0861626E-07
v -3.820241 1.8405645 2.2167175
v -3.631425 1.7623537 2.2167175
v -3.631425 1.9902704 2.615609
v -3.6590796 2.001726 2.615609
v -3.820241 2.351135 -2.0861626E-07
v -3.8984518 2.539951 -2.0861626E-07
v -3.8984518 2.539951 2.2167175
v -3.820241 2.351135 2.2167175
v -3.6590796 2.5122964 2.615609
v -3.670535 2.539951 2.615609
v -3.4426088 2.351135 -2.0861626E-07
v -3.364398 2.539951 -2.0861626E-07
v -3.4426088 2.7287672 -2.0861626E-07
v -3.631425 2.2729242 -2.0861626E-07
v -3.631425 2.806978 -2.0861626E-07
v -3.820241 2.351135 -2.0861626E-07
v -3.820241 2.7287672 -2.0861626E-07
v -3.8984518 2.539951 -2.0861626E-07
v -3.8984518 2.0293806 -2.0861626E-07
v -3.820241 2.2181966 -2.0861626E-07
v -3.820241 2.2181966 2.2167175
v -3.8984518 2.0293806 2.2167175
v -3.670535 2.0293806 2.615609
v -3.6590796 2.0570352 2.615609
v -3.364398 2.0293806 2.2167175
v -3.5923147 2.0293806 2.615609
v -3.6037703 2.0570352 2.615609
v -3.4426088 2.2181966 2.2167175
v -3.4426088 2.2181966 -2.0861626E-07
v -3.364398 2.0293806 -2.0861626E-07
v -3.361699 3.5741823 -2.0861626E-07
v -3.2834883 3.7629983 -2.0861626E-07
v -3.2834883 3.7629983 2.2167175
v -3.361699 3.5741823 2.2167175
v -3.1337824 3.5741823 2.615609
v -3.1223269 3.601837 2.615609
v -3.4426088 1.8405645 -2.0861626E-07
v -3.364398 2.0293806 -2.0861626E-07
v -3.4426088 2.2181966 -2.0861626E-07
v -3.631425 1.7623537 -2.0861626E-07
v -3.631425 2.2964075 -2.0861626E-07
v -3.820241 1.8405645 -2.0861626E-07
v -3.820241 2.2181966 -2.0861626E-07
v -3.8984518 2.0293806 -2.0861626E-07
v -3.8984518 1.4926281 -2.0861626E-07
v -3.820241 1.6814439 -2.0861626E-07
v -3.820241 1.6814439 2.2167175
v -3.8984518 1.4926281 2.2167175
v -3.670535 1.4926281 2.615609
v -3.6590796 1.5202827 2.615609
v -3.631425 1.7596548 -2.0861626E-07
v -3.4426088 1.6814439 -2.0861626E-07
v -3.4426088 1.6814439 2.2167175
v -3.631425 1.7596548 2.2167175
v -3.631425 1.5317383 2.615609
v -3.6037703 1.5202827 2.615609
v -3.631425 2.806978 2.2167175
v -3.631425 2.5790613 2.615609
v -3.6590796 2.5676057 2.615609
v -3.820241 2.7287672 2.2167175
v -3.820241 2.7287672 -2.0861626E-07
v -3.631425 2.806978 -2.0861626E-07
v -3.6037703 2.5676057 2.615609
v -3.5923147 2.539951 2.615609
v -3.6037703 2.5122964 2.615609
v -3.631425 2.5790613 2.615609
v -3.631425 2.500841 2.615609
v -3.6590796 2.5676057 2.615609
v -3.6590796 2.5122964 2.615609
v -3.670535 2.539951 2.615609
v -3.631425 2.2729242 2.2167175
v -3.631425 2.500841 2.615609
v -3.6037703 2.5122964 2.615609
v -3.4426088 2.351135 2.2167175
v -3.4426088 2.351135 -2.0861626E-07
v -3.631425 2.2729242 -2.0861626E-07
v -3.4426088 2.351135 2.2167175
v -3.6037703 2.5122964 2.615609
v -3.5923147 2.539951 2.615609
v -3.364398 2.539951 2.2167175
v -3.364398 2.539951 -2.0861626E-07
v -3.4426088 2.351135 -2.0861626E-07
v -3.4426088 2.8617055 -2.0861626E-07
v -3.364398 3.0505216 -2.0861626E-07
v -3.4426088 3.2393377 -2.0861626E-07
v -3.631425 2.7834947 -2.0861626E-07
v -3.631425 3.3175485 -2.0861626E-07
v -3.820241 2.8617055 -2.0861626E-07
v -3.820241 3.2393377 -2.0861626E-07
v -3.8984518 3.0505216 -2.0861626E-07
v -3.4426088 2.7287672 -2.0861626E-07
v -3.364398 2.539951 -2.0861626E-07
v -3.364398 2.539951 2.2167175
v -3.4426088 2.7287672 2.2167175
v -3.6037703 2.5676057 2.615609
v -3.5923147 2.539951 2.615609
v -3.820241 2.7287672 2.2167175
v -3.6590796 2.5676057 2.615609
v -3.670535 2.539951 2.615609
v -3.8984518 2.539951 2.2167175
v -3.8984518 2.539951 -2.0861626E-07
v -3.820241 2.7287672 -2.0861626E-07
v -3.4426088 3.3853662 -2.0861626E-07
v -3.631425 3.3071554 -2.0861626E-07
v -3.631425 3.3071554 2.2167175
v -3.4426088 3.3853662 2.2167175
v -3.6037703 3.5465276 2.615609
v -3.631425 3.535072 2.615609
v -3.8984518 3.0505216 -2.0861626E-07
v -3.820241 3.2393377 -2.0861626E-07
v -3.820241 3.2393377 2.2167175
v -3.8984518 3.0505216 2.2167175
v -3.670535 3.0505216 2.615609
v -3.6590796 3.0781763 2.615609
v -3.6037703 3.601837 2.615609
v -3.5923147 3.5741823 2.615609
v -3.6037703 3.5465276 2.615609
v -3.631425 3.6132925 2.615609
v -3.631425 3.535072 2.615609
v -3.6590796 3.601837 2.615609
v -3.6590796 3.5465276 2.615609
v -3.670535 3.5741823 2.615609
v -3.4426088 3.3853662 -2.0861626E-07
v -3.364398 3.5741823 -2.0861626E-07
v -3.4426088 3.7629983 -2.0861626E-07
v -3.631425 3.3071554 -2.0861626E-07
v -3.631425 3.8412092 -2.0861626E-07
v -3.820241 3.3853662 -2.0861626E-07
v -3.820241 3.7629983 -2.0861626E-07
v -3.8984518 3.5741823 -2.0861626E-07
v -3.820241 3.3853662 2.2167175
v -3.6590796 3.5465276 2.615609
v -3.631425 3.535072 2.615609
v -3.631425 3.3071554 2.2167175
v -3.631425 3.3071554 -2.0861626E-07
v -3.820241 3.3853662 -2.0861626E-07
v -3.820241 3.2393377 -2.0861626E-07
v -3.631425 3.3175485 -2.0861626E-07
v -3.631425 3.3175485 2.2167175
v -3.820241 3.2393377 2.2167175
v -3.6590796 3.0781763 2.615609
v -3.631425 3.0896318 2.615609
v -3.631425 2.7834947 2.2167175
v -3.631425 3.0114114 2.615609
v -3.6037703 3.022867 2.615609
v -3.4426088 2.8617055 2.2167175
v -3.4426088 2.8617055 -2.0861626E-07
v -3.631425 2.7834947 -2.0861626E-07
v -3.4426088 3.2393377 2.2167175
v -3.6037703 3.0781763 2.615609
v -3.631425 3.0896318 2.615609
v -3.631425 3.3175485 2.2167175
v -3.631425 3.3175485 -2.0861626E-07
v -3.4426088 3.2393377 -2.0861626E-07
v -3.820241 2.8617055 2.2167175
v -3.6590796 3.022867 2.615609
v -3.631425 3.0114114 2.615609
v -3.631425 2.7834947 2.2167175
v -3.631425 2.7834947 -2.0861626E-07
v -3.820241 2.8617055 -2.0861626E-07
v -3.4426088 2.8617055 2.2167175
v -3.6037703 3.022867 2.615609
v -3.5923147 3.0505216 2.615609
v -3.364398 3.0505216 2.2167175
v -3.364398 3.0505216 -2.0861626E-07
v -3.4426088 2.8617055 -2.0861626E-07
v -3.4426088 3.7629983 2.2167175
v -3.6037703 3.601837 2.615609
v -3.631425 3.6132925 2.615609
v -3.631425 3.8412092 2.2167175
v -3.631425 3.8412092 -2.0861626E-07
v -3.4426088 3.7629983 -2.0861626E-07
v -3.4426088 3.7629983 -2.0861626E-07
v -3.364398 3.5741823 -2.0861626E-07
v -3.364398 3.5741823 2.2167175
v -3.4426088 3.7629983 2.2167175
v -3.6037703 3.601837 2.615609
v -3.5923147 3.5741823 2.615609
v -3.820241 3.7629983 2.2167175
v -3.6590796 3.601837 2.615609
v -3.670535 3.5741823 2.615609
v -3.8984518 3.5741823 2.2167175
v -3.8984518 3.5741823 -2.0861626E-07
v -3.820241 3.7629983 -2.0861626E-07
v -3.364398 3.5741823 -2.0861626E-07
v -3.4426088 3.3853662 -2.0861626E-07
v -3.4426088 3.3853662 2.2167175
v -3.364398 3.5741823 2.2167175
v -3.5923147 3.5741823 2.615609
v -3.6037703 3.5465276 2.615609
v -3.4426088 3.2393377 -2.0861626E-07
v -3.364398 3.0505216 -2.0861626E-07
v -3.364398 3.0505216 2.2167175
v -3.4426088 3.2393377 2.2167175
v -3.6037703 3.0781763 2.615609
v -3.5923147 3.0505216 2.615609
v -3.6037703 3.0781763 2.615609
v -3.5923147 3.0505216 2.615609
v -3.6037703 3.022867 2.615609
v -3.631425 3.0896318 2.615609
v -3.631425 3.0114114 2.615609
v -3.6590796 3.0781763 2.615609
v -3.6590796 3.022867 2.615609
v -3.670535 3.0505216 2.615609
v -3.820241 3.7629983 -2.0861626E-07
v -3.631425 3.8412092 -2.0861626E-07
v -3.631425 3.8412092 2.2167175
v -3.820241 3.7629983 2.2167175
v -3.6590796 3.601837 2.615609
v -3.631425 3.6132925 2.615609
v -3.8984518 3.5741823 2.2167175
v -3.670535 3.5741823 2.615609
v -3.6590796 3.5465276 2.615609
v -3.820241 3.3853662 2.2167175
v -3.820241 3.3853662 -2.0861626E-07
v -3.8984518 3.5741823 -2.0861626E-07
v -3.820241 2.8617055 -2.0861626E-07
v -3.8984518 3.0505216 -2.0861626E-07
v -3.8984518 3.0505216 2.2167175
v -3.820241 2.8617055 2.2167175
v -3.6590796 3.022867 2.615609
v -3.670535 3.0505216 2.615609
v -3.631425 2.806978 -2.0861626E-07
v -3.4426088 2.7287672 -2.0861626E-07
v -3.4426088 2.7287672 2.2167175
v -3.631425 2.806978 2.2167175
v -3.631425 2.5790613 2.615609
v -3.6037703 2.5676057 2.615609
v -1.5018327 -3.5843112 2.615609
v -1.4903772 -3.611966 2.615609
v -1.5018327 -3.6396205 2.615609
v -1.5294874 -3.5728557 2.615609
v -1.5294874 -3.651076 2.615609
v -1.557142 -3.5843112 2.615609
v -1.557142 -3.6396205 2.615609
v -1.5685976 -3.611966 2.615609
v -1.2624605 -3.611966 -2.0861626E-07
v -1.3406713 -3.800782 -2.0861626E-07
v -1.3406713 -3.800782 2.2167175
v -1.2624605 -3.611966 2.2167175
v -1.4903772 -3.611966 2.615609
v -1.5018327 -3.6396205 2.615609
v -1.5294874 -3.344939 -2.0861626E-07
v -1.3406713 -3.4231498 -2.0861626E-07
v -1.3406713 -3.4231498 2.2167175
v -1.5294874 -3.344939 2.2167175
v -1.5294874 -3.5728557 2.615609
v -1.5018327 -3.5843112 2.615609
v -1.3406713 -3.800782 -2.0861626E-07
v -1.2624605 -3.611966 -2.0861626E-07
v -1.3406713 -3.4231498 -2.0861626E-07
v -1.5294874 -3.8789928 -2.0861626E-07
v -1.5294874 -3.344939 -2.0861626E-07
v -1.7183034 -3.800782 -2.0861626E-07
v -1.7183034 -3.4231498 -2.0861626E-07
v -1.7965143 -3.611966 -2.0861626E-07
v -3.6110418 -3.3422399 2.2167175
v -3.6110418 -3.1143231 2.615609
v -3.5833871 -3.1028676 2.615609
v -3.4222257 -3.264029 2.2167175
v -3.4222257 -3.264029 -2.0861626E-07
v -3.6110418 -3.3422399 -2.0861626E-07
v -2.2550561 -3.8007817 -2.0861626E-07
v -2.333267 -3.6119657 -2.0861626E-07
v -2.333267 -3.6119657 2.2167175
v -2.2550561 -3.8007817 2.2167175
v -2.0938947 -3.6396205 2.615609
v -2.1053503 -3.611966 2.615609
v -1.877424 -3.4231498 -2.0861626E-07
v -1.7992132 -3.611966 -2.0861626E-07
v -1.7992132 -3.611966 2.2167175
v -1.877424 -3.4231498 2.2167175
v -2.0385854 -3.5843112 2.615609
v -2.02713 -3.611966 2.615609
v -2.333267 -3.6119657 -2.0861626E-07
v -2.2550561 -3.4231496 -2.0861626E-07
v -2.2550561 -3.4231496 2.2167175
v -2.333267 -3.6119657 2.2167175
v -2.1053503 -3.611966 2.615609
v -2.0938947 -3.5843112 2.615609
v -1.2624605 -3.611966 2.2167175
v -1.4903772 -3.611966 2.615609
v -1.5018327 -3.5843112 2.615609
v -1.3406713 -3.4231498 2.2167175
v -1.3406713 -3.4231498 -2.0861626E-07
v -1.2624605 -3.611966 -2.0861626E-07
v -2.06624 -3.344939 -2.0861626E-07
v -1.877424 -3.4231498 -2.0861626E-07
v -1.877424 -3.4231498 2.2167175
v -2.06624 -3.344939 2.2167175
v -2.06624 -3.5728557 2.615609
v -2.0385854 -3.5843112 2.615609
v -2.3097837 -3.6119657 -2.0861626E-07
v -2.3879945 -3.8007817 -2.0861626E-07
v -2.3879945 -3.8007817 2.2167175
v -2.3097837 -3.6119657 2.2167175
v -2.5377004 -3.6119657 2.615609
v -2.549156 -3.6396203 2.615609
v -2.0385854 -3.5843112 2.615609
v -2.02713 -3.611966 2.615609
v -2.0385854 -3.6396205 2.615609
v -2.06624 -3.5728557 2.615609
v -2.06624 -3.651076 2.615609
v -2.0938947 -3.5843112 2.615609
v -2.0938947 -3.6396205 2.615609
v -2.1053503 -3.611966 2.615609
v -1.7965143 -3.611966 2.2167175
v -1.5685976 -3.611966 2.615609
v -1.557142 -3.6396205 2.615609
v -1.7183034 -3.800782 2.2167175
v -1.7183034 -3.800782 -2.0861626E-07
v -1.7965143 -3.611966 -2.0861626E-07
v -1.5294874 -3.344939 2.2167175
v -1.5294874 -3.5728557 2.615609
v -1.557142 -3.5843112 2.615609
v -1.7183034 -3.4231498 2.2167175
v -1.7183034 -3.4231498 -2.0861626E-07
v -1.5294874 -3.344939 -2.0861626E-07
v -1.5294874 -3.8789928 2.2167175
v -1.5294874 -3.651076 2.615609
v -1.5018327 -3.6396205 2.615609
v -1.3406713 -3.800782 2.2167175
v -1.3406713 -3.800782 -2.0861626E-07
v -1.5294874 -3.8789928 -2.0861626E-07
v -1.877424 -3.800782 -2.0861626E-07
v -2.0662405 -3.8789928 -2.0861626E-07
v -2.0662405 -3.8789928 2.2167175
v -1.877424 -3.800782 2.2167175
v -2.0385854 -3.6396205 2.615609
v -2.06624 -3.651076 2.615609
v -1.7992132 -3.611966 -2.0861626E-07
v -1.877424 -3.800782 -2.0861626E-07
v -1.877424 -3.800782 2.2167175
v -1.7992132 -3.611966 2.2167175
v -2.02713 -3.611966 2.615609
v -2.0385854 -3.6396205 2.615609
v -2.3879945 -3.8007817 -2.0861626E-07
v -2.576811 -3.8789926 -2.0861626E-07
v -2.576811 -3.8789926 2.2167175
v -2.3879945 -3.8007817 2.2167175
v -2.549156 -3.6396203 2.615609
v -2.5768106 -3.6510758 2.615609
v -2.3879945 -3.8007817 -2.0861626E-07
v -2.3097837 -3.6119657 -2.0861626E-07
v -2.3879945 -3.4231496 -2.0861626E-07
v -2.576811 -3.8789926 -2.0861626E-07
v -2.5768106 -3.3449388 -2.0861626E-07
v -2.7656267 -3.4231496 -2.0861626E-07
v -2.7656267 -3.8007817 -2.0861626E-07
v -2.8438375 -3.6119657 -2.0861626E-07
v -2.0662405 -3.8789928 -2.0861626E-07
v -2.2550561 -3.8007817 -2.0861626E-07
v -2.2550561 -3.8007817 2.2167175
v -2.0662405 -3.8789928 2.2167175
v -2.06624 -3.651076 2.615609
v -2.0938947 -3.6396205 2.615609
v -2.06624 -3.344939 2.2167175
v -2.06624 -3.5728557 2.615609
v -2.0938947 -3.5843112 2.615609
v -2.2550561 -3.4231496 2.2167175
v -2.2550561 -3.4231496 -2.0861626E-07
v -2.06624 -3.344939 -2.0861626E-07
v -3.6110418 -3.3422399 -2.0861626E-07
v -3.7998579 -3.264029 -2.0861626E-07
v -3.7998579 -3.264029 2.2167175
v -3.6110418 -3.3422399 2.2167175
v -3.6110418 -3.1143231 2.615609
v -3.6386964 -3.1028676 2.615609
v -1.877424 -3.800782 -2.0861626E-07
v -1.7992132 -3.611966 -2.0861626E-07
v -1.877424 -3.4231498 -2.0861626E-07
v -2.0662405 -3.8789928 -2.0861626E-07
v -2.06624 -3.344939 -2.0861626E-07
v -2.2550561 -3.4231496 -2.0861626E-07
v -2.2550561 -3.8007817 -2.0861626E-07
v -2.333267 -3.6119657 -2.0861626E-07
v -1.5294874 -3.8789928 -2.0861626E-07
v -1.7183034 -3.800782 -2.0861626E-07
v -1.7183034 -3.800782 2.2167175
v -1.5294874 -3.8789928 2.2167175
v -1.5294874 -3.651076 2.615609
v -1.557142 -3.6396205 2.615609
v -1.7965143 -3.611966 -2.0861626E-07
v -1.7183034 -3.4231498 -2.0861626E-07
v -1.7183034 -3.4231498 2.2167175
v -1.7965143 -3.611966 2.2167175
v -1.5685976 -3.611966 2.615609
v -1.557142 -3.5843112 2.615609
v -2.8438375 -3.6119657 2.2167175
v -2.6159208 -3.6119657 2.615609
v -2.6044652 -3.6396203 2.615609
v -2.7656267 -3.8007817 2.2167175
v -2.7656267 -3.8007817 -2.0861626E-07
v -2.8438375 -3.6119657 -2.0861626E-07
v -2.549156 -3.584311 2.615609
v -2.5377004 -3.6119657 2.615609
v -2.549156 -3.6396203 2.615609
v -2.5768106 -3.5728555 2.615609
v -2.5768106 -3.6510758 2.615609
v -2.6044652 -3.584311 2.615609
v -2.6044652 -3.6396203 2.615609
v -2.6159208 -3.6119657 2.615609
v -2.3097837 -3.6119657 2.2167175
v -2.5377004 -3.6119657 2.615609
v -2.549156 -3.584311 2.615609
v -2.3879945 -3.4231496 2.2167175
v -2.3879945 -3.4231496 -2.0861626E-07
v -2.3097837 -3.6119657 -2.0861626E-07
v -2.3879945 -3.4231496 2.2167175
v -2.549156 -3.584311 2.615609
v -2.5768106 -3.5728555 2.615609
v -2.5768106 -3.3449388 2.2167175
v -2.5768106 -3.3449388 -2.0861626E-07
v -2.3879945 -3.4231496 -2.0861626E-07
v -2.898565 -3.8007817 -2.0861626E-07
v -2.8203542 -3.6119657 -2.0861626E-07
v -2.898565 -3.4231496 -2.0861626E-07
v -3.0873816 -3.8789926 -2.0861626E-07
v -3.0873811 -3.3449388 -2.0861626E-07
v -3.2761972 -3.4231496 -2.0861626E-07
v -3.2761972 -3.8007817 -2.0861626E-07
v -3.354408 -3.6119657 -2.0861626E-07
v -2.7656267 -3.4231496 -2.0861626E-07
v -2.5768106 -3.3449388 -2.0861626E-07
v -2.5768106 -3.3449388 2.2167175
v -2.7656267 -3.4231496 2.2167175
v -2.6044652 -3.584311 2.615609
v -2.5768106 -3.5728555 2.615609
v -2.7656267 -3.8007817 2.2167175
v -2.6044652 -3.6396203 2.615609
v -2.5768106 -3.6510758 2.615609
v -2.576811 -3.8789926 2.2167175
v -2.576811 -3.8789926 -2.0861626E-07
v -2.7656267 -3.8007817 -2.0861626E-07
v -3.4222257 -3.4231496 -2.0861626E-07
v -3.344015 -3.6119657 -2.0861626E-07
v -3.344015 -3.6119657 2.2167175
v -3.4222257 -3.4231496 2.2167175
v -3.5833871 -3.584311 2.615609
v -3.5719316 -3.6119657 2.615609
v -3.0873816 -3.8789926 -2.0861626E-07
v -3.2761972 -3.8007817 -2.0861626E-07
v -3.2761972 -3.8007817 2.2167175
v -3.0873816 -3.8789926 2.2167175
v -3.0873811 -3.6510758 2.615609
v -3.1150358 -3.6396203 2.615609
v -3.5833871 -3.584311 2.615609
v -3.5719316 -3.6119657 2.615609
v -3.5833871 -3.6396203 2.615609
v -3.6110418 -3.5728555 2.615609
v -3.6110418 -3.6510758 2.615609
v -3.6386964 -3.584311 2.615609
v -3.6386964 -3.6396203 2.615609
v -3.650152 -3.6119657 2.615609
v -3.4222257 -3.8007817 -2.0861626E-07
v -3.344015 -3.6119657 -2.0861626E-07
v -3.4222257 -3.4231496 -2.0861626E-07
v -3.6110423 -3.8789926 -2.0861626E-07
v -3.6110418 -3.3449388 -2.0861626E-07
v -3.7998579 -3.4231496 -2.0861626E-07
v -3.7998579 -3.8007817 -2.0861626E-07
v -3.8780687 -3.6119657 -2.0861626E-07
v -3.4222257 -3.8007817 2.2167175
v -3.5833871 -3.6396203 2.615609
v -3.5719316 -3.6119657 2.615609
v -3.344015 -3.6119657 2.2167175
v -3.344015 -3.6119657 -2.0861626E-07
v -3.4222257 -3.8007817 -2.0861626E-07
v -3.2761972 -3.8007817 -2.0861626E-07
v -3.354408 -3.6119657 -2.0861626E-07
v -3.354408 -3.6119657 2.2167175
v -3.2761972 -3.8007817 2.2167175
v -3.1150358 -3.6396203 2.615609
v -3.1264913 -3.6119657 2.615609
v -2.8203542 -3.6119657 2.2167175
v -3.048271 -3.6119657 2.615609
v -3.0597265 -3.584311 2.615609
v -2.898565 -3.4231496 2.2167175
v -2.898565 -3.4231496 -2.0861626E-07
v -2.8203542 -3.6119657 -2.0861626E-07
v -3.2761972 -3.4231496 2.2167175
v -3.1150358 -3.584311 2.615609
v -3.1264913 -3.6119657 2.615609
v -3.354408 -3.6119657 2.2167175
v -3.354408 -3.6119657 -2.0861626E-07
v -3.2761972 -3.4231496 -2.0861626E-07
v -2.898565 -3.8007817 2.2167175
v -3.0597265 -3.6396203 2.615609
v -3.048271 -3.6119657 2.615609
v -2.8203542 -3.6119657 2.2167175
v -2.8203542 -3.6119657 -2.0861626E-07
v -2.898565 -3.8007817 -2.0861626E-07
v -2.898565 -3.4231496 2.2167175
v -3.0597265 -3.584311 2.615609
v -3.0873811 -3.5728555 2.615609
v -3.0873811 -3.3449388 2.2167175
v -3.0873811 -3.3449388 -2.0861626E-07
v -2.898565 -3.4231496 -2.0861626E-07
v -3.7998579 -3.4231496 2.2167175
v -3.6386964 -3.584311 2.615609
v -3.650152 -3.6119657 2.615609
v -3.8780687 -3.6119657 2.2167175
v -3.8780687 -3.6119657 -2.0861626E-07
v -3.7998579 -3.4231496 -2.0861626E-07
v -3.7998579 -3.4231496 -2.0861626E-07
v -3.6110418 -3.3449388 -2.0861626E-07
v -3.6110418 -3.3449388 2.2167175
v -3.7998579 -3.4231496 2.2167175
v -3.6386964 -3.584311 2.615609
v -3.6110418 -3.5728555 2.615609
v -3.7998579 -3.8007817 2.2167175
v -3.6386964 -3.6396203 2.615609
v -3.6110418 -3.6510758 2.615609
v -3.6110423 -3.8789926 2.2167175
v -3.6110423 -3.8789926 -2.0861626E-07
v -3.7998579 -3.8007817 -2.0861626E-07
v -3.6110418 -3.3449388 -2.0861626E-07
v -3.4222257 -3.4231496 -2.0861626E-07
v -3.4222257 -3.4231496 2.2167175
v -3.6110418 -3.3449388 2.2167175
v -3.6110418 -3.5728555 2.615609
v -3.5833871 -3.584311 2.615609
v -3.2761972 -3.4231496 -2.0861626E-07
v -3.0873811 -3.3449388 -2.0861626E-07
v -3.0873811 -3.3449388 2.2167175
v -3.2761972 -3.4231496 2.2167175
v -3.1150358 -3.584311 2.615609
v -3.0873811 -3.5728555 2.615609
v -3.0597265 -3.584311 2.615609
v -3.048271 -3.6119657 2.615609
v -3.0597265 -3.6396203 2.615609
v -3.0873811 -3.5728555 2.615609
v -3.0873811 -3.6510758 2.615609
v -3.1150358 -3.584311 2.615609
v -3.1150358 -3.6396203 2.615609
v -3.1264913 -3.6119657 2.615609
v -3.7998579 -3.8007817 -2.0861626E-07
v -3.8780687 -3.6119657 -2.0861626E-07
v -3.8780687 -3.6119657 2.2167175
v -3.7998579 -3.8007817 2.2167175
v -3.6386964 -3.6396203 2.615609
v -3.650152 -3.6119657 2.615609
v -3.6110423 -3.8789926 2.2167175
v -3.6110418 -3.6510758 2.615609
v -3.5833871 -3.6396203 2.615609
v -3.4222257 -3.8007817 2.2167175
v -3.4222257 -3.8007817 -2.0861626E-07
v -3.6110423 -3.8789926 -2.0861626E-07
v -2.898565 -3.8007817 -2.0861626E-07
v -3.0873816 -3.8789926 -2.0861626E-07
v -3.0873816 -3.8789926 2.2167175
v -2.898565 -3.8007817 2.2167175
v -3.0597265 -3.6396203 2.615609
v -3.0873811 -3.6510758 2.615609
v -2.8438375 -3.6119657 -2.0861626E-07
v -2.7656267 -3.4231496 -2.0861626E-07
v -2.7656267 -3.4231496 2.2167175
v -2.8438375 -3.6119657 2.2167175
v -2.6159208 -3.6119657 2.615609
v -2.6044652 -3.584311 2.615609
v 3.805808 -3.4027655 -2.0861626E-07
v 3.884019 -3.5915818 -2.0861626E-07
v 3.884019 -3.5915818 2.2167175
v 3.805808 -3.4027655 2.2167175
v 3.6446466 -3.563927 2.615609
v 3.6561022 -3.5915816 2.615609
v 3.884019 -2.5573506 -2.0861626E-07
v 3.805808 -2.7461667 -2.0861626E-07
v 3.805808 -2.7461667 2.2167175
v 3.884019 -2.5573506 2.2167175
v 3.6561022 -2.5573506 2.615609
v 3.6446466 -2.5850053 2.615609
v 3.616992 -3.8586085 2.2167175
v 3.616992 -3.6306918 2.615609
v 3.6446466 -3.6192362 2.615609
v 3.805808 -3.780398 2.2167175
v 3.805808 -3.780398 -2.0861626E-07
v 3.616992 -3.8586085 -2.0861626E-07
v 3.616992 -2.8243775 -2.0861626E-07
v 3.428176 -2.7461665 -2.0861626E-07
v 3.428176 -2.7461665 2.2167175
v 3.616992 -2.8243775 2.2167175
v 3.616992 -2.5964606 2.615609
v 3.5893373 -2.585005 2.615609
v 3.805808 -3.256737 -2.0861626E-07
v 3.616992 -3.3349478 -2.0861626E-07
v 3.616992 -3.3349478 2.2167175
v 3.805808 -3.256737 2.2167175
v 3.6446466 -3.0955756 2.615609
v 3.616992 -3.107031 2.615609
v 3.428176 -3.7803977 2.2167175
v 3.5893373 -3.6192362 2.615609
v 3.616992 -3.6306918 2.615609
v 3.616992 -3.8586085 2.2167175
v 3.616992 -3.8586085 -2.0861626E-07
v 3.428176 -3.7803977 -2.0861626E-07
v 3.616992 -2.8008943 -2.0861626E-07
v 3.805808 -2.8791049 -2.0861626E-07
v 3.805808 -2.8791049 2.2167175
v 3.616992 -2.8008943 2.2167175
v 3.616992 -3.0288107 2.615609
v 3.6446466 -3.0402663 2.615609
v 3.805808 -3.780398 2.2167175
v 3.6446466 -3.6192362 2.615609
v 3.6561022 -3.5915816 2.615609
v 3.884019 -3.5915818 2.2167175
v 3.884019 -3.5915818 -2.0861626E-07
v 3.805808 -3.780398 -2.0861626E-07
v 3.616992 -3.3245547 -2.0861626E-07
v 3.805808 -3.4027655 -2.0861626E-07
v 3.805808 -3.4027655 2.2167175
v 3.616992 -3.3245547 2.2167175
v 3.616992 -3.5524714 2.615609
v 3.6446466 -3.563927 2.615609
v 3.349965 -3.5915816 2.2167175
v 3.5778818 -3.5915816 2.615609
v 3.5893373 -3.6192362 2.615609
v 3.428176 -3.7803977 2.2167175
v 3.428176 -3.7803977 -2.0861626E-07
v 3.349965 -3.5915816 -2.0861626E-07
v 3.428176 -2.8791049 -2.0861626E-07
v 3.616992 -2.8008943 -2.0861626E-07
v 3.616992 -2.8008943 2.2167175
v 3.428176 -2.8791049 2.2167175
v 3.5893373 -3.0402663 2.615609
v 3.616992 -3.0288107 2.615609
v 3.428176 -3.256737 -2.0861626E-07
v 3.349965 -3.067921 -2.0861626E-07
v 3.349965 -3.067921 2.2167175
v 3.428176 -3.256737 2.2167175
v 3.5893373 -3.0955756 2.615609
v 3.5778818 -3.067921 2.615609
v 3.349965 -2.5573504 -2.0861626E-07
v 3.428176 -2.3685343 -2.0861626E-07
v 3.428176 -2.3685343 2.2167175
v 3.349965 -2.5573504 2.2167175
v 3.5778818 -2.5573504 2.615609
v 3.5893373 -2.5296957 2.615609
v 3.349965 -3.5915816 -2.0861626E-07
v 3.428176 -3.4027655 -2.0861626E-07
v 3.428176 -3.4027655 2.2167175
v 3.349965 -3.5915816 2.2167175
v 3.5778818 -3.5915816 2.615609
v 3.5893373 -3.563927 2.615609
v 3.884019 -3.067921 -2.0861626E-07
v 3.805808 -3.256737 -2.0861626E-07
v 3.805808 -3.256737 2.2167175
v 3.884019 -3.067921 2.2167175
v 3.6561022 -3.067921 2.615609
v 3.6446466 -3.0955756 2.615609
v 3.6446466 -3.563927 2.615609
v 3.6561022 -3.5915816 2.615609
v 3.6446466 -3.6192362 2.615609
v 3.616992 -3.5524714 2.615609
v 3.616992 -3.6306918 2.615609
v 3.5893373 -3.563927 2.615609
v 3.5893373 -3.6192362 2.615609
v 3.5778818 -3.5915816 2.615609
v 3.884019 -2.5573506 2.2167175
v 3.6561022 -2.5573506 2.615609
v 3.6446466 -2.529696 2.615609
v 3.805808 -2.3685346 2.2167175
v 3.805808 -2.3685346 -2.0861626E-07
v 3.884019 -2.5573506 -2.0861626E-07
v 3.805808 -3.780398 -2.0861626E-07
v 3.884019 -3.5915818 -2.0861626E-07
v 3.805808 -3.4027655 -2.0861626E-07
v 3.616992 -3.8586085 -2.0861626E-07
v 3.616992 -3.3245547 -2.0861626E-07
v 3.428176 -3.7803977 -2.0861626E-07
v 3.428176 -3.4027655 -2.0861626E-07
v 3.349965 -3.5915816 -2.0861626E-07
v 3.616992 -3.3245547 2.2167175
v 3.616992 -3.5524714 2.615609
v 3.5893373 -3.563927 2.615609
v 3.428176 -3.4027655 2.2167175
v 3.428176 -3.4027655 -2.0861626E-07
v 3.616992 -3.3245547 -2.0861626E-07
v 3.616992 -3.3349478 -2.0861626E-07
v 3.428176 -3.256737 -2.0861626E-07
v 3.428176 -3.256737 2.2167175
v 3.616992 -3.3349478 2.2167175
v 3.616992 -3.107031 2.615609
v 3.5893373 -3.0955756 2.615609
v 3.349965 -3.067921 -2.0861626E-07
v 3.428176 -2.8791049 -2.0861626E-07
v 3.428176 -2.8791049 2.2167175
v 3.349965 -3.067921 2.2167175
v 3.5778818 -3.067921 2.615609
v 3.5893373 -3.0402663 2.615609
v 3.6446466 -3.0402663 2.615609
v 3.6561022 -3.067921 2.615609
v 3.6446466 -3.0955756 2.615609
v 3.616992 -3.0288107 2.615609
v 3.616992 -3.107031 2.615609
v 3.5893373 -3.0402663 2.615609
v 3.5893373 -3.0955756 2.615609
v 3.5778818 -3.067921 2.615609
v 3.805808 -3.256737 -2.0861626E-07
v 3.884019 -3.067921 -2.0861626E-07
v 3.805808 -2.8791049 -2.0861626E-07
v 3.616992 -3.3349478 -2.0861626E-07
v 3.616992 -2.8008943 -2.0861626E-07
v 3.428176 -3.256737 -2.0861626E-07
v 3.428176 -2.8791049 -2.0861626E-07
v 3.349965 -3.067921 -2.0861626E-07
v 3.428176 -2.7461665 -2.0861626E-07
v 3.349965 -2.5573504 -2.0861626E-07
v 3.349965 -2.5573504 2.2167175
v 3.428176 -2.7461665 2.2167175
v 3.5893373 -2.585005 2.615609
v 3.5778818 -2.5573504 2.615609
v 3.805808 -2.7461667 -2.0861626E-07
v 3.616992 -2.8243775 -2.0861626E-07
v 3.616992 -2.8243775 2.2167175
v 3.805808 -2.7461667 2.2167175
v 3.6446466 -2.5850053 2.615609
v 3.616992 -2.5964606 2.615609
v 3.805808 -2.3685346 2.2167175
v 3.6446466 -2.529696 2.615609
v 3.616992 -2.5182402 2.615609
v 3.616992 -2.2903235 2.2167175
v 3.616992 -2.2903235 -2.0861626E-07
v 3.805808 -2.3685346 -2.0861626E-07
v 3.805808 -2.8791049 -2.0861626E-07
v 3.884019 -3.067921 -2.0861626E-07
v 3.884019 -3.067921 2.2167175
v 3.805808 -2.8791049 2.2167175
v 3.6446466 -3.0402663 2.615609
v 3.6561022 -3.067921 2.615609
v 3.805808 -2.2355962 2.2167175
v 3.6446466 -2.0744345 2.615609
v 3.6561022 -2.0467799 2.615609
v 3.884019 -2.04678 2.2167175
v 3.884019 -2.04678 -2.0861626E-07
v 3.805808 -2.2355962 -2.0861626E-07
v 3.428176 -1.3212113 -2.0861626E-07
v 3.616992 -1.2430005 -2.0861626E-07
v 3.616992 -1.2430005 2.2167175
v 3.428176 -1.3212113 2.2167175
v 3.5893373 -1.4823728 2.615609
v 3.616992 -1.4709172 2.615609
v 3.805808 -1.8579638 2.2167175
v 3.6446466 -2.0191252 2.615609
v 3.616992 -2.0076697 2.615609
v 3.616992 -1.779753 2.2167175
v 3.616992 -1.779753 -2.0861626E-07
v 3.805808 -1.8579638 -2.0861626E-07
v 3.428176 -1.3212113 2.2167175
v 3.5893373 -1.4823728 2.615609
v 3.5778818 -1.5100274 2.615609
v 3.349965 -1.5100274 2.2167175
v 3.349965 -1.5100274 -2.0861626E-07
v 3.428176 -1.3212113 -2.0861626E-07
v 3.805808 -1.3212113 -2.0861626E-07
v 3.884019 -1.5100274 -2.0861626E-07
v 3.884019 -1.5100274 2.2167175
v 3.805808 -1.3212113 2.2167175
v 3.6446466 -1.4823728 2.615609
v 3.6561022 -1.5100274 2.615609
v 3.6446466 -2.0191252 2.615609
v 3.6561022 -2.0467799 2.615609
v 3.6446466 -2.0744345 2.615609
v 3.616992 -2.0076697 2.615609
v 3.616992 -2.08589 2.615609
v 3.5893373 -2.0191252 2.615609
v 3.5893373 -2.0744345 2.615609
v 3.5778818 -2.0467799 2.615609
v 3.805808 -1.3212113 2.2167175
v 3.6446466 -1.4823728 2.615609
v 3.616992 -1.4709172 2.615609
v 3.616992 -1.2430005 2.2167175
v 3.616992 -1.2430005 -2.0861626E-07
v 3.805808 -1.3212113 -2.0861626E-07
v 3.428176 -1.6988432 2.2167175
v 3.5893373 -1.537682 2.615609
v 3.616992 -1.5491376 2.615609
v 3.616992 -1.7770541 2.2167175
v 3.616992 -1.7770541 -2.0861626E-07
v 3.428176 -1.6988432 -2.0861626E-07
v 3.3472662 -3.5915816 2.2167175
v 3.1193495 -3.5915816 2.615609
v 3.107894 -3.563927 2.615609
v 3.2690554 -3.4027655 2.2167175
v 3.2690554 -3.4027655 -2.0861626E-07
v 3.3472662 -3.5915816 -2.0861626E-07
v 3.884019 -2.04678 2.2167175
v 3.6561022 -2.0467799 2.615609
v 3.6446466 -2.0191252 2.615609
v 3.805808 -1.8579638 2.2167175
v 3.805808 -1.8579638 -2.0861626E-07
v 3.884019 -2.04678 -2.0861626E-07
v 3.428176 -2.235596 2.2167175
v 3.5893373 -2.0744345 2.615609
v 3.616992 -2.08589 2.615609
v 3.616992 -2.3138068 2.2167175
v 3.616992 -2.3138068 -2.0861626E-07
v 3.428176 -2.235596 -2.0861626E-07
v 3.805808 -1.6988432 -2.0861626E-07
v 3.616992 -1.7770541 -2.0861626E-07
v 3.616992 -1.7770541 2.2167175
v 3.805808 -1.6988432 2.2167175
v 3.6446466 -1.537682 2.615609
v 3.616992 -1.5491376 2.615609
v 3.805808 -2.2355962 -2.0861626E-07
v 3.884019 -2.04678 -2.0861626E-07
v 3.805808 -1.8579638 -2.0861626E-07
v 3.616992 -2.3138068 -2.0861626E-07
v 3.616992 -1.779753 -2.0861626E-07
v 3.428176 -2.235596 -2.0861626E-07
v 3.428176 -1.8579638 -2.0861626E-07
v 3.349965 -2.0467799 -2.0861626E-07
v 3.3472662 -3.5915816 -2.0861626E-07
v 3.2690554 -3.7803977 -2.0861626E-07
v 3.2690554 -3.7803977 2.2167175
v 3.3472662 -3.5915816 2.2167175
v 3.1193495 -3.5915816 2.615609
v 3.107894 -3.6192362 2.615609
v 3.428176 -2.3685343 -2.0861626E-07
v 3.616992 -2.2903235 -2.0861626E-07
v 3.616992 -2.2903235 2.2167175
v 3.428176 -2.3685343 2.2167175
v 3.5893373 -2.5296957 2.615609
v 3.616992 -2.5182402 2.615609
v 3.428176 -1.8579638 -2.0861626E-07
v 3.616992 -1.779753 -2.0861626E-07
v 3.616992 -1.779753 2.2167175
v 3.428176 -1.8579638 2.2167175
v 3.5893373 -2.0191252 2.615609
v 3.616992 -2.0076697 2.615609
v 3.349965 -2.0467799 -2.0861626E-07
v 3.428176 -1.8579638 -2.0861626E-07
v 3.428176 -1.8579638 2.2167175
v 3.349965 -2.0467799 2.2167175
v 3.5778818 -2.0467799 2.615609
v 3.5893373 -2.0191252 2.615609
v 3.616992 -2.3138068 2.2167175
v 3.616992 -2.08589 2.615609
v 3.6446466 -2.0744345 2.615609
v 3.805808 -2.2355962 2.2167175
v 3.805808 -2.2355962 -2.0861626E-07
v 3.616992 -2.3138068 -2.0861626E-07
v 3.349965 -2.0467799 2.2167175
v 3.5778818 -2.0467799 2.615609
v 3.5893373 -2.0744345 2.615609
v 3.428176 -2.235596 2.2167175
v 3.428176 -2.235596 -2.0861626E-07
v 3.349965 -2.0467799 -2.0861626E-07
v 3.884019 -1.5100274 -2.0861626E-07
v 3.805808 -1.6988432 -2.0861626E-07
v 3.805808 -1.6988432 2.2167175
v 3.884019 -1.5100274 2.2167175
v 3.6561022 -1.5100274 2.615609
v 3.6446466 -1.537682 2.615609
v 3.6446466 -2.529696 2.615609
v 3.6561022 -2.5573506 2.615609
v 3.6446466 -2.5850053 2.615609
v 3.616992 -2.5182402 2.615609
v 3.616992 -2.5964606 2.615609
v 3.5893373 -2.5296957 2.615609
v 3.5893373 -2.585005 2.615609
v 3.5778818 -2.5573504 2.615609
v 3.805808 -1.6988432 -2.0861626E-07
v 3.884019 -1.5100274 -2.0861626E-07
v 3.805808 -1.3212113 -2.0861626E-07
v 3.616992 -1.7770541 -2.0861626E-07
v 3.616992 -1.2430005 -2.0861626E-07
v 3.428176 -1.6988432 -2.0861626E-07
v 3.428176 -1.3212113 -2.0861626E-07
v 3.349965 -1.5100274 -2.0861626E-07
v 3.6446466 -1.4823728 2.615609
v 3.6561022 -1.5100274 2.615609
v 3.6446466 -1.537682 2.615609
v 3.616992 -1.4709172 2.615609
v 3.616992 -1.5491376 2.615609
v 3.5893373 -1.4823728 2.615609
v 3.5893373 -1.537682 2.615609
v 3.5778818 -1.5100274 2.615609
v 3.349965 -1.5100274 2.2167175
v 3.5778818 -1.5100274 2.615609
v 3.5893373 -1.537682 2.615609
v 3.428176 -1.6988432 2.2167175
v 3.428176 -1.6988432 -2.0861626E-07
v 3.349965 -1.5100274 -2.0861626E-07
v 3.805808 -2.7461667 -2.0861626E-07
v 3.884019 -2.5573506 -2.0861626E-07
v 3.805808 -2.3685346 -2.0861626E-07
v 3.616992 -2.8243775 -2.0861626E-07
v 3.616992 -2.2903235 -2.0861626E-07
v 3.428176 -2.7461665 -2.0861626E-07
v 3.428176 -2.3685343 -2.0861626E-07
v 3.349965 -2.5573504 -2.0861626E-07
v 1.5376861 0.2378567 3.4735432
v 1.5376861 0.4767485 3.4735432
v 1.5376861 0.4767485 3.7219503
v 1.5376861 0.2378567 3.7219503
v 1.5376861 0.4767485 3.4735432
v 4.419271 0.4767485 3.4735432
v 4.419271 0.4767485 3.7219503
v 1.5376861 0.4767485 3.7219503
v 4.419271 0.4767485 3.4735432
v 4.419271 0.2378567 3.4735432
v 4.419271 0.2378567 3.7219503
v 4.419271 0.4767485 3.7219503
v 4.419271 0.2378567 3.4735432
v 1.5376861 0.2378567 3.4735432
v 1.5376861 0.2378567 3.7219503
v 4.419271 0.2378567 3.7219503
v 1.5376861 0.4767485 3.4735432
v 1.5376861 0.2378567 3.4735432
v 4.419271 0.2378567 3.4735432
v 4.419271 0.4767485 3.4735432
v 4.419271 0.4767485 3.7219503
v 4.419271 0.2378567 3.7219503
v 1.5376861 0.2378567 3.7219503
v 1.5376861 0.4767485 3.7219503
v 1.5376861 0.7724254 3.1072645
v 1.5376861 1.0113174 3.1072645
v 1.5376861 1.0113174 3.355672
v 1.5376861 0.7724254 3.355672
v 1.5376861 1.0113174 3.1072645
v 4.419271 1.0113174 3.1072645
v 4.419271 1.0113174 3.355672
v 1.5376861 1.0113174 3.355672
v 4.419271 1.0113174 3.1072645
v 4.419271 0.7724254 3.1072645
v 4.419271 0.7724254 3.355672
v 4.419271 1.0113174 3.355672
v 4.419271 0.7724254 3.1072645
v 1.5376861 0.7724254 3.1072645
v 1.5376861 0.7724254 3.355672
v 4.419271 0.7724254 3.355672
v 1.5376861 1.0113174 3.1072645
v 1.5376861 0.7724254 3.1072645
v 4.419271 0.7724254 3.1072645
v 4.419271 1.0113174 3.1072645
v 4.419271 1.0113174 3.355672
v 4.419271 0.7724254 3.355672
v 1.5376861 0.7724254 3.355672
v 1.5376861 1.0113174 3.355672
v 1.5376861 -0.4650023 3.4834425
v 1.5376861 -0.22611047 3.4834425
v 1.5376861 -0.22611047 3.73185
v 1.5376861 -0.4650023 3.73185
v 1.5376861 -0.22611047 3.4834425
v 4.419271 -0.22611047 3.4834425
v 4.419271 -0.22611047 3.73185
v 1.5376861 -0.22611047 3.73185
v 4.419271 -0.22611047 3.4834425
v 4.419271 -0.4650023 3.4834425
v 4.419271 -0.4650023 3.73185
v 4.419271 -0.22611047 3.73185
v 4.419271 -0.4650023 3.4834425
v 1.5376861 -0.4650023 3.4834425
v 1.5376861 -0.4650023 3.73185
v 4.419271 -0.4650023 3.73185
v 1.5376861 -0.22611047 3.4834425
v 1.5376861 -0.4650023 3.4834425
v 4.419271 -0.4650023 3.4834425
v 4.419271 -0.22611047 3.4834425
v 4.419271 -0.22611047 3.73185
v 4.419271 -0.4650023 3.73185
v 1.5376861 -0.4650023 3.73185
v 1.5376861 -0.22611047 3.73185
v 1.5376861 -1.01937 3.136963
v 1.5376861 -0.78047824 3.136963
v 1.5376861 -0.78047824 3.3853703
v 1.5376861 -1.01937 3.3853703
v 1.5376861 -0.78047824 3.136963
v 4.419271 -0.78047824 3.136963
v 4.419271 -0.78047824 3.3853703
v 1.5376861 -0.78047824 3.3853703
v 4.419271 -0.78047824 3.136963
v 4.419271 -1.01937 3.136963
v 4.419271 -1.01937 3.3853703
v 4.419271 -0.78047824 3.3853703
v 4.419271 -1.01937 3.136963
v 1.5376861 -1.01937 3.136963
v 1.5376861 -1.01937 3.3853703
v 4.419271 -1.01937 3.3853703
v 1.5376861 -0.78047824 3.136963
v 1.5376861 -1.01937 3.136963
v 4.419271 -1.01937 3.136963
v 4.419271 -0.78047824 3.136963
v 4.419271 -0.78047824 3.3853703
v 4.419271 -1.01937 3.3853703
v 1.5376861 -1.01937 3.3853703
v 1.5376861 -0.78047824 3.3853703
v -4.3349853 0.7801149 3.136963
v -4.3349853 1.0190068 3.136963
v -4.3349853 1.0190068 3.3853703
v -4.3349853 0.7801149 3.3853703
v -4.3349853 1.0190068 3.136963
v -1.453401 1.0190061 3.136963
v -1.453401 1.0190061 3.3853703
v -4.3349853 1.0190068 3.3853703
v -1.453401 0.7801143 3.136963
v -1.453401 1.0190061 3.136963
v -4.3349853 1.0190068 3.136963
v -4.3349853 0.7801149 3.136963
v -4.3349853 0.7801149 3.3853703
v -4.3349853 1.0190068 3.3853703
v -1.453401 1.0190061 3.3853703
v -1.453401 0.7801143 3.3853703
v 0.9929009 1.5638026 3.136963
v 0.75400925 1.5638024 3.136963
v 0.75400925 1.5638024 3.3853703
v 0.9929009 1.5638026 3.3853703
v -1.0377862 1.5638022 3.1072645
v -0.7988945 1.5638024 3.1072645
v -0.7988942 4.4453874 3.1072645
v -1.037786 4.4453874 3.1072645
v 0.19964162 1.5638024 3.4834425
v 0.19964191 4.4453874 3.4834425
v 0.19964191 4.4453874 3.73185
v 0.19964162 1.5638024 3.73185
v 0.19964191 4.4453874 3.73185
v 0.43853343 4.4453874 3.73185
v 0.43853343 1.5638024 3.73185
v 0.19964162 1.5638024 3.73185
v 0.19964191 4.4453874 3.4834425
v 0.43853343 4.4453874 3.4834425
v 0.43853343 4.4453874 3.73185
v 0.19964191 4.4453874 3.73185
v 0.19964162 1.5638024 3.4834425
v 0.43853343 1.5638024 3.4834425
v 0.43853343 4.4453874 3.4834425
v 0.19964191 4.4453874 3.4834425
v -1.037786 4.4453874 3.355672
v -0.7988942 4.4453874 3.355672
v -0.7988945 1.5638024 3.355672
v -1.0377862 1.5638022 3.355672
v 0.75400925 1.5638024 3.136963
v 0.75400984 4.445387 3.136963
v 0.75400984 4.445387 3.3853703
v 0.75400925 1.5638024 3.3853703
v 0.43853343 1.5638024 3.4834425
v 0.19964162 1.5638024 3.4834425
v 0.19964162 1.5638024 3.73185
v 0.43853343 1.5638024 3.73185
v 0.43853343 4.4453874 3.4834425
v 0.43853343 1.5638024 3.4834425
v 0.43853343 1.5638024 3.73185
v 0.43853343 4.4453874 3.73185
v -1.037786 4.4453874 3.1072645
v -0.7988942 4.4453874 3.1072645
v -0.7988942 4.4453874 3.355672
v -1.037786 4.4453874 3.355672
v -0.26432574 1.5638024 3.4735432
v -0.5032172 1.5638024 3.4735432
v -0.5032172 1.5638024 3.7219503
v -0.26432574 1.5638024 3.7219503
v -0.2643254 4.4453874 3.4735432
v -0.26432574 1.5638024 3.4735432
v -0.26432574 1.5638024 3.7219503
v -0.2643254 4.4453874 3.7219503
v -1.0377862 1.5638022 3.1072645
v -1.037786 4.4453874 3.1072645
v -1.037786 4.4453874 3.355672
v -1.0377862 1.5638022 3.355672
v -0.5032172 1.5638024 3.4735432
v -0.26432574 1.5638024 3.4735432
v -0.2643254 4.4453874 3.4735432
v -0.5032172 4.4453874 3.4735432
v -0.7988945 1.5638024 3.1072645
v -1.0377862 1.5638022 3.1072645
v -1.0377862 1.5638022 3.355672
v -0.7988945 1.5638024 3.355672
v -0.5032172 1.5638024 3.4735432
v -0.5032172 4.4453874 3.4735432
v -0.5032172 4.4453874 3.7219503
v -0.5032172 1.5638024 3.7219503
v -0.7988942 4.4453874 3.1072645
v -0.7988945 1.5638024 3.1072645
v -0.7988945 1.5638024 3.355672
v -0.7988942 4.4453874 3.355672
v -0.5032172 4.4453874 3.4735432
v -0.2643254 4.4453874 3.4735432
v -0.2643254 4.4453874 3.7219503
v -0.5032172 4.4453874 3.7219503
v -0.5032172 4.4453874 3.7219503
v -0.2643254 4.4453874 3.7219503
v -0.26432574 1.5638024 3.7219503
v -0.5032172 1.5638024 3.7219503
v -1.2773277 4.4607744 0.0015902582
v -0.023327898 4.4607744 3.9307077
v -1.2773277 4.4607744 3.1300862
v -0.023327898 4.4607744 0.0015902582
v 1.230672 4.4607744 3.1300862
v 1.230672 4.4607744 0.0015902582
v -0.023328196 1.5919307 0.0015902582
v -1.2773284 1.591931 0.0015902582
v -1.2773284 1.591931 3.1300862
v -0.023328196 1.5919307 3.9307077
v 1.2306719 1.5919311 0.0015902582
v 1.2306719 1.5919311 3.1300862
v -1.2773284 1.591931 3.1300862
v -1.2773277 4.4607744 3.1300862
v -0.023327898 4.4607744 3.9307077
v -0.023328196 1.5919307 3.9307077
v -0.023328196 1.5919307 0.0015902582
v -1.2773277 4.4607744 0.0015902582
v -1.2773284 1.591931 0.0015902582
v -0.023327898 4.4607744 0.0015902582
v 1.2306719 1.5919311 0.0015902582
v 1.230672 4.4607744 0.0015902582
v -0.023328196 1.5919307 3.9307077
v -0.023327898 4.4607744 3.9307077
v 1.230672 4.4607744 3.1300862
v 1.2306719 1.5919311 3.1300862
v -1.2773284 1.591931 0.0015902582
v -1.2773277 4.4607744 0.0015902582
v -1.2773277 4.4607744 3.1300862
v -1.2773284 1.591931 3.1300862
v 1.230672 4.4607744 0.0015902582
v 1.2306719 1.5919311 0.0015902582
v 1.2306719 1.5919311 3.1300862
v 1.230672 4.4607744 3.1300862
v 0.75400984 4.445387 3.136963
v 0.9929014 4.4453874 3.136963
v 0.9929014 4.4453874 3.3853703
v 0.75400984 4.445387 3.3853703
v 0.9929014 4.4453874 3.136963
v 0.9929009 1.5638026 3.136963
v 0.9929009 1.5638026 3.3853703
v 0.9929014 4.4453874 3.3853703
v 0.75400925 1.5638024 3.136963
v 0.9929009 1.5638026 3.136963
v 0.9929014 4.4453874 3.136963
v 0.75400984 4.445387 3.136963
v 0.75400984 4.445387 3.3853703
v 0.9929014 4.4453874 3.3853703
v 0.9929009 1.5638026 3.3853703
v 0.75400925 1.5638024 3.3853703
v -1.0454726 -1.5470357 3.136963
v -0.80658114 -1.5470357 3.136963
v -0.80658114 -1.5470357 3.3853703
v -1.0454726 -1.5470357 3.3853703
v 0.98521435 -1.5470357 3.1072645
v 0.7463226 -1.5470363 3.1072645
v 0.7463218 -4.428621 3.1072645
v 0.9852137 -4.428621 3.1072645
v -0.25221348 -1.5470357 3.4834425
v -0.25221425 -4.428621 3.4834425
v -0.25221425 -4.428621 3.73185
v -0.25221348 -1.5470357 3.73185
v -0.25221425 -4.428621 3.73185
v -0.49110574 -4.428621 3.73185
v -0.49110535 -1.5470357 3.73185
v -0.25221348 -1.5470357 3.73185
v -0.25221425 -4.428621 3.4834425
v -0.49110574 -4.428621 3.4834425
v -0.49110574 -4.428621 3.73185
v -0.25221425 -4.428621 3.73185
v -0.25221348 -1.5470357 3.4834425
v -0.49110535 -1.5470357 3.4834425
v -0.49110574 -4.428621 3.4834425
v -0.25221425 -4.428621 3.4834425
v 0.9852137 -4.428621 3.355672
v 0.7463218 -4.428621 3.355672
v 0.7463226 -1.5470363 3.355672
v 0.98521435 -1.5470357 3.355672
v -0.80658114 -1.5470357 3.136963
v -0.8065821 -4.4286203 3.136963
v -0.8065821 -4.4286203 3.3853703
v -0.80658114 -1.5470357 3.3853703
v -0.49110535 -1.5470357 3.4834425
v -0.25221348 -1.5470357 3.4834425
v -0.25221348 -1.5470357 3.73185
v -0.49110535 -1.5470357 3.73185
v -0.49110574 -4.428621 3.4834425
v -0.49110535 -1.5470357 3.4834425
v -0.49110535 -1.5470357 3.73185
v -0.49110574 -4.428621 3.73185
v 0.9852137 -4.428621 3.1072645
v 0.7463218 -4.428621 3.1072645
v 0.7463218 -4.428621 3.355672
v 0.9852137 -4.428621 3.355672
v 0.21175383 -1.5470357 3.4735432
v 0.45064536 -1.5470357 3.4735432
v 0.45064536 -1.5470357 3.7219503
v 0.21175383 -1.5470357 3.7219503
v 0.21175309 -4.428621 3.4735432
v 0.21175383 -1.5470357 3.4735432
v 0.21175383 -1.5470357 3.7219503
v 0.21175309 -4.428621 3.7219503
v 0.98521435 -1.5470357 3.1072645
v 0.9852137 -4.428621 3.1072645
v 0.9852137 -4.428621 3.355672
v 0.98521435 -1.5470357 3.355672
v 0.45064536 -1.5470357 3.4735432
v 0.21175383 -1.5470357 3.4735432
v 0.21175309 -4.428621 3.4735432
v 0.45064494 -4.428621 3.4735432
v 0.7463226 -1.5470363 3.1072645
v 0.98521435 -1.5470357 3.1072645
v 0.98521435 -1.5470357 3.355672
v 0.7463226 -1.5470363 3.355672
v 0.45064536 -1.5470357 3.4735432
v 0.45064494 -4.428621 3.4735432
v 0.45064494 -4.428621 3.7219503
v 0.45064536 -1.5470357 3.7219503
v 0.7463218 -4.428621 3.1072645
v 0.7463226 -1.5470363 3.1072645
v 0.7463226 -1.5470363 3.355672
v 0.7463218 -4.428621 3.355672
v 0.45064494 -4.428621 3.4735432
v 0.21175309 -4.428621 3.4735432
v 0.21175309 -4.428621 3.7219503
v 0.45064494 -4.428621 3.7219503
v 0.45064494 -4.428621 3.7219503
v 0.21175309 -4.428621 3.7219503
v 0.21175383 -1.5470357 3.7219503
v 0.45064536 -1.5470357 3.7219503
v 1.2247553 -4.4440074 0.0015902582
v -0.029244423 -4.4440074 3.9307077
v 1.2247553 -4.4440074 3.1300862
v -0.029244423 -4.4440074 0.0015902582
v -1.2832443 -4.4440074 3.1300862
v -1.2832443 -4.4440074 0.0015902582
v -0.029243689 -1.5751641 0.0015902582
v 1.2247565 -1.5751647 0.0015902582
v 1.2247565 -1.5751647 3.1300862
v -0.029243689 -1.5751641 3.9307077
v -1.2832438 -1.5751641 0.0015902582
v -1.2832438 -1.5751641 3.1300862
v 1.2247565 -1.5751647 3.1300862
v 1.2247553 -4.4440074 3.1300862
v -0.029244423 -4.4440074 3.9307077
v -0.029243689 -1.5751641 3.9307077
v -0.029243689 -1.5751641 0.0015902582
v 1.2247553 -4.4440074 0.0015902582
v 1.2247565 -1.5751647 0.0015902582
v -0.029244423 -4.4440074 0.0015902582
v -1.2832438 -1.5751641 0.0015902582
v -1.2832443 -4.4440074 0.0015902582
v -0.029243689 -1.5751641 3.9307077
v -0.029244423 -4.4440074 3.9307077
v -1.2832443 -4.4440074 3.1300862
v -1.2832438 -1.5751641 3.1300862
v 1.2247565 -1.5751647 0.0015902582
v 1.2247553 -4.4440074 0.0015902582
v 1.2247553 -4.4440074 3.1300862
v 1.2247565 -1.5751647 3.1300862
v -1.2832443 -4.4440074 0.0015902582
v -1.2832438 -1.5751641 0.0015902582
v -1.2832438 -1.5751641 3.1300862
v -1.2832443 -4.4440074 3.1300862
v -0.8065821 -4.4286203 3.136963
v -1.0454736 -4.428621 3.136963
v -1.0454736 -4.428621 3.3853703
v -0.8065821 -4.4286203 3.3853703
v -1.0454736 -4.428621 3.136963
v -1.0454726 -1.5470357 3.136963
v -1.0454726 -1.5470357 3.3853703
v -1.0454736 -4.428621 3.3853703
v -0.80658114 -1.5470357 3.136963
v -1.0454726 -1.5470357 3.136963
v -1.0454736 -4.428621 3.136963
v -0.8065821 -4.4286203 3.136963
v -0.8065821 -4.4286203 3.3853703
v -1.0454736 -4.428621 3.3853703
v -1.0454726 -1.5470357 3.3853703
v -0.80658114 -1.5470357 3.3853703
v 3.5966089 3.8615942 2.2167175
v 3.5966089 3.6336775 2.615609
v 3.5689542 3.622222 2.615609
v 3.4077928 3.7833834 2.2167175
v 3.4077928 3.7833834 -2.0861626E-07
v 3.5966089 3.8615942 -2.0861626E-07
v 3.5966089 3.8615942 -2.0861626E-07
v 3.785425 3.7833834 -2.0861626E-07
v 3.785425 3.7833834 2.2167175
v 3.5966089 3.8615942 2.2167175
v 3.5966089 3.6336775 2.615609
v 3.6242635 3.622222 2.615609
v 3.5966089 3.3275404 2.2167175
v 3.5966089 3.555457 2.615609
v 3.6242635 3.5669127 2.615609
v 3.785425 3.4057512 2.2167175
v 3.785425 3.4057512 -2.0861626E-07
v 3.5966089 3.3275404 -2.0861626E-07
v 3.785425 3.7833834 -2.0861626E-07
v 3.8636358 3.5945673 -2.0861626E-07
v 3.8636358 3.5945673 2.2167175
v 3.785425 3.7833834 2.2167175
v 3.6242635 3.622222 2.615609
v 3.635719 3.5945673 2.615609
v 3.4077928 3.7833834 2.2167175
v 3.5689542 3.622222 2.615609
v 3.5574987 3.5945673 2.615609
v 3.329582 3.5945673 2.2167175
v 3.329582 3.5945673 -2.0861626E-07
v 3.4077928 3.7833834 -2.0861626E-07
v 3.8636358 3.5945673 -2.0861626E-07
v 3.785425 3.4057512 -2.0861626E-07
v 3.785425 3.4057512 2.2167175
v 3.8636358 3.5945673 2.2167175
v 3.635719 3.5945673 2.615609
v 3.6242635 3.5669127 2.615609
v 3.5966089 3.3275404 -2.0861626E-07
v 3.4077928 3.4057512 -2.0861626E-07
v 3.4077928 3.4057512 2.2167175
v 3.5966089 3.3275404 2.2167175
v 3.5966089 3.555457 2.615609
v 3.5689542 3.5669127 2.615609
v 3.329582 3.5945673 2.2167175
v 3.5574987 3.5945673 2.615609
v 3.5689542 3.5669127 2.615609
v 3.4077928 3.4057512 2.2167175
v 3.4077928 3.4057512 -2.0861626E-07
v 3.329582 3.5945673 -2.0861626E-07
v 3.6242635 3.622222 2.615609
v 3.635719 3.5945673 2.615609
v 3.6242635 3.5669127 2.615609
v 3.5966089 3.6336775 2.615609
v 3.5966089 3.555457 2.615609
v 3.5689542 3.622222 2.615609
v 3.5689542 3.5669127 2.615609
v 3.5574987 3.5945673 2.615609
v 3.785425 3.4057512 -2.0861626E-07
v 3.8636358 3.5945673 -2.0861626E-07
v 3.785425 3.7833834 -2.0861626E-07
v 3.5966089 3.3275404 -2.0861626E-07
v 3.5966089 3.8615942 -2.0861626E-07
v 3.4077928 3.4057512 -2.0861626E-07
v 3.4077928 3.7833834 -2.0861626E-07
v 3.329582 3.5945673 -2.0861626E-07
v 3.0729482 3.8615942 2.2167175
v 3.0729482 3.6336775 2.615609
v 3.0452936 3.622222 2.615609
v 2.8841321 3.7833834 2.2167175
v 2.8841321 3.7833834 -2.0861626E-07
v 3.0729482 3.8615942 -2.0861626E-07
v 3.0729482 3.8615942 -2.0861626E-07
v 3.2617643 3.7833834 -2.0861626E-07
v 3.2617643 3.7833834 2.2167175
v 3.0729482 3.8615942 2.2167175
v 3.0729482 3.6336775 2.615609
v 3.1006029 3.622222 2.615609
v 3.0729482 3.3275404 2.2167175
v 3.0729482 3.555457 2.615609
v 3.1006029 3.5669127 2.615609
v 3.2617643 3.4057512 2.2167175
v 3.2617643 3.4057512 -2.0861626E-07
v 3.0729482 3.3275404 -2.0861626E-07
v 3.2617643 3.7833834 -2.0861626E-07
v 3.339975 3.5945673 -2.0861626E-07
v 3.339975 3.5945673 2.2167175
v 3.2617643 3.7833834 2.2167175
v 3.1006029 3.622222 2.615609
v 3.1120584 3.5945673 2.615609
v 2.8841321 3.7833834 2.2167175
v 3.0452936 3.622222 2.615609
v 3.033838 3.5945673 2.615609
v 2.8059213 3.5945673 2.2167175
v 2.8059213 3.5945673 -2.0861626E-07
v 2.8841321 3.7833834 -2.0861626E-07
v 3.339975 3.5945673 -2.0861626E-07
v 3.2617643 3.4057512 -2.0861626E-07
v 3.2617643 3.4057512 2.2167175
v 3.339975 3.5945673 2.2167175
v 3.1120584 3.5945673 2.615609
v 3.1006029 3.5669127 2.615609
v 3.0729482 3.3275404 -2.0861626E-07
v 2.8841321 3.4057512 -2.0861626E-07
v 2.8841321 3.4057512 2.2167175
v 3.0729482 3.3275404 2.2167175
v 3.0729482 3.555457 2.615609
v 3.0452936 3.5669127 2.615609
v 2.8059213 3.5945673 2.2167175
v 3.033838 3.5945673 2.615609
v 3.0452936 3.5669127 2.615609
v 2.8841321 3.4057512 2.2167175
v 2.8841321 3.4057512 -2.0861626E-07
v 2.8059213 3.5945673 -2.0861626E-07
v 3.1006029 3.622222 2.615609
v 3.1120584 3.5945673 2.615609
v 3.1006029 3.5669127 2.615609
v 3.0729482 3.6336775 2.615609
v 3.0729482 3.555457 2.615609
v 3.0452936 3.622222 2.615609
v 3.0452936 3.5669127 2.615609
v 3.033838 3.5945673 2.615609
v 3.2617643 3.4057512 -2.0861626E-07
v 3.339975 3.5945673 -2.0861626E-07
v 3.2617643 3.7833834 -2.0861626E-07
v 3.0729482 3.3275404 -2.0861626E-07
v 3.0729482 3.8615942 -2.0861626E-07
v 2.8841321 3.4057512 -2.0861626E-07
v 2.8841321 3.7833834 -2.0861626E-07
v 2.8059213 3.5945673 -2.0861626E-07
v 2.5623777 3.8615942 2.2167175
v 2.5623777 3.6336775 2.615609
v 2.534723 3.622222 2.615609
v 2.3735616 3.7833834 2.2167175
v 2.3735616 3.7833834 -2.0861626E-07
v 2.5623777 3.8615942 -2.0861626E-07
v 2.5623777 3.8615942 -2.0861626E-07
v 2.7511938 3.7833834 -2.0861626E-07
v 2.7511938 3.7833834 2.2167175
v 2.5623777 3.8615942 2.2167175
v 2.5623777 3.6336775 2.615609
v 2.5900323 3.622222 2.615609
v 2.5623777 3.3275404 2.2167175
v 2.5623777 3.555457 2.615609
v 2.5900323 3.5669127 2.615609
v 2.7511938 3.4057512 2.2167175
v 2.7511938 3.4057512 -2.0861626E-07
v 2.5623777 3.3275404 -2.0861626E-07
v 2.7511938 3.7833834 -2.0861626E-07
v 2.8294046 3.5945673 -2.0861626E-07
v 2.8294046 3.5945673 2.2167175
v 2.7511938 3.7833834 2.2167175
v 2.5900323 3.622222 2.615609
v 2.6014879 3.5945673 2.615609
v 2.3735616 3.7833834 2.2167175
v 2.534723 3.622222 2.615609
v 2.5232675 3.5945673 2.615609
v 2.2953508 3.5945673 2.2167175
v 2.2953508 3.5945673 -2.0861626E-07
v 2.3735616 3.7833834 -2.0861626E-07
v 2.8294046 3.5945673 -2.0861626E-07
v 2.7511938 3.4057512 -2.0861626E-07
v 2.7511938 3.4057512 2.2167175
v 2.8294046 3.5945673 2.2167175
v 2.6014879 3.5945673 2.615609
v 2.5900323 3.5669127 2.615609
v 2.5623777 3.3275404 -2.0861626E-07
v 2.3735616 3.4057512 -2.0861626E-07
v 2.3735616 3.4057512 2.2167175
v 2.5623777 3.3275404 2.2167175
v 2.5623777 3.555457 2.615609
v 2.534723 3.5669127 2.615609
v 2.2953508 3.5945673 2.2167175
v 2.5232675 3.5945673 2.615609
v 2.534723 3.5669127 2.615609
v 2.3735616 3.4057512 2.2167175
v 2.3735616 3.4057512 -2.0861626E-07
v 2.2953508 3.5945673 -2.0861626E-07
v 2.5900323 3.622222 2.615609
v 2.6014879 3.5945673 2.615609
v 2.5900323 3.5669127 2.615609
v 2.5623777 3.6336775 2.615609
v 2.5623777 3.555457 2.615609
v 2.534723 3.622222 2.615609
v 2.534723 3.5669127 2.615609
v 2.5232675 3.5945673 2.615609
v 2.7511938 3.4057512 -2.0861626E-07
v 2.8294046 3.5945673 -2.0861626E-07
v 2.7511938 3.7833834 -2.0861626E-07
v 2.5623777 3.3275404 -2.0861626E-07
v 2.5623777 3.8615942 -2.0861626E-07
v 2.3735616 3.4057512 -2.0861626E-07
v 2.3735616 3.7833834 -2.0861626E-07
v 2.2953508 3.5945673 -2.0861626E-07
v 2.0518072 3.8615942 2.2167175
v 2.0518072 3.6336775 2.615609
v 2.0241525 3.622222 2.615609
v 1.8629911 3.7833834 2.2167175
v 1.8629911 3.7833834 -2.0861626E-07
v 2.0518072 3.8615942 -2.0861626E-07
v 2.0518072 3.8615942 -2.0861626E-07
v 2.2406232 3.7833834 -2.0861626E-07
v 2.2406232 3.7833834 2.2167175
v 2.0518072 3.8615942 2.2167175
v 2.0518072 3.6336775 2.615609
v 2.0794618 3.622222 2.615609
v 2.0518072 3.3275404 2.2167175
v 2.0518072 3.555457 2.615609
v 2.0794618 3.5669127 2.615609
v 2.2406232 3.4057512 2.2167175
v 2.2406232 3.4057512 -2.0861626E-07
v 2.0518072 3.3275404 -2.0861626E-07
v 2.2406232 3.7833834 -2.0861626E-07
v 2.318834 3.5945673 -2.0861626E-07
v 2.318834 3.5945673 2.2167175
v 2.2406232 3.7833834 2.2167175
v 2.0794618 3.622222 2.615609
v 2.0909173 3.5945673 2.615609
v 1.8629911 3.7833834 2.2167175
v 2.0241525 3.622222 2.615609
v 2.012697 3.5945673 2.615609
v 1.7847803 3.5945673 2.2167175
v 1.7847803 3.5945673 -2.0861626E-07
v 1.8629911 3.7833834 -2.0861626E-07
v 2.318834 3.5945673 -2.0861626E-07
v 2.2406232 3.4057512 -2.0861626E-07
v 2.2406232 3.4057512 2.2167175
v 2.318834 3.5945673 2.2167175
v 2.0909173 3.5945673 2.615609
v 2.0794618 3.5669127 2.615609
v 2.0518072 3.3275404 -2.0861626E-07
v 1.8629911 3.4057512 -2.0861626E-07
v 1.8629911 3.4057512 2.2167175
v 2.0518072 3.3275404 2.2167175
v 2.0518072 3.555457 2.615609
v 2.0241525 3.5669127 2.615609
v 1.7847803 3.5945673 2.2167175
v 2.012697 3.5945673 2.615609
v 2.0241525 3.5669127 2.615609
v 1.8629911 3.4057512 2.2167175
v 1.8629911 3.4057512 -2.0861626E-07
v 1.7847803 3.5945673 -2.0861626E-07
v 2.0794618 3.622222 2.615609
v 2.0909173 3.5945673 2.615609
v 2.0794618 3.5669127 2.615609
v 2.0518072 3.6336775 2.615609
v 2.0518072 3.555457 2.615609
v 2.0241525 3.622222 2.615609
v 2.0241525 3.5669127 2.615609
v 2.012697 3.5945673 2.615609
v 2.2406232 3.4057512 -2.0861626E-07
v 2.318834 3.5945673 -2.0861626E-07
v 2.2406232 3.7833834 -2.0861626E-07
v 2.0518072 3.3275404 -2.0861626E-07
v 2.0518072 3.8615942 -2.0861626E-07
v 1.8629911 3.4057512 -2.0861626E-07
v 1.8629911 3.7833834 -2.0861626E-07
v 1.7847803 3.5945673 -2.0861626E-07
v 1.5150545 3.8615942 2.2167175
v 1.5150545 3.6336775 2.615609
v 1.4873998 3.622222 2.615609
v 1.3262384 3.7833834 2.2167175
v 1.3262384 3.7833834 -2.0861626E-07
v 1.5150545 3.8615942 -2.0861626E-07
v 1.5150545 3.8615942 -2.0861626E-07
v 1.7038705 3.7833834 -2.0861626E-07
v 1.7038705 3.7833834 2.2167175
v 1.5150545 3.8615942 2.2167175
v 1.5150545 3.6336775 2.615609
v 1.5427091 3.622222 2.615609
v 1.5150545 3.3275404 2.2167175
v 1.5150545 3.555457 2.615609
v 1.5427091 3.5669127 2.615609
v 1.7038705 3.4057512 2.2167175
v 1.7038705 3.4057512 -2.0861626E-07
v 1.5150545 3.3275404 -2.0861626E-07
v 1.7038705 3.7833834 -2.0861626E-07
v 1.7820814 3.5945673 -2.0861626E-07
v 1.7820814 3.5945673 2.2167175
v 1.7038705 3.7833834 2.2167175
v 1.5427091 3.622222 2.615609
v 1.5541646 3.5945673 2.615609
v 1.3262384 3.7833834 2.2167175
v 1.4873998 3.622222 2.615609
v 1.4759443 3.5945673 2.615609
v 1.2480276 3.5945673 2.2167175
v 1.2480276 3.5945673 -2.0861626E-07
v 1.3262384 3.7833834 -2.0861626E-07
v 1.7820814 3.5945673 -2.0861626E-07
v 1.7038705 3.4057512 -2.0861626E-07
v 1.7038705 3.4057512 2.2167175
v 1.7820814 3.5945673 2.2167175
v 1.5541646 3.5945673 2.615609
v 1.5427091 3.5669127 2.615609
v 1.5150545 3.3275404 -2.0861626E-07
v 1.3262384 3.4057512 -2.0861626E-07
v 1.3262384 3.4057512 2.2167175
v 1.5150545 3.3275404 2.2167175
v 1.5150545 3.555457 2.615609
v 1.4873998 3.5669127 2.615609
v 1.2480276 3.5945673 2.2167175
v 1.4759443 3.5945673 2.615609
v 1.4873998 3.5669127 2.615609
v 1.3262384 3.4057512 2.2167175
v 1.3262384 3.4057512 -2.0861626E-07
v 1.2480276 3.5945673 -2.0861626E-07
v 1.5427091 3.622222 2.615609
v 1.5541646 3.5945673 2.615609
v 1.5427091 3.5669127 2.615609
v 1.5150545 3.6336775 2.615609
v 1.5150545 3.555457 2.615609
v 1.4873998 3.622222 2.615609
v 1.4873998 3.5669127 2.615609
v 1.4759443 3.5945673 2.615609
v 1.7038705 3.4057512 -2.0861626E-07
v 1.7820814 3.5945673 -2.0861626E-07
v 1.7038705 3.7833834 -2.0861626E-07
v 1.5150545 3.3275404 -2.0861626E-07
v 1.5150545 3.8615942 -2.0861626E-07
v 1.3262384 3.4057512 -2.0861626E-07
v 1.3262384 3.7833834 -2.0861626E-07
v 1.2480276 3.5945673 -2.0861626E-07
v 3.5966089 3.3248415 2.2167175
v 3.5966089 3.0969248 2.615609
v 3.5689542 3.0854692 2.615609
v 3.4077928 3.2466307 2.2167175
v 3.4077928 3.2466307 -2.0861626E-07
v 3.5966089 3.3248415 -2.0861626E-07
v 3.5966089 3.3248415 -2.0861626E-07
v 3.785425 3.2466307 -2.0861626E-07
v 3.785425 3.2466307 2.2167175
v 3.5966089 3.3248415 2.2167175
v 3.5966089 3.0969248 2.615609
v 3.6242635 3.0854692 2.615609
v 3.5966089 2.7907877 2.2167175
v 3.5966089 3.0187044 2.615609
v 3.6242635 3.03016 2.615609
v 3.785425 2.8689985 2.2167175
v 3.785425 2.8689985 -2.0861626E-07
v 3.5966089 2.7907877 -2.0861626E-07
v 3.785425 3.2466307 -2.0861626E-07
v 3.8636358 3.0578146 -2.0861626E-07
v 3.8636358 3.0578146 2.2167175
v 3.785425 3.2466307 2.2167175
v 3.6242635 3.0854692 2.615609
v 3.635719 3.0578146 2.615609
v 3.4077928 3.2466307 2.2167175
v 3.5689542 3.0854692 2.615609
v 3.5574987 3.0578146 2.615609
v 3.329582 3.0578146 2.2167175
v 3.329582 3.0578146 -2.0861626E-07
v 3.4077928 3.2466307 -2.0861626E-07
v 3.8636358 3.0578146 -2.0861626E-07
v 3.785425 2.8689985 -2.0861626E-07
v 3.785425 2.8689985 2.2167175
v 3.8636358 3.0578146 2.2167175
v 3.635719 3.0578146 2.615609
v 3.6242635 3.03016 2.615609
v 3.5966089 2.7907877 -2.0861626E-07
v 3.4077928 2.8689985 -2.0861626E-07
v 3.4077928 2.8689985 2.2167175
v 3.5966089 2.7907877 2.2167175
v 3.5966089 3.0187044 2.615609
v 3.5689542 3.03016 2.615609
v 3.329582 3.0578146 2.2167175
v 3.5574987 3.0578146 2.615609
v 3.5689542 3.03016 2.615609
v 3.4077928 2.8689985 2.2167175
v 3.4077928 2.8689985 -2.0861626E-07
v 3.329582 3.0578146 -2.0861626E-07
v 3.6242635 3.0854692 2.615609
v 3.635719 3.0578146 2.615609
v 3.6242635 3.03016 2.615609
v 3.5966089 3.0969248 2.615609
v 3.5966089 3.0187044 2.615609
v 3.5689542 3.0854692 2.615609
v 3.5689542 3.03016 2.615609
v 3.5574987 3.0578146 2.615609
v 3.785425 2.8689985 -2.0861626E-07
v 3.8636358 3.0578146 -2.0861626E-07
v 3.785425 3.2466307 -2.0861626E-07
v 3.5966089 2.7907877 -2.0861626E-07
v 3.5966089 3.3248415 -2.0861626E-07
v 3.4077928 2.8689985 -2.0861626E-07
v 3.4077928 3.2466307 -2.0861626E-07
v 3.329582 3.0578146 -2.0861626E-07
v 3.5966089 2.7619047 2.2167175
v 3.5966089 2.533988 2.615609
v 3.5689542 2.5225325 2.615609
v 3.4077928 2.683694 2.2167175
v 3.4077928 2.683694 -2.0861626E-07
v 3.5966089 2.7619047 -2.0861626E-07
v 3.5966089 2.7619047 -2.0861626E-07
v 3.785425 2.683694 -2.0861626E-07
v 3.785425 2.683694 2.2167175
v 3.5966089 2.7619047 2.2167175
v 3.5966089 2.533988 2.615609
v 3.6242635 2.5225325 2.615609
v 3.5966089 2.227851 2.2167175
v 3.5966089 2.4557676 2.615609
v 3.6242635 2.4672232 2.615609
v 3.785425 2.3060617 2.2167175
v 3.785425 2.3060617 -2.0861626E-07
v 3.5966089 2.227851 -2.0861626E-07
v 3.785425 2.683694 -2.0861626E-07
v 3.8636358 2.4948778 -2.0861626E-07
v 3.8636358 2.4948778 2.2167175
v 3.785425 2.683694 2.2167175
v 3.6242635 2.5225325 2.615609
v 3.635719 2.4948778 2.615609
v 3.4077928 2.683694 2.2167175
v 3.5689542 2.5225325 2.615609
v 3.5574987 2.4948778 2.615609
v 3.329582 2.4948778 2.2167175
v 3.329582 2.4948778 -2.0861626E-07
v 3.4077928 2.683694 -2.0861626E-07
v 3.8636358 2.4948778 -2.0861626E-07
v 3.785425 2.3060617 -2.0861626E-07
v 3.785425 2.3060617 2.2167175
v 3.8636358 2.4948778 2.2167175
v 3.635719 2.4948778 2.615609
v 3.6242635 2.4672232 2.615609
v 3.5966089 2.227851 -2.0861626E-07
v 3.4077928 2.3060617 -2.0861626E-07
v 3.4077928 2.3060617 2.2167175
v 3.5966089 2.227851 2.2167175
v 3.5966089 2.4557676 2.615609
v 3.5689542 2.4672232 2.615609
v 3.329582 2.4948778 2.2167175
v 3.5574987 2.4948778 2.615609
v 3.5689542 2.4672232 2.615609
v 3.4077928 2.3060617 2.2167175
v 3.4077928 2.3060617 -2.0861626E-07
v 3.329582 2.4948778 -2.0861626E-07
v 3.6242635 2.5225325 2.615609
v 3.635719 2.4948778 2.615609
v 3.6242635 2.4672232 2.615609
v 3.5966089 2.533988 2.615609
v 3.5966089 2.4557676 2.615609
v 3.5689542 2.5225325 2.615609
v 3.5689542 2.4672232 2.615609
v 3.5574987 2.4948778 2.615609
v 3.785425 2.3060617 -2.0861626E-07
v 3.8636358 2.4948778 -2.0861626E-07
v 3.785425 2.683694 -2.0861626E-07
v 3.5966089 2.227851 -2.0861626E-07
v 3.5966089 2.7619047 -2.0861626E-07
v 3.4077928 2.3060617 -2.0861626E-07
v 3.4077928 2.683694 -2.0861626E-07
v 3.329582 2.4948778 -2.0861626E-07
v 3.5966089 2.2513342 2.2167175
v 3.5966089 2.0234175 2.615609
v 3.5689542 2.011962 2.615609
v 3.4077928 2.1731234 2.2167175
v 3.4077928 2.1731234 -2.0861626E-07
v 3.5966089 2.2513342 -2.0861626E-07
v 3.5966089 2.2513342 -2.0861626E-07
v 3.785425 2.1731234 -2.0861626E-07
v 3.785425 2.1731234 2.2167175
v 3.5966089 2.2513342 2.2167175
v 3.5966089 2.0234175 2.615609
v 3.6242635 2.011962 2.615609
v 3.5966089 1.7172804 2.2167175
v 3.5966089 1.9451971 2.615609
v 3.6242635 1.9566526 2.615609
v 3.785425 1.7954912 2.2167175
v 3.785425 1.7954912 -2.0861626E-07
v 3.5966089 1.7172804 -2.0861626E-07
v 3.785425 2.1731234 -2.0861626E-07
v 3.8636358 1.9843073 -2.0861626E-07
v 3.8636358 1.9843073 2.2167175
v 3.785425 2.1731234 2.2167175
v 3.6242635 2.011962 2.615609
v 3.635719 1.9843073 2.615609
v 3.4077928 2.1731234 2.2167175
v 3.5689542 2.011962 2.615609
v 3.5574987 1.9843073 2.615609
v 3.329582 1.9843073 2.2167175
v 3.329582 1.9843073 -2.0861626E-07
v 3.4077928 2.1731234 -2.0861626E-07
v 3.8636358 1.9843073 -2.0861626E-07
v 3.785425 1.7954912 -2.0861626E-07
v 3.785425 1.7954912 2.2167175
v 3.8636358 1.9843073 2.2167175
v 3.635719 1.9843073 2.615609
v 3.6242635 1.9566526 2.615609
v 3.5966089 1.7172804 -2.0861626E-07
v 3.4077928 1.7954912 -2.0861626E-07
v 3.4077928 1.7954912 2.2167175
v 3.5966089 1.7172804 2.2167175
v 3.5966089 1.9451971 2.615609
v 3.5689542 1.9566526 2.615609
v 3.329582 1.9843073 2.2167175
v 3.5574987 1.9843073 2.615609
v 3.5689542 1.9566526 2.615609
v 3.4077928 1.7954912 2.2167175
v 3.4077928 1.7954912 -2.0861626E-07
v 3.329582 1.9843073 -2.0861626E-07
v 3.6242635 2.011962 2.615609
v 3.635719 1.9843073 2.615609
v 3.6242635 1.9566526 2.615609
v 3.5966089 2.0234175 2.615609
v 3.5966089 1.9451971 2.615609
v 3.5689542 2.011962 2.615609
v 3.5689542 1.9566526 2.615609
v 3.5574987 1.9843073 2.615609
v 3.785425 1.7954912 -2.0861626E-07
v 3.8636358 1.9843073 -2.0861626E-07
v 3.785425 2.1731234 -2.0861626E-07
v 3.5966089 1.7172804 -2.0861626E-07
v 3.5966089 2.2513342 -2.0861626E-07
v 3.4077928 1.7954912 -2.0861626E-07
v 3.4077928 2.1731234 -2.0861626E-07
v 3.329582 1.9843073 -2.0861626E-07
v 3.5966089 1.7407637 2.2167175
v 3.5966089 1.512847 2.615609
v 3.5689542 1.5013914 2.615609
v 3.4077928 1.6625528 2.2167175
v 3.4077928 1.6625528 -2.0861626E-07
v 3.5966089 1.7407637 -2.0861626E-07
v 3.5966089 1.7407637 -2.0861626E-07
v 3.785425 1.6625528 -2.0861626E-07
v 3.785425 1.6625528 2.2167175
v 3.5966089 1.7407637 2.2167175
v 3.5966089 1.512847 2.615609
v 3.6242635 1.5013914 2.615609
v 3.5966089 1.2067099 2.2167175
v 3.5966089 1.4346266 2.615609
v 3.6242635 1.4460821 2.615609
v 3.785425 1.2849207 2.2167175
v 3.785425 1.2849207 -2.0861626E-07
v 3.5966089 1.2067099 -2.0861626E-07
v 3.785425 1.6625528 -2.0861626E-07
v 3.8636358 1.4737368 -2.0861626E-07
v 3.8636358 1.4737368 2.2167175
v 3.785425 1.6625528 2.2167175
v 3.6242635 1.5013914 2.615609
v 3.635719 1.4737368 2.615609
v 3.4077928 1.6625528 2.2167175
v 3.5689542 1.5013914 2.615609
v 3.5574987 1.4737368 2.615609
v 3.329582 1.4737368 2.2167175
v 3.329582 1.4737368 -2.0861626E-07
v 3.4077928 1.6625528 -2.0861626E-07
v 3.8636358 1.4737368 -2.0861626E-07
v 3.785425 1.2849207 -2.0861626E-07
v 3.785425 1.2849207 2.2167175
v 3.8636358 1.4737368 2.2167175
v 3.635719 1.4737368 2.615609
v 3.6242635 1.4460821 2.615609
v 3.5966089 1.2067099 -2.0861626E-07
v 3.4077928 1.2849207 -2.0861626E-07
v 3.4077928 1.2849207 2.2167175
v 3.5966089 1.2067099 2.2167175
v 3.5966089 1.4346266 2.615609
v 3.5689542 1.4460821 2.615609
v 3.329582 1.4737368 2.2167175
v 3.5574987 1.4737368 2.615609
v 3.5689542 1.4460821 2.615609
v 3.4077928 1.2849207 2.2167175
v 3.4077928 1.2849207 -2.0861626E-07
v 3.329582 1.4737368 -2.0861626E-07
v 3.6242635 1.5013914 2.615609
v 3.635719 1.4737368 2.615609
v 3.6242635 1.4460821 2.615609
v 3.5966089 1.512847 2.615609
v 3.5966089 1.4346266 2.615609
v 3.5689542 1.5013914 2.615609
v 3.5689542 1.4460821 2.615609
v 3.5574987 1.4737368 2.615609
v 3.785425 1.2849207 -2.0861626E-07
v 3.8636358 1.4737368 -2.0861626E-07
v 3.785425 1.6625528 -2.0861626E-07
v 3.5966089 1.2067099 -2.0861626E-07
v 3.5966089 1.7407637 -2.0861626E-07
v 3.4077928 1.2849207 -2.0861626E-07
v 3.4077928 1.6625528 -2.0861626E-07
v 3.329582 1.4737368 -2.0861626E-07
v -2.8276453 3.5741823 2.2167175
v -3.055562 3.5741823 2.615609
v -3.0670176 3.601837 2.615609
v -2.9058561 3.7629983 2.2167175
v -2.9058561 3.7629983 -2.0861626E-07
v -2.8276453 3.5741823 -2.0861626E-07
v -3.2834883 3.7629983 -2.0861626E-07
v -3.0946722 3.8412092 -2.0861626E-07
v -3.0946722 3.8412092 2.2167175
v -3.2834883 3.7629983 2.2167175
v -3.1223269 3.601837 2.615609
v -3.0946722 3.6132925 2.615609
v -3.2834883 3.3853662 2.2167175
v -3.1223269 3.5465276 2.615609
v -3.0946722 3.535072 2.615609
v -3.0946722 3.3071554 2.2167175
v -3.0946722 3.3071554 -2.0861626E-07
v -3.2834883 3.3853662 -2.0861626E-07
v -3.0946722 3.8412092 -2.0861626E-07
v -2.9058561 3.7629983 -2.0861626E-07
v -2.9058561 3.7629983 2.2167175
v -3.0946722 3.8412092 2.2167175
v -3.0946722 3.6132925 2.615609
v -3.0670176 3.601837 2.615609
v -2.8276453 3.5741823 -2.0861626E-07
v -2.9058561 3.3853662 -2.0861626E-07
v -2.9058561 3.3853662 2.2167175
v -2.8276453 3.5741823 2.2167175
v -3.055562 3.5741823 2.615609
v -3.0670176 3.5465276 2.615609
v -3.0946722 3.3071554 2.2167175
v -3.0946722 3.535072 2.615609
v -3.0670176 3.5465276 2.615609
v -2.9058561 3.3853662 2.2167175
v -2.9058561 3.3853662 -2.0861626E-07
v -3.0946722 3.3071554 -2.0861626E-07
v -3.0670176 3.601837 2.615609
v -3.055562 3.5741823 2.615609
v -3.0670176 3.5465276 2.615609
v -3.0946722 3.6132925 2.615609
v -3.0946722 3.535072 2.615609
v -3.1223269 3.601837 2.615609
v -3.1223269 3.5465276 2.615609
v -3.1337824 3.5741823 2.615609
v -2.9058561 3.3853662 -2.0861626E-07
v -2.8276453 3.5741823 -2.0861626E-07
v -2.9058561 3.7629983 -2.0861626E-07
v -3.0946722 3.3071554 -2.0861626E-07
v -3.0946722 3.8412092 -2.0861626E-07
v -3.2834883 3.3853662 -2.0861626E-07
v -3.2834883 3.7629983 -2.0861626E-07
v -3.361699 3.5741823 -2.0861626E-07
v -2.7987623 3.5741823 2.2167175
v -2.5708456 3.5741823 2.615609
v -2.55939 3.5465276 2.615609
v -2.7205515 3.3853662 2.2167175
v -2.7205515 3.3853662 -2.0861626E-07
v -2.7987623 3.5741823 -2.0861626E-07
v -2.7987623 3.5741823 -2.0861626E-07
v -2.7205515 3.7629983 -2.0861626E-07
v -2.7205515 3.7629983 2.2167175
v -2.7987623 3.5741823 2.2167175
v -2.5708456 3.5741823 2.615609
v -2.55939 3.601837 2.615609
v -2.2647085 3.5741823 2.2167175
v -2.4926252 3.5741823 2.615609
v -2.5040808 3.601837 2.615609
v -2.3429193 3.7629983 2.2167175
v -2.3429193 3.7629983 -2.0861626E-07
v -2.2647085 3.5741823 -2.0861626E-07
v -2.7205515 3.7629983 -2.0861626E-07
v -2.5317354 3.8412092 -2.0861626E-07
v -2.5317354 3.8412092 2.2167175
v -2.7205515 3.7629983 2.2167175
v -2.55939 3.601837 2.615609
v -2.5317354 3.6132925 2.615609
v -2.7205515 3.3853662 2.2167175
v -2.55939 3.5465276 2.615609
v -2.5317354 3.535072 2.615609
v -2.5317354 3.3071554 2.2167175
v -2.5317354 3.3071554 -2.0861626E-07
v -2.7205515 3.3853662 -2.0861626E-07
v -2.5317354 3.8412092 -2.0861626E-07
v -2.3429193 3.7629983 -2.0861626E-07
v -2.3429193 3.7629983 2.2167175
v -2.5317354 3.8412092 2.2167175
v -2.5317354 3.6132925 2.615609
v -2.5040808 3.601837 2.615609
v -2.2647085 3.5741823 -2.0861626E-07
v -2.3429193 3.3853662 -2.0861626E-07
v -2.3429193 3.3853662 2.2167175
v -2.2647085 3.5741823 2.2167175
v -2.4926252 3.5741823 2.615609
v -2.5040808 3.5465276 2.615609
v -2.5317354 3.3071554 2.2167175
v -2.5317354 3.535072 2.615609
v -2.5040808 3.5465276 2.615609
v -2.3429193 3.3853662 2.2167175
v -2.3429193 3.3853662 -2.0861626E-07
v -2.5317354 3.3071554 -2.0861626E-07
v -2.5040808 3.601837 2.615609
v -2.4926252 3.5741823 2.615609
v -2.5040808 3.5465276 2.615609
v -2.5317354 3.6132925 2.615609
v -2.5317354 3.535072 2.615609
v -2.55939 3.601837 2.615609
v -2.55939 3.5465276 2.615609
v -2.5708456 3.5741823 2.615609
v -2.3429193 3.3853662 -2.0861626E-07
v -2.2647085 3.5741823 -2.0861626E-07
v -2.3429193 3.7629983 -2.0861626E-07
v -2.5317354 3.3071554 -2.0861626E-07
v -2.5317354 3.8412092 -2.0861626E-07
v -2.7205515 3.3853662 -2.0861626E-07
v -2.7205515 3.7629983 -2.0861626E-07
v -2.7987623 3.5741823 -2.0861626E-07
v -2.2881918 3.5741823 2.2167175
v -2.060275 3.5741823 2.615609
v -2.0488195 3.5465276 2.615609
v -2.209981 3.3853662 2.2167175
v -2.209981 3.3853662 -2.0861626E-07
v -2.2881918 3.5741823 -2.0861626E-07
v -2.2881918 3.5741823 -2.0861626E-07
v -2.209981 3.7629983 -2.0861626E-07
v -2.209981 3.7629983 2.2167175
v -2.2881918 3.5741823 2.2167175
v -2.060275 3.5741823 2.615609
v -2.0488195 3.601837 2.615609
v -1.754138 3.574182 2.2167175
v -1.9820547 3.5741823 2.615609
v -1.9935102 3.601837 2.615609
v -1.8323488 3.762998 2.2167175
v -1.8323488 3.762998 -2.0861626E-07
v -1.754138 3.574182 -2.0861626E-07
v -2.209981 3.7629983 -2.0861626E-07
v -2.021165 3.8412092 -2.0861626E-07
v -2.021165 3.8412092 2.2167175
v -2.209981 3.7629983 2.2167175
v -2.0488195 3.601837 2.615609
v -2.021165 3.6132925 2.615609
v -2.209981 3.3853662 2.2167175
v -2.0488195 3.5465276 2.615609
v -2.021165 3.535072 2.615609
v -2.021165 3.3071554 2.2167175
v -2.021165 3.3071554 -2.0861626E-07
v -2.209981 3.3853662 -2.0861626E-07
v -2.021165 3.8412092 -2.0861626E-07
v -1.8323488 3.762998 -2.0861626E-07
v -1.8323488 3.762998 2.2167175
v -2.021165 3.8412092 2.2167175
v -2.021165 3.6132925 2.615609
v -1.9935102 3.601837 2.615609
v -1.754138 3.574182 -2.0861626E-07
v -1.8323488 3.3853662 -2.0861626E-07
v -1.8323488 3.3853662 2.2167175
v -1.754138 3.574182 2.2167175
v -1.9820547 3.5741823 2.615609
v -1.9935102 3.5465276 2.615609
v -2.021165 3.3071554 2.2167175
v -2.021165 3.535072 2.615609
v -1.9935102 3.5465276 2.615609
v -1.8323488 3.3853662 2.2167175
v -1.8323488 3.3853662 -2.0861626E-07
v -2.021165 3.3071554 -2.0861626E-07
v -1.9935102 3.601837 2.615609
v -1.9820547 3.5741823 2.615609
v -1.9935102 3.5465276 2.615609
v -2.021165 3.6132925 2.615609
v -2.021165 3.535072 2.615609
v -2.0488195 3.601837 2.615609
v -2.0488195 3.5465276 2.615609
v -2.060275 3.5741823 2.615609
v -1.8323488 3.3853662 -2.0861626E-07
v -1.754138 3.574182 -2.0861626E-07
v -1.8323488 3.762998 -2.0861626E-07
v -2.021165 3.3071554 -2.0861626E-07
v -2.021165 3.8412092 -2.0861626E-07
v -2.209981 3.3853662 -2.0861626E-07
v -2.209981 3.7629983 -2.0861626E-07
v -2.2881918 3.5741823 -2.0861626E-07
v -1.7776213 3.574182 2.2167175
v -1.5497046 3.574182 2.615609
v -1.538249 3.5465274 2.615609
v -1.6994104 3.3853662 2.2167175
v -1.6994104 3.3853662 -2.0861626E-07
v -1.7776213 3.574182 -2.0861626E-07
v -1.7776213 3.574182 -2.0861626E-07
v -1.6994104 3.762998 -2.0861626E-07
v -1.6994104 3.762998 2.2167175
v -1.7776213 3.574182 2.2167175
v -1.5497046 3.574182 2.615609
v -1.538249 3.6018367 2.615609
v -1.2435675 3.574182 2.2167175
v -1.4714842 3.574182 2.615609
v -1.4829397 3.6018367 2.615609
v -1.3217783 3.762998 2.2167175
v -1.3217783 3.762998 -2.0861626E-07
v -1.2435675 3.574182 -2.0861626E-07
v -1.6994104 3.762998 -2.0861626E-07
v -1.5105942 3.841209 -2.0861626E-07
v -1.5105942 3.841209 2.2167175
v -1.6994104 3.762998 2.2167175
v -1.538249 3.6018367 2.615609
v -1.5105944 3.6132922 2.615609
v -1.6994104 3.3853662 2.2167175
v -1.538249 3.5465274 2.615609
v -1.5105944 3.5350718 2.615609
v -1.5105944 3.3071551 2.2167175
v -1.5105944 3.3071551 -2.0861626E-07
v -1.6994104 3.3853662 -2.0861626E-07
v -1.5105942 3.841209 -2.0861626E-07
v -1.3217783 3.762998 -2.0861626E-07
v -1.3217783 3.762998 2.2167175
v -1.5105942 3.841209 2.2167175
v -1.5105944 3.6132922 2.615609
v -1.4829397 3.6018367 2.615609
v -1.2435675 3.574182 -2.0861626E-07
v -1.3217783 3.385366 -2.0861626E-07
v -1.3217783 3.385366 2.2167175
v -1.2435675 3.574182 2.2167175
v -1.4714842 3.574182 2.615609
v -1.4829397 3.5465274 2.615609
v -1.5105944 3.3071551 2.2167175
v -1.5105944 3.5350718 2.615609
v -1.4829397 3.5465274 2.615609
v -1.3217783 3.385366 2.2167175
v -1.3217783 3.385366 -2.0861626E-07
v -1.5105944 3.3071551 -2.0861626E-07
v -1.4829397 3.6018367 2.615609
v -1.4714842 3.574182 2.615609
v -1.4829397 3.5465274 2.615609
v -1.5105944 3.6132922 2.615609
v -1.5105944 3.5350718 2.615609
v -1.538249 3.6018367 2.615609
v -1.538249 3.5465274 2.615609
v -1.5497046 3.574182 2.615609
v -1.3217783 3.385366 -2.0861626E-07
v -1.2435675 3.574182 -2.0861626E-07
v -1.3217783 3.762998 -2.0861626E-07
v -1.5105944 3.3071551 -2.0861626E-07
v -1.5105942 3.841209 -2.0861626E-07
v -1.6994104 3.762998 -2.0861626E-07
v -1.6994104 3.3853662 -2.0861626E-07
v -1.7776213 3.574182 -2.0861626E-07
v -3.6110418 -2.808186 2.2167175
v -3.6110418 -3.0361028 2.615609
v -3.6386964 -3.0475583 2.615609
v -3.7998579 -2.886397 2.2167175
v -3.7998579 -2.886397 -2.0861626E-07
v -3.6110418 -2.808186 -2.0861626E-07
v -3.7998579 -3.264029 -2.0861626E-07
v -3.8780687 -3.075213 -2.0861626E-07
v -3.8780687 -3.075213 2.2167175
v -3.7998579 -3.264029 2.2167175
v -3.6386964 -3.1028676 2.615609
v -3.650152 -3.075213 2.615609
v -3.4222257 -3.264029 2.2167175
v -3.5833871 -3.1028676 2.615609
v -3.5719316 -3.075213 2.615609
v -3.344015 -3.075213 2.2167175
v -3.344015 -3.075213 -2.0861626E-07
v -3.4222257 -3.264029 -2.0861626E-07
v -3.8780687 -3.075213 -2.0861626E-07
v -3.7998579 -2.886397 -2.0861626E-07
v -3.7998579 -2.886397 2.2167175
v -3.8780687 -3.075213 2.2167175
v -3.650152 -3.075213 2.615609
v -3.6386964 -3.0475583 2.615609
v -3.6110418 -2.808186 -2.0861626E-07
v -3.4222257 -2.886397 -2.0861626E-07
v -3.4222257 -2.886397 2.2167175
v -3.6110418 -2.808186 2.2167175
v -3.6110418 -3.0361028 2.615609
v -3.5833871 -3.0475583 2.615609
v -3.344015 -3.075213 2.2167175
v -3.5719316 -3.075213 2.615609
v -3.5833871 -3.0475583 2.615609
v -3.4222257 -2.886397 2.2167175
v -3.4222257 -2.886397 -2.0861626E-07
v -3.344015 -3.075213 -2.0861626E-07
v -3.5833871 -3.0475583 2.615609
v -3.5719316 -3.075213 2.615609
v -3.5833871 -3.1028676 2.615609
v -3.6110418 -3.0361028 2.615609
v -3.6110418 -3.1143231 2.615609
v -3.6386964 -3.0475583 2.615609
v -3.6386964 -3.1028676 2.615609
v -3.650152 -3.075213 2.615609
v -3.4222257 -3.264029 -2.0861626E-07
v -3.344015 -3.075213 -2.0861626E-07
v -3.4222257 -2.886397 -2.0861626E-07
v -3.6110418 -3.3422399 -2.0861626E-07
v -3.6110418 -2.808186 -2.0861626E-07
v -3.7998579 -3.264029 -2.0861626E-07
v -3.7998579 -2.886397 -2.0861626E-07
v -3.8780687 -3.075213 -2.0861626E-07
v -3.6110418 -2.779303 2.2167175
v -3.6110418 -2.5513864 2.615609
v -3.5833871 -2.5399308 2.615609
v -3.4222257 -2.7010922 2.2167175
v -3.4222257 -2.7010922 -2.0861626E-07
v -3.6110418 -2.779303 -2.0861626E-07
v -3.6110418 -2.779303 -2.0861626E-07
v -3.7998579 -2.7010922 -2.0861626E-07
v -3.7998579 -2.7010922 2.2167175
v -3.6110418 -2.779303 2.2167175
v -3.6110418 -2.5513864 2.615609
v -3.6386964 -2.5399308 2.615609
v -3.6110418 -2.2452493 2.2167175
v -3.6110418 -2.473166 2.615609
v -3.6386964 -2.4846215 2.615609
v -3.7998579 -2.32346 2.2167175
v -3.7998579 -2.32346 -2.0861626E-07
v -3.6110418 -2.2452493 -2.0861626E-07
v -3.7998579 -2.7010922 -2.0861626E-07
v -3.8780687 -2.5122762 -2.0861626E-07
v -3.8780687 -2.5122762 2.2167175
v -3.7998579 -2.7010922 2.2167175
v -3.6386964 -2.5399308 2.615609
v -3.650152 -2.5122762 2.615609
v -3.4222257 -2.7010922 2.2167175
v -3.5833871 -2.5399308 2.615609
v -3.5719316 -2.5122762 2.615609
v -3.344015 -2.5122762 2.2167175
v -3.344015 -2.5122762 -2.0861626E-07
v -3.4222257 -2.7010922 -2.0861626E-07
v -3.8780687 -2.5122762 -2.0861626E-07
v -3.7998579 -2.32346 -2.0861626E-07
v -3.7998579 -2.32346 2.2167175
v -3.8780687 -2.5122762 2.2167175
v -3.650152 -2.5122762 2.615609
v -3.6386964 -2.4846215 2.615609
v -3.6110418 -2.2452493 -2.0861626E-07
v -3.4222257 -2.32346 -2.0861626E-07
v -3.4222257 -2.32346 2.2167175
v -3.6110418 -2.2452493 2.2167175
v -3.6110418 -2.473166 2.615609
v -3.5833871 -2.4846215 2.615609
v -3.344015 -2.5122762 2.2167175
v -3.5719316 -2.5122762 2.615609
v -3.5833871 -2.4846215 2.615609
v -3.4222257 -2.32346 2.2167175
v -3.4222257 -2.32346 -2.0861626E-07
v -3.344015 -2.5122762 -2.0861626E-07
v -3.5833871 -2.4846215 2.615609
v -3.5719316 -2.5122762 2.615609
v -3.5833871 -2.5399308 2.615609
v -3.6110418 -2.473166 2.615609
v -3.6110418 -2.5513864 2.615609
v -3.6386964 -2.4846215 2.615609
v -3.6386964 -2.5399308 2.615609
v -3.650152 -2.5122762 2.615609
v -3.4222257 -2.7010922 -2.0861626E-07
v -3.344015 -2.5122762 -2.0861626E-07
v -3.4222257 -2.32346 -2.0861626E-07
v -3.6110418 -2.779303 -2.0861626E-07
v -3.6110418 -2.2452493 -2.0861626E-07
v -3.7998579 -2.7010922 -2.0861626E-07
v -3.7998579 -2.32346 -2.0861626E-07
v -3.8780687 -2.5122762 -2.0861626E-07
v -3.6110418 -2.2687325 2.2167175
v -3.6110413 -2.0408158 2.615609
v -3.5833867 -2.0293603 2.615609
v -3.4222252 -2.1905217 2.2167175
v -3.4222252 -2.1905217 -2.0861626E-07
v -3.6110418 -2.2687325 -2.0861626E-07
v -3.6110418 -2.2687325 -2.0861626E-07
v -3.7998574 -2.1905217 -2.0861626E-07
v -3.7998574 -2.1905217 2.2167175
v -3.6110418 -2.2687325 2.2167175
v -3.6110413 -2.0408158 2.615609
v -3.638696 -2.0293603 2.615609
v -3.6110413 -1.7346787 2.2167175
v -3.6110413 -1.9625955 2.615609
v -3.638696 -1.974051 2.615609
v -3.7998574 -1.8128896 2.2167175
v -3.7998574 -1.8128896 -2.0861626E-07
v -3.6110413 -1.7346787 -2.0861626E-07
v -3.7998574 -2.1905217 -2.0861626E-07
v -3.8780682 -2.0017056 -2.0861626E-07
v -3.8780682 -2.0017056 2.2167175
v -3.7998574 -2.1905217 2.2167175
v -3.638696 -2.0293603 2.615609
v -3.6501515 -2.0017056 2.615609
v -3.4222252 -2.1905217 2.2167175
v -3.5833867 -2.0293603 2.615609
v -3.5719311 -2.0017056 2.615609
v -3.3440144 -2.0017056 2.2167175
v -3.3440144 -2.0017056 -2.0861626E-07
v -3.4222252 -2.1905217 -2.0861626E-07
v -3.8780682 -2.0017056 -2.0861626E-07
v -3.7998574 -1.8128896 -2.0861626E-07
v -3.7998574 -1.8128896 2.2167175
v -3.8780682 -2.0017056 2.2167175
v -3.6501515 -2.0017056 2.615609
v -3.638696 -1.974051 2.615609
v -3.6110413 -1.7346787 -2.0861626E-07
v -3.4222252 -1.8128896 -2.0861626E-07
v -3.4222252 -1.8128896 2.2167175
v -3.6110413 -1.7346787 2.2167175
v -3.6110413 -1.9625955 2.615609
v -3.5833867 -1.974051 2.615609
v -3.3440144 -2.0017056 2.2167175
v -3.5719311 -2.0017056 2.615609
v -3.5833867 -1.974051 2.615609
v -3.4222252 -1.8128896 2.2167175
v -3.4222252 -1.8128896 -2.0861626E-07
v -3.3440144 -2.0017056 -2.0861626E-07
v -3.5833867 -1.974051 2.615609
v -3.5719311 -2.0017056 2.615609
v -3.5833867 -2.0293603 2.615609
v -3.6110413 -1.9625955 2.615609
v -3.6110413 -2.0408158 2.615609
v -3.638696 -1.974051 2.615609
v -3.638696 -2.0293603 2.615609
v -3.6501515 -2.0017056 2.615609
v -3.4222252 -2.1905217 -2.0861626E-07
v -3.3440144 -2.0017056 -2.0861626E-07
v -3.4222252 -1.8128896 -2.0861626E-07
v -3.6110418 -2.2687325 -2.0861626E-07
v -3.6110413 -1.7346787 -2.0861626E-07
v -3.7998574 -1.8128896 -2.0861626E-07
v -3.7998574 -2.1905217 -2.0861626E-07
v -3.8780682 -2.0017056 -2.0861626E-07
v -3.6110413 -1.758162 2.2167175
v -3.6110413 -1.5302453 2.615609
v -3.5833867 -1.5187898 2.615609
v -3.4222252 -1.6799512 2.2167175
v -3.4222252 -1.6799512 -2.0861626E-07
v -3.6110413 -1.758162 -2.0861626E-07
v -3.6110413 -1.758162 -2.0861626E-07
v -3.7998574 -1.6799512 -2.0861626E-07
v -3.7998574 -1.6799512 2.2167175
v -3.6110413 -1.758162 2.2167175
v -3.6110413 -1.5302453 2.615609
v -3.638696 -1.5187898 2.615609
v -3.6110413 -1.2241082 2.2167175
v -3.6110413 -1.4520249 2.615609
v -3.638696 -1.4634805 2.615609
v -3.7998574 -1.302319 2.2167175
v -3.7998574 -1.302319 -2.0861626E-07
v -3.6110413 -1.2241082 -2.0861626E-07
v -3.7998574 -1.6799512 -2.0861626E-07
v -3.8780682 -1.4911351 -2.0861626E-07
v -3.8780682 -1.4911351 2.2167175
v -3.7998574 -1.6799512 2.2167175
v -3.638696 -1.5187898 2.615609
v -3.6501515 -1.4911351 2.615609
v -3.4222252 -1.6799512 2.2167175
v -3.5833867 -1.5187898 2.615609
v -3.5719311 -1.4911351 2.615609
v -3.3440144 -1.4911351 2.2167175
v -3.3440144 -1.4911351 -2.0861626E-07
v -3.4222252 -1.6799512 -2.0861626E-07
v -3.8780682 -1.4911351 -2.0861626E-07
v -3.7998574 -1.302319 -2.0861626E-07
v -3.7998574 -1.302319 2.2167175
v -3.8780682 -1.4911351 2.2167175
v -3.6501515 -1.4911351 2.615609
v -3.638696 -1.4634805 2.615609
v -3.6110413 -1.2241082 -2.0861626E-07
v -3.4222252 -1.302319 -2.0861626E-07
v -3.4222252 -1.302319 2.2167175
v -3.6110413 -1.2241082 2.2167175
v -3.6110413 -1.4520249 2.615609
v -3.5833867 -1.4634805 2.615609
v -3.3440144 -1.4911351 2.2167175
v -3.5719311 -1.4911351 2.615609
v -3.5833867 -1.4634805 2.615609
v -3.4222252 -1.302319 2.2167175
v -3.4222252 -1.302319 -2.0861626E-07
v -3.3440144 -1.4911351 -2.0861626E-07
v -3.5833867 -1.4634805 2.615609
v -3.5719311 -1.4911351 2.615609
v -3.5833867 -1.5187898 2.615609
v -3.6110413 -1.4520249 2.615609
v -3.6110413 -1.5302453 2.615609
v -3.638696 -1.4634805 2.615609
v -3.638696 -1.5187898 2.615609
v -3.6501515 -1.4911351 2.615609
v -3.4222252 -1.6799512 -2.0861626E-07
v -3.3440144 -1.4911351 -2.0861626E-07
v -3.4222252 -1.302319 -2.0861626E-07
v -3.6110413 -1.758162 -2.0861626E-07
v -3.6110413 -1.2241082 -2.0861626E-07
v -3.7998574 -1.6799512 -2.0861626E-07
v -3.7998574 -1.302319 -2.0861626E-07
v -3.8780682 -1.4911351 -2.0861626E-07
v 2.8132124 -3.5915816 2.2167175
v 3.041129 -3.5915816 2.615609
v 3.0525846 -3.6192362 2.615609
v 2.8914232 -3.7803977 2.2167175
v 2.8914232 -3.7803977 -2.0861626E-07
v 2.8132124 -3.5915816 -2.0861626E-07
v 3.2690554 -3.7803977 -2.0861626E-07
v 3.0802393 -3.8586085 -2.0861626E-07
v 3.0802393 -3.8586085 2.2167175
v 3.2690554 -3.7803977 2.2167175
v 3.107894 -3.6192362 2.615609
v 3.0802393 -3.6306918 2.615609
v 3.2690554 -3.4027655 2.2167175
v 3.107894 -3.563927 2.615609
v 3.0802393 -3.5524714 2.615609
v 3.0802393 -3.3245547 2.2167175
v 3.0802393 -3.3245547 -2.0861626E-07
v 3.2690554 -3.4027655 -2.0861626E-07
v 3.0802393 -3.8586085 -2.0861626E-07
v 2.8914232 -3.7803977 -2.0861626E-07
v 2.8914232 -3.7803977 2.2167175
v 3.0802393 -3.8586085 2.2167175
v 3.0802393 -3.6306918 2.615609
v 3.0525846 -3.6192362 2.615609
v 2.8132124 -3.5915816 -2.0861626E-07
v 2.8914232 -3.4027655 -2.0861626E-07
v 2.8914232 -3.4027655 2.2167175
v 2.8132124 -3.5915816 2.2167175
v 3.041129 -3.5915816 2.615609
v 3.0525846 -3.563927 2.615609
v 3.0802393 -3.3245547 2.2167175
v 3.0802393 -3.5524714 2.615609
v 3.0525846 -3.563927 2.615609
v 2.8914232 -3.4027655 2.2167175
v 2.8914232 -3.4027655 -2.0861626E-07
v 3.0802393 -3.3245547 -2.0861626E-07
v 3.107894 -3.563927 2.615609
v 3.1193495 -3.5915816 2.615609
v 3.107894 -3.6192362 2.615609
v 3.0802393 -3.5524714 2.615609
v 3.0802393 -3.6306918 2.615609
v 3.0525846 -3.563927 2.615609
v 3.0525846 -3.6192362 2.615609
v 3.041129 -3.5915816 2.615609
v 3.2690554 -3.7803977 -2.0861626E-07
v 3.3472662 -3.5915816 -2.0861626E-07
v 3.2690554 -3.4027655 -2.0861626E-07
v 3.0802393 -3.8586085 -2.0861626E-07
v 3.0802393 -3.3245547 -2.0861626E-07
v 2.8914232 -3.7803977 -2.0861626E-07
v 2.8914232 -3.4027655 -2.0861626E-07
v 2.8132124 -3.5915816 -2.0861626E-07
v 2.7843294 -3.5915816 2.2167175
v 2.5564127 -3.5915816 2.615609
v 2.5449572 -3.563927 2.615609
v 2.7061186 -3.4027655 2.2167175
v 2.7061186 -3.4027655 -2.0861626E-07
v 2.7843294 -3.5915816 -2.0861626E-07
v 2.7843294 -3.5915816 -2.0861626E-07
v 2.7061186 -3.7803977 -2.0861626E-07
v 2.7061186 -3.7803977 2.2167175
v 2.7843294 -3.5915816 2.2167175
v 2.5564127 -3.5915816 2.615609
v 2.5449572 -3.6192362 2.615609
v 2.2502756 -3.5915813 2.2167175
v 2.4781923 -3.5915813 2.615609
v 2.4896479 -3.619236 2.615609
v 2.3284864 -3.7803974 2.2167175
v 2.3284864 -3.7803974 -2.0861626E-07
v 2.2502756 -3.5915813 -2.0861626E-07
v 2.7061186 -3.7803977 -2.0861626E-07
v 2.5173025 -3.8586082 -2.0861626E-07
v 2.5173025 -3.8586082 2.2167175
v 2.7061186 -3.7803977 2.2167175
v 2.5449572 -3.6192362 2.615609
v 2.5173025 -3.6306915 2.615609
v 2.7061186 -3.4027655 2.2167175
v 2.5449572 -3.563927 2.615609
v 2.5173025 -3.5524712 2.615609
v 2.5173025 -3.3245547 2.2167175
v 2.5173025 -3.3245547 -2.0861626E-07
v 2.7061186 -3.4027655 -2.0861626E-07
v 2.5173025 -3.8586082 -2.0861626E-07
v 2.3284864 -3.7803974 -2.0861626E-07
v 2.3284864 -3.7803974 2.2167175
v 2.5173025 -3.8586082 2.2167175
v 2.5173025 -3.6306915 2.615609
v 2.4896479 -3.619236 2.615609
v 2.2502756 -3.5915813 -2.0861626E-07
v 2.3284864 -3.4027653 -2.0861626E-07
v 2.3284864 -3.4027653 2.2167175
v 2.2502756 -3.5915813 2.2167175
v 2.4781923 -3.5915813 2.615609
v 2.4896479 -3.5639267 2.615609
v 2.5173025 -3.3245547 2.2167175
v 2.5173025 -3.5524712 2.615609
v 2.4896479 -3.5639267 2.615609
v 2.3284864 -3.4027653 2.2167175
v 2.3284864 -3.4027653 -2.0861626E-07
v 2.5173025 -3.3245547 -2.0861626E-07
v 2.5449572 -3.563927 2.615609
v 2.5564127 -3.5915816 2.615609
v 2.5449572 -3.6192362 2.615609
v 2.5173025 -3.5524712 2.615609
v 2.5173025 -3.6306915 2.615609
v 2.4896479 -3.5639267 2.615609
v 2.4896479 -3.619236 2.615609
v 2.4781923 -3.5915813 2.615609
v 2.7061186 -3.7803977 -2.0861626E-07
v 2.7843294 -3.5915816 -2.0861626E-07
v 2.7061186 -3.4027655 -2.0861626E-07
v 2.5173025 -3.8586082 -2.0861626E-07
v 2.5173025 -3.3245547 -2.0861626E-07
v 2.3284864 -3.7803974 -2.0861626E-07
v 2.3284864 -3.4027653 -2.0861626E-07
v 2.2502756 -3.5915813 -2.0861626E-07
v 2.273759 -3.5915813 2.2167175
v 2.0458422 -3.5915813 2.615609
v 2.0343866 -3.5639267 2.615609
v 2.195548 -3.4027653 2.2167175
v 2.195548 -3.4027653 -2.0861626E-07
v 2.273759 -3.5915813 -2.0861626E-07
v 2.273759 -3.5915813 -2.0861626E-07
v 2.195548 -3.7803974 -2.0861626E-07
v 2.195548 -3.7803974 2.2167175
v 2.273759 -3.5915813 2.2167175
v 2.0458422 -3.5915813 2.615609
v 2.0343866 -3.619236 2.615609
v 1.7397051 -3.591581 2.2167175
v 1.9676218 -3.5915813 2.615609
v 1.9790773 -3.619236 2.615609
v 1.8179159 -3.7803972 2.2167175
v 1.8179159 -3.7803972 -2.0861626E-07
v 1.7397051 -3.591581 -2.0861626E-07
v 2.195548 -3.7803974 -2.0861626E-07
v 2.006732 -3.8586082 -2.0861626E-07
v 2.006732 -3.8586082 2.2167175
v 2.195548 -3.7803974 2.2167175
v 2.0343866 -3.619236 2.615609
v 2.006732 -3.6306915 2.615609
v 2.195548 -3.4027653 2.2167175
v 2.0343866 -3.5639267 2.615609
v 2.006732 -3.5524712 2.615609
v 2.006732 -3.3245544 2.2167175
v 2.006732 -3.3245544 -2.0861626E-07
v 2.195548 -3.4027653 -2.0861626E-07
v 2.006732 -3.8586082 -2.0861626E-07
v 1.8179159 -3.7803972 -2.0861626E-07
v 1.8179159 -3.7803972 2.2167175
v 2.006732 -3.8586082 2.2167175
v 2.006732 -3.6306915 2.615609
v 1.9790773 -3.619236 2.615609
v 1.7397051 -3.591581 -2.0861626E-07
v 1.8179159 -3.4027653 -2.0861626E-07
v 1.8179159 -3.4027653 2.2167175
v 1.7397051 -3.591581 2.2167175
v 1.9676218 -3.5915813 2.615609
v 1.9790773 -3.5639267 2.615609
v 2.006732 -3.3245544 2.2167175
v 2.006732 -3.5524712 2.615609
v 1.9790773 -3.5639267 2.615609
v 1.8179159 -3.4027653 2.2167175
v 1.8179159 -3.4027653 -2.0861626E-07
v 2.006732 -3.3245544 -2.0861626E-07
v 2.0343866 -3.5639267 2.615609
v 2.0458422 -3.5915813 2.615609
v 2.0343866 -3.619236 2.615609
v 2.006732 -3.5524712 2.615609
v 2.006732 -3.6306915 2.615609
v 1.9790773 -3.5639267 2.615609
v 1.9790773 -3.619236 2.615609
v 1.9676218 -3.5915813 2.615609
v 2.195548 -3.7803974 -2.0861626E-07
v 2.273759 -3.5915813 -2.0861626E-07
v 2.195548 -3.4027653 -2.0861626E-07
v 2.006732 -3.8586082 -2.0861626E-07
v 2.006732 -3.3245544 -2.0861626E-07
v 1.8179159 -3.7803972 -2.0861626E-07
v 1.8179159 -3.4027653 -2.0861626E-07
v 1.7397051 -3.591581 -2.0861626E-07
v 1.7631884 -3.591581 2.2167175
v 1.5352716 -3.591581 2.615609
v 1.5238161 -3.5639265 2.615609
v 1.6849775 -3.4027653 2.2167175
v 1.6849775 -3.4027653 -2.0861626E-07
v 1.7631884 -3.591581 -2.0861626E-07
v 1.7631884 -3.591581 -2.0861626E-07
v 1.6849775 -3.7803972 -2.0861626E-07
v 1.6849775 -3.7803972 2.2167175
v 1.7631884 -3.591581 2.2167175
v 1.5352716 -3.591581 2.615609
v 1.5238161 -3.6192358 2.615609
v 1.2291346 -3.591581 2.2167175
v 1.4570513 -3.591581 2.615609
v 1.4685068 -3.6192358 2.615609
v 1.3073454 -3.7803972 2.2167175
v 1.3073454 -3.7803972 -2.0861626E-07
v 1.2291346 -3.591581 -2.0861626E-07
v 1.6849775 -3.7803972 -2.0861626E-07
v 1.4961611 -3.858608 -2.0861626E-07
v 1.4961611 -3.858608 2.2167175
v 1.6849775 -3.7803972 2.2167175
v 1.5238161 -3.6192358 2.615609
v 1.4961615 -3.6306913 2.615609
v 1.6849775 -3.4027653 2.2167175
v 1.5238161 -3.5639265 2.615609
v 1.4961615 -3.552471 2.615609
v 1.4961615 -3.3245542 2.2167175
v 1.4961615 -3.3245542 -2.0861626E-07
v 1.6849775 -3.4027653 -2.0861626E-07
v 1.4961611 -3.858608 -2.0861626E-07
v 1.3073454 -3.7803972 -2.0861626E-07
v 1.3073454 -3.7803972 2.2167175
v 1.4961611 -3.858608 2.2167175
v 1.4961615 -3.6306913 2.615609
v 1.4685068 -3.6192358 2.615609
v 1.2291346 -3.591581 -2.0861626E-07
v 1.3073454 -3.402765 -2.0861626E-07
v 1.3073454 -3.402765 2.2167175
v 1.2291346 -3.591581 2.2167175
v 1.4570513 -3.591581 2.615609
v 1.4685068 -3.5639265 2.615609
v 1.4961615 -3.3245542 2.2167175
v 1.4961615 -3.552471 2.615609
v 1.4685068 -3.5639265 2.615609
v 1.3073454 -3.402765 2.2167175
v 1.3073454 -3.402765 -2.0861626E-07
v 1.4961615 -3.3245542 -2.0861626E-07
v 1.5238161 -3.5639265 2.615609
v 1.5352716 -3.591581 2.615609
v 1.5238161 -3.6192358 2.615609
v 1.4961615 -3.552471 2.615609
v 1.4961615 -3.6306913 2.615609
v 1.4685068 -3.5639265 2.615609
v 1.4685068 -3.6192358 2.615609
v 1.4570513 -3.591581 2.615609
v 1.6849775 -3.7803972 -2.0861626E-07
v 1.7631884 -3.591581 -2.0861626E-07
v 1.6849775 -3.4027653 -2.0861626E-07
v 1.4961611 -3.858608 -2.0861626E-07
v 1.4961615 -3.3245542 -2.0861626E-07
v 1.3073454 -3.402765 -2.0861626E-07
v 1.3073454 -3.7803972 -2.0861626E-07
v 1.2291346 -3.591581 -2.0861626E-07
v -0.91508055 -1.5827693 -0.001825553
v -1.5481868 -1.5827693 -0.001825553
v -1.5481868 -1.5827693 5.646509
v -0.91508055 -1.5827693 5.646509
v -0.28197432 -1.5827693 -0.001825553
v -0.91508055 -1.5827693 6.1999145
v -1.5481868 -1.5827693 6.1999145
v -0.28197432 -1.5827693 5.646509
v 0.35113192 -1.5827693 -0.001825553
v 0.35113192 -1.5827693 5.646509
v 0.98423815 -1.5827693 -0.001825553
v 0.98423815 -1.5827693 5.646509
v 1.6173444 -1.5827693 -0.001825553
v 1.6173444 -1.5827693 5.646509
v 1.6173444 -1.5827693 6.1999145
v 0.98423815 -1.5827693 6.1999145
v 0.98423815 1.5827621 -0.001825553
v 1.6173444 1.5827621 -0.001825553
v 1.6173444 1.5827621 5.646509
v 0.98423815 1.5827621 5.646509
v 0.35113192 1.5827621 -0.001825553
v 0.98423815 1.5827621 6.1999145
v 1.6173444 1.5827621 6.1999145
v 0.35113192 1.5827621 5.646509
v -0.28197432 1.5827621 -0.001825553
v -0.28197432 1.5827621 5.646509
v -0.91508055 1.5827621 -0.001825553
v -0.91508055 1.5827621 5.646509
v -1.5481868 1.5827621 -0.001825553
v -1.5481868 1.5827621 5.646509
v -1.5481868 1.5827621 6.1999145
v -0.91508055 1.5827621 6.1999145
v -1.5481868 0.94965583 -0.001825553
v -1.5481868 1.5827621 -0.001825553
v -1.5481868 1.5827621 5.646509
v -1.5481868 0.94965583 5.646509
v -1.5481868 0.31654957 -0.001825553
v -1.5481868 0.31654957 5.646509
v -1.5481868 -0.31655672 -0.001825553
v -1.5481868 -0.31655672 5.646509
v -1.5481868 -0.94966304 -0.001825553
v -1.5481868 -0.94966304 5.646509
v -1.5481868 -1.5827693 -0.001825553
v -1.5481868 -1.5827693 5.646509
v -1.5481868 -1.5827693 6.1999145
v -1.5481868 -0.94966304 6.1999145
v 1.6173444 -0.94966304 -0.001825553
v 1.6173444 -1.5827693 -0.001825553
v 1.6173444 -1.5827693 5.646509
v 1.6173444 -0.94966304 5.646509
v 1.6173444 -0.31655672 -0.001825553
v 1.6173444 -0.94966304 6.1999145
v 1.6173444 -1.5827693 6.1999145
v 1.6173444 -0.31655672 5.646509
v 1.6173444 0.31654957 -0.001825553
v 1.6173444 0.31654957 5.646509
v 1.6173444 0.94965583 -0.001825553
v 1.6173444 0.94965583 5.646509
v 1.6173444 1.5827621 -0.001825553
v 1.6173444 1.5827621 5.646509
v 1.6173444 0.94965583 6.1999145
v 1.6173444 0.31654957 6.1999145
v 1.6173444 0.94965583 5.646509
v 1.6173444 1.5827621 6.1999145
v 1.6173444 1.5827621 5.646509
v 0.73144007 -1.1614404 5.646509
v 0.73144007 -1.1614404 6.1999145
v 0.98423815 -1.5827693 6.1999145
v 0.98423815 -1.5827693 5.646509
v -0.66228247 -1.1614404 5.646509
v -0.66228247 -1.1614404 6.1999145
v -1.1268573 -1.1614404 6.1999145
v -1.1268573 -1.1614404 5.646509
v -0.66228247 -1.1614404 4.726828
v -1.1268573 -1.1614404 4.726828
v -0.19770765 -1.1614404 4.726828
v -0.19770765 -1.1614404 5.646509
v 0.26686525 -1.1614404 4.726828
v 0.26686525 -1.1614404 5.646509
v -0.19770765 -1.1614404 6.1999145
v 0.26686525 -1.1614404 6.1999145
v 0.73144007 -1.1614404 4.726828
v 0.73144007 -1.1614404 5.646509
v 1.1960149 -1.1614404 4.726828
v 1.1960149 -1.1614404 5.646509
v 0.73144007 -1.1614404 6.1999145
v 1.1960149 -1.1614404 6.1999145
v 1.6173444 -0.94966304 5.646509
v 1.6173444 -0.94966304 6.1999145
v 1.1960149 -0.69686574 6.1999145
v 1.1960149 -0.69686574 5.646509
v 1.1960149 -1.1614404 5.646509
v 1.1960149 -1.1614404 4.726828
v 1.1960149 -0.69686574 4.726828
v 1.1960149 -0.69686574 5.646509
v 1.1960149 -1.1614404 6.1999145
v 1.1960149 -0.69686574 6.1999145
v 1.1960149 -0.23229098 4.726828
v 1.1960149 -0.23229098 5.646509
v 1.1960149 0.2322838 4.726828
v 1.1960149 0.2322838 5.646509
v 1.1960149 0.6968585 4.726828
v 1.1960149 0.6968585 5.646509
v 1.1960149 0.2322838 6.1999145
v 1.1960149 1.1614332 4.726828
v 1.1960149 0.6968585 6.1999145
v 1.1960149 1.1614332 5.646509
v 1.1960149 1.1614332 6.1999145
v -1.1268573 1.1614332 5.646509
v -1.1268573 1.1614332 4.726828
v -1.1268573 0.6968585 4.726828
v -1.1268573 0.6968585 5.646509
v -1.1268573 1.1614332 6.1999145
v -1.1268573 0.6968585 6.1999145
v -1.1268573 0.2322838 4.726828
v -1.1268573 0.2322838 5.646509
v -1.1268573 -0.23229098 4.726828
v -1.1268573 -0.23229098 5.646509
v -1.1268573 0.2322838 6.1999145
v -1.1268573 -0.23229098 6.1999145
v -1.1268573 -0.69686574 4.726828
v -1.1268573 -0.69686574 5.646509
v -1.1268573 -1.1614404 4.726828
v -1.1268573 -1.1614404 5.646509
v -1.1268573 -0.69686574 6.1999145
v -1.1268573 -1.1614404 6.1999145
v -0.66228247 1.1614332 4.726828
v -1.1268573 0.6968585 4.726828
v -1.1268573 1.1614332 4.726828
v -0.66228247 0.6968585 4.726828
v -0.19770765 1.1614332 4.726828
v -1.1268573 0.2322838 4.726828
v -0.19770765 0.6968585 4.726828
v 0.26686525 1.1614332 4.726828
v -0.66228247 0.2322838 4.726828
v -1.1268573 -0.23229098 4.726828
v 0.26686525 0.6968585 4.726828
v 0.73144007 1.1614332 4.726828
v -0.66228247 -0.23229098 4.726828
v -1.1268573 -0.69686574 4.726828
v -0.19770765 0.2322838 4.726828
v 0.73144007 0.6968585 4.726828
v 1.1960149 1.1614332 4.726828
v 1.1960149 0.6968585 4.726828
v -0.66228247 -0.69686574 4.726828
v -1.1268573 -1.1614404 4.726828
v -0.66228247 -1.1614404 4.726828
v -0.19770765 -0.23229098 4.726828
v 0.26686525 0.2322838 4.726828
v 0.73144007 0.2322838 4.726828
v 1.1960149 0.2322838 4.726828
v -0.19770765 -0.69686574 4.726828
v -0.19770765 -1.1614404 4.726828
v 0.26686525 -0.23229098 4.726828
v 0.73144007 -0.23229098 4.726828
v 1.1960149 -0.23229098 4.726828
v 0.26686525 -0.69686574 4.726828
v 0.26686525 -1.1614404 4.726828
v 0.73144007 -0.69686574 4.726828
v 1.1960149 -0.69686574 4.726828
v 0.73144007 -1.1614404 4.726828
v 1.1960149 -1.1614404 4.726828
v 0.98423815 1.5827621 5.646509
v 0.98423815 1.5827621 6.1999145
v 0.73144007 1.1614332 6.1999145
v 0.73144007 1.1614332 5.646509
v -1.1268573 -0.69686574 5.646509
v -1.5481868 -0.94966304 5.646509
v -1.5481868 -0.31655672 5.646509
v -1.1268573 -0.23229098 5.646509
v -1.5481868 0.31654957 5.646509
v -1.5481868 0.31654957 6.1999145
v -1.5481868 -0.31655672 6.1999145
v -1.5481868 -0.31655672 5.646509
v -1.1268573 0.2322838 5.646509
v -1.5481868 0.31654957 5.646509
v -1.5481868 0.94965583 5.646509
v -1.1268573 0.6968585 5.646509
v 0.26686525 1.1614332 5.646509
v 0.26686525 1.1614332 6.1999145
v 0.35113192 1.5827621 6.1999145
v 0.35113192 1.5827621 5.646509
v 1.1960149 0.2322838 5.646509
v 1.1960149 0.2322838 6.1999145
v 1.6173444 0.31654957 6.1999145
v 1.6173444 0.31654957 5.646509
v 1.1960149 0.2322838 5.646509
v 1.6173444 0.31654957 5.646509
v 1.6173444 -0.31655672 5.646509
v 1.1960149 -0.23229098 5.646509
v 1.6173444 -0.94966304 5.646509
v 1.1960149 -0.69686574 5.646509
v 0.98423815 1.5827621 -0.001825553
v 1.6173444 0.94965583 -0.001825553
v 1.6173444 1.5827621 -0.001825553
v 0.98423815 0.94965583 -0.001825553
v 0.35113192 1.5827621 -0.001825553
v 1.6173444 0.31654957 -0.001825553
v 0.35113192 0.94965583 -0.001825553
v -0.28197432 1.5827621 -0.001825553
v 0.98423815 0.31654957 -0.001825553
v 1.6173444 -0.31655672 -0.001825553
v -0.28197432 0.94965583 -0.001825553
v -0.91508055 1.5827621 -0.001825553
v 0.98423815 -0.31655672 -0.001825553
v 1.6173444 -0.94966304 -0.001825553
v 0.35113192 0.31654957 -0.001825553
v -0.91508055 0.94965583 -0.001825553
v -1.5481868 1.5827621 -0.001825553
v -1.5481868 0.94965583 -0.001825553
v 0.98423815 -0.94966304 -0.001825553
v 1.6173444 -1.5827693 -0.001825553
v 0.98423815 -1.5827693 -0.001825553
v 0.35113192 -0.31655672 -0.001825553
v -0.28197432 0.31654957 -0.001825553
v -0.91508055 0.31654957 -0.001825553
v -1.5481868 0.31654957 -0.001825553
v 0.35113192 -0.94966304 -0.001825553
v 0.35113192 -1.5827693 -0.001825553
v -0.28197432 -0.31655672 -0.001825553
v -0.91508055 -0.31655672 -0.001825553
v -1.5481868 -0.31655672 -0.001825553
v -0.28197432 -0.94966304 -0.001825553
v -0.28197432 -1.5827693 -0.001825553
v -0.91508055 -0.94966304 -0.001825553
v -1.5481868 -0.94966304 -0.001825553
v -0.91508055 -1.5827693 -0.001825553
v -1.5481868 -1.5827693 -0.001825553
v -0.66228247 1.1614332 5.646509
v -0.91508055 1.5827621 5.646509
v -0.28197432 1.5827621 5.646509
v -0.19770765 1.1614332 5.646509
v -0.28197432 1.5827621 5.646509
v -0.28197432 1.5827621 6.1999145
v -0.19770765 1.1614332 6.1999145
v -0.19770765 1.1614332 5.646509
v 0.26686525 1.1614332 5.646509
v 0.35113192 1.5827621 5.646509
v 0.98423815 1.5827621 5.646509
v 0.73144007 1.1614332 5.646509
v 0.73144007 -1.1614404 5.646509
v 0.98423815 -1.5827693 5.646509
v 0.35113192 -1.5827693 5.646509
v 0.26686525 -1.1614404 5.646509
v -1.5481868 1.5827621 5.646509
v -1.5481868 1.5827621 6.1999145
v -1.5481868 0.94965583 6.1999145
v -1.5481868 0.94965583 5.646509
v -0.19770765 -1.1614404 5.646509
v -0.28197432 -1.5827693 5.646509
v -0.91508055 -1.5827693 5.646509
v -0.66228247 -1.1614404 5.646509
v 1.1960149 1.1614332 5.646509
v 1.1960149 1.1614332 4.726828
v 0.73144007 1.1614332 4.726828
v 0.73144007 1.1614332 5.646509
v 1.1960149 1.1614332 6.1999145
v 0.73144007 1.1614332 6.1999145
v 0.26686525 1.1614332 4.726828
v 0.26686525 1.1614332 5.646509
v -0.19770765 1.1614332 4.726828
v -0.19770765 1.1614332 5.646509
v 0.26686525 1.1614332 6.1999145
v -0.19770765 1.1614332 6.1999145
v -0.66228247 1.1614332 4.726828
v -0.66228247 1.1614332 5.646509
v -1.1268573 1.1614332 4.726828
v -1.1268573 1.1614332 5.646509
v -0.66228247 1.1614332 6.1999145
v -1.1268573 1.1614332 6.1999145
v -0.66228247 -1.1614404 6.1999145
v -0.91508055 -1.5827693 6.1999145
v -1.5481868 -1.5827693 6.1999145
v -1.1268573 -1.1614404 6.1999145
v -1.5481868 -0.94966304 6.1999145
v -1.1268573 -0.69686574 6.1999145
v 1.1960149 -0.69686574 6.1999145
v 1.6173444 -0.94966304 6.1999145
v 1.6173444 -1.5827693 6.1999145
v 1.1960149 -1.1614404 6.1999145
v 0.98423815 -1.5827693 6.1999145
v 0.73144007 -1.1614404 6.1999145
v 0.73144007 1.1614332 6.1999145
v 0.98423815 1.5827621 6.1999145
v 1.6173444 1.5827621 6.1999145
v 1.1960149 1.1614332 6.1999145
v 1.6173444 0.94965583 6.1999145
v 1.1960149 0.6968585 6.1999145
v 1.6173444 0.31654957 6.1999145
v 1.1960149 0.2322838 6.1999145
v -1.1268573 0.6968585 6.1999145
v -1.5481868 0.94965583 6.1999145
v -1.5481868 1.5827621 6.1999145
v -1.1268573 1.1614332 6.1999145
v -0.91508055 1.5827621 6.1999145
v -0.66228247 1.1614332 6.1999145
v -1.1268573 -0.23229098 6.1999145
v -1.5481868 -0.31655672 6.1999145
v -1.5481868 0.31654957 6.1999145
v -1.1268573 0.2322838 6.1999145
v -0.19770765 1.1614332 6.1999145
v -0.28197432 1.5827621 6.1999145
v 0.35113192 1.5827621 6.1999145
v 0.26686525 1.1614332 6.1999145
v 0.26686525 -1.1614404 6.1999145
v 0.35113192 -1.5827693 6.1999145
v -0.28197432 -1.5827693 6.1999145
v -0.19770765 -1.1614404 6.1999145
v 0.35113192 -1.5827693 5.646509
v 0.35113192 -1.5827693 6.1999145
v 0.26686525 -1.1614404 6.1999145
v 0.26686525 -1.1614404 5.646509
v -0.28197432 -1.5827693 5.646509
v -0.28197432 -1.5827693 6.1999145
v 0.35113192 -1.5827693 6.1999145
v 0.35113192 -1.5827693 5.646509
v -0.19770765 -1.1614404 5.646509
v -0.19770765 -1.1614404 6.1999145
v -0.28197432 -1.5827693 6.1999145
v -0.28197432 -1.5827693 5.646509
v -0.91508055 -1.5827693 5.646509
v -0.91508055 -1.5827693 6.1999145
v -0.66228247 -1.1614404 6.1999145
v -0.66228247 -1.1614404 5.646509
v -1.1268573 -0.69686574 5.646509
v -1.1268573 -0.69686574 6.1999145
v -1.5481868 -0.94966304 6.1999145
v -1.5481868 -0.94966304 5.646509
v -1.5481868 -0.31655672 5.646509
v -1.5481868 -0.31655672 6.1999145
v -1.1268573 -0.23229098 6.1999145
v -1.1268573 -0.23229098 5.646509
v -1.1268573 0.2322838 5.646509
v -1.1268573 0.2322838 6.1999145
v -1.5481868 0.31654957 6.1999145
v -1.5481868 0.31654957 5.646509
v -1.5481868 0.94965583 5.646509
v -1.5481868 0.94965583 6.1999145
v -1.1268573 0.6968585 6.1999145
v -1.1268573 0.6968585 5.646509
v 0.35113192 1.5827621 5.646509
v 0.35113192 1.5827621 6.1999145
v -0.28197432 1.5827621 6.1999145
v -0.28197432 1.5827621 5.646509
v -0.66228247 1.1614332 5.646509
v -0.66228247 1.1614332 6.1999145
v -0.91508055 1.5827621 6.1999145
v -0.91508055 1.5827621 5.646509
v -0.68672705 -0.43083155 9.048615
v -0.59842634 -0.3738217 9.695191
v -0.68672705 -0.43083155 9.695191
v -0.59842634 -0.3738217 9.048615
v -0.68672705 -0.43083155 4.7178226
v -0.59842634 -0.3738217 4.7178226
v -0.59842634 -0.3738217 9.048615
v -0.5414157 -0.4621233 9.695191
v -0.59842634 -0.3738217 9.695191
v -0.5414157 -0.4621233 9.048615
v -0.59842634 -0.3738217 4.7178226
v -0.5414157 -0.4621233 4.7178226
v -0.6297183 -0.5191331 9.048615
v 0.5931401 -2.3370023 8.461345
v 0.6119981 -2.3248272 8.461345
v -0.5414157 -0.4621233 9.048615
v -0.6297183 -0.5191331 9.048615
v -0.68672705 -0.43083155 9.695191
v -0.6297183 -0.5191331 9.695191
v -0.68672705 -0.43083155 9.048615
v -0.6297183 -0.5191331 4.7178226
v -0.68672705 -0.43083155 4.7178226
v -0.59842634 -0.3738217 4.7178226
v -0.68672705 -0.43083155 4.7178226
v -0.6297183 -0.5191331 4.7178226
v -0.5414157 -0.4621233 4.7178226
v -0.5414157 -0.4621233 9.695191
v -0.6297183 -0.5191331 9.695191
v -0.68672705 -0.43083155 9.695191
v -0.59842634 -0.3738217 9.695191
v -0.5414157 -0.4621233 4.7178226
v -0.6297183 -0.5191331 4.7178226
v -0.6297183 -0.5191331 9.048615
v -0.5414157 -0.4621233 9.048615
v 0.5931401 -2.3370023 8.599429
v 0.6196122 -2.3780057 8.599429
v 0.6196122 -2.3780057 8.461345
v 0.5931401 -2.3370023 8.461345
v -0.6297183 -0.5191331 9.695191
v -0.6297183 -0.5191331 9.048615
v -0.5414157 -0.4621233 9.048615
v 0.6119981 -2.3248272 8.599429
v -0.5414157 -0.4621233 9.695191
v 0.6119981 -2.3248272 8.461345
v 0.6384702 -2.3658307 8.599429
v 0.6384702 -2.3658307 8.461345
v -0.5414157 -0.4621233 9.695191
v 0.6119981 -2.3248272 8.599429
v 0.5931401 -2.3370023 8.599429
v -0.6297183 -0.5191331 9.695191
v 0.6384702 -2.3658307 8.461345
v 0.6196122 -2.3780057 8.461345
v 0.6196122 -2.3780057 8.599429
v 0.6384702 -2.3658307 8.599429
v 0.6119981 -2.3248272 8.599429
v 0.6384702 -2.3658307 8.599429
v 0.6196122 -2.3780057 8.599429
v 0.5931401 -2.3370023 8.599429
v 0.5931401 -2.3370023 8.461345
v 0.6196122 -2.3780057 8.461345
v 0.6384702 -2.3658307 8.461345
v 0.6119981 -2.3248272 8.461345
vt 0.375 0
vt 0.375 0.25
vt 0.625 0.25
vt 0.625 0
vt 0.125 0.5
vt 0.125 0.75
vt 0.375 0.75
vt 0.375 0.5
vt 0.375 0.25
vt 0.375 0.5
vt 0.625 0.5
vt 0.625 0.25
vt 0.625 0.5
vt 0.625 0.75
vt 0.875 0.75
vt 0.875 0.5
vt 0.375 0.5
vt 0.375 0.75
vt 0.625 0.75
vt 0.625 0.5
vt 0.125 0.5
vt 0.125 0.75
vt 0.375 0.75
vt 0.375 0.5
vt 0.625 0.5
vt 0.625 0.75
vt 0.875 0.75
vt 0.875 0.5
vt 0.375 0.25
vt 0.375 0.5
vt 0.625 0.5
vt 0.625 0.25
vt 0.375 0
vt 0.375 0.25
vt 0.625 0.25
vt 0.625 0
vt 0.375 0.75
vt 0.375 1
vt 0.625 1
vt 0.625 0.75
vt 0.375 0.5
vt 0.375 0.75
vt 0.625 0.75
vt 0.625 0.5
vt 0.375 0
vt 0.375 0.25
vt 0.625 0.25
vt 0.625 0
vt 0.375 0.75
vt 0.375 1
vt 0.625 1
vt 0.625 0.75
vt 0.375 0.25
vt 0.375 0.5
vt 0.625 0.5
vt 0.625 0.25
vt 0.125 0.5
vt 0.125 0.75
vt 0.375 0.75
vt 0.375 0.5
vt 0.375 0
vt 0.375 0.25
vt 0.625 0.25
vt 0.625 0
vt 0.375 0.25
vt 0.375 0.5
vt 0.625 0.5
vt 0.625 0.25
vt 0.375 0.75
vt 0.375 1
vt 0.625 1
vt 0.625 0.75
vt 0.375 0.5
vt 0.375 0.75
vt 0.625 0.75
vt 0.625 0.5
vt 0.625 0.5
vt 0.625 0.75
vt 0.875 0.75
vt 0.875 0.5
vt 0.375 0.75
vt 0.625 0.875
vt 0.625 0.75
vt 0.375 0.875
vt 0.625 1
vt 0.375 1
vt 0.375 0.375
vt 0.375 0.5
vt 0.625 0.5
vt 0.625 0.375
vt 0.375 0.25
vt 0.625 0.25
vt 0.625 0.5
vt 0.625 0.75
vt 0.75 0.75
vt 0.75 0.5
vt 0.25 0.5
vt 0.375 0.75
vt 0.375 0.5
vt 0.25 0.75
vt 0.125 0.5
vt 0.125 0.75
vt 0.75 0.5
vt 0.75 0.75
vt 0.875 0.75
vt 0.875 0.5
vt 0.375 0.5
vt 0.375 0.75
vt 0.625 0.75
vt 0.625 0.5
vt 0.375 0
vt 0.375 0.25
vt 0.625 0.25
vt 0.625 0
vt 0.375 0
vt 0.375 0.25
vt 0.625 0.25
vt 0.625 0
vt 0.375 0.375
vt 0.375 0.5
vt 0.625 0.5
vt 0.625 0.375
vt 0.375 0.25
vt 0.625 0.25
vt 0.375 0.5
vt 0.375 0.75
vt 0.625 0.75
vt 0.625 0.5
vt 0.375 0.875
vt 0.375 1
vt 0.625 1
vt 0.625 0.875
vt 0.375 0.75
vt 0.625 0.75
vt 0.25 0.5
vt 0.375 0.75
vt 0.375 0.5
vt 0.25 0.75
vt 0.125 0.5
vt 0.125 0.75
vt 0.75 0.5
vt 0.75 0.75
vt 0.875 0.75
vt 0.875 0.5
vt 0.625 0.5
vt 0.625 0.75
vt 0.75 0.75
vt 0.75 0.5
vt 0.41970557 0.08029419
vt 0.25 0.010000005
vt 0.080294415 0.08029419
vt 0.49 0.25
vt 0.010000005 0.25
vt 0.41970557 0.4197058
vt 0.080294415 0.4197058
vt 0.25 0.49
vt 0.25 0.5
vt 0.125 0.5
vt 0.125 1
vt 0.25 1
vt 0.25 1
vt 0.125 1
vt 0.5 0.5
vt 0.375 0.5
vt 0.375 1
vt 0.5 1
vt 0.5 1
vt 0.375 1
vt 0.58029443 0.08029419
vt 0.75 0.010000005
vt 0.91970557 0.08029419
vt 0.51 0.25
vt 0.99 0.25
vt 0.58029443 0.4197058
vt 0.91970557 0.4197058
vt 0.75 0.49
vt 0 1
vt 0 1
vt 0.125 1
vt 0.125 1
vt 0.125 0.5
vt 0 0.5
vt 0.875 0.5
vt 0.75 0.5
vt 0.75 1
vt 0.875 1
vt 0.875 1
vt 0.75 1
vt 0.375 0.5
vt 0.25 0.5
vt 0.25 1
vt 0.375 1
vt 0.375 1
vt 0.25 1
vt 0.75 0.5
vt 0.625 0.5
vt 0.625 1
vt 0.75 1
vt 0.75 1
vt 0.625 1
vt 0.25 1
vt 0.25 1
vt 0.375 1
vt 0.375 1
vt 0.375 0.5
vt 0.25 0.5
vt 0.5 0.5
vt 0.375 0.5
vt 0.375 1
vt 0.5 1
vt 0.5 1
vt 0.375 1
vt 0.25 0.5
vt 0.125 0.5
vt 0.125 1
vt 0.25 1
vt 0.25 1
vt 0.125 1
vt 0.41970557 0.08029419
vt 0.25 0.010000005
vt 0.080294415 0.08029419
vt 0.49 0.25
vt 0.010000005 0.25
vt 0.41970557 0.4197058
vt 0.080294415 0.4197058
vt 0.25 0.49
vt 0.75 1
vt 0.75 1
vt 0.875 1
vt 0.875 1
vt 0.875 0.5
vt 0.75 0.5
vt 0.5 1
vt 0.5 1
vt 0.625 1
vt 0.625 1
vt 0.625 0.5
vt 0.5 0.5
vt 0 1
vt 0 1
vt 0.125 1
vt 0.125 1
vt 0.125 0.5
vt 0 0.5
vt 0.125 0.5
vt 0 0.5
vt 0 1
vt 0.125 1
vt 0.125 1
vt 0 1
vt 0.25 0.5
vt 0.125 0.5
vt 0.125 1
vt 0.25 1
vt 0.25 1
vt 0.125 1
vt 0.125 0.5
vt 0 0.5
vt 0 1
vt 0.125 1
vt 0.125 1
vt 0 1
vt 0.58029443 0.08029419
vt 0.75 0.010000005
vt 0.91970557 0.08029419
vt 0.51 0.25
vt 0.99 0.25
vt 0.58029443 0.4197058
vt 0.91970557 0.4197058
vt 0.75 0.49
vt 1 0.5
vt 0.875 0.5
vt 0.875 1
vt 1 1
vt 1 1
vt 0.875 1
vt 0.5 1
vt 0.5 1
vt 0.625 1
vt 0.625 1
vt 0.625 0.5
vt 0.5 0.5
vt 1 0.5
vt 0.875 0.5
vt 0.875 1
vt 1 1
vt 1 1
vt 0.875 1
vt 0.58029443 0.08029419
vt 0.75 0.010000005
vt 0.91970557 0.08029419
vt 0.51 0.25
vt 0.99 0.25
vt 0.58029443 0.4197058
vt 0.91970557 0.4197058
vt 0.75 0.49
vt 1 0.5
vt 0.875 0.5
vt 0.875 1
vt 1 1
vt 1 1
vt 0.875 1
vt 0.75 0.5
vt 0.625 0.5
vt 0.625 1
vt 0.75 1
vt 0.75 1
vt 0.625 1
vt 0.75 1
vt 0.75 1
vt 0.875 1
vt 0.875 1
vt 0.875 0.5
vt 0.75 0.5
vt 0.41970557 0.08029419
vt 0.25 0.010000005
vt 0.080294415 0.08029419
vt 0.49 0.25
vt 0.010000005 0.25
vt 0.41970557 0.4197058
vt 0.080294415 0.4197058
vt 0.25 0.49
vt 0.25 1
vt 0.25 1
vt 0.375 1
vt 0.375 1
vt 0.375 0.5
vt 0.25 0.5
vt 0.375 1
vt 0.375 1
vt 0.5 1
vt 0.5 1
vt 0.5 0.5
vt 0.375 0.5
vt 0.58029443 0.08029419
vt 0.75 0.010000005
vt 0.91970557 0.08029419
vt 0.51 0.25
vt 0.99 0.25
vt 0.58029443 0.4197058
vt 0.91970557 0.4197058
vt 0.75 0.49
vt 0.625 0.5
vt 0.5 0.5
vt 0.5 1
vt 0.625 1
vt 0.625 1
vt 0.5 1
vt 0.875 1
vt 0.875 1
vt 1 1
vt 1 1
vt 1 0.5
vt 0.875 0.5
vt 0.375 0.5
vt 0.25 0.5
vt 0.25 1
vt 0.375 1
vt 0.375 1
vt 0.25 1
vt 1 0.5
vt 0.875 0.5
vt 0.875 1
vt 1 1
vt 1 1
vt 0.875 1
vt 0.41970557 0.08029419
vt 0.25 0.010000005
vt 0.080294415 0.08029419
vt 0.49 0.25
vt 0.010000005 0.25
vt 0.41970557 0.4197058
vt 0.080294415 0.4197058
vt 0.25 0.49
vt 0.58029443 0.08029419
vt 0.75 0.010000005
vt 0.91970557 0.08029419
vt 0.51 0.25
vt 0.99 0.25
vt 0.58029443 0.4197058
vt 0.91970557 0.4197058
vt 0.75 0.49
vt 0.125 1
vt 0.125 1
vt 0.25 1
vt 0.25 1
vt 0.25 0.5
vt 0.125 0.5
vt 0.875 0.5
vt 0.75 0.5
vt 0.75 1
vt 0.875 1
vt 0.875 1
vt 0.75 1
vt 0.25 1
vt 0.25 1
vt 0.375 1
vt 0.375 1
vt 0.375 0.5
vt 0.25 0.5
vt 0.625 1
vt 0.625 1
vt 0.75 1
vt 0.75 1
vt 0.75 0.5
vt 0.625 0.5
vt 0.125 1
vt 0.125 1
vt 0.25 1
vt 0.25 1
vt 0.25 0.5
vt 0.125 0.5
vt 0.375 1
vt 0.375 1
vt 0.5 1
vt 0.5 1
vt 0.5 0.5
vt 0.375 0.5
vt 0.625 1
vt 0.625 1
vt 0.75 1
vt 0.75 1
vt 0.75 0.5
vt 0.625 0.5
vt 0.625 0.5
vt 0.5 0.5
vt 0.5 1
vt 0.625 1
vt 0.625 1
vt 0.5 1
vt 0.875 1
vt 0.875 1
vt 1 1
vt 1 1
vt 1 0.5
vt 0.875 0.5
vt 0.5 0.5
vt 0.375 0.5
vt 0.375 1
vt 0.5 1
vt 0.5 1
vt 0.375 1
vt 0.625 0.5
vt 0.5 0.5
vt 0.5 1
vt 0.625 1
vt 0.625 1
vt 0.5 1
vt 0.41970557 0.08029419
vt 0.25 0.010000005
vt 0.080294415 0.08029419
vt 0.49 0.25
vt 0.010000005 0.25
vt 0.41970557 0.4197058
vt 0.080294415 0.4197058
vt 0.25 0.49
vt 0.875 0.5
vt 0.75 0.5
vt 0.75 1
vt 0.875 1
vt 0.875 1
vt 0.75 1
vt 0 1
vt 0 1
vt 0.125 1
vt 0.125 1
vt 0.125 0.5
vt 0 0.5
vt 0.125 0.5
vt 0 0.5
vt 0 1
vt 0.125 1
vt 0.125 1
vt 0 1
vt 0.75 0.5
vt 0.625 0.5
vt 0.625 1
vt 0.75 1
vt 0.75 1
vt 0.625 1
vt 0.080294415 0.08029419
vt 0.010000005 0.25
vt 0.080294415 0.4197058
vt 0.25 0.010000005
vt 0.25 0.49
vt 0.41970557 0.08029419
vt 0.41970557 0.4197058
vt 0.49 0.25
vt 0.25 0.5
vt 0.125 0.5
vt 0.125 1
vt 0.25 1
vt 0.25 1
vt 0.125 1
vt 0.5 0.5
vt 0.375 0.5
vt 0.375 1
vt 0.5 1
vt 0.5 1
vt 0.375 1
vt 0.58029443 0.4197058
vt 0.51 0.25
vt 0.58029443 0.08029419
vt 0.75 0.49
vt 0.75 0.010000005
vt 0.91970557 0.4197058
vt 0.91970557 0.08029419
vt 0.99 0.25
vt 0 1
vt 0 1
vt 0.125 1
vt 0.125 1
vt 0.125 0.5
vt 0 0.5
vt 0.875 0.5
vt 0.75 0.5
vt 0.75 1
vt 0.875 1
vt 0.875 1
vt 0.75 1
vt 0.375 0.5
vt 0.25 0.5
vt 0.25 1
vt 0.375 1
vt 0.375 1
vt 0.25 1
vt 0.75 0.5
vt 0.625 0.5
vt 0.625 1
vt 0.75 1
vt 0.75 1
vt 0.625 1
vt 0.25 1
vt 0.25 1
vt 0.375 1
vt 0.375 1
vt 0.375 0.5
vt 0.25 0.5
vt 0.5 0.5
vt 0.375 0.5
vt 0.375 1
vt 0.5 1
vt 0.5 1
vt 0.375 1
vt 0.25 0.5
vt 0.125 0.5
vt 0.125 1
vt 0.25 1
vt 0.25 1
vt 0.125 1
vt 0.080294415 0.08029419
vt 0.010000005 0.25
vt 0.080294415 0.4197058
vt 0.25 0.010000005
vt 0.25 0.49
vt 0.41970557 0.08029419
vt 0.41970557 0.4197058
vt 0.49 0.25
vt 0.75 1
vt 0.75 1
vt 0.875 1
vt 0.875 1
vt 0.875 0.5
vt 0.75 0.5
vt 0.5 1
vt 0.5 1
vt 0.625 1
vt 0.625 1
vt 0.625 0.5
vt 0.5 0.5
vt 0 1
vt 0 1
vt 0.125 1
vt 0.125 1
vt 0.125 0.5
vt 0 0.5
vt 0.125 0.5
vt 0 0.5
vt 0 1
vt 0.125 1
vt 0.125 1
vt 0 1
vt 0.25 0.5
vt 0.125 0.5
vt 0.125 1
vt 0.25 1
vt 0.25 1
vt 0.125 1
vt 0.125 0.5
vt 0 0.5
vt 0 1
vt 0.125 1
vt 0.125 1
vt 0 1
vt 0.58029443 0.4197058
vt 0.51 0.25
vt 0.58029443 0.08029419
vt 0.75 0.49
vt 0.75 0.010000005
vt 0.91970557 0.08029419
vt 0.91970557 0.4197058
vt 0.99 0.25
vt 1 0.5
vt 0.875 0.5
vt 0.875 1
vt 1 1
vt 1 1
vt 0.875 1
vt 0.5 1
vt 0.5 1
vt 0.625 1
vt 0.625 1
vt 0.625 0.5
vt 0.5 0.5
vt 1 0.5
vt 0.875 0.5
vt 0.875 1
vt 1 1
vt 1 1
vt 0.875 1
vt 0.58029443 0.4197058
vt 0.51 0.25
vt 0.58029443 0.08029419
vt 0.75 0.49
vt 0.75 0.010000005
vt 0.91970557 0.08029419
vt 0.91970557 0.4197058
vt 0.99 0.25
vt 1 0.5
vt 0.875 0.5
vt 0.875 1
vt 1 1
vt 1 1
vt 0.875 1
vt 0.75 0.5
vt 0.625 0.5
vt 0.625 1
vt 0.75 1
vt 0.75 1
vt 0.625 1
vt 0.75 1
vt 0.75 1
vt 0.875 1
vt 0.875 1
vt 0.875 0.5
vt 0.75 0.5
vt 0.080294415 0.08029419
vt 0.010000005 0.25
vt 0.080294415 0.4197058
vt 0.25 0.010000005
vt 0.25 0.49
vt 0.41970557 0.08029419
vt 0.41970557 0.4197058
vt 0.49 0.25
vt 0.25 1
vt 0.25 1
vt 0.375 1
vt 0.375 1
vt 0.375 0.5
vt 0.25 0.5
vt 0.375 1
vt 0.375 1
vt 0.5 1
vt 0.5 1
vt 0.5 0.5
vt 0.375 0.5
vt 0.58029443 0.4197058
vt 0.51 0.25
vt 0.58029443 0.08029419
vt 0.75 0.49
vt 0.75 0.010000005
vt 0.91970557 0.08029419
vt 0.91970557 0.4197058
vt 0.99 0.25
vt 0.625 0.5
vt 0.5 0.5
vt 0.5 1
vt 0.625 1
vt 0.625 1
vt 0.5 1
vt 0.875 1
vt 0.875 1
vt 1 1
vt 1 1
vt 1 0.5
vt 0.875 0.5
vt 0.375 0.5
vt 0.25 0.5
vt 0.25 1
vt 0.375 1
vt 0.375 1
vt 0.25 1
vt 1 0.5
vt 0.875 0.5
vt 0.875 1
vt 1 1
vt 1 1
vt 0.875 1
vt 0.080294415 0.08029419
vt 0.010000005 0.25
vt 0.080294415 0.4197058
vt 0.25 0.010000005
vt 0.25 0.49
vt 0.41970557 0.08029419
vt 0.41970557 0.4197058
vt 0.49 0.25
vt 0.58029443 0.4197058
vt 0.51 0.25
vt 0.58029443 0.08029419
vt 0.75 0.49
vt 0.75 0.010000005
vt 0.91970557 0.08029419
vt 0.91970557 0.4197058
vt 0.99 0.25
vt 0.125 1
vt 0.125 1
vt 0.25 1
vt 0.25 1
vt 0.25 0.5
vt 0.125 0.5
vt 0.875 0.5
vt 0.75 0.5
vt 0.75 1
vt 0.875 1
vt 0.875 1
vt 0.75 1
vt 0.25 1
vt 0.25 1
vt 0.375 1
vt 0.375 1
vt 0.375 0.5
vt 0.25 0.5
vt 0.625 1
vt 0.625 1
vt 0.75 1
vt 0.75 1
vt 0.75 0.5
vt 0.625 0.5
vt 0.125 1
vt 0.125 1
vt 0.25 1
vt 0.25 1
vt 0.25 0.5
vt 0.125 0.5
vt 0.375 1
vt 0.375 1
vt 0.5 1
vt 0.5 1
vt 0.5 0.5
vt 0.375 0.5
vt 0.625 1
vt 0.625 1
vt 0.75 1
vt 0.75 1
vt 0.75 0.5
vt 0.625 0.5
vt 0.625 0.5
vt 0.5 0.5
vt 0.5 1
vt 0.625 1
vt 0.625 1
vt 0.5 1
vt 0.875 1
vt 0.875 1
vt 1 1
vt 1 1
vt 1 0.5
vt 0.875 0.5
vt 0.5 0.5
vt 0.375 0.5
vt 0.375 1
vt 0.5 1
vt 0.5 1
vt 0.375 1
vt 0.625 0.5
vt 0.5 0.5
vt 0.5 1
vt 0.625 1
vt 0.625 1
vt 0.5 1
vt 0.080294415 0.08029419
vt 0.010000005 0.25
vt 0.080294415 0.4197058
vt 0.25 0.010000005
vt 0.25 0.49
vt 0.41970557 0.08029419
vt 0.41970557 0.4197058
vt 0.49 0.25
vt 0.875 0.5
vt 0.75 0.5
vt 0.75 1
vt 0.875 1
vt 0.875 1
vt 0.75 1
vt 0 1
vt 0 1
vt 0.125 1
vt 0.125 1
vt 0.125 0.5
vt 0 0.5
vt 0.125 0.5
vt 0 0.5
vt 0 1
vt 0.125 1
vt 0.125 1
vt 0 1
vt 0.75 0.5
vt 0.625 0.5
vt 0.625 1
vt 0.75 1
vt 0.75 1
vt 0.625 1
vt 0.125 0.5
vt 0 0.5
vt 0 1
vt 0.125 1
vt 0.125 1
vt 0 1
vt 1 0.5
vt 0.875 0.5
vt 0.875 1
vt 1 1
vt 1 1
vt 0.875 1
vt 0.75 1
vt 0.75 1
vt 0.875 1
vt 0.875 1
vt 0.875 0.5
vt 0.75 0.5
vt 0.75 0.5
vt 0.625 0.5
vt 0.625 1
vt 0.75 1
vt 0.75 1
vt 0.625 1
vt 0.875 0.5
vt 0.75 0.5
vt 0.75 1
vt 0.875 1
vt 0.875 1
vt 0.75 1
vt 0.625 1
vt 0.625 1
vt 0.75 1
vt 0.75 1
vt 0.75 0.5
vt 0.625 0.5
vt 0.25 0.5
vt 0.125 0.5
vt 0.125 1
vt 0.25 1
vt 0.25 1
vt 0.125 1
vt 0.875 1
vt 0.875 1
vt 1 1
vt 1 1
vt 1 0.5
vt 0.875 0.5
vt 0.25 0.5
vt 0.125 0.5
vt 0.125 1
vt 0.25 1
vt 0.25 1
vt 0.125 1
vt 0.5 1
vt 0.5 1
vt 0.625 1
vt 0.625 1
vt 0.625 0.5
vt 0.5 0.5
vt 0.375 0.5
vt 0.25 0.5
vt 0.25 1
vt 0.375 1
vt 0.375 1
vt 0.25 1
vt 0.625 0.5
vt 0.5 0.5
vt 0.5 1
vt 0.625 1
vt 0.625 1
vt 0.5 1
vt 0.5 0.5
vt 0.375 0.5
vt 0.375 1
vt 0.5 1
vt 0.5 1
vt 0.375 1
vt 0.5 0.5
vt 0.375 0.5
vt 0.375 1
vt 0.5 1
vt 0.5 1
vt 0.375 1
vt 1 0.5
vt 0.875 0.5
vt 0.875 1
vt 1 1
vt 1 1
vt 0.875 1
vt 0.080294415 0.4197058
vt 0.25 0.49
vt 0.41970557 0.4197058
vt 0.010000005 0.25
vt 0.49 0.25
vt 0.080294415 0.08029419
vt 0.41970557 0.08029419
vt 0.25 0.010000005
vt 0 1
vt 0 1
vt 0.125 1
vt 0.125 1
vt 0.125 0.5
vt 0 0.5
vt 0.91970557 0.4197058
vt 0.75 0.49
vt 0.58029443 0.4197058
vt 0.99 0.25
vt 0.51 0.25
vt 0.91970557 0.08029419
vt 0.58029443 0.08029419
vt 0.75 0.010000005
vt 0.25 1
vt 0.25 1
vt 0.375 1
vt 0.375 1
vt 0.375 0.5
vt 0.25 0.5
vt 0.75 0.5
vt 0.625 0.5
vt 0.625 1
vt 0.75 1
vt 0.75 1
vt 0.625 1
vt 0.5 0.5
vt 0.375 0.5
vt 0.375 1
vt 0.5 1
vt 0.5 1
vt 0.375 1
vt 0.080294415 0.4197058
vt 0.25 0.49
vt 0.41970557 0.4197058
vt 0.010000005 0.25
vt 0.49 0.25
vt 0.080294415 0.08029419
vt 0.41970557 0.08029419
vt 0.25 0.010000005
vt 0.91970557 0.4197058
vt 0.75 0.49
vt 0.58029443 0.4197058
vt 0.99 0.25
vt 0.51 0.25
vt 0.91970557 0.08029419
vt 0.58029443 0.08029419
vt 0.75 0.010000005
vt 0.625 0.5
vt 0.5 0.5
vt 0.5 1
vt 0.625 1
vt 0.625 1
vt 0.5 1
vt 0.875 0.5
vt 0.75 0.5
vt 0.75 1
vt 0.875 1
vt 0.875 1
vt 0.75 1
vt 0.125 1
vt 0.125 1
vt 0.25 1
vt 0.25 1
vt 0.25 0.5
vt 0.125 0.5
vt 0.125 0.5
vt 0 0.5
vt 0 1
vt 0.125 1
vt 0.125 1
vt 0 1
vt 0.875 1
vt 0.875 1
vt 1 1
vt 1 1
vt 1 0.5
vt 0.875 0.5
vt 0.375 0.5
vt 0.25 0.5
vt 0.25 1
vt 0.375 1
vt 0.375 1
vt 0.25 1
vt 0.125 1
vt 0.125 1
vt 0.25 1
vt 0.25 1
vt 0.25 0.5
vt 0.125 0.5
vt 0.375 1
vt 0.375 1
vt 0.5 1
vt 0.5 1
vt 0.5 0.5
vt 0.375 0.5
vt 0.125 0.5
vt 0 0.5
vt 0 1
vt 0.125 1
vt 0.125 1
vt 0 1
vt 0.080294415 0.4197058
vt 0.25 0.49
vt 0.41970557 0.4197058
vt 0.010000005 0.25
vt 0.49 0.25
vt 0.080294415 0.08029419
vt 0.41970557 0.08029419
vt 0.25 0.010000005
vt 0.125 1
vt 0.125 1
vt 0.25 1
vt 0.25 1
vt 0.25 0.5
vt 0.125 0.5
vt 0.625 1
vt 0.625 1
vt 0.75 1
vt 0.75 1
vt 0.75 0.5
vt 0.625 0.5
vt 0 1
vt 0 1
vt 0.125 1
vt 0.125 1
vt 0.125 0.5
vt 0 0.5
vt 0 1
vt 0 1
vt 0.125 1
vt 0.125 1
vt 0.125 0.5
vt 0 0.5
vt 0.625 1
vt 0.625 1
vt 0.75 1
vt 0.75 1
vt 0.75 0.5
vt 0.625 0.5
vt 0.875 0.5
vt 0.75 0.5
vt 0.75 1
vt 0.875 1
vt 0.875 1
vt 0.75 1
vt 0.91970557 0.4197058
vt 0.75 0.49
vt 0.58029443 0.4197058
vt 0.99 0.25
vt 0.51 0.25
vt 0.91970557 0.08029419
vt 0.58029443 0.08029419
vt 0.75 0.010000005
vt 1 0.5
vt 0.875 0.5
vt 0.875 1
vt 1 1
vt 1 1
vt 0.875 1
vt 0.375 0.5
vt 0.25 0.5
vt 0.25 1
vt 0.375 1
vt 0.375 1
vt 0.25 1
vt 0.375 0.5
vt 0.25 0.5
vt 0.25 1
vt 0.375 1
vt 0.375 1
vt 0.25 1
vt 0.5 0.5
vt 0.375 0.5
vt 0.375 1
vt 0.5 1
vt 0.5 1
vt 0.375 1
vt 0.75 1
vt 0.75 1
vt 0.875 1
vt 0.875 1
vt 0.875 0.5
vt 0.75 0.5
vt 0.5 1
vt 0.5 1
vt 0.625 1
vt 0.625 1
vt 0.625 0.5
vt 0.5 0.5
vt 1 0.5
vt 0.875 0.5
vt 0.875 1
vt 1 1
vt 1 1
vt 0.875 1
vt 0.080294415 0.4197058
vt 0.25 0.49
vt 0.41970557 0.4197058
vt 0.010000005 0.25
vt 0.49 0.25
vt 0.080294415 0.08029419
vt 0.41970557 0.08029419
vt 0.25 0.010000005
vt 0.91970557 0.4197058
vt 0.75 0.49
vt 0.58029443 0.4197058
vt 0.99 0.25
vt 0.51 0.25
vt 0.91970557 0.08029419
vt 0.58029443 0.08029419
vt 0.75 0.010000005
vt 0.080294415 0.4197058
vt 0.25 0.49
vt 0.41970557 0.4197058
vt 0.010000005 0.25
vt 0.49 0.25
vt 0.080294415 0.08029419
vt 0.41970557 0.08029419
vt 0.25 0.010000005
vt 0.5 1
vt 0.5 1
vt 0.625 1
vt 0.625 1
vt 0.625 0.5
vt 0.5 0.5
vt 0.91970557 0.4197058
vt 0.75 0.49
vt 0.58029443 0.4197058
vt 0.99 0.25
vt 0.51 0.25
vt 0.91970557 0.08029419
vt 0.58029443 0.08029419
vt 0.75 0.010000005
vt 0.375 0
vt 0.375 0.25
vt 0.625 0.25
vt 0.625 0
vt 0.375 0.25
vt 0.375 0.5
vt 0.625 0.5
vt 0.625 0.25
vt 0.375 0.5
vt 0.375 0.75
vt 0.625 0.75
vt 0.625 0.5
vt 0.375 0.75
vt 0.375 1
vt 0.625 1
vt 0.625 0.75
vt 0.125 0.5
vt 0.125 0.75
vt 0.375 0.75
vt 0.375 0.5
vt 0.625 0.5
vt 0.625 0.75
vt 0.875 0.75
vt 0.875 0.5
vt 0.375 0
vt 0.375 0.25
vt 0.625 0.25
vt 0.625 0
vt 0.375 0.25
vt 0.375 0.5
vt 0.625 0.5
vt 0.625 0.25
vt 0.375 0.5
vt 0.375 0.75
vt 0.625 0.75
vt 0.625 0.5
vt 0.375 0.75
vt 0.375 1
vt 0.625 1
vt 0.625 0.75
vt 0.125 0.5
vt 0.125 0.75
vt 0.375 0.75
vt 0.375 0.5
vt 0.625 0.5
vt 0.625 0.75
vt 0.875 0.75
vt 0.875 0.5
vt 0.375 0
vt 0.375 0.25
vt 0.625 0.25
vt 0.625 0
vt 0.375 0.25
vt 0.375 0.5
vt 0.625 0.5
vt 0.625 0.25
vt 0.375 0.5
vt 0.375 0.75
vt 0.625 0.75
vt 0.625 0.5
vt 0.375 0.75
vt 0.375 1
vt 0.625 1
vt 0.625 0.75
vt 0.125 0.5
vt 0.125 0.75
vt 0.375 0.75
vt 0.375 0.5
vt 0.625 0.5
vt 0.625 0.75
vt 0.875 0.75
vt 0.875 0.5
vt 0.375 0
vt 0.375 0.25
vt 0.625 0.25
vt 0.625 0
vt 0.375 0.25
vt 0.375 0.5
vt 0.625 0.5
vt 0.625 0.25
vt 0.375 0.5
vt 0.375 0.75
vt 0.625 0.75
vt 0.625 0.5
vt 0.375 0.75
vt 0.375 1
vt 0.625 1
vt 0.625 0.75
vt 0.125 0.5
vt 0.125 0.75
vt 0.375 0.75
vt 0.375 0.5
vt 0.625 0.5
vt 0.625 0.75
vt 0.875 0.75
vt 0.875 0.5
vt 0.375 0.5
vt 0.375 0.75
vt 0.625 0.75
vt 0.625 0.5
vt 0.375 0.75
vt 0.375 1
vt 0.625 1
vt 0.625 0.75
vt 0.125 0.5
vt 0.125 0.75
vt 0.375 0.75
vt 0.375 0.5
vt 0.625 0.5
vt 0.625 0.75
vt 0.875 0.75
vt 0.875 0.5
vt 0.375 0
vt 0.375 0.25
vt 0.625 0.25
vt 0.625 0
vt 0.125 0.5
vt 0.125 0.75
vt 0.375 0.75
vt 0.375 0.5
vt 0.375 0.25
vt 0.375 0.5
vt 0.625 0.5
vt 0.625 0.25
vt 0.625 0.5
vt 0.625 0.75
vt 0.875 0.75
vt 0.875 0.5
vt 0.375 0.5
vt 0.375 0.75
vt 0.625 0.75
vt 0.625 0.5
vt 0.125 0.5
vt 0.125 0.75
vt 0.375 0.75
vt 0.375 0.5
vt 0.625 0.5
vt 0.625 0.75
vt 0.875 0.75
vt 0.875 0.5
vt 0.375 0.25
vt 0.375 0.5
vt 0.625 0.5
vt 0.625 0.25
vt 0.375 0
vt 0.375 0.25
vt 0.625 0.25
vt 0.625 0
vt 0.375 0.75
vt 0.375 1
vt 0.625 1
vt 0.625 0.75
vt 0.375 0.5
vt 0.375 0.75
vt 0.625 0.75
vt 0.625 0.5
vt 0.375 0
vt 0.375 0.25
vt 0.625 0.25
vt 0.625 0
vt 0.375 0.75
vt 0.375 1
vt 0.625 1
vt 0.625 0.75
vt 0.375 0.25
vt 0.375 0.5
vt 0.625 0.5
vt 0.625 0.25
vt 0.125 0.5
vt 0.125 0.75
vt 0.375 0.75
vt 0.375 0.5
vt 0.375 0
vt 0.375 0.25
vt 0.625 0.25
vt 0.625 0
vt 0.375 0.25
vt 0.375 0.5
vt 0.625 0.5
vt 0.625 0.25
vt 0.375 0.75
vt 0.375 1
vt 0.625 1
vt 0.625 0.75
vt 0.375 0.5
vt 0.375 0.75
vt 0.625 0.75
vt 0.625 0.5
vt 0.625 0.5
vt 0.625 0.75
vt 0.875 0.75
vt 0.875 0.5
vt 0.375 0.75
vt 0.625 0.875
vt 0.625 0.75
vt 0.375 0.875
vt 0.625 1
vt 0.375 1
vt 0.375 0.375
vt 0.375 0.5
vt 0.625 0.5
vt 0.625 0.375
vt 0.375 0.25
vt 0.625 0.25
vt 0.625 0.5
vt 0.625 0.75
vt 0.75 0.75
vt 0.75 0.5
vt 0.25 0.5
vt 0.375 0.75
vt 0.375 0.5
vt 0.25 0.75
vt 0.125 0.5
vt 0.125 0.75
vt 0.75 0.5
vt 0.75 0.75
vt 0.875 0.75
vt 0.875 0.5
vt 0.375 0.5
vt 0.375 0.75
vt 0.625 0.75
vt 0.625 0.5
vt 0.375 0
vt 0.375 0.25
vt 0.625 0.25
vt 0.625 0
vt 0.375 0.5
vt 0.375 0.75
vt 0.625 0.75
vt 0.625 0.5
vt 0.375 0.75
vt 0.375 1
vt 0.625 1
vt 0.625 0.75
vt 0.125 0.5
vt 0.125 0.75
vt 0.375 0.75
vt 0.375 0.5
vt 0.625 0.5
vt 0.625 0.75
vt 0.875 0.75
vt 0.875 0.5
vt 0.375 0
vt 0.375 0.25
vt 0.625 0.25
vt 0.625 0
vt 0.125 0.5
vt 0.125 0.75
vt 0.375 0.75
vt 0.375 0.5
vt 0.375 0.25
vt 0.375 0.5
vt 0.625 0.5
vt 0.625 0.25
vt 0.625 0.5
vt 0.625 0.75
vt 0.875 0.75
vt 0.875 0.5
vt 0.375 0.5
vt 0.375 0.75
vt 0.625 0.75
vt 0.625 0.5
vt 0.125 0.5
vt 0.125 0.75
vt 0.375 0.75
vt 0.375 0.5
vt 0.625 0.5
vt 0.625 0.75
vt 0.875 0.75
vt 0.875 0.5
vt 0.375 0.25
vt 0.375 0.5
vt 0.625 0.5
vt 0.625 0.25
vt 0.375 0
vt 0.375 0.25
vt 0.625 0.25
vt 0.625 0
vt 0.375 0.75
vt 0.375 1
vt 0.625 1
vt 0.625 0.75
vt 0.375 0.5
vt 0.375 0.75
vt 0.625 0.75
vt 0.625 0.5
vt 0.375 0
vt 0.375 0.25
vt 0.625 0.25
vt 0.625 0
vt 0.375 0.75
vt 0.375 1
vt 0.625 1
vt 0.625 0.75
vt 0.375 0.25
vt 0.375 0.5
vt 0.625 0.5
vt 0.625 0.25
vt 0.125 0.5
vt 0.125 0.75
vt 0.375 0.75
vt 0.375 0.5
vt 0.375 0
vt 0.375 0.25
vt 0.625 0.25
vt 0.625 0
vt 0.375 0.25
vt 0.375 0.5
vt 0.625 0.5
vt 0.625 0.25
vt 0.375 0.75
vt 0.375 1
vt 0.625 1
vt 0.625 0.75
vt 0.375 0.5
vt 0.375 0.75
vt 0.625 0.75
vt 0.625 0.5
vt 0.625 0.5
vt 0.625 0.75
vt 0.875 0.75
vt 0.875 0.5
vt 0.375 0.75
vt 0.625 0.875
vt 0.625 0.75
vt 0.375 0.875
vt 0.625 1
vt 0.375 1
vt 0.375 0.375
vt 0.375 0.5
vt 0.625 0.5
vt 0.625 0.375
vt 0.375 0.25
vt 0.625 0.25
vt 0.625 0.5
vt 0.625 0.75
vt 0.75 0.75
vt 0.75 0.5
vt 0.25 0.5
vt 0.375 0.75
vt 0.375 0.5
vt 0.25 0.75
vt 0.125 0.5
vt 0.125 0.75
vt 0.75 0.5
vt 0.75 0.75
vt 0.875 0.75
vt 0.875 0.5
vt 0.375 0.5
vt 0.375 0.75
vt 0.625 0.75
vt 0.625 0.5
vt 0.375 0
vt 0.375 0.25
vt 0.625 0.25
vt 0.625 0
vt 0.375 0.5
vt 0.375 0.75
vt 0.625 0.75
vt 0.625 0.5
vt 0.375 0.75
vt 0.375 1
vt 0.625 1
vt 0.625 0.75
vt 0.125 0.5
vt 0.125 0.75
vt 0.375 0.75
vt 0.375 0.5
vt 0.625 0.5
vt 0.625 0.75
vt 0.875 0.75
vt 0.875 0.5
vt 0 1
vt 0 1
vt 0.125 1
vt 0.125 1
vt 0.125 0.5
vt 0 0.5
vt 1 0.5
vt 0.875 0.5
vt 0.875 1
vt 1 1
vt 1 1
vt 0.875 1
vt 0.5 1
vt 0.5 1
vt 0.625 1
vt 0.625 1
vt 0.625 0.5
vt 0.5 0.5
vt 0.875 0.5
vt 0.75 0.5
vt 0.75 1
vt 0.875 1
vt 0.875 1
vt 0.75 1
vt 0.125 1
vt 0.125 1
vt 0.25 1
vt 0.25 1
vt 0.25 0.5
vt 0.125 0.5
vt 0.75 0.5
vt 0.625 0.5
vt 0.625 1
vt 0.75 1
vt 0.75 1
vt 0.625 1
vt 0.5 0.5
vt 0.375 0.5
vt 0.375 1
vt 0.5 1
vt 0.5 1
vt 0.375 1
vt 0.25 1
vt 0.25 1
vt 0.375 1
vt 0.375 1
vt 0.375 0.5
vt 0.25 0.5
vt 0.41970557 0.4197058
vt 0.49 0.25
vt 0.41970557 0.08029419
vt 0.25 0.49
vt 0.25 0.010000005
vt 0.080294415 0.4197058
vt 0.080294415 0.08029419
vt 0.010000005 0.25
vt 0.91970557 0.08029419
vt 0.99 0.25
vt 0.91970557 0.4197058
vt 0.75 0.010000005
vt 0.75 0.49
vt 0.58029443 0.08029419
vt 0.58029443 0.4197058
vt 0.51 0.25
vt 0 1
vt 0 1
vt 0.125 1
vt 0.125 1
vt 0.125 0.5
vt 0 0.5
vt 1 0.5
vt 0.875 0.5
vt 0.875 1
vt 1 1
vt 1 1
vt 0.875 1
vt 0.5 1
vt 0.5 1
vt 0.625 1
vt 0.625 1
vt 0.625 0.5
vt 0.5 0.5
vt 0.875 0.5
vt 0.75 0.5
vt 0.75 1
vt 0.875 1
vt 0.875 1
vt 0.75 1
vt 0.125 1
vt 0.125 1
vt 0.25 1
vt 0.25 1
vt 0.25 0.5
vt 0.125 0.5
vt 0.75 0.5
vt 0.625 0.5
vt 0.625 1
vt 0.75 1
vt 0.75 1
vt 0.625 1
vt 0.5 0.5
vt 0.375 0.5
vt 0.375 1
vt 0.5 1
vt 0.5 1
vt 0.375 1
vt 0.25 1
vt 0.25 1
vt 0.375 1
vt 0.375 1
vt 0.375 0.5
vt 0.25 0.5
vt 0.41970557 0.4197058
vt 0.49 0.25
vt 0.41970557 0.08029419
vt 0.25 0.49
vt 0.25 0.010000005
vt 0.080294415 0.4197058
vt 0.080294415 0.08029419
vt 0.010000005 0.25
vt 0.91970557 0.08029419
vt 0.99 0.25
vt 0.91970557 0.4197058
vt 0.75 0.010000005
vt 0.75 0.49
vt 0.58029443 0.08029419
vt 0.58029443 0.4197058
vt 0.51 0.25
vt 0 1
vt 0 1
vt 0.125 1
vt 0.125 1
vt 0.125 0.5
vt 0 0.5
vt 1 0.5
vt 0.875 0.5
vt 0.875 1
vt 1 1
vt 1 1
vt 0.875 1
vt 0.5 1
vt 0.5 1
vt 0.625 1
vt 0.625 1
vt 0.625 0.5
vt 0.5 0.5
vt 0.875 0.5
vt 0.75 0.5
vt 0.75 1
vt 0.875 1
vt 0.875 1
vt 0.75 1
vt 0.125 1
vt 0.125 1
vt 0.25 1
vt 0.25 1
vt 0.25 0.5
vt 0.125 0.5
vt 0.75 0.5
vt 0.625 0.5
vt 0.625 1
vt 0.75 1
vt 0.75 1
vt 0.625 1
vt 0.5 0.5
vt 0.375 0.5
vt 0.375 1
vt 0.5 1
vt 0.5 1
vt 0.375 1
vt 0.25 1
vt 0.25 1
vt 0.375 1
vt 0.375 1
vt 0.375 0.5
vt 0.25 0.5
vt 0.41970557 0.4197058
vt 0.49 0.25
vt 0.41970557 0.08029419
vt 0.25 0.49
vt 0.25 0.010000005
vt 0.080294415 0.4197058
vt 0.080294415 0.08029419
vt 0.010000005 0.25
vt 0.91970557 0.08029419
vt 0.99 0.25
vt 0.91970557 0.4197058
vt 0.75 0.010000005
vt 0.75 0.49
vt 0.58029443 0.08029419
vt 0.58029443 0.4197058
vt 0.51 0.25
vt 0 1
vt 0 1
vt 0.125 1
vt 0.125 1
vt 0.125 0.5
vt 0 0.5
vt 1 0.5
vt 0.875 0.5
vt 0.875 1
vt 1 1
vt 1 1
vt 0.875 1
vt 0.5 1
vt 0.5 1
vt 0.625 1
vt 0.625 1
vt 0.625 0.5
vt 0.5 0.5
vt 0.875 0.5
vt 0.75 0.5
vt 0.75 1
vt 0.875 1
vt 0.875 1
vt 0.75 1
vt 0.125 1
vt 0.125 1
vt 0.25 1
vt 0.25 1
vt 0.25 0.5
vt 0.125 0.5
vt 0.75 0.5
vt 0.625 0.5
vt 0.625 1
vt 0.75 1
vt 0.75 1
vt 0.625 1
vt 0.5 0.5
vt 0.375 0.5
vt 0.375 1
vt 0.5 1
vt 0.5 1
vt 0.375 1
vt 0.25 1
vt 0.25 1
vt 0.375 1
vt 0.375 1
vt 0.375 0.5
vt 0.25 0.5
vt 0.41970557 0.4197058
vt 0.49 0.25
vt 0.41970557 0.08029419
vt 0.25 0.49
vt 0.25 0.010000005
vt 0.080294415 0.4197058
vt 0.080294415 0.08029419
vt 0.010000005 0.25
vt 0.91970557 0.08029419
vt 0.99 0.25
vt 0.91970557 0.4197058
vt 0.75 0.010000005
vt 0.75 0.49
vt 0.58029443 0.08029419
vt 0.58029443 0.4197058
vt 0.51 0.25
vt 0 1
vt 0 1
vt 0.125 1
vt 0.125 1
vt 0.125 0.5
vt 0 0.5
vt 1 0.5
vt 0.875 0.5
vt 0.875 1
vt 1 1
vt 1 1
vt 0.875 1
vt 0.5 1
vt 0.5 1
vt 0.625 1
vt 0.625 1
vt 0.625 0.5
vt 0.5 0.5
vt 0.875 0.5
vt 0.75 0.5
vt 0.75 1
vt 0.875 1
vt 0.875 1
vt 0.75 1
vt 0.125 1
vt 0.125 1
vt 0.25 1
vt 0.25 1
vt 0.25 0.5
vt 0.125 0.5
vt 0.75 0.5
vt 0.625 0.5
vt 0.625 1
vt 0.75 1
vt 0.75 1
vt 0.625 1
vt 0.5 0.5
vt 0.375 0.5
vt 0.375 1
vt 0.5 1
vt 0.5 1
vt 0.375 1
vt 0.25 1
vt 0.25 1
vt 0.375 1
vt 0.375 1
vt 0.375 0.5
vt 0.25 0.5
vt 0.41970557 0.4197058
vt 0.49 0.25
vt 0.41970557 0.08029419
vt 0.25 0.49
vt 0.25 0.010000005
vt 0.080294415 0.4197058
vt 0.080294415 0.08029419
vt 0.010000005 0.25
vt 0.91970557 0.08029419
vt 0.99 0.25
vt 0.91970557 0.4197058
vt 0.75 0.010000005
vt 0.75 0.49
vt 0.58029443 0.08029419
vt 0.58029443 0.4197058
vt 0.51 0.25
vt 0 1
vt 0 1
vt 0.125 1
vt 0.125 1
vt 0.125 0.5
vt 0 0.5
vt 1 0.5
vt 0.875 0.5
vt 0.875 1
vt 1 1
vt 1 1
vt 0.875 1
vt 0.5 1
vt 0.5 1
vt 0.625 1
vt 0.625 1
vt 0.625 0.5
vt 0.5 0.5
vt 0.875 0.5
vt 0.75 0.5
vt 0.75 1
vt 0.875 1
vt 0.875 1
vt 0.75 1
vt 0.125 1
vt 0.125 1
vt 0.25 1
vt 0.25 1
vt 0.25 0.5
vt 0.125 0.5
vt 0.75 0.5
vt 0.625 0.5
vt 0.625 1
vt 0.75 1
vt 0.75 1
vt 0.625 1
vt 0.5 0.5
vt 0.375 0.5
vt 0.375 1
vt 0.5 1
vt 0.5 1
vt 0.375 1
vt 0.25 1
vt 0.25 1
vt 0.375 1
vt 0.375 1
vt 0.375 0.5
vt 0.25 0.5
vt 0.41970557 0.4197058
vt 0.49 0.25
vt 0.41970557 0.08029419
vt 0.25 0.49
vt 0.25 0.010000005
vt 0.080294415 0.4197058
vt 0.080294415 0.08029419
vt 0.010000005 0.25
vt 0.91970557 0.08029419
vt 0.99 0.25
vt 0.91970557 0.4197058
vt 0.75 0.010000005
vt 0.75 0.49
vt 0.58029443 0.08029419
vt 0.58029443 0.4197058
vt 0.51 0.25
vt 0 1
vt 0 1
vt 0.125 1
vt 0.125 1
vt 0.125 0.5
vt 0 0.5
vt 1 0.5
vt 0.875 0.5
vt 0.875 1
vt 1 1
vt 1 1
vt 0.875 1
vt 0.5 1
vt 0.5 1
vt 0.625 1
vt 0.625 1
vt 0.625 0.5
vt 0.5 0.5
vt 0.875 0.5
vt 0.75 0.5
vt 0.75 1
vt 0.875 1
vt 0.875 1
vt 0.75 1
vt 0.125 1
vt 0.125 1
vt 0.25 1
vt 0.25 1
vt 0.25 0.5
vt 0.125 0.5
vt 0.75 0.5
vt 0.625 0.5
vt 0.625 1
vt 0.75 1
vt 0.75 1
vt 0.625 1
vt 0.5 0.5
vt 0.375 0.5
vt 0.375 1
vt 0.5 1
vt 0.5 1
vt 0.375 1
vt 0.25 1
vt 0.25 1
vt 0.375 1
vt 0.375 1
vt 0.375 0.5
vt 0.25 0.5
vt 0.41970557 0.4197058
vt 0.49 0.25
vt 0.41970557 0.08029419
vt 0.25 0.49
vt 0.25 0.010000005
vt 0.080294415 0.4197058
vt 0.080294415 0.08029419
vt 0.010000005 0.25
vt 0.91970557 0.08029419
vt 0.99 0.25
vt 0.91970557 0.4197058
vt 0.75 0.010000005
vt 0.75 0.49
vt 0.58029443 0.08029419
vt 0.58029443 0.4197058
vt 0.51 0.25
vt 0 1
vt 0 1
vt 0.125 1
vt 0.125 1
vt 0.125 0.5
vt 0 0.5
vt 1 0.5
vt 0.875 0.5
vt 0.875 1
vt 1 1
vt 1 1
vt 0.875 1
vt 0.5 1
vt 0.5 1
vt 0.625 1
vt 0.625 1
vt 0.625 0.5
vt 0.5 0.5
vt 0.875 0.5
vt 0.75 0.5
vt 0.75 1
vt 0.875 1
vt 0.875 1
vt 0.75 1
vt 0.125 1
vt 0.125 1
vt 0.25 1
vt 0.25 1
vt 0.25 0.5
vt 0.125 0.5
vt 0.75 0.5
vt 0.625 0.5
vt 0.625 1
vt 0.75 1
vt 0.75 1
vt 0.625 1
vt 0.5 0.5
vt 0.375 0.5
vt 0.375 1
vt 0.5 1
vt 0.5 1
vt 0.375 1
vt 0.25 1
vt 0.25 1
vt 0.375 1
vt 0.375 1
vt 0.375 0.5
vt 0.25 0.5
vt 0.41970557 0.4197058
vt 0.49 0.25
vt 0.41970557 0.08029419
vt 0.25 0.49
vt 0.25 0.010000005
vt 0.080294415 0.4197058
vt 0.080294415 0.08029419
vt 0.010000005 0.25
vt 0.91970557 0.08029419
vt 0.99 0.25
vt 0.91970557 0.4197058
vt 0.75 0.010000005
vt 0.75 0.49
vt 0.58029443 0.08029419
vt 0.58029443 0.4197058
vt 0.51 0.25
vt 0 1
vt 0 1
vt 0.125 1
vt 0.125 1
vt 0.125 0.5
vt 0 0.5
vt 1 0.5
vt 0.875 0.5
vt 0.875 1
vt 1 1
vt 1 1
vt 0.875 1
vt 0.5 1
vt 0.5 1
vt 0.625 1
vt 0.625 1
vt 0.625 0.5
vt 0.5 0.5
vt 0.875 0.5
vt 0.75 0.5
vt 0.75 1
vt 0.875 1
vt 0.875 1
vt 0.75 1
vt 0.125 1
vt 0.125 1
vt 0.25 1
vt 0.25 1
vt 0.25 0.5
vt 0.125 0.5
vt 0.75 0.5
vt 0.625 0.5
vt 0.625 1
vt 0.75 1
vt 0.75 1
vt 0.625 1
vt 0.5 0.5
vt 0.375 0.5
vt 0.375 1
vt 0.5 1
vt 0.5 1
vt 0.375 1
vt 0.25 1
vt 0.25 1
vt 0.375 1
vt 0.375 1
vt 0.375 0.5
vt 0.25 0.5
vt 0.41970557 0.4197058
vt 0.49 0.25
vt 0.41970557 0.08029419
vt 0.25 0.49
vt 0.25 0.010000005
vt 0.080294415 0.4197058
vt 0.080294415 0.08029419
vt 0.010000005 0.25
vt 0.91970557 0.08029419
vt 0.99 0.25
vt 0.91970557 0.4197058
vt 0.75 0.010000005
vt 0.75 0.49
vt 0.58029443 0.08029419
vt 0.58029443 0.4197058
vt 0.51 0.25
vt 0.5 1
vt 0.5 1
vt 0.625 1
vt 0.625 1
vt 0.625 0.5
vt 0.5 0.5
vt 0.875 0.5
vt 0.75 0.5
vt 0.75 1
vt 0.875 1
vt 0.875 1
vt 0.75 1
vt 0.125 1
vt 0.125 1
vt 0.25 1
vt 0.25 1
vt 0.25 0.5
vt 0.125 0.5
vt 0.75 0.5
vt 0.625 0.5
vt 0.625 1
vt 0.75 1
vt 0.75 1
vt 0.625 1
vt 0.5 0.5
vt 0.375 0.5
vt 0.375 1
vt 0.5 1
vt 0.5 1
vt 0.375 1
vt 0.25 1
vt 0.25 1
vt 0.375 1
vt 0.375 1
vt 0.375 0.5
vt 0.25 0.5
vt 0.41970557 0.08029419
vt 0.25 0.010000005
vt 0.080294415 0.08029419
vt 0.49 0.25
vt 0.010000005 0.25
vt 0.41970557 0.4197058
vt 0.080294415 0.4197058
vt 0.25 0.49
vt 0.58029443 0.08029419
vt 0.75 0.010000005
vt 0.91970557 0.08029419
vt 0.51 0.25
vt 0.99 0.25
vt 0.58029443 0.4197058
vt 0.91970557 0.4197058
vt 0.75 0.49
vt 0 1
vt 0 1
vt 0.125 1
vt 0.125 1
vt 0.125 0.5
vt 0 0.5
vt 1 0.5
vt 0.875 0.5
vt 0.875 1
vt 1 1
vt 1 1
vt 0.875 1
vt 0.5 1
vt 0.5 1
vt 0.625 1
vt 0.625 1
vt 0.625 0.5
vt 0.5 0.5
vt 0.875 0.5
vt 0.75 0.5
vt 0.75 1
vt 0.875 1
vt 0.875 1
vt 0.75 1
vt 0.125 1
vt 0.125 1
vt 0.25 1
vt 0.25 1
vt 0.25 0.5
vt 0.125 0.5
vt 0.75 0.5
vt 0.625 0.5
vt 0.625 1
vt 0.75 1
vt 0.75 1
vt 0.625 1
vt 0.5 0.5
vt 0.375 0.5
vt 0.375 1
vt 0.5 1
vt 0.5 1
vt 0.375 1
vt 0.25 1
vt 0.25 1
vt 0.375 1
vt 0.375 1
vt 0.375 0.5
vt 0.25 0.5
vt 0.41970557 0.08029419
vt 0.25 0.010000005
vt 0.080294415 0.08029419
vt 0.49 0.25
vt 0.010000005 0.25
vt 0.41970557 0.4197058
vt 0.080294415 0.4197058
vt 0.25 0.49
vt 0.58029443 0.08029419
vt 0.75 0.010000005
vt 0.91970557 0.08029419
vt 0.51 0.25
vt 0.99 0.25
vt 0.58029443 0.4197058
vt 0.91970557 0.4197058
vt 0.75 0.49
vt 0 1
vt 0 1
vt 0.125 1
vt 0.125 1
vt 0.125 0.5
vt 0 0.5
vt 1 0.5
vt 0.875 0.5
vt 0.875 1
vt 1 1
vt 1 1
vt 0.875 1
vt 0.5 1
vt 0.5 1
vt 0.625 1
vt 0.625 1
vt 0.625 0.5
vt 0.5 0.5
vt 0.875 0.5
vt 0.75 0.5
vt 0.75 1
vt 0.875 1
vt 0.875 1
vt 0.75 1
vt 0.125 1
vt 0.125 1
vt 0.25 1
vt 0.25 1
vt 0.25 0.5
vt 0.125 0.5
vt 0.75 0.5
vt 0.625 0.5
vt 0.625 1
vt 0.75 1
vt 0.75 1
vt 0.625 1
vt 0.5 0.5
vt 0.375 0.5
vt 0.375 1
vt 0.5 1
vt 0.5 1
vt 0.375 1
vt 0.25 1
vt 0.25 1
vt 0.375 1
vt 0.375 1
vt 0.375 0.5
vt 0.25 0.5
vt 0.41970557 0.08029419
vt 0.25 0.010000005
vt 0.080294415 0.08029419
vt 0.49 0.25
vt 0.010000005 0.25
vt 0.41970557 0.4197058
vt 0.080294415 0.4197058
vt 0.25 0.49
vt 0.58029443 0.08029419
vt 0.75 0.010000005
vt 0.91970557 0.08029419
vt 0.51 0.25
vt 0.99 0.25
vt 0.58029443 0.4197058
vt 0.91970557 0.4197058
vt 0.75 0.49
vt 0 1
vt 0 1
vt 0.125 1
vt 0.125 1
vt 0.125 0.5
vt 0 0.5
vt 1 0.5
vt 0.875 0.5
vt 0.875 1
vt 1 1
vt 1 1
vt 0.875 1
vt 0.5 1
vt 0.5 1
vt 0.625 1
vt 0.625 1
vt 0.625 0.5
vt 0.5 0.5
vt 0.875 0.5
vt 0.75 0.5
vt 0.75 1
vt 0.875 1
vt 0.875 1
vt 0.75 1
vt 0.125 1
vt 0.125 1
vt 0.25 1
vt 0.25 1
vt 0.25 0.5
vt 0.125 0.5
vt 0.75 0.5
vt 0.625 0.5
vt 0.625 1
vt 0.75 1
vt 0.75 1
vt 0.625 1
vt 0.5 0.5
vt 0.375 0.5
vt 0.375 1
vt 0.5 1
vt 0.5 1
vt 0.375 1
vt 0.25 1
vt 0.25 1
vt 0.375 1
vt 0.375 1
vt 0.375 0.5
vt 0.25 0.5
vt 0.41970557 0.08029419
vt 0.25 0.010000005
vt 0.080294415 0.08029419
vt 0.49 0.25
vt 0.010000005 0.25
vt 0.41970557 0.4197058
vt 0.080294415 0.4197058
vt 0.25 0.49
vt 0.58029443 0.08029419
vt 0.75 0.010000005
vt 0.91970557 0.08029419
vt 0.51 0.25
vt 0.99 0.25
vt 0.91970557 0.4197058
vt 0.58029443 0.4197058
vt 0.75 0.49
vt 0.5 1
vt 0.5 1
vt 0.625 1
vt 0.625 1
vt 0.625 0.5
vt 0.5 0.5
vt 0.875 0.5
vt 0.75 0.5
vt 0.75 1
vt 0.875 1
vt 0.875 1
vt 0.75 1
vt 0.125 1
vt 0.125 1
vt 0.25 1
vt 0.25 1
vt 0.25 0.5
vt 0.125 0.5
vt 0.75 0.5
vt 0.625 0.5
vt 0.625 1
vt 0.75 1
vt 0.75 1
vt 0.625 1
vt 0.5 0.5
vt 0.375 0.5
vt 0.375 1
vt 0.5 1
vt 0.5 1
vt 0.375 1
vt 0.25 1
vt 0.25 1
vt 0.375 1
vt 0.375 1
vt 0.375 0.5
vt 0.25 0.5
vt 0.080294415 0.08029419
vt 0.010000005 0.25
vt 0.080294415 0.4197058
vt 0.25 0.010000005
vt 0.25 0.49
vt 0.41970557 0.08029419
vt 0.41970557 0.4197058
vt 0.49 0.25
vt 0.58029443 0.4197058
vt 0.51 0.25
vt 0.58029443 0.08029419
vt 0.75 0.49
vt 0.75 0.010000005
vt 0.91970557 0.4197058
vt 0.91970557 0.08029419
vt 0.99 0.25
vt 0 1
vt 0 1
vt 0.125 1
vt 0.125 1
vt 0.125 0.5
vt 0 0.5
vt 1 0.5
vt 0.875 0.5
vt 0.875 1
vt 1 1
vt 1 1
vt 0.875 1
vt 0.5 1
vt 0.5 1
vt 0.625 1
vt 0.625 1
vt 0.625 0.5
vt 0.5 0.5
vt 0.875 0.5
vt 0.75 0.5
vt 0.75 1
vt 0.875 1
vt 0.875 1
vt 0.75 1
vt 0.125 1
vt 0.125 1
vt 0.25 1
vt 0.25 1
vt 0.25 0.5
vt 0.125 0.5
vt 0.75 0.5
vt 0.625 0.5
vt 0.625 1
vt 0.75 1
vt 0.75 1
vt 0.625 1
vt 0.5 0.5
vt 0.375 0.5
vt 0.375 1
vt 0.5 1
vt 0.5 1
vt 0.375 1
vt 0.25 1
vt 0.25 1
vt 0.375 1
vt 0.375 1
vt 0.375 0.5
vt 0.25 0.5
vt 0.080294415 0.08029419
vt 0.010000005 0.25
vt 0.080294415 0.4197058
vt 0.25 0.010000005
vt 0.25 0.49
vt 0.41970557 0.08029419
vt 0.41970557 0.4197058
vt 0.49 0.25
vt 0.58029443 0.4197058
vt 0.51 0.25
vt 0.58029443 0.08029419
vt 0.75 0.49
vt 0.75 0.010000005
vt 0.91970557 0.4197058
vt 0.91970557 0.08029419
vt 0.99 0.25
vt 0 1
vt 0 1
vt 0.125 1
vt 0.125 1
vt 0.125 0.5
vt 0 0.5
vt 1 0.5
vt 0.875 0.5
vt 0.875 1
vt 1 1
vt 1 1
vt 0.875 1
vt 0.5 1
vt 0.5 1
vt 0.625 1
vt 0.625 1
vt 0.625 0.5
vt 0.5 0.5
vt 0.875 0.5
vt 0.75 0.5
vt 0.75 1
vt 0.875 1
vt 0.875 1
vt 0.75 1
vt 0.125 1
vt 0.125 1
vt 0.25 1
vt 0.25 1
vt 0.25 0.5
vt 0.125 0.5
vt 0.75 0.5
vt 0.625 0.5
vt 0.625 1
vt 0.75 1
vt 0.75 1
vt 0.625 1
vt 0.5 0.5
vt 0.375 0.5
vt 0.375 1
vt 0.5 1
vt 0.5 1
vt 0.375 1
vt 0.25 1
vt 0.25 1
vt 0.375 1
vt 0.375 1
vt 0.375 0.5
vt 0.25 0.5
vt 0.080294415 0.08029419
vt 0.010000005 0.25
vt 0.080294415 0.4197058
vt 0.25 0.010000005
vt 0.25 0.49
vt 0.41970557 0.08029419
vt 0.41970557 0.4197058
vt 0.49 0.25
vt 0.58029443 0.4197058
vt 0.51 0.25
vt 0.58029443 0.08029419
vt 0.75 0.49
vt 0.75 0.010000005
vt 0.91970557 0.08029419
vt 0.91970557 0.4197058
vt 0.99 0.25
vt 0 1
vt 0 1
vt 0.125 1
vt 0.125 1
vt 0.125 0.5
vt 0 0.5
vt 1 0.5
vt 0.875 0.5
vt 0.875 1
vt 1 1
vt 1 1
vt 0.875 1
vt 0.5 1
vt 0.5 1
vt 0.625 1
vt 0.625 1
vt 0.625 0.5
vt 0.5 0.5
vt 0.875 0.5
vt 0.75 0.5
vt 0.75 1
vt 0.875 1
vt 0.875 1
vt 0.75 1
vt 0.125 1
vt 0.125 1
vt 0.25 1
vt 0.25 1
vt 0.25 0.5
vt 0.125 0.5
vt 0.75 0.5
vt 0.625 0.5
vt 0.625 1
vt 0.75 1
vt 0.75 1
vt 0.625 1
vt 0.5 0.5
vt 0.375 0.5
vt 0.375 1
vt 0.5 1
vt 0.5 1
vt 0.375 1
vt 0.25 1
vt 0.25 1
vt 0.375 1
vt 0.375 1
vt 0.375 0.5
vt 0.25 0.5
vt 0.080294415 0.08029419
vt 0.010000005 0.25
vt 0.080294415 0.4197058
vt 0.25 0.010000005
vt 0.25 0.49
vt 0.41970557 0.08029419
vt 0.41970557 0.4197058
vt 0.49 0.25
vt 0.58029443 0.4197058
vt 0.51 0.25
vt 0.58029443 0.08029419
vt 0.75 0.49
vt 0.75 0.010000005
vt 0.91970557 0.4197058
vt 0.91970557 0.08029419
vt 0.99 0.25
vt 0.5 1
vt 0.5 1
vt 0.625 1
vt 0.625 1
vt 0.625 0.5
vt 0.5 0.5
vt 0.875 0.5
vt 0.75 0.5
vt 0.75 1
vt 0.875 1
vt 0.875 1
vt 0.75 1
vt 0.125 1
vt 0.125 1
vt 0.25 1
vt 0.25 1
vt 0.25 0.5
vt 0.125 0.5
vt 0.75 0.5
vt 0.625 0.5
vt 0.625 1
vt 0.75 1
vt 0.75 1
vt 0.625 1
vt 0.5 0.5
vt 0.375 0.5
vt 0.375 1
vt 0.5 1
vt 0.5 1
vt 0.375 1
vt 0.25 1
vt 0.25 1
vt 0.375 1
vt 0.375 1
vt 0.375 0.5
vt 0.25 0.5
vt 0.080294415 0.4197058
vt 0.25 0.49
vt 0.41970557 0.4197058
vt 0.010000005 0.25
vt 0.49 0.25
vt 0.080294415 0.08029419
vt 0.41970557 0.08029419
vt 0.25 0.010000005
vt 0.91970557 0.4197058
vt 0.75 0.49
vt 0.58029443 0.4197058
vt 0.99 0.25
vt 0.51 0.25
vt 0.91970557 0.08029419
vt 0.58029443 0.08029419
vt 0.75 0.010000005
vt 0 1
vt 0 1
vt 0.125 1
vt 0.125 1
vt 0.125 0.5
vt 0 0.5
vt 1 0.5
vt 0.875 0.5
vt 0.875 1
vt 1 1
vt 1 1
vt 0.875 1
vt 0.5 1
vt 0.5 1
vt 0.625 1
vt 0.625 1
vt 0.625 0.5
vt 0.5 0.5
vt 0.875 0.5
vt 0.75 0.5
vt 0.75 1
vt 0.875 1
vt 0.875 1
vt 0.75 1
vt 0.125 1
vt 0.125 1
vt 0.25 1
vt 0.25 1
vt 0.25 0.5
vt 0.125 0.5
vt 0.75 0.5
vt 0.625 0.5
vt 0.625 1
vt 0.75 1
vt 0.75 1
vt 0.625 1
vt 0.5 0.5
vt 0.375 0.5
vt 0.375 1
vt 0.5 1
vt 0.5 1
vt 0.375 1
vt 0.25 1
vt 0.25 1
vt 0.375 1
vt 0.375 1
vt 0.375 0.5
vt 0.25 0.5
vt 0.080294415 0.4197058
vt 0.25 0.49
vt 0.41970557 0.4197058
vt 0.010000005 0.25
vt 0.49 0.25
vt 0.080294415 0.08029419
vt 0.41970557 0.08029419
vt 0.25 0.010000005
vt 0.91970557 0.4197058
vt 0.75 0.49
vt 0.58029443 0.4197058
vt 0.99 0.25
vt 0.51 0.25
vt 0.91970557 0.08029419
vt 0.58029443 0.08029419
vt 0.75 0.010000005
vt 0 1
vt 0 1
vt 0.125 1
vt 0.125 1
vt 0.125 0.5
vt 0 0.5
vt 1 0.5
vt 0.875 0.5
vt 0.875 1
vt 1 1
vt 1 1
vt 0.875 1
vt 0.5 1
vt 0.5 1
vt 0.625 1
vt 0.625 1
vt 0.625 0.5
vt 0.5 0.5
vt 0.875 0.5
vt 0.75 0.5
vt 0.75 1
vt 0.875 1
vt 0.875 1
vt 0.75 1
vt 0.125 1
vt 0.125 1
vt 0.25 1
vt 0.25 1
vt 0.25 0.5
vt 0.125 0.5
vt 0.75 0.5
vt 0.625 0.5
vt 0.625 1
vt 0.75 1
vt 0.75 1
vt 0.625 1
vt 0.5 0.5
vt 0.375 0.5
vt 0.375 1
vt 0.5 1
vt 0.5 1
vt 0.375 1
vt 0.25 1
vt 0.25 1
vt 0.375 1
vt 0.375 1
vt 0.375 0.5
vt 0.25 0.5
vt 0.080294415 0.4197058
vt 0.25 0.49
vt 0.41970557 0.4197058
vt 0.010000005 0.25
vt 0.49 0.25
vt 0.080294415 0.08029419
vt 0.41970557 0.08029419
vt 0.25 0.010000005
vt 0.91970557 0.4197058
vt 0.75 0.49
vt 0.58029443 0.4197058
vt 0.99 0.25
vt 0.51 0.25
vt 0.91970557 0.08029419
vt 0.58029443 0.08029419
vt 0.75 0.010000005
vt 0 1
vt 0 1
vt 0.125 1
vt 0.125 1
vt 0.125 0.5
vt 0 0.5
vt 1 0.5
vt 0.875 0.5
vt 0.875 1
vt 1 1
vt 1 1
vt 0.875 1
vt 0.5 1
vt 0.5 1
vt 0.625 1
vt 0.625 1
vt 0.625 0.5
vt 0.5 0.5
vt 0.875 0.5
vt 0.75 0.5
vt 0.75 1
vt 0.875 1
vt 0.875 1
vt 0.75 1
vt 0.125 1
vt 0.125 1
vt 0.25 1
vt 0.25 1
vt 0.25 0.5
vt 0.125 0.5
vt 0.75 0.5
vt 0.625 0.5
vt 0.625 1
vt 0.75 1
vt 0.75 1
vt 0.625 1
vt 0.5 0.5
vt 0.375 0.5
vt 0.375 1
vt 0.5 1
vt 0.5 1
vt 0.375 1
vt 0.25 1
vt 0.25 1
vt 0.375 1
vt 0.375 1
vt 0.375 0.5
vt 0.25 0.5
vt 0.080294415 0.4197058
vt 0.25 0.49
vt 0.41970557 0.4197058
vt 0.010000005 0.25
vt 0.49 0.25
vt 0.080294415 0.08029419
vt 0.41970557 0.08029419
vt 0.25 0.010000005
vt 0.91970557 0.4197058
vt 0.75 0.49
vt 0.58029443 0.4197058
vt 0.99 0.25
vt 0.51 0.25
vt 0.58029443 0.08029419
vt 0.91970557 0.08029419
vt 0.75 0.010000005
vt 0.375 0.2
vt 0.375 0.25
vt 0.625 0.25
vt 0.625 0.2
vt 0.375 0.15
vt 0.625 0.2
vt 0.625 0.25
vt 0.625 0.15
vt 0.375 0.1
vt 0.625 0.1
vt 0.375 0.05
vt 0.625 0.05
vt 0.375 0
vt 0.625 0
vt 0.625 0
vt 0.625 0.05
vt 0.375 0.70000005
vt 0.375 0.75
vt 0.625 0.75
vt 0.625 0.7
vt 0.375 0.65000004
vt 0.625 0.7
vt 0.625 0.75
vt 0.625 0.65
vt 0.375 0.6
vt 0.625 0.6
vt 0.375 0.55
vt 0.625 0.55
vt 0.375 0.5
vt 0.625 0.5
vt 0.625 0.5
vt 0.625 0.55
vt 0.375 0.95000005
vt 0.375 1
vt 0.625 1
vt 0.625 0.95
vt 0.375 0.90000004
vt 0.625 0.9
vt 0.375 0.84999996
vt 0.625 0.85
vt 0.375 0.79999995
vt 0.625 0.8
vt 0.375 0.75
vt 0.625 0.75
vt 0.625 0.75
vt 0.625 0.8
vt 0.625 0.70000005
vt 0.625 0.75
vt 0.875 0.75
vt 0.875 0.7
vt 0.625 0.65000004
vt 0.875 0.7
vt 0.875 0.75
vt 0.875 0.65
vt 0.625 0.6
vt 0.875 0.6
vt 0.625 0.55
vt 0.875 0.55
vt 0.625 0.5
vt 0.875 0.5
vt 0.875 0.55
vt 0.875 0.6
vt 0.875 0.55
vt 0.875 0.5
vt 0.875 0.5
vt 0.19496486 0.71672535
vt 0.19496486 0.71672535
vt 0.17500001 0.75
vt 0.17500001 0.75
vt 0.3050351 0.71672523
vt 0.3050351 0.71672523
vt 0.34172523 0.71672523
vt 0.34172523 0.71672523
vt 0.3050351 0.71672523
vt 0.34172523 0.71672523
vt 0.26834503 0.7167253
vt 0.26834503 0.7167253
vt 0.23165494 0.71672535
vt 0.23165494 0.71672535
vt 0.26834503 0.7167253
vt 0.23165494 0.71672535
vt 0.19496486 0.71672535
vt 0.19496486 0.71672535
vt 0.15827474 0.71672535
vt 0.15827474 0.71672535
vt 0.19496486 0.71672535
vt 0.15827474 0.71672535
vt 0.125 0.7
vt 0.125 0.7
vt 0.15827474 0.68003523
vt 0.15827474 0.68003523
vt 0.15827474 0.71672535
vt 0.15827474 0.71672535
vt 0.15827474 0.68003523
vt 0.15827474 0.68003523
vt 0.15827474 0.71672535
vt 0.15827474 0.68003523
vt 0.15827474 0.6433451
vt 0.15827474 0.6433451
vt 0.15827474 0.606655
vt 0.15827474 0.606655
vt 0.15827475 0.5699649
vt 0.15827475 0.5699649
vt 0.15827474 0.606655
vt 0.15827474 0.53327477
vt 0.15827475 0.5699649
vt 0.15827474 0.53327477
vt 0.15827474 0.53327477
vt 0.34172526 0.53327477
vt 0.34172526 0.53327477
vt 0.34172523 0.5699648
vt 0.34172523 0.5699648
vt 0.34172526 0.53327477
vt 0.34172523 0.5699648
vt 0.34172523 0.6066549
vt 0.34172523 0.6066549
vt 0.34172523 0.643345
vt 0.34172523 0.643345
vt 0.34172523 0.6066549
vt 0.34172523 0.643345
vt 0.34172523 0.6800351
vt 0.34172523 0.6800351
vt 0.34172523 0.71672523
vt 0.34172523 0.71672523
vt 0.34172523 0.6800351
vt 0.34172523 0.71672523
vt 0.30503517 0.53327477
vt 0.34172523 0.5699648
vt 0.34172526 0.53327477
vt 0.30503514 0.5699648
vt 0.26834506 0.53327477
vt 0.34172523 0.6066549
vt 0.26834506 0.5699648
vt 0.23165494 0.53327477
vt 0.30503514 0.6066549
vt 0.34172523 0.643345
vt 0.23165494 0.5699648
vt 0.19496484 0.53327477
vt 0.30503514 0.64334506
vt 0.34172523 0.6800351
vt 0.26834506 0.6066549
vt 0.19496486 0.5699649
vt 0.15827474 0.53327477
vt 0.15827475 0.5699649
vt 0.30503514 0.6800352
vt 0.34172523 0.71672523
vt 0.3050351 0.71672523
vt 0.26834506 0.64334506
vt 0.23165494 0.6066549
vt 0.19496484 0.60665494
vt 0.15827474 0.606655
vt 0.26834506 0.68003523
vt 0.26834503 0.7167253
vt 0.23165494 0.64334506
vt 0.19496484 0.6433451
vt 0.15827474 0.6433451
vt 0.23165494 0.68003523
vt 0.23165494 0.71672535
vt 0.19496484 0.68003523
vt 0.15827474 0.68003523
vt 0.19496486 0.71672535
vt 0.15827474 0.71672535
vt 0.175 0.5
vt 0.175 0.5
vt 0.19496484 0.53327477
vt 0.19496484 0.53327477
vt 0.34172523 0.6800351
vt 0.375 0.70000005
vt 0.375 0.65000004
vt 0.34172523 0.643345
vt 0.625 0.9
vt 0.625 0.9
vt 0.625 0.85
vt 0.625 0.85
vt 0.34172523 0.6066549
vt 0.375 0.6
vt 0.375 0.55
vt 0.34172523 0.5699648
vt 0.23165494 0.53327477
vt 0.23165494 0.53327477
vt 0.225 0.5
vt 0.225 0.5
vt 0.15827474 0.606655
vt 0.15827474 0.606655
vt 0.125 0.6
vt 0.125 0.6
vt 0.15827474 0.606655
vt 0.125 0.6
vt 0.125 0.65
vt 0.15827474 0.6433451
vt 0.125 0.7
vt 0.15827474 0.68003523
vt 0.575 0.25
vt 0.625 0.3
vt 0.625 0.25
vt 0.575 0.3
vt 0.525 0.25
vt 0.625 0.35
vt 0.525 0.3
vt 0.47499996 0.25
vt 0.575 0.35000002
vt 0.625 0.4
vt 0.47499996 0.3
vt 0.42499998 0.25
vt 0.575 0.40000004
vt 0.625 0.45000002
vt 0.525 0.35000002
vt 0.42499998 0.3
vt 0.375 0.25
vt 0.375 0.3
vt 0.575 0.45000002
vt 0.625 0.5
vt 0.575 0.5
vt 0.525 0.4
vt 0.47499996 0.35000002
vt 0.42499998 0.35000002
vt 0.375 0.35000002
vt 0.525 0.45
vt 0.525 0.5
vt 0.47499996 0.39999998
vt 0.42499998 0.39999998
vt 0.375 0.4
vt 0.47499996 0.45
vt 0.47500002 0.5
vt 0.42499998 0.45
vt 0.375 0.45
vt 0.425 0.5
vt 0.375 0.5
vt 0.30503517 0.53327477
vt 0.32500002 0.5
vt 0.275 0.5
vt 0.26834506 0.53327477
vt 0.275 0.5
vt 0.275 0.5
vt 0.26834506 0.53327477
vt 0.26834506 0.53327477
vt 0.23165494 0.53327477
vt 0.225 0.5
vt 0.175 0.5
vt 0.19496484 0.53327477
vt 0.19496486 0.71672535
vt 0.17500001 0.75
vt 0.22500001 0.75
vt 0.23165494 0.71672535
vt 0.625 1
vt 0.625 1
vt 0.625 0.95
vt 0.625 0.95
vt 0.26834503 0.7167253
vt 0.27499998 0.75
vt 0.325 0.75
vt 0.3050351 0.71672523
vt 0.15827474 0.53327477
vt 0.15827474 0.53327477
vt 0.19496484 0.53327477
vt 0.19496484 0.53327477
vt 0.15827474 0.53327477
vt 0.19496484 0.53327477
vt 0.23165494 0.53327477
vt 0.23165494 0.53327477
vt 0.26834506 0.53327477
vt 0.26834506 0.53327477
vt 0.23165494 0.53327477
vt 0.26834506 0.53327477
vt 0.30503517 0.53327477
vt 0.30503517 0.53327477
vt 0.34172526 0.53327477
vt 0.34172526 0.53327477
vt 0.30503517 0.53327477
vt 0.34172526 0.53327477
vt 0.3050351 0.71672523
vt 0.325 0.75
vt 0.375 0.75
vt 0.34172523 0.71672523
vt 0.375 0.70000005
vt 0.34172523 0.6800351
vt 0.15827474 0.68003523
vt 0.125 0.7
vt 0.125 0.75
vt 0.15827474 0.71672535
vt 0.17500001 0.75
vt 0.19496486 0.71672535
vt 0.19496484 0.53327477
vt 0.175 0.5
vt 0.125 0.5
vt 0.15827474 0.53327477
vt 0.125 0.55
vt 0.15827475 0.5699649
vt 0.125 0.6
vt 0.15827474 0.606655
vt 0.34172523 0.5699648
vt 0.375 0.55
vt 0.375 0.5
vt 0.34172526 0.53327477
vt 0.32500002 0.5
vt 0.30503517 0.53327477
vt 0.34172523 0.643345
vt 0.375 0.65000004
vt 0.375 0.6
vt 0.34172523 0.6066549
vt 0.26834506 0.53327477
vt 0.275 0.5
vt 0.225 0.5
vt 0.23165494 0.53327477
vt 0.23165494 0.71672535
vt 0.22500001 0.75
vt 0.27499998 0.75
vt 0.26834503 0.7167253
vt 0.22500001 0.75
vt 0.22500001 0.75
vt 0.23165494 0.71672535
vt 0.23165494 0.71672535
vt 0.625 0.15
vt 0.625 0.15
vt 0.625 0.1
vt 0.625 0.1
vt 0.26834503 0.7167253
vt 0.26834503 0.7167253
vt 0.27499998 0.75
vt 0.27499998 0.75
vt 0.325 0.75
vt 0.325 0.75
vt 0.3050351 0.71672523
vt 0.3050351 0.71672523
vt 0.34172523 0.6800351
vt 0.34172523 0.6800351
vt 0.375 0.70000005
vt 0.375 0.70000005
vt 0.375 0.65000004
vt 0.375 0.65000004
vt 0.34172523 0.643345
vt 0.34172523 0.643345
vt 0.34172523 0.6066549
vt 0.34172523 0.6066549
vt 0.375 0.6
vt 0.375 0.6
vt 0.375 0.55
vt 0.375 0.55
vt 0.34172523 0.5699648
vt 0.34172523 0.5699648
vt 0.625 0.65
vt 0.625 0.65
vt 0.625 0.6
vt 0.625 0.6
vt 0.30503517 0.53327477
vt 0.30503517 0.53327477
vt 0.32500002 0.5
vt 0.32500002 0.5
vt 0.58461237 0
vt 0.625 0.25
vt 0.625 0
vt 0.58461237 0.25
vt 0.375 0
vt 0.375 0.25
vt 0.58461237 0.25
vt 0.625 0.5
vt 0.625 0.25
vt 0.58461237 0.5
vt 0.375 0.25
vt 0.375 0.5
vt 0.58461237 0.75
vt 0.58461237 0.75
vt 0.58461237 0.5
vt 0.58461237 0.5
vt 0.58461237 0.75
vt 0.625 1
vt 0.625 0.75
vt 0.58461237 1
vt 0.375 0.75
vt 0.375 1
vt 0.125 0.5
vt 0.125 0.75
vt 0.375 0.75
vt 0.375 0.5
vt 0.625 0.5
vt 0.625 0.75
vt 0.875 0.75
vt 0.875 0.5
vt 0.375 0.5
vt 0.375 0.75
vt 0.58461237 0.75
vt 0.58461237 0.5
vt 0.625 0.75
vt 0.625 0.75
vt 0.58461237 0.75
vt 0.58461237 0.75
vt 0.625 0.75
vt 0.58461237 0.75
vt 0.58461237 0.5
vt 0.625 0.5
vt 0.625 0.5
vt 0.58461237 0.5
vt 0.625 0.5
vt 0.58461237 0.5
vt 0.625 0.5
vt 0.625 0.5
vt 0.625 0.75
vt 0.625 0.75
vt 0.58461237 0.5
vt 0.58461237 0.75
vt 0.625 0.75
vt 0.625 0.5
vt 0.625 0.5
vt 0.625 0.5
vt 0.625 0.75
vt 0.625 0.75
vt 0.58461237 0.75
vt 0.58461237 0.75
vt 0.58461237 0.5
vt 0.58461237 0.5
vn 1 0 0
vn 1 0 0
vn 1 0 0
vn 1 0 0
vn -0 0 -1
vn -0 0 -1
vn -0 0 -1
vn -0 0 -1
vn -0 -1 0
vn -0 -1 0
vn -0 -1 0
vn -0 -1 0
vn -0 0 1
vn -0 0 1
vn -0 0 1
vn -0 0 1
vn -1 0 0
vn -1 0 0
vn -1 0 0
vn -1 0 0
vn -0 0 -1
vn -0 0 -1
vn -0 0 -1
vn -0 0 -1
vn -0 0 1
vn -0 0 1
vn -0 0 1
vn -0 0 1
vn -0 -1 0
vn -0 -1 0
vn -0 -1 0
vn -0 -1 0
vn 1 0 0
vn 1 0 0
vn 1 0 0
vn 1 0 0
vn -0 1 0
vn -0 1 0
vn -0 1 0
vn -0 1 0
vn -1 0 0
vn -1 0 0
vn -1 0 0
vn -1 0 0
vn 1 0 0
vn 1 0 0
vn 1 0 0
vn 1 0 0
vn -0 1 0
vn -0 1 0
vn -0 1 0
vn -0 1 0
vn -0 -1 0
vn -0 -1 0
vn -0 -1 0
vn -0 -1 0
vn -0 0 -1
vn -0 0 -1
vn -0 0 -1
vn -0 0 -1
vn 1 0 0
vn 1 0 0
vn 1 0 0
vn 1 0 0
vn -0 -1 0
vn -0 -1 0
vn -0 -1 0
vn -0 -1 0
vn -0 1 0
vn -0 1 0
vn -0 1 0
vn -0 1 0
vn -1 0 0
vn -1 0 0
vn -1 0 0
vn -1 0 0
vn -0 0 1
vn -0 0 1
vn -0 0 1
vn -0 0 1
vn -1 0 0
vn -1 0 0
vn -1 0 0
vn -1 0 0
vn -1 0 0
vn -1 0 0
vn 1 0 0
vn 1 0 0
vn 1 0 0
vn 1 0 0
vn 1 0 0
vn 1 0 0
vn -0 -0.538129 0.84286255
vn -0 -0.538129 0.84286255
vn -0 -0.538129 0.84286255
vn -0 -0.538129 0.84286255
vn -0 0 -1
vn -0 0 -1
vn -0 0 -1
vn -0 0 -1
vn -0 0 -1
vn -0 0 -1
vn -0 0.53812915 0.8428625
vn -0 0.53812915 0.8428625
vn -0 0.53812915 0.8428625
vn -0 0.53812915 0.8428625
vn -0 -1 0
vn -0 -1 0
vn -0 -1 0
vn -0 -1 0
vn -0 1 0
vn -0 1 0
vn -0 1 0
vn -0 1 0
vn -0 -1 0
vn -0 -1 0
vn -0 -1 0
vn -0 -1 0
vn -1 0 0
vn -1 0 0
vn -1 0 0
vn -1 0 0
vn -1 0 0
vn -1 0 0
vn -0 1 0
vn -0 1 0
vn -0 1 0
vn -0 1 0
vn 1 0 0
vn 1 0 0
vn 1 0 0
vn 1 0 0
vn 1 0 0
vn 1 0 0
vn -0 0 -1
vn -0 0 -1
vn -0 0 -1
vn -0 0 -1
vn -0 0 -1
vn -0 0 -1
vn -0 -0.5381291 0.8428625
vn -0 -0.5381291 0.8428625
vn -0 -0.5381291 0.8428625
vn -0 -0.5381291 0.8428625
vn -0 0.53812915 0.8428625
vn -0 0.53812915 0.8428625
vn -0 0.53812915 0.8428625
vn -0 0.53812915 0.8428625
vn -0 0 1
vn -0 0 1
vn -0 0 1
vn -0 0 1
vn -0 0 1
vn -0 0 1
vn -0 0 1
vn -0 0 1
vn -0.3826858 -0.9238786 0
vn -0.3826858 -0.9238786 0
vn -0.3728854 -0.90021497 0.22487633
vn -0.3728854 -0.900215 0.22487606
vn -0.3384295 -0.8170279 0.46683067
vn -0.3384295 -0.8170279 0.46683067
vn 0.9238784 -0.3826861 0
vn 0.9238784 -0.3826861 0
vn 0.90021473 -0.37288603 0.22487628
vn 0.90021485 -0.3728861 0.22487606
vn 0.8170275 -0.33843037 0.4668306
vn 0.8170275 -0.33843037 0.4668306
vn -0 0 -1
vn -0 0 -1
vn -0 0 -1
vn -0 0 -1
vn -0 0 -1
vn -0 0 -1
vn -0 0 -1
vn -0 0 -1
vn -0.90021527 -0.37288514 0.22487608
vn -0.81702834 -0.33842847 0.4668306
vn -0.81702834 -0.33842847 0.4668306
vn -0.90021515 -0.3728851 0.2248763
vn -0.9238784 -0.3826861 0
vn -0.9238784 -0.3826861 0
vn -0.3826858 0.9238786 0
vn -0.3826858 0.9238786 0
vn -0.3728852 0.90021515 0.22487608
vn -0.37288517 0.90021515 0.22487634
vn -0.33842903 0.8170281 0.4668306
vn -0.33842903 0.8170281 0.4668306
vn 0.38268614 -0.9238784 0
vn 0.38268614 -0.9238784 0
vn 0.37288544 -0.90021515 0.22487599
vn 0.37288535 -0.900215 0.2248762
vn 0.33842906 -0.8170282 0.46683043
vn 0.33842906 -0.8170282 0.46683043
vn 0.38268614 0.9238784 0
vn 0.38268614 0.9238784 0
vn 0.3728856 0.90021497 0.2248763
vn 0.3728856 0.90021497 0.22487602
vn 0.3384295 0.8170279 0.46683055
vn 0.3384295 0.8170279 0.46683055
vn 0.37288538 -0.900215 0.22487609
vn 0.33842903 -0.8170281 0.4668307
vn 0.33842903 -0.8170281 0.4668307
vn 0.37288535 -0.900215 0.22487636
vn 0.38268614 -0.9238784 0
vn 0.38268614 -0.9238784 0
vn 0.9238784 -0.3826861 0
vn 0.9238784 -0.3826861 0
vn 0.90021473 -0.37288603 0.2248763
vn 0.90021485 -0.3728861 0.22487609
vn 0.8170275 -0.33843037 0.46683067
vn 0.8170275 -0.33843037 0.46683067
vn -0.3826858 -0.9238786 0
vn -0.3826858 -0.9238786 0
vn -0.37288544 -0.90021497 0.22487634
vn -0.37288544 -0.900215 0.22487609
vn -0.3384295 -0.81702787 0.46683067
vn -0.3384295 -0.81702787 0.46683067
vn -0 0 1
vn -0 0 1
vn -0 0 1
vn -0 0 1
vn -0 0 1
vn -0 0 1
vn -0 0 1
vn -0 0 1
vn -0.37288547 0.90021515 0.22487581
vn -0.3384296 0.81702816 0.46683007
vn -0.3384296 0.81702816 0.46683007
vn -0.37288544 0.900215 0.22487602
vn -0.3826858 0.9238786 0
vn -0.3826858 0.9238786 0
vn 0.90021473 0.3728864 0.22487576
vn 0.8170277 0.3384307 0.46683007
vn 0.8170277 0.3384307 0.46683007
vn 0.9002147 0.3728864 0.22487609
vn 0.9238782 0.38268653 0
vn 0.9238782 0.38268653 0
vn -0.90021515 -0.3728851 0.22487624
vn -0.81702816 -0.3384284 0.466831
vn -0.81702816 -0.3384284 0.466831
vn -0.90021515 -0.3728851 0.2248765
vn -0.9238784 -0.3826861 0
vn -0.9238784 -0.3826861 0
vn -0.9238784 -0.3826861 0
vn -0.9238784 -0.3826861 0
vn -0.90021515 -0.3728851 0.22487625
vn -0.90021515 -0.3728851 0.22487651
vn -0.81702816 -0.3384284 0.46683103
vn -0.81702816 -0.3384284 0.46683103
vn -0.3826858 -0.9238786 0
vn -0.3826858 -0.9238786 0
vn -0.37288544 -0.900215 0.22487615
vn -0.37288547 -0.90021515 0.22487594
vn -0.3384296 -0.8170281 0.46683037
vn -0.3384296 -0.8170281 0.46683037
vn -0.9238784 -0.3826861 0
vn -0.9238784 -0.3826861 0
vn -0.90021527 -0.37288514 0.22487584
vn -0.90021527 -0.37288517 0.2248761
vn -0.8170286 -0.33842856 0.4668302
vn -0.8170286 -0.33842856 0.4668302
vn -0 0 -1
vn -0 0 -1
vn -0 0 -1
vn -0 0 -1
vn -0 0 -1
vn -0 0 -1
vn -0 0 -1
vn -0 0 -1
vn -0.9238784 0.3826861 0
vn -0.9238784 0.3826861 0
vn -0.90021515 0.3728851 0.22487652
vn -0.90021515 0.3728851 0.22487628
vn -0.81702816 0.3384284 0.4668311
vn -0.81702816 0.3384284 0.4668311
vn 0.90021485 0.3728861 0.22487612
vn 0.8170275 0.33843037 0.4668307
vn 0.8170275 0.33843037 0.4668307
vn 0.90021473 0.37288603 0.22487634
vn 0.9238784 0.3826861 0
vn 0.9238784 0.3826861 0
vn -0.9238784 0.3826861 0
vn -0.9238784 0.3826861 0
vn -0.90021515 0.3728851 0.22487652
vn -0.90021515 0.3728851 0.22487625
vn -0.81702816 0.3384284 0.46683103
vn -0.81702816 0.3384284 0.46683103
vn -0 0 -1
vn -0 0 -1
vn -0 0 -1
vn -0 0 -1
vn -0 0 -1
vn -0 0 -1
vn -0 0 -1
vn -0 0 -1
vn -0.9238782 0.38268653 0
vn -0.9238782 0.38268653 0
vn -0.900215 0.37288544 0.22487625
vn -0.900215 0.37288547 0.22487594
vn -0.81702834 0.3384287 0.46683046
vn -0.81702834 0.3384287 0.46683046
vn 0.38268614 0.9238784 0
vn 0.38268614 0.9238784 0
vn 0.3728856 0.90021497 0.22487602
vn 0.37288567 0.900215 0.22487581
vn 0.3384296 0.81702816 0.46683007
vn 0.3384296 0.81702816 0.46683007
vn -0.3728852 0.90021515 0.22487612
vn -0.33842903 0.8170281 0.46683082
vn -0.33842903 0.8170281 0.46683082
vn -0.37288517 0.90021515 0.22487639
vn -0.3826858 0.9238786 0
vn -0.3826858 0.9238786 0
vn -0 0 1
vn -0 0 1
vn -0 0 1
vn -0 0 1
vn -0 0 1
vn -0 0 1
vn -0 0 1
vn -0 0 1
vn 0.3728854 -0.900215 0.22487612
vn 0.33842903 -0.8170281 0.46683082
vn 0.33842903 -0.8170281 0.46683082
vn 0.37288538 -0.900215 0.22487639
vn 0.38268614 -0.9238784 0
vn 0.38268614 -0.9238784 0
vn 0.90021485 -0.3728861 0.22487614
vn 0.8170277 -0.33843046 0.46683028
vn 0.8170277 -0.33843046 0.46683028
vn 0.90021485 -0.37288606 0.22487588
vn 0.9238784 -0.3826861 0
vn 0.9238784 -0.3826861 0
vn -0 0 -1
vn -0 0 -1
vn -0 0 -1
vn -0 0 -1
vn -0 0 -1
vn -0 0 -1
vn -0 0 -1
vn -0 0 -1
vn 0.9238784 0.3826861 0
vn 0.9238784 0.3826861 0
vn 0.90021473 0.372886 0.22487628
vn 0.90021473 0.37288606 0.22487657
vn 0.8170273 0.3384303 0.46683106
vn 0.8170273 0.3384303 0.46683106
vn -0.90021515 0.3728851 0.22487651
vn -0.81702816 0.3384284 0.46683103
vn -0.81702816 0.3384284 0.46683103
vn -0.90021515 0.3728851 0.22487625
vn -0.9238784 0.3826861 0
vn -0.9238784 0.3826861 0
vn 0.38268614 -0.9238784 0
vn 0.38268614 -0.9238784 0
vn 0.37288538 -0.900215 0.22487602
vn 0.37288535 -0.900215 0.22487628
vn 0.33842903 -0.81702816 0.46683055
vn 0.33842903 -0.81702816 0.46683055
vn -0.9238784 0.3826861 0
vn -0.9238784 0.3826861 0
vn -0.90021515 0.3728851 0.22487624
vn -0.90021527 0.37288514 0.22487599
vn -0.8170284 0.3384285 0.4668305
vn -0.8170284 0.3384285 0.4668305
vn -0 0 1
vn -0 0 1
vn -0 0 1
vn -0 0 1
vn -0 0 1
vn -0 0 1
vn -0 0 1
vn -0 0 1
vn -0 0 -1
vn -0 0 -1
vn -0 0 -1
vn -0 0 -1
vn -0 0 -1
vn -0 0 -1
vn -0 0 -1
vn -0 0 -1
vn -0.37288544 -0.900215 0.22487622
vn -0.33842954 -0.817028 0.46683043
vn -0.33842954 -0.817028 0.46683043
vn -0.37288547 -0.90021515 0.22487599
vn -0.3826858 -0.9238786 0
vn -0.3826858 -0.9238786 0
vn -0.3826858 0.9238786 0
vn -0.3826858 0.9238786 0
vn -0.37288514 0.90021515 0.22487618
vn -0.37288514 0.900215 0.22487645
vn -0.33842897 0.817028 0.46683088
vn -0.33842897 0.817028 0.46683088
vn 0.37288538 -0.900215 0.22487631
vn 0.33842894 -0.81702787 0.46683112
vn 0.33842894 -0.81702787 0.46683112
vn 0.37288535 -0.90021497 0.22487655
vn 0.38268614 -0.9238784 0
vn 0.38268614 -0.9238784 0
vn 0.37288558 0.90021497 0.22487639
vn 0.33842948 0.81702787 0.46683082
vn 0.33842948 0.81702787 0.46683082
vn 0.3728856 0.90021497 0.22487612
vn 0.38268614 0.9238784 0
vn 0.38268614 0.9238784 0
vn -0.37288538 -0.90021497 0.2248765
vn -0.33842942 -0.81702775 0.466831
vn -0.33842942 -0.81702775 0.466831
vn -0.37288544 -0.900215 0.22487625
vn -0.3826858 -0.9238786 0
vn -0.3826858 -0.9238786 0
vn 0.90021485 -0.37288606 0.22487596
vn 0.81702787 -0.33843052 0.4668299
vn 0.81702787 -0.33843052 0.4668299
vn 0.90021497 -0.37288615 0.22487572
vn 0.9238784 -0.3826861 0
vn 0.9238784 -0.3826861 0
vn 0.37288558 0.90021497 0.22487645
vn 0.33842942 0.81702775 0.4668309
vn 0.33842942 0.81702775 0.4668309
vn 0.3728856 0.90021497 0.2248762
vn 0.38268614 0.9238784 0
vn 0.38268614 0.9238784 0
vn 0.9238784 0.3826861 0
vn 0.9238784 0.3826861 0
vn 0.90021497 0.37288615 0.22487566
vn 0.90021485 0.37288606 0.22487587
vn 0.8170279 0.33843055 0.46682978
vn 0.8170279 0.33843055 0.46682978
vn -0.90021515 0.3728851 0.22487652
vn -0.81702816 0.3384284 0.46683103
vn -0.81702816 0.3384284 0.46683103
vn -0.90021515 0.3728851 0.22487625
vn -0.9238784 0.3826861 0
vn -0.9238784 0.3826861 0
vn 0.9238784 -0.3826861 0
vn 0.9238784 -0.3826861 0
vn 0.9002147 -0.37288603 0.22487657
vn 0.90021473 -0.372886 0.22487631
vn 0.8170273 -0.3384303 0.46683112
vn 0.8170273 -0.3384303 0.46683112
vn 0.9238784 0.3826861 0
vn 0.9238784 0.3826861 0
vn 0.90021497 0.3728861 0.2248758
vn 0.90021485 0.37288603 0.22487605
vn 0.81702775 0.3384305 0.4668301
vn 0.81702775 0.3384305 0.4668301
vn -0 0 1
vn -0 0 1
vn -0 0 1
vn -0 0 1
vn -0 0 1
vn -0 0 1
vn -0 0 1
vn -0 0 1
vn -0.3826858 0.9238786 0
vn -0.3826858 0.9238786 0
vn -0.37288514 0.90021515 0.22487624
vn -0.37288514 0.900215 0.2248765
vn -0.33842894 0.8170279 0.46683094
vn -0.33842894 0.8170279 0.46683094
vn -0.90021527 -0.37288514 0.22487608
vn -0.81702834 -0.33842847 0.4668306
vn -0.81702834 -0.33842847 0.4668306
vn -0.90021515 -0.3728851 0.2248763
vn -0.9238784 -0.3826861 0
vn -0.9238784 -0.3826861 0
vn -0.9238784 -0.3826861 0
vn -0.9238784 -0.3826861 0
vn -0.90021527 -0.37288517 0.22487612
vn -0.90021515 -0.37288514 0.22487636
vn -0.81702834 -0.33842847 0.46683076
vn -0.81702834 -0.33842847 0.46683076
vn 0.38268614 0.9238784 0
vn 0.38268614 0.9238784 0
vn 0.3728856 0.90021497 0.22487634
vn 0.37288564 0.90021497 0.22487608
vn 0.3384295 0.81702787 0.46683067
vn 0.3384295 0.81702787 0.46683067
vn -0 0 1
vn -0 0 1
vn -0 0 1
vn -0 0 1
vn -0 0 1
vn -0 0 1
vn -0 0 1
vn -0 0 1
vn 0.9238784 -0.3826861 0
vn 0.9238784 -0.3826861 0
vn 0.90021497 -0.3728856 0.22487612
vn 0.900215 -0.3728856 0.22487587
vn 0.8170281 -0.3384295 0.46683028
vn 0.8170281 -0.3384295 0.46683028
vn 0.38268614 0.9238784 0
vn 0.38268614 0.9238784 0
vn 0.37288558 0.90021497 0.22487639
vn 0.3728856 0.90021497 0.22487612
vn 0.33842948 0.81702787 0.46683082
vn 0.33842948 0.81702787 0.46683082
vn -0 0 -1
vn -0 0 -1
vn -0 0 -1
vn -0 0 -1
vn -0 0 -1
vn -0 0 -1
vn -0 0 -1
vn -0 0 -1
vn 0.37288514 -0.90021515 0.22487618
vn 0.33842897 -0.817028 0.46683088
vn 0.33842897 -0.817028 0.46683088
vn 0.37288514 -0.900215 0.22487645
vn 0.3826858 -0.9238786 0
vn 0.3826858 -0.9238786 0
vn -0.9238781 -0.38268703 0
vn -0.9238781 -0.38268703 0
vn -0.900215 -0.37288564 0.22487594
vn -0.90021497 -0.3728856 0.22487627
vn -0.8170284 -0.3384285 0.46683043
vn -0.8170284 -0.3384285 0.46683043
vn 0.9238786 0.3826857 0
vn 0.9238786 0.3826857 0
vn 0.90021527 0.37288487 0.22487637
vn 0.90021527 0.37288487 0.22487663
vn 0.8170281 0.33842838 0.4668312
vn 0.8170281 0.33842838 0.4668312
vn -0.9238781 0.38268703 0
vn -0.9238781 0.38268703 0
vn -0.90021497 0.37288553 0.22487652
vn -0.90021497 0.37288553 0.22487634
vn -0.8170282 0.33842826 0.46683106
vn -0.8170282 0.33842826 0.46683106
vn 0.90021497 0.37288556 0.22487625
vn 0.81702775 0.33842936 0.46683103
vn 0.81702775 0.33842936 0.46683103
vn 0.90021497 0.37288556 0.22487651
vn 0.9238784 0.3826861 0
vn 0.9238784 0.3826861 0
vn 0.38268614 0.9238784 0
vn 0.38268614 0.9238784 0
vn 0.37288544 0.900215 0.22487615
vn 0.37288544 0.900215 0.22487591
vn 0.33842915 0.8170282 0.4668304
vn 0.33842915 0.8170282 0.4668304
vn 0.9238784 -0.3826861 0
vn 0.9238784 -0.3826861 0
vn 0.900215 -0.37288508 0.2248767
vn 0.90021515 -0.3728851 0.22487646
vn 0.817028 -0.33842832 0.4668314
vn 0.817028 -0.33842832 0.4668314
vn -0 0 1
vn -0 0 1
vn -0 0 1
vn -0 0 1
vn -0 0 1
vn -0 0 1
vn -0 0 1
vn -0 0 1
vn -0.90021485 -0.3728858 0.22487631
vn -0.8170277 -0.33842933 0.46683112
vn -0.8170277 -0.33842933 0.46683112
vn -0.90021485 -0.3728858 0.22487657
vn -0.9238782 -0.3826866 0
vn -0.9238782 -0.3826866 0
vn -0.3728854 0.900215 0.22487618
vn -0.33842897 0.817028 0.46683088
vn -0.33842897 0.817028 0.46683088
vn -0.37288538 0.90021497 0.22487645
vn -0.38268614 0.9238784 0
vn -0.38268614 0.9238784 0
vn 0.37288538 -0.900215 0.22487606
vn 0.33842903 -0.8170281 0.4668306
vn 0.33842903 -0.8170281 0.4668306
vn 0.37288535 -0.900215 0.22487633
vn 0.38268614 -0.9238784 0
vn 0.38268614 -0.9238784 0
vn 0.38268498 -0.9238788 0
vn 0.38268498 -0.9238788 0
vn 0.3728844 -0.9002155 0.22487605
vn 0.37288442 -0.90021545 0.2248763
vn 0.33842823 -0.8170284 0.46683067
vn 0.33842823 -0.8170284 0.46683067
vn 0.9238786 -0.3826857 0
vn 0.9238786 -0.3826857 0
vn 0.90021527 -0.3728849 0.22487622
vn 0.9002153 -0.37288493 0.22487599
vn 0.8170284 -0.3384285 0.46683043
vn 0.8170284 -0.3384285 0.46683043
vn 0.38268542 -0.9238787 0
vn 0.38268542 -0.9238787 0
vn 0.3728846 -0.90021545 0.22487609
vn 0.37288457 -0.9002153 0.22487634
vn 0.3384282 -0.8170284 0.4668308
vn 0.3384282 -0.8170284 0.4668308
vn -0 0 -1
vn -0 0 -1
vn -0 0 -1
vn -0 0 -1
vn -0 0 -1
vn -0 0 -1
vn -0 0 -1
vn -0 0 -1
vn -0.3826883 -0.9238776 0
vn -0.3826883 -0.9238776 0
vn -0.37288705 -0.9002145 0.22487612
vn -0.37288702 -0.90021455 0.22487582
vn -0.33843002 -0.817028 0.4668301
vn -0.33843002 -0.817028 0.4668301
vn -0.3728844 0.90021545 0.22487634
vn -0.33842796 0.8170282 0.46683103
vn -0.33842796 0.8170282 0.46683103
vn -0.3728844 0.90021545 0.22487651
vn -0.38268518 0.9238788 0
vn -0.38268518 0.9238788 0
vn -0.3826865 -0.9238782 0
vn -0.3826865 -0.9238782 0
vn -0.37288582 -0.90021485 0.2248764
vn -0.37288588 -0.90021497 0.22487617
vn -0.33842948 -0.81702787 0.46683082
vn -0.33842948 -0.81702787 0.46683082
vn -0 0 -1
vn -0 0 -1
vn -0 0 -1
vn -0 0 -1
vn -0 0 -1
vn -0 0 -1
vn -0 0 -1
vn -0 0 -1
vn -0.38268614 -0.9238784 0
vn -0.38268614 -0.9238784 0
vn -0.3728856 -0.90021497 0.2248763
vn -0.3728856 -0.90021497 0.22487602
vn -0.3384295 -0.8170279 0.46683055
vn -0.3384295 -0.8170279 0.46683055
vn -0.9238782 0.3826866 0
vn -0.9238782 0.3826866 0
vn -0.90021497 0.37288588 0.2248761
vn -0.90021497 0.37288588 0.22487584
vn -0.81702816 0.33842957 0.46683016
vn -0.81702816 0.33842957 0.46683016
vn -0.90021497 -0.3728861 0.2248758
vn -0.81702775 -0.3384305 0.4668301
vn -0.81702775 -0.3384305 0.4668301
vn -0.90021485 -0.37288603 0.22487605
vn -0.9238784 -0.3826861 0
vn -0.9238784 -0.3826861 0
vn -0 0 1
vn -0 0 1
vn -0 0 1
vn -0 0 1
vn -0 0 1
vn -0 0 1
vn -0 0 1
vn -0 0 1
vn 0.90021527 0.37288514 0.22487588
vn 0.8170286 0.3384286 0.4668303
vn 0.8170286 0.3384286 0.4668303
vn 0.90021527 0.37288514 0.22487614
vn 0.9238784 0.3826861 0
vn 0.9238784 0.3826861 0
vn 0.3728856 0.90021497 0.22487634
vn 0.3384295 0.81702787 0.46683067
vn 0.3384295 0.81702787 0.46683067
vn 0.37288564 0.90021497 0.22487608
vn 0.38268614 0.9238784 0
vn 0.38268614 0.9238784 0
vn -0 0 -1
vn -0 0 -1
vn -0 0 -1
vn -0 0 -1
vn -0 0 -1
vn -0 0 -1
vn -0 0 -1
vn -0 0 -1
vn -0.38268614 0.9238784 0
vn -0.38268614 0.9238784 0
vn -0.3728854 0.900215 0.22487612
vn -0.37288538 0.900215 0.22487639
vn -0.33842903 0.8170281 0.46683082
vn -0.33842903 0.8170281 0.46683082
vn -0.37288642 -0.90021455 0.22487634
vn -0.3384303 -0.8170275 0.46683067
vn -0.3384303 -0.8170275 0.46683067
vn -0.37288645 -0.9002147 0.2248761
vn -0.38268688 -0.9238781 0
vn -0.38268688 -0.9238781 0
vn 0.9238784 0.3826861 0
vn 0.9238784 0.3826861 0
vn 0.90021497 0.37288615 0.22487572
vn 0.90021485 0.37288606 0.22487596
vn 0.81702787 0.33843052 0.4668299
vn 0.81702787 0.33843052 0.4668299
vn -0.38268688 -0.9238781 0
vn -0.38268688 -0.9238781 0
vn -0.37288642 -0.90021455 0.22487634
vn -0.37288645 -0.9002147 0.2248761
vn -0.3384303 -0.8170275 0.46683067
vn -0.3384303 -0.8170275 0.46683067
vn -0 0 1
vn -0 0 1
vn -0 0 1
vn -0 0 1
vn -0 0 1
vn -0 0 1
vn -0 0 1
vn -0 0 1
vn -0 0 -1
vn -0 0 -1
vn -0 0 -1
vn -0 0 -1
vn -0 0 -1
vn -0 0 -1
vn -0 0 -1
vn -0 0 -1
vn 0.90021473 -0.372886 0.2248765
vn 0.8170274 -0.33843035 0.46683103
vn 0.8170274 -0.33843035 0.46683103
vn 0.90021473 -0.37288603 0.22487624
vn 0.9238784 -0.3826861 0
vn 0.9238784 -0.3826861 0
vn -0.9238784 -0.3826861 0
vn -0.9238784 -0.3826861 0
vn -0.90021527 -0.37288514 0.22487599
vn -0.90021515 -0.3728851 0.22487624
vn -0.8170284 -0.3384285 0.4668305
vn -0.8170284 -0.3384285 0.4668305
vn 0.90021497 0.37288615 0.22487572
vn 0.81702787 0.33843052 0.4668299
vn 0.81702787 0.33843052 0.4668299
vn 0.90021485 0.37288606 0.22487596
vn 0.9238784 0.3826861 0
vn 0.9238784 0.3826861 0
vn -0.90021515 0.37288505 0.22487657
vn -0.8170281 0.33842838 0.46683115
vn -0.8170281 0.33842838 0.46683115
vn -0.90021515 0.37288505 0.2248763
vn -0.9238784 0.3826861 0
vn -0.9238784 0.3826861 0
vn 0.90021473 -0.372886 0.2248765
vn 0.8170274 -0.33843035 0.46683103
vn 0.8170274 -0.33843035 0.46683103
vn 0.90021473 -0.37288603 0.22487624
vn 0.9238784 -0.3826861 0
vn 0.9238784 -0.3826861 0
vn 0.3728856 0.90021497 0.22487634
vn 0.3384295 0.81702787 0.46683067
vn 0.3384295 0.81702787 0.46683067
vn 0.37288564 0.90021497 0.22487608
vn 0.38268614 0.9238784 0
vn 0.38268614 0.9238784 0
vn -0.90021515 0.37288505 0.22487657
vn -0.8170281 0.33842838 0.46683115
vn -0.8170281 0.33842838 0.46683115
vn -0.90021515 0.37288505 0.2248763
vn -0.9238784 0.3826861 0
vn -0.9238784 0.3826861 0
vn -0.3826865 0.9238782 0
vn -0.3826865 0.9238782 0
vn -0.3728856 0.90021497 0.22487612
vn -0.37288558 0.90021497 0.22487639
vn -0.33842903 0.8170281 0.46683082
vn -0.33842903 0.8170281 0.46683082
vn -0.3728866 -0.90021455 0.22487636
vn -0.3384303 -0.8170275 0.46683067
vn -0.3384303 -0.8170275 0.46683067
vn -0.37288663 -0.90021455 0.22487612
vn -0.3826873 -0.923878 0
vn -0.3826873 -0.923878 0
vn 0.3826858 0.9238786 0
vn 0.3826858 0.9238786 0
vn 0.37288544 0.90021497 0.22487634
vn 0.37288544 0.900215 0.22487609
vn 0.3384295 0.81702787 0.46683067
vn 0.3384295 0.81702787 0.46683067
vn -0.38268614 0.9238784 0
vn -0.38268614 0.9238784 0
vn -0.3728854 0.900215 0.22487612
vn -0.37288538 0.900215 0.22487639
vn -0.33842903 0.8170281 0.46683082
vn -0.33842903 0.8170281 0.46683082
vn -0 0 1
vn -0 0 1
vn -0 0 1
vn -0 0 1
vn -0 0 1
vn -0 0 1
vn -0 0 1
vn -0 0 1
vn -0.9238784 -0.3826861 0
vn -0.9238784 -0.3826861 0
vn -0.90021527 -0.37288514 0.22487599
vn -0.90021515 -0.3728851 0.22487624
vn -0.8170284 -0.3384285 0.4668305
vn -0.8170284 -0.3384285 0.4668305
vn 0.3728844 -0.9002155 0.22487609
vn 0.3384282 -0.8170284 0.4668308
vn 0.3384282 -0.8170284 0.4668308
vn 0.37288436 -0.90021545 0.22487634
vn 0.38268498 -0.9238788 0
vn 0.38268498 -0.9238788 0
vn 0.38268542 -0.9238787 0
vn 0.38268542 -0.9238787 0
vn 0.3728846 -0.90021545 0.22487609
vn 0.37288457 -0.9002153 0.22487634
vn 0.3384282 -0.8170284 0.4668308
vn 0.3384282 -0.8170284 0.4668308
vn -0.9238784 0.3826861 0
vn -0.9238784 0.3826861 0
vn -0.90021473 0.37288603 0.22487639
vn -0.90021485 0.3728861 0.22487617
vn -0.8170275 0.33843037 0.46683082
vn -0.8170275 0.33843037 0.46683082
vn 0.9238786 0.38268575 0
vn 0.9238786 0.38268575 0
vn 0.9002153 0.37288475 0.22487627
vn 0.9002153 0.3728847 0.22487654
vn 0.8170282 0.33842796 0.46683103
vn 0.8170282 0.33842796 0.46683103
vn 0.9238784 -0.3826861 0
vn 0.9238784 -0.3826861 0
vn 0.90021515 -0.3728851 0.22487646
vn 0.90021515 -0.3728851 0.22487622
vn 0.81702816 -0.3384284 0.46683094
vn 0.81702816 -0.3384284 0.46683094
vn 0.37288424 -0.9002156 0.22487614
vn 0.33842805 -0.81702846 0.4668306
vn 0.33842805 -0.81702846 0.4668306
vn 0.37288418 -0.9002155 0.2248763
vn 0.3826848 -0.9238789 0
vn 0.3826848 -0.9238789 0
vn -0.38268757 -0.9238778 0
vn -0.38268757 -0.9238778 0
vn -0.37288633 -0.90021455 0.22487648
vn -0.3728864 -0.9002147 0.22487615
vn -0.33842942 -0.81702775 0.4668309
vn -0.33842942 -0.81702775 0.4668309
vn 0.3826858 -0.9238786 0
vn 0.3826858 -0.9238786 0
vn 0.37288523 -0.90021515 0.22487634
vn 0.37288517 -0.900215 0.22487657
vn 0.33842894 -0.81702787 0.46683112
vn 0.33842894 -0.81702787 0.46683112
vn -0.37288588 -0.90021497 0.22487617
vn -0.3384296 -0.8170281 0.46683037
vn -0.3384296 -0.8170281 0.46683037
vn -0.37288585 -0.90021497 0.22487593
vn -0.3826865 -0.9238782 0
vn -0.3826865 -0.9238782 0
vn 0.3826848 0.9238789 0
vn 0.3826848 0.9238789 0
vn 0.37288442 0.9002155 0.22487578
vn 0.3728845 0.9002156 0.22487567
vn 0.33842874 0.8170288 0.46682966
vn 0.33842874 0.8170288 0.46682966
vn 0.90021515 -0.37288505 0.2248764
vn 0.8170282 -0.33842826 0.46683088
vn 0.8170282 -0.33842826 0.46683088
vn 0.90021527 -0.37288505 0.22487625
vn 0.9238784 -0.3826861 0
vn 0.9238784 -0.3826861 0
vn 0.3826858 0.9238786 0
vn 0.3826858 0.9238786 0
vn 0.37288538 0.90021497 0.2248765
vn 0.37288544 0.900215 0.22487625
vn 0.33842942 0.81702775 0.466831
vn 0.33842942 0.81702775 0.466831
vn -0.90021515 -0.3728851 0.22487625
vn -0.81702816 -0.3384284 0.46683103
vn -0.81702816 -0.3384284 0.46683103
vn -0.90021515 -0.3728851 0.22487652
vn -0.9238784 -0.3826861 0
vn -0.9238784 -0.3826861 0
vn -0.38268554 0.9238787 0
vn -0.38268554 0.9238787 0
vn -0.3728851 0.9002153 0.22487558
vn -0.37288514 0.9002153 0.22487572
vn -0.33842924 0.81702864 0.46682957
vn -0.33842924 0.81702864 0.46682957
vn -0.9238784 -0.3826861 0
vn -0.9238784 -0.3826861 0
vn -0.90021527 -0.3728852 0.2248758
vn -0.90021527 -0.37288517 0.22487605
vn -0.8170286 -0.3384286 0.46683004
vn -0.8170286 -0.3384286 0.46683004
vn -0.9238784 0.3826861 0
vn -0.9238784 0.3826861 0
vn -0.90021515 0.37288514 0.2248763
vn -0.90021527 0.37288517 0.22487606
vn -0.81702834 0.33842847 0.4668306
vn -0.81702834 0.33842847 0.4668306
vn -0.9238784 0.3826861 0
vn -0.9238784 0.3826861 0
vn -0.90021515 0.3728851 0.2248763
vn -0.90021527 0.37288514 0.22487608
vn -0.81702834 0.33842847 0.4668306
vn -0.81702834 0.33842847 0.4668306
vn 0.9238784 -0.3826861 0
vn 0.9238784 -0.3826861 0
vn 0.90021515 -0.3728851 0.22487624
vn 0.90021527 -0.37288514 0.22487599
vn 0.8170284 -0.3384285 0.4668305
vn 0.8170284 -0.3384285 0.4668305
vn -0 0 1
vn -0 0 1
vn -0 0 1
vn -0 0 1
vn -0 0 1
vn -0 0 1
vn -0 0 1
vn -0 0 1
vn 0.90021527 0.37288517 0.2248761
vn 0.81702834 0.33842847 0.4668307
vn 0.81702834 0.33842847 0.4668307
vn 0.90021515 0.37288514 0.22487636
vn 0.9238784 0.3826861 0
vn 0.9238784 0.3826861 0
vn -0 0 -1
vn -0 0 -1
vn -0 0 -1
vn -0 0 -1
vn -0 0 -1
vn -0 0 -1
vn -0 0 -1
vn -0 0 -1
vn -0.3728856 0.90021497 0.22487634
vn -0.33842894 0.81702787 0.46683112
vn -0.33842894 0.81702787 0.46683112
vn -0.3728856 0.90021497 0.2248766
vn -0.3826865 0.9238782 0
vn -0.3826865 0.9238782 0
vn -0.3826865 -0.9238782 0
vn -0.3826865 -0.9238782 0
vn -0.37288582 -0.90021485 0.22487651
vn -0.37288585 -0.90021485 0.22487625
vn -0.33842942 -0.81702775 0.466831
vn -0.33842942 -0.81702775 0.466831
vn -0.9238784 0.3826861 0
vn -0.9238784 0.3826861 0
vn -0.90021515 0.37288505 0.22487657
vn -0.90021515 0.37288505 0.2248763
vn -0.8170281 0.33842838 0.46683115
vn -0.8170281 0.33842838 0.46683115
vn -0 0 1
vn -0 0 1
vn -0 0 1
vn -0 0 1
vn -0 0 1
vn -0 0 1
vn -0 0 1
vn -0 0 1
vn -0 0 -1
vn -0 0 -1
vn -0 0 -1
vn -0 0 -1
vn -0 0 -1
vn -0 0 -1
vn -0 0 -1
vn -0 0 -1
vn -0.9238784 -0.3826861 0
vn -0.9238784 -0.3826861 0
vn -0.90021527 -0.37288514 0.22487605
vn -0.90021515 -0.3728851 0.22487628
vn -0.8170284 -0.3384285 0.46683058
vn -0.8170284 -0.3384285 0.46683058
vn 0.3826858 -0.9238786 0
vn 0.3826858 -0.9238786 0
vn 0.37288502 -0.90021527 0.224876
vn 0.37288496 -0.90021527 0.22487627
vn 0.3384286 -0.81702834 0.4668305
vn 0.3384286 -0.81702834 0.4668305
vn 0.37288615 0.90021473 0.22487628
vn 0.33843 0.81702787 0.46683052
vn 0.33843 0.81702787 0.46683052
vn 0.3728862 0.90021485 0.22487597
vn 0.38268682 0.9238782 0
vn 0.38268682 0.9238782 0
vn 0.9238784 0.3826861 0
vn 0.9238784 0.3826861 0
vn 0.90021515 0.37288505 0.2248763
vn 0.90021515 0.37288505 0.22487657
vn 0.8170281 0.33842838 0.46683115
vn 0.8170281 0.33842838 0.46683115
vn 0.90021527 -0.37288508 0.22487621
vn 0.81702846 -0.33842838 0.46683046
vn 0.81702846 -0.33842838 0.46683046
vn 0.90021527 -0.37288508 0.22487603
vn 0.9238784 -0.3826861 0
vn 0.9238784 -0.3826861 0
vn -0.3826865 0.9238782 0
vn -0.3826865 0.9238782 0
vn -0.3728856 0.90021497 0.22487608
vn -0.37288558 0.90021497 0.22487634
vn -0.33842903 0.8170281 0.4668306
vn -0.33842903 0.8170281 0.4668306
vn 0.37288544 0.900215 0.2248763
vn 0.3384295 0.8170279 0.46683055
vn 0.3384295 0.8170279 0.46683055
vn 0.3728854 0.900215 0.22487602
vn 0.3826858 0.9238786 0
vn 0.3826858 0.9238786 0
vn -0.90021515 0.3728851 0.2248765
vn -0.81702816 0.3384284 0.466831
vn -0.81702816 0.3384284 0.466831
vn -0.90021515 0.3728851 0.22487624
vn -0.9238784 0.3826861 0
vn -0.9238784 0.3826861 0
vn 0.9238784 0.3826861 0
vn 0.9238784 0.3826861 0
vn 0.90021515 0.3728851 0.22487624
vn 0.90021515 0.3728851 0.2248765
vn 0.81702816 0.3384284 0.466831
vn 0.81702816 0.3384284 0.466831
vn -0 0 1
vn -0 0 1
vn -0 0 1
vn -0 0 1
vn -0 0 1
vn -0 0 1
vn -0 0 1
vn -0 0 1
vn 0.37288544 0.900215 0.2248763
vn 0.3384295 0.8170279 0.46683055
vn 0.3384295 0.8170279 0.46683055
vn 0.3728854 0.900215 0.22487602
vn 0.3826858 0.9238786 0
vn 0.3826858 0.9238786 0
vn -0.37288588 -0.90021497 0.22487594
vn -0.33842963 -0.8170282 0.4668299
vn -0.33842963 -0.8170282 0.4668299
vn -0.37288588 -0.90021497 0.22487572
vn -0.3826865 -0.9238782 0
vn -0.3826865 -0.9238782 0
vn 0.90021485 0.37288606 0.22487587
vn 0.8170277 0.3384305 0.46683022
vn 0.8170277 0.3384305 0.46683022
vn 0.90021485 0.37288603 0.2248761
vn 0.9238784 0.3826861 0
vn 0.9238784 0.3826861 0
vn 0.9002153 0.37288475 0.22487627
vn 0.81702834 0.338428 0.46683103
vn 0.81702834 0.338428 0.46683103
vn 0.9002153 0.3728847 0.22487652
vn 0.9238786 0.38268575 0
vn 0.9238786 0.38268575 0
vn -0.37288588 -0.90021497 0.22487617
vn -0.3384296 -0.8170281 0.46683037
vn -0.3384296 -0.8170281 0.46683037
vn -0.37288585 -0.90021497 0.22487593
vn -0.3826865 -0.9238782 0
vn -0.3826865 -0.9238782 0
vn 0.3826858 -0.9238786 0
vn 0.3826858 -0.9238786 0
vn 0.37288547 -0.90021515 0.22487572
vn 0.37288544 -0.900215 0.22487593
vn 0.33842963 -0.8170282 0.4668299
vn 0.33842963 -0.8170282 0.4668299
vn -0 0 -1
vn -0 0 -1
vn -0 0 -1
vn -0 0 -1
vn -0 0 -1
vn -0 0 -1
vn -0 0 -1
vn -0 0 -1
vn 0.9238784 -0.3826861 0
vn 0.9238784 -0.3826861 0
vn 0.90021473 -0.37288603 0.22487633
vn 0.90021485 -0.3728861 0.22487609
vn 0.8170275 -0.33843037 0.46683067
vn 0.8170275 -0.33843037 0.46683067
vn -0.3826865 0.9238782 0
vn -0.3826865 0.9238782 0
vn -0.37288564 0.90021497 0.22487603
vn -0.3728856 0.90021497 0.2248763
vn -0.33842903 0.81702816 0.46683055
vn -0.33842903 0.81702816 0.46683055
vn -0.3826865 0.9238782 0
vn -0.3826865 0.9238782 0
vn -0.3728856 0.90021497 0.22487608
vn -0.37288558 0.90021497 0.22487634
vn -0.33842903 0.8170281 0.4668306
vn -0.33842903 0.8170281 0.4668306
vn -0.9238784 0.3826861 0
vn -0.9238784 0.3826861 0
vn -0.90021515 0.3728851 0.22487651
vn -0.90021515 0.3728851 0.22487625
vn -0.81702816 0.3384284 0.46683103
vn -0.81702816 0.3384284 0.46683103
vn 0.3728842 -0.9002155 0.22487636
vn 0.33842796 -0.8170282 0.46683103
vn 0.33842796 -0.8170282 0.46683103
vn 0.37288415 -0.9002155 0.22487651
vn 0.3826848 -0.9238789 0
vn 0.3826848 -0.9238789 0
vn -0.90021515 -0.3728851 0.22487628
vn -0.81702816 -0.3384284 0.4668311
vn -0.81702816 -0.3384284 0.4668311
vn -0.90021515 -0.3728851 0.22487652
vn -0.9238784 -0.3826861 0
vn -0.9238784 -0.3826861 0
vn 0.9238782 -0.38268653 0
vn 0.9238782 -0.38268653 0
vn 0.900215 -0.37288544 0.22487625
vn 0.900215 -0.37288547 0.22487594
vn 0.81702834 -0.3384287 0.46683046
vn 0.81702834 -0.3384287 0.46683046
vn -0 0 1
vn -0 0 1
vn -0 0 1
vn -0 0 1
vn -0 0 1
vn -0 0 1
vn -0 0 1
vn -0 0 1
vn -0 0 -1
vn -0 0 -1
vn -0 0 -1
vn -0 0 -1
vn -0 0 -1
vn -0 0 -1
vn -0 0 -1
vn -0 0 -1
vn -0 0 1
vn -0 0 1
vn -0 0 1
vn -0 0 1
vn -0 0 1
vn -0 0 1
vn -0 0 1
vn -0 0 1
vn -0.900215 -0.37288547 0.22487608
vn -0.8170282 -0.33842865 0.46683064
vn -0.8170282 -0.33842865 0.46683064
vn -0.90021497 -0.3728854 0.22487637
vn -0.9238782 -0.38268653 0
vn -0.9238782 -0.38268653 0
vn -0 0 -1
vn -0 0 -1
vn -0 0 -1
vn -0 0 -1
vn -0 0 -1
vn -0 0 -1
vn -0 0 -1
vn -0 0 -1
vn -1 0 0
vn -1 0 0
vn -1 0 0
vn -1 0 0
vn -0 1 0
vn -0 1 0
vn -0 1 0
vn -0 1 0
vn 1 0 0
vn 1 0 0
vn 1 0 0
vn 1 0 0
vn -0 -1 0
vn -0 -1 0
vn -0 -1 0
vn -0 -1 0
vn -0 0 -1
vn -0 0 -1
vn -0 0 -1
vn -0 0 -1
vn -0 0 1
vn -0 0 1
vn -0 0 1
vn -0 0 1
vn -1 0 0
vn -1 0 0
vn -1 0 0
vn -1 0 0
vn -0 1 0
vn -0 1 0
vn -0 1 0
vn -0 1 0
vn 1 0 0
vn 1 0 0
vn 1 0 0
vn 1 0 0
vn -0 -1 0
vn -0 -1 0
vn -0 -1 0
vn -0 -1 0
vn -0 0 -1
vn -0 0 -1
vn -0 0 -1
vn -0 0 -1
vn -0 0 1
vn -0 0 1
vn -0 0 1
vn -0 0 1
vn -1 0 0
vn -1 0 0
vn -1 0 0
vn -1 0 0
vn -0 1 0
vn -0 1 0
vn -0 1 0
vn -0 1 0
vn 1 0 0
vn 1 0 0
vn 1 0 0
vn 1 0 0
vn -0 -1 0
vn -0 -1 0
vn -0 -1 0
vn -0 -1 0
vn -0 0 -1
vn -0 0 -1
vn -0 0 -1
vn -0 0 -1
vn -0 0 1
vn -0 0 1
vn -0 0 1
vn -0 0 1
vn -1 0 0
vn -1 0 0
vn -1 0 0
vn -1 0 0
vn -0 1 0
vn -0 1 0
vn -0 1 0
vn -0 1 0
vn 1 0 0
vn 1 0 0
vn 1 0 0
vn 1 0 0
vn -0 -1 0
vn -0 -1 0
vn -0 -1 0
vn -0 -1 0
vn -0 0 -1
vn -0 0 -1
vn -0 0 -1
vn -0 0 -1
vn -0 0 1
vn -0 0 1
vn -0 0 1
vn -0 0 1
vn -1 0 0
vn -1 0 0
vn -1 0 0
vn -1 0 0
vn -0 1 0
vn -0 1 0
vn -0 1 0
vn -0 1 0
vn -0 0 -1
vn -0 0 -1
vn -0 0 -1
vn -0 0 -1
vn -0 0 1
vn -0 0 1
vn -0 0 1
vn -0 0 1
vn -0 -1 0
vn -0 -1 0
vn -0 -1 0
vn -0 -1 0
vn -0 0 -1
vn -0 0 -1
vn -0 0 -1
vn -0 0 -1
vn -1 0 0
vn -1 0 0
vn -1 0 0
vn -1 0 0
vn -0 0 1
vn -0 0 1
vn -0 0 1
vn -0 0 1
vn -0 1 0
vn -0 1 0
vn -0 1 0
vn -0 1 0
vn -0 0 -1
vn -0 0 -1
vn -0 0 -1
vn -0 0 -1
vn -0 0 1
vn -0 0 1
vn -0 0 1
vn -0 0 1
vn -1 0 0
vn -1 0 0
vn -1 0 0
vn -1 0 0
vn -0 -1 0
vn -0 -1 0
vn -0 -1 0
vn -0 -1 0
vn 1 0 0
vn 1 0 0
vn 1 0 0
vn 1 0 0
vn -0 1 0
vn -0 1 0
vn -0 1 0
vn -0 1 0
vn -0 -1 0
vn -0 -1 0
vn -0 -1 0
vn -0 -1 0
vn 1 0 0
vn 1 0 0
vn 1 0 0
vn 1 0 0
vn -1 0 0
vn -1 0 0
vn -1 0 0
vn -1 0 0
vn -0 0 -1
vn -0 0 -1
vn -0 0 -1
vn -0 0 -1
vn -0 -1 0
vn -0 -1 0
vn -0 -1 0
vn -0 -1 0
vn -1 0 0
vn -1 0 0
vn -1 0 0
vn -1 0 0
vn 1 0 0
vn 1 0 0
vn 1 0 0
vn 1 0 0
vn -0 1 0
vn -0 1 0
vn -0 1 0
vn -0 1 0
vn -0 0 1
vn -0 0 1
vn -0 0 1
vn -0 0 1
vn -0 1 0
vn -0 1 0
vn -0 1 0
vn -0 1 0
vn -0 1 0
vn -0 1 0
vn -0 -1 0
vn -0 -1 0
vn -0 -1 0
vn -0 -1 0
vn -0 -1 0
vn -0 -1 0
vn -0.538129 0 0.84286255
vn -0.538129 0 0.84286255
vn -0.538129 0 0.84286255
vn -0.538129 0 0.84286255
vn -0 0 -1
vn -0 0 -1
vn -0 0 -1
vn -0 0 -1
vn -0 0 -1
vn -0 0 -1
vn 0.538129 0 0.8428625
vn 0.538129 0 0.8428625
vn 0.538129 0 0.8428625
vn 0.538129 0 0.8428625
vn -1 0 0
vn -1 0 0
vn -1 0 0
vn -1 0 0
vn 1 0 0
vn 1 0 0
vn 1 0 0
vn 1 0 0
vn -0 1 0
vn -0 1 0
vn -0 1 0
vn -0 1 0
vn 1 0 0
vn 1 0 0
vn 1 0 0
vn 1 0 0
vn -0 0 -1
vn -0 0 -1
vn -0 0 -1
vn -0 0 -1
vn -0 0 1
vn -0 0 1
vn -0 0 1
vn -0 0 1
vn -0 1 0
vn -0 1 0
vn -0 1 0
vn -0 1 0
vn -0 0 -1
vn -0 0 -1
vn -0 0 -1
vn -0 0 -1
vn 1 0 0
vn 1 0 0
vn 1 0 0
vn 1 0 0
vn -0 0 1
vn -0 0 1
vn -0 0 1
vn -0 0 1
vn -0 -1 0
vn -0 -1 0
vn -0 -1 0
vn -0 -1 0
vn -0 0 -1
vn -0 0 -1
vn -0 0 -1
vn -0 0 -1
vn -0 0 1
vn -0 0 1
vn -0 0 1
vn -0 0 1
vn 1 0 0
vn 1 0 0
vn 1 0 0
vn 1 0 0
vn -0 1 0
vn -0 1 0
vn -0 1 0
vn -0 1 0
vn -1 0 0
vn -1 0 0
vn -1 0 0
vn -1 0 0
vn -0 -1 0
vn -0 -1 0
vn -0 -1 0
vn -0 -1 0
vn -0 1 0
vn -0 1 0
vn -0 1 0
vn -0 1 0
vn -1 0 0
vn -1 0 0
vn -1 0 0
vn -1 0 0
vn 1 0 0
vn 1 0 0
vn 1 0 0
vn 1 0 0
vn -0 0 -1
vn -0 0 -1
vn -0 0 -1
vn -0 0 -1
vn -0 1 0
vn -0 1 0
vn -0 1 0
vn -0 1 0
vn 1 0 0
vn 1 0 0
vn 1 0 0
vn 1 0 0
vn -1 0 0
vn -1 0 0
vn -1 0 0
vn -1 0 0
vn -0 -1 0
vn -0 -1 0
vn -0 -1 0
vn -0 -1 0
vn -0 0 1
vn -0 0 1
vn -0 0 1
vn -0 0 1
vn -0 -1 0
vn -0 -1 0
vn -0 -1 0
vn -0 -1 0
vn -0 -1 0
vn -0 -1 0
vn -0 1 0
vn -0 1 0
vn -0 1 0
vn -0 1 0
vn -0 1 0
vn -0 1 0
vn 0.53812915 0 0.8428625
vn 0.53812915 0 0.8428625
vn 0.53812915 0 0.8428625
vn 0.53812915 0 0.8428625
vn -0 0 -1
vn -0 0 -1
vn -0 0 -1
vn -0 0 -1
vn -0 0 -1
vn -0 0 -1
vn -0.5381291 0 0.8428625
vn -0.5381291 0 0.8428625
vn -0.5381291 0 0.8428625
vn -0.5381291 0 0.8428625
vn 1 0 0
vn 1 0 0
vn 1 0 0
vn 1 0 0
vn -1 0 0
vn -1 0 0
vn -1 0 0
vn -1 0 0
vn -0 -1 0
vn -0 -1 0
vn -0 -1 0
vn -0 -1 0
vn -1 0 0
vn -1 0 0
vn -1 0 0
vn -1 0 0
vn -0 0 -1
vn -0 0 -1
vn -0 0 -1
vn -0 0 -1
vn -0 0 1
vn -0 0 1
vn -0 0 1
vn -0 0 1
vn -0.3728854 0.900215 0.22487624
vn -0.33842894 0.8170279 0.46683094
vn -0.33842894 0.8170279 0.46683094
vn -0.37288538 0.90021497 0.2248765
vn -0.38268614 0.9238784 0
vn -0.38268614 0.9238784 0
vn 0.3826865 0.9238782 0
vn 0.3826865 0.9238782 0
vn 0.37288582 0.90021485 0.22487646
vn 0.37288585 0.90021485 0.22487621
vn 0.33842942 0.81702775 0.4668309
vn 0.33842942 0.81702775 0.4668309
vn 0.37288564 -0.90021497 0.22487603
vn 0.33842903 -0.81702816 0.46683055
vn 0.33842903 -0.81702816 0.46683055
vn 0.3728856 -0.90021497 0.2248763
vn 0.3826865 -0.9238782 0
vn 0.3826865 -0.9238782 0
vn 0.9238784 0.3826861 0
vn 0.9238784 0.3826861 0
vn 0.90021485 0.37288606 0.2248762
vn 0.90021473 0.372886 0.22487643
vn 0.81702745 0.33843037 0.46683088
vn 0.81702745 0.33843037 0.46683088
vn -0.90021515 0.37288505 0.2248766
vn -0.8170281 0.33842838 0.4668312
vn -0.8170281 0.33842838 0.4668312
vn -0.90021515 0.37288505 0.22487634
vn -0.9238784 0.3826861 0
vn -0.9238784 0.3826861 0
vn 0.9238784 -0.3826861 0
vn 0.9238784 -0.3826861 0
vn 0.90021485 -0.3728861 0.22487605
vn 0.90021497 -0.3728861 0.2248758
vn 0.81702787 -0.33843055 0.46683013
vn 0.81702787 -0.33843055 0.46683013
vn -0.38268614 -0.9238784 0
vn -0.38268614 -0.9238784 0
vn -0.37288564 -0.90021497 0.22487622
vn -0.37288564 -0.900215 0.22487597
vn -0.33842954 -0.817028 0.46683043
vn -0.33842954 -0.817028 0.46683043
vn -0.90021527 -0.37288514 0.22487597
vn -0.8170284 -0.3384285 0.46683043
vn -0.8170284 -0.3384285 0.46683043
vn -0.90021515 -0.3728851 0.2248762
vn -0.9238784 -0.3826861 0
vn -0.9238784 -0.3826861 0
vn -0 0 1
vn -0 0 1
vn -0 0 1
vn -0 0 1
vn -0 0 1
vn -0 0 1
vn -0 0 1
vn -0 0 1
vn -0 0 -1
vn -0 0 -1
vn -0 0 -1
vn -0 0 -1
vn -0 0 -1
vn -0 0 -1
vn -0 0 -1
vn -0 0 -1
vn -0.3728854 0.900215 0.22487624
vn -0.33842894 0.8170279 0.46683094
vn -0.33842894 0.8170279 0.46683094
vn -0.37288538 0.90021497 0.2248765
vn -0.38268614 0.9238784 0
vn -0.38268614 0.9238784 0
vn 0.38268614 0.9238784 0
vn 0.38268614 0.9238784 0
vn 0.37288558 0.90021497 0.22487645
vn 0.3728856 0.90021497 0.2248762
vn 0.33842942 0.81702775 0.4668309
vn 0.33842942 0.81702775 0.4668309
vn 0.37288538 -0.900215 0.22487602
vn 0.33842903 -0.81702816 0.46683055
vn 0.33842903 -0.81702816 0.46683055
vn 0.37288535 -0.900215 0.22487628
vn 0.38268614 -0.9238784 0
vn 0.38268614 -0.9238784 0
vn 0.9238784 0.3826861 0
vn 0.9238784 0.3826861 0
vn 0.90021485 0.37288606 0.2248762
vn 0.90021473 0.372886 0.22487643
vn 0.81702745 0.33843037 0.46683088
vn 0.81702745 0.33843037 0.46683088
vn -0.90021515 0.37288505 0.2248766
vn -0.8170281 0.33842838 0.4668312
vn -0.8170281 0.33842838 0.4668312
vn -0.90021515 0.37288505 0.22487634
vn -0.9238784 0.3826861 0
vn -0.9238784 0.3826861 0
vn 0.9238784 -0.3826861 0
vn 0.9238784 -0.3826861 0
vn 0.90021485 -0.3728861 0.22487605
vn 0.90021497 -0.3728861 0.2248758
vn 0.81702787 -0.33843055 0.46683013
vn 0.81702787 -0.33843055 0.46683013
vn -0.38268614 -0.9238784 0
vn -0.38268614 -0.9238784 0
vn -0.37288564 -0.90021497 0.22487622
vn -0.37288564 -0.900215 0.22487597
vn -0.33842954 -0.817028 0.46683043
vn -0.33842954 -0.817028 0.46683043
vn -0.90021527 -0.37288514 0.22487597
vn -0.8170284 -0.3384285 0.46683043
vn -0.8170284 -0.3384285 0.46683043
vn -0.90021515 -0.3728851 0.2248762
vn -0.9238784 -0.3826861 0
vn -0.9238784 -0.3826861 0
vn -0 0 1
vn -0 0 1
vn -0 0 1
vn -0 0 1
vn -0 0 1
vn -0 0 1
vn -0 0 1
vn -0 0 1
vn -0 0 -1
vn -0 0 -1
vn -0 0 -1
vn -0 0 -1
vn -0 0 -1
vn -0 0 -1
vn -0 0 -1
vn -0 0 -1
vn -0.3728852 0.90021515 0.22487602
vn -0.33842865 0.81702834 0.4668306
vn -0.33842865 0.81702834 0.4668306
vn -0.37288523 0.90021515 0.2248763
vn -0.38268614 0.9238784 0
vn -0.38268614 0.9238784 0
vn 0.38268614 0.9238784 0
vn 0.38268614 0.9238784 0
vn 0.37288558 0.90021497 0.22487645
vn 0.3728856 0.90021497 0.2248762
vn 0.33842942 0.81702775 0.4668309
vn 0.33842942 0.81702775 0.4668309
vn 0.37288538 -0.900215 0.22487602
vn 0.33842903 -0.81702816 0.46683055
vn 0.33842903 -0.81702816 0.46683055
vn 0.37288535 -0.900215 0.22487628
vn 0.38268614 -0.9238784 0
vn 0.38268614 -0.9238784 0
vn 0.9238784 0.3826861 0
vn 0.9238784 0.3826861 0
vn 0.90021515 0.37288505 0.22487634
vn 0.90021515 0.37288505 0.2248766
vn 0.8170281 0.33842838 0.4668312
vn 0.8170281 0.33842838 0.4668312
vn -0.90021515 0.37288505 0.2248766
vn -0.8170281 0.33842838 0.4668312
vn -0.8170281 0.33842838 0.4668312
vn -0.90021515 0.37288505 0.22487634
vn -0.9238784 0.3826861 0
vn -0.9238784 0.3826861 0
vn 0.9238784 -0.3826861 0
vn 0.9238784 -0.3826861 0
vn 0.90021515 -0.3728851 0.2248762
vn 0.90021527 -0.37288514 0.22487597
vn 0.8170284 -0.3384285 0.46683043
vn 0.8170284 -0.3384285 0.46683043
vn -0.38268614 -0.9238784 0
vn -0.38268614 -0.9238784 0
vn -0.37288544 -0.900215 0.22487602
vn -0.37288544 -0.90021515 0.22487575
vn -0.33842924 -0.8170284 0.46683004
vn -0.33842924 -0.8170284 0.46683004
vn -0.90021527 -0.37288514 0.22487597
vn -0.8170284 -0.3384285 0.46683043
vn -0.8170284 -0.3384285 0.46683043
vn -0.90021515 -0.3728851 0.2248762
vn -0.9238784 -0.3826861 0
vn -0.9238784 -0.3826861 0
vn -0 0 1
vn -0 0 1
vn -0 0 1
vn -0 0 1
vn -0 0 1
vn -0 0 1
vn -0 0 1
vn -0 0 1
vn -0 0 -1
vn -0 0 -1
vn -0 0 -1
vn -0 0 -1
vn -0 0 -1
vn -0 0 -1
vn -0 0 -1
vn -0 0 -1
vn -0.3728854 0.900215 0.22487624
vn -0.33842894 0.8170279 0.46683094
vn -0.33842894 0.8170279 0.46683094
vn -0.37288538 0.90021497 0.2248765
vn -0.38268614 0.9238784 0
vn -0.38268614 0.9238784 0
vn 0.38268614 0.9238784 0
vn 0.38268614 0.9238784 0
vn 0.37288544 0.900215 0.22487624
vn 0.37288544 0.900215 0.22487597
vn 0.33842915 0.81702816 0.4668305
vn 0.33842915 0.81702816 0.4668305
vn 0.37288523 -0.90021527 0.2248758
vn 0.33842877 -0.8170286 0.46683016
vn 0.33842877 -0.8170286 0.46683016
vn 0.3728852 -0.90021515 0.22487605
vn 0.38268614 -0.9238784 0
vn 0.38268614 -0.9238784 0
vn 0.9238784 0.3826861 0
vn 0.9238784 0.3826861 0
vn 0.90021515 0.37288505 0.22487634
vn 0.90021515 0.37288505 0.2248766
vn 0.8170281 0.33842838 0.4668312
vn 0.8170281 0.33842838 0.4668312
vn -0.90021515 0.37288505 0.2248766
vn -0.8170281 0.33842838 0.4668312
vn -0.8170281 0.33842838 0.4668312
vn -0.90021515 0.37288505 0.22487634
vn -0.9238784 0.3826861 0
vn -0.9238784 0.3826861 0
vn 0.9238784 -0.3826861 0
vn 0.9238784 -0.3826861 0
vn 0.90021515 -0.3728851 0.2248762
vn 0.90021527 -0.37288514 0.22487597
vn 0.8170284 -0.3384285 0.46683043
vn 0.8170284 -0.3384285 0.46683043
vn -0.38268614 -0.9238784 0
vn -0.38268614 -0.9238784 0
vn -0.37288564 -0.90021497 0.22487622
vn -0.37288564 -0.900215 0.22487597
vn -0.33842954 -0.817028 0.46683043
vn -0.33842954 -0.817028 0.46683043
vn -0.90021527 -0.37288514 0.22487597
vn -0.8170284 -0.3384285 0.46683043
vn -0.8170284 -0.3384285 0.46683043
vn -0.90021515 -0.3728851 0.2248762
vn -0.9238784 -0.3826861 0
vn -0.9238784 -0.3826861 0
vn -0 0 1
vn -0 0 1
vn -0 0 1
vn -0 0 1
vn -0 0 1
vn -0 0 1
vn -0 0 1
vn -0 0 1
vn -0 0 -1
vn -0 0 -1
vn -0 0 -1
vn -0 0 -1
vn -0 0 -1
vn -0 0 -1
vn -0 0 -1
vn -0 0 -1
vn -0.3728854 0.900215 0.22487624
vn -0.33842894 0.8170279 0.46683094
vn -0.33842894 0.8170279 0.46683094
vn -0.37288538 0.90021497 0.2248765
vn -0.38268614 0.9238784 0
vn -0.38268614 0.9238784 0
vn 0.38268614 0.9238784 0
vn 0.38268614 0.9238784 0
vn 0.37288558 0.90021497 0.22487645
vn 0.3728856 0.90021497 0.2248762
vn 0.33842942 0.81702775 0.4668309
vn 0.33842942 0.81702775 0.4668309
vn 0.37288538 -0.900215 0.22487602
vn 0.33842903 -0.81702816 0.46683055
vn 0.33842903 -0.81702816 0.46683055
vn 0.37288535 -0.900215 0.22487628
vn 0.38268614 -0.9238784 0
vn 0.38268614 -0.9238784 0
vn 0.9238784 0.3826861 0
vn 0.9238784 0.3826861 0
vn 0.90021497 0.37288556 0.22487625
vn 0.90021497 0.37288556 0.22487651
vn 0.81702775 0.33842936 0.46683103
vn 0.81702775 0.33842936 0.46683103
vn -0.90021497 0.37288556 0.22487651
vn -0.81702775 0.33842936 0.46683103
vn -0.81702775 0.33842936 0.46683103
vn -0.90021497 0.37288556 0.22487625
vn -0.9238784 0.3826861 0
vn -0.9238784 0.3826861 0
vn 0.9238784 -0.3826861 0
vn 0.9238784 -0.3826861 0
vn 0.90021497 -0.3728856 0.22487612
vn 0.900215 -0.3728856 0.22487587
vn 0.8170281 -0.3384295 0.46683028
vn 0.8170281 -0.3384295 0.46683028
vn -0.38268614 -0.9238784 0
vn -0.38268614 -0.9238784 0
vn -0.37288564 -0.90021497 0.22487622
vn -0.37288564 -0.900215 0.22487597
vn -0.33842954 -0.817028 0.46683043
vn -0.33842954 -0.817028 0.46683043
vn -0.900215 -0.3728856 0.22487587
vn -0.8170281 -0.3384295 0.46683028
vn -0.8170281 -0.3384295 0.46683028
vn -0.90021497 -0.3728856 0.22487612
vn -0.9238784 -0.3826861 0
vn -0.9238784 -0.3826861 0
vn -0 0 1
vn -0 0 1
vn -0 0 1
vn -0 0 1
vn -0 0 1
vn -0 0 1
vn -0 0 1
vn -0 0 1
vn -0 0 -1
vn -0 0 -1
vn -0 0 -1
vn -0 0 -1
vn -0 0 -1
vn -0 0 -1
vn -0 0 -1
vn -0 0 -1
vn -0.3728854 0.90021515 0.22487585
vn -0.33842912 0.81702834 0.46683022
vn -0.33842912 0.81702834 0.46683022
vn -0.37288538 0.900215 0.22487609
vn -0.38268614 0.9238784 0
vn -0.38268614 0.9238784 0
vn 0.3826865 0.9238782 0
vn 0.3826865 0.9238782 0
vn 0.37288588 0.90021497 0.22487609
vn 0.37288588 0.90021497 0.22487584
vn 0.3384296 0.81702816 0.4668301
vn 0.3384296 0.81702816 0.4668301
vn 0.37288556 -0.90021497 0.22487618
vn 0.33842897 -0.817028 0.46683088
vn 0.33842897 -0.817028 0.46683088
vn 0.37288558 -0.90021497 0.22487646
vn 0.3826865 -0.9238782 0
vn 0.3826865 -0.9238782 0
vn 0.9238784 0.3826861 0
vn 0.9238784 0.3826861 0
vn 0.90021485 0.37288606 0.22487621
vn 0.90021473 0.372886 0.22487645
vn 0.81702745 0.33843037 0.4668309
vn 0.81702745 0.33843037 0.4668309
vn -0.900215 0.37288505 0.22487687
vn -0.81702787 0.3384283 0.46683174
vn -0.81702787 0.3384283 0.46683174
vn -0.900215 0.37288505 0.22487661
vn -0.9238784 0.3826861 0
vn -0.9238784 0.3826861 0
vn 0.9238784 -0.3826861 0
vn 0.9238784 -0.3826861 0
vn 0.90021473 -0.37288603 0.22487622
vn 0.90021485 -0.37288606 0.22487599
vn 0.8170276 -0.33843043 0.46683043
vn 0.8170276 -0.33843043 0.46683043
vn -0.38268614 -0.9238784 0
vn -0.38268614 -0.9238784 0
vn -0.37288558 -0.90021497 0.22487639
vn -0.3728856 -0.90021497 0.22487612
vn -0.33842948 -0.81702787 0.46683082
vn -0.33842948 -0.81702787 0.46683082
vn -0.90021515 -0.3728851 0.22487615
vn -0.8170282 -0.33842844 0.46683082
vn -0.8170282 -0.33842844 0.46683082
vn -0.90021515 -0.3728851 0.2248764
vn -0.9238784 -0.3826861 0
vn -0.9238784 -0.3826861 0
vn -0 0 1
vn -0 0 1
vn -0 0 1
vn -0 0 1
vn -0 0 1
vn -0 0 1
vn -0 0 1
vn -0 0 1
vn -0 0 -1
vn -0 0 -1
vn -0 0 -1
vn -0 0 -1
vn -0 0 -1
vn -0 0 -1
vn -0 0 -1
vn -0 0 -1
vn -0.37288547 0.90021515 0.22487594
vn -0.33842906 0.8170282 0.46683028
vn -0.33842906 0.8170282 0.46683028
vn -0.3728854 0.900215 0.22487615
vn -0.38268614 0.9238784 0
vn -0.38268614 0.9238784 0
vn 0.3826865 0.9238782 0
vn 0.3826865 0.9238782 0
vn 0.37288588 0.90021497 0.22487614
vn 0.37288588 0.90021497 0.22487588
vn 0.33842957 0.8170281 0.46683022
vn 0.33842957 0.8170281 0.46683022
vn 0.3728856 -0.90021497 0.22487612
vn 0.33842903 -0.8170281 0.46683082
vn 0.33842903 -0.8170281 0.46683082
vn 0.37288558 -0.90021497 0.22487639
vn 0.3826865 -0.9238782 0
vn 0.3826865 -0.9238782 0
vn 0.9238784 0.3826861 0
vn 0.9238784 0.3826861 0
vn 0.90021497 0.3728861 0.22487573
vn 0.90021485 0.37288606 0.22487596
vn 0.81702787 0.33843055 0.46683
vn 0.81702787 0.33843055 0.46683
vn -0.90021515 0.3728851 0.22487639
vn -0.8170282 0.33842844 0.4668308
vn -0.8170282 0.33842844 0.4668308
vn -0.90021527 0.37288517 0.22487615
vn -0.9238784 0.3826861 0
vn -0.9238784 0.3826861 0
vn 0.9238784 -0.3826861 0
vn 0.9238784 -0.3826861 0
vn 0.90021473 -0.37288603 0.22487624
vn 0.90021485 -0.3728861 0.22487602
vn 0.8170276 -0.33843043 0.46683052
vn 0.8170276 -0.33843043 0.46683052
vn -0.38268614 -0.9238784 0
vn -0.38268614 -0.9238784 0
vn -0.3728856 -0.90021497 0.22487634
vn -0.37288564 -0.90021497 0.22487608
vn -0.3384295 -0.81702787 0.46683067
vn -0.3384295 -0.81702787 0.46683067
vn -0.90021515 -0.3728851 0.22487618
vn -0.8170282 -0.33842844 0.46683088
vn -0.8170282 -0.33842844 0.46683088
vn -0.90021515 -0.3728851 0.22487645
vn -0.9238784 -0.3826861 0
vn -0.9238784 -0.3826861 0
vn -0 0 1
vn -0 0 1
vn -0 0 1
vn -0 0 1
vn -0 0 1
vn -0 0 1
vn -0 0 1
vn -0 0 1
vn -0 0 -1
vn -0 0 -1
vn -0 0 -1
vn -0 0 -1
vn -0 0 -1
vn -0 0 -1
vn -0 0 -1
vn -0 0 -1
vn -0.37288538 0.900215 0.22487609
vn -0.33842903 0.8170281 0.4668307
vn -0.33842903 0.8170281 0.4668307
vn -0.37288535 0.900215 0.22487636
vn -0.38268614 0.9238784 0
vn -0.38268614 0.9238784 0
vn 0.3826865 0.9238782 0
vn 0.3826865 0.9238782 0
vn 0.37288585 0.90021485 0.22487634
vn 0.37288585 0.90021497 0.22487608
vn 0.3384295 0.8170279 0.46683067
vn 0.3384295 0.8170279 0.46683067
vn 0.3728856 -0.90021497 0.22487618
vn 0.33842897 -0.817028 0.46683085
vn 0.33842897 -0.817028 0.46683085
vn 0.37288558 -0.90021497 0.22487642
vn 0.3826865 -0.9238782 0
vn 0.3826865 -0.9238782 0
vn 0.9238784 0.3826861 0
vn 0.9238784 0.3826861 0
vn 0.90021485 0.37288606 0.22487599
vn 0.90021473 0.37288603 0.22487622
vn 0.8170276 0.33843043 0.46683043
vn 0.8170276 0.33843043 0.46683043
vn -0.90021515 0.3728851 0.2248764
vn -0.8170282 0.33842844 0.46683082
vn -0.8170282 0.33842844 0.46683082
vn -0.90021515 0.3728851 0.22487615
vn -0.9238784 0.3826861 0
vn -0.9238784 0.3826861 0
vn 0.9238784 -0.3826861 0
vn 0.9238784 -0.3826861 0
vn 0.90021485 -0.37288606 0.224876
vn 0.90021497 -0.3728861 0.22487576
vn 0.81702787 -0.33843055 0.46683004
vn 0.81702787 -0.33843055 0.46683004
vn -0.38268614 -0.9238784 0
vn -0.38268614 -0.9238784 0
vn -0.3728856 -0.90021497 0.22487637
vn -0.37288564 -0.90021497 0.22487612
vn -0.3384295 -0.81702787 0.46683076
vn -0.3384295 -0.81702787 0.46683076
vn -0.90021515 -0.3728851 0.22487615
vn -0.8170282 -0.33842844 0.46683082
vn -0.8170282 -0.33842844 0.46683082
vn -0.90021515 -0.3728851 0.2248764
vn -0.9238784 -0.3826861 0
vn -0.9238784 -0.3826861 0
vn -0 0 1
vn -0 0 1
vn -0 0 1
vn -0 0 1
vn -0 0 1
vn -0 0 1
vn -0 0 1
vn -0 0 1
vn -0 0 -1
vn -0 0 -1
vn -0 0 -1
vn -0 0 -1
vn -0 0 -1
vn -0 0 -1
vn -0 0 -1
vn -0 0 -1
vn -0.37288538 0.900215 0.22487603
vn -0.33842903 0.81702816 0.4668306
vn -0.33842903 0.81702816 0.4668306
vn -0.37288535 0.900215 0.22487628
vn -0.38268614 0.9238784 0
vn -0.38268614 0.9238784 0
vn 0.3826865 0.9238782 0
vn 0.3826865 0.9238782 0
vn 0.37288585 0.90021485 0.22487625
vn 0.37288585 0.90021497 0.224876
vn 0.3384295 0.8170279 0.46683052
vn 0.3384295 0.8170279 0.46683052
vn 0.3728856 -0.90021497 0.22487612
vn 0.33842903 -0.8170281 0.4668307
vn 0.33842903 -0.8170281 0.4668307
vn 0.37288558 -0.90021497 0.22487639
vn 0.3826865 -0.9238782 0
vn 0.3826865 -0.9238782 0
vn 0.9238784 0.3826861 0
vn 0.9238784 0.3826861 0
vn 0.90021485 0.3728861 0.22487605
vn 0.90021473 0.37288603 0.22487627
vn 0.8170275 0.33843037 0.46683052
vn 0.8170275 0.33843037 0.46683052
vn -0.90021515 0.3728851 0.22487646
vn -0.8170282 0.33842844 0.4668309
vn -0.8170282 0.33842844 0.4668309
vn -0.90021515 0.3728851 0.22487622
vn -0.9238784 0.3826861 0
vn -0.9238784 0.3826861 0
vn 0.9238784 -0.3826861 0
vn 0.9238784 -0.3826861 0
vn 0.90021473 -0.372886 0.2248764
vn 0.90021485 -0.37288606 0.22487617
vn 0.81702745 -0.33843037 0.46683088
vn 0.81702745 -0.33843037 0.46683088
vn -0.38268614 -0.9238784 0
vn -0.38268614 -0.9238784 0
vn -0.3728856 -0.90021497 0.22487634
vn -0.3728856 -0.90021497 0.22487606
vn -0.3384295 -0.8170279 0.46683067
vn -0.3384295 -0.8170279 0.46683067
vn -0.90021515 -0.3728851 0.22487622
vn -0.81702816 -0.3384284 0.46683094
vn -0.81702816 -0.3384284 0.46683094
vn -0.90021515 -0.3728851 0.22487646
vn -0.9238784 -0.3826861 0
vn -0.9238784 -0.3826861 0
vn -0 0 1
vn -0 0 1
vn -0 0 1
vn -0 0 1
vn -0 0 1
vn -0 0 1
vn -0 0 1
vn -0 0 1
vn -0 0 -1
vn -0 0 -1
vn -0 0 -1
vn -0 0 -1
vn -0 0 -1
vn -0 0 -1
vn -0 0 -1
vn -0 0 -1
vn 0.90021497 0.37288615 0.22487566
vn 0.8170279 0.33843055 0.46682978
vn 0.8170279 0.33843055 0.46682978
vn 0.90021485 0.37288606 0.22487587
vn 0.9238784 0.3826861 0
vn 0.9238784 0.3826861 0
vn -0.38268614 0.9238784 0
vn -0.38268614 0.9238784 0
vn -0.3728854 0.900215 0.22487624
vn -0.37288538 0.90021497 0.2248765
vn -0.33842894 0.8170279 0.46683094
vn -0.33842894 0.8170279 0.46683094
vn -0.37288564 -0.90021497 0.22487622
vn -0.33842954 -0.817028 0.46683043
vn -0.33842954 -0.817028 0.46683043
vn -0.37288564 -0.900215 0.22487597
vn -0.38268614 -0.9238784 0
vn -0.38268614 -0.9238784 0
vn 0.38268614 0.9238784 0
vn 0.38268614 0.9238784 0
vn 0.37288558 0.90021497 0.22487645
vn 0.3728856 0.90021497 0.2248762
vn 0.33842942 0.81702775 0.4668309
vn 0.33842942 0.81702775 0.4668309
vn 0.9238784 -0.3826861 0
vn 0.9238784 -0.3826861 0
vn 0.9002147 -0.37288603 0.22487657
vn 0.90021473 -0.372886 0.22487631
vn 0.8170273 -0.3384303 0.46683112
vn 0.8170273 -0.3384303 0.46683112
vn 0.37288538 -0.900215 0.22487602
vn 0.33842903 -0.81702816 0.46683055
vn 0.33842903 -0.81702816 0.46683055
vn 0.37288535 -0.900215 0.22487628
vn 0.38268614 -0.9238784 0
vn 0.38268614 -0.9238784 0
vn -0 0 1
vn -0 0 1
vn -0 0 1
vn -0 0 1
vn -0 0 1
vn -0 0 1
vn -0 0 1
vn -0 0 1
vn -0 0 -1
vn -0 0 -1
vn -0 0 -1
vn -0 0 -1
vn -0 0 -1
vn -0 0 -1
vn -0 0 -1
vn -0 0 -1
vn -0.90021485 -0.37288606 0.22487587
vn -0.8170277 -0.3384305 0.46683022
vn -0.8170277 -0.3384305 0.46683022
vn -0.90021485 -0.37288603 0.2248761
vn -0.9238784 -0.3826861 0
vn -0.9238784 -0.3826861 0
vn -0.9238784 0.3826861 0
vn -0.9238784 0.3826861 0
vn -0.90021473 0.37288603 0.22487633
vn -0.90021485 0.3728861 0.22487609
vn -0.8170275 0.33843037 0.46683067
vn -0.8170275 0.33843037 0.46683067
vn 0.90021527 0.37288514 0.22487584
vn 0.8170286 0.33842856 0.46683016
vn 0.8170286 0.33842856 0.46683016
vn 0.90021527 0.37288517 0.22487609
vn 0.9238784 0.3826861 0
vn 0.9238784 0.3826861 0
vn -0.38268614 0.9238784 0
vn -0.38268614 0.9238784 0
vn -0.3728854 0.900215 0.22487624
vn -0.37288538 0.90021497 0.2248765
vn -0.33842894 0.8170279 0.46683094
vn -0.33842894 0.8170279 0.46683094
vn -0.37288564 -0.90021497 0.22487622
vn -0.33842954 -0.817028 0.46683043
vn -0.33842954 -0.817028 0.46683043
vn -0.37288564 -0.900215 0.22487597
vn -0.38268614 -0.9238784 0
vn -0.38268614 -0.9238784 0
vn 0.38268614 0.9238784 0
vn 0.38268614 0.9238784 0
vn 0.37288558 0.90021497 0.22487645
vn 0.3728856 0.90021497 0.2248762
vn 0.33842942 0.81702775 0.4668309
vn 0.33842942 0.81702775 0.4668309
vn 0.9238784 -0.3826861 0
vn 0.9238784 -0.3826861 0
vn 0.900215 -0.37288508 0.22487673
vn 0.900215 -0.3728851 0.2248765
vn 0.8170279 -0.3384283 0.46683148
vn 0.8170279 -0.3384283 0.46683148
vn 0.37288538 -0.900215 0.22487602
vn 0.33842903 -0.81702816 0.46683055
vn 0.33842903 -0.81702816 0.46683055
vn 0.37288535 -0.900215 0.22487628
vn 0.38268614 -0.9238784 0
vn 0.38268614 -0.9238784 0
vn -0 0 1
vn -0 0 1
vn -0 0 1
vn -0 0 1
vn -0 0 1
vn -0 0 1
vn -0 0 1
vn -0 0 1
vn -0 0 -1
vn -0 0 -1
vn -0 0 -1
vn -0 0 -1
vn -0 0 -1
vn -0 0 -1
vn -0 0 -1
vn -0 0 -1
vn -0.90021527 -0.37288514 0.22487608
vn -0.81702834 -0.33842847 0.4668306
vn -0.81702834 -0.33842847 0.4668306
vn -0.90021515 -0.3728851 0.2248763
vn -0.9238784 -0.3826861 0
vn -0.9238784 -0.3826861 0
vn -0.9238784 0.3826861 0
vn -0.9238784 0.3826861 0
vn -0.90021515 0.3728851 0.22487652
vn -0.90021515 0.3728851 0.22487625
vn -0.81702816 0.3384284 0.46683103
vn -0.81702816 0.3384284 0.46683103
vn 0.90021527 0.37288517 0.2248758
vn 0.8170286 0.33842856 0.46683016
vn 0.8170286 0.33842856 0.46683016
vn 0.90021527 0.37288517 0.22487614
vn 0.9238784 0.3826861 0
vn 0.9238784 0.3826861 0
vn -0.38268614 0.9238784 0
vn -0.38268614 0.9238784 0
vn -0.3728854 0.900215 0.22487624
vn -0.37288538 0.90021497 0.2248765
vn -0.33842894 0.8170279 0.46683094
vn -0.33842894 0.8170279 0.46683094
vn -0.37288564 -0.90021497 0.22487622
vn -0.33842954 -0.817028 0.46683043
vn -0.33842954 -0.817028 0.46683043
vn -0.37288564 -0.900215 0.22487597
vn -0.38268614 -0.9238784 0
vn -0.38268614 -0.9238784 0
vn 0.38268718 0.923878 0
vn 0.38268718 0.923878 0
vn 0.372886 0.90021473 0.22487624
vn 0.372886 0.90021485 0.22487594
vn 0.33842915 0.81702816 0.4668305
vn 0.33842915 0.81702816 0.4668305
vn 0.9238782 -0.38268653 0
vn 0.9238782 -0.38268653 0
vn 0.90021497 -0.37288547 0.22487646
vn 0.900215 -0.37288547 0.22487621
vn 0.8170281 -0.33842868 0.46683085
vn 0.8170281 -0.33842868 0.46683085
vn 0.37288523 -0.90021527 0.2248758
vn 0.33842877 -0.8170286 0.46683016
vn 0.33842877 -0.8170286 0.46683016
vn 0.3728852 -0.90021515 0.22487605
vn 0.38268614 -0.9238784 0
vn 0.38268614 -0.9238784 0
vn -0 0 1
vn -0 0 1
vn -0 0 1
vn -0 0 1
vn -0 0 1
vn -0 0 1
vn -0 0 1
vn -0 0 1
vn -0 0 -1
vn -0 0 -1
vn -0 0 -1
vn -0 0 -1
vn -0 0 -1
vn -0 0 -1
vn -0 0 -1
vn -0 0 -1
vn -0.90021497 -0.37288544 0.22487658
vn -0.81702775 -0.33842847 0.46683168
vn -0.81702775 -0.33842847 0.46683168
vn -0.90021497 -0.37288544 0.2248769
vn -0.9238782 -0.38268653 0
vn -0.9238782 -0.38268653 0
vn -0.9238784 0.3826861 0
vn -0.9238784 0.3826861 0
vn -0.90021527 0.37288517 0.2248761
vn -0.90021527 0.37288514 0.22487587
vn -0.8170286 0.33842856 0.4668302
vn -0.8170286 0.33842856 0.4668302
vn 0.90021527 0.37288514 0.22487587
vn 0.8170286 0.33842856 0.4668302
vn 0.8170286 0.33842856 0.4668302
vn 0.90021527 0.37288517 0.2248761
vn 0.9238784 0.3826861 0
vn 0.9238784 0.3826861 0
vn -0.38268596 0.9238785 0
vn -0.38268596 0.9238785 0
vn -0.3728852 0.90021497 0.22487672
vn -0.37288526 0.90021497 0.224877
vn -0.33842877 0.81702745 0.46683198
vn -0.33842877 0.81702745 0.46683198
vn -0.37288618 -0.90021473 0.22487618
vn -0.3384296 -0.8170281 0.46683037
vn -0.3384296 -0.8170281 0.46683037
vn -0.3728862 -0.90021485 0.2248759
vn -0.38268718 -0.923878 0
vn -0.38268718 -0.923878 0
vn 0.38268632 0.9238783 0
vn 0.38268632 0.9238783 0
vn 0.37288553 0.900215 0.22487608
vn 0.37288553 0.900215 0.22487585
vn 0.3384292 0.81702834 0.46683016
vn 0.3384292 0.81702834 0.46683016
vn 0.9238784 -0.3826861 0
vn 0.9238784 -0.3826861 0
vn 0.900215 -0.37288508 0.22487673
vn 0.90021515 -0.3728851 0.22487648
vn 0.8170279 -0.3384283 0.46683145
vn 0.8170279 -0.3384283 0.46683145
vn 0.37288526 -0.90021527 0.22487576
vn 0.33842877 -0.8170286 0.46683002
vn 0.33842877 -0.8170286 0.46683002
vn 0.3728852 -0.90021515 0.224876
vn 0.38268614 -0.9238784 0
vn 0.38268614 -0.9238784 0
vn -0 0 1
vn -0 0 1
vn -0 0 1
vn -0 0 1
vn -0 0 1
vn -0 0 1
vn -0 0 1
vn -0 0 1
vn -0 0 -1
vn -0 0 -1
vn -0 0 -1
vn -0 0 -1
vn -0 0 -1
vn -0 0 -1
vn -0 0 -1
vn -0 0 -1
vn -0.3728856 0.900215 0.22487587
vn -0.33842912 0.81702834 0.46683022
vn -0.33842912 0.81702834 0.46683022
vn -0.3728856 0.90021497 0.2248761
vn -0.3826865 0.9238782 0
vn -0.3826865 0.9238782 0
vn -0.9238784 -0.3826861 0
vn -0.9238784 -0.3826861 0
vn -0.90021515 -0.3728851 0.22487624
vn -0.90021515 -0.3728851 0.2248765
vn -0.81702816 -0.3384284 0.466831
vn -0.81702816 -0.3384284 0.466831
vn 0.90021473 -0.37288603 0.22487628
vn 0.8170275 -0.33843037 0.4668306
vn 0.8170275 -0.33843037 0.4668306
vn 0.90021485 -0.3728861 0.22487606
vn 0.9238784 -0.3826861 0
vn 0.9238784 -0.3826861 0
vn -0.9238784 0.3826861 0
vn -0.9238784 0.3826861 0
vn -0.90021515 0.37288514 0.22487634
vn -0.90021527 0.37288517 0.22487609
vn -0.81702834 0.33842847 0.46683064
vn -0.81702834 0.33842847 0.46683064
vn 0.3826858 0.9238786 0
vn 0.3826858 0.9238786 0
vn 0.37288544 0.900215 0.22487608
vn 0.3728855 0.90021515 0.22487585
vn 0.3384296 0.81702816 0.4668301
vn 0.3384296 0.81702816 0.4668301
vn 0.90021485 0.3728861 0.22487612
vn 0.8170275 0.33843037 0.46683076
vn 0.8170275 0.33843037 0.46683076
vn 0.90021473 0.37288603 0.22487636
vn 0.9238784 0.3826861 0
vn 0.9238784 0.3826861 0
vn -0 0 1
vn -0 0 1
vn -0 0 1
vn -0 0 1
vn -0 0 1
vn -0 0 1
vn -0 0 1
vn -0 0 1
vn -0 0 -1
vn -0 0 -1
vn -0 0 -1
vn -0 0 -1
vn -0 0 -1
vn -0 0 -1
vn -0 0 -1
vn -0 0 -1
vn 0.37288523 -0.90021515 0.22487603
vn 0.33842903 -0.81702816 0.46683055
vn 0.33842903 -0.81702816 0.46683055
vn 0.37288523 -0.90021515 0.2248763
vn 0.3826858 -0.9238786 0
vn 0.3826858 -0.9238786 0
vn -0.3826865 -0.9238782 0
vn -0.3826865 -0.9238782 0
vn -0.37288585 -0.90021485 0.22487622
vn -0.37288585 -0.90021497 0.22487597
vn -0.33842954 -0.817028 0.46683043
vn -0.33842954 -0.817028 0.46683043
vn -0.37288564 0.90021497 0.22487603
vn -0.33842903 0.81702816 0.46683055
vn -0.33842903 0.81702816 0.46683055
vn -0.3728856 0.90021497 0.2248763
vn -0.3826865 0.9238782 0
vn -0.3826865 0.9238782 0
vn -0.9238784 -0.3826861 0
vn -0.9238784 -0.3826861 0
vn -0.90021515 -0.3728851 0.22487622
vn -0.90021515 -0.3728851 0.2248765
vn -0.81702816 -0.3384284 0.46683094
vn -0.81702816 -0.3384284 0.46683094
vn 0.90021473 -0.37288603 0.22487628
vn 0.8170275 -0.33843037 0.46683055
vn 0.8170275 -0.33843037 0.46683055
vn 0.90021485 -0.3728861 0.22487605
vn 0.9238784 -0.3826861 0
vn 0.9238784 -0.3826861 0
vn -0.9238784 0.3826861 0
vn -0.9238784 0.3826861 0
vn -0.900215 0.37288508 0.22487682
vn -0.900215 0.3728851 0.22487655
vn -0.81702787 0.33842826 0.4668316
vn -0.81702787 0.33842826 0.4668316
vn 0.3826858 0.9238786 0
vn 0.3826858 0.9238786 0
vn 0.37288544 0.900215 0.22487622
vn 0.37288547 0.90021515 0.22487599
vn 0.33842954 0.817028 0.46683043
vn 0.33842954 0.817028 0.46683043
vn 0.90021485 0.3728861 0.22487617
vn 0.8170275 0.33843037 0.46683082
vn 0.8170275 0.33843037 0.46683082
vn 0.90021473 0.37288603 0.22487639
vn 0.9238784 0.3826861 0
vn 0.9238784 0.3826861 0
vn -0 0 1
vn -0 0 1
vn -0 0 1
vn -0 0 1
vn -0 0 1
vn -0 0 1
vn -0 0 1
vn -0 0 1
vn -0 0 -1
vn -0 0 -1
vn -0 0 -1
vn -0 0 -1
vn -0 0 -1
vn -0 0 -1
vn -0 0 -1
vn -0 0 -1
vn 0.37288442 -0.9002155 0.2248759
vn 0.3384283 -0.8170286 0.46683043
vn 0.3384283 -0.8170286 0.46683043
vn 0.37288436 -0.9002155 0.2248762
vn 0.38268498 -0.9238788 0
vn 0.38268498 -0.9238788 0
vn -0.3826873 -0.923878 0
vn -0.3826873 -0.923878 0
vn -0.3728866 -0.9002145 0.22487652
vn -0.3728866 -0.90021455 0.2248763
vn -0.33843023 -0.8170274 0.46683097
vn -0.33843023 -0.8170274 0.46683097
vn -0.3728856 0.90021497 0.22487608
vn -0.33842903 0.8170281 0.4668306
vn -0.33842903 0.8170281 0.4668306
vn -0.37288558 0.90021497 0.22487634
vn -0.3826865 0.9238782 0
vn -0.3826865 0.9238782 0
vn -0.9238784 -0.3826861 0
vn -0.9238784 -0.3826861 0
vn -0.90021485 -0.3728861 0.22487606
vn -0.90021473 -0.37288603 0.22487628
vn -0.8170275 -0.33843037 0.4668306
vn -0.8170275 -0.33843037 0.4668306
vn 0.900215 -0.37288508 0.22487673
vn 0.8170279 -0.3384283 0.46683145
vn 0.8170279 -0.3384283 0.46683145
vn 0.90021515 -0.3728851 0.22487648
vn 0.9238784 -0.3826861 0
vn 0.9238784 -0.3826861 0
vn -0.9238784 0.3826861 0
vn -0.9238784 0.3826861 0
vn -0.90021473 0.37288603 0.22487636
vn -0.90021485 0.3728861 0.22487612
vn -0.8170275 0.33843037 0.46683076
vn -0.8170275 0.33843037 0.46683076
vn 0.3826858 0.9238786 0
vn 0.3826858 0.9238786 0
vn 0.37288544 0.900215 0.2248763
vn 0.3728854 0.900215 0.22487602
vn 0.3384295 0.8170279 0.46683055
vn 0.3384295 0.8170279 0.46683055
vn 0.90021527 0.37288517 0.22487609
vn 0.81702834 0.33842847 0.46683064
vn 0.81702834 0.33842847 0.46683064
vn 0.90021515 0.37288514 0.22487634
vn 0.9238784 0.3826861 0
vn 0.9238784 0.3826861 0
vn -0 0 1
vn -0 0 1
vn -0 0 1
vn -0 0 1
vn -0 0 1
vn -0 0 1
vn -0 0 1
vn -0 0 1
vn -0 0 -1
vn -0 0 -1
vn -0 0 -1
vn -0 0 -1
vn -0 0 -1
vn -0 0 -1
vn -0 0 -1
vn -0 0 -1
vn 0.3728852 -0.90021515 0.22487612
vn 0.33842903 -0.8170281 0.46683082
vn 0.33842903 -0.8170281 0.46683082
vn 0.37288517 -0.90021515 0.22487639
vn 0.3826858 -0.9238786 0
vn 0.3826858 -0.9238786 0
vn -0.3826865 -0.9238782 0
vn -0.3826865 -0.9238782 0
vn -0.37288588 -0.90021485 0.22487636
vn -0.37288588 -0.90021497 0.22487612
vn -0.3384295 -0.81702787 0.46683067
vn -0.3384295 -0.81702787 0.46683067
vn -0.3728856 0.90021497 0.22487612
vn -0.33842903 0.8170281 0.46683082
vn -0.33842903 0.8170281 0.46683082
vn -0.37288558 0.90021497 0.22487639
vn -0.3826865 0.9238782 0
vn -0.3826865 0.9238782 0
vn -0.9238784 -0.3826861 0
vn -0.9238784 -0.3826861 0
vn -0.90021485 -0.37288606 0.22487599
vn -0.90021473 -0.37288603 0.22487622
vn -0.8170276 -0.33843043 0.46683043
vn -0.8170276 -0.33843043 0.46683043
vn 0.90021515 -0.3728851 0.2248763
vn 0.81702834 -0.33842847 0.4668306
vn 0.81702834 -0.33842847 0.4668306
vn 0.90021527 -0.37288514 0.22487608
vn 0.9238784 -0.3826861 0
vn 0.9238784 -0.3826861 0
vn -0.9238784 0.3826861 0
vn -0.9238784 0.3826861 0
vn -0.90021473 0.37288603 0.22487633
vn -0.90021485 0.3728861 0.22487609
vn -0.8170275 0.33843037 0.46683067
vn -0.8170275 0.33843037 0.46683067
vn 0.3826858 0.9238786 0
vn 0.3826858 0.9238786 0
vn 0.37288544 0.90021497 0.22487634
vn 0.37288544 0.900215 0.22487609
vn 0.3384295 0.81702787 0.46683067
vn 0.3384295 0.81702787 0.46683067
vn 0.90021515 0.3728851 0.22487615
vn 0.8170282 0.33842844 0.46683082
vn 0.8170282 0.33842844 0.46683082
vn 0.90021515 0.3728851 0.2248764
vn 0.9238784 0.3826861 0
vn 0.9238784 0.3826861 0
vn -0 0 1
vn -0 0 1
vn -0 0 1
vn -0 0 1
vn -0 0 1
vn -0 0 1
vn -0 0 1
vn -0 0 1
vn -0 0 -1
vn -0 0 -1
vn -0 0 -1
vn -0 0 -1
vn -0 0 -1
vn -0 0 -1
vn -0 0 -1
vn -0 0 -1
vn -0.90021515 -0.3728851 0.22487625
vn -0.81702816 -0.3384284 0.46683103
vn -0.81702816 -0.3384284 0.46683103
vn -0.90021515 -0.3728851 0.22487652
vn -0.9238784 -0.3826861 0
vn -0.9238784 -0.3826861 0
vn 0.38268614 -0.9238784 0
vn 0.38268614 -0.9238784 0
vn 0.37288544 -0.90021515 0.22487599
vn 0.37288535 -0.900215 0.2248762
vn 0.33842906 -0.8170282 0.46683043
vn 0.33842906 -0.8170282 0.46683043
vn 0.37288558 0.90021497 0.22487648
vn 0.33842942 0.81702775 0.466831
vn 0.33842942 0.81702775 0.466831
vn 0.37288556 0.90021497 0.22487624
vn 0.38268614 0.9238784 0
vn 0.38268614 0.9238784 0
vn -0.38268614 -0.9238784 0
vn -0.38268614 -0.9238784 0
vn -0.3728856 -0.90021497 0.22487615
vn -0.37288564 -0.900215 0.22487593
vn -0.3384296 -0.8170281 0.46683037
vn -0.3384296 -0.8170281 0.46683037
vn -0.9238784 0.3826861 0
vn -0.9238784 0.3826861 0
vn -0.90021515 0.3728851 0.2248763
vn -0.90021527 0.37288514 0.22487608
vn -0.81702834 0.33842847 0.4668306
vn -0.81702834 0.33842847 0.4668306
vn -0.37288538 0.900215 0.22487631
vn -0.33842894 0.81702787 0.46683112
vn -0.33842894 0.81702787 0.46683112
vn -0.37288535 0.90021497 0.22487655
vn -0.38268614 0.9238784 0
vn -0.38268614 0.9238784 0
vn -0 0 1
vn -0 0 1
vn -0 0 1
vn -0 0 1
vn -0 0 1
vn -0 0 1
vn -0 0 1
vn -0 0 1
vn -0 0 -1
vn -0 0 -1
vn -0 0 -1
vn -0 0 -1
vn -0 0 -1
vn -0 0 -1
vn -0 0 -1
vn -0 0 -1
vn 0.90021527 0.37288514 0.22487608
vn 0.81702834 0.33842847 0.4668306
vn 0.81702834 0.33842847 0.4668306
vn 0.90021515 0.3728851 0.2248763
vn 0.9238784 0.3826861 0
vn 0.9238784 0.3826861 0
vn 0.9238784 -0.3826861 0
vn 0.9238784 -0.3826861 0
vn 0.90021515 -0.3728851 0.22487652
vn 0.90021515 -0.3728851 0.22487625
vn 0.81702816 -0.3384284 0.46683103
vn 0.81702816 -0.3384284 0.46683103
vn -0.90021515 -0.37288505 0.22487628
vn -0.8170281 -0.33842838 0.4668311
vn -0.8170281 -0.33842838 0.4668311
vn -0.90021515 -0.37288505 0.22487652
vn -0.9238784 -0.3826861 0
vn -0.9238784 -0.3826861 0
vn 0.38268518 -0.9238788 0
vn 0.38268518 -0.9238788 0
vn 0.37288418 -0.9002155 0.22487621
vn 0.37288415 -0.9002155 0.22487639
vn 0.33842754 -0.8170286 0.4668308
vn 0.33842754 -0.8170286 0.4668308
vn 0.37288627 0.9002147 0.22487637
vn 0.33843088 0.8170273 0.46683073
vn 0.33843088 0.8170273 0.46683073
vn 0.37288627 0.90021473 0.22487614
vn 0.38268614 0.9238784 0
vn 0.38268614 0.9238784 0
vn -0.38268614 -0.9238784 0
vn -0.38268614 -0.9238784 0
vn -0.37288538 -0.90021497 0.22487645
vn -0.37288544 -0.900215 0.22487622
vn -0.33842906 -0.8170279 0.4668309
vn -0.33842906 -0.8170279 0.4668309
vn -0.9238784 0.3826861 0
vn -0.9238784 0.3826861 0
vn -0.90021515 0.3728851 0.22487625
vn -0.90021527 0.37288514 0.22487603
vn -0.8170284 0.3384285 0.46683055
vn -0.8170284 0.3384285 0.46683055
vn -0.37288466 0.90021545 0.22487567
vn -0.3384288 0.8170287 0.46682978
vn -0.3384288 0.8170287 0.46682978
vn -0.37288472 0.90021545 0.22487582
vn -0.38268518 0.9238788 0
vn -0.38268518 0.9238788 0
vn -0 0 1
vn -0 0 1
vn -0 0 1
vn -0 0 1
vn -0 0 1
vn -0 0 1
vn -0 0 1
vn -0 0 1
vn -0 0 -1
vn -0 0 -1
vn -0 0 -1
vn -0 0 -1
vn -0 0 -1
vn -0 0 -1
vn -0 0 -1
vn -0 0 -1
vn 0.90021527 0.37288514 0.22487603
vn 0.8170284 0.3384285 0.46683055
vn 0.8170284 0.3384285 0.46683055
vn 0.90021515 0.3728851 0.22487625
vn 0.9238784 0.3826861 0
vn 0.9238784 0.3826861 0
vn 0.9238784 -0.3826861 0
vn 0.9238784 -0.3826861 0
vn 0.90021515 -0.37288505 0.22487652
vn 0.90021515 -0.37288505 0.22487628
vn 0.8170281 -0.33842838 0.4668311
vn 0.8170281 -0.33842838 0.4668311
vn -0.90021515 -0.37288538 0.22487581
vn -0.8170286 -0.33842856 0.4668302
vn -0.8170286 -0.33842856 0.4668302
vn -0.900215 -0.37288535 0.22487612
vn -0.9238782 -0.3826866 0
vn -0.9238782 -0.3826866 0
vn 0.38268614 -0.9238784 0
vn 0.38268614 -0.9238784 0
vn 0.37288514 -0.90021515 0.22487624
vn 0.37288514 -0.900215 0.22487646
vn 0.33842856 -0.8170281 0.466831
vn 0.33842856 -0.8170281 0.466831
vn 0.37288544 0.90021515 0.22487582
vn 0.3384293 0.8170286 0.46682972
vn 0.3384293 0.8170286 0.46682972
vn 0.37288547 0.90021515 0.22487558
vn 0.38268614 0.9238784 0
vn 0.38268614 0.9238784 0
vn -0.38268718 -0.923878 0
vn -0.38268718 -0.923878 0
vn -0.37288618 -0.9002147 0.2248767
vn -0.37288615 -0.9002147 0.22487637
vn -0.33842933 -0.8170275 0.4668313
vn -0.33842933 -0.8170275 0.4668313
vn -0.9238781 0.38268703 0
vn -0.9238781 0.38268703 0
vn -0.90021485 0.37288573 0.22487643
vn -0.90021497 0.37288573 0.22487618
vn -0.81702816 0.3384287 0.46683085
vn -0.81702816 0.3384287 0.46683085
vn -0.3728854 0.90021515 0.22487585
vn -0.33842912 0.81702834 0.46683022
vn -0.33842912 0.81702834 0.46683022
vn -0.37288538 0.900215 0.22487609
vn -0.38268614 0.9238784 0
vn -0.38268614 0.9238784 0
vn -0 0 1
vn -0 0 1
vn -0 0 1
vn -0 0 1
vn -0 0 1
vn -0 0 1
vn -0 0 1
vn -0 0 1
vn -0 0 -1
vn -0 0 -1
vn -0 0 -1
vn -0 0 -1
vn -0 0 -1
vn -0 0 -1
vn -0 0 -1
vn -0 0 -1
vn 0.900215 0.37288547 0.22487609
vn 0.8170282 0.33842865 0.46683067
vn 0.8170282 0.33842865 0.46683067
vn 0.90021497 0.3728854 0.22487642
vn 0.9238782 0.38268653 0
vn 0.9238782 0.38268653 0
vn 0.9238784 -0.3826861 0
vn 0.9238784 -0.3826861 0
vn 0.90021515 -0.37288505 0.22487652
vn 0.90021515 -0.37288505 0.22487628
vn 0.8170281 -0.33842838 0.4668311
vn 0.8170281 -0.33842838 0.4668311
vn -0.90021527 -0.37288514 0.22487587
vn -0.8170286 -0.33842856 0.4668302
vn -0.8170286 -0.33842856 0.4668302
vn -0.90021527 -0.37288517 0.2248761
vn -0.9238784 -0.3826861 0
vn -0.9238784 -0.3826861 0
vn 0.3826856 -0.9238787 0
vn 0.3826856 -0.9238787 0
vn 0.37288472 -0.90021545 0.224876
vn 0.3728847 -0.9002153 0.22487625
vn 0.33842823 -0.81702846 0.46683052
vn 0.33842823 -0.81702846 0.46683052
vn 0.37288606 0.90021497 0.22487581
vn 0.33842933 0.8170286 0.46682963
vn 0.33842933 0.8170286 0.46682963
vn 0.37288606 0.90021497 0.2248755
vn 0.38268718 0.923878 0
vn 0.38268718 0.923878 0
vn -0.38268673 -0.9238782 0
vn -0.38268673 -0.9238782 0
vn -0.3728861 -0.90021473 0.22487622
vn -0.37288618 -0.90021485 0.22487603
vn -0.33842996 -0.81702787 0.46683046
vn -0.33842996 -0.81702787 0.46683046
vn -0.9238784 0.3826861 0
vn -0.9238784 0.3826861 0
vn -0.900215 0.37288508 0.2248767
vn -0.90021515 0.3728851 0.22487646
vn -0.817028 0.33842832 0.4668314
vn -0.817028 0.33842832 0.4668314
vn -0.3728854 0.900215 0.22487624
vn -0.33842894 0.8170279 0.46683094
vn -0.33842894 0.8170279 0.46683094
vn -0.37288538 0.90021497 0.2248765
vn -0.38268614 0.9238784 0
vn -0.38268614 0.9238784 0
vn -0 0 1
vn -0 0 1
vn -0 0 1
vn -0 0 1
vn -0 0 1
vn -0 0 1
vn -0 0 1
vn -0 0 1
vn -0 0 -1
vn -0 0 -1
vn -0 0 -1
vn -0 0 -1
vn -0 0 -1
vn -0 0 -1
vn -0 0 -1
vn -0 0 -1
vn -0 -1 0
vn -0 -1 0
vn -0 -1 0
vn -0 -1 0
vn -0 -1 0
vn -0 -1 0
vn -0 -1 0
vn -0 -1 0
vn -0 -1 0
vn -0 -1 0
vn -0 -1 0
vn -0 -1 0
vn -0 -1 0
vn -0 -1 0
vn -0 -1 0
vn -0 -1 0
vn -0 1 0
vn -0 1 0
vn -0 1 0
vn -0 1 0
vn -0 1 0
vn -0 1 0
vn -0 1 0
vn -0 1 0
vn -0 1 0
vn -0 1 0
vn -0 1 0
vn -0 1 0
vn -0 1 0
vn -0 1 0
vn -0 1 0
vn -0 1 0
vn -1 0 0
vn -1 0 0
vn -1 0 0
vn -1 0 0
vn -1 0 0
vn -1 0 0
vn -1 0 0
vn -1 0 0
vn -1 0 0
vn -1 0 0
vn -1 0 0
vn -1 0 0
vn -1 0 0
vn -1 0 0
vn 1 0 0
vn 1 0 0
vn 1 0 0
vn 1 0 0
vn 1 0 0
vn 1 0 0
vn 1 0 0
vn 1 0 0
vn 1 0 0
vn 1 0 0
vn 1 0 0
vn 1 0 0
vn 1 0 0
vn 1 0 0
vn 1 0 0
vn 1 0 0
vn 1 0 0
vn 1 0 0
vn 1 0 0
vn -0.857492 -0.51449716 0
vn -0.857492 -0.51449716 0
vn -0.857492 -0.51449716 0
vn -0.857492 -0.51449716 0
vn -0 1 0
vn -0 1 0
vn -0 1 0
vn -0 1 0
vn -0 1 0
vn -0 1 0
vn -0 1 0
vn -0 1 0
vn -0 1 0
vn -0 1 0
vn -0 1 0
vn -0 1 0
vn -0 1 0
vn -0 1 0
vn -0 1 0
vn -0 1 0
vn -0 1 0
vn -0 1 0
vn 0.5144952 0.8574933 0
vn 0.5144952 0.8574933 0
vn 0.5144952 0.8574933 0
vn 0.5144952 0.8574933 0
vn -1 0 0
vn -1 0 0
vn -1 0 0
vn -1 0 0
vn -1 0 0
vn -1 0 0
vn -1 0 0
vn -1 0 0
vn -1 0 0
vn -1 0 0
vn -1 0 0
vn -1 0 0
vn -1 0 0
vn -1 0 0
vn -1 0 0
vn -1 0 0
vn -1 0 0
vn 1 0 0
vn 1 0 0
vn 1 0 0
vn 1 0 0
vn 1 0 0
vn 1 0 0
vn 1 0 0
vn 1 0 0
vn 1 0 0
vn 1 0 0
vn 1 0 0
vn 1 0 0
vn 1 0 0
vn 1 0 0
vn 1 0 0
vn 1 0 0
vn 1 0 0
vn 1 0 0
vn -0 0 1
vn -0 0 1
vn -0 0 1
vn -0 0 1
vn -0 0 1
vn -0 0 1
vn -0 0 1
vn -0 0 1
vn -0 0 1
vn -0 0 1
vn -0 0 1
vn -0 0 1
vn -0 0 1
vn -0 0 1
vn -0 0 1
vn -0 0 1
vn -0 0 1
vn -0 0 1
vn -0 0 1
vn -0 0 1
vn -0 0 1
vn -0 0 1
vn -0 0 1
vn -0 0 1
vn -0 0 1
vn -0 0 1
vn -0 0 1
vn -0 0 1
vn -0 0 1
vn -0 0 1
vn -0 0 1
vn -0 0 1
vn -0 0 1
vn -0 0 1
vn -0 0 1
vn -0 0 1
vn -0.857492 0.51449716 0
vn -0.857492 0.51449716 0
vn -0.857492 0.51449716 0
vn -0.857492 0.51449716 0
vn -0 0 1
vn -0 0 1
vn -0 0 1
vn -0 0 1
vn -1 0 0
vn -1 0 0
vn -1 0 0
vn -1 0 0
vn -0 0 1
vn -0 0 1
vn -0 0 1
vn -0 0 1
vn 0.9805802 -0.1961182 0
vn 0.9805802 -0.1961182 0
vn 0.9805802 -0.1961182 0
vn 0.9805802 -0.1961182 0
vn 0.19611584 -0.9805807 0
vn 0.19611584 -0.9805807 0
vn 0.19611584 -0.9805807 0
vn 0.19611584 -0.9805807 0
vn -0 0 1
vn -0 0 1
vn -0 0 1
vn -0 0 1
vn -0 0 1
vn -0 0 1
vn -0 0 -1
vn -0 0 -1
vn -0 0 -1
vn -0 0 -1
vn -0 0 -1
vn -0 0 -1
vn -0 0 -1
vn -0 0 -1
vn -0 0 -1
vn -0 0 -1
vn -0 0 -1
vn -0 0 -1
vn -0 0 -1
vn -0 0 -1
vn -0 0 -1
vn -0 0 -1
vn -0 0 -1
vn -0 0 -1
vn -0 0 -1
vn -0 0 -1
vn -0 0 -1
vn -0 0 -1
vn -0 0 -1
vn -0 0 -1
vn -0 0 -1
vn -0 0 -1
vn -0 0 -1
vn -0 0 -1
vn -0 0 -1
vn -0 0 -1
vn -0 0 -1
vn -0 0 -1
vn -0 0 -1
vn -0 0 -1
vn -0 0 -1
vn -0 0 -1
vn -0 0 1
vn -0 0 1
vn -0 0 1
vn -0 0 1
vn -0.9805802 -0.1961182 0
vn -0.9805802 -0.1961182 0
vn -0.9805802 -0.1961182 0
vn -0.9805802 -0.1961182 0
vn -0 0 1
vn -0 0 1
vn -0 0 1
vn -0 0 1
vn -0 0 1
vn -0 0 1
vn -0 0 1
vn -0 0 1
vn -1 0 0
vn -1 0 0
vn -1 0 0
vn -1 0 0
vn -0 0 1
vn -0 0 1
vn -0 0 1
vn -0 0 1
vn -0 -1 0
vn -0 -1 0
vn -0 -1 0
vn -0 -1 0
vn -0 -1 0
vn -0 -1 0
vn -0 -1 0
vn -0 -1 0
vn -0 -1 0
vn -0 -1 0
vn -0 -1 0
vn -0 -1 0
vn -0 -1 0
vn -0 -1 0
vn -0 -1 0
vn -0 -1 0
vn -0 -1 0
vn -0 -1 0
vn -0 0 1
vn -0 0 1
vn -0 0 1
vn -0 0 1
vn -0 0 1
vn -0 0 1
vn -0 0 1
vn -0 0 1
vn -0 0 1
vn -0 0 1
vn -0 0 1
vn -0 0 1
vn -0 0 1
vn -0 0 1
vn -0 0 1
vn -0 0 1
vn -0 0 1
vn -0 0 1
vn -0 0 1
vn -0 0 1
vn -0 0 1
vn -0 0 1
vn -0 0 1
vn -0 0 1
vn -0 0 1
vn -0 0 1
vn -0 0 1
vn -0 0 1
vn -0 0 1
vn -0 0 1
vn -0 0 1
vn -0 0 1
vn -0 0 1
vn -0 0 1
vn -0 0 1
vn -0 0 1
vn -0 0 1
vn -0 0 1
vn 0.9805802 0.1961182 0
vn 0.9805802 0.1961182 0
vn 0.9805802 0.1961182 0
vn 0.9805802 0.1961182 0
vn -0 -1 0
vn -0 -1 0
vn -0 -1 0
vn -0 -1 0
vn -0.9805802 0.1961182 0
vn -0.9805802 0.1961182 0
vn -0.9805802 0.1961182 0
vn -0.9805802 0.1961182 0
vn 0.85749215 -0.5144971 0
vn 0.85749215 -0.5144971 0
vn 0.85749215 -0.5144971 0
vn 0.85749215 -0.5144971 0
vn -0.5144952 0.8574933 0
vn -0.5144952 0.8574933 0
vn -0.5144952 0.8574933 0
vn -0.5144952 0.8574933 0
vn 0.1961157 -0.9805807 0
vn 0.1961157 -0.9805807 0
vn 0.1961157 -0.9805807 0
vn 0.1961157 -0.9805807 0
vn 0.19611584 0.9805807 0
vn 0.19611584 0.9805807 0
vn 0.19611584 0.9805807 0
vn 0.19611584 0.9805807 0
vn -0.5144952 -0.8574933 0
vn -0.5144952 -0.8574933 0
vn -0.5144952 -0.8574933 0
vn -0.5144952 -0.8574933 0
vn -0 1 0
vn -0 1 0
vn -0 1 0
vn -0 1 0
vn 0.85749215 0.5144971 0
vn 0.85749215 0.5144971 0
vn 0.85749215 0.5144971 0
vn 0.85749215 0.5144971 0
vn -0.5424067 0.8401161 0
vn -0.5424067 0.8401161 0
vn -0.5424067 0.8401161 0
vn -0.5424067 0.8401161 0
vn -0.54240656 0.8401161 0
vn -0.54240656 0.8401161 0
vn 0.840115 0.5424082 0
vn 0.840115 0.5424082 0
vn 0.840115 0.5424082 0
vn 0.840115 0.5424082 0
vn 0.8401152 0.5424081 0
vn 0.8401152 0.5424081 0
vn -0.14045759 0.21755205 -0.9658896
vn -0.14045759 0.21755205 -0.9658896
vn -0.14045759 0.21755205 -0.9658896
vn -0.14045759 0.21755205 -0.9658896
vn -0.8401232 -0.54239565 0
vn -0.8401232 -0.54239565 0
vn -0.8401232 -0.54239565 0
vn -0.8401232 -0.54239565 0
vn -0.84012306 -0.5423957 0
vn -0.84012306 -0.5423957 0
vn -0 0 -1
vn -0 0 -1
vn -0 0 -1
vn -0 0 -1
vn -0 0 1
vn -0 0 1
vn -0 0 1
vn -0 0 1
vn 0.54239804 -0.8401216 0
vn 0.54239804 -0.8401216 0
vn 0.54239804 -0.8401216 0
vn 0.54239804 -0.8401216 0
vn -0.8401263 -0.54239094 0
vn -0.8401263 -0.54239094 0
vn -0.8401263 -0.54239094 0
vn -0.8401263 -0.54239094 0
vn -0.82973707 -0.55815446 0
vn -0.82973707 -0.55815446 0
vn 0.85020155 0.52645737 0
vn 0.85020155 0.52645737 0
vn 0.85020155 0.52645737 0
vn 0.85020155 0.52645737 0
vn 0.8401263 0.54239094 0
vn 0.8401263 0.54239094 0
vn 0.24265233 -0.3758538 0.89434546
vn 0.24265233 -0.3758538 0.89434546
vn 0.24265233 -0.3758538 0.89434546
vn 0.24265233 -0.3758538 0.89434546
vn 0.5423981 -0.84012157 0
vn 0.5423981 -0.84012157 0
vn 0.5423981 -0.84012157 0
vn 0.5423981 -0.84012157 0
vn -0 0 1
vn -0 0 1
vn -0 0 1
vn -0 0 1
vn -0 0 -1
vn -0 0 -1
vn -0 0 -1
vn -0 0 -1
g Castle Center lvl2 Final_0
f 3/3/3 2/2/2 1/1/1
f 4/4/4 3/3/3 1/1/1
f 7/7/7 6/6/6 5/5/5
f 8/8/8 7/7/7 5/5/5
f 11/11/11 10/10/10 9/9/9
f 12/12/12 11/11/11 9/9/9
f 15/15/15 14/14/14 13/13/13
f 16/16/16 15/15/15 13/13/13
f 19/19/19 18/18/18 17/17/17
f 20/20/20 19/19/19 17/17/17
f 23/23/23 22/22/22 21/21/21
f 24/24/24 23/23/23 21/21/21
f 27/27/27 26/26/26 25/25/25
f 28/28/28 27/27/27 25/25/25
f 31/31/31 30/30/30 29/29/29
f 32/32/32 31/31/31 29/29/29
f 35/35/35 34/34/34 33/33/33
f 36/36/36 35/35/35 33/33/33
f 39/39/39 38/38/38 37/37/37
f 40/40/40 39/39/39 37/37/37
f 43/43/43 42/42/42 41/41/41
f 44/44/44 43/43/43 41/41/41
f 47/47/47 46/46/46 45/45/45
f 48/48/48 47/47/47 45/45/45
f 51/51/51 50/50/50 49/49/49
f 52/52/52 51/51/51 49/49/49
f 55/55/55 54/54/54 53/53/53
f 56/56/56 55/55/55 53/53/53
f 59/59/59 58/58/58 57/57/57
f 60/60/60 59/59/59 57/57/57
f 63/63/63 62/62/62 61/61/61
f 64/64/64 63/63/63 61/61/61
f 67/67/67 66/66/66 65/65/65
f 68/68/68 67/67/67 65/65/65
f 71/71/71 70/70/70 69/69/69
f 72/72/72 71/71/71 69/69/69
f 75/75/75 74/74/74 73/73/73
f 76/76/76 75/75/75 73/73/73
f 79/79/79 78/78/78 77/77/77
f 80/80/80 79/79/79 77/77/77
f 83/83/83 82/82/82 81/81/81
f 82/82/82 84/84/84 81/81/81
f 82/82/82 85/85/85 84/84/84
f 85/85/85 86/86/86 84/84/84
f 89/89/89 88/88/88 87/87/87
f 90/90/90 89/89/89 87/87/87
f 90/90/90 87/87/87 91/91/91
f 92/92/92 90/90/90 91/91/91
f 95/95/95 94/94/94 93/93/93
f 96/96/96 95/95/95 93/93/93
f 99/99/99 98/98/98 97/97/97
f 98/98/98 100/100/100 97/97/97
f 97/97/97 100/100/100 101/101/101
f 100/100/100 102/102/102 101/101/101
f 105/105/105 104/104/104 103/103/103
f 106/106/106 105/105/105 103/103/103
f 109/109/109 108/108/108 107/107/107
f 110/110/110 109/109/109 107/107/107
f 113/113/113 112/112/112 111/111/111
f 114/114/114 113/113/113 111/111/111
f 117/117/117 116/116/116 115/115/115
f 118/118/118 117/117/117 115/115/115
f 121/121/121 120/120/120 119/119/119
f 122/122/122 121/121/121 119/119/119
f 122/122/122 119/119/119 123/123/123
f 124/124/124 122/122/122 123/123/123
f 127/127/127 126/126/126 125/125/125
f 128/128/128 127/127/127 125/125/125
f 131/131/131 130/130/130 129/129/129
f 132/132/132 131/131/131 129/129/129
f 132/132/132 129/129/129 133/133/133
f 134/134/134 132/132/132 133/133/133
f 137/137/137 136/136/136 135/135/135
f 136/136/136 138/138/138 135/135/135
f 135/135/135 138/138/138 139/139/139
f 138/138/138 140/140/140 139/139/139
f 143/143/143 142/142/142 141/141/141
f 144/144/144 143/143/143 141/141/141
f 147/147/147 146/146/146 145/145/145
f 148/148/148 147/147/147 145/145/145
f 151/151/151 150/150/150 149/149/149
f 149/149/149 152/152/152 151/151/151
f 152/152/152 153/153/153 151/151/151
f 152/152/152 154/154/154 153/153/153
f 154/154/154 155/155/155 153/153/153
f 154/154/154 156/156/156 155/155/155
f 159/159/159 158/158/158 157/157/157
f 160/160/160 159/159/159 157/157/157
f 160/160/160 161/161/161 159/159/159
f 161/161/161 162/162/162 159/159/159
f 165/165/165 164/164/164 163/163/163
f 166/166/166 165/165/165 163/163/163
f 166/166/166 167/167/167 165/165/165
f 167/167/167 168/168/168 165/165/165
f 171/171/171 170/170/170 169/169/169
f 169/169/169 172/172/172 171/171/171
f 172/172/172 173/173/173 171/171/171
f 172/172/172 174/174/174 173/173/173
f 174/174/174 175/175/175 173/173/173
f 174/174/174 176/176/176 175/175/175
f 179/179/179 178/178/178 177/177/177
f 180/180/180 179/179/179 177/177/177
f 180/180/180 177/177/177 181/181/181
f 177/177/177 182/182/182 181/181/181
f 185/185/185 184/184/184 183/183/183
f 186/186/186 185/185/185 183/183/183
f 186/186/186 187/187/187 185/185/185
f 187/187/187 188/188/188 185/185/185
f 191/191/191 190/190/190 189/189/189
f 192/192/192 191/191/191 189/189/189
f 192/192/192 193/193/193 191/191/191
f 193/193/193 194/194/194 191/191/191
f 197/197/197 196/196/196 195/195/195
f 198/198/198 197/197/197 195/195/195
f 198/198/198 199/199/199 197/197/197
f 199/199/199 200/200/200 197/197/197
f 203/203/203 202/202/202 201/201/201
f 204/204/204 203/203/203 201/201/201
f 204/204/204 201/201/201 205/205/205
f 201/201/201 206/206/206 205/205/205
f 209/209/209 208/208/208 207/207/207
f 210/210/210 209/209/209 207/207/207
f 210/210/210 211/211/211 209/209/209
f 211/211/211 212/212/212 209/209/209
f 215/215/215 214/214/214 213/213/213
f 216/216/216 215/215/215 213/213/213
f 216/216/216 217/217/217 215/215/215
f 217/217/217 218/218/218 215/215/215
f 221/221/221 220/220/220 219/219/219
f 219/219/219 222/222/222 221/221/221
f 222/222/222 223/223/223 221/221/221
f 222/222/222 224/224/224 223/223/223
f 224/224/224 225/225/225 223/223/223
f 224/224/224 226/226/226 225/225/225
f 229/229/229 228/228/228 227/227/227
f 230/230/230 229/229/229 227/227/227
f 230/230/230 227/227/227 231/231/231
f 227/227/227 232/232/232 231/231/231
f 235/235/235 234/234/234 233/233/233
f 236/236/236 235/235/235 233/233/233
f 236/236/236 233/233/233 237/237/237
f 233/233/233 238/238/238 237/237/237
f 241/241/241 240/240/240 239/239/239
f 242/242/242 241/241/241 239/239/239
f 242/242/242 239/239/239 243/243/243
f 239/239/239 244/244/244 243/243/243
f 247/247/247 246/246/246 245/245/245
f 248/248/248 247/247/247 245/245/245
f 248/248/248 249/249/249 247/247/247
f 249/249/249 250/250/250 247/247/247
f 253/253/253 252/252/252 251/251/251
f 254/254/254 253/253/253 251/251/251
f 254/254/254 255/255/255 253/253/253
f 255/255/255 256/256/256 253/253/253
f 259/259/259 258/258/258 257/257/257
f 260/260/260 259/259/259 257/257/257
f 260/260/260 261/261/261 259/259/259
f 261/261/261 262/262/262 259/259/259
f 265/265/265 264/264/264 263/263/263
f 263/263/263 266/266/266 265/265/265
f 266/266/266 267/267/267 265/265/265
f 266/266/266 268/268/268 267/267/267
f 268/268/268 269/269/269 267/267/267
f 268/268/268 270/270/270 269/269/269
f 273/273/273 272/272/272 271/271/271
f 274/274/274 273/273/273 271/271/271
f 274/274/274 275/275/275 273/273/273
f 275/275/275 276/276/276 273/273/273
f 279/279/279 278/278/278 277/277/277
f 280/280/280 279/279/279 277/277/277
f 280/280/280 277/277/277 281/281/281
f 277/277/277 282/282/282 281/281/281
f 285/285/285 284/284/284 283/283/283
f 286/286/286 285/285/285 283/283/283
f 286/286/286 287/287/287 285/285/285
f 287/287/287 288/288/288 285/285/285
f 291/291/291 290/290/290 289/289/289
f 289/289/289 292/292/292 291/291/291
f 292/292/292 293/293/293 291/291/291
f 292/292/292 294/294/294 293/293/293
f 294/294/294 295/295/295 293/293/293
f 294/294/294 296/296/296 295/295/295
f 299/299/299 298/298/298 297/297/297
f 300/300/300 299/299/299 297/297/297
f 300/300/300 301/301/301 299/299/299
f 301/301/301 302/302/302 299/299/299
f 305/305/305 304/304/304 303/303/303
f 306/306/306 305/305/305 303/303/303
f 306/306/306 307/307/307 305/305/305
f 307/307/307 308/308/308 305/305/305
f 311/311/311 310/310/310 309/309/309
f 312/312/312 311/311/311 309/309/309
f 312/312/312 309/309/309 313/313/313
f 309/309/309 314/314/314 313/313/313
f 317/317/317 316/316/316 315/315/315
f 315/315/315 318/318/318 317/317/317
f 318/318/318 319/319/319 317/317/317
f 318/318/318 320/320/320 319/319/319
f 320/320/320 321/321/321 319/319/319
f 320/320/320 322/322/322 321/321/321
f 325/325/325 324/324/324 323/323/323
f 326/326/326 325/325/325 323/323/323
f 326/326/326 323/323/323 327/327/327
f 323/323/323 328/328/328 327/327/327
f 331/331/331 330/330/330 329/329/329
f 332/332/332 331/331/331 329/329/329
f 332/332/332 329/329/329 333/333/333
f 329/329/329 334/334/334 333/333/333
f 337/337/337 336/336/336 335/335/335
f 335/335/335 338/338/338 337/337/337
f 338/338/338 339/339/339 337/337/337
f 338/338/338 340/340/340 339/339/339
f 340/340/340 341/341/341 339/339/339
f 340/340/340 342/342/342 341/341/341
f 345/345/345 344/344/344 343/343/343
f 346/346/346 345/345/345 343/343/343
f 346/346/346 347/347/347 345/345/345
f 347/347/347 348/348/348 345/345/345
f 351/351/351 350/350/350 349/349/349
f 352/352/352 351/351/351 349/349/349
f 352/352/352 349/349/349 353/353/353
f 349/349/349 354/354/354 353/353/353
f 357/357/357 356/356/356 355/355/355
f 358/358/358 357/357/357 355/355/355
f 358/358/358 359/359/359 357/357/357
f 359/359/359 360/360/360 357/357/357
f 363/363/363 362/362/362 361/361/361
f 364/364/364 363/363/363 361/361/361
f 364/364/364 365/365/365 363/363/363
f 365/365/365 366/366/366 363/363/363
f 369/369/369 368/368/368 367/367/367
f 367/367/367 370/370/370 369/369/369
f 370/370/370 371/371/371 369/369/369
f 370/370/370 372/372/372 371/371/371
f 372/372/372 373/373/373 371/371/371
f 372/372/372 374/374/374 373/373/373
f 377/377/377 376/376/376 375/375/375
f 375/375/375 378/378/378 377/377/377
f 378/378/378 379/379/379 377/377/377
f 378/378/378 380/380/380 379/379/379
f 380/380/380 381/381/381 379/379/379
f 380/380/380 382/382/382 381/381/381
f 385/385/385 384/384/384 383/383/383
f 386/386/386 385/385/385 383/383/383
f 386/386/386 383/383/383 387/387/387
f 383/383/383 388/388/388 387/387/387
f 391/391/391 390/390/390 389/389/389
f 392/392/392 391/391/391 389/389/389
f 392/392/392 393/393/393 391/391/391
f 393/393/393 394/394/394 391/391/391
f 397/397/397 396/396/396 395/395/395
f 398/398/398 397/397/397 395/395/395
f 398/398/398 395/395/395 399/399/399
f 395/395/395 400/400/400 399/399/399
f 403/403/403 402/402/402 401/401/401
f 404/404/404 403/403/403 401/401/401
f 404/404/404 401/401/401 405/405/405
f 401/401/401 406/406/406 405/405/405
f 409/409/409 408/408/408 407/407/407
f 410/410/410 409/409/409 407/407/407
f 410/410/410 407/407/407 411/411/411
f 407/407/407 412/412/412 411/411/411
f 415/415/415 414/414/414 413/413/413
f 416/416/416 415/415/415 413/413/413
f 416/416/416 413/413/413 417/417/417
f 413/413/413 418/418/418 417/417/417
f 421/421/421 420/420/420 419/419/419
f 422/422/422 421/421/421 419/419/419
f 422/422/422 419/419/419 423/423/423
f 419/419/419 424/424/424 423/423/423
f 427/427/427 426/426/426 425/425/425
f 428/428/428 427/427/427 425/425/425
f 428/428/428 429/429/429 427/427/427
f 429/429/429 430/430/430 427/427/427
f 433/433/433 432/432/432 431/431/431
f 434/434/434 433/433/433 431/431/431
f 434/434/434 431/431/431 435/435/435
f 431/431/431 436/436/436 435/435/435
f 439/439/439 438/438/438 437/437/437
f 440/440/440 439/439/439 437/437/437
f 440/440/440 441/441/441 439/439/439
f 441/441/441 442/442/442 439/439/439
f 445/445/445 444/444/444 443/443/443
f 446/446/446 445/445/445 443/443/443
f 446/446/446 447/447/447 445/445/445
f 447/447/447 448/448/448 445/445/445
f 451/451/451 450/450/450 449/449/449
f 449/449/449 452/452/452 451/451/451
f 452/452/452 453/453/453 451/451/451
f 452/452/452 454/454/454 453/453/453
f 454/454/454 455/455/455 453/453/453
f 454/454/454 456/456/456 455/455/455
f 459/459/459 458/458/458 457/457/457
f 460/460/460 459/459/459 457/457/457
f 460/460/460 461/461/461 459/459/459
f 461/461/461 462/462/462 459/459/459
f 465/465/465 464/464/464 463/463/463
f 466/466/466 465/465/465 463/463/463
f 466/466/466 463/463/463 467/467/467
f 463/463/463 468/468/468 467/467/467
f 471/471/471 470/470/470 469/469/469
f 472/472/472 471/471/471 469/469/469
f 472/472/472 473/473/473 471/471/471
f 473/473/473 474/474/474 471/471/471
f 477/477/477 476/476/476 475/475/475
f 478/478/478 477/477/477 475/475/475
f 478/478/478 479/479/479 477/477/477
f 479/479/479 480/480/480 477/477/477
f 483/483/483 482/482/482 481/481/481
f 481/481/481 484/484/484 483/483/483
f 484/484/484 485/485/485 483/483/483
f 484/484/484 486/486/486 485/485/485
f 486/486/486 487/487/487 485/485/485
f 486/486/486 488/488/488 487/487/487
f 491/491/491 490/490/490 489/489/489
f 492/492/492 491/491/491 489/489/489
f 492/492/492 493/493/493 491/491/491
f 493/493/493 494/494/494 491/491/491
f 497/497/497 496/496/496 495/495/495
f 498/498/498 497/497/497 495/495/495
f 498/498/498 499/499/499 497/497/497
f 499/499/499 500/500/500 497/497/497
f 503/503/503 502/502/502 501/501/501
f 501/501/501 504/504/504 503/503/503
f 504/504/504 505/505/505 503/503/503
f 504/504/504 506/506/506 505/505/505
f 506/506/506 507/507/507 505/505/505
f 506/506/506 508/508/508 507/507/507
f 511/511/511 510/510/510 509/509/509
f 512/512/512 511/511/511 509/509/509
f 512/512/512 509/509/509 513/513/513
f 509/509/509 514/514/514 513/513/513
f 517/517/517 516/516/516 515/515/515
f 518/518/518 517/517/517 515/515/515
f 518/518/518 519/519/519 517/517/517
f 519/519/519 520/520/520 517/517/517
f 523/523/523 522/522/522 521/521/521
f 524/524/524 523/523/523 521/521/521
f 524/524/524 525/525/525 523/523/523
f 525/525/525 526/526/526 523/523/523
f 529/529/529 528/528/528 527/527/527
f 530/530/530 529/529/529 527/527/527
f 530/530/530 531/531/531 529/529/529
f 531/531/531 532/532/532 529/529/529
f 535/535/535 534/534/534 533/533/533
f 536/536/536 535/535/535 533/533/533
f 536/536/536 533/533/533 537/537/537
f 533/533/533 538/538/538 537/537/537
f 541/541/541 540/540/540 539/539/539
f 542/542/542 541/541/541 539/539/539
f 542/542/542 543/543/543 541/541/541
f 543/543/543 544/544/544 541/541/541
f 547/547/547 546/546/546 545/545/545
f 548/548/548 547/547/547 545/545/545
f 548/548/548 549/549/549 547/547/547
f 549/549/549 550/550/550 547/547/547
f 553/553/553 552/552/552 551/551/551
f 551/551/551 554/554/554 553/553/553
f 554/554/554 555/555/555 553/553/553
f 554/554/554 556/556/556 555/555/555
f 556/556/556 557/557/557 555/555/555
f 556/556/556 558/558/558 557/557/557
f 561/561/561 560/560/560 559/559/559
f 562/562/562 561/561/561 559/559/559
f 562/562/562 559/559/559 563/563/563
f 559/559/559 564/564/564 563/563/563
f 567/567/567 566/566/566 565/565/565
f 568/568/568 567/567/567 565/565/565
f 568/568/568 565/565/565 569/569/569
f 565/565/565 570/570/570 569/569/569
f 573/573/573 572/572/572 571/571/571
f 574/574/574 573/573/573 571/571/571
f 574/574/574 571/571/571 575/575/575
f 571/571/571 576/576/576 575/575/575
f 579/579/579 578/578/578 577/577/577
f 580/580/580 579/579/579 577/577/577
f 580/580/580 581/581/581 579/579/579
f 581/581/581 582/582/582 579/579/579
f 585/585/585 584/584/584 583/583/583
f 586/586/586 585/585/585 583/583/583
f 586/586/586 587/587/587 585/585/585
f 587/587/587 588/588/588 585/585/585
f 591/591/591 590/590/590 589/589/589
f 592/592/592 591/591/591 589/589/589
f 592/592/592 593/593/593 591/591/591
f 593/593/593 594/594/594 591/591/591
f 597/597/597 596/596/596 595/595/595
f 595/595/595 598/598/598 597/597/597
f 598/598/598 599/599/599 597/597/597
f 598/598/598 600/600/600 599/599/599
f 598/598/598 601/601/601 600/600/600
f 601/601/601 602/602/602 600/600/600
f 605/605/605 604/604/604 603/603/603
f 606/606/606 605/605/605 603/603/603
f 606/606/606 607/607/607 605/605/605
f 607/607/607 608/608/608 605/605/605
f 611/611/611 610/610/610 609/609/609
f 612/612/612 611/611/611 609/609/609
f 612/612/612 609/609/609 613/613/613
f 609/609/609 614/614/614 613/613/613
f 617/617/617 616/616/616 615/615/615
f 618/618/618 617/617/617 615/615/615
f 618/618/618 619/619/619 617/617/617
f 619/619/619 620/620/620 617/617/617
f 623/623/623 622/622/622 621/621/621
f 621/621/621 624/624/624 623/623/623
f 624/624/624 625/625/625 623/623/623
f 624/624/624 626/626/626 625/625/625
f 624/624/624 627/627/627 626/626/626
f 627/627/627 628/628/628 626/626/626
f 631/631/631 630/630/630 629/629/629
f 632/632/632 631/631/631 629/629/629
f 632/632/632 633/633/633 631/631/631
f 633/633/633 634/634/634 631/631/631
f 637/637/637 636/636/636 635/635/635
f 638/638/638 637/637/637 635/635/635
f 638/638/638 639/639/639 637/637/637
f 639/639/639 640/640/640 637/637/637
f 643/643/643 642/642/642 641/641/641
f 644/644/644 643/643/643 641/641/641
f 644/644/644 641/641/641 645/645/645
f 641/641/641 646/646/646 645/645/645
f 649/649/649 648/648/648 647/647/647
f 647/647/647 650/650/650 649/649/649
f 650/650/650 651/651/651 649/649/649
f 650/650/650 652/652/652 651/651/651
f 652/652/652 653/653/653 651/651/651
f 652/652/652 654/654/654 653/653/653
f 657/657/657 656/656/656 655/655/655
f 658/658/658 657/657/657 655/655/655
f 658/658/658 655/655/655 659/659/659
f 655/655/655 660/660/660 659/659/659
f 663/663/663 662/662/662 661/661/661
f 664/664/664 663/663/663 661/661/661
f 664/664/664 661/661/661 665/665/665
f 661/661/661 666/666/666 665/665/665
f 669/669/669 668/668/668 667/667/667
f 667/667/667 670/670/670 669/669/669
f 670/670/670 671/671/671 669/669/669
f 670/670/670 672/672/672 671/671/671
f 670/670/670 673/673/673 672/672/672
f 673/673/673 674/674/674 672/672/672
f 677/677/677 676/676/676 675/675/675
f 678/678/678 677/677/677 675/675/675
f 678/678/678 679/679/679 677/677/677
f 679/679/679 680/680/680 677/677/677
f 683/683/683 682/682/682 681/681/681
f 684/684/684 683/683/683 681/681/681
f 684/684/684 681/681/681 685/685/685
f 681/681/681 686/686/686 685/685/685
f 689/689/689 688/688/688 687/687/687
f 690/690/690 689/689/689 687/687/687
f 690/690/690 691/691/691 689/689/689
f 691/691/691 692/692/692 689/689/689
f 695/695/695 694/694/694 693/693/693
f 696/696/696 695/695/695 693/693/693
f 696/696/696 697/697/697 695/695/695
f 697/697/697 698/698/698 695/695/695
f 701/701/701 700/700/700 699/699/699
f 699/699/699 702/702/702 701/701/701
f 702/702/702 703/703/703 701/701/701
f 702/702/702 704/704/704 703/703/703
f 704/704/704 705/705/705 703/703/703
f 704/704/704 706/706/706 705/705/705
f 709/709/709 708/708/708 707/707/707
f 707/707/707 710/710/710 709/709/709
f 710/710/710 711/711/711 709/709/709
f 710/710/710 712/712/712 711/711/711
f 710/710/710 713/713/713 712/712/712
f 713/713/713 714/714/714 712/712/712
f 717/717/717 716/716/716 715/715/715
f 718/718/718 717/717/717 715/715/715
f 718/718/718 715/715/715 719/719/719
f 715/715/715 720/720/720 719/719/719
f 723/723/723 722/722/722 721/721/721
f 724/724/724 723/723/723 721/721/721
f 724/724/724 725/725/725 723/723/723
f 725/725/725 726/726/726 723/723/723
f 729/729/729 728/728/728 727/727/727
f 730/730/730 729/729/729 727/727/727
f 730/730/730 727/727/727 731/731/731
f 727/727/727 732/732/732 731/731/731
f 735/735/735 734/734/734 733/733/733
f 736/736/736 735/735/735 733/733/733
f 736/736/736 733/733/733 737/737/737
f 733/733/733 738/738/738 737/737/737
f 741/741/741 740/740/740 739/739/739
f 742/742/742 741/741/741 739/739/739
f 742/742/742 739/739/739 743/743/743
f 739/739/739 744/744/744 743/743/743
f 747/747/747 746/746/746 745/745/745
f 748/748/748 747/747/747 745/745/745
f 748/748/748 745/745/745 749/749/749
f 745/745/745 750/750/750 749/749/749
f 753/753/753 752/752/752 751/751/751
f 754/754/754 753/753/753 751/751/751
f 754/754/754 751/751/751 755/755/755
f 751/751/751 756/756/756 755/755/755
f 759/759/759 758/758/758 757/757/757
f 760/760/760 759/759/759 757/757/757
f 760/760/760 761/761/761 759/759/759
f 761/761/761 762/762/762 759/759/759
f 765/765/765 764/764/764 763/763/763
f 766/766/766 765/765/765 763/763/763
f 766/766/766 763/763/763 767/767/767
f 763/763/763 768/768/768 767/767/767
f 771/771/771 770/770/770 769/769/769
f 772/772/772 771/771/771 769/769/769
f 772/772/772 773/773/773 771/771/771
f 773/773/773 774/774/774 771/771/771
f 777/777/777 776/776/776 775/775/775
f 778/778/778 777/777/777 775/775/775
f 778/778/778 779/779/779 777/777/777
f 779/779/779 780/780/780 777/777/777
f 783/783/783 782/782/782 781/781/781
f 781/781/781 784/784/784 783/783/783
f 784/784/784 785/785/785 783/783/783
f 784/784/784 786/786/786 785/785/785
f 786/786/786 787/787/787 785/785/785
f 786/786/786 788/788/788 787/787/787
f 791/791/791 790/790/790 789/789/789
f 792/792/792 791/791/791 789/789/789
f 792/792/792 793/793/793 791/791/791
f 793/793/793 794/794/794 791/791/791
f 797/797/797 796/796/796 795/795/795
f 798/798/798 797/797/797 795/795/795
f 798/798/798 795/795/795 799/799/799
f 795/795/795 800/800/800 799/799/799
f 803/803/803 802/802/802 801/801/801
f 804/804/804 803/803/803 801/801/801
f 804/804/804 805/805/805 803/803/803
f 805/805/805 806/806/806 803/803/803
f 809/809/809 808/808/808 807/807/807
f 810/810/810 809/809/809 807/807/807
f 810/810/810 811/811/811 809/809/809
f 811/811/811 812/812/812 809/809/809
f 815/815/815 814/814/814 813/813/813
f 816/816/816 815/815/815 813/813/813
f 816/816/816 817/817/817 815/815/815
f 817/817/817 818/818/818 815/815/815
f 821/821/821 820/820/820 819/819/819
f 822/822/822 821/821/821 819/819/819
f 822/822/822 823/823/823 821/821/821
f 823/823/823 824/824/824 821/821/821
f 827/827/827 826/826/826 825/825/825
f 828/828/828 827/827/827 825/825/825
f 828/828/828 825/825/825 829/829/829
f 825/825/825 830/830/830 829/829/829
f 833/833/833 832/832/832 831/831/831
f 834/834/834 833/833/833 831/831/831
f 834/834/834 835/835/835 833/833/833
f 835/835/835 836/836/836 833/833/833
f 839/839/839 838/838/838 837/837/837
f 840/840/840 839/839/839 837/837/837
f 840/840/840 841/841/841 839/839/839
f 841/841/841 842/842/842 839/839/839
f 845/845/845 844/844/844 843/843/843
f 846/846/846 845/845/845 843/843/843
f 846/846/846 843/843/843 847/847/847
f 843/843/843 848/848/848 847/847/847
f 851/851/851 850/850/850 849/849/849
f 852/852/852 851/851/851 849/849/849
f 852/852/852 853/853/853 851/851/851
f 853/853/853 854/854/854 851/851/851
f 857/857/857 856/856/856 855/855/855
f 858/858/858 857/857/857 855/855/855
f 858/858/858 855/855/855 859/859/859
f 855/855/855 860/860/860 859/859/859
f 863/863/863 862/862/862 861/861/861
f 864/864/864 863/863/863 861/861/861
f 864/864/864 865/865/865 863/863/863
f 865/865/865 866/866/866 863/863/863
f 869/869/869 868/868/868 867/867/867
f 870/870/870 869/869/869 867/867/867
f 870/870/870 867/867/867 871/871/871
f 867/867/867 872/872/872 871/871/871
f 875/875/875 874/874/874 873/873/873
f 876/876/876 875/875/875 873/873/873
f 876/876/876 877/877/877 875/875/875
f 877/877/877 878/878/878 875/875/875
f 881/881/881 880/880/880 879/879/879
f 882/882/882 881/881/881 879/879/879
f 882/882/882 883/883/883 881/881/881
f 883/883/883 884/884/884 881/881/881
f 887/887/887 886/886/886 885/885/885
f 888/888/888 887/887/887 885/885/885
f 888/888/888 889/889/889 887/887/887
f 889/889/889 890/890/890 887/887/887
f 893/893/893 892/892/892 891/891/891
f 894/894/894 893/893/893 891/891/891
f 894/894/894 895/895/895 893/893/893
f 895/895/895 896/896/896 893/893/893
f 899/899/899 898/898/898 897/897/897
f 900/900/900 899/899/899 897/897/897
f 900/900/900 901/901/901 899/899/899
f 901/901/901 902/902/902 899/899/899
f 905/905/905 904/904/904 903/903/903
f 903/903/903 906/906/906 905/905/905
f 906/906/906 907/907/907 905/905/905
f 906/906/906 908/908/908 907/907/907
f 908/908/908 909/909/909 907/907/907
f 908/908/908 910/910/910 909/909/909
f 913/913/913 912/912/912 911/911/911
f 914/914/914 913/913/913 911/911/911
f 914/914/914 911/911/911 915/915/915
f 911/911/911 916/916/916 915/915/915
f 919/919/919 918/918/918 917/917/917
f 917/917/917 920/920/920 919/919/919
f 920/920/920 921/921/921 919/919/919
f 920/920/920 922/922/922 921/921/921
f 922/922/922 923/923/923 921/921/921
f 922/922/922 924/924/924 923/923/923
f 927/927/927 926/926/926 925/925/925
f 928/928/928 927/927/927 925/925/925
f 928/928/928 925/925/925 929/929/929
f 925/925/925 930/930/930 929/929/929
f 933/933/933 932/932/932 931/931/931
f 934/934/934 933/933/933 931/931/931
f 934/934/934 935/935/935 933/933/933
f 935/935/935 936/936/936 933/933/933
f 939/939/939 938/938/938 937/937/937
f 940/940/940 939/939/939 937/937/937
f 940/940/940 941/941/941 939/939/939
f 941/941/941 942/942/942 939/939/939
f 945/945/945 944/944/944 943/943/943
f 943/943/943 946/946/946 945/945/945
f 946/946/946 947/947/947 945/945/945
f 946/946/946 948/948/948 947/947/947
f 948/948/948 949/949/949 947/947/947
f 948/948/948 950/950/950 949/949/949
f 953/953/953 952/952/952 951/951/951
f 951/951/951 954/954/954 953/953/953
f 954/954/954 955/955/955 953/953/953
f 954/954/954 956/956/956 955/955/955
f 956/956/956 957/957/957 955/955/955
f 956/956/956 958/958/958 957/957/957
f 961/961/961 960/960/960 959/959/959
f 962/962/962 961/961/961 959/959/959
f 962/962/962 963/963/963 961/961/961
f 963/963/963 964/964/964 961/961/961
f 967/967/967 966/966/966 965/965/965
f 968/968/968 967/967/967 965/965/965
f 968/968/968 969/969/969 967/967/967
f 969/969/969 970/970/970 967/967/967
f 973/973/973 972/972/972 971/971/971
f 974/974/974 973/973/973 971/971/971
f 974/974/974 971/971/971 975/975/975
f 971/971/971 976/976/976 975/975/975
f 979/979/979 978/978/978 977/977/977
f 980/980/980 979/979/979 977/977/977
f 980/980/980 981/981/981 979/979/979
f 981/981/981 982/982/982 979/979/979
f 985/985/985 984/984/984 983/983/983
f 986/986/986 985/985/985 983/983/983
f 986/986/986 983/983/983 987/987/987
f 983/983/983 988/988/988 987/987/987
f 991/991/991 990/990/990 989/989/989
f 992/992/992 991/991/991 989/989/989
f 992/992/992 993/993/993 991/991/991
f 993/993/993 994/994/994 991/991/991
f 997/997/997 996/996/996 995/995/995
f 998/998/998 997/997/997 995/995/995
f 998/998/998 995/995/995 999/999/999
f 995/995/995 1000/1000/1000 999/999/999
f 1003/1003/1003 1002/1002/1002 1001/1001/1001
f 1004/1004/1004 1003/1003/1003 1001/1001/1001
f 1004/1004/1004 1001/1001/1001 1005/1005/1005
f 1001/1001/1001 1006/1006/1006 1005/1005/1005
f 1009/1009/1009 1008/1008/1008 1007/1007/1007
f 1010/1010/1010 1009/1009/1009 1007/1007/1007
f 1010/1010/1010 1011/1011/1011 1009/1009/1009
f 1011/1011/1011 1012/1012/1012 1009/1009/1009
f 1015/1015/1015 1014/1014/1014 1013/1013/1013
f 1013/1013/1013 1016/1016/1016 1015/1015/1015
f 1016/1016/1016 1017/1017/1017 1015/1015/1015
f 1016/1016/1016 1018/1018/1018 1017/1017/1017
f 1018/1018/1018 1019/1019/1019 1017/1017/1017
f 1018/1018/1018 1020/1020/1020 1019/1019/1019
f 1023/1023/1023 1022/1022/1022 1021/1021/1021
f 1024/1024/1024 1023/1023/1023 1021/1021/1021
f 1024/1024/1024 1021/1021/1021 1025/1025/1025
f 1021/1021/1021 1026/1026/1026 1025/1025/1025
f 1029/1029/1029 1028/1028/1028 1027/1027/1027
f 1030/1030/1030 1029/1029/1029 1027/1027/1027
f 1030/1030/1030 1027/1027/1027 1031/1031/1031
f 1027/1027/1027 1032/1032/1032 1031/1031/1031
f 1035/1035/1035 1034/1034/1034 1033/1033/1033
f 1036/1036/1036 1035/1035/1035 1033/1033/1033
f 1036/1036/1036 1033/1033/1033 1037/1037/1037
f 1033/1033/1033 1038/1038/1038 1037/1037/1037
f 1041/1041/1041 1040/1040/1040 1039/1039/1039
f 1042/1042/1042 1041/1041/1041 1039/1039/1039
f 1042/1042/1042 1039/1039/1039 1043/1043/1043
f 1039/1039/1039 1044/1044/1044 1043/1043/1043
f 1047/1047/1047 1046/1046/1046 1045/1045/1045
f 1048/1048/1048 1047/1047/1047 1045/1045/1045
f 1048/1048/1048 1045/1045/1045 1049/1049/1049
f 1045/1045/1045 1050/1050/1050 1049/1049/1049
f 1053/1053/1053 1052/1052/1052 1051/1051/1051
f 1054/1054/1054 1053/1053/1053 1051/1051/1051
f 1054/1054/1054 1055/1055/1055 1053/1053/1053
f 1055/1055/1055 1056/1056/1056 1053/1053/1053
f 1059/1059/1059 1058/1058/1058 1057/1057/1057
f 1057/1057/1057 1060/1060/1060 1059/1059/1059
f 1060/1060/1060 1061/1061/1061 1059/1059/1059
f 1060/1060/1060 1062/1062/1062 1061/1061/1061
f 1062/1062/1062 1063/1063/1063 1061/1061/1061
f 1062/1062/1062 1064/1064/1064 1063/1063/1063
f 1067/1067/1067 1066/1066/1066 1065/1065/1065
f 1068/1068/1068 1067/1067/1067 1065/1065/1065
f 1068/1068/1068 1069/1069/1069 1067/1067/1067
f 1069/1069/1069 1070/1070/1070 1067/1067/1067
f 1073/1073/1073 1072/1072/1072 1071/1071/1071
f 1074/1074/1074 1073/1073/1073 1071/1071/1071
f 1074/1074/1074 1075/1075/1075 1073/1073/1073
f 1075/1075/1075 1076/1076/1076 1073/1073/1073
f 1079/1079/1079 1078/1078/1078 1077/1077/1077
f 1080/1080/1080 1079/1079/1079 1077/1077/1077
f 1080/1080/1080 1081/1081/1081 1079/1079/1079
f 1081/1081/1081 1082/1082/1082 1079/1079/1079
f 1085/1085/1085 1084/1084/1084 1083/1083/1083
f 1086/1086/1086 1085/1085/1085 1083/1083/1083
f 1086/1086/1086 1087/1087/1087 1085/1085/1085
f 1087/1087/1087 1088/1088/1088 1085/1085/1085
f 1091/1091/1091 1090/1090/1090 1089/1089/1089
f 1092/1092/1092 1091/1091/1091 1089/1089/1089
f 1092/1092/1092 1089/1089/1089 1093/1093/1093
f 1089/1089/1089 1094/1094/1094 1093/1093/1093
f 1097/1097/1097 1096/1096/1096 1095/1095/1095
f 1098/1098/1098 1097/1097/1097 1095/1095/1095
f 1098/1098/1098 1095/1095/1095 1099/1099/1099
f 1095/1095/1095 1100/1100/1100 1099/1099/1099
f 1103/1103/1103 1102/1102/1102 1101/1101/1101
f 1104/1104/1104 1103/1103/1103 1101/1101/1101
f 1104/1104/1104 1105/1105/1105 1103/1103/1103
f 1105/1105/1105 1106/1106/1106 1103/1103/1103
f 1109/1109/1109 1108/1108/1108 1107/1107/1107
f 1107/1107/1107 1110/1110/1110 1109/1109/1109
f 1110/1110/1110 1111/1111/1111 1109/1109/1109
f 1110/1110/1110 1112/1112/1112 1111/1111/1111
f 1112/1112/1112 1113/1113/1113 1111/1111/1111
f 1112/1112/1112 1114/1114/1114 1113/1113/1113
f 1117/1117/1117 1116/1116/1116 1115/1115/1115
f 1115/1115/1115 1118/1118/1118 1117/1117/1117
f 1118/1118/1118 1119/1119/1119 1117/1117/1117
f 1118/1118/1118 1120/1120/1120 1119/1119/1119
f 1120/1120/1120 1121/1121/1121 1119/1119/1119
f 1120/1120/1120 1122/1122/1122 1121/1121/1121
f 1125/1125/1125 1124/1124/1124 1123/1123/1123
f 1123/1123/1123 1126/1126/1126 1125/1125/1125
f 1126/1126/1126 1127/1127/1127 1125/1125/1125
f 1126/1126/1126 1128/1128/1128 1127/1127/1127
f 1128/1128/1128 1129/1129/1129 1127/1127/1127
f 1128/1128/1128 1130/1130/1130 1129/1129/1129
f 1133/1133/1133 1132/1132/1132 1131/1131/1131
f 1134/1134/1134 1133/1133/1133 1131/1131/1131
f 1134/1134/1134 1131/1131/1131 1135/1135/1135
f 1131/1131/1131 1136/1136/1136 1135/1135/1135
f 1139/1139/1139 1138/1138/1138 1137/1137/1137
f 1137/1137/1137 1140/1140/1140 1139/1139/1139
f 1140/1140/1140 1141/1141/1141 1139/1139/1139
f 1140/1140/1140 1142/1142/1142 1141/1141/1141
f 1142/1142/1142 1143/1143/1143 1141/1141/1141
f 1142/1142/1142 1144/1144/1144 1143/1143/1143
f 1147/1147/1147 1146/1146/1146 1145/1145/1145
f 1148/1148/1148 1147/1147/1147 1145/1145/1145
f 1151/1151/1151 1150/1150/1150 1149/1149/1149
f 1152/1152/1152 1151/1151/1151 1149/1149/1149
f 1155/1155/1155 1154/1154/1154 1153/1153/1153
f 1156/1156/1156 1155/1155/1155 1153/1153/1153
f 1159/1159/1159 1158/1158/1158 1157/1157/1157
f 1160/1160/1160 1159/1159/1159 1157/1157/1157
f 1163/1163/1163 1162/1162/1162 1161/1161/1161
f 1164/1164/1164 1163/1163/1163 1161/1161/1161
f 1167/1167/1167 1166/1166/1166 1165/1165/1165
f 1168/1168/1168 1167/1167/1167 1165/1165/1165
f 1171/1171/1171 1170/1170/1170 1169/1169/1169
f 1172/1172/1172 1171/1171/1171 1169/1169/1169
f 1175/1175/1175 1174/1174/1174 1173/1173/1173
f 1176/1176/1176 1175/1175/1175 1173/1173/1173
f 1179/1179/1179 1178/1178/1178 1177/1177/1177
f 1180/1180/1180 1179/1179/1179 1177/1177/1177
f 1183/1183/1183 1182/1182/1182 1181/1181/1181
f 1184/1184/1184 1183/1183/1183 1181/1181/1181
f 1187/1187/1187 1186/1186/1186 1185/1185/1185
f 1188/1188/1188 1187/1187/1187 1185/1185/1185
f 1191/1191/1191 1190/1190/1190 1189/1189/1189
f 1192/1192/1192 1191/1191/1191 1189/1189/1189
f 1195/1195/1195 1194/1194/1194 1193/1193/1193
f 1196/1196/1196 1195/1195/1195 1193/1193/1193
f 1199/1199/1199 1198/1198/1198 1197/1197/1197
f 1200/1200/1200 1199/1199/1199 1197/1197/1197
f 1203/1203/1203 1202/1202/1202 1201/1201/1201
f 1204/1204/1204 1203/1203/1203 1201/1201/1201
f 1207/1207/1207 1206/1206/1206 1205/1205/1205
f 1208/1208/1208 1207/1207/1207 1205/1205/1205
f 1211/1211/1211 1210/1210/1210 1209/1209/1209
f 1212/1212/1212 1211/1211/1211 1209/1209/1209
f 1215/1215/1215 1214/1214/1214 1213/1213/1213
f 1216/1216/1216 1215/1215/1215 1213/1213/1213
f 1219/1219/1219 1218/1218/1218 1217/1217/1217
f 1220/1220/1220 1219/1219/1219 1217/1217/1217
f 1223/1223/1223 1222/1222/1222 1221/1221/1221
f 1224/1224/1224 1223/1223/1223 1221/1221/1221
f 1227/1227/1227 1226/1226/1226 1225/1225/1225
f 1228/1228/1228 1227/1227/1227 1225/1225/1225
f 1231/1231/1231 1230/1230/1230 1229/1229/1229
f 1232/1232/1232 1231/1231/1231 1229/1229/1229
f 1235/1235/1235 1234/1234/1234 1233/1233/1233
f 1236/1236/1236 1235/1235/1235 1233/1233/1233
f 1239/1239/1239 1238/1238/1238 1237/1237/1237
f 1240/1240/1240 1239/1239/1239 1237/1237/1237
f 1243/1243/1243 1242/1242/1242 1241/1241/1241
f 1244/1244/1244 1243/1243/1243 1241/1241/1241
f 1247/1247/1247 1246/1246/1246 1245/1245/1245
f 1248/1248/1248 1247/1247/1247 1245/1245/1245
f 1251/1251/1251 1250/1250/1250 1249/1249/1249
f 1252/1252/1252 1251/1251/1251 1249/1249/1249
f 1255/1255/1255 1254/1254/1254 1253/1253/1253
f 1256/1256/1256 1255/1255/1255 1253/1253/1253
f 1259/1259/1259 1258/1258/1258 1257/1257/1257
f 1260/1260/1260 1259/1259/1259 1257/1257/1257
f 1263/1263/1263 1262/1262/1262 1261/1261/1261
f 1264/1264/1264 1263/1263/1263 1261/1261/1261
f 1267/1267/1267 1266/1266/1266 1265/1265/1265
f 1268/1268/1268 1267/1267/1267 1265/1265/1265
f 1271/1271/1271 1270/1270/1270 1269/1269/1269
f 1272/1272/1272 1271/1271/1271 1269/1269/1269
f 1275/1275/1275 1274/1274/1274 1273/1273/1273
f 1276/1276/1276 1275/1275/1275 1273/1273/1273
f 1279/1279/1279 1278/1278/1278 1277/1277/1277
f 1280/1280/1280 1279/1279/1279 1277/1277/1277
f 1283/1283/1283 1282/1282/1282 1281/1281/1281
f 1284/1284/1284 1283/1283/1283 1281/1281/1281
f 1287/1287/1287 1286/1286/1286 1285/1285/1285
f 1288/1288/1288 1287/1287/1287 1285/1285/1285
f 1291/1291/1291 1290/1290/1290 1289/1289/1289
f 1292/1292/1292 1291/1291/1291 1289/1289/1289
f 1295/1295/1295 1294/1294/1294 1293/1293/1293
f 1296/1296/1296 1295/1295/1295 1293/1293/1293
f 1299/1299/1299 1298/1298/1298 1297/1297/1297
f 1300/1300/1300 1299/1299/1299 1297/1297/1297
f 1303/1303/1303 1302/1302/1302 1301/1301/1301
f 1304/1304/1304 1303/1303/1303 1301/1301/1301
f 1307/1307/1307 1306/1306/1306 1305/1305/1305
f 1308/1308/1308 1307/1307/1307 1305/1305/1305
f 1311/1311/1311 1310/1310/1310 1309/1309/1309
f 1312/1312/1312 1311/1311/1311 1309/1309/1309
f 1315/1315/1315 1314/1314/1314 1313/1313/1313
f 1316/1316/1316 1315/1315/1315 1313/1313/1313
f 1319/1319/1319 1318/1318/1318 1317/1317/1317
f 1320/1320/1320 1319/1319/1319 1317/1317/1317
f 1323/1323/1323 1322/1322/1322 1321/1321/1321
f 1324/1324/1324 1323/1323/1323 1321/1321/1321
f 1327/1327/1327 1326/1326/1326 1325/1325/1325
f 1328/1328/1328 1327/1327/1327 1325/1325/1325
f 1331/1331/1331 1330/1330/1330 1329/1329/1329
f 1332/1332/1332 1331/1331/1331 1329/1329/1329
f 1335/1335/1335 1334/1334/1334 1333/1333/1333
f 1336/1336/1336 1335/1335/1335 1333/1333/1333
f 1339/1339/1339 1338/1338/1338 1337/1337/1337
f 1338/1338/1338 1340/1340/1340 1337/1337/1337
f 1338/1338/1338 1341/1341/1341 1340/1340/1340
f 1341/1341/1341 1342/1342/1342 1340/1340/1340
f 1345/1345/1345 1344/1344/1344 1343/1343/1343
f 1346/1346/1346 1345/1345/1345 1343/1343/1343
f 1346/1346/1346 1343/1343/1343 1347/1347/1347
f 1348/1348/1348 1346/1346/1346 1347/1347/1347
f 1351/1351/1351 1350/1350/1350 1349/1349/1349
f 1352/1352/1352 1351/1351/1351 1349/1349/1349
f 1355/1355/1355 1354/1354/1354 1353/1353/1353
f 1354/1354/1354 1356/1356/1356 1353/1353/1353
f 1353/1353/1353 1356/1356/1356 1357/1357/1357
f 1356/1356/1356 1358/1358/1358 1357/1357/1357
f 1361/1361/1361 1360/1360/1360 1359/1359/1359
f 1362/1362/1362 1361/1361/1361 1359/1359/1359
f 1365/1365/1365 1364/1364/1364 1363/1363/1363
f 1366/1366/1366 1365/1365/1365 1363/1363/1363
f 1369/1369/1369 1368/1368/1368 1367/1367/1367
f 1370/1370/1370 1369/1369/1369 1367/1367/1367
f 1373/1373/1373 1372/1372/1372 1371/1371/1371
f 1374/1374/1374 1373/1373/1373 1371/1371/1371
f 1377/1377/1377 1376/1376/1376 1375/1375/1375
f 1378/1378/1378 1377/1377/1377 1375/1375/1375
f 1381/1381/1381 1380/1380/1380 1379/1379/1379
f 1382/1382/1382 1381/1381/1381 1379/1379/1379
f 1385/1385/1385 1384/1384/1384 1383/1383/1383
f 1386/1386/1386 1385/1385/1385 1383/1383/1383
f 1389/1389/1389 1388/1388/1388 1387/1387/1387
f 1390/1390/1390 1389/1389/1389 1387/1387/1387
f 1393/1393/1393 1392/1392/1392 1391/1391/1391
f 1394/1394/1394 1393/1393/1393 1391/1391/1391
f 1397/1397/1397 1396/1396/1396 1395/1395/1395
f 1398/1398/1398 1397/1397/1397 1395/1395/1395
f 1401/1401/1401 1400/1400/1400 1399/1399/1399
f 1402/1402/1402 1401/1401/1401 1399/1399/1399
f 1405/1405/1405 1404/1404/1404 1403/1403/1403
f 1406/1406/1406 1405/1405/1405 1403/1403/1403
f 1409/1409/1409 1408/1408/1408 1407/1407/1407
f 1410/1410/1410 1409/1409/1409 1407/1407/1407
f 1413/1413/1413 1412/1412/1412 1411/1411/1411
f 1414/1414/1414 1413/1413/1413 1411/1411/1411
f 1417/1417/1417 1416/1416/1416 1415/1415/1415
f 1418/1418/1418 1417/1417/1417 1415/1415/1415
f 1421/1421/1421 1420/1420/1420 1419/1419/1419
f 1422/1422/1422 1421/1421/1421 1419/1419/1419
f 1425/1425/1425 1424/1424/1424 1423/1423/1423
f 1426/1426/1426 1425/1425/1425 1423/1423/1423
f 1429/1429/1429 1428/1428/1428 1427/1427/1427
f 1430/1430/1430 1429/1429/1429 1427/1427/1427
f 1433/1433/1433 1432/1432/1432 1431/1431/1431
f 1434/1434/1434 1433/1433/1433 1431/1431/1431
f 1437/1437/1437 1436/1436/1436 1435/1435/1435
f 1438/1438/1438 1437/1437/1437 1435/1435/1435
f 1441/1441/1441 1440/1440/1440 1439/1439/1439
f 1442/1442/1442 1441/1441/1441 1439/1439/1439
f 1445/1445/1445 1444/1444/1444 1443/1443/1443
f 1446/1446/1446 1445/1445/1445 1443/1443/1443
f 1449/1449/1449 1448/1448/1448 1447/1447/1447
f 1450/1450/1450 1449/1449/1449 1447/1447/1447
f 1453/1453/1453 1452/1452/1452 1451/1451/1451
f 1454/1454/1454 1453/1453/1453 1451/1451/1451
f 1457/1457/1457 1456/1456/1456 1455/1455/1455
f 1458/1458/1458 1457/1457/1457 1455/1455/1455
f 1461/1461/1461 1460/1460/1460 1459/1459/1459
f 1462/1462/1462 1461/1461/1461 1459/1459/1459
f 1465/1465/1465 1464/1464/1464 1463/1463/1463
f 1466/1466/1466 1465/1465/1465 1463/1463/1463
f 1469/1469/1469 1468/1468/1468 1467/1467/1467
f 1468/1468/1468 1470/1470/1470 1467/1467/1467
f 1468/1468/1468 1471/1471/1471 1470/1470/1470
f 1471/1471/1471 1472/1472/1472 1470/1470/1470
f 1475/1475/1475 1474/1474/1474 1473/1473/1473
f 1476/1476/1476 1475/1475/1475 1473/1473/1473
f 1476/1476/1476 1473/1473/1473 1477/1477/1477
f 1478/1478/1478 1476/1476/1476 1477/1477/1477
f 1481/1481/1481 1480/1480/1480 1479/1479/1479
f 1482/1482/1482 1481/1481/1481 1479/1479/1479
f 1485/1485/1485 1484/1484/1484 1483/1483/1483
f 1484/1484/1484 1486/1486/1486 1483/1483/1483
f 1483/1483/1483 1486/1486/1486 1487/1487/1487
f 1486/1486/1486 1488/1488/1488 1487/1487/1487
f 1491/1491/1491 1490/1490/1490 1489/1489/1489
f 1492/1492/1492 1491/1491/1491 1489/1489/1489
f 1495/1495/1495 1494/1494/1494 1493/1493/1493
f 1496/1496/1496 1495/1495/1495 1493/1493/1493
f 1499/1499/1499 1498/1498/1498 1497/1497/1497
f 1500/1500/1500 1499/1499/1499 1497/1497/1497
f 1503/1503/1503 1502/1502/1502 1501/1501/1501
f 1504/1504/1504 1503/1503/1503 1501/1501/1501
f 1507/1507/1507 1506/1506/1506 1505/1505/1505
f 1508/1508/1508 1507/1507/1507 1505/1505/1505
f 1511/1511/1511 1510/1510/1510 1509/1509/1509
f 1512/1512/1512 1511/1511/1511 1509/1509/1509
f 1515/1515/1515 1514/1514/1514 1513/1513/1513
f 1516/1516/1516 1515/1515/1515 1513/1513/1513
f 1519/1519/1519 1518/1518/1518 1517/1517/1517
f 1520/1520/1520 1519/1519/1519 1517/1517/1517
f 1520/1520/1520 1517/1517/1517 1521/1521/1521
f 1517/1517/1517 1522/1522/1522 1521/1521/1521
f 1525/1525/1525 1524/1524/1524 1523/1523/1523
f 1526/1526/1526 1525/1525/1525 1523/1523/1523
f 1526/1526/1526 1527/1527/1527 1525/1525/1525
f 1527/1527/1527 1528/1528/1528 1525/1525/1525
f 1531/1531/1531 1530/1530/1530 1529/1529/1529
f 1532/1532/1532 1531/1531/1531 1529/1529/1529
f 1532/1532/1532 1529/1529/1529 1533/1533/1533
f 1529/1529/1529 1534/1534/1534 1533/1533/1533
f 1537/1537/1537 1536/1536/1536 1535/1535/1535
f 1538/1538/1538 1537/1537/1537 1535/1535/1535
f 1538/1538/1538 1539/1539/1539 1537/1537/1537
f 1539/1539/1539 1540/1540/1540 1537/1537/1537
f 1543/1543/1543 1542/1542/1542 1541/1541/1541
f 1544/1544/1544 1543/1543/1543 1541/1541/1541
f 1544/1544/1544 1541/1541/1541 1545/1545/1545
f 1541/1541/1541 1546/1546/1546 1545/1545/1545
f 1549/1549/1549 1548/1548/1548 1547/1547/1547
f 1550/1550/1550 1549/1549/1549 1547/1547/1547
f 1550/1550/1550 1551/1551/1551 1549/1549/1549
f 1551/1551/1551 1552/1552/1552 1549/1549/1549
f 1555/1555/1555 1554/1554/1554 1553/1553/1553
f 1556/1556/1556 1555/1555/1555 1553/1553/1553
f 1556/1556/1556 1557/1557/1557 1555/1555/1555
f 1557/1557/1557 1558/1558/1558 1555/1555/1555
f 1561/1561/1561 1560/1560/1560 1559/1559/1559
f 1562/1562/1562 1561/1561/1561 1559/1559/1559
f 1562/1562/1562 1559/1559/1559 1563/1563/1563
f 1559/1559/1559 1564/1564/1564 1563/1563/1563
f 1567/1567/1567 1566/1566/1566 1565/1565/1565
f 1565/1565/1565 1568/1568/1568 1567/1567/1567
f 1568/1568/1568 1569/1569/1569 1567/1567/1567
f 1568/1568/1568 1570/1570/1570 1569/1569/1569
f 1570/1570/1570 1571/1571/1571 1569/1569/1569
f 1570/1570/1570 1572/1572/1572 1571/1571/1571
f 1575/1575/1575 1574/1574/1574 1573/1573/1573
f 1573/1573/1573 1576/1576/1576 1575/1575/1575
f 1576/1576/1576 1577/1577/1577 1575/1575/1575
f 1576/1576/1576 1578/1578/1578 1577/1577/1577
f 1578/1578/1578 1579/1579/1579 1577/1577/1577
f 1578/1578/1578 1580/1580/1580 1579/1579/1579
f 1583/1583/1583 1582/1582/1582 1581/1581/1581
f 1584/1584/1584 1583/1583/1583 1581/1581/1581
f 1584/1584/1584 1581/1581/1581 1585/1585/1585
f 1581/1581/1581 1586/1586/1586 1585/1585/1585
f 1589/1589/1589 1588/1588/1588 1587/1587/1587
f 1590/1590/1590 1589/1589/1589 1587/1587/1587
f 1590/1590/1590 1591/1591/1591 1589/1589/1589
f 1591/1591/1591 1592/1592/1592 1589/1589/1589
f 1595/1595/1595 1594/1594/1594 1593/1593/1593
f 1596/1596/1596 1595/1595/1595 1593/1593/1593
f 1596/1596/1596 1593/1593/1593 1597/1597/1597
f 1593/1593/1593 1598/1598/1598 1597/1597/1597
f 1601/1601/1601 1600/1600/1600 1599/1599/1599
f 1602/1602/1602 1601/1601/1601 1599/1599/1599
f 1602/1602/1602 1603/1603/1603 1601/1601/1601
f 1603/1603/1603 1604/1604/1604 1601/1601/1601
f 1607/1607/1607 1606/1606/1606 1605/1605/1605
f 1608/1608/1608 1607/1607/1607 1605/1605/1605
f 1608/1608/1608 1605/1605/1605 1609/1609/1609
f 1605/1605/1605 1610/1610/1610 1609/1609/1609
f 1613/1613/1613 1612/1612/1612 1611/1611/1611
f 1614/1614/1614 1613/1613/1613 1611/1611/1611
f 1614/1614/1614 1615/1615/1615 1613/1613/1613
f 1615/1615/1615 1616/1616/1616 1613/1613/1613
f 1619/1619/1619 1618/1618/1618 1617/1617/1617
f 1620/1620/1620 1619/1619/1619 1617/1617/1617
f 1620/1620/1620 1621/1621/1621 1619/1619/1619
f 1621/1621/1621 1622/1622/1622 1619/1619/1619
f 1625/1625/1625 1624/1624/1624 1623/1623/1623
f 1626/1626/1626 1625/1625/1625 1623/1623/1623
f 1626/1626/1626 1623/1623/1623 1627/1627/1627
f 1623/1623/1623 1628/1628/1628 1627/1627/1627
f 1631/1631/1631 1630/1630/1630 1629/1629/1629
f 1629/1629/1629 1632/1632/1632 1631/1631/1631
f 1632/1632/1632 1633/1633/1633 1631/1631/1631
f 1632/1632/1632 1634/1634/1634 1633/1633/1633
f 1634/1634/1634 1635/1635/1635 1633/1633/1633
f 1634/1634/1634 1636/1636/1636 1635/1635/1635
f 1639/1639/1639 1638/1638/1638 1637/1637/1637
f 1637/1637/1637 1640/1640/1640 1639/1639/1639
f 1640/1640/1640 1641/1641/1641 1639/1639/1639
f 1640/1640/1640 1642/1642/1642 1641/1641/1641
f 1642/1642/1642 1643/1643/1643 1641/1641/1641
f 1642/1642/1642 1644/1644/1644 1643/1643/1643
f 1647/1647/1647 1646/1646/1646 1645/1645/1645
f 1648/1648/1648 1647/1647/1647 1645/1645/1645
f 1648/1648/1648 1645/1645/1645 1649/1649/1649
f 1645/1645/1645 1650/1650/1650 1649/1649/1649
f 1653/1653/1653 1652/1652/1652 1651/1651/1651
f 1654/1654/1654 1653/1653/1653 1651/1651/1651
f 1654/1654/1654 1655/1655/1655 1653/1653/1653
f 1655/1655/1655 1656/1656/1656 1653/1653/1653
f 1659/1659/1659 1658/1658/1658 1657/1657/1657
f 1660/1660/1660 1659/1659/1659 1657/1657/1657
f 1660/1660/1660 1657/1657/1657 1661/1661/1661
f 1657/1657/1657 1662/1662/1662 1661/1661/1661
f 1665/1665/1665 1664/1664/1664 1663/1663/1663
f 1666/1666/1666 1665/1665/1665 1663/1663/1663
f 1666/1666/1666 1667/1667/1667 1665/1665/1665
f 1667/1667/1667 1668/1668/1668 1665/1665/1665
f 1671/1671/1671 1670/1670/1670 1669/1669/1669
f 1672/1672/1672 1671/1671/1671 1669/1669/1669
f 1672/1672/1672 1669/1669/1669 1673/1673/1673
f 1669/1669/1669 1674/1674/1674 1673/1673/1673
f 1677/1677/1677 1676/1676/1676 1675/1675/1675
f 1678/1678/1678 1677/1677/1677 1675/1675/1675
f 1678/1678/1678 1679/1679/1679 1677/1677/1677
f 1679/1679/1679 1680/1680/1680 1677/1677/1677
f 1683/1683/1683 1682/1682/1682 1681/1681/1681
f 1684/1684/1684 1683/1683/1683 1681/1681/1681
f 1684/1684/1684 1685/1685/1685 1683/1683/1683
f 1685/1685/1685 1686/1686/1686 1683/1683/1683
f 1689/1689/1689 1688/1688/1688 1687/1687/1687
f 1690/1690/1690 1689/1689/1689 1687/1687/1687
f 1690/1690/1690 1687/1687/1687 1691/1691/1691
f 1687/1687/1687 1692/1692/1692 1691/1691/1691
f 1695/1695/1695 1694/1694/1694 1693/1693/1693
f 1693/1693/1693 1696/1696/1696 1695/1695/1695
f 1696/1696/1696 1697/1697/1697 1695/1695/1695
f 1696/1696/1696 1698/1698/1698 1697/1697/1697
f 1698/1698/1698 1699/1699/1699 1697/1697/1697
f 1698/1698/1698 1700/1700/1700 1699/1699/1699
f 1703/1703/1703 1702/1702/1702 1701/1701/1701
f 1701/1701/1701 1704/1704/1704 1703/1703/1703
f 1704/1704/1704 1705/1705/1705 1703/1703/1703
f 1704/1704/1704 1706/1706/1706 1705/1705/1705
f 1706/1706/1706 1707/1707/1707 1705/1705/1705
f 1706/1706/1706 1708/1708/1708 1707/1707/1707
f 1711/1711/1711 1710/1710/1710 1709/1709/1709
f 1712/1712/1712 1711/1711/1711 1709/1709/1709
f 1712/1712/1712 1709/1709/1709 1713/1713/1713
f 1709/1709/1709 1714/1714/1714 1713/1713/1713
f 1717/1717/1717 1716/1716/1716 1715/1715/1715
f 1718/1718/1718 1717/1717/1717 1715/1715/1715
f 1718/1718/1718 1719/1719/1719 1717/1717/1717
f 1719/1719/1719 1720/1720/1720 1717/1717/1717
f 1723/1723/1723 1722/1722/1722 1721/1721/1721
f 1724/1724/1724 1723/1723/1723 1721/1721/1721
f 1724/1724/1724 1721/1721/1721 1725/1725/1725
f 1721/1721/1721 1726/1726/1726 1725/1725/1725
f 1729/1729/1729 1728/1728/1728 1727/1727/1727
f 1730/1730/1730 1729/1729/1729 1727/1727/1727
f 1730/1730/1730 1731/1731/1731 1729/1729/1729
f 1731/1731/1731 1732/1732/1732 1729/1729/1729
f 1735/1735/1735 1734/1734/1734 1733/1733/1733
f 1736/1736/1736 1735/1735/1735 1733/1733/1733
f 1736/1736/1736 1733/1733/1733 1737/1737/1737
f 1733/1733/1733 1738/1738/1738 1737/1737/1737
f 1741/1741/1741 1740/1740/1740 1739/1739/1739
f 1742/1742/1742 1741/1741/1741 1739/1739/1739
f 1742/1742/1742 1743/1743/1743 1741/1741/1741
f 1743/1743/1743 1744/1744/1744 1741/1741/1741
f 1747/1747/1747 1746/1746/1746 1745/1745/1745
f 1748/1748/1748 1747/1747/1747 1745/1745/1745
f 1748/1748/1748 1749/1749/1749 1747/1747/1747
f 1749/1749/1749 1750/1750/1750 1747/1747/1747
f 1753/1753/1753 1752/1752/1752 1751/1751/1751
f 1754/1754/1754 1753/1753/1753 1751/1751/1751
f 1754/1754/1754 1751/1751/1751 1755/1755/1755
f 1751/1751/1751 1756/1756/1756 1755/1755/1755
f 1759/1759/1759 1758/1758/1758 1757/1757/1757
f 1757/1757/1757 1760/1760/1760 1759/1759/1759
f 1760/1760/1760 1761/1761/1761 1759/1759/1759
f 1760/1760/1760 1762/1762/1762 1761/1761/1761
f 1762/1762/1762 1763/1763/1763 1761/1761/1761
f 1762/1762/1762 1764/1764/1764 1763/1763/1763
f 1767/1767/1767 1766/1766/1766 1765/1765/1765
f 1765/1765/1765 1768/1768/1768 1767/1767/1767
f 1768/1768/1768 1769/1769/1769 1767/1767/1767
f 1768/1768/1768 1770/1770/1770 1769/1769/1769
f 1770/1770/1770 1771/1771/1771 1769/1769/1769
f 1770/1770/1770 1772/1772/1772 1771/1771/1771
f 1775/1775/1775 1774/1774/1774 1773/1773/1773
f 1776/1776/1776 1775/1775/1775 1773/1773/1773
f 1776/1776/1776 1773/1773/1773 1777/1777/1777
f 1773/1773/1773 1778/1778/1778 1777/1777/1777
f 1781/1781/1781 1780/1780/1780 1779/1779/1779
f 1782/1782/1782 1781/1781/1781 1779/1779/1779
f 1782/1782/1782 1783/1783/1783 1781/1781/1781
f 1783/1783/1783 1784/1784/1784 1781/1781/1781
f 1787/1787/1787 1786/1786/1786 1785/1785/1785
f 1788/1788/1788 1787/1787/1787 1785/1785/1785
f 1788/1788/1788 1785/1785/1785 1789/1789/1789
f 1785/1785/1785 1790/1790/1790 1789/1789/1789
f 1793/1793/1793 1792/1792/1792 1791/1791/1791
f 1794/1794/1794 1793/1793/1793 1791/1791/1791
f 1794/1794/1794 1795/1795/1795 1793/1793/1793
f 1795/1795/1795 1796/1796/1796 1793/1793/1793
f 1799/1799/1799 1798/1798/1798 1797/1797/1797
f 1800/1800/1800 1799/1799/1799 1797/1797/1797
f 1800/1800/1800 1797/1797/1797 1801/1801/1801
f 1797/1797/1797 1802/1802/1802 1801/1801/1801
f 1805/1805/1805 1804/1804/1804 1803/1803/1803
f 1806/1806/1806 1805/1805/1805 1803/1803/1803
f 1806/1806/1806 1807/1807/1807 1805/1805/1805
f 1807/1807/1807 1808/1808/1808 1805/1805/1805
f 1811/1811/1811 1810/1810/1810 1809/1809/1809
f 1812/1812/1812 1811/1811/1811 1809/1809/1809
f 1812/1812/1812 1813/1813/1813 1811/1811/1811
f 1813/1813/1813 1814/1814/1814 1811/1811/1811
f 1817/1817/1817 1816/1816/1816 1815/1815/1815
f 1818/1818/1818 1817/1817/1817 1815/1815/1815
f 1818/1818/1818 1815/1815/1815 1819/1819/1819
f 1815/1815/1815 1820/1820/1820 1819/1819/1819
f 1823/1823/1823 1822/1822/1822 1821/1821/1821
f 1821/1821/1821 1824/1824/1824 1823/1823/1823
f 1824/1824/1824 1825/1825/1825 1823/1823/1823
f 1824/1824/1824 1826/1826/1826 1825/1825/1825
f 1826/1826/1826 1827/1827/1827 1825/1825/1825
f 1826/1826/1826 1828/1828/1828 1827/1827/1827
f 1831/1831/1831 1830/1830/1830 1829/1829/1829
f 1829/1829/1829 1832/1832/1832 1831/1831/1831
f 1832/1832/1832 1833/1833/1833 1831/1831/1831
f 1832/1832/1832 1834/1834/1834 1833/1833/1833
f 1834/1834/1834 1835/1835/1835 1833/1833/1833
f 1834/1834/1834 1836/1836/1836 1835/1835/1835
f 1839/1839/1839 1838/1838/1838 1837/1837/1837
f 1840/1840/1840 1839/1839/1839 1837/1837/1837
f 1840/1840/1840 1837/1837/1837 1841/1841/1841
f 1837/1837/1837 1842/1842/1842 1841/1841/1841
f 1845/1845/1845 1844/1844/1844 1843/1843/1843
f 1846/1846/1846 1845/1845/1845 1843/1843/1843
f 1846/1846/1846 1847/1847/1847 1845/1845/1845
f 1847/1847/1847 1848/1848/1848 1845/1845/1845
f 1851/1851/1851 1850/1850/1850 1849/1849/1849
f 1852/1852/1852 1851/1851/1851 1849/1849/1849
f 1852/1852/1852 1849/1849/1849 1853/1853/1853
f 1849/1849/1849 1854/1854/1854 1853/1853/1853
f 1857/1857/1857 1856/1856/1856 1855/1855/1855
f 1858/1858/1858 1857/1857/1857 1855/1855/1855
f 1858/1858/1858 1859/1859/1859 1857/1857/1857
f 1859/1859/1859 1860/1860/1860 1857/1857/1857
f 1863/1863/1863 1862/1862/1862 1861/1861/1861
f 1864/1864/1864 1863/1863/1863 1861/1861/1861
f 1864/1864/1864 1861/1861/1861 1865/1865/1865
f 1861/1861/1861 1866/1866/1866 1865/1865/1865
f 1869/1869/1869 1868/1868/1868 1867/1867/1867
f 1870/1870/1870 1869/1869/1869 1867/1867/1867
f 1870/1870/1870 1871/1871/1871 1869/1869/1869
f 1871/1871/1871 1872/1872/1872 1869/1869/1869
f 1875/1875/1875 1874/1874/1874 1873/1873/1873
f 1876/1876/1876 1875/1875/1875 1873/1873/1873
f 1876/1876/1876 1877/1877/1877 1875/1875/1875
f 1877/1877/1877 1878/1878/1878 1875/1875/1875
f 1881/1881/1881 1880/1880/1880 1879/1879/1879
f 1882/1882/1882 1881/1881/1881 1879/1879/1879
f 1882/1882/1882 1879/1879/1879 1883/1883/1883
f 1879/1879/1879 1884/1884/1884 1883/1883/1883
f 1887/1887/1887 1886/1886/1886 1885/1885/1885
f 1885/1885/1885 1888/1888/1888 1887/1887/1887
f 1888/1888/1888 1889/1889/1889 1887/1887/1887
f 1888/1888/1888 1890/1890/1890 1889/1889/1889
f 1890/1890/1890 1891/1891/1891 1889/1889/1889
f 1890/1890/1890 1892/1892/1892 1891/1891/1891
f 1895/1895/1895 1894/1894/1894 1893/1893/1893
f 1893/1893/1893 1896/1896/1896 1895/1895/1895
f 1896/1896/1896 1897/1897/1897 1895/1895/1895
f 1896/1896/1896 1898/1898/1898 1897/1897/1897
f 1898/1898/1898 1899/1899/1899 1897/1897/1897
f 1898/1898/1898 1900/1900/1900 1899/1899/1899
f 1903/1903/1903 1902/1902/1902 1901/1901/1901
f 1904/1904/1904 1903/1903/1903 1901/1901/1901
f 1904/1904/1904 1901/1901/1901 1905/1905/1905
f 1901/1901/1901 1906/1906/1906 1905/1905/1905
f 1909/1909/1909 1908/1908/1908 1907/1907/1907
f 1910/1910/1910 1909/1909/1909 1907/1907/1907
f 1910/1910/1910 1911/1911/1911 1909/1909/1909
f 1911/1911/1911 1912/1912/1912 1909/1909/1909
f 1915/1915/1915 1914/1914/1914 1913/1913/1913
f 1916/1916/1916 1915/1915/1915 1913/1913/1913
f 1916/1916/1916 1913/1913/1913 1917/1917/1917
f 1913/1913/1913 1918/1918/1918 1917/1917/1917
f 1921/1921/1921 1920/1920/1920 1919/1919/1919
f 1922/1922/1922 1921/1921/1921 1919/1919/1919
f 1922/1922/1922 1923/1923/1923 1921/1921/1921
f 1923/1923/1923 1924/1924/1924 1921/1921/1921
f 1927/1927/1927 1926/1926/1926 1925/1925/1925
f 1928/1928/1928 1927/1927/1927 1925/1925/1925
f 1928/1928/1928 1925/1925/1925 1929/1929/1929
f 1925/1925/1925 1930/1930/1930 1929/1929/1929
f 1933/1933/1933 1932/1932/1932 1931/1931/1931
f 1934/1934/1934 1933/1933/1933 1931/1931/1931
f 1934/1934/1934 1935/1935/1935 1933/1933/1933
f 1935/1935/1935 1936/1936/1936 1933/1933/1933
f 1939/1939/1939 1938/1938/1938 1937/1937/1937
f 1940/1940/1940 1939/1939/1939 1937/1937/1937
f 1940/1940/1940 1941/1941/1941 1939/1939/1939
f 1941/1941/1941 1942/1942/1942 1939/1939/1939
f 1945/1945/1945 1944/1944/1944 1943/1943/1943
f 1946/1946/1946 1945/1945/1945 1943/1943/1943
f 1946/1946/1946 1943/1943/1943 1947/1947/1947
f 1943/1943/1943 1948/1948/1948 1947/1947/1947
f 1951/1951/1951 1950/1950/1950 1949/1949/1949
f 1949/1949/1949 1952/1952/1952 1951/1951/1951
f 1952/1952/1952 1953/1953/1953 1951/1951/1951
f 1952/1952/1952 1954/1954/1954 1953/1953/1953
f 1954/1954/1954 1955/1955/1955 1953/1953/1953
f 1954/1954/1954 1956/1956/1956 1955/1955/1955
f 1959/1959/1959 1958/1958/1958 1957/1957/1957
f 1957/1957/1957 1960/1960/1960 1959/1959/1959
f 1960/1960/1960 1961/1961/1961 1959/1959/1959
f 1960/1960/1960 1962/1962/1962 1961/1961/1961
f 1962/1962/1962 1963/1963/1963 1961/1961/1961
f 1962/1962/1962 1964/1964/1964 1963/1963/1963
f 1967/1967/1967 1966/1966/1966 1965/1965/1965
f 1968/1968/1968 1967/1967/1967 1965/1965/1965
f 1968/1968/1968 1965/1965/1965 1969/1969/1969
f 1965/1965/1965 1970/1970/1970 1969/1969/1969
f 1973/1973/1973 1972/1972/1972 1971/1971/1971
f 1974/1974/1974 1973/1973/1973 1971/1971/1971
f 1974/1974/1974 1975/1975/1975 1973/1973/1973
f 1975/1975/1975 1976/1976/1976 1973/1973/1973
f 1979/1979/1979 1978/1978/1978 1977/1977/1977
f 1980/1980/1980 1979/1979/1979 1977/1977/1977
f 1980/1980/1980 1977/1977/1977 1981/1981/1981
f 1977/1977/1977 1982/1982/1982 1981/1981/1981
f 1985/1985/1985 1984/1984/1984 1983/1983/1983
f 1986/1986/1986 1985/1985/1985 1983/1983/1983
f 1986/1986/1986 1987/1987/1987 1985/1985/1985
f 1987/1987/1987 1988/1988/1988 1985/1985/1985
f 1991/1991/1991 1990/1990/1990 1989/1989/1989
f 1992/1992/1992 1991/1991/1991 1989/1989/1989
f 1992/1992/1992 1989/1989/1989 1993/1993/1993
f 1989/1989/1989 1994/1994/1994 1993/1993/1993
f 1997/1997/1997 1996/1996/1996 1995/1995/1995
f 1998/1998/1998 1997/1997/1997 1995/1995/1995
f 1998/1998/1998 1999/1999/1999 1997/1997/1997
f 1999/1999/1999 2000/2000/2000 1997/1997/1997
f 2003/2003/2003 2002/2002/2002 2001/2001/2001
f 2004/2004/2004 2003/2003/2003 2001/2001/2001
f 2004/2004/2004 2005/2005/2005 2003/2003/2003
f 2005/2005/2005 2006/2006/2006 2003/2003/2003
f 2009/2009/2009 2008/2008/2008 2007/2007/2007
f 2010/2010/2010 2009/2009/2009 2007/2007/2007
f 2010/2010/2010 2007/2007/2007 2011/2011/2011
f 2007/2007/2007 2012/2012/2012 2011/2011/2011
f 2015/2015/2015 2014/2014/2014 2013/2013/2013
f 2013/2013/2013 2016/2016/2016 2015/2015/2015
f 2016/2016/2016 2017/2017/2017 2015/2015/2015
f 2016/2016/2016 2018/2018/2018 2017/2017/2017
f 2018/2018/2018 2019/2019/2019 2017/2017/2017
f 2018/2018/2018 2020/2020/2020 2019/2019/2019
f 2023/2023/2023 2022/2022/2022 2021/2021/2021
f 2021/2021/2021 2024/2024/2024 2023/2023/2023
f 2024/2024/2024 2025/2025/2025 2023/2023/2023
f 2024/2024/2024 2026/2026/2026 2025/2025/2025
f 2026/2026/2026 2027/2027/2027 2025/2025/2025
f 2026/2026/2026 2028/2028/2028 2027/2027/2027
f 2031/2031/2031 2030/2030/2030 2029/2029/2029
f 2032/2032/2032 2031/2031/2031 2029/2029/2029
f 2032/2032/2032 2029/2029/2029 2033/2033/2033
f 2029/2029/2029 2034/2034/2034 2033/2033/2033
f 2037/2037/2037 2036/2036/2036 2035/2035/2035
f 2038/2038/2038 2037/2037/2037 2035/2035/2035
f 2038/2038/2038 2039/2039/2039 2037/2037/2037
f 2039/2039/2039 2040/2040/2040 2037/2037/2037
f 2043/2043/2043 2042/2042/2042 2041/2041/2041
f 2044/2044/2044 2043/2043/2043 2041/2041/2041
f 2044/2044/2044 2041/2041/2041 2045/2045/2045
f 2041/2041/2041 2046/2046/2046 2045/2045/2045
f 2049/2049/2049 2048/2048/2048 2047/2047/2047
f 2050/2050/2050 2049/2049/2049 2047/2047/2047
f 2050/2050/2050 2051/2051/2051 2049/2049/2049
f 2051/2051/2051 2052/2052/2052 2049/2049/2049
f 2055/2055/2055 2054/2054/2054 2053/2053/2053
f 2056/2056/2056 2055/2055/2055 2053/2053/2053
f 2056/2056/2056 2053/2053/2053 2057/2057/2057
f 2053/2053/2053 2058/2058/2058 2057/2057/2057
f 2061/2061/2061 2060/2060/2060 2059/2059/2059
f 2062/2062/2062 2061/2061/2061 2059/2059/2059
f 2062/2062/2062 2063/2063/2063 2061/2061/2061
f 2063/2063/2063 2064/2064/2064 2061/2061/2061
f 2067/2067/2067 2066/2066/2066 2065/2065/2065
f 2068/2068/2068 2067/2067/2067 2065/2065/2065
f 2068/2068/2068 2069/2069/2069 2067/2067/2067
f 2069/2069/2069 2070/2070/2070 2067/2067/2067
f 2073/2073/2073 2072/2072/2072 2071/2071/2071
f 2074/2074/2074 2073/2073/2073 2071/2071/2071
f 2074/2074/2074 2071/2071/2071 2075/2075/2075
f 2071/2071/2071 2076/2076/2076 2075/2075/2075
f 2079/2079/2079 2078/2078/2078 2077/2077/2077
f 2077/2077/2077 2080/2080/2080 2079/2079/2079
f 2080/2080/2080 2081/2081/2081 2079/2079/2079
f 2080/2080/2080 2082/2082/2082 2081/2081/2081
f 2082/2082/2082 2083/2083/2083 2081/2081/2081
f 2082/2082/2082 2084/2084/2084 2083/2083/2083
f 2087/2087/2087 2086/2086/2086 2085/2085/2085
f 2085/2085/2085 2088/2088/2088 2087/2087/2087
f 2088/2088/2088 2089/2089/2089 2087/2087/2087
f 2088/2088/2088 2090/2090/2090 2089/2089/2089
f 2090/2090/2090 2091/2091/2091 2089/2089/2089
f 2090/2090/2090 2092/2092/2092 2091/2091/2091
f 2095/2095/2095 2094/2094/2094 2093/2093/2093
f 2096/2096/2096 2095/2095/2095 2093/2093/2093
f 2096/2096/2096 2093/2093/2093 2097/2097/2097
f 2093/2093/2093 2098/2098/2098 2097/2097/2097
f 2101/2101/2101 2100/2100/2100 2099/2099/2099
f 2102/2102/2102 2101/2101/2101 2099/2099/2099
f 2102/2102/2102 2103/2103/2103 2101/2101/2101
f 2103/2103/2103 2104/2104/2104 2101/2101/2101
f 2107/2107/2107 2106/2106/2106 2105/2105/2105
f 2108/2108/2108 2107/2107/2107 2105/2105/2105
f 2108/2108/2108 2105/2105/2105 2109/2109/2109
f 2105/2105/2105 2110/2110/2110 2109/2109/2109
f 2113/2113/2113 2112/2112/2112 2111/2111/2111
f 2114/2114/2114 2113/2113/2113 2111/2111/2111
f 2114/2114/2114 2115/2115/2115 2113/2113/2113
f 2115/2115/2115 2116/2116/2116 2113/2113/2113
f 2119/2119/2119 2118/2118/2118 2117/2117/2117
f 2120/2120/2120 2119/2119/2119 2117/2117/2117
f 2120/2120/2120 2121/2121/2121 2119/2119/2119
f 2121/2121/2121 2122/2122/2122 2119/2119/2119
f 2125/2125/2125 2124/2124/2124 2123/2123/2123
f 2126/2126/2126 2125/2125/2125 2123/2123/2123
f 2126/2126/2126 2123/2123/2123 2127/2127/2127
f 2123/2123/2123 2128/2128/2128 2127/2127/2127
f 2131/2131/2131 2130/2130/2130 2129/2129/2129
f 2129/2129/2129 2132/2132/2132 2131/2131/2131
f 2132/2132/2132 2133/2133/2133 2131/2131/2131
f 2132/2132/2132 2134/2134/2134 2133/2133/2133
f 2134/2134/2134 2135/2135/2135 2133/2133/2133
f 2134/2134/2134 2136/2136/2136 2135/2135/2135
f 2139/2139/2139 2138/2138/2138 2137/2137/2137
f 2137/2137/2137 2140/2140/2140 2139/2139/2139
f 2140/2140/2140 2141/2141/2141 2139/2139/2139
f 2140/2140/2140 2142/2142/2142 2141/2141/2141
f 2142/2142/2142 2143/2143/2143 2141/2141/2141
f 2142/2142/2142 2144/2144/2144 2143/2143/2143
f 2147/2147/2147 2146/2146/2146 2145/2145/2145
f 2148/2148/2148 2147/2147/2147 2145/2145/2145
f 2148/2148/2148 2145/2145/2145 2149/2149/2149
f 2145/2145/2145 2150/2150/2150 2149/2149/2149
f 2153/2153/2153 2152/2152/2152 2151/2151/2151
f 2154/2154/2154 2153/2153/2153 2151/2151/2151
f 2154/2154/2154 2155/2155/2155 2153/2153/2153
f 2155/2155/2155 2156/2156/2156 2153/2153/2153
f 2159/2159/2159 2158/2158/2158 2157/2157/2157
f 2160/2160/2160 2159/2159/2159 2157/2157/2157
f 2160/2160/2160 2157/2157/2157 2161/2161/2161
f 2157/2157/2157 2162/2162/2162 2161/2161/2161
f 2165/2165/2165 2164/2164/2164 2163/2163/2163
f 2166/2166/2166 2165/2165/2165 2163/2163/2163
f 2166/2166/2166 2167/2167/2167 2165/2165/2165
f 2167/2167/2167 2168/2168/2168 2165/2165/2165
f 2171/2171/2171 2170/2170/2170 2169/2169/2169
f 2172/2172/2172 2171/2171/2171 2169/2169/2169
f 2172/2172/2172 2169/2169/2169 2173/2173/2173
f 2169/2169/2169 2174/2174/2174 2173/2173/2173
f 2177/2177/2177 2176/2176/2176 2175/2175/2175
f 2178/2178/2178 2177/2177/2177 2175/2175/2175
f 2178/2178/2178 2179/2179/2179 2177/2177/2177
f 2179/2179/2179 2180/2180/2180 2177/2177/2177
f 2183/2183/2183 2182/2182/2182 2181/2181/2181
f 2184/2184/2184 2183/2183/2183 2181/2181/2181
f 2184/2184/2184 2185/2185/2185 2183/2183/2183
f 2185/2185/2185 2186/2186/2186 2183/2183/2183
f 2189/2189/2189 2188/2188/2188 2187/2187/2187
f 2190/2190/2190 2189/2189/2189 2187/2187/2187
f 2190/2190/2190 2187/2187/2187 2191/2191/2191
f 2187/2187/2187 2192/2192/2192 2191/2191/2191
f 2195/2195/2195 2194/2194/2194 2193/2193/2193
f 2193/2193/2193 2196/2196/2196 2195/2195/2195
f 2196/2196/2196 2197/2197/2197 2195/2195/2195
f 2196/2196/2196 2198/2198/2198 2197/2197/2197
f 2198/2198/2198 2199/2199/2199 2197/2197/2197
f 2198/2198/2198 2200/2200/2200 2199/2199/2199
f 2203/2203/2203 2202/2202/2202 2201/2201/2201
f 2201/2201/2201 2204/2204/2204 2203/2203/2203
f 2204/2204/2204 2205/2205/2205 2203/2203/2203
f 2204/2204/2204 2206/2206/2206 2205/2205/2205
f 2206/2206/2206 2207/2207/2207 2205/2205/2205
f 2206/2206/2206 2208/2208/2208 2207/2207/2207
f 2211/2211/2211 2210/2210/2210 2209/2209/2209
f 2212/2212/2212 2211/2211/2211 2209/2209/2209
f 2212/2212/2212 2209/2209/2209 2213/2213/2213
f 2209/2209/2209 2214/2214/2214 2213/2213/2213
f 2217/2217/2217 2216/2216/2216 2215/2215/2215
f 2218/2218/2218 2217/2217/2217 2215/2215/2215
f 2218/2218/2218 2219/2219/2219 2217/2217/2217
f 2219/2219/2219 2220/2220/2220 2217/2217/2217
f 2223/2223/2223 2222/2222/2222 2221/2221/2221
f 2224/2224/2224 2223/2223/2223 2221/2221/2221
f 2224/2224/2224 2221/2221/2221 2225/2225/2225
f 2221/2221/2221 2226/2226/2226 2225/2225/2225
f 2229/2229/2229 2228/2228/2228 2227/2227/2227
f 2230/2230/2230 2229/2229/2229 2227/2227/2227
f 2230/2230/2230 2231/2231/2231 2229/2229/2229
f 2231/2231/2231 2232/2232/2232 2229/2229/2229
f 2235/2235/2235 2234/2234/2234 2233/2233/2233
f 2236/2236/2236 2235/2235/2235 2233/2233/2233
f 2236/2236/2236 2233/2233/2233 2237/2237/2237
f 2233/2233/2233 2238/2238/2238 2237/2237/2237
f 2241/2241/2241 2240/2240/2240 2239/2239/2239
f 2242/2242/2242 2241/2241/2241 2239/2239/2239
f 2242/2242/2242 2243/2243/2243 2241/2241/2241
f 2243/2243/2243 2244/2244/2244 2241/2241/2241
f 2247/2247/2247 2246/2246/2246 2245/2245/2245
f 2248/2248/2248 2247/2247/2247 2245/2245/2245
f 2248/2248/2248 2249/2249/2249 2247/2247/2247
f 2249/2249/2249 2250/2250/2250 2247/2247/2247
f 2253/2253/2253 2252/2252/2252 2251/2251/2251
f 2254/2254/2254 2253/2253/2253 2251/2251/2251
f 2254/2254/2254 2251/2251/2251 2255/2255/2255
f 2251/2251/2251 2256/2256/2256 2255/2255/2255
f 2259/2259/2259 2258/2258/2258 2257/2257/2257
f 2257/2257/2257 2260/2260/2260 2259/2259/2259
f 2260/2260/2260 2261/2261/2261 2259/2259/2259
f 2260/2260/2260 2262/2262/2262 2261/2261/2261
f 2262/2262/2262 2263/2263/2263 2261/2261/2261
f 2262/2262/2262 2264/2264/2264 2263/2263/2263
f 2267/2267/2267 2266/2266/2266 2265/2265/2265
f 2265/2265/2265 2268/2268/2268 2267/2267/2267
f 2268/2268/2268 2269/2269/2269 2267/2267/2267
f 2268/2268/2268 2270/2270/2270 2269/2269/2269
f 2270/2270/2270 2271/2271/2271 2269/2269/2269
f 2270/2270/2270 2272/2272/2272 2271/2271/2271
f 2275/2275/2275 2274/2274/2274 2273/2273/2273
f 2276/2276/2276 2275/2275/2275 2273/2273/2273
f 2276/2276/2276 2273/2273/2273 2277/2277/2277
f 2273/2273/2273 2278/2278/2278 2277/2277/2277
f 2281/2281/2281 2280/2280/2280 2279/2279/2279
f 2282/2282/2282 2281/2281/2281 2279/2279/2279
f 2282/2282/2282 2283/2283/2283 2281/2281/2281
f 2283/2283/2283 2284/2284/2284 2281/2281/2281
f 2287/2287/2287 2286/2286/2286 2285/2285/2285
f 2288/2288/2288 2287/2287/2287 2285/2285/2285
f 2288/2288/2288 2285/2285/2285 2289/2289/2289
f 2285/2285/2285 2290/2290/2290 2289/2289/2289
f 2293/2293/2293 2292/2292/2292 2291/2291/2291
f 2294/2294/2294 2293/2293/2293 2291/2291/2291
f 2294/2294/2294 2295/2295/2295 2293/2293/2293
f 2295/2295/2295 2296/2296/2296 2293/2293/2293
f 2299/2299/2299 2298/2298/2298 2297/2297/2297
f 2300/2300/2300 2299/2299/2299 2297/2297/2297
f 2300/2300/2300 2297/2297/2297 2301/2301/2301
f 2297/2297/2297 2302/2302/2302 2301/2301/2301
f 2305/2305/2305 2304/2304/2304 2303/2303/2303
f 2306/2306/2306 2305/2305/2305 2303/2303/2303
f 2306/2306/2306 2307/2307/2307 2305/2305/2305
f 2307/2307/2307 2308/2308/2308 2305/2305/2305
f 2311/2311/2311 2310/2310/2310 2309/2309/2309
f 2312/2312/2312 2311/2311/2311 2309/2309/2309
f 2312/2312/2312 2313/2313/2313 2311/2311/2311
f 2313/2313/2313 2314/2314/2314 2311/2311/2311
f 2317/2317/2317 2316/2316/2316 2315/2315/2315
f 2318/2318/2318 2317/2317/2317 2315/2315/2315
f 2318/2318/2318 2315/2315/2315 2319/2319/2319
f 2315/2315/2315 2320/2320/2320 2319/2319/2319
f 2323/2323/2323 2322/2322/2322 2321/2321/2321
f 2321/2321/2321 2324/2324/2324 2323/2323/2323
f 2324/2324/2324 2325/2325/2325 2323/2323/2323
f 2324/2324/2324 2326/2326/2326 2325/2325/2325
f 2326/2326/2326 2327/2327/2327 2325/2325/2325
f 2326/2326/2326 2328/2328/2328 2327/2327/2327
f 2331/2331/2331 2330/2330/2330 2329/2329/2329
f 2329/2329/2329 2332/2332/2332 2331/2331/2331
f 2332/2332/2332 2333/2333/2333 2331/2331/2331
f 2332/2332/2332 2334/2334/2334 2333/2333/2333
f 2332/2332/2332 2335/2335/2335 2334/2334/2334
f 2335/2335/2335 2336/2336/2336 2334/2334/2334
f 2339/2339/2339 2338/2338/2338 2337/2337/2337
f 2340/2340/2340 2339/2339/2339 2337/2337/2337
f 2340/2340/2340 2337/2337/2337 2341/2341/2341
f 2337/2337/2337 2342/2342/2342 2341/2341/2341
f 2345/2345/2345 2344/2344/2344 2343/2343/2343
f 2346/2346/2346 2345/2345/2345 2343/2343/2343
f 2346/2346/2346 2347/2347/2347 2345/2345/2345
f 2347/2347/2347 2348/2348/2348 2345/2345/2345
f 2351/2351/2351 2350/2350/2350 2349/2349/2349
f 2352/2352/2352 2351/2351/2351 2349/2349/2349
f 2352/2352/2352 2349/2349/2349 2353/2353/2353
f 2349/2349/2349 2354/2354/2354 2353/2353/2353
f 2357/2357/2357 2356/2356/2356 2355/2355/2355
f 2358/2358/2358 2357/2357/2357 2355/2355/2355
f 2358/2358/2358 2359/2359/2359 2357/2357/2357
f 2359/2359/2359 2360/2360/2360 2357/2357/2357
f 2363/2363/2363 2362/2362/2362 2361/2361/2361
f 2364/2364/2364 2363/2363/2363 2361/2361/2361
f 2364/2364/2364 2365/2365/2365 2363/2363/2363
f 2365/2365/2365 2366/2366/2366 2363/2363/2363
f 2369/2369/2369 2368/2368/2368 2367/2367/2367
f 2370/2370/2370 2369/2369/2369 2367/2367/2367
f 2370/2370/2370 2367/2367/2367 2371/2371/2371
f 2367/2367/2367 2372/2372/2372 2371/2371/2371
f 2375/2375/2375 2374/2374/2374 2373/2373/2373
f 2373/2373/2373 2376/2376/2376 2375/2375/2375
f 2376/2376/2376 2377/2377/2377 2375/2375/2375
f 2376/2376/2376 2378/2378/2378 2377/2377/2377
f 2378/2378/2378 2379/2379/2379 2377/2377/2377
f 2378/2378/2378 2380/2380/2380 2379/2379/2379
f 2383/2383/2383 2382/2382/2382 2381/2381/2381
f 2381/2381/2381 2384/2384/2384 2383/2383/2383
f 2384/2384/2384 2385/2385/2385 2383/2383/2383
f 2384/2384/2384 2386/2386/2386 2385/2385/2385
f 2386/2386/2386 2387/2387/2387 2385/2385/2385
f 2386/2386/2386 2388/2388/2388 2387/2387/2387
f 2391/2391/2391 2390/2390/2390 2389/2389/2389
f 2392/2392/2392 2391/2391/2391 2389/2389/2389
f 2392/2392/2392 2389/2389/2389 2393/2393/2393
f 2389/2389/2389 2394/2394/2394 2393/2393/2393
f 2397/2397/2397 2396/2396/2396 2395/2395/2395
f 2398/2398/2398 2397/2397/2397 2395/2395/2395
f 2398/2398/2398 2399/2399/2399 2397/2397/2397
f 2399/2399/2399 2400/2400/2400 2397/2397/2397
f 2403/2403/2403 2402/2402/2402 2401/2401/2401
f 2404/2404/2404 2403/2403/2403 2401/2401/2401
f 2404/2404/2404 2401/2401/2401 2405/2405/2405
f 2401/2401/2401 2406/2406/2406 2405/2405/2405
f 2409/2409/2409 2408/2408/2408 2407/2407/2407
f 2410/2410/2410 2409/2409/2409 2407/2407/2407
f 2410/2410/2410 2411/2411/2411 2409/2409/2409
f 2411/2411/2411 2412/2412/2412 2409/2409/2409
f 2415/2415/2415 2414/2414/2414 2413/2413/2413
f 2416/2416/2416 2415/2415/2415 2413/2413/2413
f 2416/2416/2416 2413/2413/2413 2417/2417/2417
f 2413/2413/2413 2418/2418/2418 2417/2417/2417
f 2421/2421/2421 2420/2420/2420 2419/2419/2419
f 2422/2422/2422 2421/2421/2421 2419/2419/2419
f 2422/2422/2422 2423/2423/2423 2421/2421/2421
f 2423/2423/2423 2424/2424/2424 2421/2421/2421
f 2427/2427/2427 2426/2426/2426 2425/2425/2425
f 2428/2428/2428 2427/2427/2427 2425/2425/2425
f 2428/2428/2428 2429/2429/2429 2427/2427/2427
f 2429/2429/2429 2430/2430/2430 2427/2427/2427
f 2433/2433/2433 2432/2432/2432 2431/2431/2431
f 2434/2434/2434 2433/2433/2433 2431/2431/2431
f 2434/2434/2434 2431/2431/2431 2435/2435/2435
f 2431/2431/2431 2436/2436/2436 2435/2435/2435
f 2439/2439/2439 2438/2438/2438 2437/2437/2437
f 2437/2437/2437 2440/2440/2440 2439/2439/2439
f 2440/2440/2440 2441/2441/2441 2439/2439/2439
f 2440/2440/2440 2442/2442/2442 2441/2441/2441
f 2442/2442/2442 2443/2443/2443 2441/2441/2441
f 2442/2442/2442 2444/2444/2444 2443/2443/2443
f 2447/2447/2447 2446/2446/2446 2445/2445/2445
f 2445/2445/2445 2448/2448/2448 2447/2447/2447
f 2448/2448/2448 2449/2449/2449 2447/2447/2447
f 2448/2448/2448 2450/2450/2450 2449/2449/2449
f 2450/2450/2450 2451/2451/2451 2449/2449/2449
f 2450/2450/2450 2452/2452/2452 2451/2451/2451
f 2455/2455/2455 2454/2454/2454 2453/2453/2453
f 2456/2456/2456 2455/2455/2455 2453/2453/2453
f 2456/2456/2456 2453/2453/2453 2457/2457/2457
f 2453/2453/2453 2458/2458/2458 2457/2457/2457
f 2461/2461/2461 2460/2460/2460 2459/2459/2459
f 2462/2462/2462 2461/2461/2461 2459/2459/2459
f 2462/2462/2462 2463/2463/2463 2461/2461/2461
f 2463/2463/2463 2464/2464/2464 2461/2461/2461
f 2467/2467/2467 2466/2466/2466 2465/2465/2465
f 2468/2468/2468 2467/2467/2467 2465/2465/2465
f 2468/2468/2468 2465/2465/2465 2469/2469/2469
f 2465/2465/2465 2470/2470/2470 2469/2469/2469
f 2473/2473/2473 2472/2472/2472 2471/2471/2471
f 2474/2474/2474 2473/2473/2473 2471/2471/2471
f 2474/2474/2474 2475/2475/2475 2473/2473/2473
f 2475/2475/2475 2476/2476/2476 2473/2473/2473
f 2479/2479/2479 2478/2478/2478 2477/2477/2477
f 2480/2480/2480 2479/2479/2479 2477/2477/2477
f 2480/2480/2480 2477/2477/2477 2481/2481/2481
f 2477/2477/2477 2482/2482/2482 2481/2481/2481
f 2485/2485/2485 2484/2484/2484 2483/2483/2483
f 2486/2486/2486 2485/2485/2485 2483/2483/2483
f 2486/2486/2486 2487/2487/2487 2485/2485/2485
f 2487/2487/2487 2488/2488/2488 2485/2485/2485
f 2491/2491/2491 2490/2490/2490 2489/2489/2489
f 2492/2492/2492 2491/2491/2491 2489/2489/2489
f 2492/2492/2492 2493/2493/2493 2491/2491/2491
f 2493/2493/2493 2494/2494/2494 2491/2491/2491
f 2497/2497/2497 2496/2496/2496 2495/2495/2495
f 2498/2498/2498 2497/2497/2497 2495/2495/2495
f 2498/2498/2498 2495/2495/2495 2499/2499/2499
f 2495/2495/2495 2500/2500/2500 2499/2499/2499
f 2503/2503/2503 2502/2502/2502 2501/2501/2501
f 2501/2501/2501 2504/2504/2504 2503/2503/2503
f 2504/2504/2504 2505/2505/2505 2503/2503/2503
f 2504/2504/2504 2506/2506/2506 2505/2505/2505
f 2506/2506/2506 2507/2507/2507 2505/2505/2505
f 2506/2506/2506 2508/2508/2508 2507/2507/2507
f 2511/2511/2511 2510/2510/2510 2509/2509/2509
f 2509/2509/2509 2512/2512/2512 2511/2511/2511
f 2512/2512/2512 2513/2513/2513 2511/2511/2511
f 2512/2512/2512 2514/2514/2514 2513/2513/2513
f 2512/2512/2512 2515/2515/2515 2514/2514/2514
f 2515/2515/2515 2516/2516/2516 2514/2514/2514
f 2519/2519/2519 2518/2518/2518 2517/2517/2517
f 2520/2520/2520 2519/2519/2519 2517/2517/2517
f 2520/2520/2520 2517/2517/2517 2521/2521/2521
f 2517/2517/2517 2522/2522/2522 2521/2521/2521
f 2525/2525/2525 2524/2524/2524 2523/2523/2523
f 2526/2526/2526 2525/2525/2525 2523/2523/2523
f 2526/2526/2526 2527/2527/2527 2525/2525/2525
f 2527/2527/2527 2528/2528/2528 2525/2525/2525
f 2531/2531/2531 2530/2530/2530 2529/2529/2529
f 2532/2532/2532 2531/2531/2531 2529/2529/2529
f 2532/2532/2532 2529/2529/2529 2533/2533/2533
f 2529/2529/2529 2534/2534/2534 2533/2533/2533
f 2537/2537/2537 2536/2536/2536 2535/2535/2535
f 2538/2538/2538 2537/2537/2537 2535/2535/2535
f 2538/2538/2538 2539/2539/2539 2537/2537/2537
f 2539/2539/2539 2540/2540/2540 2537/2537/2537
f 2543/2543/2543 2542/2542/2542 2541/2541/2541
f 2544/2544/2544 2543/2543/2543 2541/2541/2541
f 2544/2544/2544 2541/2541/2541 2545/2545/2545
f 2541/2541/2541 2546/2546/2546 2545/2545/2545
f 2549/2549/2549 2548/2548/2548 2547/2547/2547
f 2550/2550/2550 2549/2549/2549 2547/2547/2547
f 2550/2550/2550 2551/2551/2551 2549/2549/2549
f 2551/2551/2551 2552/2552/2552 2549/2549/2549
f 2555/2555/2555 2554/2554/2554 2553/2553/2553
f 2556/2556/2556 2555/2555/2555 2553/2553/2553
f 2556/2556/2556 2557/2557/2557 2555/2555/2555
f 2557/2557/2557 2558/2558/2558 2555/2555/2555
f 2561/2561/2561 2560/2560/2560 2559/2559/2559
f 2562/2562/2562 2561/2561/2561 2559/2559/2559
f 2562/2562/2562 2559/2559/2559 2563/2563/2563
f 2559/2559/2559 2564/2564/2564 2563/2563/2563
f 2567/2567/2567 2566/2566/2566 2565/2565/2565
f 2565/2565/2565 2568/2568/2568 2567/2567/2567
f 2568/2568/2568 2569/2569/2569 2567/2567/2567
f 2568/2568/2568 2570/2570/2570 2569/2569/2569
f 2570/2570/2570 2571/2571/2571 2569/2569/2569
f 2570/2570/2570 2572/2572/2572 2571/2571/2571
f 2575/2575/2575 2574/2574/2574 2573/2573/2573
f 2573/2573/2573 2576/2576/2576 2575/2575/2575
f 2576/2576/2576 2577/2577/2577 2575/2575/2575
f 2576/2576/2576 2578/2578/2578 2577/2577/2577
f 2578/2578/2578 2579/2579/2579 2577/2577/2577
f 2578/2578/2578 2580/2580/2580 2579/2579/2579
f 2583/2583/2583 2582/2582/2582 2581/2581/2581
f 2584/2584/2584 2583/2583/2583 2581/2581/2581
f 2584/2584/2584 2581/2581/2581 2585/2585/2585
f 2581/2581/2581 2586/2586/2586 2585/2585/2585
f 2589/2589/2589 2588/2588/2588 2587/2587/2587
f 2590/2590/2590 2589/2589/2589 2587/2587/2587
f 2590/2590/2590 2591/2591/2591 2589/2589/2589
f 2591/2591/2591 2592/2592/2592 2589/2589/2589
f 2595/2595/2595 2594/2594/2594 2593/2593/2593
f 2596/2596/2596 2595/2595/2595 2593/2593/2593
f 2596/2596/2596 2593/2593/2593 2597/2597/2597
f 2593/2593/2593 2598/2598/2598 2597/2597/2597
f 2601/2601/2601 2600/2600/2600 2599/2599/2599
f 2602/2602/2602 2601/2601/2601 2599/2599/2599
f 2602/2602/2602 2603/2603/2603 2601/2601/2601
f 2603/2603/2603 2604/2604/2604 2601/2601/2601
f 2607/2607/2607 2606/2606/2606 2605/2605/2605
f 2608/2608/2608 2607/2607/2607 2605/2605/2605
f 2608/2608/2608 2609/2609/2609 2607/2607/2607
f 2609/2609/2609 2610/2610/2610 2607/2607/2607
f 2613/2613/2613 2612/2612/2612 2611/2611/2611
f 2614/2614/2614 2613/2613/2613 2611/2611/2611
f 2614/2614/2614 2611/2611/2611 2615/2615/2615
f 2611/2611/2611 2616/2616/2616 2615/2615/2615
f 2619/2619/2619 2618/2618/2618 2617/2617/2617
f 2617/2617/2617 2620/2620/2620 2619/2619/2619
f 2620/2620/2620 2621/2621/2621 2619/2619/2619
f 2620/2620/2620 2622/2622/2622 2621/2621/2621
f 2622/2622/2622 2623/2623/2623 2621/2621/2621
f 2622/2622/2622 2624/2624/2624 2623/2623/2623
f 2627/2627/2627 2626/2626/2626 2625/2625/2625
f 2625/2625/2625 2628/2628/2628 2627/2627/2627
f 2628/2628/2628 2629/2629/2629 2627/2627/2627
f 2628/2628/2628 2630/2630/2630 2629/2629/2629
f 2630/2630/2630 2631/2631/2631 2629/2629/2629
f 2630/2630/2630 2632/2632/2632 2631/2631/2631
f 2635/2635/2635 2634/2634/2634 2633/2633/2633
f 2636/2636/2636 2635/2635/2635 2633/2633/2633
f 2636/2636/2636 2633/2633/2633 2637/2637/2637
f 2633/2633/2633 2638/2638/2638 2637/2637/2637
f 2641/2641/2641 2640/2640/2640 2639/2639/2639
f 2642/2642/2642 2641/2641/2641 2639/2639/2639
f 2642/2642/2642 2643/2643/2643 2641/2641/2641
f 2643/2643/2643 2644/2644/2644 2641/2641/2641
f 2647/2647/2647 2646/2646/2646 2645/2645/2645
f 2648/2648/2648 2647/2647/2647 2645/2645/2645
f 2648/2648/2648 2645/2645/2645 2649/2649/2649
f 2645/2645/2645 2650/2650/2650 2649/2649/2649
f 2653/2653/2653 2652/2652/2652 2651/2651/2651
f 2654/2654/2654 2653/2653/2653 2651/2651/2651
f 2654/2654/2654 2655/2655/2655 2653/2653/2653
f 2655/2655/2655 2656/2656/2656 2653/2653/2653
f 2659/2659/2659 2658/2658/2658 2657/2657/2657
f 2660/2660/2660 2659/2659/2659 2657/2657/2657
f 2660/2660/2660 2657/2657/2657 2661/2661/2661
f 2657/2657/2657 2662/2662/2662 2661/2661/2661
f 2665/2665/2665 2664/2664/2664 2663/2663/2663
f 2666/2666/2666 2665/2665/2665 2663/2663/2663
f 2666/2666/2666 2667/2667/2667 2665/2665/2665
f 2667/2667/2667 2668/2668/2668 2665/2665/2665
f 2671/2671/2671 2670/2670/2670 2669/2669/2669
f 2672/2672/2672 2671/2671/2671 2669/2669/2669
f 2672/2672/2672 2673/2673/2673 2671/2671/2671
f 2673/2673/2673 2674/2674/2674 2671/2671/2671
f 2677/2677/2677 2676/2676/2676 2675/2675/2675
f 2678/2678/2678 2677/2677/2677 2675/2675/2675
f 2678/2678/2678 2675/2675/2675 2679/2679/2679
f 2675/2675/2675 2680/2680/2680 2679/2679/2679
f 2683/2683/2683 2682/2682/2682 2681/2681/2681
f 2681/2681/2681 2684/2684/2684 2683/2683/2683
f 2684/2684/2684 2685/2685/2685 2683/2683/2683
f 2684/2684/2684 2686/2686/2686 2685/2685/2685
f 2686/2686/2686 2687/2687/2687 2685/2685/2685
f 2686/2686/2686 2688/2688/2688 2687/2687/2687
f 2691/2691/2691 2690/2690/2690 2689/2689/2689
f 2689/2689/2689 2692/2692/2692 2691/2691/2691
f 2692/2692/2692 2693/2693/2693 2691/2691/2691
f 2692/2692/2692 2694/2694/2694 2693/2693/2693
f 2694/2694/2694 2695/2695/2695 2693/2693/2693
f 2694/2694/2694 2696/2696/2696 2695/2695/2695
f 2699/2699/2699 2698/2698/2698 2697/2697/2697
f 2700/2700/2700 2699/2699/2699 2697/2697/2697
f 2700/2700/2700 2697/2697/2697 2701/2701/2701
f 2697/2697/2697 2702/2702/2702 2701/2701/2701
f 2705/2705/2705 2704/2704/2704 2703/2703/2703
f 2706/2706/2706 2705/2705/2705 2703/2703/2703
f 2706/2706/2706 2707/2707/2707 2705/2705/2705
f 2707/2707/2707 2708/2708/2708 2705/2705/2705
f 2711/2711/2711 2710/2710/2710 2709/2709/2709
f 2712/2712/2712 2711/2711/2711 2709/2709/2709
f 2712/2712/2712 2709/2709/2709 2713/2713/2713
f 2709/2709/2709 2714/2714/2714 2713/2713/2713
f 2717/2717/2717 2716/2716/2716 2715/2715/2715
f 2718/2718/2718 2717/2717/2717 2715/2715/2715
f 2718/2718/2718 2719/2719/2719 2717/2717/2717
f 2719/2719/2719 2720/2720/2720 2717/2717/2717
f 2723/2723/2723 2722/2722/2722 2721/2721/2721
f 2724/2724/2724 2723/2723/2723 2721/2721/2721
f 2724/2724/2724 2721/2721/2721 2725/2725/2725
f 2721/2721/2721 2726/2726/2726 2725/2725/2725
f 2729/2729/2729 2728/2728/2728 2727/2727/2727
f 2730/2730/2730 2729/2729/2729 2727/2727/2727
f 2730/2730/2730 2731/2731/2731 2729/2729/2729
f 2731/2731/2731 2732/2732/2732 2729/2729/2729
f 2735/2735/2735 2734/2734/2734 2733/2733/2733
f 2736/2736/2736 2735/2735/2735 2733/2733/2733
f 2736/2736/2736 2737/2737/2737 2735/2735/2735
f 2737/2737/2737 2738/2738/2738 2735/2735/2735
f 2741/2741/2741 2740/2740/2740 2739/2739/2739
f 2742/2742/2742 2741/2741/2741 2739/2739/2739
f 2742/2742/2742 2739/2739/2739 2743/2743/2743
f 2739/2739/2739 2744/2744/2744 2743/2743/2743
f 2747/2747/2747 2746/2746/2746 2745/2745/2745
f 2745/2745/2745 2748/2748/2748 2747/2747/2747
f 2748/2748/2748 2749/2749/2749 2747/2747/2747
f 2748/2748/2748 2750/2750/2750 2749/2749/2749
f 2750/2750/2750 2751/2751/2751 2749/2749/2749
f 2750/2750/2750 2752/2752/2752 2751/2751/2751
f 2755/2755/2755 2754/2754/2754 2753/2753/2753
f 2753/2753/2753 2756/2756/2756 2755/2755/2755
f 2756/2756/2756 2757/2757/2757 2755/2755/2755
f 2756/2756/2756 2758/2758/2758 2757/2757/2757
f 2758/2758/2758 2759/2759/2759 2757/2757/2757
f 2758/2758/2758 2760/2760/2760 2759/2759/2759
f 2763/2763/2763 2762/2762/2762 2761/2761/2761
f 2764/2764/2764 2763/2763/2763 2761/2761/2761
f 2764/2764/2764 2761/2761/2761 2765/2765/2765
f 2761/2761/2761 2766/2766/2766 2765/2765/2765
f 2769/2769/2769 2768/2768/2768 2767/2767/2767
f 2770/2770/2770 2769/2769/2769 2767/2767/2767
f 2770/2770/2770 2771/2771/2771 2769/2769/2769
f 2771/2771/2771 2772/2772/2772 2769/2769/2769
f 2775/2775/2775 2774/2774/2774 2773/2773/2773
f 2776/2776/2776 2775/2775/2775 2773/2773/2773
f 2776/2776/2776 2773/2773/2773 2777/2777/2777
f 2773/2773/2773 2778/2778/2778 2777/2777/2777
f 2781/2781/2781 2780/2780/2780 2779/2779/2779
f 2782/2782/2782 2781/2781/2781 2779/2779/2779
f 2782/2782/2782 2783/2783/2783 2781/2781/2781
f 2783/2783/2783 2784/2784/2784 2781/2781/2781
f 2787/2787/2787 2786/2786/2786 2785/2785/2785
f 2788/2788/2788 2787/2787/2787 2785/2785/2785
f 2788/2788/2788 2785/2785/2785 2789/2789/2789
f 2785/2785/2785 2790/2790/2790 2789/2789/2789
f 2793/2793/2793 2792/2792/2792 2791/2791/2791
f 2794/2794/2794 2793/2793/2793 2791/2791/2791
f 2794/2794/2794 2795/2795/2795 2793/2793/2793
f 2795/2795/2795 2796/2796/2796 2793/2793/2793
f 2799/2799/2799 2798/2798/2798 2797/2797/2797
f 2800/2800/2800 2799/2799/2799 2797/2797/2797
f 2800/2800/2800 2801/2801/2801 2799/2799/2799
f 2801/2801/2801 2802/2802/2802 2799/2799/2799
f 2805/2805/2805 2804/2804/2804 2803/2803/2803
f 2806/2806/2806 2805/2805/2805 2803/2803/2803
f 2806/2806/2806 2803/2803/2803 2807/2807/2807
f 2803/2803/2803 2808/2808/2808 2807/2807/2807
f 2811/2811/2811 2810/2810/2810 2809/2809/2809
f 2809/2809/2809 2812/2812/2812 2811/2811/2811
f 2812/2812/2812 2813/2813/2813 2811/2811/2811
f 2812/2812/2812 2814/2814/2814 2813/2813/2813
f 2814/2814/2814 2815/2815/2815 2813/2813/2813
f 2814/2814/2814 2816/2816/2816 2815/2815/2815
f 2819/2819/2819 2818/2818/2818 2817/2817/2817
f 2817/2817/2817 2820/2820/2820 2819/2819/2819
f 2820/2820/2820 2821/2821/2821 2819/2819/2819
f 2820/2820/2820 2822/2822/2822 2821/2821/2821
f 2820/2820/2820 2823/2823/2823 2822/2822/2822
f 2823/2823/2823 2824/2824/2824 2822/2822/2822
f 2827/2827/2827 2826/2826/2826 2825/2825/2825
f 2828/2828/2828 2827/2827/2827 2825/2825/2825
f 2828/2828/2828 2825/2825/2825 2829/2829/2829
f 2828/2828/2828 2830/2830/2830 2827/2827/2827
f 2830/2830/2830 2831/2831/2831 2827/2827/2827
f 2832/2832/2832 2828/2828/2828 2829/2829/2829
f 2832/2832/2832 2829/2829/2829 2833/2833/2833
f 2834/2834/2834 2832/2832/2832 2833/2833/2833
f 2834/2834/2834 2833/2833/2833 2835/2835/2835
f 2836/2836/2836 2834/2834/2834 2835/2835/2835
f 2836/2836/2836 2835/2835/2835 2837/2837/2837
f 2838/2838/2838 2836/2836/2836 2837/2837/2837
f 2838/2838/2838 2839/2839/2839 2836/2836/2836
f 2839/2839/2839 2840/2840/2840 2836/2836/2836
f 2843/2843/2843 2842/2842/2842 2841/2841/2841
f 2844/2844/2844 2843/2843/2843 2841/2841/2841
f 2844/2844/2844 2841/2841/2841 2845/2845/2845
f 2844/2844/2844 2846/2846/2846 2843/2843/2843
f 2846/2846/2846 2847/2847/2847 2843/2843/2843
f 2848/2848/2848 2844/2844/2844 2845/2845/2845
f 2848/2848/2848 2845/2845/2845 2849/2849/2849
f 2850/2850/2850 2848/2848/2848 2849/2849/2849
f 2850/2850/2850 2849/2849/2849 2851/2851/2851
f 2852/2852/2852 2850/2850/2850 2851/2851/2851
f 2852/2852/2852 2851/2851/2851 2853/2853/2853
f 2854/2854/2854 2852/2852/2852 2853/2853/2853
f 2854/2854/2854 2855/2855/2855 2852/2852/2852
f 2855/2855/2855 2856/2856/2856 2852/2852/2852
f 2859/2859/2859 2858/2858/2858 2857/2857/2857
f 2860/2860/2860 2859/2859/2859 2857/2857/2857
f 2860/2860/2860 2857/2857/2857 2861/2861/2861
f 2862/2862/2862 2860/2860/2860 2861/2861/2861
f 2862/2862/2862 2861/2861/2861 2863/2863/2863
f 2864/2864/2864 2862/2862/2862 2863/2863/2863
f 2864/2864/2864 2863/2863/2863 2865/2865/2865
f 2866/2866/2866 2864/2864/2864 2865/2865/2865
f 2866/2866/2866 2865/2865/2865 2867/2867/2867
f 2868/2868/2868 2866/2866/2866 2867/2867/2867
f 2868/2868/2868 2869/2869/2869 2866/2866/2866
f 2869/2869/2869 2870/2870/2870 2866/2866/2866
f 2873/2873/2873 2872/2872/2872 2871/2871/2871
f 2874/2874/2874 2873/2873/2873 2871/2871/2871
f 2874/2874/2874 2871/2871/2871 2875/2875/2875
f 2874/2874/2874 2876/2876/2876 2873/2873/2873
f 2876/2876/2876 2877/2877/2877 2873/2873/2873
f 2878/2878/2878 2874/2874/2874 2875/2875/2875
f 2878/2878/2878 2875/2875/2875 2879/2879/2879
f 2880/2880/2880 2878/2878/2878 2879/2879/2879
f 2880/2880/2880 2879/2879/2879 2881/2881/2881
f 2882/2882/2882 2880/2880/2880 2881/2881/2881
f 2882/2882/2882 2881/2881/2881 2883/2883/2883
f 2884/2884/2884 2882/2882/2882 2883/2883/2883
f 2882/2882/2882 2885/2885/2885 2880/2880/2880
f 2885/2885/2885 2886/2886/2886 2880/2880/2880
f 2888/2888/2888 2885/2885/2885 2887/2887/2887
f 2889/2889/2889 2888/2888/2888 2887/2887/2887
f 2892/2892/2892 2891/2891/2891 2890/2890/2890
f 2893/2893/2893 2892/2892/2892 2890/2890/2890
f 2896/2896/2896 2895/2895/2895 2894/2894/2894
f 2897/2897/2897 2896/2896/2896 2894/2894/2894
f 2894/2894/2894 2898/2898/2898 2897/2897/2897
f 2898/2898/2898 2899/2899/2899 2897/2897/2897
f 2900/2900/2900 2898/2898/2898 2894/2894/2894
f 2901/2901/2901 2900/2900/2900 2894/2894/2894
f 2902/2902/2902 2900/2900/2900 2901/2901/2901
f 2903/2903/2903 2902/2902/2902 2901/2901/2901
f 2901/2901/2901 2904/2904/2904 2903/2903/2903
f 2904/2904/2904 2905/2905/2905 2903/2903/2903
f 2906/2906/2906 2902/2902/2902 2903/2903/2903
f 2907/2907/2907 2906/2906/2906 2903/2903/2903
f 2908/2908/2908 2906/2906/2906 2907/2907/2907
f 2909/2909/2909 2908/2908/2908 2907/2907/2907
f 2907/2907/2907 2910/2910/2910 2909/2909/2909
f 2910/2910/2910 2911/2911/2911 2909/2909/2909
f 2914/2914/2914 2913/2913/2913 2912/2912/2912
f 2915/2915/2915 2914/2914/2914 2912/2912/2912
f 2918/2918/2918 2917/2917/2917 2916/2916/2916
f 2919/2919/2919 2918/2918/2918 2916/2916/2916
f 2916/2916/2916 2920/2920/2920 2919/2919/2919
f 2920/2920/2920 2921/2921/2921 2919/2919/2919
f 2922/2922/2922 2918/2918/2918 2919/2919/2919
f 2923/2923/2923 2922/2922/2922 2919/2919/2919
f 2924/2924/2924 2922/2922/2922 2923/2923/2923
f 2925/2925/2925 2924/2924/2924 2923/2923/2923
f 2926/2926/2926 2924/2924/2924 2925/2925/2925
f 2927/2927/2927 2926/2926/2926 2925/2925/2925
f 2925/2925/2925 2928/2928/2928 2927/2927/2927
f 2929/2929/2929 2926/2926/2926 2927/2927/2927
f 2928/2928/2928 2930/2930/2930 2927/2927/2927
f 2931/2931/2931 2929/2929/2929 2927/2927/2927
f 2927/2927/2927 2930/2930/2930 2931/2931/2931
f 2930/2930/2930 2932/2932/2932 2931/2931/2931
f 2935/2935/2935 2934/2934/2934 2933/2933/2933
f 2936/2936/2936 2935/2935/2935 2933/2933/2933
f 2933/2933/2933 2937/2937/2937 2936/2936/2936
f 2937/2937/2937 2938/2938/2938 2936/2936/2936
f 2939/2939/2939 2935/2935/2935 2936/2936/2936
f 2940/2940/2940 2939/2939/2939 2936/2936/2936
f 2941/2941/2941 2939/2939/2939 2940/2940/2940
f 2942/2942/2942 2941/2941/2941 2940/2940/2940
f 2940/2940/2940 2943/2943/2943 2942/2942/2942
f 2943/2943/2943 2944/2944/2944 2942/2942/2942
f 2945/2945/2945 2941/2941/2941 2942/2942/2942
f 2946/2946/2946 2945/2945/2945 2942/2942/2942
f 2947/2947/2947 2945/2945/2945 2946/2946/2946
f 2948/2948/2948 2947/2947/2947 2946/2946/2946
f 2946/2946/2946 2949/2949/2949 2948/2948/2948
f 2949/2949/2949 2950/2950/2950 2948/2948/2948
f 2953/2953/2953 2952/2952/2952 2951/2951/2951
f 2952/2952/2952 2954/2954/2954 2951/2951/2951
f 2951/2951/2951 2954/2954/2954 2955/2955/2955
f 2952/2952/2952 2956/2956/2956 2954/2954/2954
f 2954/2954/2954 2957/2957/2957 2955/2955/2955
f 2955/2955/2955 2957/2957/2957 2958/2958/2958
f 2956/2956/2956 2959/2959/2959 2954/2954/2954
f 2954/2954/2954 2959/2959/2959 2957/2957/2957
f 2956/2956/2956 2960/2960/2960 2959/2959/2959
f 2957/2957/2957 2961/2961/2961 2958/2958/2958
f 2958/2958/2958 2961/2961/2961 2962/2962/2962
f 2960/2960/2960 2963/2963/2963 2959/2959/2959
f 2960/2960/2960 2964/2964/2964 2963/2963/2963
f 2959/2959/2959 2965/2965/2965 2957/2957/2957
f 2957/2957/2957 2965/2965/2965 2961/2961/2961
f 2959/2959/2959 2963/2963/2963 2965/2965/2965
f 2961/2961/2961 2966/2966/2966 2962/2962/2962
f 2962/2962/2962 2966/2966/2966 2967/2967/2967
f 2966/2966/2966 2968/2968/2968 2967/2967/2967
f 2964/2964/2964 2969/2969/2969 2963/2963/2963
f 2964/2964/2964 2970/2970/2970 2969/2969/2969
f 2970/2970/2970 2971/2971/2971 2969/2969/2969
f 2963/2963/2963 2972/2972/2972 2965/2965/2965
f 2963/2963/2963 2969/2969/2969 2972/2972/2972
f 2965/2965/2965 2973/2973/2973 2961/2961/2961
f 2961/2961/2961 2973/2973/2973 2966/2966/2966
f 2965/2965/2965 2972/2972/2972 2973/2973/2973
f 2966/2966/2966 2974/2974/2974 2968/2968/2968
f 2973/2973/2973 2974/2974/2974 2966/2966/2966
f 2974/2974/2974 2975/2975/2975 2968/2968/2968
f 2969/2969/2969 2971/2971/2971 2976/2976/2976
f 2969/2969/2969 2976/2976/2976 2972/2972/2972
f 2971/2971/2971 2977/2977/2977 2976/2976/2976
f 2972/2972/2972 2978/2978/2978 2973/2973/2973
f 2973/2973/2973 2978/2978/2978 2974/2974/2974
f 2972/2972/2972 2976/2976/2976 2978/2978/2978
f 2974/2974/2974 2979/2979/2979 2975/2975/2975
f 2978/2978/2978 2979/2979/2979 2974/2974/2974
f 2979/2979/2979 2980/2980/2980 2975/2975/2975
f 2976/2976/2976 2977/2977/2977 2981/2981/2981
f 2976/2976/2976 2981/2981/2981 2978/2978/2978
f 2978/2978/2978 2981/2981/2981 2979/2979/2979
f 2977/2977/2977 2982/2982/2982 2981/2981/2981
f 2979/2979/2979 2983/2983/2983 2980/2980/2980
f 2981/2981/2981 2983/2983/2983 2979/2979/2979
f 2981/2981/2981 2982/2982/2982 2983/2983/2983
f 2983/2983/2983 2984/2984/2984 2980/2980/2980
f 2982/2982/2982 2985/2985/2985 2983/2983/2983
f 2983/2983/2983 2985/2985/2985 2984/2984/2984
f 2985/2985/2985 2986/2986/2986 2984/2984/2984
f 2989/2989/2989 2988/2988/2988 2987/2987/2987
f 2990/2990/2990 2989/2989/2989 2987/2987/2987
f 2993/2993/2993 2992/2992/2992 2991/2991/2991
f 2994/2994/2994 2993/2993/2993 2991/2991/2991
f 2997/2997/2997 2996/2996/2996 2995/2995/2995
f 2998/2998/2998 2997/2997/2997 2995/2995/2995
f 3001/3001/3001 3000/3000/3000 2999/2999/2999
f 3002/3002/3002 3001/3001/3001 2999/2999/2999
f 3005/3005/3005 3004/3004/3004 3003/3003/3003
f 3006/3006/3006 3005/3005/3005 3003/3003/3003
f 3009/3009/3009 3008/3008/3008 3007/3007/3007
f 3010/3010/3010 3009/3009/3009 3007/3007/3007
f 3013/3013/3013 3012/3012/3012 3011/3011/3011
f 3014/3014/3014 3013/3013/3013 3011/3011/3011
f 3015/3015/3015 3013/3013/3013 3014/3014/3014
f 3016/3016/3016 3015/3015/3015 3014/3014/3014
f 3019/3019/3019 3018/3018/3018 3017/3017/3017
f 3018/3018/3018 3020/3020/3020 3017/3017/3017
f 3017/3017/3017 3020/3020/3020 3021/3021/3021
f 3018/3018/3018 3022/3022/3022 3020/3020/3020
f 3020/3020/3020 3023/3023/3023 3021/3021/3021
f 3021/3021/3021 3023/3023/3023 3024/3024/3024
f 3022/3022/3022 3025/3025/3025 3020/3020/3020
f 3020/3020/3020 3025/3025/3025 3023/3023/3023
f 3022/3022/3022 3026/3026/3026 3025/3025/3025
f 3023/3023/3023 3027/3027/3027 3024/3024/3024
f 3024/3024/3024 3027/3027/3027 3028/3028/3028
f 3026/3026/3026 3029/3029/3029 3025/3025/3025
f 3026/3026/3026 3030/3030/3030 3029/3029/3029
f 3025/3025/3025 3031/3031/3031 3023/3023/3023
f 3023/3023/3023 3031/3031/3031 3027/3027/3027
f 3025/3025/3025 3029/3029/3029 3031/3031/3031
f 3027/3027/3027 3032/3032/3032 3028/3028/3028
f 3028/3028/3028 3032/3032/3032 3033/3033/3033
f 3032/3032/3032 3034/3034/3034 3033/3033/3033
f 3030/3030/3030 3035/3035/3035 3029/3029/3029
f 3030/3030/3030 3036/3036/3036 3035/3035/3035
f 3036/3036/3036 3037/3037/3037 3035/3035/3035
f 3029/3029/3029 3038/3038/3038 3031/3031/3031
f 3029/3029/3029 3035/3035/3035 3038/3038/3038
f 3031/3031/3031 3039/3039/3039 3027/3027/3027
f 3027/3027/3027 3039/3039/3039 3032/3032/3032
f 3031/3031/3031 3038/3038/3038 3039/3039/3039
f 3032/3032/3032 3040/3040/3040 3034/3034/3034
f 3039/3039/3039 3040/3040/3040 3032/3032/3032
f 3040/3040/3040 3041/3041/3041 3034/3034/3034
f 3035/3035/3035 3037/3037/3037 3042/3042/3042
f 3035/3035/3035 3042/3042/3042 3038/3038/3038
f 3037/3037/3037 3043/3043/3043 3042/3042/3042
f 3038/3038/3038 3044/3044/3044 3039/3039/3039
f 3039/3039/3039 3044/3044/3044 3040/3040/3040
f 3038/3038/3038 3042/3042/3042 3044/3044/3044
f 3040/3040/3040 3045/3045/3045 3041/3041/3041
f 3044/3044/3044 3045/3045/3045 3040/3040/3040
f 3045/3045/3045 3046/3046/3046 3041/3041/3041
f 3042/3042/3042 3043/3043/3043 3047/3047/3047
f 3042/3042/3042 3047/3047/3047 3044/3044/3044
f 3044/3044/3044 3047/3047/3047 3045/3045/3045
f 3043/3043/3043 3048/3048/3048 3047/3047/3047
f 3045/3045/3045 3049/3049/3049 3046/3046/3046
f 3047/3047/3047 3049/3049/3049 3045/3045/3045
f 3047/3047/3047 3048/3048/3048 3049/3049/3049
f 3049/3049/3049 3050/3050/3050 3046/3046/3046
f 3048/3048/3048 3051/3051/3051 3049/3049/3049
f 3049/3049/3049 3051/3051/3051 3050/3050/3050
f 3051/3051/3051 3052/3052/3052 3050/3050/3050
f 3055/3055/3055 3054/3054/3054 3053/3053/3053
f 3056/3056/3056 3055/3055/3055 3053/3053/3053
f 3059/3059/3059 3058/3058/3058 3057/3057/3057
f 3060/3060/3060 3059/3059/3059 3057/3057/3057
f 3063/3063/3063 3062/3062/3062 3061/3061/3061
f 3064/3064/3064 3063/3063/3063 3061/3061/3061
f 3067/3067/3067 3066/3066/3066 3065/3065/3065
f 3068/3068/3068 3067/3067/3067 3065/3065/3065
f 3071/3071/3071 3070/3070/3070 3069/3069/3069
f 3072/3072/3072 3071/3071/3071 3069/3069/3069
f 3075/3075/3075 3074/3074/3074 3073/3073/3073
f 3076/3076/3076 3075/3075/3075 3073/3073/3073
f 3079/3079/3079 3078/3078/3078 3077/3077/3077
f 3080/3080/3080 3079/3079/3079 3077/3077/3077
f 3077/3077/3077 3081/3081/3081 3080/3080/3080
f 3081/3081/3081 3082/3082/3082 3080/3080/3080
f 3083/3083/3083 3079/3079/3079 3080/3080/3080
f 3084/3084/3084 3083/3083/3083 3080/3080/3080
f 3085/3085/3085 3083/3083/3083 3084/3084/3084
f 3086/3086/3086 3085/3085/3085 3084/3084/3084
f 3084/3084/3084 3087/3087/3087 3086/3086/3086
f 3087/3087/3087 3088/3088/3088 3086/3086/3086
f 3089/3089/3089 3085/3085/3085 3086/3086/3086
f 3090/3090/3090 3089/3089/3089 3086/3086/3086
f 3091/3091/3091 3089/3089/3089 3090/3090/3090
f 3092/3092/3092 3091/3091/3091 3090/3090/3090
f 3090/3090/3090 3093/3093/3093 3092/3092/3092
f 3093/3093/3093 3094/3094/3094 3092/3092/3092
f 3097/3097/3097 3096/3096/3096 3095/3095/3095
f 3098/3098/3098 3097/3097/3097 3095/3095/3095
f 3099/3099/3099 3097/3097/3097 3098/3098/3098
f 3100/3100/3100 3099/3099/3099 3098/3098/3098
f 3103/3103/3103 3102/3102/3102 3101/3101/3101
f 3104/3104/3104 3103/3103/3103 3101/3101/3101
f 3105/3105/3105 3103/3103/3103 3104/3104/3104
f 3106/3106/3106 3105/3105/3105 3104/3104/3104
f 3109/3109/3109 3108/3108/3108 3107/3107/3107
f 3110/3110/3110 3109/3109/3109 3107/3107/3107
f 3111/3111/3111 3109/3109/3109 3110/3110/3110
f 3112/3112/3112 3111/3111/3111 3110/3110/3110
f 3113/3113/3113 3111/3111/3111 3112/3112/3112
f 3114/3114/3114 3113/3113/3113 3112/3112/3112
f 3117/3117/3117 3116/3116/3116 3115/3115/3115
f 3118/3118/3118 3117/3117/3117 3115/3115/3115
f 3119/3119/3119 3117/3117/3117 3118/3118/3118
f 3120/3120/3120 3119/3119/3119 3118/3118/3118
f 3123/3123/3123 3122/3122/3122 3121/3121/3121
f 3124/3124/3124 3123/3123/3123 3121/3121/3121
f 3127/3127/3127 3126/3126/3126 3125/3125/3125
f 3128/3128/3128 3127/3127/3127 3125/3125/3125
f 3131/3131/3131 3130/3130/3130 3129/3129/3129
f 3132/3132/3132 3131/3131/3131 3129/3129/3129
f 3135/3135/3135 3134/3134/3134 3133/3133/3133
f 3136/3136/3136 3135/3135/3135 3133/3133/3133
f 3139/3139/3139 3138/3138/3138 3137/3137/3137
f 3140/3140/3140 3139/3139/3139 3137/3137/3137
f 3143/3143/3143 3142/3142/3142 3141/3141/3141
f 3144/3144/3144 3143/3143/3143 3141/3141/3141
f 3147/3147/3147 3146/3146/3146 3145/3145/3145
f 3148/3148/3148 3147/3147/3147 3145/3145/3145
f 3151/3151/3151 3150/3150/3150 3149/3149/3149
f 3152/3152/3152 3151/3151/3151 3149/3149/3149
f 3155/3155/3155 3154/3154/3154 3153/3153/3153
f 3156/3156/3156 3155/3155/3155 3153/3153/3153
f 3159/3159/3159 3158/3158/3158 3157/3157/3157
f 3160/3160/3160 3159/3159/3159 3157/3157/3157
f 3163/3163/3163 3162/3162/3162 3161/3161/3161
f 3164/3164/3164 3163/3163/3163 3161/3161/3161
f 3167/3167/3167 3166/3166/3166 3165/3165/3165
f 3168/3168/3168 3167/3167/3167 3165/3165/3165
f 3171/3171/3171 3170/3170/3170 3169/3169/3169
f 3172/3172/3172 3171/3171/3171 3169/3169/3169
f 3175/3175/3175 3174/3174/3174 3173/3173/3173
f 3174/3174/3174 3176/3176/3176 3173/3173/3173
f 3173/3173/3173 3176/3176/3176 3177/3177/3177
f 3176/3176/3176 3178/3178/3178 3177/3177/3177
f 3181/3181/3181 3180/3180/3180 3179/3179/3179
f 3180/3180/3180 3182/3182/3182 3179/3179/3179
f 3179/3179/3179 3182/3182/3182 3183/3183/3183
f 3182/3182/3182 3184/3184/3184 3183/3183/3183
f 3187/3187/3187 3186/3186/3186 3185/3185/3185
f 3188/3188/3188 3187/3187/3187 3185/3185/3185
f 3191/3191/3191 3190/3190/3190 3189/3189/3189
f 3190/3190/3190 3192/3192/3192 3189/3189/3189
f 3189/3189/3189 3192/3192/3192 3193/3193/3193
f 3192/3192/3192 3194/3194/3194 3193/3193/3193
f 3197/3197/3197 3196/3196/3196 3195/3195/3195
f 3198/3198/3198 3197/3197/3197 3195/3195/3195
f 3201/3201/3201 3200/3200/3200 3199/3199/3199
f 3202/3202/3202 3201/3201/3201 3199/3199/3199
f 3205/3205/3205 3204/3204/3204 3203/3203/3203
f 3206/3206/3206 3205/3205/3205 3203/3203/3203
f 3209/3209/3209 3208/3208/3208 3207/3207/3207
f 3210/3210/3210 3209/3209/3209 3207/3207/3207
f 3210/3210/3210 3207/3207/3207 3211/3211/3211
f 3212/3212/3212 3210/3210/3210 3211/3211/3211
f 3215/3215/3215 3214/3214/3214 3213/3213/3213
f 3214/3214/3214 3216/3216/3216 3213/3213/3213
f 3214/3214/3214 3217/3217/3217 3216/3216/3216
f 3217/3217/3217 3218/3218/3218 3216/3216/3216
f 3221/3221/3221 3220/3220/3220 3219/3219/3219
f 3222/3222/3222 3221/3221/3221 3219/3219/3219
f 3225/3225/3225 3224/3224/3224 3223/3223/3223
f 3226/3226/3226 3225/3225/3225 3223/3223/3223
f 3229/3229/3229 3228/3228/3228 3227/3227/3227
f 3230/3230/3230 3229/3229/3229 3227/3227/3227
f 3233/3233/3233 3232/3232/3232 3231/3231/3231
f 3234/3234/3234 3233/3233/3233 3231/3231/3231
