g Castle Center lvl1 Final
v -1.453401 1.0190061 1.8219883
v -1.453401 0.7801143 1.8219883
v -1.453401 0.7801143 2.0703957
v -1.453401 1.0190061 2.0703957
v -1.453401 -1.011681 1.79229
v -1.453401 -0.7727891 1.79229
v -4.3349857 -0.7727889 1.79229
v -4.3349857 -1.0116807 1.79229
v -1.453401 0.22574669 2.168468
v -4.3349857 0.22574715 2.168468
v -4.3349857 0.22574715 2.4168754
v -1.453401 0.22574669 2.4168754
v -4.3349857 0.22574715 2.4168754
v -4.3349857 0.46463898 2.4168754
v -1.453401 0.46463856 2.4168754
v -1.453401 0.22574669 2.4168754
v -4.3349857 0.22574715 2.168468
v -4.3349857 0.46463898 2.168468
v -4.3349857 0.46463898 2.4168754
v -4.3349857 0.22574715 2.4168754
v -1.453401 0.22574669 2.168468
v -1.453401 0.46463856 2.168468
v -4.3349857 0.46463898 2.168468
v -4.3349857 0.22574715 2.168468
v -4.3349857 -1.0116807 2.0406973
v -4.3349857 -0.7727889 2.0406973
v -1.453401 -0.7727891 2.0406973
v -1.453401 -1.011681 2.0406973
v -1.453401 0.7801143 1.8219883
v -4.3349853 0.7801149 1.8219883
v -4.3349853 0.7801149 2.0703957
v -1.453401 0.7801143 2.0703957
v -1.453401 0.46463856 2.168468
v -1.453401 0.22574669 2.168468
v -1.453401 0.22574669 2.4168754
v -1.453401 0.46463856 2.4168754
v -4.3349857 0.46463898 2.168468
v -1.453401 0.46463856 2.168468
v -1.453401 0.46463856 2.4168754
v -4.3349857 0.46463898 2.4168754
v -4.3349857 -1.0116807 1.79229
v -4.3349857 -0.7727889 1.79229
v -4.3349857 -0.7727889 2.0406973
v -4.3349857 -1.0116807 2.0406973
v -1.453401 -0.23822045 2.1585686
v -1.453401 -0.47711232 2.1585686
v -1.453401 -0.47711232 2.4069757
v -1.453401 -0.23822045 2.4069757
v -4.3349857 -0.23822 2.1585686
v -1.453401 -0.23822045 2.1585686
v -1.453401 -0.23822045 2.4069757
v -4.3349857 -0.23822 2.4069757
v -1.453401 -1.011681 1.79229
v -4.3349857 -1.0116807 1.79229
v -4.3349857 -1.0116807 2.0406973
v -1.453401 -1.011681 2.0406973
v -1.453401 -0.47711232 2.1585686
v -1.453401 -0.23822045 2.1585686
v -4.3349857 -0.23822 2.1585686
v -4.3349857 -0.47711185 2.1585686
v -1.453401 -0.7727891 1.79229
v -1.453401 -1.011681 1.79229
v -1.453401 -1.011681 2.0406973
v -1.453401 -0.7727891 2.0406973
v -1.453401 -0.47711232 2.1585686
v -4.3349857 -0.47711185 2.1585686
v -4.3349857 -0.47711185 2.4069757
v -1.453401 -0.47711232 2.4069757
v -4.3349857 -0.7727889 1.79229
v -1.453401 -0.7727891 1.79229
v -1.453401 -0.7727891 2.0406973
v -4.3349857 -0.7727889 2.0406973
v -4.3349857 -0.47711185 2.1585686
v -4.3349857 -0.23822 2.1585686
v -4.3349857 -0.23822 2.4069757
v -4.3349857 -0.47711185 2.4069757
v -4.3349857 -0.47711185 2.4069757
v -4.3349857 -0.23822 2.4069757
v -1.453401 -0.23822045 2.4069757
v -1.453401 -0.47711232 2.4069757
v -4.350373 -1.2512226 0.0015902582
v -4.3503723 0.0027774158 2.6157331
v -4.350373 -1.2512226 1.8151116
v -4.3503723 0.0027774158 0.0015902582
v -4.3503723 1.2567774 1.8151116
v -4.3503723 1.2567774 0.0015902582
v -1.4815291 0.0027768326 0.0015902582
v -1.4815296 -1.2512233 0.0015902582
v -1.4815296 -1.2512233 1.8151116
v -1.4815291 0.0027768326 2.6157331
v -1.4815291 1.2567768 0.0015902582
v -1.4815291 1.2567768 1.8151116
v -1.4815296 -1.2512233 1.8151116
v -4.350373 -1.2512226 1.8151116
v -4.3503723 0.0027774158 2.6157331
v -1.4815291 0.0027768326 2.6157331
v -1.4815291 0.0027768326 0.0015902582
v -4.350373 -1.2512226 0.0015902582
v -1.4815296 -1.2512233 0.0015902582
v -4.3503723 0.0027774158 0.0015902582
v -1.4815291 1.2567768 0.0015902582
v -4.3503723 1.2567774 0.0015902582
v -1.4815291 0.0027768326 2.6157331
v -4.3503723 0.0027774158 2.6157331
v -4.3503723 1.2567774 1.8151116
v -1.4815291 1.2567768 1.8151116
v -1.4815296 -1.2512233 0.0015902582
v -4.350373 -1.2512226 0.0015902582
v -4.350373 -1.2512226 1.8151116
v -1.4815296 -1.2512233 1.8151116
v -4.3503723 1.2567774 0.0015902582
v -1.4815291 1.2567768 0.0015902582
v -1.4815291 1.2567768 1.8151116
v -4.3503723 1.2567774 1.8151116
v 4.4346576 -1.2571408 0.0015902582
v 1.5658144 -1.2571406 0.0015902582
v 1.5658144 -1.2571406 1.8151116
v 4.4346576 -1.2571408 1.8151116
v 1.5658145 -0.003140603 0.0015902582
v 1.5658149 1.2508594 0.0015902582
v 1.5658149 1.2508594 1.8151116
v 1.5658145 -0.003140603 2.6157331
v 1.5658144 -1.2571406 0.0015902582
v 1.5658144 -1.2571406 1.8151116
v 1.5658149 1.2508594 0.0015902582
v 4.434658 1.2508593 0.0015902582
v 4.434658 1.2508593 1.8151116
v 1.5658149 1.2508594 1.8151116
v 4.434658 -0.0031407527 0.0015902582
v 4.4346576 -1.2571408 0.0015902582
v 4.4346576 -1.2571408 1.8151116
v 4.434658 -0.0031407527 2.6157331
v 4.434658 1.2508593 0.0015902582
v 4.434658 1.2508593 1.8151116
v 1.5658145 -0.003140603 0.0015902582
v 4.434658 1.2508593 0.0015902582
v 1.5658149 1.2508594 0.0015902582
v 4.434658 -0.0031407527 0.0015902582
v 1.5658144 -1.2571406 0.0015902582
v 4.4346576 -1.2571408 0.0015902582
v 1.5658145 -0.003140603 2.6157331
v 4.434658 -0.0031407527 2.6157331
v 4.4346576 -1.2571408 1.8151116
v 1.5658144 -1.2571406 1.8151116
v 1.5658149 1.2508594 1.8151116
v 4.434658 1.2508593 1.8151116
v 4.434658 -0.0031407527 2.6157331
v 1.5658145 -0.003140603 2.6157331
v 1.5376861 0.2378567 2.1585686
v 1.5376861 0.4767485 2.1585686
v 1.5376861 0.4767485 2.4069757
v 1.5376861 0.2378567 2.4069757
v 1.5376861 0.4767485 2.1585686
v 4.419271 0.4767485 2.1585686
v 4.419271 0.4767485 2.4069757
v 1.5376861 0.4767485 2.4069757
v 4.419271 0.4767485 2.1585686
v 4.419271 0.2378567 2.1585686
v 4.419271 0.2378567 2.4069757
v 4.419271 0.4767485 2.4069757
v 4.419271 0.2378567 2.1585686
v 1.5376861 0.2378567 2.1585686
v 1.5376861 0.2378567 2.4069757
v 4.419271 0.2378567 2.4069757
v 1.5376861 0.4767485 2.1585686
v 1.5376861 0.2378567 2.1585686
v 4.419271 0.2378567 2.1585686
v 4.419271 0.4767485 2.1585686
v 4.419271 0.4767485 2.4069757
v 4.419271 0.2378567 2.4069757
v 1.5376861 0.2378567 2.4069757
v 1.5376861 0.4767485 2.4069757
v 1.5376861 0.7724254 1.79229
v 1.5376861 1.0113174 1.79229
v 1.5376861 1.0113174 2.0406973
v 1.5376861 0.7724254 2.0406973
v 1.5376861 1.0113174 1.79229
v 4.419271 1.0113174 1.79229
v 4.419271 1.0113174 2.0406973
v 1.5376861 1.0113174 2.0406973
v 4.419271 1.0113174 1.79229
v 4.419271 0.7724254 1.79229
v 4.419271 0.7724254 2.0406973
v 4.419271 1.0113174 2.0406973
v 4.419271 0.7724254 1.79229
v 1.5376861 0.7724254 1.79229
v 1.5376861 0.7724254 2.0406973
v 4.419271 0.7724254 2.0406973
v 1.5376861 1.0113174 1.79229
v 1.5376861 0.7724254 1.79229
v 4.419271 0.7724254 1.79229
v 4.419271 1.0113174 1.79229
v 4.419271 1.0113174 2.0406973
v 4.419271 0.7724254 2.0406973
v 1.5376861 0.7724254 2.0406973
v 1.5376861 1.0113174 2.0406973
v 1.5376861 -0.4650023 2.168468
v 1.5376861 -0.22611047 2.168468
v 1.5376861 -0.22611047 2.4168754
v 1.5376861 -0.4650023 2.4168754
v 1.5376861 -0.22611047 2.168468
v 4.419271 -0.22611047 2.168468
v 4.419271 -0.22611047 2.4168754
v 1.5376861 -0.22611047 2.4168754
v 4.419271 -0.22611047 2.168468
v 4.419271 -0.4650023 2.168468
v 4.419271 -0.4650023 2.4168754
v 4.419271 -0.22611047 2.4168754
v 4.419271 -0.4650023 2.168468
v 1.5376861 -0.4650023 2.168468
v 1.5376861 -0.4650023 2.4168754
v 4.419271 -0.4650023 2.4168754
v 1.5376861 -0.22611047 2.168468
v 1.5376861 -0.4650023 2.168468
v 4.419271 -0.4650023 2.168468
v 4.419271 -0.22611047 2.168468
v 4.419271 -0.22611047 2.4168754
v 4.419271 -0.4650023 2.4168754
v 1.5376861 -0.4650023 2.4168754
v 1.5376861 -0.22611047 2.4168754
v 1.5376861 -1.01937 1.8219883
v 1.5376861 -0.78047824 1.8219883
v 1.5376861 -0.78047824 2.0703957
v 1.5376861 -1.01937 2.0703957
v 1.5376861 -0.78047824 1.8219883
v 4.419271 -0.78047824 1.8219883
v 4.419271 -0.78047824 2.0703957
v 1.5376861 -0.78047824 2.0703957
v 4.419271 -0.78047824 1.8219883
v 4.419271 -1.01937 1.8219883
v 4.419271 -1.01937 2.0703957
v 4.419271 -0.78047824 2.0703957
v 4.419271 -1.01937 1.8219883
v 1.5376861 -1.01937 1.8219883
v 1.5376861 -1.01937 2.0703957
v 4.419271 -1.01937 2.0703957
v 1.5376861 -0.78047824 1.8219883
v 1.5376861 -1.01937 1.8219883
v 4.419271 -1.01937 1.8219883
v 4.419271 -0.78047824 1.8219883
v 4.419271 -0.78047824 2.0703957
v 4.419271 -1.01937 2.0703957
v 1.5376861 -1.01937 2.0703957
v 1.5376861 -0.78047824 2.0703957
v -4.3349853 0.7801149 1.8219883
v -4.3349853 1.0190068 1.8219883
v -4.3349853 1.0190068 2.0703957
v -4.3349853 0.7801149 2.0703957
v -4.3349853 1.0190068 1.8219883
v -1.453401 1.0190061 1.8219883
v -1.453401 1.0190061 2.0703957
v -4.3349853 1.0190068 2.0703957
v -1.453401 0.7801143 1.8219883
v -1.453401 1.0190061 1.8219883
v -4.3349853 1.0190068 1.8219883
v -4.3349853 0.7801149 1.8219883
v -4.3349853 0.7801149 2.0703957
v -4.3349853 1.0190068 2.0703957
v -1.453401 1.0190061 2.0703957
v -1.453401 0.7801143 2.0703957
v 0.9929009 1.5638026 1.8219883
v 0.75400925 1.5638024 1.8219883
v 0.75400925 1.5638024 2.0703957
v 0.9929009 1.5638026 2.0703957
v -1.0377862 1.5638022 1.79229
v -0.7988945 1.5638024 1.79229
v -0.7988942 4.4453874 1.79229
v -1.037786 4.4453874 1.79229
v 0.19964162 1.5638024 2.168468
v 0.19964191 4.4453874 2.168468
v 0.19964191 4.4453874 2.4168754
v 0.19964162 1.5638024 2.4168754
v 0.19964191 4.4453874 2.4168754
v 0.43853343 4.4453874 2.4168754
v 0.43853343 1.5638024 2.4168754
v 0.19964162 1.5638024 2.4168754
v 0.19964191 4.4453874 2.168468
v 0.43853343 4.4453874 2.168468
v 0.43853343 4.4453874 2.4168754
v 0.19964191 4.4453874 2.4168754
v 0.19964162 1.5638024 2.168468
v 0.43853343 1.5638024 2.168468
v 0.43853343 4.4453874 2.168468
v 0.19964191 4.4453874 2.168468
v -1.037786 4.4453874 2.0406973
v -0.7988942 4.4453874 2.0406973
v -0.7988945 1.5638024 2.0406973
v -1.0377862 1.5638022 2.0406973
v 0.75400925 1.5638024 1.8219883
v 0.75400984 4.445387 1.8219883
v 0.75400984 4.445387 2.0703957
v 0.75400925 1.5638024 2.0703957
v 0.43853343 1.5638024 2.168468
v 0.19964162 1.5638024 2.168468
v 0.19964162 1.5638024 2.4168754
v 0.43853343 1.5638024 2.4168754
v 0.43853343 4.4453874 2.168468
v 0.43853343 1.5638024 2.168468
v 0.43853343 1.5638024 2.4168754
v 0.43853343 4.4453874 2.4168754
v -1.037786 4.4453874 1.79229
v -0.7988942 4.4453874 1.79229
v -0.7988942 4.4453874 2.0406973
v -1.037786 4.4453874 2.0406973
v -0.26432574 1.5638024 2.1585686
v -0.5032172 1.5638024 2.1585686
v -0.5032172 1.5638024 2.4069757
v -0.26432574 1.5638024 2.4069757
v -0.2643254 4.4453874 2.1585686
v -0.26432574 1.5638024 2.1585686
v -0.26432574 1.5638024 2.4069757
v -0.2643254 4.4453874 2.4069757
v -1.0377862 1.5638022 1.79229
v -1.037786 4.4453874 1.79229
v -1.037786 4.4453874 2.0406973
v -1.0377862 1.5638022 2.0406973
v -0.5032172 1.5638024 2.1585686
v -0.26432574 1.5638024 2.1585686
v -0.2643254 4.4453874 2.1585686
v -0.5032172 4.4453874 2.1585686
v -0.7988945 1.5638024 1.79229
v -1.0377862 1.5638022 1.79229
v -1.0377862 1.5638022 2.0406973
v -0.7988945 1.5638024 2.0406973
v -0.5032172 1.5638024 2.1585686
v -0.5032172 4.4453874 2.1585686
v -0.5032172 4.4453874 2.4069757
v -0.5032172 1.5638024 2.4069757
v -0.7988942 4.4453874 1.79229
v -0.7988945 1.5638024 1.79229
v -0.7988945 1.5638024 2.0406973
v -0.7988942 4.4453874 2.0406973
v -0.5032172 4.4453874 2.1585686
v -0.2643254 4.4453874 2.1585686
v -0.2643254 4.4453874 2.4069757
v -0.5032172 4.4453874 2.4069757
v -0.5032172 4.4453874 2.4069757
v -0.2643254 4.4453874 2.4069757
v -0.26432574 1.5638024 2.4069757
v -0.5032172 1.5638024 2.4069757
v -1.2773277 4.4607744 0.0015902582
v -0.023327898 4.4607744 2.6157331
v -1.2773277 4.4607744 1.8151116
v -0.023327898 4.4607744 0.0015902582
v 1.230672 4.4607744 1.8151116
v 1.230672 4.4607744 0.0015902582
v -0.023328196 1.5919307 0.0015902582
v -1.2773284 1.591931 0.0015902582
v -1.2773284 1.591931 1.8151116
v -0.023328196 1.5919307 2.6157331
v 1.2306719 1.5919311 0.0015902582
v 1.2306719 1.5919311 1.8151116
v -1.2773284 1.591931 1.8151116
v -1.2773277 4.4607744 1.8151116
v -0.023327898 4.4607744 2.6157331
v -0.023328196 1.5919307 2.6157331
v -0.023328196 1.5919307 0.0015902582
v -1.2773277 4.4607744 0.0015902582
v -1.2773284 1.591931 0.0015902582
v -0.023327898 4.4607744 0.0015902582
v 1.2306719 1.5919311 0.0015902582
v 1.230672 4.4607744 0.0015902582
v -0.023328196 1.5919307 2.6157331
v -0.023327898 4.4607744 2.6157331
v 1.230672 4.4607744 1.8151116
v 1.2306719 1.5919311 1.8151116
v -1.2773284 1.591931 0.0015902582
v -1.2773277 4.4607744 0.0015902582
v -1.2773277 4.4607744 1.8151116
v -1.2773284 1.591931 1.8151116
v 1.230672 4.4607744 0.0015902582
v 1.2306719 1.5919311 0.0015902582
v 1.2306719 1.5919311 1.8151116
v 1.230672 4.4607744 1.8151116
v 0.75400984 4.445387 1.8219883
v 0.9929014 4.4453874 1.8219883
v 0.9929014 4.4453874 2.0703957
v 0.75400984 4.445387 2.0703957
v 0.9929014 4.4453874 1.8219883
v 0.9929009 1.5638026 1.8219883
v 0.9929009 1.5638026 2.0703957
v 0.9929014 4.4453874 2.0703957
v 0.75400925 1.5638024 1.8219883
v 0.9929009 1.5638026 1.8219883
v 0.9929014 4.4453874 1.8219883
v 0.75400984 4.445387 1.8219883
v 0.75400984 4.445387 2.0703957
v 0.9929014 4.4453874 2.0703957
v 0.9929009 1.5638026 2.0703957
v 0.75400925 1.5638024 2.0703957
v -1.0454726 -1.5470357 1.8219883
v -0.80658114 -1.5470357 1.8219883
v -0.80658114 -1.5470357 2.0703957
v -1.0454726 -1.5470357 2.0703957
v 0.98521435 -1.5470357 1.79229
v 0.7463226 -1.5470363 1.79229
v 0.7463218 -4.428621 1.79229
v 0.9852137 -4.428621 1.79229
v -0.25221348 -1.5470357 2.168468
v -0.25221425 -4.428621 2.168468
v -0.25221425 -4.428621 2.4168754
v -0.25221348 -1.5470357 2.4168754
v -0.25221425 -4.428621 2.4168754
v -0.49110574 -4.428621 2.4168754
v -0.49110535 -1.5470357 2.4168754
v -0.25221348 -1.5470357 2.4168754
v -0.25221425 -4.428621 2.168468
v -0.49110574 -4.428621 2.168468
v -0.49110574 -4.428621 2.4168754
v -0.25221425 -4.428621 2.4168754
v -0.25221348 -1.5470357 2.168468
v -0.49110535 -1.5470357 2.168468
v -0.49110574 -4.428621 2.168468
v -0.25221425 -4.428621 2.168468
v 0.9852137 -4.428621 2.0406973
v 0.7463218 -4.428621 2.0406973
v 0.7463226 -1.5470363 2.0406973
v 0.98521435 -1.5470357 2.0406973
v -0.80658114 -1.5470357 1.8219883
v -0.8065821 -4.4286203 1.8219883
v -0.8065821 -4.4286203 2.0703957
v -0.80658114 -1.5470357 2.0703957
v -0.49110535 -1.5470357 2.168468
v -0.25221348 -1.5470357 2.168468
v -0.25221348 -1.5470357 2.4168754
v -0.49110535 -1.5470357 2.4168754
v -0.49110574 -4.428621 2.168468
v -0.49110535 -1.5470357 2.168468
v -0.49110535 -1.5470357 2.4168754
v -0.49110574 -4.428621 2.4168754
v 0.9852137 -4.428621 1.79229
v 0.7463218 -4.428621 1.79229
v 0.7463218 -4.428621 2.0406973
v 0.9852137 -4.428621 2.0406973
v 0.21175383 -1.5470357 2.1585686
v 0.45064536 -1.5470357 2.1585686
v 0.45064536 -1.5470357 2.4069757
v 0.21175383 -1.5470357 2.4069757
v 0.21175309 -4.428621 2.1585686
v 0.21175383 -1.5470357 2.1585686
v 0.21175383 -1.5470357 2.4069757
v 0.21175309 -4.428621 2.4069757
v 0.98521435 -1.5470357 1.79229
v 0.9852137 -4.428621 1.79229
v 0.9852137 -4.428621 2.0406973
v 0.98521435 -1.5470357 2.0406973
v 0.45064536 -1.5470357 2.1585686
v 0.21175383 -1.5470357 2.1585686
v 0.21175309 -4.428621 2.1585686
v 0.45064494 -4.428621 2.1585686
v 0.7463226 -1.5470363 1.79229
v 0.98521435 -1.5470357 1.79229
v 0.98521435 -1.5470357 2.0406973
v 0.7463226 -1.5470363 2.0406973
v 0.45064536 -1.5470357 2.1585686
v 0.45064494 -4.428621 2.1585686
v 0.45064494 -4.428621 2.4069757
v 0.45064536 -1.5470357 2.4069757
v 0.7463218 -4.428621 1.79229
v 0.7463226 -1.5470363 1.79229
v 0.7463226 -1.5470363 2.0406973
v 0.7463218 -4.428621 2.0406973
v 0.45064494 -4.428621 2.1585686
v 0.21175309 -4.428621 2.1585686
v 0.21175309 -4.428621 2.4069757
v 0.45064494 -4.428621 2.4069757
v 0.45064494 -4.428621 2.4069757
v 0.21175309 -4.428621 2.4069757
v 0.21175383 -1.5470357 2.4069757
v 0.45064536 -1.5470357 2.4069757
v 1.2247553 -4.4440074 0.0015902582
v -0.029244423 -4.4440074 2.6157331
v 1.2247553 -4.4440074 1.8151116
v -0.029244423 -4.4440074 0.0015902582
v -1.2832443 -4.4440074 1.8151116
v -1.2832443 -4.4440074 0.0015902582
v -0.029243689 -1.5751641 0.0015902582
v 1.2247565 -1.5751647 0.0015902582
v 1.2247565 -1.5751647 1.8151116
v -0.029243689 -1.5751641 2.6157331
v -1.2832438 -1.5751641 0.0015902582
v -1.2832438 -1.5751641 1.8151116
v 1.2247565 -1.5751647 1.8151116
v 1.2247553 -4.4440074 1.8151116
v -0.029244423 -4.4440074 2.6157331
v -0.029243689 -1.5751641 2.6157331
v -0.029243689 -1.5751641 0.0015902582
v 1.2247553 -4.4440074 0.0015902582
v 1.2247565 -1.5751647 0.0015902582
v -0.029244423 -4.4440074 0.0015902582
v -1.2832438 -1.5751641 0.0015902582
v -1.2832443 -4.4440074 0.0015902582
v -0.029243689 -1.5751641 2.6157331
v -0.029244423 -4.4440074 2.6157331
v -1.2832443 -4.4440074 1.8151116
v -1.2832438 -1.5751641 1.8151116
v 1.2247565 -1.5751647 0.0015902582
v 1.2247553 -4.4440074 0.0015902582
v 1.2247553 -4.4440074 1.8151116
v 1.2247565 -1.5751647 1.8151116
v -1.2832443 -4.4440074 0.0015902582
v -1.2832438 -1.5751641 0.0015902582
v -1.2832438 -1.5751641 1.8151116
v -1.2832443 -4.4440074 1.8151116
v -0.8065821 -4.4286203 1.8219883
v -1.0454736 -4.428621 1.8219883
v -1.0454736 -4.428621 2.0703957
v -0.8065821 -4.4286203 2.0703957
v -1.0454736 -4.428621 1.8219883
v -1.0454726 -1.5470357 1.8219883
v -1.0454726 -1.5470357 2.0703957
v -1.0454736 -4.428621 2.0703957
v -0.80658114 -1.5470357 1.8219883
v -1.0454726 -1.5470357 1.8219883
v -1.0454736 -4.428621 1.8219883
v -0.8065821 -4.4286203 1.8219883
v -0.8065821 -4.4286203 2.0703957
v -1.0454736 -4.428621 2.0703957
v -1.0454726 -1.5470357 2.0703957
v -0.80658114 -1.5470357 2.0703957
v 1.0991179 1.0991176 4.040081
v 1.0991179 1.0991176 3.307855
v -1.0991203 1.0991176 3.307855
v -1.0991203 1.0991176 4.040081
v 1.7074169 1.7074159 0.03432989
v 1.7074169 -1.7074215 0.03432989
v 1.6123708 -1.6123735 4.040081
v 1.6123708 1.6123706 4.040081
v 1.7074169 -1.7074215 0.03432989
v -1.7074207 -1.7074215 0.03432989
v -1.6123732 -1.6123735 4.040081
v 1.6123708 -1.6123735 4.040081
v -1.7074207 1.7074159 0.03432989
v -1.7074207 -1.7074215 0.03432989
v 1.7074169 -1.7074215 0.03432989
v 1.7074169 1.7074159 0.03432989
v -1.7074207 -1.7074215 0.03432989
v -1.7074207 1.7074159 0.03432989
v -1.6123732 1.6123706 4.040081
v -1.6123732 -1.6123735 4.040081
v -1.7074207 1.7074159 0.03432989
v 1.7074169 1.7074159 0.03432989
v 1.6123708 1.6123706 4.040081
v -1.6123732 1.6123706 4.040081
v -0.68672705 -0.43083155 7.4946723
v -0.59842634 -0.3738217 8.141249
v -0.68672705 -0.43083155 8.141249
v -0.59842634 -0.3738217 7.4946723
v -0.68672705 -0.43083155 3.1638794
v -0.59842634 -0.3738217 3.1638794
v -0.59842634 -0.3738217 7.4946723
v -0.5414157 -0.4621233 8.141249
v -0.59842634 -0.3738217 8.141249
v -0.5414157 -0.4621233 7.4946723
v -0.59842634 -0.3738217 3.1638794
v -0.5414157 -0.4621233 3.1638794
v -0.6297183 -0.5191331 7.4946723
v 0.5931401 -2.3370023 6.9074016
v 0.6119981 -2.3248272 6.9074016
v -0.5414157 -0.4621233 7.4946723
v -0.6297183 -0.5191331 7.4946723
v -0.68672705 -0.43083155 8.141249
v -0.6297183 -0.5191331 8.141249
v -0.68672705 -0.43083155 7.4946723
v -0.6297183 -0.5191331 3.1638794
v -0.68672705 -0.43083155 3.1638794
v -0.59842634 -0.3738217 3.1638794
v -0.68672705 -0.43083155 3.1638794
v -0.6297183 -0.5191331 3.1638794
v -0.5414157 -0.4621233 3.1638794
v -0.5414157 -0.4621233 8.141249
v -0.6297183 -0.5191331 8.141249
v -0.68672705 -0.43083155 8.141249
v -0.59842634 -0.3738217 8.141249
v -0.5414157 -0.4621233 3.1638794
v -0.6297183 -0.5191331 3.1638794
v -0.6297183 -0.5191331 7.4946723
v -0.5414157 -0.4621233 7.4946723
v 0.5931401 -2.3370023 7.045486
v 0.6196122 -2.3780057 7.045486
v 0.6196122 -2.3780057 6.9074016
v 0.5931401 -2.3370023 6.9074016
v -0.6297183 -0.5191331 8.141249
v -0.6297183 -0.5191331 7.4946723
v -0.5414157 -0.4621233 7.4946723
v 0.6119981 -2.3248272 7.045486
v -0.5414157 -0.4621233 8.141249
v 0.6119981 -2.3248272 6.9074016
v 0.6384702 -2.3658307 7.045486
v 0.6384702 -2.3658307 6.9074016
v -0.5414157 -0.4621233 8.141249
v 0.6119981 -2.3248272 7.045486
v 0.5931401 -2.3370023 7.045486
v -0.6297183 -0.5191331 8.141249
v 0.6384702 -2.3658307 6.9074016
v 0.6196122 -2.3780057 6.9074016
v 0.6196122 -2.3780057 7.045486
v 0.6384702 -2.3658307 7.045486
v 0.6119981 -2.3248272 7.045486
v 0.6384702 -2.3658307 7.045486
v 0.6196122 -2.3780057 7.045486
v 0.5931401 -2.3370023 7.045486
v 0.5931401 -2.3370023 6.9074016
v 0.6196122 -2.3780057 6.9074016
v 0.6384702 -2.3658307 6.9074016
v 0.6119981 -2.3248272 6.9074016
v 1.0991179 1.0991176 3.307855
v 1.0991179 -1.0991205 3.307855
v -1.0991203 -1.0991205 3.307855
v -1.0991203 1.0991176 3.307855
v -1.0991203 -1.0991205 4.040081
v -1.0991203 -1.0991205 3.307855
v 1.0991179 -1.0991205 3.307855
v 1.0991179 -1.0991205 4.040081
v -1.0991203 1.0991176 4.040081
v -1.0991203 1.0991176 3.307855
v -1.0991203 -1.0991205 3.307855
v -1.0991203 -1.0991205 4.040081
v 1.0991179 -1.0991205 4.040081
v 1.0991179 -1.0991205 3.307855
v 1.0991179 1.0991176 3.307855
v 1.0991179 1.0991176 4.040081
v 3.2755678 1.6123343 0.14671756
v 2.568687 2.3118818 0.14671756
v 2.568687 2.3118818 1.1412262
v 3.2755678 1.6123343 1.1412262
v 2.568687 2.3118818 0.14671756
v 3.2682343 3.0187624 0.14671756
v 3.2682343 3.0187624 1.1412262
v 2.568687 2.3118818 1.1412262
v 3.2682343 3.0187624 0.14671756
v 3.975115 2.319215 0.14671756
v 3.975115 2.319215 1.1412262
v 3.2682343 3.0187624 1.1412262
v 3.975115 2.319215 0.14671756
v 3.2755678 1.6123343 0.14671756
v 3.2755678 1.6123343 1.1412262
v 3.975115 2.319215 1.1412262
v 2.568687 2.3118818 0.14671756
v 3.2755678 1.6123343 0.14671756
v 3.975115 2.319215 0.14671756
v 3.2682343 3.0187624 0.14671756
v 3.2682343 3.0187624 1.1412262
v 3.975115 2.319215 1.1412262
v 3.2755678 1.6123343 1.1412262
v 2.568687 2.3118818 1.1412262
v 1.8297967 1.9637163 0.13638718
v 1.8297967 2.6673782 0.13638718
v 1.8297967 2.6673782 0.840049
v 1.8297967 1.9637163 0.840049
v 1.8297967 2.6673782 0.13638718
v 2.5334585 2.6673782 0.13638718
v 2.5334585 2.6673782 0.840049
v 1.8297967 2.6673782 0.840049
v 2.5334585 2.6673782 0.13638718
v 2.5334585 1.9637163 0.13638718
v 2.5334585 1.9637163 0.840049
v 2.5334585 2.6673782 0.840049
v 2.5334585 1.9637163 0.13638718
v 1.8297967 1.9637163 0.13638718
v 1.8297967 1.9637163 0.840049
v 2.5334585 1.9637163 0.840049
v 1.8297967 2.6673782 0.13638718
v 1.8297967 1.9637163 0.13638718
v 2.5334585 1.9637163 0.13638718
v 2.5334585 2.6673782 0.13638718
v 2.5334585 2.6673782 0.840049
v 2.5334585 1.9637163 0.840049
v 1.8297967 1.9637163 0.840049
v 1.8297967 2.6673782 0.840049
v 0.46754354 -0.035443097 4.152477
v 0.60381997 -0.12649858 4.152477
v 0.5794773 -0.150841 4.509747
v 0.45436928 -0.06724787 4.509747
v 0.30679548 -0.847746 3.760491
v 0.14445266 -0.81545323 3.760491
v 0.14445266 -0.81545323 4.0657864
v 0.30679548 -0.847746 4.0657864
v 0.30679515 -0.041579008 3.3081899
v 0.45295858 -0.0706535 3.3081899
v 0.46705765 -0.036616147 3.6572027
v 0.30679545 -0.0047371686 3.6572022
v 0.30679548 0.00069984794 3.7604904
v 0.46913832 -0.031592995 3.760491
v 0.46913832 -0.031592995 4.0657864
v 0.30679548 0.00069984794 4.065786
v 0.14604738 -0.8116031 4.152477
v 0.00977096 -0.7205476 4.152477
v 0.03411311 -0.6962052 4.509747
v 0.1592211 -0.7797984 4.509747
v 0.65966624 -0.27735966 3.3081899
v 0.68873924 -0.4235231 3.3081899
v 0.72558135 -0.4235231 3.6572027
v 0.693704 -0.26326093 3.6572027
v 0.60381997 -0.12649858 4.152477
v 0.6948771 -0.26277503 4.152477
v 0.6630719 -0.275949 4.509747
v 0.5794773 -0.150841 4.509747
v 0.14445266 -0.81545323 3.760491
v 0.006824255 -0.72349435 3.760491
v 0.006824255 -0.72349435 4.0657864
v 0.14445266 -0.81545323 4.0657864
v 0.68873924 -0.4235231 3.3081899
v 0.65966624 -0.56968653 3.3081899
v 0.693704 -0.5837853 3.6572027
v 0.72558135 -0.4235231 3.6572027
v 0.6067667 -0.123551846 3.760491
v 0.69872725 -0.26118028 3.760491
v 0.69872725 -0.26118028 4.0657864
v 0.6067667 -0.123551846 4.0657864
v 0.00977096 -0.7205476 4.152477
v -0.08128616 -0.5842712 4.152477
v -0.04948151 -0.5710972 4.509747
v 0.03411311 -0.6962052 4.509747
v 0.65966624 -0.56968653 3.3081899
v 0.5768707 -0.6935986 3.3081899
v 0.60292214 -0.7196498 3.6572027
v 0.693704 -0.5837853 3.6572027
v 0.6948771 -0.26277503 4.152477
v 0.7268511 -0.4235231 4.152477
v 0.6924255 -0.4235231 4.509747
v 0.6630719 -0.275949 4.509747
v 0.006824255 -0.72349435 3.760491
v -0.085136235 -0.5858659 3.760491
v -0.085136235 -0.5858659 4.0657864
v 0.006824255 -0.72349435 4.0657864
v 0.5768707 -0.6935986 3.3081899
v 0.45295858 -0.7763927 3.3081899
v 0.46705765 -0.81043005 3.6572027
v 0.60292214 -0.7196498 3.6572027
v 0.69872725 -0.26118028 3.760491
v 0.7310184 -0.4235231 3.760491
v 0.7310184 -0.4235231 4.0657864
v 0.69872725 -0.26118028 4.0657864
v -0.08128616 -0.5842712 4.152477
v -0.11326018 -0.4235231 4.152477
v -0.07883513 -0.4235231 4.509747
v -0.04948151 -0.5710972 4.509747
v 0.45295858 -0.7763927 3.3081899
v 0.30679515 -0.8054672 3.3081899
v 0.30679545 -0.842309 3.6572027
v 0.46705765 -0.81043005 3.6572027
v 0.7268511 -0.4235231 4.152477
v 0.6948771 -0.58427113 4.152477
v 0.6630719 -0.5710972 4.509747
v 0.6924255 -0.4235231 4.509747
v -0.085136235 -0.5858659 3.760491
v -0.11742747 -0.4235231 3.760491
v -0.11742747 -0.4235231 4.0657864
v -0.085136235 -0.5858659 4.0657864
v 0.30679515 -0.8054672 3.3081899
v 0.16063172 -0.7763927 3.3081899
v 0.14653328 -0.81043005 3.6572027
v 0.30679545 -0.842309 3.6572027
v 0.7310184 -0.4235231 3.760491
v 0.69872725 -0.5858659 3.760491
v 0.69872725 -0.5858659 4.0657864
v 0.7310184 -0.4235231 4.0657864
v -0.11326018 -0.4235231 4.152477
v -0.08128616 -0.26277503 4.152477
v -0.04948151 -0.275949 4.509747
v -0.07883513 -0.4235231 4.509747
v 0.16063172 -0.7763927 3.3081899
v 0.03671962 -0.6935986 3.3081899
v 0.010668784 -0.7196498 3.6572027
v 0.14653328 -0.81043005 3.6572027
v 0.6948771 -0.58427113 4.152477
v 0.60381997 -0.7205476 4.152477
v 0.5794773 -0.6962052 4.509747
v 0.6630719 -0.5710972 4.509747
v -0.11742747 -0.4235231 3.760491
v -0.085136235 -0.26118028 3.760491
v -0.085136235 -0.26118028 4.0657864
v -0.11742747 -0.4235231 4.0657864
v 0.03671962 -0.6935986 3.3081899
v -0.04607591 -0.56968653 3.3081899
v -0.08011311 -0.5837853 3.6572027
v 0.010668784 -0.7196498 3.6572027
v 0.69872725 -0.5858659 3.760491
v 0.6067667 -0.72349435 3.760491
v 0.6067667 -0.72349435 4.0657864
v 0.69872725 -0.5858659 4.0657864
v -0.08128616 -0.26277503 4.152477
v 0.00977096 -0.12649858 4.152477
v 0.03411311 -0.150841 4.509747
v -0.04948151 -0.275949 4.509747
v -0.04607591 -0.56968653 3.3081899
v -0.07514894 -0.4235231 3.3081899
v -0.11199048 -0.4235231 3.6572027
v -0.08011311 -0.5837853 3.6572027
v 0.60381997 -0.7205476 4.152477
v 0.46754354 -0.8116031 4.152477
v 0.45436928 -0.7797984 4.509747
v 0.5794773 -0.6962052 4.509747
v -0.085136235 -0.26118028 3.760491
v 0.006824255 -0.123551846 3.760491
v 0.006824255 -0.123551846 4.0657864
v -0.085136235 -0.26118028 4.0657864
v -0.07514894 -0.4235231 3.3081899
v -0.04607591 -0.27735966 3.3081899
v -0.08011311 -0.26326093 3.6572027
v -0.11199048 -0.4235231 3.6572027
v 0.6067667 -0.72349435 3.760491
v 0.46913832 -0.81545323 3.760491
v 0.46913832 -0.81545323 4.0657864
v 0.6067667 -0.72349435 4.0657864
v 0.00977096 -0.12649858 4.152477
v 0.14604738 -0.035443097 4.152477
v 0.1592211 -0.06724787 4.509747
v 0.03411311 -0.150841 4.509747
v -0.04607591 -0.27735966 3.3081899
v 0.03671962 -0.15344754 3.3081899
v 0.010668784 -0.1273964 3.6572027
v -0.08011311 -0.26326093 3.6572027
v 0.46754354 -0.8116031 4.152477
v 0.30679545 -0.8435787 4.152477
v 0.30679518 -0.80915344 4.509747
v 0.45436928 -0.7797984 4.509747
v 0.006824255 -0.123551846 3.760491
v 0.14445266 -0.031592995 3.760491
v 0.14445266 -0.031592995 4.0657864
v 0.006824255 -0.123551846 4.0657864
v 0.03671962 -0.15344754 3.3081899
v 0.16063172 -0.0706535 3.3081899
v 0.14653328 -0.036616147 3.6572027
v 0.010668784 -0.1273964 3.6572027
v 0.46913832 -0.81545323 3.760491
v 0.30679548 -0.847746 3.760491
v 0.30679548 -0.847746 4.0657864
v 0.46913832 -0.81545323 4.0657864
v 0.5768707 -0.15344754 3.3081899
v 0.65966624 -0.27735966 3.3081899
v 0.693704 -0.26326093 3.6572027
v 0.60292214 -0.1273964 3.6572027
v 0.6630719 -0.275949 4.509747
v 0.6924255 -0.4235231 4.509747
v 0.6630719 -0.5710972 4.509747
v 0.5794773 -0.150841 4.509747
v 0.5794773 -0.6962052 4.509747
v 0.45436928 -0.06724787 4.509747
v 0.45436928 -0.7797984 4.509747
v 0.30679518 -0.03789279 4.509747
v 0.30679518 -0.80915344 4.509747
v 0.1592211 -0.06724787 4.509747
v 0.1592211 -0.7797984 4.509747
v 0.03411311 -0.150841 4.509747
v 0.03411311 -0.6962052 4.509747
v -0.04948151 -0.275949 4.509747
v -0.04948151 -0.5710972 4.509747
v -0.07883513 -0.4235231 4.509747
v 0.14445266 -0.031592995 3.760491
v 0.30679548 0.00069984794 3.7604904
v 0.30679548 0.00069984794 4.065786
v 0.14445266 -0.031592995 4.0657864
v 0.46913832 -0.031592995 3.760491
v 0.6067667 -0.123551846 3.760491
v 0.6067667 -0.123551846 4.0657864
v 0.46913832 -0.031592995 4.0657864
v 0.30679545 -0.8435787 4.152477
v 0.14604738 -0.8116031 4.152477
v 0.1592211 -0.7797984 4.509747
v 0.30679518 -0.80915344 4.509747
v 0.45295858 -0.0706535 3.3081899
v 0.5768707 -0.15344754 3.3081899
v 0.60292214 -0.1273964 3.6572027
v 0.46705765 -0.036616147 3.6572027
v 0.65966624 -0.56968653 3.3081899
v 0.68873924 -0.4235231 3.3081899
v 0.65966624 -0.27735966 3.3081899
v 0.5768707 -0.6935986 3.3081899
v 0.5768707 -0.15344754 3.3081899
v 0.45295858 -0.7763927 3.3081899
v 0.45295858 -0.0706535 3.3081899
v 0.30679515 -0.8054672 3.3081899
v 0.30679515 -0.041579008 3.3081899
v 0.16063172 -0.7763927 3.3081899
v 0.16063172 -0.0706535 3.3081899
v 0.03671962 -0.6935986 3.3081899
v 0.03671962 -0.15344754 3.3081899
v -0.04607591 -0.56968653 3.3081899
v -0.04607591 -0.27735966 3.3081899
v -0.07514894 -0.4235231 3.3081899
v 0.30679545 -0.0034674704 4.152477
v 0.46754354 -0.035443097 4.152477
v 0.45436928 -0.06724787 4.509747
v 0.30679518 -0.03789279 4.509747
v 0.46705765 -0.036616147 3.6572027
v 0.30679545 0.045185506 3.6545744
v 0.30679545 -0.0047371686 3.6572022
v 0.48616213 0.009506434 3.6545749
v 0.60292214 -0.1273964 3.6572027
v 0.6382227 -0.09209558 3.6545749
v 0.693704 -0.26326093 3.6572027
v 0.73982656 -0.24415645 3.6545749
v 0.72558135 -0.4235231 3.6572027
v 0.775504 -0.4235231 3.6545749
v 0.693704 -0.5837853 3.6572027
v 0.73982656 -0.6028898 3.6545749
v 0.60292214 -0.7196498 3.6572027
v 0.6382227 -0.75495064 3.6545749
v 0.46705765 -0.81043005 3.6572027
v 0.48616216 -0.8565526 3.6545749
v 0.30679545 -0.842309 3.6572027
v 0.30679545 -0.8922317 3.6545749
v 0.14653328 -0.81043005 3.6572027
v 0.12742876 -0.8565526 3.6545749
v 0.010668784 -0.7196498 3.6572027
v -0.024631739 -0.75495064 3.6545749
v -0.08011311 -0.5837853 3.6572027
v -0.1262357 -0.6028898 3.6545749
v -0.11199048 -0.4235231 3.6572027
v -0.16191316 -0.4235231 3.6545749
v -0.08011311 -0.26326093 3.6572027
v -0.1262357 -0.24415644 3.6545749
v 0.010668784 -0.1273964 3.6572027
v -0.024631739 -0.09209558 3.6545749
v 0.14653328 -0.036616147 3.6572027
v 0.12742877 0.009506404 3.6545749
v 0.30679545 -0.0047371686 3.6572022
v 0.30679545 0.045185506 3.6545744
v 0.14604738 -0.035443097 4.152477
v 0.30679545 -0.0034674704 4.152477
v 0.30679518 -0.03789279 4.509747
v 0.1592211 -0.06724787 4.509747
v 0.30679548 0.00069984794 3.7604904
v 0.3067955 0.050622523 3.7578626
v 0.48824286 0.014529556 3.757863
v 0.46913832 -0.031592995 3.760491
v 0.64206725 -0.088251054 3.757863
v 0.6067667 -0.123551846 3.760491
v 0.7448498 -0.24207579 3.757863
v 0.69872725 -0.26118028 3.760491
v 0.7809411 -0.4235231 3.757863
v 0.7310184 -0.4235231 3.760491
v 0.7448498 -0.6049704 3.757863
v 0.69872725 -0.5858659 3.760491
v 0.64206725 -0.75879514 3.757863
v 0.6067667 -0.72349435 3.760491
v 0.48824286 -0.86157584 3.757863
v 0.46913832 -0.81545323 3.760491
v 0.3067955 -0.8976687 3.757863
v 0.30679548 -0.847746 3.760491
v 0.12534814 -0.86157584 3.757863
v 0.14445266 -0.81545323 3.760491
v -0.028476268 -0.75879514 3.757863
v 0.006824255 -0.72349435 3.760491
v -0.13125882 -0.6049704 3.757863
v -0.085136235 -0.5858659 3.760491
v -0.16735014 -0.4235231 3.757863
v -0.11742747 -0.4235231 3.760491
v -0.13125882 -0.24207577 3.757863
v -0.085136235 -0.26118028 3.760491
v -0.028476268 -0.088251024 3.757863
v 0.006824255 -0.123551846 3.760491
v 0.12534812 0.014529556 3.757863
v 0.14445266 -0.031592995 3.760491
v 0.3067955 0.050622523 3.7578626
v 0.30679548 0.00069984794 3.7604904
v 0.30679548 0.00069984794 4.065786
v 0.3067955 0.050633997 4.0681863
v 0.12534377 0.014540166 4.0681868
v 0.14445266 -0.031592995 4.0657864
v -0.028484374 -0.08824295 4.0681868
v 0.006824255 -0.123551846 4.0657864
v -0.1312694 -0.24207139 4.0681868
v -0.085136235 -0.26118028 4.0657864
v -0.16736162 -0.4235231 4.0681868
v -0.11742747 -0.4235231 4.0657864
v -0.1312694 -0.6049748 4.0681868
v -0.085136235 -0.5858659 4.0657864
v -0.028484374 -0.75880325 4.0681868
v 0.006824255 -0.72349435 4.0657864
v 0.12534375 -0.8615864 4.0681868
v 0.14445266 -0.81545323 4.0657864
v 0.3067955 -0.89768016 4.0681868
v 0.30679548 -0.847746 4.0657864
v 0.48824722 -0.86158633 4.0681868
v 0.46913832 -0.81545323 4.0657864
v 0.64207536 -0.75880325 4.0681868
v 0.6067667 -0.72349435 4.0657864
v 0.7448604 -0.60497475 4.0681868
v 0.69872725 -0.5858659 4.0657864
v 0.7809526 -0.4235231 4.0681868
v 0.7310184 -0.4235231 4.0657864
v 0.7448604 -0.2420714 4.0681868
v 0.69872725 -0.26118028 4.0657864
v 0.64207536 -0.08824295 4.0681868
v 0.6067667 -0.123551846 4.0657864
v 0.48824722 0.014540166 4.0681868
v 0.46913832 -0.031592995 4.0657864
v 0.3067955 0.050633997 4.0681863
v 0.30679548 0.00069984794 4.065786
v 0.14604738 -0.035443097 4.152477
v 0.30679545 0.04646665 4.154877
v 0.30679545 -0.0034674704 4.152477
v 0.12693848 0.010690063 4.154877
v 0.00977096 -0.12649858 4.152477
v -0.02553767 -0.09118968 4.154877
v -0.08128616 -0.26277503 4.152477
v -0.12741932 -0.24366616 4.154877
v -0.11326018 -0.4235231 4.152477
v -0.1631943 -0.4235231 4.154877
v -0.08128616 -0.5842712 4.152477
v -0.12741932 -0.60338 4.154877
v 0.00977096 -0.7205476 4.152477
v -0.02553767 -0.7558565 4.154877
v 0.14604738 -0.8116031 4.152477
v 0.12693848 -0.85773623 4.154877
v 0.30679545 -0.8435787 4.152477
v 0.30679545 -0.89351285 4.154877
v 0.46754354 -0.8116031 4.152477
v 0.48665243 -0.8577363 4.154877
v 0.60381997 -0.7205476 4.152477
v 0.63912857 -0.7558565 4.154877
v 0.6948771 -0.58427113 4.152477
v 0.74101025 -0.60338 4.154877
v 0.7268511 -0.4235231 4.152477
v 0.7767852 -0.4235231 4.154877
v 0.6948771 -0.26277503 4.152477
v 0.74101025 -0.24366617 4.154877
v 0.60381997 -0.12649858 4.152477
v 0.63912857 -0.09118965 4.154877
v 0.46754354 -0.035443097 4.152477
v 0.48665243 0.010690063 4.154877
v 0.30679545 -0.0034674704 4.152477
v 0.30679545 0.04646665 4.154877
v 0.16063172 -0.0706535 3.3081899
v 0.30679515 -0.041579008 3.3081899
v 0.30679545 -0.0047371686 3.6572022
v 0.14653328 -0.036616147 3.6572027
v 0.12693848 0.010690063 4.154877
v 0.12534377 0.014540166 4.0681868
v 0.3067955 0.050633997 4.0681863
v 0.30679545 0.04646665 4.154877
v -0.02553767 -0.09118968 4.154877
v -0.028484374 -0.08824295 4.0681868
v 0.12534377 0.014540166 4.0681868
v 0.12693848 0.010690063 4.154877
v -0.12741932 -0.24366616 4.154877
v -0.1312694 -0.24207139 4.0681868
v -0.028484374 -0.08824295 4.0681868
v -0.02553767 -0.09118968 4.154877
v -0.1631943 -0.4235231 4.154877
v -0.16736162 -0.4235231 4.0681868
v -0.1312694 -0.24207139 4.0681868
v -0.12741932 -0.24366616 4.154877
v -0.12741932 -0.60338 4.154877
v -0.1312694 -0.6049748 4.0681868
v -0.16736162 -0.4235231 4.0681868
v -0.1631943 -0.4235231 4.154877
v -0.02553767 -0.7558565 4.154877
v -0.028484374 -0.75880325 4.0681868
v -0.1312694 -0.6049748 4.0681868
v -0.12741932 -0.60338 4.154877
v 0.12693848 -0.85773623 4.154877
v 0.12534375 -0.8615864 4.0681868
v -0.028484374 -0.75880325 4.0681868
v -0.02553767 -0.7558565 4.154877
v 0.30679545 -0.89351285 4.154877
v 0.3067955 -0.89768016 4.0681868
v 0.12534375 -0.8615864 4.0681868
v 0.12693848 -0.85773623 4.154877
v 0.48665243 -0.8577363 4.154877
v 0.48824722 -0.86158633 4.0681868
v 0.3067955 -0.89768016 4.0681868
v 0.30679545 -0.89351285 4.154877
v 0.63912857 -0.7558565 4.154877
v 0.64207536 -0.75880325 4.0681868
v 0.48824722 -0.86158633 4.0681868
v 0.48665243 -0.8577363 4.154877
v 0.74101025 -0.60338 4.154877
v 0.7448604 -0.60497475 4.0681868
v 0.64207536 -0.75880325 4.0681868
v 0.63912857 -0.7558565 4.154877
v 0.7767852 -0.4235231 4.154877
v 0.7809526 -0.4235231 4.0681868
v 0.7448604 -0.60497475 4.0681868
v 0.74101025 -0.60338 4.154877
v 0.74101025 -0.24366617 4.154877
v 0.7448604 -0.2420714 4.0681868
v 0.7809526 -0.4235231 4.0681868
v 0.7767852 -0.4235231 4.154877
v 0.63912857 -0.09118965 4.154877
v 0.64207536 -0.08824295 4.0681868
v 0.7448604 -0.2420714 4.0681868
v 0.74101025 -0.24366617 4.154877
v 0.48665243 0.010690063 4.154877
v 0.48824722 0.014540166 4.0681868
v 0.64207536 -0.08824295 4.0681868
v 0.63912857 -0.09118965 4.154877
v 0.30679545 0.04646665 4.154877
v 0.3067955 0.050633997 4.0681863
v 0.48824722 0.014540166 4.0681868
v 0.48665243 0.010690063 4.154877
v 0.12534812 0.014529556 3.757863
v 0.12742877 0.009506404 3.6545749
v 0.30679545 0.045185506 3.6545744
v 0.3067955 0.050622523 3.7578626
v -0.028476268 -0.088251024 3.757863
v -0.024631739 -0.09209558 3.6545749
v 0.12742877 0.009506404 3.6545749
v 0.12534812 0.014529556 3.757863
v -0.13125882 -0.24207577 3.757863
v -0.1262357 -0.24415644 3.6545749
v -0.024631739 -0.09209558 3.6545749
v -0.028476268 -0.088251024 3.757863
v -0.16735014 -0.4235231 3.757863
v -0.16191316 -0.4235231 3.6545749
v -0.1262357 -0.24415644 3.6545749
v -0.13125882 -0.24207577 3.757863
v -0.13125882 -0.6049704 3.757863
v -0.1262357 -0.6028898 3.6545749
v -0.16191316 -0.4235231 3.6545749
v -0.16735014 -0.4235231 3.757863
v -0.028476268 -0.75879514 3.757863
v -0.024631739 -0.75495064 3.6545749
v -0.1262357 -0.6028898 3.6545749
v -0.13125882 -0.6049704 3.757863
v 0.12534814 -0.86157584 3.757863
v 0.12742876 -0.8565526 3.6545749
v -0.024631739 -0.75495064 3.6545749
v -0.028476268 -0.75879514 3.757863
v 0.3067955 -0.8976687 3.757863
v 0.30679545 -0.8922317 3.6545749
v 0.12742876 -0.8565526 3.6545749
v 0.12534814 -0.86157584 3.757863
v 0.48824286 -0.86157584 3.757863
v 0.48616216 -0.8565526 3.6545749
v 0.30679545 -0.8922317 3.6545749
v 0.3067955 -0.8976687 3.757863
v 0.64206725 -0.75879514 3.757863
v 0.6382227 -0.75495064 3.6545749
v 0.48616216 -0.8565526 3.6545749
v 0.48824286 -0.86157584 3.757863
v 0.7448498 -0.6049704 3.757863
v 0.73982656 -0.6028898 3.6545749
v 0.6382227 -0.75495064 3.6545749
v 0.64206725 -0.75879514 3.757863
v 0.7809411 -0.4235231 3.757863
v 0.775504 -0.4235231 3.6545749
v 0.73982656 -0.6028898 3.6545749
v 0.7448498 -0.6049704 3.757863
v 0.7448498 -0.24207579 3.757863
v 0.73982656 -0.24415645 3.6545749
v 0.775504 -0.4235231 3.6545749
v 0.7809411 -0.4235231 3.757863
v 0.64206725 -0.088251054 3.757863
v 0.6382227 -0.09209558 3.6545749
v 0.73982656 -0.24415645 3.6545749
v 0.7448498 -0.24207579 3.757863
v 0.48824286 0.014529556 3.757863
v 0.48616213 0.009506434 3.6545749
v 0.6382227 -0.09209558 3.6545749
v 0.64206725 -0.088251054 3.757863
v 0.3067955 0.050622523 3.7578626
v 0.30679545 0.045185506 3.6545744
v 0.48616213 0.009506434 3.6545749
v 0.48824286 0.014529556 3.757863
v 2.2704048 3.5974622 0.8079318
v 2.406681 3.5064065 0.8079318
v 2.3823385 3.4820642 1.165202
v 2.2572303 3.5656574 1.165202
v 2.1096563 2.7851593 0.4159459
v 1.9473137 2.817452 0.4159459
v 1.9473137 2.817452 0.72124135
v 2.1096563 2.7851593 0.72124135
v 2.1096563 3.5913262 -0.036355138
v 2.2558198 3.5622518 -0.036355138
v 2.269919 3.5962892 0.3126577
v 2.1096563 3.628168 0.31265724
v 2.1096563 3.633605 0.4159454
v 2.2719994 3.6013122 0.4159459
v 2.2719994 3.6013122 0.72124135
v 2.1096563 3.633605 0.7212409
v 1.9489084 2.8213022 0.8079318
v 1.812632 2.9123576 0.8079318
v 1.8369743 2.9367 1.165202
v 1.9620823 2.8531067 1.165202
v 2.4625273 3.3555455 -0.036355138
v 2.4916005 3.209382 -0.036355138
v 2.5284424 3.209382 0.3126577
v 2.4965649 3.3696444 0.3126577
v 2.406681 3.5064065 0.8079318
v 2.4977384 3.3701303 0.8079318
v 2.4659328 3.3569562 1.165202
v 2.3823385 3.4820642 1.165202
v 1.9473137 2.817452 0.4159459
v 1.8096853 2.909411 0.4159459
v 1.8096853 2.909411 0.72124135
v 1.9473137 2.817452 0.72124135
v 2.4916005 3.209382 -0.036355138
v 2.4625273 3.0632188 -0.036355138
v 2.4965649 3.04912 0.3126577
v 2.5284424 3.209382 0.3126577
v 2.409628 3.5093534 0.4159459
v 2.5015883 3.3717248 0.4159459
v 2.5015883 3.3717248 0.72124135
v 2.409628 3.5093534 0.72124135
v 1.812632 2.9123576 0.8079318
v 1.7215749 3.048634 0.8079318
v 1.7533795 3.061808 1.165202
v 1.8369743 2.9367 1.165202
v 2.4625273 3.0632188 -0.036355138
v 2.3797317 2.9393065 -0.036355138
v 2.4057832 2.9132555 0.3126577
v 2.4965649 3.04912 0.3126577
v 2.4977384 3.3701303 0.8079318
v 2.5297122 3.209382 0.8079318
v 2.4952865 3.209382 1.165202
v 2.4659328 3.3569562 1.165202
v 1.8096853 2.909411 0.4159459
v 1.7177249 3.0470393 0.4159459
v 1.7177249 3.0470393 0.72124135
v 1.8096853 2.909411 0.72124135
v 2.3797317 2.9393065 -0.036355138
v 2.2558198 2.8565125 -0.036355138
v 2.269919 2.8224752 0.3126577
v 2.4057832 2.9132555 0.3126577
v 2.5015883 3.3717248 0.4159459
v 2.5338793 3.209382 0.4159459
v 2.5338793 3.209382 0.72124135
v 2.5015883 3.3717248 0.72124135
v 1.7215749 3.048634 0.8079318
v 1.6896008 3.209382 0.8079318
v 1.7240258 3.209382 1.165202
v 1.7533795 3.061808 1.165202
v 2.2558198 2.8565125 -0.036355138
v 2.1096563 2.827438 -0.036355138
v 2.1096563 2.7905962 0.3126577
v 2.269919 2.8224752 0.3126577
v 2.5297122 3.209382 0.8079318
v 2.4977384 3.048634 0.8079318
v 2.4659328 3.061808 1.165202
v 2.4952865 3.209382 1.165202
v 1.7177249 3.0470393 0.4159459
v 1.6854335 3.209382 0.4159459
v 1.6854335 3.209382 0.72124135
v 1.7177249 3.0470393 0.72124135
v 2.1096563 2.827438 -0.036355138
v 1.9634928 2.8565125 -0.036355138
v 1.9493943 2.8224752 0.3126577
v 2.1096563 2.7905962 0.3126577
v 2.5338793 3.209382 0.4159459
v 2.5015883 3.0470393 0.4159459
v 2.5015883 3.0470393 0.72124135
v 2.5338793 3.209382 0.72124135
v 1.6896008 3.209382 0.8079318
v 1.7215749 3.3701303 0.8079318
v 1.7533795 3.3569562 1.165202
v 1.7240258 3.209382 1.165202
v 1.9634928 2.8565125 -0.036355138
v 1.8395807 2.9393065 -0.036355138
v 1.8135298 2.9132555 0.3126577
v 1.9493943 2.8224752 0.3126577
v 2.4977384 3.048634 0.8079318
v 2.406681 2.9123576 0.8079318
v 2.3823385 2.9367 1.165202
v 2.4659328 3.061808 1.165202
v 1.6854335 3.209382 0.4159459
v 1.7177249 3.3717248 0.4159459
v 1.7177249 3.3717248 0.72124135
v 1.6854335 3.209382 0.72124135
v 1.8395807 2.9393065 -0.036355138
v 1.7567853 3.0632188 -0.036355138
v 1.7227479 3.04912 0.3126577
v 1.8135298 2.9132555 0.3126577
v 2.5015883 3.0470393 0.4159459
v 2.409628 2.909411 0.4159459
v 2.409628 2.909411 0.72124135
v 2.5015883 3.0470393 0.72124135
v 1.7215749 3.3701303 0.8079318
v 1.812632 3.5064065 0.8079318
v 1.8369743 3.4820642 1.165202
v 1.7533795 3.3569562 1.165202
v 1.7567853 3.0632188 -0.036355138
v 1.7277123 3.209382 -0.036355138
v 1.6908706 3.209382 0.3126577
v 1.7227479 3.04912 0.3126577
v 2.406681 2.9123576 0.8079318
v 2.2704048 2.8213022 0.8079318
v 2.2572303 2.8531067 1.165202
v 2.3823385 2.9367 1.165202
v 1.7177249 3.3717248 0.4159459
v 1.8096853 3.5093534 0.4159459
v 1.8096853 3.5093534 0.72124135
v 1.7177249 3.3717248 0.72124135
v 1.7277123 3.209382 -0.036355138
v 1.7567853 3.3555455 -0.036355138
v 1.7227479 3.3696444 0.3126577
v 1.6908706 3.209382 0.3126577
v 2.409628 2.909411 0.4159459
v 2.2719994 2.817452 0.4159459
v 2.2719994 2.817452 0.72124135
v 2.409628 2.909411 0.72124135
v 1.812632 3.5064065 0.8079318
v 1.9489084 3.5974622 0.8079318
v 1.9620823 3.5656574 1.165202
v 1.8369743 3.4820642 1.165202
v 1.7567853 3.3555455 -0.036355138
v 1.8395807 3.4794576 -0.036355138
v 1.8135298 3.505509 0.3126577
v 1.7227479 3.3696444 0.3126577
v 2.2704048 2.8213022 0.8079318
v 2.1096563 2.7893264 0.8079318
v 2.1096563 2.8237517 1.165202
v 2.2572303 2.8531067 1.165202
v 1.8096853 3.5093534 0.4159459
v 1.9473137 3.6013122 0.4159459
v 1.9473137 3.6013122 0.72124135
v 1.8096853 3.5093534 0.72124135
v 1.8395807 3.4794576 -0.036355138
v 1.9634928 3.5622518 -0.036355138
v 1.9493943 3.5962892 0.3126577
v 1.8135298 3.505509 0.3126577
v 2.2719994 2.817452 0.4159459
v 2.1096563 2.7851593 0.4159459
v 2.1096563 2.7851593 0.72124135
v 2.2719994 2.817452 0.72124135
v 2.3797317 3.4794576 -0.036355138
v 2.4625273 3.3555455 -0.036355138
v 2.4965649 3.3696444 0.3126577
v 2.4057832 3.505509 0.3126577
v 2.4659328 3.3569562 1.165202
v 2.4952865 3.209382 1.165202
v 2.4659328 3.061808 1.165202
v 2.3823385 3.4820642 1.165202
v 2.3823385 2.9367 1.165202
v 2.2572303 3.5656574 1.165202
v 2.2572303 2.8531067 1.165202
v 2.1096563 3.5950124 1.165202
v 2.1096563 2.8237517 1.165202
v 1.9620823 3.5656574 1.165202
v 1.9620823 2.8531067 1.165202
v 1.8369743 3.4820642 1.165202
v 1.8369743 2.9367 1.165202
v 1.7533795 3.3569562 1.165202
v 1.7533795 3.061808 1.165202
v 1.7240258 3.209382 1.165202
v 1.9473137 3.6013122 0.4159459
v 2.1096563 3.633605 0.4159454
v 2.1096563 3.633605 0.7212409
v 1.9473137 3.6013122 0.72124135
v 2.2719994 3.6013122 0.4159459
v 2.409628 3.5093534 0.4159459
v 2.409628 3.5093534 0.72124135
v 2.2719994 3.6013122 0.72124135
v 2.1096563 2.7893264 0.8079318
v 1.9489084 2.8213022 0.8079318
v 1.9620823 2.8531067 1.165202
v 2.1096563 2.8237517 1.165202
v 2.2558198 3.5622518 -0.036355138
v 2.3797317 3.4794576 -0.036355138
v 2.4057832 3.505509 0.3126577
v 2.269919 3.5962892 0.3126577
v 2.4625273 3.0632188 -0.036355138
v 2.4916005 3.209382 -0.036355138
v 2.4625273 3.3555455 -0.036355138
v 2.3797317 2.9393065 -0.036355138
v 2.3797317 3.4794576 -0.036355138
v 2.2558198 2.8565125 -0.036355138
v 2.2558198 3.5622518 -0.036355138
v 2.1096563 2.827438 -0.036355138
v 2.1096563 3.5913262 -0.036355138
v 1.9634928 2.8565125 -0.036355138
v 1.9634928 3.5622518 -0.036355138
v 1.8395807 2.9393065 -0.036355138
v 1.8395807 3.4794576 -0.036355138
v 1.7567853 3.0632188 -0.036355138
v 1.7567853 3.3555455 -0.036355138
v 1.7277123 3.209382 -0.036355138
v 2.1096563 3.6294377 0.8079318
v 2.2704048 3.5974622 0.8079318
v 2.2572303 3.5656574 1.165202
v 2.1096563 3.5950124 1.165202
v 2.269919 3.5962892 0.3126577
v 2.1096563 3.6780908 0.3100294
v 2.1096563 3.628168 0.31265724
v 2.2890234 3.6424117 0.31002986
v 2.4057832 3.505509 0.3126577
v 2.441084 3.5408096 0.31002986
v 2.4965649 3.3696444 0.3126577
v 2.5426874 3.388749 0.31002986
v 2.5284424 3.209382 0.3126577
v 2.5783648 3.209382 0.31002986
v 2.4965649 3.04912 0.3126577
v 2.5426874 3.0300155 0.31002986
v 2.4057832 2.9132555 0.3126577
v 2.441084 2.8779547 0.31002986
v 2.269919 2.8224752 0.3126577
v 2.2890234 2.7763526 0.31002986
v 2.1096563 2.7905962 0.3126577
v 2.1096563 2.7406735 0.31002986
v 1.9493943 2.8224752 0.3126577
v 1.9302899 2.7763526 0.31002986
v 1.8135298 2.9132555 0.3126577
v 1.7782294 2.8779547 0.31002986
v 1.7227479 3.04912 0.3126577
v 1.6766254 3.0300155 0.31002986
v 1.6908706 3.209382 0.3126577
v 1.6409479 3.209382 0.31002986
v 1.7227479 3.3696444 0.3126577
v 1.6766254 3.388749 0.31002986
v 1.8135298 3.505509 0.3126577
v 1.7782294 3.5408096 0.31002986
v 1.9493943 3.5962892 0.3126577
v 1.9302899 3.6424117 0.31002986
v 2.1096563 3.628168 0.31265724
v 2.1096563 3.6780908 0.3100294
v 1.9489084 3.5974622 0.8079318
v 2.1096563 3.6294377 0.8079318
v 2.1096563 3.5950124 1.165202
v 1.9620823 3.5656574 1.165202
v 2.1096563 3.633605 0.4159454
v 2.1096568 3.6835277 0.41331756
v 2.2911038 3.6474347 0.41331804
v 2.2719994 3.6013122 0.4159459
v 2.4449282 3.5446541 0.41331804
v 2.409628 3.5093534 0.4159459
v 2.547711 3.3908296 0.41331804
v 2.5015883 3.3717248 0.4159459
v 2.5838022 3.209382 0.41331804
v 2.5338793 3.209382 0.4159459
v 2.547711 3.0279348 0.41331804
v 2.5015883 3.0470393 0.4159459
v 2.4449282 2.87411 0.41331804
v 2.409628 2.909411 0.4159459
v 2.2911038 2.7713294 0.41331804
v 2.2719994 2.817452 0.4159459
v 2.1096568 2.7352364 0.41331804
v 2.1096563 2.7851593 0.4159459
v 1.9282092 2.7713294 0.41331804
v 1.9473137 2.817452 0.4159459
v 1.7743849 2.87411 0.41331804
v 1.8096853 2.909411 0.4159459
v 1.6716024 3.0279348 0.41331804
v 1.7177249 3.0470393 0.4159459
v 1.6355109 3.209382 0.41331804
v 1.6854335 3.209382 0.4159459
v 1.6716024 3.3908296 0.41331804
v 1.7177249 3.3717248 0.4159459
v 1.7743849 3.5446541 0.41331804
v 1.8096853 3.5093534 0.4159459
v 1.9282092 3.6474347 0.41331804
v 1.9473137 3.6013122 0.4159459
v 2.1096568 3.6835277 0.41331756
v 2.1096563 3.633605 0.4159454
v 2.1096563 3.633605 0.7212409
v 2.1096568 3.6835392 0.7236413
v 1.9282049 3.6474454 0.72364175
v 1.9473137 3.6013122 0.72124135
v 1.7743767 3.5446622 0.72364175
v 1.8096853 3.5093534 0.72124135
v 1.6715916 3.3908339 0.72364175
v 1.7177249 3.3717248 0.72124135
v 1.6354995 3.209382 0.72364175
v 1.6854335 3.209382 0.72124135
v 1.6715916 3.0279305 0.72364175
v 1.7177249 3.0470393 0.72124135
v 1.7743767 2.8741019 0.72364175
v 1.8096853 2.909411 0.72124135
v 1.9282049 2.771319 0.72364175
v 1.9473137 2.817452 0.72124135
v 2.1096568 2.735225 0.72364175
v 2.1096563 2.7851593 0.72124135
v 2.2911081 2.771319 0.72364175
v 2.2719994 2.817452 0.72124135
v 2.4449363 2.8741019 0.72364175
v 2.409628 2.909411 0.72124135
v 2.5477214 3.0279305 0.72364175
v 2.5015883 3.0470393 0.72124135
v 2.5838137 3.209382 0.72364175
v 2.5338793 3.209382 0.72124135
v 2.5477214 3.3908339 0.72364175
v 2.5015883 3.3717248 0.72124135
v 2.4449363 3.5446622 0.72364175
v 2.409628 3.5093534 0.72124135
v 2.2911081 3.6474454 0.72364175
v 2.2719994 3.6013122 0.72124135
v 2.1096568 3.6835392 0.7236413
v 2.1096563 3.633605 0.7212409
v 1.9489084 3.5974622 0.8079318
v 2.1096563 3.6793718 0.8103322
v 2.1096563 3.6294377 0.8079318
v 1.9297997 3.6435952 0.8103322
v 1.812632 3.5064065 0.8079318
v 1.7773234 3.5417156 0.8103322
v 1.7215749 3.3701303 0.8079318
v 1.6754419 3.389239 0.8103322
v 1.6896008 3.209382 0.8079318
v 1.6396668 3.209382 0.8103322
v 1.7215749 3.048634 0.8079318
v 1.6754419 3.0295253 0.8103322
v 1.812632 2.9123576 0.8079318
v 1.7773234 2.8770487 0.8103322
v 1.9489084 2.8213022 0.8079318
v 1.9297997 2.7751691 0.8103322
v 2.1096563 2.7893264 0.8079318
v 2.1096563 2.7393925 0.8103322
v 2.2704048 2.8213022 0.8079318
v 2.2895136 2.775169 0.8103322
v 2.406681 2.9123576 0.8079318
v 2.4419894 2.8770487 0.8103322
v 2.4977384 3.048634 0.8079318
v 2.5438714 3.0295253 0.8103322
v 2.5297122 3.209382 0.8079318
v 2.579646 3.209382 0.8103322
v 2.4977384 3.3701303 0.8079318
v 2.5438714 3.389239 0.8103322
v 2.406681 3.5064065 0.8079318
v 2.4419894 3.5417156 0.8103322
v 2.2704048 3.5974622 0.8079318
v 2.2895136 3.6435952 0.8103322
v 2.1096563 3.6294377 0.8079318
v 2.1096563 3.6793718 0.8103322
v 1.9634928 3.5622518 -0.036355138
v 2.1096563 3.5913262 -0.036355138
v 2.1096563 3.628168 0.31265724
v 1.9493943 3.5962892 0.3126577
v 1.9297997 3.6435952 0.8103322
v 1.9282049 3.6474454 0.72364175
v 2.1096568 3.6835392 0.7236413
v 2.1096563 3.6793718 0.8103322
v 1.7773234 3.5417156 0.8103322
v 1.7743767 3.5446622 0.72364175
v 1.9282049 3.6474454 0.72364175
v 1.9297997 3.6435952 0.8103322
v 1.6754419 3.389239 0.8103322
v 1.6715916 3.3908339 0.72364175
v 1.7743767 3.5446622 0.72364175
v 1.7773234 3.5417156 0.8103322
v 1.6396668 3.209382 0.8103322
v 1.6354995 3.209382 0.72364175
v 1.6715916 3.3908339 0.72364175
v 1.6754419 3.389239 0.8103322
v 1.6754419 3.0295253 0.8103322
v 1.6715916 3.0279305 0.72364175
v 1.6354995 3.209382 0.72364175
v 1.6396668 3.209382 0.8103322
v 1.7773234 2.8770487 0.8103322
v 1.7743767 2.8741019 0.72364175
v 1.6715916 3.0279305 0.72364175
v 1.6754419 3.0295253 0.8103322
v 1.9297997 2.7751691 0.8103322
v 1.9282049 2.771319 0.72364175
v 1.7743767 2.8741019 0.72364175
v 1.7773234 2.8770487 0.8103322
v 2.1096563 2.7393925 0.8103322
v 2.1096568 2.735225 0.72364175
v 1.9282049 2.771319 0.72364175
v 1.9297997 2.7751691 0.8103322
v 2.2895136 2.775169 0.8103322
v 2.2911081 2.771319 0.72364175
v 2.1096568 2.735225 0.72364175
v 2.1096563 2.7393925 0.8103322
v 2.4419894 2.8770487 0.8103322
v 2.4449363 2.8741019 0.72364175
v 2.2911081 2.771319 0.72364175
v 2.2895136 2.775169 0.8103322
v 2.5438714 3.0295253 0.8103322
v 2.5477214 3.0279305 0.72364175
v 2.4449363 2.8741019 0.72364175
v 2.4419894 2.8770487 0.8103322
v 2.579646 3.209382 0.8103322
v 2.5838137 3.209382 0.72364175
v 2.5477214 3.0279305 0.72364175
v 2.5438714 3.0295253 0.8103322
v 2.5438714 3.389239 0.8103322
v 2.5477214 3.3908339 0.72364175
v 2.5838137 3.209382 0.72364175
v 2.579646 3.209382 0.8103322
v 2.4419894 3.5417156 0.8103322
v 2.4449363 3.5446622 0.72364175
v 2.5477214 3.3908339 0.72364175
v 2.5438714 3.389239 0.8103322
v 2.2895136 3.6435952 0.8103322
v 2.2911081 3.6474454 0.72364175
v 2.4449363 3.5446622 0.72364175
v 2.4419894 3.5417156 0.8103322
v 2.1096563 3.6793718 0.8103322
v 2.1096568 3.6835392 0.7236413
v 2.2911081 3.6474454 0.72364175
v 2.2895136 3.6435952 0.8103322
v 1.9282092 3.6474347 0.41331804
v 1.9302899 3.6424117 0.31002986
v 2.1096563 3.6780908 0.3100294
v 2.1096568 3.6835277 0.41331756
v 1.7743849 3.5446541 0.41331804
v 1.7782294 3.5408096 0.31002986
v 1.9302899 3.6424117 0.31002986
v 1.9282092 3.6474347 0.41331804
v 1.6716024 3.3908296 0.41331804
v 1.6766254 3.388749 0.31002986
v 1.7782294 3.5408096 0.31002986
v 1.7743849 3.5446541 0.41331804
v 1.6355109 3.209382 0.41331804
v 1.6409479 3.209382 0.31002986
v 1.6766254 3.388749 0.31002986
v 1.6716024 3.3908296 0.41331804
v 1.6716024 3.0279348 0.41331804
v 1.6766254 3.0300155 0.31002986
v 1.6409479 3.209382 0.31002986
v 1.6355109 3.209382 0.41331804
v 1.7743849 2.87411 0.41331804
v 1.7782294 2.8779547 0.31002986
v 1.6766254 3.0300155 0.31002986
v 1.6716024 3.0279348 0.41331804
v 1.9282092 2.7713294 0.41331804
v 1.9302899 2.7763526 0.31002986
v 1.7782294 2.8779547 0.31002986
v 1.7743849 2.87411 0.41331804
v 2.1096568 2.7352364 0.41331804
v 2.1096563 2.7406735 0.31002986
v 1.9302899 2.7763526 0.31002986
v 1.9282092 2.7713294 0.41331804
v 2.2911038 2.7713294 0.41331804
v 2.2890234 2.7763526 0.31002986
v 2.1096563 2.7406735 0.31002986
v 2.1096568 2.7352364 0.41331804
v 2.4449282 2.87411 0.41331804
v 2.441084 2.8779547 0.31002986
v 2.2890234 2.7763526 0.31002986
v 2.2911038 2.7713294 0.41331804
v 2.547711 3.0279348 0.41331804
v 2.5426874 3.0300155 0.31002986
v 2.441084 2.8779547 0.31002986
v 2.4449282 2.87411 0.41331804
v 2.5838022 3.209382 0.41331804
v 2.5783648 3.209382 0.31002986
v 2.5426874 3.0300155 0.31002986
v 2.547711 3.0279348 0.41331804
v 2.547711 3.3908296 0.41331804
v 2.5426874 3.388749 0.31002986
v 2.5783648 3.209382 0.31002986
v 2.5838022 3.209382 0.41331804
v 2.4449282 3.5446541 0.41331804
v 2.441084 3.5408096 0.31002986
v 2.5426874 3.388749 0.31002986
v 2.547711 3.3908296 0.41331804
v 2.2911038 3.6474347 0.41331804
v 2.2890234 3.6424117 0.31002986
v 2.441084 3.5408096 0.31002986
v 2.4449282 3.5446541 0.41331804
v 2.1096568 3.6835277 0.41331756
v 2.1096563 3.6780908 0.3100294
v 2.2890234 3.6424117 0.31002986
v 2.2911038 3.6474347 0.41331804
v -1.0991203 1.0991176 4.040081
v -1.6123732 1.6123706 4.040081
v 1.6123708 1.6123706 4.040081
v 1.0991179 1.0991176 4.040081
v -1.0991203 -1.0991205 4.040081
v 1.6123708 -1.6123735 4.040081
v -1.6123732 -1.6123735 4.040081
v 1.0991179 -1.0991205 4.040081
vt 0.375 0
vt 0.375 0.25
vt 0.625 0.25
vt 0.625 0
vt 0.125 0.5
vt 0.125 0.75
vt 0.375 0.75
vt 0.375 0.5
vt 0.375 0.25
vt 0.375 0.5
vt 0.625 0.5
vt 0.625 0.25
vt 0.625 0.5
vt 0.625 0.75
vt 0.875 0.75
vt 0.875 0.5
vt 0.375 0.5
vt 0.375 0.75
vt 0.625 0.75
vt 0.625 0.5
vt 0.125 0.5
vt 0.125 0.75
vt 0.375 0.75
vt 0.375 0.5
vt 0.625 0.5
vt 0.625 0.75
vt 0.875 0.75
vt 0.875 0.5
vt 0.375 0.25
vt 0.375 0.5
vt 0.625 0.5
vt 0.625 0.25
vt 0.375 0
vt 0.375 0.25
vt 0.625 0.25
vt 0.625 0
vt 0.375 0.75
vt 0.375 1
vt 0.625 1
vt 0.625 0.75
vt 0.375 0.5
vt 0.375 0.75
vt 0.625 0.75
vt 0.625 0.5
vt 0.375 0
vt 0.375 0.25
vt 0.625 0.25
vt 0.625 0
vt 0.375 0.75
vt 0.375 1
vt 0.625 1
vt 0.625 0.75
vt 0.375 0.25
vt 0.375 0.5
vt 0.625 0.5
vt 0.625 0.25
vt 0.125 0.5
vt 0.125 0.75
vt 0.375 0.75
vt 0.375 0.5
vt 0.375 0
vt 0.375 0.25
vt 0.625 0.25
vt 0.625 0
vt 0.375 0.25
vt 0.375 0.5
vt 0.625 0.5
vt 0.625 0.25
vt 0.375 0.75
vt 0.375 1
vt 0.625 1
vt 0.625 0.75
vt 0.375 0.5
vt 0.375 0.75
vt 0.625 0.75
vt 0.625 0.5
vt 0.625 0.5
vt 0.625 0.75
vt 0.875 0.75
vt 0.875 0.5
vt 0.375 0.75
vt 0.625 0.875
vt 0.625 0.75
vt 0.375 0.875
vt 0.625 1
vt 0.375 1
vt 0.375 0.375
vt 0.375 0.5
vt 0.625 0.5
vt 0.625 0.375
vt 0.375 0.25
vt 0.625 0.25
vt 0.625 0.5
vt 0.625 0.75
vt 0.75 0.75
vt 0.75 0.5
vt 0.25 0.5
vt 0.375 0.75
vt 0.375 0.5
vt 0.25 0.75
vt 0.125 0.5
vt 0.125 0.75
vt 0.75 0.5
vt 0.75 0.75
vt 0.875 0.75
vt 0.875 0.5
vt 0.375 0.5
vt 0.375 0.75
vt 0.625 0.75
vt 0.625 0.5
vt 0.375 0
vt 0.375 0.25
vt 0.625 0.25
vt 0.625 0
vt 0.375 0
vt 0.375 0.25
vt 0.625 0.25
vt 0.625 0
vt 0.375 0.375
vt 0.375 0.5
vt 0.625 0.5
vt 0.625 0.375
vt 0.375 0.25
vt 0.625 0.25
vt 0.375 0.5
vt 0.375 0.75
vt 0.625 0.75
vt 0.625 0.5
vt 0.375 0.875
vt 0.375 1
vt 0.625 1
vt 0.625 0.875
vt 0.375 0.75
vt 0.625 0.75
vt 0.25 0.5
vt 0.375 0.75
vt 0.375 0.5
vt 0.25 0.75
vt 0.125 0.5
vt 0.125 0.75
vt 0.75 0.5
vt 0.75 0.75
vt 0.875 0.75
vt 0.875 0.5
vt 0.625 0.5
vt 0.625 0.75
vt 0.75 0.75
vt 0.75 0.5
vt 0.375 0
vt 0.375 0.25
vt 0.625 0.25
vt 0.625 0
vt 0.375 0.25
vt 0.375 0.5
vt 0.625 0.5
vt 0.625 0.25
vt 0.375 0.5
vt 0.375 0.75
vt 0.625 0.75
vt 0.625 0.5
vt 0.375 0.75
vt 0.375 1
vt 0.625 1
vt 0.625 0.75
vt 0.125 0.5
vt 0.125 0.75
vt 0.375 0.75
vt 0.375 0.5
vt 0.625 0.5
vt 0.625 0.75
vt 0.875 0.75
vt 0.875 0.5
vt 0.375 0
vt 0.375 0.25
vt 0.625 0.25
vt 0.625 0
vt 0.375 0.25
vt 0.375 0.5
vt 0.625 0.5
vt 0.625 0.25
vt 0.375 0.5
vt 0.375 0.75
vt 0.625 0.75
vt 0.625 0.5
vt 0.375 0.75
vt 0.375 1
vt 0.625 1
vt 0.625 0.75
vt 0.125 0.5
vt 0.125 0.75
vt 0.375 0.75
vt 0.375 0.5
vt 0.625 0.5
vt 0.625 0.75
vt 0.875 0.75
vt 0.875 0.5
vt 0.375 0
vt 0.375 0.25
vt 0.625 0.25
vt 0.625 0
vt 0.375 0.25
vt 0.375 0.5
vt 0.625 0.5
vt 0.625 0.25
vt 0.375 0.5
vt 0.375 0.75
vt 0.625 0.75
vt 0.625 0.5
vt 0.375 0.75
vt 0.375 1
vt 0.625 1
vt 0.625 0.75
vt 0.125 0.5
vt 0.125 0.75
vt 0.375 0.75
vt 0.375 0.5
vt 0.625 0.5
vt 0.625 0.75
vt 0.875 0.75
vt 0.875 0.5
vt 0.375 0
vt 0.375 0.25
vt 0.625 0.25
vt 0.625 0
vt 0.375 0.25
vt 0.375 0.5
vt 0.625 0.5
vt 0.625 0.25
vt 0.375 0.5
vt 0.375 0.75
vt 0.625 0.75
vt 0.625 0.5
vt 0.375 0.75
vt 0.375 1
vt 0.625 1
vt 0.625 0.75
vt 0.125 0.5
vt 0.125 0.75
vt 0.375 0.75
vt 0.375 0.5
vt 0.625 0.5
vt 0.625 0.75
vt 0.875 0.75
vt 0.875 0.5
vt 0.375 0.5
vt 0.375 0.75
vt 0.625 0.75
vt 0.625 0.5
vt 0.375 0.75
vt 0.375 1
vt 0.625 1
vt 0.625 0.75
vt 0.125 0.5
vt 0.125 0.75
vt 0.375 0.75
vt 0.375 0.5
vt 0.625 0.5
vt 0.625 0.75
vt 0.875 0.75
vt 0.875 0.5
vt 0.375 0
vt 0.375 0.25
vt 0.625 0.25
vt 0.625 0
vt 0.125 0.5
vt 0.125 0.75
vt 0.375 0.75
vt 0.375 0.5
vt 0.375 0.25
vt 0.375 0.5
vt 0.625 0.5
vt 0.625 0.25
vt 0.625 0.5
vt 0.625 0.75
vt 0.875 0.75
vt 0.875 0.5
vt 0.375 0.5
vt 0.375 0.75
vt 0.625 0.75
vt 0.625 0.5
vt 0.125 0.5
vt 0.125 0.75
vt 0.375 0.75
vt 0.375 0.5
vt 0.625 0.5
vt 0.625 0.75
vt 0.875 0.75
vt 0.875 0.5
vt 0.375 0.25
vt 0.375 0.5
vt 0.625 0.5
vt 0.625 0.25
vt 0.375 0
vt 0.375 0.25
vt 0.625 0.25
vt 0.625 0
vt 0.375 0.75
vt 0.375 1
vt 0.625 1
vt 0.625 0.75
vt 0.375 0.5
vt 0.375 0.75
vt 0.625 0.75
vt 0.625 0.5
vt 0.375 0
vt 0.375 0.25
vt 0.625 0.25
vt 0.625 0
vt 0.375 0.75
vt 0.375 1
vt 0.625 1
vt 0.625 0.75
vt 0.375 0.25
vt 0.375 0.5
vt 0.625 0.5
vt 0.625 0.25
vt 0.125 0.5
vt 0.125 0.75
vt 0.375 0.75
vt 0.375 0.5
vt 0.375 0
vt 0.375 0.25
vt 0.625 0.25
vt 0.625 0
vt 0.375 0.25
vt 0.375 0.5
vt 0.625 0.5
vt 0.625 0.25
vt 0.375 0.75
vt 0.375 1
vt 0.625 1
vt 0.625 0.75
vt 0.375 0.5
vt 0.375 0.75
vt 0.625 0.75
vt 0.625 0.5
vt 0.625 0.5
vt 0.625 0.75
vt 0.875 0.75
vt 0.875 0.5
vt 0.375 0.75
vt 0.625 0.875
vt 0.625 0.75
vt 0.375 0.875
vt 0.625 1
vt 0.375 1
vt 0.375 0.375
vt 0.375 0.5
vt 0.625 0.5
vt 0.625 0.375
vt 0.375 0.25
vt 0.625 0.25
vt 0.625 0.5
vt 0.625 0.75
vt 0.75 0.75
vt 0.75 0.5
vt 0.25 0.5
vt 0.375 0.75
vt 0.375 0.5
vt 0.25 0.75
vt 0.125 0.5
vt 0.125 0.75
vt 0.75 0.5
vt 0.75 0.75
vt 0.875 0.75
vt 0.875 0.5
vt 0.375 0.5
vt 0.375 0.75
vt 0.625 0.75
vt 0.625 0.5
vt 0.375 0
vt 0.375 0.25
vt 0.625 0.25
vt 0.625 0
vt 0.375 0.5
vt 0.375 0.75
vt 0.625 0.75
vt 0.625 0.5
vt 0.375 0.75
vt 0.375 1
vt 0.625 1
vt 0.625 0.75
vt 0.125 0.5
vt 0.125 0.75
vt 0.375 0.75
vt 0.375 0.5
vt 0.625 0.5
vt 0.625 0.75
vt 0.875 0.75
vt 0.875 0.5
vt 0.375 0
vt 0.375 0.25
vt 0.625 0.25
vt 0.625 0
vt 0.125 0.5
vt 0.125 0.75
vt 0.375 0.75
vt 0.375 0.5
vt 0.375 0.25
vt 0.375 0.5
vt 0.625 0.5
vt 0.625 0.25
vt 0.625 0.5
vt 0.625 0.75
vt 0.875 0.75
vt 0.875 0.5
vt 0.375 0.5
vt 0.375 0.75
vt 0.625 0.75
vt 0.625 0.5
vt 0.125 0.5
vt 0.125 0.75
vt 0.375 0.75
vt 0.375 0.5
vt 0.625 0.5
vt 0.625 0.75
vt 0.875 0.75
vt 0.875 0.5
vt 0.375 0.25
vt 0.375 0.5
vt 0.625 0.5
vt 0.625 0.25
vt 0.375 0
vt 0.375 0.25
vt 0.625 0.25
vt 0.625 0
vt 0.375 0.75
vt 0.375 1
vt 0.625 1
vt 0.625 0.75
vt 0.375 0.5
vt 0.375 0.75
vt 0.625 0.75
vt 0.625 0.5
vt 0.375 0
vt 0.375 0.25
vt 0.625 0.25
vt 0.625 0
vt 0.375 0.75
vt 0.375 1
vt 0.625 1
vt 0.625 0.75
vt 0.375 0.25
vt 0.375 0.5
vt 0.625 0.5
vt 0.625 0.25
vt 0.125 0.5
vt 0.125 0.75
vt 0.375 0.75
vt 0.375 0.5
vt 0.375 0
vt 0.375 0.25
vt 0.625 0.25
vt 0.625 0
vt 0.375 0.25
vt 0.375 0.5
vt 0.625 0.5
vt 0.625 0.25
vt 0.375 0.75
vt 0.375 1
vt 0.625 1
vt 0.625 0.75
vt 0.375 0.5
vt 0.375 0.75
vt 0.625 0.75
vt 0.625 0.5
vt 0.625 0.5
vt 0.625 0.75
vt 0.875 0.75
vt 0.875 0.5
vt 0.375 0.75
vt 0.625 0.875
vt 0.625 0.75
vt 0.375 0.875
vt 0.625 1
vt 0.375 1
vt 0.375 0.375
vt 0.375 0.5
vt 0.625 0.5
vt 0.625 0.375
vt 0.375 0.25
vt 0.625 0.25
vt 0.625 0.5
vt 0.625 0.75
vt 0.75 0.75
vt 0.75 0.5
vt 0.25 0.5
vt 0.375 0.75
vt 0.375 0.5
vt 0.25 0.75
vt 0.125 0.5
vt 0.125 0.75
vt 0.75 0.5
vt 0.75 0.75
vt 0.875 0.75
vt 0.875 0.5
vt 0.375 0.5
vt 0.375 0.75
vt 0.625 0.75
vt 0.625 0.5
vt 0.375 0
vt 0.375 0.25
vt 0.625 0.25
vt 0.625 0
vt 0.375 0.5
vt 0.375 0.75
vt 0.625 0.75
vt 0.625 0.5
vt 0.375 0.75
vt 0.375 1
vt 0.625 1
vt 0.625 0.75
vt 0.125 0.5
vt 0.125 0.75
vt 0.375 0.75
vt 0.375 0.5
vt 0.625 0.5
vt 0.625 0.75
vt 0.875 0.75
vt 0.875 0.5
vt 0.4147902 0.03979021
vt 0.4147902 0.03979021
vt 0.5852097 0.03979021
vt 0.5852097 0.03979021
vt 0.375 0.25
vt 0.375 0.5
vt 0.625 0.5
vt 0.625 0.25
vt 0.375 0.5
vt 0.375 0.75
vt 0.625 0.75
vt 0.625 0.5
vt 0.375 0.75
vt 0.375 1
vt 0.625 1
vt 0.625 0.75
vt 0.125 0.5
vt 0.125 0.75
vt 0.375 0.75
vt 0.375 0.5
vt 0.625 0.5
vt 0.625 0.75
vt 0.875 0.75
vt 0.875 0.5
vt 0.58461237 0
vt 0.625 0.25
vt 0.625 0
vt 0.58461237 0.25
vt 0.375 0
vt 0.375 0.25
vt 0.58461237 0.25
vt 0.625 0.5
vt 0.625 0.25
vt 0.58461237 0.5
vt 0.375 0.25
vt 0.375 0.5
vt 0.58461237 0.75
vt 0.58461237 0.75
vt 0.58461237 0.5
vt 0.58461237 0.5
vt 0.58461237 0.75
vt 0.625 1
vt 0.625 0.75
vt 0.58461237 1
vt 0.375 0.75
vt 0.375 1
vt 0.125 0.5
vt 0.125 0.75
vt 0.375 0.75
vt 0.375 0.5
vt 0.625 0.5
vt 0.625 0.75
vt 0.875 0.75
vt 0.875 0.5
vt 0.375 0.5
vt 0.375 0.75
vt 0.58461237 0.75
vt 0.58461237 0.5
vt 0.625 0.75
vt 0.625 0.75
vt 0.58461237 0.75
vt 0.58461237 0.75
vt 0.625 0.75
vt 0.58461237 0.75
vt 0.58461237 0.5
vt 0.625 0.5
vt 0.625 0.5
vt 0.58461237 0.5
vt 0.625 0.5
vt 0.58461237 0.5
vt 0.625 0.5
vt 0.625 0.5
vt 0.625 0.75
vt 0.625 0.75
vt 0.58461237 0.5
vt 0.58461237 0.75
vt 0.625 0.75
vt 0.625 0.5
vt 0.625 0.5
vt 0.625 0.5
vt 0.625 0.75
vt 0.625 0.75
vt 0.58461237 0.75
vt 0.58461237 0.75
vt 0.58461237 0.5
vt 0.58461237 0.5
vt 0.4147902 0.03979021
vt 0.4147902 0.21020977
vt 0.5852098 0.21020979
vt 0.5852097 0.03979021
vt 0.5852098 0.21020979
vt 0.5852098 0.21020979
vt 0.4147902 0.21020977
vt 0.4147902 0.21020977
vt 0.5852097 0.03979021
vt 0.5852097 0.03979021
vt 0.5852098 0.21020979
vt 0.5852098 0.21020979
vt 0.4147902 0.21020977
vt 0.4147902 0.21020977
vt 0.4147902 0.03979021
vt 0.4147902 0.03979021
vt 0.375 0
vt 0.375 0.25
vt 0.625 0.25
vt 0.625 0
vt 0.375 0.25
vt 0.375 0.5
vt 0.625 0.5
vt 0.625 0.25
vt 0.375 0.5
vt 0.375 0.75
vt 0.625 0.75
vt 0.625 0.5
vt 0.375 0.75
vt 0.375 1
vt 0.625 1
vt 0.625 0.75
vt 0.125 0.5
vt 0.125 0.75
vt 0.375 0.75
vt 0.375 0.5
vt 0.625 0.5
vt 0.625 0.75
vt 0.875 0.75
vt 0.875 0.5
vt 0.375 0
vt 0.375 0.25
vt 0.625 0.25
vt 0.625 0
vt 0.375 0.25
vt 0.375 0.5
vt 0.625 0.5
vt 0.625 0.25
vt 0.375 0.5
vt 0.375 0.75
vt 0.625 0.75
vt 0.625 0.5
vt 0.375 0.75
vt 0.375 1
vt 0.625 1
vt 0.625 0.75
vt 0.125 0.5
vt 0.125 0.75
vt 0.375 0.75
vt 0.375 0.5
vt 0.625 0.5
vt 0.625 0.75
vt 0.875 0.75
vt 0.875 0.5
vt 0.9375 0.8513304
vt 0.875 0.8513304
vt 0.875 1
vt 0.9375 1
vt 0.5 0.68821436
vt 0.4375 0.6882143
vt 0.4375 0.815256
vt 0.5 0.81525606
vt 1 0.5
vt 0.9375 0.5
vt 0.9375 0.6452333
vt 1 0.6452333
vt 1 0.68821436
vt 0.9375 0.6882143
vt 0.93749994 0.815256
vt 1 0.81525606
vt 0.4375 0.8513303
vt 0.375 0.8513302
vt 0.375 1
vt 0.4375 1
vt 0.8125 0.5
vt 0.75 0.5
vt 0.75000006 0.6452333
vt 0.8125 0.6452333
vt 0.875 0.8513303
vt 0.8125 0.8513302
vt 0.8125 1
vt 0.875 1
vt 0.43749997 0.68821436
vt 0.375 0.6882143
vt 0.375 0.815256
vt 0.4375 0.81525606
vt 0.75 0.5
vt 0.6875 0.5
vt 0.6875 0.6452333
vt 0.75 0.6452333
vt 0.87499994 0.68821436
vt 0.8125 0.6882143
vt 0.8125 0.815256
vt 0.875 0.81525606
vt 0.375 0.8513303
vt 0.3125 0.8513302
vt 0.3125 1
vt 0.375 1
vt 0.6875 0.5
vt 0.625 0.5
vt 0.62499994 0.64523333
vt 0.6875 0.6452333
vt 0.81249994 0.8513302
vt 0.75 0.8513302
vt 0.75 1
vt 0.8125 1
vt 0.37499997 0.68821436
vt 0.3125 0.6882143
vt 0.3125 0.815256
vt 0.375 0.81525606
vt 0.625 0.5
vt 0.5625 0.5
vt 0.5625 0.6452335
vt 0.625 0.6452335
vt 0.8125 0.68821436
vt 0.75 0.6882143
vt 0.75 0.815256
vt 0.8125 0.81525606
vt 0.3125 0.85133004
vt 0.25 0.85133004
vt 0.25 1
vt 0.3125 1
vt 0.5625 0.5
vt 0.5 0.5
vt 0.5 0.6452333
vt 0.5625 0.6452333
vt 0.75 0.8513302
vt 0.6875 0.8513302
vt 0.6875 1
vt 0.75 1
vt 0.3125 0.68821436
vt 0.25 0.6882143
vt 0.25 0.815256
vt 0.3125 0.81525606
vt 0.5 0.5
vt 0.4375 0.5
vt 0.4375 0.6452333
vt 0.5 0.6452333
vt 0.74999994 0.68821436
vt 0.6875 0.6882143
vt 0.68749994 0.815256
vt 0.75 0.81525606
vt 0.25 0.8513302
vt 0.1875 0.8513302
vt 0.1875 1
vt 0.25 1
vt 0.4375 0.5
vt 0.375 0.5
vt 0.375 0.6452335
vt 0.4375 0.64523345
vt 0.68749994 0.8513302
vt 0.625 0.8513302
vt 0.625 1
vt 0.6875 1
vt 0.25 0.68821436
vt 0.1875 0.6882143
vt 0.1875 0.815256
vt 0.25 0.81525606
vt 0.375 0.5
vt 0.3125 0.5
vt 0.3125 0.6452335
vt 0.375 0.6452335
vt 0.6875 0.68821436
vt 0.625 0.6882143
vt 0.625 0.815256
vt 0.6875 0.81525606
vt 0.1875 0.8513303
vt 0.125 0.8513302
vt 0.125 1
vt 0.1875 1
vt 0.3125 0.5
vt 0.25 0.5
vt 0.25 0.6452335
vt 0.3125 0.64523345
vt 0.625 0.8513304
vt 0.5625 0.8513304
vt 0.5625 1
vt 0.625 1
vt 0.18749999 0.68821436
vt 0.125 0.6882143
vt 0.125 0.815256
vt 0.1875 0.81525606
vt 0.25 0.5
vt 0.1875 0.5
vt 0.1875 0.6452335
vt 0.25 0.64523345
vt 0.625 0.68821436
vt 0.5625 0.6882143
vt 0.5625 0.815256
vt 0.625 0.81525606
vt 0.125 0.8513303
vt 0.0625 0.8513302
vt 0.0625 1
vt 0.125 1
vt 0.1875 0.5
vt 0.125 0.5
vt 0.125 0.64523363
vt 0.1875 0.64523363
vt 0.5625 0.8513302
vt 0.5 0.8513302
vt 0.5 1
vt 0.5625 1
vt 0.125 0.68821436
vt 0.0625 0.6882143
vt 0.0625 0.815256
vt 0.125 0.81525606
vt 0.125 0.5
vt 0.0625 0.5
vt 0.0625 0.6452335
vt 0.125 0.6452335
vt 0.5625 0.68821436
vt 0.5 0.6882143
vt 0.5 0.815256
vt 0.5625 0.81525606
vt 0.875 0.5
vt 0.8125 0.5
vt 0.8125 0.6452333
vt 0.875 0.6452333
vt 0.47173154 0.34184387
vt 0.49 0.25
vt 0.47173154 0.15815613
vt 0.4197058 0.4197058
vt 0.4197058 0.08029419
vt 0.34184387 0.47173065
vt 0.34184387 0.02826935
vt 0.25 0.49
vt 0.25 0.010000005
vt 0.15815613 0.47173065
vt 0.15815613 0.02826935
vt 0.08029419 0.4197058
vt 0.08029419 0.08029419
vt 0.028268442 0.34184387
vt 0.028268442 0.15815613
vt 0.010000005 0.25
vt 0.0625 0.68821436
vt 0 0.6882143
vt 0 0.815256
vt 0.0625 0.81525606
vt 0.9375 0.68821436
vt 0.875 0.6882143
vt 0.875 0.815256
vt 0.9375 0.81525606
vt 0.5 0.8513303
vt 0.4375 0.8513302
vt 0.4375 1
vt 0.5 1
vt 0.9375 0.5
vt 0.875 0.5
vt 0.875 0.6452335
vt 0.9375 0.64523345
vt 0.97173154 0.15815613
vt 0.99 0.25
vt 0.97173154 0.34184387
vt 0.9197058 0.08029419
vt 0.9197058 0.4197058
vt 0.84184384 0.02826935
vt 0.84184384 0.47173065
vt 0.75 0.010000005
vt 0.75 0.49
vt 0.65815616 0.02826935
vt 0.65815616 0.47173065
vt 0.5802942 0.08029419
vt 0.5802942 0.4197058
vt 0.52826846 0.15815613
vt 0.52826846 0.34184387
vt 0.51 0.25
vt 1 0.8513304
vt 0.93749994 0.8513302
vt 0.9375 1
vt 1 1
vt 0.9375 0.6452333
vt 1 0.6452333
vt 1 0.6452333
vt 0.9375 0.6452333
vt 0.875 0.6452335
vt 0.875 0.6452335
vt 0.8125 0.6452333
vt 0.8125 0.6452333
vt 0.75 0.6452333
vt 0.75 0.6452333
vt 0.6875 0.6452333
vt 0.6875 0.6452333
vt 0.625 0.6452335
vt 0.625 0.6452335
vt 0.5625 0.6452333
vt 0.5625 0.6452333
vt 0.5 0.6452333
vt 0.5 0.6452333
vt 0.4375 0.6452333
vt 0.4375 0.6452333
vt 0.375 0.6452335
vt 0.375 0.6452335
vt 0.3125 0.6452335
vt 0.3125 0.6452335
vt 0.25 0.6452335
vt 0.25 0.6452335
vt 0.1875 0.64523363
vt 0.1875 0.64523363
vt 0.125 0.6452335
vt 0.125 0.6452335
vt 0.0625 0.6452333
vt 0.0625 0.6452333
vt 0 0.6452333
vt 0 0.6452333
vt 0.0625 0.8513303
vt 0 0.8513304
vt 0 1
vt 0.0625 1
vt 1 0.68821436
vt 1 0.68821436
vt 0.9375 0.6882143
vt 0.9375 0.6882143
vt 0.875 0.6882143
vt 0.875 0.6882143
vt 0.8125 0.6882143
vt 0.8125 0.6882143
vt 0.74999994 0.68821436
vt 0.74999994 0.68821436
vt 0.6875 0.68821436
vt 0.6875 0.68821436
vt 0.625 0.68821436
vt 0.625 0.68821436
vt 0.5625 0.68821436
vt 0.5625 0.68821436
vt 0.5 0.6882143
vt 0.5 0.6882143
vt 0.4375 0.6882143
vt 0.4375 0.6882143
vt 0.375 0.6882143
vt 0.375 0.6882143
vt 0.3125 0.6882143
vt 0.3125 0.6882143
vt 0.25 0.6882143
vt 0.25 0.6882143
vt 0.18749999 0.68821436
vt 0.18749999 0.68821436
vt 0.125 0.68821436
vt 0.125 0.68821436
vt 0.0625 0.68821436
vt 0.0625 0.68821436
vt 0 0.6882143
vt 0 0.6882143
vt 0 0.815256
vt 0 0.815256
vt 0.0625 0.815256
vt 0.0625 0.815256
vt 0.125 0.815256
vt 0.125 0.815256
vt 0.1875 0.815256
vt 0.1875 0.815256
vt 0.25 0.81525606
vt 0.25 0.81525606
vt 0.3125 0.81525606
vt 0.3125 0.81525606
vt 0.375 0.81525606
vt 0.375 0.81525606
vt 0.4375 0.81525606
vt 0.4375 0.81525606
vt 0.5 0.815256
vt 0.5 0.815256
vt 0.5625 0.815256
vt 0.5625 0.815256
vt 0.625 0.815256
vt 0.625 0.815256
vt 0.68749994 0.815256
vt 0.68749994 0.815256
vt 0.75 0.81525606
vt 0.75 0.81525606
vt 0.8125 0.81525606
vt 0.8125 0.81525606
vt 0.875 0.81525606
vt 0.875 0.81525606
vt 0.9375 0.81525606
vt 0.9375 0.81525606
vt 1 0.81525606
vt 1 0.81525606
vt 0.0625 0.8513302
vt 0 0.8513304
vt 0 0.8513304
vt 0.0625 0.8513302
vt 0.125 0.8513302
vt 0.125 0.8513302
vt 0.1875 0.8513302
vt 0.1875 0.8513302
vt 0.25 0.8513302
vt 0.25 0.8513302
vt 0.3125 0.85133004
vt 0.3125 0.85133004
vt 0.375 0.8513303
vt 0.375 0.8513303
vt 0.4375 0.8513303
vt 0.4375 0.8513303
vt 0.5 0.8513302
vt 0.5 0.8513302
vt 0.5625 0.8513304
vt 0.5625 0.8513304
vt 0.625 0.8513302
vt 0.625 0.8513302
vt 0.6875 0.8513302
vt 0.6875 0.8513302
vt 0.75 0.8513302
vt 0.75 0.8513302
vt 0.81249994 0.8513302
vt 0.81249994 0.8513302
vt 0.875 0.8513303
vt 0.875 0.8513303
vt 0.9375 0.8513304
vt 0.9375 0.8513304
vt 1 0.8513304
vt 1 0.8513304
vt 0.0625 0.5
vt 0 0.5
vt 0 0.6452333
vt 0.0625 0.6452333
vt 0.0625 0.8513303
vt 0.0625 0.81525606
vt 0 0.815256
vt 0 0.8513304
vt 0.125 0.8513303
vt 0.125 0.81525606
vt 0.0625 0.815256
vt 0.0625 0.8513302
vt 0.1875 0.8513303
vt 0.1875 0.81525606
vt 0.125 0.815256
vt 0.125 0.8513302
vt 0.25 0.8513302
vt 0.25 0.81525606
vt 0.1875 0.815256
vt 0.1875 0.8513302
vt 0.3125 0.85133004
vt 0.3125 0.81525606
vt 0.25 0.815256
vt 0.25 0.85133004
vt 0.375 0.8513303
vt 0.375 0.81525606
vt 0.3125 0.815256
vt 0.3125 0.8513302
vt 0.4375 0.8513303
vt 0.4375 0.81525606
vt 0.375 0.815256
vt 0.375 0.8513302
vt 0.5 0.8513303
vt 0.5 0.81525606
vt 0.4375 0.815256
vt 0.4375 0.8513302
vt 0.5625 0.8513302
vt 0.5625 0.81525606
vt 0.5 0.815256
vt 0.5 0.8513302
vt 0.625 0.8513304
vt 0.625 0.81525606
vt 0.5625 0.815256
vt 0.5625 0.8513304
vt 0.68749994 0.8513302
vt 0.6875 0.81525606
vt 0.625 0.815256
vt 0.625 0.8513302
vt 0.75 0.8513302
vt 0.75 0.81525606
vt 0.68749994 0.815256
vt 0.6875 0.8513302
vt 0.81249994 0.8513302
vt 0.8125 0.81525606
vt 0.75 0.815256
vt 0.75 0.8513302
vt 0.875 0.8513303
vt 0.875 0.81525606
vt 0.8125 0.815256
vt 0.8125 0.8513302
vt 0.9375 0.8513304
vt 0.9375 0.81525606
vt 0.875 0.815256
vt 0.875 0.8513304
vt 1 0.8513304
vt 1 0.81525606
vt 0.93749994 0.815256
vt 0.93749994 0.8513302
vt 0.0625 0.68821436
vt 0.0625 0.6452333
vt 0 0.6452333
vt 0 0.6882143
vt 0.125 0.68821436
vt 0.125 0.6452335
vt 0.0625 0.6452335
vt 0.0625 0.6882143
vt 0.18749999 0.68821436
vt 0.1875 0.64523363
vt 0.125 0.64523363
vt 0.125 0.6882143
vt 0.25 0.68821436
vt 0.25 0.64523345
vt 0.1875 0.6452335
vt 0.1875 0.6882143
vt 0.3125 0.68821436
vt 0.3125 0.64523345
vt 0.25 0.6452335
vt 0.25 0.6882143
vt 0.37499997 0.68821436
vt 0.375 0.6452335
vt 0.3125 0.6452335
vt 0.3125 0.6882143
vt 0.43749997 0.68821436
vt 0.4375 0.64523345
vt 0.375 0.6452335
vt 0.375 0.6882143
vt 0.5 0.68821436
vt 0.5 0.6452333
vt 0.4375 0.6452333
vt 0.4375 0.6882143
vt 0.5625 0.68821436
vt 0.5625 0.6452333
vt 0.5 0.6452333
vt 0.5 0.6882143
vt 0.625 0.68821436
vt 0.625 0.6452335
vt 0.5625 0.6452335
vt 0.5625 0.6882143
vt 0.6875 0.68821436
vt 0.6875 0.6452333
vt 0.62499994 0.64523333
vt 0.625 0.6882143
vt 0.74999994 0.68821436
vt 0.75 0.6452333
vt 0.6875 0.6452333
vt 0.6875 0.6882143
vt 0.8125 0.68821436
vt 0.8125 0.6452333
vt 0.75000006 0.6452333
vt 0.75 0.6882143
vt 0.87499994 0.68821436
vt 0.875 0.6452333
vt 0.8125 0.6452333
vt 0.8125 0.6882143
vt 0.9375 0.68821436
vt 0.9375 0.64523345
vt 0.875 0.6452335
vt 0.875 0.6882143
vt 1 0.68821436
vt 1 0.6452333
vt 0.9375 0.6452333
vt 0.9375 0.6882143
vt 0.9375 0.8513304
vt 0.875 0.8513304
vt 0.875 1
vt 0.9375 1
vt 0.5 0.68821436
vt 0.4375 0.6882143
vt 0.4375 0.815256
vt 0.5 0.81525606
vt 1 0.5
vt 0.9375 0.5
vt 0.9375 0.6452333
vt 1 0.6452333
vt 1 0.68821436
vt 0.9375 0.6882143
vt 0.93749994 0.815256
vt 1 0.81525606
vt 0.4375 0.8513303
vt 0.375 0.8513302
vt 0.375 1
vt 0.4375 1
vt 0.8125 0.5
vt 0.75 0.5
vt 0.75000006 0.6452333
vt 0.8125 0.6452333
vt 0.875 0.8513303
vt 0.8125 0.8513302
vt 0.8125 1
vt 0.875 1
vt 0.43749997 0.68821436
vt 0.375 0.6882143
vt 0.375 0.815256
vt 0.4375 0.81525606
vt 0.75 0.5
vt 0.6875 0.5
vt 0.6875 0.6452333
vt 0.75 0.6452333
vt 0.87499994 0.68821436
vt 0.8125 0.6882143
vt 0.8125 0.815256
vt 0.875 0.81525606
vt 0.375 0.8513303
vt 0.3125 0.8513302
vt 0.3125 1
vt 0.375 1
vt 0.6875 0.5
vt 0.625 0.5
vt 0.62499994 0.64523333
vt 0.6875 0.6452333
vt 0.81249994 0.8513302
vt 0.75 0.8513302
vt 0.75 1
vt 0.8125 1
vt 0.37499997 0.68821436
vt 0.3125 0.6882143
vt 0.3125 0.815256
vt 0.375 0.81525606
vt 0.625 0.5
vt 0.5625 0.5
vt 0.5625 0.6452335
vt 0.625 0.6452335
vt 0.8125 0.68821436
vt 0.75 0.6882143
vt 0.75 0.815256
vt 0.8125 0.81525606
vt 0.3125 0.85133004
vt 0.25 0.85133004
vt 0.25 1
vt 0.3125 1
vt 0.5625 0.5
vt 0.5 0.5
vt 0.5 0.6452333
vt 0.5625 0.6452333
vt 0.75 0.8513302
vt 0.6875 0.8513302
vt 0.6875 1
vt 0.75 1
vt 0.3125 0.68821436
vt 0.25 0.6882143
vt 0.25 0.815256
vt 0.3125 0.81525606
vt 0.5 0.5
vt 0.4375 0.5
vt 0.4375 0.6452333
vt 0.5 0.6452333
vt 0.74999994 0.68821436
vt 0.6875 0.6882143
vt 0.68749994 0.815256
vt 0.75 0.81525606
vt 0.25 0.8513302
vt 0.1875 0.8513302
vt 0.1875 1
vt 0.25 1
vt 0.4375 0.5
vt 0.375 0.5
vt 0.375 0.6452335
vt 0.4375 0.64523345
vt 0.68749994 0.8513302
vt 0.625 0.8513302
vt 0.625 1
vt 0.6875 1
vt 0.25 0.68821436
vt 0.1875 0.6882143
vt 0.1875 0.815256
vt 0.25 0.81525606
vt 0.375 0.5
vt 0.3125 0.5
vt 0.3125 0.6452335
vt 0.375 0.6452335
vt 0.6875 0.68821436
vt 0.625 0.6882143
vt 0.625 0.815256
vt 0.6875 0.81525606
vt 0.1875 0.8513303
vt 0.125 0.8513302
vt 0.125 1
vt 0.1875 1
vt 0.3125 0.5
vt 0.25 0.5
vt 0.25 0.6452335
vt 0.3125 0.64523345
vt 0.625 0.8513304
vt 0.5625 0.8513304
vt 0.5625 1
vt 0.625 1
vt 0.18749999 0.68821436
vt 0.125 0.6882143
vt 0.125 0.815256
vt 0.1875 0.81525606
vt 0.25 0.5
vt 0.1875 0.5
vt 0.1875 0.6452335
vt 0.25 0.64523345
vt 0.625 0.68821436
vt 0.5625 0.6882143
vt 0.5625 0.815256
vt 0.625 0.81525606
vt 0.125 0.8513303
vt 0.0625 0.8513302
vt 0.0625 1
vt 0.125 1
vt 0.1875 0.5
vt 0.125 0.5
vt 0.125 0.64523363
vt 0.1875 0.64523363
vt 0.5625 0.8513302
vt 0.5 0.8513302
vt 0.5 1
vt 0.5625 1
vt 0.125 0.68821436
vt 0.0625 0.6882143
vt 0.0625 0.815256
vt 0.125 0.81525606
vt 0.125 0.5
vt 0.0625 0.5
vt 0.0625 0.6452335
vt 0.125 0.6452335
vt 0.5625 0.68821436
vt 0.5 0.6882143
vt 0.5 0.815256
vt 0.5625 0.81525606
vt 0.875 0.5
vt 0.8125 0.5
vt 0.8125 0.6452333
vt 0.875 0.6452333
vt 0.47173154 0.34184387
vt 0.49 0.25
vt 0.47173154 0.15815613
vt 0.4197058 0.4197058
vt 0.4197058 0.08029419
vt 0.34184387 0.47173065
vt 0.34184387 0.02826935
vt 0.25 0.49
vt 0.25 0.010000005
vt 0.15815613 0.47173065
vt 0.15815613 0.02826935
vt 0.08029419 0.4197058
vt 0.08029419 0.08029419
vt 0.028268442 0.34184387
vt 0.028268442 0.15815613
vt 0.010000005 0.25
vt 0.0625 0.68821436
vt 0 0.6882143
vt 0 0.815256
vt 0.0625 0.81525606
vt 0.9375 0.68821436
vt 0.875 0.6882143
vt 0.875 0.815256
vt 0.9375 0.81525606
vt 0.5 0.8513303
vt 0.4375 0.8513302
vt 0.4375 1
vt 0.5 1
vt 0.9375 0.5
vt 0.875 0.5
vt 0.875 0.6452335
vt 0.9375 0.64523345
vt 0.97173154 0.15815613
vt 0.99 0.25
vt 0.97173154 0.34184387
vt 0.9197058 0.08029419
vt 0.9197058 0.4197058
vt 0.84184384 0.02826935
vt 0.84184384 0.47173065
vt 0.75 0.010000005
vt 0.75 0.49
vt 0.65815616 0.02826935
vt 0.65815616 0.47173065
vt 0.5802942 0.08029419
vt 0.5802942 0.4197058
vt 0.52826846 0.15815613
vt 0.52826846 0.34184387
vt 0.51 0.25
vt 1 0.8513304
vt 0.93749994 0.8513302
vt 0.9375 1
vt 1 1
vt 0.9375 0.6452333
vt 1 0.6452333
vt 1 0.6452333
vt 0.9375 0.6452333
vt 0.875 0.6452335
vt 0.875 0.6452335
vt 0.8125 0.6452333
vt 0.8125 0.6452333
vt 0.75 0.6452333
vt 0.75 0.6452333
vt 0.6875 0.6452333
vt 0.6875 0.6452333
vt 0.625 0.6452335
vt 0.625 0.6452335
vt 0.5625 0.6452333
vt 0.5625 0.6452333
vt 0.5 0.6452333
vt 0.5 0.6452333
vt 0.4375 0.6452333
vt 0.4375 0.6452333
vt 0.375 0.6452335
vt 0.375 0.6452335
vt 0.3125 0.6452335
vt 0.3125 0.6452335
vt 0.25 0.6452335
vt 0.25 0.6452335
vt 0.1875 0.64523363
vt 0.1875 0.64523363
vt 0.125 0.6452335
vt 0.125 0.6452335
vt 0.0625 0.6452333
vt 0.0625 0.6452333
vt 0 0.6452333
vt 0 0.6452333
vt 0.0625 0.8513303
vt 0 0.8513304
vt 0 1
vt 0.0625 1
vt 1 0.68821436
vt 1 0.68821436
vt 0.9375 0.6882143
vt 0.9375 0.6882143
vt 0.875 0.6882143
vt 0.875 0.6882143
vt 0.8125 0.6882143
vt 0.8125 0.6882143
vt 0.74999994 0.68821436
vt 0.74999994 0.68821436
vt 0.6875 0.68821436
vt 0.6875 0.68821436
vt 0.625 0.68821436
vt 0.625 0.68821436
vt 0.5625 0.68821436
vt 0.5625 0.68821436
vt 0.5 0.6882143
vt 0.5 0.6882143
vt 0.4375 0.6882143
vt 0.4375 0.6882143
vt 0.375 0.6882143
vt 0.375 0.6882143
vt 0.3125 0.6882143
vt 0.3125 0.6882143
vt 0.25 0.6882143
vt 0.25 0.6882143
vt 0.18749999 0.68821436
vt 0.18749999 0.68821436
vt 0.125 0.68821436
vt 0.125 0.68821436
vt 0.0625 0.68821436
vt 0.0625 0.68821436
vt 0 0.6882143
vt 0 0.6882143
vt 0 0.815256
vt 0 0.815256
vt 0.0625 0.815256
vt 0.0625 0.815256
vt 0.125 0.815256
vt 0.125 0.815256
vt 0.1875 0.815256
vt 0.1875 0.815256
vt 0.25 0.81525606
vt 0.25 0.81525606
vt 0.3125 0.81525606
vt 0.3125 0.81525606
vt 0.375 0.81525606
vt 0.375 0.81525606
vt 0.4375 0.81525606
vt 0.4375 0.81525606
vt 0.5 0.815256
vt 0.5 0.815256
vt 0.5625 0.815256
vt 0.5625 0.815256
vt 0.625 0.815256
vt 0.625 0.815256
vt 0.68749994 0.815256
vt 0.68749994 0.815256
vt 0.75 0.81525606
vt 0.75 0.81525606
vt 0.8125 0.81525606
vt 0.8125 0.81525606
vt 0.875 0.81525606
vt 0.875 0.81525606
vt 0.9375 0.81525606
vt 0.9375 0.81525606
vt 1 0.81525606
vt 1 0.81525606
vt 0.0625 0.8513302
vt 0 0.8513304
vt 0 0.8513304
vt 0.0625 0.8513302
vt 0.125 0.8513302
vt 0.125 0.8513302
vt 0.1875 0.8513302
vt 0.1875 0.8513302
vt 0.25 0.8513302
vt 0.25 0.8513302
vt 0.3125 0.85133004
vt 0.3125 0.85133004
vt 0.375 0.8513303
vt 0.375 0.8513303
vt 0.4375 0.8513303
vt 0.4375 0.8513303
vt 0.5 0.8513302
vt 0.5 0.8513302
vt 0.5625 0.8513304
vt 0.5625 0.8513304
vt 0.625 0.8513302
vt 0.625 0.8513302
vt 0.6875 0.8513302
vt 0.6875 0.8513302
vt 0.75 0.8513302
vt 0.75 0.8513302
vt 0.81249994 0.8513302
vt 0.81249994 0.8513302
vt 0.875 0.8513303
vt 0.875 0.8513303
vt 0.9375 0.8513304
vt 0.9375 0.8513304
vt 1 0.8513304
vt 1 0.8513304
vt 0.0625 0.5
vt 0 0.5
vt 0 0.6452333
vt 0.0625 0.6452333
vt 0.0625 0.8513303
vt 0.0625 0.81525606
vt 0 0.815256
vt 0 0.8513304
vt 0.125 0.8513303
vt 0.125 0.81525606
vt 0.0625 0.815256
vt 0.0625 0.8513302
vt 0.1875 0.8513303
vt 0.1875 0.81525606
vt 0.125 0.815256
vt 0.125 0.8513302
vt 0.25 0.8513302
vt 0.25 0.81525606
vt 0.1875 0.815256
vt 0.1875 0.8513302
vt 0.3125 0.85133004
vt 0.3125 0.81525606
vt 0.25 0.815256
vt 0.25 0.85133004
vt 0.375 0.8513303
vt 0.375 0.81525606
vt 0.3125 0.815256
vt 0.3125 0.8513302
vt 0.4375 0.8513303
vt 0.4375 0.81525606
vt 0.375 0.815256
vt 0.375 0.8513302
vt 0.5 0.8513303
vt 0.5 0.81525606
vt 0.4375 0.815256
vt 0.4375 0.8513302
vt 0.5625 0.8513302
vt 0.5625 0.81525606
vt 0.5 0.815256
vt 0.5 0.8513302
vt 0.625 0.8513304
vt 0.625 0.81525606
vt 0.5625 0.815256
vt 0.5625 0.8513304
vt 0.68749994 0.8513302
vt 0.6875 0.81525606
vt 0.625 0.815256
vt 0.625 0.8513302
vt 0.75 0.8513302
vt 0.75 0.81525606
vt 0.68749994 0.815256
vt 0.6875 0.8513302
vt 0.81249994 0.8513302
vt 0.8125 0.81525606
vt 0.75 0.815256
vt 0.75 0.8513302
vt 0.875 0.8513303
vt 0.875 0.81525606
vt 0.8125 0.815256
vt 0.8125 0.8513302
vt 0.9375 0.8513304
vt 0.9375 0.81525606
vt 0.875 0.815256
vt 0.875 0.8513304
vt 1 0.8513304
vt 1 0.81525606
vt 0.93749994 0.815256
vt 0.93749994 0.8513302
vt 0.0625 0.68821436
vt 0.0625 0.6452333
vt 0 0.6452333
vt 0 0.6882143
vt 0.125 0.68821436
vt 0.125 0.6452335
vt 0.0625 0.6452335
vt 0.0625 0.6882143
vt 0.18749999 0.68821436
vt 0.1875 0.64523363
vt 0.125 0.64523363
vt 0.125 0.6882143
vt 0.25 0.68821436
vt 0.25 0.64523345
vt 0.1875 0.6452335
vt 0.1875 0.6882143
vt 0.3125 0.68821436
vt 0.3125 0.64523345
vt 0.25 0.6452335
vt 0.25 0.6882143
vt 0.37499997 0.68821436
vt 0.375 0.6452335
vt 0.3125 0.6452335
vt 0.3125 0.6882143
vt 0.43749997 0.68821436
vt 0.4375 0.64523345
vt 0.375 0.6452335
vt 0.375 0.6882143
vt 0.5 0.68821436
vt 0.5 0.6452333
vt 0.4375 0.6452333
vt 0.4375 0.6882143
vt 0.5625 0.68821436
vt 0.5625 0.6452333
vt 0.5 0.6452333
vt 0.5 0.6882143
vt 0.625 0.68821436
vt 0.625 0.6452335
vt 0.5625 0.6452335
vt 0.5625 0.6882143
vt 0.6875 0.68821436
vt 0.6875 0.6452333
vt 0.62499994 0.64523333
vt 0.625 0.6882143
vt 0.74999994 0.68821436
vt 0.75 0.6452333
vt 0.6875 0.6452333
vt 0.6875 0.6882143
vt 0.8125 0.68821436
vt 0.8125 0.6452333
vt 0.75000006 0.6452333
vt 0.75 0.6882143
vt 0.87499994 0.68821436
vt 0.875 0.6452333
vt 0.8125 0.6452333
vt 0.8125 0.6882143
vt 0.9375 0.68821436
vt 0.9375 0.64523345
vt 0.875 0.6452335
vt 0.875 0.6882143
vt 1 0.68821436
vt 1 0.6452333
vt 0.9375 0.6452333
vt 0.9375 0.6882143
vt 0.5852097 0.03979021
vt 0.625 0
vt 0.375 0
vt 0.4147902 0.03979021
vt 0.5852098 0.21020979
vt 0.375 0.25
vt 0.625 0.25
vt 0.4147902 0.21020977
vn 1 0 0
vn 1 0 0
vn 1 0 0
vn 1 0 0
vn -0 0 -1
vn -0 0 -1
vn -0 0 -1
vn -0 0 -1
vn -0 -1 0
vn -0 -1 0
vn -0 -1 0
vn -0 -1 0
vn -0 0 1
vn -0 0 1
vn -0 0 1
vn -0 0 1
vn -1 0 0
vn -1 0 0
vn -1 0 0
vn -1 0 0
vn -0 0 -1
vn -0 0 -1
vn -0 0 -1
vn -0 0 -1
vn -0 0 1
vn -0 0 1
vn -0 0 1
vn -0 0 1
vn -0 -1 0
vn -0 -1 0
vn -0 -1 0
vn -0 -1 0
vn 1 0 0
vn 1 0 0
vn 1 0 0
vn 1 0 0
vn -0 1 0
vn -0 1 0
vn -0 1 0
vn -0 1 0
vn -1 0 0
vn -1 0 0
vn -1 0 0
vn -1 0 0
vn 1 0 0
vn 1 0 0
vn 1 0 0
vn 1 0 0
vn -0 1 0
vn -0 1 0
vn -0 1 0
vn -0 1 0
vn -0 -1 0
vn -0 -1 0
vn -0 -1 0
vn -0 -1 0
vn -0 0 -1
vn -0 0 -1
vn -0 0 -1
vn -0 0 -1
vn 1 0 0
vn 1 0 0
vn 1 0 0
vn 1 0 0
vn -0 -1 0
vn -0 -1 0
vn -0 -1 0
vn -0 -1 0
vn -0 1 0
vn -0 1 0
vn -0 1 0
vn -0 1 0
vn -1 0 0
vn -1 0 0
vn -1 0 0
vn -1 0 0
vn -0 0 1
vn -0 0 1
vn -0 0 1
vn -0 0 1
vn -1 0 0
vn -1 0 0
vn -1 0 0
vn -1 0 0
vn -1 0 0
vn -1 0 0
vn 1 0 0
vn 1 0 0
vn 1 0 0
vn 1 0 0
vn 1 0 0
vn 1 0 0
vn -0 -0.538129 0.84286255
vn -0 -0.538129 0.84286255
vn -0 -0.538129 0.84286255
vn -0 -0.538129 0.84286255
vn -0 0 -1
vn -0 0 -1
vn -0 0 -1
vn -0 0 -1
vn -0 0 -1
vn -0 0 -1
vn -0 0.53812915 0.8428625
vn -0 0.53812915 0.8428625
vn -0 0.53812915 0.8428625
vn -0 0.53812915 0.8428625
vn -0 -1 0
vn -0 -1 0
vn -0 -1 0
vn -0 -1 0
vn -0 1 0
vn -0 1 0
vn -0 1 0
vn -0 1 0
vn -0 -1 0
vn -0 -1 0
vn -0 -1 0
vn -0 -1 0
vn -1 0 0
vn -1 0 0
vn -1 0 0
vn -1 0 0
vn -1 0 0
vn -1 0 0
vn -0 1 0
vn -0 1 0
vn -0 1 0
vn -0 1 0
vn 1 0 0
vn 1 0 0
vn 1 0 0
vn 1 0 0
vn 1 0 0
vn 1 0 0
vn -0 0 -1
vn -0 0 -1
vn -0 0 -1
vn -0 0 -1
vn -0 0 -1
vn -0 0 -1
vn -0 -0.5381291 0.8428625
vn -0 -0.5381291 0.8428625
vn -0 -0.5381291 0.8428625
vn -0 -0.5381291 0.8428625
vn -0 0.53812915 0.8428625
vn -0 0.53812915 0.8428625
vn -0 0.53812915 0.8428625
vn -0 0.53812915 0.8428625
vn -1 0 0
vn -1 0 0
vn -1 0 0
vn -1 0 0
vn -0 1 0
vn -0 1 0
vn -0 1 0
vn -0 1 0
vn 1 0 0
vn 1 0 0
vn 1 0 0
vn 1 0 0
vn -0 -1 0
vn -0 -1 0
vn -0 -1 0
vn -0 -1 0
vn -0 0 -1
vn -0 0 -1
vn -0 0 -1
vn -0 0 -1
vn -0 0 1
vn -0 0 1
vn -0 0 1
vn -0 0 1
vn -1 0 0
vn -1 0 0
vn -1 0 0
vn -1 0 0
vn -0 1 0
vn -0 1 0
vn -0 1 0
vn -0 1 0
vn 1 0 0
vn 1 0 0
vn 1 0 0
vn 1 0 0
vn -0 -1 0
vn -0 -1 0
vn -0 -1 0
vn -0 -1 0
vn -0 0 -1
vn -0 0 -1
vn -0 0 -1
vn -0 0 -1
vn -0 0 1
vn -0 0 1
vn -0 0 1
vn -0 0 1
vn -1 0 0
vn -1 0 0
vn -1 0 0
vn -1 0 0
vn -0 1 0
vn -0 1 0
vn -0 1 0
vn -0 1 0
vn 1 0 0
vn 1 0 0
vn 1 0 0
vn 1 0 0
vn -0 -1 0
vn -0 -1 0
vn -0 -1 0
vn -0 -1 0
vn -0 0 -1
vn -0 0 -1
vn -0 0 -1
vn -0 0 -1
vn -0 0 1
vn -0 0 1
vn -0 0 1
vn -0 0 1
vn -1 0 0
vn -1 0 0
vn -1 0 0
vn -1 0 0
vn -0 1 0
vn -0 1 0
vn -0 1 0
vn -0 1 0
vn 1 0 0
vn 1 0 0
vn 1 0 0
vn 1 0 0
vn -0 -1 0
vn -0 -1 0
vn -0 -1 0
vn -0 -1 0
vn -0 0 -1
vn -0 0 -1
vn -0 0 -1
vn -0 0 -1
vn -0 0 1
vn -0 0 1
vn -0 0 1
vn -0 0 1
vn -1 0 0
vn -1 0 0
vn -1 0 0
vn -1 0 0
vn -0 1 0
vn -0 1 0
vn -0 1 0
vn -0 1 0
vn -0 0 -1
vn -0 0 -1
vn -0 0 -1
vn -0 0 -1
vn -0 0 1
vn -0 0 1
vn -0 0 1
vn -0 0 1
vn -0 -1 0
vn -0 -1 0
vn -0 -1 0
vn -0 -1 0
vn -0 0 -1
vn -0 0 -1
vn -0 0 -1
vn -0 0 -1
vn -1 0 0
vn -1 0 0
vn -1 0 0
vn -1 0 0
vn -0 0 1
vn -0 0 1
vn -0 0 1
vn -0 0 1
vn -0 1 0
vn -0 1 0
vn -0 1 0
vn -0 1 0
vn -0 0 -1
vn -0 0 -1
vn -0 0 -1
vn -0 0 -1
vn -0 0 1
vn -0 0 1
vn -0 0 1
vn -0 0 1
vn -1 0 0
vn -1 0 0
vn -1 0 0
vn -1 0 0
vn -0 -1 0
vn -0 -1 0
vn -0 -1 0
vn -0 -1 0
vn 1 0 0
vn 1 0 0
vn 1 0 0
vn 1 0 0
vn -0 1 0
vn -0 1 0
vn -0 1 0
vn -0 1 0
vn -0 -1 0
vn -0 -1 0
vn -0 -1 0
vn -0 -1 0
vn 1 0 0
vn 1 0 0
vn 1 0 0
vn 1 0 0
vn -1 0 0
vn -1 0 0
vn -1 0 0
vn -1 0 0
vn -0 0 -1
vn -0 0 -1
vn -0 0 -1
vn -0 0 -1
vn -0 -1 0
vn -0 -1 0
vn -0 -1 0
vn -0 -1 0
vn -1 0 0
vn -1 0 0
vn -1 0 0
vn -1 0 0
vn 1 0 0
vn 1 0 0
vn 1 0 0
vn 1 0 0
vn -0 1 0
vn -0 1 0
vn -0 1 0
vn -0 1 0
vn -0 0 1
vn -0 0 1
vn -0 0 1
vn -0 0 1
vn -0 1 0
vn -0 1 0
vn -0 1 0
vn -0 1 0
vn -0 1 0
vn -0 1 0
vn -0 -1 0
vn -0 -1 0
vn -0 -1 0
vn -0 -1 0
vn -0 -1 0
vn -0 -1 0
vn -0.53812915 0 0.8428625
vn -0.53812915 0 0.8428625
vn -0.53812915 0 0.8428625
vn -0.53812915 0 0.8428625
vn -0 0 -1
vn -0 0 -1
vn -0 0 -1
vn -0 0 -1
vn -0 0 -1
vn -0 0 -1
vn 0.5381289 0 0.84286255
vn 0.5381289 0 0.84286255
vn 0.5381289 0 0.84286255
vn 0.5381289 0 0.84286255
vn -1 0 0
vn -1 0 0
vn -1 0 0
vn -1 0 0
vn 1 0 0
vn 1 0 0
vn 1 0 0
vn 1 0 0
vn -0 1 0
vn -0 1 0
vn -0 1 0
vn -0 1 0
vn 1 0 0
vn 1 0 0
vn 1 0 0
vn 1 0 0
vn -0 0 -1
vn -0 0 -1
vn -0 0 -1
vn -0 0 -1
vn -0 0 1
vn -0 0 1
vn -0 0 1
vn -0 0 1
vn -0 1 0
vn -0 1 0
vn -0 1 0
vn -0 1 0
vn -0 0 -1
vn -0 0 -1
vn -0 0 -1
vn -0 0 -1
vn 1 0 0
vn 1 0 0
vn 1 0 0
vn 1 0 0
vn -0 0 1
vn -0 0 1
vn -0 0 1
vn -0 0 1
vn -0 -1 0
vn -0 -1 0
vn -0 -1 0
vn -0 -1 0
vn -0 0 -1
vn -0 0 -1
vn -0 0 -1
vn -0 0 -1
vn -0 0 1
vn -0 0 1
vn -0 0 1
vn -0 0 1
vn 1 0 0
vn 1 0 0
vn 1 0 0
vn 1 0 0
vn -0 1 0
vn -0 1 0
vn -0 1 0
vn -0 1 0
vn -1 0 0
vn -1 0 0
vn -1 0 0
vn -1 0 0
vn -0 -1 0
vn -0 -1 0
vn -0 -1 0
vn -0 -1 0
vn -0 1 0
vn -0 1 0
vn -0 1 0
vn -0 1 0
vn -1 0 0
vn -1 0 0
vn -1 0 0
vn -1 0 0
vn 1 0 0
vn 1 0 0
vn 1 0 0
vn 1 0 0
vn -0 0 -1
vn -0 0 -1
vn -0 0 -1
vn -0 0 -1
vn -0 1 0
vn -0 1 0
vn -0 1 0
vn -0 1 0
vn 1 0 0
vn 1 0 0
vn 1 0 0
vn 1 0 0
vn -1 0 0
vn -1 0 0
vn -1 0 0
vn -1 0 0
vn -0 -1 0
vn -0 -1 0
vn -0 -1 0
vn -0 -1 0
vn -0 0 1
vn -0 0 1
vn -0 0 1
vn -0 0 1
vn -0 -1 0
vn -0 -1 0
vn -0 -1 0
vn -0 -1 0
vn -0 -1 0
vn -0 -1 0
vn -0 1 0
vn -0 1 0
vn -0 1 0
vn -0 1 0
vn -0 1 0
vn -0 1 0
vn 0.5381291 0 0.8428625
vn 0.5381291 0 0.8428625
vn 0.5381291 0 0.8428625
vn 0.5381291 0 0.8428625
vn -0 0 -1
vn -0 0 -1
vn -0 0 -1
vn -0 0 -1
vn -0 0 -1
vn -0 0 -1
vn -0.53812903 0 0.8428625
vn -0.53812903 0 0.8428625
vn -0.53812903 0 0.8428625
vn -0.53812903 0 0.8428625
vn 1 0 0
vn 1 0 0
vn 1 0 0
vn 1 0 0
vn -1 0 0
vn -1 0 0
vn -1 0 0
vn -1 0 0
vn -0 -1 0
vn -0 -1 0
vn -0 -1 0
vn -0 -1 0
vn -1 0 0
vn -1 0 0
vn -1 0 0
vn -1 0 0
vn -0 0 -1
vn -0 0 -1
vn -0 0 -1
vn -0 0 -1
vn -0 0 1
vn -0 0 1
vn -0 0 1
vn -0 0 1
vn -0 -1 0
vn -0 -1 0
vn -0 -1 0
vn -0 -1 0
vn 0.9997186 0 0.023720719
vn 0.9997186 0 0.023720719
vn 0.9997186 0 0.023720719
vn 0.9997186 0 0.023720719
vn -0 -0.9997186 0.023721207
vn -0 -0.9997186 0.023721207
vn -0 -0.9997186 0.023721207
vn -0 -0.9997186 0.023721207
vn -0 0 -1
vn -0 0 -1
vn -0 0 -1
vn -0 0 -1
vn -0.9997186 0 0.023721078
vn -0.9997186 0 0.023721078
vn -0.9997186 0 0.023721078
vn -0.9997186 0 0.023721078
vn -0 0.9997186 0.023720559
vn -0 0.9997186 0.023720559
vn -0 0.9997186 0.023720559
vn -0 0.9997186 0.023720559
vn -0.5424066 0.8401161 0
vn -0.5424066 0.8401161 0
vn -0.5424066 0.8401161 0
vn -0.5424066 0.8401161 0
vn -0.5424065 0.8401162 0
vn -0.5424065 0.8401162 0
vn 0.8401151 0.54240817 0
vn 0.8401151 0.54240817 0
vn 0.8401151 0.54240817 0
vn 0.8401151 0.54240817 0
vn 0.8401152 0.5424081 0
vn 0.8401152 0.5424081 0
vn -0.1404538 0.21755217 -0.9658901
vn -0.1404538 0.21755217 -0.9658901
vn -0.1404538 0.21755217 -0.9658901
vn -0.1404538 0.21755217 -0.9658901
vn -0.84012324 -0.54239553 0
vn -0.84012324 -0.54239553 0
vn -0.84012324 -0.54239553 0
vn -0.84012324 -0.54239553 0
vn -0.84012306 -0.54239583 0
vn -0.84012306 -0.54239583 0
vn -0 0 -1
vn -0 0 -1
vn -0 0 -1
vn -0 0 -1
vn -0 0 1
vn -0 0 1
vn -0 0 1
vn -0 0 1
vn 0.54239804 -0.8401216 0
vn 0.54239804 -0.8401216 0
vn 0.54239804 -0.8401216 0
vn 0.54239804 -0.8401216 0
vn -0.8401263 -0.54239094 0
vn -0.8401263 -0.54239094 0
vn -0.8401263 -0.54239094 0
vn -0.8401263 -0.54239094 0
vn -0.8297376 -0.5581536 0
vn -0.8297376 -0.5581536 0
vn 0.8502017 0.52645713 0
vn 0.8502017 0.52645713 0
vn 0.8502017 0.52645713 0
vn 0.8502017 0.52645713 0
vn 0.8401263 0.54239094 0
vn 0.8401263 0.54239094 0
vn 0.2426547 -0.37585372 0.89434487
vn 0.2426547 -0.37585372 0.89434487
vn 0.2426547 -0.37585372 0.89434487
vn 0.2426547 -0.37585372 0.89434487
vn 0.5423981 -0.84012157 0
vn 0.5423981 -0.84012157 0
vn 0.5423981 -0.84012157 0
vn 0.5423981 -0.84012157 0
vn -0 0 1
vn -0 0 1
vn -0 0 1
vn -0 0 1
vn -0 0 -1
vn -0 0 -1
vn -0 0 -1
vn -0 0 -1
vn -0 0 1
vn -0 0 1
vn -0 0 1
vn -0 0 1
vn -0 1 0
vn -0 1 0
vn -0 1 0
vn -0 1 0
vn 1 0 0
vn 1 0 0
vn 1 0 0
vn 1 0 0
vn -1 0 0
vn -1 0 0
vn -1 0 0
vn -1 0 0
vn -0.7034104 -0.710784 0
vn -0.7034104 -0.710784 0
vn -0.7034104 -0.710784 0
vn -0.7034104 -0.710784 0
vn -0.71078414 0.7034102 0
vn -0.71078414 0.7034102 0
vn -0.71078414 0.7034102 0
vn -0.71078414 0.7034102 0
vn 0.70341015 0.7107842 0
vn 0.70341015 0.7107842 0
vn 0.70341015 0.7107842 0
vn 0.70341015 0.7107842 0
vn 0.71078414 -0.7034102 0
vn 0.71078414 -0.7034102 0
vn 0.71078414 -0.7034102 0
vn 0.71078414 -0.7034102 0
vn -0 0 -1
vn -0 0 -1
vn -0 0 -1
vn -0 0 -1
vn -0 0 1
vn -0 0 1
vn -0 0 1
vn -0 0 1
vn -1 0 0
vn -1 0 0
vn -1 0 0
vn -1 0 0
vn -0 1 0
vn -0 1 0
vn -0 1 0
vn -0 1 0
vn 1 0 0
vn 1 0 0
vn 1 0 0
vn 1 0 0
vn -0 -1 0
vn -0 -1 0
vn -0 -1 0
vn -0 -1 0
vn -0 0 -1
vn -0 0 -1
vn -0 0 -1
vn -0 0 -1
vn -0 0 1
vn -0 0 1
vn -0 0 1
vn -0 0 1
vn 0.55309933 0.8277856 0.09408623
vn 0.55309933 0.8277856 0.09408623
vn 0.55309933 0.8277856 0.09408623
vn 0.55309933 0.8277856 0.09408623
vn -0.19509502 -0.9807843 0
vn -0.19509502 -0.9807843 0
vn -0.19509502 -0.9807843 0
vn -0.19509502 -0.9807843 0
vn 0.19405837 0.9755696 -0.102981485
vn 0.19405837 0.9755696 -0.102981485
vn 0.19405837 0.9755696 -0.102981485
vn 0.19405837 0.9755696 -0.102981485
vn 0.19509542 0.9807843 0
vn 0.19509542 0.9807843 0
vn 0.19509542 0.9807843 0
vn 0.19509542 0.9807843 0
vn -0.5530999 -0.8277854 0.094085254
vn -0.5530999 -0.8277854 0.094085254
vn -0.5530999 -0.8277854 0.094085254
vn -0.5530999 -0.8277854 0.094085254
vn 0.9755715 0.19404873 -0.10298223
vn 0.9755715 0.19404873 -0.10298223
vn 0.9755715 0.19404873 -0.10298223
vn 0.9755715 0.19404873 -0.10298223
vn 0.82778096 0.5531062 0.09408659
vn 0.82778096 0.5531062 0.09408659
vn 0.82778096 0.5531062 0.09408659
vn 0.82778096 0.5531062 0.09408659
vn -0.555564 -0.8314738 0
vn -0.555564 -0.8314738 0
vn -0.555564 -0.8314738 0
vn -0.555564 -0.8314738 0
vn 0.9755715 -0.19404861 -0.102982186
vn 0.9755715 -0.19404861 -0.102982186
vn 0.9755715 -0.19404861 -0.102982186
vn 0.9755715 -0.19404861 -0.102982186
vn 0.8314693 0.5555708 0
vn 0.8314693 0.5555708 0
vn 0.8314693 0.5555708 0
vn 0.8314693 0.5555708 0
vn -0.82778096 -0.5531063 0.09408553
vn -0.82778096 -0.5531063 0.09408553
vn -0.82778096 -0.5531063 0.09408553
vn -0.82778096 -0.5531063 0.09408553
vn 0.82704866 -0.5526168 -0.10298229
vn 0.82704866 -0.5526168 -0.10298229
vn 0.82704866 -0.5526168 -0.10298229
vn 0.82704866 -0.5526168 -0.10298229
vn 0.9764355 0.19422019 0.09408668
vn 0.9764355 0.19422019 0.09408668
vn 0.9764355 0.19422019 0.09408668
vn 0.9764355 0.19422019 0.09408668
vn -0.83146936 -0.55557066 0
vn -0.83146936 -0.55557066 0
vn -0.83146936 -0.55557066 0
vn -0.83146936 -0.55557066 0
vn 0.5526099 -0.8270531 -0.10298174
vn 0.5526099 -0.8270531 -0.10298174
vn 0.5526099 -0.8270531 -0.10298174
vn 0.5526099 -0.8270531 -0.10298174
vn 0.98078626 0.19508572 0
vn 0.98078626 0.19508572 0
vn 0.98078626 0.19508572 0
vn 0.98078626 0.19508572 0
vn -0.9764356 -0.1942204 0.09408516
vn -0.9764356 -0.1942204 0.09408516
vn -0.9764356 -0.1942204 0.09408516
vn -0.9764356 -0.1942204 0.09408516
vn 0.19405785 -0.9755697 -0.102981515
vn 0.19405785 -0.9755697 -0.102981515
vn 0.19405785 -0.9755697 -0.102981515
vn 0.19405785 -0.9755697 -0.102981515
vn 0.9764355 -0.19422019 0.09408668
vn 0.9764355 -0.19422019 0.09408668
vn 0.9764355 -0.19422019 0.09408668
vn 0.9764355 -0.19422019 0.09408668
vn -0.98078614 -0.19508596 0
vn -0.98078614 -0.19508596 0
vn -0.98078614 -0.19508596 0
vn -0.98078614 -0.19508596 0
vn -0.19405802 -0.9755697 -0.10298105
vn -0.19405802 -0.9755697 -0.10298105
vn -0.19405802 -0.9755697 -0.10298105
vn -0.19405802 -0.9755697 -0.10298105
vn 0.98078626 -0.19508572 0
vn 0.98078626 -0.19508572 0
vn 0.98078626 -0.19508572 0
vn 0.98078626 -0.19508572 0
vn -0.9764356 0.19422035 0.09408512
vn -0.9764356 0.19422035 0.09408512
vn -0.9764356 0.19422035 0.09408512
vn -0.9764356 0.19422035 0.09408512
vn -0.55261016 -0.8270531 -0.10298085
vn -0.55261016 -0.8270531 -0.10298085
vn -0.55261016 -0.8270531 -0.10298085
vn -0.55261016 -0.8270531 -0.10298085
vn 0.82778096 -0.55310607 0.09408651
vn 0.82778096 -0.55310607 0.09408651
vn 0.82778096 -0.55310607 0.09408651
vn 0.82778096 -0.55310607 0.09408651
vn -0.98078614 0.19508596 0
vn -0.98078614 0.19508596 0
vn -0.98078614 0.19508596 0
vn -0.98078614 0.19508596 0
vn -0.82704866 -0.5526169 -0.10298077
vn -0.82704866 -0.5526169 -0.10298077
vn -0.82704866 -0.5526169 -0.10298077
vn -0.82704866 -0.5526169 -0.10298077
vn 0.8314693 -0.5555708 0
vn 0.8314693 -0.5555708 0
vn 0.8314693 -0.5555708 0
vn 0.8314693 -0.5555708 0
vn -0.82778114 0.5531061 0.09408536
vn -0.82778114 0.5531061 0.09408536
vn -0.82778114 0.5531061 0.09408536
vn -0.82778114 0.5531061 0.09408536
vn -0.97557175 -0.19404845 -0.10298057
vn -0.97557175 -0.19404845 -0.10298057
vn -0.97557175 -0.19404845 -0.10298057
vn -0.97557175 -0.19404845 -0.10298057
vn 0.5530997 -0.8277854 0.09408608
vn 0.5530997 -0.8277854 0.09408608
vn 0.5530997 -0.8277854 0.09408608
vn 0.5530997 -0.8277854 0.09408608
vn -0.83146936 0.55557066 0
vn -0.83146936 0.55557066 0
vn -0.83146936 0.55557066 0
vn -0.83146936 0.55557066 0
vn -0.97557163 0.1940486 -0.10298064
vn -0.97557163 0.1940486 -0.10298064
vn -0.97557163 0.1940486 -0.10298064
vn -0.97557163 0.1940486 -0.10298064
vn 0.5555639 -0.8314737 0
vn 0.5555639 -0.8314737 0
vn 0.5555639 -0.8314737 0
vn 0.5555639 -0.8314737 0
vn -0.55309945 0.82778555 0.09408543
vn -0.55309945 0.82778555 0.09408543
vn -0.55309945 0.82778555 0.09408543
vn -0.55309945 0.82778555 0.09408543
vn -0.8270487 0.55261683 -0.10298074
vn -0.8270487 0.55261683 -0.10298074
vn -0.8270487 0.55261683 -0.10298074
vn -0.8270487 0.55261683 -0.10298074
vn 0.19422942 -0.97643375 0.094085775
vn 0.19422942 -0.97643375 0.094085775
vn 0.19422942 -0.97643375 0.094085775
vn 0.19422942 -0.97643375 0.094085775
vn -0.555564 0.8314738 0
vn -0.555564 0.8314738 0
vn -0.555564 0.8314738 0
vn -0.555564 0.8314738 0
vn -0.5526104 0.82705295 -0.1029808
vn -0.5526104 0.82705295 -0.1029808
vn -0.5526104 0.82705295 -0.1029808
vn -0.5526104 0.82705295 -0.1029808
vn 0.19509497 -0.9807843 0
vn 0.19509497 -0.9807843 0
vn 0.19509497 -0.9807843 0
vn 0.19509497 -0.9807843 0
vn 0.82704854 0.5526168 -0.102982186
vn 0.82704854 0.5526168 -0.102982186
vn 0.82704854 0.5526168 -0.102982186
vn 0.82704854 0.5526168 -0.102982186
vn -0 0 1
vn -0 0 1
vn -0 0 1
vn -0 0 1
vn -0 0 1
vn -0 0 1
vn -0 0 1
vn -0 0 1
vn -0 0 1
vn -0 0 1
vn -0 0 1
vn -0 0 1
vn -0 0 1
vn -0 0 1
vn -0 0 1
vn -0 0 1
vn -0.19509546 0.9807843 0
vn -0.19509546 0.9807843 0
vn -0.19509546 0.9807843 0
vn -0.19509546 0.9807843 0
vn 0.5555639 0.8314737 0
vn 0.5555639 0.8314737 0
vn 0.5555639 0.8314737 0
vn 0.5555639 0.8314737 0
vn -0.19422947 -0.97643363 0.094085686
vn -0.19422947 -0.97643363 0.094085686
vn -0.19422947 -0.97643363 0.094085686
vn -0.19422947 -0.97643363 0.094085686
vn 0.55261034 0.82705295 -0.1029818
vn 0.55261034 0.82705295 -0.1029818
vn 0.55261034 0.82705295 -0.1029818
vn 0.55261034 0.82705295 -0.1029818
vn -0 0 -1
vn -0 0 -1
vn -0 0 -1
vn -0 0 -1
vn -0 0 -1
vn -0 0 -1
vn -0 0 -1
vn -0 0 -1
vn -0 0 -1
vn -0 0 -1
vn -0 0 -1
vn -0 0 -1
vn -0 0 -1
vn -0 0 -1
vn -0 0 -1
vn -0 0 -1
vn 0.19422993 0.97643363 0.09408587
vn 0.19422993 0.97643363 0.09408587
vn 0.19422993 0.97643363 0.09408587
vn 0.19422993 0.97643363 0.09408587
vn -0.01045212 -0.052563224 -0.9985629
vn -0.01045212 -0.052563224 -0.9985629
vn -0.01045212 -0.052563224 -0.9985629
vn -0.01045212 -0.052563224 -0.9985629
vn -0.029774938 -0.044560757 -0.9985629
vn -0.029774938 -0.044560757 -0.9985629
vn -0.04456037 -0.029774424 -0.9985629
vn -0.04456037 -0.029774424 -0.9985629
vn -0.05256437 0.010455147 -0.9985629
vn -0.05256437 0.010455147 -0.9985629
vn -0.04456739 0.029774424 -0.99856263
vn -0.04456739 0.029774424 -0.99856263
vn -0.029774917 0.044560727 -0.9985629
vn -0.029774917 0.044560727 -0.9985629
vn -0.010453878 0.05256271 -0.998563
vn -0.010453878 0.05256271 -0.998563
vn 0.010453878 0.05256271 -0.998563
vn 0.010453878 0.05256271 -0.998563
vn 0.010453878 0.05256271 -0.998563
vn 0.010453878 0.05256271 -0.998563
vn 0.029774971 0.044560783 -0.9985629
vn 0.029774971 0.044560783 -0.9985629
vn 0.04456038 0.029774461 -0.9985629
vn 0.04456038 0.029774461 -0.9985629
vn 0.052564345 0.010455149 -0.9985629
vn 0.052564345 0.010455149 -0.9985629
vn 0.04456036 -0.029774448 -0.9985629
vn 0.04456036 -0.029774448 -0.9985629
vn 0.029774949 -0.044560753 -0.9985629
vn 0.029774949 -0.044560753 -0.9985629
vn 0.0104521215 -0.05256324 -0.9985629
vn 0.0104521215 -0.05256324 -0.9985629
vn 0.0104521215 -0.05256324 -0.9985629
vn 0.0104521215 -0.05256324 -0.9985629
vn -0.19422974 0.97643363 0.09408561
vn -0.19422974 0.97643363 0.09408561
vn -0.19422974 0.97643363 0.09408561
vn -0.19422974 0.97643363 0.09408561
vn 0.010452182 0.052563235 0.9985629
vn 0.010452182 0.052563235 0.9985629
vn 0.010452182 0.052563235 0.9985629
vn 0.010452182 0.052563235 0.9985629
vn 0.029771741 0.04456074 0.998563
vn 0.029771741 0.04456074 0.998563
vn 0.044561975 0.029774463 0.9985629
vn 0.044561975 0.029774463 0.9985629
vn 0.052566174 -0.010455141 0.99856275
vn 0.052566174 -0.010455141 0.99856275
vn 0.044555094 -0.029774496 0.9985631
vn 0.044555094 -0.029774496 0.9985631
vn 0.029771749 -0.044560753 0.998563
vn 0.029771749 -0.044560753 0.998563
vn 0.0104556475 -0.05256269 0.9985629
vn 0.0104556475 -0.05256269 0.9985629
vn 0.0104556475 -0.05256269 0.9985629
vn 0.0104556475 -0.05256269 0.9985629
vn -0.010453915 -0.052562684 0.998563
vn -0.010453915 -0.052562684 0.998563
vn -0.029771721 -0.044560723 0.998563
vn -0.029771721 -0.044560723 0.998563
vn -0.04456202 -0.029774472 0.9985629
vn -0.04456202 -0.029774472 0.9985629
vn -0.052566174 -0.010455151 0.99856275
vn -0.052566174 -0.010455151 0.99856275
vn -0.04456196 0.029774431 0.9985629
vn -0.04456196 0.029774431 0.9985629
vn -0.029771736 0.044560745 0.998563
vn -0.029771736 0.044560745 0.998563
vn -0.010453917 0.05256323 0.9985629
vn -0.010453917 0.05256323 0.9985629
vn -0.010453917 0.05256323 0.9985629
vn -0.010453917 0.05256323 0.9985629
vn -0.009553964 0.04801306 -0.998801
vn -0.009553964 0.04801306 -0.998801
vn -0.027195 0.040704202 -0.9988011
vn -0.027195 0.040704202 -0.9988011
vn -0.04070557 0.027197588 -0.998801
vn -0.04070557 0.027197588 -0.998801
vn -0.0480092 0.009550302 -0.99880123
vn -0.0480092 0.009550302 -0.99880123
vn -0.0480092 0.009550302 -0.99880123
vn -0.0480092 0.009550302 -0.99880123
vn -0.048009206 -0.009550303 -0.99880123
vn -0.048009206 -0.009550303 -0.99880123
vn -0.04070553 -0.027197564 -0.998801
vn -0.04070553 -0.027197564 -0.998801
vn -0.027198428 -0.040704142 -0.998801
vn -0.027198428 -0.040704142 -0.998801
vn 0.009548771 -0.048013642 -0.9988011
vn 0.009548771 -0.048013642 -0.9988011
vn 0.027201941 -0.040704187 -0.9988009
vn 0.027201941 -0.040704187 -0.9988009
vn 0.04069864 -0.027197625 -0.99880123
vn 0.04069864 -0.027197625 -0.99880123
vn 0.048016135 -0.0095502855 -0.9988009
vn 0.048016135 -0.0095502855 -0.9988009
vn 0.048016135 -0.0095502855 -0.9988009
vn 0.048016135 -0.0095502855 -0.9988009
vn 0.04801612 0.009550282 -0.9988009
vn 0.04801612 0.009550282 -0.9988009
vn 0.04070555 0.027197607 -0.998801
vn 0.04070555 0.027197607 -0.998801
vn 0.027195 0.04070418 -0.9988011
vn 0.027195 0.04070418 -0.9988011
vn 0.009553963 0.048013065 -0.998801
vn 0.009553963 0.048013065 -0.998801
vn 0.027197637 -0.0407042 0.998801
vn 0.009550673 -0.0480136 0.998801
vn 0.009550673 -0.0480136 0.998801
vn 0.027197637 -0.0407042 0.998801
vn 0.040701732 -0.027197601 0.9988011
vn 0.040701732 -0.027197601 0.9988011
vn 0.04801772 -0.009550296 0.9988009
vn 0.04801772 -0.009550296 0.9988009
vn 0.04801772 -0.009550296 0.9988009
vn 0.04801772 -0.009550296 0.9988009
vn 0.048017744 0.0095503 0.9988009
vn 0.048017744 0.0095503 0.9988009
vn 0.040701758 0.027197618 0.9988011
vn 0.040701758 0.027197618 0.9988011
vn 0.027197666 0.040704243 0.998801
vn 0.027197666 0.040704243 0.998801
vn -0.009550678 0.048013624 0.998801
vn -0.009550678 0.048013624 0.998801
vn -0.027197642 0.04070421 0.998801
vn -0.027197642 0.04070421 0.998801
vn -0.040701743 0.02719761 0.9988011
vn -0.040701743 0.02719761 0.9988011
vn -0.048017744 0.009550311 0.9988009
vn -0.048017744 0.009550311 0.9988009
vn -0.048017744 -0.0095503125 0.9988009
vn -0.048017744 -0.0095503125 0.9988009
vn -0.048017744 -0.0095503125 0.9988009
vn -0.048017744 -0.0095503125 0.9988009
vn -0.040701717 -0.027197594 0.9988011
vn -0.040701717 -0.027197594 0.9988011
vn -0.027197642 -0.04070421 0.998801
vn -0.027197642 -0.04070421 0.998801
vn -0.009548924 -0.04801361 0.9988011
vn -0.009548924 -0.04801361 0.9988011
vn -0.19405828 0.9755697 -0.102981165
vn -0.19405828 0.9755697 -0.102981165
vn -0.19405828 0.9755697 -0.102981165
vn -0.19405828 0.9755697 -0.102981165
vn -0.19487843 0.97969615 0.047095202
vn -0.19487843 0.97969615 0.047095202
vn -0.19487843 0.97969615 0.047095202
vn -0.19487843 0.97969615 0.047095202
vn -0.5549484 0.83055055 0.047094952
vn -0.5549484 0.83055055 0.047094952
vn -0.5549484 0.83055055 0.047094952
vn -0.5549484 0.83055055 0.047094952
vn -0.8305471 0.55495363 0.04709507
vn -0.8305471 0.55495363 0.04709507
vn -0.8305471 0.55495363 0.04709507
vn -0.8305471 0.55495363 0.04709507
vn -0.9796978 0.19486977 0.047095183
vn -0.9796978 0.19486977 0.047095183
vn -0.9796978 0.19486977 0.047095183
vn -0.9796978 0.19486977 0.047095183
vn -0.9796978 -0.19486977 0.047095183
vn -0.9796978 -0.19486977 0.047095183
vn -0.9796978 -0.19486977 0.047095183
vn -0.9796978 -0.19486977 0.047095183
vn -0.8305471 -0.55495363 0.047095772
vn -0.8305471 -0.55495363 0.047095772
vn -0.8305471 -0.55495363 0.047095772
vn -0.8305471 -0.55495363 0.047095772
vn -0.5549472 -0.8305514 0.047095727
vn -0.5549472 -0.8305514 0.047095727
vn -0.5549472 -0.8305514 0.047095727
vn -0.5549472 -0.8305514 0.047095727
vn -0.19487713 -0.9796964 0.04709475
vn -0.19487713 -0.9796964 0.04709475
vn -0.19487713 -0.9796964 0.04709475
vn -0.19487713 -0.9796964 0.04709475
vn 0.19487712 -0.9796963 0.047096618
vn 0.19487712 -0.9796963 0.047096618
vn 0.19487712 -0.9796963 0.047096618
vn 0.19487712 -0.9796963 0.047096618
vn 0.55494714 -0.83055145 0.04709526
vn 0.55494714 -0.83055145 0.04709526
vn 0.55494714 -0.83055145 0.04709526
vn 0.55494714 -0.83055145 0.04709526
vn 0.83054733 -0.5549533 0.04709532
vn 0.83054733 -0.5549533 0.04709532
vn 0.83054733 -0.5549533 0.04709532
vn 0.83054733 -0.5549533 0.04709532
vn 0.97969776 -0.19486998 0.04709588
vn 0.97969776 -0.19486998 0.04709588
vn 0.97969776 -0.19486998 0.04709588
vn 0.97969776 -0.19486998 0.04709588
vn 0.97969776 0.19486998 0.04709594
vn 0.97969776 0.19486998 0.04709594
vn 0.97969776 0.19486998 0.04709594
vn 0.97969776 0.19486998 0.04709594
vn 0.83054733 0.5549533 0.047095902
vn 0.83054733 0.5549533 0.047095902
vn 0.83054733 0.5549533 0.047095902
vn 0.83054733 0.5549533 0.047095902
vn 0.5549484 0.83055055 0.04709533
vn 0.5549484 0.83055055 0.04709533
vn 0.5549484 0.83055055 0.04709533
vn 0.5549484 0.83055055 0.04709533
vn 0.19487841 0.97969615 0.0470954
vn 0.19487841 0.97969615 0.0470954
vn 0.19487841 0.97969615 0.0470954
vn 0.19487841 0.97969615 0.0470954
vn -0.19483534 0.97947985 -0.051559128
vn -0.19483534 0.97947985 -0.051559128
vn -0.19483534 0.97947985 -0.051559128
vn -0.19483534 0.97947985 -0.051559128
vn -0.5548252 0.83036774 -0.051559143
vn -0.5548252 0.83036774 -0.051559143
vn -0.5548252 0.83036774 -0.051559143
vn -0.5548252 0.83036774 -0.051559143
vn -0.83036363 0.5548315 -0.051559065
vn -0.83036363 0.5548315 -0.051559065
vn -0.83036363 0.5548315 -0.051559065
vn -0.83036363 0.5548315 -0.051559065
vn -0.97948164 0.19482683 -0.05155898
vn -0.97948164 0.19482683 -0.05155898
vn -0.97948164 0.19482683 -0.05155898
vn -0.97948164 0.19482683 -0.05155898
vn -0.97948164 -0.19482683 -0.05155898
vn -0.97948164 -0.19482683 -0.05155898
vn -0.97948164 -0.19482683 -0.05155898
vn -0.97948164 -0.19482683 -0.05155898
vn -0.83036363 -0.5548315 -0.05155838
vn -0.83036363 -0.5548315 -0.05155838
vn -0.83036363 -0.5548315 -0.05155838
vn -0.83036363 -0.5548315 -0.05155838
vn -0.5548252 -0.83036774 -0.051559586
vn -0.5548252 -0.83036774 -0.051559586
vn -0.5548252 -0.83036774 -0.051559586
vn -0.5548252 -0.83036774 -0.051559586
vn -0.19483456 -0.97948 -0.05155955
vn -0.19483456 -0.97948 -0.05155955
vn -0.19483456 -0.97948 -0.05155955
vn -0.19483456 -0.97948 -0.05155955
vn 0.19483376 -0.97948015 -0.051559545
vn 0.19483376 -0.97948015 -0.051559545
vn 0.19483376 -0.97948015 -0.051559545
vn 0.19483376 -0.97948015 -0.051559545
vn 0.55482537 -0.83036774 -0.0515596
vn 0.55482537 -0.83036774 -0.0515596
vn 0.55482537 -0.83036774 -0.0515596
vn 0.55482537 -0.83036774 -0.0515596
vn 0.8303637 -0.55483127 -0.051559165
vn 0.8303637 -0.55483127 -0.051559165
vn 0.8303637 -0.55483127 -0.051559165
vn 0.8303637 -0.55483127 -0.051559165
vn 0.9794815 -0.19482675 -0.05156024
vn 0.9794815 -0.19482675 -0.05156024
vn 0.9794815 -0.19482675 -0.05156024
vn 0.9794815 -0.19482675 -0.05156024
vn 0.9794815 0.19482675 -0.05156024
vn 0.9794815 0.19482675 -0.05156024
vn 0.9794815 0.19482675 -0.05156024
vn 0.9794815 0.19482675 -0.05156024
vn 0.8303637 0.55483127 -0.05155946
vn 0.8303637 0.55483127 -0.05155946
vn 0.8303637 0.55483127 -0.05155946
vn 0.8303637 0.55483127 -0.05155946
vn 0.5548252 0.83036774 -0.051559243
vn 0.5548252 0.83036774 -0.051559243
vn 0.5548252 0.83036774 -0.051559243
vn 0.5548252 0.83036774 -0.051559243
vn 0.19483458 0.97948 -0.051559184
vn 0.19483458 0.97948 -0.051559184
vn 0.19483458 0.97948 -0.051559184
vn 0.19483458 0.97948 -0.051559184
vn 0.5530994 0.8277857 0.09408498
vn 0.5530994 0.8277857 0.09408498
vn 0.5530994 0.8277857 0.09408498
vn 0.5530994 0.8277857 0.09408498
vn -0.19509394 -0.98078454 0
vn -0.19509394 -0.98078454 0
vn -0.19509394 -0.98078454 0
vn -0.19509394 -0.98078454 0
vn 0.1940578 0.9755697 -0.10298202
vn 0.1940578 0.9755697 -0.10298202
vn 0.1940578 0.9755697 -0.10298202
vn 0.1940578 0.9755697 -0.10298202
vn 0.19509508 0.9807843 0
vn 0.19509508 0.9807843 0
vn 0.19509508 0.9807843 0
vn 0.19509508 0.9807843 0
vn -0.5530999 -0.8277854 0.09408519
vn -0.5530999 -0.8277854 0.09408519
vn -0.5530999 -0.8277854 0.09408519
vn -0.5530999 -0.8277854 0.09408519
vn 0.97557145 0.19404912 -0.10298179
vn 0.97557145 0.19404912 -0.10298179
vn 0.97557145 0.19404912 -0.10298179
vn 0.97557145 0.19404912 -0.10298179
vn 0.8277808 0.5531064 0.09408631
vn 0.8277808 0.5531064 0.09408631
vn 0.8277808 0.5531064 0.09408631
vn 0.8277808 0.5531064 0.09408631
vn -0.555565 -0.8314732 0
vn -0.555565 -0.8314732 0
vn -0.555565 -0.8314732 0
vn -0.555565 -0.8314732 0
vn 0.97557145 -0.19404942 -0.10298181
vn 0.97557145 -0.19404942 -0.10298181
vn 0.97557145 -0.19404942 -0.10298181
vn 0.97557145 -0.19404942 -0.10298181
vn 0.8314692 0.55557084 0
vn 0.8314692 0.55557084 0
vn 0.8314692 0.55557084 0
vn 0.8314692 0.55557084 0
vn -0.8277806 -0.55310684 0.09408528
vn -0.8277806 -0.55310684 0.09408528
vn -0.8277806 -0.55310684 0.09408528
vn -0.8277806 -0.55310684 0.09408528
vn 0.8270488 -0.5526165 -0.10298189
vn 0.8270488 -0.5526165 -0.10298189
vn 0.8270488 -0.5526165 -0.10298189
vn 0.8270488 -0.5526165 -0.10298189
vn 0.9764356 0.19421938 0.094087265
vn 0.9764356 0.19421938 0.094087265
vn 0.9764356 0.19421938 0.094087265
vn 0.9764356 0.19421938 0.094087265
vn -0.8314693 -0.5555707 0
vn -0.8314693 -0.5555707 0
vn -0.8314693 -0.5555707 0
vn -0.8314693 -0.5555707 0
vn 0.5526105 -0.8270528 -0.10298244
vn 0.5526105 -0.8270528 -0.10298244
vn 0.5526105 -0.8270528 -0.10298244
vn 0.5526105 -0.8270528 -0.10298244
vn 0.9807866 0.19508371 0
vn 0.9807866 0.19508371 0
vn 0.9807866 0.19508371 0
vn 0.9807866 0.19508371 0
vn -0.9764355 -0.19422069 0.094085135
vn -0.9764355 -0.19422069 0.094085135
vn -0.9764355 -0.19422069 0.094085135
vn -0.9764355 -0.19422069 0.094085135
vn 0.19405758 -0.97556984 -0.10298076
vn 0.19405758 -0.97556984 -0.10298076
vn 0.19405758 -0.97556984 -0.10298076
vn 0.19405758 -0.97556984 -0.10298076
vn 0.9764355 -0.19421962 0.09408738
vn 0.9764355 -0.19421962 0.09408738
vn 0.9764355 -0.19421962 0.09408738
vn 0.9764355 -0.19421962 0.09408738
vn -0.9807859 -0.1950871 0
vn -0.9807859 -0.1950871 0
vn -0.9807859 -0.1950871 0
vn -0.9807859 -0.1950871 0
vn -0.1940578 -0.97556984 -0.10298101
vn -0.1940578 -0.97556984 -0.10298101
vn -0.1940578 -0.97556984 -0.10298101
vn -0.1940578 -0.97556984 -0.10298101
vn 0.9807866 -0.19508371 0
vn 0.9807866 -0.19508371 0
vn 0.9807866 -0.19508371 0
vn 0.9807866 -0.19508371 0
vn -0.9764356 0.19422044 0.09408516
vn -0.9764356 0.19422044 0.09408516
vn -0.9764356 0.19422044 0.09408516
vn -0.9764356 0.19422044 0.09408516
vn -0.55261 -0.8270532 -0.10298134
vn -0.55261 -0.8270532 -0.10298134
vn -0.55261 -0.8270532 -0.10298134
vn -0.55261 -0.8270532 -0.10298134
vn 0.82778096 -0.553106 0.09408678
vn 0.82778096 -0.553106 0.09408678
vn 0.82778096 -0.553106 0.09408678
vn 0.82778096 -0.553106 0.09408678
vn -0.9807859 0.1950871 0
vn -0.9807859 0.1950871 0
vn -0.9807859 0.1950871 0
vn -0.9807859 0.1950871 0
vn -0.82704896 -0.55261654 -0.10298055
vn -0.82704896 -0.55261654 -0.10298055
vn -0.82704896 -0.55261654 -0.10298055
vn -0.82704896 -0.55261654 -0.10298055
vn 0.8314687 -0.5555715 0
vn 0.8314687 -0.5555715 0
vn 0.8314687 -0.5555715 0
vn 0.8314687 -0.5555715 0
vn -0.8277805 0.55310726 0.09408483
vn -0.8277805 0.55310726 0.09408483
vn -0.8277805 0.55310726 0.09408483
vn -0.8277805 0.55310726 0.09408483
vn -0.97557163 -0.19404837 -0.10298088
vn -0.97557163 -0.19404837 -0.10298088
vn -0.97557163 -0.19404837 -0.10298088
vn -0.97557163 -0.19404837 -0.10298088
vn 0.5530994 -0.82778555 0.09408575
vn 0.5530994 -0.82778555 0.09408575
vn 0.5530994 -0.82778555 0.09408575
vn 0.5530994 -0.82778555 0.09408575
vn -0.8314697 0.55557007 0
vn -0.8314697 0.55557007 0
vn -0.8314697 0.55557007 0
vn -0.8314697 0.55557007 0
vn -0.97557175 0.19404809 -0.10298128
vn -0.97557175 0.19404809 -0.10298128
vn -0.97557175 0.19404809 -0.10298128
vn -0.97557175 0.19404809 -0.10298128
vn 0.5555644 -0.83147347 0
vn 0.5555644 -0.83147347 0
vn 0.5555644 -0.83147347 0
vn 0.5555644 -0.83147347 0
vn -0.55309975 0.82778525 0.094085634
vn -0.55309975 0.82778525 0.094085634
vn -0.55309975 0.82778525 0.094085634
vn -0.55309975 0.82778525 0.094085634
vn -0.82704866 0.5526169 -0.10298156
vn -0.82704866 0.5526169 -0.10298156
vn -0.82704866 0.5526169 -0.10298156
vn -0.82704866 0.5526169 -0.10298156
vn 0.19423 -0.97643363 0.094085254
vn 0.19423 -0.97643363 0.094085254
vn 0.19423 -0.97643363 0.094085254
vn 0.19423 -0.97643363 0.094085254
vn -0.555564 0.8314737 0
vn -0.555564 0.8314737 0
vn -0.555564 0.8314737 0
vn -0.555564 0.8314737 0
vn -0.55261064 0.82705295 -0.10298035
vn -0.55261064 0.82705295 -0.10298035
vn -0.55261064 0.82705295 -0.10298035
vn -0.55261064 0.82705295 -0.10298035
vn 0.19509369 -0.98078454 0
vn 0.19509369 -0.98078454 0
vn 0.19509369 -0.98078454 0
vn 0.19509369 -0.98078454 0
vn 0.82704854 0.5526168 -0.10298236
vn 0.82704854 0.5526168 -0.10298236
vn 0.82704854 0.5526168 -0.10298236
vn 0.82704854 0.5526168 -0.10298236
vn -0 0 1
vn -0 0 1
vn -0 0 1
vn -0 0 1
vn -0 0 1
vn -0 0 1
vn -0 0 1
vn -0 0 1
vn -0 0 1
vn -0 0 1
vn -0 0 1
vn -0 0 1
vn -0 0 1
vn -0 0 1
vn -0 0 1
vn -0 0 1
vn -0.1950953 0.9807843 0
vn -0.1950953 0.9807843 0
vn -0.1950953 0.9807843 0
vn -0.1950953 0.9807843 0
vn 0.55556345 0.8314741 0
vn 0.55556345 0.8314741 0
vn 0.55556345 0.8314741 0
vn 0.55556345 0.8314741 0
vn -0.19423021 -0.97643363 0.09408528
vn -0.19423021 -0.97643363 0.09408528
vn -0.19423021 -0.97643363 0.09408528
vn -0.19423021 -0.97643363 0.09408528
vn 0.552611 0.8270525 -0.102981925
vn 0.552611 0.8270525 -0.102981925
vn 0.552611 0.8270525 -0.102981925
vn 0.552611 0.8270525 -0.102981925
vn -0 0 -1
vn -0 0 -1
vn -0 0 -1
vn -0 0 -1
vn -0 0 -1
vn -0 0 -1
vn -0 0 -1
vn -0 0 -1
vn -0 0 -1
vn -0 0 -1
vn -0 0 -1
vn -0 0 -1
vn -0 0 -1
vn -0 0 -1
vn -0 0 -1
vn -0 0 -1
vn 0.19422923 0.97643375 0.09408599
vn 0.19422923 0.97643375 0.09408599
vn 0.19422923 0.97643375 0.09408599
vn 0.19422923 0.97643375 0.09408599
vn -0.010452853 -0.0525632 -0.9985629
vn -0.010452853 -0.0525632 -0.9985629
vn -0.010452853 -0.0525632 -0.9985629
vn -0.010452853 -0.0525632 -0.9985629
vn -0.029773962 -0.044560514 -0.9985629
vn -0.029773962 -0.044560514 -0.9985629
vn -0.04456046 -0.029774401 -0.9985629
vn -0.04456046 -0.029774401 -0.9985629
vn -0.052563168 0.010455239 -0.9985629
vn -0.052563168 0.010455239 -0.9985629
vn -0.04456046 0.029774401 -0.9985629
vn -0.04456046 0.029774401 -0.9985629
vn -0.029773626 0.04456067 -0.9985629
vn -0.029773626 0.04456067 -0.9985629
vn -0.010455485 0.052562643 -0.9985629
vn -0.010455485 0.052562643 -0.9985629
vn 0.010455633 0.05256266 -0.9985629
vn 0.010455633 0.05256266 -0.9985629
vn 0.010455633 0.05256266 -0.9985629
vn 0.010455633 0.05256266 -0.9985629
vn 0.02977417 0.044560883 -0.9985629
vn 0.02977417 0.044560883 -0.9985629
vn 0.044560302 0.02977446 -0.9985629
vn 0.044560302 0.02977446 -0.9985629
vn 0.052562986 0.010455092 -0.9985629
vn 0.052562986 0.010455092 -0.9985629
vn 0.044560302 -0.02977446 -0.9985629
vn 0.044560302 -0.02977446 -0.9985629
vn 0.029773528 -0.04456057 -0.998563
vn 0.029773528 -0.04456057 -0.998563
vn 0.010453036 -0.052563373 -0.9985629
vn 0.010453036 -0.052563373 -0.9985629
vn 0.010453036 -0.052563373 -0.9985629
vn 0.010453036 -0.052563373 -0.9985629
vn -0.19422942 0.97643363 0.09408641
vn -0.19422942 0.97643363 0.09408641
vn -0.19422942 0.97643363 0.09408641
vn -0.19422942 0.97643363 0.09408641
vn 0.010453173 0.0525633 0.9985629
vn 0.010453173 0.0525633 0.9985629
vn 0.010453173 0.0525633 0.9985629
vn 0.010453173 0.0525633 0.9985629
vn 0.029774372 0.044560827 0.9985629
vn 0.029774372 0.044560827 0.9985629
vn 0.044560242 0.029774435 0.9985629
vn 0.044560242 0.029774435 0.9985629
vn 0.052562647 -0.010455115 0.9985629
vn 0.052562647 -0.010455115 0.9985629
vn 0.044560093 -0.029774336 0.998563
vn 0.044560093 -0.029774336 0.998563
vn 0.029773835 -0.04456067 0.9985629
vn 0.029773835 -0.04456067 0.9985629
vn 0.010455485 -0.05256239 0.998563
vn 0.010455485 -0.05256239 0.998563
vn 0.010455485 -0.05256239 0.998563
vn 0.010455485 -0.05256239 0.998563
vn -0.010455522 -0.05256262 0.9985629
vn -0.010455522 -0.05256262 0.9985629
vn -0.029773835 -0.044560615 0.9985629
vn -0.029773835 -0.044560615 0.9985629
vn -0.044560242 -0.029774435 0.9985629
vn -0.044560242 -0.029774435 0.9985629
vn -0.052562788 -0.010455196 0.9985629
vn -0.052562788 -0.010455196 0.9985629
vn -0.044560242 0.029774435 0.9985629
vn -0.044560242 0.029774435 0.9985629
vn -0.029773938 0.04456077 0.9985629
vn -0.029773938 0.04456077 0.9985629
vn -0.010453065 0.052563325 0.9985629
vn -0.010453065 0.052563325 0.9985629
vn -0.010453065 0.052563325 0.9985629
vn -0.010453065 0.052563325 0.9985629
vn -0.009553105 0.048013065 -0.998801
vn -0.009553105 0.048013065 -0.998801
vn -0.027195688 0.040703963 -0.9988011
vn -0.027195688 0.040703963 -0.9988011
vn -0.04070366 0.027197435 -0.9988011
vn -0.04070366 0.027197435 -0.9988011
vn -0.048014387 0.00955035 -0.998801
vn -0.048014387 0.00955035 -0.998801
vn -0.048014387 0.00955035 -0.998801
vn -0.048014387 0.00955035 -0.998801
vn -0.04801266 -0.009550351 -0.9988011
vn -0.04801266 -0.009550351 -0.9988011
vn -0.0407038 -0.027197529 -0.998801
vn -0.0407038 -0.027197529 -0.998801
vn -0.027196836 -0.040704384 -0.998801
vn -0.027196836 -0.040704384 -0.998801
vn 0.00955072 -0.048013642 -0.998801
vn 0.00955072 -0.048013642 -0.998801
vn 0.027196836 -0.040704384 -0.998801
vn 0.027196836 -0.040704384 -0.998801
vn 0.0407038 -0.027197529 -0.998801
vn 0.0407038 -0.027197529 -0.998801
vn 0.048012614 -0.009550288 -0.9988011
vn 0.048012614 -0.009550288 -0.9988011
vn 0.048012614 -0.009550288 -0.9988011
vn 0.048012614 -0.009550288 -0.9988011
vn 0.048014347 0.009550287 -0.998801
vn 0.048014347 0.009550287 -0.998801
vn 0.040704805 0.027197624 -0.998801
vn 0.040704805 0.027197624 -0.998801
vn 0.027196558 0.04070397 -0.9988011
vn 0.027196558 0.04070397 -0.9988011
vn 0.009552889 0.04801309 -0.998801
vn 0.009552889 0.04801309 -0.998801
vn 0.027196767 -0.040704194 0.998801
vn 0.009550526 -0.0480139 0.998801
vn 0.009550526 -0.0480139 0.998801
vn 0.027196767 -0.040704194 0.998801
vn 0.04070415 -0.027197465 0.998801
vn 0.04070415 -0.027197465 0.998801
vn 0.04801263 -0.009550338 0.9988011
vn 0.04801263 -0.009550338 0.9988011
vn 0.04801263 -0.009550338 0.9988011
vn 0.04801263 -0.009550338 0.9988011
vn 0.048012543 0.009550321 0.9988011
vn 0.048012543 0.009550321 0.9988011
vn 0.04070429 0.02719756 0.998801
vn 0.04070429 0.02719756 0.998801
vn 0.027197737 0.04070434 0.998801
vn 0.027197737 0.04070434 0.998801
vn -0.009550678 0.048013724 0.998801
vn -0.009550678 0.048013724 0.998801
vn -0.027196957 0.040704425 0.998801
vn -0.027196957 0.040704425 0.998801
vn -0.04070356 0.027197711 0.998801
vn -0.04070356 0.027197711 0.998801
vn -0.048012797 0.009550316 0.9988011
vn -0.048012797 0.009550316 0.9988011
vn -0.048012674 -0.009550291 0.9988011
vn -0.048012674 -0.009550291 0.9988011
vn -0.048012674 -0.009550291 0.9988011
vn -0.048012674 -0.009550291 0.9988011
vn -0.04070429 -0.027197614 0.998801
vn -0.04070429 -0.027197614 0.998801
vn -0.027196767 -0.040704142 0.998801
vn -0.027196767 -0.040704142 0.998801
vn -0.009550745 -0.048014063 0.998801
vn -0.009550745 -0.048014063 0.998801
vn -0.194058 0.9755697 -0.10298207
vn -0.194058 0.9755697 -0.10298207
vn -0.194058 0.9755697 -0.10298207
vn -0.194058 0.9755697 -0.10298207
vn -0.19487812 0.9796963 0.047092788
vn -0.19487812 0.9796963 0.047092788
vn -0.19487812 0.9796963 0.047092788
vn -0.19487812 0.9796963 0.047092788
vn -0.55494756 0.8305509 0.047100347
vn -0.55494756 0.8305509 0.047100347
vn -0.55494756 0.8305509 0.047100347
vn -0.55494756 0.8305509 0.047100347
vn -0.8305467 0.55495435 0.047094457
vn -0.8305467 0.55495435 0.047094457
vn -0.8305467 0.55495435 0.047094457
vn -0.8305467 0.55495435 0.047094457
vn -0.97969776 0.19487 0.0470953
vn -0.97969776 0.19487 0.0470953
vn -0.97969776 0.19487 0.0470953
vn -0.97969776 0.19487 0.0470953
vn -0.97969776 -0.19487016 0.04709581
vn -0.97969776 -0.19487016 0.04709581
vn -0.97969776 -0.19487016 0.04709581
vn -0.97969776 -0.19487016 0.04709581
vn -0.8305469 -0.5549538 0.047094416
vn -0.8305469 -0.5549538 0.047094416
vn -0.8305469 -0.5549538 0.047094416
vn -0.8305469 -0.5549538 0.047094416
vn -0.554947 -0.83055156 0.04709479
vn -0.554947 -0.83055156 0.04709479
vn -0.554947 -0.83055156 0.04709479
vn -0.554947 -0.83055156 0.04709479
vn -0.19487874 -0.97969615 0.047094755
vn -0.19487874 -0.97969615 0.047094755
vn -0.19487874 -0.97969615 0.047094755
vn -0.19487874 -0.97969615 0.047094755
vn 0.19487812 -0.97969615 0.047096666
vn 0.19487812 -0.97969615 0.047096666
vn 0.19487812 -0.97969615 0.047096666
vn 0.19487812 -0.97969615 0.047096666
vn 0.55494803 -0.8305508 0.047094796
vn 0.55494803 -0.8305508 0.047094796
vn 0.55494803 -0.8305508 0.047094796
vn 0.55494803 -0.8305508 0.047094796
vn 0.830546 -0.5549551 0.047096234
vn 0.830546 -0.5549551 0.047096234
vn 0.830546 -0.5549551 0.047096234
vn 0.830546 -0.5549551 0.047096234
vn 0.9796978 -0.19486924 0.04709628
vn 0.9796978 -0.19486924 0.04709628
vn 0.9796978 -0.19486924 0.04709628
vn 0.9796978 -0.19486924 0.04709628
vn 0.97969794 0.1948691 0.047095772
vn 0.97969794 0.1948691 0.047095772
vn 0.97969794 0.1948691 0.047095772
vn 0.97969794 0.1948691 0.047095772
vn 0.83054596 0.5549554 0.04709439
vn 0.83054596 0.5549554 0.04709439
vn 0.83054596 0.5549554 0.04709439
vn 0.83054596 0.5549554 0.04709439
vn 0.55494803 0.83055073 0.04709666
vn 0.55494803 0.83055073 0.04709666
vn 0.55494803 0.83055073 0.04709666
vn 0.55494803 0.83055073 0.04709666
vn 0.19487795 0.97969615 0.04709651
vn 0.19487795 0.97969615 0.04709651
vn 0.19487795 0.97969615 0.04709651
vn 0.19487795 0.97969615 0.04709651
vn -0.19483532 0.9794799 -0.051557947
vn -0.19483532 0.9794799 -0.051557947
vn -0.19483532 0.9794799 -0.051557947
vn -0.19483532 0.9794799 -0.051557947
vn -0.5548257 0.83036745 -0.051558025
vn -0.5548257 0.83036745 -0.051558025
vn -0.5548257 0.83036745 -0.051558025
vn -0.5548257 0.83036745 -0.051558025
vn -0.8303633 0.5548322 -0.051556088
vn -0.8303633 0.5548322 -0.051556088
vn -0.8303633 0.5548322 -0.051556088
vn -0.8303633 0.5548322 -0.051556088
vn -0.97948164 0.19482696 -0.051558435
vn -0.97948164 0.19482696 -0.051558435
vn -0.97948164 0.19482696 -0.051558435
vn -0.97948164 0.19482696 -0.051558435
vn -0.9794815 -0.19482718 -0.0515581
vn -0.9794815 -0.19482718 -0.0515581
vn -0.9794815 -0.19482718 -0.0515581
vn -0.9794815 -0.19482718 -0.0515581
vn -0.8303633 -0.55483204 -0.0515592
vn -0.8303633 -0.55483204 -0.0515592
vn -0.8303633 -0.55483204 -0.0515592
vn -0.8303633 -0.55483204 -0.0515592
vn -0.5548256 -0.8303673 -0.05156272
vn -0.5548256 -0.8303673 -0.05156272
vn -0.5548256 -0.8303673 -0.05156272
vn -0.5548256 -0.8303673 -0.05156272
vn -0.19483534 -0.9794799 -0.05155796
vn -0.19483534 -0.9794799 -0.05155796
vn -0.19483534 -0.9794799 -0.05155796
vn -0.19483534 -0.9794799 -0.05155796
vn 0.19483522 -0.9794799 -0.05155796
vn 0.19483522 -0.9794799 -0.05155796
vn 0.19483522 -0.9794799 -0.05155796
vn 0.19483522 -0.9794799 -0.05155796
vn 0.55482525 -0.8303676 -0.05156112
vn 0.55482525 -0.8303676 -0.05156112
vn 0.55482525 -0.8303676 -0.05156112
vn 0.55482525 -0.8303676 -0.05156112
vn 0.830364 -0.5548306 -0.051560786
vn 0.830364 -0.5548306 -0.051560786
vn 0.830364 -0.5548306 -0.051560786
vn 0.830364 -0.5548306 -0.051560786
vn 0.9794815 -0.1948264 -0.05156241
vn 0.9794815 -0.1948264 -0.05156241
vn 0.9794815 -0.1948264 -0.05156241
vn 0.9794815 -0.1948264 -0.05156241
vn 0.9794815 0.19482616 -0.051561955
vn 0.9794815 0.19482616 -0.051561955
vn 0.9794815 0.19482616 -0.051561955
vn 0.9794815 0.19482616 -0.051561955
vn 0.83036387 0.5548311 -0.05155926
vn 0.83036387 0.5548311 -0.05155926
vn 0.83036387 0.5548311 -0.05155926
vn 0.83036387 0.5548311 -0.05155926
vn 0.5548254 0.83036786 -0.05155487
vn 0.5548254 0.83036786 -0.05155487
vn 0.5548254 0.83036786 -0.05155487
vn 0.5548254 0.83036786 -0.05155487
vn 0.19483532 0.9794799 -0.051557947
vn 0.19483532 0.9794799 -0.051557947
vn 0.19483532 0.9794799 -0.051557947
vn 0.19483532 0.9794799 -0.051557947
vn -0 0 1
vn -0 0 1
vn -0 0 1
vn -0 0 1
vn -0 0 1
vn -0 0 1
vn -0 0 1
vn -0 0 1
g Castle Center lvl1 Final_0
f 3/3/3 2/2/2 1/1/1
f 4/4/4 3/3/3 1/1/1
f 7/7/7 6/6/6 5/5/5
f 8/8/8 7/7/7 5/5/5
f 11/11/11 10/10/10 9/9/9
f 12/12/12 11/11/11 9/9/9
f 15/15/15 14/14/14 13/13/13
f 16/16/16 15/15/15 13/13/13
f 19/19/19 18/18/18 17/17/17
f 20/20/20 19/19/19 17/17/17
f 23/23/23 22/22/22 21/21/21
f 24/24/24 23/23/23 21/21/21
f 27/27/27 26/26/26 25/25/25
f 28/28/28 27/27/27 25/25/25
f 31/31/31 30/30/30 29/29/29
f 32/32/32 31/31/31 29/29/29
f 35/35/35 34/34/34 33/33/33
f 36/36/36 35/35/35 33/33/33
f 39/39/39 38/38/38 37/37/37
f 40/40/40 39/39/39 37/37/37
f 43/43/43 42/42/42 41/41/41
f 44/44/44 43/43/43 41/41/41
f 47/47/47 46/46/46 45/45/45
f 48/48/48 47/47/47 45/45/45
f 51/51/51 50/50/50 49/49/49
f 52/52/52 51/51/51 49/49/49
f 55/55/55 54/54/54 53/53/53
f 56/56/56 55/55/55 53/53/53
f 59/59/59 58/58/58 57/57/57
f 60/60/60 59/59/59 57/57/57
f 63/63/63 62/62/62 61/61/61
f 64/64/64 63/63/63 61/61/61
f 67/67/67 66/66/66 65/65/65
f 68/68/68 67/67/67 65/65/65
f 71/71/71 70/70/70 69/69/69
f 72/72/72 71/71/71 69/69/69
f 75/75/75 74/74/74 73/73/73
f 76/76/76 75/75/75 73/73/73
f 79/79/79 78/78/78 77/77/77
f 80/80/80 79/79/79 77/77/77
f 83/83/83 82/82/82 81/81/81
f 82/82/82 84/84/84 81/81/81
f 82/82/82 85/85/85 84/84/84
f 85/85/85 86/86/86 84/84/84
f 89/89/89 88/88/88 87/87/87
f 90/90/90 89/89/89 87/87/87
f 90/90/90 87/87/87 91/91/91
f 92/92/92 90/90/90 91/91/91
f 95/95/95 94/94/94 93/93/93
f 96/96/96 95/95/95 93/93/93
f 99/99/99 98/98/98 97/97/97
f 98/98/98 100/100/100 97/97/97
f 97/97/97 100/100/100 101/101/101
f 100/100/100 102/102/102 101/101/101
f 105/105/105 104/104/104 103/103/103
f 106/106/106 105/105/105 103/103/103
f 109/109/109 108/108/108 107/107/107
f 110/110/110 109/109/109 107/107/107
f 113/113/113 112/112/112 111/111/111
f 114/114/114 113/113/113 111/111/111
f 117/117/117 116/116/116 115/115/115
f 118/118/118 117/117/117 115/115/115
f 121/121/121 120/120/120 119/119/119
f 122/122/122 121/121/121 119/119/119
f 122/122/122 119/119/119 123/123/123
f 124/124/124 122/122/122 123/123/123
f 127/127/127 126/126/126 125/125/125
f 128/128/128 127/127/127 125/125/125
f 131/131/131 130/130/130 129/129/129
f 132/132/132 131/131/131 129/129/129
f 132/132/132 129/129/129 133/133/133
f 134/134/134 132/132/132 133/133/133
f 137/137/137 136/136/136 135/135/135
f 136/136/136 138/138/138 135/135/135
f 135/135/135 138/138/138 139/139/139
f 138/138/138 140/140/140 139/139/139
f 143/143/143 142/142/142 141/141/141
f 144/144/144 143/143/143 141/141/141
f 147/147/147 146/146/146 145/145/145
f 148/148/148 147/147/147 145/145/145
f 151/151/151 150/150/150 149/149/149
f 152/152/152 151/151/151 149/149/149
f 155/155/155 154/154/154 153/153/153
f 156/156/156 155/155/155 153/153/153
f 159/159/159 158/158/158 157/157/157
f 160/160/160 159/159/159 157/157/157
f 163/163/163 162/162/162 161/161/161
f 164/164/164 163/163/163 161/161/161
f 167/167/167 166/166/166 165/165/165
f 168/168/168 167/167/167 165/165/165
f 171/171/171 170/170/170 169/169/169
f 172/172/172 171/171/171 169/169/169
f 175/175/175 174/174/174 173/173/173
f 176/176/176 175/175/175 173/173/173
f 179/179/179 178/178/178 177/177/177
f 180/180/180 179/179/179 177/177/177
f 183/183/183 182/182/182 181/181/181
f 184/184/184 183/183/183 181/181/181
f 187/187/187 186/186/186 185/185/185
f 188/188/188 187/187/187 185/185/185
f 191/191/191 190/190/190 189/189/189
f 192/192/192 191/191/191 189/189/189
f 195/195/195 194/194/194 193/193/193
f 196/196/196 195/195/195 193/193/193
f 199/199/199 198/198/198 197/197/197
f 200/200/200 199/199/199 197/197/197
f 203/203/203 202/202/202 201/201/201
f 204/204/204 203/203/203 201/201/201
f 207/207/207 206/206/206 205/205/205
f 208/208/208 207/207/207 205/205/205
f 211/211/211 210/210/210 209/209/209
f 212/212/212 211/211/211 209/209/209
f 215/215/215 214/214/214 213/213/213
f 216/216/216 215/215/215 213/213/213
f 219/219/219 218/218/218 217/217/217
f 220/220/220 219/219/219 217/217/217
f 223/223/223 222/222/222 221/221/221
f 224/224/224 223/223/223 221/221/221
f 227/227/227 226/226/226 225/225/225
f 228/228/228 227/227/227 225/225/225
f 231/231/231 230/230/230 229/229/229
f 232/232/232 231/231/231 229/229/229
f 235/235/235 234/234/234 233/233/233
f 236/236/236 235/235/235 233/233/233
f 239/239/239 238/238/238 237/237/237
f 240/240/240 239/239/239 237/237/237
f 243/243/243 242/242/242 241/241/241
f 244/244/244 243/243/243 241/241/241
f 247/247/247 246/246/246 245/245/245
f 248/248/248 247/247/247 245/245/245
f 251/251/251 250/250/250 249/249/249
f 252/252/252 251/251/251 249/249/249
f 255/255/255 254/254/254 253/253/253
f 256/256/256 255/255/255 253/253/253
f 259/259/259 258/258/258 257/257/257
f 260/260/260 259/259/259 257/257/257
f 263/263/263 262/262/262 261/261/261
f 264/264/264 263/263/263 261/261/261
f 267/267/267 266/266/266 265/265/265
f 268/268/268 267/267/267 265/265/265
f 271/271/271 270/270/270 269/269/269
f 272/272/272 271/271/271 269/269/269
f 275/275/275 274/274/274 273/273/273
f 276/276/276 275/275/275 273/273/273
f 279/279/279 278/278/278 277/277/277
f 280/280/280 279/279/279 277/277/277
f 283/283/283 282/282/282 281/281/281
f 284/284/284 283/283/283 281/281/281
f 287/287/287 286/286/286 285/285/285
f 288/288/288 287/287/287 285/285/285
f 291/291/291 290/290/290 289/289/289
f 292/292/292 291/291/291 289/289/289
f 295/295/295 294/294/294 293/293/293
f 296/296/296 295/295/295 293/293/293
f 299/299/299 298/298/298 297/297/297
f 300/300/300 299/299/299 297/297/297
f 303/303/303 302/302/302 301/301/301
f 304/304/304 303/303/303 301/301/301
f 307/307/307 306/306/306 305/305/305
f 308/308/308 307/307/307 305/305/305
f 311/311/311 310/310/310 309/309/309
f 312/312/312 311/311/311 309/309/309
f 315/315/315 314/314/314 313/313/313
f 316/316/316 315/315/315 313/313/313
f 319/319/319 318/318/318 317/317/317
f 320/320/320 319/319/319 317/317/317
f 323/323/323 322/322/322 321/321/321
f 324/324/324 323/323/323 321/321/321
f 327/327/327 326/326/326 325/325/325
f 328/328/328 327/327/327 325/325/325
f 331/331/331 330/330/330 329/329/329
f 332/332/332 331/331/331 329/329/329
f 335/335/335 334/334/334 333/333/333
f 336/336/336 335/335/335 333/333/333
f 339/339/339 338/338/338 337/337/337
f 340/340/340 339/339/339 337/337/337
f 343/343/343 342/342/342 341/341/341
f 342/342/342 344/344/344 341/341/341
f 342/342/342 345/345/345 344/344/344
f 345/345/345 346/346/346 344/344/344
f 349/349/349 348/348/348 347/347/347
f 350/350/350 349/349/349 347/347/347
f 350/350/350 347/347/347 351/351/351
f 352/352/352 350/350/350 351/351/351
f 355/355/355 354/354/354 353/353/353
f 356/356/356 355/355/355 353/353/353
f 359/359/359 358/358/358 357/357/357
f 358/358/358 360/360/360 357/357/357
f 357/357/357 360/360/360 361/361/361
f 360/360/360 362/362/362 361/361/361
f 365/365/365 364/364/364 363/363/363
f 366/366/366 365/365/365 363/363/363
f 369/369/369 368/368/368 367/367/367
f 370/370/370 369/369/369 367/367/367
f 373/373/373 372/372/372 371/371/371
f 374/374/374 373/373/373 371/371/371
f 377/377/377 376/376/376 375/375/375
f 378/378/378 377/377/377 375/375/375
f 381/381/381 380/380/380 379/379/379
f 382/382/382 381/381/381 379/379/379
f 385/385/385 384/384/384 383/383/383
f 386/386/386 385/385/385 383/383/383
f 389/389/389 388/388/388 387/387/387
f 390/390/390 389/389/389 387/387/387
f 393/393/393 392/392/392 391/391/391
f 394/394/394 393/393/393 391/391/391
f 397/397/397 396/396/396 395/395/395
f 398/398/398 397/397/397 395/395/395
f 401/401/401 400/400/400 399/399/399
f 402/402/402 401/401/401 399/399/399
f 405/405/405 404/404/404 403/403/403
f 406/406/406 405/405/405 403/403/403
f 409/409/409 408/408/408 407/407/407
f 410/410/410 409/409/409 407/407/407
f 413/413/413 412/412/412 411/411/411
f 414/414/414 413/413/413 411/411/411
f 417/417/417 416/416/416 415/415/415
f 418/418/418 417/417/417 415/415/415
f 421/421/421 420/420/420 419/419/419
f 422/422/422 421/421/421 419/419/419
f 425/425/425 424/424/424 423/423/423
f 426/426/426 425/425/425 423/423/423
f 429/429/429 428/428/428 427/427/427
f 430/430/430 429/429/429 427/427/427
f 433/433/433 432/432/432 431/431/431
f 434/434/434 433/433/433 431/431/431
f 437/437/437 436/436/436 435/435/435
f 438/438/438 437/437/437 435/435/435
f 441/441/441 440/440/440 439/439/439
f 442/442/442 441/441/441 439/439/439
f 445/445/445 444/444/444 443/443/443
f 446/446/446 445/445/445 443/443/443
f 449/449/449 448/448/448 447/447/447
f 450/450/450 449/449/449 447/447/447
f 453/453/453 452/452/452 451/451/451
f 454/454/454 453/453/453 451/451/451
f 457/457/457 456/456/456 455/455/455
f 458/458/458 457/457/457 455/455/455
f 461/461/461 460/460/460 459/459/459
f 462/462/462 461/461/461 459/459/459
f 465/465/465 464/464/464 463/463/463
f 466/466/466 465/465/465 463/463/463
f 469/469/469 468/468/468 467/467/467
f 470/470/470 469/469/469 467/467/467
f 473/473/473 472/472/472 471/471/471
f 472/472/472 474/474/474 471/471/471
f 472/472/472 475/475/475 474/474/474
f 475/475/475 476/476/476 474/474/474
f 479/479/479 478/478/478 477/477/477
f 480/480/480 479/479/479 477/477/477
f 480/480/480 477/477/477 481/481/481
f 482/482/482 480/480/480 481/481/481
f 485/485/485 484/484/484 483/483/483
f 486/486/486 485/485/485 483/483/483
f 489/489/489 488/488/488 487/487/487
f 488/488/488 490/490/490 487/487/487
f 487/487/487 490/490/490 491/491/491
f 490/490/490 492/492/492 491/491/491
f 495/495/495 494/494/494 493/493/493
f 496/496/496 495/495/495 493/493/493
f 499/499/499 498/498/498 497/497/497
f 500/500/500 499/499/499 497/497/497
f 503/503/503 502/502/502 501/501/501
f 504/504/504 503/503/503 501/501/501
f 507/507/507 506/506/506 505/505/505
f 508/508/508 507/507/507 505/505/505
f 511/511/511 510/510/510 509/509/509
f 512/512/512 511/511/511 509/509/509
f 515/515/515 514/514/514 513/513/513
f 516/516/516 515/515/515 513/513/513
f 519/519/519 518/518/518 517/517/517
f 520/520/520 519/519/519 517/517/517
f 523/523/523 522/522/522 521/521/521
f 524/524/524 523/523/523 521/521/521
f 527/527/527 526/526/526 525/525/525
f 528/528/528 527/527/527 525/525/525
f 531/531/531 530/530/530 529/529/529
f 532/532/532 531/531/531 529/529/529
f 535/535/535 534/534/534 533/533/533
f 536/536/536 535/535/535 533/533/533
f 539/539/539 538/538/538 537/537/537
f 540/540/540 539/539/539 537/537/537
f 543/543/543 542/542/542 541/541/541
f 544/544/544 543/543/543 541/541/541
f 547/547/547 546/546/546 545/545/545
f 546/546/546 548/548/548 545/545/545
f 545/545/545 548/548/548 549/549/549
f 548/548/548 550/550/550 549/549/549
f 553/553/553 552/552/552 551/551/551
f 552/552/552 554/554/554 551/551/551
f 551/551/551 554/554/554 555/555/555
f 554/554/554 556/556/556 555/555/555
f 559/559/559 558/558/558 557/557/557
f 560/560/560 559/559/559 557/557/557
f 563/563/563 562/562/562 561/561/561
f 562/562/562 564/564/564 561/561/561
f 561/561/561 564/564/564 565/565/565
f 564/564/564 566/566/566 565/565/565
f 569/569/569 568/568/568 567/567/567
f 570/570/570 569/569/569 567/567/567
f 573/573/573 572/572/572 571/571/571
f 574/574/574 573/573/573 571/571/571
f 577/577/577 576/576/576 575/575/575
f 578/578/578 577/577/577 575/575/575
f 581/581/581 580/580/580 579/579/579
f 582/582/582 581/581/581 579/579/579
f 582/582/582 579/579/579 583/583/583
f 584/584/584 582/582/582 583/583/583
f 587/587/587 586/586/586 585/585/585
f 586/586/586 588/588/588 585/585/585
f 586/586/586 589/589/589 588/588/588
f 589/589/589 590/590/590 588/588/588
f 593/593/593 592/592/592 591/591/591
f 594/594/594 593/593/593 591/591/591
f 597/597/597 596/596/596 595/595/595
f 598/598/598 597/597/597 595/595/595
f 601/601/601 600/600/600 599/599/599
f 602/602/602 601/601/601 599/599/599
f 605/605/605 604/604/604 603/603/603
f 606/606/606 605/605/605 603/603/603
f 609/609/609 608/608/608 607/607/607
f 610/610/610 609/609/609 607/607/607
f 613/613/613 612/612/612 611/611/611
f 614/614/614 613/613/613 611/611/611
f 617/617/617 616/616/616 615/615/615
f 618/618/618 617/617/617 615/615/615
f 621/621/621 620/620/620 619/619/619
f 622/622/622 621/621/621 619/619/619
f 625/625/625 624/624/624 623/623/623
f 626/626/626 625/625/625 623/623/623
f 629/629/629 628/628/628 627/627/627
f 630/630/630 629/629/629 627/627/627
f 633/633/633 632/632/632 631/631/631
f 634/634/634 633/633/633 631/631/631
f 637/637/637 636/636/636 635/635/635
f 638/638/638 637/637/637 635/635/635
f 641/641/641 640/640/640 639/639/639
f 642/642/642 641/641/641 639/639/639
f 645/645/645 644/644/644 643/643/643
f 646/646/646 645/645/645 643/643/643
f 649/649/649 648/648/648 647/647/647
f 650/650/650 649/649/649 647/647/647
f 653/653/653 652/652/652 651/651/651
f 654/654/654 653/653/653 651/651/651
f 657/657/657 656/656/656 655/655/655
f 658/658/658 657/657/657 655/655/655
f 661/661/661 660/660/660 659/659/659
f 662/662/662 661/661/661 659/659/659
f 665/665/665 664/664/664 663/663/663
f 666/666/666 665/665/665 663/663/663
f 669/669/669 668/668/668 667/667/667
f 670/670/670 669/669/669 667/667/667
f 673/673/673 672/672/672 671/671/671
f 674/674/674 673/673/673 671/671/671
f 677/677/677 676/676/676 675/675/675
f 678/678/678 677/677/677 675/675/675
f 681/681/681 680/680/680 679/679/679
f 682/682/682 681/681/681 679/679/679
f 685/685/685 684/684/684 683/683/683
f 686/686/686 685/685/685 683/683/683
f 689/689/689 688/688/688 687/687/687
f 690/690/690 689/689/689 687/687/687
f 693/693/693 692/692/692 691/691/691
f 694/694/694 693/693/693 691/691/691
f 697/697/697 696/696/696 695/695/695
f 698/698/698 697/697/697 695/695/695
f 701/701/701 700/700/700 699/699/699
f 702/702/702 701/701/701 699/699/699
f 705/705/705 704/704/704 703/703/703
f 706/706/706 705/705/705 703/703/703
f 709/709/709 708/708/708 707/707/707
f 710/710/710 709/709/709 707/707/707
f 713/713/713 712/712/712 711/711/711
f 714/714/714 713/713/713 711/711/711
f 717/717/717 716/716/716 715/715/715
f 718/718/718 717/717/717 715/715/715
f 721/721/721 720/720/720 719/719/719
f 722/722/722 721/721/721 719/719/719
f 725/725/725 724/724/724 723/723/723
f 726/726/726 725/725/725 723/723/723
f 729/729/729 728/728/728 727/727/727
f 730/730/730 729/729/729 727/727/727
f 733/733/733 732/732/732 731/731/731
f 734/734/734 733/733/733 731/731/731
f 737/737/737 736/736/736 735/735/735
f 738/738/738 737/737/737 735/735/735
f 741/741/741 740/740/740 739/739/739
f 742/742/742 741/741/741 739/739/739
f 745/745/745 744/744/744 743/743/743
f 746/746/746 745/745/745 743/743/743
f 749/749/749 748/748/748 747/747/747
f 750/750/750 749/749/749 747/747/747
f 753/753/753 752/752/752 751/751/751
f 754/754/754 753/753/753 751/751/751
f 757/757/757 756/756/756 755/755/755
f 758/758/758 757/757/757 755/755/755
f 761/761/761 760/760/760 759/759/759
f 762/762/762 761/761/761 759/759/759
f 765/765/765 764/764/764 763/763/763
f 766/766/766 765/765/765 763/763/763
f 769/769/769 768/768/768 767/767/767
f 770/770/770 769/769/769 767/767/767
f 773/773/773 772/772/772 771/771/771
f 774/774/774 773/773/773 771/771/771
f 777/777/777 776/776/776 775/775/775
f 778/778/778 777/777/777 775/775/775
f 781/781/781 780/780/780 779/779/779
f 782/782/782 781/781/781 779/779/779
f 785/785/785 784/784/784 783/783/783
f 786/786/786 785/785/785 783/783/783
f 789/789/789 788/788/788 787/787/787
f 790/790/790 789/789/789 787/787/787
f 793/793/793 792/792/792 791/791/791
f 794/794/794 793/793/793 791/791/791
f 797/797/797 796/796/796 795/795/795
f 798/798/798 797/797/797 795/795/795
f 801/801/801 800/800/800 799/799/799
f 802/802/802 801/801/801 799/799/799
f 805/805/805 804/804/804 803/803/803
f 806/806/806 805/805/805 803/803/803
f 809/809/809 808/808/808 807/807/807
f 810/810/810 809/809/809 807/807/807
f 813/813/813 812/812/812 811/811/811
f 814/814/814 813/813/813 811/811/811
f 817/817/817 816/816/816 815/815/815
f 818/818/818 817/817/817 815/815/815
f 821/821/821 820/820/820 819/819/819
f 822/822/822 821/821/821 819/819/819
f 825/825/825 824/824/824 823/823/823
f 826/826/826 825/825/825 823/823/823
f 829/829/829 828/828/828 827/827/827
f 830/830/830 829/829/829 827/827/827
f 833/833/833 832/832/832 831/831/831
f 834/834/834 833/833/833 831/831/831
f 837/837/837 836/836/836 835/835/835
f 835/835/835 838/838/838 837/837/837
f 838/838/838 839/839/839 837/837/837
f 838/838/838 840/840/840 839/839/839
f 840/840/840 841/841/841 839/839/839
f 840/840/840 842/842/842 841/841/841
f 842/842/842 843/843/843 841/841/841
f 842/842/842 844/844/844 843/843/843
f 844/844/844 845/845/845 843/843/843
f 844/844/844 846/846/846 845/845/845
f 846/846/846 847/847/847 845/845/845
f 846/846/846 848/848/848 847/847/847
f 848/848/848 849/849/849 847/847/847
f 848/848/848 850/850/850 849/849/849
f 853/853/853 852/852/852 851/851/851
f 854/854/854 853/853/853 851/851/851
f 857/857/857 856/856/856 855/855/855
f 858/858/858 857/857/857 855/855/855
f 861/861/861 860/860/860 859/859/859
f 862/862/862 861/861/861 859/859/859
f 865/865/865 864/864/864 863/863/863
f 866/866/866 865/865/865 863/863/863
f 869/869/869 868/868/868 867/867/867
f 867/867/867 870/870/870 869/869/869
f 870/870/870 871/871/871 869/869/869
f 870/870/870 872/872/872 871/871/871
f 872/872/872 873/873/873 871/871/871
f 872/872/872 874/874/874 873/873/873
f 874/874/874 875/875/875 873/873/873
f 874/874/874 876/876/876 875/875/875
f 876/876/876 877/877/877 875/875/875
f 876/876/876 878/878/878 877/877/877
f 878/878/878 879/879/879 877/877/877
f 878/878/878 880/880/880 879/879/879
f 880/880/880 881/881/881 879/879/879
f 880/880/880 882/882/882 881/881/881
f 885/885/885 884/884/884 883/883/883
f 886/886/886 885/885/885 883/883/883
f 889/889/889 888/888/888 887/887/887
f 888/888/888 890/890/890 887/887/887
f 887/887/887 890/890/890 891/891/891
f 890/890/890 892/892/892 891/891/891
f 891/891/891 892/892/892 893/893/893
f 892/892/892 894/894/894 893/893/893
f 893/893/893 894/894/894 895/895/895
f 894/894/894 896/896/896 895/895/895
f 895/895/895 896/896/896 897/897/897
f 896/896/896 898/898/898 897/897/897
f 897/897/897 898/898/898 899/899/899
f 898/898/898 900/900/900 899/899/899
f 899/899/899 900/900/900 901/901/901
f 900/900/900 902/902/902 901/901/901
f 901/901/901 902/902/902 903/903/903
f 902/902/902 904/904/904 903/903/903
f 903/903/903 904/904/904 905/905/905
f 904/904/904 906/906/906 905/905/905
f 905/905/905 906/906/906 907/907/907
f 906/906/906 908/908/908 907/907/907
f 907/907/907 908/908/908 909/909/909
f 908/908/908 910/910/910 909/909/909
f 909/909/909 910/910/910 911/911/911
f 910/910/910 912/912/912 911/911/911
f 911/911/911 912/912/912 913/913/913
f 912/912/912 914/914/914 913/913/913
f 913/913/913 914/914/914 915/915/915
f 914/914/914 916/916/916 915/915/915
f 915/915/915 916/916/916 917/917/917
f 916/916/916 918/918/918 917/917/917
f 917/917/917 918/918/918 919/919/919
f 918/918/918 920/920/920 919/919/919
f 923/923/923 922/922/922 921/921/921
f 924/924/924 923/923/923 921/921/921
f 927/927/927 926/926/926 925/925/925
f 928/928/928 927/927/927 925/925/925
f 929/929/929 927/927/927 928/928/928
f 930/930/930 929/929/929 928/928/928
f 931/931/931 929/929/929 930/930/930
f 932/932/932 931/931/931 930/930/930
f 933/933/933 931/931/931 932/932/932
f 934/934/934 933/933/933 932/932/932
f 935/935/935 933/933/933 934/934/934
f 936/936/936 935/935/935 934/934/934
f 937/937/937 935/935/935 936/936/936
f 938/938/938 937/937/937 936/936/936
f 939/939/939 937/937/937 938/938/938
f 940/940/940 939/939/939 938/938/938
f 941/941/941 939/939/939 940/940/940
f 942/942/942 941/941/941 940/940/940
f 943/943/943 941/941/941 942/942/942
f 944/944/944 943/943/943 942/942/942
f 945/945/945 943/943/943 944/944/944
f 946/946/946 945/945/945 944/944/944
f 947/947/947 945/945/945 946/946/946
f 948/948/948 947/947/947 946/946/946
f 949/949/949 947/947/947 948/948/948
f 950/950/950 949/949/949 948/948/948
f 951/951/951 949/949/949 950/950/950
f 952/952/952 951/951/951 950/950/950
f 953/953/953 951/951/951 952/952/952
f 954/954/954 953/953/953 952/952/952
f 955/955/955 953/953/953 954/954/954
f 956/956/956 955/955/955 954/954/954
f 957/957/957 955/955/955 956/956/956
f 958/958/958 957/957/957 956/956/956
f 961/961/961 960/960/960 959/959/959
f 962/962/962 961/961/961 959/959/959
f 963/963/963 961/961/961 962/962/962
f 964/964/964 963/963/963 962/962/962
f 965/965/965 963/963/963 964/964/964
f 966/966/966 965/965/965 964/964/964
f 967/967/967 965/965/965 966/966/966
f 968/968/968 967/967/967 966/966/966
f 969/969/969 967/967/967 968/968/968
f 970/970/970 969/969/969 968/968/968
f 971/971/971 969/969/969 970/970/970
f 972/972/972 971/971/971 970/970/970
f 973/973/973 971/971/971 972/972/972
f 974/974/974 973/973/973 972/972/972
f 975/975/975 973/973/973 974/974/974
f 976/976/976 975/975/975 974/974/974
f 977/977/977 975/975/975 976/976/976
f 978/978/978 977/977/977 976/976/976
f 979/979/979 977/977/977 978/978/978
f 980/980/980 979/979/979 978/978/978
f 981/981/981 979/979/979 980/980/980
f 982/982/982 981/981/981 980/980/980
f 983/983/983 981/981/981 982/982/982
f 984/984/984 983/983/983 982/982/982
f 985/985/985 983/983/983 984/984/984
f 986/986/986 985/985/985 984/984/984
f 987/987/987 985/985/985 986/986/986
f 988/988/988 987/987/987 986/986/986
f 989/989/989 987/987/987 988/988/988
f 990/990/990 989/989/989 988/988/988
f 991/991/991 989/989/989 990/990/990
f 992/992/992 991/991/991 990/990/990
f 995/995/995 994/994/994 993/993/993
f 994/994/994 996/996/996 993/993/993
f 993/993/993 996/996/996 997/997/997
f 996/996/996 998/998/998 997/997/997
f 997/997/997 998/998/998 999/999/999
f 998/998/998 1000/1000/1000 999/999/999
f 999/999/999 1000/1000/1000 1001/1001/1001
f 1000/1000/1000 1002/1002/1002 1001/1001/1001
f 1001/1001/1001 1002/1002/1002 1003/1003/1003
f 1002/1002/1002 1004/1004/1004 1003/1003/1003
f 1003/1003/1003 1004/1004/1004 1005/1005/1005
f 1004/1004/1004 1006/1006/1006 1005/1005/1005
f 1005/1005/1005 1006/1006/1006 1007/1007/1007
f 1006/1006/1006 1008/1008/1008 1007/1007/1007
f 1007/1007/1007 1008/1008/1008 1009/1009/1009
f 1008/1008/1008 1010/1010/1010 1009/1009/1009
f 1009/1009/1009 1010/1010/1010 1011/1011/1011
f 1010/1010/1010 1012/1012/1012 1011/1011/1011
f 1011/1011/1011 1012/1012/1012 1013/1013/1013
f 1012/1012/1012 1014/1014/1014 1013/1013/1013
f 1013/1013/1013 1014/1014/1014 1015/1015/1015
f 1014/1014/1014 1016/1016/1016 1015/1015/1015
f 1015/1015/1015 1016/1016/1016 1017/1017/1017
f 1016/1016/1016 1018/1018/1018 1017/1017/1017
f 1017/1017/1017 1018/1018/1018 1019/1019/1019
f 1018/1018/1018 1020/1020/1020 1019/1019/1019
f 1019/1019/1019 1020/1020/1020 1021/1021/1021
f 1020/1020/1020 1022/1022/1022 1021/1021/1021
f 1021/1021/1021 1022/1022/1022 1023/1023/1023
f 1022/1022/1022 1024/1024/1024 1023/1023/1023
f 1023/1023/1023 1024/1024/1024 1025/1025/1025
f 1024/1024/1024 1026/1026/1026 1025/1025/1025
f 1029/1029/1029 1028/1028/1028 1027/1027/1027
f 1030/1030/1030 1029/1029/1029 1027/1027/1027
f 1033/1033/1033 1032/1032/1032 1031/1031/1031
f 1034/1034/1034 1033/1033/1033 1031/1031/1031
f 1037/1037/1037 1036/1036/1036 1035/1035/1035
f 1038/1038/1038 1037/1037/1037 1035/1035/1035
f 1041/1041/1041 1040/1040/1040 1039/1039/1039
f 1042/1042/1042 1041/1041/1041 1039/1039/1039
f 1045/1045/1045 1044/1044/1044 1043/1043/1043
f 1046/1046/1046 1045/1045/1045 1043/1043/1043
f 1049/1049/1049 1048/1048/1048 1047/1047/1047
f 1050/1050/1050 1049/1049/1049 1047/1047/1047
f 1053/1053/1053 1052/1052/1052 1051/1051/1051
f 1054/1054/1054 1053/1053/1053 1051/1051/1051
f 1057/1057/1057 1056/1056/1056 1055/1055/1055
f 1058/1058/1058 1057/1057/1057 1055/1055/1055
f 1061/1061/1061 1060/1060/1060 1059/1059/1059
f 1062/1062/1062 1061/1061/1061 1059/1059/1059
f 1065/1065/1065 1064/1064/1064 1063/1063/1063
f 1066/1066/1066 1065/1065/1065 1063/1063/1063
f 1069/1069/1069 1068/1068/1068 1067/1067/1067
f 1070/1070/1070 1069/1069/1069 1067/1067/1067
f 1073/1073/1073 1072/1072/1072 1071/1071/1071
f 1074/1074/1074 1073/1073/1073 1071/1071/1071
f 1077/1077/1077 1076/1076/1076 1075/1075/1075
f 1078/1078/1078 1077/1077/1077 1075/1075/1075
f 1081/1081/1081 1080/1080/1080 1079/1079/1079
f 1082/1082/1082 1081/1081/1081 1079/1079/1079
f 1085/1085/1085 1084/1084/1084 1083/1083/1083
f 1086/1086/1086 1085/1085/1085 1083/1083/1083
f 1089/1089/1089 1088/1088/1088 1087/1087/1087
f 1090/1090/1090 1089/1089/1089 1087/1087/1087
f 1093/1093/1093 1092/1092/1092 1091/1091/1091
f 1094/1094/1094 1093/1093/1093 1091/1091/1091
f 1097/1097/1097 1096/1096/1096 1095/1095/1095
f 1098/1098/1098 1097/1097/1097 1095/1095/1095
f 1101/1101/1101 1100/1100/1100 1099/1099/1099
f 1102/1102/1102 1101/1101/1101 1099/1099/1099
f 1105/1105/1105 1104/1104/1104 1103/1103/1103
f 1106/1106/1106 1105/1105/1105 1103/1103/1103
f 1109/1109/1109 1108/1108/1108 1107/1107/1107
f 1110/1110/1110 1109/1109/1109 1107/1107/1107
f 1113/1113/1113 1112/1112/1112 1111/1111/1111
f 1114/1114/1114 1113/1113/1113 1111/1111/1111
f 1117/1117/1117 1116/1116/1116 1115/1115/1115
f 1118/1118/1118 1117/1117/1117 1115/1115/1115
f 1121/1121/1121 1120/1120/1120 1119/1119/1119
f 1122/1122/1122 1121/1121/1121 1119/1119/1119
f 1125/1125/1125 1124/1124/1124 1123/1123/1123
f 1126/1126/1126 1125/1125/1125 1123/1123/1123
f 1129/1129/1129 1128/1128/1128 1127/1127/1127
f 1130/1130/1130 1129/1129/1129 1127/1127/1127
f 1133/1133/1133 1132/1132/1132 1131/1131/1131
f 1134/1134/1134 1133/1133/1133 1131/1131/1131
f 1137/1137/1137 1136/1136/1136 1135/1135/1135
f 1138/1138/1138 1137/1137/1137 1135/1135/1135
f 1141/1141/1141 1140/1140/1140 1139/1139/1139
f 1142/1142/1142 1141/1141/1141 1139/1139/1139
f 1145/1145/1145 1144/1144/1144 1143/1143/1143
f 1146/1146/1146 1145/1145/1145 1143/1143/1143
f 1149/1149/1149 1148/1148/1148 1147/1147/1147
f 1150/1150/1150 1149/1149/1149 1147/1147/1147
f 1153/1153/1153 1152/1152/1152 1151/1151/1151
f 1154/1154/1154 1153/1153/1153 1151/1151/1151
f 1157/1157/1157 1156/1156/1156 1155/1155/1155
f 1158/1158/1158 1157/1157/1157 1155/1155/1155
f 1161/1161/1161 1160/1160/1160 1159/1159/1159
f 1162/1162/1162 1161/1161/1161 1159/1159/1159
f 1165/1165/1165 1164/1164/1164 1163/1163/1163
f 1166/1166/1166 1165/1165/1165 1163/1163/1163
f 1169/1169/1169 1168/1168/1168 1167/1167/1167
f 1170/1170/1170 1169/1169/1169 1167/1167/1167
f 1173/1173/1173 1172/1172/1172 1171/1171/1171
f 1174/1174/1174 1173/1173/1173 1171/1171/1171
f 1177/1177/1177 1176/1176/1176 1175/1175/1175
f 1178/1178/1178 1177/1177/1177 1175/1175/1175
f 1181/1181/1181 1180/1180/1180 1179/1179/1179
f 1182/1182/1182 1181/1181/1181 1179/1179/1179
f 1185/1185/1185 1184/1184/1184 1183/1183/1183
f 1186/1186/1186 1185/1185/1185 1183/1183/1183
f 1189/1189/1189 1188/1188/1188 1187/1187/1187
f 1190/1190/1190 1189/1189/1189 1187/1187/1187
f 1193/1193/1193 1192/1192/1192 1191/1191/1191
f 1194/1194/1194 1193/1193/1193 1191/1191/1191
f 1197/1197/1197 1196/1196/1196 1195/1195/1195
f 1198/1198/1198 1197/1197/1197 1195/1195/1195
f 1201/1201/1201 1200/1200/1200 1199/1199/1199
f 1202/1202/1202 1201/1201/1201 1199/1199/1199
f 1205/1205/1205 1204/1204/1204 1203/1203/1203
f 1206/1206/1206 1205/1205/1205 1203/1203/1203
f 1209/1209/1209 1208/1208/1208 1207/1207/1207
f 1210/1210/1210 1209/1209/1209 1207/1207/1207
f 1213/1213/1213 1212/1212/1212 1211/1211/1211
f 1214/1214/1214 1213/1213/1213 1211/1211/1211
f 1217/1217/1217 1216/1216/1216 1215/1215/1215
f 1218/1218/1218 1217/1217/1217 1215/1215/1215
f 1221/1221/1221 1220/1220/1220 1219/1219/1219
f 1222/1222/1222 1221/1221/1221 1219/1219/1219
f 1225/1225/1225 1224/1224/1224 1223/1223/1223
f 1226/1226/1226 1225/1225/1225 1223/1223/1223
f 1229/1229/1229 1228/1228/1228 1227/1227/1227
f 1230/1230/1230 1229/1229/1229 1227/1227/1227
f 1233/1233/1233 1232/1232/1232 1231/1231/1231
f 1234/1234/1234 1233/1233/1233 1231/1231/1231
f 1237/1237/1237 1236/1236/1236 1235/1235/1235
f 1238/1238/1238 1237/1237/1237 1235/1235/1235
f 1241/1241/1241 1240/1240/1240 1239/1239/1239
f 1242/1242/1242 1241/1241/1241 1239/1239/1239
f 1245/1245/1245 1244/1244/1244 1243/1243/1243
f 1246/1246/1246 1245/1245/1245 1243/1243/1243
f 1249/1249/1249 1248/1248/1248 1247/1247/1247
f 1250/1250/1250 1249/1249/1249 1247/1247/1247
f 1253/1253/1253 1252/1252/1252 1251/1251/1251
f 1254/1254/1254 1253/1253/1253 1251/1251/1251
f 1257/1257/1257 1256/1256/1256 1255/1255/1255
f 1258/1258/1258 1257/1257/1257 1255/1255/1255
f 1261/1261/1261 1260/1260/1260 1259/1259/1259
f 1262/1262/1262 1261/1261/1261 1259/1259/1259
f 1265/1265/1265 1264/1264/1264 1263/1263/1263
f 1266/1266/1266 1265/1265/1265 1263/1263/1263
f 1269/1269/1269 1268/1268/1268 1267/1267/1267
f 1270/1270/1270 1269/1269/1269 1267/1267/1267
f 1273/1273/1273 1272/1272/1272 1271/1271/1271
f 1274/1274/1274 1273/1273/1273 1271/1271/1271
f 1277/1277/1277 1276/1276/1276 1275/1275/1275
f 1278/1278/1278 1277/1277/1277 1275/1275/1275
f 1281/1281/1281 1280/1280/1280 1279/1279/1279
f 1282/1282/1282 1281/1281/1281 1279/1279/1279
f 1285/1285/1285 1284/1284/1284 1283/1283/1283
f 1286/1286/1286 1285/1285/1285 1283/1283/1283
f 1289/1289/1289 1288/1288/1288 1287/1287/1287
f 1290/1290/1290 1289/1289/1289 1287/1287/1287
f 1293/1293/1293 1292/1292/1292 1291/1291/1291
f 1294/1294/1294 1293/1293/1293 1291/1291/1291
f 1297/1297/1297 1296/1296/1296 1295/1295/1295
f 1298/1298/1298 1297/1297/1297 1295/1295/1295
f 1301/1301/1301 1300/1300/1300 1299/1299/1299
f 1302/1302/1302 1301/1301/1301 1299/1299/1299
f 1305/1305/1305 1304/1304/1304 1303/1303/1303
f 1306/1306/1306 1305/1305/1305 1303/1303/1303
f 1309/1309/1309 1308/1308/1308 1307/1307/1307
f 1310/1310/1310 1309/1309/1309 1307/1307/1307
f 1313/1313/1313 1312/1312/1312 1311/1311/1311
f 1314/1314/1314 1313/1313/1313 1311/1311/1311
f 1317/1317/1317 1316/1316/1316 1315/1315/1315
f 1318/1318/1318 1317/1317/1317 1315/1315/1315
f 1321/1321/1321 1320/1320/1320 1319/1319/1319
f 1322/1322/1322 1321/1321/1321 1319/1319/1319
f 1325/1325/1325 1324/1324/1324 1323/1323/1323
f 1323/1323/1323 1326/1326/1326 1325/1325/1325
f 1326/1326/1326 1327/1327/1327 1325/1325/1325
f 1326/1326/1326 1328/1328/1328 1327/1327/1327
f 1328/1328/1328 1329/1329/1329 1327/1327/1327
f 1328/1328/1328 1330/1330/1330 1329/1329/1329
f 1330/1330/1330 1331/1331/1331 1329/1329/1329
f 1330/1330/1330 1332/1332/1332 1331/1331/1331
f 1332/1332/1332 1333/1333/1333 1331/1331/1331
f 1332/1332/1332 1334/1334/1334 1333/1333/1333
f 1334/1334/1334 1335/1335/1335 1333/1333/1333
f 1334/1334/1334 1336/1336/1336 1335/1335/1335
f 1336/1336/1336 1337/1337/1337 1335/1335/1335
f 1336/1336/1336 1338/1338/1338 1337/1337/1337
f 1341/1341/1341 1340/1340/1340 1339/1339/1339
f 1342/1342/1342 1341/1341/1341 1339/1339/1339
f 1345/1345/1345 1344/1344/1344 1343/1343/1343
f 1346/1346/1346 1345/1345/1345 1343/1343/1343
f 1349/1349/1349 1348/1348/1348 1347/1347/1347
f 1350/1350/1350 1349/1349/1349 1347/1347/1347
f 1353/1353/1353 1352/1352/1352 1351/1351/1351
f 1354/1354/1354 1353/1353/1353 1351/1351/1351
f 1357/1357/1357 1356/1356/1356 1355/1355/1355
f 1355/1355/1355 1358/1358/1358 1357/1357/1357
f 1358/1358/1358 1359/1359/1359 1357/1357/1357
f 1358/1358/1358 1360/1360/1360 1359/1359/1359
f 1360/1360/1360 1361/1361/1361 1359/1359/1359
f 1360/1360/1360 1362/1362/1362 1361/1361/1361
f 1362/1362/1362 1363/1363/1363 1361/1361/1361
f 1362/1362/1362 1364/1364/1364 1363/1363/1363
f 1364/1364/1364 1365/1365/1365 1363/1363/1363
f 1364/1364/1364 1366/1366/1366 1365/1365/1365
f 1366/1366/1366 1367/1367/1367 1365/1365/1365
f 1366/1366/1366 1368/1368/1368 1367/1367/1367
f 1368/1368/1368 1369/1369/1369 1367/1367/1367
f 1368/1368/1368 1370/1370/1370 1369/1369/1369
f 1373/1373/1373 1372/1372/1372 1371/1371/1371
f 1374/1374/1374 1373/1373/1373 1371/1371/1371
f 1377/1377/1377 1376/1376/1376 1375/1375/1375
f 1376/1376/1376 1378/1378/1378 1375/1375/1375
f 1375/1375/1375 1378/1378/1378 1379/1379/1379
f 1378/1378/1378 1380/1380/1380 1379/1379/1379
f 1379/1379/1379 1380/1380/1380 1381/1381/1381
f 1380/1380/1380 1382/1382/1382 1381/1381/1381
f 1381/1381/1381 1382/1382/1382 1383/1383/1383
f 1382/1382/1382 1384/1384/1384 1383/1383/1383
f 1383/1383/1383 1384/1384/1384 1385/1385/1385
f 1384/1384/1384 1386/1386/1386 1385/1385/1385
f 1385/1385/1385 1386/1386/1386 1387/1387/1387
f 1386/1386/1386 1388/1388/1388 1387/1387/1387
f 1387/1387/1387 1388/1388/1388 1389/1389/1389
f 1388/1388/1388 1390/1390/1390 1389/1389/1389
f 1389/1389/1389 1390/1390/1390 1391/1391/1391
f 1390/1390/1390 1392/1392/1392 1391/1391/1391
f 1391/1391/1391 1392/1392/1392 1393/1393/1393
f 1392/1392/1392 1394/1394/1394 1393/1393/1393
f 1393/1393/1393 1394/1394/1394 1395/1395/1395
f 1394/1394/1394 1396/1396/1396 1395/1395/1395
f 1395/1395/1395 1396/1396/1396 1397/1397/1397
f 1396/1396/1396 1398/1398/1398 1397/1397/1397
f 1397/1397/1397 1398/1398/1398 1399/1399/1399
f 1398/1398/1398 1400/1400/1400 1399/1399/1399
f 1399/1399/1399 1400/1400/1400 1401/1401/1401
f 1400/1400/1400 1402/1402/1402 1401/1401/1401
f 1401/1401/1401 1402/1402/1402 1403/1403/1403
f 1402/1402/1402 1404/1404/1404 1403/1403/1403
f 1403/1403/1403 1404/1404/1404 1405/1405/1405
f 1404/1404/1404 1406/1406/1406 1405/1405/1405
f 1405/1405/1405 1406/1406/1406 1407/1407/1407
f 1406/1406/1406 1408/1408/1408 1407/1407/1407
f 1411/1411/1411 1410/1410/1410 1409/1409/1409
f 1412/1412/1412 1411/1411/1411 1409/1409/1409
f 1415/1415/1415 1414/1414/1414 1413/1413/1413
f 1416/1416/1416 1415/1415/1415 1413/1413/1413
f 1417/1417/1417 1415/1415/1415 1416/1416/1416
f 1418/1418/1418 1417/1417/1417 1416/1416/1416
f 1419/1419/1419 1417/1417/1417 1418/1418/1418
f 1420/1420/1420 1419/1419/1419 1418/1418/1418
f 1421/1421/1421 1419/1419/1419 1420/1420/1420
f 1422/1422/1422 1421/1421/1421 1420/1420/1420
f 1423/1423/1423 1421/1421/1421 1422/1422/1422
f 1424/1424/1424 1423/1423/1423 1422/1422/1422
f 1425/1425/1425 1423/1423/1423 1424/1424/1424
f 1426/1426/1426 1425/1425/1425 1424/1424/1424
f 1427/1427/1427 1425/1425/1425 1426/1426/1426
f 1428/1428/1428 1427/1427/1427 1426/1426/1426
f 1429/1429/1429 1427/1427/1427 1428/1428/1428
f 1430/1430/1430 1429/1429/1429 1428/1428/1428
f 1431/1431/1431 1429/1429/1429 1430/1430/1430
f 1432/1432/1432 1431/1431/1431 1430/1430/1430
f 1433/1433/1433 1431/1431/1431 1432/1432/1432
f 1434/1434/1434 1433/1433/1433 1432/1432/1432
f 1435/1435/1435 1433/1433/1433 1434/1434/1434
f 1436/1436/1436 1435/1435/1435 1434/1434/1434
f 1437/1437/1437 1435/1435/1435 1436/1436/1436
f 1438/1438/1438 1437/1437/1437 1436/1436/1436
f 1439/1439/1439 1437/1437/1437 1438/1438/1438
f 1440/1440/1440 1439/1439/1439 1438/1438/1438
f 1441/1441/1441 1439/1439/1439 1440/1440/1440
f 1442/1442/1442 1441/1441/1441 1440/1440/1440
f 1443/1443/1443 1441/1441/1441 1442/1442/1442
f 1444/1444/1444 1443/1443/1443 1442/1442/1442
f 1445/1445/1445 1443/1443/1443 1444/1444/1444
f 1446/1446/1446 1445/1445/1445 1444/1444/1444
f 1449/1449/1449 1448/1448/1448 1447/1447/1447
f 1450/1450/1450 1449/1449/1449 1447/1447/1447
f 1451/1451/1451 1449/1449/1449 1450/1450/1450
f 1452/1452/1452 1451/1451/1451 1450/1450/1450
f 1453/1453/1453 1451/1451/1451 1452/1452/1452
f 1454/1454/1454 1453/1453/1453 1452/1452/1452
f 1455/1455/1455 1453/1453/1453 1454/1454/1454
f 1456/1456/1456 1455/1455/1455 1454/1454/1454
f 1457/1457/1457 1455/1455/1455 1456/1456/1456
f 1458/1458/1458 1457/1457/1457 1456/1456/1456
f 1459/1459/1459 1457/1457/1457 1458/1458/1458
f 1460/1460/1460 1459/1459/1459 1458/1458/1458
f 1461/1461/1461 1459/1459/1459 1460/1460/1460
f 1462/1462/1462 1461/1461/1461 1460/1460/1460
f 1463/1463/1463 1461/1461/1461 1462/1462/1462
f 1464/1464/1464 1463/1463/1463 1462/1462/1462
f 1465/1465/1465 1463/1463/1463 1464/1464/1464
f 1466/1466/1466 1465/1465/1465 1464/1464/1464
f 1467/1467/1467 1465/1465/1465 1466/1466/1466
f 1468/1468/1468 1467/1467/1467 1466/1466/1466
f 1469/1469/1469 1467/1467/1467 1468/1468/1468
f 1470/1470/1470 1469/1469/1469 1468/1468/1468
f 1471/1471/1471 1469/1469/1469 1470/1470/1470
f 1472/1472/1472 1471/1471/1471 1470/1470/1470
f 1473/1473/1473 1471/1471/1471 1472/1472/1472
f 1474/1474/1474 1473/1473/1473 1472/1472/1472
f 1475/1475/1475 1473/1473/1473 1474/1474/1474
f 1476/1476/1476 1475/1475/1475 1474/1474/1474
f 1477/1477/1477 1475/1475/1475 1476/1476/1476
f 1478/1478/1478 1477/1477/1477 1476/1476/1476
f 1479/1479/1479 1477/1477/1477 1478/1478/1478
f 1480/1480/1480 1479/1479/1479 1478/1478/1478
f 1483/1483/1483 1482/1482/1482 1481/1481/1481
f 1482/1482/1482 1484/1484/1484 1481/1481/1481
f 1481/1481/1481 1484/1484/1484 1485/1485/1485
f 1484/1484/1484 1486/1486/1486 1485/1485/1485
f 1485/1485/1485 1486/1486/1486 1487/1487/1487
f 1486/1486/1486 1488/1488/1488 1487/1487/1487
f 1487/1487/1487 1488/1488/1488 1489/1489/1489
f 1488/1488/1488 1490/1490/1490 1489/1489/1489
f 1489/1489/1489 1490/1490/1490 1491/1491/1491
f 1490/1490/1490 1492/1492/1492 1491/1491/1491
f 1491/1491/1491 1492/1492/1492 1493/1493/1493
f 1492/1492/1492 1494/1494/1494 1493/1493/1493
f 1493/1493/1493 1494/1494/1494 1495/1495/1495
f 1494/1494/1494 1496/1496/1496 1495/1495/1495
f 1495/1495/1495 1496/1496/1496 1497/1497/1497
f 1496/1496/1496 1498/1498/1498 1497/1497/1497
f 1497/1497/1497 1498/1498/1498 1499/1499/1499
f 1498/1498/1498 1500/1500/1500 1499/1499/1499
f 1499/1499/1499 1500/1500/1500 1501/1501/1501
f 1500/1500/1500 1502/1502/1502 1501/1501/1501
f 1501/1501/1501 1502/1502/1502 1503/1503/1503
f 1502/1502/1502 1504/1504/1504 1503/1503/1503
f 1503/1503/1503 1504/1504/1504 1505/1505/1505
f 1504/1504/1504 1506/1506/1506 1505/1505/1505
f 1505/1505/1505 1506/1506/1506 1507/1507/1507
f 1506/1506/1506 1508/1508/1508 1507/1507/1507
f 1507/1507/1507 1508/1508/1508 1509/1509/1509
f 1508/1508/1508 1510/1510/1510 1509/1509/1509
f 1509/1509/1509 1510/1510/1510 1511/1511/1511
f 1510/1510/1510 1512/1512/1512 1511/1511/1511
f 1511/1511/1511 1512/1512/1512 1513/1513/1513
f 1512/1512/1512 1514/1514/1514 1513/1513/1513
f 1517/1517/1517 1516/1516/1516 1515/1515/1515
f 1518/1518/1518 1517/1517/1517 1515/1515/1515
f 1521/1521/1521 1520/1520/1520 1519/1519/1519
f 1522/1522/1522 1521/1521/1521 1519/1519/1519
f 1525/1525/1525 1524/1524/1524 1523/1523/1523
f 1526/1526/1526 1525/1525/1525 1523/1523/1523
f 1529/1529/1529 1528/1528/1528 1527/1527/1527
f 1530/1530/1530 1529/1529/1529 1527/1527/1527
f 1533/1533/1533 1532/1532/1532 1531/1531/1531
f 1534/1534/1534 1533/1533/1533 1531/1531/1531
f 1537/1537/1537 1536/1536/1536 1535/1535/1535
f 1538/1538/1538 1537/1537/1537 1535/1535/1535
f 1541/1541/1541 1540/1540/1540 1539/1539/1539
f 1542/1542/1542 1541/1541/1541 1539/1539/1539
f 1545/1545/1545 1544/1544/1544 1543/1543/1543
f 1546/1546/1546 1545/1545/1545 1543/1543/1543
f 1549/1549/1549 1548/1548/1548 1547/1547/1547
f 1550/1550/1550 1549/1549/1549 1547/1547/1547
f 1553/1553/1553 1552/1552/1552 1551/1551/1551
f 1554/1554/1554 1553/1553/1553 1551/1551/1551
f 1557/1557/1557 1556/1556/1556 1555/1555/1555
f 1558/1558/1558 1557/1557/1557 1555/1555/1555
f 1561/1561/1561 1560/1560/1560 1559/1559/1559
f 1562/1562/1562 1561/1561/1561 1559/1559/1559
f 1565/1565/1565 1564/1564/1564 1563/1563/1563
f 1566/1566/1566 1565/1565/1565 1563/1563/1563
f 1569/1569/1569 1568/1568/1568 1567/1567/1567
f 1570/1570/1570 1569/1569/1569 1567/1567/1567
f 1573/1573/1573 1572/1572/1572 1571/1571/1571
f 1574/1574/1574 1573/1573/1573 1571/1571/1571
f 1577/1577/1577 1576/1576/1576 1575/1575/1575
f 1578/1578/1578 1577/1577/1577 1575/1575/1575
f 1581/1581/1581 1580/1580/1580 1579/1579/1579
f 1582/1582/1582 1581/1581/1581 1579/1579/1579
f 1585/1585/1585 1584/1584/1584 1583/1583/1583
f 1586/1586/1586 1585/1585/1585 1583/1583/1583
f 1589/1589/1589 1588/1588/1588 1587/1587/1587
f 1590/1590/1590 1589/1589/1589 1587/1587/1587
f 1593/1593/1593 1592/1592/1592 1591/1591/1591
f 1594/1594/1594 1593/1593/1593 1591/1591/1591
f 1597/1597/1597 1596/1596/1596 1595/1595/1595
f 1598/1598/1598 1597/1597/1597 1595/1595/1595
f 1601/1601/1601 1600/1600/1600 1599/1599/1599
f 1602/1602/1602 1601/1601/1601 1599/1599/1599
f 1605/1605/1605 1604/1604/1604 1603/1603/1603
f 1606/1606/1606 1605/1605/1605 1603/1603/1603
f 1609/1609/1609 1608/1608/1608 1607/1607/1607
f 1610/1610/1610 1609/1609/1609 1607/1607/1607
f 1613/1613/1613 1612/1612/1612 1611/1611/1611
f 1614/1614/1614 1613/1613/1613 1611/1611/1611
f 1617/1617/1617 1616/1616/1616 1615/1615/1615
f 1618/1618/1618 1617/1617/1617 1615/1615/1615
f 1621/1621/1621 1620/1620/1620 1619/1619/1619
f 1622/1622/1622 1621/1621/1621 1619/1619/1619
f 1625/1625/1625 1624/1624/1624 1623/1623/1623
f 1626/1626/1626 1625/1625/1625 1623/1623/1623
f 1629/1629/1629 1628/1628/1628 1627/1627/1627
f 1630/1630/1630 1629/1629/1629 1627/1627/1627
f 1633/1633/1633 1632/1632/1632 1631/1631/1631
f 1634/1634/1634 1633/1633/1633 1631/1631/1631
f 1637/1637/1637 1636/1636/1636 1635/1635/1635
f 1638/1638/1638 1637/1637/1637 1635/1635/1635
f 1641/1641/1641 1640/1640/1640 1639/1639/1639
f 1642/1642/1642 1641/1641/1641 1639/1639/1639
f 1645/1645/1645 1644/1644/1644 1643/1643/1643
f 1646/1646/1646 1645/1645/1645 1643/1643/1643
f 1649/1649/1649 1648/1648/1648 1647/1647/1647
f 1650/1650/1650 1649/1649/1649 1647/1647/1647
f 1647/1647/1647 1648/1648/1648 1651/1651/1651
f 1652/1652/1652 1649/1649/1649 1650/1650/1650
f 1648/1648/1648 1653/1653/1653 1651/1651/1651
f 1654/1654/1654 1652/1652/1652 1650/1650/1650
f 1651/1651/1651 1653/1653/1653 1654/1654/1654
f 1653/1653/1653 1652/1652/1652 1654/1654/1654
