g Corrupt King Monster Mount
v -3.9452138 9.988392 0.053830028
v -3.7086568 8.1035185 -0.8073998
v -2.0451272 9.988392 -0.8476647
v 0.9715513 -5.2746077 -1.3269975
v 0.37262642 -5.733207 -1.3269975
v 0.8476647 -5.733207 -0.8519592
v 0.6150348 -13.875025 -0.58839554
v 1.8892852E-05 -13.875025 -0.7531885
v -0.614997 -13.875025 -0.58839554
v -0.614997 -13.875025 -0.58839554
v 1.0652579 -13.875025 -0.13817257
v 0.6150348 -13.875025 -0.58839554
v -0.614997 -13.875025 -0.58839554
v -1.06522 -13.875025 -0.13817257
v 1.0652579 -13.875025 -0.13817257
v -1.06522 -13.875025 1.0918597
v 0.6150348 -13.875025 1.5420824
v 1.0652579 -13.875025 1.0918597
v -1.06522 -13.875025 1.0918597
v -0.614997 -13.875025 1.5420824
v 0.6150348 -13.875025 1.5420824
v -0.614997 -13.875025 1.5420824
v 1.8892852E-05 -13.875025 1.7068757
v 0.6150348 -13.875025 1.5420824
v -3.1453848 9.988392 0.8476647
v -0 9.988392 0.8476647
v -0 -10.53152 0.40931568
v -0.57007664 -10.53152 0.40931568
v -3.9452138 9.988392 0.053880095
v -1.3699057 -10.53152 -0.38446885
v -1.3699057 -10.53152 -0.40931568
v -3.7086568 8.1035185 -0.8073998
v -3.9452138 9.988392 0.053830028
v 1.3699057 -10.53152 -0.38446888
v 1.3699057 -10.53152 -0.40931568
v -0 -10.53152 -0.40931568
v -0 -10.53152 0.40931568
v 0.5700767 -10.53152 0.40931568
v -0 9.988392 0.8476647
v -0 9.988392 -0.8476647
v 2.0451272 9.988392 -0.8476647
v 3.9452138 9.988392 0.053830206
v 3.9452138 9.988392 0.053880192
v 3.1453848 9.988392 0.8476647
v -3.1773314 5.7332006 2.5353632
v -0 5.7332006 2.5353632
v -0 -5.733207 1.3220546
v -0.07978225 -5.733207 1.3220546
v -3.9452138 5.7332006 1.789915
v -0.8476647 -5.733207 0.5766064
v -0.8476647 -5.733207 -0.8519592
v -0.9715513 -5.2746077 -1.3269975
v -0.37262642 -5.733207 -1.3269975
v -2.8260098 1.5901664 -2.2954583
v -3.6132228 4.5042467 -1.2783084
v -3.9452138 5.7332006 -0.005301714
v -3.9452138 5.7332006 -0.005301714
v -2.2046118 4.702177 -2.5353632
v -1.4151523 5.7332006 -2.5353632
v -3.6132228 4.5042467 -1.2783084
v -2.8260098 1.5901664 -2.2954583
v -0 5.7332006 2.5353632
v -0 5.7332006 -2.5353632
v 1.4151523 5.7332006 -2.5353632
v 3.9452138 5.7332006 -0.005301714
v 3.9452138 5.7332006 1.7899148
v 3.1773312 5.7332006 2.5353632
v 0.37262642 -5.733207 -1.3269975
v -0 -5.733207 -2.5353632
v -0 -5.733207 1.3220546
v 0.8476647 -5.733207 -0.8519592
v 0.8476647 -5.733207 0.5766064
v 0.07978228 -5.733207 1.3220545
v 0.9715513 -5.2746077 -1.3269975
v 0.8476647 -5.733207 0.5766064
v 3.9452138 5.7332006 1.7899148
v 2.8260098 1.5901664 -2.2954583
v 3.1773312 5.7332006 2.5353632
v 0.07978228 -5.733207 1.3220545
v -0 -5.733207 1.3220546
v -0 5.7332006 2.5353632
v 3.6132228 4.5042467 -1.2783084
v 3.9452138 5.7332006 -0.005301714
v 2.2046118 4.702177 -2.5353632
v 1.4151523 5.7332006 -2.5353632
v 3.9452138 5.7332006 -0.005301714
v -0 9.988392 -0.8476647
v -0 -10.53152 -0.40931568
v 1.3699057 -10.53152 -0.40931568
v 2.0451272 9.988392 -0.8476647
v 3.7086568 8.1035185 -0.8073998
v 3.9452138 9.988392 0.053830206
v -0 -10.53152 0.40931568
v -0 -10.53152 -0.40931568
v -1.3699057 -10.53152 -0.40931568
v -1.3699057 -10.53152 -0.38446885
v -0.57007664 -10.53152 0.40931568
v -3.9452138 9.988392 0.053830028
v -2.0451272 9.988392 -0.8476647
v -0 9.988392 -0.8476647
v -0 9.988392 0.8476647
v -3.9452138 9.988392 0.053880095
v -3.1453848 9.988392 0.8476647
v -3.9452138 5.7332006 -0.005301714
v -1.4151523 5.7332006 -2.5353632
v -0 5.7332006 -2.5353632
v -0 5.7332006 2.5353632
v -3.9452138 5.7332006 1.789915
v -3.1773314 5.7332006 2.5353632
v -0 -5.733207 1.3220546
v -0 -5.733207 -2.5353632
v -0.37262642 -5.733207 -1.3269975
v -0.8476647 -5.733207 -0.8519592
v -0.8476647 -5.733207 0.5766064
v -0.07978225 -5.733207 1.3220546
v -1.3699057 -10.53152 -0.40931568
v -0 -10.53152 -0.40931568
v -0 9.988392 -0.8476647
v -2.0451272 9.988392 -0.8476647
v -3.7086568 8.1035185 -0.8073998
v 3.1453848 9.988392 0.8476647
v -0 -10.53152 0.40931568
v -0 9.988392 0.8476647
v 0.5700767 -10.53152 0.40931568
v 1.3699057 -10.53152 -0.38446888
v 3.9452138 9.988392 0.053880192
v 3.7086568 8.1035185 -0.8073998
v 1.3699057 -10.53152 -0.40931568
v 3.9452138 9.988392 0.053830206
v 0.24520385 -0.1912626 -0.43420333
v -0.41310835 0.18136692 -1.7752191
v -0.15220082 -0.75980663 -0.6553105
v 0.010662913 0.6547979 -1.4409366
v -0.8120611 1.6205125 -2.3915358
v 0.3791896 0.926175 -1.2820246
v 0.6011963 0.12532842 -0.32909292
v -0.34797257 1.9485072 -1.9949701
v -1.2883224 3.3385336 -2.4104366
v 0.039720297 2.1507463 -1.8064499
v 0.3791896 0.926175 -1.2820246
v -0.77610415 3.4929094 -2.0119607
v -1.7693855 5.0738764 -1.8290404
v -0.3655315 3.6126127 -1.8225329
v 0.039720297 2.1507463 -1.8064499
v -1.2085522 5.052883 -1.4893191
v -2.1820126 6.562351 -0.73586285
v -0.77486885 5.089219 -1.3278213
v -0.3655315 3.6126127 -1.8225329
v -1.5794806 6.390936 -0.506615
v -2.4633856 7.5773487 0.7026737
v -1.1259739 6.3557634 -0.3976348
v -0.77486885 5.089219 -1.3278213
v -1.8324184 7.30336 0.7865465
v -2.5706682 7.9643497 2.267561
v -1.365395 7.219429 0.8264186
v -1.1259739 6.3557634 -0.3976348
v -1.9288592 7.6512527 2.1932902
v -2.4875255 7.664429 3.7205615
v -1.4566815 7.548727 2.1579833
v -1.365395 7.219429 0.8264186
v -1.8541193 7.3816414 3.4994543
v -2.226619 6.723258 4.8404694
v -1.385936 7.2935257 3.3943446
v -1.4566815 7.548727 2.1579833
v -1.6195788 6.5355816 4.506187
v -1.8276658 5.284113 5.4567857
v -1.1639291 6.4926805 4.3472757
v -1.385936 7.2935257 3.3943446
v -1.2609434 5.241873 5.0602202
v -1.3514042 3.5660896 5.4756875
v -0.8244604 5.2681084 4.8716993
v -1.1639291 6.4926805 4.3472757
v -0.8328116 3.6974692 5.077212
v -0.8703414 1.830748 4.894292
v -0.41920847 3.80624 4.8877845
v -0.8244604 5.2681084 4.8716993
v -0.4003634 2.1374974 4.5545707
v -0.45771402 0.34227324 3.8011146
v -0.009871006 2.3296356 4.3930736
v -0.41920847 3.80624 4.8877845
v -0.029435158 0.79944384 3.5718668
v -0.17634118 -0.6727247 2.362577
v 0.34123445 1.0630897 3.4628875
v -0.009871006 2.3296356 4.3930736
v 0.22350287 -0.11298144 2.2787042
v -0.069058895 -1.0597248 0.79769063
v 0.580655 0.19942653 2.2388327
v 0.34123445 1.0630897 3.4628875
v 0.31994343 -0.4608723 0.8719613
v -0.15220082 -0.75980663 -0.6553105
v 0.24520385 -0.1912626 -0.43420333
v 0.6011963 0.12532842 -0.32909292
v 0.67194164 -0.12987316 0.9072682
v 0.67194164 -0.12987316 0.9072682
v 0.580655 0.19942653 2.2388327
v 0.12658167 2.5004683 -1.1586282
v 0.019583702 3.7395988 -1.171591
v -0.20004588 3.6787148 -1.171591
v 0.3462113 2.5613532 -1.1586282
v 0.40019011 1.5134786 -0.73594815
v 0.61981964 1.5743631 -0.73594815
v 0.5791247 0.8680061 0.03210312
v 0.79875433 0.9288906 0.03210312
v 0.63614464 0.6623167 1.0285954
v 0.85577416 0.72320163 1.0285954
v 0.56256855 0.9277283 2.1018202
v 0.7821982 0.9886128 2.1018202
v 0.36959863 1.6238297 3.0883927
v 0.58922815 1.6847147 3.0883927
v 0.086612105 2.6446505 3.8381116
v 0.3062415 2.705535 3.8381116
v -0.24330902 3.8347754 4.2368417
v -0.023679495 3.8956604 4.2368417
v -0.5699373 5.0130243 4.2238793
v -0.3503077 5.073909 4.2238793
v -0.8435447 6.0000114 3.8011997
v -0.6239152 6.060896 3.8011997
v -1.0224802 6.645487 3.0331485
v -0.80285066 6.7063713 3.0331485
v -1.0794994 6.8511734 2.0366561
v -0.85986996 6.912058 2.0366561
v -1.0059237 6.585764 0.96343154
v -0.7862944 6.6466484 0.96343154
v -0.812953 5.88966 -0.023140967
v -0.5933236 5.9505444 -0.023140967
v -0.5299669 4.8688407 -0.77285963
v -0.31033754 4.9297256 -0.77285963
v -0.20004588 3.6787148 -1.171591
v 0.019583702 3.7395988 -1.171591
v -0.025941968 5.093406 4.0837846
v -0.28530693 6.0290155 3.6831067
v -0.45492733 6.640888 2.9550378
v -0.50897884 6.835869 2.0104184
v -0.43923306 6.5842752 0.99306124
v -0.25630766 5.924408 0.05784625
v 0.01194787 4.9567285 -0.65284544
v 0.2836833 3.976492 4.096072
v 0.32469428 3.8285546 -1.0308204
v 0.3462113 2.5613532 -1.1586282
v 0.5964296 2.84832 3.7180974
v 0.63431954 2.7116423 -1.0185328
v 0.61981964 1.5743631 -0.73594815
v 0.8646853 1.880639 3.0074058
v 0.8936846 1.7760314 -0.61785585
v 0.79875433 0.9288906 0.03210312
v 1.04761 1.2207729 2.0721905
v 1.0633047 1.1641594 0.110214055
v 1.1173565 0.96917784 1.0548329
v 0.4488231 3.8735251 -0.6909705
v 0.71739924 2.9046888 -0.6803115
v 0.94237924 2.0931168 -0.3327548
v 1.0895119 1.5623637 0.29879087
v 1.1363981 1.3932317 1.1181769
v 1.0758982 1.6114718 2.0006583
v 0.9172251 2.1838546 2.8118865
v 0.68453276 3.0232449 3.4283578
v 0.41324997 4.001849 3.7562225
v 0.17753947 4.8521304 -0.3631056
v 0.14467311 4.970688 3.7455633
v -0.055152416 5.6915197 0.25336558
v -0.0803076 5.782261 3.3980057
v -0.21382594 6.2639036 1.064594
v -0.22743928 6.313012 2.7664607
v -0.27432507 6.4821444 1.9470756
v 0.6011963 0.12532842 -0.32909292
v 0.44471586 1.3528603 -0.89837843
v 0.3791896 0.926175 -1.2820246
v 0.6364622 0.66117156 -0.07533425
v 0.40019011 1.5134786 -0.73594815
v 0.12658167 2.5004683 -1.1586282
v 0.5791247 0.8680061 0.03210312
v 0.15151739 2.4105177 -1.3513224
v 0.3791896 0.926175 -1.2820246
v 0.039720297 2.1507463 -1.8064499
v -0.20004588 3.6787148 -1.171591
v -0.19849712 3.6731277 -1.3652129
v 0.039720297 2.1507463 -1.8064499
v -0.3655315 3.6126127 -1.8225329
v -0.5299669 4.8688407 -0.77285963
v -0.5520403 4.9484663 -0.9379323
v -0.3655315 3.6126127 -1.8225329
v -0.77486885 5.089219 -1.3278213
v -0.812953 5.88966 -0.023140967
v -0.8552888 6.0423775 -0.13453394
v -0.77486885 5.089219 -1.3278213
v -1.1259739 6.3557634 -0.3976348
v -1.0059237 6.585764 0.96343154
v -1.0620756 6.7883215 0.92267746
v -1.1259739 6.3557634 -0.3976348
v -1.365395 7.219429 0.8264186
v -1.0794994 6.8511734 2.0366561
v -1.1409197 7.072736 2.0727446
v -1.365395 7.219429 0.8264186
v -1.4566815 7.548727 2.1579833
v -1.0224802 6.645487 3.0331485
v -1.0798173 6.8523197 3.1405857
v -1.4566815 7.548727 2.1579833
v -1.385936 7.2935257 3.3943446
v -0.8435447 6.0000114 3.8011997
v -0.8880706 6.160631 3.9636295
v -1.385936 7.2935257 3.3943446
v -1.1639291 6.4926805 4.3472757
v -0.5699373 5.0130243 4.2238793
v -0.59487295 5.102975 4.416573
v -1.1639291 6.4926805 4.3472757
v -0.8244604 5.2681084 4.8716993
v -0.24330902 3.8347754 4.2368417
v -0.24485785 3.8403625 4.4304643
v -0.8244604 5.2681084 4.8716993
v -0.41920847 3.80624 4.8877845
v 0.086612105 2.6446505 3.8381116
v 0.10868549 2.5650249 4.003185
v -0.41920847 3.80624 4.8877845
v -0.009871006 2.3296356 4.3930736
v 0.36959863 1.6238297 3.0883927
v 0.41193402 1.4711136 3.1997857
v -0.009871006 2.3296356 4.3930736
v 0.34123445 1.0630897 3.4628875
v 0.56256855 0.9277283 2.1018202
v 0.6187209 0.7251698 2.1425743
v 0.34123445 1.0630897 3.4628875
v 0.580655 0.19942653 2.2388327
v 0.63614464 0.6623167 1.0285954
v 0.69756484 0.44075525 0.9925067
v 0.580655 0.19942653 2.2388327
v 0.67194164 -0.12987316 0.9072682
v 0.67194164 -0.12987316 0.9072682
v 0.6011963 0.12532842 -0.32909292
v -0.78560746 -0.4770192 -0.43420333
v -0.15220082 -0.75980663 -0.6553105
v -0.41310835 0.18136692 -1.7752191
v -1.0201483 0.3690418 -1.4409366
v -0.8120611 1.6205125 -2.3915358
v -1.378784 1.6627511 -1.9949701
v -1.2883224 3.3385336 -2.4104366
v -1.8069155 3.2071533 -2.0119607
v -1.7693855 5.0738764 -1.8290404
v -2.3948693 3.0642605 -1.3652129
v -2.0448546 1.8016504 -1.3513224
v -2.7484121 4.339599 -0.9379323
v -2.2393632 4.767127 -1.4893191
v -2.1820126 6.562351 -0.73586285
v -3.051661 5.433511 -0.13453394
v -2.6102917 6.105179 -0.506615
v -2.4633856 7.5773487 0.7026737
v -3.258448 6.179454 0.92267746
v -2.8632295 7.017605 0.7865465
v -2.5706682 7.9643497 2.267561
v -3.3372915 6.463868 2.0727446
v -2.9596705 7.3654957 2.1932902
v -2.4875255 7.664429 3.7205615
v -3.2761893 6.243452 3.1405857
v -2.8849301 7.0958853 3.4994543
v -2.226619 6.723258 4.8404694
v -3.0844426 5.551764 3.9636295
v -2.65039 6.2498255 4.506187
v -1.8276658 5.284113 5.4567857
v -2.7912438 4.4941072 4.416573
v -2.2917538 4.9561167 5.0602202
v -1.3514042 3.5660896 5.4756875
v -2.4412289 3.2314959 4.4304643
v -1.8636217 3.4117131 5.077212
v -2.0876865 1.9561576 4.003185
v -0.8703414 1.830748 4.894292
v -1.4311745 1.8517407 4.5545707
v -0.45771402 0.34227324 3.8011146
v -1.0602461 0.5136875 3.5718668
v -0.17634118 -0.6727247 2.362577
v -0.8073081 -0.39873755 2.2787042
v -0.069058895 -1.0597248 0.79769063
v -0.7108675 -0.7466284 0.8719613
v -0.15220082 -0.75980663 -0.6553105
v -0.78560746 -0.4770192 -0.43420333
v -1.0201483 0.3690418 -1.4409366
v -1.378784 1.6627511 -1.9949701
v -2.0448546 1.8016504 -1.3513224
v -1.7516563 0.7439927 -0.89837843
v -0.78560746 -0.4770192 -0.43420333
v -1.5599098 0.05230415 -0.07533425
v -2.0697904 1.8916005 -1.1586282
v -1.796182 0.904611 -0.73594815
v -2.3964179 3.069847 -1.171591
v -2.3948693 3.0642605 -1.3652129
v -2.7263389 4.2599735 -0.77285963
v -2.7484121 4.339599 -0.9379323
v -3.009325 5.280792 -0.023140967
v -3.051661 5.433511 -0.13453394
v -3.2022958 5.9768963 0.96343154
v -3.258448 6.179454 0.92267746
v -3.2758713 6.2423067 2.0366561
v -3.3372915 6.463868 2.0727446
v -3.218852 6.036619 3.0331485
v -3.2761893 6.243452 3.1405857
v -3.0399168 5.3911448 3.8011997
v -3.0844426 5.551764 3.9636295
v -2.766308 4.404157 4.2238793
v -2.7912438 4.4941072 4.416573
v -2.4396799 3.2259083 4.2368417
v -2.4412289 3.2314959 4.4304643
v -2.10976 2.0357833 3.8381116
v -2.0876865 1.9561576 4.003185
v -3.5569518 4.720768 0.25336558
v -3.7156258 5.293153 1.064594
v -3.7761245 5.5113926 1.9470756
v -3.7292385 5.3422604 2.7664607
v -3.5821056 4.8115087 3.3980057
v -3.3571265 3.999936 3.7455633
v -3.3242605 3.8813791 -0.3631056
v -3.0885496 3.0310974 3.7562225
v -3.0529764 2.9027739 -0.6909705
v -2.817265 2.0524945 3.4283578
v -2.7844005 1.933937 -0.6803115
v -1.826773 1.0149628 3.0883927
v -2.5594203 1.1223651 -0.3327548
v -2.5845742 1.2131032 2.8118865
v -1.7844379 0.8622464 3.1997857
v -1.4311745 1.8517407 4.5545707
v -1.0602461 0.5136875 3.5718668
v -1.6338034 0.3188609 2.1018202
v -1.577651 0.11630261 2.1425743
v -0.8073081 -0.39873755 2.2787042
v -2.4259014 0.6407205 2.0006583
v -1.6172475 0.2591387 0.03210312
v -1.4988071 -0.16811216 0.9925067
v -0.7108675 -0.7466284 0.8719613
v -0.78560746 -0.4770192 -0.43420333
v -1.5602274 0.05344951 1.0285954
v -2.4122875 0.5916122 0.29879087
v -2.3654017 0.42248023 1.1181769
v 0.9715513 -5.2746077 -1.3269975
v 2.8260098 1.5901664 -2.2954583
v 2.2046118 4.702177 -2.5353632
v 1.4151523 5.7332006 -2.5353632
v -0 5.7332006 -2.5353632
v 0.37262642 -5.733207 -1.3269975
v -0 -5.733207 -2.5353632
v -0.37262642 -5.733207 -1.3269975
v -0 -5.733207 -2.5353632
v -0 5.7332006 -2.5353632
v -1.4151523 5.7332006 -2.5353632
v -0.9715513 -5.2746077 -1.3269975
v -2.8260098 1.5901664 -2.2954583
v -2.2046118 4.702177 -2.5353632
v -0.330554 -0.1912626 -0.43420333
v 0.051199794 -0.8162646 -0.6846372
v 0.3156044 0.13752389 -1.8195566
v -0.09601307 0.6547979 -1.4409366
v 0.71990454 1.5959594 -2.4441342
v -0.46453953 0.926175 -1.2820246
v -0.6865463 0.12532842 -0.32909292
v 0.2626226 1.9485072 -1.9949701
v 1.2025496 3.3370085 -2.4632883
v -0.12507033 2.1507463 -1.8064499
v -0.46453953 0.926175 -1.2820246
v 0.6907542 3.4929094 -2.0119607
v 1.6900607 5.095611 -1.8740994
v 0.2801814 3.6126127 -1.8225329
v -0.12507033 2.1507463 -1.8064499
v 1.1232022 5.052883 -1.4893191
v 2.1082187 6.6040373 -0.7662691
v 0.6895188 5.089219 -1.3278213
v 0.2801814 3.6126127 -1.8225329
v 1.4941306 6.390936 -0.506615
v 2.393363 7.6326394 0.69154924
v 1.0406239 6.3557634 -0.3976348
v 0.6895188 5.089219 -1.3278213
v 1.7470684 7.30336 0.7865465
v 2.5020838 8.024828 2.277412
v 1.2800449 7.219429 0.8264186
v 1.0406239 6.3557634 -0.3976348
v 1.8435092 7.6512527 2.1932902
v 2.4178267 7.720887 3.749888
v 1.3713315 7.548727 2.1579833
v 1.2800449 7.219429 0.8264186
v 1.7687693 7.3816414 3.4994543
v 2.1534228 6.767101 4.8848066
v 1.300586 7.2935257 3.3943446
v 1.3713315 7.548727 2.1579833
v 1.5342288 6.5355816 4.506187
v 1.7491223 5.3086658 5.509384
v 1.0785791 6.4926805 4.3472757
v 1.300586 7.2935257 3.3943446
v 1.1755934 5.241873 5.0602202
v 1.266477 3.5676148 5.5285397
v 0.73911035 5.2681084 4.8716993
v 1.0785791 6.4926805 4.3472757
v 0.74746156 3.6974692 5.077212
v 0.77896607 1.8090129 4.939351
v 0.3338585 3.80624 4.8877845
v 0.73911035 5.2681084 4.8716993
v 0.3150134 2.1374974 4.5545707
v 0.36080796 0.30058718 3.831521
v -0.07547903 2.3296356 4.3930736
v 0.3338585 3.80624 4.8877845
v -0.05591488 0.79944384 3.5718668
v 0.075663686 -0.7280159 2.3737016
v -0.42658448 1.0630897 3.4628875
v -0.07547903 2.3296356 4.3930736
v -0.3088529 -0.11298144 2.2787042
v -0.033056498 -1.120203 0.7878397
v -0.66600513 0.19942653 2.2388327
v -0.42658448 1.0630897 3.4628875
v -0.40529346 -0.4608723 0.8719613
v 0.051199794 -0.8162646 -0.6846372
v -0.330554 -0.1912626 -0.43420333
v -0.6865463 0.12532842 -0.32909292
v -0.7572918 -0.12987316 0.9072682
v -0.7572918 -0.12987316 0.9072682
v -0.66600513 0.19942653 2.2388327
v -0.2119317 2.5004683 -1.1586282
v 0.11469579 3.6787148 -1.171591
v -0.10493374 3.7395988 -1.171591
v -0.43156147 2.5613532 -1.1586282
v -0.48554015 1.5134786 -0.73594815
v -0.7051697 1.5743631 -0.73594815
v -0.6644747 0.8680061 0.03210312
v -0.88410425 0.9288906 0.03210312
v -0.7214947 0.6623167 1.0285954
v -0.9411242 0.72320163 1.0285954
v -0.6479187 0.9277283 2.1018202
v -0.8675482 0.9886128 2.1018202
v -0.45494866 1.6238297 3.0883927
v -0.6745782 1.6847147 3.0883927
v -0.17196226 2.6446505 3.8381116
v -0.39159155 2.705535 3.8381116
v 0.15795898 3.8347754 4.2368417
v -0.06167054 3.8956604 4.2368417
v 0.4845872 5.0130243 4.2238793
v 0.26495767 5.073909 4.2238793
v 0.7581947 6.0000114 3.8011997
v 0.53856516 6.060896 3.8011997
v 0.9371302 6.645487 3.0331485
v 0.7175007 6.7063713 3.0331485
v 0.9941493 6.8511734 2.0366561
v 0.7745199 6.912058 2.0366561
v 0.9205737 6.585764 0.96343154
v 0.7009444 6.6466484 0.96343154
v 0.72760296 5.88966 -0.023140967
v 0.50797355 5.9505444 -0.023140967
v 0.4446168 4.8688407 -0.77285963
v 0.2249875 4.9297256 -0.77285963
v 0.11469579 3.6787148 -1.171591
v -0.10493374 3.7395988 -1.171591
v -0.059408188 5.093406 4.0837846
v 0.1999569 6.0290155 3.6831067
v 0.3695773 6.640888 2.9550378
v 0.4236288 6.835869 2.0104184
v 0.35388303 6.5842752 0.99306124
v 0.17095757 5.924408 0.05784625
v -0.09729791 4.9567285 -0.65284544
v -0.36903334 3.976492 4.096072
v -0.4100442 3.8285546 -1.0308204
v -0.43156147 2.5613532 -1.1586282
v -0.6817796 2.84832 3.7180974
v -0.7196696 2.7116423 -1.0185328
v -0.7051697 1.5743631 -0.73594815
v -0.95003533 1.880639 3.0074058
v -0.97903466 1.7760314 -0.61785585
v -0.88410425 0.9288906 0.03210312
v -1.1329601 1.2207729 2.0721905
v -1.1486547 1.1641594 0.110214055
v -1.2027066 0.96917784 1.0548329
v -0.534173 3.8735251 -0.6909705
v -0.80274916 2.9046888 -0.6803115
v -1.0277293 2.0931168 -0.3327548
v -1.1748619 1.5623637 0.29879087
v -1.2217481 1.3932317 1.1181769
v -1.1612482 1.6114718 2.0006583
v -1.0025752 2.1838546 2.8118865
v -0.7698827 3.0232449 3.4283578
v -0.4986 4.001849 3.7562225
v -0.2628894 4.8521304 -0.3631056
v -0.23002315 4.970688 3.7455633
v -0.03019762 5.6915197 0.25336558
v -0.005042553 5.782261 3.3980057
v 0.1284759 6.2639036 1.064594
v 0.14208937 6.313012 2.7664607
v 0.1889751 6.4821444 1.9470756
v -0.6865463 0.12532842 -0.32909292
v -0.46453953 0.926175 -1.2820246
v -0.530066 1.3528603 -0.89837843
v -0.72181225 0.66117156 -0.07533425
v -0.48554015 1.5134786 -0.73594815
v -0.2119317 2.5004683 -1.1586282
v -0.6644747 0.8680061 0.03210312
v -0.23686743 2.4105177 -1.3513224
v -0.46453953 0.926175 -1.2820246
v -0.12507033 2.1507463 -1.8064499
v 0.11469579 3.6787148 -1.171591
v 0.11314702 3.6731277 -1.3652129
v -0.12507033 2.1507463 -1.8064499
v 0.2801814 3.6126127 -1.8225329
v 0.4446168 4.8688407 -0.77285963
v 0.4666903 4.9484663 -0.9379323
v 0.2801814 3.6126127 -1.8225329
v 0.6895188 5.089219 -1.3278213
v 0.72760296 5.88966 -0.023140967
v 0.7699387 6.0423775 -0.13453394
v 0.6895188 5.089219 -1.3278213
v 1.0406239 6.3557634 -0.3976348
v 0.9205737 6.585764 0.96343154
v 0.9767256 6.7883215 0.92267746
v 1.0406239 6.3557634 -0.3976348
v 1.2800449 7.219429 0.8264186
v 0.9941493 6.8511734 2.0366561
v 1.0555696 7.072736 2.0727446
v 1.2800449 7.219429 0.8264186
v 1.3713315 7.548727 2.1579833
v 0.9371302 6.645487 3.0331485
v 0.99446726 6.8523197 3.1405857
v 1.3713315 7.548727 2.1579833
v 1.300586 7.2935257 3.3943446
v 0.7581947 6.0000114 3.8011997
v 0.80272055 6.160631 3.9636295
v 1.300586 7.2935257 3.3943446
v 1.0785791 6.4926805 4.3472757
v 0.4845872 5.0130243 4.2238793
v 0.5095229 5.102975 4.416573
v 1.0785791 6.4926805 4.3472757
v 0.73911035 5.2681084 4.8716993
v 0.15795898 3.8347754 4.2368417
v 0.15950775 3.8403625 4.4304643
v 0.73911035 5.2681084 4.8716993
v 0.3338585 3.80624 4.8877845
v -0.17196226 2.6446505 3.8381116
v -0.19403553 2.5650249 4.003185
v 0.3338585 3.80624 4.8877845
v -0.07547903 2.3296356 4.3930736
v -0.45494866 1.6238297 3.0883927
v -0.49728394 1.4711136 3.1997857
v -0.07547903 2.3296356 4.3930736
v -0.42658448 1.0630897 3.4628875
v -0.6479187 0.9277283 2.1018202
v -0.70407104 0.7251698 2.1425743
v -0.42658448 1.0630897 3.4628875
v -0.66600513 0.19942653 2.2388327
v -0.7214947 0.6623167 1.0285954
v -0.7829149 0.44075525 0.9925067
v -0.66600513 0.19942653 2.2388327
v -0.7572918 -0.12987316 0.9072682
v -0.7572918 -0.12987316 0.9072682
v -0.6865463 0.12532842 -0.32909292
v 0.7002574 -0.4770192 -0.43420333
v 0.3156044 0.13752389 -1.8195566
v 0.051199794 -0.8162646 -0.6846372
v 0.93479824 0.3690418 -1.4409366
v 0.71990454 1.5959594 -2.4441342
v 1.2934339 1.6627511 -1.9949701
v 1.2025496 3.3370085 -2.4632883
v 1.7215655 3.2071533 -2.0119607
v 1.6900607 5.095611 -1.8740994
v 2.3095193 3.0642605 -1.3652129
v 1.9595046 1.8016504 -1.3513224
v 2.663062 4.339599 -0.9379323
v 2.1540132 4.767127 -1.4893191
v 2.1082187 6.6040373 -0.7662691
v 2.966311 5.433511 -0.13453394
v 2.5249417 6.105179 -0.506615
v 2.393363 7.6326394 0.69154924
v 3.1730978 6.179454 0.92267746
v 2.7778795 7.017605 0.7865465
v 2.5020838 8.024828 2.277412
v 3.2519414 6.463868 2.0727446
v 2.8743205 7.3654957 2.1932902
v 2.4178267 7.720887 3.749888
v 3.1908393 6.243452 3.1405857
v 2.79958 7.0958853 3.4994543
v 2.1534228 6.767101 4.8848066
v 2.9990926 5.551764 3.9636295
v 2.5650399 6.2498255 4.506187
v 1.7491223 5.3086658 5.509384
v 2.7058938 4.4941072 4.416573
v 2.2064037 4.9561167 5.0602202
v 1.266477 3.5676148 5.5285397
v 2.3558788 3.2314959 4.4304643
v 1.7782717 3.4117131 5.077212
v 2.0023365 1.9561576 4.003185
v 0.77896607 1.8090129 4.939351
v 1.3458245 1.8517407 4.5545707
v 0.36080796 0.30058718 3.831521
v 0.9748961 0.5136875 3.5718668
v 0.075663686 -0.7280159 2.3737016
v 0.72195804 -0.39873755 2.2787042
v -0.033056498 -1.120203 0.7878397
v 0.6255175 -0.7466284 0.8719613
v 0.051199794 -0.8162646 -0.6846372
v 0.7002574 -0.4770192 -0.43420333
v 0.93479824 0.3690418 -1.4409366
v 1.9595046 1.8016504 -1.3513224
v 1.2934339 1.6627511 -1.9949701
v 1.6663063 0.7439927 -0.89837843
v 0.7002574 -0.4770192 -0.43420333
v 1.4745598 0.05230415 -0.07533425
v 1.9844403 1.8916005 -1.1586282
v 1.710832 0.904611 -0.73594815
v 2.3110678 3.069847 -1.171591
v 2.3095193 3.0642605 -1.3652129
v 2.6409888 4.2599735 -0.77285963
v 2.663062 4.339599 -0.9379323
v 2.923975 5.280792 -0.023140967
v 2.966311 5.433511 -0.13453394
v 3.1169457 5.9768963 0.96343154
v 3.1730978 6.179454 0.92267746
v 3.1905212 6.2423067 2.0366561
v 3.2519414 6.463868 2.0727446
v 3.133502 6.036619 3.0331485
v 3.1908393 6.243452 3.1405857
v 2.9545667 5.3911448 3.8011997
v 2.9990926 5.551764 3.9636295
v 2.680958 4.404157 4.2238793
v 2.7058938 4.4941072 4.416573
v 2.3543298 3.2259083 4.2368417
v 2.3558788 3.2314959 4.4304643
v 2.02441 2.0357833 3.8381116
v 2.0023365 1.9561576 4.003185
v 3.6302757 5.293153 1.064594
v 3.6907744 5.5113926 1.9470756
v 3.6438885 5.3422604 2.7664607
v 3.4967556 4.8115087 3.3980057
v 3.4716017 4.720768 0.25336558
v 3.2717764 3.999936 3.7455633
v 3.2389104 3.8813791 -0.3631056
v 3.0031996 3.0310974 3.7562225
v 2.9676263 2.9027739 -0.6909705
v 2.731915 2.0524945 3.4283578
v 2.6990504 1.933937 -0.6803115
v 2.4992242 1.2131032 2.8118865
v 2.4740703 1.1223651 -0.3327548
v 1.741423 1.0149628 3.0883927
v 1.5318974 0.2591387 0.03210312
v 2.3405514 0.6407205 2.0006583
v 1.6990879 0.8622464 3.1997857
v 1.3458245 1.8517407 4.5545707
v 0.9748961 0.5136875 3.5718668
v 1.5484533 0.3188609 2.1018202
v 1.492301 0.11630261 2.1425743
v 0.72195804 -0.39873755 2.2787042
v 2.3269374 0.5916122 0.29879087
v 2.2800517 0.42248023 1.1181769
v 1.4748774 0.05344951 1.0285954
v 1.413457 -0.16811216 0.9925067
v 0.6255175 -0.7466284 0.8719613
v 0.7002574 -0.4770192 -0.43420333
v 7.109561E-06 1.9318663 3.9606533
v 0.2587666 -10.77651 1.4976091
v 1.3075776E-05 -10.77651 1.566942
v 0.9659392 1.9318663 3.7018328
v 0.44818735 -10.77651 1.3081884
v 1.6730506 1.9318663 2.994721
v 0.5175201 -10.77651 1.0494348
v 1.9318714 1.9318663 2.0287888
v 0.44818735 -10.77651 0.79068136
v 1.6730506 1.9318663 1.0628566
v 0.2587666 -10.77651 0.60126054
v 0.9659392 1.9318663 0.35574496
v 1.3075776E-05 -10.77651 0.5319278
v 7.109561E-06 1.9318663 0.096924305
v -0.25874048 -10.77651 0.60126054
v -0.9659251 1.9318663 0.35574496
v -0.44816118 -10.77651 0.79068136
v -1.6730365 1.9318663 1.0628566
v -0.51749396 -10.77651 1.0494348
v -1.9318572 1.9318663 2.0287888
v -0.44816118 -10.77651 1.3081884
v -1.6730365 1.9318663 2.994721
v -0.25874048 -10.77651 1.4976091
v -0.9659251 1.9318663 3.7018328
v 1.3075776E-05 -10.77651 1.566942
v 7.109561E-06 1.9318663 3.9606533
v 0.2587666 -10.77651 0.60126054
v 1.3075776E-05 -10.77651 0.5319278
v -0.25874048 -10.77651 0.60126054
v 0.44818735 -10.77651 0.79068136
v -0.44816118 -10.77651 0.79068136
v 0.5175201 -10.77651 1.0494348
v -0.51749396 -10.77651 1.0494348
v 0.44818735 -10.77651 1.3081884
v -0.44816118 -10.77651 1.3081884
v 0.2587666 -10.77651 1.4976091
v -0.25874048 -10.77651 1.4976091
v 1.3075776E-05 -10.77651 1.566942
v -0.9659251 1.9318663 0.35574496
v 7.109561E-06 1.9318663 0.096924305
v 0.9659392 1.9318663 0.35574496
v -1.6730365 1.9318663 1.0628566
v 1.6730506 1.9318663 1.0628566
v -1.9318572 1.9318663 2.0287888
v 1.9318714 1.9318663 2.0287888
v -1.6730365 1.9318663 2.994721
v 1.6730506 1.9318663 2.994721
v -0.9659251 1.9318663 3.7018328
v 0.9659392 1.9318663 3.7018328
v 7.109561E-06 1.9318663 3.9606533
v -1.06522 -13.875025 -0.13817257
v 1.2300507 -13.875025 0.47684342
v 1.0652579 -13.875025 -0.13817257
v -1.230013 -13.875025 0.47684342
v -1.230013 -13.875025 0.47684342
v 1.0652579 -13.875025 1.0918597
v 1.2300507 -13.875025 0.47684342
v -1.06522 -13.875025 1.0918597
v -1.293872 3.536758 -1.7642298
v 1.2113709E-05 3.536758 -2.1109247
v 1.2938961 3.536758 -1.7642298
v -2.2410607 3.536758 -0.81704074
v 2.241085 3.536758 -0.81704074
v -2.587756 3.536758 0.47684345
v 2.5877802 3.536758 0.47684345
v -2.2410607 3.536758 1.7707274
v 2.241085 3.536758 1.7707274
v -1.293872 3.536758 2.717917
v 1.2938961 3.536758 2.717917
v 1.2113709E-05 3.536758 3.064612
v 5.7792095E-06 10.28048 7.7877064
v 0.13184756 -2.444885 3.0293803
v 1.4668565E-05 -2.4448845 3.0647044
v 2.1173735 10.28048 7.2203603
v 0.22835577 -2.444885 2.9328718
v 3.6673942 10.28048 5.6703377
v 0.26368022 -2.444885 2.8010387
v 4.234741 10.28048 3.5529704
v 0.22835577 -2.444885 2.6692057
v 3.6673942 10.28048 1.4356029
v 0.13184756 -2.444885 2.5726976
v 2.1173735 10.28048 -0.11441809
v 1.4668565E-05 -2.4448845 2.5373726
v 5.779209E-06 10.28048 -0.68176484
v -0.13181823 -2.4448845 2.5726976
v -2.1173618 10.28048 -0.11441809
v -0.22832644 -2.4448845 2.6692057
v -3.6673827 10.28048 1.4356029
v -0.2636509 -2.4448845 2.8010387
v -4.2347293 10.28048 3.5529704
v -0.22832644 -2.4448845 2.9328718
v -3.6673827 10.28048 5.6703377
v -0.13181823 -2.4448845 3.0293803
v -2.1173618 10.28048 7.2203603
v 1.4668565E-05 -2.4448845 3.0647044
v 5.7792095E-06 10.28048 7.7877064
v 0.13184756 -2.444885 2.5726976
v 1.4668565E-05 -2.4448845 2.5373726
v -0.13181823 -2.4448845 2.5726976
v 0.22835577 -2.444885 2.6692057
v -0.22832644 -2.4448845 2.6692057
v 0.26368022 -2.444885 2.8010387
v -0.2636509 -2.4448845 2.8010387
v 0.22835577 -2.444885 2.9328718
v -0.22832644 -2.4448845 2.9328718
v 0.13184756 -2.444885 3.0293803
v -0.13181823 -2.4448845 3.0293803
v 1.4668565E-05 -2.4448845 3.0647044
v -8.924688E-06 -7.8562474 1.790487
v 0.8667082 -12.204824 2.0296466
v -9.408504E-06 -12.204824 2.2618833
v 0.63101065 -7.8562474 1.6214056
v 1.5011896 -12.204824 1.395166
v 1.092949 -7.8562474 1.1594679
v 1.7334257 -12.204824 0.52844816
v 1.2620301 -7.8562474 0.5284483
v 1.5011896 -12.204824 -0.33826947
v 1.092949 -7.8562474 -0.10257137
v 0.8667082 -12.204824 -0.97274995
v 0.63101065 -7.8562474 -0.5645091
v -9.408504E-06 -12.204824 -1.204987
v -8.924688E-06 -7.8562474 -0.7335909
v -0.866727 -12.204824 -0.97274995
v -0.6310284 -7.8562474 -0.5645091
v -1.5012084 -12.204824 -0.33826947
v -1.0929669 -7.8562474 -0.10257137
v -1.7334446 -12.204824 0.52844816
v -1.262048 -7.8562474 0.5284483
v -1.5012084 -12.204824 1.395166
v -1.0929669 -7.8562474 1.1594679
v -0.866727 -12.204824 2.0296466
v -0.6310284 -7.8562474 1.6214056
v -9.408504E-06 -12.204824 2.2618833
v -8.924688E-06 -7.8562474 1.790487
v 0.8667082 -12.204824 -0.97274995
v -9.408504E-06 -12.204824 -1.204987
v -0.866727 -12.204824 -0.97274995
v 1.5011896 -12.204824 -0.33826947
v -1.5012084 -12.204824 -0.33826947
v 1.7334257 -12.204824 0.52844816
v -1.7334446 -12.204824 0.52844816
v 1.5011896 -12.204824 1.395166
v -1.5012084 -12.204824 1.395166
v 0.8667082 -12.204824 2.0296466
v -0.866727 -12.204824 2.0296466
v -9.408504E-06 -12.204824 2.2618833
v -0.6310284 -7.8562474 -0.5645091
v -8.924688E-06 -7.8562474 -0.7335909
v 0.63101065 -7.8562474 -0.5645091
v -1.0929669 -7.8562474 -0.10257137
v 1.092949 -7.8562474 -0.10257137
v -1.262048 -7.8562474 0.5284483
v 1.2620301 -7.8562474 0.5284483
v -1.0929669 -7.8562474 1.1594679
v 1.092949 -7.8562474 1.1594679
v -0.6310284 -7.8562474 1.6214056
v 0.63101065 -7.8562474 1.6214056
v -8.924688E-06 -7.8562474 1.790487
v -1.293872 3.536758 2.717917
v 1.2113709E-05 3.536758 3.064612
v 1.6361262E-05 -11.7734585 1.4949999
v -0.5090617 -11.7734585 1.3585927
v 1.8892852E-05 -13.875025 1.7068757
v -2.2410607 3.536758 1.7707274
v -0.614997 -13.875025 1.5420824
v -0.88173276 -11.7734585 0.9859217
v -2.587756 3.536758 0.47684345
v -1.06522 -13.875025 1.0918597
v -1.0181398 -11.7734585 0.47684345
v -2.2410607 3.536758 -0.81704074
v -1.230013 -13.875025 0.47684342
v -0.88173276 -11.7734585 -0.0322347
v -1.06522 -13.875025 -0.13817257
v -1.293872 3.536758 -1.7642298
v -0.5090617 -11.7734585 -0.40490586
v -1.06522 -13.875025 -0.13817257
v -0.614997 -13.875025 -0.58839554
v 1.2113709E-05 3.536758 -2.1109247
v 1.6361262E-05 -11.7734585 -0.5413128
v -0.614997 -13.875025 -0.58839554
v 1.2938961 3.536758 -1.7642298
v 1.8892852E-05 -13.875025 -0.7531885
v 0.5090945 -11.7734585 -0.40490586
v 0.6150348 -13.875025 -0.58839554
v 2.241085 3.536758 -0.81704074
v 0.88176566 -11.7734585 -0.0322347
v 0.6150348 -13.875025 -0.58839554
v 1.0652579 -13.875025 -0.13817257
v 2.5877802 3.536758 0.47684345
v 1.0181725 -11.7734585 0.47684345
v 1.0652579 -13.875025 -0.13817257
v 1.2300507 -13.875025 0.47684342
v 2.241085 3.536758 1.7707274
v 0.88176566 -11.7734585 0.9859217
v 1.2300507 -13.875025 0.47684342
v 1.0652579 -13.875025 1.0918597
v 1.2938961 3.536758 2.717917
v 0.5090945 -11.7734585 1.3585927
v 1.2113709E-05 3.536758 3.064612
v 1.0652579 -13.875025 1.0918597
v 0.6150348 -13.875025 1.5420824
v 1.6361262E-05 -11.7734585 1.4949999
v 0.6150348 -13.875025 1.5420824
v 1.8892852E-05 -13.875025 1.7068757
v 0.742561 -5.9989476 0.39821458
v 0.742561 -7.313896 1.0885068
v 0.08238319 -4.602249 4.8336368
v 0.08238319 -4.456361 4.7570524
v -0.7425641 -5.9989476 0.39821458
v 0.742561 -5.9989476 0.39821458
v 0.08238319 -4.456361 4.7570524
v -0.08238634 -4.456361 4.7570524
v 0.08238319 -4.456361 4.7570524
v 0.08238319 -4.602249 4.8336368
v -0.08238634 -4.602249 4.8336368
v -0.08238634 -4.456361 4.7570524
v 0.742561 -7.313896 1.0885068
v -0.7425641 -7.313896 1.0885068
v -0.08238634 -4.602249 4.8336368
v 0.08238319 -4.602249 4.8336368
v -0.7425641 -7.313896 1.0885068
v -0.7425641 -5.9989476 0.39821458
v -0.08238634 -4.456361 4.7570524
v -0.08238634 -4.602249 4.8336368
v -0.7425641 -5.9989476 0.39821458
v -0.7425641 -7.313896 1.0885068
v 0.742561 -7.313896 1.0885068
v 0.742561 -5.9989476 0.39821458
v -0.6615827 -9.070191 0.86110127
v -0.6615827 -7.8986444 0.2460896
v -0.07340158 -6.524286 4.129568
v -0.07340158 -6.654265 4.197801
v -0.6615827 -7.8986444 0.2460896
v 0.66157997 -7.8986444 0.2460896
v 0.07339878 -6.524286 4.129568
v -0.07340158 -6.524286 4.129568
v 0.66157997 -9.070191 0.86110127
v -0.6615827 -9.070191 0.86110127
v -0.07340158 -6.654265 4.197801
v 0.07339878 -6.654265 4.197801
v 0.66157997 -7.8986444 0.2460896
v 0.66157997 -9.070191 0.86110127
v 0.07339878 -6.654265 4.197801
v 0.07339878 -6.524286 4.129568
v -0.6615827 -7.8986444 0.2460896
v -0.6615827 -9.070191 0.86110127
v 0.66157997 -9.070191 0.86110127
v 0.66157997 -7.8986444 0.2460896
v -0.6615827 -9.908673 -0.13354456
v -0.6615827 -11.08022 0.48146713
v 0.66157997 -11.08022 0.48146713
v 0.66157997 -9.908673 -0.13354456
v -0.6615827 -9.908673 -0.13354456
v 0.66157997 -9.908673 -0.13354456
v 0.07339878 -8.534315 3.7499342
v -0.07340158 -8.534315 3.7499342
v -0.6615827 -11.08022 0.48146713
v -0.6615827 -9.908673 -0.13354456
v -0.07340158 -8.534315 3.7499342
v -0.07340158 -8.664294 3.8181667
v 0.66157997 -11.08022 0.48146713
v -0.6615827 -11.08022 0.48146713
v -0.07340158 -8.664294 3.8181667
v 0.07339878 -8.664294 3.8181667
v 0.07339878 -8.534315 3.7499342
v 0.07339878 -8.664294 3.8181667
v -0.07340158 -8.664294 3.8181667
v -0.07340158 -8.534315 3.7499342
v 0.66157997 -9.908673 -0.13354456
v 0.66157997 -11.08022 0.48146713
v 0.07339878 -8.664294 3.8181667
v 0.07339878 -8.534315 3.7499342
v -0.6615827 -13.018423 0.1817351
v -0.6615827 -11.846876 -0.4332766
v -0.07340158 -10.472519 3.4502025
v -0.07340158 -10.602497 3.518435
v -0.6615827 -11.846876 -0.4332766
v 0.66157997 -11.846876 -0.4332766
v 0.07339878 -10.472519 3.4502025
v -0.07340158 -10.472519 3.4502025
v 0.66157997 -11.846876 -0.4332766
v 0.66157997 -13.018423 0.1817351
v 0.07339878 -10.602497 3.518435
v 0.07339878 -10.472519 3.4502025
v 0.66157997 -13.018423 0.1817351
v -0.6615827 -13.018423 0.1817351
v -0.07340158 -10.602497 3.518435
v 0.07339878 -10.602497 3.518435
v -0.6615827 -11.846876 -0.4332766
v -0.6615827 -13.018423 0.1817351
v 0.66157997 -13.018423 0.1817351
v 0.66157997 -11.846876 -0.4332766
v 0.07339878 -10.472519 3.4502025
v 0.07339878 -10.602497 3.518435
v -0.07340158 -10.602497 3.518435
v -0.07340158 -10.472519 3.4502025
v 0.8664455 -5.5698 1.2932752
v -0.8664491 -5.5698 1.2932752
v -0.09613118 -2.405758 5.6632204
v 0.09612752 -2.405758 5.6632204
v -0.8664491 -4.035473 0.48781896
v -0.8664491 -5.5698 1.2932752
v 0.8664455 -5.5698 1.2932752
v 0.8664455 -4.035473 0.48781896
v 0.66157997 0.8720796 3.733805
v -0.6615827 0.8720796 3.733805
v -0.07340158 3.2880037 7.070505
v 0.07339878 3.2880037 7.070505
v -0.8664491 -4.035473 0.48781896
v 0.8664455 -4.035473 0.48781896
v 0.09612752 -2.2355304 5.573859
v -0.09613118 -2.2355304 5.573859
v 0.8664455 -4.035473 0.48781896
v 0.8664455 -5.5698 1.2932752
v 0.09612752 -2.405758 5.6632204
v 0.09612752 -2.2355304 5.573859
v 0.09612752 -2.2355304 5.573859
v 0.09612752 -2.405758 5.6632204
v -0.09613118 -2.405758 5.6632204
v -0.09613118 -2.2355304 5.573859
v -0.8664491 -5.5698 1.2932752
v -0.8664491 -4.035473 0.48781896
v -0.09613118 -2.2355304 5.573859
v -0.09613118 -2.405758 5.6632204
v 0.07339878 3.417982 7.002272
v 0.07339878 3.2880037 7.070505
v -0.07340158 3.2880037 7.070505
v -0.07340158 3.417982 7.002272
v -0.6615827 2.0436242 3.1187937
v 0.66157997 2.0436242 3.1187937
v 0.07339878 3.417982 7.002272
v -0.07340158 3.417982 7.002272
v -0.6615827 2.0436242 3.1187937
v -0.6615827 0.8720796 3.733805
v 0.66157997 0.8720796 3.733805
v 0.66157997 2.0436242 3.1187937
v 0.66157997 2.0436242 3.1187937
v 0.66157997 0.8720796 3.733805
v 0.07339878 3.2880037 7.070505
v 0.07339878 3.417982 7.002272
v -0.6615827 0.8720796 3.733805
v -0.6615827 2.0436242 3.1187937
v -0.07340158 3.417982 7.002272
v -0.07340158 3.2880037 7.070505
v 0.87861943 2.6201184 4.340521
v -0.87862307 2.6201184 4.340521
v -0.09748187 5.828616 8.771866
v 0.097478144 5.828616 8.771866
v 0.097478144 6.001236 8.681248
v 0.097478144 5.828616 8.771866
v -0.09748187 5.828616 8.771866
v -0.09748187 6.001236 8.681248
v -0.87862307 4.1760035 3.5237474
v 0.87861943 4.1760035 3.5237474
v 0.097478144 6.001236 8.681248
v -0.09748187 6.001236 8.681248
v -0.87862307 4.1760035 3.5237474
v -0.87862307 2.6201184 4.340521
v 0.87861943 2.6201184 4.340521
v 0.87861943 4.1760035 3.5237474
v 0.87861943 4.1760035 3.5237474
v 0.87861943 2.6201184 4.340521
v 0.097478144 5.828616 8.771866
v 0.097478144 6.001236 8.681248
v -0.87862307 2.6201184 4.340521
v -0.87862307 4.1760035 3.5237474
v -0.09748187 6.001236 8.681248
v -0.09748187 5.828616 8.771866
v 0.8527905 4.8118143 5.0452604
v -0.852794 4.8118143 5.0452604
v -0.094616175 7.925991 9.346335
v 0.09461257 7.925991 9.346335
v 0.09461257 8.093536 9.258381
v 0.09461257 7.925991 9.346335
v -0.094616175 7.925991 9.346335
v -0.094616175 8.093536 9.258381
v -0.852794 6.3219604 4.2524967
v 0.8527905 6.3219604 4.2524967
v 0.09461257 8.093536 9.258381
v -0.094616175 8.093536 9.258381
v -0.852794 6.3219604 4.2524967
v -0.852794 4.8118143 5.0452604
v 0.8527905 4.8118143 5.0452604
v 0.8527905 6.3219604 4.2524967
v 0.8527905 6.3219604 4.2524967
v 0.8527905 4.8118143 5.0452604
v 0.09461257 7.925991 9.346335
v 0.09461257 8.093536 9.258381
v -0.852794 4.8118143 5.0452604
v -0.852794 6.3219604 4.2524967
v -0.094616175 8.093536 9.258381
v -0.094616175 7.925991 9.346335
v 0.07339878 -6.524286 4.129568
v 0.07339878 -6.654265 4.197801
v -0.07340158 -6.654265 4.197801
v -0.07340158 -6.524286 4.129568
v -0.24624503 16.225187 3.9794955
v -2.1173618 10.28048 7.2203603
v -3.6673827 10.28048 5.6703377
v -0.42651522 16.225187 3.7992249
v -4.2347293 10.28048 3.5529704
v 8.5651955E-06 16.225187 4.045479
v 5.7792095E-06 10.28048 7.7877064
v 0.24626209 16.225187 3.9794955
v 2.1173735 10.28048 7.2203603
v 0.42653245 16.225187 3.7992249
v 3.6673942 10.28048 5.6703377
v 0.4925158 16.225187 3.552971
v 4.234741 10.28048 3.5529704
v -0.49249867 16.225187 3.552971
v -3.6673827 10.28048 1.4356029
v 0.42653236 16.225187 3.3067174
v 3.6673942 10.28048 1.4356029
v -0.42651522 16.225187 3.3067174
v -2.1173618 10.28048 -0.11441809
v 0.2462621 16.225187 3.126447
v 2.1173735 10.28048 -0.11441809
v -0.2462451 16.225187 3.126447
v 5.779209E-06 10.28048 -0.68176484
v 8.5651955E-06 16.225187 3.0604637
vt 0.50793797 0.5
vt 0.375 0.51909226
vt 0.375 0.43979773
vt 0.375 0.74000126
vt 0.375 0.820051
vt 0.4057873 0.75
vt 0.58333343 1.1637663
vt 0.5000001 1.163766
vt 0.41666678 1.1637661
vt 0.41666678 1.1637661
vt 0.66666675 1.1637663
vt 0.58333343 1.1637663
vt 0.41666678 1.1637661
vt 0.33333343 1.1637661
vt 0.66666675 1.1637663
vt 0.16666675 1.1637661
vt 0.91666675 1.1637664
vt 0.83333343 1.1637664
vt 0.16666675 1.1637661
vt 0.08333339 1.1637661
vt 0.91666675 1.1637664
vt 0.08333339 1.1637661
vt 0.020280033 1.163766
vt 0.91666675 1.1637664
vt 0.65034175 0.5
vt 0.75 0.5
vt 0.75 0.70785046
vt 0.69798213 0.70785046
vt 0.50794536 0.5
vt 0.3825879 0.70785046
vt 0.375 0.70785046
vt 0.375 0.51909226
vt 0.50793797 0.5
vt 0.3825879 0.70785046
vt 0.375 0.70785046
vt 0.34032255 0.87500006
vt 0.65967745 0.87500006
vt 0.6452466 0.805442
vt 0.625 0.375
vt 0.375 0.375
vt 0.375 0.43979776
vt 0.5079381 0.5
vt 0.5079454 0.5
vt 0.625 0.47465825
vt 0.64932954 0.5
vt 0.75 0.5
vt 0.75 0.75
vt 0.738235 0.75
vt 0.5882475 0.5
vt 0.5766874 0.75
vt 0.40578732 0.75
vt 0.375 0.7400012
vt 0.30494896 0.75
vt 0.375 0.5903298
vt 0.43697608 0.5267947
vt 0.4997386 0.5
vt 0.4997386 0.5
vt 0.375 0.4761547
vt 0.375 0.41983762
vt 0.43697608 0.5267947
vt 0.375 0.59032977
vt 0.625 0.375
vt 0.375 0.375
vt 0.375 0.41983762
vt 0.4997386 0.5
vt 0.5882475 0.5
vt 0.625 0.47567043
vt 0.375 0.820051
vt 0.375 0.875
vt 0.625 0.875
vt 0.40578732 0.75
vt 0.5766874 0.75
vt 0.625 0.863235
vt 0.375 0.7400012
vt 0.57668734 0.75
vt 0.5882474 0.5
vt 0.375 0.59032977
vt 0.6493296 0.5
vt 0.738235 0.75
vt 0.75 0.75
vt 0.75 0.5
vt 0.43697608 0.5267947
vt 0.49973857 0.5
vt 0.3286755 0.52247924
vt 0.29483765 0.5
vt 0.4997386 0.5
vt 0.25 0.5
vt 0.25 0.70785046
vt 0.375 0.70785046
vt 0.31479773 0.5
vt 0.375 0.51909226
vt 0.5079381 0.5
vt 0.65967745 0.87500006
vt 0.34032255 0.87500006
vt 0.375 0.70785046
vt 0.3825879 0.70785046
vt 0.6452466 0.805442
vt 0.50793797 0.5
vt 0.375 0.43979773
vt 0.375 0.375
vt 0.625 0.375
vt 0.50794536 0.5
vt 0.625 0.47465825
vt 0.4997386 0.5
vt 0.375 0.41983762
vt 0.375 0.375
vt 0.625 0.375
vt 0.5882475 0.5
vt 0.625 0.47567043
vt 0.625 0.875
vt 0.375 0.875
vt 0.375 0.8200511
vt 0.40578732 0.75
vt 0.57668734 0.75
vt 0.625 0.863235
vt 0.375 0.70785046
vt 0.25 0.70785046
vt 0.25 0.5
vt 0.3147977 0.5
vt 0.375 0.51909226
vt 0.65034175 0.5
vt 0.75 0.70785046
vt 0.75 0.5
vt 0.6979821 0.70785046
vt 0.3825879 0.70785046
vt 0.5079454 0.5
vt 0.375 0.51909226
vt 0.375 0.70785046
vt 0.5079381 0.5
vt 1 0.6714647
vt 0.9375 0.75
vt 1 0.75
vt 0.9375 0.6714647
vt 0.875 0.75
vt 0.93917006 0.582647
vt 0.99832994 0.5826471
vt 0.875 0.6714647
vt 0.8125 0.75
vt 0.87667006 0.5826471
vt 0.93582994 0.582647
vt 0.8125 0.6714647
vt 0.75 0.75
vt 0.81417006 0.5826471
vt 0.87332994 0.5826471
vt 0.75 0.6714647
vt 0.6875 0.75
vt 0.75167 0.5826471
vt 0.81082994 0.5826471
vt 0.6875 0.6714647
vt 0.625 0.75
vt 0.68917006 0.5826471
vt 0.74832994 0.5826471
vt 0.625 0.6714647
vt 0.5625 0.75
vt 0.62667006 0.582647
vt 0.68582994 0.5826471
vt 0.5625 0.6714647
vt 0.5 0.75
vt 0.56417006 0.5826471
vt 0.62332994 0.582647
vt 0.5 0.6714647
vt 0.4375 0.75
vt 0.50167006 0.5826471
vt 0.56083 0.5826471
vt 0.4375 0.6714647
vt 0.375 0.75
vt 0.43917 0.582647
vt 0.49832994 0.5826471
vt 0.375 0.6714647
vt 0.3125 0.75
vt 0.37667006 0.5826469
vt 0.43582994 0.582647
vt 0.3125 0.67146474
vt 0.25 0.75
vt 0.3141701 0.5826471
vt 0.37332994 0.58264697
vt 0.25 0.6714647
vt 0.1875 0.75
vt 0.25167003 0.5826471
vt 0.31083 0.5826471
vt 0.1875 0.6714647
vt 0.125 0.75
vt 0.18917005 0.5826471
vt 0.24832995 0.5826471
vt 0.125 0.6714647
vt 0.0625 0.75
vt 0.12667005 0.5826471
vt 0.18582997 0.5826471
vt 0.0625 0.6714647
vt 0 0.75
vt 0 0.6714647
vt 0.0016700386 0.582647
vt 0.060829952 0.582647
vt 0.06417005 0.582647
vt 0.12332998 0.5826471
vt 0.8794707 0.37947088
vt 0.9191618 0.3200691
vt 0.9191618 0.3200691
vt 0.8794707 0.37947088
vt 0.82006913 0.41916192
vt 0.8200692 0.41916192
vt 0.75000006 0.43309945
vt 0.75000006 0.43309945
vt 0.6799309 0.41916192
vt 0.6799309 0.41916192
vt 0.6205291 0.37947085
vt 0.6205291 0.37947085
vt 0.5808381 0.3200691
vt 0.5808381 0.3200691
vt 0.56690055 0.25
vt 0.56690055 0.25
vt 0.5808381 0.1799309
vt 0.5808381 0.1799309
vt 0.6205291 0.12052907
vt 0.6205291 0.12052907
vt 0.6799308 0.08083815
vt 0.6799308 0.08083815
vt 0.74999994 0.06690051
vt 0.74999994 0.06690051
vt 0.8200692 0.08083815
vt 0.8200692 0.08083815
vt 0.87947077 0.12052908
vt 0.87947077 0.12052908
vt 0.91916174 0.17993088
vt 0.91916174 0.17993088
vt 0.93309945 0.25
vt 0.9330994 0.25
vt 0.9191618 0.3200691
vt 0.9191618 0.3200691
vt 0.6207856 0.12078558
vt 0.6800697 0.08117329
vt 0.75 0.067263275
vt 0.8199303 0.081173286
vt 0.8792143 0.12078561
vt 0.91882664 0.18006968
vt 0.9327367 0.25
vt 0.58117324 0.18006971
vt 0.9188267 0.3199303
vt 0.8794707 0.37947088
vt 0.5672633 0.25000003
vt 0.87921417 0.3792144
vt 0.8200692 0.41916192
vt 0.58117324 0.3199303
vt 0.8199303 0.41882676
vt 0.75000006 0.43309945
vt 0.6207856 0.37921435
vt 0.75000006 0.4327367
vt 0.6800698 0.41882676
vt 0.88909674 0.3076157
vt 0.8564598 0.35645998
vt 0.80761564 0.38909674
vt 0.7500002 0.40055716
vt 0.69238424 0.38909668
vt 0.64354014 0.35646
vt 0.6109032 0.30761576
vt 0.5994428 0.25000003
vt 0.61090326 0.19238433
vt 0.90055704 0.24999993
vt 0.64353997 0.14353994
vt 0.88909674 0.1923843
vt 0.69238436 0.11090325
vt 0.85646 0.14353997
vt 0.7499999 0.09944275
vt 0.80761576 0.11090326
vt 0.7524541 0.48951185
vt 0.8250861 0.43127388
vt 0.83938986 0.47221923
vt 0.75000006 0.44620937
vt 0.82006913 0.41916192
vt 0.8794707 0.37947088
vt 0.75000006 0.43309945
vt 0.8887409 0.38874102
vt 0.8439246 0.47034088
vt 0.9176251 0.4210958
vt 0.9191618 0.3200691
vt 0.93127376 0.32508606
vt 0.9210958 0.41762513
vt 0.97034085 0.3439245
vt 0.93309945 0.25
vt 0.94620943 0.25
vt 0.97221917 0.33938983
vt 0.98951185 0.25245416
vt 0.91916174 0.17993088
vt 0.9312738 0.17491391
vt 0.98951185 0.2475459
vt 0.9722192 0.16061012
vt 0.87947077 0.12052908
vt 0.8887409 0.111258954
vt 0.9703409 0.15607545
vt 0.9210958 0.08237491
vt 0.8200692 0.08083815
vt 0.8250861 0.06872614
vt 0.9176251 0.07890422
vt 0.8439246 0.029659085
vt 0.74999994 0.06690051
vt 0.75 0.053790566
vt 0.83938986 0.02778076
vt 0.75245416 0.010488163
vt 0.6799308 0.08083815
vt 0.6749139 0.068726145
vt 0.7475459 0.010488164
vt 0.66061014 0.027780756
vt 0.6205291 0.12052907
vt 0.611259 0.11125897
vt 0.6560755 0.029659081
vt 0.5823749 0.07890423
vt 0.5808381 0.1799309
vt 0.56872606 0.17491394
vt 0.5789042 0.082374915
vt 0.5296591 0.15607545
vt 0.56690055 0.25
vt 0.5537906 0.25
vt 0.5277808 0.1606101
vt 0.51048815 0.24754587
vt 0.5808381 0.3200691
vt 0.5687261 0.32508606
vt 0.51048815 0.25245413
vt 0.5277808 0.33938986
vt 0.6205291 0.37947085
vt 0.611259 0.38874102
vt 0.5296591 0.34392458
vt 0.5789042 0.4176251
vt 0.6799309 0.41916192
vt 0.67491394 0.43127388
vt 0.5823749 0.4210958
vt 0.6560754 0.47034088
vt 0.6606101 0.47221923
vt 0.74754584 0.48951185
vt 1 0.6714647
vt 1 0.75
vt 0.9375 0.75
vt 0.9375 0.6714647
vt 0.875 0.75
vt 0.875 0.6714647
vt 0.8125 0.75
vt 0.8125 0.6714647
vt 0.75 0.75
vt 0.93127376 0.32508606
vt 0.8887409 0.38874102
vt 0.94620943 0.25
vt 0.75 0.6714647
vt 0.6875 0.75
vt 0.9312738 0.17491391
vt 0.6875 0.6714647
vt 0.625 0.75
vt 0.8887409 0.111258954
vt 0.625 0.6714647
vt 0.5625 0.75
vt 0.8250861 0.06872614
vt 0.5625 0.6714647
vt 0.5 0.75
vt 0.75 0.053790566
vt 0.5 0.6714647
vt 0.4375 0.75
vt 0.6749139 0.068726145
vt 0.4375 0.6714647
vt 0.375 0.75
vt 0.611259 0.11125897
vt 0.375 0.6714647
vt 0.3125 0.75
vt 0.56872606 0.17491394
vt 0.3125 0.67146474
vt 0.5537906 0.25
vt 0.25 0.75
vt 0.25 0.6714647
vt 0.1875 0.75
vt 0.1875 0.6714647
vt 0.125 0.75
vt 0.125 0.6714647
vt 0.0625 0.75
vt 0.0625 0.6714647
vt 0 0.75
vt 0 0.6714647
vt 0.9375 0.6714647
vt 0.875 0.6714647
vt 0.8887409 0.38874102
vt 0.8250861 0.43127388
vt 1 0.6714647
vt 0.75000006 0.44620937
vt 0.8794707 0.37947088
vt 0.82006913 0.41916192
vt 0.9191618 0.3200691
vt 0.93127376 0.32508606
vt 0.93309945 0.25
vt 0.94620943 0.25
vt 0.91916174 0.17993088
vt 0.9312738 0.17491391
vt 0.87947077 0.12052908
vt 0.8887409 0.111258954
vt 0.8200692 0.08083815
vt 0.8250861 0.06872614
vt 0.74999994 0.06690051
vt 0.75 0.053790566
vt 0.6799308 0.08083815
vt 0.6749139 0.068726145
vt 0.6205291 0.12052907
vt 0.611259 0.11125897
vt 0.5808381 0.1799309
vt 0.56872606 0.17491394
vt 0.56690055 0.25
vt 0.5537906 0.25
vt 0.88909674 0.1923843
vt 0.85646 0.14353997
vt 0.80761576 0.11090326
vt 0.7499999 0.09944275
vt 0.69238436 0.11090325
vt 0.64353997 0.14353994
vt 0.90055704 0.24999993
vt 0.61090326 0.19238433
vt 0.88909674 0.3076157
vt 0.5994428 0.25000003
vt 0.8564598 0.35645998
vt 0.5808381 0.3200691
vt 0.80761564 0.38909674
vt 0.6109032 0.30761576
vt 0.5687261 0.32508606
vt 0.25 0.6714647
vt 0.1875 0.6714647
vt 0.6205291 0.37947085
vt 0.611259 0.38874102
vt 0.125 0.6714647
vt 0.64354014 0.35646
vt 0.75000006 0.43309945
vt 0.67491394 0.43127388
vt 0.0625 0.6714647
vt 0 0.6714647
vt 0.6799309 0.41916192
vt 0.7500002 0.40055716
vt 0.69238424 0.38909668
vt 0.375 0.74000126
vt 0.375 0.5903299
vt 0.3286755 0.52247924
vt 0.29483765 0.5
vt 0.25 0.5
vt 0.304949 0.75
vt 0.25 0.75
vt 0.30494896 0.75
vt 0.25 0.75
vt 0.25 0.5
vt 0.29483765 0.5
vt 0.375 0.74000126
vt 0.375 0.59032977
vt 0.3286755 0.5224792
vt 1 0.6714647
vt 1 0.75
vt 0.9375 0.75
vt 0.9375 0.6714647
vt 0.875 0.75
vt 0.93917006 0.582647
vt 0.99832994 0.5826471
vt 0.875 0.6714647
vt 0.8125 0.75
vt 0.87667006 0.5826471
vt 0.93582994 0.582647
vt 0.8125 0.6714647
vt 0.75 0.75
vt 0.81417006 0.5826471
vt 0.87332994 0.5826471
vt 0.75 0.6714647
vt 0.6875 0.75
vt 0.75167 0.5826471
vt 0.81082994 0.5826471
vt 0.6875 0.6714647
vt 0.625 0.75
vt 0.68917006 0.5826471
vt 0.74832994 0.5826471
vt 0.625 0.6714647
vt 0.5625 0.75
vt 0.62667006 0.582647
vt 0.68582994 0.5826471
vt 0.5625 0.6714647
vt 0.5 0.75
vt 0.56417006 0.5826471
vt 0.62332994 0.582647
vt 0.5 0.6714647
vt 0.4375 0.75
vt 0.50167006 0.5826471
vt 0.56083 0.5826471
vt 0.4375 0.6714647
vt 0.375 0.75
vt 0.43917 0.582647
vt 0.49832994 0.5826471
vt 0.375 0.6714647
vt 0.3125 0.75
vt 0.37667006 0.5826469
vt 0.43582994 0.582647
vt 0.3125 0.67146474
vt 0.25 0.75
vt 0.3141701 0.5826471
vt 0.37332994 0.58264697
vt 0.25 0.6714647
vt 0.1875 0.75
vt 0.25167003 0.5826471
vt 0.31083 0.5826471
vt 0.1875 0.6714647
vt 0.125 0.75
vt 0.18917005 0.5826471
vt 0.24832995 0.5826471
vt 0.125 0.6714647
vt 0.0625 0.75
vt 0.12667005 0.5826471
vt 0.18582997 0.5826471
vt 0.0625 0.6714647
vt 0 0.75
vt 0 0.6714647
vt 0.0016700386 0.582647
vt 0.060829952 0.582647
vt 0.06417005 0.582647
vt 0.12332998 0.5826471
vt 0.8794707 0.37947088
vt 0.9191618 0.3200691
vt 0.9191618 0.3200691
vt 0.8794707 0.37947088
vt 0.82006913 0.41916192
vt 0.8200692 0.41916192
vt 0.75000006 0.43309945
vt 0.75000006 0.43309945
vt 0.6799309 0.41916192
vt 0.6799309 0.41916192
vt 0.6205291 0.37947085
vt 0.6205291 0.37947085
vt 0.5808381 0.3200691
vt 0.5808381 0.3200691
vt 0.56690055 0.25
vt 0.56690055 0.25
vt 0.5808381 0.1799309
vt 0.5808381 0.1799309
vt 0.6205291 0.12052907
vt 0.6205291 0.12052907
vt 0.6799308 0.08083815
vt 0.6799308 0.08083815
vt 0.74999994 0.06690051
vt 0.74999994 0.06690051
vt 0.8200692 0.08083815
vt 0.8200692 0.08083815
vt 0.87947077 0.12052908
vt 0.87947077 0.12052908
vt 0.91916174 0.17993088
vt 0.91916174 0.17993088
vt 0.93309945 0.25
vt 0.9330994 0.25
vt 0.9191618 0.3200691
vt 0.9191618 0.3200691
vt 0.6207856 0.12078558
vt 0.6800697 0.08117329
vt 0.75 0.067263275
vt 0.8199303 0.081173286
vt 0.8792143 0.12078561
vt 0.91882664 0.18006968
vt 0.9327367 0.25
vt 0.58117324 0.18006971
vt 0.9188267 0.3199303
vt 0.8794707 0.37947088
vt 0.5672633 0.25000003
vt 0.87921417 0.3792144
vt 0.8200692 0.41916192
vt 0.58117324 0.3199303
vt 0.8199303 0.41882676
vt 0.75000006 0.43309945
vt 0.6207856 0.37921435
vt 0.75000006 0.4327367
vt 0.6800698 0.41882676
vt 0.88909674 0.3076157
vt 0.8564598 0.35645998
vt 0.80761564 0.38909674
vt 0.7500002 0.40055716
vt 0.69238424 0.38909668
vt 0.64354014 0.35646
vt 0.6109032 0.30761576
vt 0.5994428 0.25000003
vt 0.61090326 0.19238433
vt 0.90055704 0.24999993
vt 0.64353997 0.14353994
vt 0.88909674 0.1923843
vt 0.69238436 0.11090325
vt 0.85646 0.14353997
vt 0.7499999 0.09944275
vt 0.80761576 0.11090326
vt 0.7524541 0.48951185
vt 0.83938986 0.47221923
vt 0.8250861 0.43127388
vt 0.75000006 0.44620937
vt 0.82006913 0.41916192
vt 0.8794707 0.37947088
vt 0.75000006 0.43309945
vt 0.8887409 0.38874102
vt 0.8439246 0.47034088
vt 0.9176251 0.4210958
vt 0.9191618 0.3200691
vt 0.93127376 0.32508606
vt 0.9210958 0.41762513
vt 0.97034085 0.3439245
vt 0.93309945 0.25
vt 0.94620943 0.25
vt 0.97221917 0.33938983
vt 0.98951185 0.25245416
vt 0.91916174 0.17993088
vt 0.9312738 0.17491391
vt 0.98951185 0.2475459
vt 0.9722192 0.16061012
vt 0.87947077 0.12052908
vt 0.8887409 0.111258954
vt 0.9703409 0.15607545
vt 0.9210958 0.08237491
vt 0.8200692 0.08083815
vt 0.8250861 0.06872614
vt 0.9176251 0.07890422
vt 0.8439246 0.029659085
vt 0.74999994 0.06690051
vt 0.75 0.053790566
vt 0.83938986 0.02778076
vt 0.75245416 0.010488163
vt 0.6799308 0.08083815
vt 0.6749139 0.068726145
vt 0.7475459 0.010488164
vt 0.66061014 0.027780756
vt 0.6205291 0.12052907
vt 0.611259 0.11125897
vt 0.6560755 0.029659081
vt 0.5823749 0.07890423
vt 0.5808381 0.1799309
vt 0.56872606 0.17491394
vt 0.5789042 0.082374915
vt 0.5296591 0.15607545
vt 0.56690055 0.25
vt 0.5537906 0.25
vt 0.5277808 0.1606101
vt 0.51048815 0.24754587
vt 0.5808381 0.3200691
vt 0.5687261 0.32508606
vt 0.51048815 0.25245413
vt 0.5277808 0.33938986
vt 0.6205291 0.37947085
vt 0.611259 0.38874102
vt 0.5296591 0.34392458
vt 0.5789042 0.4176251
vt 0.6799309 0.41916192
vt 0.67491394 0.43127388
vt 0.5823749 0.4210958
vt 0.6560754 0.47034088
vt 0.6606101 0.47221923
vt 0.74754584 0.48951185
vt 1 0.6714647
vt 0.9375 0.75
vt 1 0.75
vt 0.9375 0.6714647
vt 0.875 0.75
vt 0.875 0.6714647
vt 0.8125 0.75
vt 0.8125 0.6714647
vt 0.75 0.75
vt 0.93127376 0.32508606
vt 0.8887409 0.38874102
vt 0.94620943 0.25
vt 0.75 0.6714647
vt 0.6875 0.75
vt 0.9312738 0.17491391
vt 0.6875 0.6714647
vt 0.625 0.75
vt 0.8887409 0.111258954
vt 0.625 0.6714647
vt 0.5625 0.75
vt 0.8250861 0.06872614
vt 0.5625 0.6714647
vt 0.5 0.75
vt 0.75 0.053790566
vt 0.5 0.6714647
vt 0.4375 0.75
vt 0.6749139 0.068726145
vt 0.4375 0.6714647
vt 0.375 0.75
vt 0.611259 0.11125897
vt 0.375 0.6714647
vt 0.3125 0.75
vt 0.56872606 0.17491394
vt 0.3125 0.67146474
vt 0.5537906 0.25
vt 0.25 0.75
vt 0.25 0.6714647
vt 0.1875 0.75
vt 0.1875 0.6714647
vt 0.125 0.75
vt 0.125 0.6714647
vt 0.0625 0.75
vt 0.0625 0.6714647
vt 0 0.75
vt 0 0.6714647
vt 0.9375 0.6714647
vt 0.8887409 0.38874102
vt 0.875 0.6714647
vt 0.8250861 0.43127388
vt 1 0.6714647
vt 0.75000006 0.44620937
vt 0.8794707 0.37947088
vt 0.82006913 0.41916192
vt 0.9191618 0.3200691
vt 0.93127376 0.32508606
vt 0.93309945 0.25
vt 0.94620943 0.25
vt 0.91916174 0.17993088
vt 0.9312738 0.17491391
vt 0.87947077 0.12052908
vt 0.8887409 0.111258954
vt 0.8200692 0.08083815
vt 0.8250861 0.06872614
vt 0.74999994 0.06690051
vt 0.75 0.053790566
vt 0.6799308 0.08083815
vt 0.6749139 0.068726145
vt 0.6205291 0.12052907
vt 0.611259 0.11125897
vt 0.5808381 0.1799309
vt 0.56872606 0.17491394
vt 0.56690055 0.25
vt 0.5537906 0.25
vt 0.85646 0.14353997
vt 0.80761576 0.11090326
vt 0.7499999 0.09944275
vt 0.69238436 0.11090325
vt 0.88909674 0.1923843
vt 0.64353997 0.14353994
vt 0.90055704 0.24999993
vt 0.61090326 0.19238433
vt 0.88909674 0.3076157
vt 0.5994428 0.25000003
vt 0.8564598 0.35645998
vt 0.6109032 0.30761576
vt 0.80761564 0.38909674
vt 0.5808381 0.3200691
vt 0.75000006 0.43309945
vt 0.64354014 0.35646
vt 0.5687261 0.32508606
vt 0.25 0.6714647
vt 0.1875 0.6714647
vt 0.6205291 0.37947085
vt 0.611259 0.38874102
vt 0.125 0.6714647
vt 0.7500002 0.40055716
vt 0.69238424 0.38909668
vt 0.6799309 0.41916192
vt 0.67491394 0.43127388
vt 0.0625 0.6714647
vt 0 0.6714647
vt 1 0.5
vt 0.9166667 1
vt 1 1
vt 0.9166667 0.5
vt 0.8333334 1
vt 0.8333334 0.5
vt 0.75000006 1
vt 0.75000006 0.5
vt 0.66666675 1
vt 0.66666675 0.5
vt 0.58333343 1
vt 0.58333343 0.5
vt 0.5000001 1
vt 0.5000001 0.5
vt 0.41666678 1
vt 0.41666678 0.5
vt 0.33333343 1
vt 0.33333343 0.5
vt 0.2500001 1
vt 0.2500001 0.5
vt 0.16666675 1
vt 0.16666675 0.5
vt 0.08333341 1
vt 0.08333341 0.5
vt 7.4505806E-08 1
vt 7.4505806E-08 0.5
vt 0.37 0.04215391
vt 0.25 0.010000005
vt 0.13 0.04215391
vt 0.4578461 0.13
vt 0.04215391 0.13
vt 0.49 0.25
vt 0.010000005 0.25
vt 0.4578461 0.37
vt 0.04215391 0.37
vt 0.37 0.4578461
vt 0.13 0.4578461
vt 0.25 0.49
vt 0.63 0.04215391
vt 0.75 0.010000005
vt 0.87 0.04215391
vt 0.5421539 0.13
vt 0.9578461 0.13
vt 0.51 0.25
vt 0.99 0.25
vt 0.5421539 0.37
vt 0.9578461 0.37
vt 0.63 0.4578461
vt 0.87 0.4578461
vt 0.75 0.49
vt 0.33333343 1.1637661
vt 0.74999994 1.1637661
vt 0.66666675 1.1637663
vt 0.2500001 1.1637661
vt 0.2500001 1.1637661
vt 0.83333343 1.1637664
vt 0.74999994 1.1637661
vt 0.16666675 1.1637661
vt 0.63 0.04215391
vt 0.75 0.010000005
vt 0.87 0.04215391
vt 0.5421539 0.13
vt 0.9578461 0.13
vt 0.51 0.25
vt 0.99 0.25
vt 0.5421539 0.37
vt 0.9578461 0.37
vt 0.63 0.4578461
vt 0.87 0.4578461
vt 0.75 0.49
vt 0.9954492 0.74036497
vt 0.91666657 1.1863514
vt 0.963246 1.1863513
vt 0.9166666 0.740365
vt 0.8333334 1.1863514
vt 0.8333334 0.740365
vt 0.75 1.1863515
vt 0.75000006 0.740365
vt 0.66666675 1.1863515
vt 0.66666675 0.740365
vt 0.58333343 1.1863514
vt 0.5833335 0.740365
vt 0.5000001 1.1863515
vt 0.5000001 0.7403651
vt 0.41666678 1.1863513
vt 0.4166668 0.740365
vt 0.33333343 1.1863513
vt 0.33333343 0.74036515
vt 0.25000006 1.1863515
vt 0.2500001 0.740365
vt 0.16666675 1.1863514
vt 0.16666675 0.740365
vt 0.08333338 1.1863515
vt 0.08333342 0.74036515
vt 0.036753967 1.1863515
vt 0.004550889 0.7403651
vt 0.26955462 0.21613115
vt 0.25000048 0.21089157
vt 0.23044622 0.21613115
vt 0.2838693 0.2304458
vt 0.21613161 0.23044583
vt 0.2891088 0.25000003
vt 0.21089207 0.24999997
vt 0.2838693 0.26955423
vt 0.2161316 0.2695542
vt 0.26955464 0.2838689
vt 0.23044625 0.28386888
vt 0.25000045 0.2891084
vt 1 0.5
vt 0.9166667 1
vt 1 1
vt 0.9166667 0.5
vt 0.8333334 1
vt 0.8333334 0.5
vt 0.75000006 1
vt 0.75000006 0.5
vt 0.66666675 1
vt 0.66666675 0.5
vt 0.58333343 1
vt 0.58333343 0.5
vt 0.5000001 1
vt 0.5000001 0.5
vt 0.41666678 1
vt 0.41666678 0.5
vt 0.33333343 1
vt 0.33333343 0.5
vt 0.2500001 1
vt 0.2500001 0.5
vt 0.16666675 1
vt 0.16666675 0.5
vt 0.08333341 1
vt 0.08333341 0.5
vt 7.4505806E-08 1
vt 7.4505806E-08 0.5
vt 0.37 0.04215391
vt 0.25 0.010000005
vt 0.13 0.04215391
vt 0.4578461 0.13
vt 0.04215391 0.13
vt 0.49 0.25
vt 0.010000005 0.25
vt 0.4578461 0.37
vt 0.04215391 0.37
vt 0.37 0.4578461
vt 0.13 0.4578461
vt 0.25 0.49
vt 0.63 0.04215391
vt 0.75 0.010000005
vt 0.87 0.04215391
vt 0.5421539 0.13
vt 0.9578461 0.13
vt 0.51 0.25
vt 0.99 0.25
vt 0.5421539 0.37
vt 0.9578461 0.37
vt 0.63 0.4578461
vt 0.87 0.4578461
vt 0.75 0.49
vt 0.08333341 0.5
vt 7.4505806E-08 0.5
vt 0.018468967 1.1044896
vt 0.0833334 1.1044898
vt 0.020280033 1.163766
vt 0.16666675 0.5
vt 0.08333339 1.1637661
vt 0.16666675 1.1044896
vt 0.2500001 0.5
vt 0.16666675 1.1637661
vt 0.25000012 1.1044898
vt 0.33333343 0.5
vt 0.2500001 1.1637661
vt 0.33333343 1.1044898
vt 0.33333343 1.1637664
vt 0.41666678 0.5
vt 0.4166668 1.1044897
vt 0.33333343 1.1637661
vt 0.41666678 1.163766
vt 0.5000001 0.5
vt 0.5000001 1.1044896
vt 0.41666678 1.1637661
vt 0.58333343 0.5
vt 0.5000001 1.163766
vt 0.58333343 1.1044898
vt 0.58333343 1.1637661
vt 0.66666675 0.5
vt 0.66666675 1.1044897
vt 0.58333343 1.1637663
vt 0.66666675 1.1637661
vt 0.75000006 0.5
vt 0.75 1.1044897
vt 0.66666675 1.1637663
vt 0.75 1.1637661
vt 0.8333334 0.5
vt 0.8333334 1.10449
vt 0.74999994 1.1637661
vt 0.83333343 1.1637665
vt 0.9166667 0.5
vt 0.9166668 1.10449
vt 1 0.5
vt 0.83333343 1.1637664
vt 0.91666675 1.1637664
vt 0.981531 1.1044896
vt 0.9166668 1.1637665
vt 0.97972 1.1637661
vt 0.3913135 0.48368654
vt 0.3913135 0.7663135
vt 0.625 0.75
vt 0.625 0.5
vt 0.3376938 0.24999993
vt 0.3913135 0.48368654
vt 0.625 0.5
vt 0.625 0.25
vt 0.625 0.5
vt 0.625 0.75
vt 0.875 0.75
vt 0.875 0.5
vt 0.3913135 0.7663135
vt 0.33769387 1.0316342
vt 0.625 1
vt 0.625 0.75
vt 0.3376938 -0.031634185
vt 0.3376938 0.24999993
vt 0.625 0.25
vt 0.625 0
vt 0.10868649 0.4836865
vt 0.1086865 0.76631343
vt 0.3913135 0.7663135
vt 0.3913135 0.48368654
vt 0.33769384 -0.031634267
vt 0.33769387 0.25
vt 0.625 0.25
vt 0.625 0
vt 0.33769387 0.25
vt 0.39131352 0.4836864
vt 0.625 0.5
vt 0.625 0.25
vt 0.3913135 0.76631325
vt 0.33769384 1.0316342
vt 0.625 1
vt 0.625 0.75
vt 0.39131352 0.4836864
vt 0.3913135 0.76631325
vt 0.625 0.75
vt 0.625 0.5
vt 0.10868652 0.48368636
vt 0.10868651 0.76631325
vt 0.3913135 0.76631325
vt 0.39131352 0.4836864
vt 0.10868652 0.48368636
vt 0.10868651 0.76631325
vt 0.3913135 0.76631325
vt 0.39131352 0.4836864
vt 0.33769387 0.25
vt 0.39131352 0.4836864
vt 0.625 0.5
vt 0.625 0.25
vt 0.33769384 -0.031634267
vt 0.33769387 0.25
vt 0.625 0.25
vt 0.625 0
vt 0.3913135 0.76631325
vt 0.33769384 1.0316342
vt 0.625 1
vt 0.625 0.75
vt 0.625 0.5
vt 0.625 0.75
vt 0.875 0.75
vt 0.875 0.5
vt 0.39131352 0.4836864
vt 0.3913135 0.76631325
vt 0.625 0.75
vt 0.625 0.5
vt 0.33769387 -0.03163429
vt 0.33769387 0.25
vt 0.625 0.25
vt 0.625 0
vt 0.33769387 0.25
vt 0.39131352 0.48368612
vt 0.625 0.5
vt 0.625 0.25
vt 0.39131352 0.48368612
vt 0.3913135 0.76631343
vt 0.625 0.75
vt 0.625 0.5
vt 0.3913135 0.76631343
vt 0.3376938 1.031634
vt 0.625 1
vt 0.625 0.75
vt 0.108686514 0.48368615
vt 0.1086865 0.76631343
vt 0.3913135 0.76631343
vt 0.39131352 0.48368612
vt 0.625 0.5
vt 0.625 0.75
vt 0.875 0.75
vt 0.875 0.5
vt 0.3913135 0.7663134
vt 0.33769387 1.0316341
vt 0.625 1
vt 0.625 0.75
vt 0.10868649 0.4836865
vt 0.10868651 0.7663134
vt 0.3913135 0.7663134
vt 0.3913135 0.48368654
vt 0.3913135 0.76631343
vt 0.33769384 1.0316341
vt 0.625 1
vt 0.625 0.75
vt 0.33769384 0.24999996
vt 0.3913135 0.48368654
vt 0.625 0.5
vt 0.625 0.25
vt 0.3913135 0.48368654
vt 0.3913135 0.7663134
vt 0.625 0.75
vt 0.625 0.5
vt 0.625 0.5
vt 0.625 0.75
vt 0.875 0.75
vt 0.875 0.5
vt 0.33769387 -0.03163421
vt 0.33769384 0.24999996
vt 0.625 0.25
vt 0.625 0
vt 0.625 0.5
vt 0.625 0.75
vt 0.875 0.75
vt 0.875 0.5
vt 0.33769387 0.24999999
vt 0.39131346 0.48368645
vt 0.625 0.5
vt 0.625 0.25
vt 0.1086865 0.48368645
vt 0.108686514 0.7663135
vt 0.3913135 0.76631343
vt 0.39131346 0.48368645
vt 0.39131346 0.48368645
vt 0.3913135 0.76631343
vt 0.625 0.75
vt 0.625 0.5
vt 0.33769387 -0.031634107
vt 0.33769387 0.24999999
vt 0.625 0.25
vt 0.625 0
vt 0.3913135 0.7663135
vt 0.3376939 1.0316341
vt 0.625 1
vt 0.625 0.75
vt 0.625 0.5
vt 0.625 0.75
vt 0.875 0.75
vt 0.875 0.5
vt 0.3376938 0.24999996
vt 0.39131352 0.48368657
vt 0.625 0.5
vt 0.625 0.25
vt 0.108686514 0.48368657
vt 0.1086865 0.76631343
vt 0.3913135 0.7663135
vt 0.39131352 0.48368657
vt 0.39131352 0.48368657
vt 0.3913135 0.7663135
vt 0.625 0.75
vt 0.625 0.5
vt 0.33769387 -0.03163414
vt 0.3376938 0.24999996
vt 0.625 0.25
vt 0.625 0
vt 0.3913135 0.7663134
vt 0.3376939 1.0316342
vt 0.625 1
vt 0.625 0.75
vt 0.625 0.5
vt 0.625 0.75
vt 0.875 0.75
vt 0.875 0.5
vt 0.3376938 0.24999994
vt 0.39131346 0.48368642
vt 0.625 0.5
vt 0.625 0.25
vt 0.1086865 0.48368645
vt 0.10868651 0.7663134
vt 0.3913135 0.7663134
vt 0.39131346 0.48368642
vt 0.39131346 0.48368642
vt 0.3913135 0.7663134
vt 0.625 0.75
vt 0.625 0.5
vt 0.3376939 -0.031634208
vt 0.3376938 0.24999994
vt 0.625 0.25
vt 0.625 0
vt 0.625 0.5
vt 0.625 0.75
vt 0.875 0.75
vt 0.875 0.5
vt 0.6901192 0.35371664
vt 0.62250817 0.47082224
vt 0.5291778 0.37749177
vt 0.6462835 0.30988082
vt 0.49501652 0.25
vt 0.75 0.36976162
vt 0.7500001 0.5049836
vt 0.8098807 0.35371667
vt 0.87749183 0.47082227
vt 0.8537165 0.3098807
vt 0.97082245 0.37749177
vt 0.8697616 0.24999993
vt 1.0049838 0.25000006
vt 0.6302384 0.24999999
vt 0.5291778 0.1225082
vt 0.85371655 0.19011922
vt 0.97082233 0.12250823
vt 0.64628345 0.19011918
vt 0.62250817 0.029177744
vt 0.8098809 0.14628342
vt 0.8774919 0.029177763
vt 0.6901192 0.14628339
vt 0.75000006 -0.004983579
vt 0.75000006 0.1302384
vn -0.40343913 0.33789766 -0.8503305
vn -0.12056931 0.085282736 -0.9890349
vn -0.11953178 0.08436268 -0.9892397
vn 0.73198044 -0.32014194 -0.6014264
vn 0.22386613 -0.8188298 -0.5285847
vn 0.6028694 -0.78733945 -0.12901612
vn -0 -1 0
vn -0 -1 0
vn -0 -1 0
vn -0 -1 0
vn -0 -1 0
vn -0 -1 0
vn -0 -1 0
vn -0 -1 0
vn -0 -1 0
vn -0 -1 0
vn -0 -1 0
vn -0 -1 0
vn -0 -1 0
vn -0 -1 0
vn -0 -1 0
vn -0 -1 0
vn -0 -1 0
vn -0 -1 0
vn -0.40327442 -0.07010269 0.91238993
vn -0 -0.021357259 0.9997719
vn -0 -0.021357259 0.9997719
vn -0.35544166 -0.064528465 0.9324684
vn -0.91861635 -0.12330871 0.3754183
vn -0.9133633 -0.12292134 0.38814658
vn -0.99221635 -0.12452599 0
vn -0.99221635 -0.12452599 0
vn -0.99221635 -0.12452599 0
vn -0 -1 0
vn -0 -1 0
vn -0 -1 0
vn -0 -1 0
vn -0 -1 0
vn -0 1 0
vn -0 1 0
vn -0 1 0
vn -0 1 0
vn -0 1 0
vn -0 1 0
vn -0.4087939 -0.20454422 0.8894094
vn -0 -0.105226755 0.9944483
vn -0 -0.10522675 0.9944483
vn -0.32131565 -0.18507142 0.9287114
vn -0.88519186 -0.27855483 0.37261587
vn -0.8837986 -0.2785289 0.3759278
vn -0.6028694 -0.7873395 -0.12901606
vn -0.73198044 -0.3201419 -0.6014264
vn -0.22386616 -0.8188298 -0.52858466
vn -0.75625116 -0.1864862 -0.6271419
vn -0.900538 0.07828323 -0.42767155
vn -0.9653948 -0.26079288 0
vn -0.6218136 0.47612548 -0.6218137
vn -0.49938312 0.15212137 -0.8529218
vn -0.3998387 0.10551975 -0.91049147
vn -0.900538 0.07828323 -0.42767155
vn -0.75625116 -0.1864862 -0.6271419
vn -0 1 0
vn -0 1 0
vn -0 1 0
vn -0 1 0
vn -0 1 0
vn -0 1 0
vn 0.22386613 -0.8188298 -0.5285847
vn -0 -1 0
vn -0 -1 0
vn 0.6028694 -0.78733945 -0.12901612
vn -0 -1 0
vn -0 -1 0
vn 0.73198044 -0.32014194 -0.6014264
vn 0.8837985 -0.27852887 0.37592784
vn 0.88519186 -0.27855486 0.3726159
vn 0.75625116 -0.18648618 -0.6271419
vn 0.40879387 -0.20454423 0.8894095
vn 0.3213156 -0.18507144 0.9287114
vn -0 -0.10522675 0.9944483
vn -0 -0.105226755 0.9944483
vn 0.900538 0.07828316 -0.42767155
vn 0.9653948 -0.26079285 0
vn 0.49938312 0.15212129 -0.8529218
vn 0.39983866 0.1055197 -0.91049147
vn 0.6218136 0.4761254 -0.62181383
vn -0 -0.021357259 -0.9997719
vn -0 -0.021357259 -0.9997719
vn -0 -0.021357259 -0.9997719
vn 0.11953174 0.08436262 -0.9892397
vn 0.120569274 0.08528269 -0.9890349
vn 0.40343907 0.33789757 -0.85033065
vn -0 -1 0
vn -0 -1 0
vn -0 -1 0
vn -0 -1 0
vn -0 -1 0
vn -0 1 0
vn -0 1 0
vn -0 1 0
vn -0 1 0
vn -0 1 0
vn -0 1 0
vn -0 1 0
vn -0 1 0
vn -0 1 0
vn -0 1 0
vn -0 1 0
vn -0 1 0
vn -0 -1 0
vn -0 -1 0
vn -0.22386616 -0.8188298 -0.52858466
vn -0.6028694 -0.7873395 -0.12901606
vn -0 -1 0
vn -0 -1 0
vn -0 -0.021357259 -0.9997719
vn -0 -0.021357259 -0.9997719
vn -0 -0.021357259 -0.9997719
vn -0.11953178 0.08436268 -0.9892397
vn -0.12056931 0.085282736 -0.9890349
vn 0.40327442 -0.07010269 0.91238993
vn -0 -0.021357259 0.9997719
vn -0 -0.021357259 0.9997719
vn 0.35544166 -0.064528465 0.9324684
vn 0.9133633 -0.12292134 0.38814667
vn 0.91861635 -0.123308726 0.37541837
vn 0.99221635 -0.124526 0
vn 0.99221635 -0.124526 0
vn 0.99221635 -0.124526 0
vn 0.7642876 -0.53489166 -0.36021572
vn 0.7573521 -0.25278002 -0.6020962
vn 0.8293093 -0.45179504 -0.32882714
vn 0.6805016 -0.30338794 -0.6669883
vn 0.64784753 0.0043550213 -0.7617577
vn 0.8146601 -0.17977767 -0.5513701
vn 0.87758785 -0.37525782 -0.2983638
vn 0.5600188 -0.015882105 -0.8283276
vn 0.5402831 0.26707935 -0.79797417
vn 0.72826076 0.061160382 -0.68256545
vn 0.8146601 -0.17977767 -0.5513701
vn 0.44965884 0.26155072 -0.8540481
vn 0.4605599 0.5063599 -0.7290297
vn 0.64631355 0.2918458 -0.7050566
vn 0.72826076 0.061160382 -0.68256545
vn 0.36947456 0.5069494 -0.77877516
vn 0.41792747 0.7084568 -0.56870526
vn 0.5826376 0.49596164 -0.6438599
vn 0.64631355 0.2918458 -0.7050566
vn 0.32337785 0.7170863 -0.61742514
vn 0.41279542 0.8522632 -0.32132095
vn 0.54192305 0.66841406 -0.5094527
vn 0.5826376 0.49596164 -0.6438599
vn 0.31242132 0.87727714 -0.36438683
vn 0.4380824 0.89892656 -0.0038550778
vn 0.5243521 0.7967193 -0.30048838
vn 0.54192305 0.66841406 -0.5094527
vn 0.3352886 0.94190025 -0.020137895
vn 0.47833154 0.81429213 0.3288272
vn 0.5297517 0.84797186 -0.017517589
vn 0.5243521 0.7967193 -0.30048838
vn 0.3798056 0.8520517 0.3602162
vn 0.51911026 0.60663474 0.60209537
vn 0.55912405 0.7735367 0.2983644
vn 0.5297517 0.84797186 -0.017517589
vn 0.42717123 0.6104516 0.66698855
vn 0.5576238 0.32982036 0.7617573
vn 0.60582364 0.57355744 0.55137056
vn 0.55912405 0.7735367 0.2983644
vn 0.47191137 0.30194867 0.8283276
vn 0.6006789 0.04921281 0.7979743
vn 0.6558067 0.32252404 0.6825656
vn 0.60582364 0.57355744 0.55137056
vn 0.52014303 0.007293188 0.8540481
vn 0.6555313 -0.19696277 0.7290298
vn 0.7043271 0.08257259 0.70505685
vn 0.6558067 0.32252404 0.6825656
vn 0.5777496 -0.2443648 0.7787754
vn 0.7230355 -0.39216506 0.56870574
vn 0.75483125 -0.12519492 0.6438603
vn 0.7043271 0.08257259 0.70505685
vn 0.6464241 -0.44824293 0.61742544
vn 0.79267675 -0.518089 0.32132113
vn 0.8087175 -0.29399636 0.5094528
vn 0.75483125 -0.12519492 0.6438603
vn 0.71950847 -0.5912107 0.36438635
vn 0.83838 -0.5450726 0.0038554857
vn 0.85971475 -0.41303462 0.30048808
vn 0.8087175 -0.29399636 0.5094528
vn 0.7723839 -0.6348366 0.020138165
vn 0.8293093 -0.45179504 -0.32882714
vn 0.7642876 -0.53489166 -0.36021572
vn 0.87758785 -0.37525782 -0.2983638
vn 0.8907316 -0.45419198 0.017517945
vn 0.8907316 -0.45419198 0.017517945
vn 0.85971475 -0.41303462 0.30048808
vn 0.05333449 -0.1923927 -0.9798676
vn 0.1545192 0.19230318 -0.96909404
vn -0.04014425 0.1448129 -0.98864436
vn 0.26055962 -0.13571157 -0.95587194
vn 0.15576205 -0.5618816 -0.81242067
vn 0.3758697 -0.48844963 -0.78748894
vn 0.23888397 -0.86172813 -0.44761494
vn 0.4626547 -0.7727072 -0.43459642
vn 0.2670867 -0.9634628 0.020098187
vn 0.48314324 -0.87541735 0.014734444
vn 0.24151327 -0.87121075 0.42739105
vn 0.44352797 -0.79573387 0.41242042
vn 0.18737039 -0.67590064 0.7127767
vn 0.3771849 -0.61091906 0.6960672
vn 0.11957639 -0.43134686 0.8942267
vn 0.3050617 -0.37102377 0.8770854
vn 0.040144693 -0.14481264 0.98864436
vn 0.23147419 -0.08530004 0.96909416
vn -0.05333452 0.19239274 0.9798676
vn 0.15349637 0.25049463 0.95587194
vn -0.1557622 0.56188077 0.8124212
vn 0.070737556 0.61225516 0.78748965
vn -0.23888369 0.8617283 0.4476146
vn -0.0012174839 0.9006246 0.4345962
vn -0.26708594 0.96346307 -0.020098746
vn -0.036535144 0.9992237 -0.014734909
vn -0.24151249 0.87121105 -0.42739102
vn -0.029470995 0.91051674 -0.41242042
vn -0.18736976 0.67590034 -0.7127772
vn 0.00880909 0.71792215 -0.69606763
vn -0.119576186 0.43134734 -0.8942265
vn 0.07049353 0.47513393 -0.87708515
vn -0.04014425 0.1448129 -0.98864436
vn 0.1545192 0.19230318 -0.96909404
vn 0.6558054 0.32252428 0.68256676
vn 0.6058232 0.5735576 0.55137104
vn 0.5591238 0.77353686 0.2983645
vn 0.5297515 0.847972 -0.017518226
vn 0.5243519 0.79671943 -0.30048844
vn 0.54192287 0.66841435 -0.50945264
vn 0.5826372 0.49596176 -0.64386016
vn 0.7043263 0.08257178 0.70505756
vn 0.64631337 0.2918459 -0.70505667
vn 0.26055962 -0.13571157 -0.95587194
vn 0.754831 -0.12519498 0.64386046
vn 0.7282606 0.06116004 -0.68256575
vn 0.3758697 -0.48844963 -0.78748894
vn 0.80871755 -0.2939963 0.5094527
vn 0.8146595 -0.17977837 -0.55137074
vn 0.4626547 -0.7727072 -0.43459642
vn 0.8597142 -0.41303536 0.3004885
vn 0.87758744 -0.37525883 -0.29836425
vn 0.8907312 -0.4541928 0.017518006
vn 0.93377024 0.29510918 -0.20244446
vn 0.9539102 0.23092519 -0.19164799
vn 0.9747201 0.16548243 -0.15012081
vn 0.9905509 0.11276048 -0.07806431
vn 0.9960212 0.08864232 0.009175771
vn 0.99143815 0.09554955 0.08899815
vn 0.980804 0.1254433 0.14928976
vn 0.9673272 0.17086299 0.18730712
vn 0.95243615 0.2277752 0.20244485
vn 0.91723394 0.35156533 -0.18730679
vn 0.9366553 0.29316816 0.19164872
vn 0.90540236 0.39744097 -0.14928904
vn 0.9208009 0.35998496 0.15012133
vn 0.89912754 0.42854303 -0.0889977
vn 0.9072276 0.41333285 0.07806457
vn 0.8994998 0.43682498 -0.0091755465
vn 0.87758785 -0.37525782 -0.2983638
vn 0.9747201 0.16548182 -0.15012161
vn 0.8146601 -0.17977767 -0.5513701
vn 0.990551 0.11275907 -0.07806489
vn 0.9636576 0.26714027 0
vn 0.96365756 0.26714048 0
vn 0.9636576 0.26714012 0
vn 0.95390964 0.23092425 -0.1916518
vn 0.8146601 -0.17977767 -0.5513701
vn 0.72826076 0.061160382 -0.68256545
vn 0.96365756 0.26714048 0
vn 0.9337693 0.2951097 -0.202448
vn 0.72826076 0.061160382 -0.68256545
vn 0.64631355 0.2918458 -0.7050566
vn 0.96365756 0.26714048 0
vn 0.9172338 0.35156527 -0.187307
vn 0.64631355 0.2918458 -0.7050566
vn 0.5826376 0.49596164 -0.6438599
vn 0.96365756 0.26714066 0
vn 0.9054008 0.39744332 -0.14929228
vn 0.5826376 0.49596164 -0.6438599
vn 0.54192305 0.66841406 -0.5094527
vn 0.96365756 0.26714057 0
vn 0.8991259 0.42854598 -0.08899946
vn 0.54192305 0.66841406 -0.5094527
vn 0.5243521 0.7967193 -0.30048838
vn 0.96365774 0.26713985 0
vn 0.8994999 0.43682468 -0.009175285
vn 0.5243521 0.7967193 -0.30048838
vn 0.5297517 0.84797186 -0.017517589
vn 0.96365786 0.26713958 0
vn 0.9072274 0.41333324 0.07806463
vn 0.5297517 0.84797186 -0.017517589
vn 0.55912405 0.7735367 0.2983644
vn 0.96365774 0.26714 0
vn 0.92080116 0.35998464 0.15012132
vn 0.55912405 0.7735367 0.2983644
vn 0.60582364 0.57355744 0.55137056
vn 0.96365756 0.26714042 0
vn 0.93665445 0.29316866 0.19165207
vn 0.60582364 0.57355744 0.55137056
vn 0.6558067 0.32252404 0.6825656
vn 0.96365756 0.26714045 0
vn 0.9524355 0.22777505 0.2024482
vn 0.6558067 0.32252404 0.6825656
vn 0.7043271 0.08257259 0.70505685
vn 0.96365756 0.2671405 0
vn 0.9673272 0.1708636 0.18730672
vn 0.7043271 0.08257259 0.70505685
vn 0.75483125 -0.12519492 0.6438603
vn 0.96365756 0.26714084 0
vn 0.980804 0.12544136 0.14929168
vn 0.75483125 -0.12519492 0.6438603
vn 0.8087175 -0.29399636 0.5094528
vn 0.96365744 0.26714084 0
vn 0.99143827 0.095546804 0.08899933
vn 0.8087175 -0.29399636 0.5094528
vn 0.85971475 -0.41303462 0.30048808
vn 0.96365756 0.26714045 0
vn 0.99602133 0.08864181 0.009175643
vn 0.85971475 -0.41303462 0.30048808
vn 0.8907316 -0.45419198 0.017517945
vn 0.8907316 -0.45419198 0.017517945
vn 0.87758785 -0.37525782 -0.2983638
vn -0.5454651 -0.78111756 -0.30384737
vn -0.47833067 -0.8142926 -0.32882717
vn -0.51910955 -0.60663444 -0.6020963
vn -0.5855998 -0.5798063 -0.5664781
vn -0.55762374 -0.3298198 -0.7617576
vn -0.62289774 -0.32040256 -0.7136809
vn -0.60067904 -0.049212363 -0.7979743
vn -0.66300976 -0.06478877 -0.74580187
vn -0.65553147 0.19696295 -0.7290296
vn -0.8995405 -0.18018994 -0.39794272
vn -0.8696706 -0.3112152 -0.38316834
vn -0.92839205 -0.06755654 -0.36540967
vn -0.7128322 0.15739931 -0.683444
vn -0.7230358 0.39216486 -0.56870556
vn -0.95616263 0.024063708 -0.2918459
vn -0.77350783 0.3338118 -0.53875345
vn -0.7926772 0.5180883 -0.32132128
vn -0.9804863 0.08853046 -0.175525
vn -0.8363425 0.4495578 -0.31373397
vn -0.8383805 0.54507184 -0.0038551153
vn -0.99389935 0.10905562 -0.016460847
vn -0.8786194 0.47720474 -0.0174257
vn -0.82930964 0.45179448 0.3288271
vn -0.98478186 0.0628859 0.16201903
vn -0.8697811 0.38878986 0.30384746
vn -0.7573526 0.2527798 0.6020957
vn -0.9507068 -0.046753332 0.3065466
vn -0.8005396 0.19554757 0.5664781
vn -0.64784765 -0.0043549067 0.76175755
vn -0.9057776 -0.18096606 0.3831686
vn -0.6989563 -0.046035323 0.71368116
vn -0.5402831 -0.26707897 0.7979743
vn -0.8639244 -0.30866843 0.39794296
vn -0.60173714 -0.2858177 0.7458021
vn -0.830667 -0.42008087 0.36540994
vn -0.4605595 -0.5063599 0.72902995
vn -0.53005177 -0.50194526 0.68344414
vn -0.4179264 -0.70845693 0.56870586
vn -0.49123883 -0.68441886 0.5387534
vn -0.4127943 -0.85226375 0.3213211
vn -0.48551166 -0.815996 0.3137338
vn -0.43808144 -0.89892703 0.003855539
vn -0.50751996 -0.8614638 0.01742608
vn -0.47833067 -0.8142926 -0.32882717
vn -0.5454651 -0.78111756 -0.30384737
vn -0.5855998 -0.5798063 -0.5664781
vn -0.62289774 -0.32040256 -0.7136809
vn -0.8696706 -0.3112152 -0.38316834
vn -0.839086 -0.44940415 -0.3065462
vn -0.5454651 -0.78111756 -0.30384737
vn -0.81184846 -0.5609383 -0.16201892
vn -0.86096114 -0.327932 -0.3888527
vn -0.83736694 -0.4595104 -0.29608572
vn -0.889075 -0.18476734 -0.41881588
vn -0.8995405 -0.18018994 -0.39794272
vn -0.9207299 -0.0545451 -0.38636953
vn -0.92839205 -0.06755654 -0.36540967
vn -0.95323986 0.046695285 -0.29858562
vn -0.95616263 0.024063708 -0.2918459
vn -0.9808688 0.10461131 -0.16417298
vn -0.9804863 0.08853046 -0.175525
vn -0.99430025 0.10659675 -0.002028267
vn -0.99389935 0.10905562 -0.016460847
vn -0.9858111 0.055288535 0.1584918
vn -0.98478186 0.0628859 0.16201903
vn -0.95443636 -0.037205 0.2960863
vn -0.9507068 -0.046753332 0.3065466
vn -0.9069182 -0.16215107 0.3888528
vn -0.9057776 -0.18096606 0.3831686
vn -0.857309 -0.29935628 0.41881633
vn -0.8639244 -0.30866843 0.39794296
vn -0.81739926 -0.42729023 0.38636968
vn -0.830667 -0.42008087 0.36540994
vn -0.92767346 0.101336636 -0.3593783
vn -0.9581964 0.18639636 -0.21706237
vn -0.9756438 0.21857482 -0.018550346
vn -0.9644719 0.16324514 0.2077137
vn -0.92122877 0.02228279 0.38838258
vn -0.86514664 -0.14926234 0.47879228
vn -0.8931521 -0.014090009 -0.44953385
vn -0.8138359 -0.30930972 0.49193358
vn -0.8569313 -0.1538522 -0.49193302
vn -0.77292883 -0.44777253 0.4495341
vn -0.818516 -0.31747428 -0.47879174
vn -0.7931441 -0.5308195 0.29858506
vn -0.77827114 -0.49340972 -0.38838246
vn -0.74309385 -0.5644986 0.35937834
vn -0.8073018 -0.5129228 0.2918456
vn -0.53005177 -0.50194526 0.68344414
vn -0.49123883 -0.68441886 0.5387534
vn -0.7870104 -0.5946948 0.16417302
vn -0.79496205 -0.5807119 0.17552507
vn -0.48551166 -0.815996 0.3137338
vn -0.7254665 -0.6531328 0.2170622
vn -0.816642 -0.55495584 -0.15849228
vn -0.79589325 -0.60521317 0.016460981
vn -0.50751996 -0.8614638 0.01742608
vn -0.5454651 -0.78111756 -0.30384737
vn -0.7975031 -0.6033114 0.0020282096
vn -0.7427656 -0.63651735 -0.20771378
vn -0.72385615 -0.6897016 0.018550579
vn 0.73198044 -0.32014194 -0.6014264
vn 0.75625116 -0.18648618 -0.6271419
vn 0.49938312 0.15212129 -0.8529218
vn 0.39983866 0.1055197 -0.91049147
vn -0 -0.09580384 -0.99540025
vn 0.22386613 -0.8188298 -0.5285847
vn -0 -0.09580384 -0.99540025
vn -0.22386616 -0.8188298 -0.52858466
vn -0 -0.09580384 -0.99540025
vn -0 -0.09580384 -0.99540025
vn -0.3998387 0.10551975 -0.91049147
vn -0.73198044 -0.3201419 -0.6014264
vn -0.75625116 -0.1864862 -0.6271419
vn -0.49938312 0.15212137 -0.8529218
vn -0.785854 -0.5093132 -0.35076126
vn -0.86164707 -0.4023608 -0.30930582
vn -0.7943497 -0.21672745 -0.5674838
vn -0.7039608 -0.2845166 -0.65076065
vn -0.6908921 0.024419468 -0.7225453
vn -0.8146601 -0.17977762 -0.5513701
vn -0.87758785 -0.37525782 -0.29836386
vn -0.5855626 -0.0047140075 -0.8106135
vn -0.58771354 0.27422482 -0.761179
vn -0.7282607 0.06116035 -0.68256557
vn -0.8146601 -0.17977762 -0.5513701
vn -0.4767189 0.26670197 -0.8376211
vn -0.51089406 0.5035373 -0.6967335
vn -0.6463135 0.2918458 -0.7050566
vn -0.7282607 0.06116035 -0.68256557
vn -0.39777532 0.50734955 -0.7644417
vn -0.47075528 0.6961321 -0.54202354
vn -0.5826376 0.4959616 -0.6438598
vn -0.6463135 0.2918458 -0.7050566
vn -0.35298342 0.7130556 -0.60576767
vn -0.46757334 0.83000064 -0.30409548
vn -0.54192305 0.66841406 -0.5094527
vn -0.5826376 0.4959616 -0.6438598
vn -0.34343585 0.86871004 -0.3569241
vn -0.4931023 0.8699661 -0.0030133994
vn -0.5243521 0.7967193 -0.30048838
vn -0.54192305 0.66841406 -0.5094527
vn -0.36730996 0.9298845 -0.019954601
vn -0.5315055 0.7885632 0.3093058
vn -0.5297517 0.84797186 -0.017517693
vn -0.5243521 0.7967193 -0.30048838
vn -0.4114632 0.8412278 0.35076183
vn -0.5693892 0.5947763 0.56748307
vn -0.55912405 0.7735367 0.2983644
vn -0.5297517 0.84797186 -0.017517693
vn -0.4569982 0.6063519 0.65076107
vn -0.6048557 0.3347814 0.7225447
vn -0.6058236 0.5735574 0.55137056
vn -0.55912405 0.7735367 0.2983644
vn -0.4995598 0.30552614 0.8106132
vn -0.6450195 0.067507535 0.7611785
vn -0.6558067 0.32252404 0.6825655
vn -0.6058236 0.5735574 0.55137056
vn -0.5459935 0.016809491 0.8376207
vn -0.6972285 -0.16862763 0.6967332
vn -0.70432705 0.08257256 0.7050567
vn -0.6558067 0.32252404 0.6825655
vn -0.6022174 -0.23013659 0.76444185
vn -0.76197803 -0.35440007 0.5420239
vn -0.75483125 -0.12519494 0.6438603
vn -0.70432705 0.08257256 0.7050567
vn -0.66972893 -0.42954454 0.60576785
vn -0.8281745 -0.47080058 0.30409527
vn -0.8087175 -0.29399636 0.5094528
vn -0.75483125 -0.12519494 0.6438603
vn -0.7416855 -0.56789804 0.3569234
vn -0.8706364 -0.49191782 0.0030133913
vn -0.8597146 -0.4130346 0.30048808
vn -0.8087175 -0.29399636 0.5094528
vn -0.79364854 -0.6080492 0.019954564
vn -0.86164707 -0.4023608 -0.30930582
vn -0.785854 -0.5093132 -0.35076126
vn -0.87758785 -0.37525782 -0.29836386
vn -0.8907316 -0.45419198 0.017517924
vn -0.8907316 -0.45419198 0.017517924
vn -0.8597146 -0.4130346 0.30048808
vn -0.053334422 -0.19239269 -0.9798676
vn 0.040144183 0.14481291 -0.98864436
vn -0.15451929 0.1923032 -0.96909404
vn -0.26055962 -0.13571157 -0.95587194
vn -0.15576199 -0.5618816 -0.81242067
vn -0.3758697 -0.48844963 -0.78748894
vn -0.23888399 -0.86172813 -0.44761482
vn -0.4626547 -0.7727072 -0.43459645
vn -0.26708677 -0.9634628 0.02009818
vn -0.48314333 -0.87541723 0.0147343995
vn -0.24151327 -0.87121075 0.42739105
vn -0.4435279 -0.79573387 0.41242036
vn -0.18737039 -0.6759007 0.71277666
vn -0.37718484 -0.6109191 0.6960671
vn -0.11957611 -0.43134686 0.8942268
vn -0.3050615 -0.37102374 0.8770854
vn -0.04014424 -0.14481266 0.98864436
vn -0.23147388 -0.08530007 0.9690943
vn 0.05333445 0.1923927 0.9798676
vn -0.15349633 0.2504946 0.95587194
vn 0.15576193 0.56188095 0.812421
vn -0.070737645 0.6122551 0.78748953
vn 0.23888361 0.8617284 0.44761458
vn 0.0012175416 0.9006246 0.43459636
vn 0.26708603 0.96346307 -0.020098768
vn 0.03653518 0.9992237 -0.014734745
vn 0.24151246 0.87121105 -0.42739102
vn 0.029470991 0.9105169 -0.41242015
vn 0.18736982 0.6759004 -0.7127771
vn -0.00880907 0.7179223 -0.6960675
vn 0.119576134 0.4313474 -0.8942265
vn -0.070493594 0.47513384 -0.8770852
vn 0.040144183 0.14481291 -0.98864436
vn -0.15451929 0.1923032 -0.96909404
vn -0.6558054 0.32252428 0.68256676
vn -0.6058231 0.5735577 0.55137104
vn -0.55912375 0.7735368 0.2983646
vn -0.5297515 0.847972 -0.017517947
vn -0.5243519 0.7967195 -0.30048802
vn -0.54192275 0.66841435 -0.5094525
vn -0.5826373 0.4959616 -0.6438601
vn -0.7043263 0.0825718 0.70505774
vn -0.64631355 0.29184592 -0.70505655
vn -0.26055962 -0.13571157 -0.95587194
vn -0.754831 -0.12519498 0.6438604
vn -0.72826064 0.06116011 -0.6825656
vn -0.3758697 -0.48844963 -0.78748894
vn -0.80871755 -0.29399636 0.5094527
vn -0.8146595 -0.17977834 -0.55137074
vn -0.4626547 -0.7727072 -0.43459645
vn -0.8597142 -0.41303536 0.3004885
vn -0.87758744 -0.3752588 -0.29836428
vn -0.8907312 -0.4541927 0.017517962
vn -0.93377024 0.2951092 -0.20244426
vn -0.9539102 0.23092528 -0.19164789
vn -0.9747201 0.16548249 -0.1501208
vn -0.9905509 0.112760425 -0.07806431
vn -0.9960212 0.08864229 0.009175776
vn -0.99143815 0.09554961 0.088998154
vn -0.980804 0.12544335 0.1492897
vn -0.9673272 0.17086302 0.1873071
vn -0.95243615 0.22777523 0.20244478
vn -0.91723394 0.35156524 -0.1873067
vn -0.9366554 0.29316822 0.19164854
vn -0.90540236 0.39744094 -0.14928906
vn -0.9208009 0.359985 0.15012118
vn -0.89912754 0.42854303 -0.088997625
vn -0.90722764 0.4133328 0.07806452
vn -0.8994998 0.43682495 -0.009175448
vn -0.87758785 -0.37525782 -0.29836386
vn -0.8146601 -0.17977762 -0.5513701
vn -0.9747201 0.16548184 -0.15012158
vn -0.990551 0.11275909 -0.07806489
vn -0.96365756 0.26714042 0
vn -0.96365756 0.2671405 0
vn -0.9636576 0.26714027 0
vn -0.95390964 0.23092426 -0.19165173
vn -0.8146601 -0.17977762 -0.5513701
vn -0.7282607 0.06116035 -0.68256557
vn -0.96365756 0.26714057 0
vn -0.9337693 0.29510975 -0.20244792
vn -0.7282607 0.06116035 -0.68256557
vn -0.6463135 0.2918458 -0.7050566
vn -0.96365756 0.26714063 0
vn -0.9172338 0.3515653 -0.18730712
vn -0.6463135 0.2918458 -0.7050566
vn -0.5826376 0.4959616 -0.6438598
vn -0.96365756 0.26714048 0
vn -0.9054009 0.39744323 -0.1492923
vn -0.5826376 0.4959616 -0.6438598
vn -0.54192305 0.66841406 -0.5094527
vn -0.96365774 0.26713997 0
vn -0.89912605 0.42854577 -0.08899946
vn -0.54192305 0.66841406 -0.5094527
vn -0.5243521 0.7967193 -0.30048838
vn -0.96365786 0.26713958 0
vn -0.8994999 0.43682462 -0.0091753015
vn -0.5243521 0.7967193 -0.30048838
vn -0.5297517 0.84797186 -0.017517693
vn -0.96365774 0.2671398 0
vn -0.9072274 0.41333327 0.07806459
vn -0.5297517 0.84797186 -0.017517693
vn -0.55912405 0.7735367 0.2983644
vn -0.96365774 0.26713988 0
vn -0.92080104 0.35998458 0.15012138
vn -0.55912405 0.7735367 0.2983644
vn -0.6058236 0.5735574 0.55137056
vn -0.9636576 0.2671402 0
vn -0.93665457 0.29316854 0.19165212
vn -0.6058236 0.5735574 0.55137056
vn -0.6558067 0.32252404 0.6825655
vn -0.96365756 0.26714045 0
vn -0.9524355 0.22777502 0.20244811
vn -0.6558067 0.32252404 0.6825655
vn -0.70432705 0.08257256 0.7050567
vn -0.9636576 0.26714036 0
vn -0.9673272 0.1708635 0.18730678
vn -0.70432705 0.08257256 0.7050567
vn -0.75483125 -0.12519494 0.6438603
vn -0.96365756 0.26714045 0
vn -0.980804 0.12544127 0.14929181
vn -0.75483125 -0.12519494 0.6438603
vn -0.8087175 -0.29399636 0.5094528
vn -0.96365756 0.26714057 0
vn -0.99143827 0.09554675 0.08899935
vn -0.8087175 -0.29399636 0.5094528
vn -0.8597146 -0.4130346 0.30048808
vn -0.9636576 0.2671402 0
vn -0.99602133 0.08864179 0.009175587
vn -0.8597146 -0.4130346 0.30048808
vn -0.8907316 -0.45419198 0.017517924
vn -0.8907316 -0.45419198 0.017517924
vn -0.87758785 -0.37525782 -0.29836386
vn 0.5737705 -0.765072 -0.2923224
vn 0.5693887 -0.5947762 -0.56748384
vn 0.53150505 -0.7885635 -0.30930582
vn 0.61187214 -0.57188475 -0.5464066
vn 0.6048551 -0.33478117 -0.72254544
vn 0.64691144 -0.32199293 -0.6912497
vn 0.6450188 -0.06750707 -0.761179
vn 0.68514013 -0.07402829 -0.72463983
vn 0.6972285 0.16862783 -0.6967332
vn 0.8995405 -0.18019007 -0.39794278
vn 0.8696707 -0.31121507 -0.3831683
vn 0.92839205 -0.06755642 -0.36540967
vn 0.7333423 0.14205658 -0.6648526
vn 0.7619783 0.35439992 -0.5420238
vn 0.9561625 0.024064194 -0.29184586
vn 0.7923907 0.31285784 -0.5236763
vn 0.8281747 0.47080004 -0.3040953
vn 0.9804863 0.08853053 -0.17552498
vn 0.8534731 0.42313838 -0.3041998
vn 0.87063676 0.4919172 -0.0030129706
vn 0.99389935 0.10905529 -0.016460843
vn 0.89433944 0.44706115 -0.017126758
vn 0.86164725 0.40236044 0.30930582
vn 0.98478186 0.06288542 0.16201909
vn 0.88578516 0.3604611 0.29232258
vn 0.79434997 0.21672745 0.56748337
vn 0.95070666 -0.046753567 0.3065467
vn 0.81898355 0.17523012 0.5464067
vn 0.6908924 -0.024419349 0.72254515
vn 0.90577763 -0.18096602 0.38316858
vn 0.72036153 -0.057035666 0.6912497
vn 0.5877141 -0.2742245 0.7611788
vn 0.8639244 -0.30866843 0.39794293
vn 0.62546605 -0.28929102 0.7246399
vn 0.8306671 -0.42008066 0.36540988
vn 0.5108942 -0.50353724 0.6967334
vn 0.5555341 -0.49935216 0.66485286
vn 0.47075474 -0.6961322 0.542024
vn 0.51821524 -0.6761777 0.5236762
vn 0.4675727 -0.8300011 0.3040952
vn 0.5137998 -0.8021672 0.30419964
vn 0.49310166 -0.86996645 0.003013407
vn 0.5365162 -0.84371614 0.017127115
vn 0.53150505 -0.7885635 -0.30930582
vn 0.5737705 -0.765072 -0.2923224
vn 0.61187214 -0.57188475 -0.5464066
vn 0.8696707 -0.31121507 -0.3831683
vn 0.64691144 -0.32199293 -0.6912497
vn 0.839086 -0.44940412 -0.3065462
vn 0.5737705 -0.765072 -0.2923224
vn 0.81184834 -0.5609386 -0.16201892
vn 0.86096126 -0.32793185 -0.3888527
vn 0.8373671 -0.45951024 -0.29608575
vn 0.88907486 -0.18476748 -0.41881588
vn 0.8995405 -0.18019007 -0.39794278
vn 0.9207299 -0.054544896 -0.3863696
vn 0.92839205 -0.06755642 -0.36540967
vn 0.95323986 0.04669592 -0.29858562
vn 0.9561625 0.024064194 -0.29184586
vn 0.9808688 0.104611486 -0.16417299
vn 0.9804863 0.08853053 -0.17552498
vn 0.99430025 0.10659634 -0.0020282688
vn 0.99389935 0.10905529 -0.016460843
vn 0.9858111 0.05528788 0.15849186
vn 0.98478186 0.06288542 0.16201909
vn 0.95443624 -0.037205294 0.2960864
vn 0.95070666 -0.046753567 0.3065467
vn 0.9069182 -0.162151 0.38885275
vn 0.90577763 -0.18096602 0.38316858
vn 0.85730904 -0.2993562 0.41881618
vn 0.8639244 -0.30866843 0.39794293
vn 0.8173993 -0.42729 0.38636965
vn 0.8306671 -0.42008066 0.36540988
vn 0.9581964 0.18639643 -0.2170624
vn 0.9756438 0.21857485 -0.018550348
vn 0.9644719 0.1632451 0.2077137
vn 0.92122877 0.022282707 0.3883826
vn 0.92767346 0.10133677 -0.35937837
vn 0.8651467 -0.14926228 0.47879213
vn 0.8931521 -0.014089867 -0.44953385
vn 0.813836 -0.3093096 0.49193347
vn 0.8569313 -0.15385212 -0.49193302
vn 0.77292883 -0.44777244 0.4495341
vn 0.8185161 -0.3174742 -0.47879177
vn 0.74309385 -0.5644986 0.35937837
vn 0.77827114 -0.4934095 -0.38838246
vn 0.7931442 -0.5308194 0.29858515
vn 0.81664187 -0.5549561 -0.1584923
vn 0.7254665 -0.6531328 0.21706216
vn 0.807302 -0.51292276 0.29184562
vn 0.5555341 -0.49935216 0.66485286
vn 0.51821524 -0.6761777 0.5236762
vn 0.7870104 -0.5946948 0.16417302
vn 0.7949621 -0.58071184 0.17552508
vn 0.5137998 -0.8021672 0.30419964
vn 0.7427656 -0.6365173 -0.20771381
vn 0.72385615 -0.6897016 0.018550575
vn 0.7975031 -0.6033115 0.0020282073
vn 0.79589313 -0.6052132 0.016460987
vn 0.5365162 -0.84371614 0.017127115
vn 0.5737705 -0.765072 -0.2923224
vn -0 -0.18510206 0.9827193
vn 0.49783158 -0.1750327 0.8494277
vn -0 -0.18510208 0.9827193
vn 0.48712388 -0.17549333 0.85551876
vn 0.8620738 -0.147435 0.48486272
vn 0.85115176 -0.14883922 0.5033761
vn 0.99389017 -0.10962221 -0.012854767
vn 0.9936865 -0.11152902 0.012182553
vn 0.85818 -0.071827166 -0.5082991
vn 0.8690101 -0.07327707 -0.4893383
vn 0.49396035 -0.04426297 -0.868357
vn 0.50491035 -0.044749696 -0.86201096
vn -0 -0.03420963 -0.9994147
vn -0 -0.034209635 -0.9994147
vn -0.49396023 -0.044263426 -0.86835706
vn -0.5049106 -0.04475018 -0.8620109
vn -0.85818 -0.07182796 -0.50829905
vn -0.8690101 -0.07327789 -0.4893381
vn -0.99389017 -0.109623134 -0.012854785
vn -0.9936864 -0.11152994 0.012182544
vn -0.8620736 -0.14743577 0.48486266
vn -0.85115176 -0.14884 0.5033758
vn -0.49783143 -0.17503318 0.8494277
vn -0.48712397 -0.17549379 0.8555186
vn -0 -0.18510208 0.9827193
vn -0 -0.18510206 0.9827193
vn -0 -1 0
vn -0 -1 0
vn -0 -1 0
vn -0 -1 0
vn -0 -1 0
vn -0 -1 0
vn -0 -1 0
vn -0 -1 0
vn -0 -1 0
vn -0 -1 0
vn -0 -1 0
vn -0 -1 0
vn -0 1 0
vn -0 1 0
vn -0 1 0
vn -0 1 0
vn -0 1 0
vn -0 1 0
vn -0 1 0
vn -0 1 0
vn -0 1 0
vn -0 1 0
vn -0 1 0
vn -0 1 0
vn -0 -1 0
vn -0 -1 0
vn -0 -1 0
vn -0 -1 0
vn -0 -1 0
vn -0 -1 0
vn -0 -1 0
vn -0 -1 0
vn -0 1 0
vn -0 1 0
vn -0 1 0
vn -0 1 0
vn -0 1 0
vn -0 1 0
vn -0 1 0
vn -0 1 0
vn -0 1 0
vn -0 1 0
vn -0 1 0
vn -0 1 0
vn -0 0.09627451 0.9953548
vn 0.47403514 -0.34128112 0.8116761
vn -0 -0.34795585 0.93751097
vn 0.49557444 0.099511765 0.86284614
vn 0.82370514 -0.32287633 0.46611238
vn 0.8589385 0.10848435 0.50045556
vn 0.9547166 -0.29736313 -0.009552526
vn 0.9926362 0.12104498 0.004631819
vn 0.8292968 -0.27146748 -0.48843852
vn 0.860255 0.1339553 -0.4919525
vn 0.47961622 -0.25229982 -0.8404243
vn 0.4968832 0.14362615 -0.85584956
vn -0 -0.24524479 -0.9694612
vn -0 0.14721201 -0.9891049
vn -0.47961584 -0.25230047 -0.8404244
vn -0.4968834 0.143626 -0.8558495
vn -0.8292965 -0.2714686 -0.4884384
vn -0.8602552 0.13395502 -0.49195242
vn -0.95471627 -0.29736444 -0.009552535
vn -0.9926362 0.12104463 0.00463181
vn -0.8237047 -0.32287747 0.46611223
vn -0.8589386 0.10848402 0.50045556
vn -0.47403476 -0.34128174 0.81167597
vn -0.49557468 0.09951158 0.862846
vn -0 -0.34795585 0.93751097
vn -0 0.09627451 0.9953548
vn -0 -1 0
vn -0 -1 0
vn -0 -1 0
vn -0 -1 0
vn -0 -1 0
vn -0 -1 0
vn -0 -1 0
vn -0 -1 0
vn -0 -1 0
vn -0 -1 0
vn -0 -1 0
vn -0 -1 0
vn -0 0.10777103 0.9941757
vn 0.49708763 0.10777096 0.8609816
vn -0 0.10777104 0.9941757
vn 0.49708763 0.10777097 0.8609816
vn 0.8609813 0.10777094 0.49708816
vn 0.8609813 0.107770935 0.49708813
vn 0.9941757 0.10777091 0
vn 0.9941757 0.10777091 0
vn 0.8609813 0.10777094 -0.49708807
vn 0.8609813 0.10777096 -0.49708807
vn 0.49708793 0.107770935 -0.8609814
vn 0.49708793 0.10777092 -0.8609814
vn -0 0.10777104 -0.9941757
vn -0 0.107771024 -0.9941757
vn -0.497088 0.10777105 -0.8609814
vn -0.497088 0.10777103 -0.8609813
vn -0.8609813 0.10777113 -0.49708807
vn -0.8609813 0.10777113 -0.49708816
vn -0.9941757 0.107771136 0
vn -0.9941757 0.107771136 0
vn -0.8609813 0.10777115 0.49708807
vn -0.8609813 0.10777115 0.49708807
vn -0.4970877 0.10777108 0.8609816
vn -0.49708763 0.107771076 0.8609816
vn -0 0.10777104 0.9941757
vn -0 0.10777103 0.9941757
vn -0 -1 0
vn -0 -1 0
vn -0 -1 0
vn -0 -1 0
vn -0 -1 0
vn -0 -1 0
vn -0 -1 0
vn -0 -1 0
vn -0 -1 0
vn -0 -1 0
vn -0 -1 0
vn -0 -1 0
vn -0 1 0
vn -0 1 0
vn -0 1 0
vn -0 1 0
vn -0 1 0
vn -0 1 0
vn -0 1 0
vn -0 1 0
vn -0 1 0
vn -0 1 0
vn -0 1 0
vn -0 1 0
vn -0.49739307 -0.10198614 0.86150974
vn -0 -0.101986006 0.99478585
vn -0 -0.00085696974 0.99999964
vn -0.49999997 -0.0008573508 0.8660251
vn -0 0.10030948 0.9949563
vn -0.8615098 -0.10198624 0.49739274
vn -0.497478 0.10030885 0.86165756
vn -0.86602527 -0.00085759826 0.4999997
vn -0.99478585 -0.101986274 0
vn -0.8616575 0.10030848 0.49747825
vn -0.99999964 -0.00085768086 0
vn -0.8615098 -0.101986215 -0.49739274
vn -0.99495643 0.10030834 0
vn -0.86602515 -0.0008575933 -0.49999973
vn -0.8616575 0.10030848 -0.49747828
vn -0.4973929 -0.101986155 -0.8615098
vn -0.49999982 -0.00085735566 -0.8660251
vn -0.8616575 0.10030848 -0.49747828
vn -0.49747792 0.10030885 -0.86165756
vn -0 -0.10198601 -0.99478585
vn -0 -0.0008569915 -0.99999964
vn -0.49747792 0.10030885 -0.86165756
vn 0.4973928 -0.10198587 -0.8615098
vn -0 0.10030945 -0.9949563
vn 0.49999964 -0.0008566009 -0.86602527
vn 0.49747813 0.10031007 -0.8616573
vn 0.8615098 -0.10198576 -0.4973929
vn 0.86602515 -0.00085631455 -0.49999973
vn 0.49747813 0.10031007 -0.8616573
vn 0.86165744 0.10031053 -0.49747795
vn 0.99478585 -0.10198569 0
vn 0.99999964 -0.00085619796 0
vn 0.86165744 0.10031053 -0.49747795
vn 0.9949562 0.10031068 0
vn 0.8615099 -0.10198575 0.49739286
vn 0.86602515 -0.0008562951 0.49999973
vn 0.9949562 0.10031068 0
vn 0.8616575 0.10031055 0.49747786
vn 0.497393 -0.101985864 0.8615098
vn 0.49999985 -0.00085657905 0.8660251
vn -0 -0.101986006 0.99478585
vn 0.8616575 0.10031055 0.49747786
vn 0.49747837 0.100310095 0.86165726
vn -0 -0.00085696974 0.99999964
vn 0.49747837 0.100310095 0.86165726
vn -0 0.10030948 0.9949563
vn 0.9897545 0.066364616 0.12641914
vn 0.9897545 0.066364616 0.12641914
vn 0.9897545 0.066364616 0.12641914
vn 0.9897545 0.066364616 0.12641914
vn -0 0.94270676 -0.33362246
vn -0 0.94270676 -0.33362246
vn -0 0.94270676 -0.33362246
vn -0 0.94270676 -0.33362246
vn -0 0.4648003 0.8854155
vn -0 0.4648003 0.8854155
vn -0 0.4648003 0.8854155
vn -0 0.4648003 0.8854155
vn -0 -0.80997735 0.5864613
vn -0 -0.80997735 0.5864613
vn -0 -0.80997735 0.5864613
vn -0 -0.80997735 0.5864613
vn -0.9897545 0.06636461 0.12641913
vn -0.9897545 0.06636461 0.12641913
vn -0.9897545 0.06636461 0.12641913
vn -0.9897545 0.06636461 0.12641913
vn -0 -0.46480438 -0.88541347
vn -0 -0.46480438 -0.88541347
vn -0 -0.46480438 -0.88541347
vn -0 -0.46480438 -0.88541347
vn -0.9897544 0.06636458 0.12641923
vn -0.9897544 0.06636458 0.12641923
vn -0.9897544 0.06636458 0.12641923
vn -0.9897544 0.06636458 0.12641923
vn -0 0.94270664 -0.33362293
vn -0 0.94270664 -0.33362293
vn -0 0.94270664 -0.33362293
vn -0 0.94270664 -0.33362293
vn -0 -0.80997723 0.58646125
vn -0 -0.80997723 0.58646125
vn -0 -0.80997723 0.58646125
vn -0 -0.80997723 0.58646125
vn 0.9897544 0.06636463 0.12641925
vn 0.9897544 0.06636463 0.12641925
vn 0.9897544 0.06636463 0.12641925
vn 0.9897544 0.06636463 0.12641925
vn -0 -0.46480396 -0.8854135
vn -0 -0.46480396 -0.8854135
vn -0 -0.46480396 -0.8854135
vn -0 -0.46480396 -0.8854135
vn -0 -0.46480396 -0.8854135
vn -0 -0.46480396 -0.8854135
vn -0 -0.46480396 -0.8854135
vn -0 -0.46480396 -0.8854135
vn -0 0.94270676 -0.3336225
vn -0 0.94270676 -0.3336225
vn -0 0.94270676 -0.3336225
vn -0 0.94270676 -0.3336225
vn -0.9897545 0.06636458 0.12641914
vn -0.9897545 0.06636458 0.12641914
vn -0.9897545 0.06636458 0.12641914
vn -0.9897545 0.06636458 0.12641914
vn -0 -0.80997735 0.58646125
vn -0 -0.80997735 0.58646125
vn -0 -0.80997735 0.58646125
vn -0 -0.80997735 0.58646125
vn -0 0.46479887 0.88541627
vn -0 0.46479887 0.88541627
vn -0 0.46479887 0.88541627
vn -0 0.46479887 0.88541627
vn 0.9897545 0.06636454 0.12641914
vn 0.9897545 0.06636454 0.12641914
vn 0.9897545 0.06636454 0.12641914
vn 0.9897545 0.06636454 0.12641914
vn -0.9897544 0.06636455 0.12641932
vn -0.9897544 0.06636455 0.12641932
vn -0.9897544 0.06636455 0.12641932
vn -0.9897544 0.06636455 0.12641932
vn -0 0.94270676 -0.33362257
vn -0 0.94270676 -0.33362257
vn -0 0.94270676 -0.33362257
vn -0 0.94270676 -0.33362257
vn 0.9897544 0.0663646 0.12641919
vn 0.9897544 0.0663646 0.12641919
vn 0.9897544 0.0663646 0.12641919
vn 0.9897544 0.0663646 0.12641919
vn -0 -0.8099776 0.5864609
vn -0 -0.8099776 0.5864609
vn -0 -0.8099776 0.5864609
vn -0 -0.8099776 0.5864609
vn -0 -0.46480426 -0.88541347
vn -0 -0.46480426 -0.88541347
vn -0 -0.46480426 -0.88541347
vn -0 -0.46480426 -0.88541347
vn -0 0.4648012 0.88541514
vn -0 0.4648012 0.88541514
vn -0 0.4648012 0.88541514
vn -0 0.4648012 0.88541514
vn -0 -0.80997735 0.5864612
vn -0 -0.80997735 0.5864612
vn -0 -0.80997735 0.5864612
vn -0 -0.80997735 0.5864612
vn -0 -0.46480426 -0.88541347
vn -0 -0.46480426 -0.88541347
vn -0 -0.46480426 -0.88541347
vn -0 -0.46480426 -0.88541347
vn -0 -0.8099776 0.5864609
vn -0 -0.8099776 0.5864609
vn -0 -0.8099776 0.5864609
vn -0 -0.8099776 0.5864609
vn -0 0.94270676 -0.33362257
vn -0 0.94270676 -0.33362257
vn -0 0.94270676 -0.33362257
vn -0 0.94270676 -0.33362257
vn 0.9897544 0.06636455 0.12641917
vn 0.9897544 0.06636455 0.12641917
vn 0.9897544 0.06636455 0.12641917
vn 0.9897544 0.06636455 0.12641917
vn -0 0.46479994 0.8854157
vn -0 0.46479994 0.8854157
vn -0 0.46479994 0.8854157
vn -0 0.46479994 0.8854157
vn -0.9897544 0.066364594 0.12641917
vn -0.9897544 0.066364594 0.12641917
vn -0.9897544 0.066364594 0.12641917
vn -0.9897544 0.066364594 0.12641917
vn -0 0.46480426 0.88541347
vn -0 0.46480426 0.88541347
vn -0 0.46480426 0.88541347
vn -0 0.46480426 0.88541347
vn -0 0.94270676 -0.33362263
vn -0 0.94270676 -0.33362263
vn -0 0.94270676 -0.33362263
vn -0 0.94270676 -0.33362263
vn -0 -0.46480453 -0.88541335
vn -0 -0.46480453 -0.88541335
vn -0 -0.46480453 -0.88541335
vn -0 -0.46480453 -0.88541335
vn 0.9897544 0.0663647 0.12641917
vn 0.9897544 0.0663647 0.12641917
vn 0.9897544 0.0663647 0.12641917
vn 0.9897544 0.0663647 0.12641917
vn -0.9897544 0.0663647 0.12641914
vn -0.9897544 0.0663647 0.12641914
vn -0.9897544 0.0663647 0.12641914
vn -0.9897544 0.0663647 0.12641914
vn -0 -0.8099775 0.58646095
vn -0 -0.8099775 0.58646095
vn -0 -0.8099775 0.58646095
vn -0 -0.8099775 0.58646095
vn -0 0.46480453 0.8854133
vn -0 0.46480453 0.8854133
vn -0 0.46480453 0.8854133
vn -0 0.46480453 0.8854133
vn -0 0.94270676 -0.3336227
vn -0 0.94270676 -0.3336227
vn -0 0.94270676 -0.3336227
vn -0 0.94270676 -0.3336227
vn -0 -0.46480438 -0.88541347
vn -0 -0.46480438 -0.88541347
vn -0 -0.46480438 -0.88541347
vn -0 -0.46480438 -0.88541347
vn 0.9897544 0.0663647 0.12641922
vn 0.9897544 0.0663647 0.12641922
vn 0.9897544 0.0663647 0.12641922
vn 0.9897544 0.0663647 0.12641922
vn -0.9897544 0.06636472 0.12641917
vn -0.9897544 0.06636472 0.12641917
vn -0.9897544 0.06636472 0.12641917
vn -0.9897544 0.06636472 0.12641917
vn -0 -0.8099775 0.586461
vn -0 -0.8099775 0.586461
vn -0 -0.8099775 0.586461
vn -0 -0.8099775 0.586461
vn -0 0.46480685 0.88541216
vn -0 0.46480685 0.88541216
vn -0 0.46480685 0.88541216
vn -0 0.46480685 0.88541216
vn -0 0.94270676 -0.33362266
vn -0 0.94270676 -0.33362266
vn -0 0.94270676 -0.33362266
vn -0 0.94270676 -0.33362266
vn -0 -0.46480495 -0.88541317
vn -0 -0.46480495 -0.88541317
vn -0 -0.46480495 -0.88541317
vn -0 -0.46480495 -0.88541317
vn 0.9897544 0.066364765 0.12641914
vn 0.9897544 0.066364765 0.12641914
vn 0.9897544 0.066364765 0.12641914
vn 0.9897544 0.066364765 0.12641914
vn -0.9897544 0.06636476 0.12641917
vn -0.9897544 0.06636476 0.12641917
vn -0.9897544 0.06636476 0.12641917
vn -0.9897544 0.06636476 0.12641917
vn -0 0.46480256 0.88541436
vn -0 0.46480256 0.88541436
vn -0 0.46480256 0.88541436
vn -0 0.46480256 0.88541436
vn -0.27013913 0.8414862 0.46789497
vn -0.49557468 0.09951158 0.862846
vn -0.8589386 0.10848402 0.50045556
vn -0.46789452 0.8414866 0.27013916
vn -0.9926362 0.12104463 0.00463181
vn -0 0.84148633 0.5402783
vn -0 0.09627451 0.9953548
vn 0.27013925 0.8414862 0.4678949
vn 0.49557444 0.099511765 0.86284614
vn 0.46789482 0.84148633 0.2701392
vn 0.8589385 0.10848435 0.50045556
vn 0.5402783 0.8414864 0
vn 0.9926362 0.12104498 0.004631819
vn -0.54027796 0.8414866 0
vn -0.8602552 0.13395502 -0.49195242
vn 0.4678947 0.8414866 -0.27013883
vn 0.860255 0.1339553 -0.4919525
vn -0.4678944 0.84148675 -0.27013865
vn -0.4968834 0.143626 -0.8558495
vn 0.2701392 0.8414865 -0.46789458
vn 0.4968832 0.14362615 -0.85584956
vn -0.2701391 0.8414866 -0.46789452
vn -0 0.14721201 -0.9891049
vn -0 0.84148675 -0.5402778
g Corrupt King Monster Mount_0
f 3/3/3 2/2/2 1/1/1
f 6/6/6 5/5/5 4/4/4
f 9/9/9 8/8/8 7/7/7
f 12/12/12 11/11/11 10/10/10
f 15/15/15 14/14/14 13/13/13
f 18/18/18 17/17/17 16/16/16
f 21/21/21 20/20/20 19/19/19
f 24/24/24 23/23/23 22/22/22
f 27/27/27 26/26/26 25/25/25
f 28/28/28 27/27/27 25/25/25
f 28/28/28 25/25/25 29/29/29
f 30/30/30 28/28/28 29/29/29
f 31/31/31 30/30/30 29/29/29
f 29/29/29 32/32/32 31/31/31
f 29/29/29 33/33/33 32/32/32
f 36/36/36 35/35/35 34/34/34
f 34/34/34 37/37/37 36/36/36
f 34/34/34 38/38/38 37/37/37
f 41/41/41 40/40/40 39/39/39
f 39/39/39 42/42/42 41/41/41
f 39/39/39 43/43/43 42/42/42
f 39/39/39 44/44/44 43/43/43
f 47/47/47 46/46/46 45/45/45
f 48/48/48 47/47/47 45/45/45
f 48/48/48 45/45/45 49/49/49
f 50/50/50 48/48/48 49/49/49
f 51/51/51 50/50/50 49/49/49
f 49/49/49 52/52/52 51/51/51
f 51/51/51 52/52/52 53/53/53
f 49/49/49 54/54/54 52/52/52
f 49/49/49 55/55/55 54/54/54
f 49/49/49 56/56/56 55/55/55
f 59/59/59 58/58/58 57/57/57
f 58/58/58 60/60/60 57/57/57
f 58/58/58 61/61/61 60/60/60
f 64/64/64 63/63/63 62/62/62
f 62/62/62 65/65/65 64/64/64
f 62/62/62 66/66/66 65/65/65
f 62/62/62 67/67/67 66/66/66
f 70/70/70 69/69/69 68/68/68
f 68/68/68 71/71/71 70/70/70
f 71/71/71 72/72/72 70/70/70
f 72/72/72 73/73/73 70/70/70
f 75/75/75 71/71/71 74/74/74
f 74/74/74 76/76/76 75/75/75
f 74/74/74 77/77/77 76/76/76
f 75/75/75 76/76/76 78/78/78
f 79/79/79 75/75/75 78/78/78
f 80/80/80 79/79/79 78/78/78
f 81/81/81 80/80/80 78/78/78
f 77/77/77 82/82/82 76/76/76
f 82/82/82 83/83/83 76/76/76
f 84/84/84 82/82/82 77/77/77
f 84/84/84 85/85/85 82/82/82
f 85/85/85 86/86/86 82/82/82
f 89/89/89 88/88/88 87/87/87
f 89/89/89 87/87/87 90/90/90
f 90/90/90 91/91/91 89/89/89
f 90/90/90 92/92/92 91/91/91
f 95/95/95 94/94/94 93/93/93
f 93/93/93 96/96/96 95/95/95
f 93/93/93 97/97/97 96/96/96
f 100/100/100 99/99/99 98/98/98
f 98/98/98 101/101/101 100/100/100
f 98/98/98 102/102/102 101/101/101
f 102/102/102 103/103/103 101/101/101
f 106/106/106 105/105/105 104/104/104
f 104/104/104 107/107/107 106/106/106
f 104/104/104 108/108/108 107/107/107
f 108/108/108 109/109/109 107/107/107
f 112/112/112 111/111/111 110/110/110
f 110/110/110 113/113/113 112/112/112
f 110/110/110 114/114/114 113/113/113
f 110/110/110 115/115/115 114/114/114
f 118/118/118 117/117/117 116/116/116
f 116/116/116 119/119/119 118/118/118
f 116/116/116 120/120/120 119/119/119
f 123/123/123 122/122/122 121/121/121
f 122/122/122 124/124/124 121/121/121
f 124/124/124 125/125/125 121/121/121
f 125/125/125 126/126/126 121/121/121
f 127/127/127 126/126/126 125/125/125
f 125/125/125 128/128/128 127/127/127
f 127/127/127 129/129/129 126/126/126
f 132/132/132 131/131/131 130/130/130
f 131/131/131 133/133/133 130/130/130
f 131/131/131 134/134/134 133/133/133
f 133/133/133 135/135/135 130/130/130
f 135/135/135 136/136/136 130/130/130
f 134/134/134 137/137/137 133/133/133
f 134/134/134 138/138/138 137/137/137
f 137/137/137 139/139/139 133/133/133
f 139/139/139 140/140/140 133/133/133
f 138/138/138 141/141/141 137/137/137
f 138/138/138 142/142/142 141/141/141
f 141/141/141 143/143/143 137/137/137
f 143/143/143 144/144/144 137/137/137
f 142/142/142 145/145/145 141/141/141
f 142/142/142 146/146/146 145/145/145
f 145/145/145 147/147/147 141/141/141
f 147/147/147 148/148/148 141/141/141
f 146/146/146 149/149/149 145/145/145
f 146/146/146 150/150/150 149/149/149
f 149/149/149 151/151/151 145/145/145
f 151/151/151 152/152/152 145/145/145
f 150/150/150 153/153/153 149/149/149
f 150/150/150 154/154/154 153/153/153
f 153/153/153 155/155/155 149/149/149
f 155/155/155 156/156/156 149/149/149
f 154/154/154 157/157/157 153/153/153
f 154/154/154 158/158/158 157/157/157
f 157/157/157 159/159/159 153/153/153
f 159/159/159 160/160/160 153/153/153
f 158/158/158 161/161/161 157/157/157
f 158/158/158 162/162/162 161/161/161
f 161/161/161 163/163/163 157/157/157
f 163/163/163 164/164/164 157/157/157
f 162/162/162 165/165/165 161/161/161
f 162/162/162 166/166/166 165/165/165
f 165/165/165 167/167/167 161/161/161
f 167/167/167 168/168/168 161/161/161
f 166/166/166 169/169/169 165/165/165
f 166/166/166 170/170/170 169/169/169
f 169/169/169 171/171/171 165/165/165
f 171/171/171 172/172/172 165/165/165
f 170/170/170 173/173/173 169/169/169
f 170/170/170 174/174/174 173/173/173
f 173/173/173 175/175/175 169/169/169
f 175/175/175 176/176/176 169/169/169
f 174/174/174 177/177/177 173/173/173
f 174/174/174 178/178/178 177/177/177
f 177/177/177 179/179/179 173/173/173
f 179/179/179 180/180/180 173/173/173
f 178/178/178 181/181/181 177/177/177
f 178/178/178 182/182/182 181/181/181
f 181/181/181 183/183/183 177/177/177
f 183/183/183 184/184/184 177/177/177
f 182/182/182 185/185/185 181/181/181
f 182/182/182 186/186/186 185/185/185
f 185/185/185 187/187/187 181/181/181
f 187/187/187 188/188/188 181/181/181
f 186/186/186 189/189/189 185/185/185
f 186/186/186 190/190/190 189/189/189
f 190/190/190 191/191/191 189/189/189
f 191/191/191 192/192/192 189/189/189
f 192/192/192 193/193/193 189/189/189
f 189/189/189 194/194/194 185/185/185
f 194/194/194 195/195/195 185/185/185
f 198/198/198 197/197/197 196/196/196
f 197/197/197 199/199/199 196/196/196
f 196/196/196 199/199/199 200/200/200
f 199/199/199 201/201/201 200/200/200
f 200/200/200 201/201/201 202/202/202
f 201/201/201 203/203/203 202/202/202
f 202/202/202 203/203/203 204/204/204
f 203/203/203 205/205/205 204/204/204
f 204/204/204 205/205/205 206/206/206
f 205/205/205 207/207/207 206/206/206
f 206/206/206 207/207/207 208/208/208
f 207/207/207 209/209/209 208/208/208
f 208/208/208 209/209/209 210/210/210
f 209/209/209 211/211/211 210/210/210
f 210/210/210 211/211/211 212/212/212
f 211/211/211 213/213/213 212/212/212
f 212/212/212 213/213/213 214/214/214
f 213/213/213 215/215/215 214/214/214
f 214/214/214 215/215/215 216/216/216
f 215/215/215 217/217/217 216/216/216
f 216/216/216 217/217/217 218/218/218
f 217/217/217 219/219/219 218/218/218
f 218/218/218 219/219/219 220/220/220
f 219/219/219 221/221/221 220/220/220
f 220/220/220 221/221/221 222/222/222
f 221/221/221 223/223/223 222/222/222
f 222/222/222 223/223/223 224/224/224
f 223/223/223 225/225/225 224/224/224
f 224/224/224 225/225/225 226/226/226
f 225/225/225 227/227/227 226/226/226
f 226/226/226 227/227/227 228/228/228
f 227/227/227 229/229/229 228/228/228
f 215/215/215 230/230/230 217/217/217
f 217/217/217 231/231/231 219/219/219
f 230/230/230 231/231/231 217/217/217
f 219/219/219 232/232/232 221/221/221
f 231/231/231 232/232/232 219/219/219
f 221/221/221 233/233/233 223/223/223
f 232/232/232 233/233/233 221/221/221
f 223/223/223 234/234/234 225/225/225
f 233/233/233 234/234/234 223/223/223
f 225/225/225 235/235/235 227/227/227
f 234/234/234 235/235/235 225/225/225
f 227/227/227 236/236/236 229/229/229
f 235/235/235 236/236/236 227/227/227
f 237/237/237 230/230/230 215/215/215
f 213/213/213 237/237/237 215/215/215
f 236/236/236 238/238/238 229/229/229
f 229/229/229 238/238/238 239/239/239
f 240/240/240 237/237/237 213/213/213
f 211/211/211 240/240/240 213/213/213
f 238/238/238 241/241/241 239/239/239
f 239/239/239 241/241/241 242/242/242
f 243/243/243 240/240/240 211/211/211
f 209/209/209 243/243/243 211/211/211
f 241/241/241 244/244/244 242/242/242
f 242/242/242 244/244/244 245/245/245
f 246/246/246 243/243/243 209/209/209
f 207/207/207 246/246/246 209/209/209
f 244/244/244 247/247/247 245/245/245
f 245/245/245 247/247/247 205/205/205
f 205/205/205 248/248/248 207/207/207
f 248/248/248 246/246/246 207/207/207
f 247/247/247 248/248/248 205/205/205
f 238/238/238 249/249/249 241/241/241
f 241/241/241 250/250/250 244/244/244
f 249/249/249 250/250/250 241/241/241
f 244/244/244 251/251/251 247/247/247
f 250/250/250 251/251/251 244/244/244
f 247/247/247 252/252/252 248/248/248
f 251/251/251 252/252/252 247/247/247
f 248/248/248 253/253/253 246/246/246
f 252/252/252 253/253/253 248/248/248
f 253/253/253 254/254/254 246/246/246
f 254/254/254 253/253/253 252/252/252
f 252/252/252 251/251/251 254/254/254
f 246/246/246 254/254/254 243/243/243
f 251/251/251 255/255/255 254/254/254
f 254/254/254 255/255/255 243/243/243
f 251/251/251 250/250/250 255/255/255
f 243/243/243 255/255/255 240/240/240
f 250/250/250 256/256/256 255/255/255
f 255/255/255 256/256/256 240/240/240
f 250/250/250 249/249/249 256/256/256
f 240/240/240 256/256/256 237/237/237
f 256/256/256 257/257/257 237/237/237
f 249/249/249 257/257/257 256/256/256
f 237/237/237 257/257/257 230/230/230
f 249/249/249 258/258/258 257/257/257
f 258/258/258 249/249/249 238/238/238
f 236/236/236 258/258/258 238/238/238
f 257/257/257 259/259/259 230/230/230
f 258/258/258 259/259/259 257/257/257
f 230/230/230 259/259/259 231/231/231
f 260/260/260 258/258/258 236/236/236
f 258/258/258 260/260/260 259/259/259
f 235/235/235 260/260/260 236/236/236
f 259/259/259 261/261/261 231/231/231
f 260/260/260 261/261/261 259/259/259
f 231/231/231 261/261/261 232/232/232
f 262/262/262 260/260/260 235/235/235
f 260/260/260 262/262/262 261/261/261
f 234/234/234 262/262/262 235/235/235
f 261/261/261 263/263/263 232/232/232
f 262/262/262 263/263/263 261/261/261
f 232/232/232 263/263/263 233/233/233
f 264/264/264 262/262/262 234/234/234
f 233/233/233 264/264/264 234/234/234
f 263/263/263 264/264/264 233/233/233
f 262/262/262 264/264/264 263/263/263
f 267/267/267 266/266/266 265/265/265
f 266/266/266 268/268/268 265/265/265
f 268/268/268 266/266/266 269/269/269
f 269/269/269 266/266/266 270/270/270
f 271/271/271 268/268/268 269/269/269
f 266/266/266 272/272/272 270/270/270
f 272/272/272 266/266/266 273/273/273
f 274/274/274 272/272/272 273/273/273
f 270/270/270 272/272/272 275/275/275
f 272/272/272 276/276/276 275/275/275
f 276/276/276 272/272/272 277/277/277
f 278/278/278 276/276/276 277/277/277
f 275/275/275 276/276/276 279/279/279
f 276/276/276 280/280/280 279/279/279
f 280/280/280 276/276/276 281/281/281
f 282/282/282 280/280/280 281/281/281
f 279/279/279 280/280/280 283/283/283
f 280/280/280 284/284/284 283/283/283
f 284/284/284 280/280/280 285/285/285
f 286/286/286 284/284/284 285/285/285
f 283/283/283 284/284/284 287/287/287
f 284/284/284 288/288/288 287/287/287
f 288/288/288 284/284/284 289/289/289
f 290/290/290 288/288/288 289/289/289
f 287/287/287 288/288/288 291/291/291
f 288/288/288 292/292/292 291/291/291
f 292/292/292 288/288/288 293/293/293
f 294/294/294 292/292/292 293/293/293
f 291/291/291 292/292/292 295/295/295
f 292/292/292 296/296/296 295/295/295
f 296/296/296 292/292/292 297/297/297
f 298/298/298 296/296/296 297/297/297
f 295/295/295 296/296/296 299/299/299
f 296/296/296 300/300/300 299/299/299
f 300/300/300 296/296/296 301/301/301
f 302/302/302 300/300/300 301/301/301
f 299/299/299 300/300/300 303/303/303
f 300/300/300 304/304/304 303/303/303
f 304/304/304 300/300/300 305/305/305
f 306/306/306 304/304/304 305/305/305
f 303/303/303 304/304/304 307/307/307
f 304/304/304 308/308/308 307/307/307
f 308/308/308 304/304/304 309/309/309
f 310/310/310 308/308/308 309/309/309
f 307/307/307 308/308/308 311/311/311
f 308/308/308 312/312/312 311/311/311
f 312/312/312 308/308/308 313/313/313
f 314/314/314 312/312/312 313/313/313
f 311/311/311 312/312/312 315/315/315
f 312/312/312 316/316/316 315/315/315
f 316/316/316 312/312/312 317/317/317
f 318/318/318 316/316/316 317/317/317
f 315/315/315 316/316/316 319/319/319
f 316/316/316 320/320/320 319/319/319
f 320/320/320 316/316/316 321/321/321
f 322/322/322 320/320/320 321/321/321
f 319/319/319 320/320/320 323/323/323
f 320/320/320 324/324/324 323/323/323
f 323/323/323 324/324/324 271/271/271
f 324/324/324 320/320/320 325/325/325
f 326/326/326 324/324/324 325/325/325
f 324/324/324 268/268/268 271/271/271
f 268/268/268 324/324/324 327/327/327
f 328/328/328 268/268/268 327/327/327
f 331/331/331 330/330/330 329/329/329
f 332/332/332 331/331/331 329/329/329
f 333/333/333 331/331/331 332/332/332
f 334/334/334 333/333/333 332/332/332
f 335/335/335 333/333/333 334/334/334
f 336/336/336 335/335/335 334/334/334
f 337/337/337 335/335/335 336/336/336
f 338/338/338 336/336/336 334/334/334
f 339/339/339 338/338/338 334/334/334
f 338/338/338 340/340/340 336/336/336
f 341/341/341 337/337/337 336/336/336
f 340/340/340 341/341/341 336/336/336
f 342/342/342 337/337/337 341/341/341
f 340/340/340 343/343/343 341/341/341
f 344/344/344 342/342/342 341/341/341
f 343/343/343 344/344/344 341/341/341
f 345/345/345 342/342/342 344/344/344
f 343/343/343 346/346/346 344/344/344
f 347/347/347 345/345/345 344/344/344
f 346/346/346 347/347/347 344/344/344
f 348/348/348 345/345/345 347/347/347
f 346/346/346 349/349/349 347/347/347
f 350/350/350 348/348/348 347/347/347
f 349/349/349 350/350/350 347/347/347
f 351/351/351 348/348/348 350/350/350
f 349/349/349 352/352/352 350/350/350
f 353/353/353 351/351/351 350/350/350
f 352/352/352 353/353/353 350/350/350
f 354/354/354 351/351/351 353/353/353
f 352/352/352 355/355/355 353/353/353
f 356/356/356 354/354/354 353/353/353
f 355/355/355 356/356/356 353/353/353
f 357/357/357 354/354/354 356/356/356
f 355/355/355 358/358/358 356/356/356
f 359/359/359 357/357/357 356/356/356
f 358/358/358 359/359/359 356/356/356
f 360/360/360 357/357/357 359/359/359
f 358/358/358 361/361/361 359/359/359
f 362/362/362 360/360/360 359/359/359
f 361/361/361 362/362/362 359/359/359
f 361/361/361 363/363/363 362/362/362
f 364/364/364 360/360/360 362/362/362
f 363/363/363 365/365/365 362/362/362
f 365/365/365 364/364/364 362/362/362
f 366/366/366 364/364/364 365/365/365
f 367/367/367 366/366/366 365/365/365
f 368/368/368 366/366/366 367/367/367
f 369/369/369 368/368/368 367/367/367
f 370/370/370 368/368/368 369/369/369
f 371/371/371 370/370/370 369/369/369
f 372/372/372 370/370/370 371/371/371
f 373/373/373 372/372/372 371/371/371
f 376/376/376 375/375/375 374/374/374
f 377/377/377 376/376/376 374/374/374
f 377/377/377 374/374/374 378/378/378
f 379/379/379 377/377/377 378/378/378
f 376/376/376 377/377/377 380/380/380
f 377/377/377 379/379/379 381/381/381
f 377/377/377 381/381/381 380/380/380
f 376/376/376 380/380/380 382/382/382
f 383/383/383 376/376/376 382/382/382
f 383/383/383 382/382/382 384/384/384
f 385/385/385 383/383/383 384/384/384
f 385/385/385 384/384/384 386/386/386
f 387/387/387 385/385/385 386/386/386
f 387/387/387 386/386/386 388/388/388
f 389/389/389 387/387/387 388/388/388
f 389/389/389 388/388/388 390/390/390
f 391/391/391 389/389/389 390/390/390
f 391/391/391 390/390/390 392/392/392
f 393/393/393 391/391/391 392/392/392
f 393/393/393 392/392/392 394/394/394
f 395/395/395 393/393/393 394/394/394
f 395/395/395 394/394/394 396/396/396
f 397/397/397 395/395/395 396/396/396
f 397/397/397 396/396/396 398/398/398
f 399/399/399 397/397/397 398/398/398
f 399/399/399 398/398/398 400/400/400
f 401/401/401 399/399/399 400/400/400
f 388/388/388 386/386/386 402/402/402
f 390/390/390 388/388/388 403/403/403
f 403/403/403 388/388/388 402/402/402
f 392/392/392 390/390/390 404/404/404
f 404/404/404 390/390/390 403/403/403
f 405/405/405 392/392/392 404/404/404
f 394/394/394 392/392/392 405/405/405
f 405/405/405 404/404/404 403/403/403
f 406/406/406 394/394/394 405/405/405
f 406/406/406 405/405/405 403/403/403
f 396/396/396 394/394/394 406/406/406
f 406/406/406 403/403/403 402/402/402
f 407/407/407 396/396/396 406/406/406
f 398/398/398 396/396/396 407/407/407
f 407/407/407 406/406/406 402/402/402
f 402/402/402 386/386/386 408/408/408
f 407/407/407 402/402/402 408/408/408
f 386/386/386 384/384/384 408/408/408
f 409/409/409 398/398/398 407/407/407
f 409/409/409 407/407/407 408/408/408
f 400/400/400 398/398/398 409/409/409
f 408/408/408 384/384/384 410/410/410
f 409/409/409 408/408/408 410/410/410
f 384/384/384 382/382/382 410/410/410
f 411/411/411 400/400/400 409/409/409
f 411/411/411 409/409/409 410/410/410
f 410/410/410 382/382/382 412/412/412
f 411/411/411 410/410/410 412/412/412
f 382/382/382 380/380/380 412/412/412
f 413/413/413 400/400/400 411/411/411
f 401/401/401 400/400/400 413/413/413
f 412/412/412 380/380/380 414/414/414
f 380/380/380 381/381/381 414/414/414
f 415/415/415 411/411/411 412/412/412
f 415/415/415 413/413/413 411/411/411
f 415/415/415 412/412/412 414/414/414
f 416/416/416 401/401/401 413/413/413
f 401/401/401 416/416/416 417/417/417
f 416/416/416 418/418/418 417/417/417
f 419/419/419 413/413/413 415/415/415
f 416/416/416 413/413/413 419/419/419
f 416/416/416 420/420/420 418/418/418
f 420/420/420 416/416/416 419/419/419
f 420/420/420 421/421/421 418/418/418
f 422/422/422 419/419/419 415/415/415
f 422/422/422 415/415/415 414/414/414
f 414/414/414 381/381/381 423/423/423
f 379/379/379 423/423/423 381/381/381
f 420/420/420 424/424/424 421/421/421
f 379/379/379 424/424/424 423/423/423
f 424/424/424 425/425/425 421/421/421
f 424/424/424 379/379/379 425/425/425
f 379/379/379 426/426/426 425/425/425
f 420/420/420 419/419/419 427/427/427
f 424/424/424 420/420/420 427/427/427
f 427/427/427 419/419/419 422/422/422
f 424/424/424 427/427/427 423/423/423
f 422/422/422 414/414/414 428/428/428
f 428/428/428 414/414/414 423/423/423
f 429/429/429 427/427/427 422/422/422
f 423/423/423 427/427/427 429/429/429
f 428/428/428 423/423/423 429/429/429
f 428/428/428 429/429/429 422/422/422
f 432/432/432 431/431/431 430/430/430
f 430/430/430 433/433/433 432/432/432
f 430/430/430 434/434/434 433/433/433
f 430/430/430 435/435/435 434/434/434
f 435/435/435 436/436/436 434/434/434
f 439/439/439 438/438/438 437/437/437
f 437/437/437 440/440/440 439/439/439
f 437/437/437 441/441/441 440/440/440
f 441/441/441 442/442/442 440/440/440
f 442/442/442 443/443/443 440/440/440
f 446/446/446 445/445/445 444/444/444
f 447/447/447 446/446/446 444/444/444
f 448/448/448 446/446/446 447/447/447
f 449/449/449 447/447/447 444/444/444
f 450/450/450 449/449/449 444/444/444
f 451/451/451 448/448/448 447/447/447
f 452/452/452 448/448/448 451/451/451
f 453/453/453 451/451/451 447/447/447
f 454/454/454 453/453/453 447/447/447
f 455/455/455 452/452/452 451/451/451
f 456/456/456 452/452/452 455/455/455
f 457/457/457 455/455/455 451/451/451
f 458/458/458 457/457/457 451/451/451
f 459/459/459 456/456/456 455/455/455
f 460/460/460 456/456/456 459/459/459
f 461/461/461 459/459/459 455/455/455
f 462/462/462 461/461/461 455/455/455
f 463/463/463 460/460/460 459/459/459
f 464/464/464 460/460/460 463/463/463
f 465/465/465 463/463/463 459/459/459
f 466/466/466 465/465/465 459/459/459
f 467/467/467 464/464/464 463/463/463
f 468/468/468 464/464/464 467/467/467
f 469/469/469 467/467/467 463/463/463
f 470/470/470 469/469/469 463/463/463
f 471/471/471 468/468/468 467/467/467
f 472/472/472 468/468/468 471/471/471
f 473/473/473 471/471/471 467/467/467
f 474/474/474 473/473/473 467/467/467
f 475/475/475 472/472/472 471/471/471
f 476/476/476 472/472/472 475/475/475
f 477/477/477 475/475/475 471/471/471
f 478/478/478 477/477/477 471/471/471
f 479/479/479 476/476/476 475/475/475
f 480/480/480 476/476/476 479/479/479
f 481/481/481 479/479/479 475/475/475
f 482/482/482 481/481/481 475/475/475
f 483/483/483 480/480/480 479/479/479
f 484/484/484 480/480/480 483/483/483
f 485/485/485 483/483/483 479/479/479
f 486/486/486 485/485/485 479/479/479
f 487/487/487 484/484/484 483/483/483
f 488/488/488 484/484/484 487/487/487
f 489/489/489 487/487/487 483/483/483
f 490/490/490 489/489/489 483/483/483
f 491/491/491 488/488/488 487/487/487
f 492/492/492 488/488/488 491/491/491
f 493/493/493 491/491/491 487/487/487
f 494/494/494 493/493/493 487/487/487
f 495/495/495 492/492/492 491/491/491
f 496/496/496 492/492/492 495/495/495
f 497/497/497 495/495/495 491/491/491
f 498/498/498 497/497/497 491/491/491
f 499/499/499 496/496/496 495/495/495
f 500/500/500 496/496/496 499/499/499
f 501/501/501 499/499/499 495/495/495
f 502/502/502 501/501/501 495/495/495
f 503/503/503 500/500/500 499/499/499
f 504/504/504 500/500/500 503/503/503
f 505/505/505 504/504/504 503/503/503
f 506/506/506 505/505/505 503/503/503
f 507/507/507 506/506/506 503/503/503
f 508/508/508 503/503/503 499/499/499
f 509/509/509 508/508/508 499/499/499
f 512/512/512 511/511/511 510/510/510
f 513/513/513 512/512/512 510/510/510
f 513/513/513 510/510/510 514/514/514
f 515/515/515 513/513/513 514/514/514
f 515/515/515 514/514/514 516/516/516
f 517/517/517 515/515/515 516/516/516
f 517/517/517 516/516/516 518/518/518
f 519/519/519 517/517/517 518/518/518
f 519/519/519 518/518/518 520/520/520
f 521/521/521 519/519/519 520/520/520
f 521/521/521 520/520/520 522/522/522
f 523/523/523 521/521/521 522/522/522
f 523/523/523 522/522/522 524/524/524
f 525/525/525 523/523/523 524/524/524
f 525/525/525 524/524/524 526/526/526
f 527/527/527 525/525/525 526/526/526
f 527/527/527 526/526/526 528/528/528
f 529/529/529 527/527/527 528/528/528
f 529/529/529 528/528/528 530/530/530
f 531/531/531 529/529/529 530/530/530
f 531/531/531 530/530/530 532/532/532
f 533/533/533 531/531/531 532/532/532
f 533/533/533 532/532/532 534/534/534
f 535/535/535 533/533/533 534/534/534
f 535/535/535 534/534/534 536/536/536
f 537/537/537 535/535/535 536/536/536
f 537/537/537 536/536/536 538/538/538
f 539/539/539 537/537/537 538/538/538
f 539/539/539 538/538/538 540/540/540
f 541/541/541 539/539/539 540/540/540
f 541/541/541 540/540/540 542/542/542
f 543/543/543 541/541/541 542/542/542
f 544/544/544 529/529/529 531/531/531
f 545/545/545 531/531/531 533/533/533
f 545/545/545 544/544/544 531/531/531
f 546/546/546 533/533/533 535/535/535
f 546/546/546 545/545/545 533/533/533
f 547/547/547 535/535/535 537/537/537
f 547/547/547 546/546/546 535/535/535
f 548/548/548 537/537/537 539/539/539
f 548/548/548 547/547/547 537/537/537
f 549/549/549 539/539/539 541/541/541
f 549/549/549 548/548/548 539/539/539
f 550/550/550 541/541/541 543/543/543
f 550/550/550 549/549/549 541/541/541
f 544/544/544 551/551/551 529/529/529
f 551/551/551 527/527/527 529/529/529
f 552/552/552 550/550/550 543/543/543
f 552/552/552 543/543/543 553/553/553
f 551/551/551 554/554/554 527/527/527
f 554/554/554 525/525/525 527/527/527
f 555/555/555 552/552/552 553/553/553
f 555/555/555 553/553/553 556/556/556
f 554/554/554 557/557/557 525/525/525
f 557/557/557 523/523/523 525/525/525
f 558/558/558 555/555/555 556/556/556
f 558/558/558 556/556/556 559/559/559
f 557/557/557 560/560/560 523/523/523
f 560/560/560 521/521/521 523/523/523
f 561/561/561 558/558/558 559/559/559
f 561/561/561 559/559/559 519/519/519
f 562/562/562 519/519/519 521/521/521
f 560/560/560 562/562/562 521/521/521
f 562/562/562 561/561/561 519/519/519
f 563/563/563 552/552/552 555/555/555
f 564/564/564 555/555/555 558/558/558
f 564/564/564 563/563/563 555/555/555
f 565/565/565 558/558/558 561/561/561
f 565/565/565 564/564/564 558/558/558
f 566/566/566 561/561/561 562/562/562
f 566/566/566 565/565/565 561/561/561
f 567/567/567 562/562/562 560/560/560
f 567/567/567 566/566/566 562/562/562
f 568/568/568 567/567/567 560/560/560
f 566/566/566 567/567/567 568/568/568
f 568/568/568 565/565/565 566/566/566
f 568/568/568 560/560/560 557/557/557
f 568/568/568 569/569/569 565/565/565
f 569/569/569 568/568/568 557/557/557
f 569/569/569 564/564/564 565/565/565
f 569/569/569 557/557/557 554/554/554
f 569/569/569 570/570/570 564/564/564
f 570/570/570 569/569/569 554/554/554
f 570/570/570 563/563/563 564/564/564
f 570/570/570 554/554/554 551/551/551
f 571/571/571 570/570/570 551/551/551
f 570/570/570 571/571/571 563/563/563
f 571/571/571 551/551/551 544/544/544
f 571/571/571 572/572/572 563/563/563
f 563/563/563 572/572/572 552/552/552
f 572/572/572 550/550/550 552/552/552
f 573/573/573 571/571/571 544/544/544
f 571/571/571 573/573/573 572/572/572
f 573/573/573 544/544/544 545/545/545
f 572/572/572 574/574/574 550/550/550
f 573/573/573 574/574/574 572/572/572
f 574/574/574 549/549/549 550/550/550
f 575/575/575 573/573/573 545/545/545
f 573/573/573 575/575/575 574/574/574
f 575/575/575 545/545/545 546/546/546
f 574/574/574 576/576/576 549/549/549
f 575/575/575 576/576/576 574/574/574
f 576/576/576 548/548/548 549/549/549
f 577/577/577 575/575/575 546/546/546
f 575/575/575 577/577/577 576/576/576
f 577/577/577 546/546/546 547/547/547
f 578/578/578 547/547/547 548/548/548
f 576/576/576 578/578/578 548/548/548
f 578/578/578 577/577/577 547/547/547
f 577/577/577 578/578/578 576/576/576
f 581/581/581 580/580/580 579/579/579
f 582/582/582 581/581/581 579/579/579
f 581/581/581 582/582/582 583/583/583
f 581/581/581 583/583/583 584/584/584
f 582/582/582 585/585/585 583/583/583
f 586/586/586 581/581/581 584/584/584
f 581/581/581 586/586/586 587/587/587
f 586/586/586 588/588/588 587/587/587
f 586/586/586 584/584/584 589/589/589
f 590/590/590 586/586/586 589/589/589
f 586/586/586 590/590/590 591/591/591
f 590/590/590 592/592/592 591/591/591
f 590/590/590 589/589/589 593/593/593
f 594/594/594 590/590/590 593/593/593
f 590/590/590 594/594/594 595/595/595
f 594/594/594 596/596/596 595/595/595
f 594/594/594 593/593/593 597/597/597
f 598/598/598 594/594/594 597/597/597
f 594/594/594 598/598/598 599/599/599
f 598/598/598 600/600/600 599/599/599
f 598/598/598 597/597/597 601/601/601
f 602/602/602 598/598/598 601/601/601
f 598/598/598 602/602/602 603/603/603
f 602/602/602 604/604/604 603/603/603
f 602/602/602 601/601/601 605/605/605
f 606/606/606 602/602/602 605/605/605
f 602/602/602 606/606/606 607/607/607
f 606/606/606 608/608/608 607/607/607
f 606/606/606 605/605/605 609/609/609
f 610/610/610 606/606/606 609/609/609
f 606/606/606 610/610/610 611/611/611
f 610/610/610 612/612/612 611/611/611
f 610/610/610 609/609/609 613/613/613
f 614/614/614 610/610/610 613/613/613
f 610/610/610 614/614/614 615/615/615
f 614/614/614 616/616/616 615/615/615
f 614/614/614 613/613/613 617/617/617
f 618/618/618 614/614/614 617/617/617
f 614/614/614 618/618/618 619/619/619
f 618/618/618 620/620/620 619/619/619
f 618/618/618 617/617/617 621/621/621
f 622/622/622 618/618/618 621/621/621
f 618/618/618 622/622/622 623/623/623
f 622/622/622 624/624/624 623/623/623
f 622/622/622 621/621/621 625/625/625
f 626/626/626 622/622/622 625/625/625
f 622/622/622 626/626/626 627/627/627
f 626/626/626 628/628/628 627/627/627
f 626/626/626 625/625/625 629/629/629
f 630/630/630 626/626/626 629/629/629
f 626/626/626 630/630/630 631/631/631
f 630/630/630 632/632/632 631/631/631
f 630/630/630 629/629/629 633/633/633
f 634/634/634 630/630/630 633/633/633
f 630/630/630 634/634/634 635/635/635
f 634/634/634 636/636/636 635/635/635
f 634/634/634 633/633/633 637/637/637
f 638/638/638 634/634/634 637/637/637
f 638/638/638 637/637/637 585/585/585
f 634/634/634 638/638/638 639/639/639
f 638/638/638 640/640/640 639/639/639
f 582/582/582 638/638/638 585/585/585
f 638/638/638 582/582/582 641/641/641
f 582/582/582 642/642/642 641/641/641
f 645/645/645 644/644/644 643/643/643
f 644/644/644 646/646/646 643/643/643
f 644/644/644 647/647/647 646/646/646
f 647/647/647 648/648/648 646/646/646
f 647/647/647 649/649/649 648/648/648
f 649/649/649 650/650/650 648/648/648
f 649/649/649 651/651/651 650/650/650
f 650/650/650 652/652/652 648/648/648
f 652/652/652 653/653/653 648/648/648
f 654/654/654 652/652/652 650/650/650
f 651/651/651 655/655/655 650/650/650
f 655/655/655 654/654/654 650/650/650
f 651/651/651 656/656/656 655/655/655
f 657/657/657 654/654/654 655/655/655
f 656/656/656 658/658/658 655/655/655
f 658/658/658 657/657/657 655/655/655
f 656/656/656 659/659/659 658/658/658
f 660/660/660 657/657/657 658/658/658
f 659/659/659 661/661/661 658/658/658
f 661/661/661 660/660/660 658/658/658
f 659/659/659 662/662/662 661/661/661
f 663/663/663 660/660/660 661/661/661
f 662/662/662 664/664/664 661/661/661
f 664/664/664 663/663/663 661/661/661
f 662/662/662 665/665/665 664/664/664
f 666/666/666 663/663/663 664/664/664
f 665/665/665 667/667/667 664/664/664
f 667/667/667 666/666/666 664/664/664
f 665/665/665 668/668/668 667/667/667
f 669/669/669 666/666/666 667/667/667
f 668/668/668 670/670/670 667/667/667
f 670/670/670 669/669/669 667/667/667
f 668/668/668 671/671/671 670/670/670
f 672/672/672 669/669/669 670/670/670
f 671/671/671 673/673/673 670/670/670
f 673/673/673 672/672/672 670/670/670
f 671/671/671 674/674/674 673/673/673
f 675/675/675 672/672/672 673/673/673
f 674/674/674 676/676/676 673/673/673
f 676/676/676 675/675/675 673/673/673
f 677/677/677 675/675/675 676/676/676
f 674/674/674 678/678/678 676/676/676
f 679/679/679 677/677/677 676/676/676
f 678/678/678 679/679/679 676/676/676
f 678/678/678 680/680/680 679/679/679
f 680/680/680 681/681/681 679/679/679
f 680/680/680 682/682/682 681/681/681
f 682/682/682 683/683/683 681/681/681
f 682/682/682 684/684/684 683/683/683
f 684/684/684 685/685/685 683/683/683
f 684/684/684 686/686/686 685/685/685
f 686/686/686 687/687/687 685/685/685
f 690/690/690 689/689/689 688/688/688
f 689/689/689 691/691/691 688/688/688
f 688/688/688 691/691/691 692/692/692
f 691/691/691 693/693/693 692/692/692
f 691/691/691 689/689/689 694/694/694
f 693/693/693 691/691/691 695/695/695
f 695/695/695 691/691/691 694/694/694
f 694/694/694 689/689/689 696/696/696
f 689/689/689 697/697/697 696/696/696
f 696/696/696 697/697/697 698/698/698
f 697/697/697 699/699/699 698/698/698
f 698/698/698 699/699/699 700/700/700
f 699/699/699 701/701/701 700/700/700
f 700/700/700 701/701/701 702/702/702
f 701/701/701 703/703/703 702/702/702
f 702/702/702 703/703/703 704/704/704
f 703/703/703 705/705/705 704/704/704
f 704/704/704 705/705/705 706/706/706
f 705/705/705 707/707/707 706/706/706
f 706/706/706 707/707/707 708/708/708
f 707/707/707 709/709/709 708/708/708
f 708/708/708 709/709/709 710/710/710
f 709/709/709 711/711/711 710/710/710
f 710/710/710 711/711/711 712/712/712
f 711/711/711 713/713/713 712/712/712
f 712/712/712 713/713/713 714/714/714
f 713/713/713 715/715/715 714/714/714
f 700/700/700 702/702/702 716/716/716
f 702/702/702 704/704/704 717/717/717
f 716/716/716 702/702/702 717/717/717
f 717/717/717 704/704/704 718/718/718
f 704/704/704 706/706/706 718/718/718
f 716/716/716 717/717/717 718/718/718
f 718/718/718 706/706/706 719/719/719
f 706/706/706 708/708/708 719/719/719
f 716/716/716 718/718/718 719/719/719
f 720/720/720 700/700/700 716/716/716
f 720/720/720 716/716/716 719/719/719
f 698/698/698 700/700/700 720/720/720
f 719/719/719 708/708/708 721/721/721
f 720/720/720 719/719/719 721/721/721
f 708/708/708 710/710/710 721/721/721
f 722/722/722 698/698/698 720/720/720
f 722/722/722 720/720/720 721/721/721
f 696/696/696 698/698/698 722/722/722
f 721/721/721 710/710/710 723/723/723
f 722/722/722 721/721/721 723/723/723
f 710/710/710 712/712/712 723/723/723
f 724/724/724 696/696/696 722/722/722
f 724/724/724 722/722/722 723/723/723
f 694/694/694 696/696/696 724/724/724
f 723/723/723 712/712/712 725/725/725
f 724/724/724 723/723/723 725/725/725
f 712/712/712 714/714/714 725/725/725
f 726/726/726 694/694/694 724/724/724
f 726/726/726 724/724/724 725/725/725
f 695/695/695 694/694/694 726/726/726
f 725/725/725 714/714/714 727/727/727
f 726/726/726 725/725/725 727/727/727
f 728/728/728 695/695/695 726/726/726
f 728/728/728 726/726/726 727/727/727
f 714/714/714 729/729/729 727/727/727
f 714/714/714 715/715/715 729/729/729
f 695/695/695 728/728/728 730/730/730
f 730/730/730 693/693/693 695/695/695
f 728/728/728 727/727/727 731/731/731
f 727/727/727 729/729/729 731/731/731
f 715/715/715 732/732/732 729/729/729
f 732/732/732 715/715/715 733/733/733
f 734/734/734 732/732/732 733/733/733
f 729/729/729 732/732/732 735/735/735
f 729/729/729 735/735/735 731/731/731
f 736/736/736 732/732/732 734/734/734
f 732/732/732 736/736/736 735/735/735
f 737/737/737 736/736/736 734/734/734
f 738/738/738 728/728/728 731/731/731
f 728/728/728 738/738/738 730/730/730
f 731/731/731 735/735/735 739/739/739
f 731/731/731 739/739/739 738/738/738
f 735/735/735 740/740/740 739/739/739
f 739/739/739 740/740/740 738/738/738
f 735/735/735 736/736/736 740/740/740
f 740/740/740 730/730/730 738/738/738
f 741/741/741 736/736/736 737/737/737
f 736/736/736 741/741/741 740/740/740
f 740/740/740 741/741/741 730/730/730
f 742/742/742 741/741/741 737/737/737
f 741/741/741 693/693/693 730/730/730
f 693/693/693 741/741/741 742/742/742
f 743/743/743 693/693/693 742/742/742
f 746/746/746 745/745/745 744/744/744
f 745/745/745 747/747/747 744/744/744
f 745/745/745 748/748/748 747/747/747
f 748/748/748 749/749/749 747/747/747
f 748/748/748 750/750/750 749/749/749
f 750/750/750 751/751/751 749/749/749
f 750/750/750 752/752/752 751/751/751
f 752/752/752 753/753/753 751/751/751
f 752/752/752 754/754/754 753/753/753
f 754/754/754 755/755/755 753/753/753
f 754/754/754 756/756/756 755/755/755
f 756/756/756 757/757/757 755/755/755
f 756/756/756 758/758/758 757/757/757
f 758/758/758 759/759/759 757/757/757
f 758/758/758 760/760/760 759/759/759
f 760/760/760 761/761/761 759/759/759
f 760/760/760 762/762/762 761/761/761
f 762/762/762 763/763/763 761/761/761
f 762/762/762 764/764/764 763/763/763
f 764/764/764 765/765/765 763/763/763
f 764/764/764 766/766/766 765/765/765
f 766/766/766 767/767/767 765/765/765
f 766/766/766 768/768/768 767/767/767
f 768/768/768 769/769/769 767/767/767
f 772/772/772 771/771/771 770/770/770
f 770/770/770 773/773/773 772/772/772
f 773/773/773 774/774/774 772/772/772
f 773/773/773 775/775/775 774/774/774
f 775/775/775 776/776/776 774/774/774
f 775/775/775 777/777/777 776/776/776
f 777/777/777 778/778/778 776/776/776
f 777/777/777 779/779/779 778/778/778
f 779/779/779 780/780/780 778/778/778
f 779/779/779 781/781/781 780/780/780
f 784/784/784 783/783/783 782/782/782
f 782/782/782 785/785/785 784/784/784
f 785/785/785 786/786/786 784/784/784
f 785/785/785 787/787/787 786/786/786
f 787/787/787 788/788/788 786/786/786
f 787/787/787 789/789/789 788/788/788
f 789/789/789 790/790/790 788/788/788
f 789/789/789 791/791/791 790/790/790
f 791/791/791 792/792/792 790/790/790
f 791/791/791 793/793/793 792/792/792
f 796/796/796 795/795/795 794/794/794
f 795/795/795 797/797/797 794/794/794
f 800/800/800 799/799/799 798/798/798
f 799/799/799 801/801/801 798/798/798
f 804/804/804 803/803/803 802/802/802
f 802/802/802 805/805/805 804/804/804
f 805/805/805 806/806/806 804/804/804
f 805/805/805 807/807/807 806/806/806
f 807/807/807 808/808/808 806/806/806
f 807/807/807 809/809/809 808/808/808
f 809/809/809 810/810/810 808/808/808
f 809/809/809 811/811/811 810/810/810
f 811/811/811 812/812/812 810/810/810
f 811/811/811 813/813/813 812/812/812
f 816/816/816 815/815/815 814/814/814
f 815/815/815 817/817/817 814/814/814
f 815/815/815 818/818/818 817/817/817
f 818/818/818 819/819/819 817/817/817
f 818/818/818 820/820/820 819/819/819
f 820/820/820 821/821/821 819/819/819
f 820/820/820 822/822/822 821/821/821
f 822/822/822 823/823/823 821/821/821
f 822/822/822 824/824/824 823/823/823
f 824/824/824 825/825/825 823/823/823
f 824/824/824 826/826/826 825/825/825
f 826/826/826 827/827/827 825/825/825
f 826/826/826 828/828/828 827/827/827
f 828/828/828 829/829/829 827/827/827
f 828/828/828 830/830/830 829/829/829
f 830/830/830 831/831/831 829/829/829
f 830/830/830 832/832/832 831/831/831
f 832/832/832 833/833/833 831/831/831
f 832/832/832 834/834/834 833/833/833
f 834/834/834 835/835/835 833/833/833
f 834/834/834 836/836/836 835/835/835
f 836/836/836 837/837/837 835/835/835
f 836/836/836 838/838/838 837/837/837
f 838/838/838 839/839/839 837/837/837
f 842/842/842 841/841/841 840/840/840
f 840/840/840 843/843/843 842/842/842
f 843/843/843 844/844/844 842/842/842
f 843/843/843 845/845/845 844/844/844
f 845/845/845 846/846/846 844/844/844
f 845/845/845 847/847/847 846/846/846
f 847/847/847 848/848/848 846/846/846
f 847/847/847 849/849/849 848/848/848
f 849/849/849 850/850/850 848/848/848
f 849/849/849 851/851/851 850/850/850
f 854/854/854 853/853/853 852/852/852
f 853/853/853 855/855/855 852/852/852
f 853/853/853 856/856/856 855/855/855
f 856/856/856 857/857/857 855/855/855
f 856/856/856 858/858/858 857/857/857
f 858/858/858 859/859/859 857/857/857
f 858/858/858 860/860/860 859/859/859
f 860/860/860 861/861/861 859/859/859
f 860/860/860 862/862/862 861/861/861
f 862/862/862 863/863/863 861/861/861
f 862/862/862 864/864/864 863/863/863
f 864/864/864 865/865/865 863/863/863
f 864/864/864 866/866/866 865/865/865
f 866/866/866 867/867/867 865/865/865
f 866/866/866 868/868/868 867/867/867
f 868/868/868 869/869/869 867/867/867
f 868/868/868 870/870/870 869/869/869
f 870/870/870 871/871/871 869/869/869
f 870/870/870 872/872/872 871/871/871
f 872/872/872 873/873/873 871/871/871
f 872/872/872 874/874/874 873/873/873
f 874/874/874 875/875/875 873/873/873
f 874/874/874 876/876/876 875/875/875
f 876/876/876 877/877/877 875/875/875
f 880/880/880 879/879/879 878/878/878
f 878/878/878 881/881/881 880/880/880
f 881/881/881 882/882/882 880/880/880
f 881/881/881 883/883/883 882/882/882
f 883/883/883 884/884/884 882/882/882
f 883/883/883 885/885/885 884/884/884
f 885/885/885 886/886/886 884/884/884
f 885/885/885 887/887/887 886/886/886
f 887/887/887 888/888/888 886/886/886
f 887/887/887 889/889/889 888/888/888
f 892/892/892 891/891/891 890/890/890
f 890/890/890 893/893/893 892/892/892
f 893/893/893 894/894/894 892/892/892
f 893/893/893 895/895/895 894/894/894
f 895/895/895 896/896/896 894/894/894
f 895/895/895 897/897/897 896/896/896
f 897/897/897 898/898/898 896/896/896
f 897/897/897 899/899/899 898/898/898
f 899/899/899 900/900/900 898/898/898
f 899/899/899 901/901/901 900/900/900
f 904/904/904 903/903/903 902/902/902
f 905/905/905 904/904/904 902/902/902
f 906/906/906 904/904/904 905/905/905
f 905/905/905 902/902/902 907/907/907
f 908/908/908 906/906/906 905/905/905
f 909/909/909 905/905/905 907/907/907
f 908/908/908 905/905/905 909/909/909
f 909/909/909 907/907/907 910/910/910
f 911/911/911 908/908/908 909/909/909
f 912/912/912 909/909/909 910/910/910
f 911/911/911 909/909/909 912/912/912
f 912/912/912 910/910/910 913/913/913
f 914/914/914 911/911/911 912/912/912
f 915/915/915 912/912/912 913/913/913
f 914/914/914 912/912/912 915/915/915
f 916/916/916 914/914/914 915/915/915
f 915/915/915 913/913/913 917/917/917
f 918/918/918 915/915/915 917/917/917
f 919/919/919 915/915/915 918/918/918
f 920/920/920 919/919/919 918/918/918
f 918/918/918 917/917/917 921/921/921
f 922/922/922 918/918/918 921/921/921
f 923/923/923 918/918/918 922/922/922
f 922/922/922 921/921/921 924/924/924
f 925/925/925 923/923/923 922/922/922
f 926/926/926 922/922/922 924/924/924
f 925/925/925 922/922/922 926/926/926
f 927/927/927 925/925/925 926/926/926
f 926/926/926 924/924/924 928/928/928
f 929/929/929 926/926/926 928/928/928
f 930/930/930 926/926/926 929/929/929
f 931/931/931 930/930/930 929/929/929
f 929/929/929 928/928/928 932/932/932
f 933/933/933 929/929/929 932/932/932
f 934/934/934 929/929/929 933/933/933
f 935/935/935 934/934/934 933/933/933
f 933/933/933 932/932/932 936/936/936
f 937/937/937 933/933/933 936/936/936
f 938/938/938 933/933/933 937/937/937
f 939/939/939 938/938/938 937/937/937
f 937/937/937 936/936/936 940/940/940
f 941/941/941 937/937/937 940/940/940
f 941/941/941 940/940/940 942/942/942
f 943/943/943 937/937/937 941/941/941
f 944/944/944 943/943/943 941/941/941
f 945/945/945 941/941/941 942/942/942
f 946/946/946 941/941/941 945/945/945
f 947/947/947 946/946/946 945/945/945
f 950/950/950 949/949/949 948/948/948
f 951/951/951 950/950/950 948/948/948
f 954/954/954 953/953/953 952/952/952
f 955/955/955 954/954/954 952/952/952
f 958/958/958 957/957/957 956/956/956
f 959/959/959 958/958/958 956/956/956
f 962/962/962 961/961/961 960/960/960
f 963/963/963 962/962/962 960/960/960
f 966/966/966 965/965/965 964/964/964
f 967/967/967 966/966/966 964/964/964
f 970/970/970 969/969/969 968/968/968
f 971/971/971 970/970/970 968/968/968
f 974/974/974 973/973/973 972/972/972
f 975/975/975 974/974/974 972/972/972
f 978/978/978 977/977/977 976/976/976
f 979/979/979 978/978/978 976/976/976
f 982/982/982 981/981/981 980/980/980
f 983/983/983 982/982/982 980/980/980
f 986/986/986 985/985/985 984/984/984
f 987/987/987 986/986/986 984/984/984
f 990/990/990 989/989/989 988/988/988
f 991/991/991 990/990/990 988/988/988
f 994/994/994 993/993/993 992/992/992
f 995/995/995 994/994/994 992/992/992
f 998/998/998 997/997/997 996/996/996
f 999/999/999 998/998/998 996/996/996
f 1002/1002/1002 1001/1001/1001 1000/1000/1000
f 1003/1003/1003 1002/1002/1002 1000/1000/1000
f 1006/1006/1006 1005/1005/1005 1004/1004/1004
f 1007/1007/1007 1006/1006/1006 1004/1004/1004
f 1010/1010/1010 1009/1009/1009 1008/1008/1008
f 1011/1011/1011 1010/1010/1010 1008/1008/1008
f 1014/1014/1014 1013/1013/1013 1012/1012/1012
f 1015/1015/1015 1014/1014/1014 1012/1012/1012
f 1018/1018/1018 1017/1017/1017 1016/1016/1016
f 1019/1019/1019 1018/1018/1018 1016/1016/1016
f 1022/1022/1022 1021/1021/1021 1020/1020/1020
f 1023/1023/1023 1022/1022/1022 1020/1020/1020
f 1026/1026/1026 1025/1025/1025 1024/1024/1024
f 1027/1027/1027 1026/1026/1026 1024/1024/1024
f 1030/1030/1030 1029/1029/1029 1028/1028/1028
f 1031/1031/1031 1030/1030/1030 1028/1028/1028
f 1034/1034/1034 1033/1033/1033 1032/1032/1032
f 1035/1035/1035 1034/1034/1034 1032/1032/1032
f 1038/1038/1038 1037/1037/1037 1036/1036/1036
f 1039/1039/1039 1038/1038/1038 1036/1036/1036
f 1042/1042/1042 1041/1041/1041 1040/1040/1040
f 1043/1043/1043 1042/1042/1042 1040/1040/1040
f 1046/1046/1046 1045/1045/1045 1044/1044/1044
f 1047/1047/1047 1046/1046/1046 1044/1044/1044
f 1050/1050/1050 1049/1049/1049 1048/1048/1048
f 1051/1051/1051 1050/1050/1050 1048/1048/1048
f 1054/1054/1054 1053/1053/1053 1052/1052/1052
f 1055/1055/1055 1054/1054/1054 1052/1052/1052
f 1058/1058/1058 1057/1057/1057 1056/1056/1056
f 1059/1059/1059 1058/1058/1058 1056/1056/1056
f 1062/1062/1062 1061/1061/1061 1060/1060/1060
f 1063/1063/1063 1062/1062/1062 1060/1060/1060
f 1066/1066/1066 1065/1065/1065 1064/1064/1064
f 1067/1067/1067 1066/1066/1066 1064/1064/1064
f 1070/1070/1070 1069/1069/1069 1068/1068/1068
f 1071/1071/1071 1070/1070/1070 1068/1068/1068
f 1074/1074/1074 1073/1073/1073 1072/1072/1072
f 1075/1075/1075 1074/1074/1074 1072/1072/1072
f 1078/1078/1078 1077/1077/1077 1076/1076/1076
f 1079/1079/1079 1078/1078/1078 1076/1076/1076
f 1082/1082/1082 1081/1081/1081 1080/1080/1080
f 1083/1083/1083 1082/1082/1082 1080/1080/1080
f 1086/1086/1086 1085/1085/1085 1084/1084/1084
f 1087/1087/1087 1086/1086/1086 1084/1084/1084
f 1090/1090/1090 1089/1089/1089 1088/1088/1088
f 1091/1091/1091 1090/1090/1090 1088/1088/1088
f 1094/1094/1094 1093/1093/1093 1092/1092/1092
f 1095/1095/1095 1094/1094/1094 1092/1092/1092
f 1098/1098/1098 1097/1097/1097 1096/1096/1096
f 1099/1099/1099 1098/1098/1098 1096/1096/1096
f 1102/1102/1102 1101/1101/1101 1100/1100/1100
f 1103/1103/1103 1102/1102/1102 1100/1100/1100
f 1106/1106/1106 1105/1105/1105 1104/1104/1104
f 1107/1107/1107 1106/1106/1106 1104/1104/1104
f 1110/1110/1110 1109/1109/1109 1108/1108/1108
f 1111/1111/1111 1110/1110/1110 1108/1108/1108
f 1114/1114/1114 1113/1113/1113 1112/1112/1112
f 1115/1115/1115 1114/1114/1114 1112/1112/1112
f 1118/1118/1118 1117/1117/1117 1116/1116/1116
f 1119/1119/1119 1118/1118/1118 1116/1116/1116
f 1122/1122/1122 1121/1121/1121 1120/1120/1120
f 1123/1123/1123 1122/1122/1122 1120/1120/1120
f 1126/1126/1126 1125/1125/1125 1124/1124/1124
f 1127/1127/1127 1126/1126/1126 1124/1124/1124
f 1130/1130/1130 1129/1129/1129 1128/1128/1128
f 1131/1131/1131 1130/1130/1130 1128/1128/1128
f 1134/1134/1134 1133/1133/1133 1132/1132/1132
f 1135/1135/1135 1134/1134/1134 1132/1132/1132
f 1138/1138/1138 1137/1137/1137 1136/1136/1136
f 1139/1139/1139 1138/1138/1138 1136/1136/1136
f 1142/1142/1142 1141/1141/1141 1140/1140/1140
f 1143/1143/1143 1142/1142/1142 1140/1140/1140
f 1144/1144/1144 1142/1142/1142 1143/1143/1143
f 1140/1140/1140 1141/1141/1141 1145/1145/1145
f 1141/1141/1141 1146/1146/1146 1145/1145/1145
f 1145/1145/1145 1146/1146/1146 1147/1147/1147
f 1140/1140/1140 1145/1145/1145 1147/1147/1147
f 1146/1146/1146 1148/1148/1148 1147/1147/1147
f 1140/1140/1140 1147/1147/1147 1149/1149/1149
f 1147/1147/1147 1148/1148/1148 1149/1149/1149
f 1143/1143/1143 1140/1140/1140 1149/1149/1149
f 1148/1148/1148 1150/1150/1150 1149/1149/1149
f 1149/1149/1149 1150/1150/1150 1151/1151/1151
f 1143/1143/1143 1149/1149/1149 1151/1151/1151
f 1150/1150/1150 1152/1152/1152 1151/1151/1151
f 1153/1153/1153 1144/1144/1144 1143/1143/1143
f 1153/1153/1153 1143/1143/1143 1151/1151/1151
f 1154/1154/1154 1144/1144/1144 1153/1153/1153
f 1151/1151/1151 1152/1152/1152 1155/1155/1155
f 1153/1153/1153 1151/1151/1151 1155/1155/1155
f 1152/1152/1152 1156/1156/1156 1155/1155/1155
f 1157/1157/1157 1154/1154/1154 1153/1153/1153
f 1157/1157/1157 1153/1153/1153 1155/1155/1155
f 1158/1158/1158 1154/1154/1154 1157/1157/1157
f 1155/1155/1155 1156/1156/1156 1159/1159/1159
f 1157/1157/1157 1155/1155/1155 1159/1159/1159
f 1156/1156/1156 1160/1160/1160 1159/1159/1159
f 1161/1161/1161 1158/1158/1158 1157/1157/1157
f 1161/1161/1161 1157/1157/1157 1159/1159/1159
f 1162/1162/1162 1158/1158/1158 1161/1161/1161
f 1160/1160/1160 1162/1162/1162 1163/1163/1163
f 1159/1159/1159 1160/1160/1160 1163/1163/1163
f 1163/1163/1163 1162/1162/1162 1161/1161/1161
f 1159/1159/1159 1163/1163/1163 1161/1161/1161
