g Gate Lvl1 Final
v 2.6866837 0.42312944 4.108837
v 2.6866837 0.19521283 4.507729
v 2.659029 0.18375789 4.507729
v 2.4978676 0.34491944 4.108837
v 2.4978676 0.34491944 0
v 2.6866837 0.42312944 0
v 2.6866837 0.42312944 0
v 2.8754997 0.34491944 0
v 2.8754997 0.34491944 4.108837
v 2.6866837 0.42312944 4.108837
v 2.6866837 0.19521283 4.507729
v 2.7143383 0.18375789 4.507729
v 2.6866837 -0.11092317 4.108837
v 2.6866837 0.11699344 4.507729
v 2.7143383 0.12844838 4.507729
v 2.8754997 -0.03271316 4.108837
v 2.8754997 -0.03271316 0
v 2.6866837 -0.11092317 0
v 2.8754997 0.34491944 0
v 2.95371 0.15610313 0
v 2.95371 0.15610313 4.108837
v 2.8754997 0.34491944 4.108837
v 2.7143383 0.18375789 4.507729
v 2.7257934 0.15610313 4.507729
v 2.4978676 0.34491944 4.108837
v 2.659029 0.18375789 4.507729
v 2.647574 0.15610313 4.507729
v 2.4196572 0.15610313 4.108837
v 2.4196572 0.15610313 0
v 2.4978676 0.34491944 0
v 2.95371 0.15610313 0
v 2.8754997 -0.03271316 0
v 2.8754997 -0.03271316 4.108837
v 2.95371 0.15610313 4.108837
v 2.7257934 0.15610313 4.507729
v 2.7143383 0.12844838 4.507729
v 2.6866837 -0.11092317 0
v 2.4978676 -0.03271316 0
v 2.4978676 -0.03271316 4.108837
v 2.6866837 -0.11092317 4.108837
v 2.6866837 0.11699344 4.507729
v 2.659029 0.12844838 4.507729
v 2.4196572 0.15610313 4.108837
v 2.647574 0.15610313 4.507729
v 2.659029 0.12844838 4.507729
v 2.4978676 -0.03271316 4.108837
v 2.4978676 -0.03271316 0
v 2.4196572 0.15610313 0
v 2.7143383 0.18375789 4.507729
v 2.7257934 0.15610313 4.507729
v 2.7143383 0.12844838 4.507729
v 2.6866837 0.19521283 4.507729
v 2.6866837 0.11699344 4.507729
v 2.659029 0.18375789 4.507729
v 2.659029 0.12844838 4.507729
v 2.647574 0.15610313 4.507729
v 2.8754997 -0.03271316 0
v 2.95371 0.15610313 0
v 2.8754997 0.34491944 0
v 2.6866837 -0.11092317 0
v 2.6866837 0.42312944 0
v 2.4978676 -0.03271316 0
v 2.4978676 0.34491944 0
v 2.4196572 0.15610313 0
v 3.228878 0.42312944 3.815179
v 3.228878 0.19521283 4.214071
v 3.2012234 0.18375789 4.214071
v 3.040062 0.34491944 3.815179
v 3.040062 0.34491944 0
v 3.228878 0.42312944 0
v 3.228878 0.42312944 0
v 3.417694 0.34491944 0
v 3.417694 0.34491944 3.815179
v 3.228878 0.42312944 3.815179
v 3.228878 0.19521283 4.214071
v 3.2565327 0.18375789 4.214071
v 3.228878 -0.11092317 3.815179
v 3.228878 0.11699344 4.214071
v 3.2565327 0.12844838 4.214071
v 3.417694 -0.03271316 3.815179
v 3.417694 -0.03271316 0
v 3.228878 -0.11092317 0
v 3.417694 0.34491944 0
v 3.4959044 0.15610313 0
v 3.4959044 0.15610313 3.815179
v 3.417694 0.34491944 3.815179
v 3.2565327 0.18375789 4.214071
v 3.2679877 0.15610313 4.214071
v 3.040062 0.34491944 3.815179
v 3.2012234 0.18375789 4.214071
v 3.1897683 0.15610313 4.214071
v 2.9618516 0.15610313 3.815179
v 2.9618516 0.15610313 0
v 3.040062 0.34491944 0
v 3.4959044 0.15610313 0
v 3.417694 -0.03271316 0
v 3.417694 -0.03271316 3.815179
v 3.4959044 0.15610313 3.815179
v 3.2679877 0.15610313 4.214071
v 3.2565327 0.12844838 4.214071
v 3.228878 -0.11092317 0
v 3.040062 -0.03271316 0
v 3.040062 -0.03271316 3.815179
v 3.228878 -0.11092317 3.815179
v 3.228878 0.11699344 4.214071
v 3.2012234 0.12844838 4.214071
v 2.9618516 0.15610313 3.815179
v 3.1897683 0.15610313 4.214071
v 3.2012234 0.12844838 4.214071
v 3.040062 -0.03271316 3.815179
v 3.040062 -0.03271316 0
v 2.9618516 0.15610313 0
v 3.2565327 0.18375789 4.214071
v 3.2679877 0.15610313 4.214071
v 3.2565327 0.12844838 4.214071
v 3.228878 0.19521283 4.214071
v 3.228878 0.11699344 4.214071
v 3.2012234 0.18375789 4.214071
v 3.2012234 0.12844838 4.214071
v 3.1897683 0.15610313 4.214071
v 3.417694 -0.03271316 0
v 3.4959044 0.15610313 0
v 3.417694 0.34491944 0
v 3.228878 -0.11092317 0
v 3.228878 0.42312944 0
v 3.040062 -0.03271316 0
v 3.040062 0.34491944 0
v 2.9618516 0.15610313 0
v 3.7629776 0.42312944 3.3816838
v 3.7629776 0.19521283 3.7805755
v 3.735323 0.18375789 3.7805755
v 3.5741615 0.34491944 3.3816838
v 3.5741615 0.34491944 0
v 3.7629776 0.42312944 0
v 3.7629776 0.42312944 0
v 3.9517937 0.34491944 0
v 3.9517937 0.34491944 3.3816838
v 3.7629776 0.42312944 3.3816838
v 3.7629776 0.19521283 3.7805755
v 3.7906322 0.18375789 3.7805755
v 3.7629776 -0.11092317 3.3816838
v 3.7629776 0.11699344 3.7805755
v 3.7906322 0.12844838 3.7805755
v 3.9517937 -0.03271316 3.3816838
v 3.9517937 -0.03271316 0
v 3.7629776 -0.11092317 0
v 3.9517937 0.34491944 0
v 4.030004 0.15610313 0
v 4.030004 0.15610313 3.3816838
v 3.9517937 0.34491944 3.3816838
v 3.7906322 0.18375789 3.7805755
v 3.8020873 0.15610313 3.7805755
v 3.5741615 0.34491944 3.3816838
v 3.735323 0.18375789 3.7805755
v 3.723868 0.15610313 3.7805755
v 3.4959512 0.15610313 3.3816838
v 3.4959512 0.15610313 0
v 3.5741615 0.34491944 0
v 4.030004 0.15610313 0
v 3.9517937 -0.03271316 0
v 3.9517937 -0.03271316 3.3816838
v 4.030004 0.15610313 3.3816838
v 3.8020873 0.15610313 3.7805755
v 3.7906322 0.12844838 3.7805755
v 3.7629776 -0.11092317 0
v 3.5741615 -0.03271316 0
v 3.5741615 -0.03271316 3.3816838
v 3.7629776 -0.11092317 3.3816838
v 3.7629776 0.11699344 3.7805755
v 3.735323 0.12844838 3.7805755
v 3.4959512 0.15610313 3.3816838
v 3.723868 0.15610313 3.7805755
v 3.735323 0.12844838 3.7805755
v 3.5741615 -0.03271316 3.3816838
v 3.5741615 -0.03271316 0
v 3.4959512 0.15610313 0
v 3.7906322 0.18375789 3.7805755
v 3.8020873 0.15610313 3.7805755
v 3.7906322 0.12844838 3.7805755
v 3.7629776 0.19521283 3.7805755
v 3.7629776 0.11699344 3.7805755
v 3.735323 0.18375789 3.7805755
v 3.735323 0.12844838 3.7805755
v 3.723868 0.15610313 3.7805755
v 3.9517937 -0.03271316 0
v 4.030004 0.15610313 0
v 3.9517937 0.34491944 0
v 3.7629776 -0.11092317 0
v 3.7629776 0.42312944 0
v 3.5741615 -0.03271316 0
v 3.5741615 0.34491944 0
v 3.4959512 0.15610313 0
v 4.224247 0.42312944 3.3816838
v 4.224247 0.19521283 3.7805755
v 4.1965923 0.18375789 3.7805755
v 4.035431 0.34491944 3.3816838
v 4.035431 0.34491944 0
v 4.224247 0.42312944 0
v 4.224247 0.42312944 0
v 4.413063 0.34491944 0
v 4.413063 0.34491944 3.3816838
v 4.224247 0.42312944 3.3816838
v 4.224247 0.19521283 3.7805755
v 4.2519016 0.18375789 3.7805755
v 4.224247 -0.11092317 3.3816838
v 4.224247 0.11699344 3.7805755
v 4.2519016 0.12844838 3.7805755
v 4.413063 -0.03271316 3.3816838
v 4.413063 -0.03271316 0
v 4.224247 -0.11092317 0
v 4.413063 0.34491944 0
v 4.4912734 0.15610313 0
v 4.4912734 0.15610313 3.3816838
v 4.413063 0.34491944 3.3816838
v 4.2519016 0.18375789 3.7805755
v 4.2633567 0.15610313 3.7805755
v 4.035431 0.34491944 3.3816838
v 4.1965923 0.18375789 3.7805755
v 4.1851373 0.15610313 3.7805755
v 3.9572206 0.15610313 3.3816838
v 3.9572206 0.15610313 0
v 4.035431 0.34491944 0
v 4.4912734 0.15610313 0
v 4.413063 -0.03271316 0
v 4.413063 -0.03271316 3.3816838
v 4.4912734 0.15610313 3.3816838
v 4.2633567 0.15610313 3.7805755
v 4.2519016 0.12844838 3.7805755
v 4.224247 -0.11092317 0
v 4.035431 -0.03271316 0
v 4.035431 -0.03271316 3.3816838
v 4.224247 -0.11092317 3.3816838
v 4.224247 0.11699344 3.7805755
v 4.1965923 0.12844838 3.7805755
v 3.9572206 0.15610313 3.3816838
v 4.1851373 0.15610313 3.7805755
v 4.1965923 0.12844838 3.7805755
v 4.035431 -0.03271316 3.3816838
v 4.035431 -0.03271316 0
v 3.9572206 0.15610313 0
v 4.2519016 0.18375789 3.7805755
v 4.2633567 0.15610313 3.7805755
v 4.2519016 0.12844838 3.7805755
v 4.224247 0.19521283 3.7805755
v 4.224247 0.11699344 3.7805755
v 4.1965923 0.18375789 3.7805755
v 4.1965923 0.12844838 3.7805755
v 4.1851373 0.15610313 3.7805755
v 4.413063 -0.03271316 0
v 4.4912734 0.15610313 0
v 4.413063 0.34491944 0
v 4.224247 -0.11092317 0
v 4.224247 0.42312944 0
v 4.035431 -0.03271316 0
v 4.035431 0.34491944 0
v 3.9572206 0.15610313 0
v -4.232342 0.42625177 3.3816838
v -4.232342 0.19833516 3.7805755
v -4.2599964 0.18688022 3.7805755
v -4.421158 0.34804177 3.3816838
v -4.421158 0.34804177 0
v -4.232342 0.42625177 0
v -4.232342 0.42625177 0
v -4.0435257 0.34804177 0
v -4.0435257 0.34804177 3.3816838
v -4.232342 0.42625177 3.3816838
v -4.232342 0.19833516 3.7805755
v -4.204687 0.18688022 3.7805755
v -4.232342 -0.10780084 3.3816838
v -4.232342 0.12011577 3.7805755
v -4.204687 0.13157071 3.7805755
v -4.0435257 -0.02959083 3.3816838
v -4.0435257 -0.02959083 0
v -4.232342 -0.10780084 0
v -4.0435257 0.34804177 0
v -3.9653153 0.15922546 0
v -3.9653153 0.15922546 3.3816838
v -4.0435257 0.34804177 3.3816838
v -4.204687 0.18688022 3.7805755
v -4.193232 0.15922546 3.7805755
v -4.421158 0.34804177 3.3816838
v -4.2599964 0.18688022 3.7805755
v -4.2714515 0.15922546 3.7805755
v -4.499368 0.15922546 3.3816838
v -4.499368 0.15922546 0
v -4.421158 0.34804177 0
v -3.9653153 0.15922546 0
v -4.0435257 -0.02959083 0
v -4.0435257 -0.02959083 3.3816838
v -3.9653153 0.15922546 3.3816838
v -4.193232 0.15922546 3.7805755
v -4.204687 0.13157071 3.7805755
v -4.232342 -0.10780084 0
v -4.421158 -0.02959083 0
v -4.421158 -0.02959083 3.3816838
v -4.232342 -0.10780084 3.3816838
v -4.232342 0.12011577 3.7805755
v -4.2599964 0.13157071 3.7805755
v -4.499368 0.15922546 3.3816838
v -4.2714515 0.15922546 3.7805755
v -4.2599964 0.13157071 3.7805755
v -4.421158 -0.02959083 3.3816838
v -4.421158 -0.02959083 0
v -4.499368 0.15922546 0
v -4.204687 0.18688022 3.7805755
v -4.193232 0.15922546 3.7805755
v -4.204687 0.13157071 3.7805755
v -4.232342 0.19833516 3.7805755
v -4.232342 0.12011577 3.7805755
v -4.2599964 0.18688022 3.7805755
v -4.2599964 0.13157071 3.7805755
v -4.2714515 0.15922546 3.7805755
v -4.0435257 -0.02959083 0
v -3.9653153 0.15922546 0
v -4.0435257 0.34804177 0
v -4.232342 -0.10780084 0
v -4.232342 0.42625177 0
v -4.421158 -0.02959083 0
v -4.421158 0.34804177 0
v -4.499368 0.15922546 0
v -3.6901474 0.42312944 3.3677
v -3.6901474 0.19521283 3.7665918
v -3.717802 0.18375789 3.7665918
v -3.8789635 0.34491944 3.3677
v -3.8789635 0.34491944 0
v -3.6901474 0.42312944 0
v -3.6901474 0.42312944 0
v -3.5013313 0.34491944 0
v -3.5013313 0.34491944 3.3677
v -3.6901474 0.42312944 3.3677
v -3.6901474 0.19521283 3.7665918
v -3.6624928 0.18375789 3.7665918
v -3.6901474 -0.11092317 3.3677
v -3.6901474 0.11699344 3.7665918
v -3.6624928 0.12844838 3.7665918
v -3.5013313 -0.03271316 3.3677
v -3.5013313 -0.03271316 0
v -3.6901474 -0.11092317 0
v -3.5013313 0.34491944 0
v -3.423121 0.15610313 0
v -3.423121 0.15610313 3.3677
v -3.5013313 0.34491944 3.3677
v -3.6624928 0.18375789 3.7665918
v -3.6510377 0.15610313 3.7665918
v -3.8789635 0.34491944 3.3677
v -3.717802 0.18375789 3.7665918
v -3.729257 0.15610313 3.7665918
v -3.9571738 0.15610313 3.3677
v -3.9571738 0.15610313 0
v -3.8789635 0.34491944 0
v -3.423121 0.15610313 0
v -3.5013313 -0.03271316 0
v -3.5013313 -0.03271316 3.3677
v -3.423121 0.15610313 3.3677
v -3.6510377 0.15610313 3.7665918
v -3.6624928 0.12844838 3.7665918
v -3.6901474 -0.11092317 0
v -3.8789635 -0.03271316 0
v -3.8789635 -0.03271316 3.3677
v -3.6901474 -0.11092317 3.3677
v -3.6901474 0.11699344 3.7665918
v -3.717802 0.12844838 3.7665918
v -3.9571738 0.15610313 3.3677
v -3.729257 0.15610313 3.7665918
v -3.717802 0.12844838 3.7665918
v -3.8789635 -0.03271316 3.3677
v -3.8789635 -0.03271316 0
v -3.9571738 0.15610313 0
v -3.6624928 0.18375789 3.7665918
v -3.6510377 0.15610313 3.7665918
v -3.6624928 0.12844838 3.7665918
v -3.6901474 0.19521283 3.7665918
v -3.6901474 0.11699344 3.7665918
v -3.717802 0.18375789 3.7665918
v -3.717802 0.12844838 3.7665918
v -3.729257 0.15610313 3.7665918
v -3.5013313 -0.03271316 0
v -3.423121 0.15610313 0
v -3.5013313 0.34491944 0
v -3.6901474 -0.11092317 0
v -3.6901474 0.42312944 0
v -3.8789635 -0.03271316 0
v -3.8789635 0.34491944 0
v -3.9571738 0.15610313 0
v -3.1560478 0.42312944 3.8151789
v -3.1560478 0.19521283 4.214071
v -3.1837025 0.18375789 4.214071
v -3.344864 0.34491944 3.8151789
v -3.344864 0.34491944 0
v -3.1560478 0.42312944 0
v -3.1560478 0.42312944 0
v -2.9672318 0.34491944 0
v -2.9672318 0.34491944 3.8151789
v -3.1560478 0.42312944 3.8151789
v -3.1560478 0.19521283 4.214071
v -3.1283932 0.18375789 4.214071
v -3.1560478 -0.11092317 3.8151789
v -3.1560478 0.11699344 4.214071
v -3.1283932 0.12844838 4.214071
v -2.9672318 -0.03271316 3.8151789
v -2.9672318 -0.03271316 0
v -3.1560478 -0.11092317 0
v -2.9672318 0.34491944 0
v -2.8890214 0.15610313 0
v -2.8890214 0.15610313 3.8151789
v -2.9672318 0.34491944 3.8151789
v -3.1283932 0.18375789 4.214071
v -3.116938 0.15610313 4.214071
v -3.344864 0.34491944 3.8151789
v -3.1837025 0.18375789 4.214071
v -3.1951575 0.15610313 4.214071
v -3.4230742 0.15610313 3.8151789
v -3.4230742 0.15610313 0
v -3.344864 0.34491944 0
v -2.8890214 0.15610313 0
v -2.9672318 -0.03271316 0
v -2.9672318 -0.03271316 3.8151789
v -2.8890214 0.15610313 3.8151789
v -3.116938 0.15610313 4.214071
v -3.1283932 0.12844838 4.214071
v -3.1560478 -0.11092317 0
v -3.344864 -0.03271316 0
v -3.344864 -0.03271316 3.8151789
v -3.1560478 -0.11092317 3.8151789
v -3.1560478 0.11699344 4.214071
v -3.1837025 0.12844838 4.214071
v -3.4230742 0.15610313 3.8151789
v -3.1951575 0.15610313 4.214071
v -3.1837025 0.12844838 4.214071
v -3.344864 -0.03271316 3.8151789
v -3.344864 -0.03271316 0
v -3.4230742 0.15610313 0
v -3.1283932 0.18375789 4.214071
v -3.116938 0.15610313 4.214071
v -3.1283932 0.12844838 4.214071
v -3.1560478 0.19521283 4.214071
v -3.1560478 0.11699344 4.214071
v -3.1837025 0.18375789 4.214071
v -3.1837025 0.12844838 4.214071
v -3.1951575 0.15610313 4.214071
v -2.9672318 -0.03271316 0
v -2.8890214 0.15610313 0
v -2.9672318 0.34491944 0
v -3.1560478 -0.11092317 0
v -3.1560478 0.42312944 0
v -3.344864 -0.03271316 0
v -3.344864 0.34491944 0
v -3.4230742 0.15610313 0
v -2.6138573 0.42312944 4.108837
v -2.6138573 0.19521283 4.507729
v -2.641512 0.18375789 4.507729
v -2.8026733 0.34491944 4.108837
v -2.8026733 0.34491944 0
v -2.6138573 0.42312944 0
v -2.6138573 0.42312944 0
v -2.4250412 0.34491944 0
v -2.4250412 0.34491944 4.108837
v -2.6138573 0.42312944 4.108837
v -2.6138573 0.19521283 4.507729
v -2.5862026 0.18375789 4.507729
v -2.6138573 -0.11092317 4.108837
v -2.6138573 0.11699344 4.507729
v -2.5862026 0.12844838 4.507729
v -2.4250412 -0.03271316 4.108837
v -2.4250412 -0.03271316 0
v -2.6138573 -0.11092317 0
v -2.4250412 0.34491944 0
v -2.3468308 0.15610313 0
v -2.3468308 0.15610313 4.108837
v -2.4250412 0.34491944 4.108837
v -2.5862026 0.18375789 4.507729
v -2.5747476 0.15610313 4.507729
v -2.8026733 0.34491944 4.108837
v -2.641512 0.18375789 4.507729
v -2.652967 0.15610313 4.507729
v -2.8808837 0.15610313 4.108837
v -2.8808837 0.15610313 0
v -2.8026733 0.34491944 0
v -2.3468308 0.15610313 0
v -2.4250412 -0.03271316 0
v -2.4250412 -0.03271316 4.108837
v -2.3468308 0.15610313 4.108837
v -2.5747476 0.15610313 4.507729
v -2.5862026 0.12844838 4.507729
v -2.6138573 -0.11092317 0
v -2.8026733 -0.03271316 0
v -2.8026733 -0.03271316 4.108837
v -2.6138573 -0.11092317 4.108837
v -2.6138573 0.11699344 4.507729
v -2.641512 0.12844838 4.507729
v -2.8808837 0.15610313 4.108837
v -2.652967 0.15610313 4.507729
v -2.641512 0.12844838 4.507729
v -2.8026733 -0.03271316 4.108837
v -2.8026733 -0.03271316 0
v -2.8808837 0.15610313 0
v -2.5862026 0.18375789 4.507729
v -2.5747476 0.15610313 4.507729
v -2.5862026 0.12844838 4.507729
v -2.6138573 0.19521283 4.507729
v -2.6138573 0.11699344 4.507729
v -2.641512 0.18375789 4.507729
v -2.641512 0.12844838 4.507729
v -2.652967 0.15610313 4.507729
v -2.4250412 -0.03271316 0
v -2.3468308 0.15610313 0
v -2.4250412 0.34491944 0
v -2.6138573 -0.11092317 0
v -2.6138573 0.42312944 0
v -2.8026733 -0.03271316 0
v -2.8026733 0.34491944 0
v -2.8808837 0.15610313 0
v 2.155304 0.42312944 4.108837
v 2.155304 0.19521283 4.507729
v 2.1276493 0.18375789 4.507729
v 1.9664879 0.34491944 4.108837
v 1.9664879 0.34491944 3.0204835
v 2.155304 0.42312944 3.0204835
v 2.155304 0.42312944 3.0204835
v 2.34412 0.34491944 3.0204835
v 2.34412 0.34491944 4.108837
v 2.155304 0.42312944 4.108837
v 2.155304 0.19521283 4.507729
v 2.1829586 0.18375789 4.507729
v 2.155304 -0.11092317 4.108837
v 2.155304 0.11699344 4.507729
v 2.1829586 0.12844838 4.507729
v 2.34412 -0.03271316 4.108837
v 2.34412 -0.03271316 3.0204835
v 2.155304 -0.11092317 3.0204835
v 2.34412 0.34491944 3.0204835
v 2.4223304 0.15610313 3.0204835
v 2.4223304 0.15610313 4.108837
v 2.34412 0.34491944 4.108837
v 2.1829586 0.18375789 4.507729
v 2.1944137 0.15610313 4.507729
v 1.9664879 0.34491944 4.108837
v 2.1276493 0.18375789 4.507729
v 2.1161942 0.15610313 4.507729
v 1.8882775 0.15610313 4.108837
v 1.8882775 0.15610313 3.0204835
v 1.9664879 0.34491944 3.0204835
v 2.4223304 0.15610313 3.0204835
v 2.34412 -0.03271316 3.0204835
v 2.34412 -0.03271316 4.108837
v 2.4223304 0.15610313 4.108837
v 2.1944137 0.15610313 4.507729
v 2.1829586 0.12844838 4.507729
v 2.155304 -0.11092317 3.0204835
v 1.9664879 -0.03271316 3.0204835
v 1.9664879 -0.03271316 4.108837
v 2.155304 -0.11092317 4.108837
v 2.155304 0.11699344 4.507729
v 2.1276493 0.12844838 4.507729
v 1.8882775 0.15610313 4.108837
v 2.1161942 0.15610313 4.507729
v 2.1276493 0.12844838 4.507729
v 1.9664879 -0.03271316 4.108837
v 1.9664879 -0.03271316 3.0204835
v 1.8882775 0.15610313 3.0204835
v 2.1829586 0.18375789 4.507729
v 2.1944137 0.15610313 4.507729
v 2.1829586 0.12844838 4.507729
v 2.155304 0.19521283 4.507729
v 2.155304 0.11699344 4.507729
v 2.1276493 0.18375789 4.507729
v 2.1276493 0.12844838 4.507729
v 2.1161942 0.15610313 4.507729
v 2.34412 -0.03271316 3.0204835
v 2.4223304 0.15610313 3.0204835
v 2.34412 0.34491944 3.0204835
v 2.155304 -0.11092317 3.0204835
v 2.155304 0.42312944 3.0204835
v 1.9664879 -0.03271316 3.0204835
v 1.9664879 0.34491944 3.0204835
v 1.8882775 0.15610313 3.0204835
v 1.6099396 0.42312944 4.108837
v 1.6099396 0.19521283 4.507729
v 1.5822849 0.18375789 4.507729
v 1.4211235 0.34491944 4.108837
v 1.4211235 0.34491944 3.0204835
v 1.6099396 0.42312944 3.0204835
v 1.6099396 0.42312944 3.0204835
v 1.7987556 0.34491944 3.0204835
v 1.7987556 0.34491944 4.108837
v 1.6099396 0.42312944 4.108837
v 1.6099396 0.19521283 4.507729
v 1.6375942 0.18375789 4.507729
v 1.6099396 -0.11092317 4.108837
v 1.6099396 0.11699344 4.507729
v 1.6375942 0.12844838 4.507729
v 1.7987556 -0.03271316 4.108837
v 1.7987556 -0.03271316 3.0204835
v 1.6099396 -0.11092317 3.0204835
v 1.7987556 0.34491944 3.0204835
v 1.876966 0.15610313 3.0204835
v 1.876966 0.15610313 4.108837
v 1.7987556 0.34491944 4.108837
v 1.6375942 0.18375789 4.507729
v 1.6490493 0.15610313 4.507729
v 1.4211235 0.34491944 4.108837
v 1.5822849 0.18375789 4.507729
v 1.5708299 0.15610313 4.507729
v 1.3429132 0.15610313 4.108837
v 1.3429132 0.15610313 3.0204835
v 1.4211235 0.34491944 3.0204835
v 1.876966 0.15610313 3.0204835
v 1.7987556 -0.03271316 3.0204835
v 1.7987556 -0.03271316 4.108837
v 1.876966 0.15610313 4.108837
v 1.6490493 0.15610313 4.507729
v 1.6375942 0.12844838 4.507729
v 1.6099396 -0.11092317 3.0204835
v 1.4211235 -0.03271316 3.0204835
v 1.4211235 -0.03271316 4.108837
v 1.6099396 -0.11092317 4.108837
v 1.6099396 0.11699344 4.507729
v 1.5822849 0.12844838 4.507729
v 1.3429132 0.15610313 4.108837
v 1.5708299 0.15610313 4.507729
v 1.5822849 0.12844838 4.507729
v 1.4211235 -0.03271316 4.108837
v 1.4211235 -0.03271316 3.0204835
v 1.3429132 0.15610313 3.0204835
v 1.6375942 0.18375789 4.507729
v 1.6490493 0.15610313 4.507729
v 1.6375942 0.12844838 4.507729
v 1.6099396 0.19521283 4.507729
v 1.6099396 0.11699344 4.507729
v 1.5822849 0.18375789 4.507729
v 1.5822849 0.12844838 4.507729
v 1.5708299 0.15610313 4.507729
v 1.7987556 -0.03271316 3.0204835
v 1.876966 0.15610313 3.0204835
v 1.7987556 0.34491944 3.0204835
v 1.6099396 -0.11092317 3.0204835
v 1.6099396 0.42312944 3.0204835
v 1.4211235 -0.03271316 3.0204835
v 1.4211235 0.34491944 3.0204835
v 1.3429132 0.15610313 3.0204835
v 1.0645752 0.42312944 4.108837
v 1.0645752 0.19521283 4.507729
v 1.0369205 0.18375789 4.507729
v 0.8757591 0.34491944 4.108837
v 0.8757591 0.34491944 3.0204835
v 1.0645752 0.42312944 3.0204835
v 1.0645752 0.42312944 3.0204835
v 1.2533913 0.34491944 3.0204835
v 1.2533913 0.34491944 4.108837
v 1.0645752 0.42312944 4.108837
v 1.0645752 0.19521283 4.507729
v 1.0922298 0.18375789 4.507729
v 1.0645752 -0.11092317 4.108837
v 1.0645752 0.11699344 4.507729
v 1.0922298 0.12844838 4.507729
v 1.2533913 -0.03271316 4.108837
v 1.2533913 -0.03271316 3.0204835
v 1.0645752 -0.11092317 3.0204835
v 1.2533913 0.34491944 3.0204835
v 1.3316016 0.15610313 3.0204835
v 1.3316016 0.15610313 4.108837
v 1.2533913 0.34491944 4.108837
v 1.0922298 0.18375789 4.507729
v 1.1036849 0.15610313 4.507729
v 0.8757591 0.34491944 4.108837
v 1.0369205 0.18375789 4.507729
v 1.0254655 0.15610313 4.507729
v 0.7975488 0.15610313 4.108837
v 0.7975488 0.15610313 3.0204835
v 0.8757591 0.34491944 3.0204835
v 1.3316016 0.15610313 3.0204835
v 1.2533913 -0.03271316 3.0204835
v 1.2533913 -0.03271316 4.108837
v 1.3316016 0.15610313 4.108837
v 1.1036849 0.15610313 4.507729
v 1.0922298 0.12844838 4.507729
v 1.0645752 -0.11092317 3.0204835
v 0.8757591 -0.03271316 3.0204835
v 0.8757591 -0.03271316 4.108837
v 1.0645752 -0.11092317 4.108837
v 1.0645752 0.11699344 4.507729
v 1.0369205 0.12844838 4.507729
v 0.7975488 0.15610313 4.108837
v 1.0254655 0.15610313 4.507729
v 1.0369205 0.12844838 4.507729
v 0.8757591 -0.03271316 4.108837
v 0.8757591 -0.03271316 3.0204835
v 0.7975488 0.15610313 3.0204835
v 1.0922298 0.18375789 4.507729
v 1.1036849 0.15610313 4.507729
v 1.0922298 0.12844838 4.507729
v 1.0645752 0.19521283 4.507729
v 1.0645752 0.11699344 4.507729
v 1.0369205 0.18375789 4.507729
v 1.0369205 0.12844838 4.507729
v 1.0254655 0.15610313 4.507729
v 1.2533913 -0.03271316 3.0204835
v 1.3316016 0.15610313 3.0204835
v 1.2533913 0.34491944 3.0204835
v 1.0645752 -0.11092317 3.0204835
v 1.0645752 0.42312944 3.0204835
v 0.8757591 -0.03271316 3.0204835
v 0.8757591 0.34491944 3.0204835
v 0.7975488 0.15610313 3.0204835
v 0.5192108 0.42312944 4.108837
v 0.5192108 0.19521283 4.507729
v 0.49155617 0.18375789 4.507729
v 0.33039474 0.34491944 4.108837
v 0.33039474 0.34491944 3.0204835
v 0.5192108 0.42312944 3.0204835
v 0.5192108 0.42312944 3.0204835
v 0.7080269 0.34491944 3.0204835
v 0.7080269 0.34491944 4.108837
v 0.5192108 0.42312944 4.108837
v 0.5192108 0.19521283 4.507729
v 0.54686546 0.18375789 4.507729
v 0.5192108 -0.11092317 4.108837
v 0.5192108 0.11699344 4.507729
v 0.54686546 0.12844838 4.507729
v 0.7080269 -0.03271316 4.108837
v 0.7080269 -0.03271316 3.0204835
v 0.5192108 -0.11092317 3.0204835
v 0.7080269 0.34491944 3.0204835
v 0.78623724 0.15610313 3.0204835
v 0.78623724 0.15610313 4.108837
v 0.7080269 0.34491944 4.108837
v 0.54686546 0.18375789 4.507729
v 0.5583205 0.15610313 4.507729
v 0.33039474 0.34491944 4.108837
v 0.49155617 0.18375789 4.507729
v 0.4801011 0.15610313 4.507729
v 0.2521844 0.15610313 4.108837
v 0.2521844 0.15610313 3.0204835
v 0.33039474 0.34491944 3.0204835
v 0.78623724 0.15610313 3.0204835
v 0.7080269 -0.03271316 3.0204835
v 0.7080269 -0.03271316 4.108837
v 0.78623724 0.15610313 4.108837
v 0.5583205 0.15610313 4.507729
v 0.54686546 0.12844838 4.507729
v 0.5192108 -0.11092317 3.0204835
v 0.33039474 -0.03271316 3.0204835
v 0.33039474 -0.03271316 4.108837
v 0.5192108 -0.11092317 4.108837
v 0.5192108 0.11699344 4.507729
v 0.49155617 0.12844838 4.507729
v 0.2521844 0.15610313 4.108837
v 0.4801011 0.15610313 4.507729
v 0.49155617 0.12844838 4.507729
v 0.33039474 -0.03271316 4.108837
v 0.33039474 -0.03271316 3.0204835
v 0.2521844 0.15610313 3.0204835
v 0.54686546 0.18375789 4.507729
v 0.5583205 0.15610313 4.507729
v 0.54686546 0.12844838 4.507729
v 0.5192108 0.19521283 4.507729
v 0.5192108 0.11699344 4.507729
v 0.49155617 0.18375789 4.507729
v 0.49155617 0.12844838 4.507729
v 0.4801011 0.15610313 4.507729
v 0.7080269 -0.03271316 3.0204835
v 0.78623724 0.15610313 3.0204835
v 0.7080269 0.34491944 3.0204835
v 0.5192108 -0.11092317 3.0204835
v 0.5192108 0.42312944 3.0204835
v 0.33039474 -0.03271316 3.0204835
v 0.33039474 0.34491944 3.0204835
v 0.2521844 0.15610313 3.0204835
v -0.026153564 0.42312944 4.108837
v -0.026153564 0.19521283 4.507729
v -0.053808212 0.18375789 4.507729
v -0.21496964 0.34491944 4.108837
v -0.21496964 0.34491944 3.0204835
v -0.026153564 0.42312944 3.0204835
v -0.026153564 0.42312944 3.0204835
v 0.1626625 0.34491944 3.0204835
v 0.1626625 0.34491944 4.108837
v -0.026153564 0.42312944 4.108837
v -0.026153564 0.19521283 4.507729
v 0.0015010834 0.18375789 4.507729
v -0.026153564 -0.11092317 4.108837
v -0.026153564 0.11699344 4.507729
v 0.0015010834 0.12844838 4.507729
v 0.1626625 -0.03271316 4.108837
v 0.1626625 -0.03271316 3.0204835
v -0.026153564 -0.11092317 3.0204835
v 0.1626625 0.34491944 3.0204835
v 0.24087286 0.15610313 3.0204835
v 0.24087286 0.15610313 4.108837
v 0.1626625 0.34491944 4.108837
v 0.0015010834 0.18375789 4.507729
v 0.012956142 0.15610313 4.507729
v -0.21496964 0.34491944 4.108837
v -0.053808212 0.18375789 4.507729
v -0.06526327 0.15610313 4.507729
v -0.29318 0.15610313 4.108837
v -0.29318 0.15610313 3.0204835
v -0.21496964 0.34491944 3.0204835
v 0.24087286 0.15610313 3.0204835
v 0.1626625 -0.03271316 3.0204835
v 0.1626625 -0.03271316 4.108837
v 0.24087286 0.15610313 4.108837
v 0.012956142 0.15610313 4.507729
v 0.0015010834 0.12844838 4.507729
v -0.026153564 -0.11092317 3.0204835
v -0.21496964 -0.03271316 3.0204835
v -0.21496964 -0.03271316 4.108837
v -0.026153564 -0.11092317 4.108837
v -0.026153564 0.11699344 4.507729
v -0.053808212 0.12844838 4.507729
v -0.29318 0.15610313 4.108837
v -0.06526327 0.15610313 4.507729
v -0.053808212 0.12844838 4.507729
v -0.21496964 -0.03271316 4.108837
v -0.21496964 -0.03271316 3.0204835
v -0.29318 0.15610313 3.0204835
v 0.0015010834 0.18375789 4.507729
v 0.012956142 0.15610313 4.507729
v 0.0015010834 0.12844838 4.507729
v -0.026153564 0.19521283 4.507729
v -0.026153564 0.11699344 4.507729
v -0.053808212 0.18375789 4.507729
v -0.053808212 0.12844838 4.507729
v -0.06526327 0.15610313 4.507729
v 0.1626625 -0.03271316 3.0204835
v 0.24087286 0.15610313 3.0204835
v 0.1626625 0.34491944 3.0204835
v -0.026153564 -0.11092317 3.0204835
v -0.026153564 0.42312944 3.0204835
v -0.21496964 -0.03271316 3.0204835
v -0.21496964 0.34491944 3.0204835
v -0.29318 0.15610313 3.0204835
v -0.57151794 0.42312944 4.108837
v -0.57151794 0.19521283 4.507729
v -0.5991726 0.18375789 4.507729
v -0.760334 0.34491944 4.108837
v -0.760334 0.34491944 3.0204835
v -0.57151794 0.42312944 3.0204835
v -0.57151794 0.42312944 3.0204835
v -0.38270187 0.34491944 3.0204835
v -0.38270187 0.34491944 4.108837
v -0.57151794 0.42312944 4.108837
v -0.57151794 0.19521283 4.507729
v -0.5438633 0.18375789 4.507729
v -0.57151794 -0.11092317 4.108837
v -0.57151794 0.11699344 4.507729
v -0.5438633 0.12844838 4.507729
v -0.38270187 -0.03271316 4.108837
v -0.38270187 -0.03271316 3.0204835
v -0.57151794 -0.11092317 3.0204835
v -0.38270187 0.34491944 3.0204835
v -0.30449152 0.15610313 3.0204835
v -0.30449152 0.15610313 4.108837
v -0.38270187 0.34491944 4.108837
v -0.5438633 0.18375789 4.507729
v -0.53240824 0.15610313 4.507729
v -0.760334 0.34491944 4.108837
v -0.5991726 0.18375789 4.507729
v -0.61062765 0.15610313 4.507729
v -0.83854437 0.15610313 4.108837
v -0.83854437 0.15610313 3.0204835
v -0.760334 0.34491944 3.0204835
v -0.30449152 0.15610313 3.0204835
v -0.38270187 -0.03271316 3.0204835
v -0.38270187 -0.03271316 4.108837
v -0.30449152 0.15610313 4.108837
v -0.53240824 0.15610313 4.507729
v -0.5438633 0.12844838 4.507729
v -0.57151794 -0.11092317 3.0204835
v -0.760334 -0.03271316 3.0204835
v -0.760334 -0.03271316 4.108837
v -0.57151794 -0.11092317 4.108837
v -0.57151794 0.11699344 4.507729
v -0.5991726 0.12844838 4.507729
v -0.83854437 0.15610313 4.108837
v -0.61062765 0.15610313 4.507729
v -0.5991726 0.12844838 4.507729
v -0.760334 -0.03271316 4.108837
v -0.760334 -0.03271316 3.0204835
v -0.83854437 0.15610313 3.0204835
v -0.5438633 0.18375789 4.507729
v -0.53240824 0.15610313 4.507729
v -0.5438633 0.12844838 4.507729
v -0.57151794 0.19521283 4.507729
v -0.57151794 0.11699344 4.507729
v -0.5991726 0.18375789 4.507729
v -0.5991726 0.12844838 4.507729
v -0.61062765 0.15610313 4.507729
v -0.38270187 -0.03271316 3.0204835
v -0.30449152 0.15610313 3.0204835
v -0.38270187 0.34491944 3.0204835
v -0.57151794 -0.11092317 3.0204835
v -0.57151794 0.42312944 3.0204835
v -0.760334 -0.03271316 3.0204835
v -0.760334 0.34491944 3.0204835
v -0.83854437 0.15610313 3.0204835
v -1.1168823 0.42312944 4.108837
v -1.1168823 0.19521283 4.507729
v -1.144537 0.18375789 4.507729
v -1.3056984 0.34491944 4.108837
v -1.3056984 0.34491944 3.0204835
v -1.1168823 0.42312944 3.0204835
v -1.1168823 0.42312944 3.0204835
v -0.92806625 0.34491944 3.0204835
v -0.92806625 0.34491944 4.108837
v -1.1168823 0.42312944 4.108837
v -1.1168823 0.19521283 4.507729
v -1.0892277 0.18375789 4.507729
v -1.1168823 -0.11092317 4.108837
v -1.1168823 0.11699344 4.507729
v -1.0892277 0.12844838 4.507729
v -0.92806625 -0.03271316 4.108837
v -0.92806625 -0.03271316 3.0204835
v -1.1168823 -0.11092317 3.0204835
v -0.92806625 0.34491944 3.0204835
v -0.8498559 0.15610313 3.0204835
v -0.8498559 0.15610313 4.108837
v -0.92806625 0.34491944 4.108837
v -1.0892277 0.18375789 4.507729
v -1.0777726 0.15610313 4.507729
v -1.3056984 0.34491944 4.108837
v -1.144537 0.18375789 4.507729
v -1.155992 0.15610313 4.507729
v -1.3839087 0.15610313 4.108837
v -1.3839087 0.15610313 3.0204835
v -1.3056984 0.34491944 3.0204835
v -0.8498559 0.15610313 3.0204835
v -0.92806625 -0.03271316 3.0204835
v -0.92806625 -0.03271316 4.108837
v -0.8498559 0.15610313 4.108837
v -1.0777726 0.15610313 4.507729
v -1.0892277 0.12844838 4.507729
v -1.1168823 -0.11092317 3.0204835
v -1.3056984 -0.03271316 3.0204835
v -1.3056984 -0.03271316 4.108837
v -1.1168823 -0.11092317 4.108837
v -1.1168823 0.11699344 4.507729
v -1.144537 0.12844838 4.507729
v -1.3839087 0.15610313 4.108837
v -1.155992 0.15610313 4.507729
v -1.144537 0.12844838 4.507729
v -1.3056984 -0.03271316 4.108837
v -1.3056984 -0.03271316 3.0204835
v -1.3839087 0.15610313 3.0204835
v -1.0892277 0.18375789 4.507729
v -1.0777726 0.15610313 4.507729
v -1.0892277 0.12844838 4.507729
v -1.1168823 0.19521283 4.507729
v -1.1168823 0.11699344 4.507729
v -1.144537 0.18375789 4.507729
v -1.144537 0.12844838 4.507729
v -1.155992 0.15610313 4.507729
v -0.92806625 -0.03271316 3.0204835
v -0.8498559 0.15610313 3.0204835
v -0.92806625 0.34491944 3.0204835
v -1.1168823 -0.11092317 3.0204835
v -1.1168823 0.42312944 3.0204835
v -1.3056984 -0.03271316 3.0204835
v -1.3056984 0.34491944 3.0204835
v -1.3839087 0.15610313 3.0204835
v -1.6202965 0.42312944 4.108837
v -1.6202965 0.19521283 4.507729
v -1.6479511 0.18375789 4.507729
v -1.8091125 0.34491944 4.108837
v -1.8091125 0.34491944 3.0204835
v -1.6202965 0.42312944 3.0204835
v -1.6202965 0.42312944 3.0204835
v -1.4314804 0.34491944 3.0204835
v -1.4314804 0.34491944 4.108837
v -1.6202965 0.42312944 4.108837
v -1.6202965 0.19521283 4.507729
v -1.5926418 0.18375789 4.507729
v -1.6202965 -0.11092317 4.108837
v -1.6202965 0.11699344 4.507729
v -1.5926418 0.12844838 4.507729
v -1.4314804 -0.03271316 4.108837
v -1.4314804 -0.03271316 3.0204835
v -1.6202965 -0.11092317 3.0204835
v -1.4314804 0.34491944 3.0204835
v -1.35327 0.15610313 3.0204835
v -1.35327 0.15610313 4.108837
v -1.4314804 0.34491944 4.108837
v -1.5926418 0.18375789 4.507729
v -1.5811868 0.15610313 4.507729
v -1.8091125 0.34491944 4.108837
v -1.6479511 0.18375789 4.507729
v -1.6594062 0.15610313 4.507729
v -1.8873229 0.15610313 4.108837
v -1.8873229 0.15610313 3.0204835
v -1.8091125 0.34491944 3.0204835
v -1.35327 0.15610313 3.0204835
v -1.4314804 -0.03271316 3.0204835
v -1.4314804 -0.03271316 4.108837
v -1.35327 0.15610313 4.108837
v -1.5811868 0.15610313 4.507729
v -1.5926418 0.12844838 4.507729
v -1.6202965 -0.11092317 3.0204835
v -1.8091125 -0.03271316 3.0204835
v -1.8091125 -0.03271316 4.108837
v -1.6202965 -0.11092317 4.108837
v -1.6202965 0.11699344 4.507729
v -1.6479511 0.12844838 4.507729
v -1.8873229 0.15610313 4.108837
v -1.6594062 0.15610313 4.507729
v -1.6479511 0.12844838 4.507729
v -1.8091125 -0.03271316 4.108837
v -1.8091125 -0.03271316 3.0204835
v -1.8873229 0.15610313 3.0204835
v -1.5926418 0.18375789 4.507729
v -1.5811868 0.15610313 4.507729
v -1.5926418 0.12844838 4.507729
v -1.6202965 0.19521283 4.507729
v -1.6202965 0.11699344 4.507729
v -1.6479511 0.18375789 4.507729
v -1.6479511 0.12844838 4.507729
v -1.6594062 0.15610313 4.507729
v -1.4314804 -0.03271316 3.0204835
v -1.35327 0.15610313 3.0204835
v -1.4314804 0.34491944 3.0204835
v -1.6202965 -0.11092317 3.0204835
v -1.6202965 0.42312944 3.0204835
v -1.8091125 -0.03271316 3.0204835
v -1.8091125 0.34491944 3.0204835
v -1.8873229 0.15610313 3.0204835
v -2.1516762 0.42312944 4.108837
v -2.1516762 0.19521283 4.507729
v -2.1793308 0.18375789 4.507729
v -2.3404922 0.34491944 4.108837
v -2.3404922 0.34491944 3.0204835
v -2.1516762 0.42312944 3.0204835
v -2.1516762 0.42312944 3.0204835
v -1.9628601 0.34491944 3.0204835
v -1.9628601 0.34491944 4.108837
v -2.1516762 0.42312944 4.108837
v -2.1516762 0.19521283 4.507729
v -2.1240215 0.18375789 4.507729
v -2.1516762 -0.11092317 4.108837
v -2.1516762 0.11699344 4.507729
v -2.1240215 0.12844838 4.507729
v -1.9628601 -0.03271316 4.108837
v -1.9628601 -0.03271316 3.0204835
v -2.1516762 -0.11092317 3.0204835
v -1.9628601 0.34491944 3.0204835
v -1.8846498 0.15610313 3.0204835
v -1.8846498 0.15610313 4.108837
v -1.9628601 0.34491944 4.108837
v -2.1240215 0.18375789 4.507729
v -2.1125665 0.15610313 4.507729
v -2.3404922 0.34491944 4.108837
v -2.1793308 0.18375789 4.507729
v -2.190786 0.15610313 4.507729
v -2.4187026 0.15610313 4.108837
v -2.4187026 0.15610313 3.0204835
v -2.3404922 0.34491944 3.0204835
v -1.8846498 0.15610313 3.0204835
v -1.9628601 -0.03271316 3.0204835
v -1.9628601 -0.03271316 4.108837
v -1.8846498 0.15610313 4.108837
v -2.1125665 0.15610313 4.507729
v -2.1240215 0.12844838 4.507729
v -2.1516762 -0.11092317 3.0204835
v -2.3404922 -0.03271316 3.0204835
v -2.3404922 -0.03271316 4.108837
v -2.1516762 -0.11092317 4.108837
v -2.1516762 0.11699344 4.507729
v -2.1793308 0.12844838 4.507729
v -2.4187026 0.15610313 4.108837
v -2.190786 0.15610313 4.507729
v -2.1793308 0.12844838 4.507729
v -2.3404922 -0.03271316 4.108837
v -2.3404922 -0.03271316 3.0204835
v -2.4187026 0.15610313 3.0204835
v -2.1240215 0.18375789 4.507729
v -2.1125665 0.15610313 4.507729
v -2.1240215 0.12844838 4.507729
v -2.1516762 0.19521283 4.507729
v -2.1516762 0.11699344 4.507729
v -2.1793308 0.18375789 4.507729
v -2.1793308 0.12844838 4.507729
v -2.190786 0.15610313 4.507729
v -1.9628601 -0.03271316 3.0204835
v -1.8846498 0.15610313 3.0204835
v -1.9628601 0.34491944 3.0204835
v -2.1516762 -0.11092317 3.0204835
v -2.1516762 0.42312944 3.0204835
v -2.3404922 -0.03271316 3.0204835
v -2.3404922 0.34491944 3.0204835
v -2.4187026 0.15610313 3.0204835
vt 0 1
vt 0 1
vt 0.125 1
vt 0.125 1
vt 0.125 0.5
vt 0 0.5
vt 1 0.5
vt 0.875 0.5
vt 0.875 1
vt 1 1
vt 1 1
vt 0.875 1
vt 0.5 1
vt 0.5 1
vt 0.625 1
vt 0.625 1
vt 0.625 0.5
vt 0.5 0.5
vt 0.875 0.5
vt 0.75 0.5
vt 0.75 1
vt 0.875 1
vt 0.875 1
vt 0.75 1
vt 0.125 1
vt 0.125 1
vt 0.25 1
vt 0.25 1
vt 0.25 0.5
vt 0.125 0.5
vt 0.75 0.5
vt 0.625 0.5
vt 0.625 1
vt 0.75 1
vt 0.75 1
vt 0.625 1
vt 0.5 0.5
vt 0.375 0.5
vt 0.375 1
vt 0.5 1
vt 0.5 1
vt 0.375 1
vt 0.25 1
vt 0.25 1
vt 0.375 1
vt 0.375 1
vt 0.375 0.5
vt 0.25 0.5
vt 0.41970557 0.4197058
vt 0.49 0.25
vt 0.41970557 0.08029419
vt 0.25 0.49
vt 0.25 0.010000005
vt 0.080294415 0.4197058
vt 0.080294415 0.08029419
vt 0.010000005 0.25
vt 0.91970557 0.08029419
vt 0.99 0.25
vt 0.91970557 0.4197058
vt 0.75 0.010000005
vt 0.75 0.49
vt 0.58029443 0.08029419
vt 0.58029443 0.4197058
vt 0.51 0.25
vt 0 1
vt 0 1
vt 0.125 1
vt 0.125 1
vt 0.125 0.5
vt 0 0.5
vt 1 0.5
vt 0.875 0.5
vt 0.875 1
vt 1 1
vt 1 1
vt 0.875 1
vt 0.5 1
vt 0.5 1
vt 0.625 1
vt 0.625 1
vt 0.625 0.5
vt 0.5 0.5
vt 0.875 0.5
vt 0.75 0.5
vt 0.75 1
vt 0.875 1
vt 0.875 1
vt 0.75 1
vt 0.125 1
vt 0.125 1
vt 0.25 1
vt 0.25 1
vt 0.25 0.5
vt 0.125 0.5
vt 0.75 0.5
vt 0.625 0.5
vt 0.625 1
vt 0.75 1
vt 0.75 1
vt 0.625 1
vt 0.5 0.5
vt 0.375 0.5
vt 0.375 1
vt 0.5 1
vt 0.5 1
vt 0.375 1
vt 0.25 1
vt 0.25 1
vt 0.375 1
vt 0.375 1
vt 0.375 0.5
vt 0.25 0.5
vt 0.41970557 0.4197058
vt 0.49 0.25
vt 0.41970557 0.08029419
vt 0.25 0.49
vt 0.25 0.010000005
vt 0.080294415 0.4197058
vt 0.080294415 0.08029419
vt 0.010000005 0.25
vt 0.91970557 0.08029419
vt 0.99 0.25
vt 0.91970557 0.4197058
vt 0.75 0.010000005
vt 0.75 0.49
vt 0.58029443 0.08029419
vt 0.58029443 0.4197058
vt 0.51 0.25
vt 0 1
vt 0 1
vt 0.125 1
vt 0.125 1
vt 0.125 0.5
vt 0 0.5
vt 1 0.5
vt 0.875 0.5
vt 0.875 1
vt 1 1
vt 1 1
vt 0.875 1
vt 0.5 1
vt 0.5 1
vt 0.625 1
vt 0.625 1
vt 0.625 0.5
vt 0.5 0.5
vt 0.875 0.5
vt 0.75 0.5
vt 0.75 1
vt 0.875 1
vt 0.875 1
vt 0.75 1
vt 0.125 1
vt 0.125 1
vt 0.25 1
vt 0.25 1
vt 0.25 0.5
vt 0.125 0.5
vt 0.75 0.5
vt 0.625 0.5
vt 0.625 1
vt 0.75 1
vt 0.75 1
vt 0.625 1
vt 0.5 0.5
vt 0.375 0.5
vt 0.375 1
vt 0.5 1
vt 0.5 1
vt 0.375 1
vt 0.25 1
vt 0.25 1
vt 0.375 1
vt 0.375 1
vt 0.375 0.5
vt 0.25 0.5
vt 0.41970557 0.4197058
vt 0.49 0.25
vt 0.41970557 0.08029419
vt 0.25 0.49
vt 0.25 0.010000005
vt 0.080294415 0.4197058
vt 0.080294415 0.08029419
vt 0.010000005 0.25
vt 0.91970557 0.08029419
vt 0.99 0.25
vt 0.91970557 0.4197058
vt 0.75 0.010000005
vt 0.75 0.49
vt 0.58029443 0.08029419
vt 0.58029443 0.4197058
vt 0.51 0.25
vt 0 1
vt 0 1
vt 0.125 1
vt 0.125 1
vt 0.125 0.5
vt 0 0.5
vt 1 0.5
vt 0.875 0.5
vt 0.875 1
vt 1 1
vt 1 1
vt 0.875 1
vt 0.5 1
vt 0.5 1
vt 0.625 1
vt 0.625 1
vt 0.625 0.5
vt 0.5 0.5
vt 0.875 0.5
vt 0.75 0.5
vt 0.75 1
vt 0.875 1
vt 0.875 1
vt 0.75 1
vt 0.125 1
vt 0.125 1
vt 0.25 1
vt 0.25 1
vt 0.25 0.5
vt 0.125 0.5
vt 0.75 0.5
vt 0.625 0.5
vt 0.625 1
vt 0.75 1
vt 0.75 1
vt 0.625 1
vt 0.5 0.5
vt 0.375 0.5
vt 0.375 1
vt 0.5 1
vt 0.5 1
vt 0.375 1
vt 0.25 1
vt 0.25 1
vt 0.375 1
vt 0.375 1
vt 0.375 0.5
vt 0.25 0.5
vt 0.41970557 0.4197058
vt 0.49 0.25
vt 0.41970557 0.08029419
vt 0.25 0.49
vt 0.25 0.010000005
vt 0.080294415 0.4197058
vt 0.080294415 0.08029419
vt 0.010000005 0.25
vt 0.91970557 0.08029419
vt 0.99 0.25
vt 0.91970557 0.4197058
vt 0.75 0.010000005
vt 0.75 0.49
vt 0.58029443 0.08029419
vt 0.58029443 0.4197058
vt 0.51 0.25
vt 0 1
vt 0 1
vt 0.125 1
vt 0.125 1
vt 0.125 0.5
vt 0 0.5
vt 1 0.5
vt 0.875 0.5
vt 0.875 1
vt 1 1
vt 1 1
vt 0.875 1
vt 0.5 1
vt 0.5 1
vt 0.625 1
vt 0.625 1
vt 0.625 0.5
vt 0.5 0.5
vt 0.875 0.5
vt 0.75 0.5
vt 0.75 1
vt 0.875 1
vt 0.875 1
vt 0.75 1
vt 0.125 1
vt 0.125 1
vt 0.25 1
vt 0.25 1
vt 0.25 0.5
vt 0.125 0.5
vt 0.75 0.5
vt 0.625 0.5
vt 0.625 1
vt 0.75 1
vt 0.75 1
vt 0.625 1
vt 0.5 0.5
vt 0.375 0.5
vt 0.375 1
vt 0.5 1
vt 0.5 1
vt 0.375 1
vt 0.25 1
vt 0.25 1
vt 0.375 1
vt 0.375 1
vt 0.375 0.5
vt 0.25 0.5
vt 0.41970557 0.4197058
vt 0.49 0.25
vt 0.41970557 0.08029419
vt 0.25 0.49
vt 0.25 0.010000005
vt 0.080294415 0.4197058
vt 0.080294415 0.08029419
vt 0.010000005 0.25
vt 0.91970557 0.08029419
vt 0.99 0.25
vt 0.91970557 0.4197058
vt 0.75 0.010000005
vt 0.75 0.49
vt 0.58029443 0.08029419
vt 0.58029443 0.4197058
vt 0.51 0.25
vt 0 1
vt 0 1
vt 0.125 1
vt 0.125 1
vt 0.125 0.5
vt 0 0.5
vt 1 0.5
vt 0.875 0.5
vt 0.875 1
vt 1 1
vt 1 1
vt 0.875 1
vt 0.5 1
vt 0.5 1
vt 0.625 1
vt 0.625 1
vt 0.625 0.5
vt 0.5 0.5
vt 0.875 0.5
vt 0.75 0.5
vt 0.75 1
vt 0.875 1
vt 0.875 1
vt 0.75 1
vt 0.125 1
vt 0.125 1
vt 0.25 1
vt 0.25 1
vt 0.25 0.5
vt 0.125 0.5
vt 0.75 0.5
vt 0.625 0.5
vt 0.625 1
vt 0.75 1
vt 0.75 1
vt 0.625 1
vt 0.5 0.5
vt 0.375 0.5
vt 0.375 1
vt 0.5 1
vt 0.5 1
vt 0.375 1
vt 0.25 1
vt 0.25 1
vt 0.375 1
vt 0.375 1
vt 0.375 0.5
vt 0.25 0.5
vt 0.41970557 0.4197058
vt 0.49 0.25
vt 0.41970557 0.08029419
vt 0.25 0.49
vt 0.25 0.010000005
vt 0.080294415 0.4197058
vt 0.080294415 0.08029419
vt 0.010000005 0.25
vt 0.91970557 0.08029419
vt 0.99 0.25
vt 0.91970557 0.4197058
vt 0.75 0.010000005
vt 0.75 0.49
vt 0.58029443 0.08029419
vt 0.58029443 0.4197058
vt 0.51 0.25
vt 0 1
vt 0 1
vt 0.125 1
vt 0.125 1
vt 0.125 0.5
vt 0 0.5
vt 1 0.5
vt 0.875 0.5
vt 0.875 1
vt 1 1
vt 1 1
vt 0.875 1
vt 0.5 1
vt 0.5 1
vt 0.625 1
vt 0.625 1
vt 0.625 0.5
vt 0.5 0.5
vt 0.875 0.5
vt 0.75 0.5
vt 0.75 1
vt 0.875 1
vt 0.875 1
vt 0.75 1
vt 0.125 1
vt 0.125 1
vt 0.25 1
vt 0.25 1
vt 0.25 0.5
vt 0.125 0.5
vt 0.75 0.5
vt 0.625 0.5
vt 0.625 1
vt 0.75 1
vt 0.75 1
vt 0.625 1
vt 0.5 0.5
vt 0.375 0.5
vt 0.375 1
vt 0.5 1
vt 0.5 1
vt 0.375 1
vt 0.25 1
vt 0.25 1
vt 0.375 1
vt 0.375 1
vt 0.375 0.5
vt 0.25 0.5
vt 0.41970557 0.4197058
vt 0.49 0.25
vt 0.41970557 0.08029419
vt 0.25 0.49
vt 0.25 0.010000005
vt 0.080294415 0.4197058
vt 0.080294415 0.08029419
vt 0.010000005 0.25
vt 0.91970557 0.08029419
vt 0.99 0.25
vt 0.91970557 0.4197058
vt 0.75 0.010000005
vt 0.75 0.49
vt 0.58029443 0.08029419
vt 0.58029443 0.4197058
vt 0.51 0.25
vt 0 1
vt 0 1
vt 0.125 1
vt 0.125 1
vt 0.125 0.5
vt 0 0.5
vt 1 0.5
vt 0.875 0.5
vt 0.875 1
vt 1 1
vt 1 1
vt 0.875 1
vt 0.5 1
vt 0.5 1
vt 0.625 1
vt 0.625 1
vt 0.625 0.5
vt 0.5 0.5
vt 0.875 0.5
vt 0.75 0.5
vt 0.75 1
vt 0.875 1
vt 0.875 1
vt 0.75 1
vt 0.125 1
vt 0.125 1
vt 0.25 1
vt 0.25 1
vt 0.25 0.5
vt 0.125 0.5
vt 0.75 0.5
vt 0.625 0.5
vt 0.625 1
vt 0.75 1
vt 0.75 1
vt 0.625 1
vt 0.5 0.5
vt 0.375 0.5
vt 0.375 1
vt 0.5 1
vt 0.5 1
vt 0.375 1
vt 0.25 1
vt 0.25 1
vt 0.375 1
vt 0.375 1
vt 0.375 0.5
vt 0.25 0.5
vt 0.41970557 0.4197058
vt 0.49 0.25
vt 0.41970557 0.08029419
vt 0.25 0.49
vt 0.25 0.010000005
vt 0.080294415 0.4197058
vt 0.080294415 0.08029419
vt 0.010000005 0.25
vt 0.91970557 0.08029419
vt 0.99 0.25
vt 0.91970557 0.4197058
vt 0.75 0.010000005
vt 0.75 0.49
vt 0.58029443 0.08029419
vt 0.58029443 0.4197058
vt 0.51 0.25
vt 0 1
vt 0 1
vt 0.125 1
vt 0.125 1
vt 0.125 0.5
vt 0 0.5
vt 1 0.5
vt 0.875 0.5
vt 0.875 1
vt 1 1
vt 1 1
vt 0.875 1
vt 0.5 1
vt 0.5 1
vt 0.625 1
vt 0.625 1
vt 0.625 0.5
vt 0.5 0.5
vt 0.875 0.5
vt 0.75 0.5
vt 0.75 1
vt 0.875 1
vt 0.875 1
vt 0.75 1
vt 0.125 1
vt 0.125 1
vt 0.25 1
vt 0.25 1
vt 0.25 0.5
vt 0.125 0.5
vt 0.75 0.5
vt 0.625 0.5
vt 0.625 1
vt 0.75 1
vt 0.75 1
vt 0.625 1
vt 0.5 0.5
vt 0.375 0.5
vt 0.375 1
vt 0.5 1
vt 0.5 1
vt 0.375 1
vt 0.25 1
vt 0.25 1
vt 0.375 1
vt 0.375 1
vt 0.375 0.5
vt 0.25 0.5
vt 0.41970557 0.4197058
vt 0.49 0.25
vt 0.41970557 0.08029419
vt 0.25 0.49
vt 0.25 0.010000005
vt 0.080294415 0.4197058
vt 0.080294415 0.08029419
vt 0.010000005 0.25
vt 0.91970557 0.08029419
vt 0.99 0.25
vt 0.91970557 0.4197058
vt 0.75 0.010000005
vt 0.75 0.49
vt 0.58029443 0.08029419
vt 0.58029443 0.4197058
vt 0.51 0.25
vt 0 1
vt 0 1
vt 0.125 1
vt 0.125 1
vt 0.125 0.5
vt 0 0.5
vt 1 0.5
vt 0.875 0.5
vt 0.875 1
vt 1 1
vt 1 1
vt 0.875 1
vt 0.5 1
vt 0.5 1
vt 0.625 1
vt 0.625 1
vt 0.625 0.5
vt 0.5 0.5
vt 0.875 0.5
vt 0.75 0.5
vt 0.75 1
vt 0.875 1
vt 0.875 1
vt 0.75 1
vt 0.125 1
vt 0.125 1
vt 0.25 1
vt 0.25 1
vt 0.25 0.5
vt 0.125 0.5
vt 0.75 0.5
vt 0.625 0.5
vt 0.625 1
vt 0.75 1
vt 0.75 1
vt 0.625 1
vt 0.5 0.5
vt 0.375 0.5
vt 0.375 1
vt 0.5 1
vt 0.5 1
vt 0.375 1
vt 0.25 1
vt 0.25 1
vt 0.375 1
vt 0.375 1
vt 0.375 0.5
vt 0.25 0.5
vt 0.41970557 0.4197058
vt 0.49 0.25
vt 0.41970557 0.08029419
vt 0.25 0.49
vt 0.25 0.010000005
vt 0.080294415 0.4197058
vt 0.080294415 0.08029419
vt 0.010000005 0.25
vt 0.91970557 0.08029419
vt 0.99 0.25
vt 0.91970557 0.4197058
vt 0.75 0.010000005
vt 0.75 0.49
vt 0.58029443 0.08029419
vt 0.58029443 0.4197058
vt 0.51 0.25
vt 0 1
vt 0 1
vt 0.125 1
vt 0.125 1
vt 0.125 0.5
vt 0 0.5
vt 1 0.5
vt 0.875 0.5
vt 0.875 1
vt 1 1
vt 1 1
vt 0.875 1
vt 0.5 1
vt 0.5 1
vt 0.625 1
vt 0.625 1
vt 0.625 0.5
vt 0.5 0.5
vt 0.875 0.5
vt 0.75 0.5
vt 0.75 1
vt 0.875 1
vt 0.875 1
vt 0.75 1
vt 0.125 1
vt 0.125 1
vt 0.25 1
vt 0.25 1
vt 0.25 0.5
vt 0.125 0.5
vt 0.75 0.5
vt 0.625 0.5
vt 0.625 1
vt 0.75 1
vt 0.75 1
vt 0.625 1
vt 0.5 0.5
vt 0.375 0.5
vt 0.375 1
vt 0.5 1
vt 0.5 1
vt 0.375 1
vt 0.25 1
vt 0.25 1
vt 0.375 1
vt 0.375 1
vt 0.375 0.5
vt 0.25 0.5
vt 0.41970557 0.4197058
vt 0.49 0.25
vt 0.41970557 0.08029419
vt 0.25 0.49
vt 0.25 0.010000005
vt 0.080294415 0.4197058
vt 0.080294415 0.08029419
vt 0.010000005 0.25
vt 0.91970557 0.08029419
vt 0.99 0.25
vt 0.91970557 0.4197058
vt 0.75 0.010000005
vt 0.75 0.49
vt 0.58029443 0.08029419
vt 0.58029443 0.4197058
vt 0.51 0.25
vt 0 1
vt 0 1
vt 0.125 1
vt 0.125 1
vt 0.125 0.5
vt 0 0.5
vt 1 0.5
vt 0.875 0.5
vt 0.875 1
vt 1 1
vt 1 1
vt 0.875 1
vt 0.5 1
vt 0.5 1
vt 0.625 1
vt 0.625 1
vt 0.625 0.5
vt 0.5 0.5
vt 0.875 0.5
vt 0.75 0.5
vt 0.75 1
vt 0.875 1
vt 0.875 1
vt 0.75 1
vt 0.125 1
vt 0.125 1
vt 0.25 1
vt 0.25 1
vt 0.25 0.5
vt 0.125 0.5
vt 0.75 0.5
vt 0.625 0.5
vt 0.625 1
vt 0.75 1
vt 0.75 1
vt 0.625 1
vt 0.5 0.5
vt 0.375 0.5
vt 0.375 1
vt 0.5 1
vt 0.5 1
vt 0.375 1
vt 0.25 1
vt 0.25 1
vt 0.375 1
vt 0.375 1
vt 0.375 0.5
vt 0.25 0.5
vt 0.41970557 0.4197058
vt 0.49 0.25
vt 0.41970557 0.08029419
vt 0.25 0.49
vt 0.25 0.010000005
vt 0.080294415 0.4197058
vt 0.080294415 0.08029419
vt 0.010000005 0.25
vt 0.91970557 0.08029419
vt 0.99 0.25
vt 0.91970557 0.4197058
vt 0.75 0.010000005
vt 0.75 0.49
vt 0.58029443 0.08029419
vt 0.58029443 0.4197058
vt 0.51 0.25
vt 0 1
vt 0 1
vt 0.125 1
vt 0.125 1
vt 0.125 0.5
vt 0 0.5
vt 1 0.5
vt 0.875 0.5
vt 0.875 1
vt 1 1
vt 1 1
vt 0.875 1
vt 0.5 1
vt 0.5 1
vt 0.625 1
vt 0.625 1
vt 0.625 0.5
vt 0.5 0.5
vt 0.875 0.5
vt 0.75 0.5
vt 0.75 1
vt 0.875 1
vt 0.875 1
vt 0.75 1
vt 0.125 1
vt 0.125 1
vt 0.25 1
vt 0.25 1
vt 0.25 0.5
vt 0.125 0.5
vt 0.75 0.5
vt 0.625 0.5
vt 0.625 1
vt 0.75 1
vt 0.75 1
vt 0.625 1
vt 0.5 0.5
vt 0.375 0.5
vt 0.375 1
vt 0.5 1
vt 0.5 1
vt 0.375 1
vt 0.25 1
vt 0.25 1
vt 0.375 1
vt 0.375 1
vt 0.375 0.5
vt 0.25 0.5
vt 0.41970557 0.4197058
vt 0.49 0.25
vt 0.41970557 0.08029419
vt 0.25 0.49
vt 0.25 0.010000005
vt 0.080294415 0.4197058
vt 0.080294415 0.08029419
vt 0.010000005 0.25
vt 0.91970557 0.08029419
vt 0.99 0.25
vt 0.91970557 0.4197058
vt 0.75 0.010000005
vt 0.75 0.49
vt 0.58029443 0.08029419
vt 0.58029443 0.4197058
vt 0.51 0.25
vt 0 1
vt 0 1
vt 0.125 1
vt 0.125 1
vt 0.125 0.5
vt 0 0.5
vt 1 0.5
vt 0.875 0.5
vt 0.875 1
vt 1 1
vt 1 1
vt 0.875 1
vt 0.5 1
vt 0.5 1
vt 0.625 1
vt 0.625 1
vt 0.625 0.5
vt 0.5 0.5
vt 0.875 0.5
vt 0.75 0.5
vt 0.75 1
vt 0.875 1
vt 0.875 1
vt 0.75 1
vt 0.125 1
vt 0.125 1
vt 0.25 1
vt 0.25 1
vt 0.25 0.5
vt 0.125 0.5
vt 0.75 0.5
vt 0.625 0.5
vt 0.625 1
vt 0.75 1
vt 0.75 1
vt 0.625 1
vt 0.5 0.5
vt 0.375 0.5
vt 0.375 1
vt 0.5 1
vt 0.5 1
vt 0.375 1
vt 0.25 1
vt 0.25 1
vt 0.375 1
vt 0.375 1
vt 0.375 0.5
vt 0.25 0.5
vt 0.41970557 0.4197058
vt 0.49 0.25
vt 0.41970557 0.08029419
vt 0.25 0.49
vt 0.25 0.010000005
vt 0.080294415 0.4197058
vt 0.080294415 0.08029419
vt 0.010000005 0.25
vt 0.91970557 0.08029419
vt 0.99 0.25
vt 0.91970557 0.4197058
vt 0.75 0.010000005
vt 0.75 0.49
vt 0.58029443 0.08029419
vt 0.58029443 0.4197058
vt 0.51 0.25
vt 0 1
vt 0 1
vt 0.125 1
vt 0.125 1
vt 0.125 0.5
vt 0 0.5
vt 1 0.5
vt 0.875 0.5
vt 0.875 1
vt 1 1
vt 1 1
vt 0.875 1
vt 0.5 1
vt 0.5 1
vt 0.625 1
vt 0.625 1
vt 0.625 0.5
vt 0.5 0.5
vt 0.875 0.5
vt 0.75 0.5
vt 0.75 1
vt 0.875 1
vt 0.875 1
vt 0.75 1
vt 0.125 1
vt 0.125 1
vt 0.25 1
vt 0.25 1
vt 0.25 0.5
vt 0.125 0.5
vt 0.75 0.5
vt 0.625 0.5
vt 0.625 1
vt 0.75 1
vt 0.75 1
vt 0.625 1
vt 0.5 0.5
vt 0.375 0.5
vt 0.375 1
vt 0.5 1
vt 0.5 1
vt 0.375 1
vt 0.25 1
vt 0.25 1
vt 0.375 1
vt 0.375 1
vt 0.375 0.5
vt 0.25 0.5
vt 0.41970557 0.4197058
vt 0.49 0.25
vt 0.41970557 0.08029419
vt 0.25 0.49
vt 0.25 0.010000005
vt 0.080294415 0.4197058
vt 0.080294415 0.08029419
vt 0.010000005 0.25
vt 0.91970557 0.08029419
vt 0.99 0.25
vt 0.91970557 0.4197058
vt 0.75 0.010000005
vt 0.75 0.49
vt 0.58029443 0.08029419
vt 0.58029443 0.4197058
vt 0.51 0.25
vt 0 1
vt 0 1
vt 0.125 1
vt 0.125 1
vt 0.125 0.5
vt 0 0.5
vt 1 0.5
vt 0.875 0.5
vt 0.875 1
vt 1 1
vt 1 1
vt 0.875 1
vt 0.5 1
vt 0.5 1
vt 0.625 1
vt 0.625 1
vt 0.625 0.5
vt 0.5 0.5
vt 0.875 0.5
vt 0.75 0.5
vt 0.75 1
vt 0.875 1
vt 0.875 1
vt 0.75 1
vt 0.125 1
vt 0.125 1
vt 0.25 1
vt 0.25 1
vt 0.25 0.5
vt 0.125 0.5
vt 0.75 0.5
vt 0.625 0.5
vt 0.625 1
vt 0.75 1
vt 0.75 1
vt 0.625 1
vt 0.5 0.5
vt 0.375 0.5
vt 0.375 1
vt 0.5 1
vt 0.5 1
vt 0.375 1
vt 0.25 1
vt 0.25 1
vt 0.375 1
vt 0.375 1
vt 0.375 0.5
vt 0.25 0.5
vt 0.41970557 0.4197058
vt 0.49 0.25
vt 0.41970557 0.08029419
vt 0.25 0.49
vt 0.25 0.010000005
vt 0.080294415 0.4197058
vt 0.080294415 0.08029419
vt 0.010000005 0.25
vt 0.91970557 0.08029419
vt 0.99 0.25
vt 0.91970557 0.4197058
vt 0.75 0.010000005
vt 0.75 0.49
vt 0.58029443 0.08029419
vt 0.58029443 0.4197058
vt 0.51 0.25
vt 0 1
vt 0 1
vt 0.125 1
vt 0.125 1
vt 0.125 0.5
vt 0 0.5
vt 1 0.5
vt 0.875 0.5
vt 0.875 1
vt 1 1
vt 1 1
vt 0.875 1
vt 0.5 1
vt 0.5 1
vt 0.625 1
vt 0.625 1
vt 0.625 0.5
vt 0.5 0.5
vt 0.875 0.5
vt 0.75 0.5
vt 0.75 1
vt 0.875 1
vt 0.875 1
vt 0.75 1
vt 0.125 1
vt 0.125 1
vt 0.25 1
vt 0.25 1
vt 0.25 0.5
vt 0.125 0.5
vt 0.75 0.5
vt 0.625 0.5
vt 0.625 1
vt 0.75 1
vt 0.75 1
vt 0.625 1
vt 0.5 0.5
vt 0.375 0.5
vt 0.375 1
vt 0.5 1
vt 0.5 1
vt 0.375 1
vt 0.25 1
vt 0.25 1
vt 0.375 1
vt 0.375 1
vt 0.375 0.5
vt 0.25 0.5
vt 0.41970557 0.4197058
vt 0.49 0.25
vt 0.41970557 0.08029419
vt 0.25 0.49
vt 0.25 0.010000005
vt 0.080294415 0.4197058
vt 0.080294415 0.08029419
vt 0.010000005 0.25
vt 0.91970557 0.08029419
vt 0.99 0.25
vt 0.91970557 0.4197058
vt 0.75 0.010000005
vt 0.75 0.49
vt 0.58029443 0.08029419
vt 0.58029443 0.4197058
vt 0.51 0.25
vn -0.3728816 0.9002166 0.22487627
vn -0.33842495 0.81702983 0.46683067
vn -0.33842495 0.81702983 0.46683067
vn -0.37288165 0.9002167 0.22487622
vn -0.38268286 0.9238798 0
vn -0.38268286 0.9238798 0
vn 0.3826824 0.9238799 0
vn 0.3826824 0.9238799 0
vn 0.37288055 0.9002172 0.22487581
vn 0.37288058 0.9002172 0.2248759
vn 0.33842334 0.8170309 0.46683
vn 0.33842334 0.8170309 0.46683
vn 0.3728811 -0.900217 0.2248758
vn 0.33842432 -0.81703055 0.46682972
vn 0.33842432 -0.81703055 0.46682972
vn 0.37288108 -0.900217 0.22487575
vn 0.3826825 -0.9238799 0
vn 0.3826825 -0.9238799 0
vn 0.92387974 0.3826831 0
vn 0.92387974 0.3826831 0
vn 0.9002163 0.37288234 0.22487625
vn 0.9002163 0.37288234 0.22487627
vn 0.8170293 0.33842614 0.46683082
vn 0.8170293 0.33842614 0.46683082
vn -0.9002161 0.3728829 0.22487628
vn -0.8170293 0.33842614 0.46683082
vn -0.8170293 0.33842614 0.46683082
vn -0.9002161 0.3728829 0.22487625
vn -0.9238793 0.38268408 0
vn -0.9238793 0.38268408 0
vn 0.9238796 -0.3826831 0
vn 0.9238796 -0.3826831 0
vn 0.9002163 -0.37288234 0.22487627
vn 0.9002163 -0.37288234 0.22487625
vn 0.8170293 -0.33842614 0.46683082
vn 0.8170293 -0.33842614 0.46683082
vn -0.38268292 -0.92387974 0
vn -0.38268292 -0.92387974 0
vn -0.3728812 -0.90021676 0.22487627
vn -0.37288117 -0.90021676 0.22487631
vn -0.33842397 -0.8170302 0.4668308
vn -0.33842397 -0.8170302 0.4668308
vn -0.9002161 -0.3728829 0.22487625
vn -0.8170293 -0.33842614 0.46683082
vn -0.8170293 -0.33842614 0.46683082
vn -0.9002161 -0.3728829 0.22487628
vn -0.9238793 -0.38268408 0
vn -0.9238793 -0.38268408 0
vn -0 0 1
vn -0 0 1
vn -0 0 1
vn -0 0 1
vn -0 0 1
vn -0 0 1
vn -0 0 1
vn -0 0 1
vn -0 0 -1
vn -0 0 -1
vn -0 0 -1
vn -0 0 -1
vn -0 0 -1
vn -0 0 -1
vn -0 0 -1
vn -0 0 -1
vn -0.37288126 0.9002167 0.22487634
vn -0.33842412 0.8170301 0.46683076
vn -0.33842412 0.8170301 0.46683076
vn -0.37288126 0.9002167 0.22487622
vn -0.38268298 0.92387974 0
vn -0.38268298 0.92387974 0
vn 0.38268256 0.9238799 0
vn 0.38268256 0.9238799 0
vn 0.37288076 0.90021706 0.22487584
vn 0.37288067 0.90021706 0.22487587
vn 0.3384235 0.8170308 0.4668299
vn 0.3384235 0.8170308 0.4668299
vn 0.37288073 -0.90021706 0.22487584
vn 0.3384235 -0.8170308 0.46682987
vn 0.3384235 -0.8170308 0.46682987
vn 0.3728808 -0.90021706 0.2248758
vn 0.38268262 -0.9238799 0
vn 0.38268262 -0.9238799 0
vn 0.92387944 0.38268387 0
vn 0.92387944 0.38268387 0
vn 0.9002167 0.3728815 0.2248761
vn 0.9002167 0.37288156 0.2248761
vn 0.81703043 0.33842364 0.4668305
vn 0.81703043 0.33842364 0.4668305
vn -0.9002163 0.3728825 0.22487593
vn -0.81702983 0.33842567 0.4668301
vn -0.81702983 0.33842567 0.4668301
vn -0.9002163 0.37288246 0.2248759
vn -0.92387944 0.38268387 0
vn -0.92387944 0.38268387 0
vn 0.92387944 -0.3826839 0
vn 0.92387944 -0.3826839 0
vn 0.9002167 -0.37288156 0.22487614
vn 0.9002167 -0.3728815 0.2248761
vn 0.81703043 -0.33842364 0.4668305
vn 0.81703043 -0.33842364 0.4668305
vn -0.38268307 -0.92387974 0
vn -0.38268307 -0.92387974 0
vn -0.37288132 -0.9002167 0.22487622
vn -0.37288132 -0.9002167 0.2248763
vn -0.33842412 -0.8170301 0.4668307
vn -0.33842412 -0.8170301 0.4668307
vn -0.9002163 -0.37288246 0.2248759
vn -0.81702983 -0.33842567 0.4668301
vn -0.81702983 -0.33842567 0.4668301
vn -0.9002163 -0.3728825 0.22487593
vn -0.92387944 -0.3826839 0
vn -0.92387944 -0.3826839 0
vn -0 0 1
vn -0 0 1
vn -0 0 1
vn -0 0 1
vn -0 0 1
vn -0 0 1
vn -0 0 1
vn -0 0 1
vn -0 0 -1
vn -0 0 -1
vn -0 0 -1
vn -0 0 -1
vn -0 0 -1
vn -0 0 -1
vn -0 0 -1
vn -0 0 -1
vn -0.37288156 0.9002167 0.22487621
vn -0.33842513 0.8170298 0.46683058
vn -0.33842513 0.8170298 0.46683058
vn -0.37288165 0.9002167 0.22487618
vn -0.38268262 0.9238799 0
vn -0.38268262 0.9238799 0
vn 0.38268262 0.9238799 0
vn 0.38268262 0.9238799 0
vn 0.37288117 0.9002169 0.22487569
vn 0.37288117 0.9002169 0.22487578
vn 0.33842447 0.8170305 0.46682975
vn 0.33842447 0.8170305 0.46682975
vn 0.3728812 -0.9002169 0.22487573
vn 0.3384245 -0.81703055 0.46682966
vn 0.3384245 -0.81703055 0.46682966
vn 0.37288123 -0.9002169 0.22487566
vn 0.38268268 -0.9238798 0
vn 0.38268268 -0.9238798 0
vn 0.9238795 0.38268352 0
vn 0.9238795 0.38268352 0
vn 0.9002162 0.37288257 0.22487631
vn 0.9002162 0.37288257 0.22487631
vn 0.8170291 0.33842617 0.46683085
vn 0.8170291 0.33842617 0.46683085
vn -0.9002162 0.37288257 0.22487631
vn -0.8170291 0.33842617 0.46683085
vn -0.8170291 0.33842617 0.46683085
vn -0.9002162 0.37288257 0.22487631
vn -0.9238795 0.38268352 0
vn -0.9238795 0.38268352 0
vn 0.9238795 -0.38268355 0
vn 0.9238795 -0.38268355 0
vn 0.9002162 -0.3728826 0.22487633
vn 0.9002162 -0.37288257 0.22487631
vn 0.8170291 -0.33842617 0.46683085
vn 0.8170291 -0.33842617 0.46683085
vn -0.38268268 -0.9238798 0
vn -0.38268268 -0.9238798 0
vn -0.37288162 -0.9002167 0.22487614
vn -0.37288162 -0.9002167 0.22487621
vn -0.33842513 -0.8170298 0.46683055
vn -0.33842513 -0.8170298 0.46683055
vn -0.9002162 -0.37288257 0.22487631
vn -0.8170291 -0.33842617 0.46683085
vn -0.8170291 -0.33842617 0.46683085
vn -0.9002162 -0.3728826 0.22487633
vn -0.9238795 -0.38268355 0
vn -0.9238795 -0.38268355 0
vn -0 0 1
vn -0 0 1
vn -0 0 1
vn -0 0 1
vn -0 0 1
vn -0 0 1
vn -0 0 1
vn -0 0 1
vn -0 0 -1
vn -0 0 -1
vn -0 0 -1
vn -0 0 -1
vn -0 0 -1
vn -0 0 -1
vn -0 0 -1
vn -0 0 -1
vn -0.37288156 0.9002167 0.22487621
vn -0.33842513 0.8170298 0.46683058
vn -0.33842513 0.8170298 0.46683058
vn -0.37288165 0.9002167 0.22487618
vn -0.38268262 0.9238799 0
vn -0.38268262 0.9238799 0
vn 0.38268262 0.9238799 0
vn 0.38268262 0.9238799 0
vn 0.37288165 0.9002167 0.22487618
vn 0.37288156 0.9002167 0.22487621
vn 0.33842513 0.8170298 0.46683058
vn 0.33842513 0.8170298 0.46683058
vn 0.37288162 -0.9002167 0.22487621
vn 0.33842513 -0.8170298 0.46683055
vn 0.33842513 -0.8170298 0.46683055
vn 0.37288162 -0.9002167 0.22487614
vn 0.38268268 -0.9238798 0
vn 0.38268268 -0.9238798 0
vn 0.9238795 0.38268352 0
vn 0.9238795 0.38268352 0
vn 0.9002162 0.37288257 0.22487631
vn 0.9002162 0.37288257 0.22487631
vn 0.8170291 0.33842617 0.46683085
vn 0.8170291 0.33842617 0.46683085
vn -0.9002162 0.37288257 0.22487631
vn -0.8170291 0.33842617 0.46683085
vn -0.8170291 0.33842617 0.46683085
vn -0.9002162 0.37288257 0.22487631
vn -0.9238795 0.38268352 0
vn -0.9238795 0.38268352 0
vn 0.9238795 -0.38268355 0
vn 0.9238795 -0.38268355 0
vn 0.9002162 -0.3728826 0.22487633
vn 0.9002162 -0.37288257 0.22487631
vn 0.8170291 -0.33842617 0.46683085
vn 0.8170291 -0.33842617 0.46683085
vn -0.38268268 -0.9238798 0
vn -0.38268268 -0.9238798 0
vn -0.37288162 -0.9002167 0.22487614
vn -0.37288162 -0.9002167 0.22487621
vn -0.33842513 -0.8170298 0.46683055
vn -0.33842513 -0.8170298 0.46683055
vn -0.9002162 -0.37288257 0.22487631
vn -0.8170291 -0.33842617 0.46683085
vn -0.8170291 -0.33842617 0.46683085
vn -0.9002162 -0.3728826 0.22487633
vn -0.9238795 -0.38268355 0
vn -0.9238795 -0.38268355 0
vn -0 0 1
vn -0 0 1
vn -0 0 1
vn -0 0 1
vn -0 0 1
vn -0 0 1
vn -0 0 1
vn -0 0 1
vn -0 0 -1
vn -0 0 -1
vn -0 0 -1
vn -0 0 -1
vn -0 0 -1
vn -0 0 -1
vn -0 0 -1
vn -0 0 -1
vn -0.37288117 0.9002169 0.22487573
vn -0.3384245 0.81703055 0.46682966
vn -0.3384245 0.81703055 0.46682966
vn -0.37288123 0.900217 0.22487569
vn -0.38268262 0.9238799 0
vn -0.38268262 0.9238799 0
vn 0.38268262 0.9238799 0
vn 0.38268262 0.9238799 0
vn 0.37288162 0.9002167 0.22487614
vn 0.37288156 0.9002167 0.22487621
vn 0.33842513 0.8170298 0.46683055
vn 0.33842513 0.8170298 0.46683055
vn 0.37288156 -0.9002167 0.22487621
vn 0.33842513 -0.8170298 0.46683058
vn 0.33842513 -0.8170298 0.46683058
vn 0.37288165 -0.9002167 0.22487618
vn 0.38268268 -0.9238798 0
vn 0.38268268 -0.9238798 0
vn 0.9238795 0.38268352 0
vn 0.9238795 0.38268352 0
vn 0.9002162 0.37288257 0.22487631
vn 0.9002162 0.37288257 0.22487631
vn 0.8170291 0.33842617 0.46683085
vn 0.8170291 0.33842617 0.46683085
vn -0.9002162 0.37288257 0.22487631
vn -0.8170291 0.33842617 0.46683085
vn -0.8170291 0.33842617 0.46683085
vn -0.9002162 0.37288257 0.22487631
vn -0.9238795 0.38268352 0
vn -0.9238795 0.38268352 0
vn 0.9238795 -0.38268355 0
vn 0.9238795 -0.38268355 0
vn 0.9002162 -0.3728826 0.22487633
vn 0.9002162 -0.37288257 0.22487631
vn 0.8170291 -0.33842617 0.46683085
vn 0.8170291 -0.33842617 0.46683085
vn -0.38268268 -0.9238798 0
vn -0.38268268 -0.9238798 0
vn -0.37288123 -0.9002169 0.22487569
vn -0.3728812 -0.9002169 0.22487578
vn -0.33842447 -0.8170305 0.46682975
vn -0.33842447 -0.8170305 0.46682975
vn -0.9002162 -0.37288257 0.22487631
vn -0.8170291 -0.33842617 0.46683085
vn -0.8170291 -0.33842617 0.46683085
vn -0.9002162 -0.3728826 0.22487633
vn -0.9238795 -0.38268355 0
vn -0.9238795 -0.38268355 0
vn -0 0 1
vn -0 0 1
vn -0 0 1
vn -0 0 1
vn -0 0 1
vn -0 0 1
vn -0 0 1
vn -0 0 1
vn -0 0 -1
vn -0 0 -1
vn -0 0 -1
vn -0 0 -1
vn -0 0 -1
vn -0 0 -1
vn -0 0 -1
vn -0 0 -1
vn -0.372881 0.9002169 0.22487636
vn -0.3384237 0.8170302 0.46683088
vn -0.3384237 0.8170302 0.46683088
vn -0.372881 0.9002169 0.2248763
vn -0.38268274 0.9238798 0
vn -0.38268274 0.9238798 0
vn 0.38268274 0.9238798 0
vn 0.38268274 0.9238798 0
vn 0.372881 0.9002169 0.2248763
vn 0.372881 0.9002169 0.22487636
vn 0.3384237 0.8170302 0.46683088
vn 0.3384237 0.8170302 0.46683088
vn 0.372881 -0.9002169 0.22487631
vn 0.33842373 -0.81703025 0.46683082
vn 0.33842373 -0.81703025 0.46683082
vn 0.37288103 -0.9002169 0.22487625
vn 0.38268283 -0.9238798 0
vn 0.38268283 -0.9238798 0
vn 0.9238791 0.38268447 0
vn 0.9238791 0.38268447 0
vn 0.9002161 0.37288302 0.22487609
vn 0.9002161 0.37288302 0.22487612
vn 0.81702954 0.3384259 0.46683046
vn 0.81702954 0.3384259 0.46683046
vn -0.9002164 0.37288234 0.2248761
vn -0.81702954 0.3384259 0.46683046
vn -0.81702954 0.3384259 0.46683046
vn -0.9002164 0.37288234 0.22487608
vn -0.9238796 0.3826833 0
vn -0.9238796 0.3826833 0
vn 0.9238791 -0.3826845 0
vn 0.9238791 -0.3826845 0
vn 0.9002161 -0.37288296 0.2248761
vn 0.9002161 -0.37288302 0.22487609
vn 0.81702954 -0.3384259 0.46683046
vn 0.81702954 -0.3384259 0.46683046
vn -0.38268283 -0.9238798 0
vn -0.38268283 -0.9238798 0
vn -0.37288103 -0.9002169 0.22487625
vn -0.372881 -0.9002169 0.22487631
vn -0.33842373 -0.81703025 0.46683082
vn -0.33842373 -0.81703025 0.46683082
vn -0.9002164 -0.37288234 0.22487608
vn -0.81702954 -0.3384259 0.46683046
vn -0.81702954 -0.3384259 0.46683046
vn -0.9002163 -0.3728823 0.22487609
vn -0.9238795 -0.38268328 0
vn -0.9238795 -0.38268328 0
vn -0 0 1
vn -0 0 1
vn -0 0 1
vn -0 0 1
vn -0 0 1
vn -0 0 1
vn -0 0 1
vn -0 0 1
vn -0 0 -1
vn -0 0 -1
vn -0 0 -1
vn -0 0 -1
vn -0 0 -1
vn -0 0 -1
vn -0 0 -1
vn -0 0 -1
vn -0.37288114 0.9002169 0.22487578
vn -0.33842447 0.8170305 0.46682975
vn -0.33842447 0.8170305 0.46682975
vn -0.37288117 0.900217 0.22487573
vn -0.3826825 0.9238799 0
vn -0.3826825 0.9238799 0
vn 0.3826825 0.9238799 0
vn 0.3826825 0.9238799 0
vn 0.37288103 0.9002169 0.22487627
vn 0.37288103 0.9002169 0.22487634
vn 0.33842412 0.8170301 0.46683076
vn 0.33842412 0.8170301 0.46683076
vn 0.37288103 -0.90021676 0.22487628
vn 0.33842412 -0.8170301 0.4668307
vn 0.33842412 -0.8170301 0.4668307
vn 0.37288108 -0.9002169 0.22487627
vn 0.3826826 -0.9238799 0
vn 0.3826826 -0.9238799 0
vn 0.9238798 0.3826828 0
vn 0.9238798 0.3826828 0
vn 0.9002166 0.3728819 0.22487591
vn 0.9002166 0.37288192 0.22487591
vn 0.81702983 0.33842567 0.4668301
vn 0.81702983 0.33842567 0.4668301
vn -0.9002163 0.3728825 0.22487593
vn -0.81702983 0.33842567 0.4668301
vn -0.81702983 0.33842567 0.4668301
vn -0.9002163 0.3728825 0.22487593
vn -0.92387944 0.3826839 0
vn -0.92387944 0.3826839 0
vn 0.9238798 -0.38268283 0
vn 0.9238798 -0.38268283 0
vn 0.9002166 -0.37288192 0.22487591
vn 0.9002166 -0.37288192 0.22487591
vn 0.81702983 -0.33842567 0.4668301
vn 0.81702983 -0.33842567 0.4668301
vn -0.3826826 -0.9238799 0
vn -0.3826826 -0.9238799 0
vn -0.37288076 -0.9002172 0.22487581
vn -0.37288073 -0.90021706 0.22487584
vn -0.3384235 -0.8170308 0.46682987
vn -0.3384235 -0.8170308 0.46682987
vn -0.9002163 -0.3728825 0.22487593
vn -0.81702983 -0.33842567 0.4668301
vn -0.81702983 -0.33842567 0.4668301
vn -0.9002163 -0.37288252 0.22487593
vn -0.9238793 -0.38268387 0
vn -0.9238793 -0.38268387 0
vn -0 0 1
vn -0 0 1
vn -0 0 1
vn -0 0 1
vn -0 0 1
vn -0 0 1
vn -0 0 1
vn -0 0 1
vn -0 0 -1
vn -0 0 -1
vn -0 0 -1
vn -0 0 -1
vn -0 0 -1
vn -0 0 -1
vn -0 0 -1
vn -0 0 -1
vn -0.37288123 0.9002169 0.22487582
vn -0.33842432 0.81703055 0.46682978
vn -0.33842432 0.81703055 0.46682978
vn -0.3728813 0.9002169 0.22487576
vn -0.38268286 0.9238798 0
vn -0.38268286 0.9238798 0
vn 0.3826824 0.9238799 0
vn 0.3826824 0.9238799 0
vn 0.37288076 0.90021706 0.22487606
vn 0.37288073 0.900217 0.22487614
vn 0.33842364 0.8170305 0.4668304
vn 0.33842364 0.8170305 0.4668304
vn 0.3728812 -0.90021676 0.22487599
vn 0.33842462 -0.8170302 0.46683013
vn 0.33842462 -0.8170302 0.46683013
vn 0.37288123 -0.9002169 0.22487596
vn 0.3826825 -0.9238799 0
vn 0.3826825 -0.9238799 0
vn 0.92387974 0.3826831 0
vn 0.92387974 0.3826831 0
vn 0.9002165 0.3728819 0.22487636
vn 0.9002165 0.37288192 0.22487639
vn 0.8170296 0.33842516 0.46683094
vn 0.8170296 0.33842516 0.46683094
vn -0.9002161 0.3728829 0.22487628
vn -0.8170293 0.33842614 0.46683082
vn -0.8170293 0.33842614 0.46683082
vn -0.9002161 0.3728829 0.22487625
vn -0.9238793 0.38268408 0
vn -0.9238793 0.38268408 0
vn 0.9238796 -0.3826831 0
vn 0.9238796 -0.3826831 0
vn 0.9002165 -0.37288192 0.22487639
vn 0.9002165 -0.3728819 0.22487636
vn 0.8170296 -0.33842516 0.46683094
vn 0.8170296 -0.33842516 0.46683094
vn -0.38268292 -0.92387974 0
vn -0.38268292 -0.92387974 0
vn -0.37288085 -0.90021706 0.22487582
vn -0.37288082 -0.90021706 0.22487588
vn -0.3384233 -0.8170309 0.46682987
vn -0.3384233 -0.8170309 0.46682987
vn -0.9002161 -0.3728829 0.22487625
vn -0.8170293 -0.33842614 0.46683082
vn -0.8170293 -0.33842614 0.46683082
vn -0.9002161 -0.3728829 0.22487628
vn -0.9238793 -0.38268408 0
vn -0.9238793 -0.38268408 0
vn -0 0 1
vn -0 0 1
vn -0 0 1
vn -0 0 1
vn -0 0 1
vn -0 0 1
vn -0 0 1
vn -0 0 1
vn -0 0 -1
vn -0 0 -1
vn -0 0 -1
vn -0 0 -1
vn -0 0 -1
vn -0 0 -1
vn -0 0 -1
vn -0 0 -1
vn -0.3728813 0.90021676 0.22487603
vn -0.33842462 0.8170302 0.46683025
vn -0.33842462 0.8170302 0.46683025
vn -0.37288126 0.90021676 0.22487594
vn -0.38268262 0.9238799 0
vn -0.38268262 0.9238799 0
vn 0.38268262 0.9238799 0
vn 0.38268262 0.9238799 0
vn 0.3728808 0.900217 0.22487605
vn 0.37288082 0.900217 0.22487612
vn 0.33842364 0.8170305 0.4668304
vn 0.33842364 0.8170305 0.4668304
vn 0.37288132 -0.90021676 0.22487599
vn 0.33842462 -0.8170302 0.46683013
vn 0.33842462 -0.8170302 0.46683013
vn 0.37288132 -0.90021676 0.22487593
vn 0.38268262 -0.9238798 0
vn 0.38268262 -0.9238798 0
vn 0.9238795 0.3826834 0
vn 0.9238795 0.3826834 0
vn 0.9002163 0.37288252 0.22487625
vn 0.9002162 0.37288254 0.22487627
vn 0.8170293 0.33842614 0.46683082
vn 0.8170293 0.33842614 0.46683082
vn -0.9002162 0.37288254 0.22487627
vn -0.8170293 0.33842614 0.46683082
vn -0.8170293 0.33842614 0.46683082
vn -0.9002163 0.37288252 0.22487625
vn -0.9238795 0.3826834 0
vn -0.9238795 0.3826834 0
vn 0.9238795 -0.3826834 0
vn 0.9238795 -0.3826834 0
vn 0.9002162 -0.37288254 0.22487627
vn 0.9002163 -0.37288252 0.22487625
vn 0.8170293 -0.33842614 0.46683082
vn 0.8170293 -0.33842614 0.46683082
vn -0.38268262 -0.9238798 0
vn -0.38268262 -0.9238798 0
vn -0.37288088 -0.900217 0.22487605
vn -0.3728809 -0.900217 0.2248761
vn -0.33842364 -0.81703055 0.46683034
vn -0.33842364 -0.81703055 0.46683034
vn -0.9002163 -0.37288252 0.22487625
vn -0.8170293 -0.33842614 0.46683082
vn -0.8170293 -0.33842614 0.46683082
vn -0.9002162 -0.37288254 0.22487627
vn -0.9238795 -0.3826834 0
vn -0.9238795 -0.3826834 0
vn -0 0 1
vn -0 0 1
vn -0 0 1
vn -0 0 1
vn -0 0 1
vn -0 0 1
vn -0 0 1
vn -0 0 1
vn -0 0 -1
vn -0 0 -1
vn -0 0 -1
vn -0 0 -1
vn -0 0 -1
vn -0 0 -1
vn -0 0 -1
vn -0 0 -1
vn -0.37288138 0.90021676 0.22487603
vn -0.33842462 0.8170302 0.46683025
vn -0.33842462 0.8170302 0.46683025
vn -0.37288138 0.90021676 0.22487596
vn -0.38268277 0.9238798 0
vn -0.38268277 0.9238798 0
vn 0.38268262 0.9238799 0
vn 0.38268262 0.9238799 0
vn 0.3728808 0.900217 0.22487605
vn 0.37288082 0.900217 0.22487612
vn 0.33842364 0.8170305 0.4668304
vn 0.33842364 0.8170305 0.4668304
vn 0.37288132 -0.90021676 0.22487599
vn 0.33842462 -0.8170302 0.46683013
vn 0.33842462 -0.8170302 0.46683013
vn 0.37288132 -0.90021676 0.22487593
vn 0.38268262 -0.9238798 0
vn 0.38268262 -0.9238798 0
vn 0.9238793 0.38268387 0
vn 0.9238793 0.38268387 0
vn 0.9002161 0.37288278 0.22487625
vn 0.9002161 0.37288278 0.22487627
vn 0.8170293 0.33842614 0.46683082
vn 0.8170293 0.33842614 0.46683082
vn -0.9002161 0.37288278 0.22487627
vn -0.8170293 0.33842614 0.46683082
vn -0.8170293 0.33842614 0.46683082
vn -0.9002161 0.37288278 0.22487625
vn -0.9238793 0.38268387 0
vn -0.9238793 0.38268387 0
vn 0.9238793 -0.38268387 0
vn 0.9238793 -0.38268387 0
vn 0.9002161 -0.37288278 0.22487627
vn 0.9002161 -0.37288278 0.22487625
vn 0.8170293 -0.33842614 0.46683082
vn 0.8170293 -0.33842614 0.46683082
vn -0.38268286 -0.9238798 0
vn -0.38268286 -0.9238798 0
vn -0.37288097 -0.900217 0.22487603
vn -0.37288094 -0.9002169 0.22487608
vn -0.33842364 -0.81703055 0.46683034
vn -0.33842364 -0.81703055 0.46683034
vn -0.9002161 -0.37288278 0.22487625
vn -0.8170293 -0.33842614 0.46683082
vn -0.8170293 -0.33842614 0.46683082
vn -0.9002161 -0.37288278 0.22487627
vn -0.9238793 -0.38268387 0
vn -0.9238793 -0.38268387 0
vn -0 0 1
vn -0 0 1
vn -0 0 1
vn -0 0 1
vn -0 0 1
vn -0 0 1
vn -0 0 1
vn -0 0 1
vn -0 0 -1
vn -0 0 -1
vn -0 0 -1
vn -0 0 -1
vn -0 0 -1
vn -0 0 -1
vn -0 0 -1
vn -0 0 -1
vn -0.3728813 0.90021676 0.22487603
vn -0.33842462 0.8170302 0.46683025
vn -0.33842462 0.8170302 0.46683025
vn -0.37288126 0.90021676 0.22487594
vn -0.38268262 0.9238799 0
vn -0.38268262 0.9238799 0
vn 0.38268277 0.9238798 0
vn 0.38268277 0.9238798 0
vn 0.37288097 0.900217 0.22487606
vn 0.37288094 0.900217 0.22487612
vn 0.33842364 0.8170305 0.4668304
vn 0.33842364 0.8170305 0.4668304
vn 0.3728814 -0.90021676 0.22487599
vn 0.33842462 -0.8170302 0.46683013
vn 0.33842462 -0.8170302 0.46683013
vn 0.37288144 -0.90021676 0.22487591
vn 0.38268286 -0.9238798 0
vn 0.38268286 -0.9238798 0
vn 0.9238793 0.38268387 0
vn 0.9238793 0.38268387 0
vn 0.9002162 0.3728825 0.22487631
vn 0.9002162 0.37288254 0.22487633
vn 0.8170295 0.33842564 0.46683085
vn 0.8170295 0.33842564 0.46683085
vn -0.9002162 0.37288266 0.22487627
vn -0.8170293 0.33842614 0.46683082
vn -0.8170293 0.33842614 0.46683082
vn -0.9002162 0.37288263 0.22487627
vn -0.92387944 0.38268363 0
vn -0.92387944 0.38268363 0
vn 0.9238793 -0.38268387 0
vn 0.9238793 -0.38268387 0
vn 0.9002162 -0.37288254 0.22487633
vn 0.9002162 -0.3728825 0.22487631
vn 0.8170295 -0.33842564 0.46683085
vn 0.8170295 -0.33842564 0.46683085
vn -0.38268262 -0.9238798 0
vn -0.38268262 -0.9238798 0
vn -0.37288088 -0.900217 0.22487605
vn -0.3728809 -0.900217 0.2248761
vn -0.33842364 -0.81703055 0.46683034
vn -0.33842364 -0.81703055 0.46683034
vn -0.9002162 -0.37288263 0.22487627
vn -0.8170293 -0.33842614 0.46683082
vn -0.8170293 -0.33842614 0.46683082
vn -0.9002162 -0.37288266 0.22487627
vn -0.92387944 -0.38268363 0
vn -0.92387944 -0.38268363 0
vn -0 0 1
vn -0 0 1
vn -0 0 1
vn -0 0 1
vn -0 0 1
vn -0 0 1
vn -0 0 1
vn -0 0 1
vn -0 0 -1
vn -0 0 -1
vn -0 0 -1
vn -0 0 -1
vn -0 0 -1
vn -0 0 -1
vn -0 0 -1
vn -0 0 -1
vn -0.37288132 0.90021676 0.22487603
vn -0.33842462 0.8170302 0.46683025
vn -0.33842462 0.8170302 0.46683025
vn -0.37288132 0.90021676 0.22487594
vn -0.38268262 0.9238798 0
vn -0.38268262 0.9238798 0
vn 0.38268265 0.9238798 0
vn 0.38268265 0.9238798 0
vn 0.37288088 0.900217 0.22487606
vn 0.3728809 0.900217 0.22487612
vn 0.33842364 0.8170305 0.4668304
vn 0.33842364 0.8170305 0.4668304
vn 0.37288138 -0.90021676 0.22487599
vn 0.33842462 -0.8170302 0.46683013
vn 0.33842462 -0.8170302 0.46683013
vn 0.37288135 -0.90021676 0.22487593
vn 0.38268274 -0.9238798 0
vn 0.38268274 -0.9238798 0
vn 0.92387944 0.38268363 0
vn 0.92387944 0.38268363 0
vn 0.9002162 0.37288263 0.22487627
vn 0.9002162 0.37288266 0.22487627
vn 0.8170293 0.33842614 0.46683082
vn 0.8170293 0.33842614 0.46683082
vn -0.9002162 0.3728826 0.2248763
vn -0.8170293 0.33842587 0.46683082
vn -0.8170293 0.33842587 0.46683082
vn -0.9002162 0.3728826 0.22487628
vn -0.92387944 0.38268378 0
vn -0.92387944 0.38268378 0
vn 0.92387944 -0.38268363 0
vn 0.92387944 -0.38268363 0
vn 0.9002162 -0.37288266 0.22487627
vn 0.9002162 -0.37288263 0.22487627
vn 0.8170293 -0.33842614 0.46683082
vn 0.8170293 -0.33842614 0.46683082
vn -0.38268268 -0.9238798 0
vn -0.38268268 -0.9238798 0
vn -0.37288088 -0.900217 0.22487605
vn -0.3728809 -0.900217 0.2248761
vn -0.33842364 -0.81703055 0.46683034
vn -0.33842364 -0.81703055 0.46683034
vn -0.9002162 -0.3728826 0.22487628
vn -0.8170293 -0.33842587 0.46683082
vn -0.8170293 -0.33842587 0.46683082
vn -0.9002162 -0.3728826 0.2248763
vn -0.92387944 -0.38268378 0
vn -0.92387944 -0.38268378 0
vn -0 0 1
vn -0 0 1
vn -0 0 1
vn -0 0 1
vn -0 0 1
vn -0 0 1
vn -0 0 1
vn -0 0 1
vn -0 0 -1
vn -0 0 -1
vn -0 0 -1
vn -0 0 -1
vn -0 0 -1
vn -0 0 -1
vn -0 0 -1
vn -0 0 -1
vn -0.3728813 0.90021676 0.22487602
vn -0.33842462 0.8170302 0.4668302
vn -0.33842462 0.8170302 0.4668302
vn -0.37288126 0.90021676 0.22487593
vn -0.38268262 0.9238798 0
vn -0.38268262 0.9238798 0
vn 0.38268262 0.9238798 0
vn 0.38268262 0.9238798 0
vn 0.37288085 0.900217 0.22487605
vn 0.3728809 0.900217 0.22487612
vn 0.3384236 0.8170305 0.46683037
vn 0.3384236 0.8170305 0.46683037
vn 0.37288132 -0.90021676 0.22487599
vn 0.33842462 -0.81703025 0.46683013
vn 0.33842462 -0.81703025 0.46683013
vn 0.37288132 -0.90021676 0.22487593
vn 0.38268268 -0.9238798 0
vn 0.38268268 -0.9238798 0
vn 0.92387944 0.38268372 0
vn 0.92387944 0.38268372 0
vn 0.9002162 0.37288257 0.22487628
vn 0.9002162 0.37288257 0.22487631
vn 0.8170293 0.33842587 0.46683082
vn 0.8170293 0.33842587 0.46683082
vn -0.9002162 0.37288266 0.22487628
vn -0.8170293 0.33842593 0.46683076
vn -0.8170293 0.33842593 0.46683076
vn -0.9002162 0.3728826 0.22487627
vn -0.92387944 0.38268378 0
vn -0.92387944 0.38268378 0
vn 0.92387944 -0.38268372 0
vn 0.92387944 -0.38268372 0
vn 0.9002162 -0.37288257 0.22487631
vn 0.9002162 -0.37288257 0.22487628
vn 0.8170293 -0.33842587 0.46683082
vn 0.8170293 -0.33842587 0.46683082
vn -0.3826827 -0.9238798 0
vn -0.3826827 -0.9238798 0
vn -0.37288094 -0.900217 0.22487605
vn -0.3728809 -0.900217 0.2248761
vn -0.33842364 -0.81703055 0.46683034
vn -0.33842364 -0.81703055 0.46683034
vn -0.9002162 -0.3728826 0.22487627
vn -0.8170293 -0.33842593 0.46683076
vn -0.8170293 -0.33842593 0.46683076
vn -0.9002162 -0.37288266 0.22487628
vn -0.92387944 -0.38268378 0
vn -0.92387944 -0.38268378 0
vn -0 0 1
vn -0 0 1
vn -0 0 1
vn -0 0 1
vn -0 0 1
vn -0 0 1
vn -0 0 1
vn -0 0 1
vn -0 0 -1
vn -0 0 -1
vn -0 0 -1
vn -0 0 -1
vn -0 0 -1
vn -0 0 -1
vn -0 0 -1
vn -0 0 -1
vn -0.3728813 0.90021676 0.22487597
vn -0.33842456 0.8170303 0.4668301
vn -0.33842456 0.8170303 0.4668301
vn -0.37288126 0.90021676 0.2248759
vn -0.38268265 0.9238798 0
vn -0.38268265 0.9238798 0
vn 0.38268262 0.9238798 0
vn 0.38268262 0.9238798 0
vn 0.37288085 0.900217 0.22487605
vn 0.3728809 0.900217 0.22487612
vn 0.33842364 0.8170305 0.4668304
vn 0.33842364 0.8170305 0.4668304
vn 0.37288132 -0.90021676 0.22487599
vn 0.33842462 -0.8170302 0.46683013
vn 0.33842462 -0.8170302 0.46683013
vn 0.37288132 -0.90021676 0.22487593
vn 0.38268268 -0.9238798 0
vn 0.38268268 -0.9238798 0
vn 0.92387944 0.38268363 0
vn 0.92387944 0.38268363 0
vn 0.9002162 0.37288254 0.22487628
vn 0.9002162 0.37288254 0.22487631
vn 0.8170293 0.33842587 0.46683082
vn 0.8170293 0.33842587 0.46683082
vn -0.9002162 0.37288254 0.22487633
vn -0.8170295 0.33842564 0.46683085
vn -0.8170295 0.33842564 0.46683085
vn -0.9002162 0.3728825 0.22487631
vn -0.9238793 0.38268387 0
vn -0.9238793 0.38268387 0
vn 0.92387944 -0.38268363 0
vn 0.92387944 -0.38268363 0
vn 0.9002162 -0.37288254 0.22487631
vn 0.9002162 -0.37288254 0.22487628
vn 0.8170293 -0.33842587 0.46683082
vn 0.8170293 -0.33842587 0.46683082
vn -0.38268274 -0.9238798 0
vn -0.38268274 -0.9238798 0
vn -0.37288088 -0.900217 0.22487597
vn -0.37288085 -0.900217 0.22487605
vn -0.33842358 -0.81703067 0.46683028
vn -0.33842358 -0.81703067 0.46683028
vn -0.9002162 -0.3728825 0.22487631
vn -0.8170295 -0.33842564 0.46683085
vn -0.8170295 -0.33842564 0.46683085
vn -0.9002162 -0.37288254 0.22487633
vn -0.9238793 -0.38268387 0
vn -0.9238793 -0.38268387 0
vn -0 0 1
vn -0 0 1
vn -0 0 1
vn -0 0 1
vn -0 0 1
vn -0 0 1
vn -0 0 1
vn -0 0 1
vn -0 0 -1
vn -0 0 -1
vn -0 0 -1
vn -0 0 -1
vn -0 0 -1
vn -0 0 -1
vn -0 0 -1
vn -0 0 -1
vn -0.3728813 0.90021676 0.22487603
vn -0.33842462 0.8170302 0.46683025
vn -0.33842462 0.8170302 0.46683025
vn -0.37288126 0.90021676 0.22487594
vn -0.38268262 0.9238799 0
vn -0.38268262 0.9238799 0
vn 0.38268262 0.9238799 0
vn 0.38268262 0.9238799 0
vn 0.3728808 0.900217 0.22487605
vn 0.37288082 0.900217 0.22487612
vn 0.33842364 0.8170305 0.4668304
vn 0.33842364 0.8170305 0.4668304
vn 0.37288132 -0.90021676 0.22487599
vn 0.33842462 -0.8170302 0.46683013
vn 0.33842462 -0.8170302 0.46683013
vn 0.37288132 -0.90021676 0.22487593
vn 0.38268262 -0.9238798 0
vn 0.38268262 -0.9238798 0
vn 0.92387944 0.38268363 0
vn 0.92387944 0.38268363 0
vn 0.9002163 0.37288237 0.2248763
vn 0.9002163 0.37288234 0.2248763
vn 0.8170295 0.33842564 0.46683085
vn 0.8170295 0.33842564 0.46683085
vn -0.9002162 0.37288254 0.22487627
vn -0.8170293 0.33842614 0.46683082
vn -0.8170293 0.33842614 0.46683082
vn -0.9002163 0.37288252 0.22487625
vn -0.9238795 0.3826834 0
vn -0.9238795 0.3826834 0
vn 0.92387944 -0.38268363 0
vn 0.92387944 -0.38268363 0
vn 0.9002163 -0.37288234 0.2248763
vn 0.9002163 -0.37288237 0.2248763
vn 0.8170295 -0.33842564 0.46683085
vn 0.8170295 -0.33842564 0.46683085
vn -0.38268262 -0.9238798 0
vn -0.38268262 -0.9238798 0
vn -0.37288088 -0.900217 0.22487605
vn -0.3728809 -0.900217 0.2248761
vn -0.33842364 -0.81703055 0.46683034
vn -0.33842364 -0.81703055 0.46683034
vn -0.9002163 -0.37288252 0.22487625
vn -0.8170293 -0.33842614 0.46683082
vn -0.8170293 -0.33842614 0.46683082
vn -0.9002162 -0.37288254 0.22487627
vn -0.9238795 -0.3826834 0
vn -0.9238795 -0.3826834 0
vn -0 0 1
vn -0 0 1
vn -0 0 1
vn -0 0 1
vn -0 0 1
vn -0 0 1
vn -0 0 1
vn -0 0 1
vn -0 0 -1
vn -0 0 -1
vn -0 0 -1
vn -0 0 -1
vn -0 0 -1
vn -0 0 -1
vn -0 0 -1
vn -0 0 -1
vn -0.3728813 0.90021676 0.22487603
vn -0.33842462 0.8170302 0.46683025
vn -0.33842462 0.8170302 0.46683025
vn -0.37288126 0.90021676 0.22487594
vn -0.38268262 0.9238799 0
vn -0.38268262 0.9238799 0
vn 0.38268277 0.9238798 0
vn 0.38268277 0.9238798 0
vn 0.37288097 0.900217 0.22487606
vn 0.37288094 0.900217 0.22487612
vn 0.33842364 0.8170305 0.4668304
vn 0.33842364 0.8170305 0.4668304
vn 0.3728814 -0.90021676 0.22487599
vn 0.33842462 -0.8170302 0.46683013
vn 0.33842462 -0.8170302 0.46683013
vn 0.37288144 -0.90021676 0.22487591
vn 0.38268286 -0.9238798 0
vn 0.38268286 -0.9238798 0
vn 0.9238793 0.38268387 0
vn 0.9238793 0.38268387 0
vn 0.9002161 0.37288278 0.22487625
vn 0.9002161 0.37288278 0.22487627
vn 0.8170293 0.33842614 0.46683082
vn 0.8170293 0.33842614 0.46683082
vn -0.9002163 0.37288228 0.22487636
vn -0.8170296 0.33842516 0.46683094
vn -0.8170296 0.33842516 0.46683094
vn -0.9002163 0.37288225 0.22487633
vn -0.9238793 0.38268387 0
vn -0.9238793 0.38268387 0
vn 0.9238793 -0.38268387 0
vn 0.9238793 -0.38268387 0
vn 0.9002161 -0.37288278 0.22487627
vn 0.9002161 -0.37288278 0.22487625
vn 0.8170293 -0.33842614 0.46683082
vn 0.8170293 -0.33842614 0.46683082
vn -0.38268262 -0.9238798 0
vn -0.38268262 -0.9238798 0
vn -0.37288088 -0.900217 0.22487605
vn -0.3728809 -0.900217 0.2248761
vn -0.33842364 -0.81703055 0.46683034
vn -0.33842364 -0.81703055 0.46683034
vn -0.9002163 -0.37288225 0.22487633
vn -0.8170296 -0.33842516 0.46683094
vn -0.8170296 -0.33842516 0.46683094
vn -0.9002163 -0.37288228 0.22487636
vn -0.9238793 -0.38268387 0
vn -0.9238793 -0.38268387 0
vn -0 0 1
vn -0 0 1
vn -0 0 1
vn -0 0 1
vn -0 0 1
vn -0 0 1
vn -0 0 1
vn -0 0 1
vn -0 0 -1
vn -0 0 -1
vn -0 0 -1
vn -0 0 -1
vn -0 0 -1
vn -0 0 -1
vn -0 0 -1
vn -0 0 -1
vn -0.3728813 0.90021676 0.22487603
vn -0.33842462 0.8170302 0.46683025
vn -0.33842462 0.8170302 0.46683025
vn -0.37288126 0.90021676 0.22487594
vn -0.38268262 0.9238799 0
vn -0.38268262 0.9238799 0
vn 0.38268298 0.92387974 0
vn 0.38268298 0.92387974 0
vn 0.37288103 0.9002169 0.22487606
vn 0.37288105 0.9002169 0.22487614
vn 0.33842364 0.8170305 0.4668304
vn 0.33842364 0.8170305 0.4668304
vn 0.37288153 -0.9002167 0.224876
vn 0.33842462 -0.8170302 0.46683013
vn 0.33842462 -0.8170302 0.46683013
vn 0.37288156 -0.9002167 0.22487594
vn 0.38268304 -0.92387974 0
vn 0.38268304 -0.92387974 0
vn 0.9238791 0.3826843 0
vn 0.9238791 0.3826843 0
vn 0.900216 0.372883 0.22487625
vn 0.900216 0.372883 0.22487625
vn 0.8170293 0.33842614 0.46683082
vn 0.8170293 0.33842614 0.46683082
vn -0.900216 0.372883 0.22487625
vn -0.8170293 0.33842614 0.46683082
vn -0.8170293 0.33842614 0.46683082
vn -0.900216 0.372883 0.22487625
vn -0.9238791 0.3826843 0
vn -0.9238791 0.3826843 0
vn 0.9238791 -0.3826843 0
vn 0.9238791 -0.3826843 0
vn 0.900216 -0.372883 0.22487625
vn 0.900216 -0.372883 0.22487625
vn 0.8170293 -0.33842614 0.46683082
vn 0.8170293 -0.33842614 0.46683082
vn -0.38268262 -0.9238798 0
vn -0.38268262 -0.9238798 0
vn -0.37288088 -0.900217 0.22487605
vn -0.3728809 -0.900217 0.2248761
vn -0.33842364 -0.81703055 0.46683034
vn -0.33842364 -0.81703055 0.46683034
vn -0.900216 -0.372883 0.22487625
vn -0.8170293 -0.33842614 0.46683082
vn -0.8170293 -0.33842614 0.46683082
vn -0.900216 -0.372883 0.22487625
vn -0.9238791 -0.3826843 0
vn -0.9238791 -0.3826843 0
vn -0 0 1
vn -0 0 1
vn -0 0 1
vn -0 0 1
vn -0 0 1
vn -0 0 1
vn -0 0 1
vn -0 0 1
vn -0 0 -1
vn -0 0 -1
vn -0 0 -1
vn -0 0 -1
vn -0 0 -1
vn -0 0 -1
vn -0 0 -1
vn -0 0 -1
g Gate Lvl1 Final_0
f 3/3/3 2/2/2 1/1/1
f 4/4/4 3/3/3 1/1/1
f 4/4/4 1/1/1 5/5/5
f 1/1/1 6/6/6 5/5/5
f 9/9/9 8/8/8 7/7/7
f 10/10/10 9/9/9 7/7/7
f 10/10/10 11/11/11 9/9/9
f 11/11/11 12/12/12 9/9/9
f 15/15/15 14/14/14 13/13/13
f 16/16/16 15/15/15 13/13/13
f 16/16/16 13/13/13 17/17/17
f 13/13/13 18/18/18 17/17/17
f 21/21/21 20/20/20 19/19/19
f 22/22/22 21/21/21 19/19/19
f 22/22/22 23/23/23 21/21/21
f 23/23/23 24/24/24 21/21/21
f 27/27/27 26/26/26 25/25/25
f 28/28/28 27/27/27 25/25/25
f 28/28/28 25/25/25 29/29/29
f 25/25/25 30/30/30 29/29/29
f 33/33/33 32/32/32 31/31/31
f 34/34/34 33/33/33 31/31/31
f 34/34/34 35/35/35 33/33/33
f 35/35/35 36/36/36 33/33/33
f 39/39/39 38/38/38 37/37/37
f 40/40/40 39/39/39 37/37/37
f 40/40/40 41/41/41 39/39/39
f 41/41/41 42/42/42 39/39/39
f 45/45/45 44/44/44 43/43/43
f 46/46/46 45/45/45 43/43/43
f 46/46/46 43/43/43 47/47/47
f 43/43/43 48/48/48 47/47/47
f 51/51/51 50/50/50 49/49/49
f 49/49/49 52/52/52 51/51/51
f 52/52/52 53/53/53 51/51/51
f 52/52/52 54/54/54 53/53/53
f 54/54/54 55/55/55 53/53/53
f 54/54/54 56/56/56 55/55/55
f 59/59/59 58/58/58 57/57/57
f 57/57/57 60/60/60 59/59/59
f 60/60/60 61/61/61 59/59/59
f 60/60/60 62/62/62 61/61/61
f 62/62/62 63/63/63 61/61/61
f 62/62/62 64/64/64 63/63/63
f 67/67/67 66/66/66 65/65/65
f 68/68/68 67/67/67 65/65/65
f 68/68/68 65/65/65 69/69/69
f 65/65/65 70/70/70 69/69/69
f 73/73/73 72/72/72 71/71/71
f 74/74/74 73/73/73 71/71/71
f 74/74/74 75/75/75 73/73/73
f 75/75/75 76/76/76 73/73/73
f 79/79/79 78/78/78 77/77/77
f 80/80/80 79/79/79 77/77/77
f 80/80/80 77/77/77 81/81/81
f 77/77/77 82/82/82 81/81/81
f 85/85/85 84/84/84 83/83/83
f 86/86/86 85/85/85 83/83/83
f 86/86/86 87/87/87 85/85/85
f 87/87/87 88/88/88 85/85/85
f 91/91/91 90/90/90 89/89/89
f 92/92/92 91/91/91 89/89/89
f 92/92/92 89/89/89 93/93/93
f 89/89/89 94/94/94 93/93/93
f 97/97/97 96/96/96 95/95/95
f 98/98/98 97/97/97 95/95/95
f 98/98/98 99/99/99 97/97/97
f 99/99/99 100/100/100 97/97/97
f 103/103/103 102/102/102 101/101/101
f 104/104/104 103/103/103 101/101/101
f 104/104/104 105/105/105 103/103/103
f 105/105/105 106/106/106 103/103/103
f 109/109/109 108/108/108 107/107/107
f 110/110/110 109/109/109 107/107/107
f 110/110/110 107/107/107 111/111/111
f 107/107/107 112/112/112 111/111/111
f 115/115/115 114/114/114 113/113/113
f 113/113/113 116/116/116 115/115/115
f 116/116/116 117/117/117 115/115/115
f 116/116/116 118/118/118 117/117/117
f 118/118/118 119/119/119 117/117/117
f 118/118/118 120/120/120 119/119/119
f 123/123/123 122/122/122 121/121/121
f 121/121/121 124/124/124 123/123/123
f 124/124/124 125/125/125 123/123/123
f 124/124/124 126/126/126 125/125/125
f 126/126/126 127/127/127 125/125/125
f 126/126/126 128/128/128 127/127/127
f 131/131/131 130/130/130 129/129/129
f 132/132/132 131/131/131 129/129/129
f 132/132/132 129/129/129 133/133/133
f 129/129/129 134/134/134 133/133/133
f 137/137/137 136/136/136 135/135/135
f 138/138/138 137/137/137 135/135/135
f 138/138/138 139/139/139 137/137/137
f 139/139/139 140/140/140 137/137/137
f 143/143/143 142/142/142 141/141/141
f 144/144/144 143/143/143 141/141/141
f 144/144/144 141/141/141 145/145/145
f 141/141/141 146/146/146 145/145/145
f 149/149/149 148/148/148 147/147/147
f 150/150/150 149/149/149 147/147/147
f 150/150/150 151/151/151 149/149/149
f 151/151/151 152/152/152 149/149/149
f 155/155/155 154/154/154 153/153/153
f 156/156/156 155/155/155 153/153/153
f 156/156/156 153/153/153 157/157/157
f 153/153/153 158/158/158 157/157/157
f 161/161/161 160/160/160 159/159/159
f 162/162/162 161/161/161 159/159/159
f 162/162/162 163/163/163 161/161/161
f 163/163/163 164/164/164 161/161/161
f 167/167/167 166/166/166 165/165/165
f 168/168/168 167/167/167 165/165/165
f 168/168/168 169/169/169 167/167/167
f 169/169/169 170/170/170 167/167/167
f 173/173/173 172/172/172 171/171/171
f 174/174/174 173/173/173 171/171/171
f 174/174/174 171/171/171 175/175/175
f 171/171/171 176/176/176 175/175/175
f 179/179/179 178/178/178 177/177/177
f 177/177/177 180/180/180 179/179/179
f 180/180/180 181/181/181 179/179/179
f 180/180/180 182/182/182 181/181/181
f 182/182/182 183/183/183 181/181/181
f 182/182/182 184/184/184 183/183/183
f 187/187/187 186/186/186 185/185/185
f 185/185/185 188/188/188 187/187/187
f 188/188/188 189/189/189 187/187/187
f 188/188/188 190/190/190 189/189/189
f 190/190/190 191/191/191 189/189/189
f 190/190/190 192/192/192 191/191/191
f 195/195/195 194/194/194 193/193/193
f 196/196/196 195/195/195 193/193/193
f 196/196/196 193/193/193 197/197/197
f 193/193/193 198/198/198 197/197/197
f 201/201/201 200/200/200 199/199/199
f 202/202/202 201/201/201 199/199/199
f 202/202/202 203/203/203 201/201/201
f 203/203/203 204/204/204 201/201/201
f 207/207/207 206/206/206 205/205/205
f 208/208/208 207/207/207 205/205/205
f 208/208/208 205/205/205 209/209/209
f 205/205/205 210/210/210 209/209/209
f 213/213/213 212/212/212 211/211/211
f 214/214/214 213/213/213 211/211/211
f 214/214/214 215/215/215 213/213/213
f 215/215/215 216/216/216 213/213/213
f 219/219/219 218/218/218 217/217/217
f 220/220/220 219/219/219 217/217/217
f 220/220/220 217/217/217 221/221/221
f 217/217/217 222/222/222 221/221/221
f 225/225/225 224/224/224 223/223/223
f 226/226/226 225/225/225 223/223/223
f 226/226/226 227/227/227 225/225/225
f 227/227/227 228/228/228 225/225/225
f 231/231/231 230/230/230 229/229/229
f 232/232/232 231/231/231 229/229/229
f 232/232/232 233/233/233 231/231/231
f 233/233/233 234/234/234 231/231/231
f 237/237/237 236/236/236 235/235/235
f 238/238/238 237/237/237 235/235/235
f 238/238/238 235/235/235 239/239/239
f 235/235/235 240/240/240 239/239/239
f 243/243/243 242/242/242 241/241/241
f 241/241/241 244/244/244 243/243/243
f 244/244/244 245/245/245 243/243/243
f 244/244/244 246/246/246 245/245/245
f 246/246/246 247/247/247 245/245/245
f 246/246/246 248/248/248 247/247/247
f 251/251/251 250/250/250 249/249/249
f 249/249/249 252/252/252 251/251/251
f 252/252/252 253/253/253 251/251/251
f 252/252/252 254/254/254 253/253/253
f 254/254/254 255/255/255 253/253/253
f 254/254/254 256/256/256 255/255/255
f 259/259/259 258/258/258 257/257/257
f 260/260/260 259/259/259 257/257/257
f 260/260/260 257/257/257 261/261/261
f 257/257/257 262/262/262 261/261/261
f 265/265/265 264/264/264 263/263/263
f 266/266/266 265/265/265 263/263/263
f 266/266/266 267/267/267 265/265/265
f 267/267/267 268/268/268 265/265/265
f 271/271/271 270/270/270 269/269/269
f 272/272/272 271/271/271 269/269/269
f 272/272/272 269/269/269 273/273/273
f 269/269/269 274/274/274 273/273/273
f 277/277/277 276/276/276 275/275/275
f 278/278/278 277/277/277 275/275/275
f 278/278/278 279/279/279 277/277/277
f 279/279/279 280/280/280 277/277/277
f 283/283/283 282/282/282 281/281/281
f 284/284/284 283/283/283 281/281/281
f 284/284/284 281/281/281 285/285/285
f 281/281/281 286/286/286 285/285/285
f 289/289/289 288/288/288 287/287/287
f 290/290/290 289/289/289 287/287/287
f 290/290/290 291/291/291 289/289/289
f 291/291/291 292/292/292 289/289/289
f 295/295/295 294/294/294 293/293/293
f 296/296/296 295/295/295 293/293/293
f 296/296/296 297/297/297 295/295/295
f 297/297/297 298/298/298 295/295/295
f 301/301/301 300/300/300 299/299/299
f 302/302/302 301/301/301 299/299/299
f 302/302/302 299/299/299 303/303/303
f 299/299/299 304/304/304 303/303/303
f 307/307/307 306/306/306 305/305/305
f 305/305/305 308/308/308 307/307/307
f 308/308/308 309/309/309 307/307/307
f 308/308/308 310/310/310 309/309/309
f 310/310/310 311/311/311 309/309/309
f 310/310/310 312/312/312 311/311/311
f 315/315/315 314/314/314 313/313/313
f 313/313/313 316/316/316 315/315/315
f 316/316/316 317/317/317 315/315/315
f 316/316/316 318/318/318 317/317/317
f 318/318/318 319/319/319 317/317/317
f 318/318/318 320/320/320 319/319/319
f 323/323/323 322/322/322 321/321/321
f 324/324/324 323/323/323 321/321/321
f 324/324/324 321/321/321 325/325/325
f 321/321/321 326/326/326 325/325/325
f 329/329/329 328/328/328 327/327/327
f 330/330/330 329/329/329 327/327/327
f 330/330/330 331/331/331 329/329/329
f 331/331/331 332/332/332 329/329/329
f 335/335/335 334/334/334 333/333/333
f 336/336/336 335/335/335 333/333/333
f 336/336/336 333/333/333 337/337/337
f 333/333/333 338/338/338 337/337/337
f 341/341/341 340/340/340 339/339/339
f 342/342/342 341/341/341 339/339/339
f 342/342/342 343/343/343 341/341/341
f 343/343/343 344/344/344 341/341/341
f 347/347/347 346/346/346 345/345/345
f 348/348/348 347/347/347 345/345/345
f 348/348/348 345/345/345 349/349/349
f 345/345/345 350/350/350 349/349/349
f 353/353/353 352/352/352 351/351/351
f 354/354/354 353/353/353 351/351/351
f 354/354/354 355/355/355 353/353/353
f 355/355/355 356/356/356 353/353/353
f 359/359/359 358/358/358 357/357/357
f 360/360/360 359/359/359 357/357/357
f 360/360/360 361/361/361 359/359/359
f 361/361/361 362/362/362 359/359/359
f 365/365/365 364/364/364 363/363/363
f 366/366/366 365/365/365 363/363/363
f 366/366/366 363/363/363 367/367/367
f 363/363/363 368/368/368 367/367/367
f 371/371/371 370/370/370 369/369/369
f 369/369/369 372/372/372 371/371/371
f 372/372/372 373/373/373 371/371/371
f 372/372/372 374/374/374 373/373/373
f 374/374/374 375/375/375 373/373/373
f 374/374/374 376/376/376 375/375/375
f 379/379/379 378/378/378 377/377/377
f 377/377/377 380/380/380 379/379/379
f 380/380/380 381/381/381 379/379/379
f 380/380/380 382/382/382 381/381/381
f 382/382/382 383/383/383 381/381/381
f 382/382/382 384/384/384 383/383/383
f 387/387/387 386/386/386 385/385/385
f 388/388/388 387/387/387 385/385/385
f 388/388/388 385/385/385 389/389/389
f 385/385/385 390/390/390 389/389/389
f 393/393/393 392/392/392 391/391/391
f 394/394/394 393/393/393 391/391/391
f 394/394/394 395/395/395 393/393/393
f 395/395/395 396/396/396 393/393/393
f 399/399/399 398/398/398 397/397/397
f 400/400/400 399/399/399 397/397/397
f 400/400/400 397/397/397 401/401/401
f 397/397/397 402/402/402 401/401/401
f 405/405/405 404/404/404 403/403/403
f 406/406/406 405/405/405 403/403/403
f 406/406/406 407/407/407 405/405/405
f 407/407/407 408/408/408 405/405/405
f 411/411/411 410/410/410 409/409/409
f 412/412/412 411/411/411 409/409/409
f 412/412/412 409/409/409 413/413/413
f 409/409/409 414/414/414 413/413/413
f 417/417/417 416/416/416 415/415/415
f 418/418/418 417/417/417 415/415/415
f 418/418/418 419/419/419 417/417/417
f 419/419/419 420/420/420 417/417/417
f 423/423/423 422/422/422 421/421/421
f 424/424/424 423/423/423 421/421/421
f 424/424/424 425/425/425 423/423/423
f 425/425/425 426/426/426 423/423/423
f 429/429/429 428/428/428 427/427/427
f 430/430/430 429/429/429 427/427/427
f 430/430/430 427/427/427 431/431/431
f 427/427/427 432/432/432 431/431/431
f 435/435/435 434/434/434 433/433/433
f 433/433/433 436/436/436 435/435/435
f 436/436/436 437/437/437 435/435/435
f 436/436/436 438/438/438 437/437/437
f 438/438/438 439/439/439 437/437/437
f 438/438/438 440/440/440 439/439/439
f 443/443/443 442/442/442 441/441/441
f 441/441/441 444/444/444 443/443/443
f 444/444/444 445/445/445 443/443/443
f 444/444/444 446/446/446 445/445/445
f 446/446/446 447/447/447 445/445/445
f 446/446/446 448/448/448 447/447/447
f 451/451/451 450/450/450 449/449/449
f 452/452/452 451/451/451 449/449/449
f 452/452/452 449/449/449 453/453/453
f 449/449/449 454/454/454 453/453/453
f 457/457/457 456/456/456 455/455/455
f 458/458/458 457/457/457 455/455/455
f 458/458/458 459/459/459 457/457/457
f 459/459/459 460/460/460 457/457/457
f 463/463/463 462/462/462 461/461/461
f 464/464/464 463/463/463 461/461/461
f 464/464/464 461/461/461 465/465/465
f 461/461/461 466/466/466 465/465/465
f 469/469/469 468/468/468 467/467/467
f 470/470/470 469/469/469 467/467/467
f 470/470/470 471/471/471 469/469/469
f 471/471/471 472/472/472 469/469/469
f 475/475/475 474/474/474 473/473/473
f 476/476/476 475/475/475 473/473/473
f 476/476/476 473/473/473 477/477/477
f 473/473/473 478/478/478 477/477/477
f 481/481/481 480/480/480 479/479/479
f 482/482/482 481/481/481 479/479/479
f 482/482/482 483/483/483 481/481/481
f 483/483/483 484/484/484 481/481/481
f 487/487/487 486/486/486 485/485/485
f 488/488/488 487/487/487 485/485/485
f 488/488/488 489/489/489 487/487/487
f 489/489/489 490/490/490 487/487/487
f 493/493/493 492/492/492 491/491/491
f 494/494/494 493/493/493 491/491/491
f 494/494/494 491/491/491 495/495/495
f 491/491/491 496/496/496 495/495/495
f 499/499/499 498/498/498 497/497/497
f 497/497/497 500/500/500 499/499/499
f 500/500/500 501/501/501 499/499/499
f 500/500/500 502/502/502 501/501/501
f 502/502/502 503/503/503 501/501/501
f 502/502/502 504/504/504 503/503/503
f 507/507/507 506/506/506 505/505/505
f 505/505/505 508/508/508 507/507/507
f 508/508/508 509/509/509 507/507/507
f 508/508/508 510/510/510 509/509/509
f 510/510/510 511/511/511 509/509/509
f 510/510/510 512/512/512 511/511/511
f 515/515/515 514/514/514 513/513/513
f 516/516/516 515/515/515 513/513/513
f 516/516/516 513/513/513 517/517/517
f 513/513/513 518/518/518 517/517/517
f 521/521/521 520/520/520 519/519/519
f 522/522/522 521/521/521 519/519/519
f 522/522/522 523/523/523 521/521/521
f 523/523/523 524/524/524 521/521/521
f 527/527/527 526/526/526 525/525/525
f 528/528/528 527/527/527 525/525/525
f 528/528/528 525/525/525 529/529/529
f 525/525/525 530/530/530 529/529/529
f 533/533/533 532/532/532 531/531/531
f 534/534/534 533/533/533 531/531/531
f 534/534/534 535/535/535 533/533/533
f 535/535/535 536/536/536 533/533/533
f 539/539/539 538/538/538 537/537/537
f 540/540/540 539/539/539 537/537/537
f 540/540/540 537/537/537 541/541/541
f 537/537/537 542/542/542 541/541/541
f 545/545/545 544/544/544 543/543/543
f 546/546/546 545/545/545 543/543/543
f 546/546/546 547/547/547 545/545/545
f 547/547/547 548/548/548 545/545/545
f 551/551/551 550/550/550 549/549/549
f 552/552/552 551/551/551 549/549/549
f 552/552/552 553/553/553 551/551/551
f 553/553/553 554/554/554 551/551/551
f 557/557/557 556/556/556 555/555/555
f 558/558/558 557/557/557 555/555/555
f 558/558/558 555/555/555 559/559/559
f 555/555/555 560/560/560 559/559/559
f 563/563/563 562/562/562 561/561/561
f 561/561/561 564/564/564 563/563/563
f 564/564/564 565/565/565 563/563/563
f 564/564/564 566/566/566 565/565/565
f 566/566/566 567/567/567 565/565/565
f 566/566/566 568/568/568 567/567/567
f 571/571/571 570/570/570 569/569/569
f 569/569/569 572/572/572 571/571/571
f 572/572/572 573/573/573 571/571/571
f 572/572/572 574/574/574 573/573/573
f 574/574/574 575/575/575 573/573/573
f 574/574/574 576/576/576 575/575/575
f 579/579/579 578/578/578 577/577/577
f 580/580/580 579/579/579 577/577/577
f 580/580/580 577/577/577 581/581/581
f 577/577/577 582/582/582 581/581/581
f 585/585/585 584/584/584 583/583/583
f 586/586/586 585/585/585 583/583/583
f 586/586/586 587/587/587 585/585/585
f 587/587/587 588/588/588 585/585/585
f 591/591/591 590/590/590 589/589/589
f 592/592/592 591/591/591 589/589/589
f 592/592/592 589/589/589 593/593/593
f 589/589/589 594/594/594 593/593/593
f 597/597/597 596/596/596 595/595/595
f 598/598/598 597/597/597 595/595/595
f 598/598/598 599/599/599 597/597/597
f 599/599/599 600/600/600 597/597/597
f 603/603/603 602/602/602 601/601/601
f 604/604/604 603/603/603 601/601/601
f 604/604/604 601/601/601 605/605/605
f 601/601/601 606/606/606 605/605/605
f 609/609/609 608/608/608 607/607/607
f 610/610/610 609/609/609 607/607/607
f 610/610/610 611/611/611 609/609/609
f 611/611/611 612/612/612 609/609/609
f 615/615/615 614/614/614 613/613/613
f 616/616/616 615/615/615 613/613/613
f 616/616/616 617/617/617 615/615/615
f 617/617/617 618/618/618 615/615/615
f 621/621/621 620/620/620 619/619/619
f 622/622/622 621/621/621 619/619/619
f 622/622/622 619/619/619 623/623/623
f 619/619/619 624/624/624 623/623/623
f 627/627/627 626/626/626 625/625/625
f 625/625/625 628/628/628 627/627/627
f 628/628/628 629/629/629 627/627/627
f 628/628/628 630/630/630 629/629/629
f 630/630/630 631/631/631 629/629/629
f 630/630/630 632/632/632 631/631/631
f 635/635/635 634/634/634 633/633/633
f 633/633/633 636/636/636 635/635/635
f 636/636/636 637/637/637 635/635/635
f 636/636/636 638/638/638 637/637/637
f 638/638/638 639/639/639 637/637/637
f 638/638/638 640/640/640 639/639/639
f 643/643/643 642/642/642 641/641/641
f 644/644/644 643/643/643 641/641/641
f 644/644/644 641/641/641 645/645/645
f 641/641/641 646/646/646 645/645/645
f 649/649/649 648/648/648 647/647/647
f 650/650/650 649/649/649 647/647/647
f 650/650/650 651/651/651 649/649/649
f 651/651/651 652/652/652 649/649/649
f 655/655/655 654/654/654 653/653/653
f 656/656/656 655/655/655 653/653/653
f 656/656/656 653/653/653 657/657/657
f 653/653/653 658/658/658 657/657/657
f 661/661/661 660/660/660 659/659/659
f 662/662/662 661/661/661 659/659/659
f 662/662/662 663/663/663 661/661/661
f 663/663/663 664/664/664 661/661/661
f 667/667/667 666/666/666 665/665/665
f 668/668/668 667/667/667 665/665/665
f 668/668/668 665/665/665 669/669/669
f 665/665/665 670/670/670 669/669/669
f 673/673/673 672/672/672 671/671/671
f 674/674/674 673/673/673 671/671/671
f 674/674/674 675/675/675 673/673/673
f 675/675/675 676/676/676 673/673/673
f 679/679/679 678/678/678 677/677/677
f 680/680/680 679/679/679 677/677/677
f 680/680/680 681/681/681 679/679/679
f 681/681/681 682/682/682 679/679/679
f 685/685/685 684/684/684 683/683/683
f 686/686/686 685/685/685 683/683/683
f 686/686/686 683/683/683 687/687/687
f 683/683/683 688/688/688 687/687/687
f 691/691/691 690/690/690 689/689/689
f 689/689/689 692/692/692 691/691/691
f 692/692/692 693/693/693 691/691/691
f 692/692/692 694/694/694 693/693/693
f 694/694/694 695/695/695 693/693/693
f 694/694/694 696/696/696 695/695/695
f 699/699/699 698/698/698 697/697/697
f 697/697/697 700/700/700 699/699/699
f 700/700/700 701/701/701 699/699/699
f 700/700/700 702/702/702 701/701/701
f 702/702/702 703/703/703 701/701/701
f 702/702/702 704/704/704 703/703/703
f 707/707/707 706/706/706 705/705/705
f 708/708/708 707/707/707 705/705/705
f 708/708/708 705/705/705 709/709/709
f 705/705/705 710/710/710 709/709/709
f 713/713/713 712/712/712 711/711/711
f 714/714/714 713/713/713 711/711/711
f 714/714/714 715/715/715 713/713/713
f 715/715/715 716/716/716 713/713/713
f 719/719/719 718/718/718 717/717/717
f 720/720/720 719/719/719 717/717/717
f 720/720/720 717/717/717 721/721/721
f 717/717/717 722/722/722 721/721/721
f 725/725/725 724/724/724 723/723/723
f 726/726/726 725/725/725 723/723/723
f 726/726/726 727/727/727 725/725/725
f 727/727/727 728/728/728 725/725/725
f 731/731/731 730/730/730 729/729/729
f 732/732/732 731/731/731 729/729/729
f 732/732/732 729/729/729 733/733/733
f 729/729/729 734/734/734 733/733/733
f 737/737/737 736/736/736 735/735/735
f 738/738/738 737/737/737 735/735/735
f 738/738/738 739/739/739 737/737/737
f 739/739/739 740/740/740 737/737/737
f 743/743/743 742/742/742 741/741/741
f 744/744/744 743/743/743 741/741/741
f 744/744/744 745/745/745 743/743/743
f 745/745/745 746/746/746 743/743/743
f 749/749/749 748/748/748 747/747/747
f 750/750/750 749/749/749 747/747/747
f 750/750/750 747/747/747 751/751/751
f 747/747/747 752/752/752 751/751/751
f 755/755/755 754/754/754 753/753/753
f 753/753/753 756/756/756 755/755/755
f 756/756/756 757/757/757 755/755/755
f 756/756/756 758/758/758 757/757/757
f 758/758/758 759/759/759 757/757/757
f 758/758/758 760/760/760 759/759/759
f 763/763/763 762/762/762 761/761/761
f 761/761/761 764/764/764 763/763/763
f 764/764/764 765/765/765 763/763/763
f 764/764/764 766/766/766 765/765/765
f 766/766/766 767/767/767 765/765/765
f 766/766/766 768/768/768 767/767/767
f 771/771/771 770/770/770 769/769/769
f 772/772/772 771/771/771 769/769/769
f 772/772/772 769/769/769 773/773/773
f 769/769/769 774/774/774 773/773/773
f 777/777/777 776/776/776 775/775/775
f 778/778/778 777/777/777 775/775/775
f 778/778/778 779/779/779 777/777/777
f 779/779/779 780/780/780 777/777/777
f 783/783/783 782/782/782 781/781/781
f 784/784/784 783/783/783 781/781/781
f 784/784/784 781/781/781 785/785/785
f 781/781/781 786/786/786 785/785/785
f 789/789/789 788/788/788 787/787/787
f 790/790/790 789/789/789 787/787/787
f 790/790/790 791/791/791 789/789/789
f 791/791/791 792/792/792 789/789/789
f 795/795/795 794/794/794 793/793/793
f 796/796/796 795/795/795 793/793/793
f 796/796/796 793/793/793 797/797/797
f 793/793/793 798/798/798 797/797/797
f 801/801/801 800/800/800 799/799/799
f 802/802/802 801/801/801 799/799/799
f 802/802/802 803/803/803 801/801/801
f 803/803/803 804/804/804 801/801/801
f 807/807/807 806/806/806 805/805/805
f 808/808/808 807/807/807 805/805/805
f 808/808/808 809/809/809 807/807/807
f 809/809/809 810/810/810 807/807/807
f 813/813/813 812/812/812 811/811/811
f 814/814/814 813/813/813 811/811/811
f 814/814/814 811/811/811 815/815/815
f 811/811/811 816/816/816 815/815/815
f 819/819/819 818/818/818 817/817/817
f 817/817/817 820/820/820 819/819/819
f 820/820/820 821/821/821 819/819/819
f 820/820/820 822/822/822 821/821/821
f 822/822/822 823/823/823 821/821/821
f 822/822/822 824/824/824 823/823/823
f 827/827/827 826/826/826 825/825/825
f 825/825/825 828/828/828 827/827/827
f 828/828/828 829/829/829 827/827/827
f 828/828/828 830/830/830 829/829/829
f 830/830/830 831/831/831 829/829/829
f 830/830/830 832/832/832 831/831/831
f 835/835/835 834/834/834 833/833/833
f 836/836/836 835/835/835 833/833/833
f 836/836/836 833/833/833 837/837/837
f 833/833/833 838/838/838 837/837/837
f 841/841/841 840/840/840 839/839/839
f 842/842/842 841/841/841 839/839/839
f 842/842/842 843/843/843 841/841/841
f 843/843/843 844/844/844 841/841/841
f 847/847/847 846/846/846 845/845/845
f 848/848/848 847/847/847 845/845/845
f 848/848/848 845/845/845 849/849/849
f 845/845/845 850/850/850 849/849/849
f 853/853/853 852/852/852 851/851/851
f 854/854/854 853/853/853 851/851/851
f 854/854/854 855/855/855 853/853/853
f 855/855/855 856/856/856 853/853/853
f 859/859/859 858/858/858 857/857/857
f 860/860/860 859/859/859 857/857/857
f 860/860/860 857/857/857 861/861/861
f 857/857/857 862/862/862 861/861/861
f 865/865/865 864/864/864 863/863/863
f 866/866/866 865/865/865 863/863/863
f 866/866/866 867/867/867 865/865/865
f 867/867/867 868/868/868 865/865/865
f 871/871/871 870/870/870 869/869/869
f 872/872/872 871/871/871 869/869/869
f 872/872/872 873/873/873 871/871/871
f 873/873/873 874/874/874 871/871/871
f 877/877/877 876/876/876 875/875/875
f 878/878/878 877/877/877 875/875/875
f 878/878/878 875/875/875 879/879/879
f 875/875/875 880/880/880 879/879/879
f 883/883/883 882/882/882 881/881/881
f 881/881/881 884/884/884 883/883/883
f 884/884/884 885/885/885 883/883/883
f 884/884/884 886/886/886 885/885/885
f 886/886/886 887/887/887 885/885/885
f 886/886/886 888/888/888 887/887/887
f 891/891/891 890/890/890 889/889/889
f 889/889/889 892/892/892 891/891/891
f 892/892/892 893/893/893 891/891/891
f 892/892/892 894/894/894 893/893/893
f 894/894/894 895/895/895 893/893/893
f 894/894/894 896/896/896 895/895/895
f 899/899/899 898/898/898 897/897/897
f 900/900/900 899/899/899 897/897/897
f 900/900/900 897/897/897 901/901/901
f 897/897/897 902/902/902 901/901/901
f 905/905/905 904/904/904 903/903/903
f 906/906/906 905/905/905 903/903/903
f 906/906/906 907/907/907 905/905/905
f 907/907/907 908/908/908 905/905/905
f 911/911/911 910/910/910 909/909/909
f 912/912/912 911/911/911 909/909/909
f 912/912/912 909/909/909 913/913/913
f 909/909/909 914/914/914 913/913/913
f 917/917/917 916/916/916 915/915/915
f 918/918/918 917/917/917 915/915/915
f 918/918/918 919/919/919 917/917/917
f 919/919/919 920/920/920 917/917/917
f 923/923/923 922/922/922 921/921/921
f 924/924/924 923/923/923 921/921/921
f 924/924/924 921/921/921 925/925/925
f 921/921/921 926/926/926 925/925/925
f 929/929/929 928/928/928 927/927/927
f 930/930/930 929/929/929 927/927/927
f 930/930/930 931/931/931 929/929/929
f 931/931/931 932/932/932 929/929/929
f 935/935/935 934/934/934 933/933/933
f 936/936/936 935/935/935 933/933/933
f 936/936/936 937/937/937 935/935/935
f 937/937/937 938/938/938 935/935/935
f 941/941/941 940/940/940 939/939/939
f 942/942/942 941/941/941 939/939/939
f 942/942/942 939/939/939 943/943/943
f 939/939/939 944/944/944 943/943/943
f 947/947/947 946/946/946 945/945/945
f 945/945/945 948/948/948 947/947/947
f 948/948/948 949/949/949 947/947/947
f 948/948/948 950/950/950 949/949/949
f 950/950/950 951/951/951 949/949/949
f 950/950/950 952/952/952 951/951/951
f 955/955/955 954/954/954 953/953/953
f 953/953/953 956/956/956 955/955/955
f 956/956/956 957/957/957 955/955/955
f 956/956/956 958/958/958 957/957/957
f 958/958/958 959/959/959 957/957/957
f 958/958/958 960/960/960 959/959/959
f 963/963/963 962/962/962 961/961/961
f 964/964/964 963/963/963 961/961/961
f 964/964/964 961/961/961 965/965/965
f 961/961/961 966/966/966 965/965/965
f 969/969/969 968/968/968 967/967/967
f 970/970/970 969/969/969 967/967/967
f 970/970/970 971/971/971 969/969/969
f 971/971/971 972/972/972 969/969/969
f 975/975/975 974/974/974 973/973/973
f 976/976/976 975/975/975 973/973/973
f 976/976/976 973/973/973 977/977/977
f 973/973/973 978/978/978 977/977/977
f 981/981/981 980/980/980 979/979/979
f 982/982/982 981/981/981 979/979/979
f 982/982/982 983/983/983 981/981/981
f 983/983/983 984/984/984 981/981/981
f 987/987/987 986/986/986 985/985/985
f 988/988/988 987/987/987 985/985/985
f 988/988/988 985/985/985 989/989/989
f 985/985/985 990/990/990 989/989/989
f 993/993/993 992/992/992 991/991/991
f 994/994/994 993/993/993 991/991/991
f 994/994/994 995/995/995 993/993/993
f 995/995/995 996/996/996 993/993/993
f 999/999/999 998/998/998 997/997/997
f 1000/1000/1000 999/999/999 997/997/997
f 1000/1000/1000 1001/1001/1001 999/999/999
f 1001/1001/1001 1002/1002/1002 999/999/999
f 1005/1005/1005 1004/1004/1004 1003/1003/1003
f 1006/1006/1006 1005/1005/1005 1003/1003/1003
f 1006/1006/1006 1003/1003/1003 1007/1007/1007
f 1003/1003/1003 1008/1008/1008 1007/1007/1007
f 1011/1011/1011 1010/1010/1010 1009/1009/1009
f 1009/1009/1009 1012/1012/1012 1011/1011/1011
f 1012/1012/1012 1013/1013/1013 1011/1011/1011
f 1012/1012/1012 1014/1014/1014 1013/1013/1013
f 1014/1014/1014 1015/1015/1015 1013/1013/1013
f 1014/1014/1014 1016/1016/1016 1015/1015/1015
f 1019/1019/1019 1018/1018/1018 1017/1017/1017
f 1017/1017/1017 1020/1020/1020 1019/1019/1019
f 1020/1020/1020 1021/1021/1021 1019/1019/1019
f 1020/1020/1020 1022/1022/1022 1021/1021/1021
f 1022/1022/1022 1023/1023/1023 1021/1021/1021
f 1022/1022/1022 1024/1024/1024 1023/1023/1023
f 1027/1027/1027 1026/1026/1026 1025/1025/1025
f 1028/1028/1028 1027/1027/1027 1025/1025/1025
f 1028/1028/1028 1025/1025/1025 1029/1029/1029
f 1025/1025/1025 1030/1030/1030 1029/1029/1029
f 1033/1033/1033 1032/1032/1032 1031/1031/1031
f 1034/1034/1034 1033/1033/1033 1031/1031/1031
f 1034/1034/1034 1035/1035/1035 1033/1033/1033
f 1035/1035/1035 1036/1036/1036 1033/1033/1033
f 1039/1039/1039 1038/1038/1038 1037/1037/1037
f 1040/1040/1040 1039/1039/1039 1037/1037/1037
f 1040/1040/1040 1037/1037/1037 1041/1041/1041
f 1037/1037/1037 1042/1042/1042 1041/1041/1041
f 1045/1045/1045 1044/1044/1044 1043/1043/1043
f 1046/1046/1046 1045/1045/1045 1043/1043/1043
f 1046/1046/1046 1047/1047/1047 1045/1045/1045
f 1047/1047/1047 1048/1048/1048 1045/1045/1045
f 1051/1051/1051 1050/1050/1050 1049/1049/1049
f 1052/1052/1052 1051/1051/1051 1049/1049/1049
f 1052/1052/1052 1049/1049/1049 1053/1053/1053
f 1049/1049/1049 1054/1054/1054 1053/1053/1053
f 1057/1057/1057 1056/1056/1056 1055/1055/1055
f 1058/1058/1058 1057/1057/1057 1055/1055/1055
f 1058/1058/1058 1059/1059/1059 1057/1057/1057
f 1059/1059/1059 1060/1060/1060 1057/1057/1057
f 1063/1063/1063 1062/1062/1062 1061/1061/1061
f 1064/1064/1064 1063/1063/1063 1061/1061/1061
f 1064/1064/1064 1065/1065/1065 1063/1063/1063
f 1065/1065/1065 1066/1066/1066 1063/1063/1063
f 1069/1069/1069 1068/1068/1068 1067/1067/1067
f 1070/1070/1070 1069/1069/1069 1067/1067/1067
f 1070/1070/1070 1067/1067/1067 1071/1071/1071
f 1067/1067/1067 1072/1072/1072 1071/1071/1071
f 1075/1075/1075 1074/1074/1074 1073/1073/1073
f 1073/1073/1073 1076/1076/1076 1075/1075/1075
f 1076/1076/1076 1077/1077/1077 1075/1075/1075
f 1076/1076/1076 1078/1078/1078 1077/1077/1077
f 1078/1078/1078 1079/1079/1079 1077/1077/1077
f 1078/1078/1078 1080/1080/1080 1079/1079/1079
f 1083/1083/1083 1082/1082/1082 1081/1081/1081
f 1081/1081/1081 1084/1084/1084 1083/1083/1083
f 1084/1084/1084 1085/1085/1085 1083/1083/1083
f 1084/1084/1084 1086/1086/1086 1085/1085/1085
f 1086/1086/1086 1087/1087/1087 1085/1085/1085
f 1086/1086/1086 1088/1088/1088 1087/1087/1087
