g Heroes Quarters Lvll2
v -1.1359656 -2.1591878 4.1476617
v -1.5930605 -1.487829 6.1399107
v -0.8615253 -1.8406954 4.1476617
v -1.6532372 -0.67786753 4.1476617
v -1.5930605 -1.487829 6.1399107
v -2.0501559 -0.81647 4.1476617
v -0.9217019 -1.0307338 4.1476617
v -1.5930605 -1.487829 6.1399107
v -1.2401944 -0.75629354 4.1476617
v -2.4030223 -1.5480053 4.1476617
v -1.5930605 -1.487829 6.1399107
v -2.2644198 -1.9449241 4.1476617
v -1.5328844 -2.2977905 4.1476617
v -1.5930605 -1.487829 6.1399107
v -1.1359656 -2.1591878 4.1476617
v -1.2401944 -0.75629354 4.1476617
v -1.5930605 -1.487829 6.1399107
v -1.6532372 -0.67786753 4.1476617
v -0.7830993 -1.4276524 4.1476617
v -1.5930605 -1.487829 6.1399107
v -0.9217019 -1.0307338 4.1476617
v -2.3245964 -1.1349626 4.1476617
v -1.5930605 -1.487829 6.1399107
v -2.4030223 -1.5480053 4.1476617
v -1.9459271 -2.2193644 4.1476617
v -1.5930605 -1.487829 6.1399107
v -1.5328844 -2.2977905 4.1476617
v -0.8615253 -1.8406954 4.1476617
v -1.5930605 -1.487829 6.1399107
v -0.7830993 -1.4276524 4.1476617
v -2.0501559 -0.81647 4.1476617
v -1.5930605 -1.487829 6.1399107
v -2.3245964 -1.1349626 4.1476617
v -2.2644198 -1.9449241 4.1476617
v -1.5930605 -1.487829 6.1399107
v -1.9459271 -2.2193644 4.1476617
v -1.1586001 -0.5871382 -0.010000005
v -0.7664614 -0.92503834 -0.010000005
v -0.7664614 -0.9250383 4.537385
v -1.1586001 -0.5871382 4.537385
v -0.7664614 -0.92503834 -0.010000005
v -0.59580934 -1.4137375 -0.010000005
v -0.59580934 -1.4137375 4.537385
v -0.7664614 -0.9250383 4.537385
v -0.59580934 -1.4137375 -0.010000005
v -0.6923702 -1.9222896 -0.010000005
v -0.6923702 -1.9222896 4.537385
v -0.59580934 -1.4137375 4.537385
v -0.6923702 -1.9222896 -0.010000005
v -1.0302702 -2.3144283 -0.010000005
v -1.0302702 -2.3144283 4.537385
v -0.6923702 -1.9222896 4.537385
v -1.0302702 -2.3144283 -0.010000005
v -1.5189695 -2.4850802 -0.010000005
v -1.5189695 -2.4850802 4.537385
v -1.0302702 -2.3144283 4.537385
v -1.5189695 -2.4850802 -0.010000005
v -2.0275216 -2.3885195 -0.010000005
v -2.0275216 -2.3885195 4.537385
v -1.5189695 -2.4850802 4.537385
v -2.0275216 -2.3885195 -0.010000005
v -2.41966 -2.0506196 -0.010000005
v -2.41966 -2.0506196 4.537385
v -2.0275216 -2.3885195 4.537385
v -2.41966 -2.0506196 -0.010000005
v -2.5903122 -1.5619202 -0.010000005
v -2.5903122 -1.5619202 4.537385
v -2.41966 -2.0506196 4.537385
v -2.5903122 -1.5619202 -0.010000005
v -2.4937515 -1.0533681 -0.010000005
v -2.4937515 -1.0533681 4.537385
v -2.5903122 -1.5619202 4.537385
v -2.5903122 -1.5619202 4.7328467
v -2.4937515 -1.0533681 4.7328467
v -2.4937515 -1.0533681 -0.010000005
v -2.1558516 -0.6612294 -0.010000005
v -2.1558516 -0.66122943 4.537385
v -2.4937515 -1.0533681 4.537385
v -1.2401944 -0.75629354 4.537385
v -1.2401944 -0.75629354 4.1476617
v -1.6532372 -0.67786753 4.1476617
v -1.6532372 -0.67786753 4.537385
v -2.1558516 -0.6612294 -0.010000005
v -1.667152 -0.49057752 -0.010000005
v -1.667152 -0.49057752 4.537385
v -2.1558516 -0.66122943 4.537385
v -1.667152 -0.49057752 -0.010000005
v -1.1586001 -0.5871382 -0.010000005
v -1.1586001 -0.5871382 4.537385
v -1.667152 -0.49057752 4.537385
v -0.9217019 -1.0307338 4.537385
v -0.7664614 -0.9250383 4.537385
v -0.59580934 -1.4137375 4.537385
v -0.7830994 -1.4276524 4.537385
v -0.8615254 -1.8406951 4.537385
v -0.6923702 -1.9222896 4.537385
v -1.0302702 -2.3144283 4.537385
v -1.1359657 -2.1591878 4.537385
v -1.5328844 -2.2977903 4.537385
v -1.5189695 -2.4850802 4.537385
v -2.0275216 -2.3885195 4.537385
v -1.9459271 -2.2193644 4.537385
v -2.2644198 -1.9449241 4.537385
v -2.41966 -2.0506196 4.537385
v -2.5903122 -1.5619202 4.537385
v -2.4030223 -1.5480053 4.537385
v -2.3245964 -1.1349626 4.537385
v -2.4937515 -1.0533681 4.537385
v -2.1558516 -0.66122943 4.537385
v -2.0501559 -0.81646997 4.537385
v -1.6532372 -0.67786753 4.537385
v -1.667152 -0.49057752 4.537385
v -1.1586001 -0.5871382 4.537385
v -1.2401944 -0.75629354 4.537385
v -0.7830994 -1.4276524 4.537385
v -0.7830993 -1.4276524 4.1476617
v -0.9217019 -1.0307338 4.1476617
v -0.9217019 -1.0307338 4.537385
v -2.3245964 -1.1349626 4.537385
v -2.3245964 -1.1349626 4.1476617
v -2.4030223 -1.5480053 4.1476617
v -2.4030223 -1.5480053 4.537385
v -2.4030223 -1.5480053 4.537385
v -2.3245964 -1.1349626 4.7328467
v -2.4030223 -1.5480053 4.7328467
v -1.9459271 -2.2193644 4.537385
v -1.9459271 -2.2193644 4.1476617
v -1.5328844 -2.2977905 4.1476617
v -1.5328844 -2.2977903 4.537385
v -0.8615254 -1.8406951 4.537385
v -0.8615253 -1.8406954 4.1476617
v -0.7830993 -1.4276524 4.1476617
v -0.7830994 -1.4276524 4.537385
v -0.7830994 -1.4276524 4.7328467
v -0.8615254 -1.8406951 4.7328467
v -0.8615254 -1.8406951 4.537385
v -2.0501559 -0.81646997 4.537385
v -2.0501559 -0.81647 4.1476617
v -2.3245964 -1.1349626 4.1476617
v -2.3245964 -1.1349626 4.537385
v -2.2644198 -1.9449241 4.537385
v -2.2644198 -1.9449241 4.1476617
v -1.9459271 -2.2193644 4.1476617
v -1.9459271 -2.2193644 4.537385
v -1.9459271 -2.2193644 4.537385
v -2.2644198 -1.9449241 4.7328467
v -1.9459271 -2.2193644 4.7328467
v -1.1359657 -2.1591878 4.537385
v -1.1359656 -2.1591878 4.1476617
v -0.8615253 -1.8406954 4.1476617
v -0.8615254 -1.8406951 4.537385
v -1.6532372 -0.67786753 4.537385
v -1.6532372 -0.67786753 4.1476617
v -2.0501559 -0.81647 4.1476617
v -2.0501559 -0.81646997 4.537385
v -0.9217019 -1.0307338 4.537385
v -0.9217019 -1.0307338 4.1476617
v -1.2401944 -0.75629354 4.1476617
v -1.2401944 -0.75629354 4.537385
v -1.2401944 -0.75629354 4.537385
v -0.9217019 -1.0307338 4.7328467
v -1.2401944 -0.75629354 4.7328467
v -2.4030223 -1.5480053 4.537385
v -2.4030223 -1.5480053 4.1476617
v -2.2644198 -1.9449241 4.1476617
v -2.2644198 -1.9449241 4.537385
v -1.5328844 -2.2977903 4.537385
v -1.5328844 -2.2977905 4.1476617
v -1.1359656 -2.1591878 4.1476617
v -1.1359657 -2.1591878 4.537385
v -1.6532372 -0.67786753 4.537385
v -1.6532372 -0.67786753 4.7328467
v -1.667152 -0.49057752 4.7328467
v -1.667152 -0.49057752 4.537385
v -1.1359657 -2.1591878 4.537385
v -1.1359657 -2.1591878 4.7328467
v -1.5328844 -2.2977903 4.7328467
v -1.5328844 -2.2977903 4.537385
v -0.8615254 -1.8406951 4.537385
v -0.8615254 -1.8406951 4.7328467
v -0.6923702 -1.9222896 4.7328467
v -0.6923702 -1.9222896 4.537385
v -0.7664614 -0.9250383 4.537385
v -0.7664614 -0.9250383 4.7328467
v -1.1586001 -0.5871382 4.7328467
v -1.1586001 -0.5871382 4.537385
v -2.1558516 -0.66122943 4.537385
v -2.1558516 -0.66122943 4.7328467
v -2.0501559 -0.81646997 4.7328467
v -2.0501559 -0.81646997 4.537385
v -1.2401944 -0.75629354 4.7328467
v -1.1586001 -0.5871382 4.7328467
v -0.7664614 -0.9250383 4.7328467
v -0.9217019 -1.0307338 4.7328467
v -0.7830994 -1.4276524 4.7328467
v -0.59580934 -1.4137375 4.7328467
v -0.6923702 -1.9222896 4.7328467
v -0.8615254 -1.8406951 4.7328467
v -1.1359657 -2.1591878 4.7328467
v -1.0302702 -2.3144283 4.7328467
v -1.5189695 -2.4850802 4.7328467
v -1.5328844 -2.2977903 4.7328467
v -1.9459271 -2.2193644 4.7328467
v -2.0275216 -2.3885195 4.7328467
v -2.41966 -2.0506196 4.7328467
v -2.2644198 -1.9449241 4.7328467
v -2.4030223 -1.5480053 4.7328467
v -2.5903122 -1.5619202 4.7328467
v -2.4937515 -1.0533681 4.7328467
v -2.3245964 -1.1349626 4.7328467
v -2.0501559 -0.81646997 4.7328467
v -2.1558516 -0.66122943 4.7328467
v -1.667152 -0.49057752 4.7328467
v -1.6532372 -0.67786753 4.7328467
v -0.6923702 -1.9222896 4.537385
v -0.6923702 -1.9222896 4.7328467
v -0.59580934 -1.4137375 4.7328467
v -0.59580934 -1.4137375 4.537385
v -1.0302702 -2.3144283 4.537385
v -1.0302702 -2.3144283 4.7328467
v -1.1359657 -2.1591878 4.7328467
v -1.1359657 -2.1591878 4.537385
v -1.5189695 -2.4850802 4.537385
v -1.5189695 -2.4850802 4.7328467
v -1.0302702 -2.3144283 4.7328467
v -1.0302702 -2.3144283 4.537385
v -1.5328844 -2.2977903 4.537385
v -1.5328844 -2.2977903 4.7328467
v -1.5189695 -2.4850802 4.7328467
v -1.5189695 -2.4850802 4.537385
v -2.41966 -2.0506196 4.537385
v -2.41966 -2.0506196 4.7328467
v -2.0275216 -2.3885195 4.7328467
v -2.0275216 -2.3885195 4.537385
v -2.0275216 -2.3885195 4.537385
v -2.0275216 -2.3885195 4.7328467
v -1.9459271 -2.2193644 4.7328467
v -1.9459271 -2.2193644 4.537385
v -2.0501559 -0.81646997 4.537385
v -2.0501559 -0.81646997 4.7328467
v -1.6532372 -0.67786753 4.7328467
v -1.6532372 -0.67786753 4.537385
v -2.2644198 -1.9449241 4.537385
v -2.2644198 -1.9449241 4.7328467
v -2.41966 -2.0506196 4.7328467
v -2.41966 -2.0506196 4.537385
v -1.1586001 -0.5871382 4.537385
v -1.1586001 -0.5871382 4.7328467
v -1.2401944 -0.75629354 4.7328467
v -1.2401944 -0.75629354 4.537385
v -1.667152 -0.49057752 4.537385
v -1.667152 -0.49057752 4.7328467
v -2.1558516 -0.66122943 4.7328467
v -2.1558516 -0.66122943 4.537385
v -2.5903122 -1.5619202 4.537385
v -2.5903122 -1.5619202 4.7328467
v -2.4030223 -1.5480053 4.7328467
v -2.4030223 -1.5480053 4.537385
v -0.9217019 -1.0307338 4.537385
v -0.9217019 -1.0307338 4.7328467
v -0.7664614 -0.9250383 4.7328467
v -0.7664614 -0.9250383 4.537385
v -2.3245964 -1.1349626 4.537385
v -2.3245964 -1.1349626 4.7328467
v -2.4937515 -1.0533681 4.7328467
v -2.4937515 -1.0533681 4.537385
v -0.59580934 -1.4137375 4.537385
v -0.59580934 -1.4137375 4.7328467
v -0.7830994 -1.4276524 4.7328467
v -0.7830994 -1.4276524 4.537385
v 0.37554836 1.4289463 -0.010000005
v 0.82450724 0.73321307 -0.010000005
v 0.82450724 0.73321307 3.2845597
v 0.37554836 1.4289463 3.2845597
v 0.82450724 0.73321307 -0.010000005
v 0.86545014 -0.09378892 -0.010000005
v 0.86545014 -0.09378892 3.2845597
v 0.82450724 0.73321307 3.2845597
v 0.86545014 -0.09378892 -0.010000005
v 0.48740685 -0.8304651 -0.010000005
v 0.48740685 -0.8304651 3.2845597
v 0.86545014 -0.09378892 3.2845597
v 0.48740685 -0.8304651 -0.010000005
v -0.20832634 -1.279424 -0.010000005
v -0.20832634 -1.279424 3.2845597
v 0.48740685 -0.8304651 3.2845597
v -0.20832634 -1.279424 -0.010000005
v -1.0353284 -1.3203669 -0.010000005
v -1.0353284 -1.3203669 3.2845597
v -0.20832634 -1.279424 3.2845597
v -1.0353284 -1.3203669 -0.010000005
v -1.7720046 -0.9423237 -0.010000005
v -1.7720046 -0.9423237 3.2845597
v -1.0353284 -1.3203669 3.2845597
v -1.7720046 -0.9423237 -0.010000005
v -2.2209635 -0.24659038 -0.010000005
v -2.2209635 -0.24659035 3.2845597
v -1.7720046 -0.9423237 3.2845597
v -2.2209635 -0.24659038 -0.010000005
v -2.2619066 0.5804117 -0.010000005
v -2.2619066 0.5804117 3.2845597
v -2.2209635 -0.24659035 3.2845597
v -2.2619066 0.5804117 -0.010000005
v -1.8838633 1.3170881 -0.010000005
v -1.8838633 1.3170881 3.2845597
v -2.2619066 0.5804117 3.2845597
v -1.8838633 1.3170881 -0.010000005
v -1.1881298 1.7660466 -0.010000005
v -1.1881298 1.7660466 3.2845597
v -1.8838633 1.3170881 3.2845597
v -0.9812152 -1.0693564 3.2845597
v -0.9812152 -1.0693564 2.7724218
v -0.2869681 -1.0349858 2.7724218
v -0.2869681 -1.0349858 3.2845597
v -1.1881298 1.7660466 -0.010000005
v -0.36112782 1.8069897 -0.010000005
v -0.36112782 1.8069897 3.2845597
v -1.1881298 1.7660466 3.2845597
v -0.36112782 1.8069897 -0.010000005
v 0.37554836 1.4289463 -0.010000005
v 0.37554836 1.4289463 3.2845597
v -0.36112782 1.8069897 3.2845597
v 0.20317966 1.2386212 3.2845597
v 0.37554836 1.4289463 3.2845597
v 0.82450724 0.73321307 3.2845597
v 0.58006895 0.6545714 3.2845597
v 0.82450724 0.73321307 3.2845597
v 0.82450724 0.73321307 3.495754
v 0.58006895 0.6545714 3.495754
v 0.58006895 0.6545714 3.2845597
v 0.6144397 -0.039675713 3.2845597
v 0.86545014 -0.09378892 3.2845597
v 0.48740685 -0.8304651 3.2845597
v 0.297082 -0.65809655 3.2845597
v -2.0108957 0.5262984 3.2845597
v -2.0108957 0.5262984 3.495754
v -2.2619066 0.5804117 3.495754
v -2.2619066 0.5804117 3.2845597
v -0.2869681 -1.0349858 3.2845597
v -0.20832634 -1.279424 3.2845597
v -1.0353284 -1.3203669 3.2845597
v -0.9812152 -1.0693564 3.2845597
v -0.9812152 -1.0693564 3.2845597
v -0.9812152 -1.0693564 3.495754
v -1.5996358 -0.7519987 3.495754
v -1.5996358 -0.7519987 3.2845597
v -0.9812152 -1.0693564 2.7724218
v -1.5996358 -0.7519987 2.7724218
v -1.5996358 -0.7519987 3.2845597
v -1.7720046 -0.9423237 3.2845597
v -2.2209635 -0.24659035 3.2845597
v -1.9765252 -0.16794854 3.2845597
v 0.20317966 1.2386212 3.2845597
v 0.20317966 1.2386212 3.495754
v 0.37554836 1.4289463 3.495754
v 0.37554836 1.4289463 3.2845597
v -2.0108957 0.5262984 3.2845597
v -2.2619066 0.5804117 3.2845597
v -1.8838633 1.3170881 3.2845597
v -1.6935383 1.1447194 3.2845597
v -0.20832634 -1.279424 3.2845597
v -0.20832634 -1.279424 3.495754
v 0.48740685 -0.8304651 3.495754
v 0.48740685 -0.8304651 3.2845597
v -1.109488 1.5216084 3.2845597
v -1.1881298 1.7660466 3.2845597
v -0.36112782 1.8069897 3.2845597
v -0.41524115 1.5559793 3.2845597
v -2.2209635 -0.24659035 3.2845597
v -2.2209635 -0.24659035 3.495754
v -1.9765252 -0.16794854 3.495754
v -1.9765252 -0.16794854 3.2845597
v 0.58006895 0.6545714 2.7724218
v 0.6144397 -0.039675713 2.7724218
v 0.297082 -0.65809655 2.7724218
v 0.20317966 1.2386212 2.7724218
v -0.2869681 -1.0349858 2.7724218
v -0.41524115 1.5559793 2.7724218
v -0.9812152 -1.0693564 2.7724218
v -1.109488 1.5216084 2.7724218
v -1.5996358 -0.7519987 2.7724218
v -1.6935383 1.1447194 2.7724218
v -1.9765252 -0.16794854 2.7724218
v -2.0108957 0.5262984 2.7724218
v 0.20317966 1.2386212 3.2845597
v 0.20317966 1.2386212 2.7724218
v -0.41524115 1.5559793 2.7724218
v -0.41524115 1.5559793 3.2845597
v 0.20317966 1.2386212 3.495754
v -0.41524115 1.5559793 3.495754
v 0.6144397 -0.039675713 3.2845597
v 0.6144397 -0.039675713 2.7724218
v 0.58006895 0.6545714 2.7724218
v 0.58006895 0.6545714 3.2845597
v 0.6144397 -0.039675713 3.495754
v 0.58006895 0.6545714 3.495754
v -1.6935383 1.1447194 3.2845597
v -1.6935383 1.1447194 2.7724218
v -2.0108957 0.5262984 2.7724218
v -2.0108957 0.5262984 3.2845597
v 0.297082 -0.65809655 3.2845597
v 0.297082 -0.65809655 2.7724218
v 0.6144397 -0.039675713 2.7724218
v 0.6144397 -0.039675713 3.2845597
v -1.109488 1.5216084 3.2845597
v -1.109488 1.5216084 2.7724218
v -1.6935383 1.1447194 2.7724218
v -1.6935383 1.1447194 3.2845597
v -1.109488 1.5216084 3.495754
v -1.6935383 1.1447194 3.495754
v -1.9765252 -0.16794854 3.2845597
v -1.9765252 -0.16794854 2.7724218
v -1.5996358 -0.7519987 2.7724218
v -1.5996358 -0.7519987 3.2845597
v -0.2869681 -1.0349858 3.2845597
v -0.2869681 -1.0349858 2.7724218
v 0.297082 -0.65809655 2.7724218
v 0.297082 -0.65809655 3.2845597
v -0.2869681 -1.0349858 3.495754
v 0.297082 -0.65809655 3.495754
v -0.41524115 1.5559793 3.2845597
v -0.41524115 1.5559793 2.7724218
v -1.109488 1.5216084 2.7724218
v -1.109488 1.5216084 3.2845597
v 0.58006895 0.6545714 3.2845597
v 0.58006895 0.6545714 2.7724218
v 0.20317966 1.2386212 2.7724218
v 0.20317966 1.2386212 3.2845597
v -2.0108957 0.5262984 3.2845597
v -2.0108957 0.5262984 2.7724218
v -1.9765252 -0.16794854 2.7724218
v -1.9765252 -0.16794854 3.2845597
v -2.0108957 0.5262984 3.495754
v -1.9765252 -0.16794854 3.495754
v 0.5673546 -1.4898052 2.5437975
v 0.5673546 -1.4898052 1.6877489
v 1.2442901 -1.6711895 1.6877489
v 1.2442901 -1.6711895 2.5437975
v 0.4465243 1.0644519 -0.010000005
v 1.2442901 1.2782125 -0.010000005
v 1.2442901 1.2782125 2.5437975
v 0.4465243 1.0644519 2.5437975
v 1.2442901 -1.9128504 -0.010000005
v 0.4465243 -1.6990895 -0.010000005
v 0.4465243 -1.6990895 2.5437975
v 1.2442901 -1.9128504 2.5437975
v -0.13748068 0.48044685 -0.010000005
v 0.4465243 1.0644519 -0.010000005
v 0.4465243 1.0644519 2.5437975
v -0.13748068 0.48044685 2.5437975
v -0.3512414 -0.31731892 -0.010000005
v -0.13748068 0.48044685 -0.010000005
v -0.13748068 0.48044685 2.5437975
v -0.3512414 -0.3173189 2.5437975
v 2.6260607 0.48044685 -0.010000005
v 2.8398213 -0.31731892 -0.010000005
v 2.8398213 -0.3173189 2.5437975
v 2.6260607 0.48044685 2.5437975
v 2.0420556 -1.6990895 -0.010000005
v 1.2442901 -1.9128504 -0.010000005
v 1.2442901 -1.9128504 2.5437975
v 2.0420556 -1.6990895 2.5437975
v -0.13748068 -1.1150846 -0.010000005
v -0.3512414 -0.31731892 -0.010000005
v -0.3512414 -0.3173189 2.5437975
v -0.13748068 -1.1150846 2.5437975
v 2.0420556 1.0644519 -0.010000005
v 2.6260607 0.48044685 -0.010000005
v 2.6260607 0.48044685 2.5437975
v 2.0420556 1.0644519 2.5437975
v 2.6260607 -1.1150846 -0.010000005
v 2.0420556 -1.6990895 -0.010000005
v 2.0420556 -1.6990895 2.5437975
v 2.6260607 -1.1150846 2.5437975
v 0.4465243 -1.6990895 -0.010000005
v -0.13748068 -1.1150846 -0.010000005
v -0.13748068 -1.1150846 2.5437975
v 0.4465243 -1.6990895 2.5437975
v 1.2442901 1.2782125 -0.010000005
v 2.0420556 1.0644519 -0.010000005
v 2.0420556 1.0644519 2.5437975
v 1.2442901 1.2782125 2.5437975
v 2.8398213 -0.31731892 -0.010000005
v 2.6260607 -1.1150846 -0.010000005
v 2.6260607 -1.1150846 2.5437975
v 2.8398213 -0.3173189 2.5437975
v 0.0718036 0.35961655 2.5437975
v 0.4465243 1.0644519 2.5437975
v 0.5673546 0.8551675 2.5437975
v -0.13748068 0.48044685 2.5437975
v -0.109580755 -0.3173189 2.5437975
v -0.3512414 -0.3173189 2.5437975
v 0.0718036 -0.99425423 2.5437975
v -0.13748068 -1.1150846 2.5437975
v 0.5673546 -1.4898052 2.5437975
v 0.4465243 -1.6990895 2.5437975
v 1.2442901 -1.6711895 2.5437975
v 1.2442901 -1.9128504 2.5437975
v 2.4167764 0.35961655 2.5437975
v 2.6260607 0.48044685 2.5437975
v 2.8398213 -0.3173189 2.5437975
v 2.5981607 -0.3173189 2.5437975
v 1.2442901 -1.6711895 2.5437975
v 1.2442901 -1.6711895 2.7353454
v 1.2442901 -1.9128504 2.7353454
v 1.2442901 -1.9128504 2.5437975
v 2.4167764 -0.99425423 2.5437975
v 2.6260607 -1.1150846 2.5437975
v 2.0420556 -1.6990895 2.5437975
v 1.9212254 -1.4898052 2.5437975
v 1.2442901 -1.9128504 2.5437975
v 1.2442901 -1.9128504 2.7353454
v 2.0420556 -1.6990895 2.7353454
v 2.0420556 -1.6990895 2.5437975
v 1.9212254 0.8551675 2.5437975
v 1.9212254 0.8551675 2.7353454
v 2.4167764 0.35961655 2.7353454
v 2.4167764 0.35961655 2.5437975
v 1.9212254 0.8551675 1.6877489
v 2.4167764 0.35961655 1.6877489
v 0.5673546 0.8551675 2.5437975
v 0.5673546 0.8551675 2.7353454
v 1.2442901 1.036552 2.7353454
v 1.2442901 1.036552 2.5437975
v 0.5673546 0.8551675 1.6877489
v 1.2442901 1.036552 1.6877489
v 1.2442901 1.036552 2.5437975
v 1.2442901 1.2782125 2.5437975
v 2.0420556 1.0644519 2.5437975
v 1.9212254 0.8551675 2.5437975
v 2.4167764 0.35961655 1.6877489
v 2.5981607 -0.3173189 1.6877489
v 2.4167764 -0.99425423 1.6877489
v 1.9212254 0.8551675 1.6877489
v 1.9212254 -1.4898052 1.6877489
v 1.2442901 1.036552 1.6877489
v 1.2442901 -1.6711895 1.6877489
v 0.5673546 0.8551675 1.6877489
v 0.5673546 -1.4898052 1.6877489
v 0.0718036 0.35961655 1.6877489
v 0.0718036 -0.99425423 1.6877489
v -0.109580755 -0.3173189 1.6877489
v 2.5981607 -0.3173189 2.5437975
v 2.5981607 -0.3173189 1.6877489
v 2.4167764 0.35961655 1.6877489
v 2.4167764 0.35961655 2.5437975
v 1.2442901 -1.6711895 2.5437975
v 1.2442901 -1.6711895 1.6877489
v 1.9212254 -1.4898052 1.6877489
v 1.9212254 -1.4898052 2.5437975
v 1.2442901 -1.6711895 2.7353454
v 1.9212254 -1.4898052 2.7353454
v -0.109580755 -0.3173189 2.5437975
v -0.109580755 -0.3173189 1.6877489
v 0.0718036 -0.99425423 1.6877489
v 0.0718036 -0.99425423 2.5437975
v 0.5673546 0.8551675 2.5437975
v 0.5673546 0.8551675 1.6877489
v 0.0718036 0.35961655 1.6877489
v 0.0718036 0.35961655 2.5437975
v 1.9212254 -1.4898052 2.5437975
v 1.9212254 -1.4898052 1.6877489
v 2.4167764 -0.99425423 1.6877489
v 2.4167764 -0.99425423 2.5437975
v 0.0718036 -0.99425423 2.5437975
v 0.0718036 -0.99425423 1.6877489
v 0.5673546 -1.4898052 1.6877489
v 0.5673546 -1.4898052 2.5437975
v 1.9212254 0.8551675 2.5437975
v 1.9212254 0.8551675 1.6877489
v 1.2442901 1.036552 1.6877489
v 1.2442901 1.036552 2.5437975
v 0.0718036 0.35961655 2.5437975
v 0.0718036 0.35961655 1.6877489
v -0.109580755 -0.3173189 1.6877489
v -0.109580755 -0.3173189 2.5437975
v 2.4167764 -0.99425423 2.5437975
v 2.4167764 -0.99425423 1.6877489
v 2.5981607 -0.3173189 1.6877489
v 2.5981607 -0.3173189 2.5437975
v 2.4167764 -0.99425423 2.7353454
v 2.5981607 -0.3173189 2.7353454
v 0.58006895 0.6545714 3.495754
v 0.82450724 0.73321307 3.495754
v 0.86545014 -0.09378892 3.495754
v 0.6144397 -0.039675713 3.495754
v 0.297082 -0.65809655 3.495754
v 0.48740685 -0.8304651 3.495754
v -0.20832634 -1.279424 3.495754
v -0.2869681 -1.0349858 3.495754
v -0.9812152 -1.0693564 3.495754
v -1.0353284 -1.3203669 3.495754
v -1.7720046 -0.9423237 3.495754
v -1.5996358 -0.7519987 3.495754
v -1.9765252 -0.16794854 3.495754
v -2.2209635 -0.24659035 3.495754
v -2.2619066 0.5804117 3.495754
v -2.0108957 0.5262984 3.495754
v -1.6935383 1.1447194 3.495754
v -1.8838633 1.3170881 3.495754
v -1.1881298 1.7660466 3.495754
v -1.109488 1.5216084 3.495754
v -0.41524115 1.5559793 3.495754
v -0.36112782 1.8069897 3.495754
v 0.37554836 1.4289463 3.495754
v 0.20317966 1.2386212 3.495754
v 0.86545014 -0.09378892 3.2845597
v 0.86545014 -0.09378892 3.495754
v 0.82450724 0.73321307 3.495754
v 0.82450724 0.73321307 3.2845597
v -1.8838633 1.3170881 3.2845597
v -1.8838633 1.3170881 3.495754
v -1.6935383 1.1447194 3.495754
v -1.6935383 1.1447194 3.2845597
v 0.37554836 1.4289463 3.2845597
v 0.37554836 1.4289463 3.495754
v -0.36112782 1.8069897 3.495754
v -0.36112782 1.8069897 3.2845597
v 0.6144397 -0.039675713 3.2845597
v 0.6144397 -0.039675713 3.495754
v 0.86545014 -0.09378892 3.495754
v 0.86545014 -0.09378892 3.2845597
v -1.109488 1.5216084 3.2845597
v -1.109488 1.5216084 3.495754
v -1.1881298 1.7660466 3.495754
v -1.1881298 1.7660466 3.2845597
v 0.48740685 -0.8304651 3.2845597
v 0.48740685 -0.8304651 3.495754
v 0.297082 -0.65809655 3.495754
v 0.297082 -0.65809655 3.2845597
v -1.1881298 1.7660466 3.2845597
v -1.1881298 1.7660466 3.495754
v -1.8838633 1.3170881 3.495754
v -1.8838633 1.3170881 3.2845597
v -0.36112782 1.8069897 3.2845597
v -0.36112782 1.8069897 3.495754
v -0.41524115 1.5559793 3.495754
v -0.41524115 1.5559793 3.2845597
v -0.2869681 -1.0349858 3.2845597
v -0.2869681 -1.0349858 3.495754
v -0.20832634 -1.279424 3.495754
v -0.20832634 -1.279424 3.2845597
v -2.2619066 0.5804117 3.2845597
v -2.2619066 0.5804117 3.495754
v -2.2209635 -0.24659035 3.495754
v -2.2209635 -0.24659035 3.2845597
v -1.0353284 -1.3203669 3.2845597
v -1.0353284 -1.3203669 3.495754
v -0.9812152 -1.0693564 3.495754
v -0.9812152 -1.0693564 3.2845597
v -1.5996358 -0.7519987 3.2845597
v -1.5996358 -0.7519987 3.495754
v -1.7720046 -0.9423237 3.495754
v -1.7720046 -0.9423237 3.2845597
v -1.7720046 -0.9423237 3.2845597
v -1.7720046 -0.9423237 3.495754
v -1.0353284 -1.3203669 3.495754
v -1.0353284 -1.3203669 3.2845597
v 1.9212254 -1.4898052 2.7353454
v 2.0420556 -1.6990895 2.7353454
v 1.2442901 -1.9128504 2.7353454
v 1.2442901 -1.6711895 2.7353454
v 2.5981607 -0.3173189 2.7353454
v 2.8398213 -0.3173189 2.7353454
v 2.6260607 -1.1150846 2.7353454
v 2.4167764 -0.99425423 2.7353454
v 0.5673546 0.8551675 2.7353454
v 0.4465243 1.0644519 2.7353454
v 1.2442901 1.2782125 2.7353454
v 1.2442901 1.036552 2.7353454
v 1.9212254 0.8551675 2.7353454
v 2.0420556 1.0644519 2.7353454
v 2.6260607 0.48044685 2.7353454
v 2.4167764 0.35961655 2.7353454
v 2.0420556 -1.6990895 2.5437975
v 2.0420556 -1.6990895 2.7353454
v 1.9212254 -1.4898052 2.7353454
v 1.9212254 -1.4898052 2.5437975
v 0.4465243 1.0644519 2.5437975
v 0.4465243 1.0644519 2.7353454
v 0.5673546 0.8551675 2.7353454
v 0.5673546 0.8551675 2.5437975
v 2.4167764 -0.99425423 2.5437975
v 2.4167764 -0.99425423 2.7353454
v 2.6260607 -1.1150846 2.7353454
v 2.6260607 -1.1150846 2.5437975
v 2.6260607 -1.1150846 2.5437975
v 2.6260607 -1.1150846 2.7353454
v 2.8398213 -0.3173189 2.7353454
v 2.8398213 -0.3173189 2.5437975
v 1.2442901 1.036552 2.5437975
v 1.2442901 1.036552 2.7353454
v 1.2442901 1.2782125 2.7353454
v 1.2442901 1.2782125 2.5437975
v 2.4167764 0.35961655 2.5437975
v 2.4167764 0.35961655 2.7353454
v 2.6260607 0.48044685 2.7353454
v 2.6260607 0.48044685 2.5437975
v 1.2442901 1.2782125 2.5437975
v 1.2442901 1.2782125 2.7353454
v 0.4465243 1.0644519 2.7353454
v 0.4465243 1.0644519 2.5437975
v 2.0420556 1.0644519 2.5437975
v 2.0420556 1.0644519 2.7353454
v 1.9212254 0.8551675 2.7353454
v 1.9212254 0.8551675 2.5437975
v 2.6260607 0.48044685 2.5437975
v 2.6260607 0.48044685 2.7353454
v 2.0420556 1.0644519 2.7353454
v 2.0420556 1.0644519 2.5437975
v 2.8398213 -0.3173189 2.5437975
v 2.8398213 -0.3173189 2.7353454
v 2.5981607 -0.3173189 2.7353454
v 2.5981607 -0.3173189 2.5437975
v 0.78664446 1.4607737 -0.010000005
v -2.4898825 1.4607735 -0.010000005
v -2.4898825 1.4607735 1.5875192
v 0.78664446 1.4607737 1.5875192
v -2.4898825 2.417066 -0.010000005
v -2.4898825 3.3733587 -0.010000005
v -2.4898825 3.3733587 1.5875192
v -2.4898825 2.417066 2.1298833
v -2.4898825 1.4607735 -0.010000005
v -2.4898825 1.4607735 1.5875192
v -2.4898825 3.3733587 -0.010000005
v 0.78664446 3.3733587 -0.010000005
v 0.78664446 3.3733587 1.5875192
v -2.4898825 3.3733587 1.5875192
v 0.78664446 2.417066 -0.010000005
v 0.78664446 1.4607737 -0.010000005
v 0.78664446 1.4607737 1.5875192
v 0.78664446 2.417066 2.1298833
v 0.78664446 3.3733587 -0.010000005
v 0.78664446 3.3733587 1.5875192
v 0.78664446 2.417066 2.2678528
v 0.78664446 1.3717539 1.6929276
v 0.78664446 1.2296689 1.5729332
v 0.78664446 1.3186886 1.4675245
v 0.78664446 2.417066 2.1298833
v 0.78664446 3.4623785 1.6929276
v 0.78664446 3.3733587 1.5875192
v 0.78664446 3.5154443 1.4675245
v 0.78664446 3.604464 1.5729332
v -2.4898825 2.417066 -0.010000005
v 0.78664446 3.3733587 -0.010000005
v -2.4898825 3.3733587 -0.010000005
v 0.78664446 2.417066 -0.010000005
v -2.4898825 1.4607735 -0.010000005
v 0.78664446 1.4607737 -0.010000005
v -2.4898825 1.3717537 1.6929276
v -2.620359 1.270505 1.6074204
v -2.6226354 2.417066 2.2678528
v -2.4898825 2.417066 2.2678528
v -2.4898825 2.417066 2.2678528
v 0.78664446 2.417066 2.2678528
v 0.78664446 1.3717539 1.6929276
v -2.4898825 1.3717537 1.6929276
v -2.4898825 3.4623785 1.6929276
v 0.78664446 3.4623785 1.6929276
v 0.78664446 2.417066 2.2678528
v -2.4898825 2.417066 2.2678528
v 0.78664446 1.3717539 1.6929276
v 0.78664446 1.2296689 1.5729332
v -2.620359 1.270505 1.6074204
v -2.4898825 1.3717537 1.6929276
v -2.4898825 2.417066 2.1298833
v -2.6226354 2.417066 2.1298833
v -2.621387 1.3603039 1.5026703
v -2.4898825 1.4607735 1.5875192
v 0.78664446 3.5154443 1.4675245
v 0.78664446 3.604464 1.5729332
v -2.620359 3.5636277 1.6074204
v -2.621387 3.4738283 1.5026703
v -2.6226354 2.417066 2.1298833
v -2.620359 1.270505 1.6074204
v -2.621387 1.3603039 1.5026703
v -2.6226354 2.417066 2.2678528
v -2.621387 3.4738283 1.5026703
v -2.620359 3.5636277 1.6074204
v -2.621387 1.3603039 1.5026703
v -2.620359 1.270505 1.6074204
v 0.78664446 1.2296689 1.5729332
v 0.78664446 1.3186886 1.4675245
v -2.4898825 2.417066 2.2678528
v -2.6226354 2.417066 2.2678528
v -2.620359 3.5636277 1.6074204
v -2.4898825 3.4623785 1.6929276
v 0.78664446 3.3733587 1.5875192
v 0.78664446 3.5154443 1.4675245
v -2.621387 3.4738283 1.5026703
v -2.4898825 3.3733587 1.5875192
v -2.4898825 3.3733587 1.5875192
v -2.621387 3.4738283 1.5026703
v -2.6226354 2.417066 2.1298833
v -2.4898825 2.417066 2.1298833
v -2.4898825 3.4623785 1.6929276
v -2.620359 3.5636277 1.6074204
v 0.78664446 3.604464 1.5729332
v 0.78664446 3.4623785 1.6929276
v -2.4898825 1.4607735 1.5875192
v -2.621387 1.3603039 1.5026703
v 0.78664446 1.3186886 1.4675245
v 0.78664446 1.4607737 1.5875192
v 0.76691246 1.7045803 1.7525384
v -2.6190205 1.7045803 1.7525384
v -2.6190205 1.7045803 1.9191566
v 0.76691246 1.7045803 1.9191566
v -2.6190205 1.7045803 1.7525384
v -2.6190205 1.9417915 1.7525384
v -2.6190205 1.9417915 1.9191566
v -2.6190205 1.7045803 1.9191566
v -2.6190205 1.9417915 1.7525384
v 0.76691246 1.9417918 1.7525384
v 0.76691246 1.9417918 1.9191566
v -2.6190205 1.9417915 1.9191566
v 0.76691246 1.9417918 1.7525384
v 0.76691246 1.7045803 1.7525384
v 0.76691246 1.7045803 1.9191566
v 0.76691246 1.9417918 1.9191566
v -2.6190205 1.7045803 1.7525384
v 0.76691246 1.7045803 1.7525384
v 0.76691246 1.9417918 1.7525384
v -2.6190205 1.9417915 1.7525384
v -2.6190205 1.9417915 1.9191566
v 0.76691246 1.9417918 1.9191566
v 0.76691246 1.7045803 1.9191566
v -2.6190205 1.7045803 1.9191566
v 0.76691246 2.905016 1.7525384
v -2.6190205 2.905016 1.7525384
v -2.6190205 2.905016 1.9191566
v 0.76691246 2.905016 1.9191566
v -2.6190205 2.905016 1.7525384
v -2.6190205 3.1422272 1.7525384
v -2.6190205 3.1422272 1.9191566
v -2.6190205 2.905016 1.9191566
v -2.6190205 3.1422272 1.7525384
v 0.76691246 3.1422272 1.7525384
v 0.76691246 3.1422272 1.9191566
v -2.6190205 3.1422272 1.9191566
v 0.76691246 3.1422272 1.7525384
v 0.76691246 2.905016 1.7525384
v 0.76691246 2.905016 1.9191566
v 0.76691246 3.1422272 1.9191566
v -2.6190205 2.905016 1.7525384
v 0.76691246 2.905016 1.7525384
v 0.76691246 3.1422272 1.7525384
v -2.6190205 3.1422272 1.7525384
v -2.6190205 3.1422272 1.9191566
v 0.76691246 3.1422272 1.9191566
v 0.76691246 2.905016 1.9191566
v -2.6190205 2.905016 1.9191566
v 0.76691246 2.5071445 1.9893665
v -2.6190205 2.5071445 1.9893665
v -2.6190205 2.5071445 2.1559849
v 0.76691246 2.5071445 2.1559849
v -2.6190205 2.5071445 1.9893665
v -2.6190205 2.7443557 1.9893665
v -2.6190205 2.7443557 2.1559849
v -2.6190205 2.5071445 2.1559849
v -2.6190205 2.7443557 1.9893665
v 0.76691246 2.7443557 1.9893665
v 0.76691246 2.7443557 2.1559849
v -2.6190205 2.7443557 2.1559849
v 0.76691246 2.7443557 1.9893665
v 0.76691246 2.5071445 1.9893665
v 0.76691246 2.5071445 2.1559849
v 0.76691246 2.7443557 2.1559849
v -2.6190205 2.5071445 1.9893665
v 0.76691246 2.5071445 1.9893665
v 0.76691246 2.7443557 1.9893665
v -2.6190205 2.7443557 1.9893665
v -2.6190205 2.7443557 2.1559849
v 0.76691246 2.7443557 2.1559849
v 0.76691246 2.5071445 2.1559849
v -2.6190205 2.5071445 2.1559849
v 0.76691246 3.2460485 1.563076
v -2.6190205 3.2460485 1.563076
v -2.6190205 3.2460485 1.7296939
v 0.76691246 3.2460485 1.7296939
v -2.6190205 3.2460485 1.563076
v -2.6190205 3.4832597 1.563076
v -2.6190205 3.4832597 1.7296939
v -2.6190205 3.2460485 1.7296939
v -2.6190205 3.4832597 1.563076
v 0.76691246 3.4832597 1.563076
v 0.76691246 3.4832597 1.7296939
v -2.6190205 3.4832597 1.7296939
v 0.76691246 3.4832597 1.563076
v 0.76691246 3.2460485 1.563076
v 0.76691246 3.2460485 1.7296939
v 0.76691246 3.4832597 1.7296939
v -2.6190205 3.2460485 1.563076
v 0.76691246 3.2460485 1.563076
v 0.76691246 3.4832597 1.563076
v -2.6190205 3.4832597 1.563076
v -2.6190205 3.4832597 1.7296939
v 0.76691246 3.4832597 1.7296939
v 0.76691246 3.2460485 1.7296939
v -2.6190205 3.2460485 1.7296939
v 0.76691246 2.0713809 1.9893665
v -2.6190205 2.0713806 1.9893665
v -2.6190205 2.0713806 2.1559849
v 0.76691246 2.0713809 2.1559849
v -2.6190205 2.0713806 1.9893665
v -2.6190205 2.3085918 1.9893665
v -2.6190205 2.3085918 2.1559849
v -2.6190205 2.0713806 2.1559849
v -2.6190205 2.3085918 1.9893665
v 0.76691246 2.308592 1.9893665
v 0.76691246 2.308592 2.1559849
v -2.6190205 2.3085918 2.1559849
v 0.76691246 2.308592 1.9893665
v 0.76691246 2.0713809 1.9893665
v 0.76691246 2.0713809 2.1559849
v 0.76691246 2.308592 2.1559849
v -2.6190205 2.0713806 1.9893665
v 0.76691246 2.0713809 1.9893665
v 0.76691246 2.308592 1.9893665
v -2.6190205 2.3085918 1.9893665
v -2.6190205 2.3085918 2.1559849
v 0.76691246 2.308592 2.1559849
v 0.76691246 2.0713809 2.1559849
v -2.6190205 2.0713806 2.1559849
v 0.76691246 1.3893158 1.5820222
v -2.6190205 1.3893156 1.5820222
v -2.6190205 1.3893156 1.7486401
v 0.76691246 1.3893158 1.7486401
v -2.6190205 1.3893156 1.5820222
v -2.6190205 1.6265259 1.5820222
v -2.6190205 1.6265259 1.7486401
v -2.6190205 1.3893156 1.7486401
v -2.6190205 1.6265259 1.5820222
v 0.76691246 1.6265259 1.5820222
v 0.76691246 1.6265259 1.7486401
v -2.6190205 1.6265259 1.7486401
v 0.76691246 1.6265259 1.5820222
v 0.76691246 1.3893158 1.5820222
v 0.76691246 1.3893158 1.7486401
v 0.76691246 1.6265259 1.7486401
v -2.6190205 1.3893156 1.5820222
v 0.76691246 1.3893158 1.5820222
v 0.76691246 1.6265259 1.5820222
v -2.6190205 1.6265259 1.5820222
v -2.6190205 1.6265259 1.7486401
v 0.76691246 1.6265259 1.7486401
v 0.76691246 1.3893158 1.7486401
v -2.6190205 1.3893156 1.7486401
v -1.6925838 -1.4773779 7.129869
v -1.5725077 -1.3998517 7.550174
v -1.6925838 -1.4773779 7.550174
v -1.5725077 -1.3998517 7.129869
v -1.6925838 -1.4773779 2.5728045
v -1.5725077 -1.3998517 2.5728045
v -1.5725077 -1.3998517 7.129869
v -1.4949816 -1.5199304 7.550174
v -1.5725077 -1.3998517 7.550174
v -1.4949816 -1.5199304 7.129869
v -1.5725077 -1.3998517 2.5728045
v -1.4949816 -1.5199304 2.5728045
v -1.6150603 -1.597454 7.129869
v -0.9507027 -2.4355032 6.839433
v -1.4949816 -1.5199304 7.129869
v -1.0046614 -2.4703393 6.839433
v -0.8100576 -2.6622348 6.7709327
v -0.85591596 -2.6918414 6.7709327
v -1.5725077 -1.3998517 2.5728045
v -1.6925838 -1.4773779 2.5728045
v -1.6150603 -1.597454 2.5728045
v -1.4949816 -1.5199304 2.5728045
v -1.4949816 -1.5199304 7.550174
v -1.6150603 -1.597454 7.550174
v -1.6925838 -1.4773779 7.550174
v -1.5725077 -1.3998517 7.550174
v -1.6150603 -1.597454 2.5728045
v -1.6925838 -1.4773779 2.5728045
v -1.6925838 -1.4773779 7.129869
v -1.6150603 -1.597454 7.129869
v -1.6925838 -1.4773779 7.550174
v -1.6150603 -1.597454 7.550174
v -1.0046614 -2.4703393 6.839433
v -1.0046614 -2.4703393 7.008262
v -1.4949816 -1.5199304 2.5728045
v -1.6150603 -1.597454 2.5728045
v -1.6150603 -1.597454 7.129869
v -1.4949816 -1.5199304 7.129869
v -1.0046614 -2.4703393 7.008262
v -0.85591596 -2.6918414 6.8804507
v -0.85591596 -2.6918414 6.7709327
v -1.0046614 -2.4703393 6.839433
v -1.4949816 -1.5199304 7.129869
v -0.9507027 -2.4355032 7.008262
v -1.4949816 -1.5199304 7.550174
v -0.9507027 -2.4355032 6.839433
v -0.81005746 -2.6622348 6.8804507
v -0.8100576 -2.6622348 6.7709327
v -1.4949816 -1.5199304 7.550174
v -0.9507027 -2.4355032 7.008262
v -1.0046614 -2.4703393 7.008262
v -1.6150603 -1.597454 7.550174
v -0.9507027 -2.4355032 7.008262
v -0.85591596 -2.6918414 6.8804507
v -0.81005746 -2.6622348 6.8804507
v -0.8100576 -2.6622348 6.7709327
v -0.85591596 -2.6918414 6.7709327
v -0.85591596 -2.6918414 6.8804507
v -0.81005746 -2.6622348 6.8804507
v -1.2513787 -0.36400968 2.6084948
v -1.0035087 0.36080426 2.6084948
v -1.0035087 0.36080426 3.3745203
v -1.2513787 -0.36400968 3.3745203
v -1.0035087 0.36080426 2.6084948
v -0.2786947 0.11293428 2.6084948
v -0.2786947 0.11293428 3.3745203
v -1.0035087 0.36080426 3.3745203
v -0.2786947 0.11293428 2.6084948
v -0.52656466 -0.61187965 2.6084948
v -0.52656466 -0.61187965 3.3745203
v -0.2786947 0.11293428 3.3745203
v -0.52656466 -0.61187965 2.6084948
v -1.2513787 -0.36400968 2.6084948
v -1.2513787 -0.36400968 3.3745203
v -0.52656466 -0.61187965 3.3745203
v -1.0035087 0.36080426 2.6084948
v -1.2513787 -0.36400968 2.6084948
v -0.52656466 -0.61187965 2.6084948
v -0.2786947 0.11293428 2.6084948
v -0.2786947 0.11293428 3.3745203
v -0.52656466 -0.61187965 3.3745203
v -1.2513787 -0.36400968 3.3745203
v -1.0035087 0.36080426 3.3745203
v -0.59096336 0.3424273 2.760617
v -0.60816336 0.93087965 2.760617
v -0.60816336 0.93087965 3.349321
v -0.59096336 0.3424273 3.349321
v -0.60816336 0.93087965 2.760617
v -0.019711524 0.94807965 2.760617
v -0.019711524 0.94807965 3.349321
v -0.60816336 0.93087965 3.349321
v -0.019711524 0.94807965 2.760617
v -0.0025110543 0.3596273 2.760617
v -0.0025110543 0.3596273 3.349321
v -0.019711524 0.94807965 3.349321
v -0.0025110543 0.3596273 2.760617
v -0.59096336 0.3424273 2.760617
v -0.59096336 0.3424273 3.349321
v -0.0025110543 0.3596273 3.349321
v -0.60816336 0.93087965 2.760617
v -0.59096336 0.3424273 2.760617
v -0.0025110543 0.3596273 2.760617
v -0.019711524 0.94807965 2.760617
v -0.019711524 0.94807965 3.349321
v -0.0025110543 0.3596273 3.349321
v -0.59096336 0.3424273 3.349321
v -0.60816336 0.93087965 3.349321
v -1.0014832 0.50926393 2.6239932
v -1.4230921 0.78076595 2.6239932
v -1.4230921 0.78076595 3.1254587
v -1.0014832 0.50926393 3.1254587
v -1.4230921 0.78076595 2.6239932
v -1.1515901 1.2023749 2.6239932
v -1.1515901 1.2023749 3.1254587
v -1.4230921 0.78076595 3.1254587
v -1.1515901 1.2023749 2.6239932
v -0.72998166 0.93087286 2.6239932
v -0.72998166 0.93087286 3.1254587
v -1.1515901 1.2023749 3.1254587
v -0.72998166 0.93087286 2.6239932
v -1.0014832 0.50926393 2.6239932
v -1.0014832 0.50926393 3.1254587
v -0.72998166 0.93087286 3.1254587
v -1.4230921 0.78076595 2.6239932
v -1.0014832 0.50926393 2.6239932
v -0.72998166 0.93087286 2.6239932
v -1.1515901 1.2023749 2.6239932
v -1.1515901 1.2023749 3.1254587
v -0.72998166 0.93087286 3.1254587
v -1.0014832 0.50926393 3.1254587
v -1.4230921 0.78076595 3.1254587
v 2.258312 -0.18675447 -0.00846529
v 1.9928095 -0.18675447 -0.00846529
v 1.9928095 -0.18675447 0.76688886
v 2.258312 -0.18675447 0.76688886
v 1.9928095 2.4249296 -0.00846529
v 2.258312 2.4249296 -0.00846529
v 2.258312 2.4249296 0.76688886
v 1.9928095 2.4249296 0.76688886
v 1.9928095 2.4249296 1.4497513
v 2.258312 2.4249296 1.4497513
v 2.258312 2.1577692 -0.00846529
v 2.258312 -0.18675447 -0.00846529
v 2.258312 -0.18675447 0.76688886
v 2.258312 2.1577692 0.76688886
v 2.258312 2.4249296 -0.00846529
v 2.258312 2.4249296 0.76688886
v 2.258312 2.4249296 1.4497513
v 2.258312 2.1577692 1.4497513
v 1.9928095 2.1577692 -0.00846529
v 2.258312 2.4249296 -0.00846529
v 1.9928095 2.4249296 -0.00846529
v 2.258312 2.1577692 -0.00846529
v 1.9928095 -0.18675447 -0.00846529
v 2.258312 -0.18675447 -0.00846529
v 1.9928095 2.1577692 0.76688886
v 2.258312 2.1577692 0.76688886
v 2.258312 -0.18675447 0.76688886
v 1.9928095 -0.18675447 0.76688886
v 1.9928095 2.4249296 0.76688886
v 1.9928095 2.4249296 1.4497513
v 1.9928095 2.1577692 1.4497513
v 1.9928095 2.1577692 0.76688886
v 1.9928095 -0.18675447 -0.00846529
v 1.9928095 2.1577692 0.76688886
v 1.9928095 -0.18675447 0.76688886
v 1.9928095 2.1577692 -0.00846529
v 1.9928095 2.4249296 -0.00846529
v 1.9928095 2.4249296 0.76688886
v 0.5261798 3.100358 -0.00846529
v 0.5261798 3.3675184 -0.00846529
v 0.5261798 3.3675184 0.76688886
v 0.5261798 3.100358 0.76688886
v 1.9928095 2.4249296 1.4497513
v 2.258312 2.4249296 1.4497513
v 2.258312 2.1577692 1.4497513
v 1.9928095 2.1577692 1.4497513
v 1.9928095 2.1577692 0.76688886
v 1.9928095 2.1577692 1.4497513
v 2.258312 2.1577692 1.4497513
v 2.258312 2.1577692 0.76688886
v -2.4898832 3.2596169 -0.00846529
v -2.4898813 3.5251193 -0.00846529
v -2.4898813 3.5251193 0.76688886
v -2.4898832 3.2596169 0.76688886
v 2.2550552 3.5251002 -0.00846529
v 2.2550533 3.2595978 -0.00846529
v 2.2550533 3.2595978 0.76688886
v 2.2550552 3.5251002 0.76688886
v 1.9878929 3.2595997 -0.00846529
v -2.4898832 3.2596169 -0.00846529
v -2.4898832 3.2596169 0.76688886
v 1.9878929 3.2595997 0.76688886
v 2.2550533 3.2595978 -0.00846529
v 2.2550533 3.2595978 0.76688886
v 1.9878948 3.5251021 -0.00846529
v 2.2550533 3.2595978 -0.00846529
v 2.2550552 3.5251002 -0.00846529
v 1.9878929 3.2595997 -0.00846529
v -2.4898813 3.5251193 -0.00846529
v -2.4898832 3.2596169 -0.00846529
v 1.9878948 3.5251021 0.76688886
v 1.9878929 3.2595997 0.76688886
v -2.4898832 3.2596169 0.76688886
v -2.4898813 3.5251193 0.76688886
v 2.2550552 3.5251002 0.76688886
v 2.2550552 3.5251002 1.4497513
v 1.9878948 3.5251021 1.4497513
v 1.9878948 3.5251021 0.76688886
v -2.4898813 3.5251193 -0.00846529
v 1.9878948 3.5251021 0.76688886
v -2.4898813 3.5251193 0.76688886
v 1.9878948 3.5251021 -0.00846529
v 2.2550552 3.5251002 -0.00846529
v 2.2550552 3.5251002 0.76688886
v 2.2550552 3.5251002 1.4497513
v 2.2550533 3.2595978 1.4497513
v 1.9878929 3.2595997 1.4497513
v 1.9878948 3.5251021 1.4497513
v 1.9878948 3.5251021 0.76688886
v 1.9878948 3.5251021 1.4497513
v 1.9878929 3.2595997 1.4497513
v 1.9878929 3.2595997 0.76688886
v 2.2550533 3.2595978 0.76688886
v 2.2550533 3.2595978 1.4497513
v 2.2550552 3.5251002 1.4497513
v 2.2550552 3.5251002 0.76688886
v 1.9878929 3.2595997 0.76688886
v 1.9878929 3.2595997 1.4497513
v 2.2550533 3.2595978 1.4497513
v 2.2550533 3.2595978 0.76688886
vt 0.41881138 0.15253675
vt 0.41881138 0.15253675
vt 0.44492656 0.25
vt 0.15253676 0.41881138
vt 0.15253676 0.41881138
vt 0.08118869 0.34746325
vt 0.34746328 0.41881138
vt 0.34746328 0.41881138
vt 0.25000003 0.44492656
vt 0.08118869 0.15253675
vt 0.08118869 0.15253675
vt 0.15253675 0.08118869
vt 0.34746328 0.08118869
vt 0.34746328 0.08118869
vt 0.41881138 0.15253675
vt 0.25000003 0.44492656
vt 0.25000003 0.44492656
vt 0.15253676 0.41881138
vt 0.41881132 0.34746325
vt 0.41881132 0.34746325
vt 0.34746328 0.41881138
vt 0.055073492 0.25
vt 0.055073492 0.25
vt 0.08118869 0.15253675
vt 0.25000006 0.055073492
vt 0.25000006 0.055073492
vt 0.34746328 0.08118869
vt 0.44492656 0.25
vt 0.44492656 0.25
vt 0.41881132 0.34746325
vt 0.08118869 0.34746325
vt 0.08118869 0.34746325
vt 0.055073492 0.25
vt 0.15253675 0.08118869
vt 0.15253675 0.08118869
vt 0.25000006 0.055073492
vt 1 0.5
vt 0.9166667 0.5
vt 0.9166667 1
vt 1 1
vt 0.9166667 0.5
vt 0.8333334 0.5
vt 0.8333334 1
vt 0.9166667 1
vt 0.8333334 0.5
vt 0.75000006 0.5
vt 0.75000006 1
vt 0.8333334 1
vt 0.75000006 0.5
vt 0.66666675 0.5
vt 0.66666675 1
vt 0.75000006 1
vt 0.66666675 0.5
vt 0.58333343 0.5
vt 0.58333343 1
vt 0.66666675 1
vt 0.58333343 0.5
vt 0.5000001 0.5
vt 0.5000001 1
vt 0.58333343 1
vt 0.5000001 0.5
vt 0.41666678 0.5
vt 0.41666678 1
vt 0.5000001 1
vt 0.41666678 0.5
vt 0.33333343 0.5
vt 0.33333343 1
vt 0.41666678 1
vt 0.33333343 0.5
vt 0.2500001 0.5
vt 0.2500001 1
vt 0.33333343 1
vt 0.33333343 1
vt 0.2500001 1
vt 0.2500001 0.5
vt 0.16666675 0.5
vt 0.16666675 1
vt 0.2500001 1
vt 0.25000003 0.44492653
vt 0.25000003 0.44492656
vt 0.15253676 0.41881138
vt 0.15253676 0.41881138
vt 0.16666675 0.5
vt 0.08333341 0.5
vt 0.08333341 1
vt 0.16666675 1
vt 0.08333341 0.5
vt 7.4505806E-08 0.5
vt 7.4505806E-08 1
vt 0.08333341 1
vt 0.34746328 0.41881138
vt 0.37 0.4578461
vt 0.4578461 0.37
vt 0.41881132 0.34746325
vt 0.44492653 0.25
vt 0.49 0.25
vt 0.4578461 0.13
vt 0.41881135 0.15253673
vt 0.34746328 0.081188686
vt 0.37 0.04215391
vt 0.25 0.010000005
vt 0.25000003 0.05507349
vt 0.15253675 0.08118869
vt 0.13 0.04215391
vt 0.04215391 0.13
vt 0.0811887 0.15253676
vt 0.055073492 0.25
vt 0.010000005 0.25
vt 0.04215391 0.37
vt 0.081188686 0.34746325
vt 0.15253676 0.41881138
vt 0.13 0.4578461
vt 0.25 0.49
vt 0.25000003 0.44492653
vt 0.41881132 0.34746325
vt 0.41881132 0.34746325
vt 0.34746328 0.41881138
vt 0.34746328 0.41881138
vt 0.055073492 0.25
vt 0.055073492 0.25
vt 0.08118869 0.15253675
vt 0.0811887 0.15253676
vt 0.0811887 0.15253676
vt 0.055073492 0.25
vt 0.0811887 0.15253676
vt 0.25000003 0.05507349
vt 0.25000006 0.055073492
vt 0.34746328 0.08118869
vt 0.34746328 0.081188686
vt 0.44492653 0.25
vt 0.44492656 0.25
vt 0.41881132 0.34746325
vt 0.41881132 0.34746325
vt 0.41881132 0.34746325
vt 0.44492653 0.25
vt 0.44492653 0.25
vt 0.081188686 0.34746325
vt 0.08118869 0.34746325
vt 0.055073492 0.25
vt 0.055073492 0.25
vt 0.15253675 0.08118869
vt 0.15253675 0.08118869
vt 0.25000006 0.055073492
vt 0.25000003 0.05507349
vt 0.25000003 0.05507349
vt 0.15253675 0.08118869
vt 0.25000003 0.05507349
vt 0.41881135 0.15253673
vt 0.41881138 0.15253675
vt 0.44492656 0.25
vt 0.44492653 0.25
vt 0.15253676 0.41881138
vt 0.15253676 0.41881138
vt 0.08118869 0.34746325
vt 0.081188686 0.34746325
vt 0.34746328 0.41881138
vt 0.34746328 0.41881138
vt 0.25000003 0.44492656
vt 0.25000003 0.44492653
vt 0.25000003 0.44492653
vt 0.34746328 0.41881138
vt 0.25000003 0.44492653
vt 0.0811887 0.15253676
vt 0.08118869 0.15253675
vt 0.15253675 0.08118869
vt 0.15253675 0.08118869
vt 0.34746328 0.081188686
vt 0.34746328 0.08118869
vt 0.41881138 0.15253675
vt 0.41881135 0.15253673
vt 0.15253676 0.41881138
vt 0.15253676 0.41881138
vt 0.13 0.4578461
vt 0.13 0.4578461
vt 0.41881135 0.15253673
vt 0.41881135 0.15253673
vt 0.34746328 0.081188686
vt 0.34746328 0.081188686
vt 0.44492653 0.25
vt 0.44492653 0.25
vt 0.49 0.25
vt 0.49 0.25
vt 0.9166667 1
vt 0.9166667 1
vt 1 1
vt 1 1
vt 0.04215391 0.37
vt 0.04215391 0.37
vt 0.081188686 0.34746325
vt 0.081188686 0.34746325
vt 0.25000003 0.44492653
vt 0.25 0.49
vt 0.37 0.4578461
vt 0.34746328 0.41881138
vt 0.41881132 0.34746325
vt 0.4578461 0.37
vt 0.49 0.25
vt 0.44492653 0.25
vt 0.41881135 0.15253673
vt 0.4578461 0.13
vt 0.37 0.04215391
vt 0.34746328 0.081188686
vt 0.25000003 0.05507349
vt 0.25 0.010000005
vt 0.13 0.04215391
vt 0.15253675 0.08118869
vt 0.0811887 0.15253676
vt 0.04215391 0.13
vt 0.010000005 0.25
vt 0.055073492 0.25
vt 0.081188686 0.34746325
vt 0.04215391 0.37
vt 0.13 0.4578461
vt 0.15253676 0.41881138
vt 0.75000006 1
vt 0.75000006 1
vt 0.8333334 1
vt 0.8333334 1
vt 0.4578461 0.13
vt 0.4578461 0.13
vt 0.41881135 0.15253673
vt 0.41881135 0.15253673
vt 0.58333343 1
vt 0.58333343 1
vt 0.66666675 1
vt 0.66666675 1
vt 0.34746328 0.081188686
vt 0.34746328 0.081188686
vt 0.37 0.04215391
vt 0.37 0.04215391
vt 0.41666678 1
vt 0.41666678 1
vt 0.5000001 1
vt 0.5000001 1
vt 0.25 0.010000005
vt 0.25 0.010000005
vt 0.25000003 0.05507349
vt 0.25000003 0.05507349
vt 0.081188686 0.34746325
vt 0.081188686 0.34746325
vt 0.15253676 0.41881138
vt 0.15253676 0.41881138
vt 0.15253675 0.08118869
vt 0.15253675 0.08118869
vt 0.13 0.04215391
vt 0.13 0.04215391
vt 0.25 0.49
vt 0.25 0.49
vt 0.25000003 0.44492653
vt 0.25000003 0.44492653
vt 0.08333341 1
vt 0.08333341 1
vt 0.16666675 1
vt 0.16666675 1
vt 0.04215391 0.13
vt 0.04215391 0.13
vt 0.0811887 0.15253676
vt 0.0811887 0.15253676
vt 0.34746328 0.41881138
vt 0.34746328 0.41881138
vt 0.37 0.4578461
vt 0.37 0.4578461
vt 0.055073492 0.25
vt 0.055073492 0.25
vt 0.010000005 0.25
vt 0.010000005 0.25
vt 0.4578461 0.37
vt 0.4578461 0.37
vt 0.41881132 0.34746325
vt 0.41881132 0.34746325
vt 1 0.5
vt 0.9166667 0.5
vt 0.9166667 1
vt 1 1
vt 0.9166667 0.5
vt 0.8333334 0.5
vt 0.8333334 1
vt 0.9166667 1
vt 0.8333334 0.5
vt 0.75000006 0.5
vt 0.75000006 1
vt 0.8333334 1
vt 0.75000006 0.5
vt 0.66666675 0.5
vt 0.66666675 1
vt 0.75000006 1
vt 0.66666675 0.5
vt 0.58333343 0.5
vt 0.58333343 1
vt 0.66666675 1
vt 0.58333343 0.5
vt 0.5000001 0.5
vt 0.5000001 1
vt 0.58333343 1
vt 0.5000001 0.5
vt 0.41666678 0.5
vt 0.41666678 1
vt 0.5000001 1
vt 0.41666678 0.5
vt 0.33333343 0.5
vt 0.33333343 1
vt 0.41666678 1
vt 0.33333343 0.5
vt 0.2500001 0.5
vt 0.2500001 1
vt 0.33333343 1
vt 0.2500001 0.5
vt 0.16666675 0.5
vt 0.16666675 1
vt 0.2500001 1
vt 0.35073695 0.07551855
vt 0.35073695 0.07551855
vt 0.42448142 0.14926307
vt 0.42448142 0.14926307
vt 0.16666675 0.5
vt 0.08333341 0.5
vt 0.08333341 1
vt 0.16666675 1
vt 0.08333341 0.5
vt 7.4505806E-08 0.5
vt 7.4505806E-08 1
vt 0.08333341 1
vt 0.24999997 0.4514738
vt 0.25 0.49
vt 0.37 0.4578461
vt 0.35073692 0.42448145
vt 0.37 0.4578461
vt 0.37 0.4578461
vt 0.35073692 0.42448145
vt 0.35073692 0.42448145
vt 0.42448145 0.35073692
vt 0.4578461 0.37
vt 0.49 0.25
vt 0.45147386 0.25
vt 0.07551857 0.1492631
vt 0.07551857 0.1492631
vt 0.04215391 0.13
vt 0.04215391 0.13
vt 0.42448142 0.14926307
vt 0.4578461 0.13
vt 0.37 0.04215391
vt 0.35073695 0.07551855
vt 0.35073695 0.07551855
vt 0.35073695 0.07551855
vt 0.25 0.048526183
vt 0.25 0.048526183
vt 0.35073695 0.07551855
vt 0.25 0.048526183
vt 0.25 0.048526183
vt 0.25 0.010000005
vt 0.13 0.04215391
vt 0.14926308 0.07551856
vt 0.24999997 0.4514738
vt 0.24999997 0.4514738
vt 0.25 0.49
vt 0.25 0.49
vt 0.07551857 0.1492631
vt 0.04215391 0.13
vt 0.010000005 0.25
vt 0.04852616 0.24999997
vt 0.66666675 1
vt 0.66666675 1
vt 0.75000006 1
vt 0.75000006 1
vt 0.075518556 0.35073692
vt 0.04215391 0.37
vt 0.13 0.4578461
vt 0.1492631 0.42448145
vt 0.13 0.04215391
vt 0.13 0.04215391
vt 0.14926308 0.07551856
vt 0.14926308 0.07551856
vt 0.35073692 0.42448145
vt 0.42448145 0.35073692
vt 0.45147386 0.25
vt 0.24999997 0.4514738
vt 0.42448142 0.14926307
vt 0.1492631 0.42448145
vt 0.35073695 0.07551855
vt 0.075518556 0.35073692
vt 0.25 0.048526183
vt 0.04852616 0.24999997
vt 0.14926308 0.07551856
vt 0.07551857 0.1492631
vt 0.24999997 0.4514738
vt 0.24999997 0.4514738
vt 0.1492631 0.42448145
vt 0.1492631 0.42448145
vt 0.24999997 0.4514738
vt 0.1492631 0.42448145
vt 0.42448145 0.35073692
vt 0.42448145 0.35073692
vt 0.35073692 0.42448145
vt 0.35073692 0.42448145
vt 0.42448145 0.35073692
vt 0.35073692 0.42448145
vt 0.04852616 0.24999997
vt 0.04852616 0.24999997
vt 0.07551857 0.1492631
vt 0.07551857 0.1492631
vt 0.45147386 0.25
vt 0.45147386 0.25
vt 0.42448145 0.35073692
vt 0.42448145 0.35073692
vt 0.075518556 0.35073692
vt 0.075518556 0.35073692
vt 0.04852616 0.24999997
vt 0.04852616 0.24999997
vt 0.075518556 0.35073692
vt 0.04852616 0.24999997
vt 0.14926308 0.07551856
vt 0.14926308 0.07551856
vt 0.25 0.048526183
vt 0.25 0.048526183
vt 0.42448142 0.14926307
vt 0.42448142 0.14926307
vt 0.45147386 0.25
vt 0.45147386 0.25
vt 0.42448142 0.14926307
vt 0.45147386 0.25
vt 0.1492631 0.42448145
vt 0.1492631 0.42448145
vt 0.075518556 0.35073692
vt 0.075518556 0.35073692
vt 0.35073692 0.42448145
vt 0.35073692 0.42448145
vt 0.24999997 0.4514738
vt 0.24999997 0.4514738
vt 0.07551857 0.1492631
vt 0.07551857 0.1492631
vt 0.14926308 0.07551856
vt 0.14926308 0.07551856
vt 0.07551857 0.1492631
vt 0.14926308 0.07551856
vt 0.1481753 0.07363448
vt 0.1481753 0.07363448
vt 0.25 0.046350636
vt 0.25 0.046350636
vt 1 0.5
vt 0.9166667 0.5
vt 0.9166667 1
vt 1 1
vt 0.9166667 0.5
vt 0.8333334 0.5
vt 0.8333334 1
vt 0.9166667 1
vt 0.8333334 0.5
vt 0.75000006 0.5
vt 0.75000006 1
vt 0.8333334 1
vt 0.75000006 0.5
vt 0.66666675 0.5
vt 0.66666675 1
vt 0.75000006 1
vt 0.66666675 0.5
vt 0.58333343 0.5
vt 0.58333343 1
vt 0.66666675 1
vt 0.58333343 0.5
vt 0.5000001 0.5
vt 0.5000001 1
vt 0.58333343 1
vt 0.5000001 0.5
vt 0.41666678 0.5
vt 0.41666678 1
vt 0.5000001 1
vt 0.41666678 0.5
vt 0.33333343 0.5
vt 0.33333343 1
vt 0.41666678 1
vt 0.33333343 0.5
vt 0.2500001 0.5
vt 0.2500001 1
vt 0.33333343 1
vt 0.2500001 0.5
vt 0.16666675 0.5
vt 0.16666675 1
vt 0.2500001 1
vt 0.16666675 0.5
vt 0.08333341 0.5
vt 0.08333341 1
vt 0.16666675 1
vt 0.08333341 0.5
vt 7.4505806E-08 0.5
vt 7.4505806E-08 1
vt 0.08333341 1
vt 0.07363448 0.35182467
vt 0.13 0.4578461
vt 0.1481753 0.42636552
vt 0.04215391 0.37
vt 0.046350624 0.24999999
vt 0.010000005 0.25
vt 0.073634475 0.14817531
vt 0.04215391 0.13
vt 0.1481753 0.07363448
vt 0.13 0.04215391
vt 0.25 0.046350636
vt 0.25 0.010000005
vt 0.42636558 0.35182473
vt 0.4578461 0.37
vt 0.49 0.25
vt 0.4536494 0.25000003
vt 0.25 0.046350636
vt 0.25 0.046350636
vt 0.25 0.010000005
vt 0.25 0.010000005
vt 0.42636552 0.14817531
vt 0.4578461 0.13
vt 0.37 0.04215391
vt 0.35182467 0.07363447
vt 0.5000001 1
vt 0.5000001 1
vt 0.58333343 1
vt 0.58333343 1
vt 0.3518247 0.42636555
vt 0.3518247 0.42636555
vt 0.42636558 0.35182473
vt 0.42636558 0.35182473
vt 0.3518247 0.42636555
vt 0.42636558 0.35182473
vt 0.1481753 0.42636552
vt 0.1481753 0.42636552
vt 0.25 0.45364943
vt 0.25 0.45364943
vt 0.1481753 0.42636552
vt 0.25 0.45364943
vt 0.25 0.45364943
vt 0.25 0.49
vt 0.37 0.4578461
vt 0.3518247 0.42636555
vt 0.42636558 0.35182473
vt 0.4536494 0.25000003
vt 0.42636552 0.14817531
vt 0.3518247 0.42636555
vt 0.35182467 0.07363447
vt 0.25 0.45364943
vt 0.25 0.046350636
vt 0.1481753 0.42636552
vt 0.1481753 0.07363448
vt 0.07363448 0.35182467
vt 0.073634475 0.14817531
vt 0.046350624 0.24999999
vt 0.4536494 0.25000003
vt 0.4536494 0.25000003
vt 0.42636558 0.35182473
vt 0.42636558 0.35182473
vt 0.25 0.046350636
vt 0.25 0.046350636
vt 0.35182467 0.07363447
vt 0.35182467 0.07363447
vt 0.25 0.046350636
vt 0.35182467 0.07363447
vt 0.046350624 0.24999999
vt 0.046350624 0.24999999
vt 0.073634475 0.14817531
vt 0.073634475 0.14817531
vt 0.1481753 0.42636552
vt 0.1481753 0.42636552
vt 0.07363448 0.35182467
vt 0.07363448 0.35182467
vt 0.35182467 0.07363447
vt 0.35182467 0.07363447
vt 0.42636552 0.14817531
vt 0.42636552 0.14817531
vt 0.073634475 0.14817531
vt 0.073634475 0.14817531
vt 0.1481753 0.07363448
vt 0.1481753 0.07363448
vt 0.3518247 0.42636555
vt 0.3518247 0.42636555
vt 0.25 0.45364943
vt 0.25 0.45364943
vt 0.07363448 0.35182467
vt 0.07363448 0.35182467
vt 0.046350624 0.24999999
vt 0.046350624 0.24999999
vt 0.42636552 0.14817531
vt 0.42636552 0.14817531
vt 0.4536494 0.25000003
vt 0.4536494 0.25000003
vt 0.42636552 0.14817531
vt 0.4536494 0.25000003
vt 0.35073692 0.42448145
vt 0.37 0.4578461
vt 0.4578461 0.37
vt 0.42448145 0.35073692
vt 0.45147386 0.25
vt 0.49 0.25
vt 0.4578461 0.13
vt 0.42448142 0.14926307
vt 0.35073695 0.07551855
vt 0.37 0.04215391
vt 0.25 0.010000005
vt 0.25 0.048526183
vt 0.14926308 0.07551856
vt 0.13 0.04215391
vt 0.04215391 0.13
vt 0.07551857 0.1492631
vt 0.04852616 0.24999997
vt 0.010000005 0.25
vt 0.04215391 0.37
vt 0.075518556 0.35073692
vt 0.1492631 0.42448145
vt 0.13 0.4578461
vt 0.25 0.49
vt 0.24999997 0.4514738
vt 0.8333334 1
vt 0.8333334 1
vt 0.9166667 1
vt 0.9166667 1
vt 0.010000005 0.25
vt 0.010000005 0.25
vt 0.04852616 0.24999997
vt 0.04852616 0.24999997
vt 7.4505806E-08 1
vt 7.4505806E-08 1
vt 0.08333341 1
vt 0.08333341 1
vt 0.42448145 0.35073692
vt 0.42448145 0.35073692
vt 0.4578461 0.37
vt 0.4578461 0.37
vt 0.075518556 0.35073692
vt 0.075518556 0.35073692
vt 0.04215391 0.37
vt 0.04215391 0.37
vt 0.49 0.25
vt 0.49 0.25
vt 0.45147386 0.25
vt 0.45147386 0.25
vt 0.16666675 1
vt 0.16666675 1
vt 0.2500001 1
vt 0.2500001 1
vt 0.13 0.4578461
vt 0.13 0.4578461
vt 0.1492631 0.42448145
vt 0.1492631 0.42448145
vt 0.42448142 0.14926307
vt 0.42448142 0.14926307
vt 0.4578461 0.13
vt 0.4578461 0.13
vt 0.33333343 1
vt 0.33333343 1
vt 0.41666678 1
vt 0.41666678 1
vt 0.37 0.04215391
vt 0.37 0.04215391
vt 0.35073695 0.07551855
vt 0.35073695 0.07551855
vt 0.25 0.048526183
vt 0.25 0.048526183
vt 0.25 0.010000005
vt 0.25 0.010000005
vt 0.5000001 1
vt 0.5000001 1
vt 0.58333343 1
vt 0.58333343 1
vt 0.35182467 0.07363447
vt 0.37 0.04215391
vt 0.25 0.010000005
vt 0.25 0.046350636
vt 0.4536494 0.25000003
vt 0.49 0.25
vt 0.4578461 0.13
vt 0.42636552 0.14817531
vt 0.1481753 0.42636552
vt 0.13 0.4578461
vt 0.25 0.49
vt 0.25 0.45364943
vt 0.3518247 0.42636555
vt 0.37 0.4578461
vt 0.4578461 0.37
vt 0.42636558 0.35182473
vt 0.37 0.04215391
vt 0.37 0.04215391
vt 0.35182467 0.07363447
vt 0.35182467 0.07363447
vt 0.13 0.4578461
vt 0.13 0.4578461
vt 0.1481753 0.42636552
vt 0.1481753 0.42636552
vt 0.42636552 0.14817531
vt 0.42636552 0.14817531
vt 0.4578461 0.13
vt 0.4578461 0.13
vt 7.4505806E-08 1
vt 7.4505806E-08 1
vt 0.08333341 1
vt 0.08333341 1
vt 0.25 0.45364943
vt 0.25 0.45364943
vt 0.25 0.49
vt 0.25 0.49
vt 0.42636558 0.35182473
vt 0.42636558 0.35182473
vt 0.4578461 0.37
vt 0.4578461 0.37
vt 0.9166667 1
vt 0.9166667 1
vt 1 1
vt 1 1
vt 0.37 0.4578461
vt 0.37 0.4578461
vt 0.3518247 0.42636555
vt 0.3518247 0.42636555
vt 0.33333343 1
vt 0.33333343 1
vt 0.41666678 1
vt 0.41666678 1
vt 0.49 0.25
vt 0.49 0.25
vt 0.4536494 0.25000003
vt 0.4536494 0.25000003
vt 0.375 0
vt 0.375 0.25
vt 0.625 0.25
vt 0.625 0
vt 0.375 0.375
vt 0.375 0.5
vt 0.625 0.5
vt 0.625 0.375
vt 0.375 0.25
vt 0.625 0.25
vt 0.375 0.5
vt 0.375 0.75
vt 0.625 0.75
vt 0.625 0.5
vt 0.375 0.875
vt 0.375 1
vt 0.625 1
vt 0.625 0.875
vt 0.375 0.75
vt 0.625 0.75
vt 0.625 0.875
vt 0.625 1
vt 0.625 1
vt 0.625 1
vt 0.625 0.875
vt 0.625 0.75
vt 0.625 0.75
vt 0.625 0.75
vt 0.625 0.75
vt 0.25 0.5
vt 0.375 0.75
vt 0.375 0.5
vt 0.25 0.75
vt 0.125 0.5
vt 0.125 0.75
vt 0.875 0.5
vt 0.875 0.5
vt 0.75000006 0.5
vt 0.75 0.5
vt 0.75 0.5
vt 0.75 0.75
vt 0.875 0.75
vt 0.875 0.5
vt 0.625 0.5
vt 0.625 0.75
vt 0.75 0.75
vt 0.75 0.5
vt 0.875 0.75
vt 0.875 0.75
vt 0.875 0.5
vt 0.875 0.5
vt 0.625 0.375
vt 0.625 0.375
vt 0.625 0.25
vt 0.625 0.25
vt 0.625 0.75
vt 0.625 0.75
vt 0.625 0.5
vt 0.625 0.5
vt 0.625 0.375
vt 0.625 0.25
vt 0.625 0.25
vt 0.62499994 0.375
vt 0.625 0.5
vt 0.625 0.5
vt 0.625 0.25
vt 0.625 0.25
vt 0.625 0
vt 0.625 0
vt 0.75 0.5
vt 0.75000006 0.5
vt 0.625 0.5
vt 0.625 0.5
vt 0.625 0.75
vt 0.625 0.75
vt 0.625 0.5
vt 0.625 0.5
vt 0.625 0.5
vt 0.625 0.5
vt 0.625 0.375
vt 0.625 0.375
vt 0.625 0.5
vt 0.625 0.5
vt 0.625 0.75
vt 0.625 0.75
vt 0.625 0.25
vt 0.625 0.25
vt 0.625 0
vt 0.625 0
vt 0.375 0
vt 0.375 0.25
vt 0.625 0.25
vt 0.625 0
vt 0.375 0.25
vt 0.375 0.5
vt 0.625 0.5
vt 0.625 0.25
vt 0.375 0.5
vt 0.375 0.75
vt 0.625 0.75
vt 0.625 0.5
vt 0.375 0.75
vt 0.375 1
vt 0.625 1
vt 0.625 0.75
vt 0.125 0.5
vt 0.125 0.75
vt 0.375 0.75
vt 0.375 0.5
vt 0.625 0.5
vt 0.625 0.75
vt 0.875 0.75
vt 0.875 0.5
vt 0.375 0
vt 0.375 0.25
vt 0.625 0.25
vt 0.625 0
vt 0.375 0.25
vt 0.375 0.5
vt 0.625 0.5
vt 0.625 0.25
vt 0.375 0.5
vt 0.375 0.75
vt 0.625 0.75
vt 0.625 0.5
vt 0.375 0.75
vt 0.375 1
vt 0.625 1
vt 0.625 0.75
vt 0.125 0.5
vt 0.125 0.75
vt 0.375 0.75
vt 0.375 0.5
vt 0.625 0.5
vt 0.625 0.75
vt 0.875 0.75
vt 0.875 0.5
vt 0.375 0
vt 0.375 0.25
vt 0.625 0.25
vt 0.625 0
vt 0.375 0.25
vt 0.375 0.5
vt 0.625 0.5
vt 0.625 0.25
vt 0.375 0.5
vt 0.375 0.75
vt 0.625 0.75
vt 0.625 0.5
vt 0.375 0.75
vt 0.375 1
vt 0.625 1
vt 0.625 0.75
vt 0.125 0.5
vt 0.125 0.75
vt 0.375 0.75
vt 0.375 0.5
vt 0.625 0.5
vt 0.625 0.75
vt 0.875 0.75
vt 0.875 0.5
vt 0.375 0
vt 0.375 0.25
vt 0.625 0.25
vt 0.625 0
vt 0.375 0.25
vt 0.375 0.5
vt 0.625 0.5
vt 0.625 0.25
vt 0.375 0.5
vt 0.375 0.75
vt 0.625 0.75
vt 0.625 0.5
vt 0.375 0.75
vt 0.375 1
vt 0.625 1
vt 0.625 0.75
vt 0.125 0.5
vt 0.125 0.75
vt 0.375 0.75
vt 0.375 0.5
vt 0.625 0.5
vt 0.625 0.75
vt 0.875 0.75
vt 0.875 0.5
vt 0.375 0
vt 0.375 0.25
vt 0.625 0.25
vt 0.625 0
vt 0.375 0.25
vt 0.375 0.5
vt 0.625 0.5
vt 0.625 0.25
vt 0.375 0.5
vt 0.375 0.75
vt 0.625 0.75
vt 0.625 0.5
vt 0.375 0.75
vt 0.375 1
vt 0.625 1
vt 0.625 0.75
vt 0.125 0.5
vt 0.125 0.75
vt 0.375 0.75
vt 0.375 0.5
vt 0.625 0.5
vt 0.625 0.75
vt 0.875 0.75
vt 0.875 0.5
vt 0.375 0
vt 0.375 0.25
vt 0.625 0.25
vt 0.625 0
vt 0.375 0.25
vt 0.375 0.5
vt 0.625 0.5
vt 0.625 0.25
vt 0.375 0.5
vt 0.375 0.75
vt 0.625 0.75
vt 0.625 0.5
vt 0.375 0.75
vt 0.375 1
vt 0.625 1
vt 0.625 0.75
vt 0.125 0.5
vt 0.125 0.75
vt 0.375 0.75
vt 0.375 0.5
vt 0.625 0.5
vt 0.625 0.75
vt 0.875 0.75
vt 0.875 0.5
vt 0.58461237 0
vt 0.625 0.25
vt 0.625 0
vt 0.58461237 0.25
vt 0.375 0
vt 0.375 0.25
vt 0.58461237 0.25
vt 0.625 0.5
vt 0.625 0.25
vt 0.58461237 0.5
vt 0.375 0.25
vt 0.375 0.5
vt 0.58461237 0.75
vt 0.58461237 0.5
vt 0.58461237 0.5
vt 0.58461237 0.75
vt 0.58461237 0.5
vt 0.58461237 0.75
vt 0.125 0.5
vt 0.125 0.75
vt 0.375 0.75
vt 0.375 0.5
vt 0.625 0.5
vt 0.625 0.75
vt 0.875 0.75
vt 0.875 0.5
vt 0.375 0.75
vt 0.375 1
vt 0.58461237 1
vt 0.58461237 0.75
vt 0.625 1
vt 0.625 0.75
vt 0.58461237 0.75
vt 0.62499994 0.74999994
vt 0.375 0.5
vt 0.375 0.75
vt 0.58461237 0.75
vt 0.58461237 0.5
vt 0.62499994 0.74999994
vt 0.62499994 0.7499999
vt 0.58461237 0.75
vt 0.58461237 0.75
vt 0.58461237 0.5
vt 0.625 0.5
vt 0.625 0.5
vt 0.58461237 0.5
vt 0.625 0.5
vt 0.58461237 0.5
vt 0.625 0.5
vt 0.625 0.5
vt 0.62499994 0.74999994
vt 0.625 0.75
vt 0.625 0.5
vt 0.62499994 0.7499999
vt 0.625 0.5
vt 0.58461237 0.5
vt 0.58461237 0.75
vt 0.62499994 0.7499999
vt 0.625 0.5
vt 0.375 0
vt 0.375 0.25
vt 0.625 0.25
vt 0.625 0
vt 0.375 0.25
vt 0.375 0.5
vt 0.625 0.5
vt 0.625 0.25
vt 0.375 0.5
vt 0.375 0.75
vt 0.625 0.75
vt 0.625 0.5
vt 0.375 0.75
vt 0.375 1
vt 0.625 1
vt 0.625 0.75
vt 0.125 0.5
vt 0.125 0.75
vt 0.375 0.75
vt 0.375 0.5
vt 0.625 0.5
vt 0.625 0.75
vt 0.875 0.75
vt 0.875 0.5
vt 0.375 0
vt 0.375 0.25
vt 0.625 0.25
vt 0.625 0
vt 0.375 0.25
vt 0.375 0.5
vt 0.625 0.5
vt 0.625 0.25
vt 0.375 0.5
vt 0.375 0.75
vt 0.625 0.75
vt 0.625 0.5
vt 0.375 0.75
vt 0.375 1
vt 0.625 1
vt 0.625 0.75
vt 0.125 0.5
vt 0.125 0.75
vt 0.375 0.75
vt 0.375 0.5
vt 0.625 0.5
vt 0.625 0.75
vt 0.875 0.75
vt 0.875 0.5
vt 0.375 0
vt 0.375 0.25
vt 0.625 0.25
vt 0.625 0
vt 0.375 0.25
vt 0.375 0.5
vt 0.625 0.5
vt 0.625 0.25
vt 0.375 0.5
vt 0.375 0.75
vt 0.625 0.75
vt 0.625 0.5
vt 0.375 0.75
vt 0.375 1
vt 0.625 1
vt 0.625 0.75
vt 0.125 0.5
vt 0.125 0.75
vt 0.375 0.75
vt 0.375 0.5
vt 0.625 0.5
vt 0.625 0.75
vt 0.875 0.75
vt 0.875 0.5
vt 0.375 0
vt 0.375 0.25
vt 0.625 0.25
vt 0.625 0
vt 0.31749308 0.44249308
vt 0.31749308 0.8075069
vt 0.6825069 0.8075069
vt 0.6825069 0.44249308
vt 0.6825069 0.44249308
vt 0.6825069 0.8075069
vt 0.32181564 0.8219759
vt 0.375 1
vt 0.625 1
vt 0.6781844 0.8219758
vt 0.31749308 0.8075069
vt 0.6825069 0.8075069
vt 0.6825069 0.8075069
vt 0.6781844 0.8219758
vt 0.30302414 0.44681564
vt 0.31749308 0.8075069
vt 0.31749308 0.44249308
vt 0.30302414 0.8031844
vt 0.125 0.5
vt 0.125 0.75
vt 0.6969759 0.44681564
vt 0.6969758 0.8031844
vt 0.875 0.75
vt 0.875 0.5
vt 0.6825069 0.44249308
vt 0.6825069 0.44249308
vt 0.6969759 0.44681564
vt 0.6969759 0.44681564
vt 0.375 0.25
vt 0.67818433 0.42802414
vt 0.625 0.25
vt 0.32181564 0.42802414
vt 0.31749308 0.44249308
vt 0.6825069 0.44249308
vt 0.32181564 0.42802414
vt 0.31749308 0.44249308
vt 0.6825069 0.44249308
vt 0.67818433 0.42802414
vt 0.6825069 0.44249308
vt 0.6825069 0.8075069
vt 0.6969758 0.8031844
vt 0.6969759 0.44681564
vt 0.6969759 0.44681564
vt 0.6969759 0.44681564
vt 0.6969758 0.8031844
vt 0.6969758 0.8031844
vt 0.375 0
vt 0.375 0.25
vt 0.625 0.25
vt 0.625 0
vt 0.31749308 0.44249308
vt 0.31749308 0.8075069
vt 0.6825069 0.8075069
vt 0.6825069 0.44249308
vt 0.32181564 0.8219759
vt 0.375 1
vt 0.625 1
vt 0.6781844 0.8219758
vt 0.31749308 0.8075069
vt 0.6825069 0.8075069
vt 0.30302414 0.44681564
vt 0.31749308 0.8075069
vt 0.31749308 0.44249308
vt 0.30302414 0.8031844
vt 0.125 0.5
vt 0.125 0.75
vt 0.6969759 0.44681564
vt 0.6969758 0.8031844
vt 0.875 0.75
vt 0.875 0.5
vt 0.6825069 0.44249308
vt 0.6825069 0.44249308
vt 0.6969759 0.44681564
vt 0.6969759 0.44681564
vt 0.375 0.25
vt 0.67818433 0.42802414
vt 0.625 0.25
vt 0.32181564 0.42802414
vt 0.31749308 0.44249308
vt 0.6825069 0.44249308
vt 0.6825069 0.44249308
vt 0.6825069 0.8075069
vt 0.6969758 0.8031844
vt 0.6969759 0.44681564
vt 0.6969759 0.44681564
vt 0.6969759 0.44681564
vt 0.6969758 0.8031844
vt 0.6969758 0.8031844
vt 0.6825069 0.8075069
vt 0.6825069 0.8075069
vt 0.6825069 0.44249308
vt 0.6825069 0.44249308
vt 0.6781844 0.8219758
vt 0.6781844 0.8219758
vt 0.6825069 0.8075069
vt 0.6825069 0.8075069
vn 0.70487124 -0.6073773 0.3664006
vn 0.70487124 -0.6073773 0.3664006
vn 0.70487124 -0.6073773 0.3664006
vn -0.3067482 0.8784396 0.36640045
vn -0.3067482 0.8784396 0.36640045
vn -0.3067482 0.8784396 0.36640045
vn 0.6073775 0.704871 0.36640072
vn 0.6073775 0.704871 0.36640072
vn 0.6073775 0.704871 0.36640072
vn -0.87843966 -0.30674765 0.36640072
vn -0.87843966 -0.30674765 0.36640072
vn -0.87843966 -0.30674765 0.36640072
vn 0.3067482 -0.8784396 0.36640054
vn 0.3067482 -0.8784396 0.36640054
vn 0.3067482 -0.8784396 0.36640054
vn 0.17356846 0.9141251 0.36640042
vn 0.17356846 0.9141251 0.36640042
vn 0.17356846 0.9141251 0.36640042
vn 0.87843966 0.30674824 0.36640042
vn 0.87843966 0.30674824 0.36640042
vn 0.87843966 0.30674824 0.36640042
vn -0.914125 0.17356852 0.3664007
vn -0.914125 0.17356852 0.3664007
vn -0.914125 0.17356852 0.3664007
vn -0.17356856 -0.914125 0.36640063
vn -0.17356856 -0.914125 0.36640063
vn -0.17356856 -0.914125 0.36640063
vn 0.9141252 -0.17356844 0.36640024
vn 0.9141252 -0.17356844 0.36640024
vn 0.9141252 -0.17356844 0.36640024
vn -0.7048711 0.6073772 0.36640093
vn -0.7048711 0.6073772 0.36640093
vn -0.7048711 0.6073772 0.36640093
vn -0.607377 -0.7048714 0.3664007
vn -0.607377 -0.7048714 0.3664007
vn -0.607377 -0.7048714 0.3664007
vn 0.65277284 0.75755376 0
vn 0.65277284 0.75755376 0
vn 0.65277284 0.75755376 0
vn 0.65277284 0.75755376 0
vn 0.9440946 0.32967448 0
vn 0.9440946 0.32967448 0
vn 0.9440946 0.32967448 0
vn 0.9440946 0.32967448 0
vn 0.9824471 -0.18654121 0
vn 0.9824471 -0.18654121 0
vn 0.9824471 -0.18654121 0
vn 0.9824471 -0.18654121 0
vn 0.75755376 -0.6527727 0
vn 0.75755376 -0.6527727 0
vn 0.75755376 -0.6527727 0
vn 0.75755376 -0.6527727 0
vn 0.32967424 -0.9440947 0
vn 0.32967424 -0.9440947 0
vn 0.32967424 -0.9440947 0
vn 0.32967424 -0.9440947 0
vn -0.18654096 -0.9824472 0
vn -0.18654096 -0.9824472 0
vn -0.18654096 -0.9824472 0
vn -0.18654096 -0.9824472 0
vn -0.6527729 -0.75755364 0
vn -0.6527729 -0.75755364 0
vn -0.6527729 -0.75755364 0
vn -0.6527729 -0.75755364 0
vn -0.9440946 -0.32967454 0
vn -0.9440946 -0.32967454 0
vn -0.9440946 -0.32967454 0
vn -0.9440946 -0.32967454 0
vn -0.9824472 0.18654083 0
vn -0.9824472 0.18654083 0
vn -0.9824472 0.18654083 0
vn -0.9824472 0.18654083 0
vn -0.9824472 0.18654083 0
vn -0.9824472 0.18654083 0
vn -0.7575539 0.65277255 0
vn -0.7575539 0.65277255 0
vn -0.7575539 0.65277255 0
vn -0.7575539 0.65277255 0
vn -0.18654092 -0.9824472 0
vn -0.18654092 -0.9824472 0
vn -0.18654092 -0.9824472 0
vn -0.18654092 -0.9824472 0
vn -0.329674 0.9440948 0
vn -0.329674 0.9440948 0
vn -0.329674 0.9440948 0
vn -0.329674 0.9440948 0
vn 0.18654092 0.9824472 0
vn 0.18654092 0.9824472 0
vn 0.18654092 0.9824472 0
vn 0.18654092 0.9824472 0
vn -0 0 1
vn -0 0 1
vn -0 0 1
vn -0 0 1
vn -0 0 1
vn -0 0 1
vn -0 0 1
vn -0 0 1
vn -0 0 1
vn -0 0 1
vn -0 0 1
vn -0 0 1
vn -0 0 1
vn -0 0 1
vn -0 0 1
vn -0 0 1
vn -0 0 1
vn -0 0 1
vn -0 0 1
vn -0 0 1
vn -0 0 1
vn -0 0 1
vn -0 0 1
vn -0 0 1
vn -0.9440947 -0.32967442 0
vn -0.9440947 -0.32967442 0
vn -0.9440947 -0.32967442 0
vn -0.9440947 -0.32967442 0
vn 0.9824472 -0.18654045 0
vn 0.9824472 -0.18654045 0
vn 0.9824472 -0.18654045 0
vn 0.9824472 -0.18654045 0
vn 0.9824472 -0.18654059 0
vn 0.9824472 -0.18654059 0
vn 0.9824472 -0.18654059 0
vn 0.18654105 0.9824471 0
vn 0.18654105 0.9824471 0
vn 0.18654105 0.9824471 0
vn 0.18654105 0.9824471 0
vn -0.9824472 0.18654086 0
vn -0.9824472 0.18654086 0
vn -0.9824472 0.18654086 0
vn -0.9824472 0.18654086 0
vn -0.9824471 0.18654111 0
vn -0.9824471 0.18654111 0
vn -0.9824471 0.18654111 0
vn 0.75755364 -0.65277296 0
vn 0.75755364 -0.65277296 0
vn 0.75755364 -0.65277296 0
vn 0.75755364 -0.65277296 0
vn 0.65277267 0.7575538 0
vn 0.65277267 0.7575538 0
vn 0.65277267 0.7575538 0
vn 0.65277267 0.7575538 0
vn 0.65277207 0.7575543 0
vn 0.65277207 0.7575543 0
vn 0.65277207 0.7575543 0
vn -0.75755376 0.6527728 0
vn -0.75755376 0.6527728 0
vn -0.75755376 0.6527728 0
vn -0.75755376 0.6527728 0
vn 0.32967407 -0.9440948 0
vn 0.32967407 -0.9440948 0
vn 0.32967407 -0.9440948 0
vn 0.32967407 -0.9440948 0
vn -0.6527728 -0.75755376 0
vn -0.6527728 -0.75755376 0
vn -0.6527728 -0.75755376 0
vn -0.6527728 -0.75755376 0
vn -0.65277237 -0.7575541 0
vn -0.65277237 -0.7575541 0
vn -0.65277237 -0.7575541 0
vn 0.9440947 0.32967442 0
vn 0.9440947 0.32967442 0
vn 0.9440947 0.32967442 0
vn 0.9440947 0.32967442 0
vn -0.32967442 0.9440947 0
vn -0.32967442 0.9440947 0
vn -0.32967442 0.9440947 0
vn -0.32967442 0.9440947 0
vn 0.99725145 0.07409149 0
vn 0.99725145 0.07409149 0
vn 0.99725145 0.07409149 0
vn 0.99725145 0.07409149 0
vn -0.32967383 0.9440949 0
vn -0.32967383 0.9440949 0
vn -0.32967383 0.9440949 0
vn -0.32967383 0.9440949 0
vn -0.43446094 -0.9006906 0
vn -0.43446094 -0.9006906 0
vn -0.43446094 -0.9006906 0
vn -0.43446094 -0.9006906 0
vn 0.652773 0.7575536 0
vn 0.652773 0.7575536 0
vn 0.652773 0.7575536 0
vn 0.652773 0.7575536 0
vn -0.8265991 -0.56279117 0
vn -0.8265991 -0.56279117 0
vn -0.8265991 -0.56279117 0
vn -0.8265991 -0.56279117 0
vn -0 0 1
vn -0 0 1
vn -0 0 1
vn -0 0 1
vn -0 0 1
vn -0 0 1
vn -0 0 1
vn -0 0 1
vn -0 0 1
vn -0 0 1
vn -0 0 1
vn -0 0 1
vn -0 0 1
vn -0 0 1
vn -0 0 1
vn -0 0 1
vn -0 0 1
vn -0 0 1
vn -0 0 1
vn -0 0 1
vn -0 0 1
vn -0 0 1
vn -0 0 1
vn -0 0 1
vn 0.9824471 -0.18654124 0
vn 0.9824471 -0.18654124 0
vn 0.9824471 -0.18654124 0
vn 0.9824471 -0.18654124 0
vn 0.82659966 0.5627903 0
vn 0.82659966 0.5627903 0
vn 0.82659966 0.5627903 0
vn 0.82659966 0.5627903 0
vn 0.32967395 -0.9440948 0
vn 0.32967395 -0.9440948 0
vn 0.32967395 -0.9440948 0
vn 0.32967395 -0.9440948 0
vn -0.99725145 -0.07409149 0
vn -0.99725145 -0.07409149 0
vn -0.99725145 -0.07409149 0
vn -0.99725145 -0.07409149 0
vn -0.6527726 -0.757554 0
vn -0.6527726 -0.757554 0
vn -0.6527726 -0.757554 0
vn -0.6527726 -0.757554 0
vn 0.9006905 -0.4344613 0
vn 0.9006905 -0.4344613 0
vn 0.9006905 -0.4344613 0
vn 0.9006905 -0.4344613 0
vn 0.32967448 -0.9440947 0
vn 0.32967448 -0.9440947 0
vn 0.32967448 -0.9440947 0
vn 0.32967448 -0.9440947 0
vn -0.56279135 0.82659894 0
vn -0.56279135 0.82659894 0
vn -0.56279135 0.82659894 0
vn -0.56279135 0.82659894 0
vn -0.9006911 0.43445998 0
vn -0.9006911 0.43445998 0
vn -0.9006911 0.43445998 0
vn -0.9006911 0.43445998 0
vn -0.32967383 0.9440949 0
vn -0.32967383 0.9440949 0
vn -0.32967383 0.9440949 0
vn -0.32967383 0.9440949 0
vn 0.07409134 -0.99725145 0
vn 0.07409134 -0.99725145 0
vn 0.07409134 -0.99725145 0
vn 0.07409134 -0.99725145 0
vn 0.56279004 -0.82659984 0
vn 0.56279004 -0.82659984 0
vn 0.56279004 -0.82659984 0
vn 0.56279004 -0.82659984 0
vn 0.4344613 0.9006905 0
vn 0.4344613 0.9006905 0
vn 0.4344613 0.9006905 0
vn 0.4344613 0.9006905 0
vn -0.07409128 0.99725145 0
vn -0.07409128 0.99725145 0
vn -0.07409128 0.99725145 0
vn -0.07409128 0.99725145 0
vn 0.8402423 0.54221106 0
vn 0.8402423 0.54221106 0
vn 0.8402423 0.54221106 0
vn 0.8402423 0.54221106 0
vn 0.99877673 0.04944708 0
vn 0.99877673 0.04944708 0
vn 0.99877673 0.04944708 0
vn 0.99877673 0.04944708 0
vn 0.8896897 -0.45656592 0
vn 0.8896897 -0.45656592 0
vn 0.8896897 -0.45656592 0
vn 0.8896897 -0.45656592 0
vn 0.5422111 -0.8402423 0
vn 0.5422111 -0.8402423 0
vn 0.5422111 -0.8402423 0
vn 0.5422111 -0.8402423 0
vn 0.049447063 -0.99877673 0
vn 0.049447063 -0.99877673 0
vn 0.049447063 -0.99877673 0
vn 0.049447063 -0.99877673 0
vn -0.4565657 -0.8896897 0
vn -0.4565657 -0.8896897 0
vn -0.4565657 -0.8896897 0
vn -0.4565657 -0.8896897 0
vn -0.8402424 -0.542211 0
vn -0.8402424 -0.542211 0
vn -0.8402424 -0.542211 0
vn -0.8402424 -0.542211 0
vn -0.99877673 -0.04944734 0
vn -0.99877673 -0.04944734 0
vn -0.99877673 -0.04944734 0
vn -0.99877673 -0.04944734 0
vn -0.8896897 0.45656583 0
vn -0.8896897 0.45656583 0
vn -0.8896897 0.45656583 0
vn -0.8896897 0.45656583 0
vn -0.54221064 0.8402427 0
vn -0.54221064 0.8402427 0
vn -0.54221064 0.8402427 0
vn -0.54221064 0.8402427 0
vn -0.04944726 0.99877673 0
vn -0.04944726 0.99877673 0
vn -0.04944726 0.99877673 0
vn -0.04944726 0.99877673 0
vn -0.049447212 0.99877673 0
vn -0.049447212 0.99877673 0
vn -0.049447212 0.99877673 0
vn -0.049447212 0.99877673 0
vn 0.45656592 0.88968956 0
vn 0.45656592 0.88968956 0
vn 0.45656592 0.88968956 0
vn 0.45656592 0.88968956 0
vn -0 0 1
vn -0 0 1
vn -0 0 1
vn -0 0 1
vn -0.30626428 0.9519465 0
vn -0.30626428 0.9519465 0
vn -0.30626428 0.9519465 0
vn -0.30626428 0.9519465 0
vn -0 0 1
vn -0 0 1
vn -0 0 1
vn -0 0 1
vn 0.21074 0.97754216 0
vn 0.21074 0.97754216 0
vn 0.21074 0.97754216 0
vn 0.21074 0.97754216 0
vn -0 0 1
vn -0 0 1
vn -0 0 1
vn -0 0 1
vn 0.4565665 0.88968927 0
vn 0.4565665 0.88968927 0
vn 0.4565665 0.88968927 0
vn 0.4565665 0.88968927 0
vn 0.45656583 0.8896897 0
vn 0.45656583 0.8896897 0
vn -0 0 1
vn -0 0 1
vn -0 0 1
vn -0 0 1
vn 0.7412068 -0.67127675 0
vn 0.7412068 -0.67127675 0
vn 0.7412068 -0.67127675 0
vn 0.7412068 -0.67127675 0
vn -0 0 1
vn -0 0 1
vn -0 0 1
vn -0 0 1
vn 0.54221094 -0.8402424 0
vn 0.54221094 -0.8402424 0
vn 0.54221094 -0.8402424 0
vn 0.54221094 -0.8402424 0
vn -0 0 1
vn -0 0 1
vn -0 0 1
vn -0 0 1
vn 0.30626428 -0.9519465 0
vn 0.30626428 -0.9519465 0
vn 0.30626428 -0.9519465 0
vn 0.30626428 -0.9519465 0
vn -0 0 1
vn -0 0 1
vn -0 0 1
vn -0 0 1
vn -0 0 1
vn -0 0 1
vn -0 0 1
vn -0 0 1
vn -0 0 1
vn -0 0 1
vn -0 0 1
vn -0 0 1
vn -0.45656642 -0.8896894 0
vn -0.45656642 -0.8896894 0
vn -0.45656642 -0.8896894 0
vn -0.45656642 -0.8896894 0
vn -0.45656583 -0.8896897 0
vn -0.45656583 -0.8896897 0
vn -0.99877673 -0.04944748 0
vn -0.99877673 -0.04944748 0
vn -0.99877673 -0.04944748 0
vn -0.99877673 -0.04944748 0
vn -0.99877673 -0.049447402 0
vn -0.99877673 -0.049447402 0
vn 0.88968974 -0.45656553 0
vn 0.88968974 -0.45656553 0
vn 0.88968974 -0.45656553 0
vn 0.88968974 -0.45656553 0
vn -0.8896897 0.4565659 0
vn -0.8896897 0.4565659 0
vn -0.8896897 0.4565659 0
vn -0.8896897 0.4565659 0
vn 0.5422105 -0.8402427 0
vn 0.5422105 -0.8402427 0
vn 0.5422105 -0.8402427 0
vn 0.5422105 -0.8402427 0
vn 0.5422103 -0.8402428 0
vn 0.5422103 -0.8402428 0
vn 0.8402424 0.5422108 0
vn 0.8402424 0.5422108 0
vn 0.8402424 0.5422108 0
vn 0.8402424 0.5422108 0
vn -0.5422109 0.8402424 0
vn -0.5422109 0.8402424 0
vn -0.5422109 0.8402424 0
vn -0.5422109 0.8402424 0
vn -0.542211 0.8402423 0
vn -0.542211 0.8402423 0
vn 0.049447615 -0.99877673 0
vn 0.049447615 -0.99877673 0
vn 0.049447615 -0.99877673 0
vn 0.049447615 -0.99877673 0
vn -0.84024227 -0.5422112 0
vn -0.84024227 -0.5422112 0
vn -0.84024227 -0.5422112 0
vn -0.84024227 -0.5422112 0
vn 0.99877673 0.04944706 0
vn 0.99877673 0.04944706 0
vn 0.99877673 0.04944706 0
vn 0.99877673 0.04944706 0
vn 0.99877673 0.0494471 0
vn 0.99877673 0.0494471 0
vn 0.258819 0.9659258 0
vn 0.258819 0.9659258 0
vn 0.258819 0.9659258 0
vn 0.258819 0.9659258 0
vn -0.2588189 0.9659258 0
vn -0.2588189 0.9659258 0
vn -0.2588189 0.9659258 0
vn -0.2588189 0.9659258 0
vn -0.25881916 -0.9659257 0
vn -0.25881916 -0.9659257 0
vn -0.25881916 -0.9659257 0
vn -0.25881916 -0.9659257 0
vn -0.7071068 0.70710665 0
vn -0.7071068 0.70710665 0
vn -0.7071068 0.70710665 0
vn -0.7071068 0.70710665 0
vn -0.9659258 0.2588191 0
vn -0.9659258 0.2588191 0
vn -0.9659258 0.2588191 0
vn -0.9659258 0.2588191 0
vn 0.9659258 0.25881892 0
vn 0.9659258 0.25881892 0
vn 0.9659258 0.25881892 0
vn 0.9659258 0.25881892 0
vn 0.25881928 -0.9659257 0
vn 0.25881928 -0.9659257 0
vn 0.25881928 -0.9659257 0
vn 0.25881928 -0.9659257 0
vn -0.9659258 -0.2588191 0
vn -0.9659258 -0.2588191 0
vn -0.9659258 -0.2588191 0
vn -0.9659258 -0.2588191 0
vn 0.70710677 0.70710677 0
vn 0.70710677 0.70710677 0
vn 0.70710677 0.70710677 0
vn 0.70710677 0.70710677 0
vn 0.70710665 -0.7071069 0
vn 0.70710665 -0.7071069 0
vn 0.70710665 -0.7071069 0
vn 0.70710665 -0.7071069 0
vn -0.7071067 -0.7071068 0
vn -0.7071067 -0.7071068 0
vn -0.7071067 -0.7071068 0
vn -0.7071067 -0.7071068 0
vn 0.25881904 0.9659258 0
vn 0.25881904 0.9659258 0
vn 0.25881904 0.9659258 0
vn 0.25881904 0.9659258 0
vn 0.9659258 -0.25881892 0
vn 0.9659258 -0.25881892 0
vn 0.9659258 -0.25881892 0
vn 0.9659258 -0.25881892 0
vn -0 0 1
vn -0 0 1
vn -0 0 1
vn -0 0 1
vn -0 0 1
vn -0 0 1
vn -0 0 1
vn -0 0 1
vn -0 0 1
vn -0 0 1
vn -0 0 1
vn -0 0 1
vn -0 0 1
vn -0 0 1
vn -0 0 1
vn -0 0 1
vn -1 0 0
vn -1 0 0
vn -1 0 0
vn -1 0 0
vn -0 0 1
vn -0 0 1
vn -0 0 1
vn -0 0 1
vn 0.25881952 -0.9659257 0
vn 0.25881952 -0.9659257 0
vn 0.25881952 -0.9659257 0
vn 0.25881952 -0.9659257 0
vn -0.70710665 -0.7071068 0
vn -0.70710665 -0.7071068 0
vn -0.70710665 -0.7071068 0
vn -0.70710665 -0.7071068 0
vn -0.70710677 -0.70710677 0
vn -0.70710677 -0.70710677 0
vn 0.25881907 -0.9659258 0
vn 0.25881907 -0.9659258 0
vn 0.25881907 -0.9659258 0
vn 0.25881907 -0.9659258 0
vn 0.2588192 -0.9659257 0
vn 0.2588192 -0.9659257 0
vn -0 0 1
vn -0 0 1
vn -0 0 1
vn -0 0 1
vn -0 0 1
vn -0 0 1
vn -0 0 1
vn -0 0 1
vn -0 0 1
vn -0 0 1
vn -0 0 1
vn -0 0 1
vn -0 0 1
vn -0 0 1
vn -0 0 1
vn -0 0 1
vn -0.9659257 -0.25881925 0
vn -0.9659257 -0.25881925 0
vn -0.9659257 -0.25881925 0
vn -0.9659257 -0.25881925 0
vn -0.25881913 0.9659258 0
vn -0.25881913 0.9659258 0
vn -0.25881913 0.9659258 0
vn -0.25881913 0.9659258 0
vn -0.25881913 0.9659258 0
vn -0.25881913 0.9659258 0
vn 0.9659258 0.25881913 0
vn 0.9659258 0.25881913 0
vn 0.9659258 0.25881913 0
vn 0.9659258 0.25881913 0
vn 0.7071067 -0.7071068 0
vn 0.7071067 -0.7071068 0
vn 0.7071067 -0.7071068 0
vn 0.7071067 -0.7071068 0
vn -0.7071068 0.7071067 0
vn -0.7071068 0.7071067 0
vn -0.7071068 0.7071067 0
vn -0.7071068 0.7071067 0
vn 0.70710677 0.70710677 0
vn 0.70710677 0.70710677 0
vn 0.70710677 0.70710677 0
vn 0.70710677 0.70710677 0
vn -0.2588193 -0.9659257 0
vn -0.2588193 -0.9659257 0
vn -0.2588193 -0.9659257 0
vn -0.2588193 -0.9659257 0
vn 0.9659258 -0.25881913 0
vn 0.9659258 -0.25881913 0
vn 0.9659258 -0.25881913 0
vn 0.9659258 -0.25881913 0
vn -0.9659257 0.25881925 0
vn -0.9659257 0.25881925 0
vn -0.9659257 0.25881925 0
vn -0.9659257 0.25881925 0
vn -0.9659257 0.25881916 0
vn -0.9659257 0.25881916 0
vn -0 0 1
vn -0 0 1
vn -0 0 1
vn -0 0 1
vn -0 0 1
vn -0 0 1
vn -0 0 1
vn -0 0 1
vn -0 0 1
vn -0 0 1
vn -0 0 1
vn -0 0 1
vn -0 0 1
vn -0 0 1
vn -0 0 1
vn -0 0 1
vn -0 0 1
vn -0 0 1
vn -0 0 1
vn -0 0 1
vn -0 0 1
vn -0 0 1
vn -0 0 1
vn -0 0 1
vn 0.99877673 0.049447063 0
vn 0.99877673 0.049447063 0
vn 0.99877673 0.049447063 0
vn 0.99877673 0.049447063 0
vn -0.67127717 -0.7412064 0
vn -0.67127717 -0.7412064 0
vn -0.67127717 -0.7412064 0
vn -0.67127717 -0.7412064 0
vn 0.45656618 0.88968945 0
vn 0.45656618 0.88968945 0
vn 0.45656618 0.88968945 0
vn 0.45656618 0.88968945 0
vn -0.21074003 -0.97754216 0
vn -0.21074003 -0.97754216 0
vn -0.21074003 -0.97754216 0
vn -0.21074003 -0.97754216 0
vn 0.95194644 0.30626446 0
vn 0.95194644 0.30626446 0
vn 0.95194644 0.30626446 0
vn 0.95194644 0.30626446 0
vn 0.6712769 0.74120665 0
vn 0.6712769 0.74120665 0
vn 0.6712769 0.74120665 0
vn 0.6712769 0.74120665 0
vn -0.5422103 0.8402428 0
vn -0.5422103 0.8402428 0
vn -0.5422103 0.8402428 0
vn -0.5422103 0.8402428 0
vn -0.97754204 0.21074046 0
vn -0.97754204 0.21074046 0
vn -0.97754204 0.21074046 0
vn -0.97754204 0.21074046 0
vn -0.95194644 -0.30626452 0
vn -0.95194644 -0.30626452 0
vn -0.95194644 -0.30626452 0
vn -0.95194644 -0.30626452 0
vn -0.99877673 -0.04944723 0
vn -0.99877673 -0.04944723 0
vn -0.99877673 -0.04944723 0
vn -0.99877673 -0.04944723 0
vn 0.97754216 -0.21074009 0
vn 0.97754216 -0.21074009 0
vn 0.97754216 -0.21074009 0
vn 0.97754216 -0.21074009 0
vn -0.74120665 0.6712769 0
vn -0.74120665 0.6712769 0
vn -0.74120665 0.6712769 0
vn -0.74120665 0.6712769 0
vn -0.45656568 -0.8896897 0
vn -0.45656568 -0.8896897 0
vn -0.45656568 -0.8896897 0
vn -0.45656568 -0.8896897 0
vn -0 0 1
vn -0 0 1
vn -0 0 1
vn -0 0 1
vn -0 0 1
vn -0 0 1
vn -0 0 1
vn -0 0 1
vn -0 0 1
vn -0 0 1
vn -0 0 1
vn -0 0 1
vn -0 0 1
vn -0 0 1
vn -0 0 1
vn -0 0 1
vn 0.86602604 0.49999896 0
vn 0.86602604 0.49999896 0
vn 0.86602604 0.49999896 0
vn 0.86602604 0.49999896 0
vn -0.8660257 -0.49999958 0
vn -0.8660257 -0.49999958 0
vn -0.8660257 -0.49999958 0
vn -0.8660257 -0.49999958 0
vn -0.5000002 -0.86602527 0
vn -0.5000002 -0.86602527 0
vn -0.5000002 -0.86602527 0
vn -0.5000002 -0.86602527 0
vn 0.96592593 -0.25881872 0
vn 0.96592593 -0.25881872 0
vn 0.96592593 -0.25881872 0
vn 0.96592593 -0.25881872 0
vn 1 0 0
vn 1 0 0
vn 1 0 0
vn 1 0 0
vn 0.4999997 -0.8660256 0
vn 0.4999997 -0.8660256 0
vn 0.4999997 -0.8660256 0
vn 0.4999997 -0.8660256 0
vn -0.25881907 0.9659258 0
vn -0.25881907 0.9659258 0
vn -0.25881907 0.9659258 0
vn -0.25881907 0.9659258 0
vn -0.86602604 0.49999896 0
vn -0.86602604 0.49999896 0
vn -0.86602604 0.49999896 0
vn -0.86602604 0.49999896 0
vn 0.70710707 0.7071065 0
vn 0.70710707 0.7071065 0
vn 0.70710707 0.7071065 0
vn 0.70710707 0.7071065 0
vn -0 1 0
vn -0 1 0
vn -0 1 0
vn -0 1 0
vn -0 -1 0
vn -0 -1 0
vn -0 -1 0
vn -0 -1 0
vn -1 0 0
vn -1 0 0
vn -1 0 0
vn -1 0 0
vn -1 0 0
vn -1 0 0
vn -0 1 0
vn -0 1 0
vn -0 1 0
vn -0 1 0
vn 1 0 0
vn 1 0 0
vn 1 0 0
vn 1 0 0
vn 1 0 0
vn 1 0 0
vn 1 0 0
vn 1 0 0
vn 1 0 0
vn 1 0 0
vn 1 0 0
vn 1 0 0
vn 1 0 0
vn 1 0 0
vn 1 0 0
vn -0 0 -1
vn -0 0 -1
vn -0 0 -1
vn -0 0 -1
vn -0 0 -1
vn -0 0 -1
vn -0.0936756 -0.48890904 0.8672905
vn -0.0936756 -0.48890904 0.8672905
vn -0.0936756 -0.48890904 0.8672905
vn -0.0936756 -0.48890904 0.8672905
vn -0 -0.4819209 0.8762147
vn -0 -0.4819209 0.8762147
vn -0 -0.4819209 0.8762147
vn -0 -0.4819209 0.8762147
vn -0 0.48192087 0.8762147
vn -0 0.48192087 0.8762147
vn -0 0.48192087 0.8762147
vn -0 0.48192087 0.8762147
vn -0 -0.64521694 0.7639994
vn -0 -0.64521694 0.7639994
vn -0 -0.64521694 0.7639994
vn -0 -0.64521694 0.7639994
vn 0.08628572 0.500529 -0.86140895
vn 0.08628572 0.500529 -0.86140895
vn 0.08628572 0.500529 -0.86140895
vn 0.08628572 0.500529 -0.86140895
vn -0.015833762 0.7615525 -0.64790976
vn -0.015833762 0.7615525 -0.64790976
vn -0.015833762 0.7615525 -0.64790976
vn -0.015833762 0.7615525 -0.64790976
vn -0.99999 -0.003351071 0.0029959306
vn -0.99999 -0.003351071 0.0029959306
vn -0.99999 -0.003351071 0.0029959306
vn -0.99999 -0.003351071 0.0029959306
vn -0.99999 0.0033510658 0.0029959234
vn -0.99999 0.0033510658 0.0029959234
vn -0.01583364 -0.7615535 -0.6479086
vn -0.01583364 -0.7615535 -0.6479086
vn -0.01583364 -0.7615535 -0.6479086
vn -0.01583364 -0.7615535 -0.6479086
vn -0.093674175 0.48890916 0.8672907
vn -0.093674175 0.48890916 0.8672907
vn -0.093674175 0.48890916 0.8672907
vn -0.093674175 0.48890916 0.8672907
vn -0 -0.6452161 -0.764
vn -0 -0.6452161 -0.764
vn -0 -0.6452161 -0.764
vn -0 -0.6452161 -0.764
vn 0.086285725 -0.500529 -0.86140907
vn 0.086285725 -0.500529 -0.86140907
vn 0.086285725 -0.500529 -0.86140907
vn 0.086285725 -0.500529 -0.86140907
vn -0 0.64521605 0.7640002
vn -0 0.64521605 0.7640002
vn -0 0.64521605 0.7640002
vn -0 0.64521605 0.7640002
vn -0 0.645217 -0.76399934
vn -0 0.645217 -0.76399934
vn -0 0.645217 -0.76399934
vn -0 0.645217 -0.76399934
vn -0 -1 0
vn -0 -1 0
vn -0 -1 0
vn -0 -1 0
vn -1 0 0
vn -1 0 0
vn -1 0 0
vn -1 0 0
vn -0 1 0
vn -0 1 0
vn -0 1 0
vn -0 1 0
vn 1 0 0
vn 1 0 0
vn 1 0 0
vn 1 0 0
vn -0 0 -1
vn -0 0 -1
vn -0 0 -1
vn -0 0 -1
vn -0 0 1
vn -0 0 1
vn -0 0 1
vn -0 0 1
vn -0 -1 0
vn -0 -1 0
vn -0 -1 0
vn -0 -1 0
vn -1 0 0
vn -1 0 0
vn -1 0 0
vn -1 0 0
vn -0 1 0
vn -0 1 0
vn -0 1 0
vn -0 1 0
vn 1 0 0
vn 1 0 0
vn 1 0 0
vn 1 0 0
vn -0 0 -1
vn -0 0 -1
vn -0 0 -1
vn -0 0 -1
vn -0 0 1
vn -0 0 1
vn -0 0 1
vn -0 0 1
vn -0 -1 0
vn -0 -1 0
vn -0 -1 0
vn -0 -1 0
vn -1 0 0
vn -1 0 0
vn -1 0 0
vn -1 0 0
vn -0 1 0
vn -0 1 0
vn -0 1 0
vn -0 1 0
vn 1 0 0
vn 1 0 0
vn 1 0 0
vn 1 0 0
vn -0 0 -1
vn -0 0 -1
vn -0 0 -1
vn -0 0 -1
vn -0 0 1
vn -0 0 1
vn -0 0 1
vn -0 0 1
vn -0 -1 0
vn -0 -1 0
vn -0 -1 0
vn -0 -1 0
vn -1 0 0
vn -1 0 0
vn -1 0 0
vn -1 0 0
vn -0 1 0
vn -0 1 0
vn -0 1 0
vn -0 1 0
vn 1 0 0
vn 1 0 0
vn 1 0 0
vn 1 0 0
vn -0 0 -1
vn -0 0 -1
vn -0 0 -1
vn -0 0 -1
vn -0 0 1
vn -0 0 1
vn -0 0 1
vn -0 0 1
vn -0 -1 0
vn -0 -1 0
vn -0 -1 0
vn -0 -1 0
vn -1 0 0
vn -1 0 0
vn -1 0 0
vn -1 0 0
vn -0 1 0
vn -0 1 0
vn -0 1 0
vn -0 1 0
vn 1 0 0
vn 1 0 0
vn 1 0 0
vn 1 0 0
vn -0 0 -1
vn -0 0 -1
vn -0 0 -1
vn -0 0 -1
vn -0 0 1
vn -0 0 1
vn -0 0 1
vn -0 0 1
vn -0 -1 0
vn -0 -1 0
vn -0 -1 0
vn -0 -1 0
vn -1 0 0
vn -1 0 0
vn -1 0 0
vn -1 0 0
vn -0 1 0
vn -0 1 0
vn -0 1 0
vn -0 1 0
vn 1 0 0
vn 1 0 0
vn 1 0 0
vn 1 0 0
vn -0 0 -1
vn -0 0 -1
vn -0 0 -1
vn -0 0 -1
vn -0 0 1
vn -0 0 1
vn -0 0 1
vn -0 0 1
vn -0.542412 0.84011257 0
vn -0.542412 0.84011257 0
vn -0.542412 0.84011257 0
vn -0.542412 0.84011257 0
vn -0.5424125 0.8401123 0
vn -0.5424125 0.8401123 0
vn 0.8401183 0.54240316 0
vn 0.8401183 0.54240316 0
vn 0.8401183 0.54240316 0
vn 0.8401183 0.54240316 0
vn 0.8401181 0.5424035 0
vn 0.8401181 0.5424035 0
vn -0.14277567 0.22115315 -0.9647312
vn -0.14277567 0.22115315 -0.9647312
vn -0.14277567 0.22115315 -0.9647312
vn -0.14277567 0.22115315 -0.9647312
vn -0.13490327 0.20894861 -0.9685771
vn -0.13490327 0.20894861 -0.9685771
vn -0 0 -1
vn -0 0 -1
vn -0 0 -1
vn -0 0 -1
vn -0 0 1
vn -0 0 1
vn -0 0 1
vn -0 0 1
vn -0.8401214 -0.5423984 0
vn -0.8401214 -0.5423984 0
vn -0.8401209 -0.54239917 0
vn -0.8401209 -0.54239917 0
vn -0.8401209 -0.54239917 0
vn -0.8401209 -0.54239917 0
vn -0.8195059 -0.5730708 0
vn -0.8195059 -0.5730708 0
vn 0.5423909 -0.8401263 0
vn 0.5423909 -0.8401263 0
vn 0.5423909 -0.8401263 0
vn 0.5423909 -0.8401263 0
vn -0.83018136 -0.55749345 0
vn -0.83018136 -0.55749345 0
vn -0.83018136 -0.55749345 0
vn -0.83018136 -0.55749345 0
vn 0.8595836 0.510995 0
vn 0.8595836 0.510995 0
vn 0.8595836 0.510995 0
vn 0.8595836 0.510995 0
vn 0.8497825 0.5271333 0
vn 0.8497825 0.5271333 0
vn 0.2460854 -0.38116854 0.8911524
vn 0.2460854 -0.38116854 0.8911524
vn 0.2460854 -0.38116854 0.8911524
vn 0.2460854 -0.38116854 0.8911524
vn 0.23435365 -0.36300188 0.9018359
vn 0.23435365 -0.36300188 0.9018359
vn 0.23435365 -0.36300188 0.9018359
vn 0.54239243 -0.84012526 0
vn 0.54239243 -0.84012526 0
vn 0.54239243 -0.84012526 0
vn 0.54239243 -0.84012526 0
vn -0.94620097 0.3235794 0
vn -0.94620097 0.3235794 0
vn -0.94620097 0.3235794 0
vn -0.94620097 0.3235794 0
vn 0.3235794 0.94620097 0
vn 0.3235794 0.94620097 0
vn 0.3235794 0.94620097 0
vn 0.3235794 0.94620097 0
vn 0.94620097 -0.32357943 0
vn 0.94620097 -0.32357943 0
vn 0.94620097 -0.32357943 0
vn 0.94620097 -0.32357943 0
vn -0.3235793 -0.9462011 0
vn -0.3235793 -0.9462011 0
vn -0.3235793 -0.9462011 0
vn -0.3235793 -0.9462011 0
vn -0 0 -1
vn -0 0 -1
vn -0 0 -1
vn -0 0 -1
vn -0 0 1
vn -0 0 1
vn -0 0 1
vn -0 0 1
vn -0.99957305 -0.029216712 0
vn -0.99957305 -0.029216712 0
vn -0.99957305 -0.029216712 0
vn -0.99957305 -0.029216712 0
vn -0.029216744 0.99957305 0
vn -0.029216744 0.99957305 0
vn -0.029216744 0.99957305 0
vn -0.029216744 0.99957305 0
vn 0.99957305 0.02921754 0
vn 0.99957305 0.02921754 0
vn 0.99957305 0.02921754 0
vn 0.99957305 0.02921754 0
vn 0.029216718 -0.99957305 0
vn 0.029216718 -0.99957305 0
vn 0.029216718 -0.99957305 0
vn 0.029216718 -0.99957305 0
vn -0 0 -1
vn -0 0 -1
vn -0 0 -1
vn -0 0 -1
vn -0 0 1
vn -0 0 1
vn -0 0 1
vn -0 0 1
vn -0.54141724 -0.8407541 0
vn -0.54141724 -0.8407541 0
vn -0.54141724 -0.8407541 0
vn -0.54141724 -0.8407541 0
vn -0.84075403 0.5414173 0
vn -0.84075403 0.5414173 0
vn -0.84075403 0.5414173 0
vn -0.84075403 0.5414173 0
vn 0.5414181 0.8407535 0
vn 0.5414181 0.8407535 0
vn 0.5414181 0.8407535 0
vn 0.5414181 0.8407535 0
vn 0.84075445 -0.54141665 0
vn 0.84075445 -0.54141665 0
vn 0.84075445 -0.54141665 0
vn 0.84075445 -0.54141665 0
vn -0 0 -1
vn -0 0 -1
vn -0 0 -1
vn -0 0 -1
vn -0 0 1
vn -0 0 1
vn -0 0 1
vn -0 0 1
vn -0 -1 0
vn -0 -1 0
vn -0 -1 0
vn -0 -1 0
vn -0 1 0
vn -0 1 0
vn -0 1 0
vn -0 1 0
vn -0 1 0
vn -0 1 0
vn 1 0 0
vn 1 0 0
vn 1 0 0
vn 1 0 0
vn 1 0 0
vn 1 0 0
vn 1 0 0
vn 1 0 0
vn -0 0 -1
vn -0 0 -1
vn -0 0 -1
vn -0 0 -1
vn -0 0 -1
vn -0 0 -1
vn -0 0 1
vn -0 0 1
vn -0 0 1
vn -0 0 1
vn -1 0 0
vn -1 0 0
vn -1 0 0
vn -1 0 0
vn -1 0 0
vn -1 0 0
vn -1 0 0
vn -1 0 0
vn -1 0 0
vn -1 0 0
vn -1 0 0
vn -1 0 0
vn -1 0 0
vn -1 0 0
vn -0 0 1
vn -0 0 1
vn -0 0 1
vn -0 0 1
vn -0 -1 0
vn -0 -1 0
vn -0 -1 0
vn -0 -1 0
vn -1 0 0
vn -1 0 0
vn -1 0 0
vn -1 0 0
vn 1 0 0
vn 1 0 0
vn 1 0 0
vn 1 0 0
vn -0 -1 0
vn -0 -1 0
vn -0 -1 0
vn -0 -1 0
vn -0 -1 0
vn -0 -1 0
vn -0 0 -1
vn -0 0 -1
vn -0 0 -1
vn -0 0 -1
vn -0 0 -1
vn -0 0 -1
vn -0 0 1
vn -0 0 1
vn -0 0 1
vn -0 0 1
vn -0 1 0
vn -0 1 0
vn -0 1 0
vn -0 1 0
vn -0 1 0
vn -0 1 0
vn -0 1 0
vn -0 1 0
vn -0 1 0
vn -0 1 0
vn -0 0 1
vn -0 0 1
vn -0 0 1
vn -0 0 1
vn -1 0 0
vn -1 0 0
vn -1 0 0
vn -1 0 0
vn 1 0 0
vn 1 0 0
vn 1 0 0
vn 1 0 0
vn -0 -1 0
vn -0 -1 0
vn -0 -1 0
vn -0 -1 0
g Heroes Quarters Lvll2_0
f 3/3/3 2/2/2 1/1/1
f 6/6/6 5/5/5 4/4/4
f 9/9/9 8/8/8 7/7/7
f 12/12/12 11/11/11 10/10/10
f 15/15/15 14/14/14 13/13/13
f 18/18/18 17/17/17 16/16/16
f 21/21/21 20/20/20 19/19/19
f 24/24/24 23/23/23 22/22/22
f 27/27/27 26/26/26 25/25/25
f 30/30/30 29/29/29 28/28/28
f 33/33/33 32/32/32 31/31/31
f 36/36/36 35/35/35 34/34/34
f 39/39/39 38/38/38 37/37/37
f 40/40/40 39/39/39 37/37/37
f 43/43/43 42/42/42 41/41/41
f 44/44/44 43/43/43 41/41/41
f 47/47/47 46/46/46 45/45/45
f 48/48/48 47/47/47 45/45/45
f 51/51/51 50/50/50 49/49/49
f 52/52/52 51/51/51 49/49/49
f 55/55/55 54/54/54 53/53/53
f 56/56/56 55/55/55 53/53/53
f 59/59/59 58/58/58 57/57/57
f 60/60/60 59/59/59 57/57/57
f 63/63/63 62/62/62 61/61/61
f 64/64/64 63/63/63 61/61/61
f 67/67/67 66/66/66 65/65/65
f 68/68/68 67/67/67 65/65/65
f 71/71/71 70/70/70 69/69/69
f 72/72/72 71/71/71 69/69/69
f 72/72/72 73/73/73 71/71/71
f 73/73/73 74/74/74 71/71/71
f 77/77/77 76/76/76 75/75/75
f 78/78/78 77/77/77 75/75/75
f 81/81/81 80/80/80 79/79/79
f 82/82/82 81/81/81 79/79/79
f 85/85/85 84/84/84 83/83/83
f 86/86/86 85/85/85 83/83/83
f 89/89/89 88/88/88 87/87/87
f 90/90/90 89/89/89 87/87/87
f 93/93/93 92/92/92 91/91/91
f 94/94/94 93/93/93 91/91/91
f 97/97/97 96/96/96 95/95/95
f 98/98/98 97/97/97 95/95/95
f 101/101/101 100/100/100 99/99/99
f 102/102/102 101/101/101 99/99/99
f 105/105/105 104/104/104 103/103/103
f 106/106/106 105/105/105 103/103/103
f 109/109/109 108/108/108 107/107/107
f 110/110/110 109/109/109 107/107/107
f 113/113/113 112/112/112 111/111/111
f 114/114/114 113/113/113 111/111/111
f 117/117/117 116/116/116 115/115/115
f 118/118/118 117/117/117 115/115/115
f 121/121/121 120/120/120 119/119/119
f 122/122/122 121/121/121 119/119/119
f 119/119/119 124/124/124 123/123/123
f 124/124/124 125/125/125 123/123/123
f 128/128/128 127/127/127 126/126/126
f 129/129/129 128/128/128 126/126/126
f 132/132/132 131/131/131 130/130/130
f 133/133/133 132/132/132 130/130/130
f 135/135/135 134/134/134 133/133/133
f 136/136/136 135/135/135 133/133/133
f 139/139/139 138/138/138 137/137/137
f 140/140/140 139/139/139 137/137/137
f 143/143/143 142/142/142 141/141/141
f 144/144/144 143/143/143 141/141/141
f 141/141/141 146/146/146 145/145/145
f 146/146/146 147/147/147 145/145/145
f 150/150/150 149/149/149 148/148/148
f 151/151/151 150/150/150 148/148/148
f 154/154/154 153/153/153 152/152/152
f 155/155/155 154/154/154 152/152/152
f 158/158/158 157/157/157 156/156/156
f 159/159/159 158/158/158 156/156/156
f 156/156/156 161/161/161 160/160/160
f 161/161/161 162/162/162 160/160/160
f 165/165/165 164/164/164 163/163/163
f 166/166/166 165/165/165 163/163/163
f 169/169/169 168/168/168 167/167/167
f 170/170/170 169/169/169 167/167/167
f 173/173/173 172/172/172 171/171/171
f 174/174/174 173/173/173 171/171/171
f 177/177/177 176/176/176 175/175/175
f 178/178/178 177/177/177 175/175/175
f 181/181/181 180/180/180 179/179/179
f 182/182/182 181/181/181 179/179/179
f 185/185/185 184/184/184 183/183/183
f 186/186/186 185/185/185 183/183/183
f 189/189/189 188/188/188 187/187/187
f 190/190/190 189/189/189 187/187/187
f 193/193/193 192/192/192 191/191/191
f 194/194/194 193/193/193 191/191/191
f 197/197/197 196/196/196 195/195/195
f 198/198/198 197/197/197 195/195/195
f 201/201/201 200/200/200 199/199/199
f 202/202/202 201/201/201 199/199/199
f 205/205/205 204/204/204 203/203/203
f 206/206/206 205/205/205 203/203/203
f 209/209/209 208/208/208 207/207/207
f 210/210/210 209/209/209 207/207/207
f 213/213/213 212/212/212 211/211/211
f 214/214/214 213/213/213 211/211/211
f 217/217/217 216/216/216 215/215/215
f 218/218/218 217/217/217 215/215/215
f 221/221/221 220/220/220 219/219/219
f 222/222/222 221/221/221 219/219/219
f 225/225/225 224/224/224 223/223/223
f 226/226/226 225/225/225 223/223/223
f 229/229/229 228/228/228 227/227/227
f 230/230/230 229/229/229 227/227/227
f 233/233/233 232/232/232 231/231/231
f 234/234/234 233/233/233 231/231/231
f 237/237/237 236/236/236 235/235/235
f 238/238/238 237/237/237 235/235/235
f 241/241/241 240/240/240 239/239/239
f 242/242/242 241/241/241 239/239/239
f 245/245/245 244/244/244 243/243/243
f 246/246/246 245/245/245 243/243/243
f 249/249/249 248/248/248 247/247/247
f 250/250/250 249/249/249 247/247/247
f 253/253/253 252/252/252 251/251/251
f 254/254/254 253/253/253 251/251/251
f 257/257/257 256/256/256 255/255/255
f 258/258/258 257/257/257 255/255/255
f 261/261/261 260/260/260 259/259/259
f 262/262/262 261/261/261 259/259/259
f 265/265/265 264/264/264 263/263/263
f 266/266/266 265/265/265 263/263/263
f 269/269/269 268/268/268 267/267/267
f 270/270/270 269/269/269 267/267/267
f 273/273/273 272/272/272 271/271/271
f 274/274/274 273/273/273 271/271/271
f 277/277/277 276/276/276 275/275/275
f 278/278/278 277/277/277 275/275/275
f 281/281/281 280/280/280 279/279/279
f 282/282/282 281/281/281 279/279/279
f 285/285/285 284/284/284 283/283/283
f 286/286/286 285/285/285 283/283/283
f 289/289/289 288/288/288 287/287/287
f 290/290/290 289/289/289 287/287/287
f 293/293/293 292/292/292 291/291/291
f 294/294/294 293/293/293 291/291/291
f 297/297/297 296/296/296 295/295/295
f 298/298/298 297/297/297 295/295/295
f 301/301/301 300/300/300 299/299/299
f 302/302/302 301/301/301 299/299/299
f 305/305/305 304/304/304 303/303/303
f 306/306/306 305/305/305 303/303/303
f 309/309/309 308/308/308 307/307/307
f 310/310/310 309/309/309 307/307/307
f 313/313/313 312/312/312 311/311/311
f 314/314/314 313/313/313 311/311/311
f 317/317/317 316/316/316 315/315/315
f 318/318/318 317/317/317 315/315/315
f 321/321/321 320/320/320 319/319/319
f 322/322/322 321/321/321 319/319/319
f 325/325/325 324/324/324 323/323/323
f 326/326/326 325/325/325 323/323/323
f 329/329/329 328/328/328 327/327/327
f 330/330/330 329/329/329 327/327/327
f 333/333/333 332/332/332 331/331/331
f 334/334/334 333/333/333 331/331/331
f 337/337/337 336/336/336 335/335/335
f 338/338/338 337/337/337 335/335/335
f 341/341/341 340/340/340 339/339/339
f 342/342/342 341/341/341 339/339/339
f 345/345/345 344/344/344 343/343/343
f 346/346/346 345/345/345 343/343/343
f 343/343/343 347/347/347 346/346/346
f 347/347/347 348/348/348 346/346/346
f 351/351/351 350/350/350 349/349/349
f 352/352/352 351/351/351 349/349/349
f 355/355/355 354/354/354 353/353/353
f 356/356/356 355/355/355 353/353/353
f 359/359/359 358/358/358 357/357/357
f 360/360/360 359/359/359 357/357/357
f 363/363/363 362/362/362 361/361/361
f 364/364/364 363/363/363 361/361/361
f 367/367/367 366/366/366 365/365/365
f 368/368/368 367/367/367 365/365/365
f 371/371/371 370/370/370 369/369/369
f 372/372/372 371/371/371 369/369/369
f 375/375/375 374/374/374 373/373/373
f 373/373/373 376/376/376 375/375/375
f 376/376/376 377/377/377 375/375/375
f 376/376/376 378/378/378 377/377/377
f 378/378/378 379/379/379 377/377/377
f 378/378/378 380/380/380 379/379/379
f 380/380/380 381/381/381 379/379/379
f 380/380/380 382/382/382 381/381/381
f 382/382/382 383/383/383 381/381/381
f 382/382/382 384/384/384 383/383/383
f 387/387/387 386/386/386 385/385/385
f 388/388/388 387/387/387 385/385/385
f 385/385/385 389/389/389 388/388/388
f 389/389/389 390/390/390 388/388/388
f 393/393/393 392/392/392 391/391/391
f 394/394/394 393/393/393 391/391/391
f 391/391/391 395/395/395 394/394/394
f 395/395/395 396/396/396 394/394/394
f 399/399/399 398/398/398 397/397/397
f 400/400/400 399/399/399 397/397/397
f 403/403/403 402/402/402 401/401/401
f 404/404/404 403/403/403 401/401/401
f 407/407/407 406/406/406 405/405/405
f 408/408/408 407/407/407 405/405/405
f 405/405/405 409/409/409 408/408/408
f 409/409/409 410/410/410 408/408/408
f 413/413/413 412/412/412 411/411/411
f 414/414/414 413/413/413 411/411/411
f 417/417/417 416/416/416 415/415/415
f 418/418/418 417/417/417 415/415/415
f 415/415/415 419/419/419 418/418/418
f 419/419/419 420/420/420 418/418/418
f 423/423/423 422/422/422 421/421/421
f 424/424/424 423/423/423 421/421/421
f 427/427/427 426/426/426 425/425/425
f 428/428/428 427/427/427 425/425/425
f 431/431/431 430/430/430 429/429/429
f 432/432/432 431/431/431 429/429/429
f 429/429/429 433/433/433 432/432/432
f 433/433/433 434/434/434 432/432/432
f 437/437/437 436/436/436 435/435/435
f 438/438/438 437/437/437 435/435/435
f 441/441/441 440/440/440 439/439/439
f 442/442/442 441/441/441 439/439/439
f 445/445/445 444/444/444 443/443/443
f 446/446/446 445/445/445 443/443/443
f 449/449/449 448/448/448 447/447/447
f 450/450/450 449/449/449 447/447/447
f 453/453/453 452/452/452 451/451/451
f 454/454/454 453/453/453 451/451/451
f 457/457/457 456/456/456 455/455/455
f 458/458/458 457/457/457 455/455/455
f 461/461/461 460/460/460 459/459/459
f 462/462/462 461/461/461 459/459/459
f 465/465/465 464/464/464 463/463/463
f 466/466/466 465/465/465 463/463/463
f 469/469/469 468/468/468 467/467/467
f 470/470/470 469/469/469 467/467/467
f 473/473/473 472/472/472 471/471/471
f 474/474/474 473/473/473 471/471/471
f 477/477/477 476/476/476 475/475/475
f 478/478/478 477/477/477 475/475/475
f 481/481/481 480/480/480 479/479/479
f 482/482/482 481/481/481 479/479/479
f 485/485/485 484/484/484 483/483/483
f 486/486/486 485/485/485 483/483/483
f 489/489/489 488/488/488 487/487/487
f 488/488/488 490/490/490 487/487/487
f 487/487/487 490/490/490 491/491/491
f 490/490/490 492/492/492 491/491/491
f 491/491/491 492/492/492 493/493/493
f 492/492/492 494/494/494 493/493/493
f 493/493/493 494/494/494 495/495/495
f 494/494/494 496/496/496 495/495/495
f 495/495/495 496/496/496 497/497/497
f 496/496/496 498/498/498 497/497/497
f 501/501/501 500/500/500 499/499/499
f 502/502/502 501/501/501 499/499/499
f 505/505/505 504/504/504 503/503/503
f 506/506/506 505/505/505 503/503/503
f 509/509/509 508/508/508 507/507/507
f 510/510/510 509/509/509 507/507/507
f 513/513/513 512/512/512 511/511/511
f 514/514/514 513/513/513 511/511/511
f 517/517/517 516/516/516 515/515/515
f 518/518/518 517/517/517 515/515/515
f 515/515/515 519/519/519 518/518/518
f 519/519/519 520/520/520 518/518/518
f 523/523/523 522/522/522 521/521/521
f 524/524/524 523/523/523 521/521/521
f 521/521/521 525/525/525 524/524/524
f 525/525/525 526/526/526 524/524/524
f 529/529/529 528/528/528 527/527/527
f 530/530/530 529/529/529 527/527/527
f 533/533/533 532/532/532 531/531/531
f 531/531/531 534/534/534 533/533/533
f 534/534/534 535/535/535 533/533/533
f 534/534/534 536/536/536 535/535/535
f 536/536/536 537/537/537 535/535/535
f 536/536/536 538/538/538 537/537/537
f 538/538/538 539/539/539 537/537/537
f 538/538/538 540/540/540 539/539/539
f 540/540/540 541/541/541 539/539/539
f 540/540/540 542/542/542 541/541/541
f 545/545/545 544/544/544 543/543/543
f 546/546/546 545/545/545 543/543/543
f 549/549/549 548/548/548 547/547/547
f 550/550/550 549/549/549 547/547/547
f 547/547/547 551/551/551 550/550/550
f 551/551/551 552/552/552 550/550/550
f 555/555/555 554/554/554 553/553/553
f 556/556/556 555/555/555 553/553/553
f 559/559/559 558/558/558 557/557/557
f 560/560/560 559/559/559 557/557/557
f 563/563/563 562/562/562 561/561/561
f 564/564/564 563/563/563 561/561/561
f 567/567/567 566/566/566 565/565/565
f 568/568/568 567/567/567 565/565/565
f 571/571/571 570/570/570 569/569/569
f 572/572/572 571/571/571 569/569/569
f 575/575/575 574/574/574 573/573/573
f 576/576/576 575/575/575 573/573/573
f 579/579/579 578/578/578 577/577/577
f 580/580/580 579/579/579 577/577/577
f 577/577/577 581/581/581 580/580/580
f 581/581/581 582/582/582 580/580/580
f 585/585/585 584/584/584 583/583/583
f 586/586/586 585/585/585 583/583/583
f 589/589/589 588/588/588 587/587/587
f 590/590/590 589/589/589 587/587/587
f 593/593/593 592/592/592 591/591/591
f 594/594/594 593/593/593 591/591/591
f 597/597/597 596/596/596 595/595/595
f 598/598/598 597/597/597 595/595/595
f 601/601/601 600/600/600 599/599/599
f 602/602/602 601/601/601 599/599/599
f 605/605/605 604/604/604 603/603/603
f 606/606/606 605/605/605 603/603/603
f 609/609/609 608/608/608 607/607/607
f 610/610/610 609/609/609 607/607/607
f 613/613/613 612/612/612 611/611/611
f 614/614/614 613/613/613 611/611/611
f 617/617/617 616/616/616 615/615/615
f 618/618/618 617/617/617 615/615/615
f 621/621/621 620/620/620 619/619/619
f 622/622/622 621/621/621 619/619/619
f 625/625/625 624/624/624 623/623/623
f 626/626/626 625/625/625 623/623/623
f 629/629/629 628/628/628 627/627/627
f 630/630/630 629/629/629 627/627/627
f 633/633/633 632/632/632 631/631/631
f 634/634/634 633/633/633 631/631/631
f 637/637/637 636/636/636 635/635/635
f 638/638/638 637/637/637 635/635/635
f 641/641/641 640/640/640 639/639/639
f 642/642/642 641/641/641 639/639/639
f 645/645/645 644/644/644 643/643/643
f 646/646/646 645/645/645 643/643/643
f 649/649/649 648/648/648 647/647/647
f 650/650/650 649/649/649 647/647/647
f 653/653/653 652/652/652 651/651/651
f 654/654/654 653/653/653 651/651/651
f 657/657/657 656/656/656 655/655/655
f 658/658/658 657/657/657 655/655/655
f 661/661/661 660/660/660 659/659/659
f 662/662/662 661/661/661 659/659/659
f 665/665/665 664/664/664 663/663/663
f 666/666/666 665/665/665 663/663/663
f 669/669/669 668/668/668 667/667/667
f 670/670/670 669/669/669 667/667/667
f 673/673/673 672/672/672 671/671/671
f 674/674/674 673/673/673 671/671/671
f 677/677/677 676/676/676 675/675/675
f 678/678/678 677/677/677 675/675/675
f 681/681/681 680/680/680 679/679/679
f 682/682/682 681/681/681 679/679/679
f 685/685/685 684/684/684 683/683/683
f 686/686/686 685/685/685 683/683/683
f 689/689/689 688/688/688 687/687/687
f 690/690/690 689/689/689 687/687/687
f 693/693/693 692/692/692 691/691/691
f 694/694/694 693/693/693 691/691/691
f 697/697/697 696/696/696 695/695/695
f 698/698/698 697/697/697 695/695/695
f 701/701/701 700/700/700 699/699/699
f 702/702/702 701/701/701 699/699/699
f 705/705/705 704/704/704 703/703/703
f 706/706/706 705/705/705 703/703/703
f 709/709/709 708/708/708 707/707/707
f 710/710/710 709/709/709 707/707/707
f 713/713/713 712/712/712 711/711/711
f 714/714/714 713/713/713 711/711/711
f 717/717/717 716/716/716 715/715/715
f 718/718/718 717/717/717 715/715/715
f 721/721/721 720/720/720 719/719/719
f 722/722/722 721/721/721 719/719/719
f 722/722/722 719/719/719 723/723/723
f 724/724/724 722/722/722 723/723/723
f 727/727/727 726/726/726 725/725/725
f 728/728/728 727/727/727 725/725/725
f 731/731/731 730/730/730 729/729/729
f 732/732/732 731/731/731 729/729/729
f 732/732/732 729/729/729 733/733/733
f 734/734/734 732/732/732 733/733/733
f 732/732/732 735/735/735 731/731/731
f 735/735/735 736/736/736 731/731/731
f 736/736/736 737/737/737 731/731/731
f 737/737/737 738/738/738 731/731/731
f 740/740/740 735/735/735 739/739/739
f 741/741/741 740/740/740 739/739/739
f 741/741/741 742/742/742 740/740/740
f 742/742/742 743/743/743 740/740/740
f 746/746/746 745/745/745 744/744/744
f 745/745/745 747/747/747 744/744/744
f 744/744/744 747/747/747 748/748/748
f 747/747/747 749/749/749 748/748/748
f 752/752/752 751/751/751 750/750/750
f 753/753/753 752/752/752 750/750/750
f 756/756/756 755/755/755 754/754/754
f 757/757/757 756/756/756 754/754/754
f 760/760/760 759/759/759 758/758/758
f 761/761/761 760/760/760 758/758/758
f 764/764/764 763/763/763 762/762/762
f 765/765/765 764/764/764 762/762/762
f 768/768/768 767/767/767 766/766/766
f 769/769/769 768/768/768 766/766/766
f 772/772/772 771/771/771 770/770/770
f 773/773/773 772/772/772 770/770/770
f 776/776/776 775/775/775 774/774/774
f 775/775/775 777/777/777 774/774/774
f 774/774/774 777/777/777 778/778/778
f 777/777/777 779/779/779 778/778/778
f 782/782/782 781/781/781 780/780/780
f 783/783/783 782/782/782 780/780/780
f 786/786/786 785/785/785 784/784/784
f 787/787/787 786/786/786 784/784/784
f 790/790/790 789/789/789 788/788/788
f 791/791/791 790/790/790 788/788/788
f 794/794/794 793/793/793 792/792/792
f 795/795/795 794/794/794 792/792/792
f 798/798/798 797/797/797 796/796/796
f 799/799/799 798/798/798 796/796/796
f 802/802/802 801/801/801 800/800/800
f 803/803/803 802/802/802 800/800/800
f 806/806/806 805/805/805 804/804/804
f 807/807/807 806/806/806 804/804/804
f 810/810/810 809/809/809 808/808/808
f 811/811/811 810/810/810 808/808/808
f 814/814/814 813/813/813 812/812/812
f 815/815/815 814/814/814 812/812/812
f 818/818/818 817/817/817 816/816/816
f 819/819/819 818/818/818 816/816/816
f 822/822/822 821/821/821 820/820/820
f 823/823/823 822/822/822 820/820/820
f 826/826/826 825/825/825 824/824/824
f 827/827/827 826/826/826 824/824/824
f 830/830/830 829/829/829 828/828/828
f 831/831/831 830/830/830 828/828/828
f 834/834/834 833/833/833 832/832/832
f 835/835/835 834/834/834 832/832/832
f 838/838/838 837/837/837 836/836/836
f 839/839/839 838/838/838 836/836/836
f 842/842/842 841/841/841 840/840/840
f 843/843/843 842/842/842 840/840/840
f 846/846/846 845/845/845 844/844/844
f 847/847/847 846/846/846 844/844/844
f 850/850/850 849/849/849 848/848/848
f 851/851/851 850/850/850 848/848/848
f 854/854/854 853/853/853 852/852/852
f 855/855/855 854/854/854 852/852/852
f 858/858/858 857/857/857 856/856/856
f 859/859/859 858/858/858 856/856/856
f 862/862/862 861/861/861 860/860/860
f 863/863/863 862/862/862 860/860/860
f 866/866/866 865/865/865 864/864/864
f 867/867/867 866/866/866 864/864/864
f 870/870/870 869/869/869 868/868/868
f 871/871/871 870/870/870 868/868/868
f 874/874/874 873/873/873 872/872/872
f 875/875/875 874/874/874 872/872/872
f 878/878/878 877/877/877 876/876/876
f 879/879/879 878/878/878 876/876/876
f 882/882/882 881/881/881 880/880/880
f 883/883/883 882/882/882 880/880/880
f 886/886/886 885/885/885 884/884/884
f 887/887/887 886/886/886 884/884/884
f 890/890/890 889/889/889 888/888/888
f 891/891/891 890/890/890 888/888/888
f 894/894/894 893/893/893 892/892/892
f 895/895/895 894/894/894 892/892/892
f 898/898/898 897/897/897 896/896/896
f 899/899/899 898/898/898 896/896/896
f 902/902/902 901/901/901 900/900/900
f 903/903/903 902/902/902 900/900/900
f 906/906/906 905/905/905 904/904/904
f 907/907/907 906/906/906 904/904/904
f 910/910/910 909/909/909 908/908/908
f 911/911/911 910/910/910 908/908/908
f 914/914/914 913/913/913 912/912/912
f 915/915/915 914/914/914 912/912/912
f 918/918/918 917/917/917 916/916/916
f 919/919/919 918/918/918 916/916/916
f 922/922/922 921/921/921 920/920/920
f 923/923/923 922/922/922 920/920/920
f 926/926/926 925/925/925 924/924/924
f 927/927/927 926/926/926 924/924/924
f 930/930/930 929/929/929 928/928/928
f 931/931/931 930/930/930 928/928/928
f 934/934/934 933/933/933 932/932/932
f 935/935/935 934/934/934 932/932/932
f 938/938/938 937/937/937 936/936/936
f 939/939/939 938/938/938 936/936/936
f 942/942/942 941/941/941 940/940/940
f 943/943/943 942/942/942 940/940/940
f 946/946/946 945/945/945 944/944/944
f 947/947/947 946/946/946 944/944/944
f 950/950/950 949/949/949 948/948/948
f 949/949/949 951/951/951 948/948/948
f 948/948/948 951/951/951 952/952/952
f 951/951/951 953/953/953 952/952/952
f 956/956/956 955/955/955 954/954/954
f 955/955/955 957/957/957 954/954/954
f 954/954/954 957/957/957 958/958/958
f 957/957/957 959/959/959 958/958/958
f 962/962/962 961/961/961 960/960/960
f 961/961/961 963/963/963 960/960/960
f 961/961/961 964/964/964 963/963/963
f 964/964/964 965/965/965 963/963/963
f 968/968/968 967/967/967 966/966/966
f 969/969/969 968/968/968 966/966/966
f 972/972/972 971/971/971 970/970/970
f 973/973/973 972/972/972 970/970/970
f 976/976/976 975/975/975 974/974/974
f 977/977/977 976/976/976 974/974/974
f 978/978/978 976/976/976 977/977/977
f 979/979/979 978/978/978 977/977/977
f 977/977/977 980/980/980 979/979/979
f 980/980/980 981/981/981 979/979/979
f 984/984/984 983/983/983 982/982/982
f 985/985/985 984/984/984 982/982/982
f 988/988/988 987/987/987 986/986/986
f 989/989/989 988/988/988 986/986/986
f 992/992/992 991/991/991 990/990/990
f 991/991/991 993/993/993 990/990/990
f 991/991/991 994/994/994 993/993/993
f 994/994/994 995/995/995 993/993/993
f 998/998/998 997/997/997 996/996/996
f 999/999/999 998/998/998 996/996/996
f 998/998/998 1001/1001/1001 1000/1000/1000
f 1001/1001/1001 1002/1002/1002 1000/1000/1000
f 1005/1005/1005 1004/1004/1004 1003/1003/1003
f 1006/1006/1006 1005/1005/1005 1003/1003/1003
f 1009/1009/1009 1008/1008/1008 1007/1007/1007
f 1010/1010/1010 1009/1009/1009 1007/1007/1007
f 1013/1013/1013 1012/1012/1012 1011/1011/1011
f 1014/1014/1014 1013/1013/1013 1011/1011/1011
f 1017/1017/1017 1016/1016/1016 1015/1015/1015
f 1018/1018/1018 1017/1017/1017 1015/1015/1015
f 1021/1021/1021 1020/1020/1020 1019/1019/1019
f 1022/1022/1022 1021/1021/1021 1019/1019/1019
f 1025/1025/1025 1024/1024/1024 1023/1023/1023
f 1026/1026/1026 1025/1025/1025 1023/1023/1023
f 1029/1029/1029 1028/1028/1028 1027/1027/1027
f 1030/1030/1030 1029/1029/1029 1027/1027/1027
f 1033/1033/1033 1032/1032/1032 1031/1031/1031
f 1034/1034/1034 1033/1033/1033 1031/1031/1031
f 1037/1037/1037 1036/1036/1036 1035/1035/1035
f 1038/1038/1038 1037/1037/1037 1035/1035/1035
f 1041/1041/1041 1040/1040/1040 1039/1039/1039
f 1042/1042/1042 1041/1041/1041 1039/1039/1039
f 1045/1045/1045 1044/1044/1044 1043/1043/1043
f 1046/1046/1046 1045/1045/1045 1043/1043/1043
f 1049/1049/1049 1048/1048/1048 1047/1047/1047
f 1050/1050/1050 1049/1049/1049 1047/1047/1047
f 1053/1053/1053 1052/1052/1052 1051/1051/1051
f 1054/1054/1054 1053/1053/1053 1051/1051/1051
f 1057/1057/1057 1056/1056/1056 1055/1055/1055
f 1058/1058/1058 1057/1057/1057 1055/1055/1055
f 1061/1061/1061 1060/1060/1060 1059/1059/1059
f 1062/1062/1062 1061/1061/1061 1059/1059/1059
f 1065/1065/1065 1064/1064/1064 1063/1063/1063
f 1066/1066/1066 1065/1065/1065 1063/1063/1063
f 1069/1069/1069 1068/1068/1068 1067/1067/1067
f 1070/1070/1070 1069/1069/1069 1067/1067/1067
f 1073/1073/1073 1072/1072/1072 1071/1071/1071
f 1074/1074/1074 1073/1073/1073 1071/1071/1071
f 1077/1077/1077 1076/1076/1076 1075/1075/1075
f 1078/1078/1078 1077/1077/1077 1075/1075/1075
f 1081/1081/1081 1080/1080/1080 1079/1079/1079
f 1082/1082/1082 1081/1081/1081 1079/1079/1079
f 1085/1085/1085 1084/1084/1084 1083/1083/1083
f 1086/1086/1086 1085/1085/1085 1083/1083/1083
f 1086/1086/1086 1087/1087/1087 1085/1085/1085
f 1087/1087/1087 1088/1088/1088 1085/1085/1085
f 1091/1091/1091 1090/1090/1090 1089/1089/1089
f 1092/1092/1092 1091/1091/1091 1089/1089/1089
f 1092/1092/1092 1089/1089/1089 1093/1093/1093
f 1094/1094/1094 1092/1092/1092 1093/1093/1093
f 1094/1094/1094 1095/1095/1095 1092/1092/1092
f 1095/1095/1095 1096/1096/1096 1092/1092/1092
f 1099/1099/1099 1098/1098/1098 1097/1097/1097
f 1098/1098/1098 1100/1100/1100 1097/1097/1097
f 1097/1097/1097 1100/1100/1100 1101/1101/1101
f 1100/1100/1100 1102/1102/1102 1101/1101/1101
f 1105/1105/1105 1104/1104/1104 1103/1103/1103
f 1106/1106/1106 1105/1105/1105 1103/1103/1103
f 1109/1109/1109 1108/1108/1108 1107/1107/1107
f 1110/1110/1110 1109/1109/1109 1107/1107/1107
f 1113/1113/1113 1112/1112/1112 1111/1111/1111
f 1112/1112/1112 1114/1114/1114 1111/1111/1111
f 1115/1115/1115 1114/1114/1114 1112/1112/1112
f 1116/1116/1116 1115/1115/1115 1112/1112/1112
f 1119/1119/1119 1118/1118/1118 1117/1117/1117
f 1120/1120/1120 1119/1119/1119 1117/1117/1117
f 1123/1123/1123 1122/1122/1122 1121/1121/1121
f 1124/1124/1124 1123/1123/1123 1121/1121/1121
f 1127/1127/1127 1126/1126/1126 1125/1125/1125
f 1128/1128/1128 1127/1127/1127 1125/1125/1125
f 1131/1131/1131 1130/1130/1130 1129/1129/1129
f 1132/1132/1132 1131/1131/1131 1129/1129/1129
f 1135/1135/1135 1134/1134/1134 1133/1133/1133
f 1136/1136/1136 1135/1135/1135 1133/1133/1133
f 1139/1139/1139 1138/1138/1138 1137/1137/1137
f 1140/1140/1140 1139/1139/1139 1137/1137/1137
f 1140/1140/1140 1137/1137/1137 1141/1141/1141
f 1142/1142/1142 1140/1140/1140 1141/1141/1141
f 1145/1145/1145 1144/1144/1144 1143/1143/1143
f 1144/1144/1144 1146/1146/1146 1143/1143/1143
f 1143/1143/1143 1146/1146/1146 1147/1147/1147
f 1146/1146/1146 1148/1148/1148 1147/1147/1147
f 1151/1151/1151 1150/1150/1150 1149/1149/1149
f 1152/1152/1152 1151/1151/1151 1149/1149/1149
f 1155/1155/1155 1154/1154/1154 1153/1153/1153
f 1156/1156/1156 1155/1155/1155 1153/1153/1153
f 1159/1159/1159 1158/1158/1158 1157/1157/1157
f 1158/1158/1158 1160/1160/1160 1157/1157/1157
f 1161/1161/1161 1160/1160/1160 1158/1158/1158
f 1162/1162/1162 1161/1161/1161 1158/1158/1158
f 1165/1165/1165 1164/1164/1164 1163/1163/1163
f 1166/1166/1166 1165/1165/1165 1163/1163/1163
f 1169/1169/1169 1168/1168/1168 1167/1167/1167
f 1170/1170/1170 1169/1169/1169 1167/1167/1167
f 1173/1173/1173 1172/1172/1172 1171/1171/1171
f 1174/1174/1174 1173/1173/1173 1171/1171/1171
f 1177/1177/1177 1176/1176/1176 1175/1175/1175
f 1178/1178/1178 1177/1177/1177 1175/1175/1175
