g Horse_LOD1
v 0.003597362 -0.011812306 0.023209278
v 0.0033452553 -0.013120229 0.023257865
v 0.0034155252 -0.012930751 0.023919476
v 0.003597362 -0.011812306 0.023209278
v 0.0033534213 -0.012480612 0.022081444
v 0.003322524 -0.012955466 0.022585098
v 0.003597362 -0.011812306 0.023209278
v 0.0037000838 -0.010476147 0.023174604
v 0.0036298144 -0.010665623 0.022512993
v -0.003597362 -0.011812306 0.023209278
v -0.0034155252 -0.012930751 0.023919476
v -0.0033452553 -0.013120229 0.023257865
v -0.003597362 -0.011812306 0.023209278
v -0.003322524 -0.012955466 0.022585098
v -0.0033534213 -0.012480612 0.022081444
v -0.003597362 -0.011812306 0.023209278
v -0.0036298144 -0.010665623 0.022512993
v -0.0037000838 -0.010476147 0.023174604
v 0.003597362 -0.011812306 0.023209278
v 0.0034296687 -0.011822901 0.021881856
v 0.0033534213 -0.012480612 0.022081444
v 0.0035308348 -0.011158569 0.022039814
v 0.0031594147 -0.01092786 0.021780107
v 0.0034296687 -0.011822901 0.021881856
v 0.0030329227 -0.011758493 0.021582605
v 0.0033534213 -0.012480612 0.022081444
v 0.0029375874 -0.012580851 0.021832155
v 0.003322524 -0.012955466 0.022585098
v 0.0032831721 -0.010311511 0.022371735
v 0.0028989555 -0.013174578 0.022461893
v 0.0036298144 -0.010665623 0.022512993
v 0.0033710324 -0.010074606 0.02319897
v 0.003597362 -0.011812306 0.023209278
v 0.0037000838 -0.010476147 0.023174604
v 0.003399454 -0.010280615 0.024040153
v 0.0033452553 -0.013120229 0.023257865
v 0.0029273783 -0.013380588 0.023303075
v 0.0034155252 -0.012930751 0.023919476
v 0.0030152388 -0.013143678 0.02413031
v 0.0037228155 -0.010640912 0.023847375
v 0.0033608219 -0.010874344 0.024669893
v 0.0035145038 -0.012437808 0.024392657
v 0.0031389957 -0.012527335 0.024721941
v 0.003691918 -0.011115768 0.024351029
v 0.003265489 -0.011696702 0.024919443
v 0.0036156706 -0.011773479 0.024550617
v 0.0022614922 -0.010407784 0.028128149
v 0.0025034389 -0.01049456 0.028660487
v 0.0031406651 -0.010688362 0.029815216
v 0.002776042 -0.010142022 0.028154045
v 0.0023131415 -0.009862853 0.027070446
v 0.0018661701 -0.010291161 0.027204564
v 0.0014768682 -0.010226195 0.026322948
v 0.0018273168 -0.009812651 0.026148519
v 0.002195807 -0.009838481 0.026057163
v 0.002831143 -0.010109655 0.026930861
v 0.0027578578 -0.010113819 0.02596198
v 0.0034428944 -0.010349625 0.026875958
v 0.0038023307 -0.010449511 0.027800197
v 0.0033725323 -0.010276509 0.02801517
v 0.0037475252 -0.010746255 0.02970332
v 0.0039390917 -0.010518891 0.028361922
v 0.0034428944 -0.010349625 0.026875958
v 0.002987976 -0.009754866 0.025984386
v 0.0027578578 -0.010113819 0.02596198
v 0.0038043254 -0.009887553 0.026975447
v 0.0038023307 -0.010449511 0.027800197
v 0.0027779809 -0.009246968 0.026042767
v 0.0040882984 -0.010012019 0.027946519
v 0.0039390917 -0.010518891 0.028361922
v 0.0034593893 -0.009195415 0.02713247
v 0.0022136213 -0.00899646 0.026161535
v 0.0040793316 -0.010130985 0.028796932
v 0.0037475252 -0.010746255 0.02970332
v 0.003784041 -0.009318658 0.02807872
v 0.0028709695 -0.008899765 0.02725061
v 0.001618048 -0.009049153 0.026354184
v 0.0032875924 -0.009101647 0.028345393
v 0.002174111 -0.008971129 0.027417101
v 0.0016779014 -0.009414237 0.027511869
v 0.0012340144 -0.009436874 0.02651943
v 0.0012080432 -0.010016821 0.02650923
v 0.0037483757 -0.010221702 0.030103208
v 0.0031406651 -0.010688362 0.029815216
v 0.0039247 -0.0094811525 0.02860245
v 0.003529232 -0.009469513 0.029149884
v 0.0025969178 -0.00918301 0.028501224
v 0.0029551222 -0.0103341695 0.030031374
v 0.0025034389 -0.01049456 0.028660487
v 0.0016077119 -0.010111074 0.027451355
v 0.0014768682 -0.010226195 0.026322948
v 0.0018661701 -0.010291161 0.027204564
v 0.002075388 -0.009539065 0.028450966
v 0.002827746 -0.009560032 0.02928317
v 0.0023811976 -0.0103018265 0.029067613
v 0.0022614922 -0.010407784 0.028128149
v 0.0020456053 -0.010214244 0.02838896
v 0.0023022948 -0.009699748 0.028960384
v 0.00346913 -0.010824744 0.023381244
v 0.0032454997 -0.0072208443 0.02173156
v 0.003285986 -0.009485842 0.020487627
v 0.0036799475 -0.008807618 0.024303202
v 0.0023874522 -0.0052031586 0.022419471
v 0.002976008 -0.006874011 0.024865147
v 0.003546579 -0.010083702 0.02648415
v 0.0033386233 -0.012073447 0.025520846
v 0.00346913 -0.010824744 0.023381244
v 0.0031181371 -0.013824493 0.02419598
v 0.0032128089 -0.012721314 0.022352664
v 0.003285986 -0.009485842 0.020487627
v 0.0027579104 -0.015436456 0.022996146
v 0.0030748625 -0.011736204 0.020364735
v 0.0015737055 -0.010071354 0.01887763
v 0.0014160107 -0.011445642 0.019281995
v 0.0029642964 -0.014457896 0.021372696
v 0.0023129005 -0.016998123 0.022178695
v 0.0027915644 -0.013569653 0.019688938
v 0.0025240208 -0.016109113 0.020665385
v 0.0017690144 -0.017837565 0.021509105
v 0.0018076631 -0.017344346 0.020239826
v 0.0022939253 -0.015261155 0.019124439
v 0.0025240208 -0.016109113 0.020665385
v 0.0012359106 -0.013159905 0.018868823
v 0.0014160107 -0.011445642 0.019281995
v 0.0030748625 -0.011736204 0.020364735
v 0.0009826793 -0.014881804 0.01839859
v -0.0012359106 -0.013159905 0.018868823
v -0.0009826793 -0.014881804 0.01839859
v -0.0012359106 -0.013159905 0.018868823
v -0.0014160107 -0.011445642 0.019281995
v -0.0027915644 -0.013569653 0.019688938
v -0.0030748625 -0.011736204 0.020364735
v -0.0022939253 -0.015261155 0.019124439
v -0.0009826793 -0.014881804 0.01839859
v -0.0029642964 -0.014457896 0.021372696
v -0.0025240208 -0.016109113 0.020665385
v -0.0030748625 -0.011736204 0.020364735
v -0.0032128089 -0.012721314 0.022352664
v -0.003285986 -0.009485842 0.020487627
v -0.0015737055 -0.010071354 0.01887763
v -0.0014160107 -0.011445642 0.019281995
v 0.0015737055 -0.010071354 0.01887763
v -0.00346913 -0.010824744 0.023381244
v 0.0016235502 -0.009297658 0.016976712
v 0.003285986 -0.009485842 0.020487627
v 0.0033184206 -0.008164539 0.018004527
v -0.0016235502 -0.009297658 0.016976712
v 0.0018283359 -0.008973576 0.013851532
v -0.0031181371 -0.013824493 0.02419598
v -0.0033386233 -0.012073447 0.025520846
v -0.0027579104 -0.015436456 0.022996146
v -0.0023129005 -0.016998123 0.022178695
v -0.0025240208 -0.016109113 0.020665385
v -0.0017690144 -0.017837565 0.021509105
v -0.0018076631 -0.017344346 0.020239826
v -0.0018283359 -0.008973576 0.013851532
v -0.0033184206 -0.008164539 0.018004527
v 0.002115956 -0.00871162 0.010080288
v 0.0050117206 -0.00729801 0.011812998
v 0.0040487507 -0.007687887 0.015121298
v 0.0039061427 -0.005604977 0.017167112
v -0.0040487507 -0.007687887 0.015121298
v -0.0031511122 -0.00620087 0.019432668
v -0.0039061427 -0.005604977 0.017167112
v -0.0032454997 -0.0072208443 0.02173156
v -0.003285986 -0.009485842 0.020487627
v -0.0022385344 -0.0041900217 0.020566344
v -0.0027373277 -0.0035403823 0.019071205
v -0.002115956 -0.00871162 0.010080288
v -0.0050117206 -0.00729801 0.011812998
v -0.0040487507 -0.007687887 0.015121298
v 0.0023902457 -0.0068507683 0.00693865
v -0.0023902457 -0.0068507683 0.00693865
v 0.005656663 -0.0055610933 0.009083417
v 0.0054797134 -0.0049708853 0.014742844
v 0.0066602486 -0.0033788169 0.012790893
v 0.005909913 -0.0016840481 0.00800028
v 0.0039438177 -0.002714288 0.017591905
v 0.0069892327 -0.0002826369 0.012064993
v 0.0052487124 -0.0012879245 0.016449114
v 0.0059428457 0.00294586 0.007909623
v 0.0025053318 0.002745962 0.005605096
v 0.0024948998 -0.0024803868 0.005684759
v 0.005656663 -0.0055610933 0.009083417
v 0.0023902457 -0.0068507683 0.00693865
v 0.0070320014 0.0034524538 0.011997474
v 0.00612837 0.0010756905 0.016104646
v 0.0062470227 0.004024255 0.016100828
v 0.0020419275 -0.00016072587 0.018485345
v 0.0025644912 0.0017732783 0.018368464
v 0.001369368 -0.0014058556 0.019128079
v -0.0020419275 -0.00016072587 0.018485345
v -0.0025644912 0.0017732783 0.018368464
v -0.001369368 -0.0014058556 0.019128079
v -0.00084214885 -0.002229727 0.019957453
v -0.002700136 0.0043956847 0.018408943
v 0.00084214885 -0.002229727 0.019957453
v 0.002700136 0.0043956847 0.018408943
v 0.0027373277 -0.0035403823 0.019071205
v 0.00064238935 -0.002741926 0.020792687
v 0.0022385344 -0.0041900217 0.020566344
v 0.0026726236 0.007434134 0.01787055
v 0.00612878 0.0070122383 0.015705483
v 0.0062470227 0.004024255 0.016100828
v 0.0068911887 0.0068381564 0.011872663
v -0.0026726236 0.007434134 0.01787055
v 0.0025846686 0.009944406 0.015766464
v -0.0025846686 0.009944406 0.015766464
v 0.00254049 0.010926892 0.011731898
v -0.005555049 0.00904693 0.014720057
v -0.00612878 0.0070122383 0.015705483
v -0.00254049 0.010926892 0.011731898
v 0.0024608676 0.010039952 0.007788385
v 0.0058632293 0.0093885185 0.0117334705
v 0.005356273 0.0090933805 0.008816466
v 0.005842647 0.0068333764 0.008076495
v -0.0058632293 0.0093885185 0.0117334705
v -0.0024608676 0.010039952 0.007788385
v -0.0024858399 0.0071505415 0.005966726
v -0.00612878 0.0070122383 0.015705483
v -0.0068911887 0.0068381564 0.011872663
v 0.0024858399 0.0071505415 0.005966726
v -0.0025053318 0.002745962 0.005605096
v 0.0025053318 0.002745962 0.005605096
v 0.0059428457 0.00294586 0.007909623
v -0.0024948998 -0.0024803868 0.005684759
v 0.0024948998 -0.0024803868 0.005684759
v -0.0068911887 0.0068381564 0.011872663
v -0.005356273 0.0090933805 0.008816466
v -0.005842647 0.0068333764 0.008076495
v -0.0070320014 0.0034524538 0.011997474
v -0.0059428457 0.00294586 0.007909623
v -0.0023902457 -0.0068507683 0.00693865
v -0.0024948998 -0.0024803868 0.005684759
v -0.005656663 -0.0055610933 0.009083417
v -0.0050117206 -0.00729801 0.011812998
v -0.002115956 -0.00871162 0.010080288
v -0.005909913 -0.0016840481 0.00800028
v -0.0025053318 0.002745962 0.005605096
v -0.0059428457 0.00294586 0.007909623
v -0.0069892327 -0.0002826369 0.012064993
v -0.0066602486 -0.0033788169 0.012790893
v -0.0054797134 -0.0049708853 0.014742844
v -0.0040487507 -0.007687887 0.015121298
v -0.0039438177 -0.002714288 0.017591905
v -0.0027373277 -0.0035403823 0.019071205
v -0.0052487124 -0.0012879245 0.016449114
v -0.00612837 0.0010756905 0.016104646
v -0.001369368 -0.0014058556 0.019128079
v -0.0020419275 -0.00016072587 0.018485345
v -0.00084214885 -0.002229727 0.019957453
v -0.0025644912 0.0017732783 0.018368464
v -0.0062470227 0.004024255 0.016100828
v -0.002700136 0.0043956847 0.018408943
v -0.00064238935 -0.002741926 0.020792687
v -0.0022385344 -0.0041900217 0.020566344
v 0.00064238935 -0.002741926 0.020792687
v -0.00073085923 -0.003704313 0.022276474
v -0.0023874522 -0.0052031586 0.022419471
v 0.00064238935 -0.002741926 0.020792687
v 0.00073085923 -0.003704313 0.022276474
v 0.0022385344 -0.0041900217 0.020566344
v 0.0023874522 -0.0052031586 0.022419471
v -0.0012138855 -0.005666627 0.024914524
v 0.0012138855 -0.005666627 0.024914524
v -0.0013513054 -0.008138126 0.027180944
v 0.002976008 -0.006874011 0.024865147
v 0.0023874522 -0.0052031586 0.022419471
v 0.0013513054 -0.008138126 0.027180944
v 0.002966859 -0.008390289 0.026557466
v 0.0013513054 -0.008138126 0.027180944
v 0.003546579 -0.010083702 0.02648415
v 0.0036799475 -0.008807618 0.024303202
v 0.003546579 -0.010083702 0.02648415
v 0.0013905913 -0.0105271805 0.027547691
v -0.0013905913 -0.0105271805 0.027547691
v -0.0014494809 -0.012596693 0.02651123
v 0.0014494809 -0.012596693 0.02651123
v -0.003546579 -0.010083702 0.02648415
v -0.0033386233 -0.012073447 0.025520846
v -0.0014494809 -0.012596693 0.02651123
v 0.0013115986 -0.0142961275 0.025056114
v -0.0013115986 -0.0142961275 0.025056114
v 0.0012046937 -0.015858969 0.023771916
v 0.0031181371 -0.013824493 0.02419598
v 0.0027579104 -0.015436456 0.022996146
v -0.0012046937 -0.015858969 0.023771916
v 0.000996416 -0.017425107 0.022899317
v -0.000996416 -0.017425107 0.022899317
v 0.00076721964 -0.018319884 0.021802882
v -0.00076721964 -0.018319884 0.021802882
v -0.0006834134 -0.01785724 0.02007924
v 0.0023129005 -0.016998123 0.022178695
v 0.0027579104 -0.015436456 0.022996146
v 0.0017690144 -0.017837565 0.021509105
v 0.0018076631 -0.017344346 0.020239826
v 0.0006834134 -0.01785724 0.02007924
v -0.0007531059 -0.016506223 0.01865945
v 0.0007531059 -0.016506223 0.01865945
v -0.001750711 -0.016455643 0.019109327
v -0.0018076631 -0.017344346 0.020239826
v -0.0022939253 -0.015261155 0.019124439
v 0.0009826793 -0.014881804 0.01839859
v 0.0007531059 -0.016506223 0.01865945
v 0.001750711 -0.016455643 0.019109327
v 0.0022939253 -0.015261155 0.019124439
v 0.0006834134 -0.01785724 0.02007924
v 0.0018076631 -0.017344346 0.020239826
v 0.001750711 -0.016455643 0.019109327
v 0.0018076631 -0.017344346 0.020239826
v 0.0025240208 -0.016109113 0.020665385
v 0.003546579 -0.010083702 0.02648415
v 0.0033386233 -0.012073447 0.025520846
v 0.0014494809 -0.012596693 0.02651123
v 0.0013905913 -0.0105271805 0.027547691
v 0.0026726236 0.007434134 0.01787055
v 0.0025846686 0.009944406 0.015766464
v 0.005555049 0.00904693 0.014720057
v 0.00612878 0.0070122383 0.015705483
v 0.0025846686 0.009944406 0.015766464
v 0.00254049 0.010926892 0.011731898
v 0.0058632293 0.0093885185 0.0117334705
v 0.0068911887 0.0068381564 0.011872663
v 0.0068911887 0.0068381564 0.011872663
v 0.005356273 0.0090933805 0.008816466
v 0.005842647 0.0068333764 0.008076495
v 0.0059428457 0.00294586 0.007909623
v 0.0033184206 -0.008164539 0.018004527
v 0.0018283359 -0.008973576 0.013851532
v 0.0016235502 -0.009297658 0.016976712
v 0.0040487507 -0.007687887 0.015121298
v 0.0031511122 -0.00620087 0.019432668
v 0.0032454997 -0.0072208443 0.02173156
v 0.003285986 -0.009485842 0.020487627
v 0.0022385344 -0.0041900217 0.020566344
v 0.0027373277 -0.0035403823 0.019071205
v 0.0023874522 -0.0052031586 0.022419471
v 0.0031511122 -0.00620087 0.019432668
v 0.0032454997 -0.0072208443 0.02173156
v 0.0025644912 0.0017732783 0.018368464
v 0.002700136 0.0043956847 0.018408943
v 0.0062470227 0.004024255 0.016100828
v 0.00612837 0.0010756905 0.016104646
v 0.0033386233 -0.012073447 0.025520846
v 0.0031181371 -0.013824493 0.02419598
v 0.0013115986 -0.0142961275 0.025056114
v 0.0014494809 -0.012596693 0.02651123
v -0.003597362 -0.011812306 0.023209278
v -0.0033534213 -0.012480612 0.022081444
v -0.0034296687 -0.011822901 0.021881856
v -0.0035308348 -0.011158569 0.022039814
v -0.0031594147 -0.01092786 0.021780107
v -0.0034296687 -0.011822901 0.021881856
v -0.0030329227 -0.011758493 0.021582605
v -0.0033534213 -0.012480612 0.022081444
v -0.0029375874 -0.012580851 0.021832155
v -0.003322524 -0.012955466 0.022585098
v -0.0032831721 -0.010311511 0.022371735
v -0.0028989555 -0.013174578 0.022461893
v -0.0036298144 -0.010665623 0.022512993
v -0.0033710324 -0.010074606 0.02319897
v -0.003597362 -0.011812306 0.023209278
v -0.0037000838 -0.010476147 0.023174604
v -0.003399454 -0.010280615 0.024040153
v -0.0033452553 -0.013120229 0.023257865
v -0.0029273783 -0.013380588 0.023303075
v -0.0034155252 -0.012930751 0.023919476
v -0.0030152388 -0.013143678 0.02413031
v -0.0037228155 -0.010640912 0.023847375
v -0.0033608219 -0.010874344 0.024669893
v -0.0035145038 -0.012437808 0.024392657
v -0.0031389957 -0.012527335 0.024721941
v -0.003691918 -0.011115768 0.024351029
v -0.003265489 -0.011696702 0.024919443
v -0.0036156706 -0.011773479 0.024550617
v -0.0022614922 -0.010407784 0.028128149
v -0.0031406651 -0.010688362 0.029815216
v -0.0025034389 -0.01049456 0.028660487
v -0.002776042 -0.010142022 0.028154045
v -0.0023131415 -0.009862853 0.027070446
v -0.0018661701 -0.010291161 0.027204564
v -0.0014768682 -0.010226195 0.026322948
v -0.0018273168 -0.009812651 0.026148519
v -0.002195807 -0.009838481 0.026057163
v -0.002831143 -0.010109655 0.026930861
v -0.0027578578 -0.010113819 0.02596198
v -0.0034428944 -0.010349625 0.026875958
v -0.0038023307 -0.010449511 0.027800197
v -0.0033725323 -0.010276509 0.02801517
v -0.0037475252 -0.010746255 0.02970332
v -0.0039390917 -0.010518891 0.028361922
v -0.0034428944 -0.010349625 0.026875958
v -0.0027578578 -0.010113819 0.02596198
v -0.002987976 -0.009754866 0.025984386
v -0.0038043254 -0.009887553 0.026975447
v -0.0038023307 -0.010449511 0.027800197
v -0.0027779809 -0.009246968 0.026042767
v -0.0040882984 -0.010012019 0.027946519
v -0.0039390917 -0.010518891 0.028361922
v -0.0034593893 -0.009195415 0.02713247
v -0.0022136213 -0.00899646 0.026161535
v -0.0040793316 -0.010130985 0.028796932
v -0.0037475252 -0.010746255 0.02970332
v -0.003784041 -0.009318658 0.02807872
v -0.0028709695 -0.008899765 0.02725061
v -0.001618048 -0.009049153 0.026354184
v -0.0032875924 -0.009101647 0.028345393
v -0.002174111 -0.008971129 0.027417101
v -0.0016779014 -0.009414237 0.027511869
v -0.0012340144 -0.009436874 0.02651943
v -0.0012080432 -0.010016821 0.02650923
v -0.0037483757 -0.010221702 0.030103208
v -0.0031406651 -0.010688362 0.029815216
v -0.0039247 -0.0094811525 0.02860245
v -0.003529232 -0.009469513 0.029149884
v -0.0025969178 -0.00918301 0.028501224
v -0.0029551222 -0.0103341695 0.030031374
v -0.0025034389 -0.01049456 0.028660487
v -0.0016077119 -0.010111074 0.027451355
v -0.0014768682 -0.010226195 0.026322948
v -0.0018661701 -0.010291161 0.027204564
v -0.002075388 -0.009539065 0.028450966
v -0.002827746 -0.009560032 0.02928317
v -0.0023811976 -0.0103018265 0.029067613
v -0.0022614922 -0.010407784 0.028128149
v -0.0020456053 -0.010214244 0.02838896
v -0.0023022948 -0.009699748 0.028960384
v -0.00346913 -0.010824744 0.023381244
v -0.003285986 -0.009485842 0.020487627
v -0.0032454997 -0.0072208443 0.02173156
v -0.0036799475 -0.008807618 0.024303202
v -0.0023874522 -0.0052031586 0.022419471
v -0.002976008 -0.006874011 0.024865147
v -0.003546579 -0.010083702 0.02648415
v -0.003546579 -0.010083702 0.02648415
v -0.0036799475 -0.008807618 0.024303202
v -0.002976008 -0.006874011 0.024865147
v -0.002966859 -0.008390289 0.026557466
v -0.0012138855 -0.005666627 0.024914524
v -0.00073085923 -0.003704313 0.022276474
v -0.0023874522 -0.0052031586 0.022419471
v -0.003546579 -0.010083702 0.02648415
v -0.0013513054 -0.008138126 0.027180944
v -0.0013905913 -0.0105271805 0.027547691
v -0.0025240208 -0.016109113 0.020665385
v -0.0018076631 -0.017344346 0.020239826
v -0.001750711 -0.016455643 0.019109327
v -0.0018076631 -0.017344346 0.020239826
v -0.00076721964 -0.018319884 0.021802882
v -0.0006834134 -0.01785724 0.02007924
v -0.0017690144 -0.017837565 0.021509105
v -0.0023129005 -0.016998123 0.022178695
v -0.000996416 -0.017425107 0.022899317
v -0.0012046937 -0.015858969 0.023771916
v -0.0027579104 -0.015436456 0.022996146
v -0.0026726236 0.007434134 0.01787055
v -0.0062470227 0.004024255 0.016100828
v -0.0068911887 0.0068381564 0.011872663
v -0.0058632293 0.0093885185 0.0117334705
v -0.0024608676 0.010039952 0.007788385
v -0.00254049 0.010926892 0.011731898
v -0.005356273 0.0090933805 0.008816466
v -0.005842647 0.0068333764 0.008076495
v -0.0024858399 0.0071505415 0.005966726
v -0.0025053318 0.002745962 0.005605096
v -0.0059428457 0.00294586 0.007909623
v -0.003285986 -0.009485842 0.020487627
v -0.0015737055 -0.010071354 0.01887763
v -0.0016235502 -0.009297658 0.016976712
v -0.0033184206 -0.008164539 0.018004527
v -0.0023874522 -0.0052031586 0.022419471
v -0.0032454997 -0.0072208443 0.02173156
v -0.0031511122 -0.00620087 0.019432668
v -0.0031181371 -0.013824493 0.02419598
v -0.0012046937 -0.015858969 0.023771916
v -0.0027579104 -0.015436456 0.022996146
v -0.0013115986 -0.0142961275 0.025056114
v -0.0033386233 -0.012073447 0.025520846
v -0.0014494809 -0.012596693 0.02651123
v -0.0027035414 0.0072319857 0.0018585566
v -0.0033841922 0.0069855712 0.004085741
v -0.0033841922 0.0069855712 0.0018577905
v -0.003815649 0.0061710007 0.0018574592
v -0.0027035414 0.0072319857 0.0040857415
v -0.0019685419 0.0069367466 0.0018579349
v -0.003815649 0.0061710007 0.004085741
v -0.0033841922 0.005320777 0.0018577905
v -0.0033841922 0.0069855717 0.00877912
v -0.0019685419 0.0069367466 0.0040857415
v -0.0027035414 0.0072319875 0.00877912
v -0.0015695724 0.0061710007 0.004085741
v -0.0015964037 0.0061710007 0.0018574592
v -0.0019685419 0.005370601 0.0040857415
v -0.0019685419 0.0053755157 0.0018579349
v -0.0027035414 0.00503639 0.0040857415
v -0.0027035414 0.00503639 0.0018585566
v -0.0033841922 0.0053173564 0.004085741
v -0.0019685419 0.005370602 0.00877912
v -0.0015695724 0.006171002 0.00877912
v -0.003815649 0.006171002 0.00877912
v -0.0027035414 0.0050363913 0.00877912
v -0.0019685419 0.006936747 0.00877912
v -0.0033841922 0.0053173564 0.00877912
v -0.003815649 0.006171002 0.010389852
v -0.0033841922 0.0069855717 0.010389315
v -0.0033841922 0.0053229174 0.010389313
v -0.0027035414 0.0072319875 0.010388069
v -0.0027035414 0.0050363913 0.010388069
v -0.0019685419 0.006936747 0.010389078
v -0.0019685419 0.0053785876 0.010389078
v -0.0016131728 0.006171002 0.010389852
v -0.002703329 -0.004871239 0.0040857447
v -0.002703329 -0.0048712394 0.0018585682
v -0.0019931253 -0.00517148 0.0018578816
v -0.0033839059 -0.00514311 0.0018578024
v -0.0019931253 -0.0051714787 0.0040857447
v -0.0016161145 -0.005967379 0.0018574714
v -0.0033839059 -0.005143109 0.0040857443
v -0.0038154365 -0.0059673777 0.0040857447
v -0.0038154365 -0.0059673786 0.0018574715
v -0.0033839059 -0.0067916494 0.0018578029
v -0.0033839059 -0.0067916494 0.004085745
v -0.002703329 -0.0070635197 0.0018585693
v -0.002703329 -0.0070635187 0.004085745
v -0.0019931253 -0.0067632794 0.0018578813
v -0.0019931253 -0.0067632785 0.0040857447
v -0.0015815964 -0.005967379 0.0040857447
v -0.0019931253 -0.006763278 0.008779115
v -0.002703329 -0.0070635187 0.008779115
v -0.0033839059 -0.0067916475 0.008779115
v -0.0038154365 -0.0059673777 0.008779114
v -0.0015710685 -0.0059673777 0.008779115
v -0.0033839059 -0.005143108 0.008779114
v -0.002703329 -0.004871238 0.008779114
v -0.0019931253 -0.0051714787 0.008779115
v -0.002703329 -0.0048712385 0.010388056
v -0.0019931253 -0.0051714787 0.010389174
v -0.0033839059 -0.005143108 0.010389303
v -0.0016055147 -0.0059673777 0.01038984
v -0.0038154365 -0.0059673786 0.01038984
v -0.0019931253 -0.006763278 0.010389174
v -0.0033839059 -0.0067916475 0.010389303
v -0.002703329 -0.0070635187 0.010388057
v 0.0027035414 0.0072319857 0.0018585566
v 0.0033841922 0.0069855712 0.0018577905
v 0.0033841922 0.0069855712 0.004085741
v 0.003815649 0.0061710007 0.0018574592
v 0.0027035414 0.0072319857 0.0040857415
v 0.0019685419 0.0069367466 0.0018579349
v 0.003815649 0.0061710007 0.004085741
v 0.0033841922 0.005320777 0.0018577905
v 0.0033841922 0.0069855717 0.00877912
v 0.0019685419 0.0069367466 0.0040857415
v 0.0027035414 0.0072319875 0.00877912
v 0.0015695724 0.0061710007 0.004085741
v 0.0015964037 0.0061710007 0.0018574592
v 0.0019685419 0.005370601 0.0040857415
v 0.0019685419 0.0053755157 0.0018579349
v 0.0027035414 0.00503639 0.0040857415
v 0.0027035414 0.00503639 0.0018585566
v 0.0033841922 0.0053173564 0.004085741
v 0.0019685419 0.005370602 0.00877912
v 0.0015695724 0.006171002 0.00877912
v 0.003815649 0.006171002 0.00877912
v 0.0027035414 0.0050363913 0.00877912
v 0.0019685419 0.006936747 0.00877912
v 0.0033841922 0.0053173564 0.00877912
v 0.003815649 0.006171002 0.010389852
v 0.0033841922 0.0069855717 0.010389315
v 0.0033841922 0.0053229174 0.010389313
v 0.0027035414 0.0072319875 0.010388069
v 0.0027035414 0.0050363913 0.010388069
v 0.0019685419 0.006936747 0.010389078
v 0.0019685419 0.0053785876 0.010389078
v 0.0016131728 0.006171002 0.010389852
v 0.002703329 -0.004871239 0.0040857447
v 0.0019931253 -0.00517148 0.0018578816
v 0.002703329 -0.0048712394 0.0018585682
v 0.0033839059 -0.00514311 0.0018578024
v 0.0019931253 -0.0051714787 0.0040857447
v 0.0016161145 -0.005967379 0.0018574714
v 0.0033839059 -0.005143109 0.0040857443
v 0.0038154365 -0.0059673777 0.0040857447
v 0.0038154365 -0.0059673786 0.0018574715
v 0.0033839059 -0.0067916494 0.0018578029
v 0.0033839059 -0.0067916494 0.004085745
v 0.002703329 -0.0070635197 0.0018585693
v 0.002703329 -0.0070635187 0.004085745
v 0.0019931253 -0.0067632794 0.0018578813
v 0.0019931253 -0.0067632785 0.0040857447
v 0.0015815964 -0.005967379 0.0040857447
v 0.0019931253 -0.006763278 0.008779115
v 0.002703329 -0.0070635187 0.008779115
v 0.0033839059 -0.0067916475 0.008779115
v 0.0038154365 -0.0059673777 0.008779114
v 0.0015710685 -0.0059673777 0.008779115
v 0.0033839059 -0.005143108 0.008779114
v 0.002703329 -0.004871238 0.008779114
v 0.0019931253 -0.0051714787 0.008779115
v 0.002703329 -0.0048712385 0.010388056
v 0.0019931253 -0.0051714787 0.010389174
v 0.0033839059 -0.005143108 0.010389303
v 0.0016055147 -0.0059673777 0.01038984
v 0.0038154365 -0.0059673786 0.01038984
v 0.0019931253 -0.006763278 0.010389174
v 0.0033839059 -0.0067916475 0.010389303
v 0.002703329 -0.0070635187 0.010388057
v 0.00063562096 -0.010816518 0.02672291
v -0 -0.010973046 0.026461806
v -0 -0.011113653 0.027612835
v -0.00063562096 -0.010816518 0.02672291
v 0.00066140335 -0.0107780695 0.027670216
v 0.0007095872 -0.010211365 0.026724475
v -0.00066140335 -0.0107780695 0.027670216
v -0.0007095872 -0.010211365 0.026724475
v 0.0007846382 -0.009986735 0.027861675
v 0.00060110085 -0.010669429 0.02831993
v 0.00080924045 -0.008843982 0.02777718
v 0.00073091604 -0.009223339 0.02666736
v 0.0007260621 -0.008128375 0.026072605
v 0.0006595991 -0.009958933 0.028562047
v -0 -0.010898163 0.028476732
v -0.00060110085 -0.010669429 0.02831993
v -0.0007846382 -0.009986735 0.027861675
v 0.0008042379 -0.0075672297 0.027139513
v 0.0007394111 -0.006982119 0.025027096
v 0.00067645876 -0.008686371 0.028443499
v -0 -0.009981669 0.028908888
v -0.0006595991 -0.009958933 0.028562047
v -0.00080924045 -0.008843982 0.02777718
v -0.00073091604 -0.009223339 0.02666736
v -0.0007260621 -0.008128375 0.026072605
v 0.00081836723 -0.0062181777 0.026022498
v 0.0007978184 -0.005802093 0.023742074
v 0.0006726126 -0.0072278827 0.027762827
v -0 -0.00860758 0.028776633
v -0.00067645876 -0.008686371 0.028443499
v -0.0008042379 -0.0075672297 0.027139513
v -0.0007394111 -0.006982119 0.025027096
v -0.0006726126 -0.0072278827 0.027762827
v -0.00081836723 -0.0062181777 0.026022498
v -0.0007978184 -0.005802093 0.023742074
v -0 -0.007058209 0.028074486
v 0.00068383623 -0.005676033 0.026574304
v -0.00068383623 -0.005676033 0.026574304
v -0.0008797226 -0.00483816 0.024596974
v -0.0008680992 -0.004663447 0.022278097
v -0 -0.00540496 0.026850209
v -0.00073213404 -0.0040960247 0.025008287
v -0.00095395546 -0.0035966448 0.023021838
v -0.0009073715 -0.0035976036 0.02071327
v 0.00073213404 -0.0040960247 0.025008287
v -0 -0.0037249574 0.025213944
v -0.0009960656 -0.0026024121 0.021478992
v -0.0008940041 -0.002403431 0.019346518
v -0.0007909535 -0.0027516398 0.02332199
v -0.0009808913 -0.0015934043 0.020254316
v -0.0008137573 -0.0010012324 0.018505882
v -0.0008249162 -0.0018290182 0.021801118
v -0 -0.0023291376 0.023472065
v 0.0008797226 -0.00483816 0.024596974
v 0.0008680992 -0.004663447 0.022278097
v 0.00095395546 -0.0035966448 0.023021838
v 0.0009073715 -0.0035976036 0.02071327
v 0.0007909535 -0.0027516398 0.02332199
v 0.0009960656 -0.0026024121 0.021478992
v 0.0008940041 -0.002403431 0.019346518
v 0.0008249162 -0.0018290182 0.021801118
v 0.0009808913 -0.0015934043 0.020254316
v 0.0008137573 -0.0010012324 0.018505882
v -0 -0.0014423212 0.021962184
v 0.0008890233 -0.0003837011 0.019572606
v 0.0007392752 -2.046558E-05 0.0202029
v 0.0006891259 -0.00024123234 0.018104276
v 0.00081189355 -0.0010051756 0.020718524
v -0.00081189355 -0.0010051756 0.020718524
v -0.0007392752 -2.046558E-05 0.0202029
v -0 -0.0007110613 0.020950625
v 0.0007007226 0.0005801221 0.019298157
v -0.0008890233 -0.0003837011 0.019572606
v -0.0006891259 -0.00024123234 0.018104276
v -0.0007007226 0.0005801221 0.019298157
v -0 0.00019370606 0.020520424
v -0 0.00092524063 0.020092787
v 0.0006375635 0.0006385582 0.019912032
v -0 0.0010432715 0.019198757
v -0 0.00018740792 0.018026918
v -0.0006375635 0.0006385582 0.019912032
v 0.0007451818 0.008302416 0.016087096
v -0 0.008360992 0.016352795
v -0 0.009738952 0.015958607
v -0.0007451818 0.008302416 0.016087096
v 0.0008737073 0.00977899 0.015493668
v 0.00084247265 0.008083224 0.015820537
v -0.0008737073 0.00977899 0.015493668
v -0.00084247265 0.008083224 0.015820537
v 0.0010198924 0.009352223 0.0151224565
v 0.00077448384 0.007903358 0.015511319
v -0 0.011169721 0.015030361
v -0.0010198924 0.009352223 0.0151224565
v -0.00077448384 0.007903358 0.015511319
v 0.0009281215 0.009131319 0.014550559
v -0 0.008741694 0.014479499
v -0 0.0076925172 0.015376116
v 0.0010309172 0.010263387 0.013487218
v 0.001148136 0.010624819 0.0140733635
v 0.00096588343 0.0110319685 0.014579667
v -0 0.012592319 0.013472602
v -0.00096588343 0.0110319685 0.014579667
v -0.001148136 0.010624819 0.0140733635
v -0.0009281215 0.009131319 0.014550559
v -0.0010309172 0.010263387 0.013487218
v -0 0.00995921 0.013231764
v 0.0011185902 0.011440513 0.011880105
v 0.0012486974 0.011898143 0.01248832
v -0.0011185902 0.011440513 0.011880105
v -0.0012486974 0.011898143 0.01248832
v 0.0010472198 0.012343063 0.01304626
v -0 0.011140146 0.011524394
v -0 0.012321006 0.009604635
v 0.0011587745 0.012666142 0.009976066
v 0.0012905403 0.013207995 0.010542876
v -0.0010472198 0.012343063 0.01304626
v -0.0011587745 0.012666142 0.009976066
v -0.0012905403 0.013207995 0.010542876
v 0.001084217 0.013709202 0.0111192595
v -0.001084217 0.013709202 0.0111192595
v -0 0.0140283555 0.011509504
v -0 0.015291833 0.009391351
v 0.0010522194 0.014918696 0.009081667
v 0.0012492085 0.014361505 0.008520119
v -0.0010522194 0.014918696 0.009081667
v -0.0012492085 0.014361505 0.008520119
v 0.0011310526 0.01374765 0.008031261
v -0.0011310526 0.01374765 0.008031261
v -0 0.013364435 0.007674997
v 0.0010532666 0.014622173 0.0063174227
v -0.0010532666 0.014622173 0.0063174227
v 0.0011504571 0.015282571 0.006696436
v -0 0.016285645 0.007401829
v -0.0011504571 0.015282571 0.006696436
v -0 0.014246202 0.005930769
v 0.0009736774 0.015856426 0.0072462806
v -0 0.016960133 0.005750195
v -0.0009736774 0.015856426 0.0072462806
v 0.0009542741 0.015267776 0.0050577447
v -0.0009542741 0.015267776 0.0050577447
v 0.0010236332 0.015948888 0.0052656936
v -0.0010236332 0.015948888 0.0052656936
v 0.0008821642 0.016466446 0.005838874
v -0 0.0149818845 0.004542568
v -0 0.015632339 0.0036131132
v 0.0008715309 0.015657766 0.0043626875
v 0.0008790486 0.01638776 0.0042774174
v -0.0008715309 0.015657766 0.0043626875
v -0 0.01685788 0.0032318975
v -0.0008821642 0.016466446 0.005838874
v -0.0008790486 0.01638776 0.0042774174
v 0.0008123563 0.016751902 0.005015714
v -0 0.017283222 0.0045221117
v -0.0008123563 0.016751902 0.005015714
v -0.0035906583 -0.0112698395 0.022296654
v -0.0036676836 -0.0108821215 0.022666704
v -0.0036416592 -0.011786258 0.023213739
v -0.003512195 -0.011791346 0.02217412
v -0.0037226395 -0.010732029 0.023185125
v -0.003453318 -0.012306933 0.02233199
v -0.0037406546 -0.01086259 0.023718268
v -0.0034298087 -0.012678429 0.02272799
v -0.0037163203 -0.011236102 0.024112212
v -0.0034472523 -0.012806265 0.023250215
v -0.003656887 -0.011752385 0.024267243
v -0.0035015433 -0.012658922 0.023769619
v -0.003578276 -0.012273167 0.024141865
v -0.0033839059 -0.0067916494 0.0010724706
v -0.0033839059 -0.0067916494 0.0018578029
v -0.002703329 -0.0070635197 0.0018585693
v -0.0038154365 -0.0059673786 0.0018574715
v -0.002703329 -0.0070635206 0.0011200508
v -0.0019931253 -0.0067632794 0.0018578813
v -0.0038154365 -0.0059673786 0.0011182594
v -0.0033839059 -0.00514311 0.0018578024
v -0.0019931253 -0.0067632794 0.0010736933
v -0.0016161145 -0.005967379 0.0018574714
v -0.0016359999 -0.0059673786 0.0011182571
v -0.0019931253 -0.00517148 0.0018578816
v -0.0019931253 -0.00517148 0.001073693
v -0.002703329 -0.0048712394 0.0018585682
v -0.002703329 -0.0048712394 0.0011200496
v -0.0021305382 -0.0053037 0.00042277036
v -0.0019270885 -0.005967379 0.0002860129
v -0.0033839059 -0.00514311 0.0010724693
v -0.002703329 -0.005078784 0.0002860129
v -0.0032576595 -0.0052785864 0.00042277036
v -0.0021305382 -0.0066310563 0.00042277036
v -0.002705541 -0.005967379 1.1920929E-09
v -0.0034839937 -0.005967379 0.0002860129
v -0.002703329 -0.006855974 0.0002860129
v -0.003257659 -0.00665617 0.00042277036
v -0.0016239902 -0.017385239 0.020931913
v -0.0019036378 -0.017105717 0.021089626
v -0.00210283 -0.017382633 0.021114618
v -0.0020384782 -0.017036948 0.021487499
v -0.0019306944 -0.017664807 0.021026691
v -0.0013701607 -0.017697014 0.021071829
v -0.0022316559 -0.017411912 0.021430103
v -0.0021589734 -0.017452769 0.02176181
v -0.0019720837 -0.017191228 0.021878647
v -0.0017182542 -0.017503 0.022018561
v -0.0020757413 -0.017806932 0.021400819
v -0.0019991403 -0.01775031 0.021815708
v -0.0017213869 -0.01793778 0.021747211
v -0.0014386066 -0.017782522 0.021860847
v -0.0013037659 -0.017851291 0.021462979
v -0.001698179 -0.018003209 0.021412298
v -0.0016652439 -0.017867643 0.021100013
v 0.0035906583 -0.0112698395 0.022296654
v 0.0036416592 -0.011786258 0.023213739
v 0.0036676836 -0.0108821215 0.022666704
v 0.003512195 -0.011791346 0.02217412
v 0.0037226395 -0.010732029 0.023185125
v 0.003453318 -0.012306933 0.02233199
v 0.0037406546 -0.01086259 0.023718268
v 0.0034298087 -0.012678429 0.02272799
v 0.0037163203 -0.011236102 0.024112212
v 0.0034472523 -0.012806265 0.023250215
v 0.003656887 -0.011752385 0.024267243
v 0.0035015433 -0.012658922 0.023769619
v 0.003578276 -0.012273167 0.024141865
v 0.0033839059 -0.0067916494 0.0010724706
v 0.002703329 -0.0070635197 0.0018585693
v 0.0033839059 -0.0067916494 0.0018578029
v 0.0038154365 -0.0059673786 0.0018574715
v 0.002703329 -0.0070635206 0.0011200508
v 0.0019931253 -0.0067632794 0.0018578813
v 0.0038154365 -0.0059673786 0.0011182594
v 0.0033839059 -0.00514311 0.0018578024
v 0.0019931253 -0.0067632794 0.0010736933
v 0.0016161145 -0.005967379 0.0018574714
v 0.0016359999 -0.0059673786 0.0011182571
v 0.0019931253 -0.00517148 0.0018578816
v 0.0019931253 -0.00517148 0.001073693
v 0.002703329 -0.0048712394 0.0018585682
v 0.002703329 -0.0048712394 0.0011200496
v 0.0021305382 -0.0053037 0.00042277036
v 0.0019270885 -0.005967379 0.0002860129
v 0.0033839059 -0.00514311 0.0010724693
v 0.002703329 -0.005078784 0.0002860129
v 0.0032576595 -0.0052785864 0.00042277036
v 0.0021305382 -0.0066310563 0.00042277036
v 0.002705541 -0.005967379 1.1920929E-09
v 0.0034839937 -0.005967379 0.0002860129
v 0.002703329 -0.006855974 0.0002860129
v 0.003257659 -0.00665617 0.00042277036
v 0.0016239902 -0.017385239 0.020931913
v 0.00210283 -0.017382633 0.021114618
v 0.0019036378 -0.017105717 0.021089626
v 0.0020384782 -0.017036948 0.021487499
v 0.0019306944 -0.017664807 0.021026691
v 0.0013701607 -0.017697014 0.021071829
v 0.0022316559 -0.017411912 0.021430103
v 0.0021589734 -0.017452769 0.02176181
v 0.0019720837 -0.017191228 0.021878647
v 0.0017182542 -0.017503 0.022018561
v 0.0020757413 -0.017806932 0.021400819
v 0.0019991403 -0.01775031 0.021815708
v 0.0017213869 -0.01793778 0.021747211
v 0.0014386066 -0.017782522 0.021860847
v 0.0013037659 -0.017851291 0.021462979
v 0.001698179 -0.018003209 0.021412298
v 0.0016652439 -0.017867643 0.021100013
v -0.0033841922 0.0069855712 0.0018577905
v -0.003815649 0.0061710007 0.0018574592
v -0.003815649 0.0061710007 0.0011182424
v -0.0033841922 0.0069855712 0.0010705107
v -0.0027035414 0.0072319857 0.0018585566
v -0.0033841922 0.0053229164 0.0010704324
v -0.0033841922 0.005320777 0.0018577905
v -0.0027035414 0.007231985 0.0011200338
v -0.0019685419 0.0069367466 0.0018579349
v -0.0027035414 0.005036389 0.0011200338
v -0.0027035414 0.00503639 0.0018585566
v -0.0019685419 0.0069367466 0.0010753438
v -0.0015964037 0.0061710007 0.0018574592
v -0.0019685419 0.005378587 0.0010748372
v -0.0019685419 0.0053755157 0.0018579349
v -0.0016131732 0.0061710007 0.0011182406
v -0.0032905673 0.006838365 0.00042276768
v -0.0035325466 0.0061710007 0.0002860105
v -0.0027035414 0.007033127 0.0002860105
v -0.003290568 0.0054695974 0.00042276768
v -0.0027035414 0.0052490723 0.0002860105
v -0.0027217534 0.0061710007 -1.1920929E-09
v -0.0021090796 0.0055152527 0.00042276768
v -0.0019109595 0.0061710007 0.0002860105
v -0.0021090796 0.0067962706 0.00042276768
v 0.0033841922 0.0069855712 0.0018577905
v 0.0033841922 0.0069855712 0.0010705107
v 0.003815649 0.0061710007 0.0011182424
v 0.003815649 0.0061710007 0.0018574592
v 0.0027035414 0.0072319857 0.0018585566
v 0.0033841922 0.0053229164 0.0010704324
v 0.0033841922 0.005320777 0.0018577905
v 0.0027035414 0.007231985 0.0011200338
v 0.0019685419 0.0069367466 0.0018579349
v 0.0027035414 0.005036389 0.0011200338
v 0.0027035414 0.00503639 0.0018585566
v 0.0019685419 0.0069367466 0.0010753438
v 0.0015964037 0.0061710007 0.0018574592
v 0.0019685419 0.005378587 0.0010748372
v 0.0019685419 0.0053755157 0.0018579349
v 0.0016131732 0.0061710007 0.0011182406
v 0.0032905673 0.006838365 0.00042276768
v 0.0035325466 0.0061710007 0.0002860105
v 0.0027035414 0.007033127 0.0002860105
v 0.003290568 0.0054695974 0.00042276768
v 0.0027035414 0.0052490723 0.0002860105
v 0.0027217534 0.0061710007 -1.1920929E-09
v 0.0021090796 0.0055152527 0.00042276768
v 0.0019109595 0.0061710007 0.0002860105
v 0.0021090796 0.0067962706 0.00042276768
vt 0.8083829 0.45970312
vt 0.8083831 0.45970315
vt 0.80838305 0.45970315
vt 0.80838287 0.45970312
vt 0.80838305 0.45970315
vt 0.8083831 0.45970315
vt 0.8083828 0.45970306
vt 0.80838305 0.45970315
vt 0.8083831 0.45970315
vt 0.8083829 0.45970312
vt 0.80838305 0.45970315
vt 0.8083831 0.45970315
vt 0.80838287 0.45970312
vt 0.8083831 0.45970315
vt 0.80838305 0.45970315
vt 0.8083828 0.45970306
vt 0.8083831 0.45970315
vt 0.80838305 0.45970315
vt 0.80838287 0.4597031
vt 0.8083831 0.45970315
vt 0.80838305 0.45970315
vt 0.8083831 0.4597031
vt 0.8083831 0.45970312
vt 0.8083831 0.4597031
vt 0.8083831 0.45970312
vt 0.8083831 0.4597031
vt 0.8083831 0.45970312
vt 0.8083831 0.4597031
vt 0.8083831 0.45970312
vt 0.8083831 0.45970312
vt 0.8083831 0.4597031
vt 0.8083831 0.45970312
vt 0.808383 0.45970315
vt 0.8083831 0.4597031
vt 0.8083831 0.45970312
vt 0.8083831 0.4597031
vt 0.8083831 0.45970312
vt 0.8083831 0.4597031
vt 0.8083831 0.45970312
vt 0.8083831 0.4597031
vt 0.8083831 0.45970312
vt 0.8083831 0.4597031
vt 0.8083831 0.45970312
vt 0.8083831 0.4597031
vt 0.8083831 0.45970312
vt 0.8083831 0.4597031
vt 0.17835723 0.5193313
vt 0.17835723 0.5193313
vt 0.17835723 0.5193313
vt 0.17835723 0.5193313
vt 0.17835723 0.5193313
vt 0.17835723 0.5193313
vt 0.17835723 0.5193313
vt 0.17835723 0.5193313
vt 0.17835723 0.5193313
vt 0.17835723 0.5193313
vt 0.17835723 0.5193313
vt 0.17835723 0.5193313
vt 0.17835723 0.5193313
vt 0.17835723 0.5193313
vt 0.17835723 0.5193313
vt 0.17835723 0.5193313
vt 0.3111697 0.5193313
vt 0.3111697 0.5193313
vt 0.3111697 0.5193313
vt 0.3111697 0.5193313
vt 0.3111697 0.5193313
vt 0.3111697 0.5193313
vt 0.3111697 0.5193313
vt 0.3111697 0.5193313
vt 0.3111697 0.5193313
vt 0.3111697 0.5193313
vt 0.3111697 0.5193313
vt 0.3111697 0.5193313
vt 0.3111697 0.5193313
vt 0.3111697 0.5193313
vt 0.3111697 0.5193313
vt 0.3111697 0.5193313
vt 0.3111697 0.5193313
vt 0.3111697 0.5193313
vt 0.3111697 0.5193313
vt 0.3111697 0.5193313
vt 0.3111697 0.5193313
vt 0.3111697 0.5193313
vt 0.3111697 0.5193313
vt 0.3111697 0.5193313
vt 0.3111697 0.5193313
vt 0.3111697 0.5193313
vt 0.3111697 0.5193313
vt 0.3111697 0.5193313
vt 0.3111697 0.5193313
vt 0.3111697 0.5193313
vt 0.3111697 0.5193313
vt 0.3111697 0.5193313
vt 0.3111697 0.5193313
vt 0.3111697 0.5193313
vt 0.3111697 0.5193313
vt 0.3111697 0.5193313
vt 0.058907457 0.47125965
vt 0.058907453 0.47125968
vt 0.05890746 0.47125968
vt 0.058907453 0.47125965
vt 0.058907453 0.47125968
vt 0.058907453 0.47125968
vt 0.058907457 0.47125965
vt 0.058907453 0.47125968
vt 0.058907453 0.47125968
vt 0.058907453 0.47125968
vt 0.058907453 0.47125965
vt 0.05890746 0.47125968
vt 0.058907453 0.47125968
vt 0.058907453 0.47125968
vt 0.058907457 0.47125965
vt 0.058907453 0.47125965
vt 0.058907453 0.47125968
vt 0.058907457 0.47125965
vt 0.058907453 0.47125968
vt 0.058907457 0.47125968
vt 0.058907457 0.47125968
vt 0.058907457 0.4712597
vt 0.058907457 0.47125965
vt 0.058907457 0.47125968
vt 0.058907453 0.47125968
vt 0.058907453 0.47125965
vt 0.058907453 0.47125968
vt 0.05890745 0.47125965
vt 0.058907453 0.47125968
vt 0.05890745 0.47125965
vt 0.058907453 0.47125968
vt 0.058907453 0.47125965
vt 0.058907453 0.47125968
vt 0.058907453 0.47125968
vt 0.058907457 0.47125965
vt 0.05890745 0.47125965
vt 0.058907453 0.47125968
vt 0.058907457 0.47125968
vt 0.058907453 0.47125968
vt 0.058907453 0.47125965
vt 0.05890746 0.47125968
vt 0.058907457 0.47125965
vt 0.058907453 0.47125965
vt 0.058907457 0.47125965
vt 0.058907453 0.47125968
vt 0.058907453 0.47125965
vt 0.05890746 0.47125968
vt 0.058907453 0.47125968
vt 0.058907453 0.47125965
vt 0.058907457 0.4712597
vt 0.058907453 0.47125968
vt 0.058907453 0.47125968
vt 0.058907453 0.47125968
vt 0.058907457 0.47125965
vt 0.058907457 0.47125968
vt 0.058907457 0.47125968
vt 0.058907457 0.4712597
vt 0.058907457 0.4712597
vt 0.058907453 0.47125968
vt 0.058907457 0.47125968
vt 0.05890746 0.47125974
vt 0.058907453 0.47125965
vt 0.05890746 0.47125974
vt 0.058907453 0.47125968
vt 0.058907453 0.47125965
vt 0.05890746 0.47125974
vt 0.058907457 0.47125965
vt 0.05890746 0.47125968
vt 0.058907453 0.47125968
vt 0.058907453 0.47125968
vt 0.058907457 0.47125968
vt 0.05890746 0.47125974
vt 0.058907453 0.47125965
vt 0.058907457 0.4712597
vt 0.058907457 0.4712597
vt 0.058907453 0.47125965
vt 0.058907453 0.47125965
vt 0.05890746 0.47125974
vt 0.05890746 0.47125974
vt 0.05890746 0.47125974
vt 0.058907453 0.47125965
vt 0.058907453 0.47125965
vt 0.058907453 0.47125965
vt 0.058907457 0.4712597
vt 0.058907457 0.47125968
vt 0.058907453 0.47125965
vt 0.058907457 0.4712597
vt 0.058907453 0.47125968
vt 0.05890746 0.47125974
vt 0.058907453 0.47125965
vt 0.058907457 0.4712597
vt 0.058907457 0.47125968
vt 0.058907457 0.47125968
vt 0.058907457 0.4712597
vt 0.058907457 0.47125968
vt 0.058907457 0.47125968
vt 0.058907457 0.4712597
vt 0.058907457 0.4712597
vt 0.058907457 0.4712597
vt 0.058907457 0.4712597
vt 0.058907453 0.47125965
vt 0.058907457 0.47125968
vt 0.05890746 0.47125974
vt 0.05890745 0.47125965
vt 0.058907457 0.47125965
vt 0.058907453 0.47125968
vt 0.058907457 0.47125968
vt 0.05890745 0.47125965
vt 0.058907457 0.47125968
vt 0.058907457 0.47125968
vt 0.058907453 0.47125965
vt 0.058907457 0.47125968
vt 0.058907457 0.47125965
vt 0.058907453 0.47125965
vt 0.058907453 0.47125968
vt 0.058907457 0.4712597
vt 0.05890746 0.47125968
vt 0.058907457 0.47125965
vt 0.058907457 0.4712597
vt 0.058907453 0.47125968
vt 0.058907453 0.47125965
vt 0.058907457 0.47125965
vt 0.058907457 0.47125968
vt 0.058907453 0.47125965
vt 0.058907457 0.4712597
vt 0.058907457 0.4712597
vt 0.058907453 0.47125968
vt 0.058907457 0.47125968
vt 0.058907457 0.47125968
vt 0.058907457 0.47125968
vt 0.05890746 0.47125968
vt 0.058907457 0.47125965
vt 0.058907453 0.47125968
vt 0.058907453 0.47125968
vt 0.058907457 0.4712597
vt 0.058907457 0.47125968
vt 0.058907453 0.47125965
vt 0.05890746 0.47125974
vt 0.058907457 0.47125968
vt 0.05890746 0.47125974
vt 0.058907457 0.4712597
vt 0.058907453 0.47125965
vt 0.058907453 0.47125965
vt 0.05890746 0.47125974
vt 0.058907453 0.47125965
vt 0.058907453 0.47125965
vt 0.05890746 0.47125974
vt 0.058907453 0.47125965
vt 0.058907453 0.47125965
vt 0.05890746 0.47125974
vt 0.058907457 0.47125968
vt 0.058907457 0.4712597
vt 0.058907457 0.4712597
vt 0.058907457 0.47125968
vt 0.058907453 0.47125965
vt 0.058907457 0.4712597
vt 0.058907457 0.47125968
vt 0.05890746 0.47125974
vt 0.058907457 0.47125968
vt 0.058907457 0.4712597
vt 0.058907453 0.47125965
vt 0.058907457 0.47125968
vt 0.058907457 0.4712597
vt 0.05890746 0.47125974
vt 0.058907453 0.47125965
vt 0.058907453 0.47125965
vt 0.058907453 0.47125965
vt 0.058907453 0.47125968
vt 0.058907453 0.47125968
vt 0.058907453 0.47125968
vt 0.058907453 0.47125968
vt 0.05890746 0.47125968
vt 0.058907453 0.47125968
vt 0.058907457 0.47125965
vt 0.058907453 0.47125965
vt 0.058907457 0.47125968
vt 0.058907453 0.47125965
vt 0.058907453 0.47125965
vt 0.058907457 0.4712597
vt 0.058907457 0.4712597
vt 0.058907457 0.47125968
vt 0.058907453 0.47125968
vt 0.058907457 0.4712597
vt 0.058907457 0.47125968
vt 0.058907457 0.47125968
vt 0.058907457 0.4712597
vt 0.05890746 0.47125974
vt 0.058907453 0.47125965
vt 0.058907457 0.4712597
vt 0.058907453 0.47125965
vt 0.058907453 0.47125965
vt 0.058907453 0.47125968
vt 0.058907453 0.47125968
vt 0.058907453 0.47125965
vt 0.058907457 0.47125965
vt 0.058907453 0.47125968
vt 0.058907457 0.47125968
vt 0.058907457 0.4712597
vt 0.058907453 0.47125965
vt 0.058907453 0.47125968
vt 0.058907453 0.47125968
vt 0.05890746 0.47125968
vt 0.058907457 0.4712597
vt 0.058907457 0.47125965
vt 0.05890745 0.47125965
vt 0.058907453 0.47125968
vt 0.05890746 0.47125968
vt 0.058907457 0.47125965
vt 0.058907453 0.47125965
vt 0.058907457 0.4712597
vt 0.05890746 0.47125968
vt 0.058907457 0.4712597
vt 0.058907457 0.47125968
vt 0.058907457 0.47125968
vt 0.058907453 0.47125968
vt 0.058907457 0.4712597
vt 0.058907453 0.47125965
vt 0.05890745 0.47125965
vt 0.058907457 0.47125968
vt 0.058907457 0.47125968
vt 0.058907457 0.47125965
vt 0.058907457 0.47125968
vt 0.058907453 0.47125965
vt 0.058907457 0.4712597
vt 0.058907457 0.47125968
vt 0.058907457 0.47125968
vt 0.05890746 0.47125968
vt 0.058907457 0.47125965
vt 0.058907453 0.47125968
vt 0.058907453 0.47125968
vt 0.058907457 0.4712597
vt 0.058907453 0.47125965
vt 0.058907453 0.47125968
vt 0.058907453 0.47125965
vt 0.058907457 0.47125965
vt 0.05890746 0.47125968
vt 0.058907453 0.47125968
vt 0.058907453 0.47125968
vt 0.058907453 0.47125968
vt 0.058907453 0.47125965
vt 0.058907457 0.47125965
vt 0.058907457 0.47125968
vt 0.058907457 0.4712597
vt 0.058907453 0.47125965
vt 0.05890746 0.47125974
vt 0.058907453 0.47125965
vt 0.05890746 0.47125974
vt 0.058907457 0.47125968
vt 0.058907457 0.4712597
vt 0.80838287 0.4597031
vt 0.80838305 0.45970315
vt 0.8083831 0.45970315
vt 0.8083831 0.4597031
vt 0.8083831 0.45970312
vt 0.8083831 0.4597031
vt 0.8083831 0.45970312
vt 0.8083831 0.4597031
vt 0.8083831 0.45970312
vt 0.8083831 0.4597031
vt 0.8083831 0.45970312
vt 0.8083831 0.45970312
vt 0.8083831 0.4597031
vt 0.8083831 0.45970312
vt 0.808383 0.45970315
vt 0.8083831 0.4597031
vt 0.8083831 0.45970312
vt 0.8083831 0.4597031
vt 0.8083831 0.45970312
vt 0.8083831 0.4597031
vt 0.8083831 0.45970312
vt 0.8083831 0.4597031
vt 0.8083831 0.45970312
vt 0.8083831 0.4597031
vt 0.8083831 0.45970312
vt 0.8083831 0.4597031
vt 0.8083831 0.45970312
vt 0.8083831 0.4597031
vt 0.17835723 0.5193313
vt 0.17835723 0.5193313
vt 0.17835723 0.5193313
vt 0.17835723 0.5193313
vt 0.17835723 0.5193313
vt 0.17835723 0.5193313
vt 0.17835723 0.5193313
vt 0.17835723 0.5193313
vt 0.17835723 0.5193313
vt 0.17835723 0.5193313
vt 0.17835723 0.5193313
vt 0.17835723 0.5193313
vt 0.17835723 0.5193313
vt 0.17835723 0.5193313
vt 0.17835723 0.5193313
vt 0.17835723 0.5193313
vt 0.3111697 0.5193313
vt 0.3111697 0.5193313
vt 0.3111697 0.5193313
vt 0.3111697 0.5193313
vt 0.3111697 0.5193313
vt 0.3111697 0.5193313
vt 0.3111697 0.5193313
vt 0.3111697 0.5193313
vt 0.3111697 0.5193313
vt 0.3111697 0.5193313
vt 0.3111697 0.5193313
vt 0.3111697 0.5193313
vt 0.3111697 0.5193313
vt 0.3111697 0.5193313
vt 0.3111697 0.5193313
vt 0.3111697 0.5193313
vt 0.3111697 0.5193313
vt 0.3111697 0.5193313
vt 0.3111697 0.5193313
vt 0.3111697 0.5193313
vt 0.3111697 0.5193313
vt 0.3111697 0.5193313
vt 0.3111697 0.5193313
vt 0.3111697 0.5193313
vt 0.3111697 0.5193313
vt 0.3111697 0.5193313
vt 0.3111697 0.5193313
vt 0.3111697 0.5193313
vt 0.3111697 0.5193313
vt 0.3111697 0.5193313
vt 0.3111697 0.5193313
vt 0.3111697 0.5193313
vt 0.3111697 0.5193313
vt 0.3111697 0.5193313
vt 0.3111697 0.5193313
vt 0.3111697 0.5193313
vt 0.058907457 0.47125965
vt 0.05890746 0.47125968
vt 0.058907453 0.47125968
vt 0.058907453 0.47125965
vt 0.058907453 0.47125968
vt 0.058907453 0.47125968
vt 0.058907457 0.47125965
vt 0.058907457 0.47125965
vt 0.058907453 0.47125965
vt 0.058907453 0.47125968
vt 0.05890746 0.47125968
vt 0.058907453 0.47125965
vt 0.058907457 0.4712597
vt 0.058907453 0.47125968
vt 0.058907457 0.47125968
vt 0.058907453 0.47125968
vt 0.058907453 0.47125965
vt 0.058907457 0.47125968
vt 0.058907457 0.4712597
vt 0.05890746 0.47125968
vt 0.058907457 0.4712597
vt 0.058907453 0.47125968
vt 0.058907453 0.47125965
vt 0.058907457 0.47125968
vt 0.058907457 0.47125965
vt 0.058907453 0.47125965
vt 0.058907457 0.4712597
vt 0.058907453 0.47125968
vt 0.05890745 0.47125965
vt 0.058907453 0.47125968
vt 0.058907457 0.47125968
vt 0.058907457 0.4712597
vt 0.058907453 0.47125968
vt 0.058907453 0.47125965
vt 0.05890746 0.47125968
vt 0.058907457 0.47125965
vt 0.058907453 0.47125965
vt 0.058907457 0.4712597
vt 0.058907453 0.47125968
vt 0.05890746 0.47125968
vt 0.058907457 0.47125965
vt 0.058907453 0.47125965
vt 0.058907453 0.47125968
vt 0.058907453 0.47125968
vt 0.058907457 0.47125965
vt 0.058907453 0.47125965
vt 0.05890746 0.47125974
vt 0.058907457 0.4712597
vt 0.058907453 0.47125965
vt 0.058907457 0.47125968
vt 0.058907453 0.47125965
vt 0.058907457 0.4712597
vt 0.30918872 0.5046109
vt 0.30918872 0.5046109
vt 0.30918872 0.5046109
vt 0.30918872 0.5046109
vt 0.30918872 0.5046109
vt 0.30918872 0.5046109
vt 0.30918872 0.5046109
vt 0.30918872 0.5046109
vt 0.30918872 0.5046109
vt 0.30918872 0.5046109
vt 0.30918872 0.5046109
vt 0.30918872 0.5046109
vt 0.30918872 0.5046109
vt 0.30918872 0.5046109
vt 0.30918872 0.5046109
vt 0.30918872 0.5046109
vt 0.30918872 0.5046109
vt 0.30918872 0.5046109
vt 0.30918872 0.5046109
vt 0.30918872 0.5046109
vt 0.30918872 0.5046109
vt 0.30918872 0.5046109
vt 0.30918872 0.5046109
vt 0.30918872 0.5046109
vt 0.30918872 0.5046109
vt 0.30918872 0.5046109
vt 0.30918872 0.5046109
vt 0.30918872 0.50461096
vt 0.30918872 0.5046109
vt 0.30918872 0.5046109
vt 0.30918872 0.5046109
vt 0.30918872 0.5046109
vt 0.30918872 0.5046109
vt 0.30918872 0.5046109
vt 0.30918872 0.5046109
vt 0.30918872 0.5046109
vt 0.30918872 0.5046109
vt 0.30918872 0.5046109
vt 0.30918872 0.5046109
vt 0.30918872 0.5046109
vt 0.30918872 0.5046109
vt 0.30918872 0.5046109
vt 0.30918872 0.5046109
vt 0.30918872 0.5046109
vt 0.30918872 0.5046109
vt 0.30918872 0.5046109
vt 0.30918872 0.5046109
vt 0.30918872 0.5046109
vt 0.30918872 0.5046109
vt 0.30918872 0.5046109
vt 0.30918872 0.5046109
vt 0.30918872 0.5046109
vt 0.30918872 0.5046109
vt 0.30918872 0.5046109
vt 0.30918872 0.5046109
vt 0.30918872 0.5046109
vt 0.30918872 0.5046109
vt 0.30918872 0.5046109
vt 0.30918872 0.5046109
vt 0.30918872 0.5046109
vt 0.30918872 0.5046109
vt 0.30918872 0.5046109
vt 0.30918872 0.5046109
vt 0.30918872 0.50461096
vt 0.30918872 0.5046109
vt 0.30918872 0.5046109
vt 0.30918872 0.5046109
vt 0.30918872 0.5046109
vt 0.30918872 0.5046109
vt 0.30918872 0.5046109
vt 0.30918872 0.5046109
vt 0.30918872 0.5046109
vt 0.30918872 0.5046109
vt 0.30918872 0.5046109
vt 0.30918872 0.5046109
vt 0.30918872 0.5046109
vt 0.30918872 0.5046109
vt 0.30918872 0.5046109
vt 0.30918872 0.5046109
vt 0.30918872 0.5046109
vt 0.30918872 0.5046109
vt 0.30918872 0.5046109
vt 0.30918872 0.5046109
vt 0.30918872 0.5046109
vt 0.30918872 0.5046109
vt 0.30918872 0.5046109
vt 0.30918872 0.5046109
vt 0.30918872 0.5046109
vt 0.30918872 0.5046109
vt 0.30918872 0.5046109
vt 0.30918872 0.5046109
vt 0.30918872 0.50461096
vt 0.30918872 0.5046109
vt 0.30918872 0.5046109
vt 0.30918872 0.5046109
vt 0.30918872 0.5046109
vt 0.30918872 0.5046109
vt 0.30918872 0.5046109
vt 0.30918872 0.5046109
vt 0.30918872 0.5046109
vt 0.30918872 0.5046109
vt 0.30918872 0.5046109
vt 0.30918872 0.5046109
vt 0.30918872 0.5046109
vt 0.30918872 0.5046109
vt 0.30918872 0.5046109
vt 0.30918872 0.5046109
vt 0.30918872 0.5046109
vt 0.30918872 0.5046109
vt 0.30918872 0.5046109
vt 0.30918872 0.5046109
vt 0.30918872 0.5046109
vt 0.30918872 0.5046109
vt 0.30918872 0.5046109
vt 0.30918872 0.5046109
vt 0.30918872 0.5046109
vt 0.30918872 0.5046109
vt 0.30918872 0.5046109
vt 0.30918872 0.5046109
vt 0.30918872 0.5046109
vt 0.30918872 0.5046109
vt 0.30918872 0.5046109
vt 0.30918872 0.5046109
vt 0.30918872 0.5046109
vt 0.30918872 0.5046109
vt 0.30918872 0.5046109
vt 0.30918872 0.5046109
vt 0.30918872 0.50461096
vt 0.5629386 0.5208659
vt 0.5629386 0.5208659
vt 0.5629386 0.5208659
vt 0.5629386 0.5208659
vt 0.5629386 0.520866
vt 0.5629386 0.520866
vt 0.5629386 0.520866
vt 0.5629386 0.520866
vt 0.5629386 0.5208659
vt 0.5629386 0.5208659
vt 0.5629386 0.5208659
vt 0.5629386 0.5208659
vt 0.5629386 0.52086604
vt 0.5629386 0.520866
vt 0.5629386 0.5208659
vt 0.5629386 0.5208659
vt 0.5629386 0.5208659
vt 0.5629386 0.5208659
vt 0.5629386 0.5208659
vt 0.5629386 0.5208659
vt 0.5629386 0.5208659
vt 0.5629386 0.520866
vt 0.5629386 0.5208659
vt 0.5629386 0.5208659
vt 0.5629386 0.52086604
vt 0.5629386 0.520866
vt 0.5629386 0.52086604
vt 0.5629386 0.52086604
vt 0.5629386 0.5208659
vt 0.5629386 0.5208659
vt 0.5629386 0.5208659
vt 0.5629386 0.5208659
vt 0.5629386 0.52086604
vt 0.5629386 0.520866
vt 0.5629386 0.52086604
vt 0.5629386 0.52086604
vt 0.5629386 0.5208659
vt 0.5629386 0.5208659
vt 0.5629386 0.5208659
vt 0.5629386 0.5208659
vt 0.5629386 0.5208659
vt 0.5629386 0.52086604
vt 0.5629386 0.520866
vt 0.5629386 0.52086604
vt 0.5629386 0.52086604
vt 0.5629386 0.52086604
vt 0.5629386 0.5208659
vt 0.5629386 0.5208659
vt 0.5629386 0.5208659
vt 0.5629386 0.5208659
vt 0.5629386 0.520866
vt 0.5629386 0.52086604
vt 0.5629386 0.5208659
vt 0.5629386 0.5208659
vt 0.5629386 0.5208659
vt 0.5629386 0.520866
vt 0.5629386 0.52086604
vt 0.5629386 0.5208659
vt 0.5629386 0.5208659
vt 0.5629386 0.5208659
vt 0.5629386 0.52086604
vt 0.5629386 0.5208659
vt 0.5629386 0.520866
vt 0.5629386 0.52086604
vt 0.5629386 0.520866
vt 0.5629386 0.520866
vt 0.5629386 0.520866
vt 0.5629386 0.5208659
vt 0.5629386 0.5208659
vt 0.5629386 0.520866
vt 0.5629386 0.5208659
vt 0.5629386 0.520866
vt 0.5629386 0.520866
vt 0.5629386 0.520866
vt 0.5629386 0.520866
vt 0.5629386 0.5208659
vt 0.5629386 0.5208659
vt 0.5629386 0.5208659
vt 0.5629386 0.5208659
vt 0.5629386 0.5208659
vt 0.5629386 0.5208659
vt 0.5629386 0.49606282
vt 0.5629386 0.49606284
vt 0.5629386 0.49606293
vt 0.5629386 0.49606282
vt 0.5629386 0.49606282
vt 0.5629386 0.49606282
vt 0.5629386 0.49606282
vt 0.5629386 0.49606282
vt 0.5629386 0.49606282
vt 0.5629386 0.49606282
vt 0.5629386 0.49606284
vt 0.5629386 0.49606282
vt 0.5629386 0.49606282
vt 0.5629386 0.49606282
vt 0.5629386 0.4960629
vt 0.5629386 0.49606282
vt 0.5629386 0.49606284
vt 0.5629386 0.49606282
vt 0.5629386 0.49606284
vt 0.5629386 0.49606293
vt 0.5629386 0.49606284
vt 0.5629386 0.49606282
vt 0.5629386 0.49606282
vt 0.5629386 0.49606284
vt 0.5629386 0.49606284
vt 0.5629386 0.49606293
vt 0.5629386 0.4960629
vt 0.5629386 0.49606293
vt 0.5629386 0.4960629
vt 0.5629386 0.49606293
vt 0.5629386 0.49606293
vt 0.5629386 0.49606284
vt 0.5629386 0.49606284
vt 0.5629386 0.49606284
vt 0.5629386 0.49606293
vt 0.5629386 0.49606284
vt 0.5629386 0.49606284
vt 0.5629386 0.49606284
vt 0.5629386 0.49606284
vt 0.5629386 0.49606284
vt 0.5629386 0.49606293
vt 0.5629386 0.49606293
vt 0.5629386 0.4960629
vt 0.5629386 0.49606293
vt 0.5629386 0.4960629
vt 0.5629386 0.49606293
vt 0.5629386 0.49606293
vt 0.5629386 0.49606293
vt 0.5629386 0.4960628
vt 0.5629386 0.4960628
vt 0.5629386 0.49606282
vt 0.5629386 0.49606282
vt 0.5629386 0.49606282
vt 0.5629386 0.49606282
vt 0.5629386 0.4960628
vt 0.5629386 0.4960629
vt 0.5629386 0.4960628
vt 0.5629386 0.49606284
vt 0.5629386 0.49606284
vt 0.5629386 0.49606284
vt 0.5629386 0.49606284
vt 0.5629386 0.49606284
vt 0.5629386 0.4960629
vt 0.5629386 0.49606282
vt 0.5629386 0.49606282
vt 0.5629386 0.49606287
vt 0.5629386 0.49606282
vt 0.5629386 0.49606282
vt 0.5629386 0.49606284
vt 0.5629386 0.49606287
vt 0.5629386 0.49606282
vt 0.5629386 0.49606282
vt 0.5629386 0.49606282
vt 0.93858427 0.48746976
vt 0.93858427 0.48746976
vt 0.93858427 0.4874698
vt 0.93858427 0.48746976
vt 0.93858427 0.48746976
vt 0.93858427 0.48746976
vt 0.93858427 0.48746976
vt 0.93858427 0.48746976
vt 0.93858427 0.48746976
vt 0.93858427 0.48746976
vt 0.93858427 0.48746976
vt 0.93858427 0.48746976
vt 0.93858427 0.48746976
vt 0.6853945 0.5193313
vt 0.6853945 0.5193313
vt 0.6853945 0.5193313
vt 0.6853945 0.5193313
vt 0.6853945 0.5193313
vt 0.6853945 0.5193313
vt 0.6853945 0.5193313
vt 0.6853945 0.5193313
vt 0.6853945 0.5193313
vt 0.6853945 0.5193313
vt 0.6853945 0.5193313
vt 0.6853945 0.5193313
vt 0.6853945 0.5193313
vt 0.6853945 0.5193313
vt 0.6853945 0.5193313
vt 0.6853945 0.5193313
vt 0.6853945 0.5193313
vt 0.6853945 0.5193313
vt 0.6853945 0.5193313
vt 0.6853945 0.5193313
vt 0.6853945 0.5193313
vt 0.6853945 0.5193313
vt 0.6853945 0.5193313
vt 0.6853945 0.5193313
vt 0.6853945 0.5193313
vt 0.69192934 0.484375
vt 0.69192934 0.48437497
vt 0.69192934 0.48437494
vt 0.69192934 0.484375
vt 0.69192934 0.48437497
vt 0.69192934 0.48437497
vt 0.69192934 0.48437497
vt 0.69192934 0.48437494
vt 0.69192934 0.48437497
vt 0.69192934 0.484375
vt 0.69192934 0.484375
vt 0.69192934 0.48437497
vt 0.69192934 0.48437494
vt 0.69192934 0.48437497
vt 0.69192934 0.484375
vt 0.69192934 0.48437497
vt 0.69192934 0.48437494
vt 0.93858427 0.48746976
vt 0.93858427 0.4874698
vt 0.93858427 0.48746976
vt 0.93858427 0.48746976
vt 0.93858427 0.48746976
vt 0.93858427 0.48746976
vt 0.93858427 0.48746976
vt 0.93858427 0.48746976
vt 0.93858427 0.48746976
vt 0.93858427 0.48746976
vt 0.93858427 0.48746976
vt 0.93858427 0.48746976
vt 0.93858427 0.48746976
vt 0.6853945 0.5193313
vt 0.6853945 0.5193313
vt 0.6853945 0.5193313
vt 0.6853945 0.5193313
vt 0.6853945 0.5193313
vt 0.6853945 0.5193313
vt 0.6853945 0.5193313
vt 0.6853945 0.5193313
vt 0.6853945 0.5193313
vt 0.6853945 0.5193313
vt 0.6853945 0.5193313
vt 0.6853945 0.5193313
vt 0.6853945 0.5193313
vt 0.6853945 0.5193313
vt 0.6853945 0.5193313
vt 0.6853945 0.5193313
vt 0.6853945 0.5193313
vt 0.6853945 0.5193313
vt 0.6853945 0.5193313
vt 0.6853945 0.5193313
vt 0.6853945 0.5193313
vt 0.6853945 0.5193313
vt 0.6853945 0.5193313
vt 0.6853945 0.5193313
vt 0.6853945 0.5193313
vt 0.69192934 0.484375
vt 0.69192934 0.48437494
vt 0.69192934 0.48437497
vt 0.69192934 0.484375
vt 0.69192934 0.48437497
vt 0.69192934 0.48437497
vt 0.69192934 0.48437497
vt 0.69192934 0.48437494
vt 0.69192934 0.48437497
vt 0.69192934 0.484375
vt 0.69192934 0.484375
vt 0.69192934 0.48437497
vt 0.69192934 0.48437494
vt 0.69192934 0.48437497
vt 0.69192934 0.484375
vt 0.69192934 0.48437497
vt 0.69192934 0.48437494
vt 0.6853945 0.5193313
vt 0.6853945 0.5193313
vt 0.6853945 0.5193313
vt 0.6853945 0.5193313
vt 0.6853945 0.5193313
vt 0.6853945 0.5193313
vt 0.6853945 0.5193313
vt 0.6853945 0.5193313
vt 0.6853945 0.5193313
vt 0.6853945 0.5193313
vt 0.6853945 0.5193313
vt 0.6853945 0.5193313
vt 0.6853945 0.5193313
vt 0.6853945 0.5193313
vt 0.6853945 0.5193313
vt 0.6853945 0.5193313
vt 0.6853945 0.5193313
vt 0.6853945 0.5193313
vt 0.6853945 0.5193313
vt 0.6853945 0.5193313
vt 0.6853945 0.5193313
vt 0.6853945 0.5193313
vt 0.6853945 0.5193313
vt 0.6853945 0.5193313
vt 0.6853945 0.5193313
vt 0.6853945 0.5193313
vt 0.6853945 0.5193313
vt 0.6853945 0.5193313
vt 0.6853945 0.5193313
vt 0.6853945 0.5193313
vt 0.6853945 0.5193313
vt 0.6853945 0.5193313
vt 0.6853945 0.5193313
vt 0.6853945 0.5193313
vt 0.6853945 0.5193313
vt 0.6853945 0.5193313
vt 0.6853945 0.5193313
vt 0.6853945 0.5193313
vt 0.6853945 0.5193313
vt 0.6853945 0.5193313
vt 0.6853945 0.5193313
vt 0.6853945 0.5193313
vt 0.6853945 0.5193313
vt 0.6853945 0.5193313
vt 0.6853945 0.5193313
vt 0.6853945 0.5193313
vt 0.6853945 0.5193313
vt 0.6853945 0.5193313
vt 0.6853945 0.5193313
vt 0.6853945 0.5193313
vn 0.9886205 -0.13493729 -0.06649416
vn 0.78841925 -0.61345035 -0.045537848
vn 0.8182985 -0.53948873 0.19834168
vn 0.9886205 -0.13493729 -0.06649416
vn 0.79191226 -0.37620938 -0.48097965
vn 0.77865857 -0.5535739 -0.2953755
vn 0.9886205 -0.13493729 -0.06649416
vn 0.9335129 0.35099208 -0.073199734
vn 0.90605414 0.28673634 -0.3112043
vn -0.9886205 -0.13493726 -0.06649415
vn -0.81829846 -0.53948885 0.19834176
vn -0.78841925 -0.6134504 -0.04553797
vn -0.9886205 -0.13493726 -0.06649415
vn -0.77865857 -0.5535739 -0.29537565
vn -0.79191214 -0.37620953 -0.48097983
vn -0.9886205 -0.13493726 -0.06649415
vn -0.90605414 0.28673637 -0.3112044
vn -0.93351287 0.35099223 -0.0731998
vn 0.9886205 -0.13493729 -0.06649416
vn 0.82425207 -0.1315662 -0.5507257
vn 0.79191226 -0.37620938 -0.48097965
vn 0.8662162 0.11139935 -0.48709306
vn 0.6594115 0.27314165 -0.7004072
vn 0.82425207 -0.1315662 -0.5507257
vn 0.58881795 -0.09964054 -0.80210054
vn 0.79191226 -0.37620938 -0.48097965
vn 0.533341 -0.47955066 -0.6968347
vn 0.77865857 -0.5535739 -0.2953755
vn 0.72520465 0.5390053 -0.4284291
vn 0.51030225 -0.7569114 -0.4082607
vn 0.90605414 0.28673634 -0.3112043
vn 0.76999074 0.634856 -0.06381233
vn 0.9886205 -0.13493729 -0.06649416
vn 0.9335129 0.35099208 -0.073199734
vn 0.7841425 0.54297215 0.30050263
vn 0.78841925 -0.61345035 -0.045537848
vn 0.5272889 -0.84948796 -0.018344797
vn 0.8182985 -0.53948873 0.19834168
vn 0.57868147 -0.73217225 0.3592374
vn 0.94223905 0.29140216 0.1651374
vn 0.7648686 0.2877332 0.57635546
vn 0.859524 -0.35411286 0.3685413
vn 0.6482509 -0.44409716 0.618505
vn 0.9303597 0.12399988 0.34504312
vn 0.7160033 -0.0706567 0.694512
vn 0.9004435 -0.11089034 0.42060056
vn -0.045801297 -0.9900748 -0.13286881
vn -0.12812607 -0.98794067 -0.08692999
vn -0.24998948 -0.89355075 0.37292388
vn 0.07972588 -0.961208 -0.26405123
vn 0.13107829 -0.9699331 -0.20505635
vn 0.035947755 -0.9899159 -0.13701887
vn 0.11513502 -0.9825266 -0.14623758
vn 0.2282854 -0.95099837 -0.2085374
vn -0.3291802 -0.9440777 0.018911365
vn -0.3531197 -0.9355331 0.009190031
vn 0.042958762 -0.95275146 -0.30069774
vn 0.281198 -0.9001643 -0.33261362
vn 0.36598238 -0.9074308 -0.206461
vn -0.3011763 -0.9478052 -0.104680985
vn 0.43133444 -0.85756904 0.280225
vn 0.49951386 -0.85574245 -0.13487317
vn 0.281198 -0.9001643 -0.33261362
vn 0.78222847 0.013854782 -0.62283766
vn 0.042958762 -0.95275146 -0.30069774
vn 0.89233094 -0.0036383949 -0.4513671
vn 0.36598238 -0.9074308 -0.206461
vn 0.5579536 0.72336614 -0.40672988
vn 0.98233426 -0.017754884 -0.18629067
vn 0.49951386 -0.85574245 -0.13487317
vn 0.64622545 0.7147306 -0.26749378
vn 0.09562013 0.9859649 -0.1368572
vn 0.9877359 0.05530338 0.1460111
vn 0.43133444 -0.85756904 0.280225
vn 0.71400106 0.7000173 -0.013349435
vn 0.17341673 0.98416257 -0.03675093
vn -0.40512076 0.90328753 0.14124016
vn 0.20481144 0.95244044 0.2256312
vn -0.33898523 0.9193368 0.19977191
vn -0.81253666 0.43849936 0.38406053
vn -0.8342557 0.41579282 0.3621239
vn -0.82149017 -0.47578382 0.31429878
vn 0.5120806 0.10589304 0.852385
vn -0.24998948 -0.89355075 0.37292388
vn 0.76994723 0.6143904 0.17235366
vn 0.36058623 0.8014976 0.47705266
vn -0.28724176 0.8782577 0.38230306
vn -0.4506893 -0.082164496 0.8888915
vn -0.12812607 -0.98794067 -0.08692999
vn -0.82798785 -0.46360165 0.31545165
vn 0.11513502 -0.9825266 -0.14623758
vn 0.035947755 -0.9899159 -0.13701887
vn -0.7878398 0.4204869 0.4499992
vn -0.36634016 0.6971622 0.61624646
vn -0.8248654 -0.33703452 0.45387742
vn -0.045801297 -0.9900748 -0.13286881
vn -0.83052707 -0.4540975 0.3225219
vn -0.7603274 0.37147465 0.53283095
vn 0.99576724 -0.07360468 -0.055045974
vn 0.9790218 0.20307475 0.01664331
vn 0.95223594 -0.15661319 -0.26214305
vn 0.9891271 0.1381304 0.050473686
vn 0.7840845 0.56609255 0.25446165
vn 0.75787514 0.5437835 0.36045063
vn 0.8232573 -0.055876076 0.56491166
vn 0.83340055 -0.3524376 0.42571273
vn 0.99576724 -0.07360468 -0.055045974
vn 0.83906186 -0.408428 0.35939083
vn 0.9912162 -0.114874914 -0.065530896
vn 0.95223594 -0.15661319 -0.26214305
vn 0.83874285 -0.41508704 0.35243884
vn 0.88096696 -0.03835121 -0.47162113
vn 0.40080354 -0.6130573 -0.680821
vn 0.32475936 -0.007507989 -0.94576687
vn 0.97990555 -0.17265287 -0.09988019
vn 0.79562193 -0.52560824 0.3012004
vn 0.8311433 0.017480358 -0.5557835
vn 0.92932045 -0.31978616 -0.18466254
vn 0.6413389 -0.76627487 0.03882329
vn 0.65487504 -0.6553293 -0.37640685
vn 0.7528899 -0.14508295 -0.6419562
vn 0.92932045 -0.31978616 -0.18466254
vn 0.2713615 0.21453673 -0.9382627
vn 0.32475936 -0.007507989 -0.94576687
vn 0.88096696 -0.03835121 -0.47162113
vn 0.23596722 0.03296973 -0.9712016
vn -0.2713616 0.21453671 -0.9382627
vn -0.23596726 0.032969736 -0.9712016
vn -0.2713616 0.21453671 -0.9382627
vn -0.3247593 -0.007508002 -0.94576687
vn -0.8311433 0.017480388 -0.5557834
vn -0.88096696 -0.03835124 -0.47162113
vn -0.75288993 -0.14508288 -0.64195615
vn -0.23596726 0.032969736 -0.9712016
vn -0.97990555 -0.1726528 -0.09988016
vn -0.92932045 -0.31978604 -0.18466246
vn -0.88096696 -0.03835124 -0.47162113
vn -0.9912162 -0.114874914 -0.06553091
vn -0.95223594 -0.1566132 -0.2621431
vn -0.40080345 -0.61305726 -0.68082106
vn -0.3247593 -0.007508002 -0.94576687
vn 0.40080354 -0.6130573 -0.680821
vn -0.99576724 -0.07360472 -0.05504598
vn 0.3075298 -0.92892045 -0.20623332
vn 0.95223594 -0.15661319 -0.26214305
vn 0.8919431 -0.45186365 -0.016021807
vn -0.3075298 -0.92892045 -0.20623332
vn 0.25558883 -0.9655057 -0.04972995
vn -0.8390619 -0.40842795 0.3593908
vn -0.83340055 -0.35243753 0.42571267
vn -0.83874285 -0.41508704 0.35243887
vn -0.79562193 -0.52560836 0.3012005
vn -0.92932045 -0.31978604 -0.18466246
vn -0.6413389 -0.76627487 0.038823273
vn -0.65487504 -0.65532935 -0.37640694
vn -0.2555889 -0.9655057 -0.049729947
vn -0.8919431 -0.45186365 -0.016021827
vn 0.2664038 -0.92287207 -0.27809376
vn 0.735428 -0.67698455 -0.028940953
vn 0.75369877 -0.6402434 0.1484132
vn 0.91212404 -0.12072494 0.39173344
vn -0.7536987 -0.6402435 0.14841323
vn -0.9728842 0.12971762 0.19149378
vn -0.91212416 -0.12072503 0.39173347
vn -0.9790218 0.20307484 0.016643321
vn -0.95223594 -0.1566132 -0.2621431
vn -0.7938368 0.49756822 0.3496415
vn -0.77693015 0.2873871 0.560168
vn -0.26640382 -0.92287207 -0.27809376
vn -0.735428 -0.67698455 -0.028940937
vn -0.7536987 -0.6402435 0.14841323
vn 0.30358836 -0.59215444 -0.74644977
vn -0.30358836 -0.59215444 -0.74644977
vn 0.80545443 -0.43362215 -0.40399873
vn 0.88481164 -0.3017987 0.3550013
vn 0.9641931 -0.2312918 0.12975249
vn 0.81683207 -0.109363094 -0.5664142
vn 0.7396026 0.025294678 0.6725683
vn 0.99685127 -0.078901604 0.00787686
vn 0.77454907 -0.09764282 0.62493175
vn 0.8098836 0.016858926 -0.5863483
vn 0.2871126 0.028172433 -0.9574826
vn 0.2993517 -0.15006627 -0.94226784
vn 0.80545443 -0.43362215 -0.40399873
vn 0.30358836 -0.59215444 -0.74644977
vn 0.99942327 0.0130439615 -0.031352784
vn 0.8199735 -0.06924493 0.56819767
vn 0.8229494 0.039223604 0.56675905
vn 0.3117665 0.12305364 0.9421568
vn 0.29396805 -0.021032162 0.9555838
vn 0.31880337 0.4346529 0.8422833
vn -0.3117666 0.123053655 0.9421568
vn -0.2939681 -0.02103216 0.9555838
vn -0.31880346 0.4346529 0.8422833
vn -0.31893945 0.6854452 0.65455514
vn -0.28343824 0.07215937 0.9562719
vn 0.31893942 0.68544525 0.65455514
vn 0.28343812 0.07215937 0.9562719
vn 0.77693015 0.28738713 0.560168
vn 0.31106192 0.79675496 0.5180948
vn 0.7938367 0.49756825 0.3496415
vn 0.25984716 0.39331156 0.88192147
vn 0.7957161 0.28988424 0.53179216
vn 0.8229494 0.039223604 0.56675905
vn 0.9807505 0.19159356 -0.037689008
vn -0.25984725 0.39331153 0.8819214
vn 0.21892208 0.82306695 0.5240552
vn -0.21892211 0.82306707 0.5240552
vn 0.19585389 0.98062587 0.0037610077
vn -0.6550246 0.6573208 0.37265554
vn -0.7957163 0.28988427 0.5317921
vn -0.19585389 0.98062587 0.0037610128
vn 0.22669125 0.78640085 -0.57461697
vn 0.7279364 0.68521726 -0.024206
vn 0.65686786 0.6157587 -0.43516195
vn 0.7832313 0.21792537 -0.58228624
vn -0.7279364 0.68521726 -0.024206016
vn -0.22669126 0.7864009 -0.5746169
vn -0.2606039 0.28951687 -0.92101336
vn -0.7957163 0.28988427 0.5317921
vn -0.9807505 0.19159362 -0.037689015
vn 0.2606039 0.28951687 -0.92101336
vn -0.2871126 0.028172437 -0.9574826
vn 0.2871126 0.028172433 -0.9574826
vn 0.8098836 0.016858926 -0.5863483
vn -0.2993517 -0.15006624 -0.94226784
vn 0.2993517 -0.15006627 -0.94226784
vn -0.9807505 0.19159362 -0.037689015
vn -0.6568678 0.61575866 -0.4351619
vn -0.7832313 0.21792537 -0.58228624
vn -0.99942327 0.013043946 -0.031352803
vn -0.8098836 0.016858907 -0.58634835
vn -0.30358836 -0.59215444 -0.74644977
vn -0.2993517 -0.15006624 -0.94226784
vn -0.80545443 -0.43362215 -0.40399873
vn -0.735428 -0.67698455 -0.028940937
vn -0.26640382 -0.92287207 -0.27809376
vn -0.81683207 -0.109363094 -0.5664142
vn -0.2871126 0.028172437 -0.9574826
vn -0.8098836 0.016858907 -0.58634835
vn -0.99685127 -0.07890163 0.007876831
vn -0.9641931 -0.23129174 0.12975246
vn -0.88481164 -0.3017988 0.3550014
vn -0.7536987 -0.6402435 0.14841323
vn -0.7396026 0.02529466 0.67256826
vn -0.77693015 0.2873871 0.560168
vn -0.77454907 -0.09764282 0.62493175
vn -0.8199735 -0.06924496 0.56819755
vn -0.31880346 0.4346529 0.8422833
vn -0.3117666 0.123053655 0.9421568
vn -0.31893945 0.6854452 0.65455514
vn -0.2939681 -0.02103216 0.9555838
vn -0.82294947 0.039223608 0.5667589
vn -0.28343824 0.07215937 0.9562719
vn -0.31106192 0.7967548 0.5180948
vn -0.7938368 0.49756822 0.3496415
vn 0.31106192 0.79675496 0.5180948
vn -0.3113077 0.80562204 0.50404423
vn -0.7840845 0.5660926 0.25446165
vn 0.31106192 0.79675496 0.5180948
vn 0.31130758 0.80562204 0.5040443
vn 0.7938367 0.49756825 0.3496415
vn 0.7840845 0.56609255 0.25446165
vn -0.2702256 0.7498316 0.6039293
vn 0.2702256 0.7498316 0.6039293
vn -0.21014296 0.42734006 0.87932956
vn 0.75787514 0.5437835 0.36045063
vn 0.7840845 0.56609255 0.25446165
vn 0.21014287 0.4273401 0.87932956
vn 0.66290873 0.3746566 0.6482164
vn 0.21014287 0.4273401 0.87932956
vn 0.8232573 -0.055876076 0.56491166
vn 0.9891271 0.1381304 0.050473686
vn 0.8232573 -0.055876076 0.56491166
vn 0.22873762 -0.1642887 0.9595251
vn -0.2287377 -0.16428868 0.959525
vn -0.25484446 -0.5383887 0.80323845
vn 0.25484437 -0.5383888 0.8032384
vn -0.82325745 -0.055876076 0.5649116
vn -0.83340055 -0.35243753 0.42571267
vn -0.25484446 -0.5383887 0.80323845
vn 0.2475293 -0.63204193 0.734338
vn -0.24752936 -0.63204193 0.734338
vn 0.26488176 -0.5706388 0.7773089
vn 0.83906186 -0.408428 0.35939083
vn 0.83874285 -0.41508704 0.35243884
vn -0.26488167 -0.5706388 0.7773089
vn 0.26070198 -0.6453819 0.7179949
vn -0.26070192 -0.6453819 0.7179949
vn 0.22746168 -0.953683 0.19685021
vn -0.22746168 -0.953683 0.1968502
vn -0.18569212 -0.85813695 -0.47866407
vn 0.79562193 -0.52560824 0.3012004
vn 0.83874285 -0.41508704 0.35243884
vn 0.6413389 -0.76627487 0.03882329
vn 0.65487504 -0.6553293 -0.37640685
vn 0.18569218 -0.85813695 -0.47866407
vn -0.1963304 -0.4627217 -0.86449
vn 0.19633047 -0.46272185 -0.8644899
vn -0.6025697 -0.45397964 -0.65636283
vn -0.65487504 -0.65532935 -0.37640694
vn -0.75288993 -0.14508288 -0.64195615
vn 0.23596722 0.03296973 -0.9712016
vn 0.19633047 -0.46272185 -0.8644899
vn 0.60256976 -0.45397964 -0.6563628
vn 0.7528899 -0.14508295 -0.6419562
vn 0.18569218 -0.85813695 -0.47866407
vn 0.65487504 -0.6553293 -0.37640685
vn 0.60256976 -0.45397964 -0.6563628
vn 0.65487504 -0.6553293 -0.37640685
vn 0.92932045 -0.31978616 -0.18466254
vn 0.8232573 -0.055876076 0.56491166
vn 0.83340055 -0.3524376 0.42571273
vn 0.25484437 -0.5383888 0.8032384
vn 0.22873762 -0.1642887 0.9595251
vn 0.25984716 0.39331156 0.88192147
vn 0.21892208 0.82306695 0.5240552
vn 0.6550246 0.6573208 0.37265563
vn 0.7957161 0.28988424 0.53179216
vn 0.21892208 0.82306695 0.5240552
vn 0.19585389 0.98062587 0.0037610077
vn 0.7279364 0.68521726 -0.024206
vn 0.9807505 0.19159356 -0.037689008
vn 0.9807505 0.19159356 -0.037689008
vn 0.65686786 0.6157587 -0.43516195
vn 0.7832313 0.21792537 -0.58228624
vn 0.8098836 0.016858926 -0.5863483
vn 0.8919431 -0.45186365 -0.016021807
vn 0.25558883 -0.9655057 -0.04972995
vn 0.3075298 -0.92892045 -0.20623332
vn 0.75369877 -0.6402434 0.1484132
vn 0.9728842 0.12971757 0.19149378
vn 0.9790218 0.20307475 0.01664331
vn 0.95223594 -0.15661319 -0.26214305
vn 0.7938367 0.49756825 0.3496415
vn 0.77693015 0.28738713 0.560168
vn 0.7840845 0.56609255 0.25446165
vn 0.9728842 0.12971757 0.19149378
vn 0.9790218 0.20307475 0.01664331
vn 0.29396805 -0.021032162 0.9555838
vn 0.28343812 0.07215937 0.9562719
vn 0.8229494 0.039223604 0.56675905
vn 0.8199735 -0.06924493 0.56819767
vn 0.83340055 -0.3524376 0.42571273
vn 0.83906186 -0.408428 0.35939083
vn 0.2475293 -0.63204193 0.734338
vn 0.25484437 -0.5383888 0.8032384
vn -0.9886205 -0.13493726 -0.06649415
vn -0.79191214 -0.37620953 -0.48097983
vn -0.82425165 -0.13156632 -0.5507263
vn -0.8662159 0.11139933 -0.48709357
vn -0.65941083 0.2731415 -0.7004077
vn -0.82425165 -0.13156632 -0.5507263
vn -0.5888169 -0.09964065 -0.8021013
vn -0.79191214 -0.37620953 -0.48097983
vn -0.5333406 -0.47955078 -0.6968349
vn -0.77865857 -0.5535739 -0.29537565
vn -0.7252046 0.5390052 -0.4284293
vn -0.5103022 -0.7569114 -0.40826085
vn -0.90605414 0.28673637 -0.3112044
vn -0.76999056 0.63485634 -0.063812464
vn -0.9886205 -0.13493726 -0.06649415
vn -0.93351287 0.35099223 -0.0731998
vn -0.7841423 0.54297245 0.30050227
vn -0.78841925 -0.6134504 -0.04553797
vn -0.5272889 -0.8494881 -0.018344961
vn -0.81829846 -0.53948885 0.19834176
vn -0.5786811 -0.7321724 0.35923755
vn -0.94223905 0.29140246 0.16513719
vn -0.764869 0.28773323 0.57635486
vn -0.8595238 -0.3541131 0.36854148
vn -0.6482504 -0.44409758 0.61850524
vn -0.93035984 0.12399989 0.3450427
vn -0.71600354 -0.07065695 0.6945118
vn -0.90044355 -0.11089048 0.42060035
vn 0.045801204 -0.9900748 -0.13286904
vn 0.24998951 -0.8935509 0.37292376
vn 0.12812625 -0.98794067 -0.08693045
vn -0.07972579 -0.961208 -0.2640513
vn -0.13107818 -0.9699332 -0.20505638
vn -0.03594778 -0.9899159 -0.13701905
vn -0.11513477 -0.9825266 -0.14623788
vn -0.22828498 -0.9509984 -0.20853746
vn 0.3291806 -0.9440776 0.018911365
vn 0.35311976 -0.935533 0.009190029
vn -0.042959046 -0.9527516 -0.3006975
vn -0.28119838 -0.9001643 -0.3326135
vn -0.36598244 -0.9074309 -0.2064609
vn 0.30117646 -0.9478052 -0.10468087
vn -0.43133432 -0.8575691 0.28022483
vn -0.49951378 -0.8557426 -0.13487303
vn -0.28119838 -0.9001643 -0.3326135
vn -0.042959046 -0.9527516 -0.3006975
vn -0.7822287 0.013854888 -0.62283736
vn -0.89233106 -0.003638176 -0.45136696
vn -0.36598244 -0.9074309 -0.2064609
vn -0.5579536 0.7233662 -0.4067299
vn -0.98233426 -0.017754737 -0.18629074
vn -0.49951378 -0.8557426 -0.13487303
vn -0.64622533 0.7147306 -0.26749384
vn -0.095620155 0.9859649 -0.1368572
vn -0.98773605 0.055303473 0.14601089
vn -0.43133432 -0.8575691 0.28022483
vn -0.7140012 0.7000172 -0.013349544
vn -0.1734168 0.98416257 -0.03675083
vn 0.40512076 0.90328753 0.14124013
vn -0.20481166 0.9524404 0.2256312
vn 0.33898506 0.9193368 0.199772
vn 0.81253654 0.4384995 0.38406062
vn 0.8342555 0.4157929 0.36212417
vn 0.82149005 -0.47578385 0.31429878
vn -0.51208085 0.10589281 0.8523848
vn 0.24998951 -0.8935509 0.37292376
vn -0.7699474 0.61439013 0.17235343
vn -0.36058643 0.8014976 0.4770525
vn 0.28724164 0.87825775 0.38230297
vn 0.4506891 -0.08216474 0.8888915
vn 0.12812625 -0.98794067 -0.08693045
vn 0.82798785 -0.46360165 0.3154516
vn -0.11513477 -0.9825266 -0.14623788
vn -0.03594778 -0.9899159 -0.13701905
vn 0.78783965 0.42048702 0.44999918
vn 0.3663403 0.6971623 0.6162463
vn 0.82486546 -0.33703455 0.45387736
vn 0.045801204 -0.9900748 -0.13286904
vn 0.83052707 -0.45409757 0.32252172
vn 0.76032746 0.37147465 0.5328308
vn -0.99576724 -0.07360472 -0.05504598
vn -0.95223594 -0.1566132 -0.2621431
vn -0.9790218 0.20307484 0.016643321
vn -0.9891271 0.1381304 0.050473686
vn -0.7840845 0.5660926 0.25446165
vn -0.75787526 0.54378355 0.3604506
vn -0.82325745 -0.055876076 0.5649116
vn -0.82325745 -0.055876076 0.5649116
vn -0.9891271 0.1381304 0.050473686
vn -0.75787526 0.54378355 0.3604506
vn -0.66290885 0.37465656 0.6482163
vn -0.2702256 0.7498316 0.6039293
vn -0.3113077 0.80562204 0.50404423
vn -0.7840845 0.5660926 0.25446165
vn -0.82325745 -0.055876076 0.5649116
vn -0.21014296 0.42734006 0.87932956
vn -0.2287377 -0.16428868 0.959525
vn -0.92932045 -0.31978604 -0.18466246
vn -0.65487504 -0.65532935 -0.37640694
vn -0.6025697 -0.45397964 -0.65636283
vn -0.65487504 -0.65532935 -0.37640694
vn -0.22746168 -0.953683 0.1968502
vn -0.18569212 -0.85813695 -0.47866407
vn -0.6413389 -0.76627487 0.038823273
vn -0.79562193 -0.52560836 0.3012005
vn -0.26070192 -0.6453819 0.7179949
vn -0.26488167 -0.5706388 0.7773089
vn -0.83874285 -0.41508704 0.35243887
vn -0.25984725 0.39331153 0.8819214
vn -0.82294947 0.039223608 0.5667589
vn -0.9807505 0.19159362 -0.037689015
vn -0.7279364 0.68521726 -0.024206016
vn -0.22669126 0.7864009 -0.5746169
vn -0.19585389 0.98062587 0.0037610128
vn -0.6568678 0.61575866 -0.4351619
vn -0.7832313 0.21792537 -0.58228624
vn -0.2606039 0.28951687 -0.92101336
vn -0.2871126 0.028172437 -0.9574826
vn -0.8098836 0.016858907 -0.58634835
vn -0.95223594 -0.1566132 -0.2621431
vn -0.40080345 -0.61305726 -0.68082106
vn -0.3075298 -0.92892045 -0.20623332
vn -0.8919431 -0.45186365 -0.016021827
vn -0.7840845 0.5660926 0.25446165
vn -0.9790218 0.20307484 0.016643321
vn -0.9728842 0.12971762 0.19149378
vn -0.8390619 -0.40842795 0.3593908
vn -0.26488167 -0.5706388 0.7773089
vn -0.83874285 -0.41508704 0.35243887
vn -0.24752936 -0.63204193 0.734338
vn -0.83340055 -0.35243753 0.42571267
vn -0.25484446 -0.5383887 0.80323845
vn 0.01730383 0.9998503 -1.8038875E-07
vn -0.6560109 0.75475144 0
vn -0.6560107 0.7547517 -1.8087603E-07
vn -0.999961 0.008831295 -0.00027638712
vn 0.017303932 0.9998503 -1.123141E-07
vn 0.68085605 0.7324058 -0.0041062105
vn -0.99995625 0.009359113 -9.765411E-05
vn -0.6803675 -0.73287064 -0.000795014
vn -0.6560109 0.75475144 0
vn 0.67405075 0.73868364 -0.0014354591
vn 0.017303938 0.9998503 -1.123141E-07
vn 0.9999585 0.008545461 -0.0031490787
vn 0.99993205 0.0075439033 -0.00888643
vn 0.6969733 -0.7170947 -0.0018313418
vn 0.7041571 -0.71002513 -0.0052094343
vn 0.01779418 -0.9998416 -0.0004666687
vn 0.018197907 -0.99983346 -0.0013201822
vn -0.679711 -0.73348004 -0.00028150616
vn 0.69851506 -0.71558344 0.004122725
vn 0.99994063 0.008287297 0.007072584
vn -0.9999573 0.009233005 0.00021983401
vn 0.017890472 -0.9998394 0.0010495435
vn 0.6756561 0.7372098 0.003243797
vn -0.67975825 -0.733436 0.0006333315
vn -0.9999603 0.008901697 0.00043977128
vn -0.6562245 0.7545658 0
vn -0.68091816 -0.7323584 0.001264712
vn 0.017249778 0.9998512 0
vn 0.018081069 -0.9998343 0.0021005769
vn 0.6800079 0.733176 0.00650605
vn 0.703874 -0.71027654 0.0082883425
vn 0.9998703 0.007734876 0.014125028
vn 0.0099578565 0.9999504 -2.9916234E-07
vn 0.009957723 0.9999504 -2.4076178E-07
vn 0.690656 0.723166 -0.0050253794
vn -0.67004937 0.74231654 -1.6947905E-07
vn 0.68147576 0.73183775 -0.0021117572
vn 0.9999459 1.3691724E-07 -0.01040237
vn -0.67004937 0.7423166 -2.5002595E-07
vn -1 3.4264895E-07 0
vn -1 4.283112E-07 0
vn -0.6700498 -0.7423162 3.558903E-07
vn -0.6700496 -0.74231625 0
vn 0.009957765 -0.9999504 5.363946E-07
vn 0.009957742 -0.9999504 2.3442804E-07
vn 0.6906562 -0.72316575 -0.005025033
vn 0.68147576 -0.73183775 -0.0021114238
vn 0.9999901 1.0667978E-07 -0.004444154
vn 0.6795377 -0.7336369 0.0022701668
vn 0.009957518 -0.9999504 0
vn -0.67004985 -0.7423161 0
vn -1 1.07077796E-07 0
vn 0.99998856 1.6070393E-07 0.0047876607
vn -0.67004937 0.74231654 0
vn 0.009958185 0.9999504 0
vn 0.6795377 0.7336369 0.002270096
vn 0.009925466 0.99995077 0
vn 0.6818901 0.731437 0.005077555
vn -0.6702485 0.7421367 1.3263677E-07
vn 0.9999429 1.0584918E-07 0.010694296
vn -1 -1.7138754E-07 0
vn 0.68188983 -0.7314373 0.0050775507
vn -0.670249 -0.7421363 0
vn 0.009924476 -0.99995077 0
vn -0.017303841 0.9998503 -1.8038874E-07
vn 0.6560107 0.7547517 -1.8087601E-07
vn 0.65601075 0.7547515 0
vn 0.999961 0.008831305 -0.00027638712
vn -0.017303912 0.9998503 -1.123141E-07
vn -0.68085605 0.7324058 -0.004106211
vn 0.99995625 0.009359135 -9.765412E-05
vn 0.6803675 -0.73287064 -0.00079501397
vn 0.6560109 0.7547514 0
vn -0.6740508 0.73868364 -0.0014354596
vn -0.017303918 0.9998503 -1.123141E-07
vn -0.9999585 0.008545473 -0.0031490747
vn -0.99993205 0.007543902 -0.008886454
vn -0.6969733 -0.7170947 -0.0018313371
vn -0.7041571 -0.71002513 -0.005209458
vn -0.01779416 -0.9998416 -0.00046666877
vn -0.018197894 -0.99983346 -0.0013201822
vn 0.6797109 -0.7334801 -0.00028150616
vn -0.69851506 -0.7155835 0.0041227257
vn -0.99994063 0.0082873395 0.0070725707
vn 0.9999573 0.009233005 0.00021983401
vn -0.01789048 -0.9998394 0.0010495435
vn -0.6756561 0.7372098 0.0032437828
vn 0.67975825 -0.733436 0.0006333314
vn 0.9999603 0.008901697 0.00043977128
vn 0.6562246 0.7545657 0
vn 0.68091816 -0.7323584 0.001264712
vn -0.017249778 0.9998512 0
vn -0.018081069 -0.9998343 0.0021005769
vn -0.6800079 0.73317605 0.0065060225
vn -0.70387405 -0.7102765 0.0082883425
vn -0.9998703 0.0077348966 0.014124998
vn -0.009957885 0.9999504 -2.9916228E-07
vn -0.6906559 0.72316617 -0.0050253794
vn -0.009957734 0.9999504 -2.4076178E-07
vn 0.67004937 0.74231654 -1.6947902E-07
vn -0.68147564 0.7318378 -0.0021117579
vn -0.9999459 1.0532096E-07 -0.010402405
vn 0.6700493 0.7423166 -2.5002592E-07
vn 1 3.9618783E-07 0
vn 1 4.283112E-07 0
vn 0.6700498 -0.7423162 3.558903E-07
vn 0.6700496 -0.74231625 0
vn -0.009957723 -0.9999504 5.363946E-07
vn -0.009957721 -0.9999504 2.3442803E-07
vn -0.6906561 -0.72316587 -0.005025066
vn -0.68147576 -0.73183775 -0.0021114238
vn -0.9999901 0 -0.004444154
vn -0.6795377 -0.7336369 0.0022701537
vn -0.009957489 -0.9999504 0
vn 0.6700499 -0.7423161 0
vn 1 1.17785575E-07 0
vn -0.99998856 1.2856313E-07 0.004787647
vn 0.67004937 0.7423166 0
vn -0.009958214 0.9999504 0
vn -0.6795377 0.7336369 0.0022700964
vn -0.0099255275 0.99995077 0
vn -0.68189 0.731437 0.0050775544
vn 0.6702485 0.7421367 1.3263677E-07
vn -0.9999429 0 0.010694268
vn 1 -1.9281097E-07 0
vn -0.68188983 -0.7314373 0.005077524
vn 0.670249 -0.7421363 0
vn -0.009924435 -0.99995077 0
vn 0.73552305 -0.6757991 -0.04797233
vn -0 -0.9985714 -0.05343278
vn 1.5351404E-07 -0.9971008 0.076091684
vn -0.73552305 -0.6757991 -0.047972318
vn 0.7889538 -0.6101118 0.07290795
vn 0.99525154 -0.08658836 -0.044459827
vn -0.7889537 -0.6101119 0.07290799
vn -0.99525154 -0.0865883 -0.04445981
vn 0.99440235 -0.079364665 0.06975042
vn 0.71131766 -0.53256136 0.45869985
vn 0.9972313 0.0124086635 0.07331923
vn 0.99781215 -0.026295958 -0.06065801
vn 0.9979042 -0.039104674 -0.051555183
vn 0.7734112 -0.123212084 0.6218151
vn 3.4205453E-07 -0.774727 0.6322959
vn -0.7113175 -0.53256166 0.45870003
vn -0.99440235 -0.07936458 0.069750436
vn 0.9976483 0.034085177 0.05946521
vn 0.9976635 -0.060306456 -0.03210495
vn 0.78173554 0.15888697 0.6030295
vn -0 -0.15233123 0.9883295
vn -0.7734112 -0.123212084 0.6218151
vn -0.9972313 0.012408666 0.0733193
vn -0.99781215 -0.026295941 -0.060657978
vn -0.9979042 -0.039104633 -0.051555127
vn 0.99791807 0.027179679 0.05848725
vn 0.9972849 -0.0718678 -0.016061015
vn 0.7911036 0.3141488 0.52484804
vn -2.2688E-07 0.2569839 0.9664157
vn -0.7817356 0.15888692 0.6030293
vn -0.9976483 0.03408519 0.059465233
vn -0.9976635 -0.060306445 -0.03210494
vn -0.79110384 0.3141487 0.52484787
vn -0.99791807 0.027179664 0.058487255
vn -0.9972849 -0.071867816 -0.016061014
vn -2.0034159E-07 0.5106232 0.85980463
vn 0.80301476 0.3819846 0.45744395
vn -0.8030151 0.3819844 0.45744368
vn -0.99745756 0.025947599 0.066372
vn -0.9972938 -0.071915895 -0.015270472
vn -2.7715376E-07 0.6505966 0.7594235
vn -0.803581 0.42913574 0.4124318
vn -0.99738806 0.037416093 0.06178191
vn -0.99759287 -0.059167504 -0.036161277
vn 0.80358094 0.42913586 0.41243187
vn -0 0.74085194 0.6716683
vn -0.9980108 0.047945082 0.040937524
vn -0.9972862 -0.018622177 -0.07122772
vn -0.79765284 0.48481256 0.3587571
vn -0.9977785 0.06361079 0.019792814
vn -0.9917493 0.07177296 -0.10621731
vn -0.8012966 0.49428976 0.33704805
vn -0 0.8216994 0.5699213
vn 0.99745756 0.025947671 0.06637207
vn 0.9972938 -0.07191585 -0.015270471
vn 0.99738806 0.037416156 0.061781943
vn 0.99759287 -0.059167463 -0.03616126
vn 0.79765284 0.4848125 0.35875708
vn 0.9980107 0.047945138 0.040937554
vn 0.9972862 -0.018622145 -0.07122773
vn 0.80129665 0.4942897 0.33704802
vn 0.9977785 0.06361083 0.019792832
vn 0.9917493 0.07177296 -0.10621733
vn 1.572491E-07 0.8294178 0.55862874
vn 0.9922126 0.12455517 0.00045719498
vn 0.796026 0.3375338 0.50240767
vn 0.8490772 0.4220735 -0.3176817
vn 0.8186978 0.39442012 0.41733277
vn -0.8186978 0.39442012 0.41733277
vn -0.796026 0.3375338 0.5024076
vn -0 0.6404467 0.76800257
vn 0.8045936 0.57358146 -0.15373136
vn -0.9922125 0.124555215 0.00045723096
vn -0.8490772 0.4220735 -0.3176817
vn -0.80459356 0.57358164 -0.15373132
vn -1.0655869E-07 0.47496504 0.88000464
vn -0 0.84397 0.53639024
vn 0.7250844 0.5854476 0.36263448
vn -0 0.9637348 -0.26686195
vn -0 0.8143987 -0.58030564
vn -0.7250842 0.5854477 0.36263454
vn 0.74825823 0.17442809 0.640066
vn -0 0.30950993 0.95089626
vn -0 0.41726267 0.908786
vn -0.74825823 0.17442806 0.64006597
vn 0.73505074 0.2882909 0.6136682
vn 0.99118924 -0.08271536 0.10345045
vn -0.7350508 0.2882909 0.61366814
vn -0.99118924 -0.08271536 0.103450514
vn 0.9923609 -0.04867053 0.11336271
vn 0.736029 -0.4729987 -0.4842866
vn -0 0.6438453 0.7651557
vn -0.9923609 -0.048670515 0.113362774
vn -0.7360292 -0.47299865 -0.48428637
vn 0.76490206 -0.46988294 -0.4406075
vn -0 -0.6727735 -0.7398485
vn -2.6398627E-07 -0.6449457 -0.7642284
vn 0.78107065 -0.49833384 -0.37628725
vn 0.99659026 -0.0037803755 0.082423456
vn 0.7418251 0.42962953 0.5148922
vn -0 0.77424574 0.63288504
vn -0.7418251 0.42962953 0.5148922
vn -0.99659026 -0.0037803126 0.08242353
vn -0.764902 -0.469883 -0.44060743
vn -0.7810706 -0.49833384 -0.37628728
vn 1.399718E-07 -0.7672881 -0.6413026
vn 0.7787344 -0.53045344 -0.33495054
vn 0.9982736 0.019254748 0.055489086
vn -0.7787344 -0.53045344 -0.33495054
vn -0.9982736 0.019254757 0.055489104
vn 0.7503516 0.50730264 0.42381185
vn -0 -0.83523285 -0.5498965
vn -0 -0.86315036 -0.5049468
vn 0.7899938 -0.52703965 -0.3132714
vn 0.99851006 0.045666378 0.029870695
vn -0.7503516 0.50730276 0.4238118
vn -0.7899939 -0.52703965 -0.31327128
vn -0.99851006 0.04566636 0.029870696
vn 0.7531137 0.5507418 0.35986555
vn -0.75311375 0.5507418 0.35986552
vn -0 0.83395106 0.55183834
vn -0 0.87827903 0.4781485
vn 0.75877 0.5791445 0.29809362
vn 0.9977986 0.06629653 0.001630145
vn -0.75877 0.5791445 0.29809362
vn -0.9977986 0.066296555 0.0016301693
vn 0.8012899 -0.5183704 -0.2987081
vn -0.80129 -0.5183705 -0.298708
vn -0 -0.8818587 -0.4715138
vn 0.8121916 -0.49952698 -0.30135977
vn -0.8121916 -0.49952695 -0.30135968
vn 0.9962203 0.08236274 -0.027595619
vn -0 0.91260237 0.4088484
vn -0.9962203 0.08236272 -0.027595587
vn -0 -0.88272166 -0.4698962
vn 0.7659699 0.5957598 0.2415789
vn -0 0.9492639 0.31448063
vn -0.7659698 0.59575987 0.24157894
vn 0.81873864 -0.4679899 -0.33264458
vn -0.81873864 -0.4679899 -0.33264464
vn 0.9928463 0.09895447 -0.06681535
vn -0.9928463 0.098954484 -0.06681533
vn 0.7716306 0.61062837 0.17809907
vn -0 -0.8510931 -0.52501464
vn -0 -0.5161577 -0.8564936
vn 0.7969737 -0.37512967 -0.47340336
vn 0.8807891 0.24855703 -0.40302604
vn -0.79697365 -0.3751297 -0.47340333
vn -0 0.45947528 -0.88819057
vn -0.7716306 0.61062837 0.17809907
vn -0.8807891 0.24855703 -0.40302604
vn 0.761379 0.6477599 0.02663138
vn -0 0.99397606 -0.10959816
vn -0.761379 0.6477599 0.02663138
vn -0.9876418 -0.106559284 -0.1149293
vn -0.9917282 -0.08612693 -0.095171005
vn -0.988796 -0.1338697 -0.06604088
vn -0.9834284 -0.13427861 -0.12180995
vn -0.99463516 -0.07823944 -0.0676711
vn -0.9802217 -0.16195026 -0.11374321
vn -0.9955863 -0.08516553 -0.0394293
vn -0.9789216 -0.18210056 -0.092476636
vn -0.9943093 -0.10493576 -0.018369975
vn -0.979882 -0.18904781 -0.06397031
vn -0.9911726 -0.13219474 -0.010076236
vn -0.9828439 -0.18085529 -0.036183253
vn -0.98698294 -0.1599742 -0.016522449
vn -0.6717723 -0.7259325 -0.1474585
vn -0.6700498 -0.7423162 3.558903E-07
vn 0.009957765 -0.9999504 5.363946E-07
vn -1 4.283112E-07 0
vn 0.010292439 -0.9925896 -0.121078454
vn 0.6906562 -0.72316575 -0.005025033
vn -0.98781246 1.9195404E-07 -0.15564875
vn -0.67004937 0.74231654 -1.6947905E-07
vn 0.69696844 -0.7019282 -0.14673701
vn 0.9999459 1.3691724E-07 -0.01040237
vn 0.9882703 3.6902844E-07 -0.15271533
vn 0.690656 0.723166 -0.0050253794
vn 0.69696826 0.7019285 -0.14673656
vn 0.009957723 0.9999504 -2.4076178E-07
vn 0.010292495 0.9925897 -0.12107775
vn 0.59557116 0.5731013 -0.56289417
vn 0.72941864 -1.4153642E-07 -0.6840676
vn -0.67177206 0.7259329 -0.1474581
vn 0.0062930086 0.7386786 -0.67402846
vn -0.5782599 0.58790284 -0.5656729
vn 0.5955717 -0.57310027 -0.5628947
vn -0.00015435957 -1.8096743E-07 -1
vn -0.7241939 -3.0786177E-07 -0.6895964
vn 0.006292949 -0.7386783 -0.67402875
vn -0.5782601 -0.58790165 -0.56567377
vn -0.1557754 -0.11099141 -0.98153704
vn -0.637484 0.3423664 -0.6902169
vn -0.76292443 0.10865849 -0.6372909
vn -0.8712947 0.49024627 -0.02245265
vn -0.4608328 -0.39179537 -0.7963225
vn 0.25408873 -0.6458198 -0.7199693
vn -0.9951433 0.057178777 -0.08012788
vn -0.86213887 -0.015289571 0.5064412
vn -0.7518695 0.19946164 0.62841654
vn -0.3185069 -0.31428438 0.8943034
vn -0.7376396 -0.6614248 -0.13566504
vn -0.58234864 -0.54359996 0.6044576
vn -0.08883515 -0.8724063 0.48064074
vn 0.13968341 -0.78872603 0.5986649
vn 0.39701766 -0.9155222 -0.064776026
vn -0.048037007 -0.9925764 -0.1117339
vn 0.010388725 -0.74845624 -0.66310275
vn 0.9876418 -0.106559284 -0.1149293
vn 0.988796 -0.1338697 -0.06604088
vn 0.9917282 -0.08612693 -0.095171005
vn 0.9834284 -0.13427861 -0.12180995
vn 0.99463516 -0.07823944 -0.0676711
vn 0.9802217 -0.16195026 -0.11374321
vn 0.9955863 -0.08516553 -0.0394293
vn 0.9789216 -0.18210056 -0.092476636
vn 0.9943093 -0.10493576 -0.018369975
vn 0.979882 -0.18904781 -0.06397031
vn 0.9911726 -0.13219474 -0.010076236
vn 0.9828439 -0.18085529 -0.036183253
vn 0.98698294 -0.1599742 -0.016522449
vn 0.67177224 -0.7259325 -0.14745852
vn -0.009957723 -0.9999504 5.363946E-07
vn 0.6700498 -0.7423162 3.558903E-07
vn 1 4.283112E-07 0
vn -0.010292439 -0.9925896 -0.12107845
vn -0.6906561 -0.72316587 -0.005025066
vn 0.98781246 1.9195407E-07 -0.15564872
vn 0.67004937 0.74231654 -1.6947902E-07
vn -0.69696844 -0.7019282 -0.14673698
vn -0.9999459 1.0532096E-07 -0.010402405
vn -0.98827016 3.9616282E-07 -0.15271536
vn -0.6906559 0.72316617 -0.0050253794
vn -0.6969683 0.7019284 -0.14673662
vn -0.009957734 0.9999504 -2.4076178E-07
vn -0.010292462 0.9925896 -0.1210778
vn -0.59557116 0.57310134 -0.56289417
vn -0.72941864 -1.1076763E-07 -0.6840676
vn 0.67177194 0.7259329 -0.14745814
vn -0.006292975 0.7386785 -0.6740285
vn 0.5782598 0.5879027 -0.5656729
vn -0.5955717 -0.57310027 -0.5628947
vn 0.00015441615 -1.7531222E-07 -1
vn 0.72419393 -3.1401908E-07 -0.68959635
vn -0.006292956 -0.7386783 -0.67402875
vn 0.57826006 -0.58790165 -0.56567377
vn 0.15577564 -0.110991366 -0.98153704
vn 0.76292497 0.10865859 -0.63729024
vn 0.6374848 0.34236655 -0.6902161
vn 0.8712947 0.4902464 -0.022451447
vn 0.46083292 -0.3917951 -0.7963226
vn -0.25408876 -0.6458199 -0.71996915
vn 0.9951433 0.057179105 -0.080126986
vn 0.8621388 -0.015289276 0.5064415
vn 0.7518693 0.19946177 0.62841666
vn 0.31850725 -0.3142844 0.8943034
vn 0.7376399 -0.66142434 -0.1356655
vn 0.58234924 -0.5435997 0.6044574
vn 0.08883566 -0.8724064 0.48064044
vn -0.1396834 -0.788726 0.59866506
vn -0.39701766 -0.9155222 -0.06477573
vn 0.048037305 -0.99257636 -0.11173449
vn -0.010388803 -0.74845606 -0.663103
vn -0.6560107 0.7547517 -1.8087603E-07
vn -0.999961 0.008831295 -0.00027638712
vn -0.9907212 0.008106125 -0.13566785
vn -0.6548444 0.7434942 -0.13562883
vn 0.01730383 0.9998503 -1.8038875E-07
vn -0.6781486 -0.721997 -0.13724044
vn -0.6803675 -0.73287064 -0.000795014
vn 0.019156713 0.99267584 -0.1192798
vn 0.68085605 0.7324058 -0.0041062105
vn 0.020201724 -0.99195766 -0.12494793
vn 0.018197907 -0.99983346 -0.0013201822
vn 0.6875996 0.710895 -0.14776666
vn 0.99993205 0.0075439033 -0.00888643
vn 0.70988816 -0.68838227 -0.14895836
vn 0.7041571 -0.71002513 -0.0052094343
vn 0.9878293 0.0067281565 -0.15539604
vn -0.5723243 0.603325 -0.55537724
vn -0.7375524 0.008299764 -0.6752389
vn 0.015062425 0.7430884 -0.66902363
vn -0.588933 -0.58178115 -0.56097114
vn 0.01595257 -0.7390942 -0.6734133
vn -0.0009894507 0.007998038 -0.9999676
vn 0.6030925 -0.557109 -0.5708844
vn 0.723819 0.0074466844 -0.68994963
vn 0.58725244 0.57874227 -0.565855
vn 0.6560107 0.7547517 -1.8087601E-07
vn 0.6548444 0.7434942 -0.13562876
vn 0.9907212 0.008106135 -0.13566782
vn 0.999961 0.008831305 -0.00027638712
vn -0.017303841 0.9998503 -1.8038874E-07
vn 0.67814845 -0.7219971 -0.1372404
vn 0.6803675 -0.73287064 -0.00079501397
vn -0.01915674 0.99267584 -0.11927971
vn -0.68085605 0.7324058 -0.004106211
vn -0.020201756 -0.99195766 -0.12494791
vn -0.018197894 -0.99983346 -0.0013201822
vn -0.6875996 0.710895 -0.14776662
vn -0.99993205 0.007543902 -0.008886454
vn -0.70988816 -0.68838227 -0.1489584
vn -0.7041571 -0.71002513 -0.005209458
vn -0.9878293 0.0067281625 -0.15539604
vn 0.57232434 0.60332507 -0.5553771
vn 0.73755246 0.008299764 -0.67523885
vn -0.015062406 0.7430884 -0.66902363
vn 0.58893293 -0.5817812 -0.5609712
vn -0.015952548 -0.7390942 -0.6734133
vn 0.0009895408 0.007998028 -0.9999676
vn -0.6030925 -0.557109 -0.57088447
vn -0.723819 0.0074466844 -0.68994963
vn -0.5872525 0.57874227 -0.565855
g Horse_LOD1_0
f 3/3/3 2/2/2 1/1/1
f 6/6/6 5/5/5 4/4/4
f 9/9/9 8/8/8 7/7/7
f 12/12/12 11/11/11 10/10/10
f 15/15/15 14/14/14 13/13/13
f 18/18/18 17/17/17 16/16/16
f 21/21/21 20/20/20 19/19/19
f 20/20/20 22/22/22 19/19/19
f 22/22/22 24/24/24 23/23/23
f 24/24/24 25/25/25 23/23/23
f 24/24/24 26/26/26 25/25/25
f 26/26/26 27/27/27 25/25/25
f 26/26/26 28/28/28 27/27/27
f 22/22/22 23/23/23 29/29/29
f 28/28/28 30/30/30 27/27/27
f 31/31/31 22/22/22 29/29/29
f 31/31/31 29/29/29 32/32/32
f 22/22/22 31/31/31 33/33/33
f 34/34/34 31/31/31 32/32/32
f 34/34/34 32/32/32 35/35/35
f 28/28/28 36/36/36 30/30/30
f 36/36/36 28/28/28 33/33/33
f 36/36/36 37/37/37 30/30/30
f 36/36/36 38/38/38 37/37/37
f 38/38/38 39/39/39 37/37/37
f 40/40/40 34/34/34 35/35/35
f 34/34/34 40/40/40 33/33/33
f 40/40/40 35/35/35 41/41/41
f 38/38/38 42/42/42 39/39/39
f 42/42/42 38/38/38 33/33/33
f 42/42/42 43/43/43 39/39/39
f 44/44/44 40/40/40 41/41/41
f 40/40/40 44/44/44 33/33/33
f 44/44/44 41/41/41 45/45/45
f 46/46/46 45/45/45 43/43/43
f 42/42/42 46/46/46 43/43/43
f 46/46/46 42/42/42 33/33/33
f 46/46/46 44/44/44 45/45/45
f 44/44/44 46/46/46 33/33/33
f 49/49/49 48/48/48 47/47/47
f 50/50/50 49/49/49 47/47/47
f 50/50/50 47/47/47 51/51/51
f 47/47/47 52/52/52 51/51/51
f 51/51/51 52/52/52 53/53/53
f 54/54/54 51/51/51 53/53/53
f 51/51/51 54/54/54 55/55/55
f 56/56/56 51/51/51 55/55/55
f 50/50/50 51/51/51 56/56/56
f 55/55/55 57/57/57 56/56/56
f 57/57/57 58/58/58 56/56/56
f 58/58/58 59/59/59 56/56/56
f 49/49/49 50/50/50 60/60/60
f 60/60/60 50/50/50 56/56/56
f 59/59/59 60/60/60 56/56/56
f 61/61/61 49/49/49 60/60/60
f 60/60/60 59/59/59 61/61/61
f 59/59/59 62/62/62 61/61/61
f 65/65/65 64/64/64 63/63/63
f 64/64/64 66/66/66 63/63/63
f 63/63/63 66/66/66 67/67/67
f 64/64/64 68/68/68 66/66/66
f 66/66/66 69/69/69 67/67/67
f 67/67/67 69/69/69 70/70/70
f 68/68/68 71/71/71 66/66/66
f 68/68/68 72/72/72 71/71/71
f 69/69/69 73/73/73 70/70/70
f 70/70/70 73/73/73 74/74/74
f 69/69/69 66/66/66 75/75/75
f 66/66/66 71/71/71 75/75/75
f 69/69/69 75/75/75 73/73/73
f 72/72/72 76/76/76 71/71/71
f 72/72/72 77/77/77 76/76/76
f 78/78/78 75/75/75 71/71/71
f 76/76/76 78/78/78 71/71/71
f 77/77/77 79/79/79 76/76/76
f 76/76/76 79/79/79 78/78/78
f 79/79/79 77/77/77 80/80/80
f 77/77/77 81/81/81 80/80/80
f 81/81/81 82/82/82 80/80/80
f 73/73/73 83/83/83 74/74/74
f 74/74/74 83/83/83 84/84/84
f 75/75/75 85/85/85 73/73/73
f 75/75/75 78/78/78 85/85/85
f 73/73/73 85/85/85 86/86/86
f 83/83/83 73/73/73 86/86/86
f 78/78/78 86/86/86 85/85/85
f 79/79/79 87/87/87 78/78/78
f 79/79/79 80/80/80 87/87/87
f 78/78/78 87/87/87 86/86/86
f 83/83/83 88/88/88 84/84/84
f 83/83/83 86/86/86 88/88/88
f 89/89/89 84/84/84 88/88/88
f 82/82/82 90/90/90 80/80/80
f 90/90/90 82/82/82 91/91/91
f 92/92/92 90/90/90 91/91/91
f 80/80/80 93/93/93 87/87/87
f 93/93/93 80/80/80 90/90/90
f 87/87/87 94/94/94 86/86/86
f 86/86/86 94/94/94 88/88/88
f 87/87/87 93/93/93 94/94/94
f 95/95/95 89/89/89 88/88/88
f 88/88/88 94/94/94 95/95/95
f 89/89/89 95/95/95 96/96/96
f 97/97/97 90/90/90 92/92/92
f 96/96/96 97/97/97 92/92/92
f 97/97/97 93/93/93 90/90/90
f 95/95/95 97/97/97 96/96/96
f 94/94/94 98/98/98 95/95/95
f 93/93/93 98/98/98 94/94/94
f 97/97/97 95/95/95 98/98/98
f 93/93/93 97/97/97 98/98/98
f 101/101/101 100/100/100 99/99/99
f 100/100/100 102/102/102 99/99/99
f 100/100/100 103/103/103 102/102/102
f 103/103/103 104/104/104 102/102/102
f 102/102/102 105/105/105 99/99/99
f 105/105/105 106/106/106 99/99/99
f 106/106/106 108/108/108 107/107/107
f 108/108/108 109/109/109 107/107/107
f 107/107/107 109/109/109 110/110/110
f 108/108/108 111/111/111 109/109/109
f 109/109/109 112/112/112 110/110/110
f 110/110/110 112/112/112 113/113/113
f 112/112/112 114/114/114 113/113/113
f 111/111/111 115/115/115 109/109/109
f 109/109/109 115/115/115 112/112/112
f 111/111/111 116/116/116 115/115/115
f 115/115/115 117/117/117 112/112/112
f 116/116/116 118/118/118 115/115/115
f 116/116/116 119/119/119 118/118/118
f 119/119/119 120/120/120 118/118/118
f 121/121/121 117/117/117 115/115/115
f 122/122/122 121/121/121 115/115/115
f 117/117/117 121/121/121 123/123/123
f 117/117/117 123/123/123 124/124/124
f 125/125/125 117/117/117 124/124/124
f 121/121/121 126/126/126 123/123/123
f 123/123/123 126/126/126 127/127/127
f 126/126/126 128/128/128 127/127/127
f 123/123/123 129/129/129 124/124/124
f 129/129/129 130/130/130 124/124/124
f 129/129/129 131/131/131 130/130/130
f 131/131/131 132/132/132 130/130/130
f 133/133/133 131/131/131 129/129/129
f 134/134/134 133/133/133 129/129/129
f 131/131/131 133/133/133 135/135/135
f 133/133/133 136/136/136 135/135/135
f 131/131/131 135/135/135 137/137/137
f 135/135/135 138/138/138 137/137/137
f 137/137/137 138/138/138 139/139/139
f 137/137/137 139/139/139 140/140/140
f 141/141/141 137/137/137 140/140/140
f 124/124/124 141/141/141 140/140/140
f 142/142/142 124/124/124 140/140/140
f 138/138/138 143/143/143 139/139/139
f 144/144/144 142/142/142 140/140/140
f 142/142/142 144/144/144 145/145/145
f 144/144/144 146/146/146 145/145/145
f 147/147/147 144/144/144 140/140/140
f 148/148/148 144/144/144 147/147/147
f 138/138/138 149/149/149 143/143/143
f 149/149/149 150/150/150 143/143/143
f 151/151/151 149/149/149 138/138/138
f 135/135/135 151/151/151 138/138/138
f 152/152/152 151/151/151 135/135/135
f 153/153/153 152/152/152 135/135/135
f 154/154/154 152/152/152 153/153/153
f 155/155/155 154/154/154 153/153/153
f 156/156/156 148/148/148 147/147/147
f 156/156/156 147/147/147 157/157/157
f 158/158/158 148/148/148 156/156/156
f 158/158/158 159/159/159 148/148/148
f 159/159/159 160/160/160 148/148/148
f 160/160/160 159/159/159 161/161/161
f 162/162/162 156/156/156 157/157/157
f 162/162/162 157/157/157 163/163/163
f 164/164/164 162/162/162 163/163/163
f 163/163/163 157/157/157 165/165/165
f 157/157/157 166/166/166 165/165/165
f 164/164/164 163/163/163 167/167/167
f 168/168/168 164/164/164 167/167/167
f 169/169/169 158/158/158 156/156/156
f 170/170/170 169/169/169 156/156/156
f 171/171/171 170/170/170 156/156/156
f 172/172/172 158/158/158 169/169/169
f 158/158/158 172/172/172 159/159/159
f 173/173/173 172/172/172 169/169/169
f 172/172/172 174/174/174 159/159/159
f 159/159/159 174/174/174 175/175/175
f 159/159/159 175/175/175 161/161/161
f 174/174/174 176/176/176 175/175/175
f 174/174/174 177/177/177 176/176/176
f 175/175/175 178/178/178 161/161/161
f 175/175/175 176/176/176 178/178/178
f 177/177/177 179/179/179 176/176/176
f 176/176/176 180/180/180 178/178/178
f 176/176/176 179/179/179 180/180/180
f 177/177/177 181/181/181 179/179/179
f 182/182/182 181/181/181 177/177/177
f 183/183/183 182/182/182 177/177/177
f 183/183/183 177/177/177 184/184/184
f 185/185/185 183/183/183 184/184/184
f 181/181/181 186/186/186 179/179/179
f 179/179/179 187/187/187 180/180/180
f 179/179/179 186/186/186 187/187/187
f 186/186/186 188/188/188 187/187/187
f 180/180/180 187/187/187 189/189/189
f 187/187/187 190/190/190 189/189/189
f 178/178/178 180/180/180 191/191/191
f 180/180/180 189/189/189 191/191/191
f 192/192/192 189/189/189 190/190/190
f 193/193/193 192/192/192 190/190/190
f 192/192/192 194/194/194 189/189/189
f 194/194/194 191/191/191 189/189/189
f 191/191/191 194/194/194 195/195/195
f 196/196/196 193/193/193 190/190/190
f 197/197/197 191/191/191 195/195/195
f 178/178/178 191/191/191 197/197/197
f 198/198/198 196/196/196 190/190/190
f 199/199/199 178/178/178 197/197/197
f 178/178/178 199/199/199 161/161/161
f 199/199/199 197/197/197 200/200/200
f 201/201/201 199/199/199 200/200/200
f 198/198/198 202/202/202 196/196/196
f 203/203/203 202/202/202 198/198/198
f 204/204/204 203/203/203 198/198/198
f 203/203/203 204/204/204 186/186/186
f 205/205/205 203/203/203 186/186/186
f 202/202/202 206/206/206 196/196/196
f 206/206/206 202/202/202 207/207/207
f 208/208/208 206/206/206 207/207/207
f 207/207/207 209/209/209 208/208/208
f 208/208/208 210/210/210 206/206/206
f 210/210/210 211/211/211 206/206/206
f 209/209/209 212/212/212 208/208/208
f 208/208/208 212/212/212 210/210/210
f 209/209/209 213/213/213 212/212/212
f 213/213/213 209/209/209 214/214/214
f 215/215/215 213/213/213 214/214/214
f 213/213/213 215/215/215 216/216/216
f 212/212/212 217/217/217 210/210/210
f 213/213/213 218/218/218 212/212/212
f 218/218/218 213/213/213 219/219/219
f 210/210/210 217/217/217 220/220/220
f 217/217/217 221/221/221 220/220/220
f 213/213/213 222/222/222 219/219/219
f 222/222/222 213/213/213 216/216/216
f 219/219/219 222/222/222 223/223/223
f 222/222/222 216/216/216 224/224/224
f 222/222/222 224/224/224 223/223/223
f 216/216/216 225/225/225 224/224/224
f 223/223/223 224/224/224 226/226/226
f 224/224/224 227/227/227 226/226/226
f 217/217/217 229/229/229 228/228/228
f 229/229/229 230/230/230 228/228/228
f 228/228/228 230/230/230 231/231/231
f 230/230/230 232/232/232 231/231/231
f 227/227/227 172/172/172 233/233/233
f 234/234/234 227/227/227 233/233/233
f 234/234/234 233/233/233 235/235/235
f 235/235/235 233/233/233 236/236/236
f 233/233/233 237/237/237 236/236/236
f 238/238/238 234/234/234 235/235/235
f 239/239/239 234/234/234 238/238/238
f 240/240/240 239/239/239 238/238/238
f 240/240/240 238/238/238 241/241/241
f 231/231/231 240/240/240 241/241/241
f 238/238/238 235/235/235 242/242/242
f 241/241/241 238/238/238 242/242/242
f 235/235/235 236/236/236 243/243/243
f 242/242/242 235/235/235 243/243/243
f 243/243/243 236/236/236 164/164/164
f 236/236/236 244/244/244 164/164/164
f 245/245/245 243/243/243 164/164/164
f 242/242/242 243/243/243 245/245/245
f 246/246/246 245/245/245 164/164/164
f 241/241/241 242/242/242 247/247/247
f 247/247/247 242/242/242 245/245/245
f 231/231/231 241/241/241 248/248/248
f 248/248/248 241/241/241 247/247/247
f 247/247/247 245/245/245 249/249/249
f 250/250/250 247/247/247 249/249/249
f 248/248/248 247/247/247 250/250/250
f 249/249/249 245/245/245 251/251/251
f 245/245/245 246/246/246 251/251/251
f 252/252/252 248/248/248 250/250/250
f 253/253/253 248/248/248 252/252/252
f 253/253/253 231/231/231 248/248/248
f 254/254/254 253/253/253 252/252/252
f 251/251/251 246/246/246 255/255/255
f 246/246/246 256/256/256 255/255/255
f 251/251/251 255/255/255 257/257/257
f 197/197/197 251/251/251 257/257/257
f 255/255/255 256/256/256 258/258/258
f 256/256/256 259/259/259 258/258/258
f 255/255/255 258/258/258 260/260/260
f 258/258/258 261/261/261 260/260/260
f 262/262/262 260/260/260 261/261/261
f 263/263/263 262/262/262 261/261/261
f 261/261/261 258/258/258 264/264/264
f 265/265/265 261/261/261 264/264/264
f 265/265/265 264/264/264 266/266/266
f 261/261/261 265/265/265 267/267/267
f 268/268/268 261/261/261 267/267/267
f 269/269/269 265/265/265 266/266/266
f 267/267/267 265/265/265 270/270/270
f 265/265/265 271/271/271 270/270/270
f 267/267/267 270/270/270 272/272/272
f 273/273/273 267/267/267 272/272/272
f 270/270/270 269/269/269 274/274/274
f 269/269/269 275/275/275 274/274/274
f 269/269/269 266/266/266 276/276/276
f 275/275/275 269/269/269 276/276/276
f 275/275/275 276/276/276 277/277/277
f 278/278/278 275/275/275 277/277/277
f 277/277/277 276/276/276 279/279/279
f 280/280/280 277/277/277 279/279/279
f 282/282/282 278/278/278 281/281/281
f 283/283/283 282/282/282 281/281/281
f 284/284/284 282/282/282 283/283/283
f 282/282/282 284/284/284 285/285/285
f 284/284/284 286/286/286 285/285/285
f 287/287/287 284/284/284 283/283/283
f 288/288/288 284/284/284 287/287/287
f 289/289/289 288/288/288 287/287/287
f 290/290/290 288/288/288 289/289/289
f 291/291/291 290/290/290 289/289/289
f 290/290/290 291/291/291 292/292/292
f 288/288/288 293/293/293 284/284/284
f 288/288/288 290/290/290 293/293/293
f 293/293/293 294/294/294 284/284/284
f 290/290/290 295/295/295 293/293/293
f 295/295/295 290/290/290 296/296/296
f 290/290/290 297/297/297 296/296/296
f 297/297/297 290/290/290 292/292/292
f 297/297/297 292/292/292 298/298/298
f 299/299/299 297/297/297 298/298/298
f 298/298/298 292/292/292 300/300/300
f 292/292/292 301/301/301 300/300/300
f 298/298/298 300/300/300 128/128/128
f 300/300/300 302/302/302 128/128/128
f 298/298/298 128/128/128 303/303/303
f 304/304/304 298/298/298 303/303/303
f 305/305/305 304/304/304 303/303/303
f 306/306/306 305/305/305 303/303/303
f 307/307/307 304/304/304 305/305/305
f 308/308/308 307/307/307 305/305/305
f 310/310/310 309/309/309 121/121/121
f 311/311/311 310/310/310 121/121/121
f 314/314/314 313/313/313 312/312/312
f 315/315/315 314/314/314 312/312/312
f 318/318/318 317/317/317 316/316/316
f 319/319/319 318/318/318 316/316/316
f 321/321/321 320/320/320 318/318/318
f 322/322/322 321/321/321 318/318/318
f 322/322/322 318/318/318 203/203/203
f 323/323/323 322/322/322 203/203/203
f 325/325/325 322/322/322 324/324/324
f 326/326/326 325/325/325 324/324/324
f 326/326/326 324/324/324 186/186/186
f 327/327/327 326/326/326 186/186/186
f 330/330/330 329/329/329 328/328/328
f 329/329/329 331/331/331 328/328/328
f 328/328/328 331/331/331 332/332/332
f 331/331/331 161/161/161 332/332/332
f 328/328/328 332/332/332 333/333/333
f 334/334/334 328/328/328 333/333/333
f 332/332/332 161/161/161 335/335/335
f 161/161/161 336/336/336 335/335/335
f 338/338/338 335/335/335 337/337/337
f 339/339/339 338/338/338 337/337/337
f 342/342/342 341/341/341 340/340/340
f 343/343/343 342/342/342 340/340/340
f 346/346/346 345/345/345 344/344/344
f 347/347/347 346/346/346 344/344/344
f 350/350/350 349/349/349 348/348/348
f 351/351/351 350/350/350 348/348/348
f 353/353/353 351/351/351 352/352/352
f 354/354/354 353/353/353 352/352/352
f 355/355/355 353/353/353 354/354/354
f 356/356/356 355/355/355 354/354/354
f 357/357/357 355/355/355 356/356/356
f 352/352/352 351/351/351 358/358/358
f 359/359/359 357/357/357 356/356/356
f 351/351/351 360/360/360 358/358/358
f 358/358/358 360/360/360 361/361/361
f 360/360/360 351/351/351 362/362/362
f 360/360/360 363/363/363 361/361/361
f 361/361/361 363/363/363 364/364/364
f 365/365/365 357/357/357 359/359/359
f 357/357/357 365/365/365 362/362/362
f 366/366/366 365/365/365 359/359/359
f 367/367/367 365/365/365 366/366/366
f 368/368/368 367/367/367 366/366/366
f 363/363/363 369/369/369 364/364/364
f 369/369/369 363/363/363 362/362/362
f 364/364/364 369/369/369 370/370/370
f 371/371/371 367/367/367 368/368/368
f 367/367/367 371/371/371 362/362/362
f 372/372/372 371/371/371 368/368/368
f 369/369/369 373/373/373 370/370/370
f 373/373/373 369/369/369 362/362/362
f 370/370/370 373/373/373 374/374/374
f 375/375/375 371/371/371 372/372/372
f 371/371/371 375/375/375 362/362/362
f 374/374/374 375/375/375 372/372/372
f 373/373/373 375/375/375 374/374/374
f 375/375/375 373/373/373 362/362/362
f 378/378/378 377/377/377 376/376/376
f 377/377/377 379/379/379 376/376/376
f 376/376/376 379/379/379 380/380/380
f 381/381/381 376/376/376 380/380/380
f 381/381/381 380/380/380 382/382/382
f 380/380/380 383/383/383 382/382/382
f 383/383/383 380/380/380 384/384/384
f 380/380/380 385/385/385 384/384/384
f 380/380/380 379/379/379 385/385/385
f 386/386/386 384/384/384 385/385/385
f 387/387/387 386/386/386 385/385/385
f 388/388/388 387/387/387 385/385/385
f 379/379/379 377/377/377 389/389/389
f 379/379/379 389/389/389 385/385/385
f 389/389/389 388/388/388 385/385/385
f 377/377/377 390/390/390 389/389/389
f 388/388/388 389/389/389 390/390/390
f 391/391/391 388/388/388 390/390/390
f 394/394/394 393/393/393 392/392/392
f 395/395/395 394/394/394 392/392/392
f 395/395/395 392/392/392 396/396/396
f 397/397/397 394/394/394 395/395/395
f 398/398/398 395/395/395 396/396/396
f 398/398/398 396/396/396 399/399/399
f 400/400/400 397/397/397 395/395/395
f 401/401/401 397/397/397 400/400/400
f 402/402/402 398/398/398 399/399/399
f 402/402/402 399/399/399 403/403/403
f 395/395/395 398/398/398 404/404/404
f 400/400/400 395/395/395 404/404/404
f 404/404/404 398/398/398 402/402/402
f 405/405/405 401/401/401 400/400/400
f 406/406/406 401/401/401 405/405/405
f 404/404/404 407/407/407 400/400/400
f 407/407/407 405/405/405 400/400/400
f 408/408/408 406/406/406 405/405/405
f 408/408/408 405/405/405 407/407/407
f 406/406/406 408/408/408 409/409/409
f 410/410/410 406/406/406 409/409/409
f 411/411/411 410/410/410 409/409/409
f 412/412/412 402/402/402 403/403/403
f 412/412/412 403/403/403 413/413/413
f 414/414/414 404/404/404 402/402/402
f 407/407/407 404/404/404 414/414/414
f 414/414/414 402/402/402 415/415/415
f 402/402/402 412/412/412 415/415/415
f 415/415/415 407/407/407 414/414/414
f 416/416/416 408/408/408 407/407/407
f 409/409/409 408/408/408 416/416/416
f 416/416/416 407/407/407 415/415/415
f 417/417/417 412/412/412 413/413/413
f 415/415/415 412/412/412 417/417/417
f 413/413/413 418/418/418 417/417/417
f 419/419/419 411/411/411 409/409/409
f 411/411/411 419/419/419 420/420/420
f 419/419/419 421/421/421 420/420/420
f 422/422/422 409/409/409 416/416/416
f 409/409/409 422/422/422 419/419/419
f 423/423/423 416/416/416 415/415/415
f 423/423/423 415/415/415 417/417/417
f 422/422/422 416/416/416 423/423/423
f 418/418/418 424/424/424 417/417/417
f 423/423/423 417/417/417 424/424/424
f 424/424/424 418/418/418 425/425/425
f 426/426/426 425/425/425 421/421/421
f 419/419/419 426/426/426 421/421/421
f 422/422/422 426/426/426 419/419/419
f 426/426/426 424/424/424 425/425/425
f 427/427/427 423/423/423 424/424/424
f 427/427/427 422/422/422 423/423/423
f 426/426/426 422/422/422 427/427/427
f 424/424/424 426/426/426 427/427/427
f 430/430/430 429/429/429 428/428/428
f 431/431/431 430/430/430 428/428/428
f 432/432/432 430/430/430 431/431/431
f 433/433/433 432/432/432 431/431/431
f 434/434/434 431/431/431 428/428/428
f 150/150/150 434/434/434 428/428/428
f 437/437/437 436/436/436 435/435/435
f 438/438/438 437/437/437 435/435/435
f 439/439/439 437/437/437 438/438/438
f 266/266/266 439/439/439 438/438/438
f 439/439/439 440/440/440 437/437/437
f 440/440/440 441/441/441 437/437/437
f 443/443/443 438/438/438 442/442/442
f 444/444/444 443/443/443 442/442/442
f 446/446/446 445/445/445 133/133/133
f 447/447/447 446/446/446 133/133/133
f 450/450/450 449/449/449 448/448/448
f 449/449/449 451/451/451 448/448/448
f 451/451/451 449/449/449 452/452/452
f 449/449/449 453/453/453 452/452/452
f 452/452/452 453/453/453 454/454/454
f 455/455/455 452/452/452 454/454/454
f 456/456/456 220/220/220 196/196/196
f 220/220/220 457/457/457 196/196/196
f 457/457/457 220/220/220 231/231/231
f 220/220/220 458/458/458 231/231/231
f 461/461/461 460/460/460 459/459/459
f 460/460/460 462/462/462 459/459/459
f 462/462/462 460/460/460 463/463/463
f 460/460/460 464/464/464 463/463/463
f 463/463/463 464/464/464 465/465/465
f 466/466/466 463/463/463 465/465/465
f 469/469/469 468/468/468 467/467/467
f 470/470/470 469/469/469 467/467/467
f 473/473/473 472/472/472 471/471/471
f 167/167/167 473/473/473 471/471/471
f 476/476/476 475/475/475 474/474/474
f 475/475/475 477/477/477 474/474/474
f 474/474/474 477/477/477 478/478/478
f 477/477/477 479/479/479 478/478/478
f 482/482/482 481/481/481 480/480/480
f 482/482/482 483/483/483 481/481/481
f 481/481/481 484/484/484 480/480/480
f 480/480/480 484/484/484 485/485/485
f 483/483/483 486/486/486 481/481/481
f 483/483/483 487/487/487 486/486/486
f 481/481/481 488/488/488 484/484/484
f 481/481/481 486/486/486 488/488/488
f 484/484/484 489/489/489 485/485/485
f 488/488/488 490/490/490 484/484/484
f 489/489/489 484/484/484 490/490/490
f 485/485/485 489/489/489 491/491/491
f 492/492/492 485/485/485 491/491/491
f 492/492/492 491/491/491 493/493/493
f 494/494/494 492/492/492 493/493/493
f 494/494/494 493/493/493 495/495/495
f 496/496/496 494/494/494 495/495/495
f 496/496/496 495/495/495 487/487/487
f 487/487/487 497/497/497 486/486/486
f 495/495/495 497/497/497 487/487/487
f 493/493/493 491/491/491 498/498/498
f 493/493/493 498/498/498 495/495/495
f 491/491/491 489/489/489 499/499/499
f 491/491/491 499/499/499 498/498/498
f 486/486/486 500/500/500 488/488/488
f 486/486/486 497/497/497 500/500/500
f 497/497/497 495/495/495 501/501/501
f 498/498/498 501/501/501 495/495/495
f 489/489/489 502/502/502 499/499/499
f 502/502/502 489/489/489 490/490/490
f 497/497/497 503/503/503 500/500/500
f 503/503/503 497/497/497 501/501/501
f 488/488/488 500/500/500 504/504/504
f 505/505/505 488/488/488 504/504/504
f 488/488/488 505/505/505 490/490/490
f 504/504/504 500/500/500 506/506/506
f 500/500/500 503/503/503 506/506/506
f 505/505/505 507/507/507 490/490/490
f 490/490/490 507/507/507 502/502/502
f 508/508/508 506/506/506 503/503/503
f 501/501/501 508/508/508 503/503/503
f 507/507/507 509/509/509 502/502/502
f 499/499/499 502/502/502 509/509/509
f 510/510/510 508/508/508 501/501/501
f 511/511/511 499/499/499 509/509/509
f 498/498/498 510/510/510 501/501/501
f 498/498/498 499/499/499 511/511/511
f 510/510/510 498/498/498 511/511/511
f 514/514/514 513/513/513 512/512/512
f 512/512/512 513/513/513 515/515/515
f 516/516/516 514/514/514 512/512/512
f 514/514/514 516/516/516 517/517/517
f 518/518/518 512/512/512 515/515/515
f 519/519/519 518/518/518 515/515/515
f 520/520/520 519/519/519 515/515/515
f 520/520/520 521/521/521 519/519/519
f 521/521/521 522/522/522 519/519/519
f 522/522/522 521/521/521 523/523/523
f 524/524/524 522/522/522 523/523/523
f 524/524/524 523/523/523 525/525/525
f 526/526/526 525/525/525 517/517/517
f 526/526/526 524/524/524 525/525/525
f 527/527/527 526/526/526 517/517/517
f 516/516/516 527/527/527 517/517/517
f 524/524/524 526/526/526 528/528/528
f 526/526/526 527/527/527 528/528/528
f 522/522/522 524/524/524 529/529/529
f 529/529/529 524/524/524 528/528/528
f 522/522/522 530/530/530 519/519/519
f 530/530/530 522/522/522 529/529/529
f 519/519/519 531/531/531 518/518/518
f 530/530/530 531/531/531 519/519/519
f 527/527/527 516/516/516 532/532/532
f 527/527/527 532/532/532 528/528/528
f 531/531/531 533/533/533 518/518/518
f 512/512/512 518/518/518 533/533/533
f 516/516/516 512/512/512 534/534/534
f 534/534/534 512/512/512 533/533/533
f 535/535/535 516/516/516 534/534/534
f 516/516/516 535/535/535 532/532/532
f 534/534/534 536/536/536 535/535/535
f 534/534/534 533/533/533 536/536/536
f 536/536/536 537/537/537 535/535/535
f 535/535/535 537/537/537 532/532/532
f 533/533/533 538/538/538 536/536/536
f 537/537/537 539/539/539 532/532/532
f 532/532/532 539/539/539 528/528/528
f 538/538/538 533/533/533 540/540/540
f 533/533/533 531/531/531 540/540/540
f 539/539/539 541/541/541 528/528/528
f 540/540/540 531/531/531 542/542/542
f 529/529/529 528/528/528 541/541/541
f 531/531/531 530/530/530 542/542/542
f 543/543/543 529/529/529 541/541/541
f 542/542/542 530/530/530 543/543/543
f 530/530/530 529/529/529 543/543/543
f 546/546/546 545/545/545 544/544/544
f 547/547/547 545/545/545 546/546/546
f 548/548/548 546/546/546 544/544/544
f 548/548/548 544/544/544 549/549/549
f 550/550/550 547/547/547 546/546/546
f 551/551/551 547/547/547 550/550/550
f 552/552/552 546/546/546 548/548/548
f 550/550/550 546/546/546 552/552/552
f 553/553/553 548/548/548 549/549/549
f 554/554/554 552/552/552 548/548/548
f 548/548/548 553/553/553 554/554/554
f 553/553/553 549/549/549 555/555/555
f 549/549/549 556/556/556 555/555/555
f 555/555/555 556/556/556 557/557/557
f 556/556/556 558/558/558 557/557/557
f 557/557/557 558/558/558 559/559/559
f 558/558/558 560/560/560 559/559/559
f 559/559/559 560/560/560 551/551/551
f 561/561/561 551/551/551 550/550/550
f 561/561/561 559/559/559 551/551/551
f 555/555/555 557/557/557 562/562/562
f 562/562/562 557/557/557 559/559/559
f 553/553/553 555/555/555 563/563/563
f 563/563/563 555/555/555 562/562/562
f 564/564/564 550/550/550 552/552/552
f 561/561/561 550/550/550 564/564/564
f 559/559/559 561/561/561 565/565/565
f 565/565/565 562/562/562 559/559/559
f 566/566/566 553/553/553 563/563/563
f 553/553/553 566/566/566 554/554/554
f 567/567/567 561/561/561 564/564/564
f 561/561/561 567/567/567 565/565/565
f 564/564/564 552/552/552 568/568/568
f 552/552/552 569/569/569 568/568/568
f 569/569/569 552/552/552 554/554/554
f 564/564/564 568/568/568 570/570/570
f 567/567/567 564/564/564 570/570/570
f 571/571/571 569/569/569 554/554/554
f 571/571/571 554/554/554 566/566/566
f 570/570/570 572/572/572 567/567/567
f 572/572/572 565/565/565 567/567/567
f 573/573/573 571/571/571 566/566/566
f 566/566/566 563/563/563 573/573/573
f 572/572/572 574/574/574 565/565/565
f 563/563/563 575/575/575 573/573/573
f 574/574/574 562/562/562 565/565/565
f 562/562/562 574/574/574 575/575/575
f 563/563/563 562/562/562 575/575/575
f 578/578/578 577/577/577 576/576/576
f 578/578/578 576/576/576 579/579/579
f 577/577/577 580/580/580 576/576/576
f 580/580/580 577/577/577 581/581/581
f 576/576/576 582/582/582 579/579/579
f 582/582/582 583/583/583 579/579/579
f 583/583/583 584/584/584 579/579/579
f 585/585/585 584/584/584 583/583/583
f 586/586/586 585/585/585 583/583/583
f 585/585/585 586/586/586 587/587/587
f 586/586/586 588/588/588 587/587/587
f 587/587/587 588/588/588 589/589/589
f 589/589/589 590/590/590 581/581/581
f 588/588/588 590/590/590 589/589/589
f 590/590/590 591/591/591 581/581/581
f 591/591/591 580/580/580 581/581/581
f 590/590/590 588/588/588 592/592/592
f 591/591/591 590/590/590 592/592/592
f 588/588/588 586/586/586 593/593/593
f 588/588/588 593/593/593 592/592/592
f 594/594/594 586/586/586 583/583/583
f 586/586/586 594/594/594 593/593/593
f 595/595/595 583/583/583 582/582/582
f 595/595/595 594/594/594 583/583/583
f 580/580/580 591/591/591 596/596/596
f 596/596/596 591/591/591 592/592/592
f 597/597/597 595/595/595 582/582/582
f 582/582/582 576/576/576 597/597/597
f 576/576/576 580/580/580 598/598/598
f 576/576/576 598/598/598 597/597/597
f 580/580/580 599/599/599 598/598/598
f 599/599/599 580/580/580 596/596/596
f 600/600/600 598/598/598 599/599/599
f 597/597/597 598/598/598 600/600/600
f 601/601/601 600/600/600 599/599/599
f 601/601/601 599/599/599 596/596/596
f 602/602/602 597/597/597 600/600/600
f 603/603/603 601/601/601 596/596/596
f 603/603/603 596/596/596 592/592/592
f 597/597/597 602/602/602 604/604/604
f 595/595/595 597/597/597 604/604/604
f 605/605/605 603/603/603 592/592/592
f 595/595/595 604/604/604 606/606/606
f 592/592/592 593/593/593 605/605/605
f 594/594/594 595/595/595 606/606/606
f 593/593/593 607/607/607 605/605/605
f 594/594/594 606/606/606 607/607/607
f 593/593/593 594/594/594 607/607/607
f 610/610/610 609/609/609 608/608/608
f 609/609/609 610/610/610 611/611/611
f 612/612/612 610/610/610 608/608/608
f 612/612/612 608/608/608 613/613/613
f 610/610/610 614/614/614 611/611/611
f 611/611/611 614/614/614 615/615/615
f 616/616/616 612/612/612 613/613/613
f 612/612/612 617/617/617 610/610/610
f 617/617/617 612/612/612 616/616/616
f 616/616/616 613/613/613 618/618/618
f 613/613/613 619/619/619 618/618/618
f 618/618/618 619/619/619 620/620/620
f 621/621/621 617/617/617 616/616/616
f 621/621/621 616/616/616 618/618/618
f 617/617/617 622/622/622 610/610/610
f 617/617/617 621/621/621 622/622/622
f 623/623/623 614/614/614 610/610/610
f 622/622/622 623/623/623 610/610/610
f 614/614/614 624/624/624 615/615/615
f 614/614/614 623/623/623 624/624/624
f 625/625/625 618/618/618 620/620/620
f 625/625/625 620/620/620 626/626/626
f 627/627/627 621/621/621 618/618/618
f 627/627/627 618/618/618 625/625/625
f 621/621/621 628/628/628 622/622/622
f 621/621/621 627/627/627 628/628/628
f 629/629/629 623/623/623 622/622/622
f 623/623/623 629/629/629 624/624/624
f 628/628/628 629/629/629 622/622/622
f 615/615/615 624/624/624 630/630/630
f 624/624/624 629/629/629 630/630/630
f 631/631/631 615/615/615 630/630/630
f 631/631/631 630/630/630 632/632/632
f 633/633/633 625/625/625 626/626/626
f 626/626/626 634/634/634 633/633/633
f 635/635/635 627/627/627 625/625/625
f 635/635/635 625/625/625 633/633/633
f 627/627/627 636/636/636 628/628/628
f 627/627/627 635/635/635 636/636/636
f 637/637/637 629/629/629 628/628/628
f 629/629/629 637/637/637 630/630/630
f 636/636/636 637/637/637 628/628/628
f 630/630/630 638/638/638 632/632/632
f 630/630/630 637/637/637 638/638/638
f 632/632/632 638/638/638 639/639/639
f 640/640/640 637/637/637 636/636/636
f 637/637/637 640/640/640 638/638/638
f 638/638/638 641/641/641 639/639/639
f 638/638/638 640/640/640 641/641/641
f 642/642/642 639/639/639 641/641/641
f 635/635/635 643/643/643 636/636/636
f 643/643/643 640/640/640 636/636/636
f 644/644/644 635/635/635 633/633/633
f 635/635/635 644/644/644 643/643/643
f 645/645/645 640/640/640 643/643/643
f 640/640/640 645/645/645 641/641/641
f 646/646/646 642/642/642 641/641/641
f 647/647/647 642/642/642 646/646/646
f 644/644/644 648/648/648 643/643/643
f 648/648/648 645/645/645 643/643/643
f 645/645/645 649/649/649 641/641/641
f 649/649/649 646/646/646 641/641/641
f 649/649/649 645/645/645 648/648/648
f 650/650/650 647/647/647 646/646/646
f 650/650/650 646/646/646 649/649/649
f 651/651/651 647/647/647 650/650/650
f 652/652/652 644/644/644 633/633/633
f 644/644/644 652/652/652 648/648/648
f 653/653/653 649/649/649 648/648/648
f 652/652/652 653/653/653 648/648/648
f 654/654/654 651/651/651 650/650/650
f 655/655/655 651/651/651 654/654/654
f 656/656/656 650/650/650 649/649/649
f 649/649/649 653/653/653 656/656/656
f 657/657/657 655/655/655 654/654/654
f 658/658/658 655/655/655 657/657/657
f 659/659/659 654/654/654 650/650/650
f 656/656/656 659/659/659 650/650/650
f 657/657/657 654/654/654 659/659/659
f 653/653/653 660/660/660 656/656/656
f 656/656/656 660/660/660 659/659/659
f 661/661/661 652/652/652 633/633/633
f 634/634/634 661/661/661 633/633/633
f 634/634/634 662/662/662 661/661/661
f 662/662/662 663/663/663 661/661/661
f 661/661/661 663/663/663 652/652/652
f 662/662/662 664/664/664 663/663/663
f 653/653/653 652/652/652 665/665/665
f 660/660/660 653/653/653 665/665/665
f 663/663/663 665/665/665 652/652/652
f 664/664/664 666/666/666 663/663/663
f 664/664/664 667/667/667 666/666/666
f 668/668/668 665/665/665 663/663/663
f 660/660/660 665/665/665 668/668/668
f 666/666/666 668/668/668 663/663/663
f 667/667/667 669/669/669 666/666/666
f 666/666/666 669/669/669 668/668/668
f 667/667/667 670/670/670 669/669/669
f 671/671/671 660/660/660 668/668/668
f 660/660/660 671/671/671 659/659/659
f 670/670/670 672/672/672 669/669/669
f 672/672/672 673/673/673 669/669/669
f 670/670/670 674/674/674 672/672/672
f 669/669/669 675/675/675 668/668/668
f 671/671/671 668/668/668 675/675/675
f 673/673/673 675/675/675 669/669/669
f 659/659/659 671/671/671 676/676/676
f 676/676/676 657/657/657 659/659/659
f 676/676/676 677/677/677 657/657/657
f 678/678/678 671/671/671 675/675/675
f 671/671/671 678/678/678 676/676/676
f 678/678/678 675/675/675 673/673/673
f 676/676/676 678/678/678 677/677/677
f 674/674/674 679/679/679 672/672/672
f 672/672/672 679/679/679 673/673/673
f 677/677/677 680/680/680 657/657/657
f 680/680/680 658/658/658 657/657/657
f 681/681/681 658/658/658 680/680/680
f 682/682/682 681/681/681 680/680/680
f 682/682/682 680/680/680 677/677/677
f 683/683/683 678/678/678 673/673/673
f 678/678/678 683/683/683 677/677/677
f 683/683/683 673/673/673 684/684/684
f 677/677/677 683/683/683 684/684/684
f 679/679/679 685/685/685 673/673/673
f 673/673/673 685/685/685 684/684/684
f 684/684/684 685/685/685 679/679/679
f 686/686/686 679/679/679 674/674/674
f 686/686/686 684/684/684 679/679/679
f 682/682/682 686/686/686 681/681/681
f 684/684/684 686/686/686 682/682/682
f 687/687/687 686/686/686 674/674/674
f 686/686/686 687/687/687 681/681/681
f 688/688/688 677/677/677 684/684/684
f 688/688/688 684/684/684 682/682/682
f 688/688/688 682/682/682 677/677/677
f 691/691/691 690/690/690 689/689/689
f 690/690/690 691/691/691 692/692/692
f 693/693/693 691/691/691 689/689/689
f 693/693/693 689/689/689 694/694/694
f 691/691/691 695/695/695 692/692/692
f 692/692/692 695/695/695 696/696/696
f 697/697/697 693/693/693 694/694/694
f 697/697/697 694/694/694 698/698/698
f 699/699/699 691/691/691 693/693/693
f 691/691/691 699/699/699 695/695/695
f 695/695/695 700/700/700 696/696/696
f 696/696/696 700/700/700 701/701/701
f 702/702/702 697/697/697 698/698/698
f 703/703/703 702/702/702 698/698/698
f 704/704/704 703/703/703 698/698/698
f 703/703/703 704/704/704 701/701/701
f 702/702/702 705/705/705 697/697/697
f 705/705/705 702/702/702 703/703/703
f 697/697/697 706/706/706 693/693/693
f 705/705/705 706/706/706 697/697/697
f 707/707/707 699/699/699 693/693/693
f 706/706/706 707/707/707 693/693/693
f 708/708/708 699/699/699 707/707/707
f 699/699/699 709/709/709 695/695/695
f 699/699/699 708/708/708 709/709/709
f 710/710/710 700/700/700 695/695/695
f 709/709/709 710/710/710 695/695/695
f 700/700/700 711/711/711 701/701/701
f 711/711/711 703/703/703 701/701/701
f 712/712/712 711/711/711 700/700/700
f 711/711/711 712/712/712 703/703/703
f 710/710/710 712/712/712 700/700/700
f 713/713/713 705/705/705 703/703/703
f 712/712/712 713/713/713 703/703/703
f 705/705/705 714/714/714 706/706/706
f 714/714/714 705/705/705 713/713/713
f 706/706/706 715/715/715 707/707/707
f 714/714/714 715/715/715 706/706/706
f 716/716/716 712/712/712 710/710/710
f 712/712/712 716/716/716 713/713/713
f 717/717/717 710/710/710 709/709/709
f 717/717/717 716/716/716 710/710/710
f 715/715/715 718/718/718 707/707/707
f 718/718/718 708/708/708 707/707/707
f 719/719/719 714/714/714 713/713/713
f 716/716/716 719/719/719 713/713/713
f 719/719/719 720/720/720 714/714/714
f 720/720/720 719/719/719 716/716/716
f 714/714/714 721/721/721 715/715/715
f 720/720/720 721/721/721 714/714/714
f 715/715/715 722/722/722 718/718/718
f 721/721/721 722/722/722 715/715/715
f 708/708/708 723/723/723 709/709/709
f 723/723/723 717/717/717 709/709/709
f 724/724/724 716/716/716 717/717/717
f 724/724/724 720/720/720 716/716/716
f 725/725/725 717/717/717 723/723/723
f 725/725/725 724/724/724 717/717/717
f 722/722/722 726/726/726 718/718/718
f 718/718/718 726/726/726 708/708/708
f 727/727/727 723/723/723 708/708/708
f 727/727/727 725/725/725 723/723/723
f 726/726/726 728/728/728 708/708/708
f 728/728/728 727/727/727 708/708/708
f 729/729/729 728/728/728 726/726/726
f 728/728/728 729/729/729 727/727/727
f 730/730/730 726/726/726 722/722/722
f 730/730/730 729/729/729 726/726/726
f 731/731/731 722/722/722 721/721/721
f 731/731/731 730/730/730 722/722/722
f 727/727/727 732/732/732 725/725/725
f 729/729/729 732/732/732 727/727/727
f 725/725/725 733/733/733 724/724/724
f 732/732/732 733/733/733 725/725/725
f 734/734/734 731/731/731 721/721/721
f 734/734/734 721/721/721 720/720/720
f 724/724/724 735/735/735 720/720/720
f 733/733/733 735/735/735 724/724/724
f 736/736/736 734/734/734 720/720/720
f 735/735/735 736/736/736 720/720/720
f 734/734/734 737/737/737 731/731/731
f 737/737/737 734/734/734 736/736/736
f 738/738/738 735/735/735 733/733/733
f 735/735/735 738/738/738 736/736/736
f 731/731/731 739/739/739 730/730/730
f 737/737/737 739/739/739 731/731/731
f 740/740/740 729/729/729 730/730/730
f 729/729/729 740/740/740 732/732/732
f 741/741/741 733/733/733 732/732/732
f 741/741/741 738/738/738 733/733/733
f 742/742/742 737/737/737 736/736/736
f 738/738/738 742/742/742 736/736/736
f 739/739/739 743/743/743 730/730/730
f 743/743/743 740/740/740 730/730/730
f 744/744/744 740/740/740 743/743/743
f 740/740/740 745/745/745 732/732/732
f 745/745/745 741/741/741 732/732/732
f 740/740/740 744/744/744 745/745/745
f 737/737/737 746/746/746 739/739/739
f 746/746/746 737/737/737 742/742/742
f 738/738/738 747/747/747 742/742/742
f 747/747/747 738/738/738 741/741/741
f 739/739/739 748/748/748 743/743/743
f 746/746/746 748/748/748 739/739/739
f 749/749/749 741/741/741 745/745/745
f 749/749/749 747/747/747 741/741/741
f 750/750/750 744/744/744 743/743/743
f 748/748/748 750/750/750 743/743/743
f 751/751/751 746/746/746 742/742/742
f 747/747/747 751/751/751 742/742/742
f 751/751/751 752/752/752 746/746/746
f 752/752/752 751/751/751 747/747/747
f 746/746/746 753/753/753 748/748/748
f 752/752/752 753/753/753 746/746/746
f 748/748/748 754/754/754 750/750/750
f 753/753/753 754/754/754 748/748/748
f 755/755/755 752/752/752 747/747/747
f 755/755/755 747/747/747 749/749/749
f 752/752/752 756/756/756 753/753/753
f 756/756/756 752/752/752 755/755/755
f 756/756/756 754/754/754 753/753/753
f 757/757/757 749/749/749 745/745/745
f 744/744/744 757/757/757 745/745/745
f 758/758/758 755/755/755 749/749/749
f 758/758/758 756/756/756 755/755/755
f 758/758/758 749/749/749 757/757/757
f 754/754/754 759/759/759 750/750/750
f 750/750/750 759/759/759 744/744/744
f 756/756/756 760/760/760 754/754/754
f 760/760/760 759/759/759 754/754/754
f 760/760/760 756/756/756 758/758/758
f 759/759/759 760/760/760 744/744/744
f 761/761/761 757/757/757 744/744/744
f 761/761/761 758/758/758 757/757/757
f 761/761/761 760/760/760 758/758/758
f 760/760/760 761/761/761 744/744/744
f 764/764/764 763/763/763 762/762/762
f 764/764/764 762/762/762 765/765/765
f 764/764/764 766/766/766 763/763/763
f 764/764/764 765/765/765 767/767/767
f 764/764/764 768/768/768 766/766/766
f 764/764/764 767/767/767 769/769/769
f 764/764/764 770/770/770 768/768/768
f 764/764/764 769/769/769 771/771/771
f 764/764/764 772/772/772 770/770/770
f 764/764/764 771/771/771 773/773/773
f 764/764/764 774/774/774 772/772/772
f 764/764/764 773/773/773 774/774/774
f 777/777/777 776/776/776 775/775/775
f 775/775/775 776/776/776 778/778/778
f 779/779/779 777/777/777 775/775/775
f 780/780/780 777/777/777 779/779/779
f 781/781/781 775/775/775 778/778/778
f 781/781/781 778/778/778 782/782/782
f 783/783/783 780/780/780 779/779/779
f 784/784/784 780/780/780 783/783/783
f 785/785/785 784/784/784 783/783/783
f 786/786/786 784/784/784 785/785/785
f 787/787/787 786/786/786 785/785/785
f 788/788/788 786/786/786 787/787/787
f 782/782/782 788/788/788 789/789/789
f 789/789/789 788/788/788 787/787/787
f 790/790/790 787/787/787 785/785/785
f 787/787/787 790/790/790 789/789/789
f 791/791/791 785/785/785 783/783/783
f 791/791/791 790/790/790 785/785/785
f 792/792/792 781/781/781 782/782/782
f 792/792/792 782/782/782 789/789/789
f 790/790/790 793/793/793 789/789/789
f 790/790/790 791/791/791 793/793/793
f 794/794/794 792/792/792 789/789/789
f 781/781/781 792/792/792 794/794/794
f 793/793/793 794/794/794 789/789/789
f 795/795/795 791/791/791 783/783/783
f 795/795/795 783/783/783 779/779/779
f 791/791/791 796/796/796 793/793/793
f 794/794/794 793/793/793 796/796/796
f 791/791/791 795/795/795 796/796/796
f 797/797/797 781/781/781 794/794/794
f 797/797/797 794/794/794 796/796/796
f 775/775/775 781/781/781 797/797/797
f 795/795/795 798/798/798 796/796/796
f 798/798/798 795/795/795 779/779/779
f 797/797/797 796/796/796 798/798/798
f 775/775/775 799/799/799 779/779/779
f 799/799/799 798/798/798 779/779/779
f 799/799/799 797/797/797 798/798/798
f 799/799/799 775/775/775 797/797/797
f 802/802/802 801/801/801 800/800/800
f 801/801/801 802/802/802 803/803/803
f 804/804/804 802/802/802 800/800/800
f 804/804/804 800/800/800 805/805/805
f 802/802/802 806/806/806 803/803/803
f 806/806/806 807/807/807 803/803/803
f 807/807/807 808/808/808 803/803/803
f 808/808/808 807/807/807 809/809/809
f 806/806/806 802/802/802 810/810/810
f 807/807/807 806/806/806 810/810/810
f 802/802/802 804/804/804 810/810/810
f 807/807/807 811/811/811 809/809/809
f 811/811/811 807/807/807 810/810/810
f 809/809/809 811/811/811 812/812/812
f 811/811/811 810/810/810 812/812/812
f 813/813/813 809/809/809 812/812/812
f 813/813/813 812/812/812 814/814/814
f 810/810/810 815/815/815 812/812/812
f 812/812/812 815/815/815 814/814/814
f 814/814/814 815/815/815 805/805/805
f 810/810/810 804/804/804 815/815/815
f 816/816/816 804/804/804 805/805/805
f 804/804/804 816/816/816 815/815/815
f 815/815/815 816/816/816 805/805/805
f 819/819/819 818/818/818 817/817/817
f 817/817/817 818/818/818 820/820/820
f 821/821/821 818/818/818 819/819/819
f 820/820/820 818/818/818 822/822/822
f 823/823/823 818/818/818 821/821/821
f 822/822/822 818/818/818 824/824/824
f 825/825/825 818/818/818 823/823/823
f 824/824/824 818/818/818 826/826/826
f 827/827/827 818/818/818 825/825/825
f 826/826/826 818/818/818 828/828/828
f 829/829/829 818/818/818 827/827/827
f 828/828/828 818/818/818 829/829/829
f 832/832/832 831/831/831 830/830/830
f 832/832/832 830/830/830 833/833/833
f 831/831/831 834/834/834 830/830/830
f 831/831/831 835/835/835 834/834/834
f 830/830/830 836/836/836 833/833/833
f 833/833/833 836/836/836 837/837/837
f 835/835/835 838/838/838 834/834/834
f 835/835/835 839/839/839 838/838/838
f 839/839/839 840/840/840 838/838/838
f 839/839/839 841/841/841 840/840/840
f 841/841/841 842/842/842 840/840/840
f 841/841/841 843/843/843 842/842/842
f 843/843/843 837/837/837 844/844/844
f 843/843/843 844/844/844 842/842/842
f 842/842/842 845/845/845 840/840/840
f 845/845/845 842/842/842 844/844/844
f 840/840/840 846/846/846 838/838/838
f 845/845/845 846/846/846 840/840/840
f 836/836/836 847/847/847 837/837/837
f 837/837/837 847/847/847 844/844/844
f 848/848/848 845/845/845 844/844/844
f 846/846/846 845/845/845 848/848/848
f 847/847/847 849/849/849 844/844/844
f 847/847/847 836/836/836 849/849/849
f 849/849/849 848/848/848 844/844/844
f 846/846/846 850/850/850 838/838/838
f 838/838/838 850/850/850 834/834/834
f 851/851/851 846/846/846 848/848/848
f 848/848/848 849/849/849 851/851/851
f 850/850/850 846/846/846 851/851/851
f 836/836/836 852/852/852 849/849/849
f 849/849/849 852/852/852 851/851/851
f 836/836/836 830/830/830 852/852/852
f 853/853/853 850/850/850 851/851/851
f 850/850/850 853/853/853 834/834/834
f 851/851/851 852/852/852 853/853/853
f 854/854/854 830/830/830 834/834/834
f 853/853/853 854/854/854 834/834/834
f 852/852/852 854/854/854 853/853/853
f 830/830/830 854/854/854 852/852/852
f 857/857/857 856/856/856 855/855/855
f 856/856/856 857/857/857 858/858/858
f 856/856/856 859/859/859 855/855/855
f 855/855/855 859/859/859 860/860/860
f 861/861/861 856/856/856 858/858/858
f 862/862/862 861/861/861 858/858/858
f 863/863/863 862/862/862 858/858/858
f 862/862/862 863/863/863 864/864/864
f 856/856/856 861/861/861 865/865/865
f 861/861/861 862/862/862 865/865/865
f 859/859/859 856/856/856 865/865/865
f 866/866/866 862/862/862 864/864/864
f 862/862/862 866/866/866 865/865/865
f 866/866/866 864/864/864 867/867/867
f 865/865/865 866/866/866 867/867/867
f 864/864/864 868/868/868 867/867/867
f 867/867/867 868/868/868 869/869/869
f 870/870/870 865/865/865 867/867/867
f 870/870/870 867/867/867 869/869/869
f 870/870/870 869/869/869 860/860/860
f 859/859/859 865/865/865 870/870/870
f 859/859/859 871/871/871 860/860/860
f 871/871/871 859/859/859 870/870/870
f 871/871/871 870/870/870 860/860/860
f 874/874/874 873/873/873 872/872/872
f 875/875/875 874/874/874 872/872/872
f 875/875/875 872/872/872 876/876/876
f 874/874/874 877/877/877 873/873/873
f 877/877/877 878/878/878 873/873/873
f 879/879/879 875/875/875 876/876/876
f 879/879/879 876/876/876 880/880/880
f 877/877/877 881/881/881 878/878/878
f 881/881/881 882/882/882 878/878/878
f 883/883/883 879/879/879 880/880/880
f 883/883/883 880/880/880 884/884/884
f 881/881/881 885/885/885 882/882/882
f 885/885/885 886/886/886 882/882/882
f 887/887/887 884/884/884 886/886/886
f 887/887/887 883/883/883 884/884/884
f 885/885/885 887/887/887 886/886/886
f 874/874/874 875/875/875 888/888/888
f 877/877/877 874/874/874 889/889/889
f 889/889/889 874/874/874 888/888/888
f 875/875/875 879/879/879 890/890/890
f 888/888/888 875/875/875 890/890/890
f 881/881/881 877/877/877 891/891/891
f 891/891/891 877/877/877 889/889/889
f 892/892/892 881/881/881 891/891/891
f 885/885/885 881/881/881 892/892/892
f 891/891/891 889/889/889 892/892/892
f 889/889/889 888/888/888 893/893/893
f 889/889/889 893/893/893 892/892/892
f 888/888/888 890/890/890 893/893/893
f 894/894/894 885/885/885 892/892/892
f 887/887/887 885/885/885 894/894/894
f 894/894/894 892/892/892 893/893/893
f 895/895/895 887/887/887 894/894/894
f 895/895/895 894/894/894 893/893/893
f 895/895/895 893/893/893 890/890/890
f 883/883/883 887/887/887 895/895/895
f 879/879/879 883/883/883 896/896/896
f 890/890/890 879/879/879 896/896/896
f 896/896/896 895/895/895 890/890/890
f 896/896/896 883/883/883 895/895/895
f 899/899/899 898/898/898 897/897/897
f 900/900/900 899/899/899 897/897/897
f 897/897/897 898/898/898 901/901/901
f 902/902/902 899/899/899 900/900/900
f 903/903/903 902/902/902 900/900/900
f 898/898/898 904/904/904 901/901/901
f 901/901/901 904/904/904 905/905/905
f 906/906/906 902/902/902 903/903/903
f 907/907/907 906/906/906 903/903/903
f 904/904/904 908/908/908 905/905/905
f 905/905/905 908/908/908 909/909/909
f 910/910/910 906/906/906 907/907/907
f 911/911/911 910/910/910 907/907/907
f 909/909/909 912/912/912 911/911/911
f 908/908/908 912/912/912 909/909/909
f 912/912/912 910/910/910 911/911/911
f 898/898/898 899/899/899 913/913/913
f 899/899/899 902/902/902 914/914/914
f 899/899/899 914/914/914 913/913/913
f 904/904/904 898/898/898 915/915/915
f 898/898/898 913/913/913 915/915/915
f 902/902/902 906/906/906 916/916/916
f 902/902/902 916/916/916 914/914/914
f 906/906/906 917/917/917 916/916/916
f 906/906/906 910/910/910 917/917/917
f 914/914/914 916/916/916 917/917/917
f 913/913/913 914/914/914 918/918/918
f 918/918/918 914/914/914 917/917/917
f 915/915/915 913/913/913 918/918/918
f 910/910/910 919/919/919 917/917/917
f 910/910/910 912/912/912 919/919/919
f 917/917/917 919/919/919 918/918/918
f 912/912/912 920/920/920 919/919/919
f 919/919/919 920/920/920 918/918/918
f 918/918/918 920/920/920 915/915/915
f 912/912/912 908/908/908 920/920/920
f 904/904/904 915/915/915 921/921/921
f 920/920/920 921/921/921 915/915/915
f 908/908/908 904/904/904 921/921/921
f 908/908/908 921/921/921 920/920/920
