g Iron Castle Main
v 0.22256503 -0.22256652 28.394022
v -5.4941705E-07 -7.5544847E-07 31.02341
v 0.22256503 0.22256447 28.394022
v -0.22256595 0.22256446 28.394022
v -5.4941705E-07 -7.5544847E-07 31.02341
v -0.22256595 -0.22256652 28.394022
v -0.22256595 -0.22256652 28.394022
v -5.4941705E-07 -7.5544847E-07 31.02341
v 0.22256503 -0.22256652 28.394022
v 0.22256503 0.22256447 28.394022
v -5.4941705E-07 -7.5544847E-07 31.02341
v -0.22256595 0.22256446 28.394022
v -6.743646 5.5175834 6.910276
v -6.743646 6.7436976 6.910276
v -6.724634 6.724683 10.141179
v -6.724634 5.502025 10.141179
v -6.743646 4.291469 6.910276
v -6.724634 4.2793674 10.141179
v -6.743646 3.065354 6.910276
v -6.724634 3.0567093 10.141179
v -6.743646 1.8392398 6.910276
v -6.724634 1.8340515 10.141179
v -6.743646 0.6131253 6.910276
v -6.724634 1.8340515 11.110609
v -6.724634 3.0567093 11.110609
v -6.724634 0.6113937 10.141179
v -6.743646 -0.61298925 6.910276
v -6.724634 -0.6112642 10.141179
v -6.743646 -1.8391038 6.910276
v -6.724634 -0.6112642 11.110609
v -6.724634 0.6113937 11.110609
v -6.724634 -1.8339221 10.141179
v -6.743646 -3.0652184 6.910276
v -6.724634 -3.05658 10.141179
v -6.743646 -4.2913327 6.910276
v -6.724634 -3.05658 11.110609
v -6.724634 -1.8339221 11.110609
v -6.724634 -4.2792377 10.141179
v -6.743646 -5.517447 6.910276
v -6.724634 -5.501896 10.141179
v -6.743646 -6.7435627 6.910276
v -6.724634 -6.7245536 10.141179
v 5.517499 6.7436976 6.910276
v 6.743613 6.7436976 6.910276
v 6.724602 6.724683 10.141179
v 5.5019445 6.724683 10.141179
v 4.2913847 6.7436976 6.910276
v 4.2792864 6.724683 10.141179
v 3.06527 6.7436976 6.910276
v 3.0566287 6.724683 10.141179
v 1.8391553 6.7436976 6.910276
v 1.8339708 6.724683 10.141179
v 0.6130408 6.7436976 6.910276
v 1.8339708 6.724683 11.110609
v 3.0566287 6.724683 11.110609
v 0.61131287 6.724683 10.141179
v -0.61307377 6.7436976 6.910276
v -0.61134505 6.724683 10.141179
v -1.8391883 6.7436976 6.910276
v -0.61134505 6.724683 11.110609
v 0.61131287 6.724683 11.110609
v -1.834003 6.724683 10.141179
v -3.0653028 6.7436976 6.910276
v -3.056661 6.724683 10.141179
v -4.291417 6.7436976 6.910276
v -3.056661 6.724683 11.110609
v -1.834003 6.724683 11.110609
v -4.279319 6.724683 10.141179
v -5.517532 6.7436976 6.910276
v -5.5019765 6.724683 10.141179
v -6.743646 6.7436976 6.910276
v -6.724634 6.724683 10.141179
v 6.743613 -5.5174475 6.910276
v 6.743613 -6.743562 6.910276
v 6.724602 -6.7245536 10.141179
v 6.724602 -5.501896 10.141179
v 6.743613 -4.2913327 6.910276
v 6.724602 -4.2792377 10.141179
v 6.743613 -3.0652184 6.910276
v 6.724602 -3.05658 10.141179
v 6.743613 -1.8391038 6.910276
v 6.724602 -1.8339221 10.141179
v 6.743613 -0.61298925 6.910276
v 6.724602 -1.8339221 11.110609
v 6.724602 -3.05658 11.110609
v 6.724602 -0.6112642 10.141179
v 6.743613 0.6131253 6.910276
v 6.724602 0.6113937 10.141179
v 6.743613 1.83924 6.910276
v 6.724602 0.6113937 11.110609
v 6.724602 -0.6112642 11.110609
v 6.724602 1.8340516 10.141179
v 6.743613 3.0653546 6.910276
v 6.724602 3.0567095 10.141179
v 6.743613 4.291469 6.910276
v 6.724602 3.0567095 11.110609
v 6.724602 1.8340516 11.110609
v 6.724602 4.2793674 10.141179
v 6.743613 5.5175834 6.910276
v 6.724602 5.502025 10.141179
v 6.743613 6.7436976 6.910276
v 6.724602 6.724683 10.141179
v -5.517532 -6.743562 6.910276
v -6.743646 -6.7435627 6.910276
v -6.724634 -6.7245536 10.141179
v -5.5019765 -6.7245536 10.141179
v -4.291417 -6.743562 6.910276
v -4.279319 -6.7245536 10.141179
v -3.0653026 -6.743562 6.910276
v -3.0566607 -6.7245536 10.141179
v -1.8391883 -6.743562 6.910276
v -1.8340029 -6.7245536 10.141179
v -0.61307377 -6.743562 6.910276
v -1.8340029 -6.7245536 11.110609
v -3.0566607 -6.7245536 11.110609
v -0.61134505 -6.7245536 10.141179
v 0.6130408 -6.743562 6.910276
v 0.61131287 -6.7245536 10.141179
v 1.8391553 -6.743562 6.910276
v 0.61131287 -6.7245536 11.110609
v -0.61134505 -6.7245536 11.110609
v 1.8339708 -6.7245536 10.141179
v 3.06527 -6.743562 6.910276
v 3.0566287 -6.7245536 10.141179
v 4.2913847 -6.743562 6.910276
v 3.0566287 -6.7245536 11.110609
v 1.8339708 -6.7245536 11.110609
v 4.2792864 -6.7245536 10.141179
v 5.517499 -6.743562 6.910276
v 5.5019445 -6.7245536 10.141179
v 6.743613 -6.743562 6.910276
v 6.724602 -6.7245536 10.141179
v -6.095836 -4.987425 10.141179
v -6.095836 -6.095756 8.730744
v -6.095836 -6.095756 10.141179
v -6.095836 -4.987425 8.730744
v -6.095836 -3.8790936 10.141179
v -6.095836 -3.8790936 8.730744
v -6.095836 -2.7707624 10.141179
v -6.095836 -2.7707624 8.730744
v -6.095836 -1.6624315 10.141179
v -6.095836 -1.6624315 8.730744
v -6.095836 -1.6624315 11.110609
v -6.095836 -2.7707624 11.110609
v -6.095836 -0.5541004 10.141179
v -6.095836 -0.5541004 8.730744
v -6.095836 0.5542306 10.141179
v -6.095836 0.5542306 8.730744
v -6.095836 0.5542306 11.110609
v -6.095836 -0.5541004 11.110609
v -6.095836 1.6625615 10.141179
v -6.095836 1.6625615 8.730744
v -6.095836 2.7708926 10.141179
v -6.095836 2.7708926 8.730744
v -6.095836 2.7708926 11.110609
v -6.095836 1.6625615 11.110609
v -6.095836 3.8792236 10.141179
v -6.095836 3.8792236 8.730744
v -6.095836 4.9875546 10.141179
v -6.095836 4.9875546 8.730744
v -6.095836 6.0958853 10.141179
v -6.095836 6.0958853 8.730744
v 3.4345036 -0.9366227 10.156882
v 4.3187256 -0.9366227 10.156882
v 4.3187256 -0.9366227 8.730744
v 3.4345036 -0.9366227 8.730744
v 4.9874735 -6.095756 10.141179
v 6.0958047 -6.095756 8.730744
v 6.0958047 -6.095756 10.141179
v 4.9874735 -6.095756 8.730744
v 3.8791425 -6.095756 10.141179
v 3.8791425 -6.095756 8.730744
v 2.7708116 -6.095756 10.141179
v 2.7708116 -6.095756 8.730744
v 1.6624806 -6.095756 10.141179
v 1.6624806 -6.095756 8.730744
v 1.6624806 -6.095756 11.110609
v 2.7708116 -6.095756 11.110609
v 0.5541495 -6.095756 10.141179
v 0.5541495 -6.095756 8.730744
v -0.55418146 -6.095756 10.141179
v -0.55418146 -6.095756 8.730744
v -0.55418146 -6.095756 11.110609
v 0.5541495 -6.095756 11.110609
v -1.6625124 -6.095756 10.141179
v -1.6625124 -6.095756 8.730744
v -2.7708435 -6.095756 10.141179
v -2.7708435 -6.095756 8.730744
v -2.7708435 -6.095756 11.110609
v -1.6625124 -6.095756 11.110609
v -3.8791745 -6.095756 10.141179
v -3.8791745 -6.095756 8.730744
v -4.9875054 -6.095756 10.141179
v -4.9875054 -6.095756 8.730744
v -6.095836 -6.095756 10.141179
v -6.095836 -6.095756 8.730744
v -4.987505 6.0958853 10.141179
v -6.095836 6.0958853 8.730744
v -6.095836 6.0958853 10.141179
v -4.987505 6.0958853 8.730744
v -3.879174 6.0958853 10.141179
v -3.879174 6.0958853 8.730744
v -2.770843 6.0958853 10.141179
v -2.770843 6.0958853 8.730744
v -1.6625121 6.0958853 10.141179
v -1.6625121 6.0958853 8.730744
v -1.6625121 6.0958853 11.110609
v -2.770843 6.0958853 11.110609
v -0.554181 6.0958853 10.141179
v -0.554181 6.0958853 8.730744
v 0.55415 6.0958853 10.141179
v 0.55415 6.0958853 8.730744
v 0.55415 6.0958853 11.110609
v -0.554181 6.0958853 11.110609
v 1.662481 6.0958853 10.141179
v 1.662481 6.0958853 8.730744
v 2.770812 6.0958853 10.141179
v 2.770812 6.0958853 8.730744
v 2.770812 6.0958853 11.110609
v 1.662481 6.0958853 11.110609
v 3.879143 6.0958853 10.141179
v 3.879143 6.0958853 8.730744
v 4.987474 6.0958853 10.141179
v 4.987474 6.0958853 8.730744
v 6.0958047 6.0958853 10.141179
v 6.0958047 6.0958853 8.730744
v 6.0958047 4.9875546 10.141179
v 6.0958047 6.0958853 8.730744
v 6.0958047 6.0958853 10.141179
v 6.0958047 4.9875546 8.730744
v 6.0958047 3.8792233 10.141179
v 6.0958047 3.8792233 8.730744
v 6.0958047 2.7708921 10.141179
v 6.0958047 2.7708921 8.730744
v 6.0958047 1.6625612 10.141179
v 6.0958047 1.6625612 8.730744
v 6.0958047 1.6625612 11.110609
v 6.0958047 2.7708921 11.110609
v 6.0958047 0.5542301 10.141179
v 6.0958047 0.5542301 8.730744
v 6.0958047 -0.554101 10.141179
v 6.0958047 -0.554101 8.730744
v 6.0958047 -0.554101 11.110609
v 6.0958047 0.5542301 11.110609
v 6.0958047 -1.6624321 10.141179
v 6.0958047 -1.6624321 8.730744
v 6.0958047 -2.770763 10.141179
v 6.0958047 -2.770763 8.730744
v 6.0958047 -2.770763 11.110609
v 6.0958047 -1.6624321 11.110609
v 6.0958047 -3.8790941 10.141179
v 6.0958047 -3.8790941 8.730744
v 6.0958047 -4.987425 10.141179
v 6.0958047 -4.987425 8.730744
v 6.0958047 -6.095756 10.141179
v 6.0958047 -6.095756 8.730744
v 2.8828242 2.3587518 10.156882
v 2.8828242 2.8829045 10.78441
v 2.8828242 2.8829045 10.156882
v 2.8828242 2.3587518 10.78441
v 2.8828242 2.8829045 11.691224
v 2.8828242 1.834599 10.156882
v 2.8828242 2.3587518 11.691224
v 2.8828242 1.834599 10.78441
v 2.8828242 1.834599 11.691224
v 2.8828242 1.3104463 10.156882
v 2.8828242 1.3104463 10.78441
v 2.8828242 0.7862935 10.156882
v 2.8828242 0.7862935 10.78441
v 2.8828242 0.26214075 10.156882
v 2.8828242 0.26214075 10.78441
v 2.8828242 0.7862935 11.691224
v 2.8828242 -0.262012 10.156882
v 2.8828242 0.26214075 11.691224
v 2.8828242 -0.262012 10.78441
v 2.8828242 -0.7861647 10.156882
v 2.8828242 -0.262012 11.691224
v 2.8828242 -0.7861647 10.78441
v 2.8828242 -0.7861647 11.691224
v 2.8828242 -1.3103174 10.156882
v 2.8828242 -1.3103174 10.78441
v 2.8828242 -1.8344702 10.156882
v 2.8828242 -1.8344702 10.78441
v 2.8828242 -2.3586228 10.156882
v 2.8828242 -2.3586228 10.78441
v 2.8828242 -2.8827755 10.156882
v 2.8828242 -1.8344702 11.691224
v 2.8828242 -2.8827755 10.78441
v 2.8828242 -2.3586228 11.691224
v 2.8828242 -2.8827755 11.691224
v -3.4345355 -2.185539 8.730744
v -4.059775 -2.8107784 8.730744
v -4.059775 -3.4352365 8.730744
v -3.4345355 -2.809997 8.730744
v -4.059775 -4.0596943 8.730744
v -3.4345355 -3.4344552 8.730744
v -3.4353168 -4.0596943 8.730744
v -2.8100774 -3.4344552 8.730744
v -2.8108587 -4.0596943 8.730744
v -2.1856194 -3.4344552 8.730744
v 3.4345036 -2.185539 8.730744
v 4.059743 -2.8107784 8.730744
v 4.059743 -2.8107784 10.156882
v 3.4345036 -2.185539 10.156882
v -2.3587034 -2.3586228 10.78441
v -2.3587034 -2.3586228 11.691224
v -2.3587034 -1.83447 11.691224
v -2.3587034 -1.83447 10.78441
v -2.8828561 -2.3586228 10.156882
v -2.8828561 -2.8827755 10.78441
v -2.8828561 -2.8827755 10.156882
v -2.8828561 -2.3586228 10.78441
v -2.8828561 -2.8827755 11.691224
v -2.8828561 -1.83447 10.156882
v -2.8828561 -2.3586228 11.691224
v -2.8828561 -1.83447 10.78441
v -2.8828561 -1.83447 11.691224
v -2.8828561 -1.3103173 10.156882
v -2.8828561 -1.3103173 10.78441
v -2.8828561 -0.7861645 10.156882
v -2.8828561 -0.7861645 10.78441
v -2.8828561 -0.26201177 10.156882
v -2.8828561 -0.26201177 10.78441
v -2.8828561 -0.7861645 11.691224
v -2.8828561 0.262141 10.156882
v -2.8828561 -0.26201177 11.691224
v -2.8828561 0.262141 10.78441
v -2.8828561 0.7862937 10.156882
v -2.8828561 0.262141 11.691224
v -2.8828561 0.7862937 10.78441
v -2.8828561 0.7862937 11.691224
v -2.8828561 1.3104464 10.156882
v -2.8828561 1.3104464 10.78441
v -2.8828561 1.8345991 10.156882
v -2.8828561 1.8345991 10.78441
v -2.8828561 2.3587518 10.156882
v -2.8828561 2.3587518 10.78441
v -2.8828561 2.8829045 10.156882
v -2.8828561 1.8345991 11.691224
v -2.8828561 2.8829045 10.78441
v -2.8828561 2.3587518 11.691224
v -2.8828561 2.8829045 11.691224
v 2.3586714 -2.8827755 10.156882
v 2.8828242 -2.8827755 10.78441
v 2.8828242 -2.8827755 10.156882
v 2.3586714 -2.8827755 10.78441
v 2.8828242 -2.8827755 11.691224
v 1.8345187 -2.8827755 10.156882
v 2.3586714 -2.8827755 11.691224
v 1.8345187 -2.8827755 10.78441
v 1.8345187 -2.8827755 11.691224
v 1.3103659 -2.8827755 10.156882
v 1.3103659 -2.8827755 10.78441
v 0.78621316 -2.8827755 10.156882
v 0.78621316 -2.8827755 10.78441
v 0.2620604 -2.8827755 10.156882
v 0.2620604 -2.8827755 10.78441
v 0.78621316 -2.8827755 11.691224
v -0.26209235 -2.8827755 10.156882
v 0.2620604 -2.8827755 11.691224
v -0.26209235 -2.8827755 10.78441
v -0.7862451 -2.8827755 10.156882
v -0.26209235 -2.8827755 11.691224
v -0.7862451 -2.8827755 10.78441
v -0.7862451 -2.8827755 11.691224
v -1.3103979 -2.8827755 10.156882
v -1.3103979 -2.8827755 10.78441
v -1.8345506 -2.8827755 10.156882
v -1.8345506 -2.8827755 10.78441
v -2.3587034 -2.8827755 10.156882
v -2.3587034 -2.8827755 10.78441
v -2.8828561 -2.8827755 10.156882
v -1.8345506 -2.8827755 11.691224
v -2.8828561 -2.8827755 10.78441
v -2.3587034 -2.8827755 11.691224
v -2.8828561 -2.8827755 11.691224
v -2.3587034 2.8829045 10.156882
v -2.8828561 2.8829045 10.78441
v -2.8828561 2.8829045 10.156882
v -2.3587034 2.8829045 10.78441
v -2.8828561 2.8829045 11.691224
v -1.8345506 2.8829045 10.156882
v -2.3587034 2.8829045 11.691224
v -1.8345506 2.8829045 10.78441
v -1.8345506 2.8829045 11.691224
v -1.3103979 2.8829045 10.156882
v -1.3103979 2.8829045 10.78441
v -0.7862451 2.8829045 10.156882
v -0.7862451 2.8829045 10.78441
v -0.26209235 2.8829045 10.156882
v -0.26209235 2.8829045 10.78441
v -0.7862451 2.8829045 11.691224
v 0.2620604 2.8829045 10.156882
v -0.26209235 2.8829045 11.691224
v 0.2620604 2.8829045 10.78441
v 0.78621316 2.8829045 10.156882
v 0.2620604 2.8829045 11.691224
v 0.78621316 2.8829045 10.78441
v 0.78621316 2.8829045 11.691224
v 1.3103659 2.8829045 10.156882
v 1.3103659 2.8829045 10.78441
v 1.8345187 2.8829045 10.156882
v 1.8345187 2.8829045 10.78441
v 2.3586714 2.8829045 10.156882
v 2.3586714 2.8829045 10.78441
v 2.8828242 2.8829045 10.156882
v 1.8345187 2.8829045 11.691224
v 2.8828242 2.8829045 10.78441
v 2.3586714 2.8829045 11.691224
v 2.8828242 2.8829045 11.691224
v -7.442713 -4.494374 13.993538
v -7.442713 -3.7572892 13.993538
v -7.42553 -3.7744722 14.96545
v -7.42553 -4.6805916 14.96545
v -7.42553 -4.6805916 15.867516
v -7.42553 -3.7744722 15.867516
v -7.442713 -5.4718347 13.639847
v -7.42553 -5.2935343 14.96545
v -7.5184345 -5.466568 5.1584907
v -7.5184345 -4.4489403 4.624069
v -7.6380444 -4.377174 -0.008303404
v -7.6380444 -5.2197003 -0.008303404
v -7.6380444 -5.9803004 -0.008303404
v -7.5184345 -5.7334337 5.1584907
v -7.6380444 -6.822827 -0.008303404
v -7.5184345 -6.751061 4.624069
v -7.442713 -5.728167 13.639847
v -7.442713 -6.705628 13.993538
v -7.42553 -5.9064565 14.96545
v -7.42553 -5.9064565 15.867516
v -7.42553 -5.2935343 15.867516
v -7.42553 -6.5193996 14.96545
v -7.442713 -7.442713 13.993538
v -7.42553 -7.42553 14.96545
v -7.42553 -7.42553 15.867516
v -7.42553 -6.5193996 15.867516
v -4.494374 -3.7572892 13.993538
v -3.7572892 -3.7572892 13.993538
v -3.7744722 -3.7744722 14.96545
v -4.680598 -3.7744722 14.96545
v -4.680598 -3.7744722 15.867516
v -3.7744722 -3.7744722 15.867516
v -5.4718347 -3.7572892 13.639847
v -5.2935324 -3.7744722 14.96545
v -5.466568 -3.6815667 5.1584907
v -4.4489403 -3.6815667 4.624069
v -5.728167 -3.7572892 13.639847
v -5.2197003 -3.5619564 -0.008303404
v -4.377174 -3.5619564 -0.008303404
v -5.9803004 -3.5619564 -0.008303404
v -5.7334337 -3.6815667 5.1584907
v -6.822827 -3.5619564 -0.008303404
v -6.751061 -3.6815667 4.624069
v -6.705628 -3.7572892 13.993538
v -5.906469 -3.7744722 14.96545
v -5.906469 -3.7744722 15.867516
v -5.2935324 -3.7744722 15.867516
v -6.5194035 -3.7744722 14.96545
v -7.442713 -3.7572892 13.993538
v -7.42553 -3.7744722 14.96545
v -7.42553 -3.7744722 15.867516
v -6.5194035 -3.7744722 15.867516
v -3.7572892 -6.705628 13.993538
v -3.7572892 -7.442713 13.993538
v -3.7744722 -7.42553 14.96545
v -3.7744722 -6.5193996 14.96545
v -3.7744722 -6.5193996 15.867516
v -3.7744722 -7.42553 15.867516
v -3.7572892 -5.728167 13.639847
v -3.7744722 -5.9064565 14.96545
v -3.6815667 -5.7334337 5.1584907
v -3.6815667 -6.751061 4.624069
v -3.7572892 -5.4718347 13.639847
v -3.5619564 -5.9803004 -0.008303404
v -3.5619564 -6.822827 -0.008303404
v -3.5619564 -5.2197003 -0.008303404
v -3.6815667 -5.466568 5.1584907
v -3.5619564 -4.377174 -0.008303404
v -3.6815667 -4.4489403 4.624069
v -3.7572892 -4.494374 13.993538
v -3.7744722 -5.2935343 14.96545
v -3.7744722 -5.2935343 15.867516
v -3.7744722 -5.9064565 15.867516
v -3.7744722 -4.6805916 14.96545
v -3.7572892 -3.7572892 13.993538
v -3.7744722 -3.7744722 14.96545
v -3.7744722 -3.7744722 15.867516
v -3.7744722 -4.6805916 15.867516
v -6.705628 -7.442713 13.993538
v -7.442713 -7.442713 13.993538
v -7.42553 -7.42553 14.96545
v -6.5194035 -7.42553 14.96545
v -6.5194035 -7.42553 15.867516
v -7.42553 -7.42553 15.867516
v -5.728167 -7.442713 13.639847
v -5.906469 -7.42553 14.96545
v -5.7334337 -7.5184345 5.1584907
v -6.751061 -7.5184345 4.624069
v -6.822827 -7.6380444 -0.008303404
v -5.9803004 -7.6380444 -0.008303404
v -5.466568 -7.5184345 5.1584907
v -5.2197003 -7.6380444 -0.008303404
v -5.4718347 -7.442713 13.639847
v -4.4489403 -7.5184345 4.624069
v -4.377174 -7.6380444 -0.008303404
v -4.494374 -7.442713 13.993538
v -5.2935324 -7.42553 14.96545
v -5.2935324 -7.42553 15.867516
v -5.906469 -7.42553 15.867516
v -4.680598 -7.42553 14.96545
v -3.7572892 -7.442713 13.993538
v -3.7744722 -7.42553 14.96545
v -3.7744722 -7.42553 15.867516
v -4.680598 -7.42553 15.867516
v -5.906469 -3.7744722 14.96545
v -5.906469 -3.7744722 15.867516
v -5.890287 -4.4262776 15.867516
v -5.890287 -4.4262776 14.96545
v -6.4708576 -4.4262776 14.96545
v -6.4708576 -4.4262776 15.867516
v -6.5194035 -3.7744722 15.867516
v -6.5194035 -3.7744722 14.96545
v -4.426282 -4.729138 14.96545
v -3.7744722 -4.6805916 14.96545
v -3.7744722 -5.2935343 14.96545
v -4.426282 -5.309716 14.96545
v -4.426282 -5.890276 14.96545
v -3.7744722 -5.9064565 14.96545
v -3.7744722 -6.5193996 14.96545
v -4.426282 -6.4708543 14.96545
v -6.7737193 -6.4708543 14.96545
v -7.42553 -6.5193996 14.96545
v -7.42553 -5.9064565 14.96545
v -6.7737193 -5.890276 14.96545
v -7.42553 -4.6805916 14.96545
v -7.42553 -4.6805916 15.867516
v -6.7737193 -4.729138 15.867516
v -6.7737193 -4.729138 14.96545
v -6.7737193 -5.309716 14.96545
v -7.42553 -5.2935343 14.96545
v -7.42553 -4.6805916 14.96545
v -6.7737193 -4.729138 14.96545
v -6.5194035 -7.42553 14.96545
v -6.5194035 -7.42553 15.867516
v -6.4708576 -6.773715 15.867516
v -6.4708576 -6.773715 14.96545
v -4.7291436 -6.773715 14.96545
v -4.680598 -7.42553 14.96545
v -5.2935324 -7.42553 14.96545
v -5.3097143 -6.773715 14.96545
v -5.890287 -6.773715 14.96545
v -5.906469 -7.42553 14.96545
v -6.5194035 -7.42553 14.96545
v -6.4708576 -6.773715 14.96545
v -6.7737193 -5.309716 14.96545
v -6.7737193 -5.309716 15.867516
v -7.42553 -5.2935343 15.867516
v -7.42553 -5.2935343 14.96545
v -6.4708576 -4.4262776 14.96545
v -6.5194035 -3.7744722 14.96545
v -5.906469 -3.7744722 14.96545
v -5.890287 -4.4262776 14.96545
v -5.890287 -6.773715 14.96545
v -5.890287 -6.773715 15.867516
v -5.906469 -7.42553 15.867516
v -5.906469 -7.42553 14.96545
v -5.3097143 -4.4262776 14.96545
v -5.2935324 -3.7744722 14.96545
v -4.680598 -3.7744722 14.96545
v -4.7291436 -4.4262776 14.96545
v -4.426282 -4.4262776 14.96545
v -4.426282 -6.773715 14.96545
v -4.426282 -6.773715 14.090149
v -4.426282 -4.4262776 14.090149
v -4.426282 -4.4262776 14.090149
v -6.7737193 -4.4262776 14.090149
v -6.7737193 -4.4262776 14.96545
v -4.426282 -4.4262776 14.96545
v -6.7737193 -4.4262776 14.090149
v -6.7737193 -6.773715 14.090149
v -6.7737193 -6.773715 14.96545
v -6.7737193 -4.4262776 14.96545
v -6.7737193 -6.773715 14.96545
v -6.7737193 -6.773715 14.090149
v -4.426282 -6.773715 14.090149
v -4.426282 -6.773715 14.96545
v -6.7737193 -4.729138 15.867516
v -7.42553 -4.6805916 15.867516
v -7.42553 -3.7744722 15.867516
v -6.7737193 -4.4262776 15.867516
v -6.5194035 -3.7744722 15.867516
v -6.4708576 -4.4262776 15.867516
v -4.7291436 -4.4262776 15.867516
v -4.680598 -3.7744722 15.867516
v -3.7744722 -3.7744722 15.867516
v -4.426282 -4.4262776 15.867516
v -3.7744722 -4.6805916 15.867516
v -4.426282 -4.729138 15.867516
v -4.426282 -6.4708543 15.867516
v -3.7744722 -6.5193996 15.867516
v -3.7744722 -7.42553 15.867516
v -4.426282 -6.773715 15.867516
v -4.680598 -7.42553 15.867516
v -4.7291436 -6.773715 15.867516
v -6.4708576 -6.773715 15.867516
v -6.5194035 -7.42553 15.867516
v -7.42553 -7.42553 15.867516
v -6.7737193 -6.773715 15.867516
v -7.42553 -6.5193996 15.867516
v -6.7737193 -6.4708543 15.867516
v -4.426282 -5.309716 15.867516
v -3.7744722 -5.2935343 15.867516
v -3.7744722 -5.9064565 15.867516
v -4.426282 -5.890276 15.867516
v -6.7737193 -5.890276 15.867516
v -7.42553 -5.9064565 15.867516
v -7.42553 -5.2935343 15.867516
v -6.7737193 -5.309716 15.867516
v -5.3097143 -6.773715 15.867516
v -5.2935324 -7.42553 15.867516
v -5.906469 -7.42553 15.867516
v -5.890287 -6.773715 15.867516
v -5.890287 -4.4262776 15.867516
v -5.906469 -3.7744722 15.867516
v -5.2935324 -3.7744722 15.867516
v -5.3097143 -4.4262776 15.867516
v -5.3097143 -4.4262776 14.96545
v -5.3097143 -4.4262776 15.867516
v -5.2935324 -3.7744722 15.867516
v -5.2935324 -3.7744722 14.96545
v -6.7737193 -6.4708543 14.96545
v -6.7737193 -6.773715 14.96545
v -6.7737193 -6.773715 15.867516
v -6.7737193 -6.4708543 15.867516
v -4.680598 -3.7744722 14.96545
v -4.680598 -3.7744722 15.867516
v -4.7291436 -4.4262776 15.867516
v -4.7291436 -4.4262776 14.96545
v -5.890287 -4.4262776 14.96545
v -5.890287 -4.4262776 15.867516
v -5.3097143 -4.4262776 15.867516
v -5.3097143 -4.4262776 14.96545
v -6.7737193 -6.773715 15.867516
v -6.7737193 -6.773715 14.96545
v -6.4708576 -6.773715 14.96545
v -6.4708576 -6.773715 15.867516
v -4.7291436 -6.773715 14.96545
v -4.426282 -6.773715 14.96545
v -4.426282 -6.773715 15.867516
v -4.7291436 -6.773715 15.867516
v -4.426282 -4.729138 14.96545
v -4.426282 -4.729138 15.867516
v -3.7744722 -4.6805916 15.867516
v -3.7744722 -4.6805916 14.96545
v -6.7737193 -5.890276 14.96545
v -6.7737193 -5.890276 15.867516
v -6.7737193 -5.309716 15.867516
v -6.7737193 -5.309716 14.96545
v -3.7744722 -5.2935343 14.96545
v -3.7744722 -5.2935343 15.867516
v -4.426282 -5.309716 15.867516
v -4.426282 -5.309716 14.96545
v -5.3097143 -6.773715 14.96545
v -5.3097143 -6.773715 15.867516
v -5.890287 -6.773715 15.867516
v -5.890287 -6.773715 14.96545
v -4.426282 -5.890276 14.96545
v -4.426282 -5.890276 15.867516
v -3.7744722 -5.9064565 15.867516
v -3.7744722 -5.9064565 14.96545
v -4.426282 -6.4708543 15.867516
v -4.426282 -6.773715 15.867516
v -4.426282 -6.773715 14.96545
v -4.426282 -6.4708543 14.96545
v -3.7744722 -6.5193996 14.96545
v -3.7744722 -6.5193996 15.867516
v -4.426282 -6.4708543 15.867516
v -4.426282 -6.4708543 14.96545
v -4.7291436 -6.773715 14.96545
v -4.7291436 -6.773715 15.867516
v -4.680598 -7.42553 15.867516
v -4.680598 -7.42553 14.96545
v -6.7737193 -6.4708543 14.96545
v -6.7737193 -6.4708543 15.867516
v -7.42553 -6.5193996 15.867516
v -7.42553 -6.5193996 14.96545
v -5.2935324 -7.42553 14.96545
v -5.2935324 -7.42553 15.867516
v -5.3097143 -6.773715 15.867516
v -5.3097143 -6.773715 14.96545
v -4.426282 -5.309716 14.96545
v -4.426282 -5.309716 15.867516
v -4.426282 -5.890276 15.867516
v -4.426282 -5.890276 14.96545
v -7.42553 -5.9064565 14.96545
v -7.42553 -5.9064565 15.867516
v -6.7737193 -5.890276 15.867516
v -6.7737193 -5.890276 14.96545
v -5.466568 -3.6815667 5.1584907
v -5.466568 -4.365995 5.135009
v -5.7334337 -4.365995 5.135009
v -5.7334337 -3.6815667 5.1584907
v -6.751061 -7.5184345 4.624069
v -6.996883 -7.7184143 13.979691
v -6.705628 -7.442713 13.993538
v -7.041357 -7.792538 4.636582
v -6.822827 -7.6380444 -0.008303404
v -7.1116085 -7.909624 0.00420928
v -5.466568 -7.5184345 5.1584907
v -5.466568 -6.8340063 5.13501
v -5.4718347 -6.7582846 13.616365
v -5.4718347 -7.442713 13.639847
v -7.5184345 -5.7334337 5.1584907
v -6.8340063 -5.7334337 5.13501
v -6.7582846 -5.728167 13.616365
v -7.442713 -5.728167 13.639847
v -3.7572892 -3.7572892 13.993538
v -3.4815876 -4.203119 13.979691
v -3.7572892 -4.494374 13.993538
v -3.4815876 -3.4815872 13.979691
v -4.494374 -3.7572892 13.993538
v -4.203119 -3.4815872 13.979691
v -3.6815667 -5.466568 5.1584907
v -4.365995 -5.466568 5.135009
v -4.441717 -5.4718347 13.616365
v -3.7572892 -5.4718347 13.639847
v -7.442713 -6.705628 13.993538
v -7.7184143 -6.9968824 13.979691
v -7.792538 -7.041357 4.636582
v -7.5184345 -6.751061 4.624069
v -7.909624 -7.1116085 0.00420928
v -7.6380444 -6.822827 -0.008303404
v -3.6815667 -6.751061 4.624069
v -3.4815876 -6.9968824 13.979691
v -3.7572892 -6.705628 13.993538
v -3.407463 -7.041357 4.636582
v -3.5619564 -6.822827 -0.008303404
v -3.2903764 -7.1116085 0.00420928
v -6.751061 -3.6815667 4.624069
v -7.1116085 -3.2903762 0.00420928
v -6.822827 -3.5619564 -0.008303404
v -7.041357 -3.4074626 4.636582
v -6.705628 -3.7572892 13.993538
v -6.996883 -3.4815872 13.979691
v -5.7334337 -4.365995 5.135009
v -5.466568 -4.365995 5.135009
v -5.4718347 -4.441717 13.616365
v -5.728167 -4.441717 13.616365
v -5.466568 -6.8340063 5.13501
v -5.7334337 -6.8340063 5.13501
v -5.728167 -6.7582846 13.616365
v -5.4718347 -6.7582846 13.616365
v -6.8340063 -5.7334337 5.13501
v -6.8340063 -5.466568 5.13501
v -6.7582846 -5.4718347 13.616365
v -6.7582846 -5.728167 13.616365
v -4.365995 -5.466568 5.135009
v -4.365995 -5.7334337 5.135009
v -4.441717 -5.728167 13.616365
v -4.441717 -5.4718347 13.616365
v -5.7334337 -3.6815667 5.1584907
v -5.7334337 -4.365995 5.135009
v -5.728167 -4.441717 13.616365
v -5.728167 -3.7572892 13.639847
v -3.7572892 -5.728167 13.639847
v -4.441717 -5.728167 13.616365
v -4.365995 -5.7334337 5.135009
v -3.6815667 -5.7334337 5.1584907
v -5.7334337 -7.5184345 5.1584907
v -5.7334337 -6.8340063 5.13501
v -5.466568 -6.8340063 5.13501
v -5.466568 -7.5184345 5.1584907
v -5.728167 -3.7572892 13.639847
v -5.728167 -4.441717 13.616365
v -5.4718347 -4.441717 13.616365
v -5.4718347 -3.7572892 13.639847
v -7.442713 -5.4718347 13.639847
v -6.7582846 -5.4718347 13.616365
v -6.8340063 -5.466568 5.13501
v -7.5184345 -5.466568 5.1584907
v -7.5184345 -5.466568 5.1584907
v -6.8340063 -5.466568 5.13501
v -6.8340063 -5.7334337 5.13501
v -7.5184345 -5.7334337 5.1584907
v -5.4718347 -7.442713 13.639847
v -5.4718347 -6.7582846 13.616365
v -5.728167 -6.7582846 13.616365
v -5.728167 -7.442713 13.639847
v -3.6815667 -5.7334337 5.1584907
v -4.365995 -5.7334337 5.135009
v -4.365995 -5.466568 5.135009
v -3.6815667 -5.466568 5.1584907
v -5.728167 -7.442713 13.639847
v -5.728167 -6.7582846 13.616365
v -5.7334337 -6.8340063 5.13501
v -5.7334337 -7.5184345 5.1584907
v -7.442713 -5.728167 13.639847
v -6.7582846 -5.728167 13.616365
v -6.7582846 -5.4718347 13.616365
v -7.442713 -5.4718347 13.639847
v -5.4718347 -3.7572892 13.639847
v -5.4718347 -4.441717 13.616365
v -5.466568 -4.365995 5.135009
v -5.466568 -3.6815667 5.1584907
v -3.7572892 -5.4718347 13.639847
v -4.441717 -5.4718347 13.616365
v -4.441717 -5.728167 13.616365
v -3.7572892 -5.728167 13.639847
v -3.7572892 -7.442713 13.993538
v -4.203119 -7.7184143 13.979691
v -4.494374 -7.442713 13.993538
v -3.4815876 -7.7184143 13.979691
v -3.7572892 -6.705628 13.993538
v -3.4815876 -6.9968824 13.979691
v -4.4489403 -3.6815667 4.624069
v -4.203119 -3.4815872 13.979691
v -4.494374 -3.7572892 13.993538
v -4.158644 -3.4074626 4.636582
v -4.377174 -3.5619564 -0.008303404
v -4.0883923 -3.2903762 0.00420928
v -7.442713 -4.494374 13.993538
v -7.7184143 -4.203119 13.979691
v -7.7184143 -3.4815872 13.979691
v -7.442713 -3.7572892 13.993538
v -6.996883 -3.4815872 13.979691
v -6.705628 -3.7572892 13.993538
v -4.494374 -7.442713 13.993538
v -4.203119 -7.7184143 13.979691
v -4.158644 -7.792538 4.636582
v -4.4489403 -7.5184345 4.624069
v -4.0883923 -7.909624 0.00420928
v -4.377174 -7.6380444 -0.008303404
v -6.7737193 -4.4262776 14.090149
v -4.426282 -4.4262776 14.090149
v -4.426282 -6.773715 14.090149
v -6.7737193 -6.773715 14.090149
v -7.792538 -3.4074626 4.636582
v -6.996883 -3.4815872 13.979691
v -7.7184143 -3.4815872 13.979691
v -7.041357 -3.4074626 4.636582
v -7.1116085 -3.2903762 0.00420928
v -7.909624 -3.2903762 0.00420928
v -3.407463 -7.792538 4.636582
v -4.203119 -7.7184143 13.979691
v -3.4815876 -7.7184143 13.979691
v -4.158644 -7.792538 4.636582
v -4.0883923 -7.909624 0.00420928
v -3.2903764 -7.909624 0.00420928
v -7.7925386 -7.792538 4.636582
v -7.7184143 -6.9968824 13.979691
v -7.7184143 -7.7184143 13.979692
v -7.792538 -7.041357 4.636582
v -7.909624 -7.909624 0.00420928
v -7.909624 -7.1116085 0.00420928
v -3.407463 -3.4074626 4.636582
v -3.4815876 -4.203119 13.979691
v -3.4815876 -3.4815872 13.979691
v -3.407463 -4.1586437 4.636582
v -3.2903764 -3.2903762 0.00420928
v -3.2903764 -4.088392 0.00420928
v -7.041357 -7.792538 4.636582
v -7.7184143 -7.7184143 13.979692
v -6.996883 -7.7184143 13.979691
v -7.7925386 -7.792538 4.636582
v -7.1116085 -7.909624 0.00420928
v -7.909624 -7.909624 0.00420928
v -3.407463 -7.041357 4.636582
v -3.4815876 -7.7184143 13.979691
v -3.4815876 -6.9968824 13.979691
v -3.407463 -7.792538 4.636582
v -3.2903764 -7.1116085 0.00420928
v -3.2903764 -7.909624 0.00420928
v -4.158644 -3.4074626 4.636582
v -3.4815876 -3.4815872 13.979691
v -4.203119 -3.4815872 13.979691
v -3.407463 -3.4074626 4.636582
v -4.0883923 -3.2903762 0.00420928
v -3.2903764 -3.2903762 0.00420928
v -7.792538 -4.1586437 4.636582
v -7.7184143 -3.4815872 13.979691
v -7.7184143 -4.203119 13.979691
v -7.792538 -3.4074626 4.636582
v -7.909624 -3.2903762 0.00420928
v -7.909624 -4.088392 0.00420928
v -3.5619564 -3.5619564 -0.008303404
v -4.0883923 -3.2903762 0.00420928
v -4.377174 -3.5619564 -0.008303404
v -3.2903764 -3.2903762 0.00420928
v -3.5619564 -4.377174 -0.008303404
v -3.2903764 -4.088392 0.00420928
v -6.705628 -7.442713 13.993538
v -6.996883 -7.7184143 13.979691
v -7.7184143 -7.7184143 13.979692
v -7.442713 -7.442713 13.993538
v -7.6380444 -4.377174 -0.008303404
v -7.909624 -4.088392 0.00420928
v -7.792538 -4.1586437 4.636582
v -7.5184345 -4.4489403 4.624069
v -7.7184143 -4.203119 13.979691
v -7.442713 -4.494374 13.993538
v -3.6815667 -4.4489403 4.624069
v -3.2903764 -4.088392 0.00420928
v -3.5619564 -4.377174 -0.008303404
v -3.407463 -4.1586437 4.636582
v -3.7572892 -4.494374 13.993538
v -3.4815876 -4.203119 13.979691
v -7.442713 -7.442713 13.993538
v -7.7184143 -7.7184143 13.979692
v -7.7184143 -6.9968824 13.979691
v -7.442713 -6.705628 13.993538
v -4.426282 -4.729138 15.867516
v -4.426282 -4.729138 14.96545
v -4.426282 -4.4262776 14.96545
v -4.426282 -4.4262776 15.867516
v -4.7291436 -4.4262776 15.867516
v -4.426282 -4.4262776 15.867516
v -4.426282 -4.4262776 14.96545
v -4.7291436 -4.4262776 14.96545
v -6.7737193 -4.4262776 15.867516
v -6.7737193 -4.4262776 14.96545
v -6.7737193 -4.729138 14.96545
v -6.7737193 -4.729138 15.867516
v -6.4708576 -4.4262776 15.867516
v -6.4708576 -4.4262776 14.96545
v -6.7737193 -4.4262776 14.96545
v -6.7737193 -4.4262776 15.867516
v -1.888832 1.1332984 18.158947
v -1.888832 1.888831 18.158947
v -1.8712192 1.871218 18.954529
v -1.8712192 0.9424202 18.954529
v -1.8712192 0.9424202 19.646896
v -1.8712192 1.871218 19.646896
v -1.888832 0.13137336 17.68241
v -1.8712192 0.31413662 18.954529
v -1.966449 0.13677207 15.372991
v -1.966449 1.1798689 14.652946
v -2.0890527 1.2534316 10.431191
v -2.0890527 0.3898184 10.431191
v -2.0890527 -0.38981843 10.431191
v -1.966449 -0.13677272 15.372991
v -2.0890527 -1.2534317 10.431191
v -1.966449 -1.1798697 14.652946
v -1.888832 -0.13137439 17.68241
v -1.888832 -1.1332995 18.158947
v -1.8712192 -0.31412634 18.954529
v -1.8712192 -0.31412634 19.646896
v -1.8712192 0.31413662 19.646896
v -1.8712192 -0.94240993 18.954529
v -1.888832 -1.888832 18.158949
v -1.8712192 -1.8712192 18.954529
v -1.8712192 -1.8712192 19.646896
v -1.8712192 -0.94240993 19.646896
v 1.1332984 1.888831 18.158947
v 1.888831 1.888831 18.158947
v 1.871218 1.871218 18.954529
v 0.94241345 1.871218 18.954529
v 0.94241345 1.871218 19.646896
v 1.871218 1.871218 19.646896
v 0.13137336 1.888831 17.68241
v 0.31413823 1.871218 18.954529
v 0.13677207 1.9664485 15.372991
v 1.1798689 1.9664485 14.652946
v -0.13137439 1.888831 17.68241
v 0.3898184 2.0890527 10.431191
v 1.2534316 2.0890527 10.431191
v -0.38981843 2.0890527 10.431191
v -0.13677272 1.9664485 15.372991
v -1.2534317 2.0890527 10.431191
v -1.1798697 1.9664485 14.652946
v -1.1332995 1.888831 18.158947
v -0.3141389 1.871218 18.954529
v -0.3141389 1.871218 19.646896
v 0.31413823 1.871218 19.646896
v -0.9424141 1.871218 18.954529
v -1.888832 1.888831 18.158947
v -1.8712192 1.871218 18.954529
v -1.8712192 1.871218 19.646896
v -0.9424141 1.871218 19.646896
v 1.888831 -1.1332995 18.158947
v 1.888831 -1.888832 18.158947
v 1.871218 -1.8712192 18.954529
v 1.871218 -0.94240993 18.954529
v 1.871218 -0.94240993 19.646896
v 1.871218 -1.8712192 19.646896
v 1.888831 -0.13137439 17.68241
v 1.871218 -0.31412634 18.954529
v 1.9664485 -0.13677272 15.372991
v 1.9664485 -1.1798697 14.652946
v 1.888831 0.13137338 17.68241
v 2.0890527 -0.38981843 10.431191
v 2.0890527 -1.2534317 10.431191
v 2.0890527 0.3898184 10.431191
v 1.9664485 0.13677208 15.372991
v 2.0890527 1.2534316 10.431191
v 1.9664485 1.1798689 14.652946
v 1.888831 1.1332984 18.158947
v 1.871218 0.31413662 18.954529
v 1.871218 0.31413662 19.646896
v 1.871218 -0.31412634 19.646896
v 1.871218 0.9424202 18.954529
v 1.888831 1.888831 18.158947
v 1.871218 1.871218 18.954529
v 1.871218 1.871218 19.646896
v 1.871218 0.9424202 19.646896
v -1.1332995 -1.888832 18.158947
v -1.888832 -1.888832 18.158949
v -1.8712192 -1.8712192 18.954529
v -0.9424141 -1.8712192 18.954529
v -0.9424141 -1.8712192 19.646896
v -1.8712192 -1.8712192 19.646896
v -0.13137439 -1.888832 17.68241
v -0.3141389 -1.8712192 18.954529
v -0.13677272 -1.966449 15.372991
v -1.1798697 -1.966449 14.652946
v -1.2534317 -2.0890527 10.431191
v -0.38981843 -2.0890527 10.431191
v 0.13677208 -1.966449 15.372991
v 0.3898184 -2.0890527 10.431191
v 0.13137338 -1.888832 17.68241
v 1.1798689 -1.966449 14.652946
v 1.2534316 -2.0890527 10.431191
v 1.1332984 -1.888832 18.158947
v 0.31413823 -1.8712192 18.954529
v 0.31413823 -1.8712192 19.646896
v -0.3141389 -1.8712192 19.646896
v 0.94241345 -1.8712192 18.954529
v 1.888831 -1.888832 18.158947
v 1.871218 -1.8712192 18.954529
v 1.871218 -1.8712192 19.646896
v 0.94241345 -1.8712192 19.646896
v -0.3141389 1.871218 18.954529
v -0.3141389 1.871218 19.646896
v -0.297552 1.203099 19.646896
v -0.297552 1.203099 18.954529
v -0.8926534 1.203099 18.954529
v -0.8926534 1.203099 19.646896
v -0.9424141 1.871218 19.646896
v -0.9424141 1.871218 18.954529
v 1.2030945 0.89265853 18.954529
v 1.871218 0.9424202 18.954529
v 1.871218 0.31413662 18.954529
v 1.2030945 0.29754925 18.954529
v 1.2030945 -0.2975406 18.954529
v 1.871218 -0.31412634 18.954529
v 1.871218 -0.94240993 18.954529
v 1.2030945 -0.89264995 18.954529
v -1.2030948 -0.89264995 18.954529
v -1.8712192 -0.94240993 18.954529
v -1.8712192 -0.31412634 18.954529
v -1.2030948 -0.2975406 18.954529
v -1.8712192 0.9424202 18.954529
v -1.8712192 0.9424202 19.646896
v -1.2030948 0.89265853 19.646896
v -1.2030948 0.89265853 18.954529
v -1.2030948 0.29754925 18.954529
v -1.8712192 0.31413662 18.954529
v -1.8712192 0.9424202 18.954529
v -1.2030948 0.89265853 18.954529
v -0.9424141 -1.8712192 18.954529
v -0.9424141 -1.8712192 19.646896
v -0.8926534 -1.2030904 19.646896
v -0.8926534 -1.2030904 18.954529
v 0.8926526 -1.2030904 18.954529
v 0.94241345 -1.8712192 18.954529
v 0.31413823 -1.8712192 18.954529
v 0.2975512 -1.2030904 18.954529
v -0.297552 -1.2030904 18.954529
v -0.3141389 -1.8712192 18.954529
v -0.9424141 -1.8712192 18.954529
v -0.8926534 -1.2030904 18.954529
v -1.2030948 0.29754925 18.954529
v -1.2030948 0.29754925 19.646896
v -1.8712192 0.31413662 19.646896
v -1.8712192 0.31413662 18.954529
v -0.8926534 1.203099 18.954529
v -0.9424141 1.871218 18.954529
v -0.3141389 1.871218 18.954529
v -0.297552 1.203099 18.954529
v -0.297552 -1.2030904 18.954529
v -0.297552 -1.2030904 19.646896
v -0.3141389 -1.8712192 19.646896
v -0.3141389 -1.8712192 18.954529
v 0.2975512 1.203099 18.954529
v 0.31413823 1.871218 18.954529
v 0.94241345 1.871218 18.954529
v 0.8926526 1.203099 18.954529
v 1.2030945 1.203099 18.954529
v 1.2030945 -1.2030904 18.954529
v 1.2030945 -1.2030904 18.289116
v 1.2030945 1.203099 18.289116
v 1.2030945 1.203099 18.289116
v -1.2030948 1.203099 18.289116
v -1.2030948 1.203099 18.954529
v 1.2030945 1.203099 18.954529
v -1.2030948 1.203099 18.289116
v -1.2030948 -1.2030904 18.289116
v -1.2030948 -1.2030904 18.954529
v -1.2030948 1.203099 18.954529
v -1.2030948 -1.2030904 18.954529
v -1.2030948 -1.2030904 18.289116
v 1.2030945 -1.2030904 18.289116
v 1.2030945 -1.2030904 18.954529
v -1.2030948 0.89265853 19.646896
v -1.8712192 0.9424202 19.646896
v -1.8712192 1.871218 19.646896
v -1.2030948 1.203099 19.646896
v -0.9424141 1.871218 19.646896
v -0.8926534 1.203099 19.646896
v 0.8926526 1.203099 19.646896
v 0.94241345 1.871218 19.646896
v 1.871218 1.871218 19.646896
v 1.2030945 1.203099 19.646896
v 1.871218 0.9424202 19.646896
v 1.2030945 0.89265853 19.646896
v 1.2030945 -0.89264995 19.646896
v 1.871218 -0.94240993 19.646896
v 1.871218 -1.8712192 19.646896
v 1.2030945 -1.2030904 19.646896
v 0.94241345 -1.8712192 19.646896
v 0.8926526 -1.2030904 19.646896
v -0.8926534 -1.2030904 19.646896
v -0.9424141 -1.8712192 19.646896
v -1.8712192 -1.8712192 19.646896
v -1.2030948 -1.2030904 19.646896
v -1.8712192 -0.94240993 19.646896
v -1.2030948 -0.89264995 19.646896
v 1.2030945 0.29754925 19.646896
v 1.871218 0.31413662 19.646896
v 1.871218 -0.31412634 19.646896
v 1.2030945 -0.2975406 19.646896
v -1.2030948 -0.2975406 19.646896
v -1.8712192 -0.31412634 19.646896
v -1.8712192 0.31413662 19.646896
v -1.2030948 0.29754925 19.646896
v 0.2975512 -1.2030904 19.646896
v 0.31413823 -1.8712192 19.646896
v -0.3141389 -1.8712192 19.646896
v -0.297552 -1.2030904 19.646896
v -0.297552 1.203099 19.646896
v -0.3141389 1.871218 19.646896
v 0.31413823 1.871218 19.646896
v 0.2975512 1.203099 19.646896
v 0.2975512 1.203099 18.954529
v 0.2975512 1.203099 19.646896
v 0.31413823 1.871218 19.646896
v 0.31413823 1.871218 18.954529
v -1.2030948 -0.89264995 18.954529
v -1.2030948 -1.2030904 18.954529
v -1.2030948 -1.2030904 19.646896
v -1.2030948 -0.89264995 19.646896
v 0.94241345 1.871218 18.954529
v 0.94241345 1.871218 19.646896
v 0.8926526 1.203099 19.646896
v 0.8926526 1.203099 18.954529
v -0.297552 1.203099 18.954529
v -0.297552 1.203099 19.646896
v 0.2975512 1.203099 19.646896
v 0.2975512 1.203099 18.954529
v -1.2030948 -1.2030904 19.646896
v -1.2030948 -1.2030904 18.954529
v -0.8926534 -1.2030904 18.954529
v -0.8926534 -1.2030904 19.646896
v 0.8926526 -1.2030904 18.954529
v 1.2030945 -1.2030904 18.954529
v 1.2030945 -1.2030904 19.646896
v 0.8926526 -1.2030904 19.646896
v 1.2030945 0.89265853 18.954529
v 1.2030945 0.89265853 19.646896
v 1.871218 0.9424202 19.646896
v 1.871218 0.9424202 18.954529
v -1.2030948 -0.2975406 18.954529
v -1.2030948 -0.2975406 19.646896
v -1.2030948 0.29754925 19.646896
v -1.2030948 0.29754925 18.954529
v 1.871218 0.31413662 18.954529
v 1.871218 0.31413662 19.646896
v 1.2030945 0.29754925 19.646896
v 1.2030945 0.29754925 18.954529
v 0.2975512 -1.2030904 18.954529
v 0.2975512 -1.2030904 19.646896
v -0.297552 -1.2030904 19.646896
v -0.297552 -1.2030904 18.954529
v 1.2030945 -0.2975406 18.954529
v 1.2030945 -0.2975406 19.646896
v 1.871218 -0.31412634 19.646896
v 1.871218 -0.31412634 18.954529
v 1.2030945 -0.89264995 19.646896
v 1.2030945 -1.2030904 19.646896
v 1.2030945 -1.2030904 18.954529
v 1.2030945 -0.89264995 18.954529
v 1.871218 -0.94240993 18.954529
v 1.871218 -0.94240993 19.646896
v 1.2030945 -0.89264995 19.646896
v 1.2030945 -0.89264995 18.954529
v 0.8926526 -1.2030904 18.954529
v 0.8926526 -1.2030904 19.646896
v 0.94241345 -1.8712192 19.646896
v 0.94241345 -1.8712192 18.954529
v -1.2030948 -0.89264995 18.954529
v -1.2030948 -0.89264995 19.646896
v -1.8712192 -0.94240993 19.646896
v -1.8712192 -0.94240993 18.954529
v 0.31413823 -1.8712192 18.954529
v 0.31413823 -1.8712192 19.646896
v 0.2975512 -1.2030904 19.646896
v 0.2975512 -1.2030904 18.954529
v 1.2030945 0.29754925 18.954529
v 1.2030945 0.29754925 19.646896
v 1.2030945 -0.2975406 19.646896
v 1.2030945 -0.2975406 18.954529
v -1.8712192 -0.31412634 18.954529
v -1.8712192 -0.31412634 19.646896
v -1.2030948 -0.2975406 19.646896
v -1.2030948 -0.2975406 18.954529
v 0.13677207 1.9664485 15.372991
v 0.13677207 1.2648903 15.341352
v -0.13677272 1.2648904 15.341352
v -0.13677272 1.9664485 15.372991
v -1.1798697 -1.966449 14.652946
v -1.4318439 -2.1714337 18.140293
v -1.1332995 -1.888832 18.158947
v -1.4774314 -2.247413 14.669806
v -1.2534317 -2.0890527 10.431191
v -1.5494411 -2.3674295 10.44805
v -1.2653301 -2.7040703 8.209621
v -0.6981662 -2.1369064 8.180595
v 0.13677208 -1.966449 15.372991
v 0.13677208 -1.2648908 15.341354
v 0.13137338 -1.1872737 17.650772
v 0.13137338 -1.888832 17.68241
v -1.966449 -0.13677272 15.372991
v -1.2648909 -0.13677272 15.341354
v -1.1872739 -0.13137439 17.650772
v -1.888832 -0.13137439 17.68241
v 1.888831 1.888831 18.158947
v 2.171433 1.431843 18.140293
v 1.888831 1.1332984 18.158947
v 2.171433 2.1714332 18.140293
v 1.1332984 1.888831 18.158947
v 1.4318428 2.1714332 18.140293
v 1.9664485 0.13677208 15.372991
v 1.2648903 0.13677208 15.341352
v 1.1872728 0.13137338 17.650772
v 1.888831 0.13137338 17.68241
v -1.888832 -1.1332995 18.158947
v -2.171434 -1.4318436 18.140293
v -2.2474132 -1.477431 14.669806
v -1.966449 -1.1798697 14.652946
v -2.3674297 -1.5494409 10.44805
v -2.0890527 -1.2534317 10.431191
v -2.1369061 -0.6981662 8.180595
v -2.7040703 -1.2653301 8.209621
v 1.9664485 -1.1798697 14.652946
v 2.171433 -1.4318436 18.140293
v 1.888831 -1.1332995 18.158947
v 2.2474127 -1.477431 14.669806
v 2.0890527 -1.2534317 10.431191
v 2.3674297 -1.5494409 10.44805
v 2.7040703 -1.2653301 8.209621
v 2.1369061 -0.6981662 8.180595
v -0.13677272 1.2648904 15.341352
v 0.13677207 1.2648903 15.341352
v 0.13137336 1.1872728 17.650772
v -0.13137439 1.1872729 17.650772
v 0.13677208 -1.2648908 15.341354
v -0.13677272 -1.2648909 15.341354
v -0.13137439 -1.1872739 17.650772
v 0.13137338 -1.1872737 17.650772
v -1.2648909 -0.13677272 15.341354
v -1.2648908 0.13677207 15.341354
v -1.1872737 0.13137336 17.650772
v -1.1872739 -0.13137439 17.650772
v 1.2648903 0.13677208 15.341352
v 1.2648904 -0.13677272 15.341352
v 1.1872729 -0.13137439 17.650772
v 1.1872728 0.13137338 17.650772
v -0.13677272 1.9664485 15.372991
v -0.13677272 1.2648904 15.341352
v -0.13137439 1.1872729 17.650772
v -0.13137439 1.888831 17.68241
v 1.888831 -0.13137439 17.68241
v 1.1872729 -0.13137439 17.650772
v 1.2648904 -0.13677272 15.341352
v 1.9664485 -0.13677272 15.372991
v -0.13677272 -1.966449 15.372991
v -0.13677272 -1.2648909 15.341354
v 0.13677208 -1.2648908 15.341354
v 0.13677208 -1.966449 15.372991
v -0.13137439 1.888831 17.68241
v -0.13137439 1.1872729 17.650772
v 0.13137336 1.1872728 17.650772
v 0.13137336 1.888831 17.68241
v -1.888832 0.13137336 17.68241
v -1.1872737 0.13137336 17.650772
v -1.2648908 0.13677207 15.341354
v -1.966449 0.13677207 15.372991
v -1.966449 0.13677207 15.372991
v -1.2648908 0.13677207 15.341354
v -1.2648909 -0.13677272 15.341354
v -1.966449 -0.13677272 15.372991
v 0.13137338 -1.888832 17.68241
v 0.13137338 -1.1872737 17.650772
v -0.13137439 -1.1872739 17.650772
v -0.13137439 -1.888832 17.68241
v 1.9664485 -0.13677272 15.372991
v 1.2648904 -0.13677272 15.341352
v 1.2648903 0.13677208 15.341352
v 1.9664485 0.13677208 15.372991
v -0.13137439 -1.888832 17.68241
v -0.13137439 -1.1872739 17.650772
v -0.13677272 -1.2648909 15.341354
v -0.13677272 -1.966449 15.372991
v -1.888832 -0.13137439 17.68241
v -1.1872739 -0.13137439 17.650772
v -1.1872737 0.13137336 17.650772
v -1.888832 0.13137336 17.68241
v 0.13137336 1.888831 17.68241
v 0.13137336 1.1872728 17.650772
v 0.13677207 1.2648903 15.341352
v 0.13677207 1.9664485 15.372991
v 1.888831 0.13137338 17.68241
v 1.1872728 0.13137338 17.650772
v 1.1872729 -0.13137439 17.650772
v 1.888831 -0.13137439 17.68241
v 2.0890527 -2.0890527 10.431191
v 2.451515 -2.4515147 9.923191
v 1.2534316 -2.5560312 9.919059
v 1.2534316 -2.0890527 10.431191
v 0.3898184 -2.5560312 9.919059
v 0.3898184 -2.0890527 10.431191
v -0.38981843 -2.5560312 9.919059
v -0.38981843 -2.0890527 10.431191
v -1.2534317 -2.5560312 9.919059
v -1.2534317 -2.0890527 10.431191
v -2.4515147 -2.4515147 9.923191
v -2.0890527 -2.0890527 10.431191
v 2.0890527 2.0890527 10.431191
v 2.451515 2.4515147 9.923191
v 2.5560312 1.2534316 9.919059
v 2.0890527 1.2534316 10.431191
v 2.5560312 0.3898184 9.919059
v 2.0890527 0.3898184 10.431191
v 2.5560312 -0.38981843 9.919059
v 2.0890527 -0.38981843 10.431191
v 2.5560312 -1.2534317 9.919059
v 2.0890527 -1.2534317 10.431191
v 2.451515 -2.4515147 9.923191
v 2.0890527 -2.0890527 10.431191
v -2.0890527 2.0890527 10.431191
v -2.4515147 2.4515147 9.923191
v -1.2534317 2.5560312 9.919059
v -1.2534317 2.0890527 10.431191
v -0.38981843 2.5560312 9.919059
v -0.38981843 2.0890527 10.431191
v 0.3898184 2.5560312 9.919059
v 0.3898184 2.0890527 10.431191
v 1.2534316 2.5560312 9.919059
v 1.2534316 2.0890527 10.431191
v 2.451515 2.4515147 9.923191
v 2.0890527 2.0890527 10.431191
v -2.0890527 -2.0890527 10.431191
v -2.4515147 -2.4515147 9.923191
v -2.5560312 -1.2534317 9.919059
v -2.0890527 -1.2534317 10.431191
v -2.5560312 -0.38981843 9.919059
v -2.0890527 -0.38981843 10.431191
v -2.5560312 0.3898184 9.919059
v -2.0890527 0.3898184 10.431191
v -2.5560312 1.2534316 9.919059
v -2.0890527 1.2534316 10.431191
v -2.4515147 2.4515147 9.923191
v -2.0890527 2.0890527 10.431191
v 1.888831 -1.888832 18.158947
v 1.4318428 -2.1714337 18.140293
v 1.1332984 -1.888832 18.158947
v 2.171433 -2.1714337 18.140293
v 1.888831 -1.1332995 18.158947
v 2.171433 -1.4318436 18.140293
v 1.1798689 1.9664485 14.652946
v 1.4318428 2.1714332 18.140293
v 1.1332984 1.888831 18.158947
v 1.4774308 2.247413 14.669806
v 1.2534316 2.0890527 10.431191
v 1.5494411 2.3674297 10.44805
v -1.888832 1.1332984 18.158947
v -2.171434 1.431843 18.140293
v -2.171434 2.1714332 18.140293
v -1.888832 1.888831 18.158947
v -1.4318439 2.1714332 18.140293
v -1.1332995 1.888831 18.158947
v 1.1332984 -1.888832 18.158947
v 1.4318428 -2.1714337 18.140293
v 1.4774308 -2.247413 14.669806
v 1.1798689 -1.966449 14.652946
v 1.5494411 -2.3674295 10.44805
v 1.2534316 -2.0890527 10.431191
v 0.69816613 -2.1369061 8.180595
v 1.2653301 -2.7040703 8.209621
v -2.4515147 2.4515147 9.923191
v -2.4080853 2.4080853 8.172092
v -1.2624424 2.4378605 8.109793
v -1.2534317 2.5560312 9.919059
v -0.38981843 2.5560312 9.919059
v -0.42081413 2.4378605 8.109793
v 0.3898184 2.5560312 9.919059
v 0.42081413 2.4378605 8.109793
v 1.2534316 2.5560312 9.919059
v 1.2624424 2.4378605 8.109793
v 2.451515 2.4515147 9.923191
v 2.4080853 2.4080853 8.172092
v 2.451515 -2.4515147 9.923191
v 2.4080853 -2.4080853 8.172092
v 1.2624424 -2.4378605 8.109793
v 1.2534316 -2.5560312 9.919059
v 0.42081413 -2.4378605 8.109793
v 0.3898184 -2.5560312 9.919059
v -0.42081413 -2.4378605 8.109793
v -0.38981843 -2.5560312 9.919059
v -1.2624424 -2.4378605 8.109793
v -1.2534317 -2.5560312 9.919059
v -2.4515147 -2.4515147 9.923191
v -2.4080853 -2.4080853 8.172092
v -2.5560312 -1.2534317 9.919059
v -2.4515147 -2.4515147 9.923191
v -2.4080853 -2.4080853 8.172092
v -2.4378605 -1.2624424 8.109793
v -2.5560312 -0.38981843 9.919059
v -2.4378605 -0.42081413 8.109793
v -2.5560312 0.3898184 9.919059
v -2.4378605 0.42081413 8.109793
v -2.4378605 1.2624424 8.109793
v -2.5560312 1.2534316 9.919059
v -2.4080853 2.4080853 8.172092
v -2.4515147 2.4515147 9.923191
v 2.5560312 1.2534316 9.919059
v 2.451515 2.4515147 9.923191
v 2.4080853 2.4080853 8.172092
v 2.4378605 1.2624424 8.109793
v 2.5560312 0.3898184 9.919059
v 2.4378605 0.42081413 8.109793
v 2.5560312 -0.38981843 9.919059
v 2.4378605 -0.42081413 8.109793
v 2.5560312 -1.2534317 9.919059
v 2.4378605 -1.2624424 8.109793
v 2.451515 -2.4515147 9.923191
v 2.4080853 -2.4080853 8.172092
v -1.2030948 1.203099 18.289116
v 1.2030945 1.203099 18.289116
v 1.2030945 -1.2030904 18.289116
v -1.2030948 -1.2030904 18.289116
v -2.2474132 2.247413 14.669806
v -1.4318439 2.1714332 18.140293
v -2.171434 2.1714332 18.140293
v -1.4774314 2.247413 14.669806
v -1.5494411 2.3674297 10.44805
v -2.3674297 2.3674297 10.44805
v -1.2653301 2.7040703 8.209621
v -2.7040703 2.7040703 8.209621
v 2.2474127 -2.247413 14.669806
v 1.4318428 -2.1714337 18.140293
v 2.171433 -2.1714337 18.140293
v 1.4774308 -2.247413 14.669806
v 1.5494411 -2.3674295 10.44805
v 2.3674297 -2.3674295 10.44805
v 1.2653301 -2.7040703 8.209621
v 2.7040703 -2.7040703 8.209621
v -2.2474132 -2.2474132 14.669806
v -2.171434 -1.4318436 18.140293
v -2.171434 -2.1714337 18.140293
v -2.2474132 -1.477431 14.669806
v -2.3674297 -2.3674295 10.44805
v -2.3674297 -1.5494409 10.44805
v -2.7040703 -1.2653301 8.209621
v -2.7040703 -2.7040703 8.209621
v 2.2474127 2.247413 14.669806
v 2.171433 1.431843 18.140293
v 2.171433 2.1714332 18.140293
v 2.2474127 1.4774309 14.669806
v 2.3674297 2.3674297 10.44805
v 2.3674297 1.5494415 10.44805
v -1.4774314 -2.247413 14.669806
v -2.171434 -2.1714337 18.140293
v -1.4318439 -2.1714337 18.140293
v -2.2474132 -2.2474132 14.669806
v -1.5494411 -2.3674295 10.44805
v -2.3674297 -2.3674295 10.44805
v -2.7040703 -2.7040703 8.209621
v -1.2653301 -2.7040703 8.209621
v 2.2474127 -1.477431 14.669806
v 2.171433 -2.1714337 18.140293
v 2.171433 -1.4318436 18.140293
v 2.2474127 -2.247413 14.669806
v 2.3674297 -1.5494409 10.44805
v 2.3674297 -2.3674295 10.44805
v 2.7040703 -2.7040703 8.209621
v 2.7040703 -1.2653301 8.209621
v 1.4774308 2.247413 14.669806
v 2.171433 2.1714332 18.140293
v 1.4318428 2.1714332 18.140293
v 2.2474127 2.247413 14.669806
v 1.5494411 2.3674297 10.44805
v 2.3674297 2.3674297 10.44805
v -2.2474132 1.4774309 14.669806
v -2.171434 2.1714332 18.140293
v -2.171434 1.431843 18.140293
v -2.2474132 2.247413 14.669806
v -2.3674297 2.3674297 10.44805
v -2.3674297 1.5494415 10.44805
v -2.7040703 2.7040703 8.209621
v -2.7040703 1.2653301 8.209621
v 2.0890527 2.0890527 10.431191
v 1.5494411 2.3674297 10.44805
v 1.2534316 2.0890527 10.431191
v 2.3674297 2.3674297 10.44805
v 2.0890527 1.2534316 10.431191
v 2.3674297 1.5494415 10.44805
v -1.1332995 -1.888832 18.158947
v -1.4318439 -2.1714337 18.140293
v -2.171434 -2.1714337 18.140293
v -1.888832 -1.888832 18.158949
v -1.1332995 1.888831 18.158947
v -1.4318439 2.1714332 18.140293
v -1.4774314 2.247413 14.669806
v -1.1798697 1.9664485 14.652946
v -1.5494411 2.3674297 10.44805
v -1.2534317 2.0890527 10.431191
v -0.6981662 2.1369064 8.180595
v -1.2653301 2.7040703 8.209621
v 1.9664485 1.1798689 14.652946
v 2.3674297 1.5494415 10.44805
v 2.0890527 1.2534316 10.431191
v 2.2474127 1.4774309 14.669806
v 1.888831 1.1332984 18.158947
v 2.171433 1.431843 18.140293
v -1.888832 -1.888832 18.158949
v -2.171434 -2.1714337 18.140293
v -2.171434 -1.4318436 18.140293
v -1.888832 -1.1332995 18.158947
v -1.966449 1.1798689 14.652946
v -2.171434 1.431843 18.140293
v -1.888832 1.1332984 18.158947
v -2.2474132 1.4774309 14.669806
v -2.0890527 1.2534316 10.431191
v -2.3674297 1.5494415 10.44805
v -2.7040703 1.2653301 8.209621
v -2.1369061 0.69816613 8.180595
v 2.3674297 2.3674297 10.44805
v 1.5494411 2.3674297 10.44805
v 1.2653301 2.7040703 8.209621
v 2.7040703 2.7040703 8.209621
v 2.3674297 1.5494415 10.44805
v 2.3674297 2.3674297 10.44805
v 2.7040703 2.7040703 8.209621
v 2.7040703 1.2653301 8.209621
v 2.0890527 1.2534316 10.431191
v 2.3674297 1.5494415 10.44805
v 2.7040703 1.2653301 8.209621
v 2.1369061 0.69816613 8.180595
v 1.5494411 2.3674297 10.44805
v 1.2534316 2.0890527 10.431191
v 0.69816613 2.1369064 8.180595
v 1.2653301 2.7040703 8.209621
v 1.2030945 0.89265853 19.646896
v 1.2030945 0.89265853 18.954529
v 1.2030945 1.203099 18.954529
v 1.2030945 1.203099 19.646896
v 0.8926526 1.203099 19.646896
v 1.2030945 1.203099 19.646896
v 1.2030945 1.203099 18.954529
v 0.8926526 1.203099 18.954529
v -1.2030948 1.203099 19.646896
v -1.2030948 1.203099 18.954529
v -1.2030948 0.89265853 18.954529
v -1.2030948 0.89265853 19.646896
v -0.8926534 1.203099 19.646896
v -0.8926534 1.203099 18.954529
v -1.2030948 1.203099 18.954529
v -1.2030948 1.203099 19.646896
v -7.442713 6.705624 13.993538
v -7.442713 7.442709 13.993538
v -7.42553 7.4255257 14.96545
v -7.42553 6.5194063 14.96545
v -7.42553 6.5194063 15.867516
v -7.42553 7.4255257 15.867516
v -7.442713 5.7281632 13.639847
v -7.42553 5.9064636 14.96545
v -7.5184345 5.73343 5.1584907
v -7.5184345 6.7510576 4.624069
v -7.6380444 6.822824 -0.008303404
v -7.6380444 5.9802976 -0.008303404
v -7.6380444 5.2196975 -0.008303404
v -7.5184345 5.466564 5.1584907
v -7.6380444 4.377171 -0.008303404
v -7.5184345 4.448937 4.624069
v -7.442713 5.471831 13.639847
v -7.442713 4.49437 13.993538
v -7.42553 5.2935414 14.96545
v -7.42553 5.2935414 15.867516
v -7.42553 5.9064636 15.867516
v -7.42553 4.6805983 14.96545
v -7.442713 3.757285 13.993538
v -7.42553 3.774468 14.96545
v -7.42553 3.774468 15.867516
v -7.42553 4.6805983 15.867516
v -4.494374 7.442709 13.993538
v -3.7572892 7.442709 13.993538
v -3.7744722 7.4255257 14.96545
v -4.680598 7.4255257 14.96545
v -4.680598 7.4255257 15.867516
v -3.7744722 7.4255257 15.867516
v -5.4718347 7.442709 13.639847
v -5.2935324 7.4255257 14.96545
v -5.466568 7.518431 5.1584907
v -4.4489403 7.518431 4.624069
v -5.728167 7.442709 13.639847
v -5.2197003 7.6380415 -0.008303404
v -4.377174 7.6380415 -0.008303404
v -5.9803004 7.6380415 -0.008303404
v -5.7334337 7.518431 5.1584907
v -6.822827 7.6380415 -0.008303404
v -6.751061 7.518431 4.624069
v -6.705628 7.442709 13.993538
v -5.906469 7.4255257 14.96545
v -5.906469 7.4255257 15.867516
v -5.2935324 7.4255257 15.867516
v -6.5194035 7.4255257 14.96545
v -7.442713 7.442709 13.993538
v -7.42553 7.4255257 14.96545
v -7.42553 7.4255257 15.867516
v -6.5194035 7.4255257 15.867516
v -3.7572892 4.49437 13.993538
v -3.7572892 3.757285 13.993538
v -3.7744722 3.774468 14.96545
v -3.7744722 4.6805983 14.96545
v -3.7744722 4.6805983 15.867516
v -3.7744722 3.774468 15.867516
v -3.7572892 5.471831 13.639847
v -3.7744722 5.2935414 14.96545
v -3.6815667 5.466564 5.1584907
v -3.6815667 4.448937 4.624069
v -3.7572892 5.7281632 13.639847
v -3.5619564 5.2196975 -0.008303404
v -3.5619564 4.377171 -0.008303404
v -3.5619564 5.9802976 -0.008303404
v -3.6815667 5.73343 5.1584907
v -3.5619564 6.822824 -0.008303404
v -3.6815667 6.7510576 4.624069
v -3.7572892 6.705624 13.993538
v -3.7744722 5.9064636 14.96545
v -3.7744722 5.9064636 15.867516
v -3.7744722 5.2935414 15.867516
v -3.7744722 6.5194063 14.96545
v -3.7572892 7.442709 13.993538
v -3.7744722 7.4255257 14.96545
v -3.7744722 7.4255257 15.867516
v -3.7744722 6.5194063 15.867516
v -6.705628 3.757285 13.993538
v -7.442713 3.757285 13.993538
v -7.42553 3.774468 14.96545
v -6.5194035 3.774468 14.96545
v -6.5194035 3.774468 15.867516
v -7.42553 3.774468 15.867516
v -5.728167 3.757285 13.639847
v -5.906469 3.774468 14.96545
v -5.7334337 3.6815634 5.1584907
v -6.751061 3.6815634 4.624069
v -6.822827 3.5619535 -0.008303404
v -5.9803004 3.5619535 -0.008303404
v -5.466568 3.6815634 5.1584907
v -5.2197003 3.5619535 -0.008303404
v -5.4718347 3.757285 13.639847
v -4.4489403 3.6815634 4.624069
v -4.377174 3.5619535 -0.008303404
v -4.494374 3.757285 13.993538
v -5.2935324 3.774468 14.96545
v -5.2935324 3.774468 15.867516
v -5.906469 3.774468 15.867516
v -4.680598 3.774468 14.96545
v -3.7572892 3.757285 13.993538
v -3.7744722 3.774468 14.96545
v -3.7744722 3.774468 15.867516
v -4.680598 3.774468 15.867516
v -5.906469 7.4255257 14.96545
v -5.906469 7.4255257 15.867516
v -5.890287 6.7737203 15.867516
v -5.890287 6.7737203 14.96545
v -6.4708576 6.7737203 14.96545
v -6.4708576 6.7737203 15.867516
v -6.5194035 7.4255257 15.867516
v -6.5194035 7.4255257 14.96545
v -4.426282 6.47086 14.96545
v -3.7744722 6.5194063 14.96545
v -3.7744722 5.9064636 14.96545
v -4.426282 5.8902817 14.96545
v -4.426282 5.309722 14.96545
v -3.7744722 5.2935414 14.96545
v -3.7744722 4.6805983 14.96545
v -4.426282 4.7291436 14.96545
v -6.7737193 4.7291436 14.96545
v -7.42553 4.6805983 14.96545
v -7.42553 5.2935414 14.96545
v -6.7737193 5.309722 14.96545
v -7.42553 6.5194063 14.96545
v -7.42553 6.5194063 15.867516
v -6.7737193 6.47086 15.867516
v -6.7737193 6.47086 14.96545
v -6.7737193 5.8902817 14.96545
v -7.42553 5.9064636 14.96545
v -7.42553 6.5194063 14.96545
v -6.7737193 6.47086 14.96545
v -6.5194035 3.774468 14.96545
v -6.5194035 3.774468 15.867516
v -6.4708576 4.426283 15.867516
v -6.4708576 4.426283 14.96545
v -4.7291436 4.426283 14.96545
v -4.680598 3.774468 14.96545
v -5.2935324 3.774468 14.96545
v -5.3097143 4.426283 14.96545
v -5.890287 4.426283 14.96545
v -5.906469 3.774468 14.96545
v -6.5194035 3.774468 14.96545
v -6.4708576 4.426283 14.96545
v -6.7737193 5.8902817 14.96545
v -6.7737193 5.8902817 15.867516
v -7.42553 5.9064636 15.867516
v -7.42553 5.9064636 14.96545
v -6.4708576 6.7737203 14.96545
v -6.5194035 7.4255257 14.96545
v -5.906469 7.4255257 14.96545
v -5.890287 6.7737203 14.96545
v -5.890287 4.426283 14.96545
v -5.890287 4.426283 15.867516
v -5.906469 3.774468 15.867516
v -5.906469 3.774468 14.96545
v -5.3097143 6.7737203 14.96545
v -5.2935324 7.4255257 14.96545
v -4.680598 7.4255257 14.96545
v -4.7291436 6.7737203 14.96545
v -4.426282 6.7737203 14.96545
v -4.426282 4.426283 14.96545
v -4.426282 4.426283 14.090149
v -4.426282 6.7737203 14.090149
v -4.426282 6.7737203 14.090149
v -6.7737193 6.7737203 14.090149
v -6.7737193 6.7737203 14.96545
v -4.426282 6.7737203 14.96545
v -6.7737193 6.7737203 14.090149
v -6.7737193 4.426283 14.090149
v -6.7737193 4.426283 14.96545
v -6.7737193 6.7737203 14.96545
v -6.7737193 4.426283 14.96545
v -6.7737193 4.426283 14.090149
v -4.426282 4.426283 14.090149
v -4.426282 4.426283 14.96545
v -6.7737193 6.47086 15.867516
v -7.42553 6.5194063 15.867516
v -7.42553 7.4255257 15.867516
v -6.7737193 6.7737203 15.867516
v -6.5194035 7.4255257 15.867516
v -6.4708576 6.7737203 15.867516
v -4.7291436 6.7737203 15.867516
v -4.680598 7.4255257 15.867516
v -3.7744722 7.4255257 15.867516
v -4.426282 6.7737203 15.867516
v -3.7744722 6.5194063 15.867516
v -4.426282 6.47086 15.867516
v -4.426282 4.7291436 15.867516
v -3.7744722 4.6805983 15.867516
v -3.7744722 3.774468 15.867516
v -4.426282 4.426283 15.867516
v -4.680598 3.774468 15.867516
v -4.7291436 4.426283 15.867516
v -6.4708576 4.426283 15.867516
v -6.5194035 3.774468 15.867516
v -7.42553 3.774468 15.867516
v -6.7737193 4.426283 15.867516
v -7.42553 4.6805983 15.867516
v -6.7737193 4.7291436 15.867516
v -4.426282 5.8902817 15.867516
v -3.7744722 5.9064636 15.867516
v -3.7744722 5.2935414 15.867516
v -4.426282 5.309722 15.867516
v -6.7737193 5.309722 15.867516
v -7.42553 5.2935414 15.867516
v -7.42553 5.9064636 15.867516
v -6.7737193 5.8902817 15.867516
v -5.3097143 4.426283 15.867516
v -5.2935324 3.774468 15.867516
v -5.906469 3.774468 15.867516
v -5.890287 4.426283 15.867516
v -5.890287 6.7737203 15.867516
v -5.906469 7.4255257 15.867516
v -5.2935324 7.4255257 15.867516
v -5.3097143 6.7737203 15.867516
v -5.3097143 6.7737203 14.96545
v -5.3097143 6.7737203 15.867516
v -5.2935324 7.4255257 15.867516
v -5.2935324 7.4255257 14.96545
v -6.7737193 4.7291436 14.96545
v -6.7737193 4.426283 14.96545
v -6.7737193 4.426283 15.867516
v -6.7737193 4.7291436 15.867516
v -4.680598 7.4255257 14.96545
v -4.680598 7.4255257 15.867516
v -4.7291436 6.7737203 15.867516
v -4.7291436 6.7737203 14.96545
v -5.890287 6.7737203 14.96545
v -5.890287 6.7737203 15.867516
v -5.3097143 6.7737203 15.867516
v -5.3097143 6.7737203 14.96545
v -6.7737193 4.426283 15.867516
v -6.7737193 4.426283 14.96545
v -6.4708576 4.426283 14.96545
v -6.4708576 4.426283 15.867516
v -4.7291436 4.426283 14.96545
v -4.426282 4.426283 14.96545
v -4.426282 4.426283 15.867516
v -4.7291436 4.426283 15.867516
v -4.426282 6.47086 14.96545
v -4.426282 6.47086 15.867516
v -3.7744722 6.5194063 15.867516
v -3.7744722 6.5194063 14.96545
v -6.7737193 5.309722 14.96545
v -6.7737193 5.309722 15.867516
v -6.7737193 5.8902817 15.867516
v -6.7737193 5.8902817 14.96545
v -3.7744722 5.9064636 14.96545
v -3.7744722 5.9064636 15.867516
v -4.426282 5.8902817 15.867516
v -4.426282 5.8902817 14.96545
v -5.3097143 4.426283 14.96545
v -5.3097143 4.426283 15.867516
v -5.890287 4.426283 15.867516
v -5.890287 4.426283 14.96545
v -4.426282 5.309722 14.96545
v -4.426282 5.309722 15.867516
v -3.7744722 5.2935414 15.867516
v -3.7744722 5.2935414 14.96545
v -4.426282 4.7291436 15.867516
v -4.426282 4.426283 15.867516
v -4.426282 4.426283 14.96545
v -4.426282 4.7291436 14.96545
v -3.7744722 4.6805983 14.96545
v -3.7744722 4.6805983 15.867516
v -4.426282 4.7291436 15.867516
v -4.426282 4.7291436 14.96545
v -4.7291436 4.426283 14.96545
v -4.7291436 4.426283 15.867516
v -4.680598 3.774468 15.867516
v -4.680598 3.774468 14.96545
v -6.7737193 4.7291436 14.96545
v -6.7737193 4.7291436 15.867516
v -7.42553 4.6805983 15.867516
v -7.42553 4.6805983 14.96545
v -5.2935324 3.774468 14.96545
v -5.2935324 3.774468 15.867516
v -5.3097143 4.426283 15.867516
v -5.3097143 4.426283 14.96545
v -4.426282 5.8902817 14.96545
v -4.426282 5.8902817 15.867516
v -4.426282 5.309722 15.867516
v -4.426282 5.309722 14.96545
v -7.42553 5.2935414 14.96545
v -7.42553 5.2935414 15.867516
v -6.7737193 5.309722 15.867516
v -6.7737193 5.309722 14.96545
v -5.466568 7.518431 5.1584907
v -5.466568 6.834003 5.135009
v -5.7334337 6.834003 5.135009
v -5.7334337 7.518431 5.1584907
v -6.751061 3.6815634 4.624069
v -6.996883 3.4815836 13.979691
v -6.705628 3.757285 13.993538
v -7.041357 3.4074597 4.636582
v -6.822827 3.5619535 -0.008303404
v -7.1116085 3.2903738 0.00420928
v -5.466568 3.6815634 5.1584907
v -5.466568 4.3659916 5.13501
v -5.4718347 4.4417133 13.616365
v -5.4718347 3.757285 13.639847
v -7.5184345 5.466564 5.1584907
v -6.8340063 5.466564 5.13501
v -6.7582846 5.471831 13.616365
v -7.442713 5.471831 13.639847
v -3.7572892 7.442709 13.993538
v -3.4815876 6.996879 13.979691
v -3.7572892 6.705624 13.993538
v -3.4815876 7.7184105 13.979691
v -4.494374 7.442709 13.993538
v -4.203119 7.7184105 13.979691
v -3.6815667 5.73343 5.1584907
v -4.365995 5.73343 5.135009
v -4.441717 5.7281632 13.616365
v -3.7572892 5.7281632 13.639847
v -7.442713 4.49437 13.993538
v -7.7184143 4.2031155 13.979691
v -7.792538 4.158641 4.636582
v -7.5184345 4.448937 4.624069
v -7.909624 4.0883894 0.00420928
v -7.6380444 4.377171 -0.008303404
v -3.6815667 4.448937 4.624069
v -3.4815876 4.2031155 13.979691
v -3.7572892 4.49437 13.993538
v -3.407463 4.158641 4.636582
v -3.5619564 4.377171 -0.008303404
v -3.2903764 4.0883894 0.00420928
v -6.751061 7.518431 4.624069
v -7.1116085 7.9096217 0.00420928
v -6.822827 7.6380415 -0.008303404
v -7.041357 7.7925353 4.636582
v -6.705628 7.442709 13.993538
v -6.996883 7.7184105 13.979691
v -5.7334337 6.834003 5.135009
v -5.466568 6.834003 5.135009
v -5.4718347 6.7582808 13.616365
v -5.728167 6.7582808 13.616365
v -5.466568 4.3659916 5.13501
v -5.7334337 4.3659916 5.13501
v -5.728167 4.4417133 13.616365
v -5.4718347 4.4417133 13.616365
v -6.8340063 5.466564 5.13501
v -6.8340063 5.73343 5.13501
v -6.7582846 5.7281632 13.616365
v -6.7582846 5.471831 13.616365
v -4.365995 5.73343 5.135009
v -4.365995 5.466564 5.135009
v -4.441717 5.471831 13.616365
v -4.441717 5.7281632 13.616365
v -5.7334337 7.518431 5.1584907
v -5.7334337 6.834003 5.135009
v -5.728167 6.7582808 13.616365
v -5.728167 7.442709 13.639847
v -3.7572892 5.471831 13.639847
v -4.441717 5.471831 13.616365
v -4.365995 5.466564 5.135009
v -3.6815667 5.466564 5.1584907
v -5.7334337 3.6815634 5.1584907
v -5.7334337 4.3659916 5.13501
v -5.466568 4.3659916 5.13501
v -5.466568 3.6815634 5.1584907
v -5.728167 7.442709 13.639847
v -5.728167 6.7582808 13.616365
v -5.4718347 6.7582808 13.616365
v -5.4718347 7.442709 13.639847
v -7.442713 5.7281632 13.639847
v -6.7582846 5.7281632 13.616365
v -6.8340063 5.73343 5.13501
v -7.5184345 5.73343 5.1584907
v -7.5184345 5.73343 5.1584907
v -6.8340063 5.73343 5.13501
v -6.8340063 5.466564 5.13501
v -7.5184345 5.466564 5.1584907
v -5.4718347 3.757285 13.639847
v -5.4718347 4.4417133 13.616365
v -5.728167 4.4417133 13.616365
v -5.728167 3.757285 13.639847
v -3.6815667 5.466564 5.1584907
v -4.365995 5.466564 5.135009
v -4.365995 5.73343 5.135009
v -3.6815667 5.73343 5.1584907
v -5.728167 3.757285 13.639847
v -5.728167 4.4417133 13.616365
v -5.7334337 4.3659916 5.13501
v -5.7334337 3.6815634 5.1584907
v -7.442713 5.471831 13.639847
v -6.7582846 5.471831 13.616365
v -6.7582846 5.7281632 13.616365
v -7.442713 5.7281632 13.639847
v -5.4718347 7.442709 13.639847
v -5.4718347 6.7582808 13.616365
v -5.466568 6.834003 5.135009
v -5.466568 7.518431 5.1584907
v -3.7572892 5.7281632 13.639847
v -4.441717 5.7281632 13.616365
v -4.441717 5.471831 13.616365
v -3.7572892 5.471831 13.639847
v -3.7572892 3.757285 13.993538
v -4.203119 3.4815836 13.979691
v -4.494374 3.757285 13.993538
v -3.4815876 3.4815836 13.979691
v -3.7572892 4.49437 13.993538
v -3.4815876 4.2031155 13.979691
v -4.4489403 7.518431 4.624069
v -4.203119 7.7184105 13.979691
v -4.494374 7.442709 13.993538
v -4.158644 7.7925353 4.636582
v -4.377174 7.6380415 -0.008303404
v -4.0883923 7.9096217 0.00420928
v -7.442713 6.705624 13.993538
v -7.7184143 6.996879 13.979691
v -7.7184143 7.7184105 13.979691
v -7.442713 7.442709 13.993538
v -6.996883 7.7184105 13.979691
v -6.705628 7.442709 13.993538
v -4.494374 3.757285 13.993538
v -4.203119 3.4815836 13.979691
v -4.158644 3.4074597 4.636582
v -4.4489403 3.6815634 4.624069
v -4.0883923 3.2903738 0.00420928
v -4.377174 3.5619535 -0.008303404
v -6.7737193 6.7737203 14.090149
v -4.426282 6.7737203 14.090149
v -4.426282 4.426283 14.090149
v -6.7737193 4.426283 14.090149
v -7.792538 7.7925353 4.636582
v -6.996883 7.7184105 13.979691
v -7.7184143 7.7184105 13.979691
v -7.041357 7.7925353 4.636582
v -7.1116085 7.9096217 0.00420928
v -7.909624 7.9096217 0.00420928
v -3.407463 3.4074597 4.636582
v -4.203119 3.4815836 13.979691
v -3.4815876 3.4815836 13.979691
v -4.158644 3.4074597 4.636582
v -4.0883923 3.2903738 0.00420928
v -3.2903764 3.2903738 0.00420928
v -7.7925386 3.4074597 4.636582
v -7.7184143 4.2031155 13.979691
v -7.7184143 3.4815836 13.979692
v -7.792538 4.158641 4.636582
v -7.909624 3.2903738 0.00420928
v -7.909624 4.0883894 0.00420928
v -3.407463 7.7925353 4.636582
v -3.4815876 6.996879 13.979691
v -3.4815876 7.7184105 13.979691
v -3.407463 7.041354 4.636582
v -3.2903764 7.9096217 0.00420928
v -3.2903764 7.111606 0.00420928
v -7.041357 3.4074597 4.636582
v -7.7184143 3.4815836 13.979692
v -6.996883 3.4815836 13.979691
v -7.7925386 3.4074597 4.636582
v -7.1116085 3.2903738 0.00420928
v -7.909624 3.2903738 0.00420928
v -3.407463 4.158641 4.636582
v -3.4815876 3.4815836 13.979691
v -3.4815876 4.2031155 13.979691
v -3.407463 3.4074597 4.636582
v -3.2903764 4.0883894 0.00420928
v -3.2903764 3.2903738 0.00420928
v -4.158644 7.7925353 4.636582
v -3.4815876 7.7184105 13.979691
v -4.203119 7.7184105 13.979691
v -3.407463 7.7925353 4.636582
v -4.0883923 7.9096217 0.00420928
v -3.2903764 7.9096217 0.00420928
v -7.792538 7.041354 4.636582
v -7.7184143 7.7184105 13.979691
v -7.7184143 6.996879 13.979691
v -7.792538 7.7925353 4.636582
v -7.909624 7.9096217 0.00420928
v -7.909624 7.111606 0.00420928
v -3.5619564 7.6380415 -0.008303404
v -4.0883923 7.9096217 0.00420928
v -4.377174 7.6380415 -0.008303404
v -3.2903764 7.9096217 0.00420928
v -3.5619564 6.822824 -0.008303404
v -3.2903764 7.111606 0.00420928
v -6.705628 3.757285 13.993538
v -6.996883 3.4815836 13.979691
v -7.7184143 3.4815836 13.979692
v -7.442713 3.757285 13.993538
v -7.6380444 6.822824 -0.008303404
v -7.909624 7.111606 0.00420928
v -7.792538 7.041354 4.636582
v -7.5184345 6.7510576 4.624069
v -7.7184143 6.996879 13.979691
v -7.442713 6.705624 13.993538
v -3.6815667 6.7510576 4.624069
v -3.2903764 7.111606 0.00420928
v -3.5619564 6.822824 -0.008303404
v -3.407463 7.041354 4.636582
v -3.7572892 6.705624 13.993538
v -3.4815876 6.996879 13.979691
v -7.442713 3.757285 13.993538
v -7.7184143 3.4815836 13.979692
v -7.7184143 4.2031155 13.979691
v -7.442713 4.49437 13.993538
v -4.426282 6.47086 15.867516
v -4.426282 6.47086 14.96545
v -4.426282 6.7737203 14.96545
v -4.426282 6.7737203 15.867516
v -4.7291436 6.7737203 15.867516
v -4.426282 6.7737203 15.867516
v -4.426282 6.7737203 14.96545
v -4.7291436 6.7737203 14.96545
v -6.7737193 6.7737203 15.867516
v -6.7737193 6.7737203 14.96545
v -6.7737193 6.47086 14.96545
v -6.7737193 6.47086 15.867516
v -6.4708576 6.7737203 15.867516
v -6.4708576 6.7737203 14.96545
v -6.7737193 6.7737203 14.96545
v -6.7737193 6.7737203 15.867516
v 3.7572885 6.705624 13.993538
v 3.7572885 7.442709 13.993538
v 3.7744713 7.4255257 14.96545
v 3.7744713 6.5194063 14.96545
v 3.7744713 6.5194063 15.867516
v 3.7744713 7.4255257 15.867516
v 3.7572885 5.7281632 13.639847
v 3.7744713 5.9064636 14.96545
v 3.6815667 5.73343 5.1584907
v 3.6815667 6.7510576 4.624069
v 3.561957 6.822824 -0.008303404
v 3.561957 5.9802976 -0.008303404
v 3.561957 5.2196975 -0.008303404
v 3.6815667 5.466564 5.1584907
v 3.561957 4.377171 -0.008303404
v 3.6815667 4.448937 4.624069
v 3.7572885 5.471831 13.639847
v 3.7572885 4.49437 13.993538
v 3.7744713 5.2935414 14.96545
v 3.7744713 5.2935414 15.867516
v 3.7744713 5.9064636 15.867516
v 3.7744713 4.6805983 14.96545
v 3.7572885 3.757285 13.993538
v 3.7744713 3.774468 14.96545
v 3.7744713 3.774468 15.867516
v 3.7744713 4.6805983 15.867516
v 6.7056274 7.442709 13.993538
v 7.4427123 7.442709 13.993538
v 7.425529 7.4255257 14.96545
v 6.5194035 7.4255257 14.96545
v 6.5194035 7.4255257 15.867516
v 7.425529 7.4255257 15.867516
v 5.7281666 7.442709 13.639847
v 5.906469 7.4255257 14.96545
v 5.7334332 7.518431 5.1584907
v 6.751061 7.518431 4.624069
v 5.471834 7.442709 13.639847
v 5.980301 7.6380415 -0.008303404
v 6.8228273 7.6380415 -0.008303404
v 5.219701 7.6380415 -0.008303404
v 5.4665675 7.518431 5.1584907
v 4.3771744 7.6380415 -0.008303404
v 4.4489403 7.518431 4.624069
v 4.4943733 7.442709 13.993538
v 5.2935324 7.4255257 14.96545
v 5.2935324 7.4255257 15.867516
v 5.906469 7.4255257 15.867516
v 4.680598 7.4255257 14.96545
v 3.7572885 7.442709 13.993538
v 3.7744713 7.4255257 14.96545
v 3.7744713 7.4255257 15.867516
v 4.680598 7.4255257 15.867516
v 7.4427123 4.49437 13.993538
v 7.4427123 3.757285 13.993538
v 7.425529 3.774468 14.96545
v 7.425529 4.6805983 14.96545
v 7.425529 4.6805983 15.867516
v 7.425529 3.774468 15.867516
v 7.4427123 5.471831 13.639847
v 7.425529 5.2935414 14.96545
v 7.5184345 5.466564 5.1584907
v 7.5184345 4.448937 4.624069
v 7.4427123 5.7281632 13.639847
v 7.638045 5.2196975 -0.008303404
v 7.638045 4.377171 -0.008303404
v 7.638045 5.9802976 -0.008303404
v 7.5184345 5.73343 5.1584907
v 7.638045 6.822824 -0.008303404
v 7.5184345 6.7510576 4.624069
v 7.4427123 6.705624 13.993538
v 7.425529 5.9064636 14.96545
v 7.425529 5.9064636 15.867516
v 7.425529 5.2935414 15.867516
v 7.425529 6.5194063 14.96545
v 7.4427123 7.442709 13.993538
v 7.425529 7.4255257 14.96545
v 7.425529 7.4255257 15.867516
v 7.425529 6.5194063 15.867516
v 4.4943733 3.757285 13.993538
v 3.7572885 3.757285 13.993538
v 3.7744713 3.774468 14.96545
v 4.680598 3.774468 14.96545
v 4.680598 3.774468 15.867516
v 3.7744713 3.774468 15.867516
v 5.471834 3.757285 13.639847
v 5.2935324 3.774468 14.96545
v 5.4665675 3.6815634 5.1584907
v 4.4489403 3.6815634 4.624069
v 4.3771744 3.5619535 -0.008303404
v 5.219701 3.5619535 -0.008303404
v 5.7334332 3.6815634 5.1584907
v 5.980301 3.5619535 -0.008303404
v 5.7281666 3.757285 13.639847
v 6.751061 3.6815634 4.624069
v 6.8228273 3.5619535 -0.008303404
v 6.7056274 3.757285 13.993538
v 5.906469 3.774468 14.96545
v 5.906469 3.774468 15.867516
v 5.2935324 3.774468 15.867516
v 6.5194035 3.774468 14.96545
v 7.4427123 3.757285 13.993538
v 7.425529 3.774468 14.96545
v 7.425529 3.774468 15.867516
v 6.5194035 3.774468 15.867516
v 5.2935324 7.4255257 14.96545
v 5.2935324 7.4255257 15.867516
v 5.3097143 6.7737203 15.867516
v 5.3097143 6.7737203 14.96545
v 4.7291436 6.7737203 14.96545
v 4.7291436 6.7737203 15.867516
v 4.680598 7.4255257 15.867516
v 4.680598 7.4255257 14.96545
v 6.7737193 6.47086 14.96545
v 7.425529 6.5194063 14.96545
v 7.425529 5.9064636 14.96545
v 6.7737193 5.8902817 14.96545
v 6.7737193 5.309722 14.96545
v 7.425529 5.2935414 14.96545
v 7.425529 4.6805983 14.96545
v 6.7737193 4.7291436 14.96545
v 4.426282 4.7291436 14.96545
v 3.7744713 4.6805983 14.96545
v 3.7744713 5.2935414 14.96545
v 4.426282 5.309722 14.96545
v 3.7744713 6.5194063 14.96545
v 3.7744713 6.5194063 15.867516
v 4.426282 6.47086 15.867516
v 4.426282 6.47086 14.96545
v 4.426282 5.8902817 14.96545
v 3.7744713 5.9064636 14.96545
v 3.7744713 6.5194063 14.96545
v 4.426282 6.47086 14.96545
v 4.680598 3.774468 14.96545
v 4.680598 3.774468 15.867516
v 4.7291436 4.426283 15.867516
v 4.7291436 4.426283 14.96545
v 6.4708576 4.426283 14.96545
v 6.5194035 3.774468 14.96545
v 5.906469 3.774468 14.96545
v 5.890287 4.426283 14.96545
v 5.3097143 4.426283 14.96545
v 5.2935324 3.774468 14.96545
v 4.680598 3.774468 14.96545
v 4.7291436 4.426283 14.96545
v 4.426282 5.8902817 14.96545
v 4.426282 5.8902817 15.867516
v 3.7744713 5.9064636 15.867516
v 3.7744713 5.9064636 14.96545
v 4.7291436 6.7737203 14.96545
v 4.680598 7.4255257 14.96545
v 5.2935324 7.4255257 14.96545
v 5.3097143 6.7737203 14.96545
v 5.3097143 4.426283 14.96545
v 5.3097143 4.426283 15.867516
v 5.2935324 3.774468 15.867516
v 5.2935324 3.774468 14.96545
v 5.890287 6.7737203 14.96545
v 5.906469 7.4255257 14.96545
v 6.5194035 7.4255257 14.96545
v 6.4708576 6.7737203 14.96545
v 6.7737193 6.7737203 14.96545
v 6.7737193 4.426283 14.96545
v 6.7737193 4.426283 14.090149
v 6.7737193 6.7737203 14.090149
v 6.7737193 6.7737203 14.090149
v 4.426282 6.7737203 14.090149
v 4.426282 6.7737203 14.96545
v 6.7737193 6.7737203 14.96545
v 4.426282 6.7737203 14.090149
v 4.426282 4.426283 14.090149
v 4.426282 4.426283 14.96545
v 4.426282 6.7737203 14.96545
v 4.426282 4.426283 14.96545
v 4.426282 4.426283 14.090149
v 6.7737193 4.426283 14.090149
v 6.7737193 4.426283 14.96545
v 4.426282 6.47086 15.867516
v 3.7744713 6.5194063 15.867516
v 3.7744713 7.4255257 15.867516
v 4.426282 6.7737203 15.867516
v 4.680598 7.4255257 15.867516
v 4.7291436 6.7737203 15.867516
v 6.4708576 6.7737203 15.867516
v 6.5194035 7.4255257 15.867516
v 7.425529 7.4255257 15.867516
v 6.7737193 6.7737203 15.867516
v 7.425529 6.5194063 15.867516
v 6.7737193 6.47086 15.867516
v 6.7737193 4.7291436 15.867516
v 7.425529 4.6805983 15.867516
v 7.425529 3.774468 15.867516
v 6.7737193 4.426283 15.867516
v 6.5194035 3.774468 15.867516
v 6.4708576 4.426283 15.867516
v 4.7291436 4.426283 15.867516
v 4.680598 3.774468 15.867516
v 3.7744713 3.774468 15.867516
v 4.426282 4.426283 15.867516
v 3.7744713 4.6805983 15.867516
v 4.426282 4.7291436 15.867516
v 6.7737193 5.8902817 15.867516
v 7.425529 5.9064636 15.867516
v 7.425529 5.2935414 15.867516
v 6.7737193 5.309722 15.867516
v 4.426282 5.309722 15.867516
v 3.7744713 5.2935414 15.867516
v 3.7744713 5.9064636 15.867516
v 4.426282 5.8902817 15.867516
v 5.890287 4.426283 15.867516
v 5.906469 3.774468 15.867516
v 5.2935324 3.774468 15.867516
v 5.3097143 4.426283 15.867516
v 5.3097143 6.7737203 15.867516
v 5.2935324 7.4255257 15.867516
v 5.906469 7.4255257 15.867516
v 5.890287 6.7737203 15.867516
v 5.890287 6.7737203 14.96545
v 5.890287 6.7737203 15.867516
v 5.906469 7.4255257 15.867516
v 5.906469 7.4255257 14.96545
v 4.426282 4.7291436 14.96545
v 4.426282 4.426283 14.96545
v 4.426282 4.426283 15.867516
v 4.426282 4.7291436 15.867516
v 6.5194035 7.4255257 14.96545
v 6.5194035 7.4255257 15.867516
v 6.4708576 6.7737203 15.867516
v 6.4708576 6.7737203 14.96545
v 5.3097143 6.7737203 14.96545
v 5.3097143 6.7737203 15.867516
v 5.890287 6.7737203 15.867516
v 5.890287 6.7737203 14.96545
v 4.426282 4.426283 15.867516
v 4.426282 4.426283 14.96545
v 4.7291436 4.426283 14.96545
v 4.7291436 4.426283 15.867516
v 6.4708576 4.426283 14.96545
v 6.7737193 4.426283 14.96545
v 6.7737193 4.426283 15.867516
v 6.4708576 4.426283 15.867516
v 6.7737193 6.47086 14.96545
v 6.7737193 6.47086 15.867516
v 7.425529 6.5194063 15.867516
v 7.425529 6.5194063 14.96545
v 4.426282 5.309722 14.96545
v 4.426282 5.309722 15.867516
v 4.426282 5.8902817 15.867516
v 4.426282 5.8902817 14.96545
v 7.425529 5.9064636 14.96545
v 7.425529 5.9064636 15.867516
v 6.7737193 5.8902817 15.867516
v 6.7737193 5.8902817 14.96545
v 5.890287 4.426283 14.96545
v 5.890287 4.426283 15.867516
v 5.3097143 4.426283 15.867516
v 5.3097143 4.426283 14.96545
v 6.7737193 5.309722 14.96545
v 6.7737193 5.309722 15.867516
v 7.425529 5.2935414 15.867516
v 7.425529 5.2935414 14.96545
v 6.7737193 4.7291436 15.867516
v 6.7737193 4.426283 15.867516
v 6.7737193 4.426283 14.96545
v 6.7737193 4.7291436 14.96545
v 7.425529 4.6805983 14.96545
v 7.425529 4.6805983 15.867516
v 6.7737193 4.7291436 15.867516
v 6.7737193 4.7291436 14.96545
v 6.4708576 4.426283 14.96545
v 6.4708576 4.426283 15.867516
v 6.5194035 3.774468 15.867516
v 6.5194035 3.774468 14.96545
v 4.426282 4.7291436 14.96545
v 4.426282 4.7291436 15.867516
v 3.7744713 4.6805983 15.867516
v 3.7744713 4.6805983 14.96545
v 5.906469 3.774468 14.96545
v 5.906469 3.774468 15.867516
v 5.890287 4.426283 15.867516
v 5.890287 4.426283 14.96545
v 6.7737193 5.8902817 14.96545
v 6.7737193 5.8902817 15.867516
v 6.7737193 5.309722 15.867516
v 6.7737193 5.309722 14.96545
v 3.7744713 5.2935414 14.96545
v 3.7744713 5.2935414 15.867516
v 4.426282 5.309722 15.867516
v 4.426282 5.309722 14.96545
v 5.7334332 7.518431 5.1584907
v 5.7334332 6.834003 5.135009
v 5.4665675 6.834003 5.135009
v 5.4665675 7.518431 5.1584907
v 4.4489403 3.6815634 4.624069
v 4.2031183 3.4815836 13.979691
v 4.4943733 3.757285 13.993538
v 4.158644 3.4074597 4.636582
v 4.3771744 3.5619535 -0.008303404
v 4.0883927 3.2903738 0.00420928
v 5.7334332 3.6815634 5.1584907
v 5.7334332 4.3659916 5.13501
v 5.7281666 4.4417133 13.616365
v 5.7281666 3.757285 13.639847
v 3.6815667 5.466564 5.1584907
v 4.365995 5.466564 5.13501
v 4.4417167 5.471831 13.616365
v 3.7572885 5.471831 13.639847
v 7.4427123 7.442709 13.993538
v 7.718414 6.996879 13.979691
v 7.4427123 6.705624 13.993538
v 7.718414 7.7184105 13.979691
v 6.7056274 7.442709 13.993538
v 6.9968824 7.7184105 13.979691
v 7.5184345 5.73343 5.1584907
v 6.8340063 5.73343 5.135009
v 6.758284 5.7281632 13.616365
v 7.4427123 5.7281632 13.639847
v 3.7572885 4.49437 13.993538
v 3.481587 4.2031155 13.979691
v 3.407463 4.158641 4.636582
v 3.6815667 4.448937 4.624069
v 3.2903771 4.0883894 0.00420928
v 3.561957 4.377171 -0.008303404
v 7.5184345 4.448937 4.624069
v 7.718414 4.2031155 13.979691
v 7.4427123 4.49437 13.993538
v 7.792538 4.158641 4.636582
v 7.638045 4.377171 -0.008303404
v 7.9096246 4.0883894 0.00420928
v 4.4489403 7.518431 4.624069
v 4.0883927 7.9096217 0.00420928
v 4.3771744 7.6380415 -0.008303404
v 4.158644 7.7925353 4.636582
v 4.4943733 7.442709 13.993538
v 4.2031183 7.7184105 13.979691
v 5.4665675 6.834003 5.135009
v 5.7334332 6.834003 5.135009
v 5.7281666 6.7582808 13.616365
v 5.471834 6.7582808 13.616365
v 5.7334332 4.3659916 5.13501
v 5.4665675 4.3659916 5.13501
v 5.471834 4.4417133 13.616365
v 5.7281666 4.4417133 13.616365
v 4.365995 5.466564 5.13501
v 4.365995 5.73343 5.13501
v 4.4417167 5.7281632 13.616365
v 4.4417167 5.471831 13.616365
v 6.8340063 5.73343 5.135009
v 6.8340063 5.466564 5.135009
v 6.758284 5.471831 13.616365
v 6.758284 5.7281632 13.616365
v 5.4665675 7.518431 5.1584907
v 5.4665675 6.834003 5.135009
v 5.471834 6.7582808 13.616365
v 5.471834 7.442709 13.639847
v 7.4427123 5.471831 13.639847
v 6.758284 5.471831 13.616365
v 6.8340063 5.466564 5.135009
v 7.5184345 5.466564 5.1584907
v 5.4665675 3.6815634 5.1584907
v 5.4665675 4.3659916 5.13501
v 5.7334332 4.3659916 5.13501
v 5.7334332 3.6815634 5.1584907
v 5.471834 7.442709 13.639847
v 5.471834 6.7582808 13.616365
v 5.7281666 6.7582808 13.616365
v 5.7281666 7.442709 13.639847
v 3.7572885 5.7281632 13.639847
v 4.4417167 5.7281632 13.616365
v 4.365995 5.73343 5.13501
v 3.6815667 5.73343 5.1584907
v 3.6815667 5.73343 5.1584907
v 4.365995 5.73343 5.13501
v 4.365995 5.466564 5.13501
v 3.6815667 5.466564 5.1584907
v 5.7281666 3.757285 13.639847
v 5.7281666 4.4417133 13.616365
v 5.471834 4.4417133 13.616365
v 5.471834 3.757285 13.639847
v 7.5184345 5.466564 5.1584907
v 6.8340063 5.466564 5.135009
v 6.8340063 5.73343 5.135009
v 7.5184345 5.73343 5.1584907
v 5.471834 3.757285 13.639847
v 5.471834 4.4417133 13.616365
v 5.4665675 4.3659916 5.13501
v 5.4665675 3.6815634 5.1584907
v 3.7572885 5.471831 13.639847
v 4.4417167 5.471831 13.616365
v 4.4417167 5.7281632 13.616365
v 3.7572885 5.7281632 13.639847
v 5.7281666 7.442709 13.639847
v 5.7281666 6.7582808 13.616365
v 5.7334332 6.834003 5.135009
v 5.7334332 7.518431 5.1584907
v 7.4427123 5.7281632 13.639847
v 6.758284 5.7281632 13.616365
v 6.758284 5.471831 13.616365
v 7.4427123 5.471831 13.639847
v 7.4427123 3.757285 13.993538
v 6.9968824 3.4815836 13.979691
v 6.7056274 3.757285 13.993538
v 7.718414 3.4815836 13.979691
v 7.4427123 4.49437 13.993538
v 7.718414 4.2031155 13.979691
v 6.751061 7.518431 4.624069
v 6.9968824 7.7184105 13.979691
v 6.7056274 7.442709 13.993538
v 7.041357 7.7925353 4.636582
v 6.8228273 7.6380415 -0.008303404
v 7.111609 7.9096217 0.00420928
v 3.7572885 6.705624 13.993538
v 3.481587 6.996879 13.979691
v 3.481587 7.7184105 13.979691
v 3.7572885 7.442709 13.993538
v 4.2031183 7.7184105 13.979691
v 4.4943733 7.442709 13.993538
v 6.7056274 3.757285 13.993538
v 6.9968824 3.4815836 13.979691
v 7.041357 3.4074597 4.636582
v 6.751061 3.6815634 4.624069
v 7.111609 3.2903738 0.00420928
v 6.8228273 3.5619535 -0.008303404
v 4.426282 6.7737203 14.090149
v 6.7737193 6.7737203 14.090149
v 6.7737193 4.426283 14.090149
v 4.426282 4.426283 14.090149
v 3.407463 7.7925353 4.636582
v 4.2031183 7.7184105 13.979691
v 3.481587 7.7184105 13.979691
v 4.158644 7.7925353 4.636582
v 4.0883927 7.9096217 0.00420928
v 3.2903771 7.9096217 0.00420928
v 7.792538 3.4074597 4.636582
v 6.9968824 3.4815836 13.979691
v 7.718414 3.4815836 13.979691
v 7.041357 3.4074597 4.636582
v 7.111609 3.2903738 0.00420928
v 7.9096246 3.2903738 0.00420928
v 3.4074626 3.4074597 4.636582
v 3.481587 4.2031155 13.979691
v 3.481587 3.4815836 13.979692
v 3.407463 4.158641 4.636582
v 3.2903771 3.2903738 0.00420928
v 3.2903771 4.0883894 0.00420928
v 7.792538 7.7925353 4.636582
v 7.718414 6.996879 13.979691
v 7.718414 7.7184105 13.979691
v 7.792538 7.041354 4.636582
v 7.9096246 7.9096217 0.00420928
v 7.9096246 7.111606 0.00420928
v 4.158644 3.4074597 4.636582
v 3.481587 3.4815836 13.979692
v 4.2031183 3.4815836 13.979691
v 3.4074626 3.4074597 4.636582
v 4.0883927 3.2903738 0.00420928
v 3.2903771 3.2903738 0.00420928
v 7.792538 4.158641 4.636582
v 7.718414 3.4815836 13.979691
v 7.718414 4.2031155 13.979691
v 7.792538 3.4074597 4.636582
v 7.9096246 4.0883894 0.00420928
v 7.9096246 3.2903738 0.00420928
v 7.041357 7.7925353 4.636582
v 7.718414 7.7184105 13.979691
v 6.9968824 7.7184105 13.979691
v 7.792538 7.7925353 4.636582
v 7.111609 7.9096217 0.00420928
v 7.9096246 7.9096217 0.00420928
v 3.407463 7.041354 4.636582
v 3.481587 7.7184105 13.979691
v 3.481587 6.996879 13.979691
v 3.407463 7.7925353 4.636582
v 3.2903771 7.9096217 0.00420928
v 3.2903771 7.111606 0.00420928
v 7.638045 7.6380415 -0.008303404
v 7.111609 7.9096217 0.00420928
v 6.8228273 7.6380415 -0.008303404
v 7.9096246 7.9096217 0.00420928
v 7.638045 6.822824 -0.008303404
v 7.9096246 7.111606 0.00420928
v 4.4943733 3.757285 13.993538
v 4.2031183 3.4815836 13.979691
v 3.481587 3.4815836 13.979692
v 3.7572885 3.757285 13.993538
v 3.561957 6.822824 -0.008303404
v 3.2903771 7.111606 0.00420928
v 3.407463 7.041354 4.636582
v 3.6815667 6.7510576 4.624069
v 3.481587 6.996879 13.979691
v 3.7572885 6.705624 13.993538
v 7.5184345 6.7510576 4.624069
v 7.9096246 7.111606 0.00420928
v 7.638045 6.822824 -0.008303404
v 7.792538 7.041354 4.636582
v 7.4427123 6.705624 13.993538
v 7.718414 6.996879 13.979691
v 3.7572885 3.757285 13.993538
v 3.481587 3.4815836 13.979692
v 3.481587 4.2031155 13.979691
v 3.7572885 4.49437 13.993538
v 6.7737193 6.47086 15.867516
v 6.7737193 6.47086 14.96545
v 6.7737193 6.7737203 14.96545
v 6.7737193 6.7737203 15.867516
v 6.4708576 6.7737203 15.867516
v 6.7737193 6.7737203 15.867516
v 6.7737193 6.7737203 14.96545
v 6.4708576 6.7737203 14.96545
v 4.426282 6.7737203 15.867516
v 4.426282 6.7737203 14.96545
v 4.426282 6.47086 14.96545
v 4.426282 6.47086 15.867516
v 4.7291436 6.7737203 15.867516
v 4.7291436 6.7737203 14.96545
v 4.426282 6.7737203 14.96545
v 4.426282 6.7737203 15.867516
v 3.757289 -4.4943748 13.993538
v 3.757289 -3.75729 13.993538
v 3.7744718 -3.7744732 14.96545
v 3.7744718 -4.6805925 14.96545
v 3.7744718 -4.6805925 15.867516
v 3.7744718 -3.7744732 15.867516
v 3.757289 -5.4718356 13.639847
v 3.7744718 -5.293535 14.96545
v 3.6815672 -5.466569 5.1584907
v 3.6815672 -4.448941 4.624069
v 3.5619574 -4.377175 -0.008303404
v 3.5619574 -5.2197013 -0.008303404
v 3.5619574 -5.9803014 -0.008303404
v 3.6815672 -5.7334347 5.1584907
v 3.5619574 -6.822828 -0.008303404
v 3.6815672 -6.751062 4.624069
v 3.757289 -5.728168 13.639847
v 3.757289 -6.705629 13.993538
v 3.7744718 -5.9064574 14.96545
v 3.7744718 -5.9064574 15.867516
v 3.7744718 -5.293535 15.867516
v 3.7744718 -6.5194006 14.96545
v 3.757289 -7.4427137 13.993538
v 3.7744718 -7.425531 14.96545
v 3.7744718 -7.425531 15.867516
v 3.7744718 -6.5194006 15.867516
v 6.705628 -3.75729 13.993538
v 7.442713 -3.75729 13.993538
v 7.4255295 -3.7744732 14.96545
v 6.519404 -3.7744732 14.96545
v 6.519404 -3.7744732 15.867516
v 7.4255295 -3.7744732 15.867516
v 5.728167 -3.75729 13.639847
v 5.9064693 -3.7744732 14.96545
v 5.7334337 -3.6815677 5.1584907
v 6.7510614 -3.6815677 4.624069
v 5.4718347 -3.75729 13.639847
v 5.9803014 -3.5619574 -0.008303404
v 6.822828 -3.5619574 -0.008303404
v 5.2197013 -3.5619574 -0.008303404
v 5.466568 -3.6815677 5.1584907
v 4.377175 -3.5619574 -0.008303404
v 4.4489408 -3.6815677 4.624069
v 4.494374 -3.75729 13.993538
v 5.293533 -3.7744732 14.96545
v 5.293533 -3.7744732 15.867516
v 5.9064693 -3.7744732 15.867516
v 4.6805983 -3.7744732 14.96545
v 3.757289 -3.75729 13.993538
v 3.7744718 -3.7744732 14.96545
v 3.7744718 -3.7744732 15.867516
v 4.6805983 -3.7744732 15.867516
v 7.442713 -6.705629 13.993538
v 7.442713 -7.4427137 13.993538
v 7.4255295 -7.425531 14.96545
v 7.4255295 -6.5194006 14.96545
v 7.4255295 -6.5194006 15.867516
v 7.4255295 -7.425531 15.867516
v 7.442713 -5.728168 13.639847
v 7.4255295 -5.9064574 14.96545
v 7.518435 -5.7334347 5.1584907
v 7.518435 -6.751062 4.624069
v 7.442713 -5.4718356 13.639847
v 7.6380453 -5.9803014 -0.008303404
v 7.6380453 -6.822828 -0.008303404
v 7.6380453 -5.2197013 -0.008303404
v 7.518435 -5.466569 5.1584907
v 7.6380453 -4.377175 -0.008303404
v 7.518435 -4.448941 4.624069
v 7.442713 -4.4943748 13.993538
v 7.4255295 -5.293535 14.96545
v 7.4255295 -5.293535 15.867516
v 7.4255295 -5.9064574 15.867516
v 7.4255295 -4.6805925 14.96545
v 7.442713 -3.75729 13.993538
v 7.4255295 -3.7744732 14.96545
v 7.4255295 -3.7744732 15.867516
v 7.4255295 -4.6805925 15.867516
v 4.494374 -7.4427137 13.993538
v 3.757289 -7.4427137 13.993538
v 3.7744718 -7.425531 14.96545
v 4.6805983 -7.425531 14.96545
v 4.6805983 -7.425531 15.867516
v 3.7744718 -7.425531 15.867516
v 5.4718347 -7.4427137 13.639847
v 5.293533 -7.425531 14.96545
v 5.466568 -7.5184355 5.1584907
v 4.4489408 -7.5184355 4.624069
v 4.377175 -7.6380453 -0.008303404
v 5.2197013 -7.6380453 -0.008303404
v 5.7334337 -7.5184355 5.1584907
v 5.9803014 -7.6380453 -0.008303404
v 5.728167 -7.4427137 13.639847
v 6.7510614 -7.5184355 4.624069
v 6.822828 -7.6380453 -0.008303404
v 6.705628 -7.4427137 13.993538
v 5.9064693 -7.425531 14.96545
v 5.9064693 -7.425531 15.867516
v 5.293533 -7.425531 15.867516
v 6.519404 -7.425531 14.96545
v 7.442713 -7.4427137 13.993538
v 7.4255295 -7.425531 14.96545
v 7.4255295 -7.425531 15.867516
v 6.519404 -7.425531 15.867516
v 5.293533 -3.7744732 14.96545
v 5.293533 -3.7744732 15.867516
v 5.309715 -4.4262786 15.867516
v 5.309715 -4.4262786 14.96545
v 4.729144 -4.4262786 14.96545
v 4.729144 -4.4262786 15.867516
v 4.6805983 -3.7744732 15.867516
v 4.6805983 -3.7744732 14.96545
v 6.77372 -4.729139 14.96545
v 7.4255295 -4.6805925 14.96545
v 7.4255295 -5.293535 14.96545
v 6.77372 -5.309717 14.96545
v 6.77372 -5.890277 14.96545
v 7.4255295 -5.9064574 14.96545
v 7.4255295 -6.5194006 14.96545
v 6.77372 -6.470855 14.96545
v 4.4262824 -6.470855 14.96545
v 3.7744718 -6.5194006 14.96545
v 3.7744718 -5.9064574 14.96545
v 4.4262824 -5.890277 14.96545
v 3.7744718 -4.6805925 14.96545
v 3.7744718 -4.6805925 15.867516
v 4.4262824 -4.729139 15.867516
v 4.4262824 -4.729139 14.96545
v 4.4262824 -5.309717 14.96545
v 3.7744718 -5.293535 14.96545
v 3.7744718 -4.6805925 14.96545
v 4.4262824 -4.729139 14.96545
v 4.6805983 -7.425531 14.96545
v 4.6805983 -7.425531 15.867516
v 4.729144 -6.773716 15.867516
v 4.729144 -6.773716 14.96545
v 6.470858 -6.773716 14.96545
v 6.519404 -7.425531 14.96545
v 5.9064693 -7.425531 14.96545
v 5.8902874 -6.773716 14.96545
v 5.309715 -6.773716 14.96545
v 5.293533 -7.425531 14.96545
v 4.6805983 -7.425531 14.96545
v 4.729144 -6.773716 14.96545
v 4.4262824 -5.309717 14.96545
v 4.4262824 -5.309717 15.867516
v 3.7744718 -5.293535 15.867516
v 3.7744718 -5.293535 14.96545
v 4.729144 -4.4262786 14.96545
v 4.6805983 -3.7744732 14.96545
v 5.293533 -3.7744732 14.96545
v 5.309715 -4.4262786 14.96545
v 5.309715 -6.773716 14.96545
v 5.309715 -6.773716 15.867516
v 5.293533 -7.425531 15.867516
v 5.293533 -7.425531 14.96545
v 5.8902874 -4.4262786 14.96545
v 5.9064693 -3.7744732 14.96545
v 6.519404 -3.7744732 14.96545
v 6.470858 -4.4262786 14.96545
v 6.77372 -4.4262786 14.96545
v 6.77372 -6.773716 14.96545
v 6.77372 -6.773716 14.090149
v 6.77372 -4.4262786 14.090149
v 6.77372 -4.4262786 14.090149
v 4.4262824 -4.4262786 14.090149
v 4.4262824 -4.4262786 14.96545
v 6.77372 -4.4262786 14.96545
v 4.4262824 -4.4262786 14.090149
v 4.4262824 -6.773716 14.090149
v 4.4262824 -6.773716 14.96545
v 4.4262824 -4.4262786 14.96545
v 4.4262824 -6.773716 14.96545
v 4.4262824 -6.773716 14.090149
v 6.77372 -6.773716 14.090149
v 6.77372 -6.773716 14.96545
v 4.4262824 -4.729139 15.867516
v 3.7744718 -4.6805925 15.867516
v 3.7744718 -3.7744732 15.867516
v 4.4262824 -4.4262786 15.867516
v 4.6805983 -3.7744732 15.867516
v 4.729144 -4.4262786 15.867516
v 6.470858 -4.4262786 15.867516
v 6.519404 -3.7744732 15.867516
v 7.4255295 -3.7744732 15.867516
v 6.77372 -4.4262786 15.867516
v 7.4255295 -4.6805925 15.867516
v 6.77372 -4.729139 15.867516
v 6.77372 -6.470855 15.867516
v 7.4255295 -6.5194006 15.867516
v 7.4255295 -7.425531 15.867516
v 6.77372 -6.773716 15.867516
v 6.519404 -7.425531 15.867516
v 6.470858 -6.773716 15.867516
v 4.729144 -6.773716 15.867516
v 4.6805983 -7.425531 15.867516
v 3.7744718 -7.425531 15.867516
v 4.4262824 -6.773716 15.867516
v 3.7744718 -6.5194006 15.867516
v 4.4262824 -6.470855 15.867516
v 6.77372 -5.309717 15.867516
v 7.4255295 -5.293535 15.867516
v 7.4255295 -5.9064574 15.867516
v 6.77372 -5.890277 15.867516
v 4.4262824 -5.890277 15.867516
v 3.7744718 -5.9064574 15.867516
v 3.7744718 -5.293535 15.867516
v 4.4262824 -5.309717 15.867516
v 5.8902874 -6.773716 15.867516
v 5.9064693 -7.425531 15.867516
v 5.293533 -7.425531 15.867516
v 5.309715 -6.773716 15.867516
v 5.309715 -4.4262786 15.867516
v 5.293533 -3.7744732 15.867516
v 5.9064693 -3.7744732 15.867516
v 5.8902874 -4.4262786 15.867516
v 5.8902874 -4.4262786 14.96545
v 5.8902874 -4.4262786 15.867516
v 5.9064693 -3.7744732 15.867516
v 5.9064693 -3.7744732 14.96545
v 4.4262824 -6.470855 14.96545
v 4.4262824 -6.773716 14.96545
v 4.4262824 -6.773716 15.867516
v 4.4262824 -6.470855 15.867516
v 6.519404 -3.7744732 14.96545
v 6.519404 -3.7744732 15.867516
v 6.470858 -4.4262786 15.867516
v 6.470858 -4.4262786 14.96545
v 5.309715 -4.4262786 14.96545
v 5.309715 -4.4262786 15.867516
v 5.8902874 -4.4262786 15.867516
v 5.8902874 -4.4262786 14.96545
v 4.4262824 -6.773716 15.867516
v 4.4262824 -6.773716 14.96545
v 4.729144 -6.773716 14.96545
v 4.729144 -6.773716 15.867516
v 6.470858 -6.773716 14.96545
v 6.77372 -6.773716 14.96545
v 6.77372 -6.773716 15.867516
v 6.470858 -6.773716 15.867516
v 6.77372 -4.729139 14.96545
v 6.77372 -4.729139 15.867516
v 7.4255295 -4.6805925 15.867516
v 7.4255295 -4.6805925 14.96545
v 4.4262824 -5.890277 14.96545
v 4.4262824 -5.890277 15.867516
v 4.4262824 -5.309717 15.867516
v 4.4262824 -5.309717 14.96545
v 7.4255295 -5.293535 14.96545
v 7.4255295 -5.293535 15.867516
v 6.77372 -5.309717 15.867516
v 6.77372 -5.309717 14.96545
v 5.8902874 -6.773716 14.96545
v 5.8902874 -6.773716 15.867516
v 5.309715 -6.773716 15.867516
v 5.309715 -6.773716 14.96545
v 6.77372 -5.890277 14.96545
v 6.77372 -5.890277 15.867516
v 7.4255295 -5.9064574 15.867516
v 7.4255295 -5.9064574 14.96545
v 6.77372 -6.470855 15.867516
v 6.77372 -6.773716 15.867516
v 6.77372 -6.773716 14.96545
v 6.77372 -6.470855 14.96545
v 7.4255295 -6.5194006 14.96545
v 7.4255295 -6.5194006 15.867516
v 6.77372 -6.470855 15.867516
v 6.77372 -6.470855 14.96545
v 6.470858 -6.773716 14.96545
v 6.470858 -6.773716 15.867516
v 6.519404 -7.425531 15.867516
v 6.519404 -7.425531 14.96545
v 4.4262824 -6.470855 14.96545
v 4.4262824 -6.470855 15.867516
v 3.7744718 -6.5194006 15.867516
v 3.7744718 -6.5194006 14.96545
v 5.9064693 -7.425531 14.96545
v 5.9064693 -7.425531 15.867516
v 5.8902874 -6.773716 15.867516
v 5.8902874 -6.773716 14.96545
v 6.77372 -5.309717 14.96545
v 6.77372 -5.309717 15.867516
v 6.77372 -5.890277 15.867516
v 6.77372 -5.890277 14.96545
v 3.7744718 -5.9064574 14.96545
v 3.7744718 -5.9064574 15.867516
v 4.4262824 -5.890277 15.867516
v 4.4262824 -5.890277 14.96545
v 5.7334337 -3.6815677 5.1584907
v 5.7334337 -4.365996 5.135009
v 5.466568 -4.365996 5.135009
v 5.466568 -3.6815677 5.1584907
v 4.4489408 -7.5184355 4.624069
v 4.203119 -7.7184153 13.979691
v 4.494374 -7.4427137 13.993538
v 4.1586447 -7.792539 4.636582
v 4.377175 -7.6380453 -0.008303404
v 4.088393 -7.909625 0.00420928
v 5.7334337 -7.5184355 5.1584907
v 5.7334337 -6.8340073 5.13501
v 5.728167 -6.7582855 13.616365
v 5.728167 -7.4427137 13.639847
v 3.6815672 -5.7334347 5.1584907
v 4.3659954 -5.7334347 5.13501
v 4.441717 -5.728168 13.616365
v 3.757289 -5.728168 13.639847
v 7.442713 -3.75729 13.993538
v 7.7184143 -4.2031198 13.979691
v 7.442713 -4.4943748 13.993538
v 7.7184143 -3.4815884 13.979691
v 6.705628 -3.75729 13.993538
v 6.996883 -3.4815884 13.979691
v 7.518435 -5.466569 5.1584907
v 6.834007 -5.466569 5.135009
v 6.7582846 -5.4718356 13.616365
v 7.442713 -5.4718356 13.639847
v 3.757289 -6.705629 13.993538
v 3.4815874 -6.9968834 13.979691
v 3.4074636 -7.041358 4.636582
v 3.6815672 -6.751062 4.624069
v 3.2903776 -7.1116095 0.00420928
v 3.5619574 -6.822828 -0.008303404
v 7.518435 -6.751062 4.624069
v 7.7184143 -6.9968834 13.979691
v 7.442713 -6.705629 13.993538
v 7.7925386 -7.041358 4.636582
v 7.6380453 -6.822828 -0.008303404
v 7.909625 -7.1116095 0.00420928
v 4.4489408 -3.6815677 4.624069
v 4.088393 -3.2903771 0.00420928
v 4.377175 -3.5619574 -0.008303404
v 4.1586447 -3.4074636 4.636582
v 4.494374 -3.75729 13.993538
v 4.203119 -3.4815884 13.979691
v 5.466568 -4.365996 5.135009
v 5.7334337 -4.365996 5.135009
v 5.728167 -4.441718 13.616365
v 5.4718347 -4.441718 13.616365
v 5.7334337 -6.8340073 5.13501
v 5.466568 -6.8340073 5.13501
v 5.4718347 -6.7582855 13.616365
v 5.728167 -6.7582855 13.616365
v 4.3659954 -5.7334347 5.13501
v 4.3659954 -5.466569 5.13501
v 4.441717 -5.4718356 13.616365
v 4.441717 -5.728168 13.616365
v 6.834007 -5.466569 5.135009
v 6.834007 -5.7334347 5.135009
v 6.7582846 -5.728168 13.616365
v 6.7582846 -5.4718356 13.616365
v 5.466568 -3.6815677 5.1584907
v 5.466568 -4.365996 5.135009
v 5.4718347 -4.441718 13.616365
v 5.4718347 -3.75729 13.639847
v 7.442713 -5.728168 13.639847
v 6.7582846 -5.728168 13.616365
v 6.834007 -5.7334347 5.135009
v 7.518435 -5.7334347 5.1584907
v 5.466568 -7.5184355 5.1584907
v 5.466568 -6.8340073 5.13501
v 5.7334337 -6.8340073 5.13501
v 5.7334337 -7.5184355 5.1584907
v 5.4718347 -3.75729 13.639847
v 5.4718347 -4.441718 13.616365
v 5.728167 -4.441718 13.616365
v 5.728167 -3.75729 13.639847
v 3.757289 -5.4718356 13.639847
v 4.441717 -5.4718356 13.616365
v 4.3659954 -5.466569 5.13501
v 3.6815672 -5.466569 5.1584907
v 3.6815672 -5.466569 5.1584907
v 4.3659954 -5.466569 5.13501
v 4.3659954 -5.7334347 5.13501
v 3.6815672 -5.7334347 5.1584907
v 5.728167 -7.4427137 13.639847
v 5.728167 -6.7582855 13.616365
v 5.4718347 -6.7582855 13.616365
v 5.4718347 -7.4427137 13.639847
v 7.518435 -5.7334347 5.1584907
v 6.834007 -5.7334347 5.135009
v 6.834007 -5.466569 5.135009
v 7.518435 -5.466569 5.1584907
v 5.4718347 -7.4427137 13.639847
v 5.4718347 -6.7582855 13.616365
v 5.466568 -6.8340073 5.13501
v 5.466568 -7.5184355 5.1584907
v 3.757289 -5.728168 13.639847
v 4.441717 -5.728168 13.616365
v 4.441717 -5.4718356 13.616365
v 3.757289 -5.4718356 13.639847
v 5.728167 -3.75729 13.639847
v 5.728167 -4.441718 13.616365
v 5.7334337 -4.365996 5.135009
v 5.7334337 -3.6815677 5.1584907
v 7.442713 -5.4718356 13.639847
v 6.7582846 -5.4718356 13.616365
v 6.7582846 -5.728168 13.616365
v 7.442713 -5.728168 13.639847
v 7.442713 -7.4427137 13.993538
v 6.996883 -7.7184153 13.979691
v 6.705628 -7.4427137 13.993538
v 7.7184143 -7.7184153 13.979691
v 7.442713 -6.705629 13.993538
v 7.7184143 -6.9968834 13.979691
v 6.7510614 -3.6815677 4.624069
v 6.996883 -3.4815884 13.979691
v 6.705628 -3.75729 13.993538
v 7.0413575 -3.4074636 4.636582
v 6.822828 -3.5619574 -0.008303404
v 7.1116095 -3.2903771 0.00420928
v 3.757289 -4.4943748 13.993538
v 3.4815874 -4.2031198 13.979691
v 3.4815874 -3.4815884 13.979691
v 3.757289 -3.75729 13.993538
v 4.203119 -3.4815884 13.979691
v 4.494374 -3.75729 13.993538
v 6.705628 -7.4427137 13.993538
v 6.996883 -7.7184153 13.979691
v 7.0413575 -7.792539 4.636582
v 6.7510614 -7.5184355 4.624069
v 7.1116095 -7.909625 0.00420928
v 6.822828 -7.6380453 -0.008303404
v 4.4262824 -4.4262786 14.090149
v 6.77372 -4.4262786 14.090149
v 6.77372 -6.773716 14.090149
v 4.4262824 -6.773716 14.090149
v 3.4074636 -3.4074636 4.636582
v 4.203119 -3.4815884 13.979691
v 3.4815874 -3.4815884 13.979691
v 4.1586447 -3.4074636 4.636582
v 4.088393 -3.2903771 0.00420928
v 3.2903776 -3.2903771 0.00420928
v 7.7925386 -7.792539 4.636582
v 6.996883 -7.7184153 13.979691
v 7.7184143 -7.7184153 13.979691
v 7.0413575 -7.792539 4.636582
v 7.1116095 -7.909625 0.00420928
v 7.909625 -7.909625 0.00420928
v 3.407463 -7.792539 4.636582
v 3.4815874 -6.9968834 13.979691
v 3.4815874 -7.7184153 13.979692
v 3.4074636 -7.041358 4.636582
v 3.2903776 -7.909625 0.00420928
v 3.2903776 -7.1116095 0.00420928
v 7.7925386 -3.4074636 4.636582
v 7.7184143 -4.2031198 13.979691
v 7.7184143 -3.4815884 13.979691
v 7.7925386 -4.1586447 4.636582
v 7.909625 -3.2903771 0.00420928
v 7.909625 -4.0883927 0.00420928
v 4.1586447 -7.792539 4.636582
v 3.4815874 -7.7184153 13.979692
v 4.203119 -7.7184153 13.979691
v 3.407463 -7.792539 4.636582
v 4.088393 -7.909625 0.00420928
v 3.2903776 -7.909625 0.00420928
v 7.7925386 -7.041358 4.636582
v 7.7184143 -7.7184153 13.979691
v 7.7184143 -6.9968834 13.979691
v 7.7925386 -7.792539 4.636582
v 7.909625 -7.1116095 0.00420928
v 7.909625 -7.909625 0.00420928
v 7.0413575 -3.4074636 4.636582
v 7.7184143 -3.4815884 13.979691
v 6.996883 -3.4815884 13.979691
v 7.7925386 -3.4074636 4.636582
v 7.1116095 -3.2903771 0.00420928
v 7.909625 -3.2903771 0.00420928
v 3.4074636 -4.1586447 4.636582
v 3.4815874 -3.4815884 13.979691
v 3.4815874 -4.2031198 13.979691
v 3.4074636 -3.4074636 4.636582
v 3.2903776 -3.2903771 0.00420928
v 3.2903776 -4.0883927 0.00420928
v 7.6380453 -3.5619574 -0.008303404
v 7.1116095 -3.2903771 0.00420928
v 6.822828 -3.5619574 -0.008303404
v 7.909625 -3.2903771 0.00420928
v 7.6380453 -4.377175 -0.008303404
v 7.909625 -4.0883927 0.00420928
v 4.494374 -7.4427137 13.993538
v 4.203119 -7.7184153 13.979691
v 3.4815874 -7.7184153 13.979692
v 3.757289 -7.4427137 13.993538
v 3.5619574 -4.377175 -0.008303404
v 3.2903776 -4.0883927 0.00420928
v 3.4074636 -4.1586447 4.636582
v 3.6815672 -4.448941 4.624069
v 3.4815874 -4.2031198 13.979691
v 3.757289 -4.4943748 13.993538
v 7.518435 -4.448941 4.624069
v 7.909625 -4.0883927 0.00420928
v 7.6380453 -4.377175 -0.008303404
v 7.7925386 -4.1586447 4.636582
v 7.442713 -4.4943748 13.993538
v 7.7184143 -4.2031198 13.979691
v 3.757289 -7.4427137 13.993538
v 3.4815874 -7.7184153 13.979692
v 3.4815874 -6.9968834 13.979691
v 3.757289 -6.705629 13.993538
v 6.77372 -4.729139 15.867516
v 6.77372 -4.729139 14.96545
v 6.77372 -4.4262786 14.96545
v 6.77372 -4.4262786 15.867516
v 6.470858 -4.4262786 15.867516
v 6.77372 -4.4262786 15.867516
v 6.77372 -4.4262786 14.96545
v 6.470858 -4.4262786 14.96545
v 4.4262824 -4.4262786 15.867516
v 4.4262824 -4.4262786 14.96545
v 4.4262824 -4.729139 14.96545
v 4.4262824 -4.729139 15.867516
v 4.729144 -4.4262786 15.867516
v 4.729144 -4.4262786 14.96545
v 4.4262824 -4.4262786 14.96545
v 4.4262824 -4.4262786 15.867516
v -2.8828561 -0.7861645 10.78441
v -2.8828561 -0.7861645 11.691224
v -2.3587034 -0.7861645 11.691224
v -2.3587034 -0.7861645 10.78441
v 2.8828242 0.7862935 10.78441
v 2.8828242 0.7862935 11.691224
v 2.3586714 0.7862935 11.691224
v 2.3586714 0.7862935 10.78441
v -2.3587034 1.8345991 10.78441
v -2.8828561 1.3104464 10.78441
v -2.8828561 1.8345991 10.78441
v -2.3587034 1.3104464 10.78441
v -2.8828561 0.7862937 10.78441
v -2.3587034 0.7862937 10.78441
v -1.8345506 1.8345991 10.78441
v -1.8345506 1.3104464 10.78441
v -1.8345506 2.3587518 10.78441
v -2.3587034 2.3587518 10.78441
v -1.8345506 0.7862937 10.78441
v -2.3587034 0.26214096 10.78441
v -1.8345506 0.26214093 10.78441
v -2.3587034 -0.2620118 10.78441
v -1.8345506 -0.26201183 10.78441
v -2.3587034 -0.7861645 10.78441
v -1.3103979 1.8345991 10.78441
v -1.3103979 2.3587518 10.78441
v -1.3103979 1.3104464 10.78441
v -1.3103979 0.7862937 10.78441
v -1.3103979 2.8829045 10.78441
v -1.8345506 2.8829045 10.78441
v -0.7862451 2.8829045 10.78441
v -0.7862451 2.3587518 10.78441
v -0.7862451 1.8345991 10.78441
v -0.26209235 2.3587518 10.78441
v -0.7862451 1.3104464 10.78441
v -0.26209235 1.8345991 10.78441
v 0.2620604 2.3587518 10.78441
v -1.3103979 0.2621409 10.78441
v -0.7862451 0.7862937 10.78441
v 0.2620604 1.8345991 10.78441
v 0.78621316 2.3587518 10.78441
v -0.26209235 1.3104464 10.78441
v -1.3103979 -0.26201186 10.78441
v -0.7862451 0.26214087 10.78441
v -0.26209235 0.7862937 10.78441
v 0.2620604 1.3104464 10.78441
v 0.78621316 1.8345991 10.78441
v -1.8345506 -0.7861645 10.78441
v -0.7862451 -0.2620119 10.78441
v -0.26209235 0.26214084 10.78441
v 0.2620604 0.7862936 10.78441
v 0.78621316 1.3104464 10.78441
v -1.3103979 -0.7861645 10.78441
v 1.3103659 2.3587518 10.78441
v 1.3103659 2.8829045 10.78441
v 0.78621316 2.8829045 10.78441
v 1.8345187 2.8829045 10.78441
v 1.8345187 2.3587518 10.78441
v 1.3103659 1.8345991 10.78441
v 1.8345187 1.8345991 10.78441
v 2.3586714 2.3587518 10.78441
v 2.3586714 1.834599 10.78441
v 1.3103659 1.3104464 10.78441
v 1.8345187 1.3104464 10.78441
v 0.78621316 0.7862936 10.78441
v 2.3586714 1.3104463 10.78441
v 2.8828242 1.834599 10.78441
v 2.8828242 1.3104463 10.78441
v 1.3103659 0.7862936 10.78441
v 0.2620604 0.2621408 10.78441
v 2.3586714 0.7862935 10.78441
v 2.8828242 0.7862935 10.78441
v 1.8345187 0.78629357 10.78441
v 0.78621316 0.2621408 10.78441
v -0.26209235 -0.26201192 10.78441
v 1.8345187 0.26214078 10.78441
v 2.3586714 0.26214075 10.78441
v 1.3103659 0.2621408 10.78441
v 0.2620604 -0.26201195 10.78441
v -0.7862451 -0.7861645 10.78441
v 1.8345187 -0.26201198 10.78441
v 2.3586714 -0.262012 10.78441
v 1.3103659 -0.26201195 10.78441
v 0.78621316 -0.26201195 10.78441
v -0.26209235 -0.7861645 10.78441
v 1.8345187 -0.78616464 10.78441
v 2.3586714 -0.78616464 10.78441
v 1.3103659 -0.78616464 10.78441
v 0.78621316 -0.7861646 10.78441
v 0.2620604 -0.7861645 10.78441
v -0.7862451 -1.3103173 10.78441
v -0.26209235 -1.3103173 10.78441
v 0.2620604 -1.3103173 10.78441
v 0.78621316 -1.3103173 10.78441
v 1.3103659 -1.3103173 10.78441
v 1.8345187 -1.3103173 10.78441
v -1.3103979 -1.3103173 10.78441
v 2.3586714 -1.3103173 10.78441
v 2.8828242 -0.7861647 10.78441
v 2.8828242 -1.3103174 10.78441
v 2.3586714 -1.83447 10.78441
v 2.8828242 -1.8344702 10.78441
v 1.8345187 -1.83447 10.78441
v 1.3103659 -1.83447 10.78441
v 0.78621316 -1.83447 10.78441
v 1.8345187 -2.3586228 10.78441
v 2.3586714 -2.3586228 10.78441
v 1.3103659 -2.3586228 10.78441
v 1.3103659 -2.8827755 10.78441
v 1.8345187 -2.8827755 10.78441
v 0.78621316 -2.8827755 10.78441
v 0.78621316 -2.3586228 10.78441
v 0.2620604 -2.3586228 10.78441
v 0.2620604 -1.83447 10.78441
v -0.26209235 -2.3586228 10.78441
v -0.26209235 -1.83447 10.78441
v -0.7862451 -2.3586228 10.78441
v -0.7862451 -1.83447 10.78441
v -1.3103979 -1.83447 10.78441
v -1.3103979 -2.3586228 10.78441
v -1.3103979 -2.8827755 10.78441
v -0.7862451 -2.8827755 10.78441
v -1.8345506 -2.8827755 10.78441
v -1.8345506 -2.3586228 10.78441
v -1.8345506 -1.83447 10.78441
v -2.3587034 -2.3586228 10.78441
v -2.3587034 -1.83447 10.78441
v -1.8345506 -1.3103173 10.78441
v -2.3587034 -1.3103173 10.78441
v -2.8828561 -1.83447 10.78441
v -2.8828561 -1.3103173 10.78441
v -2.8828561 -0.7861645 10.78441
v 0.2620604 2.3587518 10.78441
v 0.78621316 2.3587518 11.691224
v 0.78621316 2.3587518 10.78441
v 0.2620604 2.3587518 11.691224
v -0.26209235 2.3587518 10.78441
v -0.26209235 2.3587518 11.691224
v -0.7862451 2.3587518 10.78441
v -0.7862451 2.3587518 11.691224
v -3.4345355 2.185668 8.730744
v -3.4345355 2.185668 10.156882
v -3.4345355 1.5612098 10.156882
v -3.4345355 1.5612098 8.730744
v -3.4345355 0.93675166 10.156882
v -3.4345355 0.93675166 8.730744
v -3.4345355 -0.9366228 8.730744
v -3.4345355 -0.9366228 10.156882
v -3.4345355 -1.5610809 10.156882
v -3.4345355 -1.5610809 8.730744
v -3.4345355 -2.185539 10.156882
v -3.4345355 -2.185539 8.730744
v -3.4345355 -0.9366228 10.156882
v -4.3187575 -0.9366228 10.156882
v -4.3187575 -0.31216466 10.156882
v -3.4345355 -0.31216466 10.156882
v -4.3187575 0.31229353 10.156882
v -3.4345355 0.31229353 10.156882
v -4.3187575 0.93675166 10.156882
v -3.4345355 0.93675166 10.156882
v -2.8828561 -0.7861645 10.156882
v -2.8828561 -1.3103173 10.156882
v -2.8828561 -0.26201177 10.156882
v -3.4345355 -1.5610809 10.156882
v -2.8828561 0.262141 10.156882
v -2.8828561 -1.83447 10.156882
v -2.8828561 0.7862937 10.156882
v -3.4345355 1.5612098 10.156882
v -2.8828561 1.3104464 10.156882
v -3.4345355 -2.185539 10.156882
v -3.4345355 2.185668 10.156882
v -2.8828561 -2.3586228 10.156882
v -2.8828561 1.8345991 10.156882
v -3.4345355 -2.809997 10.156882
v -4.059775 -2.8107784 10.156882
v -2.8828561 -2.8827755 10.156882
v -4.059775 -3.4352365 10.156882
v -3.4345355 -3.4344552 10.156882
v -2.3587034 -2.8827755 10.156882
v -4.059775 -4.0596943 10.156882
v -2.8100774 -3.4344552 10.156882
v -1.8345506 -2.8827755 10.156882
v -3.4353168 -4.0596943 10.156882
v -2.1856194 -3.4344552 10.156882
v -2.8108587 -4.0596943 10.156882
v -1.3103979 -2.8827755 10.156882
v -1.5611613 -3.4344552 10.156882
v -0.7862451 -2.8827755 10.156882
v -0.93670315 -3.4344552 10.156882
v -0.26209235 -2.8827755 10.156882
v -0.312245 -3.4344552 10.156882
v -0.93670315 -4.318677 10.156882
v 0.2620604 -2.8827755 10.156882
v -0.312245 -4.318677 10.156882
v 0.31221312 -3.4344552 10.156882
v 0.78621316 -2.8827755 10.156882
v 0.31221312 -4.318677 10.156882
v 0.93667126 -3.4344552 10.156882
v 0.93667126 -4.318677 10.156882
v 1.3103659 -2.8827755 10.156882
v 1.5611293 -3.4344552 10.156882
v 1.8345187 -2.8827755 10.156882
v 2.1855874 -3.4344552 10.156882
v 2.3586714 -2.8827755 10.156882
v 2.8100455 -3.4344552 10.156882
v 2.8108268 -4.0596943 10.156882
v 2.8828242 -2.8827755 10.156882
v 3.4352849 -4.0596943 10.156882
v 3.4345036 -3.4344552 10.156882
v 2.8828242 -2.3586228 10.156882
v 4.059743 -4.0596943 10.156882
v 3.4345036 -2.809997 10.156882
v 2.8828242 -1.8344702 10.156882
v 4.059743 -3.4352365 10.156882
v 3.4345036 -2.185539 10.156882
v 4.059743 -2.8107784 10.156882
v 2.8828242 -1.3103174 10.156882
v 3.4345036 -1.5610808 10.156882
v 2.8828242 -0.7861647 10.156882
v 3.4345036 -0.9366227 10.156882
v 2.8828242 -0.262012 10.156882
v 3.4345036 -0.31216455 10.156882
v 4.3187256 -0.9366227 10.156882
v 2.8828242 0.26214075 10.156882
v 4.3187256 -0.31216455 10.156882
v 3.4345036 0.31229365 10.156882
v 2.8828242 0.7862935 10.156882
v 4.3187256 0.31229365 10.156882
v 3.4345036 0.9367518 10.156882
v 4.3187256 0.9367518 10.156882
v 2.8828242 1.3104463 10.156882
v 3.4345036 1.5612099 10.156882
v 2.8828242 1.834599 10.156882
v 3.4345036 2.185668 10.156882
v 2.8828242 2.3587518 10.156882
v 3.4345036 2.810126 10.156882
v 4.059743 2.8109074 10.156882
v 2.8828242 2.8829045 10.156882
v 4.059743 3.4353654 10.156882
v 3.4345036 3.4345841 10.156882
v 2.3586714 2.8829045 10.156882
v 4.059743 4.0598235 10.156882
v 2.8100455 3.4345841 10.156882
v 1.8345187 2.8829045 10.156882
v 3.4352849 4.0598235 10.156882
v 2.1855874 3.4345841 10.156882
v 2.8108268 4.0598235 10.156882
v 1.3103659 2.8829045 10.156882
v 1.5611293 3.4345841 10.156882
v 0.78621316 2.8829045 10.156882
v 0.9366712 3.4345841 10.156882
v 0.2620604 2.8829045 10.156882
v 0.31221306 3.4345841 10.156882
v 0.9366712 4.318806 10.156882
v -0.26209235 2.8829045 10.156882
v 0.31221306 4.318806 10.156882
v -0.31224507 3.4345841 10.156882
v -0.7862451 2.8829045 10.156882
v -0.31224507 4.318806 10.156882
v -0.9367032 3.4345841 10.156882
v -0.9367032 4.318806 10.156882
v -1.3103979 2.8829045 10.156882
v -1.5611613 3.4345841 10.156882
v -1.8345506 2.8829045 10.156882
v -2.1856194 3.4345841 10.156882
v -2.3587034 2.8829045 10.156882
v -2.8100774 3.4345841 10.156882
v -2.8108587 4.0598235 10.156882
v -2.8828561 2.8829045 10.156882
v -3.4353168 4.0598235 10.156882
v -3.4345355 3.4345841 10.156882
v -2.8828561 2.3587518 10.156882
v -4.059775 4.0598235 10.156882
v -3.4345355 2.810126 10.156882
v -4.059775 3.4353654 10.156882
v -4.059775 2.8109074 10.156882
v -3.4345355 -2.185539 10.156882
v -4.059775 -2.8107784 10.156882
v -4.059775 -2.8107784 8.730744
v -3.4345355 -2.185539 8.730744
v -0.93670315 -3.4344552 8.730744
v -0.93670315 -4.318677 8.730744
v -0.312245 -4.318677 8.730744
v -0.312245 -3.4344552 8.730744
v 0.31221312 -4.318677 8.730744
v 0.31221312 -3.4344552 8.730744
v 0.93667126 -4.318677 8.730744
v 0.93667126 -3.4344552 8.730744
v 3.4345036 -2.185539 8.730744
v 3.4345036 -2.185539 10.156882
v 3.4345036 -1.5610808 10.156882
v 3.4345036 -1.5610808 8.730744
v 3.4345036 -0.9366227 10.156882
v 3.4345036 -0.9366227 8.730744
v -3.4345355 -0.9366228 8.730744
v -4.3187575 -0.9366228 8.730744
v -4.3187575 -0.9366228 10.156882
v -3.4345355 -0.9366228 10.156882
v 3.4345036 0.9367518 8.730744
v 3.4345036 0.9367518 10.156882
v 3.4345036 1.5612099 10.156882
v 3.4345036 1.5612099 8.730744
v 3.4345036 2.185668 10.156882
v 3.4345036 2.185668 8.730744
v -3.979632 2.5518162 8.730744
v -3.979632 2.5518162 12.152874
v -5.55074 3.8372679 12.152874
v -5.55074 3.8372679 8.730744
v -5.55074 -3.8371391 8.730744
v -5.55074 -3.8371391 12.152874
v -3.979632 -2.5516872 12.152874
v -3.979632 -2.5516872 8.730744
v 6.0958047 3.8792233 10.141179
v 6.724602 3.0567095 10.141179
v 6.0958047 2.7708921 10.141179
v 6.724602 4.2793674 10.141179
v 6.0958047 4.9875546 10.141179
v 6.724602 5.502025 10.141179
v 6.0958047 6.0958853 10.141179
v 6.724602 6.724683 10.141179
v 4.987474 6.0958853 10.141179
v 5.5019445 6.724683 10.141179
v 3.879143 6.0958853 10.141179
v 4.2792864 6.724683 10.141179
v 2.770812 6.0958853 10.141179
v 3.0566287 6.724683 10.141179
v 0.55415 6.0958853 10.141179
v 0.55415 6.0958853 11.110609
v 0.61131287 6.724683 11.110609
v 0.61131287 6.724683 10.141179
v 6.0958047 1.6625612 10.141179
v 6.724602 1.8340516 10.141179
v 6.724602 0.6113937 10.141179
v 6.0958047 0.5542301 10.141179
v 6.0958047 -0.554101 10.141179
v 6.724602 -0.6112642 10.141179
v 6.724602 -1.8339221 10.141179
v 6.0958047 -1.6624321 10.141179
v 6.0958047 -2.770763 10.141179
v 6.724602 -3.05658 10.141179
v 6.724602 -4.2792377 10.141179
v 6.0958047 -3.8790941 10.141179
v 6.724602 -5.501896 10.141179
v 6.0958047 -4.987425 10.141179
v 6.724602 -6.7245536 10.141179
v 6.0958047 -6.095756 10.141179
v 5.5019445 -6.7245536 10.141179
v 4.9874735 -6.095756 10.141179
v 4.2792864 -6.7245536 10.141179
v 3.8791425 -6.095756 10.141179
v 3.0566287 -6.7245536 10.141179
v 2.7708116 -6.095756 10.141179
v -6.095836 -3.8790936 10.141179
v -6.724634 -3.05658 10.141179
v -6.095836 -2.7707624 10.141179
v -6.724634 -4.2792377 10.141179
v -6.095836 -4.987425 10.141179
v -6.724634 -5.501896 10.141179
v -6.095836 -6.095756 10.141179
v -6.724634 -6.7245536 10.141179
v -4.9875054 -6.095756 10.141179
v -5.5019765 -6.7245536 10.141179
v -3.8791745 -6.095756 10.141179
v -4.279319 -6.7245536 10.141179
v -2.7708435 -6.095756 10.141179
v -3.0566607 -6.7245536 10.141179
v -6.095836 -1.6624315 10.141179
v -6.724634 -1.8339221 10.141179
v -6.724634 -0.6112642 10.141179
v -6.095836 -0.5541004 10.141179
v -0.61134505 6.724683 10.141179
v -0.61134505 6.724683 11.110609
v -0.554181 6.0958853 11.110609
v -0.554181 6.0958853 10.141179
v -6.095836 0.5542306 10.141179
v -6.724634 0.6113937 10.141179
v -6.724634 1.8340515 10.141179
v -6.095836 1.6625615 10.141179
v -6.095836 2.7708926 10.141179
v -6.724634 3.0567093 10.141179
v -6.724634 4.2793674 10.141179
v -6.095836 3.8792236 10.141179
v -6.724634 5.502025 10.141179
v -6.095836 4.9875546 10.141179
v -6.724634 6.724683 10.141179
v -6.095836 6.0958853 10.141179
v -5.5019765 6.724683 10.141179
v -4.987505 6.0958853 10.141179
v -4.279319 6.724683 10.141179
v -3.879174 6.0958853 10.141179
v -3.056661 6.724683 10.141179
v -2.770843 6.0958853 10.141179
v 6.634618 8.109085 -0.24610665
v 8.10898 6.6347227 -0.24610665
v 8.10898 8.109085 -0.24610665
v 5.5019445 5.502025 -0.12608147
v 5.1602545 8.109085 -0.24610665
v 8.10898 5.1603603 -0.24610665
v 4.2792864 5.502025 -0.12608147
v 3.685892 8.109085 -0.24610665
v 5.5019445 4.2793674 -0.12608147
v 8.10898 3.6859972 -0.24610665
v 3.0566287 5.502025 -0.12608147
v 2.2115295 8.109085 -0.24610665
v 5.5019445 3.0567093 -0.12608147
v 8.10898 2.2116346 -0.24610665
v 4.2792864 4.2793674 -0.12608147
v 1.8339708 5.502025 -0.12608147
v 0.7371667 8.109085 -0.24610665
v 5.5019445 1.8340515 -0.12608147
v 8.10898 0.737272 -0.24610665
v 4.2792864 3.0567093 -0.12608147
v 3.0566287 4.2793674 -0.12608147
v 0.61131287 5.502025 -0.12608147
v -0.7371961 8.109085 -0.24610665
v 5.5019445 0.6113937 -0.12608147
v 8.10898 -0.73709077 -0.24610665
v 1.8339708 4.2793674 -0.12608147
v 4.2792864 1.8340515 -0.12608147
v 3.0566287 3.0567093 -0.12608147
v -0.61134505 5.502025 -0.12608147
v -2.2115586 8.109085 -0.24610665
v 5.5019445 -0.6112642 -0.12608147
v 8.10898 -2.2114534 -0.24610665
v 0.61131287 4.2793674 -0.12608147
v 1.8339708 3.0567093 -0.12608147
v 4.2792864 0.6113937 -0.12608147
v 3.0566287 1.8340515 -0.12608147
v -1.8340029 5.502025 -0.12608147
v -3.6859212 8.109085 -0.24610665
v 5.5019445 -1.8339221 -0.12608147
v 8.10898 -3.6858163 -0.24610665
v -0.61134505 4.2793674 -0.12608147
v 0.61131287 3.0567093 -0.12608147
v 1.8339708 1.8340515 -0.12608147
v 4.2792864 -0.6112642 -0.12608147
v 3.0566287 0.6113937 -0.12608147
v 5.5019445 -3.05658 -0.12608147
v 8.10898 -5.1601787 -0.24610665
v 4.2792864 -1.8339221 -0.12608147
v 3.0566287 -0.6112642 -0.12608147
v 1.8339708 0.6113937 -0.12608147
v 0.61131287 1.8340515 -0.12608147
v 5.5019445 -4.2792377 -0.12608147
v 8.10898 -6.634542 -0.24610665
v 4.2792864 -3.05658 -0.12608147
v 3.0566287 -1.8339221 -0.12608147
v 1.8339708 -0.6112642 -0.12608147
v 5.5019445 -5.501896 -0.12608147
v 8.10898 -8.108904 -0.24610665
v 6.634618 -8.108904 -0.24610665
v 4.2792864 -4.2792377 -0.12608147
v 4.2792864 -5.501896 -0.12608147
v 5.1602545 -8.108904 -0.24610665
v 3.0566287 -3.05658 -0.12608147
v 3.0566287 -4.2792377 -0.12608147
v 3.0566287 -5.501896 -0.12608147
v 3.685892 -8.108904 -0.24610665
v 1.8339708 -1.8339221 -0.12608147
v 1.8339708 -3.05658 -0.12608147
v 1.8339708 -4.2792377 -0.12608147
v 1.8339708 -5.501896 -0.12608147
v 2.2115295 -8.108904 -0.24610665
v 0.61131287 -5.501896 -0.12608147
v 0.7371667 -8.108904 -0.24610665
v 0.61131287 -4.2792377 -0.12608147
v 0.61131287 -3.05658 -0.12608147
v 0.61131287 -1.8339221 -0.12608147
v 0.61131287 -0.6112642 -0.12608147
v -0.61134505 -5.501896 -0.12608147
v -0.7371961 -8.108904 -0.24610665
v -0.61134505 -4.2792377 -0.12608147
v -0.61134505 -3.05658 -0.12608147
v -0.61134505 -1.8339221 -0.12608147
v -1.8340029 -5.501896 -0.12608147
v -2.2115588 -8.108904 -0.24610665
v -1.8340029 -4.2792377 -0.12608147
v -1.8340029 -3.05658 -0.12608147
v -3.0566607 -5.501896 -0.12608147
v -3.6859217 -8.108904 -0.24610665
v -3.0566607 -4.2792377 -0.12608147
v -4.279319 -5.501896 -0.12608147
v -5.1602845 -8.108904 -0.24610665
v -0.61134505 -0.6112642 -0.12608147
v -1.8340029 -1.8339221 -0.12608147
v -3.0566607 -3.05658 -0.12608147
v -4.279319 -4.2792377 -0.12608147
v -5.5019765 -5.501896 -0.12608147
v -6.634647 -8.108904 -0.24610665
v -8.10901 -6.634542 -0.24610665
v -8.10901 -8.108904 -0.24610665
v -8.10901 -5.1601787 -0.24610665
v -5.5019765 -4.2792377 -0.12608147
v -8.10901 -3.6858163 -0.24610665
v -5.5019765 -3.05658 -0.12608147
v -8.10901 -2.2114534 -0.24610665
v -4.279319 -3.05658 -0.12608147
v -5.5019765 -1.8339221 -0.12608147
v -8.10901 -0.73709077 -0.24610665
v -4.279319 -1.8339221 -0.12608147
v -5.5019765 -0.6112642 -0.12608147
v -8.10901 0.737272 -0.24610665
v -3.0566607 -1.8339221 -0.12608147
v -5.5019765 0.6113937 -0.12608147
v -8.10901 2.2116346 -0.24610665
v -4.279319 -0.6112642 -0.12608147
v -3.0566607 -0.6112642 -0.12608147
v -5.5019765 1.8340516 -0.12608147
v -8.10901 3.6859975 -0.24610665
v -4.279319 0.6113937 -0.12608147
v -1.8340029 -0.6112642 -0.12608147
v -5.5019765 3.0567093 -0.12608147
v -8.10901 5.1603603 -0.24610665
v -3.0566607 0.6113937 -0.12608147
v -4.279319 1.8340515 -0.12608147
v -1.8340029 0.6113937 -0.12608147
v -5.5019765 4.2793674 -0.12608147
v -8.10901 6.6347227 -0.24610665
v -3.0566607 1.8340515 -0.12608147
v -4.279319 3.0567093 -0.12608147
v -0.61134505 0.6113937 -0.12608147
v -5.5019765 5.502025 -0.12608147
v -8.10901 8.109085 -0.24610665
v -6.634647 8.109085 -0.24610665
v -4.279319 4.2793674 -0.12608147
v -4.279319 5.502025 -0.12608147
v -5.1602845 8.109085 -0.24610665
v -1.8340029 1.8340515 -0.12608147
v -3.0566607 3.0567093 -0.12608147
v 0.61131287 0.6113937 -0.12608147
v -0.61134505 1.8340515 -0.12608147
v -3.0566607 4.2793674 -0.12608147
v -3.0566607 5.502025 -0.12608147
v -1.8340029 3.0567093 -0.12608147
v -0.61134505 3.0567093 -0.12608147
v -1.8340029 4.2793674 -0.12608147
v 2.3586714 1.834599 10.78441
v 2.3586714 1.834599 11.691224
v 2.8828242 1.834599 11.691224
v 2.8828242 1.834599 10.78441
v -2.3587034 0.26214096 10.78441
v -2.3587034 0.7862937 11.691224
v -2.3587034 0.7862937 10.78441
v -2.3587034 0.26214096 11.691224
v -2.3587034 -0.2620118 10.78441
v -2.3587034 -0.2620118 11.691224
v -2.3587034 -0.7861645 10.78441
v -2.3587034 -0.7861645 11.691224
v -2.3587034 0.7862937 10.78441
v -2.3587034 0.7862937 11.691224
v -2.8828561 0.7862937 11.691224
v -2.8828561 0.7862937 10.78441
v 2.3586714 -0.262012 10.78441
v 2.3586714 -0.78616464 11.691224
v 2.3586714 -0.78616464 10.78441
v 2.3586714 -0.262012 11.691224
v 2.3586714 0.26214075 10.78441
v 2.3586714 0.26214075 11.691224
v 2.3586714 0.7862935 10.78441
v 2.3586714 0.7862935 11.691224
v -2.3587034 -1.83447 10.78441
v -2.3587034 -1.83447 11.691224
v -2.8828561 -1.83447 11.691224
v -2.8828561 -1.83447 10.78441
v -2.3587034 2.3587518 10.78441
v -2.3587034 2.3587518 11.691224
v -1.8345506 2.3587518 11.691224
v -1.8345506 2.3587518 10.78441
v 2.3586714 2.3587518 10.78441
v 2.3586714 2.3587518 11.691224
v 2.3586714 1.834599 11.691224
v 2.3586714 1.834599 10.78441
v 2.3586714 -1.83447 10.78441
v 2.3586714 -1.83447 11.691224
v 2.3586714 -2.3586228 11.691224
v 2.3586714 -2.3586228 10.78441
v 3.4345036 -2.809997 8.730744
v 4.059743 -2.8107784 8.730744
v 3.4345036 -2.185539 8.730744
v 4.059743 -3.4352365 8.730744
v 3.4345036 -3.4344552 8.730744
v 4.059743 -4.0596943 8.730744
v 2.8100455 -3.4344552 8.730744
v 3.4352849 -4.0596943 8.730744
v 2.1855874 -3.4344552 8.730744
v 2.8108268 -4.0596943 8.730744
v 2.1855874 3.4345841 8.730744
v 2.1855874 3.4345841 10.156882
v 1.5611293 3.4345841 10.156882
v 1.5611293 3.4345841 8.730744
v 0.9366712 3.4345841 10.156882
v 0.9366712 3.4345841 8.730744
v -3.4345355 0.93675166 10.156882
v -4.3187575 0.93675166 10.156882
v -4.3187575 0.93675166 8.730744
v -3.4345355 0.93675166 8.730744
v -0.9367032 3.4345841 8.730744
v -0.9367032 3.4345841 10.156882
v -1.5611613 3.4345841 10.156882
v -1.5611613 3.4345841 8.730744
v -2.1856194 3.4345841 10.156882
v -2.1856194 3.4345841 8.730744
v -2.1856194 -3.4344552 8.730744
v -2.1856194 -3.4344552 10.156882
v -1.5611613 -3.4344552 10.156882
v -1.5611613 -3.4344552 8.730744
v -0.93670315 -3.4344552 10.156882
v -0.93670315 -3.4344552 8.730744
v -2.1856194 3.4345841 10.156882
v -2.8108587 4.0598235 10.156882
v -2.8108587 4.0598235 8.730744
v -2.1856194 3.4345841 8.730744
v -3.4345355 2.185668 8.730744
v -4.059775 2.8109074 8.730744
v -4.059775 2.8109074 10.156882
v -3.4345355 2.185668 10.156882
v 3.4345036 -0.9366227 8.730744
v 4.3187256 -0.9366227 8.730744
v 4.3187256 -0.31216455 8.730744
v 3.4345036 -0.31216455 8.730744
v 4.3187256 0.31229365 8.730744
v 3.4345036 0.31229365 8.730744
v 4.3187256 0.9367518 8.730744
v 3.4345036 0.9367518 8.730744
v 0.93667126 -3.4344552 8.730744
v 0.93667126 -3.4344552 10.156882
v 1.5611293 -3.4344552 10.156882
v 1.5611293 -3.4344552 8.730744
v 2.1855874 -3.4344552 10.156882
v 2.1855874 -3.4344552 8.730744
v 6.0958047 -2.770763 10.141179
v 6.0958047 -2.770763 11.110609
v 6.724602 -3.05658 11.110609
v 6.724602 -3.05658 10.141179
v 1.6624806 -6.095756 10.141179
v 1.8339708 -6.7245536 10.141179
v 0.61131287 -6.7245536 10.141179
v 0.5541495 -6.095756 10.141179
v -1.6625121 6.0958853 10.141179
v -1.6625121 6.0958853 11.110609
v -1.834003 6.724683 11.110609
v -1.834003 6.724683 10.141179
v -0.55418146 -6.095756 10.141179
v -0.61134505 -6.7245536 10.141179
v -1.8340029 -6.7245536 10.141179
v -1.6625124 -6.095756 10.141179
v 6.724602 -1.8339221 10.141179
v 6.724602 -1.8339221 11.110609
v 6.0958047 -1.6624321 11.110609
v 6.0958047 -1.6624321 10.141179
v -1.6625121 6.0958853 10.141179
v -1.834003 6.724683 10.141179
v -0.61134505 6.724683 10.141179
v -0.554181 6.0958853 10.141179
v 0.55415 6.0958853 10.141179
v 0.61131287 6.724683 10.141179
v 1.8339708 6.724683 10.141179
v 1.662481 6.0958853 10.141179
v -3.056661 6.724683 10.141179
v -3.056661 6.724683 11.110609
v -2.770843 6.0958853 11.110609
v -2.770843 6.0958853 10.141179
v 6.0958047 2.7708921 11.110609
v 6.724602 3.0567095 11.110609
v 6.724602 1.8340516 11.110609
v 6.0958047 1.6625612 11.110609
v 6.0958047 0.5542301 11.110609
v 6.724602 0.6113937 11.110609
v 6.724602 -0.6112642 11.110609
v 6.0958047 -0.554101 11.110609
v 6.0958047 -1.6624321 11.110609
v 6.724602 -1.8339221 11.110609
v 6.724602 -3.05658 11.110609
v 6.0958047 -2.770763 11.110609
v -6.095836 -2.7707624 11.110609
v -6.724634 -3.05658 11.110609
v -6.724634 -1.8339221 11.110609
v -6.095836 -1.6624315 11.110609
v -6.095836 -0.5541004 11.110609
v -6.724634 -0.6112642 11.110609
v -6.724634 0.6113937 11.110609
v -6.095836 0.5542306 11.110609
v -6.095836 1.6625615 11.110609
v -6.724634 1.8340515 11.110609
v -6.724634 3.0567093 11.110609
v -6.095836 2.7708926 11.110609
v 2.7708116 -6.095756 11.110609
v 3.0566287 -6.7245536 11.110609
v 1.8339708 -6.7245536 11.110609
v 1.6624806 -6.095756 11.110609
v 0.5541495 -6.095756 11.110609
v 0.61131287 -6.7245536 11.110609
v -0.61134505 -6.7245536 11.110609
v -0.55418146 -6.095756 11.110609
v -1.6625124 -6.095756 11.110609
v -1.8340029 -6.7245536 11.110609
v -3.0566607 -6.7245536 11.110609
v -2.7708435 -6.095756 11.110609
v -2.770843 6.0958853 11.110609
v -3.056661 6.724683 11.110609
v -1.834003 6.724683 11.110609
v -1.6625121 6.0958853 11.110609
v -0.554181 6.0958853 11.110609
v -0.61134505 6.724683 11.110609
v 0.61131287 6.724683 11.110609
v 0.55415 6.0958853 11.110609
v 1.662481 6.0958853 11.110609
v 1.8339708 6.724683 11.110609
v 3.0566287 6.724683 11.110609
v 2.770812 6.0958853 11.110609
v 3.0566287 -6.7245536 10.141179
v 3.0566287 -6.7245536 11.110609
v 2.7708116 -6.095756 11.110609
v 2.7708116 -6.095756 10.141179
v 1.8339708 6.724683 10.141179
v 1.8339708 6.724683 11.110609
v 1.662481 6.0958853 11.110609
v 1.662481 6.0958853 10.141179
v 1.6624806 -6.095756 10.141179
v 1.6624806 -6.095756 11.110609
v 1.8339708 -6.7245536 11.110609
v 1.8339708 -6.7245536 10.141179
v 2.770812 6.0958853 10.141179
v 2.770812 6.0958853 11.110609
v 3.0566287 6.724683 11.110609
v 3.0566287 6.724683 10.141179
v 0.61131287 -6.7245536 10.141179
v 0.61131287 -6.7245536 11.110609
v 0.5541495 -6.095756 11.110609
v 0.5541495 -6.095756 10.141179
v -0.55418146 -6.095756 10.141179
v -0.55418146 -6.095756 11.110609
v -0.61134505 -6.7245536 11.110609
v -0.61134505 -6.7245536 10.141179
v -6.724634 -3.05658 10.141179
v -6.724634 -3.05658 11.110609
v -6.095836 -2.7707624 11.110609
v -6.095836 -2.7707624 10.141179
v -1.8340029 -6.7245536 10.141179
v -1.8340029 -6.7245536 11.110609
v -1.6625124 -6.095756 11.110609
v -1.6625124 -6.095756 10.141179
v -6.095836 -1.6624315 10.141179
v -6.095836 -1.6624315 11.110609
v -6.724634 -1.8339221 11.110609
v -6.724634 -1.8339221 10.141179
v -2.7708435 -6.095756 10.141179
v -2.7708435 -6.095756 11.110609
v -3.0566607 -6.7245536 11.110609
v -3.0566607 -6.7245536 10.141179
v -6.724634 -0.6112642 10.141179
v -6.724634 -0.6112642 11.110609
v -6.095836 -0.5541004 11.110609
v -6.095836 -0.5541004 10.141179
v -6.095836 0.5542306 10.141179
v -6.095836 0.5542306 11.110609
v -6.724634 0.6113937 11.110609
v -6.724634 0.6113937 10.141179
v 6.724602 3.0567095 10.141179
v 6.724602 3.0567095 11.110609
v 6.0958047 2.7708921 11.110609
v 6.0958047 2.7708921 10.141179
v -6.724634 1.8340515 10.141179
v -6.724634 1.8340515 11.110609
v -6.095836 1.6625615 11.110609
v -6.095836 1.6625615 10.141179
v 6.0958047 1.6625612 10.141179
v 6.0958047 1.6625612 11.110609
v 6.724602 1.8340516 11.110609
v 6.724602 1.8340516 10.141179
v -6.095836 2.7708926 10.141179
v -6.095836 2.7708926 11.110609
v -6.724634 3.0567093 11.110609
v -6.724634 3.0567093 10.141179
v 6.724602 0.6113937 10.141179
v 6.724602 0.6113937 11.110609
v 6.0958047 0.5542301 11.110609
v 6.0958047 0.5542301 10.141179
v 6.0958047 -0.554101 10.141179
v 6.0958047 -0.554101 11.110609
v 6.724602 -0.6112642 11.110609
v 6.724602 -0.6112642 10.141179
v -2.3587034 2.8829045 11.691224
v -2.8828561 2.3587518 11.691224
v -2.8828561 2.8829045 11.691224
v -2.3587034 2.3587518 11.691224
v -1.8345506 2.8829045 11.691224
v -1.8345506 2.3587518 11.691224
v -2.8828561 1.8345991 11.691224
v -2.3587034 1.8345991 11.691224
v -2.3587034 0.7862937 11.691224
v -2.8828561 0.262141 11.691224
v -2.8828561 0.7862937 11.691224
v -2.3587034 0.26214096 11.691224
v -2.8828561 -0.26201177 11.691224
v -2.3587034 -0.2620118 11.691224
v -2.8828561 -0.7861645 11.691224
v -2.3587034 -0.7861645 11.691224
v -2.3587034 -1.83447 11.691224
v -2.8828561 -2.3586228 11.691224
v -2.8828561 -1.83447 11.691224
v -2.3587034 -2.3586228 11.691224
v -2.8828561 -2.8827755 11.691224
v -2.3587034 -2.8827755 11.691224
v -1.8345506 -2.3586228 11.691224
v -1.8345506 -2.8827755 11.691224
v 2.8828242 -1.8344702 11.691224
v 2.3586714 -2.3586228 11.691224
v 2.3586714 -1.83447 11.691224
v 2.8828242 -2.3586228 11.691224
v 2.3586714 -2.8827755 11.691224
v 2.8828242 -2.8827755 11.691224
v 1.8345187 -2.8827755 11.691224
v 1.8345187 -2.3586228 11.691224
v 2.8828242 -0.262012 11.691224
v 2.8828242 -0.7861647 11.691224
v 2.3586714 -0.78616464 11.691224
v 2.3586714 -0.262012 11.691224
v 2.8828242 0.26214075 11.691224
v 2.3586714 0.26214075 11.691224
v 2.8828242 0.7862935 11.691224
v 2.3586714 0.7862935 11.691224
v 2.8828242 2.3587518 11.691224
v 2.8828242 1.834599 11.691224
v 2.3586714 1.834599 11.691224
v 2.3586714 2.3587518 11.691224
v 2.8828242 2.8829045 11.691224
v 2.3586714 2.8829045 11.691224
v 1.8345187 2.3587518 11.691224
v 1.8345187 2.8829045 11.691224
v 0.78621316 2.8829045 11.691224
v 0.78621316 2.3587518 11.691224
v 0.2620604 2.3587518 11.691224
v 0.2620604 2.8829045 11.691224
v -0.26209235 2.3587518 11.691224
v -0.26209235 2.8829045 11.691224
v -0.7862451 2.3587518 11.691224
v -0.7862451 2.8829045 11.691224
v 0.78621316 -2.3586228 11.691224
v 0.78621316 -2.8827755 11.691224
v 0.2620604 -2.8827755 11.691224
v 0.2620604 -2.3586228 11.691224
v -0.26209235 -2.8827755 11.691224
v -0.26209235 -2.3586228 11.691224
v -0.7862451 -2.8827755 11.691224
v -0.7862451 -2.3586228 11.691224
v 1.8345187 2.3587518 10.78441
v 1.8345187 2.3587518 11.691224
v 2.3586714 2.3587518 11.691224
v 2.3586714 2.3587518 10.78441
v -2.3587034 1.8345991 10.78441
v -2.3587034 1.8345991 11.691224
v -2.3587034 2.3587518 11.691224
v -2.3587034 2.3587518 10.78441
v -2.8828561 1.8345991 10.78441
v -2.8828561 1.8345991 11.691224
v -2.3587034 1.8345991 11.691224
v -2.3587034 1.8345991 10.78441
v 2.3586714 -0.78616464 10.78441
v 2.3586714 -0.78616464 11.691224
v 2.8828242 -0.7861647 11.691224
v 2.8828242 -0.7861647 10.78441
v 1.8345187 2.8829045 10.78441
v 1.8345187 2.8829045 11.691224
v 1.8345187 2.3587518 11.691224
v 1.8345187 2.3587518 10.78441
v -1.8345506 -2.3586228 10.78441
v -1.8345506 -2.3586228 11.691224
v -2.3587034 -2.3586228 11.691224
v -2.3587034 -2.3586228 10.78441
v 2.8828242 -1.8344702 10.78441
v 2.8828242 -1.8344702 11.691224
v 2.3586714 -1.83447 11.691224
v 2.3586714 -1.83447 10.78441
v 0.78621316 2.3587518 10.78441
v 0.78621316 2.3587518 11.691224
v 0.78621316 2.8829045 11.691224
v 0.78621316 2.8829045 10.78441
v 1.8345187 -2.3586228 10.78441
v 1.8345187 -2.3586228 11.691224
v 1.8345187 -2.8827755 11.691224
v 1.8345187 -2.8827755 10.78441
v -0.26209235 -2.3586228 10.78441
v -0.7862451 -2.3586228 11.691224
v -0.7862451 -2.3586228 10.78441
v -0.26209235 -2.3586228 11.691224
v 0.2620604 -2.3586228 10.78441
v 0.2620604 -2.3586228 11.691224
v 0.78621316 -2.3586228 10.78441
v 0.78621316 -2.3586228 11.691224
v -0.7862451 2.8829045 10.78441
v -0.7862451 2.8829045 11.691224
v -0.7862451 2.3587518 11.691224
v -0.7862451 2.3587518 10.78441
v 0.78621316 -2.8827755 10.78441
v 0.78621316 -2.8827755 11.691224
v 0.78621316 -2.3586228 11.691224
v 0.78621316 -2.3586228 10.78441
v -1.8345506 2.3587518 10.78441
v -1.8345506 2.3587518 11.691224
v -1.8345506 2.8829045 11.691224
v -1.8345506 2.8829045 10.78441
v -0.7862451 -2.3586228 10.78441
v -0.7862451 -2.3586228 11.691224
v -0.7862451 -2.8827755 11.691224
v -0.7862451 -2.8827755 10.78441
v 2.3586714 -2.3586228 10.78441
v 2.3586714 -2.3586228 11.691224
v 1.8345187 -2.3586228 11.691224
v 1.8345187 -2.3586228 10.78441
v -1.8345506 -2.8827755 10.78441
v -1.8345506 -2.8827755 11.691224
v -1.8345506 -2.3586228 11.691224
v -1.8345506 -2.3586228 10.78441
v 3.4352849 -4.0596943 8.730744
v 4.059743 -4.0596943 10.156882
v 4.059743 -4.0596943 8.730744
v 3.4352849 -4.0596943 10.156882
v 2.8108268 -4.0596943 8.730744
v 2.8108268 -4.0596943 10.156882
v -3.4353168 4.0598235 8.730744
v -4.059775 4.0598235 10.156882
v -4.059775 4.0598235 8.730744
v -3.4353168 4.0598235 10.156882
v -2.8108587 4.0598235 8.730744
v -2.8108587 4.0598235 10.156882
v 4.059743 3.4353654 8.730744
v 4.059743 4.0598235 10.156882
v 4.059743 4.0598235 8.730744
v 4.059743 3.4353654 10.156882
v 4.059743 2.8109074 8.730744
v 4.059743 2.8109074 10.156882
v -4.059775 -3.4352365 8.730744
v -4.059775 -4.0596943 10.156882
v -4.059775 -4.0596943 8.730744
v -4.059775 -3.4352365 10.156882
v -4.059775 -2.8107784 8.730744
v -4.059775 -2.8107784 10.156882
v -4.059775 4.0598235 8.730744
v -4.059775 4.0598235 10.156882
v -4.059775 3.4353654 10.156882
v -4.059775 3.4353654 8.730744
v -4.059775 2.8109074 10.156882
v -4.059775 2.8109074 8.730744
v -4.3187575 0.93675166 8.730744
v -4.3187575 0.93675166 10.156882
v -4.3187575 0.31229353 10.156882
v -4.3187575 0.31229353 8.730744
v -4.3187575 -0.31216466 10.156882
v -4.3187575 -0.31216466 8.730744
v -4.3187575 -0.9366228 10.156882
v -4.3187575 -0.9366228 8.730744
v 4.059743 -4.0596943 8.730744
v 4.059743 -4.0596943 10.156882
v 4.059743 -3.4352365 10.156882
v 4.059743 -3.4352365 8.730744
v 4.059743 -2.8107784 10.156882
v 4.059743 -2.8107784 8.730744
v 4.3187256 -0.9366227 8.730744
v 4.3187256 -0.9366227 10.156882
v 4.3187256 -0.31216455 10.156882
v 4.3187256 -0.31216455 8.730744
v 4.3187256 0.31229365 10.156882
v 4.3187256 0.31229365 8.730744
v 4.3187256 0.9367518 10.156882
v 4.3187256 0.9367518 8.730744
v 4.059743 4.0598235 8.730744
v 4.059743 4.0598235 10.156882
v 3.4352849 4.0598235 10.156882
v 3.4352849 4.0598235 8.730744
v 2.8108268 4.0598235 10.156882
v 2.8108268 4.0598235 8.730744
v 0.9366712 4.318806 8.730744
v 0.9366712 4.318806 10.156882
v 0.31221306 4.318806 10.156882
v 0.31221306 4.318806 8.730744
v -0.31224507 4.318806 10.156882
v -0.31224507 4.318806 8.730744
v -0.9367032 4.318806 10.156882
v -0.9367032 4.318806 8.730744
v -4.059775 -4.0596943 8.730744
v -4.059775 -4.0596943 10.156882
v -3.4353168 -4.0596943 10.156882
v -3.4353168 -4.0596943 8.730744
v -2.8108587 -4.0596943 10.156882
v -2.8108587 -4.0596943 8.730744
v -0.93670315 -4.318677 8.730744
v -0.93670315 -4.318677 10.156882
v -0.312245 -4.318677 10.156882
v -0.312245 -4.318677 8.730744
v 0.31221312 -4.318677 10.156882
v 0.31221312 -4.318677 8.730744
v 0.93667126 -4.318677 10.156882
v 0.93667126 -4.318677 8.730744
v -3.4345355 -0.31216466 8.730744
v -4.3187575 -0.9366228 8.730744
v -3.4345355 -0.9366228 8.730744
v -4.3187575 -0.31216466 8.730744
v -3.4345355 0.31229353 8.730744
v -4.3187575 0.31229353 8.730744
v -3.4345355 0.93675166 8.730744
v -4.3187575 0.93675166 8.730744
v 3.4345036 0.9367518 8.730744
v 4.3187256 0.9367518 8.730744
v 4.3187256 0.9367518 10.156882
v 3.4345036 0.9367518 10.156882
v -2.1856194 3.4345841 8.730744
v -2.8108587 4.0598235 8.730744
v -3.4353168 4.0598235 8.730744
v -2.8100774 3.4345841 8.730744
v -4.059775 4.0598235 8.730744
v -3.4345355 3.4345841 8.730744
v -4.059775 3.4353654 8.730744
v -3.4345355 2.810126 8.730744
v -4.059775 2.8109074 8.730744
v -3.4345355 2.185668 8.730744
v -2.1856194 -3.4344552 8.730744
v -2.8108587 -4.0596943 8.730744
v -2.8108587 -4.0596943 10.156882
v -2.1856194 -3.4344552 10.156882
v 3.4345036 2.185668 10.156882
v 4.059743 2.8109074 10.156882
v 4.059743 2.8109074 8.730744
v 3.4345036 2.185668 8.730744
v -0.93670315 -3.4344552 10.156882
v -0.93670315 -4.318677 10.156882
v -0.93670315 -4.318677 8.730744
v -0.93670315 -3.4344552 8.730744
v 2.1855874 3.4345841 8.730744
v 2.8108268 4.0598235 8.730744
v 2.8108268 4.0598235 10.156882
v 2.1855874 3.4345841 10.156882
v -0.31224507 3.4345841 8.730744
v -0.9367032 4.318806 8.730744
v -0.9367032 3.4345841 8.730744
v -0.31224507 4.318806 8.730744
v 0.31221306 3.4345841 8.730744
v 0.31221306 4.318806 8.730744
v 0.9366712 3.4345841 8.730744
v 0.9366712 4.318806 8.730744
v 3.4345036 2.185668 8.730744
v 4.059743 2.8109074 8.730744
v 4.059743 3.4353654 8.730744
v 3.4345036 2.810126 8.730744
v 4.059743 4.0598235 8.730744
v 3.4345036 3.4345841 8.730744
v 3.4352849 4.0598235 8.730744
v 2.8100455 3.4345841 8.730744
v 2.8108268 4.0598235 8.730744
v 2.1855874 3.4345841 8.730744
v 0.9366712 3.4345841 10.156882
v 0.9366712 4.318806 10.156882
v 0.9366712 4.318806 8.730744
v 0.9366712 3.4345841 8.730744
v 0.93667126 -3.4344552 8.730744
v 0.93667126 -4.318677 8.730744
v 0.93667126 -4.318677 10.156882
v 0.93667126 -3.4344552 10.156882
v 2.1855874 -3.4344552 10.156882
v 2.8108268 -4.0596943 10.156882
v 2.8108268 -4.0596943 8.730744
v 2.1855874 -3.4344552 8.730744
v -0.9367032 3.4345841 8.730744
v -0.9367032 4.318806 8.730744
v -0.9367032 4.318806 10.156882
v -0.9367032 3.4345841 10.156882
v -1.5243992 -1.5244 17.186836
v -1.5243992 1.5243976 17.186836
v -0.07038527 0.070384346 28.231956
v -0.07038527 -0.07038486 28.231956
v -1.5243992 1.5243976 17.186836
v 1.5243982 1.5243976 17.186836
v 0.07038394 0.07038435 28.231956
v -0.07038527 0.070384346 28.231956
v 1.5243982 1.5243976 17.186836
v 1.5243982 -1.5244 17.186836
v 0.07038394 -0.07038486 28.231956
v 0.07038394 0.07038435 28.231956
v 1.5243982 -1.5244 17.186836
v -1.5243992 -1.5244 17.186836
v -0.07038527 -0.07038486 28.231956
v 0.07038394 -0.07038486 28.231956
v 0.07038394 0.07038435 28.231956
v 0.22256503 0.22256447 28.394022
v -0.22256595 0.22256446 28.394022
v -0.07038527 0.070384346 28.231956
v 0.07038394 -0.07038486 28.231956
v 0.22256503 -0.22256652 28.394022
v 0.22256503 0.22256447 28.394022
v 0.07038394 0.07038435 28.231956
v -0.07038527 0.070384346 28.231956
v -0.22256595 0.22256446 28.394022
v -0.22256595 -0.22256652 28.394022
v -0.07038527 -0.07038486 28.231956
v -0.07038527 -0.07038486 28.231956
v -0.22256595 -0.22256652 28.394022
v 0.22256503 -0.22256652 28.394022
v 0.07038394 -0.07038486 28.231956
v -9.165995 -7.499347 2.9192038
v -9.537226 -9.537119 2.8021882
v -9.165995 -9.165888 2.9192038
v -9.61862 -7.6653347 2.8312278
v -9.165995 -5.832804 2.9192033
v -9.61862 -5.9619055 2.8312275
v -9.165995 -4.1662626 2.9192035
v -9.612864 -4.1731205 2.8645084
v -7.9241133 -2.1610258 2.9192033
v -8.351384 -2.1322007 2.9115913
v -7.9241133 -0.72028035 2.9192033
v -8.36236 -0.73622423 2.9299808
v -7.9241133 0.72046506 2.9192033
v -8.36236 0.73640966 2.9299808
v -7.9241133 2.16121 2.9192035
v -8.351384 2.132386 2.9115915
v -9.165995 4.1664476 2.9192035
v -9.612864 4.173306 2.8645086
v -9.165995 5.8329897 2.9192035
v -9.61862 5.9620914 2.8312278
v -9.165995 7.4995317 2.9192038
v -9.61862 7.6655197 2.8312278
v -9.165995 9.166073 2.9192033
v -9.537226 9.537305 2.8021874
v -7.4994526 9.166073 2.9192035
v -7.6654406 9.618698 2.8312273
v -5.832911 9.166073 2.9192035
v -5.962013 9.618698 2.8312273
v -4.1663685 9.166073 2.9192035
v -4.173227 9.612942 2.8645082
v -2.1611323 7.924191 2.9192035
v -2.1323078 8.351461 2.9115913
v -0.7203871 7.924191 2.9192033
v -0.7363314 8.362437 2.9299805
v 0.7203583 7.924191 2.9192033
v 0.7363025 8.362437 2.9299805
v 2.1611035 7.924191 2.9192035
v 2.1322792 8.351461 2.9115913
v 4.1663413 9.166073 2.9192033
v 4.173199 9.612942 2.864508
v 5.832883 9.166073 2.9192033
v 5.961984 9.618698 2.831227
v 7.499426 9.166073 2.9192035
v 7.6654134 9.618698 2.8312273
v 9.165967 9.166073 2.9192033
v 9.537198 9.537305 2.8021872
v 9.165967 7.4995317 2.9192035
v 9.618591 7.6655197 2.8312273
v 9.165967 5.8329897 2.9192035
v 9.618591 5.9620914 2.8312273
v 9.165967 4.166447 2.9192033
v 9.612836 4.1733055 2.8645082
v 7.924085 2.16121 2.9192033
v 8.351356 2.1323857 2.9115913
v 7.924085 0.72046506 2.9192033
v 8.362331 0.73640966 2.9299808
v 7.924085 -0.72028035 2.9192033
v 8.362331 -0.73622423 2.9299808
v 7.924085 -2.1610258 2.9192035
v 8.351356 -2.1322007 2.9115913
v 9.165967 -4.1662626 2.9192033
v 9.612836 -4.1731205 2.864508
v 9.165967 -5.832804 2.9192033
v 9.618591 -5.9619055 2.831227
v 9.165967 -7.499347 2.9192033
v 9.618591 -7.6653347 2.831227
v 9.165967 -9.165888 2.9192033
v 9.537198 -9.537119 2.8021874
v 7.499426 -9.165888 2.9192038
v 7.6654134 -9.618512 2.8312278
v 5.832883 -9.165888 2.9192035
v 5.961984 -9.618512 2.8312278
v 4.1663413 -9.165888 2.9192035
v 4.173199 -9.612756 2.8645086
v 2.1611035 -7.9240065 2.9192033
v 2.1322792 -8.351276 2.9115915
v 0.7203583 -7.9240065 2.9192033
v 0.7363025 -8.362253 2.929981
v -0.7203871 -7.9240065 2.9192033
v -0.7363314 -8.362253 2.929981
v -2.1611326 -7.9240065 2.9192033
v -2.132308 -8.351276 2.9115915
v -4.166369 -9.165888 2.9192035
v -4.1732273 -9.612756 2.8645086
v -5.832911 -9.165888 2.9192035
v -5.962013 -9.618512 2.8312278
v -7.4994526 -9.165888 2.9192033
v -7.6654406 -9.618512 2.8312275
v -9.165995 -9.165888 2.9192038
v -9.537226 -9.537119 2.8021882
v -7.638215 -9.335486 3.4059443
v -9.710579 -9.710471 3.4059443
v -9.335593 -9.335486 3.4059443
v -7.807274 -9.791864 3.4059443
v -5.9408374 -9.335486 3.4059443
v -6.0723276 -9.791864 3.4059443
v -4.243459 -9.335486 3.4059443
v -4.2731614 -9.790479 3.4059443
v -2.1530414 -7.8943386 3.4059443
v -2.1269643 -8.321833 3.4059443
v -0.71769 -7.8943386 3.4059443
v -0.7335746 -8.331928 3.4059443
v 0.7176613 -7.8943386 3.4059443
v 0.73354584 -8.331928 3.4059443
v 2.1530125 -7.8943386 3.4059443
v 2.1269352 -8.321833 3.4059443
v 4.243432 -9.335486 3.4059443
v 4.2731347 -9.790479 3.4059443
v 5.9408097 -9.335486 3.4059443
v 6.0723 -9.791864 3.4059443
v 7.638189 -9.335486 3.4059443
v 7.8072476 -9.791864 3.4059443
v 9.3355665 -9.335486 3.4059443
v 9.710551 -9.710471 3.4059443
v 9.3355665 -7.6381097 3.4059443
v 9.791945 -7.8071685 3.4059443
v 9.3355665 -5.9407306 3.4059443
v 9.791945 -6.0722203 3.4059443
v 9.3355665 -4.243353 3.4059443
v 9.790559 -4.2730546 3.4059443
v 7.894418 -2.1529343 3.4059443
v 8.321912 -2.1268568 3.4059443
v 7.894418 -0.71758306 3.4059443
v 8.332007 -0.7334673 3.4059443
v 7.894418 0.7177683 3.4059443
v 8.332007 0.73365325 3.4059443
v 7.894418 2.1531193 3.4059443
v 8.321912 2.1270423 3.4059443
v 9.3355665 4.243538 3.4059443
v 9.790559 4.2732406 3.4059443
v 9.3355665 5.9409165 3.4059443
v 9.791945 6.0724072 3.4059443
v 9.3355665 7.6382947 3.4059443
v 9.791945 7.807354 3.4059443
v 9.3355665 9.335672 3.4059443
v 9.710551 9.710658 3.4059443
v 7.638189 9.335672 3.4059443
v 7.8072476 9.792051 3.4059443
v 5.9408097 9.335672 3.4059443
v 6.0723 9.792051 3.4059443
v 4.243432 9.335672 3.4059443
v 4.2731347 9.790666 3.4059443
v 2.1530125 7.894524 3.4059443
v 2.1269352 8.322019 3.4059443
v 0.7176613 7.894524 3.4059443
v 0.73354584 8.332114 3.4059443
v -0.71769 7.894524 3.4059443
v -0.7335746 8.332114 3.4059443
v -2.1530411 7.894524 3.4059443
v -2.1269639 8.322019 3.4059443
v -4.2434587 9.335672 3.4059443
v -4.273161 9.790666 3.4059443
v -5.9408374 9.335672 3.4059443
v -6.0723276 9.792051 3.4059443
v -7.638215 9.335672 3.4059443
v -7.807274 9.792051 3.4059443
v -9.335593 9.335672 3.4059443
v -9.710579 9.710658 3.4059443
v -9.335593 7.6382947 3.4059443
v -9.791972 7.807354 3.4059443
v -9.335593 5.9409165 3.4059443
v -9.791972 6.0724072 3.4059443
v -9.335593 4.2435384 3.4059443
v -9.7905855 4.273241 3.4059443
v -7.894446 2.1531193 3.4059443
v -8.321939 2.1270425 3.4059443
v -7.894446 0.7177683 3.4059443
v -8.332035 0.73365325 3.4059443
v -7.894446 -0.71758306 3.4059443
v -8.332035 -0.7334673 3.4059443
v -7.894446 -2.1529343 3.4059443
v -8.321939 -2.1268568 3.4059443
v -9.335593 -4.243353 3.4059443
v -9.7905855 -4.2730546 3.4059443
v -9.335593 -5.9407306 3.4059443
v -9.791972 -6.0722203 3.4059443
v -9.335593 -7.6381097 3.4059443
v -9.791972 -7.8071685 3.4059443
v -9.335593 -9.335486 3.4059443
v -9.710579 -9.710471 3.4059443
v -8.5759325 8.576005 3.8157468
v -5.5514026 6.785102 4.7818494
v -6.785044 6.785102 4.7818494
v -7.0166745 8.576005 3.8157468
v -4.317761 6.785102 4.7818494
v -5.457417 8.576005 3.8157468
v -3.0841193 6.785102 4.7818494
v -3.8981588 8.576005 3.8157468
v -1.8504773 6.785102 4.7818494
v -2.0629249 7.5640917 3.8157468
v -0.61683565 6.785102 4.7818494
v -0.68765134 7.5640917 3.8157468
v 0.6168061 6.785102 4.7818494
v 0.68762237 7.5640917 3.8157468
v 1.8504479 6.785102 4.7818494
v 2.062896 7.5640917 3.8157468
v 3.0840898 6.785102 4.7818494
v 3.8981311 8.576005 3.8157468
v 4.3177314 6.785102 4.7818494
v 5.457389 8.576005 3.8157468
v 5.551373 6.785102 4.7818494
v 7.0166473 8.576005 3.8157468
v 6.7850146 6.785102 4.7818494
v 8.575905 8.576005 3.8157468
v 8.575905 -8.57583 3.8157468
v 5.551373 -6.784956 4.7818494
v 6.7850146 -6.784956 4.7818494
v 7.0166473 -8.57583 3.8157468
v 4.3177314 -6.784956 4.7818494
v 5.457389 -8.57583 3.8157468
v 3.0840898 -6.784956 4.7818494
v 3.8981311 -8.57583 3.8157468
v 1.8504479 -6.784956 4.7818494
v 2.062896 -7.5639176 3.8157468
v 0.6168061 -6.784956 4.7818494
v 0.68762237 -7.5639176 3.8157468
v -0.61683565 -6.784956 4.7818494
v -0.68765134 -7.5639176 3.8157468
v -1.8504776 -6.784956 4.7818494
v -2.062925 -7.5639176 3.8157468
v -3.0841193 -6.784956 4.7818494
v -3.898159 -8.57583 3.8157468
v -4.317761 -6.784956 4.7818494
v -5.457417 -8.57583 3.8157468
v -5.5514026 -6.784956 4.7818494
v -7.0166745 -8.57583 3.8157468
v -6.785044 -6.784956 4.7818494
v -8.5759325 -8.57583 3.8157468
v -8.5759325 -8.57583 3.8157468
v -6.785044 -5.551315 4.7818494
v -6.785044 -6.784956 4.7818494
v -8.5759325 -7.0165744 3.8157468
v -6.785044 -4.317673 4.7818494
v -8.5759325 -5.457316 3.8157468
v -6.785044 -3.0840313 4.7818494
v -8.5759325 -3.8980582 3.8157468
v -6.785044 -1.8503896 4.7818494
v -7.564019 -2.0628238 3.8157468
v -6.785044 -0.6167478 4.7818494
v -7.564019 -0.68755007 3.8157468
v -6.785044 0.616894 4.7818494
v -7.564019 0.6877237 3.8157468
v -6.785044 1.8505356 4.7818494
v -7.564019 2.062997 3.8157468
v -6.785044 3.0841775 4.7818494
v -8.5759325 3.898232 3.8157468
v -6.785044 4.3178196 4.7818494
v -8.5759325 5.45749 3.8157468
v -6.785044 5.5514607 4.7818494
v -8.5759325 7.016748 3.8157468
v -6.785044 6.785102 4.7818494
v -8.5759325 8.576005 3.8157468
v 8.575905 8.576005 3.8157468
v 6.7850146 5.5514607 4.7818494
v 6.7850146 6.785102 4.7818494
v 8.575905 7.016748 3.8157468
v 6.7850146 4.3178196 4.7818494
v 8.575905 5.45749 3.8157468
v 6.7850146 3.0841775 4.7818494
v 8.575905 3.8982315 3.8157468
v 6.7850146 1.8505356 4.7818494
v 7.5639906 2.062997 3.8157468
v 6.7850146 0.616894 4.7818494
v 7.5639906 0.6877237 3.8157468
v 6.7850146 -0.6167478 4.7818494
v 7.5639906 -0.68755007 3.8157468
v 6.7850146 -1.8503896 4.7818494
v 7.5639906 -2.0628238 3.8157468
v 6.7850146 -3.0840313 4.7818494
v 8.575905 -3.8980582 3.8157468
v 6.7850146 -4.317673 4.7818494
v 8.575905 -5.457316 3.8157468
v 6.7850146 -5.551315 4.7818494
v 8.575905 -7.0165744 3.8157468
v 6.7850146 -6.784956 4.7818494
v 8.575905 -8.57583 3.8157468
v -6.7691493 6.769204 5.780388
v -5.7982435 7.0867925 5.936434
v -7.086738 7.0867925 5.936434
v -5.5383983 6.769204 5.780388
v -4.5097485 7.0867925 5.936434
v -4.3076463 6.769204 5.780388
v -3.2212536 7.0867925 5.936434
v -3.076895 6.769204 5.780388
v -1.9327587 7.0867925 5.936434
v -1.8461435 6.769204 5.780388
v -0.6442638 7.0867925 5.936434
v -0.61539185 6.769204 5.780388
v 0.6442311 7.0867925 5.936434
v 0.6153597 6.769204 5.780388
v 1.932726 7.0867925 5.936434
v 1.8461113 6.769204 5.780388
v 3.221221 7.0867925 5.936434
v 3.076863 6.769204 5.780388
v 4.5097156 7.0867925 5.936434
v 4.3076143 6.769204 5.780388
v 5.7982106 7.0867925 5.936434
v 5.538366 6.769204 5.780388
v 7.0867057 7.0867925 5.936434
v 6.769118 6.769204 5.780388
v -7.086738 7.0867925 5.936434
v -5.780984 7.065695 6.719486
v -7.0656433 7.065695 6.719486
v -5.7982435 7.0867925 5.936434
v -4.4963245 7.065695 6.719486
v -4.5097485 7.0867925 5.936434
v -3.2116654 7.065695 6.719486
v -3.2212536 7.0867925 5.936434
v -1.9270059 7.065695 6.719486
v -1.9327587 7.0867925 5.936434
v -0.6423465 7.065695 6.719486
v -0.6442638 7.0867925 5.936434
v 0.64231294 7.065695 6.719486
v 0.6442311 7.0867925 5.936434
v 1.9269724 7.065695 6.719486
v 1.932726 7.0867925 5.936434
v 3.2116318 7.065695 6.719486
v 3.221221 7.0867925 5.936434
v 4.496291 7.065695 6.719486
v 4.5097156 7.0867925 5.936434
v 5.7809505 7.065695 6.719486
v 5.7982106 7.0867925 5.936434
v 7.0656095 7.065695 6.719486
v 7.0867057 7.0867925 5.936434
v 6.769118 -6.769062 5.780388
v 5.7982106 -7.08665 5.936434
v 7.0867057 -7.08665 5.936434
v 5.538366 -6.769062 5.780388
v 4.5097156 -7.08665 5.936434
v 4.3076143 -6.769062 5.780388
v 3.221221 -7.08665 5.936434
v 3.076863 -6.769062 5.780388
v 1.932726 -7.08665 5.936434
v 1.8461113 -6.769062 5.780388
v 0.6442311 -7.08665 5.936434
v 0.6153597 -6.769062 5.780388
v -0.6442638 -7.08665 5.936434
v -0.61539185 -6.769062 5.780388
v -1.9327587 -7.08665 5.936434
v -1.8461435 -6.769062 5.780388
v -3.2212536 -7.08665 5.936434
v -3.076895 -6.769062 5.780388
v -4.5097485 -7.08665 5.936434
v -4.3076463 -6.769062 5.780388
v -5.7982435 -7.08665 5.936434
v -5.5383983 -6.769062 5.780388
v -7.0867376 -7.08665 5.936434
v -6.769149 -6.769062 5.780388
v 7.0867057 -7.08665 5.936434
v 5.7809505 -7.065558 6.719486
v 7.0656095 -7.065558 6.719486
v 5.7982106 -7.08665 5.936434
v 4.496291 -7.065558 6.719486
v 4.5097156 -7.08665 5.936434
v 3.2116318 -7.065558 6.719486
v 3.221221 -7.08665 5.936434
v 1.9269724 -7.065558 6.719486
v 1.932726 -7.08665 5.936434
v 0.64231294 -7.065558 6.719486
v 0.6442311 -7.08665 5.936434
v -0.6423465 -7.065558 6.719486
v -0.6442638 -7.08665 5.936434
v -1.9270059 -7.065558 6.719486
v -1.9327587 -7.08665 5.936434
v -3.2116652 -7.065558 6.719486
v -3.2212536 -7.08665 5.936434
v -4.4963245 -7.065558 6.719486
v -4.5097485 -7.08665 5.936434
v -5.780984 -7.065558 6.719486
v -5.7982435 -7.08665 5.936434
v -7.0656433 -7.0655584 6.719486
v -7.0867376 -7.08665 5.936434
v -6.769149 -6.769062 5.780388
v -7.086738 -5.7981553 5.936434
v -7.0867376 -7.08665 5.936434
v -6.7691493 -5.538311 5.780388
v -7.086738 -4.5096602 5.936434
v -6.7691493 -4.307559 5.780388
v -7.086738 -3.221166 5.936434
v -6.7691493 -3.076808 5.780388
v -7.086738 -1.9326708 5.936434
v -6.7691493 -1.8460563 5.780388
v -7.086738 -0.64417595 5.936434
v -6.7691493 -0.61530465 5.780388
v -7.086738 0.64431894 5.936434
v -6.7691493 0.6154469 5.780388
v -7.086738 1.9328136 5.936434
v -6.7691493 1.8461983 5.780388
v -7.086738 3.2213085 5.936434
v -6.7691493 3.0769498 5.780388
v -7.086738 4.509804 5.936434
v -6.7691493 4.307702 5.780388
v -7.086738 5.7982984 5.936434
v -6.7691493 5.538453 5.780388
v -7.086738 7.0867925 5.936434
v -6.7691493 6.769204 5.780388
v -7.0867376 -7.08665 5.936434
v -7.0656433 -5.7808986 6.719486
v -7.0656433 -7.0655584 6.719486
v -7.086738 -5.7981553 5.936434
v -7.0656433 -4.496239 6.719486
v -7.086738 -4.5096602 5.936434
v -7.0656433 -3.21158 6.719486
v -7.086738 -3.221166 5.936434
v -7.0656433 -1.9269205 6.719486
v -7.086738 -1.9326708 5.936434
v -7.0656433 -0.64226115 6.719486
v -7.086738 -0.64417595 5.936434
v -7.0656433 0.6423983 6.719486
v -7.086738 0.64431894 5.936434
v -7.0656433 1.9270576 6.719486
v -7.086738 1.9328136 5.936434
v -7.0656433 3.211717 6.719486
v -7.086738 3.2213085 5.936434
v -7.0656433 4.4963765 6.719486
v -7.086738 4.509804 5.936434
v -7.0656433 5.781036 6.719486
v -7.086738 5.7982984 5.936434
v -7.0656433 7.065695 6.719486
v -7.086738 7.0867925 5.936434
v 6.769118 6.769204 5.780388
v 7.0867057 5.7982984 5.936434
v 7.0867057 7.0867925 5.936434
v 6.769118 5.538453 5.780388
v 7.0867057 4.509804 5.936434
v 6.769118 4.307702 5.780388
v 7.0867057 3.2213087 5.936434
v 6.769118 3.07695 5.780388
v 7.0867057 1.9328138 5.936434
v 6.769118 1.8461984 5.780388
v 7.0867057 0.64431894 5.936434
v 6.769118 0.6154469 5.780388
v 7.0867057 -0.64417595 5.936434
v 6.769118 -0.61530465 5.780388
v 7.0867057 -1.9326708 5.936434
v 6.769118 -1.8460563 5.780388
v 7.0867057 -3.221166 5.936434
v 6.769118 -3.076808 5.780388
v 7.0867057 -4.5096602 5.936434
v 6.769118 -4.307559 5.780388
v 7.0867057 -5.7981553 5.936434
v 6.769118 -5.538311 5.780388
v 7.0867057 -7.08665 5.936434
v 6.769118 -6.769062 5.780388
v 7.0867057 7.0867925 5.936434
v 7.0656095 5.781036 6.719486
v 7.0656095 7.065695 6.719486
v 7.0867057 5.7982984 5.936434
v 7.0656095 4.4963765 6.719486
v 7.0867057 4.509804 5.936434
v 7.0656095 3.2117171 6.719486
v 7.0867057 3.2213087 5.936434
v 7.0656095 1.9270577 6.719486
v 7.0867057 1.9328138 5.936434
v 7.0656095 0.6423983 6.719486
v 7.0867057 0.64431894 5.936434
v 7.0656095 -0.64226115 6.719486
v 7.0867057 -0.64417595 5.936434
v 7.0656095 -1.9269205 6.719486
v 7.0867057 -1.9326708 5.936434
v 7.0656095 -3.21158 6.719486
v 7.0867057 -3.221166 5.936434
v 7.0656095 -4.496239 6.719486
v 7.0867057 -4.5096602 5.936434
v 7.0656095 -5.7808986 6.719486
v 7.0867057 -5.7981553 5.936434
v 7.0656095 -7.065558 6.719486
v 7.0867057 -7.08665 5.936434
v -7.0656433 7.065695 6.719486
v -5.517532 6.7436976 6.910276
v -6.743646 6.7436976 6.910276
v -5.780984 7.065695 6.719486
v -4.291417 6.7436976 6.910276
v -4.4963245 7.065695 6.719486
v -3.0653028 6.7436976 6.910276
v -3.2116654 7.065695 6.719486
v -1.8391883 6.7436976 6.910276
v -1.9270059 7.065695 6.719486
v -0.61307377 6.7436976 6.910276
v -0.6423465 7.065695 6.719486
v 0.6130408 6.7436976 6.910276
v 0.64231294 7.065695 6.719486
v 1.8391553 6.7436976 6.910276
v 1.9269724 7.065695 6.719486
v 3.06527 6.7436976 6.910276
v 3.2116318 7.065695 6.719486
v 4.2913847 6.7436976 6.910276
v 4.496291 7.065695 6.719486
v 5.517499 6.7436976 6.910276
v 5.7809505 7.065695 6.719486
v 6.743613 6.7436976 6.910276
v 7.0656095 7.065695 6.719486
v 7.0656095 -7.065558 6.719486
v 5.517499 -6.743562 6.910276
v 6.743613 -6.743562 6.910276
v 5.7809505 -7.065558 6.719486
v 4.2913847 -6.743562 6.910276
v 4.496291 -7.065558 6.719486
v 3.06527 -6.743562 6.910276
v 3.2116318 -7.065558 6.719486
v 1.8391553 -6.743562 6.910276
v 1.9269724 -7.065558 6.719486
v 0.6130408 -6.743562 6.910276
v 0.64231294 -7.065558 6.719486
v -0.61307377 -6.743562 6.910276
v -0.6423465 -7.065558 6.719486
v -1.8391883 -6.743562 6.910276
v -1.9270059 -7.065558 6.719486
v -3.0653026 -6.743562 6.910276
v -3.2116652 -7.065558 6.719486
v -4.291417 -6.743562 6.910276
v -4.4963245 -7.065558 6.719486
v -5.517532 -6.743562 6.910276
v -5.780984 -7.065558 6.719486
v -6.743646 -6.7435627 6.910276
v -7.0656433 -7.0655584 6.719486
v -7.0656433 -7.0655584 6.719486
v -6.743646 -5.517447 6.910276
v -6.743646 -6.7435627 6.910276
v -7.0656433 -5.7808986 6.719486
v -6.743646 -4.2913327 6.910276
v -7.0656433 -4.496239 6.719486
v -6.743646 -3.0652184 6.910276
v -7.0656433 -3.21158 6.719486
v -6.743646 -1.8391038 6.910276
v -7.0656433 -1.9269205 6.719486
v -6.743646 -0.61298925 6.910276
v -7.0656433 -0.64226115 6.719486
v -6.743646 0.6131253 6.910276
v -7.0656433 0.6423983 6.719486
v -6.743646 1.8392398 6.910276
v -7.0656433 1.9270576 6.719486
v -6.743646 3.065354 6.910276
v -7.0656433 3.211717 6.719486
v -6.743646 4.291469 6.910276
v -7.0656433 4.4963765 6.719486
v -6.743646 5.5175834 6.910276
v -7.0656433 5.781036 6.719486
v -6.743646 6.7436976 6.910276
v -7.0656433 7.065695 6.719486
v 7.0656095 7.065695 6.719486
v 6.743613 5.5175834 6.910276
v 6.743613 6.7436976 6.910276
v 7.0656095 5.781036 6.719486
v 6.743613 4.291469 6.910276
v 7.0656095 4.4963765 6.719486
v 6.743613 3.0653546 6.910276
v 7.0656095 3.2117171 6.719486
v 6.743613 1.83924 6.910276
v 7.0656095 1.9270577 6.719486
v 6.743613 0.6131253 6.910276
v 7.0656095 0.6423983 6.719486
v 6.743613 -0.61298925 6.910276
v 7.0656095 -0.64226115 6.719486
v 6.743613 -1.8391038 6.910276
v 7.0656095 -1.9269205 6.719486
v 6.743613 -3.0652184 6.910276
v 7.0656095 -3.21158 6.719486
v 6.743613 -4.2913327 6.910276
v 7.0656095 -4.496239 6.719486
v 6.743613 -5.5174475 6.910276
v 7.0656095 -5.7808986 6.719486
v 6.743613 -6.743562 6.910276
v 7.0656095 -7.065558 6.719486
v -6.785044 5.5514607 4.7818494
v -6.785044 6.785102 4.7818494
v -6.7691493 6.769204 5.780388
v -6.7691493 5.538453 5.780388
v -6.785044 4.3178196 4.7818494
v -6.7691493 4.307702 5.780388
v -6.785044 3.0841775 4.7818494
v -6.7691493 3.0769498 5.780388
v -6.785044 1.8505356 4.7818494
v -6.7691493 1.8461983 5.780388
v -6.785044 0.616894 4.7818494
v -6.7691493 0.6154469 5.780388
v -6.785044 -0.6167478 4.7818494
v -6.7691493 -0.61530465 5.780388
v -6.785044 -1.8503896 4.7818494
v -6.7691493 -1.8460563 5.780388
v -6.785044 -3.0840313 4.7818494
v -6.7691493 -3.076808 5.780388
v -6.785044 -4.317673 4.7818494
v -6.7691493 -4.307559 5.780388
v -6.785044 -5.551315 4.7818494
v -6.7691493 -5.538311 5.780388
v -6.785044 -6.784956 4.7818494
v -6.769149 -6.769062 5.780388
v 5.551373 6.785102 4.7818494
v 6.7850146 6.785102 4.7818494
v 6.769118 6.769204 5.780388
v 5.538366 6.769204 5.780388
v 4.3177314 6.785102 4.7818494
v 4.3076143 6.769204 5.780388
v 3.0840898 6.785102 4.7818494
v 3.076863 6.769204 5.780388
v 1.8504479 6.785102 4.7818494
v 1.8461113 6.769204 5.780388
v 0.6168061 6.785102 4.7818494
v 0.6153597 6.769204 5.780388
v -0.61683565 6.785102 4.7818494
v -0.61539185 6.769204 5.780388
v -1.8504773 6.785102 4.7818494
v -1.8461435 6.769204 5.780388
v -3.0841193 6.785102 4.7818494
v -3.076895 6.769204 5.780388
v -4.317761 6.785102 4.7818494
v -4.3076463 6.769204 5.780388
v -5.5514026 6.785102 4.7818494
v -5.5383983 6.769204 5.780388
v -6.785044 6.785102 4.7818494
v -6.7691493 6.769204 5.780388
v 6.7850146 -5.551315 4.7818494
v 6.7850146 -6.784956 4.7818494
v 6.769118 -6.769062 5.780388
v 6.769118 -5.538311 5.780388
v 6.7850146 -4.317673 4.7818494
v 6.769118 -4.307559 5.780388
v 6.7850146 -3.0840313 4.7818494
v 6.769118 -3.076808 5.780388
v 6.7850146 -1.8503896 4.7818494
v 6.769118 -1.8460563 5.780388
v 6.7850146 -0.6167478 4.7818494
v 6.769118 -0.61530465 5.780388
v 6.7850146 0.616894 4.7818494
v 6.769118 0.6154469 5.780388
v 6.7850146 1.8505356 4.7818494
v 6.769118 1.8461984 5.780388
v 6.7850146 3.0841775 4.7818494
v 6.769118 3.07695 5.780388
v 6.7850146 4.3178196 4.7818494
v 6.769118 4.307702 5.780388
v 6.7850146 5.5514607 4.7818494
v 6.769118 5.538453 5.780388
v 6.7850146 6.785102 4.7818494
v 6.769118 6.769204 5.780388
v -5.5514026 -6.784956 4.7818494
v -6.785044 -6.784956 4.7818494
v -6.769149 -6.769062 5.780388
v -5.5383983 -6.769062 5.780388
v -4.317761 -6.784956 4.7818494
v -4.3076463 -6.769062 5.780388
v -3.0841193 -6.784956 4.7818494
v -3.076895 -6.769062 5.780388
v -1.8504776 -6.784956 4.7818494
v -1.8461435 -6.769062 5.780388
v -0.61683565 -6.784956 4.7818494
v -0.61539185 -6.769062 5.780388
v 0.6168061 -6.784956 4.7818494
v 0.6153597 -6.769062 5.780388
v 1.8504479 -6.784956 4.7818494
v 1.8461113 -6.769062 5.780388
v 3.0840898 -6.784956 4.7818494
v 3.076863 -6.769062 5.780388
v 4.3177314 -6.784956 4.7818494
v 4.3076143 -6.769062 5.780388
v 5.551373 -6.784956 4.7818494
v 5.538366 -6.769062 5.780388
v 6.7850146 -6.784956 4.7818494
v 6.769118 -6.769062 5.780388
v -3.979632 -2.5516872 12.152874
v -5.55074 -3.8371391 12.152874
v -5.55074 -3.8790936 12.152874
v -3.979632 -2.185539 12.152874
v -5.55074 -2.7707624 12.152874
v -3.979632 -1.5610809 12.152874
v -5.55074 -1.6624315 12.152874
v -3.979632 -0.9366228 12.152874
v -5.55074 -0.5541004 12.152874
v -3.979632 -0.31216466 12.152874
v -5.55074 0.5542306 12.152874
v -3.979632 0.31229353 12.152874
v -5.55074 1.6625615 12.152874
v -3.979632 0.93675166 12.152874
v -5.55074 2.7708926 12.152874
v -3.979632 1.5612098 12.152874
v -5.55074 3.8792236 12.152874
v -3.979632 2.185668 12.152874
v -5.55074 3.8372679 12.152874
v -3.979632 2.5518162 12.152874
v -5.55074 3.8792236 8.730744
v -5.55074 3.8792236 12.152874
v -5.55074 2.7708926 12.152874
v -5.55074 2.7708926 8.730744
v -5.55074 1.6625615 12.152874
v -5.55074 1.6625615 8.730744
v -5.55074 0.5542306 12.152874
v -5.55074 0.5542306 8.730744
v -5.55074 -0.5541004 12.152874
v -5.55074 -0.5541004 8.730744
v -5.55074 -1.6624315 12.152874
v -5.55074 -1.6624315 8.730744
v -5.55074 -2.7707624 12.152874
v -5.55074 -2.7707624 8.730744
v -5.55074 -3.8790936 12.152874
v -5.55074 -3.8790936 8.730744
v -5.55074 -3.8790936 8.730744
v -5.55074 -3.8790936 12.152874
v -5.55074 -3.8371391 12.152874
v -5.55074 -3.8371391 8.730744
v -5.55074 3.8372679 8.730744
v -5.55074 3.8372679 12.152874
v -5.55074 3.8792236 12.152874
v -5.55074 3.8792236 8.730744
v -3.979632 -2.5516872 8.730744
v -3.979632 -2.5516872 12.152874
v -3.979632 -2.185539 12.152874
v -3.979632 -2.185539 8.730744
v -3.979632 -1.5610809 12.152874
v -3.979632 -1.5610809 8.730744
v -3.979632 -0.9366228 12.152874
v -3.979632 -0.9366228 8.730744
v -3.979632 -0.31216466 12.152874
v -3.979632 -0.31216466 8.730744
v -3.979632 0.31229353 12.152874
v -3.979632 0.31229353 8.730744
v -3.979632 0.93675166 12.152874
v -3.979632 0.93675166 8.730744
v -3.979632 1.5612098 12.152874
v -3.979632 1.5612098 8.730744
v -3.979632 2.185668 12.152874
v -3.979632 2.185668 8.730744
v -3.979632 2.5518162 12.152874
v -3.979632 2.5518162 8.730744
v -8.10901 6.6347227 -0.24610665
v -8.10901 8.109085 -0.24610665
v -9.165995 9.166073 2.9192033
v -9.165995 7.4995317 2.9192038
v -8.10901 5.1603603 -0.24610665
v -9.165995 5.8329897 2.9192035
v -8.10901 3.6859975 -0.24610665
v -9.165995 4.1664476 2.9192035
v -8.10901 2.2116346 -0.24610665
v -7.9241133 2.16121 2.9192035
v -8.10901 0.737272 -0.24610665
v -7.9241133 0.72046506 2.9192033
v -8.10901 -0.73709077 -0.24610665
v -7.9241133 -0.72028035 2.9192033
v -8.10901 -2.2114534 -0.24610665
v -7.9241133 -2.1610258 2.9192033
v -8.10901 -3.6858163 -0.24610665
v -9.165995 -4.1662626 2.9192035
v -8.10901 -5.1601787 -0.24610665
v -9.165995 -5.832804 2.9192033
v -8.10901 -6.634542 -0.24610665
v -9.165995 -7.499347 2.9192038
v -8.10901 -8.108904 -0.24610665
v -9.165995 -9.165888 2.9192038
v 6.634618 8.109085 -0.24610665
v 8.10898 8.109085 -0.24610665
v 9.165967 9.166073 2.9192033
v 7.499426 9.166073 2.9192035
v 5.1602545 8.109085 -0.24610665
v 5.832883 9.166073 2.9192033
v 3.685892 8.109085 -0.24610665
v 4.1663413 9.166073 2.9192033
v 2.2115295 8.109085 -0.24610665
v 2.1611035 7.924191 2.9192035
v 0.7371667 8.109085 -0.24610665
v 0.7203583 7.924191 2.9192033
v -0.7371961 8.109085 -0.24610665
v -0.7203871 7.924191 2.9192033
v -2.2115586 8.109085 -0.24610665
v -2.1611323 7.924191 2.9192035
v -3.6859212 8.109085 -0.24610665
v -4.1663685 9.166073 2.9192035
v -5.1602845 8.109085 -0.24610665
v -5.832911 9.166073 2.9192035
v -6.634647 8.109085 -0.24610665
v -7.4994526 9.166073 2.9192035
v -8.10901 8.109085 -0.24610665
v -9.165995 9.166073 2.9192033
v 8.10898 -6.634542 -0.24610665
v 8.10898 -8.108904 -0.24610665
v 9.165967 -9.165888 2.9192033
v 9.165967 -7.499347 2.9192033
v 8.10898 -5.1601787 -0.24610665
v 9.165967 -5.832804 2.9192033
v 8.10898 -3.6858163 -0.24610665
v 9.165967 -4.1662626 2.9192033
v 8.10898 -2.2114534 -0.24610665
v 7.924085 -2.1610258 2.9192035
v 8.10898 -0.73709077 -0.24610665
v 7.924085 -0.72028035 2.9192033
v 8.10898 0.737272 -0.24610665
v 7.924085 0.72046506 2.9192033
v 8.10898 2.2116346 -0.24610665
v 7.924085 2.16121 2.9192033
v 8.10898 3.6859972 -0.24610665
v 9.165967 4.166447 2.9192033
v 8.10898 5.1603603 -0.24610665
v 9.165967 5.8329897 2.9192035
v 8.10898 6.6347227 -0.24610665
v 9.165967 7.4995317 2.9192035
v 8.10898 8.109085 -0.24610665
v 9.165967 9.166073 2.9192033
v -6.634647 -8.108904 -0.24610665
v -8.10901 -8.108904 -0.24610665
v -9.165995 -9.165888 2.9192038
v -7.4994526 -9.165888 2.9192033
v -5.1602845 -8.108904 -0.24610665
v -5.832911 -9.165888 2.9192035
v -3.6859217 -8.108904 -0.24610665
v -4.166369 -9.165888 2.9192035
v -2.2115588 -8.108904 -0.24610665
v -2.1611326 -7.9240065 2.9192033
v -0.7371961 -8.108904 -0.24610665
v -0.7203871 -7.9240065 2.9192033
v 0.7371667 -8.108904 -0.24610665
v 0.7203583 -7.9240065 2.9192033
v 2.2115295 -8.108904 -0.24610665
v 2.1611035 -7.9240065 2.9192033
v 3.685892 -8.108904 -0.24610665
v 4.1663413 -9.165888 2.9192035
v 5.1602545 -8.108904 -0.24610665
v 5.832883 -9.165888 2.9192035
v 6.634618 -8.108904 -0.24610665
v 7.499426 -9.165888 2.9192038
v 8.10898 -8.108904 -0.24610665
v 9.165967 -9.165888 2.9192033
v 4.173199 9.612942 2.864508
v 6.0723 9.792051 3.4059443
v 4.2731347 9.790666 3.4059443
v 5.961984 9.618698 2.831227
v 7.8072476 9.792051 3.4059443
v 7.6654134 9.618698 2.8312273
v 9.710551 9.710658 3.4059443
v 9.537198 9.537305 2.8021872
v 2.1322792 8.351461 2.9115913
v 4.173199 9.612942 2.864508
v 4.2731347 9.790666 3.4059443
v 2.1269352 8.322019 3.4059443
v 0.7363025 8.362437 2.9299805
v 2.1322792 8.351461 2.9115913
v 2.1269352 8.322019 3.4059443
v 0.73354584 8.332114 3.4059443
v -0.7363314 8.362437 2.9299805
v -0.7335746 8.332114 3.4059443
v -2.1323078 8.351461 2.9115913
v -2.1269639 8.322019 3.4059443
v -4.173227 9.612942 2.8645082
v -2.1323078 8.351461 2.9115913
v -2.1269639 8.322019 3.4059443
v -4.273161 9.790666 3.4059443
v -5.962013 9.618698 2.8312273
v -4.173227 9.612942 2.8645082
v -4.273161 9.790666 3.4059443
v -6.0723276 9.792051 3.4059443
v -7.6654406 9.618698 2.8312273
v -7.807274 9.792051 3.4059443
v -9.537226 9.537305 2.8021874
v -9.710579 9.710658 3.4059443
v -4.1732273 -9.612756 2.8645086
v -6.0723276 -9.791864 3.4059443
v -4.2731614 -9.790479 3.4059443
v -5.962013 -9.618512 2.8312278
v -7.807274 -9.791864 3.4059443
v -7.6654406 -9.618512 2.8312275
v -9.710579 -9.710471 3.4059443
v -9.537226 -9.537119 2.8021882
v -2.132308 -8.351276 2.9115915
v -4.1732273 -9.612756 2.8645086
v -4.2731614 -9.790479 3.4059443
v -2.1269643 -8.321833 3.4059443
v -0.7363314 -8.362253 2.929981
v -2.132308 -8.351276 2.9115915
v -2.1269643 -8.321833 3.4059443
v -0.7335746 -8.331928 3.4059443
v 0.7363025 -8.362253 2.929981
v 0.73354584 -8.331928 3.4059443
v 2.1322792 -8.351276 2.9115915
v 2.1269352 -8.321833 3.4059443
v 4.173199 -9.612756 2.8645086
v 2.1322792 -8.351276 2.9115915
v 2.1269352 -8.321833 3.4059443
v 4.2731347 -9.790479 3.4059443
v 5.961984 -9.618512 2.8312278
v 4.173199 -9.612756 2.8645086
v 4.2731347 -9.790479 3.4059443
v 6.0723 -9.791864 3.4059443
v 7.6654134 -9.618512 2.8312278
v 7.8072476 -9.791864 3.4059443
v 9.537198 -9.537119 2.8021874
v 9.710551 -9.710471 3.4059443
v -9.612864 4.173306 2.8645086
v -9.791972 6.0724072 3.4059443
v -9.7905855 4.273241 3.4059443
v -9.61862 5.9620914 2.8312278
v -9.791972 7.807354 3.4059443
v -9.61862 7.6655197 2.8312278
v -9.710579 9.710658 3.4059443
v -9.537226 9.537305 2.8021874
v -8.351384 2.132386 2.9115915
v -9.612864 4.173306 2.8645086
v -9.7905855 4.273241 3.4059443
v -8.321939 2.1270425 3.4059443
v -8.36236 0.73640966 2.9299808
v -8.351384 2.132386 2.9115915
v -8.321939 2.1270425 3.4059443
v -8.332035 0.73365325 3.4059443
v -8.36236 -0.73622423 2.9299808
v -8.332035 -0.7334673 3.4059443
v -8.351384 -2.1322007 2.9115913
v -8.321939 -2.1268568 3.4059443
v -9.612864 -4.1731205 2.8645084
v -8.351384 -2.1322007 2.9115913
v -8.321939 -2.1268568 3.4059443
v -9.7905855 -4.2730546 3.4059443
v -9.61862 -5.9619055 2.8312275
v -9.612864 -4.1731205 2.8645084
v -9.7905855 -4.2730546 3.4059443
v -9.791972 -6.0722203 3.4059443
v -9.61862 -7.6653347 2.8312278
v -9.791972 -7.8071685 3.4059443
v -9.537226 -9.537119 2.8021882
v -9.710579 -9.710471 3.4059443
v 9.612836 -4.1731205 2.864508
v 9.791945 -6.0722203 3.4059443
v 9.790559 -4.2730546 3.4059443
v 9.618591 -5.9619055 2.831227
v 9.791945 -7.8071685 3.4059443
v 9.618591 -7.6653347 2.831227
v 9.710551 -9.710471 3.4059443
v 9.537198 -9.537119 2.8021874
v 8.351356 -2.1322007 2.9115913
v 9.612836 -4.1731205 2.864508
v 9.790559 -4.2730546 3.4059443
v 8.321912 -2.1268568 3.4059443
v 8.362331 -0.73622423 2.9299808
v 8.351356 -2.1322007 2.9115913
v 8.321912 -2.1268568 3.4059443
v 8.332007 -0.7334673 3.4059443
v 8.362331 0.73640966 2.9299808
v 8.332007 0.73365325 3.4059443
v 8.351356 2.1323857 2.9115913
v 8.321912 2.1270423 3.4059443
v 9.612836 4.1733055 2.8645082
v 8.351356 2.1323857 2.9115913
v 8.321912 2.1270423 3.4059443
v 9.790559 4.2732406 3.4059443
v 9.618591 5.9620914 2.8312273
v 9.612836 4.1733055 2.8645082
v 9.790559 4.2732406 3.4059443
v 9.791945 6.0724072 3.4059443
v 9.618591 7.6655197 2.8312273
v 9.791945 7.807354 3.4059443
v 9.537198 9.537305 2.8021872
v 9.710551 9.710658 3.4059443
v -9.335593 9.335672 3.4059443
v -9.430515 9.430595 3.7578664
v -9.5144205 7.6382947 3.7374413
v -9.335593 7.6382947 3.4059443
v -9.5144205 5.9409165 3.7374413
v -9.335593 5.9409165 3.4059443
v -9.536319 4.2026353 3.722023
v -9.335593 4.2435384 3.4059443
v -8.164064 2.059986 3.6519156
v -7.894446 2.1531193 3.4059443
v -8.18766 0.7177683 3.6423655
v -7.894446 0.7177683 3.4059443
v -8.18766 -0.71758306 3.6423652
v -7.894446 -0.71758306 3.4059443
v -8.164063 -2.0598028 3.651917
v -7.894446 -2.1529343 3.4059443
v -9.536319 -4.2024493 3.7220232
v -9.335593 -4.243353 3.4059443
v -9.5144205 -5.9407306 3.7374413
v -9.335593 -5.9407306 3.4059443
v -9.5144205 -7.6381097 3.7374413
v -9.335593 -7.6381097 3.4059443
v -9.430516 -9.430409 3.757866
v -9.335593 -9.335486 3.4059443
v 9.3355665 9.335672 3.4059443
v 9.430489 9.430595 3.7578664
v 7.638189 9.514499 3.737442
v 7.638189 9.335672 3.4059443
v 5.9408097 9.514499 3.737442
v 5.9408097 9.335672 3.4059443
v 4.202529 9.536396 3.7220242
v 4.243432 9.335672 3.4059443
v 2.0598807 8.16414 3.6519184
v 2.1530125 7.894524 3.4059443
v 0.7176613 8.1877365 3.6423678
v 0.7176613 7.894524 3.4059443
v -0.71769 8.1877365 3.6423678
v -0.71769 7.894524 3.4059443
v -2.0599093 8.16414 3.6519184
v -2.1530411 7.894524 3.4059443
v -4.2025557 9.536396 3.7220242
v -4.2434587 9.335672 3.4059443
v -5.9408374 9.514499 3.737442
v -5.9408374 9.335672 3.4059443
v -7.638215 9.514499 3.737442
v -7.638215 9.335672 3.4059443
v -9.430515 9.430595 3.7578664
v -9.335593 9.335672 3.4059443
v -8.5759325 8.576005 3.8157468
v -8.6708555 8.670927 4.167669
v -7.0166745 8.754831 4.1472445
v -7.0166745 8.576005 3.8157468
v -5.457417 8.754831 4.1472445
v -5.457417 8.576005 3.8157468
v -3.7937553 8.804513 4.0963774
v -3.8981588 8.576005 3.8157468
v -2.0023434 7.844184 4.06018
v -2.0629249 7.5640917 3.8157468
v -0.68765134 7.857304 4.0521703
v -0.68765134 7.5640917 3.8157468
v 0.68762237 7.857304 4.0521703
v 0.68762237 7.5640917 3.8157468
v 2.0023146 7.844184 4.06018
v 2.062896 7.5640917 3.8157468
v 3.7937276 8.804513 4.096377
v 3.8981311 8.576005 3.8157468
v 5.457389 8.754831 4.1472445
v 5.457389 8.576005 3.8157468
v 7.0166473 8.754831 4.1472445
v 7.0166473 8.576005 3.8157468
v 8.670828 8.670927 4.167669
v 8.575905 8.576005 3.8157468
v 9.3355665 -9.335486 3.4059443
v 9.43049 -9.430409 3.757866
v 9.514394 -7.6381097 3.7374415
v 9.3355665 -7.6381097 3.4059443
v 9.514394 -5.9407306 3.7374415
v 9.3355665 -5.9407306 3.4059443
v 9.536292 -4.2024493 3.7220235
v 9.3355665 -4.243353 3.4059443
v 8.164035 -2.0598028 3.6519172
v 7.894418 -2.1529343 3.4059443
v 8.187632 -0.71758306 3.6423655
v 7.894418 -0.71758306 3.4059443
v 8.187632 0.7177683 3.6423655
v 7.894418 0.7177683 3.4059443
v 8.164036 2.059986 3.6519158
v 7.894418 2.1531193 3.4059443
v 9.536292 4.202635 3.7220232
v 9.3355665 4.243538 3.4059443
v 9.514394 5.9409165 3.7374415
v 9.3355665 5.9409165 3.4059443
v 9.514394 7.6382947 3.7374415
v 9.3355665 7.6382947 3.4059443
v 9.430489 9.430595 3.7578664
v 9.3355665 9.335672 3.4059443
v -9.335593 -9.335486 3.4059443
v -9.430516 -9.430409 3.757866
v -7.638215 -9.514315 3.7374408
v -7.638215 -9.335486 3.4059443
v -5.9408374 -9.514315 3.737441
v -5.9408374 -9.335486 3.4059443
v -4.2025557 -9.536213 3.7220225
v -4.243459 -9.335486 3.4059443
v -2.0599084 -8.163959 3.6519141
v -2.1530414 -7.8943386 3.4059443
v -0.71769 -8.187555 3.6423628
v -0.71769 -7.8943386 3.4059443
v 0.7176613 -8.187555 3.6423628
v 0.7176613 -7.8943386 3.4059443
v 2.0598795 -8.163959 3.6519141
v 2.1530125 -7.8943386 3.4059443
v 4.2025285 -9.536213 3.7220225
v 4.243432 -9.335486 3.4059443
v 5.9408097 -9.514315 3.737441
v 5.9408097 -9.335486 3.4059443
v 7.638189 -9.514315 3.7374408
v 7.638189 -9.335486 3.4059443
v 9.43049 -9.430409 3.757866
v 9.3355665 -9.335486 3.4059443
v 8.575905 8.576005 3.8157468
v 8.670828 8.670927 4.167669
v 8.754732 7.016748 4.147244
v 8.575905 7.016748 3.8157468
v 8.754732 5.45749 4.147244
v 8.575905 5.45749 3.8157468
v 8.804416 3.7938263 4.096375
v 8.575905 3.8982315 3.8157468
v 7.844085 2.0024154 4.060178
v 7.5639906 2.062997 3.8157468
v 7.857205 0.6877237 4.052168
v 7.5639906 0.6877237 3.8157468
v 7.857205 -0.68755007 4.052168
v 7.5639906 -0.68755007 3.8157468
v 7.8440843 -2.0022416 4.0601788
v 7.5639906 -2.0628238 3.8157468
v 8.804414 -3.7936544 4.0963764
v 8.575905 -3.8980582 3.8157468
v 8.754732 -5.457316 4.147244
v 8.575905 -5.457316 3.8157468
v 8.754732 -7.0165744 4.147244
v 8.575905 -7.0165744 3.8157468
v 8.670828 -8.670754 4.1676683
v 8.575905 -8.57583 3.8157468
v -7.0166745 -8.57583 3.8157468
v -8.6708555 -8.670754 4.1676683
v -8.5759325 -8.57583 3.8157468
v -7.0166745 -8.754659 4.1472435
v -5.457417 -8.57583 3.8157468
v -5.457417 -8.754659 4.1472435
v -3.898159 -8.57583 3.8157468
v -3.793754 -8.804341 4.096374
v -2.062925 -7.5639176 3.8157468
v -2.0023427 -7.8440137 4.060176
v -0.68765134 -7.5639176 3.8157468
v -0.68765134 -7.857134 4.0521655
v 0.68762237 -7.5639176 3.8157468
v 0.68762237 -7.857134 4.0521655
v 2.062896 -7.5639176 3.8157468
v 2.0023136 -7.8440137 4.060176
v 3.8981311 -8.57583 3.8157468
v 3.7937262 -8.804342 4.096374
v 5.457389 -8.57583 3.8157468
v 5.457389 -8.754659 4.1472435
v 7.0166473 -8.57583 3.8157468
v 7.0166473 -8.754659 4.1472435
v 8.575905 -8.57583 3.8157468
v 8.670828 -8.670754 4.1676683
v -8.5759325 7.016748 3.8157468
v -8.6708555 8.670927 4.167669
v -8.5759325 8.576005 3.8157468
v -8.75476 7.016748 4.147244
v -8.5759325 5.45749 3.8157468
v -8.75476 5.45749 4.147244
v -8.5759325 3.898232 3.8157468
v -8.804443 3.793827 4.0963745
v -7.564019 2.062997 3.8157468
v -7.8441143 2.0024157 4.0601773
v -7.564019 0.6877237 3.8157468
v -7.8572335 0.6877237 4.052168
v -7.564019 -0.68755007 3.8157468
v -7.8572335 -0.68755007 4.052168
v -7.564019 -2.0628238 3.8157468
v -7.844113 -2.0022416 4.0601788
v -8.5759325 -3.8980582 3.8157468
v -8.804441 -3.7936544 4.0963764
v -8.5759325 -5.457316 3.8157468
v -8.75476 -5.457316 4.147244
v -8.5759325 -7.0165744 3.8157468
v -8.75476 -7.0165744 4.147244
v -8.5759325 -8.57583 3.8157468
v -8.6708555 -8.670754 4.1676683
v -9.5144205 7.6382947 3.7374413
v -9.430515 9.430595 3.7578664
v -8.6708555 8.670927 4.167669
v -8.75476 7.016748 4.147244
v -9.5144205 5.9409165 3.7374413
v -8.75476 5.45749 4.147244
v -9.536319 4.2026353 3.722023
v -8.804443 3.793827 4.0963745
v -8.164064 2.059986 3.6519156
v -7.8441143 2.0024157 4.0601773
v -8.18766 0.7177683 3.6423655
v -7.8572335 0.6877237 4.052168
v -8.18766 -0.71758306 3.6423652
v -7.8572335 -0.68755007 4.052168
v -8.164063 -2.0598028 3.651917
v -7.844113 -2.0022416 4.0601788
v -9.536319 -4.2024493 3.7220232
v -8.804441 -3.7936544 4.0963764
v -9.5144205 -5.9407306 3.7374413
v -8.75476 -5.457316 4.147244
v -9.5144205 -7.6381097 3.7374413
v -8.75476 -7.0165744 4.147244
v -9.430516 -9.430409 3.757866
v -8.6708555 -8.670754 4.1676683
v 7.638189 9.514499 3.737442
v 9.430489 9.430595 3.7578664
v 8.670828 8.670927 4.167669
v 7.0166473 8.754831 4.1472445
v 5.9408097 9.514499 3.737442
v 5.457389 8.754831 4.1472445
v 4.202529 9.536396 3.7220242
v 3.7937276 8.804513 4.096377
v 2.0598807 8.16414 3.6519184
v 2.0023146 7.844184 4.06018
v 0.7176613 8.1877365 3.6423678
v 0.68762237 7.857304 4.0521703
v -0.71769 8.1877365 3.6423678
v -0.68765134 7.857304 4.0521703
v -2.0599093 8.16414 3.6519184
v -2.0023434 7.844184 4.06018
v -4.2025557 9.536396 3.7220242
v -3.7937553 8.804513 4.0963774
v -5.9408374 9.514499 3.737442
v -5.457417 8.754831 4.1472445
v -7.638215 9.514499 3.737442
v -7.0166745 8.754831 4.1472445
v -9.430515 9.430595 3.7578664
v -8.6708555 8.670927 4.167669
v 9.514394 -7.6381097 3.7374415
v 9.43049 -9.430409 3.757866
v 8.670828 -8.670754 4.1676683
v 8.754732 -7.0165744 4.147244
v 9.514394 -5.9407306 3.7374415
v 8.754732 -5.457316 4.147244
v 9.536292 -4.2024493 3.7220235
v 8.804414 -3.7936544 4.0963764
v 8.164035 -2.0598028 3.6519172
v 7.8440843 -2.0022416 4.0601788
v 8.187632 -0.71758306 3.6423655
v 7.857205 -0.68755007 4.052168
v 8.187632 0.7177683 3.6423655
v 7.857205 0.6877237 4.052168
v 8.164036 2.059986 3.6519158
v 7.844085 2.0024154 4.060178
v 9.536292 4.202635 3.7220232
v 8.804416 3.7938263 4.096375
v 9.514394 5.9409165 3.7374415
v 8.754732 5.45749 4.147244
v 9.514394 7.6382947 3.7374415
v 8.754732 7.016748 4.147244
v 9.430489 9.430595 3.7578664
v 8.670828 8.670927 4.167669
v -7.638215 -9.514315 3.7374408
v -9.430516 -9.430409 3.757866
v -8.6708555 -8.670754 4.1676683
v -7.0166745 -8.754659 4.1472435
v -5.9408374 -9.514315 3.737441
v -5.457417 -8.754659 4.1472435
v -4.2025557 -9.536213 3.7220225
v -3.793754 -8.804341 4.096374
v -2.0599084 -8.163959 3.6519141
v -2.0023427 -7.8440137 4.060176
v -0.71769 -8.187555 3.6423628
v -0.68765134 -7.857134 4.0521655
v 0.7176613 -8.187555 3.6423628
v 0.68762237 -7.857134 4.0521655
v 2.0598795 -8.163959 3.6519141
v 2.0023136 -7.8440137 4.060176
v 4.2025285 -9.536213 3.7220225
v 3.7937262 -8.804342 4.096374
v 5.9408097 -9.514315 3.737441
v 5.457389 -8.754659 4.1472435
v 7.638189 -9.514315 3.7374408
v 7.0166473 -8.754659 4.1472435
v 9.43049 -9.430409 3.757866
v 8.670828 -8.670754 4.1676683
v -3.979632 2.5518162 8.730744
v -3.4345355 2.810126 8.730744
v -3.4345355 2.185668 8.730744
v -3.979632 2.185668 8.730744
v -3.4345355 1.5612098 8.730744
v -3.979632 1.5612098 8.730744
v -3.4345355 0.93675166 8.730744
v -3.979632 0.93675166 8.730744
v -3.4345355 0.31229353 8.730744
v -3.979632 0.31229353 8.730744
v -3.4345355 -0.31216466 8.730744
v -3.979632 -0.31216466 8.730744
v -3.4345355 -0.9366228 8.730744
v -3.979632 -0.9366228 8.730744
v -3.4345355 -1.5610809 8.730744
v -3.979632 -1.5610809 8.730744
v -3.4345355 -2.185539 8.730744
v -3.979632 -2.185539 8.730744
v -3.4345355 -2.809997 8.730744
v -3.979632 -2.5516872 8.730744
v -6.095836 -4.987425 8.730744
v -5.55074 -3.8371391 8.730744
v -3.4345355 -3.4344552 8.730744
v -6.095836 -3.8790936 8.730744
v -6.095836 -6.095756 8.730744
v -5.55074 -3.8790936 8.730744
v -2.8100774 -3.4344552 8.730744
v -6.095836 -2.7707624 8.730744
v -4.9875054 -6.095756 8.730744
v -5.55074 -2.7707624 8.730744
v -2.1856194 -3.4344552 8.730744
v -6.095836 -1.6624315 8.730744
v -3.8791745 -6.095756 8.730744
v -5.55074 -1.6624315 8.730744
v -1.5611613 -3.4344552 8.730744
v -6.095836 -0.5541004 8.730744
v -2.7708435 -6.095756 8.730744
v -5.55074 -0.5541004 8.730744
v -0.93670315 -3.4344552 8.730744
v -6.095836 0.5542306 8.730744
v -1.6625124 -6.095756 8.730744
v -5.55074 0.5542306 8.730744
v -0.312245 -3.4344552 8.730744
v -6.095836 1.6625615 8.730744
v -0.55418146 -6.095756 8.730744
v -5.55074 1.6625615 8.730744
v 0.31221312 -3.4344552 8.730744
v -6.095836 2.7708926 8.730744
v 0.5541495 -6.095756 8.730744
v -5.55074 2.7708926 8.730744
v 0.93667126 -3.4344552 8.730744
v -6.095836 3.8792236 8.730744
v 1.6624806 -6.095756 8.730744
v -5.55074 3.8792236 8.730744
v 1.5611293 -3.4344552 8.730744
v 2.7708116 -6.095756 8.730744
v 2.1855874 -3.4344552 8.730744
v 3.8791425 -6.095756 8.730744
v 2.8100455 -3.4344552 8.730744
v 4.9874735 -6.095756 8.730744
v 3.4345036 -3.4344552 8.730744
v 6.0958047 -6.095756 8.730744
v 3.4345036 -2.809997 8.730744
v 6.0958047 -4.987425 8.730744
v 3.4345036 -2.185539 8.730744
v 6.0958047 -3.8790941 8.730744
v 3.4345036 -1.5610808 8.730744
v 6.0958047 -2.770763 8.730744
v 3.4345036 -0.9366227 8.730744
v 6.0958047 -1.6624321 8.730744
v 3.4345036 -0.31216455 8.730744
v 6.0958047 -0.554101 8.730744
v 3.4345036 0.31229365 8.730744
v 6.0958047 0.5542301 8.730744
v 3.4345036 0.9367518 8.730744
v 6.0958047 1.6625612 8.730744
v 3.4345036 1.5612099 8.730744
v 6.0958047 2.7708921 8.730744
v 3.4345036 2.185668 8.730744
v 6.0958047 3.8792233 8.730744
v 3.4345036 2.810126 8.730744
v 6.0958047 4.9875546 8.730744
v 3.4345036 3.4345841 8.730744
v 6.0958047 6.0958853 8.730744
v 2.8100455 3.4345841 8.730744
v 4.987474 6.0958853 8.730744
v 2.1855874 3.4345841 8.730744
v 3.879143 6.0958853 8.730744
v 1.5611293 3.4345841 8.730744
v 2.770812 6.0958853 8.730744
v 0.9366712 3.4345841 8.730744
v 1.662481 6.0958853 8.730744
v 0.31221306 3.4345841 8.730744
v 0.55415 6.0958853 8.730744
v -0.31224507 3.4345841 8.730744
v -0.554181 6.0958853 8.730744
v -0.9367032 3.4345841 8.730744
v -1.6625121 6.0958853 8.730744
v -1.5611613 3.4345841 8.730744
v -2.770843 6.0958853 8.730744
v -2.1856194 3.4345841 8.730744
v -3.879174 6.0958853 8.730744
v -2.8100774 3.4345841 8.730744
v -4.987505 6.0958853 8.730744
v -3.4345355 3.4345841 8.730744
v -6.095836 6.0958853 8.730744
v -6.095836 4.9875546 8.730744
v -5.55074 3.8372679 8.730744
vt 0.625 0.7500001
vt 0.625 0.75
vt 0.625 0.5
vt 0.625 0.25
vt 0.625 0.25
vt 0.6249998 0
vt 0.62499994 0.99999994
vt 0.625 1
vt 0.625 0.7500001
vt 0.625 0.5
vt 0.625 0.5
vt 0.625 0.25
vt 0.56431603 0.22717185
vt 0.56431603 0.25000006
vt 0.625 0.25
vt 0.625 0.22727272
vt 0.56431603 0.20446697
vt 0.625 0.20454545
vt 0.56431603 0.18176216
vt 0.625 0.18181819
vt 0.56431603 0.15905726
vt 0.625 0.15909092
vt 0.56431603 0.1363524
vt 0.625 0.15909092
vt 0.625 0.18181819
vt 0.625 0.13636364
vt 0.56431603 0.113647565
vt 0.625 0.113636374
vt 0.56431603 0.090942696
vt 0.625 0.113636374
vt 0.625 0.13636364
vt 0.625 0.09090909
vt 0.564316 0.068237826
vt 0.625 0.06818182
vt 0.56431603 0.04553297
vt 0.625 0.06818182
vt 0.625 0.09090909
vt 0.625 0.045454547
vt 0.56431603 0.022828108
vt 0.625 0.022727273
vt 0.5643161 0.00012324475
vt 0.625 0
vt 0.564316 0.47717178
vt 0.56431603 0.50000006
vt 0.625 0.5
vt 0.625 0.47727272
vt 0.56431603 0.454467
vt 0.625 0.45454544
vt 0.56431603 0.43176216
vt 0.625 0.4318182
vt 0.56431603 0.40905732
vt 0.625 0.40909094
vt 0.564316 0.38635245
vt 0.625 0.40909094
vt 0.625 0.4318182
vt 0.625 0.38636366
vt 0.5643159 0.36364758
vt 0.625 0.36363637
vt 0.56431603 0.34094274
vt 0.625 0.36363637
vt 0.625 0.38636366
vt 0.625 0.3409091
vt 0.56431603 0.31823784
vt 0.625 0.3181818
vt 0.564316 0.295533
vt 0.625 0.3181818
vt 0.625 0.3409091
vt 0.625 0.29545453
vt 0.56431603 0.2728281
vt 0.625 0.27272725
vt 0.56431603 0.25000006
vt 0.625 0.25
vt 0.5643159 0.7271718
vt 0.56431603 0.75
vt 0.625 0.75
vt 0.625 0.7272727
vt 0.5643159 0.70446694
vt 0.625 0.7045454
vt 0.5643159 0.681762
vt 0.625 0.6818181
vt 0.564316 0.65905726
vt 0.625 0.6590909
vt 0.564316 0.63635236
vt 0.625 0.6590909
vt 0.625 0.6818181
vt 0.625 0.63636357
vt 0.564316 0.6136476
vt 0.625 0.6136363
vt 0.56431603 0.5909427
vt 0.625 0.6136363
vt 0.625 0.63636357
vt 0.625 0.590909
vt 0.56431603 0.5682378
vt 0.625 0.56818175
vt 0.5643159 0.54553294
vt 0.625 0.56818175
vt 0.625 0.590909
vt 0.625 0.5454545
vt 0.56431603 0.52282816
vt 0.625 0.52272725
vt 0.56431603 0.50000006
vt 0.625 0.5
vt 0.56431603 0.97717184
vt 0.56431603 0.99987674
vt 0.625 1
vt 0.625 0.9772727
vt 0.56431603 0.95446694
vt 0.625 0.9545454
vt 0.56431603 0.9317621
vt 0.625 0.9318181
vt 0.56431603 0.90905714
vt 0.625 0.9090909
vt 0.5643159 0.88635236
vt 0.625 0.9090909
vt 0.625 0.9318181
vt 0.625 0.8863636
vt 0.56431603 0.8636476
vt 0.625 0.8636363
vt 0.56431603 0.84094274
vt 0.625 0.8636363
vt 0.625 0.8863636
vt 0.625 0.840909
vt 0.56431603 0.8182378
vt 0.625 0.81818175
vt 0.564316 0.7955329
vt 0.625 0.81818175
vt 0.625 0.840909
vt 0.625 0.7954545
vt 0.56431603 0.77282816
vt 0.625 0.77272725
vt 0.56431603 0.75
vt 0.625 0.75
vt 0.8633115 0.71770954
vt 0.8633116 0.73831165
vt 0.8633116 0.73831165
vt 0.8633115 0.71770954
vt 0.8633115 0.69710743
vt 0.8633115 0.69710743
vt 0.8633115 0.6765053
vt 0.8633115 0.6765053
vt 0.8633115 0.6559032
vt 0.8633115 0.6559032
vt 0.8633115 0.6559032
vt 0.8633115 0.6765053
vt 0.8633115 0.6353011
vt 0.8633115 0.6353011
vt 0.8633115 0.61469895
vt 0.8633115 0.61469895
vt 0.8633115 0.61469895
vt 0.8633115 0.6353011
vt 0.8633115 0.59409684
vt 0.8633115 0.59409684
vt 0.8633115 0.5734947
vt 0.8633115 0.5734947
vt 0.8633115 0.5734947
vt 0.8633115 0.59409684
vt 0.8633115 0.55289257
vt 0.8633115 0.55289257
vt 0.8633115 0.53229046
vt 0.8633115 0.53229046
vt 0.8633116 0.51168835
vt 0.8633116 0.51168835
vt 0.6861576 0.6424114
vt 0.6861576 0.6424114
vt 0.6861576 0.6424114
vt 0.6861576 0.6424114
vt 0.65729034 0.7383116
vt 0.63668823 0.7383116
vt 0.63668823 0.7383116
vt 0.65729034 0.7383116
vt 0.67789245 0.7383115
vt 0.67789245 0.7383115
vt 0.69849455 0.7383116
vt 0.69849455 0.7383116
vt 0.7190967 0.7383116
vt 0.7190967 0.7383116
vt 0.7190967 0.7383116
vt 0.69849455 0.7383116
vt 0.7396989 0.7383116
vt 0.7396989 0.7383116
vt 0.760301 0.7383116
vt 0.760301 0.7383116
vt 0.760301 0.7383116
vt 0.7396989 0.7383116
vt 0.7809031 0.73831165
vt 0.7809031 0.73831165
vt 0.8015052 0.73831165
vt 0.8015052 0.73831165
vt 0.8015052 0.73831165
vt 0.7809031 0.73831165
vt 0.8221073 0.73831165
vt 0.8221073 0.73831165
vt 0.8427094 0.73831165
vt 0.8427094 0.73831165
vt 0.8633116 0.73831165
vt 0.8633116 0.73831165
vt 0.8427094 0.51168835
vt 0.8633116 0.51168835
vt 0.8633116 0.51168835
vt 0.8427094 0.51168835
vt 0.8221073 0.51168835
vt 0.8221073 0.51168835
vt 0.8015052 0.51168835
vt 0.8015052 0.51168835
vt 0.7809031 0.51168835
vt 0.7809031 0.51168835
vt 0.7809031 0.51168835
vt 0.8015052 0.51168835
vt 0.760301 0.51168835
vt 0.760301 0.51168835
vt 0.7396988 0.51168835
vt 0.7396988 0.51168835
vt 0.7396988 0.51168835
vt 0.760301 0.51168835
vt 0.7190967 0.51168835
vt 0.7190967 0.51168835
vt 0.6984946 0.51168835
vt 0.6984946 0.51168835
vt 0.6984946 0.51168835
vt 0.7190967 0.51168835
vt 0.67789245 0.51168835
vt 0.67789245 0.51168835
vt 0.65729034 0.51168835
vt 0.65729034 0.51168835
vt 0.63668823 0.5116883
vt 0.63668823 0.5116883
vt 0.63668823 0.5322904
vt 0.63668823 0.5116883
vt 0.63668823 0.5116883
vt 0.63668823 0.5322904
vt 0.63668823 0.5528925
vt 0.63668823 0.5528925
vt 0.63668823 0.5734946
vt 0.63668823 0.5734946
vt 0.63668823 0.5940968
vt 0.63668823 0.5940968
vt 0.63668823 0.5940968
vt 0.63668823 0.5734946
vt 0.63668823 0.61469895
vt 0.63668823 0.61469895
vt 0.6366882 0.63530105
vt 0.6366882 0.63530105
vt 0.6366882 0.63530105
vt 0.63668823 0.61469895
vt 0.6366882 0.6559032
vt 0.6366882 0.6559032
vt 0.6366882 0.6765053
vt 0.6366882 0.6765053
vt 0.6366882 0.6765053
vt 0.6366882 0.6559032
vt 0.6366882 0.6971074
vt 0.6366882 0.6971074
vt 0.63668823 0.7177095
vt 0.63668823 0.7177095
vt 0.63668823 0.7383116
vt 0.63668823 0.7383116
vt 0.6964124 0.58115566
vt 0.69641244 0.5714125
vt 0.69641244 0.5714125
vt 0.6964124 0.58115566
vt 0.69641244 0.5714125
vt 0.6964124 0.5908988
vt 0.6964124 0.58115566
vt 0.6964124 0.5908988
vt 0.6964124 0.5908988
vt 0.6964124 0.600642
vt 0.6964124 0.600642
vt 0.6964124 0.6103852
vt 0.6964124 0.6103852
vt 0.6964124 0.62012833
vt 0.6964124 0.62012833
vt 0.6964124 0.6103852
vt 0.6964124 0.6298715
vt 0.6964124 0.62012833
vt 0.6964124 0.6298715
vt 0.69641244 0.6396147
vt 0.6964124 0.6298715
vt 0.69641244 0.6396147
vt 0.69641244 0.6396147
vt 0.69641244 0.64935786
vt 0.69641244 0.64935786
vt 0.69641244 0.659101
vt 0.69641244 0.659101
vt 0.69641244 0.6688442
vt 0.69641244 0.6688442
vt 0.69641244 0.6785874
vt 0.69641244 0.659101
vt 0.69641244 0.6785874
vt 0.69641244 0.6688442
vt 0.69641244 0.6785874
vt 0.8138422 0.6656269
vt 0.8138422 0.6656269
vt 0.8138422 0.6772346
vt 0.8138422 0.6772346
vt 0.81384224 0.6888423
vt 0.81384224 0.6888423
vt 0.80223453 0.68884224
vt 0.80223453 0.68884224
vt 0.7906268 0.6888422
vt 0.7906268 0.6888422
vt 0.6861576 0.66562676
vt 0.6861576 0.66562676
vt 0.6861576 0.66562676
vt 0.6861576 0.66562676
vt 0.79384416 0.66884416
vt 0.79384416 0.66884416
vt 0.79384416 0.659101
vt 0.79384416 0.659101
vt 0.8035874 0.6688442
vt 0.8035874 0.67858744
vt 0.8035874 0.67858744
vt 0.8035874 0.6688442
vt 0.8035874 0.67858744
vt 0.8035874 0.659101
vt 0.8035874 0.6688442
vt 0.8035874 0.659101
vt 0.8035874 0.659101
vt 0.80358744 0.64935786
vt 0.80358744 0.64935786
vt 0.80358744 0.6396147
vt 0.80358744 0.6396147
vt 0.80358744 0.62987155
vt 0.80358744 0.62987155
vt 0.80358744 0.6396147
vt 0.8035874 0.62012833
vt 0.80358744 0.62987155
vt 0.8035874 0.62012833
vt 0.8035874 0.6103852
vt 0.8035874 0.62012833
vt 0.8035874 0.6103852
vt 0.8035874 0.6103852
vt 0.8035874 0.600642
vt 0.8035874 0.600642
vt 0.8035873 0.5908989
vt 0.8035873 0.5908989
vt 0.8035873 0.5811557
vt 0.8035873 0.5811557
vt 0.8035874 0.57141256
vt 0.8035873 0.5908989
vt 0.8035874 0.57141256
vt 0.8035873 0.5811557
vt 0.8035874 0.57141256
vt 0.7061556 0.6785874
vt 0.69641244 0.6785874
vt 0.69641244 0.6785874
vt 0.7061556 0.6785874
vt 0.69641244 0.6785874
vt 0.71589875 0.6785874
vt 0.7061556 0.6785874
vt 0.71589875 0.6785874
vt 0.71589875 0.6785874
vt 0.72564197 0.67858744
vt 0.72564197 0.67858744
vt 0.7353851 0.67858744
vt 0.7353851 0.67858744
vt 0.7451283 0.67858744
vt 0.7451283 0.67858744
vt 0.7353851 0.67858744
vt 0.7548714 0.67858744
vt 0.7451283 0.67858744
vt 0.7548714 0.67858744
vt 0.76461464 0.6785875
vt 0.7548714 0.67858744
vt 0.76461464 0.6785875
vt 0.76461464 0.6785875
vt 0.77435786 0.6785875
vt 0.77435786 0.6785875
vt 0.784101 0.67858744
vt 0.784101 0.67858744
vt 0.7938442 0.67858744
vt 0.7938442 0.67858744
vt 0.8035874 0.67858744
vt 0.784101 0.67858744
vt 0.8035874 0.67858744
vt 0.7938442 0.67858744
vt 0.8035874 0.67858744
vt 0.79384416 0.5714125
vt 0.8035874 0.57141256
vt 0.8035874 0.57141256
vt 0.79384416 0.5714125
vt 0.8035874 0.57141256
vt 0.78410095 0.5714125
vt 0.79384416 0.5714125
vt 0.78410095 0.5714125
vt 0.78410095 0.5714125
vt 0.7743578 0.5714125
vt 0.7743578 0.5714125
vt 0.76461464 0.5714125
vt 0.76461464 0.5714125
vt 0.7548715 0.5714125
vt 0.7548715 0.5714125
vt 0.76461464 0.5714125
vt 0.7451283 0.5714125
vt 0.7548715 0.5714125
vt 0.7451283 0.5714125
vt 0.7353852 0.5714125
vt 0.7451283 0.5714125
vt 0.7353852 0.5714125
vt 0.7353852 0.5714125
vt 0.72564197 0.5714125
vt 0.72564197 0.5714125
vt 0.71589875 0.5714125
vt 0.71589875 0.5714125
vt 0.7061556 0.5714125
vt 0.7061556 0.5714125
vt 0.69641244 0.5714125
vt 0.71589875 0.5714125
vt 0.69641244 0.5714125
vt 0.7061556 0.5714125
vt 0.69641244 0.5714125
vt 0.60609 0.19999999
vt 0.60609007 0.25
vt 0.625 0.25
vt 0.625 0.2
vt 0.625 0.2
vt 0.625 0.25
vt 0.60609 0.15
vt 0.625 0.15
vt 0.5227567 0.15
vt 0.5227567 0.19999999
vt 0.39112377 0.19999999
vt 0.39112377 0.15
vt 0.39112377 0.1
vt 0.5227567 0.1
vt 0.39112377 0.05
vt 0.5227567 0.049999997
vt 0.60609007 0.1
vt 0.60609 0.049999997
vt 0.625 0.1
vt 0.625 0.1
vt 0.625 0.15
vt 0.625 0.05
vt 0.60609 0
vt 0.625 0
vt 0.625 0
vt 0.625 0.05
vt 0.60609 0.45
vt 0.60608995 0.49999997
vt 0.625 0.5
vt 0.625 0.45
vt 0.625 0.45
vt 0.625 0.5
vt 0.60609007 0.39999998
vt 0.625 0.4
vt 0.5227567 0.39999998
vt 0.5227567 0.45
vt 0.60609007 0.35000002
vt 0.39112377 0.40000004
vt 0.39112377 0.45
vt 0.39112377 0.34999996
vt 0.5227567 0.35
vt 0.3911237 0.29999998
vt 0.5227567 0.3
vt 0.60609 0.3
vt 0.625 0.35000002
vt 0.625 0.35000002
vt 0.625 0.4
vt 0.625 0.3
vt 0.60609007 0.25
vt 0.625 0.25
vt 0.625 0.25
vt 0.625 0.3
vt 0.60609 0.7
vt 0.60609007 0.75000006
vt 0.625 0.75
vt 0.625 0.7
vt 0.625 0.7
vt 0.625 0.75
vt 0.60609007 0.65
vt 0.625 0.65
vt 0.5227567 0.65
vt 0.5227567 0.70000005
vt 0.60609 0.6
vt 0.39112377 0.65000004
vt 0.39112377 0.70000005
vt 0.39112377 0.6
vt 0.5227567 0.6
vt 0.39112377 0.55
vt 0.5227567 0.54999995
vt 0.60609 0.55
vt 0.625 0.6
vt 0.625 0.6
vt 0.625 0.65
vt 0.625 0.55
vt 0.60608995 0.49999997
vt 0.625 0.5
vt 0.625 0.5
vt 0.625 0.55
vt 0.60609 0.95
vt 0.60609 1
vt 0.625 1
vt 0.625 0.95
vt 0.625 0.95
vt 0.625 1
vt 0.60609007 0.9
vt 0.625 0.9
vt 0.5227567 0.90000004
vt 0.5227567 0.9499999
vt 0.39112377 0.95000005
vt 0.39112377 0.90000004
vt 0.5227567 0.85
vt 0.39112377 0.85
vt 0.60608995 0.85
vt 0.5227567 0.79999995
vt 0.39112377 0.79999995
vt 0.60609 0.79999995
vt 0.625 0.85
vt 0.625 0.85
vt 0.625 0.9
vt 0.625 0.8
vt 0.60609007 0.75000006
vt 0.625 0.75
vt 0.625 0.75
vt 0.625 0.8
vt 0.775 0.5
vt 0.775 0.5
vt 0.76716 0.53919995
vt 0.76716 0.53919995
vt 0.80148005 0.5391999
vt 0.80148005 0.5391999
vt 0.825 0.5
vt 0.825 0.5
vt 0.6641999 0.57352
vt 0.625 0.55
vt 0.625 0.6
vt 0.66419995 0.60784006
vt 0.66419995 0.64216006
vt 0.625 0.65
vt 0.625 0.7
vt 0.66419995 0.6764801
vt 0.8358001 0.67648005
vt 0.875 0.70000005
vt 0.875 0.65000004
vt 0.83580005 0.64216
vt 0.875 0.55
vt 0.875 0.55
vt 0.83580005 0.57351995
vt 0.83580005 0.57351995
vt 0.83580005 0.60783994
vt 0.875 0.6
vt 0.875 0.55
vt 0.83580005 0.57351995
vt 0.825 0.75
vt 0.825 0.75
vt 0.80148005 0.71080005
vt 0.80148005 0.71080005
vt 0.69852 0.7108002
vt 0.675 0.75
vt 0.725 0.75
vt 0.73284006 0.7108002
vt 0.76716006 0.7108001
vt 0.775 0.75
vt 0.825 0.75
vt 0.80148005 0.71080005
vt 0.83580005 0.60783994
vt 0.83580005 0.60783994
vt 0.875 0.6
vt 0.875 0.6
vt 0.80148005 0.5391999
vt 0.825 0.5
vt 0.775 0.5
vt 0.76716 0.53919995
vt 0.76716006 0.7108001
vt 0.76716006 0.7108001
vt 0.775 0.75
vt 0.775 0.75
vt 0.73283994 0.53919995
vt 0.7249999 0.5
vt 0.67499995 0.5
vt 0.69851995 0.53919995
vt 0 0
vt 0 0
vt 0 0
vt 0 0
vt 0 0
vt 0 0
vt 0 0
vt 0 0
vt 0 0
vt 0 0
vt 0 0
vt 0 0
vt 0 0
vt 0 0
vt 0 0
vt 0 0
vt 0.83580005 0.57351995
vt 0.875 0.55
vt 0.875 0.5
vt 0.83580005 0.5391999
vt 0.825 0.5
vt 0.80148005 0.5391999
vt 0.69851995 0.53919995
vt 0.67499995 0.5
vt 0.625 0.5
vt 0.6641999 0.53919995
vt 0.625 0.55
vt 0.6641999 0.57352
vt 0.66419995 0.6764801
vt 0.625 0.7
vt 0.625 0.75
vt 0.66419995 0.7108002
vt 0.675 0.75
vt 0.69852 0.7108002
vt 0.80148005 0.71080005
vt 0.825 0.75
vt 0.875 0.75
vt 0.83580005 0.71080005
vt 0.875 0.70000005
vt 0.8358001 0.67648005
vt 0.66419995 0.60784006
vt 0.625 0.6
vt 0.625 0.65
vt 0.66419995 0.64216006
vt 0.83580005 0.64216
vt 0.875 0.65000004
vt 0.875 0.6
vt 0.83580005 0.60783994
vt 0.73284006 0.7108002
vt 0.725 0.75
vt 0.775 0.75
vt 0.76716006 0.7108001
vt 0.76716 0.53919995
vt 0.775 0.5
vt 0.7249999 0.5
vt 0.73283994 0.53919995
vt 0.73283994 0.53919995
vt 0.73283994 0.53919995
vt 0.7249999 0.5
vt 0.7249999 0.5
vt 0.8358001 0.67648005
vt 0 0
vt 0.83580005 0.71080005
vt 0.8358001 0.67648005
vt 0.67499995 0.5
vt 0.67499995 0.5
vt 0.69851995 0.53919995
vt 0.69851995 0.53919995
vt 0.76716 0.53919995
vt 0.76716 0.53919995
vt 0.73283994 0.53919995
vt 0.73283994 0.53919995
vt 0.83580005 0.71080005
vt 0 0
vt 0.80148005 0.71080005
vt 0.80148005 0.71080005
vt 0.69852 0.7108002
vt 0 0
vt 0.66419995 0.7108002
vt 0.69852 0.7108002
vt 0.6641999 0.57352
vt 0.6641999 0.57352
vt 0.625 0.55
vt 0.625 0.55
vt 0.83580005 0.64216
vt 0.83580005 0.64216
vt 0.83580005 0.60783994
vt 0.83580005 0.60783994
vt 0.625 0.6
vt 0.625 0.6
vt 0.66419995 0.60784006
vt 0.66419995 0.60784006
vt 0.73284006 0.7108002
vt 0.73284006 0.7108002
vt 0.76716006 0.7108001
vt 0.76716006 0.7108001
vt 0.66419995 0.64216006
vt 0.66419995 0.64216006
vt 0.625 0.65
vt 0.625 0.65
vt 0.66419995 0.6764801
vt 0.66419995 0.7108002
vt 0 0
vt 0.66419995 0.6764801
vt 0.625 0.7
vt 0.625 0.7
vt 0.66419995 0.6764801
vt 0.66419995 0.6764801
vt 0.69852 0.7108002
vt 0.69852 0.7108002
vt 0.675 0.75
vt 0.675 0.75
vt 0.8358001 0.67648005
vt 0.8358001 0.67648005
vt 0.875 0.70000005
vt 0.875 0.70000005
vt 0.725 0.75
vt 0.725 0.75
vt 0.73284006 0.7108002
vt 0.73284006 0.7108002
vt 0.66419995 0.60784006
vt 0.66419995 0.60784006
vt 0.66419995 0.64216006
vt 0.66419995 0.64216006
vt 0.875 0.65000004
vt 0.875 0.65000004
vt 0.83580005 0.64216
vt 0.83580005 0.64216
vt 0.5227567 0.39999998
vt 0.5227567 0.39999998
vt 0.5227567 0.35
vt 0.5227567 0.35
vt 0.5227567 0.9499999
vt 0.60609 0.95
vt 0.60609 0.95
vt 0.5227567 0.9499999
vt 0.39112377 0.95000005
vt 0.39112377 0.95000005
vt 0.5227567 0.85
vt 0.5227567 0.85
vt 0.60608995 0.85
vt 0.60608995 0.85
vt 0.5227567 0.1
vt 0.5227567 0.1
vt 0.60609007 0.1
vt 0.60609007 0.1
vt 0.60608995 0.49999997
vt 0.60609 0.55
vt 0.60609 0.55
vt 0.60608995 0.49999997
vt 0.60609 0.45
vt 0.60609 0.45
vt 0.5227567 0.6
vt 0.5227567 0.6
vt 0.60609 0.6
vt 0.60609 0.6
vt 0.60609 0.049999997
vt 0.60609 0.049999997
vt 0.5227567 0.049999997
vt 0.5227567 0.049999997
vt 0.39112377 0.05
vt 0.39112377 0.05
vt 0.5227567 0.70000005
vt 0.60609 0.7
vt 0.60609 0.7
vt 0.5227567 0.70000005
vt 0.39112377 0.70000005
vt 0.39112377 0.70000005
vt 0.5227567 0.3
vt 0.3911237 0.29999998
vt 0.3911237 0.29999998
vt 0.5227567 0.3
vt 0.60609 0.3
vt 0.60609 0.3
vt 0.5227567 0.35
vt 0.5227567 0.39999998
vt 0.60609007 0.39999998
vt 0.60609007 0.35000002
vt 0.5227567 0.85
vt 0.5227567 0.90000004
vt 0.60609007 0.9
vt 0.60608995 0.85
vt 0.5227567 0.1
vt 0.5227567 0.15
vt 0.60609 0.15
vt 0.60609007 0.1
vt 0.5227567 0.6
vt 0.5227567 0.65
vt 0.60609007 0.65
vt 0.60609 0.6
vt 0.5227567 0.35
vt 0.5227567 0.35
vt 0.60609007 0.35000002
vt 0.60609007 0.35000002
vt 0.60609007 0.65
vt 0.60609007 0.65
vt 0.5227567 0.65
vt 0.5227567 0.65
vt 0.5227567 0.90000004
vt 0.5227567 0.90000004
vt 0.5227567 0.85
vt 0.5227567 0.85
vt 0.60609007 0.35000002
vt 0.60609007 0.35000002
vt 0.60609007 0.39999998
vt 0.60609007 0.39999998
vt 0.60609 0.15
vt 0.60609 0.15
vt 0.5227567 0.15
vt 0.5227567 0.15
vt 0.5227567 0.15
vt 0.5227567 0.15
vt 0.5227567 0.1
vt 0.5227567 0.1
vt 0.60608995 0.85
vt 0.60608995 0.85
vt 0.60609007 0.9
vt 0.60609007 0.9
vt 0.5227567 0.65
vt 0.5227567 0.65
vt 0.5227567 0.6
vt 0.5227567 0.6
vt 0.60609007 0.9
vt 0.60609007 0.9
vt 0.5227567 0.90000004
vt 0.5227567 0.90000004
vt 0.60609007 0.1
vt 0.60609007 0.1
vt 0.60609 0.15
vt 0.60609 0.15
vt 0.60609007 0.39999998
vt 0.60609007 0.39999998
vt 0.5227567 0.39999998
vt 0.5227567 0.39999998
vt 0.60609 0.6
vt 0.60609 0.6
vt 0.60609007 0.65
vt 0.60609007 0.65
vt 0.60609007 0.75000006
vt 0.60609 0.79999995
vt 0.60609 0.79999995
vt 0.60609007 0.75000006
vt 0.60609 0.7
vt 0.60609 0.7
vt 0.5227567 0.45
vt 0.60609 0.45
vt 0.60609 0.45
vt 0.5227567 0.45
vt 0.39112377 0.45
vt 0.39112377 0.45
vt 0.60609 0.19999999
vt 0.60609 0.19999999
vt 0.60609007 0.25
vt 0.60609007 0.25
vt 0.60609 0.3
vt 0.60609 0.3
vt 0.60609 0.79999995
vt 0.60609 0.79999995
vt 0.5227567 0.79999995
vt 0.5227567 0.79999995
vt 0.39112377 0.79999995
vt 0.39112377 0.79999995
vt 0 0
vt 0 0
vt 0 0
vt 0 0
vt 0.5227567 0.25
vt 0.60609 0.3
vt 0.60609007 0.25
vt 0.5227567 0.3
vt 0.3911237 0.29999998
vt 0.3911238 0.25
vt 0.5227567 0.75
vt 0.60609 0.79999995
vt 0.60609007 0.75000006
vt 0.5227567 0.79999995
vt 0.39112377 0.79999995
vt 0.39112374 0.74999994
vt 0.5227567 0
vt 0.60609 0.049999997
vt 0.60609 0
vt 0.5227567 0.049999997
vt 0.39112377 0
vt 0.39112377 0.05
vt 0.5227567 0.5
vt 0.60609 0.55
vt 0.60608995 0.49999997
vt 0.5227567 0.54999995
vt 0.39112377 0.5
vt 0.39112377 0.55
vt 0.5227567 0.9499999
vt 0.60609 1
vt 0.60609 0.95
vt 0.52275664 0.99999994
vt 0.39112377 0.95000005
vt 0.39112377 1
vt 0.5227567 0.70000005
vt 0.60609007 0.75000006
vt 0.60609 0.7
vt 0.5227567 0.75
vt 0.39112377 0.70000005
vt 0.39112374 0.74999994
vt 0.5227567 0.45
vt 0.60608995 0.49999997
vt 0.60609 0.45
vt 0.5227567 0.5
vt 0.39112377 0.45
vt 0.39112377 0.5
vt 0.5227567 0.19999999
vt 0.60609007 0.25
vt 0.60609 0.19999999
vt 0.5227567 0.25
vt 0.3911238 0.25
vt 0.39112377 0.19999999
vt 0.39112377 0.5
vt 0.39112377 0.45
vt 0.39112377 0.45
vt 0.39112377 0.5
vt 0.39112377 0.55
vt 0.39112377 0.55
vt 0.60609 0.95
vt 0.60609 0.95
vt 0.60609 1
vt 0.60609 1
vt 0.39112377 0.19999999
vt 0.39112377 0.19999999
vt 0.5227567 0.19999999
vt 0.5227567 0.19999999
vt 0.60609 0.19999999
vt 0.60609 0.19999999
vt 0.5227567 0.54999995
vt 0.39112377 0.55
vt 0.39112377 0.55
vt 0.5227567 0.54999995
vt 0.60609 0.55
vt 0.60609 0.55
vt 0.60609 0
vt 0.60609 0
vt 0.60609 0.049999997
vt 0.60609 0.049999997
vt 0.6641999 0.57352
vt 0.6641999 0.57352
vt 0 0
vt 0.6641999 0.53919995
vt 0.69851995 0.53919995
vt 0.6641999 0.53919995
vt 0 0
vt 0.69851995 0.53919995
vt 0.83580005 0.5391999
vt 0 0
vt 0.83580005 0.57351995
vt 0.83580005 0.57351995
vt 0.80148005 0.5391999
vt 0.80148005 0.5391999
vt 0 0
vt 0.83580005 0.5391999
vt 0.60609 0.19999999
vt 0.60609007 0.25
vt 0.625 0.25
vt 0.625 0.2
vt 0.625 0.2
vt 0.625 0.25
vt 0.60609 0.15
vt 0.625 0.15
vt 0.5227567 0.15
vt 0.5227567 0.19999999
vt 0.39112377 0.19999999
vt 0.39112377 0.15
vt 0.39112377 0.1
vt 0.5227567 0.1
vt 0.39112377 0.05
vt 0.5227567 0.049999997
vt 0.60609007 0.1
vt 0.60609 0.049999997
vt 0.625 0.1
vt 0.625 0.1
vt 0.625 0.15
vt 0.625 0.05
vt 0.60609 0
vt 0.625 0
vt 0.625 0
vt 0.625 0.05
vt 0.60609 0.45
vt 0.60608995 0.49999997
vt 0.625 0.5
vt 0.625 0.45
vt 0.625 0.45
vt 0.625 0.5
vt 0.60609007 0.39999998
vt 0.625 0.4
vt 0.5227567 0.39999998
vt 0.5227567 0.45
vt 0.60609007 0.35000002
vt 0.39112377 0.40000004
vt 0.39112377 0.45
vt 0.39112377 0.34999996
vt 0.5227567 0.35
vt 0.3911237 0.29999998
vt 0.5227567 0.3
vt 0.60609 0.3
vt 0.625 0.35000002
vt 0.625 0.35000002
vt 0.625 0.4
vt 0.625 0.3
vt 0.60609007 0.25
vt 0.625 0.25
vt 0.625 0.25
vt 0.625 0.3
vt 0.60609 0.7
vt 0.60609007 0.75000006
vt 0.625 0.75
vt 0.625 0.7
vt 0.625 0.7
vt 0.625 0.75
vt 0.60609007 0.65
vt 0.625 0.65
vt 0.5227567 0.65
vt 0.5227567 0.70000005
vt 0.60609 0.6
vt 0.39112377 0.65000004
vt 0.39112377 0.70000005
vt 0.39112377 0.6
vt 0.5227567 0.6
vt 0.39112377 0.55
vt 0.5227567 0.54999995
vt 0.60609 0.55
vt 0.625 0.6
vt 0.625 0.6
vt 0.625 0.65
vt 0.625 0.55
vt 0.60608995 0.49999997
vt 0.625 0.5
vt 0.625 0.5
vt 0.625 0.55
vt 0.60609 0.95
vt 0.60609 1
vt 0.625 1
vt 0.625 0.95
vt 0.625 0.95
vt 0.625 1
vt 0.60609007 0.9
vt 0.625 0.9
vt 0.5227567 0.90000004
vt 0.5227567 0.9499999
vt 0.39112377 0.95000005
vt 0.39112377 0.90000004
vt 0.5227567 0.85
vt 0.39112377 0.85
vt 0.60608995 0.85
vt 0.5227567 0.79999995
vt 0.39112377 0.79999995
vt 0.60609 0.79999995
vt 0.625 0.85
vt 0.625 0.85
vt 0.625 0.9
vt 0.625 0.8
vt 0.60609007 0.75000006
vt 0.625 0.75
vt 0.625 0.75
vt 0.625 0.8
vt 0.775 0.5
vt 0.775 0.5
vt 0.76716 0.53919995
vt 0.76716 0.53919995
vt 0.80148005 0.5391999
vt 0.80148005 0.5391999
vt 0.825 0.5
vt 0.825 0.5
vt 0.6641999 0.57352
vt 0.625 0.55
vt 0.625 0.6
vt 0.66419995 0.60784006
vt 0.66419995 0.64216006
vt 0.625 0.65
vt 0.625 0.7
vt 0.66419995 0.6764801
vt 0.8358001 0.67648005
vt 0.875 0.70000005
vt 0.875 0.65000004
vt 0.83580005 0.64216
vt 0.875 0.55
vt 0.875 0.55
vt 0.83580005 0.57351995
vt 0.83580005 0.57351995
vt 0.83580005 0.60783994
vt 0.875 0.6
vt 0.875 0.55
vt 0.83580005 0.57351995
vt 0.825 0.75
vt 0.825 0.75
vt 0.80148005 0.71080005
vt 0.80148005 0.71080005
vt 0.69852 0.7108002
vt 0.675 0.75
vt 0.725 0.75
vt 0.73284006 0.7108002
vt 0.76716006 0.7108001
vt 0.775 0.75
vt 0.825 0.75
vt 0.80148005 0.71080005
vt 0.83580005 0.60783994
vt 0.83580005 0.60783994
vt 0.875 0.6
vt 0.875 0.6
vt 0.80148005 0.5391999
vt 0.825 0.5
vt 0.775 0.5
vt 0.76716 0.53919995
vt 0.76716006 0.7108001
vt 0.76716006 0.7108001
vt 0.775 0.75
vt 0.775 0.75
vt 0.73283994 0.53919995
vt 0.7249999 0.5
vt 0.67499995 0.5
vt 0.69851995 0.53919995
vt 0 0
vt 0 0
vt 0 0
vt 0 0
vt 0 0
vt 0 0
vt 0 0
vt 0 0
vt 0 0
vt 0 0
vt 0 0
vt 0 0
vt 0 0
vt 0 0
vt 0 0
vt 0 0
vt 0.83580005 0.57351995
vt 0.875 0.55
vt 0.875 0.5
vt 0.83580005 0.5391999
vt 0.825 0.5
vt 0.80148005 0.5391999
vt 0.69851995 0.53919995
vt 0.67499995 0.5
vt 0.625 0.5
vt 0.6641999 0.53919995
vt 0.625 0.55
vt 0.6641999 0.57352
vt 0.66419995 0.6764801
vt 0.625 0.7
vt 0.625 0.75
vt 0.66419995 0.7108002
vt 0.675 0.75
vt 0.69852 0.7108002
vt 0.80148005 0.71080005
vt 0.825 0.75
vt 0.875 0.75
vt 0.83580005 0.71080005
vt 0.875 0.70000005
vt 0.8358001 0.67648005
vt 0.66419995 0.60784006
vt 0.625 0.6
vt 0.625 0.65
vt 0.66419995 0.64216006
vt 0.83580005 0.64216
vt 0.875 0.65000004
vt 0.875 0.6
vt 0.83580005 0.60783994
vt 0.73284006 0.7108002
vt 0.725 0.75
vt 0.775 0.75
vt 0.76716006 0.7108001
vt 0.76716 0.53919995
vt 0.775 0.5
vt 0.7249999 0.5
vt 0.73283994 0.53919995
vt 0.73283994 0.53919995
vt 0.73283994 0.53919995
vt 0.7249999 0.5
vt 0.7249999 0.5
vt 0.8358001 0.67648005
vt 0 0
vt 0.83580005 0.71080005
vt 0.8358001 0.67648005
vt 0.67499995 0.5
vt 0.67499995 0.5
vt 0.69851995 0.53919995
vt 0.69851995 0.53919995
vt 0.76716 0.53919995
vt 0.76716 0.53919995
vt 0.73283994 0.53919995
vt 0.73283994 0.53919995
vt 0.83580005 0.71080005
vt 0 0
vt 0.80148005 0.71080005
vt 0.80148005 0.71080005
vt 0.69852 0.7108002
vt 0 0
vt 0.66419995 0.7108002
vt 0.69852 0.7108002
vt 0.6641999 0.57352
vt 0.6641999 0.57352
vt 0.625 0.55
vt 0.625 0.55
vt 0.83580005 0.64216
vt 0.83580005 0.64216
vt 0.83580005 0.60783994
vt 0.83580005 0.60783994
vt 0.625 0.6
vt 0.625 0.6
vt 0.66419995 0.60784006
vt 0.66419995 0.60784006
vt 0.73284006 0.7108002
vt 0.73284006 0.7108002
vt 0.76716006 0.7108001
vt 0.76716006 0.7108001
vt 0.66419995 0.64216006
vt 0.66419995 0.64216006
vt 0.625 0.65
vt 0.625 0.65
vt 0.66419995 0.6764801
vt 0.66419995 0.7108002
vt 0 0
vt 0.66419995 0.6764801
vt 0.625 0.7
vt 0.625 0.7
vt 0.66419995 0.6764801
vt 0.66419995 0.6764801
vt 0.69852 0.7108002
vt 0.69852 0.7108002
vt 0.675 0.75
vt 0.675 0.75
vt 0.8358001 0.67648005
vt 0.8358001 0.67648005
vt 0.875 0.70000005
vt 0.875 0.70000005
vt 0.725 0.75
vt 0.725 0.75
vt 0.73284006 0.7108002
vt 0.73284006 0.7108002
vt 0.66419995 0.60784006
vt 0.66419995 0.60784006
vt 0.66419995 0.64216006
vt 0.66419995 0.64216006
vt 0.875 0.65000004
vt 0.875 0.65000004
vt 0.83580005 0.64216
vt 0.83580005 0.64216
vt 0.5227567 0.39999998
vt 0.5227567 0.39999998
vt 0.5227567 0.35
vt 0.5227567 0.35
vt 0.5227567 0.9499999
vt 0.60609 0.95
vt 0.60609 0.95
vt 0.5227567 0.9499999
vt 0.39112377 0.95000005
vt 0.39112377 0.95000005
vt 0.39112377 0.95000005
vt 0.39112377 0.95000005
vt 0.5227567 0.85
vt 0.5227567 0.85
vt 0.60608995 0.85
vt 0.60608995 0.85
vt 0.5227567 0.1
vt 0.5227567 0.1
vt 0.60609007 0.1
vt 0.60609007 0.1
vt 0.60608995 0.49999997
vt 0.60609 0.55
vt 0.60609 0.55
vt 0.60608995 0.49999997
vt 0.60609 0.45
vt 0.60609 0.45
vt 0.5227567 0.6
vt 0.5227567 0.6
vt 0.60609 0.6
vt 0.60609 0.6
vt 0.60609 0.049999997
vt 0.60609 0.049999997
vt 0.5227567 0.049999997
vt 0.5227567 0.049999997
vt 0.39112377 0.05
vt 0.39112377 0.05
vt 0.39112377 0.05
vt 0.39112377 0.05
vt 0.5227567 0.70000005
vt 0.60609 0.7
vt 0.60609 0.7
vt 0.5227567 0.70000005
vt 0.39112377 0.70000005
vt 0.39112377 0.70000005
vt 0.39112377 0.70000005
vt 0.39112377 0.70000005
vt 0.5227567 0.35
vt 0.5227567 0.39999998
vt 0.60609007 0.39999998
vt 0.60609007 0.35000002
vt 0.5227567 0.85
vt 0.5227567 0.90000004
vt 0.60609007 0.9
vt 0.60608995 0.85
vt 0.5227567 0.1
vt 0.5227567 0.15
vt 0.60609 0.15
vt 0.60609007 0.1
vt 0.5227567 0.6
vt 0.5227567 0.65
vt 0.60609007 0.65
vt 0.60609 0.6
vt 0.5227567 0.35
vt 0.5227567 0.35
vt 0.60609007 0.35000002
vt 0.60609007 0.35000002
vt 0.60609007 0.65
vt 0.60609007 0.65
vt 0.5227567 0.65
vt 0.5227567 0.65
vt 0.5227567 0.90000004
vt 0.5227567 0.90000004
vt 0.5227567 0.85
vt 0.5227567 0.85
vt 0.60609007 0.35000002
vt 0.60609007 0.35000002
vt 0.60609007 0.39999998
vt 0.60609007 0.39999998
vt 0.60609 0.15
vt 0.60609 0.15
vt 0.5227567 0.15
vt 0.5227567 0.15
vt 0.5227567 0.15
vt 0.5227567 0.15
vt 0.5227567 0.1
vt 0.5227567 0.1
vt 0.60608995 0.85
vt 0.60608995 0.85
vt 0.60609007 0.9
vt 0.60609007 0.9
vt 0.5227567 0.65
vt 0.5227567 0.65
vt 0.5227567 0.6
vt 0.5227567 0.6
vt 0.60609007 0.9
vt 0.60609007 0.9
vt 0.5227567 0.90000004
vt 0.5227567 0.90000004
vt 0.60609007 0.1
vt 0.60609007 0.1
vt 0.60609 0.15
vt 0.60609 0.15
vt 0.60609007 0.39999998
vt 0.60609007 0.39999998
vt 0.5227567 0.39999998
vt 0.5227567 0.39999998
vt 0.60609 0.6
vt 0.60609 0.6
vt 0.60609007 0.65
vt 0.60609007 0.65
vt 0.39112374 0.74999994
vt 0.39112374 0.74999994
vt 0.39112377 0.79999995
vt 0.39112377 0.79999995
vt 0.39112377 0.85
vt 0.39112377 0.85
vt 0.39112377 0.90000004
vt 0.39112377 0.90000004
vt 0.39112377 0.95000005
vt 0.39112377 0.95000005
vt 0.39112377 1
vt 0.39112377 1
vt 0.39112377 0.5
vt 0.39112377 0.5
vt 0.39112377 0.55
vt 0.39112377 0.55
vt 0.39112377 0.6
vt 0.39112377 0.6
vt 0.39112377 0.65000004
vt 0.39112377 0.65000004
vt 0.39112377 0.70000005
vt 0.39112377 0.70000005
vt 0.39112374 0.74999994
vt 0.39112374 0.74999994
vt 0.3911238 0.25
vt 0.3911238 0.25
vt 0.3911237 0.29999998
vt 0.3911237 0.29999998
vt 0.39112377 0.34999996
vt 0.39112377 0.34999996
vt 0.39112377 0.40000004
vt 0.39112377 0.40000004
vt 0.39112377 0.45
vt 0.39112377 0.45
vt 0.39112377 0.5
vt 0.39112377 0.5
vt 0.39112377 0
vt 0.39112377 0
vt 0.39112377 0.05
vt 0.39112377 0.05
vt 0.39112377 0.1
vt 0.39112377 0.1
vt 0.39112377 0.15
vt 0.39112377 0.15
vt 0.39112377 0.19999999
vt 0.39112377 0.19999999
vt 0.3911238 0.25
vt 0.3911238 0.25
vt 0.60609007 0.75000006
vt 0.60609 0.79999995
vt 0.60609 0.79999995
vt 0.60609007 0.75000006
vt 0.60609 0.7
vt 0.60609 0.7
vt 0.5227567 0.45
vt 0.60609 0.45
vt 0.60609 0.45
vt 0.5227567 0.45
vt 0.39112377 0.45
vt 0.39112377 0.45
vt 0.60609 0.19999999
vt 0.60609 0.19999999
vt 0.60609007 0.25
vt 0.60609007 0.25
vt 0.60609 0.3
vt 0.60609 0.3
vt 0.60609 0.79999995
vt 0.60609 0.79999995
vt 0.5227567 0.79999995
vt 0.5227567 0.79999995
vt 0.39112377 0.79999995
vt 0.39112377 0.79999995
vt 0.39112377 0.79999995
vt 0.39112377 0.79999995
vt 0.3911238 0.25
vt 0.375 0.25
vt 0.375 0.3
vt 0.3911237 0.29999998
vt 0.39112377 0.34999996
vt 0.375 0.35
vt 0.39112377 0.40000004
vt 0.375 0.4
vt 0.39112377 0.45
vt 0.375 0.45000002
vt 0.39112377 0.5
vt 0.375 0.5
vt 0.39112374 0.74999994
vt 0.375 0.75
vt 0.375 0.79999995
vt 0.39112377 0.79999995
vt 0.375 0.84999996
vt 0.39112377 0.85
vt 0.375 0.90000004
vt 0.39112377 0.90000004
vt 0.375 0.95000005
vt 0.39112377 0.95000005
vt 0.39112377 1
vt 0.375 1
vt 0.39112377 0.05
vt 0.39112377 0
vt 0.375 0
vt 0.375 0.05
vt 0.39112377 0.1
vt 0.375 0.1
vt 0.39112377 0.15
vt 0.375 0.15
vt 0.375 0.2
vt 0.39112377 0.19999999
vt 0.375 0.25
vt 0.3911238 0.25
vt 0.39112377 0.55
vt 0.39112377 0.5
vt 0.375 0.5
vt 0.375 0.55
vt 0.39112377 0.6
vt 0.375 0.6
vt 0.39112377 0.65000004
vt 0.375 0.65000004
vt 0.39112377 0.70000005
vt 0.375 0.70000005
vt 0.39112374 0.74999994
vt 0.375 0.75
vt 0 0
vt 0 0
vt 0 0
vt 0 0
vt 0.5227567 0.25
vt 0.60609 0.3
vt 0.60609007 0.25
vt 0.5227567 0.3
vt 0.3911237 0.29999998
vt 0.3911238 0.25
vt 0.3911237 0.29999998
vt 0.3911238 0.25
vt 0.5227567 0.75
vt 0.60609 0.79999995
vt 0.60609007 0.75000006
vt 0.5227567 0.79999995
vt 0.39112377 0.79999995
vt 0.39112374 0.74999994
vt 0.39112377 0.79999995
vt 0.39112374 0.74999994
vt 0.5227567 0
vt 0.60609 0.049999997
vt 0.60609 0
vt 0.5227567 0.049999997
vt 0.39112377 0
vt 0.39112377 0.05
vt 0.39112377 0.05
vt 0.39112377 0
vt 0.5227567 0.5
vt 0.60609 0.55
vt 0.60608995 0.49999997
vt 0.5227567 0.54999995
vt 0.39112377 0.5
vt 0.39112377 0.55
vt 0.5227567 0.9499999
vt 0.60609 1
vt 0.60609 0.95
vt 0.52275664 0.99999994
vt 0.39112377 0.95000005
vt 0.39112377 1
vt 0.39112377 1
vt 0.39112377 0.95000005
vt 0.5227567 0.70000005
vt 0.60609007 0.75000006
vt 0.60609 0.7
vt 0.5227567 0.75
vt 0.39112377 0.70000005
vt 0.39112374 0.74999994
vt 0.39112374 0.74999994
vt 0.39112377 0.70000005
vt 0.5227567 0.45
vt 0.60608995 0.49999997
vt 0.60609 0.45
vt 0.5227567 0.5
vt 0.39112377 0.45
vt 0.39112377 0.5
vt 0.5227567 0.19999999
vt 0.60609007 0.25
vt 0.60609 0.19999999
vt 0.5227567 0.25
vt 0.3911238 0.25
vt 0.39112377 0.19999999
vt 0.3911238 0.25
vt 0.39112377 0.19999999
vt 0.39112377 0.5
vt 0.39112377 0.45
vt 0.39112377 0.45
vt 0.39112377 0.5
vt 0.39112377 0.55
vt 0.39112377 0.55
vt 0.60609 0.95
vt 0.60609 0.95
vt 0.60609 1
vt 0.60609 1
vt 0.60609 0.3
vt 0.60609 0.3
vt 0.5227567 0.3
vt 0.5227567 0.3
vt 0.3911237 0.29999998
vt 0.3911237 0.29999998
vt 0.3911237 0.29999998
vt 0.3911237 0.29999998
vt 0.5227567 0.54999995
vt 0.39112377 0.55
vt 0.39112377 0.55
vt 0.5227567 0.54999995
vt 0.60609 0.55
vt 0.60609 0.55
vt 0.60609 0
vt 0.60609 0
vt 0.60609 0.049999997
vt 0.60609 0.049999997
vt 0.5227567 0.19999999
vt 0.60609 0.19999999
vt 0.60609 0.19999999
vt 0.5227567 0.19999999
vt 0.39112377 0.19999999
vt 0.39112377 0.19999999
vt 0.39112377 0.19999999
vt 0.39112377 0.19999999
vt 0.39112377 0.5
vt 0.39112377 0.45
vt 0.39112377 0.45
vt 0.39112377 0.5
vt 0.39112377 0.55
vt 0.39112377 0.5
vt 0.39112377 0.5
vt 0.39112377 0.55
vt 0.39112377 0.55
vt 0.39112377 0.55
vt 0.39112377 0.55
vt 0.39112377 0.55
vt 0.39112377 0.45
vt 0.39112377 0.45
vt 0.39112377 0.45
vt 0.39112377 0.45
vt 0.6641999 0.57352
vt 0.6641999 0.57352
vt 0 0
vt 0.6641999 0.53919995
vt 0.69851995 0.53919995
vt 0.6641999 0.53919995
vt 0 0
vt 0.69851995 0.53919995
vt 0.83580005 0.5391999
vt 0 0
vt 0.83580005 0.57351995
vt 0.83580005 0.57351995
vt 0.80148005 0.5391999
vt 0.80148005 0.5391999
vt 0 0
vt 0.83580005 0.5391999
vt 0.60609 0.19999999
vt 0.60609007 0.25
vt 0.625 0.25
vt 0.625 0.2
vt 0.625 0.2
vt 0.625 0.25
vt 0.60609 0.15
vt 0.625 0.15
vt 0.5227567 0.15
vt 0.5227567 0.19999999
vt 0.39112377 0.19999999
vt 0.39112377 0.15
vt 0.39112377 0.1
vt 0.5227567 0.1
vt 0.39112377 0.05
vt 0.5227567 0.049999997
vt 0.60609007 0.1
vt 0.60609 0.049999997
vt 0.625 0.1
vt 0.625 0.1
vt 0.625 0.15
vt 0.625 0.05
vt 0.60609 0
vt 0.625 0
vt 0.625 0
vt 0.625 0.05
vt 0.60609 0.45
vt 0.60608995 0.49999997
vt 0.625 0.5
vt 0.625 0.45
vt 0.625 0.45
vt 0.625 0.5
vt 0.60609007 0.39999998
vt 0.625 0.4
vt 0.5227567 0.39999998
vt 0.5227567 0.45
vt 0.60609007 0.35000002
vt 0.39112377 0.40000004
vt 0.39112377 0.45
vt 0.39112377 0.34999996
vt 0.5227567 0.35
vt 0.3911237 0.29999998
vt 0.5227567 0.3
vt 0.60609 0.3
vt 0.625 0.35000002
vt 0.625 0.35000002
vt 0.625 0.4
vt 0.625 0.3
vt 0.60609007 0.25
vt 0.625 0.25
vt 0.625 0.25
vt 0.625 0.3
vt 0.60609 0.7
vt 0.60609007 0.75000006
vt 0.625 0.75
vt 0.625 0.7
vt 0.625 0.7
vt 0.625 0.75
vt 0.60609007 0.65
vt 0.625 0.65
vt 0.5227567 0.65
vt 0.5227567 0.70000005
vt 0.60609 0.6
vt 0.39112377 0.65000004
vt 0.39112377 0.70000005
vt 0.39112377 0.6
vt 0.5227567 0.6
vt 0.39112377 0.55
vt 0.5227567 0.54999995
vt 0.60609 0.55
vt 0.625 0.6
vt 0.625 0.6
vt 0.625 0.65
vt 0.625 0.55
vt 0.60608995 0.49999997
vt 0.625 0.5
vt 0.625 0.5
vt 0.625 0.55
vt 0.60609 0.95
vt 0.60609 1
vt 0.625 1
vt 0.625 0.95
vt 0.625 0.95
vt 0.625 1
vt 0.60609007 0.9
vt 0.625 0.9
vt 0.5227567 0.90000004
vt 0.5227567 0.9499999
vt 0.39112377 0.95000005
vt 0.39112377 0.90000004
vt 0.5227567 0.85
vt 0.39112377 0.85
vt 0.60608995 0.85
vt 0.5227567 0.79999995
vt 0.39112377 0.79999995
vt 0.60609 0.79999995
vt 0.625 0.85
vt 0.625 0.85
vt 0.625 0.9
vt 0.625 0.8
vt 0.60609007 0.75000006
vt 0.625 0.75
vt 0.625 0.75
vt 0.625 0.8
vt 0.775 0.5
vt 0.775 0.5
vt 0.76716 0.53919995
vt 0.76716 0.53919995
vt 0.80148005 0.5391999
vt 0.80148005 0.5391999
vt 0.825 0.5
vt 0.825 0.5
vt 0.6641999 0.57352
vt 0.625 0.55
vt 0.625 0.6
vt 0.66419995 0.60784006
vt 0.66419995 0.64216006
vt 0.625 0.65
vt 0.625 0.7
vt 0.66419995 0.6764801
vt 0.8358001 0.67648005
vt 0.875 0.70000005
vt 0.875 0.65000004
vt 0.83580005 0.64216
vt 0.875 0.55
vt 0.875 0.55
vt 0.83580005 0.57351995
vt 0.83580005 0.57351995
vt 0.83580005 0.60783994
vt 0.875 0.6
vt 0.875 0.55
vt 0.83580005 0.57351995
vt 0.825 0.75
vt 0.825 0.75
vt 0.80148005 0.71080005
vt 0.80148005 0.71080005
vt 0.69852 0.7108002
vt 0.675 0.75
vt 0.725 0.75
vt 0.73284006 0.7108002
vt 0.76716006 0.7108001
vt 0.775 0.75
vt 0.825 0.75
vt 0.80148005 0.71080005
vt 0.83580005 0.60783994
vt 0.83580005 0.60783994
vt 0.875 0.6
vt 0.875 0.6
vt 0.80148005 0.5391999
vt 0.825 0.5
vt 0.775 0.5
vt 0.76716 0.53919995
vt 0.76716006 0.7108001
vt 0.76716006 0.7108001
vt 0.775 0.75
vt 0.775 0.75
vt 0.73283994 0.53919995
vt 0.7249999 0.5
vt 0.67499995 0.5
vt 0.69851995 0.53919995
vt 0 0
vt 0 0
vt 0 0
vt 0 0
vt 0 0
vt 0 0
vt 0 0
vt 0 0
vt 0 0
vt 0 0
vt 0 0
vt 0 0
vt 0 0
vt 0 0
vt 0 0
vt 0 0
vt 0.83580005 0.57351995
vt 0.875 0.55
vt 0.875 0.5
vt 0.83580005 0.5391999
vt 0.825 0.5
vt 0.80148005 0.5391999
vt 0.69851995 0.53919995
vt 0.67499995 0.5
vt 0.625 0.5
vt 0.6641999 0.53919995
vt 0.625 0.55
vt 0.6641999 0.57352
vt 0.66419995 0.6764801
vt 0.625 0.7
vt 0.625 0.75
vt 0.66419995 0.7108002
vt 0.675 0.75
vt 0.69852 0.7108002
vt 0.80148005 0.71080005
vt 0.825 0.75
vt 0.875 0.75
vt 0.83580005 0.71080005
vt 0.875 0.70000005
vt 0.8358001 0.67648005
vt 0.66419995 0.60784006
vt 0.625 0.6
vt 0.625 0.65
vt 0.66419995 0.64216006
vt 0.83580005 0.64216
vt 0.875 0.65000004
vt 0.875 0.6
vt 0.83580005 0.60783994
vt 0.73284006 0.7108002
vt 0.725 0.75
vt 0.775 0.75
vt 0.76716006 0.7108001
vt 0.76716 0.53919995
vt 0.775 0.5
vt 0.7249999 0.5
vt 0.73283994 0.53919995
vt 0.73283994 0.53919995
vt 0.73283994 0.53919995
vt 0.7249999 0.5
vt 0.7249999 0.5
vt 0.8358001 0.67648005
vt 0 0
vt 0.83580005 0.71080005
vt 0.8358001 0.67648005
vt 0.67499995 0.5
vt 0.67499995 0.5
vt 0.69851995 0.53919995
vt 0.69851995 0.53919995
vt 0.76716 0.53919995
vt 0.76716 0.53919995
vt 0.73283994 0.53919995
vt 0.73283994 0.53919995
vt 0.83580005 0.71080005
vt 0 0
vt 0.80148005 0.71080005
vt 0.80148005 0.71080005
vt 0.69852 0.7108002
vt 0 0
vt 0.66419995 0.7108002
vt 0.69852 0.7108002
vt 0.6641999 0.57352
vt 0.6641999 0.57352
vt 0.625 0.55
vt 0.625 0.55
vt 0.83580005 0.64216
vt 0.83580005 0.64216
vt 0.83580005 0.60783994
vt 0.83580005 0.60783994
vt 0.625 0.6
vt 0.625 0.6
vt 0.66419995 0.60784006
vt 0.66419995 0.60784006
vt 0.73284006 0.7108002
vt 0.73284006 0.7108002
vt 0.76716006 0.7108001
vt 0.76716006 0.7108001
vt 0.66419995 0.64216006
vt 0.66419995 0.64216006
vt 0.625 0.65
vt 0.625 0.65
vt 0.66419995 0.6764801
vt 0.66419995 0.7108002
vt 0 0
vt 0.66419995 0.6764801
vt 0.625 0.7
vt 0.625 0.7
vt 0.66419995 0.6764801
vt 0.66419995 0.6764801
vt 0.69852 0.7108002
vt 0.69852 0.7108002
vt 0.675 0.75
vt 0.675 0.75
vt 0.8358001 0.67648005
vt 0.8358001 0.67648005
vt 0.875 0.70000005
vt 0.875 0.70000005
vt 0.725 0.75
vt 0.725 0.75
vt 0.73284006 0.7108002
vt 0.73284006 0.7108002
vt 0.66419995 0.60784006
vt 0.66419995 0.60784006
vt 0.66419995 0.64216006
vt 0.66419995 0.64216006
vt 0.875 0.65000004
vt 0.875 0.65000004
vt 0.83580005 0.64216
vt 0.83580005 0.64216
vt 0.5227567 0.39999998
vt 0.5227567 0.39999998
vt 0.5227567 0.35
vt 0.5227567 0.35
vt 0.5227567 0.9499999
vt 0.60609 0.95
vt 0.60609 0.95
vt 0.5227567 0.9499999
vt 0.39112377 0.95000005
vt 0.39112377 0.95000005
vt 0.5227567 0.85
vt 0.5227567 0.85
vt 0.60608995 0.85
vt 0.60608995 0.85
vt 0.5227567 0.1
vt 0.5227567 0.1
vt 0.60609007 0.1
vt 0.60609007 0.1
vt 0.60608995 0.49999997
vt 0.60609 0.55
vt 0.60609 0.55
vt 0.60608995 0.49999997
vt 0.60609 0.45
vt 0.60609 0.45
vt 0.5227567 0.6
vt 0.5227567 0.6
vt 0.60609 0.6
vt 0.60609 0.6
vt 0.60609 0.049999997
vt 0.60609 0.049999997
vt 0.5227567 0.049999997
vt 0.5227567 0.049999997
vt 0.39112377 0.05
vt 0.39112377 0.05
vt 0.5227567 0.70000005
vt 0.60609 0.7
vt 0.60609 0.7
vt 0.5227567 0.70000005
vt 0.39112377 0.70000005
vt 0.39112377 0.70000005
vt 0.5227567 0.3
vt 0.3911237 0.29999998
vt 0.3911237 0.29999998
vt 0.5227567 0.3
vt 0.60609 0.3
vt 0.60609 0.3
vt 0.5227567 0.35
vt 0.5227567 0.39999998
vt 0.60609007 0.39999998
vt 0.60609007 0.35000002
vt 0.5227567 0.85
vt 0.5227567 0.90000004
vt 0.60609007 0.9
vt 0.60608995 0.85
vt 0.5227567 0.1
vt 0.5227567 0.15
vt 0.60609 0.15
vt 0.60609007 0.1
vt 0.5227567 0.6
vt 0.5227567 0.65
vt 0.60609007 0.65
vt 0.60609 0.6
vt 0.5227567 0.35
vt 0.5227567 0.35
vt 0.60609007 0.35000002
vt 0.60609007 0.35000002
vt 0.60609007 0.65
vt 0.60609007 0.65
vt 0.5227567 0.65
vt 0.5227567 0.65
vt 0.5227567 0.90000004
vt 0.5227567 0.90000004
vt 0.5227567 0.85
vt 0.5227567 0.85
vt 0.60609007 0.35000002
vt 0.60609007 0.35000002
vt 0.60609007 0.39999998
vt 0.60609007 0.39999998
vt 0.60609 0.15
vt 0.60609 0.15
vt 0.5227567 0.15
vt 0.5227567 0.15
vt 0.5227567 0.15
vt 0.5227567 0.15
vt 0.5227567 0.1
vt 0.5227567 0.1
vt 0.60608995 0.85
vt 0.60608995 0.85
vt 0.60609007 0.9
vt 0.60609007 0.9
vt 0.5227567 0.65
vt 0.5227567 0.65
vt 0.5227567 0.6
vt 0.5227567 0.6
vt 0.60609007 0.9
vt 0.60609007 0.9
vt 0.5227567 0.90000004
vt 0.5227567 0.90000004
vt 0.60609007 0.1
vt 0.60609007 0.1
vt 0.60609 0.15
vt 0.60609 0.15
vt 0.60609007 0.39999998
vt 0.60609007 0.39999998
vt 0.5227567 0.39999998
vt 0.5227567 0.39999998
vt 0.60609 0.6
vt 0.60609 0.6
vt 0.60609007 0.65
vt 0.60609007 0.65
vt 0.60609007 0.75000006
vt 0.60609 0.79999995
vt 0.60609 0.79999995
vt 0.60609007 0.75000006
vt 0.60609 0.7
vt 0.60609 0.7
vt 0.5227567 0.45
vt 0.60609 0.45
vt 0.60609 0.45
vt 0.5227567 0.45
vt 0.39112377 0.45
vt 0.39112377 0.45
vt 0.60609 0.19999999
vt 0.60609 0.19999999
vt 0.60609007 0.25
vt 0.60609007 0.25
vt 0.60609 0.3
vt 0.60609 0.3
vt 0.60609 0.79999995
vt 0.60609 0.79999995
vt 0.5227567 0.79999995
vt 0.5227567 0.79999995
vt 0.39112377 0.79999995
vt 0.39112377 0.79999995
vt 0 0
vt 0 0
vt 0 0
vt 0 0
vt 0.5227567 0.25
vt 0.60609 0.3
vt 0.60609007 0.25
vt 0.5227567 0.3
vt 0.3911237 0.29999998
vt 0.3911238 0.25
vt 0.5227567 0.75
vt 0.60609 0.79999995
vt 0.60609007 0.75000006
vt 0.5227567 0.79999995
vt 0.39112377 0.79999995
vt 0.39112374 0.74999994
vt 0.5227567 0
vt 0.60609 0.049999997
vt 0.60609 0
vt 0.5227567 0.049999997
vt 0.39112377 0
vt 0.39112377 0.05
vt 0.5227567 0.5
vt 0.60609 0.55
vt 0.60608995 0.49999997
vt 0.5227567 0.54999995
vt 0.39112377 0.5
vt 0.39112377 0.55
vt 0.5227567 0.9499999
vt 0.60609 1
vt 0.60609 0.95
vt 0.52275664 0.99999994
vt 0.39112377 0.95000005
vt 0.39112377 1
vt 0.5227567 0.70000005
vt 0.60609007 0.75000006
vt 0.60609 0.7
vt 0.5227567 0.75
vt 0.39112377 0.70000005
vt 0.39112374 0.74999994
vt 0.5227567 0.45
vt 0.60608995 0.49999997
vt 0.60609 0.45
vt 0.5227567 0.5
vt 0.39112377 0.45
vt 0.39112377 0.5
vt 0.5227567 0.19999999
vt 0.60609007 0.25
vt 0.60609 0.19999999
vt 0.5227567 0.25
vt 0.3911238 0.25
vt 0.39112377 0.19999999
vt 0.39112377 0.5
vt 0.39112377 0.45
vt 0.39112377 0.45
vt 0.39112377 0.5
vt 0.39112377 0.55
vt 0.39112377 0.55
vt 0.60609 0.95
vt 0.60609 0.95
vt 0.60609 1
vt 0.60609 1
vt 0.39112377 0.19999999
vt 0.39112377 0.19999999
vt 0.5227567 0.19999999
vt 0.5227567 0.19999999
vt 0.60609 0.19999999
vt 0.60609 0.19999999
vt 0.5227567 0.54999995
vt 0.39112377 0.55
vt 0.39112377 0.55
vt 0.5227567 0.54999995
vt 0.60609 0.55
vt 0.60609 0.55
vt 0.60609 0
vt 0.60609 0
vt 0.60609 0.049999997
vt 0.60609 0.049999997
vt 0.6641999 0.57352
vt 0.6641999 0.57352
vt 0 0
vt 0.6641999 0.53919995
vt 0.69851995 0.53919995
vt 0.6641999 0.53919995
vt 0 0
vt 0.69851995 0.53919995
vt 0.83580005 0.5391999
vt 0 0
vt 0.83580005 0.57351995
vt 0.83580005 0.57351995
vt 0.80148005 0.5391999
vt 0.80148005 0.5391999
vt 0 0
vt 0.83580005 0.5391999
vt 0.60609 0.19999999
vt 0.60609007 0.25
vt 0.625 0.25
vt 0.625 0.2
vt 0.625 0.2
vt 0.625 0.25
vt 0.60609 0.15
vt 0.625 0.15
vt 0.5227567 0.15
vt 0.5227567 0.19999999
vt 0.39112377 0.19999999
vt 0.39112377 0.15
vt 0.39112377 0.1
vt 0.5227567 0.1
vt 0.39112377 0.05
vt 0.5227567 0.049999997
vt 0.60609007 0.1
vt 0.60609 0.049999997
vt 0.625 0.1
vt 0.625 0.1
vt 0.625 0.15
vt 0.625 0.05
vt 0.60609 0
vt 0.625 0
vt 0.625 0
vt 0.625 0.05
vt 0.60609 0.45
vt 0.60608995 0.49999997
vt 0.625 0.5
vt 0.625 0.45
vt 0.625 0.45
vt 0.625 0.5
vt 0.60609007 0.39999998
vt 0.625 0.4
vt 0.5227567 0.39999998
vt 0.5227567 0.45
vt 0.60609007 0.35000002
vt 0.39112377 0.40000004
vt 0.39112377 0.45
vt 0.39112377 0.34999996
vt 0.5227567 0.35
vt 0.3911237 0.29999998
vt 0.5227567 0.3
vt 0.60609 0.3
vt 0.625 0.35000002
vt 0.625 0.35000002
vt 0.625 0.4
vt 0.625 0.3
vt 0.60609007 0.25
vt 0.625 0.25
vt 0.625 0.25
vt 0.625 0.3
vt 0.60609 0.7
vt 0.60609007 0.75000006
vt 0.625 0.75
vt 0.625 0.7
vt 0.625 0.7
vt 0.625 0.75
vt 0.60609007 0.65
vt 0.625 0.65
vt 0.5227567 0.65
vt 0.5227567 0.70000005
vt 0.60609 0.6
vt 0.39112377 0.65000004
vt 0.39112377 0.70000005
vt 0.39112377 0.6
vt 0.5227567 0.6
vt 0.39112377 0.55
vt 0.5227567 0.54999995
vt 0.60609 0.55
vt 0.625 0.6
vt 0.625 0.6
vt 0.625 0.65
vt 0.625 0.55
vt 0.60608995 0.49999997
vt 0.625 0.5
vt 0.625 0.5
vt 0.625 0.55
vt 0.60609 0.95
vt 0.60609 1
vt 0.625 1
vt 0.625 0.95
vt 0.625 0.95
vt 0.625 1
vt 0.60609007 0.9
vt 0.625 0.9
vt 0.5227567 0.90000004
vt 0.5227567 0.9499999
vt 0.39112377 0.95000005
vt 0.39112377 0.90000004
vt 0.5227567 0.85
vt 0.39112377 0.85
vt 0.60608995 0.85
vt 0.5227567 0.79999995
vt 0.39112377 0.79999995
vt 0.60609 0.79999995
vt 0.625 0.85
vt 0.625 0.85
vt 0.625 0.9
vt 0.625 0.8
vt 0.60609007 0.75000006
vt 0.625 0.75
vt 0.625 0.75
vt 0.625 0.8
vt 0.775 0.5
vt 0.775 0.5
vt 0.76716 0.53919995
vt 0.76716 0.53919995
vt 0.80148005 0.5391999
vt 0.80148005 0.5391999
vt 0.825 0.5
vt 0.825 0.5
vt 0.6641999 0.57352
vt 0.625 0.55
vt 0.625 0.6
vt 0.66419995 0.60784006
vt 0.66419995 0.64216006
vt 0.625 0.65
vt 0.625 0.7
vt 0.66419995 0.6764801
vt 0.8358001 0.67648005
vt 0.875 0.70000005
vt 0.875 0.65000004
vt 0.83580005 0.64216
vt 0.875 0.55
vt 0.875 0.55
vt 0.83580005 0.57351995
vt 0.83580005 0.57351995
vt 0.83580005 0.60783994
vt 0.875 0.6
vt 0.875 0.55
vt 0.83580005 0.57351995
vt 0.825 0.75
vt 0.825 0.75
vt 0.80148005 0.71080005
vt 0.80148005 0.71080005
vt 0.69852 0.7108002
vt 0.675 0.75
vt 0.725 0.75
vt 0.73284006 0.7108002
vt 0.76716006 0.7108001
vt 0.775 0.75
vt 0.825 0.75
vt 0.80148005 0.71080005
vt 0.83580005 0.60783994
vt 0.83580005 0.60783994
vt 0.875 0.6
vt 0.875 0.6
vt 0.80148005 0.5391999
vt 0.825 0.5
vt 0.775 0.5
vt 0.76716 0.53919995
vt 0.76716006 0.7108001
vt 0.76716006 0.7108001
vt 0.775 0.75
vt 0.775 0.75
vt 0.73283994 0.53919995
vt 0.7249999 0.5
vt 0.67499995 0.5
vt 0.69851995 0.53919995
vt 0 0
vt 0 0
vt 0 0
vt 0 0
vt 0 0
vt 0 0
vt 0 0
vt 0 0
vt 0 0
vt 0 0
vt 0 0
vt 0 0
vt 0 0
vt 0 0
vt 0 0
vt 0 0
vt 0.83580005 0.57351995
vt 0.875 0.55
vt 0.875 0.5
vt 0.83580005 0.5391999
vt 0.825 0.5
vt 0.80148005 0.5391999
vt 0.69851995 0.53919995
vt 0.67499995 0.5
vt 0.625 0.5
vt 0.6641999 0.53919995
vt 0.625 0.55
vt 0.6641999 0.57352
vt 0.66419995 0.6764801
vt 0.625 0.7
vt 0.625 0.75
vt 0.66419995 0.7108002
vt 0.675 0.75
vt 0.69852 0.7108002
vt 0.80148005 0.71080005
vt 0.825 0.75
vt 0.875 0.75
vt 0.83580005 0.71080005
vt 0.875 0.70000005
vt 0.8358001 0.67648005
vt 0.66419995 0.60784006
vt 0.625 0.6
vt 0.625 0.65
vt 0.66419995 0.64216006
vt 0.83580005 0.64216
vt 0.875 0.65000004
vt 0.875 0.6
vt 0.83580005 0.60783994
vt 0.73284006 0.7108002
vt 0.725 0.75
vt 0.775 0.75
vt 0.76716006 0.7108001
vt 0.76716 0.53919995
vt 0.775 0.5
vt 0.7249999 0.5
vt 0.73283994 0.53919995
vt 0.73283994 0.53919995
vt 0.73283994 0.53919995
vt 0.7249999 0.5
vt 0.7249999 0.5
vt 0.8358001 0.67648005
vt 0 0
vt 0.83580005 0.71080005
vt 0.8358001 0.67648005
vt 0.67499995 0.5
vt 0.67499995 0.5
vt 0.69851995 0.53919995
vt 0.69851995 0.53919995
vt 0.76716 0.53919995
vt 0.76716 0.53919995
vt 0.73283994 0.53919995
vt 0.73283994 0.53919995
vt 0.83580005 0.71080005
vt 0 0
vt 0.80148005 0.71080005
vt 0.80148005 0.71080005
vt 0.69852 0.7108002
vt 0 0
vt 0.66419995 0.7108002
vt 0.69852 0.7108002
vt 0.6641999 0.57352
vt 0.6641999 0.57352
vt 0.625 0.55
vt 0.625 0.55
vt 0.83580005 0.64216
vt 0.83580005 0.64216
vt 0.83580005 0.60783994
vt 0.83580005 0.60783994
vt 0.625 0.6
vt 0.625 0.6
vt 0.66419995 0.60784006
vt 0.66419995 0.60784006
vt 0.73284006 0.7108002
vt 0.73284006 0.7108002
vt 0.76716006 0.7108001
vt 0.76716006 0.7108001
vt 0.66419995 0.64216006
vt 0.66419995 0.64216006
vt 0.625 0.65
vt 0.625 0.65
vt 0.66419995 0.6764801
vt 0.66419995 0.7108002
vt 0 0
vt 0.66419995 0.6764801
vt 0.625 0.7
vt 0.625 0.7
vt 0.66419995 0.6764801
vt 0.66419995 0.6764801
vt 0.69852 0.7108002
vt 0.69852 0.7108002
vt 0.675 0.75
vt 0.675 0.75
vt 0.8358001 0.67648005
vt 0.8358001 0.67648005
vt 0.875 0.70000005
vt 0.875 0.70000005
vt 0.725 0.75
vt 0.725 0.75
vt 0.73284006 0.7108002
vt 0.73284006 0.7108002
vt 0.66419995 0.60784006
vt 0.66419995 0.60784006
vt 0.66419995 0.64216006
vt 0.66419995 0.64216006
vt 0.875 0.65000004
vt 0.875 0.65000004
vt 0.83580005 0.64216
vt 0.83580005 0.64216
vt 0.5227567 0.39999998
vt 0.5227567 0.39999998
vt 0.5227567 0.35
vt 0.5227567 0.35
vt 0.5227567 0.9499999
vt 0.60609 0.95
vt 0.60609 0.95
vt 0.5227567 0.9499999
vt 0.39112377 0.95000005
vt 0.39112377 0.95000005
vt 0.5227567 0.85
vt 0.5227567 0.85
vt 0.60608995 0.85
vt 0.60608995 0.85
vt 0.5227567 0.1
vt 0.5227567 0.1
vt 0.60609007 0.1
vt 0.60609007 0.1
vt 0.60608995 0.49999997
vt 0.60609 0.55
vt 0.60609 0.55
vt 0.60608995 0.49999997
vt 0.60609 0.45
vt 0.60609 0.45
vt 0.5227567 0.6
vt 0.5227567 0.6
vt 0.60609 0.6
vt 0.60609 0.6
vt 0.60609 0.049999997
vt 0.60609 0.049999997
vt 0.5227567 0.049999997
vt 0.5227567 0.049999997
vt 0.39112377 0.05
vt 0.39112377 0.05
vt 0.5227567 0.70000005
vt 0.60609 0.7
vt 0.60609 0.7
vt 0.5227567 0.70000005
vt 0.39112377 0.70000005
vt 0.39112377 0.70000005
vt 0.5227567 0.3
vt 0.3911237 0.29999998
vt 0.3911237 0.29999998
vt 0.5227567 0.3
vt 0.60609 0.3
vt 0.60609 0.3
vt 0.5227567 0.35
vt 0.5227567 0.39999998
vt 0.60609007 0.39999998
vt 0.60609007 0.35000002
vt 0.5227567 0.85
vt 0.5227567 0.90000004
vt 0.60609007 0.9
vt 0.60608995 0.85
vt 0.5227567 0.1
vt 0.5227567 0.15
vt 0.60609 0.15
vt 0.60609007 0.1
vt 0.5227567 0.6
vt 0.5227567 0.65
vt 0.60609007 0.65
vt 0.60609 0.6
vt 0.5227567 0.35
vt 0.5227567 0.35
vt 0.60609007 0.35000002
vt 0.60609007 0.35000002
vt 0.60609007 0.65
vt 0.60609007 0.65
vt 0.5227567 0.65
vt 0.5227567 0.65
vt 0.5227567 0.90000004
vt 0.5227567 0.90000004
vt 0.5227567 0.85
vt 0.5227567 0.85
vt 0.60609007 0.35000002
vt 0.60609007 0.35000002
vt 0.60609007 0.39999998
vt 0.60609007 0.39999998
vt 0.60609 0.15
vt 0.60609 0.15
vt 0.5227567 0.15
vt 0.5227567 0.15
vt 0.5227567 0.15
vt 0.5227567 0.15
vt 0.5227567 0.1
vt 0.5227567 0.1
vt 0.60608995 0.85
vt 0.60608995 0.85
vt 0.60609007 0.9
vt 0.60609007 0.9
vt 0.5227567 0.65
vt 0.5227567 0.65
vt 0.5227567 0.6
vt 0.5227567 0.6
vt 0.60609007 0.9
vt 0.60609007 0.9
vt 0.5227567 0.90000004
vt 0.5227567 0.90000004
vt 0.60609007 0.1
vt 0.60609007 0.1
vt 0.60609 0.15
vt 0.60609 0.15
vt 0.60609007 0.39999998
vt 0.60609007 0.39999998
vt 0.5227567 0.39999998
vt 0.5227567 0.39999998
vt 0.60609 0.6
vt 0.60609 0.6
vt 0.60609007 0.65
vt 0.60609007 0.65
vt 0.60609007 0.75000006
vt 0.60609 0.79999995
vt 0.60609 0.79999995
vt 0.60609007 0.75000006
vt 0.60609 0.7
vt 0.60609 0.7
vt 0.5227567 0.45
vt 0.60609 0.45
vt 0.60609 0.45
vt 0.5227567 0.45
vt 0.39112377 0.45
vt 0.39112377 0.45
vt 0.60609 0.19999999
vt 0.60609 0.19999999
vt 0.60609007 0.25
vt 0.60609007 0.25
vt 0.60609 0.3
vt 0.60609 0.3
vt 0.60609 0.79999995
vt 0.60609 0.79999995
vt 0.5227567 0.79999995
vt 0.5227567 0.79999995
vt 0.39112377 0.79999995
vt 0.39112377 0.79999995
vt 0 0
vt 0 0
vt 0 0
vt 0 0
vt 0.5227567 0.25
vt 0.60609 0.3
vt 0.60609007 0.25
vt 0.5227567 0.3
vt 0.3911237 0.29999998
vt 0.3911238 0.25
vt 0.5227567 0.75
vt 0.60609 0.79999995
vt 0.60609007 0.75000006
vt 0.5227567 0.79999995
vt 0.39112377 0.79999995
vt 0.39112374 0.74999994
vt 0.5227567 0
vt 0.60609 0.049999997
vt 0.60609 0
vt 0.5227567 0.049999997
vt 0.39112377 0
vt 0.39112377 0.05
vt 0.5227567 0.5
vt 0.60609 0.55
vt 0.60608995 0.49999997
vt 0.5227567 0.54999995
vt 0.39112377 0.5
vt 0.39112377 0.55
vt 0.5227567 0.9499999
vt 0.60609 1
vt 0.60609 0.95
vt 0.52275664 0.99999994
vt 0.39112377 0.95000005
vt 0.39112377 1
vt 0.5227567 0.70000005
vt 0.60609007 0.75000006
vt 0.60609 0.7
vt 0.5227567 0.75
vt 0.39112377 0.70000005
vt 0.39112374 0.74999994
vt 0.5227567 0.45
vt 0.60608995 0.49999997
vt 0.60609 0.45
vt 0.5227567 0.5
vt 0.39112377 0.45
vt 0.39112377 0.5
vt 0.5227567 0.19999999
vt 0.60609007 0.25
vt 0.60609 0.19999999
vt 0.5227567 0.25
vt 0.3911238 0.25
vt 0.39112377 0.19999999
vt 0.39112377 0.5
vt 0.39112377 0.45
vt 0.39112377 0.45
vt 0.39112377 0.5
vt 0.39112377 0.55
vt 0.39112377 0.55
vt 0.60609 0.95
vt 0.60609 0.95
vt 0.60609 1
vt 0.60609 1
vt 0.39112377 0.19999999
vt 0.39112377 0.19999999
vt 0.5227567 0.19999999
vt 0.5227567 0.19999999
vt 0.60609 0.19999999
vt 0.60609 0.19999999
vt 0.5227567 0.54999995
vt 0.39112377 0.55
vt 0.39112377 0.55
vt 0.5227567 0.54999995
vt 0.60609 0.55
vt 0.60609 0.55
vt 0.60609 0
vt 0.60609 0
vt 0.60609 0.049999997
vt 0.60609 0.049999997
vt 0.6641999 0.57352
vt 0.6641999 0.57352
vt 0 0
vt 0.6641999 0.53919995
vt 0.69851995 0.53919995
vt 0.6641999 0.53919995
vt 0 0
vt 0.69851995 0.53919995
vt 0.83580005 0.5391999
vt 0 0
vt 0.83580005 0.57351995
vt 0.83580005 0.57351995
vt 0.80148005 0.5391999
vt 0.80148005 0.5391999
vt 0 0
vt 0.83580005 0.5391999
vt 0.60609 0.19999999
vt 0.60609007 0.25
vt 0.625 0.25
vt 0.625 0.2
vt 0.625 0.2
vt 0.625 0.25
vt 0.60609 0.15
vt 0.625 0.15
vt 0.5227567 0.15
vt 0.5227567 0.19999999
vt 0.39112377 0.19999999
vt 0.39112377 0.15
vt 0.39112377 0.1
vt 0.5227567 0.1
vt 0.39112377 0.05
vt 0.5227567 0.049999997
vt 0.60609007 0.1
vt 0.60609 0.049999997
vt 0.625 0.1
vt 0.625 0.1
vt 0.625 0.15
vt 0.625 0.05
vt 0.60609 0
vt 0.625 0
vt 0.625 0
vt 0.625 0.05
vt 0.60609 0.45
vt 0.60608995 0.49999997
vt 0.625 0.5
vt 0.625 0.45
vt 0.625 0.45
vt 0.625 0.5
vt 0.60609007 0.39999998
vt 0.625 0.4
vt 0.5227567 0.39999998
vt 0.5227567 0.45
vt 0.60609007 0.35000002
vt 0.39112377 0.40000004
vt 0.39112377 0.45
vt 0.39112377 0.34999996
vt 0.5227567 0.35
vt 0.3911237 0.29999998
vt 0.5227567 0.3
vt 0.60609 0.3
vt 0.625 0.35000002
vt 0.625 0.35000002
vt 0.625 0.4
vt 0.625 0.3
vt 0.60609007 0.25
vt 0.625 0.25
vt 0.625 0.25
vt 0.625 0.3
vt 0.60609 0.7
vt 0.60609007 0.75000006
vt 0.625 0.75
vt 0.625 0.7
vt 0.625 0.7
vt 0.625 0.75
vt 0.60609007 0.65
vt 0.625 0.65
vt 0.5227567 0.65
vt 0.5227567 0.70000005
vt 0.60609 0.6
vt 0.39112377 0.65000004
vt 0.39112377 0.70000005
vt 0.39112377 0.6
vt 0.5227567 0.6
vt 0.39112377 0.55
vt 0.5227567 0.54999995
vt 0.60609 0.55
vt 0.625 0.6
vt 0.625 0.6
vt 0.625 0.65
vt 0.625 0.55
vt 0.60608995 0.49999997
vt 0.625 0.5
vt 0.625 0.5
vt 0.625 0.55
vt 0.60609 0.95
vt 0.60609 1
vt 0.625 1
vt 0.625 0.95
vt 0.625 0.95
vt 0.625 1
vt 0.60609007 0.9
vt 0.625 0.9
vt 0.5227567 0.90000004
vt 0.5227567 0.9499999
vt 0.39112377 0.95000005
vt 0.39112377 0.90000004
vt 0.5227567 0.85
vt 0.39112377 0.85
vt 0.60608995 0.85
vt 0.5227567 0.79999995
vt 0.39112377 0.79999995
vt 0.60609 0.79999995
vt 0.625 0.85
vt 0.625 0.85
vt 0.625 0.9
vt 0.625 0.8
vt 0.60609007 0.75000006
vt 0.625 0.75
vt 0.625 0.75
vt 0.625 0.8
vt 0.775 0.5
vt 0.775 0.5
vt 0.76716 0.53919995
vt 0.76716 0.53919995
vt 0.80148005 0.5391999
vt 0.80148005 0.5391999
vt 0.825 0.5
vt 0.825 0.5
vt 0.6641999 0.57352
vt 0.625 0.55
vt 0.625 0.6
vt 0.66419995 0.60784006
vt 0.66419995 0.64216006
vt 0.625 0.65
vt 0.625 0.7
vt 0.66419995 0.6764801
vt 0.8358001 0.67648005
vt 0.875 0.70000005
vt 0.875 0.65000004
vt 0.83580005 0.64216
vt 0.875 0.55
vt 0.875 0.55
vt 0.83580005 0.57351995
vt 0.83580005 0.57351995
vt 0.83580005 0.60783994
vt 0.875 0.6
vt 0.875 0.55
vt 0.83580005 0.57351995
vt 0.825 0.75
vt 0.825 0.75
vt 0.80148005 0.71080005
vt 0.80148005 0.71080005
vt 0.69852 0.7108002
vt 0.675 0.75
vt 0.725 0.75
vt 0.73284006 0.7108002
vt 0.76716006 0.7108001
vt 0.775 0.75
vt 0.825 0.75
vt 0.80148005 0.71080005
vt 0.83580005 0.60783994
vt 0.83580005 0.60783994
vt 0.875 0.6
vt 0.875 0.6
vt 0.80148005 0.5391999
vt 0.825 0.5
vt 0.775 0.5
vt 0.76716 0.53919995
vt 0.76716006 0.7108001
vt 0.76716006 0.7108001
vt 0.775 0.75
vt 0.775 0.75
vt 0.73283994 0.53919995
vt 0.7249999 0.5
vt 0.67499995 0.5
vt 0.69851995 0.53919995
vt 0 0
vt 0 0
vt 0 0
vt 0 0
vt 0 0
vt 0 0
vt 0 0
vt 0 0
vt 0 0
vt 0 0
vt 0 0
vt 0 0
vt 0 0
vt 0 0
vt 0 0
vt 0 0
vt 0.83580005 0.57351995
vt 0.875 0.55
vt 0.875 0.5
vt 0.83580005 0.5391999
vt 0.825 0.5
vt 0.80148005 0.5391999
vt 0.69851995 0.53919995
vt 0.67499995 0.5
vt 0.625 0.5
vt 0.6641999 0.53919995
vt 0.625 0.55
vt 0.6641999 0.57352
vt 0.66419995 0.6764801
vt 0.625 0.7
vt 0.625 0.75
vt 0.66419995 0.7108002
vt 0.675 0.75
vt 0.69852 0.7108002
vt 0.80148005 0.71080005
vt 0.825 0.75
vt 0.875 0.75
vt 0.83580005 0.71080005
vt 0.875 0.70000005
vt 0.8358001 0.67648005
vt 0.66419995 0.60784006
vt 0.625 0.6
vt 0.625 0.65
vt 0.66419995 0.64216006
vt 0.83580005 0.64216
vt 0.875 0.65000004
vt 0.875 0.6
vt 0.83580005 0.60783994
vt 0.73284006 0.7108002
vt 0.725 0.75
vt 0.775 0.75
vt 0.76716006 0.7108001
vt 0.76716 0.53919995
vt 0.775 0.5
vt 0.7249999 0.5
vt 0.73283994 0.53919995
vt 0.73283994 0.53919995
vt 0.73283994 0.53919995
vt 0.7249999 0.5
vt 0.7249999 0.5
vt 0.8358001 0.67648005
vt 0 0
vt 0.83580005 0.71080005
vt 0.8358001 0.67648005
vt 0.67499995 0.5
vt 0.67499995 0.5
vt 0.69851995 0.53919995
vt 0.69851995 0.53919995
vt 0.76716 0.53919995
vt 0.76716 0.53919995
vt 0.73283994 0.53919995
vt 0.73283994 0.53919995
vt 0.83580005 0.71080005
vt 0 0
vt 0.80148005 0.71080005
vt 0.80148005 0.71080005
vt 0.69852 0.7108002
vt 0 0
vt 0.66419995 0.7108002
vt 0.69852 0.7108002
vt 0.6641999 0.57352
vt 0.6641999 0.57352
vt 0.625 0.55
vt 0.625 0.55
vt 0.83580005 0.64216
vt 0.83580005 0.64216
vt 0.83580005 0.60783994
vt 0.83580005 0.60783994
vt 0.625 0.6
vt 0.625 0.6
vt 0.66419995 0.60784006
vt 0.66419995 0.60784006
vt 0.73284006 0.7108002
vt 0.73284006 0.7108002
vt 0.76716006 0.7108001
vt 0.76716006 0.7108001
vt 0.66419995 0.64216006
vt 0.66419995 0.64216006
vt 0.625 0.65
vt 0.625 0.65
vt 0.66419995 0.6764801
vt 0.66419995 0.7108002
vt 0 0
vt 0.66419995 0.6764801
vt 0.625 0.7
vt 0.625 0.7
vt 0.66419995 0.6764801
vt 0.66419995 0.6764801
vt 0.69852 0.7108002
vt 0.69852 0.7108002
vt 0.675 0.75
vt 0.675 0.75
vt 0.8358001 0.67648005
vt 0.8358001 0.67648005
vt 0.875 0.70000005
vt 0.875 0.70000005
vt 0.725 0.75
vt 0.725 0.75
vt 0.73284006 0.7108002
vt 0.73284006 0.7108002
vt 0.66419995 0.60784006
vt 0.66419995 0.60784006
vt 0.66419995 0.64216006
vt 0.66419995 0.64216006
vt 0.875 0.65000004
vt 0.875 0.65000004
vt 0.83580005 0.64216
vt 0.83580005 0.64216
vt 0.5227567 0.39999998
vt 0.5227567 0.39999998
vt 0.5227567 0.35
vt 0.5227567 0.35
vt 0.5227567 0.9499999
vt 0.60609 0.95
vt 0.60609 0.95
vt 0.5227567 0.9499999
vt 0.39112377 0.95000005
vt 0.39112377 0.95000005
vt 0.5227567 0.85
vt 0.5227567 0.85
vt 0.60608995 0.85
vt 0.60608995 0.85
vt 0.5227567 0.1
vt 0.5227567 0.1
vt 0.60609007 0.1
vt 0.60609007 0.1
vt 0.60608995 0.49999997
vt 0.60609 0.55
vt 0.60609 0.55
vt 0.60608995 0.49999997
vt 0.60609 0.45
vt 0.60609 0.45
vt 0.5227567 0.6
vt 0.5227567 0.6
vt 0.60609 0.6
vt 0.60609 0.6
vt 0.60609 0.049999997
vt 0.60609 0.049999997
vt 0.5227567 0.049999997
vt 0.5227567 0.049999997
vt 0.39112377 0.05
vt 0.39112377 0.05
vt 0.5227567 0.70000005
vt 0.60609 0.7
vt 0.60609 0.7
vt 0.5227567 0.70000005
vt 0.39112377 0.70000005
vt 0.39112377 0.70000005
vt 0.5227567 0.3
vt 0.3911237 0.29999998
vt 0.3911237 0.29999998
vt 0.5227567 0.3
vt 0.60609 0.3
vt 0.60609 0.3
vt 0.5227567 0.35
vt 0.5227567 0.39999998
vt 0.60609007 0.39999998
vt 0.60609007 0.35000002
vt 0.5227567 0.85
vt 0.5227567 0.90000004
vt 0.60609007 0.9
vt 0.60608995 0.85
vt 0.5227567 0.1
vt 0.5227567 0.15
vt 0.60609 0.15
vt 0.60609007 0.1
vt 0.5227567 0.6
vt 0.5227567 0.65
vt 0.60609007 0.65
vt 0.60609 0.6
vt 0.5227567 0.35
vt 0.5227567 0.35
vt 0.60609007 0.35000002
vt 0.60609007 0.35000002
vt 0.60609007 0.65
vt 0.60609007 0.65
vt 0.5227567 0.65
vt 0.5227567 0.65
vt 0.5227567 0.90000004
vt 0.5227567 0.90000004
vt 0.5227567 0.85
vt 0.5227567 0.85
vt 0.60609007 0.35000002
vt 0.60609007 0.35000002
vt 0.60609007 0.39999998
vt 0.60609007 0.39999998
vt 0.60609 0.15
vt 0.60609 0.15
vt 0.5227567 0.15
vt 0.5227567 0.15
vt 0.5227567 0.15
vt 0.5227567 0.15
vt 0.5227567 0.1
vt 0.5227567 0.1
vt 0.60608995 0.85
vt 0.60608995 0.85
vt 0.60609007 0.9
vt 0.60609007 0.9
vt 0.5227567 0.65
vt 0.5227567 0.65
vt 0.5227567 0.6
vt 0.5227567 0.6
vt 0.60609007 0.9
vt 0.60609007 0.9
vt 0.5227567 0.90000004
vt 0.5227567 0.90000004
vt 0.60609007 0.1
vt 0.60609007 0.1
vt 0.60609 0.15
vt 0.60609 0.15
vt 0.60609007 0.39999998
vt 0.60609007 0.39999998
vt 0.5227567 0.39999998
vt 0.5227567 0.39999998
vt 0.60609 0.6
vt 0.60609 0.6
vt 0.60609007 0.65
vt 0.60609007 0.65
vt 0.60609007 0.75000006
vt 0.60609 0.79999995
vt 0.60609 0.79999995
vt 0.60609007 0.75000006
vt 0.60609 0.7
vt 0.60609 0.7
vt 0.5227567 0.45
vt 0.60609 0.45
vt 0.60609 0.45
vt 0.5227567 0.45
vt 0.39112377 0.45
vt 0.39112377 0.45
vt 0.60609 0.19999999
vt 0.60609 0.19999999
vt 0.60609007 0.25
vt 0.60609007 0.25
vt 0.60609 0.3
vt 0.60609 0.3
vt 0.60609 0.79999995
vt 0.60609 0.79999995
vt 0.5227567 0.79999995
vt 0.5227567 0.79999995
vt 0.39112377 0.79999995
vt 0.39112377 0.79999995
vt 0 0
vt 0 0
vt 0 0
vt 0 0
vt 0.5227567 0.25
vt 0.60609 0.3
vt 0.60609007 0.25
vt 0.5227567 0.3
vt 0.3911237 0.29999998
vt 0.3911238 0.25
vt 0.5227567 0.75
vt 0.60609 0.79999995
vt 0.60609007 0.75000006
vt 0.5227567 0.79999995
vt 0.39112377 0.79999995
vt 0.39112374 0.74999994
vt 0.5227567 0
vt 0.60609 0.049999997
vt 0.60609 0
vt 0.5227567 0.049999997
vt 0.39112377 0
vt 0.39112377 0.05
vt 0.5227567 0.5
vt 0.60609 0.55
vt 0.60608995 0.49999997
vt 0.5227567 0.54999995
vt 0.39112377 0.5
vt 0.39112377 0.55
vt 0.5227567 0.9499999
vt 0.60609 1
vt 0.60609 0.95
vt 0.52275664 0.99999994
vt 0.39112377 0.95000005
vt 0.39112377 1
vt 0.5227567 0.70000005
vt 0.60609007 0.75000006
vt 0.60609 0.7
vt 0.5227567 0.75
vt 0.39112377 0.70000005
vt 0.39112374 0.74999994
vt 0.5227567 0.45
vt 0.60608995 0.49999997
vt 0.60609 0.45
vt 0.5227567 0.5
vt 0.39112377 0.45
vt 0.39112377 0.5
vt 0.5227567 0.19999999
vt 0.60609007 0.25
vt 0.60609 0.19999999
vt 0.5227567 0.25
vt 0.3911238 0.25
vt 0.39112377 0.19999999
vt 0.39112377 0.5
vt 0.39112377 0.45
vt 0.39112377 0.45
vt 0.39112377 0.5
vt 0.39112377 0.55
vt 0.39112377 0.55
vt 0.60609 0.95
vt 0.60609 0.95
vt 0.60609 1
vt 0.60609 1
vt 0.39112377 0.19999999
vt 0.39112377 0.19999999
vt 0.5227567 0.19999999
vt 0.5227567 0.19999999
vt 0.60609 0.19999999
vt 0.60609 0.19999999
vt 0.5227567 0.54999995
vt 0.39112377 0.55
vt 0.39112377 0.55
vt 0.5227567 0.54999995
vt 0.60609 0.55
vt 0.60609 0.55
vt 0.60609 0
vt 0.60609 0
vt 0.60609 0.049999997
vt 0.60609 0.049999997
vt 0.6641999 0.57352
vt 0.6641999 0.57352
vt 0 0
vt 0.6641999 0.53919995
vt 0.69851995 0.53919995
vt 0.6641999 0.53919995
vt 0 0
vt 0.69851995 0.53919995
vt 0.83580005 0.5391999
vt 0 0
vt 0.83580005 0.57351995
vt 0.83580005 0.57351995
vt 0.80148005 0.5391999
vt 0.80148005 0.5391999
vt 0 0
vt 0.83580005 0.5391999
vt 0.80358744 0.6396147
vt 0.80358744 0.6396147
vt 0.7938442 0.63961464
vt 0.7938442 0.63961464
vt 0.6964124 0.6103852
vt 0.6964124 0.6103852
vt 0.70615554 0.6103852
vt 0.70615554 0.6103852
vt 0.7938441 0.5908989
vt 0.8035874 0.600642
vt 0.8035873 0.5908989
vt 0.79384416 0.600642
vt 0.8035874 0.6103852
vt 0.79384416 0.6103851
vt 0.7841009 0.5908989
vt 0.78410095 0.600642
vt 0.7841009 0.5811556
vt 0.7938441 0.58115566
vt 0.78410095 0.61038506
vt 0.79384416 0.62012833
vt 0.78410095 0.62012833
vt 0.7938442 0.62987155
vt 0.784101 0.62987155
vt 0.7938442 0.63961464
vt 0.77435774 0.5908989
vt 0.77435774 0.58115566
vt 0.7743578 0.600642
vt 0.7743578 0.61038506
vt 0.7743578 0.5714125
vt 0.78410095 0.5714125
vt 0.76461464 0.5714125
vt 0.7646146 0.58115566
vt 0.7646146 0.5908989
vt 0.7548714 0.58115566
vt 0.76461464 0.600642
vt 0.7548714 0.5908989
vt 0.7451282 0.58115566
vt 0.7743578 0.62012833
vt 0.76461464 0.61038506
vt 0.7451282 0.5908989
vt 0.73538506 0.58115566
vt 0.7548715 0.600642
vt 0.77435786 0.62987155
vt 0.76461464 0.62012833
vt 0.7548715 0.6103851
vt 0.7451283 0.600642
vt 0.73538506 0.5908989
vt 0.784101 0.6396146
vt 0.7646147 0.62987155
vt 0.7548715 0.6201284
vt 0.7451283 0.6103851
vt 0.7353851 0.600642
vt 0.77435786 0.6396146
vt 0.7256419 0.58115566
vt 0.72564197 0.5714125
vt 0.7353852 0.5714125
vt 0.71589875 0.5714125
vt 0.71589875 0.58115566
vt 0.7256419 0.5908989
vt 0.71589875 0.5908988
vt 0.70615554 0.58115566
vt 0.70615554 0.5908988
vt 0.7256419 0.600642
vt 0.71589875 0.600642
vt 0.7353851 0.6103851
vt 0.70615554 0.600642
vt 0.6964124 0.5908988
vt 0.6964124 0.600642
vt 0.7256419 0.6103851
vt 0.7451283 0.6201284
vt 0.70615554 0.6103852
vt 0.6964124 0.6103852
vt 0.71589875 0.6103851
vt 0.7353851 0.6201284
vt 0.75487155 0.6298716
vt 0.71589875 0.6201284
vt 0.70615554 0.6201284
vt 0.7256419 0.6201284
vt 0.74512833 0.62987155
vt 0.7646147 0.6396146
vt 0.71589875 0.6298715
vt 0.70615554 0.6298715
vt 0.7256419 0.6298715
vt 0.7353851 0.62987155
vt 0.75487155 0.6396146
vt 0.71589875 0.6396147
vt 0.7061556 0.6396147
vt 0.72564197 0.6396147
vt 0.7353852 0.63961464
vt 0.74512833 0.6396146
vt 0.7646147 0.64935786
vt 0.75487155 0.64935786
vt 0.74512833 0.64935786
vt 0.7353852 0.6493579
vt 0.72564197 0.6493579
vt 0.71589875 0.6493579
vt 0.77435786 0.64935786
vt 0.7061556 0.6493579
vt 0.69641244 0.6396147
vt 0.69641244 0.64935786
vt 0.7061556 0.659101
vt 0.69641244 0.659101
vt 0.71589875 0.659101
vt 0.72564197 0.659101
vt 0.7353852 0.659101
vt 0.71589875 0.66884416
vt 0.7061556 0.6688442
vt 0.72564197 0.66884416
vt 0.72564197 0.67858744
vt 0.71589875 0.6785874
vt 0.7353851 0.67858744
vt 0.7353852 0.66884416
vt 0.7451283 0.6688441
vt 0.7451283 0.659101
vt 0.7548715 0.6688441
vt 0.7548715 0.659101
vt 0.76461464 0.6688441
vt 0.76461464 0.659101
vt 0.7743578 0.659101
vt 0.7743578 0.6688441
vt 0.77435786 0.6785875
vt 0.76461464 0.6785875
vt 0.784101 0.67858744
vt 0.78410095 0.6688441
vt 0.78410095 0.659101
vt 0.79384416 0.66884416
vt 0.79384416 0.659101
vt 0.784101 0.64935786
vt 0.7938442 0.64935786
vt 0.8035874 0.659101
vt 0.80358744 0.64935786
vt 0.80358744 0.6396147
vt 0.7451282 0.58115566
vt 0.73538506 0.58115566
vt 0.73538506 0.58115566
vt 0.7451282 0.58115566
vt 0.7548714 0.58115566
vt 0.7548714 0.58115566
vt 0.7646146 0.58115566
vt 0.7646146 0.58115566
vt 0.8138422 0.58437306
vt 0.8138422 0.58437306
vt 0.8138422 0.59598076
vt 0.8138422 0.59598076
vt 0.8138422 0.6075884
vt 0.8138422 0.6075884
vt 0.8138422 0.64241153
vt 0.8138422 0.64241153
vt 0.8138422 0.65401924
vt 0.8138422 0.65401924
vt 0.8138422 0.6656269
vt 0.8138422 0.6656269
vt 0.8138422 0.64241153
vt 0.8138422 0.64241153
vt 0.8138422 0.6308038
vt 0.8138422 0.6308038
vt 0.8138422 0.6191961
vt 0.8138422 0.6191961
vt 0.8138422 0.6075884
vt 0.8138422 0.6075884
vt 0.80358744 0.6396147
vt 0.80358744 0.64935786
vt 0.80358744 0.62987155
vt 0.8138422 0.65401924
vt 0.8035874 0.62012833
vt 0.8035874 0.659101
vt 0.8035874 0.6103852
vt 0.8138422 0.59598076
vt 0.8035874 0.600642
vt 0.8138422 0.6656269
vt 0.8138422 0.58437306
vt 0.8035874 0.6688442
vt 0.8035873 0.5908989
vt 0.8138422 0.6772346
vt 0.8138422 0.6656269
vt 0.8035874 0.67858744
vt 0.8138422 0.6772346
vt 0.81384224 0.6888423
vt 0.7938442 0.67858744
vt 0.81384224 0.6888423
vt 0.80223453 0.68884224
vt 0.784101 0.67858744
vt 0.80223453 0.68884224
vt 0.7906268 0.6888422
vt 0.7906268 0.6888422
vt 0.77435786 0.6785875
vt 0.7790192 0.6888422
vt 0.76461464 0.6785875
vt 0.7674115 0.6888422
vt 0.7548714 0.67858744
vt 0.75580376 0.6888422
vt 0.7674115 0.6888422
vt 0.7451283 0.67858744
vt 0.75580376 0.6888422
vt 0.74419606 0.6888422
vt 0.7353851 0.67858744
vt 0.74419606 0.6888422
vt 0.73258835 0.6888422
vt 0.73258835 0.6888422
vt 0.72564197 0.67858744
vt 0.72098064 0.6888422
vt 0.71589875 0.6785874
vt 0.70937294 0.6888422
vt 0.7061556 0.6785874
vt 0.69776523 0.6888422
vt 0.70937294 0.6888422
vt 0.69641244 0.6785874
vt 0.69776523 0.6888422
vt 0.6861576 0.6888422
vt 0.69641244 0.6688442
vt 0.6861576 0.6888422
vt 0.6861576 0.6772345
vt 0.69641244 0.659101
vt 0.6861576 0.6772345
vt 0.6861576 0.66562676
vt 0.6861576 0.66562676
vt 0.69641244 0.64935786
vt 0.6861576 0.6540191
vt 0.69641244 0.6396147
vt 0.6861576 0.6424114
vt 0.6964124 0.6298715
vt 0.6861576 0.6308037
vt 0.6861576 0.6424114
vt 0.6964124 0.62012833
vt 0.6861576 0.6308037
vt 0.6861576 0.61919606
vt 0.6964124 0.6103852
vt 0.6861576 0.61919606
vt 0.6861576 0.60758835
vt 0.6861576 0.60758835
vt 0.6964124 0.600642
vt 0.6861576 0.59598064
vt 0.6964124 0.5908988
vt 0.6861575 0.58437294
vt 0.6964124 0.58115566
vt 0.6861576 0.5727653
vt 0.6861575 0.58437294
vt 0.69641244 0.5714125
vt 0.6861576 0.5727653
vt 0.6861576 0.56115764
vt 0.7061556 0.5714125
vt 0.6861576 0.56115764
vt 0.6977653 0.5611576
vt 0.71589875 0.5714125
vt 0.6977653 0.5611576
vt 0.709373 0.5611576
vt 0.709373 0.5611576
vt 0.72564197 0.5714125
vt 0.72098076 0.56115764
vt 0.7353852 0.5714125
vt 0.7325884 0.56115764
vt 0.7451283 0.5714125
vt 0.74419606 0.56115764
vt 0.7325884 0.56115764
vt 0.7548715 0.5714125
vt 0.74419606 0.56115764
vt 0.75580376 0.56115764
vt 0.76461464 0.5714125
vt 0.75580376 0.56115764
vt 0.7674114 0.56115764
vt 0.7674114 0.56115764
vt 0.7743578 0.5714125
vt 0.7790191 0.56115764
vt 0.78410095 0.5714125
vt 0.79062676 0.56115764
vt 0.79384416 0.5714125
vt 0.8022345 0.5611577
vt 0.79062676 0.56115764
vt 0.8035874 0.57141256
vt 0.8022345 0.5611577
vt 0.8138422 0.5611577
vt 0.8035873 0.5811557
vt 0.8138422 0.5611577
vt 0.8138422 0.57276535
vt 0.8138422 0.57276535
vt 0.8138422 0.58437306
vt 0.8138422 0.6656269
vt 0.8138422 0.6656269
vt 0.8138422 0.6656269
vt 0.8138422 0.6656269
vt 0.7674115 0.6888422
vt 0.7674115 0.6888422
vt 0.75580376 0.6888422
vt 0.75580376 0.6888422
vt 0.74419606 0.6888422
vt 0.74419606 0.6888422
vt 0.73258835 0.6888422
vt 0.73258835 0.6888422
vt 0.6861576 0.66562676
vt 0.6861576 0.66562676
vt 0.6861576 0.6540191
vt 0.6861576 0.6540191
vt 0.6861576 0.6424114
vt 0.6861576 0.6424114
vt 0.8138422 0.64241153
vt 0.8138422 0.64241153
vt 0.8138422 0.64241153
vt 0.8138422 0.64241153
vt 0.6861576 0.60758835
vt 0.6861576 0.60758835
vt 0.6861576 0.59598064
vt 0.6861576 0.59598064
vt 0.6861575 0.58437294
vt 0.6861575 0.58437294
vt 0.8239746 0.5775669
vt 0.8239746 0.5775669
vt 0.8531791 0.5536725
vt 0.8531791 0.5536725
vt 0.85317904 0.69632757
vt 0.85317904 0.69632757
vt 0.82397467 0.672433
vt 0.82397467 0.672433
vt 0.63668823 0.5528925
vt 0.625 0.56818175
vt 0.63668823 0.5734946
vt 0.625 0.5454545
vt 0.63668823 0.5322904
vt 0.625 0.52272725
vt 0.63668823 0.5116883
vt 0.625 0.5
vt 0.65729034 0.51168835
vt 0.64772725 0.5
vt 0.67789245 0.51168835
vt 0.67045456 0.5
vt 0.6984946 0.51168835
vt 0.6931819 0.5
vt 0.7396988 0.51168835
vt 0.7396988 0.51168835
vt 0.7386364 0.5
vt 0.7386364 0.5
vt 0.63668823 0.5940968
vt 0.625 0.590909
vt 0.625 0.6136363
vt 0.63668823 0.61469895
vt 0.6366882 0.63530105
vt 0.625 0.63636357
vt 0.625 0.6590909
vt 0.6366882 0.6559032
vt 0.6366882 0.6765053
vt 0.625 0.6818181
vt 0.625 0.7045454
vt 0.6366882 0.6971074
vt 0.625 0.7272727
vt 0.63668823 0.7177095
vt 0.625 0.75
vt 0.63668823 0.7383116
vt 0.64772725 0.74999994
vt 0.65729034 0.7383116
vt 0.6704545 0.74999994
vt 0.67789245 0.7383115
vt 0.69318175 0.74999994
vt 0.69849455 0.7383116
vt 0.8633115 0.69710743
vt 0.8749999 0.6818182
vt 0.8633115 0.6765053
vt 0.8749999 0.70454544
vt 0.8633115 0.71770954
vt 0.87499994 0.7272727
vt 0.8633116 0.73831165
vt 0.875 0.75
vt 0.8427094 0.73831165
vt 0.85227275 0.75
vt 0.8221073 0.73831165
vt 0.82954544 0.75
vt 0.8015052 0.73831165
vt 0.8068182 0.75
vt 0.8633115 0.6559032
vt 0.8749999 0.65909094
vt 0.8749999 0.6363637
vt 0.8633115 0.6353011
vt 0.7613636 0.5
vt 0.7613636 0.5
vt 0.760301 0.51168835
vt 0.760301 0.51168835
vt 0.8633115 0.61469895
vt 0.8749999 0.6136364
vt 0.87499994 0.5909091
vt 0.8633115 0.59409684
vt 0.8633115 0.5734947
vt 0.87499994 0.5681819
vt 0.87499994 0.54545456
vt 0.8633115 0.55289257
vt 0.875 0.52272725
vt 0.8633115 0.53229046
vt 0.875 0.5
vt 0.8633116 0.51168835
vt 0.8522727 0.5
vt 0.8427094 0.51168835
vt 0.8295454 0.5
vt 0.8221073 0.51168835
vt 0.8068181 0.5
vt 0.8015052 0.51168835
vt 0.3522727 0.5
vt 0.375 0.52272725
vt 0.375 0.5
vt 0.3522727 0.52272725
vt 0.3295454 0.5
vt 0.375 0.54545456
vt 0.3295454 0.52272725
vt 0.30681816 0.5
vt 0.3522727 0.5454545
vt 0.375 0.5681819
vt 0.30681816 0.52272725
vt 0.28409088 0.5
vt 0.3522727 0.5681819
vt 0.375 0.5909091
vt 0.3295454 0.5454545
vt 0.28409088 0.52272725
vt 0.2613636 0.5
vt 0.3522727 0.59090906
vt 0.37499997 0.6136364
vt 0.3295454 0.5681819
vt 0.30681816 0.5454545
vt 0.2613636 0.52272725
vt 0.23863631 0.5
vt 0.3522727 0.6136364
vt 0.37499997 0.6363637
vt 0.28409088 0.5454545
vt 0.3295454 0.59090906
vt 0.30681816 0.5681819
vt 0.23863631 0.52272725
vt 0.21590906 0.5
vt 0.3522727 0.6363637
vt 0.37499997 0.65909094
vt 0.2613636 0.5454545
vt 0.28409088 0.5681819
vt 0.3295454 0.6136364
vt 0.30681816 0.59090906
vt 0.21590906 0.52272725
vt 0.1931818 0.5
vt 0.3522727 0.6590909
vt 0.37499997 0.6818182
vt 0.23863631 0.5454545
vt 0.2613636 0.5681819
vt 0.28409088 0.59090906
vt 0.3295454 0.6363637
vt 0.30681816 0.6136364
vt 0.3522727 0.6818182
vt 0.37499997 0.70454544
vt 0.3295454 0.6590909
vt 0.30681816 0.6363637
vt 0.28409088 0.6136364
vt 0.2613636 0.59090906
vt 0.3522727 0.70454544
vt 0.37499997 0.7272727
vt 0.3295454 0.6818182
vt 0.30681816 0.6590909
vt 0.28409088 0.6363637
vt 0.3522727 0.7272726
vt 0.375 0.75
vt 0.35227272 0.75
vt 0.3295454 0.70454544
vt 0.3295454 0.7272726
vt 0.32954544 0.75
vt 0.30681816 0.6818182
vt 0.30681816 0.70454544
vt 0.30681816 0.7272727
vt 0.3068182 0.75
vt 0.28409088 0.6590909
vt 0.28409088 0.6818182
vt 0.28409088 0.70454544
vt 0.28409088 0.7272727
vt 0.2840909 0.75
vt 0.2613636 0.7272727
vt 0.26136363 0.74999994
vt 0.2613636 0.70454544
vt 0.2613636 0.6818182
vt 0.2613636 0.6590909
vt 0.2613636 0.6363637
vt 0.23863631 0.7272727
vt 0.23863637 0.74999994
vt 0.23863631 0.70454544
vt 0.23863631 0.6818182
vt 0.23863631 0.6590909
vt 0.21590906 0.7272727
vt 0.2159091 0.74999994
vt 0.21590906 0.70454544
vt 0.21590906 0.6818182
vt 0.1931818 0.7272727
vt 0.19318181 0.74999994
vt 0.1931818 0.7045454
vt 0.17045453 0.7272727
vt 0.17045453 0.74999994
vt 0.23863631 0.6363636
vt 0.21590906 0.6590909
vt 0.1931818 0.6818181
vt 0.17045453 0.7045454
vt 0.14772727 0.7272727
vt 0.14772727 0.74999994
vt 0.125 0.7272727
vt 0.125 0.75
vt 0.125 0.7045454
vt 0.14772727 0.7045454
vt 0.125 0.6818181
vt 0.14772727 0.6818181
vt 0.125 0.6590909
vt 0.17045453 0.6818181
vt 0.14772727 0.6590909
vt 0.125 0.63636357
vt 0.17045453 0.6590909
vt 0.14772727 0.63636357
vt 0.125 0.6136363
vt 0.1931818 0.6590909
vt 0.14772727 0.6136364
vt 0.125 0.590909
vt 0.17045453 0.63636357
vt 0.1931818 0.6363636
vt 0.14772727 0.590909
vt 0.125 0.56818175
vt 0.17045453 0.6136364
vt 0.21590906 0.6363636
vt 0.14772727 0.56818175
vt 0.125 0.5454545
vt 0.1931818 0.6136364
vt 0.17045453 0.590909
vt 0.21590906 0.6136364
vt 0.14772727 0.5454545
vt 0.125 0.52272725
vt 0.1931818 0.59090906
vt 0.17045453 0.56818175
vt 0.23863631 0.6136364
vt 0.14772727 0.52272725
vt 0.125 0.5
vt 0.14772727 0.5
vt 0.17045453 0.5454545
vt 0.17045453 0.52272725
vt 0.17045453 0.5
vt 0.21590906 0.59090906
vt 0.1931818 0.5681818
vt 0.2613636 0.6136364
vt 0.23863631 0.59090906
vt 0.1931818 0.5454545
vt 0.1931818 0.52272725
vt 0.21590906 0.5681818
vt 0.23863631 0.5681818
vt 0.21590906 0.5454545
vt 0.70615554 0.5908988
vt 0.70615554 0.5908988
vt 0.6964124 0.5908988
vt 0.6964124 0.5908988
vt 0.79384416 0.62012833
vt 0.79384416 0.6103851
vt 0.79384416 0.6103851
vt 0.79384416 0.62012833
vt 0.7938442 0.62987155
vt 0.7938442 0.62987155
vt 0.7938442 0.63961464
vt 0.7938442 0.63961464
vt 0.79384416 0.6103851
vt 0.79384416 0.6103851
vt 0.8035874 0.6103852
vt 0.8035874 0.6103852
vt 0.70615554 0.6298715
vt 0.7061556 0.6396147
vt 0.7061556 0.6396147
vt 0.70615554 0.6298715
vt 0.70615554 0.6201284
vt 0.70615554 0.6201284
vt 0.70615554 0.6103852
vt 0.70615554 0.6103852
vt 0.79384416 0.659101
vt 0.79384416 0.659101
vt 0.8035874 0.659101
vt 0.8035874 0.659101
vt 0.7938441 0.58115566
vt 0.7938441 0.58115566
vt 0.7841009 0.5811556
vt 0.7841009 0.5811556
vt 0.70615554 0.58115566
vt 0.70615554 0.58115566
vt 0.70615554 0.5908988
vt 0.70615554 0.5908988
vt 0.7061556 0.659101
vt 0.7061556 0.659101
vt 0.7061556 0.6688442
vt 0.7061556 0.6688442
vt 0.6861576 0.6772345
vt 0.6861576 0.66562676
vt 0.6861576 0.66562676
vt 0.6861576 0.6772345
vt 0.6861576 0.6888422
vt 0.6861576 0.6888422
vt 0.69776523 0.6888422
vt 0.69776523 0.6888422
vt 0.70937294 0.6888422
vt 0.70937294 0.6888422
vt 0.709373 0.5611576
vt 0.709373 0.5611576
vt 0.72098076 0.56115764
vt 0.72098076 0.56115764
vt 0.7325884 0.56115764
vt 0.7325884 0.56115764
vt 0.8138422 0.6075884
vt 0.8138422 0.6075884
vt 0.8138422 0.6075884
vt 0.8138422 0.6075884
vt 0.7674114 0.56115764
vt 0.7674114 0.56115764
vt 0.7790191 0.56115764
vt 0.7790191 0.56115764
vt 0.79062676 0.56115764
vt 0.79062676 0.56115764
vt 0.7906268 0.6888422
vt 0.7906268 0.6888422
vt 0.7790192 0.6888422
vt 0.7790192 0.6888422
vt 0.7674115 0.6888422
vt 0.7674115 0.6888422
vt 0.79062676 0.56115764
vt 0.79062676 0.56115764
vt 0.79062676 0.56115764
vt 0.79062676 0.56115764
vt 0.8138422 0.58437306
vt 0.8138422 0.58437306
vt 0.8138422 0.58437306
vt 0.8138422 0.58437306
vt 0.6861576 0.6424114
vt 0.6861576 0.6424114
vt 0.6861576 0.6308037
vt 0.6861576 0.6308037
vt 0.6861576 0.61919606
vt 0.6861576 0.61919606
vt 0.6861576 0.60758835
vt 0.6861576 0.60758835
vt 0.73258835 0.6888422
vt 0.73258835 0.6888422
vt 0.72098064 0.6888422
vt 0.72098064 0.6888422
vt 0.70937294 0.6888422
vt 0.70937294 0.6888422
vt 0.6366882 0.6765053
vt 0.6366882 0.6765053
vt 0.625 0.6818181
vt 0.625 0.6818181
vt 0.7190967 0.7383116
vt 0.715909 0.74999994
vt 0.7386363 0.74999994
vt 0.7396989 0.7383116
vt 0.7809031 0.51168835
vt 0.7809031 0.51168835
vt 0.7840909 0.5
vt 0.7840909 0.5
vt 0.760301 0.7383116
vt 0.7613636 0.74999994
vt 0.78409094 0.75
vt 0.7809031 0.73831165
vt 0.625 0.6590909
vt 0.625 0.6590909
vt 0.6366882 0.6559032
vt 0.6366882 0.6559032
vt 0.7809031 0.51168835
vt 0.7840909 0.5
vt 0.7613636 0.5
vt 0.760301 0.51168835
vt 0.7396988 0.51168835
vt 0.7386364 0.5
vt 0.7159091 0.5
vt 0.7190967 0.51168835
vt 0.8068181 0.5
vt 0.8068181 0.5
vt 0.8015052 0.51168835
vt 0.8015052 0.51168835
vt 0.63668823 0.5734946
vt 0.625 0.56818175
vt 0.625 0.590909
vt 0.63668823 0.5940968
vt 0.63668823 0.61469895
vt 0.625 0.6136363
vt 0.625 0.63636357
vt 0.6366882 0.63530105
vt 0.6366882 0.6559032
vt 0.625 0.6590909
vt 0.625 0.6818181
vt 0.6366882 0.6765053
vt 0.8633115 0.6765053
vt 0.8749999 0.6818182
vt 0.8749999 0.65909094
vt 0.8633115 0.6559032
vt 0.8633115 0.6353011
vt 0.8749999 0.6363637
vt 0.8749999 0.6136364
vt 0.8633115 0.61469895
vt 0.8633115 0.59409684
vt 0.87499994 0.5909091
vt 0.87499994 0.5681819
vt 0.8633115 0.5734947
vt 0.69849455 0.7383116
vt 0.69318175 0.74999994
vt 0.715909 0.74999994
vt 0.7190967 0.7383116
vt 0.7396989 0.7383116
vt 0.7386363 0.74999994
vt 0.7613636 0.74999994
vt 0.760301 0.7383116
vt 0.7809031 0.73831165
vt 0.78409094 0.75
vt 0.8068182 0.75
vt 0.8015052 0.73831165
vt 0.8015052 0.51168835
vt 0.8068181 0.5
vt 0.7840909 0.5
vt 0.7809031 0.51168835
vt 0.760301 0.51168835
vt 0.7613636 0.5
vt 0.7386364 0.5
vt 0.7396988 0.51168835
vt 0.7190967 0.51168835
vt 0.7159091 0.5
vt 0.6931819 0.5
vt 0.6984946 0.51168835
vt 0.69318175 0.74999994
vt 0.69318175 0.74999994
vt 0.69849455 0.7383116
vt 0.69849455 0.7383116
vt 0.7159091 0.5
vt 0.7159091 0.5
vt 0.7190967 0.51168835
vt 0.7190967 0.51168835
vt 0.7190967 0.7383116
vt 0.7190967 0.7383116
vt 0.715909 0.74999994
vt 0.715909 0.74999994
vt 0.6984946 0.51168835
vt 0.6984946 0.51168835
vt 0.6931819 0.5
vt 0.6931819 0.5
vt 0.7386363 0.74999994
vt 0.7386363 0.74999994
vt 0.7396989 0.7383116
vt 0.7396989 0.7383116
vt 0.760301 0.7383116
vt 0.760301 0.7383116
vt 0.7613636 0.74999994
vt 0.7613636 0.74999994
vt 0.8749999 0.6818182
vt 0.8749999 0.6818182
vt 0.8633115 0.6765053
vt 0.8633115 0.6765053
vt 0.78409094 0.75
vt 0.78409094 0.75
vt 0.7809031 0.73831165
vt 0.7809031 0.73831165
vt 0.8633115 0.6559032
vt 0.8633115 0.6559032
vt 0.8749999 0.65909094
vt 0.8749999 0.65909094
vt 0.8015052 0.73831165
vt 0.8015052 0.73831165
vt 0.8068182 0.75
vt 0.8068182 0.75
vt 0.8749999 0.6363637
vt 0.8749999 0.6363637
vt 0.8633115 0.6353011
vt 0.8633115 0.6353011
vt 0.8633115 0.61469895
vt 0.8633115 0.61469895
vt 0.8749999 0.6136364
vt 0.8749999 0.6136364
vt 0.625 0.56818175
vt 0.625 0.56818175
vt 0.63668823 0.5734946
vt 0.63668823 0.5734946
vt 0.87499994 0.5909091
vt 0.87499994 0.5909091
vt 0.8633115 0.59409684
vt 0.8633115 0.59409684
vt 0.63668823 0.5940968
vt 0.63668823 0.5940968
vt 0.625 0.590909
vt 0.625 0.590909
vt 0.8633115 0.5734947
vt 0.8633115 0.5734947
vt 0.87499994 0.5681819
vt 0.87499994 0.5681819
vt 0.625 0.6136363
vt 0.625 0.6136363
vt 0.63668823 0.61469895
vt 0.63668823 0.61469895
vt 0.6366882 0.63530105
vt 0.6366882 0.63530105
vt 0.625 0.63636357
vt 0.625 0.63636357
vt 0.79384416 0.5714125
vt 0.8035873 0.5811557
vt 0.8035874 0.57141256
vt 0.7938441 0.58115566
vt 0.78410095 0.5714125
vt 0.7841009 0.5811556
vt 0.8035873 0.5908989
vt 0.7938441 0.5908989
vt 0.79384416 0.6103851
vt 0.8035874 0.62012833
vt 0.8035874 0.6103852
vt 0.79384416 0.62012833
vt 0.80358744 0.62987155
vt 0.7938442 0.62987155
vt 0.80358744 0.6396147
vt 0.7938442 0.63961464
vt 0.79384416 0.659101
vt 0.8035874 0.6688442
vt 0.8035874 0.659101
vt 0.79384416 0.66884416
vt 0.8035874 0.67858744
vt 0.7938442 0.67858744
vt 0.78410095 0.6688441
vt 0.784101 0.67858744
vt 0.69641244 0.659101
vt 0.7061556 0.6688442
vt 0.7061556 0.659101
vt 0.69641244 0.6688442
vt 0.7061556 0.6785874
vt 0.69641244 0.6785874
vt 0.71589875 0.6785874
vt 0.71589875 0.66884416
vt 0.6964124 0.6298715
vt 0.69641244 0.6396147
vt 0.7061556 0.6396147
vt 0.70615554 0.6298715
vt 0.6964124 0.62012833
vt 0.70615554 0.6201284
vt 0.6964124 0.6103852
vt 0.70615554 0.6103852
vt 0.6964124 0.58115566
vt 0.6964124 0.5908988
vt 0.70615554 0.5908988
vt 0.70615554 0.58115566
vt 0.69641244 0.5714125
vt 0.7061556 0.5714125
vt 0.71589875 0.58115566
vt 0.71589875 0.5714125
vt 0.7353852 0.5714125
vt 0.73538506 0.58115566
vt 0.7451282 0.58115566
vt 0.7451283 0.5714125
vt 0.7548714 0.58115566
vt 0.7548715 0.5714125
vt 0.7646146 0.58115566
vt 0.76461464 0.5714125
vt 0.7353852 0.66884416
vt 0.7353851 0.67858744
vt 0.7451283 0.67858744
vt 0.7451283 0.6688441
vt 0.7548714 0.67858744
vt 0.7548715 0.6688441
vt 0.76461464 0.6785875
vt 0.76461464 0.6688441
vt 0.71589875 0.58115566
vt 0.71589875 0.58115566
vt 0.70615554 0.58115566
vt 0.70615554 0.58115566
vt 0.7938441 0.5908989
vt 0.7938441 0.5908989
vt 0.7938441 0.58115566
vt 0.7938441 0.58115566
vt 0.8035873 0.5908989
vt 0.8035873 0.5908989
vt 0.7938441 0.5908989
vt 0.7938441 0.5908989
vt 0.7061556 0.6396147
vt 0.7061556 0.6396147
vt 0.69641244 0.6396147
vt 0.69641244 0.6396147
vt 0.71589875 0.5714125
vt 0.71589875 0.5714125
vt 0.71589875 0.58115566
vt 0.71589875 0.58115566
vt 0.78410095 0.6688441
vt 0.78410095 0.6688441
vt 0.79384416 0.66884416
vt 0.79384416 0.66884416
vt 0.69641244 0.659101
vt 0.69641244 0.659101
vt 0.7061556 0.659101
vt 0.7061556 0.659101
vt 0.73538506 0.58115566
vt 0.73538506 0.58115566
vt 0.7353852 0.5714125
vt 0.7353852 0.5714125
vt 0.71589875 0.66884416
vt 0.71589875 0.66884416
vt 0.71589875 0.6785874
vt 0.71589875 0.6785874
vt 0.7548715 0.6688441
vt 0.76461464 0.6688441
vt 0.76461464 0.6688441
vt 0.7548715 0.6688441
vt 0.7451283 0.6688441
vt 0.7451283 0.6688441
vt 0.7353852 0.66884416
vt 0.7353852 0.66884416
vt 0.76461464 0.5714125
vt 0.76461464 0.5714125
vt 0.7646146 0.58115566
vt 0.7646146 0.58115566
vt 0.7353851 0.67858744
vt 0.7353851 0.67858744
vt 0.7353852 0.66884416
vt 0.7353852 0.66884416
vt 0.7841009 0.5811556
vt 0.7841009 0.5811556
vt 0.78410095 0.5714125
vt 0.78410095 0.5714125
vt 0.76461464 0.6688441
vt 0.76461464 0.6688441
vt 0.76461464 0.6785875
vt 0.76461464 0.6785875
vt 0.7061556 0.6688442
vt 0.7061556 0.6688442
vt 0.71589875 0.66884416
vt 0.71589875 0.66884416
vt 0.784101 0.67858744
vt 0.784101 0.67858744
vt 0.78410095 0.6688441
vt 0.78410095 0.6688441
vt 0.69776523 0.6888422
vt 0.6861576 0.6888422
vt 0.6861576 0.6888422
vt 0.69776523 0.6888422
vt 0.70937294 0.6888422
vt 0.70937294 0.6888422
vt 0.8022345 0.5611577
vt 0.8138422 0.5611577
vt 0.8138422 0.5611577
vt 0.8022345 0.5611577
vt 0.79062676 0.56115764
vt 0.79062676 0.56115764
vt 0.6861576 0.5727653
vt 0.6861576 0.56115764
vt 0.6861576 0.56115764
vt 0.6861576 0.5727653
vt 0.6861575 0.58437294
vt 0.6861575 0.58437294
vt 0.8138422 0.6772346
vt 0.81384224 0.6888423
vt 0.81384224 0.6888423
vt 0.8138422 0.6772346
vt 0.8138422 0.6656269
vt 0.8138422 0.6656269
vt 0.8138422 0.5611577
vt 0.8138422 0.5611577
vt 0.8138422 0.57276535
vt 0.8138422 0.57276535
vt 0.8138422 0.58437306
vt 0.8138422 0.58437306
vt 0.8138422 0.6075884
vt 0.8138422 0.6075884
vt 0.8138422 0.6191961
vt 0.8138422 0.6191961
vt 0.8138422 0.6308038
vt 0.8138422 0.6308038
vt 0.8138422 0.64241153
vt 0.8138422 0.64241153
vt 0.6861576 0.6888422
vt 0.6861576 0.6888422
vt 0.6861576 0.6772345
vt 0.6861576 0.6772345
vt 0.6861576 0.66562676
vt 0.6861576 0.66562676
vt 0.6861576 0.6424114
vt 0.6861576 0.6424114
vt 0.6861576 0.6308037
vt 0.6861576 0.6308037
vt 0.6861576 0.61919606
vt 0.6861576 0.61919606
vt 0.6861576 0.60758835
vt 0.6861576 0.60758835
vt 0.6861576 0.56115764
vt 0.6861576 0.56115764
vt 0.6977653 0.5611576
vt 0.6977653 0.5611576
vt 0.709373 0.5611576
vt 0.709373 0.5611576
vt 0.7325884 0.56115764
vt 0.7325884 0.56115764
vt 0.74419606 0.56115764
vt 0.74419606 0.56115764
vt 0.75580376 0.56115764
vt 0.75580376 0.56115764
vt 0.7674114 0.56115764
vt 0.7674114 0.56115764
vt 0.81384224 0.6888423
vt 0.81384224 0.6888423
vt 0.80223453 0.68884224
vt 0.80223453 0.68884224
vt 0.7906268 0.6888422
vt 0.7906268 0.6888422
vt 0.7674115 0.6888422
vt 0.7674115 0.6888422
vt 0.75580376 0.6888422
vt 0.75580376 0.6888422
vt 0.74419606 0.6888422
vt 0.74419606 0.6888422
vt 0.73258835 0.6888422
vt 0.73258835 0.6888422
vt 0.8138422 0.6308038
vt 0.8138422 0.64241153
vt 0.8138422 0.64241153
vt 0.8138422 0.6308038
vt 0.8138422 0.6191961
vt 0.8138422 0.6191961
vt 0.8138422 0.6075884
vt 0.8138422 0.6075884
vt 0.6861576 0.60758835
vt 0.6861576 0.60758835
vt 0.6861576 0.60758835
vt 0.6861576 0.60758835
vt 0.79062676 0.56115764
vt 0.79062676 0.56115764
vt 0.8022345 0.5611577
vt 0.8022345 0.5611577
vt 0.8138422 0.5611577
vt 0.8138422 0.5611577
vt 0.8138422 0.57276535
vt 0.8138422 0.57276535
vt 0.8138422 0.58437306
vt 0.8138422 0.58437306
vt 0.7906268 0.6888422
vt 0.7906268 0.6888422
vt 0.7906268 0.6888422
vt 0.7906268 0.6888422
vt 0.6861575 0.58437294
vt 0.6861575 0.58437294
vt 0.6861575 0.58437294
vt 0.6861575 0.58437294
vt 0.7674115 0.6888422
vt 0.7674115 0.6888422
vt 0.7674115 0.6888422
vt 0.7674115 0.6888422
vt 0.709373 0.5611576
vt 0.709373 0.5611576
vt 0.709373 0.5611576
vt 0.709373 0.5611576
vt 0.75580376 0.56115764
vt 0.7674114 0.56115764
vt 0.7674114 0.56115764
vt 0.75580376 0.56115764
vt 0.74419606 0.56115764
vt 0.74419606 0.56115764
vt 0.7325884 0.56115764
vt 0.7325884 0.56115764
vt 0.6861575 0.58437294
vt 0.6861575 0.58437294
vt 0.6861576 0.5727653
vt 0.6861576 0.5727653
vt 0.6861576 0.56115764
vt 0.6861576 0.56115764
vt 0.6977653 0.5611576
vt 0.6977653 0.5611576
vt 0.709373 0.5611576
vt 0.709373 0.5611576
vt 0.7325884 0.56115764
vt 0.7325884 0.56115764
vt 0.7325884 0.56115764
vt 0.7325884 0.56115764
vt 0.73258835 0.6888422
vt 0.73258835 0.6888422
vt 0.73258835 0.6888422
vt 0.73258835 0.6888422
vt 0.70937294 0.6888422
vt 0.70937294 0.6888422
vt 0.70937294 0.6888422
vt 0.70937294 0.6888422
vt 0.7674114 0.56115764
vt 0.7674114 0.56115764
vt 0.7674114 0.56115764
vt 0.7674114 0.56115764
vt 0.375 0
vt 0.375 0.25
vt 0.625 0.25
vt 0.6249999 0
vt 0.375 0.25
vt 0.375 0.5
vt 0.625 0.5
vt 0.625 0.25
vt 0.375 0.5
vt 0.375 0.75
vt 0.625 0.7500001
vt 0.625 0.5
vt 0.375 0.75
vt 0.375 1
vt 0.625 1
vt 0.625 0.7500001
vt 0.625 0.5
vt 0.625 0.5
vt 0.625 0.25
vt 0.625 0.25
vt 0.625 0.7500001
vt 0.625 0.7500001
vt 0.625 0.5
vt 0.625 0.5
vt 0.625 0.25
vt 0.625 0.25
vt 0.6249998 0
vt 0.6249999 0
vt 0.625 1
vt 0.62499994 0.99999994
vt 0.625 0.7500001
vt 0.625 0.7500001
vt 0.39946654 0.022727273
vt 0.3994665 0
vt 0.3994665 0
vt 0.39946654 0.022727273
vt 0.3994665 0.045454547
vt 0.3994665 0.045454547
vt 0.3994665 0.06818181
vt 0.3994665 0.06818181
vt 0.3994665 0.09090909
vt 0.3994665 0.09090909
vt 0.39946657 0.11363638
vt 0.39946657 0.11363638
vt 0.39946654 0.13636364
vt 0.39946654 0.13636364
vt 0.3994665 0.1590909
vt 0.3994665 0.1590909
vt 0.3994665 0.18181819
vt 0.3994665 0.18181819
vt 0.39946657 0.20454544
vt 0.39946657 0.20454544
vt 0.39946657 0.22727275
vt 0.39946657 0.22727275
vt 0.3994665 0.25
vt 0.3994665 0.25
vt 0.3994665 0.27272728
vt 0.3994665 0.27272728
vt 0.39946654 0.29545456
vt 0.39946654 0.29545456
vt 0.39946654 0.31818184
vt 0.39946654 0.31818184
vt 0.39946657 0.34090912
vt 0.39946657 0.34090912
vt 0.39946654 0.36363637
vt 0.39946654 0.36363637
vt 0.39946657 0.3863637
vt 0.39946657 0.3863637
vt 0.3994665 0.40909094
vt 0.3994665 0.40909094
vt 0.39946654 0.4318182
vt 0.39946654 0.4318182
vt 0.3994665 0.45454544
vt 0.3994665 0.45454544
vt 0.39946657 0.47727275
vt 0.39946657 0.47727275
vt 0.3994665 0.5
vt 0.3994665 0.5
vt 0.39946654 0.5227273
vt 0.39946654 0.5227273
vt 0.3994665 0.54545456
vt 0.3994665 0.54545456
vt 0.3994665 0.5681819
vt 0.3994665 0.5681819
vt 0.39946654 0.5909092
vt 0.39946654 0.5909092
vt 0.39946657 0.6136364
vt 0.39946657 0.6136364
vt 0.39946654 0.6363637
vt 0.39946654 0.6363637
vt 0.39946657 0.659091
vt 0.39946657 0.659091
vt 0.3994665 0.68181825
vt 0.3994665 0.68181825
vt 0.3994665 0.7045455
vt 0.3994665 0.7045455
vt 0.39946654 0.72727275
vt 0.39946654 0.72727275
vt 0.3994665 0.75
vt 0.3994665 0.75
vt 0.3994665 0.7727272
vt 0.3994665 0.7727272
vt 0.3994665 0.79545456
vt 0.3994665 0.79545456
vt 0.3994665 0.8181819
vt 0.3994665 0.8181819
vt 0.3994665 0.8409091
vt 0.3994665 0.8409091
vt 0.3994665 0.8636364
vt 0.3994665 0.8636364
vt 0.39946657 0.8863636
vt 0.39946657 0.8863636
vt 0.3994665 0.9090908
vt 0.3994665 0.9090908
vt 0.3994665 0.9318181
vt 0.3994665 0.9318181
vt 0.3994665 0.9545454
vt 0.3994665 0.9545454
vt 0.39946654 0.97727275
vt 0.39946654 0.97727275
vt 0.39946654 1
vt 0.39946654 1
vt 0.40339231 0.9772727
vt 0.40339234 1
vt 0.40339234 1
vt 0.40339231 0.9772727
vt 0.40339231 0.9545454
vt 0.40339231 0.9545454
vt 0.40339231 0.9318181
vt 0.40339231 0.9318181
vt 0.40339231 0.9090909
vt 0.40339231 0.9090909
vt 0.40339231 0.8863636
vt 0.40339231 0.8863636
vt 0.40339231 0.8636364
vt 0.40339231 0.8636364
vt 0.40339231 0.8409091
vt 0.40339231 0.8409091
vt 0.40339231 0.8181819
vt 0.40339231 0.8181819
vt 0.40339231 0.79545456
vt 0.40339231 0.79545456
vt 0.40339231 0.77272725
vt 0.40339231 0.77272725
vt 0.40339231 0.75
vt 0.40339231 0.75
vt 0.40339231 0.72727275
vt 0.40339231 0.72727275
vt 0.40339231 0.7045455
vt 0.40339231 0.7045455
vt 0.40339231 0.68181825
vt 0.40339231 0.68181825
vt 0.40339231 0.659091
vt 0.40339231 0.659091
vt 0.40339231 0.6363637
vt 0.40339231 0.6363637
vt 0.40339231 0.6136364
vt 0.40339231 0.6136364
vt 0.40339231 0.5909091
vt 0.40339231 0.5909091
vt 0.40339231 0.5681819
vt 0.40339231 0.5681819
vt 0.40339231 0.54545456
vt 0.40339231 0.54545456
vt 0.40339231 0.52272725
vt 0.40339231 0.52272725
vt 0.40339231 0.5
vt 0.40339231 0.5
vt 0.40339231 0.47727272
vt 0.40339231 0.47727272
vt 0.40339231 0.45454544
vt 0.40339231 0.45454544
vt 0.40339231 0.4318182
vt 0.40339231 0.4318182
vt 0.40339231 0.40909094
vt 0.40339231 0.40909094
vt 0.40339231 0.3863637
vt 0.40339231 0.3863637
vt 0.40339231 0.36363637
vt 0.40339231 0.36363637
vt 0.40339231 0.34090912
vt 0.40339231 0.34090912
vt 0.40339231 0.31818184
vt 0.40339231 0.31818184
vt 0.40339231 0.29545456
vt 0.40339231 0.29545456
vt 0.40339231 0.27272728
vt 0.40339231 0.27272728
vt 0.40339231 0.24999999
vt 0.40339231 0.24999999
vt 0.40339231 0.22727272
vt 0.40339231 0.22727272
vt 0.40339231 0.20454544
vt 0.40339231 0.20454544
vt 0.40339231 0.18181819
vt 0.40339231 0.18181819
vt 0.40339231 0.1590909
vt 0.40339231 0.1590909
vt 0.40339231 0.13636364
vt 0.40339231 0.13636364
vt 0.40339231 0.113636374
vt 0.40339231 0.113636374
vt 0.40339231 0.09090909
vt 0.40339231 0.09090909
vt 0.40339231 0.06818182
vt 0.40339231 0.06818182
vt 0.40339231 0.045454547
vt 0.40339231 0.045454547
vt 0.40339231 0.022727273
vt 0.40339231 0.022727273
vt 0.40339231 0
vt 0.40339231 0
vt 0.42661935 0.25
vt 0.48137683 0.27272725
vt 0.4813768 0.25
vt 0.42661938 0.27272725
vt 0.48137683 0.29545456
vt 0.4266194 0.2954546
vt 0.48137683 0.3181818
vt 0.42661935 0.3181818
vt 0.48137686 0.34090912
vt 0.4266194 0.34090912
vt 0.48137683 0.36363637
vt 0.42661938 0.36363637
vt 0.48137683 0.3863637
vt 0.42661935 0.3863637
vt 0.48137683 0.40909094
vt 0.42661935 0.40909094
vt 0.4813768 0.4318182
vt 0.42661935 0.4318182
vt 0.48137683 0.45454544
vt 0.42661938 0.45454544
vt 0.4813769 0.47727275
vt 0.4266194 0.47727275
vt 0.48137683 0.5
vt 0.4266194 0.49999997
vt 0.42661935 0.75
vt 0.48137677 0.7727272
vt 0.48137677 0.75
vt 0.42661935 0.77272725
vt 0.48137686 0.79545456
vt 0.42661947 0.7954546
vt 0.48137677 0.81818175
vt 0.4266194 0.8181819
vt 0.48137683 0.8409091
vt 0.42661938 0.84090906
vt 0.48137677 0.8636364
vt 0.42661935 0.8636364
vt 0.4813768 0.8863636
vt 0.42661938 0.8863636
vt 0.48137683 0.90909094
vt 0.4266194 0.9090909
vt 0.4813768 0.9318181
vt 0.42661938 0.93181825
vt 0.4813768 0.95454544
vt 0.42661938 0.95454544
vt 0.48137683 0.9772727
vt 0.42661938 0.9772727
vt 0.4813768 1
vt 0.4266194 1
vt 0.42661938 0
vt 0.48137683 0.022727273
vt 0.4813768 0
vt 0.4266194 0.022727273
vt 0.4813768 0.045454547
vt 0.4266194 0.04545455
vt 0.4813768 0.06818181
vt 0.42661935 0.06818181
vt 0.4813768 0.09090909
vt 0.42661935 0.09090909
vt 0.48137683 0.113636374
vt 0.4266194 0.113636374
vt 0.48137677 0.13636363
vt 0.42661938 0.13636363
vt 0.48137683 0.1590909
vt 0.4266194 0.1590909
vt 0.48137683 0.18181819
vt 0.4266194 0.18181819
vt 0.4813768 0.20454544
vt 0.42661938 0.20454547
vt 0.48137686 0.22727275
vt 0.4266194 0.22727272
vt 0.4813768 0.25
vt 0.42661935 0.25
vt 0.4266194 0.49999997
vt 0.4813768 0.52272725
vt 0.48137683 0.5
vt 0.42661935 0.52272725
vt 0.48137683 0.5454545
vt 0.4266194 0.5454545
vt 0.48137686 0.5681819
vt 0.4266194 0.5681819
vt 0.48137683 0.5909091
vt 0.4266194 0.5909091
vt 0.48137683 0.6136364
vt 0.4266194 0.6136364
vt 0.4813768 0.6363636
vt 0.42661935 0.6363636
vt 0.48137683 0.659091
vt 0.42661944 0.65909106
vt 0.48137683 0.6818182
vt 0.42661938 0.68181825
vt 0.48137683 0.7045455
vt 0.42661938 0.7045455
vt 0.48137677 0.7272727
vt 0.42661935 0.7272727
vt 0.48137677 0.75
vt 0.42661935 0.75
vt 0.5427183 0.24999925
vt 0.5461488 0.27261966
vt 0.5461488 0.24999923
vt 0.5427183 0.27262533
vt 0.5461488 0.29537088
vt 0.54271835 0.29537532
vt 0.54614884 0.3181221
vt 0.5427184 0.31812525
vt 0.5461488 0.34087324
vt 0.5427184 0.34087515
vt 0.5461488 0.3636244
vt 0.5427184 0.36362505
vt 0.54614884 0.38637564
vt 0.5427184 0.386375
vt 0.5461488 0.40912682
vt 0.5427184 0.40912494
vt 0.5461488 0.43187794
vt 0.5427183 0.43187475
vt 0.54614884 0.45462912
vt 0.5427184 0.45462468
vt 0.54614884 0.4773803
vt 0.5427184 0.4773746
vt 0.5461488 0.49999994
vt 0.54271835 0.49999994
vt 0.5461488 0.24999923
vt 0.56022793 0.2728349
vt 0.5602279 0.25000006
vt 0.5461488 0.27261966
vt 0.5602279 0.2955383
vt 0.5461488 0.29537088
vt 0.5602279 0.31824163
vt 0.54614884 0.3181221
vt 0.56022793 0.34094504
vt 0.5461488 0.34087324
vt 0.5602279 0.36364833
vt 0.5461488 0.3636244
vt 0.5602279 0.38635167
vt 0.54614884 0.38637564
vt 0.56022793 0.40905508
vt 0.5461488 0.40912682
vt 0.5602279 0.43175837
vt 0.5461488 0.43187794
vt 0.5602279 0.4544617
vt 0.54614884 0.45462912
vt 0.5602279 0.47716504
vt 0.54614884 0.4773803
vt 0.5602279 0.50000006
vt 0.5461488 0.49999994
vt 0.5427184 0.75000024
vt 0.5461488 0.7726196
vt 0.5461488 0.7500001
vt 0.54271835 0.7726253
vt 0.54614884 0.7953708
vt 0.5427184 0.7953752
vt 0.5461488 0.8181219
vt 0.5427184 0.8181251
vt 0.54614884 0.84087324
vt 0.5427184 0.84087515
vt 0.5461488 0.8636244
vt 0.54271835 0.86362505
vt 0.5461488 0.88637555
vt 0.5427183 0.88637495
vt 0.5461488 0.90912664
vt 0.5427183 0.90912473
vt 0.5461487 0.9318779
vt 0.5427183 0.93187475
vt 0.5461488 0.954629
vt 0.5427184 0.9546246
vt 0.5461488 0.9773802
vt 0.54271835 0.97737455
vt 0.5461488 1.0001314
vt 0.54271835 1.0001245
vt 0.5461488 0.7500001
vt 0.5602279 0.7728349
vt 0.5602279 0.74999994
vt 0.5461488 0.7726196
vt 0.5602279 0.7955382
vt 0.54614884 0.7953708
vt 0.5602279 0.81824154
vt 0.5461488 0.8181219
vt 0.56022793 0.840945
vt 0.54614884 0.84087324
vt 0.56022793 0.86364836
vt 0.5461488 0.8636244
vt 0.5602278 0.8863516
vt 0.5461488 0.88637555
vt 0.5602279 0.90905493
vt 0.5461488 0.90912664
vt 0.5602279 0.9317583
vt 0.5461487 0.9318779
vt 0.5602279 0.9544617
vt 0.5461488 0.954629
vt 0.5602279 0.977165
vt 0.5461488 0.9773802
vt 0.5602279 0.9998684
vt 0.5461488 1.0001314
vt 0.54271835 -0.00012450227
vt 0.5461488 0.022619713
vt 0.5461488 -0.00013146487
vt 0.5427183 0.022625409
vt 0.5461488 0.04537089
vt 0.54271835 0.045375317
vt 0.5461488 0.06812207
vt 0.54271835 0.06812523
vt 0.5461488 0.09087325
vt 0.54271835 0.09087515
vt 0.5461488 0.11362443
vt 0.5427184 0.11362507
vt 0.5461488 0.1363756
vt 0.5427184 0.13637498
vt 0.5461487 0.15912677
vt 0.5427183 0.15912487
vt 0.54614884 0.18187797
vt 0.5427184 0.1818748
vt 0.5461487 0.20462912
vt 0.5427183 0.2046247
vt 0.54614884 0.22738035
vt 0.5427184 0.22737464
vt 0.5461488 0.24999923
vt 0.5427183 0.24999925
vt 0.5461488 -0.00013146487
vt 0.5602279 0.022834899
vt 0.56022793 0.00013154745
vt 0.5461488 0.022619713
vt 0.56022793 0.045538254
vt 0.5461488 0.04537089
vt 0.5602279 0.0682416
vt 0.5461488 0.06812207
vt 0.5602279 0.09094495
vt 0.5461488 0.09087325
vt 0.5602279 0.11364831
vt 0.5461488 0.11362443
vt 0.5602279 0.13635164
vt 0.5461488 0.1363756
vt 0.5602279 0.159055
vt 0.5461487 0.15912677
vt 0.5602279 0.18175837
vt 0.54614884 0.18187797
vt 0.5602279 0.2044617
vt 0.5461487 0.20462912
vt 0.5602279 0.22716506
vt 0.54614884 0.22738035
vt 0.5602279 0.25000006
vt 0.5461488 0.24999923
vt 0.54271835 0.49999994
vt 0.5461487 0.5226196
vt 0.5461488 0.49999994
vt 0.5427183 0.5226253
vt 0.5461488 0.5453708
vt 0.54271835 0.5453752
vt 0.54614884 0.568122
vt 0.5427184 0.56812525
vt 0.54614884 0.59087324
vt 0.5427184 0.59087515
vt 0.5461488 0.61362433
vt 0.54271835 0.613625
vt 0.5461488 0.6363755
vt 0.54271835 0.6363749
vt 0.5461488 0.65912676
vt 0.54271835 0.65912485
vt 0.54614884 0.6818779
vt 0.5427184 0.68187475
vt 0.5461488 0.70462906
vt 0.54271835 0.70462465
vt 0.54614884 0.72738034
vt 0.5427184 0.7273746
vt 0.5461488 0.7500001
vt 0.5427184 0.75000024
vt 0.5461488 0.49999994
vt 0.5602279 0.52283496
vt 0.5602279 0.50000006
vt 0.5461487 0.5226196
vt 0.5602279 0.54553825
vt 0.5461488 0.5453708
vt 0.56022793 0.5682416
vt 0.54614884 0.568122
vt 0.56022793 0.59094495
vt 0.54614884 0.59087324
vt 0.5602279 0.61364836
vt 0.5461488 0.61362433
vt 0.5602279 0.6363516
vt 0.5461488 0.6363755
vt 0.5602279 0.659055
vt 0.5461488 0.65912676
vt 0.5602279 0.6817583
vt 0.54614884 0.6818779
vt 0.5602279 0.7044617
vt 0.5461488 0.70462906
vt 0.5602279 0.72716504
vt 0.54614884 0.72738034
vt 0.5602279 0.74999994
vt 0.5461488 0.7500001
vt 0.5602279 0.25000006
vt 0.56431603 0.2728281
vt 0.56431603 0.25000006
vt 0.56022793 0.2728349
vt 0.564316 0.295533
vt 0.5602279 0.2955383
vt 0.56431603 0.31823784
vt 0.5602279 0.31824163
vt 0.56431603 0.34094274
vt 0.56022793 0.34094504
vt 0.5643159 0.36364758
vt 0.5602279 0.36364833
vt 0.564316 0.38635245
vt 0.5602279 0.38635167
vt 0.56431603 0.40905732
vt 0.56022793 0.40905508
vt 0.56431603 0.43176216
vt 0.5602279 0.43175837
vt 0.56431603 0.454467
vt 0.5602279 0.4544617
vt 0.564316 0.47717178
vt 0.5602279 0.47716504
vt 0.56431603 0.50000006
vt 0.5602279 0.50000006
vt 0.5602279 0.74999994
vt 0.56431603 0.77282816
vt 0.56431603 0.75
vt 0.5602279 0.7728349
vt 0.564316 0.7955329
vt 0.5602279 0.7955382
vt 0.56431603 0.8182378
vt 0.5602279 0.81824154
vt 0.56431603 0.84094274
vt 0.56022793 0.840945
vt 0.56431603 0.8636476
vt 0.56022793 0.86364836
vt 0.5643159 0.88635236
vt 0.5602278 0.8863516
vt 0.56431603 0.90905714
vt 0.5602279 0.90905493
vt 0.56431603 0.9317621
vt 0.5602279 0.9317583
vt 0.56431603 0.95446694
vt 0.5602279 0.9544617
vt 0.56431603 0.97717184
vt 0.5602279 0.977165
vt 0.56431603 0.99987674
vt 0.5602279 0.9998684
vt 0.56022793 0.00013154745
vt 0.56431603 0.022828108
vt 0.5643161 0.00012324475
vt 0.5602279 0.022834899
vt 0.56431603 0.04553297
vt 0.56022793 0.045538254
vt 0.564316 0.068237826
vt 0.5602279 0.0682416
vt 0.56431603 0.090942696
vt 0.5602279 0.09094495
vt 0.56431603 0.113647565
vt 0.5602279 0.11364831
vt 0.56431603 0.1363524
vt 0.5602279 0.13635164
vt 0.56431603 0.15905726
vt 0.5602279 0.159055
vt 0.56431603 0.18176216
vt 0.5602279 0.18175837
vt 0.56431603 0.20446697
vt 0.5602279 0.2044617
vt 0.56431603 0.22717185
vt 0.5602279 0.22716506
vt 0.56431603 0.25000006
vt 0.5602279 0.25000006
vt 0.5602279 0.50000006
vt 0.56431603 0.52282816
vt 0.56431603 0.50000006
vt 0.5602279 0.52283496
vt 0.5643159 0.54553294
vt 0.5602279 0.54553825
vt 0.56431603 0.5682378
vt 0.56022793 0.5682416
vt 0.56431603 0.5909427
vt 0.56022793 0.59094495
vt 0.564316 0.6136476
vt 0.5602279 0.61364836
vt 0.564316 0.63635236
vt 0.5602279 0.6363516
vt 0.564316 0.65905726
vt 0.5602279 0.659055
vt 0.5643159 0.681762
vt 0.5602279 0.6817583
vt 0.5643159 0.70446694
vt 0.5602279 0.7044617
vt 0.5643159 0.7271718
vt 0.5602279 0.72716504
vt 0.56431603 0.75
vt 0.5602279 0.74999994
vt 0.48137686 0.22727275
vt 0.4813768 0.25
vt 0.5427183 0.24999925
vt 0.5427184 0.22737464
vt 0.4813768 0.20454544
vt 0.5427183 0.2046247
vt 0.48137683 0.18181819
vt 0.5427184 0.1818748
vt 0.48137683 0.1590909
vt 0.5427183 0.15912487
vt 0.48137677 0.13636363
vt 0.5427184 0.13637498
vt 0.48137683 0.113636374
vt 0.5427184 0.11362507
vt 0.4813768 0.09090909
vt 0.54271835 0.09087515
vt 0.4813768 0.06818181
vt 0.54271835 0.06812523
vt 0.4813768 0.045454547
vt 0.54271835 0.045375317
vt 0.48137683 0.022727273
vt 0.5427183 0.022625409
vt 0.4813768 0
vt 0.54271835 -0.00012450227
vt 0.4813769 0.47727275
vt 0.48137683 0.5
vt 0.54271835 0.49999994
vt 0.5427184 0.4773746
vt 0.48137683 0.45454544
vt 0.5427184 0.45462468
vt 0.4813768 0.4318182
vt 0.5427183 0.43187475
vt 0.48137683 0.40909094
vt 0.5427184 0.40912494
vt 0.48137683 0.3863637
vt 0.5427184 0.386375
vt 0.48137683 0.36363637
vt 0.5427184 0.36362505
vt 0.48137686 0.34090912
vt 0.5427184 0.34087515
vt 0.48137683 0.3181818
vt 0.5427184 0.31812525
vt 0.48137683 0.29545456
vt 0.54271835 0.29537532
vt 0.48137683 0.27272725
vt 0.5427183 0.27262533
vt 0.4813768 0.25
vt 0.5427183 0.24999925
vt 0.48137677 0.7272727
vt 0.48137677 0.75
vt 0.5427184 0.75000024
vt 0.5427184 0.7273746
vt 0.48137683 0.7045455
vt 0.54271835 0.70462465
vt 0.48137683 0.6818182
vt 0.5427184 0.68187475
vt 0.48137683 0.659091
vt 0.54271835 0.65912485
vt 0.4813768 0.6363636
vt 0.54271835 0.6363749
vt 0.48137683 0.6136364
vt 0.54271835 0.613625
vt 0.48137683 0.5909091
vt 0.5427184 0.59087515
vt 0.48137686 0.5681819
vt 0.5427184 0.56812525
vt 0.48137683 0.5454545
vt 0.54271835 0.5453752
vt 0.4813768 0.52272725
vt 0.5427183 0.5226253
vt 0.48137683 0.5
vt 0.54271835 0.49999994
vt 0.48137683 0.9772727
vt 0.4813768 1
vt 0.54271835 1.0001245
vt 0.54271835 0.97737455
vt 0.4813768 0.95454544
vt 0.5427184 0.9546246
vt 0.4813768 0.9318181
vt 0.5427183 0.93187475
vt 0.48137683 0.90909094
vt 0.5427183 0.90912473
vt 0.4813768 0.8863636
vt 0.5427183 0.88637495
vt 0.48137677 0.8636364
vt 0.54271835 0.86362505
vt 0.48137683 0.8409091
vt 0.5427184 0.84087515
vt 0.48137677 0.81818175
vt 0.5427184 0.8181251
vt 0.48137686 0.79545456
vt 0.5427184 0.7953752
vt 0.48137677 0.7727272
vt 0.54271835 0.7726253
vt 0.48137677 0.75
vt 0.5427184 0.75000024
vt 0.82397467 0.672433
vt 0.85317904 0.69632757
vt 0.85317886 0.6971073
vt 0.8239746 0.6656269
vt 0.8531791 0.6765054
vt 0.8239746 0.6540192
vt 0.85317904 0.65590316
vt 0.8239747 0.64241165
vt 0.853179 0.63530105
vt 0.8239746 0.63080376
vt 0.8531791 0.614699
vt 0.82397455 0.61919606
vt 0.8531791 0.5940969
vt 0.8239746 0.6075884
vt 0.8531791 0.5734947
vt 0.8239746 0.5959807
vt 0.8531791 0.55289257
vt 0.8239747 0.5843731
vt 0.8531791 0.5536725
vt 0.8239746 0.5775669
vt 0.8531791 0.55289257
vt 0.8531791 0.55289257
vt 0.8531791 0.5734947
vt 0.8531791 0.5734947
vt 0.8531791 0.5940969
vt 0.8531791 0.5940969
vt 0.8531791 0.614699
vt 0.8531791 0.614699
vt 0.853179 0.63530105
vt 0.853179 0.63530105
vt 0.85317904 0.65590316
vt 0.85317904 0.65590316
vt 0.8531791 0.6765054
vt 0.8531791 0.6765054
vt 0.85317886 0.6971073
vt 0.85317886 0.6971073
vt 0.85317886 0.6971073
vt 0.85317886 0.6971073
vt 0.85317904 0.69632757
vt 0.85317904 0.69632757
vt 0.8531791 0.5536725
vt 0.8531791 0.5536725
vt 0.8531791 0.55289257
vt 0.8531791 0.55289257
vt 0.82397467 0.672433
vt 0.82397467 0.672433
vt 0.8239746 0.6656269
vt 0.8239746 0.6656269
vt 0.8239746 0.6540192
vt 0.8239746 0.6540192
vt 0.8239747 0.64241165
vt 0.8239747 0.64241165
vt 0.8239746 0.63080376
vt 0.8239746 0.63080376
vt 0.82397455 0.61919606
vt 0.82397455 0.61919606
vt 0.8239746 0.6075884
vt 0.8239746 0.6075884
vt 0.8239746 0.5959807
vt 0.8239746 0.5959807
vt 0.8239747 0.5843731
vt 0.8239747 0.5843731
vt 0.8239746 0.5775669
vt 0.8239746 0.5775669
vt 0.37499997 0.22727272
vt 0.375 0.25
vt 0.3994665 0.25
vt 0.39946657 0.22727275
vt 0.37499997 0.20454544
vt 0.39946657 0.20454544
vt 0.37499997 0.18181817
vt 0.3994665 0.18181819
vt 0.37499997 0.1590909
vt 0.3994665 0.1590909
vt 0.37499997 0.13636364
vt 0.39946654 0.13636364
vt 0.37499997 0.11363637
vt 0.39946657 0.11363638
vt 0.375 0.09090909
vt 0.3994665 0.09090909
vt 0.375 0.06818182
vt 0.3994665 0.06818181
vt 0.375 0.045454543
vt 0.3994665 0.045454547
vt 0.375 0.022727272
vt 0.39946654 0.022727273
vt 0.375 0
vt 0.3994665 0
vt 0.37499997 0.47727272
vt 0.375 0.5
vt 0.3994665 0.5
vt 0.39946657 0.47727275
vt 0.37499997 0.45454544
vt 0.3994665 0.45454544
vt 0.37499997 0.4318182
vt 0.39946654 0.4318182
vt 0.37499997 0.4090909
vt 0.3994665 0.40909094
vt 0.37499997 0.38636366
vt 0.39946657 0.3863637
vt 0.37499997 0.36363637
vt 0.39946654 0.36363637
vt 0.375 0.34090912
vt 0.39946657 0.34090912
vt 0.375 0.31818184
vt 0.39946654 0.31818184
vt 0.375 0.29545456
vt 0.39946654 0.29545456
vt 0.375 0.27272728
vt 0.3994665 0.27272728
vt 0.375 0.25
vt 0.3994665 0.25
vt 0.37499997 0.7272727
vt 0.375 0.75
vt 0.3994665 0.75
vt 0.39946654 0.72727275
vt 0.37499997 0.70454544
vt 0.3994665 0.7045455
vt 0.37499997 0.6818182
vt 0.3994665 0.68181825
vt 0.37499997 0.65909094
vt 0.39946657 0.659091
vt 0.37499997 0.6363637
vt 0.39946654 0.6363637
vt 0.37499997 0.6136364
vt 0.39946657 0.6136364
vt 0.375 0.5909091
vt 0.39946654 0.5909092
vt 0.375 0.5681819
vt 0.3994665 0.5681819
vt 0.375 0.54545456
vt 0.3994665 0.54545456
vt 0.375 0.52272725
vt 0.39946654 0.5227273
vt 0.375 0.5
vt 0.3994665 0.5
vt 0.37499997 0.9772727
vt 0.375 1
vt 0.39946654 1
vt 0.39946654 0.97727275
vt 0.37499997 0.9545454
vt 0.3994665 0.9545454
vt 0.37499997 0.9318181
vt 0.3994665 0.9318181
vt 0.37499997 0.9090909
vt 0.3994665 0.9090908
vt 0.37499997 0.8863636
vt 0.39946657 0.8863636
vt 0.37499997 0.8636363
vt 0.3994665 0.8636364
vt 0.375 0.8409091
vt 0.3994665 0.8409091
vt 0.375 0.8181819
vt 0.3994665 0.8181819
vt 0.375 0.79545456
vt 0.3994665 0.79545456
vt 0.375 0.77272725
vt 0.3994665 0.7727272
vt 0.375 0.75
vt 0.3994665 0.75
vt 0.39946654 0.4318182
vt 0.40339231 0.45454544
vt 0.40339231 0.4318182
vt 0.3994665 0.45454544
vt 0.40339231 0.47727272
vt 0.39946657 0.47727275
vt 0.40339231 0.5
vt 0.3994665 0.5
vt 0.3994665 0.40909094
vt 0.39946654 0.4318182
vt 0.40339231 0.4318182
vt 0.40339231 0.40909094
vt 0.39946657 0.3863637
vt 0.3994665 0.40909094
vt 0.40339231 0.40909094
vt 0.40339231 0.3863637
vt 0.39946654 0.36363637
vt 0.40339231 0.36363637
vt 0.39946657 0.34090912
vt 0.40339231 0.34090912
vt 0.39946654 0.31818184
vt 0.39946657 0.34090912
vt 0.40339231 0.34090912
vt 0.40339231 0.31818184
vt 0.39946654 0.29545456
vt 0.39946654 0.31818184
vt 0.40339231 0.31818184
vt 0.40339231 0.29545456
vt 0.3994665 0.27272728
vt 0.40339231 0.27272728
vt 0.3994665 0.25
vt 0.40339231 0.24999999
vt 0.3994665 0.9318181
vt 0.40339231 0.9545454
vt 0.40339231 0.9318181
vt 0.3994665 0.9545454
vt 0.40339231 0.9772727
vt 0.39946654 0.97727275
vt 0.40339234 1
vt 0.39946654 1
vt 0.3994665 0.9090908
vt 0.3994665 0.9318181
vt 0.40339231 0.9318181
vt 0.40339231 0.9090909
vt 0.39946657 0.8863636
vt 0.3994665 0.9090908
vt 0.40339231 0.9090909
vt 0.40339231 0.8863636
vt 0.3994665 0.8636364
vt 0.40339231 0.8636364
vt 0.3994665 0.8409091
vt 0.40339231 0.8409091
vt 0.3994665 0.8181819
vt 0.3994665 0.8409091
vt 0.40339231 0.8409091
vt 0.40339231 0.8181819
vt 0.3994665 0.79545456
vt 0.3994665 0.8181819
vt 0.40339231 0.8181819
vt 0.40339231 0.79545456
vt 0.3994665 0.7727272
vt 0.40339231 0.77272725
vt 0.3994665 0.75
vt 0.40339231 0.75
vt 0.3994665 0.18181819
vt 0.40339231 0.20454544
vt 0.40339231 0.18181819
vt 0.39946657 0.20454544
vt 0.40339231 0.22727272
vt 0.39946657 0.22727275
vt 0.40339231 0.24999999
vt 0.3994665 0.25
vt 0.3994665 0.1590909
vt 0.3994665 0.18181819
vt 0.40339231 0.18181819
vt 0.40339231 0.1590909
vt 0.39946654 0.13636364
vt 0.3994665 0.1590909
vt 0.40339231 0.1590909
vt 0.40339231 0.13636364
vt 0.39946657 0.11363638
vt 0.40339231 0.113636374
vt 0.3994665 0.09090909
vt 0.40339231 0.09090909
vt 0.3994665 0.06818181
vt 0.3994665 0.09090909
vt 0.40339231 0.09090909
vt 0.40339231 0.06818182
vt 0.3994665 0.045454547
vt 0.3994665 0.06818181
vt 0.40339231 0.06818182
vt 0.40339231 0.045454547
vt 0.39946654 0.022727273
vt 0.40339231 0.022727273
vt 0.3994665 0
vt 0.40339231 0
vt 0.3994665 0.68181825
vt 0.40339231 0.7045455
vt 0.40339231 0.68181825
vt 0.3994665 0.7045455
vt 0.40339231 0.72727275
vt 0.39946654 0.72727275
vt 0.40339231 0.75
vt 0.3994665 0.75
vt 0.39946657 0.659091
vt 0.3994665 0.68181825
vt 0.40339231 0.68181825
vt 0.40339231 0.659091
vt 0.39946654 0.6363637
vt 0.39946657 0.659091
vt 0.40339231 0.659091
vt 0.40339231 0.6363637
vt 0.39946657 0.6136364
vt 0.40339231 0.6136364
vt 0.39946654 0.5909092
vt 0.40339231 0.5909091
vt 0.3994665 0.5681819
vt 0.39946654 0.5909092
vt 0.40339231 0.5909091
vt 0.40339231 0.5681819
vt 0.3994665 0.54545456
vt 0.3994665 0.5681819
vt 0.40339231 0.5681819
vt 0.40339231 0.54545456
vt 0.39946654 0.5227273
vt 0.40339231 0.52272725
vt 0.3994665 0.5
vt 0.40339231 0.5
vt 0.40339231 0.24999999
vt 0.40339231 0.24999999
vt 0.40339231 0.22727272
vt 0.40339231 0.22727272
vt 0.40339231 0.20454544
vt 0.40339231 0.20454544
vt 0.40339231 0.18181819
vt 0.40339231 0.18181819
vt 0.40339231 0.1590909
vt 0.40339231 0.1590909
vt 0.40339231 0.13636364
vt 0.40339231 0.13636364
vt 0.40339231 0.113636374
vt 0.40339231 0.113636374
vt 0.40339231 0.09090909
vt 0.40339231 0.09090909
vt 0.40339231 0.06818182
vt 0.40339231 0.06818182
vt 0.40339231 0.045454547
vt 0.40339231 0.045454547
vt 0.40339231 0.022727273
vt 0.40339231 0.022727273
vt 0.40339231 0
vt 0.40339231 0
vt 0.40339231 0.5
vt 0.40339231 0.5
vt 0.40339231 0.47727272
vt 0.40339231 0.47727272
vt 0.40339231 0.45454544
vt 0.40339231 0.45454544
vt 0.40339231 0.4318182
vt 0.40339231 0.4318182
vt 0.40339231 0.40909094
vt 0.40339231 0.40909094
vt 0.40339231 0.3863637
vt 0.40339231 0.3863637
vt 0.40339231 0.36363637
vt 0.40339231 0.36363637
vt 0.40339231 0.34090912
vt 0.40339231 0.34090912
vt 0.40339231 0.31818184
vt 0.40339231 0.31818184
vt 0.40339231 0.29545456
vt 0.40339231 0.29545456
vt 0.40339231 0.27272728
vt 0.40339231 0.27272728
vt 0.40339231 0.24999999
vt 0.40339231 0.24999999
vt 0.42661935 0.25
vt 0.42661935 0.25
vt 0.42661938 0.27272725
vt 0.42661938 0.27272725
vt 0.4266194 0.2954546
vt 0.4266194 0.2954546
vt 0.42661935 0.3181818
vt 0.42661935 0.3181818
vt 0.4266194 0.34090912
vt 0.4266194 0.34090912
vt 0.42661938 0.36363637
vt 0.42661938 0.36363637
vt 0.42661935 0.3863637
vt 0.42661935 0.3863637
vt 0.42661935 0.40909094
vt 0.42661935 0.40909094
vt 0.42661935 0.4318182
vt 0.42661935 0.4318182
vt 0.42661938 0.45454544
vt 0.42661938 0.45454544
vt 0.4266194 0.47727275
vt 0.4266194 0.47727275
vt 0.4266194 0.49999997
vt 0.4266194 0.49999997
vt 0.40339231 0.75
vt 0.40339231 0.75
vt 0.40339231 0.72727275
vt 0.40339231 0.72727275
vt 0.40339231 0.7045455
vt 0.40339231 0.7045455
vt 0.40339231 0.68181825
vt 0.40339231 0.68181825
vt 0.40339231 0.659091
vt 0.40339231 0.659091
vt 0.40339231 0.6363637
vt 0.40339231 0.6363637
vt 0.40339231 0.6136364
vt 0.40339231 0.6136364
vt 0.40339231 0.5909091
vt 0.40339231 0.5909091
vt 0.40339231 0.5681819
vt 0.40339231 0.5681819
vt 0.40339231 0.54545456
vt 0.40339231 0.54545456
vt 0.40339231 0.52272725
vt 0.40339231 0.52272725
vt 0.40339231 0.5
vt 0.40339231 0.5
vt 0.40339234 1
vt 0.40339234 1
vt 0.40339231 0.9772727
vt 0.40339231 0.9772727
vt 0.40339231 0.9545454
vt 0.40339231 0.9545454
vt 0.40339231 0.9318181
vt 0.40339231 0.9318181
vt 0.40339231 0.9090909
vt 0.40339231 0.9090909
vt 0.40339231 0.8863636
vt 0.40339231 0.8863636
vt 0.40339231 0.8636364
vt 0.40339231 0.8636364
vt 0.40339231 0.8409091
vt 0.40339231 0.8409091
vt 0.40339231 0.8181819
vt 0.40339231 0.8181819
vt 0.40339231 0.79545456
vt 0.40339231 0.79545456
vt 0.40339231 0.77272725
vt 0.40339231 0.77272725
vt 0.40339231 0.75
vt 0.40339231 0.75
vt 0.4266194 0.49999997
vt 0.4266194 0.49999997
vt 0.42661935 0.52272725
vt 0.42661935 0.52272725
vt 0.4266194 0.5454545
vt 0.4266194 0.5454545
vt 0.4266194 0.5681819
vt 0.4266194 0.5681819
vt 0.4266194 0.5909091
vt 0.4266194 0.5909091
vt 0.4266194 0.6136364
vt 0.4266194 0.6136364
vt 0.42661935 0.6363636
vt 0.42661935 0.6363636
vt 0.42661944 0.65909106
vt 0.42661944 0.65909106
vt 0.42661938 0.68181825
vt 0.42661938 0.68181825
vt 0.42661938 0.7045455
vt 0.42661938 0.7045455
vt 0.42661935 0.7272727
vt 0.42661935 0.7272727
vt 0.42661935 0.75
vt 0.42661935 0.75
vt 0.42661938 0.9772727
vt 0.4266194 1
vt 0.4266194 1
vt 0.42661938 0.9772727
vt 0.42661938 0.95454544
vt 0.42661938 0.95454544
vt 0.42661938 0.93181825
vt 0.42661938 0.93181825
vt 0.4266194 0.9090909
vt 0.4266194 0.9090909
vt 0.42661938 0.8863636
vt 0.42661938 0.8863636
vt 0.42661935 0.8636364
vt 0.42661935 0.8636364
vt 0.42661938 0.84090906
vt 0.42661938 0.84090906
vt 0.4266194 0.8181819
vt 0.4266194 0.8181819
vt 0.42661947 0.7954546
vt 0.42661947 0.7954546
vt 0.42661935 0.77272725
vt 0.42661935 0.77272725
vt 0.42661935 0.75
vt 0.42661935 0.75
vt 0.4266194 0.22727272
vt 0.42661935 0.25
vt 0.42661935 0.25
vt 0.4266194 0.22727272
vt 0.42661938 0.20454547
vt 0.42661938 0.20454547
vt 0.4266194 0.18181819
vt 0.4266194 0.18181819
vt 0.4266194 0.1590909
vt 0.4266194 0.1590909
vt 0.42661938 0.13636363
vt 0.42661938 0.13636363
vt 0.4266194 0.113636374
vt 0.4266194 0.113636374
vt 0.42661935 0.09090909
vt 0.42661935 0.09090909
vt 0.42661935 0.06818181
vt 0.42661935 0.06818181
vt 0.4266194 0.04545455
vt 0.4266194 0.04545455
vt 0.4266194 0.022727273
vt 0.4266194 0.022727273
vt 0.42661938 0
vt 0.42661938 0
vt 0.40339231 0.22727272
vt 0.40339231 0.24999999
vt 0.42661935 0.25
vt 0.4266194 0.22727272
vt 0.40339231 0.20454544
vt 0.42661938 0.20454547
vt 0.40339231 0.18181819
vt 0.4266194 0.18181819
vt 0.40339231 0.1590909
vt 0.4266194 0.1590909
vt 0.40339231 0.13636364
vt 0.42661938 0.13636363
vt 0.40339231 0.113636374
vt 0.4266194 0.113636374
vt 0.40339231 0.09090909
vt 0.42661935 0.09090909
vt 0.40339231 0.06818182
vt 0.42661935 0.06818181
vt 0.40339231 0.045454547
vt 0.4266194 0.04545455
vt 0.40339231 0.022727273
vt 0.4266194 0.022727273
vt 0.40339231 0
vt 0.42661938 0
vt 0.40339231 0.47727272
vt 0.40339231 0.5
vt 0.4266194 0.49999997
vt 0.4266194 0.47727275
vt 0.40339231 0.45454544
vt 0.42661938 0.45454544
vt 0.40339231 0.4318182
vt 0.42661935 0.4318182
vt 0.40339231 0.40909094
vt 0.42661935 0.40909094
vt 0.40339231 0.3863637
vt 0.42661935 0.3863637
vt 0.40339231 0.36363637
vt 0.42661938 0.36363637
vt 0.40339231 0.34090912
vt 0.4266194 0.34090912
vt 0.40339231 0.31818184
vt 0.42661935 0.3181818
vt 0.40339231 0.29545456
vt 0.4266194 0.2954546
vt 0.40339231 0.27272728
vt 0.42661938 0.27272725
vt 0.40339231 0.24999999
vt 0.42661935 0.25
vt 0.40339231 0.72727275
vt 0.40339231 0.75
vt 0.42661935 0.75
vt 0.42661935 0.7272727
vt 0.40339231 0.7045455
vt 0.42661938 0.7045455
vt 0.40339231 0.68181825
vt 0.42661938 0.68181825
vt 0.40339231 0.659091
vt 0.42661944 0.65909106
vt 0.40339231 0.6363637
vt 0.42661935 0.6363636
vt 0.40339231 0.6136364
vt 0.4266194 0.6136364
vt 0.40339231 0.5909091
vt 0.4266194 0.5909091
vt 0.40339231 0.5681819
vt 0.4266194 0.5681819
vt 0.40339231 0.54545456
vt 0.4266194 0.5454545
vt 0.40339231 0.52272725
vt 0.42661935 0.52272725
vt 0.40339231 0.5
vt 0.4266194 0.49999997
vt 0.40339231 0.9772727
vt 0.40339234 1
vt 0.4266194 1
vt 0.42661938 0.9772727
vt 0.40339231 0.9545454
vt 0.42661938 0.95454544
vt 0.40339231 0.9318181
vt 0.42661938 0.93181825
vt 0.40339231 0.9090909
vt 0.4266194 0.9090909
vt 0.40339231 0.8863636
vt 0.42661938 0.8863636
vt 0.40339231 0.8636364
vt 0.42661935 0.8636364
vt 0.40339231 0.8409091
vt 0.42661938 0.84090906
vt 0.40339231 0.8181819
vt 0.4266194 0.8181819
vt 0.40339231 0.79545456
vt 0.42661947 0.7954546
vt 0.40339231 0.77272725
vt 0.42661935 0.77272725
vt 0.40339231 0.75
vt 0.42661935 0.75
vt 0.8239746 0.5775669
vt 0.8138422 0.57276535
vt 0.8138422 0.58437306
vt 0.8239747 0.5843731
vt 0.8138422 0.59598076
vt 0.8239746 0.5959807
vt 0.8138422 0.6075884
vt 0.8239746 0.6075884
vt 0.8138422 0.6191961
vt 0.82397455 0.61919606
vt 0.8138422 0.6308038
vt 0.8239746 0.63080376
vt 0.8138422 0.64241153
vt 0.8239747 0.64241165
vt 0.8138422 0.65401924
vt 0.8239746 0.6540192
vt 0.8138422 0.6656269
vt 0.8239746 0.6656269
vt 0.8138422 0.6772346
vt 0.82397467 0.672433
vt 0.8633115 0.71770954
vt 0.85317904 0.69632757
vt 0.81384224 0.6888423
vt 0.8633115 0.69710743
vt 0.8633116 0.73831165
vt 0.85317886 0.6971073
vt 0.80223453 0.68884224
vt 0.8633115 0.6765053
vt 0.8427094 0.73831165
vt 0.8531791 0.6765054
vt 0.7906268 0.6888422
vt 0.8633115 0.6559032
vt 0.8221073 0.73831165
vt 0.85317904 0.65590316
vt 0.7790192 0.6888422
vt 0.8633115 0.6353011
vt 0.8015052 0.73831165
vt 0.853179 0.63530105
vt 0.7674115 0.6888422
vt 0.8633115 0.61469895
vt 0.7809031 0.73831165
vt 0.8531791 0.614699
vt 0.75580376 0.6888422
vt 0.8633115 0.59409684
vt 0.760301 0.7383116
vt 0.8531791 0.5940969
vt 0.74419606 0.6888422
vt 0.8633115 0.5734947
vt 0.7396989 0.7383116
vt 0.8531791 0.5734947
vt 0.73258835 0.6888422
vt 0.8633115 0.55289257
vt 0.7190967 0.7383116
vt 0.8531791 0.55289257
vt 0.72098064 0.6888422
vt 0.69849455 0.7383116
vt 0.70937294 0.6888422
vt 0.67789245 0.7383115
vt 0.69776523 0.6888422
vt 0.65729034 0.7383116
vt 0.6861576 0.6888422
vt 0.63668823 0.7383116
vt 0.6861576 0.6772345
vt 0.63668823 0.7177095
vt 0.6861576 0.66562676
vt 0.6366882 0.6971074
vt 0.6861576 0.6540191
vt 0.6366882 0.6765053
vt 0.6861576 0.6424114
vt 0.6366882 0.6559032
vt 0.6861576 0.6308037
vt 0.6366882 0.63530105
vt 0.6861576 0.61919606
vt 0.63668823 0.61469895
vt 0.6861576 0.60758835
vt 0.63668823 0.5940968
vt 0.6861576 0.59598064
vt 0.63668823 0.5734946
vt 0.6861575 0.58437294
vt 0.63668823 0.5528925
vt 0.6861576 0.5727653
vt 0.63668823 0.5322904
vt 0.6861576 0.56115764
vt 0.63668823 0.5116883
vt 0.6977653 0.5611576
vt 0.65729034 0.51168835
vt 0.709373 0.5611576
vt 0.67789245 0.51168835
vt 0.72098076 0.56115764
vt 0.6984946 0.51168835
vt 0.7325884 0.56115764
vt 0.7190967 0.51168835
vt 0.74419606 0.56115764
vt 0.7396988 0.51168835
vt 0.75580376 0.56115764
vt 0.760301 0.51168835
vt 0.7674114 0.56115764
vt 0.7809031 0.51168835
vt 0.7790191 0.56115764
vt 0.8015052 0.51168835
vt 0.79062676 0.56115764
vt 0.8221073 0.51168835
vt 0.8022345 0.5611577
vt 0.8427094 0.51168835
vt 0.8138422 0.5611577
vt 0.8633116 0.51168835
vt 0.8633115 0.53229046
vt 0.8531791 0.5536725
vn 0.9964367 0 0.08434367
vn 0.9964367 0 0.08434367
vn 0.9964367 0 0.08434367
vn -0.9964367 0 0.08434367
vn -0.9964367 0 0.08434367
vn -0.9964367 0 0.08434367
vn -0 -0.9964367 0.08434383
vn -0 -0.9964367 0.08434383
vn -0 -0.9964367 0.08434383
vn -0 0.9964367 0.08434361
vn -0 0.9964367 0.08434361
vn -0 0.9964367 0.08434361
vn -0.9999827 0 0.0058843098
vn -0.9999827 0 0.0058843098
vn -0.9999827 0 0.0058843098
vn -0.9999827 0 0.0058843098
vn -0.9999827 0 0.0058843116
vn -0.9999827 0 0.0058843116
vn -0.9999827 0 0.005884313
vn -0.9999924 0 0.003922891
vn -0.9999827 0 0.005884313
vn -0.9999924 0 0.0039228913
vn -0.9999827 0 0.005884313
vn -1 0 0
vn -1 0 0
vn -0.9999924 0 0.003922891
vn -0.9999827 0 0.0058843135
vn -0.9999924 0 0.0039228913
vn -0.9999827 0 0.005884314
vn -1 0 0
vn -1 0 0
vn -0.9999924 0 0.003922892
vn -0.9999827 0 0.0058843116
vn -0.9999924 0 0.00392289
vn -0.9999827 0 0.0058843107
vn -1 0 0
vn -1 0 0
vn -0.9999827 0 0.0058843107
vn -0.9999827 0 0.005884314
vn -0.9999827 0 0.005884314
vn -0.9999827 0 0.0058843167
vn -0.9999827 0 0.0058843167
vn -0 0.9999827 0.005885219
vn -0 0.9999827 0.0058852574
vn -0 0.9999827 0.0058852574
vn -0 0.9999827 0.0058852183
vn -0 0.9999827 0.0058851466
vn -0 0.9999827 0.005885147
vn -0 0.9999827 0.0058851643
vn -0 0.9999924 0.0039234585
vn -0 0.9999827 0.005885206
vn -0 0.9999924 0.003923487
vn -0 0.9999827 0.0058850846
vn -0 1 0
vn -0 1 0
vn -0 0.9999924 0.0039234054
vn -0 0.9999827 0.005885032
vn -0 0.9999924 0.0039233705
vn -0 0.9999827 0.00588503
vn -0 1 0
vn -0 1 0
vn -0 0.9999924 0.0039233696
vn -0 0.9999827 0.005885099
vn -0 0.9999924 0.0039234147
vn -0 0.9999827 0.0058852755
vn -0 1 0
vn -0 1 0
vn -0 0.9999827 0.005885275
vn -0 0.9999827 0.005885375
vn -0 0.9999827 0.005885375
vn -0 0.9999827 0.005885428
vn -0 0.9999827 0.005885428
vn 0.9999827 0 0.0058838692
vn 0.9999827 0 0.0058838683
vn 0.9999827 0 0.0058838683
vn 0.9999827 0 0.0058838692
vn 0.9999827 0 0.0058838706
vn 0.9999827 0 0.0058838706
vn 0.9999827 0 0.0058838692
vn 0.9999924 0 0.003922595
vn 0.9999827 0 0.0058838692
vn 0.9999924 0 0.003922595
vn 0.9999827 0 0.0058838692
vn 1 0 0
vn 1 0 0
vn 0.9999924 0 0.003922595
vn 0.9999827 0 0.00588387
vn 0.9999924 0 0.0039225956
vn 0.9999827 0 0.0058838706
vn 1 0 0
vn 1 0 0
vn 0.9999924 0 0.003922596
vn 0.9999827 0 0.0058838706
vn 0.9999924 0 0.003922596
vn 0.9999827 0 0.0058838692
vn 1 0 0
vn 1 0 0
vn 0.9999827 0 0.0058838692
vn 0.9999827 0 0.0058838683
vn 0.9999827 0 0.0058838683
vn 0.9999827 0 0.005883869
vn 0.9999827 0 0.005883869
vn -0 -0.9999827 0.005883162
vn -0 -0.9999827 0.005883209
vn -0 -0.9999827 0.005883209
vn -0 -0.9999827 0.005883162
vn -0 -0.9999827 0.0058831107
vn -0 -0.9999827 0.0058831107
vn -0 -0.9999827 0.005883335
vn -0 -0.9999924 0.0039222394
vn -0 -0.9999827 0.005883415
vn -0 -0.9999924 0.003922293
vn -0 -0.9999827 0.0058832467
vn -0 -1 0
vn -0 -1 0
vn -0 -0.9999924 0.0039221803
vn -0 -0.9999827 0.0058832313
vn -0 -0.9999924 0.00392217
vn -0 -0.9999827 0.005883304
vn -0 -1 0
vn -0 -1 0
vn -0 -0.9999924 0.003922218
vn -0 -0.9999827 0.005883307
vn -0 -0.9999924 0.0039222203
vn -0 -0.9999827 0.0058833547
vn -0 -1 0
vn -0 -1 0
vn -0 -0.9999827 0.0058833547
vn -0 -0.9999827 0.005883257
vn -0 -0.9999827 0.0058832574
vn -0 -0.9999827 0.005883046
vn -0 -0.9999827 0.005883046
vn 1 0 0
vn 1 0 0
vn 1 0 0
vn 1 0 0
vn 1 0 0
vn 1 0 0
vn 1 0 0
vn 1 0 0
vn 1 0 0
vn 1 0 0
vn 1 0 0
vn 1 0 0
vn 1 0 0
vn 1 0 0
vn 1 0 0
vn 1 0 0
vn 1 0 0
vn 1 0 0
vn 1 0 0
vn 1 0 0
vn 1 0 0
vn 1 0 0
vn 1 0 0
vn 1 0 0
vn 1 0 0
vn 1 0 0
vn 1 0 0
vn 1 0 0
vn 1 0 0
vn 1 0 0
vn -0 -1 0
vn -0 -1 0
vn -0 -1 0
vn -0 -1 0
vn -0 1 0
vn -0 1 0
vn -0 1 0
vn -0 1 0
vn -0 1 0
vn -0 1 0
vn -0 1 0
vn -0 1 0
vn -0 1 0
vn -0 1 0
vn -0 1 0
vn -0 1 0
vn -0 1 0
vn -0 1 0
vn -0 1 0
vn -0 1 0
vn -0 1 0
vn -0 1 0
vn -0 1 0
vn -0 1 0
vn -0 1 0
vn -0 1 0
vn -0 1 0
vn -0 1 0
vn -0 1 0
vn -0 1 0
vn -0 1 0
vn -0 1 0
vn -0 1 0
vn -0 1 0
vn -0 -1 0
vn -0 -1 0
vn -0 -1 0
vn -0 -1 0
vn -0 -1 0
vn -0 -1 0
vn -0 -1 0
vn -0 -1 0
vn -0 -1 0
vn -0 -1 0
vn -0 -1 0
vn -0 -1 0
vn -0 -1 0
vn -0 -1 0
vn -0 -1 0
vn -0 -1 0
vn -0 -1 0
vn -0 -1 0
vn -0 -1 0
vn -0 -1 0
vn -0 -1 0
vn -0 -1 0
vn -0 -1 0
vn -0 -1 0
vn -0 -1 0
vn -0 -1 0
vn -0 -1 0
vn -0 -1 0
vn -0 -1 0
vn -0 -1 0
vn -1 0 0
vn -1 0 0
vn -1 0 0
vn -1 0 0
vn -1 0 0
vn -1 0 0
vn -1 0 0
vn -1 0 0
vn -1 0 0
vn -1 0 0
vn -1 0 0
vn -1 0 0
vn -1 0 0
vn -1 0 0
vn -1 0 0
vn -1 0 0
vn -1 0 0
vn -1 0 0
vn -1 0 0
vn -1 0 0
vn -1 0 0
vn -1 0 0
vn -1 0 0
vn -1 0 0
vn -1 0 0
vn -1 0 0
vn -1 0 0
vn -1 0 0
vn -1 0 0
vn -1 0 0
vn 1 0 0
vn 1 0 0
vn 1 0 0
vn 1 0 0
vn 1 0 0
vn 1 0 0
vn 1 0 0
vn 1 0 0
vn 1 0 0
vn 1 0 0
vn 1 0 0
vn 1 0 0
vn 1 0 0
vn 1 0 0
vn 1 0 0
vn 1 0 0
vn 1 0 0
vn 1 0 0
vn 1 0 0
vn 1 0 0
vn 1 0 0
vn 1 0 0
vn 1 0 0
vn 1 0 0
vn 1 0 0
vn 1 0 0
vn 1 0 0
vn 1 0 0
vn 1 0 0
vn 1 0 0
vn 1 0 0
vn 1 0 0
vn 1 0 0
vn 1 0 0
vn -0 0 -1
vn -0 0 -1
vn -0 0 -1
vn -0 0 -1
vn -0 0 -1
vn -0 0 -1
vn -0 0 -1
vn -0 0 -1
vn -0 0 -1
vn -0 0 -1
vn 0.70710677 0.70710677 0
vn 0.70710677 0.70710677 0
vn 0.70710677 0.70710677 0
vn 0.70710677 0.70710677 0
vn 1 0 0
vn 1 0 0
vn 1 0 0
vn 1 0 0
vn -1 0 0
vn -1 0 0
vn -1 0 0
vn -1 0 0
vn -1 0 0
vn -1 0 0
vn -1 0 0
vn -1 0 0
vn -1 0 0
vn -1 0 0
vn -1 0 0
vn -1 0 0
vn -1 0 0
vn -1 0 0
vn -1 0 0
vn -1 0 0
vn -1 0 0
vn -1 0 0
vn -1 0 0
vn -1 0 0
vn -1 0 0
vn -1 0 0
vn -1 0 0
vn -1 0 0
vn -1 0 0
vn -1 0 0
vn -1 0 0
vn -1 0 0
vn -1 0 0
vn -1 0 0
vn -1 0 0
vn -1 0 0
vn -1 0 0
vn -1 0 0
vn -0 -1 0
vn -0 -1 0
vn -0 -1 0
vn -0 -1 0
vn -0 -1 0
vn -0 -1 0
vn -0 -1 0
vn -0 -1 0
vn -0 -1 0
vn -0 -1 0
vn -0 -1 0
vn -0 -1 0
vn -0 -1 0
vn -0 -1 0
vn -0 -1 0
vn -0 -1 0
vn -0 -1 0
vn -0 -1 0
vn -0 -1 0
vn -0 -1 0
vn -0 -1 0
vn -0 -1 0
vn -0 -1 0
vn -0 -1 0
vn -0 -1 0
vn -0 -1 0
vn -0 -1 0
vn -0 -1 0
vn -0 -1 0
vn -0 -1 0
vn -0 -1 0
vn -0 -1 0
vn -0 -1 0
vn -0 -1 0
vn -0 1 0
vn -0 1 0
vn -0 1 0
vn -0 1 0
vn -0 1 0
vn -0 1 0
vn -0 1 0
vn -0 1 0
vn -0 1 0
vn -0 1 0
vn -0 1 0
vn -0 1 0
vn -0 1 0
vn -0 1 0
vn -0 1 0
vn -0 1 0
vn -0 1 0
vn -0 1 0
vn -0 1 0
vn -0 1 0
vn -0 1 0
vn -0 1 0
vn -0 1 0
vn -0 1 0
vn -0 1 0
vn -0 1 0
vn -0 1 0
vn -0 1 0
vn -0 1 0
vn -0 1 0
vn -0 1 0
vn -0 1 0
vn -0 1 0
vn -0 1 0
vn -0.9998975 -0.0010178046 0.014282071
vn -0.9998437 0 0.017676651
vn -0.99996054 0 0.008888066
vn -0.99994135 -0.0012414381 0.010764332
vn -1 0 0
vn -1 0 0
vn -0.99993265 -0.00045598217 0.011598783
vn -0.99995553 -0.0012022057 0.009358375
vn -0.9998523 0.001896161 0.017081853
vn -0.99980575 0.0049105687 0.019089863
vn -0.99967146 0.0070762634 0.024634354
vn -0.9997074 0.0036455786 0.023911722
vn -0.9997074 -0.0036455789 0.023911728
vn -0.9998523 -0.0018959746 0.017081853
vn -0.99967146 -0.0070762653 0.02463436
vn -0.99980575 -0.0049104225 0.019089865
vn -0.99993265 0.00045603953 0.011598776
vn -0.9998975 0.0010177146 0.014282066
vn -0.99995553 0.0012020085 0.009358355
vn -1 0 0
vn -1 0 0
vn -0.99994135 0.0012412473 0.010764312
vn -0.9998437 0 0.017676666
vn -0.99996054 0 0.008888073
vn -1 0 0
vn -1 0 0
vn -0.0010177785 0.9998975 0.014282273
vn -0 0.9998437 0.01767684
vn -0 0.99996054 0.008888162
vn -0.0012413937 0.99994135 0.010764487
vn -0 1 0
vn -0 1 0
vn -0.00045599166 0.99993265 0.011599069
vn -0.0012021596 0.99995553 0.00935863
vn 0.0018963857 0.9998523 0.017081935
vn 0.004911333 0.99980575 0.019089967
vn 0.0004559926 0.99993265 0.011599075
vn 0.0036462052 0.9997074 0.0239118
vn 0.0070774797 0.99967146 0.024634462
vn -0.0036461966 0.9997074 0.023911797
vn -0.0018963822 0.9998523 0.017081922
vn -0.0070774644 0.99967146 0.024634449
vn -0.0049113226 0.99980575 0.01908995
vn 0.0010177791 0.9998975 0.014282368
vn 0.0012021601 0.99995553 0.009358656
vn -0 1 0
vn -0 1 0
vn 0.0012413947 0.99994135 0.010764572
vn -0 0.9998437 0.017677039
vn -0 0.99996054 0.00888826
vn -0 1 0
vn -0 1 0
vn 0.9998975 0.0010175873 0.0142822545
vn 0.9998437 0 0.017676901
vn 0.99996054 0 0.008888192
vn 0.99994135 0.0012413452 0.010764463
vn 1 0 0
vn 1 0 0
vn 0.99993265 0.0004557513 0.01159892
vn 0.99995553 0.001202103 0.009358485
vn 0.9998523 -0.0018967208 0.017081948
vn 0.99980575 -0.0049118265 0.019089956
vn 0.99993265 -0.00045589497 0.011598927
vn 0.9997074 -0.0036464487 0.023911826
vn 0.99967146 -0.0070779547 0.02463445
vn 0.9997074 0.003646449 0.02391182
vn 0.9998523 0.001896627 0.017081942
vn 0.99967146 0.007077953 0.024634432
vn 0.99980575 0.0049117515 0.019089941
vn 0.9998975 -0.0010177488 0.0142822545
vn 0.99995553 -0.0012022058 0.009358506
vn 1 0 0
vn 1 0 0
vn 0.99994135 -0.0012414381 0.010764477
vn 0.9998437 0 0.017676877
vn 0.99996054 0 0.008888179
vn 1 0 0
vn 1 0 0
vn 0.0010177622 -0.9998975 0.014282237
vn -0 -0.9998437 0.017676555
vn -0 -0.99996054 0.008888017
vn 0.0012413757 -0.99994135 0.0107645
vn -0 -1 0
vn -0 -1 0
vn 0.00045598354 -0.99993265 0.0115989745
vn 0.0012021417 -0.99995553 0.009358629
vn -0.0018963735 -0.9998523 0.017081872
vn -0.0049113035 -0.99980575 0.019089881
vn -0.0070774383 -0.99967146 0.024634384
vn -0.0036461833 -0.9997074 0.023911761
vn 0.001896377 -0.9998523 0.017081838
vn 0.0036461912 -0.9997074 0.023911733
vn -0.00045598304 -0.99993265 0.011598894
vn 0.004911313 -0.99980575 0.019089827
vn 0.007077453 -0.99967146 0.02463433
vn -0.0010177622 -0.9998975 0.014282203
vn -0.001202142 -0.99995553 0.0093585355
vn -0 -1 0
vn -0 -1 0
vn -0.0012413756 -0.99994135 0.010764464
vn -0 -0.9998437 0.017676756
vn -0 -0.99996054 0.00888812
vn -0 -1 0
vn -0 -1 0
vn -0.99969196 -0.024819126 0
vn -0.99969196 -0.024819126 0
vn -0.99969196 -0.024819126 0
vn -0.99969196 -0.024819126 0
vn 0.9972379 0.07427379 0
vn 0.9972379 0.07427379 0
vn 0.9972379 0.07427379 0
vn 0.9972379 0.07427379 0
vn -0 0 1
vn -0 0 1
vn -0 0 1
vn -0 0 1
vn -0 0 1
vn -0 0 1
vn -0 0 1
vn -0 0 1
vn -0 0 1
vn -0 0 1
vn -0 0 1
vn -0 0 1
vn -0.07427344 -0.9972379 0
vn -0.07427344 -0.9972379 0
vn -0.07427344 -0.9972379 0
vn -0.07427344 -0.9972379 0
vn -0 0 1
vn -0 0 1
vn -0 0 1
vn -0 0 1
vn 0.9972379 -0.07427271 0
vn 0.9972379 -0.07427271 0
vn 0.9972379 -0.07427271 0
vn 0.9972379 -0.07427271 0
vn -0 0 1
vn -0 0 1
vn -0 0 1
vn -0 0 1
vn -0 0 1
vn -0 0 1
vn -0 0 1
vn -0 0 1
vn 0.024818473 0.99969196 0
vn 0.024818473 0.99969196 0
vn 0.024818473 0.99969196 0
vn 0.024818473 0.99969196 0
vn -0 0 1
vn -0 0 1
vn -0 0 1
vn -0 0 1
vn -0.99969196 0.024818763 0
vn -0.99969196 0.024818763 0
vn -0.99969196 0.024818763 0
vn -0.99969196 0.024818763 0
vn -0 0 1
vn -0 0 1
vn -0 0 1
vn -0 0 1
vn -1 0 0
vn -1 0 0
vn -1 0 0
vn -1 0 0
vn -0 -1 0
vn -0 -1 0
vn -0 -1 0
vn -0 -1 0
vn 1 0 0
vn 1 0 0
vn 1 0 0
vn 1 0 0
vn -0 1 0
vn -0 1 0
vn -0 1 0
vn -0 1 0
vn -0 0 1
vn -0 0 1
vn -0 0 1
vn -0 0 1
vn -0 0 1
vn -0 0 1
vn -0 0 1
vn -0 0 1
vn -0 0 1
vn -0 0 1
vn -0 0 1
vn -0 0 1
vn -0 0 1
vn -0 0 1
vn -0 0 1
vn -0 0 1
vn -0 0 1
vn -0 0 1
vn -0 0 1
vn -0 0 1
vn -0 0 1
vn -0 0 1
vn -0 0 1
vn -0 0 1
vn -0 0 1
vn -0 0 1
vn -0 0 1
vn -0 0 1
vn -0 0 1
vn -0 0 1
vn -0 0 1
vn -0 0 1
vn -0 0 1
vn -0 0 1
vn -0 0 1
vn -0 0 1
vn -0 0 1
vn -0 0 1
vn -0 0 1
vn -0 0 1
vn 0.99969196 -0.024819126 0
vn 0.99969196 -0.024819126 0
vn 0.99969196 -0.024819126 0
vn 0.99969196 -0.024819126 0
vn 1 0 0
vn 1 0 0
vn 1 0 0
vn 1 0 0
vn -0.9972379 0.07427379 0
vn -0.9972379 0.07427379 0
vn -0.9972379 0.07427379 0
vn -0.9972379 0.07427379 0
vn -0 -1 0
vn -0 -1 0
vn -0 -1 0
vn -0 -1 0
vn -0 1 0
vn -0 1 0
vn -0 1 0
vn -0 1 0
vn -0 1 0
vn -0 1 0
vn -0 1 0
vn -0 1 0
vn 0.07427358 -0.9972379 0
vn 0.07427358 -0.9972379 0
vn 0.07427358 -0.9972379 0
vn 0.07427358 -0.9972379 0
vn 1 0 0
vn 1 0 0
vn 1 0 0
vn 1 0 0
vn -0.024818523 0.99969196 0
vn -0.024818523 0.99969196 0
vn -0.024818523 0.99969196 0
vn -0.024818523 0.99969196 0
vn -0 1 0
vn -0 1 0
vn -0 1 0
vn -0 1 0
vn -0.024816321 -0.9996921 0
vn -0.024816321 -0.9996921 0
vn -0.024816321 -0.9996921 0
vn -0.024816321 -0.9996921 0
vn -1 0 0
vn -1 0 0
vn -1 0 0
vn -1 0 0
vn 0.074272074 0.99723804 0
vn 0.074272074 0.99723804 0
vn 0.074272074 0.99723804 0
vn 0.074272074 0.99723804 0
vn -0.9972379 -0.07427271 0
vn -0.9972379 -0.07427271 0
vn -0.9972379 -0.07427271 0
vn -0.9972379 -0.07427271 0
vn -0.074271925 0.99723804 0
vn -0.074271925 0.99723804 0
vn -0.074271925 0.99723804 0
vn -0.074271925 0.99723804 0
vn 0.99969196 0.024818763 0
vn 0.99969196 0.024818763 0
vn 0.99969196 0.024818763 0
vn 0.99969196 0.024818763 0
vn -1 0 0
vn -1 0 0
vn -1 0 0
vn -1 0 0
vn 0.02481627 -0.9996921 0
vn 0.02481627 -0.9996921 0
vn 0.02481627 -0.9996921 0
vn 0.02481627 -0.9996921 0
vn -0 -0.034288473 0.99941194
vn -0 -0.034288473 0.99941194
vn -0 -0.034288473 0.99941194
vn -0 -0.034288473 0.99941194
vn 0.6864798 -0.72712946 0.005317589
vn 0.6869891 -0.7266634 0.002518173
vn 0.6869891 -0.7266634 0.002518173
vn 0.68648785 -0.7271221 0.005273445
vn 0.6859729 -0.7275823 0.0080732275
vn 0.6859729 -0.7275823 0.0080732275
vn -0.9999999 -2.1679425E-05 -0.0006207795
vn -0.9999999 -2.1679425E-05 -0.0006207795
vn -0.9999999 -2.1679425E-05 -0.0006207795
vn -0.9999999 -2.1679425E-05 -0.0006207795
vn -2.129772E-05 0.9999999 -0.00062078965
vn -2.129772E-05 0.9999999 -0.00062078965
vn -2.129772E-05 0.9999999 -0.00062078965
vn -2.129772E-05 0.9999999 -0.00062078965
vn 0.025095817 0.025097052 0.99937004
vn 0.050160024 0 0.9987412
vn 0.050160024 0 0.9987412
vn 0.02509578 0.02509709 0.99937004
vn -0 0.05016254 0.9987411
vn -0 0.05016254 0.9987411
vn 2.1298325E-05 -0.9999999 -0.0006207681
vn 2.1298325E-05 -0.9999999 -0.0006207681
vn 2.1298325E-05 -0.9999999 -0.0006207681
vn 2.1298325E-05 -0.9999999 -0.0006207681
vn -0.72666204 0.6869905 0.0025181905
vn -0.72666204 0.6869905 0.0025181905
vn -0.72712207 0.686488 0.0052734115
vn -0.7271293 0.68647987 0.005317554
vn -0.72758347 0.6859716 0.008073142
vn -0.72758347 0.6859716 0.008073142
vn 0.7271292 0.68648 0.00531768
vn 0.7266626 0.68699 0.002518288
vn 0.7266626 0.68699 0.002518288
vn 0.72712195 0.68648815 0.005273537
vn 0.72758275 0.68597245 0.0080732955
vn 0.72758275 0.68597245 0.0080732955
vn 0.6864804 0.7271288 0.0053175953
vn 0.6859735 0.7275817 0.00807318
vn 0.6859735 0.7275817 0.00807318
vn 0.6864885 0.7271215 0.005273453
vn 0.6869897 0.72666276 0.0025182345
vn 0.6869897 0.72666276 0.0025182345
vn -0 0.9999602 0.008927682
vn -0 0.9999602 0.008927682
vn -0 0.9999602 0.008927682
vn -0 0.9999602 0.008927682
vn -0 -0.9999602 0.008927624
vn -0 -0.9999602 0.008927624
vn -0 -0.9999602 0.008927624
vn -0 -0.9999602 0.008927624
vn -0.9999602 0 0.008927681
vn -0.9999602 0 0.008927681
vn -0.9999602 0 0.008927681
vn -0.9999602 0 0.008927681
vn 0.9999602 0 0.008927735
vn 0.9999602 0 0.008927735
vn 0.9999602 0 0.008927735
vn 0.9999602 0 0.008927735
vn 0.9999999 2.0365522E-05 -0.0006207798
vn 0.9999999 2.0365522E-05 -0.0006207798
vn 0.9999999 2.0365522E-05 -0.0006207798
vn 0.9999999 2.0365522E-05 -0.0006207798
vn 2.1298325E-05 0.9999999 -0.00062080915
vn 2.1298325E-05 0.9999999 -0.00062080915
vn 2.1298325E-05 0.9999999 -0.00062080915
vn 2.1298325E-05 0.9999999 -0.00062080915
vn -0 0.034287088 0.99941206
vn -0 0.034287088 0.99941206
vn -0 0.034287088 0.99941206
vn -0 0.034287088 0.99941206
vn -0 0.034287784 -0.99941194
vn -0 0.034287784 -0.99941194
vn -0 0.034287784 -0.99941194
vn -0 0.034287784 -0.99941194
vn -2.129772E-05 -0.9999999 -0.0006207691
vn -2.129772E-05 -0.9999999 -0.0006207691
vn -2.129772E-05 -0.9999999 -0.0006207691
vn -2.129772E-05 -0.9999999 -0.0006207691
vn 0.03428711 0 0.99941206
vn 0.03428711 0 0.99941206
vn 0.03428711 0 0.99941206
vn 0.03428711 0 0.99941206
vn -0 -0.034287773 -0.99941194
vn -0 -0.034287773 -0.99941194
vn -0 -0.034287773 -0.99941194
vn -0 -0.034287773 -0.99941194
vn -0.03428841 0 0.99941194
vn -0.03428841 0 0.99941194
vn -0.03428841 0 0.99941194
vn -0.03428841 0 0.99941194
vn 0.9999999 -2.0365522E-05 -0.0006207795
vn 0.9999999 -2.0365522E-05 -0.0006207795
vn 0.9999999 -2.0365522E-05 -0.0006207795
vn 0.9999999 -2.0365522E-05 -0.0006207795
vn -0.034286954 0 -0.99941206
vn -0.034286954 0 -0.99941206
vn -0.034286954 0 -0.99941206
vn -0.034286954 0 -0.99941206
vn -0.9999999 2.2336379E-05 -0.0006207798
vn -0.9999999 2.2336379E-05 -0.0006207798
vn -0.9999999 2.2336379E-05 -0.0006207798
vn -0.9999999 2.2336379E-05 -0.0006207798
vn 0.034286954 0 -0.99941206
vn 0.034286954 0 -0.99941206
vn 0.034286954 0 -0.99941206
vn 0.034286954 0 -0.99941206
vn 0.025098173 -0.025097065 0.9993699
vn -0 -0.05016254 0.9987411
vn -0 -0.05016254 0.9987411
vn 0.02509817 -0.025097061 0.9993699
vn 0.05016475 0 0.998741
vn 0.05016475 0 0.998741
vn -0.6864807 0.7271286 0.005317562
vn -0.68699074 0.7266618 0.0025182143
vn -0.68699074 0.7266618 0.0025182143
vn -0.68648875 0.7271213 0.005273419
vn -0.68597305 0.72758216 0.008073133
vn -0.68597305 0.72758216 0.008073133
vn -0.050160024 0 0.9987412
vn -0.050160024 0 0.9987412
vn -0.025095776 0.025097128 0.99937004
vn -0.025095817 0.025097093 0.99937004
vn -0 0.050162617 0.9987411
vn -0 0.050162617 0.9987411
vn -0.68699014 -0.7266624 0.002518145
vn -0.68699014 -0.7266624 0.002518145
vn -0.6864882 -0.7271219 0.00527338
vn -0.68648005 -0.72712916 0.0053175227
vn -0.6859724 -0.72758275 0.008073124
vn -0.6859724 -0.72758275 0.008073124
vn -0 0 1
vn -0 0 1
vn -0 0 1
vn -0 0 1
vn -0 0.99986064 0.01669211
vn -0 0.9999685 0.007933377
vn -0 0.9999685 0.007933377
vn -0 0.99986315 0.01654605
vn -0 0.99968076 0.025267623
vn -0 0.99968076 0.025267623
vn -0 -0.99986064 0.01669197
vn -0 -0.9999685 0.007933243
vn -0 -0.9999685 0.007933243
vn -0 -0.99986315 0.016545912
vn -0 -0.99968076 0.025267484
vn -0 -0.99968076 0.025267484
vn -0.99986064 0 0.016691983
vn -0.9999685 0 0.007933308
vn -0.9999685 0 0.007933308
vn -0.99986315 0 0.016545923
vn -0.99968076 0 0.025267443
vn -0.99968076 0 0.025267443
vn 0.99986064 0 0.01669213
vn 0.9999685 0 0.007933361
vn 0.9999685 0 0.007933361
vn 0.99986315 0 0.016546069
vn 0.99968076 0 0.025267683
vn 0.99968076 0 0.025267683
vn -0 -0.99986315 0.016545966
vn -0 -0.9999685 0.0079332385
vn -0 -0.9999685 0.0079332385
vn -0 -0.99986064 0.016692026
vn -0 -0.99968076 0.025267597
vn -0 -0.99968076 0.025267597
vn 0.99986315 0 0.016546058
vn 0.9999685 0 0.007933361
vn 0.9999685 0 0.007933361
vn 0.99986064 0 0.016692117
vn 0.99968076 0 0.025267659
vn 0.99968076 0 0.025267659
vn -0 0.99986315 0.016546033
vn -0 0.9999685 0.007933338
vn -0 0.9999685 0.007933338
vn -0 0.99986064 0.016692093
vn -0 0.99968076 0.025267633
vn -0 0.99968076 0.025267633
vn -0.99986315 0 0.016545955
vn -0.9999685 0 0.007933288
vn -0.9999685 0 0.007933288
vn -0.99986064 0 0.016692014
vn -0.99968076 0 0.025267527
vn -0.99968076 0 0.025267527
vn 0.023024615 0.02302459 -0.9994697
vn -0 0.0460248 -0.9989403
vn -0 0.0460248 -0.9989403
vn 0.023024598 0.02302461 -0.9994697
vn 0.04602483 0 -0.9989403
vn 0.04602483 0 -0.9989403
vn -0 -0.050160475 0.9987412
vn -0 -0.050160475 0.9987412
vn -0.025097579 -0.025095368 0.99937004
vn -0.02509758 -0.025095368 0.99937004
vn -0.727584 -0.6859711 0.008073038
vn -0.727584 -0.6859711 0.008073038
vn -0.72712255 -0.6864873 0.005273327
vn -0.72712994 -0.6864793 0.005317469
vn -0.72666264 -0.6869899 0.0025181249
vn -0.72666264 -0.6869899 0.0025181249
vn 0.7271298 -0.68647945 0.00531757
vn 0.7275833 -0.6859719 0.008073176
vn 0.7275833 -0.6859719 0.008073176
vn 0.7271225 -0.6864875 0.005273428
vn 0.7266631 -0.6869893 0.00251819
vn 0.7266631 -0.6869893 0.00251819
vn -0.02509758 -0.025095368 0.99937004
vn -0.025097579 -0.025095368 0.99937004
vn -0.05016475 0 0.998741
vn -0.05016475 0 0.998741
vn -1 0 0
vn -1 0 0
vn -1 0 0
vn -1 0 0
vn -0 -1 0
vn -0 -1 0
vn -0 -1 0
vn -0 -1 0
vn 1 0 0
vn 1 0 0
vn 1 0 0
vn 1 0 0
vn -0 -1 0
vn -0 -1 0
vn -0 -1 0
vn -0 -1 0
vn -0.99977225 -0.0011050917 0.021310702
vn -0.9997551 0 0.022132806
vn -0.9999379 0 0.011144412
vn -0.9999163 -0.0019063458 0.012793741
vn -1 0 0
vn -1 0 0
vn -0.9997999 0.0003195953 0.020004557
vn -0.99994445 -0.0018083943 0.010382205
vn -0.9996525 0.0034573637 0.026133042
vn -0.99960285 0.008099261 0.02699145
vn -0.99957997 0.010238704 0.027112659
vn -0.9996481 0.0052859797 0.025995225
vn -0.9996481 -0.00528598 0.025995228
vn -0.9996525 -0.003457362 0.026133023
vn -0.99957997 -0.010238706 0.027112668
vn -0.99960285 -0.008099261 0.026991442
vn -0.9997999 -0.0003195541 0.020004546
vn -0.99977225 0.0011051329 0.02131074
vn -0.99994445 0.0018084374 0.0103822015
vn -1 0 0
vn -1 0 0
vn -0.9999163 0.0019064145 0.01279375
vn -0.9997551 0 0.022132887
vn -0.9999379 0 0.01114445
vn -1 0 0
vn -1 0 0
vn -0.0011051334 0.99977225 0.021310957
vn -0 0.9997551 0.02213311
vn -0 0.9999379 0.0111445645
vn -0.0019064238 0.9999163 0.012793914
vn -0 1 0
vn -0 1 0
vn 0.00031959105 0.9997999 0.020004742
vn -0.0018084618 0.99994445 0.010382355
vn 0.0034574152 0.9996525 0.02613318
vn 0.008099344 0.99960285 0.026991561
vn -0.000319591 0.9997999 0.020004757
vn 0.0052860235 0.9996481 0.025995348
vn 0.010238789 0.99957997 0.02711275
vn -0.005286022 0.9996481 0.025995353
vn -0.0034574156 0.9996525 0.02613314
vn -0.010238788 0.99957997 0.027112765
vn -0.008099343 0.99960285 0.026991544
vn 0.0011051324 0.99977225 0.021311041
vn 0.0018084615 0.99994445 0.010382444
vn -0 1 0
vn -0 1 0
vn 0.0019064242 0.9999163 0.012794015
vn -0 0.9997551 0.022133142
vn -0 0.9999379 0.011144578
vn -0 1 0
vn -0 1 0
vn 0.99977225 0.0011050926 0.021310989
vn 0.9997551 0 0.02213322
vn 0.9999379 0 0.0111446185
vn 0.9999163 0.0019064136 0.012793929
vn 1 0 0
vn 1 0 0
vn 0.9997999 -0.0003196231 0.020004727
vn 0.99994445 0.0018084362 0.010382336
vn 0.9996525 -0.003457436 0.02613315
vn 0.99960285 -0.008099308 0.026991563
vn 0.9997999 0.0003196335 0.020004738
vn 0.9996481 -0.0052859797 0.025995325
vn 0.99957997 -0.010238705 0.027112769
vn 0.9996481 0.0052859797 0.025995323
vn 0.9996525 0.0034574373 0.026133167
vn 0.99957997 0.010238704 0.027112763
vn 0.99960285 0.00809931 0.02699157
vn 0.99977225 -0.0011051071 0.02131096
vn 0.99994445 -0.0018084462 0.010382346
vn 1 0 0
vn 1 0 0
vn 0.9999163 -0.0019064004 0.012793927
vn 0.9997551 0 0.02213315
vn 0.9999379 0 0.011144583
vn 1 0 0
vn 1 0 0
vn 0.0011051369 -0.99977225 0.021310776
vn -0 -0.9997551 0.022132872
vn -0 -0.9999379 0.0111444425
vn 0.0019064088 -0.9999163 0.012793817
vn -0 -1 0
vn -0 -1 0
vn -0.00031959603 -0.9997999 0.020004617
vn 0.001808423 -0.99994445 0.010382328
vn -0.0034573914 -0.9996525 0.026132993
vn -0.008099311 -0.99960285 0.02699144
vn -0.01023876 -0.99957997 0.027112693
vn -0.0052860077 -0.9996481 0.025995238
vn 0.0034573916 -0.9996525 0.026133033
vn 0.005286009 -0.9996481 0.025995225
vn 0.00031959612 -0.9997999 0.02000462
vn 0.008099313 -0.99960285 0.026991451
vn 0.010238762 -0.99957997 0.027112668
vn -0.0011051031 -0.99977225 0.021310737
vn -0.0018084233 -0.99994445 0.010382265
vn -0 -1 0
vn -0 -1 0
vn -0.0019063832 -0.9999163 0.012793754
vn -0 -0.9997551 0.022132883
vn -0 -0.9999379 0.01114445
vn -0 -1 0
vn -0 -1 0
vn -0.99969196 -0.024818614 0
vn -0.99969196 -0.024818614 0
vn -0.99969196 -0.024818614 0
vn -0.99969196 -0.024818614 0
vn 0.9972379 0.0742731 0
vn 0.9972379 0.0742731 0
vn 0.9972379 0.0742731 0
vn 0.9972379 0.0742731 0
vn -0 0 1
vn -0 0 1
vn -0 0 1
vn -0 0 1
vn -0 0 1
vn -0 0 1
vn -0 0 1
vn -0 0 1
vn -0 0 1
vn -0 0 1
vn -0 0 1
vn -0 0 1
vn -0.07427386 -0.9972379 0
vn -0.07427386 -0.9972379 0
vn -0.07427386 -0.9972379 0
vn -0.07427386 -0.9972379 0
vn -0 0 1
vn -0 0 1
vn -0 0 1
vn -0 0 1
vn 0.99723804 -0.074272044 0
vn 0.99723804 -0.074272044 0
vn 0.99723804 -0.074272044 0
vn 0.99723804 -0.074272044 0
vn -0 0 1
vn -0 0 1
vn -0 0 1
vn -0 0 1
vn -0 0 1
vn -0 0 1
vn -0 0 1
vn -0 0 1
vn 0.024819138 0.99969196 0
vn 0.024819138 0.99969196 0
vn 0.024819138 0.99969196 0
vn 0.024819138 0.99969196 0
vn -0 0 1
vn -0 0 1
vn -0 0 1
vn -0 0 1
vn -0.99969196 0.024818258 0
vn -0.99969196 0.024818258 0
vn -0.99969196 0.024818258 0
vn -0.99969196 0.024818258 0
vn -0 0 1
vn -0 0 1
vn -0 0 1
vn -0 0 1
vn -1 0 0
vn -1 0 0
vn -1 0 0
vn -1 0 0
vn -0 -1 0
vn -0 -1 0
vn -0 -1 0
vn -0 -1 0
vn 1 0 0
vn 1 0 0
vn 1 0 0
vn 1 0 0
vn -0 1 0
vn -0 1 0
vn -0 1 0
vn -0 1 0
vn -0 0 1
vn -0 0 1
vn -0 0 1
vn -0 0 1
vn -0 0 1
vn -0 0 1
vn -0 0 1
vn -0 0 1
vn -0 0 1
vn -0 0 1
vn -0 0 1
vn -0 0 1
vn -0 0 1
vn -0 0 1
vn -0 0 1
vn -0 0 1
vn -0 0 1
vn -0 0 1
vn -0 0 1
vn -0 0 1
vn -0 0 1
vn -0 0 1
vn -0 0 1
vn -0 0 1
vn -0 0 1
vn -0 0 1
vn -0 0 1
vn -0 0 1
vn -0 0 1
vn -0 0 1
vn -0 0 1
vn -0 0 1
vn -0 0 1
vn -0 0 1
vn -0 0 1
vn -0 0 1
vn -0 0 1
vn -0 0 1
vn -0 0 1
vn -0 0 1
vn 0.99969196 -0.024818808 0
vn 0.99969196 -0.024818808 0
vn 0.99969196 -0.024818808 0
vn 0.99969196 -0.024818808 0
vn 1 0 0
vn 1 0 0
vn 1 0 0
vn 1 0 0
vn -0.9972379 0.0742735 0
vn -0.9972379 0.0742735 0
vn -0.9972379 0.0742735 0
vn -0.9972379 0.0742735 0
vn -0 -1 0
vn -0 -1 0
vn -0 -1 0
vn -0 -1 0
vn -0 1 0
vn -0 1 0
vn -0 1 0
vn -0 1 0
vn -0 1 0
vn -0 1 0
vn -0 1 0
vn -0 1 0
vn 0.074273966 -0.9972379 0
vn 0.074273966 -0.9972379 0
vn 0.074273966 -0.9972379 0
vn 0.074273966 -0.9972379 0
vn 1 0 0
vn 1 0 0
vn 1 0 0
vn 1 0 0
vn -0.024819171 0.99969196 0
vn -0.024819171 0.99969196 0
vn -0.024819171 0.99969196 0
vn -0.024819171 0.99969196 0
vn -0 1 0
vn -0 1 0
vn -0 1 0
vn -0 1 0
vn -0.024816725 -0.9996921 0
vn -0.024816725 -0.9996921 0
vn -0.024816725 -0.9996921 0
vn -0.024816725 -0.9996921 0
vn -1 0 0
vn -1 0 0
vn -1 0 0
vn -1 0 0
vn 0.07427153 0.99723804 0
vn 0.07427153 0.99723804 0
vn 0.07427153 0.99723804 0
vn 0.07427153 0.99723804 0
vn -0.9972379 -0.07427241 0
vn -0.9972379 -0.07427241 0
vn -0.9972379 -0.07427241 0
vn -0.9972379 -0.07427241 0
vn -0.07427143 0.99723804 0
vn -0.07427143 0.99723804 0
vn -0.07427143 0.99723804 0
vn -0.07427143 0.99723804 0
vn 0.99969196 0.024818452 0
vn 0.99969196 0.024818452 0
vn 0.99969196 0.024818452 0
vn 0.99969196 0.024818452 0
vn -1 0 0
vn -1 0 0
vn -1 0 0
vn -1 0 0
vn 0.024816694 -0.9996921 0
vn 0.024816694 -0.9996921 0
vn 0.024816694 -0.9996921 0
vn 0.024816694 -0.9996921 0
vn -0 -0.045051172 0.99898463
vn -0 -0.045051172 0.99898463
vn -0 -0.045051172 0.99898463
vn -0 -0.045051172 0.99898463
vn 0.68650806 -0.7270781 0.00800838
vn 0.6869674 -0.7266554 0.00692359
vn 0.6869674 -0.7266554 0.00692359
vn 0.68651545 -0.7270713 0.007991012
vn 0.6922386 -0.71395856 0.10520926
vn 0.69201314 -0.71515435 0.098346755
vn 0.6922594 -0.6964344 0.18909283
vn 0.6922594 -0.6964344 0.18909283
vn -0.99999726 -0.000105239604 -0.0023341451
vn -0.99999726 -0.000105239604 -0.0023341451
vn -0.99999726 -0.000105239604 -0.0023341451
vn -0.99999726 -0.000105239604 -0.0023341451
vn -0.0001052489 0.99999726 -0.0023339915
vn -0.0001052489 0.99999726 -0.0023339915
vn -0.0001052489 0.99999726 -0.0023339915
vn -0.0001052489 0.99999726 -0.0023339915
vn 0.032964982 0.032967865 0.9989126
vn 0.06585841 0 0.9978289
vn 0.06585841 0 0.9978289
vn 0.03296496 0.032967888 0.9989126
vn -0 0.0658642 0.99782854
vn -0 0.0658642 0.99782854
vn 0.000105262596 -0.99999726 -0.0023341454
vn 0.000105262596 -0.99999726 -0.0023341454
vn 0.000105262596 -0.99999726 -0.0023341454
vn 0.000105262596 -0.99999726 -0.0023341454
vn -0.72665447 0.68696827 0.006923561
vn -0.72665447 0.68696827 0.006923561
vn -0.7270705 0.6865162 0.007990993
vn -0.7270773 0.6865089 0.00800836
vn -0.7151538 0.69201374 0.098346666
vn -0.71395797 0.69223917 0.105209135
vn -0.69643396 0.69225985 0.18909262
vn -0.69643396 0.69225985 0.18909262
vn 0.7270771 0.6865091 0.00800844
vn 0.72665447 0.68696827 0.0069236495
vn 0.72665447 0.68696827 0.0069236495
vn 0.7270704 0.6865164 0.007991073
vn 0.71395785 0.6922392 0.10520916
vn 0.71515363 0.6920138 0.09834668
vn 0.69643396 0.69225985 0.18909262
vn 0.69643396 0.69225985 0.18909262
vn -0 0.9994356 0.03359015
vn -0 0.9994356 0.03359015
vn -0 0.9994356 0.03359015
vn -0 0.9994356 0.03359015
vn -0 -0.9994357 0.03359
vn -0 -0.9994357 0.03359
vn -0 -0.9994357 0.03359
vn -0 -0.9994357 0.03359
vn -0.9994357 0 0.03358994
vn -0.9994357 0 0.03358994
vn -0.9994357 0 0.03358994
vn -0.9994357 0 0.03358994
vn 0.9994356 0 0.033590112
vn 0.9994356 0 0.033590112
vn 0.9994356 0 0.033590112
vn 0.9994356 0 0.033590112
vn 0.99999726 0.000105258056 -0.0023339856
vn 0.99999726 0.000105258056 -0.0023339856
vn 0.99999726 0.000105258056 -0.0023339856
vn 0.99999726 0.000105258056 -0.0023339856
vn 0.00010524882 0.99999726 -0.0023339882
vn 0.00010524882 0.99999726 -0.0023339882
vn 0.00010524882 0.99999726 -0.0023339882
vn 0.00010524882 0.99999726 -0.0023339882
vn -0 0.045048468 0.99898475
vn -0 0.045048468 0.99898475
vn -0 0.045048468 0.99898475
vn -0 0.045048468 0.99898475
vn -0 0.045049816 -0.99898475
vn -0 0.045049816 -0.99898475
vn -0 0.045049816 -0.99898475
vn -0 0.045049816 -0.99898475
vn -0.000105262676 -0.99999726 -0.0023341447
vn -0.000105262676 -0.99999726 -0.0023341447
vn -0.000105262676 -0.99999726 -0.0023341447
vn -0.000105262676 -0.99999726 -0.0023341447
vn 0.04504945 0 0.99898475
vn 0.04504945 0 0.99898475
vn 0.04504945 0 0.99898475
vn 0.04504945 0 0.99898475
vn -0 -0.045049816 -0.99898475
vn -0 -0.045049816 -0.99898475
vn -0 -0.045049816 -0.99898475
vn -0 -0.045049816 -0.99898475
vn -0.04505193 0 0.99898463
vn -0.04505193 0 0.99898463
vn -0.04505193 0 0.99898463
vn -0.04505193 0 0.99898463
vn 0.99999726 -0.00010523967 -0.0023339854
vn 0.99999726 -0.00010523967 -0.0023339854
vn 0.99999726 -0.00010523967 -0.0023339854
vn 0.99999726 -0.00010523967 -0.0023339854
vn -0.045050368 0 -0.99898463
vn -0.045050368 0 -0.99898463
vn -0.045050368 0 -0.99898463
vn -0.045050368 0 -0.99898463
vn -0.99999726 0.000105239626 -0.0023341454
vn -0.99999726 0.000105239626 -0.0023341454
vn -0.99999726 0.000105239626 -0.0023341454
vn -0.99999726 0.000105239626 -0.0023341454
vn 0.045050364 0 -0.99898463
vn 0.045050364 0 -0.99898463
vn 0.045050364 0 -0.99898463
vn 0.045050364 0 -0.99898463
vn 0.03820464 -0.76864296 0.6385362
vn 0.03820464 -0.76864296 0.6385362
vn 0.018731892 -0.7538303 0.65680206
vn 0.019110885 -0.7541252 0.6564526
vn -0 -0.7389314 0.6737806
vn -0 -0.7389314 0.6737806
vn -0 -0.73893136 0.6737807
vn -0 -0.73893136 0.6737807
vn -0.0187319 -0.7538303 0.6568021
vn -0.01911089 -0.7541252 0.6564526
vn -0.038204648 -0.768643 0.638536
vn -0.038204648 -0.768643 0.638536
vn 0.76864284 0.038204867 0.63853633
vn 0.76864284 0.038204867 0.63853633
vn 0.7538299 0.018732006 0.6568026
vn 0.75412476 0.019110998 0.6564531
vn 0.73893106 0 0.6737809
vn 0.73893106 0 0.6737809
vn 0.7389314 0 0.6737806
vn 0.7389314 0 0.6737806
vn 0.75382996 -0.018732026 0.6568025
vn 0.75412476 -0.019111019 0.65645295
vn 0.76864225 -0.03820491 0.6385369
vn 0.76864225 -0.03820491 0.6385369
vn -0.038204648 0.768643 0.638536
vn -0.038204648 0.768643 0.638536
vn -0.0187319 0.7538303 0.6568021
vn -0.01911089 0.7541252 0.6564526
vn -0 0.73893136 0.6737807
vn -0 0.73893136 0.6737807
vn -0 0.7389314 0.6737806
vn -0 0.7389314 0.6737806
vn 0.018731892 0.7538303 0.65680206
vn 0.019110885 0.7541252 0.6564526
vn 0.03820464 0.76864296 0.6385362
vn 0.03820464 0.76864296 0.6385362
vn -0.7686423 -0.038204912 0.6385368
vn -0.7686423 -0.038204912 0.6385368
vn -0.75382996 -0.018732028 0.6568025
vn -0.7541248 -0.019111022 0.65645295
vn -0.7389314 0 0.6737806
vn -0.7389314 0 0.6737806
vn -0.73893106 0 0.6737809
vn -0.73893106 0 0.6737809
vn -0.7538299 0.01873201 0.65680254
vn -0.75412476 0.019111002 0.65645295
vn -0.76864296 0.03820488 0.6385362
vn -0.76864296 0.03820488 0.6385362
vn 0.032971714 -0.03296794 0.99891233
vn -0 -0.06586431 0.99782854
vn -0 -0.06586431 0.99782854
vn 0.032971736 -0.032967918 0.99891233
vn 0.06587188 0 0.99782807
vn 0.06587188 0 0.99782807
vn -0.6865086 0.72707754 0.008008361
vn -0.686968 0.72665465 0.0069235615
vn -0.686968 0.72665465 0.0069235615
vn -0.686516 0.7270708 0.007990993
vn -0.6860554 0.72749275 0.009076068
vn -0.6860554 0.72749275 0.009076068
vn -0.06585841 0 0.9978289
vn -0.06585841 0 0.9978289
vn -0.03296496 0.032967884 0.9989126
vn -0.032964982 0.03296786 0.9989126
vn -0 0.06586419 0.99782854
vn -0 0.06586419 0.99782854
vn -0.6869674 -0.7266554 0.0069235167
vn -0.6869674 -0.7266554 0.0069235167
vn -0.68651545 -0.7270713 0.007990945
vn -0.68650806 -0.7270781 0.008008314
vn -0.69201326 -0.71515423 0.09834663
vn -0.69223875 -0.7139585 0.10520913
vn -0.6922596 -0.6964341 0.18909262
vn -0.6922596 -0.6964341 0.18909262
vn -0.05843918 0.9972385 -0.045828238
vn -0.05843918 0.9972385 -0.045828238
vn -0.028830972 0.99803334 -0.055661403
vn -0.029120384 0.99803025 -0.055565592
vn -0 0.9978739 -0.065175414
vn -0 0.9978739 -0.065175414
vn -0 0.9978739 -0.06517535
vn -0 0.9978739 -0.06517534
vn 0.029120348 0.99803025 -0.055565502
vn 0.028830942 0.99803334 -0.05566132
vn 0.058439117 0.9972385 -0.04582822
vn 0.058439117 0.9972385 -0.04582822
vn 0.05843918 -0.9972385 -0.045828238
vn 0.05843918 -0.9972385 -0.045828238
vn 0.028830973 -0.99803334 -0.055661302
vn 0.02912038 -0.99803025 -0.055565488
vn -0 -0.9978739 -0.06517529
vn -0 -0.9978739 -0.06517529
vn -0 -0.9978739 -0.06517536
vn -0 -0.9978739 -0.06517536
vn -0.028830957 -0.99803334 -0.05566136
vn -0.029120367 -0.99803025 -0.05556555
vn -0.05843915 -0.9972385 -0.0458282
vn -0.05843915 -0.9972385 -0.0458282
vn -0.99803025 -0.029120471 -0.055565502
vn -0.9972385 -0.058439348 -0.045828227
vn -0.9972385 -0.058439348 -0.045828227
vn -0.99803334 -0.028831054 -0.05566131
vn -0.9978739 0 -0.06517532
vn -0.9978739 0 -0.06517532
vn -0.9978739 0 -0.06517531
vn -0.9978739 0 -0.06517531
vn -0.99803334 0.028831033 -0.055661313
vn -0.99803025 0.02912044 -0.0555655
vn -0.9972385 0.058439303 -0.045828238
vn -0.9972385 0.058439303 -0.045828238
vn 0.99803025 0.029120466 -0.05556552
vn 0.9972385 0.058439348 -0.045828283
vn 0.9972385 0.058439348 -0.045828283
vn 0.99803334 0.028831055 -0.055661336
vn 0.9978739 0 -0.06517531
vn 0.9978739 0 -0.06517531
vn 0.9978739 0 -0.065175295
vn 0.9978739 0 -0.065175295
vn 0.99803025 -0.02912047 -0.05556552
vn 0.99803334 -0.028831054 -0.055661336
vn 0.9972385 -0.058439348 -0.045828294
vn 0.9972385 -0.058439348 -0.045828294
vn -0 0 1
vn -0 0 1
vn -0 0 1
vn -0 0 1
vn -0 0.9996823 0.0252045
vn -0 0.99976045 0.021887863
vn -0 0.99976045 0.021887863
vn -0 0.99968445 0.025121043
vn -0 0.9958775 0.090708025
vn -0 0.99576074 0.09198174
vn -0 0.98887944 0.14871918
vn -0 0.98887944 0.14871918
vn -0 -0.9996823 0.025204409
vn -0 -0.99976045 0.021887721
vn -0 -0.99976045 0.021887721
vn -0 -0.99968445 0.025120948
vn -0 -0.9958775 0.09070802
vn -0 -0.99576074 0.09198172
vn -0 -0.98887944 0.14871918
vn -0 -0.98887944 0.14871918
vn -0.9996823 0 0.025204405
vn -0.99976045 0 0.021887721
vn -0.99976045 0 0.021887721
vn -0.99968445 0 0.025120948
vn -0.99576074 0 0.09198169
vn -0.9958775 0 0.090707965
vn -0.98887944 0 0.1487191
vn -0.98887944 0 0.1487191
vn 0.9996823 0 0.025204528
vn 0.99976045 0 0.021887844
vn 0.99976045 0 0.021887844
vn 0.99968445 0 0.025121067
vn 0.9995962 0 0.02841675
vn 0.9995962 0 0.02841675
vn -0 -0.99968445 0.025120981
vn -0 -0.99976045 0.021887772
vn -0 -0.99976045 0.021887772
vn -0 -0.9996823 0.025204439
vn -0 -0.9958775 0.090707965
vn -0 -0.99576074 0.091981664
vn -0 -0.98887944 0.14871907
vn -0 -0.98887944 0.14871907
vn 0.99968445 0 0.025121069
vn 0.99976045 0 0.021887856
vn 0.99976045 0 0.021887856
vn 0.9996823 0 0.025204532
vn 0.9958775 0 0.09070802
vn 0.99576074 0 0.09198174
vn 0.98887944 0 0.1487191
vn 0.98887944 0 0.1487191
vn -0 0.99968445 0.025121043
vn -0 0.99976045 0.021887884
vn -0 0.99976045 0.021887884
vn -0 0.9996823 0.025204504
vn -0 0.9995962 0.02841666
vn -0 0.9995962 0.02841666
vn -0.99968445 0 0.02512094
vn -0.99976045 0 0.021887697
vn -0.99976045 0 0.021887697
vn -0.9996823 0 0.0252044
vn -0.99576074 0 0.09198169
vn -0.9958775 0 0.09070798
vn -0.98887944 0 0.14871912
vn -0.98887944 0 0.14871912
vn 0.030250654 0.030251527 -0.9990845
vn -0 0.060447764 -0.9981713
vn -0 0.060447764 -0.9981713
vn 0.030250655 0.03025153 -0.9990845
vn 0.060446016 0 -0.99817145
vn 0.060446016 0 -0.99817145
vn -0 -0.06586897 0.9978283
vn -0 -0.06586897 0.9978283
vn -0.032971747 -0.032969613 0.99891233
vn -0.03297172 -0.032969635 0.99891233
vn 0.686968 0.72665465 0.006923671
vn 0.686968 0.72665465 0.006923671
vn 0.686516 0.7270708 0.007991104
vn 0.6865086 0.72707754 0.008008472
vn 0.6920134 0.7151542 0.09834675
vn 0.69223887 0.7139583 0.10520922
vn 0.69225955 0.6964342 0.1890927
vn 0.69225955 0.6964342 0.1890927
vn 0.72707784 -0.68650836 0.008008389
vn 0.7274929 -0.6860552 0.009076094
vn 0.7274929 -0.6860552 0.009076094
vn 0.7270711 -0.68651575 0.007991021
vn 0.726655 -0.6869677 0.0069235913
vn 0.726655 -0.6869677 0.0069235913
vn -0.03297172 -0.032969635 0.99891233
vn -0.032971747 -0.032969613 0.99891233
vn -0.06587188 0 0.99782807
vn -0.06587188 0 0.99782807
vn -0.727078 -0.68650824 0.008008302
vn -0.726655 -0.6869677 0.0069234823
vn -0.726655 -0.6869677 0.0069234823
vn -0.7270712 -0.6865155 0.007990933
vn -0.7139586 -0.69223857 0.10520914
vn -0.7151544 -0.69201314 0.09834665
vn -0.69643426 -0.69225943 0.18909265
vn -0.69643426 -0.69225943 0.18909265
vn -0 0.98887944 0.14871915
vn -0 0.98887944 0.14871915
vn -0 0.98887944 0.14871915
vn -0 0.98887944 0.14871915
vn 0.98887944 0 0.14871912
vn 0.98887944 0 0.14871912
vn 0.98887944 0 0.14871912
vn 0.98887944 0 0.14871912
vn 0.69643426 -0.69225943 0.18909265
vn 0.69643426 -0.69225943 0.18909265
vn 0.69643426 -0.69225943 0.18909265
vn 0.69643426 -0.69225943 0.18909265
vn -0.6922595 0.69643426 0.18909267
vn -0.6922595 0.69643426 0.18909267
vn -0.6922595 0.69643426 0.18909267
vn -0.6922595 0.69643426 0.18909267
vn -1 0 0
vn -1 0 0
vn -1 0 0
vn -1 0 0
vn -0 -1 0
vn -0 -1 0
vn -0 -1 0
vn -0 -1 0
vn 1 0 0
vn 1 0 0
vn 1 0 0
vn 1 0 0
vn -0 -1 0
vn -0 -1 0
vn -0 -1 0
vn -0 -1 0
vn -0.9998975 -0.0010178046 0.014282071
vn -0.9998437 0 0.01767664
vn -0.99996054 0 0.008888061
vn -0.99994135 -0.0012414381 0.010764331
vn -1 0 0
vn -1 0 0
vn -0.99993265 -0.00045598217 0.011598786
vn -0.99995553 -0.0012022057 0.009358378
vn -0.9998523 0.001896161 0.017081851
vn -0.99980575 0.0049105687 0.019089855
vn -0.99967146 0.0070762634 0.02463434
vn -0.9997074 0.0036455786 0.023911718
vn -0.9997074 -0.0036455789 0.023911728
vn -0.9998523 -0.0018959746 0.017081851
vn -0.99967146 -0.0070762653 0.02463436
vn -0.99980575 -0.0049104225 0.019089863
vn -0.99993265 0.00045603953 0.011598775
vn -0.9998975 0.0010177146 0.014282066
vn -0.99995553 0.0012020085 0.009358355
vn -1 0 0
vn -1 0 0
vn -0.99994135 0.0012412473 0.010764312
vn -0.9998437 0 0.017676666
vn -0.99996054 0 0.008888073
vn -1 0 0
vn -1 0 0
vn -0.001017798 0.9998975 0.014282527
vn -0 0.9998437 0.017677428
vn -0 0.99996054 0.008888457
vn -0.001241412 0.99994135 0.010764708
vn -0 1 0
vn -0 1 0
vn -0.00045600568 0.99993265 0.011598965
vn -0.0012021773 0.99995553 0.009358583
vn 0.0018963828 0.9998523 0.01708193
vn 0.0049113305 0.99980575 0.01909
vn 0.00045600662 0.99993265 0.0115989065
vn 0.003646205 0.9997074 0.023911843
vn 0.0070774797 0.99967146 0.02463454
vn -0.0036461966 0.9997074 0.023911765
vn -0.0018963792 0.9998523 0.017081898
vn -0.0070774644 0.99967146 0.024634397
vn -0.0049113207 0.99980575 0.019089906
vn 0.0010177988 0.9998975 0.014282346
vn 0.0012021777 0.99995553 0.00935849
vn -0 1 0
vn -0 1 0
vn 0.001241413 0.99994135 0.010764542
vn -0 0.9998437 0.017677188
vn -0 0.99996054 0.008888335
vn -0 1 0
vn -0 1 0
vn 0.9998975 0.0010175873 0.014282251
vn 0.9998437 0 0.017676901
vn 0.99996054 0 0.008888192
vn 0.99994135 0.0012413452 0.010764459
vn 1 0 0
vn 1 0 0
vn 0.99993265 0.0004557513 0.011598924
vn 0.99995553 0.001202103 0.009358486
vn 0.9998523 -0.0018967208 0.017081942
vn 0.99980575 -0.0049118265 0.019089963
vn 0.99993265 -0.00045589497 0.011598929
vn 0.9997074 -0.0036464487 0.023911823
vn 0.99967146 -0.0070779547 0.024634464
vn 0.9997074 0.0036464487 0.023911815
vn 0.9998523 0.0018966271 0.017081939
vn 0.99967146 0.0070779533 0.024634445
vn 0.99980575 0.0049117515 0.019089948
vn 0.9998975 -0.0010177488 0.014282251
vn 0.99995553 -0.0012022058 0.009358506
vn 1 0 0
vn 1 0 0
vn 0.99994135 -0.0012414381 0.010764474
vn 0.9998437 0 0.017676877
vn 0.99996054 0 0.00888818
vn 1 0 0
vn 1 0 0
vn 0.0010177622 -0.9998975 0.014282161
vn -0 -0.9998437 0.017676806
vn -0 -0.99996054 0.008888144
vn 0.0012413757 -0.99994135 0.010764403
vn -0 -1 0
vn -0 -1 0
vn 0.00045598354 -0.99993265 0.011598902
vn 0.0012021417 -0.99995553 0.0093584955
vn -0.0018963735 -0.9998523 0.017081857
vn -0.0049113035 -0.99980575 0.019089842
vn -0.0070774383 -0.99967146 0.02463433
vn -0.0036461833 -0.9997074 0.023911731
vn 0.001896377 -0.9998523 0.017081888
vn 0.0036461912 -0.9997074 0.023911789
vn -0.00045598304 -0.99993265 0.011598939
vn 0.004911313 -0.99980575 0.019089915
vn 0.007077453 -0.99967146 0.024634436
vn -0.0010177622 -0.9998975 0.014282278
vn -0.001202142 -0.99995553 0.009358543
vn -0 -1 0
vn -0 -1 0
vn -0.0012413756 -0.99994135 0.010764505
vn -0 -0.9998437 0.01767698
vn -0 -0.99996054 0.008888232
vn -0 -1 0
vn -0 -1 0
vn -0.99969196 -0.024819126 0
vn -0.99969196 -0.024819126 0
vn -0.99969196 -0.024819126 0
vn -0.99969196 -0.024819126 0
vn 0.9972379 0.07427379 0
vn 0.9972379 0.07427379 0
vn 0.9972379 0.07427379 0
vn 0.9972379 0.07427379 0
vn -0 0 1
vn -0 0 1
vn -0 0 1
vn -0 0 1
vn -0 0 1
vn -0 0 1
vn -0 0 1
vn -0 0 1
vn -0 0 1
vn -0 0 1
vn -0 0 1
vn -0 0 1
vn -0.07427344 -0.9972379 0
vn -0.07427344 -0.9972379 0
vn -0.07427344 -0.9972379 0
vn -0.07427344 -0.9972379 0
vn -0 0 1
vn -0 0 1
vn -0 0 1
vn -0 0 1
vn 0.9972379 -0.07427271 0
vn 0.9972379 -0.07427271 0
vn 0.9972379 -0.07427271 0
vn 0.9972379 -0.07427271 0
vn -0 0 1
vn -0 0 1
vn -0 0 1
vn -0 0 1
vn -0 0 1
vn -0 0 1
vn -0 0 1
vn -0 0 1
vn 0.024818473 0.99969196 0
vn 0.024818473 0.99969196 0
vn 0.024818473 0.99969196 0
vn 0.024818473 0.99969196 0
vn -0 0 1
vn -0 0 1
vn -0 0 1
vn -0 0 1
vn -0.99969196 0.024818763 0
vn -0.99969196 0.024818763 0
vn -0.99969196 0.024818763 0
vn -0.99969196 0.024818763 0
vn -0 0 1
vn -0 0 1
vn -0 0 1
vn -0 0 1
vn -1 0 0
vn -1 0 0
vn -1 0 0
vn -1 0 0
vn -0 -1 0
vn -0 -1 0
vn -0 -1 0
vn -0 -1 0
vn 1 0 0
vn 1 0 0
vn 1 0 0
vn 1 0 0
vn -0 1 0
vn -0 1 0
vn -0 1 0
vn -0 1 0
vn -0 0 1
vn -0 0 1
vn -0 0 1
vn -0 0 1
vn -0 0 1
vn -0 0 1
vn -0 0 1
vn -0 0 1
vn -0 0 1
vn -0 0 1
vn -0 0 1
vn -0 0 1
vn -0 0 1
vn -0 0 1
vn -0 0 1
vn -0 0 1
vn -0 0 1
vn -0 0 1
vn -0 0 1
vn -0 0 1
vn -0 0 1
vn -0 0 1
vn -0 0 1
vn -0 0 1
vn -0 0 1
vn -0 0 1
vn -0 0 1
vn -0 0 1
vn -0 0 1
vn -0 0 1
vn -0 0 1
vn -0 0 1
vn -0 0 1
vn -0 0 1
vn -0 0 1
vn -0 0 1
vn -0 0 1
vn -0 0 1
vn -0 0 1
vn -0 0 1
vn 0.99969196 -0.024819126 0
vn 0.99969196 -0.024819126 0
vn 0.99969196 -0.024819126 0
vn 0.99969196 -0.024819126 0
vn 1 0 0
vn 1 0 0
vn 1 0 0
vn 1 0 0
vn -0.9972379 0.07427379 0
vn -0.9972379 0.07427379 0
vn -0.9972379 0.07427379 0
vn -0.9972379 0.07427379 0
vn -0 -1 0
vn -0 -1 0
vn -0 -1 0
vn -0 -1 0
vn -0 1 0
vn -0 1 0
vn -0 1 0
vn -0 1 0
vn -0 1 0
vn -0 1 0
vn -0 1 0
vn -0 1 0
vn 0.07427358 -0.9972379 0
vn 0.07427358 -0.9972379 0
vn 0.07427358 -0.9972379 0
vn 0.07427358 -0.9972379 0
vn 1 0 0
vn 1 0 0
vn 1 0 0
vn 1 0 0
vn -0.024818523 0.99969196 0
vn -0.024818523 0.99969196 0
vn -0.024818523 0.99969196 0
vn -0.024818523 0.99969196 0
vn -0 1 0
vn -0 1 0
vn -0 1 0
vn -0 1 0
vn -0.024816321 -0.9996921 0
vn -0.024816321 -0.9996921 0
vn -0.024816321 -0.9996921 0
vn -0.024816321 -0.9996921 0
vn -1 0 0
vn -1 0 0
vn -1 0 0
vn -1 0 0
vn 0.074272074 0.99723804 0
vn 0.074272074 0.99723804 0
vn 0.074272074 0.99723804 0
vn 0.074272074 0.99723804 0
vn -0.9972379 -0.07427271 0
vn -0.9972379 -0.07427271 0
vn -0.9972379 -0.07427271 0
vn -0.9972379 -0.07427271 0
vn -0.074271925 0.99723804 0
vn -0.074271925 0.99723804 0
vn -0.074271925 0.99723804 0
vn -0.074271925 0.99723804 0
vn 0.99969196 0.024818763 0
vn 0.99969196 0.024818763 0
vn 0.99969196 0.024818763 0
vn 0.99969196 0.024818763 0
vn -1 0 0
vn -1 0 0
vn -1 0 0
vn -1 0 0
vn 0.02481627 -0.9996921 0
vn 0.02481627 -0.9996921 0
vn 0.02481627 -0.9996921 0
vn 0.02481627 -0.9996921 0
vn -0 -0.034288492 0.99941194
vn -0 -0.034288492 0.99941194
vn -0 -0.034288492 0.99941194
vn -0 -0.034288492 0.99941194
vn 0.6864798 -0.72712946 0.0053175585
vn 0.6869891 -0.7266634 0.0025181852
vn 0.6869891 -0.7266634 0.0025181852
vn 0.68648785 -0.7271221 0.005273415
vn 0.6859729 -0.7275823 0.008073155
vn 0.6859729 -0.7275823 0.008073155
vn -0.9999999 -2.1679425E-05 -0.0006207798
vn -0.9999999 -2.1679425E-05 -0.0006207798
vn -0.9999999 -2.1679425E-05 -0.0006207798
vn -0.9999999 -2.1679425E-05 -0.0006207798
vn -2.129772E-05 0.9999999 -0.0006207794
vn -2.129772E-05 0.9999999 -0.0006207794
vn -2.129772E-05 0.9999999 -0.0006207794
vn -2.129772E-05 0.9999999 -0.0006207794
vn 0.025098184 0.025097122 0.9993699
vn 0.05016478 0 0.998741
vn 0.05016478 0 0.998741
vn 0.025098186 0.025097124 0.9993699
vn -0 0.050162658 0.9987411
vn -0 0.050162658 0.9987411
vn 2.1298325E-05 -0.9999999 -0.0006207989
vn 2.1298325E-05 -0.9999999 -0.0006207989
vn 2.1298325E-05 -0.9999999 -0.0006207989
vn 2.1298325E-05 -0.9999999 -0.0006207989
vn -0.72666204 0.6869905 0.0025181985
vn -0.72666204 0.6869905 0.0025181985
vn -0.72712207 0.686488 0.0052734315
vn -0.7271293 0.68647987 0.005317574
vn -0.72758347 0.6859716 0.008073174
vn -0.72758347 0.6859716 0.008073174
vn 0.7271292 0.68648 0.0053176065
vn 0.7266626 0.68699 0.0025182562
vn 0.7266626 0.68699 0.0025182562
vn 0.72712195 0.68648815 0.0052734646
vn 0.72758275 0.68597245 0.008073182
vn 0.72758275 0.68597245 0.008073182
vn 0.6864803 0.727129 0.005317583
vn 0.6859735 0.7275817 0.008073156
vn 0.6859735 0.7275817 0.008073156
vn 0.68648845 0.7271217 0.0052734413
vn 0.68698937 0.72666305 0.0025182355
vn 0.68698937 0.72666305 0.0025182355
vn -0 0.9999602 0.008927688
vn -0 0.9999602 0.008927688
vn -0 0.9999602 0.008927688
vn -0 0.9999602 0.008927688
vn -0 -0.9999602 0.008927673
vn -0 -0.9999602 0.008927673
vn -0 -0.9999602 0.008927673
vn -0 -0.9999602 0.008927673
vn -0.9999602 0 0.0089276945
vn -0.9999602 0 0.0089276945
vn -0.9999602 0 0.0089276945
vn -0.9999602 0 0.0089276945
vn 0.9999602 0 0.008927735
vn 0.9999602 0 0.008927735
vn 0.9999602 0 0.008927735
vn 0.9999602 0 0.008927735
vn 0.9999999 2.036552E-05 -0.00062077946
vn 0.9999999 2.036552E-05 -0.00062077946
vn 0.9999999 2.036552E-05 -0.00062077946
vn 0.9999999 2.036552E-05 -0.00062077946
vn 2.1298325E-05 0.9999999 -0.0006207373
vn 2.1298325E-05 0.9999999 -0.0006207373
vn 2.1298325E-05 0.9999999 -0.0006207373
vn 2.1298325E-05 0.9999999 -0.0006207373
vn -0 0.034287103 0.99941206
vn -0 0.034287103 0.99941206
vn -0 0.034287103 0.99941206
vn -0 0.034287103 0.99941206
vn -0 0.034287773 -0.99941194
vn -0 0.034287773 -0.99941194
vn -0 0.034287773 -0.99941194
vn -0 0.034287773 -0.99941194
vn -2.129772E-05 -0.9999999 -0.0006207435
vn -2.129772E-05 -0.9999999 -0.0006207435
vn -2.129772E-05 -0.9999999 -0.0006207435
vn -2.129772E-05 -0.9999999 -0.0006207435
vn 0.03428711 0 0.99941206
vn 0.03428711 0 0.99941206
vn 0.03428711 0 0.99941206
vn 0.03428711 0 0.99941206
vn -0 -0.034287773 -0.99941194
vn -0 -0.034287773 -0.99941194
vn -0 -0.034287773 -0.99941194
vn -0 -0.034287773 -0.99941194
vn -0.03428841 0 0.99941194
vn -0.03428841 0 0.99941194
vn -0.03428841 0 0.99941194
vn -0.03428841 0 0.99941194
vn 0.9999999 -2.0365522E-05 -0.0006207798
vn 0.9999999 -2.0365522E-05 -0.0006207798
vn 0.9999999 -2.0365522E-05 -0.0006207798
vn 0.9999999 -2.0365522E-05 -0.0006207798
vn -0.034286954 0 -0.99941206
vn -0.034286954 0 -0.99941206
vn -0.034286954 0 -0.99941206
vn -0.034286954 0 -0.99941206
vn -0.9999999 2.2336373E-05 -0.0006207794
vn -0.9999999 2.2336373E-05 -0.0006207794
vn -0.9999999 2.2336373E-05 -0.0006207794
vn -0.9999999 2.2336373E-05 -0.0006207794
vn 0.034286954 0 -0.99941206
vn 0.034286954 0 -0.99941206
vn 0.034286954 0 -0.99941206
vn 0.034286954 0 -0.99941206
vn 0.02509817 -0.025097124 0.9993699
vn -0 -0.050162658 0.9987411
vn -0 -0.050162658 0.9987411
vn 0.02509817 -0.025097124 0.9993699
vn 0.05016475 0 0.998741
vn 0.05016475 0 0.998741
vn -0.6864805 0.72712874 0.0053175185
vn -0.68699044 0.72666216 0.0025181759
vn -0.68699044 0.72666216 0.0025181759
vn -0.68648857 0.7271215 0.0052733757
vn -0.68597305 0.72758216 0.008073085
vn -0.68597305 0.72758216 0.008073085
vn -0.05016478 0 0.998741
vn -0.05016478 0 0.998741
vn -0.025098186 0.02509707 0.9993699
vn -0.025098186 0.02509707 0.9993699
vn -0 0.050162558 0.9987411
vn -0 0.050162558 0.9987411
vn -0.68699014 -0.7266624 0.002518149
vn -0.68699014 -0.7266624 0.002518149
vn -0.6864882 -0.7271219 0.0052733575
vn -0.68648005 -0.72712916 0.0053175
vn -0.6859724 -0.72758275 0.008073076
vn -0.6859724 -0.72758275 0.008073076
vn -0 0 1
vn -0 0 1
vn -0 0 1
vn -0 0 1
vn -0 0.99986064 0.01669218
vn -0 0.9999685 0.007933386
vn -0 0.9999685 0.007933386
vn -0 0.99986315 0.016546119
vn -0 0.99968076 0.025267756
vn -0 0.99968076 0.025267756
vn -0 -0.99986064 0.01669203
vn -0 -0.9999685 0.007933293
vn -0 -0.9999685 0.007933293
vn -0 -0.99986315 0.01654597
vn -0 -0.99968076 0.02526755
vn -0 -0.99968076 0.02526755
vn -0.99986064 0 0.016691986
vn -0.9999685 0 0.007933308
vn -0.9999685 0 0.007933308
vn -0.99986315 0 0.016545927
vn -0.99968076 0 0.025267452
vn -0.99968076 0 0.025267452
vn 0.99986064 0 0.016692126
vn 0.9999685 0 0.007933363
vn 0.9999685 0 0.007933363
vn 0.99986315 0 0.016546067
vn 0.99968076 0 0.025267676
vn 0.99968076 0 0.025267676
vn -0 -0.99986315 0.01654594
vn -0 -0.9999685 0.007933281
vn -0 -0.9999685 0.007933281
vn -0 -0.99986064 0.016691998
vn -0 -0.99968076 0.025267502
vn -0 -0.99968076 0.025267502
vn 0.99986315 0 0.016546061
vn 0.9999685 0 0.007933361
vn 0.9999685 0 0.007933361
vn 0.99986064 0 0.016692122
vn 0.99968076 0 0.025267668
vn 0.99968076 0 0.025267668
vn -0 0.99986315 0.016546067
vn -0 0.9999685 0.007933356
vn -0 0.9999685 0.007933356
vn -0 0.99986064 0.016692126
vn -0 0.99968076 0.025267683
vn -0 0.99968076 0.025267683
vn -0.99986315 0 0.016545953
vn -0.9999685 0 0.007933285
vn -0.9999685 0 0.007933285
vn -0.99986064 0 0.016692013
vn -0.99968076 0 0.025267527
vn -0.99968076 0 0.025267527
vn 0.023024622 0.023024617 -0.9994697
vn -0 0.04602485 -0.9989403
vn -0 0.04602485 -0.9989403
vn 0.023024604 0.023024634 -0.9994697
vn 0.046024844 0 -0.9989403
vn 0.046024844 0 -0.9989403
vn -0 -0.05016053 0.9987412
vn -0 -0.05016053 0.9987412
vn -0.025097579 -0.025095396 0.99937004
vn -0.02509758 -0.025095396 0.99937004
vn -0.727584 -0.6859711 0.008073135
vn -0.727584 -0.6859711 0.008073135
vn -0.72712255 -0.6864873 0.005273375
vn -0.72712994 -0.6864793 0.0053175185
vn -0.72666264 -0.6869899 0.0025181249
vn -0.72666264 -0.6869899 0.0025181249
vn 0.7271298 -0.68647945 0.0053175776
vn 0.7275833 -0.6859719 0.0080731595
vn 0.7275833 -0.6859719 0.0080731595
vn 0.7271225 -0.6864875 0.005273436
vn 0.7266631 -0.6869893 0.0025182217
vn 0.7266631 -0.6869893 0.0025182217
vn -0.02509758 -0.025095396 0.99937004
vn -0.025097579 -0.025095396 0.99937004
vn -0.05016475 0 0.998741
vn -0.05016475 0 0.998741
vn -1 0 0
vn -1 0 0
vn -1 0 0
vn -1 0 0
vn -0 -1 0
vn -0 -1 0
vn -0 -1 0
vn -0 -1 0
vn 1 0 0
vn 1 0 0
vn 1 0 0
vn 1 0 0
vn -0 -1 0
vn -0 -1 0
vn -0 -1 0
vn -0 -1 0
vn -0.9998975 -0.0010176931 0.014282071
vn -0.9998437 0 0.01767664
vn -0.99996054 0 0.008888061
vn -0.99994135 -0.0012414381 0.010764331
vn -1 0 0
vn -1 0 0
vn -0.99993265 -0.00045580778 0.011598786
vn -0.99995553 -0.0012022057 0.009358378
vn -0.9998523 0.0018967206 0.017081851
vn -0.99980575 0.004911825 0.019089855
vn -0.99967146 0.007077953 0.02463434
vn -0.9997074 0.003646449 0.023911718
vn -0.9997074 -0.0036464492 0.023911728
vn -0.9998523 -0.0018966276 0.017081851
vn -0.99967146 -0.0070779547 0.02463436
vn -0.99980575 -0.0049117524 0.019089863
vn -0.99993265 0.0004558986 0.011598775
vn -0.9998975 0.0010177384 0.014282066
vn -0.99995553 0.001202197 0.009358355
vn -1 0 0
vn -1 0 0
vn -0.99994135 0.0012414422 0.010764312
vn -0.9998437 0 0.017676666
vn -0.99996054 0 0.008888073
vn -1 0 0
vn -1 0 0
vn -0.0010177991 0.9998975 0.014282366
vn -0 0.9998437 0.017676994
vn -0 0.99996054 0.008888239
vn -0.0012414128 0.99994135 0.010764584
vn -0 1 0
vn -0 1 0
vn -0.00045600647 0.99993265 0.011598955
vn -0.001202178 0.99995553 0.009358578
vn 0.0018963789 0.9998523 0.017081913
vn 0.0049113203 0.99980575 0.019089961
vn 0.00045600592 0.99993265 0.011598899
vn 0.0036461973 0.9997074 0.023911815
vn 0.0070774644 0.99967146 0.024634488
vn -0.0036462047 0.9997074 0.023911797
vn -0.0018963828 0.9998523 0.017081913
vn -0.0070774797 0.99967146 0.024634449
vn -0.0049113305 0.99980575 0.019089941
vn 0.001017798 0.9998975 0.014282349
vn 0.0012021771 0.99995553 0.0093584815
vn -0 1 0
vn -0 1 0
vn 0.0012414124 0.99994135 0.010764544
vn -0 0.9998437 0.0176772
vn -0 0.99996054 0.0088883415
vn -0 1 0
vn -0 1 0
vn 0.9998975 0.0010177945 0.014282416
vn 0.9998437 0 0.017677153
vn 0.99996054 0 0.008888317
vn 0.99994135 0.0012414425 0.010764613
vn 1 0 0
vn 1 0 0
vn 0.99993265 0.00045598595 0.011599021
vn 0.99995553 0.0012021973 0.009358615
vn 0.9998523 -0.0018961615 0.017081933
vn 0.99980575 -0.0049105696 0.019089952
vn 0.99993265 -0.00045603595 0.0115990285
vn 0.9997074 -0.0036455786 0.023911824
vn 0.99967146 -0.0070762653 0.024634466
vn 0.9997074 0.0036455786 0.023911817
vn 0.9998523 0.001895974 0.017081926
vn 0.99967146 0.0070762634 0.024634445
vn 0.99980575 0.0049104216 0.019089941
vn 0.9998975 -0.0010177252 0.014282412
vn 0.99995553 -0.0012020171 0.009358633
vn 1 0 0
vn 1 0 0
vn 0.99994135 -0.0012412433 0.010764623
vn 0.9998437 0 0.017677119
vn 0.99996054 0 0.008888301
vn 1 0 0
vn 1 0 0
vn 0.0010177621 -0.9998975 0.014282166
vn -0 -0.9998437 0.017676817
vn -0 -0.99996054 0.008888149
vn 0.0012413758 -0.99994135 0.010764408
vn -0 -1 0
vn -0 -1 0
vn 0.0004559833 -0.99993265 0.011598897
vn 0.0012021417 -0.99995553 0.009358489
vn -0.001896377 -0.9998523 0.01708187
vn -0.0049113133 -0.99980575 0.019089878
vn -0.007077453 -0.99967146 0.024634384
vn -0.003646191 -0.9997074 0.02391176
vn 0.0018963735 -0.9998523 0.017081872
vn 0.0036461835 -0.9997074 0.023911761
vn -0.00045598389 -0.99993265 0.01159893
vn 0.004911303 -0.99980575 0.01908988
vn 0.0070774383 -0.99967146 0.024634384
vn -0.0010177632 -0.9998975 0.014282162
vn -0.0012021426 -0.99995553 0.009358538
vn -0 -1 0
vn -0 -1 0
vn -0.0012413763 -0.99994135 0.010764418
vn -0 -0.9998437 0.017676676
vn -0 -0.99996054 0.008888079
vn -0 -1 0
vn -0 -1 0
vn -0.99969196 -0.024819126 0
vn -0.99969196 -0.024819126 0
vn -0.99969196 -0.024819126 0
vn -0.99969196 -0.024819126 0
vn 0.9972379 0.07427379 0
vn 0.9972379 0.07427379 0
vn 0.9972379 0.07427379 0
vn 0.9972379 0.07427379 0
vn -0 0 1
vn -0 0 1
vn -0 0 1
vn -0 0 1
vn -0 0 1
vn -0 0 1
vn -0 0 1
vn -0 0 1
vn -0 0 1
vn -0 0 1
vn -0 0 1
vn -0 0 1
vn -0.07427346 -0.9972379 0
vn -0.07427346 -0.9972379 0
vn -0.07427346 -0.9972379 0
vn -0.07427346 -0.9972379 0
vn -0 0 1
vn -0 0 1
vn -0 0 1
vn -0 0 1
vn 0.9972379 -0.07427271 0
vn 0.9972379 -0.07427271 0
vn 0.9972379 -0.07427271 0
vn 0.9972379 -0.07427271 0
vn -0 0 1
vn -0 0 1
vn -0 0 1
vn -0 0 1
vn -0 0 1
vn -0 0 1
vn -0 0 1
vn -0 0 1
vn 0.024818482 0.99969196 0
vn 0.024818482 0.99969196 0
vn 0.024818482 0.99969196 0
vn 0.024818482 0.99969196 0
vn -0 0 1
vn -0 0 1
vn -0 0 1
vn -0 0 1
vn -0.99969196 0.024818763 0
vn -0.99969196 0.024818763 0
vn -0.99969196 0.024818763 0
vn -0.99969196 0.024818763 0
vn -0 0 1
vn -0 0 1
vn -0 0 1
vn -0 0 1
vn -1 0 0
vn -1 0 0
vn -1 0 0
vn -1 0 0
vn -0 -1 0
vn -0 -1 0
vn -0 -1 0
vn -0 -1 0
vn 1 0 0
vn 1 0 0
vn 1 0 0
vn 1 0 0
vn -0 1 0
vn -0 1 0
vn -0 1 0
vn -0 1 0
vn -0 0 1
vn -0 0 1
vn -0 0 1
vn -0 0 1
vn -0 0 1
vn -0 0 1
vn -0 0 1
vn -0 0 1
vn -0 0 1
vn -0 0 1
vn -0 0 1
vn -0 0 1
vn -0 0 1
vn -0 0 1
vn -0 0 1
vn -0 0 1
vn -0 0 1
vn -0 0 1
vn -0 0 1
vn -0 0 1
vn -0 0 1
vn -0 0 1
vn -0 0 1
vn -0 0 1
vn -0 0 1
vn -0 0 1
vn -0 0 1
vn -0 0 1
vn -0 0 1
vn -0 0 1
vn -0 0 1
vn -0 0 1
vn -0 0 1
vn -0 0 1
vn -0 0 1
vn -0 0 1
vn -0 0 1
vn -0 0 1
vn -0 0 1
vn -0 0 1
vn 0.99969196 -0.024819126 0
vn 0.99969196 -0.024819126 0
vn 0.99969196 -0.024819126 0
vn 0.99969196 -0.024819126 0
vn 1 0 0
vn 1 0 0
vn 1 0 0
vn 1 0 0
vn -0.9972379 0.07427379 0
vn -0.9972379 0.07427379 0
vn -0.9972379 0.07427379 0
vn -0.9972379 0.07427379 0
vn -0 -1 0
vn -0 -1 0
vn -0 -1 0
vn -0 -1 0
vn -0 1 0
vn -0 1 0
vn -0 1 0
vn -0 1 0
vn -0 1 0
vn -0 1 0
vn -0 1 0
vn -0 1 0
vn 0.07427356 -0.9972379 0
vn 0.07427356 -0.9972379 0
vn 0.07427356 -0.9972379 0
vn 0.07427356 -0.9972379 0
vn 1 0 0
vn 1 0 0
vn 1 0 0
vn 1 0 0
vn -0.024818514 0.99969196 0
vn -0.024818514 0.99969196 0
vn -0.024818514 0.99969196 0
vn -0.024818514 0.99969196 0
vn -0 1 0
vn -0 1 0
vn -0 1 0
vn -0 1 0
vn -0.02481631 -0.9996921 0
vn -0.02481631 -0.9996921 0
vn -0.02481631 -0.9996921 0
vn -0.02481631 -0.9996921 0
vn -1 0 0
vn -1 0 0
vn -1 0 0
vn -1 0 0
vn 0.074272044 0.99723804 0
vn 0.074272044 0.99723804 0
vn 0.074272044 0.99723804 0
vn 0.074272044 0.99723804 0
vn -0.9972379 -0.07427271 0
vn -0.9972379 -0.07427271 0
vn -0.9972379 -0.07427271 0
vn -0.9972379 -0.07427271 0
vn -0.074271955 0.99723804 0
vn -0.074271955 0.99723804 0
vn -0.074271955 0.99723804 0
vn -0.074271955 0.99723804 0
vn 0.99969196 0.024818763 0
vn 0.99969196 0.024818763 0
vn 0.99969196 0.024818763 0
vn 0.99969196 0.024818763 0
vn -1 0 0
vn -1 0 0
vn -1 0 0
vn -1 0 0
vn 0.02481628 -0.9996921 0
vn 0.02481628 -0.9996921 0
vn 0.02481628 -0.9996921 0
vn 0.02481628 -0.9996921 0
vn -0 -0.034288492 0.99941194
vn -0 -0.034288492 0.99941194
vn -0 -0.034288492 0.99941194
vn -0 -0.034288492 0.99941194
vn 0.68648034 -0.7271289 0.00531756
vn 0.68699014 -0.7266624 0.0025181887
vn 0.68699014 -0.7266624 0.0025181887
vn 0.6864884 -0.7271216 0.0052734157
vn 0.6859729 -0.7275823 0.008073155
vn 0.6859729 -0.7275823 0.008073155
vn -0.9999999 -2.0365522E-05 -0.0006207798
vn -0.9999999 -2.0365522E-05 -0.0006207798
vn -0.9999999 -2.0365522E-05 -0.0006207798
vn -0.9999999 -2.0365522E-05 -0.0006207798
vn -2.12977E-05 0.9999999 -0.0006207788
vn -2.12977E-05 0.9999999 -0.0006207788
vn -2.12977E-05 0.9999999 -0.0006207788
vn -2.12977E-05 0.9999999 -0.0006207788
vn 0.025098186 0.02509707 0.9993699
vn 0.05016478 0 0.998741
vn 0.05016478 0 0.998741
vn 0.025098186 0.02509707 0.9993699
vn -0 0.050162558 0.9987411
vn -0 0.050162558 0.9987411
vn 2.1298361E-05 -0.9999999 -0.00062075886
vn 2.1298361E-05 -0.9999999 -0.00062075886
vn 2.1298361E-05 -0.9999999 -0.00062075886
vn 2.1298361E-05 -0.9999999 -0.00062075886
vn -0.7266626 0.68699 0.0025182005
vn -0.7266626 0.68699 0.0025182005
vn -0.72712183 0.6864883 0.0052734264
vn -0.7271291 0.68648016 0.0053175697
vn -0.72758245 0.6859727 0.008073162
vn -0.72758245 0.6859727 0.008073162
vn 0.72712886 0.6864804 0.005317604
vn 0.72666204 0.6869905 0.0025182383
vn 0.72666204 0.6869905 0.0025182383
vn 0.72712153 0.68648845 0.005273462
vn 0.72758245 0.6859727 0.008073195
vn 0.72758245 0.6859727 0.008073195
vn 0.68648076 0.7271285 0.0053175855
vn 0.6859735 0.7275817 0.008073156
vn 0.6859735 0.7275817 0.008073156
vn 0.68648887 0.72712123 0.005273443
vn 0.68699044 0.72666216 0.0025182397
vn 0.68699044 0.72666216 0.0025182397
vn -0 0.9999602 0.008927719
vn -0 0.9999602 0.008927719
vn -0 0.9999602 0.008927719
vn -0 0.9999602 0.008927719
vn -0 -0.9999602 0.008927704
vn -0 -0.9999602 0.008927704
vn -0 -0.9999602 0.008927704
vn -0 -0.9999602 0.008927704
vn -0.9999602 0 0.0089276945
vn -0.9999602 0 0.0089276945
vn -0.9999602 0 0.0089276945
vn -0.9999602 0 0.0089276945
vn 0.9999602 0 0.008927735
vn 0.9999602 0 0.008927735
vn 0.9999602 0 0.008927735
vn 0.9999602 0 0.008927735
vn 0.9999999 2.2336377E-05 -0.00062077946
vn 0.9999999 2.2336377E-05 -0.00062077946
vn 0.9999999 2.2336377E-05 -0.00062077946
vn 0.9999999 2.2336377E-05 -0.00062077946
vn 2.1298361E-05 0.9999999 -0.0006207383
vn 2.1298361E-05 0.9999999 -0.0006207383
vn 2.1298361E-05 0.9999999 -0.0006207383
vn 2.1298361E-05 0.9999999 -0.0006207383
vn -0 0.03428718 0.99941206
vn -0 0.03428718 0.99941206
vn -0 0.03428718 0.99941206
vn -0 0.03428718 0.99941206
vn -0 0.03428786 -0.99941194
vn -0 0.03428786 -0.99941194
vn -0 0.03428786 -0.99941194
vn -0 0.03428786 -0.99941194
vn -2.12977E-05 -0.9999999 -0.0006207429
vn -2.12977E-05 -0.9999999 -0.0006207429
vn -2.12977E-05 -0.9999999 -0.0006207429
vn -2.12977E-05 -0.9999999 -0.0006207429
vn 0.03428711 0 0.99941206
vn 0.03428711 0 0.99941206
vn 0.03428711 0 0.99941206
vn 0.03428711 0 0.99941206
vn -0 -0.03428786 -0.99941194
vn -0 -0.03428786 -0.99941194
vn -0 -0.03428786 -0.99941194
vn -0 -0.03428786 -0.99941194
vn -0.03428841 0 0.99941194
vn -0.03428841 0 0.99941194
vn -0.03428841 0 0.99941194
vn -0.03428841 0 0.99941194
vn 0.9999999 -2.1679425E-05 -0.0006207798
vn 0.9999999 -2.1679425E-05 -0.0006207798
vn 0.9999999 -2.1679425E-05 -0.0006207798
vn 0.9999999 -2.1679425E-05 -0.0006207798
vn -0.034286954 0 -0.99941206
vn -0.034286954 0 -0.99941206
vn -0.034286954 0 -0.99941206
vn -0.034286954 0 -0.99941206
vn -0.9999999 2.0365518E-05 -0.0006207794
vn -0.9999999 2.0365518E-05 -0.0006207794
vn -0.9999999 2.0365518E-05 -0.0006207794
vn -0.9999999 2.0365518E-05 -0.0006207794
vn 0.034286954 0 -0.99941206
vn 0.034286954 0 -0.99941206
vn 0.034286954 0 -0.99941206
vn 0.034286954 0 -0.99941206
vn 0.02509817 -0.025097102 0.9993699
vn -0 -0.050162617 0.9987411
vn -0 -0.050162617 0.9987411
vn 0.02509817 -0.0250971 0.9993699
vn 0.05016475 0 0.998741
vn 0.05016475 0 0.998741
vn -0.68648076 0.7271285 0.0053175236
vn -0.6869899 0.72666264 0.002518174
vn -0.6869899 0.72666264 0.002518174
vn -0.68648887 0.72712123 0.0052733812
vn -0.68597406 0.7275812 0.008073097
vn -0.68597406 0.7275812 0.008073097
vn -0.05016478 0 0.998741
vn -0.05016478 0 0.998741
vn -0.025098186 0.02509707 0.9993699
vn -0.025098186 0.02509707 0.9993699
vn -0 0.050162558 0.9987411
vn -0 0.050162558 0.9987411
vn -0.6869896 -0.7266629 0.002518147
vn -0.6869896 -0.7266629 0.002518147
vn -0.6864884 -0.7271216 0.0052733617
vn -0.68648034 -0.7271289 0.005317505
vn -0.6859734 -0.72758174 0.008073087
vn -0.6859734 -0.72758174 0.008073087
vn -0 0 1
vn -0 0 1
vn -0 0 1
vn -0 0 1
vn -0 0.99986064 0.016692167
vn -0 0.9999685 0.007933376
vn -0 0.9999685 0.007933376
vn -0 0.99986315 0.01654611
vn -0 0.99968076 0.025267743
vn -0 0.99968076 0.025267743
vn -0 -0.99986064 0.016692016
vn -0 -0.9999685 0.007933288
vn -0 -0.9999685 0.007933288
vn -0 -0.99986315 0.016545957
vn -0 -0.99968076 0.02526753
vn -0 -0.99968076 0.02526753
vn -0.99986064 0 0.016691986
vn -0.9999685 0 0.007933308
vn -0.9999685 0 0.007933308
vn -0.99986315 0 0.016545927
vn -0.99968076 0 0.025267452
vn -0.99968076 0 0.025267452
vn 0.99986064 0 0.01669209
vn 0.9999685 0 0.007933337
vn 0.9999685 0 0.007933337
vn 0.99986315 0 0.01654603
vn 0.99968076 0 0.025267625
vn 0.99968076 0 0.025267625
vn -0 -0.99986315 0.016545944
vn -0 -0.9999685 0.007933281
vn -0 -0.9999685 0.007933281
vn -0 -0.99986064 0.016692001
vn -0 -0.99968076 0.025267508
vn -0 -0.99968076 0.025267508
vn 0.99986315 0 0.016546024
vn 0.9999685 0 0.007933336
vn 0.9999685 0 0.007933336
vn 0.99986064 0 0.016692083
vn 0.99968076 0 0.025267618
vn 0.99968076 0 0.025267618
vn -0 0.99986315 0.016546043
vn -0 0.9999685 0.007933342
vn -0 0.9999685 0.007933342
vn -0 0.99986064 0.016692102
vn -0 0.99968076 0.025267648
vn -0 0.99968076 0.025267648
vn -0.99986315 0 0.016545953
vn -0.9999685 0 0.007933285
vn -0.9999685 0 0.007933285
vn -0.99986064 0 0.016692013
vn -0.99968076 0 0.025267527
vn -0.99968076 0 0.025267527
vn 0.02302465 0.023024552 -0.9994697
vn -0 0.046024732 -0.9989403
vn -0 0.046024732 -0.9989403
vn 0.023024615 0.023024589 -0.9994697
vn 0.046024892 0 -0.9989403
vn 0.046024892 0 -0.9989403
vn -0 -0.05016051 0.9987412
vn -0 -0.05016051 0.9987412
vn -0.025097579 -0.025095396 0.99937004
vn -0.02509758 -0.025095396 0.99937004
vn -0.727583 -0.68597215 0.008073124
vn -0.727583 -0.68597215 0.008073124
vn -0.7271224 -0.6864876 0.0052733705
vn -0.7271297 -0.68647957 0.0053175134
vn -0.7266631 -0.6869893 0.0025181263
vn -0.7266631 -0.6869893 0.0025181263
vn 0.72712946 -0.68647987 0.0053175613
vn 0.727583 -0.68597215 0.008073157
vn 0.727583 -0.68597215 0.008073157
vn 0.72712207 -0.6864879 0.005273418
vn 0.72666264 -0.6869899 0.0025181884
vn 0.72666264 -0.6869899 0.0025181884
vn -0.02509758 -0.025095396 0.99937004
vn -0.025097579 -0.025095396 0.99937004
vn -0.05016475 0 0.998741
vn -0.05016475 0 0.998741
vn -1 0 0
vn -1 0 0
vn -1 0 0
vn -1 0 0
vn -0 -1 0
vn -0 -1 0
vn -0 -1 0
vn -0 -1 0
vn 1 0 0
vn 1 0 0
vn 1 0 0
vn 1 0 0
vn -0 -1 0
vn -0 -1 0
vn -0 -1 0
vn -0 -1 0
vn -0.9998975 -0.001017709 0.014282071
vn -0.9998437 0 0.01767665
vn -0.99996054 0 0.008888066
vn -0.99994135 -0.0012413408 0.010764331
vn -1 0 0
vn -1 0 0
vn -0.99993265 -0.00045592184 0.0115987845
vn -0.99995553 -0.0012021114 0.009358375
vn -0.9998523 0.0018965338 0.017081855
vn -0.99980575 0.004911678 0.019089863
vn -0.99967146 0.007077953 0.024634354
vn -0.9997074 0.003646449 0.023911722
vn -0.9997074 -0.0036464492 0.023911728
vn -0.9998523 -0.0018964409 0.017081851
vn -0.99967146 -0.0070779547 0.02463436
vn -0.99980575 -0.0049116053 0.019089863
vn -0.99993265 0.0004560729 0.011598775
vn -0.9998975 0.00101785 0.014282066
vn -0.99995553 0.001202197 0.009358355
vn -1 0 0
vn -1 0 0
vn -0.99994135 0.0012414422 0.010764312
vn -0.9998437 0 0.017676666
vn -0.99996054 0 0.008888073
vn -1 0 0
vn -1 0 0
vn -0.0010177979 0.9998975 0.014282219
vn -0 0.9998437 0.017676787
vn -0 0.99996054 0.008888135
vn -0.0012414114 0.99994135 0.010764445
vn -0 1 0
vn -0 1 0
vn -0.0004560057 0.99993265 0.0115990015
vn -0.0012021768 0.99995553 0.009358572
vn 0.0018963797 0.9998523 0.017081901
vn 0.0049113226 0.99980575 0.019089896
vn 0.0004560062 0.99993265 0.011599016
vn 0.003646199 0.9997074 0.023911754
vn 0.007077468 0.99967146 0.024634369
vn -0.0036462015 0.9997074 0.023911789
vn -0.0018963817 0.9998523 0.017081913
vn -0.0070774737 0.99967146 0.024634441
vn -0.004911327 0.99980575 0.019089941
vn 0.0010177986 0.9998975 0.014282369
vn 0.0012021777 0.99995553 0.0093586
vn -0 1 0
vn -0 1 0
vn 0.001241413 0.99994135 0.010764569
vn -0 0.9998437 0.017677113
vn -0 0.99996054 0.008888299
vn -0 1 0
vn -0 1 0
vn 0.9998975 0.0010177945 0.014282412
vn 0.9998437 0 0.017677143
vn 0.99996054 0 0.008888313
vn 0.99994135 0.0012414425 0.01076461
vn 1 0 0
vn 1 0 0
vn 0.99993265 0.00045598595 0.011599027
vn 0.99995553 0.0012021973 0.009358618
vn 0.9998523 -0.0018961615 0.017081939
vn 0.99980575 -0.0049105696 0.019089945
vn 0.99993265 -0.00045603595 0.011599033
vn 0.9997074 -0.0036455786 0.023911826
vn 0.99967146 -0.0070762653 0.024634453
vn 0.9997074 0.0036455786 0.02391182
vn 0.9998523 0.001895974 0.017081931
vn 0.99967146 0.0070762634 0.024634432
vn 0.99980575 0.0049104216 0.019089932
vn 0.9998975 -0.0010177252 0.014282412
vn 0.99995553 -0.0012020171 0.009358638
vn 1 0 0
vn 1 0 0
vn 0.99994135 -0.0012412433 0.010764623
vn 0.9998437 0 0.017677119
vn 0.99996054 0 0.008888301
vn 1 0 0
vn 1 0 0
vn 0.0010177628 -0.9998975 0.014281948
vn -0 -0.9998437 0.017676536
vn -0 -0.99996054 0.008888008
vn 0.0012413764 -0.99994135 0.010764205
vn -0 -1 0
vn -0 -1 0
vn 0.0004559836 -0.99993265 0.011598873
vn 0.0012021424 -0.99995553 0.009358412
vn -0.001896376 -0.9998523 0.017081797
vn -0.0049113096 -0.99980575 0.019089833
vn -0.007077447 -0.99967146 0.02463431
vn -0.0036461877 -0.9997074 0.023911634
vn 0.001896374 -0.9998523 0.017081765
vn 0.0036461854 -0.9997074 0.023911573
vn -0.00045598316 -0.99993265 0.011598925
vn 0.004911305 -0.99980575 0.019089747
vn 0.0070774416 -0.99967146 0.024634182
vn -0.001017762 -0.9998975 0.014282169
vn -0.0012021414 -0.99995553 0.009358501
vn -0 -1 0
vn -0 -1 0
vn -0.0012413749 -0.99994135 0.010764404
vn -0 -0.9998437 0.017676901
vn -0 -0.99996054 0.008888192
vn -0 -1 0
vn -0 -1 0
vn -0.99969196 -0.024819126 0
vn -0.99969196 -0.024819126 0
vn -0.99969196 -0.024819126 0
vn -0.99969196 -0.024819126 0
vn 0.9972379 0.074272975 0
vn 0.9972379 0.074272975 0
vn 0.9972379 0.074272975 0
vn 0.9972379 0.074272975 0
vn -0 0 1
vn -0 0 1
vn -0 0 1
vn -0 0 1
vn -0 0 1
vn -0 0 1
vn -0 0 1
vn -0 0 1
vn -0 0 1
vn -0 0 1
vn -0 0 1
vn -0 0 1
vn -0.07427346 -0.9972379 0
vn -0.07427346 -0.9972379 0
vn -0.07427346 -0.9972379 0
vn -0.07427346 -0.9972379 0
vn -0 0 1
vn -0 0 1
vn -0 0 1
vn -0 0 1
vn 0.99723804 -0.07427191 0
vn 0.99723804 -0.07427191 0
vn 0.99723804 -0.07427191 0
vn 0.99723804 -0.07427191 0
vn -0 0 1
vn -0 0 1
vn -0 0 1
vn -0 0 1
vn -0 0 1
vn -0 0 1
vn -0 0 1
vn -0 0 1
vn 0.024818482 0.99969196 0
vn 0.024818482 0.99969196 0
vn 0.024818482 0.99969196 0
vn 0.024818482 0.99969196 0
vn -0 0 1
vn -0 0 1
vn -0 0 1
vn -0 0 1
vn -0.99969196 0.024818763 0
vn -0.99969196 0.024818763 0
vn -0.99969196 0.024818763 0
vn -0.99969196 0.024818763 0
vn -0 0 1
vn -0 0 1
vn -0 0 1
vn -0 0 1
vn -1 0 0
vn -1 0 0
vn -1 0 0
vn -1 0 0
vn -0 -1 0
vn -0 -1 0
vn -0 -1 0
vn -0 -1 0
vn 1 0 0
vn 1 0 0
vn 1 0 0
vn 1 0 0
vn -0 1 0
vn -0 1 0
vn -0 1 0
vn -0 1 0
vn -0 0 1
vn -0 0 1
vn -0 0 1
vn -0 0 1
vn -0 0 1
vn -0 0 1
vn -0 0 1
vn -0 0 1
vn -0 0 1
vn -0 0 1
vn -0 0 1
vn -0 0 1
vn -0 0 1
vn -0 0 1
vn -0 0 1
vn -0 0 1
vn -0 0 1
vn -0 0 1
vn -0 0 1
vn -0 0 1
vn -0 0 1
vn -0 0 1
vn -0 0 1
vn -0 0 1
vn -0 0 1
vn -0 0 1
vn -0 0 1
vn -0 0 1
vn -0 0 1
vn -0 0 1
vn -0 0 1
vn -0 0 1
vn -0 0 1
vn -0 0 1
vn -0 0 1
vn -0 0 1
vn -0 0 1
vn -0 0 1
vn -0 0 1
vn -0 0 1
vn 0.99969196 -0.024819126 0
vn 0.99969196 -0.024819126 0
vn 0.99969196 -0.024819126 0
vn 0.99969196 -0.024819126 0
vn 1 0 0
vn 1 0 0
vn 1 0 0
vn 1 0 0
vn -0.9972379 0.07427379 0
vn -0.9972379 0.07427379 0
vn -0.9972379 0.07427379 0
vn -0.9972379 0.07427379 0
vn -0 -1 0
vn -0 -1 0
vn -0 -1 0
vn -0 -1 0
vn -0 1 0
vn -0 1 0
vn -0 1 0
vn -0 1 0
vn -0 1 0
vn -0 1 0
vn -0 1 0
vn -0 1 0
vn 0.07427356 -0.9972379 0
vn 0.07427356 -0.9972379 0
vn 0.07427356 -0.9972379 0
vn 0.07427356 -0.9972379 0
vn 1 0 0
vn 1 0 0
vn 1 0 0
vn 1 0 0
vn -0.024818514 0.99969196 0
vn -0.024818514 0.99969196 0
vn -0.024818514 0.99969196 0
vn -0.024818514 0.99969196 0
vn -0 1 0
vn -0 1 0
vn -0 1 0
vn -0 1 0
vn -0.02481631 -0.9996921 0
vn -0.02481631 -0.9996921 0
vn -0.02481631 -0.9996921 0
vn -0.02481631 -0.9996921 0
vn -1 0 0
vn -1 0 0
vn -1 0 0
vn -1 0 0
vn 0.074272044 0.99723804 0
vn 0.074272044 0.99723804 0
vn 0.074272044 0.99723804 0
vn 0.074272044 0.99723804 0
vn -0.9972379 -0.07427271 0
vn -0.9972379 -0.07427271 0
vn -0.9972379 -0.07427271 0
vn -0.9972379 -0.07427271 0
vn -0.074271955 0.99723804 0
vn -0.074271955 0.99723804 0
vn -0.074271955 0.99723804 0
vn -0.074271955 0.99723804 0
vn 0.99969196 0.024818763 0
vn 0.99969196 0.024818763 0
vn 0.99969196 0.024818763 0
vn 0.99969196 0.024818763 0
vn -1 0 0
vn -1 0 0
vn -1 0 0
vn -1 0 0
vn 0.02481628 -0.9996921 0
vn 0.02481628 -0.9996921 0
vn 0.02481628 -0.9996921 0
vn 0.02481628 -0.9996921 0
vn -0 -0.034288473 0.99941194
vn -0 -0.034288473 0.99941194
vn -0 -0.034288473 0.99941194
vn -0 -0.034288473 0.99941194
vn 0.68648005 -0.72712916 0.005317603
vn 0.6869896 -0.7266629 0.0025181032
vn 0.6869896 -0.7266629 0.0025181032
vn 0.68648815 -0.7271219 0.005273457
vn 0.6859729 -0.7275823 0.008073324
vn 0.6859729 -0.7275823 0.008073324
vn -0.9999999 -2.0365522E-05 -0.0006207795
vn -0.9999999 -2.0365522E-05 -0.0006207795
vn -0.9999999 -2.0365522E-05 -0.0006207795
vn -0.9999999 -2.0365522E-05 -0.0006207795
vn -2.12977E-05 0.9999999 -0.0006207634
vn -2.12977E-05 0.9999999 -0.0006207634
vn -2.12977E-05 0.9999999 -0.0006207634
vn -2.12977E-05 0.9999999 -0.0006207634
vn 0.02509817 0.025097102 0.9993699
vn 0.05016475 0 0.998741
vn 0.05016475 0 0.998741
vn 0.02509817 0.0250971 0.9993699
vn -0 0.050162617 0.9987411
vn -0 0.050162617 0.9987411
vn 2.1298361E-05 -0.9999999 -0.00062075886
vn 2.1298361E-05 -0.9999999 -0.00062075886
vn 2.1298361E-05 -0.9999999 -0.00062075886
vn 2.1298361E-05 -0.9999999 -0.00062075886
vn -0.72666305 0.68698937 0.0025182099
vn -0.72666305 0.68698937 0.0025182099
vn -0.72712207 0.686488 0.005273416
vn -0.7271293 0.68647987 0.005317558
vn -0.72758245 0.6859727 0.008073131
vn -0.72758245 0.6859727 0.008073131
vn 0.72712886 0.6864804 0.0053176084
vn 0.7266611 0.6869916 0.002518235
vn 0.7266611 0.6869916 0.002518235
vn 0.72712153 0.6864884 0.005273465
vn 0.72758347 0.6859716 0.008073206
vn 0.72758347 0.6859716 0.008073206
vn 0.6864804 0.7271288 0.0053176167
vn 0.6859735 0.7275817 0.00807322
vn 0.6859735 0.7275817 0.00807322
vn 0.68648857 0.7271215 0.0052734744
vn 0.6869899 0.72666264 0.0025182376
vn 0.6869899 0.72666264 0.0025182376
vn -0 0.9999602 0.008927684
vn -0 0.9999602 0.008927684
vn -0 0.9999602 0.008927684
vn -0 0.9999602 0.008927684
vn -0 -0.9999602 0.008927622
vn -0 -0.9999602 0.008927622
vn -0 -0.9999602 0.008927622
vn -0 -0.9999602 0.008927622
vn -0.9999602 0 0.008927681
vn -0.9999602 0 0.008927681
vn -0.9999602 0 0.008927681
vn -0.9999602 0 0.008927681
vn 0.9999602 0 0.008927735
vn 0.9999602 0 0.008927735
vn 0.9999602 0 0.008927735
vn 0.9999602 0 0.008927735
vn 0.9999999 2.2336377E-05 -0.00062077976
vn 0.9999999 2.2336377E-05 -0.00062077976
vn 0.9999999 2.2336377E-05 -0.00062077976
vn 0.9999999 2.2336377E-05 -0.00062077976
vn 2.1298361E-05 0.9999999 -0.0006207794
vn 2.1298361E-05 0.9999999 -0.0006207794
vn 2.1298361E-05 0.9999999 -0.0006207794
vn 2.1298361E-05 0.9999999 -0.0006207794
vn -0 0.034287088 0.99941206
vn -0 0.034287088 0.99941206
vn -0 0.034287088 0.99941206
vn -0 0.034287088 0.99941206
vn -0 0.034287773 -0.99941194
vn -0 0.034287773 -0.99941194
vn -0 0.034287773 -0.99941194
vn -0 0.034287773 -0.99941194
vn -2.12977E-05 -0.9999999 -0.00062075316
vn -2.12977E-05 -0.9999999 -0.00062075316
vn -2.12977E-05 -0.9999999 -0.00062075316
vn -2.12977E-05 -0.9999999 -0.00062075316
vn 0.034287065 0 0.99941206
vn 0.034287065 0 0.99941206
vn 0.034287065 0 0.99941206
vn 0.034287065 0 0.99941206
vn -0 -0.034287773 -0.99941194
vn -0 -0.034287773 -0.99941194
vn -0 -0.034287773 -0.99941194
vn -0 -0.034287773 -0.99941194
vn -0.034288365 0 0.99941194
vn -0.034288365 0 0.99941194
vn -0.034288365 0 0.99941194
vn -0.034288365 0 0.99941194
vn 0.9999999 -2.1679425E-05 -0.0006207795
vn 0.9999999 -2.1679425E-05 -0.0006207795
vn 0.9999999 -2.1679425E-05 -0.0006207795
vn 0.9999999 -2.1679425E-05 -0.0006207795
vn -0.03428691 0 -0.99941206
vn -0.03428691 0 -0.99941206
vn -0.03428691 0 -0.99941206
vn -0.03428691 0 -0.99941206
vn -0.9999999 2.0365518E-05 -0.0006207797
vn -0.9999999 2.0365518E-05 -0.0006207797
vn -0.9999999 2.0365518E-05 -0.0006207797
vn -0.9999999 2.0365518E-05 -0.0006207797
vn 0.03428691 0 -0.99941206
vn 0.03428691 0 -0.99941206
vn 0.03428691 0 -0.99941206
vn 0.03428691 0 -0.99941206
vn 0.02509817 -0.025097134 0.9993699
vn -0 -0.050162677 0.9987411
vn -0 -0.050162677 0.9987411
vn 0.02509817 -0.025097134 0.9993699
vn 0.05016475 0 0.998741
vn 0.05016475 0 0.998741
vn -0.6864802 0.727129 0.0053175413
vn -0.6869899 0.72666264 0.0025181978
vn -0.6869899 0.72666264 0.0025181978
vn -0.68648845 0.7271217 0.005273399
vn -0.68597305 0.72758216 0.008073109
vn -0.68597305 0.72758216 0.008073109
vn -0.05016475 0 0.998741
vn -0.05016475 0 0.998741
vn -0.02509817 0.0250971 0.9993699
vn -0.02509817 0.025097102 0.9993699
vn -0 0.050162617 0.9987411
vn -0 0.050162617 0.9987411
vn -0.6869896 -0.7266629 0.0025180713
vn -0.6869896 -0.7266629 0.0025180713
vn -0.6864879 -0.72712207 0.0052733906
vn -0.68647987 -0.72712946 0.0053175353
vn -0.6859724 -0.72758275 0.008073221
vn -0.6859724 -0.72758275 0.008073221
vn -0 0 1
vn -0 0 1
vn -0 0 1
vn -0 0 1
vn -0 0.99986064 0.01669213
vn -0 0.9999685 0.007933368
vn -0 0.9999685 0.007933368
vn -0 0.99986315 0.016546072
vn -0 0.99968076 0.025267676
vn -0 0.99968076 0.025267676
vn -0 -0.99986064 0.016691973
vn -0 -0.9999685 0.007933242
vn -0 -0.9999685 0.007933242
vn -0 -0.99986315 0.016545916
vn -0 -0.99968076 0.02526749
vn -0 -0.99968076 0.02526749
vn -0.99986064 0 0.016691983
vn -0.9999685 0 0.007933308
vn -0.9999685 0 0.007933308
vn -0.99986315 0 0.016545923
vn -0.99968076 0 0.025267443
vn -0.99968076 0 0.025267443
vn 0.99986064 0 0.01669209
vn 0.9999685 0 0.007933337
vn 0.9999685 0 0.007933337
vn 0.99986315 0 0.01654603
vn 0.99968076 0 0.025267625
vn 0.99968076 0 0.025267625
vn -0 -0.99986315 0.016545944
vn -0 -0.9999685 0.007933304
vn -0 -0.9999685 0.007933304
vn -0 -0.99986064 0.016692001
vn -0 -0.99968076 0.025267487
vn -0 -0.99968076 0.025267487
vn 0.99986315 0 0.01654603
vn 0.9999685 0 0.007933336
vn 0.9999685 0 0.007933336
vn 0.99986064 0 0.016692089
vn 0.99968076 0 0.025267625
vn 0.99968076 0 0.025267625
vn -0 0.99986315 0.016546056
vn -0 0.9999685 0.007933363
vn -0 0.9999685 0.007933363
vn -0 0.99986064 0.016692113
vn -0 0.99968076 0.025267648
vn -0 0.99968076 0.025267648
vn -0.99986315 0 0.01654595
vn -0.9999685 0 0.007933285
vn -0.9999685 0 0.007933285
vn -0.99986064 0 0.016692007
vn -0.99968076 0 0.025267517
vn -0.99968076 0 0.025267517
vn 0.02302465 0.023024578 -0.9994697
vn -0 0.04602478 -0.9989403
vn -0 0.04602478 -0.9989403
vn 0.023024615 0.023024613 -0.9994697
vn 0.046024892 0 -0.9989403
vn 0.046024892 0 -0.9989403
vn -0 -0.05016057 0.9987412
vn -0 -0.05016057 0.9987412
vn -0.025097577 -0.025095427 0.99937004
vn -0.02509758 -0.025095427 0.99937004
vn -0.727583 -0.68597215 0.008073043
vn -0.727583 -0.68597215 0.008073043
vn -0.72712255 -0.6864873 0.0052733393
vn -0.72712994 -0.68647933 0.0053174817
vn -0.72666365 -0.68698883 0.0025181442
vn -0.72666365 -0.68698883 0.0025181442
vn 0.72712946 -0.68647987 0.0053175534
vn 0.727584 -0.6859711 0.008073152
vn 0.727584 -0.6859711 0.008073152
vn 0.72712207 -0.6864879 0.0052734106
vn 0.7266616 -0.686991 0.002518177
vn 0.7266616 -0.686991 0.002518177
vn -0.02509758 -0.025095427 0.99937004
vn -0.025097577 -0.025095427 0.99937004
vn -0.05016475 0 0.998741
vn -0.05016475 0 0.998741
vn -1 0 0
vn -1 0 0
vn -1 0 0
vn -1 0 0
vn -0 -1 0
vn -0 -1 0
vn -0 -1 0
vn -0 -1 0
vn 1 0 0
vn 1 0 0
vn 1 0 0
vn 1 0 0
vn -0 -1 0
vn -0 -1 0
vn -0 -1 0
vn -0 -1 0
vn -0 -1 0
vn -0 -1 0
vn -0 -1 0
vn -0 -1 0
vn -0 1 0
vn -0 1 0
vn -0 1 0
vn -0 1 0
vn -0 0 1
vn -0 0 1
vn -0 0 1
vn -0 0 1
vn -0 0 1
vn -0 0 1
vn -0 0 1
vn -0 0 1
vn -0 0 1
vn -0 0 1
vn -0 0 1
vn -0 0 1
vn -0 0 1
vn -0 0 1
vn -0 0 1
vn -0 0 1
vn -0 0 1
vn -0 0 1
vn -0 0 1
vn -0 0 1
vn -0 0 1
vn -0 0 1
vn -0 0 1
vn -0 0 1
vn -0 0 1
vn -0 0 1
vn -0 0 1
vn -0 0 1
vn -0 0 1
vn -0 0 1
vn -0 0 1
vn -0 0 1
vn -0 0 1
vn -0 0 1
vn -0 0 1
vn -0 0 1
vn -0 0 1
vn -0 0 1
vn -0 0 1
vn -0 0 1
vn -0 0 1
vn -0 0 1
vn -0 0 1
vn -0 0 1
vn -0 0 1
vn -0 0 1
vn -0 0 1
vn -0 0 1
vn -0 0 1
vn -0 0 1
vn -0 0 1
vn -0 0 1
vn -0 0 1
vn -0 0 1
vn -0 0 1
vn -0 0 1
vn -0 0 1
vn -0 0 1
vn -0 0 1
vn -0 0 1
vn -0 0 1
vn -0 0 1
vn -0 0 1
vn -0 0 1
vn -0 0 1
vn -0 0 1
vn -0 0 1
vn -0 0 1
vn -0 0 1
vn -0 0 1
vn -0 0 1
vn -0 0 1
vn -0 0 1
vn -0 0 1
vn -0 0 1
vn -0 0 1
vn -0 0 1
vn -0 0 1
vn -0 0 1
vn -0 0 1
vn -0 0 1
vn -0 0 1
vn -0 0 1
vn -0 0 1
vn -0 0 1
vn -0 0 1
vn -0 0 1
vn -0 0 1
vn -0 0 1
vn -0 0 1
vn -0 0 1
vn -0 0 1
vn -0 0 1
vn -0 0 1
vn -0 0 1
vn -0 0 1
vn -0 0 1
vn -0 0 1
vn -0 0 1
vn -0 0 1
vn -0 0 1
vn -0 0 1
vn -0 0 1
vn -0 0 1
vn -0 0 1
vn -0 0 1
vn -0 0 1
vn -0 0 1
vn -0 0 1
vn -0 0 1
vn -0 0 1
vn -0 0 1
vn -0 0 1
vn -0 0 1
vn -0 0 1
vn -0 0 1
vn -0 0 1
vn -0 0 1
vn -0 0 1
vn -0 0 1
vn -0 0 1
vn -0 0 1
vn -0 0 1
vn -0 0 1
vn -0 -1 0
vn -0 -1 0
vn -0 -1 0
vn -0 -1 0
vn -0 -1 0
vn -0 -1 0
vn -0 -1 0
vn -0 -1 0
vn -1 0 0
vn -1 0 0
vn -1 0 0
vn -1 0 0
vn -1 0 0
vn -1 0 0
vn -1 0 0
vn -1 0 0
vn -1 0 0
vn -1 0 0
vn -1 0 0
vn -1 0 0
vn -0 0 1
vn -0 0 1
vn -0 0 1
vn -0 0 1
vn -0 0 1
vn -0 0 1
vn -0 0 1
vn -0 0 1
vn -0 0 1
vn -0 0 1
vn -0 0 1
vn -0 0 1
vn -0 0 1
vn -0 0 1
vn -0 0 1
vn -0 0 1
vn -0 0 1
vn -0 0 1
vn -0 0 1
vn -0 0 1
vn -0 0 1
vn -0 0 1
vn -0 0 1
vn -0 0 1
vn -0 0 1
vn -0 0 1
vn -0 0 1
vn -0 0 1
vn -0 0 1
vn -0 0 1
vn -0 0 1
vn -0 0 1
vn -0 0 1
vn -0 0 1
vn -0 0 1
vn -0 0 1
vn -0 0 1
vn -0 0 1
vn -0 0 1
vn -0 0 1
vn -0 0 1
vn -0 0 1
vn -0 0 1
vn -0 0 1
vn -0 0 1
vn -0 0 1
vn -0 0 1
vn -0 0 1
vn -0 0 1
vn -0 0 1
vn -0 0 1
vn -0 0 1
vn -0 0 1
vn -0 0 1
vn -0 0 1
vn -0 0 1
vn -0 0 1
vn -0 0 1
vn -0 0 1
vn -0 0 1
vn -0 0 1
vn -0 0 1
vn -0 0 1
vn -0 0 1
vn -0 0 1
vn -0 0 1
vn -0 0 1
vn -0 0 1
vn -0 0 1
vn -0 0 1
vn -0 0 1
vn -0 0 1
vn -0 0 1
vn -0 0 1
vn -0 0 1
vn -0 0 1
vn -0 0 1
vn -0 0 1
vn -0 0 1
vn -0 0 1
vn -0 0 1
vn -0 0 1
vn -0 0 1
vn -0 0 1
vn -0 0 1
vn -0 0 1
vn -0 0 1
vn -0 0 1
vn -0 0 1
vn -0 0 1
vn -0 0 1
vn -0 0 1
vn -0 0 1
vn -0 0 1
vn -0 0 1
vn -0 0 1
vn -0 0 1
vn -0 0 1
vn -0 0 1
vn -0 0 1
vn -0 0 1
vn -0 0 1
vn -0 0 1
vn -0 0 1
vn -0 0 1
vn -0 0 1
vn -0 0 1
vn -0 0 1
vn -0 0 1
vn -0 0 1
vn -0 0 1
vn -0 0 1
vn -0 0 1
vn -0 0 1
vn -0 0 1
vn -0 0 1
vn -0 0 1
vn -0 0 1
vn -0 0 1
vn -0 0 1
vn -0 0 1
vn -0 0 1
vn -0 0 1
vn -0 0 1
vn -0.70710695 0.7071066 0
vn -0.70710695 0.7071066 0
vn -0.70710695 0.7071066 0
vn -0.70710695 0.7071066 0
vn -0 0 -1
vn -0 0 -1
vn -0 0 -1
vn -0 0 -1
vn -0 0 -1
vn -0 0 -1
vn -0 0 -1
vn -0 0 -1
vn 1 0 0
vn 1 0 0
vn 1 0 0
vn 1 0 0
vn 1 0 0
vn 1 0 0
vn -0 -1 0
vn -0 -1 0
vn -0 -1 0
vn -0 -1 0
vn 1 0 0
vn 1 0 0
vn 1 0 0
vn 1 0 0
vn 1 0 0
vn 1 0 0
vn 0.63323766 0.77395743 0
vn 0.63323766 0.77395743 0
vn 0.63323766 0.77395743 0
vn 0.63323766 0.77395743 0
vn 0.6332378 -0.7739574 0
vn 0.6332378 -0.7739574 0
vn 0.6332378 -0.7739574 0
vn 0.6332378 -0.7739574 0
vn -0 0 1
vn -0 0 1
vn -0 0 1
vn -0 0 1
vn -0 0 1
vn -0 0 1
vn -0 0 1
vn -0 0 1
vn -0 0 1
vn -0 0 1
vn -0 0 1
vn -0 0 1
vn -0 0 1
vn -0 0 1
vn 0.99589324 -0.09053493 0
vn 0.99589324 -0.09053493 0
vn 0.99589324 -0.09053493 0
vn 0.99589324 -0.09053493 0
vn -0 0 1
vn -0 0 1
vn -0 0 1
vn -0 0 1
vn -0 0 1
vn -0 0 1
vn -0 0 1
vn -0 0 1
vn -0 0 1
vn -0 0 1
vn -0 0 1
vn -0 0 1
vn -0 0 1
vn -0 0 1
vn -0 0 1
vn -0 0 1
vn -0 0 1
vn -0 0 1
vn -0 0 1
vn -0 0 1
vn -0 0 1
vn -0 0 1
vn -0 0 1
vn -0 0 1
vn -0 0 1
vn -0 0 1
vn -0 0 1
vn -0 0 1
vn -0 0 1
vn -0 0 1
vn -0 0 1
vn -0 0 1
vn -0 0 1
vn -0 0 1
vn -0 0 1
vn -0 0 1
vn -0 0 1
vn -0 0 1
vn -0 0 1
vn -0 0 1
vn -0.9958931 -0.09053677 0
vn -0.9958931 -0.09053677 0
vn -0.9958931 -0.09053677 0
vn -0.9958931 -0.09053677 0
vn -0 0 1
vn -0 0 1
vn -0 0 1
vn -0 0 1
vn -0 0 1
vn -0 0 1
vn -0 0 1
vn -0 0 1
vn -0 0 1
vn -0 0 1
vn -0 0 1
vn -0 0 1
vn -0 0 1
vn -0 0 1
vn -0 0 1
vn -0 0 1
vn -0 0 1
vn -0 0 1
vn -0.014504429 -0.031506523 -0.99939835
vn -0.031506605 -0.014504509 -0.99939835
vn -0.023007177 -0.023007173 -0.99947053
vn -0.017254058 -0.017253837 -0.99970216
vn -0 -0.045989808 -0.99894196
vn -0.04599025 0 -0.99894196
vn -0 -0.023000987 -0.9997354
vn -0 -0.045989815 -0.99894196
vn -0.023001205 0 -0.9997354
vn -0.04599025 0 -0.99894196
vn -0 -0.02300099 -0.9997354
vn -0 -0.04598981 -0.99894196
vn -0.023001203 0 -0.9997354
vn -0.04599024 0 -0.99894196
vn -0 0 -1
vn -0 -0.023000987 -0.9997354
vn -0 -0.04598981 -0.99894196
vn -0.023001203 0 -0.9997354
vn -0.045990244 0 -0.99894196
vn -0 0 -1
vn -0 0 -1
vn -0 -0.023000987 -0.9997354
vn -0 -0.04598981 -0.99894196
vn -0.023001209 0 -0.9997354
vn -0.045990244 0 -0.99894196
vn -0 0 -1
vn -0 0 -1
vn -0 0 -1
vn -0 -0.023000987 -0.9997354
vn -0 -0.04598982 -0.99894196
vn -0.023001201 0 -0.9997354
vn -0.04599024 0 -0.99894196
vn -0 0 -1
vn -0 0 -1
vn -0 0 -1
vn -0 0 -1
vn -0 -0.023000991 -0.9997354
vn -0 -0.04598982 -0.99894196
vn -0.0230012 0 -0.9997354
vn -0.04599024 0 -0.99894196
vn -0 0 -1
vn -0 0 -1
vn -0 0 -1
vn -0 0 -1
vn -0 0 -1
vn -0.023001203 0 -0.9997354
vn -0.04599024 0 -0.99894196
vn -0 0 -1
vn -0 0 -1
vn -0 0 -1
vn -0 0 -1
vn -0.023001201 0 -0.9997354
vn -0.031506874 0.014504538 -0.99939835
vn -0 0 -1
vn -0 0 -1
vn -0 0 -1
vn -0.017253997 0.017254243 -0.99970216
vn -0.023007412 0.023007412 -0.99947053
vn -0.01450463 0.03150696 -0.99939835
vn -0 0 -1
vn -0 0.023001445 -0.9997354
vn -0 0.045990728 -0.99894184
vn -0 0 -1
vn -0 0 -1
vn -0 0.02300145 -0.9997354
vn -0 0.045990728 -0.99894184
vn -0 0 -1
vn -0 0 -1
vn -0 0 -1
vn -0 0.023001451 -0.9997354
vn -0 0.04599073 -0.99894184
vn -0 0.02300145 -0.9997354
vn -0 0.045990728 -0.99894184
vn -0 0 -1
vn -0 0 -1
vn -0 0 -1
vn -0 0 -1
vn -0 0.023001451 -0.9997354
vn -0 0.045990735 -0.99894184
vn -0 0 -1
vn -0 0 -1
vn -0 0 -1
vn -0 0.023001453 -0.9997354
vn -0 0.04599073 -0.99894184
vn -0 0 -1
vn -0 0 -1
vn -0 0.023001451 -0.9997354
vn -0 0.04599073 -0.99894184
vn -0 0 -1
vn -0 0.023001445 -0.9997354
vn -0 0.045990717 -0.99894184
vn -0 0 -1
vn -0 0 -1
vn -0 0 -1
vn -0 0 -1
vn 0.017254012 0.017254237 -0.99970216
vn 0.014504635 0.031506985 -0.99939835
vn 0.031506892 0.014504569 -0.99939835
vn 0.023007432 0.023007456 -0.99947053
vn 0.045990277 0 -0.99894196
vn 0.023001218 0 -0.9997354
vn 0.04599029 0 -0.99894196
vn 0.023001224 0 -0.9997354
vn 0.045990285 0 -0.99894196
vn -0 0 -1
vn 0.023001222 0 -0.9997354
vn 0.04599028 0 -0.99894196
vn -0 0 -1
vn 0.023001224 0 -0.9997354
vn 0.04599029 0 -0.99894196
vn -0 0 -1
vn 0.023001224 0 -0.9997354
vn 0.04599029 0 -0.99894196
vn -0 0 -1
vn -0 0 -1
vn 0.023001224 0 -0.9997354
vn 0.04599029 0 -0.99894196
vn -0 0 -1
vn -0 0 -1
vn 0.023001228 0 -0.9997354
vn 0.04599029 0 -0.99894196
vn -0 0 -1
vn -0 0 -1
vn -0 0 -1
vn 0.023001226 0 -0.9997354
vn 0.031506613 -0.014504531 -0.99939835
vn -0 0 -1
vn -0 0 -1
vn -0 0 -1
vn 0.017254075 -0.017253833 -0.99970216
vn 0.02300718 -0.023007208 -0.99947053
vn 0.014504425 -0.03150655 -0.99939835
vn -0 0 -1
vn -0 -0.023000987 -0.9997354
vn -0 -0.04598981 -0.99894196
vn -0 0 -1
vn -0 0 -1
vn -0 0 -1
vn -0 0 -1
vn -0 0 -1
vn -0 -0.023000993 -0.9997354
vn -0 0 -1
vn -0 0 -1
vn -0 0 -1
vn -0 -1 0
vn -0 -1 0
vn -0 -1 0
vn -0 -1 0
vn 1 0 0
vn 1 0 0
vn 1 0 0
vn 1 0 0
vn 1 0 0
vn 1 0 0
vn 1 0 0
vn 1 0 0
vn -0 1 0
vn -0 1 0
vn -0 1 0
vn -0 1 0
vn -1 0 0
vn -1 0 0
vn -1 0 0
vn -1 0 0
vn -1 0 0
vn -1 0 0
vn -1 0 0
vn -1 0 0
vn -0 1 0
vn -0 1 0
vn -0 1 0
vn -0 1 0
vn -0 -1 0
vn -0 -1 0
vn -0 -1 0
vn -0 -1 0
vn -1 0 0
vn -1 0 0
vn -1 0 0
vn -1 0 0
vn -1 0 0
vn -1 0 0
vn -1 0 0
vn -1 0 0
vn -0 0 -1
vn -0 0 -1
vn -0 0 -1
vn -0 0 -1
vn -0 0 -1
vn -0 0 -1
vn -0 0 -1
vn -0 0 -1
vn -0 0 -1
vn -0 0 -1
vn -0 1 0
vn -0 1 0
vn -0 1 0
vn -0 1 0
vn -0 1 0
vn -0 1 0
vn -0 1 0
vn -0 1 0
vn -0 1 0
vn -0 1 0
vn -0 1 0
vn -0 1 0
vn -0 1 0
vn -0 1 0
vn -0 1 0
vn -0 1 0
vn -0 -1 0
vn -0 -1 0
vn -0 -1 0
vn -0 -1 0
vn -0 -1 0
vn -0 -1 0
vn 0.7071068 0.70710665 0
vn 0.7071068 0.70710665 0
vn 0.7071068 0.70710665 0
vn 0.7071068 0.70710665 0
vn -0.70710695 -0.7071066 0
vn -0.70710695 -0.7071066 0
vn -0.70710695 -0.7071066 0
vn -0.70710695 -0.7071066 0
vn -0 0 -1
vn -0 0 -1
vn -0 0 -1
vn -0 0 -1
vn -0 0 -1
vn -0 0 -1
vn -0 0 -1
vn -0 0 -1
vn -0 -1 0
vn -0 -1 0
vn -0 -1 0
vn -0 -1 0
vn -0 -1 0
vn -0 -1 0
vn -0.41380316 -0.9103664 0
vn -0.41380316 -0.9103664 0
vn -0.41380316 -0.9103664 0
vn -0.41380316 -0.9103664 0
vn -0 0 1
vn -0 0 1
vn -0 0 1
vn -0 0 1
vn 0.9647635 0.26311854 0
vn 0.9647635 0.26311854 0
vn 0.9647635 0.26311854 0
vn 0.9647635 0.26311854 0
vn -0 0 1
vn -0 0 1
vn -0 0 1
vn -0 0 1
vn 0.2631171 0.9647638 0
vn 0.2631171 0.9647638 0
vn 0.2631171 0.9647638 0
vn 0.2631171 0.9647638 0
vn -0 0 1
vn -0 0 1
vn -0 0 1
vn -0 0 1
vn -0 0 1
vn -0 0 1
vn -0 0 1
vn -0 0 1
vn -0.91036606 -0.41380402 0
vn -0.91036606 -0.41380402 0
vn -0.91036606 -0.41380402 0
vn -0.91036606 -0.41380402 0
vn -0 0 1
vn -0 0 1
vn -0 0 1
vn -0 0 1
vn -0 0 1
vn -0 0 1
vn -0 0 1
vn -0 0 1
vn -0 0 1
vn -0 0 1
vn -0 0 1
vn -0 0 1
vn -0 0 1
vn -0 0 1
vn -0 0 1
vn -0 0 1
vn -0 0 1
vn -0 0 1
vn -0 0 1
vn -0 0 1
vn -0 0 1
vn -0 0 1
vn -0 0 1
vn -0 0 1
vn -0 0 1
vn -0 0 1
vn -0 0 1
vn -0 0 1
vn -0 0 1
vn -0 0 1
vn -0 0 1
vn -0 0 1
vn -0 0 1
vn -0 0 1
vn -0 0 1
vn -0 0 1
vn -0 0 1
vn -0 0 1
vn -0 0 1
vn -0 0 1
vn -0 0 1
vn -0 0 1
vn -0 0 1
vn -0 0 1
vn -0 0 1
vn -0 0 1
vn -0 0 1
vn -0 0 1
vn 0.9103664 0.41380313 0
vn 0.9103664 0.41380313 0
vn 0.9103664 0.41380313 0
vn 0.9103664 0.41380313 0
vn -0.9647638 0.26311713 0
vn -0.9647638 0.26311713 0
vn -0.9647638 0.26311713 0
vn -0.9647638 0.26311713 0
vn -0.9647637 -0.26311764 0
vn -0.9647637 -0.26311764 0
vn -0.9647637 -0.26311764 0
vn -0.9647637 -0.26311764 0
vn 0.91036654 -0.4138028 0
vn 0.91036654 -0.4138028 0
vn 0.91036654 -0.4138028 0
vn 0.91036654 -0.4138028 0
vn 0.99589324 0.090535715 0
vn 0.99589324 0.090535715 0
vn 0.99589324 0.090535715 0
vn 0.99589324 0.090535715 0
vn -0.9958931 0.09053609 0
vn -0.9958931 0.09053609 0
vn -0.9958931 0.09053609 0
vn -0.9958931 0.09053609 0
vn 0.41380346 -0.91036624 0
vn 0.41380346 -0.91036624 0
vn 0.41380346 -0.91036624 0
vn 0.41380346 -0.91036624 0
vn 0.9647637 -0.26311785 0
vn 0.9647637 -0.26311785 0
vn 0.9647637 -0.26311785 0
vn 0.9647637 -0.26311785 0
vn -0.2631178 0.9647637 0
vn -0.2631178 0.9647637 0
vn -0.2631178 0.9647637 0
vn -0.2631178 0.9647637 0
vn -0.91036624 0.4138034 0
vn -0.91036624 0.4138034 0
vn -0.91036624 0.4138034 0
vn -0.91036624 0.4138034 0
vn 0.09053634 -0.9958931 0
vn 0.09053634 -0.9958931 0
vn 0.09053634 -0.9958931 0
vn 0.09053634 -0.9958931 0
vn 0.090535186 0.99589324 0
vn 0.090535186 0.99589324 0
vn 0.090535186 0.99589324 0
vn 0.090535186 0.99589324 0
vn -0.4138034 0.91036624 0
vn -0.4138034 0.91036624 0
vn -0.4138034 0.91036624 0
vn -0.4138034 0.91036624 0
vn -0.26311675 -0.96476394 0
vn -0.26311675 -0.96476394 0
vn -0.26311675 -0.96476394 0
vn -0.26311675 -0.96476394 0
vn 0.26311764 -0.9647637 0
vn 0.26311764 -0.9647637 0
vn 0.26311764 -0.9647637 0
vn 0.26311764 -0.9647637 0
vn 0.413802 0.91036695 0
vn 0.413802 0.91036695 0
vn 0.413802 0.91036695 0
vn 0.413802 0.91036695 0
vn -0.09053601 0.9958931 0
vn -0.09053601 0.9958931 0
vn -0.09053601 0.9958931 0
vn -0.09053601 0.9958931 0
vn -0.090535544 -0.99589324 0
vn -0.090535544 -0.99589324 0
vn -0.090535544 -0.99589324 0
vn -0.090535544 -0.99589324 0
vn -0 0 1
vn -0 0 1
vn -0 0 1
vn -0 0 1
vn -0 0 1
vn -0 0 1
vn -0 0 1
vn -0 0 1
vn -0 0 1
vn -0 0 1
vn -0 0 1
vn -0 0 1
vn -0 0 1
vn -0 0 1
vn -0 0 1
vn -0 0 1
vn -0 0 1
vn -0 0 1
vn -0 0 1
vn -0 0 1
vn -0 0 1
vn -0 0 1
vn -0 0 1
vn -0 0 1
vn -0 0 1
vn -0 0 1
vn -0 0 1
vn -0 0 1
vn -0 0 1
vn -0 0 1
vn -0 0 1
vn -0 0 1
vn -0 0 1
vn -0 0 1
vn -0 0 1
vn -0 0 1
vn -0 0 1
vn -0 0 1
vn -0 0 1
vn -0 0 1
vn -0 0 1
vn -0 0 1
vn -0 0 1
vn -0 0 1
vn -0 0 1
vn -0 0 1
vn -0 0 1
vn -0 0 1
vn -0 0 1
vn -0 0 1
vn -0 0 1
vn -0 0 1
vn -0 0 1
vn -0 0 1
vn -0 0 1
vn -0 0 1
vn -0 0 1
vn -0 0 1
vn -0 0 1
vn -0 0 1
vn -0 0 1
vn -0 0 1
vn -0 0 1
vn -0 0 1
vn -0 -1 0
vn -0 -1 0
vn -0 -1 0
vn -0 -1 0
vn 1 0 0
vn 1 0 0
vn 1 0 0
vn 1 0 0
vn -0 -1 0
vn -0 -1 0
vn -0 -1 0
vn -0 -1 0
vn -0 -1 0
vn -0 -1 0
vn -0 -1 0
vn -0 -1 0
vn -1 0 0
vn -1 0 0
vn -1 0 0
vn -1 0 0
vn -0 1 0
vn -0 1 0
vn -0 1 0
vn -0 1 0
vn -0 1 0
vn -0 1 0
vn -0 1 0
vn -0 1 0
vn 1 0 0
vn 1 0 0
vn 1 0 0
vn 1 0 0
vn -1 0 0
vn -1 0 0
vn -1 0 0
vn -1 0 0
vn -0 1 0
vn -0 1 0
vn -0 1 0
vn -0 1 0
vn -0 1 0
vn -0 1 0
vn -0 1 0
vn -0 1 0
vn -1 0 0
vn -1 0 0
vn -1 0 0
vn -1 0 0
vn 1 0 0
vn 1 0 0
vn 1 0 0
vn 1 0 0
vn 1 0 0
vn 1 0 0
vn 1 0 0
vn 1 0 0
vn -1 0 0
vn -1 0 0
vn -1 0 0
vn -1 0 0
vn -0 1 0
vn -0 1 0
vn -0 1 0
vn -0 1 0
vn 1 0 0
vn 1 0 0
vn 1 0 0
vn 1 0 0
vn -0 -1 0
vn -0 -1 0
vn -0 -1 0
vn -0 -1 0
vn -0 -1 0
vn -0 -1 0
vn -0 1 0
vn -0 1 0
vn -0 1 0
vn -0 1 0
vn -0 1 0
vn -0 1 0
vn 1 0 0
vn 1 0 0
vn 1 0 0
vn 1 0 0
vn 1 0 0
vn 1 0 0
vn -1 0 0
vn -1 0 0
vn -1 0 0
vn -1 0 0
vn -1 0 0
vn -1 0 0
vn -1 0 0
vn -1 0 0
vn -1 0 0
vn -1 0 0
vn -1 0 0
vn -1 0 0
vn -1 0 0
vn -1 0 0
vn -1 0 0
vn -1 0 0
vn -1 0 0
vn -1 0 0
vn -1 0 0
vn -1 0 0
vn 1 0 0
vn 1 0 0
vn 1 0 0
vn 1 0 0
vn 1 0 0
vn 1 0 0
vn 1 0 0
vn 1 0 0
vn 1 0 0
vn 1 0 0
vn 1 0 0
vn 1 0 0
vn 1 0 0
vn 1 0 0
vn -0 1 0
vn -0 1 0
vn -0 1 0
vn -0 1 0
vn -0 1 0
vn -0 1 0
vn -0 1 0
vn -0 1 0
vn -0 1 0
vn -0 1 0
vn -0 1 0
vn -0 1 0
vn -0 1 0
vn -0 1 0
vn -0 -1 0
vn -0 -1 0
vn -0 -1 0
vn -0 -1 0
vn -0 -1 0
vn -0 -1 0
vn -0 -1 0
vn -0 -1 0
vn -0 -1 0
vn -0 -1 0
vn -0 -1 0
vn -0 -1 0
vn -0 -1 0
vn -0 -1 0
vn -0 0 -1
vn -0 0 -1
vn -0 0 -1
vn -0 0 -1
vn -0 0 -1
vn -0 0 -1
vn -0 0 -1
vn -0 0 -1
vn -0 1 0
vn -0 1 0
vn -0 1 0
vn -0 1 0
vn -0 0 -1
vn -0 0 -1
vn -0 0 -1
vn -0 0 -1
vn -0 0 -1
vn -0 0 -1
vn -0 0 -1
vn -0 0 -1
vn -0 0 -1
vn -0 0 -1
vn 0.7071065 -0.707107 0
vn 0.7071065 -0.707107 0
vn 0.7071065 -0.707107 0
vn 0.7071065 -0.707107 0
vn 0.70710677 -0.70710677 0
vn 0.70710677 -0.70710677 0
vn 0.70710677 -0.70710677 0
vn 0.70710677 -0.70710677 0
vn -1 0 0
vn -1 0 0
vn -1 0 0
vn -1 0 0
vn -0.70710695 0.7071066 0
vn -0.70710695 0.7071066 0
vn -0.70710695 0.7071066 0
vn -0.70710695 0.7071066 0
vn -0 0 -1
vn -0 0 -1
vn -0 0 -1
vn -0 0 -1
vn -0 0 -1
vn -0 0 -1
vn -0 0 -1
vn -0 0 -1
vn -0 0 -1
vn -0 0 -1
vn -0 0 -1
vn -0 0 -1
vn -0 0 -1
vn -0 0 -1
vn -0 0 -1
vn -0 0 -1
vn -0 0 -1
vn -0 0 -1
vn 1 0 0
vn 1 0 0
vn 1 0 0
vn 1 0 0
vn 1 0 0
vn 1 0 0
vn 1 0 0
vn 1 0 0
vn -0.7071066 -0.70710695 0
vn -0.7071066 -0.70710695 0
vn -0.7071066 -0.70710695 0
vn -0.7071066 -0.70710695 0
vn -1 0 0
vn -1 0 0
vn -1 0 0
vn -1 0 0
vn -0.991446 0 0.13051704
vn -0.991446 0 0.13051704
vn -0.991446 0 0.13051704
vn -0.991446 0 0.13051704
vn -0 0.991446 0.13051695
vn -0 0.991446 0.13051695
vn -0 0.991446 0.13051695
vn -0 0.991446 0.13051695
vn 0.991446 0 0.13051707
vn 0.991446 0 0.13051707
vn 0.991446 0 0.13051707
vn 0.991446 0 0.13051707
vn -0 -0.991446 0.13051713
vn -0 -0.991446 0.13051713
vn -0 -0.991446 0.13051713
vn -0 -0.991446 0.13051713
vn -0 0.72898996 -0.6845243
vn -0 0.72898996 -0.6845243
vn -0 0.72898996 -0.6845243
vn -0 0.72898996 -0.6845243
vn 0.7289923 0 -0.684522
vn 0.7289923 0 -0.684522
vn 0.7289923 0 -0.684522
vn 0.7289923 0 -0.684522
vn -0.72899324 0 -0.684521
vn -0.72899324 0 -0.684521
vn -0.72899324 0 -0.684521
vn -0.72899324 0 -0.684521
vn -0 -0.72898656 -0.68452805
vn -0 -0.72898656 -0.68452805
vn -0 -0.72898656 -0.68452805
vn -0 -0.72898656 -0.68452805
vn 0.20739761 0.005205754 -0.9782429
vn 0.12480669 0.12480654 -0.9843001
vn 0.12480666 0.12480658 -0.9843001
vn 0.21652386 0.0080757635 -0.9762439
vn 0.16998136 0.0054331627 -0.9854323
vn 0.17619967 0.0038125168 -0.9843471
vn 0.10620709 -0.014556392 -0.9942374
vn 0.12252831 -0.006659037 -0.99244267
vn 0.027385551 -0.009598958 -0.9995789
vn 0.0374864 -0.01484458 -0.9991868
vn -0.01431689 0.0031597621 -0.9998925
vn -0.013857557 0.0033010938 -0.99989855
vn -0.014316524 -0.003159676 -0.9998926
vn -0.013857149 -0.0033010112 -0.99989855
vn 0.02738619 0.009598941 -0.9995789
vn 0.037487127 0.014844566 -0.9991868
vn 0.10620742 0.014556319 -0.9942374
vn 0.12252857 0.0066589913 -0.99244267
vn 0.16998161 -0.0054331995 -0.9854323
vn 0.17620008 -0.0038125934 -0.984347
vn 0.20739794 -0.0052059405 -0.9782428
vn 0.21652408 -0.008075958 -0.9762439
vn 0.124806784 -0.124807194 -0.98429996
vn 0.1248066 -0.12480736 -0.98429996
vn 0.0052059023 -0.20739865 -0.9782427
vn 0.0080759 -0.21652487 -0.9762437
vn 0.005433108 -0.16998257 -0.9854321
vn 0.00381253 -0.17620094 -0.98434687
vn -0.014556683 -0.10620811 -0.9942373
vn -0.006659278 -0.12252947 -0.9924426
vn -0.00959917 -0.027386315 -0.9995789
vn -0.014844839 -0.037487235 -0.9991868
vn 0.0031596753 0.0143163195 -0.9998926
vn 0.0033010072 0.013856963 -0.99989855
vn -0.0031596709 0.014316317 -0.9998926
vn -0.0033010019 0.013856963 -0.99989855
vn 0.009598949 -0.027386328 -0.9995789
vn 0.014844557 -0.03748728 -0.9991868
vn 0.01455629 -0.1062083 -0.9942373
vn 0.006658984 -0.12252966 -0.9924425
vn -0.0054331417 -0.16998279 -0.9854321
vn -0.0038125133 -0.17620105 -0.98434687
vn -0.0052058143 -0.20739846 -0.9782427
vn -0.008075838 -0.21652457 -0.9762438
vn -0.12480721 -0.12480693 -0.98429996
vn -0.12480698 -0.12480715 -0.98429996
vn -0.20739888 -0.005205911 -0.9782426
vn -0.21652497 -0.00807592 -0.9762437
vn -0.16998239 -0.0054332013 -0.9854321
vn -0.17620096 -0.0038125943 -0.98434687
vn -0.106208 0.014556399 -0.9942373
vn -0.12252917 0.0066590426 -0.9924426
vn -0.027386433 0.009598904 -0.9995789
vn -0.03748742 0.014844559 -0.9991868
vn 0.014316541 -0.0031597626 -0.9998926
vn 0.013857164 -0.0033011015 -0.99989855
vn 0.014316907 0.0031597177 -0.9998925
vn 0.013857573 0.0033010482 -0.99989855
vn -0.027385784 -0.009599071 -0.9995789
vn -0.037486717 -0.0148447 -0.9991868
vn -0.10620799 -0.014556471 -0.9942373
vn -0.122529365 -0.0066590873 -0.9924426
vn -0.16998278 0.005433247 -0.9854321
vn -0.17620112 0.0038126307 -0.98434675
vn -0.20739885 0.0052058734 -0.9782426
vn -0.21652502 0.008075851 -0.9762437
vn -0.12480731 0.12480692 -0.98429996
vn -0.12480731 0.1248069 -0.98429996
vn -0.005205864 0.20739807 -0.9782428
vn -0.008075921 0.21652429 -0.9762438
vn -0.005433236 0.16998191 -0.9854322
vn -0.0038125766 0.17620024 -0.984347
vn 0.014556071 0.10620724 -0.9942374
vn 0.00665879 0.12252858 -0.99244267
vn 0.009598776 0.027385237 -0.9995789
vn 0.014844355 0.037486177 -0.99918693
vn -0.0031597272 -0.014317351 -0.9998925
vn -0.0033010598 -0.013858006 -0.99989855
vn 0.0031597316 -0.014317354 -0.9998925
vn 0.0033010654 -0.013858005 -0.99989855
vn -0.009598802 0.027385276 -0.9995789
vn -0.014844383 0.037486207 -0.99918693
vn -0.014556123 0.1062073 -0.9942374
vn -0.006658799 0.1225287 -0.9924426
vn 0.0054333033 0.169982 -0.9854322
vn 0.003812664 0.17620036 -0.984347
vn 0.005205811 0.20739785 -0.9782428
vn 0.008075765 0.21652396 -0.9762439
vn 0.12480666 0.12480658 -0.9843001
vn 0.12480669 0.12480654 -0.9843001
vn -0 0 1
vn -0 0 1
vn -0 0 1
vn -0 0 1
vn -0 0 1
vn -0 0 1
vn -0 0 1
vn -0 0 1
vn -0 0 1
vn -0 0 1
vn -0 0 1
vn -0 0 1
vn -0 0 1
vn -0 0 1
vn -0 0 1
vn -0 0 1
vn -0 0 1
vn -0 0 1
vn -0 0 1
vn -0 0 1
vn -0 0 1
vn -0 0 1
vn -0 0 1
vn -0 0 1
vn -0 0 1
vn -0 0 1
vn -0 0 1
vn -0 0 1
vn -0 0 1
vn -0 0 1
vn -0 0 1
vn -0 0 1
vn -0 0 1
vn -0 0 1
vn -0 0 1
vn -0 0 1
vn -0 0 1
vn -0 0 1
vn -0 0 1
vn -0 0 1
vn -0 0 1
vn -0 0 1
vn -0 0 1
vn -0 0 1
vn -0 0 1
vn -0 0 1
vn -0 0 1
vn -0 0 1
vn -0 0 1
vn -0 0 1
vn -0 0 1
vn -0 0 1
vn -0 0 1
vn -0 0 1
vn -0 0 1
vn -0 0 1
vn -0 0 1
vn -0 0 1
vn -0 0 1
vn -0 0 1
vn -0 0 1
vn -0 0 1
vn -0 0 1
vn -0 0 1
vn -0 0 1
vn -0 0 1
vn -0 0 1
vn -0 0 1
vn -0 0 1
vn -0 0 1
vn -0 0 1
vn -0 0 1
vn -0 0 1
vn -0 0 1
vn -0 0 1
vn -0 0 1
vn -0 0 1
vn -0 0 1
vn -0 0 1
vn -0 0 1
vn -0 0 1
vn -0 0 1
vn -0 0 1
vn -0 0 1
vn -0 0 1
vn -0 0 1
vn -0 0 1
vn -0 0 1
vn -0 0 1
vn -0 0 1
vn -0 0.47477412 0.88010764
vn -0 0.47477415 0.88010764
vn -0 0.47477412 0.88010764
vn -0 0.47477412 0.88010764
vn -0 0.47477406 0.88010764
vn -0 0.47477412 0.88010764
vn 0.1324902 0.5836518 0.80112225
vn 0.060107954 0.5262792 0.84818465
vn 0.09500544 0.7234776 0.6837792
vn 0.12607911 0.70289606 0.7000295
vn -0 0.77846235 0.6276914
vn -0 0.77846235 0.6276914
vn -0 0.77846235 0.6276914
vn -0 0.77846235 0.6276914
vn -0.09500546 0.7234779 0.68377906
vn -0.12607919 0.7028963 0.70002925
vn -0.1324903 0.5836521 0.801122
vn -0.06010792 0.52627933 0.8481845
vn -0 0.47477406 0.88010764
vn -0 0.47477412 0.88010764
vn -0 0.47477412 0.88010764
vn -0 0.47477412 0.88010764
vn -0 0.47477412 0.88010764
vn -0 0.47477412 0.88010764
vn -0 -0.47477987 0.88010454
vn -0 -0.47478 0.88010454
vn -0 -0.47477987 0.88010454
vn -0 -0.47477993 0.88010454
vn -0 -0.47477987 0.88010454
vn -0 -0.47478 0.88010454
vn -0.13249233 -0.5836603 0.8011158
vn -0.060108505 -0.526286 0.84818035
vn -0.095006526 -0.72348833 0.6837678
vn -0.12608075 -0.7029063 0.7000188
vn -0 -0.77847344 0.6276776
vn -0 -0.77847344 0.6276776
vn -0 -0.77847344 0.6276775
vn -0 -0.77847344 0.6276775
vn 0.095006585 -0.7234884 0.6837677
vn 0.12608078 -0.7029064 0.7000188
vn 0.13249235 -0.5836603 0.8011158
vn 0.060108572 -0.52628624 0.84818035
vn -0 -0.47477987 0.88010454
vn -0 -0.47477987 0.8801046
vn -0 -0.47477987 0.8801046
vn -0 -0.47477993 0.88010454
vn -0 -0.47478005 0.88010454
vn -0 -0.47478005 0.88010454
vn -0.47477716 0 0.8801061
vn -0.474777 0 0.8801062
vn -0.47477716 0 0.8801061
vn -0.4747771 0 0.8801061
vn -0.4747771 0 0.8801061
vn -0.47477707 0 0.8801062
vn -0.58365494 0.1324906 0.80111986
vn -0.5262827 0.06010852 0.8481824
vn -0.7234824 0.09500651 0.6837741
vn -0.7029012 0.12607904 0.7000243
vn -0.7784683 0 0.6276839
vn -0.7784683 0 0.6276839
vn -0.7784682 0 0.6276841
vn -0.7784682 0 0.6276841
vn -0.7234843 -0.09500542 0.6837721
vn -0.70290184 -0.1260808 0.70002323
vn -0.5836576 -0.13249199 0.80111784
vn -0.5262829 -0.0601079 0.8481824
vn -0.47477707 0 0.8801062
vn -0.474777 0 0.8801062
vn -0.474777 0 0.8801062
vn -0.4747771 0 0.8801061
vn -0.47477716 0 0.8801061
vn -0.47477716 0 0.8801061
vn 0.4747767 0 0.8801063
vn 0.4747767 0 0.8801063
vn 0.4747767 0 0.8801063
vn 0.4747767 0 0.8801063
vn 0.4747767 0 0.8801063
vn 0.4747767 0 0.8801063
vn 0.583657 -0.13249211 0.80111814
vn 0.52628255 -0.060108 0.84818256
vn 0.7234839 -0.09500557 0.68377256
vn 0.7029014 -0.126081 0.7000238
vn 0.77846783 0 0.6276845
vn 0.77846783 0 0.62768453
vn 0.77846795 0 0.6276844
vn 0.7784679 0 0.6276844
vn 0.7234819 0.09500664 0.6837746
vn 0.7029007 0.12607923 0.7000248
vn 0.58365446 0.13249075 0.80112016
vn 0.52628237 0.060108595 0.8481827
vn 0.47477672 0 0.8801063
vn 0.47477672 0 0.8801063
vn 0.47477672 0 0.8801063
vn 0.47477677 0 0.8801063
vn 0.47477686 0 0.8801062
vn 0.47477686 0 0.8801062
vn -0 0.44099 -0.897512
vn -0 0.44098958 -0.89751214
vn -0 0.44099 -0.897512
vn -0 0.44098914 -0.89751256
vn -0 0.44098896 -0.89751256
vn -0 0.44098914 -0.89751244
vn -0 0.44098943 -0.89751226
vn -0 0.44098952 -0.89751226
vn -0 0.44098988 -0.89751214
vn -0 0.44098994 -0.897512
vn -0 0.44098982 -0.89751214
vn -0 0.44098982 -0.89751214
vn -0 0.44098935 -0.8975123
vn -0 0.44098938 -0.8975123
vn -0 0.4409896 -0.89751214
vn -0 0.4409895 -0.89751226
vn -0 0.4409896 -0.89751214
vn -0 0.44098967 -0.89751214
vn -0 0.44098955 -0.89751226
vn -0 0.4409895 -0.89751226
vn -0 0.44098935 -0.8975123
vn -0 0.44098952 -0.89751226
vn -0 0.4409893 -0.89751244
vn -0 0.4409893 -0.89751244
vn -0 0.99963725 0.026932646
vn -0 0.99963725 0.026932813
vn -0 0.99963725 0.026932646
vn -0 0.99963725 0.02693281
vn -0 0.99963725 0.026933143
vn -0 0.99963725 0.026933143
vn -0 0.99963725 0.026932886
vn -0 0.99963725 0.026932891
vn -0 0.99963725 0.026932316
vn -0 0.99963725 0.026932316
vn -0 0.99963725 0.026932694
vn -0 0.99963725 0.02693269
vn -0 0.99963725 0.02693354
vn -0 0.99963725 0.02693354
vn -0 0.99963725 0.026933502
vn -0 0.99963725 0.0269335
vn -0 0.99963725 0.026933089
vn -0 0.99963725 0.026933089
vn -0 0.99963725 0.026933195
vn -0 0.99963725 0.026933199
vn -0 0.99963725 0.026932806
vn -0 0.99963725 0.026932789
vn -0 0.99963725 0.02693224
vn -0 0.99963725 0.02693224
vn -0 -0.44099042 -0.8975118
vn -0 -0.44099045 -0.8975118
vn -0 -0.44099042 -0.8975118
vn -0 -0.4409905 -0.8975118
vn -0 -0.4409904 -0.89751184
vn -0 -0.4409902 -0.89751196
vn -0 -0.44099 -0.897512
vn -0 -0.44099 -0.897512
vn -0 -0.4409902 -0.89751184
vn -0 -0.4409904 -0.89751184
vn -0 -0.44099057 -0.8975118
vn -0 -0.4409905 -0.8975118
vn -0 -0.44098994 -0.897512
vn -0 -0.44099 -0.897512
vn -0 -0.4409903 -0.89751184
vn -0 -0.44099012 -0.89751196
vn -0 -0.4409901 -0.89751196
vn -0 -0.4409904 -0.89751184
vn -0 -0.44098997 -0.897512
vn -0 -0.44098985 -0.89751214
vn -0 -0.44099048 -0.8975118
vn -0 -0.44099024 -0.89751184
vn -0 -0.4409907 -0.8975118
vn -0 -0.4409907 -0.8975118
vn -0 -0.9996375 0.026926052
vn -0 -0.9996375 0.026925527
vn -0 -0.9996375 0.026926052
vn -0 -0.9996375 0.026925541
vn -0 -0.9996375 0.026925232
vn -0 -0.9996375 0.026925229
vn -0 -0.9996375 0.026925342
vn -0 -0.9996375 0.026925344
vn -0 -0.9996375 0.026925351
vn -0 -0.9996375 0.026925351
vn -0 -0.9996375 0.026925784
vn -0 -0.9996375 0.026925784
vn -0 -0.9996375 0.026925744
vn -0 -0.9996375 0.026925744
vn -0 -0.9996375 0.026925344
vn -0 -0.9996375 0.026925344
vn -0 -0.9996375 0.026925614
vn -0 -0.9996375 0.026925622
vn -0 -0.9996375 0.026925422
vn -0 -0.9996375 0.026925413
vn -0 -0.9996375 0.026924906
vn -0 -0.9996375 0.026924908
vn -0 -0.9996375 0.026924912
vn -0 -0.9996375 0.026924912
vn -0.44098896 0 -0.89751256
vn -0.44098896 0 -0.89751256
vn -0.44098896 0 -0.89751256
vn -0.440989 0 -0.89751256
vn -0.44098902 0 -0.89751256
vn -0.4409891 0 -0.89751256
vn -0.44098896 0 -0.89751256
vn -0.4409888 0 -0.8975126
vn -0.440988 0 -0.89751303
vn -0.44098774 0 -0.8975131
vn -0.44098797 0 -0.89751303
vn -0.44098806 0 -0.89751303
vn -0.44098884 0 -0.8975126
vn -0.44098884 0 -0.8975126
vn -0.44098884 0 -0.8975126
vn -0.4409888 0 -0.8975126
vn -0.44098857 0 -0.89751273
vn -0.44098866 0 -0.8975126
vn -0.44098872 0 -0.8975126
vn -0.44098857 0 -0.89751273
vn -0.4409888 0 -0.8975126
vn -0.44098884 0 -0.8975126
vn -0.44098884 0 -0.8975126
vn -0.44098884 0 -0.8975126
vn -0.99963737 0 0.02692911
vn -0.99963737 0 0.026929265
vn -0.99963737 0 0.02692911
vn -0.99963737 0 0.02692926
vn -0.99963737 0 0.026929412
vn -0.99963737 0 0.02692941
vn -0.99963737 0 0.026929416
vn -0.99963737 0 0.026929416
vn -0.99963737 0 0.026929421
vn -0.99963737 0 0.026929423
vn -0.99963737 0 0.026929423
vn -0.99963737 0 0.026929421
vn -0.99963737 0 0.02692942
vn -0.99963737 0 0.026929421
vn -0.99963737 0 0.026929421
vn -0.99963737 0 0.02692942
vn -0.99963737 0 0.02692942
vn -0.99963737 0 0.02692942
vn -0.99963737 0 0.026929423
vn -0.99963737 0 0.026929423
vn -0.99963737 0 0.026929423
vn -0.99963737 0 0.026929423
vn -0.99963737 0 0.026929418
vn -0.99963737 0 0.026929418
vn 0.44099 0 -0.897512
vn 0.44099 0 -0.897512
vn 0.44099 0 -0.897512
vn 0.44099006 0 -0.89751196
vn 0.44099 0 -0.897512
vn 0.44098985 0 -0.897512
vn 0.44098976 0 -0.89751214
vn 0.44098976 0 -0.89751214
vn 0.44098976 0 -0.89751214
vn 0.44098976 0 -0.89751214
vn 0.4409897 0 -0.89751214
vn 0.44098967 0 -0.89751214
vn 0.44098902 0 -0.89751256
vn 0.4409891 0 -0.89751256
vn 0.44098914 0 -0.89751256
vn 0.4409889 0 -0.8975126
vn 0.44098976 0 -0.89751214
vn 0.44098967 0 -0.89751214
vn 0.44098943 0 -0.89751226
vn 0.44098964 0 -0.89751214
vn 0.44098955 0 -0.89751226
vn 0.44098938 0 -0.8975123
vn 0.44098967 0 -0.89751214
vn 0.44098967 0 -0.89751214
vn 0.99963725 0 0.026931224
vn 0.99963725 0 0.026931236
vn 0.99963725 0 0.026931224
vn 0.99963725 0 0.026931234
vn 0.99963725 0 0.026931247
vn 0.99963725 0 0.026931247
vn 0.99963725 0 0.02693125
vn 0.99963725 0 0.02693125
vn 0.99963725 0 0.026931262
vn 0.99963725 0 0.026931262
vn 0.99963725 0 0.026931258
vn 0.99963725 0 0.026931258
vn 0.99963725 0 0.026931247
vn 0.99963725 0 0.026931247
vn 0.99963725 0 0.026931236
vn 0.99963725 0 0.02693124
vn 0.99963725 0 0.026931232
vn 0.99963725 0 0.026931232
vn 0.99963725 0 0.026931241
vn 0.99963725 0 0.02693124
vn 0.99963725 0 0.02693125
vn 0.99963725 0 0.02693125
vn 0.99963725 0 0.026931252
vn 0.99963725 0 0.026931252
vn -0 0.509756 0.86031896
vn -0 0.50975597 0.86031896
vn -0 0.509756 0.86031896
vn -0 0.50975597 0.86031896
vn -0 0.50975645 0.8603188
vn -0 0.50975627 0.8603189
vn -0 0.50975585 0.86031914
vn -0 0.5097562 0.86031896
vn -0 0.50975543 0.8603193
vn -0 0.50975543 0.8603194
vn -0 0.5097559 0.8603191
vn -0 0.5097559 0.8603191
vn -0 0.5097562 0.8603189
vn -0 0.50975627 0.8603189
vn -0 0.5097562 0.8603189
vn -0 0.5097562 0.8603189
vn -0 0.50975615 0.86031896
vn -0 0.50975615 0.86031896
vn -0 0.50975627 0.8603189
vn -0 0.5097563 0.8603189
vn -0 0.50975627 0.8603189
vn -0 0.50975597 0.86031896
vn -0 0.5097559 0.8603191
vn -0 0.5097559 0.8603191
vn -0 -0.50975776 0.8603179
vn -0 -0.5097579 0.8603179
vn -0 -0.50975776 0.8603179
vn -0 -0.50975776 0.8603179
vn -0 -0.5097577 0.860318
vn -0 -0.50975776 0.8603179
vn -0 -0.50975734 0.86031824
vn -0 -0.5097574 0.8603182
vn -0 -0.5097575 0.86031806
vn -0 -0.5097574 0.8603182
vn -0 -0.5097575 0.8603182
vn -0 -0.5097575 0.8603182
vn -0 -0.5097572 0.86031836
vn -0 -0.5097572 0.86031836
vn -0 -0.5097576 0.86031806
vn -0 -0.5097577 0.860318
vn -0 -0.50975776 0.8603179
vn -0 -0.5097577 0.860318
vn -0 -0.50975734 0.86031824
vn -0 -0.5097572 0.86031836
vn -0 -0.5097574 0.8603182
vn -0 -0.50975794 0.8603179
vn -0 -0.50975835 0.86031765
vn -0 -0.50975835 0.86031765
vn -0.5097548 0 0.86031973
vn -0.5097557 0 0.8603192
vn -0.5097548 0 0.86031973
vn -0.50975513 0 0.8603195
vn -0.5097556 0 0.8603192
vn -0.5097559 0 0.86031914
vn -0.50975645 0 0.8603188
vn -0.50975597 0 0.86031896
vn -0.5097562 0 0.8603189
vn -0.50975645 0 0.8603188
vn -0.50975645 0 0.8603188
vn -0.5097563 0 0.8603188
vn -0.5097569 0 0.8603184
vn -0.5097569 0 0.8603184
vn -0.5097566 0 0.8603186
vn -0.5097566 0 0.8603186
vn -0.5097562 0 0.86031896
vn -0.5097559 0 0.8603191
vn -0.5097559 0 0.8603191
vn -0.5097563 0 0.8603189
vn -0.5097564 0 0.8603188
vn -0.50975597 0 0.8603191
vn -0.5097556 0 0.8603192
vn -0.5097556 0 0.8603192
vn 0.5097557 0 0.8603192
vn 0.50975645 0 0.8603187
vn 0.5097557 0 0.8603192
vn 0.50975597 0 0.86031896
vn 0.5097569 0 0.8603184
vn 0.50975686 0 0.86031854
vn 0.5097572 0 0.86031836
vn 0.5097571 0 0.86031836
vn 0.5097577 0 0.860318
vn 0.5097577 0 0.860318
vn 0.5097574 0 0.8603182
vn 0.5097575 0 0.8603182
vn 0.5097565 0 0.8603187
vn 0.50975645 0 0.8603188
vn 0.5097569 0 0.86031854
vn 0.5097572 0 0.86031836
vn 0.5097572 0 0.86031824
vn 0.5097569 0 0.86031854
vn 0.509757 0 0.8603184
vn 0.5097577 0 0.860318
vn 0.5097581 0 0.8603178
vn 0.5097576 0 0.86031806
vn 0.5097572 0 0.86031824
vn 0.5097572 0 0.86031824
vn -0.9998733 0 0.01591614
vn -0.9998733 0 0.015916135
vn -0.9998733 0 0.015916135
vn -0.9998733 0 0.01591614
vn -0.9998733 0 0.01591614
vn -0.9998733 0 0.01591614
vn -0.9998733 0 0.015916139
vn -0.9998733 0 0.015916139
vn -0.9998733 0 0.015916137
vn -0.9998733 0 0.015916137
vn -0.9998733 0 0.01591614
vn -0.9998733 0 0.01591614
vn -0.9998733 0 0.015916143
vn -0.9998733 0 0.015916143
vn -0.9998733 0 0.015916135
vn -0.9998733 0 0.015916137
vn -0.9998733 0 0.015916137
vn -0.9998733 0 0.015916137
vn -0.9998733 0 0.015916139
vn -0.9998733 0 0.01591614
vn -0.9998733 0 0.015916256
vn -0.9998733 0 0.015916254
vn -0.9998733 0 0.015916377
vn -0.9998733 0 0.015916377
vn -0 0.9998733 0.015919238
vn -0 0.9998733 0.01591971
vn -0 0.9998733 0.01591971
vn -0 0.9998733 0.01591923
vn -0 0.9998733 0.015919209
vn -0 0.9998733 0.015919216
vn -0 0.9998733 0.015919222
vn -0 0.9998733 0.015919218
vn -0 0.9998733 0.015919225
vn -0 0.9998733 0.015919227
vn -0 0.9998733 0.01591968
vn -0 0.9998733 0.01591968
vn -0 0.9998733 0.015919138
vn -0 0.9998733 0.015919138
vn -0 0.9998733 0.015918488
vn -0 0.9998733 0.015918488
vn -0 0.9998733 0.015919048
vn -0 0.9998733 0.015919043
vn -0 0.9998733 0.015919652
vn -0 0.9998733 0.015919652
vn -0 0.9998733 0.01591912
vn -0 0.9998733 0.015919127
vn -0 0.9998733 0.015918652
vn -0 0.9998733 0.015918652
vn 0.9998733 0 0.015918044
vn 0.9998733 0 0.015918039
vn 0.9998733 0 0.015918039
vn 0.9998733 0 0.015918044
vn 0.9998733 0 0.015918054
vn 0.9998733 0 0.015918054
vn 0.9998733 0 0.015918046
vn 0.9998733 0 0.015918048
vn 0.9998733 0 0.015918043
vn 0.9998733 0 0.015918043
vn 0.9998733 0 0.015918052
vn 0.9998733 0 0.015918052
vn 0.9998733 0 0.015918052
vn 0.9998733 0 0.015918052
vn 0.9998733 0 0.015918044
vn 0.9998733 0 0.015918044
vn 0.9998733 0 0.015918046
vn 0.9998733 0 0.015918046
vn 0.9998733 0 0.015918048
vn 0.9998733 0 0.015918048
vn 0.9998733 0 0.015918048
vn 0.9998733 0 0.015918046
vn 0.9998733 0 0.015918048
vn 0.9998733 0 0.015918048
vn -0 -0.9998734 0.015914924
vn -0 -0.9998734 0.015914736
vn -0 -0.9998734 0.015914736
vn -0 -0.9998734 0.015914928
vn -0 -0.9998734 0.015915247
vn -0 -0.9998734 0.015915247
vn -0 -0.9998734 0.015915155
vn -0 -0.9998734 0.015915152
vn -0 -0.9998734 0.015915152
vn -0 -0.9998734 0.015915152
vn -0 -0.9998734 0.015915371
vn -0 -0.9998734 0.015915371
vn -0 -0.9998734 0.01591543
vn -0 -0.9998734 0.015915427
vn -0 -0.9998734 0.015915707
vn -0 -0.9998734 0.015915707
vn -0 -0.9998734 0.015915437
vn -0 -0.9998734 0.01591544
vn -0 -0.9998734 0.01591472
vn -0 -0.9998734 0.015914723
vn -0 -0.9998734 0.015914777
vn -0 -0.9998734 0.015914772
vn -0 -0.9998734 0.015915057
vn -0 -0.9998734 0.015915057
vn -0 0 1
vn -0 0 1
vn -0 0 1
vn -0 0 1
vn -0 0 1
vn -0 0 1
vn -0 0 1
vn -0 0 1
vn -0 0 1
vn -0 0 1
vn -0 0 1
vn -0 0 1
vn -0 0 1
vn -0 0 1
vn -0 0 1
vn -0 0 1
vn -0 0 1
vn -0 0 1
vn -0 0 1
vn -0 0 1
vn -1 0 0
vn -1 0 0
vn -1 0 0
vn -1 0 0
vn -1 0 0
vn -1 0 0
vn -1 0 0
vn -1 0 0
vn -1 0 0
vn -1 0 0
vn -1 0 0
vn -1 0 0
vn -1 0 0
vn -1 0 0
vn -1 0 0
vn -1 0 0
vn 1 0 0
vn 1 0 0
vn 1 0 0
vn 1 0 0
vn 1 0 0
vn 1 0 0
vn 1 0 0
vn 1 0 0
vn 1 0 0
vn 1 0 0
vn 1 0 0
vn 1 0 0
vn 1 0 0
vn 1 0 0
vn 1 0 0
vn 1 0 0
vn 1 0 0
vn 1 0 0
vn 1 0 0
vn 1 0 0
vn 1 0 0
vn 1 0 0
vn 1 0 0
vn 1 0 0
vn 1 0 0
vn 1 0 0
vn 1 0 0
vn 1 0 0
vn -0.94851404 0 -0.3167351
vn -0.94851404 0 -0.3167351
vn -0.94851404 0 -0.3167351
vn -0.94851404 0 -0.31673506
vn -0.94851404 0 -0.31673512
vn -0.94851404 0 -0.31673512
vn -0.96072656 -0.18596014 -0.20596923
vn -0.9619264 -0.14574651 -0.23120475
vn -0.98479027 -0.17189814 -0.025281496
vn -0.98571104 -0.16689241 -0.022816367
vn -0.99829835 0 0.058313984
vn -0.99829835 0 0.05831399
vn -0.99829835 0 0.05831399
vn -0.99829835 0 0.05831399
vn -0.98479027 0.1718983 -0.025281705
vn -0.98571104 0.16689236 -0.022816466
vn -0.96072656 0.18596011 -0.20596947
vn -0.9619263 0.14574665 -0.23120481
vn -0.94851404 0 -0.31673515
vn -0.94851404 0 -0.31673515
vn -0.94851404 0 -0.3167351
vn -0.94851404 0 -0.3167351
vn -0.94851404 0 -0.3167351
vn -0.94851404 0 -0.3167351
vn -0 0.94851387 -0.3167358
vn -0 0.94851387 -0.31673568
vn -0 0.94851387 -0.31673568
vn -0 0.94851387 -0.31673574
vn -0 0.94851375 -0.31673592
vn -0 0.94851387 -0.3167359
vn -0.18596007 0.96072644 -0.20597008
vn -0.14574647 0.96192616 -0.23120558
vn -0.17189813 0.98479027 -0.025282167
vn -0.16689233 0.98571104 -0.02281699
vn -0 0.99829835 0.058313545
vn -0 0.99829835 0.05831355
vn -0 0.99829835 0.058313336
vn -0 0.99829835 0.05831334
vn 0.17189828 0.98479027 -0.025282554
vn 0.16689242 0.98571104 -0.02281737
vn 0.18596013 0.9607263 -0.20597018
vn 0.14574659 0.96192616 -0.2312056
vn -0 0.94851375 -0.31673595
vn -0 0.94851375 -0.316736
vn -0 0.94851375 -0.316736
vn -0 0.94851375 -0.31673598
vn -0 0.94851387 -0.3167359
vn -0 0.94851387 -0.3167359
vn 0.94851387 0 -0.31673574
vn 0.94851387 0 -0.31673574
vn 0.94851387 0 -0.31673574
vn 0.94851387 0 -0.31673574
vn 0.94851387 0 -0.31673574
vn 0.94851387 0 -0.31673574
vn 0.96072644 0.18596008 -0.20596999
vn 0.96192616 0.14574663 -0.23120533
vn 0.98479027 0.1718983 -0.025282165
vn 0.98571104 0.16689238 -0.02281693
vn 0.99829835 0 0.058313537
vn 0.99829835 0 0.058313537
vn 0.99829835 0 0.05831353
vn 0.99829835 0 0.05831353
vn 0.98479027 -0.17189817 -0.025281982
vn 0.98571104 -0.16689248 -0.022816857
vn 0.96072644 -0.18596019 -0.20596974
vn 0.96192616 -0.1457465 -0.23120527
vn 0.94851387 0 -0.31673566
vn 0.94851387 0 -0.31673566
vn 0.94851387 0 -0.31673568
vn 0.94851387 0 -0.31673574
vn 0.94851387 0 -0.3167358
vn 0.94851387 0 -0.3167358
vn -0 -0.94851416 -0.31673488
vn -0 -0.94851416 -0.31673494
vn -0 -0.94851416 -0.31673494
vn -0 -0.94851416 -0.3167349
vn -0 -0.94851416 -0.31673488
vn -0 -0.94851416 -0.31673485
vn 0.18596001 -0.9607267 -0.205969
vn 0.14574653 -0.9619264 -0.2312044
vn 0.17189814 -0.98479027 -0.025281284
vn 0.16689228 -0.98571104 -0.022816084
vn -0 -0.99829835 0.058314353
vn -0 -0.99829835 0.05831436
vn -0 -0.99829835 0.058314465
vn -0 -0.99829835 0.058314465
vn -0.1718981 -0.98479027 -0.025281146
vn -0.16689226 -0.98571104 -0.022815956
vn -0.18596005 -0.9607267 -0.20596898
vn -0.14574644 -0.9619264 -0.23120448
vn -0 -0.94851416 -0.31673494
vn -0 -0.94851416 -0.3167349
vn -0 -0.94851416 -0.3167349
vn -0 -0.94851416 -0.31673494
vn -0 -0.94851416 -0.31673497
vn -0 -0.94851416 -0.31673497
vn -0.0046750763 0.954165 -0.2992445
vn -0.0020669212 0.9559837 -0.29341236
vn -0.0046750763 0.954165 -0.2992445
vn -0.0025968172 0.95561767 -0.2945983
vn 0.022300765 0.9566304 -0.29044962
vn 0.01680434 0.9568634 -0.2900519
vn 0.038969804 0.9557455 -0.2916021
vn 0.038969804 0.9557455 -0.2916021
vn -0.5454026 0.83526564 -0.06976701
vn -0.5454026 0.83526564 -0.06976701
vn -0.5454026 0.83526564 -0.06976701
vn -0.5454026 0.83526564 -0.06976701
vn 0.00400318 0.9980336 0.062552825
vn 0.0079453895 0.998073 0.061539833
vn 0.0079453895 0.998073 0.061539833
vn 0.0039587123 0.9980331 0.06256425
vn -0.0040031816 0.9980336 0.06255304
vn -0.0039587133 0.9980331 0.062564455
vn -0.007945392 0.998073 0.06154026
vn -0.007945392 0.998073 0.06154026
vn 0.5454031 0.8352652 -0.069766335
vn 0.5454031 0.8352652 -0.069766335
vn 0.5454031 0.8352652 -0.069766335
vn 0.5454031 0.8352652 -0.069766335
vn 0.0025968084 0.9556176 -0.29459873
vn 0.0046750177 0.9541645 -0.29924592
vn 0.0046750177 0.9541645 -0.29924592
vn 0.0020669298 0.9559837 -0.29341248
vn -0.016804328 0.9568635 -0.29005143
vn -0.02230073 0.9566304 -0.29044935
vn -0.03896982 0.9557455 -0.29160234
vn -0.03896982 0.9557455 -0.29160234
vn 0.0046749674 -0.95416504 -0.2992441
vn 0.0020669072 -0.95598423 -0.29341066
vn 0.0046749674 -0.95416504 -0.2992441
vn 0.002596781 -0.955618 -0.29459685
vn -0.022300733 -0.9566312 -0.29044685
vn -0.016804326 -0.9568643 -0.2900491
vn -0.038969822 -0.9557464 -0.29159936
vn -0.038969822 -0.9557464 -0.29159936
vn 0.5454027 -0.83526546 -0.06976713
vn 0.5454027 -0.83526546 -0.06976713
vn 0.5454027 -0.83526546 -0.06976713
vn 0.5454027 -0.83526546 -0.06976713
vn -0.0040033488 -0.99803334 0.06255676
vn -0.007945723 -0.99807274 0.06154425
vn -0.007945723 -0.99807274 0.06154425
vn -0.003958878 -0.99803287 0.06256817
vn 0.0040033436 -0.99803334 0.062556475
vn 0.0039588744 -0.99803287 0.062567905
vn 0.0079457145 -0.99807274 0.061543696
vn 0.0079457145 -0.99807274 0.061543696
vn -0.5454022 -0.8352658 -0.06976714
vn -0.5454022 -0.8352658 -0.06976714
vn -0.5454022 -0.8352658 -0.06976714
vn -0.5454022 -0.8352658 -0.06976714
vn -0.0025967844 -0.9556179 -0.29459772
vn -0.0046749692 -0.95416516 -0.2992439
vn -0.0046749692 -0.95416516 -0.2992439
vn -0.002066906 -0.95598394 -0.29341176
vn 0.01680429 -0.95686364 -0.29005107
vn 0.022300722 -0.95663065 -0.29044876
vn 0.03896977 -0.95574594 -0.29160106
vn 0.03896977 -0.95574594 -0.29160106
vn -0.9541657 -0.0046744603 -0.29924223
vn -0.95598423 -0.0020666802 -0.29341066
vn -0.9541657 -0.0046744603 -0.29924223
vn -0.95561814 -0.002596501 -0.29459652
vn -0.9566305 0.02230085 -0.29044902
vn -0.95686364 0.016804386 -0.2900511
vn -0.95574564 0.038969994 -0.291602
vn -0.95574564 0.038969994 -0.291602
vn -0.8352659 -0.54540247 -0.06976344
vn -0.8352659 -0.54540247 -0.06976344
vn -0.8352659 -0.54540247 -0.06976344
vn -0.8352659 -0.54540247 -0.06976344
vn -0.99803334 0.0040028887 0.06255747
vn -0.9980726 0.007944813 0.061545707
vn -0.9980726 0.007944813 0.061545707
vn -0.99803275 0.0039584264 0.062568866
vn -0.99803334 -0.004003067 0.06255746
vn -0.99803275 -0.003958597 0.062568866
vn -0.9980726 -0.007945162 0.061545704
vn -0.9980726 -0.007945162 0.061545704
vn -0.83526564 0.54540265 -0.06976462
vn -0.83526564 0.54540265 -0.06976462
vn -0.83526564 0.54540265 -0.06976462
vn -0.83526564 0.54540265 -0.06976462
vn -0.95561826 0.002596499 -0.29459652
vn -0.9541657 0.0046744603 -0.2992423
vn -0.9541657 0.0046744603 -0.2992423
vn -0.95598423 0.002066683 -0.2934107
vn -0.95686364 -0.016804239 -0.2900511
vn -0.95663065 -0.02230064 -0.290449
vn -0.95574564 -0.038969636 -0.29160196
vn -0.95574564 -0.038969636 -0.29160196
vn 0.95416504 0.004675362 -0.29924434
vn 0.9559835 0.0020670819 -0.29341304
vn 0.95416504 0.004675362 -0.29924434
vn 0.9556175 0.0025969986 -0.2945988
vn 0.9566301 -0.022301283 -0.29045063
vn 0.95686305 -0.016804734 -0.29005295
vn 0.9557453 -0.038970776 -0.2916029
vn 0.9557453 -0.038970776 -0.2916029
vn 0.8352654 0.54540294 -0.06976565
vn 0.8352654 0.54540294 -0.06976565
vn 0.8352654 0.54540294 -0.06976565
vn 0.8352654 0.54540294 -0.06976565
vn 0.99803346 -0.0040035974 0.062555455
vn 0.99807274 -0.007946216 0.06154372
vn 0.99807274 -0.007946216 0.06154372
vn 0.99803287 -0.003959121 0.06256686
vn 0.99803346 0.0040035974 0.06255547
vn 0.99803287 0.0039591272 0.06256687
vn 0.99807274 0.00794622 0.06154373
vn 0.99807274 0.00794622 0.06154373
vn 0.83526564 -0.54540277 -0.06976501
vn 0.83526564 -0.54540277 -0.06976501
vn 0.83526564 -0.54540277 -0.06976501
vn 0.83526564 -0.54540277 -0.06976501
vn 0.9556175 -0.0025970014 -0.29459885
vn 0.95416504 -0.004675362 -0.2992444
vn 0.95416504 -0.004675362 -0.2992444
vn 0.9559835 -0.0020670795 -0.29341307
vn 0.956863 0.016804544 -0.29005304
vn 0.95663 0.022301052 -0.2904508
vn 0.95574516 0.03897035 -0.29160324
vn 0.95574516 0.03897035 -0.29160324
vn -0.9268416 0.024477277 -0.3746539
vn -0.9268416 0.024477277 -0.3746539
vn -0.9048328 0.012210614 -0.42559195
vn -0.90492374 0.012258279 -0.425397
vn -0.8716586 0.003882232 -0.49009812
vn -0.8716536 0.003884487 -0.490107
vn -0.78287345 -0.2030049 -0.58813107
vn -0.7749445 -0.21854606 -0.593042
vn -0.664838 -0.20650576 -0.7178759
vn -0.66472584 -0.21393257 -0.71580184
vn -0.63964885 0.004060157 -0.76865655
vn -0.63968384 0.0040721255 -0.7686272
vn -0.63964957 -0.00406023 -0.768656
vn -0.6396846 -0.0040721986 -0.7686267
vn -0.6648398 0.20650685 -0.71787393
vn -0.6647276 0.21393266 -0.7158002
vn -0.7828745 0.20300585 -0.5881293
vn -0.7749457 0.21854673 -0.59304005
vn -0.87165886 -0.0038821348 -0.4900977
vn -0.8716539 -0.0038843898 -0.49010655
vn -0.9048324 -0.012210655 -0.42559272
vn -0.9049235 -0.012258321 -0.4253978
vn -0.9268409 -0.024477363 -0.3746557
vn -0.9268409 -0.024477363 -0.3746557
vn 0.02447714 0.9268413 -0.3746548
vn 0.02447714 0.9268413 -0.3746548
vn 0.012210543 0.9048332 -0.42559105
vn 0.012258208 0.9049243 -0.42539608
vn 0.003881986 0.87166 -0.4900958
vn 0.003884241 0.871655 -0.49010462
vn -0.20300724 0.7828763 -0.58812654
vn -0.21854813 0.7749475 -0.59303707
vn -0.2065078 0.66484493 -0.71786886
vn -0.21393427 0.66473275 -0.71579504
vn 0.0040602856 0.6396561 -0.7686505
vn 0.004072255 0.6396911 -0.76862127
vn -0.0040602856 0.6396561 -0.7686505
vn -0.004072255 0.6396911 -0.76862127
vn 0.20650789 0.66484475 -0.717869
vn 0.21393433 0.6647325 -0.71579516
vn 0.20300733 0.78287625 -0.58812654
vn 0.21854827 0.77494746 -0.5930372
vn -0.0038819844 0.87166 -0.4900958
vn -0.0038842396 0.871655 -0.49010462
vn -0.0122105405 0.9048332 -0.42559108
vn -0.0122582065 0.9049243 -0.42539614
vn -0.024477132 0.9268413 -0.37465468
vn -0.024477132 0.9268413 -0.37465468
vn 0.026578955 -0.92669016 0.3748852
vn 0.026578955 -0.92669016 0.3748852
vn 0.013254793 -0.9047557 0.42572457
vn 0.013310882 -0.90485406 0.4255138
vn 0.010746487 -0.85806376 0.5134307
vn 0.010790304 -0.8579701 0.5135862
vn -0.17324285 -0.73841405 0.6517144
vn -0.14702068 -0.7540834 0.64011174
vn -0.16850212 -0.6424738 0.7475522
vn -0.16206564 -0.64284694 0.74865377
vn 0.002705077 -0.6353468 0.7722223
vn 0.0027084774 -0.63535637 0.77221435
vn -0.002705077 -0.6353468 0.7722222
vn -0.0027084772 -0.6353563 0.77221435
vn 0.16850209 -0.6424735 0.7475526
vn 0.16206567 -0.64284676 0.74865407
vn 0.17324282 -0.73841316 0.6517154
vn 0.1470206 -0.7540825 0.6401129
vn -0.010746538 -0.85806334 0.51343143
vn -0.010790355 -0.8579697 0.51358706
vn -0.0132548055 -0.90475607 0.42572388
vn -0.0133108925 -0.90485436 0.42551306
vn -0.026578976 -0.9266907 0.3748839
vn -0.026578976 -0.9266907 0.3748839
vn 0.926841 -0.024477066 -0.37465546
vn 0.926841 -0.024477066 -0.37465546
vn 0.9048326 -0.012210509 -0.4255925
vn 0.90492356 -0.012258172 -0.4253975
vn 0.87165904 -0.003882178 -0.4900973
vn 0.8716541 -0.003884433 -0.49010623
vn 0.78287464 0.20300622 -0.58812904
vn 0.7749457 0.2185472 -0.5930398
vn 0.66484034 0.20650704 -0.7178733
vn 0.6647282 0.21393298 -0.7157997
vn 0.6396505 -0.0040604686 -0.76865524
vn 0.6396855 -0.004072437 -0.768626
vn 0.6396495 0.0040603573 -0.7686561
vn 0.6396845 0.0040723267 -0.76862675
vn 0.6648386 -0.20650598 -0.7178752
vn 0.66472656 -0.21393289 -0.71580124
vn 0.78287405 -0.20300522 -0.5881301
vn 0.77494496 -0.21854651 -0.593041
vn 0.871659 0.00388227 -0.4900976
vn 0.8716539 0.0038845253 -0.49010643
vn 0.9048329 0.01221066 -0.42559186
vn 0.904924 0.012258326 -0.42539686
vn 0.9268416 0.02447737 -0.3746539
vn 0.9268416 0.02447737 -0.3746539
vn -0.02447766 -0.92683995 -0.37465793
vn -0.02447766 -0.92683995 -0.37465793
vn -0.012210802 -0.90483123 -0.42559522
vn -0.012258471 -0.9049223 -0.42540026
vn -0.003882186 -0.87165755 -0.4901001
vn -0.0038844408 -0.87165254 -0.4901089
vn 0.20300436 -0.78287184 -0.5881335
vn 0.21854536 -0.7749427 -0.5930445
vn 0.20650513 -0.66483444 -0.7178794
vn 0.21393138 -0.66472226 -0.71580565
vn -0.00406035 -0.63964313 -0.76866126
vn -0.00407232 -0.6396782 -0.76863205
vn 0.00406035 -0.63964313 -0.76866126
vn 0.00407232 -0.6396782 -0.7686321
vn -0.20650446 -0.6648341 -0.71787995
vn -0.21393076 -0.6647219 -0.71580607
vn -0.20300375 -0.7828715 -0.5881341
vn -0.21854478 -0.7749424 -0.5930452
vn 0.0038821877 -0.8716576 -0.49009994
vn 0.0038844426 -0.87165266 -0.49010882
vn 0.012210805 -0.90483135 -0.42559505
vn 0.012258474 -0.9049224 -0.4254001
vn 0.024477668 -0.92683995 -0.37465802
vn 0.024477668 -0.92683995 -0.37465802
vn -0.9266897 -0.026579212 0.37488645
vn -0.9266897 -0.026579212 0.37488645
vn -0.9047547 -0.013254922 0.4257265
vn -0.9048531 -0.013311013 0.42551577
vn -0.85806155 -0.010747002 0.51343435
vn -0.8579679 -0.010790824 0.51359
vn -0.7384087 0.17324126 0.65172076
vn -0.7540787 0.14701872 0.6401178
vn -0.6424672 0.16850089 0.74755824
vn -0.64284045 0.1620642 0.74865973
vn -0.6353402 -0.002705069 0.77222764
vn -0.6353498 -0.0027084695 0.7722197
vn -0.6353408 0.002705159 0.77222717
vn -0.6353504 0.0027085596 0.7722193
vn -0.6424694 -0.16850094 0.74755627
vn -0.64284253 -0.16206469 0.7486577
vn -0.73841107 -0.17324182 0.65171796
vn -0.7540806 -0.14701982 0.6401153
vn -0.85806215 0.010746494 0.5134333
vn -0.8579685 0.010790311 0.5135889
vn -0.9047548 0.013254834 0.42572656
vn -0.9048531 0.013310924 0.42551577
vn -0.9266897 0.026579037 0.37488645
vn -0.9266897 0.026579037 0.37488645
vn 0.01331094 0.9048521 0.42551795
vn 0.026579069 0.92668873 0.37488863
vn 0.026579069 0.92668873 0.37488863
vn 0.013254851 0.90475374 0.4257287
vn 0.010790697 0.85796654 0.5135923
vn 0.010746876 0.8580602 0.5134367
vn -0.14701715 0.75407624 0.6401211
vn -0.17323937 0.7384062 0.65172416
vn -0.1620626 0.6428361 0.7486638
vn -0.16849895 0.64246297 0.74756235
vn 0.0027084197 0.63534427 0.77222425
vn 0.00270502 0.63533473 0.7722322
vn -0.0027084202 0.63534427 0.77222425
vn -0.0027050197 0.63533473 0.7722322
vn 0.16206269 0.64283615 0.7486637
vn 0.16849905 0.64246315 0.7475622
vn 0.14701723 0.7540758 0.6401215
vn 0.1732393 0.73840594 0.6517245
vn -0.010790788 0.8579659 0.5135934
vn -0.010746965 0.85805947 0.51343775
vn -0.013310945 0.90485185 0.42551857
vn -0.013254855 0.90475345 0.4257293
vn -0.026579075 0.92668873 0.3748887
vn -0.026579075 0.92668873 0.3748887
vn 0.9048531 -0.013310887 0.42551577
vn 0.9266897 -0.026578961 0.37488645
vn 0.9266897 -0.026578961 0.37488645
vn 0.9047548 -0.013254799 0.42572656
vn 0.85796773 -0.010790789 0.5135902
vn 0.8580614 -0.010746967 0.51343465
vn 0.754078 0.14701813 0.64011866
vn 0.73840797 0.17324053 0.6517218
vn 0.64283913 0.16206364 0.748661
vn 0.642466 0.16850044 0.7475594
vn 0.6353491 -0.002708294 0.7722204
vn 0.6353395 -0.002704894 0.77222824
vn 0.6353504 0.002708671 0.7722193
vn 0.6353408 0.00270527 0.77222717
vn 0.64284265 -0.16206463 0.74865764
vn 0.64246947 -0.16850084 0.74755627
vn 0.7540807 -0.1470197 0.6401152
vn 0.7384112 -0.17324173 0.65171796
vn 0.8579685 0.010790436 0.5135889
vn 0.85806215 0.01074662 0.5134333
vn 0.9048531 0.013310798 0.42551577
vn 0.9047548 0.01325471 0.42572656
vn 0.9266897 0.026578786 0.37488645
vn 0.9266897 0.026578786 0.37488645
vn -0.46878135 0.008475378 0.88327354
vn -0.46612138 0.012210121 0.8846366
vn -0.46612138 0.012210121 0.8846366
vn -0.4720857 0.0038146062 0.8815444
vn -0.47273672 -0.0025031618 0.8812002
vn -0.4708305 -0.0048350925 0.88221043
vn -0.5267612 -0.10739709 0.84320134
vn -0.61209947 -0.28573346 0.73735386
vn -0.7258408 -0.23495677 0.64649093
vn -0.74633604 -0.16846861 0.6438951
vn -0.7805033 0.0034523534 0.6251421
vn -0.7803778 0.0032387157 0.6252999
vn -0.78050333 -0.003452123 0.62514204
vn -0.7803779 -0.003238593 0.6252997
vn -0.7258384 0.23495312 0.6464949
vn -0.7463331 0.16847019 0.64389807
vn -0.5267605 0.10739836 0.8432016
vn -0.6120946 0.28572977 0.7373592
vn -0.4727366 0.0025032414 0.88120025
vn -0.4708305 0.0048351754 0.88221043
vn -0.46878147 -0.0084754545 0.88327354
vn -0.4720857 -0.003814689 0.8815445
vn -0.46612152 -0.012210281 0.8846365
vn -0.46612152 -0.012210281 0.8846365
vn 0.008475298 0.46877795 0.88327545
vn 0.012210045 0.46611795 0.88463837
vn 0.012210045 0.46611795 0.88463837
vn 0.0038146083 0.47208202 0.8815463
vn -0.0025032195 0.47273314 0.88120204
vn -0.0048351525 0.47082722 0.88221216
vn -0.10739739 0.52675754 0.84320354
vn -0.28572983 0.6120933 0.73736036
vn -0.23495366 0.7258358 0.64649755
vn -0.16846788 0.746331 0.64390117
vn 0.0034524864 0.78049874 0.6251478
vn 0.0032388875 0.7803732 0.62530565
vn -0.003452479 0.78049797 0.62514865
vn -0.0032388829 0.78037256 0.6253064
vn 0.23495358 0.7258349 0.6464987
vn 0.16846791 0.74632984 0.6439024
vn 0.107397504 0.5267575 0.84320366
vn 0.28572962 0.61209273 0.7373608
vn 0.002503218 0.47273314 0.88120204
vn 0.0048351474 0.47082722 0.88221216
vn -0.008475395 0.46877778 0.8832755
vn -0.0038146568 0.472082 0.88154644
vn -0.012210187 0.46611774 0.88463837
vn -0.012210187 0.46611774 0.88463837
vn 0.46878088 -0.008475446 0.88327384
vn 0.46612102 -0.012210271 0.88463676
vn 0.46612102 -0.012210271 0.88463676
vn 0.47208503 -0.0038146873 0.88154477
vn 0.47273603 0.0025031848 0.88120055
vn 0.47083008 0.0048350636 0.8822107
vn 0.52676016 0.107398205 0.8432019
vn 0.6120943 0.28572974 0.73735964
vn 0.7258381 0.234953 0.6464953
vn 0.7463328 0.16846995 0.6438984
vn 0.7805033 -0.0034523015 0.62514216
vn 0.7803779 -0.0032387606 0.6252998
vn 0.7805035 0.0034521713 0.6251419
vn 0.78037804 0.0032385453 0.62529975
vn 0.72584105 -0.23495711 0.6464905
vn 0.74633634 -0.16846886 0.6438946
vn 0.52676094 -0.107397236 0.8432015
vn 0.6120996 -0.28573373 0.7373537
vn 0.47273603 -0.0025032156 0.88120043
vn 0.47082993 -0.0048351944 0.8822108
vn 0.46878073 0.00847548 0.88327396
vn 0.47208497 0.0038146537 0.88154477
vn 0.46612075 0.0122102685 0.8846369
vn 0.46612075 0.0122102685 0.8846369
vn -0.008475504 -0.46878323 0.8832725
vn -0.012210315 -0.46612298 0.8846356
vn -0.012210315 -0.46612298 0.8846356
vn -0.0038146756 -0.47208786 0.8815433
vn 0.0025032377 -0.47273907 0.8811989
vn 0.004835217 -0.47083288 0.8822092
vn 0.10739821 -0.5267637 0.84319955
vn 0.28573352 -0.61210096 0.73735255
vn 0.23495585 -0.7258446 0.646487
vn 0.16847034 -0.74633956 0.6438905
vn -0.003452527 -0.7805086 0.62513566
vn -0.0032389257 -0.7803831 0.6252934
vn 0.0034525334 -0.78050905 0.62513494
vn 0.003238929 -0.7803836 0.6252927
vn -0.23495574 -0.725845 0.64648646
vn -0.16847016 -0.74634016 0.64388984
vn -0.107397966 -0.52676415 0.8431993
vn -0.2857334 -0.61210114 0.73735243
vn -0.0025031846 -0.4727393 0.88119876
vn -0.0048351167 -0.47083333 0.88220894
vn 0.008475512 -0.46878353 0.88327247
vn 0.0038146751 -0.472088 0.88154316
vn 0.0122103235 -0.46612328 0.88463557
vn 0.0122103235 -0.46612328 0.88463557
vn -0 0 1
vn -0 0 1
vn -0 0 1
vn -0 0 1
vn -0 0 1
vn -0 0 1
vn -0 0 1
vn -0 0 1
vn -0 0 1
vn -0 0 1
vn -0 0 1
vn -0 0 1
vn -0 0 1
vn -0 0 1
vn -0 0 1
vn -0 0 1
vn -0 0 1
vn -0 0 1
vn -0 0 1
vn -0 0 1
vn -0 0 1
vn -0 0 1
vn -0 0 1
vn -0 0 1
vn -0 0 1
vn -0 0 1
vn -0 0 1
vn -0 0 1
vn -0 0 1
vn -0 0 1
vn -0 0 1
vn -0 0 1
vn -0 0 1
vn -0 0 1
vn -0 0 1
vn -0 0 1
vn -0 0 1
vn -0 0 1
vn -0 0 1
vn -0 0 1
vn -0 0 1
vn -0 0 1
vn -0 0 1
vn -0 0 1
vn -0 0 1
vn -0 0 1
vn -0 0 1
vn -0 0 1
vn -0 0 1
vn -0 0 1
vn -0 0 1
vn -0 0 1
vn -0 0 1
vn -0 0 1
vn -0 0 1
vn -0 0 1
vn -0 0 1
vn -0 0 1
vn -0 0 1
vn -0 0 1
vn -0 0 1
vn -0 0 1
vn -0 0 1
vn -0 0 1
vn -0 0 1
vn -0 0 1
vn -0 0 1
vn -0 0 1
vn -0 0 1
vn -0 0 1
vn -0 0 1
vn -0 0 1
vn -0 0 1
vn -0 0 1
vn -0 0 1
vn -0 0 1
vn -0 0 1
vn -0 0 1
vn -0 0 1
vn -0 0 1
vn -0 0 1
vn -0 0 1
vn -0 0 1
vn -0 0 1
vn -0 0 1
vn -0 0 1
vn -0 0 1
vn -0 0 1
vn -0 0 1
vn -0 0 1
vn -0 0 1
vn -0 0 1
vn -0 0 1
vn -0 0 1
vn -0 0 1
vn -0 0 1
vn -0 0 1
vn -0 0 1
vn -0 0 1
vn -0 0 1
vn -0 0 1
vn -0 0 1
vn -0 0 1
vn -0 0 1
vn -0 0 1
vn -0 0 1
vn -0 0 1
vn -0 0 1
g Iron Castle Main_0
f 3/3/3 2/2/2 1/1/1
f 6/6/6 5/5/5 4/4/4
f 9/9/9 8/8/8 7/7/7
f 12/12/12 11/11/11 10/10/10
f 15/15/15 14/14/14 13/13/13
f 16/16/16 15/15/15 13/13/13
f 16/16/16 13/13/13 17/17/17
f 18/18/18 16/16/16 17/17/17
f 18/18/18 17/17/17 19/19/19
f 20/20/20 18/18/18 19/19/19
f 20/20/20 19/19/19 21/21/21
f 22/22/22 20/20/20 21/21/21
f 22/22/22 21/21/21 23/23/23
f 22/22/22 24/24/24 20/20/20
f 24/24/24 25/25/25 20/20/20
f 26/26/26 22/22/22 23/23/23
f 26/26/26 23/23/23 27/27/27
f 28/28/28 26/26/26 27/27/27
f 28/28/28 27/27/27 29/29/29
f 28/28/28 30/30/30 26/26/26
f 30/30/30 31/31/31 26/26/26
f 32/32/32 28/28/28 29/29/29
f 32/32/32 29/29/29 33/33/33
f 34/34/34 32/32/32 33/33/33
f 34/34/34 33/33/33 35/35/35
f 34/34/34 36/36/36 32/32/32
f 36/36/36 37/37/37 32/32/32
f 38/38/38 34/34/34 35/35/35
f 38/38/38 35/35/35 39/39/39
f 40/40/40 38/38/38 39/39/39
f 40/40/40 39/39/39 41/41/41
f 42/42/42 40/40/40 41/41/41
f 45/45/45 44/44/44 43/43/43
f 46/46/46 45/45/45 43/43/43
f 46/46/46 43/43/43 47/47/47
f 48/48/48 46/46/46 47/47/47
f 48/48/48 47/47/47 49/49/49
f 50/50/50 48/48/48 49/49/49
f 50/50/50 49/49/49 51/51/51
f 52/52/52 50/50/50 51/51/51
f 52/52/52 51/51/51 53/53/53
f 52/52/52 54/54/54 50/50/50
f 54/54/54 55/55/55 50/50/50
f 56/56/56 52/52/52 53/53/53
f 56/56/56 53/53/53 57/57/57
f 58/58/58 56/56/56 57/57/57
f 58/58/58 57/57/57 59/59/59
f 58/58/58 60/60/60 56/56/56
f 60/60/60 61/61/61 56/56/56
f 62/62/62 58/58/58 59/59/59
f 62/62/62 59/59/59 63/63/63
f 64/64/64 62/62/62 63/63/63
f 64/64/64 63/63/63 65/65/65
f 64/64/64 66/66/66 62/62/62
f 66/66/66 67/67/67 62/62/62
f 68/68/68 64/64/64 65/65/65
f 68/68/68 65/65/65 69/69/69
f 70/70/70 68/68/68 69/69/69
f 70/70/70 69/69/69 71/71/71
f 72/72/72 70/70/70 71/71/71
f 75/75/75 74/74/74 73/73/73
f 76/76/76 75/75/75 73/73/73
f 76/76/76 73/73/73 77/77/77
f 78/78/78 76/76/76 77/77/77
f 78/78/78 77/77/77 79/79/79
f 80/80/80 78/78/78 79/79/79
f 80/80/80 79/79/79 81/81/81
f 82/82/82 80/80/80 81/81/81
f 82/82/82 81/81/81 83/83/83
f 82/82/82 84/84/84 80/80/80
f 84/84/84 85/85/85 80/80/80
f 86/86/86 82/82/82 83/83/83
f 86/86/86 83/83/83 87/87/87
f 88/88/88 86/86/86 87/87/87
f 88/88/88 87/87/87 89/89/89
f 88/88/88 90/90/90 86/86/86
f 90/90/90 91/91/91 86/86/86
f 92/92/92 88/88/88 89/89/89
f 92/92/92 89/89/89 93/93/93
f 94/94/94 92/92/92 93/93/93
f 94/94/94 93/93/93 95/95/95
f 94/94/94 96/96/96 92/92/92
f 96/96/96 97/97/97 92/92/92
f 98/98/98 94/94/94 95/95/95
f 98/98/98 95/95/95 99/99/99
f 100/100/100 98/98/98 99/99/99
f 100/100/100 99/99/99 101/101/101
f 102/102/102 100/100/100 101/101/101
f 105/105/105 104/104/104 103/103/103
f 106/106/106 105/105/105 103/103/103
f 106/106/106 103/103/103 107/107/107
f 108/108/108 106/106/106 107/107/107
f 108/108/108 107/107/107 109/109/109
f 110/110/110 108/108/108 109/109/109
f 110/110/110 109/109/109 111/111/111
f 112/112/112 110/110/110 111/111/111
f 112/112/112 111/111/111 113/113/113
f 112/112/112 114/114/114 110/110/110
f 114/114/114 115/115/115 110/110/110
f 116/116/116 112/112/112 113/113/113
f 116/116/116 113/113/113 117/117/117
f 118/118/118 116/116/116 117/117/117
f 118/118/118 117/117/117 119/119/119
f 118/118/118 120/120/120 116/116/116
f 120/120/120 121/121/121 116/116/116
f 122/122/122 118/118/118 119/119/119
f 122/122/122 119/119/119 123/123/123
f 124/124/124 122/122/122 123/123/123
f 124/124/124 123/123/123 125/125/125
f 124/124/124 126/126/126 122/122/122
f 126/126/126 127/127/127 122/122/122
f 128/128/128 124/124/124 125/125/125
f 128/128/128 125/125/125 129/129/129
f 130/130/130 128/128/128 129/129/129
f 130/130/130 129/129/129 131/131/131
f 132/132/132 130/130/130 131/131/131
f 135/135/135 134/134/134 133/133/133
f 134/134/134 136/136/136 133/133/133
f 133/133/133 136/136/136 137/137/137
f 136/136/136 138/138/138 137/137/137
f 137/137/137 138/138/138 139/139/139
f 138/138/138 140/140/140 139/139/139
f 139/139/139 140/140/140 141/141/141
f 140/140/140 142/142/142 141/141/141
f 141/141/141 143/143/143 139/139/139
f 143/143/143 144/144/144 139/139/139
f 141/141/141 142/142/142 145/145/145
f 142/142/142 146/146/146 145/145/145
f 145/145/145 146/146/146 147/147/147
f 146/146/146 148/148/148 147/147/147
f 147/147/147 149/149/149 145/145/145
f 149/149/149 150/150/150 145/145/145
f 147/147/147 148/148/148 151/151/151
f 148/148/148 152/152/152 151/151/151
f 151/151/151 152/152/152 153/153/153
f 152/152/152 154/154/154 153/153/153
f 153/153/153 155/155/155 151/151/151
f 155/155/155 156/156/156 151/151/151
f 153/153/153 154/154/154 157/157/157
f 154/154/154 158/158/158 157/157/157
f 157/157/157 158/158/158 159/159/159
f 158/158/158 160/160/160 159/159/159
f 159/159/159 160/160/160 161/161/161
f 160/160/160 162/162/162 161/161/161
f 165/165/165 164/164/164 163/163/163
f 166/166/166 165/165/165 163/163/163
f 169/169/169 168/168/168 167/167/167
f 168/168/168 170/170/170 167/167/167
f 167/167/167 170/170/170 171/171/171
f 170/170/170 172/172/172 171/171/171
f 171/171/171 172/172/172 173/173/173
f 172/172/172 174/174/174 173/173/173
f 173/173/173 174/174/174 175/175/175
f 174/174/174 176/176/176 175/175/175
f 175/175/175 177/177/177 173/173/173
f 177/177/177 178/178/178 173/173/173
f 175/175/175 176/176/176 179/179/179
f 176/176/176 180/180/180 179/179/179
f 179/179/179 180/180/180 181/181/181
f 180/180/180 182/182/182 181/181/181
f 181/181/181 183/183/183 179/179/179
f 183/183/183 184/184/184 179/179/179
f 181/181/181 182/182/182 185/185/185
f 182/182/182 186/186/186 185/185/185
f 185/185/185 186/186/186 187/187/187
f 186/186/186 188/188/188 187/187/187
f 187/187/187 189/189/189 185/185/185
f 189/189/189 190/190/190 185/185/185
f 187/187/187 188/188/188 191/191/191
f 188/188/188 192/192/192 191/191/191
f 191/191/191 192/192/192 193/193/193
f 192/192/192 194/194/194 193/193/193
f 193/193/193 194/194/194 195/195/195
f 194/194/194 196/196/196 195/195/195
f 199/199/199 198/198/198 197/197/197
f 198/198/198 200/200/200 197/197/197
f 197/197/197 200/200/200 201/201/201
f 200/200/200 202/202/202 201/201/201
f 201/201/201 202/202/202 203/203/203
f 202/202/202 204/204/204 203/203/203
f 203/203/203 204/204/204 205/205/205
f 204/204/204 206/206/206 205/205/205
f 205/205/205 207/207/207 203/203/203
f 207/207/207 208/208/208 203/203/203
f 205/205/205 206/206/206 209/209/209
f 206/206/206 210/210/210 209/209/209
f 209/209/209 210/210/210 211/211/211
f 210/210/210 212/212/212 211/211/211
f 211/211/211 213/213/213 209/209/209
f 213/213/213 214/214/214 209/209/209
f 211/211/211 212/212/212 215/215/215
f 212/212/212 216/216/216 215/215/215
f 215/215/215 216/216/216 217/217/217
f 216/216/216 218/218/218 217/217/217
f 217/217/217 219/219/219 215/215/215
f 219/219/219 220/220/220 215/215/215
f 217/217/217 218/218/218 221/221/221
f 218/218/218 222/222/222 221/221/221
f 221/221/221 222/222/222 223/223/223
f 222/222/222 224/224/224 223/223/223
f 223/223/223 224/224/224 225/225/225
f 224/224/224 226/226/226 225/225/225
f 229/229/229 228/228/228 227/227/227
f 228/228/228 230/230/230 227/227/227
f 227/227/227 230/230/230 231/231/231
f 230/230/230 232/232/232 231/231/231
f 231/231/231 232/232/232 233/233/233
f 232/232/232 234/234/234 233/233/233
f 233/233/233 234/234/234 235/235/235
f 234/234/234 236/236/236 235/235/235
f 235/235/235 237/237/237 233/233/233
f 237/237/237 238/238/238 233/233/233
f 235/235/235 236/236/236 239/239/239
f 236/236/236 240/240/240 239/239/239
f 239/239/239 240/240/240 241/241/241
f 240/240/240 242/242/242 241/241/241
f 241/241/241 243/243/243 239/239/239
f 243/243/243 244/244/244 239/239/239
f 241/241/241 242/242/242 245/245/245
f 242/242/242 246/246/246 245/245/245
f 245/245/245 246/246/246 247/247/247
f 246/246/246 248/248/248 247/247/247
f 247/247/247 249/249/249 245/245/245
f 249/249/249 250/250/250 245/245/245
f 247/247/247 248/248/248 251/251/251
f 248/248/248 252/252/252 251/251/251
f 251/251/251 252/252/252 253/253/253
f 252/252/252 254/254/254 253/253/253
f 253/253/253 254/254/254 255/255/255
f 254/254/254 256/256/256 255/255/255
f 259/259/259 258/258/258 257/257/257
f 258/258/258 260/260/260 257/257/257
f 258/258/258 261/261/261 260/260/260
f 257/257/257 260/260/260 262/262/262
f 261/261/261 263/263/263 260/260/260
f 260/260/260 264/264/264 262/262/262
f 260/260/260 263/263/263 264/264/264
f 263/263/263 265/265/265 264/264/264
f 262/262/262 264/264/264 266/266/266
f 264/264/264 267/267/267 266/266/266
f 266/266/266 267/267/267 268/268/268
f 267/267/267 269/269/269 268/268/268
f 268/268/268 269/269/269 270/270/270
f 269/269/269 271/271/271 270/270/270
f 269/269/269 272/272/272 271/271/271
f 270/270/270 271/271/271 273/273/273
f 272/272/272 274/274/274 271/271/271
f 271/271/271 275/275/275 273/273/273
f 271/271/271 274/274/274 275/275/275
f 273/273/273 275/275/275 276/276/276
f 274/274/274 277/277/277 275/275/275
f 275/275/275 278/278/278 276/276/276
f 275/275/275 277/277/277 278/278/278
f 277/277/277 279/279/279 278/278/278
f 276/276/276 278/278/278 280/280/280
f 278/278/278 281/281/281 280/280/280
f 280/280/280 281/281/281 282/282/282
f 281/281/281 283/283/283 282/282/282
f 282/282/282 283/283/283 284/284/284
f 283/283/283 285/285/285 284/284/284
f 284/284/284 285/285/285 286/286/286
f 283/283/283 287/287/287 285/285/285
f 285/285/285 288/288/288 286/286/286
f 287/287/287 289/289/289 285/285/285
f 285/285/285 289/289/289 288/288/288
f 289/289/289 290/290/290 288/288/288
f 293/293/293 292/292/292 291/291/291
f 294/294/294 293/293/293 291/291/291
f 295/295/295 293/293/293 294/294/294
f 296/296/296 295/295/295 294/294/294
f 297/297/297 295/295/295 296/296/296
f 298/298/298 297/297/297 296/296/296
f 299/299/299 297/297/297 298/298/298
f 300/300/300 299/299/299 298/298/298
f 303/303/303 302/302/302 301/301/301
f 304/304/304 303/303/303 301/301/301
f 307/307/307 306/306/306 305/305/305
f 308/308/308 307/307/307 305/305/305
f 311/311/311 310/310/310 309/309/309
f 310/310/310 312/312/312 309/309/309
f 310/310/310 313/313/313 312/312/312
f 309/309/309 312/312/312 314/314/314
f 313/313/313 315/315/315 312/312/312
f 312/312/312 316/316/316 314/314/314
f 312/312/312 315/315/315 316/316/316
f 315/315/315 317/317/317 316/316/316
f 314/314/314 316/316/316 318/318/318
f 316/316/316 319/319/319 318/318/318
f 318/318/318 319/319/319 320/320/320
f 319/319/319 321/321/321 320/320/320
f 320/320/320 321/321/321 322/322/322
f 321/321/321 323/323/323 322/322/322
f 321/321/321 324/324/324 323/323/323
f 322/322/322 323/323/323 325/325/325
f 324/324/324 326/326/326 323/323/323
f 323/323/323 327/327/327 325/325/325
f 323/323/323 326/326/326 327/327/327
f 325/325/325 327/327/327 328/328/328
f 326/326/326 329/329/329 327/327/327
f 327/327/327 330/330/330 328/328/328
f 327/327/327 329/329/329 330/330/330
f 329/329/329 331/331/331 330/330/330
f 328/328/328 330/330/330 332/332/332
f 330/330/330 333/333/333 332/332/332
f 332/332/332 333/333/333 334/334/334
f 333/333/333 335/335/335 334/334/334
f 334/334/334 335/335/335 336/336/336
f 335/335/335 337/337/337 336/336/336
f 336/336/336 337/337/337 338/338/338
f 335/335/335 339/339/339 337/337/337
f 337/337/337 340/340/340 338/338/338
f 339/339/339 341/341/341 337/337/337
f 337/337/337 341/341/341 340/340/340
f 341/341/341 342/342/342 340/340/340
f 345/345/345 344/344/344 343/343/343
f 344/344/344 346/346/346 343/343/343
f 344/344/344 347/347/347 346/346/346
f 343/343/343 346/346/346 348/348/348
f 347/347/347 349/349/349 346/346/346
f 346/346/346 350/350/350 348/348/348
f 346/346/346 349/349/349 350/350/350
f 349/349/349 351/351/351 350/350/350
f 348/348/348 350/350/350 352/352/352
f 350/350/350 353/353/353 352/352/352
f 352/352/352 353/353/353 354/354/354
f 353/353/353 355/355/355 354/354/354
f 354/354/354 355/355/355 356/356/356
f 355/355/355 357/357/357 356/356/356
f 355/355/355 358/358/358 357/357/357
f 356/356/356 357/357/357 359/359/359
f 358/358/358 360/360/360 357/357/357
f 357/357/357 361/361/361 359/359/359
f 357/357/357 360/360/360 361/361/361
f 359/359/359 361/361/361 362/362/362
f 360/360/360 363/363/363 361/361/361
f 361/361/361 364/364/364 362/362/362
f 361/361/361 363/363/363 364/364/364
f 363/363/363 365/365/365 364/364/364
f 362/362/362 364/364/364 366/366/366
f 364/364/364 367/367/367 366/366/366
f 366/366/366 367/367/367 368/368/368
f 367/367/367 369/369/369 368/368/368
f 368/368/368 369/369/369 370/370/370
f 369/369/369 371/371/371 370/370/370
f 370/370/370 371/371/371 372/372/372
f 369/369/369 373/373/373 371/371/371
f 371/371/371 374/374/374 372/372/372
f 373/373/373 375/375/375 371/371/371
f 371/371/371 375/375/375 374/374/374
f 375/375/375 376/376/376 374/374/374
f 379/379/379 378/378/378 377/377/377
f 378/378/378 380/380/380 377/377/377
f 378/378/378 381/381/381 380/380/380
f 377/377/377 380/380/380 382/382/382
f 381/381/381 383/383/383 380/380/380
f 380/380/380 384/384/384 382/382/382
f 380/380/380 383/383/383 384/384/384
f 383/383/383 385/385/385 384/384/384
f 382/382/382 384/384/384 386/386/386
f 384/384/384 387/387/387 386/386/386
f 386/386/386 387/387/387 388/388/388
f 387/387/387 389/389/389 388/388/388
f 388/388/388 389/389/389 390/390/390
f 389/389/389 391/391/391 390/390/390
f 389/389/389 392/392/392 391/391/391
f 390/390/390 391/391/391 393/393/393
f 392/392/392 394/394/394 391/391/391
f 391/391/391 395/395/395 393/393/393
f 391/391/391 394/394/394 395/395/395
f 393/393/393 395/395/395 396/396/396
f 394/394/394 397/397/397 395/395/395
f 395/395/395 398/398/398 396/396/396
f 395/395/395 397/397/397 398/398/398
f 397/397/397 399/399/399 398/398/398
f 396/396/396 398/398/398 400/400/400
f 398/398/398 401/401/401 400/400/400
f 400/400/400 401/401/401 402/402/402
f 401/401/401 403/403/403 402/402/402
f 402/402/402 403/403/403 404/404/404
f 403/403/403 405/405/405 404/404/404
f 404/404/404 405/405/405 406/406/406
f 403/403/403 407/407/407 405/405/405
f 405/405/405 408/408/408 406/406/406
f 407/407/407 409/409/409 405/405/405
f 405/405/405 409/409/409 408/408/408
f 409/409/409 410/410/410 408/408/408
f 413/413/413 412/412/412 411/411/411
f 414/414/414 413/413/413 411/411/411
f 414/414/414 415/415/415 413/413/413
f 415/415/415 416/416/416 413/413/413
f 414/414/414 411/411/411 417/417/417
f 418/418/418 414/414/414 417/417/417
f 417/417/417 411/411/411 419/419/419
f 411/411/411 420/420/420 419/419/419
f 420/420/420 421/421/421 419/419/419
f 421/421/421 422/422/422 419/419/419
f 419/419/419 422/422/422 423/423/423
f 424/424/424 419/419/419 423/423/423
f 423/423/423 425/425/425 424/424/424
f 425/425/425 426/426/426 424/424/424
f 427/427/427 424/424/424 426/426/426
f 418/418/418 417/417/417 427/427/427
f 428/428/428 427/427/427 426/426/426
f 429/429/429 418/418/418 427/427/427
f 429/429/429 427/427/427 428/428/428
f 429/429/429 430/430/430 418/418/418
f 430/430/430 431/431/431 418/418/418
f 432/432/432 429/429/429 428/428/428
f 432/432/432 428/428/428 433/433/433
f 434/434/434 432/432/432 433/433/433
f 434/434/434 435/435/435 432/432/432
f 435/435/435 436/436/436 432/432/432
f 439/439/439 438/438/438 437/437/437
f 440/440/440 439/439/439 437/437/437
f 440/440/440 441/441/441 439/439/439
f 441/441/441 442/442/442 439/439/439
f 440/440/440 437/437/437 443/443/443
f 444/444/444 440/440/440 443/443/443
f 443/443/443 437/437/437 445/445/445
f 437/437/437 446/446/446 445/445/445
f 444/444/444 443/443/443 447/447/447
f 448/448/448 445/445/445 446/446/446
f 449/449/449 448/448/448 446/446/446
f 448/448/448 450/450/450 445/445/445
f 450/450/450 451/451/451 445/445/445
f 450/450/450 452/452/452 451/451/451
f 452/452/452 453/453/453 451/451/451
f 447/447/447 451/451/451 453/453/453
f 454/454/454 447/447/447 453/453/453
f 455/455/455 444/444/444 447/447/447
f 455/455/455 447/447/447 454/454/454
f 455/455/455 456/456/456 444/444/444
f 456/456/456 457/457/457 444/444/444
f 458/458/458 455/455/455 454/454/454
f 458/458/458 454/454/454 459/459/459
f 460/460/460 458/458/458 459/459/459
f 460/460/460 461/461/461 458/458/458
f 461/461/461 462/462/462 458/458/458
f 465/465/465 464/464/464 463/463/463
f 466/466/466 465/465/465 463/463/463
f 466/466/466 467/467/467 465/465/465
f 467/467/467 468/468/468 465/465/465
f 466/466/466 463/463/463 469/469/469
f 470/470/470 466/466/466 469/469/469
f 469/469/469 463/463/463 471/471/471
f 463/463/463 472/472/472 471/471/471
f 470/470/470 469/469/469 473/473/473
f 474/474/474 471/471/471 472/472/472
f 475/475/475 474/474/474 472/472/472
f 474/474/474 476/476/476 471/471/471
f 476/476/476 477/477/477 471/471/471
f 476/476/476 478/478/478 477/477/477
f 478/478/478 479/479/479 477/477/477
f 473/473/473 477/477/477 479/479/479
f 480/480/480 473/473/473 479/479/479
f 481/481/481 470/470/470 473/473/473
f 481/481/481 473/473/473 480/480/480
f 481/481/481 482/482/482 470/470/470
f 482/482/482 483/483/483 470/470/470
f 484/484/484 481/481/481 480/480/480
f 484/484/484 480/480/480 485/485/485
f 486/486/486 484/484/484 485/485/485
f 486/486/486 487/487/487 484/484/484
f 487/487/487 488/488/488 484/484/484
f 491/491/491 490/490/490 489/489/489
f 492/492/492 491/491/491 489/489/489
f 492/492/492 493/493/493 491/491/491
f 493/493/493 494/494/494 491/491/491
f 492/492/492 489/489/489 495/495/495
f 496/496/496 492/492/492 495/495/495
f 495/495/495 489/489/489 497/497/497
f 489/489/489 498/498/498 497/497/497
f 498/498/498 499/499/499 497/497/497
f 499/499/499 500/500/500 497/497/497
f 497/497/497 500/500/500 501/501/501
f 500/500/500 502/502/502 501/501/501
f 496/496/496 495/495/495 503/503/503
f 501/501/501 502/502/502 504/504/504
f 503/503/503 501/501/501 504/504/504
f 502/502/502 505/505/505 504/504/504
f 506/506/506 503/503/503 504/504/504
f 507/507/507 496/496/496 503/503/503
f 507/507/507 503/503/503 506/506/506
f 507/507/507 508/508/508 496/496/496
f 508/508/508 509/509/509 496/496/496
f 510/510/510 507/507/507 506/506/506
f 510/510/510 506/506/506 511/511/511
f 512/512/512 510/510/510 511/511/511
f 512/512/512 513/513/513 510/510/510
f 513/513/513 514/514/514 510/510/510
f 517/517/517 516/516/516 515/515/515
f 518/518/518 517/517/517 515/515/515
f 521/521/521 520/520/520 519/519/519
f 522/522/522 521/521/521 519/519/519
f 525/525/525 524/524/524 523/523/523
f 526/526/526 525/525/525 523/523/523
f 529/529/529 528/528/528 527/527/527
f 530/530/530 529/529/529 527/527/527
f 533/533/533 532/532/532 531/531/531
f 534/534/534 533/533/533 531/531/531
f 537/537/537 536/536/536 535/535/535
f 538/538/538 537/537/537 535/535/535
f 541/541/541 540/540/540 539/539/539
f 542/542/542 541/541/541 539/539/539
f 545/545/545 544/544/544 543/543/543
f 546/546/546 545/545/545 543/543/543
f 549/549/549 548/548/548 547/547/547
f 550/550/550 549/549/549 547/547/547
f 553/553/553 552/552/552 551/551/551
f 554/554/554 553/553/553 551/551/551
f 557/557/557 556/556/556 555/555/555
f 558/558/558 557/557/557 555/555/555
f 561/561/561 560/560/560 559/559/559
f 562/562/562 561/561/561 559/559/559
f 565/565/565 564/564/564 563/563/563
f 566/566/566 565/565/565 563/563/563
f 569/569/569 568/568/568 567/567/567
f 570/570/570 569/569/569 567/567/567
f 573/573/573 572/572/572 571/571/571
f 574/574/574 573/573/573 571/571/571
f 577/577/577 576/576/576 575/575/575
f 578/578/578 577/577/577 575/575/575
f 581/581/581 580/580/580 579/579/579
f 582/582/582 581/581/581 579/579/579
f 585/585/585 584/584/584 583/583/583
f 586/586/586 585/585/585 583/583/583
f 589/589/589 588/588/588 587/587/587
f 590/590/590 589/589/589 587/587/587
f 591/591/591 589/589/589 590/590/590
f 592/592/592 591/591/591 590/590/590
f 595/595/595 594/594/594 593/593/593
f 596/596/596 595/595/595 593/593/593
f 597/597/597 595/595/595 596/596/596
f 598/598/598 597/597/597 596/596/596
f 601/601/601 600/600/600 599/599/599
f 602/602/602 601/601/601 599/599/599
f 603/603/603 601/601/601 602/602/602
f 604/604/604 603/603/603 602/602/602
f 607/607/607 606/606/606 605/605/605
f 608/608/608 607/607/607 605/605/605
f 609/609/609 607/607/607 608/608/608
f 610/610/610 609/609/609 608/608/608
f 613/613/613 612/612/612 611/611/611
f 614/614/614 613/613/613 611/611/611
f 617/617/617 616/616/616 615/615/615
f 618/618/618 617/617/617 615/615/615
f 621/621/621 620/620/620 619/619/619
f 622/622/622 621/621/621 619/619/619
f 625/625/625 624/624/624 623/623/623
f 626/626/626 625/625/625 623/623/623
f 629/629/629 628/628/628 627/627/627
f 630/630/630 629/629/629 627/627/627
f 633/633/633 632/632/632 631/631/631
f 634/634/634 633/633/633 631/631/631
f 637/637/637 636/636/636 635/635/635
f 638/638/638 637/637/637 635/635/635
f 641/641/641 640/640/640 639/639/639
f 642/642/642 641/641/641 639/639/639
f 645/645/645 644/644/644 643/643/643
f 646/646/646 645/645/645 643/643/643
f 649/649/649 648/648/648 647/647/647
f 650/650/650 649/649/649 647/647/647
f 653/653/653 652/652/652 651/651/651
f 654/654/654 653/653/653 651/651/651
f 657/657/657 656/656/656 655/655/655
f 658/658/658 657/657/657 655/655/655
f 661/661/661 660/660/660 659/659/659
f 662/662/662 661/661/661 659/659/659
f 665/665/665 664/664/664 663/663/663
f 666/666/666 665/665/665 663/663/663
f 669/669/669 668/668/668 667/667/667
f 670/670/670 669/669/669 667/667/667
f 673/673/673 672/672/672 671/671/671
f 674/674/674 673/673/673 671/671/671
f 677/677/677 676/676/676 675/675/675
f 678/678/678 677/677/677 675/675/675
f 681/681/681 680/680/680 679/679/679
f 682/682/682 681/681/681 679/679/679
f 685/685/685 684/684/684 683/683/683
f 686/686/686 685/685/685 683/683/683
f 689/689/689 688/688/688 687/687/687
f 690/690/690 689/689/689 687/687/687
f 693/693/693 692/692/692 691/691/691
f 694/694/694 693/693/693 691/691/691
f 697/697/697 696/696/696 695/695/695
f 698/698/698 697/697/697 695/695/695
f 701/701/701 700/700/700 699/699/699
f 702/702/702 701/701/701 699/699/699
f 705/705/705 704/704/704 703/703/703
f 704/704/704 706/706/706 703/703/703
f 703/703/703 706/706/706 707/707/707
f 706/706/706 708/708/708 707/707/707
f 711/711/711 710/710/710 709/709/709
f 712/712/712 711/711/711 709/709/709
f 715/715/715 714/714/714 713/713/713
f 716/716/716 715/715/715 713/713/713
f 719/719/719 718/718/718 717/717/717
f 718/718/718 720/720/720 717/717/717
f 717/717/717 720/720/720 721/721/721
f 720/720/720 722/722/722 721/721/721
f 725/725/725 724/724/724 723/723/723
f 726/726/726 725/725/725 723/723/723
f 729/729/729 728/728/728 727/727/727
f 730/730/730 729/729/729 727/727/727
f 731/731/731 729/729/729 730/730/730
f 732/732/732 731/731/731 730/730/730
f 735/735/735 734/734/734 733/733/733
f 734/734/734 736/736/736 733/733/733
f 733/733/733 736/736/736 737/737/737
f 736/736/736 738/738/738 737/737/737
f 741/741/741 740/740/740 739/739/739
f 740/740/740 742/742/742 739/739/739
f 739/739/739 742/742/742 743/743/743
f 742/742/742 744/744/744 743/743/743
f 747/747/747 746/746/746 745/745/745
f 748/748/748 747/747/747 745/745/745
f 751/751/751 750/750/750 749/749/749
f 752/752/752 751/751/751 749/749/749
f 755/755/755 754/754/754 753/753/753
f 756/756/756 755/755/755 753/753/753
f 759/759/759 758/758/758 757/757/757
f 760/760/760 759/759/759 757/757/757
f 763/763/763 762/762/762 761/761/761
f 764/764/764 763/763/763 761/761/761
f 767/767/767 766/766/766 765/765/765
f 768/768/768 767/767/767 765/765/765
f 771/771/771 770/770/770 769/769/769
f 772/772/772 771/771/771 769/769/769
f 775/775/775 774/774/774 773/773/773
f 776/776/776 775/775/775 773/773/773
f 779/779/779 778/778/778 777/777/777
f 780/780/780 779/779/779 777/777/777
f 783/783/783 782/782/782 781/781/781
f 784/784/784 783/783/783 781/781/781
f 787/787/787 786/786/786 785/785/785
f 788/788/788 787/787/787 785/785/785
f 791/791/791 790/790/790 789/789/789
f 792/792/792 791/791/791 789/789/789
f 795/795/795 794/794/794 793/793/793
f 796/796/796 795/795/795 793/793/793
f 799/799/799 798/798/798 797/797/797
f 800/800/800 799/799/799 797/797/797
f 803/803/803 802/802/802 801/801/801
f 804/804/804 803/803/803 801/801/801
f 807/807/807 806/806/806 805/805/805
f 808/808/808 807/807/807 805/805/805
f 811/811/811 810/810/810 809/809/809
f 810/810/810 812/812/812 809/809/809
f 809/809/809 812/812/812 813/813/813
f 812/812/812 814/814/814 813/813/813
f 817/817/817 816/816/816 815/815/815
f 816/816/816 818/818/818 815/815/815
f 815/815/815 818/818/818 819/819/819
f 818/818/818 820/820/820 819/819/819
f 823/823/823 822/822/822 821/821/821
f 824/824/824 823/823/823 821/821/821
f 825/825/825 823/823/823 824/824/824
f 826/826/826 825/825/825 824/824/824
f 829/829/829 828/828/828 827/827/827
f 830/830/830 829/829/829 827/827/827
f 831/831/831 829/829/829 830/830/830
f 832/832/832 831/831/831 830/830/830
f 835/835/835 834/834/834 833/833/833
f 836/836/836 835/835/835 833/833/833
f 839/839/839 838/838/838 837/837/837
f 838/838/838 840/840/840 837/837/837
f 840/840/840 841/841/841 837/837/837
f 841/841/841 842/842/842 837/837/837
f 845/845/845 844/844/844 843/843/843
f 844/844/844 846/846/846 843/843/843
f 846/846/846 847/847/847 843/843/843
f 847/847/847 848/848/848 843/843/843
f 851/851/851 850/850/850 849/849/849
f 850/850/850 852/852/852 849/849/849
f 853/853/853 849/849/849 852/852/852
f 854/854/854 853/853/853 852/852/852
f 857/857/857 856/856/856 855/855/855
f 856/856/856 858/858/858 855/855/855
f 859/859/859 855/855/855 858/858/858
f 860/860/860 859/859/859 858/858/858
f 863/863/863 862/862/862 861/861/861
f 862/862/862 864/864/864 861/861/861
f 865/865/865 861/861/861 864/864/864
f 866/866/866 865/865/865 864/864/864
f 869/869/869 868/868/868 867/867/867
f 868/868/868 870/870/870 867/867/867
f 867/867/867 870/870/870 871/871/871
f 870/870/870 872/872/872 871/871/871
f 875/875/875 874/874/874 873/873/873
f 874/874/874 876/876/876 873/873/873
f 873/873/873 876/876/876 877/877/877
f 876/876/876 878/878/878 877/877/877
f 881/881/881 880/880/880 879/879/879
f 880/880/880 882/882/882 879/879/879
f 882/882/882 883/883/883 879/879/879
f 883/883/883 884/884/884 879/879/879
f 887/887/887 886/886/886 885/885/885
f 886/886/886 888/888/888 885/885/885
f 885/885/885 888/888/888 889/889/889
f 888/888/888 890/890/890 889/889/889
f 893/893/893 892/892/892 891/891/891
f 894/894/894 893/893/893 891/891/891
f 897/897/897 896/896/896 895/895/895
f 898/898/898 897/897/897 895/895/895
f 899/899/899 897/897/897 898/898/898
f 900/900/900 899/899/899 898/898/898
f 903/903/903 902/902/902 901/901/901
f 902/902/902 904/904/904 901/901/901
f 901/901/901 904/904/904 905/905/905
f 904/904/904 906/906/906 905/905/905
f 909/909/909 908/908/908 907/907/907
f 910/910/910 909/909/909 907/907/907
f 913/913/913 912/912/912 911/911/911
f 914/914/914 913/913/913 911/911/911
f 917/917/917 916/916/916 915/915/915
f 918/918/918 917/917/917 915/915/915
f 921/921/921 920/920/920 919/919/919
f 922/922/922 921/921/921 919/919/919
f 925/925/925 924/924/924 923/923/923
f 926/926/926 925/925/925 923/923/923
f 929/929/929 928/928/928 927/927/927
f 930/930/930 929/929/929 927/927/927
f 930/930/930 931/931/931 929/929/929
f 931/931/931 932/932/932 929/929/929
f 930/930/930 927/927/927 933/933/933
f 934/934/934 930/930/930 933/933/933
f 933/933/933 927/927/927 935/935/935
f 927/927/927 936/936/936 935/935/935
f 936/936/936 937/937/937 935/935/935
f 937/937/937 938/938/938 935/935/935
f 935/935/935 938/938/938 939/939/939
f 940/940/940 935/935/935 939/939/939
f 939/939/939 941/941/941 940/940/940
f 941/941/941 942/942/942 940/940/940
f 943/943/943 940/940/940 942/942/942
f 934/934/934 933/933/933 943/943/943
f 944/944/944 943/943/943 942/942/942
f 945/945/945 934/934/934 943/943/943
f 945/945/945 943/943/943 944/944/944
f 945/945/945 946/946/946 934/934/934
f 946/946/946 947/947/947 934/934/934
f 948/948/948 945/945/945 944/944/944
f 948/948/948 944/944/944 949/949/949
f 950/950/950 948/948/948 949/949/949
f 950/950/950 951/951/951 948/948/948
f 951/951/951 952/952/952 948/948/948
f 955/955/955 954/954/954 953/953/953
f 956/956/956 955/955/955 953/953/953
f 956/956/956 957/957/957 955/955/955
f 957/957/957 958/958/958 955/955/955
f 956/956/956 953/953/953 959/959/959
f 960/960/960 956/956/956 959/959/959
f 959/959/959 953/953/953 961/961/961
f 953/953/953 962/962/962 961/961/961
f 960/960/960 959/959/959 963/963/963
f 964/964/964 961/961/961 962/962/962
f 965/965/965 964/964/964 962/962/962
f 964/964/964 966/966/966 961/961/961
f 966/966/966 967/967/967 961/961/961
f 966/966/966 968/968/968 967/967/967
f 968/968/968 969/969/969 967/967/967
f 963/963/963 967/967/967 969/969/969
f 970/970/970 963/963/963 969/969/969
f 971/971/971 960/960/960 963/963/963
f 971/971/971 963/963/963 970/970/970
f 971/971/971 972/972/972 960/960/960
f 972/972/972 973/973/973 960/960/960
f 974/974/974 971/971/971 970/970/970
f 974/974/974 970/970/970 975/975/975
f 976/976/976 974/974/974 975/975/975
f 976/976/976 977/977/977 974/974/974
f 977/977/977 978/978/978 974/974/974
f 981/981/981 980/980/980 979/979/979
f 982/982/982 981/981/981 979/979/979
f 982/982/982 983/983/983 981/981/981
f 983/983/983 984/984/984 981/981/981
f 982/982/982 979/979/979 985/985/985
f 986/986/986 982/982/982 985/985/985
f 985/985/985 979/979/979 987/987/987
f 979/979/979 988/988/988 987/987/987
f 986/986/986 985/985/985 989/989/989
f 990/990/990 987/987/987 988/988/988
f 991/991/991 990/990/990 988/988/988
f 990/990/990 992/992/992 987/987/987
f 992/992/992 993/993/993 987/987/987
f 992/992/992 994/994/994 993/993/993
f 994/994/994 995/995/995 993/993/993
f 989/989/989 993/993/993 995/995/995
f 996/996/996 989/989/989 995/995/995
f 997/997/997 986/986/986 989/989/989
f 997/997/997 989/989/989 996/996/996
f 997/997/997 998/998/998 986/986/986
f 998/998/998 999/999/999 986/986/986
f 1000/1000/1000 997/997/997 996/996/996
f 1000/1000/1000 996/996/996 1001/1001/1001
f 1002/1002/1002 1000/1000/1000 1001/1001/1001
f 1002/1002/1002 1003/1003/1003 1000/1000/1000
f 1003/1003/1003 1004/1004/1004 1000/1000/1000
f 1007/1007/1007 1006/1006/1006 1005/1005/1005
f 1008/1008/1008 1007/1007/1007 1005/1005/1005
f 1008/1008/1008 1009/1009/1009 1007/1007/1007
f 1009/1009/1009 1010/1010/1010 1007/1007/1007
f 1008/1008/1008 1005/1005/1005 1011/1011/1011
f 1012/1012/1012 1008/1008/1008 1011/1011/1011
f 1011/1011/1011 1005/1005/1005 1013/1013/1013
f 1005/1005/1005 1014/1014/1014 1013/1013/1013
f 1014/1014/1014 1015/1015/1015 1013/1013/1013
f 1015/1015/1015 1016/1016/1016 1013/1013/1013
f 1013/1013/1013 1016/1016/1016 1017/1017/1017
f 1016/1016/1016 1018/1018/1018 1017/1017/1017
f 1012/1012/1012 1011/1011/1011 1019/1019/1019
f 1017/1017/1017 1018/1018/1018 1020/1020/1020
f 1019/1019/1019 1017/1017/1017 1020/1020/1020
f 1018/1018/1018 1021/1021/1021 1020/1020/1020
f 1022/1022/1022 1019/1019/1019 1020/1020/1020
f 1023/1023/1023 1012/1012/1012 1019/1019/1019
f 1023/1023/1023 1019/1019/1019 1022/1022/1022
f 1023/1023/1023 1024/1024/1024 1012/1012/1012
f 1024/1024/1024 1025/1025/1025 1012/1012/1012
f 1026/1026/1026 1023/1023/1023 1022/1022/1022
f 1026/1026/1026 1022/1022/1022 1027/1027/1027
f 1028/1028/1028 1026/1026/1026 1027/1027/1027
f 1028/1028/1028 1029/1029/1029 1026/1026/1026
f 1029/1029/1029 1030/1030/1030 1026/1026/1026
f 1033/1033/1033 1032/1032/1032 1031/1031/1031
f 1034/1034/1034 1033/1033/1033 1031/1031/1031
f 1037/1037/1037 1036/1036/1036 1035/1035/1035
f 1038/1038/1038 1037/1037/1037 1035/1035/1035
f 1041/1041/1041 1040/1040/1040 1039/1039/1039
f 1042/1042/1042 1041/1041/1041 1039/1039/1039
f 1045/1045/1045 1044/1044/1044 1043/1043/1043
f 1046/1046/1046 1045/1045/1045 1043/1043/1043
f 1049/1049/1049 1048/1048/1048 1047/1047/1047
f 1050/1050/1050 1049/1049/1049 1047/1047/1047
f 1053/1053/1053 1052/1052/1052 1051/1051/1051
f 1054/1054/1054 1053/1053/1053 1051/1051/1051
f 1057/1057/1057 1056/1056/1056 1055/1055/1055
f 1058/1058/1058 1057/1057/1057 1055/1055/1055
f 1061/1061/1061 1060/1060/1060 1059/1059/1059
f 1062/1062/1062 1061/1061/1061 1059/1059/1059
f 1065/1065/1065 1064/1064/1064 1063/1063/1063
f 1066/1066/1066 1065/1065/1065 1063/1063/1063
f 1069/1069/1069 1068/1068/1068 1067/1067/1067
f 1070/1070/1070 1069/1069/1069 1067/1067/1067
f 1073/1073/1073 1072/1072/1072 1071/1071/1071
f 1074/1074/1074 1073/1073/1073 1071/1071/1071
f 1077/1077/1077 1076/1076/1076 1075/1075/1075
f 1078/1078/1078 1077/1077/1077 1075/1075/1075
f 1081/1081/1081 1080/1080/1080 1079/1079/1079
f 1082/1082/1082 1081/1081/1081 1079/1079/1079
f 1085/1085/1085 1084/1084/1084 1083/1083/1083
f 1086/1086/1086 1085/1085/1085 1083/1083/1083
f 1089/1089/1089 1088/1088/1088 1087/1087/1087
f 1090/1090/1090 1089/1089/1089 1087/1087/1087
f 1093/1093/1093 1092/1092/1092 1091/1091/1091
f 1094/1094/1094 1093/1093/1093 1091/1091/1091
f 1097/1097/1097 1096/1096/1096 1095/1095/1095
f 1098/1098/1098 1097/1097/1097 1095/1095/1095
f 1101/1101/1101 1100/1100/1100 1099/1099/1099
f 1102/1102/1102 1101/1101/1101 1099/1099/1099
f 1105/1105/1105 1104/1104/1104 1103/1103/1103
f 1106/1106/1106 1105/1105/1105 1103/1103/1103
f 1107/1107/1107 1105/1105/1105 1106/1106/1106
f 1108/1108/1108 1107/1107/1107 1106/1106/1106
f 1111/1111/1111 1110/1110/1110 1109/1109/1109
f 1112/1112/1112 1111/1111/1111 1109/1109/1109
f 1113/1113/1113 1111/1111/1111 1112/1112/1112
f 1114/1114/1114 1113/1113/1113 1112/1112/1112
f 1117/1117/1117 1116/1116/1116 1115/1115/1115
f 1118/1118/1118 1117/1117/1117 1115/1115/1115
f 1119/1119/1119 1117/1117/1117 1118/1118/1118
f 1120/1120/1120 1119/1119/1119 1118/1118/1118
f 1123/1123/1123 1122/1122/1122 1121/1121/1121
f 1124/1124/1124 1123/1123/1123 1121/1121/1121
f 1125/1125/1125 1123/1123/1123 1124/1124/1124
f 1126/1126/1126 1125/1125/1125 1124/1124/1124
f 1129/1129/1129 1128/1128/1128 1127/1127/1127
f 1130/1130/1130 1129/1129/1129 1127/1127/1127
f 1133/1133/1133 1132/1132/1132 1131/1131/1131
f 1134/1134/1134 1133/1133/1133 1131/1131/1131
f 1137/1137/1137 1136/1136/1136 1135/1135/1135
f 1138/1138/1138 1137/1137/1137 1135/1135/1135
f 1141/1141/1141 1140/1140/1140 1139/1139/1139
f 1142/1142/1142 1141/1141/1141 1139/1139/1139
f 1145/1145/1145 1144/1144/1144 1143/1143/1143
f 1146/1146/1146 1145/1145/1145 1143/1143/1143
f 1149/1149/1149 1148/1148/1148 1147/1147/1147
f 1150/1150/1150 1149/1149/1149 1147/1147/1147
f 1153/1153/1153 1152/1152/1152 1151/1151/1151
f 1154/1154/1154 1153/1153/1153 1151/1151/1151
f 1157/1157/1157 1156/1156/1156 1155/1155/1155
f 1158/1158/1158 1157/1157/1157 1155/1155/1155
f 1161/1161/1161 1160/1160/1160 1159/1159/1159
f 1162/1162/1162 1161/1161/1161 1159/1159/1159
f 1165/1165/1165 1164/1164/1164 1163/1163/1163
f 1166/1166/1166 1165/1165/1165 1163/1163/1163
f 1169/1169/1169 1168/1168/1168 1167/1167/1167
f 1170/1170/1170 1169/1169/1169 1167/1167/1167
f 1173/1173/1173 1172/1172/1172 1171/1171/1171
f 1174/1174/1174 1173/1173/1173 1171/1171/1171
f 1177/1177/1177 1176/1176/1176 1175/1175/1175
f 1178/1178/1178 1177/1177/1177 1175/1175/1175
f 1181/1181/1181 1180/1180/1180 1179/1179/1179
f 1182/1182/1182 1181/1181/1181 1179/1179/1179
f 1185/1185/1185 1184/1184/1184 1183/1183/1183
f 1186/1186/1186 1185/1185/1185 1183/1183/1183
f 1189/1189/1189 1188/1188/1188 1187/1187/1187
f 1190/1190/1190 1189/1189/1189 1187/1187/1187
f 1193/1193/1193 1192/1192/1192 1191/1191/1191
f 1194/1194/1194 1193/1193/1193 1191/1191/1191
f 1197/1197/1197 1196/1196/1196 1195/1195/1195
f 1198/1198/1198 1197/1197/1197 1195/1195/1195
f 1201/1201/1201 1200/1200/1200 1199/1199/1199
f 1202/1202/1202 1201/1201/1201 1199/1199/1199
f 1205/1205/1205 1204/1204/1204 1203/1203/1203
f 1206/1206/1206 1205/1205/1205 1203/1203/1203
f 1209/1209/1209 1208/1208/1208 1207/1207/1207
f 1210/1210/1210 1209/1209/1209 1207/1207/1207
f 1213/1213/1213 1212/1212/1212 1211/1211/1211
f 1214/1214/1214 1213/1213/1213 1211/1211/1211
f 1217/1217/1217 1216/1216/1216 1215/1215/1215
f 1218/1218/1218 1217/1217/1217 1215/1215/1215
f 1221/1221/1221 1220/1220/1220 1219/1219/1219
f 1220/1220/1220 1222/1222/1222 1219/1219/1219
f 1219/1219/1219 1222/1222/1222 1223/1223/1223
f 1222/1222/1222 1224/1224/1224 1223/1223/1223
f 1224/1224/1224 1225/1225/1225 1223/1223/1223
f 1225/1225/1225 1226/1226/1226 1223/1223/1223
f 1229/1229/1229 1228/1228/1228 1227/1227/1227
f 1230/1230/1230 1229/1229/1229 1227/1227/1227
f 1233/1233/1233 1232/1232/1232 1231/1231/1231
f 1234/1234/1234 1233/1233/1233 1231/1231/1231
f 1237/1237/1237 1236/1236/1236 1235/1235/1235
f 1236/1236/1236 1238/1238/1238 1235/1235/1235
f 1235/1235/1235 1238/1238/1238 1239/1239/1239
f 1238/1238/1238 1240/1240/1240 1239/1239/1239
f 1243/1243/1243 1242/1242/1242 1241/1241/1241
f 1244/1244/1244 1243/1243/1243 1241/1241/1241
f 1247/1247/1247 1246/1246/1246 1245/1245/1245
f 1248/1248/1248 1247/1247/1247 1245/1245/1245
f 1249/1249/1249 1247/1247/1247 1248/1248/1248
f 1250/1250/1250 1249/1249/1249 1248/1248/1248
f 1250/1250/1250 1251/1251/1251 1249/1249/1249
f 1251/1251/1251 1252/1252/1252 1249/1249/1249
f 1255/1255/1255 1254/1254/1254 1253/1253/1253
f 1254/1254/1254 1256/1256/1256 1253/1253/1253
f 1253/1253/1253 1256/1256/1256 1257/1257/1257
f 1256/1256/1256 1258/1258/1258 1257/1257/1257
f 1258/1258/1258 1259/1259/1259 1257/1257/1257
f 1259/1259/1259 1260/1260/1260 1257/1257/1257
f 1263/1263/1263 1262/1262/1262 1261/1261/1261
f 1264/1264/1264 1263/1263/1263 1261/1261/1261
f 1267/1267/1267 1266/1266/1266 1265/1265/1265
f 1268/1268/1268 1267/1267/1267 1265/1265/1265
f 1271/1271/1271 1270/1270/1270 1269/1269/1269
f 1272/1272/1272 1271/1271/1271 1269/1269/1269
f 1275/1275/1275 1274/1274/1274 1273/1273/1273
f 1276/1276/1276 1275/1275/1275 1273/1273/1273
f 1279/1279/1279 1278/1278/1278 1277/1277/1277
f 1280/1280/1280 1279/1279/1279 1277/1277/1277
f 1283/1283/1283 1282/1282/1282 1281/1281/1281
f 1284/1284/1284 1283/1283/1283 1281/1281/1281
f 1287/1287/1287 1286/1286/1286 1285/1285/1285
f 1288/1288/1288 1287/1287/1287 1285/1285/1285
f 1291/1291/1291 1290/1290/1290 1289/1289/1289
f 1292/1292/1292 1291/1291/1291 1289/1289/1289
f 1295/1295/1295 1294/1294/1294 1293/1293/1293
f 1296/1296/1296 1295/1295/1295 1293/1293/1293
f 1299/1299/1299 1298/1298/1298 1297/1297/1297
f 1300/1300/1300 1299/1299/1299 1297/1297/1297
f 1303/1303/1303 1302/1302/1302 1301/1301/1301
f 1304/1304/1304 1303/1303/1303 1301/1301/1301
f 1307/1307/1307 1306/1306/1306 1305/1305/1305
f 1308/1308/1308 1307/1307/1307 1305/1305/1305
f 1311/1311/1311 1310/1310/1310 1309/1309/1309
f 1312/1312/1312 1311/1311/1311 1309/1309/1309
f 1315/1315/1315 1314/1314/1314 1313/1313/1313
f 1316/1316/1316 1315/1315/1315 1313/1313/1313
f 1319/1319/1319 1318/1318/1318 1317/1317/1317
f 1320/1320/1320 1319/1319/1319 1317/1317/1317
f 1323/1323/1323 1322/1322/1322 1321/1321/1321
f 1324/1324/1324 1323/1323/1323 1321/1321/1321
f 1327/1327/1327 1326/1326/1326 1325/1325/1325
f 1328/1328/1328 1327/1327/1327 1325/1325/1325
f 1329/1329/1329 1327/1327/1327 1328/1328/1328
f 1330/1330/1330 1329/1329/1329 1328/1328/1328
f 1331/1331/1331 1329/1329/1329 1330/1330/1330
f 1332/1332/1332 1331/1331/1331 1330/1330/1330
f 1333/1333/1333 1331/1331/1331 1332/1332/1332
f 1334/1334/1334 1333/1333/1333 1332/1332/1332
f 1335/1335/1335 1333/1333/1333 1334/1334/1334
f 1336/1336/1336 1335/1335/1335 1334/1334/1334
f 1339/1339/1339 1338/1338/1338 1337/1337/1337
f 1340/1340/1340 1339/1339/1339 1337/1337/1337
f 1341/1341/1341 1339/1339/1339 1340/1340/1340
f 1342/1342/1342 1341/1341/1341 1340/1340/1340
f 1343/1343/1343 1341/1341/1341 1342/1342/1342
f 1344/1344/1344 1343/1343/1343 1342/1342/1342
f 1345/1345/1345 1343/1343/1343 1344/1344/1344
f 1346/1346/1346 1345/1345/1345 1344/1344/1344
f 1347/1347/1347 1345/1345/1345 1346/1346/1346
f 1348/1348/1348 1347/1347/1347 1346/1346/1346
f 1351/1351/1351 1350/1350/1350 1349/1349/1349
f 1352/1352/1352 1351/1351/1351 1349/1349/1349
f 1353/1353/1353 1351/1351/1351 1352/1352/1352
f 1354/1354/1354 1353/1353/1353 1352/1352/1352
f 1355/1355/1355 1353/1353/1353 1354/1354/1354
f 1356/1356/1356 1355/1355/1355 1354/1354/1354
f 1357/1357/1357 1355/1355/1355 1356/1356/1356
f 1358/1358/1358 1357/1357/1357 1356/1356/1356
f 1359/1359/1359 1357/1357/1357 1358/1358/1358
f 1360/1360/1360 1359/1359/1359 1358/1358/1358
f 1363/1363/1363 1362/1362/1362 1361/1361/1361
f 1364/1364/1364 1363/1363/1363 1361/1361/1361
f 1365/1365/1365 1363/1363/1363 1364/1364/1364
f 1366/1366/1366 1365/1365/1365 1364/1364/1364
f 1367/1367/1367 1365/1365/1365 1366/1366/1366
f 1368/1368/1368 1367/1367/1367 1366/1366/1366
f 1369/1369/1369 1367/1367/1367 1368/1368/1368
f 1370/1370/1370 1369/1369/1369 1368/1368/1368
f 1371/1371/1371 1369/1369/1369 1370/1370/1370
f 1372/1372/1372 1371/1371/1371 1370/1370/1370
f 1375/1375/1375 1374/1374/1374 1373/1373/1373
f 1374/1374/1374 1376/1376/1376 1373/1373/1373
f 1373/1373/1373 1376/1376/1376 1377/1377/1377
f 1376/1376/1376 1378/1378/1378 1377/1377/1377
f 1381/1381/1381 1380/1380/1380 1379/1379/1379
f 1380/1380/1380 1382/1382/1382 1379/1379/1379
f 1379/1379/1379 1382/1382/1382 1383/1383/1383
f 1382/1382/1382 1384/1384/1384 1383/1383/1383
f 1387/1387/1387 1386/1386/1386 1385/1385/1385
f 1388/1388/1388 1387/1387/1387 1385/1385/1385
f 1389/1389/1389 1387/1387/1387 1388/1388/1388
f 1390/1390/1390 1389/1389/1389 1388/1388/1388
f 1393/1393/1393 1392/1392/1392 1391/1391/1391
f 1394/1394/1394 1393/1393/1393 1391/1391/1391
f 1395/1395/1395 1393/1393/1393 1394/1394/1394
f 1396/1396/1396 1395/1395/1395 1394/1394/1394
f 1396/1396/1396 1397/1397/1397 1395/1395/1395
f 1397/1397/1397 1398/1398/1398 1395/1395/1395
f 1401/1401/1401 1400/1400/1400 1399/1399/1399
f 1402/1402/1402 1401/1401/1401 1399/1399/1399
f 1401/1401/1401 1402/1402/1402 1403/1403/1403
f 1404/1404/1404 1401/1401/1401 1403/1403/1403
f 1404/1404/1404 1403/1403/1403 1405/1405/1405
f 1406/1406/1406 1404/1404/1404 1405/1405/1405
f 1406/1406/1406 1405/1405/1405 1407/1407/1407
f 1408/1408/1408 1406/1406/1406 1407/1407/1407
f 1407/1407/1407 1409/1409/1409 1408/1408/1408
f 1409/1409/1409 1410/1410/1410 1408/1408/1408
f 1413/1413/1413 1412/1412/1412 1411/1411/1411
f 1414/1414/1414 1413/1413/1413 1411/1411/1411
f 1415/1415/1415 1413/1413/1413 1414/1414/1414
f 1416/1416/1416 1415/1415/1415 1414/1414/1414
f 1417/1417/1417 1415/1415/1415 1416/1416/1416
f 1418/1418/1418 1417/1417/1417 1416/1416/1416
f 1419/1419/1419 1417/1417/1417 1418/1418/1418
f 1420/1420/1420 1419/1419/1419 1418/1418/1418
f 1419/1419/1419 1420/1420/1420 1421/1421/1421
f 1422/1422/1422 1419/1419/1419 1421/1421/1421
f 1425/1425/1425 1424/1424/1424 1423/1423/1423
f 1426/1426/1426 1425/1425/1425 1423/1423/1423
f 1426/1426/1426 1423/1423/1423 1427/1427/1427
f 1428/1428/1428 1426/1426/1426 1427/1427/1427
f 1427/1427/1427 1429/1429/1429 1428/1428/1428
f 1429/1429/1429 1430/1430/1430 1428/1428/1428
f 1431/1431/1431 1430/1430/1430 1429/1429/1429
f 1432/1432/1432 1431/1431/1431 1429/1429/1429
f 1433/1433/1433 1431/1431/1431 1432/1432/1432
f 1434/1434/1434 1433/1433/1433 1432/1432/1432
f 1437/1437/1437 1436/1436/1436 1435/1435/1435
f 1438/1438/1438 1437/1437/1437 1435/1435/1435
f 1438/1438/1438 1435/1435/1435 1439/1439/1439
f 1440/1440/1440 1438/1438/1438 1439/1439/1439
f 1440/1440/1440 1439/1439/1439 1441/1441/1441
f 1442/1442/1442 1440/1440/1440 1441/1441/1441
f 1442/1442/1442 1441/1441/1441 1443/1443/1443
f 1444/1444/1444 1442/1442/1442 1443/1443/1443
f 1443/1443/1443 1445/1445/1445 1444/1444/1444
f 1445/1445/1445 1446/1446/1446 1444/1444/1444
f 1449/1449/1449 1448/1448/1448 1447/1447/1447
f 1450/1450/1450 1449/1449/1449 1447/1447/1447
f 1453/1453/1453 1452/1452/1452 1451/1451/1451
f 1452/1452/1452 1454/1454/1454 1451/1451/1451
f 1454/1454/1454 1455/1455/1455 1451/1451/1451
f 1455/1455/1455 1456/1456/1456 1451/1451/1451
f 1455/1455/1455 1457/1457/1457 1456/1456/1456
f 1457/1457/1457 1458/1458/1458 1456/1456/1456
f 1461/1461/1461 1460/1460/1460 1459/1459/1459
f 1460/1460/1460 1462/1462/1462 1459/1459/1459
f 1462/1462/1462 1463/1463/1463 1459/1459/1459
f 1463/1463/1463 1464/1464/1464 1459/1459/1459
f 1463/1463/1463 1465/1465/1465 1464/1464/1464
f 1465/1465/1465 1466/1466/1466 1464/1464/1464
f 1469/1469/1469 1468/1468/1468 1467/1467/1467
f 1468/1468/1468 1470/1470/1470 1467/1467/1467
f 1471/1471/1471 1467/1467/1467 1470/1470/1470
f 1472/1472/1472 1471/1471/1471 1470/1470/1470
f 1472/1472/1472 1473/1473/1473 1471/1471/1471
f 1473/1473/1473 1474/1474/1474 1471/1471/1471
f 1477/1477/1477 1476/1476/1476 1475/1475/1475
f 1476/1476/1476 1478/1478/1478 1475/1475/1475
f 1479/1479/1479 1475/1475/1475 1478/1478/1478
f 1480/1480/1480 1479/1479/1479 1478/1478/1478
f 1483/1483/1483 1482/1482/1482 1481/1481/1481
f 1482/1482/1482 1484/1484/1484 1481/1481/1481
f 1485/1485/1485 1481/1481/1481 1484/1484/1484
f 1486/1486/1486 1485/1485/1485 1484/1484/1484
f 1486/1486/1486 1487/1487/1487 1485/1485/1485
f 1487/1487/1487 1488/1488/1488 1485/1485/1485
f 1491/1491/1491 1490/1490/1490 1489/1489/1489
f 1490/1490/1490 1492/1492/1492 1489/1489/1489
f 1489/1489/1489 1492/1492/1492 1493/1493/1493
f 1492/1492/1492 1494/1494/1494 1493/1493/1493
f 1494/1494/1494 1495/1495/1495 1493/1493/1493
f 1495/1495/1495 1496/1496/1496 1493/1493/1493
f 1499/1499/1499 1498/1498/1498 1497/1497/1497
f 1498/1498/1498 1500/1500/1500 1497/1497/1497
f 1497/1497/1497 1500/1500/1500 1501/1501/1501
f 1500/1500/1500 1502/1502/1502 1501/1501/1501
f 1505/1505/1505 1504/1504/1504 1503/1503/1503
f 1504/1504/1504 1506/1506/1506 1503/1503/1503
f 1506/1506/1506 1507/1507/1507 1503/1503/1503
f 1507/1507/1507 1508/1508/1508 1503/1503/1503
f 1507/1507/1507 1509/1509/1509 1508/1508/1508
f 1509/1509/1509 1510/1510/1510 1508/1508/1508
f 1513/1513/1513 1512/1512/1512 1511/1511/1511
f 1512/1512/1512 1514/1514/1514 1511/1511/1511
f 1511/1511/1511 1514/1514/1514 1515/1515/1515
f 1514/1514/1514 1516/1516/1516 1515/1515/1515
f 1519/1519/1519 1518/1518/1518 1517/1517/1517
f 1520/1520/1520 1519/1519/1519 1517/1517/1517
f 1523/1523/1523 1522/1522/1522 1521/1521/1521
f 1524/1524/1524 1523/1523/1523 1521/1521/1521
f 1525/1525/1525 1523/1523/1523 1524/1524/1524
f 1526/1526/1526 1525/1525/1525 1524/1524/1524
f 1526/1526/1526 1527/1527/1527 1525/1525/1525
f 1527/1527/1527 1528/1528/1528 1525/1525/1525
f 1531/1531/1531 1530/1530/1530 1529/1529/1529
f 1530/1530/1530 1532/1532/1532 1529/1529/1529
f 1529/1529/1529 1532/1532/1532 1533/1533/1533
f 1532/1532/1532 1534/1534/1534 1533/1533/1533
f 1537/1537/1537 1536/1536/1536 1535/1535/1535
f 1538/1538/1538 1537/1537/1537 1535/1535/1535
f 1541/1541/1541 1540/1540/1540 1539/1539/1539
f 1540/1540/1540 1542/1542/1542 1539/1539/1539
f 1539/1539/1539 1542/1542/1542 1543/1543/1543
f 1542/1542/1542 1544/1544/1544 1543/1543/1543
f 1544/1544/1544 1545/1545/1545 1543/1543/1543
f 1545/1545/1545 1546/1546/1546 1543/1543/1543
f 1549/1549/1549 1548/1548/1548 1547/1547/1547
f 1550/1550/1550 1549/1549/1549 1547/1547/1547
f 1553/1553/1553 1552/1552/1552 1551/1551/1551
f 1554/1554/1554 1553/1553/1553 1551/1551/1551
f 1557/1557/1557 1556/1556/1556 1555/1555/1555
f 1558/1558/1558 1557/1557/1557 1555/1555/1555
f 1561/1561/1561 1560/1560/1560 1559/1559/1559
f 1562/1562/1562 1561/1561/1561 1559/1559/1559
f 1565/1565/1565 1564/1564/1564 1563/1563/1563
f 1566/1566/1566 1565/1565/1565 1563/1563/1563
f 1569/1569/1569 1568/1568/1568 1567/1567/1567
f 1570/1570/1570 1569/1569/1569 1567/1567/1567
f 1573/1573/1573 1572/1572/1572 1571/1571/1571
f 1574/1574/1574 1573/1573/1573 1571/1571/1571
f 1577/1577/1577 1576/1576/1576 1575/1575/1575
f 1578/1578/1578 1577/1577/1577 1575/1575/1575
f 1581/1581/1581 1580/1580/1580 1579/1579/1579
f 1582/1582/1582 1581/1581/1581 1579/1579/1579
f 1582/1582/1582 1583/1583/1583 1581/1581/1581
f 1583/1583/1583 1584/1584/1584 1581/1581/1581
f 1582/1582/1582 1579/1579/1579 1585/1585/1585
f 1586/1586/1586 1582/1582/1582 1585/1585/1585
f 1585/1585/1585 1579/1579/1579 1587/1587/1587
f 1579/1579/1579 1588/1588/1588 1587/1587/1587
f 1588/1588/1588 1589/1589/1589 1587/1587/1587
f 1589/1589/1589 1590/1590/1590 1587/1587/1587
f 1587/1587/1587 1590/1590/1590 1591/1591/1591
f 1592/1592/1592 1587/1587/1587 1591/1591/1591
f 1591/1591/1591 1593/1593/1593 1592/1592/1592
f 1593/1593/1593 1594/1594/1594 1592/1592/1592
f 1595/1595/1595 1592/1592/1592 1594/1594/1594
f 1586/1586/1586 1585/1585/1585 1595/1595/1595
f 1596/1596/1596 1595/1595/1595 1594/1594/1594
f 1597/1597/1597 1586/1586/1586 1595/1595/1595
f 1597/1597/1597 1595/1595/1595 1596/1596/1596
f 1597/1597/1597 1598/1598/1598 1586/1586/1586
f 1598/1598/1598 1599/1599/1599 1586/1586/1586
f 1600/1600/1600 1597/1597/1597 1596/1596/1596
f 1600/1600/1600 1596/1596/1596 1601/1601/1601
f 1602/1602/1602 1600/1600/1600 1601/1601/1601
f 1602/1602/1602 1603/1603/1603 1600/1600/1600
f 1603/1603/1603 1604/1604/1604 1600/1600/1600
f 1607/1607/1607 1606/1606/1606 1605/1605/1605
f 1608/1608/1608 1607/1607/1607 1605/1605/1605
f 1608/1608/1608 1609/1609/1609 1607/1607/1607
f 1609/1609/1609 1610/1610/1610 1607/1607/1607
f 1608/1608/1608 1605/1605/1605 1611/1611/1611
f 1612/1612/1612 1608/1608/1608 1611/1611/1611
f 1611/1611/1611 1605/1605/1605 1613/1613/1613
f 1605/1605/1605 1614/1614/1614 1613/1613/1613
f 1612/1612/1612 1611/1611/1611 1615/1615/1615
f 1616/1616/1616 1613/1613/1613 1614/1614/1614
f 1617/1617/1617 1616/1616/1616 1614/1614/1614
f 1616/1616/1616 1618/1618/1618 1613/1613/1613
f 1618/1618/1618 1619/1619/1619 1613/1613/1613
f 1618/1618/1618 1620/1620/1620 1619/1619/1619
f 1620/1620/1620 1621/1621/1621 1619/1619/1619
f 1615/1615/1615 1619/1619/1619 1621/1621/1621
f 1622/1622/1622 1615/1615/1615 1621/1621/1621
f 1623/1623/1623 1612/1612/1612 1615/1615/1615
f 1623/1623/1623 1615/1615/1615 1622/1622/1622
f 1623/1623/1623 1624/1624/1624 1612/1612/1612
f 1624/1624/1624 1625/1625/1625 1612/1612/1612
f 1626/1626/1626 1623/1623/1623 1622/1622/1622
f 1626/1626/1626 1622/1622/1622 1627/1627/1627
f 1628/1628/1628 1626/1626/1626 1627/1627/1627
f 1628/1628/1628 1629/1629/1629 1626/1626/1626
f 1629/1629/1629 1630/1630/1630 1626/1626/1626
f 1633/1633/1633 1632/1632/1632 1631/1631/1631
f 1634/1634/1634 1633/1633/1633 1631/1631/1631
f 1634/1634/1634 1635/1635/1635 1633/1633/1633
f 1635/1635/1635 1636/1636/1636 1633/1633/1633
f 1634/1634/1634 1631/1631/1631 1637/1637/1637
f 1638/1638/1638 1634/1634/1634 1637/1637/1637
f 1637/1637/1637 1631/1631/1631 1639/1639/1639
f 1631/1631/1631 1640/1640/1640 1639/1639/1639
f 1638/1638/1638 1637/1637/1637 1641/1641/1641
f 1642/1642/1642 1639/1639/1639 1640/1640/1640
f 1643/1643/1643 1642/1642/1642 1640/1640/1640
f 1642/1642/1642 1644/1644/1644 1639/1639/1639
f 1644/1644/1644 1645/1645/1645 1639/1639/1639
f 1644/1644/1644 1646/1646/1646 1645/1645/1645
f 1646/1646/1646 1647/1647/1647 1645/1645/1645
f 1641/1641/1641 1645/1645/1645 1647/1647/1647
f 1648/1648/1648 1641/1641/1641 1647/1647/1647
f 1649/1649/1649 1638/1638/1638 1641/1641/1641
f 1649/1649/1649 1641/1641/1641 1648/1648/1648
f 1649/1649/1649 1650/1650/1650 1638/1638/1638
f 1650/1650/1650 1651/1651/1651 1638/1638/1638
f 1652/1652/1652 1649/1649/1649 1648/1648/1648
f 1652/1652/1652 1648/1648/1648 1653/1653/1653
f 1654/1654/1654 1652/1652/1652 1653/1653/1653
f 1654/1654/1654 1655/1655/1655 1652/1652/1652
f 1655/1655/1655 1656/1656/1656 1652/1652/1652
f 1659/1659/1659 1658/1658/1658 1657/1657/1657
f 1660/1660/1660 1659/1659/1659 1657/1657/1657
f 1660/1660/1660 1661/1661/1661 1659/1659/1659
f 1661/1661/1661 1662/1662/1662 1659/1659/1659
f 1660/1660/1660 1657/1657/1657 1663/1663/1663
f 1664/1664/1664 1660/1660/1660 1663/1663/1663
f 1663/1663/1663 1657/1657/1657 1665/1665/1665
f 1657/1657/1657 1666/1666/1666 1665/1665/1665
f 1666/1666/1666 1667/1667/1667 1665/1665/1665
f 1667/1667/1667 1668/1668/1668 1665/1665/1665
f 1665/1665/1665 1668/1668/1668 1669/1669/1669
f 1668/1668/1668 1670/1670/1670 1669/1669/1669
f 1664/1664/1664 1663/1663/1663 1671/1671/1671
f 1669/1669/1669 1670/1670/1670 1672/1672/1672
f 1671/1671/1671 1669/1669/1669 1672/1672/1672
f 1670/1670/1670 1673/1673/1673 1672/1672/1672
f 1674/1674/1674 1671/1671/1671 1672/1672/1672
f 1675/1675/1675 1664/1664/1664 1671/1671/1671
f 1675/1675/1675 1671/1671/1671 1674/1674/1674
f 1675/1675/1675 1676/1676/1676 1664/1664/1664
f 1676/1676/1676 1677/1677/1677 1664/1664/1664
f 1678/1678/1678 1675/1675/1675 1674/1674/1674
f 1678/1678/1678 1674/1674/1674 1679/1679/1679
f 1680/1680/1680 1678/1678/1678 1679/1679/1679
f 1680/1680/1680 1681/1681/1681 1678/1678/1678
f 1681/1681/1681 1682/1682/1682 1678/1678/1678
f 1685/1685/1685 1684/1684/1684 1683/1683/1683
f 1686/1686/1686 1685/1685/1685 1683/1683/1683
f 1689/1689/1689 1688/1688/1688 1687/1687/1687
f 1690/1690/1690 1689/1689/1689 1687/1687/1687
f 1693/1693/1693 1692/1692/1692 1691/1691/1691
f 1694/1694/1694 1693/1693/1693 1691/1691/1691
f 1697/1697/1697 1696/1696/1696 1695/1695/1695
f 1698/1698/1698 1697/1697/1697 1695/1695/1695
f 1701/1701/1701 1700/1700/1700 1699/1699/1699
f 1702/1702/1702 1701/1701/1701 1699/1699/1699
f 1705/1705/1705 1704/1704/1704 1703/1703/1703
f 1706/1706/1706 1705/1705/1705 1703/1703/1703
f 1709/1709/1709 1708/1708/1708 1707/1707/1707
f 1710/1710/1710 1709/1709/1709 1707/1707/1707
f 1713/1713/1713 1712/1712/1712 1711/1711/1711
f 1714/1714/1714 1713/1713/1713 1711/1711/1711
f 1717/1717/1717 1716/1716/1716 1715/1715/1715
f 1718/1718/1718 1717/1717/1717 1715/1715/1715
f 1721/1721/1721 1720/1720/1720 1719/1719/1719
f 1722/1722/1722 1721/1721/1721 1719/1719/1719
f 1725/1725/1725 1724/1724/1724 1723/1723/1723
f 1726/1726/1726 1725/1725/1725 1723/1723/1723
f 1729/1729/1729 1728/1728/1728 1727/1727/1727
f 1730/1730/1730 1729/1729/1729 1727/1727/1727
f 1733/1733/1733 1732/1732/1732 1731/1731/1731
f 1734/1734/1734 1733/1733/1733 1731/1731/1731
f 1737/1737/1737 1736/1736/1736 1735/1735/1735
f 1738/1738/1738 1737/1737/1737 1735/1735/1735
f 1741/1741/1741 1740/1740/1740 1739/1739/1739
f 1742/1742/1742 1741/1741/1741 1739/1739/1739
f 1745/1745/1745 1744/1744/1744 1743/1743/1743
f 1746/1746/1746 1745/1745/1745 1743/1743/1743
f 1749/1749/1749 1748/1748/1748 1747/1747/1747
f 1750/1750/1750 1749/1749/1749 1747/1747/1747
f 1753/1753/1753 1752/1752/1752 1751/1751/1751
f 1754/1754/1754 1753/1753/1753 1751/1751/1751
f 1757/1757/1757 1756/1756/1756 1755/1755/1755
f 1758/1758/1758 1757/1757/1757 1755/1755/1755
f 1759/1759/1759 1757/1757/1757 1758/1758/1758
f 1760/1760/1760 1759/1759/1759 1758/1758/1758
f 1763/1763/1763 1762/1762/1762 1761/1761/1761
f 1764/1764/1764 1763/1763/1763 1761/1761/1761
f 1765/1765/1765 1763/1763/1763 1764/1764/1764
f 1766/1766/1766 1765/1765/1765 1764/1764/1764
f 1769/1769/1769 1768/1768/1768 1767/1767/1767
f 1770/1770/1770 1769/1769/1769 1767/1767/1767
f 1771/1771/1771 1769/1769/1769 1770/1770/1770
f 1772/1772/1772 1771/1771/1771 1770/1770/1770
f 1775/1775/1775 1774/1774/1774 1773/1773/1773
f 1776/1776/1776 1775/1775/1775 1773/1773/1773
f 1777/1777/1777 1775/1775/1775 1776/1776/1776
f 1778/1778/1778 1777/1777/1777 1776/1776/1776
f 1781/1781/1781 1780/1780/1780 1779/1779/1779
f 1782/1782/1782 1781/1781/1781 1779/1779/1779
f 1785/1785/1785 1784/1784/1784 1783/1783/1783
f 1786/1786/1786 1785/1785/1785 1783/1783/1783
f 1789/1789/1789 1788/1788/1788 1787/1787/1787
f 1790/1790/1790 1789/1789/1789 1787/1787/1787
f 1793/1793/1793 1792/1792/1792 1791/1791/1791
f 1794/1794/1794 1793/1793/1793 1791/1791/1791
f 1797/1797/1797 1796/1796/1796 1795/1795/1795
f 1798/1798/1798 1797/1797/1797 1795/1795/1795
f 1801/1801/1801 1800/1800/1800 1799/1799/1799
f 1802/1802/1802 1801/1801/1801 1799/1799/1799
f 1805/1805/1805 1804/1804/1804 1803/1803/1803
f 1806/1806/1806 1805/1805/1805 1803/1803/1803
f 1809/1809/1809 1808/1808/1808 1807/1807/1807
f 1810/1810/1810 1809/1809/1809 1807/1807/1807
f 1813/1813/1813 1812/1812/1812 1811/1811/1811
f 1814/1814/1814 1813/1813/1813 1811/1811/1811
f 1817/1817/1817 1816/1816/1816 1815/1815/1815
f 1818/1818/1818 1817/1817/1817 1815/1815/1815
f 1821/1821/1821 1820/1820/1820 1819/1819/1819
f 1822/1822/1822 1821/1821/1821 1819/1819/1819
f 1825/1825/1825 1824/1824/1824 1823/1823/1823
f 1826/1826/1826 1825/1825/1825 1823/1823/1823
f 1829/1829/1829 1828/1828/1828 1827/1827/1827
f 1830/1830/1830 1829/1829/1829 1827/1827/1827
f 1833/1833/1833 1832/1832/1832 1831/1831/1831
f 1834/1834/1834 1833/1833/1833 1831/1831/1831
f 1837/1837/1837 1836/1836/1836 1835/1835/1835
f 1838/1838/1838 1837/1837/1837 1835/1835/1835
f 1841/1841/1841 1840/1840/1840 1839/1839/1839
f 1842/1842/1842 1841/1841/1841 1839/1839/1839
f 1845/1845/1845 1844/1844/1844 1843/1843/1843
f 1846/1846/1846 1845/1845/1845 1843/1843/1843
f 1849/1849/1849 1848/1848/1848 1847/1847/1847
f 1850/1850/1850 1849/1849/1849 1847/1847/1847
f 1853/1853/1853 1852/1852/1852 1851/1851/1851
f 1854/1854/1854 1853/1853/1853 1851/1851/1851
f 1857/1857/1857 1856/1856/1856 1855/1855/1855
f 1858/1858/1858 1857/1857/1857 1855/1855/1855
f 1861/1861/1861 1860/1860/1860 1859/1859/1859
f 1862/1862/1862 1861/1861/1861 1859/1859/1859
f 1865/1865/1865 1864/1864/1864 1863/1863/1863
f 1866/1866/1866 1865/1865/1865 1863/1863/1863
f 1869/1869/1869 1868/1868/1868 1867/1867/1867
f 1870/1870/1870 1869/1869/1869 1867/1867/1867
f 1873/1873/1873 1872/1872/1872 1871/1871/1871
f 1872/1872/1872 1874/1874/1874 1871/1871/1871
f 1871/1871/1871 1874/1874/1874 1875/1875/1875
f 1874/1874/1874 1876/1876/1876 1875/1875/1875
f 1879/1879/1879 1878/1878/1878 1877/1877/1877
f 1880/1880/1880 1879/1879/1879 1877/1877/1877
f 1883/1883/1883 1882/1882/1882 1881/1881/1881
f 1884/1884/1884 1883/1883/1883 1881/1881/1881
f 1887/1887/1887 1886/1886/1886 1885/1885/1885
f 1886/1886/1886 1888/1888/1888 1885/1885/1885
f 1885/1885/1885 1888/1888/1888 1889/1889/1889
f 1888/1888/1888 1890/1890/1890 1889/1889/1889
f 1893/1893/1893 1892/1892/1892 1891/1891/1891
f 1894/1894/1894 1893/1893/1893 1891/1891/1891
f 1897/1897/1897 1896/1896/1896 1895/1895/1895
f 1898/1898/1898 1897/1897/1897 1895/1895/1895
f 1899/1899/1899 1897/1897/1897 1898/1898/1898
f 1900/1900/1900 1899/1899/1899 1898/1898/1898
f 1903/1903/1903 1902/1902/1902 1901/1901/1901
f 1902/1902/1902 1904/1904/1904 1901/1901/1901
f 1901/1901/1901 1904/1904/1904 1905/1905/1905
f 1904/1904/1904 1906/1906/1906 1905/1905/1905
f 1909/1909/1909 1908/1908/1908 1907/1907/1907
f 1908/1908/1908 1910/1910/1910 1907/1907/1907
f 1907/1907/1907 1910/1910/1910 1911/1911/1911
f 1910/1910/1910 1912/1912/1912 1911/1911/1911
f 1915/1915/1915 1914/1914/1914 1913/1913/1913
f 1916/1916/1916 1915/1915/1915 1913/1913/1913
f 1919/1919/1919 1918/1918/1918 1917/1917/1917
f 1920/1920/1920 1919/1919/1919 1917/1917/1917
f 1923/1923/1923 1922/1922/1922 1921/1921/1921
f 1924/1924/1924 1923/1923/1923 1921/1921/1921
f 1927/1927/1927 1926/1926/1926 1925/1925/1925
f 1928/1928/1928 1927/1927/1927 1925/1925/1925
f 1931/1931/1931 1930/1930/1930 1929/1929/1929
f 1932/1932/1932 1931/1931/1931 1929/1929/1929
f 1935/1935/1935 1934/1934/1934 1933/1933/1933
f 1936/1936/1936 1935/1935/1935 1933/1933/1933
f 1939/1939/1939 1938/1938/1938 1937/1937/1937
f 1940/1940/1940 1939/1939/1939 1937/1937/1937
f 1943/1943/1943 1942/1942/1942 1941/1941/1941
f 1944/1944/1944 1943/1943/1943 1941/1941/1941
f 1947/1947/1947 1946/1946/1946 1945/1945/1945
f 1948/1948/1948 1947/1947/1947 1945/1945/1945
f 1951/1951/1951 1950/1950/1950 1949/1949/1949
f 1952/1952/1952 1951/1951/1951 1949/1949/1949
f 1955/1955/1955 1954/1954/1954 1953/1953/1953
f 1956/1956/1956 1955/1955/1955 1953/1953/1953
f 1959/1959/1959 1958/1958/1958 1957/1957/1957
f 1960/1960/1960 1959/1959/1959 1957/1957/1957
f 1963/1963/1963 1962/1962/1962 1961/1961/1961
f 1964/1964/1964 1963/1963/1963 1961/1961/1961
f 1967/1967/1967 1966/1966/1966 1965/1965/1965
f 1968/1968/1968 1967/1967/1967 1965/1965/1965
f 1971/1971/1971 1970/1970/1970 1969/1969/1969
f 1972/1972/1972 1971/1971/1971 1969/1969/1969
f 1975/1975/1975 1974/1974/1974 1973/1973/1973
f 1976/1976/1976 1975/1975/1975 1973/1973/1973
f 1979/1979/1979 1978/1978/1978 1977/1977/1977
f 1978/1978/1978 1980/1980/1980 1977/1977/1977
f 1977/1977/1977 1980/1980/1980 1981/1981/1981
f 1980/1980/1980 1982/1982/1982 1981/1981/1981
f 1985/1985/1985 1984/1984/1984 1983/1983/1983
f 1984/1984/1984 1986/1986/1986 1983/1983/1983
f 1983/1983/1983 1986/1986/1986 1987/1987/1987
f 1986/1986/1986 1988/1988/1988 1987/1987/1987
f 1991/1991/1991 1990/1990/1990 1989/1989/1989
f 1992/1992/1992 1991/1991/1991 1989/1989/1989
f 1993/1993/1993 1991/1991/1991 1992/1992/1992
f 1994/1994/1994 1993/1993/1993 1992/1992/1992
f 1997/1997/1997 1996/1996/1996 1995/1995/1995
f 1998/1998/1998 1997/1997/1997 1995/1995/1995
f 1999/1999/1999 1997/1997/1997 1998/1998/1998
f 2000/2000/2000 1999/1999/1999 1998/1998/1998
f 2003/2003/2003 2002/2002/2002 2001/2001/2001
f 2004/2004/2004 2003/2003/2003 2001/2001/2001
f 2007/2007/2007 2006/2006/2006 2005/2005/2005
f 2006/2006/2006 2008/2008/2008 2005/2005/2005
f 2008/2008/2008 2009/2009/2009 2005/2005/2005
f 2009/2009/2009 2010/2010/2010 2005/2005/2005
f 2013/2013/2013 2012/2012/2012 2011/2011/2011
f 2012/2012/2012 2014/2014/2014 2011/2011/2011
f 2014/2014/2014 2015/2015/2015 2011/2011/2011
f 2015/2015/2015 2016/2016/2016 2011/2011/2011
f 2019/2019/2019 2018/2018/2018 2017/2017/2017
f 2018/2018/2018 2020/2020/2020 2017/2017/2017
f 2021/2021/2021 2017/2017/2017 2020/2020/2020
f 2022/2022/2022 2021/2021/2021 2020/2020/2020
f 2025/2025/2025 2024/2024/2024 2023/2023/2023
f 2024/2024/2024 2026/2026/2026 2023/2023/2023
f 2027/2027/2027 2023/2023/2023 2026/2026/2026
f 2028/2028/2028 2027/2027/2027 2026/2026/2026
f 2031/2031/2031 2030/2030/2030 2029/2029/2029
f 2030/2030/2030 2032/2032/2032 2029/2029/2029
f 2033/2033/2033 2029/2029/2029 2032/2032/2032
f 2034/2034/2034 2033/2033/2033 2032/2032/2032
f 2037/2037/2037 2036/2036/2036 2035/2035/2035
f 2036/2036/2036 2038/2038/2038 2035/2035/2035
f 2035/2035/2035 2038/2038/2038 2039/2039/2039
f 2038/2038/2038 2040/2040/2040 2039/2039/2039
f 2043/2043/2043 2042/2042/2042 2041/2041/2041
f 2042/2042/2042 2044/2044/2044 2041/2041/2041
f 2041/2041/2041 2044/2044/2044 2045/2045/2045
f 2044/2044/2044 2046/2046/2046 2045/2045/2045
f 2049/2049/2049 2048/2048/2048 2047/2047/2047
f 2048/2048/2048 2050/2050/2050 2047/2047/2047
f 2050/2050/2050 2051/2051/2051 2047/2047/2047
f 2051/2051/2051 2052/2052/2052 2047/2047/2047
f 2055/2055/2055 2054/2054/2054 2053/2053/2053
f 2054/2054/2054 2056/2056/2056 2053/2053/2053
f 2053/2053/2053 2056/2056/2056 2057/2057/2057
f 2056/2056/2056 2058/2058/2058 2057/2057/2057
f 2061/2061/2061 2060/2060/2060 2059/2059/2059
f 2062/2062/2062 2061/2061/2061 2059/2059/2059
f 2065/2065/2065 2064/2064/2064 2063/2063/2063
f 2066/2066/2066 2065/2065/2065 2063/2063/2063
f 2067/2067/2067 2065/2065/2065 2066/2066/2066
f 2068/2068/2068 2067/2067/2067 2066/2066/2066
f 2071/2071/2071 2070/2070/2070 2069/2069/2069
f 2070/2070/2070 2072/2072/2072 2069/2069/2069
f 2069/2069/2069 2072/2072/2072 2073/2073/2073
f 2072/2072/2072 2074/2074/2074 2073/2073/2073
f 2077/2077/2077 2076/2076/2076 2075/2075/2075
f 2078/2078/2078 2077/2077/2077 2075/2075/2075
f 2081/2081/2081 2080/2080/2080 2079/2079/2079
f 2082/2082/2082 2081/2081/2081 2079/2079/2079
f 2085/2085/2085 2084/2084/2084 2083/2083/2083
f 2086/2086/2086 2085/2085/2085 2083/2083/2083
f 2089/2089/2089 2088/2088/2088 2087/2087/2087
f 2090/2090/2090 2089/2089/2089 2087/2087/2087
f 2093/2093/2093 2092/2092/2092 2091/2091/2091
f 2094/2094/2094 2093/2093/2093 2091/2091/2091
f 2097/2097/2097 2096/2096/2096 2095/2095/2095
f 2098/2098/2098 2097/2097/2097 2095/2095/2095
f 2098/2098/2098 2099/2099/2099 2097/2097/2097
f 2099/2099/2099 2100/2100/2100 2097/2097/2097
f 2098/2098/2098 2095/2095/2095 2101/2101/2101
f 2102/2102/2102 2098/2098/2098 2101/2101/2101
f 2101/2101/2101 2095/2095/2095 2103/2103/2103
f 2095/2095/2095 2104/2104/2104 2103/2103/2103
f 2104/2104/2104 2105/2105/2105 2103/2103/2103
f 2105/2105/2105 2106/2106/2106 2103/2103/2103
f 2103/2103/2103 2106/2106/2106 2107/2107/2107
f 2108/2108/2108 2103/2103/2103 2107/2107/2107
f 2107/2107/2107 2109/2109/2109 2108/2108/2108
f 2109/2109/2109 2110/2110/2110 2108/2108/2108
f 2111/2111/2111 2108/2108/2108 2110/2110/2110
f 2102/2102/2102 2101/2101/2101 2111/2111/2111
f 2112/2112/2112 2111/2111/2111 2110/2110/2110
f 2113/2113/2113 2102/2102/2102 2111/2111/2111
f 2113/2113/2113 2111/2111/2111 2112/2112/2112
f 2113/2113/2113 2114/2114/2114 2102/2102/2102
f 2114/2114/2114 2115/2115/2115 2102/2102/2102
f 2116/2116/2116 2113/2113/2113 2112/2112/2112
f 2116/2116/2116 2112/2112/2112 2117/2117/2117
f 2118/2118/2118 2116/2116/2116 2117/2117/2117
f 2118/2118/2118 2119/2119/2119 2116/2116/2116
f 2119/2119/2119 2120/2120/2120 2116/2116/2116
f 2123/2123/2123 2122/2122/2122 2121/2121/2121
f 2124/2124/2124 2123/2123/2123 2121/2121/2121
f 2124/2124/2124 2125/2125/2125 2123/2123/2123
f 2125/2125/2125 2126/2126/2126 2123/2123/2123
f 2124/2124/2124 2121/2121/2121 2127/2127/2127
f 2128/2128/2128 2124/2124/2124 2127/2127/2127
f 2127/2127/2127 2121/2121/2121 2129/2129/2129
f 2121/2121/2121 2130/2130/2130 2129/2129/2129
f 2128/2128/2128 2127/2127/2127 2131/2131/2131
f 2132/2132/2132 2129/2129/2129 2130/2130/2130
f 2133/2133/2133 2132/2132/2132 2130/2130/2130
f 2132/2132/2132 2134/2134/2134 2129/2129/2129
f 2134/2134/2134 2135/2135/2135 2129/2129/2129
f 2134/2134/2134 2136/2136/2136 2135/2135/2135
f 2136/2136/2136 2137/2137/2137 2135/2135/2135
f 2131/2131/2131 2135/2135/2135 2137/2137/2137
f 2138/2138/2138 2131/2131/2131 2137/2137/2137
f 2139/2139/2139 2128/2128/2128 2131/2131/2131
f 2139/2139/2139 2131/2131/2131 2138/2138/2138
f 2139/2139/2139 2140/2140/2140 2128/2128/2128
f 2140/2140/2140 2141/2141/2141 2128/2128/2128
f 2142/2142/2142 2139/2139/2139 2138/2138/2138
f 2142/2142/2142 2138/2138/2138 2143/2143/2143
f 2144/2144/2144 2142/2142/2142 2143/2143/2143
f 2144/2144/2144 2145/2145/2145 2142/2142/2142
f 2145/2145/2145 2146/2146/2146 2142/2142/2142
f 2149/2149/2149 2148/2148/2148 2147/2147/2147
f 2150/2150/2150 2149/2149/2149 2147/2147/2147
f 2150/2150/2150 2151/2151/2151 2149/2149/2149
f 2151/2151/2151 2152/2152/2152 2149/2149/2149
f 2150/2150/2150 2147/2147/2147 2153/2153/2153
f 2154/2154/2154 2150/2150/2150 2153/2153/2153
f 2153/2153/2153 2147/2147/2147 2155/2155/2155
f 2147/2147/2147 2156/2156/2156 2155/2155/2155
f 2154/2154/2154 2153/2153/2153 2157/2157/2157
f 2158/2158/2158 2155/2155/2155 2156/2156/2156
f 2159/2159/2159 2158/2158/2158 2156/2156/2156
f 2158/2158/2158 2160/2160/2160 2155/2155/2155
f 2160/2160/2160 2161/2161/2161 2155/2155/2155
f 2160/2160/2160 2162/2162/2162 2161/2161/2161
f 2162/2162/2162 2163/2163/2163 2161/2161/2161
f 2157/2157/2157 2161/2161/2161 2163/2163/2163
f 2164/2164/2164 2157/2157/2157 2163/2163/2163
f 2165/2165/2165 2154/2154/2154 2157/2157/2157
f 2165/2165/2165 2157/2157/2157 2164/2164/2164
f 2165/2165/2165 2166/2166/2166 2154/2154/2154
f 2166/2166/2166 2167/2167/2167 2154/2154/2154
f 2168/2168/2168 2165/2165/2165 2164/2164/2164
f 2168/2168/2168 2164/2164/2164 2169/2169/2169
f 2170/2170/2170 2168/2168/2168 2169/2169/2169
f 2170/2170/2170 2171/2171/2171 2168/2168/2168
f 2171/2171/2171 2172/2172/2172 2168/2168/2168
f 2175/2175/2175 2174/2174/2174 2173/2173/2173
f 2176/2176/2176 2175/2175/2175 2173/2173/2173
f 2176/2176/2176 2177/2177/2177 2175/2175/2175
f 2177/2177/2177 2178/2178/2178 2175/2175/2175
f 2176/2176/2176 2173/2173/2173 2179/2179/2179
f 2180/2180/2180 2176/2176/2176 2179/2179/2179
f 2179/2179/2179 2173/2173/2173 2181/2181/2181
f 2173/2173/2173 2182/2182/2182 2181/2181/2181
f 2182/2182/2182 2183/2183/2183 2181/2181/2181
f 2183/2183/2183 2184/2184/2184 2181/2181/2181
f 2181/2181/2181 2184/2184/2184 2185/2185/2185
f 2184/2184/2184 2186/2186/2186 2185/2185/2185
f 2180/2180/2180 2179/2179/2179 2187/2187/2187
f 2185/2185/2185 2186/2186/2186 2188/2188/2188
f 2187/2187/2187 2185/2185/2185 2188/2188/2188
f 2186/2186/2186 2189/2189/2189 2188/2188/2188
f 2190/2190/2190 2187/2187/2187 2188/2188/2188
f 2191/2191/2191 2180/2180/2180 2187/2187/2187
f 2191/2191/2191 2187/2187/2187 2190/2190/2190
f 2191/2191/2191 2192/2192/2192 2180/2180/2180
f 2192/2192/2192 2193/2193/2193 2180/2180/2180
f 2194/2194/2194 2191/2191/2191 2190/2190/2190
f 2194/2194/2194 2190/2190/2190 2195/2195/2195
f 2196/2196/2196 2194/2194/2194 2195/2195/2195
f 2196/2196/2196 2197/2197/2197 2194/2194/2194
f 2197/2197/2197 2198/2198/2198 2194/2194/2194
f 2201/2201/2201 2200/2200/2200 2199/2199/2199
f 2202/2202/2202 2201/2201/2201 2199/2199/2199
f 2205/2205/2205 2204/2204/2204 2203/2203/2203
f 2206/2206/2206 2205/2205/2205 2203/2203/2203
f 2209/2209/2209 2208/2208/2208 2207/2207/2207
f 2210/2210/2210 2209/2209/2209 2207/2207/2207
f 2213/2213/2213 2212/2212/2212 2211/2211/2211
f 2214/2214/2214 2213/2213/2213 2211/2211/2211
f 2217/2217/2217 2216/2216/2216 2215/2215/2215
f 2218/2218/2218 2217/2217/2217 2215/2215/2215
f 2221/2221/2221 2220/2220/2220 2219/2219/2219
f 2222/2222/2222 2221/2221/2221 2219/2219/2219
f 2225/2225/2225 2224/2224/2224 2223/2223/2223
f 2226/2226/2226 2225/2225/2225 2223/2223/2223
f 2229/2229/2229 2228/2228/2228 2227/2227/2227
f 2230/2230/2230 2229/2229/2229 2227/2227/2227
f 2233/2233/2233 2232/2232/2232 2231/2231/2231
f 2234/2234/2234 2233/2233/2233 2231/2231/2231
f 2237/2237/2237 2236/2236/2236 2235/2235/2235
f 2238/2238/2238 2237/2237/2237 2235/2235/2235
f 2241/2241/2241 2240/2240/2240 2239/2239/2239
f 2242/2242/2242 2241/2241/2241 2239/2239/2239
f 2245/2245/2245 2244/2244/2244 2243/2243/2243
f 2246/2246/2246 2245/2245/2245 2243/2243/2243
f 2249/2249/2249 2248/2248/2248 2247/2247/2247
f 2250/2250/2250 2249/2249/2249 2247/2247/2247
f 2253/2253/2253 2252/2252/2252 2251/2251/2251
f 2254/2254/2254 2253/2253/2253 2251/2251/2251
f 2257/2257/2257 2256/2256/2256 2255/2255/2255
f 2258/2258/2258 2257/2257/2257 2255/2255/2255
f 2261/2261/2261 2260/2260/2260 2259/2259/2259
f 2262/2262/2262 2261/2261/2261 2259/2259/2259
f 2265/2265/2265 2264/2264/2264 2263/2263/2263
f 2266/2266/2266 2265/2265/2265 2263/2263/2263
f 2269/2269/2269 2268/2268/2268 2267/2267/2267
f 2270/2270/2270 2269/2269/2269 2267/2267/2267
f 2273/2273/2273 2272/2272/2272 2271/2271/2271
f 2274/2274/2274 2273/2273/2273 2271/2271/2271
f 2275/2275/2275 2273/2273/2273 2274/2274/2274
f 2276/2276/2276 2275/2275/2275 2274/2274/2274
f 2279/2279/2279 2278/2278/2278 2277/2277/2277
f 2280/2280/2280 2279/2279/2279 2277/2277/2277
f 2281/2281/2281 2279/2279/2279 2280/2280/2280
f 2282/2282/2282 2281/2281/2281 2280/2280/2280
f 2285/2285/2285 2284/2284/2284 2283/2283/2283
f 2286/2286/2286 2285/2285/2285 2283/2283/2283
f 2287/2287/2287 2285/2285/2285 2286/2286/2286
f 2288/2288/2288 2287/2287/2287 2286/2286/2286
f 2291/2291/2291 2290/2290/2290 2289/2289/2289
f 2292/2292/2292 2291/2291/2291 2289/2289/2289
f 2293/2293/2293 2291/2291/2291 2292/2292/2292
f 2294/2294/2294 2293/2293/2293 2292/2292/2292
f 2297/2297/2297 2296/2296/2296 2295/2295/2295
f 2298/2298/2298 2297/2297/2297 2295/2295/2295
f 2301/2301/2301 2300/2300/2300 2299/2299/2299
f 2302/2302/2302 2301/2301/2301 2299/2299/2299
f 2305/2305/2305 2304/2304/2304 2303/2303/2303
f 2306/2306/2306 2305/2305/2305 2303/2303/2303
f 2309/2309/2309 2308/2308/2308 2307/2307/2307
f 2310/2310/2310 2309/2309/2309 2307/2307/2307
f 2313/2313/2313 2312/2312/2312 2311/2311/2311
f 2314/2314/2314 2313/2313/2313 2311/2311/2311
f 2317/2317/2317 2316/2316/2316 2315/2315/2315
f 2318/2318/2318 2317/2317/2317 2315/2315/2315
f 2321/2321/2321 2320/2320/2320 2319/2319/2319
f 2322/2322/2322 2321/2321/2321 2319/2319/2319
f 2325/2325/2325 2324/2324/2324 2323/2323/2323
f 2326/2326/2326 2325/2325/2325 2323/2323/2323
f 2329/2329/2329 2328/2328/2328 2327/2327/2327
f 2330/2330/2330 2329/2329/2329 2327/2327/2327
f 2333/2333/2333 2332/2332/2332 2331/2331/2331
f 2334/2334/2334 2333/2333/2333 2331/2331/2331
f 2337/2337/2337 2336/2336/2336 2335/2335/2335
f 2338/2338/2338 2337/2337/2337 2335/2335/2335
f 2341/2341/2341 2340/2340/2340 2339/2339/2339
f 2342/2342/2342 2341/2341/2341 2339/2339/2339
f 2345/2345/2345 2344/2344/2344 2343/2343/2343
f 2346/2346/2346 2345/2345/2345 2343/2343/2343
f 2349/2349/2349 2348/2348/2348 2347/2347/2347
f 2350/2350/2350 2349/2349/2349 2347/2347/2347
f 2353/2353/2353 2352/2352/2352 2351/2351/2351
f 2354/2354/2354 2353/2353/2353 2351/2351/2351
f 2357/2357/2357 2356/2356/2356 2355/2355/2355
f 2358/2358/2358 2357/2357/2357 2355/2355/2355
f 2361/2361/2361 2360/2360/2360 2359/2359/2359
f 2362/2362/2362 2361/2361/2361 2359/2359/2359
f 2365/2365/2365 2364/2364/2364 2363/2363/2363
f 2366/2366/2366 2365/2365/2365 2363/2363/2363
f 2369/2369/2369 2368/2368/2368 2367/2367/2367
f 2370/2370/2370 2369/2369/2369 2367/2367/2367
f 2373/2373/2373 2372/2372/2372 2371/2371/2371
f 2374/2374/2374 2373/2373/2373 2371/2371/2371
f 2377/2377/2377 2376/2376/2376 2375/2375/2375
f 2378/2378/2378 2377/2377/2377 2375/2375/2375
f 2381/2381/2381 2380/2380/2380 2379/2379/2379
f 2382/2382/2382 2381/2381/2381 2379/2379/2379
f 2385/2385/2385 2384/2384/2384 2383/2383/2383
f 2386/2386/2386 2385/2385/2385 2383/2383/2383
f 2389/2389/2389 2388/2388/2388 2387/2387/2387
f 2388/2388/2388 2390/2390/2390 2387/2387/2387
f 2387/2387/2387 2390/2390/2390 2391/2391/2391
f 2390/2390/2390 2392/2392/2392 2391/2391/2391
f 2395/2395/2395 2394/2394/2394 2393/2393/2393
f 2396/2396/2396 2395/2395/2395 2393/2393/2393
f 2399/2399/2399 2398/2398/2398 2397/2397/2397
f 2400/2400/2400 2399/2399/2399 2397/2397/2397
f 2403/2403/2403 2402/2402/2402 2401/2401/2401
f 2402/2402/2402 2404/2404/2404 2401/2401/2401
f 2401/2401/2401 2404/2404/2404 2405/2405/2405
f 2404/2404/2404 2406/2406/2406 2405/2405/2405
f 2409/2409/2409 2408/2408/2408 2407/2407/2407
f 2410/2410/2410 2409/2409/2409 2407/2407/2407
f 2413/2413/2413 2412/2412/2412 2411/2411/2411
f 2414/2414/2414 2413/2413/2413 2411/2411/2411
f 2415/2415/2415 2413/2413/2413 2414/2414/2414
f 2416/2416/2416 2415/2415/2415 2414/2414/2414
f 2419/2419/2419 2418/2418/2418 2417/2417/2417
f 2418/2418/2418 2420/2420/2420 2417/2417/2417
f 2417/2417/2417 2420/2420/2420 2421/2421/2421
f 2420/2420/2420 2422/2422/2422 2421/2421/2421
f 2425/2425/2425 2424/2424/2424 2423/2423/2423
f 2424/2424/2424 2426/2426/2426 2423/2423/2423
f 2423/2423/2423 2426/2426/2426 2427/2427/2427
f 2426/2426/2426 2428/2428/2428 2427/2427/2427
f 2431/2431/2431 2430/2430/2430 2429/2429/2429
f 2432/2432/2432 2431/2431/2431 2429/2429/2429
f 2435/2435/2435 2434/2434/2434 2433/2433/2433
f 2436/2436/2436 2435/2435/2435 2433/2433/2433
f 2439/2439/2439 2438/2438/2438 2437/2437/2437
f 2440/2440/2440 2439/2439/2439 2437/2437/2437
f 2443/2443/2443 2442/2442/2442 2441/2441/2441
f 2444/2444/2444 2443/2443/2443 2441/2441/2441
f 2447/2447/2447 2446/2446/2446 2445/2445/2445
f 2448/2448/2448 2447/2447/2447 2445/2445/2445
f 2451/2451/2451 2450/2450/2450 2449/2449/2449
f 2452/2452/2452 2451/2451/2451 2449/2449/2449
f 2455/2455/2455 2454/2454/2454 2453/2453/2453
f 2456/2456/2456 2455/2455/2455 2453/2453/2453
f 2459/2459/2459 2458/2458/2458 2457/2457/2457
f 2460/2460/2460 2459/2459/2459 2457/2457/2457
f 2463/2463/2463 2462/2462/2462 2461/2461/2461
f 2464/2464/2464 2463/2463/2463 2461/2461/2461
f 2467/2467/2467 2466/2466/2466 2465/2465/2465
f 2468/2468/2468 2467/2467/2467 2465/2465/2465
f 2471/2471/2471 2470/2470/2470 2469/2469/2469
f 2472/2472/2472 2471/2471/2471 2469/2469/2469
f 2475/2475/2475 2474/2474/2474 2473/2473/2473
f 2476/2476/2476 2475/2475/2475 2473/2473/2473
f 2479/2479/2479 2478/2478/2478 2477/2477/2477
f 2480/2480/2480 2479/2479/2479 2477/2477/2477
f 2483/2483/2483 2482/2482/2482 2481/2481/2481
f 2484/2484/2484 2483/2483/2483 2481/2481/2481
f 2487/2487/2487 2486/2486/2486 2485/2485/2485
f 2488/2488/2488 2487/2487/2487 2485/2485/2485
f 2491/2491/2491 2490/2490/2490 2489/2489/2489
f 2492/2492/2492 2491/2491/2491 2489/2489/2489
f 2495/2495/2495 2494/2494/2494 2493/2493/2493
f 2494/2494/2494 2496/2496/2496 2493/2493/2493
f 2493/2493/2493 2496/2496/2496 2497/2497/2497
f 2496/2496/2496 2498/2498/2498 2497/2497/2497
f 2501/2501/2501 2500/2500/2500 2499/2499/2499
f 2500/2500/2500 2502/2502/2502 2499/2499/2499
f 2499/2499/2499 2502/2502/2502 2503/2503/2503
f 2502/2502/2502 2504/2504/2504 2503/2503/2503
f 2507/2507/2507 2506/2506/2506 2505/2505/2505
f 2508/2508/2508 2507/2507/2507 2505/2505/2505
f 2509/2509/2509 2507/2507/2507 2508/2508/2508
f 2510/2510/2510 2509/2509/2509 2508/2508/2508
f 2513/2513/2513 2512/2512/2512 2511/2511/2511
f 2514/2514/2514 2513/2513/2513 2511/2511/2511
f 2515/2515/2515 2513/2513/2513 2514/2514/2514
f 2516/2516/2516 2515/2515/2515 2514/2514/2514
f 2519/2519/2519 2518/2518/2518 2517/2517/2517
f 2520/2520/2520 2519/2519/2519 2517/2517/2517
f 2523/2523/2523 2522/2522/2522 2521/2521/2521
f 2522/2522/2522 2524/2524/2524 2521/2521/2521
f 2524/2524/2524 2525/2525/2525 2521/2521/2521
f 2525/2525/2525 2526/2526/2526 2521/2521/2521
f 2529/2529/2529 2528/2528/2528 2527/2527/2527
f 2528/2528/2528 2530/2530/2530 2527/2527/2527
f 2530/2530/2530 2531/2531/2531 2527/2527/2527
f 2531/2531/2531 2532/2532/2532 2527/2527/2527
f 2535/2535/2535 2534/2534/2534 2533/2533/2533
f 2534/2534/2534 2536/2536/2536 2533/2533/2533
f 2537/2537/2537 2533/2533/2533 2536/2536/2536
f 2538/2538/2538 2537/2537/2537 2536/2536/2536
f 2541/2541/2541 2540/2540/2540 2539/2539/2539
f 2540/2540/2540 2542/2542/2542 2539/2539/2539
f 2543/2543/2543 2539/2539/2539 2542/2542/2542
f 2544/2544/2544 2543/2543/2543 2542/2542/2542
f 2547/2547/2547 2546/2546/2546 2545/2545/2545
f 2546/2546/2546 2548/2548/2548 2545/2545/2545
f 2549/2549/2549 2545/2545/2545 2548/2548/2548
f 2550/2550/2550 2549/2549/2549 2548/2548/2548
f 2553/2553/2553 2552/2552/2552 2551/2551/2551
f 2552/2552/2552 2554/2554/2554 2551/2551/2551
f 2551/2551/2551 2554/2554/2554 2555/2555/2555
f 2554/2554/2554 2556/2556/2556 2555/2555/2555
f 2559/2559/2559 2558/2558/2558 2557/2557/2557
f 2558/2558/2558 2560/2560/2560 2557/2557/2557
f 2557/2557/2557 2560/2560/2560 2561/2561/2561
f 2560/2560/2560 2562/2562/2562 2561/2561/2561
f 2565/2565/2565 2564/2564/2564 2563/2563/2563
f 2564/2564/2564 2566/2566/2566 2563/2563/2563
f 2566/2566/2566 2567/2567/2567 2563/2563/2563
f 2567/2567/2567 2568/2568/2568 2563/2563/2563
f 2571/2571/2571 2570/2570/2570 2569/2569/2569
f 2570/2570/2570 2572/2572/2572 2569/2569/2569
f 2569/2569/2569 2572/2572/2572 2573/2573/2573
f 2572/2572/2572 2574/2574/2574 2573/2573/2573
f 2577/2577/2577 2576/2576/2576 2575/2575/2575
f 2578/2578/2578 2577/2577/2577 2575/2575/2575
f 2581/2581/2581 2580/2580/2580 2579/2579/2579
f 2582/2582/2582 2581/2581/2581 2579/2579/2579
f 2583/2583/2583 2581/2581/2581 2582/2582/2582
f 2584/2584/2584 2583/2583/2583 2582/2582/2582
f 2587/2587/2587 2586/2586/2586 2585/2585/2585
f 2586/2586/2586 2588/2588/2588 2585/2585/2585
f 2585/2585/2585 2588/2588/2588 2589/2589/2589
f 2588/2588/2588 2590/2590/2590 2589/2589/2589
f 2593/2593/2593 2592/2592/2592 2591/2591/2591
f 2594/2594/2594 2593/2593/2593 2591/2591/2591
f 2597/2597/2597 2596/2596/2596 2595/2595/2595
f 2598/2598/2598 2597/2597/2597 2595/2595/2595
f 2601/2601/2601 2600/2600/2600 2599/2599/2599
f 2602/2602/2602 2601/2601/2601 2599/2599/2599
f 2605/2605/2605 2604/2604/2604 2603/2603/2603
f 2606/2606/2606 2605/2605/2605 2603/2603/2603
f 2609/2609/2609 2608/2608/2608 2607/2607/2607
f 2610/2610/2610 2609/2609/2609 2607/2607/2607
f 2613/2613/2613 2612/2612/2612 2611/2611/2611
f 2614/2614/2614 2613/2613/2613 2611/2611/2611
f 2614/2614/2614 2615/2615/2615 2613/2613/2613
f 2615/2615/2615 2616/2616/2616 2613/2613/2613
f 2614/2614/2614 2611/2611/2611 2617/2617/2617
f 2618/2618/2618 2614/2614/2614 2617/2617/2617
f 2617/2617/2617 2611/2611/2611 2619/2619/2619
f 2611/2611/2611 2620/2620/2620 2619/2619/2619
f 2620/2620/2620 2621/2621/2621 2619/2619/2619
f 2621/2621/2621 2622/2622/2622 2619/2619/2619
f 2619/2619/2619 2622/2622/2622 2623/2623/2623
f 2624/2624/2624 2619/2619/2619 2623/2623/2623
f 2623/2623/2623 2625/2625/2625 2624/2624/2624
f 2625/2625/2625 2626/2626/2626 2624/2624/2624
f 2627/2627/2627 2624/2624/2624 2626/2626/2626
f 2618/2618/2618 2617/2617/2617 2627/2627/2627
f 2628/2628/2628 2627/2627/2627 2626/2626/2626
f 2629/2629/2629 2618/2618/2618 2627/2627/2627
f 2629/2629/2629 2627/2627/2627 2628/2628/2628
f 2629/2629/2629 2630/2630/2630 2618/2618/2618
f 2630/2630/2630 2631/2631/2631 2618/2618/2618
f 2632/2632/2632 2629/2629/2629 2628/2628/2628
f 2632/2632/2632 2628/2628/2628 2633/2633/2633
f 2634/2634/2634 2632/2632/2632 2633/2633/2633
f 2634/2634/2634 2635/2635/2635 2632/2632/2632
f 2635/2635/2635 2636/2636/2636 2632/2632/2632
f 2639/2639/2639 2638/2638/2638 2637/2637/2637
f 2640/2640/2640 2639/2639/2639 2637/2637/2637
f 2640/2640/2640 2641/2641/2641 2639/2639/2639
f 2641/2641/2641 2642/2642/2642 2639/2639/2639
f 2640/2640/2640 2637/2637/2637 2643/2643/2643
f 2644/2644/2644 2640/2640/2640 2643/2643/2643
f 2643/2643/2643 2637/2637/2637 2645/2645/2645
f 2637/2637/2637 2646/2646/2646 2645/2645/2645
f 2644/2644/2644 2643/2643/2643 2647/2647/2647
f 2648/2648/2648 2645/2645/2645 2646/2646/2646
f 2649/2649/2649 2648/2648/2648 2646/2646/2646
f 2648/2648/2648 2650/2650/2650 2645/2645/2645
f 2650/2650/2650 2651/2651/2651 2645/2645/2645
f 2650/2650/2650 2652/2652/2652 2651/2651/2651
f 2652/2652/2652 2653/2653/2653 2651/2651/2651
f 2647/2647/2647 2651/2651/2651 2653/2653/2653
f 2654/2654/2654 2647/2647/2647 2653/2653/2653
f 2655/2655/2655 2644/2644/2644 2647/2647/2647
f 2655/2655/2655 2647/2647/2647 2654/2654/2654
f 2655/2655/2655 2656/2656/2656 2644/2644/2644
f 2656/2656/2656 2657/2657/2657 2644/2644/2644
f 2658/2658/2658 2655/2655/2655 2654/2654/2654
f 2658/2658/2658 2654/2654/2654 2659/2659/2659
f 2660/2660/2660 2658/2658/2658 2659/2659/2659
f 2660/2660/2660 2661/2661/2661 2658/2658/2658
f 2661/2661/2661 2662/2662/2662 2658/2658/2658
f 2665/2665/2665 2664/2664/2664 2663/2663/2663
f 2666/2666/2666 2665/2665/2665 2663/2663/2663
f 2666/2666/2666 2667/2667/2667 2665/2665/2665
f 2667/2667/2667 2668/2668/2668 2665/2665/2665
f 2666/2666/2666 2663/2663/2663 2669/2669/2669
f 2670/2670/2670 2666/2666/2666 2669/2669/2669
f 2669/2669/2669 2663/2663/2663 2671/2671/2671
f 2663/2663/2663 2672/2672/2672 2671/2671/2671
f 2670/2670/2670 2669/2669/2669 2673/2673/2673
f 2674/2674/2674 2671/2671/2671 2672/2672/2672
f 2675/2675/2675 2674/2674/2674 2672/2672/2672
f 2674/2674/2674 2676/2676/2676 2671/2671/2671
f 2676/2676/2676 2677/2677/2677 2671/2671/2671
f 2676/2676/2676 2678/2678/2678 2677/2677/2677
f 2678/2678/2678 2679/2679/2679 2677/2677/2677
f 2673/2673/2673 2677/2677/2677 2679/2679/2679
f 2680/2680/2680 2673/2673/2673 2679/2679/2679
f 2681/2681/2681 2670/2670/2670 2673/2673/2673
f 2681/2681/2681 2673/2673/2673 2680/2680/2680
f 2681/2681/2681 2682/2682/2682 2670/2670/2670
f 2682/2682/2682 2683/2683/2683 2670/2670/2670
f 2684/2684/2684 2681/2681/2681 2680/2680/2680
f 2684/2684/2684 2680/2680/2680 2685/2685/2685
f 2686/2686/2686 2684/2684/2684 2685/2685/2685
f 2686/2686/2686 2687/2687/2687 2684/2684/2684
f 2687/2687/2687 2688/2688/2688 2684/2684/2684
f 2691/2691/2691 2690/2690/2690 2689/2689/2689
f 2692/2692/2692 2691/2691/2691 2689/2689/2689
f 2692/2692/2692 2693/2693/2693 2691/2691/2691
f 2693/2693/2693 2694/2694/2694 2691/2691/2691
f 2692/2692/2692 2689/2689/2689 2695/2695/2695
f 2696/2696/2696 2692/2692/2692 2695/2695/2695
f 2695/2695/2695 2689/2689/2689 2697/2697/2697
f 2689/2689/2689 2698/2698/2698 2697/2697/2697
f 2698/2698/2698 2699/2699/2699 2697/2697/2697
f 2699/2699/2699 2700/2700/2700 2697/2697/2697
f 2697/2697/2697 2700/2700/2700 2701/2701/2701
f 2700/2700/2700 2702/2702/2702 2701/2701/2701
f 2696/2696/2696 2695/2695/2695 2703/2703/2703
f 2701/2701/2701 2702/2702/2702 2704/2704/2704
f 2703/2703/2703 2701/2701/2701 2704/2704/2704
f 2702/2702/2702 2705/2705/2705 2704/2704/2704
f 2706/2706/2706 2703/2703/2703 2704/2704/2704
f 2707/2707/2707 2696/2696/2696 2703/2703/2703
f 2707/2707/2707 2703/2703/2703 2706/2706/2706
f 2707/2707/2707 2708/2708/2708 2696/2696/2696
f 2708/2708/2708 2709/2709/2709 2696/2696/2696
f 2710/2710/2710 2707/2707/2707 2706/2706/2706
f 2710/2710/2710 2706/2706/2706 2711/2711/2711
f 2712/2712/2712 2710/2710/2710 2711/2711/2711
f 2712/2712/2712 2713/2713/2713 2710/2710/2710
f 2713/2713/2713 2714/2714/2714 2710/2710/2710
f 2717/2717/2717 2716/2716/2716 2715/2715/2715
f 2718/2718/2718 2717/2717/2717 2715/2715/2715
f 2721/2721/2721 2720/2720/2720 2719/2719/2719
f 2722/2722/2722 2721/2721/2721 2719/2719/2719
f 2725/2725/2725 2724/2724/2724 2723/2723/2723
f 2726/2726/2726 2725/2725/2725 2723/2723/2723
f 2729/2729/2729 2728/2728/2728 2727/2727/2727
f 2730/2730/2730 2729/2729/2729 2727/2727/2727
f 2733/2733/2733 2732/2732/2732 2731/2731/2731
f 2734/2734/2734 2733/2733/2733 2731/2731/2731
f 2737/2737/2737 2736/2736/2736 2735/2735/2735
f 2738/2738/2738 2737/2737/2737 2735/2735/2735
f 2741/2741/2741 2740/2740/2740 2739/2739/2739
f 2742/2742/2742 2741/2741/2741 2739/2739/2739
f 2745/2745/2745 2744/2744/2744 2743/2743/2743
f 2746/2746/2746 2745/2745/2745 2743/2743/2743
f 2749/2749/2749 2748/2748/2748 2747/2747/2747
f 2750/2750/2750 2749/2749/2749 2747/2747/2747
f 2753/2753/2753 2752/2752/2752 2751/2751/2751
f 2754/2754/2754 2753/2753/2753 2751/2751/2751
f 2757/2757/2757 2756/2756/2756 2755/2755/2755
f 2758/2758/2758 2757/2757/2757 2755/2755/2755
f 2761/2761/2761 2760/2760/2760 2759/2759/2759
f 2762/2762/2762 2761/2761/2761 2759/2759/2759
f 2765/2765/2765 2764/2764/2764 2763/2763/2763
f 2766/2766/2766 2765/2765/2765 2763/2763/2763
f 2769/2769/2769 2768/2768/2768 2767/2767/2767
f 2770/2770/2770 2769/2769/2769 2767/2767/2767
f 2773/2773/2773 2772/2772/2772 2771/2771/2771
f 2774/2774/2774 2773/2773/2773 2771/2771/2771
f 2777/2777/2777 2776/2776/2776 2775/2775/2775
f 2778/2778/2778 2777/2777/2777 2775/2775/2775
f 2781/2781/2781 2780/2780/2780 2779/2779/2779
f 2782/2782/2782 2781/2781/2781 2779/2779/2779
f 2785/2785/2785 2784/2784/2784 2783/2783/2783
f 2786/2786/2786 2785/2785/2785 2783/2783/2783
f 2789/2789/2789 2788/2788/2788 2787/2787/2787
f 2790/2790/2790 2789/2789/2789 2787/2787/2787
f 2791/2791/2791 2789/2789/2789 2790/2790/2790
f 2792/2792/2792 2791/2791/2791 2790/2790/2790
f 2795/2795/2795 2794/2794/2794 2793/2793/2793
f 2796/2796/2796 2795/2795/2795 2793/2793/2793
f 2797/2797/2797 2795/2795/2795 2796/2796/2796
f 2798/2798/2798 2797/2797/2797 2796/2796/2796
f 2801/2801/2801 2800/2800/2800 2799/2799/2799
f 2802/2802/2802 2801/2801/2801 2799/2799/2799
f 2803/2803/2803 2801/2801/2801 2802/2802/2802
f 2804/2804/2804 2803/2803/2803 2802/2802/2802
f 2807/2807/2807 2806/2806/2806 2805/2805/2805
f 2808/2808/2808 2807/2807/2807 2805/2805/2805
f 2809/2809/2809 2807/2807/2807 2808/2808/2808
f 2810/2810/2810 2809/2809/2809 2808/2808/2808
f 2813/2813/2813 2812/2812/2812 2811/2811/2811
f 2814/2814/2814 2813/2813/2813 2811/2811/2811
f 2817/2817/2817 2816/2816/2816 2815/2815/2815
f 2818/2818/2818 2817/2817/2817 2815/2815/2815
f 2821/2821/2821 2820/2820/2820 2819/2819/2819
f 2822/2822/2822 2821/2821/2821 2819/2819/2819
f 2825/2825/2825 2824/2824/2824 2823/2823/2823
f 2826/2826/2826 2825/2825/2825 2823/2823/2823
f 2829/2829/2829 2828/2828/2828 2827/2827/2827
f 2830/2830/2830 2829/2829/2829 2827/2827/2827
f 2833/2833/2833 2832/2832/2832 2831/2831/2831
f 2834/2834/2834 2833/2833/2833 2831/2831/2831
f 2837/2837/2837 2836/2836/2836 2835/2835/2835
f 2838/2838/2838 2837/2837/2837 2835/2835/2835
f 2841/2841/2841 2840/2840/2840 2839/2839/2839
f 2842/2842/2842 2841/2841/2841 2839/2839/2839
f 2845/2845/2845 2844/2844/2844 2843/2843/2843
f 2846/2846/2846 2845/2845/2845 2843/2843/2843
f 2849/2849/2849 2848/2848/2848 2847/2847/2847
f 2850/2850/2850 2849/2849/2849 2847/2847/2847
f 2853/2853/2853 2852/2852/2852 2851/2851/2851
f 2854/2854/2854 2853/2853/2853 2851/2851/2851
f 2857/2857/2857 2856/2856/2856 2855/2855/2855
f 2858/2858/2858 2857/2857/2857 2855/2855/2855
f 2861/2861/2861 2860/2860/2860 2859/2859/2859
f 2862/2862/2862 2861/2861/2861 2859/2859/2859
f 2865/2865/2865 2864/2864/2864 2863/2863/2863
f 2866/2866/2866 2865/2865/2865 2863/2863/2863
f 2869/2869/2869 2868/2868/2868 2867/2867/2867
f 2870/2870/2870 2869/2869/2869 2867/2867/2867
f 2873/2873/2873 2872/2872/2872 2871/2871/2871
f 2874/2874/2874 2873/2873/2873 2871/2871/2871
f 2877/2877/2877 2876/2876/2876 2875/2875/2875
f 2878/2878/2878 2877/2877/2877 2875/2875/2875
f 2881/2881/2881 2880/2880/2880 2879/2879/2879
f 2882/2882/2882 2881/2881/2881 2879/2879/2879
f 2885/2885/2885 2884/2884/2884 2883/2883/2883
f 2886/2886/2886 2885/2885/2885 2883/2883/2883
f 2889/2889/2889 2888/2888/2888 2887/2887/2887
f 2890/2890/2890 2889/2889/2889 2887/2887/2887
f 2893/2893/2893 2892/2892/2892 2891/2891/2891
f 2894/2894/2894 2893/2893/2893 2891/2891/2891
f 2897/2897/2897 2896/2896/2896 2895/2895/2895
f 2898/2898/2898 2897/2897/2897 2895/2895/2895
f 2901/2901/2901 2900/2900/2900 2899/2899/2899
f 2902/2902/2902 2901/2901/2901 2899/2899/2899
f 2905/2905/2905 2904/2904/2904 2903/2903/2903
f 2904/2904/2904 2906/2906/2906 2903/2903/2903
f 2903/2903/2903 2906/2906/2906 2907/2907/2907
f 2906/2906/2906 2908/2908/2908 2907/2907/2907
f 2911/2911/2911 2910/2910/2910 2909/2909/2909
f 2912/2912/2912 2911/2911/2911 2909/2909/2909
f 2915/2915/2915 2914/2914/2914 2913/2913/2913
f 2916/2916/2916 2915/2915/2915 2913/2913/2913
f 2919/2919/2919 2918/2918/2918 2917/2917/2917
f 2918/2918/2918 2920/2920/2920 2917/2917/2917
f 2917/2917/2917 2920/2920/2920 2921/2921/2921
f 2920/2920/2920 2922/2922/2922 2921/2921/2921
f 2925/2925/2925 2924/2924/2924 2923/2923/2923
f 2926/2926/2926 2925/2925/2925 2923/2923/2923
f 2929/2929/2929 2928/2928/2928 2927/2927/2927
f 2930/2930/2930 2929/2929/2929 2927/2927/2927
f 2931/2931/2931 2929/2929/2929 2930/2930/2930
f 2932/2932/2932 2931/2931/2931 2930/2930/2930
f 2935/2935/2935 2934/2934/2934 2933/2933/2933
f 2934/2934/2934 2936/2936/2936 2933/2933/2933
f 2933/2933/2933 2936/2936/2936 2937/2937/2937
f 2936/2936/2936 2938/2938/2938 2937/2937/2937
f 2941/2941/2941 2940/2940/2940 2939/2939/2939
f 2940/2940/2940 2942/2942/2942 2939/2939/2939
f 2939/2939/2939 2942/2942/2942 2943/2943/2943
f 2942/2942/2942 2944/2944/2944 2943/2943/2943
f 2947/2947/2947 2946/2946/2946 2945/2945/2945
f 2948/2948/2948 2947/2947/2947 2945/2945/2945
f 2951/2951/2951 2950/2950/2950 2949/2949/2949
f 2952/2952/2952 2951/2951/2951 2949/2949/2949
f 2955/2955/2955 2954/2954/2954 2953/2953/2953
f 2956/2956/2956 2955/2955/2955 2953/2953/2953
f 2959/2959/2959 2958/2958/2958 2957/2957/2957
f 2960/2960/2960 2959/2959/2959 2957/2957/2957
f 2963/2963/2963 2962/2962/2962 2961/2961/2961
f 2964/2964/2964 2963/2963/2963 2961/2961/2961
f 2967/2967/2967 2966/2966/2966 2965/2965/2965
f 2968/2968/2968 2967/2967/2967 2965/2965/2965
f 2971/2971/2971 2970/2970/2970 2969/2969/2969
f 2972/2972/2972 2971/2971/2971 2969/2969/2969
f 2975/2975/2975 2974/2974/2974 2973/2973/2973
f 2976/2976/2976 2975/2975/2975 2973/2973/2973
f 2979/2979/2979 2978/2978/2978 2977/2977/2977
f 2980/2980/2980 2979/2979/2979 2977/2977/2977
f 2983/2983/2983 2982/2982/2982 2981/2981/2981
f 2984/2984/2984 2983/2983/2983 2981/2981/2981
f 2987/2987/2987 2986/2986/2986 2985/2985/2985
f 2988/2988/2988 2987/2987/2987 2985/2985/2985
f 2991/2991/2991 2990/2990/2990 2989/2989/2989
f 2992/2992/2992 2991/2991/2991 2989/2989/2989
f 2995/2995/2995 2994/2994/2994 2993/2993/2993
f 2996/2996/2996 2995/2995/2995 2993/2993/2993
f 2999/2999/2999 2998/2998/2998 2997/2997/2997
f 3000/3000/3000 2999/2999/2999 2997/2997/2997
f 3003/3003/3003 3002/3002/3002 3001/3001/3001
f 3004/3004/3004 3003/3003/3003 3001/3001/3001
f 3007/3007/3007 3006/3006/3006 3005/3005/3005
f 3008/3008/3008 3007/3007/3007 3005/3005/3005
f 3011/3011/3011 3010/3010/3010 3009/3009/3009
f 3010/3010/3010 3012/3012/3012 3009/3009/3009
f 3009/3009/3009 3012/3012/3012 3013/3013/3013
f 3012/3012/3012 3014/3014/3014 3013/3013/3013
f 3017/3017/3017 3016/3016/3016 3015/3015/3015
f 3016/3016/3016 3018/3018/3018 3015/3015/3015
f 3015/3015/3015 3018/3018/3018 3019/3019/3019
f 3018/3018/3018 3020/3020/3020 3019/3019/3019
f 3023/3023/3023 3022/3022/3022 3021/3021/3021
f 3024/3024/3024 3023/3023/3023 3021/3021/3021
f 3025/3025/3025 3023/3023/3023 3024/3024/3024
f 3026/3026/3026 3025/3025/3025 3024/3024/3024
f 3029/3029/3029 3028/3028/3028 3027/3027/3027
f 3030/3030/3030 3029/3029/3029 3027/3027/3027
f 3031/3031/3031 3029/3029/3029 3030/3030/3030
f 3032/3032/3032 3031/3031/3031 3030/3030/3030
f 3035/3035/3035 3034/3034/3034 3033/3033/3033
f 3036/3036/3036 3035/3035/3035 3033/3033/3033
f 3039/3039/3039 3038/3038/3038 3037/3037/3037
f 3038/3038/3038 3040/3040/3040 3037/3037/3037
f 3040/3040/3040 3041/3041/3041 3037/3037/3037
f 3041/3041/3041 3042/3042/3042 3037/3037/3037
f 3045/3045/3045 3044/3044/3044 3043/3043/3043
f 3044/3044/3044 3046/3046/3046 3043/3043/3043
f 3046/3046/3046 3047/3047/3047 3043/3043/3043
f 3047/3047/3047 3048/3048/3048 3043/3043/3043
f 3051/3051/3051 3050/3050/3050 3049/3049/3049
f 3050/3050/3050 3052/3052/3052 3049/3049/3049
f 3053/3053/3053 3049/3049/3049 3052/3052/3052
f 3054/3054/3054 3053/3053/3053 3052/3052/3052
f 3057/3057/3057 3056/3056/3056 3055/3055/3055
f 3056/3056/3056 3058/3058/3058 3055/3055/3055
f 3059/3059/3059 3055/3055/3055 3058/3058/3058
f 3060/3060/3060 3059/3059/3059 3058/3058/3058
f 3063/3063/3063 3062/3062/3062 3061/3061/3061
f 3062/3062/3062 3064/3064/3064 3061/3061/3061
f 3065/3065/3065 3061/3061/3061 3064/3064/3064
f 3066/3066/3066 3065/3065/3065 3064/3064/3064
f 3069/3069/3069 3068/3068/3068 3067/3067/3067
f 3068/3068/3068 3070/3070/3070 3067/3067/3067
f 3067/3067/3067 3070/3070/3070 3071/3071/3071
f 3070/3070/3070 3072/3072/3072 3071/3071/3071
f 3075/3075/3075 3074/3074/3074 3073/3073/3073
f 3074/3074/3074 3076/3076/3076 3073/3073/3073
f 3073/3073/3073 3076/3076/3076 3077/3077/3077
f 3076/3076/3076 3078/3078/3078 3077/3077/3077
f 3081/3081/3081 3080/3080/3080 3079/3079/3079
f 3080/3080/3080 3082/3082/3082 3079/3079/3079
f 3082/3082/3082 3083/3083/3083 3079/3079/3079
f 3083/3083/3083 3084/3084/3084 3079/3079/3079
f 3087/3087/3087 3086/3086/3086 3085/3085/3085
f 3086/3086/3086 3088/3088/3088 3085/3085/3085
f 3085/3085/3085 3088/3088/3088 3089/3089/3089
f 3088/3088/3088 3090/3090/3090 3089/3089/3089
f 3093/3093/3093 3092/3092/3092 3091/3091/3091
f 3094/3094/3094 3093/3093/3093 3091/3091/3091
f 3097/3097/3097 3096/3096/3096 3095/3095/3095
f 3098/3098/3098 3097/3097/3097 3095/3095/3095
f 3099/3099/3099 3097/3097/3097 3098/3098/3098
f 3100/3100/3100 3099/3099/3099 3098/3098/3098
f 3103/3103/3103 3102/3102/3102 3101/3101/3101
f 3102/3102/3102 3104/3104/3104 3101/3101/3101
f 3101/3101/3101 3104/3104/3104 3105/3105/3105
f 3104/3104/3104 3106/3106/3106 3105/3105/3105
f 3109/3109/3109 3108/3108/3108 3107/3107/3107
f 3110/3110/3110 3109/3109/3109 3107/3107/3107
f 3113/3113/3113 3112/3112/3112 3111/3111/3111
f 3114/3114/3114 3113/3113/3113 3111/3111/3111
f 3117/3117/3117 3116/3116/3116 3115/3115/3115
f 3118/3118/3118 3117/3117/3117 3115/3115/3115
f 3121/3121/3121 3120/3120/3120 3119/3119/3119
f 3122/3122/3122 3121/3121/3121 3119/3119/3119
f 3125/3125/3125 3124/3124/3124 3123/3123/3123
f 3126/3126/3126 3125/3125/3125 3123/3123/3123
f 3129/3129/3129 3128/3128/3128 3127/3127/3127
f 3130/3130/3130 3129/3129/3129 3127/3127/3127
f 3133/3133/3133 3132/3132/3132 3131/3131/3131
f 3134/3134/3134 3133/3133/3133 3131/3131/3131
f 3137/3137/3137 3136/3136/3136 3135/3135/3135
f 3136/3136/3136 3138/3138/3138 3135/3135/3135
f 3136/3136/3136 3139/3139/3139 3138/3138/3138
f 3139/3139/3139 3140/3140/3140 3138/3138/3138
f 3135/3135/3135 3138/3138/3138 3141/3141/3141
f 3138/3138/3138 3140/3140/3140 3142/3142/3142
f 3138/3138/3138 3142/3142/3142 3141/3141/3141
f 3135/3135/3135 3141/3141/3141 3143/3143/3143
f 3144/3144/3144 3135/3135/3135 3143/3143/3143
f 3140/3140/3140 3145/3145/3145 3142/3142/3142
f 3140/3140/3140 3146/3146/3146 3145/3145/3145
f 3146/3146/3146 3147/3147/3147 3145/3145/3145
f 3146/3146/3146 3148/3148/3148 3147/3147/3147
f 3148/3148/3148 3149/3149/3149 3147/3147/3147
f 3148/3148/3148 3150/3150/3150 3149/3149/3149
f 3141/3141/3141 3142/3142/3142 3151/3151/3151
f 3143/3143/3143 3141/3141/3141 3152/3152/3152
f 3141/3141/3141 3151/3151/3151 3152/3152/3152
f 3142/3142/3142 3145/3145/3145 3153/3153/3153
f 3142/3142/3142 3153/3153/3153 3151/3151/3151
f 3145/3145/3145 3147/3147/3147 3154/3154/3154
f 3145/3145/3145 3154/3154/3154 3153/3153/3153
f 3143/3143/3143 3152/3152/3152 3155/3155/3155
f 3156/3156/3156 3143/3143/3143 3155/3155/3155
f 3155/3155/3155 3152/3152/3152 3157/3157/3157
f 3152/3152/3152 3158/3158/3158 3157/3157/3157
f 3152/3152/3152 3151/3151/3151 3158/3158/3158
f 3151/3151/3151 3159/3159/3159 3158/3158/3158
f 3151/3151/3151 3153/3153/3153 3159/3159/3159
f 3158/3158/3158 3159/3159/3159 3160/3160/3160
f 3153/3153/3153 3161/3161/3161 3159/3159/3159
f 3153/3153/3153 3154/3154/3154 3161/3161/3161
f 3159/3159/3159 3162/3162/3162 3160/3160/3160
f 3159/3159/3159 3161/3161/3161 3162/3162/3162
f 3160/3160/3160 3162/3162/3162 3163/3163/3163
f 3147/3147/3147 3164/3164/3164 3154/3154/3154
f 3147/3147/3147 3149/3149/3149 3164/3164/3164
f 3154/3154/3154 3165/3165/3165 3161/3161/3161
f 3154/3154/3154 3164/3164/3164 3165/3165/3165
f 3162/3162/3162 3166/3166/3166 3163/3163/3163
f 3163/3163/3163 3166/3166/3166 3167/3167/3167
f 3161/3161/3161 3168/3168/3168 3162/3162/3162
f 3161/3161/3161 3165/3165/3165 3168/3168/3168
f 3162/3162/3162 3168/3168/3168 3166/3166/3166
f 3149/3149/3149 3169/3169/3169 3164/3164/3164
f 3164/3164/3164 3170/3170/3170 3165/3165/3165
f 3164/3164/3164 3169/3169/3169 3170/3170/3170
f 3165/3165/3165 3171/3171/3171 3168/3168/3168
f 3165/3165/3165 3170/3170/3170 3171/3171/3171
f 3168/3168/3168 3172/3172/3172 3166/3166/3166
f 3168/3168/3168 3171/3171/3171 3172/3172/3172
f 3166/3166/3166 3173/3173/3173 3167/3167/3167
f 3166/3166/3166 3172/3172/3172 3173/3173/3173
f 3149/3149/3149 3174/3174/3174 3169/3169/3169
f 3150/3150/3150 3174/3174/3174 3149/3149/3149
f 3169/3169/3169 3175/3175/3175 3170/3170/3170
f 3170/3170/3170 3176/3176/3176 3171/3171/3171
f 3170/3170/3170 3175/3175/3175 3176/3176/3176
f 3171/3171/3171 3177/3177/3177 3172/3172/3172
f 3171/3171/3171 3176/3176/3176 3177/3177/3177
f 3172/3172/3172 3178/3178/3178 3173/3173/3173
f 3172/3172/3172 3177/3177/3177 3178/3178/3178
f 3174/3174/3174 3179/3179/3179 3169/3169/3169
f 3169/3169/3169 3179/3179/3179 3175/3175/3175
f 3167/3167/3167 3173/3173/3173 3180/3180/3180
f 3167/3167/3167 3180/3180/3180 3181/3181/3181
f 3182/3182/3182 3167/3167/3167 3181/3181/3181
f 3181/3181/3181 3180/3180/3180 3183/3183/3183
f 3180/3180/3180 3184/3184/3184 3183/3183/3183
f 3173/3173/3173 3185/3185/3185 3180/3180/3180
f 3180/3180/3180 3185/3185/3185 3184/3184/3184
f 3173/3173/3173 3178/3178/3178 3185/3185/3185
f 3185/3185/3185 3186/3186/3186 3184/3184/3184
f 3184/3184/3184 3186/3186/3186 3187/3187/3187
f 3186/3186/3186 3188/3188/3188 3187/3187/3187
f 3178/3178/3178 3189/3189/3189 3185/3185/3185
f 3185/3185/3185 3189/3189/3189 3186/3186/3186
f 3186/3186/3186 3190/3190/3190 3188/3188/3188
f 3189/3189/3189 3190/3190/3190 3186/3186/3186
f 3178/3178/3178 3191/3191/3191 3189/3189/3189
f 3177/3177/3177 3191/3191/3191 3178/3178/3178
f 3190/3190/3190 3192/3192/3192 3188/3188/3188
f 3188/3188/3188 3192/3192/3192 3193/3193/3193
f 3192/3192/3192 3194/3194/3194 3193/3193/3193
f 3189/3189/3189 3195/3195/3195 3190/3190/3190
f 3191/3191/3191 3195/3195/3195 3189/3189/3189
f 3177/3177/3177 3196/3196/3196 3191/3191/3191
f 3176/3176/3176 3196/3196/3196 3177/3177/3177
f 3192/3192/3192 3197/3197/3197 3194/3194/3194
f 3197/3197/3197 3198/3198/3198 3194/3194/3194
f 3190/3190/3190 3199/3199/3199 3192/3192/3192
f 3199/3199/3199 3197/3197/3197 3192/3192/3192
f 3195/3195/3195 3199/3199/3199 3190/3190/3190
f 3191/3191/3191 3200/3200/3200 3195/3195/3195
f 3196/3196/3196 3200/3200/3200 3191/3191/3191
f 3176/3176/3176 3201/3201/3201 3196/3196/3196
f 3175/3175/3175 3201/3201/3201 3176/3176/3176
f 3199/3199/3199 3202/3202/3202 3197/3197/3197
f 3202/3202/3202 3203/3203/3203 3197/3197/3197
f 3195/3195/3195 3204/3204/3204 3199/3199/3199
f 3200/3200/3200 3204/3204/3204 3195/3195/3195
f 3204/3204/3204 3202/3202/3202 3199/3199/3199
f 3196/3196/3196 3205/3205/3205 3200/3200/3200
f 3201/3201/3201 3205/3205/3205 3196/3196/3196
f 3175/3175/3175 3206/3206/3206 3201/3201/3201
f 3179/3179/3179 3206/3206/3206 3175/3175/3175
f 3202/3202/3202 3207/3207/3207 3203/3203/3203
f 3207/3207/3207 3208/3208/3208 3203/3203/3203
f 3204/3204/3204 3209/3209/3209 3202/3202/3202
f 3209/3209/3209 3207/3207/3207 3202/3202/3202
f 3200/3200/3200 3210/3210/3210 3204/3204/3204
f 3205/3205/3205 3210/3210/3210 3200/3200/3200
f 3210/3210/3210 3209/3209/3209 3204/3204/3204
f 3201/3201/3201 3211/3211/3211 3205/3205/3205
f 3206/3206/3206 3211/3211/3211 3201/3201/3201
f 3207/3207/3207 3212/3212/3212 3208/3208/3208
f 3212/3212/3212 3213/3213/3213 3208/3208/3208
f 3209/3209/3209 3214/3214/3214 3207/3207/3207
f 3214/3214/3214 3212/3212/3212 3207/3207/3207
f 3210/3210/3210 3215/3215/3215 3209/3209/3209
f 3215/3215/3215 3214/3214/3214 3209/3209/3209
f 3205/3205/3205 3216/3216/3216 3210/3210/3210
f 3211/3211/3211 3216/3216/3216 3205/3205/3205
f 3216/3216/3216 3215/3215/3215 3210/3210/3210
f 3206/3206/3206 3217/3217/3217 3211/3211/3211
f 3211/3211/3211 3218/3218/3218 3216/3216/3216
f 3217/3217/3217 3218/3218/3218 3211/3211/3211
f 3216/3216/3216 3219/3219/3219 3215/3215/3215
f 3218/3218/3218 3219/3219/3219 3216/3216/3216
f 3215/3215/3215 3220/3220/3220 3214/3214/3214
f 3219/3219/3219 3220/3220/3220 3215/3215/3215
f 3214/3214/3214 3221/3221/3221 3212/3212/3212
f 3220/3220/3220 3221/3221/3221 3214/3214/3214
f 3212/3212/3212 3222/3222/3222 3213/3213/3213
f 3221/3221/3221 3222/3222/3222 3212/3212/3212
f 3223/3223/3223 3217/3217/3217 3206/3206/3206
f 3179/3179/3179 3223/3223/3223 3206/3206/3206
f 3222/3222/3222 3224/3224/3224 3213/3213/3213
f 3213/3213/3213 3224/3224/3224 3225/3225/3225
f 3224/3224/3224 3226/3226/3226 3225/3225/3225
f 3224/3224/3224 3227/3227/3227 3226/3226/3226
f 3227/3227/3227 3228/3228/3228 3226/3226/3226
f 3222/3222/3222 3229/3229/3229 3224/3224/3224
f 3229/3229/3229 3227/3227/3227 3224/3224/3224
f 3221/3221/3221 3230/3230/3230 3222/3222/3222
f 3230/3230/3230 3229/3229/3229 3222/3222/3222
f 3220/3220/3220 3231/3231/3231 3221/3221/3221
f 3231/3231/3231 3230/3230/3230 3221/3221/3221
f 3229/3229/3229 3232/3232/3232 3227/3227/3227
f 3232/3232/3232 3233/3233/3233 3227/3227/3227
f 3230/3230/3230 3234/3234/3234 3229/3229/3229
f 3234/3234/3234 3232/3232/3232 3229/3229/3229
f 3234/3234/3234 3235/3235/3235 3232/3232/3232
f 3235/3235/3235 3236/3236/3236 3232/3232/3232
f 3237/3237/3237 3235/3235/3235 3234/3234/3234
f 3238/3238/3238 3237/3237/3237 3234/3234/3234
f 3238/3238/3238 3234/3234/3234 3230/3230/3230
f 3231/3231/3231 3238/3238/3238 3230/3230/3230
f 3239/3239/3239 3238/3238/3238 3231/3231/3231
f 3240/3240/3240 3231/3231/3231 3220/3220/3220
f 3240/3240/3240 3239/3239/3239 3231/3231/3231
f 3219/3219/3219 3240/3240/3240 3220/3220/3220
f 3241/3241/3241 3239/3239/3239 3240/3240/3240
f 3242/3242/3242 3240/3240/3240 3219/3219/3219
f 3242/3242/3242 3241/3241/3241 3240/3240/3240
f 3218/3218/3218 3242/3242/3242 3219/3219/3219
f 3243/3243/3243 3241/3241/3241 3242/3242/3242
f 3244/3244/3244 3242/3242/3242 3218/3218/3218
f 3244/3244/3244 3243/3243/3243 3242/3242/3242
f 3217/3217/3217 3244/3244/3244 3218/3218/3218
f 3245/3245/3245 3244/3244/3244 3217/3217/3217
f 3223/3223/3223 3245/3245/3245 3217/3217/3217
f 3246/3246/3246 3243/3243/3243 3244/3244/3244
f 3245/3245/3245 3246/3246/3246 3244/3244/3244
f 3246/3246/3246 3247/3247/3247 3243/3243/3243
f 3247/3247/3247 3248/3248/3248 3243/3243/3243
f 3249/3249/3249 3247/3247/3247 3246/3246/3246
f 3250/3250/3250 3249/3249/3249 3246/3246/3246
f 3250/3250/3250 3246/3246/3246 3245/3245/3245
f 3251/3251/3251 3250/3250/3250 3245/3245/3245
f 3251/3251/3251 3245/3245/3245 3223/3223/3223
f 3252/3252/3252 3250/3250/3250 3251/3251/3251
f 3253/3253/3253 3252/3252/3252 3251/3251/3251
f 3254/3254/3254 3251/3251/3251 3223/3223/3223
f 3253/3253/3253 3251/3251/3251 3254/3254/3254
f 3254/3254/3254 3223/3223/3223 3179/3179/3179
f 3174/3174/3174 3254/3254/3254 3179/3179/3179
f 3255/3255/3255 3253/3253/3253 3254/3254/3254
f 3255/3255/3255 3254/3254/3254 3174/3174/3174
f 3256/3256/3256 3253/3253/3253 3255/3255/3255
f 3150/3150/3150 3255/3255/3255 3174/3174/3174
f 3257/3257/3257 3256/3256/3256 3255/3255/3255
f 3257/3257/3257 3255/3255/3255 3150/3150/3150
f 3258/3258/3258 3257/3257/3257 3150/3150/3150
f 3261/3261/3261 3260/3260/3260 3259/3259/3259
f 3260/3260/3260 3262/3262/3262 3259/3259/3259
f 3259/3259/3259 3262/3262/3262 3263/3263/3263
f 3262/3262/3262 3264/3264/3264 3263/3263/3263
f 3263/3263/3263 3264/3264/3264 3265/3265/3265
f 3264/3264/3264 3266/3266/3266 3265/3265/3265
f 3269/3269/3269 3268/3268/3268 3267/3267/3267
f 3270/3270/3270 3269/3269/3269 3267/3267/3267
f 3271/3271/3271 3269/3269/3269 3270/3270/3270
f 3272/3272/3272 3271/3271/3271 3270/3270/3270
f 3275/3275/3275 3274/3274/3274 3273/3273/3273
f 3276/3276/3276 3275/3275/3275 3273/3273/3273
f 3277/3277/3277 3275/3275/3275 3276/3276/3276
f 3278/3278/3278 3277/3277/3277 3276/3276/3276
f 3281/3281/3281 3280/3280/3280 3279/3279/3279
f 3282/3282/3282 3281/3281/3281 3279/3279/3279
f 3283/3283/3283 3281/3281/3281 3282/3282/3282
f 3284/3284/3284 3283/3283/3283 3282/3282/3282
f 3285/3285/3285 3283/3283/3283 3284/3284/3284
f 3286/3286/3286 3285/3285/3285 3284/3284/3284
f 3282/3282/3282 3279/3279/3279 3287/3287/3287
f 3287/3287/3287 3279/3279/3279 3288/3288/3288
f 3289/3289/3289 3282/3282/3282 3287/3287/3287
f 3284/3284/3284 3282/3282/3282 3289/3289/3289
f 3279/3279/3279 3290/3290/3290 3288/3288/3288
f 3291/3291/3291 3284/3284/3284 3289/3289/3289
f 3286/3286/3286 3284/3284/3284 3291/3291/3291
f 3288/3288/3288 3290/3290/3290 3292/3292/3292
f 3293/3293/3293 3286/3286/3286 3291/3291/3291
f 3294/3294/3294 3286/3286/3286 3293/3293/3293
f 3295/3295/3295 3294/3294/3294 3293/3293/3293
f 3290/3290/3290 3296/3296/3296 3292/3292/3292
f 3297/3297/3297 3294/3294/3294 3295/3295/3295
f 3292/3292/3292 3296/3296/3296 3298/3298/3298
f 3299/3299/3299 3297/3297/3297 3295/3295/3295
f 3296/3296/3296 3300/3300/3300 3298/3298/3298
f 3296/3296/3296 3301/3301/3301 3300/3300/3300
f 3298/3298/3298 3300/3300/3300 3302/3302/3302
f 3301/3301/3301 3303/3303/3303 3300/3300/3300
f 3300/3300/3300 3304/3304/3304 3302/3302/3302
f 3300/3300/3300 3303/3303/3303 3304/3304/3304
f 3302/3302/3302 3304/3304/3304 3305/3305/3305
f 3303/3303/3303 3306/3306/3306 3304/3304/3304
f 3304/3304/3304 3307/3307/3307 3305/3305/3305
f 3304/3304/3304 3306/3306/3306 3307/3307/3307
f 3305/3305/3305 3307/3307/3307 3308/3308/3308
f 3306/3306/3306 3309/3309/3309 3307/3307/3307
f 3307/3307/3307 3310/3310/3310 3308/3308/3308
f 3307/3307/3307 3309/3309/3309 3310/3310/3310
f 3309/3309/3309 3311/3311/3311 3310/3310/3310
f 3308/3308/3308 3310/3310/3310 3312/3312/3312
f 3310/3310/3310 3313/3313/3313 3312/3312/3312
f 3312/3312/3312 3313/3313/3313 3314/3314/3314
f 3313/3313/3313 3315/3315/3315 3314/3314/3314
f 3314/3314/3314 3315/3315/3315 3316/3316/3316
f 3315/3315/3315 3317/3317/3317 3316/3316/3316
f 3315/3315/3315 3318/3318/3318 3317/3317/3317
f 3316/3316/3316 3317/3317/3317 3319/3319/3319
f 3318/3318/3318 3320/3320/3320 3317/3317/3317
f 3317/3317/3317 3321/3321/3321 3319/3319/3319
f 3317/3317/3317 3320/3320/3320 3321/3321/3321
f 3319/3319/3319 3321/3321/3321 3322/3322/3322
f 3320/3320/3320 3323/3323/3323 3321/3321/3321
f 3321/3321/3321 3324/3324/3324 3322/3322/3322
f 3321/3321/3321 3323/3323/3323 3324/3324/3324
f 3323/3323/3323 3325/3325/3325 3324/3324/3324
f 3322/3322/3322 3324/3324/3324 3326/3326/3326
f 3324/3324/3324 3327/3327/3327 3326/3326/3326
f 3326/3326/3326 3327/3327/3327 3328/3328/3328
f 3327/3327/3327 3329/3329/3329 3328/3328/3328
f 3328/3328/3328 3329/3329/3329 3330/3330/3330
f 3329/3329/3329 3331/3331/3331 3330/3330/3330
f 3329/3329/3329 3332/3332/3332 3331/3331/3331
f 3330/3330/3330 3331/3331/3331 3333/3333/3333
f 3332/3332/3332 3334/3334/3334 3331/3331/3331
f 3331/3331/3331 3335/3335/3335 3333/3333/3333
f 3331/3331/3331 3334/3334/3334 3335/3335/3335
f 3333/3333/3333 3335/3335/3335 3336/3336/3336
f 3334/3334/3334 3337/3337/3337 3335/3335/3335
f 3335/3335/3335 3338/3338/3338 3336/3336/3336
f 3335/3335/3335 3337/3337/3337 3338/3338/3338
f 3336/3336/3336 3338/3338/3338 3339/3339/3339
f 3337/3337/3337 3340/3340/3340 3338/3338/3338
f 3338/3338/3338 3341/3341/3341 3339/3339/3339
f 3338/3338/3338 3340/3340/3340 3341/3341/3341
f 3340/3340/3340 3342/3342/3342 3341/3341/3341
f 3339/3339/3339 3341/3341/3341 3343/3343/3343
f 3341/3341/3341 3344/3344/3344 3343/3343/3343
f 3343/3343/3343 3344/3344/3344 3345/3345/3345
f 3344/3344/3344 3346/3346/3346 3345/3345/3345
f 3345/3345/3345 3346/3346/3346 3347/3347/3347
f 3346/3346/3346 3348/3348/3348 3347/3347/3347
f 3346/3346/3346 3349/3349/3349 3348/3348/3348
f 3347/3347/3347 3348/3348/3348 3350/3350/3350
f 3349/3349/3349 3351/3351/3351 3348/3348/3348
f 3348/3348/3348 3352/3352/3352 3350/3350/3350
f 3348/3348/3348 3351/3351/3351 3352/3352/3352
f 3350/3350/3350 3352/3352/3352 3353/3353/3353
f 3351/3351/3351 3354/3354/3354 3352/3352/3352
f 3352/3352/3352 3355/3355/3355 3353/3353/3353
f 3352/3352/3352 3354/3354/3354 3355/3355/3355
f 3354/3354/3354 3356/3356/3356 3355/3355/3355
f 3353/3353/3353 3355/3355/3355 3357/3357/3357
f 3355/3355/3355 3358/3358/3358 3357/3357/3357
f 3357/3357/3357 3358/3358/3358 3359/3359/3359
f 3358/3358/3358 3360/3360/3360 3359/3359/3359
f 3359/3359/3359 3360/3360/3360 3361/3361/3361
f 3360/3360/3360 3362/3362/3362 3361/3361/3361
f 3360/3360/3360 3363/3363/3363 3362/3362/3362
f 3361/3361/3361 3362/3362/3362 3364/3364/3364
f 3363/3363/3363 3365/3365/3365 3362/3362/3362
f 3362/3362/3362 3366/3366/3366 3364/3364/3364
f 3362/3362/3362 3365/3365/3365 3366/3366/3366
f 3364/3364/3364 3366/3366/3366 3367/3367/3367
f 3365/3365/3365 3368/3368/3368 3366/3366/3366
f 3366/3366/3366 3369/3369/3369 3367/3367/3367
f 3366/3366/3366 3368/3368/3368 3369/3369/3369
f 3367/3367/3367 3369/3369/3369 3370/3370/3370
f 3368/3368/3368 3371/3371/3371 3369/3369/3369
f 3369/3369/3369 3372/3372/3372 3370/3370/3370
f 3369/3369/3369 3371/3371/3371 3372/3372/3372
f 3371/3371/3371 3373/3373/3373 3372/3372/3372
f 3370/3370/3370 3372/3372/3372 3374/3374/3374
f 3372/3372/3372 3375/3375/3375 3374/3374/3374
f 3374/3374/3374 3375/3375/3375 3376/3376/3376
f 3375/3375/3375 3377/3377/3377 3376/3376/3376
f 3376/3376/3376 3377/3377/3377 3378/3378/3378
f 3377/3377/3377 3379/3379/3379 3378/3378/3378
f 3377/3377/3377 3380/3380/3380 3379/3379/3379
f 3378/3378/3378 3379/3379/3379 3381/3381/3381
f 3380/3380/3380 3382/3382/3382 3379/3379/3379
f 3379/3379/3379 3383/3383/3383 3381/3381/3381
f 3379/3379/3379 3382/3382/3382 3383/3383/3383
f 3381/3381/3381 3383/3383/3383 3384/3384/3384
f 3382/3382/3382 3385/3385/3385 3383/3383/3383
f 3383/3383/3383 3386/3386/3386 3384/3384/3384
f 3383/3383/3383 3385/3385/3385 3386/3386/3386
f 3385/3385/3385 3387/3387/3387 3386/3386/3386
f 3384/3384/3384 3386/3386/3386 3388/3388/3388
f 3386/3386/3386 3389/3389/3389 3388/3388/3388
f 3388/3388/3388 3389/3389/3389 3390/3390/3390
f 3389/3389/3389 3391/3391/3391 3390/3390/3390
f 3390/3390/3390 3391/3391/3391 3392/3392/3392
f 3391/3391/3391 3393/3393/3393 3392/3392/3392
f 3391/3391/3391 3394/3394/3394 3393/3393/3393
f 3392/3392/3392 3393/3393/3393 3395/3395/3395
f 3394/3394/3394 3396/3396/3396 3393/3393/3393
f 3393/3393/3393 3397/3397/3397 3395/3395/3395
f 3393/3393/3393 3396/3396/3396 3397/3397/3397
f 3395/3395/3395 3397/3397/3397 3398/3398/3398
f 3396/3396/3396 3399/3399/3399 3397/3397/3397
f 3397/3397/3397 3400/3400/3400 3398/3398/3398
f 3397/3397/3397 3399/3399/3399 3400/3400/3400
f 3398/3398/3398 3400/3400/3400 3299/3299/3299
f 3399/3399/3399 3401/3401/3401 3400/3400/3400
f 3400/3400/3400 3297/3297/3297 3299/3299/3299
f 3400/3400/3400 3401/3401/3401 3297/3297/3297
f 3401/3401/3401 3402/3402/3402 3297/3297/3297
f 3405/3405/3405 3404/3404/3404 3403/3403/3403
f 3406/3406/3406 3405/3405/3405 3403/3403/3403
f 3409/3409/3409 3408/3408/3408 3407/3407/3407
f 3410/3410/3410 3409/3409/3409 3407/3407/3407
f 3411/3411/3411 3409/3409/3409 3410/3410/3410
f 3412/3412/3412 3411/3411/3411 3410/3410/3410
f 3413/3413/3413 3411/3411/3411 3412/3412/3412
f 3414/3414/3414 3413/3413/3413 3412/3412/3412
f 3417/3417/3417 3416/3416/3416 3415/3415/3415
f 3418/3418/3418 3417/3417/3417 3415/3415/3415
f 3419/3419/3419 3417/3417/3417 3418/3418/3418
f 3420/3420/3420 3419/3419/3419 3418/3418/3418
f 3423/3423/3423 3422/3422/3422 3421/3421/3421
f 3424/3424/3424 3423/3423/3423 3421/3421/3421
f 3427/3427/3427 3426/3426/3426 3425/3425/3425
f 3428/3428/3428 3427/3427/3427 3425/3425/3425
f 3429/3429/3429 3427/3427/3427 3428/3428/3428
f 3430/3430/3430 3429/3429/3429 3428/3428/3428
f 3433/3433/3433 3432/3432/3432 3431/3431/3431
f 3434/3434/3434 3433/3433/3433 3431/3431/3431
f 3437/3437/3437 3436/3436/3436 3435/3435/3435
f 3438/3438/3438 3437/3437/3437 3435/3435/3435
f 3441/3441/3441 3440/3440/3440 3439/3439/3439
f 3440/3440/3440 3442/3442/3442 3439/3439/3439
f 3439/3439/3439 3442/3442/3442 3443/3443/3443
f 3442/3442/3442 3444/3444/3444 3443/3443/3443
f 3443/3443/3443 3444/3444/3444 3445/3445/3445
f 3444/3444/3444 3446/3446/3446 3445/3445/3445
f 3445/3445/3445 3446/3446/3446 3447/3447/3447
f 3446/3446/3446 3448/3448/3448 3447/3447/3447
f 3447/3447/3447 3448/3448/3448 3449/3449/3449
f 3448/3448/3448 3450/3450/3450 3449/3449/3449
f 3449/3449/3449 3450/3450/3450 3451/3451/3451
f 3450/3450/3450 3452/3452/3452 3451/3451/3451
f 3455/3455/3455 3454/3454/3454 3453/3453/3453
f 3456/3456/3456 3455/3455/3455 3453/3453/3453
f 3459/3459/3459 3458/3458/3458 3457/3457/3457
f 3460/3460/3460 3459/3459/3459 3457/3457/3457
f 3463/3463/3463 3462/3462/3462 3461/3461/3461
f 3464/3464/3464 3463/3463/3463 3461/3461/3461
f 3467/3467/3467 3466/3466/3466 3465/3465/3465
f 3468/3468/3468 3467/3467/3467 3465/3465/3465
f 3469/3469/3469 3467/3467/3467 3468/3468/3468
f 3470/3470/3470 3469/3469/3469 3468/3468/3468
f 3471/3471/3471 3469/3469/3469 3470/3470/3470
f 3472/3472/3472 3471/3471/3471 3470/3470/3470
f 3473/3473/3473 3471/3471/3471 3472/3472/3472
f 3474/3474/3474 3473/3473/3473 3472/3472/3472
f 3475/3475/3475 3473/3473/3473 3474/3474/3474
f 3476/3476/3476 3475/3475/3475 3474/3474/3474
f 3477/3477/3477 3475/3475/3475 3476/3476/3476
f 3478/3478/3478 3477/3477/3477 3476/3476/3476
f 3481/3481/3481 3480/3480/3480 3479/3479/3479
f 3480/3480/3480 3482/3482/3482 3479/3479/3479
f 3479/3479/3479 3482/3482/3482 3483/3483/3483
f 3482/3482/3482 3484/3484/3484 3483/3483/3483
f 3483/3483/3483 3484/3484/3484 3485/3485/3485
f 3484/3484/3484 3486/3486/3486 3485/3485/3485
f 3485/3485/3485 3486/3486/3486 3487/3487/3487
f 3486/3486/3486 3488/3488/3488 3487/3487/3487
f 3487/3487/3487 3488/3488/3488 3489/3489/3489
f 3488/3488/3488 3490/3490/3490 3489/3489/3489
f 3489/3489/3489 3490/3490/3490 3491/3491/3491
f 3490/3490/3490 3492/3492/3492 3491/3491/3491
f 3495/3495/3495 3494/3494/3494 3493/3493/3493
f 3496/3496/3496 3495/3495/3495 3493/3493/3493
f 3499/3499/3499 3498/3498/3498 3497/3497/3497
f 3500/3500/3500 3499/3499/3499 3497/3497/3497
f 3503/3503/3503 3502/3502/3502 3501/3501/3501
f 3504/3504/3504 3503/3503/3503 3501/3501/3501
f 3507/3507/3507 3506/3506/3506 3505/3505/3505
f 3508/3508/3508 3507/3507/3507 3505/3505/3505
f 3509/3509/3509 3507/3507/3507 3508/3508/3508
f 3510/3510/3510 3509/3509/3509 3508/3508/3508
f 3511/3511/3511 3509/3509/3509 3510/3510/3510
f 3512/3512/3512 3511/3511/3511 3510/3510/3510
f 3513/3513/3513 3511/3511/3511 3512/3512/3512
f 3514/3514/3514 3513/3513/3513 3512/3512/3512
f 3515/3515/3515 3513/3513/3513 3514/3514/3514
f 3516/3516/3516 3515/3515/3515 3514/3514/3514
f 3517/3517/3517 3515/3515/3515 3516/3516/3516
f 3518/3518/3518 3517/3517/3517 3516/3516/3516
f 3521/3521/3521 3520/3520/3520 3519/3519/3519
f 3520/3520/3520 3522/3522/3522 3519/3519/3519
f 3519/3519/3519 3522/3522/3522 3523/3523/3523
f 3520/3520/3520 3524/3524/3524 3522/3522/3522
f 3522/3522/3522 3525/3525/3525 3523/3523/3523
f 3523/3523/3523 3525/3525/3525 3526/3526/3526
f 3524/3524/3524 3527/3527/3527 3522/3522/3522
f 3522/3522/3522 3527/3527/3527 3525/3525/3525
f 3524/3524/3524 3528/3528/3528 3527/3527/3527
f 3525/3525/3525 3529/3529/3529 3526/3526/3526
f 3526/3526/3526 3529/3529/3529 3530/3530/3530
f 3528/3528/3528 3531/3531/3531 3527/3527/3527
f 3528/3528/3528 3532/3532/3532 3531/3531/3531
f 3527/3527/3527 3533/3533/3533 3525/3525/3525
f 3525/3525/3525 3533/3533/3533 3529/3529/3529
f 3527/3527/3527 3531/3531/3531 3533/3533/3533
f 3529/3529/3529 3534/3534/3534 3530/3530/3530
f 3530/3530/3530 3534/3534/3534 3535/3535/3535
f 3532/3532/3532 3536/3536/3536 3531/3531/3531
f 3532/3532/3532 3537/3537/3537 3536/3536/3536
f 3531/3531/3531 3538/3538/3538 3533/3533/3533
f 3531/3531/3531 3536/3536/3536 3538/3538/3538
f 3533/3533/3533 3539/3539/3539 3529/3529/3529
f 3529/3529/3529 3539/3539/3539 3534/3534/3534
f 3533/3533/3533 3538/3538/3538 3539/3539/3539
f 3534/3534/3534 3540/3540/3540 3535/3535/3535
f 3535/3535/3535 3540/3540/3540 3541/3541/3541
f 3537/3537/3537 3542/3542/3542 3536/3536/3536
f 3537/3537/3537 3543/3543/3543 3542/3542/3542
f 3539/3539/3539 3544/3544/3544 3534/3534/3534
f 3534/3534/3534 3544/3544/3544 3540/3540/3540
f 3536/3536/3536 3545/3545/3545 3538/3538/3538
f 3536/3536/3536 3542/3542/3542 3545/3545/3545
f 3538/3538/3538 3546/3546/3546 3539/3539/3539
f 3539/3539/3539 3546/3546/3546 3544/3544/3544
f 3538/3538/3538 3545/3545/3545 3546/3546/3546
f 3540/3540/3540 3547/3547/3547 3541/3541/3541
f 3541/3541/3541 3547/3547/3547 3548/3548/3548
f 3543/3543/3543 3549/3549/3549 3542/3542/3542
f 3543/3543/3543 3550/3550/3550 3549/3549/3549
f 3544/3544/3544 3551/3551/3551 3540/3540/3540
f 3540/3540/3540 3551/3551/3551 3547/3547/3547
f 3546/3546/3546 3552/3552/3552 3544/3544/3544
f 3544/3544/3544 3552/3552/3552 3551/3551/3551
f 3542/3542/3542 3553/3553/3553 3545/3545/3545
f 3542/3542/3542 3549/3549/3549 3553/3553/3553
f 3545/3545/3545 3554/3554/3554 3546/3546/3546
f 3546/3546/3546 3554/3554/3554 3552/3552/3552
f 3545/3545/3545 3553/3553/3553 3554/3554/3554
f 3547/3547/3547 3555/3555/3555 3548/3548/3548
f 3548/3548/3548 3555/3555/3555 3556/3556/3556
f 3550/3550/3550 3557/3557/3557 3549/3549/3549
f 3550/3550/3550 3558/3558/3558 3557/3557/3557
f 3551/3551/3551 3559/3559/3559 3547/3547/3547
f 3547/3547/3547 3559/3559/3559 3555/3555/3555
f 3552/3552/3552 3560/3560/3560 3551/3551/3551
f 3551/3551/3551 3560/3560/3560 3559/3559/3559
f 3554/3554/3554 3561/3561/3561 3552/3552/3552
f 3552/3552/3552 3561/3561/3561 3560/3560/3560
f 3549/3549/3549 3562/3562/3562 3553/3553/3553
f 3549/3549/3549 3557/3557/3557 3562/3562/3562
f 3553/3553/3553 3563/3563/3563 3554/3554/3554
f 3554/3554/3554 3563/3563/3563 3561/3561/3561
f 3553/3553/3553 3562/3562/3562 3563/3563/3563
f 3558/3558/3558 3564/3564/3564 3557/3557/3557
f 3558/3558/3558 3565/3565/3565 3564/3564/3564
f 3557/3557/3557 3566/3566/3566 3562/3562/3562
f 3557/3557/3557 3564/3564/3564 3566/3566/3566
f 3562/3562/3562 3567/3567/3567 3563/3563/3563
f 3562/3562/3562 3566/3566/3566 3567/3567/3567
f 3563/3563/3563 3568/3568/3568 3561/3561/3561
f 3563/3563/3563 3567/3567/3567 3568/3568/3568
f 3561/3561/3561 3569/3569/3569 3560/3560/3560
f 3561/3561/3561 3568/3568/3568 3569/3569/3569
f 3565/3565/3565 3570/3570/3570 3564/3564/3564
f 3565/3565/3565 3571/3571/3571 3570/3570/3570
f 3564/3564/3564 3572/3572/3572 3566/3566/3566
f 3564/3564/3564 3570/3570/3570 3572/3572/3572
f 3566/3566/3566 3573/3573/3573 3567/3567/3567
f 3566/3566/3566 3572/3572/3572 3573/3573/3573
f 3567/3567/3567 3574/3574/3574 3568/3568/3568
f 3567/3567/3567 3573/3573/3573 3574/3574/3574
f 3571/3571/3571 3575/3575/3575 3570/3570/3570
f 3571/3571/3571 3576/3576/3576 3575/3575/3575
f 3576/3576/3576 3577/3577/3577 3575/3575/3575
f 3570/3570/3570 3578/3578/3578 3572/3572/3572
f 3570/3570/3570 3575/3575/3575 3578/3578/3578
f 3575/3575/3575 3577/3577/3577 3579/3579/3579
f 3575/3575/3575 3579/3579/3579 3578/3578/3578
f 3577/3577/3577 3580/3580/3580 3579/3579/3579
f 3572/3572/3572 3581/3581/3581 3573/3573/3573
f 3572/3572/3572 3578/3578/3578 3581/3581/3581
f 3578/3578/3578 3579/3579/3579 3582/3582/3582
f 3578/3578/3578 3582/3582/3582 3581/3581/3581
f 3579/3579/3579 3580/3580/3580 3583/3583/3583
f 3579/3579/3579 3583/3583/3583 3582/3582/3582
f 3580/3580/3580 3584/3584/3584 3583/3583/3583
f 3573/3573/3573 3581/3581/3581 3585/3585/3585
f 3573/3573/3573 3585/3585/3585 3574/3574/3574
f 3581/3581/3581 3582/3582/3582 3586/3586/3586
f 3581/3581/3581 3586/3586/3586 3585/3585/3585
f 3582/3582/3582 3583/3583/3583 3587/3587/3587
f 3582/3582/3582 3587/3587/3587 3586/3586/3586
f 3583/3583/3583 3584/3584/3584 3588/3588/3588
f 3583/3583/3583 3588/3588/3588 3587/3587/3587
f 3584/3584/3584 3589/3589/3589 3588/3588/3588
f 3588/3588/3588 3589/3589/3589 3590/3590/3590
f 3589/3589/3589 3591/3591/3591 3590/3590/3590
f 3587/3587/3587 3588/3588/3588 3592/3592/3592
f 3588/3588/3588 3590/3590/3590 3592/3592/3592
f 3586/3586/3586 3587/3587/3587 3593/3593/3593
f 3587/3587/3587 3592/3592/3592 3593/3593/3593
f 3585/3585/3585 3586/3586/3586 3594/3594/3594
f 3586/3586/3586 3593/3593/3593 3594/3594/3594
f 3574/3574/3574 3585/3585/3585 3595/3595/3595
f 3585/3585/3585 3594/3594/3594 3595/3595/3595
f 3590/3590/3590 3591/3591/3591 3596/3596/3596
f 3591/3591/3591 3597/3597/3597 3596/3596/3596
f 3592/3592/3592 3590/3590/3590 3598/3598/3598
f 3590/3590/3590 3596/3596/3596 3598/3598/3598
f 3593/3593/3593 3592/3592/3592 3599/3599/3599
f 3592/3592/3592 3598/3598/3598 3599/3599/3599
f 3594/3594/3594 3593/3593/3593 3600/3600/3600
f 3593/3593/3593 3599/3599/3599 3600/3600/3600
f 3596/3596/3596 3597/3597/3597 3601/3601/3601
f 3597/3597/3597 3602/3602/3602 3601/3601/3601
f 3598/3598/3598 3596/3596/3596 3603/3603/3603
f 3596/3596/3596 3601/3601/3601 3603/3603/3603
f 3599/3599/3599 3598/3598/3598 3604/3604/3604
f 3598/3598/3598 3603/3603/3603 3604/3604/3604
f 3601/3601/3601 3602/3602/3602 3605/3605/3605
f 3602/3602/3602 3606/3606/3606 3605/3605/3605
f 3603/3603/3603 3601/3601/3601 3607/3607/3607
f 3601/3601/3601 3605/3605/3605 3607/3607/3607
f 3605/3605/3605 3606/3606/3606 3608/3608/3608
f 3606/3606/3606 3609/3609/3609 3608/3608/3608
f 3594/3594/3594 3600/3600/3600 3610/3610/3610
f 3595/3595/3595 3594/3594/3594 3610/3610/3610
f 3600/3600/3600 3599/3599/3599 3611/3611/3611
f 3599/3599/3599 3604/3604/3604 3611/3611/3611
f 3604/3604/3604 3603/3603/3603 3612/3612/3612
f 3603/3603/3603 3607/3607/3607 3612/3612/3612
f 3607/3607/3607 3605/3605/3605 3613/3613/3613
f 3605/3605/3605 3608/3608/3608 3613/3613/3613
f 3608/3608/3608 3609/3609/3609 3614/3614/3614
f 3609/3609/3609 3615/3615/3615 3614/3614/3614
f 3614/3614/3614 3615/3615/3615 3616/3616/3616
f 3615/3615/3615 3617/3617/3617 3616/3616/3616
f 3614/3614/3614 3616/3616/3616 3618/3618/3618
f 3608/3608/3608 3614/3614/3614 3619/3619/3619
f 3619/3619/3619 3614/3614/3614 3618/3618/3618
f 3613/3613/3613 3608/3608/3608 3619/3619/3619
f 3619/3619/3619 3618/3618/3618 3620/3620/3620
f 3621/3621/3621 3619/3619/3619 3620/3620/3620
f 3613/3613/3613 3619/3619/3619 3621/3621/3621
f 3621/3621/3621 3620/3620/3620 3622/3622/3622
f 3607/3607/3607 3613/3613/3613 3623/3623/3623
f 3623/3623/3623 3613/3613/3613 3621/3621/3621
f 3612/3612/3612 3607/3607/3607 3623/3623/3623
f 3624/3624/3624 3621/3621/3621 3622/3622/3622
f 3623/3623/3623 3621/3621/3621 3624/3624/3624
f 3624/3624/3624 3622/3622/3622 3625/3625/3625
f 3612/3612/3612 3623/3623/3623 3626/3626/3626
f 3626/3626/3626 3623/3623/3623 3624/3624/3624
f 3627/3627/3627 3624/3624/3624 3625/3625/3625
f 3626/3626/3626 3624/3624/3624 3627/3627/3627
f 3627/3627/3627 3625/3625/3625 3628/3628/3628
f 3629/3629/3629 3612/3612/3612 3626/3626/3626
f 3604/3604/3604 3612/3612/3612 3629/3629/3629
f 3611/3611/3611 3604/3604/3604 3629/3629/3629
f 3630/3630/3630 3627/3627/3627 3628/3628/3628
f 3630/3630/3630 3628/3628/3628 3631/3631/3631
f 3632/3632/3632 3626/3626/3626 3627/3627/3627
f 3629/3629/3629 3626/3626/3626 3632/3632/3632
f 3632/3632/3632 3627/3627/3627 3630/3630/3630
f 3611/3611/3611 3629/3629/3629 3633/3633/3633
f 3633/3633/3633 3629/3629/3629 3632/3632/3632
f 3634/3634/3634 3630/3630/3630 3631/3631/3631
f 3634/3634/3634 3631/3631/3631 3635/3635/3635
f 3636/3636/3636 3632/3632/3632 3630/3630/3630
f 3633/3633/3633 3632/3632/3632 3636/3636/3636
f 3636/3636/3636 3630/3630/3630 3634/3634/3634
f 3637/3637/3637 3611/3611/3611 3633/3633/3633
f 3600/3600/3600 3611/3611/3611 3637/3637/3637
f 3610/3610/3610 3600/3600/3600 3637/3637/3637
f 3638/3638/3638 3634/3634/3634 3635/3635/3635
f 3638/3638/3638 3635/3635/3635 3639/3639/3639
f 3640/3640/3640 3633/3633/3633 3636/3636/3636
f 3637/3637/3637 3633/3633/3633 3640/3640/3640
f 3641/3641/3641 3636/3636/3636 3634/3634/3634
f 3641/3641/3641 3634/3634/3634 3638/3638/3638
f 3640/3640/3640 3636/3636/3636 3641/3641/3641
f 3610/3610/3610 3637/3637/3637 3642/3642/3642
f 3642/3642/3642 3637/3637/3637 3640/3640/3640
f 3643/3643/3643 3638/3638/3638 3639/3639/3639
f 3643/3643/3643 3639/3639/3639 3644/3644/3644
f 3645/3645/3645 3640/3640/3640 3641/3641/3641
f 3642/3642/3642 3640/3640/3640 3645/3645/3645
f 3646/3646/3646 3641/3641/3641 3638/3638/3638
f 3646/3646/3646 3638/3638/3638 3643/3643/3643
f 3645/3645/3645 3641/3641/3641 3646/3646/3646
f 3647/3647/3647 3610/3610/3610 3642/3642/3642
f 3595/3595/3595 3610/3610/3610 3647/3647/3647
f 3648/3648/3648 3643/3643/3643 3644/3644/3644
f 3648/3648/3648 3644/3644/3644 3649/3649/3649
f 3650/3650/3650 3648/3648/3648 3649/3649/3649
f 3651/3651/3651 3646/3646/3646 3643/3643/3643
f 3651/3651/3651 3643/3643/3643 3648/3648/3648
f 3652/3652/3652 3648/3648/3648 3650/3650/3650
f 3652/3652/3652 3651/3651/3651 3648/3648/3648
f 3653/3653/3653 3652/3652/3652 3650/3650/3650
f 3654/3654/3654 3642/3642/3642 3645/3645/3645
f 3647/3647/3647 3642/3642/3642 3654/3654/3654
f 3655/3655/3655 3645/3645/3645 3646/3646/3646
f 3655/3655/3655 3646/3646/3646 3651/3651/3651
f 3654/3654/3654 3645/3645/3645 3655/3655/3655
f 3656/3656/3656 3595/3595/3595 3647/3647/3647
f 3574/3574/3574 3595/3595/3595 3656/3656/3656
f 3568/3568/3568 3574/3574/3574 3656/3656/3656
f 3568/3568/3568 3656/3656/3656 3569/3569/3569
f 3656/3656/3656 3647/3647/3647 3657/3657/3657
f 3657/3657/3657 3647/3647/3647 3654/3654/3654
f 3569/3569/3569 3656/3656/3656 3657/3657/3657
f 3658/3658/3658 3651/3651/3651 3652/3652/3652
f 3658/3658/3658 3655/3655/3655 3651/3651/3651
f 3659/3659/3659 3652/3652/3652 3653/3653/3653
f 3659/3659/3659 3658/3658/3658 3652/3652/3652
f 3556/3556/3556 3659/3659/3659 3653/3653/3653
f 3555/3555/3555 3659/3659/3659 3556/3556/3556
f 3660/3660/3660 3654/3654/3654 3655/3655/3655
f 3657/3657/3657 3654/3654/3654 3660/3660/3660
f 3660/3660/3660 3655/3655/3655 3658/3658/3658
f 3569/3569/3569 3657/3657/3657 3661/3661/3661
f 3661/3661/3661 3657/3657/3657 3660/3660/3660
f 3560/3560/3560 3569/3569/3569 3661/3661/3661
f 3560/3560/3560 3661/3661/3661 3559/3559/3559
f 3662/3662/3662 3658/3658/3658 3659/3659/3659
f 3555/3555/3555 3662/3662/3662 3659/3659/3659
f 3662/3662/3662 3660/3660/3660 3658/3658/3658
f 3559/3559/3559 3662/3662/3662 3555/3555/3555
f 3661/3661/3661 3660/3660/3660 3662/3662/3662
f 3559/3559/3559 3661/3661/3661 3662/3662/3662
f 3665/3665/3665 3664/3664/3664 3663/3663/3663
f 3666/3666/3666 3665/3665/3665 3663/3663/3663
f 3669/3669/3669 3668/3668/3668 3667/3667/3667
f 3668/3668/3668 3670/3670/3670 3667/3667/3667
f 3667/3667/3667 3670/3670/3670 3671/3671/3671
f 3670/3670/3670 3672/3672/3672 3671/3671/3671
f 3671/3671/3671 3672/3672/3672 3673/3673/3673
f 3672/3672/3672 3674/3674/3674 3673/3673/3673
f 3677/3677/3677 3676/3676/3676 3675/3675/3675
f 3678/3678/3678 3677/3677/3677 3675/3675/3675
f 3681/3681/3681 3680/3680/3680 3679/3679/3679
f 3680/3680/3680 3682/3682/3682 3679/3679/3679
f 3679/3679/3679 3682/3682/3682 3683/3683/3683
f 3682/3682/3682 3684/3684/3684 3683/3683/3683
f 3683/3683/3683 3684/3684/3684 3685/3685/3685
f 3684/3684/3684 3686/3686/3686 3685/3685/3685
f 3689/3689/3689 3688/3688/3688 3687/3687/3687
f 3690/3690/3690 3689/3689/3689 3687/3687/3687
f 3693/3693/3693 3692/3692/3692 3691/3691/3691
f 3694/3694/3694 3693/3693/3693 3691/3691/3691
f 3697/3697/3697 3696/3696/3696 3695/3695/3695
f 3698/3698/3698 3697/3697/3697 3695/3695/3695
f 3701/3701/3701 3700/3700/3700 3699/3699/3699
f 3702/3702/3702 3701/3701/3701 3699/3699/3699
f 3705/3705/3705 3704/3704/3704 3703/3703/3703
f 3704/3704/3704 3706/3706/3706 3703/3703/3703
f 3703/3703/3703 3706/3706/3706 3707/3707/3707
f 3706/3706/3706 3708/3708/3708 3707/3707/3707
f 3707/3707/3707 3708/3708/3708 3709/3709/3709
f 3708/3708/3708 3710/3710/3710 3709/3709/3709
f 3709/3709/3709 3710/3710/3710 3711/3711/3711
f 3710/3710/3710 3712/3712/3712 3711/3711/3711
f 3715/3715/3715 3714/3714/3714 3713/3713/3713
f 3716/3716/3716 3715/3715/3715 3713/3713/3713
f 3717/3717/3717 3715/3715/3715 3716/3716/3716
f 3718/3718/3718 3717/3717/3717 3716/3716/3716
f 3721/3721/3721 3720/3720/3720 3719/3719/3719
f 3722/3722/3722 3721/3721/3721 3719/3719/3719
f 3725/3725/3725 3724/3724/3724 3723/3723/3723
f 3726/3726/3726 3725/3725/3725 3723/3723/3723
f 3727/3727/3727 3725/3725/3725 3726/3726/3726
f 3728/3728/3728 3727/3727/3727 3726/3726/3726
f 3731/3731/3731 3730/3730/3730 3729/3729/3729
f 3732/3732/3732 3731/3731/3731 3729/3729/3729
f 3733/3733/3733 3731/3731/3731 3732/3732/3732
f 3734/3734/3734 3733/3733/3733 3732/3732/3732
f 3737/3737/3737 3736/3736/3736 3735/3735/3735
f 3738/3738/3738 3737/3737/3737 3735/3735/3735
f 3741/3741/3741 3740/3740/3740 3739/3739/3739
f 3742/3742/3742 3741/3741/3741 3739/3739/3739
f 3745/3745/3745 3744/3744/3744 3743/3743/3743
f 3746/3746/3746 3745/3745/3745 3743/3743/3743
f 3747/3747/3747 3745/3745/3745 3746/3746/3746
f 3748/3748/3748 3747/3747/3747 3746/3746/3746
f 3749/3749/3749 3747/3747/3747 3748/3748/3748
f 3750/3750/3750 3749/3749/3749 3748/3748/3748
f 3753/3753/3753 3752/3752/3752 3751/3751/3751
f 3754/3754/3754 3753/3753/3753 3751/3751/3751
f 3755/3755/3755 3753/3753/3753 3754/3754/3754
f 3756/3756/3756 3755/3755/3755 3754/3754/3754
f 3759/3759/3759 3758/3758/3758 3757/3757/3757
f 3760/3760/3760 3759/3759/3759 3757/3757/3757
f 3763/3763/3763 3762/3762/3762 3761/3761/3761
f 3764/3764/3764 3763/3763/3763 3761/3761/3761
f 3767/3767/3767 3766/3766/3766 3765/3765/3765
f 3768/3768/3768 3767/3767/3767 3765/3765/3765
f 3771/3771/3771 3770/3770/3770 3769/3769/3769
f 3772/3772/3772 3771/3771/3771 3769/3769/3769
f 3775/3775/3775 3774/3774/3774 3773/3773/3773
f 3776/3776/3776 3775/3775/3775 3773/3773/3773
f 3779/3779/3779 3778/3778/3778 3777/3777/3777
f 3780/3780/3780 3779/3779/3779 3777/3777/3777
f 3783/3783/3783 3782/3782/3782 3781/3781/3781
f 3784/3784/3784 3783/3783/3783 3781/3781/3781
f 3787/3787/3787 3786/3786/3786 3785/3785/3785
f 3788/3788/3788 3787/3787/3787 3785/3785/3785
f 3791/3791/3791 3790/3790/3790 3789/3789/3789
f 3792/3792/3792 3791/3791/3791 3789/3789/3789
f 3795/3795/3795 3794/3794/3794 3793/3793/3793
f 3796/3796/3796 3795/3795/3795 3793/3793/3793
f 3799/3799/3799 3798/3798/3798 3797/3797/3797
f 3800/3800/3800 3799/3799/3799 3797/3797/3797
f 3803/3803/3803 3802/3802/3802 3801/3801/3801
f 3804/3804/3804 3803/3803/3803 3801/3801/3801
f 3807/3807/3807 3806/3806/3806 3805/3805/3805
f 3808/3808/3808 3807/3807/3807 3805/3805/3805
f 3811/3811/3811 3810/3810/3810 3809/3809/3809
f 3812/3812/3812 3811/3811/3811 3809/3809/3809
f 3815/3815/3815 3814/3814/3814 3813/3813/3813
f 3816/3816/3816 3815/3815/3815 3813/3813/3813
f 3819/3819/3819 3818/3818/3818 3817/3817/3817
f 3820/3820/3820 3819/3819/3819 3817/3817/3817
f 3823/3823/3823 3822/3822/3822 3821/3821/3821
f 3824/3824/3824 3823/3823/3823 3821/3821/3821
f 3827/3827/3827 3826/3826/3826 3825/3825/3825
f 3828/3828/3828 3827/3827/3827 3825/3825/3825
f 3831/3831/3831 3830/3830/3830 3829/3829/3829
f 3832/3832/3832 3831/3831/3831 3829/3829/3829
f 3835/3835/3835 3834/3834/3834 3833/3833/3833
f 3836/3836/3836 3835/3835/3835 3833/3833/3833
f 3839/3839/3839 3838/3838/3838 3837/3837/3837
f 3840/3840/3840 3839/3839/3839 3837/3837/3837
f 3843/3843/3843 3842/3842/3842 3841/3841/3841
f 3844/3844/3844 3843/3843/3843 3841/3841/3841
f 3847/3847/3847 3846/3846/3846 3845/3845/3845
f 3848/3848/3848 3847/3847/3847 3845/3845/3845
f 3851/3851/3851 3850/3850/3850 3849/3849/3849
f 3852/3852/3852 3851/3851/3851 3849/3849/3849
f 3855/3855/3855 3854/3854/3854 3853/3853/3853
f 3856/3856/3856 3855/3855/3855 3853/3853/3853
f 3859/3859/3859 3858/3858/3858 3857/3857/3857
f 3860/3860/3860 3859/3859/3859 3857/3857/3857
f 3863/3863/3863 3862/3862/3862 3861/3861/3861
f 3864/3864/3864 3863/3863/3863 3861/3861/3861
f 3867/3867/3867 3866/3866/3866 3865/3865/3865
f 3868/3868/3868 3867/3867/3867 3865/3865/3865
f 3871/3871/3871 3870/3870/3870 3869/3869/3869
f 3872/3872/3872 3871/3871/3871 3869/3869/3869
f 3875/3875/3875 3874/3874/3874 3873/3873/3873
f 3876/3876/3876 3875/3875/3875 3873/3873/3873
f 3879/3879/3879 3878/3878/3878 3877/3877/3877
f 3880/3880/3880 3879/3879/3879 3877/3877/3877
f 3883/3883/3883 3882/3882/3882 3881/3881/3881
f 3884/3884/3884 3883/3883/3883 3881/3881/3881
f 3887/3887/3887 3886/3886/3886 3885/3885/3885
f 3888/3888/3888 3887/3887/3887 3885/3885/3885
f 3891/3891/3891 3890/3890/3890 3889/3889/3889
f 3892/3892/3892 3891/3891/3891 3889/3889/3889
f 3895/3895/3895 3894/3894/3894 3893/3893/3893
f 3896/3896/3896 3895/3895/3895 3893/3893/3893
f 3899/3899/3899 3898/3898/3898 3897/3897/3897
f 3900/3900/3900 3899/3899/3899 3897/3897/3897
f 3903/3903/3903 3902/3902/3902 3901/3901/3901
f 3904/3904/3904 3903/3903/3903 3901/3901/3901
f 3907/3907/3907 3906/3906/3906 3905/3905/3905
f 3908/3908/3908 3907/3907/3907 3905/3905/3905
f 3911/3911/3911 3910/3910/3910 3909/3909/3909
f 3910/3910/3910 3912/3912/3912 3909/3909/3909
f 3909/3909/3909 3912/3912/3912 3913/3913/3913
f 3912/3912/3912 3914/3914/3914 3913/3913/3913
f 3910/3910/3910 3915/3915/3915 3912/3912/3912
f 3915/3915/3915 3916/3916/3916 3912/3912/3912
f 3919/3919/3919 3918/3918/3918 3917/3917/3917
f 3918/3918/3918 3920/3920/3920 3917/3917/3917
f 3918/3918/3918 3921/3921/3921 3920/3920/3920
f 3921/3921/3921 3922/3922/3922 3920/3920/3920
f 3921/3921/3921 3923/3923/3923 3922/3922/3922
f 3923/3923/3923 3924/3924/3924 3922/3922/3922
f 3927/3927/3927 3926/3926/3926 3925/3925/3925
f 3926/3926/3926 3928/3928/3928 3925/3925/3925
f 3926/3926/3926 3929/3929/3929 3928/3928/3928
f 3929/3929/3929 3930/3930/3930 3928/3928/3928
f 3928/3928/3928 3930/3930/3930 3931/3931/3931
f 3930/3930/3930 3932/3932/3932 3931/3931/3931
f 3935/3935/3935 3934/3934/3934 3933/3933/3933
f 3934/3934/3934 3936/3936/3936 3933/3933/3933
f 3934/3934/3934 3937/3937/3937 3936/3936/3936
f 3937/3937/3937 3938/3938/3938 3936/3936/3936
f 3939/3939/3939 3937/3937/3937 3934/3934/3934
f 3940/3940/3940 3939/3939/3939 3934/3934/3934
f 3943/3943/3943 3942/3942/3942 3941/3941/3941
f 3944/3944/3944 3943/3943/3943 3941/3941/3941
f 3944/3944/3944 3941/3941/3941 3945/3945/3945
f 3946/3946/3946 3944/3944/3944 3945/3945/3945
f 3946/3946/3946 3945/3945/3945 3947/3947/3947
f 3948/3948/3948 3946/3946/3946 3947/3947/3947
f 3951/3951/3951 3950/3950/3950 3949/3949/3949
f 3952/3952/3952 3951/3951/3951 3949/3949/3949
f 3952/3952/3952 3949/3949/3949 3953/3953/3953
f 3954/3954/3954 3952/3952/3952 3953/3953/3953
f 3955/3955/3955 3952/3952/3952 3954/3954/3954
f 3956/3956/3956 3955/3955/3955 3954/3954/3954
f 3959/3959/3959 3958/3958/3958 3957/3957/3957
f 3960/3960/3960 3959/3959/3959 3957/3957/3957
f 3961/3961/3961 3959/3959/3959 3960/3960/3960
f 3962/3962/3962 3961/3961/3961 3960/3960/3960
f 3963/3963/3963 3961/3961/3961 3962/3962/3962
f 3964/3964/3964 3963/3963/3963 3962/3962/3962
f 3967/3967/3967 3966/3966/3966 3965/3965/3965
f 3968/3968/3968 3967/3967/3967 3965/3965/3965
f 3969/3969/3969 3967/3967/3967 3968/3968/3968
f 3970/3970/3970 3969/3969/3969 3968/3968/3968
f 3971/3971/3971 3969/3969/3969 3970/3970/3970
f 3972/3972/3972 3971/3971/3971 3970/3970/3970
f 3975/3975/3975 3974/3974/3974 3973/3973/3973
f 3976/3976/3976 3975/3975/3975 3973/3973/3973
f 3979/3979/3979 3978/3978/3978 3977/3977/3977
f 3980/3980/3980 3979/3979/3979 3977/3977/3977
f 3983/3983/3983 3982/3982/3982 3981/3981/3981
f 3984/3984/3984 3983/3983/3983 3981/3981/3981
f 3987/3987/3987 3986/3986/3986 3985/3985/3985
f 3988/3988/3988 3987/3987/3987 3985/3985/3985
f 3991/3991/3991 3990/3990/3990 3989/3989/3989
f 3992/3992/3992 3991/3991/3991 3989/3989/3989
f 3995/3995/3995 3994/3994/3994 3993/3993/3993
f 3996/3996/3996 3995/3995/3995 3993/3993/3993
f 3999/3999/3999 3998/3998/3998 3997/3997/3997
f 4000/4000/4000 3999/3999/3999 3997/3997/3997
f 4003/4003/4003 4002/4002/4002 4001/4001/4001
f 4004/4004/4004 4003/4003/4003 4001/4001/4001
f 4007/4007/4007 4006/4006/4006 4005/4005/4005
f 4008/4008/4008 4007/4007/4007 4005/4005/4005
f 4011/4011/4011 4010/4010/4010 4009/4009/4009
f 4010/4010/4010 4012/4012/4012 4009/4009/4009
f 4009/4009/4009 4012/4012/4012 4013/4013/4013
f 4012/4012/4012 4014/4014/4014 4013/4013/4013
f 4013/4013/4013 4014/4014/4014 4015/4015/4015
f 4014/4014/4014 4016/4016/4016 4015/4015/4015
f 4019/4019/4019 4018/4018/4018 4017/4017/4017
f 4020/4020/4020 4019/4019/4019 4017/4017/4017
f 4023/4023/4023 4022/4022/4022 4021/4021/4021
f 4024/4024/4024 4023/4023/4023 4021/4021/4021
f 4027/4027/4027 4026/4026/4026 4025/4025/4025
f 4028/4028/4028 4027/4027/4027 4025/4025/4025
f 4031/4031/4031 4030/4030/4030 4029/4029/4029
f 4032/4032/4032 4031/4031/4031 4029/4029/4029
f 4035/4035/4035 4034/4034/4034 4033/4033/4033
f 4036/4036/4036 4035/4035/4035 4033/4033/4033
f 4039/4039/4039 4038/4038/4038 4037/4037/4037
f 4040/4040/4040 4039/4039/4039 4037/4037/4037
f 4043/4043/4043 4042/4042/4042 4041/4041/4041
f 4042/4042/4042 4044/4044/4044 4041/4041/4041
f 4041/4041/4041 4044/4044/4044 4045/4045/4045
f 4044/4044/4044 4046/4046/4046 4045/4045/4045
f 4049/4049/4049 4048/4048/4048 4047/4047/4047
f 4048/4048/4048 4050/4050/4050 4047/4047/4047
f 4047/4047/4047 4050/4050/4050 4051/4051/4051
f 4050/4050/4050 4052/4052/4052 4051/4051/4051
f 4055/4055/4055 4054/4054/4054 4053/4053/4053
f 4054/4054/4054 4056/4056/4056 4053/4053/4053
f 4053/4053/4053 4056/4056/4056 4057/4057/4057
f 4056/4056/4056 4058/4058/4058 4057/4057/4057
f 4061/4061/4061 4060/4060/4060 4059/4059/4059
f 4060/4060/4060 4062/4062/4062 4059/4059/4059
f 4059/4059/4059 4062/4062/4062 4063/4063/4063
f 4062/4062/4062 4064/4064/4064 4063/4063/4063
f 4067/4067/4067 4066/4066/4066 4065/4065/4065
f 4068/4068/4068 4067/4067/4067 4065/4065/4065
f 4069/4069/4069 4067/4067/4067 4068/4068/4068
f 4070/4070/4070 4069/4069/4069 4068/4068/4068
f 4073/4073/4073 4072/4072/4072 4071/4071/4071
f 4074/4074/4074 4073/4073/4073 4071/4071/4071
f 4075/4075/4075 4073/4073/4073 4074/4074/4074
f 4076/4076/4076 4075/4075/4075 4074/4074/4074
f 4077/4077/4077 4075/4075/4075 4076/4076/4076
f 4078/4078/4078 4077/4077/4077 4076/4076/4076
f 4081/4081/4081 4080/4080/4080 4079/4079/4079
f 4082/4082/4082 4081/4081/4081 4079/4079/4079
f 4083/4083/4083 4081/4081/4081 4082/4082/4082
f 4084/4084/4084 4083/4083/4083 4082/4082/4082
f 4087/4087/4087 4086/4086/4086 4085/4085/4085
f 4088/4088/4088 4087/4087/4087 4085/4085/4085
f 4089/4089/4089 4087/4087/4087 4088/4088/4088
f 4090/4090/4090 4089/4089/4089 4088/4088/4088
f 4091/4091/4091 4089/4089/4089 4090/4090/4090
f 4092/4092/4092 4091/4091/4091 4090/4090/4090
f 4095/4095/4095 4094/4094/4094 4093/4093/4093
f 4096/4096/4096 4095/4095/4095 4093/4093/4093
f 4097/4097/4097 4095/4095/4095 4096/4096/4096
f 4098/4098/4098 4097/4097/4097 4096/4096/4096
f 4101/4101/4101 4100/4100/4100 4099/4099/4099
f 4102/4102/4102 4101/4101/4101 4099/4099/4099
f 4103/4103/4103 4101/4101/4101 4102/4102/4102
f 4104/4104/4104 4103/4103/4103 4102/4102/4102
f 4105/4105/4105 4103/4103/4103 4104/4104/4104
f 4106/4106/4106 4105/4105/4105 4104/4104/4104
f 4109/4109/4109 4108/4108/4108 4107/4107/4107
f 4110/4110/4110 4109/4109/4109 4107/4107/4107
f 4111/4111/4111 4109/4109/4109 4110/4110/4110
f 4112/4112/4112 4111/4111/4111 4110/4110/4110
f 4115/4115/4115 4114/4114/4114 4113/4113/4113
f 4116/4116/4116 4115/4115/4115 4113/4113/4113
f 4117/4117/4117 4115/4115/4115 4116/4116/4116
f 4118/4118/4118 4117/4117/4117 4116/4116/4116
f 4119/4119/4119 4117/4117/4117 4118/4118/4118
f 4120/4120/4120 4119/4119/4119 4118/4118/4118
f 4123/4123/4123 4122/4122/4122 4121/4121/4121
f 4122/4122/4122 4124/4124/4124 4121/4121/4121
f 4121/4121/4121 4124/4124/4124 4125/4125/4125
f 4124/4124/4124 4126/4126/4126 4125/4125/4125
f 4125/4125/4125 4126/4126/4126 4127/4127/4127
f 4126/4126/4126 4128/4128/4128 4127/4127/4127
f 4131/4131/4131 4130/4130/4130 4129/4129/4129
f 4132/4132/4132 4131/4131/4131 4129/4129/4129
f 4135/4135/4135 4134/4134/4134 4133/4133/4133
f 4136/4136/4136 4135/4135/4135 4133/4133/4133
f 4137/4137/4137 4135/4135/4135 4136/4136/4136
f 4138/4138/4138 4137/4137/4137 4136/4136/4136
f 4139/4139/4139 4137/4137/4137 4138/4138/4138
f 4140/4140/4140 4139/4139/4139 4138/4138/4138
f 4141/4141/4141 4139/4139/4139 4140/4140/4140
f 4142/4142/4142 4141/4141/4141 4140/4140/4140
f 4145/4145/4145 4144/4144/4144 4143/4143/4143
f 4146/4146/4146 4145/4145/4145 4143/4143/4143
f 4149/4149/4149 4148/4148/4148 4147/4147/4147
f 4150/4150/4150 4149/4149/4149 4147/4147/4147
f 4153/4153/4153 4152/4152/4152 4151/4151/4151
f 4154/4154/4154 4153/4153/4153 4151/4151/4151
f 4157/4157/4157 4156/4156/4156 4155/4155/4155
f 4158/4158/4158 4157/4157/4157 4155/4155/4155
f 4161/4161/4161 4160/4160/4160 4159/4159/4159
f 4160/4160/4160 4162/4162/4162 4159/4159/4159
f 4159/4159/4159 4162/4162/4162 4163/4163/4163
f 4162/4162/4162 4164/4164/4164 4163/4163/4163
f 4163/4163/4163 4164/4164/4164 4165/4165/4165
f 4164/4164/4164 4166/4166/4166 4165/4165/4165
f 4169/4169/4169 4168/4168/4168 4167/4167/4167
f 4170/4170/4170 4169/4169/4169 4167/4167/4167
f 4171/4171/4171 4169/4169/4169 4170/4170/4170
f 4172/4172/4172 4171/4171/4171 4170/4170/4170
f 4173/4173/4173 4171/4171/4171 4172/4172/4172
f 4174/4174/4174 4173/4173/4173 4172/4172/4172
f 4175/4175/4175 4173/4173/4173 4174/4174/4174
f 4176/4176/4176 4175/4175/4175 4174/4174/4174
f 4179/4179/4179 4178/4178/4178 4177/4177/4177
f 4180/4180/4180 4179/4179/4179 4177/4177/4177
f 4183/4183/4183 4182/4182/4182 4181/4181/4181
f 4184/4184/4184 4183/4183/4183 4181/4181/4181
f 4187/4187/4187 4186/4186/4186 4185/4185/4185
f 4188/4188/4188 4187/4187/4187 4185/4185/4185
f 4191/4191/4191 4190/4190/4190 4189/4189/4189
f 4192/4192/4192 4191/4191/4191 4189/4189/4189
f 4195/4195/4195 4194/4194/4194 4193/4193/4193
f 4196/4196/4196 4195/4195/4195 4193/4193/4193
f 4199/4199/4199 4198/4198/4198 4197/4197/4197
f 4200/4200/4200 4199/4199/4199 4197/4197/4197
f 4203/4203/4203 4202/4202/4202 4201/4201/4201
f 4204/4204/4204 4203/4203/4203 4201/4201/4201
f 4207/4207/4207 4206/4206/4206 4205/4205/4205
f 4208/4208/4208 4207/4207/4207 4205/4205/4205
f 4211/4211/4211 4210/4210/4210 4209/4209/4209
f 4212/4212/4212 4211/4211/4211 4209/4209/4209
f 4215/4215/4215 4214/4214/4214 4213/4213/4213
f 4216/4216/4216 4215/4215/4215 4213/4213/4213
f 4219/4219/4219 4218/4218/4218 4217/4217/4217
f 4220/4220/4220 4219/4219/4219 4217/4217/4217
f 4223/4223/4223 4222/4222/4222 4221/4221/4221
f 4224/4224/4224 4223/4223/4223 4221/4221/4221
f 4227/4227/4227 4226/4226/4226 4225/4225/4225
f 4226/4226/4226 4228/4228/4228 4225/4225/4225
f 4225/4225/4225 4228/4228/4228 4229/4229/4229
f 4228/4228/4228 4230/4230/4230 4229/4229/4229
f 4229/4229/4229 4230/4230/4230 4231/4231/4231
f 4230/4230/4230 4232/4232/4232 4231/4231/4231
f 4231/4231/4231 4232/4232/4232 4233/4233/4233
f 4232/4232/4232 4234/4234/4234 4233/4233/4233
f 4233/4233/4233 4234/4234/4234 4235/4235/4235
f 4234/4234/4234 4236/4236/4236 4235/4235/4235
f 4235/4235/4235 4236/4236/4236 4237/4237/4237
f 4236/4236/4236 4238/4238/4238 4237/4237/4237
f 4237/4237/4237 4238/4238/4238 4239/4239/4239
f 4238/4238/4238 4240/4240/4240 4239/4239/4239
f 4239/4239/4239 4240/4240/4240 4241/4241/4241
f 4240/4240/4240 4242/4242/4242 4241/4241/4241
f 4241/4241/4241 4242/4242/4242 4243/4243/4243
f 4242/4242/4242 4244/4244/4244 4243/4243/4243
f 4243/4243/4243 4244/4244/4244 4245/4245/4245
f 4244/4244/4244 4246/4246/4246 4245/4245/4245
f 4245/4245/4245 4246/4246/4246 4247/4247/4247
f 4246/4246/4246 4248/4248/4248 4247/4247/4247
f 4247/4247/4247 4248/4248/4248 4249/4249/4249
f 4248/4248/4248 4250/4250/4250 4249/4249/4249
f 4249/4249/4249 4250/4250/4250 4251/4251/4251
f 4250/4250/4250 4252/4252/4252 4251/4251/4251
f 4251/4251/4251 4252/4252/4252 4253/4253/4253
f 4252/4252/4252 4254/4254/4254 4253/4253/4253
f 4253/4253/4253 4254/4254/4254 4255/4255/4255
f 4254/4254/4254 4256/4256/4256 4255/4255/4255
f 4255/4255/4255 4256/4256/4256 4257/4257/4257
f 4256/4256/4256 4258/4258/4258 4257/4257/4257
f 4257/4257/4257 4258/4258/4258 4259/4259/4259
f 4258/4258/4258 4260/4260/4260 4259/4259/4259
f 4259/4259/4259 4260/4260/4260 4261/4261/4261
f 4260/4260/4260 4262/4262/4262 4261/4261/4261
f 4261/4261/4261 4262/4262/4262 4263/4263/4263
f 4262/4262/4262 4264/4264/4264 4263/4263/4263
f 4263/4263/4263 4264/4264/4264 4265/4265/4265
f 4264/4264/4264 4266/4266/4266 4265/4265/4265
f 4265/4265/4265 4266/4266/4266 4267/4267/4267
f 4266/4266/4266 4268/4268/4268 4267/4267/4267
f 4267/4267/4267 4268/4268/4268 4269/4269/4269
f 4268/4268/4268 4270/4270/4270 4269/4269/4269
f 4269/4269/4269 4270/4270/4270 4271/4271/4271
f 4270/4270/4270 4272/4272/4272 4271/4271/4271
f 4271/4271/4271 4272/4272/4272 4273/4273/4273
f 4272/4272/4272 4274/4274/4274 4273/4273/4273
f 4273/4273/4273 4274/4274/4274 4275/4275/4275
f 4274/4274/4274 4276/4276/4276 4275/4275/4275
f 4275/4275/4275 4276/4276/4276 4277/4277/4277
f 4276/4276/4276 4278/4278/4278 4277/4277/4277
f 4277/4277/4277 4278/4278/4278 4279/4279/4279
f 4278/4278/4278 4280/4280/4280 4279/4279/4279
f 4279/4279/4279 4280/4280/4280 4281/4281/4281
f 4280/4280/4280 4282/4282/4282 4281/4281/4281
f 4281/4281/4281 4282/4282/4282 4283/4283/4283
f 4282/4282/4282 4284/4284/4284 4283/4283/4283
f 4283/4283/4283 4284/4284/4284 4285/4285/4285
f 4284/4284/4284 4286/4286/4286 4285/4285/4285
f 4285/4285/4285 4286/4286/4286 4287/4287/4287
f 4286/4286/4286 4288/4288/4288 4287/4287/4287
f 4287/4287/4287 4288/4288/4288 4289/4289/4289
f 4288/4288/4288 4290/4290/4290 4289/4289/4289
f 4289/4289/4289 4290/4290/4290 4291/4291/4291
f 4290/4290/4290 4292/4292/4292 4291/4291/4291
f 4291/4291/4291 4292/4292/4292 4293/4293/4293
f 4292/4292/4292 4294/4294/4294 4293/4293/4293
f 4293/4293/4293 4294/4294/4294 4295/4295/4295
f 4294/4294/4294 4296/4296/4296 4295/4295/4295
f 4295/4295/4295 4296/4296/4296 4297/4297/4297
f 4296/4296/4296 4298/4298/4298 4297/4297/4297
f 4297/4297/4297 4298/4298/4298 4299/4299/4299
f 4298/4298/4298 4300/4300/4300 4299/4299/4299
f 4299/4299/4299 4300/4300/4300 4301/4301/4301
f 4300/4300/4300 4302/4302/4302 4301/4301/4301
f 4301/4301/4301 4302/4302/4302 4303/4303/4303
f 4302/4302/4302 4304/4304/4304 4303/4303/4303
f 4303/4303/4303 4304/4304/4304 4305/4305/4305
f 4304/4304/4304 4306/4306/4306 4305/4305/4305
f 4305/4305/4305 4306/4306/4306 4307/4307/4307
f 4306/4306/4306 4308/4308/4308 4307/4307/4307
f 4307/4307/4307 4308/4308/4308 4309/4309/4309
f 4308/4308/4308 4310/4310/4310 4309/4309/4309
f 4309/4309/4309 4310/4310/4310 4311/4311/4311
f 4310/4310/4310 4312/4312/4312 4311/4311/4311
f 4311/4311/4311 4312/4312/4312 4313/4313/4313
f 4312/4312/4312 4314/4314/4314 4313/4313/4313
f 4317/4317/4317 4316/4316/4316 4315/4315/4315
f 4316/4316/4316 4318/4318/4318 4315/4315/4315
f 4315/4315/4315 4318/4318/4318 4319/4319/4319
f 4318/4318/4318 4320/4320/4320 4319/4319/4319
f 4319/4319/4319 4320/4320/4320 4321/4321/4321
f 4320/4320/4320 4322/4322/4322 4321/4321/4321
f 4321/4321/4321 4322/4322/4322 4323/4323/4323
f 4322/4322/4322 4324/4324/4324 4323/4323/4323
f 4323/4323/4323 4324/4324/4324 4325/4325/4325
f 4324/4324/4324 4326/4326/4326 4325/4325/4325
f 4325/4325/4325 4326/4326/4326 4327/4327/4327
f 4326/4326/4326 4328/4328/4328 4327/4327/4327
f 4327/4327/4327 4328/4328/4328 4329/4329/4329
f 4328/4328/4328 4330/4330/4330 4329/4329/4329
f 4329/4329/4329 4330/4330/4330 4331/4331/4331
f 4330/4330/4330 4332/4332/4332 4331/4331/4331
f 4331/4331/4331 4332/4332/4332 4333/4333/4333
f 4332/4332/4332 4334/4334/4334 4333/4333/4333
f 4333/4333/4333 4334/4334/4334 4335/4335/4335
f 4334/4334/4334 4336/4336/4336 4335/4335/4335
f 4335/4335/4335 4336/4336/4336 4337/4337/4337
f 4336/4336/4336 4338/4338/4338 4337/4337/4337
f 4337/4337/4337 4338/4338/4338 4339/4339/4339
f 4338/4338/4338 4340/4340/4340 4339/4339/4339
f 4339/4339/4339 4340/4340/4340 4341/4341/4341
f 4340/4340/4340 4342/4342/4342 4341/4341/4341
f 4341/4341/4341 4342/4342/4342 4343/4343/4343
f 4342/4342/4342 4344/4344/4344 4343/4343/4343
f 4343/4343/4343 4344/4344/4344 4345/4345/4345
f 4344/4344/4344 4346/4346/4346 4345/4345/4345
f 4345/4345/4345 4346/4346/4346 4347/4347/4347
f 4346/4346/4346 4348/4348/4348 4347/4347/4347
f 4347/4347/4347 4348/4348/4348 4349/4349/4349
f 4348/4348/4348 4350/4350/4350 4349/4349/4349
f 4349/4349/4349 4350/4350/4350 4351/4351/4351
f 4350/4350/4350 4352/4352/4352 4351/4351/4351
f 4351/4351/4351 4352/4352/4352 4353/4353/4353
f 4352/4352/4352 4354/4354/4354 4353/4353/4353
f 4353/4353/4353 4354/4354/4354 4355/4355/4355
f 4354/4354/4354 4356/4356/4356 4355/4355/4355
f 4355/4355/4355 4356/4356/4356 4357/4357/4357
f 4356/4356/4356 4358/4358/4358 4357/4357/4357
f 4357/4357/4357 4358/4358/4358 4359/4359/4359
f 4358/4358/4358 4360/4360/4360 4359/4359/4359
f 4359/4359/4359 4360/4360/4360 4361/4361/4361
f 4360/4360/4360 4362/4362/4362 4361/4361/4361
f 4361/4361/4361 4362/4362/4362 4363/4363/4363
f 4362/4362/4362 4364/4364/4364 4363/4363/4363
f 4363/4363/4363 4364/4364/4364 4365/4365/4365
f 4364/4364/4364 4366/4366/4366 4365/4365/4365
f 4365/4365/4365 4366/4366/4366 4367/4367/4367
f 4366/4366/4366 4368/4368/4368 4367/4367/4367
f 4367/4367/4367 4368/4368/4368 4369/4369/4369
f 4368/4368/4368 4370/4370/4370 4369/4369/4369
f 4369/4369/4369 4370/4370/4370 4371/4371/4371
f 4370/4370/4370 4372/4372/4372 4371/4371/4371
f 4371/4371/4371 4372/4372/4372 4373/4373/4373
f 4372/4372/4372 4374/4374/4374 4373/4373/4373
f 4373/4373/4373 4374/4374/4374 4375/4375/4375
f 4374/4374/4374 4376/4376/4376 4375/4375/4375
f 4375/4375/4375 4376/4376/4376 4377/4377/4377
f 4376/4376/4376 4378/4378/4378 4377/4377/4377
f 4377/4377/4377 4378/4378/4378 4379/4379/4379
f 4378/4378/4378 4380/4380/4380 4379/4379/4379
f 4379/4379/4379 4380/4380/4380 4381/4381/4381
f 4380/4380/4380 4382/4382/4382 4381/4381/4381
f 4381/4381/4381 4382/4382/4382 4383/4383/4383
f 4382/4382/4382 4384/4384/4384 4383/4383/4383
f 4383/4383/4383 4384/4384/4384 4385/4385/4385
f 4384/4384/4384 4386/4386/4386 4385/4385/4385
f 4385/4385/4385 4386/4386/4386 4387/4387/4387
f 4386/4386/4386 4388/4388/4388 4387/4387/4387
f 4387/4387/4387 4388/4388/4388 4389/4389/4389
f 4388/4388/4388 4390/4390/4390 4389/4389/4389
f 4389/4389/4389 4390/4390/4390 4391/4391/4391
f 4390/4390/4390 4392/4392/4392 4391/4391/4391
f 4391/4391/4391 4392/4392/4392 4393/4393/4393
f 4392/4392/4392 4394/4394/4394 4393/4393/4393
f 4393/4393/4393 4394/4394/4394 4395/4395/4395
f 4394/4394/4394 4396/4396/4396 4395/4395/4395
f 4395/4395/4395 4396/4396/4396 4397/4397/4397
f 4396/4396/4396 4398/4398/4398 4397/4397/4397
f 4397/4397/4397 4398/4398/4398 4399/4399/4399
f 4398/4398/4398 4400/4400/4400 4399/4399/4399
f 4399/4399/4399 4400/4400/4400 4401/4401/4401
f 4400/4400/4400 4402/4402/4402 4401/4401/4401
f 4401/4401/4401 4402/4402/4402 4403/4403/4403
f 4402/4402/4402 4404/4404/4404 4403/4403/4403
f 4407/4407/4407 4406/4406/4406 4405/4405/4405
f 4406/4406/4406 4408/4408/4408 4405/4405/4405
f 4406/4406/4406 4409/4409/4409 4408/4408/4408
f 4409/4409/4409 4410/4410/4410 4408/4408/4408
f 4409/4409/4409 4411/4411/4411 4410/4410/4410
f 4411/4411/4411 4412/4412/4412 4410/4410/4410
f 4411/4411/4411 4413/4413/4413 4412/4412/4412
f 4413/4413/4413 4414/4414/4414 4412/4412/4412
f 4413/4413/4413 4415/4415/4415 4414/4414/4414
f 4415/4415/4415 4416/4416/4416 4414/4414/4414
f 4415/4415/4415 4417/4417/4417 4416/4416/4416
f 4417/4417/4417 4418/4418/4418 4416/4416/4416
f 4417/4417/4417 4419/4419/4419 4418/4418/4418
f 4419/4419/4419 4420/4420/4420 4418/4418/4418
f 4419/4419/4419 4421/4421/4421 4420/4420/4420
f 4421/4421/4421 4422/4422/4422 4420/4420/4420
f 4421/4421/4421 4423/4423/4423 4422/4422/4422
f 4423/4423/4423 4424/4424/4424 4422/4422/4422
f 4423/4423/4423 4425/4425/4425 4424/4424/4424
f 4425/4425/4425 4426/4426/4426 4424/4424/4424
f 4425/4425/4425 4427/4427/4427 4426/4426/4426
f 4427/4427/4427 4428/4428/4428 4426/4426/4426
f 4431/4431/4431 4430/4430/4430 4429/4429/4429
f 4430/4430/4430 4432/4432/4432 4429/4429/4429
f 4430/4430/4430 4433/4433/4433 4432/4432/4432
f 4433/4433/4433 4434/4434/4434 4432/4432/4432
f 4433/4433/4433 4435/4435/4435 4434/4434/4434
f 4435/4435/4435 4436/4436/4436 4434/4434/4434
f 4435/4435/4435 4437/4437/4437 4436/4436/4436
f 4437/4437/4437 4438/4438/4438 4436/4436/4436
f 4437/4437/4437 4439/4439/4439 4438/4438/4438
f 4439/4439/4439 4440/4440/4440 4438/4438/4438
f 4439/4439/4439 4441/4441/4441 4440/4440/4440
f 4441/4441/4441 4442/4442/4442 4440/4440/4440
f 4441/4441/4441 4443/4443/4443 4442/4442/4442
f 4443/4443/4443 4444/4444/4444 4442/4442/4442
f 4443/4443/4443 4445/4445/4445 4444/4444/4444
f 4445/4445/4445 4446/4446/4446 4444/4444/4444
f 4445/4445/4445 4447/4447/4447 4446/4446/4446
f 4447/4447/4447 4448/4448/4448 4446/4446/4446
f 4447/4447/4447 4449/4449/4449 4448/4448/4448
f 4449/4449/4449 4450/4450/4450 4448/4448/4448
f 4449/4449/4449 4451/4451/4451 4450/4450/4450
f 4451/4451/4451 4452/4452/4452 4450/4450/4450
f 4455/4455/4455 4454/4454/4454 4453/4453/4453
f 4454/4454/4454 4456/4456/4456 4453/4453/4453
f 4454/4454/4454 4457/4457/4457 4456/4456/4456
f 4457/4457/4457 4458/4458/4458 4456/4456/4456
f 4457/4457/4457 4459/4459/4459 4458/4458/4458
f 4459/4459/4459 4460/4460/4460 4458/4458/4458
f 4459/4459/4459 4461/4461/4461 4460/4460/4460
f 4461/4461/4461 4462/4462/4462 4460/4460/4460
f 4461/4461/4461 4463/4463/4463 4462/4462/4462
f 4463/4463/4463 4464/4464/4464 4462/4462/4462
f 4463/4463/4463 4465/4465/4465 4464/4464/4464
f 4465/4465/4465 4466/4466/4466 4464/4464/4464
f 4465/4465/4465 4467/4467/4467 4466/4466/4466
f 4467/4467/4467 4468/4468/4468 4466/4466/4466
f 4467/4467/4467 4469/4469/4469 4468/4468/4468
f 4469/4469/4469 4470/4470/4470 4468/4468/4468
f 4469/4469/4469 4471/4471/4471 4470/4470/4470
f 4471/4471/4471 4472/4472/4472 4470/4470/4470
f 4471/4471/4471 4473/4473/4473 4472/4472/4472
f 4473/4473/4473 4474/4474/4474 4472/4472/4472
f 4473/4473/4473 4475/4475/4475 4474/4474/4474
f 4475/4475/4475 4476/4476/4476 4474/4474/4474
f 4479/4479/4479 4478/4478/4478 4477/4477/4477
f 4478/4478/4478 4480/4480/4480 4477/4477/4477
f 4478/4478/4478 4481/4481/4481 4480/4480/4480
f 4481/4481/4481 4482/4482/4482 4480/4480/4480
f 4481/4481/4481 4483/4483/4483 4482/4482/4482
f 4483/4483/4483 4484/4484/4484 4482/4482/4482
f 4483/4483/4483 4485/4485/4485 4484/4484/4484
f 4485/4485/4485 4486/4486/4486 4484/4484/4484
f 4485/4485/4485 4487/4487/4487 4486/4486/4486
f 4487/4487/4487 4488/4488/4488 4486/4486/4486
f 4487/4487/4487 4489/4489/4489 4488/4488/4488
f 4489/4489/4489 4490/4490/4490 4488/4488/4488
f 4489/4489/4489 4491/4491/4491 4490/4490/4490
f 4491/4491/4491 4492/4492/4492 4490/4490/4490
f 4491/4491/4491 4493/4493/4493 4492/4492/4492
f 4493/4493/4493 4494/4494/4494 4492/4492/4492
f 4493/4493/4493 4495/4495/4495 4494/4494/4494
f 4495/4495/4495 4496/4496/4496 4494/4494/4494
f 4495/4495/4495 4497/4497/4497 4496/4496/4496
f 4497/4497/4497 4498/4498/4498 4496/4496/4496
f 4497/4497/4497 4499/4499/4499 4498/4498/4498
f 4499/4499/4499 4500/4500/4500 4498/4498/4498
f 4503/4503/4503 4502/4502/4502 4501/4501/4501
f 4502/4502/4502 4504/4504/4504 4501/4501/4501
f 4502/4502/4502 4505/4505/4505 4504/4504/4504
f 4505/4505/4505 4506/4506/4506 4504/4504/4504
f 4505/4505/4505 4507/4507/4507 4506/4506/4506
f 4507/4507/4507 4508/4508/4508 4506/4506/4506
f 4507/4507/4507 4509/4509/4509 4508/4508/4508
f 4509/4509/4509 4510/4510/4510 4508/4508/4508
f 4509/4509/4509 4511/4511/4511 4510/4510/4510
f 4511/4511/4511 4512/4512/4512 4510/4510/4510
f 4511/4511/4511 4513/4513/4513 4512/4512/4512
f 4513/4513/4513 4514/4514/4514 4512/4512/4512
f 4513/4513/4513 4515/4515/4515 4514/4514/4514
f 4515/4515/4515 4516/4516/4516 4514/4514/4514
f 4515/4515/4515 4517/4517/4517 4516/4516/4516
f 4517/4517/4517 4518/4518/4518 4516/4516/4516
f 4517/4517/4517 4519/4519/4519 4518/4518/4518
f 4519/4519/4519 4520/4520/4520 4518/4518/4518
f 4519/4519/4519 4521/4521/4521 4520/4520/4520
f 4521/4521/4521 4522/4522/4522 4520/4520/4520
f 4521/4521/4521 4523/4523/4523 4522/4522/4522
f 4523/4523/4523 4524/4524/4524 4522/4522/4522
f 4527/4527/4527 4526/4526/4526 4525/4525/4525
f 4526/4526/4526 4528/4528/4528 4525/4525/4525
f 4526/4526/4526 4529/4529/4529 4528/4528/4528
f 4529/4529/4529 4530/4530/4530 4528/4528/4528
f 4529/4529/4529 4531/4531/4531 4530/4530/4530
f 4531/4531/4531 4532/4532/4532 4530/4530/4530
f 4531/4531/4531 4533/4533/4533 4532/4532/4532
f 4533/4533/4533 4534/4534/4534 4532/4532/4532
f 4533/4533/4533 4535/4535/4535 4534/4534/4534
f 4535/4535/4535 4536/4536/4536 4534/4534/4534
f 4535/4535/4535 4537/4537/4537 4536/4536/4536
f 4537/4537/4537 4538/4538/4538 4536/4536/4536
f 4537/4537/4537 4539/4539/4539 4538/4538/4538
f 4539/4539/4539 4540/4540/4540 4538/4538/4538
f 4539/4539/4539 4541/4541/4541 4540/4540/4540
f 4541/4541/4541 4542/4542/4542 4540/4540/4540
f 4541/4541/4541 4543/4543/4543 4542/4542/4542
f 4543/4543/4543 4544/4544/4544 4542/4542/4542
f 4543/4543/4543 4545/4545/4545 4544/4544/4544
f 4545/4545/4545 4546/4546/4546 4544/4544/4544
f 4545/4545/4545 4547/4547/4547 4546/4546/4546
f 4547/4547/4547 4548/4548/4548 4546/4546/4546
f 4551/4551/4551 4550/4550/4550 4549/4549/4549
f 4550/4550/4550 4552/4552/4552 4549/4549/4549
f 4550/4550/4550 4553/4553/4553 4552/4552/4552
f 4553/4553/4553 4554/4554/4554 4552/4552/4552
f 4553/4553/4553 4555/4555/4555 4554/4554/4554
f 4555/4555/4555 4556/4556/4556 4554/4554/4554
f 4555/4555/4555 4557/4557/4557 4556/4556/4556
f 4557/4557/4557 4558/4558/4558 4556/4556/4556
f 4557/4557/4557 4559/4559/4559 4558/4558/4558
f 4559/4559/4559 4560/4560/4560 4558/4558/4558
f 4559/4559/4559 4561/4561/4561 4560/4560/4560
f 4561/4561/4561 4562/4562/4562 4560/4560/4560
f 4561/4561/4561 4563/4563/4563 4562/4562/4562
f 4563/4563/4563 4564/4564/4564 4562/4562/4562
f 4563/4563/4563 4565/4565/4565 4564/4564/4564
f 4565/4565/4565 4566/4566/4566 4564/4564/4564
f 4565/4565/4565 4567/4567/4567 4566/4566/4566
f 4567/4567/4567 4568/4568/4568 4566/4566/4566
f 4567/4567/4567 4569/4569/4569 4568/4568/4568
f 4569/4569/4569 4570/4570/4570 4568/4568/4568
f 4569/4569/4569 4571/4571/4571 4570/4570/4570
f 4571/4571/4571 4572/4572/4572 4570/4570/4570
f 4575/4575/4575 4574/4574/4574 4573/4573/4573
f 4574/4574/4574 4576/4576/4576 4573/4573/4573
f 4574/4574/4574 4577/4577/4577 4576/4576/4576
f 4577/4577/4577 4578/4578/4578 4576/4576/4576
f 4577/4577/4577 4579/4579/4579 4578/4578/4578
f 4579/4579/4579 4580/4580/4580 4578/4578/4578
f 4579/4579/4579 4581/4581/4581 4580/4580/4580
f 4581/4581/4581 4582/4582/4582 4580/4580/4580
f 4581/4581/4581 4583/4583/4583 4582/4582/4582
f 4583/4583/4583 4584/4584/4584 4582/4582/4582
f 4583/4583/4583 4585/4585/4585 4584/4584/4584
f 4585/4585/4585 4586/4586/4586 4584/4584/4584
f 4585/4585/4585 4587/4587/4587 4586/4586/4586
f 4587/4587/4587 4588/4588/4588 4586/4586/4586
f 4587/4587/4587 4589/4589/4589 4588/4588/4588
f 4589/4589/4589 4590/4590/4590 4588/4588/4588
f 4589/4589/4589 4591/4591/4591 4590/4590/4590
f 4591/4591/4591 4592/4592/4592 4590/4590/4590
f 4591/4591/4591 4593/4593/4593 4592/4592/4592
f 4593/4593/4593 4594/4594/4594 4592/4592/4592
f 4593/4593/4593 4595/4595/4595 4594/4594/4594
f 4595/4595/4595 4596/4596/4596 4594/4594/4594
f 4599/4599/4599 4598/4598/4598 4597/4597/4597
f 4598/4598/4598 4600/4600/4600 4597/4597/4597
f 4598/4598/4598 4601/4601/4601 4600/4600/4600
f 4601/4601/4601 4602/4602/4602 4600/4600/4600
f 4601/4601/4601 4603/4603/4603 4602/4602/4602
f 4603/4603/4603 4604/4604/4604 4602/4602/4602
f 4603/4603/4603 4605/4605/4605 4604/4604/4604
f 4605/4605/4605 4606/4606/4606 4604/4604/4604
f 4605/4605/4605 4607/4607/4607 4606/4606/4606
f 4607/4607/4607 4608/4608/4608 4606/4606/4606
f 4607/4607/4607 4609/4609/4609 4608/4608/4608
f 4609/4609/4609 4610/4610/4610 4608/4608/4608
f 4609/4609/4609 4611/4611/4611 4610/4610/4610
f 4611/4611/4611 4612/4612/4612 4610/4610/4610
f 4611/4611/4611 4613/4613/4613 4612/4612/4612
f 4613/4613/4613 4614/4614/4614 4612/4612/4612
f 4613/4613/4613 4615/4615/4615 4614/4614/4614
f 4615/4615/4615 4616/4616/4616 4614/4614/4614
f 4615/4615/4615 4617/4617/4617 4616/4616/4616
f 4617/4617/4617 4618/4618/4618 4616/4616/4616
f 4617/4617/4617 4619/4619/4619 4618/4618/4618
f 4619/4619/4619 4620/4620/4620 4618/4618/4618
f 4623/4623/4623 4622/4622/4622 4621/4621/4621
f 4622/4622/4622 4624/4624/4624 4621/4621/4621
f 4622/4622/4622 4625/4625/4625 4624/4624/4624
f 4625/4625/4625 4626/4626/4626 4624/4624/4624
f 4625/4625/4625 4627/4627/4627 4626/4626/4626
f 4627/4627/4627 4628/4628/4628 4626/4626/4626
f 4627/4627/4627 4629/4629/4629 4628/4628/4628
f 4629/4629/4629 4630/4630/4630 4628/4628/4628
f 4629/4629/4629 4631/4631/4631 4630/4630/4630
f 4631/4631/4631 4632/4632/4632 4630/4630/4630
f 4631/4631/4631 4633/4633/4633 4632/4632/4632
f 4633/4633/4633 4634/4634/4634 4632/4632/4632
f 4633/4633/4633 4635/4635/4635 4634/4634/4634
f 4635/4635/4635 4636/4636/4636 4634/4634/4634
f 4635/4635/4635 4637/4637/4637 4636/4636/4636
f 4637/4637/4637 4638/4638/4638 4636/4636/4636
f 4637/4637/4637 4639/4639/4639 4638/4638/4638
f 4639/4639/4639 4640/4640/4640 4638/4638/4638
f 4639/4639/4639 4641/4641/4641 4640/4640/4640
f 4641/4641/4641 4642/4642/4642 4640/4640/4640
f 4641/4641/4641 4643/4643/4643 4642/4642/4642
f 4643/4643/4643 4644/4644/4644 4642/4642/4642
f 4647/4647/4647 4646/4646/4646 4645/4645/4645
f 4646/4646/4646 4648/4648/4648 4645/4645/4645
f 4646/4646/4646 4649/4649/4649 4648/4648/4648
f 4649/4649/4649 4650/4650/4650 4648/4648/4648
f 4649/4649/4649 4651/4651/4651 4650/4650/4650
f 4651/4651/4651 4652/4652/4652 4650/4650/4650
f 4651/4651/4651 4653/4653/4653 4652/4652/4652
f 4653/4653/4653 4654/4654/4654 4652/4652/4652
f 4653/4653/4653 4655/4655/4655 4654/4654/4654
f 4655/4655/4655 4656/4656/4656 4654/4654/4654
f 4655/4655/4655 4657/4657/4657 4656/4656/4656
f 4657/4657/4657 4658/4658/4658 4656/4656/4656
f 4657/4657/4657 4659/4659/4659 4658/4658/4658
f 4659/4659/4659 4660/4660/4660 4658/4658/4658
f 4659/4659/4659 4661/4661/4661 4660/4660/4660
f 4661/4661/4661 4662/4662/4662 4660/4660/4660
f 4661/4661/4661 4663/4663/4663 4662/4662/4662
f 4663/4663/4663 4664/4664/4664 4662/4662/4662
f 4663/4663/4663 4665/4665/4665 4664/4664/4664
f 4665/4665/4665 4666/4666/4666 4664/4664/4664
f 4665/4665/4665 4667/4667/4667 4666/4666/4666
f 4667/4667/4667 4668/4668/4668 4666/4666/4666
f 4671/4671/4671 4670/4670/4670 4669/4669/4669
f 4670/4670/4670 4672/4672/4672 4669/4669/4669
f 4670/4670/4670 4673/4673/4673 4672/4672/4672
f 4673/4673/4673 4674/4674/4674 4672/4672/4672
f 4673/4673/4673 4675/4675/4675 4674/4674/4674
f 4675/4675/4675 4676/4676/4676 4674/4674/4674
f 4675/4675/4675 4677/4677/4677 4676/4676/4676
f 4677/4677/4677 4678/4678/4678 4676/4676/4676
f 4677/4677/4677 4679/4679/4679 4678/4678/4678
f 4679/4679/4679 4680/4680/4680 4678/4678/4678
f 4679/4679/4679 4681/4681/4681 4680/4680/4680
f 4681/4681/4681 4682/4682/4682 4680/4680/4680
f 4681/4681/4681 4683/4683/4683 4682/4682/4682
f 4683/4683/4683 4684/4684/4684 4682/4682/4682
f 4683/4683/4683 4685/4685/4685 4684/4684/4684
f 4685/4685/4685 4686/4686/4686 4684/4684/4684
f 4685/4685/4685 4687/4687/4687 4686/4686/4686
f 4687/4687/4687 4688/4688/4688 4686/4686/4686
f 4687/4687/4687 4689/4689/4689 4688/4688/4688
f 4689/4689/4689 4690/4690/4690 4688/4688/4688
f 4689/4689/4689 4691/4691/4691 4690/4690/4690
f 4691/4691/4691 4692/4692/4692 4690/4690/4690
f 4695/4695/4695 4694/4694/4694 4693/4693/4693
f 4694/4694/4694 4696/4696/4696 4693/4693/4693
f 4694/4694/4694 4697/4697/4697 4696/4696/4696
f 4697/4697/4697 4698/4698/4698 4696/4696/4696
f 4697/4697/4697 4699/4699/4699 4698/4698/4698
f 4699/4699/4699 4700/4700/4700 4698/4698/4698
f 4699/4699/4699 4701/4701/4701 4700/4700/4700
f 4701/4701/4701 4702/4702/4702 4700/4700/4700
f 4701/4701/4701 4703/4703/4703 4702/4702/4702
f 4703/4703/4703 4704/4704/4704 4702/4702/4702
f 4703/4703/4703 4705/4705/4705 4704/4704/4704
f 4705/4705/4705 4706/4706/4706 4704/4704/4704
f 4705/4705/4705 4707/4707/4707 4706/4706/4706
f 4707/4707/4707 4708/4708/4708 4706/4706/4706
f 4707/4707/4707 4709/4709/4709 4708/4708/4708
f 4709/4709/4709 4710/4710/4710 4708/4708/4708
f 4709/4709/4709 4711/4711/4711 4710/4710/4710
f 4711/4711/4711 4712/4712/4712 4710/4710/4710
f 4711/4711/4711 4713/4713/4713 4712/4712/4712
f 4713/4713/4713 4714/4714/4714 4712/4712/4712
f 4713/4713/4713 4715/4715/4715 4714/4714/4714
f 4715/4715/4715 4716/4716/4716 4714/4714/4714
f 4719/4719/4719 4718/4718/4718 4717/4717/4717
f 4718/4718/4718 4720/4720/4720 4717/4717/4717
f 4718/4718/4718 4721/4721/4721 4720/4720/4720
f 4721/4721/4721 4722/4722/4722 4720/4720/4720
f 4721/4721/4721 4723/4723/4723 4722/4722/4722
f 4723/4723/4723 4724/4724/4724 4722/4722/4722
f 4723/4723/4723 4725/4725/4725 4724/4724/4724
f 4725/4725/4725 4726/4726/4726 4724/4724/4724
f 4725/4725/4725 4727/4727/4727 4726/4726/4726
f 4727/4727/4727 4728/4728/4728 4726/4726/4726
f 4727/4727/4727 4729/4729/4729 4728/4728/4728
f 4729/4729/4729 4730/4730/4730 4728/4728/4728
f 4729/4729/4729 4731/4731/4731 4730/4730/4730
f 4731/4731/4731 4732/4732/4732 4730/4730/4730
f 4731/4731/4731 4733/4733/4733 4732/4732/4732
f 4733/4733/4733 4734/4734/4734 4732/4732/4732
f 4733/4733/4733 4735/4735/4735 4734/4734/4734
f 4735/4735/4735 4736/4736/4736 4734/4734/4734
f 4735/4735/4735 4737/4737/4737 4736/4736/4736
f 4737/4737/4737 4738/4738/4738 4736/4736/4736
f 4737/4737/4737 4739/4739/4739 4738/4738/4738
f 4739/4739/4739 4740/4740/4740 4738/4738/4738
f 4743/4743/4743 4742/4742/4742 4741/4741/4741
f 4742/4742/4742 4744/4744/4744 4741/4741/4741
f 4742/4742/4742 4745/4745/4745 4744/4744/4744
f 4745/4745/4745 4746/4746/4746 4744/4744/4744
f 4745/4745/4745 4747/4747/4747 4746/4746/4746
f 4747/4747/4747 4748/4748/4748 4746/4746/4746
f 4747/4747/4747 4749/4749/4749 4748/4748/4748
f 4749/4749/4749 4750/4750/4750 4748/4748/4748
f 4749/4749/4749 4751/4751/4751 4750/4750/4750
f 4751/4751/4751 4752/4752/4752 4750/4750/4750
f 4751/4751/4751 4753/4753/4753 4752/4752/4752
f 4753/4753/4753 4754/4754/4754 4752/4752/4752
f 4753/4753/4753 4755/4755/4755 4754/4754/4754
f 4755/4755/4755 4756/4756/4756 4754/4754/4754
f 4755/4755/4755 4757/4757/4757 4756/4756/4756
f 4757/4757/4757 4758/4758/4758 4756/4756/4756
f 4757/4757/4757 4759/4759/4759 4758/4758/4758
f 4759/4759/4759 4760/4760/4760 4758/4758/4758
f 4759/4759/4759 4761/4761/4761 4760/4760/4760
f 4761/4761/4761 4762/4762/4762 4760/4760/4760
f 4761/4761/4761 4763/4763/4763 4762/4762/4762
f 4763/4763/4763 4764/4764/4764 4762/4762/4762
f 4767/4767/4767 4766/4766/4766 4765/4765/4765
f 4766/4766/4766 4768/4768/4768 4765/4765/4765
f 4766/4766/4766 4769/4769/4769 4768/4768/4768
f 4769/4769/4769 4770/4770/4770 4768/4768/4768
f 4769/4769/4769 4771/4771/4771 4770/4770/4770
f 4771/4771/4771 4772/4772/4772 4770/4770/4770
f 4771/4771/4771 4773/4773/4773 4772/4772/4772
f 4773/4773/4773 4774/4774/4774 4772/4772/4772
f 4773/4773/4773 4775/4775/4775 4774/4774/4774
f 4775/4775/4775 4776/4776/4776 4774/4774/4774
f 4775/4775/4775 4777/4777/4777 4776/4776/4776
f 4777/4777/4777 4778/4778/4778 4776/4776/4776
f 4777/4777/4777 4779/4779/4779 4778/4778/4778
f 4779/4779/4779 4780/4780/4780 4778/4778/4778
f 4779/4779/4779 4781/4781/4781 4780/4780/4780
f 4781/4781/4781 4782/4782/4782 4780/4780/4780
f 4781/4781/4781 4783/4783/4783 4782/4782/4782
f 4783/4783/4783 4784/4784/4784 4782/4782/4782
f 4783/4783/4783 4785/4785/4785 4784/4784/4784
f 4785/4785/4785 4786/4786/4786 4784/4784/4784
f 4785/4785/4785 4787/4787/4787 4786/4786/4786
f 4787/4787/4787 4788/4788/4788 4786/4786/4786
f 4791/4791/4791 4790/4790/4790 4789/4789/4789
f 4792/4792/4792 4791/4791/4791 4789/4789/4789
f 4792/4792/4792 4789/4789/4789 4793/4793/4793
f 4794/4794/4794 4792/4792/4792 4793/4793/4793
f 4794/4794/4794 4793/4793/4793 4795/4795/4795
f 4796/4796/4796 4794/4794/4794 4795/4795/4795
f 4796/4796/4796 4795/4795/4795 4797/4797/4797
f 4798/4798/4798 4796/4796/4796 4797/4797/4797
f 4798/4798/4798 4797/4797/4797 4799/4799/4799
f 4800/4800/4800 4798/4798/4798 4799/4799/4799
f 4800/4800/4800 4799/4799/4799 4801/4801/4801
f 4802/4802/4802 4800/4800/4800 4801/4801/4801
f 4802/4802/4802 4801/4801/4801 4803/4803/4803
f 4804/4804/4804 4802/4802/4802 4803/4803/4803
f 4804/4804/4804 4803/4803/4803 4805/4805/4805
f 4806/4806/4806 4804/4804/4804 4805/4805/4805
f 4806/4806/4806 4805/4805/4805 4807/4807/4807
f 4808/4808/4808 4806/4806/4806 4807/4807/4807
f 4808/4808/4808 4807/4807/4807 4809/4809/4809
f 4810/4810/4810 4808/4808/4808 4809/4809/4809
f 4810/4810/4810 4809/4809/4809 4811/4811/4811
f 4812/4812/4812 4810/4810/4810 4811/4811/4811
f 4815/4815/4815 4814/4814/4814 4813/4813/4813
f 4816/4816/4816 4815/4815/4815 4813/4813/4813
f 4816/4816/4816 4813/4813/4813 4817/4817/4817
f 4818/4818/4818 4816/4816/4816 4817/4817/4817
f 4818/4818/4818 4817/4817/4817 4819/4819/4819
f 4820/4820/4820 4818/4818/4818 4819/4819/4819
f 4820/4820/4820 4819/4819/4819 4821/4821/4821
f 4822/4822/4822 4820/4820/4820 4821/4821/4821
f 4822/4822/4822 4821/4821/4821 4823/4823/4823
f 4824/4824/4824 4822/4822/4822 4823/4823/4823
f 4824/4824/4824 4823/4823/4823 4825/4825/4825
f 4826/4826/4826 4824/4824/4824 4825/4825/4825
f 4826/4826/4826 4825/4825/4825 4827/4827/4827
f 4828/4828/4828 4826/4826/4826 4827/4827/4827
f 4828/4828/4828 4827/4827/4827 4829/4829/4829
f 4830/4830/4830 4828/4828/4828 4829/4829/4829
f 4830/4830/4830 4829/4829/4829 4831/4831/4831
f 4832/4832/4832 4830/4830/4830 4831/4831/4831
f 4832/4832/4832 4831/4831/4831 4833/4833/4833
f 4834/4834/4834 4832/4832/4832 4833/4833/4833
f 4834/4834/4834 4833/4833/4833 4835/4835/4835
f 4836/4836/4836 4834/4834/4834 4835/4835/4835
f 4839/4839/4839 4838/4838/4838 4837/4837/4837
f 4840/4840/4840 4839/4839/4839 4837/4837/4837
f 4840/4840/4840 4837/4837/4837 4841/4841/4841
f 4842/4842/4842 4840/4840/4840 4841/4841/4841
f 4842/4842/4842 4841/4841/4841 4843/4843/4843
f 4844/4844/4844 4842/4842/4842 4843/4843/4843
f 4844/4844/4844 4843/4843/4843 4845/4845/4845
f 4846/4846/4846 4844/4844/4844 4845/4845/4845
f 4846/4846/4846 4845/4845/4845 4847/4847/4847
f 4848/4848/4848 4846/4846/4846 4847/4847/4847
f 4848/4848/4848 4847/4847/4847 4849/4849/4849
f 4850/4850/4850 4848/4848/4848 4849/4849/4849
f 4850/4850/4850 4849/4849/4849 4851/4851/4851
f 4852/4852/4852 4850/4850/4850 4851/4851/4851
f 4852/4852/4852 4851/4851/4851 4853/4853/4853
f 4854/4854/4854 4852/4852/4852 4853/4853/4853
f 4854/4854/4854 4853/4853/4853 4855/4855/4855
f 4856/4856/4856 4854/4854/4854 4855/4855/4855
f 4856/4856/4856 4855/4855/4855 4857/4857/4857
f 4858/4858/4858 4856/4856/4856 4857/4857/4857
f 4858/4858/4858 4857/4857/4857 4859/4859/4859
f 4860/4860/4860 4858/4858/4858 4859/4859/4859
f 4863/4863/4863 4862/4862/4862 4861/4861/4861
f 4864/4864/4864 4863/4863/4863 4861/4861/4861
f 4864/4864/4864 4861/4861/4861 4865/4865/4865
f 4866/4866/4866 4864/4864/4864 4865/4865/4865
f 4866/4866/4866 4865/4865/4865 4867/4867/4867
f 4868/4868/4868 4866/4866/4866 4867/4867/4867
f 4868/4868/4868 4867/4867/4867 4869/4869/4869
f 4870/4870/4870 4868/4868/4868 4869/4869/4869
f 4870/4870/4870 4869/4869/4869 4871/4871/4871
f 4872/4872/4872 4870/4870/4870 4871/4871/4871
f 4872/4872/4872 4871/4871/4871 4873/4873/4873
f 4874/4874/4874 4872/4872/4872 4873/4873/4873
f 4874/4874/4874 4873/4873/4873 4875/4875/4875
f 4876/4876/4876 4874/4874/4874 4875/4875/4875
f 4876/4876/4876 4875/4875/4875 4877/4877/4877
f 4878/4878/4878 4876/4876/4876 4877/4877/4877
f 4878/4878/4878 4877/4877/4877 4879/4879/4879
f 4880/4880/4880 4878/4878/4878 4879/4879/4879
f 4880/4880/4880 4879/4879/4879 4881/4881/4881
f 4882/4882/4882 4880/4880/4880 4881/4881/4881
f 4882/4882/4882 4881/4881/4881 4883/4883/4883
f 4884/4884/4884 4882/4882/4882 4883/4883/4883
f 4887/4887/4887 4886/4886/4886 4885/4885/4885
f 4888/4888/4888 4887/4887/4887 4885/4885/4885
f 4889/4889/4889 4887/4887/4887 4888/4888/4888
f 4890/4890/4890 4889/4889/4889 4888/4888/4888
f 4891/4891/4891 4889/4889/4889 4890/4890/4890
f 4892/4892/4892 4891/4891/4891 4890/4890/4890
f 4893/4893/4893 4891/4891/4891 4892/4892/4892
f 4894/4894/4894 4893/4893/4893 4892/4892/4892
f 4895/4895/4895 4893/4893/4893 4894/4894/4894
f 4896/4896/4896 4895/4895/4895 4894/4894/4894
f 4897/4897/4897 4895/4895/4895 4896/4896/4896
f 4898/4898/4898 4897/4897/4897 4896/4896/4896
f 4899/4899/4899 4897/4897/4897 4898/4898/4898
f 4900/4900/4900 4899/4899/4899 4898/4898/4898
f 4901/4901/4901 4899/4899/4899 4900/4900/4900
f 4902/4902/4902 4901/4901/4901 4900/4900/4900
f 4903/4903/4903 4901/4901/4901 4902/4902/4902
f 4904/4904/4904 4903/4903/4903 4902/4902/4902
f 4907/4907/4907 4906/4906/4906 4905/4905/4905
f 4908/4908/4908 4907/4907/4907 4905/4905/4905
f 4909/4909/4909 4907/4907/4907 4908/4908/4908
f 4910/4910/4910 4909/4909/4909 4908/4908/4908
f 4911/4911/4911 4909/4909/4909 4910/4910/4910
f 4912/4912/4912 4911/4911/4911 4910/4910/4910
f 4913/4913/4913 4911/4911/4911 4912/4912/4912
f 4914/4914/4914 4913/4913/4913 4912/4912/4912
f 4915/4915/4915 4913/4913/4913 4914/4914/4914
f 4916/4916/4916 4915/4915/4915 4914/4914/4914
f 4917/4917/4917 4915/4915/4915 4916/4916/4916
f 4918/4918/4918 4917/4917/4917 4916/4916/4916
f 4919/4919/4919 4917/4917/4917 4918/4918/4918
f 4920/4920/4920 4919/4919/4919 4918/4918/4918
f 4923/4923/4923 4922/4922/4922 4921/4921/4921
f 4924/4924/4924 4923/4923/4923 4921/4921/4921
f 4927/4927/4927 4926/4926/4926 4925/4925/4925
f 4928/4928/4928 4927/4927/4927 4925/4925/4925
f 4931/4931/4931 4930/4930/4930 4929/4929/4929
f 4932/4932/4932 4931/4931/4931 4929/4929/4929
f 4933/4933/4933 4931/4931/4931 4932/4932/4932
f 4934/4934/4934 4933/4933/4933 4932/4932/4932
f 4935/4935/4935 4933/4933/4933 4934/4934/4934
f 4936/4936/4936 4935/4935/4935 4934/4934/4934
f 4937/4937/4937 4935/4935/4935 4936/4936/4936
f 4938/4938/4938 4937/4937/4937 4936/4936/4936
f 4939/4939/4939 4937/4937/4937 4938/4938/4938
f 4940/4940/4940 4939/4939/4939 4938/4938/4938
f 4941/4941/4941 4939/4939/4939 4940/4940/4940
f 4942/4942/4942 4941/4941/4941 4940/4940/4940
f 4943/4943/4943 4941/4941/4941 4942/4942/4942
f 4944/4944/4944 4943/4943/4943 4942/4942/4942
f 4945/4945/4945 4943/4943/4943 4944/4944/4944
f 4946/4946/4946 4945/4945/4945 4944/4944/4944
f 4947/4947/4947 4945/4945/4945 4946/4946/4946
f 4948/4948/4948 4947/4947/4947 4946/4946/4946
f 4951/4951/4951 4950/4950/4950 4949/4949/4949
f 4952/4952/4952 4951/4951/4951 4949/4949/4949
f 4952/4952/4952 4949/4949/4949 4953/4953/4953
f 4954/4954/4954 4952/4952/4952 4953/4953/4953
f 4954/4954/4954 4953/4953/4953 4955/4955/4955
f 4956/4956/4956 4954/4954/4954 4955/4955/4955
f 4956/4956/4956 4955/4955/4955 4957/4957/4957
f 4958/4958/4958 4956/4956/4956 4957/4957/4957
f 4958/4958/4958 4957/4957/4957 4959/4959/4959
f 4960/4960/4960 4958/4958/4958 4959/4959/4959
f 4960/4960/4960 4959/4959/4959 4961/4961/4961
f 4962/4962/4962 4960/4960/4960 4961/4961/4961
f 4962/4962/4962 4961/4961/4961 4963/4963/4963
f 4964/4964/4964 4962/4962/4962 4963/4963/4963
f 4964/4964/4964 4963/4963/4963 4965/4965/4965
f 4966/4966/4966 4964/4964/4964 4965/4965/4965
f 4966/4966/4966 4965/4965/4965 4967/4967/4967
f 4968/4968/4968 4966/4966/4966 4967/4967/4967
f 4968/4968/4968 4967/4967/4967 4969/4969/4969
f 4970/4970/4970 4968/4968/4968 4969/4969/4969
f 4970/4970/4970 4969/4969/4969 4971/4971/4971
f 4972/4972/4972 4970/4970/4970 4971/4971/4971
f 4975/4975/4975 4974/4974/4974 4973/4973/4973
f 4976/4976/4976 4975/4975/4975 4973/4973/4973
f 4976/4976/4976 4973/4973/4973 4977/4977/4977
f 4978/4978/4978 4976/4976/4976 4977/4977/4977
f 4978/4978/4978 4977/4977/4977 4979/4979/4979
f 4980/4980/4980 4978/4978/4978 4979/4979/4979
f 4980/4980/4980 4979/4979/4979 4981/4981/4981
f 4982/4982/4982 4980/4980/4980 4981/4981/4981
f 4982/4982/4982 4981/4981/4981 4983/4983/4983
f 4984/4984/4984 4982/4982/4982 4983/4983/4983
f 4984/4984/4984 4983/4983/4983 4985/4985/4985
f 4986/4986/4986 4984/4984/4984 4985/4985/4985
f 4986/4986/4986 4985/4985/4985 4987/4987/4987
f 4988/4988/4988 4986/4986/4986 4987/4987/4987
f 4988/4988/4988 4987/4987/4987 4989/4989/4989
f 4990/4990/4990 4988/4988/4988 4989/4989/4989
f 4990/4990/4990 4989/4989/4989 4991/4991/4991
f 4992/4992/4992 4990/4990/4990 4991/4991/4991
f 4992/4992/4992 4991/4991/4991 4993/4993/4993
f 4994/4994/4994 4992/4992/4992 4993/4993/4993
f 4994/4994/4994 4993/4993/4993 4995/4995/4995
f 4996/4996/4996 4994/4994/4994 4995/4995/4995
f 4999/4999/4999 4998/4998/4998 4997/4997/4997
f 5000/5000/5000 4999/4999/4999 4997/4997/4997
f 5000/5000/5000 4997/4997/4997 5001/5001/5001
f 5002/5002/5002 5000/5000/5000 5001/5001/5001
f 5002/5002/5002 5001/5001/5001 5003/5003/5003
f 5004/5004/5004 5002/5002/5002 5003/5003/5003
f 5004/5004/5004 5003/5003/5003 5005/5005/5005
f 5006/5006/5006 5004/5004/5004 5005/5005/5005
f 5006/5006/5006 5005/5005/5005 5007/5007/5007
f 5008/5008/5008 5006/5006/5006 5007/5007/5007
f 5008/5008/5008 5007/5007/5007 5009/5009/5009
f 5010/5010/5010 5008/5008/5008 5009/5009/5009
f 5010/5010/5010 5009/5009/5009 5011/5011/5011
f 5012/5012/5012 5010/5010/5010 5011/5011/5011
f 5012/5012/5012 5011/5011/5011 5013/5013/5013
f 5014/5014/5014 5012/5012/5012 5013/5013/5013
f 5014/5014/5014 5013/5013/5013 5015/5015/5015
f 5016/5016/5016 5014/5014/5014 5015/5015/5015
f 5016/5016/5016 5015/5015/5015 5017/5017/5017
f 5018/5018/5018 5016/5016/5016 5017/5017/5017
f 5018/5018/5018 5017/5017/5017 5019/5019/5019
f 5020/5020/5020 5018/5018/5018 5019/5019/5019
f 5023/5023/5023 5022/5022/5022 5021/5021/5021
f 5024/5024/5024 5023/5023/5023 5021/5021/5021
f 5024/5024/5024 5021/5021/5021 5025/5025/5025
f 5026/5026/5026 5024/5024/5024 5025/5025/5025
f 5026/5026/5026 5025/5025/5025 5027/5027/5027
f 5028/5028/5028 5026/5026/5026 5027/5027/5027
f 5028/5028/5028 5027/5027/5027 5029/5029/5029
f 5030/5030/5030 5028/5028/5028 5029/5029/5029
f 5030/5030/5030 5029/5029/5029 5031/5031/5031
f 5032/5032/5032 5030/5030/5030 5031/5031/5031
f 5032/5032/5032 5031/5031/5031 5033/5033/5033
f 5034/5034/5034 5032/5032/5032 5033/5033/5033
f 5034/5034/5034 5033/5033/5033 5035/5035/5035
f 5036/5036/5036 5034/5034/5034 5035/5035/5035
f 5036/5036/5036 5035/5035/5035 5037/5037/5037
f 5038/5038/5038 5036/5036/5036 5037/5037/5037
f 5038/5038/5038 5037/5037/5037 5039/5039/5039
f 5040/5040/5040 5038/5038/5038 5039/5039/5039
f 5040/5040/5040 5039/5039/5039 5041/5041/5041
f 5042/5042/5042 5040/5040/5040 5041/5041/5041
f 5042/5042/5042 5041/5041/5041 5043/5043/5043
f 5044/5044/5044 5042/5042/5042 5043/5043/5043
f 5047/5047/5047 5046/5046/5046 5045/5045/5045
f 5046/5046/5046 5048/5048/5048 5045/5045/5045
f 5046/5046/5046 5049/5049/5049 5048/5048/5048
f 5049/5049/5049 5050/5050/5050 5048/5048/5048
f 5049/5049/5049 5051/5051/5051 5050/5050/5050
f 5051/5051/5051 5052/5052/5052 5050/5050/5050
f 5055/5055/5055 5054/5054/5054 5053/5053/5053
f 5056/5056/5056 5055/5055/5055 5053/5053/5053
f 5059/5059/5059 5058/5058/5058 5057/5057/5057
f 5060/5060/5060 5059/5059/5059 5057/5057/5057
f 5060/5060/5060 5057/5057/5057 5061/5061/5061
f 5062/5062/5062 5060/5060/5060 5061/5061/5061
f 5062/5062/5062 5061/5061/5061 5063/5063/5063
f 5064/5064/5064 5062/5062/5062 5063/5063/5063
f 5067/5067/5067 5066/5066/5066 5065/5065/5065
f 5068/5068/5068 5067/5067/5067 5065/5065/5065
f 5071/5071/5071 5070/5070/5070 5069/5069/5069
f 5072/5072/5072 5071/5071/5071 5069/5069/5069
f 5072/5072/5072 5069/5069/5069 5073/5073/5073
f 5074/5074/5074 5072/5072/5072 5073/5073/5073
f 5074/5074/5074 5073/5073/5073 5075/5075/5075
f 5076/5076/5076 5074/5074/5074 5075/5075/5075
f 5079/5079/5079 5078/5078/5078 5077/5077/5077
f 5078/5078/5078 5080/5080/5080 5077/5077/5077
f 5078/5078/5078 5081/5081/5081 5080/5080/5080
f 5081/5081/5081 5082/5082/5082 5080/5080/5080
f 5081/5081/5081 5083/5083/5083 5082/5082/5082
f 5083/5083/5083 5084/5084/5084 5082/5082/5082
f 5087/5087/5087 5086/5086/5086 5085/5085/5085
f 5088/5088/5088 5087/5087/5087 5085/5085/5085
f 5091/5091/5091 5090/5090/5090 5089/5089/5089
f 5092/5092/5092 5091/5091/5091 5089/5089/5089
f 5092/5092/5092 5089/5089/5089 5093/5093/5093
f 5094/5094/5094 5092/5092/5092 5093/5093/5093
f 5094/5094/5094 5093/5093/5093 5095/5095/5095
f 5096/5096/5096 5094/5094/5094 5095/5095/5095
f 5099/5099/5099 5098/5098/5098 5097/5097/5097
f 5100/5100/5100 5099/5099/5099 5097/5097/5097
f 5103/5103/5103 5102/5102/5102 5101/5101/5101
f 5104/5104/5104 5103/5103/5103 5101/5101/5101
f 5104/5104/5104 5101/5101/5101 5105/5105/5105
f 5106/5106/5106 5104/5104/5104 5105/5105/5105
f 5106/5106/5106 5105/5105/5105 5107/5107/5107
f 5108/5108/5108 5106/5106/5106 5107/5107/5107
f 5111/5111/5111 5110/5110/5110 5109/5109/5109
f 5110/5110/5110 5112/5112/5112 5109/5109/5109
f 5110/5110/5110 5113/5113/5113 5112/5112/5112
f 5113/5113/5113 5114/5114/5114 5112/5112/5112
f 5113/5113/5113 5115/5115/5115 5114/5114/5114
f 5115/5115/5115 5116/5116/5116 5114/5114/5114
f 5119/5119/5119 5118/5118/5118 5117/5117/5117
f 5120/5120/5120 5119/5119/5119 5117/5117/5117
f 5123/5123/5123 5122/5122/5122 5121/5121/5121
f 5124/5124/5124 5123/5123/5123 5121/5121/5121
f 5124/5124/5124 5121/5121/5121 5125/5125/5125
f 5126/5126/5126 5124/5124/5124 5125/5125/5125
f 5126/5126/5126 5125/5125/5125 5127/5127/5127
f 5128/5128/5128 5126/5126/5126 5127/5127/5127
f 5131/5131/5131 5130/5130/5130 5129/5129/5129
f 5132/5132/5132 5131/5131/5131 5129/5129/5129
f 5135/5135/5135 5134/5134/5134 5133/5133/5133
f 5136/5136/5136 5135/5135/5135 5133/5133/5133
f 5136/5136/5136 5133/5133/5133 5137/5137/5137
f 5138/5138/5138 5136/5136/5136 5137/5137/5137
f 5138/5138/5138 5137/5137/5137 5139/5139/5139
f 5140/5140/5140 5138/5138/5138 5139/5139/5139
f 5143/5143/5143 5142/5142/5142 5141/5141/5141
f 5142/5142/5142 5144/5144/5144 5141/5141/5141
f 5142/5142/5142 5145/5145/5145 5144/5144/5144
f 5145/5145/5145 5146/5146/5146 5144/5144/5144
f 5145/5145/5145 5147/5147/5147 5146/5146/5146
f 5147/5147/5147 5148/5148/5148 5146/5146/5146
f 5151/5151/5151 5150/5150/5150 5149/5149/5149
f 5152/5152/5152 5151/5151/5151 5149/5149/5149
f 5155/5155/5155 5154/5154/5154 5153/5153/5153
f 5156/5156/5156 5155/5155/5155 5153/5153/5153
f 5156/5156/5156 5153/5153/5153 5157/5157/5157
f 5158/5158/5158 5156/5156/5156 5157/5157/5157
f 5158/5158/5158 5157/5157/5157 5159/5159/5159
f 5160/5160/5160 5158/5158/5158 5159/5159/5159
f 5163/5163/5163 5162/5162/5162 5161/5161/5161
f 5164/5164/5164 5163/5163/5163 5161/5161/5161
f 5167/5167/5167 5166/5166/5166 5165/5165/5165
f 5168/5168/5168 5167/5167/5167 5165/5165/5165
f 5168/5168/5168 5165/5165/5165 5169/5169/5169
f 5170/5170/5170 5168/5168/5168 5169/5169/5169
f 5170/5170/5170 5169/5169/5169 5171/5171/5171
f 5172/5172/5172 5170/5170/5170 5171/5171/5171
f 5175/5175/5175 5174/5174/5174 5173/5173/5173
f 5176/5176/5176 5175/5175/5175 5173/5173/5173
f 5177/5177/5177 5175/5175/5175 5176/5176/5176
f 5178/5178/5178 5177/5177/5177 5176/5176/5176
f 5179/5179/5179 5177/5177/5177 5178/5178/5178
f 5180/5180/5180 5179/5179/5179 5178/5178/5178
f 5181/5181/5181 5179/5179/5179 5180/5180/5180
f 5182/5182/5182 5181/5181/5181 5180/5180/5180
f 5183/5183/5183 5181/5181/5181 5182/5182/5182
f 5184/5184/5184 5183/5183/5183 5182/5182/5182
f 5185/5185/5185 5183/5183/5183 5184/5184/5184
f 5186/5186/5186 5185/5185/5185 5184/5184/5184
f 5187/5187/5187 5185/5185/5185 5186/5186/5186
f 5188/5188/5188 5187/5187/5187 5186/5186/5186
f 5189/5189/5189 5187/5187/5187 5188/5188/5188
f 5190/5190/5190 5189/5189/5189 5188/5188/5188
f 5191/5191/5191 5189/5189/5189 5190/5190/5190
f 5192/5192/5192 5191/5191/5191 5190/5190/5190
f 5193/5193/5193 5191/5191/5191 5192/5192/5192
f 5194/5194/5194 5193/5193/5193 5192/5192/5192
f 5195/5195/5195 5193/5193/5193 5194/5194/5194
f 5196/5196/5196 5195/5195/5195 5194/5194/5194
f 5199/5199/5199 5198/5198/5198 5197/5197/5197
f 5200/5200/5200 5199/5199/5199 5197/5197/5197
f 5201/5201/5201 5199/5199/5199 5200/5200/5200
f 5202/5202/5202 5201/5201/5201 5200/5200/5200
f 5203/5203/5203 5201/5201/5201 5202/5202/5202
f 5204/5204/5204 5203/5203/5203 5202/5202/5202
f 5205/5205/5205 5203/5203/5203 5204/5204/5204
f 5206/5206/5206 5205/5205/5205 5204/5204/5204
f 5207/5207/5207 5205/5205/5205 5206/5206/5206
f 5208/5208/5208 5207/5207/5207 5206/5206/5206
f 5209/5209/5209 5207/5207/5207 5208/5208/5208
f 5210/5210/5210 5209/5209/5209 5208/5208/5208
f 5211/5211/5211 5209/5209/5209 5210/5210/5210
f 5212/5212/5212 5211/5211/5211 5210/5210/5210
f 5213/5213/5213 5211/5211/5211 5212/5212/5212
f 5214/5214/5214 5213/5213/5213 5212/5212/5212
f 5215/5215/5215 5213/5213/5213 5214/5214/5214
f 5216/5216/5216 5215/5215/5215 5214/5214/5214
f 5217/5217/5217 5215/5215/5215 5216/5216/5216
f 5218/5218/5218 5217/5217/5217 5216/5216/5216
f 5219/5219/5219 5217/5217/5217 5218/5218/5218
f 5220/5220/5220 5219/5219/5219 5218/5218/5218
f 5223/5223/5223 5222/5222/5222 5221/5221/5221
f 5224/5224/5224 5223/5223/5223 5221/5221/5221
f 5225/5225/5225 5223/5223/5223 5224/5224/5224
f 5226/5226/5226 5225/5225/5225 5224/5224/5224
f 5227/5227/5227 5225/5225/5225 5226/5226/5226
f 5228/5228/5228 5227/5227/5227 5226/5226/5226
f 5229/5229/5229 5227/5227/5227 5228/5228/5228
f 5230/5230/5230 5229/5229/5229 5228/5228/5228
f 5231/5231/5231 5229/5229/5229 5230/5230/5230
f 5232/5232/5232 5231/5231/5231 5230/5230/5230
f 5233/5233/5233 5231/5231/5231 5232/5232/5232
f 5234/5234/5234 5233/5233/5233 5232/5232/5232
f 5235/5235/5235 5233/5233/5233 5234/5234/5234
f 5236/5236/5236 5235/5235/5235 5234/5234/5234
f 5237/5237/5237 5235/5235/5235 5236/5236/5236
f 5238/5238/5238 5237/5237/5237 5236/5236/5236
f 5239/5239/5239 5237/5237/5237 5238/5238/5238
f 5240/5240/5240 5239/5239/5239 5238/5238/5238
f 5241/5241/5241 5239/5239/5239 5240/5240/5240
f 5242/5242/5242 5241/5241/5241 5240/5240/5240
f 5243/5243/5243 5241/5241/5241 5242/5242/5242
f 5244/5244/5244 5243/5243/5243 5242/5242/5242
f 5247/5247/5247 5246/5246/5246 5245/5245/5245
f 5248/5248/5248 5247/5247/5247 5245/5245/5245
f 5249/5249/5249 5247/5247/5247 5248/5248/5248
f 5250/5250/5250 5249/5249/5249 5248/5248/5248
f 5251/5251/5251 5249/5249/5249 5250/5250/5250
f 5252/5252/5252 5251/5251/5251 5250/5250/5250
f 5253/5253/5253 5251/5251/5251 5252/5252/5252
f 5254/5254/5254 5253/5253/5253 5252/5252/5252
f 5255/5255/5255 5253/5253/5253 5254/5254/5254
f 5256/5256/5256 5255/5255/5255 5254/5254/5254
f 5257/5257/5257 5255/5255/5255 5256/5256/5256
f 5258/5258/5258 5257/5257/5257 5256/5256/5256
f 5259/5259/5259 5257/5257/5257 5258/5258/5258
f 5260/5260/5260 5259/5259/5259 5258/5258/5258
f 5261/5261/5261 5259/5259/5259 5260/5260/5260
f 5262/5262/5262 5261/5261/5261 5260/5260/5260
f 5263/5263/5263 5261/5261/5261 5262/5262/5262
f 5264/5264/5264 5263/5263/5263 5262/5262/5262
f 5265/5265/5265 5263/5263/5263 5264/5264/5264
f 5266/5266/5266 5265/5265/5265 5264/5264/5264
f 5267/5267/5267 5265/5265/5265 5266/5266/5266
f 5268/5268/5268 5267/5267/5267 5266/5266/5266
f 5271/5271/5271 5270/5270/5270 5269/5269/5269
f 5272/5272/5272 5271/5271/5271 5269/5269/5269
f 5273/5273/5273 5271/5271/5271 5272/5272/5272
f 5274/5274/5274 5273/5273/5273 5272/5272/5272
f 5275/5275/5275 5273/5273/5273 5274/5274/5274
f 5276/5276/5276 5275/5275/5275 5274/5274/5274
f 5277/5277/5277 5275/5275/5275 5276/5276/5276
f 5278/5278/5278 5277/5277/5277 5276/5276/5276
f 5279/5279/5279 5277/5277/5277 5278/5278/5278
f 5280/5280/5280 5279/5279/5279 5278/5278/5278
f 5281/5281/5281 5279/5279/5279 5280/5280/5280
f 5282/5282/5282 5281/5281/5281 5280/5280/5280
f 5283/5283/5283 5281/5281/5281 5282/5282/5282
f 5284/5284/5284 5283/5283/5283 5282/5282/5282
f 5285/5285/5285 5283/5283/5283 5284/5284/5284
f 5286/5286/5286 5285/5285/5285 5284/5284/5284
f 5287/5287/5287 5285/5285/5285 5286/5286/5286
f 5288/5288/5288 5287/5287/5287 5286/5286/5286
f 5289/5289/5289 5287/5287/5287 5288/5288/5288
f 5290/5290/5290 5289/5289/5289 5288/5288/5288
f 5291/5291/5291 5289/5289/5289 5290/5290/5290
f 5292/5292/5292 5291/5291/5291 5290/5290/5290
f 5295/5295/5295 5294/5294/5294 5293/5293/5293
f 5296/5296/5296 5295/5295/5295 5293/5293/5293
f 5297/5297/5297 5295/5295/5295 5296/5296/5296
f 5298/5298/5298 5297/5297/5297 5296/5296/5296
f 5299/5299/5299 5297/5297/5297 5298/5298/5298
f 5300/5300/5300 5299/5299/5299 5298/5298/5298
f 5301/5301/5301 5299/5299/5299 5300/5300/5300
f 5302/5302/5302 5301/5301/5301 5300/5300/5300
f 5303/5303/5303 5301/5301/5301 5302/5302/5302
f 5304/5304/5304 5303/5303/5303 5302/5302/5302
f 5305/5305/5305 5303/5303/5303 5304/5304/5304
f 5306/5306/5306 5305/5305/5305 5304/5304/5304
f 5307/5307/5307 5305/5305/5305 5306/5306/5306
f 5308/5308/5308 5307/5307/5307 5306/5306/5306
f 5309/5309/5309 5307/5307/5307 5308/5308/5308
f 5310/5310/5310 5309/5309/5309 5308/5308/5308
f 5311/5311/5311 5309/5309/5309 5310/5310/5310
f 5312/5312/5312 5311/5311/5311 5310/5310/5310
f 5313/5313/5313 5311/5311/5311 5312/5312/5312
f 5314/5314/5314 5313/5313/5313 5312/5312/5312
f 5315/5315/5315 5313/5313/5313 5314/5314/5314
f 5316/5316/5316 5315/5315/5315 5314/5314/5314
f 5319/5319/5319 5318/5318/5318 5317/5317/5317
f 5318/5318/5318 5320/5320/5320 5317/5317/5317
f 5317/5317/5317 5320/5320/5320 5321/5321/5321
f 5320/5320/5320 5322/5322/5322 5321/5321/5321
f 5321/5321/5321 5322/5322/5322 5323/5323/5323
f 5322/5322/5322 5324/5324/5324 5323/5323/5323
f 5323/5323/5323 5324/5324/5324 5325/5325/5325
f 5324/5324/5324 5326/5326/5326 5325/5325/5325
f 5325/5325/5325 5326/5326/5326 5327/5327/5327
f 5326/5326/5326 5328/5328/5328 5327/5327/5327
f 5327/5327/5327 5328/5328/5328 5329/5329/5329
f 5328/5328/5328 5330/5330/5330 5329/5329/5329
f 5329/5329/5329 5330/5330/5330 5331/5331/5331
f 5330/5330/5330 5332/5332/5332 5331/5331/5331
f 5331/5331/5331 5332/5332/5332 5333/5333/5333
f 5332/5332/5332 5334/5334/5334 5333/5333/5333
f 5333/5333/5333 5334/5334/5334 5335/5335/5335
f 5334/5334/5334 5336/5336/5336 5335/5335/5335
f 5335/5335/5335 5336/5336/5336 5337/5337/5337
f 5336/5336/5336 5338/5338/5338 5337/5337/5337
f 5337/5337/5337 5338/5338/5338 5339/5339/5339
f 5338/5338/5338 5340/5340/5340 5339/5339/5339
f 5343/5343/5343 5342/5342/5342 5341/5341/5341
f 5342/5342/5342 5344/5344/5344 5341/5341/5341
f 5341/5341/5341 5344/5344/5344 5345/5345/5345
f 5344/5344/5344 5346/5346/5346 5345/5345/5345
f 5345/5345/5345 5346/5346/5346 5347/5347/5347
f 5346/5346/5346 5348/5348/5348 5347/5347/5347
f 5347/5347/5347 5348/5348/5348 5349/5349/5349
f 5348/5348/5348 5350/5350/5350 5349/5349/5349
f 5349/5349/5349 5350/5350/5350 5351/5351/5351
f 5350/5350/5350 5352/5352/5352 5351/5351/5351
f 5351/5351/5351 5352/5352/5352 5353/5353/5353
f 5352/5352/5352 5354/5354/5354 5353/5353/5353
f 5353/5353/5353 5354/5354/5354 5355/5355/5355
f 5354/5354/5354 5356/5356/5356 5355/5355/5355
f 5355/5355/5355 5356/5356/5356 5357/5357/5357
f 5356/5356/5356 5358/5358/5358 5357/5357/5357
f 5357/5357/5357 5358/5358/5358 5359/5359/5359
f 5358/5358/5358 5360/5360/5360 5359/5359/5359
f 5359/5359/5359 5360/5360/5360 5361/5361/5361
f 5360/5360/5360 5362/5362/5362 5361/5361/5361
f 5361/5361/5361 5362/5362/5362 5363/5363/5363
f 5362/5362/5362 5364/5364/5364 5363/5363/5363
f 5367/5367/5367 5366/5366/5366 5365/5365/5365
f 5368/5368/5368 5367/5367/5367 5365/5365/5365
f 5368/5368/5368 5365/5365/5365 5369/5369/5369
f 5370/5370/5370 5368/5368/5368 5369/5369/5369
f 5370/5370/5370 5369/5369/5369 5371/5371/5371
f 5372/5372/5372 5370/5370/5370 5371/5371/5371
f 5372/5372/5372 5371/5371/5371 5373/5373/5373
f 5374/5374/5374 5372/5372/5372 5373/5373/5373
f 5374/5374/5374 5373/5373/5373 5375/5375/5375
f 5376/5376/5376 5374/5374/5374 5375/5375/5375
f 5376/5376/5376 5375/5375/5375 5377/5377/5377
f 5378/5378/5378 5376/5376/5376 5377/5377/5377
f 5378/5378/5378 5377/5377/5377 5379/5379/5379
f 5380/5380/5380 5378/5378/5378 5379/5379/5379
f 5380/5380/5380 5379/5379/5379 5381/5381/5381
f 5382/5382/5382 5380/5380/5380 5381/5381/5381
f 5382/5382/5382 5381/5381/5381 5383/5383/5383
f 5384/5384/5384 5382/5382/5382 5383/5383/5383
f 5384/5384/5384 5383/5383/5383 5385/5385/5385
f 5386/5386/5386 5384/5384/5384 5385/5385/5385
f 5386/5386/5386 5385/5385/5385 5387/5387/5387
f 5388/5388/5388 5386/5386/5386 5387/5387/5387
f 5391/5391/5391 5390/5390/5390 5389/5389/5389
f 5392/5392/5392 5391/5391/5391 5389/5389/5389
f 5392/5392/5392 5389/5389/5389 5393/5393/5393
f 5394/5394/5394 5392/5392/5392 5393/5393/5393
f 5394/5394/5394 5393/5393/5393 5395/5395/5395
f 5396/5396/5396 5394/5394/5394 5395/5395/5395
f 5396/5396/5396 5395/5395/5395 5397/5397/5397
f 5398/5398/5398 5396/5396/5396 5397/5397/5397
f 5398/5398/5398 5397/5397/5397 5399/5399/5399
f 5400/5400/5400 5398/5398/5398 5399/5399/5399
f 5400/5400/5400 5399/5399/5399 5401/5401/5401
f 5402/5402/5402 5400/5400/5400 5401/5401/5401
f 5402/5402/5402 5401/5401/5401 5403/5403/5403
f 5404/5404/5404 5402/5402/5402 5403/5403/5403
f 5404/5404/5404 5403/5403/5403 5405/5405/5405
f 5406/5406/5406 5404/5404/5404 5405/5405/5405
f 5406/5406/5406 5405/5405/5405 5407/5407/5407
f 5408/5408/5408 5406/5406/5406 5407/5407/5407
f 5408/5408/5408 5407/5407/5407 5409/5409/5409
f 5410/5410/5410 5408/5408/5408 5409/5409/5409
f 5410/5410/5410 5409/5409/5409 5411/5411/5411
f 5412/5412/5412 5410/5410/5410 5411/5411/5411
f 5415/5415/5415 5414/5414/5414 5413/5413/5413
f 5416/5416/5416 5415/5415/5415 5413/5413/5413
f 5416/5416/5416 5413/5413/5413 5417/5417/5417
f 5418/5418/5418 5416/5416/5416 5417/5417/5417
f 5418/5418/5418 5417/5417/5417 5419/5419/5419
f 5420/5420/5420 5418/5418/5418 5419/5419/5419
f 5420/5420/5420 5419/5419/5419 5421/5421/5421
f 5422/5422/5422 5420/5420/5420 5421/5421/5421
f 5422/5422/5422 5421/5421/5421 5423/5423/5423
f 5424/5424/5424 5422/5422/5422 5423/5423/5423
f 5424/5424/5424 5423/5423/5423 5425/5425/5425
f 5426/5426/5426 5424/5424/5424 5425/5425/5425
f 5426/5426/5426 5425/5425/5425 5427/5427/5427
f 5428/5428/5428 5426/5426/5426 5427/5427/5427
f 5428/5428/5428 5427/5427/5427 5429/5429/5429
f 5430/5430/5430 5428/5428/5428 5429/5429/5429
f 5430/5430/5430 5429/5429/5429 5431/5431/5431
f 5432/5432/5432 5430/5430/5430 5431/5431/5431
f 5432/5432/5432 5431/5431/5431 5433/5433/5433
f 5434/5434/5434 5432/5432/5432 5433/5433/5433
f 5434/5434/5434 5433/5433/5433 5435/5435/5435
f 5436/5436/5436 5434/5434/5434 5435/5435/5435
f 5439/5439/5439 5438/5438/5438 5437/5437/5437
f 5440/5440/5440 5439/5439/5439 5437/5437/5437
f 5440/5440/5440 5437/5437/5437 5441/5441/5441
f 5442/5442/5442 5440/5440/5440 5441/5441/5441
f 5442/5442/5442 5441/5441/5441 5443/5443/5443
f 5444/5444/5444 5442/5442/5442 5443/5443/5443
f 5444/5444/5444 5443/5443/5443 5445/5445/5445
f 5446/5446/5446 5444/5444/5444 5445/5445/5445
f 5446/5446/5446 5445/5445/5445 5447/5447/5447
f 5448/5448/5448 5446/5446/5446 5447/5447/5447
f 5448/5448/5448 5447/5447/5447 5449/5449/5449
f 5450/5450/5450 5448/5448/5448 5449/5449/5449
f 5450/5450/5450 5449/5449/5449 5451/5451/5451
f 5452/5452/5452 5450/5450/5450 5451/5451/5451
f 5452/5452/5452 5451/5451/5451 5453/5453/5453
f 5454/5454/5454 5452/5452/5452 5453/5453/5453
f 5454/5454/5454 5453/5453/5453 5455/5455/5455
f 5456/5456/5456 5454/5454/5454 5455/5455/5455
f 5456/5456/5456 5455/5455/5455 5457/5457/5457
f 5458/5458/5458 5456/5456/5456 5457/5457/5457
f 5458/5458/5458 5457/5457/5457 5459/5459/5459
f 5460/5460/5460 5458/5458/5458 5459/5459/5459
f 5463/5463/5463 5462/5462/5462 5461/5461/5461
f 5464/5464/5464 5463/5463/5463 5461/5461/5461
f 5465/5465/5465 5463/5463/5463 5464/5464/5464
f 5466/5466/5466 5465/5465/5465 5464/5464/5464
f 5467/5467/5467 5465/5465/5465 5466/5466/5466
f 5468/5468/5468 5467/5467/5467 5466/5466/5466
f 5469/5469/5469 5467/5467/5467 5468/5468/5468
f 5470/5470/5470 5469/5469/5469 5468/5468/5468
f 5471/5471/5471 5469/5469/5469 5470/5470/5470
f 5472/5472/5472 5471/5471/5471 5470/5470/5470
f 5473/5473/5473 5471/5471/5471 5472/5472/5472
f 5474/5474/5474 5473/5473/5473 5472/5472/5472
f 5475/5475/5475 5473/5473/5473 5474/5474/5474
f 5476/5476/5476 5475/5475/5475 5474/5474/5474
f 5477/5477/5477 5475/5475/5475 5476/5476/5476
f 5478/5478/5478 5477/5477/5477 5476/5476/5476
f 5479/5479/5479 5477/5477/5477 5478/5478/5478
f 5480/5480/5480 5479/5479/5479 5478/5478/5478
f 5481/5481/5481 5479/5479/5479 5480/5480/5480
f 5482/5482/5482 5481/5481/5481 5480/5480/5480
f 5479/5479/5479 5481/5481/5481 5483/5483/5483
f 5484/5484/5484 5481/5481/5481 5482/5482/5482
f 5481/5481/5481 5485/5485/5485 5483/5483/5483
f 5486/5486/5486 5484/5484/5484 5482/5482/5482
f 5483/5483/5483 5485/5485/5485 5487/5487/5487
f 5488/5488/5488 5484/5484/5484 5486/5486/5486
f 5485/5485/5485 5489/5489/5489 5487/5487/5487
f 5490/5490/5490 5488/5488/5488 5486/5486/5486
f 5487/5487/5487 5489/5489/5489 5491/5491/5491
f 5492/5492/5492 5488/5488/5488 5490/5490/5490
f 5489/5489/5489 5493/5493/5493 5491/5491/5491
f 5494/5494/5494 5492/5492/5492 5490/5490/5490
f 5491/5491/5491 5493/5493/5493 5495/5495/5495
f 5496/5496/5496 5492/5492/5492 5494/5494/5494
f 5493/5493/5493 5497/5497/5497 5495/5495/5495
f 5498/5498/5498 5496/5496/5496 5494/5494/5494
f 5495/5495/5495 5497/5497/5497 5499/5499/5499
f 5500/5500/5500 5496/5496/5496 5498/5498/5498
f 5497/5497/5497 5501/5501/5501 5499/5499/5499
f 5502/5502/5502 5500/5500/5500 5498/5498/5498
f 5499/5499/5499 5501/5501/5501 5503/5503/5503
f 5504/5504/5504 5500/5500/5500 5502/5502/5502
f 5501/5501/5501 5505/5505/5505 5503/5503/5503
f 5506/5506/5506 5504/5504/5504 5502/5502/5502
f 5503/5503/5503 5505/5505/5505 5507/5507/5507
f 5508/5508/5508 5504/5504/5504 5506/5506/5506
f 5505/5505/5505 5509/5509/5509 5507/5507/5507
f 5510/5510/5510 5508/5508/5508 5506/5506/5506
f 5507/5507/5507 5509/5509/5509 5511/5511/5511
f 5512/5512/5512 5508/5508/5508 5510/5510/5510
f 5509/5509/5509 5513/5513/5513 5511/5511/5511
f 5514/5514/5514 5512/5512/5512 5510/5510/5510
f 5511/5511/5511 5513/5513/5513 5515/5515/5515
f 5513/5513/5513 5516/5516/5516 5515/5515/5515
f 5515/5515/5515 5516/5516/5516 5517/5517/5517
f 5516/5516/5516 5518/5518/5518 5517/5517/5517
f 5517/5517/5517 5518/5518/5518 5519/5519/5519
f 5518/5518/5518 5520/5520/5520 5519/5519/5519
f 5519/5519/5519 5520/5520/5520 5521/5521/5521
f 5520/5520/5520 5522/5522/5522 5521/5521/5521
f 5521/5521/5521 5522/5522/5522 5523/5523/5523
f 5522/5522/5522 5524/5524/5524 5523/5523/5523
f 5523/5523/5523 5524/5524/5524 5525/5525/5525
f 5524/5524/5524 5526/5526/5526 5525/5525/5525
f 5525/5525/5525 5526/5526/5526 5527/5527/5527
f 5526/5526/5526 5528/5528/5528 5527/5527/5527
f 5527/5527/5527 5528/5528/5528 5529/5529/5529
f 5528/5528/5528 5530/5530/5530 5529/5529/5529
f 5529/5529/5529 5530/5530/5530 5531/5531/5531
f 5530/5530/5530 5532/5532/5532 5531/5531/5531
f 5531/5531/5531 5532/5532/5532 5533/5533/5533
f 5532/5532/5532 5534/5534/5534 5533/5533/5533
f 5533/5533/5533 5534/5534/5534 5535/5535/5535
f 5534/5534/5534 5536/5536/5536 5535/5535/5535
f 5535/5535/5535 5536/5536/5536 5537/5537/5537
f 5536/5536/5536 5538/5538/5538 5537/5537/5537
f 5537/5537/5537 5538/5538/5538 5539/5539/5539
f 5538/5538/5538 5540/5540/5540 5539/5539/5539
f 5539/5539/5539 5540/5540/5540 5541/5541/5541
f 5540/5540/5540 5542/5542/5542 5541/5541/5541
f 5541/5541/5541 5542/5542/5542 5543/5543/5543
f 5542/5542/5542 5544/5544/5544 5543/5543/5543
f 5543/5543/5543 5544/5544/5544 5545/5545/5545
f 5544/5544/5544 5546/5546/5546 5545/5545/5545
f 5545/5545/5545 5546/5546/5546 5547/5547/5547
f 5546/5546/5546 5548/5548/5548 5547/5547/5547
f 5547/5547/5547 5548/5548/5548 5549/5549/5549
f 5548/5548/5548 5550/5550/5550 5549/5549/5549
f 5549/5549/5549 5550/5550/5550 5551/5551/5551
f 5550/5550/5550 5552/5552/5552 5551/5551/5551
f 5551/5551/5551 5552/5552/5552 5553/5553/5553
f 5552/5552/5552 5554/5554/5554 5553/5553/5553
f 5553/5553/5553 5554/5554/5554 5555/5555/5555
f 5554/5554/5554 5556/5556/5556 5555/5555/5555
f 5555/5555/5555 5556/5556/5556 5557/5557/5557
f 5556/5556/5556 5558/5558/5558 5557/5557/5557
f 5557/5557/5557 5558/5558/5558 5559/5559/5559
f 5558/5558/5558 5560/5560/5560 5559/5559/5559
f 5559/5559/5559 5560/5560/5560 5561/5561/5561
f 5560/5560/5560 5562/5562/5562 5561/5561/5561
f 5561/5561/5561 5562/5562/5562 5563/5563/5563
f 5562/5562/5562 5564/5564/5564 5563/5563/5563
f 5563/5563/5563 5564/5564/5564 5565/5565/5565
f 5564/5564/5564 5566/5566/5566 5565/5565/5565
f 5565/5565/5565 5566/5566/5566 5462/5462/5462
f 5566/5566/5566 5567/5567/5567 5462/5462/5462
f 5462/5462/5462 5567/5567/5567 5568/5568/5568
f 5461/5461/5461 5462/5462/5462 5568/5568/5568
f 5568/5568/5568 5567/5567/5567 5514/5514/5514
f 5567/5567/5567 5512/5512/5512 5514/5514/5514
