g Mill lvl3 Final 
v 5.9667145E-06 0.5327696 6.5764027
v 0.13789484 0.5146154 6.5764027
v 6.034613E-06 -1.4325394E-07 6.647795
v 0.13789484 0.5146154 6.5764027
v 0.2663901 0.46139258 6.5764027
v 6.034613E-06 -1.4325394E-07 6.647795
v 0.2663901 0.46139258 6.5764027
v 0.37673265 0.37672532 6.5764027
v 6.034613E-06 -1.4325394E-07 6.647795
v 0.37673265 0.37672532 6.5764027
v 0.46139774 0.26638377 6.5764027
v 6.034613E-06 -1.4325394E-07 6.647795
v 0.46139774 0.26638377 6.5764027
v 0.51462114 0.13789077 6.5764027
v 6.034613E-06 -1.4325394E-07 6.647795
v 0.51462114 0.13789077 6.5764027
v 0.53277636 2.6028692E-07 6.5764027
v 6.034613E-06 -1.4325394E-07 6.647795
v 0.53277636 2.6028692E-07 6.5764027
v 0.51462114 -0.13789058 6.5764027
v 6.034613E-06 -1.4325394E-07 6.647795
v 0.51462114 -0.13789058 6.5764027
v 0.46139765 -0.26638386 6.5764027
v 6.034613E-06 -1.4325394E-07 6.647795
v 0.46139765 -0.26638386 6.5764027
v 0.3767327 -0.3767255 6.5764027
v 6.034613E-06 -1.4325394E-07 6.647795
v 0.3767327 -0.3767255 6.5764027
v 0.26639026 -0.46139193 6.5764027
v 6.034613E-06 -1.4325394E-07 6.647795
v 0.26639026 -0.46139193 6.5764027
v 0.13789503 -0.5146154 6.5764027
v 6.034613E-06 -1.4325394E-07 6.647795
v 0.13789503 -0.5146154 6.5764027
v 6.058049E-06 -0.5327697 6.5764027
v 6.034613E-06 -1.4325394E-07 6.647795
v 6.058049E-06 -0.5327697 6.5764027
v -0.13788301 -0.5146154 6.5764027
v 6.034613E-06 -1.4325394E-07 6.647795
v -0.13788301 -0.5146154 6.5764027
v -0.26637816 -0.46139202 6.5764027
v 6.034613E-06 -1.4325394E-07 6.647795
v -0.26637816 -0.46139202 6.5764027
v -0.37672067 -0.37672555 6.5764027
v 6.034613E-06 -1.4325394E-07 6.647795
v -0.37672067 -0.37672555 6.5764027
v -0.46138567 -0.26638383 6.5764027
v 6.034613E-06 -1.4325394E-07 6.647795
v -0.46138567 -0.26638383 6.5764027
v -0.514609 -0.13789065 6.5764027
v 6.034613E-06 -1.4325394E-07 6.647795
v -0.514609 -0.13789065 6.5764027
v -0.53276426 -1.14923196E-07 6.5764027
v 6.034613E-06 -1.4325394E-07 6.647795
v -0.53276426 -1.14923196E-07 6.5764027
v -0.514609 0.13789085 6.5764027
v 6.034613E-06 -1.4325394E-07 6.647795
v -0.514609 0.13789085 6.5764027
v -0.4613855 0.2663836 6.5764027
v 6.034613E-06 -1.4325394E-07 6.647795
v -0.4613855 0.2663836 6.5764027
v -0.3767207 0.3767256 6.5764027
v 6.034613E-06 -1.4325394E-07 6.647795
v -0.3767207 0.3767256 6.5764027
v -0.26637807 0.46139222 6.5764027
v 6.034613E-06 -1.4325394E-07 6.647795
v -0.26637807 0.46139222 6.5764027
v -0.13788302 0.5146155 6.5764027
v 6.034613E-06 -1.4325394E-07 6.647795
v -0.13788302 0.5146155 6.5764027
v 5.9667145E-06 0.5327696 6.5764027
v 6.034613E-06 -1.4325394E-07 6.647795
v -1.22529 2.11575E-07 4.6233044
v -1.5099576 2.11575E-07 4.660781
v -1.4585085 -0.39080635 4.6607814
v -1.1835406 -0.31712952 4.6233044
v -1.3076637 -0.7549812 4.660782
v -1.0611345 -0.6126475 4.6233044
v -1.0676999 -1.0677055 4.6607814
v -0.86640996 -0.86641467 4.6233044
v -0.75497556 -1.3076663 4.660781
v -0.612642 -1.0611367 4.6233044
v -0.39080194 -1.4585122 4.6607814
v -0.31712455 -1.1835444 4.6233044
v 5.9989566E-06 -1.509963 4.6607814
v 6.054496E-06 -1.2252954 4.6233044
v 0.39081395 -1.4585124 4.6607814
v 0.31713665 -1.1835446 4.6233044
v 0.7549876 -1.3076665 4.660781
v 0.61265403 -1.0611371 4.6233044
v 1.0677121 -1.0677054 4.6607814
v 0.8664221 -0.86641467 4.6233044
v 1.3076757 -0.7549816 4.660782
v 1.0611465 -0.61264783 4.6233044
v 1.4585205 -0.39080662 4.6607814
v 1.1835526 -0.31712982 4.6233044
v 1.5099697 2.11575E-07 4.660781
v 1.225302 2.11575E-07 4.6233044
v 1.4585205 0.39080703 4.6607814
v 1.1835526 0.3171302 4.6233044
v 1.3076757 0.754982 4.6607823
v 1.0611465 0.6126482 4.6233044
v 1.0677121 1.0677059 4.6607814
v 0.8664221 0.8664151 4.6233044
v 0.75498754 1.3076673 4.6607814
v 0.61265403 1.0611378 4.6233044
v 0.3908139 1.4585129 4.6607814
v 0.31713665 1.1835451 4.6233044
v 5.9212007E-06 1.5099633 4.6607814
v 6.054496E-06 1.2252957 4.6233044
v -0.39080203 1.4585123 4.6607814
v -0.31712455 1.1835445 4.6233044
v -0.75497556 1.3076668 4.6607814
v -0.612642 1.0611372 4.6233044
v -1.0676999 1.0677054 4.6607814
v -0.86640996 0.8664145 4.6233044
v -1.3076637 0.7549818 4.660782
v -1.0611345 0.61264795 4.6233044
v -1.4585085 0.39080673 4.6607814
v -1.1835406 0.3171299 4.6233044
v -1.5099576 2.11575E-07 4.660781
v -1.22529 2.11575E-07 4.6233044
v -1.5246267 0.40852368 0.2909692
v -1.5670688 0.419896 0
v -1.4049969 0.8111767 0
v -1.3669442 0.78920704 0.29096913
v 1.5246398 0.40852404 0.29096916
v 1.567082 0.41989636 0
v 1.6223602 2.8013596E-07 0
v 1.5784209 2.7254885E-07 0.29096913
v -1.3669442 0.78920704 0.29096913
v -1.4049969 0.8111767 0
v -1.1471719 1.1471765 0
v -1.1161022 1.1161067 0.29096913
v -1.5784078 2.7254885E-07 0.2909692
v -1.622347 2.8013596E-07 0
v -1.5670688 0.419896 0
v -1.5246267 0.40852368 0.2909692
v 0.40853113 -1.5246308 0.2909692
v 0.41990355 -1.5670727 0
v 6.6566886E-06 -1.622353 0
v 6.5900485E-06 -1.5784136 0.29096913
v 1.1161153 -1.116107 0.2909692
v 1.1471851 -1.1471767 0
v 0.81118345 -1.4049989 0
v 0.7892138 -1.3669465 0.29096913
v 0.7892138 -1.3669465 0.29096913
v 0.81118345 -1.4049989 0
v 0.41990355 -1.5670727 0
v 0.40853113 -1.5246308 0.2909692
v -1.3669442 -0.7892065 0.2909692
v -1.4049969 -0.8111761 0
v -1.5670688 -0.4198955 0
v -1.5246267 -0.40852314 0.29096913
v 1.3669574 0.78920746 0.29096916
v 1.4050101 0.81117713 0
v 1.567082 0.41989636 0
v 1.5246398 0.40852404 0.29096916
v -0.7892006 1.3669466 0.2909692
v -0.8111702 1.4049991 0
v -0.41989025 1.5670726 0
v -0.408518 1.5246305 0.29096913
v 0.7892138 1.3669473 0.2909692
v 0.81118345 1.4049999 0
v 1.1471851 1.1471772 0
v 1.1161153 1.1161076 0.29096913
v -1.5246267 -0.40852314 0.29096913
v -1.5670688 -0.4198955 0
v -1.622347 2.8013596E-07 0
v -1.5784078 2.7254885E-07 0.2909692
v -1.1161022 -1.116107 0.2909692
v -1.1471719 -1.1471767 0
v -1.4049969 -0.8111761 0
v -1.3669442 -0.7892065 0.2909692
v 1.1161153 1.1161076 0.29096913
v 1.1471851 1.1471772 0
v 1.4050101 0.81117713 0
v 1.3669574 0.78920746 0.29096916
v 0.40853113 1.5246311 0.2909692
v 0.41990355 1.5670732 0
v 0.81118345 1.4049999 0
v 0.7892138 1.3669473 0.2909692
v 6.5900485E-06 -1.5784136 0.29096913
v 6.6566886E-06 -1.622353 0
v -0.41989025 -1.5670725 0
v -0.408518 -1.5246303 0.29096913
v -0.408518 -1.5246303 0.29096913
v -0.41989025 -1.5670725 0
v -0.8111702 -1.4049985 0
v -0.78920066 -1.366946 0.29096913
v -1.1161022 1.1161067 0.29096913
v -1.1471719 1.1471765 0
v -0.8111702 1.4049991 0
v -0.7892006 1.3669466 0.2909692
v 1.3669574 -0.7892069 0.29096916
v 1.4050101 -0.8111766 0
v 1.1471851 -1.1471767 0
v 1.1161153 -1.116107 0.2909692
v -0.408518 1.5246305 0.29096913
v -0.41989025 1.5670726 0
v 6.6566886E-06 1.6223532 0
v 6.5900485E-06 1.5784138 0.29096913
v 1.5784209 2.7254885E-07 0.29096913
v 1.6223602 2.8013596E-07 0
v 1.567082 -0.4198959 0
v 1.5246398 -0.40852356 0.29096913
v -0.78920066 -1.366946 0.29096913
v -0.8111702 -1.4049985 0
v -1.1471719 -1.1471767 0
v -1.1161022 -1.116107 0.2909692
v 1.5246398 -0.40852356 0.29096913
v 1.567082 -0.4198959 0
v 1.4050101 -0.8111766 0
v 1.3669574 -0.7892069 0.29096916
v 6.5900485E-06 1.5784138 0.29096913
v 6.6566886E-06 1.6223532 0
v 0.41990355 1.5670732 0
v 0.40853113 1.5246311 0.2909692
v 6.3324233E-06 1.4085476 2.17592
v 6.4070828E-06 1.4577748 1.5184777
v 0.37730718 1.4081026 1.5184777
v 0.36456615 1.3605529 2.17592
v 1.3605611 -0.36455896 2.17592
v 1.4081111 -0.37729988 1.5184777
v 1.2624804 -0.7288874 1.5184777
v 1.2198483 -0.7042738 2.17592
v -0.7042678 -1.2198375 2.1759195
v -0.7288813 -1.2624695 1.5184774
v -1.0307975 -1.0308022 1.5184777
v -0.99598867 -0.99599344 2.17592
v 1.4085544 2.4321764E-07 2.17592
v 1.4577817 2.517178E-07 1.5184777
v 1.4081111 -0.37729988 1.5184777
v 1.3605611 -0.36455896 2.17592
v -0.3645535 1.3605524 2.17592
v -0.3772944 1.4081022 1.5184777
v 6.4070828E-06 1.4577748 1.5184777
v 6.3324233E-06 1.4085476 2.17592
v 1.2198483 -0.7042738 2.17592
v 1.2624804 -0.7288874 1.5184777
v 1.0308102 -1.0308022 1.5184777
v 0.9960013 -0.99599344 2.17592
v -0.99598867 0.9959932 2.1759195
v -1.0307975 1.030802 1.5184774
v -0.72888124 1.26247 1.5184777
v -0.70426774 1.2198381 2.17592
v -0.3645535 -1.3605523 2.1759195
v -0.3772944 -1.408102 1.5184774
v -0.7288813 -1.2624695 1.5184774
v -0.7042678 -1.2198375 2.1759195
v 6.3324233E-06 -1.4085475 2.1759195
v 6.4070828E-06 -1.4577746 1.5184774
v -0.3772944 -1.408102 1.5184774
v -0.3645535 -1.3605523 2.1759195
v 0.36456615 1.3605529 2.17592
v 0.37730718 1.4081026 1.5184777
v 0.728894 1.2624707 1.5184777
v 0.7042804 1.2198387 2.17592
v 0.9960013 0.9959939 2.17592
v 1.0308102 1.0308027 1.5184777
v 1.2624804 0.72888786 1.5184777
v 1.2198483 0.7042743 2.17592
v -0.99598867 -0.99599344 2.17592
v -1.0307975 -1.0308022 1.5184777
v -1.2624676 -0.72888696 1.5184777
v -1.2198356 -0.70427346 2.17592
v -1.3605486 -0.3645586 2.1759195
v -1.4080983 -0.37729952 1.5184774
v -1.4577689 2.5171778E-07 1.5184777
v -1.4085419 2.432176E-07 2.17592
v 0.7042804 1.2198387 2.17592
v 0.728894 1.2624707 1.5184777
v 1.0308102 1.0308027 1.5184777
v 0.9960013 0.9959939 2.17592
v -0.70426774 1.2198381 2.17592
v -0.72888124 1.26247 1.5184777
v -0.3772944 1.4081022 1.5184777
v -0.3645535 1.3605524 2.17592
v 1.2198483 0.7042743 2.17592
v 1.2624804 0.72888786 1.5184777
v 1.4081111 0.37730032 1.5184777
v 1.3605611 0.3645594 2.17592
v -1.2198356 -0.70427346 2.17592
v -1.2624676 -0.72888696 1.5184777
v -1.4080983 -0.37729952 1.5184774
v -1.3605486 -0.3645586 2.1759195
v 0.70428044 -1.219838 2.17592
v 0.7288941 -1.2624699 1.5184777
v 0.37730718 -1.4081023 1.5184777
v 0.36456615 -1.3605525 2.17592
v 0.9960013 -0.99599344 2.17592
v 1.0308102 -1.0308022 1.5184777
v 0.7288941 -1.2624699 1.5184777
v 0.70428044 -1.219838 2.17592
v 0.36456615 -1.3605525 2.17592
v 0.37730718 -1.4081023 1.5184777
v 6.4070828E-06 -1.4577746 1.5184774
v 6.3324233E-06 -1.4085475 2.1759195
v -1.4085419 2.432176E-07 2.17592
v -1.4577689 2.5171778E-07 1.5184777
v -1.4080982 0.37729996 1.5184777
v -1.3605485 0.36455905 2.17592
v -1.2198356 0.704274 2.17592
v -1.2624676 0.72888756 1.5184777
v -1.0307975 1.030802 1.5184774
v -0.99598867 0.9959932 2.1759195
v 1.3605611 0.3645594 2.17592
v 1.4081111 0.37730032 1.5184777
v 1.4577817 2.517178E-07 1.5184777
v 1.4085544 2.4321764E-07 2.17592
v -1.3605485 0.36455905 2.17592
v -1.4080982 0.37729996 1.5184777
v -1.2624676 0.72888756 1.5184777
v -1.2198356 0.704274 2.17592
v 6.2867193E-06 1.629468 1.5370866
v 6.340088E-06 1.6616939 1.1135126
v 0.43008527 1.6050733 1.1135128
v 0.42174453 1.5739455 1.5370866
v 1.5739542 -0.4217366 1.5370866
v 1.6050819 -0.43007725 1.1135126
v 1.4390795 -0.830847 1.1135128
v 1.411171 -0.81473416 1.5370866
v -0.8147278 -1.4111602 1.5370862
v -0.8308407 -1.4390688 1.1135126
v -1.1749896 -1.1749952 1.1135128
v -1.1522025 -1.1522081 1.5370866
v 1.6294748 2.5335538E-07 1.5370866
v 1.6617008 2.5644874E-07 1.1135126
v 1.6050819 -0.43007725 1.1135126
v 1.5739542 -0.4217366 1.5370866
v -0.42173192 1.573945 1.5370866
v -0.43007255 1.6050729 1.1135126
v 6.340088E-06 1.6616939 1.1135126
v 6.2867193E-06 1.629468 1.5370866
v 1.411171 -0.81473416 1.5370866
v 1.4390795 -0.830847 1.1135128
v 1.1750025 -1.1749952 1.1135128
v 1.1522151 -1.1522081 1.5370866
v -1.1522025 1.152208 1.5370862
v -1.1749896 1.174995 1.1135125
v -0.8308407 1.439069 1.1135128
v -0.8147278 1.4111606 1.5370866
v -0.42173195 -1.5739449 1.5370861
v -0.43007258 -1.6050726 1.1135125
v -0.8308407 -1.4390688 1.1135126
v -0.8147278 -1.4111602 1.5370862
v 6.3317534E-06 -1.629468 1.5370861
v 6.3809343E-06 -1.6616937 1.1135125
v -0.43007258 -1.6050726 1.1135125
v -0.42173195 -1.5739449 1.5370861
v 0.42174453 1.5739455 1.5370866
v 0.43008527 1.6050733 1.1135128
v 0.83085346 1.43907 1.1135128
v 0.81474054 1.4111615 1.5370866
v 1.1522152 1.1522086 1.5370866
v 1.1750026 1.1749958 1.1135126
v 1.4390795 0.8308475 1.1135128
v 1.411171 0.8147346 1.5370866
v -1.1522025 -1.1522081 1.5370866
v -1.1749896 -1.1749952 1.1135128
v -1.4390668 -0.8308466 1.1135128
v -1.4111583 -0.8147336 1.5370866
v -1.5739415 -0.42173624 1.5370861
v -1.6050692 -0.4300769 1.1135125
v -1.661688 2.6561824E-07 1.1135126
v -1.6294621 2.6645614E-07 1.5370864
v 0.81474054 1.4111615 1.5370866
v 0.83085346 1.43907 1.1135128
v 1.1750026 1.1749958 1.1135126
v 1.1522152 1.1522086 1.5370866
v -0.8147278 1.4111606 1.5370866
v -0.8308407 1.439069 1.1135128
v -0.43007255 1.6050729 1.1135126
v -0.42173192 1.573945 1.5370866
v 1.411171 0.8147346 1.5370866
v 1.4390795 0.8308475 1.1135128
v 1.605082 0.43007773 1.1135128
v 1.5739542 0.42173705 1.5370866
v -1.4111583 -0.8147336 1.5370866
v -1.4390668 -0.8308466 1.1135128
v -1.6050692 -0.4300769 1.1135125
v -1.5739415 -0.42173624 1.5370861
v 0.81474066 -1.4111605 1.5370866
v 0.8308536 -1.4390689 1.1135126
v 0.43008542 -1.605073 1.1135128
v 0.4217447 -1.5739452 1.5370866
v 1.1522151 -1.1522081 1.5370866
v 1.1750025 -1.1749952 1.1135128
v 0.8308536 -1.4390689 1.1135126
v 0.81474066 -1.4111605 1.5370866
v 0.4217447 -1.5739452 1.5370866
v 0.43008542 -1.605073 1.1135128
v 6.3809343E-06 -1.6616937 1.1135125
v 6.3317534E-06 -1.629468 1.5370861
v -1.6294621 2.6645614E-07 1.5370864
v -1.661688 2.6561824E-07 1.1135126
v -1.6050692 0.4300774 1.1135128
v -1.5739413 0.4217367 1.5370866
v -1.4111581 0.8147343 1.5370866
v -1.4390665 0.83084726 1.1135126
v -1.1749896 1.174995 1.1135125
v -1.1522025 1.152208 1.5370862
v 1.5739542 0.42173705 1.5370866
v 1.605082 0.43007773 1.1135128
v 1.6617008 2.5644874E-07 1.1135126
v 1.6294748 2.5335538E-07 1.5370866
v -1.5739413 0.4217367 1.5370866
v -1.6050692 0.4300774 1.1135128
v -1.4390665 0.83084726 1.1135126
v -1.4111581 0.8147343 1.5370866
v -1.4080983 -0.37729952 1.5184774
v -1.6294621 2.6645614E-07 1.5370864
v -1.4577689 2.5171778E-07 1.5184777
v -1.5739415 -0.42173624 1.5370861
v -1.2624676 -0.72888696 1.5184777
v -1.4111583 -0.8147336 1.5370866
v -1.0307975 -1.0308022 1.5184777
v -1.1522025 -1.1522081 1.5370866
v -0.7288813 -1.2624695 1.5184774
v -0.8147278 -1.4111602 1.5370862
v -0.3772944 -1.408102 1.5184774
v -0.42173195 -1.5739449 1.5370861
v 6.4070828E-06 -1.4577746 1.5184774
v 6.3317534E-06 -1.629468 1.5370861
v 0.37730718 -1.4081023 1.5184777
v 0.4217447 -1.5739452 1.5370866
v 0.7288941 -1.2624699 1.5184777
v 0.81474066 -1.4111605 1.5370866
v 1.0308102 -1.0308022 1.5184777
v 1.1522151 -1.1522081 1.5370866
v 1.2624804 -0.7288874 1.5184777
v 1.411171 -0.81473416 1.5370866
v 1.4081111 -0.37729988 1.5184777
v 1.5739542 -0.4217366 1.5370866
v 1.4577817 2.517178E-07 1.5184777
v 1.6294748 2.5335538E-07 1.5370866
v 1.4081111 0.37730032 1.5184777
v 1.5739542 0.42173705 1.5370866
v 1.2624804 0.72888786 1.5184777
v 1.411171 0.8147346 1.5370866
v 1.0308102 1.0308027 1.5184777
v 1.1522152 1.1522086 1.5370866
v 0.728894 1.2624707 1.5184777
v 0.81474054 1.4111615 1.5370866
v 0.37730718 1.4081026 1.5184777
v 0.42174453 1.5739455 1.5370866
v 6.4070828E-06 1.4577748 1.5184777
v 6.2867193E-06 1.629468 1.5370866
v -0.3772944 1.4081022 1.5184777
v -0.42173192 1.573945 1.5370866
v -0.72888124 1.26247 1.5184777
v -0.8147278 1.4111606 1.5370866
v -1.0307975 1.030802 1.5184774
v -1.1522025 1.152208 1.5370862
v -1.2624676 0.72888756 1.5184777
v -1.4111581 0.8147343 1.5370866
v -1.4080982 0.37729996 1.5184777
v -1.5739413 0.4217367 1.5370866
v -1.4577689 2.5171778E-07 1.5184777
v -1.6294621 2.6645614E-07 1.5370864
v -1.4899946 2.5728232E-07 1.094904
v -1.661688 2.6561824E-07 1.1135126
v -1.6050692 -0.4300769 1.1135125
v -1.439226 -0.38564014 1.0949038
v -1.4390668 -0.8308466 1.1135128
v -1.2903761 -0.7449999 1.094904
v -1.1749896 -1.1749952 1.1135128
v -1.0535846 -1.0535893 1.094904
v -0.8308407 -1.4390688 1.1135126
v -0.74499416 -1.290378 1.0949038
v -0.43007258 -1.6050726 1.1135125
v -0.38563502 -1.4392297 1.0949038
v 6.3809343E-06 -1.6616937 1.1135125
v 6.4559576E-06 -1.4900005 1.0949038
v 0.43008542 -1.605073 1.1135128
v 0.38564792 -1.4392301 1.094904
v 0.8308536 -1.4390689 1.1135126
v 0.74500704 -1.2903783 1.0949038
v 1.1750025 -1.1749952 1.1135128
v 1.0535975 -1.0535893 1.094904
v 1.4390795 -0.830847 1.1135128
v 1.290389 -0.74500036 1.094904
v 1.6050819 -0.43007725 1.1135126
v 1.4392389 -0.38564053 1.0949038
v 1.6617008 2.5644874E-07 1.1135126
v 1.4900075 2.5728232E-07 1.0949038
v 1.605082 0.43007773 1.1135128
v 1.4392389 0.385641 1.094904
v 1.4390795 0.8308475 1.1135128
v 1.290389 0.74500084 1.094904
v 1.1750026 1.1749958 1.1135126
v 1.0535975 1.0535899 1.0949038
v 0.83085346 1.43907 1.1135128
v 0.745007 1.2903792 1.094904
v 0.43008527 1.6050733 1.1135128
v 0.38564792 1.4392304 1.094904
v 6.340088E-06 1.6616939 1.1135126
v 6.4559576E-06 1.4900007 1.0949038
v -0.43007255 1.6050729 1.1135126
v -0.38563502 1.43923 1.0949038
v -0.8308407 1.439069 1.1135128
v -0.7449941 1.2903785 1.094904
v -1.1749896 1.174995 1.1135125
v -1.0535846 1.0535891 1.0949038
v -1.4390665 0.83084726 1.1135126
v -1.2903761 0.7450005 1.0949038
v -1.6050692 0.4300774 1.1135128
v -1.439226 0.38564065 1.094904
v -1.661688 2.6561824E-07 1.1135126
v -1.4899946 2.5728232E-07 1.094904
v -1.5246267 0.40852368 0.2909692
v -1.7913632 2.6944707E-07 0.31405008
v -1.5784078 2.7254885E-07 0.2909692
v -1.7303262 0.46363974 0.3140501
v -1.3669442 0.78920704 0.29096913
v -1.5513688 0.89568496 0.31405005
v -1.1161022 1.1161067 0.29096913
v -1.2666839 1.2666897 0.31405002
v -0.7892006 1.3669466 0.2909692
v -0.8956783 1.5513715 0.31405008
v -0.408518 1.5246305 0.29096913
v -0.46363494 1.7303298 0.31405002
v 6.5900485E-06 1.5784138 0.29096913
v 6.4204846E-06 1.7913693 0.31405005
v 0.40853113 1.5246311 0.2909692
v 0.46364787 1.7303305 0.3140501
v 0.7892138 1.3669473 0.2909692
v 0.8956914 1.5513723 0.3140501
v 1.1161153 1.1161076 0.29096913
v 1.266697 1.2666903 0.31405008
v 1.3669574 0.78920746 0.29096916
v 1.5513822 0.8956853 0.31405017
v 1.5246398 0.40852404 0.29096916
v 1.7303393 0.46364003 0.31405017
v 1.5784209 2.7254885E-07 0.29096913
v 1.7913764 2.6944707E-07 0.3140501
v 1.5246398 -0.40852356 0.29096913
v 1.7303393 -0.46363956 0.31405014
v 1.3669574 -0.7892069 0.29096916
v 1.5513822 -0.8956848 0.31405017
v 1.1161153 -1.116107 0.2909692
v 1.2666969 -1.2666899 0.31405017
v 0.7892138 -1.3669465 0.29096913
v 0.89569145 -1.5513713 0.31405008
v 0.40853113 -1.5246308 0.2909692
v 0.46364808 -1.73033 0.31405014
v 6.5900485E-06 -1.5784136 0.29096913
v 6.4897577E-06 -1.7913691 0.31405005
v -0.408518 -1.5246303 0.29096913
v -0.463635 -1.7303296 0.31405002
v -0.78920066 -1.366946 0.29096913
v -0.8956783 -1.551371 0.31405002
v -1.1161022 -1.116107 0.2909692
v -1.2666838 -1.2666899 0.31405008
v -1.3669442 -0.7892065 0.2909692
v -1.551369 -0.8956843 0.3140501
v -1.5246267 -0.40852314 0.29096913
v -1.7303262 -0.4636392 0.31405002
v -1.5784078 2.7254885E-07 0.2909692
v -1.7913632 2.6944707E-07 0.31405008
v -1.4890885 -0.39900073 0.74486303
v -1.7545716 2.6518038E-07 0.76794404
v -1.5416161 2.6619594E-07 0.74486315
v -1.6947881 -0.45411676 0.7679439
v -1.3350816 -0.77081066 0.74486315
v -1.5195065 -0.8772885 0.76794404
v -1.0900865 -1.0900913 0.74486315
v -1.2406682 -1.2406741 0.76794404
v -0.7708048 -1.3350835 0.74486303
v -0.87728244 -1.5195084 0.7679439
v -0.3989956 -1.4890922 0.74486303
v -0.45411262 -1.6947916 0.7679439
v 6.5342488E-06 -1.5416218 0.74486303
v 6.4276132E-06 -1.7545773 0.7679439
v 0.39900863 -1.4890926 0.74486315
v 0.45412555 -1.6947919 0.7679441
v 0.7708179 -1.3350837 0.74486303
v 0.87729555 -1.5195087 0.76794404
v 1.0900995 -1.0900913 0.74486315
v 1.2406812 -1.2406741 0.7679441
v 1.3350946 -0.770811 0.74486303
v 1.5195194 -0.877289 0.7679441
v 1.4891015 -0.39900112 0.74486303
v 1.6948011 -0.45411715 0.7679441
v 1.5416291 2.6619594E-07 0.74486303
v 1.7545846 2.6518038E-07 0.76794404
v 1.4891015 0.3990016 0.74486303
v 1.6948011 0.4541176 0.7679441
v 1.3350946 0.77081156 0.74486303
v 1.5195194 0.8772894 0.7679441
v 1.0900995 1.0900918 0.74486303
v 1.2406813 1.2406746 0.76794404
v 0.7708178 1.3350848 0.74486315
v 0.87729543 1.5195097 0.7679441
v 0.39900863 1.4890931 0.74486315
v 0.4541254 1.6947923 0.7679441
v 6.5342488E-06 1.541622 0.74486303
v 6.3585544E-06 1.7545775 0.7679439
v -0.3989956 1.4890924 0.74486303
v -0.45411256 1.6947917 0.7679439
v -0.77080476 1.335084 0.74486315
v -0.87728244 1.519509 0.76794404
v -1.0900865 1.090091 0.74486303
v -1.2406683 1.2406739 0.7679439
v -1.3350816 0.7708112 0.74486303
v -1.5195065 0.8772891 0.7679439
v -1.4890885 0.39900127 0.74486315
v -1.6947881 0.4541173 0.76794404
v -1.5416161 2.6619594E-07 0.74486315
v -1.7545716 2.6518038E-07 0.76794404
v -1.439226 0.38564065 1.094904
v -1.4890885 0.39900127 0.74486315
v -1.3350816 0.7708112 0.74486303
v -1.2903761 0.7450005 1.0949038
v 1.4392389 0.385641 1.094904
v 1.4891015 0.3990016 0.74486303
v 1.5416291 2.6619594E-07 0.74486303
v 1.4900075 2.5728232E-07 1.0949038
v -1.2903761 0.7450005 1.0949038
v -1.3350816 0.7708112 0.74486303
v -1.0900865 1.090091 0.74486303
v -1.0535846 1.0535891 1.0949038
v -1.4899946 2.5728232E-07 1.094904
v -1.5416161 2.6619594E-07 0.74486315
v -1.4890885 0.39900127 0.74486315
v -1.439226 0.38564065 1.094904
v 0.38564792 -1.4392301 1.094904
v 0.39900863 -1.4890926 0.74486315
v 6.5342488E-06 -1.5416218 0.74486303
v 6.4559576E-06 -1.4900005 1.0949038
v 1.0535975 -1.0535893 1.094904
v 1.0900995 -1.0900913 0.74486315
v 0.7708179 -1.3350837 0.74486303
v 0.74500704 -1.2903783 1.0949038
v 0.74500704 -1.2903783 1.0949038
v 0.7708179 -1.3350837 0.74486303
v 0.39900863 -1.4890926 0.74486315
v 0.38564792 -1.4392301 1.094904
v -1.2903761 -0.7449999 1.094904
v -1.3350816 -0.77081066 0.74486315
v -1.4890885 -0.39900073 0.74486303
v -1.439226 -0.38564014 1.0949038
v 1.290389 0.74500084 1.094904
v 1.3350946 0.77081156 0.74486303
v 1.4891015 0.3990016 0.74486303
v 1.4392389 0.385641 1.094904
v -0.7449941 1.2903785 1.094904
v -0.77080476 1.335084 0.74486315
v -0.3989956 1.4890924 0.74486303
v -0.38563502 1.43923 1.0949038
v 0.745007 1.2903792 1.094904
v 0.7708178 1.3350848 0.74486315
v 1.0900995 1.0900918 0.74486303
v 1.0535975 1.0535899 1.0949038
v -1.439226 -0.38564014 1.0949038
v -1.4890885 -0.39900073 0.74486303
v -1.5416161 2.6619594E-07 0.74486315
v -1.4899946 2.5728232E-07 1.094904
v -1.0535846 -1.0535893 1.094904
v -1.0900865 -1.0900913 0.74486315
v -1.3350816 -0.77081066 0.74486315
v -1.2903761 -0.7449999 1.094904
v 1.0535975 1.0535899 1.0949038
v 1.0900995 1.0900918 0.74486303
v 1.3350946 0.77081156 0.74486303
v 1.290389 0.74500084 1.094904
v 0.38564792 1.4392304 1.094904
v 0.39900863 1.4890931 0.74486315
v 0.7708178 1.3350848 0.74486315
v 0.745007 1.2903792 1.094904
v 6.4559576E-06 -1.4900005 1.0949038
v 6.5342488E-06 -1.5416218 0.74486303
v -0.3989956 -1.4890922 0.74486303
v -0.38563502 -1.4392297 1.0949038
v -0.38563502 -1.4392297 1.0949038
v -0.3989956 -1.4890922 0.74486303
v -0.7708048 -1.3350835 0.74486303
v -0.74499416 -1.290378 1.0949038
v -1.0535846 1.0535891 1.0949038
v -1.0900865 1.090091 0.74486303
v -0.77080476 1.335084 0.74486315
v -0.7449941 1.2903785 1.094904
v 1.290389 -0.74500036 1.094904
v 1.3350946 -0.770811 0.74486303
v 1.0900995 -1.0900913 0.74486315
v 1.0535975 -1.0535893 1.094904
v -0.38563502 1.43923 1.0949038
v -0.3989956 1.4890924 0.74486303
v 6.5342488E-06 1.541622 0.74486303
v 6.4559576E-06 1.4900007 1.0949038
v 1.4900075 2.5728232E-07 1.0949038
v 1.5416291 2.6619594E-07 0.74486303
v 1.4891015 -0.39900112 0.74486303
v 1.4392389 -0.38564053 1.0949038
v -0.74499416 -1.290378 1.0949038
v -0.7708048 -1.3350835 0.74486303
v -1.0900865 -1.0900913 0.74486315
v -1.0535846 -1.0535893 1.094904
v 1.4392389 -0.38564053 1.0949038
v 1.4891015 -0.39900112 0.74486303
v 1.3350946 -0.770811 0.74486303
v 1.290389 -0.74500036 1.094904
v 6.4559576E-06 1.4900007 1.0949038
v 6.5342488E-06 1.541622 0.74486303
v 0.39900863 1.4890931 0.74486315
v 0.38564792 1.4392304 1.094904
v 6.3585544E-06 1.7545775 0.7679439
v 6.4204846E-06 1.7913693 0.31405005
v 0.46364787 1.7303305 0.3140501
v 0.4541254 1.6947923 0.7679441
v 1.6948011 -0.45411715 0.7679441
v 1.7303393 -0.46363956 0.31405014
v 1.5513822 -0.8956848 0.31405017
v 1.5195194 -0.877289 0.7679441
v -0.87728244 -1.5195084 0.7679439
v -0.8956783 -1.551371 0.31405002
v -1.2666838 -1.2666899 0.31405008
v -1.2406682 -1.2406741 0.76794404
v 1.7545846 2.6518038E-07 0.76794404
v 1.7913764 2.6944707E-07 0.3140501
v 1.7303393 -0.46363956 0.31405014
v 1.6948011 -0.45411715 0.7679441
v -0.45411256 1.6947917 0.7679439
v -0.46363494 1.7303298 0.31405002
v 6.4204846E-06 1.7913693 0.31405005
v 6.3585544E-06 1.7545775 0.7679439
v 1.5195194 -0.877289 0.7679441
v 1.5513822 -0.8956848 0.31405017
v 1.2666969 -1.2666899 0.31405017
v 1.2406812 -1.2406741 0.7679441
v -1.2406683 1.2406739 0.7679439
v -1.2666839 1.2666897 0.31405002
v -0.8956783 1.5513715 0.31405008
v -0.87728244 1.519509 0.76794404
v -0.45411262 -1.6947916 0.7679439
v -0.463635 -1.7303296 0.31405002
v -0.8956783 -1.551371 0.31405002
v -0.87728244 -1.5195084 0.7679439
v 6.4276132E-06 -1.7545773 0.7679439
v 6.4897577E-06 -1.7913691 0.31405005
v -0.463635 -1.7303296 0.31405002
v -0.45411262 -1.6947916 0.7679439
v 0.4541254 1.6947923 0.7679441
v 0.46364787 1.7303305 0.3140501
v 0.8956914 1.5513723 0.3140501
v 0.87729543 1.5195097 0.7679441
v 1.2406813 1.2406746 0.76794404
v 1.266697 1.2666903 0.31405008
v 1.5513822 0.8956853 0.31405017
v 1.5195194 0.8772894 0.7679441
v -1.2406682 -1.2406741 0.76794404
v -1.2666838 -1.2666899 0.31405008
v -1.551369 -0.8956843 0.3140501
v -1.5195065 -0.8772885 0.76794404
v -1.6947881 -0.45411676 0.7679439
v -1.7303262 -0.4636392 0.31405002
v -1.7913632 2.6944707E-07 0.31405008
v -1.7545716 2.6518038E-07 0.76794404
v 0.87729543 1.5195097 0.7679441
v 0.8956914 1.5513723 0.3140501
v 1.266697 1.2666903 0.31405008
v 1.2406813 1.2406746 0.76794404
v -0.87728244 1.519509 0.76794404
v -0.8956783 1.5513715 0.31405008
v -0.46363494 1.7303298 0.31405002
v -0.45411256 1.6947917 0.7679439
v 1.5195194 0.8772894 0.7679441
v 1.5513822 0.8956853 0.31405017
v 1.7303393 0.46364003 0.31405017
v 1.6948011 0.4541176 0.7679441
v -1.5195065 -0.8772885 0.76794404
v -1.551369 -0.8956843 0.3140501
v -1.7303262 -0.4636392 0.31405002
v -1.6947881 -0.45411676 0.7679439
v 0.87729555 -1.5195087 0.76794404
v 0.89569145 -1.5513713 0.31405008
v 0.46364808 -1.73033 0.31405014
v 0.45412555 -1.6947919 0.7679441
v 1.2406812 -1.2406741 0.7679441
v 1.2666969 -1.2666899 0.31405017
v 0.89569145 -1.5513713 0.31405008
v 0.87729555 -1.5195087 0.76794404
v 0.45412555 -1.6947919 0.7679441
v 0.46364808 -1.73033 0.31405014
v 6.4897577E-06 -1.7913691 0.31405005
v 6.4276132E-06 -1.7545773 0.7679439
v -1.7545716 2.6518038E-07 0.76794404
v -1.7913632 2.6944707E-07 0.31405008
v -1.7303262 0.46363974 0.3140501
v -1.6947881 0.4541173 0.76794404
v -1.5195065 0.8772891 0.7679439
v -1.5513688 0.89568496 0.31405005
v -1.2666839 1.2666897 0.31405002
v -1.2406683 1.2406739 0.7679439
v 1.6948011 0.4541176 0.7679441
v 1.7303393 0.46364003 0.31405017
v 1.7913764 2.6944707E-07 0.3140501
v 1.7545846 2.6518038E-07 0.76794404
v -1.6947881 0.4541173 0.76794404
v -1.7303262 0.46363974 0.3140501
v -1.5513688 0.89568496 0.31405005
v -1.5195065 0.8772891 0.7679439
v 5.9944855E-06 1.3105593 5.3781815
v 0.33920366 1.2659031 5.3781815
v 0.27719712 1.0344855 5.6911993
v 5.884181E-06 1.0709782 5.6911993
v 5.984536E-06 1.4610901 5.0139804
v 0.37816375 1.4113045 5.0139804
v 0.33920366 1.2659031 5.3781815
v 5.9944855E-06 1.3105593 5.3781815
v 5.9212007E-06 1.5099633 4.6607814
v 0.3908139 1.4585129 4.6607814
v 0.37816375 1.4113045 5.0139804
v 5.984536E-06 1.4610901 5.0139804
v 0.3908139 1.4585129 4.6607814
v 0.75498754 1.3076673 4.6607814
v 0.7305516 1.2653414 5.0139804
v 0.37816375 1.4113045 5.0139804
v 0.33920366 1.2659031 5.3781815
v 0.655287 1.1349776 5.3781815
v 0.53549564 0.92749447 5.6911993
v 0.27719712 1.0344855 5.6911993
v 0.37816375 1.4113045 5.0139804
v 0.7305516 1.2653414 5.0139804
v 0.655287 1.1349776 5.3781815
v 0.33920366 1.2659031 5.3781815
v 0.655287 1.1349776 5.3781815
v 0.9267124 0.9267051 5.3781815
v 0.7573019 0.75729626 5.6911993
v 0.53549564 0.92749447 5.6911993
v 0.7305516 1.2653414 5.0139804
v 1.033154 1.0331466 5.0139804
v 0.9267124 0.9267051 5.3781815
v 0.655287 1.1349776 5.3781815
v 0.75498754 1.3076673 4.6607814
v 1.0677121 1.0677059 4.6607814
v 1.033154 1.0331466 5.0139804
v 0.7305516 1.2653414 5.0139804
v 0.9267124 0.9267051 5.3781815
v 1.1349832 0.6552799 5.3781815
v 0.92750156 0.53548956 5.691199
v 0.7573019 0.75729626 5.6911993
v 1.033154 1.0331466 5.0139804
v 1.2653481 0.7305451 5.013981
v 1.1349832 0.6552799 5.3781815
v 0.9267124 0.9267051 5.3781815
v 1.0677121 1.0677059 4.6607814
v 1.3076757 0.754982 4.6607823
v 1.2653481 0.7305451 5.013981
v 1.033154 1.0331466 5.0139804
v 1.2653481 0.7305451 5.013981
v 1.411312 0.3781581 5.0139804
v 1.2659098 0.33919862 5.3781815
v 1.1349832 0.6552799 5.3781815
v 1.3076757 0.754982 4.6607823
v 1.4585205 0.39080703 4.6607814
v 1.411312 0.3781581 5.0139804
v 1.2653481 0.7305451 5.013981
v 1.1349832 0.6552799 5.3781815
v 1.2659098 0.33919862 5.3781815
v 1.034493 0.27718997 5.6911993
v 0.92750156 0.53548956 5.691199
v 1.2659098 0.33919862 5.3781815
v 1.310568 2.129706E-07 5.3781815
v 1.0709848 2.1574598E-07 5.6911993
v 1.034493 0.27718997 5.6911993
v 1.411312 0.3781581 5.0139804
v 1.4610977 2.129742E-07 5.01398
v 1.310568 2.129706E-07 5.3781815
v 1.2659098 0.33919862 5.3781815
v 1.4585205 0.39080703 4.6607814
v 1.5099697 2.11575E-07 4.660781
v 1.4610977 2.129742E-07 5.01398
v 1.411312 0.3781581 5.0139804
v 1.5099697 2.11575E-07 4.660781
v 1.4585205 -0.39080662 4.6607814
v 1.411312 -0.3781577 5.0139804
v 1.4610977 2.129742E-07 5.01398
v 1.310568 2.129706E-07 5.3781815
v 1.2659098 -0.3391982 5.3781815
v 1.0344931 -0.27718955 5.6911993
v 1.0709848 2.1574598E-07 5.6911993
v 1.4610977 2.129742E-07 5.01398
v 1.411312 -0.3781577 5.0139804
v 1.2659098 -0.3391982 5.3781815
v 1.310568 2.129706E-07 5.3781815
v 1.411312 -0.3781577 5.0139804
v 1.2653481 -0.73054504 5.013981
v 1.1349832 -0.65527946 5.3781815
v 1.2659098 -0.3391982 5.3781815
v 1.4585205 -0.39080662 4.6607814
v 1.3076757 -0.7549816 4.660782
v 1.2653481 -0.73054504 5.013981
v 1.411312 -0.3781577 5.0139804
v 1.2659098 -0.3391982 5.3781815
v 1.1349832 -0.65527946 5.3781815
v 0.92750156 -0.5354892 5.691199
v 1.0344931 -0.27718955 5.6911993
v 1.1349832 -0.65527946 5.3781815
v 0.9267124 -0.9267047 5.3781815
v 0.7573019 -0.7572959 5.6911993
v 0.92750156 -0.5354892 5.691199
v 1.2653481 -0.73054504 5.013981
v 1.033154 -1.0331465 5.0139804
v 0.9267124 -0.9267047 5.3781815
v 1.1349832 -0.65527946 5.3781815
v 1.3076757 -0.7549816 4.660782
v 1.0677121 -1.0677054 4.6607814
v 1.033154 -1.0331465 5.0139804
v 1.2653481 -0.73054504 5.013981
v 1.0677121 -1.0677054 4.6607814
v 0.7549876 -1.3076665 4.660781
v 0.73055166 -1.265341 5.0139804
v 1.033154 -1.0331465 5.0139804
v 0.9267124 -0.9267047 5.3781815
v 0.655287 -1.1349771 5.3781815
v 0.5354957 -0.92749405 5.6911993
v 0.7573019 -0.7572959 5.6911993
v 1.033154 -1.0331465 5.0139804
v 0.73055166 -1.265341 5.0139804
v 0.655287 -1.1349771 5.3781815
v 0.9267124 -0.9267047 5.3781815
v 0.73055166 -1.265341 5.0139804
v 0.37816375 -1.4113045 5.0139804
v 0.33920363 -1.2659028 5.3781815
v 0.655287 -1.1349771 5.3781815
v 0.7549876 -1.3076665 4.660781
v 0.39081395 -1.4585124 4.6607814
v 0.37816375 -1.4113045 5.0139804
v 0.73055166 -1.265341 5.0139804
v 0.655287 -1.1349771 5.3781815
v 0.33920363 -1.2659028 5.3781815
v 0.27719712 -1.0344852 5.691199
v 0.5354957 -0.92749405 5.6911993
v 0.33920363 -1.2659028 5.3781815
v 6.054496E-06 -1.3105588 5.3781815
v 6.054496E-06 -1.0709779 5.6911993
v 0.27719712 -1.0344852 5.691199
v 0.37816375 -1.4113045 5.0139804
v 6.0258126E-06 -1.4610896 5.0139804
v 6.054496E-06 -1.3105588 5.3781815
v 0.33920363 -1.2659028 5.3781815
v 0.39081395 -1.4585124 4.6607814
v 5.9989566E-06 -1.509963 4.6607814
v 6.0258126E-06 -1.4610896 5.0139804
v 0.37816375 -1.4113045 5.0139804
v 5.9989566E-06 -1.509963 4.6607814
v -0.39080194 -1.4585122 4.6607814
v -0.37815166 -1.4113045 5.0139804
v 6.0258126E-06 -1.4610896 5.0139804
v 6.054496E-06 -1.3105588 5.3781815
v -0.33919156 -1.2659026 5.3781815
v -0.2771851 -1.0344851 5.6911993
v 6.054496E-06 -1.0709779 5.6911993
v 6.0258126E-06 -1.4610896 5.0139804
v -0.37815166 -1.4113045 5.0139804
v -0.33919156 -1.2659026 5.3781815
v 6.054496E-06 -1.3105588 5.3781815
v -0.37815166 -1.4113045 5.0139804
v -0.73053956 -1.265341 5.01398
v -0.65527487 -1.1349771 5.3781815
v -0.33919156 -1.2659026 5.3781815
v -0.39080194 -1.4585122 4.6607814
v -0.75497556 -1.3076663 4.660781
v -0.73053956 -1.265341 5.01398
v -0.37815166 -1.4113045 5.0139804
v -0.33919156 -1.2659026 5.3781815
v -0.65527487 -1.1349771 5.3781815
v -0.5354836 -0.9274937 5.6911993
v -0.2771851 -1.0344851 5.6911993
v -0.65527487 -1.1349771 5.3781815
v -0.92670023 -0.9267047 5.3781815
v -0.7572898 -0.75729555 5.6911993
v -0.5354836 -0.9274937 5.6911993
v -0.73053956 -1.265341 5.01398
v -1.0331419 -1.0331465 5.0139804
v -0.92670023 -0.9267047 5.3781815
v -0.65527487 -1.1349771 5.3781815
v -0.75497556 -1.3076663 4.660781
v -1.0676999 -1.0677055 4.6607814
v -1.0331419 -1.0331465 5.0139804
v -0.73053956 -1.265341 5.01398
v -1.0676999 -1.0677055 4.6607814
v -1.3076637 -0.7549812 4.660782
v -1.265336 -0.7305447 5.013981
v -1.0331419 -1.0331465 5.0139804
v -0.92670023 -0.9267047 5.3781815
v -1.1349711 -0.65527946 5.3781815
v -0.92748946 -0.5354892 5.691199
v -0.7572898 -0.75729555 5.6911993
v -1.0331419 -1.0331465 5.0139804
v -1.265336 -0.7305447 5.013981
v -1.1349711 -0.65527946 5.3781815
v -0.92670023 -0.9267047 5.3781815
v -1.0344808 -0.27718955 5.6911993
v -1.3362148 -0.3580384 6.096954
v -1.1980165 -0.69167876 6.0969534
v -0.92748946 -0.5354892 5.691199
v -1.265336 -0.7305447 5.013981
v -1.4113 -0.37815773 5.0139804
v -1.2658978 -0.3391982 5.3781815
v -1.1349711 -0.65527946 5.3781815
v 1.0709848 2.1574598E-07 5.6911993
v 1.3833625 2.953126E-07 6.0969543
v 1.3362268 0.35803878 6.0969543
v 1.034493 0.27718997 5.6911993
v -1.3076637 -0.7549812 4.660782
v -1.4585085 -0.39080635 4.6607814
v -1.4113 -0.37815773 5.0139804
v -1.265336 -0.7305447 5.013981
v 0.27719712 -1.0344852 5.691199
v 0.35804665 -1.3362195 6.0969534
v 0.69168484 -1.1980214 6.096954
v 0.5354957 -0.92749405 5.6911993
v -1.1349711 -0.65527946 5.3781815
v -1.2658978 -0.3391982 5.3781815
v -1.0344808 -0.27718955 5.6911993
v -0.92748946 -0.5354892 5.691199
v 0.27719712 1.0344855 5.6911993
v 0.35804656 1.3362194 6.096954
v 5.5593923E-06 1.3833563 6.096954
v 5.884181E-06 1.0709782 5.6911993
v -1.2658978 -0.3391982 5.3781815
v -1.3105559 -1.0498142E-07 5.3781815
v -1.0709727 2.2478312E-07 5.6911993
v -1.0344808 -0.27718955 5.6911993
v -0.92748946 0.53548926 5.691199
v -1.1980166 0.6916789 6.0969534
v -1.3362148 0.3580385 6.096954
v -1.0344808 0.27718967 5.6911993
v -1.4113 -0.37815773 5.0139804
v -1.4610856 2.171718E-07 5.01398
v -1.3105559 -1.0498142E-07 5.3781815
v -1.2658978 -0.3391982 5.3781815
v 0.92750156 0.53548956 5.691199
v 1.1980288 0.691679 6.0969534
v 0.9781864 0.97818136 6.096954
v 0.7573019 0.75729626 5.6911993
v -1.4585085 -0.39080635 4.6607814
v -1.5099576 2.11575E-07 4.660781
v -1.4610856 2.171718E-07 5.01398
v -1.4113 -0.37815773 5.0139804
v -1.0344808 0.27718967 5.6911993
v -1.3362148 0.3580385 6.096954
v -1.3833504 2.3652245E-07 6.0969543
v -1.0709727 2.2478312E-07 5.6911993
v -1.5099576 2.11575E-07 4.660781
v -1.4585085 0.39080673 4.6607814
v -1.4113 0.37815812 5.0139804
v -1.4610856 2.171718E-07 5.01398
v -1.0709727 2.2478312E-07 5.6911993
v -1.3833504 2.3652245E-07 6.0969543
v -1.3362148 -0.3580384 6.096954
v -1.0344808 -0.27718955 5.6911993
v -1.3105559 -1.0498142E-07 5.3781815
v -1.2658978 0.33919835 5.3781815
v -1.0344808 0.27718967 5.6911993
v -1.0709727 2.2478312E-07 5.6911993
v 5.884181E-06 1.0709782 5.6911993
v 5.5593923E-06 1.3833563 6.096954
v -0.35803503 1.3362188 6.096954
v -0.2771852 1.0344847 5.6911993
v -1.4610856 2.171718E-07 5.01398
v -1.4113 0.37815812 5.0139804
v -1.2658978 0.33919835 5.3781815
v -1.3105559 -1.0498142E-07 5.3781815
v -1.2658978 0.33919835 5.3781815
v -1.1349711 0.6552795 5.3781815
v -0.92748946 0.53548926 5.691199
v -1.0344808 0.27718967 5.6911993
v -0.7572898 -0.75729555 5.6911993
v -0.97817427 -0.97818065 6.096954
v -0.69167304 -1.1980209 6.096954
v -0.5354836 -0.9274937 5.6911993
v -1.4113 0.37815812 5.0139804
v -1.265336 0.73054516 5.013981
v -1.1349711 0.6552795 5.3781815
v -1.2658978 0.33919835 5.3781815
v 1.0344931 -0.27718955 5.6911993
v 1.3362269 -0.35803837 6.0969543
v 1.3833625 2.953126E-07 6.0969543
v 1.0709848 2.1574598E-07 5.6911993
v -1.4585085 0.39080673 4.6607814
v -1.3076637 0.7549818 4.660782
v -1.265336 0.73054516 5.013981
v -1.4113 0.37815812 5.0139804
v 0.7573019 -0.7572959 5.6911993
v 0.97818637 -0.97818094 6.096954
v 1.1980287 -0.6916788 6.0969534
v 0.92750156 -0.5354892 5.691199
v -0.2771851 -1.0344851 5.6911993
v -0.3580348 -1.3362192 6.096954
v 6.2527606E-06 -1.3833562 6.096954
v 6.054496E-06 -1.0709779 5.6911993
v -1.1349711 0.6552795 5.3781815
v -0.92670023 0.9267051 5.3781815
v -0.7572898 0.75729567 5.6911993
v -0.92748946 0.53548926 5.691199
v 0.7573019 0.75729626 5.6911993
v 0.9781864 0.97818136 6.096954
v 0.6916847 1.1980218 6.096954
v 0.53549564 0.92749447 5.6911993
v -1.265336 0.73054516 5.013981
v -1.0331419 1.0331467 5.0139804
v -0.92670023 0.9267051 5.3781815
v -1.1349711 0.6552795 5.3781815
v 0.92750156 -0.5354892 5.691199
v 1.1980287 -0.6916788 6.0969534
v 1.3362269 -0.35803837 6.0969543
v 1.0344931 -0.27718955 5.6911993
v -1.3076637 0.7549818 4.660782
v -1.0676999 1.0677054 4.6607814
v -1.0331419 1.0331467 5.0139804
v -1.265336 0.73054516 5.013981
v -1.0331419 1.0331467 5.0139804
v -0.7305396 1.2653408 5.01398
v -0.6552748 1.1349776 5.3781815
v -0.92670023 0.9267051 5.3781815
v 0.53549564 0.92749447 5.6911993
v 0.6916847 1.1980218 6.096954
v 0.35804656 1.3362194 6.096954
v 0.27719712 1.0344855 5.6911993
v -1.0676999 1.0677054 4.6607814
v -0.75497556 1.3076668 4.6607814
v -0.7305396 1.2653408 5.01398
v -1.0331419 1.0331467 5.0139804
v -0.5354835 0.9274938 5.6911993
v -0.69167274 1.1980212 6.096954
v -0.97817427 0.9781809 6.096954
v -0.7572898 0.75729567 5.6911993
v -0.92670023 0.9267051 5.3781815
v -0.6552748 1.1349776 5.3781815
v -0.5354835 0.9274938 5.6911993
v -0.7572898 0.75729567 5.6911993
v -0.5354836 -0.9274937 5.6911993
v -0.69167304 -1.1980209 6.096954
v -0.3580348 -1.3362192 6.096954
v -0.2771851 -1.0344851 5.6911993
v -0.6552748 1.1349776 5.3781815
v -0.33919168 1.265903 5.3781815
v -0.2771852 1.0344847 5.6911993
v -0.5354835 0.9274938 5.6911993
v -0.92748946 -0.5354892 5.691199
v -1.1980165 -0.69167876 6.0969534
v -0.97817427 -0.97818065 6.096954
v -0.7572898 -0.75729555 5.6911993
v -0.7305396 1.2653408 5.01398
v -0.3781518 1.4113045 5.01398
v -0.33919168 1.265903 5.3781815
v -0.6552748 1.1349776 5.3781815
v -0.2771852 1.0344847 5.6911993
v -0.35803503 1.3362188 6.096954
v -0.69167274 1.1980212 6.096954
v -0.5354835 0.9274938 5.6911993
v -0.75497556 1.3076668 4.6607814
v -0.39080203 1.4585123 4.6607814
v -0.3781518 1.4113045 5.01398
v -0.7305396 1.2653408 5.01398
v -0.7572898 0.75729567 5.6911993
v -0.97817427 0.9781809 6.096954
v -1.1980166 0.6916789 6.0969534
v -0.92748946 0.53548926 5.691199
v -0.39080203 1.4585123 4.6607814
v 5.9212007E-06 1.5099633 4.6607814
v 5.984536E-06 1.4610901 5.0139804
v -0.3781518 1.4113045 5.01398
v 0.5354957 -0.92749405 5.6911993
v 0.69168484 -1.1980214 6.096954
v 0.97818637 -0.97818094 6.096954
v 0.7573019 -0.7572959 5.6911993
v -0.33919168 1.265903 5.3781815
v 5.9944855E-06 1.3105593 5.3781815
v 5.884181E-06 1.0709782 5.6911993
v -0.2771852 1.0344847 5.6911993
v 1.034493 0.27718997 5.6911993
v 1.3362268 0.35803878 6.0969543
v 1.1980288 0.691679 6.0969534
v 0.92750156 0.53548956 5.691199
v -0.3781518 1.4113045 5.01398
v 5.984536E-06 1.4610901 5.0139804
v 5.9944855E-06 1.3105593 5.3781815
v -0.33919168 1.265903 5.3781815
v 6.054496E-06 -1.0709779 5.6911993
v 6.2527606E-06 -1.3833562 6.096954
v 0.35804665 -1.3362195 6.0969534
v 0.27719712 -1.0344852 5.691199
v -0.7208525 0.7208594 6.3723555
v -0.7703825 0.7703896 6.539425
v -0.9435245 0.54474735 6.539426
v -0.8828629 0.50972444 6.3723564
v 5.5593923E-06 1.3833563 6.096954
v 0.35804656 1.3362194 6.096954
v 0.26385868 0.984711 6.3723564
v 5.65849E-06 1.0194479 6.3723564
v 0.46139774 0.26638377 6.5764027
v 0.52205944 0.30140644 6.743472
v 0.58228034 0.15601994 6.743472
v 0.51462114 0.13789077 6.5764027
v 0.35804656 1.3362194 6.096954
v 0.6916847 1.1980218 6.096954
v 0.5097295 0.88286805 6.3723564
v 0.26385868 0.984711 6.3723564
v -0.514609 -0.13789065 6.5764027
v -0.5822682 -0.15601984 6.743472
v -0.60281026 -1.18918194E-07 6.743472
v -0.53276426 -1.14923196E-07 6.5764027
v 0.6916847 1.1980218 6.096954
v 0.9781864 0.97818136 6.096954
v 0.7208646 0.720859 6.3723564
v 0.5097295 0.88286805 6.3723564
v 0.9781864 0.97818136 6.096954
v 1.1980288 0.691679 6.0969534
v 0.88287526 0.5097241 6.3723564
v 0.7208646 0.720859 6.3723564
v -0.26384687 -0.98471093 6.3723564
v -0.28197613 -1.0523702 6.539426
v 6.249546E-06 -1.0894938 6.539426
v 6.1544843E-06 -1.0194477 6.3723564
v 5.65849E-06 1.0194479 6.3723564
v 5.6459085E-06 1.0894939 6.539426
v -0.28197643 1.0523701 6.539426
v -0.26384708 0.9847108 6.3723564
v 1.1980288 0.691679 6.0969534
v 1.3362268 0.35803878 6.0969543
v 0.9847175 0.2638515 6.3723564
v 0.88287526 0.5097241 6.3723564
v 0.3767327 -0.3767255 6.5764027
v 0.42626277 -0.42625564 6.743472
v 0.30141312 -0.5220537 6.743472
v 0.26639026 -0.46139193 6.5764027
v 1.3362268 0.35803878 6.0969543
v 1.3833625 2.953126E-07 6.0969543
v 1.0194532 -5.746139E-08 6.3723564
v 0.9847175 0.2638515 6.3723564
v 1.3833625 2.953126E-07 6.0969543
v 1.3362269 -0.35803837 6.0969543
v 0.9847175 -0.2638517 6.3723564
v 1.0194532 -5.746139E-08 6.3723564
v -0.13788302 0.5146155 6.5764027
v -0.15601233 0.58227473 6.743472
v 5.959923E-06 0.60281557 6.743472
v 5.9667145E-06 0.5327696 6.5764027
v 0.9847175 0.2638515 6.3723564
v 1.0523767 0.28198063 6.539426
v 0.94353694 0.5447468 6.539426
v 0.88287526 0.5097241 6.3723564
v 1.3362269 -0.35803837 6.0969543
v 1.1980287 -0.6916788 6.0969534
v 0.88287514 -0.5097243 6.3723564
v 0.9847175 -0.2638517 6.3723564
v -1.0194411 2.2560322E-07 6.3723564
v -1.0894871 2.2979711E-07 6.539426
v -1.0523647 -0.28198057 6.539426
v -0.9847055 -0.26385143 6.3723564
v 1.1980287 -0.6916788 6.0969534
v 0.97818637 -0.97818094 6.096954
v 0.72086465 -0.72085905 6.3723555
v 0.88287514 -0.5097243 6.3723564
v 0.97818637 -0.97818094 6.096954
v 0.69168484 -1.1980214 6.096954
v 0.50972974 -0.8828679 6.3723564
v 0.72086465 -0.72085905 6.3723555
v 0.13789484 0.5146154 6.5764027
v 0.15602398 0.5822747 6.743472
v 0.30141282 0.5220544 6.743472
v 0.2663901 0.46139258 6.5764027
v -0.72085255 -0.7208593 6.3723555
v -0.77038264 -0.77038944 6.539425
v -0.54474074 -0.94352925 6.539426
v -0.50971776 -0.8828675 6.3723564
v 0.69168484 -1.1980214 6.096954
v 0.35804665 -1.3362195 6.0969534
v 0.26385874 -0.9847111 6.372356
v 0.50972974 -0.8828679 6.3723564
v 0.50972974 -0.8828679 6.3723564
v 0.54475266 -0.9435296 6.539426
v 0.7703947 -0.7703892 6.539425
v 0.72086465 -0.72085905 6.3723555
v 0.35804665 -1.3362195 6.0969534
v 6.2527606E-06 -1.3833562 6.096954
v 6.1544843E-06 -1.0194477 6.3723564
v 0.26385874 -0.9847111 6.372356
v 6.2527606E-06 -1.3833562 6.096954
v -0.3580348 -1.3362192 6.096954
v -0.26384687 -0.98471093 6.3723564
v 6.1544843E-06 -1.0194477 6.3723564
v -0.26384708 0.9847108 6.3723564
v -0.28197643 1.0523701 6.539426
v -0.54474056 0.9435296 6.5394254
v -0.5097176 0.8828678 6.372356
v 0.53277636 2.6028692E-07 6.5764027
v 0.60282236 2.6987493E-07 6.743472
v 0.58228034 -0.15601975 6.743472
v 0.51462114 -0.13789058 6.5764027
v -0.3580348 -1.3362192 6.096954
v -0.69167304 -1.1980209 6.096954
v -0.50971776 -0.8828675 6.3723564
v -0.26384687 -0.98471093 6.3723564
v -0.26637816 -0.46139202 6.5764027
v -0.30140108 -0.5220538 6.743472
v -0.42625076 -0.4262557 6.743472
v -0.37672067 -0.37672555 6.5764027
v -0.69167304 -1.1980209 6.096954
v -0.97817427 -0.97818065 6.096954
v -0.72085255 -0.7208593 6.3723555
v -0.50971776 -0.8828675 6.3723564
v 0.5097295 0.88286805 6.3723564
v 0.5447523 0.9435298 6.539426
v 0.28198788 1.0523702 6.539426
v 0.26385868 0.984711 6.3723564
v -0.97817427 -0.97818065 6.096954
v -1.1980165 -0.69167876 6.0969534
v -0.882863 -0.5097239 6.3723564
v -0.72085255 -0.7208593 6.3723555
v -0.26637807 0.46139222 6.5764027
v -0.30140102 0.5220541 6.743472
v -0.15601233 0.58227473 6.743472
v -0.13788302 0.5146155 6.5764027
v -1.1980165 -0.69167876 6.0969534
v -1.3362148 -0.3580384 6.096954
v -0.9847055 -0.26385143 6.3723564
v -0.882863 -0.5097239 6.3723564
v -1.3362148 -0.3580384 6.096954
v -1.3833504 2.3652245E-07 6.0969543
v -1.0194411 2.2560322E-07 6.3723564
v -0.9847055 -0.26385143 6.3723564
v 0.9847175 -0.2638517 6.3723564
v 1.0523767 -0.28198084 6.539426
v 1.0894992 -5.559744E-08 6.539426
v 1.0194532 -5.746139E-08 6.3723564
v -0.8828629 0.50972444 6.3723564
v -0.9435245 0.54474735 6.539426
v -1.0523646 0.2819811 6.539426
v -0.98470545 0.26385194 6.3723564
v -1.3833504 2.3652245E-07 6.0969543
v -1.3362148 0.3580385 6.096954
v -0.98470545 0.26385194 6.3723564
v -1.0194411 2.2560322E-07 6.3723564
v 0.37673265 0.37672532 6.5764027
v 0.42626265 0.4262553 6.743472
v 0.52205944 0.30140644 6.743472
v 0.46139774 0.26638377 6.5764027
v -1.3362148 0.3580385 6.096954
v -1.1980166 0.6916789 6.0969534
v -0.8828629 0.50972444 6.3723564
v -0.98470545 0.26385194 6.3723564
v -1.1980166 0.6916789 6.0969534
v -0.97817427 0.9781809 6.096954
v -0.7208525 0.7208594 6.3723555
v -0.8828629 0.50972444 6.3723564
v 6.1544843E-06 -1.0194477 6.3723564
v 6.249546E-06 -1.0894938 6.539426
v 0.281988 -1.0523704 6.5394254
v 0.26385874 -0.9847111 6.372356
v -0.514609 0.13789085 6.5764027
v -0.5822682 0.15602005 6.743472
v -0.5220471 0.30140644 6.743472
v -0.4613855 0.2663836 6.5764027
v -0.97817427 0.9781809 6.096954
v -0.69167274 1.1980212 6.096954
v -0.5097176 0.8828678 6.372356
v -0.7208525 0.7208594 6.3723555
v 0.88287526 0.5097241 6.3723564
v 0.94353694 0.5447468 6.539426
v 0.77039456 0.770389 6.539426
v 0.7208646 0.720859 6.3723564
v -0.69167274 1.1980212 6.096954
v -0.35803503 1.3362188 6.096954
v -0.26384708 0.9847108 6.3723564
v -0.5097176 0.8828678 6.372356
v -0.35803503 1.3362188 6.096954
v 5.5593923E-06 1.3833563 6.096954
v 5.65849E-06 1.0194479 6.3723564
v -0.26384708 0.9847108 6.3723564
v 0.13789503 -0.5146154 6.5764027
v 0.15602425 -0.58227473 6.743472
v 6.147937E-06 -0.6028157 6.743472
v 6.058049E-06 -0.5327697 6.5764027
v -1.1835406 0.3171299 4.6233044
v -1.3286247 0.3560051 2.6173115
v -1.1912135 0.687749 2.6173115
v -1.0611345 0.61264795 4.6233044
v 1.1835526 0.3171302 4.6233044
v 1.3286372 0.35600546 2.6173115
v 1.3755044 2.3751082E-07 2.6173115
v 1.225302 2.11575E-07 4.6233044
v -1.3605485 0.36455905 2.17592
v -1.5971465 2.5414286E-07 2.190042
v -1.4085419 2.432176E-07 2.17592
v -1.5427266 0.4133727 2.190042
v -1.2198356 0.704274 2.17592
v -1.3831718 0.7985765 2.190042
v -0.99598867 0.9959932 2.1759195
v -1.1293517 1.1293572 2.1900415
v -0.70426774 1.2198381 2.17592
v -0.79857 1.3831744 2.190042
v -0.3645535 1.3605524 2.17592
v -0.41336796 1.5427305 2.190042
v 6.3324233E-06 1.4085476 2.17592
v 6.2131558E-06 1.5971522 2.190042
v 0.36456615 1.3605529 2.17592
v 0.41338047 1.5427309 2.190042
v 0.7042804 1.2198387 2.17592
v 0.79858255 1.3831751 2.190042
v 0.9960013 0.9959939 2.17592
v 1.1293644 1.1293579 2.190042
v 1.2198483 0.7042743 2.17592
v 1.3831846 0.79857665 2.1900423
v 1.3605611 0.3645594 2.17592
v 1.5427393 0.41337302 2.1900423
v 1.4085544 2.4321764E-07 2.17592
v 1.5971589 2.4321764E-07 2.190042
v 1.3605611 -0.36455896 2.17592
v 1.5427393 -0.41337258 2.1900423
v 1.2198483 -0.7042738 2.17592
v 1.3831844 -0.79857624 2.1900423
v 0.9960013 -0.99599344 2.17592
v 1.1293644 -1.1293575 2.190042
v 0.70428044 -1.219838 2.17592
v 0.7985826 -1.3831744 2.190042
v 0.36456615 -1.3605525 2.17592
v 0.4133806 -1.5427306 2.190042
v 6.3324233E-06 -1.4085475 2.1759195
v 6.2532154E-06 -1.597152 2.1900415
v -0.3645535 -1.3605523 2.1759195
v -0.41336805 -1.5427302 2.1900415
v -0.7042678 -1.2198375 2.1759195
v -0.7985699 -1.383174 2.1900415
v -0.99598867 -0.99599344 2.17592
v -1.1293517 -1.1293575 2.190042
v -1.2198356 -0.70427346 2.17592
v -1.3831719 -0.7985758 2.190042
v -1.3605486 -0.3645586 2.1759195
v -1.5427268 -0.41337228 2.1900415
v -1.4085419 2.432176E-07 2.17592
v -1.5971465 2.5414286E-07 2.190042
v -1.0611345 0.61264795 4.6233044
v -1.1912135 0.687749 2.6173115
v -0.9726189 0.9726234 2.617311
v -0.86640996 0.8664145 4.6233044
v -1.22529 2.11575E-07 4.6233044
v -1.375492 2.3751079E-07 2.6173115
v -1.3286247 0.3560051 2.6173115
v -1.1835406 0.3171299 4.6233044
v 0.31713665 -1.1835446 4.6233044
v 0.35601214 -1.3286288 2.6173115
v 6.2822983E-06 -1.3754976 2.617311
v 6.054496E-06 -1.2252954 4.6233044
v 0.8664221 -0.86641467 4.6233044
v 0.9726314 -0.9726236 2.6173115
v 0.6877554 -1.1912159 2.6173115
v 0.61265403 -1.0611371 4.6233044
v -1.375492 2.3751079E-07 2.6173115
v -1.5640965 2.6898311E-07 2.6314335
v -1.510803 0.40481874 2.6314335
v -1.3286247 0.3560051 2.6173115
v -1.3545496 0.78205144 2.6314335
v -1.1912135 0.687749 2.6173115
v -1.105982 1.1059874 2.631433
v -0.9726189 0.9726234 2.617311
v -0.782045 1.3545525 2.6314335
v -0.6877428 1.1912161 2.6173115
v -0.40481403 1.5108067 2.6314335
v -0.3559996 1.3286287 2.6173115
v 6.1573082E-06 1.5641022 2.6314335
v 6.2822983E-06 1.3754977 2.6173115
v 0.40482646 1.5108072 2.6314335
v 0.35601214 1.3286291 2.6173115
v 0.7820575 1.354553 2.6314335
v 0.68775535 1.1912166 2.6173115
v 1.1059945 1.105988 2.6314335
v 0.9726314 0.97262406 2.6173115
v 1.3545623 0.7820517 2.6314337
v 1.191226 0.6877493 2.6173115
v 1.5108155 0.40481907 2.6314337
v 1.3286372 0.35600546 2.6173115
v 1.5641088 2.3751082E-07 2.6314335
v 1.3755044 2.3751082E-07 2.6173115
v 1.5108155 -0.40481862 2.6314337
v 1.3286372 -0.356005 2.6173115
v 1.3545623 -0.78205127 2.6314337
v 1.191226 -0.68774885 2.6173115
v 1.1059945 -1.1059877 2.6314335
v 0.9726314 -0.9726236 2.6173115
v 0.7820576 -1.3545523 2.6314335
v 0.6877554 -1.1912159 2.6173115
v 0.40482658 -1.5108068 2.6314335
v 0.35601214 -1.3286288 2.6173115
v 6.2193535E-06 -1.564102 2.631433
v 6.2822983E-06 -1.3754976 2.617311
v -0.40481412 -1.5108064 2.631433
v -0.3559996 -1.3286285 2.617311
v -0.78204507 -1.3545519 2.631433
v -0.6877429 -1.1912155 2.617311
v -1.1059818 -1.1059877 2.6314335
v -0.9726188 -0.9726236 2.6173115
v -1.3545498 -0.78205085 2.6314335
v -1.1912135 -0.6877485 2.6173115
v -1.510803 -0.4048183 2.631433
v -1.3286248 -0.35600466 2.617311
v -1.5640965 2.6898311E-07 2.6314335
v -1.375492 2.3751079E-07 2.6173115
v 0.61265403 -1.0611371 4.6233044
v 0.6877554 -1.1912159 2.6173115
v 0.35601214 -1.3286288 2.6173115
v 0.31713665 -1.1835446 4.6233044
v -1.0611345 -0.6126475 4.6233044
v -1.1912135 -0.6877485 2.6173115
v -1.3286248 -0.35600466 2.617311
v -1.1835406 -0.31712952 4.6233044
v 1.0611465 0.6126482 4.6233044
v 1.191226 0.6877493 2.6173115
v 1.3286372 0.35600546 2.6173115
v 1.1835526 0.3171302 4.6233044
v -0.612642 1.0611372 4.6233044
v -0.6877428 1.1912161 2.6173115
v -0.3559996 1.3286287 2.6173115
v -0.31712455 1.1835445 4.6233044
v 0.61265403 1.0611378 4.6233044
v 0.68775535 1.1912166 2.6173115
v 0.9726314 0.97262406 2.6173115
v 0.8664221 0.8664151 4.6233044
v -1.1835406 -0.31712952 4.6233044
v -1.3286248 -0.35600466 2.617311
v -1.375492 2.3751079E-07 2.6173115
v -1.22529 2.11575E-07 4.6233044
v -0.86640996 -0.86641467 4.6233044
v -0.9726188 -0.9726236 2.6173115
v -1.1912135 -0.6877485 2.6173115
v -1.0611345 -0.6126475 4.6233044
v 0.8664221 0.8664151 4.6233044
v 0.9726314 0.97262406 2.6173115
v 1.191226 0.6877493 2.6173115
v 1.0611465 0.6126482 4.6233044
v 0.31713665 1.1835451 4.6233044
v 0.35601214 1.3286291 2.6173115
v 0.68775535 1.1912166 2.6173115
v 0.61265403 1.0611378 4.6233044
v 6.054496E-06 -1.2252954 4.6233044
v 6.2822983E-06 -1.3754976 2.617311
v -0.3559996 -1.3286285 2.617311
v -0.31712455 -1.1835444 4.6233044
v -0.31712455 -1.1835444 4.6233044
v -0.3559996 -1.3286285 2.617311
v -0.6877429 -1.1912155 2.617311
v -0.612642 -1.0611367 4.6233044
v -0.86640996 0.8664145 4.6233044
v -0.9726189 0.9726234 2.617311
v -0.6877428 1.1912161 2.6173115
v -0.612642 1.0611372 4.6233044
v 1.0611465 -0.61264783 4.6233044
v 1.191226 -0.68774885 2.6173115
v 0.9726314 -0.9726236 2.6173115
v 0.8664221 -0.86641467 4.6233044
v -0.31712455 1.1835445 4.6233044
v -0.3559996 1.3286287 2.6173115
v 6.2822983E-06 1.3754977 2.6173115
v 6.054496E-06 1.2252957 4.6233044
v 1.225302 2.11575E-07 4.6233044
v 1.3755044 2.3751082E-07 2.6173115
v 1.3286372 -0.356005 2.6173115
v 1.1835526 -0.31712982 4.6233044
v -0.612642 -1.0611367 4.6233044
v -0.6877429 -1.1912155 2.617311
v -0.9726188 -0.9726236 2.6173115
v -0.86640996 -0.86641467 4.6233044
v 1.1835526 -0.31712982 4.6233044
v 1.3286372 -0.356005 2.6173115
v 1.191226 -0.68774885 2.6173115
v 1.0611465 -0.61264783 4.6233044
v 6.054496E-06 1.2252957 4.6233044
v 6.2822983E-06 1.3754977 2.6173115
v 0.35601214 1.3286291 2.6173115
v 0.31713665 1.1835451 4.6233044
v -1.510803 0.40481874 2.6314335
v -1.5427266 0.4133727 2.190042
v -1.3831718 0.7985765 2.190042
v -1.3545496 0.78205144 2.6314335
v 1.5108155 0.40481907 2.6314337
v 1.5427393 0.41337302 2.1900423
v 1.5971589 2.4321764E-07 2.190042
v 1.5641088 2.3751082E-07 2.6314335
v -1.3545496 0.78205144 2.6314335
v -1.3831718 0.7985765 2.190042
v -1.1293517 1.1293572 2.1900415
v -1.105982 1.1059874 2.631433
v -1.5640965 2.6898311E-07 2.6314335
v -1.5971465 2.5414286E-07 2.190042
v -1.5427266 0.4133727 2.190042
v -1.510803 0.40481874 2.6314335
v 0.40482658 -1.5108068 2.6314335
v 0.4133806 -1.5427306 2.190042
v 6.2532154E-06 -1.597152 2.1900415
v 6.2193535E-06 -1.564102 2.631433
v 1.1059945 -1.1059877 2.6314335
v 1.1293644 -1.1293575 2.190042
v 0.7985826 -1.3831744 2.190042
v 0.7820576 -1.3545523 2.6314335
v 0.7820576 -1.3545523 2.6314335
v 0.7985826 -1.3831744 2.190042
v 0.4133806 -1.5427306 2.190042
v 0.40482658 -1.5108068 2.6314335
v -1.3545498 -0.78205085 2.6314335
v -1.3831719 -0.7985758 2.190042
v -1.5427268 -0.41337228 2.1900415
v -1.510803 -0.4048183 2.631433
v 1.3545623 0.7820517 2.6314337
v 1.3831846 0.79857665 2.1900423
v 1.5427393 0.41337302 2.1900423
v 1.5108155 0.40481907 2.6314337
v -0.782045 1.3545525 2.6314335
v -0.79857 1.3831744 2.190042
v -0.41336796 1.5427305 2.190042
v -0.40481403 1.5108067 2.6314335
v 0.7820575 1.354553 2.6314335
v 0.79858255 1.3831751 2.190042
v 1.1293644 1.1293579 2.190042
v 1.1059945 1.105988 2.6314335
v -1.510803 -0.4048183 2.631433
v -1.5427268 -0.41337228 2.1900415
v -1.5971465 2.5414286E-07 2.190042
v -1.5640965 2.6898311E-07 2.6314335
v -1.1059818 -1.1059877 2.6314335
v -1.1293517 -1.1293575 2.190042
v -1.3831719 -0.7985758 2.190042
v -1.3545498 -0.78205085 2.6314335
v 1.1059945 1.105988 2.6314335
v 1.1293644 1.1293579 2.190042
v 1.3831846 0.79857665 2.1900423
v 1.3545623 0.7820517 2.6314337
v 0.40482646 1.5108072 2.6314335
v 0.41338047 1.5427309 2.190042
v 0.79858255 1.3831751 2.190042
v 0.7820575 1.354553 2.6314335
v 6.2193535E-06 -1.564102 2.631433
v 6.2532154E-06 -1.597152 2.1900415
v -0.41336805 -1.5427302 2.1900415
v -0.40481412 -1.5108064 2.631433
v -0.40481412 -1.5108064 2.631433
v -0.41336805 -1.5427302 2.1900415
v -0.7985699 -1.383174 2.1900415
v -0.78204507 -1.3545519 2.631433
v -1.105982 1.1059874 2.631433
v -1.1293517 1.1293572 2.1900415
v -0.79857 1.3831744 2.190042
v -0.782045 1.3545525 2.6314335
v 1.3545623 -0.78205127 2.6314337
v 1.3831844 -0.79857624 2.1900423
v 1.1293644 -1.1293575 2.190042
v 1.1059945 -1.1059877 2.6314335
v -0.40481403 1.5108067 2.6314335
v -0.41336796 1.5427305 2.190042
v 6.2131558E-06 1.5971522 2.190042
v 6.1573082E-06 1.5641022 2.6314335
v 1.5641088 2.3751082E-07 2.6314335
v 1.5971589 2.4321764E-07 2.190042
v 1.5427393 -0.41337258 2.1900423
v 1.5108155 -0.40481862 2.6314337
v -0.78204507 -1.3545519 2.631433
v -0.7985699 -1.383174 2.1900415
v -1.1293517 -1.1293575 2.190042
v -1.1059818 -1.1059877 2.6314335
v 1.5108155 -0.40481862 2.6314337
v 1.5427393 -0.41337258 2.1900423
v 1.3831844 -0.79857624 2.1900423
v 1.3545623 -0.78205127 2.6314337
v 6.1573082E-06 1.5641022 2.6314335
v 6.2131558E-06 1.5971522 2.190042
v 0.41338047 1.5427309 2.190042
v 0.40482646 1.5108072 2.6314335
v 0.94353694 0.5447468 6.539426
v 1.0523767 0.28198063 6.539426
v 0.58228034 0.15601994 6.743472
v 0.52205944 0.30140644 6.743472
v 0.28198788 1.0523702 6.539426
v 0.5447523 0.9435298 6.539426
v 0.30141282 0.5220544 6.743472
v 0.15602398 0.5822747 6.743472
v 5.6459085E-06 1.0894939 6.539426
v 0.28198788 1.0523702 6.539426
v 0.15602398 0.5822747 6.743472
v 5.959923E-06 0.60281557 6.743472
v 0.77039456 0.770389 6.539426
v 0.94353694 0.5447468 6.539426
v 0.52205944 0.30140644 6.743472
v 0.42626265 0.4262553 6.743472
v 1.0523767 0.28198063 6.539426
v 1.0894992 -5.559744E-08 6.539426
v 0.60282236 2.6987493E-07 6.743472
v 0.58228034 0.15601994 6.743472
v 0.5447523 0.9435298 6.539426
v 0.77039456 0.770389 6.539426
v 0.42626265 0.4262553 6.743472
v 0.30141282 0.5220544 6.743472
v 1.0894992 -5.559744E-08 6.539426
v 1.0523767 -0.28198084 6.539426
v 0.58228034 -0.15601975 6.743472
v 0.60282236 2.6987493E-07 6.743472
v 1.0523767 -0.28198084 6.539426
v 0.94353676 -0.54474723 6.539426
v 0.52205926 -0.30140674 6.743472
v 0.58228034 -0.15601975 6.743472
v 0.94353676 -0.54474723 6.539426
v 0.7703947 -0.7703892 6.539425
v 0.42626277 -0.42625564 6.743472
v 0.52205926 -0.30140674 6.743472
v 0.7703947 -0.7703892 6.539425
v 0.54475266 -0.9435296 6.539426
v 0.30141312 -0.5220537 6.743472
v 0.42626277 -0.42625564 6.743472
v 0.54475266 -0.9435296 6.539426
v 0.281988 -1.0523704 6.5394254
v 0.15602425 -0.58227473 6.743472
v 0.30141312 -0.5220537 6.743472
v 0.281988 -1.0523704 6.5394254
v 6.249546E-06 -1.0894938 6.539426
v 6.147937E-06 -0.6028157 6.743472
v 0.15602425 -0.58227473 6.743472
v 6.249546E-06 -1.0894938 6.539426
v -0.28197613 -1.0523702 6.539426
v -0.15601222 -0.5822747 6.743472
v 6.147937E-06 -0.6028157 6.743472
v -0.28197613 -1.0523702 6.539426
v -0.54474074 -0.94352925 6.539426
v -0.30140108 -0.5220538 6.743472
v -0.15601222 -0.5822747 6.743472
v -0.54474074 -0.94352925 6.539426
v -0.77038264 -0.77038944 6.539425
v -0.42625076 -0.4262557 6.743472
v -0.30140108 -0.5220538 6.743472
v -0.77038264 -0.77038944 6.539425
v -0.9435246 -0.5447468 6.539426
v -0.52204734 -0.30140668 6.743472
v -0.42625076 -0.4262557 6.743472
v -0.9435246 -0.5447468 6.539426
v -1.0523647 -0.28198057 6.539426
v -0.5822682 -0.15601984 6.743472
v -0.52204734 -0.30140668 6.743472
v -1.0523647 -0.28198057 6.539426
v -1.0894871 2.2979711E-07 6.539426
v -0.60281026 -1.18918194E-07 6.743472
v -0.5822682 -0.15601984 6.743472
v -1.0894871 2.2979711E-07 6.539426
v -1.0523646 0.2819811 6.539426
v -0.5822682 0.15602005 6.743472
v -0.60281026 -1.18918194E-07 6.743472
v -1.0523646 0.2819811 6.539426
v -0.9435245 0.54474735 6.539426
v -0.5220471 0.30140644 6.743472
v -0.5822682 0.15602005 6.743472
v -0.9435245 0.54474735 6.539426
v -0.7703825 0.7703896 6.539425
v -0.42625073 0.42625582 6.743472
v -0.5220471 0.30140644 6.743472
v -0.7703825 0.7703896 6.539425
v -0.54474056 0.9435296 6.5394254
v -0.30140102 0.5220541 6.743472
v -0.42625073 0.42625582 6.743472
v -0.54474056 0.9435296 6.5394254
v -0.28197643 1.0523701 6.539426
v -0.15601233 0.58227473 6.743472
v -0.30140102 0.5220541 6.743472
v -0.28197643 1.0523701 6.539426
v 5.6459085E-06 1.0894939 6.539426
v 5.959923E-06 0.60281557 6.743472
v -0.15601233 0.58227473 6.743472
v 0.88287514 -0.5097243 6.3723564
v 0.94353676 -0.54474723 6.539426
v 1.0523767 -0.28198084 6.539426
v 0.9847175 -0.2638517 6.3723564
v 6.058049E-06 -0.5327697 6.5764027
v 6.147937E-06 -0.6028157 6.743472
v -0.15601222 -0.5822747 6.743472
v -0.13788301 -0.5146154 6.5764027
v -0.882863 -0.5097239 6.3723564
v -0.9435246 -0.5447468 6.539426
v -0.77038264 -0.77038944 6.539425
v -0.72085255 -0.7208593 6.3723555
v -0.4613855 0.2663836 6.5764027
v -0.5220471 0.30140644 6.743472
v -0.42625073 0.42625582 6.743472
v -0.3767207 0.3767256 6.5764027
v 0.51462114 -0.13789058 6.5764027
v 0.58228034 -0.15601975 6.743472
v 0.52205926 -0.30140674 6.743472
v 0.46139765 -0.26638386 6.5764027
v 0.26385874 -0.9847111 6.372356
v 0.281988 -1.0523704 6.5394254
v 0.54475266 -0.9435296 6.539426
v 0.50972974 -0.8828679 6.3723564
v -0.37672067 -0.37672555 6.5764027
v -0.42625076 -0.4262557 6.743472
v -0.52204734 -0.30140668 6.743472
v -0.46138567 -0.26638383 6.5764027
v -0.98470545 0.26385194 6.3723564
v -1.0523646 0.2819811 6.539426
v -1.0894871 2.2979711E-07 6.539426
v -1.0194411 2.2560322E-07 6.3723564
v 5.9667145E-06 0.5327696 6.5764027
v 5.959923E-06 0.60281557 6.743472
v 0.15602398 0.5822747 6.743472
v 0.13789484 0.5146154 6.5764027
v 0.26639026 -0.46139193 6.5764027
v 0.30141312 -0.5220537 6.743472
v 0.15602425 -0.58227473 6.743472
v 0.13789503 -0.5146154 6.5764027
v 0.2663901 0.46139258 6.5764027
v 0.30141282 0.5220544 6.743472
v 0.42626265 0.4262553 6.743472
v 0.37673265 0.37672532 6.5764027
v -0.13788301 -0.5146154 6.5764027
v -0.15601222 -0.5822747 6.743472
v -0.30140108 -0.5220538 6.743472
v -0.26637816 -0.46139202 6.5764027
v -0.53276426 -1.14923196E-07 6.5764027
v -0.60281026 -1.18918194E-07 6.743472
v -0.5822682 0.15602005 6.743472
v -0.514609 0.13789085 6.5764027
v 0.7208646 0.720859 6.3723564
v 0.77039456 0.770389 6.539426
v 0.5447523 0.9435298 6.539426
v 0.5097295 0.88286805 6.3723564
v -0.5097176 0.8828678 6.372356
v -0.54474056 0.9435296 6.5394254
v -0.7703825 0.7703896 6.539425
v -0.7208525 0.7208594 6.3723555
v -0.50971776 -0.8828675 6.3723564
v -0.54474074 -0.94352925 6.539426
v -0.28197613 -1.0523702 6.539426
v -0.26384687 -0.98471093 6.3723564
v 0.51462114 0.13789077 6.5764027
v 0.58228034 0.15601994 6.743472
v 0.60282236 2.6987493E-07 6.743472
v 0.53277636 2.6028692E-07 6.5764027
v -0.3767207 0.3767256 6.5764027
v -0.42625073 0.42625582 6.743472
v -0.30140102 0.5220541 6.743472
v -0.26637807 0.46139222 6.5764027
v 1.0194532 -5.746139E-08 6.3723564
v 1.0894992 -5.559744E-08 6.539426
v 1.0523767 0.28198063 6.539426
v 0.9847175 0.2638515 6.3723564
v -0.46138567 -0.26638383 6.5764027
v -0.52204734 -0.30140668 6.743472
v -0.5822682 -0.15601984 6.743472
v -0.514609 -0.13789065 6.5764027
v 0.46139765 -0.26638386 6.5764027
v 0.52205926 -0.30140674 6.743472
v 0.42626277 -0.42625564 6.743472
v 0.3767327 -0.3767255 6.5764027
v -0.9847055 -0.26385143 6.3723564
v -1.0523647 -0.28198057 6.539426
v -0.9435246 -0.5447468 6.539426
v -0.882863 -0.5097239 6.3723564
v 0.72086465 -0.72085905 6.3723555
v 0.7703947 -0.7703892 6.539425
v 0.94353676 -0.54474723 6.539426
v 0.88287514 -0.5097243 6.3723564
v 0.26385868 0.984711 6.3723564
v 0.28198788 1.0523702 6.539426
v 5.6459085E-06 1.0894939 6.539426
v 5.65849E-06 1.0194479 6.3723564
vt 0.75 0.91666675
vt 0.70833325 0.91666675
vt 0.7291666 1
vt 0.70833325 0.91666675
vt 0.6666666 0.9166666
vt 0.6875 1
vt 0.6666666 0.9166666
vt 0.6249999 0.9166666
vt 0.64583325 1
vt 0.6249999 0.9166666
vt 0.58333325 0.9166666
vt 0.6041666 1
vt 0.58333325 0.9166666
vt 0.5416666 0.9166666
vt 0.5624999 1
vt 0.5416666 0.9166666
vt 0.4999999 0.9166666
vt 0.52083325 1
vt 0.4999999 0.9166666
vt 0.45833325 0.9166666
vt 0.47916654 1
vt 0.45833325 0.9166666
vt 0.4166666 0.9166666
vt 0.43749988 1
vt 0.4166666 0.9166666
vt 0.37499997 0.9166666
vt 0.39583322 1
vt 0.37499997 0.9166666
vt 0.33333328 0.9166666
vt 0.3541666 1
vt 0.33333328 0.9166666
vt 0.29166666 0.9166666
vt 0.31249997 1
vt 0.29166666 0.9166666
vt 0.25000003 0.9166666
vt 0.27083328 1
vt 0.25000003 0.9166666
vt 0.20833334 0.9166666
vt 0.22916666 1
vt 0.20833334 0.9166666
vt 0.16666672 0.9166666
vt 0.18750003 1
vt 0.16666672 0.9166666
vt 0.12500006 0.9166666
vt 0.14583337 1
vt 0.12500006 0.9166666
vt 0.0833334 0.9166666
vt 0.104166776 1
vt 0.0833334 0.9166666
vt 0.041666746 0.9166666
vt 0.06250012 1
vt 0.041666746 0.9166666
vt 5.9604645E-08 0.9166666
vt 0.020833462 1
vt 1.0000001 0.9166666
vt 0.9583334 0.9166666
vt 0.97916675 1
vt 0.9583334 0.9166666
vt 0.91666675 0.91666675
vt 0.9375001 1
vt 0.91666675 0.91666675
vt 0.875 0.91666675
vt 0.8958334 1
vt 0.875 0.91666675
vt 0.8333334 0.91666675
vt 0.85416675 1
vt 0.8333334 0.91666675
vt 0.7916666 0.91666675
vt 0.8125 1
vt 0.7916666 0.91666675
vt 0.75 0.91666675
vt 0.7708334 1
vt 0 0.5
vt 0 0.5
vt 0.041666657 0.5
vt 0.041666657 0.5
vt 0.08333331 0.5
vt 0.08333331 0.5
vt 0.12499997 0.5
vt 0.12499997 0.5
vt 0.16666663 0.5
vt 0.16666663 0.5
vt 0.20833331 0.5
vt 0.20833331 0.5
vt 0.24999997 0.5
vt 0.24999997 0.5
vt 0.29166666 0.5
vt 0.29166666 0.5
vt 0.33333328 0.5
vt 0.33333328 0.5
vt 0.37499997 0.5
vt 0.37499997 0.5
vt 0.41666663 0.5
vt 0.41666663 0.5
vt 0.4583333 0.5
vt 0.4583333 0.5
vt 0.49999997 0.5
vt 0.49999997 0.5
vt 0.5416666 0.5
vt 0.5416666 0.5
vt 0.58333325 0.5
vt 0.58333325 0.5
vt 0.625 0.5
vt 0.625 0.5
vt 0.6666666 0.5
vt 0.6666666 0.5
vt 0.70833325 0.5
vt 0.70833325 0.5
vt 0.75 0.5
vt 0.75 0.5
vt 0.7916666 0.5
vt 0.7916666 0.5
vt 0.8333334 0.5
vt 0.8333334 0.5
vt 0.875 0.5
vt 0.875 0.5
vt 0.9166666 0.5
vt 0.9166666 0.5
vt 0.9583334 0.5
vt 0.9583334 0.5
vt 1 0.5
vt 1 0.5
vt 0.9583334 0.5
vt 0.9583334 0.5
vt 0.9166666 0.5
vt 0.9166666 0.5
vt 0.5416666 0.5
vt 0.5416666 0.5
vt 0.49999997 0.5
vt 0.49999997 0.5
vt 0.9166666 0.5
vt 0.9166666 0.5
vt 0.875 0.5
vt 0.875 0.5
vt 1 0.5
vt 1 0.5
vt 0.9583334 0.5
vt 0.9583334 0.5
vt 0.29166666 0.5
vt 0.29166666 0.5
vt 0.24999997 0.5
vt 0.25 0.5
vt 0.375 0.50000006
vt 0.37499997 0.5
vt 0.33333328 0.5
vt 0.33333328 0.5
vt 0.33333328 0.5
vt 0.33333328 0.5
vt 0.29166666 0.5
vt 0.29166666 0.5
vt 0.08333331 0.5
vt 0.08333331 0.5
vt 0.041666657 0.5
vt 0.041666657 0.5
vt 0.58333325 0.5
vt 0.58333325 0.5
vt 0.5416666 0.5
vt 0.5416666 0.5
vt 0.8333334 0.5
vt 0.8333334 0.5
vt 0.7916666 0.5
vt 0.7916666 0.49999997
vt 0.6666666 0.5
vt 0.6666666 0.5
vt 0.625 0.5
vt 0.625 0.5
vt 0.041666657 0.5
vt 0.041666657 0.5
vt 0 0.5
vt 0 0.5
vt 0.12499997 0.5
vt 0.12499997 0.5
vt 0.08333331 0.5
vt 0.08333331 0.5
vt 0.625 0.5
vt 0.625 0.5
vt 0.58333325 0.5
vt 0.58333325 0.5
vt 0.70833325 0.5
vt 0.70833325 0.5
vt 0.6666666 0.5
vt 0.6666666 0.5
vt 0.25 0.5
vt 0.24999997 0.5
vt 0.20833331 0.5
vt 0.20833331 0.5
vt 0.20833331 0.5
vt 0.20833331 0.5
vt 0.16666663 0.5
vt 0.16666663 0.5
vt 0.875 0.5
vt 0.875 0.5
vt 0.8333334 0.5
vt 0.8333334 0.5
vt 0.41666663 0.5
vt 0.41666663 0.5
vt 0.37499997 0.5
vt 0.375 0.50000006
vt 0.7916666 0.49999997
vt 0.7916666 0.5
vt 0.75 0.5
vt 0.75000006 0.50000006
vt 0.49999997 0.5
vt 0.49999997 0.5
vt 0.4583333 0.5
vt 0.45833328 0.49999997
vt 0.16666663 0.5
vt 0.16666663 0.5
vt 0.12499997 0.5
vt 0.12499997 0.5
vt 0.45833328 0.49999997
vt 0.4583333 0.5
vt 0.41666663 0.5
vt 0.41666663 0.5
vt 0.75000006 0.50000006
vt 0.75 0.5
vt 0.70833325 0.5
vt 0.70833325 0.5
vt 0.75000006 0.5
vt 0.75 0.5
vt 0.7083333 0.5
vt 0.7083333 0.5
vt 0.45833328 0.49999997
vt 0.4583333 0.5
vt 0.41666663 0.5
vt 0.4166666 0.49999997
vt 0.16666663 0.5
vt 0.16666663 0.5
vt 0.124999955 0.49999997
vt 0.12499995 0.4999999
vt 0.49999994 0.5
vt 0.49999997 0.5
vt 0.4583333 0.5
vt 0.45833328 0.49999997
vt 0.7916667 0.5
vt 0.7916666 0.5
vt 0.75 0.5
vt 0.75000006 0.5
vt 0.4166666 0.49999997
vt 0.41666663 0.5
vt 0.375 0.5
vt 0.375 0.5
vt 0.87500006 0.5
vt 0.875 0.5
vt 0.8333333 0.5
vt 0.8333334 0.5
vt 0.20833331 0.5
vt 0.20833331 0.5
vt 0.16666663 0.5
vt 0.16666663 0.5
vt 0.24999997 0.5
vt 0.24999997 0.5
vt 0.20833331 0.5
vt 0.20833331 0.5
vt 0.7083333 0.5
vt 0.7083333 0.5
vt 0.6666666 0.5
vt 0.66666657 0.49999994
vt 0.625 0.49999997
vt 0.62500006 0.5
vt 0.58333325 0.5
vt 0.58333325 0.5
vt 0.12499995 0.4999999
vt 0.124999955 0.49999997
vt 0.08333331 0.5
vt 0.08333332 0.5
vt 0.041666657 0.5
vt 0.041666657 0.5
vt 0 0.5
vt 0 0.5
vt 0.66666657 0.49999994
vt 0.6666666 0.5
vt 0.62500006 0.5
vt 0.625 0.49999997
vt 0.8333334 0.5
vt 0.8333333 0.5
vt 0.7916666 0.5
vt 0.7916667 0.5
vt 0.58333325 0.5
vt 0.58333325 0.5
vt 0.5416666 0.5
vt 0.5416666 0.5
vt 0.08333332 0.5
vt 0.08333331 0.5
vt 0.041666657 0.5
vt 0.041666657 0.5
vt 0.33333325 0.5
vt 0.33333325 0.5
vt 0.29166666 0.5
vt 0.29166666 0.5
vt 0.375 0.5
vt 0.375 0.5
vt 0.33333325 0.5
vt 0.33333325 0.5
vt 0.29166666 0.5
vt 0.29166666 0.5
vt 0.24999997 0.5
vt 0.24999997 0.5
vt 1 0.5
vt 1 0.5
vt 0.9583334 0.5
vt 0.9583334 0.5
vt 0.9166666 0.5
vt 0.9166666 0.5
vt 0.875 0.5
vt 0.87500006 0.5
vt 0.5416666 0.5
vt 0.5416666 0.5
vt 0.49999997 0.5
vt 0.49999994 0.5
vt 0.9583334 0.5
vt 0.9583334 0.5
vt 0.9166666 0.5
vt 0.9166666 0.5
vt 0.75 0.5
vt 0.75 0.5
vt 0.70833325 0.5
vt 0.7083333 0.5
vt 0.4583333 0.5
vt 0.4583333 0.5
vt 0.41666663 0.5
vt 0.41666663 0.5
vt 0.16666663 0.5
vt 0.16666663 0.5
vt 0.12499996 0.5
vt 0.124999955 0.49999997
vt 0.49999997 0.5
vt 0.49999994 0.5
vt 0.4583333 0.5
vt 0.4583333 0.5
vt 0.7916666 0.5
vt 0.7916666 0.5
vt 0.75 0.5
vt 0.75 0.5
vt 0.41666663 0.5
vt 0.41666663 0.5
vt 0.37499997 0.5
vt 0.375 0.5
vt 0.875 0.5
vt 0.875 0.5
vt 0.8333333 0.5
vt 0.8333333 0.5
vt 0.20833331 0.5
vt 0.20833331 0.5
vt 0.16666663 0.5
vt 0.16666663 0.5
vt 0.24999997 0.5
vt 0.24999997 0.5
vt 0.20833331 0.5
vt 0.20833331 0.5
vt 0.7083333 0.5
vt 0.70833325 0.5
vt 0.6666666 0.5
vt 0.6666666 0.5
vt 0.62500006 0.5
vt 0.625 0.5
vt 0.58333325 0.5
vt 0.58333325 0.5
vt 0.124999955 0.49999997
vt 0.12499996 0.5
vt 0.08333331 0.5
vt 0.08333331 0.5
vt 0.041666657 0.5
vt 0.041666657 0.5
vt 0 0.5
vt 0 0.5
vt 0.6666666 0.5
vt 0.6666666 0.5
vt 0.625 0.5
vt 0.62500006 0.5
vt 0.8333333 0.5
vt 0.8333333 0.5
vt 0.7916666 0.5
vt 0.7916666 0.5
vt 0.58333325 0.5
vt 0.58333325 0.5
vt 0.5416666 0.5
vt 0.5416666 0.5
vt 0.08333331 0.5
vt 0.08333331 0.5
vt 0.041666657 0.5
vt 0.041666657 0.5
vt 0.33333325 0.5
vt 0.33333328 0.5
vt 0.29166666 0.5
vt 0.29166666 0.5
vt 0.375 0.5
vt 0.37499997 0.5
vt 0.33333328 0.5
vt 0.33333325 0.5
vt 0.29166666 0.5
vt 0.29166666 0.5
vt 0.24999997 0.5
vt 0.24999997 0.5
vt 1 0.5
vt 1 0.5
vt 0.9583334 0.5
vt 0.9583334 0.5
vt 0.9166666 0.5
vt 0.9166666 0.5
vt 0.875 0.5
vt 0.875 0.5
vt 0.5416666 0.5
vt 0.5416666 0.5
vt 0.49999994 0.5
vt 0.49999997 0.5
vt 0.9583334 0.5
vt 0.9583334 0.5
vt 0.9166666 0.5
vt 0.9166666 0.5
vt 0.041666657 0.5
vt 0 0.5
vt 0 0.5
vt 0.041666657 0.5
vt 0.08333331 0.5
vt 0.08333331 0.5
vt 0.124999955 0.49999997
vt 0.124999955 0.49999997
vt 0.16666663 0.5
vt 0.16666663 0.5
vt 0.20833331 0.5
vt 0.20833331 0.5
vt 0.24999997 0.5
vt 0.24999997 0.5
vt 0.29166666 0.5
vt 0.29166666 0.5
vt 0.33333325 0.5
vt 0.33333325 0.5
vt 0.375 0.5
vt 0.375 0.5
vt 0.41666663 0.5
vt 0.41666663 0.5
vt 0.4583333 0.5
vt 0.4583333 0.5
vt 0.49999997 0.5
vt 0.49999997 0.5
vt 0.5416666 0.5
vt 0.5416666 0.5
vt 0.58333325 0.5
vt 0.58333325 0.5
vt 0.62500006 0.5
vt 0.62500006 0.5
vt 0.6666666 0.5
vt 0.6666666 0.5
vt 0.7083333 0.5
vt 0.7083333 0.5
vt 0.75 0.5
vt 0.75 0.5
vt 0.7916666 0.5
vt 0.7916666 0.5
vt 0.8333333 0.5
vt 0.8333333 0.5
vt 0.875 0.5
vt 0.875 0.5
vt 0.9166666 0.5
vt 0.9166666 0.5
vt 0.9583334 0.5
vt 0.9583334 0.5
vt 1 0.5
vt 1 0.5
vt 0 0.5
vt 0 0.5
vt 0.041666657 0.5
vt 0.041666657 0.5
vt 0.08333331 0.5
vt 0.08333331 0.5
vt 0.12499996 0.5
vt 0.12499996 0.5
vt 0.16666663 0.5
vt 0.16666663 0.5
vt 0.20833331 0.5
vt 0.20833331 0.5
vt 0.24999997 0.5
vt 0.24999997 0.5
vt 0.29166666 0.5
vt 0.29166666 0.5
vt 0.33333328 0.5
vt 0.33333328 0.5
vt 0.37499997 0.5
vt 0.37499997 0.5
vt 0.41666663 0.5
vt 0.41666663 0.5
vt 0.4583333 0.5
vt 0.4583333 0.5
vt 0.49999994 0.5
vt 0.49999994 0.5
vt 0.5416666 0.5
vt 0.5416666 0.5
vt 0.58333325 0.5
vt 0.58333325 0.5
vt 0.625 0.5
vt 0.625 0.5
vt 0.6666666 0.5
vt 0.6666666 0.5
vt 0.70833325 0.5
vt 0.70833325 0.5
vt 0.75 0.5
vt 0.75 0.5
vt 0.7916666 0.5
vt 0.7916666 0.5
vt 0.8333333 0.5
vt 0.8333333 0.5
vt 0.875 0.5
vt 0.875 0.5
vt 0.9166666 0.5
vt 0.9166666 0.5
vt 0.9583334 0.5
vt 0.9583334 0.5
vt 1 0.5
vt 1 0.5
vt 0.9583334 0.5
vt 1 0.5
vt 1 0.5
vt 0.9583334 0.5
vt 0.9166666 0.5
vt 0.9166666 0.5
vt 0.875 0.5
vt 0.875 0.5
vt 0.8333334 0.5
vt 0.8333334 0.5
vt 0.7916666 0.49999997
vt 0.7916666 0.49999997
vt 0.75000006 0.50000006
vt 0.75000006 0.50000006
vt 0.70833325 0.5
vt 0.70833325 0.5
vt 0.6666666 0.5
vt 0.6666666 0.5
vt 0.625 0.5
vt 0.625 0.5
vt 0.58333325 0.5
vt 0.58333325 0.5
vt 0.5416666 0.5
vt 0.5416666 0.5
vt 0.49999997 0.5
vt 0.49999997 0.5
vt 0.45833328 0.49999997
vt 0.45833328 0.49999997
vt 0.41666663 0.5
vt 0.41666663 0.5
vt 0.375 0.50000006
vt 0.375 0.50000006
vt 0.33333328 0.5
vt 0.33333328 0.5
vt 0.29166666 0.5
vt 0.29166666 0.5
vt 0.25 0.5
vt 0.25 0.5
vt 0.20833331 0.5
vt 0.20833331 0.5
vt 0.16666663 0.5
vt 0.16666663 0.5
vt 0.12499997 0.5
vt 0.12499997 0.5
vt 0.08333331 0.5
vt 0.08333331 0.5
vt 0.041666657 0.5
vt 0.041666657 0.5
vt 0 0.5
vt 0 0.5
vt 0.041666657 0.5
vt 0 0.5
vt 0 0.5
vt 0.041666657 0.5
vt 0.08333331 0.5
vt 0.08333331 0.5
vt 0.12499998 0.5
vt 0.12499998 0.5
vt 0.16666663 0.5
vt 0.16666663 0.5
vt 0.20833331 0.5
vt 0.20833331 0.5
vt 0.24999997 0.5
vt 0.24999997 0.5
vt 0.29166663 0.5
vt 0.29166663 0.5
vt 0.33333325 0.49999997
vt 0.33333325 0.49999997
vt 0.375 0.5
vt 0.375 0.5
vt 0.41666663 0.5
vt 0.41666663 0.5
vt 0.4583333 0.5
vt 0.4583333 0.5
vt 0.49999994 0.5
vt 0.49999994 0.5
vt 0.54166657 0.49999997
vt 0.54166657 0.49999997
vt 0.58333325 0.5
vt 0.58333325 0.5
vt 0.625 0.49999997
vt 0.625 0.49999997
vt 0.6666666 0.49999997
vt 0.6666666 0.49999997
vt 0.70833325 0.5
vt 0.70833325 0.5
vt 0.74999994 0.49999997
vt 0.74999994 0.49999997
vt 0.7916666 0.5
vt 0.7916666 0.5
vt 0.8333334 0.5
vt 0.8333334 0.5
vt 0.87499994 0.49999994
vt 0.87499994 0.49999994
vt 0.91666657 0.49999997
vt 0.91666657 0.49999997
vt 0.9583333 0.5
vt 0.9583333 0.5
vt 1 0.5
vt 1 0.5
vt 0.9583334 0.5
vt 0.9583333 0.5
vt 0.91666657 0.49999997
vt 0.9166666 0.5
vt 0.5416666 0.5
vt 0.54166657 0.49999997
vt 0.49999994 0.5
vt 0.49999994 0.5
vt 0.9166666 0.5
vt 0.91666657 0.49999997
vt 0.87499994 0.49999994
vt 0.875 0.5
vt 1 0.5
vt 1 0.5
vt 0.9583333 0.5
vt 0.9583334 0.5
vt 0.29166666 0.5
vt 0.29166663 0.5
vt 0.24999997 0.5
vt 0.24999997 0.5
vt 0.37499997 0.5
vt 0.375 0.5
vt 0.33333325 0.49999997
vt 0.33333328 0.5
vt 0.33333328 0.5
vt 0.33333325 0.49999997
vt 0.29166663 0.5
vt 0.29166666 0.5
vt 0.08333331 0.5
vt 0.08333331 0.5
vt 0.041666657 0.5
vt 0.041666657 0.5
vt 0.58333325 0.5
vt 0.58333325 0.5
vt 0.54166657 0.49999997
vt 0.5416666 0.5
vt 0.8333333 0.5
vt 0.8333334 0.5
vt 0.7916666 0.5
vt 0.7916666 0.5
vt 0.6666666 0.5
vt 0.6666666 0.49999997
vt 0.625 0.49999997
vt 0.625 0.5
vt 0.041666657 0.5
vt 0.041666657 0.5
vt 0 0.5
vt 0 0.5
vt 0.12499996 0.5
vt 0.12499998 0.5
vt 0.08333331 0.5
vt 0.08333331 0.5
vt 0.625 0.5
vt 0.625 0.49999997
vt 0.58333325 0.5
vt 0.58333325 0.5
vt 0.70833325 0.5
vt 0.70833325 0.5
vt 0.6666666 0.49999997
vt 0.6666666 0.5
vt 0.24999997 0.5
vt 0.24999997 0.5
vt 0.20833331 0.5
vt 0.20833331 0.5
vt 0.20833331 0.5
vt 0.20833331 0.5
vt 0.16666663 0.5
vt 0.16666663 0.5
vt 0.875 0.5
vt 0.87499994 0.49999994
vt 0.8333334 0.5
vt 0.8333333 0.5
vt 0.41666663 0.5
vt 0.41666663 0.5
vt 0.375 0.5
vt 0.37499997 0.5
vt 0.7916666 0.5
vt 0.7916666 0.5
vt 0.74999994 0.49999997
vt 0.75 0.5
vt 0.49999994 0.5
vt 0.49999994 0.5
vt 0.4583333 0.5
vt 0.4583333 0.5
vt 0.16666663 0.5
vt 0.16666663 0.5
vt 0.12499998 0.5
vt 0.12499996 0.5
vt 0.4583333 0.5
vt 0.4583333 0.5
vt 0.41666663 0.5
vt 0.41666663 0.5
vt 0.75 0.5
vt 0.74999994 0.49999997
vt 0.70833325 0.5
vt 0.70833325 0.5
vt 0.74999994 0.49999997
vt 0.75000006 0.50000006
vt 0.70833325 0.5
vt 0.70833325 0.5
vt 0.4583333 0.5
vt 0.45833328 0.49999997
vt 0.41666663 0.5
vt 0.41666663 0.5
vt 0.16666663 0.5
vt 0.16666663 0.5
vt 0.12499997 0.5
vt 0.12499998 0.5
vt 0.49999994 0.5
vt 0.49999997 0.5
vt 0.45833328 0.49999997
vt 0.4583333 0.5
vt 0.7916666 0.5
vt 0.7916666 0.49999997
vt 0.75000006 0.50000006
vt 0.74999994 0.49999997
vt 0.41666663 0.5
vt 0.41666663 0.5
vt 0.375 0.50000006
vt 0.375 0.5
vt 0.87499994 0.49999994
vt 0.875 0.5
vt 0.8333334 0.5
vt 0.8333334 0.5
vt 0.20833331 0.5
vt 0.20833331 0.5
vt 0.16666663 0.5
vt 0.16666663 0.5
vt 0.24999997 0.5
vt 0.25 0.5
vt 0.20833331 0.5
vt 0.20833331 0.5
vt 0.70833325 0.5
vt 0.70833325 0.5
vt 0.6666666 0.5
vt 0.6666666 0.49999997
vt 0.625 0.49999997
vt 0.625 0.5
vt 0.58333325 0.5
vt 0.58333325 0.5
vt 0.12499998 0.5
vt 0.12499997 0.5
vt 0.08333331 0.5
vt 0.08333331 0.5
vt 0.041666657 0.5
vt 0.041666657 0.5
vt 0 0.5
vt 0 0.5
vt 0.6666666 0.49999997
vt 0.6666666 0.5
vt 0.625 0.5
vt 0.625 0.49999997
vt 0.8333334 0.5
vt 0.8333334 0.5
vt 0.7916666 0.49999997
vt 0.7916666 0.5
vt 0.58333325 0.5
vt 0.58333325 0.5
vt 0.5416666 0.5
vt 0.54166657 0.49999997
vt 0.08333331 0.5
vt 0.08333331 0.5
vt 0.041666657 0.5
vt 0.041666657 0.5
vt 0.33333325 0.49999997
vt 0.33333328 0.5
vt 0.29166666 0.5
vt 0.29166663 0.5
vt 0.375 0.5
vt 0.375 0.50000006
vt 0.33333328 0.5
vt 0.33333325 0.49999997
vt 0.29166663 0.5
vt 0.29166666 0.5
vt 0.25 0.5
vt 0.24999997 0.5
vt 1 0.5
vt 1 0.5
vt 0.9583334 0.5
vt 0.9583333 0.5
vt 0.91666657 0.49999997
vt 0.9166666 0.5
vt 0.875 0.5
vt 0.87499994 0.49999994
vt 0.54166657 0.49999997
vt 0.5416666 0.5
vt 0.49999997 0.5
vt 0.49999994 0.5
vt 0.9583333 0.5
vt 0.9583334 0.5
vt 0.9166666 0.5
vt 0.91666657 0.49999997
vt 0.75 0.6666666
vt 0.70833325 0.6666666
vt 0.70833325 0.75
vt 0.75 0.75
vt 0.75 0.5833334
vt 0.70833325 0.5833334
vt 0.70833325 0.6666666
vt 0.75 0.6666666
vt 0.75 0.5
vt 0.70833325 0.5
vt 0.70833325 0.5833334
vt 0.75 0.5833334
vt 0.70833325 0.5
vt 0.6666666 0.5
vt 0.6666666 0.5833334
vt 0.70833325 0.5833334
vt 0.70833325 0.6666666
vt 0.6666666 0.6666666
vt 0.6666666 0.75
vt 0.70833325 0.75
vt 0.70833325 0.5833334
vt 0.6666666 0.5833334
vt 0.6666666 0.6666666
vt 0.70833325 0.6666666
vt 0.6666666 0.6666666
vt 0.625 0.6666666
vt 0.625 0.75
vt 0.6666666 0.75
vt 0.6666666 0.5833334
vt 0.625 0.5833334
vt 0.625 0.6666666
vt 0.6666666 0.6666666
vt 0.6666666 0.5
vt 0.625 0.5
vt 0.625 0.5833334
vt 0.6666666 0.5833334
vt 0.625 0.6666666
vt 0.58333325 0.6666666
vt 0.58333325 0.75
vt 0.625 0.75
vt 0.625 0.5833334
vt 0.58333325 0.5833334
vt 0.58333325 0.6666666
vt 0.625 0.6666666
vt 0.625 0.5
vt 0.58333325 0.5
vt 0.58333325 0.5833334
vt 0.625 0.5833334
vt 0.58333325 0.5833334
vt 0.5416666 0.5833334
vt 0.5416666 0.6666666
vt 0.58333325 0.6666666
vt 0.58333325 0.5
vt 0.5416666 0.5
vt 0.5416666 0.5833334
vt 0.58333325 0.5833334
vt 0.58333325 0.6666666
vt 0.5416666 0.6666666
vt 0.5416666 0.75
vt 0.58333325 0.75
vt 0.5416666 0.6666666
vt 0.49999997 0.6666666
vt 0.49999997 0.75
vt 0.5416666 0.75
vt 0.5416666 0.5833334
vt 0.49999997 0.5833334
vt 0.49999997 0.6666666
vt 0.5416666 0.6666666
vt 0.5416666 0.5
vt 0.49999997 0.5
vt 0.49999997 0.5833334
vt 0.5416666 0.5833334
vt 0.49999997 0.5
vt 0.4583333 0.5
vt 0.45833328 0.5833334
vt 0.49999997 0.5833334
vt 0.49999997 0.6666666
vt 0.4583333 0.6666666
vt 0.45833328 0.75
vt 0.49999997 0.75
vt 0.49999997 0.5833334
vt 0.45833328 0.5833334
vt 0.4583333 0.6666666
vt 0.49999997 0.6666666
vt 0.45833328 0.5833334
vt 0.41666663 0.5833334
vt 0.41666663 0.6666666
vt 0.4583333 0.6666666
vt 0.4583333 0.5
vt 0.41666663 0.5
vt 0.41666663 0.5833334
vt 0.45833328 0.5833334
vt 0.4583333 0.6666666
vt 0.41666663 0.6666666
vt 0.41666663 0.75
vt 0.45833328 0.75
vt 0.41666663 0.6666666
vt 0.37499997 0.6666666
vt 0.37499997 0.75
vt 0.41666663 0.75
vt 0.41666663 0.5833334
vt 0.37499997 0.5833334
vt 0.37499997 0.6666666
vt 0.41666663 0.6666666
vt 0.41666663 0.5
vt 0.37499997 0.5
vt 0.37499997 0.5833334
vt 0.41666663 0.5833334
vt 0.37499997 0.5
vt 0.33333328 0.5
vt 0.33333328 0.5833334
vt 0.37499997 0.5833334
vt 0.37499997 0.6666666
vt 0.33333334 0.6666666
vt 0.33333328 0.75
vt 0.37499997 0.75
vt 0.37499997 0.5833334
vt 0.33333328 0.5833334
vt 0.33333334 0.6666666
vt 0.37499997 0.6666666
vt 0.33333328 0.5833334
vt 0.29166666 0.5833334
vt 0.29166666 0.6666666
vt 0.33333334 0.6666666
vt 0.33333328 0.5
vt 0.29166666 0.5
vt 0.29166666 0.5833334
vt 0.33333328 0.5833334
vt 0.33333334 0.6666666
vt 0.29166666 0.6666666
vt 0.29166666 0.75000006
vt 0.33333328 0.75
vt 0.29166666 0.6666666
vt 0.25000003 0.6666666
vt 0.24999997 0.75000006
vt 0.29166666 0.75000006
vt 0.29166666 0.5833334
vt 0.24999997 0.5833334
vt 0.25000003 0.6666666
vt 0.29166666 0.6666666
vt 0.29166666 0.5
vt 0.24999997 0.5
vt 0.24999997 0.5833334
vt 0.29166666 0.5833334
vt 0.24999997 0.5
vt 0.20833331 0.5
vt 0.20833331 0.5833334
vt 0.24999997 0.5833334
vt 0.25000003 0.6666666
vt 0.20833334 0.6666666
vt 0.20833334 0.75000006
vt 0.24999997 0.75000006
vt 0.24999997 0.5833334
vt 0.20833331 0.5833334
vt 0.20833334 0.6666666
vt 0.25000003 0.6666666
vt 0.20833331 0.5833334
vt 0.16666669 0.5833334
vt 0.16666669 0.6666666
vt 0.20833334 0.6666666
vt 0.20833331 0.5
vt 0.16666663 0.5
vt 0.16666669 0.5833334
vt 0.20833331 0.5833334
vt 0.20833334 0.6666666
vt 0.16666669 0.6666666
vt 0.16666669 0.7500001
vt 0.20833334 0.75000006
vt 0.16666669 0.6666666
vt 0.12500003 0.6666666
vt 0.12500003 0.7500001
vt 0.16666669 0.7500001
vt 0.16666669 0.5833334
vt 0.12499997 0.5833334
vt 0.12500003 0.6666666
vt 0.16666669 0.6666666
vt 0.16666663 0.5
vt 0.12499997 0.5
vt 0.12499997 0.5833334
vt 0.16666669 0.5833334
vt 0.12499997 0.5
vt 0.08333331 0.5
vt 0.08333331 0.5833334
vt 0.12499997 0.5833334
vt 0.12500003 0.6666666
vt 0.08333337 0.6666666
vt 0.08333331 0.7500001
vt 0.12500003 0.7500001
vt 0.12499997 0.5833334
vt 0.08333331 0.5833334
vt 0.08333337 0.6666666
vt 0.12500003 0.6666666
vt 0.041666657 0.7500001
vt 0.041666657 0.7500001
vt 0.08333331 0.7500001
vt 0.08333331 0.7500001
vt 0.08333331 0.5833334
vt 0.041666657 0.5833334
vt 0.041666657 0.6666666
vt 0.08333337 0.6666666
vt 0.49999997 0.75
vt 0.49999997 0.75
vt 0.5416666 0.75
vt 0.5416666 0.75
vt 0.08333331 0.5
vt 0.041666657 0.5
vt 0.041666657 0.5833334
vt 0.08333331 0.5833334
vt 0.29166666 0.75000006
vt 0.29166666 0.75000006
vt 0.33333328 0.75
vt 0.33333328 0.75
vt 0.08333337 0.6666666
vt 0.041666657 0.6666666
vt 0.041666657 0.7500001
vt 0.08333331 0.7500001
vt 0.70833325 0.75
vt 0.70833325 0.75
vt 0.75 0.75
vt 0.75 0.75
vt 0.041666657 0.6666666
vt 0 0.6666666
vt 0 0.7500001
vt 0.041666657 0.7500001
vt 0.9166666 0.7500001
vt 0.9166666 0.7500001
vt 0.9583334 0.7500001
vt 0.9583334 0.7500001
vt 0.041666657 0.5833334
vt 0 0.5833334
vt 0 0.6666666
vt 0.041666657 0.6666666
vt 0.58333325 0.75
vt 0.58333325 0.75
vt 0.625 0.75
vt 0.625 0.75
vt 0.041666657 0.5
vt 0 0.5
vt 0 0.5833334
vt 0.041666657 0.5833334
vt 0.9583334 0.7500001
vt 0.9583334 0.7500001
vt 1 0.7500001
vt 1 0.7500001
vt 1 0.5
vt 0.9583334 0.5
vt 0.9583334 0.5833334
vt 1 0.5833334
vt 0 0.7500001
vt 0 0.7500001
vt 0.041666657 0.7500001
vt 0.041666657 0.7500001
vt 1 0.6666666
vt 0.9583334 0.6666666
vt 0.9583334 0.7500001
vt 1 0.7500001
vt 0.75 0.75
vt 0.75 0.75
vt 0.7916666 0.7500002
vt 0.7916666 0.7500002
vt 1 0.5833334
vt 0.9583334 0.5833334
vt 0.9583334 0.6666666
vt 1 0.6666666
vt 0.9583334 0.6666666
vt 0.9166666 0.6666666
vt 0.9166666 0.7500001
vt 0.9583334 0.7500001
vt 0.12500003 0.7500001
vt 0.12500003 0.7500001
vt 0.16666669 0.7500001
vt 0.16666669 0.7500001
vt 0.9583334 0.5833334
vt 0.9166666 0.5833334
vt 0.9166666 0.6666666
vt 0.9583334 0.6666666
vt 0.45833328 0.75
vt 0.45833328 0.75
vt 0.49999997 0.75
vt 0.49999997 0.75
vt 0.9583334 0.5
vt 0.9166666 0.5
vt 0.9166666 0.5833334
vt 0.9583334 0.5833334
vt 0.37499997 0.75
vt 0.37499997 0.75
vt 0.41666663 0.75
vt 0.41666663 0.75
vt 0.20833334 0.75000006
vt 0.20833334 0.75000006
vt 0.24999997 0.75000006
vt 0.24999997 0.75000006
vt 0.9166666 0.6666666
vt 0.875 0.6666666
vt 0.875 0.7500001
vt 0.9166666 0.7500001
vt 0.625 0.75
vt 0.625 0.75
vt 0.6666666 0.75
vt 0.6666666 0.75
vt 0.9166666 0.5833334
vt 0.875 0.5833334
vt 0.875 0.6666666
vt 0.9166666 0.6666666
vt 0.41666663 0.75
vt 0.41666663 0.75
vt 0.45833328 0.75
vt 0.45833328 0.75
vt 0.9166666 0.5
vt 0.875 0.5
vt 0.875 0.5833334
vt 0.9166666 0.5833334
vt 0.875 0.5833334
vt 0.8333334 0.5833334
vt 0.8333334 0.6666666
vt 0.875 0.6666666
vt 0.6666666 0.75
vt 0.6666666 0.75
vt 0.70833325 0.75
vt 0.70833325 0.75
vt 0.875 0.5
vt 0.8333334 0.5
vt 0.8333334 0.5833334
vt 0.875 0.5833334
vt 0.8333334 0.7500001
vt 0.8333334 0.7500001
vt 0.875 0.7500001
vt 0.875 0.7500001
vt 0.875 0.6666666
vt 0.8333334 0.6666666
vt 0.8333334 0.7500001
vt 0.875 0.7500001
vt 0.16666669 0.7500001
vt 0.16666669 0.7500001
vt 0.20833334 0.75000006
vt 0.20833334 0.75000006
vt 0.8333334 0.6666666
vt 0.7916666 0.6666666
vt 0.7916666 0.7500002
vt 0.8333334 0.7500001
vt 0.08333331 0.7500001
vt 0.08333331 0.7500001
vt 0.12500003 0.7500001
vt 0.12500003 0.7500001
vt 0.8333334 0.5833334
vt 0.7916666 0.5833334
vt 0.7916666 0.6666666
vt 0.8333334 0.6666666
vt 0.7916666 0.7500002
vt 0.7916666 0.7500002
vt 0.8333334 0.7500001
vt 0.8333334 0.7500001
vt 0.8333334 0.5
vt 0.7916666 0.5
vt 0.7916666 0.5833334
vt 0.8333334 0.5833334
vt 0.875 0.7500001
vt 0.875 0.7500001
vt 0.9166666 0.7500001
vt 0.9166666 0.7500001
vt 0.7916666 0.5
vt 0.75 0.5
vt 0.75 0.5833334
vt 0.7916666 0.5833334
vt 0.33333328 0.75
vt 0.33333328 0.75
vt 0.37499997 0.75
vt 0.37499997 0.75
vt 0.7916666 0.6666666
vt 0.75 0.6666666
vt 0.75 0.75
vt 0.7916666 0.7500002
vt 0.5416666 0.75
vt 0.5416666 0.75
vt 0.58333325 0.75
vt 0.58333325 0.75
vt 0.7916666 0.5833334
vt 0.75 0.5833334
vt 0.75 0.6666666
vt 0.7916666 0.6666666
vt 0.24999997 0.75000006
vt 0.24999997 0.75000006
vt 0.29166666 0.75000006
vt 0.29166666 0.75000006
vt 0.875 0.8333334
vt 0.875 0.8333334
vt 0.9166666 0.8333334
vt 0.9166666 0.8333334
vt 0.75 0.75
vt 0.70833325 0.75
vt 0.70833325 0.8333333
vt 0.75 0.8333333
vt 0.58333325 0.9166666
vt 0.58333325 0.9166666
vt 0.5416666 0.9166666
vt 0.5416666 0.9166666
vt 0.70833325 0.75
vt 0.6666666 0.75
vt 0.6666666 0.8333333
vt 0.70833325 0.8333333
vt 0.041666746 0.9166666
vt 0.041666746 0.9166666
vt 5.9604645E-08 0.9166666
vt 5.9604645E-08 0.9166666
vt 0.6666666 0.75
vt 0.625 0.75
vt 0.6249999 0.8333333
vt 0.6666666 0.8333333
vt 0.625 0.75
vt 0.58333325 0.75
vt 0.58333325 0.8333333
vt 0.6249999 0.8333333
vt 0.20833331 0.8333333
vt 0.20833331 0.8333333
vt 0.24999997 0.8333333
vt 0.24999997 0.8333333
vt 0.75 0.8333333
vt 0.75 0.8333333
vt 0.7916666 0.8333334
vt 0.7916666 0.8333334
vt 0.58333325 0.75
vt 0.5416666 0.75
vt 0.5416666 0.8333333
vt 0.58333325 0.8333333
vt 0.37499997 0.9166666
vt 0.37499997 0.9166666
vt 0.33333328 0.9166666
vt 0.33333328 0.9166666
vt 0.5416666 0.75
vt 0.49999997 0.75
vt 0.49999994 0.8333333
vt 0.5416666 0.8333333
vt 0.49999997 0.75
vt 0.45833328 0.75
vt 0.45833325 0.8333333
vt 0.49999994 0.8333333
vt 0.7916666 0.91666675
vt 0.7916666 0.91666675
vt 0.75 0.91666675
vt 0.75 0.91666675
vt 0.5416666 0.8333333
vt 0.5416666 0.8333333
vt 0.58333325 0.8333333
vt 0.58333325 0.8333333
vt 0.45833328 0.75
vt 0.41666663 0.75
vt 0.4166666 0.8333333
vt 0.45833325 0.8333333
vt 0 0.8333334
vt 0 0.8333334
vt 0.041666657 0.8333333
vt 0.041666657 0.8333333
vt 0.41666663 0.75
vt 0.37499997 0.75
vt 0.37499994 0.8333333
vt 0.4166666 0.8333333
vt 0.37499997 0.75
vt 0.33333328 0.75
vt 0.33333328 0.8333333
vt 0.37499994 0.8333333
vt 0.70833325 0.91666675
vt 0.70833325 0.91666675
vt 0.6666666 0.9166666
vt 0.6666666 0.9166666
vt 0.12499997 0.8333333
vt 0.12499997 0.8333333
vt 0.16666663 0.8333333
vt 0.16666663 0.8333333
vt 0.33333328 0.75
vt 0.29166666 0.75000006
vt 0.29166663 0.8333333
vt 0.33333328 0.8333333
vt 0.33333328 0.8333333
vt 0.33333328 0.8333333
vt 0.37499994 0.8333333
vt 0.37499994 0.8333333
vt 0.29166666 0.75000006
vt 0.24999997 0.75000006
vt 0.24999997 0.8333333
vt 0.29166663 0.8333333
vt 0.24999997 0.75000006
vt 0.20833334 0.75000006
vt 0.20833331 0.8333333
vt 0.24999997 0.8333333
vt 0.7916666 0.8333334
vt 0.7916666 0.8333334
vt 0.83333325 0.8333334
vt 0.83333325 0.8333334
vt 0.4999999 0.9166666
vt 0.4999999 0.9166666
vt 0.45833325 0.9166666
vt 0.45833325 0.9166666
vt 0.20833334 0.75000006
vt 0.16666669 0.7500001
vt 0.16666663 0.8333333
vt 0.20833331 0.8333333
vt 0.16666672 0.9166666
vt 0.16666672 0.9166666
vt 0.12500006 0.9166666
vt 0.12500006 0.9166666
vt 0.16666669 0.7500001
vt 0.12500003 0.7500001
vt 0.12499997 0.8333333
vt 0.16666663 0.8333333
vt 0.6666666 0.8333333
vt 0.6666666 0.8333333
vt 0.70833325 0.8333333
vt 0.70833325 0.8333333
vt 0.12500003 0.7500001
vt 0.08333331 0.7500001
vt 0.08333331 0.8333333
vt 0.12499997 0.8333333
vt 0.8333334 0.91666675
vt 0.8333334 0.91666675
vt 0.7916666 0.91666675
vt 0.7916666 0.91666675
vt 0.08333331 0.7500001
vt 0.041666657 0.7500001
vt 0.041666657 0.8333333
vt 0.08333331 0.8333333
vt 0.041666657 0.7500001
vt 0 0.7500001
vt 0 0.8333334
vt 0.041666657 0.8333333
vt 0.45833325 0.8333333
vt 0.45833325 0.8333333
vt 0.49999994 0.8333333
vt 0.49999994 0.8333333
vt 0.9166666 0.8333334
vt 0.9166666 0.8333334
vt 0.9583334 0.8333334
vt 0.9583334 0.8333334
vt 1 0.7500001
vt 0.9583334 0.7500001
vt 0.9583334 0.8333334
vt 1 0.8333334
vt 0.6249999 0.9166666
vt 0.6249999 0.9166666
vt 0.58333325 0.9166666
vt 0.58333325 0.9166666
vt 0.9583334 0.7500001
vt 0.9166666 0.7500001
vt 0.9166666 0.8333334
vt 0.9583334 0.8333334
vt 0.9166666 0.7500001
vt 0.875 0.7500001
vt 0.875 0.8333334
vt 0.9166666 0.8333334
vt 0.24999997 0.8333333
vt 0.24999997 0.8333333
vt 0.29166663 0.8333333
vt 0.29166663 0.8333333
vt 0.9583334 0.9166666
vt 0.9583334 0.9166666
vt 0.91666675 0.91666675
vt 0.91666675 0.91666675
vt 0.875 0.7500001
vt 0.8333334 0.7500001
vt 0.83333325 0.8333334
vt 0.875 0.8333334
vt 0.58333325 0.8333333
vt 0.58333325 0.8333333
vt 0.6249999 0.8333333
vt 0.6249999 0.8333333
vt 0.8333334 0.7500001
vt 0.7916666 0.7500002
vt 0.7916666 0.8333334
vt 0.83333325 0.8333334
vt 0.7916666 0.7500002
vt 0.75 0.75
vt 0.75 0.8333333
vt 0.7916666 0.8333334
vt 0.29166666 0.9166666
vt 0.29166666 0.9166666
vt 0.25000003 0.9166666
vt 0.25000003 0.9166666
vt 0.9583334 0.5
vt 0.9583334 0.5
vt 0.9166667 0.5
vt 0.9166666 0.5
vt 0.5416666 0.5
vt 0.5416666 0.49999997
vt 0.49999994 0.5
vt 0.49999997 0.5
vt 0.9583334 0.5
vt 1 0.5
vt 1 0.5
vt 0.9583334 0.5
vt 0.9166666 0.5
vt 0.9166666 0.5
vt 0.87500006 0.5
vt 0.87500006 0.5
vt 0.8333334 0.5
vt 0.8333334 0.5
vt 0.7916667 0.5
vt 0.7916667 0.5
vt 0.75000006 0.5
vt 0.75000006 0.5
vt 0.7083333 0.5
vt 0.7083333 0.5
vt 0.66666657 0.49999994
vt 0.66666657 0.49999994
vt 0.625 0.49999997
vt 0.625 0.49999997
vt 0.58333325 0.5
vt 0.58333325 0.5
vt 0.5416666 0.5
vt 0.5416666 0.5
vt 0.49999994 0.5
vt 0.49999994 0.5
vt 0.45833328 0.49999997
vt 0.45833328 0.49999997
vt 0.4166666 0.49999997
vt 0.4166666 0.49999997
vt 0.375 0.5
vt 0.375 0.5
vt 0.33333325 0.5
vt 0.33333325 0.5
vt 0.29166666 0.5
vt 0.29166666 0.5
vt 0.24999997 0.5
vt 0.24999997 0.5
vt 0.20833331 0.5
vt 0.20833331 0.5
vt 0.16666663 0.5
vt 0.16666663 0.5
vt 0.12499995 0.4999999
vt 0.12499995 0.4999999
vt 0.08333332 0.5
vt 0.08333332 0.5
vt 0.041666657 0.5
vt 0.041666657 0.5
vt 0 0.5
vt 0 0.5
vt 0.9166666 0.5
vt 0.9166667 0.5
vt 0.875 0.5
vt 0.875 0.5
vt 1 0.5
vt 1 0.5
vt 0.9583334 0.5
vt 0.9583334 0.5
vt 0.29166666 0.5
vt 0.29166663 0.5
vt 0.24999999 0.5
vt 0.24999997 0.5
vt 0.37499997 0.5
vt 0.375 0.5
vt 0.33333328 0.5
vt 0.33333328 0.5
vt 1 0.5
vt 1 0.5
vt 0.9583334 0.5
vt 0.9583334 0.5
vt 0.9166667 0.5
vt 0.9166667 0.5
vt 0.875 0.5
vt 0.875 0.5
vt 0.8333334 0.5
vt 0.8333334 0.5
vt 0.7916666 0.5
vt 0.7916666 0.5
vt 0.75000006 0.5
vt 0.75000006 0.5
vt 0.70833325 0.49999997
vt 0.70833325 0.49999997
vt 0.6666666 0.49999997
vt 0.6666666 0.49999997
vt 0.625 0.49999997
vt 0.625 0.49999997
vt 0.58333325 0.5
vt 0.58333325 0.5
vt 0.5416666 0.49999997
vt 0.5416666 0.49999997
vt 0.49999994 0.5
vt 0.49999994 0.5
vt 0.45833325 0.49999994
vt 0.45833325 0.49999994
vt 0.41666666 0.5
vt 0.41666666 0.5
vt 0.375 0.5
vt 0.375 0.5
vt 0.33333328 0.5
vt 0.33333328 0.5
vt 0.29166663 0.5
vt 0.29166663 0.5
vt 0.24999999 0.5
vt 0.24999999 0.5
vt 0.20833331 0.5
vt 0.20833331 0.5
vt 0.16666663 0.5
vt 0.16666663 0.5
vt 0.12499995 0.49999985
vt 0.12499995 0.49999985
vt 0.08333331 0.5
vt 0.08333331 0.5
vt 0.041666657 0.5
vt 0.041666657 0.5
vt 0 0.5
vt 0 0.5
vt 0.33333328 0.5
vt 0.33333328 0.5
vt 0.29166663 0.5
vt 0.29166666 0.5
vt 0.08333331 0.5
vt 0.08333331 0.5
vt 0.041666657 0.5
vt 0.041666657 0.5
vt 0.58333325 0.5
vt 0.58333325 0.5
vt 0.5416666 0.49999997
vt 0.5416666 0.5
vt 0.8333334 0.5
vt 0.8333334 0.5
vt 0.7916666 0.5
vt 0.7916666 0.5
vt 0.6666666 0.5
vt 0.6666666 0.49999997
vt 0.625 0.49999997
vt 0.625 0.5
vt 0.041666657 0.5
vt 0.041666657 0.5
vt 0 0.5
vt 0 0.5
vt 0.12499997 0.5
vt 0.12499995 0.49999985
vt 0.08333331 0.5
vt 0.08333331 0.5
vt 0.625 0.5
vt 0.625 0.49999997
vt 0.58333325 0.5
vt 0.58333325 0.5
vt 0.70833325 0.5
vt 0.70833325 0.49999997
vt 0.6666666 0.49999997
vt 0.6666666 0.5
vt 0.24999997 0.5
vt 0.24999999 0.5
vt 0.20833331 0.5
vt 0.20833331 0.5
vt 0.20833331 0.5
vt 0.20833331 0.5
vt 0.16666663 0.5
vt 0.16666663 0.5
vt 0.875 0.5
vt 0.875 0.5
vt 0.8333334 0.5
vt 0.8333334 0.5
vt 0.41666663 0.5
vt 0.41666666 0.5
vt 0.375 0.5
vt 0.37499997 0.5
vt 0.7916666 0.5
vt 0.7916666 0.5
vt 0.75000006 0.5
vt 0.75 0.5
vt 0.49999997 0.5
vt 0.49999994 0.5
vt 0.45833325 0.49999994
vt 0.4583333 0.5
vt 0.16666663 0.5
vt 0.16666663 0.5
vt 0.12499995 0.49999985
vt 0.12499997 0.5
vt 0.4583333 0.5
vt 0.45833325 0.49999994
vt 0.41666666 0.5
vt 0.41666663 0.5
vt 0.75 0.5
vt 0.75000006 0.5
vt 0.70833325 0.49999997
vt 0.70833325 0.5
vt 0.9583334 0.5
vt 0.9583334 0.5
vt 0.9166666 0.5
vt 0.9166667 0.5
vt 0.5416666 0.49999997
vt 0.5416666 0.5
vt 0.49999994 0.5
vt 0.49999994 0.5
vt 0.9166667 0.5
vt 0.9166666 0.5
vt 0.87500006 0.5
vt 0.875 0.5
vt 1 0.5
vt 1 0.5
vt 0.9583334 0.5
vt 0.9583334 0.5
vt 0.29166663 0.5
vt 0.29166666 0.5
vt 0.24999997 0.5
vt 0.24999999 0.5
vt 0.375 0.5
vt 0.375 0.5
vt 0.33333325 0.5
vt 0.33333328 0.5
vt 0.33333328 0.5
vt 0.33333325 0.5
vt 0.29166666 0.5
vt 0.29166663 0.5
vt 0.08333331 0.5
vt 0.08333332 0.5
vt 0.041666657 0.5
vt 0.041666657 0.5
vt 0.58333325 0.5
vt 0.58333325 0.5
vt 0.5416666 0.5
vt 0.5416666 0.49999997
vt 0.8333334 0.5
vt 0.8333334 0.5
vt 0.7916667 0.5
vt 0.7916666 0.5
vt 0.6666666 0.49999997
vt 0.66666657 0.49999994
vt 0.625 0.49999997
vt 0.625 0.49999997
vt 0.041666657 0.5
vt 0.041666657 0.5
vt 0 0.5
vt 0 0.5
vt 0.12499995 0.49999985
vt 0.12499995 0.4999999
vt 0.08333332 0.5
vt 0.08333331 0.5
vt 0.625 0.49999997
vt 0.625 0.49999997
vt 0.58333325 0.5
vt 0.58333325 0.5
vt 0.70833325 0.49999997
vt 0.7083333 0.5
vt 0.66666657 0.49999994
vt 0.6666666 0.49999997
vt 0.24999999 0.5
vt 0.24999997 0.5
vt 0.20833331 0.5
vt 0.20833331 0.5
vt 0.20833331 0.5
vt 0.20833331 0.5
vt 0.16666663 0.5
vt 0.16666663 0.5
vt 0.875 0.5
vt 0.87500006 0.5
vt 0.8333334 0.5
vt 0.8333334 0.5
vt 0.41666666 0.5
vt 0.4166666 0.49999997
vt 0.375 0.5
vt 0.375 0.5
vt 0.7916666 0.5
vt 0.7916667 0.5
vt 0.75000006 0.5
vt 0.75000006 0.5
vt 0.49999994 0.5
vt 0.49999994 0.5
vt 0.45833328 0.49999997
vt 0.45833325 0.49999994
vt 0.16666663 0.5
vt 0.16666663 0.5
vt 0.12499995 0.4999999
vt 0.12499995 0.49999985
vt 0.45833325 0.49999994
vt 0.45833328 0.49999997
vt 0.4166666 0.49999997
vt 0.41666666 0.5
vt 0.75000006 0.5
vt 0.75000006 0.5
vt 0.7083333 0.5
vt 0.70833325 0.49999997
vt 0.58333325 0.8333333
vt 0.5416666 0.8333333
vt 0.5416666 0.9166666
vt 0.58333325 0.9166666
vt 0.70833325 0.8333333
vt 0.6666666 0.8333333
vt 0.6666666 0.9166666
vt 0.70833325 0.91666675
vt 0.75 0.8333333
vt 0.70833325 0.8333333
vt 0.70833325 0.91666675
vt 0.75 0.91666675
vt 0.6249999 0.8333333
vt 0.58333325 0.8333333
vt 0.58333325 0.9166666
vt 0.6249999 0.9166666
vt 0.5416666 0.8333333
vt 0.49999994 0.8333333
vt 0.4999999 0.9166666
vt 0.5416666 0.9166666
vt 0.6666666 0.8333333
vt 0.6249999 0.8333333
vt 0.6249999 0.9166666
vt 0.6666666 0.9166666
vt 0.49999994 0.8333333
vt 0.45833325 0.8333333
vt 0.45833325 0.9166666
vt 0.4999999 0.9166666
vt 0.45833325 0.8333333
vt 0.4166666 0.8333333
vt 0.4166666 0.9166666
vt 0.45833325 0.9166666
vt 0.4166666 0.8333333
vt 0.37499994 0.8333333
vt 0.37499997 0.9166666
vt 0.4166666 0.9166666
vt 0.37499994 0.8333333
vt 0.33333328 0.8333333
vt 0.33333328 0.9166666
vt 0.37499997 0.9166666
vt 0.33333328 0.8333333
vt 0.29166663 0.8333333
vt 0.29166666 0.9166666
vt 0.33333328 0.9166666
vt 0.29166663 0.8333333
vt 0.24999997 0.8333333
vt 0.25000003 0.9166666
vt 0.29166666 0.9166666
vt 0.24999997 0.8333333
vt 0.20833331 0.8333333
vt 0.20833334 0.9166666
vt 0.25000003 0.9166666
vt 0.20833331 0.8333333
vt 0.16666663 0.8333333
vt 0.16666672 0.9166666
vt 0.20833334 0.9166666
vt 0.16666663 0.8333333
vt 0.12499997 0.8333333
vt 0.12500006 0.9166666
vt 0.16666672 0.9166666
vt 0.12499997 0.8333333
vt 0.08333331 0.8333333
vt 0.0833334 0.9166666
vt 0.12500006 0.9166666
vt 0.08333331 0.8333333
vt 0.041666657 0.8333333
vt 0.041666746 0.9166666
vt 0.0833334 0.9166666
vt 0.041666657 0.8333333
vt 0 0.8333334
vt 5.9604645E-08 0.9166666
vt 0.041666746 0.9166666
vt 1 0.8333334
vt 0.9583334 0.8333334
vt 0.9583334 0.9166666
vt 1.0000001 0.9166666
vt 0.9583334 0.8333334
vt 0.9166666 0.8333334
vt 0.91666675 0.91666675
vt 0.9583334 0.9166666
vt 0.9166666 0.8333334
vt 0.875 0.8333334
vt 0.875 0.91666675
vt 0.91666675 0.91666675
vt 0.875 0.8333334
vt 0.83333325 0.8333334
vt 0.8333334 0.91666675
vt 0.875 0.91666675
vt 0.83333325 0.8333334
vt 0.7916666 0.8333334
vt 0.7916666 0.91666675
vt 0.8333334 0.91666675
vt 0.7916666 0.8333334
vt 0.75 0.8333333
vt 0.75 0.91666675
vt 0.7916666 0.91666675
vt 0.4166666 0.8333333
vt 0.4166666 0.8333333
vt 0.45833325 0.8333333
vt 0.45833325 0.8333333
vt 0.25000003 0.9166666
vt 0.25000003 0.9166666
vt 0.20833334 0.9166666
vt 0.20833334 0.9166666
vt 0.08333331 0.8333333
vt 0.08333331 0.8333333
vt 0.12499997 0.8333333
vt 0.12499997 0.8333333
vt 0.91666675 0.91666675
vt 0.91666675 0.91666675
vt 0.875 0.91666675
vt 0.875 0.91666675
vt 0.45833325 0.9166666
vt 0.45833325 0.9166666
vt 0.4166666 0.9166666
vt 0.4166666 0.9166666
vt 0.29166663 0.8333333
vt 0.29166663 0.8333333
vt 0.33333328 0.8333333
vt 0.33333328 0.8333333
vt 0.12500006 0.9166666
vt 0.12500006 0.9166666
vt 0.0833334 0.9166666
vt 0.0833334 0.9166666
vt 0.9583334 0.8333334
vt 0.9583334 0.8333334
vt 1 0.8333334
vt 1 0.8333334
vt 0.75 0.91666675
vt 0.75 0.91666675
vt 0.70833325 0.91666675
vt 0.70833325 0.91666675
vt 0.33333328 0.9166666
vt 0.33333328 0.9166666
vt 0.29166666 0.9166666
vt 0.29166666 0.9166666
vt 0.6666666 0.9166666
vt 0.6666666 0.9166666
vt 0.6249999 0.9166666
vt 0.6249999 0.9166666
vt 0.20833334 0.9166666
vt 0.20833334 0.9166666
vt 0.16666672 0.9166666
vt 0.16666672 0.9166666
vt 1.0000001 0.9166666
vt 1.0000001 0.9166666
vt 0.9583334 0.9166666
vt 0.9583334 0.9166666
vt 0.6249999 0.8333333
vt 0.6249999 0.8333333
vt 0.6666666 0.8333333
vt 0.6666666 0.8333333
vt 0.83333325 0.8333334
vt 0.83333325 0.8333334
vt 0.875 0.8333334
vt 0.875 0.8333334
vt 0.16666663 0.8333333
vt 0.16666663 0.8333333
vt 0.20833331 0.8333333
vt 0.20833331 0.8333333
vt 0.5416666 0.9166666
vt 0.5416666 0.9166666
vt 0.4999999 0.9166666
vt 0.4999999 0.9166666
vt 0.875 0.91666675
vt 0.875 0.91666675
vt 0.8333334 0.91666675
vt 0.8333334 0.91666675
vt 0.49999994 0.8333333
vt 0.49999994 0.8333333
vt 0.5416666 0.8333333
vt 0.5416666 0.8333333
vt 0.0833334 0.9166666
vt 0.0833334 0.9166666
vt 0.041666746 0.9166666
vt 0.041666746 0.9166666
vt 0.4166666 0.9166666
vt 0.4166666 0.9166666
vt 0.37499997 0.9166666
vt 0.37499997 0.9166666
vt 0.041666657 0.8333333
vt 0.041666657 0.8333333
vt 0.08333331 0.8333333
vt 0.08333331 0.8333333
vt 0.37499994 0.8333333
vt 0.37499994 0.8333333
vt 0.4166666 0.8333333
vt 0.4166666 0.8333333
vt 0.70833325 0.8333333
vt 0.70833325 0.8333333
vt 0.75 0.8333333
vt 0.75 0.8333333
vn 0.01748315 0.13279514 0.99098927
vn 0.01748315 0.13279514 0.99098927
vn 0.01748315 0.13279514 0.99098927
vn 0.05124561 0.12374611 0.9909898
vn 0.05124561 0.12374611 0.9909898
vn 0.05124561 0.12374611 0.9909898
vn 0.0815341 0.10626321 0.99098957
vn 0.0815341 0.10626321 0.99098957
vn 0.0815341 0.10626321 0.99098957
vn 0.1062674 0.08153623 0.9909889
vn 0.1062674 0.08153623 0.9909889
vn 0.1062674 0.08153623 0.9909889
vn 0.123745 0.05125701 0.9909894
vn 0.123745 0.05125701 0.9909894
vn 0.123745 0.05125701 0.9909894
vn 0.13279313 0.017484337 0.99098957
vn 0.13279313 0.017484337 0.99098957
vn 0.13279313 0.017484337 0.99098957
vn 0.13279562 -0.01748429 0.99098927
vn 0.13279562 -0.01748429 0.99098927
vn 0.13279562 -0.01748429 0.99098927
vn 0.12374478 -0.051256966 0.9909894
vn 0.12374478 -0.051256966 0.9909894
vn 0.12374478 -0.051256966 0.9909894
vn 0.106261075 -0.08153622 0.99098957
vn 0.106261075 -0.08153622 0.99098957
vn 0.106261075 -0.08153622 0.99098957
vn 0.08153452 -0.10626363 0.9909895
vn 0.08153452 -0.10626363 0.9909895
vn 0.08153452 -0.10626363 0.9909895
vn 0.051264822 -0.123745896 0.9909888
vn 0.051264822 -0.123745896 0.9909888
vn 0.051264822 -0.123745896 0.9909888
vn 0.017483147 -0.13279521 0.99098927
vn 0.017483147 -0.13279521 0.99098927
vn 0.017483147 -0.13279521 0.99098927
vn -0.017483132 -0.13279518 0.99098927
vn -0.017483132 -0.13279518 0.99098927
vn -0.017483132 -0.13279518 0.99098927
vn -0.05125844 -0.12374598 0.99098915
vn -0.05125844 -0.12374598 0.99098915
vn -0.05125844 -0.12374598 0.99098915
vn -0.08154084 -0.10626353 0.990989
vn -0.08154084 -0.10626353 0.990989
vn -0.08154084 -0.10626353 0.990989
vn -0.10626419 -0.08153616 0.99098927
vn -0.10626419 -0.08153616 0.99098927
vn -0.10626419 -0.08153616 0.99098927
vn -0.1237449 -0.051256865 0.9909894
vn -0.1237449 -0.051256865 0.9909894
vn -0.1237449 -0.051256865 0.9909894
vn -0.13279296 -0.017484384 0.99098957
vn -0.13279296 -0.017484384 0.99098957
vn -0.13279296 -0.017484384 0.99098957
vn -0.13279551 0.01748433 0.99098927
vn -0.13279551 0.01748433 0.99098927
vn -0.13279551 0.01748433 0.99098927
vn -0.12374202 0.05125716 0.9909897
vn -0.12374202 0.05125716 0.9909897
vn -0.12374202 0.05125716 0.9909897
vn -0.106267266 0.081535876 0.990989
vn -0.106267266 0.081535876 0.990989
vn -0.106267266 0.081535876 0.990989
vn -0.0815343 0.106263496 0.9909895
vn -0.0815343 0.106263496 0.9909895
vn -0.0815343 0.106263496 0.9909895
vn -0.051252026 0.12374593 0.9909895
vn -0.051252026 0.12374593 0.9909895
vn -0.051252026 0.12374593 0.9909895
vn -0.01747671 0.13279518 0.9909894
vn -0.01747671 0.13279518 0.9909894
vn -0.01747671 0.13279518 0.9909894
vn -0.13050462 -0.017181477 -0.99129885
vn -0.13050462 -0.017181477 -0.99129885
vn -0.13050462 -0.017181477 -0.99129885
vn -0.13050462 -0.017181477 -0.99129885
vn -0.1044321 -0.08013321 -0.9912984
vn -0.1044321 -0.08013321 -0.9912984
vn -0.1044321 -0.08013321 -0.9912984
vn -0.1044321 -0.08013321 -0.9912984
vn -0.050371595 -0.12161191 -0.99129874
vn -0.050371595 -0.12161191 -0.99129874
vn -0.050371595 -0.12161191 -0.99129874
vn -0.050371595 -0.12161191 -0.99129874
vn -0.017182026 -0.13050626 -0.9912986
vn -0.017182026 -0.13050626 -0.9912986
vn 0.050371055 -0.12161202 -0.99129874
vn 0.050371055 -0.12161202 -0.99129874
vn 0.050371055 -0.12161202 -0.99129874
vn 0.050371055 -0.12161202 -0.99129874
vn 0.1044334 -0.08013323 -0.9912983
vn 0.1044334 -0.08013323 -0.9912983
vn 0.1044334 -0.08013323 -0.9912983
vn 0.1044334 -0.08013323 -0.9912983
vn 0.121614896 -0.050374065 -0.9912983
vn 0.121614896 -0.050374065 -0.9912983
vn 0.13050449 0.01718146 -0.99129885
vn 0.13050449 0.01718146 -0.99129885
vn 0.121613726 0.050374985 -0.9912984
vn 0.121613726 0.050374985 -0.9912984
vn 0.10443105 0.08013322 -0.9912985
vn 0.10443105 0.08013322 -0.9912985
vn 0.10443105 0.08013322 -0.9912985
vn 0.10443105 0.08013322 -0.9912985
vn 0.050372805 0.12161251 -0.9912986
vn 0.050372805 0.12161251 -0.9912986
vn 0.050372805 0.12161251 -0.9912986
vn 0.050372805 0.12161251 -0.9912986
vn 0.017182471 0.13050629 -0.9912986
vn 0.017182471 0.13050629 -0.9912986
vn -0.05037282 0.12161255 -0.9912986
vn -0.05037282 0.12161255 -0.9912986
vn -0.080131486 0.104431085 -0.9912986
vn -0.080131486 0.104431085 -0.9912986
vn -0.080131486 0.104431085 -0.9912986
vn -0.080131486 0.104431085 -0.9912986
vn -0.10443108 0.08013332 -0.9912985
vn -0.10443108 0.08013332 -0.9912985
vn -0.13050464 0.017181477 -0.99129885
vn -0.13050464 0.017181477 -0.99129885
vn -0.13050464 0.017181477 -0.99129885
vn -0.13050464 0.017181477 -0.99129885
vn -0.91369724 0.3784616 0.14806804
vn -0.91369724 0.3784616 0.14806804
vn -0.91369724 0.3784616 0.14806804
vn -0.91369724 0.3784616 0.14806804
vn 0.98051697 0.12908234 0.14806817
vn 0.98051697 0.12908234 0.14806817
vn 0.98051697 0.12908234 0.14806817
vn 0.98051697 0.12908234 0.14806817
vn -0.7846047 0.6020558 0.1480682
vn -0.7846047 0.6020558 0.1480682
vn -0.7846047 0.6020558 0.1480682
vn -0.7846047 0.6020558 0.1480682
vn -0.98051697 0.12908244 0.14806776
vn -0.98051697 0.12908244 0.14806776
vn -0.98051697 0.12908244 0.14806776
vn -0.98051697 0.12908244 0.14806776
vn 0.12908657 -0.9805165 0.14806771
vn 0.12908657 -0.9805165 0.14806771
vn 0.12908657 -0.9805165 0.14806771
vn 0.12908657 -0.9805165 0.14806771
vn 0.6020499 -0.78460944 0.14806744
vn 0.6020499 -0.78460944 0.14806744
vn 0.6020499 -0.78460944 0.14806744
vn 0.6020499 -0.78460944 0.14806744
vn 0.37846607 -0.9136956 0.14806733
vn 0.37846607 -0.9136956 0.14806733
vn 0.37846607 -0.9136956 0.14806733
vn 0.37846607 -0.9136956 0.14806733
vn -0.91369724 -0.37846163 0.14806812
vn -0.91369724 -0.37846163 0.14806812
vn -0.91369724 -0.37846163 0.14806812
vn -0.91369724 -0.37846163 0.14806812
vn 0.91369724 0.37846154 0.14806826
vn 0.91369724 0.37846154 0.14806826
vn 0.91369724 0.37846154 0.14806826
vn 0.91369724 0.37846154 0.14806826
vn -0.3784652 0.91369575 0.14806782
vn -0.3784652 0.91369575 0.14806782
vn -0.3784652 0.91369575 0.14806782
vn -0.3784652 0.91369575 0.14806782
vn 0.60205036 0.7846091 0.14806734
vn 0.60205036 0.7846091 0.14806734
vn 0.60205036 0.7846091 0.14806734
vn 0.60205036 0.7846091 0.14806734
vn -0.98051697 -0.12908244 0.14806777
vn -0.98051697 -0.12908244 0.14806777
vn -0.98051697 -0.12908244 0.14806777
vn -0.98051697 -0.12908244 0.14806777
vn -0.7846055 -0.602055 0.14806761
vn -0.7846055 -0.602055 0.14806761
vn -0.7846055 -0.602055 0.14806761
vn -0.7846055 -0.602055 0.14806761
vn 0.78460497 0.60205555 0.14806785
vn 0.78460497 0.60205555 0.14806785
vn 0.78460497 0.60205555 0.14806785
vn 0.78460497 0.60205555 0.14806785
vn 0.378465 0.91369575 0.14806831
vn 0.378465 0.91369575 0.14806831
vn 0.378465 0.91369575 0.14806831
vn 0.378465 0.91369575 0.14806831
vn -0.12908742 -0.9805165 0.14806724
vn -0.12908742 -0.9805165 0.14806724
vn -0.12908742 -0.9805165 0.14806724
vn -0.12908742 -0.9805165 0.14806724
vn -0.37846607 -0.9136954 0.14806826
vn -0.37846607 -0.9136954 0.14806826
vn -0.37846607 -0.9136954 0.14806826
vn -0.37846607 -0.9136954 0.14806826
vn -0.60205036 0.784609 0.1480678
vn -0.60205036 0.784609 0.1480678
vn -0.60205036 0.784609 0.1480678
vn -0.60205036 0.784609 0.1480678
vn 0.78460497 -0.60205543 0.14806809
vn 0.78460497 -0.60205543 0.14806809
vn 0.78460497 -0.60205543 0.14806809
vn 0.78460497 -0.60205543 0.14806809
vn -0.12908754 0.9805164 0.1480677
vn -0.12908754 0.9805164 0.1480677
vn -0.12908754 0.9805164 0.1480677
vn -0.12908754 0.9805164 0.1480677
vn 0.98051697 -0.1290821 0.14806817
vn 0.98051697 -0.1290821 0.14806817
vn 0.98051697 -0.1290821 0.14806817
vn 0.98051697 -0.1290821 0.14806817
vn -0.60204905 -0.78461003 0.1480675
vn -0.60204905 -0.78461003 0.1480675
vn -0.60204905 -0.78461003 0.1480675
vn -0.60204905 -0.78461003 0.1480675
vn 0.91369724 -0.3784616 0.14806823
vn 0.91369724 -0.3784616 0.14806823
vn 0.91369724 -0.3784616 0.14806823
vn 0.91369724 -0.3784616 0.14806823
vn 0.12908615 0.9805165 0.14806819
vn 0.12908615 0.9805165 0.14806819
vn 0.12908615 0.9805165 0.14806819
vn 0.12908615 0.9805165 0.14806819
vn 0.13016678 0.9887243 0.07403215
vn 0.13016678 0.9887243 0.07403215
vn 0.13016678 0.9887243 0.07403215
vn 0.13016678 0.9887243 0.07403215
vn 0.9213458 -0.3816296 0.074032724
vn 0.9213458 -0.3816296 0.074032724
vn 0.9213458 -0.3816296 0.074032724
vn 0.9213458 -0.3816296 0.074032724
vn -0.6070889 -0.7911778 0.07403232
vn -0.6070889 -0.7911778 0.07403232
vn -0.6070889 -0.7911778 0.07403232
vn -0.6070889 -0.7911778 0.07403232
vn 0.98872477 -0.1301631 0.07403266
vn 0.98872477 -0.1301631 0.07403266
vn 0.98872477 -0.1301631 0.07403266
vn 0.98872477 -0.1301631 0.07403266
vn -0.130168 0.9887242 0.07403238
vn -0.130168 0.9887242 0.07403238
vn -0.130168 0.9887242 0.07403238
vn -0.130168 0.9887242 0.07403238
vn 0.79117286 -0.60709524 0.07403248
vn 0.79117286 -0.60709524 0.07403248
vn 0.79117286 -0.60709524 0.07403248
vn 0.79117286 -0.60709524 0.07403248
vn -0.6070902 0.79117674 0.07403246
vn -0.6070902 0.79117674 0.07403246
vn -0.6070902 0.79117674 0.07403246
vn -0.6070902 0.79117674 0.07403246
vn -0.38163427 -0.9213439 0.074032456
vn -0.38163427 -0.9213439 0.074032456
vn -0.38163427 -0.9213439 0.074032456
vn -0.38163427 -0.9213439 0.074032456
vn -0.130168 -0.9887242 0.07403241
vn -0.130168 -0.9887242 0.07403241
vn -0.130168 -0.9887242 0.07403241
vn -0.130168 -0.9887242 0.07403241
vn 0.38163307 0.92134434 0.07403235
vn 0.38163307 0.92134434 0.07403235
vn 0.38163307 0.92134434 0.07403235
vn 0.38163307 0.92134434 0.07403235
vn 0.79117286 0.60709524 0.07403248
vn 0.79117286 0.60709524 0.07403248
vn 0.79117286 0.60709524 0.07403248
vn 0.79117286 0.60709524 0.07403248
vn -0.7911733 -0.60709476 0.07403247
vn -0.7911733 -0.60709476 0.07403247
vn -0.7911733 -0.60709476 0.07403247
vn -0.7911733 -0.60709476 0.07403247
vn -0.98872477 -0.13016345 0.07403232
vn -0.98872477 -0.13016345 0.07403232
vn -0.98872477 -0.13016345 0.07403232
vn -0.98872477 -0.13016345 0.07403232
vn 0.60709 0.791177 0.07403257
vn 0.60709 0.791177 0.07403257
vn 0.60709 0.791177 0.07403257
vn 0.60709 0.791177 0.07403257
vn -0.3816334 0.9213442 0.074032456
vn -0.3816334 0.9213442 0.074032456
vn -0.3816334 0.9213442 0.074032456
vn -0.3816334 0.9213442 0.074032456
vn 0.9213458 0.3816296 0.074032694
vn 0.9213458 0.3816296 0.074032694
vn 0.9213458 0.3816296 0.074032694
vn 0.9213458 0.3816296 0.074032694
vn -0.92134565 -0.38162988 0.074032485
vn -0.92134565 -0.38162988 0.074032485
vn -0.92134565 -0.38162988 0.074032485
vn -0.92134565 -0.38162988 0.074032485
vn 0.38163388 -0.92134404 0.074032545
vn 0.38163388 -0.92134404 0.074032545
vn 0.38163388 -0.92134404 0.074032545
vn 0.38163388 -0.92134404 0.074032545
vn 0.6070895 -0.79117733 0.07403238
vn 0.6070895 -0.79117733 0.07403238
vn 0.6070895 -0.79117733 0.07403238
vn 0.6070895 -0.79117733 0.07403238
vn 0.13016734 -0.9887243 0.07403241
vn 0.13016734 -0.9887243 0.07403241
vn 0.13016734 -0.9887243 0.07403241
vn 0.13016734 -0.9887243 0.07403241
vn -0.98872477 0.1301635 0.074032314
vn -0.98872477 0.1301635 0.074032314
vn -0.98872477 0.1301635 0.074032314
vn -0.98872477 0.1301635 0.074032314
vn -0.7911725 0.6070957 0.07403236
vn -0.7911725 0.6070957 0.07403236
vn -0.7911725 0.6070957 0.07403236
vn -0.7911725 0.6070957 0.07403236
vn 0.98872477 0.13016313 0.07403266
vn 0.98872477 0.13016313 0.07403266
vn 0.98872477 0.13016313 0.07403266
vn 0.98872477 0.13016313 0.07403266
vn -0.9213458 0.3816297 0.0740324
vn -0.9213458 0.3816297 0.0740324
vn -0.9213458 0.3816297 0.0740324
vn -0.9213458 0.3816297 0.0740324
vn 0.13015544 0.98863643 0.075216345
vn 0.13015544 0.98863643 0.075216345
vn 0.13015544 0.98863643 0.075216345
vn 0.13015544 0.98863643 0.075216345
vn 0.9212639 -0.3815956 0.0752164
vn 0.9212639 -0.3815956 0.0752164
vn 0.9212639 -0.3815956 0.0752164
vn 0.9212639 -0.3815956 0.0752164
vn -0.6070353 -0.7911073 0.07521632
vn -0.6070353 -0.7911073 0.07521632
vn -0.6070353 -0.7911073 0.07521632
vn -0.6070353 -0.7911073 0.07521632
vn 0.9886369 -0.130152 0.07521641
vn 0.9886369 -0.130152 0.07521641
vn 0.9886369 -0.130152 0.07521641
vn 0.9886369 -0.130152 0.07521641
vn -0.13015662 0.9886363 0.075216666
vn -0.13015662 0.9886363 0.075216666
vn -0.13015662 0.9886363 0.075216666
vn -0.13015662 0.9886363 0.075216666
vn 0.7911026 -0.60704136 0.075216524
vn 0.7911026 -0.60704136 0.075216524
vn 0.7911026 -0.60704136 0.075216524
vn 0.7911026 -0.60704136 0.075216524
vn -0.60703605 0.7911067 0.07521608
vn -0.60703605 0.7911067 0.07521608
vn -0.60703605 0.7911067 0.07521608
vn -0.60703605 0.7911067 0.07521608
vn -0.3816001 -0.9212621 0.07521635
vn -0.3816001 -0.9212621 0.07521635
vn -0.3816001 -0.9212621 0.07521635
vn -0.3816001 -0.9212621 0.07521635
vn -0.13015667 -0.9886363 0.075216055
vn -0.13015667 -0.9886363 0.075216055
vn -0.13015667 -0.9886363 0.075216055
vn -0.13015667 -0.9886363 0.075216055
vn 0.38159883 0.9212627 0.075215995
vn 0.38159883 0.9212627 0.075215995
vn 0.38159883 0.9212627 0.075215995
vn 0.38159883 0.9212627 0.075215995
vn 0.7911029 0.607041 0.07521649
vn 0.7911029 0.607041 0.07521649
vn 0.7911029 0.607041 0.07521649
vn 0.7911029 0.607041 0.07521649
vn -0.791103 -0.6070409 0.07521646
vn -0.791103 -0.6070409 0.07521646
vn -0.791103 -0.6070409 0.07521646
vn -0.791103 -0.6070409 0.07521646
vn -0.9886369 -0.13015229 0.07521619
vn -0.9886369 -0.13015229 0.07521619
vn -0.9886369 -0.13015229 0.07521619
vn -0.9886369 -0.13015229 0.07521619
vn 0.60703605 0.7911067 0.075216375
vn 0.60703605 0.7911067 0.075216375
vn 0.60703605 0.7911067 0.075216375
vn 0.60703605 0.7911067 0.075216375
vn -0.38159975 0.92126215 0.075216636
vn -0.38159975 0.92126215 0.075216636
vn -0.38159975 0.92126215 0.075216636
vn -0.38159975 0.92126215 0.075216636
vn 0.9212639 0.3815957 0.07521647
vn 0.9212639 0.3815957 0.07521647
vn 0.9212639 0.3815957 0.07521647
vn 0.9212639 0.3815957 0.07521647
vn -0.9212639 -0.38159588 0.07521626
vn -0.9212639 -0.38159588 0.07521626
vn -0.9212639 -0.38159588 0.07521626
vn -0.9212639 -0.38159588 0.07521626
vn 0.38160026 -0.9212621 0.07521628
vn 0.38160026 -0.9212621 0.07521628
vn 0.38160026 -0.9212621 0.07521628
vn 0.38160026 -0.9212621 0.07521628
vn 0.60703546 -0.79110706 0.07521661
vn 0.60703546 -0.79110706 0.07521661
vn 0.60703546 -0.79110706 0.07521661
vn 0.60703546 -0.79110706 0.07521661
vn 0.13015595 -0.98863643 0.07521604
vn 0.13015595 -0.98863643 0.07521604
vn 0.13015595 -0.98863643 0.07521604
vn 0.13015595 -0.98863643 0.07521604
vn -0.9886369 0.13015215 0.07521636
vn -0.9886369 0.13015215 0.07521636
vn -0.9886369 0.13015215 0.07521636
vn -0.9886369 0.13015215 0.07521636
vn -0.79110277 0.6070411 0.07521626
vn -0.79110277 0.6070411 0.07521626
vn -0.79110277 0.6070411 0.07521626
vn -0.79110277 0.6070411 0.07521626
vn 0.9886369 0.13015199 0.07521659
vn 0.9886369 0.13015199 0.07521659
vn 0.9886369 0.13015199 0.07521659
vn 0.9886369 0.13015199 0.07521659
vn -0.9212637 0.3815963 0.07521641
vn -0.9212637 0.3815963 0.07521641
vn -0.9212637 0.3815963 0.07521641
vn -0.9212637 0.3815963 0.07521641
vn 0.1003989 0.041587386 0.9940777
vn 0.10774207 0.014183332 0.9940777
vn 0.10774207 0.014183332 0.9940777
vn 0.1003989 0.041587386 0.9940777
vn 0.08621574 0.066156074 0.99407756
vn 0.08621574 0.066156074 0.99407756
vn 0.08621574 0.066156074 0.99407756
vn 0.08621574 0.066156074 0.99407756
vn 0.06615618 0.0862152 0.99407756
vn 0.06615618 0.0862152 0.99407756
vn 0.041587446 0.10039934 0.9940777
vn 0.041587446 0.10039934 0.9940777
vn -0.0141853 0.10774205 0.9940777
vn -0.0141853 0.10774205 0.9940777
vn -0.041587655 0.10040036 0.99407756
vn -0.041587655 0.10040036 0.99407756
vn -0.06615575 0.08621587 0.99407756
vn -0.06615575 0.08621587 0.99407756
vn -0.08621497 0.06615615 0.9940777
vn -0.08621497 0.06615615 0.9940777
vn -0.08621497 0.06615615 0.9940777
vn -0.08621497 0.06615615 0.9940777
vn -0.10774372 0.014184104 0.99407744
vn -0.10774372 0.014184104 0.99407744
vn -0.10774372 0.014184104 0.99407744
vn -0.10774372 0.014184104 0.99407744
vn -0.10774204 -0.014184111 0.9940777
vn -0.10774204 -0.014184111 0.9940777
vn -0.08621497 -0.06615615 0.9940777
vn -0.08621497 -0.06615615 0.9940777
vn -0.08621497 -0.06615615 0.9940777
vn -0.08621497 -0.06615615 0.9940777
vn -0.04158744 -0.10040036 0.99407756
vn -0.04158744 -0.10040036 0.99407756
vn -0.04158744 -0.10040036 0.99407756
vn -0.04158744 -0.10040036 0.99407756
vn 0.014184446 -0.10774291 0.99407756
vn 0.014184446 -0.10774291 0.99407756
vn 0.014184446 -0.10774291 0.99407756
vn 0.014184446 -0.10774291 0.99407756
vn 0.06615482 -0.08621601 0.99407756
vn 0.06615482 -0.08621601 0.99407756
vn 0.06615482 -0.08621601 0.99407756
vn 0.06615482 -0.08621601 0.99407756
vn 0.10040063 -0.04158682 0.99407756
vn 0.10040063 -0.04158682 0.99407756
vn 0.10040063 -0.04158682 0.99407756
vn 0.10040063 -0.04158682 0.99407756
vn 0.107741244 -0.014184364 0.9940778
vn 0.107741244 -0.014184364 0.9940778
vn -0.10774079 -0.014183649 -0.9940778
vn -0.10774079 -0.014183649 -0.9940778
vn -0.100399725 -0.041586805 -0.9940777
vn -0.100399725 -0.041586805 -0.9940777
vn -0.0862147 -0.06615569 -0.9940777
vn -0.0862147 -0.06615569 -0.9940777
vn -0.0862147 -0.06615569 -0.9940777
vn -0.0862147 -0.06615569 -0.9940777
vn -0.06615538 -0.08621518 -0.9940777
vn -0.06615538 -0.08621518 -0.9940777
vn -0.01418449 -0.10774151 -0.9940777
vn -0.01418449 -0.10774151 -0.9940777
vn -0.01418449 -0.10774151 -0.9940777
vn -0.01418449 -0.10774151 -0.9940777
vn 0.041586522 -0.100399874 -0.9940777
vn 0.041586522 -0.100399874 -0.9940777
vn 0.041586522 -0.100399874 -0.9940777
vn 0.041586522 -0.100399874 -0.9940777
vn 0.06615581 -0.086215146 -0.9940777
vn 0.06615581 -0.086215146 -0.9940777
vn 0.08621481 -0.06615575 -0.9940777
vn 0.08621481 -0.06615575 -0.9940777
vn 0.10774198 -0.014184023 -0.9940777
vn 0.10774198 -0.014184023 -0.9940777
vn 0.10774198 -0.014184023 -0.9940777
vn 0.10774198 -0.014184023 -0.9940777
vn 0.10774196 0.014184274 -0.9940777
vn 0.10774196 0.014184274 -0.9940777
vn 0.08621477 0.06615548 -0.9940777
vn 0.08621477 0.06615548 -0.9940777
vn 0.08621477 0.06615548 -0.9940777
vn 0.08621477 0.06615548 -0.9940777
vn 0.041586943 0.100399755 -0.9940777
vn 0.041586943 0.100399755 -0.9940777
vn 0.041586943 0.100399755 -0.9940777
vn 0.041586943 0.100399755 -0.9940777
vn -0.014184595 0.107742205 -0.9940777
vn -0.014184595 0.107742205 -0.9940777
vn -0.014184595 0.107742205 -0.9940777
vn -0.014184595 0.107742205 -0.9940777
vn -0.06615491 0.08621528 -0.9940777
vn -0.06615491 0.08621528 -0.9940777
vn -0.06615491 0.08621528 -0.9940777
vn -0.06615491 0.08621528 -0.9940777
vn -0.100400135 0.041586325 -0.9940777
vn -0.100400135 0.041586325 -0.9940777
vn -0.100400135 0.041586325 -0.9940777
vn -0.100400135 0.041586325 -0.9940777
vn -0.10774205 0.0141841 -0.9940777
vn -0.10774205 0.0141841 -0.9940777
vn -0.10774169 0.014183989 -0.9940777
vn -0.10774169 0.014183989 -0.9940777
vn -0.10774169 0.014183989 -0.9940777
vn -0.10774169 0.014183989 -0.9940777
vn -0.086214565 0.06615548 -0.9940777
vn -0.086214565 0.06615548 -0.9940777
vn -0.086214565 0.06615548 -0.9940777
vn -0.086214565 0.06615548 -0.9940777
vn -0.066154756 0.086214975 -0.9940777
vn -0.066154756 0.086214975 -0.9940777
vn -0.014184352 0.107741825 -0.9940777
vn -0.014184352 0.107741825 -0.9940777
vn -0.014184352 0.107741825 -0.9940777
vn -0.014184352 0.107741825 -0.9940777
vn 0.04158675 0.100399405 -0.9940777
vn 0.04158675 0.100399405 -0.9940777
vn 0.04158675 0.100399405 -0.9940777
vn 0.04158675 0.100399405 -0.9940777
vn 0.08621515 0.06615562 -0.9940777
vn 0.08621515 0.06615562 -0.9940777
vn 0.10040004 0.0415866 -0.9940777
vn 0.10040004 0.0415866 -0.9940777
vn 0.10040004 0.0415866 -0.9940777
vn 0.10040004 0.0415866 -0.9940777
vn 0.10774224 -0.014184016 -0.9940777
vn 0.10774224 -0.014184016 -0.9940777
vn 0.10774224 -0.014184016 -0.9940777
vn 0.10774224 -0.014184016 -0.9940777
vn 0.08621496 -0.06615579 -0.9940777
vn 0.08621496 -0.06615579 -0.9940777
vn 0.08621496 -0.06615579 -0.9940777
vn 0.08621496 -0.06615579 -0.9940777
vn 0.066155255 -0.086215116 -0.9940777
vn 0.066155255 -0.086215116 -0.9940777
vn 0.0141845 -0.107742034 -0.9940777
vn 0.0141845 -0.107742034 -0.9940777
vn 0.0141845 -0.107742034 -0.9940777
vn 0.0141845 -0.107742034 -0.9940777
vn -0.041586827 -0.100399256 -0.9940777
vn -0.041586827 -0.100399256 -0.9940777
vn -0.041586827 -0.100399256 -0.9940777
vn -0.041586827 -0.100399256 -0.9940777
vn -0.06615489 -0.08621489 -0.9940777
vn -0.06615489 -0.08621489 -0.9940777
vn -0.100399576 -0.041586585 -0.9940777
vn -0.100399576 -0.041586585 -0.9940777
vn -0.100399576 -0.041586585 -0.9940777
vn -0.100399576 -0.041586585 -0.9940777
vn -0.10774169 -0.014183818 -0.9940777
vn -0.10774169 -0.014183818 -0.9940777
vn 0.107741594 0.014183689 0.9940777
vn 0.107741594 0.014183689 0.9940777
vn 0.107741594 0.014183689 0.9940777
vn 0.107741594 0.014183689 0.9940777
vn 0.08621493 0.066155374 0.9940777
vn 0.08621493 0.066155374 0.9940777
vn 0.08621493 0.066155374 0.9940777
vn 0.08621493 0.066155374 0.9940777
vn 0.06615497 0.08621488 0.9940777
vn 0.06615497 0.08621488 0.9940777
vn 0.014184496 0.10774171 0.9940777
vn 0.014184496 0.10774171 0.9940777
vn 0.014184496 0.10774171 0.9940777
vn 0.014184496 0.10774171 0.9940777
vn -0.01418471 0.107741885 0.9940777
vn -0.01418471 0.107741885 0.9940777
vn -0.06615527 0.08621514 0.9940777
vn -0.06615527 0.08621514 0.9940777
vn -0.08621463 0.066155925 0.9940777
vn -0.08621463 0.066155925 0.9940777
vn -0.100400396 0.04158668 0.99407756
vn -0.100400396 0.04158668 0.99407756
vn -0.100400396 0.04158668 0.99407756
vn -0.100400396 0.04158668 0.99407756
vn -0.1077428 -0.014184075 0.99407756
vn -0.1077428 -0.014184075 0.99407756
vn -0.10040007 -0.041586675 0.9940777
vn -0.10040007 -0.041586675 0.9940777
vn -0.08621524 -0.06615579 0.99407756
vn -0.08621524 -0.06615579 0.99407756
vn -0.08621524 -0.06615579 0.99407756
vn -0.08621524 -0.06615579 0.99407756
vn -0.066155024 -0.08621533 0.9940777
vn -0.066155024 -0.08621533 0.9940777
vn -0.014184781 -0.107741795 0.9940777
vn -0.014184781 -0.107741795 0.9940777
vn -0.014184781 -0.107741795 0.9940777
vn -0.014184781 -0.107741795 0.9940777
vn 0.04158678 -0.10039916 0.9940777
vn 0.04158678 -0.10039916 0.9940777
vn 0.04158678 -0.10039916 0.9940777
vn 0.04158678 -0.10039916 0.9940777
vn 0.08621436 -0.06615544 0.9940777
vn 0.08621436 -0.06615544 0.9940777
vn 0.1003994 -0.041586082 0.9940777
vn 0.1003994 -0.041586082 0.9940777
vn 0.1003994 -0.041586082 0.9940777
vn 0.1003994 -0.041586082 0.9940777
vn 0.107741594 -0.014183982 0.9940777
vn 0.107741594 -0.014183982 0.9940777
vn -0.91416156 0.37865338 0.14467284
vn -0.91416156 0.37865338 0.14467284
vn -0.91416156 0.37865338 0.14467284
vn -0.91416156 0.37865338 0.14467284
vn 0.98101497 0.12914845 0.14467306
vn 0.98101497 0.12914845 0.14467306
vn 0.98101497 0.12914845 0.14467306
vn 0.98101497 0.12914845 0.14467306
vn -0.785003 0.6023621 0.1446729
vn -0.785003 0.6023621 0.1446729
vn -0.785003 0.6023621 0.1446729
vn -0.785003 0.6023621 0.1446729
vn -0.9810151 0.12914823 0.14467284
vn -0.9810151 0.12914823 0.14467284
vn -0.9810151 0.12914823 0.14467284
vn -0.9810151 0.12914823 0.14467284
vn 0.12915216 -0.9810145 0.14467247
vn 0.12915216 -0.9810145 0.14467247
vn 0.12915216 -0.9810145 0.14467247
vn 0.12915216 -0.9810145 0.14467247
vn 0.60235566 -0.7850079 0.1446731
vn 0.60235566 -0.7850079 0.1446731
vn 0.60235566 -0.7850079 0.1446731
vn 0.60235566 -0.7850079 0.1446731
vn 0.37865832 -0.9141595 0.144673
vn 0.37865832 -0.9141595 0.144673
vn 0.37865832 -0.9141595 0.144673
vn 0.37865832 -0.9141595 0.144673
vn -0.91416156 -0.3786534 0.14467281
vn -0.91416156 -0.3786534 0.14467281
vn -0.91416156 -0.3786534 0.14467281
vn -0.91416156 -0.3786534 0.14467281
vn 0.91416144 0.3786535 0.1446731
vn 0.91416144 0.3786535 0.1446731
vn 0.91416144 0.3786535 0.1446731
vn 0.91416144 0.3786535 0.1446731
vn -0.37865755 0.91415995 0.14467223
vn -0.37865755 0.91415995 0.14467223
vn -0.37865755 0.91415995 0.14467223
vn -0.37865755 0.91415995 0.14467223
vn 0.60235614 0.7850075 0.14467315
vn 0.60235614 0.7850075 0.14467315
vn 0.60235614 0.7850075 0.14467315
vn 0.60235614 0.7850075 0.14467315
vn -0.9810151 -0.1291482 0.1446728
vn -0.9810151 -0.1291482 0.1446728
vn -0.9810151 -0.1291482 0.1446728
vn -0.9810151 -0.1291482 0.1446728
vn -0.7850038 -0.6023609 0.14467305
vn -0.7850038 -0.6023609 0.14467305
vn -0.7850038 -0.6023609 0.14467305
vn -0.7850038 -0.6023609 0.14467305
vn 0.78500354 0.6023613 0.14467305
vn 0.78500354 0.6023613 0.14467305
vn 0.78500354 0.6023613 0.14467305
vn 0.78500354 0.6023613 0.14467305
vn 0.37865704 0.9141599 0.1446735
vn 0.37865704 0.9141599 0.1446735
vn 0.37865704 0.9141599 0.1446735
vn 0.37865704 0.9141599 0.1446735
vn -0.129153 -0.9810144 0.14467242
vn -0.129153 -0.9810144 0.14467242
vn -0.129153 -0.9810144 0.14467242
vn -0.129153 -0.9810144 0.14467242
vn -0.37865824 -0.9141596 0.14467302
vn -0.37865824 -0.9141596 0.14467302
vn -0.37865824 -0.9141596 0.14467302
vn -0.37865824 -0.9141596 0.14467302
vn -0.6023563 0.7850074 0.14467293
vn -0.6023563 0.7850074 0.14467293
vn -0.6023563 0.7850074 0.14467293
vn -0.6023563 0.7850074 0.14467293
vn 0.78500354 -0.6023614 0.14467305
vn 0.78500354 -0.6023614 0.14467305
vn 0.78500354 -0.6023614 0.14467305
vn 0.78500354 -0.6023614 0.14467305
vn -0.12915318 0.9810144 0.14467241
vn -0.12915318 0.9810144 0.14467241
vn -0.12915318 0.9810144 0.14467241
vn -0.12915318 0.9810144 0.14467241
vn 0.98101497 -0.12914847 0.14467312
vn 0.98101497 -0.12914847 0.14467312
vn 0.98101497 -0.12914847 0.14467312
vn 0.98101497 -0.12914847 0.14467312
vn -0.6023553 -0.7850082 0.1446727
vn -0.6023553 -0.7850082 0.1446727
vn -0.6023553 -0.7850082 0.1446727
vn -0.6023553 -0.7850082 0.1446727
vn 0.91416144 -0.3786535 0.1446731
vn 0.91416144 -0.3786535 0.1446731
vn 0.91416144 -0.3786535 0.1446731
vn 0.91416144 -0.3786535 0.1446731
vn 0.1291517 0.9810145 0.14467289
vn 0.1291517 0.9810145 0.14467289
vn 0.1291517 0.9810145 0.14467289
vn 0.1291517 0.9810145 0.14467289
vn 0.13010524 0.98825884 0.080106355
vn 0.13010524 0.98825884 0.080106355
vn 0.13010524 0.98825884 0.080106355
vn 0.13010524 0.98825884 0.080106355
vn 0.92091185 -0.38145027 0.08010648
vn 0.92091185 -0.38145027 0.08010648
vn 0.92091185 -0.38145027 0.08010648
vn 0.92091185 -0.38145027 0.08010648
vn -0.606803 -0.7908053 0.08010649
vn -0.606803 -0.7908053 0.08010649
vn -0.606803 -0.7908053 0.08010649
vn -0.606803 -0.7908053 0.08010649
vn 0.9882592 -0.13010202 0.08010645
vn 0.9882592 -0.13010202 0.08010645
vn 0.9882592 -0.13010202 0.08010645
vn 0.9882592 -0.13010202 0.08010645
vn -0.13010667 0.9882587 0.08010608
vn -0.13010667 0.9882587 0.08010608
vn -0.13010667 0.9882587 0.08010608
vn -0.13010667 0.9882587 0.08010608
vn 0.7908007 -0.60680914 0.08010642
vn 0.7908007 -0.60680914 0.08010642
vn 0.7908007 -0.60680914 0.08010642
vn 0.7908007 -0.60680914 0.08010642
vn -0.606804 0.7908046 0.08010611
vn -0.606804 0.7908046 0.08010611
vn -0.606804 0.7908046 0.08010611
vn -0.606804 0.7908046 0.08010611
vn -0.38145456 -0.92091 0.08010636
vn -0.38145456 -0.92091 0.08010636
vn -0.38145456 -0.92091 0.08010636
vn -0.38145456 -0.92091 0.08010636
vn -0.1301064 -0.9882587 0.08010635
vn -0.1301064 -0.9882587 0.08010635
vn -0.1301064 -0.9882587 0.08010635
vn -0.1301064 -0.9882587 0.08010635
vn 0.3814533 0.9209106 0.08010634
vn 0.3814533 0.9209106 0.08010634
vn 0.3814533 0.9209106 0.08010634
vn 0.3814533 0.9209106 0.08010634
vn 0.79080075 0.6068089 0.08010642
vn 0.79080075 0.6068089 0.08010642
vn 0.79080075 0.6068089 0.08010642
vn 0.79080075 0.6068089 0.08010642
vn -0.790801 -0.6068087 0.08010633
vn -0.790801 -0.6068087 0.08010633
vn -0.790801 -0.6068087 0.08010633
vn -0.790801 -0.6068087 0.08010633
vn -0.9882592 -0.13010234 0.080106206
vn -0.9882592 -0.13010234 0.080106206
vn -0.9882592 -0.13010234 0.080106206
vn -0.9882592 -0.13010234 0.080106206
vn 0.60680425 0.7908045 0.08010638
vn 0.60680425 0.7908045 0.08010638
vn 0.60680425 0.7908045 0.08010638
vn 0.60680425 0.7908045 0.08010638
vn -0.38145372 0.9209104 0.08010638
vn -0.38145372 0.9209104 0.08010638
vn -0.38145372 0.9209104 0.08010638
vn -0.38145372 0.9209104 0.08010638
vn 0.92091185 0.38145024 0.08010656
vn 0.92091185 0.38145024 0.08010656
vn 0.92091185 0.38145024 0.08010656
vn 0.92091185 0.38145024 0.08010656
vn -0.920912 -0.38145 0.08010621
vn -0.920912 -0.38145 0.08010621
vn -0.920912 -0.38145 0.08010621
vn -0.920912 -0.38145 0.08010621
vn 0.3814544 -0.92091024 0.08010606
vn 0.3814544 -0.92091024 0.08010606
vn 0.3814544 -0.92091024 0.08010606
vn 0.3814544 -0.92091024 0.08010606
vn 0.6068038 -0.7908048 0.08010647
vn 0.6068038 -0.7908048 0.08010647
vn 0.6068038 -0.7908048 0.08010647
vn 0.6068038 -0.7908048 0.08010647
vn 0.13010561 -0.98825884 0.080106355
vn 0.13010561 -0.98825884 0.080106355
vn 0.13010561 -0.98825884 0.080106355
vn 0.13010561 -0.98825884 0.080106355
vn -0.9882593 0.13010216 0.080106206
vn -0.9882593 0.13010216 0.080106206
vn -0.9882593 0.13010216 0.080106206
vn -0.9882593 0.13010216 0.080106206
vn -0.7908007 0.60680914 0.08010594
vn -0.7908007 0.60680914 0.08010594
vn -0.7908007 0.60680914 0.08010594
vn -0.7908007 0.60680914 0.08010594
vn 0.9882592 0.13010208 0.08010645
vn 0.9882592 0.13010208 0.08010645
vn 0.9882592 0.13010208 0.08010645
vn 0.9882592 0.13010208 0.08010645
vn -0.92091185 0.38145044 0.08010608
vn -0.92091185 0.38145044 0.08010608
vn -0.92091185 0.38145044 0.08010608
vn -0.92091185 0.38145044 0.08010608
vn 0.10397793 0.7897911 0.60449874
vn 0.10397793 0.7897911 0.60449874
vn 0.10397793 0.7897911 0.60449874
vn 0.10397793 0.7897911 0.60449874
vn 0.12077951 0.9174064 0.3791805
vn 0.12077951 0.9174064 0.3791805
vn 0.12077951 0.9174064 0.3791805
vn 0.12077951 0.9174064 0.3791805
vn 0.12931457 0.98224455 0.13591674
vn 0.12931457 0.98224455 0.13591674
vn 0.12931457 0.98224455 0.13591674
vn 0.12931457 0.98224455 0.13591674
vn 0.37913123 0.91530645 0.1359171
vn 0.37913123 0.91530645 0.1359171
vn 0.37913123 0.91530645 0.1359171
vn 0.37913123 0.91530645 0.1359171
vn 0.30484706 0.73596835 0.6044988
vn 0.30484706 0.73596835 0.6044988
vn 0.30484706 0.73596835 0.6044988
vn 0.30484706 0.73596835 0.6044988
vn 0.35410464 0.8548875 0.37917978
vn 0.35410464 0.8548875 0.37917978
vn 0.35410464 0.8548875 0.37917978
vn 0.35410464 0.8548875 0.37917978
vn 0.48494288 0.6319896 0.60449934
vn 0.48494288 0.6319896 0.60449934
vn 0.48494288 0.6319896 0.60449934
vn 0.48494288 0.6319896 0.60449934
vn 0.56330097 0.7341077 0.3791807
vn 0.56330097 0.7341077 0.3791807
vn 0.56330097 0.7341077 0.3791807
vn 0.56330097 0.7341077 0.3791807
vn 0.6031114 0.78599197 0.13591632
vn 0.6031114 0.78599197 0.13591632
vn 0.6031114 0.78599197 0.13591632
vn 0.6031114 0.78599197 0.13591632
vn 0.63199073 0.48494264 0.6044984
vn 0.63199073 0.48494264 0.6044984
vn 0.63199073 0.48494264 0.6044984
vn 0.63199073 0.48494264 0.6044984
vn 0.7341078 0.56329966 0.37918222
vn 0.7341078 0.56329966 0.37918222
vn 0.7341078 0.56329966 0.37918222
vn 0.7341078 0.56329966 0.37918222
vn 0.78599 0.6031135 0.13591878
vn 0.78599 0.6031135 0.13591878
vn 0.78599 0.6031135 0.13591878
vn 0.78599 0.6031135 0.13591878
vn 0.8548851 0.35410753 0.37918243
vn 0.8548851 0.35410753 0.37918243
vn 0.8548851 0.35410753 0.37918243
vn 0.8548851 0.35410753 0.37918243
vn 0.9153064 0.3791308 0.1359197
vn 0.9153064 0.3791308 0.1359197
vn 0.9153064 0.3791308 0.1359197
vn 0.9153064 0.3791308 0.1359197
vn 0.73596823 0.30485037 0.6044973
vn 0.73596823 0.30485037 0.6044973
vn 0.73596823 0.30485037 0.6044973
vn 0.73596823 0.30485037 0.6044973
vn 0.78979 0.10397911 0.6045
vn 0.78979 0.10397911 0.6045
vn 0.78979 0.10397911 0.6045
vn 0.78979 0.10397911 0.6045
vn 0.91740656 0.12078094 0.37917954
vn 0.91740656 0.12078094 0.37917954
vn 0.91740656 0.12078094 0.37917954
vn 0.91740656 0.12078094 0.37917954
vn 0.98224497 0.12931271 0.1359153
vn 0.98224497 0.12931271 0.1359153
vn 0.98224497 0.12931271 0.1359153
vn 0.98224497 0.12931271 0.1359153
vn 0.98224497 -0.12931274 0.13591532
vn 0.98224497 -0.12931274 0.13591532
vn 0.98224497 -0.12931274 0.13591532
vn 0.98224497 -0.12931274 0.13591532
vn 0.78979003 -0.10397886 0.6044998
vn 0.78979003 -0.10397886 0.6044998
vn 0.78979003 -0.10397886 0.6044998
vn 0.78979003 -0.10397886 0.6044998
vn 0.91740656 -0.1207811 0.37917948
vn 0.91740656 -0.1207811 0.37917948
vn 0.91740656 -0.1207811 0.37917948
vn 0.91740656 -0.1207811 0.37917948
vn 0.8548853 -0.35410717 0.37918243
vn 0.8548853 -0.35410717 0.37918243
vn 0.8548853 -0.35410717 0.37918243
vn 0.8548853 -0.35410717 0.37918243
vn 0.91530627 -0.37913105 0.1359195
vn 0.91530627 -0.37913105 0.1359195
vn 0.91530627 -0.37913105 0.1359195
vn 0.91530627 -0.37913105 0.1359195
vn 0.7359679 -0.3048508 0.6044976
vn 0.7359679 -0.3048508 0.6044976
vn 0.7359679 -0.3048508 0.6044976
vn 0.7359679 -0.3048508 0.6044976
vn 0.63199145 -0.4849425 0.6044979
vn 0.63199145 -0.4849425 0.6044979
vn 0.63199145 -0.4849425 0.6044979
vn 0.63199145 -0.4849425 0.6044979
vn 0.73410773 -0.5632995 0.37918267
vn 0.73410773 -0.5632995 0.37918267
vn 0.73410773 -0.5632995 0.37918267
vn 0.73410773 -0.5632995 0.37918267
vn 0.78598934 -0.60311437 0.1359182
vn 0.78598934 -0.60311437 0.1359182
vn 0.78598934 -0.60311437 0.1359182
vn 0.78598934 -0.60311437 0.1359182
vn 0.6031116 -0.7859921 0.13591523
vn 0.6031116 -0.7859921 0.13591523
vn 0.6031116 -0.7859921 0.13591523
vn 0.6031116 -0.7859921 0.13591523
vn 0.48494342 -0.63198936 0.60449934
vn 0.48494342 -0.63198936 0.60449934
vn 0.48494342 -0.63198936 0.60449934
vn 0.48494342 -0.63198936 0.60449934
vn 0.56330067 -0.7341076 0.37918115
vn 0.56330067 -0.7341076 0.37918115
vn 0.56330067 -0.7341076 0.37918115
vn 0.56330067 -0.7341076 0.37918115
vn 0.3541044 -0.8548872 0.37918067
vn 0.3541044 -0.8548872 0.37918067
vn 0.3541044 -0.8548872 0.37918067
vn 0.3541044 -0.8548872 0.37918067
vn 0.37913248 -0.9153061 0.13591637
vn 0.37913248 -0.9153061 0.13591637
vn 0.37913248 -0.9153061 0.13591637
vn 0.37913248 -0.9153061 0.13591637
vn 0.30484706 -0.7359683 0.6044988
vn 0.30484706 -0.7359683 0.6044988
vn 0.30484706 -0.7359683 0.6044988
vn 0.30484706 -0.7359683 0.6044988
vn 0.103979 -0.7897908 0.60449886
vn 0.103979 -0.7897908 0.60449886
vn 0.103979 -0.7897908 0.60449886
vn 0.103979 -0.7897908 0.60449886
vn 0.12077871 -0.9174065 0.37918064
vn 0.12077871 -0.9174065 0.37918064
vn 0.12077871 -0.9174065 0.37918064
vn 0.12077871 -0.9174065 0.37918064
vn 0.12931427 -0.9822447 0.13591667
vn 0.12931427 -0.9822447 0.13591667
vn 0.12931427 -0.9822447 0.13591667
vn 0.12931427 -0.9822447 0.13591667
vn -0.12931459 -0.9822447 0.13591656
vn -0.12931459 -0.9822447 0.13591656
vn -0.12931459 -0.9822447 0.13591656
vn -0.12931459 -0.9822447 0.13591656
vn -0.10397797 -0.7897912 0.6044985
vn -0.10397797 -0.7897912 0.6044985
vn -0.10397797 -0.7897912 0.6044985
vn -0.10397797 -0.7897912 0.6044985
vn -0.120778665 -0.91740626 0.379181
vn -0.120778665 -0.91740626 0.379181
vn -0.120778665 -0.91740626 0.379181
vn -0.120778665 -0.91740626 0.379181
vn -0.35410553 -0.85488695 0.37918034
vn -0.35410553 -0.85488695 0.37918034
vn -0.35410553 -0.85488695 0.37918034
vn -0.35410553 -0.85488695 0.37918034
vn -0.3791324 -0.91530627 0.13591601
vn -0.3791324 -0.91530627 0.13591601
vn -0.3791324 -0.91530627 0.13591601
vn -0.3791324 -0.91530627 0.13591601
vn -0.30484796 -0.73596805 0.60449874
vn -0.30484796 -0.73596805 0.60449874
vn -0.30484796 -0.73596805 0.60449874
vn -0.30484796 -0.73596805 0.60449874
vn -0.48494354 -0.6319889 0.6044996
vn -0.48494354 -0.6319889 0.6044996
vn -0.48494354 -0.6319889 0.6044996
vn -0.48494354 -0.6319889 0.6044996
vn -0.5633006 -0.73410785 0.37918085
vn -0.5633006 -0.73410785 0.37918085
vn -0.5633006 -0.73410785 0.37918085
vn -0.5633006 -0.73410785 0.37918085
vn -0.6031113 -0.78599215 0.13591558
vn -0.6031113 -0.78599215 0.13591558
vn -0.6031113 -0.78599215 0.13591558
vn -0.6031113 -0.78599215 0.13591558
vn -0.7859899 -0.6031137 0.1359183
vn -0.7859899 -0.6031137 0.1359183
vn -0.7859899 -0.6031137 0.1359183
vn -0.7859899 -0.6031137 0.1359183
vn -0.6319903 -0.48494324 0.60449827
vn -0.6319903 -0.48494324 0.60449827
vn -0.6319903 -0.48494324 0.60449827
vn -0.6319903 -0.48494324 0.60449827
vn -0.734108 -0.56329936 0.3791824
vn -0.734108 -0.56329936 0.3791824
vn -0.734108 -0.56329936 0.3791824
vn -0.734108 -0.56329936 0.3791824
vn -0.7343945 -0.30419606 -0.60673684
vn -0.7343945 -0.30419606 -0.60673684
vn -0.7343945 -0.30419606 -0.60673684
vn -0.7343945 -0.30419606 -0.60673684
vn -0.8548849 -0.35410765 0.37918255
vn -0.8548849 -0.35410765 0.37918255
vn -0.8548849 -0.35410765 0.37918255
vn -0.8548849 -0.35410765 0.37918255
vn 0.7881032 0.10375336 -0.60673594
vn 0.7881032 0.10375336 -0.60673594
vn 0.7881032 0.10375336 -0.60673594
vn 0.7881032 0.10375336 -0.60673594
vn -0.91530645 -0.37913075 0.13591927
vn -0.91530645 -0.37913075 0.13591927
vn -0.91530645 -0.37913075 0.13591927
vn -0.91530645 -0.37913075 0.13591927
vn 0.30419725 -0.7343941 -0.6067367
vn 0.30419725 -0.7343941 -0.6067367
vn 0.30419725 -0.7343941 -0.6067367
vn 0.30419725 -0.7343941 -0.6067367
vn -0.7359681 -0.30485007 0.60449755
vn -0.7359681 -0.30485007 0.60449755
vn -0.7359681 -0.30485007 0.60449755
vn -0.7359681 -0.30485007 0.60449755
vn 0.10375536 0.78810275 -0.60673636
vn 0.10375536 0.78810275 -0.60673636
vn 0.10375536 0.78810275 -0.60673636
vn 0.10375536 0.78810275 -0.60673636
vn -0.7897901 -0.10397906 0.6044998
vn -0.7897901 -0.10397906 0.6044998
vn -0.7897901 -0.10397906 0.6044998
vn -0.7897901 -0.10397906 0.6044998
vn -0.73439425 0.30419588 -0.60673714
vn -0.73439425 0.30419588 -0.60673714
vn -0.73439425 0.30419588 -0.60673714
vn -0.73439425 0.30419588 -0.60673714
vn -0.9174067 -0.12078117 0.3791793
vn -0.9174067 -0.12078117 0.3791793
vn -0.9174067 -0.12078117 0.3791793
vn -0.9174067 -0.12078117 0.3791793
vn 0.6306372 0.483909 -0.6067362
vn 0.6306372 0.483909 -0.6067362
vn 0.6306372 0.483909 -0.6067362
vn 0.6306372 0.483909 -0.6067362
vn -0.98224497 -0.12931274 0.13591523
vn -0.98224497 -0.12931274 0.13591523
vn -0.98224497 -0.12931274 0.13591523
vn -0.98224497 -0.12931274 0.13591523
vn -0.788104 0.10375294 -0.606735
vn -0.788104 0.10375294 -0.606735
vn -0.788104 0.10375294 -0.606735
vn -0.788104 0.10375294 -0.606735
vn -0.98224497 0.12931275 0.13591522
vn -0.98224497 0.12931275 0.13591522
vn -0.98224497 0.12931275 0.13591522
vn -0.98224497 0.12931275 0.13591522
vn -0.7881037 -0.1037529 -0.6067354
vn -0.7881037 -0.1037529 -0.6067354
vn -0.7881037 -0.1037529 -0.6067354
vn -0.7881037 -0.1037529 -0.6067354
vn -0.7897889 0.10397931 0.60450125
vn -0.7897889 0.10397931 0.60450125
vn -0.7897889 0.10397931 0.60450125
vn -0.7897889 0.10397931 0.60450125
vn -0.103756465 0.7881023 -0.60673654
vn -0.103756465 0.7881023 -0.60673654
vn -0.103756465 0.7881023 -0.60673654
vn -0.103756465 0.7881023 -0.60673654
vn -0.9174067 0.12078125 0.3791792
vn -0.9174067 0.12078125 0.3791792
vn -0.9174067 0.12078125 0.3791792
vn -0.9174067 0.12078125 0.3791792
vn -0.73596835 0.30485007 0.60449725
vn -0.73596835 0.30485007 0.60449725
vn -0.73596835 0.30485007 0.60449725
vn -0.73596835 0.30485007 0.60449725
vn -0.48390663 -0.6306388 -0.6067364
vn -0.48390663 -0.6306388 -0.6067364
vn -0.48390663 -0.6306388 -0.6067364
vn -0.48390663 -0.6306388 -0.6067364
vn -0.85488486 0.35410756 0.37918282
vn -0.85488486 0.35410756 0.37918282
vn -0.85488486 0.35410756 0.37918282
vn -0.85488486 0.35410756 0.37918282
vn 0.7881037 -0.10375322 -0.60673535
vn 0.7881037 -0.10375322 -0.60673535
vn 0.7881037 -0.10375322 -0.60673535
vn 0.7881037 -0.10375322 -0.60673535
vn -0.9153064 0.37913093 0.13591942
vn -0.9153064 0.37913093 0.13591942
vn -0.9153064 0.37913093 0.13591942
vn -0.9153064 0.37913093 0.13591942
vn 0.63063604 -0.4839098 -0.6067368
vn 0.63063604 -0.4839098 -0.6067368
vn 0.63063604 -0.4839098 -0.6067368
vn 0.63063604 -0.4839098 -0.6067368
vn -0.10375549 -0.7881025 -0.6067366
vn -0.10375549 -0.7881025 -0.6067366
vn -0.10375549 -0.7881025 -0.6067366
vn -0.10375549 -0.7881025 -0.6067366
vn -0.63199127 0.48494244 0.60449797
vn -0.63199127 0.48494244 0.60449797
vn -0.63199127 0.48494244 0.60449797
vn -0.63199127 0.48494244 0.60449797
vn 0.48390684 0.6306387 -0.6067363
vn 0.48390684 0.6306387 -0.6067363
vn 0.48390684 0.6306387 -0.6067363
vn 0.48390684 0.6306387 -0.6067363
vn -0.7341078 0.5632994 0.3791827
vn -0.7341078 0.5632994 0.3791827
vn -0.7341078 0.5632994 0.3791827
vn -0.7341078 0.5632994 0.3791827
vn 0.7343951 -0.30419546 -0.6067363
vn 0.7343951 -0.30419546 -0.6067363
vn 0.7343951 -0.30419546 -0.6067363
vn 0.7343951 -0.30419546 -0.6067363
vn -0.7859897 0.60311395 0.13591796
vn -0.7859897 0.60311395 0.13591796
vn -0.7859897 0.60311395 0.13591796
vn -0.7859897 0.60311395 0.13591796
vn -0.56330055 0.7341083 0.37918013
vn -0.56330055 0.7341083 0.37918013
vn -0.56330055 0.7341083 0.37918013
vn -0.56330055 0.7341083 0.37918013
vn 0.3041966 0.73439467 -0.6067363
vn 0.3041966 0.73439467 -0.6067363
vn 0.3041966 0.73439467 -0.6067363
vn 0.3041966 0.73439467 -0.6067363
vn -0.6031107 0.78599256 0.13591576
vn -0.6031107 0.78599256 0.13591576
vn -0.6031107 0.78599256 0.13591576
vn -0.6031107 0.78599256 0.13591576
vn -0.48390684 0.6306387 -0.6067363
vn -0.48390684 0.6306387 -0.6067363
vn -0.48390684 0.6306387 -0.6067363
vn -0.48390684 0.6306387 -0.6067363
vn -0.48494285 0.6319889 0.6045001
vn -0.48494285 0.6319889 0.6045001
vn -0.48494285 0.6319889 0.6045001
vn -0.48494285 0.6319889 0.6045001
vn -0.3041971 -0.7343942 -0.6067366
vn -0.3041971 -0.7343942 -0.6067366
vn -0.3041971 -0.7343942 -0.6067366
vn -0.3041971 -0.7343942 -0.6067366
vn -0.30484703 0.73596764 0.60449964
vn -0.30484703 0.73596764 0.60449964
vn -0.30484703 0.73596764 0.60449964
vn -0.30484703 0.73596764 0.60449964
vn -0.6306363 -0.4839098 -0.60673666
vn -0.6306363 -0.4839098 -0.60673666
vn -0.6306363 -0.4839098 -0.60673666
vn -0.6306363 -0.4839098 -0.60673666
vn -0.35410553 0.85488737 0.37917912
vn -0.35410553 0.85488737 0.37917912
vn -0.35410553 0.85488737 0.37917912
vn -0.35410553 0.85488737 0.37917912
vn -0.30419654 0.73439443 -0.6067366
vn -0.30419654 0.73439443 -0.6067366
vn -0.30419654 0.73439443 -0.6067366
vn -0.30419654 0.73439443 -0.6067366
vn -0.37913212 0.91530615 0.13591701
vn -0.37913212 0.91530615 0.13591701
vn -0.37913212 0.91530615 0.13591701
vn -0.37913212 0.91530615 0.13591701
vn -0.630636 0.48390993 -0.6067368
vn -0.630636 0.48390993 -0.6067368
vn -0.630636 0.48390993 -0.6067368
vn -0.630636 0.48390993 -0.6067368
vn -0.1293154 0.98224455 0.13591641
vn -0.1293154 0.98224455 0.13591641
vn -0.1293154 0.98224455 0.13591641
vn -0.1293154 0.98224455 0.13591641
vn 0.48390692 -0.6306388 -0.6067362
vn 0.48390692 -0.6306388 -0.6067362
vn 0.48390692 -0.6306388 -0.6067362
vn 0.48390692 -0.6306388 -0.6067362
vn -0.10397884 0.7897905 0.60449934
vn -0.10397884 0.7897905 0.60449934
vn -0.10397884 0.7897905 0.60449934
vn -0.10397884 0.7897905 0.60449934
vn 0.73439527 0.30419555 -0.60673594
vn 0.73439527 0.30419555 -0.60673594
vn 0.73439527 0.30419555 -0.60673594
vn 0.73439527 0.30419555 -0.60673594
vn -0.12077987 0.9174065 0.37918007
vn -0.12077987 0.9174065 0.37918007
vn -0.12077987 0.9174065 0.37918007
vn -0.12077987 0.9174065 0.37918007
vn 0.10375524 -0.78810257 -0.60673654
vn 0.10375524 -0.78810257 -0.60673654
vn 0.10375524 -0.78810257 -0.60673654
vn 0.10375524 -0.78810257 -0.60673654
vn -0.7325836 0.56213135 -0.38383532
vn -0.7325836 0.56213135 -0.38383532
vn -0.7325836 0.56213135 -0.38383532
vn -0.7325836 0.56213135 -0.38383532
vn 0.07919551 0.6015645 0.7948888
vn 0.07919551 0.6015645 0.7948888
vn 0.07919551 0.6015645 0.7948888
vn 0.07919551 0.6015645 0.7948888
vn -0.853113 -0.3533684 0.38383454
vn -0.853113 -0.3533684 0.38383454
vn -0.853113 -0.3533684 0.38383454
vn -0.853113 -0.3533684 0.38383454
vn 0.23219419 0.5605685 0.7948892
vn 0.23219419 0.5605685 0.7948892
vn 0.23219419 0.5605685 0.7948892
vn 0.23219419 0.5605685 0.7948892
vn 0.91549975 0.12053875 0.38383672
vn 0.91549975 0.12053875 0.38383672
vn 0.91549975 0.12053875 0.38383672
vn 0.91549975 0.12053875 0.38383672
vn 0.3693689 0.4813715 0.7948887
vn 0.3693689 0.4813715 0.7948887
vn 0.3693689 0.4813715 0.7948887
vn 0.3693689 0.4813715 0.7948887
vn 0.48137164 0.36937025 0.794888
vn 0.48137164 0.36937025 0.794888
vn 0.48137164 0.36937025 0.794888
vn 0.48137164 0.36937025 0.794888
vn -0.120527826 -0.9155015 -0.38383624
vn -0.120527826 -0.9155015 -0.38383624
vn -0.120527826 -0.9155015 -0.38383624
vn -0.120527826 -0.9155015 -0.38383624
vn -0.12052835 0.9155021 -0.3838345
vn -0.12052835 0.9155021 -0.3838345
vn -0.12052835 0.9155021 -0.3838345
vn -0.12052835 0.9155021 -0.3838345
vn 0.5605683 0.2321948 0.7948892
vn 0.5605683 0.2321948 0.7948892
vn 0.5605683 0.2321948 0.7948892
vn 0.5605683 0.2321948 0.7948892
vn -0.56212115 0.7325908 0.3838365
vn -0.56212115 0.7325908 0.3838365
vn -0.56212115 0.7325908 0.3838365
vn -0.56212115 0.7325908 0.3838365
vn 0.6015635 0.07919529 0.79488957
vn 0.6015635 0.07919529 0.79488957
vn 0.6015635 0.07919529 0.79488957
vn 0.6015635 0.07919529 0.79488957
vn 0.6015621 -0.07919538 0.7948907
vn 0.6015621 -0.07919538 0.7948907
vn 0.6015621 -0.07919538 0.7948907
vn 0.6015621 -0.07919538 0.7948907
vn 0.12053222 -0.91550094 0.38383597
vn 0.12053222 -0.91550094 0.38383597
vn 0.12053222 -0.91550094 0.38383597
vn 0.12053222 -0.91550094 0.38383597
vn 0.85311383 0.35336554 -0.3838352
vn 0.85311383 0.35336554 -0.3838352
vn 0.85311383 0.35336554 -0.3838352
vn 0.85311383 0.35336554 -0.3838352
vn 0.5605687 -0.2321948 0.7948888
vn 0.5605687 -0.2321948 0.7948888
vn 0.5605687 -0.2321948 0.7948888
vn 0.5605687 -0.2321948 0.7948888
vn -0.91550195 -0.12052455 -0.38383603
vn -0.91550195 -0.12052455 -0.38383603
vn -0.91550195 -0.12052455 -0.38383603
vn -0.91550195 -0.12052455 -0.38383603
vn 0.48136955 -0.36937144 0.7948887
vn 0.48136955 -0.36937144 0.7948887
vn 0.48136955 -0.36937144 0.7948887
vn 0.48136955 -0.36937144 0.7948887
vn 0.36937025 -0.4813702 0.7948888
vn 0.36937025 -0.4813702 0.7948888
vn 0.36937025 -0.4813702 0.7948888
vn 0.36937025 -0.4813702 0.7948888
vn -0.35335988 -0.8531158 0.3838362
vn -0.35335988 -0.8531158 0.3838362
vn -0.35335988 -0.8531158 0.3838362
vn -0.35335988 -0.8531158 0.3838362
vn -0.562127 -0.7325865 -0.38383615
vn -0.562127 -0.7325865 -0.38383615
vn -0.562127 -0.7325865 -0.38383615
vn -0.562127 -0.7325865 -0.38383615
vn 0.23219329 -0.560569 0.79488915
vn 0.23219329 -0.560569 0.79488915
vn 0.23219329 -0.560569 0.79488915
vn 0.23219329 -0.560569 0.79488915
vn 0.56212837 -0.7325854 -0.3838364
vn 0.56212837 -0.7325854 -0.3838364
vn 0.56212837 -0.7325854 -0.3838364
vn 0.56212837 -0.7325854 -0.3838364
vn 0.079200625 -0.6015641 0.7948886
vn 0.079200625 -0.6015641 0.7948886
vn 0.079200625 -0.6015641 0.7948886
vn 0.079200625 -0.6015641 0.7948886
vn -0.079197146 -0.6015642 0.7948888
vn -0.079197146 -0.6015642 0.7948888
vn -0.079197146 -0.6015642 0.7948888
vn -0.079197146 -0.6015642 0.7948888
vn -0.3533687 0.8531121 -0.38383624
vn -0.3533687 0.8531121 -0.38383624
vn -0.3533687 0.8531121 -0.38383624
vn -0.3533687 0.8531121 -0.38383624
vn -0.91550094 0.12053717 0.38383424
vn -0.91550094 0.12053717 0.38383424
vn -0.91550094 0.12053717 0.38383424
vn -0.91550094 0.12053717 0.38383424
vn -0.23219576 -0.56056833 0.7948888
vn -0.23219576 -0.56056833 0.7948888
vn -0.23219576 -0.56056833 0.7948888
vn -0.23219576 -0.56056833 0.7948888
vn 0.562124 0.7325891 0.38383543
vn 0.562124 0.7325891 0.38383543
vn 0.562124 0.7325891 0.38383543
vn 0.562124 0.7325891 0.38383543
vn -0.36936933 -0.48137084 0.794889
vn -0.36936933 -0.48137084 0.794889
vn -0.36936933 -0.48137084 0.794889
vn -0.36936933 -0.48137084 0.794889
vn 0.3533706 0.8531117 -0.38383543
vn 0.3533706 0.8531117 -0.38383543
vn 0.3533706 0.8531117 -0.38383543
vn 0.3533706 0.8531117 -0.38383543
vn -0.48137066 -0.3693707 0.7948884
vn -0.48137066 -0.3693707 0.7948884
vn -0.48137066 -0.3693707 0.7948884
vn -0.48137066 -0.3693707 0.7948884
vn 0.35336313 -0.85311437 0.38383642
vn 0.35336313 -0.85311437 0.38383642
vn 0.35336313 -0.85311437 0.38383642
vn 0.35336313 -0.85311437 0.38383642
vn -0.5605697 -0.23219454 0.7948883
vn -0.5605697 -0.23219454 0.7948883
vn -0.5605697 -0.23219454 0.7948883
vn -0.5605697 -0.23219454 0.7948883
vn -0.6015636 -0.079195924 0.79488957
vn -0.6015636 -0.079195924 0.79488957
vn -0.6015636 -0.079195924 0.79488957
vn -0.6015636 -0.079195924 0.79488957
vn 0.9155021 -0.12052487 -0.38383558
vn 0.9155021 -0.12052487 -0.38383558
vn 0.9155021 -0.12052487 -0.38383558
vn 0.9155021 -0.12052487 -0.38383558
vn -0.8531129 0.35336736 -0.38383558
vn -0.8531129 0.35336736 -0.38383558
vn -0.8531129 0.35336736 -0.38383558
vn -0.8531129 0.35336736 -0.38383558
vn -0.60156316 0.07919599 0.7948898
vn -0.60156316 0.07919599 0.7948898
vn -0.60156316 0.07919599 0.7948898
vn -0.60156316 0.07919599 0.7948898
vn -0.7325931 -0.56211907 0.38383517
vn -0.7325931 -0.56211907 0.38383517
vn -0.7325931 -0.56211907 0.38383517
vn -0.7325931 -0.56211907 0.38383517
vn -0.5605694 0.23219435 0.7948885
vn -0.5605694 0.23219435 0.7948885
vn -0.5605694 0.23219435 0.7948885
vn -0.5605694 0.23219435 0.7948885
vn -0.48137018 0.3693712 0.79488844
vn -0.48137018 0.3693712 0.79488844
vn -0.48137018 0.3693712 0.79488844
vn -0.48137018 0.3693712 0.79488844
vn 0.12052689 -0.91550165 -0.38383585
vn 0.12052689 -0.91550165 -0.38383585
vn 0.12052689 -0.91550165 -0.38383585
vn 0.12052689 -0.91550165 -0.38383585
vn 0.8531121 -0.35337007 0.38383484
vn 0.8531121 -0.35337007 0.38383484
vn 0.8531121 -0.35337007 0.38383484
vn 0.8531121 -0.35337007 0.38383484
vn -0.3693684 0.48137122 0.7948892
vn -0.3693684 0.48137122 0.7948892
vn -0.3693684 0.48137122 0.7948892
vn -0.3693684 0.48137122 0.7948892
vn 0.73258156 0.5621339 -0.38383564
vn 0.73258156 0.5621339 -0.38383564
vn 0.73258156 0.5621339 -0.38383564
vn 0.73258156 0.5621339 -0.38383564
vn -0.23219714 0.5605679 0.7948887
vn -0.23219714 0.5605679 0.7948887
vn -0.23219714 0.5605679 0.7948887
vn -0.23219714 0.5605679 0.7948887
vn -0.079197265 0.6015644 0.79488873
vn -0.079197265 0.6015644 0.79488873
vn -0.079197265 0.6015644 0.79488873
vn -0.079197265 0.6015644 0.79488873
vn -0.1205334 0.91550076 0.38383594
vn -0.1205334 0.91550076 0.38383594
vn -0.1205334 0.91550076 0.38383594
vn -0.1205334 0.91550076 0.38383594
vn -0.92134583 0.38162935 0.074032456
vn -0.92134583 0.38162935 0.074032456
vn -0.92134583 0.38162935 0.074032456
vn -0.92134583 0.38162935 0.074032456
vn 0.98872477 0.13016292 0.074032575
vn 0.98872477 0.13016292 0.074032575
vn 0.98872477 0.13016292 0.074032575
vn 0.98872477 0.13016292 0.074032575
vn -0.07466301 0.009829366 -0.99716043
vn -0.07466301 0.009829366 -0.99716043
vn -0.07466301 0.009829366 -0.99716043
vn -0.07466301 0.009829366 -0.99716043
vn -0.05974568 0.04584397 -0.99716043
vn -0.05974568 0.04584397 -0.99716043
vn -0.05974568 0.04584397 -0.99716043
vn -0.05974568 0.04584397 -0.99716043
vn -0.028818537 0.069575466 -0.99716043
vn -0.028818537 0.069575466 -0.99716043
vn -0.028818537 0.069575466 -0.99716043
vn -0.028818537 0.069575466 -0.99716043
vn 0.009829583 0.0746637 -0.9971603
vn 0.009829583 0.0746637 -0.9971603
vn 0.009829583 0.0746637 -0.9971603
vn 0.009829583 0.0746637 -0.9971603
vn 0.028819332 0.06957545 -0.9971603
vn 0.028819332 0.06957545 -0.9971603
vn 0.04584468 0.059745837 -0.9971603
vn 0.04584468 0.059745837 -0.9971603
vn 0.06957743 0.028819311 -0.9971602
vn 0.06957743 0.028819311 -0.9971602
vn 0.06957743 0.028819311 -0.9971602
vn 0.06957743 0.028819311 -0.9971602
vn 0.07466379 0.009829714 -0.9971603
vn 0.07466379 0.009829714 -0.9971603
vn 0.06957664 -0.028819347 -0.9971603
vn 0.06957664 -0.028819347 -0.9971603
vn 0.06957664 -0.028819347 -0.9971603
vn 0.06957664 -0.028819347 -0.9971603
vn 0.059745613 -0.045845013 -0.9971603
vn 0.059745613 -0.045845013 -0.9971603
vn 0.04584472 -0.059745874 -0.9971603
vn 0.04584472 -0.059745874 -0.9971603
vn 0.009830908 -0.07466361 -0.9971603
vn 0.009830908 -0.07466361 -0.9971603
vn -0.009829583 -0.07466371 -0.9971603
vn -0.009829583 -0.07466371 -0.9971603
vn -0.028819343 -0.069575444 -0.9971603
vn -0.028819343 -0.069575444 -0.9971603
vn -0.028819343 -0.069575444 -0.9971603
vn -0.028819343 -0.069575444 -0.9971603
vn -0.04584557 -0.0597452 -0.9971603
vn -0.04584557 -0.0597452 -0.9971603
vn -0.069575 -0.028819978 -0.99716043
vn -0.069575 -0.028819978 -0.99716043
vn -0.069575 -0.028819978 -0.99716043
vn -0.069575 -0.028819978 -0.99716043
vn -0.07466462 -0.0098281 -0.9971603
vn -0.07466462 -0.0098281 -0.9971603
vn -0.79117227 0.607096 0.07403244
vn -0.79117227 0.607096 0.07403244
vn -0.79117227 0.607096 0.07403244
vn -0.79117227 0.607096 0.07403244
vn -0.98872477 0.13016343 0.074032396
vn -0.98872477 0.13016343 0.074032396
vn -0.98872477 0.13016343 0.074032396
vn -0.98872477 0.13016343 0.074032396
vn 0.13016726 -0.9887243 0.0740324
vn 0.13016726 -0.9887243 0.0740324
vn 0.13016726 -0.9887243 0.0740324
vn 0.13016726 -0.9887243 0.0740324
vn 0.6070896 -0.79117733 0.074032485
vn 0.6070896 -0.79117733 0.074032485
vn 0.6070896 -0.79117733 0.074032485
vn 0.6070896 -0.79117733 0.074032485
vn 0.07466355 -0.00982931 0.99716043
vn 0.07466355 -0.00982931 0.99716043
vn 0.07466355 -0.00982931 0.99716043
vn 0.07466355 -0.00982931 0.99716043
vn 0.059746303 -0.045843955 0.9971603
vn 0.059746303 -0.045843955 0.9971603
vn 0.04584339 -0.059746627 0.99716043
vn 0.04584339 -0.059746627 0.99716043
vn 0.04584339 -0.059746627 0.99716043
vn 0.04584339 -0.059746627 0.99716043
vn 0.028818758 -0.06957552 0.99716043
vn 0.028818758 -0.06957552 0.99716043
vn -0.009829947 -0.074663706 0.9971603
vn -0.009829947 -0.074663706 0.9971603
vn -0.009829947 -0.074663706 0.9971603
vn -0.009829947 -0.074663706 0.9971603
vn -0.045845043 -0.059745874 0.9971603
vn -0.045845043 -0.059745874 0.9971603
vn -0.045845043 -0.059745874 0.9971603
vn -0.045845043 -0.059745874 0.9971603
vn -0.06957709 -0.028819323 0.9971602
vn -0.06957709 -0.028819323 0.9971602
vn -0.06957709 -0.028819323 0.9971602
vn -0.06957709 -0.028819323 0.9971602
vn -0.07466349 -0.009829684 0.99716043
vn -0.07466349 -0.009829684 0.99716043
vn -0.069576256 0.02881932 0.9971603
vn -0.069576256 0.02881932 0.9971603
vn -0.069576256 0.02881932 0.9971603
vn -0.069576256 0.02881932 0.9971603
vn -0.059745412 0.04584503 0.9971603
vn -0.059745412 0.04584503 0.9971603
vn -0.04584424 0.059745893 0.99716043
vn -0.04584424 0.059745893 0.99716043
vn -0.009830983 0.07466355 0.9971603
vn -0.009830983 0.07466355 0.9971603
vn 0.009830155 0.07466372 0.9971603
vn 0.009830155 0.07466372 0.9971603
vn 0.028819136 0.06957542 0.99716043
vn 0.028819136 0.06957542 0.99716043
vn 0.028819136 0.06957542 0.99716043
vn 0.028819136 0.06957542 0.99716043
vn 0.045845926 0.05974515 0.9971603
vn 0.045845926 0.05974515 0.9971603
vn 0.059746154 0.045844875 0.9971603
vn 0.059746154 0.045844875 0.9971603
vn 0.074663565 0.009828053 0.99716043
vn 0.074663565 0.009828053 0.99716043
vn 0.074663565 0.009828053 0.99716043
vn 0.074663565 0.009828053 0.99716043
vn 0.381634 -0.9213439 0.07403238
vn 0.381634 -0.9213439 0.07403238
vn 0.381634 -0.9213439 0.07403238
vn 0.381634 -0.9213439 0.07403238
vn -0.92134583 -0.3816295 0.07403245
vn -0.92134583 -0.3816295 0.07403245
vn -0.92134583 -0.3816295 0.07403245
vn -0.92134583 -0.3816295 0.07403245
vn 0.92134583 0.3816294 0.0740327
vn 0.92134583 0.3816294 0.0740327
vn 0.92134583 0.3816294 0.0740327
vn 0.92134583 0.3816294 0.0740327
vn -0.38163337 0.9213442 0.07403237
vn -0.38163337 0.9213442 0.07403237
vn -0.38163337 0.9213442 0.07403237
vn -0.38163337 0.9213442 0.07403237
vn 0.60709006 0.7911769 0.07403246
vn 0.60709006 0.7911769 0.07403246
vn 0.60709006 0.7911769 0.07403246
vn 0.60709006 0.7911769 0.07403246
vn -0.98872477 -0.13016331 0.07403241
vn -0.98872477 -0.13016331 0.07403241
vn -0.98872477 -0.13016331 0.07403241
vn -0.98872477 -0.13016331 0.07403241
vn -0.7911731 -0.60709506 0.074032426
vn -0.7911731 -0.60709506 0.074032426
vn -0.7911731 -0.60709506 0.074032426
vn -0.7911731 -0.60709506 0.074032426
vn 0.7911728 0.60709536 0.07403262
vn 0.7911728 0.60709536 0.07403262
vn 0.7911728 0.60709536 0.07403262
vn 0.7911728 0.60709536 0.07403262
vn 0.38163328 0.9213442 0.07403251
vn 0.38163328 0.9213442 0.07403251
vn 0.38163328 0.9213442 0.07403251
vn 0.38163328 0.9213442 0.07403251
vn -0.13016789 -0.9887242 0.07403242
vn -0.13016789 -0.9887242 0.07403242
vn -0.13016789 -0.9887242 0.07403242
vn -0.13016789 -0.9887242 0.07403242
vn -0.3816344 -0.9213438 0.074032344
vn -0.3816344 -0.9213438 0.074032344
vn -0.3816344 -0.9213438 0.074032344
vn -0.3816344 -0.9213438 0.074032344
vn -0.6070902 0.79117674 0.07403235
vn -0.6070902 0.79117674 0.07403235
vn -0.6070902 0.79117674 0.07403235
vn -0.6070902 0.79117674 0.07403235
vn 0.7911727 -0.6070955 0.074032575
vn 0.7911727 -0.6070955 0.074032575
vn 0.7911727 -0.6070955 0.074032575
vn 0.7911727 -0.6070955 0.074032575
vn -0.13016823 0.9887242 0.074032396
vn -0.13016823 0.9887242 0.074032396
vn -0.13016823 0.9887242 0.074032396
vn -0.13016823 0.9887242 0.074032396
vn 0.98872477 -0.13016292 0.07403258
vn 0.98872477 -0.13016292 0.07403258
vn 0.98872477 -0.13016292 0.07403258
vn 0.98872477 -0.13016292 0.07403258
vn -0.6070889 -0.7911777 0.07403233
vn -0.6070889 -0.7911777 0.07403233
vn -0.6070889 -0.7911777 0.07403233
vn -0.6070889 -0.7911777 0.07403233
vn 0.92134583 -0.38162935 0.07403267
vn 0.92134583 -0.38162935 0.07403267
vn 0.92134583 -0.38162935 0.07403267
vn 0.92134583 -0.38162935 0.07403267
vn 0.13016668 0.9887243 0.07403242
vn 0.13016668 0.9887243 0.07403242
vn 0.13016668 0.9887243 0.07403242
vn 0.13016668 0.9887243 0.07403242
vn -0.9213458 0.38162965 0.07403231
vn -0.9213458 0.38162965 0.07403231
vn -0.9213458 0.38162965 0.07403231
vn -0.9213458 0.38162965 0.07403231
vn 0.98872477 0.13016333 0.07403252
vn 0.98872477 0.13016333 0.07403252
vn 0.98872477 0.13016333 0.07403252
vn 0.98872477 0.13016333 0.07403252
vn -0.7911726 0.6070956 0.07403247
vn -0.7911726 0.6070956 0.07403247
vn -0.7911726 0.6070956 0.07403247
vn -0.7911726 0.6070956 0.07403247
vn -0.98872465 0.13016388 0.0740324
vn -0.98872465 0.13016388 0.0740324
vn -0.98872465 0.13016388 0.0740324
vn -0.98872465 0.13016388 0.0740324
vn 0.1301671 -0.9887243 0.0740325
vn 0.1301671 -0.9887243 0.0740325
vn 0.1301671 -0.9887243 0.0740325
vn 0.1301671 -0.9887243 0.0740325
vn 0.6070896 -0.79117733 0.07403244
vn 0.6070896 -0.79117733 0.07403244
vn 0.6070896 -0.79117733 0.07403244
vn 0.6070896 -0.79117733 0.07403244
vn 0.381634 -0.9213439 0.07403244
vn 0.381634 -0.9213439 0.07403244
vn 0.381634 -0.9213439 0.07403244
vn 0.381634 -0.9213439 0.07403244
vn -0.92134583 -0.38162935 0.07403253
vn -0.92134583 -0.38162935 0.07403253
vn -0.92134583 -0.38162935 0.07403253
vn -0.92134583 -0.38162935 0.07403253
vn 0.92134565 0.38162974 0.07403253
vn 0.92134565 0.38162974 0.07403253
vn 0.92134565 0.38162974 0.07403253
vn 0.92134565 0.38162974 0.07403253
vn -0.38163346 0.9213442 0.074032135
vn -0.38163346 0.9213442 0.074032135
vn -0.38163346 0.9213442 0.074032135
vn -0.38163346 0.9213442 0.074032135
vn 0.60709 0.791177 0.07403273
vn 0.60709 0.791177 0.07403273
vn 0.60709 0.791177 0.07403273
vn 0.60709 0.791177 0.07403273
vn -0.98872465 -0.13016397 0.0740325
vn -0.98872465 -0.13016397 0.0740325
vn -0.98872465 -0.13016397 0.0740325
vn -0.98872465 -0.13016397 0.0740325
vn -0.79117316 -0.6070949 0.07403239
vn -0.79117316 -0.6070949 0.07403239
vn -0.79117316 -0.6070949 0.07403239
vn -0.79117316 -0.6070949 0.07403239
vn 0.7911731 0.6070949 0.074032724
vn 0.7911731 0.6070949 0.074032724
vn 0.7911731 0.6070949 0.074032724
vn 0.7911731 0.6070949 0.074032724
vn 0.38163307 0.92134434 0.07403245
vn 0.38163307 0.92134434 0.07403245
vn 0.38163307 0.92134434 0.07403245
vn 0.38163307 0.92134434 0.07403245
vn -0.13016802 -0.9887242 0.07403217
vn -0.13016802 -0.9887242 0.07403217
vn -0.13016802 -0.9887242 0.07403217
vn -0.13016802 -0.9887242 0.07403217
vn -0.3816341 -0.9213439 0.07403213
vn -0.3816341 -0.9213439 0.07403213
vn -0.3816341 -0.9213439 0.07403213
vn -0.3816341 -0.9213439 0.07403213
vn -0.60709023 0.79117674 0.07403256
vn -0.60709023 0.79117674 0.07403256
vn -0.60709023 0.79117674 0.07403256
vn -0.60709023 0.79117674 0.07403256
vn 0.7911731 -0.6070949 0.07403264
vn 0.7911731 -0.6070949 0.07403264
vn 0.7911731 -0.6070949 0.07403264
vn 0.7911731 -0.6070949 0.07403264
vn -0.13016793 0.9887242 0.07403252
vn -0.13016793 0.9887242 0.07403252
vn -0.13016793 0.9887242 0.07403252
vn -0.13016793 0.9887242 0.07403252
vn 0.98872477 -0.13016337 0.07403256
vn 0.98872477 -0.13016337 0.07403256
vn 0.98872477 -0.13016337 0.07403256
vn 0.98872477 -0.13016337 0.07403256
vn -0.60708904 -0.79117763 0.074032165
vn -0.60708904 -0.79117763 0.074032165
vn -0.60708904 -0.79117763 0.074032165
vn -0.60708904 -0.79117763 0.074032165
vn 0.92134565 -0.38162982 0.07403247
vn 0.92134565 -0.38162982 0.07403247
vn 0.92134565 -0.38162982 0.07403247
vn 0.92134565 -0.38162982 0.07403247
vn 0.13016677 0.9887243 0.074032836
vn 0.13016677 0.9887243 0.074032836
vn 0.13016677 0.9887243 0.074032836
vn 0.13016677 0.9887243 0.074032836
vn 0.3598384 0.14904848 0.9210325
vn 0.3598384 0.14904848 0.9210325
vn 0.3598384 0.14904848 0.9210325
vn 0.3598384 0.14904848 0.9210325
vn 0.14904703 0.35983932 0.92103237
vn 0.14904703 0.35983932 0.92103237
vn 0.14904703 0.35983932 0.92103237
vn 0.14904703 0.35983932 0.92103237
vn 0.05083764 0.3861545 0.92103213
vn 0.05083764 0.3861545 0.92103213
vn 0.05083764 0.3861545 0.92103213
vn 0.05083764 0.3861545 0.92103213
vn 0.3090009 0.23710337 0.92103225
vn 0.3090009 0.23710337 0.92103225
vn 0.3090009 0.23710337 0.92103225
vn 0.3090009 0.23710337 0.92103225
vn 0.38615513 0.050838683 0.92103183
vn 0.38615513 0.050838683 0.92103183
vn 0.38615513 0.050838683 0.92103183
vn 0.38615513 0.050838683 0.92103183
vn 0.23710611 0.3090016 0.92103136
vn 0.23710611 0.3090016 0.92103136
vn 0.23710611 0.3090016 0.92103136
vn 0.23710611 0.3090016 0.92103136
vn 0.38615468 -0.05083864 0.9210321
vn 0.38615468 -0.05083864 0.9210321
vn 0.38615468 -0.05083864 0.9210321
vn 0.38615468 -0.05083864 0.9210321
vn 0.35983962 -0.14904863 0.9210321
vn 0.35983962 -0.14904863 0.9210321
vn 0.35983962 -0.14904863 0.9210321
vn 0.35983962 -0.14904863 0.9210321
vn 0.30900204 -0.23710488 0.9210315
vn 0.30900204 -0.23710488 0.9210315
vn 0.30900204 -0.23710488 0.9210315
vn 0.30900204 -0.23710488 0.9210315
vn 0.23710278 -0.30900174 0.92103213
vn 0.23710278 -0.30900174 0.92103213
vn 0.23710278 -0.30900174 0.92103213
vn 0.23710278 -0.30900174 0.92103213
vn 0.14905074 -0.35983932 0.9210318
vn 0.14905074 -0.35983932 0.9210318
vn 0.14905074 -0.35983932 0.9210318
vn 0.14905074 -0.35983932 0.9210318
vn 0.050839733 -0.3861547 0.92103195
vn 0.050839733 -0.3861547 0.92103195
vn 0.050839733 -0.3861547 0.92103195
vn 0.050839733 -0.3861547 0.92103195
vn -0.050837588 -0.38615453 0.92103213
vn -0.050837588 -0.38615453 0.92103213
vn -0.050837588 -0.38615453 0.92103213
vn -0.050837588 -0.38615453 0.92103213
vn -0.14904882 -0.35983884 0.92103225
vn -0.14904882 -0.35983884 0.92103225
vn -0.14904882 -0.35983884 0.92103225
vn -0.14904882 -0.35983884 0.92103225
vn -0.23710501 -0.30900186 0.92103153
vn -0.23710501 -0.30900186 0.92103153
vn -0.23710501 -0.30900186 0.92103153
vn -0.23710501 -0.30900186 0.92103153
vn -0.30900174 -0.23710479 0.92103165
vn -0.30900174 -0.23710479 0.92103165
vn -0.30900174 -0.23710479 0.92103165
vn -0.30900174 -0.23710479 0.92103165
vn -0.35983813 -0.1490486 0.92103255
vn -0.35983813 -0.1490486 0.92103255
vn -0.35983813 -0.1490486 0.92103255
vn -0.35983813 -0.1490486 0.92103255
vn -0.38615438 -0.050838806 0.92103213
vn -0.38615438 -0.050838806 0.92103213
vn -0.38615438 -0.050838806 0.92103213
vn -0.38615438 -0.050838806 0.92103213
vn -0.38615578 0.050838713 0.92103153
vn -0.38615578 0.050838713 0.92103153
vn -0.38615578 0.050838713 0.92103153
vn -0.38615578 0.050838713 0.92103153
vn -0.35983732 0.14904895 0.92103285
vn -0.35983732 0.14904895 0.92103285
vn -0.35983732 0.14904895 0.92103285
vn -0.35983732 0.14904895 0.92103285
vn -0.3089998 0.2371047 0.92103225
vn -0.3089998 0.2371047 0.92103225
vn -0.3089998 0.2371047 0.92103225
vn -0.3089998 0.2371047 0.92103225
vn -0.23710477 0.30900264 0.92103136
vn -0.23710477 0.30900264 0.92103136
vn -0.23710477 0.30900264 0.92103136
vn -0.23710477 0.30900264 0.92103136
vn -0.14904912 0.3598391 0.92103213
vn -0.14904912 0.3598391 0.92103213
vn -0.14904912 0.3598391 0.92103213
vn -0.14904912 0.3598391 0.92103213
vn -0.050837632 0.38615453 0.92103213
vn -0.050837632 0.38615453 0.92103213
vn -0.050837632 0.38615453 0.92103213
vn -0.050837632 0.38615453 0.92103213
vn 0.8531136 -0.35336608 -0.38383535
vn 0.8531136 -0.35336608 -0.38383535
vn 0.8531136 -0.35336608 -0.38383535
vn 0.8531136 -0.35336608 -0.38383535
vn 0.12053273 0.91550106 0.38383555
vn 0.12053273 0.91550106 0.38383555
vn 0.12053273 0.91550106 0.38383555
vn 0.12053273 0.91550106 0.38383555
vn -0.73258346 -0.562131 -0.38383618
vn -0.73258346 -0.562131 -0.38383618
vn -0.73258346 -0.562131 -0.38383618
vn -0.73258346 -0.562131 -0.38383618
vn 0.7325947 -0.5621164 0.38383606
vn 0.7325947 -0.5621164 0.38383606
vn 0.7325947 -0.5621164 0.38383606
vn 0.7325947 -0.5621164 0.38383606
vn -0.8531124 0.353369 0.38383535
vn -0.8531124 0.353369 0.38383535
vn -0.8531124 0.353369 0.38383535
vn -0.8531124 0.353369 0.38383535
vn 0.35337132 -0.85311127 -0.3838358
vn 0.35337132 -0.85311127 -0.3838358
vn 0.35337132 -0.85311127 -0.3838358
vn 0.35337132 -0.85311127 -0.3838358
vn 0.73259324 0.5621183 0.38383606
vn 0.73259324 0.5621183 0.38383606
vn 0.73259324 0.5621183 0.38383606
vn 0.73259324 0.5621183 0.38383606
vn -0.91550183 0.120524846 -0.38383594
vn -0.91550183 0.120524846 -0.38383594
vn -0.91550183 0.120524846 -0.38383594
vn -0.91550183 0.120524846 -0.38383594
vn -0.12053184 -0.91550106 0.38383573
vn -0.12053184 -0.91550106 0.38383573
vn -0.12053184 -0.91550106 0.38383573
vn -0.12053184 -0.91550106 0.38383573
vn -0.35336563 0.85311353 0.38383606
vn -0.35336563 0.85311353 0.38383606
vn -0.35336563 0.85311353 0.38383606
vn -0.35336563 0.85311353 0.38383606
vn -0.5621251 -0.7325883 0.3838356
vn -0.5621251 -0.7325883 0.3838356
vn -0.5621251 -0.7325883 0.3838356
vn -0.5621251 -0.7325883 0.3838356
vn 0.35336378 0.8531141 0.38383618
vn 0.35336378 0.8531141 0.38383618
vn 0.35336378 0.8531141 0.38383618
vn 0.35336378 0.8531141 0.38383618
vn 0.91550004 -0.12053819 0.38383606
vn 0.91550004 -0.12053819 0.38383606
vn 0.91550004 -0.12053819 0.38383606
vn 0.91550004 -0.12053819 0.38383606
vn 0.5621285 0.7325855 -0.38383585
vn 0.5621285 0.7325855 -0.38383585
vn 0.5621285 0.7325855 -0.38383585
vn 0.5621285 0.7325855 -0.38383585
vn -0.56212854 0.73258525 -0.38383645
vn -0.56212854 0.73258525 -0.38383645
vn -0.56212854 0.73258525 -0.38383645
vn -0.56212854 0.73258525 -0.38383645
vn -0.35337135 -0.8531111 -0.38383612
vn -0.35337135 -0.8531111 -0.38383612
vn -0.35337135 -0.8531111 -0.38383612
vn -0.35337135 -0.8531111 -0.38383612
vn -0.9155006 -0.12053771 0.38383508
vn -0.9155006 -0.12053771 0.38383508
vn -0.9155006 -0.12053771 0.38383508
vn -0.9155006 -0.12053771 0.38383508
vn 0.5621206 -0.732591 0.38383695
vn 0.5621206 -0.732591 0.38383695
vn 0.5621206 -0.732591 0.38383695
vn 0.5621206 -0.732591 0.38383695
vn 0.91550165 0.120525114 -0.3838363
vn 0.91550165 0.120525114 -0.3838363
vn 0.91550165 0.120525114 -0.3838363
vn 0.91550165 0.120525114 -0.3838363
vn 0.8531129 0.35336807 0.3838352
vn 0.8531129 0.35336807 0.3838352
vn 0.8531129 0.35336807 0.3838352
vn 0.8531129 0.35336807 0.3838352
vn -0.7325935 0.5621182 0.38383564
vn -0.7325935 0.5621182 0.38383564
vn -0.7325935 0.5621182 0.38383564
vn -0.7325935 0.5621182 0.38383564
vn -0.8531134 -0.3533666 -0.38383517
vn -0.8531134 -0.3533666 -0.38383517
vn -0.8531134 -0.3533666 -0.38383517
vn -0.8531134 -0.3533666 -0.38383517
vn 0.7325835 -0.5621315 -0.38383546
vn 0.7325835 -0.5621315 -0.38383546
vn 0.7325835 -0.5621315 -0.38383546
vn 0.7325835 -0.5621315 -0.38383546
vn 0.12052789 0.9155018 -0.38383526
vn 0.12052789 0.9155018 -0.38383526
vn 0.12052789 0.9155018 -0.38383526
vn 0.12052789 0.9155018 -0.38383526
g Mill lvl3 Final _0
f 3/3/3 2/2/2 1/1/1
f 6/6/6 5/5/5 4/4/4
f 9/9/9 8/8/8 7/7/7
f 12/12/12 11/11/11 10/10/10
f 15/15/15 14/14/14 13/13/13
f 18/18/18 17/17/17 16/16/16
f 21/21/21 20/20/20 19/19/19
f 24/24/24 23/23/23 22/22/22
f 27/27/27 26/26/26 25/25/25
f 30/30/30 29/29/29 28/28/28
f 33/33/33 32/32/32 31/31/31
f 36/36/36 35/35/35 34/34/34
f 39/39/39 38/38/38 37/37/37
f 42/42/42 41/41/41 40/40/40
f 45/45/45 44/44/44 43/43/43
f 48/48/48 47/47/47 46/46/46
f 51/51/51 50/50/50 49/49/49
f 54/54/54 53/53/53 52/52/52
f 57/57/57 56/56/56 55/55/55
f 60/60/60 59/59/59 58/58/58
f 63/63/63 62/62/62 61/61/61
f 66/66/66 65/65/65 64/64/64
f 69/69/69 68/68/68 67/67/67
f 72/72/72 71/71/71 70/70/70
f 75/75/75 74/74/74 73/73/73
f 76/76/76 75/75/75 73/73/73
f 77/77/77 75/75/75 76/76/76
f 78/78/78 77/77/77 76/76/76
f 79/79/79 77/77/77 78/78/78
f 80/80/80 79/79/79 78/78/78
f 81/81/81 79/79/79 80/80/80
f 82/82/82 81/81/81 80/80/80
f 83/83/83 81/81/81 82/82/82
f 84/84/84 83/83/83 82/82/82
f 85/85/85 83/83/83 84/84/84
f 86/86/86 85/85/85 84/84/84
f 87/87/87 85/85/85 86/86/86
f 88/88/88 87/87/87 86/86/86
f 89/89/89 87/87/87 88/88/88
f 90/90/90 89/89/89 88/88/88
f 91/91/91 89/89/89 90/90/90
f 92/92/92 91/91/91 90/90/90
f 93/93/93 91/91/91 92/92/92
f 94/94/94 93/93/93 92/92/92
f 95/95/95 93/93/93 94/94/94
f 96/96/96 95/95/95 94/94/94
f 97/97/97 95/95/95 96/96/96
f 98/98/98 97/97/97 96/96/96
f 99/99/99 97/97/97 98/98/98
f 100/100/100 99/99/99 98/98/98
f 101/101/101 99/99/99 100/100/100
f 102/102/102 101/101/101 100/100/100
f 103/103/103 101/101/101 102/102/102
f 104/104/104 103/103/103 102/102/102
f 105/105/105 103/103/103 104/104/104
f 106/106/106 105/105/105 104/104/104
f 107/107/107 105/105/105 106/106/106
f 108/108/108 107/107/107 106/106/106
f 109/109/109 107/107/107 108/108/108
f 110/110/110 109/109/109 108/108/108
f 111/111/111 109/109/109 110/110/110
f 112/112/112 111/111/111 110/110/110
f 113/113/113 111/111/111 112/112/112
f 114/114/114 113/113/113 112/112/112
f 115/115/115 113/113/113 114/114/114
f 116/116/116 115/115/115 114/114/114
f 117/117/117 115/115/115 116/116/116
f 118/118/118 117/117/117 116/116/116
f 119/119/119 117/117/117 118/118/118
f 120/120/120 119/119/119 118/118/118
f 121/121/121 119/119/119 120/120/120
f 122/122/122 121/121/121 120/120/120
f 125/125/125 124/124/124 123/123/123
f 126/126/126 125/125/125 123/123/123
f 129/129/129 128/128/128 127/127/127
f 130/130/130 129/129/129 127/127/127
f 133/133/133 132/132/132 131/131/131
f 134/134/134 133/133/133 131/131/131
f 137/137/137 136/136/136 135/135/135
f 138/138/138 137/137/137 135/135/135
f 141/141/141 140/140/140 139/139/139
f 142/142/142 141/141/141 139/139/139
f 145/145/145 144/144/144 143/143/143
f 146/146/146 145/145/145 143/143/143
f 149/149/149 148/148/148 147/147/147
f 150/150/150 149/149/149 147/147/147
f 153/153/153 152/152/152 151/151/151
f 154/154/154 153/153/153 151/151/151
f 157/157/157 156/156/156 155/155/155
f 158/158/158 157/157/157 155/155/155
f 161/161/161 160/160/160 159/159/159
f 162/162/162 161/161/161 159/159/159
f 165/165/165 164/164/164 163/163/163
f 166/166/166 165/165/165 163/163/163
f 169/169/169 168/168/168 167/167/167
f 170/170/170 169/169/169 167/167/167
f 173/173/173 172/172/172 171/171/171
f 174/174/174 173/173/173 171/171/171
f 177/177/177 176/176/176 175/175/175
f 178/178/178 177/177/177 175/175/175
f 181/181/181 180/180/180 179/179/179
f 182/182/182 181/181/181 179/179/179
f 185/185/185 184/184/184 183/183/183
f 186/186/186 185/185/185 183/183/183
f 189/189/189 188/188/188 187/187/187
f 190/190/190 189/189/189 187/187/187
f 193/193/193 192/192/192 191/191/191
f 194/194/194 193/193/193 191/191/191
f 197/197/197 196/196/196 195/195/195
f 198/198/198 197/197/197 195/195/195
f 201/201/201 200/200/200 199/199/199
f 202/202/202 201/201/201 199/199/199
f 205/205/205 204/204/204 203/203/203
f 206/206/206 205/205/205 203/203/203
f 209/209/209 208/208/208 207/207/207
f 210/210/210 209/209/209 207/207/207
f 213/213/213 212/212/212 211/211/211
f 214/214/214 213/213/213 211/211/211
f 217/217/217 216/216/216 215/215/215
f 218/218/218 217/217/217 215/215/215
f 221/221/221 220/220/220 219/219/219
f 222/222/222 221/221/221 219/219/219
f 225/225/225 224/224/224 223/223/223
f 226/226/226 225/225/225 223/223/223
f 229/229/229 228/228/228 227/227/227
f 230/230/230 229/229/229 227/227/227
f 233/233/233 232/232/232 231/231/231
f 234/234/234 233/233/233 231/231/231
f 237/237/237 236/236/236 235/235/235
f 238/238/238 237/237/237 235/235/235
f 241/241/241 240/240/240 239/239/239
f 242/242/242 241/241/241 239/239/239
f 245/245/245 244/244/244 243/243/243
f 246/246/246 245/245/245 243/243/243
f 249/249/249 248/248/248 247/247/247
f 250/250/250 249/249/249 247/247/247
f 253/253/253 252/252/252 251/251/251
f 254/254/254 253/253/253 251/251/251
f 257/257/257 256/256/256 255/255/255
f 258/258/258 257/257/257 255/255/255
f 261/261/261 260/260/260 259/259/259
f 262/262/262 261/261/261 259/259/259
f 265/265/265 264/264/264 263/263/263
f 266/266/266 265/265/265 263/263/263
f 269/269/269 268/268/268 267/267/267
f 270/270/270 269/269/269 267/267/267
f 273/273/273 272/272/272 271/271/271
f 274/274/274 273/273/273 271/271/271
f 277/277/277 276/276/276 275/275/275
f 278/278/278 277/277/277 275/275/275
f 281/281/281 280/280/280 279/279/279
f 282/282/282 281/281/281 279/279/279
f 285/285/285 284/284/284 283/283/283
f 286/286/286 285/285/285 283/283/283
f 289/289/289 288/288/288 287/287/287
f 290/290/290 289/289/289 287/287/287
f 293/293/293 292/292/292 291/291/291
f 294/294/294 293/293/293 291/291/291
f 297/297/297 296/296/296 295/295/295
f 298/298/298 297/297/297 295/295/295
f 301/301/301 300/300/300 299/299/299
f 302/302/302 301/301/301 299/299/299
f 305/305/305 304/304/304 303/303/303
f 306/306/306 305/305/305 303/303/303
f 309/309/309 308/308/308 307/307/307
f 310/310/310 309/309/309 307/307/307
f 313/313/313 312/312/312 311/311/311
f 314/314/314 313/313/313 311/311/311
f 317/317/317 316/316/316 315/315/315
f 318/318/318 317/317/317 315/315/315
f 321/321/321 320/320/320 319/319/319
f 322/322/322 321/321/321 319/319/319
f 325/325/325 324/324/324 323/323/323
f 326/326/326 325/325/325 323/323/323
f 329/329/329 328/328/328 327/327/327
f 330/330/330 329/329/329 327/327/327
f 333/333/333 332/332/332 331/331/331
f 334/334/334 333/333/333 331/331/331
f 337/337/337 336/336/336 335/335/335
f 338/338/338 337/337/337 335/335/335
f 341/341/341 340/340/340 339/339/339
f 342/342/342 341/341/341 339/339/339
f 345/345/345 344/344/344 343/343/343
f 346/346/346 345/345/345 343/343/343
f 349/349/349 348/348/348 347/347/347
f 350/350/350 349/349/349 347/347/347
f 353/353/353 352/352/352 351/351/351
f 354/354/354 353/353/353 351/351/351
f 357/357/357 356/356/356 355/355/355
f 358/358/358 357/357/357 355/355/355
f 361/361/361 360/360/360 359/359/359
f 362/362/362 361/361/361 359/359/359
f 365/365/365 364/364/364 363/363/363
f 366/366/366 365/365/365 363/363/363
f 369/369/369 368/368/368 367/367/367
f 370/370/370 369/369/369 367/367/367
f 373/373/373 372/372/372 371/371/371
f 374/374/374 373/373/373 371/371/371
f 377/377/377 376/376/376 375/375/375
f 378/378/378 377/377/377 375/375/375
f 381/381/381 380/380/380 379/379/379
f 382/382/382 381/381/381 379/379/379
f 385/385/385 384/384/384 383/383/383
f 386/386/386 385/385/385 383/383/383
f 389/389/389 388/388/388 387/387/387
f 390/390/390 389/389/389 387/387/387
f 393/393/393 392/392/392 391/391/391
f 394/394/394 393/393/393 391/391/391
f 397/397/397 396/396/396 395/395/395
f 398/398/398 397/397/397 395/395/395
f 401/401/401 400/400/400 399/399/399
f 402/402/402 401/401/401 399/399/399
f 405/405/405 404/404/404 403/403/403
f 406/406/406 405/405/405 403/403/403
f 409/409/409 408/408/408 407/407/407
f 410/410/410 409/409/409 407/407/407
f 413/413/413 412/412/412 411/411/411
f 412/412/412 414/414/414 411/411/411
f 411/411/411 414/414/414 415/415/415
f 414/414/414 416/416/416 415/415/415
f 415/415/415 416/416/416 417/417/417
f 416/416/416 418/418/418 417/417/417
f 417/417/417 418/418/418 419/419/419
f 418/418/418 420/420/420 419/419/419
f 419/419/419 420/420/420 421/421/421
f 420/420/420 422/422/422 421/421/421
f 421/421/421 422/422/422 423/423/423
f 422/422/422 424/424/424 423/423/423
f 423/423/423 424/424/424 425/425/425
f 424/424/424 426/426/426 425/425/425
f 425/425/425 426/426/426 427/427/427
f 426/426/426 428/428/428 427/427/427
f 427/427/427 428/428/428 429/429/429
f 428/428/428 430/430/430 429/429/429
f 429/429/429 430/430/430 431/431/431
f 430/430/430 432/432/432 431/431/431
f 431/431/431 432/432/432 433/433/433
f 432/432/432 434/434/434 433/433/433
f 433/433/433 434/434/434 435/435/435
f 434/434/434 436/436/436 435/435/435
f 435/435/435 436/436/436 437/437/437
f 436/436/436 438/438/438 437/437/437
f 437/437/437 438/438/438 439/439/439
f 438/438/438 440/440/440 439/439/439
f 439/439/439 440/440/440 441/441/441
f 440/440/440 442/442/442 441/441/441
f 441/441/441 442/442/442 443/443/443
f 442/442/442 444/444/444 443/443/443
f 443/443/443 444/444/444 445/445/445
f 444/444/444 446/446/446 445/445/445
f 445/445/445 446/446/446 447/447/447
f 446/446/446 448/448/448 447/447/447
f 447/447/447 448/448/448 449/449/449
f 448/448/448 450/450/450 449/449/449
f 449/449/449 450/450/450 451/451/451
f 450/450/450 452/452/452 451/451/451
f 451/451/451 452/452/452 453/453/453
f 452/452/452 454/454/454 453/453/453
f 453/453/453 454/454/454 455/455/455
f 454/454/454 456/456/456 455/455/455
f 455/455/455 456/456/456 457/457/457
f 456/456/456 458/458/458 457/457/457
f 457/457/457 458/458/458 459/459/459
f 458/458/458 460/460/460 459/459/459
f 463/463/463 462/462/462 461/461/461
f 464/464/464 463/463/463 461/461/461
f 465/465/465 463/463/463 464/464/464
f 466/466/466 465/465/465 464/464/464
f 467/467/467 465/465/465 466/466/466
f 468/468/468 467/467/467 466/466/466
f 469/469/469 467/467/467 468/468/468
f 470/470/470 469/469/469 468/468/468
f 471/471/471 469/469/469 470/470/470
f 472/472/472 471/471/471 470/470/470
f 473/473/473 471/471/471 472/472/472
f 474/474/474 473/473/473 472/472/472
f 475/475/475 473/473/473 474/474/474
f 476/476/476 475/475/475 474/474/474
f 477/477/477 475/475/475 476/476/476
f 478/478/478 477/477/477 476/476/476
f 479/479/479 477/477/477 478/478/478
f 480/480/480 479/479/479 478/478/478
f 481/481/481 479/479/479 480/480/480
f 482/482/482 481/481/481 480/480/480
f 483/483/483 481/481/481 482/482/482
f 484/484/484 483/483/483 482/482/482
f 485/485/485 483/483/483 484/484/484
f 486/486/486 485/485/485 484/484/484
f 487/487/487 485/485/485 486/486/486
f 488/488/488 487/487/487 486/486/486
f 489/489/489 487/487/487 488/488/488
f 490/490/490 489/489/489 488/488/488
f 491/491/491 489/489/489 490/490/490
f 492/492/492 491/491/491 490/490/490
f 493/493/493 491/491/491 492/492/492
f 494/494/494 493/493/493 492/492/492
f 495/495/495 493/493/493 494/494/494
f 496/496/496 495/495/495 494/494/494
f 497/497/497 495/495/495 496/496/496
f 498/498/498 497/497/497 496/496/496
f 499/499/499 497/497/497 498/498/498
f 500/500/500 499/499/499 498/498/498
f 501/501/501 499/499/499 500/500/500
f 502/502/502 501/501/501 500/500/500
f 503/503/503 501/501/501 502/502/502
f 504/504/504 503/503/503 502/502/502
f 505/505/505 503/503/503 504/504/504
f 506/506/506 505/505/505 504/504/504
f 507/507/507 505/505/505 506/506/506
f 508/508/508 507/507/507 506/506/506
f 509/509/509 507/507/507 508/508/508
f 510/510/510 509/509/509 508/508/508
f 513/513/513 512/512/512 511/511/511
f 512/512/512 514/514/514 511/511/511
f 511/511/511 514/514/514 515/515/515
f 514/514/514 516/516/516 515/515/515
f 515/515/515 516/516/516 517/517/517
f 516/516/516 518/518/518 517/517/517
f 517/517/517 518/518/518 519/519/519
f 518/518/518 520/520/520 519/519/519
f 519/519/519 520/520/520 521/521/521
f 520/520/520 522/522/522 521/521/521
f 521/521/521 522/522/522 523/523/523
f 522/522/522 524/524/524 523/523/523
f 523/523/523 524/524/524 525/525/525
f 524/524/524 526/526/526 525/525/525
f 525/525/525 526/526/526 527/527/527
f 526/526/526 528/528/528 527/527/527
f 527/527/527 528/528/528 529/529/529
f 528/528/528 530/530/530 529/529/529
f 529/529/529 530/530/530 531/531/531
f 530/530/530 532/532/532 531/531/531
f 531/531/531 532/532/532 533/533/533
f 532/532/532 534/534/534 533/533/533
f 533/533/533 534/534/534 535/535/535
f 534/534/534 536/536/536 535/535/535
f 535/535/535 536/536/536 537/537/537
f 536/536/536 538/538/538 537/537/537
f 537/537/537 538/538/538 539/539/539
f 538/538/538 540/540/540 539/539/539
f 539/539/539 540/540/540 541/541/541
f 540/540/540 542/542/542 541/541/541
f 541/541/541 542/542/542 543/543/543
f 542/542/542 544/544/544 543/543/543
f 543/543/543 544/544/544 545/545/545
f 544/544/544 546/546/546 545/545/545
f 545/545/545 546/546/546 547/547/547
f 546/546/546 548/548/548 547/547/547
f 547/547/547 548/548/548 549/549/549
f 548/548/548 550/550/550 549/549/549
f 549/549/549 550/550/550 551/551/551
f 550/550/550 552/552/552 551/551/551
f 551/551/551 552/552/552 553/553/553
f 552/552/552 554/554/554 553/553/553
f 553/553/553 554/554/554 555/555/555
f 554/554/554 556/556/556 555/555/555
f 555/555/555 556/556/556 557/557/557
f 556/556/556 558/558/558 557/557/557
f 557/557/557 558/558/558 559/559/559
f 558/558/558 560/560/560 559/559/559
f 563/563/563 562/562/562 561/561/561
f 562/562/562 564/564/564 561/561/561
f 561/561/561 564/564/564 565/565/565
f 564/564/564 566/566/566 565/565/565
f 565/565/565 566/566/566 567/567/567
f 566/566/566 568/568/568 567/567/567
f 567/567/567 568/568/568 569/569/569
f 568/568/568 570/570/570 569/569/569
f 569/569/569 570/570/570 571/571/571
f 570/570/570 572/572/572 571/571/571
f 571/571/571 572/572/572 573/573/573
f 572/572/572 574/574/574 573/573/573
f 573/573/573 574/574/574 575/575/575
f 574/574/574 576/576/576 575/575/575
f 575/575/575 576/576/576 577/577/577
f 576/576/576 578/578/578 577/577/577
f 577/577/577 578/578/578 579/579/579
f 578/578/578 580/580/580 579/579/579
f 579/579/579 580/580/580 581/581/581
f 580/580/580 582/582/582 581/581/581
f 581/581/581 582/582/582 583/583/583
f 582/582/582 584/584/584 583/583/583
f 583/583/583 584/584/584 585/585/585
f 584/584/584 586/586/586 585/585/585
f 585/585/585 586/586/586 587/587/587
f 586/586/586 588/588/588 587/587/587
f 587/587/587 588/588/588 589/589/589
f 588/588/588 590/590/590 589/589/589
f 589/589/589 590/590/590 591/591/591
f 590/590/590 592/592/592 591/591/591
f 591/591/591 592/592/592 593/593/593
f 592/592/592 594/594/594 593/593/593
f 593/593/593 594/594/594 595/595/595
f 594/594/594 596/596/596 595/595/595
f 595/595/595 596/596/596 597/597/597
f 596/596/596 598/598/598 597/597/597
f 597/597/597 598/598/598 599/599/599
f 598/598/598 600/600/600 599/599/599
f 599/599/599 600/600/600 601/601/601
f 600/600/600 602/602/602 601/601/601
f 601/601/601 602/602/602 603/603/603
f 602/602/602 604/604/604 603/603/603
f 603/603/603 604/604/604 605/605/605
f 604/604/604 606/606/606 605/605/605
f 605/605/605 606/606/606 607/607/607
f 606/606/606 608/608/608 607/607/607
f 607/607/607 608/608/608 609/609/609
f 608/608/608 610/610/610 609/609/609
f 613/613/613 612/612/612 611/611/611
f 614/614/614 613/613/613 611/611/611
f 617/617/617 616/616/616 615/615/615
f 618/618/618 617/617/617 615/615/615
f 621/621/621 620/620/620 619/619/619
f 622/622/622 621/621/621 619/619/619
f 625/625/625 624/624/624 623/623/623
f 626/626/626 625/625/625 623/623/623
f 629/629/629 628/628/628 627/627/627
f 630/630/630 629/629/629 627/627/627
f 633/633/633 632/632/632 631/631/631
f 634/634/634 633/633/633 631/631/631
f 637/637/637 636/636/636 635/635/635
f 638/638/638 637/637/637 635/635/635
f 641/641/641 640/640/640 639/639/639
f 642/642/642 641/641/641 639/639/639
f 645/645/645 644/644/644 643/643/643
f 646/646/646 645/645/645 643/643/643
f 649/649/649 648/648/648 647/647/647
f 650/650/650 649/649/649 647/647/647
f 653/653/653 652/652/652 651/651/651
f 654/654/654 653/653/653 651/651/651
f 657/657/657 656/656/656 655/655/655
f 658/658/658 657/657/657 655/655/655
f 661/661/661 660/660/660 659/659/659
f 662/662/662 661/661/661 659/659/659
f 665/665/665 664/664/664 663/663/663
f 666/666/666 665/665/665 663/663/663
f 669/669/669 668/668/668 667/667/667
f 670/670/670 669/669/669 667/667/667
f 673/673/673 672/672/672 671/671/671
f 674/674/674 673/673/673 671/671/671
f 677/677/677 676/676/676 675/675/675
f 678/678/678 677/677/677 675/675/675
f 681/681/681 680/680/680 679/679/679
f 682/682/682 681/681/681 679/679/679
f 685/685/685 684/684/684 683/683/683
f 686/686/686 685/685/685 683/683/683
f 689/689/689 688/688/688 687/687/687
f 690/690/690 689/689/689 687/687/687
f 693/693/693 692/692/692 691/691/691
f 694/694/694 693/693/693 691/691/691
f 697/697/697 696/696/696 695/695/695
f 698/698/698 697/697/697 695/695/695
f 701/701/701 700/700/700 699/699/699
f 702/702/702 701/701/701 699/699/699
f 705/705/705 704/704/704 703/703/703
f 706/706/706 705/705/705 703/703/703
f 709/709/709 708/708/708 707/707/707
f 710/710/710 709/709/709 707/707/707
f 713/713/713 712/712/712 711/711/711
f 714/714/714 713/713/713 711/711/711
f 717/717/717 716/716/716 715/715/715
f 718/718/718 717/717/717 715/715/715
f 721/721/721 720/720/720 719/719/719
f 722/722/722 721/721/721 719/719/719
f 725/725/725 724/724/724 723/723/723
f 726/726/726 725/725/725 723/723/723
f 729/729/729 728/728/728 727/727/727
f 730/730/730 729/729/729 727/727/727
f 733/733/733 732/732/732 731/731/731
f 734/734/734 733/733/733 731/731/731
f 737/737/737 736/736/736 735/735/735
f 738/738/738 737/737/737 735/735/735
f 741/741/741 740/740/740 739/739/739
f 742/742/742 741/741/741 739/739/739
f 745/745/745 744/744/744 743/743/743
f 746/746/746 745/745/745 743/743/743
f 749/749/749 748/748/748 747/747/747
f 750/750/750 749/749/749 747/747/747
f 753/753/753 752/752/752 751/751/751
f 754/754/754 753/753/753 751/751/751
f 757/757/757 756/756/756 755/755/755
f 758/758/758 757/757/757 755/755/755
f 761/761/761 760/760/760 759/759/759
f 762/762/762 761/761/761 759/759/759
f 765/765/765 764/764/764 763/763/763
f 766/766/766 765/765/765 763/763/763
f 769/769/769 768/768/768 767/767/767
f 770/770/770 769/769/769 767/767/767
f 773/773/773 772/772/772 771/771/771
f 774/774/774 773/773/773 771/771/771
f 777/777/777 776/776/776 775/775/775
f 778/778/778 777/777/777 775/775/775
f 781/781/781 780/780/780 779/779/779
f 782/782/782 781/781/781 779/779/779
f 785/785/785 784/784/784 783/783/783
f 786/786/786 785/785/785 783/783/783
f 789/789/789 788/788/788 787/787/787
f 790/790/790 789/789/789 787/787/787
f 793/793/793 792/792/792 791/791/791
f 794/794/794 793/793/793 791/791/791
f 797/797/797 796/796/796 795/795/795
f 798/798/798 797/797/797 795/795/795
f 801/801/801 800/800/800 799/799/799
f 802/802/802 801/801/801 799/799/799
f 805/805/805 804/804/804 803/803/803
f 806/806/806 805/805/805 803/803/803
f 809/809/809 808/808/808 807/807/807
f 810/810/810 809/809/809 807/807/807
f 813/813/813 812/812/812 811/811/811
f 814/814/814 813/813/813 811/811/811
f 817/817/817 816/816/816 815/815/815
f 818/818/818 817/817/817 815/815/815
f 821/821/821 820/820/820 819/819/819
f 822/822/822 821/821/821 819/819/819
f 825/825/825 824/824/824 823/823/823
f 826/826/826 825/825/825 823/823/823
f 829/829/829 828/828/828 827/827/827
f 830/830/830 829/829/829 827/827/827
f 833/833/833 832/832/832 831/831/831
f 834/834/834 833/833/833 831/831/831
f 837/837/837 836/836/836 835/835/835
f 838/838/838 837/837/837 835/835/835
f 841/841/841 840/840/840 839/839/839
f 842/842/842 841/841/841 839/839/839
f 845/845/845 844/844/844 843/843/843
f 846/846/846 845/845/845 843/843/843
f 849/849/849 848/848/848 847/847/847
f 850/850/850 849/849/849 847/847/847
f 853/853/853 852/852/852 851/851/851
f 854/854/854 853/853/853 851/851/851
f 857/857/857 856/856/856 855/855/855
f 858/858/858 857/857/857 855/855/855
f 861/861/861 860/860/860 859/859/859
f 862/862/862 861/861/861 859/859/859
f 865/865/865 864/864/864 863/863/863
f 866/866/866 865/865/865 863/863/863
f 869/869/869 868/868/868 867/867/867
f 870/870/870 869/869/869 867/867/867
f 873/873/873 872/872/872 871/871/871
f 874/874/874 873/873/873 871/871/871
f 877/877/877 876/876/876 875/875/875
f 878/878/878 877/877/877 875/875/875
f 881/881/881 880/880/880 879/879/879
f 882/882/882 881/881/881 879/879/879
f 885/885/885 884/884/884 883/883/883
f 886/886/886 885/885/885 883/883/883
f 889/889/889 888/888/888 887/887/887
f 890/890/890 889/889/889 887/887/887
f 893/893/893 892/892/892 891/891/891
f 894/894/894 893/893/893 891/891/891
f 897/897/897 896/896/896 895/895/895
f 898/898/898 897/897/897 895/895/895
f 901/901/901 900/900/900 899/899/899
f 902/902/902 901/901/901 899/899/899
f 905/905/905 904/904/904 903/903/903
f 906/906/906 905/905/905 903/903/903
f 909/909/909 908/908/908 907/907/907
f 910/910/910 909/909/909 907/907/907
f 913/913/913 912/912/912 911/911/911
f 914/914/914 913/913/913 911/911/911
f 917/917/917 916/916/916 915/915/915
f 918/918/918 917/917/917 915/915/915
f 921/921/921 920/920/920 919/919/919
f 922/922/922 921/921/921 919/919/919
f 925/925/925 924/924/924 923/923/923
f 926/926/926 925/925/925 923/923/923
f 929/929/929 928/928/928 927/927/927
f 930/930/930 929/929/929 927/927/927
f 933/933/933 932/932/932 931/931/931
f 934/934/934 933/933/933 931/931/931
f 937/937/937 936/936/936 935/935/935
f 938/938/938 937/937/937 935/935/935
f 941/941/941 940/940/940 939/939/939
f 942/942/942 941/941/941 939/939/939
f 945/945/945 944/944/944 943/943/943
f 946/946/946 945/945/945 943/943/943
f 949/949/949 948/948/948 947/947/947
f 950/950/950 949/949/949 947/947/947
f 953/953/953 952/952/952 951/951/951
f 954/954/954 953/953/953 951/951/951
f 957/957/957 956/956/956 955/955/955
f 958/958/958 957/957/957 955/955/955
f 961/961/961 960/960/960 959/959/959
f 962/962/962 961/961/961 959/959/959
f 965/965/965 964/964/964 963/963/963
f 966/966/966 965/965/965 963/963/963
f 969/969/969 968/968/968 967/967/967
f 970/970/970 969/969/969 967/967/967
f 973/973/973 972/972/972 971/971/971
f 974/974/974 973/973/973 971/971/971
f 977/977/977 976/976/976 975/975/975
f 978/978/978 977/977/977 975/975/975
f 981/981/981 980/980/980 979/979/979
f 982/982/982 981/981/981 979/979/979
f 985/985/985 984/984/984 983/983/983
f 986/986/986 985/985/985 983/983/983
f 989/989/989 988/988/988 987/987/987
f 990/990/990 989/989/989 987/987/987
f 993/993/993 992/992/992 991/991/991
f 994/994/994 993/993/993 991/991/991
f 997/997/997 996/996/996 995/995/995
f 998/998/998 997/997/997 995/995/995
f 1001/1001/1001 1000/1000/1000 999/999/999
f 1002/1002/1002 1001/1001/1001 999/999/999
f 1005/1005/1005 1004/1004/1004 1003/1003/1003
f 1006/1006/1006 1005/1005/1005 1003/1003/1003
f 1009/1009/1009 1008/1008/1008 1007/1007/1007
f 1010/1010/1010 1009/1009/1009 1007/1007/1007
f 1013/1013/1013 1012/1012/1012 1011/1011/1011
f 1014/1014/1014 1013/1013/1013 1011/1011/1011
f 1017/1017/1017 1016/1016/1016 1015/1015/1015
f 1018/1018/1018 1017/1017/1017 1015/1015/1015
f 1021/1021/1021 1020/1020/1020 1019/1019/1019
f 1022/1022/1022 1021/1021/1021 1019/1019/1019
f 1025/1025/1025 1024/1024/1024 1023/1023/1023
f 1026/1026/1026 1025/1025/1025 1023/1023/1023
f 1029/1029/1029 1028/1028/1028 1027/1027/1027
f 1030/1030/1030 1029/1029/1029 1027/1027/1027
f 1033/1033/1033 1032/1032/1032 1031/1031/1031
f 1034/1034/1034 1033/1033/1033 1031/1031/1031
f 1037/1037/1037 1036/1036/1036 1035/1035/1035
f 1038/1038/1038 1037/1037/1037 1035/1035/1035
f 1041/1041/1041 1040/1040/1040 1039/1039/1039
f 1042/1042/1042 1041/1041/1041 1039/1039/1039
f 1045/1045/1045 1044/1044/1044 1043/1043/1043
f 1046/1046/1046 1045/1045/1045 1043/1043/1043
f 1049/1049/1049 1048/1048/1048 1047/1047/1047
f 1050/1050/1050 1049/1049/1049 1047/1047/1047
f 1053/1053/1053 1052/1052/1052 1051/1051/1051
f 1054/1054/1054 1053/1053/1053 1051/1051/1051
f 1057/1057/1057 1056/1056/1056 1055/1055/1055
f 1058/1058/1058 1057/1057/1057 1055/1055/1055
f 1061/1061/1061 1060/1060/1060 1059/1059/1059
f 1062/1062/1062 1061/1061/1061 1059/1059/1059
f 1065/1065/1065 1064/1064/1064 1063/1063/1063
f 1066/1066/1066 1065/1065/1065 1063/1063/1063
f 1069/1069/1069 1068/1068/1068 1067/1067/1067
f 1070/1070/1070 1069/1069/1069 1067/1067/1067
f 1073/1073/1073 1072/1072/1072 1071/1071/1071
f 1074/1074/1074 1073/1073/1073 1071/1071/1071
f 1077/1077/1077 1076/1076/1076 1075/1075/1075
f 1078/1078/1078 1077/1077/1077 1075/1075/1075
f 1081/1081/1081 1080/1080/1080 1079/1079/1079
f 1082/1082/1082 1081/1081/1081 1079/1079/1079
f 1085/1085/1085 1084/1084/1084 1083/1083/1083
f 1086/1086/1086 1085/1085/1085 1083/1083/1083
f 1089/1089/1089 1088/1088/1088 1087/1087/1087
f 1090/1090/1090 1089/1089/1089 1087/1087/1087
f 1093/1093/1093 1092/1092/1092 1091/1091/1091
f 1094/1094/1094 1093/1093/1093 1091/1091/1091
f 1097/1097/1097 1096/1096/1096 1095/1095/1095
f 1098/1098/1098 1097/1097/1097 1095/1095/1095
f 1101/1101/1101 1100/1100/1100 1099/1099/1099
f 1102/1102/1102 1101/1101/1101 1099/1099/1099
f 1105/1105/1105 1104/1104/1104 1103/1103/1103
f 1106/1106/1106 1105/1105/1105 1103/1103/1103
f 1109/1109/1109 1108/1108/1108 1107/1107/1107
f 1110/1110/1110 1109/1109/1109 1107/1107/1107
f 1113/1113/1113 1112/1112/1112 1111/1111/1111
f 1114/1114/1114 1113/1113/1113 1111/1111/1111
f 1117/1117/1117 1116/1116/1116 1115/1115/1115
f 1118/1118/1118 1117/1117/1117 1115/1115/1115
f 1121/1121/1121 1120/1120/1120 1119/1119/1119
f 1122/1122/1122 1121/1121/1121 1119/1119/1119
f 1125/1125/1125 1124/1124/1124 1123/1123/1123
f 1126/1126/1126 1125/1125/1125 1123/1123/1123
f 1129/1129/1129 1128/1128/1128 1127/1127/1127
f 1130/1130/1130 1129/1129/1129 1127/1127/1127
f 1133/1133/1133 1132/1132/1132 1131/1131/1131
f 1134/1134/1134 1133/1133/1133 1131/1131/1131
f 1137/1137/1137 1136/1136/1136 1135/1135/1135
f 1138/1138/1138 1137/1137/1137 1135/1135/1135
f 1141/1141/1141 1140/1140/1140 1139/1139/1139
f 1142/1142/1142 1141/1141/1141 1139/1139/1139
f 1145/1145/1145 1144/1144/1144 1143/1143/1143
f 1146/1146/1146 1145/1145/1145 1143/1143/1143
f 1149/1149/1149 1148/1148/1148 1147/1147/1147
f 1150/1150/1150 1149/1149/1149 1147/1147/1147
f 1153/1153/1153 1152/1152/1152 1151/1151/1151
f 1154/1154/1154 1153/1153/1153 1151/1151/1151
f 1157/1157/1157 1156/1156/1156 1155/1155/1155
f 1158/1158/1158 1157/1157/1157 1155/1155/1155
f 1161/1161/1161 1160/1160/1160 1159/1159/1159
f 1162/1162/1162 1161/1161/1161 1159/1159/1159
f 1165/1165/1165 1164/1164/1164 1163/1163/1163
f 1166/1166/1166 1165/1165/1165 1163/1163/1163
f 1169/1169/1169 1168/1168/1168 1167/1167/1167
f 1170/1170/1170 1169/1169/1169 1167/1167/1167
f 1173/1173/1173 1172/1172/1172 1171/1171/1171
f 1174/1174/1174 1173/1173/1173 1171/1171/1171
f 1177/1177/1177 1176/1176/1176 1175/1175/1175
f 1178/1178/1178 1177/1177/1177 1175/1175/1175
f 1181/1181/1181 1180/1180/1180 1179/1179/1179
f 1182/1182/1182 1181/1181/1181 1179/1179/1179
f 1185/1185/1185 1184/1184/1184 1183/1183/1183
f 1186/1186/1186 1185/1185/1185 1183/1183/1183
f 1189/1189/1189 1188/1188/1188 1187/1187/1187
f 1190/1190/1190 1189/1189/1189 1187/1187/1187
f 1193/1193/1193 1192/1192/1192 1191/1191/1191
f 1194/1194/1194 1193/1193/1193 1191/1191/1191
f 1197/1197/1197 1196/1196/1196 1195/1195/1195
f 1198/1198/1198 1197/1197/1197 1195/1195/1195
f 1201/1201/1201 1200/1200/1200 1199/1199/1199
f 1202/1202/1202 1201/1201/1201 1199/1199/1199
f 1205/1205/1205 1204/1204/1204 1203/1203/1203
f 1206/1206/1206 1205/1205/1205 1203/1203/1203
f 1209/1209/1209 1208/1208/1208 1207/1207/1207
f 1210/1210/1210 1209/1209/1209 1207/1207/1207
f 1213/1213/1213 1212/1212/1212 1211/1211/1211
f 1214/1214/1214 1213/1213/1213 1211/1211/1211
f 1217/1217/1217 1216/1216/1216 1215/1215/1215
f 1218/1218/1218 1217/1217/1217 1215/1215/1215
f 1221/1221/1221 1220/1220/1220 1219/1219/1219
f 1222/1222/1222 1221/1221/1221 1219/1219/1219
f 1225/1225/1225 1224/1224/1224 1223/1223/1223
f 1226/1226/1226 1225/1225/1225 1223/1223/1223
f 1229/1229/1229 1228/1228/1228 1227/1227/1227
f 1230/1230/1230 1229/1229/1229 1227/1227/1227
f 1233/1233/1233 1232/1232/1232 1231/1231/1231
f 1234/1234/1234 1233/1233/1233 1231/1231/1231
f 1237/1237/1237 1236/1236/1236 1235/1235/1235
f 1238/1238/1238 1237/1237/1237 1235/1235/1235
f 1241/1241/1241 1240/1240/1240 1239/1239/1239
f 1242/1242/1242 1241/1241/1241 1239/1239/1239
f 1245/1245/1245 1244/1244/1244 1243/1243/1243
f 1246/1246/1246 1245/1245/1245 1243/1243/1243
f 1249/1249/1249 1248/1248/1248 1247/1247/1247
f 1250/1250/1250 1249/1249/1249 1247/1247/1247
f 1253/1253/1253 1252/1252/1252 1251/1251/1251
f 1254/1254/1254 1253/1253/1253 1251/1251/1251
f 1257/1257/1257 1256/1256/1256 1255/1255/1255
f 1258/1258/1258 1257/1257/1257 1255/1255/1255
f 1261/1261/1261 1260/1260/1260 1259/1259/1259
f 1262/1262/1262 1261/1261/1261 1259/1259/1259
f 1265/1265/1265 1264/1264/1264 1263/1263/1263
f 1266/1266/1266 1265/1265/1265 1263/1263/1263
f 1269/1269/1269 1268/1268/1268 1267/1267/1267
f 1270/1270/1270 1269/1269/1269 1267/1267/1267
f 1273/1273/1273 1272/1272/1272 1271/1271/1271
f 1274/1274/1274 1273/1273/1273 1271/1271/1271
f 1277/1277/1277 1276/1276/1276 1275/1275/1275
f 1278/1278/1278 1277/1277/1277 1275/1275/1275
f 1281/1281/1281 1280/1280/1280 1279/1279/1279
f 1282/1282/1282 1281/1281/1281 1279/1279/1279
f 1285/1285/1285 1284/1284/1284 1283/1283/1283
f 1286/1286/1286 1285/1285/1285 1283/1283/1283
f 1289/1289/1289 1288/1288/1288 1287/1287/1287
f 1290/1290/1290 1289/1289/1289 1287/1287/1287
f 1293/1293/1293 1292/1292/1292 1291/1291/1291
f 1294/1294/1294 1293/1293/1293 1291/1291/1291
f 1297/1297/1297 1296/1296/1296 1295/1295/1295
f 1298/1298/1298 1297/1297/1297 1295/1295/1295
f 1301/1301/1301 1300/1300/1300 1299/1299/1299
f 1302/1302/1302 1301/1301/1301 1299/1299/1299
f 1305/1305/1305 1304/1304/1304 1303/1303/1303
f 1306/1306/1306 1305/1305/1305 1303/1303/1303
f 1309/1309/1309 1308/1308/1308 1307/1307/1307
f 1310/1310/1310 1309/1309/1309 1307/1307/1307
f 1313/1313/1313 1312/1312/1312 1311/1311/1311
f 1314/1314/1314 1313/1313/1313 1311/1311/1311
f 1317/1317/1317 1316/1316/1316 1315/1315/1315
f 1318/1318/1318 1317/1317/1317 1315/1315/1315
f 1321/1321/1321 1320/1320/1320 1319/1319/1319
f 1322/1322/1322 1321/1321/1321 1319/1319/1319
f 1325/1325/1325 1324/1324/1324 1323/1323/1323
f 1326/1326/1326 1325/1325/1325 1323/1323/1323
f 1329/1329/1329 1328/1328/1328 1327/1327/1327
f 1330/1330/1330 1329/1329/1329 1327/1327/1327
f 1333/1333/1333 1332/1332/1332 1331/1331/1331
f 1334/1334/1334 1333/1333/1333 1331/1331/1331
f 1337/1337/1337 1336/1336/1336 1335/1335/1335
f 1338/1338/1338 1337/1337/1337 1335/1335/1335
f 1341/1341/1341 1340/1340/1340 1339/1339/1339
f 1342/1342/1342 1341/1341/1341 1339/1339/1339
f 1345/1345/1345 1344/1344/1344 1343/1343/1343
f 1346/1346/1346 1345/1345/1345 1343/1343/1343
f 1349/1349/1349 1348/1348/1348 1347/1347/1347
f 1350/1350/1350 1349/1349/1349 1347/1347/1347
f 1353/1353/1353 1352/1352/1352 1351/1351/1351
f 1354/1354/1354 1353/1353/1353 1351/1351/1351
f 1357/1357/1357 1356/1356/1356 1355/1355/1355
f 1358/1358/1358 1357/1357/1357 1355/1355/1355
f 1361/1361/1361 1360/1360/1360 1359/1359/1359
f 1362/1362/1362 1361/1361/1361 1359/1359/1359
f 1365/1365/1365 1364/1364/1364 1363/1363/1363
f 1366/1366/1366 1365/1365/1365 1363/1363/1363
f 1369/1369/1369 1368/1368/1368 1367/1367/1367
f 1370/1370/1370 1369/1369/1369 1367/1367/1367
f 1373/1373/1373 1372/1372/1372 1371/1371/1371
f 1374/1374/1374 1373/1373/1373 1371/1371/1371
f 1377/1377/1377 1376/1376/1376 1375/1375/1375
f 1378/1378/1378 1377/1377/1377 1375/1375/1375
f 1381/1381/1381 1380/1380/1380 1379/1379/1379
f 1382/1382/1382 1381/1381/1381 1379/1379/1379
f 1385/1385/1385 1384/1384/1384 1383/1383/1383
f 1386/1386/1386 1385/1385/1385 1383/1383/1383
f 1389/1389/1389 1388/1388/1388 1387/1387/1387
f 1388/1388/1388 1390/1390/1390 1387/1387/1387
f 1387/1387/1387 1390/1390/1390 1391/1391/1391
f 1390/1390/1390 1392/1392/1392 1391/1391/1391
f 1391/1391/1391 1392/1392/1392 1393/1393/1393
f 1392/1392/1392 1394/1394/1394 1393/1393/1393
f 1393/1393/1393 1394/1394/1394 1395/1395/1395
f 1394/1394/1394 1396/1396/1396 1395/1395/1395
f 1395/1395/1395 1396/1396/1396 1397/1397/1397
f 1396/1396/1396 1398/1398/1398 1397/1397/1397
f 1397/1397/1397 1398/1398/1398 1399/1399/1399
f 1398/1398/1398 1400/1400/1400 1399/1399/1399
f 1399/1399/1399 1400/1400/1400 1401/1401/1401
f 1400/1400/1400 1402/1402/1402 1401/1401/1401
f 1401/1401/1401 1402/1402/1402 1403/1403/1403
f 1402/1402/1402 1404/1404/1404 1403/1403/1403
f 1403/1403/1403 1404/1404/1404 1405/1405/1405
f 1404/1404/1404 1406/1406/1406 1405/1405/1405
f 1405/1405/1405 1406/1406/1406 1407/1407/1407
f 1406/1406/1406 1408/1408/1408 1407/1407/1407
f 1407/1407/1407 1408/1408/1408 1409/1409/1409
f 1408/1408/1408 1410/1410/1410 1409/1409/1409
f 1409/1409/1409 1410/1410/1410 1411/1411/1411
f 1410/1410/1410 1412/1412/1412 1411/1411/1411
f 1411/1411/1411 1412/1412/1412 1413/1413/1413
f 1412/1412/1412 1414/1414/1414 1413/1413/1413
f 1413/1413/1413 1414/1414/1414 1415/1415/1415
f 1414/1414/1414 1416/1416/1416 1415/1415/1415
f 1415/1415/1415 1416/1416/1416 1417/1417/1417
f 1416/1416/1416 1418/1418/1418 1417/1417/1417
f 1417/1417/1417 1418/1418/1418 1419/1419/1419
f 1418/1418/1418 1420/1420/1420 1419/1419/1419
f 1419/1419/1419 1420/1420/1420 1421/1421/1421
f 1420/1420/1420 1422/1422/1422 1421/1421/1421
f 1421/1421/1421 1422/1422/1422 1423/1423/1423
f 1422/1422/1422 1424/1424/1424 1423/1423/1423
f 1423/1423/1423 1424/1424/1424 1425/1425/1425
f 1424/1424/1424 1426/1426/1426 1425/1425/1425
f 1425/1425/1425 1426/1426/1426 1427/1427/1427
f 1426/1426/1426 1428/1428/1428 1427/1427/1427
f 1427/1427/1427 1428/1428/1428 1429/1429/1429
f 1428/1428/1428 1430/1430/1430 1429/1429/1429
f 1429/1429/1429 1430/1430/1430 1431/1431/1431
f 1430/1430/1430 1432/1432/1432 1431/1431/1431
f 1431/1431/1431 1432/1432/1432 1433/1433/1433
f 1432/1432/1432 1434/1434/1434 1433/1433/1433
f 1433/1433/1433 1434/1434/1434 1435/1435/1435
f 1434/1434/1434 1436/1436/1436 1435/1435/1435
f 1439/1439/1439 1438/1438/1438 1437/1437/1437
f 1440/1440/1440 1439/1439/1439 1437/1437/1437
f 1443/1443/1443 1442/1442/1442 1441/1441/1441
f 1444/1444/1444 1443/1443/1443 1441/1441/1441
f 1447/1447/1447 1446/1446/1446 1445/1445/1445
f 1448/1448/1448 1447/1447/1447 1445/1445/1445
f 1451/1451/1451 1450/1450/1450 1449/1449/1449
f 1452/1452/1452 1451/1451/1451 1449/1449/1449
f 1455/1455/1455 1454/1454/1454 1453/1453/1453
f 1456/1456/1456 1455/1455/1455 1453/1453/1453
f 1457/1457/1457 1455/1455/1455 1456/1456/1456
f 1458/1458/1458 1457/1457/1457 1456/1456/1456
f 1459/1459/1459 1457/1457/1457 1458/1458/1458
f 1460/1460/1460 1459/1459/1459 1458/1458/1458
f 1461/1461/1461 1459/1459/1459 1460/1460/1460
f 1462/1462/1462 1461/1461/1461 1460/1460/1460
f 1463/1463/1463 1461/1461/1461 1462/1462/1462
f 1464/1464/1464 1463/1463/1463 1462/1462/1462
f 1465/1465/1465 1463/1463/1463 1464/1464/1464
f 1466/1466/1466 1465/1465/1465 1464/1464/1464
f 1467/1467/1467 1465/1465/1465 1466/1466/1466
f 1468/1468/1468 1467/1467/1467 1466/1466/1466
f 1469/1469/1469 1467/1467/1467 1468/1468/1468
f 1470/1470/1470 1469/1469/1469 1468/1468/1468
f 1471/1471/1471 1469/1469/1469 1470/1470/1470
f 1472/1472/1472 1471/1471/1471 1470/1470/1470
f 1473/1473/1473 1471/1471/1471 1472/1472/1472
f 1474/1474/1474 1473/1473/1473 1472/1472/1472
f 1475/1475/1475 1473/1473/1473 1474/1474/1474
f 1476/1476/1476 1475/1475/1475 1474/1474/1474
f 1477/1477/1477 1475/1475/1475 1476/1476/1476
f 1478/1478/1478 1477/1477/1477 1476/1476/1476
f 1479/1479/1479 1477/1477/1477 1478/1478/1478
f 1480/1480/1480 1479/1479/1479 1478/1478/1478
f 1481/1481/1481 1479/1479/1479 1480/1480/1480
f 1482/1482/1482 1481/1481/1481 1480/1480/1480
f 1483/1483/1483 1481/1481/1481 1482/1482/1482
f 1484/1484/1484 1483/1483/1483 1482/1482/1482
f 1485/1485/1485 1483/1483/1483 1484/1484/1484
f 1486/1486/1486 1485/1485/1485 1484/1484/1484
f 1487/1487/1487 1485/1485/1485 1486/1486/1486
f 1488/1488/1488 1487/1487/1487 1486/1486/1486
f 1489/1489/1489 1487/1487/1487 1488/1488/1488
f 1490/1490/1490 1489/1489/1489 1488/1488/1488
f 1491/1491/1491 1489/1489/1489 1490/1490/1490
f 1492/1492/1492 1491/1491/1491 1490/1490/1490
f 1493/1493/1493 1491/1491/1491 1492/1492/1492
f 1494/1494/1494 1493/1493/1493 1492/1492/1492
f 1495/1495/1495 1493/1493/1493 1494/1494/1494
f 1496/1496/1496 1495/1495/1495 1494/1494/1494
f 1497/1497/1497 1495/1495/1495 1496/1496/1496
f 1498/1498/1498 1497/1497/1497 1496/1496/1496
f 1499/1499/1499 1497/1497/1497 1498/1498/1498
f 1500/1500/1500 1499/1499/1499 1498/1498/1498
f 1501/1501/1501 1499/1499/1499 1500/1500/1500
f 1502/1502/1502 1501/1501/1501 1500/1500/1500
f 1505/1505/1505 1504/1504/1504 1503/1503/1503
f 1506/1506/1506 1505/1505/1505 1503/1503/1503
f 1509/1509/1509 1508/1508/1508 1507/1507/1507
f 1510/1510/1510 1509/1509/1509 1507/1507/1507
f 1513/1513/1513 1512/1512/1512 1511/1511/1511
f 1514/1514/1514 1513/1513/1513 1511/1511/1511
f 1517/1517/1517 1516/1516/1516 1515/1515/1515
f 1518/1518/1518 1517/1517/1517 1515/1515/1515
f 1521/1521/1521 1520/1520/1520 1519/1519/1519
f 1522/1522/1522 1521/1521/1521 1519/1519/1519
f 1525/1525/1525 1524/1524/1524 1523/1523/1523
f 1526/1526/1526 1525/1525/1525 1523/1523/1523
f 1529/1529/1529 1528/1528/1528 1527/1527/1527
f 1530/1530/1530 1529/1529/1529 1527/1527/1527
f 1533/1533/1533 1532/1532/1532 1531/1531/1531
f 1534/1534/1534 1533/1533/1533 1531/1531/1531
f 1537/1537/1537 1536/1536/1536 1535/1535/1535
f 1538/1538/1538 1537/1537/1537 1535/1535/1535
f 1541/1541/1541 1540/1540/1540 1539/1539/1539
f 1542/1542/1542 1541/1541/1541 1539/1539/1539
f 1545/1545/1545 1544/1544/1544 1543/1543/1543
f 1546/1546/1546 1545/1545/1545 1543/1543/1543
f 1549/1549/1549 1548/1548/1548 1547/1547/1547
f 1550/1550/1550 1549/1549/1549 1547/1547/1547
f 1553/1553/1553 1552/1552/1552 1551/1551/1551
f 1554/1554/1554 1553/1553/1553 1551/1551/1551
f 1557/1557/1557 1556/1556/1556 1555/1555/1555
f 1558/1558/1558 1557/1557/1557 1555/1555/1555
f 1561/1561/1561 1560/1560/1560 1559/1559/1559
f 1562/1562/1562 1561/1561/1561 1559/1559/1559
f 1565/1565/1565 1564/1564/1564 1563/1563/1563
f 1566/1566/1566 1565/1565/1565 1563/1563/1563
f 1569/1569/1569 1568/1568/1568 1567/1567/1567
f 1570/1570/1570 1569/1569/1569 1567/1567/1567
f 1573/1573/1573 1572/1572/1572 1571/1571/1571
f 1574/1574/1574 1573/1573/1573 1571/1571/1571
f 1577/1577/1577 1576/1576/1576 1575/1575/1575
f 1578/1578/1578 1577/1577/1577 1575/1575/1575
f 1581/1581/1581 1580/1580/1580 1579/1579/1579
f 1582/1582/1582 1581/1581/1581 1579/1579/1579
f 1585/1585/1585 1584/1584/1584 1583/1583/1583
f 1586/1586/1586 1585/1585/1585 1583/1583/1583
f 1589/1589/1589 1588/1588/1588 1587/1587/1587
f 1590/1590/1590 1589/1589/1589 1587/1587/1587
f 1593/1593/1593 1592/1592/1592 1591/1591/1591
f 1594/1594/1594 1593/1593/1593 1591/1591/1591
f 1597/1597/1597 1596/1596/1596 1595/1595/1595
f 1598/1598/1598 1597/1597/1597 1595/1595/1595
f 1601/1601/1601 1600/1600/1600 1599/1599/1599
f 1602/1602/1602 1601/1601/1601 1599/1599/1599
f 1605/1605/1605 1604/1604/1604 1603/1603/1603
f 1606/1606/1606 1605/1605/1605 1603/1603/1603
f 1609/1609/1609 1608/1608/1608 1607/1607/1607
f 1610/1610/1610 1609/1609/1609 1607/1607/1607
f 1613/1613/1613 1612/1612/1612 1611/1611/1611
f 1614/1614/1614 1613/1613/1613 1611/1611/1611
f 1617/1617/1617 1616/1616/1616 1615/1615/1615
f 1618/1618/1618 1617/1617/1617 1615/1615/1615
f 1621/1621/1621 1620/1620/1620 1619/1619/1619
f 1622/1622/1622 1621/1621/1621 1619/1619/1619
f 1625/1625/1625 1624/1624/1624 1623/1623/1623
f 1626/1626/1626 1625/1625/1625 1623/1623/1623
f 1629/1629/1629 1628/1628/1628 1627/1627/1627
f 1630/1630/1630 1629/1629/1629 1627/1627/1627
f 1633/1633/1633 1632/1632/1632 1631/1631/1631
f 1634/1634/1634 1633/1633/1633 1631/1631/1631
f 1637/1637/1637 1636/1636/1636 1635/1635/1635
f 1638/1638/1638 1637/1637/1637 1635/1635/1635
f 1641/1641/1641 1640/1640/1640 1639/1639/1639
f 1642/1642/1642 1641/1641/1641 1639/1639/1639
f 1645/1645/1645 1644/1644/1644 1643/1643/1643
f 1646/1646/1646 1645/1645/1645 1643/1643/1643
f 1649/1649/1649 1648/1648/1648 1647/1647/1647
f 1650/1650/1650 1649/1649/1649 1647/1647/1647
f 1653/1653/1653 1652/1652/1652 1651/1651/1651
f 1654/1654/1654 1653/1653/1653 1651/1651/1651
f 1657/1657/1657 1656/1656/1656 1655/1655/1655
f 1658/1658/1658 1657/1657/1657 1655/1655/1655
f 1661/1661/1661 1660/1660/1660 1659/1659/1659
f 1662/1662/1662 1661/1661/1661 1659/1659/1659
f 1665/1665/1665 1664/1664/1664 1663/1663/1663
f 1666/1666/1666 1665/1665/1665 1663/1663/1663
f 1669/1669/1669 1668/1668/1668 1667/1667/1667
f 1670/1670/1670 1669/1669/1669 1667/1667/1667
f 1673/1673/1673 1672/1672/1672 1671/1671/1671
f 1674/1674/1674 1673/1673/1673 1671/1671/1671
f 1677/1677/1677 1676/1676/1676 1675/1675/1675
f 1678/1678/1678 1677/1677/1677 1675/1675/1675
f 1681/1681/1681 1680/1680/1680 1679/1679/1679
f 1682/1682/1682 1681/1681/1681 1679/1679/1679
f 1685/1685/1685 1684/1684/1684 1683/1683/1683
f 1686/1686/1686 1685/1685/1685 1683/1683/1683
f 1689/1689/1689 1688/1688/1688 1687/1687/1687
f 1690/1690/1690 1689/1689/1689 1687/1687/1687
f 1693/1693/1693 1692/1692/1692 1691/1691/1691
f 1694/1694/1694 1693/1693/1693 1691/1691/1691
f 1697/1697/1697 1696/1696/1696 1695/1695/1695
f 1698/1698/1698 1697/1697/1697 1695/1695/1695
f 1701/1701/1701 1700/1700/1700 1699/1699/1699
f 1702/1702/1702 1701/1701/1701 1699/1699/1699
f 1705/1705/1705 1704/1704/1704 1703/1703/1703
f 1706/1706/1706 1705/1705/1705 1703/1703/1703
f 1709/1709/1709 1708/1708/1708 1707/1707/1707
f 1710/1710/1710 1709/1709/1709 1707/1707/1707
f 1713/1713/1713 1712/1712/1712 1711/1711/1711
f 1714/1714/1714 1713/1713/1713 1711/1711/1711
f 1717/1717/1717 1716/1716/1716 1715/1715/1715
f 1718/1718/1718 1717/1717/1717 1715/1715/1715
f 1721/1721/1721 1720/1720/1720 1719/1719/1719
f 1722/1722/1722 1721/1721/1721 1719/1719/1719
f 1725/1725/1725 1724/1724/1724 1723/1723/1723
f 1726/1726/1726 1725/1725/1725 1723/1723/1723
f 1729/1729/1729 1728/1728/1728 1727/1727/1727
f 1730/1730/1730 1729/1729/1729 1727/1727/1727
f 1733/1733/1733 1732/1732/1732 1731/1731/1731
f 1734/1734/1734 1733/1733/1733 1731/1731/1731
f 1737/1737/1737 1736/1736/1736 1735/1735/1735
f 1738/1738/1738 1737/1737/1737 1735/1735/1735
f 1741/1741/1741 1740/1740/1740 1739/1739/1739
f 1742/1742/1742 1741/1741/1741 1739/1739/1739
f 1745/1745/1745 1744/1744/1744 1743/1743/1743
f 1746/1746/1746 1745/1745/1745 1743/1743/1743
f 1749/1749/1749 1748/1748/1748 1747/1747/1747
f 1750/1750/1750 1749/1749/1749 1747/1747/1747
f 1753/1753/1753 1752/1752/1752 1751/1751/1751
f 1754/1754/1754 1753/1753/1753 1751/1751/1751
f 1757/1757/1757 1756/1756/1756 1755/1755/1755
f 1758/1758/1758 1757/1757/1757 1755/1755/1755
f 1761/1761/1761 1760/1760/1760 1759/1759/1759
f 1762/1762/1762 1761/1761/1761 1759/1759/1759
f 1765/1765/1765 1764/1764/1764 1763/1763/1763
f 1766/1766/1766 1765/1765/1765 1763/1763/1763
f 1769/1769/1769 1768/1768/1768 1767/1767/1767
f 1770/1770/1770 1769/1769/1769 1767/1767/1767
f 1773/1773/1773 1772/1772/1772 1771/1771/1771
f 1774/1774/1774 1773/1773/1773 1771/1771/1771
f 1777/1777/1777 1776/1776/1776 1775/1775/1775
f 1778/1778/1778 1777/1777/1777 1775/1775/1775
f 1781/1781/1781 1780/1780/1780 1779/1779/1779
f 1782/1782/1782 1781/1781/1781 1779/1779/1779
f 1785/1785/1785 1784/1784/1784 1783/1783/1783
f 1786/1786/1786 1785/1785/1785 1783/1783/1783
f 1789/1789/1789 1788/1788/1788 1787/1787/1787
f 1790/1790/1790 1789/1789/1789 1787/1787/1787
f 1793/1793/1793 1792/1792/1792 1791/1791/1791
f 1794/1794/1794 1793/1793/1793 1791/1791/1791
f 1797/1797/1797 1796/1796/1796 1795/1795/1795
f 1798/1798/1798 1797/1797/1797 1795/1795/1795
f 1801/1801/1801 1800/1800/1800 1799/1799/1799
f 1802/1802/1802 1801/1801/1801 1799/1799/1799
f 1805/1805/1805 1804/1804/1804 1803/1803/1803
f 1806/1806/1806 1805/1805/1805 1803/1803/1803
f 1809/1809/1809 1808/1808/1808 1807/1807/1807
f 1810/1810/1810 1809/1809/1809 1807/1807/1807
f 1813/1813/1813 1812/1812/1812 1811/1811/1811
f 1814/1814/1814 1813/1813/1813 1811/1811/1811
f 1817/1817/1817 1816/1816/1816 1815/1815/1815
f 1818/1818/1818 1817/1817/1817 1815/1815/1815
f 1821/1821/1821 1820/1820/1820 1819/1819/1819
f 1822/1822/1822 1821/1821/1821 1819/1819/1819
f 1825/1825/1825 1824/1824/1824 1823/1823/1823
f 1826/1826/1826 1825/1825/1825 1823/1823/1823
f 1829/1829/1829 1828/1828/1828 1827/1827/1827
f 1830/1830/1830 1829/1829/1829 1827/1827/1827
f 1833/1833/1833 1832/1832/1832 1831/1831/1831
f 1834/1834/1834 1833/1833/1833 1831/1831/1831
f 1837/1837/1837 1836/1836/1836 1835/1835/1835
f 1838/1838/1838 1837/1837/1837 1835/1835/1835
f 1841/1841/1841 1840/1840/1840 1839/1839/1839
f 1842/1842/1842 1841/1841/1841 1839/1839/1839
f 1845/1845/1845 1844/1844/1844 1843/1843/1843
f 1846/1846/1846 1845/1845/1845 1843/1843/1843
f 1849/1849/1849 1848/1848/1848 1847/1847/1847
f 1850/1850/1850 1849/1849/1849 1847/1847/1847
f 1853/1853/1853 1852/1852/1852 1851/1851/1851
f 1854/1854/1854 1853/1853/1853 1851/1851/1851
f 1857/1857/1857 1856/1856/1856 1855/1855/1855
f 1858/1858/1858 1857/1857/1857 1855/1855/1855
f 1861/1861/1861 1860/1860/1860 1859/1859/1859
f 1862/1862/1862 1861/1861/1861 1859/1859/1859
