g Swordsman Barracks Final
v -2.6510198 -2.618276 1.9144976E-07
v -2.6510198 0.12135121 1.9144976E-07
v -2.6510198 0.12135121 2.9161024
v -2.6510198 -2.618276 2.9161024
v 2.6510198 0.12135121 1.9144976E-07
v 2.6510198 -2.618276 1.9144976E-07
v 2.6510198 -2.618276 2.9161024
v 2.6510198 0.12135121 2.9161024
v -2.6510198 0.12135121 1.9144976E-07
v 2.6510198 0.12135121 1.9144976E-07
v 2.6510198 0.12135121 2.9161024
v -2.6510198 0.12135121 2.9161024
v 2.6510198 -2.618276 1.9144976E-07
v -2.6510198 -2.618276 1.9144976E-07
v -2.6510198 -2.618276 2.9161024
v 2.6510198 -2.618276 2.9161024
v -2.6510198 0.12135121 1.9144976E-07
v -2.6510198 -2.618276 1.9144976E-07
v 2.6510198 -2.618276 1.9144976E-07
v 2.6510198 0.12135121 1.9144976E-07
v 2.34732 -0.11419839 2.9161024
v 2.34732 -0.11419839 2.4937794
v -2.34732 -0.11419839 2.4937794
v -2.34732 -0.11419839 2.9161024
v 2.34732 -0.11419839 2.4937794
v 2.34732 -2.3827264 2.4937794
v -2.34732 -2.3827264 2.4937794
v -2.34732 -0.11419839 2.4937794
v -2.34732 -0.11419839 2.9161024
v -2.34732 -0.11419839 2.4937794
v -2.34732 -2.3827264 2.4937794
v -2.34732 -2.3827264 2.9161024
v -2.34732 -2.3827264 2.9161024
v -2.34732 -2.3827264 2.4937794
v 2.34732 -2.3827264 2.4937794
v 2.34732 -2.3827264 2.9161024
v 2.34732 -2.3827264 2.9161024
v 2.34732 -2.3827264 2.4937794
v 2.34732 -0.11419839 2.4937794
v 2.34732 -0.11419839 2.9161024
v 1.9365544 0.11840665 0.0007418394
v 1.9365544 0.82024837 0.0007418394
v 1.9365544 0.82024837 0.20841217
v 1.9365544 0.11840665 0.20841217
v 1.9365544 0.82024837 0.0007418394
v 2.1135962 0.82024837 0.0007418394
v 2.1135962 0.82024837 0.20841217
v 1.9365544 0.82024837 0.20841217
v 2.1135962 0.82024837 0.0007418394
v 2.1135962 0.11840665 0.0007418394
v 2.1135962 0.11840665 0.20841217
v 2.1135962 0.82024837 0.20841217
v 2.1135962 0.11840665 0.0007418394
v 1.9365544 0.11840665 0.0007418394
v 1.9365544 0.11840665 0.20841217
v 2.1135962 0.11840665 0.20841217
v 1.9365544 0.82024837 0.0007418394
v 1.9365544 0.11840665 0.0007418394
v 2.1135962 0.11840665 0.0007418394
v 2.1135962 0.82024837 0.0007418394
v 2.1135962 0.82024837 0.20841217
v 2.1135962 0.11840665 0.20841217
v 1.9365544 0.11840665 0.20841217
v 1.9365544 0.82024837 0.20841217
v 1.6902531 0.118406646 0.21862379
v 1.6902531 0.82024837 0.21862379
v 1.6902531 0.82024837 0.42629412
v 1.6902531 0.118406646 0.42629412
v 1.6902531 0.82024837 0.21862379
v 1.8672949 0.82024837 0.21862379
v 1.8672949 0.82024837 0.42629412
v 1.6902531 0.82024837 0.42629412
v 1.8672949 0.82024837 0.21862379
v 1.8672949 0.118406646 0.21862379
v 1.8672949 0.118406646 0.42629412
v 1.8672949 0.82024837 0.42629412
v 1.8672949 0.118406646 0.21862379
v 1.6902531 0.118406646 0.21862379
v 1.6902531 0.118406646 0.42629412
v 1.8672949 0.118406646 0.42629412
v 1.6902531 0.82024837 0.21862379
v 1.6902531 0.118406646 0.21862379
v 1.8672949 0.118406646 0.21862379
v 1.8672949 0.82024837 0.21862379
v 1.8672949 0.82024837 0.42629412
v 1.8672949 0.118406646 0.42629412
v 1.6902531 0.118406646 0.42629412
v 1.6902531 0.82024837 0.42629412
v 1.4534249 0.11840664 0.4270326
v 1.4534249 0.82024837 0.4270326
v 1.4534249 0.82024837 0.6347029
v 1.4534249 0.11840664 0.6347029
v 1.4534249 0.82024837 0.4270326
v 1.6304667 0.82024837 0.4270326
v 1.6304667 0.82024837 0.6347029
v 1.4534249 0.82024837 0.6347029
v 1.6304667 0.82024837 0.4270326
v 1.6304667 0.11840664 0.4270326
v 1.6304667 0.11840664 0.6347029
v 1.6304667 0.82024837 0.6347029
v 1.6304667 0.11840664 0.4270326
v 1.4534249 0.11840664 0.4270326
v 1.4534249 0.11840664 0.6347029
v 1.6304667 0.11840664 0.6347029
v 1.4534249 0.82024837 0.4270326
v 1.4534249 0.11840664 0.4270326
v 1.6304667 0.11840664 0.4270326
v 1.6304667 0.82024837 0.4270326
v 1.6304667 0.82024837 0.6347029
v 1.6304667 0.11840664 0.6347029
v 1.4534249 0.11840664 0.6347029
v 1.4534249 0.82024837 0.6347029
v 1.2165967 0.11840663 0.65438765
v 1.2165967 0.82024837 0.65438765
v 1.2165967 0.82024837 0.862058
v 1.2165967 0.11840663 0.862058
v 1.2165967 0.82024837 0.65438765
v 1.3936385 0.82024837 0.65438765
v 1.3936385 0.82024837 0.862058
v 1.2165967 0.82024837 0.862058
v 1.3936385 0.82024837 0.65438765
v 1.3936385 0.11840663 0.65438765
v 1.3936385 0.11840663 0.862058
v 1.3936385 0.82024837 0.862058
v 1.3936385 0.11840663 0.65438765
v 1.2165967 0.11840663 0.65438765
v 1.2165967 0.11840663 0.862058
v 1.3936385 0.11840663 0.862058
v 1.2165967 0.82024837 0.65438765
v 1.2165967 0.11840663 0.65438765
v 1.3936385 0.11840663 0.65438765
v 1.3936385 0.82024837 0.65438765
v 1.3936385 0.82024837 0.862058
v 1.3936385 0.11840663 0.862058
v 1.2165967 0.11840663 0.862058
v 1.2165967 0.82024837 0.862058
v 0.9797685 0.11840662 0.89121586
v 0.9797685 0.82024837 0.89121586
v 0.9797685 0.82024837 1.0988861
v 0.9797685 0.11840662 1.0988861
v 0.9797685 0.82024837 0.89121586
v 1.1568103 0.82024837 0.89121586
v 1.1568103 0.82024837 1.0988861
v 0.9797685 0.82024837 1.0988861
v 1.1568103 0.82024837 0.89121586
v 1.1568103 0.11840662 0.89121586
v 1.1568103 0.11840662 1.0988861
v 1.1568103 0.82024837 1.0988861
v 1.1568103 0.11840662 0.89121586
v 0.9797685 0.11840662 0.89121586
v 0.9797685 0.11840662 1.0988861
v 1.1568103 0.11840662 1.0988861
v 0.9797685 0.82024837 0.89121586
v 0.9797685 0.11840662 0.89121586
v 1.1568103 0.11840662 0.89121586
v 1.1568103 0.82024837 0.89121586
v 1.1568103 0.82024837 1.0988861
v 1.1568103 0.11840662 1.0988861
v 0.9797685 0.11840662 1.0988861
v 0.9797685 0.82024837 1.0988861
v 0.75241345 0.118406616 1.1185709
v 0.75241345 0.82024837 1.1185709
v 0.75241345 0.82024837 1.3262413
v 0.75241345 0.118406616 1.3262413
v 0.75241345 0.82024837 1.1185709
v 0.9294552 0.82024837 1.1185709
v 0.9294552 0.82024837 1.3262413
v 0.75241345 0.82024837 1.3262413
v 0.9294552 0.82024837 1.1185709
v 0.9294552 0.118406616 1.1185709
v 0.9294552 0.118406616 1.3262413
v 0.9294552 0.82024837 1.3262413
v 0.9294552 0.118406616 1.1185709
v 0.75241345 0.118406616 1.1185709
v 0.75241345 0.118406616 1.3262413
v 0.9294552 0.118406616 1.3262413
v 0.75241345 0.82024837 1.1185709
v 0.75241345 0.118406616 1.1185709
v 0.9294552 0.118406616 1.1185709
v 0.9294552 0.82024837 1.1185709
v 0.9294552 0.82024837 1.3262413
v 0.9294552 0.118406616 1.3262413
v 0.75241345 0.118406616 1.3262413
v 0.75241345 0.82024837 1.3262413
v 0.5250584 0.11840661 1.3648722
v 0.5250584 0.82024837 1.3648722
v 0.5250584 0.82024837 1.5725425
v 0.5250584 0.11840661 1.5725425
v 0.5250584 0.82024837 1.3648722
v 0.70210016 0.82024837 1.3648722
v 0.70210016 0.82024837 1.5725425
v 0.5250584 0.82024837 1.5725425
v 0.70210016 0.82024837 1.3648722
v 0.70210016 0.11840661 1.3648722
v 0.70210016 0.11840661 1.5725425
v 0.70210016 0.82024837 1.5725425
v 0.70210016 0.11840661 1.3648722
v 0.5250584 0.11840661 1.3648722
v 0.5250584 0.11840661 1.5725425
v 0.70210016 0.11840661 1.5725425
v 0.5250584 0.82024837 1.3648722
v 0.5250584 0.11840661 1.3648722
v 0.70210016 0.11840661 1.3648722
v 0.70210016 0.82024837 1.3648722
v 0.70210016 0.82024837 1.5725425
v 0.70210016 0.11840661 1.5725425
v 0.5250584 0.11840661 1.5725425
v 0.5250584 0.82024837 1.5725425
v 0.3166496 0.1184066 1.6017004
v 0.3166496 0.82024837 1.6017004
v 0.3166496 0.82024837 1.8093708
v 0.3166496 0.1184066 1.8093708
v 0.3166496 0.82024837 1.6017004
v 0.49369135 0.82024837 1.6017004
v 0.49369135 0.82024837 1.8093708
v 0.3166496 0.82024837 1.8093708
v 0.49369135 0.82024837 1.6017004
v 0.49369135 0.1184066 1.6017004
v 0.49369135 0.1184066 1.8093708
v 0.49369135 0.82024837 1.8093708
v 0.49369135 0.1184066 1.6017004
v 0.3166496 0.1184066 1.6017004
v 0.3166496 0.1184066 1.8093708
v 0.49369135 0.1184066 1.8093708
v 0.3166496 0.82024837 1.6017004
v 0.3166496 0.1184066 1.6017004
v 0.49369135 0.1184066 1.6017004
v 0.49369135 0.82024837 1.6017004
v 0.49369135 0.82024837 1.8093708
v 0.49369135 0.1184066 1.8093708
v 0.3166496 0.1184066 1.8093708
v 0.3166496 0.82024837 1.8093708
v 0.07982139 0.118406594 1.8574748
v 0.07982139 0.82024837 1.8574748
v 0.07982139 0.82024837 2.0651453
v 0.07982139 0.118406594 2.0651453
v 0.07982139 0.82024837 1.8574748
v 0.25686318 0.82024837 1.8574748
v 0.25686318 0.82024837 2.0651453
v 0.07982139 0.82024837 2.0651453
v 0.25686318 0.82024837 1.8574748
v 0.25686318 0.118406594 1.8574748
v 0.25686318 0.118406594 2.0651453
v 0.25686318 0.82024837 2.0651453
v 0.25686318 0.118406594 1.8574748
v 0.07982139 0.118406594 1.8574748
v 0.07982139 0.118406594 2.0651453
v 0.25686318 0.118406594 2.0651453
v 0.07982139 0.82024837 1.8574748
v 0.07982139 0.118406594 1.8574748
v 0.25686318 0.118406594 1.8574748
v 0.25686318 0.82024837 1.8574748
v 0.25686318 0.82024837 2.0651453
v 0.25686318 0.118406594 2.0651453
v 0.07982139 0.118406594 2.0651453
v 0.07982139 0.82024837 2.0651453
v -0.14753368 0.11840659 2.0753567
v -0.14753368 0.82024837 2.0753567
v -0.14753368 0.82024837 2.2830272
v -0.14753368 0.11840659 2.2830272
v -0.14753368 0.82024837 2.0753567
v 0.029508099 0.82024837 2.0753567
v 0.029508099 0.82024837 2.2830272
v -0.14753368 0.82024837 2.2830272
v 0.029508099 0.82024837 2.0753567
v 0.029508099 0.11840659 2.0753567
v 0.029508099 0.11840659 2.2830272
v 0.029508099 0.82024837 2.2830272
v 0.029508099 0.11840659 2.0753567
v -0.14753368 0.11840659 2.0753567
v -0.14753368 0.11840659 2.2830272
v 0.029508099 0.11840659 2.2830272
v -0.14753368 0.82024837 2.0753567
v -0.14753368 0.11840659 2.0753567
v 0.029508099 0.11840659 2.0753567
v 0.029508099 0.82024837 2.0753567
v 0.029508099 0.82024837 2.2830272
v 0.029508099 0.11840659 2.2830272
v -0.14753368 0.11840659 2.2830272
v -0.14753368 0.82024837 2.2830272
v -0.34646934 0.11840658 2.3027117
v -0.34646934 0.82024837 2.3027117
v -0.34646934 0.82024837 2.5103822
v -0.34646934 0.11840658 2.5103822
v -0.34646934 0.82024837 2.3027117
v -0.16942757 0.82024837 2.3027117
v -0.16942757 0.82024837 2.5103822
v -0.34646934 0.82024837 2.5103822
v -0.16942757 0.82024837 2.3027117
v -0.16942757 0.11840658 2.3027117
v -0.16942757 0.11840658 2.5103822
v -0.16942757 0.82024837 2.5103822
v -0.16942757 0.11840658 2.3027117
v -0.34646934 0.11840658 2.3027117
v -0.34646934 0.11840658 2.5103822
v -0.16942757 0.11840658 2.5103822
v -0.34646934 0.82024837 2.3027117
v -0.34646934 0.11840658 2.3027117
v -0.16942757 0.11840658 2.3027117
v -0.16942757 0.82024837 2.3027117
v -0.16942757 0.82024837 2.5103822
v -0.16942757 0.11840658 2.5103822
v -0.34646934 0.11840658 2.5103822
v -0.34646934 0.82024837 2.5103822
v -0.57382447 0.11840657 2.5205936
v -0.57382447 0.82024837 2.5205936
v -0.57382447 0.82024837 2.728264
v -0.57382447 0.11840657 2.728264
v -0.57382447 0.82024837 2.5205936
v -0.3967827 0.82024837 2.5205936
v -0.3967827 0.82024837 2.728264
v -0.57382447 0.82024837 2.728264
v -0.3967827 0.82024837 2.5205936
v -0.3967827 0.11840657 2.5205936
v -0.3967827 0.11840657 2.728264
v -0.3967827 0.82024837 2.728264
v -0.3967827 0.11840657 2.5205936
v -0.57382447 0.11840657 2.5205936
v -0.57382447 0.11840657 2.728264
v -0.3967827 0.11840657 2.728264
v -0.57382447 0.82024837 2.5205936
v -0.57382447 0.11840657 2.5205936
v -0.3967827 0.11840657 2.5205936
v -0.3967827 0.82024837 2.5205936
v -0.3967827 0.82024837 2.728264
v -0.3967827 0.11840657 2.728264
v -0.57382447 0.11840657 2.728264
v -0.57382447 0.82024837 2.728264
v 0.2891118 -2.0532134 2.4761908
v 0.53698194 -1.3283994 2.4761908
v 0.53698194 -1.3283994 3.2422163
v 0.2891118 -2.0532134 3.2422163
v 0.53698194 -1.3283994 2.4761908
v 1.2617958 -1.5762695 2.4761908
v 1.2617958 -1.5762695 3.2422163
v 0.53698194 -1.3283994 3.2422163
v 1.2617958 -1.5762695 2.4761908
v 1.0139257 -2.3010833 2.4761908
v 1.0139257 -2.3010833 3.2422163
v 1.2617958 -1.5762695 3.2422163
v 1.0139257 -2.3010833 2.4761908
v 0.2891118 -2.0532134 2.4761908
v 0.2891118 -2.0532134 3.2422163
v 1.0139257 -2.3010833 3.2422163
v 0.53698194 -1.3283994 2.4761908
v 0.2891118 -2.0532134 2.4761908
v 1.0139257 -2.3010833 2.4761908
v 1.2617958 -1.5762695 2.4761908
v 1.2617958 -1.5762695 3.2422163
v 1.0139257 -2.3010833 3.2422163
v 0.2891118 -2.0532134 3.2422163
v 0.53698194 -1.3283994 3.2422163
v 1.4587505 -1.0347283 2.628313
v 1.4415505 -0.44627604 2.628313
v 1.4415505 -0.44627604 3.217017
v 1.4587505 -1.0347283 3.217017
v 1.4415505 -0.44627604 2.628313
v 2.0300026 -0.42907608 2.628313
v 2.0300026 -0.42907608 3.217017
v 1.4415505 -0.44627604 3.217017
v 2.0300026 -0.42907608 2.628313
v 2.0472026 -1.0175282 2.628313
v 2.0472026 -1.0175282 3.217017
v 2.0300026 -0.42907608 3.217017
v 2.0472026 -1.0175282 2.628313
v 1.4587505 -1.0347283 2.628313
v 1.4587505 -1.0347283 3.217017
v 2.0472026 -1.0175282 3.217017
v 1.4415505 -0.44627604 2.628313
v 1.4587505 -1.0347283 2.628313
v 2.0472026 -1.0175282 2.628313
v 2.0300026 -0.42907608 2.628313
v 2.0300026 -0.42907608 3.217017
v 2.0472026 -1.0175282 3.217017
v 1.4587505 -1.0347283 3.217017
v 1.4415505 -0.44627604 3.217017
v -0.6963732 -2.0054436 2.4916892
v -0.7826024 -1.5114474 2.4916892
v -0.7826024 -1.5114474 2.9931548
v -0.6963732 -2.0054436 2.9931548
v -0.7826024 -1.5114474 2.4916892
v -0.28860652 -1.4252182 2.4916892
v -0.28860652 -1.4252182 2.9931548
v -0.7826024 -1.5114474 2.9931548
v -0.28860652 -1.4252182 2.4916892
v -0.20237732 -1.9192142 2.4916892
v -0.20237732 -1.9192142 2.9931548
v -0.28860652 -1.4252182 2.9931548
v -0.20237732 -1.9192142 2.4916892
v -0.6963732 -2.0054436 2.4916892
v -0.6963732 -2.0054436 2.9931548
v -0.20237732 -1.9192142 2.9931548
v -0.7826024 -1.5114474 2.4916892
v -0.6963732 -2.0054436 2.4916892
v -0.20237732 -1.9192142 2.4916892
v -0.28860652 -1.4252182 2.4916892
v -0.28860652 -1.4252182 2.9931548
v -0.20237732 -1.9192142 2.9931548
v -0.6963732 -2.0054436 2.9931548
v -0.7826024 -1.5114474 2.9931548
v -0.9336457 0.84124964 0.0007418394
v -0.9336457 0.98520434 0.0007418394
v -0.9336457 0.98520434 3.1553514
v -0.9336457 0.84124964 3.1553514
v -0.9336457 0.10131329 0.0007418394
v -0.9336457 0.10131329 3.1553514
v -0.835186 0.98520434 0.0007418394
v 2.1135962 0.98520434 0.0007418394
v 2.1135962 0.98520434 0.46139765
v -0.835186 0.98520434 3.1553514
v -0.9336457 0.98520434 0.0007418394
v -0.9336457 0.98520434 3.1553514
v 2.1135962 0.98520434 0.0007418394
v 2.1135962 0.84124964 0.0007418394
v 2.1135962 0.84124964 0.46139765
v 2.1135962 0.98520434 0.46139765
v -0.835186 0.84124964 3.1553514
v -0.835186 0.10131329 3.1553514
v -0.9336457 0.10131329 3.1553514
v -0.9336457 0.84124964 3.1553514
v -0.835186 0.98520434 3.1553514
v -0.9336457 0.98520434 3.1553514
v -0.835186 0.98520434 0.0007418394
v 2.1135962 0.84124964 0.0007418394
v 2.1135962 0.98520434 0.0007418394
v -0.835186 0.84124964 0.0007418394
v -0.9336457 0.98520434 0.0007418394
v -0.9336457 0.84124964 0.0007418394
v -0.835186 0.10131329 0.0007418394
v -0.9336457 0.10131329 0.0007418394
v 2.1135962 0.98520434 0.46139765
v 2.1135962 0.84124964 0.46139765
v -0.835186 0.84124964 3.1553514
v -0.835186 0.98520434 3.1553514
v 2.1135962 0.84124964 0.0007418394
v -0.835186 0.84124964 0.0007418394
v -0.835186 0.84124964 3.1553514
v 2.1135962 0.84124964 0.46139765
v -0.835186 0.10131329 0.0007418394
v -0.9336457 0.10131329 0.0007418394
v -0.9336457 0.10131329 3.1553514
v -0.835186 0.10131329 3.1553514
v -0.835186 0.84124964 0.0007418394
v -0.835186 0.10131329 0.0007418394
v -0.835186 0.10131329 3.1553514
v -0.835186 0.84124964 3.1553514
v 0.98351485 2.562603 0.009809881
v 1.1093816 2.4731607 0.009809881
v 1.1093816 2.4731607 0.79970515
v 0.98351485 2.562603 0.79970515
v 0.8330011 2.5970702 0.009809881
v 0.8330011 2.5970702 0.79970515
v 0.680755 2.5713143 0.009809881
v 0.680755 2.5713143 0.79970515
v 0.5499536 2.4892566 0.009809881
v 0.5499536 2.4892566 0.79970515
v 0.46051112 2.3633897 0.009809881
v 0.46051112 2.3633897 0.79970515
v 0.42604437 2.2128758 0.009809881
v 0.42604437 2.2128758 0.79970515
v 0.4518005 2.0606296 0.009809881
v 0.4518005 2.0606296 0.79970515
v 0.5338578 1.9298289 0.009809881
v 0.5338578 1.9298289 0.79970515
v 0.6597247 1.8403864 0.009809881
v 0.6597247 1.8403864 0.79970515
v 0.8102381 1.8059192 0.009809881
v 0.8102381 1.8059192 0.79970515
v 0.96248454 1.8316753 0.009809881
v 0.96248454 1.8316753 0.79970515
v 1.0932858 1.9137328 0.009809881
v 1.0932858 1.9137328 0.79970515
v 1.1827284 2.0396 0.009809881
v 1.1827284 2.0396 0.79970515
v 1.217195 2.190113 0.009809881
v 1.217195 2.190113 0.79970515
v 1.1914392 2.3423598 0.009809881
v 1.1914392 2.3423598 0.79970515
v 1.1093816 2.4731607 0.009809881
v 1.1093816 2.4731607 0.79970515
v 1.1827284 2.0396 0.009809881
v 1.217195 2.190113 0.009809881
v 1.1914392 2.3423598 0.009809881
v 1.1093816 2.4731607 0.009809881
v 1.0932858 1.9137328 0.009809881
v 0.98351485 2.562603 0.009809881
v 0.96248454 1.8316753 0.009809881
v 0.8330011 2.5970702 0.009809881
v 0.8102381 1.8059192 0.009809881
v 0.680755 2.5713143 0.009809881
v 0.6597247 1.8403864 0.009809881
v 0.5499536 2.4892566 0.009809881
v 0.5338578 1.9298289 0.009809881
v 0.46051112 2.3633897 0.009809881
v 0.4518005 2.0606296 0.009809881
v 0.42604437 2.2128758 0.009809881
v 0.9104657 2.285371 1.8171026
v 0.9358008 2.2449865 1.8171026
v 0.8216197 2.2014947 1.841407
v 0.9857855 2.3564777 1.7478908
v 1.0325987 2.2818573 1.7478908
v 0.9437529 2.1979809 1.8171026
v 0.8216197 2.2014947 1.841407
v 0.9139797 2.407504 1.7478908
v 0.87160474 2.3129861 1.8171026
v 0.8216197 2.2014947 1.841407
v 1.0361129 2.4039903 1.6443084
v 0.9422939 2.4706593 1.6443084
v 1.0472922 2.1950018 1.7478908
v 1.0972774 2.3064935 1.6443084
v 0.93311113 2.1515098 1.8171026
v 0.8216197 2.2014947 1.841407
v 0.8281128 2.4271672 1.7478908
v 0.8301033 2.4963503 1.6443084
v 0.8251337 2.3236277 1.8171026
v 0.8216197 2.2014947 1.841407
v 0.95223653 2.492836 1.5221251
v 1.0537852 2.4206738 1.5221251
v 0.83080244 2.520644 1.5221251
v 1.1164753 2.193011 1.6443084
v 1.0276294 2.1091347 1.7478908
v 1.1199892 2.3151443 1.5221251
v 0.9054961 2.1126485 1.8171026
v 0.8216197 2.2014947 1.841407
v 0.9422939 2.4706593 1.3999418
v 0.8301033 2.4963503 1.3999418
v 1.0361129 2.4039903 1.3999418
v 0.70797044 2.4998643 1.5221251
v 0.71662134 2.477152 1.3999418
v 0.71662134 2.477152 1.6443084
v 0.7412573 2.4124737 1.7478908
v 0.77812815 2.315676 1.8171026
v 0.8216197 2.2014947 1.841407
v 0.6024402 2.43366 1.5221251
v 0.61912405 2.4159877 1.6443084
v 0.61912405 2.4159877 1.3999418
v 0.6666362 2.3656607 1.7478908
v 0.73774326 2.2903407 1.8171026
v 0.8216197 2.2014947 1.841407
v 0.6666362 2.3656607 1.296359
v 0.7412573 2.4124737 1.296359
v 0.73774326 2.2903407 1.2271475
v 0.77812815 2.315676 1.2271475
v 0.8216197 2.2014947 1.2028435
v 0.8281128 2.4271672 1.296359
v 0.8251337 2.3236277 1.2271475
v 0.8216197 2.2014947 1.2028435
v 0.9139797 2.407504 1.296359
v 0.87160474 2.3129861 1.2271475
v 0.8216197 2.2014947 1.2028435
v 0.9857855 2.3564777 1.296359
v 1.0972774 2.3064935 1.3999418
v 0.9104657 2.285371 1.2271475
v 0.8216197 2.2014947 1.2028435
v 1.0325987 2.2818573 1.296359
v 1.1407689 2.192312 1.5221251
v 0.9358008 2.2449865 1.2271475
v 0.8216197 2.2014947 1.2028435
v 1.1164753 2.193011 1.3999418
v 1.0907843 2.0808208 1.6443084
v 1.0472922 2.1950018 1.296359
v 1.112961 2.070878 1.5221251
v 0.9766031 2.0373285 1.7478908
v 0.9437529 2.1979809 1.2271475
v 0.8216197 2.2014947 1.2028435
v 1.0907843 2.0808208 1.3999418
v 1.0241153 1.9870017 1.6443084
v 0.86511123 2.0873132 1.8171026
v 0.8216197 2.2014947 1.841407
v 1.0276294 2.1091347 1.296359
v 1.0407994 1.9693291 1.5221251
v 0.9019825 1.9905155 1.7478908
v 0.93311113 2.1515098 1.2271475
v 0.8216197 2.2014947 1.2028435
v 1.0241153 1.9870017 1.3999418
v 0.92661804 1.9258373 1.6443084
v 0.8181059 2.0793617 1.8171026
v 0.8216197 2.2014947 1.841407
v 0.9766031 2.0373285 1.296359
v 0.9352691 1.903125 1.5221251
v 0.815127 1.9758224 1.7478908
v 0.9054961 2.1126485 1.2271475
v 0.8216197 2.2014947 1.2028435
v 0.9266182 1.925837 1.3999418
v 0.8131361 1.9066393 1.6443084
v 0.7716346 2.090003 1.8171026
v 0.8216197 2.2014947 1.841407
v 0.9019825 1.9905155 1.296359
v 0.81243694 1.8823454 1.5221251
v 0.72925967 1.9954851 1.7478908
v 0.86511123 2.0873132 1.2271475
v 0.8216197 2.2014947 1.2028435
v 0.8131363 1.9066391 1.3999418
v 0.7009456 1.9323306 1.6443084
v 0.7327735 2.117618 1.8171026
v 0.8216197 2.2014947 1.841407
v 0.815127 1.9758224 1.296359
v 0.6910032 1.9101534 1.5221251
v 0.6574535 2.0465114 1.7478908
v 0.8181059 2.0793617 1.2271475
v 0.8216197 2.2014947 1.2028435
v 0.70094585 1.9323304 1.3999418
v 0.60712683 1.9989994 1.6443084
v 0.7074385 2.158003 1.8171026
v 0.8216197 2.2014947 1.841407
v 0.72925967 1.9954851 1.296359
v 0.5894542 1.9823153 1.5221251
v 0.61064065 2.1211324 1.7478908
v 0.7716346 2.090003 1.2271475
v 0.8216197 2.2014947 1.2028435
v 0.60712683 1.9989994 1.3999418
v 0.54596245 2.0964963 1.6443084
v 0.69948685 2.205009 1.8171026
v 0.8216197 2.2014947 1.841407
v 0.6574535 2.0465114 1.296359
v 0.5232504 2.087845 1.5221251
v 0.59594715 2.207988 1.7478908
v 0.7327735 2.117618 1.2271475
v 0.8216197 2.2014947 1.2028435
v 0.54596245 2.0964963 1.3999418
v 0.52676404 2.209978 1.6443084
v 0.7101284 2.2514799 1.8171026
v 0.8216197 2.2014947 1.841407
v 0.61064065 2.1211324 1.296359
v 0.50247055 2.2106771 1.5221251
v 0.6156104 2.2938547 1.7478908
v 0.73774326 2.2903407 1.8171026
v 0.8216197 2.2014947 1.841407
v 0.6666362 2.3656607 1.7478908
v 0.5524551 2.3221688 1.6443084
v 0.61912405 2.4159877 1.6443084
v 0.53027856 2.3321116 1.5221251
v 0.6024402 2.43366 1.5221251
v 0.5267643 2.209978 1.3999418
v 0.5524551 2.3221688 1.3999418
v 0.61912405 2.4159877 1.3999418
v 0.59594715 2.207988 1.296359
v 0.6156104 2.2938547 1.296359
v 0.6666362 2.3656607 1.296359
v 0.7074385 2.158003 1.2271475
v 0.8216197 2.2014947 1.2028435
v 0.69948685 2.205009 1.2271475
v 0.8216197 2.2014947 1.2028435
v 0.7101284 2.2514799 1.2271475
v 0.8216197 2.2014947 1.2028435
v 0.73774326 2.2903407 1.2271475
v 0.8216197 2.2014947 1.2028435
v 1.0717218 1.807111 0.3769326
v 1.2009709 1.9291308 0.3769326
v 1.2009709 1.9291308 0.5546794
v 1.0717218 1.807111 0.5546794
v 1.2009709 1.9291308 0.3769326
v 1.3229907 1.7998817 0.3769326
v 1.3229907 1.7998817 0.5546794
v 1.2009709 1.9291308 0.5546794
v 1.3229907 1.7998817 0.3769326
v 1.1937413 1.6778619 0.3769326
v 1.1937413 1.6778619 0.5546794
v 1.3229907 1.7998817 0.5546794
v 1.1937413 1.6778619 0.3769326
v 1.0717218 1.807111 0.3769326
v 1.0717218 1.807111 0.5546794
v 1.1937413 1.6778619 0.5546794
v 1.2009709 1.9291308 0.3769326
v 1.0717218 1.807111 0.3769326
v 1.1937413 1.6778619 0.3769326
v 1.3229907 1.7998817 0.3769326
v 1.3229907 1.7998817 0.5546794
v 1.1937413 1.6778619 0.5546794
v 1.0717218 1.807111 0.5546794
v 1.2009709 1.9291308 0.5546794
v 0.32024896 2.6031072 0.3769326
v 0.44949803 2.725127 0.3769326
v 0.44949803 2.725127 0.5546794
v 0.32024896 2.6031072 0.5546794
v 0.44949803 2.725127 0.3769326
v 0.5715176 2.5958781 0.3769326
v 0.5715176 2.5958781 0.5546794
v 0.44949803 2.725127 0.5546794
v 0.5715176 2.5958781 0.3769326
v 0.44226843 2.4738584 0.3769326
v 0.44226843 2.4738584 0.5546794
v 0.5715176 2.5958781 0.5546794
v 0.44226843 2.4738584 0.3769326
v 0.32024896 2.6031072 0.3769326
v 0.32024896 2.6031072 0.5546794
v 0.44226843 2.4738584 0.5546794
v 0.44949803 2.725127 0.3769326
v 0.32024896 2.6031072 0.3769326
v 0.44226843 2.4738584 0.3769326
v 0.5715176 2.5958781 0.3769326
v 0.5715176 2.5958781 0.5546794
v 0.44226843 2.4738584 0.5546794
v 0.32024896 2.6031072 0.5546794
v 0.44949803 2.725127 0.5546794
v 0.3592428 2.5865235 0.19184421
v 0.43817705 2.6610427 0.19184421
v 0.43817705 2.6610427 1.8778048
v 0.3592428 2.5865235 1.8778048
v 0.43817705 2.6610427 0.19184421
v 0.5126962 2.5821087 0.19184421
v 0.5126962 2.5821087 1.8778048
v 0.43817705 2.6610427 1.8778048
v 0.5126962 2.5821087 0.19184421
v 0.43376184 2.5075893 0.19184421
v 0.43376184 2.5075893 1.8778048
v 0.5126962 2.5821087 1.8778048
v 0.43376184 2.5075893 0.19184421
v 0.3592428 2.5865235 0.19184421
v 0.3592428 2.5865235 1.8778048
v 0.43376184 2.5075893 1.8778048
v 0.43817705 2.6610427 0.19184421
v 0.3592428 2.5865235 0.19184421
v 0.43376184 2.5075893 0.19184421
v 0.5126962 2.5821087 0.19184421
v 0.5126962 2.5821087 1.8778048
v 0.43376184 2.5075893 1.8778048
v 0.3592428 2.5865235 1.8778048
v 0.43817705 2.6610427 1.8778048
v 1.1173137 2.2476065 0.25328296
v 1.2699158 2.3096762 0.25328296
v 1.2699158 2.3096762 1.2878745
v 1.1173137 2.2476065 1.2878745
v 1.2699158 2.3096762 0.25328296
v 1.5355973 1.6564867 0.25328296
v 1.5355973 1.6564867 1.2878745
v 1.2699158 2.3096762 1.2878745
v 1.5355973 1.6564867 0.25328296
v 1.3829951 1.5944165 0.25328296
v 1.3829951 1.5944165 1.2878745
v 1.5355973 1.6564867 1.2878745
v 1.3829951 1.5944165 0.25328296
v 1.1173137 2.2476065 0.25328296
v 1.1173137 2.2476065 1.2878745
v 1.3829951 1.5944165 1.2878745
v 1.2699158 2.3096762 0.25328296
v 1.1173137 2.2476065 0.25328296
v 1.3829951 1.5944165 0.25328296
v 1.5355973 1.6564867 0.25328296
v 1.5355973 1.6564867 1.2878745
v 1.3829951 1.5944165 1.2878745
v 1.1173137 2.2476065 1.2878745
v 1.2699158 2.3096762 1.2878745
v -1.3090196 2.6506886 2.2191265
v -0.87877524 2.4825356 3.6504378
v -1.3090186 2.5583992 3.6504378
v -0.84721136 2.5692594 2.2191265
v -0.5004255 2.2640958 3.6504378
v -0.44110405 2.3347936 2.2191265
v -0.2196038 1.9294252 3.6504378
v -0.13967985 1.9755701 2.2191265
v -0.07018187 1.5188913 3.6504378
v 0.020704482 1.5349172 2.2191265
v -0.07018187 1.0820107 3.6504378
v 0.020704482 1.065985 2.2191265
v -0.2196038 0.6714773 3.6504378
v -0.13967985 0.62533265 2.2191265
v -0.50042516 0.33680737 3.6504378
v 0.036588583 1.0631841 1.9689778
v -0.44110367 0.2661097 2.2191265
v -0.87877506 0.11836696 3.6504378
v -0.12571163 0.617268 1.9689778
v -0.84721124 0.031643428 2.2191265
v -1.3090186 0.042503357 3.6504378
v -0.43073612 0.25375396 1.9689778
v -1.3090196 -0.049785957 2.2191265
v -1.739262 0.11836696 3.6504378
v -0.84169483 0.016486857 1.9689778
v -1.7708278 0.031643428 2.2191265
v -2.1176116 0.336807 3.6504378
v -1.3090197 -0.06591526 1.9689778
v -2.176935 0.2661093 2.2191265
v -2.3984334 0.6714773 3.6504378
v -2.4783595 0.6253327 2.2191265
v -2.5478559 1.0820107 3.6504378
v -2.638744 1.065985 2.2191265
v -2.5478559 1.5188913 3.6504378
v -2.638744 1.5349172 2.2191265
v -2.3984334 1.9294252 3.6504378
v -2.4783595 1.9755701 2.2191265
v -2.1176121 2.264095 3.6504378
v -2.1769354 2.3347929 2.2191265
v -1.7392626 2.4825356 3.6504378
v -1.7708285 2.5692594 2.2191265
v -1.3090186 2.5583992 3.6504378
v -1.3090196 2.6506886 2.2191265
v -1.7763444 0.016486857 1.9689778
v -2.1873028 0.25375354 1.9689778
v -1.8192236 -0.101319194 0.024671078
v -2.2678885 0.15771711 0.024671078
v -1.309021 -0.19128191 0.024671078
v -2.492328 0.617268 1.9689778
v -0.7988181 -0.101319194 0.024671078
v -2.6009 0.55458474 0.024671078
v -2.6546285 1.0631841 1.9689778
v -0.35015327 0.15771759 0.024671078
v -2.778092 1.0414145 0.024671078
v -2.6546285 1.537718 1.9689778
v -0.017142177 0.55458474 0.024671078
v -2.778092 1.5594878 0.024671078
v -2.492328 1.9836347 1.9689778
v 0.16004944 1.0414145 0.024671078
v -2.6009 2.0463183 0.024671078
v -2.1873033 2.3471487 1.9689778
v 0.16004944 1.5594878 0.024671078
v -2.267889 2.4431853 0.024671078
v 0.036588583 1.537718 1.9689778
v -1.7763451 2.5844162 1.9689778
v -0.017142177 2.0463183 0.024671078
v -1.8192242 2.7022223 0.024671078
v -1.3090197 2.666818 1.9689778
v -1.309021 2.7921848 0.024671078
v -0.12571163 1.9836347 1.9689778
v -0.35015368 2.4431858 0.024671078
v -0.4307365 2.3471494 1.9689778
v -0.7988183 2.7022223 0.024671078
v -0.84169495 2.5844162 1.9689778
v -1.309021 2.7921848 0.024671078
v -1.3090197 2.666818 1.9689778
v -0.017142177 0.55458474 0.024671078
v 0.16004944 1.0414145 0.024671078
v 0.16004944 1.5594878 0.024671078
v -0.017142177 2.0463183 0.024671078
v -0.35015327 0.15771759 0.024671078
v -0.35015368 2.4431858 0.024671078
v -0.7988181 -0.101319194 0.024671078
v -0.7988183 2.7022223 0.024671078
v -1.309021 -0.19128191 0.024671078
v -1.309021 2.7921848 0.024671078
v -1.8192236 -0.101319194 0.024671078
v -1.8192242 2.7022223 0.024671078
v -2.2678885 0.15771711 0.024671078
v -2.267889 2.4431853 0.024671078
v -2.6009 0.55458474 0.024671078
v -2.6009 2.0463183 0.024671078
v -2.778092 1.0414145 0.024671078
v -2.778092 1.5594878 0.024671078
v -0.30524164 1.477444 3.2216935
v -0.3052416 1.1234581 3.2216935
v -0.42631188 0.79082024 3.2216935
v -0.42631194 1.8100823 3.2216935
v -0.6538495 0.51965135 3.2216935
v -0.65384984 2.0812516 3.2216935
v -0.9604105 0.3426583 3.2216935
v -0.96041054 2.2582443 3.2216935
v -1.3090186 0.28118926 3.2216935
v -1.3090186 2.3197134 3.2216935
v -1.6576271 2.2582443 3.2216935
v -1.6576266 0.34265834 3.2216935
v -1.9641874 0.51965106 3.2216935
v -1.9641877 2.0812511 3.2216935
v -2.1917255 0.79082036 3.2216935
v -2.1917255 1.8100822 3.2216935
v -2.312796 1.4774439 3.2216935
v -2.312796 1.1234583 3.2216935
v -1.3090197 2.666818 1.9689778
v -1.3090197 2.827847 1.9793608
v -1.8314204 2.735734 1.9793608
v -1.7763451 2.5844162 1.9689778
v -2.2908108 2.470504 1.9793608
v -2.1873033 2.3471487 1.9689778
v -2.6317832 2.0641494 1.9793608
v -2.492328 1.9836347 1.9689778
v -2.8132114 1.5656805 1.9793608
v -2.6546285 1.537718 1.9689778
v -2.8132114 1.0352217 1.9793608
v -2.6546285 1.0631841 1.9689778
v -2.6317832 0.53675336 1.9793608
v -2.492328 0.617268 1.9689778
v -2.310666 0.15023944 1.9792037
v -2.1873028 0.25375354 1.9689778
v -1.7708285 2.5692594 2.2191265
v -1.3090196 2.811718 2.2295096
v -1.3090196 2.6506886 2.2191265
v -1.8259038 2.7205772 2.2295096
v -2.1769354 2.3347929 2.2191265
v -2.280443 2.4581482 2.2295096
v -2.4783595 1.9755701 2.2191265
v -2.6178148 2.0560849 2.2295096
v -2.638744 1.5349172 2.2191265
v -2.797327 1.5628797 2.2295096
v -2.638744 1.065985 2.2191265
v -2.797327 1.0380225 2.2295096
v -2.4783595 0.6253327 2.2191265
v -2.6178148 0.54481804 2.2295096
v -2.176935 0.2661093 2.2191265
v -2.3002982 0.16259518 2.2293525
v 0.036588583 1.0631841 1.9689778
v 0.19762787 1.0631841 1.9792036
v 0.19517143 1.5656805 1.9793607
v 0.036588583 1.537718 1.9689778
v 0.013743788 2.0641494 1.9793607
v -0.12571163 1.9836347 1.9689778
v -0.32722896 2.470505 1.9793607
v -0.4307365 2.3471494 1.9689778
v -0.7866198 2.7357342 1.9793608
v -0.84169495 2.5844162 1.9689778
v -1.3090197 2.827847 1.9793608
v -1.3090197 2.666818 1.9689778
v 0.020704482 1.5349172 2.2191265
v 0.18174376 1.065985 2.2293522
v 0.020704482 1.065985 2.2191265
v 0.17928733 1.5628797 2.2295094
v -0.13967985 1.9755701 2.2191265
v -0.00022442639 2.0560846 2.2295094
v -0.44110405 2.3347936 2.2191265
v -0.33759648 2.4581492 2.2295094
v -0.84721136 2.5692594 2.2191265
v -0.7921362 2.7205775 2.2295094
v -1.3090196 2.6506886 2.2191265
v -1.3090196 2.811718 2.2295096
v -1.8314204 2.735734 1.9793608
v -1.3090197 2.827847 1.9793608
v -1.3090196 2.811718 2.2295096
v -1.8259038 2.7205772 2.2295096
v -2.2908108 2.470504 1.9793608
v -2.280443 2.4581482 2.2295096
v -2.6317832 2.0641494 1.9793608
v -2.6178148 2.0560849 2.2295096
v -2.8132114 1.5656805 1.9793608
v -2.797327 1.5628797 2.2295096
v -2.8132114 1.0352217 1.9793608
v -2.797327 1.0380225 2.2295096
v -2.6317832 0.53675336 1.9793608
v -2.6178148 0.54481804 2.2295096
v -2.310666 0.15023944 1.9792037
v -2.3002982 0.16259518 2.2293525
v 0.19517143 1.5656805 1.9793607
v 0.19762787 1.0631841 1.9792036
v 0.18174376 1.065985 2.2293522
v 0.17928733 1.5628797 2.2295094
v 0.013743788 2.0641494 1.9793607
v -0.00022442639 2.0560846 2.2295094
v -0.32722896 2.470505 1.9793607
v -0.33759648 2.4581492 2.2295094
v -0.7866198 2.7357342 1.9793608
v -0.7921362 2.7205775 2.2295094
v -1.3090197 2.827847 1.9793608
v -1.3090196 2.811718 2.2295096
v -2.1873028 0.25375354 1.9689778
v -2.310666 0.15023944 1.9792037
v -2.3002982 0.16259518 2.2293525
v -2.176935 0.2661093 2.2191265
v 0.020704482 1.065985 2.2191265
v 0.18174376 1.065985 2.2293522
v 0.19762787 1.0631841 1.9792036
v 0.036588583 1.0631841 1.9689778
v -0.6538495 0.51965135 3.6504378
v -0.6538495 0.51965135 3.2216935
v -0.42631188 0.79082024 3.2216935
v -0.42631185 0.79082024 3.6504378
v -0.9604105 0.3426583 3.6504378
v -0.3052416 1.1234581 3.2216935
v -0.9604105 0.3426583 3.2216935
v -0.30524158 1.1234581 3.6504378
v -1.3090186 0.28118926 3.6504378
v -0.30524164 1.477444 3.2216935
v -1.3090186 0.28118926 3.2216935
v -0.3052416 1.477444 3.6504378
v -1.6576266 0.34265834 3.6504378
v -0.42631194 1.8100823 3.2216935
v -1.6576266 0.34265834 3.2216935
v -0.4263119 1.8100823 3.6504378
v -1.9641874 0.51965106 3.6504378
v -0.65384984 2.0812516 3.2216935
v -1.9641874 0.51965106 3.2216935
v -0.65384984 2.0812516 3.6504378
v -2.1917255 0.79082036 3.6504378
v -0.96041054 2.2582443 3.2216935
v -2.1917255 0.79082036 3.2216935
v -0.96041054 2.2582443 3.6504378
v -2.312796 1.1234583 3.6504378
v -1.3090186 2.3197134 3.2216935
v -2.312796 1.1234583 3.2216935
v -1.3090186 2.3197134 3.6504378
v -2.312796 1.4774439 3.6504378
v -1.6576271 2.2582443 3.2216935
v -2.312796 1.4774439 3.2216935
v -1.6576271 2.2582443 3.6504378
v -2.1917255 1.8100822 3.6504378
v -1.9641877 2.0812511 3.2216935
v -2.1917255 1.8100822 3.2216935
v -1.9641877 2.0812511 3.6504378
v -1.9641877 2.0812511 3.6504378
v -2.1176121 2.264095 3.6504378
v -1.7392626 2.4825356 3.6504378
v -2.1917255 1.8100822 3.6504378
v -1.6576271 2.2582443 3.6504378
v -2.3984334 1.9294252 3.6504378
v -1.3090186 2.5583992 3.6504378
v -2.312796 1.4774439 3.6504378
v -1.3090186 2.3197134 3.6504378
v -2.5478559 1.5188913 3.6504378
v -0.87877524 2.4825356 3.6504378
v -2.312796 1.1234583 3.6504378
v -0.96041054 2.2582443 3.6504378
v -2.5478559 1.0820107 3.6504378
v -0.5004255 2.2640958 3.6504378
v -2.1917255 0.79082036 3.6504378
v -0.65384984 2.0812516 3.6504378
v -2.3984334 0.6714773 3.6504378
v -0.2196038 1.9294252 3.6504378
v -1.9641874 0.51965106 3.6504378
v -0.4263119 1.8100823 3.6504378
v -2.1176116 0.336807 3.6504378
v -0.07018187 1.5188913 3.6504378
v -1.6576266 0.34265834 3.6504378
v -0.3052416 1.477444 3.6504378
v -1.739262 0.11836696 3.6504378
v -0.07018187 1.0820107 3.6504378
v -1.3090186 0.28118926 3.6504378
v -0.30524158 1.1234581 3.6504378
v -1.3090186 0.042503357 3.6504378
v -0.2196038 0.6714773 3.6504378
v -0.9604105 0.3426583 3.6504378
v -0.42631185 0.79082024 3.6504378
v -0.87877506 0.11836696 3.6504378
v -0.50042516 0.33680737 3.6504378
v -0.6538495 0.51965135 3.6504378
v 1.0707277 2.436669 1.0161179
v 1.0272961 2.395667 1.0756742
v 0.93733346 2.459595 1.0756742
v 0.9617684 2.5140972 1.0161179
v 0.8959359 2.3672583 1.1270934
v 1.1028804 2.4670234 0.9105207
v 1.141763 2.3234382 1.0161179
v 1.1830838 2.339177 0.9105207
v 1.0859461 2.3021772 1.0756742
v 0.95371413 2.3262007 1.1270934
v 0.9913818 2.2661572 1.1270934
v 1.1914392 2.3423598 0.79970515
v 1.1093816 2.4731607 0.79970515
v 1.217195 2.190113 0.79970515
v 0.979857 2.5544446 0.9105207
v 0.98351485 2.562603 0.79970515
v 1.2082582 2.1903708 0.9105207
v 1.1827284 2.0396 0.79970515
v 0.83274424 2.5881329 0.9105207
v 0.8330011 2.5970702 0.79970515
v 0.8314725 2.543934 1.0161179
v 1.1640592 2.191642 1.0161179
v 1.0859461 2.3021772 1.0756742
v 1.1745698 2.0432572 0.9105207
v 1.0932858 1.9137328 0.79970515
v 0.68393755 2.562959 0.9105207
v 0.680755 2.5713143 0.79970515
v 0.8297544 2.4842296 1.0756742
v 0.93733346 2.459595 1.0756742
v 0.8268445 2.38308 1.1270934
v 1.0871481 1.9202342 0.9105207
v 0.96248454 1.8316753 0.79970515
v 0.6996766 2.5216377 1.0161179
v 0.5560913 2.4827552 0.9105207
v 0.5499536 2.4892566 0.79970515
v 1.134222 2.0613465 1.0161179
v 0.9593024 1.8400307 0.9105207
v 0.8102381 1.8059192 0.79970515
v 0.720937 2.4658208 1.0756742
v 0.8297544 2.4842296 1.0756742
v 0.58644533 2.4506025 1.0161179
v 0.46866962 2.3597324 0.9105207
v 0.46051112 2.3633897 0.79970515
v 1.0567939 1.9523869 1.0161179
v 0.81049556 1.8148568 0.9105207
v 0.6597247 1.8403864 0.79970515
v 0.7569568 2.3712566 1.1270934
v 0.50901735 2.341643 1.0161179
v 0.4349816 2.212619 0.9105207
v 0.42604437 2.2128758 0.79970515
v 0.9435628 1.8813515 1.0161179
v 0.47918054 2.2113473 1.0161179
v 0.46015567 2.0638123 0.9105207
v 0.4518005 2.0606296 0.79970515
v 0.5014769 2.0795515 1.0161179
v 0.540359 1.9359663 0.9105207
v 0.5338578 1.9298289 0.79970515
v 0.5725117 1.9663205 1.0161179
v 0.6633823 1.8485446 0.9105207
v 0.68147117 1.8888924 1.0161179
v 0.8117671 1.8590555 1.0161179
v 0.55729365 2.1008124 1.0756742
v 0.53888464 2.2096295 1.0756742
v 0.65185755 2.136832 1.1270934
v 0.64003444 2.2067192 1.1270934
v 0.61594355 2.007323 1.0756742
v 0.55729365 2.1008124 1.0756742
v 0.689525 2.0767887 1.1270934
v 0.70590633 1.9433947 1.0756742
v 0.61594355 2.007323 1.0756742
v 0.7473034 2.0357313 1.1270934
v 0.8134847 1.9187596 1.0756742
v 0.70590633 1.9433947 1.0756742
v 0.8163953 2.0199096 1.1270934
v 0.65585655 2.2758117 1.1270934
v 0.6969139 2.3335893 1.1270934
v 0.5635195 2.3172085 1.0756742
v 0.53888464 2.2096295 1.0756742
v 0.6274479 2.4071708 1.0756742
v 0.88628274 2.0317328 1.1270934
v 0.8134847 1.9187596 1.0756742
v 0.9463255 2.0694003 1.1270934
v 0.9223021 1.9371684 1.0756742
v 1.0157914 1.9958184 1.0756742
v 0.987383 2.1271782 1.1270934
v 1.0797198 2.085781 1.0756742
v 1.0032051 2.1962705 1.1270934
v 1.1043547 2.19336 1.0756742
v 2.34732 -0.11419839 2.9161024
v 2.6510198 0.12135121 2.9161024
v 2.6510198 -2.618276 2.9161024
v 2.34732 -2.3827264 2.9161024
v -2.34732 -0.11419839 2.9161024
v -2.6510198 -2.618276 2.9161024
v -2.6510198 0.12135121 2.9161024
v -2.34732 -2.3827264 2.9161024
vt 0.375 0
vt 0.375 0.25
vt 0.625 0.25
vt 0.625 0
vt 0.375 0.5
vt 0.375 0.75
vt 0.625 0.75
vt 0.625 0.5
vt 0.375 0.25
vt 0.375 0.5
vt 0.625 0.5
vt 0.625 0.25
vt 0.375 0.75
vt 0.375 1
vt 0.625 1
vt 0.625 0.75
vt 0.125 0.5
vt 0.125 0.75
vt 0.375 0.75
vt 0.375 0.5
vt 0.63931996 0.5214947
vt 0.63931996 0.5214947
vt 0.86068004 0.5214947
vt 0.86068004 0.5214947
vt 0.63931996 0.5214947
vt 0.63931996 0.7285053
vt 0.86068004 0.7285054
vt 0.86068004 0.5214947
vt 0.86068004 0.5214947
vt 0.86068004 0.5214947
vt 0.86068004 0.7285054
vt 0.86068004 0.7285054
vt 0.86068004 0.7285054
vt 0.86068004 0.7285054
vt 0.63931996 0.7285053
vt 0.63931996 0.7285053
vt 0.63931996 0.7285053
vt 0.63931996 0.7285053
vt 0.63931996 0.5214947
vt 0.63931996 0.5214947
vt 0.375 0
vt 0.375 0.25
vt 0.625 0.25
vt 0.625 0
vt 0.375 0.25
vt 0.375 0.5
vt 0.625 0.5
vt 0.625 0.25
vt 0.375 0.5
vt 0.375 0.75
vt 0.625 0.75
vt 0.625 0.5
vt 0.375 0.75
vt 0.375 1
vt 0.625 1
vt 0.625 0.75
vt 0.125 0.5
vt 0.125 0.75
vt 0.375 0.75
vt 0.375 0.5
vt 0.625 0.5
vt 0.625 0.75
vt 0.875 0.75
vt 0.875 0.5
vt 0.375 0
vt 0.375 0.25
vt 0.625 0.25
vt 0.625 0
vt 0.375 0.25
vt 0.375 0.5
vt 0.625 0.5
vt 0.625 0.25
vt 0.375 0.5
vt 0.375 0.75
vt 0.625 0.75
vt 0.625 0.5
vt 0.375 0.75
vt 0.375 1
vt 0.625 1
vt 0.625 0.75
vt 0.125 0.5
vt 0.125 0.75
vt 0.375 0.75
vt 0.375 0.5
vt 0.625 0.5
vt 0.625 0.75
vt 0.875 0.75
vt 0.875 0.5
vt 0.375 0
vt 0.375 0.25
vt 0.625 0.25
vt 0.625 0
vt 0.375 0.25
vt 0.375 0.5
vt 0.625 0.5
vt 0.625 0.25
vt 0.375 0.5
vt 0.375 0.75
vt 0.625 0.75
vt 0.625 0.5
vt 0.375 0.75
vt 0.375 1
vt 0.625 1
vt 0.625 0.75
vt 0.125 0.5
vt 0.125 0.75
vt 0.375 0.75
vt 0.375 0.5
vt 0.625 0.5
vt 0.625 0.75
vt 0.875 0.75
vt 0.875 0.5
vt 0.375 0
vt 0.375 0.25
vt 0.625 0.25
vt 0.625 0
vt 0.375 0.25
vt 0.375 0.5
vt 0.625 0.5
vt 0.625 0.25
vt 0.375 0.5
vt 0.375 0.75
vt 0.625 0.75
vt 0.625 0.5
vt 0.375 0.75
vt 0.375 1
vt 0.625 1
vt 0.625 0.75
vt 0.125 0.5
vt 0.125 0.75
vt 0.375 0.75
vt 0.375 0.5
vt 0.625 0.5
vt 0.625 0.75
vt 0.875 0.75
vt 0.875 0.5
vt 0.375 0
vt 0.375 0.25
vt 0.625 0.25
vt 0.625 0
vt 0.375 0.25
vt 0.375 0.5
vt 0.625 0.5
vt 0.625 0.25
vt 0.375 0.5
vt 0.375 0.75
vt 0.625 0.75
vt 0.625 0.5
vt 0.375 0.75
vt 0.375 1
vt 0.625 1
vt 0.625 0.75
vt 0.125 0.5
vt 0.125 0.75
vt 0.375 0.75
vt 0.375 0.5
vt 0.625 0.5
vt 0.625 0.75
vt 0.875 0.75
vt 0.875 0.5
vt 0.375 0
vt 0.375 0.25
vt 0.625 0.25
vt 0.625 0
vt 0.375 0.25
vt 0.375 0.5
vt 0.625 0.5
vt 0.625 0.25
vt 0.375 0.5
vt 0.375 0.75
vt 0.625 0.75
vt 0.625 0.5
vt 0.375 0.75
vt 0.375 1
vt 0.625 1
vt 0.625 0.75
vt 0.125 0.5
vt 0.125 0.75
vt 0.375 0.75
vt 0.375 0.5
vt 0.625 0.5
vt 0.625 0.75
vt 0.875 0.75
vt 0.875 0.5
vt 0.375 0
vt 0.375 0.25
vt 0.625 0.25
vt 0.625 0
vt 0.375 0.25
vt 0.375 0.5
vt 0.625 0.5
vt 0.625 0.25
vt 0.375 0.5
vt 0.375 0.75
vt 0.625 0.75
vt 0.625 0.5
vt 0.375 0.75
vt 0.375 1
vt 0.625 1
vt 0.625 0.75
vt 0.125 0.5
vt 0.125 0.75
vt 0.375 0.75
vt 0.375 0.5
vt 0.625 0.5
vt 0.625 0.75
vt 0.875 0.75
vt 0.875 0.5
vt 0.375 0
vt 0.375 0.25
vt 0.625 0.25
vt 0.625 0
vt 0.375 0.25
vt 0.375 0.5
vt 0.625 0.5
vt 0.625 0.25
vt 0.375 0.5
vt 0.375 0.75
vt 0.625 0.75
vt 0.625 0.5
vt 0.375 0.75
vt 0.375 1
vt 0.625 1
vt 0.625 0.75
vt 0.125 0.5
vt 0.125 0.75
vt 0.375 0.75
vt 0.375 0.5
vt 0.625 0.5
vt 0.625 0.75
vt 0.875 0.75
vt 0.875 0.5
vt 0.375 0
vt 0.375 0.25
vt 0.625 0.25
vt 0.625 0
vt 0.375 0.25
vt 0.375 0.5
vt 0.625 0.5
vt 0.625 0.25
vt 0.375 0.5
vt 0.375 0.75
vt 0.625 0.75
vt 0.625 0.5
vt 0.375 0.75
vt 0.375 1
vt 0.625 1
vt 0.625 0.75
vt 0.125 0.5
vt 0.125 0.75
vt 0.375 0.75
vt 0.375 0.5
vt 0.625 0.5
vt 0.625 0.75
vt 0.875 0.75
vt 0.875 0.5
vt 0.375 0
vt 0.375 0.25
vt 0.625 0.25
vt 0.625 0
vt 0.375 0.25
vt 0.375 0.5
vt 0.625 0.5
vt 0.625 0.25
vt 0.375 0.5
vt 0.375 0.75
vt 0.625 0.75
vt 0.625 0.5
vt 0.375 0.75
vt 0.375 1
vt 0.625 1
vt 0.625 0.75
vt 0.125 0.5
vt 0.125 0.75
vt 0.375 0.75
vt 0.375 0.5
vt 0.625 0.5
vt 0.625 0.75
vt 0.875 0.75
vt 0.875 0.5
vt 0.375 0
vt 0.375 0.25
vt 0.625 0.25
vt 0.625 0
vt 0.375 0.25
vt 0.375 0.5
vt 0.625 0.5
vt 0.625 0.25
vt 0.375 0.5
vt 0.375 0.75
vt 0.625 0.75
vt 0.625 0.5
vt 0.375 0.75
vt 0.375 1
vt 0.625 1
vt 0.625 0.75
vt 0.125 0.5
vt 0.125 0.75
vt 0.375 0.75
vt 0.375 0.5
vt 0.625 0.5
vt 0.625 0.75
vt 0.875 0.75
vt 0.875 0.5
vt 0.375 0
vt 0.375 0.25
vt 0.625 0.25
vt 0.625 0
vt 0.375 0.25
vt 0.375 0.5
vt 0.625 0.5
vt 0.625 0.25
vt 0.375 0.5
vt 0.375 0.75
vt 0.625 0.75
vt 0.625 0.5
vt 0.375 0.75
vt 0.375 1
vt 0.625 1
vt 0.625 0.75
vt 0.125 0.5
vt 0.125 0.75
vt 0.375 0.75
vt 0.375 0.5
vt 0.625 0.5
vt 0.625 0.75
vt 0.875 0.75
vt 0.875 0.5
vt 0.375 0
vt 0.375 0.25
vt 0.625 0.25
vt 0.625 0
vt 0.375 0.25
vt 0.375 0.5
vt 0.625 0.5
vt 0.625 0.25
vt 0.375 0.5
vt 0.375 0.75
vt 0.625 0.75
vt 0.625 0.5
vt 0.375 0.75
vt 0.375 1
vt 0.625 1
vt 0.625 0.75
vt 0.125 0.5
vt 0.125 0.75
vt 0.375 0.75
vt 0.375 0.5
vt 0.625 0.5
vt 0.625 0.75
vt 0.875 0.75
vt 0.875 0.5
vt 0.375 0
vt 0.375 0.25
vt 0.625 0.25
vt 0.625 0
vt 0.375 0.25
vt 0.375 0.5
vt 0.625 0.5
vt 0.625 0.25
vt 0.375 0.5
vt 0.375 0.75
vt 0.625 0.75
vt 0.625 0.5
vt 0.375 0.75
vt 0.375 1
vt 0.625 1
vt 0.625 0.75
vt 0.125 0.5
vt 0.125 0.75
vt 0.375 0.75
vt 0.375 0.5
vt 0.625 0.5
vt 0.625 0.75
vt 0.875 0.75
vt 0.875 0.5
vt 0.375 0
vt 0.375 0.25
vt 0.625 0.25
vt 0.625 0
vt 0.375 0.25
vt 0.375 0.5
vt 0.625 0.5
vt 0.625 0.25
vt 0.375 0.5
vt 0.375 0.75
vt 0.625 0.75
vt 0.625 0.5
vt 0.375 0.75
vt 0.375 1
vt 0.625 1
vt 0.625 0.75
vt 0.125 0.5
vt 0.125 0.75
vt 0.375 0.75
vt 0.375 0.5
vt 0.625 0.5
vt 0.625 0.75
vt 0.875 0.75
vt 0.875 0.5
vt 0.375 0
vt 0.375 0.25
vt 0.625 0.25
vt 0.625 0
vt 0.375 0
vt 0.625 0
vt 0.375 0.25807777
vt 0.375 0.5
vt 0.625 0.5
vt 0.625 0.25807777
vt 0.375 0.25
vt 0.625 0.25
vt 0.375 0.5
vt 0.375 0.75
vt 0.625 0.75
vt 0.625 0.5
vt 0.8669222 0.75
vt 0.8669222 0.75
vt 0.875 0.75
vt 0.875 0.75
vt 0.86692226 0.5
vt 0.875 0.5
vt 0.13307777 0.5
vt 0.375 0.75
vt 0.375 0.5
vt 0.13307777 0.75
vt 0.125 0.5
vt 0.125 0.75
vt 0.13307777 0.75
vt 0.125 0.75
vt 0.625 0.5
vt 0.625 0.75
vt 0.8669222 0.75
vt 0.86692226 0.5
vt 0.375 0.75
vt 0.375 0.99192226
vt 0.625 0.99192226
vt 0.625 0.75
vt 0.375 0.99192226
vt 0.375 1
vt 0.625 1
vt 0.625 0.99192226
vt 0.375 0.99192226
vt 0.375 0.99192226
vt 0.625 0.99192226
vt 0.625 0.99192226
vt 0.0625 0.5
vt 0 0.5
vt 0 0.8534892
vt 0.0625 0.85348916
vt 0.125 0.5
vt 0.12499999 0.85348916
vt 0.1875 0.5
vt 0.1875 0.85348916
vt 0.25 0.5
vt 0.25 0.85348916
vt 0.3125 0.5
vt 0.3125 0.8534892
vt 0.375 0.5
vt 0.375 0.85348916
vt 0.4375 0.5
vt 0.4375 0.8534892
vt 0.5 0.5
vt 0.49999994 0.85348916
vt 0.5625 0.5
vt 0.5625 0.8534893
vt 0.625 0.5
vt 0.625 0.8534892
vt 0.6875 0.5
vt 0.6875 0.85348916
vt 0.75 0.5
vt 0.75 0.85348916
vt 0.8125 0.5
vt 0.8125 0.85348916
vt 0.875 0.5
vt 0.875 0.85348916
vt 0.9375 0.5
vt 0.9375 0.85348916
vt 1 0.5
vt 1 0.85348916
vt 0.97173107 0.34184402
vt 0.9197056 0.41970563
vt 0.841844 0.47173107
vt 0.75 0.49
vt 0.99 0.24999999
vt 0.658156 0.4717311
vt 0.97173107 0.15815598
vt 0.5802944 0.4197056
vt 0.9197056 0.08029437
vt 0.52826893 0.34184408
vt 0.841844 0.028268918
vt 0.51 0.25
vt 0.75 0.00999999
vt 0.52826893 0.15815595
vt 0.658156 0.028268918
vt 0.5802944 0.080294356
vt 0.7499999 0.875
vt 0.6875 0.875
vt 0.71874994 1
vt 0.75 0.75
vt 0.6875 0.75
vt 0.62499994 0.875
vt 0.65624994 1
vt 0.8124999 0.75
vt 0.81249994 0.875
vt 0.7812499 1
vt 0.75 0.625
vt 0.8124999 0.62500006
vt 0.625 0.75
vt 0.6875 0.625
vt 0.56249994 0.875
vt 0.59374994 1
vt 0.8749999 0.75
vt 0.8749999 0.625
vt 0.87499994 0.875
vt 0.84374994 1
vt 0.81249994 0.5
vt 0.74999994 0.5
vt 0.87499994 0.5
vt 0.625 0.625
vt 0.56249994 0.75
vt 0.6875 0.5
vt 0.49999994 0.875
vt 0.5312499 1
vt 0.8124999 0.375
vt 0.8749999 0.375
vt 0.75 0.375
vt 0.93749994 0.5
vt 0.93749994 0.375
vt 0.93749994 0.625
vt 0.93749994 0.75
vt 0.93749994 0.875
vt 0.90625 1
vt 1 0.5
vt 1 0.625
vt 1 0.375
vt 1 0.75
vt 1 0.875
vt 0.96875 1
vt 1 0.25
vt 0.93749994 0.25
vt 1 0.12500006
vt 0.93749994 0.12500006
vt 0.96874994 0
vt 0.8749999 0.25
vt 0.87499994 0.12500006
vt 0.90625 0
vt 0.8124999 0.25
vt 0.81249994 0.125
vt 0.84374994 0
vt 0.7499999 0.25
vt 0.6875 0.375
vt 0.75 0.12500006
vt 0.78124994 0
vt 0.6875 0.25
vt 0.625 0.5
vt 0.6875 0.12500006
vt 0.71875 0
vt 0.625 0.375
vt 0.5625 0.625
vt 0.625 0.25
vt 0.5625 0.5
vt 0.49999994 0.75
vt 0.62499994 0.12500006
vt 0.65624994 0
vt 0.5625 0.375
vt 0.49999997 0.625
vt 0.43749994 0.875
vt 0.4687499 1
vt 0.56249994 0.25
vt 0.49999997 0.5
vt 0.43749994 0.75
vt 0.56249994 0.12500006
vt 0.59374994 0
vt 0.49999997 0.375
vt 0.43749997 0.625
vt 0.37499994 0.875
vt 0.4062499 1
vt 0.49999994 0.25
vt 0.43749997 0.5
vt 0.37499994 0.75
vt 0.49999994 0.12500006
vt 0.53124994 0
vt 0.43749997 0.375
vt 0.37499994 0.625
vt 0.31249994 0.875
vt 0.34374994 1
vt 0.43749994 0.25
vt 0.37499997 0.5
vt 0.31249994 0.75
vt 0.43749994 0.12500006
vt 0.4687499 0
vt 0.37499997 0.375
vt 0.31249997 0.625
vt 0.24999997 0.875
vt 0.28124994 1
vt 0.37499994 0.25
vt 0.31249997 0.5
vt 0.24999994 0.75
vt 0.37499994 0.12500012
vt 0.4062499 0
vt 0.31249997 0.375
vt 0.24999997 0.625
vt 0.18749997 0.875
vt 0.21874997 1
vt 0.31249994 0.25
vt 0.24999997 0.5
vt 0.18749997 0.75
vt 0.31249994 0.12500006
vt 0.34374994 0
vt 0.24999997 0.375
vt 0.18749997 0.625
vt 0.12499997 0.875
vt 0.15624997 1
vt 0.24999994 0.25
vt 0.18749997 0.5
vt 0.12499997 0.75
vt 0.24999997 0.12500006
vt 0.28124994 0
vt 0.18749997 0.375
vt 0.12499997 0.625
vt 0.0625 0.875
vt 0.09375003 1
vt 0.18749997 0.25
vt 0.12499997 0.5
vt 0.06249994 0.75
vt 0 0.875
vt 0.03125 1
vt 0 0.75
vt 0.06249994 0.625
vt 0 0.625
vt 0.0625 0.5
vt 0 0.5
vt 0.12499997 0.375
vt 0.0625 0.375
vt 0 0.375
vt 0.12499997 0.25
vt 0.06249994 0.25
vt 0 0.25
vt 0.18749997 0.12500006
vt 0.21874997 0
vt 0.12499997 0.12500006
vt 0.15624997 0
vt 0.0625 0.12500006
vt 0.09375 0
vt 0 0.12500006
vt 0.03125 0
vt 0.375 0
vt 0.375 0.25
vt 0.625 0.25
vt 0.625 0
vt 0.375 0.25
vt 0.375 0.5
vt 0.625 0.5
vt 0.625 0.25
vt 0.375 0.5
vt 0.375 0.75
vt 0.625 0.75
vt 0.625 0.5
vt 0.375 0.75
vt 0.375 1
vt 0.625 1
vt 0.625 0.75
vt 0.125 0.5
vt 0.125 0.75
vt 0.375 0.75
vt 0.375 0.5
vt 0.625 0.5
vt 0.625 0.75
vt 0.875 0.75
vt 0.875 0.5
vt 0.375 0
vt 0.375 0.25
vt 0.625 0.25
vt 0.625 0
vt 0.375 0.25
vt 0.375 0.5
vt 0.625 0.5
vt 0.625 0.25
vt 0.375 0.5
vt 0.375 0.75
vt 0.625 0.75
vt 0.625 0.5
vt 0.375 0.75
vt 0.375 1
vt 0.625 1
vt 0.625 0.75
vt 0.125 0.5
vt 0.125 0.75
vt 0.375 0.75
vt 0.375 0.5
vt 0.625 0.5
vt 0.625 0.75
vt 0.875 0.75
vt 0.875 0.5
vt 0.375 0
vt 0.375 0.25
vt 0.625 0.25
vt 0.625 0
vt 0.375 0.25
vt 0.375 0.5
vt 0.625 0.5
vt 0.625 0.25
vt 0.375 0.5
vt 0.375 0.75
vt 0.625 0.75
vt 0.625 0.5
vt 0.375 0.75
vt 0.375 1
vt 0.625 1
vt 0.625 0.75
vt 0.125 0.5
vt 0.125 0.75
vt 0.375 0.75
vt 0.375 0.5
vt 0.625 0.5
vt 0.625 0.75
vt 0.875 0.75
vt 0.875 0.5
vt 0.375 0
vt 0.375 0.088358656
vt 0.625 0.08835865
vt 0.625 0
vt 0.375 0.088358656
vt 0.375 0.66164136
vt 0.625 0.66164136
vt 0.625 0.08835865
vt 0.375 0.66164136
vt 0.375 0.75
vt 0.625 0.75
vt 0.625 0.66164136
vt 0.375 0.75
vt 0.375 1
vt 0.625 1
vt 0.625 0.75
vt 0.125 0.66164136
vt 0.125 0.75
vt 0.375 0.75
vt 0.375 0.66164136
vt 0.625 0.66164136
vt 0.625 0.75
vt 0.875 0.75
vt 0.875 0.6616414
vt 1 0.80261946
vt 0.9444444 1
vt 1 1
vt 0.9444444 0.80261946
vt 0.88888884 1
vt 0.88888884 0.80261946
vt 0.83333325 1
vt 0.8333333 0.8026196
vt 0.7777777 1
vt 0.7777777 0.80261946
vt 0.7222221 1
vt 0.7222221 0.80261946
vt 0.6666665 1
vt 0.66666645 0.80261946
vt 0.6111109 1
vt 0.7222221 0.7681235
vt 0.61111104 0.80261964
vt 0.55555534 1
vt 0.6666665 0.7681235
vt 0.55555534 0.8026195
vt 0.4999998 1
vt 0.611111 0.76812357
vt 0.49999982 0.80261946
vt 0.44444424 1
vt 0.55555534 0.7681235
vt 0.44444424 0.80261946
vt 0.3888887 1
vt 0.49999982 0.7681235
vt 0.38888872 0.80261946
vt 0.33333313 1
vt 0.33333313 0.80261946
vt 0.27777758 1
vt 0.2777776 0.8026195
vt 0.22222203 1
vt 0.22222203 0.80261946
vt 0.16666648 1
vt 0.16666648 0.80261946
vt 0.111110926 1
vt 0.111110926 0.80261946
vt 0.05555537 1
vt 0.055555377 0.8026195
vt -1.8626451E-07 1
vt -1.8626451E-07 0.80261946
vt 0.44444424 0.7681235
vt 0.38888872 0.7681235
vt 0.44444424 0.5
vt 0.3888887 0.5
vt 0.4999998 0.5
vt 0.33333313 0.7681235
vt 0.55555534 0.5
vt 0.33333313 0.5
vt 0.27777758 0.7681235
vt 0.6111109 0.5
vt 0.27777758 0.5
vt 0.22222203 0.7681235
vt 0.6666665 0.5
vt 0.22222203 0.5
vt 0.16666648 0.7681235
vt 0.7222221 0.5
vt 0.16666648 0.5
vt 0.111110926 0.7681235
vt 0.7777777 0.5
vt 0.111110926 0.5
vt 0.7777777 0.7681235
vt 0.055555373 0.7681235
vt 0.83333325 0.5
vt 0.05555537 0.5
vt -1.862645E-07 0.76812345
vt -1.8626451E-07 0.5
vt 0.8333333 0.76812357
vt 0.88888884 0.5
vt 0.8888888 0.7681235
vt 0.9444444 0.5
vt 0.9444444 0.7681235
vt 1 0.5
vt 1 0.7681235
vt 0.9578461 0.13
vt 0.9863539 0.20832445
vt 0.9863539 0.29167554
vt 0.9578461 0.37
vt 0.90426904 0.066149354
vt 0.904269 0.4338507
vt 0.8320849 0.024473801
vt 0.8320848 0.4755262
vt 0.75 0.010000005
vt 0.75 0.49
vt 0.6679152 0.024473801
vt 0.6679151 0.4755262
vt 0.595731 0.066149294
vt 0.59573096 0.4338506
vt 0.5421539 0.13
vt 0.5421539 0.37
vt 0.5136461 0.20832445
vt 0.5136461 0.29167554
vt 0.44150752 0.2837679
vt 0.4415075 0.21623205
vt 0.41840887 0.15276904
vt 0.4184089 0.3472309
vt 0.37499768 0.1010336
vt 0.37499756 0.39896637
vt 0.31650987 0.06726564
vt 0.31650987 0.43273434
vt 0.25000003 0.05553816
vt 0.25 0.4444619
vt 0.18349005 0.4327343
vt 0.18349016 0.06726565
vt 0.12500235 0.101033546
vt 0.12500231 0.39896637
vt 0.08159108 0.15276909
vt 0.08159108 0.34723088
vt 0.058492403 0.2837679
vt 0.058492403 0.21623203
vt -1.862645E-07 0.76812345
vt -1.862645E-07 0.76812345
vt 0.055555373 0.7681235
vt 0.055555373 0.7681235
vt 0.111110926 0.7681235
vt 0.111110926 0.7681235
vt 0.16666648 0.7681235
vt 0.16666648 0.7681235
vt 0.22222203 0.7681235
vt 0.22222203 0.7681235
vt 0.27777758 0.7681235
vt 0.27777758 0.7681235
vt 0.33333313 0.7681235
vt 0.33333313 0.7681235
vt 0.38888872 0.7681235
vt 0.38888872 0.7681235
vt 0.055555377 0.8026195
vt -1.8626451E-07 0.80261946
vt -1.8626451E-07 0.80261946
vt 0.055555377 0.8026195
vt 0.111110926 0.80261946
vt 0.111110926 0.80261946
vt 0.16666648 0.80261946
vt 0.16666648 0.80261946
vt 0.22222203 0.80261946
vt 0.22222203 0.80261946
vt 0.2777776 0.8026195
vt 0.2777776 0.8026195
vt 0.33333313 0.80261946
vt 0.33333313 0.80261946
vt 0.38888872 0.80261946
vt 0.38888872 0.80261946
vt 0.7222221 0.7681235
vt 0.7222221 0.7681235
vt 0.7777777 0.7681235
vt 0.7777777 0.7681235
vt 0.8333333 0.76812357
vt 0.8333333 0.76812357
vt 0.8888888 0.7681235
vt 0.8888888 0.7681235
vt 0.9444444 0.7681235
vt 0.9444444 0.7681235
vt 1 0.7681235
vt 1 0.7681235
vt 0.7777777 0.80261946
vt 0.7222221 0.80261946
vt 0.7222221 0.80261946
vt 0.7777777 0.80261946
vt 0.8333333 0.8026196
vt 0.8333333 0.8026196
vt 0.88888884 0.80261946
vt 0.88888884 0.80261946
vt 0.9444444 0.80261946
vt 0.9444444 0.80261946
vt 1 0.80261946
vt 1 0.80261946
vt 0.055555373 0.7681235
vt -1.862645E-07 0.76812345
vt -1.8626451E-07 0.80261946
vt 0.055555377 0.8026195
vt 0.111110926 0.7681235
vt 0.111110926 0.80261946
vt 0.16666648 0.7681235
vt 0.16666648 0.80261946
vt 0.22222203 0.7681235
vt 0.22222203 0.80261946
vt 0.27777758 0.7681235
vt 0.2777776 0.8026195
vt 0.33333313 0.7681235
vt 0.33333313 0.80261946
vt 0.38888872 0.7681235
vt 0.38888872 0.80261946
vt 0.7777777 0.7681235
vt 0.7222221 0.7681235
vt 0.7222221 0.80261946
vt 0.7777777 0.80261946
vt 0.8333333 0.76812357
vt 0.8333333 0.8026196
vt 0.8888888 0.7681235
vt 0.88888884 0.80261946
vt 0.9444444 0.7681235
vt 0.9444444 0.80261946
vt 1 0.7681235
vt 1 0.80261946
vt 0.38888872 0.7681235
vt 0.38888872 0.7681235
vt 0.38888872 0.80261946
vt 0.38888872 0.80261946
vt 0.7222221 0.80261946
vt 0.7222221 0.80261946
vt 0.7222221 0.7681235
vt 0.7222221 0.7681235
vt 0.37499768 0.1010336
vt 0.37499768 0.1010336
vt 0.41840887 0.15276904
vt 0.41840887 0.15276904
vt 0.31650987 0.06726564
vt 0.4415075 0.21623205
vt 0.31650987 0.06726564
vt 0.4415075 0.21623205
vt 0.25000003 0.05553816
vt 0.44150752 0.2837679
vt 0.25000003 0.05553816
vt 0.44150752 0.2837679
vt 0.18349016 0.06726565
vt 0.4184089 0.3472309
vt 0.18349016 0.06726565
vt 0.4184089 0.3472309
vt 0.12500235 0.101033546
vt 0.37499756 0.39896637
vt 0.12500235 0.101033546
vt 0.37499756 0.39896637
vt 0.08159108 0.15276909
vt 0.31650987 0.43273434
vt 0.08159108 0.15276909
vt 0.31650987 0.43273434
vt 0.058492403 0.21623203
vt 0.25 0.4444619
vt 0.058492403 0.21623203
vt 0.25 0.4444619
vt 0.058492403 0.2837679
vt 0.18349005 0.4327343
vt 0.058492403 0.2837679
vt 0.18349005 0.4327343
vt 0.08159108 0.34723088
vt 0.12500231 0.39896637
vt 0.08159108 0.34723088
vt 0.12500231 0.39896637
vt 0.12500231 0.39896637
vt 0.09573096 0.4338506
vt 0.16791514 0.4755262
vt 0.08159108 0.34723088
vt 0.18349005 0.4327343
vt 0.042153895 0.37
vt 0.25 0.49
vt 0.058492403 0.2837679
vt 0.25 0.4444619
vt 0.013646096 0.29167554
vt 0.3320848 0.4755262
vt 0.058492403 0.21623203
vt 0.31650987 0.43273434
vt 0.013646096 0.20832445
vt 0.40426898 0.4338507
vt 0.08159108 0.15276909
vt 0.37499756 0.39896637
vt 0.042153895 0.13
vt 0.4578461 0.37
vt 0.12500235 0.101033546
vt 0.4184089 0.3472309
vt 0.09573102 0.066149294
vt 0.48635384 0.29167554
vt 0.18349016 0.06726565
vt 0.44150752 0.2837679
vt 0.1679152 0.024473801
vt 0.48635384 0.20832445
vt 0.25000003 0.05553816
vt 0.4415075 0.21623205
vt 0.25 0.010000005
vt 0.4578461 0.13
vt 0.31650987 0.06726564
vt 0.41840887 0.15276904
vt 0.33208486 0.024473801
vt 0.40426904 0.066149354
vt 0.37499768 0.1010336
vt 0.24999994 0.48160303
vt 0.24999997 0.43745428
vt 0.17826429 0.42318523
vt 0.16136932 0.46397337
vt 0.19983572 0.37110725
vt 0.24999994 0.5356841
vt 0.33863068 0.4639733
vt 0.3593266 0.5139377
vt 0.32173568 0.42318523
vt 0.25 0.38108557
vt 0.30016428 0.37110728
vt 0.37481946 0.5513409
vt 0.24999988 0.5761689
vt 0.48063624 0.4806363
vt 0.14067337 0.5139377
vt 0.12518047 0.5513408
vt 0.45200914 0.4520092
vt 0.5513409 0.37481952
vt 0.04799074 0.45200926
vt 0.019363571 0.48063642
vt 0.08623183 0.4137681
vt 0.4137681 0.41376817
vt 0.32173568 0.42318526
vt 0.5139377 0.35932663
vt 0.57616913 0.24999991
vt -0.013937773 0.35932672
vt -0.051340956 0.3748197
vt 0.117449716 0.38255024
vt 0.17826432 0.42318517
vt 0.15730852 0.3426915
vt 0.53568417 0.24999994
vt 0.55134094 0.1251805
vt 0.036026627 0.3386308
vt -0.03568425 0.25000006
vt -0.07616919 0.25000012
vt 0.46397334 0.33863068
vt 0.5139377 0.14067341
vt 0.48063618 0.019363632
vt 0.07681474 0.3217358
vt 0.11744972 0.3825502
vt 0.01839684 0.25000003
vt -0.013937801 0.1406734
vt -0.051340997 0.12518051
vt 0.4816032 0.24999996
vt 0.45200914 0.047990784
vt 0.3748193 -0.051340945
vt 0.12889275 0.30016437
vt 0.036026612 0.16136931
vt 0.04799077 0.047990758
vt 0.019363604 0.019363604
vt 0.46397343 0.16136932
vt 0.08623186 0.08623184
vt 0.14067332 -0.013937776
vt 0.12518041 -0.05134096
vt 0.16136931 0.036026664
vt 0.24999991 -0.035684213
vt 0.24999991 -0.0761691
vt 0.24999991 0.018396866
vt 0.35932654 -0.013937777
vt 0.33863065 0.03602659
vt 0.4137681 0.08623184
vt 0.17826432 0.076814756
vt 0.117449746 0.11744974
vt 0.19983576 0.12889275
vt 0.15730852 0.15730852
vt 0.24999993 0.06254562
vt 0.17826432 0.07681476
vt 0.24999991 0.11891442
vt 0.3217357 0.07681473
vt 0.24999993 0.06254563
vt 0.3001643 0.1288927
vt 0.38255027 0.117449716
vt 0.32173574 0.07681472
vt 0.34269148 0.15730849
vt 0.12889275 0.19983567
vt 0.11891443 0.25
vt 0.07681474 0.17826428
vt 0.11744973 0.117449716
vt 0.06254561 0.25
vt 0.37110728 0.19983572
vt 0.38255027 0.1174497
vt 0.38108557 0.24999997
vt 0.4231853 0.17826432
vt 0.4374544 0.24999997
vt 0.3711073 0.30016425
vt 0.42318523 0.32173565
vt 0.3426915 0.34269154
vt 0.3825502 0.38255024
vt 0.63931996 0.5214947
vt 0.625 0.5
vt 0.625 0.75
vt 0.63931996 0.7285053
vt 0.86068004 0.5214947
vt 0.875 0.75
vt 0.875 0.5
vt 0.86068004 0.7285054
vn -1 0 0
vn -1 0 0
vn -1 0 0
vn -1 0 0
vn 1 0 0
vn 1 0 0
vn 1 0 0
vn 1 0 0
vn -0 1 0
vn -0 1 0
vn -0 1 0
vn -0 1 0
vn -0 -1 0
vn -0 -1 0
vn -0 -1 0
vn -0 -1 0
vn -0 0 -1
vn -0 0 -1
vn -0 0 -1
vn -0 0 -1
vn -0 -1 0
vn -0 -1 0
vn -0 -1 0
vn -0 -1 0
vn -0 0 1
vn -0 0 1
vn -0 0 1
vn -0 0 1
vn 1 0 0
vn 1 0 0
vn 1 0 0
vn 1 0 0
vn -0 1 0
vn -0 1 0
vn -0 1 0
vn -0 1 0
vn -1 0 0
vn -1 0 0
vn -1 0 0
vn -1 0 0
vn -1 0 0
vn -1 0 0
vn -1 0 0
vn -1 0 0
vn -0 1 0
vn -0 1 0
vn -0 1 0
vn -0 1 0
vn 1 0 0
vn 1 0 0
vn 1 0 0
vn 1 0 0
vn -0 -1 0
vn -0 -1 0
vn -0 -1 0
vn -0 -1 0
vn -0 0 -1
vn -0 0 -1
vn -0 0 -1
vn -0 0 -1
vn -0 0 1
vn -0 0 1
vn -0 0 1
vn -0 0 1
vn -1 0 0
vn -1 0 0
vn -1 0 0
vn -1 0 0
vn -0 1 0
vn -0 1 0
vn -0 1 0
vn -0 1 0
vn 1 0 0
vn 1 0 0
vn 1 0 0
vn 1 0 0
vn -0 -1 0
vn -0 -1 0
vn -0 -1 0
vn -0 -1 0
vn -0 0 -1
vn -0 0 -1
vn -0 0 -1
vn -0 0 -1
vn -0 0 1
vn -0 0 1
vn -0 0 1
vn -0 0 1
vn -1 0 0
vn -1 0 0
vn -1 0 0
vn -1 0 0
vn -0 1 0
vn -0 1 0
vn -0 1 0
vn -0 1 0
vn 1 0 0
vn 1 0 0
vn 1 0 0
vn 1 0 0
vn -0 -1 0
vn -0 -1 0
vn -0 -1 0
vn -0 -1 0
vn -0 0 -1
vn -0 0 -1
vn -0 0 -1
vn -0 0 -1
vn -0 0 1
vn -0 0 1
vn -0 0 1
vn -0 0 1
vn -1 0 0
vn -1 0 0
vn -1 0 0
vn -1 0 0
vn -0 1 0
vn -0 1 0
vn -0 1 0
vn -0 1 0
vn 1 0 0
vn 1 0 0
vn 1 0 0
vn 1 0 0
vn -0 -1 0
vn -0 -1 0
vn -0 -1 0
vn -0 -1 0
vn -0 0 -1
vn -0 0 -1
vn -0 0 -1
vn -0 0 -1
vn -0 0 1
vn -0 0 1
vn -0 0 1
vn -0 0 1
vn -1 0 0
vn -1 0 0
vn -1 0 0
vn -1 0 0
vn -0 1 0
vn -0 1 0
vn -0 1 0
vn -0 1 0
vn 1 0 0
vn 1 0 0
vn 1 0 0
vn 1 0 0
vn -0 -1 0
vn -0 -1 0
vn -0 -1 0
vn -0 -1 0
vn -0 0 -1
vn -0 0 -1
vn -0 0 -1
vn -0 0 -1
vn -0 0 1
vn -0 0 1
vn -0 0 1
vn -0 0 1
vn -1 0 0
vn -1 0 0
vn -1 0 0
vn -1 0 0
vn -0 1 0
vn -0 1 0
vn -0 1 0
vn -0 1 0
vn 1 0 0
vn 1 0 0
vn 1 0 0
vn 1 0 0
vn -0 -1 0
vn -0 -1 0
vn -0 -1 0
vn -0 -1 0
vn -0 0 -1
vn -0 0 -1
vn -0 0 -1
vn -0 0 -1
vn -0 0 1
vn -0 0 1
vn -0 0 1
vn -0 0 1
vn -1 0 0
vn -1 0 0
vn -1 0 0
vn -1 0 0
vn -0 1 0
vn -0 1 0
vn -0 1 0
vn -0 1 0
vn 1 0 0
vn 1 0 0
vn 1 0 0
vn 1 0 0
vn -0 -1 0
vn -0 -1 0
vn -0 -1 0
vn -0 -1 0
vn -0 0 -1
vn -0 0 -1
vn -0 0 -1
vn -0 0 -1
vn -0 0 1
vn -0 0 1
vn -0 0 1
vn -0 0 1
vn -1 0 0
vn -1 0 0
vn -1 0 0
vn -1 0 0
vn -0 1 0
vn -0 1 0
vn -0 1 0
vn -0 1 0
vn 1 0 0
vn 1 0 0
vn 1 0 0
vn 1 0 0
vn -0 -1 0
vn -0 -1 0
vn -0 -1 0
vn -0 -1 0
vn -0 0 -1
vn -0 0 -1
vn -0 0 -1
vn -0 0 -1
vn -0 0 1
vn -0 0 1
vn -0 0 1
vn -0 0 1
vn -1 0 0
vn -1 0 0
vn -1 0 0
vn -1 0 0
vn -0 1 0
vn -0 1 0
vn -0 1 0
vn -0 1 0
vn 1 0 0
vn 1 0 0
vn 1 0 0
vn 1 0 0
vn -0 -1 0
vn -0 -1 0
vn -0 -1 0
vn -0 -1 0
vn -0 0 -1
vn -0 0 -1
vn -0 0 -1
vn -0 0 -1
vn -0 0 1
vn -0 0 1
vn -0 0 1
vn -0 0 1
vn -1 0 0
vn -1 0 0
vn -1 0 0
vn -1 0 0
vn -0 1 0
vn -0 1 0
vn -0 1 0
vn -0 1 0
vn 1 0 0
vn 1 0 0
vn 1 0 0
vn 1 0 0
vn -0 -1 0
vn -0 -1 0
vn -0 -1 0
vn -0 -1 0
vn -0 0 -1
vn -0 0 -1
vn -0 0 -1
vn -0 0 -1
vn -0 0 1
vn -0 0 1
vn -0 0 1
vn -0 0 1
vn -1 0 0
vn -1 0 0
vn -1 0 0
vn -1 0 0
vn -0 1 0
vn -0 1 0
vn -0 1 0
vn -0 1 0
vn 1 0 0
vn 1 0 0
vn 1 0 0
vn 1 0 0
vn -0 -1 0
vn -0 -1 0
vn -0 -1 0
vn -0 -1 0
vn -0 0 -1
vn -0 0 -1
vn -0 0 -1
vn -0 0 -1
vn -0 0 1
vn -0 0 1
vn -0 0 1
vn -0 0 1
vn -1 0 0
vn -1 0 0
vn -1 0 0
vn -1 0 0
vn -0 1 0
vn -0 1 0
vn -0 1 0
vn -0 1 0
vn 1 0 0
vn 1 0 0
vn 1 0 0
vn 1 0 0
vn -0 -1 0
vn -0 -1 0
vn -0 -1 0
vn -0 -1 0
vn -0 0 -1
vn -0 0 -1
vn -0 0 -1
vn -0 0 -1
vn -0 0 1
vn -0 0 1
vn -0 0 1
vn -0 0 1
vn -0.94620097 0.3235796 0
vn -0.94620097 0.3235796 0
vn -0.94620097 0.3235796 0
vn -0.94620097 0.3235796 0
vn 0.32357958 0.94620097 0
vn 0.32357958 0.94620097 0
vn 0.32357958 0.94620097 0
vn 0.32357958 0.94620097 0
vn 0.94620097 -0.3235794 0
vn 0.94620097 -0.3235794 0
vn 0.94620097 -0.3235794 0
vn 0.94620097 -0.3235794 0
vn -0.32357934 -0.9462011 0
vn -0.32357934 -0.9462011 0
vn -0.32357934 -0.9462011 0
vn -0.32357934 -0.9462011 0
vn -0 0 -1
vn -0 0 -1
vn -0 0 -1
vn -0 0 -1
vn -0 0 1
vn -0 0 1
vn -0 0 1
vn -0 0 1
vn -0.99957305 -0.029216712 0
vn -0.99957305 -0.029216712 0
vn -0.99957305 -0.029216712 0
vn -0.99957305 -0.029216712 0
vn -0.029216686 0.99957305 0
vn -0.029216686 0.99957305 0
vn -0.029216686 0.99957305 0
vn -0.029216686 0.99957305 0
vn 0.99957305 0.029216895 0
vn 0.99957305 0.029216895 0
vn 0.99957305 0.029216895 0
vn 0.99957305 0.029216895 0
vn 0.029216927 -0.99957305 0
vn 0.029216927 -0.99957305 0
vn 0.029216927 -0.99957305 0
vn 0.029216927 -0.99957305 0
vn -0 0 -1
vn -0 0 -1
vn -0 0 -1
vn -0 0 -1
vn -0 0 1
vn -0 0 1
vn -0 0 1
vn -0 0 1
vn -0.985105 -0.1719544 0
vn -0.985105 -0.1719544 0
vn -0.985105 -0.1719544 0
vn -0.985105 -0.1719544 0
vn -0.17195444 0.98510486 0
vn -0.17195444 0.98510486 0
vn -0.17195444 0.98510486 0
vn -0.17195444 0.98510486 0
vn 0.98510486 0.17195444 0
vn 0.98510486 0.17195444 0
vn 0.98510486 0.17195444 0
vn 0.98510486 0.17195444 0
vn 0.17195472 -0.98510486 0
vn 0.17195472 -0.98510486 0
vn 0.17195472 -0.98510486 0
vn 0.17195472 -0.98510486 0
vn -0 0 -1
vn -0 0 -1
vn -0 0 -1
vn -0 0 -1
vn -0 0 1
vn -0 0 1
vn -0 0 1
vn -0 0 1
vn -1 0 0
vn -1 0 0
vn -1 0 0
vn -1 0 0
vn -1 0 0
vn -1 0 0
vn -0 1 0
vn -0 1 0
vn -0 1 0
vn -0 1 0
vn -0 1 0
vn -0 1 0
vn 1 0 0
vn 1 0 0
vn 1 0 0
vn 1 0 0
vn -0 0 1
vn -0 0 1
vn -0 0 1
vn -0 0 1
vn -0 0 1
vn -0 0 1
vn -0 0 -1
vn -0 0 -1
vn -0 0 -1
vn -0 0 -1
vn -0 0 -1
vn -0 0 -1
vn -0 0 -1
vn -0 0 -1
vn 0.674486 0 0.7382876
vn 0.674486 0 0.7382876
vn 0.674486 0 0.7382876
vn 0.674486 0 0.7382876
vn -0 -1 0
vn -0 -1 0
vn -0 -1 0
vn -0 -1 0
vn -0 -1 0
vn -0 -1 0
vn -0 -1 0
vn -0 -1 0
vn 1 0 0
vn 1 0 0
vn 1 0 0
vn 1 0 0
vn 0.4090967 0.9124911 0
vn 0.7271503 0.6864784 0
vn 0.7265672 0.6859276 0.040043227
vn 0.40876815 0.9117593 0.04004346
vn 0.028760875 0.9995863 0
vn 0.02873766 0.9987845 0.040045302
vn -0.35595435 0.9345034 0
vn -0.3556688 0.9337538 0.040044334
vn -0.68647784 0.7271508 0
vn -0.6859271 0.72656775 0.04004317
vn -0.9124917 0.40909538 0
vn -0.91175973 0.40876713 0.04004377
vn -0.9995864 0.028758548 0
vn -0.9987847 0.028735422 0.040043723
vn -0.93450296 -0.35595515 0
vn -0.9337537 -0.35566938 0.040043432
vn -0.7271506 -0.6864779 0
vn -0.7265677 -0.6859272 0.040042814
vn -0.40909714 -0.9124909 0
vn -0.4087684 -0.91175926 0.040043887
vn -0.028760597 -0.9995863 0
vn -0.0287373 -0.9987846 0.0400448
vn 0.35595462 -0.9345032 0
vn 0.35566896 -0.9337537 0.040044133
vn 0.6864777 -0.72715086 0
vn 0.6859271 -0.72656775 0.040043868
vn 0.91249156 -0.4090956 0
vn 0.9117596 -0.40876764 0.04004376
vn 0.9995864 -0.028759794 0
vn 0.9987846 -0.028736666 0.04004345
vn 0.9345032 0.35595465 0
vn 0.9337537 0.35566926 0.040043507
vn 0.7271503 0.6864784 0
vn 0.7265672 0.6859276 0.040043227
vn -0 0 -1
vn -0 0 -1
vn -0 0 -1
vn -0 0 -1
vn -0 0 -1
vn -0 0 -1
vn -0 0 -1
vn -0 0 -1
vn -0 0 -1
vn -0 0 -1
vn -0 0 -1
vn -0 0 -1
vn -0 0 -1
vn -0 0 -1
vn -0 0 -1
vn -0 0 -1
vn 0.29311025 0.2767153 0.91515845
vn 0.37669224 0.14348312 0.91515875
vn -0 0 1
vn 0.5227159 0.49347854 0.69515973
vn 0.6717724 0.25588068 0.69515955
vn 0.4029269 -0.011593045 0.91515875
vn -0 0 1
vn 0.29408142 0.65594894 0.69515973
vn 0.16490416 0.3678199 0.91515845
vn -0 0 1
vn 0.6742713 0.63655686 0.37437078
vn 0.3793466 0.8461333 0.37437212
vn 0.71855795 -0.020673947 0.6951597
vn 0.8665451 0.33006957 0.37437096
vn 0.36781964 -0.16490336 0.91515875
vn -0 0 1
vn 0.020674461 0.71855885 0.6951589
vn 0.0266684 0.9268948 0.3743727
vn 0.011594017 0.40292725 0.91515857
vn -0 0 1
vn 0.40909708 0.9124909 0
vn 0.7271506 0.686478 0
vn 0.02876043 0.9995864 0
vn 0.92689526 -0.026668843 0.37437135
vn 0.6559503 -0.29408073 0.6951588
vn 0.9345034 0.35595426 0
vn 0.2767158 -0.29310948 0.91515857
vn -0 0 1
vn 0.37934688 0.84613365 -0.37437123
vn 0.026668273 0.9268951 -0.37437198
vn 0.6742716 0.6365572 -0.3743698
vn -0.3559545 0.93450326 0
vn -0.33006927 0.8665452 -0.37437096
vn -0.33006904 0.8665452 0.3743714
vn -0.25587967 0.671774 0.69515854
vn -0.14348194 0.3766932 0.91515857
vn -0 0 1
vn -0.6864777 0.72715086 0
vn -0.63655657 0.67427176 0.37437075
vn -0.63655657 0.674272 -0.37437016
vn -0.49347878 0.5227168 0.69515884
vn -0.27671567 0.29310957 0.91515857
vn -0 0 1
vn -0.49347922 0.5227168 -0.69515854
vn -0.2558796 0.6717739 -0.6951587
vn -0.27671382 0.29310778 -0.9151597
vn -0.14348097 0.37669086 -0.9151597
vn -0 0 -1
vn 0.020674521 0.71855897 -0.6951587
vn 0.01159415 0.40292487 -0.9151596
vn -0 0 -1
vn 0.29408148 0.6559495 -0.69515914
vn 0.1649034 0.3678182 -0.9151593
vn -0 0 -1
vn 0.5227164 0.49347898 -0.69515914
vn 0.86654544 0.33006972 -0.37437
vn 0.2931084 0.27671388 -0.91515946
vn -0 0 -1
vn 0.6717729 0.25588053 -0.69515914
vn 0.9995863 -0.028760763 0
vn 0.3766894 0.14348215 -0.91516006
vn -0 0 -1
vn 0.9268957 -0.026669057 -0.37437043
vn 0.84613425 -0.37934533 0.37437138
vn 0.71855843 -0.020674 -0.6951592
vn 0.91249156 -0.40909547 0
vn 0.4934792 -0.52271724 0.69515824
vn 0.4029247 -0.011592818 -0.91515976
vn -0 0 -1
vn 0.84613466 -0.3793453 -0.3743704
vn 0.63655657 -0.6742714 0.37437123
vn 0.14348102 -0.3766935 0.91515857
vn -0 0 1
vn 0.6559509 -0.29408064 -0.6951583
vn 0.6864782 -0.7271504 0
vn 0.25587928 -0.67177457 0.695158
vn 0.36781746 -0.16490233 -0.91515976
vn -0 0 -1
vn 0.6365572 -0.6742713 -0.37437028
vn 0.33006805 -0.86654526 0.37437183
vn -0.011593725 -0.40292645 0.91515887
vn -0 0 1
vn 0.49347946 -0.52271706 -0.6951582
vn 0.35595387 -0.9345035 0
vn -0.020674286 -0.71855885 0.6951589
vn 0.27671325 -0.29310787 -0.9151599
vn -0 0 -1
vn 0.3300687 -0.8665456 -0.37437057
vn -0.026669597 -0.92689496 0.37437207
vn -0.16490161 -0.36782023 0.91515875
vn -0 0 1
vn 0.25587898 -0.67177427 -0.6951584
vn -0.028761776 -0.9995863 0
vn -0.29408005 -0.6559512 0.6951582
vn 0.14348014 -0.3766914 -0.9151596
vn -0 0 -1
vn -0.026669512 -0.9268954 -0.37437102
vn -0.3793462 -0.846134 0.37437126
vn -0.29310915 -0.27671453 0.9151591
vn -0 0 1
vn -0.020674879 -0.7185588 -0.6951589
vn -0.40909663 -0.9124911 0
vn -0.52271795 -0.4934789 0.6951579
vn -0.011593814 -0.40292424 -0.9151599
vn -0 0 -1
vn -0.3793464 -0.84613425 -0.3743703
vn -0.6742717 -0.6365566 0.37437066
vn -0.3766924 -0.14348072 0.9151591
vn -0 0 1
vn -0.2940807 -0.65595144 -0.6951576
vn -0.72715074 -0.6864779 0
vn -0.671774 -0.25587916 0.6951587
vn -0.16490172 -0.3678183 -0.9151597
vn -0 0 -1
vn -0.6742718 -0.6365568 -0.37436986
vn -0.8665451 -0.33006942 0.37437117
vn -0.40292642 0.011594265 0.915159
vn -0 0 1
vn -0.52271825 -0.49347922 -0.69515747
vn -0.93450296 -0.35595512 0
vn -0.71855813 0.020675004 0.6951595
vn -0.29310808 -0.27671278 -0.9151599
vn -0 0 -1
vn -0.86654556 -0.33006912 -0.3743705
vn -0.9268954 0.026667668 0.3743713
vn -0.36781982 0.1649038 0.91515857
vn -0 0 1
vn -0.67177415 -0.25587896 -0.6951586
vn -0.9995864 0.028759073 0
vn -0.6559495 0.2940809 0.6951594
vn -0.27671567 0.29310957 0.91515857
vn -0 0 1
vn -0.49347878 0.5227168 0.69515884
vn -0.84613407 0.37934595 0.37437105
vn -0.63655657 0.67427176 0.37437075
vn -0.9124912 0.40909654 0
vn -0.6864777 0.72715086 0
vn -0.9268957 0.026667623 -0.3743706
vn -0.8461346 0.37934583 -0.37437028
vn -0.63655657 0.674272 -0.37437016
vn -0.71855897 0.020675043 -0.6951587
vn -0.6559503 0.2940808 -0.6951587
vn -0.49347922 0.5227168 -0.69515854
vn -0.37669066 -0.14347973 -0.9151599
vn -0 0 -1
vn -0.40292484 0.011594158 -0.9151597
vn -0 0 -1
vn -0.3678178 0.16490304 -0.9151596
vn -0 0 -1
vn -0.27671382 0.29310778 -0.9151597
vn -0 0 -1
vn -0.6864784 0.72715026 0
vn -0.6864784 0.72715026 0
vn -0.6864784 0.72715026 0
vn -0.6864784 0.72715026 0
vn 0.7271503 0.6864784 0
vn 0.7271503 0.6864784 0
vn 0.7271503 0.6864784 0
vn 0.7271503 0.6864784 0
vn 0.68647766 -0.7271509 0
vn 0.68647766 -0.7271509 0
vn 0.68647766 -0.7271509 0
vn 0.68647766 -0.7271509 0
vn -0.727151 -0.6864776 0
vn -0.727151 -0.6864776 0
vn -0.727151 -0.6864776 0
vn -0.727151 -0.6864776 0
vn -0 0 -1
vn -0 0 -1
vn -0 0 -1
vn -0 0 -1
vn -0 0 1
vn -0 0 1
vn -0 0 1
vn -0 0 1
vn -0.68647844 0.72715026 0
vn -0.68647844 0.72715026 0
vn -0.68647844 0.72715026 0
vn -0.68647844 0.72715026 0
vn 0.7271502 0.68647844 0
vn 0.7271502 0.68647844 0
vn 0.7271502 0.68647844 0
vn 0.7271502 0.68647844 0
vn 0.6864781 -0.7271505 0
vn 0.6864781 -0.7271505 0
vn 0.6864781 -0.7271505 0
vn 0.6864781 -0.7271505 0
vn -0.7271505 -0.68647814 0
vn -0.7271505 -0.68647814 0
vn -0.7271505 -0.68647814 0
vn -0.7271505 -0.68647814 0
vn -0 0 -1
vn -0 0 -1
vn -0 0 -1
vn -0 0 -1
vn -0 0 1
vn -0 0 1
vn -0 0 1
vn -0 0 1
vn -0.6864782 0.7271504 0
vn -0.6864782 0.7271504 0
vn -0.6864782 0.7271504 0
vn -0.6864782 0.7271504 0
vn 0.7271492 0.68647945 0
vn 0.7271492 0.68647945 0
vn 0.7271492 0.68647945 0
vn 0.7271492 0.68647945 0
vn 0.68647885 -0.7271497 0
vn 0.68647885 -0.7271497 0
vn 0.68647885 -0.7271497 0
vn 0.68647885 -0.7271497 0
vn -0.72715074 -0.68647784 0
vn -0.72715074 -0.68647784 0
vn -0.72715074 -0.68647784 0
vn -0.72715074 -0.68647784 0
vn -0 0 -1
vn -0 0 -1
vn -0 0 -1
vn -0 0 -1
vn -0 0 1
vn -0 0 1
vn -0 0 1
vn -0 0 1
vn -0.37676787 0.9263077 0
vn -0.37676787 0.9263077 0
vn -0.37676787 0.9263077 0
vn -0.37676787 0.9263077 0
vn 0.92630666 0.37677038 0
vn 0.92630666 0.37677038 0
vn 0.92630666 0.37677038 0
vn 0.92630666 0.37677038 0
vn 0.376771 -0.9263064 0
vn 0.376771 -0.9263064 0
vn 0.376771 -0.9263064 0
vn 0.376771 -0.9263064 0
vn -0.9263067 -0.37677008 0
vn -0.9263067 -0.37677008 0
vn -0.9263067 -0.37677008 0
vn -0.9263067 -0.37677008 0
vn -0 0 -1
vn -0 0 -1
vn -0 0 -1
vn -0 0 -1
vn -0 0 1
vn -0 0 1
vn -0 0 1
vn -0 0 1
vn -0 0.99792767 0.06434536
vn 0.34131113 0.9377454 0.06434506
vn -0 0.99792767 0.06434535
vn 0.34131104 0.9377455 0.064345054
vn 0.64145535 0.7644571 0.06434488
vn 0.6414553 0.7644572 0.06434488
vn 0.864231 0.49896356 0.064344734
vn 0.86423093 0.49896368 0.064344734
vn 0.982767 0.17328812 0.064344615
vn 0.982767 0.17328814 0.06434462
vn 0.982767 -0.17328838 0.06434462
vn 0.97078484 -0.23119473 0.064232126
vn 0.86423075 -0.49896386 0.064344674
vn 0.8642308 -0.49896377 0.06434466
vn 0.6414557 -0.7644569 0.064344786
vn 0.9710405 -0.23011722 0.06423629
vn 0.6414557 -0.7644569 0.06434477
vn 0.3413115 -0.9377453 0.06434497
vn 0.86423075 -0.49896386 0.06434464
vn 0.3413115 -0.9377453 0.06434499
vn -0 -0.99792767 0.064345196
vn 0.64145565 -0.764457 0.06434477
vn -0 -0.99792767 0.0643452
vn -0.3413113 -0.9377453 0.06434543
vn 0.34131154 -0.9377453 0.06434498
vn -0.34131128 -0.9377454 0.0643454
vn -0.64145523 -0.7644572 0.06434565
vn -0 -0.99792767 0.0643452
vn -0.59505486 -0.8011141 0.064233094
vn -0.86423045 -0.49896428 0.06434585
vn -0.86423045 -0.49896413 0.064345844
vn -0.98276687 -0.17328861 0.064345956
vn -0.98276687 -0.17328855 0.064345956
vn -0.98276687 0.17328836 0.064345956
vn -0.98276687 0.17328832 0.064345956
vn -0.8642306 0.4989641 0.06434586
vn -0.8642306 0.498964 0.06434586
vn -0.6414556 0.7644568 0.06434574
vn -0.6414557 0.76445675 0.06434574
vn -0.34131154 0.9377452 0.06434564
vn -0.34131175 0.9377451 0.06434565
vn -0 0.99792767 0.06434535
vn -0 0.99792767 0.06434536
vn -0.34131122 -0.9377454 0.06434541
vn -0.5959435 -0.800453 0.064237304
vn -0.34131125 -0.9377453 0.064345434
vn -0.6414555 -0.76445705 0.06434571
vn -0 -0.99792767 0.06434521
vn -0.8642306 -0.49896416 0.06434583
vn 0.34131145 -0.9377453 0.06434499
vn -0.8642306 -0.49896404 0.06434582
vn -0.98276687 -0.1732888 0.0643459
vn 0.64145553 -0.76445705 0.0643448
vn -0.98276687 -0.17328879 0.0643459
vn -0.98276687 0.17328861 0.06434591
vn 0.86423075 -0.49896395 0.06434466
vn -0.98276687 0.17328855 0.06434592
vn -0.86423063 0.49896398 0.0643459
vn 0.982767 -0.17328842 0.06434462
vn -0.86423063 0.4989639 0.0643459
vn -0.6414558 0.7644567 0.0643458
vn 0.982767 0.17328817 0.06434464
vn -0.64145595 0.7644566 0.06434581
vn 0.982767 0.17328815 0.06434463
vn -0.34131142 0.9377453 0.064345576
vn 0.8642308 0.49896377 0.064344734
vn -0.3413115 0.9377452 0.064345576
vn -0 0.99792767 0.0643454
vn -0 0.99792767 0.0643454
vn 0.86423093 0.49896368 0.064344734
vn 0.6414555 0.7644571 0.0643449
vn 0.6414556 0.76445705 0.0643449
vn 0.3413112 0.9377454 0.06434515
vn 0.34131128 0.9377454 0.06434515
vn -0 0.99792767 0.0643454
vn -0 0.99792767 0.0643454
vn -0 0 -1
vn -0 0 -1
vn -0 0 -1
vn -0 0 -1
vn -0 0 -1
vn -0 0 -1
vn -0 0 -1
vn -0 0 -1
vn -0 0 -1
vn -0 0 -1
vn -0 0 -1
vn -0 0 -1
vn -0 0 -1
vn -0 0 -1
vn -0 0 -1
vn -0 0 -1
vn -0 0 -1
vn -0 0 -1
vn -0 0 1
vn -0 0 1
vn -0 0 1
vn -0 0 1
vn -0 0 1
vn -0 0 1
vn -0 0 1
vn -0 0 1
vn -0 0 1
vn -0 0 1
vn -0 0 1
vn -0 0 1
vn -0 0 1
vn -0 0 1
vn -0 0 1
vn -0 0 1
vn -0 0 1
vn -0 0 1
vn -0 0.064345375 -0.99792767
vn -0 0.06434537 -0.99792767
vn -0.022007337 0.060464934 -0.99792767
vn -0.022007333 0.060464937 -0.99792767
vn -0.041360162 0.049291454 -0.99792767
vn -0.04136017 0.049291458 -0.99792767
vn -0.055724073 0.032172747 -0.9979278
vn -0.055724073 0.032172743 -0.9979278
vn -0.06336825 0.01117348 -0.99792767
vn -0.06336825 0.011173484 -0.99792767
vn -0.063368276 -0.011173489 -0.99792767
vn -0.06336828 -0.011173495 -0.99792767
vn -0.055427782 -0.0317388 -0.9979582
vn -0.05543813 -0.031722516 -0.99795806
vn -0.049476407 -0.04109557 -0.99792945
vn -0.049476407 -0.04109557 -0.99792945
vn 0.022007458 -0.0604656 0.99792767
vn -0 -0.064345784 0.99792767
vn -0 -0.064345784 0.99792767
vn 0.022007456 -0.060465604 0.99792767
vn 0.041360702 -0.049292035 0.99792767
vn 0.041360702 -0.049292035 0.99792767
vn 0.055724982 -0.032173105 0.99792767
vn 0.05572497 -0.03217311 0.99792767
vn 0.063369274 -0.011173605 0.99792755
vn 0.06336927 -0.011173602 0.99792755
vn 0.06336932 0.011173624 0.99792755
vn 0.06336932 0.011173618 0.99792755
vn 0.055440262 0.031721346 0.99795794
vn 0.055429798 0.03173781 0.99795806
vn 0.04947997 0.04109297 0.99792945
vn 0.04947997 0.04109297 0.99792945
vn 0.06431644 0.00032218275 -0.9979296
vn 0.06431644 0.00032218275 -0.9979296
vn 0.062860765 0.011315281 -0.9979582
vn 0.06285822 0.011334402 -0.99795806
vn 0.055723272 0.032172304 -0.9979278
vn 0.055723272 0.032172292 -0.9979278
vn 0.041360065 0.049291022 -0.9979278
vn 0.041360073 0.049291026 -0.9979278
vn 0.022007767 0.060464688 -0.99792767
vn 0.022007767 0.060464684 -0.99792767
vn -0 0.06434537 -0.99792767
vn -0 0.064345375 -0.99792767
vn -0.06285931 -0.0113362605 0.99795806
vn -0.064317204 -0.0003259181 0.99792945
vn -0.064317204 -0.0003259181 0.99792945
vn -0.062861875 -0.011316926 0.99795806
vn -0.055724207 -0.03217233 0.9979278
vn -0.05572421 -0.032172326 0.9979278
vn -0.041359138 -0.04929088 0.9979278
vn -0.041359134 -0.04929088 0.9979278
vn -0.0220066 -0.060464595 0.9979278
vn -0.022006596 -0.06046459 0.9979278
vn -0 -0.064345784 0.99792767
vn -0 -0.064345784 0.99792767
vn -0.3413118 0.9377451 0.0643457
vn -0 0.99792767 0.06434557
vn -0 0.99792767 0.06434557
vn -0.34131178 0.9377451 0.06434571
vn -0.64145595 0.7644566 0.06434579
vn -0.64145595 0.7644566 0.064345784
vn -0.8642306 0.49896422 0.06434537
vn -0.86423045 0.49896434 0.06434535
vn -0.98276687 0.17328867 0.06434557
vn -0.98276687 0.17328869 0.06434556
vn -0.98276687 -0.17328887 0.064345665
vn -0.98276687 -0.1732889 0.06434567
vn -0.8654336 -0.49687815 0.06431774
vn -0.86546797 -0.49681833 0.06431774
vn -0.7676361 -0.63774514 0.063371256
vn -0.7676361 -0.63774514 0.063371256
vn 0.9823477 0.1756597 0.064316824
vn 0.99797815 0.00488601 0.06337032
vn 0.99797815 0.00488601 0.06337032
vn 0.9823355 0.17572759 0.06431683
vn 0.86423093 0.49896365 0.06434508
vn 0.864231 0.49896348 0.06434507
vn 0.64145523 0.76445717 0.06434547
vn 0.64145535 0.7644571 0.06434546
vn 0.3413107 0.9377455 0.06434572
vn 0.34131083 0.9377455 0.06434573
vn -0 0.99792767 0.06434557
vn -0 0.99792767 0.06434557
vn 0.6432903 -0.7655411 0.0111505
vn 0.6432903 -0.7655411 0.0111505
vn 0.6432903 -0.7655411 0.0111505
vn 0.6432903 -0.7655411 0.0111505
vn -0.00070806954 -0.99993765 0.011150899
vn -0.00070806954 -0.99993765 0.011150899
vn -0.00070806954 -0.99993765 0.011150899
vn -0.00070806954 -0.99993765 0.011150899
vn -0.6427876 0.7660445 0
vn -0.6427876 0.7660445 0
vn -0.86602545 0.5 0
vn -0.86602545 0.5 0
vn -0.34202018 0.93969256 0
vn -0.98480785 0.17364801 0
vn -0.34202018 0.93969256 0
vn -0.98480785 0.17364801 0
vn -0 1 0
vn -0.98480785 -0.17364793 0
vn -0 1 0
vn -0.98480785 -0.17364793 0
vn 0.34201986 0.93969274 0
vn -0.8660257 -0.49999952 0
vn 0.34201986 0.93969274 0
vn -0.8660257 -0.49999952 0
vn 0.6427873 0.76604474 0
vn -0.64278764 -0.76604444 0
vn 0.6427873 0.76604474 0
vn -0.64278764 -0.76604444 0
vn 0.86602527 0.50000036 0
vn -0.34202006 -0.9396926 0
vn 0.86602527 0.50000036 0
vn -0.34202006 -0.9396926 0
vn 0.9848077 0.17364852 0
vn -0 -1 0
vn 0.9848077 0.17364852 0
vn -0 -1 0
vn 0.9848077 -0.17364822 0
vn 0.34202048 -0.93969256 0
vn 0.9848077 -0.17364822 0
vn 0.34202048 -0.93969256 0
vn 0.8660253 -0.50000006 0
vn 0.6427879 -0.76604426 0
vn 0.8660253 -0.50000006 0
vn 0.6427879 -0.76604426 0
vn -0 0 1
vn -0 0 1
vn -0 0 1
vn -0 0 1
vn -0 0 1
vn -0 0 1
vn -0 0 1
vn -0 0 1
vn -0 0 1
vn -0 0 1
vn -0 0 1
vn -0 0 1
vn -0 0 1
vn -0 0 1
vn -0 0 1
vn -0 0 1
vn -0 0 1
vn -0 0 1
vn -0 0 1
vn -0 0 1
vn -0 0 1
vn -0 0 1
vn -0 0 1
vn -0 0 1
vn -0 0 1
vn -0 0 1
vn -0 0 1
vn -0 0 1
vn -0 0 1
vn -0 0 1
vn -0 0 1
vn -0 0 1
vn -0 0 1
vn -0 0 1
vn -0 0 1
vn -0 0 1
vn 0.6087802 0.57472837 0.54687667
vn 0.43574175 0.41136885 0.8005653
vn 0.24514773 0.5468064 0.8005656
vn 0.34249988 0.76395005 0.54687667
vn 0.10638299 0.23729031 0.96559614
vn 0.7073269 0.66776353 0.23190664
vn 0.7823785 0.2980101 0.5468765
vn 0.90902686 0.34625033 0.23190694
vn 0.5599969 0.21330324 0.8005655
vn 0.18909335 0.17851627 0.9655961
vn 0.24301408 0.092563875 0.96559626
vn 0.9337537 0.35566926 0.040043507
vn 0.7265672 0.6859276 0.040043227
vn 0.9987846 -0.028736666 0.04004345
vn 0.3979426 0.88761526 0.23190697
vn 0.40876815 0.9117593 0.04004346
vn 0.9723355 -0.027974676 0.23190756
vn 0.9117596 -0.40876764 0.04004376
vn 0.02797653 0.9723351 0.23190875
vn 0.02873766 0.9987845 0.040045302
vn 0.024077773 0.8368668 0.5468767
vn 0.836866 -0.024078667 0.5468778
vn 0.5599969 0.21330324 0.8005655
vn 0.88761425 -0.39794382 0.23190857
vn 0.6859271 -0.72656775 0.040043868
vn -0.3462501 0.9090267 0.23190829
vn -0.3556688 0.9337538 0.040044334
vn 0.017233094 0.5989975 0.8005654
vn 0.24514773 0.5468064 0.8005656
vn 0.00747868 0.25993994 0.96559584
vn 0.6677628 -0.7073269 0.23190847
vn 0.35566896 -0.9337537 0.040044133
vn -0.2980095 0.7823782 0.5468773
vn -0.6677626 0.7073275 0.23190719
vn -0.6859271 0.72656775 0.04004317
vn 0.76394874 -0.34250048 0.54687816
vn 0.3462509 -0.9090264 0.23190816
vn -0.0287373 -0.9987846 0.0400448
vn -0.21330403 0.5599969 0.80056536
vn 0.017233094 0.5989975 0.8005654
vn -0.5747279 0.6087802 0.54687715
vn -0.8876147 0.39794317 0.23190804
vn -0.91175973 0.40876713 0.04004377
vn 0.5747282 -0.6087795 0.5468776
vn -0.02797548 -0.9723352 0.23190853
vn -0.4087684 -0.91175926 0.040043887
vn -0.09256438 0.24301423 0.96559614
vn -0.76394975 0.34249997 0.5468772
vn -0.97233534 0.027975146 0.2319083
vn -0.9987847 0.028735422 0.040043723
vn 0.29800913 -0.78237826 0.54687726
vn -0.836866 0.024077201 0.54687786
vn -0.90902686 -0.34624985 0.23190804
vn -0.9337537 -0.35566938 0.040043432
vn -0.7823779 -0.29800934 0.54687774
vn -0.7073273 -0.66776276 0.23190731
vn -0.7265677 -0.6859272 0.040042814
vn -0.60878 -0.5747273 0.5468779
vn -0.39794248 -0.8876151 0.23190798
vn -0.34249997 -0.76394945 0.5468775
vn -0.024078265 -0.83686644 0.5468772
vn -0.55999744 -0.21330382 0.80056494
vn -0.59899765 0.017233469 0.8005653
vn -0.24301502 -0.09256452 0.96559596
vn -0.25993997 0.0074787503 0.96559584
vn -0.43574208 -0.41136885 0.8005651
vn -0.55999744 -0.21330382 0.80056494
vn -0.18909419 -0.17851757 0.9655956
vn -0.24514867 -0.54680634 0.80056536
vn -0.43574208 -0.41136885 0.8005651
vn -0.106383994 -0.23729064 0.96559596
vn -0.017234882 -0.5989974 0.8005654
vn -0.24514867 -0.54680634 0.80056536
vn -0.0074790656 -0.2599397 0.96559596
vn -0.23728988 0.10638419 0.96559614
vn -0.17851634 0.18909374 0.96559596
vn -0.54680663 0.24514881 0.8005651
vn -0.59899765 0.017233469 0.8005653
vn -0.41136852 0.43574193 0.80056536
vn 0.092565104 -0.24301462 0.96559596
vn -0.017234882 -0.5989974 0.8005654
vn 0.17851672 -0.18909308 0.9655961
vn 0.21330391 -0.55999696 0.8005653
vn 0.41136903 -0.4357418 0.8005652
vn 0.2372905 -0.106384024 0.9655961
vn 0.54680616 -0.24514906 0.8005654
vn 0.25994003 -0.007479013 0.96559584
vn 0.59899694 -0.01723463 0.80056584
vn -0 0 1
vn -0 0 1
vn -0 0 1
vn -0 0 1
vn -0 0 1
vn -0 0 1
vn -0 0 1
vn -0 0 1
g Swordsman Barracks Final_0
f 3/3/3 2/2/2 1/1/1
f 4/4/4 3/3/3 1/1/1
f 7/7/7 6/6/6 5/5/5
f 8/8/8 7/7/7 5/5/5
f 11/11/11 10/10/10 9/9/9
f 12/12/12 11/11/11 9/9/9
f 15/15/15 14/14/14 13/13/13
f 16/16/16 15/15/15 13/13/13
f 19/19/19 18/18/18 17/17/17
f 20/20/20 19/19/19 17/17/17
f 23/23/23 22/22/22 21/21/21
f 24/24/24 23/23/23 21/21/21
f 27/27/27 26/26/26 25/25/25
f 28/28/28 27/27/27 25/25/25
f 31/31/31 30/30/30 29/29/29
f 32/32/32 31/31/31 29/29/29
f 35/35/35 34/34/34 33/33/33
f 36/36/36 35/35/35 33/33/33
f 39/39/39 38/38/38 37/37/37
f 40/40/40 39/39/39 37/37/37
f 43/43/43 42/42/42 41/41/41
f 44/44/44 43/43/43 41/41/41
f 47/47/47 46/46/46 45/45/45
f 48/48/48 47/47/47 45/45/45
f 51/51/51 50/50/50 49/49/49
f 52/52/52 51/51/51 49/49/49
f 55/55/55 54/54/54 53/53/53
f 56/56/56 55/55/55 53/53/53
f 59/59/59 58/58/58 57/57/57
f 60/60/60 59/59/59 57/57/57
f 63/63/63 62/62/62 61/61/61
f 64/64/64 63/63/63 61/61/61
f 67/67/67 66/66/66 65/65/65
f 68/68/68 67/67/67 65/65/65
f 71/71/71 70/70/70 69/69/69
f 72/72/72 71/71/71 69/69/69
f 75/75/75 74/74/74 73/73/73
f 76/76/76 75/75/75 73/73/73
f 79/79/79 78/78/78 77/77/77
f 80/80/80 79/79/79 77/77/77
f 83/83/83 82/82/82 81/81/81
f 84/84/84 83/83/83 81/81/81
f 87/87/87 86/86/86 85/85/85
f 88/88/88 87/87/87 85/85/85
f 91/91/91 90/90/90 89/89/89
f 92/92/92 91/91/91 89/89/89
f 95/95/95 94/94/94 93/93/93
f 96/96/96 95/95/95 93/93/93
f 99/99/99 98/98/98 97/97/97
f 100/100/100 99/99/99 97/97/97
f 103/103/103 102/102/102 101/101/101
f 104/104/104 103/103/103 101/101/101
f 107/107/107 106/106/106 105/105/105
f 108/108/108 107/107/107 105/105/105
f 111/111/111 110/110/110 109/109/109
f 112/112/112 111/111/111 109/109/109
f 115/115/115 114/114/114 113/113/113
f 116/116/116 115/115/115 113/113/113
f 119/119/119 118/118/118 117/117/117
f 120/120/120 119/119/119 117/117/117
f 123/123/123 122/122/122 121/121/121
f 124/124/124 123/123/123 121/121/121
f 127/127/127 126/126/126 125/125/125
f 128/128/128 127/127/127 125/125/125
f 131/131/131 130/130/130 129/129/129
f 132/132/132 131/131/131 129/129/129
f 135/135/135 134/134/134 133/133/133
f 136/136/136 135/135/135 133/133/133
f 139/139/139 138/138/138 137/137/137
f 140/140/140 139/139/139 137/137/137
f 143/143/143 142/142/142 141/141/141
f 144/144/144 143/143/143 141/141/141
f 147/147/147 146/146/146 145/145/145
f 148/148/148 147/147/147 145/145/145
f 151/151/151 150/150/150 149/149/149
f 152/152/152 151/151/151 149/149/149
f 155/155/155 154/154/154 153/153/153
f 156/156/156 155/155/155 153/153/153
f 159/159/159 158/158/158 157/157/157
f 160/160/160 159/159/159 157/157/157
f 163/163/163 162/162/162 161/161/161
f 164/164/164 163/163/163 161/161/161
f 167/167/167 166/166/166 165/165/165
f 168/168/168 167/167/167 165/165/165
f 171/171/171 170/170/170 169/169/169
f 172/172/172 171/171/171 169/169/169
f 175/175/175 174/174/174 173/173/173
f 176/176/176 175/175/175 173/173/173
f 179/179/179 178/178/178 177/177/177
f 180/180/180 179/179/179 177/177/177
f 183/183/183 182/182/182 181/181/181
f 184/184/184 183/183/183 181/181/181
f 187/187/187 186/186/186 185/185/185
f 188/188/188 187/187/187 185/185/185
f 191/191/191 190/190/190 189/189/189
f 192/192/192 191/191/191 189/189/189
f 195/195/195 194/194/194 193/193/193
f 196/196/196 195/195/195 193/193/193
f 199/199/199 198/198/198 197/197/197
f 200/200/200 199/199/199 197/197/197
f 203/203/203 202/202/202 201/201/201
f 204/204/204 203/203/203 201/201/201
f 207/207/207 206/206/206 205/205/205
f 208/208/208 207/207/207 205/205/205
f 211/211/211 210/210/210 209/209/209
f 212/212/212 211/211/211 209/209/209
f 215/215/215 214/214/214 213/213/213
f 216/216/216 215/215/215 213/213/213
f 219/219/219 218/218/218 217/217/217
f 220/220/220 219/219/219 217/217/217
f 223/223/223 222/222/222 221/221/221
f 224/224/224 223/223/223 221/221/221
f 227/227/227 226/226/226 225/225/225
f 228/228/228 227/227/227 225/225/225
f 231/231/231 230/230/230 229/229/229
f 232/232/232 231/231/231 229/229/229
f 235/235/235 234/234/234 233/233/233
f 236/236/236 235/235/235 233/233/233
f 239/239/239 238/238/238 237/237/237
f 240/240/240 239/239/239 237/237/237
f 243/243/243 242/242/242 241/241/241
f 244/244/244 243/243/243 241/241/241
f 247/247/247 246/246/246 245/245/245
f 248/248/248 247/247/247 245/245/245
f 251/251/251 250/250/250 249/249/249
f 252/252/252 251/251/251 249/249/249
f 255/255/255 254/254/254 253/253/253
f 256/256/256 255/255/255 253/253/253
f 259/259/259 258/258/258 257/257/257
f 260/260/260 259/259/259 257/257/257
f 263/263/263 262/262/262 261/261/261
f 264/264/264 263/263/263 261/261/261
f 267/267/267 266/266/266 265/265/265
f 268/268/268 267/267/267 265/265/265
f 271/271/271 270/270/270 269/269/269
f 272/272/272 271/271/271 269/269/269
f 275/275/275 274/274/274 273/273/273
f 276/276/276 275/275/275 273/273/273
f 279/279/279 278/278/278 277/277/277
f 280/280/280 279/279/279 277/277/277
f 283/283/283 282/282/282 281/281/281
f 284/284/284 283/283/283 281/281/281
f 287/287/287 286/286/286 285/285/285
f 288/288/288 287/287/287 285/285/285
f 291/291/291 290/290/290 289/289/289
f 292/292/292 291/291/291 289/289/289
f 295/295/295 294/294/294 293/293/293
f 296/296/296 295/295/295 293/293/293
f 299/299/299 298/298/298 297/297/297
f 300/300/300 299/299/299 297/297/297
f 303/303/303 302/302/302 301/301/301
f 304/304/304 303/303/303 301/301/301
f 307/307/307 306/306/306 305/305/305
f 308/308/308 307/307/307 305/305/305
f 311/311/311 310/310/310 309/309/309
f 312/312/312 311/311/311 309/309/309
f 315/315/315 314/314/314 313/313/313
f 316/316/316 315/315/315 313/313/313
f 319/319/319 318/318/318 317/317/317
f 320/320/320 319/319/319 317/317/317
f 323/323/323 322/322/322 321/321/321
f 324/324/324 323/323/323 321/321/321
f 327/327/327 326/326/326 325/325/325
f 328/328/328 327/327/327 325/325/325
f 331/331/331 330/330/330 329/329/329
f 332/332/332 331/331/331 329/329/329
f 335/335/335 334/334/334 333/333/333
f 336/336/336 335/335/335 333/333/333
f 339/339/339 338/338/338 337/337/337
f 340/340/340 339/339/339 337/337/337
f 343/343/343 342/342/342 341/341/341
f 344/344/344 343/343/343 341/341/341
f 347/347/347 346/346/346 345/345/345
f 348/348/348 347/347/347 345/345/345
f 351/351/351 350/350/350 349/349/349
f 352/352/352 351/351/351 349/349/349
f 355/355/355 354/354/354 353/353/353
f 356/356/356 355/355/355 353/353/353
f 359/359/359 358/358/358 357/357/357
f 360/360/360 359/359/359 357/357/357
f 363/363/363 362/362/362 361/361/361
f 364/364/364 363/363/363 361/361/361
f 367/367/367 366/366/366 365/365/365
f 368/368/368 367/367/367 365/365/365
f 371/371/371 370/370/370 369/369/369
f 372/372/372 371/371/371 369/369/369
f 375/375/375 374/374/374 373/373/373
f 376/376/376 375/375/375 373/373/373
f 379/379/379 378/378/378 377/377/377
f 380/380/380 379/379/379 377/377/377
f 383/383/383 382/382/382 381/381/381
f 384/384/384 383/383/383 381/381/381
f 387/387/387 386/386/386 385/385/385
f 388/388/388 387/387/387 385/385/385
f 391/391/391 390/390/390 389/389/389
f 392/392/392 391/391/391 389/389/389
f 395/395/395 394/394/394 393/393/393
f 396/396/396 395/395/395 393/393/393
f 399/399/399 398/398/398 397/397/397
f 400/400/400 399/399/399 397/397/397
f 403/403/403 402/402/402 401/401/401
f 404/404/404 403/403/403 401/401/401
f 401/401/401 405/405/405 404/404/404
f 405/405/405 406/406/406 404/404/404
f 409/409/409 408/408/408 407/407/407
f 410/410/410 409/409/409 407/407/407
f 410/410/410 407/407/407 411/411/411
f 412/412/412 410/410/410 411/411/411
f 415/415/415 414/414/414 413/413/413
f 416/416/416 415/415/415 413/413/413
f 419/419/419 418/418/418 417/417/417
f 420/420/420 419/419/419 417/417/417
f 420/420/420 417/417/417 421/421/421
f 422/422/422 420/420/420 421/421/421
f 425/425/425 424/424/424 423/423/423
f 424/424/424 426/426/426 423/423/423
f 423/423/423 426/426/426 427/427/427
f 426/426/426 428/428/428 427/427/427
f 426/426/426 429/429/429 428/428/428
f 429/429/429 430/430/430 428/428/428
f 433/433/433 432/432/432 431/431/431
f 434/434/434 433/433/433 431/431/431
f 437/437/437 436/436/436 435/435/435
f 438/438/438 437/437/437 435/435/435
f 441/441/441 440/440/440 439/439/439
f 442/442/442 441/441/441 439/439/439
f 445/445/445 444/444/444 443/443/443
f 446/446/446 445/445/445 443/443/443
f 449/449/449 448/448/448 447/447/447
f 450/450/450 449/449/449 447/447/447
f 450/450/450 447/447/447 451/451/451
f 452/452/452 450/450/450 451/451/451
f 452/452/452 451/451/451 453/453/453
f 454/454/454 452/452/452 453/453/453
f 454/454/454 453/453/453 455/455/455
f 456/456/456 454/454/454 455/455/455
f 456/456/456 455/455/455 457/457/457
f 458/458/458 456/456/456 457/457/457
f 458/458/458 457/457/457 459/459/459
f 460/460/460 458/458/458 459/459/459
f 460/460/460 459/459/459 461/461/461
f 462/462/462 460/460/460 461/461/461
f 462/462/462 461/461/461 463/463/463
f 464/464/464 462/462/462 463/463/463
f 464/464/464 463/463/463 465/465/465
f 466/466/466 464/464/464 465/465/465
f 466/466/466 465/465/465 467/467/467
f 468/468/468 466/466/466 467/467/467
f 468/468/468 467/467/467 469/469/469
f 470/470/470 468/468/468 469/469/469
f 470/470/470 469/469/469 471/471/471
f 472/472/472 470/470/470 471/471/471
f 472/472/472 471/471/471 473/473/473
f 474/474/474 472/472/472 473/473/473
f 474/474/474 473/473/473 475/475/475
f 476/476/476 474/474/474 475/475/475
f 476/476/476 475/475/475 477/477/477
f 478/478/478 476/476/476 477/477/477
f 478/478/478 477/477/477 479/479/479
f 480/480/480 478/478/478 479/479/479
f 483/483/483 482/482/482 481/481/481
f 481/481/481 484/484/484 483/483/483
f 481/481/481 485/485/485 484/484/484
f 485/485/485 486/486/486 484/484/484
f 485/485/485 487/487/487 486/486/486
f 487/487/487 488/488/488 486/486/486
f 487/487/487 489/489/489 488/488/488
f 489/489/489 490/490/490 488/488/488
f 489/489/489 491/491/491 490/490/490
f 491/491/491 492/492/492 490/490/490
f 491/491/491 493/493/493 492/492/492
f 493/493/493 494/494/494 492/492/492
f 493/493/493 495/495/495 494/494/494
f 495/495/495 496/496/496 494/494/494
f 499/499/499 498/498/498 497/497/497
f 497/497/497 498/498/498 500/500/500
f 498/498/498 501/501/501 500/500/500
f 498/498/498 502/502/502 501/501/501
f 503/503/503 502/502/502 498/498/498
f 497/497/497 500/500/500 504/504/504
f 505/505/505 497/497/497 504/504/504
f 506/506/506 497/497/497 505/505/505
f 500/500/500 501/501/501 507/507/507
f 504/504/504 500/500/500 508/508/508
f 500/500/500 507/507/507 508/508/508
f 502/502/502 509/509/509 501/501/501
f 501/501/501 510/510/510 507/507/507
f 501/501/501 509/509/509 510/510/510
f 502/502/502 511/511/511 509/509/509
f 512/512/512 511/511/511 502/502/502
f 505/505/505 504/504/504 513/513/513
f 504/504/504 508/508/508 514/514/514
f 513/513/513 504/504/504 514/514/514
f 515/515/515 505/505/505 513/513/513
f 516/516/516 505/505/505 515/515/515
f 508/508/508 507/507/507 517/517/517
f 507/507/507 510/510/510 518/518/518
f 507/507/507 518/518/518 517/517/517
f 514/514/514 508/508/508 519/519/519
f 508/508/508 517/517/517 519/519/519
f 509/509/509 520/520/520 510/510/510
f 511/511/511 521/521/521 509/509/509
f 509/509/509 521/521/521 520/520/520
f 510/510/510 522/522/522 518/518/518
f 510/510/510 520/520/520 522/522/522
f 511/511/511 523/523/523 521/521/521
f 524/524/524 523/523/523 511/511/511
f 517/517/517 518/518/518 525/525/525
f 519/519/519 517/517/517 526/526/526
f 517/517/517 525/525/525 526/526/526
f 518/518/518 522/522/522 527/527/527
f 518/518/518 527/527/527 525/525/525
f 514/514/514 519/519/519 528/528/528
f 519/519/519 526/526/526 529/529/529
f 528/528/528 519/519/519 529/529/529
f 530/530/530 514/514/514 528/528/528
f 513/513/513 514/514/514 530/530/530
f 531/531/531 513/513/513 530/530/530
f 515/515/515 513/513/513 531/531/531
f 532/532/532 515/515/515 531/531/531
f 533/533/533 515/515/515 532/532/532
f 530/530/530 528/528/528 534/534/534
f 535/535/535 530/530/530 534/534/534
f 531/531/531 530/530/530 535/535/535
f 534/534/534 528/528/528 536/536/536
f 528/528/528 529/529/529 536/536/536
f 537/537/537 531/531/531 535/535/535
f 532/532/532 531/531/531 537/537/537
f 538/538/538 532/532/532 537/537/537
f 539/539/539 532/532/532 538/538/538
f 536/536/536 529/529/529 540/540/540
f 529/529/529 541/541/541 540/540/540
f 540/540/540 541/541/541 542/542/542
f 529/529/529 526/526/526 541/541/541
f 541/541/541 543/543/543 542/542/542
f 542/542/542 543/543/543 544/544/544
f 526/526/526 545/545/545 541/541/541
f 541/541/541 545/545/545 543/543/543
f 526/526/526 525/525/525 545/545/545
f 545/545/545 546/546/546 543/543/543
f 543/543/543 546/546/546 547/547/547
f 525/525/525 548/548/548 545/545/545
f 545/545/545 548/548/548 546/546/546
f 525/525/525 527/527/527 548/548/548
f 548/548/548 549/549/549 546/546/546
f 546/546/546 549/549/549 550/550/550
f 527/527/527 551/551/551 548/548/548
f 548/548/548 551/551/551 549/549/549
f 527/527/527 552/552/552 551/551/551
f 522/522/522 552/552/552 527/527/527
f 551/551/551 553/553/553 549/549/549
f 549/549/549 553/553/553 554/554/554
f 551/551/551 555/555/555 553/553/553
f 552/552/552 555/555/555 551/551/551
f 522/522/522 556/556/556 552/552/552
f 520/520/520 556/556/556 522/522/522
f 555/555/555 557/557/557 553/553/553
f 553/553/553 557/557/557 558/558/558
f 552/552/552 559/559/559 555/555/555
f 556/556/556 559/559/559 552/552/552
f 520/520/520 560/560/560 556/556/556
f 521/521/521 560/560/560 520/520/520
f 555/555/555 561/561/561 557/557/557
f 559/559/559 561/561/561 555/555/555
f 556/556/556 562/562/562 559/559/559
f 560/560/560 562/562/562 556/556/556
f 521/521/521 563/563/563 560/560/560
f 523/523/523 563/563/563 521/521/521
f 561/561/561 564/564/564 557/557/557
f 557/557/557 564/564/564 565/565/565
f 559/559/559 566/566/566 561/561/561
f 562/562/562 566/566/566 559/559/559
f 560/560/560 567/567/567 562/562/562
f 563/563/563 567/567/567 560/560/560
f 523/523/523 568/568/568 563/563/563
f 569/569/569 568/568/568 523/523/523
f 561/561/561 570/570/570 564/564/564
f 566/566/566 570/570/570 561/561/561
f 562/562/562 571/571/571 566/566/566
f 567/567/567 571/571/571 562/562/562
f 563/563/563 572/572/572 567/567/567
f 568/568/568 572/572/572 563/563/563
f 570/570/570 573/573/573 564/564/564
f 564/564/564 573/573/573 574/574/574
f 566/566/566 575/575/575 570/570/570
f 571/571/571 575/575/575 566/566/566
f 567/567/567 576/576/576 571/571/571
f 572/572/572 576/576/576 567/567/567
f 568/568/568 577/577/577 572/572/572
f 578/578/578 577/577/577 568/568/568
f 570/570/570 579/579/579 573/573/573
f 575/575/575 579/579/579 570/570/570
f 571/571/571 580/580/580 575/575/575
f 576/576/576 580/580/580 571/571/571
f 577/577/577 581/581/581 572/572/572
f 572/572/572 581/581/581 576/576/576
f 579/579/579 582/582/582 573/573/573
f 573/573/573 582/582/582 583/583/583
f 575/575/575 584/584/584 579/579/579
f 580/580/580 584/584/584 575/575/575
f 576/576/576 585/585/585 580/580/580
f 581/581/581 585/585/585 576/576/576
f 577/577/577 586/586/586 581/581/581
f 587/587/587 586/586/586 577/577/577
f 579/579/579 588/588/588 582/582/582
f 584/584/584 588/588/588 579/579/579
f 580/580/580 589/589/589 584/584/584
f 585/585/585 589/589/589 580/580/580
f 586/586/586 590/590/590 581/581/581
f 581/581/581 590/590/590 585/585/585
f 588/588/588 591/591/591 582/582/582
f 582/582/582 591/591/591 592/592/592
f 584/584/584 593/593/593 588/588/588
f 589/589/589 593/593/593 584/584/584
f 585/585/585 594/594/594 589/589/589
f 590/590/590 594/594/594 585/585/585
f 586/586/586 595/595/595 590/590/590
f 596/596/596 595/595/595 586/586/586
f 588/588/588 597/597/597 591/591/591
f 593/593/593 597/597/597 588/588/588
f 589/589/589 598/598/598 593/593/593
f 594/594/594 598/598/598 589/589/589
f 590/590/590 599/599/599 594/594/594
f 595/595/595 599/599/599 590/590/590
f 597/597/597 600/600/600 591/591/591
f 591/591/591 600/600/600 601/601/601
f 593/593/593 602/602/602 597/597/597
f 598/598/598 602/602/602 593/593/593
f 594/594/594 603/603/603 598/598/598
f 599/599/599 603/603/603 594/594/594
f 595/595/595 604/604/604 599/599/599
f 605/605/605 604/604/604 595/595/595
f 597/597/597 606/606/606 600/600/600
f 602/602/602 606/606/606 597/597/597
f 598/598/598 607/607/607 602/602/602
f 603/603/603 607/607/607 598/598/598
f 599/599/599 608/608/608 603/603/603
f 604/604/604 608/608/608 599/599/599
f 606/606/606 609/609/609 600/600/600
f 600/600/600 609/609/609 610/610/610
f 602/602/602 611/611/611 606/606/606
f 607/607/607 611/611/611 602/602/602
f 603/603/603 612/612/612 607/607/607
f 608/608/608 612/612/612 603/603/603
f 604/604/604 613/613/613 608/608/608
f 614/614/614 613/613/613 604/604/604
f 606/606/606 615/615/615 609/609/609
f 611/611/611 615/615/615 606/606/606
f 607/607/607 616/616/616 611/611/611
f 612/612/612 616/616/616 607/607/607
f 613/613/613 617/617/617 608/608/608
f 608/608/608 617/617/617 612/612/612
f 615/615/615 618/618/618 609/609/609
f 609/609/609 618/618/618 619/619/619
f 611/611/611 620/620/620 615/615/615
f 616/616/616 620/620/620 611/611/611
f 612/612/612 621/621/621 616/616/616
f 617/617/617 621/621/621 612/612/612
f 613/613/613 622/622/622 617/617/617
f 623/623/623 622/622/622 613/613/613
f 615/615/615 624/624/624 618/618/618
f 620/620/620 624/624/624 615/615/615
f 616/616/616 625/625/625 620/620/620
f 621/621/621 625/625/625 616/616/616
f 622/622/622 626/626/626 617/617/617
f 617/617/617 626/626/626 621/621/621
f 622/622/622 627/627/627 626/626/626
f 628/628/628 627/627/627 622/622/622
f 627/627/627 629/629/629 626/626/626
f 626/626/626 630/630/630 621/621/621
f 626/626/626 629/629/629 630/630/630
f 621/621/621 630/630/630 625/625/625
f 629/629/629 631/631/631 630/630/630
f 630/630/630 631/631/631 632/632/632
f 630/630/630 632/632/632 625/625/625
f 631/631/631 633/633/633 632/632/632
f 625/625/625 634/634/634 620/620/620
f 625/625/625 632/632/632 634/634/634
f 620/620/620 634/634/634 624/624/624
f 632/632/632 633/633/633 635/635/635
f 632/632/632 635/635/635 634/634/634
f 633/633/633 636/636/636 635/635/635
f 634/634/634 637/637/637 624/624/624
f 634/634/634 635/635/635 637/637/637
f 635/635/635 636/636/636 638/638/638
f 635/635/635 638/638/638 637/637/637
f 636/636/636 639/639/639 638/638/638
f 624/624/624 637/637/637 640/640/640
f 624/624/624 640/640/640 618/618/618
f 618/618/618 640/640/640 641/641/641
f 637/637/637 642/642/642 640/640/640
f 637/637/637 638/638/638 642/642/642
f 640/640/640 642/642/642 643/643/643
f 638/638/638 639/639/639 644/644/644
f 638/638/638 644/644/644 642/642/642
f 642/642/642 644/644/644 645/645/645
f 639/639/639 646/646/646 644/644/644
f 644/644/644 646/646/646 647/647/647
f 650/650/650 649/649/649 648/648/648
f 651/651/651 650/650/650 648/648/648
f 654/654/654 653/653/653 652/652/652
f 655/655/655 654/654/654 652/652/652
f 658/658/658 657/657/657 656/656/656
f 659/659/659 658/658/658 656/656/656
f 662/662/662 661/661/661 660/660/660
f 663/663/663 662/662/662 660/660/660
f 666/666/666 665/665/665 664/664/664
f 667/667/667 666/666/666 664/664/664
f 670/670/670 669/669/669 668/668/668
f 671/671/671 670/670/670 668/668/668
f 674/674/674 673/673/673 672/672/672
f 675/675/675 674/674/674 672/672/672
f 678/678/678 677/677/677 676/676/676
f 679/679/679 678/678/678 676/676/676
f 682/682/682 681/681/681 680/680/680
f 683/683/683 682/682/682 680/680/680
f 686/686/686 685/685/685 684/684/684
f 687/687/687 686/686/686 684/684/684
f 690/690/690 689/689/689 688/688/688
f 691/691/691 690/690/690 688/688/688
f 694/694/694 693/693/693 692/692/692
f 695/695/695 694/694/694 692/692/692
f 698/698/698 697/697/697 696/696/696
f 699/699/699 698/698/698 696/696/696
f 702/702/702 701/701/701 700/700/700
f 703/703/703 702/702/702 700/700/700
f 706/706/706 705/705/705 704/704/704
f 707/707/707 706/706/706 704/704/704
f 710/710/710 709/709/709 708/708/708
f 711/711/711 710/710/710 708/708/708
f 714/714/714 713/713/713 712/712/712
f 715/715/715 714/714/714 712/712/712
f 718/718/718 717/717/717 716/716/716
f 719/719/719 718/718/718 716/716/716
f 722/722/722 721/721/721 720/720/720
f 723/723/723 722/722/722 720/720/720
f 726/726/726 725/725/725 724/724/724
f 727/727/727 726/726/726 724/724/724
f 730/730/730 729/729/729 728/728/728
f 731/731/731 730/730/730 728/728/728
f 734/734/734 733/733/733 732/732/732
f 735/735/735 734/734/734 732/732/732
f 738/738/738 737/737/737 736/736/736
f 739/739/739 738/738/738 736/736/736
f 742/742/742 741/741/741 740/740/740
f 743/743/743 742/742/742 740/740/740
f 746/746/746 745/745/745 744/744/744
f 745/745/745 747/747/747 744/744/744
f 745/745/745 748/748/748 747/747/747
f 748/748/748 749/749/749 747/747/747
f 748/748/748 750/750/750 749/749/749
f 750/750/750 751/751/751 749/749/749
f 750/750/750 752/752/752 751/751/751
f 752/752/752 753/753/753 751/751/751
f 752/752/752 754/754/754 753/753/753
f 754/754/754 755/755/755 753/753/753
f 754/754/754 756/756/756 755/755/755
f 756/756/756 757/757/757 755/755/755
f 756/756/756 758/758/758 757/757/757
f 755/755/755 757/757/757 759/759/759
f 758/758/758 760/760/760 757/757/757
f 758/758/758 761/761/761 760/760/760
f 757/757/757 762/762/762 759/759/759
f 757/757/757 760/760/760 762/762/762
f 761/761/761 763/763/763 760/760/760
f 761/761/761 764/764/764 763/763/763
f 760/760/760 765/765/765 762/762/762
f 760/760/760 763/763/763 765/765/765
f 764/764/764 766/766/766 763/763/763
f 764/764/764 767/767/767 766/766/766
f 763/763/763 768/768/768 765/765/765
f 763/763/763 766/766/766 768/768/768
f 767/767/767 769/769/769 766/766/766
f 767/767/767 770/770/770 769/769/769
f 766/766/766 771/771/771 768/768/768
f 766/766/766 769/769/769 771/771/771
f 770/770/770 772/772/772 769/769/769
f 770/770/770 773/773/773 772/772/772
f 773/773/773 774/774/774 772/772/772
f 773/773/773 775/775/775 774/774/774
f 775/775/775 776/776/776 774/774/774
f 775/775/775 777/777/777 776/776/776
f 777/777/777 778/778/778 776/776/776
f 777/777/777 779/779/779 778/778/778
f 779/779/779 780/780/780 778/778/778
f 779/779/779 781/781/781 780/780/780
f 781/781/781 782/782/782 780/780/780
f 781/781/781 783/783/783 782/782/782
f 783/783/783 784/784/784 782/782/782
f 783/783/783 785/785/785 784/784/784
f 785/785/785 786/786/786 784/784/784
f 769/769/769 772/772/772 787/787/787
f 772/772/772 788/788/788 787/787/787
f 769/769/769 787/787/787 771/771/771
f 787/787/787 788/788/788 789/789/789
f 788/788/788 790/790/790 789/789/789
f 787/787/787 789/789/789 791/791/791
f 771/771/771 787/787/787 791/791/791
f 788/788/788 792/792/792 790/790/790
f 771/771/771 791/791/791 793/793/793
f 792/792/792 794/794/794 790/790/790
f 768/768/768 771/771/771 793/793/793
f 792/792/792 795/795/795 794/794/794
f 768/768/768 793/793/793 796/796/796
f 795/795/795 797/797/797 794/794/794
f 765/765/765 768/768/768 796/796/796
f 795/795/795 798/798/798 797/797/797
f 765/765/765 796/796/796 799/799/799
f 798/798/798 800/800/800 797/797/797
f 762/762/762 765/765/765 799/799/799
f 798/798/798 801/801/801 800/800/800
f 762/762/762 799/799/799 802/802/802
f 801/801/801 803/803/803 800/800/800
f 759/759/759 762/762/762 802/802/802
f 801/801/801 804/804/804 803/803/803
f 759/759/759 802/802/802 805/805/805
f 804/804/804 806/806/806 803/803/803
f 807/807/807 759/759/759 805/805/805
f 804/804/804 808/808/808 806/806/806
f 807/807/807 805/805/805 809/809/809
f 808/808/808 810/810/810 806/806/806
f 808/808/808 811/811/811 810/810/810
f 811/811/811 812/812/812 810/810/810
f 813/813/813 807/807/807 809/809/809
f 813/813/813 809/809/809 814/814/814
f 815/815/815 813/813/813 814/814/814
f 815/815/815 814/814/814 816/816/816
f 817/817/817 815/815/815 816/816/816
f 817/817/817 816/816/816 818/818/818
f 819/819/819 817/817/817 818/818/818
f 822/822/822 821/821/821 820/820/820
f 820/820/820 823/823/823 822/822/822
f 820/820/820 824/824/824 823/823/823
f 824/824/824 825/825/825 823/823/823
f 824/824/824 826/826/826 825/825/825
f 826/826/826 827/827/827 825/825/825
f 826/826/826 828/828/828 827/827/827
f 828/828/828 829/829/829 827/827/827
f 828/828/828 830/830/830 829/829/829
f 830/830/830 831/831/831 829/829/829
f 830/830/830 832/832/832 831/831/831
f 832/832/832 833/833/833 831/831/831
f 832/832/832 834/834/834 833/833/833
f 834/834/834 835/835/835 833/833/833
f 834/834/834 836/836/836 835/835/835
f 836/836/836 837/837/837 835/835/835
f 840/840/840 839/839/839 838/838/838
f 838/838/838 841/841/841 840/840/840
f 841/841/841 842/842/842 840/840/840
f 841/841/841 843/843/843 842/842/842
f 843/843/843 844/844/844 842/842/842
f 843/843/843 845/845/845 844/844/844
f 845/845/845 846/846/846 844/844/844
f 845/845/845 847/847/847 846/846/846
f 847/847/847 848/848/848 846/846/846
f 848/848/848 849/849/849 846/846/846
f 848/848/848 850/850/850 849/849/849
f 848/848/848 851/851/851 850/850/850
f 851/851/851 852/852/852 850/850/850
f 851/851/851 853/853/853 852/852/852
f 853/853/853 854/854/854 852/852/852
f 854/854/854 855/855/855 852/852/852
f 858/858/858 857/857/857 856/856/856
f 859/859/859 858/858/858 856/856/856
f 860/860/860 858/858/858 859/859/859
f 861/861/861 860/860/860 859/859/859
f 862/862/862 860/860/860 861/861/861
f 863/863/863 862/862/862 861/861/861
f 864/864/864 862/862/862 863/863/863
f 865/865/865 864/864/864 863/863/863
f 866/866/866 864/864/864 865/865/865
f 867/867/867 866/866/866 865/865/865
f 868/868/868 866/866/866 867/867/867
f 869/869/869 868/868/868 867/867/867
f 870/870/870 868/868/868 869/869/869
f 871/871/871 870/870/870 869/869/869
f 874/874/874 873/873/873 872/872/872
f 873/873/873 875/875/875 872/872/872
f 872/872/872 875/875/875 876/876/876
f 875/875/875 877/877/877 876/876/876
f 876/876/876 877/877/877 878/878/878
f 877/877/877 879/879/879 878/878/878
f 878/878/878 879/879/879 880/880/880
f 879/879/879 881/881/881 880/880/880
f 880/880/880 881/881/881 882/882/882
f 881/881/881 883/883/883 882/882/882
f 882/882/882 883/883/883 884/884/884
f 883/883/883 885/885/885 884/884/884
f 884/884/884 885/885/885 886/886/886
f 885/885/885 887/887/887 886/886/886
f 890/890/890 889/889/889 888/888/888
f 891/891/891 890/890/890 888/888/888
f 892/892/892 890/890/890 891/891/891
f 893/893/893 892/892/892 891/891/891
f 894/894/894 892/892/892 893/893/893
f 895/895/895 894/894/894 893/893/893
f 896/896/896 894/894/894 895/895/895
f 897/897/897 896/896/896 895/895/895
f 898/898/898 896/896/896 897/897/897
f 899/899/899 898/898/898 897/897/897
f 902/902/902 901/901/901 900/900/900
f 901/901/901 903/903/903 900/900/900
f 900/900/900 903/903/903 904/904/904
f 903/903/903 905/905/905 904/904/904
f 904/904/904 905/905/905 906/906/906
f 905/905/905 907/907/907 906/906/906
f 906/906/906 907/907/907 908/908/908
f 907/907/907 909/909/909 908/908/908
f 908/908/908 909/909/909 910/910/910
f 909/909/909 911/911/911 910/910/910
f 914/914/914 913/913/913 912/912/912
f 915/915/915 914/914/914 912/912/912
f 915/915/915 912/912/912 916/916/916
f 917/917/917 915/915/915 916/916/916
f 917/917/917 916/916/916 918/918/918
f 919/919/919 917/917/917 918/918/918
f 919/919/919 918/918/918 920/920/920
f 921/921/921 919/919/919 920/920/920
f 921/921/921 920/920/920 922/922/922
f 923/923/923 921/921/921 922/922/922
f 923/923/923 922/922/922 924/924/924
f 925/925/925 923/923/923 924/924/924
f 925/925/925 924/924/924 926/926/926
f 927/927/927 925/925/925 926/926/926
f 930/930/930 929/929/929 928/928/928
f 931/931/931 930/930/930 928/928/928
f 931/931/931 928/928/928 932/932/932
f 933/933/933 931/931/931 932/932/932
f 933/933/933 932/932/932 934/934/934
f 935/935/935 933/933/933 934/934/934
f 935/935/935 934/934/934 936/936/936
f 937/937/937 935/935/935 936/936/936
f 937/937/937 936/936/936 938/938/938
f 939/939/939 937/937/937 938/938/938
f 942/942/942 941/941/941 940/940/940
f 943/943/943 942/942/942 940/940/940
f 946/946/946 945/945/945 944/944/944
f 947/947/947 946/946/946 944/944/944
f 950/950/950 949/949/949 948/948/948
f 951/951/951 950/950/950 948/948/948
f 948/948/948 949/949/949 952/952/952
f 953/953/953 950/950/950 951/951/951
f 949/949/949 954/954/954 952/952/952
f 955/955/955 953/953/953 951/951/951
f 952/952/952 954/954/954 956/956/956
f 957/957/957 953/953/953 955/955/955
f 954/954/954 958/958/958 956/956/956
f 959/959/959 957/957/957 955/955/955
f 956/956/956 958/958/958 960/960/960
f 961/961/961 957/957/957 959/959/959
f 958/958/958 962/962/962 960/960/960
f 963/963/963 961/961/961 959/959/959
f 960/960/960 962/962/962 964/964/964
f 965/965/965 961/961/961 963/963/963
f 962/962/962 966/966/966 964/964/964
f 967/967/967 965/965/965 963/963/963
f 964/964/964 966/966/966 968/968/968
f 969/969/969 965/965/965 967/967/967
f 966/966/966 970/970/970 968/968/968
f 971/971/971 969/969/969 967/967/967
f 968/968/968 970/970/970 972/972/972
f 973/973/973 969/969/969 971/971/971
f 970/970/970 974/974/974 972/972/972
f 975/975/975 973/973/973 971/971/971
f 972/972/972 974/974/974 976/976/976
f 977/977/977 973/973/973 975/975/975
f 974/974/974 978/978/978 976/976/976
f 979/979/979 977/977/977 975/975/975
f 976/976/976 978/978/978 980/980/980
f 981/981/981 977/977/977 979/979/979
f 978/978/978 982/982/982 980/980/980
f 983/983/983 981/981/981 979/979/979
f 980/980/980 982/982/982 983/983/983
f 982/982/982 981/981/981 983/983/983
f 986/986/986 985/985/985 984/984/984
f 984/984/984 985/985/985 987/987/987
f 988/988/988 986/986/986 984/984/984
f 985/985/985 989/989/989 987/987/987
f 990/990/990 986/986/986 988/988/988
f 987/987/987 989/989/989 991/991/991
f 992/992/992 990/990/990 988/988/988
f 989/989/989 993/993/993 991/991/991
f 994/994/994 990/990/990 992/992/992
f 991/991/991 993/993/993 995/995/995
f 996/996/996 994/994/994 992/992/992
f 993/993/993 997/997/997 995/995/995
f 998/998/998 994/994/994 996/996/996
f 995/995/995 997/997/997 999/999/999
f 1000/1000/1000 998/998/998 996/996/996
f 997/997/997 1001/1001/1001 999/999/999
f 1002/1002/1002 998/998/998 1000/1000/1000
f 999/999/999 1001/1001/1001 1003/1003/1003
f 1004/1004/1004 1002/1002/1002 1000/1000/1000
f 1001/1001/1001 1005/1005/1005 1003/1003/1003
f 1006/1006/1006 1002/1002/1002 1004/1004/1004
f 1003/1003/1003 1005/1005/1005 1007/1007/1007
f 1008/1008/1008 1006/1006/1006 1004/1004/1004
f 1005/1005/1005 1009/1009/1009 1007/1007/1007
f 1010/1010/1010 1006/1006/1006 1008/1008/1008
f 1007/1007/1007 1009/1009/1009 1011/1011/1011
f 1012/1012/1012 1010/1010/1010 1008/1008/1008
f 1009/1009/1009 1013/1013/1013 1011/1011/1011
f 1014/1014/1014 1010/1010/1010 1012/1012/1012
f 1011/1011/1011 1013/1013/1013 1015/1015/1015
f 1016/1016/1016 1014/1014/1014 1012/1012/1012
f 1013/1013/1013 1017/1017/1017 1015/1015/1015
f 1018/1018/1018 1014/1014/1014 1016/1016/1016
f 1015/1015/1015 1017/1017/1017 1019/1019/1019
f 1019/1019/1019 1018/1018/1018 1016/1016/1016
f 1017/1017/1017 1018/1018/1018 1019/1019/1019
f 1022/1022/1022 1021/1021/1021 1020/1020/1020
f 1023/1023/1023 1022/1022/1022 1020/1020/1020
f 1021/1021/1021 1022/1022/1022 1024/1024/1024
f 1020/1020/1020 1025/1025/1025 1023/1023/1023
f 1020/1020/1020 1021/1021/1021 1026/1026/1026
f 1027/1027/1027 1025/1025/1025 1020/1020/1020
f 1026/1026/1026 1027/1027/1027 1020/1020/1020
f 1021/1021/1021 1028/1028/1028 1026/1026/1026
f 1028/1028/1028 1021/1021/1021 1029/1029/1029
f 1029/1029/1029 1021/1021/1021 1024/1024/1024
f 1030/1030/1030 1028/1028/1028 1029/1029/1029
f 1025/1025/1025 1027/1027/1027 1031/1031/1031
f 1032/1032/1032 1025/1025/1025 1031/1031/1031
f 1031/1031/1031 1027/1027/1027 1033/1033/1033
f 1034/1034/1034 1025/1025/1025 1032/1032/1032
f 1025/1025/1025 1034/1034/1034 1023/1023/1023
f 1035/1035/1035 1034/1034/1034 1032/1032/1032
f 1027/1027/1027 1036/1036/1036 1033/1033/1033
f 1036/1036/1036 1027/1027/1027 1026/1026/1026
f 1033/1033/1033 1036/1036/1036 1037/1037/1037
f 1038/1038/1038 1034/1034/1034 1035/1035/1035
f 1039/1039/1039 1038/1038/1038 1035/1035/1035
f 1023/1023/1023 1034/1034/1034 1040/1040/1040
f 1034/1034/1034 1038/1038/1038 1040/1040/1040
f 1041/1041/1041 1036/1036/1036 1026/1026/1026
f 1026/1026/1026 1042/1042/1042 1041/1041/1041
f 1036/1036/1036 1043/1043/1043 1037/1037/1037
f 1043/1043/1043 1036/1036/1036 1041/1041/1041
f 1037/1037/1037 1043/1043/1043 1044/1044/1044
f 1045/1045/1045 1038/1038/1038 1039/1039/1039
f 1046/1046/1046 1045/1045/1045 1039/1039/1039
f 1040/1040/1040 1047/1047/1047 1023/1023/1023
f 1047/1047/1047 1048/1048/1048 1023/1023/1023
f 1048/1048/1048 1047/1047/1047 1049/1049/1049
f 1024/1024/1024 1048/1048/1048 1049/1049/1049
f 1043/1043/1043 1050/1050/1050 1044/1044/1044
f 1044/1044/1044 1050/1050/1050 1051/1051/1051
f 1040/1040/1040 1038/1038/1038 1052/1052/1052
f 1038/1038/1038 1045/1045/1045 1052/1052/1052
f 1053/1053/1053 1045/1045/1045 1046/1046/1046
f 1054/1054/1054 1053/1053/1053 1046/1046/1046
f 1050/1050/1050 1043/1043/1043 1055/1055/1055
f 1055/1055/1055 1043/1043/1043 1041/1041/1041
f 1050/1050/1050 1056/1056/1056 1051/1051/1051
f 1051/1051/1051 1056/1056/1056 1057/1057/1057
f 1052/1052/1052 1058/1058/1058 1040/1040/1040
f 1058/1058/1058 1059/1059/1059 1040/1040/1040
f 1052/1052/1052 1045/1045/1045 1060/1060/1060
f 1045/1045/1045 1053/1053/1053 1060/1060/1060
f 1061/1061/1061 1053/1053/1053 1054/1054/1054
f 1062/1062/1062 1061/1061/1061 1054/1054/1054
f 1063/1063/1063 1050/1050/1050 1055/1055/1055
f 1056/1056/1056 1050/1050/1050 1063/1063/1063
f 1056/1056/1056 1064/1064/1064 1057/1057/1057
f 1057/1057/1057 1064/1064/1064 1065/1065/1065
f 1059/1059/1059 1058/1058/1058 1066/1066/1066
f 1049/1049/1049 1059/1059/1059 1066/1066/1066
f 1053/1053/1053 1061/1061/1061 1067/1067/1067
f 1060/1060/1060 1053/1053/1053 1067/1067/1067
f 1068/1068/1068 1061/1061/1061 1062/1062/1062
f 1069/1069/1069 1068/1068/1068 1062/1062/1062
f 1064/1064/1064 1056/1056/1056 1070/1070/1070
f 1070/1070/1070 1056/1056/1056 1063/1063/1063
f 1067/1067/1067 1061/1061/1061 1071/1071/1071
f 1061/1061/1061 1068/1068/1068 1071/1071/1071
f 1072/1072/1072 1068/1068/1068 1069/1069/1069
f 1073/1073/1073 1072/1072/1072 1069/1069/1069
f 1071/1071/1071 1068/1068/1068 1074/1074/1074
f 1068/1068/1068 1072/1072/1072 1074/1074/1074
f 1075/1075/1075 1072/1072/1072 1073/1073/1073
f 1076/1076/1076 1075/1075/1075 1073/1073/1073
f 1074/1074/1074 1072/1072/1072 1077/1077/1077
f 1072/1072/1072 1075/1075/1075 1077/1077/1077
f 1078/1078/1078 1075/1075/1075 1076/1076/1076
f 1065/1065/1065 1078/1078/1078 1076/1076/1076
f 1064/1064/1064 1078/1078/1078 1065/1065/1065
f 1075/1075/1075 1078/1078/1078 1079/1079/1079
f 1077/1077/1077 1075/1075/1075 1079/1079/1079
f 1078/1078/1078 1064/1064/1064 1080/1080/1080
f 1079/1079/1079 1078/1078/1078 1080/1080/1080
f 1080/1080/1080 1064/1064/1064 1070/1070/1070
f 1074/1074/1074 1081/1081/1081 1071/1071/1071
f 1081/1081/1081 1082/1082/1082 1071/1071/1071
f 1082/1082/1082 1081/1081/1081 1083/1083/1083
f 1084/1084/1084 1082/1082/1082 1083/1083/1083
f 1077/1077/1077 1085/1085/1085 1074/1074/1074
f 1085/1085/1085 1086/1086/1086 1074/1074/1074
f 1086/1086/1086 1085/1085/1085 1087/1087/1087
f 1083/1083/1083 1086/1086/1086 1087/1087/1087
f 1079/1079/1079 1088/1088/1088 1077/1077/1077
f 1088/1088/1088 1089/1089/1089 1077/1077/1077
f 1089/1089/1089 1088/1088/1088 1090/1090/1090
f 1087/1087/1087 1089/1089/1089 1090/1090/1090
f 1080/1080/1080 1091/1091/1091 1079/1079/1079
f 1091/1091/1091 1092/1092/1092 1079/1079/1079
f 1092/1092/1092 1091/1091/1091 1093/1093/1093
f 1090/1090/1090 1092/1092/1092 1093/1093/1093
f 1094/1094/1094 1084/1084/1084 1083/1083/1083
f 1094/1094/1094 1083/1083/1083 1087/1087/1087
f 1095/1095/1095 1087/1087/1087 1090/1090/1090
f 1095/1095/1095 1094/1094/1094 1087/1087/1087
f 1094/1094/1094 1096/1096/1096 1084/1084/1084
f 1096/1096/1096 1097/1097/1097 1084/1084/1084
f 1097/1097/1097 1096/1096/1096 1067/1067/1067
f 1071/1071/1071 1097/1097/1097 1067/1067/1067
f 1067/1067/1067 1096/1096/1096 1060/1060/1060
f 1098/1098/1098 1096/1096/1096 1094/1094/1094
f 1096/1096/1096 1098/1098/1098 1060/1060/1060
f 1095/1095/1095 1098/1098/1098 1094/1094/1094
f 1060/1060/1060 1098/1098/1098 1052/1052/1052
f 1098/1098/1098 1058/1058/1058 1052/1052/1052
f 1058/1058/1058 1098/1098/1098 1095/1095/1095
f 1066/1066/1066 1058/1058/1058 1095/1095/1095
f 1066/1066/1066 1095/1095/1095 1090/1090/1090
f 1066/1066/1066 1090/1090/1090 1093/1093/1093
f 1049/1049/1049 1066/1066/1066 1093/1093/1093
f 1049/1049/1049 1093/1093/1093 1099/1099/1099
f 1024/1024/1024 1049/1049/1049 1099/1099/1099
f 1093/1093/1093 1100/1100/1100 1099/1099/1099
f 1024/1024/1024 1099/1099/1099 1101/1101/1101
f 1029/1029/1029 1024/1024/1024 1101/1101/1101
f 1100/1100/1100 1102/1102/1102 1099/1099/1099
f 1099/1099/1099 1102/1102/1102 1101/1101/1101
f 1102/1102/1102 1100/1100/1100 1080/1080/1080
f 1070/1070/1070 1102/1102/1102 1080/1080/1080
f 1103/1103/1103 1102/1102/1102 1070/1070/1070
f 1102/1102/1102 1103/1103/1103 1101/1101/1101
f 1063/1063/1063 1103/1103/1103 1070/1070/1070
f 1029/1029/1029 1101/1101/1101 1104/1104/1104
f 1101/1101/1101 1103/1103/1103 1104/1104/1104
f 1030/1030/1030 1029/1029/1029 1104/1104/1104
f 1105/1105/1105 1103/1103/1103 1063/1063/1063
f 1103/1103/1103 1105/1105/1105 1104/1104/1104
f 1055/1055/1055 1105/1105/1105 1063/1063/1063
f 1104/1104/1104 1106/1106/1106 1030/1030/1030
f 1104/1104/1104 1105/1105/1105 1106/1106/1106
f 1107/1107/1107 1105/1105/1105 1055/1055/1055
f 1105/1105/1105 1107/1107/1107 1106/1106/1106
f 1106/1106/1106 1107/1107/1107 1030/1030/1030
f 1041/1041/1041 1107/1107/1107 1055/1055/1055
f 1107/1107/1107 1042/1042/1042 1030/1030/1030
f 1042/1042/1042 1107/1107/1107 1041/1041/1041
f 1110/1110/1110 1109/1109/1109 1108/1108/1108
f 1111/1111/1111 1110/1110/1110 1108/1108/1108
f 1108/1108/1108 1109/1109/1109 1112/1112/1112
f 1113/1113/1113 1110/1110/1110 1111/1111/1111
f 1109/1109/1109 1114/1114/1114 1112/1112/1112
f 1115/1115/1115 1113/1113/1113 1111/1111/1111
f 1112/1112/1112 1114/1114/1114 1115/1115/1115
f 1114/1114/1114 1113/1113/1113 1115/1115/1115
