g The Wheel cockpit
v -1.5705951 0.66 -0.6505621
v -1.910542 0.66 -0.87770736
v -1.5420285 0.6600001 -1.429227
v -1.2020816 0.6600001 -1.2020818
v 0.65056187 0.6600001 -1.5705954
v 0.8777071 0.6600001 -1.9105422
v 1.4292268 0.6600001 -1.5420287
v 1.2020816 0.6600001 -1.2020818
v -0 -0.6600001 1.6999998
v 0.079762876 -0.6600001 2.1009946
v 0.73032475 -0.6600001 1.9715896
v 0.65056187 -0.6600001 1.5705949
v 1.5705951 0.66 0.65056163
v 1.9105421 0.66 0.8777069
v 1.5420284 0.65999997 1.4292265
v 1.2020816 0.65999997 1.2020813
v 0.65056187 -0.6600001 1.5705949
v 0.73032475 -0.6600001 1.9715896
v 0.73032475 0.65999997 1.9715896
v 0.65056187 0.65999997 1.5705949
v -1.5705951 -0.66 0.65056163
v -1.9715898 -0.66 0.7303245
v -1.9715898 0.66 0.7303245
v -1.5705951 0.66 0.65056163
v -0.65056187 0.65999997 1.5705949
v -0.8777071 0.65999997 1.9105418
v -1.4292268 0.65999997 1.5420282
v -1.2020816 0.65999997 1.2020813
v -1.2020816 0.65999997 1.2020813
v -1.4292268 0.65999997 1.5420282
v -1.4292268 -0.6600001 1.5420282
v -1.2020816 -0.6600001 1.2020813
v 1.7 -0.66 -2.7844396E-07
v 2.1009948 -0.66 -0.07976316
v 1.9715898 -0.66 -0.730325
v 1.5705951 -0.66 -0.6505621
v -0.65056187 -0.65999997 -1.5705954
v -0.73032475 -0.65999997 -1.97159
v -0.73032475 0.6600001 -1.97159
v -0.65056187 0.6600001 -1.5705954
v -1.7 -0.66 -2.7844396E-07
v -2.1009948 -0.66 0.079762585
v -1.9715898 -0.66 0.7303245
v -1.5705951 -0.66 0.65056163
v -0 0.65999997 1.6999998
v 0.079762876 0.65999997 2.1009946
v 0.079762876 -0.6600001 2.1009946
v -0 -0.6600001 1.6999998
v -0.65056187 0.6600001 -1.5705954
v -0.73032475 0.6600001 -1.97159
v -0.079762876 0.6600001 -2.100995
v -0 0.6600001 -1.7000003
v 1.2020816 0.65999997 1.2020813
v 1.5420284 0.65999997 1.4292265
v 1.5420285 -0.6600001 1.4292265
v 1.2020816 -0.6600001 1.2020813
v -0 -0.65999997 -1.7000003
v -0.079762876 -0.65999997 -2.100995
v -0.73032475 -0.65999997 -1.97159
v -0.65056187 -0.65999997 -1.5705954
v -1.2020816 0.6600001 -1.2020818
v -1.5420285 0.6600001 -1.429227
v -1.5420284 -0.65999997 -1.429227
v -1.2020816 -0.65999997 -1.2020818
v 1.2020816 0.6600001 -1.2020818
v 1.4292268 0.6600001 -1.5420287
v 1.4292268 -0.65999997 -1.5420287
v 1.2020816 -0.65999997 -1.2020818
v 1.5705951 -0.66 0.65056163
v 1.910542 -0.66 0.8777069
v 1.9105421 0.66 0.8777069
v 1.5705951 0.66 0.65056163
v 1.5705951 0.66 -0.6505621
v 1.9715898 0.66 -0.730325
v 2.1009948 0.66 -0.0797631
v 1.7 0.66 -2.2074494E-07
v -1.4292268 0.65999997 1.5420282
v -0.8777071 0.65999997 1.9105418
v -0.8777071 -0.6600001 1.9105418
v -1.4292268 -0.6600001 1.5420282
v -1.5705951 0.66 0.65056163
v -1.9715898 0.66 0.7303245
v -2.1009948 0.66 0.07976264
v -1.7 0.66 -2.2074494E-07
v -2.1009948 0.66 0.07976264
v -1.9715898 0.66 0.7303245
v -1.9715898 -0.66 0.7303245
v -2.1009948 -0.66 0.079762585
v -1.5705951 -0.66 -0.6505621
v -1.9105421 -0.66 -0.87770736
v -1.910542 0.66 -0.87770736
v -1.5705951 0.66 -0.6505621
v 0.65056187 -0.65999997 -1.5705954
v 0.8777071 -0.65999997 -1.9105422
v 0.8777071 0.6600001 -1.9105422
v 0.65056187 0.6600001 -1.5705954
v -1.5420285 0.6600001 -1.429227
v -1.910542 0.66 -0.87770736
v -1.9105421 -0.66 -0.87770736
v -1.5420284 -0.65999997 -1.429227
v -0.65056187 -0.6600001 1.5705949
v -0.8777071 -0.6600001 1.9105418
v -0.8777071 0.65999997 1.9105418
v -0.65056187 0.65999997 1.5705949
v -0.079762876 0.6600001 -2.100995
v -0.73032475 0.6600001 -1.97159
v -0.73032475 -0.65999997 -1.97159
v -0.079762876 -0.65999997 -2.100995
v 1.2020816 -0.6600001 1.2020813
v 1.5420285 -0.6600001 1.4292265
v 1.910542 -0.66 0.8777069
v 1.5705951 -0.66 0.65056163
v 1.2020816 -0.65999997 -1.2020818
v 1.4292268 -0.65999997 -1.5420287
v 0.8777071 -0.65999997 -1.9105422
v 0.65056187 -0.65999997 -1.5705954
v 1.4292268 0.6600001 -1.5420287
v 0.8777071 0.6600001 -1.9105422
v 0.8777071 -0.65999997 -1.9105422
v 1.4292268 -0.65999997 -1.5420287
v -1.2020816 -0.6600001 1.2020813
v -1.4292268 -0.6600001 1.5420282
v -0.8777071 -0.6600001 1.9105418
v -0.65056187 -0.6600001 1.5705949
v 2.1009948 0.66 -0.0797631
v 1.9715898 0.66 -0.730325
v 1.9715898 -0.66 -0.730325
v 2.1009948 -0.66 -0.07976316
v -1.2020816 -0.65999997 -1.2020818
v -1.5420284 -0.65999997 -1.429227
v -1.9105421 -0.66 -0.87770736
v -1.5705951 -0.66 -0.6505621
v 1.7 0.66 -2.2074494E-07
v 2.1009948 0.66 -0.0797631
v 2.1009948 -0.66 -0.07976316
v 1.7 -0.66 -2.7844396E-07
v 1.5420284 0.65999997 1.4292265
v 1.9105421 0.66 0.8777069
v 1.910542 -0.66 0.8777069
v 1.5420285 -0.6600001 1.4292265
v -0 0.65999997 1.6999998
v 0.65056187 0.8517673 1.5705949
v 0.65056187 0.65999997 1.5705949
v -0 0.8517673 1.6999998
v 0.65056187 1.1089103 1.5705949
v -0 1.1089103 1.6999998
v 0.079762876 0.65999997 2.1009946
v 0.73032475 0.65999997 1.9715896
v 0.73032475 -0.6600001 1.9715896
v 0.079762876 -0.6600001 2.1009946
v 0.65056187 0.65999997 1.5705949
v 0.73032475 0.65999997 1.9715896
v 0.079762876 0.65999997 2.1009946
v -0 0.65999997 1.6999998
v 1.5705951 -0.66 -0.6505621
v 1.9715898 -0.66 -0.730325
v 1.9715898 0.66 -0.730325
v 1.5705951 0.66 -0.6505621
v -1.7 0.66 -2.2074494E-07
v -2.1009948 0.66 0.07976264
v -2.1009948 -0.66 0.079762585
v -1.7 -0.66 -2.7844396E-07
v -1.5705951 0.66 0.65056163
v -1.5705951 0.8517673 0.65056163
v -1.2020816 0.85176724 1.2020813
v -1.2020816 0.65999997 1.2020813
v -1.2020816 -0.6600001 1.2020813
v -1.5705951 -0.66 0.65056163
v -1.5705951 -0.8517673 0.65056163
v -1.2020816 -0.85176736 1.2020813
v -0 0.6600001 -1.7000003
v -0.079762876 0.6600001 -2.100995
v -0.079762876 -0.65999997 -2.100995
v -0 -0.65999997 -1.7000003
v 1.5705951 0.66 -0.6505621
v 1.5705951 0.8517673 -0.6505621
v 1.2020816 0.85176736 -1.2020818
v 1.2020816 0.6600001 -1.2020818
v 1.2020816 -0.65999997 -1.2020818
v 1.5705951 -0.66 -0.6505621
v 1.5705951 -0.8517673 -0.6505621
v 1.2020816 -0.85176724 -1.2020818
v -1.5705951 -0.66 -0.6505621
v -1.2020816 -0.85176724 -1.2020818
v -1.2020816 -0.65999997 -1.2020818
v -1.5705951 -0.8517673 -0.6505621
v -1.2020816 -1.1089103 -1.2020818
v -1.5705951 -1.1089103 -0.6505621
v 1.5705951 -0.66 0.65056163
v 1.2020816 -0.85176736 1.2020813
v 1.2020816 -0.6600001 1.2020813
v 1.5705951 -0.8517673 0.65056163
v 1.2020816 -1.1089103 1.2020813
v 1.5705951 -1.1089103 0.65056163
v -0 0.6600001 -1.7000003
v -0.65056187 0.8517674 -1.5705954
v -0.65056187 0.6600001 -1.5705954
v -0 0.8517674 -1.7000003
v -0.65056187 1.1089104 -1.5705954
v -0 1.1089104 -1.7000003
v 0.65056187 -0.6600001 1.5705949
v -0 -0.8517674 1.6999998
v -0 -0.6600001 1.6999998
v 0.65056187 -0.8517674 1.5705949
v -0 -1.1089104 1.6999998
v 0.65056187 -1.1089104 1.5705949
v -1.5705951 0.66 -0.6505621
v -1.5705951 0.8517673 -0.6505621
v -1.7 0.8517673 -2.1363951E-07
v -1.7 0.66 -2.2074494E-07
v -1.7 -0.66 -2.7844396E-07
v -1.5705951 -0.66 -0.6505621
v -1.5705951 -0.8517673 -0.6505621
v -1.7 -0.8517673 -2.8684127E-07
v 1.5705951 0.66 0.65056163
v 1.5705951 0.8517673 0.65056163
v 1.7 0.8517673 -2.1363951E-07
v 1.7 0.66 -2.2074494E-07
v 1.7 -0.66 -2.7844396E-07
v 1.5705951 -0.66 0.65056163
v 1.5705951 -0.8517673 0.65056163
v 1.7 -0.8517673 -2.8684127E-07
v -0.65056187 -0.65999997 -1.5705954
v -0 -0.8517673 -1.7000003
v -0 -0.65999997 -1.7000003
v -0.65056187 -0.8517673 -1.5705954
v -0 -1.1089103 -1.7000003
v -0.65056187 -1.1089103 -1.5705954
v -1.2020816 0.65999997 1.2020813
v -0.65056187 0.8517673 1.5705949
v -0.65056187 0.65999997 1.5705949
v -1.2020816 0.85176724 1.2020813
v -0.65056187 1.1089103 1.5705949
v -1.2020816 1.1089103 1.2020813
v 1.2020816 0.6600001 -1.2020818
v 0.65056187 0.8517674 -1.5705954
v 0.65056187 0.6600001 -1.5705954
v 1.2020816 0.85176736 -1.2020818
v 0.65056187 1.1089104 -1.5705954
v 1.2020816 1.1089103 -1.2020818
v -0.65056187 0.6600001 -1.5705954
v -0.65056187 0.8517674 -1.5705954
v -1.2020816 0.85176736 -1.2020818
v -1.2020816 0.6600001 -1.2020818
v -1.2020816 -0.65999997 -1.2020818
v -0.65056187 -0.65999997 -1.5705954
v -0.65056187 -0.8517673 -1.5705954
v -1.2020816 -0.85176724 -1.2020818
v -0.65056187 -0.6600001 1.5705949
v -1.2020816 -0.85176736 1.2020813
v -1.2020816 -0.6600001 1.2020813
v -0.65056187 -0.8517674 1.5705949
v -1.2020816 -1.1089103 1.2020813
v -0.65056187 -1.1089104 1.5705949
v 0.65056187 0.65999997 1.5705949
v 0.65056187 0.8517673 1.5705949
v 1.2020816 0.85176724 1.2020813
v 1.2020816 0.65999997 1.2020813
v 1.2020816 -0.6600001 1.2020813
v 0.65056187 -0.6600001 1.5705949
v 0.65056187 -0.8517674 1.5705949
v 1.2020816 -0.85176736 1.2020813
v 0.65056187 -0.65999997 -1.5705954
v 1.2020816 -0.85176724 -1.2020818
v 1.2020816 -0.65999997 -1.2020818
v 0.65056187 -0.8517673 -1.5705954
v 1.2020816 -1.1089103 -1.2020818
v 0.65056187 -1.1089103 -1.5705954
v -1.7 0.66 -2.2074494E-07
v -1.5705951 0.8517673 0.65056163
v -1.5705951 0.66 0.65056163
v -1.7 0.8517673 -2.1363951E-07
v -1.5705951 1.1089103 0.65056163
v -1.7 1.1089103 -2.1363951E-07
v 1.7 0.66 -2.2074494E-07
v 1.5705951 0.8517673 -0.6505621
v 1.5705951 0.66 -0.6505621
v 1.7 0.8517673 -2.1363951E-07
v 1.5705951 1.1089103 -0.6505621
v 1.7 1.1089103 -2.1363951E-07
v -0.65056187 0.65999997 1.5705949
v -0.65056187 0.8517673 1.5705949
v -0 0.8517673 1.6999998
v -0 0.65999997 1.6999998
v -0 -0.6600001 1.6999998
v -0.65056187 -0.6600001 1.5705949
v -0.65056187 -0.8517674 1.5705949
v -0 -0.8517674 1.6999998
v 0.65056187 0.6600001 -1.5705954
v 0.65056187 0.8517674 -1.5705954
v -0 0.8517674 -1.7000003
v -0 0.6600001 -1.7000003
v -0 -0.65999997 -1.7000003
v 0.65056187 -0.65999997 -1.5705954
v 0.65056187 -0.8517673 -1.5705954
v -0 -0.8517673 -1.7000003
v -1.5705951 -0.66 0.65056163
v -1.7 -0.8517673 -2.8684127E-07
v -1.7 -0.66 -2.7844396E-07
v -1.5705951 -0.8517673 0.65056163
v -1.7 -1.1089103 -2.8684127E-07
v -1.5705951 -1.1089103 0.65056163
v 1.5705951 -0.66 -0.6505621
v 1.7 -0.8517673 -2.8684127E-07
v 1.7 -0.66 -2.7844396E-07
v 1.5705951 -0.8517673 -0.6505621
v 1.7 -1.1089103 -2.8684127E-07
v 1.5705951 -1.1089103 -0.6505621
v -1.2020816 0.6600001 -1.2020818
v -1.5705951 0.8517673 -0.6505621
v -1.5705951 0.66 -0.6505621
v -1.2020816 0.85176736 -1.2020818
v -1.5705951 1.1089103 -0.6505621
v -1.2020816 1.1089103 -1.2020818
v 1.2020816 0.65999997 1.2020813
v 1.5705951 0.8517673 0.65056163
v 1.5705951 0.66 0.65056163
v 1.2020816 0.85176724 1.2020813
v 1.5705951 1.1089103 0.65056163
v 1.2020816 1.1089103 1.2020813
v -1.4406958 0.8517673 -2.1363951E-07
v -1.4406958 1.1089103 -2.1363951E-07
v -1.7 1.1089103 -2.1363951E-07
v -1.7 0.8517673 -2.1363951E-07
v -1.0187258 -0.85176736 1.0187255
v -1.0187258 -1.1089103 1.0187255
v -0.5513304 -1.1089104 1.3310289
v -0.5513304 -0.8517674 1.3310289
v 1.0187258 0.85176724 1.0187255
v 1.2020816 0.85176724 1.2020813
v 0.65056187 0.8517673 1.5705949
v 0.55133045 0.8517673 1.3310289
v 0.8170267 0.85176724 0.81702644
v 0.4421717 0.8517673 1.0674964
v 1.0674967 0.8517673 0.4421714
v -0 0.8517673 1.4406955
v 1.3310292 0.8517673 0.55133015
v 1.1554502 0.8517673 -2.158064E-07
v 2.1668816E-09 0.8517673 1.15545
v 1.4406958 0.8517673 -2.1363951E-07
v 1.5705951 0.8517673 0.65056163
v 1.7 0.8517673 -2.1363951E-07
v 1.0674967 0.8517673 -0.44217193
v 1.3310292 0.8517673 -0.5513307
v 0.8170267 0.85176736 -0.8170269
v 1.0187258 0.85176736 -1.018726
v 1.5705951 0.8517673 -0.6505621
v 1.2020816 0.85176736 -1.2020818
v 0.44217163 0.8517674 -1.0674969
v 0.5513304 0.8517674 -1.3310294
v -2.1668816E-09 0.8517674 -1.1554505
v -0 0.8517674 -1.440696
v 0.65056187 0.8517674 -1.5705954
v -0 0.8517674 -1.7000003
v -0.4421717 0.8517674 -1.0674969
v -0.55133045 0.8517674 -1.3310294
v -0.8170267 0.85176736 -0.8170269
v -1.0187258 0.85176736 -1.018726
v -0.65056187 0.8517674 -1.5705954
v -1.2020816 0.85176736 -1.2020818
v -1.0674967 0.8517673 -0.44217187
v -1.3310292 0.8517673 -0.5513306
v -1.1554502 0.8517673 -2.1147262E-07
v -1.4406958 0.8517673 -2.1363951E-07
v -1.5705951 0.8517673 -0.6505621
v -1.7 0.8517673 -2.1363951E-07
v -1.0674967 0.8517673 0.44217145
v -1.3310292 0.8517673 0.5513302
v -0.8170267 0.85176724 0.81702644
v -1.0187258 0.85176724 1.0187255
v -1.5705951 0.8517673 0.65056163
v -1.2020816 0.85176724 1.2020813
v -0.44217163 0.8517673 1.0674964
v -0.5513304 0.8517673 1.3310289
v -0.65056187 0.8517673 1.5705949
v -0 0.8517673 1.6999998
v 0.55133045 -0.8517674 1.3310289
v 0.65056187 -0.8517674 1.5705949
v 1.2020816 -0.85176736 1.2020813
v 1.0187258 -0.85176736 1.0187255
v 0.4421717 -0.8517674 1.0674964
v 4.3337627E-09 -0.8517674 1.15545
v 0.8170267 -0.85176736 0.81702644
v -0 -0.8517674 1.4406955
v 1.3310292 -0.8517673 0.55133015
v -0.44217163 -0.8517674 1.0674964
v 1.0674967 -0.8517673 0.4421714
v -0.5513304 -0.8517674 1.3310289
v -0 -0.8517674 1.6999998
v -0.65056187 -0.8517674 1.5705949
v -0.8170267 -0.85176736 0.81702644
v -1.0187258 -0.85176736 1.0187255
v -1.0674967 -0.8517673 0.44217145
v -1.3310292 -0.8517673 0.5513302
v -1.2020816 -0.85176736 1.2020813
v -1.5705951 -0.8517673 0.65056163
v -1.1554501 -0.8517673 -2.7640098E-07
v -1.4406958 -0.8517673 -2.8290162E-07
v -1.0674967 -0.8517673 -0.44217187
v -1.3310292 -0.8517673 -0.5513306
v -1.7 -0.8517673 -2.8684127E-07
v -1.5705951 -0.8517673 -0.6505621
v -0.8170267 -0.85176724 -0.8170269
v -1.0187258 -0.85176724 -1.018726
v -0.4421717 -0.8517673 -1.0674969
v -0.55133045 -0.8517673 -1.3310294
v -1.2020816 -0.85176724 -1.2020818
v -0.65056187 -0.8517673 -1.5705954
v -4.3337627E-09 -0.8517673 -1.1554505
v -0 -0.8517673 -1.440696
v 0.44217163 -0.8517673 -1.0674969
v 0.5513304 -0.8517673 -1.3310294
v -0 -0.8517673 -1.7000003
v 0.65056187 -0.8517673 -1.5705954
v 0.8170267 -0.85176724 -0.8170269
v 1.0187258 -0.85176724 -1.018726
v 1.0674967 -0.8517673 -0.44217193
v 1.3310292 -0.8517673 -0.5513307
v 1.2020816 -0.85176724 -1.2020818
v 1.5705951 -0.8517673 -0.6505621
v 1.1554502 -0.8517673 -2.7856785E-07
v 1.4406958 -0.8517673 -2.8290162E-07
v 1.7 -0.8517673 -2.8684127E-07
v 1.5705951 -0.8517673 0.65056163
v -1.3310292 -0.8517673 -0.5513306
v -1.3310292 -1.1089103 -0.5513306
v -1.5705951 -1.1089103 -0.6505621
v -1.5705951 -0.8517673 -0.6505621
v -0.5513304 0.8517673 1.3310289
v -0.5513304 1.1089103 1.3310289
v -1.0187258 1.1089102 1.0187255
v -1.0187258 0.85176724 1.0187255
v -1.5705951 0.8517673 -0.6505621
v -1.5705951 1.1089103 -0.6505621
v -1.3310292 1.1089103 -0.5513306
v -1.3310292 0.8517673 -0.5513306
v -0 -0.8517674 1.4406955
v -0 -1.1089104 1.4406955
v 0.55133045 -1.1089104 1.3310289
v 0.55133045 -0.8517674 1.3310289
v -1.2020816 -0.85176724 -1.2020818
v -1.2020816 -1.1089103 -1.2020818
v -1.0187258 -1.1089102 -1.018726
v -1.0187258 -0.85176724 -1.018726
v 0.55133045 0.8517673 1.3310289
v 0.55133045 1.1089103 1.3310289
v -0 1.1089103 1.4406955
v -0 0.8517673 1.4406955
v -1.0187258 0.85176736 -1.018726
v -1.0187258 1.1089103 -1.018726
v -1.2020816 1.1089103 -1.2020818
v -1.2020816 0.85176736 -1.2020818
v -1.4406958 -0.8517673 -2.8290162E-07
v -1.4406958 -1.1089103 -2.8290162E-07
v -1.3310292 -1.1089103 0.5513302
v -1.3310292 -0.8517673 0.5513302
v -0.55133045 -0.8517673 -1.3310294
v -0.55133045 -1.1089103 -1.3310294
v -0.65056187 -1.1089103 -1.5705954
v -0.65056187 -0.8517673 -1.5705954
v -1.3310292 0.8517673 0.5513302
v -1.3310292 1.1089103 0.5513302
v -1.4406958 1.1089103 -2.1363951E-07
v -1.4406958 0.8517673 -2.1363951E-07
v -0.65056187 0.8517674 -1.5705954
v -0.65056187 1.1089104 -1.5705954
v -0.55133045 1.1089104 -1.3310294
v -0.55133045 0.8517674 -1.3310294
v 0.55133045 1.1089103 1.3310289
v 0.65056187 1.1089103 1.5705949
v -0 1.1089103 1.6999998
v -0 1.1089103 1.4406955
v -0 -1.1089104 1.4406955
v -0 -1.1089104 1.6999998
v 0.65056187 -1.1089104 1.5705949
v 0.55133045 -1.1089104 1.3310289
v 1.3310292 1.1089103 0.55133015
v 1.5705951 1.1089103 0.65056163
v 1.2020816 1.1089103 1.2020813
v 1.0187258 1.1089102 1.0187255
v 1.0187258 -1.1089103 1.0187255
v 1.2020816 -1.1089103 1.2020813
v 1.5705951 -1.1089103 0.65056163
v 1.3310292 -1.1089103 0.55133015
v 1.3310292 1.1089103 -0.5513307
v 1.5705951 1.1089103 -0.6505621
v 1.7 1.1089103 -2.1363951E-07
v 1.4406958 1.1089103 -2.1363951E-07
v 1.4406958 -1.1089103 -2.8290162E-07
v 1.7 -1.1089103 -2.8684127E-07
v 1.5705951 -1.1089103 -0.6505621
v 1.3310292 -1.1089103 -0.5513307
v 0.5513304 1.1089104 -1.3310294
v 0.65056187 1.1089104 -1.5705954
v 1.2020816 1.1089103 -1.2020818
v 1.0187258 1.1089103 -1.018726
v 1.0187258 -1.1089102 -1.018726
v 1.2020816 -1.1089103 -1.2020818
v 0.65056187 -1.1089103 -1.5705954
v 0.5513304 -1.1089103 -1.3310294
v -0.55133045 1.1089104 -1.3310294
v -0.65056187 1.1089104 -1.5705954
v -0 1.1089104 -1.7000003
v -0 1.1089104 -1.440696
v -0 -1.1089103 -1.440696
v -0 -1.1089103 -1.7000003
v -0.65056187 -1.1089103 -1.5705954
v -0.55133045 -1.1089103 -1.3310294
v -1.3310292 1.1089103 -0.5513306
v -1.5705951 1.1089103 -0.6505621
v -1.2020816 1.1089103 -1.2020818
v -1.0187258 1.1089103 -1.018726
v -1.0187258 -1.1089102 -1.018726
v -1.2020816 -1.1089103 -1.2020818
v -1.5705951 -1.1089103 -0.6505621
v -1.3310292 -1.1089103 -0.5513306
v -1.3310292 1.1089103 0.5513302
v -1.5705951 1.1089103 0.65056163
v -1.7 1.1089103 -2.1363951E-07
v -1.4406958 1.1089103 -2.1363951E-07
v -1.4406958 -1.1089103 -2.8290162E-07
v -1.7 -1.1089103 -2.8684127E-07
v -1.5705951 -1.1089103 0.65056163
v -1.3310292 -1.1089103 0.5513302
v -0.5513304 1.1089103 1.3310289
v -0.65056187 1.1089103 1.5705949
v -1.2020816 1.1089103 1.2020813
v -1.0187258 1.1089102 1.0187255
v -1.0187258 -1.1089103 1.0187255
v -1.2020816 -1.1089103 1.2020813
v -0.65056187 -1.1089104 1.5705949
v -0.5513304 -1.1089104 1.3310289
v 1.3310292 0.8517673 0.55133015
v 1.3310292 1.1089103 0.55133015
v 1.0187258 1.1089102 1.0187255
v 1.0187258 0.85176724 1.0187255
v -1.7 -0.8517673 -2.8684127E-07
v -1.7 -1.1089103 -2.8684127E-07
v -1.4406958 -1.1089103 -2.8290162E-07
v -1.4406958 -0.8517673 -2.8290162E-07
v 1.0187258 -0.85176736 1.0187255
v 1.0187258 -1.1089103 1.0187255
v 1.3310292 -1.1089103 0.55133015
v 1.3310292 -0.8517673 0.55133015
v -1.5705951 0.8517673 0.65056163
v -1.5705951 1.1089103 0.65056163
v -1.3310292 1.1089103 0.5513302
v -1.3310292 0.8517673 0.5513302
v 0.65056187 0.8517673 1.5705949
v 0.65056187 1.1089103 1.5705949
v 0.55133045 1.1089103 1.3310289
v 0.55133045 0.8517673 1.3310289
v -1.3310292 -0.8517673 0.5513302
v -1.3310292 -1.1089103 0.5513302
v -1.5705951 -1.1089103 0.65056163
v -1.5705951 -0.8517673 0.65056163
v -0 0.8517673 1.4406955
v -0 1.1089103 1.4406955
v -0 1.1089103 1.6999998
v -0 0.8517673 1.6999998
v -1.0187258 0.85176724 1.0187255
v -1.0187258 1.1089102 1.0187255
v -1.2020816 1.1089103 1.2020813
v -1.2020816 0.85176724 1.2020813
v -0 -0.8517674 1.6999998
v -0 -1.1089104 1.6999998
v -0 -1.1089104 1.4406955
v -0 -0.8517674 1.4406955
v 1.3310292 0.8517673 -0.5513307
v 1.3310292 1.1089103 -0.5513307
v 1.4406958 1.1089103 -2.1363951E-07
v 1.4406958 0.8517673 -2.1363951E-07
v -1.2020816 -0.85176736 1.2020813
v -1.2020816 -1.1089103 1.2020813
v -1.0187258 -1.1089103 1.0187255
v -1.0187258 -0.85176736 1.0187255
v 0.55133045 -0.8517674 1.3310289
v 0.55133045 -1.1089104 1.3310289
v 0.65056187 -1.1089104 1.5705949
v 0.65056187 -0.8517674 1.5705949
v 1.4406958 -0.8517673 -2.8290162E-07
v 1.4406958 -1.1089103 -2.8290162E-07
v 1.3310292 -1.1089103 -0.5513307
v 1.3310292 -0.8517673 -0.5513307
v -0.65056187 0.8517673 1.5705949
v -0.65056187 1.1089103 1.5705949
v -0.5513304 1.1089103 1.3310289
v -0.5513304 0.8517673 1.3310289
v 1.0187258 0.85176724 1.0187255
v 1.0187258 1.1089102 1.0187255
v 1.2020816 1.1089103 1.2020813
v 1.2020816 0.85176724 1.2020813
v -0.5513304 -0.8517674 1.3310289
v -0.5513304 -1.1089104 1.3310289
v -0.65056187 -1.1089104 1.5705949
v -0.65056187 -0.8517674 1.5705949
v 1.2020816 -0.85176736 1.2020813
v 1.2020816 -1.1089103 1.2020813
v 1.0187258 -1.1089103 1.0187255
v 1.0187258 -0.85176736 1.0187255
v 1.5705951 0.8517673 0.65056163
v 1.5705951 1.1089103 0.65056163
v 1.3310292 1.1089103 0.55133015
v 1.3310292 0.8517673 0.55133015
v 0.5513304 0.8517674 -1.3310294
v 0.5513304 1.1089104 -1.3310294
v 1.0187258 1.1089103 -1.018726
v 1.0187258 0.85176736 -1.018726
v 1.3310292 -0.8517673 0.55133015
v 1.3310292 -1.1089103 0.55133015
v 1.5705951 -1.1089103 0.65056163
v 1.5705951 -0.8517673 0.65056163
v 1.0187258 -0.85176724 -1.018726
v 1.0187258 -1.1089102 -1.018726
v 0.5513304 -1.1089103 -1.3310294
v 0.5513304 -0.8517673 -1.3310294
v 1.4406958 0.8517673 -2.1363951E-07
v 1.4406958 1.1089103 -2.1363951E-07
v 1.7 1.1089103 -2.1363951E-07
v 1.7 0.8517673 -2.1363951E-07
v 1.7 -0.8517673 -2.8684127E-07
v 1.7 -1.1089103 -2.8684127E-07
v 1.4406958 -1.1089103 -2.8290162E-07
v 1.4406958 -0.8517673 -2.8290162E-07
v 1.5705951 0.8517673 -0.6505621
v 1.5705951 1.1089103 -0.6505621
v 1.3310292 1.1089103 -0.5513307
v 1.3310292 0.8517673 -0.5513307
v -0.55133045 0.8517674 -1.3310294
v -0.55133045 1.1089104 -1.3310294
v -0 1.1089104 -1.440696
v -0 0.8517674 -1.440696
v 1.3310292 -0.8517673 -0.5513307
v 1.3310292 -1.1089103 -0.5513307
v 1.5705951 -1.1089103 -0.6505621
v 1.5705951 -0.8517673 -0.6505621
v -0 -0.8517673 -1.440696
v -0 -1.1089103 -1.440696
v -0.55133045 -1.1089103 -1.3310294
v -0.55133045 -0.8517673 -1.3310294
v 1.0187258 0.85176736 -1.018726
v 1.0187258 1.1089103 -1.018726
v 1.2020816 1.1089103 -1.2020818
v 1.2020816 0.85176736 -1.2020818
v 1.2020816 -0.85176724 -1.2020818
v 1.2020816 -1.1089103 -1.2020818
v 1.0187258 -1.1089102 -1.018726
v 1.0187258 -0.85176724 -1.018726
v 0.65056187 0.8517674 -1.5705954
v 0.65056187 1.1089104 -1.5705954
v 0.5513304 1.1089104 -1.3310294
v 0.5513304 0.8517674 -1.3310294
v -1.3310292 0.8517673 -0.5513306
v -1.3310292 1.1089103 -0.5513306
v -1.0187258 1.1089103 -1.018726
v -1.0187258 0.85176736 -1.018726
v 0.5513304 -0.8517673 -1.3310294
v 0.5513304 -1.1089103 -1.3310294
v 0.65056187 -1.1089103 -1.5705954
v 0.65056187 -0.8517673 -1.5705954
v -1.0187258 -0.85176724 -1.018726
v -1.0187258 -1.1089102 -1.018726
v -1.3310292 -1.1089103 -0.5513306
v -1.3310292 -0.8517673 -0.5513306
v -0 0.8517674 -1.440696
v -0 1.1089104 -1.440696
v -0 1.1089104 -1.7000003
v -0 0.8517674 -1.7000003
v -0 -0.8517673 -1.7000003
v -0 -1.1089103 -1.7000003
v -0 -1.1089103 -1.440696
v -0 -0.8517673 -1.440696
v 0.27691612 -0.94943976 -0.66853493
v -2.7353448E-08 -0.9494398 -0.7236171
v -0.27691615 -0.94943976 -0.66853493
v 0.5116743 -0.94943976 -0.51167464
v -0.5116743 -0.94943976 -0.5116747
v -0.6685345 -0.94943976 -0.2769165
v 0.6685346 -0.94943976 -0.2769165
v 0.7236167 -0.9494397 -3.8891434E-07
v -0.7236166 -0.94943976 -3.7690614E-07
v 0.6685346 -0.94943976 0.27691576
v -0.6685345 -0.94943976 0.27691585
v 0.5116743 -0.94943976 0.511674
v -0.51167434 -0.9494398 0.51167387
v -0.2769161 -0.9494399 0.6685342
v 0.27691615 -0.9494399 0.6685342
v -7.2302044E-09 -0.9494398 0.72361636
v -0.2769162 0.9494399 -0.66853476
v -2.0875476E-08 0.94943994 -0.7236169
v 0.27691606 0.9494399 -0.6685347
v -0.5116743 0.94943976 -0.51167446
v 0.51167434 0.9494398 -0.5116744
v -0.6685346 0.94943976 -0.2769163
v 0.6685346 0.94943976 -0.27691635
v 0.7236167 0.9494397 -1.9477915E-07
v -0.7236167 0.9494397 -1.7895522E-07
v 0.6685346 0.94943976 0.27691594
v -0.6685346 0.94943976 0.27691597
v 0.5116742 0.9494396 0.51167417
v -0.5116743 0.9494398 0.5116741
v -0.27691612 0.94943976 0.6685344
v 0.27691612 0.94943976 0.6685344
v -5.085994E-09 0.9494397 0.72361654
v 0.2769161 1.5255431 -0.66853464
v -2.0875476E-08 0.94943994 -0.7236169
v -4.0979966E-09 1.5255431 -0.72361684
v 0.27691606 0.9494399 -0.6685347
v -0.2769162 0.9494399 -0.66853476
v 0.51167434 1.525543 -0.51167434
v -0.27691618 1.5255431 -0.6685347
v 0.51167434 0.9494398 -0.5116744
v -0.5116743 0.94943976 -0.51167446
v 0.6685346 1.525543 -0.27691633
v -0.5116743 1.525543 -0.5116744
v 0.6685346 0.94943976 -0.27691635
v -0.6685346 0.94943976 -0.2769163
v 0.7236167 1.5255429 -1.626481E-07
v -0.6685346 1.525543 -0.27691627
v 0.7236167 0.9494397 -1.9477915E-07
v -0.7236167 0.9494397 -1.7895522E-07
v 0.6685346 1.525543 0.27691597
v -0.7236167 1.5255429 -1.4682416E-07
v 0.6685346 0.94943976 0.27691594
v -0.6685346 0.94943976 0.27691597
v 0.5116742 1.5255427 0.5116742
v -0.6685346 1.525543 0.276916
v 0.5116742 0.9494396 0.51167417
v -0.5116743 0.9494398 0.5116741
v 0.27691615 1.525543 0.66853446
v -0.5116743 1.525543 0.51167417
v 0.27691612 0.94943976 0.6685344
v -0.27691612 0.94943976 0.6685344
v 1.1691485E-08 1.5255429 0.7236166
v -0.2769161 1.525543 0.66853446
v -5.085994E-09 0.9494397 0.72361654
v -0.51167434 -1.525543 0.5116739
v -0.51167434 -0.9494398 0.51167387
v -0.6685345 -0.94943976 0.27691585
v -0.6685345 -1.525543 0.2769159
v -0.2769161 -1.5255431 0.6685343
v -0.7236166 -0.94943976 -3.7690614E-07
v -0.2769161 -0.9494399 0.6685342
v -0.7236166 -1.525543 -3.233544E-07
v 4.63327E-09 -1.525543 0.7236164
v -0.6685345 -0.94943976 -0.2769165
v -7.2302044E-09 -0.9494398 0.72361636
v -0.6685345 -1.525543 -0.27691644
v 0.27691615 -1.5255431 0.6685343
v -0.5116743 -0.94943976 -0.5116747
v 0.27691615 -0.9494399 0.6685342
v -0.5116743 -1.525543 -0.51167464
v 0.5116743 -1.525543 0.51167405
v -0.27691615 -0.94943976 -0.66853493
v 0.5116743 -0.94943976 0.511674
v -0.27691615 -1.525543 -0.6685349
v 0.6685346 -1.525543 0.27691582
v -2.7353448E-08 -0.9494398 -0.7236171
v 0.6685346 -0.94943976 0.27691576
v -1.5489974E-08 -1.525543 -0.723617
v 0.7236167 -1.5255429 -3.353626E-07
v 0.27691612 -0.94943976 -0.66853493
v 0.7236167 -0.9494397 -3.8891434E-07
v 0.27691612 -1.525543 -0.6685349
v 0.6685346 -1.525543 -0.27691644
v 0.5116743 -0.94943976 -0.51167464
v 0.6685346 -0.94943976 -0.2769165
v 0.5116743 -1.525543 -0.5116746
v -0.51167434 -1.525543 0.5116739
v -0.66354895 -1.525543 0.6635486
v -0.35911006 -1.5255431 0.86696804
v -0.6685345 -1.525543 0.2769159
v -0.2769161 -1.5255431 0.6685343
v -0.86696833 -1.525543 0.35910988
v 1.370049E-09 -1.525543 0.9383996
v -0.7236166 -1.525543 -3.233544E-07
v 4.63327E-09 -1.525543 0.7236164
v -0.9383998 -1.525543 -3.2824926E-07
v 0.35911012 -1.5255431 0.86696804
v -0.6685345 -1.525543 -0.27691644
v 0.27691615 -1.5255431 0.6685343
v -0.86696833 -1.525543 -0.35911041
v 0.66354895 -1.525543 0.66354865
v -0.5116743 -1.525543 -0.51167464
v 0.5116743 -1.525543 0.51167405
v -0.6635489 -1.525543 -0.66354924
v 0.86696833 -1.525543 0.35910976
v -0.27691615 -1.525543 -0.6685349
v 0.6685346 -1.525543 0.27691582
v -0.35911012 -1.525543 -0.86696863
v 0.9383999 -1.5255429 -3.353626E-07
v -1.5489974E-08 -1.525543 -0.723617
v 0.7236167 -1.5255429 -3.353626E-07
v -1.05951425E-08 -1.525543 -0.93840015
v 0.86696833 -1.525543 -0.35911041
v 0.27691612 -1.525543 -0.6685349
v 0.6685346 -1.525543 -0.27691644
v 0.35911006 -1.525543 -0.86696863
v 0.66354895 -1.525543 -0.66354924
v 0.5116743 -1.525543 -0.5116746
v -0.2769161 1.525543 0.66853446
v -0.35911006 1.525543 0.8669682
v -0.66354895 1.525543 0.6635488
v -0.5116743 1.525543 0.51167417
v 1.1691485E-08 1.5255429 0.7236166
v -0.86696833 1.525543 0.35910994
v 8.428263E-09 1.5255429 0.9383998
v -0.6685346 1.525543 0.276916
v 0.27691615 1.525543 0.66853446
v -0.9383999 1.5255429 -1.4682416E-07
v 0.35911012 1.525543 0.8669682
v -0.7236167 1.5255429 -1.4682416E-07
v 0.5116742 1.5255427 0.5116742
v -0.86696833 1.525543 -0.35911024
v 0.6635489 1.5255427 0.6635488
v -0.6685346 1.525543 -0.27691627
v 0.6685346 1.525543 0.27691597
v -0.66354895 1.525543 -0.66354907
v 0.86696833 1.525543 0.3591099
v -0.5116743 1.525543 -0.5116744
v 0.7236167 1.5255429 -1.626481E-07
v -0.35911012 1.5255431 -0.86696845
v 0.9383999 1.5255429 -1.5775328E-07
v -0.27691618 1.5255431 -0.6685347
v 0.6685346 1.525543 -0.27691633
v 7.968337E-10 1.5255431 -0.9384
v 0.86696833 1.525543 -0.3591103
v -4.0979966E-09 1.5255431 -0.72361684
v 0.51167434 1.525543 -0.51167434
v 0.35911006 1.5255431 -0.86696845
v 0.66354895 1.525543 -0.663549
v 0.2769161 1.5255431 -0.66853464
v 0.9383999 0.36364293 -2.5087508E-07
v 0.86696833 1.525543 -0.3591103
v 0.86696833 0.36364293 -0.3591104
v 0.9383999 1.5255429 -1.5775328E-07
v 0.66354895 1.525543 -0.663549
v 0.86696833 0.36364293 0.35910982
v 0.66354895 0.363643 -0.6635491
v 0.86696833 1.525543 0.3591099
v 0.35911006 1.5255431 -0.86696845
v 0.6635489 0.36364287 0.6635487
v 0.35911006 0.36364305 -0.8669686
v 0.6635489 1.5255427 0.6635488
v 7.968337E-10 1.5255431 -0.9384
v 0.35911012 0.36364293 0.8669681
v -3.8157153E-09 0.36364305 -0.9384001
v 0.35911012 1.525543 0.8669682
v -0.35911012 1.5255431 -0.86696845
v 3.8157144E-09 0.36364293 0.9383997
v -0.35911012 0.36364305 -0.8669686
v 8.428263E-09 1.5255429 0.9383998
v -0.66354895 1.525543 -0.66354907
v -0.35911006 0.36364293 0.8669681
v -0.66354895 0.363643 -0.6635492
v -0.35911006 1.525543 0.8669682
v -0.86696833 1.525543 -0.35911024
v -0.66354895 0.36364287 0.6635487
v -0.86696833 0.36364293 -0.35911033
v -0.66354895 1.525543 0.6635488
v -0.9383999 1.5255429 -1.4682416E-07
v -0.86696833 0.36364293 0.35910985
v -0.9383999 0.36364296 -2.3994596E-07
v -0.86696833 1.525543 0.35910994
v -0.86696833 -0.36364293 -0.35911033
v -0.86696833 -1.525543 -0.35911041
v -0.6635489 -1.525543 -0.66354924
v -0.6635489 -0.36364287 -0.6635492
v -0.9383998 -0.36364293 -2.4476074E-07
v -0.35911012 -1.525543 -0.86696863
v -0.9383998 -1.525543 -3.2824926E-07
v -0.35911012 -0.36364293 -0.8669686
v -0.86696833 -0.36364293 0.35910997
v -1.05951425E-08 -1.525543 -0.93840015
v -0.86696833 -1.525543 0.35910988
v -5.9825953E-09 -0.36364293 -0.9384001
v -0.66354895 -0.363643 0.66354865
v 0.35911006 -1.525543 -0.86696863
v -0.66354895 -1.525543 0.6635486
v 0.35911006 -0.36364293 -0.8669686
v -0.35911006 -0.36364305 0.8669681
v 0.66354895 -1.525543 -0.66354924
v -0.35911006 -1.5255431 0.86696804
v 0.66354895 -0.36364287 -0.6635492
v 5.9825966E-09 -0.36364305 0.9383997
v 0.86696833 -1.525543 -0.35911041
v 1.370049E-09 -1.525543 0.9383996
v 0.86696833 -0.36364293 -0.35911033
v 0.35911012 -0.36364305 0.8669681
v 0.9383999 -1.5255429 -3.353626E-07
v 0.35911012 -1.5255431 0.86696804
v 0.9383999 -0.36364296 -2.518741E-07
v 0.66354895 -0.363643 0.6635487
v 0.86696833 -1.525543 0.35910976
v 0.66354895 -1.525543 0.66354865
v 0.86696833 -0.36364293 0.35910985
v -0.66354895 -0.363643 0.66354865
v -0.8170267 -0.363643 0.81702644
v -0.44217163 -0.36364305 1.0674964
v -0.86696833 -0.36364293 0.35910997
v -0.35911006 -0.36364305 0.8669681
v -1.0674967 -0.36364293 0.44217148
v 4.3337636E-09 -0.36364305 1.15545
v -0.9383998 -0.36364293 -2.4476074E-07
v 5.9825966E-09 -0.36364305 0.9383997
v -1.1554501 -0.36364293 -2.4970723E-07
v 0.4421717 -0.36364305 1.0674964
v -0.86696833 -0.36364293 -0.35911033
v 0.35911012 -0.36364305 0.8669681
v -1.0674967 -0.36364293 -0.44217184
v 0.8170267 -0.363643 0.81702644
v -0.6635489 -0.36364287 -0.6635492
v 0.66354895 -0.363643 0.6635487
v -0.8170267 -0.36364287 -0.8170269
v 1.0674967 -0.36364293 0.44217142
v -0.35911012 -0.36364293 -0.8669686
v 0.86696833 -0.36364293 0.35910985
v -0.4421717 -0.36364293 -1.0674969
v 1.1554502 -0.36364296 -2.518741E-07
v -5.9825953E-09 -0.36364293 -0.9384001
v 0.9383999 -0.36364296 -2.518741E-07
v -4.333762E-09 -0.36364293 -1.1554505
v 1.0674967 -0.36364293 -0.4421719
v 0.35911006 -0.36364293 -0.8669686
v 0.86696833 -0.36364293 -0.35911033
v 0.44217163 -0.36364293 -1.0674969
v 0.8170267 -0.36364287 -0.8170269
v 0.66354895 -0.36364287 -0.6635492
v -0.35911006 0.36364293 0.8669681
v -0.44217163 0.36364293 1.0674964
v -0.8170267 0.36364287 0.81702644
v -0.66354895 0.36364287 0.6635487
v 3.8157144E-09 0.36364293 0.9383997
v -1.0674967 0.36364293 0.44217142
v 2.1668811E-09 0.36364293 1.15545
v -0.86696833 0.36364293 0.35910985
v 0.35911012 0.36364293 0.8669681
v -1.1554502 0.36364296 -2.3994596E-07
v 0.4421717 0.36364293 1.0674964
v -0.9383999 0.36364296 -2.3994596E-07
v 0.6635489 0.36364287 0.6635487
v -1.0674967 0.36364293 -0.4421719
v 0.8170267 0.36364287 0.81702644
v -0.86696833 0.36364293 -0.35911033
v 0.86696833 0.36364293 0.35910982
v -0.8170267 0.363643 -0.8170269
v 1.0674967 0.36364293 0.44217137
v -0.66354895 0.363643 -0.6635492
v 0.9383999 0.36364293 -2.5087508E-07
v -0.4421717 0.36364305 -1.0674969
v 1.1554502 0.36364293 -2.4427973E-07
v -0.35911012 0.36364305 -0.8669686
v 0.86696833 0.36364293 -0.3591104
v -2.166882E-09 0.36364305 -1.1554505
v 1.0674967 0.36364293 -0.44217196
v -3.8157153E-09 0.36364305 -0.9384001
v 0.66354895 0.363643 -0.6635491
v 0.44217163 0.36364305 -1.0674969
v 0.8170267 0.363643 -0.8170269
v 0.35911006 0.36364305 -0.8669686
v -0.8170267 0.85176736 -0.8170269
v -1.0674967 0.36364293 -0.4421719
v -1.0674967 0.8517673 -0.44217187
v -0.8170267 0.363643 -0.8170269
v -1.1554502 0.36364296 -2.3994596E-07
v -0.4421717 0.8517674 -1.0674969
v -1.1554502 0.8517673 -2.1147262E-07
v -0.4421717 0.36364305 -1.0674969
v -1.0674967 0.36364293 0.44217142
v -2.1668816E-09 0.8517674 -1.1554505
v -1.0674967 0.8517673 0.44217145
v -2.166882E-09 0.36364305 -1.1554505
v -0.8170267 0.36364287 0.81702644
v 0.44217163 0.8517674 -1.0674969
v -0.8170267 0.85176724 0.81702644
v 0.44217163 0.36364305 -1.0674969
v -0.44217163 0.36364293 1.0674964
v 0.8170267 0.85176736 -0.8170269
v -0.44217163 0.8517673 1.0674964
v 0.8170267 0.363643 -0.8170269
v 2.1668811E-09 0.36364293 1.15545
v 1.0674967 0.8517673 -0.44217193
v 2.1668816E-09 0.8517673 1.15545
v 1.0674967 0.36364293 -0.44217196
v 0.4421717 0.36364293 1.0674964
v 1.1554502 0.8517673 -2.158064E-07
v 0.4421717 0.8517673 1.0674964
v 1.1554502 0.36364293 -2.4427973E-07
v 0.8170267 0.36364287 0.81702644
v 1.0674967 0.8517673 0.4421714
v 0.8170267 0.85176724 0.81702644
v 1.0674967 0.36364293 0.44217137
v -0.8170267 -0.85176724 -0.8170269
v -0.8170267 -0.36364287 -0.8170269
v -0.4421717 -0.36364293 -1.0674969
v -0.4421717 -0.8517673 -1.0674969
v -1.0674967 -0.8517673 -0.44217187
v -4.333762E-09 -0.36364293 -1.1554505
v -1.0674967 -0.36364293 -0.44217184
v -4.3337627E-09 -0.8517673 -1.1554505
v -1.1554501 -0.8517673 -2.7640098E-07
v 0.44217163 -0.36364293 -1.0674969
v -1.1554501 -0.36364293 -2.4970723E-07
v 0.44217163 -0.8517673 -1.0674969
v -1.0674967 -0.8517673 0.44217145
v 0.8170267 -0.36364287 -0.8170269
v -1.0674967 -0.36364293 0.44217148
v 0.8170267 -0.85176724 -0.8170269
v -0.8170267 -0.85176736 0.81702644
v 1.0674967 -0.36364293 -0.4421719
v -0.8170267 -0.363643 0.81702644
v 1.0674967 -0.8517673 -0.44217193
v -0.44217163 -0.8517674 1.0674964
v 1.1554502 -0.36364296 -2.518741E-07
v -0.44217163 -0.36364305 1.0674964
v 1.1554502 -0.8517673 -2.7856785E-07
v 4.3337627E-09 -0.8517674 1.15545
v 1.0674967 -0.36364293 0.44217142
v 4.3337636E-09 -0.36364305 1.15545
v 1.0674967 -0.8517673 0.4421714
v 0.4421717 -0.8517674 1.0674964
v 0.8170267 -0.363643 0.81702644
v 0.4421717 -0.36364305 1.0674964
v 0.8170267 -0.85176736 0.81702644
vt 0.52826893 0.15815598
vt 0.52826893 0.15815598
vt 0.5802944 0.08029437
vt 0.5802944 0.08029437
vt 0.841844 0.028268933
vt 0.841844 0.028268933
vt 0.9197056 0.08029437
vt 0.9197056 0.08029437
vt 0.25 0.49
vt 0.25 0.49
vt 0.34184402 0.47173107
vt 0.34184402 0.47173107
vt 0.97173107 0.34184402
vt 0.97173107 0.34184402
vt 0.9197056 0.41970563
vt 0.9197056 0.41970563
vt 0.9375 1
vt 0.9375 1
vt 0.9375 0.5
vt 0.9375 0.5
vt 0.1875 1
vt 0.1875 1
vt 0.1875 0.5
vt 0.1875 0.5
vt 0.658156 0.47173107
vt 0.658156 0.47173107
vt 0.5802944 0.41970563
vt 0.5802944 0.41970563
vt 0.125 0.5
vt 0.125 0.5
vt 0.125 1
vt 0.125 1
vt 0.49 0.25
vt 0.49 0.25
vt 0.47173107 0.15815598
vt 0.47173107 0.15815598
vt 0.4375 1
vt 0.4375 1
vt 0.4375 0.5
vt 0.4375 0.5
vt 0.010000005 0.25
vt 0.010000005 0.25
vt 0.028268933 0.34184402
vt 0.028268933 0.34184402
vt 0 0.5
vt 0 0.5
vt 0 1
vt 0 1
vt 0.658156 0.028268933
vt 0.658156 0.028268933
vt 0.75 0.010000005
vt 0.75 0.010000005
vt 0.875 0.5
vt 0.875 0.5
vt 0.875 1
vt 0.875 1
vt 0.25 0.010000005
vt 0.25 0.010000005
vt 0.15815598 0.028268933
vt 0.15815598 0.028268933
vt 0.375 0.5
vt 0.375 0.5
vt 0.375 1
vt 0.375 1
vt 0.625 0.5
vt 0.625 0.5
vt 0.625 1
vt 0.625 1
vt 0.8125 1
vt 0.8125 1
vt 0.8125 0.5
vt 0.8125 0.5
vt 0.97173107 0.15815598
vt 0.97173107 0.15815598
vt 0.99 0.25
vt 0.99 0.25
vt 0.125 0.5
vt 0.0625 0.5
vt 0.0625 1
vt 0.125 1
vt 0.52826893 0.34184402
vt 0.52826893 0.34184402
vt 0.51 0.25
vt 0.51 0.25
vt 0.25 0.5
vt 0.1875 0.5
vt 0.1875 1
vt 0.25 1
vt 0.3125 1
vt 0.3125 1
vt 0.3125 0.5
vt 0.3125 0.5
vt 0.5625 1
vt 0.5625 1
vt 0.5625 0.5
vt 0.5625 0.5
vt 0.375 0.5
vt 0.3125 0.5
vt 0.3125 1
vt 0.375 1
vt 0.0625 1
vt 0.0625 1
vt 0.0625 0.5
vt 0.0625 0.5
vt 0.5 0.5
vt 0.4375 0.5
vt 0.4375 1
vt 0.5 1
vt 0.41970563 0.41970563
vt 0.41970563 0.41970563
vt 0.47173107 0.34184402
vt 0.47173107 0.34184402
vt 0.41970563 0.08029437
vt 0.41970563 0.08029437
vt 0.34184402 0.028268933
vt 0.34184402 0.028268933
vt 0.625 0.5
vt 0.5625 0.5
vt 0.5625 1
vt 0.625 1
vt 0.08029437 0.41970563
vt 0.08029437 0.41970563
vt 0.15815598 0.47173107
vt 0.15815598 0.47173107
vt 0.75 0.5
vt 0.6875 0.5
vt 0.6875 1
vt 0.75 1
vt 0.08029437 0.08029437
vt 0.08029437 0.08029437
vt 0.028268933 0.15815598
vt 0.028268933 0.15815598
vt 0.75 0.5
vt 0.75 0.5
vt 0.75 1
vt 0.75 1
vt 0.875 0.5
vt 0.8125 0.5
vt 0.8125 1
vt 0.875 1
vt 0.75 0.49
vt 0.841844 0.47173107
vt 0.841844 0.47173107
vt 0.75 0.49
vt 0.841844 0.47173107
vt 0.75 0.49
vt 1 0.5
vt 0.9375 0.5
vt 0.9375 1
vt 1 1
vt 0.841844 0.47173107
vt 0.841844 0.47173107
vt 0.75 0.49
vt 0.75 0.49
vt 0.6875 1
vt 0.6875 1
vt 0.6875 0.5
vt 0.6875 0.5
vt 0.25 0.5
vt 0.25 0.5
vt 0.25 1
vt 0.25 1
vt 0.1875 0.5
vt 0.1875 0.5
vt 0.125 0.5
vt 0.125 0.5
vt 0.125 1
vt 0.1875 1
vt 0.1875 1
vt 0.125 1
vt 0.5 0.5
vt 0.5 0.5
vt 0.5 1
vt 0.5 1
vt 0.6875 0.5
vt 0.6875 0.5
vt 0.625 0.5
vt 0.625 0.5
vt 0.625 1
vt 0.6875 1
vt 0.6875 1
vt 0.625 1
vt 0.028268933 0.15815598
vt 0.08029437 0.08029437
vt 0.08029437 0.08029437
vt 0.028268933 0.15815598
vt 0.08029437 0.08029437
vt 0.028268933 0.15815598
vt 0.47173107 0.34184402
vt 0.41970563 0.41970563
vt 0.41970563 0.41970563
vt 0.47173107 0.34184402
vt 0.41970563 0.41970563
vt 0.47173107 0.34184402
vt 0.75 0.010000005
vt 0.658156 0.028268933
vt 0.658156 0.028268933
vt 0.75 0.010000005
vt 0.658156 0.028268933
vt 0.75 0.010000005
vt 0.34184402 0.47173107
vt 0.25 0.49
vt 0.25 0.49
vt 0.34184402 0.47173107
vt 0.25 0.49
vt 0.34184402 0.47173107
vt 0.3125 0.5
vt 0.3125 0.5
vt 0.25 0.5
vt 0.25 0.5
vt 0.25 1
vt 0.3125 1
vt 0.3125 1
vt 0.25 1
vt 0.8125 0.5
vt 0.8125 0.5
vt 0.75 0.5
vt 0.75 0.5
vt 0.75 1
vt 0.8125 1
vt 0.8125 1
vt 0.75 1
vt 0.15815598 0.028268933
vt 0.25 0.010000005
vt 0.25 0.010000005
vt 0.15815598 0.028268933
vt 0.25 0.010000005
vt 0.15815598 0.028268933
vt 0.5802944 0.41970563
vt 0.658156 0.47173107
vt 0.658156 0.47173107
vt 0.5802944 0.41970563
vt 0.658156 0.47173107
vt 0.5802944 0.41970563
vt 0.9197056 0.08029437
vt 0.841844 0.028268933
vt 0.841844 0.028268933
vt 0.9197056 0.08029437
vt 0.841844 0.028268933
vt 0.9197056 0.08029437
vt 0.4375 0.5
vt 0.4375 0.5
vt 0.375 0.5
vt 0.375 0.5
vt 0.375 1
vt 0.4375 1
vt 0.4375 1
vt 0.375 1
vt 0.15815598 0.47173107
vt 0.08029437 0.41970563
vt 0.08029437 0.41970563
vt 0.15815598 0.47173107
vt 0.08029437 0.41970563
vt 0.15815598 0.47173107
vt 0.9375 0.5
vt 0.9375 0.5
vt 0.875 0.5
vt 0.875 0.5
vt 0.875 1
vt 0.9375 1
vt 0.9375 1
vt 0.875 1
vt 0.34184402 0.028268933
vt 0.41970563 0.08029437
vt 0.41970563 0.08029437
vt 0.34184402 0.028268933
vt 0.41970563 0.08029437
vt 0.34184402 0.028268933
vt 0.51 0.25
vt 0.52826893 0.34184402
vt 0.52826893 0.34184402
vt 0.51 0.25
vt 0.52826893 0.34184402
vt 0.51 0.25
vt 0.99 0.25
vt 0.97173107 0.15815598
vt 0.97173107 0.15815598
vt 0.99 0.25
vt 0.97173107 0.15815598
vt 0.99 0.25
vt 0.0625 0.5
vt 0.0625 0.5
vt 0 0.5
vt 0 0.5
vt 0 1
vt 0.0625 1
vt 0.0625 1
vt 0 1
vt 0.5625 0.5
vt 0.5625 0.5
vt 0.5 0.5
vt 0.5 0.5
vt 0.5 1
vt 0.5625 1
vt 0.5625 1
vt 0.5 1
vt 0.028268933 0.34184402
vt 0.010000005 0.25
vt 0.010000005 0.25
vt 0.028268933 0.34184402
vt 0.010000005 0.25
vt 0.028268933 0.34184402
vt 0.47173107 0.15815598
vt 0.49 0.25
vt 0.49 0.25
vt 0.47173107 0.15815598
vt 0.49 0.25
vt 0.47173107 0.15815598
vt 0.5802944 0.08029437
vt 0.52826893 0.15815598
vt 0.52826893 0.15815598
vt 0.5802944 0.08029437
vt 0.52826893 0.15815598
vt 0.5802944 0.08029437
vt 0.9197056 0.41970563
vt 0.97173107 0.34184402
vt 0.97173107 0.34184402
vt 0.9197056 0.41970563
vt 0.97173107 0.34184402
vt 0.9197056 0.41970563
vt 0.5466076 0.25
vt 0.5466076 0.25
vt 0.51 0.25
vt 0.51 0.25
vt 0.106179886 0.3938201
vt 0.106179886 0.3938201
vt 0.17216511 0.4379099
vt 0.17216511 0.4379099
vt 0.8938201 0.39382014
vt 0.9197056 0.41970563
vt 0.841844 0.47173107
vt 0.8278349 0.43790993
vt 0.8653448 0.3653449
vt 0.8124242 0.4007053
vt 0.9007052 0.31242418
vt 0.75 0.4533924
vt 0.93790984 0.32783484
vt 0.9131222 0.24999999
vt 0.74999994 0.41312233
vt 0.9533922 0.24999999
vt 0.97173107 0.34184402
vt 0.99 0.25
vt 0.9007053 0.18757576
vt 0.9379099 0.17216513
vt 0.86534476 0.13465504
vt 0.89382005 0.10617989
vt 0.97173107 0.15815598
vt 0.9197056 0.08029437
vt 0.8124242 0.09929458
vt 0.82783484 0.062089995
vt 0.74999994 0.086877614
vt 0.75000006 0.046607673
vt 0.841844 0.028268933
vt 0.75 0.010000005
vt 0.68757576 0.0992946
vt 0.67216504 0.06209001
vt 0.634655 0.13465506
vt 0.60617983 0.10617991
vt 0.658156 0.028268933
vt 0.5802944 0.08029437
vt 0.59929454 0.18757574
vt 0.56209004 0.17216513
vt 0.5868776 0.25
vt 0.5466076 0.25
vt 0.52826893 0.15815598
vt 0.51 0.25
vt 0.59929466 0.31242427
vt 0.56209004 0.32783487
vt 0.634655 0.36534488
vt 0.60617995 0.39382014
vt 0.52826893 0.34184402
vt 0.5802944 0.41970563
vt 0.6875758 0.4007054
vt 0.67216504 0.43790996
vt 0.658156 0.47173107
vt 0.75 0.49
vt 0.32783484 0.4379099
vt 0.34184402 0.47173107
vt 0.41970563 0.41970563
vt 0.39382008 0.39382008
vt 0.31242424 0.40070534
vt 0.24999996 0.41312233
vt 0.36534488 0.36534488
vt 0.25 0.45339236
vt 0.43790996 0.32783484
vt 0.18757574 0.4007053
vt 0.4007054 0.31242424
vt 0.17216511 0.4379099
vt 0.25 0.49
vt 0.15815598 0.47173107
vt 0.13465503 0.36534488
vt 0.106179886 0.3938201
vt 0.09929458 0.31242418
vt 0.062090006 0.32783487
vt 0.08029437 0.41970563
vt 0.028268933 0.34184402
vt 0.08687764 0.25
vt 0.04660767 0.25
vt 0.099294595 0.18757576
vt 0.062090006 0.17216514
vt 0.010000005 0.25
vt 0.028268933 0.15815598
vt 0.13465504 0.13465501
vt 0.106179886 0.10617989
vt 0.18757573 0.099294595
vt 0.1721651 0.06209
vt 0.08029437 0.08029437
vt 0.15815598 0.028268933
vt 0.24999997 0.08687762
vt 0.25 0.046607673
vt 0.31242427 0.099294595
vt 0.32783487 0.062090006
vt 0.25 0.010000005
vt 0.34184402 0.028268933
vt 0.36534494 0.13465504
vt 0.39382017 0.1061799
vt 0.40070543 0.18757574
vt 0.43791 0.17216511
vt 0.41970563 0.08029437
vt 0.47173107 0.15815598
vt 0.4131224 0.25
vt 0.45339236 0.25
vt 0.49 0.25
vt 0.47173107 0.34184402
vt 0.062090006 0.17216514
vt 0.062090006 0.17216514
vt 0.028268933 0.15815598
vt 0.028268933 0.15815598
vt 0.67216504 0.43790996
vt 0.67216504 0.43790996
vt 0.60617995 0.39382014
vt 0.60617995 0.39382014
vt 0.52826893 0.15815598
vt 0.52826893 0.15815598
vt 0.56209004 0.17216513
vt 0.56209004 0.17216513
vt 0.25 0.45339236
vt 0.25 0.45339236
vt 0.32783484 0.4379099
vt 0.32783484 0.4379099
vt 0.08029437 0.08029437
vt 0.08029437 0.08029437
vt 0.106179886 0.10617989
vt 0.106179886 0.10617989
vt 0.8278349 0.43790993
vt 0.8278349 0.43790993
vt 0.75 0.4533924
vt 0.75 0.4533924
vt 0.60617983 0.10617991
vt 0.60617983 0.10617991
vt 0.5802944 0.08029437
vt 0.5802944 0.08029437
vt 0.04660767 0.25
vt 0.04660767 0.25
vt 0.062090006 0.32783487
vt 0.062090006 0.32783487
vt 0.1721651 0.06209
vt 0.1721651 0.06209
vt 0.15815598 0.028268933
vt 0.15815598 0.028268933
vt 0.56209004 0.32783487
vt 0.56209004 0.32783487
vt 0.5466076 0.25
vt 0.5466076 0.25
vt 0.658156 0.028268933
vt 0.658156 0.028268933
vt 0.67216504 0.06209001
vt 0.67216504 0.06209001
vt 0.8278349 0.43790993
vt 0.841844 0.47173107
vt 0.75 0.49
vt 0.75 0.4533924
vt 0.25 0.45339236
vt 0.25 0.49
vt 0.34184402 0.47173107
vt 0.32783484 0.4379099
vt 0.93790984 0.32783484
vt 0.97173107 0.34184402
vt 0.9197056 0.41970563
vt 0.8938201 0.39382014
vt 0.39382008 0.39382008
vt 0.41970563 0.41970563
vt 0.47173107 0.34184402
vt 0.43790996 0.32783484
vt 0.9379099 0.17216513
vt 0.97173107 0.15815598
vt 0.99 0.25
vt 0.9533922 0.24999999
vt 0.45339236 0.25
vt 0.49 0.25
vt 0.47173107 0.15815598
vt 0.43791 0.17216511
vt 0.82783484 0.062089995
vt 0.841844 0.028268933
vt 0.9197056 0.08029437
vt 0.89382005 0.10617989
vt 0.39382017 0.1061799
vt 0.41970563 0.08029437
vt 0.34184402 0.028268933
vt 0.32783487 0.062090006
vt 0.67216504 0.06209001
vt 0.658156 0.028268933
vt 0.75 0.010000005
vt 0.75000006 0.046607673
vt 0.25 0.046607673
vt 0.25 0.010000005
vt 0.15815598 0.028268933
vt 0.1721651 0.06209
vt 0.56209004 0.17216513
vt 0.52826893 0.15815598
vt 0.5802944 0.08029437
vt 0.60617983 0.10617991
vt 0.106179886 0.10617989
vt 0.08029437 0.08029437
vt 0.028268933 0.15815598
vt 0.062090006 0.17216514
vt 0.56209004 0.32783487
vt 0.52826893 0.34184402
vt 0.51 0.25
vt 0.5466076 0.25
vt 0.04660767 0.25
vt 0.010000005 0.25
vt 0.028268933 0.34184402
vt 0.062090006 0.32783487
vt 0.67216504 0.43790996
vt 0.658156 0.47173107
vt 0.5802944 0.41970563
vt 0.60617995 0.39382014
vt 0.106179886 0.3938201
vt 0.08029437 0.41970563
vt 0.15815598 0.47173107
vt 0.17216511 0.4379099
vt 0.93790984 0.32783484
vt 0.93790984 0.32783484
vt 0.8938201 0.39382014
vt 0.8938201 0.39382014
vt 0.010000005 0.25
vt 0.010000005 0.25
vt 0.04660767 0.25
vt 0.04660767 0.25
vt 0.39382008 0.39382008
vt 0.39382008 0.39382008
vt 0.43790996 0.32783484
vt 0.43790996 0.32783484
vt 0.52826893 0.34184402
vt 0.52826893 0.34184402
vt 0.56209004 0.32783487
vt 0.56209004 0.32783487
vt 0.841844 0.47173107
vt 0.841844 0.47173107
vt 0.8278349 0.43790993
vt 0.8278349 0.43790993
vt 0.062090006 0.32783487
vt 0.062090006 0.32783487
vt 0.028268933 0.34184402
vt 0.028268933 0.34184402
vt 0.75 0.4533924
vt 0.75 0.4533924
vt 0.75 0.49
vt 0.75 0.49
vt 0.60617995 0.39382014
vt 0.60617995 0.39382014
vt 0.5802944 0.41970563
vt 0.5802944 0.41970563
vt 0.25 0.49
vt 0.25 0.49
vt 0.25 0.45339236
vt 0.25 0.45339236
vt 0.9379099 0.17216513
vt 0.9379099 0.17216513
vt 0.9533922 0.24999999
vt 0.9533922 0.24999999
vt 0.08029437 0.41970563
vt 0.08029437 0.41970563
vt 0.106179886 0.3938201
vt 0.106179886 0.3938201
vt 0.32783484 0.4379099
vt 0.32783484 0.4379099
vt 0.34184402 0.47173107
vt 0.34184402 0.47173107
vt 0.45339236 0.25
vt 0.45339236 0.25
vt 0.43791 0.17216511
vt 0.43791 0.17216511
vt 0.658156 0.47173107
vt 0.658156 0.47173107
vt 0.67216504 0.43790996
vt 0.67216504 0.43790996
vt 0.8938201 0.39382014
vt 0.8938201 0.39382014
vt 0.9197056 0.41970563
vt 0.9197056 0.41970563
vt 0.17216511 0.4379099
vt 0.17216511 0.4379099
vt 0.15815598 0.47173107
vt 0.15815598 0.47173107
vt 0.41970563 0.41970563
vt 0.41970563 0.41970563
vt 0.39382008 0.39382008
vt 0.39382008 0.39382008
vt 0.97173107 0.34184402
vt 0.97173107 0.34184402
vt 0.93790984 0.32783484
vt 0.93790984 0.32783484
vt 0.82783484 0.062089995
vt 0.82783484 0.062089995
vt 0.89382005 0.10617989
vt 0.89382005 0.10617989
vt 0.43790996 0.32783484
vt 0.43790996 0.32783484
vt 0.47173107 0.34184402
vt 0.47173107 0.34184402
vt 0.39382017 0.1061799
vt 0.39382017 0.1061799
vt 0.32783487 0.062090006
vt 0.32783487 0.062090006
vt 0.9533922 0.24999999
vt 0.9533922 0.24999999
vt 0.99 0.25
vt 0.99 0.25
vt 0.49 0.25
vt 0.49 0.25
vt 0.45339236 0.25
vt 0.45339236 0.25
vt 0.97173107 0.15815598
vt 0.97173107 0.15815598
vt 0.9379099 0.17216513
vt 0.9379099 0.17216513
vt 0.67216504 0.06209001
vt 0.67216504 0.06209001
vt 0.75000006 0.046607673
vt 0.75000006 0.046607673
vt 0.43791 0.17216511
vt 0.43791 0.17216511
vt 0.47173107 0.15815598
vt 0.47173107 0.15815598
vt 0.25 0.046607673
vt 0.25 0.046607673
vt 0.1721651 0.06209
vt 0.1721651 0.06209
vt 0.89382005 0.10617989
vt 0.89382005 0.10617989
vt 0.9197056 0.08029437
vt 0.9197056 0.08029437
vt 0.41970563 0.08029437
vt 0.41970563 0.08029437
vt 0.39382017 0.1061799
vt 0.39382017 0.1061799
vt 0.841844 0.028268933
vt 0.841844 0.028268933
vt 0.82783484 0.062089995
vt 0.82783484 0.062089995
vt 0.56209004 0.17216513
vt 0.56209004 0.17216513
vt 0.60617983 0.10617991
vt 0.60617983 0.10617991
vt 0.32783487 0.062090006
vt 0.32783487 0.062090006
vt 0.34184402 0.028268933
vt 0.34184402 0.028268933
vt 0.106179886 0.10617989
vt 0.106179886 0.10617989
vt 0.062090006 0.17216514
vt 0.062090006 0.17216514
vt 0.75000006 0.046607673
vt 0.75000006 0.046607673
vt 0.75 0.010000005
vt 0.75 0.010000005
vt 0.25 0.010000005
vt 0.25 0.010000005
vt 0.25 0.046607673
vt 0.25 0.046607673
vt 0.28909403 0.15561862
vt 0.24999997 0.14784233
vt 0.21090592 0.15561862
vt 0.32223636 0.17776363
vt 0.17776363 0.1777636
vt 0.15561865 0.21090594
vt 0.34438133 0.21090592
vt 0.35215762 0.24999999
vt 0.14784238 0.24999996
vt 0.3443813 0.289094
vt 0.15561867 0.28909403
vt 0.32223636 0.32223636
vt 0.17776363 0.32223636
vt 0.21090594 0.3443813
vt 0.28909403 0.3443813
vt 0.24999997 0.35215753
vt 0.71090597 0.15561862
vt 0.75 0.14784235
vt 0.78909403 0.15561868
vt 0.67776364 0.17776363
vt 0.8222362 0.17776363
vt 0.65561867 0.21090594
vt 0.84438133 0.21090594
vt 0.8521576 0.24999997
vt 0.64784235 0.25
vt 0.84438133 0.28909403
vt 0.65561867 0.289094
vt 0.82223624 0.32223636
vt 0.67776364 0.3222364
vt 0.710906 0.3443814
vt 0.78909415 0.34438136
vt 0.7500001 0.3521576
vt 0.78909403 0.15561868
vt 0.75 0.14784235
vt 0.75 0.14784235
vt 0.78909403 0.15561868
vt 0.71090597 0.15561862
vt 0.8222362 0.17776363
vt 0.71090597 0.15561862
vt 0.8222362 0.17776363
vt 0.67776364 0.17776363
vt 0.84438133 0.21090594
vt 0.67776364 0.17776363
vt 0.84438133 0.21090594
vt 0.65561867 0.21090594
vt 0.8521576 0.24999997
vt 0.65561867 0.21090594
vt 0.8521576 0.24999997
vt 0.64784235 0.25
vt 0.84438133 0.28909403
vt 0.64784235 0.25
vt 0.84438133 0.28909403
vt 0.65561867 0.289094
vt 0.82223624 0.32223636
vt 0.65561867 0.289094
vt 0.82223624 0.32223636
vt 0.67776364 0.3222364
vt 0.78909415 0.34438136
vt 0.67776364 0.3222364
vt 0.78909415 0.34438136
vt 0.710906 0.3443814
vt 0.7500001 0.3521576
vt 0.710906 0.3443814
vt 0.7500001 0.3521576
vt 0.17776363 0.32223636
vt 0.17776363 0.32223636
vt 0.15561867 0.28909403
vt 0.15561867 0.28909403
vt 0.21090594 0.3443813
vt 0.14784238 0.24999996
vt 0.21090594 0.3443813
vt 0.14784238 0.24999996
vt 0.24999997 0.35215753
vt 0.15561865 0.21090594
vt 0.24999997 0.35215753
vt 0.15561865 0.21090594
vt 0.28909403 0.3443813
vt 0.17776363 0.1777636
vt 0.28909403 0.3443813
vt 0.17776363 0.1777636
vt 0.32223636 0.32223636
vt 0.21090592 0.15561862
vt 0.32223636 0.32223636
vt 0.21090592 0.15561862
vt 0.3443813 0.289094
vt 0.24999997 0.14784233
vt 0.3443813 0.289094
vt 0.24999997 0.14784233
vt 0.35215762 0.24999999
vt 0.28909403 0.15561862
vt 0.35215762 0.24999999
vt 0.28909403 0.15561862
vt 0.34438133 0.21090592
vt 0.32223636 0.17776363
vt 0.34438133 0.21090592
vt 0.32223636 0.17776363
vt 0.17776363 0.32223636
vt 0.15632251 0.34367746
vt 0.19930209 0.3723954
vt 0.15561867 0.28909403
vt 0.21090594 0.3443813
vt 0.12760447 0.3006979
vt 0.24999996 0.38247994
vt 0.14784238 0.24999996
vt 0.24999997 0.35215753
vt 0.117520034 0.24999999
vt 0.30069786 0.3723954
vt 0.15561865 0.21090594
vt 0.28909403 0.3443813
vt 0.12760448 0.19930209
vt 0.34367752 0.34367752
vt 0.17776363 0.1777636
vt 0.32223636 0.32223636
vt 0.1563225 0.15632248
vt 0.3723955 0.30069786
vt 0.21090592 0.15561862
vt 0.3443813 0.289094
vt 0.19930206 0.12760445
vt 0.38247997 0.24999997
vt 0.24999997 0.14784233
vt 0.35215762 0.24999999
vt 0.24999997 0.11752001
vt 0.3723955 0.19930208
vt 0.28909403 0.15561862
vt 0.34438133 0.21090592
vt 0.30069786 0.12760447
vt 0.3436775 0.15632248
vt 0.32223636 0.17776363
vt 0.710906 0.3443814
vt 0.69930226 0.37239558
vt 0.65632254 0.34367746
vt 0.67776364 0.3222364
vt 0.7500001 0.3521576
vt 0.6276045 0.30069786
vt 0.75 0.38247997
vt 0.65561867 0.289094
vt 0.78909415 0.34438136
vt 0.61752 0.24999999
vt 0.80069804 0.3723955
vt 0.64784235 0.25
vt 0.82223624 0.32223636
vt 0.6276045 0.1993021
vt 0.84367734 0.3436775
vt 0.65561867 0.21090594
vt 0.84438133 0.28909403
vt 0.6563225 0.1563225
vt 0.87239534 0.30069786
vt 0.67776364 0.17776363
vt 0.8521576 0.24999997
vt 0.699302 0.12760447
vt 0.8824799 0.24999999
vt 0.71090597 0.15561862
vt 0.84438133 0.21090594
vt 0.74999994 0.11752002
vt 0.8723954 0.19930209
vt 0.75 0.14784235
vt 0.8222362 0.17776363
vt 0.8006979 0.12760447
vt 0.8436774 0.1563225
vt 0.78909403 0.15561868
vt 0.8824799 0.24999999
vt 0.8723954 0.19930209
vt 0.8723954 0.19930209
vt 0.8824799 0.24999999
vt 0.8436774 0.1563225
vt 0.87239534 0.30069786
vt 0.8436774 0.1563225
vt 0.87239534 0.30069786
vt 0.8006979 0.12760447
vt 0.84367734 0.3436775
vt 0.8006979 0.12760447
vt 0.84367734 0.3436775
vt 0.74999994 0.11752002
vt 0.80069804 0.3723955
vt 0.74999994 0.11752002
vt 0.80069804 0.3723955
vt 0.699302 0.12760447
vt 0.75 0.38247997
vt 0.699302 0.12760447
vt 0.75 0.38247997
vt 0.6563225 0.1563225
vt 0.69930226 0.37239558
vt 0.6563225 0.1563225
vt 0.69930226 0.37239558
vt 0.6276045 0.1993021
vt 0.65632254 0.34367746
vt 0.6276045 0.1993021
vt 0.65632254 0.34367746
vt 0.61752 0.24999999
vt 0.6276045 0.30069786
vt 0.61752 0.24999999
vt 0.6276045 0.30069786
vt 0.12760448 0.19930209
vt 0.12760448 0.19930209
vt 0.1563225 0.15632248
vt 0.1563225 0.15632248
vt 0.117520034 0.24999999
vt 0.19930206 0.12760445
vt 0.117520034 0.24999999
vt 0.19930206 0.12760445
vt 0.12760447 0.3006979
vt 0.24999997 0.11752001
vt 0.12760447 0.3006979
vt 0.24999997 0.11752001
vt 0.15632251 0.34367746
vt 0.30069786 0.12760447
vt 0.15632251 0.34367746
vt 0.30069786 0.12760447
vt 0.19930209 0.3723954
vt 0.3436775 0.15632248
vt 0.19930209 0.3723954
vt 0.3436775 0.15632248
vt 0.24999996 0.38247994
vt 0.3723955 0.19930208
vt 0.24999996 0.38247994
vt 0.3723955 0.19930208
vt 0.30069786 0.3723954
vt 0.38247997 0.24999997
vt 0.30069786 0.3723954
vt 0.38247997 0.24999997
vt 0.34367752 0.34367752
vt 0.3723955 0.30069786
vt 0.34367752 0.34367752
vt 0.3723955 0.30069786
vt 0.15632251 0.34367746
vt 0.13465503 0.36534488
vt 0.18757574 0.4007053
vt 0.12760447 0.3006979
vt 0.19930209 0.3723954
vt 0.09929458 0.31242418
vt 0.24999996 0.41312233
vt 0.117520034 0.24999999
vt 0.24999996 0.38247994
vt 0.08687764 0.25
vt 0.31242424 0.40070534
vt 0.12760448 0.19930209
vt 0.30069786 0.3723954
vt 0.099294595 0.18757576
vt 0.36534488 0.36534488
vt 0.1563225 0.15632248
vt 0.34367752 0.34367752
vt 0.13465504 0.13465501
vt 0.4007054 0.31242424
vt 0.19930206 0.12760445
vt 0.3723955 0.30069786
vt 0.18757573 0.099294595
vt 0.4131224 0.25
vt 0.24999997 0.11752001
vt 0.38247997 0.24999997
vt 0.24999997 0.08687762
vt 0.40070543 0.18757574
vt 0.30069786 0.12760447
vt 0.3723955 0.19930208
vt 0.31242427 0.099294595
vt 0.36534494 0.13465504
vt 0.3436775 0.15632248
vt 0.69930226 0.37239558
vt 0.6875758 0.4007054
vt 0.634655 0.36534488
vt 0.65632254 0.34367746
vt 0.75 0.38247997
vt 0.59929466 0.31242427
vt 0.74999994 0.41312233
vt 0.6276045 0.30069786
vt 0.80069804 0.3723955
vt 0.5868776 0.25
vt 0.8124242 0.4007053
vt 0.61752 0.24999999
vt 0.84367734 0.3436775
vt 0.59929454 0.18757574
vt 0.8653448 0.3653449
vt 0.6276045 0.1993021
vt 0.87239534 0.30069786
vt 0.634655 0.13465506
vt 0.9007052 0.31242418
vt 0.6563225 0.1563225
vt 0.8824799 0.24999999
vt 0.68757576 0.0992946
vt 0.9131222 0.24999999
vt 0.699302 0.12760447
vt 0.8723954 0.19930209
vt 0.74999994 0.086877614
vt 0.9007053 0.18757576
vt 0.74999994 0.11752002
vt 0.8436774 0.1563225
vt 0.8124242 0.09929458
vt 0.86534476 0.13465504
vt 0.8006979 0.12760447
vt 0.634655 0.13465506
vt 0.59929454 0.18757574
vt 0.59929454 0.18757574
vt 0.634655 0.13465506
vt 0.5868776 0.25
vt 0.68757576 0.0992946
vt 0.5868776 0.25
vt 0.68757576 0.0992946
vt 0.59929466 0.31242427
vt 0.74999994 0.086877614
vt 0.59929466 0.31242427
vt 0.74999994 0.086877614
vt 0.634655 0.36534488
vt 0.8124242 0.09929458
vt 0.634655 0.36534488
vt 0.8124242 0.09929458
vt 0.6875758 0.4007054
vt 0.86534476 0.13465504
vt 0.6875758 0.4007054
vt 0.86534476 0.13465504
vt 0.74999994 0.41312233
vt 0.9007053 0.18757576
vt 0.74999994 0.41312233
vt 0.9007053 0.18757576
vt 0.8124242 0.4007053
vt 0.9131222 0.24999999
vt 0.8124242 0.4007053
vt 0.9131222 0.24999999
vt 0.8653448 0.3653449
vt 0.9007052 0.31242418
vt 0.8653448 0.3653449
vt 0.9007052 0.31242418
vt 0.13465504 0.13465501
vt 0.13465504 0.13465501
vt 0.18757573 0.099294595
vt 0.18757573 0.099294595
vt 0.099294595 0.18757576
vt 0.24999997 0.08687762
vt 0.099294595 0.18757576
vt 0.24999997 0.08687762
vt 0.08687764 0.25
vt 0.31242427 0.099294595
vt 0.08687764 0.25
vt 0.31242427 0.099294595
vt 0.09929458 0.31242418
vt 0.36534494 0.13465504
vt 0.09929458 0.31242418
vt 0.36534494 0.13465504
vt 0.13465503 0.36534488
vt 0.40070543 0.18757574
vt 0.13465503 0.36534488
vt 0.40070543 0.18757574
vt 0.18757574 0.4007053
vt 0.4131224 0.25
vt 0.18757574 0.4007053
vt 0.4131224 0.25
vt 0.24999996 0.41312233
vt 0.4007054 0.31242424
vt 0.24999996 0.41312233
vt 0.4007054 0.31242424
vt 0.31242424 0.40070534
vt 0.36534488 0.36534488
vt 0.31242424 0.40070534
vt 0.36534488 0.36534488
vn -0 1 0
vn -0 1 0
vn -0 1 0
vn -0 1 0
vn -0 1 0
vn -0 1 0
vn -0 1 0
vn -0 1 0
vn -0 -1 0
vn -0 -1 0
vn -0 -1 0
vn -0 -1 0
vn -0 1 0
vn -0 1 0
vn -0 1 0
vn -0 1 0
vn 0.98078525 0 -0.19509056
vn 0.98078525 0 -0.19509056
vn 0.98078525 0 -0.19509056
vn 0.98078525 0 -0.19509056
vn 0.19509041 0 0.98078525
vn 0.19509041 0 0.98078525
vn 0.19509041 0 0.98078525
vn 0.19509041 0 0.98078525
vn -0 1 0
vn -0 1 0
vn -0 1 0
vn -0 1 0
vn -0.8314697 0 -0.55557007
vn -0.8314697 0 -0.55557007
vn -0.8314697 0 -0.55557007
vn -0.8314697 0 -0.55557007
vn -0 -1 0
vn -0 -1 0
vn -0 -1 0
vn -0 -1 0
vn -0.98078525 0 0.19509047
vn -0.98078525 0 0.19509047
vn -0.98078525 0 0.19509047
vn -0.98078525 0 0.19509047
vn -0 -1 0
vn -0 -1 0
vn -0 -1 0
vn -0 -1 0
vn -0.98078525 0 0.19509037
vn -0.98078525 0 0.19509037
vn -0.98078525 0 0.19509037
vn -0.98078525 0 0.19509037
vn -0 1 0
vn -0 1 0
vn -0 1 0
vn -0 1 0
vn -0.55557007 0 0.8314697
vn -0.55557007 0 0.8314697
vn -0.55557007 0 0.8314697
vn -0.55557007 0 0.8314697
vn -0 -1 0
vn -0 -1 0
vn -0 -1 0
vn -0 -1 0
vn 0.5555702 0 -0.8314696
vn 0.5555702 0 -0.8314696
vn 0.5555702 0 -0.8314696
vn 0.5555702 0 -0.8314696
vn 0.8314696 0 0.5555702
vn 0.8314696 0 0.5555702
vn 0.8314696 0 0.5555702
vn 0.8314696 0 0.5555702
vn 0.5555702 0 -0.8314696
vn 0.5555702 0 -0.8314696
vn 0.5555702 0 -0.8314696
vn 0.5555702 0 -0.8314696
vn -0 1 0
vn -0 1 0
vn -0 1 0
vn -0 1 0
vn -0.55557007 0 0.8314697
vn -0.55557007 0 0.8314697
vn -0.55557007 0 0.8314697
vn -0.55557007 0 0.8314697
vn -0 1 0
vn -0 1 0
vn -0 1 0
vn -0 1 0
vn -0.98078525 0 0.19509065
vn -0.98078525 0 0.19509065
vn -0.98078525 0 0.19509065
vn -0.98078525 0 0.19509065
vn -0.5555702 0 0.8314696
vn -0.5555702 0 0.8314696
vn -0.5555702 0 0.8314696
vn -0.5555702 0 0.8314696
vn -0.8314696 0 -0.5555702
vn -0.8314696 0 -0.5555702
vn -0.8314696 0 -0.5555702
vn -0.8314696 0 -0.5555702
vn -0.8314697 0 -0.5555702
vn -0.8314697 0 -0.5555702
vn -0.8314697 0 -0.5555702
vn -0.8314697 0 -0.5555702
vn 0.83146954 0 0.55557036
vn 0.83146954 0 0.55557036
vn 0.83146954 0 0.55557036
vn 0.83146954 0 0.55557036
vn -0.19509052 0 -0.98078525
vn -0.19509052 0 -0.98078525
vn -0.19509052 0 -0.98078525
vn -0.19509052 0 -0.98078525
vn -0 -1 0
vn -0 -1 0
vn -0 -1 0
vn -0 -1 0
vn -0 -1 0
vn -0 -1 0
vn -0 -1 0
vn -0 -1 0
vn 0.5555702 0 -0.8314696
vn 0.5555702 0 -0.8314696
vn 0.5555702 0 -0.8314696
vn 0.5555702 0 -0.8314696
vn -0 -1 0
vn -0 -1 0
vn -0 -1 0
vn -0 -1 0
vn 0.98078525 0 -0.19509065
vn 0.98078525 0 -0.19509065
vn 0.98078525 0 -0.19509065
vn 0.98078525 0 -0.19509065
vn -0 -1 0
vn -0 -1 0
vn -0 -1 0
vn -0 -1 0
vn 0.19509046 0 0.98078525
vn 0.19509046 0 0.98078525
vn 0.19509046 0 0.98078525
vn 0.19509046 0 0.98078525
vn 0.8314696 0 0.5555702
vn 0.8314696 0 0.5555702
vn 0.8314696 0 0.5555702
vn 0.8314696 0 0.5555702
vn -0.066158846 0 0.9978091
vn 0.32072228 0 0.9471733
vn 0.44296783 0 0.8965375
vn 0.06615894 0 0.9978091
vn 0.19509055 0 0.98078525
vn 0.19509055 0 0.98078525
vn 0.19509079 0 0.98078525
vn 0.19509079 0 0.98078525
vn 0.19509079 0 0.98078525
vn 0.19509079 0 0.98078525
vn -0 1 0
vn -0 1 0
vn -0 1 0
vn -0 1 0
vn -0.19509055 0 -0.98078525
vn -0.19509055 0 -0.98078525
vn -0.19509055 0 -0.98078525
vn -0.19509055 0 -0.98078525
vn -0.19509038 0 -0.98078525
vn -0.19509038 0 -0.98078525
vn -0.19509038 0 -0.98078525
vn -0.19509038 0 -0.98078525
vn -0.8965375 0 0.44296783
vn -0.9471733 0 0.3207223
vn -0.65877616 0 0.752339
vn -0.7523389 0 0.6587763
vn -0.75233895 0 0.65877616
vn -0.8965376 0 0.44296777
vn -0.9471733 0 0.3207222
vn -0.6587762 0 0.7523389
vn 0.98078525 0 -0.19509047
vn 0.98078525 0 -0.19509047
vn 0.98078525 0 -0.19509047
vn 0.98078525 0 -0.19509047
vn 0.8965376 0 -0.44296777
vn 0.9471733 0 -0.32072225
vn 0.6587762 0 -0.75233895
vn 0.75233895 0 -0.65877616
vn 0.7523389 0 -0.6587763
vn 0.8965375 0 -0.44296786
vn 0.9471733 0 -0.32072237
vn 0.6587761 0 -0.752339
vn -0.9471733 0 -0.3207223
vn -0.7523389 0 -0.6587762
vn -0.6587761 0 -0.7523391
vn -0.8965375 0 -0.44296783
vn -0.8314697 0 -0.55557007
vn -0.8314697 0 -0.55557007
vn 0.9471733 0 0.3207222
vn 0.75233895 0 0.65877616
vn 0.65877616 0 0.75233895
vn 0.8965376 0 0.44296777
vn 0.8314697 0 0.5555702
vn 0.8314697 0 0.5555702
vn 0.066158935 0 -0.9978091
vn -0.32072225 0 -0.9471733
vn -0.44296777 0 -0.8965375
vn -0.06615892 0 -0.9978091
vn -0.19509049 0 -0.98078525
vn -0.19509049 0 -0.98078525
vn 0.44296783 0 0.8965375
vn 0.06615893 0 0.9978091
vn -0.066158846 0 0.9978091
vn 0.32072225 0 0.9471733
vn 0.19509049 0 0.98078525
vn 0.19509049 0 0.98078525
vn -0.9471733 0 -0.32072222
vn -0.8965376 0 -0.44296777
vn -0.9978091 0 0.066158935
vn -0.9978091 0 -0.06615893
vn -0.9978091 0 -0.06615893
vn -0.9471733 0 -0.3207223
vn -0.8965375 0 -0.44296783
vn -0.9978091 0 0.066158906
vn 0.9471733 0 0.3207223
vn 0.8965375 0 0.44296783
vn 0.9978091 0 -0.06615893
vn 0.9978091 0 0.066158906
vn 0.9978091 0 0.0661589
vn 0.9471733 0 0.3207222
vn 0.8965376 0 0.44296777
vn 0.9978091 0 -0.066158965
vn -0.44296783 0 -0.8965375
vn -0.06615895 0 -0.9978091
vn 0.06615893 0 -0.9978091
vn -0.32072225 0 -0.9471733
vn -0.19509055 0 -0.98078525
vn -0.19509055 0 -0.98078525
vn -0.7523389 0 0.6587763
vn -0.4429679 0 0.8965375
vn -0.3207222 0 0.9471733
vn -0.65877616 0 0.752339
vn -0.55557024 0 0.83146954
vn -0.55557024 0 0.83146954
vn 0.75233895 0 -0.65877616
vn 0.44296783 0 -0.8965375
vn 0.32072225 0 -0.9471733
vn 0.6587762 0 -0.75233895
vn 0.55557024 0 -0.8314696
vn 0.55557024 0 -0.8314696
vn -0.44296777 0 -0.8965375
vn -0.32072225 0 -0.9471733
vn -0.75233895 0 -0.65877616
vn -0.65877616 0 -0.75233895
vn -0.6587761 0 -0.7523391
vn -0.44296783 0 -0.8965375
vn -0.32072225 0 -0.9471733
vn -0.7523389 0 -0.6587762
vn -0.3207222 0 0.9471733
vn -0.6587762 0 0.7523389
vn -0.75233895 0 0.65877616
vn -0.4429679 0 0.8965375
vn -0.55557036 0 0.8314695
vn -0.55557036 0 0.8314695
vn 0.44296783 0 0.8965375
vn 0.32072228 0 0.9471733
vn 0.75233895 0 0.6587762
vn 0.6587761 0 0.752339
vn 0.65877616 0 0.75233895
vn 0.44296783 0 0.8965375
vn 0.32072225 0 0.9471733
vn 0.75233895 0 0.65877616
vn 0.32072228 0 -0.9471733
vn 0.6587761 0 -0.752339
vn 0.7523389 0 -0.6587763
vn 0.4429679 0 -0.8965375
vn 0.55557024 0 -0.83146954
vn 0.55557024 0 -0.83146954
vn -0.9978091 0 -0.06615893
vn -0.9471733 0 0.3207223
vn -0.8965375 0 0.44296783
vn -0.9978091 0 0.066158935
vn -0.98078525 0 0.19509052
vn -0.98078525 0 0.19509052
vn 0.9978091 0 0.066158906
vn 0.9471733 0 -0.32072225
vn 0.8965376 0 -0.44296777
vn 0.9978091 0 -0.06615893
vn 0.98078525 0 -0.19509052
vn 0.98078525 0 -0.19509052
vn -0.3207222 0 0.9471733
vn -0.4429679 0 0.8965375
vn 0.06615894 0 0.9978091
vn -0.066158846 0 0.9978091
vn -0.066158846 0 0.9978091
vn -0.3207222 0 0.9471733
vn -0.4429679 0 0.8965375
vn 0.06615893 0 0.9978091
vn 0.32072225 0 -0.9471733
vn 0.44296783 0 -0.8965375
vn -0.06615892 0 -0.9978091
vn 0.066158935 0 -0.9978091
vn 0.06615893 0 -0.9978091
vn 0.32072228 0 -0.9471733
vn 0.4429679 0 -0.8965375
vn -0.06615895 0 -0.9978091
vn -0.8965376 0 0.44296777
vn -0.9978091 0 0.066158906
vn -0.9978091 0 -0.06615893
vn -0.9471733 0 0.3207222
vn -0.98078525 0 0.1950905
vn -0.98078525 0 0.1950905
vn 0.8965375 0 -0.44296786
vn 0.9978091 0 -0.066158965
vn 0.9978091 0 0.0661589
vn 0.9471733 0 -0.32072237
vn 0.98078525 0 -0.19509053
vn 0.98078525 0 -0.19509053
vn -0.65877616 0 -0.75233895
vn -0.8965376 0 -0.44296777
vn -0.9471733 0 -0.32072222
vn -0.75233895 0 -0.65877616
vn -0.8314697 0 -0.55557007
vn -0.8314697 0 -0.55557007
vn 0.6587761 0 0.752339
vn 0.8965375 0 0.44296783
vn 0.9471733 0 0.3207223
vn 0.75233895 0 0.6587762
vn 0.8314697 0 0.55557007
vn 0.8314697 0 0.55557007
vn -0 0 -1
vn -0 0 -1
vn -0 0 -1
vn -0 0 -1
vn 0.5555702 0 -0.8314696
vn 0.5555702 0 -0.8314696
vn 0.5555702 0 -0.8314696
vn 0.5555702 0 -0.8314696
vn -0 1 0
vn -0 1 0
vn -0 1 0
vn -0 1 0
vn -0 1 0
vn -0 1 0
vn -0 1 0
vn -0 1 0
vn -0 1 0
vn -0 1 0
vn -0 1 0
vn -0 1 0
vn -0 1 0
vn -0 1 0
vn -0 1 0
vn -0 1 0
vn -0 1 0
vn -0 1 0
vn -0 1 0
vn -0 1 0
vn -0 1 0
vn -0 1 0
vn -0 1 0
vn -0 1 0
vn -0 1 0
vn -0 1 0
vn -0 1 0
vn -0 1 0
vn -0 1 0
vn -0 1 0
vn -0 1 0
vn -0 1 0
vn -0 1 0
vn -0 1 0
vn -0 1 0
vn -0 1 0
vn -0 1 0
vn -0 1 0
vn -0 1 0
vn -0 1 0
vn -0 1 0
vn -0 1 0
vn -0 1 0
vn -0 1 0
vn -0 1 0
vn -0 1 0
vn -0 1 0
vn -0 1 0
vn -0 -1 0
vn -0 -1 0
vn -0 -1 0
vn -0 -1 0
vn -0 -1 0
vn -0 -1 0
vn -0 -1 0
vn -0 -1 0
vn -0 -1 0
vn -0 -1 0
vn -0 -1 0
vn -0 -1 0
vn -0 -1 0
vn -0 -1 0
vn -0 -1 0
vn -0 -1 0
vn -0 -1 0
vn -0 -1 0
vn -0 -1 0
vn -0 -1 0
vn -0 -1 0
vn -0 -1 0
vn -0 -1 0
vn -0 -1 0
vn -0 -1 0
vn -0 -1 0
vn -0 -1 0
vn -0 -1 0
vn -0 -1 0
vn -0 -1 0
vn -0 -1 0
vn -0 -1 0
vn -0 -1 0
vn -0 -1 0
vn -0 -1 0
vn -0 -1 0
vn -0 -1 0
vn -0 -1 0
vn -0 -1 0
vn -0 -1 0
vn -0 -1 0
vn -0 -1 0
vn -0 -1 0
vn -0 -1 0
vn -0 -1 0
vn -0 -1 0
vn -0 -1 0
vn -0 -1 0
vn -0.3826833 0 0.9238796
vn -0.3826833 0 0.9238796
vn -0.3826833 0 0.9238796
vn -0.3826833 0 0.9238796
vn 0.55557 0 -0.8314698
vn 0.55557 0 -0.8314698
vn 0.55557 0 -0.8314698
vn 0.55557 0 -0.8314698
vn -0.3826833 0 0.9238796
vn -0.3826833 0 0.9238796
vn -0.3826833 0 0.9238796
vn -0.3826833 0 0.9238796
vn -0.19509058 0 -0.98078525
vn -0.19509058 0 -0.98078525
vn -0.19509058 0 -0.98078525
vn -0.19509058 0 -0.98078525
vn 0.70710665 0 -0.7071069
vn 0.70710665 0 -0.7071069
vn 0.70710665 0 -0.7071069
vn 0.70710665 0 -0.7071069
vn -0.19509055 0 -0.98078525
vn -0.19509055 0 -0.98078525
vn -0.19509055 0 -0.98078525
vn -0.19509055 0 -0.98078525
vn 0.7071069 0 -0.70710665
vn 0.7071069 0 -0.70710665
vn 0.7071069 0 -0.70710665
vn 0.7071069 0 -0.70710665
vn 0.98078525 0 -0.19509056
vn 0.98078525 0 -0.19509056
vn 0.98078525 0 -0.19509056
vn 0.98078525 0 -0.19509056
vn -0.9238796 0 0.3826833
vn -0.9238796 0 0.3826833
vn -0.9238796 0 0.3826833
vn -0.9238796 0 0.3826833
vn 0.98078525 0 -0.19509058
vn 0.98078525 0 -0.19509058
vn 0.98078525 0 -0.19509058
vn 0.98078525 0 -0.19509058
vn -0.9238796 0 0.3826833
vn -0.9238796 0 0.3826833
vn -0.9238796 0 0.3826833
vn -0.9238796 0 0.3826833
vn -0 1 0
vn -0 1 0
vn -0 1 0
vn -0 1 0
vn -0 -1 0
vn -0 -1 0
vn -0 -1 0
vn -0 -1 0
vn -0 1 0
vn -0 1 0
vn -0 1 0
vn -0 1 0
vn -0 -1 0
vn -0 -1 0
vn -0 -1 0
vn -0 -1 0
vn -0 1 0
vn -0 1 0
vn -0 1 0
vn -0 1 0
vn -0 -1 0
vn -0 -1 0
vn -0 -1 0
vn -0 -1 0
vn -0 1 0
vn -0 1 0
vn -0 1 0
vn -0 1 0
vn -0 -1 0
vn -0 -1 0
vn -0 -1 0
vn -0 -1 0
vn -0 1 0
vn -0 1 0
vn -0 1 0
vn -0 1 0
vn -0 -1 0
vn -0 -1 0
vn -0 -1 0
vn -0 -1 0
vn -0 1 0
vn -0 1 0
vn -0 1 0
vn -0 1 0
vn -0 -1 0
vn -0 -1 0
vn -0 -1 0
vn -0 -1 0
vn -0 1 0
vn -0 1 0
vn -0 1 0
vn -0 1 0
vn -0 -1 0
vn -0 -1 0
vn -0 -1 0
vn -0 -1 0
vn -0 1 0
vn -0 1 0
vn -0 1 0
vn -0 1 0
vn -0 -1 0
vn -0 -1 0
vn -0 -1 0
vn -0 -1 0
vn -0.8314697 0 -0.55557007
vn -0.8314697 0 -0.55557007
vn -0.8314697 0 -0.55557007
vn -0.8314697 0 -0.55557007
vn -0 0 -1
vn -0 0 -1
vn -0 0 -1
vn -0 0 -1
vn -0.8314697 0 -0.55557007
vn -0.8314697 0 -0.55557007
vn -0.8314697 0 -0.55557007
vn -0.8314697 0 -0.55557007
vn 0.3826831 0 0.92387974
vn 0.3826831 0 0.92387974
vn 0.3826831 0 0.92387974
vn 0.3826831 0 0.92387974
vn 0.9238796 0 -0.3826833
vn 0.9238796 0 -0.3826833
vn 0.9238796 0 -0.3826833
vn 0.9238796 0 -0.3826833
vn 0.3826831 0 0.92387974
vn 0.3826831 0 0.92387974
vn 0.3826831 0 0.92387974
vn 0.3826831 0 0.92387974
vn -1 0 0
vn -1 0 0
vn -1 0 0
vn -1 0 0
vn -0.70710665 0 -0.7071069
vn -0.70710665 0 -0.7071069
vn -0.70710665 0 -0.7071069
vn -0.70710665 0 -0.7071069
vn -1 0 0
vn -1 0 0
vn -1 0 0
vn -1 0 0
vn -0.98078525 0 0.19509058
vn -0.98078525 0 0.19509058
vn -0.98078525 0 0.19509058
vn -0.98078525 0 0.19509058
vn -0.70710665 0 -0.7071069
vn -0.70710665 0 -0.7071069
vn -0.70710665 0 -0.7071069
vn -0.70710665 0 -0.7071069
vn 0.9238796 0 -0.3826833
vn 0.9238796 0 -0.3826833
vn 0.9238796 0 -0.3826833
vn 0.9238796 0 -0.3826833
vn -0.98078525 0 0.1950906
vn -0.98078525 0 0.1950906
vn -0.98078525 0 0.1950906
vn -0.98078525 0 0.1950906
vn 0.92387944 0 0.38268355
vn 0.92387944 0 0.38268355
vn 0.92387944 0 0.38268355
vn 0.92387944 0 0.38268355
vn -0.70710665 0 0.7071069
vn -0.70710665 0 0.7071069
vn -0.70710665 0 0.7071069
vn -0.70710665 0 0.7071069
vn 0.9238795 0 0.38268346
vn 0.9238795 0 0.38268346
vn 0.9238795 0 0.38268346
vn 0.9238795 0 0.38268346
vn -0.70710665 0 0.7071069
vn -0.70710665 0 0.7071069
vn -0.70710665 0 0.7071069
vn -0.70710665 0 0.7071069
vn 0.3826833 0 -0.9238796
vn 0.3826833 0 -0.9238796
vn 0.3826833 0 -0.9238796
vn 0.3826833 0 -0.9238796
vn -0.5555702 0 0.8314696
vn -0.5555702 0 0.8314696
vn -0.5555702 0 0.8314696
vn -0.5555702 0 0.8314696
vn 0.3826833 0 -0.9238796
vn 0.3826833 0 -0.9238796
vn 0.3826833 0 -0.9238796
vn 0.3826833 0 -0.9238796
vn -0.55557 0 0.8314698
vn -0.55557 0 0.8314698
vn -0.55557 0 0.8314698
vn -0.55557 0 0.8314698
vn -0 0 1
vn -0 0 1
vn -0 0 1
vn -0 0 1
vn -0 0 1
vn -0 0 1
vn -0 0 1
vn -0 0 1
vn -0.3826831 0 -0.92387974
vn -0.3826831 0 -0.92387974
vn -0.3826831 0 -0.92387974
vn -0.3826831 0 -0.92387974
vn 0.19509058 0 0.98078525
vn 0.19509058 0 0.98078525
vn 0.19509058 0 0.98078525
vn 0.19509058 0 0.98078525
vn -0.3826831 0 -0.92387974
vn -0.3826831 0 -0.92387974
vn -0.3826831 0 -0.92387974
vn -0.3826831 0 -0.92387974
vn 0.19509055 0 0.98078525
vn 0.19509055 0 0.98078525
vn 0.19509055 0 0.98078525
vn 0.19509055 0 0.98078525
vn 0.7071069 0 0.70710665
vn 0.7071069 0 0.70710665
vn 0.7071069 0 0.70710665
vn 0.7071069 0 0.70710665
vn 0.70710665 0 0.7071069
vn 0.70710665 0 0.7071069
vn 0.70710665 0 0.7071069
vn 0.70710665 0 0.7071069
vn -0.9238795 0 -0.38268346
vn -0.9238795 0 -0.38268346
vn -0.9238795 0 -0.38268346
vn -0.9238795 0 -0.38268346
vn 0.8314697 0 0.5555701
vn 0.8314697 0 0.5555701
vn 0.8314697 0 0.5555701
vn 0.8314697 0 0.5555701
vn -0.92387944 0 -0.38268355
vn -0.92387944 0 -0.38268355
vn -0.92387944 0 -0.38268355
vn -0.92387944 0 -0.38268355
vn 0.8314697 0 0.5555702
vn 0.8314697 0 0.5555702
vn 0.8314697 0 0.5555702
vn 0.8314697 0 0.5555702
vn 1 0 0
vn 1 0 0
vn 1 0 0
vn 1 0 0
vn 1 0 0
vn 1 0 0
vn 1 0 0
vn 1 0 0
vn -0 -1 0
vn -0 -1 0
vn -0 -1 0
vn -0 -1 0
vn -0 -1 0
vn -0 -1 0
vn -0 -1 0
vn -0 -1 0
vn -0 -1 0
vn -0 -1 0
vn -0 -1 0
vn -0 -1 0
vn -0 -1 0
vn -0 -1 0
vn -0 -1 0
vn -0 -1 0
vn -0 1 0
vn -0 1 0
vn -0 1 0
vn -0 1 0
vn -0 1 0
vn -0 1 0
vn -0 1 0
vn -0 1 0
vn -0 1 0
vn -0 1 0
vn -0 1 0
vn -0 1 0
vn -0 1 0
vn -0 1 0
vn -0 1 0
vn -0 1 0
vn -0.38268343 0 0.9238795
vn -0 0 1
vn -0 0 1
vn -0.3826835 0 0.9238795
vn 0.38268355 0 0.92387944
vn -0.70710665 0 0.7071069
vn 0.38268346 0 0.9238795
vn -0.70710665 0 0.7071068
vn 0.7071068 0 0.70710665
vn -0.9238795 0 0.38268346
vn 0.7071068 0 0.7071067
vn -0.9238795 0 0.38268346
vn 0.9238795 0 0.38268352
vn -1 0 0
vn 0.9238795 0 0.38268352
vn -1 0 0
vn 1 0 0
vn -0.9238795 0 -0.3826835
vn 1 0 0
vn -0.9238795 0 -0.38268352
vn 0.9238795 0 -0.3826834
vn -0.7071066 0 -0.7071069
vn 0.9238795 0 -0.3826835
vn -0.70710665 0 -0.7071069
vn 0.70710665 0 -0.7071069
vn -0.38268346 0 -0.9238795
vn 0.70710665 0 -0.7071069
vn -0.3826835 0 -0.9238795
vn 0.38268343 0 -0.9238795
vn -0 0 -1
vn 0.3826835 0 -0.9238795
vn -0 0 -1
vn 0.70710677 0 -0.7071067
vn 0.7071069 0 -0.70710665
vn 0.9238796 0 -0.38268322
vn 0.9238796 0 -0.38268322
vn 0.38268343 0 -0.9238795
vn 1 0 0
vn 0.38268343 0 -0.9238795
vn 1 0 0
vn -0 0 -1
vn 0.9238795 0 0.3826833
vn -0 0 -1
vn 0.9238796 0 0.3826833
vn -0.3826833 0 -0.9238795
vn 0.70710677 0 0.7071067
vn -0.3826833 0 -0.9238796
vn 0.70710677 0 0.7071067
vn -0.70710677 0 -0.70710677
vn 0.38268346 0 0.9238795
vn -0.70710677 0 -0.7071067
vn 0.3826835 0 0.9238795
vn -0.9238795 0 -0.3826834
vn -0 0 1
vn -0.9238795 0 -0.38268328
vn -0 0 1
vn -1 0 0
vn -0.38268346 0 0.9238795
vn -1 0 0
vn -0.3826835 0 0.9238795
vn -0.9238795 0 0.38268352
vn -0.7071067 0 0.70710677
vn -0.9238795 0 0.38268352
vn -0.7071067 0 0.70710677
vn -0 -1 0
vn -0 -1 0
vn -0 -1 0
vn -0 -1 0
vn -0 -1 0
vn -0 -1 0
vn -0 -1 0
vn -0 -1 0
vn -0 -1 0
vn -0 -1 0
vn -0 -1 0
vn -0 -1 0
vn -0 -1 0
vn -0 -1 0
vn -0 -1 0
vn -0 -1 0
vn -0 -1 0
vn -0 -1 0
vn -0 -1 0
vn -0 -1 0
vn -0 -1 0
vn -0 -1 0
vn -0 -1 0
vn -0 -1 0
vn -0 -1 0
vn -0 -1 0
vn -0 -1 0
vn -0 -1 0
vn -0 -1 0
vn -0 -1 0
vn -0 -1 0
vn -0 -1 0
vn -0 1 0
vn -0 1 0
vn -0 1 0
vn -0 1 0
vn -0 1 0
vn -0 1 0
vn -0 1 0
vn -0 1 0
vn -0 1 0
vn -0 1 0
vn -0 1 0
vn -0 1 0
vn -0 1 0
vn -0 1 0
vn -0 1 0
vn -0 1 0
vn -0 1 0
vn -0 1 0
vn -0 1 0
vn -0 1 0
vn -0 1 0
vn -0 1 0
vn -0 1 0
vn -0 1 0
vn -0 1 0
vn -0 1 0
vn -0 1 0
vn -0 1 0
vn -0 1 0
vn -0 1 0
vn -0 1 0
vn -0 1 0
vn 1 0 0
vn 0.9238795 0 -0.38268355
vn 0.9238795 0 -0.38268355
vn 1 0 0
vn 0.70710677 0 -0.70710677
vn 0.92387944 0 0.38268355
vn 0.70710677 0 -0.70710677
vn 0.9238795 0 0.38268352
vn 0.3826834 0 -0.9238795
vn 0.7071067 0 0.70710677
vn 0.38268346 0 -0.9238795
vn 0.70710665 0 0.7071068
vn -0 0 -1
vn 0.3826835 0 0.9238795
vn -0 0 -1
vn 0.38268343 0 0.9238795
vn -0.38268328 0 -0.9238796
vn -0 0 1
vn -0.38268328 0 -0.9238795
vn -0 0 1
vn -0.7071067 0 -0.70710677
vn -0.38268352 0 0.9238795
vn -0.7071067 0 -0.70710677
vn -0.38268352 0 0.9238795
vn -0.9238795 0 -0.38268346
vn -0.70710677 0 0.70710677
vn -0.9238795 0 -0.38268346
vn -0.7071067 0 0.70710677
vn -1 0 0
vn -0.9238795 0 0.38268352
vn -1 0 0
vn -0.9238795 0 0.38268355
vn -0.9238795 0 -0.38268334
vn -0.9238795 0 -0.3826834
vn -0.70710677 0 -0.7071067
vn -0.7071068 0 -0.70710665
vn -1 0 0
vn -0.38268352 0 -0.9238795
vn -1 0 0
vn -0.38268352 0 -0.9238795
vn -0.9238795 0 0.38268334
vn -0 0 -1
vn -0.9238795 0 0.3826833
vn -0 0 -1
vn -0.70710665 0 0.7071069
vn 0.38268337 0 -0.9238795
vn -0.70710665 0 0.7071069
vn 0.38268334 0 -0.9238795
vn -0.38268355 0 0.92387944
vn 0.70710677 0 -0.70710677
vn -0.38268355 0 0.9238795
vn 0.70710677 0 -0.70710677
vn -0 0 1
vn 0.9238795 0 -0.38268355
vn -0 0 1
vn 0.9238795 0 -0.38268352
vn 0.38268355 0 0.92387944
vn 1 0 0
vn 0.38268355 0 0.9238795
vn 1 0 0
vn 0.7071067 0 0.70710677
vn 0.9238795 0 0.38268343
vn 0.70710677 0 0.70710677
vn 0.9238795 0 0.38268343
vn -0 -1 0
vn -0 -1 0
vn -0 -1 0
vn -0 -1 0
vn -0 -1 0
vn -0 -1 0
vn -0 -1 0
vn -0 -1 0
vn -0 -1 0
vn -0 -1 0
vn -0 -1 0
vn -0 -1 0
vn -0 -1 0
vn -0 -1 0
vn -0 -1 0
vn -0 -1 0
vn -0 -1 0
vn -0 -1 0
vn -0 -1 0
vn -0 -1 0
vn -0 -1 0
vn -0 -1 0
vn -0 -1 0
vn -0 -1 0
vn -0 -1 0
vn -0 -1 0
vn -0 -1 0
vn -0 -1 0
vn -0 -1 0
vn -0 -1 0
vn -0 -1 0
vn -0 -1 0
vn -0 1 0
vn -0 1 0
vn -0 1 0
vn -0 1 0
vn -0 1 0
vn -0 1 0
vn -0 1 0
vn -0 1 0
vn -0 1 0
vn -0 1 0
vn -0 1 0
vn -0 1 0
vn -0 1 0
vn -0 1 0
vn -0 1 0
vn -0 1 0
vn -0 1 0
vn -0 1 0
vn -0 1 0
vn -0 1 0
vn -0 1 0
vn -0 1 0
vn -0 1 0
vn -0 1 0
vn -0 1 0
vn -0 1 0
vn -0 1 0
vn -0 1 0
vn -0 1 0
vn -0 1 0
vn -0 1 0
vn -0 1 0
vn 0.70710677 0 0.70710677
vn 0.9238795 0 0.38268343
vn 0.9238795 0 0.38268343
vn 0.7071068 0 0.70710665
vn 1 0 0
vn 0.38268343 0 0.9238795
vn 1 0 0
vn 0.38268346 0 0.9238795
vn 0.92387944 0 -0.38268355
vn -0 0 1
vn 0.9238795 0 -0.38268355
vn -0 0 1
vn 0.70710665 0 -0.7071068
vn -0.3826834 0 0.9238795
vn 0.7071067 0 -0.70710677
vn -0.38268343 0 0.9238795
vn 0.38268343 0 -0.9238795
vn -0.7071067 0 0.70710677
vn 0.38268346 0 -0.9238795
vn -0.7071067 0 0.70710677
vn -0 0 -1
vn -0.9238795 0 0.38268352
vn -0 0 -1
vn -0.9238795 0 0.38268355
vn -0.3826835 0 -0.9238795
vn -1 0 0
vn -0.3826835 0 -0.9238795
vn -1 0 0
vn -0.70710677 0 -0.70710677
vn -0.9238795 0 -0.38268355
vn -0.70710677 0 -0.70710677
vn -0.92387944 0 -0.38268355
vn 0.70710677 0 0.70710677
vn 0.70710677 0 0.7071067
vn 0.3826835 0 0.9238795
vn 0.3826835 0 0.9238795
vn 0.9238795 0 0.3826833
vn -0 0 1
vn 0.9238795 0 0.38268328
vn -0 0 1
vn 1 0 0
vn -0.38268343 0 0.9238795
vn 1 0 0
vn -0.38268346 0 0.9238795
vn 0.9238795 0 -0.38268328
vn -0.70710665 0 0.7071068
vn 0.9238795 0 -0.3826833
vn -0.7071067 0 0.7071068
vn 0.70710677 0 -0.70710677
vn -0.92387944 0 0.38268355
vn 0.70710677 0 -0.70710677
vn -0.9238795 0 0.38268355
vn 0.3826834 0 -0.9238795
vn -1 0 0
vn 0.38268343 0 -0.9238795
vn -1 0 0
vn -0 0 -1
vn -0.9238795 0 -0.3826835
vn -0 0 -1
vn -0.9238795 0 -0.38268343
vn -0.38268343 0 -0.9238795
vn -0.70710677 0 -0.7071067
vn -0.38268346 0 -0.9238795
vn -0.70710677 0 -0.70710677
g The Wheel cockpit_0
f 3/3/3 2/2/2 1/1/1
f 4/4/4 3/3/3 1/1/1
f 7/7/7 6/6/6 5/5/5
f 8/8/8 7/7/7 5/5/5
f 11/11/11 10/10/10 9/9/9
f 12/12/12 11/11/11 9/9/9
f 15/15/15 14/14/14 13/13/13
f 16/16/16 15/15/15 13/13/13
f 19/19/19 18/18/18 17/17/17
f 20/20/20 19/19/19 17/17/17
f 23/23/23 22/22/22 21/21/21
f 24/24/24 23/23/23 21/21/21
f 27/27/27 26/26/26 25/25/25
f 28/28/28 27/27/27 25/25/25
f 31/31/31 30/30/30 29/29/29
f 32/32/32 31/31/31 29/29/29
f 35/35/35 34/34/34 33/33/33
f 36/36/36 35/35/35 33/33/33
f 39/39/39 38/38/38 37/37/37
f 40/40/40 39/39/39 37/37/37
f 43/43/43 42/42/42 41/41/41
f 44/44/44 43/43/43 41/41/41
f 47/47/47 46/46/46 45/45/45
f 48/48/48 47/47/47 45/45/45
f 51/51/51 50/50/50 49/49/49
f 52/52/52 51/51/51 49/49/49
f 55/55/55 54/54/54 53/53/53
f 56/56/56 55/55/55 53/53/53
f 59/59/59 58/58/58 57/57/57
f 60/60/60 59/59/59 57/57/57
f 63/63/63 62/62/62 61/61/61
f 64/64/64 63/63/63 61/61/61
f 67/67/67 66/66/66 65/65/65
f 68/68/68 67/67/67 65/65/65
f 71/71/71 70/70/70 69/69/69
f 72/72/72 71/71/71 69/69/69
f 75/75/75 74/74/74 73/73/73
f 76/76/76 75/75/75 73/73/73
f 79/79/79 78/78/78 77/77/77
f 80/80/80 79/79/79 77/77/77
f 83/83/83 82/82/82 81/81/81
f 84/84/84 83/83/83 81/81/81
f 87/87/87 86/86/86 85/85/85
f 88/88/88 87/87/87 85/85/85
f 91/91/91 90/90/90 89/89/89
f 92/92/92 91/91/91 89/89/89
f 95/95/95 94/94/94 93/93/93
f 96/96/96 95/95/95 93/93/93
f 99/99/99 98/98/98 97/97/97
f 100/100/100 99/99/99 97/97/97
f 103/103/103 102/102/102 101/101/101
f 104/104/104 103/103/103 101/101/101
f 107/107/107 106/106/106 105/105/105
f 108/108/108 107/107/107 105/105/105
f 111/111/111 110/110/110 109/109/109
f 112/112/112 111/111/111 109/109/109
f 115/115/115 114/114/114 113/113/113
f 116/116/116 115/115/115 113/113/113
f 119/119/119 118/118/118 117/117/117
f 120/120/120 119/119/119 117/117/117
f 123/123/123 122/122/122 121/121/121
f 124/124/124 123/123/123 121/121/121
f 127/127/127 126/126/126 125/125/125
f 128/128/128 127/127/127 125/125/125
f 131/131/131 130/130/130 129/129/129
f 132/132/132 131/131/131 129/129/129
f 135/135/135 134/134/134 133/133/133
f 136/136/136 135/135/135 133/133/133
f 139/139/139 138/138/138 137/137/137
f 140/140/140 139/139/139 137/137/137
f 143/143/143 142/142/142 141/141/141
f 142/142/142 144/144/144 141/141/141
f 142/142/142 145/145/145 144/144/144
f 145/145/145 146/146/146 144/144/144
f 149/149/149 148/148/148 147/147/147
f 150/150/150 149/149/149 147/147/147
f 153/153/153 152/152/152 151/151/151
f 154/154/154 153/153/153 151/151/151
f 157/157/157 156/156/156 155/155/155
f 158/158/158 157/157/157 155/155/155
f 161/161/161 160/160/160 159/159/159
f 162/162/162 161/161/161 159/159/159
f 165/165/165 164/164/164 163/163/163
f 166/166/166 165/165/165 163/163/163
f 167/167/167 166/166/166 163/163/163
f 168/168/168 167/167/167 163/163/163
f 168/168/168 169/169/169 167/167/167
f 169/169/169 170/170/170 167/167/167
f 173/173/173 172/172/172 171/171/171
f 174/174/174 173/173/173 171/171/171
f 177/177/177 176/176/176 175/175/175
f 178/178/178 177/177/177 175/175/175
f 179/179/179 178/178/178 175/175/175
f 180/180/180 179/179/179 175/175/175
f 180/180/180 181/181/181 179/179/179
f 181/181/181 182/182/182 179/179/179
f 185/185/185 184/184/184 183/183/183
f 184/184/184 186/186/186 183/183/183
f 184/184/184 187/187/187 186/186/186
f 187/187/187 188/188/188 186/186/186
f 191/191/191 190/190/190 189/189/189
f 190/190/190 192/192/192 189/189/189
f 190/190/190 193/193/193 192/192/192
f 193/193/193 194/194/194 192/192/192
f 197/197/197 196/196/196 195/195/195
f 196/196/196 198/198/198 195/195/195
f 196/196/196 199/199/199 198/198/198
f 199/199/199 200/200/200 198/198/198
f 203/203/203 202/202/202 201/201/201
f 202/202/202 204/204/204 201/201/201
f 202/202/202 205/205/205 204/204/204
f 205/205/205 206/206/206 204/204/204
f 209/209/209 208/208/208 207/207/207
f 210/210/210 209/209/209 207/207/207
f 211/211/211 210/210/210 207/207/207
f 212/212/212 211/211/211 207/207/207
f 212/212/212 213/213/213 211/211/211
f 213/213/213 214/214/214 211/211/211
f 217/217/217 216/216/216 215/215/215
f 218/218/218 217/217/217 215/215/215
f 219/219/219 218/218/218 215/215/215
f 220/220/220 219/219/219 215/215/215
f 220/220/220 221/221/221 219/219/219
f 221/221/221 222/222/222 219/219/219
f 225/225/225 224/224/224 223/223/223
f 224/224/224 226/226/226 223/223/223
f 224/224/224 227/227/227 226/226/226
f 227/227/227 228/228/228 226/226/226
f 231/231/231 230/230/230 229/229/229
f 230/230/230 232/232/232 229/229/229
f 230/230/230 233/233/233 232/232/232
f 233/233/233 234/234/234 232/232/232
f 237/237/237 236/236/236 235/235/235
f 236/236/236 238/238/238 235/235/235
f 236/236/236 239/239/239 238/238/238
f 239/239/239 240/240/240 238/238/238
f 243/243/243 242/242/242 241/241/241
f 244/244/244 243/243/243 241/241/241
f 245/245/245 244/244/244 241/241/241
f 246/246/246 245/245/245 241/241/241
f 246/246/246 247/247/247 245/245/245
f 247/247/247 248/248/248 245/245/245
f 251/251/251 250/250/250 249/249/249
f 250/250/250 252/252/252 249/249/249
f 250/250/250 253/253/253 252/252/252
f 253/253/253 254/254/254 252/252/252
f 257/257/257 256/256/256 255/255/255
f 258/258/258 257/257/257 255/255/255
f 259/259/259 258/258/258 255/255/255
f 260/260/260 259/259/259 255/255/255
f 260/260/260 261/261/261 259/259/259
f 261/261/261 262/262/262 259/259/259
f 265/265/265 264/264/264 263/263/263
f 264/264/264 266/266/266 263/263/263
f 264/264/264 267/267/267 266/266/266
f 267/267/267 268/268/268 266/266/266
f 271/271/271 270/270/270 269/269/269
f 270/270/270 272/272/272 269/269/269
f 270/270/270 273/273/273 272/272/272
f 273/273/273 274/274/274 272/272/272
f 277/277/277 276/276/276 275/275/275
f 276/276/276 278/278/278 275/275/275
f 276/276/276 279/279/279 278/278/278
f 279/279/279 280/280/280 278/278/278
f 283/283/283 282/282/282 281/281/281
f 284/284/284 283/283/283 281/281/281
f 285/285/285 284/284/284 281/281/281
f 286/286/286 285/285/285 281/281/281
f 286/286/286 287/287/287 285/285/285
f 287/287/287 288/288/288 285/285/285
f 291/291/291 290/290/290 289/289/289
f 292/292/292 291/291/291 289/289/289
f 293/293/293 292/292/292 289/289/289
f 294/294/294 293/293/293 289/289/289
f 294/294/294 295/295/295 293/293/293
f 295/295/295 296/296/296 293/293/293
f 299/299/299 298/298/298 297/297/297
f 298/298/298 300/300/300 297/297/297
f 298/298/298 301/301/301 300/300/300
f 301/301/301 302/302/302 300/300/300
f 305/305/305 304/304/304 303/303/303
f 304/304/304 306/306/306 303/303/303
f 304/304/304 307/307/307 306/306/306
f 307/307/307 308/308/308 306/306/306
f 311/311/311 310/310/310 309/309/309
f 310/310/310 312/312/312 309/309/309
f 310/310/310 313/313/313 312/312/312
f 313/313/313 314/314/314 312/312/312
f 317/317/317 316/316/316 315/315/315
f 316/316/316 318/318/318 315/315/315
f 316/316/316 319/319/319 318/318/318
f 319/319/319 320/320/320 318/318/318
f 323/323/323 322/322/322 321/321/321
f 324/324/324 323/323/323 321/321/321
f 327/327/327 326/326/326 325/325/325
f 328/328/328 327/327/327 325/325/325
f 331/331/331 330/330/330 329/329/329
f 332/332/332 331/331/331 329/329/329
f 332/332/332 329/329/329 333/333/333
f 334/334/334 332/332/332 333/333/333
f 333/333/333 329/329/329 335/335/335
f 336/336/336 332/332/332 334/334/334
f 329/329/329 337/337/337 335/335/335
f 335/335/335 337/337/337 338/338/338
f 339/339/339 336/336/336 334/334/334
f 337/337/337 340/340/340 338/338/338
f 337/337/337 341/341/341 340/340/340
f 341/341/341 342/342/342 340/340/340
f 338/338/338 340/340/340 343/343/343
f 340/340/340 344/344/344 343/343/343
f 343/343/343 344/344/344 345/345/345
f 344/344/344 346/346/346 345/345/345
f 344/344/344 347/347/347 346/346/346
f 347/347/347 348/348/348 346/346/346
f 345/345/345 346/346/346 349/349/349
f 346/346/346 350/350/350 349/349/349
f 349/349/349 350/350/350 351/351/351
f 350/350/350 352/352/352 351/351/351
f 350/350/350 353/353/353 352/352/352
f 353/353/353 354/354/354 352/352/352
f 351/351/351 352/352/352 355/355/355
f 352/352/352 356/356/356 355/355/355
f 355/355/355 356/356/356 357/357/357
f 356/356/356 358/358/358 357/357/357
f 356/356/356 359/359/359 358/358/358
f 359/359/359 360/360/360 358/358/358
f 357/357/357 358/358/358 361/361/361
f 358/358/358 362/362/362 361/361/361
f 361/361/361 362/362/362 363/363/363
f 362/362/362 364/364/364 363/363/363
f 362/362/362 365/365/365 364/364/364
f 365/365/365 366/366/366 364/364/364
f 363/363/363 364/364/364 367/367/367
f 364/364/364 368/368/368 367/367/367
f 367/367/367 368/368/368 369/369/369
f 368/368/368 370/370/370 369/369/369
f 368/368/368 371/371/371 370/370/370
f 371/371/371 372/372/372 370/370/370
f 369/369/369 370/370/370 373/373/373
f 370/370/370 374/374/374 373/373/373
f 373/373/373 374/374/374 339/339/339
f 374/374/374 336/336/336 339/339/339
f 374/374/374 375/375/375 336/336/336
f 375/375/375 376/376/376 336/336/336
f 379/379/379 378/378/378 377/377/377
f 380/380/380 379/379/379 377/377/377
f 380/380/380 377/377/377 381/381/381
f 381/381/381 377/377/377 382/382/382
f 383/383/383 380/380/380 381/381/381
f 377/377/377 384/384/384 382/382/382
f 385/385/385 380/380/380 383/383/383
f 382/382/382 384/384/384 386/386/386
f 387/387/387 385/385/385 383/383/383
f 384/384/384 388/388/388 386/386/386
f 384/384/384 389/389/389 388/388/388
f 389/389/389 390/390/390 388/388/388
f 386/386/386 388/388/388 391/391/391
f 388/388/388 392/392/392 391/391/391
f 391/391/391 392/392/392 393/393/393
f 392/392/392 394/394/394 393/393/393
f 392/392/392 395/395/395 394/394/394
f 395/395/395 396/396/396 394/394/394
f 393/393/393 394/394/394 397/397/397
f 394/394/394 398/398/398 397/397/397
f 397/397/397 398/398/398 399/399/399
f 398/398/398 400/400/400 399/399/399
f 398/398/398 401/401/401 400/400/400
f 401/401/401 402/402/402 400/400/400
f 399/399/399 400/400/400 403/403/403
f 400/400/400 404/404/404 403/403/403
f 403/403/403 404/404/404 405/405/405
f 404/404/404 406/406/406 405/405/405
f 404/404/404 407/407/407 406/406/406
f 407/407/407 408/408/408 406/406/406
f 405/405/405 406/406/406 409/409/409
f 406/406/406 410/410/410 409/409/409
f 409/409/409 410/410/410 411/411/411
f 410/410/410 412/412/412 411/411/411
f 410/410/410 413/413/413 412/412/412
f 413/413/413 414/414/414 412/412/412
f 411/411/411 412/412/412 415/415/415
f 412/412/412 416/416/416 415/415/415
f 415/415/415 416/416/416 417/417/417
f 416/416/416 418/418/418 417/417/417
f 416/416/416 419/419/419 418/418/418
f 419/419/419 420/420/420 418/418/418
f 417/417/417 418/418/418 421/421/421
f 418/418/418 422/422/422 421/421/421
f 421/421/421 422/422/422 387/387/387
f 422/422/422 385/385/385 387/387/387
f 422/422/422 423/423/423 385/385/385
f 423/423/423 424/424/424 385/385/385
f 427/427/427 426/426/426 425/425/425
f 428/428/428 427/427/427 425/425/425
f 431/431/431 430/430/430 429/429/429
f 432/432/432 431/431/431 429/429/429
f 435/435/435 434/434/434 433/433/433
f 436/436/436 435/435/435 433/433/433
f 439/439/439 438/438/438 437/437/437
f 440/440/440 439/439/439 437/437/437
f 443/443/443 442/442/442 441/441/441
f 444/444/444 443/443/443 441/441/441
f 447/447/447 446/446/446 445/445/445
f 448/448/448 447/447/447 445/445/445
f 451/451/451 450/450/450 449/449/449
f 452/452/452 451/451/451 449/449/449
f 455/455/455 454/454/454 453/453/453
f 456/456/456 455/455/455 453/453/453
f 459/459/459 458/458/458 457/457/457
f 460/460/460 459/459/459 457/457/457
f 463/463/463 462/462/462 461/461/461
f 464/464/464 463/463/463 461/461/461
f 467/467/467 466/466/466 465/465/465
f 468/468/468 467/467/467 465/465/465
f 471/471/471 470/470/470 469/469/469
f 472/472/472 471/471/471 469/469/469
f 475/475/475 474/474/474 473/473/473
f 476/476/476 475/475/475 473/473/473
f 479/479/479 478/478/478 477/477/477
f 480/480/480 479/479/479 477/477/477
f 483/483/483 482/482/482 481/481/481
f 484/484/484 483/483/483 481/481/481
f 487/487/487 486/486/486 485/485/485
f 488/488/488 487/487/487 485/485/485
f 491/491/491 490/490/490 489/489/489
f 492/492/492 491/491/491 489/489/489
f 495/495/495 494/494/494 493/493/493
f 496/496/496 495/495/495 493/493/493
f 499/499/499 498/498/498 497/497/497
f 500/500/500 499/499/499 497/497/497
f 503/503/503 502/502/502 501/501/501
f 504/504/504 503/503/503 501/501/501
f 507/507/507 506/506/506 505/505/505
f 508/508/508 507/507/507 505/505/505
f 511/511/511 510/510/510 509/509/509
f 512/512/512 511/511/511 509/509/509
f 515/515/515 514/514/514 513/513/513
f 516/516/516 515/515/515 513/513/513
f 519/519/519 518/518/518 517/517/517
f 520/520/520 519/519/519 517/517/517
f 523/523/523 522/522/522 521/521/521
f 524/524/524 523/523/523 521/521/521
f 527/527/527 526/526/526 525/525/525
f 528/528/528 527/527/527 525/525/525
f 531/531/531 530/530/530 529/529/529
f 532/532/532 531/531/531 529/529/529
f 535/535/535 534/534/534 533/533/533
f 536/536/536 535/535/535 533/533/533
f 539/539/539 538/538/538 537/537/537
f 540/540/540 539/539/539 537/537/537
f 543/543/543 542/542/542 541/541/541
f 544/544/544 543/543/543 541/541/541
f 547/547/547 546/546/546 545/545/545
f 548/548/548 547/547/547 545/545/545
f 551/551/551 550/550/550 549/549/549
f 552/552/552 551/551/551 549/549/549
f 555/555/555 554/554/554 553/553/553
f 556/556/556 555/555/555 553/553/553
f 559/559/559 558/558/558 557/557/557
f 560/560/560 559/559/559 557/557/557
f 563/563/563 562/562/562 561/561/561
f 564/564/564 563/563/563 561/561/561
f 567/567/567 566/566/566 565/565/565
f 568/568/568 567/567/567 565/565/565
f 571/571/571 570/570/570 569/569/569
f 572/572/572 571/571/571 569/569/569
f 575/575/575 574/574/574 573/573/573
f 576/576/576 575/575/575 573/573/573
f 579/579/579 578/578/578 577/577/577
f 580/580/580 579/579/579 577/577/577
f 583/583/583 582/582/582 581/581/581
f 584/584/584 583/583/583 581/581/581
f 587/587/587 586/586/586 585/585/585
f 588/588/588 587/587/587 585/585/585
f 591/591/591 590/590/590 589/589/589
f 592/592/592 591/591/591 589/589/589
f 595/595/595 594/594/594 593/593/593
f 596/596/596 595/595/595 593/593/593
f 599/599/599 598/598/598 597/597/597
f 600/600/600 599/599/599 597/597/597
f 603/603/603 602/602/602 601/601/601
f 604/604/604 603/603/603 601/601/601
f 607/607/607 606/606/606 605/605/605
f 608/608/608 607/607/607 605/605/605
f 611/611/611 610/610/610 609/609/609
f 612/612/612 611/611/611 609/609/609
f 615/615/615 614/614/614 613/613/613
f 616/616/616 615/615/615 613/613/613
f 619/619/619 618/618/618 617/617/617
f 620/620/620 619/619/619 617/617/617
f 623/623/623 622/622/622 621/621/621
f 624/624/624 623/623/623 621/621/621
f 627/627/627 626/626/626 625/625/625
f 628/628/628 627/627/627 625/625/625
f 631/631/631 630/630/630 629/629/629
f 632/632/632 631/631/631 629/629/629
f 635/635/635 634/634/634 633/633/633
f 636/636/636 635/635/635 633/633/633
f 639/639/639 638/638/638 637/637/637
f 640/640/640 639/639/639 637/637/637
f 643/643/643 642/642/642 641/641/641
f 644/644/644 643/643/643 641/641/641
f 647/647/647 646/646/646 645/645/645
f 648/648/648 647/647/647 645/645/645
f 651/651/651 650/650/650 649/649/649
f 652/652/652 651/651/651 649/649/649
f 655/655/655 654/654/654 653/653/653
f 656/656/656 655/655/655 653/653/653
f 659/659/659 658/658/658 657/657/657
f 660/660/660 659/659/659 657/657/657
f 663/663/663 662/662/662 661/661/661
f 664/664/664 663/663/663 661/661/661
f 667/667/667 666/666/666 665/665/665
f 668/668/668 667/667/667 665/665/665
f 671/671/671 670/670/670 669/669/669
f 672/672/672 671/671/671 669/669/669
f 675/675/675 674/674/674 673/673/673
f 673/673/673 676/676/676 675/675/675
f 676/676/676 677/677/677 675/675/675
f 676/676/676 678/678/678 677/677/677
f 676/676/676 679/679/679 678/678/678
f 679/679/679 680/680/680 678/678/678
f 680/680/680 681/681/681 678/678/678
f 680/680/680 682/682/682 681/681/681
f 682/682/682 683/683/683 681/681/681
f 682/682/682 684/684/684 683/683/683
f 684/684/684 685/685/685 683/683/683
f 684/684/684 686/686/686 685/685/685
f 684/684/684 687/687/687 686/686/686
f 687/687/687 688/688/688 686/686/686
f 691/691/691 690/690/690 689/689/689
f 689/689/689 692/692/692 691/691/691
f 692/692/692 693/693/693 691/691/691
f 692/692/692 694/694/694 693/693/693
f 694/694/694 695/695/695 693/693/693
f 694/694/694 696/696/696 695/695/695
f 694/694/694 697/697/697 696/696/696
f 697/697/697 698/698/698 696/696/696
f 697/697/697 699/699/699 698/698/698
f 699/699/699 700/700/700 698/698/698
f 699/699/699 701/701/701 700/700/700
f 701/701/701 702/702/702 700/700/700
f 702/702/702 703/703/703 700/700/700
f 702/702/702 704/704/704 703/703/703
f 707/707/707 706/706/706 705/705/705
f 706/706/706 708/708/708 705/705/705
f 709/709/709 706/706/706 707/707/707
f 705/705/705 708/708/708 710/710/710
f 711/711/711 709/709/709 707/707/707
f 708/708/708 712/712/712 710/710/710
f 713/713/713 709/709/709 711/711/711
f 710/710/710 712/712/712 714/714/714
f 715/715/715 713/713/713 711/711/711
f 712/712/712 716/716/716 714/714/714
f 717/717/717 713/713/713 715/715/715
f 714/714/714 716/716/716 718/718/718
f 719/719/719 717/717/717 715/715/715
f 716/716/716 720/720/720 718/718/718
f 721/721/721 717/717/717 719/719/719
f 718/718/718 720/720/720 722/722/722
f 723/723/723 721/721/721 719/719/719
f 720/720/720 724/724/724 722/722/722
f 725/725/725 721/721/721 723/723/723
f 722/722/722 724/724/724 726/726/726
f 727/727/727 725/725/725 723/723/723
f 724/724/724 728/728/728 726/726/726
f 729/729/729 725/725/725 727/727/727
f 726/726/726 728/728/728 730/730/730
f 731/731/731 729/729/729 727/727/727
f 728/728/728 732/732/732 730/730/730
f 733/733/733 729/729/729 731/731/731
f 730/730/730 732/732/732 734/734/734
f 735/735/735 733/733/733 731/731/731
f 732/732/732 736/736/736 734/734/734
f 736/736/736 733/733/733 735/735/735
f 734/734/734 736/736/736 735/735/735
f 739/739/739 738/738/738 737/737/737
f 740/740/740 739/739/739 737/737/737
f 737/737/737 738/738/738 741/741/741
f 742/742/742 739/739/739 740/740/740
f 738/738/738 743/743/743 741/741/741
f 744/744/744 742/742/742 740/740/740
f 741/741/741 743/743/743 745/745/745
f 746/746/746 742/742/742 744/744/744
f 743/743/743 747/747/747 745/745/745
f 748/748/748 746/746/746 744/744/744
f 745/745/745 747/747/747 749/749/749
f 750/750/750 746/746/746 748/748/748
f 747/747/747 751/751/751 749/749/749
f 752/752/752 750/750/750 748/748/748
f 749/749/749 751/751/751 753/753/753
f 754/754/754 750/750/750 752/752/752
f 751/751/751 755/755/755 753/753/753
f 756/756/756 754/754/754 752/752/752
f 753/753/753 755/755/755 757/757/757
f 758/758/758 754/754/754 756/756/756
f 755/755/755 759/759/759 757/757/757
f 760/760/760 758/758/758 756/756/756
f 757/757/757 759/759/759 761/761/761
f 762/762/762 758/758/758 760/760/760
f 759/759/759 763/763/763 761/761/761
f 764/764/764 762/762/762 760/760/760
f 761/761/761 763/763/763 765/765/765
f 766/766/766 762/762/762 764/764/764
f 763/763/763 767/767/767 765/765/765
f 768/768/768 766/766/766 764/764/764
f 765/765/765 767/767/767 768/768/768
f 767/767/767 766/766/766 768/768/768
f 771/771/771 770/770/770 769/769/769
f 769/769/769 770/770/770 772/772/772
f 773/773/773 771/771/771 769/769/769
f 770/770/770 774/774/774 772/772/772
f 775/775/775 771/771/771 773/773/773
f 772/772/772 774/774/774 776/776/776
f 777/777/777 775/775/775 773/773/773
f 774/774/774 778/778/778 776/776/776
f 779/779/779 775/775/775 777/777/777
f 776/776/776 778/778/778 780/780/780
f 781/781/781 779/779/779 777/777/777
f 778/778/778 782/782/782 780/780/780
f 783/783/783 779/779/779 781/781/781
f 780/780/780 782/782/782 784/784/784
f 785/785/785 783/783/783 781/781/781
f 782/782/782 786/786/786 784/784/784
f 787/787/787 783/783/783 785/785/785
f 784/784/784 786/786/786 788/788/788
f 789/789/789 787/787/787 785/785/785
f 786/786/786 790/790/790 788/788/788
f 791/791/791 787/787/787 789/789/789
f 788/788/788 790/790/790 792/792/792
f 793/793/793 791/791/791 789/789/789
f 790/790/790 794/794/794 792/792/792
f 795/795/795 791/791/791 793/793/793
f 792/792/792 794/794/794 796/796/796
f 797/797/797 795/795/795 793/793/793
f 794/794/794 798/798/798 796/796/796
f 799/799/799 795/795/795 797/797/797
f 796/796/796 798/798/798 800/800/800
f 800/800/800 799/799/799 797/797/797
f 798/798/798 799/799/799 800/800/800
f 803/803/803 802/802/802 801/801/801
f 804/804/804 803/803/803 801/801/801
f 801/801/801 802/802/802 805/805/805
f 806/806/806 803/803/803 804/804/804
f 802/802/802 807/807/807 805/805/805
f 808/808/808 806/806/806 804/804/804
f 805/805/805 807/807/807 809/809/809
f 810/810/810 806/806/806 808/808/808
f 807/807/807 811/811/811 809/809/809
f 812/812/812 810/810/810 808/808/808
f 809/809/809 811/811/811 813/813/813
f 814/814/814 810/810/810 812/812/812
f 811/811/811 815/815/815 813/813/813
f 816/816/816 814/814/814 812/812/812
f 813/813/813 815/815/815 817/817/817
f 818/818/818 814/814/814 816/816/816
f 815/815/815 819/819/819 817/817/817
f 820/820/820 818/818/818 816/816/816
f 817/817/817 819/819/819 821/821/821
f 822/822/822 818/818/818 820/820/820
f 819/819/819 823/823/823 821/821/821
f 824/824/824 822/822/822 820/820/820
f 821/821/821 823/823/823 825/825/825
f 826/826/826 822/822/822 824/824/824
f 823/823/823 827/827/827 825/825/825
f 828/828/828 826/826/826 824/824/824
f 825/825/825 827/827/827 829/829/829
f 830/830/830 826/826/826 828/828/828
f 827/827/827 831/831/831 829/829/829
f 832/832/832 830/830/830 828/828/828
f 829/829/829 831/831/831 832/832/832
f 831/831/831 830/830/830 832/832/832
f 835/835/835 834/834/834 833/833/833
f 834/834/834 836/836/836 833/833/833
f 837/837/837 834/834/834 835/835/835
f 833/833/833 836/836/836 838/838/838
f 839/839/839 837/837/837 835/835/835
f 836/836/836 840/840/840 838/838/838
f 841/841/841 837/837/837 839/839/839
f 838/838/838 840/840/840 842/842/842
f 843/843/843 841/841/841 839/839/839
f 840/840/840 844/844/844 842/842/842
f 845/845/845 841/841/841 843/843/843
f 842/842/842 844/844/844 846/846/846
f 847/847/847 845/845/845 843/843/843
f 844/844/844 848/848/848 846/846/846
f 849/849/849 845/845/845 847/847/847
f 846/846/846 848/848/848 850/850/850
f 851/851/851 849/849/849 847/847/847
f 848/848/848 852/852/852 850/850/850
f 853/853/853 849/849/849 851/851/851
f 850/850/850 852/852/852 854/854/854
f 855/855/855 853/853/853 851/851/851
f 852/852/852 856/856/856 854/854/854
f 857/857/857 853/853/853 855/855/855
f 854/854/854 856/856/856 858/858/858
f 859/859/859 857/857/857 855/855/855
f 856/856/856 860/860/860 858/858/858
f 861/861/861 857/857/857 859/859/859
f 858/858/858 860/860/860 862/862/862
f 863/863/863 861/861/861 859/859/859
f 860/860/860 864/864/864 862/862/862
f 864/864/864 861/861/861 863/863/863
f 862/862/862 864/864/864 863/863/863
f 867/867/867 866/866/866 865/865/865
f 868/868/868 867/867/867 865/865/865
f 865/865/865 866/866/866 869/869/869
f 870/870/870 867/867/867 868/868/868
f 866/866/866 871/871/871 869/869/869
f 872/872/872 870/870/870 868/868/868
f 869/869/869 871/871/871 873/873/873
f 874/874/874 870/870/870 872/872/872
f 871/871/871 875/875/875 873/873/873
f 876/876/876 874/874/874 872/872/872
f 873/873/873 875/875/875 877/877/877
f 878/878/878 874/874/874 876/876/876
f 875/875/875 879/879/879 877/877/877
f 880/880/880 878/878/878 876/876/876
f 877/877/877 879/879/879 881/881/881
f 882/882/882 878/878/878 880/880/880
f 879/879/879 883/883/883 881/881/881
f 884/884/884 882/882/882 880/880/880
f 881/881/881 883/883/883 885/885/885
f 886/886/886 882/882/882 884/884/884
f 883/883/883 887/887/887 885/885/885
f 888/888/888 886/886/886 884/884/884
f 885/885/885 887/887/887 889/889/889
f 890/890/890 886/886/886 888/888/888
f 887/887/887 891/891/891 889/889/889
f 892/892/892 890/890/890 888/888/888
f 889/889/889 891/891/891 893/893/893
f 894/894/894 890/890/890 892/892/892
f 891/891/891 895/895/895 893/893/893
f 896/896/896 894/894/894 892/892/892
f 893/893/893 895/895/895 896/896/896
f 895/895/895 894/894/894 896/896/896
f 899/899/899 898/898/898 897/897/897
f 897/897/897 898/898/898 900/900/900
f 901/901/901 899/899/899 897/897/897
f 898/898/898 902/902/902 900/900/900
f 903/903/903 899/899/899 901/901/901
f 900/900/900 902/902/902 904/904/904
f 905/905/905 903/903/903 901/901/901
f 902/902/902 906/906/906 904/904/904
f 907/907/907 903/903/903 905/905/905
f 904/904/904 906/906/906 908/908/908
f 909/909/909 907/907/907 905/905/905
f 906/906/906 910/910/910 908/908/908
f 911/911/911 907/907/907 909/909/909
f 908/908/908 910/910/910 912/912/912
f 913/913/913 911/911/911 909/909/909
f 910/910/910 914/914/914 912/912/912
f 915/915/915 911/911/911 913/913/913
f 912/912/912 914/914/914 916/916/916
f 917/917/917 915/915/915 913/913/913
f 914/914/914 918/918/918 916/916/916
f 919/919/919 915/915/915 917/917/917
f 916/916/916 918/918/918 920/920/920
f 921/921/921 919/919/919 917/917/917
f 918/918/918 922/922/922 920/920/920
f 923/923/923 919/919/919 921/921/921
f 920/920/920 922/922/922 924/924/924
f 925/925/925 923/923/923 921/921/921
f 922/922/922 926/926/926 924/924/924
f 927/927/927 923/923/923 925/925/925
f 924/924/924 926/926/926 928/928/928
f 928/928/928 927/927/927 925/925/925
f 926/926/926 927/927/927 928/928/928
f 931/931/931 930/930/930 929/929/929
f 932/932/932 931/931/931 929/929/929
f 929/929/929 930/930/930 933/933/933
f 934/934/934 931/931/931 932/932/932
f 930/930/930 935/935/935 933/933/933
f 936/936/936 934/934/934 932/932/932
f 933/933/933 935/935/935 937/937/937
f 938/938/938 934/934/934 936/936/936
f 935/935/935 939/939/939 937/937/937
f 940/940/940 938/938/938 936/936/936
f 937/937/937 939/939/939 941/941/941
f 942/942/942 938/938/938 940/940/940
f 939/939/939 943/943/943 941/941/941
f 944/944/944 942/942/942 940/940/940
f 941/941/941 943/943/943 945/945/945
f 946/946/946 942/942/942 944/944/944
f 943/943/943 947/947/947 945/945/945
f 948/948/948 946/946/946 944/944/944
f 945/945/945 947/947/947 949/949/949
f 950/950/950 946/946/946 948/948/948
f 947/947/947 951/951/951 949/949/949
f 952/952/952 950/950/950 948/948/948
f 949/949/949 951/951/951 953/953/953
f 954/954/954 950/950/950 952/952/952
f 951/951/951 955/955/955 953/953/953
f 956/956/956 954/954/954 952/952/952
f 953/953/953 955/955/955 957/957/957
f 958/958/958 954/954/954 956/956/956
f 955/955/955 959/959/959 957/957/957
f 960/960/960 958/958/958 956/956/956
f 957/957/957 959/959/959 960/960/960
f 959/959/959 958/958/958 960/960/960
f 963/963/963 962/962/962 961/961/961
f 962/962/962 964/964/964 961/961/961
f 965/965/965 962/962/962 963/963/963
f 961/961/961 964/964/964 966/966/966
f 967/967/967 965/965/965 963/963/963
f 964/964/964 968/968/968 966/966/966
f 969/969/969 965/965/965 967/967/967
f 966/966/966 968/968/968 970/970/970
f 971/971/971 969/969/969 967/967/967
f 968/968/968 972/972/972 970/970/970
f 973/973/973 969/969/969 971/971/971
f 970/970/970 972/972/972 974/974/974
f 975/975/975 973/973/973 971/971/971
f 972/972/972 976/976/976 974/974/974
f 977/977/977 973/973/973 975/975/975
f 974/974/974 976/976/976 978/978/978
f 979/979/979 977/977/977 975/975/975
f 976/976/976 980/980/980 978/978/978
f 981/981/981 977/977/977 979/979/979
f 978/978/978 980/980/980 982/982/982
f 983/983/983 981/981/981 979/979/979
f 980/980/980 984/984/984 982/982/982
f 985/985/985 981/981/981 983/983/983
f 982/982/982 984/984/984 986/986/986
f 987/987/987 985/985/985 983/983/983
f 984/984/984 988/988/988 986/986/986
f 989/989/989 985/985/985 987/987/987
f 986/986/986 988/988/988 990/990/990
f 991/991/991 989/989/989 987/987/987
f 988/988/988 992/992/992 990/990/990
f 992/992/992 989/989/989 991/991/991
f 990/990/990 992/992/992 991/991/991
f 995/995/995 994/994/994 993/993/993
f 996/996/996 995/995/995 993/993/993
f 993/993/993 994/994/994 997/997/997
f 998/998/998 995/995/995 996/996/996
f 994/994/994 999/999/999 997/997/997
f 1000/1000/1000 998/998/998 996/996/996
f 997/997/997 999/999/999 1001/1001/1001
f 1002/1002/1002 998/998/998 1000/1000/1000
f 999/999/999 1003/1003/1003 1001/1001/1001
f 1004/1004/1004 1002/1002/1002 1000/1000/1000
f 1001/1001/1001 1003/1003/1003 1005/1005/1005
f 1006/1006/1006 1002/1002/1002 1004/1004/1004
f 1003/1003/1003 1007/1007/1007 1005/1005/1005
f 1008/1008/1008 1006/1006/1006 1004/1004/1004
f 1005/1005/1005 1007/1007/1007 1009/1009/1009
f 1010/1010/1010 1006/1006/1006 1008/1008/1008
f 1007/1007/1007 1011/1011/1011 1009/1009/1009
f 1012/1012/1012 1010/1010/1010 1008/1008/1008
f 1009/1009/1009 1011/1011/1011 1013/1013/1013
f 1014/1014/1014 1010/1010/1010 1012/1012/1012
f 1011/1011/1011 1015/1015/1015 1013/1013/1013
f 1016/1016/1016 1014/1014/1014 1012/1012/1012
f 1013/1013/1013 1015/1015/1015 1017/1017/1017
f 1018/1018/1018 1014/1014/1014 1016/1016/1016
f 1015/1015/1015 1019/1019/1019 1017/1017/1017
f 1020/1020/1020 1018/1018/1018 1016/1016/1016
f 1017/1017/1017 1019/1019/1019 1021/1021/1021
f 1022/1022/1022 1018/1018/1018 1020/1020/1020
f 1019/1019/1019 1023/1023/1023 1021/1021/1021
f 1024/1024/1024 1022/1022/1022 1020/1020/1020
f 1021/1021/1021 1023/1023/1023 1024/1024/1024
f 1023/1023/1023 1022/1022/1022 1024/1024/1024
