g Totend Castle New Complex
v 35.2904 -31.997711 13.174654
v 24.594233 -31.9977 13.174645
v 23.849098 -31.9977 13.174644
v -10.405839 -12.176086 14.6251
v -11.144644 -12.21196 15.625811
v -10.406521 -11.471832 15.625767
v -43.52195 -10.2703085 15.022957
v -42.783047 -11.007725 15.022957
v -43.512768 -11.009131 14.625143
v 23.849098 31.9977 13.174644
v 24.594233 31.9977 13.174645
v 35.2904 31.997711 13.174654
v -10.405839 12.176086 14.6251
v -10.406521 11.471832 15.625767
v -11.144644 12.21196 15.625811
v -43.52195 10.2703085 15.022957
v -43.512768 11.009131 14.625143
v -42.783047 11.007725 15.022957
v -42.784637 -24.391708 5.5130053
v -43.51277 -24.391712 5.5130053
v -43.512768 -11.009131 14.625143
v -42.783047 -11.007725 15.022957
v -42.73375 -42.52626 4.0708637
v -52.575775 -42.52626 13.174644
v -52.575775 -42.52626 4.0708637
v -42.73375 -42.52626 13.174644
v -30.966583 -42.52626 4.0708637
v -52.575775 -42.52626 15.022957
v -30.966583 -42.52626 13.174644
v -42.73375 -42.52626 15.022957
v -30.966583 -42.52626 15.022957
v -30.96011 -61.625168 4.0708637
v -30.966583 -42.52626 13.174644
v -30.966583 -42.52626 4.0708637
v -30.96011 -61.625168 13.174644
v -30.966583 -42.52626 15.022957
v -30.96011 -61.625168 15.022957
v -42.784637 -24.391708 4.0708637
v -42.783047 -11.007725 13.174644
v -42.783047 -11.007726 4.0708637
v -42.783783 -20.558006 4.0708637
v -42.783974 0 13.174644
v -42.783974 0 4.0708637
v -42.783047 -11.007725 13.174644
v -42.783047 11.007726 4.0708637
v -42.783047 11.007725 13.174644
v -42.783974 0 15.022957
v -42.783047 -11.007725 15.022957
v -42.784637 -24.391708 5.5130053
v -42.784637 -24.391708 4.0708637
v -42.783047 11.007725 15.022957
v -42.784637 24.391708 5.5130053
v -42.784637 24.391708 4.0708637
v -42.784637 24.391708 4.0708637
v -42.783783 20.558006 4.0708637
v -42.783047 11.007725 13.174644
v -0.249588 -42.526264 4.0708656
v -0.24976349 -61.625168 13.174644
v -0.24976349 -61.625168 4.0708637
v -0.24958801 -42.526264 13.174644
v -0.24976364 -61.625168 15.6257925
v -0.24958816 -42.526264 15.6257925
v -22.627998 0 4.0708637
v -22.66547 -12.232124 13.174644
v -22.66547 -12.232124 4.0708637
v -22.627998 0 13.174644
v -22.66547 -12.232124 15.625811
v -22.627998 0 15.625811
v -22.66547 12.232124 15.625811
v -22.66547 12.232124 13.174644
v -22.66547 12.232124 4.0708637
v -11.136443 -20.68188 4.0708637
v 7.7867355 -20.72991 13.174644
v 7.7867355 -20.72991 4.0708637
v -11.136443 -20.68188 13.174644
v 7.7867355 -20.72991 15.625811
v -22.660378 -20.619547 4.0708637
v -11.136443 -20.68188 15.625811
v -22.660378 -20.619547 6.7677326
v -11.144644 -12.21196 13.174644
v -22.66547 -12.232124 4.0708637
v -22.66547 -12.232124 13.174644
v -11.144644 -12.21196 15.625811
v -22.66547 -12.232124 15.625811
v -11.144644 -12.21196 15.625811
v -10.405839 -12.176086 14.6251
v -10.405839 -12.176081 13.174644
v 54.948128 -24.391659 4.0708637
v 54.948128 -31.99772 4.0708637
v 54.948128 -31.99772 13.174654
v 54.94817 -24.391659 13.174654
v 54.94817 -24.391659 15.625802
v 54.948128 -18.340172 15.625802
v 54.948128 -18.340172 13.174654
v 54.948128 -31.99772 13.174654
v 54.948128 -31.99772 15.625802
v 54.948128 -24.391659 4.0708637
v 54.948128 -18.340172 4.0708637
v 54.948128 -24.391659 -35.102737
v 54.948128 -18.340172 -35.102737
v 54.948128 -10.88762 4.0708637
v 54.948128 -10.88762 -35.102737
v 54.948128 0 4.0708637
v 54.948128 0 -35.102737
v 54.948128 10.88762 -35.102737
v 54.948128 10.88762 4.0708637
v 54.948128 18.340172 -35.102737
v 54.948128 18.340172 4.0708637
v 54.948128 24.391659 -35.102737
v 54.948128 24.391659 4.0708637
v 54.948128 18.340172 13.174654
v 54.94817 24.391659 13.174654
v 54.948128 18.340172 15.625802
v 54.94817 24.391659 15.625802
v 54.948128 31.99772 13.174654
v 54.948128 31.99772 15.625802
v 54.948128 24.391659 4.0708637
v 54.948128 31.99772 13.174654
v 54.948128 31.99772 4.0708637
v 11.553052 -42.526264 13.174644
v 11.5858755 -42.526264 4.0708632
v 23.849098 -42.526264 13.174644
v 11.553052 -42.526264 15.6257925
v 23.849098 -42.526264 15.6257925
v -0.24958816 -42.526264 15.6257925
v -0.24958801 -42.526264 13.174644
v 11.553052 -42.526264 13.174644
v -0.249588 -42.526264 4.0708656
v 11.5858755 -42.526264 4.0708632
v -0.24976349 -61.625168 4.0708637
v -0.24976349 -61.625168 -35.102737
v -30.96011 -61.625168 -35.102737
v -30.96011 -61.625168 4.0708637
v 33.00627 -61.625168 4.0708637
v 33.00627 -61.625168 -35.102737
v -0.24976349 -61.625168 -35.102737
v -0.24976349 -61.625168 4.0708637
v 33.00627 -61.625168 13.174644
v -0.24976349 -61.625168 13.174644
v 33.00627 -61.625168 15.6257925
v -0.24976364 -61.625168 15.6257925
v 54.948128 -31.99772 4.0708637
v 54.948128 -31.99772 -35.102737
v 47.150776 -42.526257 -35.102737
v 47.150776 -42.526257 4.0708637
v 33.00627 -61.625168 -35.102737
v 54.948128 -31.99772 13.174654
v 33.00627 -61.625168 4.0708637
v 47.150772 -42.526257 13.174654
v 54.948128 -31.99772 15.625802
v 33.00627 -61.625168 13.174644
v 47.150772 -42.526257 15.625802
v 33.00627 -61.625168 15.6257925
v 54.948128 -24.391659 4.0708637
v 54.948128 -24.391659 -35.102737
v 54.948128 -31.99772 -35.102737
v 54.948128 -31.99772 4.0708637
v -30.96011 -61.625168 4.0708637
v -30.96011 -61.625168 -35.102737
v -52.723885 -61.625168 -35.102737
v -52.723885 -61.625168 4.0708637
v -86.00511 -61.625168 -35.102737
v -30.96011 -61.625168 13.174644
v -86.00511 -61.625168 4.0708637
v -52.723885 -61.625168 13.174644
v -30.96011 -61.625168 15.022957
v -86.00511 -61.625168 13.174644
v -52.723885 -61.625168 15.022957
v -86.00511 -61.625168 15.022957
v -86.00511 -61.625168 4.0708637
v -86.00511 -61.625168 -35.102737
v -85.99068 -42.52626 -35.102737
v -85.99068 -42.52626 4.0708637
v -86.00511 -61.625168 13.174644
v -85.95676 0 -35.102737
v -85.99068 -42.52626 13.174644
v -86.00511 -61.625168 15.022957
v -85.99068 -42.52626 15.022957
v -85.95676 0 4.0708637
v -85.95676 0 13.174644
v -85.95676 0 15.022957
v -85.99068 42.52626 15.022957
v -85.99068 42.52626 13.174644
v -86.00511 61.625168 15.022957
v -86.00511 61.625168 13.174644
v -85.99068 42.52626 4.0708637
v -85.99068 42.52626 -35.102737
v -86.00511 61.625168 4.0708637
v -86.00511 61.625168 -35.102737
v 35.2842 -18.268707 4.0708637
v 35.28424 -24.391815 13.174654
v 35.284184 -24.391811 4.0708637
v 35.2842 -18.268505 13.174654
v 35.28424 -24.391815 15.625802
v 35.2842 -18.268505 15.625802
v 35.2904 -31.997711 15.625802
v 35.2904 -31.997711 13.174654
v 35.2904 -31.997711 13.174654
v 35.29595 -31.997864 4.070862
v 35.284184 -24.391811 4.0708637
v 35.29595 -31.997864 4.070862
v 35.2904 -31.997711 13.174654
v 23.849098 -31.9977 13.174644
v 23.849098 -31.9977 4.07086
v 11.581361 -31.9977 4.070863
v 23.849098 -31.9977 13.174644
v 23.849098 -31.9977 14.625143
v 11.581361 -31.9977 5.4315796
v 24.594233 -31.9977 13.174645
v 24.594233 -31.9977 15.625793
v 35.2904 -31.997711 13.174654
v 35.2904 -31.997711 15.625802
v 54.948128 -18.340172 4.0708637
v 54.948128 -18.340172 13.174654
v 35.2842 -18.268505 13.174654
v 35.2842 -18.268707 4.0708637
v 36.02984 -32.73655 13.174654
v 36.02984 -32.73655 15.625802
v 36.02308 -24.391514 15.625802
v 36.02308 -24.391514 13.174654
v 36.023045 -19.010042 15.625802
v 36.023045 -19.010042 13.174654
v -52.321243 -11.026108 13.174644
v -52.321243 -11.026108 15.022957
v -53.05976 -10.978882 15.022957
v -53.05978 -10.978882 13.174644
v -85.26572 -60.88633 13.174644
v -85.26572 -60.88633 15.022957
v -85.25184 -42.526833 15.022957
v -85.25184 -42.526833 13.174644
v -85.218506 -0.7388393 15.022957
v -85.218506 -0.7388393 13.174644
v 24.587938 -32.736538 13.174645
v 36.02984 -32.73655 15.625802
v 36.02984 -32.73655 13.174654
v 24.587938 -32.736538 15.625793
v 23.849098 -32.75121 13.174644
v 23.849098 -32.75121 14.625143
v 11.581684 -32.75121 4.070863
v 11.581684 -32.75121 5.4315796
v -53.05978 -10.978882 13.174644
v -53.05976 -10.978882 15.022957
v -53.156113 -24.385826 15.022957
v -53.156113 -24.385826 13.174644
v -53.3211 -43.2651 15.022957
v -53.3211 -43.2651 13.174644
v -52.723885 -60.88633 13.174644
v -85.26572 -60.88633 15.022957
v -85.26572 -60.88633 13.174644
v -52.723885 -60.88633 15.022957
v -31.6992 -60.88633 13.174644
v -31.6992 -60.88633 15.022957
v 0.48924452 -43.265102 13.174644
v 0.48924437 -43.265102 15.6257925
v 11.553052 -43.265102 15.6257925
v 11.553052 -43.265102 13.174644
v 23.860725 -43.265102 15.625793
v 23.860725 -43.265102 13.174645
v 54.20933 -24.391659 13.174654
v 54.20929 -31.75392 15.625802
v 54.20929 -31.75392 13.174654
v 54.20933 -24.391659 15.625802
v 54.209293 -19.076323 13.174654
v 54.209293 -19.076323 15.625802
v -10.406521 -11.4718275 13.174644
v -10.406521 -11.471832 15.625767
v -21.92436 -11.491987 15.625811
v -21.92436 -11.491987 13.174644
v 7.0385885 -12.197199 13.174644
v 7.0470877 -19.989191 15.625811
v 7.0470877 -19.989191 13.174644
v 7.0385885 -12.197199 15.6258
v 7.0269594 -0.73883927 13.174644
v 7.0269594 -0.73883927 15.6258
v 7.020256 0 13.174644
v 7.020256 0 15.625811
v 7.0269594 0.73883927 15.6258
v 7.0269594 0.73883927 13.174644
v 7.0385885 12.197199 15.6258
v 7.0385885 12.197199 13.174644
v 7.0470877 19.989191 15.625811
v 7.0470877 19.989191 13.174644
v 7.0470877 -19.989191 13.174644
v 7.0470877 -19.989191 15.625811
v -10.398317 -19.944912 15.625811
v -10.398317 -19.944912 13.174644
v -11.137167 -19.93437 15.625811
v -11.137167 -19.93437 13.174644
v -22.660793 -19.934366 6.7677326
v -22.660793 -19.934366 4.0708637
v -21.92436 -11.491987 13.174644
v -21.92436 -11.491987 15.625811
v -21.891418 -0.73883945 15.625811
v -21.891418 -0.73883945 13.174644
v -21.891422 0 15.625811
v -21.891422 0 13.174644
v -21.891418 0.73883945 13.174644
v -21.891418 0.73883945 15.625811
v -21.92436 11.491987 13.174644
v -21.92436 11.491987 15.625811
v -11.137167 -19.93437 15.625811
v -11.136443 -20.68188 15.625811
v -22.660378 -20.619547 6.7677326
v -22.660793 -19.934366 6.7677326
v 0.4890827 -60.88633 13.174644
v 0.48908255 -60.88633 15.6257925
v 0.48924437 -43.265102 15.6257925
v 0.48924452 -43.265102 13.174644
v 32.634056 -60.88633 13.174644
v 32.634056 -60.88633 15.6257925
v 0.48908255 -60.88633 15.6257925
v 0.4890827 -60.88633 13.174644
v 23.860725 -43.265102 13.174645
v 23.860725 -43.265102 15.625793
v 23.849098 -42.526264 15.6257925
v 23.849098 -42.526264 13.174644
v -85.218506 -0.7388393 15.022957
v -85.95676 0 15.022957
v -85.25922 0 15.022957
v -85.25184 -42.526833 15.022957
v -85.99068 -42.52626 15.022957
v -85.26572 -60.88633 15.022957
v -86.00511 -61.625168 15.022957
v -52.723885 -60.88633 15.022957
v -52.723885 -61.625168 15.022957
v -31.6992 -60.88633 15.022957
v -30.96011 -61.625168 15.022957
v -31.705172 -43.2651 15.022957
v -30.966583 -42.52626 15.022957
v -42.73375 -43.2651 15.022957
v -42.73375 -42.52626 15.022957
v -53.3211 -43.2651 15.022957
v -52.575775 -42.52626 15.022957
v -53.156113 -24.385826 15.022957
v -52.575775 -42.52626 15.022957
v -53.3211 -43.2651 15.022957
v -52.417297 -24.391708 15.022957
v -52.321243 -11.026108 15.022957
v -53.05976 -10.978882 15.022957
v -43.52275 -0.7388393 15.022957
v -42.783047 -11.007725 15.022957
v -43.52195 -10.2703085 15.022957
v -42.783974 0 15.022957
v -43.524742 0 15.022957
v 11.553052 -43.265102 15.6257925
v 23.849098 -42.526264 15.6257925
v 23.860725 -43.265102 15.625793
v 11.553052 -42.526264 15.6257925
v 0.48924437 -43.265102 15.6257925
v -0.24958816 -42.526264 15.6257925
v 0.48908255 -60.88633 15.6257925
v -0.24976364 -61.625168 15.6257925
v 32.634056 -60.88633 15.6257925
v 33.00627 -61.625168 15.6257925
v 46.55703 -42.086536 15.625802
v 47.150772 -42.526257 15.625802
v 54.20929 -31.75392 15.625802
v 54.948128 -31.99772 15.625802
v 54.20933 -24.391659 15.625802
v 54.94817 -24.391659 15.625802
v 54.209293 -19.076323 15.625802
v 54.948128 -18.340172 15.625802
v -21.891418 -0.73883945 15.625811
v -22.627998 0 15.625811
v -21.891422 0 15.625811
v -21.92436 -11.491987 15.625811
v -22.66547 -12.232124 15.625811
v -10.406521 -11.471832 15.625767
v -11.144644 -12.21196 15.625811
v 24.587938 -32.736538 15.625793
v 23.849098 -31.9977 14.625143
v 24.594233 -31.9977 15.625793
v 23.849098 -32.75121 14.625143
v 36.023045 -19.010042 15.625802
v 54.948128 -18.340172 15.625802
v 54.209293 -19.076323 15.625802
v 35.2842 -18.268505 15.625802
v 36.02308 -24.391514 15.625802
v 35.28424 -24.391815 15.625802
v 36.02984 -32.73655 15.625802
v 35.2904 -31.997711 15.625802
v 24.594233 -31.9977 15.625793
v 24.587938 -32.736538 15.625793
v -11.137167 -19.93437 15.625811
v -10.398317 -19.944912 15.625811
v -11.136443 -20.68188 15.625811
v 7.0470877 -19.989191 15.625811
v 7.7867355 -20.72991 15.625811
v 7.0385885 -12.197199 15.6258
v 7.7774277 -12.196421 15.6258
v 7.0269594 -0.73883927 15.6258
v 7.765049 0 15.6258
v 7.020256 0 15.625811
v 7.7867355 -20.72991 13.174644
v 7.7867355 -20.72991 15.625811
v 7.7774277 -12.196421 15.6258
v 7.7774277 -12.196421 13.174644
v 7.7867355 -20.72991 4.0708637
v 7.7774277 -12.196422 4.0708637
v 7.765049 0 15.6258
v 7.765049 0 13.174644
v 7.765049 0 4.0708637
v 7.7774277 12.196422 4.0708637
v 7.7774277 12.196421 13.174644
v 7.7867355 20.72991 4.0708637
v 7.7774277 12.196421 15.6258
v 7.7867355 20.72991 13.174644
v 7.7867355 20.72991 15.625811
v 36.023045 -19.010042 13.174654
v 36.023045 -19.010042 15.625802
v 54.209293 -19.076323 15.625802
v 54.209293 -19.076323 13.174654
v -42.73375 -43.2651 13.174644
v -31.705172 -43.2651 15.022957
v -31.705172 -43.2651 13.174644
v -42.73375 -43.2651 15.022957
v -53.3211 -43.2651 13.174644
v -53.3211 -43.2651 15.022957
v -85.218506 -0.7388393 13.174644
v -85.218506 -0.7388393 15.022957
v -85.25922 0 15.022957
v -85.25922 0 13.174644
v -11.144644 -12.21196 13.174644
v -11.144644 -12.21196 15.625811
v -10.406521 -11.471832 15.625767
v -10.406521 -11.4718275 13.174644
v -52.575775 -42.52626 13.174644
v -52.575775 -42.52626 15.022957
v -52.417297 -24.391708 15.022957
v -52.417297 -24.391708 13.174644
v -52.575775 -42.52626 4.0708637
v -52.321243 -11.026108 15.022957
v -52.417297 -24.391762 4.0708637
v -52.321243 -11.026108 13.174644
v -31.705172 -43.2651 13.174644
v -31.705172 -43.2651 15.022957
v -31.6992 -60.88633 15.022957
v -31.6992 -60.88633 13.174644
v 54.948128 -18.340172 13.174654
v 54.948128 -18.340172 15.625802
v 35.2842 -18.268505 15.625802
v 35.2842 -18.268505 13.174654
v -43.51277 -24.391712 4.0708637
v -43.51277 -24.391712 5.5130053
v -42.784637 -24.391708 5.5130053
v -42.784637 -24.391708 4.0708637
v 46.55703 -42.086536 13.174654
v 32.634056 -60.88633 15.6257925
v 32.634056 -60.88633 13.174644
v 46.55703 -42.086536 15.625802
v 54.20929 -31.75392 13.174654
v 54.20929 -31.75392 15.625802
v -22.660378 -20.619547 4.0708637
v -22.660793 -19.934366 4.0708637
v -22.660793 -19.934366 6.7677326
v -22.660378 -20.619547 6.7677326
v 11.581361 -31.9977 4.070863
v 11.581361 -31.9977 5.4315796
v 11.581684 -32.75121 5.4315796
v 11.581684 -32.75121 4.070863
v 23.849098 -31.9977 14.625143
v 23.849098 -32.75121 14.625143
v 11.581684 -32.75121 5.4315796
v 11.581361 -31.9977 5.4315796
v -43.512768 -11.009131 13.174644
v -43.51277 -24.391712 5.5130053
v -43.51277 -24.391712 4.0708637
v -43.512768 -11.009131 14.625143
v -43.52195 -10.2703085 13.174644
v -43.52195 -10.2703085 15.022957
v -43.52275 -0.7388393 13.174644
v -43.52275 -0.7388393 15.022957
v -43.524742 0 13.174644
v -43.524742 0 15.022957
v -43.52275 0.7388393 15.022957
v -43.52275 0.7388393 13.174644
v -43.52195 10.2703085 15.022957
v -43.52195 10.2703085 13.174644
v -43.512768 11.009131 14.625143
v -43.512768 11.009131 13.174644
v -43.51277 24.391712 5.5130053
v -43.51277 24.391712 4.0708637
v 6.455466 -19.440351 3.0708656
v 6.455466 -21.440351 3.0708656
v 8.455466 -21.440351 3.0708656
v 8.455466 -19.440351 3.0708656
v 6.455466 -19.440351 3.0708656
v 8.455466 -19.440351 3.0708656
v 8.455466 -19.440351 18.192858
v 6.455466 -19.440351 18.192858
v 6.455466 -21.440351 3.0708656
v 6.455466 -19.440351 3.0708656
v 6.455466 -19.440351 18.192858
v 6.455466 -21.440351 18.192858
v 8.455466 -21.440351 3.0708656
v 6.455466 -21.440351 3.0708656
v 6.455466 -21.440351 18.192858
v 8.455466 -21.440351 18.192858
v -0.5927107 -61.829918 16.094698
v -0.5927107 -61.829918 15.747288
v 0.62771624 -61.829918 15.747288
v 0.62771624 -61.829918 16.094698
v 8.455466 -19.440351 3.0708656
v 8.455466 -21.440351 3.0708656
v 8.455466 -21.440351 18.192858
v 8.455466 -19.440351 18.192858
v -22.998074 -12.450906 3.0708656
v -22.998074 -11.188423 3.0708656
v -22.998074 -11.188423 16.283138
v -22.998074 -12.450906 16.283138
v -21.735592 -12.450906 16.283138
v -22.998074 -12.450906 16.283138
v -22.998074 -11.188423 16.283138
v -21.735592 -11.188423 16.283138
v -21.735592 -11.188423 3.0708656
v -21.735592 -12.450906 3.0708656
v -21.735592 -12.450906 16.283138
v -21.735592 -11.188423 16.283138
v -22.998074 -11.188423 3.0708656
v -21.735592 -11.188423 3.0708656
v -21.735592 -11.188423 16.283138
v -22.998074 -11.188423 16.283138
v -84.80037 -60.3118 16.094698
v -84.80037 -60.3118 15.747288
v -86.0208 -60.3118 15.747288
v -86.0208 -60.3118 16.094698
v -22.998074 -11.188423 3.0708656
v -22.998074 -12.450906 3.0708656
v -21.735592 -12.450906 3.0708656
v -21.735592 -11.188423 3.0708656
v -32.36089 -41.871017 3.0708656
v -32.36089 -43.871017 3.0708656
v -30.36089 -43.871017 3.0708656
v -30.36089 -41.871017 3.0708656
v -32.36089 -41.871017 3.0708656
v -30.36089 -41.871017 3.0708656
v -30.36089 -41.871017 16.094698
v -32.36089 -41.871017 16.094698
v -32.36089 -43.871017 3.0708656
v -32.36089 -41.871017 3.0708656
v -32.36089 -41.871017 16.094698
v -32.36089 -43.871017 16.094698
v -30.36089 -43.871017 3.0708656
v -32.36089 -43.871017 3.0708656
v -32.36089 -43.871017 16.094698
v -30.36089 -43.871017 16.094698
v 8.065679 -21.050564 18.192858
v 8.065679 -21.050564 17.845448
v 8.065679 -19.83014 17.845448
v 8.065679 -19.83014 18.192858
v -30.36089 -41.871017 3.0708656
v -30.36089 -43.871017 3.0708656
v -30.36089 -43.871017 16.094698
v -30.36089 -41.871017 16.094698
v -0.8392143 -42.30086 3.0708656
v -0.8392143 -44.30086 3.0708656
v 1.1607857 -44.30086 3.0708656
v 1.1607857 -42.30086 3.0708656
v -0.8392143 -42.30086 3.0708656
v 1.1607857 -42.30086 3.0708656
v 1.1607857 -42.30086 16.094698
v -0.8392143 -42.30086 16.094698
v -0.8392143 -44.30086 3.0708656
v -0.8392143 -42.30086 3.0708656
v -0.8392143 -42.30086 16.094698
v -0.8392143 -44.30086 16.094698
v 1.1607857 -44.30086 3.0708656
v -0.8392143 -44.30086 3.0708656
v -0.8392143 -44.30086 16.094698
v 1.1607857 -44.30086 16.094698
v -32.114388 -60.60949 16.094698
v -32.114388 -60.60949 15.747288
v -32.114388 -61.829918 15.747288
v -32.114388 -61.829918 16.094698
v 1.1607857 -42.30086 3.0708656
v 1.1607857 -44.30086 3.0708656
v 1.1607857 -44.30086 16.094698
v 1.1607857 -42.30086 16.094698
v 35.12415 -17.799929 3.0708656
v 35.12415 -19.799929 3.0708656
v 37.12415 -19.799929 3.0708656
v 37.12415 -17.799929 3.0708656
v 35.12415 -17.799929 3.0708656
v 37.12415 -17.799929 3.0708656
v 37.12415 -17.799929 16.094698
v 35.12415 -17.799929 16.094698
v 35.12415 -19.799929 3.0708656
v 35.12415 -17.799929 3.0708656
v 35.12415 -17.799929 16.094698
v 35.12415 -19.799929 16.094698
v 37.12415 -19.799929 3.0708656
v 35.12415 -19.799929 3.0708656
v 35.12415 -19.799929 16.094698
v 37.12415 -19.799929 16.094698
v -84.80037 -61.532227 16.094698
v -84.80037 -61.532227 15.747288
v -84.80037 -60.3118 15.747288
v -84.80037 -60.3118 16.094698
v 37.12415 -17.799929 3.0708656
v 37.12415 -19.799929 3.0708656
v 37.12415 -19.799929 16.094698
v 37.12415 -17.799929 16.094698
v -53.56638 -41.727737 3.0708656
v -53.56638 -43.727737 3.0708656
v -51.56638 -43.727737 3.0708656
v -51.56638 -41.727737 3.0708656
v -53.56638 -41.727737 3.0708656
v -51.56638 -41.727737 3.0708656
v -51.56638 -41.727737 16.094698
v -53.56638 -41.727737 16.094698
v -53.56638 -43.727737 3.0708656
v -53.56638 -41.727737 3.0708656
v -53.56638 -41.727737 16.094698
v -53.56638 -43.727737 16.094698
v -51.56638 -43.727737 3.0708656
v -53.56638 -43.727737 3.0708656
v -53.56638 -43.727737 16.094698
v -51.56638 -43.727737 16.094698
v 6.8452535 -21.050564 18.192858
v 6.8452535 -21.050564 17.845448
v 8.065679 -21.050564 17.845448
v 8.065679 -21.050564 18.192858
v -51.56638 -41.727737 3.0708656
v -51.56638 -43.727737 3.0708656
v -51.56638 -43.727737 16.094698
v -51.56638 -41.727737 16.094698
v -32.504173 -60.219704 3.0708656
v -32.504173 -62.219704 3.0708656
v -30.504171 -62.219704 3.0708656
v -30.504171 -60.219704 3.0708656
v -32.504173 -60.219704 3.0708656
v -30.504171 -60.219704 3.0708656
v -30.504171 -60.219704 16.094698
v -32.504173 -60.219704 16.094698
v -32.504173 -62.219704 3.0708656
v -32.504173 -60.219704 3.0708656
v -32.504173 -60.219704 16.094698
v -32.504173 -62.219704 16.094698
v -30.504171 -62.219704 3.0708656
v -32.504173 -62.219704 3.0708656
v -32.504173 -62.219704 16.094698
v -30.504171 -62.219704 16.094698
v -30.893959 -60.60949 16.094698
v -30.893959 -60.60949 15.747288
v -32.114388 -60.60949 15.747288
v -32.114388 -60.60949 16.094698
v -30.504171 -60.219704 3.0708656
v -30.504171 -62.219704 3.0708656
v -30.504171 -62.219704 16.094698
v -30.504171 -60.219704 16.094698
v -0.98249817 -60.219704 3.0708656
v -0.98249817 -62.219704 3.0708656
v 1.0175037 -62.219704 3.0708656
v 1.0175037 -60.219704 3.0708656
v -0.98249817 -60.219704 3.0708656
v 1.0175037 -60.219704 3.0708656
v 1.0175037 -60.219704 16.094698
v -0.98249817 -60.219704 16.094698
v -0.98249817 -62.219704 3.0708656
v -0.98249817 -60.219704 3.0708656
v -0.98249817 -60.219704 16.094698
v -0.98249817 -62.219704 16.094698
v 1.0175037 -62.219704 3.0708656
v -0.98249817 -62.219704 3.0708656
v -0.98249817 -62.219704 16.094698
v 1.0175037 -62.219704 16.094698
v -86.0208 -61.532227 16.094698
v -86.0208 -61.532227 15.747288
v -84.80037 -61.532227 15.747288
v -84.80037 -61.532227 16.094698
v 1.0175037 -60.219704 3.0708656
v 1.0175037 -62.219704 3.0708656
v 1.0175037 -62.219704 16.094698
v 1.0175037 -60.219704 16.094698
v 53.36617 -17.656647 3.0708656
v 53.36617 -19.656647 3.0708656
v 55.36617 -19.656647 3.0708656
v 55.36617 -17.656647 3.0708656
v 53.36617 -17.656647 3.0708656
v 55.36617 -17.656647 3.0708656
v 55.36617 -17.656647 16.094698
v 53.36617 -17.656647 16.094698
v 53.36617 -19.656647 3.0708656
v 53.36617 -17.656647 3.0708656
v 53.36617 -17.656647 16.094698
v 53.36617 -19.656647 16.094698
v 55.36617 -19.656647 3.0708656
v 53.36617 -19.656647 3.0708656
v 53.36617 -19.656647 16.094698
v 55.36617 -19.656647 16.094698
v -30.893959 -61.829918 16.094698
v -30.893959 -61.829918 15.747288
v -30.893959 -60.60949 15.747288
v -30.893959 -60.60949 16.094698
v 55.36617 -17.656647 3.0708656
v 55.36617 -19.656647 3.0708656
v 55.36617 -19.656647 16.094698
v 55.36617 -17.656647 16.094698
v 34.780273 -31.239622 3.0708656
v 34.780273 -33.239624 3.0708656
v 36.780273 -33.239624 3.0708656
v 36.780273 -31.239622 3.0708656
v 34.780273 -31.239622 3.0708656
v 36.780273 -31.239622 3.0708656
v 36.780273 -31.239622 16.094698
v 34.780273 -31.239622 16.094698
v 34.780273 -33.239624 3.0708656
v 34.780273 -31.239622 3.0708656
v 34.780273 -31.239622 16.094698
v 34.780273 -33.239624 16.094698
v 36.780273 -33.239624 3.0708656
v 34.780273 -33.239624 3.0708656
v 34.780273 -33.239624 16.094698
v 36.780273 -33.239624 16.094698
v -43.827934 -10.4048195 16.094698
v -43.827934 -10.4048195 15.747288
v -43.827934 -11.625244 15.747288
v -43.827934 -11.625244 16.094698
v 36.780273 -31.239622 3.0708656
v 36.780273 -33.239624 3.0708656
v 36.780273 -33.239624 16.094698
v 36.780273 -31.239622 16.094698
v 22.674416 -31.32254 3.0708656
v 22.674416 -33.32254 3.0708656
v 24.674416 -33.32254 3.0708656
v 24.674416 -31.32254 3.0708656
v 22.674416 -31.32254 3.0708656
v 24.674416 -31.32254 3.0708656
v 24.674416 -31.32254 16.094698
v 22.674416 -31.32254 16.094698
v 22.674416 -33.32254 3.0708656
v 22.674416 -31.32254 3.0708656
v 22.674416 -31.32254 16.094698
v 22.674416 -33.32254 16.094698
v 24.674416 -33.32254 3.0708656
v 22.674416 -33.32254 3.0708656
v 22.674416 -33.32254 16.094698
v 24.674416 -33.32254 16.094698
v -32.114388 -61.829918 16.094698
v -32.114388 -61.829918 15.747288
v -30.893959 -61.829918 15.747288
v -30.893959 -61.829918 16.094698
v 24.674416 -31.32254 3.0708656
v 24.674416 -33.32254 3.0708656
v 24.674416 -33.32254 16.094698
v 24.674416 -31.32254 16.094698
v -12.23357 -19.299599 3.0708656
v -12.23357 -21.299599 3.0708656
v -10.23357 -21.299599 3.0708656
v -10.23357 -19.299599 3.0708656
v -12.23357 -19.299599 3.0708656
v -10.23357 -19.299599 3.0708656
v -10.23357 -19.299599 18.192858
v -12.23357 -19.299599 18.192858
v -12.23357 -21.299599 3.0708656
v -12.23357 -19.299599 3.0708656
v -12.23357 -19.299599 18.192858
v -12.23357 -21.299599 18.192858
v -10.23357 -21.299599 3.0708656
v -12.23357 -21.299599 3.0708656
v -12.23357 -21.299599 18.192858
v -10.23357 -21.299599 18.192858
v -42.607506 -10.4048195 16.094698
v -42.607506 -10.4048195 15.747288
v -43.827934 -10.4048195 15.747288
v -43.827934 -10.4048195 16.094698
v -10.23357 -19.299599 3.0708656
v -10.23357 -21.299599 3.0708656
v -10.23357 -21.299599 18.192858
v -10.23357 -19.299599 18.192858
v -44.21772 -10.015032 3.0708656
v -44.21772 -12.015032 3.0708656
v -42.21772 -12.015032 3.0708656
v -42.21772 -10.015032 3.0708656
v -44.21772 -10.015032 3.0708656
v -42.21772 -10.015032 3.0708656
v -42.21772 -10.015032 16.094698
v -44.21772 -10.015032 16.094698
v -44.21772 -12.015032 3.0708656
v -44.21772 -10.015032 3.0708656
v -44.21772 -10.015032 16.094698
v -44.21772 -12.015032 16.094698
v -42.21772 -12.015032 3.0708656
v -44.21772 -12.015032 3.0708656
v -44.21772 -12.015032 16.094698
v -42.21772 -12.015032 16.094698
v -53.176594 -42.117523 16.094698
v -53.176594 -42.117523 15.747288
v -53.176594 -43.33795 15.747288
v -53.176594 -43.33795 16.094698
v -42.21772 -10.015032 3.0708656
v -42.21772 -12.015032 3.0708656
v -42.21772 -12.015032 16.094698
v -42.21772 -10.015032 16.094698
v -10.405839 -12.176086 14.6251
v -10.406521 -11.471832 15.625767
v -10.406521 -11.4718275 13.174644
v -10.405839 -12.176081 13.174644
v -86.41058 -59.922012 3.0708656
v -86.41058 -61.922012 3.0708656
v -84.41058 -61.922012 3.0708656
v -84.41058 -59.922012 3.0708656
v -86.41058 -59.922012 3.0708656
v -84.41058 -59.922012 3.0708656
v -84.41058 -59.922012 16.094698
v -86.41058 -59.922012 16.094698
v -86.41058 -61.922012 3.0708656
v -86.41058 -59.922012 3.0708656
v -86.41058 -59.922012 16.094698
v -86.41058 -61.922012 16.094698
v -84.41058 -61.922012 3.0708656
v -86.41058 -61.922012 3.0708656
v -86.41058 -61.922012 16.094698
v -84.41058 -61.922012 16.094698
v -42.607506 -11.625244 16.094698
v -42.607506 -11.625244 15.747288
v -42.607506 -10.4048195 15.747288
v -42.607506 -10.4048195 16.094698
v -84.41058 -59.922012 3.0708656
v -84.41058 -61.922012 3.0708656
v -84.41058 -61.922012 16.094698
v -84.41058 -59.922012 16.094698
v 31.802647 -60.219704 3.0708656
v 31.802647 -62.219704 3.0708656
v 33.80265 -62.219704 3.0708656
v 33.80265 -60.219704 3.0708656
v 31.802647 -60.219704 3.0708656
v 33.80265 -60.219704 3.0708656
v 33.80265 -60.219704 16.094698
v 31.802647 -60.219704 16.094698
v 31.802647 -62.219704 3.0708656
v 31.802647 -60.219704 3.0708656
v 31.802647 -60.219704 16.094698
v 31.802647 -62.219704 16.094698
v 33.80265 -62.219704 3.0708656
v 31.802647 -62.219704 3.0708656
v 31.802647 -62.219704 16.094698
v 33.80265 -62.219704 16.094698
v -51.956165 -42.117523 16.094698
v -51.956165 -42.117523 15.747288
v -53.176594 -42.117523 15.747288
v -53.176594 -42.117523 16.094698
v 33.80265 -60.219704 3.0708656
v 33.80265 -62.219704 3.0708656
v 33.80265 -62.219704 16.094698
v 33.80265 -60.219704 16.094698
v 55.36617 -30.80447 3.0708656
v 55.36617 -32.80447 3.0708656
v 55.36617 -32.80447 16.094698
v 55.36617 -30.80447 16.094698
v -43.827934 -11.625244 16.094698
v -43.827934 -11.625244 15.747288
v -42.607506 -11.625244 15.747288
v -42.607506 -11.625244 16.094698
v 55.36617 -32.80447 3.0708656
v 53.36617 -32.80447 3.0708656
v 53.36617 -32.80447 16.094698
v 55.36617 -32.80447 16.094698
v 53.36617 -32.80447 3.0708656
v 53.36617 -30.80447 3.0708656
v 53.36617 -30.80447 16.094698
v 53.36617 -32.80447 16.094698
v 53.36617 -30.80447 3.0708656
v 55.36617 -30.80447 3.0708656
v 55.36617 -30.80447 16.094698
v 53.36617 -30.80447 16.094698
v 53.36617 -30.80447 3.0708656
v 53.36617 -32.80447 3.0708656
v 55.36617 -32.80447 3.0708656
v 55.36617 -30.80447 3.0708656
v 8.065679 -19.83014 17.845448
v 8.065679 -21.050564 17.845448
v 6.8452535 -21.050564 17.845448
v 6.8452535 -19.83014 17.845448
v -30.750677 -42.260803 15.747288
v -30.750677 -43.48123 15.747288
v -31.971102 -43.48123 15.747288
v -31.971102 -42.260803 15.747288
v 0.7709982 -42.690647 15.747288
v 0.7709982 -43.911076 15.747288
v -0.44942683 -43.911076 15.747288
v -0.44942683 -42.690647 15.747288
v 36.734364 -18.189716 15.747288
v 36.734364 -19.410141 15.747288
v 35.513935 -19.410141 15.747288
v 35.513935 -18.189716 15.747288
v -51.956165 -42.117523 15.747288
v -51.956165 -43.33795 15.747288
v -53.176594 -43.33795 15.747288
v -53.176594 -42.117523 15.747288
v -30.893959 -60.60949 15.747288
v -30.893959 -61.829918 15.747288
v -32.114388 -61.829918 15.747288
v -32.114388 -60.60949 15.747288
v 0.62771624 -60.60949 15.747288
v 0.62771624 -61.829918 15.747288
v -0.5927107 -61.829918 15.747288
v -0.5927107 -60.60949 15.747288
v 54.976383 -18.046434 15.747288
v 54.976383 -19.26686 15.747288
v 53.755955 -19.26686 15.747288
v 53.755955 -18.046434 15.747288
v 36.390488 -31.62941 15.747288
v 36.390488 -32.84984 15.747288
v 35.17006 -32.84984 15.747288
v 35.17006 -31.62941 15.747288
v 24.284628 -31.712328 15.747288
v 24.284628 -32.932755 15.747288
v 23.064203 -32.932755 15.747288
v 23.064203 -31.712328 15.747288
v -10.623358 -19.689386 17.845448
v -10.623358 -20.909811 17.845448
v -11.843782 -20.909811 17.845448
v -11.843782 -19.689386 17.845448
v -42.607506 -10.4048195 15.747288
v -42.607506 -11.625244 15.747288
v -43.827934 -11.625244 15.747288
v -43.827934 -10.4048195 15.747288
v -84.80037 -60.3118 15.747288
v -84.80037 -61.532227 15.747288
v -86.0208 -61.532227 15.747288
v -86.0208 -60.3118 15.747288
v 33.412865 -60.60949 15.747288
v 33.412865 -61.829918 15.747288
v 32.192432 -61.829918 15.747288
v 32.192432 -60.60949 15.747288
v 54.976383 -31.194258 15.747288
v 54.976383 -32.414684 15.747288
v 53.755955 -32.414684 15.747288
v 53.755955 -31.194258 15.747288
v 8.065679 -19.83014 18.192858
v 8.065679 -19.83014 17.845448
v 6.8452535 -19.83014 17.845448
v 6.8452535 -19.83014 18.192858
v -86.0208 -60.3118 16.094698
v -86.0208 -60.3118 15.747288
v -86.0208 -61.532227 15.747288
v -86.0208 -61.532227 16.094698
v 0.62771624 -61.829918 16.094698
v 0.62771624 -61.829918 15.747288
v 0.62771624 -60.60949 15.747288
v 0.62771624 -60.60949 16.094698
v 6.8452535 -19.83014 18.192858
v 6.8452535 -19.83014 17.845448
v 6.8452535 -21.050564 17.845448
v 6.8452535 -21.050564 18.192858
v 32.192432 -61.829918 16.094698
v 32.192432 -61.829918 15.747288
v 33.412865 -61.829918 15.747288
v 33.412865 -61.829918 16.094698
v 0.62771624 -60.60949 16.094698
v 0.62771624 -60.60949 15.747288
v -0.5927107 -60.60949 15.747288
v -0.5927107 -60.60949 16.094698
v 33.412865 -61.829918 16.094698
v 33.412865 -61.829918 15.747288
v 33.412865 -60.60949 15.747288
v 33.412865 -60.60949 16.094698
v -0.5927107 -60.60949 16.094698
v -0.5927107 -60.60949 15.747288
v -0.5927107 -61.829918 15.747288
v -0.5927107 -61.829918 16.094698
v 33.412865 -60.60949 16.094698
v 33.412865 -60.60949 15.747288
v 32.192432 -60.60949 15.747288
v 32.192432 -60.60949 16.094698
v 53.755955 -19.26686 16.094698
v 53.755955 -19.26686 15.747288
v 54.976383 -19.26686 15.747288
v 54.976383 -19.26686 16.094698
v 32.192432 -60.60949 16.094698
v 32.192432 -60.60949 15.747288
v 32.192432 -61.829918 15.747288
v 32.192432 -61.829918 16.094698
v 54.976383 -19.26686 16.094698
v 54.976383 -19.26686 15.747288
v 54.976383 -18.046434 15.747288
v 54.976383 -18.046434 16.094698
v 53.755955 -31.194258 16.094698
v 53.755955 -31.194258 15.747288
v 53.755955 -32.414684 15.747288
v 53.755955 -32.414684 16.094698
v 54.976383 -18.046434 16.094698
v 54.976383 -18.046434 15.747288
v 53.755955 -18.046434 15.747288
v 53.755955 -18.046434 16.094698
v -31.971102 -43.48123 16.094698
v -31.971102 -43.48123 15.747288
v -30.750677 -43.48123 15.747288
v -30.750677 -43.48123 16.094698
v 54.976383 -31.194258 16.094698
v 54.976383 -31.194258 15.747288
v 53.755955 -31.194258 15.747288
v 53.755955 -31.194258 16.094698
v 53.755955 -18.046434 16.094698
v 53.755955 -18.046434 15.747288
v 53.755955 -19.26686 15.747288
v 53.755955 -19.26686 16.094698
v -30.750677 -43.48123 16.094698
v -30.750677 -43.48123 15.747288
v -30.750677 -42.260803 15.747288
v -30.750677 -42.260803 16.094698
v 54.976383 -32.414684 16.094698
v 54.976383 -32.414684 15.747288
v 54.976383 -31.194258 15.747288
v 54.976383 -31.194258 16.094698
v 35.17006 -32.84984 16.094698
v 35.17006 -32.84984 15.747288
v 36.390488 -32.84984 15.747288
v 36.390488 -32.84984 16.094698
v -30.750677 -42.260803 16.094698
v -30.750677 -42.260803 15.747288
v -31.971102 -42.260803 15.747288
v -31.971102 -42.260803 16.094698
v 53.755955 -32.414684 16.094698
v 53.755955 -32.414684 15.747288
v 54.976383 -32.414684 15.747288
v 54.976383 -32.414684 16.094698
v 36.390488 -32.84984 16.094698
v 36.390488 -32.84984 15.747288
v 36.390488 -31.62941 15.747288
v 36.390488 -31.62941 16.094698
v -31.971102 -42.260803 16.094698
v -31.971102 -42.260803 15.747288
v -31.971102 -43.48123 15.747288
v -31.971102 -43.48123 16.094698
v 36.390488 -31.62941 16.094698
v 36.390488 -31.62941 15.747288
v 35.17006 -31.62941 15.747288
v 35.17006 -31.62941 16.094698
v -0.44942683 -43.911076 16.094698
v -0.44942683 -43.911076 15.747288
v 0.7709982 -43.911076 15.747288
v 0.7709982 -43.911076 16.094698
v 35.17006 -31.62941 16.094698
v 35.17006 -31.62941 15.747288
v 35.17006 -32.84984 15.747288
v 35.17006 -32.84984 16.094698
v 0.7709982 -43.911076 16.094698
v 0.7709982 -43.911076 15.747288
v 0.7709982 -42.690647 15.747288
v 0.7709982 -42.690647 16.094698
v 23.064203 -32.932755 16.094698
v 23.064203 -32.932755 15.747288
v 24.284628 -32.932755 15.747288
v 24.284628 -32.932755 16.094698
v 0.7709982 -42.690647 16.094698
v 0.7709982 -42.690647 15.747288
v -0.44942683 -42.690647 15.747288
v -0.44942683 -42.690647 16.094698
v 24.284628 -32.932755 16.094698
v 24.284628 -32.932755 15.747288
v 24.284628 -31.712328 15.747288
v 24.284628 -31.712328 16.094698
v -0.44942683 -42.690647 16.094698
v -0.44942683 -42.690647 15.747288
v -0.44942683 -43.911076 15.747288
v -0.44942683 -43.911076 16.094698
v 24.284628 -31.712328 16.094698
v 24.284628 -31.712328 15.747288
v 23.064203 -31.712328 15.747288
v 23.064203 -31.712328 16.094698
v 35.513935 -19.410141 16.094698
v 35.513935 -19.410141 15.747288
v 36.734364 -19.410141 15.747288
v 36.734364 -19.410141 16.094698
v 23.064203 -31.712328 16.094698
v 23.064203 -31.712328 15.747288
v 23.064203 -32.932755 15.747288
v 23.064203 -32.932755 16.094698
v 36.734364 -19.410141 16.094698
v 36.734364 -19.410141 15.747288
v 36.734364 -18.189716 15.747288
v 36.734364 -18.189716 16.094698
v -11.843782 -20.909811 18.192858
v -11.843782 -20.909811 17.845448
v -10.623358 -20.909811 17.845448
v -10.623358 -20.909811 18.192858
v 36.734364 -18.189716 16.094698
v 36.734364 -18.189716 15.747288
v 35.513935 -18.189716 15.747288
v 35.513935 -18.189716 16.094698
v -10.623358 -20.909811 18.192858
v -10.623358 -20.909811 17.845448
v -10.623358 -19.689386 17.845448
v -10.623358 -19.689386 18.192858
v 35.513935 -18.189716 16.094698
v 35.513935 -18.189716 15.747288
v 35.513935 -19.410141 15.747288
v 35.513935 -19.410141 16.094698
v -10.623358 -19.689386 18.192858
v -10.623358 -19.689386 17.845448
v -11.843782 -19.689386 17.845448
v -11.843782 -19.689386 18.192858
v -53.176594 -43.33795 16.094698
v -53.176594 -43.33795 15.747288
v -51.956165 -43.33795 15.747288
v -51.956165 -43.33795 16.094698
v -11.843782 -19.689386 18.192858
v -11.843782 -19.689386 17.845448
v -11.843782 -20.909811 17.845448
v -11.843782 -20.909811 18.192858
v -51.956165 -43.33795 16.094698
v -51.956165 -43.33795 15.747288
v -51.956165 -42.117523 15.747288
v -51.956165 -42.117523 16.094698
v -12.23357 -10.547825 3.0708656
v -12.23357 -12.547825 3.0708656
v -10.23357 -12.547825 3.0708656
v -10.23357 -10.547825 3.0708656
v -12.23357 -10.547825 3.0708656
v -10.23357 -10.547825 3.0708656
v -10.23357 -10.547825 18.192858
v -12.23357 -10.547825 18.192858
v -12.23357 -12.547825 3.0708656
v -12.23357 -10.547825 3.0708656
v -12.23357 -10.547825 18.192858
v -12.23357 -12.547825 18.192858
v -10.23357 -12.547825 3.0708656
v -12.23357 -12.547825 3.0708656
v -12.23357 -12.547825 18.192858
v -10.23357 -12.547825 18.192858
v -10.23357 -10.547825 3.0708656
v -10.23357 -12.547825 3.0708656
v -10.23357 -12.547825 18.192858
v -10.23357 -10.547825 18.192858
v -10.623358 -10.937613 17.8454
v -10.623358 -12.158037 17.8454
v -11.843782 -12.158037 17.8454
v -11.843782 -10.937613 17.8454
v -11.843782 -12.158037 18.192858
v -11.843782 -12.158037 17.8454
v -10.623358 -12.158037 17.8454
v -10.623358 -12.158037 18.192858
v -10.623358 -12.158037 18.192858
v -10.623358 -12.158037 17.8454
v -10.623358 -10.937613 17.8454
v -10.623358 -10.937613 18.192858
v -10.623358 -10.937613 18.192858
v -10.623358 -10.937613 17.8454
v -11.843782 -10.937613 17.8454
v -11.843782 -10.937613 18.192858
v -11.843782 -10.937613 18.192858
v -11.843782 -10.937613 17.8454
v -11.843782 -12.158037 17.8454
v -11.843782 -12.158037 18.192858
v -15.604046 -11.188423 3.0708656
v -15.604046 -12.450906 3.0708656
v -14.341563 -12.450906 3.0708656
v -14.341563 -11.188423 3.0708656
v -15.604046 -11.188423 3.0708656
v -14.341563 -11.188423 3.0708656
v -14.341563 -11.188423 16.283138
v -15.604046 -11.188423 16.283138
v -15.604046 -12.450906 3.0708656
v -15.604046 -11.188423 3.0708656
v -15.604046 -11.188423 16.283138
v -15.604046 -12.450906 16.283138
v -14.341563 -12.450906 3.0708656
v -15.604046 -12.450906 3.0708656
v -15.604046 -12.450906 16.283138
v -14.341563 -12.450906 16.283138
v -14.341563 -11.188423 3.0708656
v -14.341563 -12.450906 3.0708656
v -14.341563 -12.450906 16.283138
v -14.341563 -11.188423 16.283138
v -18.065762 -12.450906 3.0708656
v -19.328243 -12.450906 3.0708656
v -19.328243 -12.450906 16.283138
v -18.065762 -12.450906 16.283138
v -18.065762 -11.188423 3.0708656
v -18.065762 -12.450906 3.0708656
v -18.065762 -12.450906 16.283138
v -18.065762 -11.188423 16.283138
v -19.328243 -11.188423 3.0708656
v -18.065762 -11.188423 3.0708656
v -18.065762 -11.188423 16.283138
v -19.328243 -11.188423 16.283138
v -19.328243 -12.450906 3.0708656
v -19.328243 -11.188423 3.0708656
v -19.328243 -11.188423 16.283138
v -19.328243 -12.450906 16.283138
v -18.065762 -12.450906 16.283138
v -19.328243 -12.450906 16.283138
v -19.328243 -11.188423 16.283138
v -18.065762 -11.188423 16.283138
v -14.341563 -12.450906 16.283138
v -15.604046 -12.450906 16.283138
v -15.604046 -11.188423 16.283138
v -14.341563 -11.188423 16.283138
v -21.735592 -12.450906 3.0708656
v -22.998074 -12.450906 3.0708656
v -22.998074 -12.450906 16.283138
v -21.735592 -12.450906 16.283138
v -19.328243 -11.188423 3.0708656
v -19.328243 -12.450906 3.0708656
v -18.065762 -12.450906 3.0708656
v -18.065762 -11.188423 3.0708656
v -22.998074 -21.157925 3.0708656
v -22.998074 -19.895443 3.0708656
v -22.998074 -19.895443 9.0548725
v -22.998074 -21.157925 9.0548725
v -21.735592 -21.157925 9.0548725
v -22.998074 -21.157925 9.0548725
v -22.998074 -19.895443 9.0548725
v -21.735592 -19.895443 9.0548725
v -21.735592 -19.895443 3.0708656
v -21.735592 -21.157925 3.0708656
v -21.735592 -21.157925 9.0548725
v -21.735592 -19.895443 9.0548725
v -22.998074 -19.895443 3.0708656
v -21.735592 -19.895443 3.0708656
v -21.735592 -19.895443 9.0548725
v -22.998074 -19.895443 9.0548725
v -22.998074 -19.895443 3.0708656
v -22.998074 -21.157925 3.0708656
v -21.735592 -21.157925 3.0708656
v -21.735592 -19.895443 3.0708656
v -15.604046 -19.895443 3.0708656
v -15.604046 -21.157925 3.0708656
v -14.341563 -21.157925 3.0708656
v -14.341563 -19.895443 3.0708656
v -15.604046 -19.895443 3.0708656
v -14.341563 -19.895443 3.0708656
v -14.341563 -19.895443 14.917063
v -15.604046 -19.895443 14.917063
v -15.604046 -21.157925 3.0708656
v -15.604046 -19.895443 3.0708656
v -15.604046 -19.895443 14.917063
v -15.604046 -21.157925 14.917063
v -14.341563 -21.157925 3.0708656
v -15.604046 -21.157925 3.0708656
v -15.604046 -21.157925 14.917063
v -14.341563 -21.157925 14.917063
v -14.341563 -19.895443 3.0708656
v -14.341563 -21.157925 3.0708656
v -14.341563 -21.157925 14.917063
v -14.341563 -19.895443 14.917063
v -18.065762 -21.157925 3.0708656
v -19.328243 -21.157925 3.0708656
v -19.328243 -21.157925 12.162222
v -18.065762 -21.157925 12.162222
v -18.065762 -19.895443 3.0708656
v -18.065762 -21.157925 3.0708656
v -18.065762 -21.157925 12.162222
v -18.065762 -19.895443 12.162222
v -19.328243 -19.895443 3.0708656
v -18.065762 -19.895443 3.0708656
v -18.065762 -19.895443 12.162222
v -19.328243 -19.895443 12.162222
v -19.328243 -21.157925 3.0708656
v -19.328243 -19.895443 3.0708656
v -19.328243 -19.895443 12.162222
v -19.328243 -21.157925 12.162222
v -18.065762 -21.157925 12.162222
v -19.328243 -21.157925 12.162222
v -19.328243 -19.895443 12.162222
v -18.065762 -19.895443 12.162222
v -14.341563 -21.157925 14.917063
v -15.604046 -21.157925 14.917063
v -15.604046 -19.895443 14.917063
v -14.341563 -19.895443 14.917063
v -21.735592 -21.157925 3.0708656
v -22.998074 -21.157925 3.0708656
v -22.998074 -21.157925 9.0548725
v -21.735592 -21.157925 9.0548725
v -19.328243 -19.895443 3.0708656
v -19.328243 -21.157925 3.0708656
v -18.065762 -21.157925 3.0708656
v -18.065762 -19.895443 3.0708656
v 6.787359 -5.0596085 3.0708656
v 6.787359 -6.322091 3.0708656
v 8.049843 -6.322091 3.0708656
v 8.049843 -5.0596085 3.0708656
v 6.787359 -5.0596085 3.0708656
v 8.049843 -5.0596085 3.0708656
v 8.049843 -5.0596085 16.283138
v 6.787359 -5.0596085 16.283138
v 8.049843 -6.322091 16.283138
v 6.787359 -6.322091 16.283138
v 6.787359 -5.0596085 16.283138
v 8.049843 -5.0596085 16.283138
v 8.049843 -6.322091 3.0708656
v 6.787359 -6.322091 3.0708656
v 6.787359 -6.322091 16.283138
v 8.049843 -6.322091 16.283138
v 6.787359 -6.322091 3.0708656
v 6.787359 -5.0596085 3.0708656
v 6.787359 -5.0596085 16.283138
v 6.787359 -6.322091 16.283138
v 8.049843 -5.0596085 3.0708656
v 8.049843 -6.322091 3.0708656
v 8.049843 -6.322091 16.283138
v 8.049843 -5.0596085 16.283138
v -23.007166 -5.0596085 3.0708656
v -21.744682 -5.0596085 3.0708656
v -21.744682 -5.0596085 16.283138
v -23.007166 -5.0596085 16.283138
v -23.007166 -5.0596085 3.0708656
v -23.007166 -6.322091 3.0708656
v -21.744682 -6.322091 3.0708656
v -21.744682 -5.0596085 3.0708656
v -21.744682 -5.0596085 3.0708656
v -21.744682 -6.322091 3.0708656
v -21.744682 -6.322091 16.283138
v -21.744682 -5.0596085 16.283138
v -21.744682 -6.322091 3.0708656
v -23.007166 -6.322091 3.0708656
v -23.007166 -6.322091 16.283138
v -21.744682 -6.322091 16.283138
v -21.744682 -6.322091 16.283138
v -23.007166 -6.322091 16.283138
v -23.007166 -5.0596085 16.283138
v -21.744682 -5.0596085 16.283138
v -23.007166 -6.322091 3.0708656
v -23.007166 -5.0596085 3.0708656
v -23.007166 -5.0596085 16.283138
v -23.007166 -6.322091 16.283138
v -3.0430088 -19.6838 3.0708656
v -3.0430088 -20.946281 3.0708656
v -1.7805252 -20.946281 3.0708656
v -1.7805252 -19.6838 3.0708656
v -3.0430088 -19.6838 3.0708656
v -1.7805252 -19.6838 3.0708656
v -1.7805252 -19.6838 16.283138
v -3.0430088 -19.6838 16.283138
v -1.7805252 -20.946281 16.283138
v -3.0430088 -20.946281 16.283138
v -3.0430088 -19.6838 16.283138
v -1.7805252 -19.6838 16.283138
v -1.7805252 -20.946281 3.0708656
v -3.0430088 -20.946281 3.0708656
v -3.0430088 -20.946281 16.283138
v -1.7805252 -20.946281 16.283138
v -3.0430088 -20.946281 3.0708656
v -3.0430088 -19.6838 3.0708656
v -3.0430088 -19.6838 16.283138
v -3.0430088 -20.946281 16.283138
v -1.7805252 -19.6838 3.0708656
v -1.7805252 -20.946281 3.0708656
v -1.7805252 -20.946281 16.283138
v -1.7805252 -19.6838 16.283138
v -43.77691 -5.0596085 3.0708656
v -42.514427 -5.0596085 3.0708656
v -42.514427 -5.0596085 16.283138
v -43.77691 -5.0596085 16.283138
v -43.77691 -5.0596085 3.0708656
v -43.77691 -6.322091 3.0708656
v -42.514427 -6.322091 3.0708656
v -42.514427 -5.0596085 3.0708656
v -42.514427 -5.0596085 3.0708656
v -42.514427 -6.322091 3.0708656
v -42.514427 -6.322091 16.283138
v -42.514427 -5.0596085 16.283138
v -42.514427 -6.322091 3.0708656
v -43.77691 -6.322091 3.0708656
v -43.77691 -6.322091 16.283138
v -42.514427 -6.322091 16.283138
v -42.514427 -6.322091 16.283138
v -43.77691 -6.322091 16.283138
v -43.77691 -5.0596085 16.283138
v -42.514427 -5.0596085 16.283138
v -43.77691 -6.322091 3.0708656
v -43.77691 -5.0596085 3.0708656
v -43.77691 -5.0596085 16.283138
v -43.77691 -6.322091 16.283138
v 35.004158 -24.932735 3.0708656
v 35.004158 -26.195217 3.0708656
v 36.266644 -26.195217 3.0708656
v 36.266644 -24.932735 3.0708656
v 35.004158 -24.932735 3.0708656
v 36.266644 -24.932735 3.0708656
v 36.266644 -24.932735 16.283138
v 35.004158 -24.932735 16.283138
v 36.266644 -26.195217 16.283138
v 35.004158 -26.195217 16.283138
v 35.004158 -24.932735 16.283138
v 36.266644 -24.932735 16.283138
v 36.266644 -26.195217 3.0708656
v 35.004158 -26.195217 3.0708656
v 35.004158 -26.195217 16.283138
v 36.266644 -26.195217 16.283138
v 35.004158 -26.195217 3.0708656
v 35.004158 -24.932735 3.0708656
v 35.004158 -24.932735 16.283138
v 35.004158 -26.195217 16.283138
v 36.266644 -24.932735 3.0708656
v 36.266644 -26.195217 3.0708656
v 36.266644 -26.195217 16.283138
v 36.266644 -24.932735 16.283138
v 29.239435 -31.742445 3.0708656
v 29.239435 -33.004925 3.0708656
v 30.50192 -33.004925 3.0708656
v 30.50192 -31.742445 3.0708656
v 29.239435 -31.742445 3.0708656
v 30.50192 -31.742445 3.0708656
v 30.50192 -31.742445 16.283138
v 29.239435 -31.742445 16.283138
v 30.50192 -33.004925 16.283138
v 29.239435 -33.004925 16.283138
v 29.239435 -31.742445 16.283138
v 30.50192 -31.742445 16.283138
v 30.50192 -33.004925 3.0708656
v 29.239435 -33.004925 3.0708656
v 29.239435 -33.004925 16.283138
v 30.50192 -33.004925 16.283138
v 29.239435 -33.004925 3.0708656
v 29.239435 -31.742445 3.0708656
v 29.239435 -31.742445 16.283138
v 29.239435 -33.004925 16.283138
v 30.50192 -31.742445 3.0708656
v 30.50192 -33.004925 3.0708656
v 30.50192 -33.004925 16.283138
v 30.50192 -31.742445 16.283138
v 11.003855 -42.23903 3.0708652
v 11.003855 -43.501507 3.0708652
v 12.26634 -43.501507 3.0708652
v 12.26634 -42.23903 3.0708652
v 11.003855 -42.23903 3.0708652
v 12.26634 -42.23903 3.0708652
v 12.26634 -42.23903 16.283138
v 11.003855 -42.23903 16.283138
v 12.26634 -43.501507 16.283138
v 11.003855 -43.501507 16.283138
v 11.003855 -42.23903 16.283138
v 12.26634 -42.23903 16.283138
v 12.26634 -43.501507 3.0708652
v 11.003855 -43.501507 3.0708652
v 11.003855 -43.501507 16.283138
v 12.26634 -43.501507 16.283138
v 11.003855 -43.501507 3.0708652
v 11.003855 -42.23903 3.0708652
v 11.003855 -42.23903 16.283138
v 11.003855 -43.501507 16.283138
v 12.26634 -42.23903 3.0708652
v 12.26634 -43.501507 3.0708652
v 12.26634 -43.501507 16.283138
v 12.26634 -42.23903 16.283138
v -42.674843 -42.23903 3.0708652
v -42.674843 -43.501507 3.0708652
v -41.412354 -43.501507 3.0708652
v -41.412354 -42.23903 3.0708652
v -42.674843 -42.23903 3.0708652
v -41.412354 -42.23903 3.0708652
v -41.412354 -42.23903 16.283138
v -42.674843 -42.23903 16.283138
v -41.412354 -43.501507 16.283138
v -42.674843 -43.501507 16.283138
v -42.674843 -42.23903 16.283138
v -41.412354 -42.23903 16.283138
v -41.412354 -43.501507 3.0708652
v -42.674843 -43.501507 3.0708652
v -42.674843 -43.501507 16.283138
v -41.412354 -43.501507 16.283138
v -42.674843 -43.501507 3.0708652
v -42.674843 -42.23903 3.0708652
v -42.674843 -42.23903 16.283138
v -42.674843 -43.501507 16.283138
v -41.412354 -42.23903 3.0708652
v -41.412354 -43.501507 3.0708652
v -41.412354 -43.501507 16.283138
v -41.412354 -42.23903 16.283138
v -53.498028 -23.663685 3.0708652
v -53.498028 -24.926163 3.0708652
v -52.23554 -24.926163 3.0708652
v -52.23554 -23.663685 3.0708652
v -53.498028 -23.663685 3.0708652
v -52.23554 -23.663685 3.0708652
v -52.23554 -23.663685 16.283138
v -53.498028 -23.663685 16.283138
v -52.23554 -24.926163 16.283138
v -53.498028 -24.926163 16.283138
v -53.498028 -23.663685 16.283138
v -52.23554 -23.663685 16.283138
v -52.23554 -24.926163 3.0708652
v -53.498028 -24.926163 3.0708652
v -53.498028 -24.926163 16.283138
v -52.23554 -24.926163 16.283138
v -53.498028 -24.926163 3.0708652
v -53.498028 -23.663685 3.0708652
v -53.498028 -23.663685 16.283138
v -53.498028 -24.926163 16.283138
v -52.23554 -23.663685 3.0708652
v -52.23554 -24.926163 3.0708652
v -52.23554 -24.926163 16.283138
v -52.23554 -23.663685 16.283138
v -0.52350616 -51.540173 3.0708652
v -0.52350616 -52.80265 3.0708652
v 0.73898315 -52.80265 3.0708652
v 0.73898315 -51.540173 3.0708652
v -0.52350616 -51.540173 3.0708652
v 0.73898315 -51.540173 3.0708652
v 0.73898315 -51.540173 16.283138
v -0.52350616 -51.540173 16.283138
v 0.73898315 -52.80265 16.283138
v -0.52350616 -52.80265 16.283138
v -0.52350616 -51.540173 16.283138
v 0.73898315 -51.540173 16.283138
v 0.73898315 -52.80265 3.0708652
v -0.52350616 -52.80265 3.0708652
v -0.52350616 -52.80265 16.283138
v 0.73898315 -52.80265 16.283138
v -0.52350616 -52.80265 3.0708652
v -0.52350616 -51.540173 3.0708652
v -0.52350616 -51.540173 16.283138
v -0.52350616 -52.80265 16.283138
v 0.73898315 -51.540173 3.0708652
v 0.73898315 -52.80265 3.0708652
v 0.73898315 -52.80265 16.283138
v 0.73898315 -51.540173 16.283138
v -32.001945 -51.540173 3.0708652
v -32.001945 -52.80265 3.0708652
v -30.739456 -52.80265 3.0708652
v -30.739456 -51.540173 3.0708652
v -32.001945 -51.540173 3.0708652
v -30.739456 -51.540173 3.0708652
v -30.739456 -51.540173 16.283138
v -32.001945 -51.540173 16.283138
v -30.739456 -52.80265 16.283138
v -32.001945 -52.80265 16.283138
v -32.001945 -51.540173 16.283138
v -30.739456 -51.540173 16.283138
v -30.739456 -52.80265 3.0708652
v -32.001945 -52.80265 3.0708652
v -32.001945 -52.80265 16.283138
v -30.739456 -52.80265 16.283138
v -32.001945 -52.80265 3.0708652
v -32.001945 -51.540173 3.0708652
v -32.001945 -51.540173 16.283138
v -32.001945 -52.80265 16.283138
v -30.739456 -51.540173 3.0708652
v -30.739456 -52.80265 3.0708652
v -30.739456 -52.80265 16.283138
v -30.739456 -51.540173 16.283138
v 15.970291 -60.627808 3.0708652
v 15.970291 -61.89029 3.0708652
v 17.23278 -61.89029 3.0708652
v 17.23278 -60.627808 3.0708652
v 15.970291 -60.627808 3.0708652
v 17.23278 -60.627808 3.0708652
v 17.485619 -60.627808 16.283138
v 16.22313 -60.627808 16.283138
v 17.485619 -61.89029 16.283138
v 16.22313 -61.89029 16.283138
v 16.22313 -60.627808 16.283138
v 17.485619 -60.627808 16.283138
v 17.23278 -61.89029 3.0708652
v 15.970291 -61.89029 3.0708652
v 16.22313 -61.89029 16.283138
v 17.485619 -61.89029 16.283138
v 15.970291 -61.89029 3.0708652
v 15.970291 -60.627808 3.0708652
v 16.22313 -60.627808 16.283138
v 16.22313 -61.89029 16.283138
v 17.23278 -60.627808 3.0708652
v 17.23278 -61.89029 3.0708652
v 17.485619 -61.89029 16.283138
v 17.485619 -60.627808 16.283138
v 43.314667 -48.124165 3.0708652
v 42.29747 -47.37639 3.0708652
v 42.29747 -47.37639 16.283138
v 43.314667 -48.124165 16.283138
v 44.062447 -47.10696 3.0708652
v 43.314667 -48.124165 3.0708652
v 43.314667 -48.124165 16.283138
v 44.062447 -47.10696 16.283138
v 42.29747 -47.37639 3.0708652
v 43.314667 -48.124165 3.0708652
v 44.062447 -47.10696 3.0708652
v 43.04525 -46.359184 3.0708652
v 44.062447 -47.10696 16.283138
v 43.314667 -48.124165 16.283138
v 42.29747 -47.37639 16.283138
v 43.04525 -46.359184 16.283138
v 42.29747 -47.37639 3.0708652
v 43.04525 -46.359184 3.0708652
v 43.04525 -46.359184 16.283138
v 42.29747 -47.37639 16.283138
v 43.04525 -46.359184 3.0708652
v 44.062447 -47.10696 3.0708652
v 44.062447 -47.10696 16.283138
v 43.04525 -46.359184 16.283138
v 23.443521 -42.23903 3.0708652
v 23.443521 -43.501507 3.0708652
v 24.706007 -43.501507 3.0708652
v 24.706007 -42.23903 3.0708652
v 23.443521 -42.23903 3.0708652
v 24.706007 -42.23903 3.0708652
v 24.706007 -42.23903 16.283138
v 23.443521 -42.23903 16.283138
v 24.706007 -43.501507 16.283138
v 23.443521 -43.501507 16.283138
v 23.443521 -42.23903 16.283138
v 24.706007 -42.23903 16.283138
v 24.706007 -43.501507 3.0708652
v 23.443521 -43.501507 3.0708652
v 23.443521 -43.501507 16.283138
v 24.706007 -43.501507 16.283138
v 23.443521 -43.501507 3.0708652
v 23.443521 -42.23903 3.0708652
v 23.443521 -42.23903 16.283138
v 23.443521 -43.501507 16.283138
v 24.706007 -42.23903 3.0708652
v 24.706007 -43.501507 3.0708652
v 24.706007 -43.501507 16.283138
v 24.706007 -42.23903 16.283138
v 11.003855 -31.822067 -6.3489633
v 11.003855 -33.084545 -6.3489633
v 12.26634 -33.084545 -6.3489633
v 12.26634 -31.822067 -6.3489633
v 11.003855 -31.822067 -6.3489633
v 12.26634 -31.822067 -6.3489633
v 12.26634 -31.822067 6.86331
v 11.003855 -31.822067 6.86331
v 12.26634 -33.084545 6.86331
v 11.003855 -33.084545 6.86331
v 11.003855 -31.822067 6.86331
v 12.26634 -31.822067 6.86331
v 12.26634 -33.084545 -6.3489633
v 11.003855 -33.084545 -6.3489633
v 11.003855 -33.084545 6.86331
v 12.26634 -33.084545 6.86331
v 11.003855 -33.084545 -6.3489633
v 11.003855 -31.822067 -6.3489633
v 11.003855 -31.822067 6.86331
v 11.003855 -33.084545 6.86331
v 12.26634 -31.822067 -6.3489633
v 12.26634 -33.084545 -6.3489633
v 12.26634 -33.084545 6.86331
v 12.26634 -31.822067 6.86331
v -53.498028 -10.31829 3.0708652
v -53.498028 -11.580768 3.0708652
v -52.23554 -11.580768 3.0708652
v -52.23554 -10.31829 3.0708652
v -53.498028 -10.31829 3.0708652
v -52.23554 -10.31829 3.0708652
v -52.23554 -10.31829 16.283138
v -53.498028 -10.31829 16.283138
v -52.23554 -11.580768 16.283138
v -53.498028 -11.580768 16.283138
v -53.498028 -10.31829 16.283138
v -52.23554 -10.31829 16.283138
v -52.23554 -11.580768 3.0708652
v -53.498028 -11.580768 3.0708652
v -53.498028 -11.580768 16.283138
v -52.23554 -11.580768 16.283138
v -53.498028 -11.580768 3.0708652
v -53.498028 -10.31829 3.0708652
v -53.498028 -10.31829 16.283138
v -53.498028 -11.580768 16.283138
v -52.23554 -10.31829 3.0708652
v -52.23554 -11.580768 3.0708652
v -52.23554 -11.580768 16.283138
v -52.23554 -10.31829 16.283138
v -43.76104 -23.680658 -6.3489633
v -43.76104 -24.943136 -6.3489633
v -42.49855 -24.943136 -6.3489633
v -42.49855 -23.680658 -6.3489633
v -43.76104 -23.680658 -6.3489633
v -42.49855 -23.680658 -6.3489633
v -42.49855 -23.680658 6.86331
v -43.76104 -23.680658 6.86331
v -42.49855 -24.943136 6.86331
v -43.76104 -24.943136 6.86331
v -43.76104 -23.680658 6.86331
v -42.49855 -23.680658 6.86331
v -42.49855 -24.943136 -6.3489633
v -43.76104 -24.943136 -6.3489633
v -43.76104 -24.943136 6.86331
v -42.49855 -24.943136 6.86331
v -43.76104 -24.943136 -6.3489633
v -43.76104 -23.680658 -6.3489633
v -43.76104 -23.680658 6.86331
v -43.76104 -24.943136 6.86331
v -42.49855 -23.680658 -6.3489633
v -42.49855 -24.943136 -6.3489633
v -42.49855 -24.943136 6.86331
v -42.49855 -23.680658 6.86331
v 53.924934 -24.932735 3.0708656
v 53.924934 -26.195217 3.0708656
v 55.18742 -26.195217 3.0708656
v 55.18742 -24.932735 3.0708656
v 53.924934 -24.932735 3.0708656
v 55.18742 -24.932735 3.0708656
v 55.18742 -24.932735 16.283138
v 53.924934 -24.932735 16.283138
v 55.18742 -26.195217 16.283138
v 53.924934 -26.195217 16.283138
v 53.924934 -24.932735 16.283138
v 55.18742 -24.932735 16.283138
v 55.18742 -26.195217 3.0708656
v 53.924934 -26.195217 3.0708656
v 53.924934 -26.195217 16.283138
v 55.18742 -26.195217 16.283138
v 53.924934 -26.195217 3.0708656
v 53.924934 -24.932735 3.0708656
v 53.924934 -24.932735 16.283138
v 53.924934 -26.195217 16.283138
v 55.18742 -24.932735 3.0708656
v 55.18742 -26.195217 3.0708656
v 55.18742 -26.195217 16.283138
v 55.18742 -24.932735 16.283138
v 44.612038 -18.063948 3.0708656
v 44.612038 -19.32643 3.0708656
v 45.874523 -19.32643 3.0708656
v 45.874523 -18.063948 3.0708656
v 44.612038 -18.063948 3.0708656
v 45.874523 -18.063948 3.0708656
v 45.874523 -18.063948 16.283138
v 44.612038 -18.063948 16.283138
v 45.874523 -19.32643 16.283138
v 44.612038 -19.32643 16.283138
v 44.612038 -18.063948 16.283138
v 45.874523 -18.063948 16.283138
v 45.874523 -19.32643 3.0708656
v 44.612038 -19.32643 3.0708656
v 44.612038 -19.32643 16.283138
v 45.874523 -19.32643 16.283138
v 44.612038 -19.32643 3.0708656
v 44.612038 -18.063948 3.0708656
v 44.612038 -18.063948 16.283138
v 44.612038 -19.32643 16.283138
v 45.874523 -18.063948 3.0708656
v 45.874523 -19.32643 3.0708656
v 45.874523 -19.32643 16.283138
v 45.874523 -18.063948 16.283138
v -42.784637 24.391708 5.5130053
v -42.783047 11.007725 15.022957
v -43.512768 11.009131 14.625143
v -43.51277 24.391712 5.5130053
v -42.73375 42.52626 4.0708637
v -52.575775 42.52626 4.0708637
v -52.575775 42.52626 13.174644
v -42.73375 42.52626 13.174644
v -30.966583 42.52626 4.0708637
v -52.575775 42.52626 15.022957
v -30.966583 42.52626 13.174644
v -42.73375 42.52626 15.022957
v -30.966583 42.52626 15.022957
v -30.96011 61.625168 4.0708637
v -30.966583 42.52626 4.0708637
v -30.966583 42.52626 13.174644
v -30.96011 61.625168 13.174644
v -30.966583 42.52626 15.022957
v -30.96011 61.625168 15.022957
v -0.249588 42.526264 4.0708656
v -0.24976349 61.625168 4.0708637
v -0.24976349 61.625168 13.174644
v -0.24958801 42.526264 13.174644
v -0.24976364 61.625168 15.6257925
v -0.24958816 42.526264 15.6257925
v -11.136443 20.68188 4.0708637
v 7.7867355 20.72991 4.0708637
v 7.7867355 20.72991 13.174644
v -11.136443 20.68188 13.174644
v 7.7867355 20.72991 15.625811
v -22.660378 20.619547 4.0708637
v -11.136443 20.68188 15.625811
v -22.660378 20.619547 6.7677326
v -11.144644 12.21196 13.174644
v -22.66547 12.232124 13.174644
v -22.66547 12.232124 4.0708637
v -11.144644 12.21196 15.625811
v -22.66547 12.232124 15.625811
v -10.405839 12.176081 13.174644
v -10.405839 12.176086 14.6251
v -11.144644 12.21196 15.625811
v -0.24976349 61.625168 4.0708637
v -30.96011 61.625168 4.0708637
v -30.96011 61.625168 -35.102737
v -0.24976349 61.625168 -35.102737
v 33.00627 61.625168 4.0708637
v -0.24976349 61.625168 -35.102737
v 33.00627 61.625168 -35.102737
v -0.24976349 61.625168 4.0708637
v 33.00627 61.625168 13.174644
v -0.24976349 61.625168 13.174644
v 33.00627 61.625168 15.6257925
v -0.24976364 61.625168 15.6257925
v 54.948128 31.99772 4.0708637
v 47.150776 42.526257 -35.102737
v 54.948128 31.99772 -35.102737
v 47.150776 42.526257 4.0708637
v 33.00627 61.625168 -35.102737
v 54.948128 31.99772 13.174654
v 33.00627 61.625168 4.0708637
v 47.150772 42.526257 13.174654
v 54.948128 31.99772 15.625802
v 33.00627 61.625168 13.174644
v 47.150772 42.526257 15.625802
v 33.00627 61.625168 15.6257925
v 54.948128 24.391659 4.0708637
v 54.948128 31.99772 4.0708637
v 54.948128 31.99772 -35.102737
v 54.948128 24.391659 -35.102737
v -30.96011 61.625168 4.0708637
v -52.723885 61.625168 -35.102737
v -30.96011 61.625168 -35.102737
v -52.723885 61.625168 4.0708637
v -86.00511 61.625168 -35.102737
v -30.96011 61.625168 13.174644
v -86.00511 61.625168 4.0708637
v -52.723885 61.625168 13.174644
v -30.96011 61.625168 15.022957
v -86.00511 61.625168 13.174644
v -52.723885 61.625168 15.022957
v -86.00511 61.625168 15.022957
v 35.2842 18.268707 4.0708637
v 35.284184 24.391811 4.0708637
v 35.28424 24.391815 13.174654
v 35.2842 18.268505 13.174654
v 35.28424 24.391815 15.625802
v 35.2842 18.268505 15.625802
v 35.2904 31.997711 15.625802
v 35.2904 31.997711 13.174654
v 35.284184 24.391811 4.0708637
v 35.29595 31.997864 4.070862
v 35.2904 31.997711 13.174654
v 23.849098 31.9977 13.174644
v 35.2904 31.997711 13.174654
v 35.29595 31.997864 4.070862
v 23.849098 31.9977 4.07086
v 11.581361 31.9977 4.070863
v 23.849098 31.9977 13.174644
v 23.849098 31.9977 14.625143
v 11.581361 31.9977 5.4315796
v 24.594233 31.9977 13.174645
v 24.594233 31.9977 15.625793
v 35.2904 31.997711 13.174654
v 35.2904 31.997711 15.625802
v 54.948128 18.340172 4.0708637
v 35.2842 18.268707 4.0708637
v 35.2842 18.268505 13.174654
v 54.948128 18.340172 13.174654
v 36.02984 32.73655 13.174654
v 36.02308 24.391514 15.625802
v 36.02984 32.73655 15.625802
v 36.02308 24.391514 13.174654
v 36.023045 19.010042 15.625802
v 36.023045 19.010042 13.174654
v -52.321243 11.026108 13.174644
v -53.05978 10.978882 13.174644
v -53.05976 10.978882 15.022957
v -52.321243 11.026108 15.022957
v -85.26572 60.88633 13.174644
v -85.25184 42.526833 15.022957
v -85.26572 60.88633 15.022957
v -85.25184 42.526833 13.174644
v -85.218506 0.7388393 15.022957
v -85.218506 0.7388393 13.174644
v 24.587938 32.736538 13.174645
v 36.02984 32.73655 13.174654
v 36.02984 32.73655 15.625802
v 24.587938 32.736538 15.625793
v 23.849098 32.75121 13.174644
v 23.849098 32.75121 14.625143
v 11.581684 32.75121 4.070863
v 11.581684 32.75121 5.4315796
v -53.05978 10.978882 13.174644
v -53.156113 24.385826 15.022957
v -53.05976 10.978882 15.022957
v -53.156113 24.385826 13.174644
v -53.3211 43.2651 15.022957
v -53.3211 43.2651 13.174644
v -52.723885 60.88633 13.174644
v -85.26572 60.88633 13.174644
v -85.26572 60.88633 15.022957
v -52.723885 60.88633 15.022957
v -31.6992 60.88633 13.174644
v -31.6992 60.88633 15.022957
v 0.48924452 43.265102 13.174644
v 11.553052 43.265102 15.6257925
v 0.48924437 43.265102 15.6257925
v 11.553052 43.265102 13.174644
v 23.860725 43.265102 15.625793
v 23.860725 43.265102 13.174645
v 54.20933 24.391659 13.174654
v 54.20929 31.75392 13.174654
v 54.20929 31.75392 15.625802
v 54.20933 24.391659 15.625802
v 54.209293 19.076323 13.174654
v 54.209293 19.076323 15.625802
v -10.406521 11.4718275 13.174644
v -21.92436 11.491987 13.174644
v -21.92436 11.491987 15.625811
v -10.406521 11.471832 15.625767
v 7.0470877 19.989191 13.174644
v -10.398317 19.944912 15.625811
v 7.0470877 19.989191 15.625811
v -10.398317 19.944912 13.174644
v -11.137167 19.93437 15.625811
v -11.137167 19.93437 13.174644
v -22.660793 19.934366 6.7677326
v -22.660793 19.934366 4.0708637
v -11.137167 19.93437 15.625811
v -22.660793 19.934366 6.7677326
v -22.660378 20.619547 6.7677326
v -11.136443 20.68188 15.625811
v 0.4890827 60.88633 13.174644
v 0.48924452 43.265102 13.174644
v 0.48924437 43.265102 15.6257925
v 0.48908255 60.88633 15.6257925
v 32.634056 60.88633 13.174644
v 0.4890827 60.88633 13.174644
v 0.48908255 60.88633 15.6257925
v 32.634056 60.88633 15.6257925
v 23.860725 43.265102 13.174645
v 23.849098 42.526264 13.174644
v 23.849098 42.526264 15.6257925
v 23.860725 43.265102 15.625793
v -85.218506 0.7388393 15.022957
v -85.25922 0 15.022957
v -85.95676 0 15.022957
v -85.25184 42.526833 15.022957
v -85.99068 42.52626 15.022957
v -85.26572 60.88633 15.022957
v -86.00511 61.625168 15.022957
v -52.723885 60.88633 15.022957
v -52.723885 61.625168 15.022957
v -31.6992 60.88633 15.022957
v -30.96011 61.625168 15.022957
v -31.705172 43.2651 15.022957
v -30.966583 42.52626 15.022957
v -42.73375 43.2651 15.022957
v -42.73375 42.52626 15.022957
v -53.3211 43.2651 15.022957
v -52.575775 42.52626 15.022957
v -53.156113 24.385826 15.022957
v -53.3211 43.2651 15.022957
v -52.575775 42.52626 15.022957
v -52.417297 24.391708 15.022957
v -52.321243 11.026108 15.022957
v -53.05976 10.978882 15.022957
v -43.52275 0.7388393 15.022957
v -43.52195 10.2703085 15.022957
v -42.783047 11.007725 15.022957
v -42.783974 0 15.022957
v -43.524742 0 15.022957
v 11.553052 43.265102 15.6257925
v 23.860725 43.265102 15.625793
v 23.849098 42.526264 15.6257925
v 11.553052 42.526264 15.6257925
v 0.48924437 43.265102 15.6257925
v -0.24958816 42.526264 15.6257925
v 0.48908255 60.88633 15.6257925
v -0.24976364 61.625168 15.6257925
v 32.634056 60.88633 15.6257925
v 33.00627 61.625168 15.6257925
v 46.55703 42.086536 15.625802
v 47.150772 42.526257 15.625802
v 54.20929 31.75392 15.625802
v 54.948128 31.99772 15.625802
v 54.20933 24.391659 15.625802
v 54.94817 24.391659 15.625802
v 54.209293 19.076323 15.625802
v 54.948128 18.340172 15.625802
v -21.891418 0.73883945 15.625811
v -21.891422 0 15.625811
v -22.627998 0 15.625811
v -21.92436 11.491987 15.625811
v -22.66547 12.232124 15.625811
v -10.406521 11.471832 15.625767
v -11.144644 12.21196 15.625811
v 24.587938 32.736538 15.625793
v 24.594233 31.9977 15.625793
v 23.849098 31.9977 14.625143
v 23.849098 32.75121 14.625143
v 36.02984 32.73655 15.625802
v 36.02308 24.391514 15.625802
v 35.28424 24.391815 15.625802
v 35.2904 31.997711 15.625802
v 24.594233 31.9977 15.625793
v 24.587938 32.736538 15.625793
v 36.023045 19.010042 15.625802
v 54.209293 19.076323 15.625802
v 54.948128 18.340172 15.625802
v 35.2842 18.268505 15.625802
v 36.02308 24.391514 15.625802
v 35.28424 24.391815 15.625802
v -11.137167 19.93437 15.625811
v -11.136443 20.68188 15.625811
v -10.398317 19.944912 15.625811
v 7.0470877 19.989191 15.625811
v 7.7867355 20.72991 15.625811
v 7.0385885 12.197199 15.6258
v 7.7774277 12.196421 15.6258
v 7.0269594 0.73883927 15.6258
v 7.765049 0 15.6258
v 7.020256 0 15.625811
v 36.023045 19.010042 13.174654
v 54.209293 19.076323 13.174654
v 54.209293 19.076323 15.625802
v 36.023045 19.010042 15.625802
v 23.849098 42.526264 13.174644
v 11.553052 42.526264 15.6257925
v 23.849098 42.526264 15.6257925
v 11.553052 42.526264 13.174644
v 11.5858755 42.526264 4.0708632
v -0.249588 42.526264 4.0708656
v -0.24958801 42.526264 13.174644
v 11.553052 42.526264 13.174644
v -0.24958816 42.526264 15.6257925
v -42.73375 43.2651 13.174644
v -31.705172 43.2651 13.174644
v -31.705172 43.2651 15.022957
v -42.73375 43.2651 15.022957
v -53.3211 43.2651 13.174644
v -53.3211 43.2651 15.022957
v -85.218506 0.7388393 13.174644
v -85.25922 0 13.174644
v -85.25922 0 15.022957
v -85.218506 0.7388393 15.022957
v -11.144644 12.21196 13.174644
v -10.406521 11.4718275 13.174644
v -10.406521 11.471832 15.625767
v -11.144644 12.21196 15.625811
v -52.575775 42.52626 13.174644
v -52.417297 24.391708 15.022957
v -52.575775 42.52626 15.022957
v -52.417297 24.391708 13.174644
v -52.575775 42.52626 4.0708637
v -52.321243 11.026108 15.022957
v -52.417297 24.391762 4.0708637
v -52.321243 11.026108 13.174644
v -31.705172 43.2651 13.174644
v -31.6992 60.88633 13.174644
v -31.6992 60.88633 15.022957
v -31.705172 43.2651 15.022957
v 54.948128 18.340172 13.174654
v 35.2842 18.268505 13.174654
v 35.2842 18.268505 15.625802
v 54.948128 18.340172 15.625802
v -43.51277 24.391712 4.0708637
v -42.784637 24.391708 4.0708637
v -42.784637 24.391708 5.5130053
v -43.51277 24.391712 5.5130053
v 46.55703 42.086536 13.174654
v 32.634056 60.88633 13.174644
v 32.634056 60.88633 15.6257925
v 46.55703 42.086536 15.625802
v 54.20929 31.75392 13.174654
v 54.20929 31.75392 15.625802
v -22.660378 20.619547 4.0708637
v -22.660378 20.619547 6.7677326
v -22.660793 19.934366 6.7677326
v -22.660793 19.934366 4.0708637
v 11.581361 31.9977 4.070863
v 11.581684 32.75121 4.070863
v 11.581684 32.75121 5.4315796
v 11.581361 31.9977 5.4315796
v 23.849098 31.9977 14.625143
v 11.581361 31.9977 5.4315796
v 11.581684 32.75121 5.4315796
v 23.849098 32.75121 14.625143
v 6.455466 19.440351 3.0708656
v 8.455466 19.440351 3.0708656
v 8.455466 21.440351 3.0708656
v 6.455466 21.440351 3.0708656
v 6.455466 19.440351 3.0708656
v 6.455466 19.440351 18.192858
v 8.455466 19.440351 18.192858
v 8.455466 19.440351 3.0708656
v 6.455466 21.440351 3.0708656
v 6.455466 21.440351 18.192858
v 6.455466 19.440351 18.192858
v 6.455466 19.440351 3.0708656
v 8.455466 21.440351 3.0708656
v 8.455466 21.440351 18.192858
v 6.455466 21.440351 18.192858
v 6.455466 21.440351 3.0708656
v -0.5927107 61.829918 16.094698
v 0.62771624 61.829918 16.094698
v 0.62771624 61.829918 15.747288
v -0.5927107 61.829918 15.747288
v 8.455466 19.440351 3.0708656
v 8.455466 19.440351 18.192858
v 8.455466 21.440351 18.192858
v 8.455466 21.440351 3.0708656
v -22.998074 12.450906 3.0708656
v -22.998074 12.450906 16.283138
v -22.998074 11.188423 16.283138
v -22.998074 11.188423 3.0708656
v -21.735592 12.450906 16.283138
v -21.735592 11.188423 16.283138
v -22.998074 11.188423 16.283138
v -22.998074 12.450906 16.283138
v -21.735592 11.188423 3.0708656
v -21.735592 11.188423 16.283138
v -21.735592 12.450906 16.283138
v -21.735592 12.450906 3.0708656
v -22.998074 11.188423 3.0708656
v -22.998074 11.188423 16.283138
v -21.735592 11.188423 16.283138
v -21.735592 11.188423 3.0708656
v -84.80037 60.3118 16.094698
v -86.0208 60.3118 16.094698
v -86.0208 60.3118 15.747288
v -84.80037 60.3118 15.747288
v -22.998074 11.188423 3.0708656
v -21.735592 11.188423 3.0708656
v -21.735592 12.450906 3.0708656
v -22.998074 12.450906 3.0708656
v -32.36089 41.871017 3.0708656
v -30.36089 41.871017 3.0708656
v -30.36089 43.871017 3.0708656
v -32.36089 43.871017 3.0708656
v -32.36089 41.871017 3.0708656
v -32.36089 41.871017 16.094698
v -30.36089 41.871017 16.094698
v -30.36089 41.871017 3.0708656
v -32.36089 43.871017 3.0708656
v -32.36089 43.871017 16.094698
v -32.36089 41.871017 16.094698
v -32.36089 41.871017 3.0708656
v -30.36089 43.871017 3.0708656
v -30.36089 43.871017 16.094698
v -32.36089 43.871017 16.094698
v -32.36089 43.871017 3.0708656
v 8.065679 21.050564 18.192858
v 8.065679 19.83014 18.192858
v 8.065679 19.83014 17.845448
v 8.065679 21.050564 17.845448
v -30.36089 41.871017 3.0708656
v -30.36089 41.871017 16.094698
v -30.36089 43.871017 16.094698
v -30.36089 43.871017 3.0708656
v -0.8392143 42.30086 3.0708656
v 1.1607857 42.30086 3.0708656
v 1.1607857 44.30086 3.0708656
v -0.8392143 44.30086 3.0708656
v -0.8392143 42.30086 3.0708656
v -0.8392143 42.30086 16.094698
v 1.1607857 42.30086 16.094698
v 1.1607857 42.30086 3.0708656
v -0.8392143 44.30086 3.0708656
v -0.8392143 44.30086 16.094698
v -0.8392143 42.30086 16.094698
v -0.8392143 42.30086 3.0708656
v 1.1607857 44.30086 3.0708656
v 1.1607857 44.30086 16.094698
v -0.8392143 44.30086 16.094698
v -0.8392143 44.30086 3.0708656
v -32.114388 60.60949 16.094698
v -32.114388 61.829918 16.094698
v -32.114388 61.829918 15.747288
v -32.114388 60.60949 15.747288
v 1.1607857 42.30086 3.0708656
v 1.1607857 42.30086 16.094698
v 1.1607857 44.30086 16.094698
v 1.1607857 44.30086 3.0708656
v 35.12415 17.799929 3.0708656
v 37.12415 17.799929 3.0708656
v 37.12415 19.799929 3.0708656
v 35.12415 19.799929 3.0708656
v 35.12415 17.799929 3.0708656
v 35.12415 17.799929 16.094698
v 37.12415 17.799929 16.094698
v 37.12415 17.799929 3.0708656
v 35.12415 19.799929 3.0708656
v 35.12415 19.799929 16.094698
v 35.12415 17.799929 16.094698
v 35.12415 17.799929 3.0708656
v 37.12415 19.799929 3.0708656
v 37.12415 19.799929 16.094698
v 35.12415 19.799929 16.094698
v 35.12415 19.799929 3.0708656
v -84.80037 61.532227 16.094698
v -84.80037 60.3118 16.094698
v -84.80037 60.3118 15.747288
v -84.80037 61.532227 15.747288
v 37.12415 17.799929 3.0708656
v 37.12415 17.799929 16.094698
v 37.12415 19.799929 16.094698
v 37.12415 19.799929 3.0708656
v -53.56638 41.727737 3.0708656
v -51.56638 41.727737 3.0708656
v -51.56638 43.727737 3.0708656
v -53.56638 43.727737 3.0708656
v -53.56638 41.727737 3.0708656
v -53.56638 41.727737 16.094698
v -51.56638 41.727737 16.094698
v -51.56638 41.727737 3.0708656
v -53.56638 43.727737 3.0708656
v -53.56638 43.727737 16.094698
v -53.56638 41.727737 16.094698
v -53.56638 41.727737 3.0708656
v -51.56638 43.727737 3.0708656
v -51.56638 43.727737 16.094698
v -53.56638 43.727737 16.094698
v -53.56638 43.727737 3.0708656
v 6.8452535 21.050564 18.192858
v 8.065679 21.050564 18.192858
v 8.065679 21.050564 17.845448
v 6.8452535 21.050564 17.845448
v -51.56638 41.727737 3.0708656
v -51.56638 41.727737 16.094698
v -51.56638 43.727737 16.094698
v -51.56638 43.727737 3.0708656
v -32.504173 60.219704 3.0708656
v -30.504171 60.219704 3.0708656
v -30.504171 62.219704 3.0708656
v -32.504173 62.219704 3.0708656
v -32.504173 60.219704 3.0708656
v -32.504173 60.219704 16.094698
v -30.504171 60.219704 16.094698
v -30.504171 60.219704 3.0708656
v -32.504173 62.219704 3.0708656
v -32.504173 62.219704 16.094698
v -32.504173 60.219704 16.094698
v -32.504173 60.219704 3.0708656
v -30.504171 62.219704 3.0708656
v -30.504171 62.219704 16.094698
v -32.504173 62.219704 16.094698
v -32.504173 62.219704 3.0708656
v -30.893959 60.60949 16.094698
v -32.114388 60.60949 16.094698
v -32.114388 60.60949 15.747288
v -30.893959 60.60949 15.747288
v -30.504171 60.219704 3.0708656
v -30.504171 60.219704 16.094698
v -30.504171 62.219704 16.094698
v -30.504171 62.219704 3.0708656
v -0.98249817 60.219704 3.0708656
v 1.0175037 60.219704 3.0708656
v 1.0175037 62.219704 3.0708656
v -0.98249817 62.219704 3.0708656
v -0.98249817 60.219704 3.0708656
v -0.98249817 60.219704 16.094698
v 1.0175037 60.219704 16.094698
v 1.0175037 60.219704 3.0708656
v -0.98249817 62.219704 3.0708656
v -0.98249817 62.219704 16.094698
v -0.98249817 60.219704 16.094698
v -0.98249817 60.219704 3.0708656
v 1.0175037 62.219704 3.0708656
v 1.0175037 62.219704 16.094698
v -0.98249817 62.219704 16.094698
v -0.98249817 62.219704 3.0708656
v -86.0208 61.532227 16.094698
v -84.80037 61.532227 16.094698
v -84.80037 61.532227 15.747288
v -86.0208 61.532227 15.747288
v 1.0175037 60.219704 3.0708656
v 1.0175037 60.219704 16.094698
v 1.0175037 62.219704 16.094698
v 1.0175037 62.219704 3.0708656
v 53.36617 17.656647 3.0708656
v 55.36617 17.656647 3.0708656
v 55.36617 19.656647 3.0708656
v 53.36617 19.656647 3.0708656
v 53.36617 17.656647 3.0708656
v 53.36617 17.656647 16.094698
v 55.36617 17.656647 16.094698
v 55.36617 17.656647 3.0708656
v 53.36617 19.656647 3.0708656
v 53.36617 19.656647 16.094698
v 53.36617 17.656647 16.094698
v 53.36617 17.656647 3.0708656
v 55.36617 19.656647 3.0708656
v 55.36617 19.656647 16.094698
v 53.36617 19.656647 16.094698
v 53.36617 19.656647 3.0708656
v -30.893959 61.829918 16.094698
v -30.893959 60.60949 16.094698
v -30.893959 60.60949 15.747288
v -30.893959 61.829918 15.747288
v 55.36617 17.656647 3.0708656
v 55.36617 17.656647 16.094698
v 55.36617 19.656647 16.094698
v 55.36617 19.656647 3.0708656
v 34.780273 31.239622 3.0708656
v 36.780273 31.239622 3.0708656
v 36.780273 33.239624 3.0708656
v 34.780273 33.239624 3.0708656
v 34.780273 31.239622 3.0708656
v 34.780273 31.239622 16.094698
v 36.780273 31.239622 16.094698
v 36.780273 31.239622 3.0708656
v 34.780273 33.239624 3.0708656
v 34.780273 33.239624 16.094698
v 34.780273 31.239622 16.094698
v 34.780273 31.239622 3.0708656
v 36.780273 33.239624 3.0708656
v 36.780273 33.239624 16.094698
v 34.780273 33.239624 16.094698
v 34.780273 33.239624 3.0708656
v -43.827934 10.4048195 16.094698
v -43.827934 11.625244 16.094698
v -43.827934 11.625244 15.747288
v -43.827934 10.4048195 15.747288
v 36.780273 31.239622 3.0708656
v 36.780273 31.239622 16.094698
v 36.780273 33.239624 16.094698
v 36.780273 33.239624 3.0708656
v 22.674416 31.32254 3.0708656
v 24.674416 31.32254 3.0708656
v 24.674416 33.32254 3.0708656
v 22.674416 33.32254 3.0708656
v 22.674416 31.32254 3.0708656
v 22.674416 31.32254 16.094698
v 24.674416 31.32254 16.094698
v 24.674416 31.32254 3.0708656
v 22.674416 33.32254 3.0708656
v 22.674416 33.32254 16.094698
v 22.674416 31.32254 16.094698
v 22.674416 31.32254 3.0708656
v 24.674416 33.32254 3.0708656
v 24.674416 33.32254 16.094698
v 22.674416 33.32254 16.094698
v 22.674416 33.32254 3.0708656
v -32.114388 61.829918 16.094698
v -30.893959 61.829918 16.094698
v -30.893959 61.829918 15.747288
v -32.114388 61.829918 15.747288
v 24.674416 31.32254 3.0708656
v 24.674416 31.32254 16.094698
v 24.674416 33.32254 16.094698
v 24.674416 33.32254 3.0708656
v -12.23357 19.299599 3.0708656
v -10.23357 19.299599 3.0708656
v -10.23357 21.299599 3.0708656
v -12.23357 21.299599 3.0708656
v -12.23357 19.299599 3.0708656
v -12.23357 19.299599 18.192858
v -10.23357 19.299599 18.192858
v -10.23357 19.299599 3.0708656
v -12.23357 21.299599 3.0708656
v -12.23357 21.299599 18.192858
v -12.23357 19.299599 18.192858
v -12.23357 19.299599 3.0708656
v -10.23357 21.299599 3.0708656
v -10.23357 21.299599 18.192858
v -12.23357 21.299599 18.192858
v -12.23357 21.299599 3.0708656
v -42.607506 10.4048195 16.094698
v -43.827934 10.4048195 16.094698
v -43.827934 10.4048195 15.747288
v -42.607506 10.4048195 15.747288
v -10.23357 19.299599 3.0708656
v -10.23357 19.299599 18.192858
v -10.23357 21.299599 18.192858
v -10.23357 21.299599 3.0708656
v -44.21772 10.015032 3.0708656
v -42.21772 10.015032 3.0708656
v -42.21772 12.015032 3.0708656
v -44.21772 12.015032 3.0708656
v -44.21772 10.015032 3.0708656
v -44.21772 10.015032 16.094698
v -42.21772 10.015032 16.094698
v -42.21772 10.015032 3.0708656
v -44.21772 12.015032 3.0708656
v -44.21772 12.015032 16.094698
v -44.21772 10.015032 16.094698
v -44.21772 10.015032 3.0708656
v -42.21772 12.015032 3.0708656
v -42.21772 12.015032 16.094698
v -44.21772 12.015032 16.094698
v -44.21772 12.015032 3.0708656
v -53.176594 42.117523 16.094698
v -53.176594 43.33795 16.094698
v -53.176594 43.33795 15.747288
v -53.176594 42.117523 15.747288
v -42.21772 10.015032 3.0708656
v -42.21772 10.015032 16.094698
v -42.21772 12.015032 16.094698
v -42.21772 12.015032 3.0708656
v -10.405839 12.176086 14.6251
v -10.405839 12.176081 13.174644
v -10.406521 11.4718275 13.174644
v -10.406521 11.471832 15.625767
v -86.41058 59.922012 3.0708656
v -84.41058 59.922012 3.0708656
v -84.41058 61.922012 3.0708656
v -86.41058 61.922012 3.0708656
v -86.41058 59.922012 3.0708656
v -86.41058 59.922012 16.094698
v -84.41058 59.922012 16.094698
v -84.41058 59.922012 3.0708656
v -86.41058 61.922012 3.0708656
v -86.41058 61.922012 16.094698
v -86.41058 59.922012 16.094698
v -86.41058 59.922012 3.0708656
v -84.41058 61.922012 3.0708656
v -84.41058 61.922012 16.094698
v -86.41058 61.922012 16.094698
v -86.41058 61.922012 3.0708656
v -42.607506 11.625244 16.094698
v -42.607506 10.4048195 16.094698
v -42.607506 10.4048195 15.747288
v -42.607506 11.625244 15.747288
v -84.41058 59.922012 3.0708656
v -84.41058 59.922012 16.094698
v -84.41058 61.922012 16.094698
v -84.41058 61.922012 3.0708656
v 31.802647 60.219704 3.0708656
v 33.80265 60.219704 3.0708656
v 33.80265 62.219704 3.0708656
v 31.802647 62.219704 3.0708656
v 31.802647 60.219704 3.0708656
v 31.802647 60.219704 16.094698
v 33.80265 60.219704 16.094698
v 33.80265 60.219704 3.0708656
v 31.802647 62.219704 3.0708656
v 31.802647 62.219704 16.094698
v 31.802647 60.219704 16.094698
v 31.802647 60.219704 3.0708656
v 33.80265 62.219704 3.0708656
v 33.80265 62.219704 16.094698
v 31.802647 62.219704 16.094698
v 31.802647 62.219704 3.0708656
v -51.956165 42.117523 16.094698
v -53.176594 42.117523 16.094698
v -53.176594 42.117523 15.747288
v -51.956165 42.117523 15.747288
v 33.80265 60.219704 3.0708656
v 33.80265 60.219704 16.094698
v 33.80265 62.219704 16.094698
v 33.80265 62.219704 3.0708656
v 55.36617 30.80447 3.0708656
v 55.36617 30.80447 16.094698
v 55.36617 32.80447 16.094698
v 55.36617 32.80447 3.0708656
v -43.827934 11.625244 16.094698
v -42.607506 11.625244 16.094698
v -42.607506 11.625244 15.747288
v -43.827934 11.625244 15.747288
v 55.36617 32.80447 3.0708656
v 55.36617 32.80447 16.094698
v 53.36617 32.80447 16.094698
v 53.36617 32.80447 3.0708656
v 53.36617 32.80447 3.0708656
v 53.36617 32.80447 16.094698
v 53.36617 30.80447 16.094698
v 53.36617 30.80447 3.0708656
v 53.36617 30.80447 3.0708656
v 53.36617 30.80447 16.094698
v 55.36617 30.80447 16.094698
v 55.36617 30.80447 3.0708656
v 53.36617 30.80447 3.0708656
v 55.36617 30.80447 3.0708656
v 55.36617 32.80447 3.0708656
v 53.36617 32.80447 3.0708656
v 8.065679 19.83014 17.845448
v 6.8452535 19.83014 17.845448
v 6.8452535 21.050564 17.845448
v 8.065679 21.050564 17.845448
v -30.750677 42.260803 15.747288
v -31.971102 42.260803 15.747288
v -31.971102 43.48123 15.747288
v -30.750677 43.48123 15.747288
v 0.7709982 42.690647 15.747288
v -0.44942683 42.690647 15.747288
v -0.44942683 43.911076 15.747288
v 0.7709982 43.911076 15.747288
v 36.734364 18.189716 15.747288
v 35.513935 18.189716 15.747288
v 35.513935 19.410141 15.747288
v 36.734364 19.410141 15.747288
v -51.956165 42.117523 15.747288
v -53.176594 42.117523 15.747288
v -53.176594 43.33795 15.747288
v -51.956165 43.33795 15.747288
v -30.893959 60.60949 15.747288
v -32.114388 60.60949 15.747288
v -32.114388 61.829918 15.747288
v -30.893959 61.829918 15.747288
v 0.62771624 60.60949 15.747288
v -0.5927107 60.60949 15.747288
v -0.5927107 61.829918 15.747288
v 0.62771624 61.829918 15.747288
v 54.976383 18.046434 15.747288
v 53.755955 18.046434 15.747288
v 53.755955 19.26686 15.747288
v 54.976383 19.26686 15.747288
v 36.390488 31.62941 15.747288
v 35.17006 31.62941 15.747288
v 35.17006 32.84984 15.747288
v 36.390488 32.84984 15.747288
v 24.284628 31.712328 15.747288
v 23.064203 31.712328 15.747288
v 23.064203 32.932755 15.747288
v 24.284628 32.932755 15.747288
v -10.623358 19.689386 17.845448
v -11.843782 19.689386 17.845448
v -11.843782 20.909811 17.845448
v -10.623358 20.909811 17.845448
v -42.607506 10.4048195 15.747288
v -43.827934 10.4048195 15.747288
v -43.827934 11.625244 15.747288
v -42.607506 11.625244 15.747288
v -84.80037 60.3118 15.747288
v -86.0208 60.3118 15.747288
v -86.0208 61.532227 15.747288
v -84.80037 61.532227 15.747288
v 33.412865 60.60949 15.747288
v 32.192432 60.60949 15.747288
v 32.192432 61.829918 15.747288
v 33.412865 61.829918 15.747288
v 54.976383 31.194258 15.747288
v 53.755955 31.194258 15.747288
v 53.755955 32.414684 15.747288
v 54.976383 32.414684 15.747288
v 8.065679 19.83014 18.192858
v 6.8452535 19.83014 18.192858
v 6.8452535 19.83014 17.845448
v 8.065679 19.83014 17.845448
v -86.0208 60.3118 16.094698
v -86.0208 61.532227 16.094698
v -86.0208 61.532227 15.747288
v -86.0208 60.3118 15.747288
v 0.62771624 61.829918 16.094698
v 0.62771624 60.60949 16.094698
v 0.62771624 60.60949 15.747288
v 0.62771624 61.829918 15.747288
v 6.8452535 19.83014 18.192858
v 6.8452535 21.050564 18.192858
v 6.8452535 21.050564 17.845448
v 6.8452535 19.83014 17.845448
v 32.192432 61.829918 16.094698
v 33.412865 61.829918 16.094698
v 33.412865 61.829918 15.747288
v 32.192432 61.829918 15.747288
v 0.62771624 60.60949 16.094698
v -0.5927107 60.60949 16.094698
v -0.5927107 60.60949 15.747288
v 0.62771624 60.60949 15.747288
v 33.412865 61.829918 16.094698
v 33.412865 60.60949 16.094698
v 33.412865 60.60949 15.747288
v 33.412865 61.829918 15.747288
v -0.5927107 60.60949 16.094698
v -0.5927107 61.829918 16.094698
v -0.5927107 61.829918 15.747288
v -0.5927107 60.60949 15.747288
v 33.412865 60.60949 16.094698
v 32.192432 60.60949 16.094698
v 32.192432 60.60949 15.747288
v 33.412865 60.60949 15.747288
v 53.755955 19.26686 16.094698
v 54.976383 19.26686 16.094698
v 54.976383 19.26686 15.747288
v 53.755955 19.26686 15.747288
v 32.192432 60.60949 16.094698
v 32.192432 61.829918 16.094698
v 32.192432 61.829918 15.747288
v 32.192432 60.60949 15.747288
v 54.976383 19.26686 16.094698
v 54.976383 18.046434 16.094698
v 54.976383 18.046434 15.747288
v 54.976383 19.26686 15.747288
v 53.755955 31.194258 16.094698
v 53.755955 32.414684 16.094698
v 53.755955 32.414684 15.747288
v 53.755955 31.194258 15.747288
v 54.976383 18.046434 16.094698
v 53.755955 18.046434 16.094698
v 53.755955 18.046434 15.747288
v 54.976383 18.046434 15.747288
v -31.971102 43.48123 16.094698
v -30.750677 43.48123 16.094698
v -30.750677 43.48123 15.747288
v -31.971102 43.48123 15.747288
v 54.976383 31.194258 16.094698
v 53.755955 31.194258 16.094698
v 53.755955 31.194258 15.747288
v 54.976383 31.194258 15.747288
v 53.755955 18.046434 16.094698
v 53.755955 19.26686 16.094698
v 53.755955 19.26686 15.747288
v 53.755955 18.046434 15.747288
v -30.750677 43.48123 16.094698
v -30.750677 42.260803 16.094698
v -30.750677 42.260803 15.747288
v -30.750677 43.48123 15.747288
v 54.976383 32.414684 16.094698
v 54.976383 31.194258 16.094698
v 54.976383 31.194258 15.747288
v 54.976383 32.414684 15.747288
v 35.17006 32.84984 16.094698
v 36.390488 32.84984 16.094698
v 36.390488 32.84984 15.747288
v 35.17006 32.84984 15.747288
v -30.750677 42.260803 16.094698
v -31.971102 42.260803 16.094698
v -31.971102 42.260803 15.747288
v -30.750677 42.260803 15.747288
v 53.755955 32.414684 16.094698
v 54.976383 32.414684 16.094698
v 54.976383 32.414684 15.747288
v 53.755955 32.414684 15.747288
v 36.390488 32.84984 16.094698
v 36.390488 31.62941 16.094698
v 36.390488 31.62941 15.747288
v 36.390488 32.84984 15.747288
v -31.971102 42.260803 16.094698
v -31.971102 43.48123 16.094698
v -31.971102 43.48123 15.747288
v -31.971102 42.260803 15.747288
v 36.390488 31.62941 16.094698
v 35.17006 31.62941 16.094698
v 35.17006 31.62941 15.747288
v 36.390488 31.62941 15.747288
v -0.44942683 43.911076 16.094698
v 0.7709982 43.911076 16.094698
v 0.7709982 43.911076 15.747288
v -0.44942683 43.911076 15.747288
v 35.17006 31.62941 16.094698
v 35.17006 32.84984 16.094698
v 35.17006 32.84984 15.747288
v 35.17006 31.62941 15.747288
v 0.7709982 43.911076 16.094698
v 0.7709982 42.690647 16.094698
v 0.7709982 42.690647 15.747288
v 0.7709982 43.911076 15.747288
v 23.064203 32.932755 16.094698
v 24.284628 32.932755 16.094698
v 24.284628 32.932755 15.747288
v 23.064203 32.932755 15.747288
v 0.7709982 42.690647 16.094698
v -0.44942683 42.690647 16.094698
v -0.44942683 42.690647 15.747288
v 0.7709982 42.690647 15.747288
v 24.284628 32.932755 16.094698
v 24.284628 31.712328 16.094698
v 24.284628 31.712328 15.747288
v 24.284628 32.932755 15.747288
v -0.44942683 42.690647 16.094698
v -0.44942683 43.911076 16.094698
v -0.44942683 43.911076 15.747288
v -0.44942683 42.690647 15.747288
v 24.284628 31.712328 16.094698
v 23.064203 31.712328 16.094698
v 23.064203 31.712328 15.747288
v 24.284628 31.712328 15.747288
v 35.513935 19.410141 16.094698
v 36.734364 19.410141 16.094698
v 36.734364 19.410141 15.747288
v 35.513935 19.410141 15.747288
v 23.064203 31.712328 16.094698
v 23.064203 32.932755 16.094698
v 23.064203 32.932755 15.747288
v 23.064203 31.712328 15.747288
v 36.734364 19.410141 16.094698
v 36.734364 18.189716 16.094698
v 36.734364 18.189716 15.747288
v 36.734364 19.410141 15.747288
v -11.843782 20.909811 18.192858
v -10.623358 20.909811 18.192858
v -10.623358 20.909811 17.845448
v -11.843782 20.909811 17.845448
v 36.734364 18.189716 16.094698
v 35.513935 18.189716 16.094698
v 35.513935 18.189716 15.747288
v 36.734364 18.189716 15.747288
v -10.623358 20.909811 18.192858
v -10.623358 19.689386 18.192858
v -10.623358 19.689386 17.845448
v -10.623358 20.909811 17.845448
v 35.513935 18.189716 16.094698
v 35.513935 19.410141 16.094698
v 35.513935 19.410141 15.747288
v 35.513935 18.189716 15.747288
v -10.623358 19.689386 18.192858
v -11.843782 19.689386 18.192858
v -11.843782 19.689386 17.845448
v -10.623358 19.689386 17.845448
v -53.176594 43.33795 16.094698
v -51.956165 43.33795 16.094698
v -51.956165 43.33795 15.747288
v -53.176594 43.33795 15.747288
v -11.843782 19.689386 18.192858
v -11.843782 20.909811 18.192858
v -11.843782 20.909811 17.845448
v -11.843782 19.689386 17.845448
v -51.956165 43.33795 16.094698
v -51.956165 42.117523 16.094698
v -51.956165 42.117523 15.747288
v -51.956165 43.33795 15.747288
v -12.23357 10.547825 3.0708656
v -10.23357 10.547825 3.0708656
v -10.23357 12.547825 3.0708656
v -12.23357 12.547825 3.0708656
v -12.23357 10.547825 3.0708656
v -12.23357 10.547825 18.192858
v -10.23357 10.547825 18.192858
v -10.23357 10.547825 3.0708656
v -12.23357 12.547825 3.0708656
v -12.23357 12.547825 18.192858
v -12.23357 10.547825 18.192858
v -12.23357 10.547825 3.0708656
v -10.23357 12.547825 3.0708656
v -10.23357 12.547825 18.192858
v -12.23357 12.547825 18.192858
v -12.23357 12.547825 3.0708656
v -10.23357 10.547825 3.0708656
v -10.23357 10.547825 18.192858
v -10.23357 12.547825 18.192858
v -10.23357 12.547825 3.0708656
v -10.623358 10.937613 17.8454
v -11.843782 10.937613 17.8454
v -11.843782 12.158037 17.8454
v -10.623358 12.158037 17.8454
v -11.843782 12.158037 18.192858
v -10.623358 12.158037 18.192858
v -10.623358 12.158037 17.8454
v -11.843782 12.158037 17.8454
v -10.623358 12.158037 18.192858
v -10.623358 10.937613 18.192858
v -10.623358 10.937613 17.8454
v -10.623358 12.158037 17.8454
v -10.623358 10.937613 18.192858
v -11.843782 10.937613 18.192858
v -11.843782 10.937613 17.8454
v -10.623358 10.937613 17.8454
v -11.843782 10.937613 18.192858
v -11.843782 12.158037 18.192858
v -11.843782 12.158037 17.8454
v -11.843782 10.937613 17.8454
v -15.604046 11.188423 3.0708656
v -14.341563 11.188423 3.0708656
v -14.341563 12.450906 3.0708656
v -15.604046 12.450906 3.0708656
v -15.604046 11.188423 3.0708656
v -15.604046 11.188423 16.283138
v -14.341563 11.188423 16.283138
v -14.341563 11.188423 3.0708656
v -15.604046 12.450906 3.0708656
v -15.604046 12.450906 16.283138
v -15.604046 11.188423 16.283138
v -15.604046 11.188423 3.0708656
v -14.341563 12.450906 3.0708656
v -14.341563 12.450906 16.283138
v -15.604046 12.450906 16.283138
v -15.604046 12.450906 3.0708656
v -14.341563 11.188423 3.0708656
v -14.341563 11.188423 16.283138
v -14.341563 12.450906 16.283138
v -14.341563 12.450906 3.0708656
v -18.065762 12.450906 3.0708656
v -18.065762 12.450906 16.283138
v -19.328243 12.450906 16.283138
v -19.328243 12.450906 3.0708656
v -18.065762 11.188423 3.0708656
v -18.065762 11.188423 16.283138
v -18.065762 12.450906 16.283138
v -18.065762 12.450906 3.0708656
v -19.328243 11.188423 3.0708656
v -19.328243 11.188423 16.283138
v -18.065762 11.188423 16.283138
v -18.065762 11.188423 3.0708656
v -19.328243 12.450906 3.0708656
v -19.328243 12.450906 16.283138
v -19.328243 11.188423 16.283138
v -19.328243 11.188423 3.0708656
v -18.065762 12.450906 16.283138
v -18.065762 11.188423 16.283138
v -19.328243 11.188423 16.283138
v -19.328243 12.450906 16.283138
v -14.341563 12.450906 16.283138
v -14.341563 11.188423 16.283138
v -15.604046 11.188423 16.283138
v -15.604046 12.450906 16.283138
v -21.735592 12.450906 3.0708656
v -21.735592 12.450906 16.283138
v -22.998074 12.450906 16.283138
v -22.998074 12.450906 3.0708656
v -19.328243 11.188423 3.0708656
v -18.065762 11.188423 3.0708656
v -18.065762 12.450906 3.0708656
v -19.328243 12.450906 3.0708656
v -22.998074 21.157925 3.0708656
v -22.998074 21.157925 9.0548725
v -22.998074 19.895443 9.0548725
v -22.998074 19.895443 3.0708656
v -21.735592 21.157925 9.0548725
v -21.735592 19.895443 9.0548725
v -22.998074 19.895443 9.0548725
v -22.998074 21.157925 9.0548725
v -21.735592 19.895443 3.0708656
v -21.735592 19.895443 9.0548725
v -21.735592 21.157925 9.0548725
v -21.735592 21.157925 3.0708656
v -22.998074 19.895443 3.0708656
v -22.998074 19.895443 9.0548725
v -21.735592 19.895443 9.0548725
v -21.735592 19.895443 3.0708656
v -22.998074 19.895443 3.0708656
v -21.735592 19.895443 3.0708656
v -21.735592 21.157925 3.0708656
v -22.998074 21.157925 3.0708656
v -15.604046 19.895443 3.0708656
v -14.341563 19.895443 3.0708656
v -14.341563 21.157925 3.0708656
v -15.604046 21.157925 3.0708656
v -15.604046 19.895443 3.0708656
v -15.604046 19.895443 14.917063
v -14.341563 19.895443 14.917063
v -14.341563 19.895443 3.0708656
v -15.604046 21.157925 3.0708656
v -15.604046 21.157925 14.917063
v -15.604046 19.895443 14.917063
v -15.604046 19.895443 3.0708656
v -14.341563 21.157925 3.0708656
v -14.341563 21.157925 14.917063
v -15.604046 21.157925 14.917063
v -15.604046 21.157925 3.0708656
v -14.341563 19.895443 3.0708656
v -14.341563 19.895443 14.917063
v -14.341563 21.157925 14.917063
v -14.341563 21.157925 3.0708656
v -18.065762 21.157925 3.0708656
v -18.065762 21.157925 12.162222
v -19.328243 21.157925 12.162222
v -19.328243 21.157925 3.0708656
v -18.065762 19.895443 3.0708656
v -18.065762 19.895443 12.162222
v -18.065762 21.157925 12.162222
v -18.065762 21.157925 3.0708656
v -19.328243 19.895443 3.0708656
v -19.328243 19.895443 12.162222
v -18.065762 19.895443 12.162222
v -18.065762 19.895443 3.0708656
v -19.328243 21.157925 3.0708656
v -19.328243 21.157925 12.162222
v -19.328243 19.895443 12.162222
v -19.328243 19.895443 3.0708656
v -18.065762 21.157925 12.162222
v -18.065762 19.895443 12.162222
v -19.328243 19.895443 12.162222
v -19.328243 21.157925 12.162222
v -14.341563 21.157925 14.917063
v -14.341563 19.895443 14.917063
v -15.604046 19.895443 14.917063
v -15.604046 21.157925 14.917063
v -21.735592 21.157925 3.0708656
v -21.735592 21.157925 9.0548725
v -22.998074 21.157925 9.0548725
v -22.998074 21.157925 3.0708656
v -19.328243 19.895443 3.0708656
v -18.065762 19.895443 3.0708656
v -18.065762 21.157925 3.0708656
v -19.328243 21.157925 3.0708656
v 6.787359 5.0596085 3.0708656
v 8.049843 5.0596085 3.0708656
v 8.049843 6.322091 3.0708656
v 6.787359 6.322091 3.0708656
v 6.787359 5.0596085 3.0708656
v 6.787359 5.0596085 16.283138
v 8.049843 5.0596085 16.283138
v 8.049843 5.0596085 3.0708656
v 8.049843 6.322091 16.283138
v 8.049843 5.0596085 16.283138
v 6.787359 5.0596085 16.283138
v 6.787359 6.322091 16.283138
v 8.049843 6.322091 3.0708656
v 8.049843 6.322091 16.283138
v 6.787359 6.322091 16.283138
v 6.787359 6.322091 3.0708656
v 6.787359 6.322091 3.0708656
v 6.787359 6.322091 16.283138
v 6.787359 5.0596085 16.283138
v 6.787359 5.0596085 3.0708656
v 8.049843 5.0596085 3.0708656
v 8.049843 5.0596085 16.283138
v 8.049843 6.322091 16.283138
v 8.049843 6.322091 3.0708656
v -23.007166 5.0596085 3.0708656
v -23.007166 5.0596085 16.283138
v -21.744682 5.0596085 16.283138
v -21.744682 5.0596085 3.0708656
v -23.007166 5.0596085 3.0708656
v -21.744682 5.0596085 3.0708656
v -21.744682 6.322091 3.0708656
v -23.007166 6.322091 3.0708656
v -21.744682 5.0596085 3.0708656
v -21.744682 5.0596085 16.283138
v -21.744682 6.322091 16.283138
v -21.744682 6.322091 3.0708656
v -21.744682 6.322091 3.0708656
v -21.744682 6.322091 16.283138
v -23.007166 6.322091 16.283138
v -23.007166 6.322091 3.0708656
v -21.744682 6.322091 16.283138
v -21.744682 5.0596085 16.283138
v -23.007166 5.0596085 16.283138
v -23.007166 6.322091 16.283138
v -23.007166 6.322091 3.0708656
v -23.007166 6.322091 16.283138
v -23.007166 5.0596085 16.283138
v -23.007166 5.0596085 3.0708656
v -3.0430088 19.6838 3.0708656
v -1.7805252 19.6838 3.0708656
v -1.7805252 20.946281 3.0708656
v -3.0430088 20.946281 3.0708656
v -3.0430088 19.6838 3.0708656
v -3.0430088 19.6838 16.283138
v -1.7805252 19.6838 16.283138
v -1.7805252 19.6838 3.0708656
v -1.7805252 20.946281 16.283138
v -1.7805252 19.6838 16.283138
v -3.0430088 19.6838 16.283138
v -3.0430088 20.946281 16.283138
v -1.7805252 20.946281 3.0708656
v -1.7805252 20.946281 16.283138
v -3.0430088 20.946281 16.283138
v -3.0430088 20.946281 3.0708656
v -3.0430088 20.946281 3.0708656
v -3.0430088 20.946281 16.283138
v -3.0430088 19.6838 16.283138
v -3.0430088 19.6838 3.0708656
v -1.7805252 19.6838 3.0708656
v -1.7805252 19.6838 16.283138
v -1.7805252 20.946281 16.283138
v -1.7805252 20.946281 3.0708656
v -43.77691 5.0596085 3.0708656
v -43.77691 5.0596085 16.283138
v -42.514427 5.0596085 16.283138
v -42.514427 5.0596085 3.0708656
v -43.77691 5.0596085 3.0708656
v -42.514427 5.0596085 3.0708656
v -42.514427 6.322091 3.0708656
v -43.77691 6.322091 3.0708656
v -42.514427 5.0596085 3.0708656
v -42.514427 5.0596085 16.283138
v -42.514427 6.322091 16.283138
v -42.514427 6.322091 3.0708656
v -42.514427 6.322091 3.0708656
v -42.514427 6.322091 16.283138
v -43.77691 6.322091 16.283138
v -43.77691 6.322091 3.0708656
v -42.514427 6.322091 16.283138
v -42.514427 5.0596085 16.283138
v -43.77691 5.0596085 16.283138
v -43.77691 6.322091 16.283138
v -43.77691 6.322091 3.0708656
v -43.77691 6.322091 16.283138
v -43.77691 5.0596085 16.283138
v -43.77691 5.0596085 3.0708656
v 35.004158 24.932735 3.0708656
v 36.266644 24.932735 3.0708656
v 36.266644 26.195217 3.0708656
v 35.004158 26.195217 3.0708656
v 35.004158 24.932735 3.0708656
v 35.004158 24.932735 16.283138
v 36.266644 24.932735 16.283138
v 36.266644 24.932735 3.0708656
v 36.266644 26.195217 16.283138
v 36.266644 24.932735 16.283138
v 35.004158 24.932735 16.283138
v 35.004158 26.195217 16.283138
v 36.266644 26.195217 3.0708656
v 36.266644 26.195217 16.283138
v 35.004158 26.195217 16.283138
v 35.004158 26.195217 3.0708656
v 35.004158 26.195217 3.0708656
v 35.004158 26.195217 16.283138
v 35.004158 24.932735 16.283138
v 35.004158 24.932735 3.0708656
v 36.266644 24.932735 3.0708656
v 36.266644 24.932735 16.283138
v 36.266644 26.195217 16.283138
v 36.266644 26.195217 3.0708656
v 29.239435 31.742445 3.0708656
v 30.50192 31.742445 3.0708656
v 30.50192 33.004925 3.0708656
v 29.239435 33.004925 3.0708656
v 29.239435 31.742445 3.0708656
v 29.239435 31.742445 16.283138
v 30.50192 31.742445 16.283138
v 30.50192 31.742445 3.0708656
v 30.50192 33.004925 16.283138
v 30.50192 31.742445 16.283138
v 29.239435 31.742445 16.283138
v 29.239435 33.004925 16.283138
v 30.50192 33.004925 3.0708656
v 30.50192 33.004925 16.283138
v 29.239435 33.004925 16.283138
v 29.239435 33.004925 3.0708656
v 29.239435 33.004925 3.0708656
v 29.239435 33.004925 16.283138
v 29.239435 31.742445 16.283138
v 29.239435 31.742445 3.0708656
v 30.50192 31.742445 3.0708656
v 30.50192 31.742445 16.283138
v 30.50192 33.004925 16.283138
v 30.50192 33.004925 3.0708656
v 11.003855 42.23903 3.0708652
v 12.26634 42.23903 3.0708652
v 12.26634 43.501507 3.0708652
v 11.003855 43.501507 3.0708652
v 11.003855 42.23903 3.0708652
v 11.003855 42.23903 16.283138
v 12.26634 42.23903 16.283138
v 12.26634 42.23903 3.0708652
v 12.26634 43.501507 16.283138
v 12.26634 42.23903 16.283138
v 11.003855 42.23903 16.283138
v 11.003855 43.501507 16.283138
v 12.26634 43.501507 3.0708652
v 12.26634 43.501507 16.283138
v 11.003855 43.501507 16.283138
v 11.003855 43.501507 3.0708652
v 11.003855 43.501507 3.0708652
v 11.003855 43.501507 16.283138
v 11.003855 42.23903 16.283138
v 11.003855 42.23903 3.0708652
v 12.26634 42.23903 3.0708652
v 12.26634 42.23903 16.283138
v 12.26634 43.501507 16.283138
v 12.26634 43.501507 3.0708652
v -42.674843 42.23903 3.0708652
v -41.412354 42.23903 3.0708652
v -41.412354 43.501507 3.0708652
v -42.674843 43.501507 3.0708652
v -42.674843 42.23903 3.0708652
v -42.674843 42.23903 16.283138
v -41.412354 42.23903 16.283138
v -41.412354 42.23903 3.0708652
v -41.412354 43.501507 16.283138
v -41.412354 42.23903 16.283138
v -42.674843 42.23903 16.283138
v -42.674843 43.501507 16.283138
v -41.412354 43.501507 3.0708652
v -41.412354 43.501507 16.283138
v -42.674843 43.501507 16.283138
v -42.674843 43.501507 3.0708652
v -42.674843 43.501507 3.0708652
v -42.674843 43.501507 16.283138
v -42.674843 42.23903 16.283138
v -42.674843 42.23903 3.0708652
v -41.412354 42.23903 3.0708652
v -41.412354 42.23903 16.283138
v -41.412354 43.501507 16.283138
v -41.412354 43.501507 3.0708652
v -53.498028 23.663685 3.0708652
v -52.23554 23.663685 3.0708652
v -52.23554 24.926163 3.0708652
v -53.498028 24.926163 3.0708652
v -53.498028 23.663685 3.0708652
v -53.498028 23.663685 16.283138
v -52.23554 23.663685 16.283138
v -52.23554 23.663685 3.0708652
v -52.23554 24.926163 16.283138
v -52.23554 23.663685 16.283138
v -53.498028 23.663685 16.283138
v -53.498028 24.926163 16.283138
v -52.23554 24.926163 3.0708652
v -52.23554 24.926163 16.283138
v -53.498028 24.926163 16.283138
v -53.498028 24.926163 3.0708652
v -53.498028 24.926163 3.0708652
v -53.498028 24.926163 16.283138
v -53.498028 23.663685 16.283138
v -53.498028 23.663685 3.0708652
v -52.23554 23.663685 3.0708652
v -52.23554 23.663685 16.283138
v -52.23554 24.926163 16.283138
v -52.23554 24.926163 3.0708652
v -0.52350616 51.540173 3.0708652
v 0.73898315 51.540173 3.0708652
v 0.73898315 52.80265 3.0708652
v -0.52350616 52.80265 3.0708652
v -0.52350616 51.540173 3.0708652
v -0.52350616 51.540173 16.283138
v 0.73898315 51.540173 16.283138
v 0.73898315 51.540173 3.0708652
v 0.73898315 52.80265 16.283138
v 0.73898315 51.540173 16.283138
v -0.52350616 51.540173 16.283138
v -0.52350616 52.80265 16.283138
v 0.73898315 52.80265 3.0708652
v 0.73898315 52.80265 16.283138
v -0.52350616 52.80265 16.283138
v -0.52350616 52.80265 3.0708652
v -0.52350616 52.80265 3.0708652
v -0.52350616 52.80265 16.283138
v -0.52350616 51.540173 16.283138
v -0.52350616 51.540173 3.0708652
v 0.73898315 51.540173 3.0708652
v 0.73898315 51.540173 16.283138
v 0.73898315 52.80265 16.283138
v 0.73898315 52.80265 3.0708652
v -32.001945 51.540173 3.0708652
v -30.739456 51.540173 3.0708652
v -30.739456 52.80265 3.0708652
v -32.001945 52.80265 3.0708652
v -32.001945 51.540173 3.0708652
v -32.001945 51.540173 16.283138
v -30.739456 51.540173 16.283138
v -30.739456 51.540173 3.0708652
v -30.739456 52.80265 16.283138
v -30.739456 51.540173 16.283138
v -32.001945 51.540173 16.283138
v -32.001945 52.80265 16.283138
v -30.739456 52.80265 3.0708652
v -30.739456 52.80265 16.283138
v -32.001945 52.80265 16.283138
v -32.001945 52.80265 3.0708652
v -32.001945 52.80265 3.0708652
v -32.001945 52.80265 16.283138
v -32.001945 51.540173 16.283138
v -32.001945 51.540173 3.0708652
v -30.739456 51.540173 3.0708652
v -30.739456 51.540173 16.283138
v -30.739456 52.80265 16.283138
v -30.739456 52.80265 3.0708652
v 15.970291 60.627808 3.0708652
v 17.23278 60.627808 3.0708652
v 17.23278 61.89029 3.0708652
v 15.970291 61.89029 3.0708652
v 15.970291 60.627808 3.0708652
v 16.22313 60.627808 16.283138
v 17.485619 60.627808 16.283138
v 17.23278 60.627808 3.0708652
v 17.485619 61.89029 16.283138
v 17.485619 60.627808 16.283138
v 16.22313 60.627808 16.283138
v 16.22313 61.89029 16.283138
v 17.23278 61.89029 3.0708652
v 17.485619 61.89029 16.283138
v 16.22313 61.89029 16.283138
v 15.970291 61.89029 3.0708652
v 15.970291 61.89029 3.0708652
v 16.22313 61.89029 16.283138
v 16.22313 60.627808 16.283138
v 15.970291 60.627808 3.0708652
v 17.23278 60.627808 3.0708652
v 17.485619 60.627808 16.283138
v 17.485619 61.89029 16.283138
v 17.23278 61.89029 3.0708652
v 43.314667 48.124165 3.0708652
v 43.314667 48.124165 16.283138
v 42.29747 47.37639 16.283138
v 42.29747 47.37639 3.0708652
v 44.062447 47.10696 3.0708652
v 44.062447 47.10696 16.283138
v 43.314667 48.124165 16.283138
v 43.314667 48.124165 3.0708652
v 42.29747 47.37639 3.0708652
v 43.04525 46.359184 3.0708652
v 44.062447 47.10696 3.0708652
v 43.314667 48.124165 3.0708652
v 44.062447 47.10696 16.283138
v 43.04525 46.359184 16.283138
v 42.29747 47.37639 16.283138
v 43.314667 48.124165 16.283138
v 42.29747 47.37639 3.0708652
v 42.29747 47.37639 16.283138
v 43.04525 46.359184 16.283138
v 43.04525 46.359184 3.0708652
v 43.04525 46.359184 3.0708652
v 43.04525 46.359184 16.283138
v 44.062447 47.10696 16.283138
v 44.062447 47.10696 3.0708652
v 23.443521 42.23903 3.0708652
v 24.706007 42.23903 3.0708652
v 24.706007 43.501507 3.0708652
v 23.443521 43.501507 3.0708652
v 23.443521 42.23903 3.0708652
v 23.443521 42.23903 16.283138
v 24.706007 42.23903 16.283138
v 24.706007 42.23903 3.0708652
v 24.706007 43.501507 16.283138
v 24.706007 42.23903 16.283138
v 23.443521 42.23903 16.283138
v 23.443521 43.501507 16.283138
v 24.706007 43.501507 3.0708652
v 24.706007 43.501507 16.283138
v 23.443521 43.501507 16.283138
v 23.443521 43.501507 3.0708652
v 23.443521 43.501507 3.0708652
v 23.443521 43.501507 16.283138
v 23.443521 42.23903 16.283138
v 23.443521 42.23903 3.0708652
v 24.706007 42.23903 3.0708652
v 24.706007 42.23903 16.283138
v 24.706007 43.501507 16.283138
v 24.706007 43.501507 3.0708652
v 11.003855 31.822067 -6.3489633
v 12.26634 31.822067 -6.3489633
v 12.26634 33.084545 -6.3489633
v 11.003855 33.084545 -6.3489633
v 11.003855 31.822067 -6.3489633
v 11.003855 31.822067 6.86331
v 12.26634 31.822067 6.86331
v 12.26634 31.822067 -6.3489633
v 12.26634 33.084545 6.86331
v 12.26634 31.822067 6.86331
v 11.003855 31.822067 6.86331
v 11.003855 33.084545 6.86331
v 12.26634 33.084545 -6.3489633
v 12.26634 33.084545 6.86331
v 11.003855 33.084545 6.86331
v 11.003855 33.084545 -6.3489633
v 11.003855 33.084545 -6.3489633
v 11.003855 33.084545 6.86331
v 11.003855 31.822067 6.86331
v 11.003855 31.822067 -6.3489633
v 12.26634 31.822067 -6.3489633
v 12.26634 31.822067 6.86331
v 12.26634 33.084545 6.86331
v 12.26634 33.084545 -6.3489633
v -53.498028 10.31829 3.0708652
v -52.23554 10.31829 3.0708652
v -52.23554 11.580768 3.0708652
v -53.498028 11.580768 3.0708652
v -53.498028 10.31829 3.0708652
v -53.498028 10.31829 16.283138
v -52.23554 10.31829 16.283138
v -52.23554 10.31829 3.0708652
v -52.23554 11.580768 16.283138
v -52.23554 10.31829 16.283138
v -53.498028 10.31829 16.283138
v -53.498028 11.580768 16.283138
v -52.23554 11.580768 3.0708652
v -52.23554 11.580768 16.283138
v -53.498028 11.580768 16.283138
v -53.498028 11.580768 3.0708652
v -53.498028 11.580768 3.0708652
v -53.498028 11.580768 16.283138
v -53.498028 10.31829 16.283138
v -53.498028 10.31829 3.0708652
v -52.23554 10.31829 3.0708652
v -52.23554 10.31829 16.283138
v -52.23554 11.580768 16.283138
v -52.23554 11.580768 3.0708652
v -43.76104 23.680658 -6.3489633
v -42.49855 23.680658 -6.3489633
v -42.49855 24.943136 -6.3489633
v -43.76104 24.943136 -6.3489633
v -43.76104 23.680658 -6.3489633
v -43.76104 23.680658 6.86331
v -42.49855 23.680658 6.86331
v -42.49855 23.680658 -6.3489633
v -42.49855 24.943136 6.86331
v -42.49855 23.680658 6.86331
v -43.76104 23.680658 6.86331
v -43.76104 24.943136 6.86331
v -42.49855 24.943136 -6.3489633
v -42.49855 24.943136 6.86331
v -43.76104 24.943136 6.86331
v -43.76104 24.943136 -6.3489633
v -43.76104 24.943136 -6.3489633
v -43.76104 24.943136 6.86331
v -43.76104 23.680658 6.86331
v -43.76104 23.680658 -6.3489633
v -42.49855 23.680658 -6.3489633
v -42.49855 23.680658 6.86331
v -42.49855 24.943136 6.86331
v -42.49855 24.943136 -6.3489633
v 53.924934 24.932735 3.0708656
v 55.18742 24.932735 3.0708656
v 55.18742 26.195217 3.0708656
v 53.924934 26.195217 3.0708656
v 53.924934 24.932735 3.0708656
v 53.924934 24.932735 16.283138
v 55.18742 24.932735 16.283138
v 55.18742 24.932735 3.0708656
v 55.18742 26.195217 16.283138
v 55.18742 24.932735 16.283138
v 53.924934 24.932735 16.283138
v 53.924934 26.195217 16.283138
v 55.18742 26.195217 3.0708656
v 55.18742 26.195217 16.283138
v 53.924934 26.195217 16.283138
v 53.924934 26.195217 3.0708656
v 53.924934 26.195217 3.0708656
v 53.924934 26.195217 16.283138
v 53.924934 24.932735 16.283138
v 53.924934 24.932735 3.0708656
v 55.18742 24.932735 3.0708656
v 55.18742 24.932735 16.283138
v 55.18742 26.195217 16.283138
v 55.18742 26.195217 3.0708656
v 44.612038 18.063948 3.0708656
v 45.874523 18.063948 3.0708656
v 45.874523 19.32643 3.0708656
v 44.612038 19.32643 3.0708656
v 44.612038 18.063948 3.0708656
v 44.612038 18.063948 16.283138
v 45.874523 18.063948 16.283138
v 45.874523 18.063948 3.0708656
v 45.874523 19.32643 16.283138
v 45.874523 18.063948 16.283138
v 44.612038 18.063948 16.283138
v 44.612038 19.32643 16.283138
v 45.874523 19.32643 3.0708656
v 45.874523 19.32643 16.283138
v 44.612038 19.32643 16.283138
v 44.612038 19.32643 3.0708656
v 44.612038 19.32643 3.0708656
v 44.612038 19.32643 16.283138
v 44.612038 18.063948 16.283138
v 44.612038 18.063948 3.0708656
v 45.874523 18.063948 3.0708656
v 45.874523 18.063948 16.283138
v 45.874523 19.32643 16.283138
v 45.874523 19.32643 3.0708656
v -11.843782 10.937613 18.192858
v -10.23357 10.547825 18.192858
v -12.23357 10.547825 18.192858
v -10.623358 10.937613 18.192858
v -11.843782 12.158037 18.192858
v -10.23357 12.547825 18.192858
v -12.23357 12.547825 18.192858
v -10.623358 12.158037 18.192858
v 54.976383 31.194258 16.094698
v 54.976383 32.414684 16.094698
v 55.36617 32.80447 16.094698
v 55.36617 30.80447 16.094698
v 53.36617 32.80447 16.094698
v 53.755955 31.194258 16.094698
v 53.755955 32.414684 16.094698
v 53.36617 30.80447 16.094698
v 32.192432 60.60949 16.094698
v 33.80265 60.219704 16.094698
v 31.802647 60.219704 16.094698
v 33.412865 60.60949 16.094698
v 32.192432 61.829918 16.094698
v 33.80265 62.219704 16.094698
v 31.802647 62.219704 16.094698
v 33.412865 61.829918 16.094698
v -86.0208 60.3118 16.094698
v -84.41058 59.922012 16.094698
v -86.41058 59.922012 16.094698
v -84.80037 60.3118 16.094698
v -86.0208 61.532227 16.094698
v -84.41058 61.922012 16.094698
v -86.41058 61.922012 16.094698
v -84.80037 61.532227 16.094698
v -43.827934 10.4048195 16.094698
v -42.21772 10.015032 16.094698
v -44.21772 10.015032 16.094698
v -42.607506 10.4048195 16.094698
v -43.827934 11.625244 16.094698
v -42.21772 12.015032 16.094698
v -44.21772 12.015032 16.094698
v -42.607506 11.625244 16.094698
v -11.843782 19.689386 18.192858
v -10.23357 19.299599 18.192858
v -12.23357 19.299599 18.192858
v -10.623358 19.689386 18.192858
v -11.843782 20.909811 18.192858
v -10.23357 21.299599 18.192858
v -12.23357 21.299599 18.192858
v -10.623358 20.909811 18.192858
v 23.064203 31.712328 16.094698
v 24.674416 31.32254 16.094698
v 22.674416 31.32254 16.094698
v 24.284628 31.712328 16.094698
v 23.064203 32.932755 16.094698
v 24.674416 33.32254 16.094698
v 22.674416 33.32254 16.094698
v 24.284628 32.932755 16.094698
v 35.17006 31.62941 16.094698
v 36.780273 31.239622 16.094698
v 34.780273 31.239622 16.094698
v 36.390488 31.62941 16.094698
v 35.17006 32.84984 16.094698
v 36.780273 33.239624 16.094698
v 34.780273 33.239624 16.094698
v 36.390488 32.84984 16.094698
v 53.755955 18.046434 16.094698
v 55.36617 17.656647 16.094698
v 53.36617 17.656647 16.094698
v 54.976383 18.046434 16.094698
v 53.755955 19.26686 16.094698
v 55.36617 19.656647 16.094698
v 53.36617 19.656647 16.094698
v 54.976383 19.26686 16.094698
v -0.5927107 60.60949 16.094698
v 1.0175037 60.219704 16.094698
v -0.98249817 60.219704 16.094698
v 0.62771624 60.60949 16.094698
v -0.5927107 61.829918 16.094698
v 1.0175037 62.219704 16.094698
v -0.98249817 62.219704 16.094698
v 0.62771624 61.829918 16.094698
v -32.114388 60.60949 16.094698
v -30.504171 60.219704 16.094698
v -32.504173 60.219704 16.094698
v -30.893959 60.60949 16.094698
v -32.114388 61.829918 16.094698
v -30.504171 62.219704 16.094698
v -32.504173 62.219704 16.094698
v -30.893959 61.829918 16.094698
v -53.176594 42.117523 16.094698
v -51.56638 41.727737 16.094698
v -53.56638 41.727737 16.094698
v -51.956165 42.117523 16.094698
v -53.176594 43.33795 16.094698
v -51.56638 43.727737 16.094698
v -53.56638 43.727737 16.094698
v -51.956165 43.33795 16.094698
v 35.513935 18.189716 16.094698
v 37.12415 17.799929 16.094698
v 35.12415 17.799929 16.094698
v 36.734364 18.189716 16.094698
v 35.513935 19.410141 16.094698
v 37.12415 19.799929 16.094698
v 35.12415 19.799929 16.094698
v 36.734364 19.410141 16.094698
v -0.44942683 42.690647 16.094698
v 1.1607857 42.30086 16.094698
v -0.8392143 42.30086 16.094698
v 0.7709982 42.690647 16.094698
v -0.44942683 43.911076 16.094698
v 1.1607857 44.30086 16.094698
v -0.8392143 44.30086 16.094698
v 0.7709982 43.911076 16.094698
v -31.971102 42.260803 16.094698
v -30.36089 41.871017 16.094698
v -32.36089 41.871017 16.094698
v -30.750677 42.260803 16.094698
v -31.971102 43.48123 16.094698
v -30.36089 43.871017 16.094698
v -32.36089 43.871017 16.094698
v -30.750677 43.48123 16.094698
v 6.8452535 19.83014 18.192858
v 8.455466 19.440351 18.192858
v 6.455466 19.440351 18.192858
v 8.065679 19.83014 18.192858
v 6.8452535 21.050564 18.192858
v 8.455466 21.440351 18.192858
v 6.455466 21.440351 18.192858
v 8.065679 21.050564 18.192858
v -11.843782 -10.937613 18.192858
v -12.23357 -10.547825 18.192858
v -10.23357 -10.547825 18.192858
v -10.623358 -10.937613 18.192858
v -11.843782 -12.158037 18.192858
v -10.23357 -12.547825 18.192858
v -12.23357 -12.547825 18.192858
v -10.623358 -12.158037 18.192858
v 54.976383 -31.194258 16.094698
v 55.36617 -30.80447 16.094698
v 55.36617 -32.80447 16.094698
v 53.755955 -31.194258 16.094698
v 54.976383 -32.414684 16.094698
v 53.36617 -30.80447 16.094698
v 53.36617 -32.80447 16.094698
v 53.755955 -32.414684 16.094698
v 32.192432 -60.60949 16.094698
v 31.802647 -60.219704 16.094698
v 33.80265 -60.219704 16.094698
v 33.412865 -60.60949 16.094698
v 32.192432 -61.829918 16.094698
v 33.80265 -62.219704 16.094698
v 31.802647 -62.219704 16.094698
v 33.412865 -61.829918 16.094698
v -86.0208 -60.3118 16.094698
v -86.41058 -59.922012 16.094698
v -84.41058 -59.922012 16.094698
v -84.80037 -60.3118 16.094698
v -86.0208 -61.532227 16.094698
v -84.41058 -61.922012 16.094698
v -86.41058 -61.922012 16.094698
v -84.80037 -61.532227 16.094698
v -43.827934 -10.4048195 16.094698
v -44.21772 -10.015032 16.094698
v -42.21772 -10.015032 16.094698
v -42.607506 -10.4048195 16.094698
v -43.827934 -11.625244 16.094698
v -42.21772 -12.015032 16.094698
v -44.21772 -12.015032 16.094698
v -42.607506 -11.625244 16.094698
v -11.843782 -19.689386 18.192858
v -12.23357 -19.299599 18.192858
v -10.23357 -19.299599 18.192858
v -10.623358 -19.689386 18.192858
v -11.843782 -20.909811 18.192858
v -10.23357 -21.299599 18.192858
v -12.23357 -21.299599 18.192858
v -10.623358 -20.909811 18.192858
v 23.064203 -31.712328 16.094698
v 22.674416 -31.32254 16.094698
v 24.674416 -31.32254 16.094698
v 24.284628 -31.712328 16.094698
v 23.064203 -32.932755 16.094698
v 24.674416 -33.32254 16.094698
v 22.674416 -33.32254 16.094698
v 24.284628 -32.932755 16.094698
v 35.17006 -31.62941 16.094698
v 34.780273 -31.239622 16.094698
v 36.780273 -31.239622 16.094698
v 36.390488 -31.62941 16.094698
v 35.17006 -32.84984 16.094698
v 36.780273 -33.239624 16.094698
v 34.780273 -33.239624 16.094698
v 36.390488 -32.84984 16.094698
v 53.755955 -18.046434 16.094698
v 53.36617 -17.656647 16.094698
v 55.36617 -17.656647 16.094698
v 54.976383 -18.046434 16.094698
v 53.755955 -19.26686 16.094698
v 55.36617 -19.656647 16.094698
v 53.36617 -19.656647 16.094698
v 54.976383 -19.26686 16.094698
v -0.5927107 -60.60949 16.094698
v -0.98249817 -60.219704 16.094698
v 1.0175037 -60.219704 16.094698
v 0.62771624 -60.60949 16.094698
v -0.5927107 -61.829918 16.094698
v 1.0175037 -62.219704 16.094698
v -0.98249817 -62.219704 16.094698
v 0.62771624 -61.829918 16.094698
v -32.114388 -60.60949 16.094698
v -32.504173 -60.219704 16.094698
v -30.504171 -60.219704 16.094698
v -30.893959 -60.60949 16.094698
v -32.114388 -61.829918 16.094698
v -30.504171 -62.219704 16.094698
v -32.504173 -62.219704 16.094698
v -30.893959 -61.829918 16.094698
v -53.176594 -42.117523 16.094698
v -53.56638 -41.727737 16.094698
v -51.56638 -41.727737 16.094698
v -51.956165 -42.117523 16.094698
v -53.176594 -43.33795 16.094698
v -51.56638 -43.727737 16.094698
v -53.56638 -43.727737 16.094698
v -51.956165 -43.33795 16.094698
v 35.513935 -18.189716 16.094698
v 35.12415 -17.799929 16.094698
v 37.12415 -17.799929 16.094698
v 36.734364 -18.189716 16.094698
v 35.513935 -19.410141 16.094698
v 37.12415 -19.799929 16.094698
v 35.12415 -19.799929 16.094698
v 36.734364 -19.410141 16.094698
v -0.44942683 -42.690647 16.094698
v -0.8392143 -42.30086 16.094698
v 1.1607857 -42.30086 16.094698
v 0.7709982 -42.690647 16.094698
v -0.44942683 -43.911076 16.094698
v 1.1607857 -44.30086 16.094698
v -0.8392143 -44.30086 16.094698
v 0.7709982 -43.911076 16.094698
v -31.971102 -42.260803 16.094698
v -32.36089 -41.871017 16.094698
v -30.36089 -41.871017 16.094698
v -30.750677 -42.260803 16.094698
v -31.971102 -43.48123 16.094698
v -30.36089 -43.871017 16.094698
v -32.36089 -43.871017 16.094698
v -30.750677 -43.48123 16.094698
v 6.8452535 -19.83014 18.192858
v 6.455466 -19.440351 18.192858
v 8.455466 -19.440351 18.192858
v 8.065679 -19.83014 18.192858
v 6.8452535 -21.050564 18.192858
v 8.455466 -21.440351 18.192858
v 6.455466 -21.440351 18.192858
v 8.065679 -21.050564 18.192858
v -53.0573 -0.7388394 13.174644
v -53.05482 -10.288681 13.174644
v -53.05978 -10.978882 13.174644
v -0.24954604 -24.391659 4.0708637
v 23.84914 -24.391659 4.0708637
v 23.849098 -31.9977 4.07086
v 35.29595 -31.997864 4.070862
v 23.849098 -31.9977 4.07086
v 35.284184 -24.391811 4.0708637
v -53.05482 -10.288681 13.174644
v -52.321243 -11.026108 13.174644
v -53.05978 -10.978882 13.174644
v -53.156113 -24.385826 13.174644
v -85.218506 -0.7388393 13.174644
v -53.0573 -0.7388394 13.174644
v -53.3211 -43.2651 13.174644
v -85.25922 0 13.174644
v -53.0573 0 13.174644
v -43.524742 0 13.174644
v -43.52275 -0.7388393 13.174644
v -53.05482 -10.288681 13.174644
v -43.52195 -10.2703085 13.174644
v -43.512768 -11.009131 13.174644
v -52.321243 -11.026108 13.174644
v -85.25184 -42.526833 13.174644
v -52.723885 -60.88633 13.174644
v -85.26572 -60.88633 13.174644
v -42.73375 -43.2651 13.174644
v -31.705172 -43.2651 13.174644
v -31.6992 -60.88633 13.174644
v -53.05978 10.978882 13.174644
v -53.05482 10.288681 13.174644
v -53.0573 0.7388394 13.174644
v 23.849098 31.9977 4.07086
v 23.84914 24.391659 4.0708637
v -0.24954604 24.391659 4.0708637
v 35.29595 31.997864 4.070862
v 35.284184 24.391811 4.0708637
v 23.849098 31.9977 4.07086
v -53.05482 10.288681 13.174644
v -53.05978 10.978882 13.174644
v -52.321243 11.026108 13.174644
v -85.218506 0.7388393 13.174644
v -53.156113 24.385826 13.174644
v -53.3211 43.2651 13.174644
v -53.0573 0.7388394 13.174644
v -85.25184 42.526833 13.174644
v -85.25922 0 13.174644
v -52.723885 60.88633 13.174644
v -85.26572 60.88633 13.174644
v -53.0573 0 13.174644
v -43.524742 0 13.174644
v -43.52275 0.7388393 13.174644
v -53.05482 10.288681 13.174644
v -43.52195 10.2703085 13.174644
v -43.512768 11.009131 13.174644
v -52.321243 11.026108 13.174644
v -31.6992 60.88633 13.174644
v -31.705172 43.2651 13.174644
v -42.73375 43.2651 13.174644
v -53.3211 43.2651 13.174644
v -0.24976349 -61.625168 4.0708637
v -30.96011 -61.625168 4.0708637
v -30.966583 -42.52626 4.0708637
v -0.249588 -42.526264 4.0708656
v -42.73375 -42.52626 4.0708637
v -42.784637 -24.391708 4.0708637
v -0.249588 -42.526264 4.0708656
v -0.249588 -32.75121 4.0708647
v -0.249588 -31.9977 4.0708647
v -0.24954604 -24.391659 4.0708637
v -42.73375 -42.52626 4.0708637
v -52.575775 -42.52626 4.0708637
v -43.51277 -24.391712 4.0708637
v -52.417297 -24.391762 4.0708637
v 23.84914 -24.391659 4.0708637
v 7.7867355 -20.72991 4.0708637
v 23.929752 -18.268707 4.0708637
v -11.136443 -20.68188 4.0708637
v -42.784637 -24.391708 4.0708637
v -22.660378 -20.619547 4.0708637
v -42.783783 -20.558006 4.0708637
v 7.7774277 -12.196422 4.0708637
v 23.929752 -18.268707 4.0708637
v 23.8967 -10.927704 4.0708637
v 7.765049 0 4.0708637
v 23.909973 0 4.0708637
v -22.660793 -19.934366 4.0708637
v -42.783783 -20.558006 4.0708637
v -22.66547 -12.232124 4.0708637
v -42.783047 -11.007726 4.0708637
v -42.783974 0 4.0708637
v -22.627998 0 4.0708637
v 35.179115 0 4.0708637
v 35.215824 -10.9130945 4.0708637
v 23.8967 -10.927704 4.0708637
v 54.948128 -10.88762 4.0708637
v 54.948128 0 4.0708637
v 54.948128 -18.340172 4.0708637
v 35.2842 -18.268707 4.0708637
v 23.929752 -18.268707 4.0708637
v 0.4890827 -60.88633 13.174644
v 0.48924452 -43.265102 13.174644
v 11.553052 -43.265102 13.174644
v 23.860725 -43.265102 13.174645
v 24.587938 -43.265102 13.174645
v 23.849098 -42.526264 13.174644
v 32.634056 -60.88633 13.174644
v 35.27634 -42.52626 13.174654
v 46.55703 -42.086536 13.174654
v 36.02984 -32.73655 13.174654
v 54.20929 -31.75392 13.174654
v 54.20933 -24.391659 13.174654
v 54.20929 -31.75392 13.174654
v 36.02308 -24.391514 13.174654
v 54.209293 -19.076323 13.174654
v 36.02308 -24.391514 13.174654
v 36.023045 -19.010042 13.174654
v 24.587938 -43.265102 13.174645
v 36.02984 -32.73655 13.174654
v 35.27634 -42.52626 13.174654
v 24.587938 -32.736538 13.174645
v 23.849098 -32.75121 13.174644
v 23.849098 -42.526264 13.174644
v 35.284184 -24.391811 4.0708637
v 23.84914 -24.391659 4.0708637
v 23.929752 -18.268707 4.0708637
v 35.2842 -18.268707 4.0708637
v -10.406521 -11.4718275 13.174644
v -21.92436 -11.491987 13.174644
v -21.891418 -0.73883945 13.174644
v 7.0269594 -0.73883927 13.174644
v -21.891422 0 13.174644
v 7.020256 0 13.174644
v 7.0385885 -12.197199 13.174644
v -10.405839 -12.176081 13.174644
v -10.398317 -19.944912 13.174644
v 7.0470877 -19.989191 13.174644
v -11.144644 -12.21196 13.174644
v -11.137167 -19.93437 13.174644
v -22.66547 -12.232124 4.0708637
v -11.144644 -12.21196 13.174644
v -11.137167 -19.93437 13.174644
v -22.660793 -19.934366 4.0708637
v 23.849098 -31.9977 4.07086
v 11.581361 -31.9977 4.070863
v -0.24954604 -24.391659 4.0708637
v -0.249588 -31.9977 4.0708647
v 11.5858755 -42.526264 4.0708632
v -0.249588 -42.526264 4.0708656
v -0.249588 -32.75121 4.0708647
v 11.581684 -32.75121 4.070863
v -0.249588 -32.75121 4.0708647
v -0.249588 -31.9977 4.0708647
v 11.581361 -31.9977 4.070863
v 11.581684 -32.75121 4.070863
v 23.849098 -32.75121 13.174644
v 23.849098 -42.526264 13.174644
v 11.5858755 -42.526264 4.0708632
v 11.581684 -32.75121 4.070863
v -43.51277 -24.391712 4.0708637
v -52.417297 -24.391762 4.0708637
v -52.321243 -11.026108 13.174644
v -43.512768 -11.009131 13.174644
v 13.969589 -33.223373 1.5875401
v 13.969595 -42.64096 1.5875401
v 13.969595 -42.64096 4.7403426
v 13.969589 -33.223373 4.7403426
v 13.969595 -42.64096 1.5875401
v 11.459452 -42.64096 1.5875401
v 11.459452 -42.64096 4.7403426
v 13.969595 -42.64096 4.7403426
v 11.459452 -42.64096 1.5875401
v 11.459446 -33.223373 1.5875401
v 11.459446 -33.223373 4.7403426
v 11.459452 -42.64096 4.7403426
v 11.459446 -33.223373 1.5875401
v 13.969589 -33.223373 1.5875401
v 13.969589 -33.223373 4.7403426
v 11.459446 -33.223373 4.7403426
v 13.969595 -42.64096 1.5875401
v 13.969589 -33.223373 1.5875401
v 11.459446 -33.223373 1.5875401
v 11.459452 -42.64096 1.5875401
v 11.459452 -42.64096 4.7403426
v 11.459446 -33.223373 4.7403426
v 13.969589 -33.223373 4.7403426
v 13.969595 -42.64096 4.7403426
v 15.211214 -33.22337 2.9682288
v 15.211221 -42.64096 2.9682288
v 15.211221 -42.64096 6.1210313
v 15.211214 -33.22337 6.1210313
v 15.211221 -42.64096 2.9682288
v 12.701077 -42.64096 2.9682288
v 12.701077 -42.64096 6.1210313
v 15.211221 -42.64096 6.1210313
v 12.701077 -42.64096 2.9682288
v 12.701072 -33.223373 2.9682288
v 12.701072 -33.223373 6.1210313
v 12.701077 -42.64096 6.1210313
v 12.701072 -33.223373 2.9682288
v 15.211214 -33.22337 2.9682288
v 15.211214 -33.22337 6.1210313
v 12.701072 -33.223373 6.1210313
v 15.211221 -42.64096 2.9682288
v 15.211214 -33.22337 2.9682288
v 12.701072 -33.223373 2.9682288
v 12.701077 -42.64096 2.9682288
v 12.701077 -42.64096 6.1210313
v 12.701072 -33.223373 6.1210313
v 15.211214 -33.22337 6.1210313
v 15.211221 -42.64096 6.1210313
v 16.25072 -38.48172 3.8263547
v 16.250721 -42.64096 3.8263547
v 16.250721 -42.64096 6.9791565
v 16.25072 -38.48172 6.9791565
v 16.250717 -37.38261 3.8263547
v 16.250717 -37.38261 6.9791565
v 16.250715 -33.22337 3.8263547
v 16.250715 -33.22337 6.9791565
v 16.250721 -42.64096 3.8263547
v 13.740579 -42.64096 3.8263547
v 13.740579 -42.64096 6.9791565
v 16.250721 -42.64096 6.9791565
v 13.740575 -37.38261 3.8263547
v 13.740572 -33.223373 3.8263547
v 13.740572 -33.223373 6.9791565
v 13.740575 -37.38261 6.9791565
v 13.740576 -38.48172 3.8263547
v 13.740576 -38.48172 6.552821
v 13.740579 -42.64096 3.8263547
v 13.740579 -42.64096 6.9791565
v 13.740572 -33.223373 3.8263547
v 16.250715 -33.22337 3.8263547
v 16.250715 -33.22337 6.9791565
v 13.740572 -33.223373 6.9791565
v 16.250717 -37.38261 3.8263547
v 16.250715 -33.22337 3.8263547
v 13.740572 -33.223373 3.8263547
v 13.740575 -37.38261 3.8263547
v 16.25072 -38.48172 3.8263547
v 13.740576 -38.48172 3.8263547
v 16.250721 -42.64096 3.8263547
v 13.740579 -42.64096 3.8263547
v 13.740575 -37.38261 6.9791565
v 13.740572 -33.223373 6.9791565
v 16.250715 -33.22337 6.9791565
v 16.250717 -37.38261 6.9791565
v 13.740576 -38.48172 6.552821
v 16.25072 -38.48172 6.9791565
v 13.740579 -42.64096 6.9791565
v 16.250721 -42.64096 6.9791565
v 17.376842 -36.535763 4.9471893
v 17.376848 -42.640957 4.9471893
v 17.376848 -42.640957 8.099992
v 17.376842 -36.535763 8.099992
v 17.37684 -33.22337 4.9471893
v 17.37684 -33.22337 8.099992
v 17.376848 -42.640957 4.9471893
v 14.866704 -42.64096 4.9471893
v 14.866704 -42.64096 8.099992
v 17.376848 -42.640957 8.099992
v 14.8667 -36.535767 4.9471893
v 14.866697 -33.22337 4.9471893
v 14.866697 -33.22337 8.099992
v 14.866699 -36.535767 7.592495
v 14.866704 -42.64096 4.9471893
v 14.866704 -42.64096 8.099992
v 14.866697 -33.22337 4.9471893
v 17.37684 -33.22337 4.9471893
v 17.37684 -33.22337 8.099992
v 14.866697 -33.22337 8.099992
v 17.376842 -36.535763 4.9471893
v 17.37684 -33.22337 4.9471893
v 14.866697 -33.22337 4.9471893
v 14.8667 -36.535767 4.9471893
v 17.376848 -42.640957 4.9471893
v 14.866704 -42.64096 4.9471893
v 14.866699 -36.535767 7.592495
v 14.866697 -33.22337 8.099992
v 17.37684 -33.22337 8.099992
v 17.376842 -36.535763 8.099992
v 14.866704 -42.64096 8.099992
v 17.376848 -42.640957 8.099992
v 18.416342 -33.22337 5.3382425
v 18.416348 -42.640957 5.3382425
v 18.416348 -42.640957 8.491044
v 18.416342 -33.22337 8.491044
v 18.416348 -42.640957 5.3382425
v 15.906204 -42.64096 5.3382425
v 15.906204 -42.64096 8.491044
v 18.416348 -42.640957 8.491044
v 15.906204 -42.64096 5.3382425
v 15.9061985 -33.22337 5.3382425
v 15.9061985 -33.22337 8.491044
v 15.906204 -42.64096 8.491044
v 15.9061985 -33.22337 5.3382425
v 18.416342 -33.22337 5.3382425
v 18.416342 -33.22337 8.491044
v 15.9061985 -33.22337 8.491044
v 18.416348 -42.640957 5.3382425
v 18.416342 -33.22337 5.3382425
v 15.9061985 -33.22337 5.3382425
v 15.906204 -42.64096 5.3382425
v 15.906204 -42.64096 8.491044
v 15.9061985 -33.22337 8.491044
v 18.416342 -33.22337 8.491044
v 18.416348 -42.640957 8.491044
v 19.497423 -33.22337 6.1394734
v 19.497429 -42.640957 6.1394734
v 19.497429 -42.640957 9.292276
v 19.497423 -33.22337 9.292276
v 19.497429 -42.640957 6.1394734
v 16.987286 -42.64096 6.1394734
v 16.987286 -42.64096 9.292276
v 19.497429 -42.640957 9.292276
v 16.987286 -42.64096 6.1394734
v 16.987278 -33.22337 6.1394734
v 16.987278 -33.22337 9.292276
v 16.987286 -42.64096 9.292276
v 16.987278 -33.22337 6.1394734
v 19.497423 -33.22337 6.1394734
v 19.497423 -33.22337 9.292276
v 16.987278 -33.22337 9.292276
v 19.497429 -42.640957 6.1394734
v 19.497423 -33.22337 6.1394734
v 16.987278 -33.22337 6.1394734
v 16.987286 -42.64096 6.1394734
v 16.987286 -42.64096 9.292276
v 16.987278 -33.22337 9.292276
v 19.497423 -33.22337 9.292276
v 19.497429 -42.640957 9.292276
v 20.536928 -40.85327 7.0367365
v 20.53693 -42.640957 7.0367365
v 20.53693 -42.640957 10.18954
v 20.536928 -40.85327 10.18954
v 20.536922 -33.22337 7.0367365
v 20.536922 -33.22337 10.18954
v 20.53693 -42.640957 7.0367365
v 18.026787 -42.640957 7.0367365
v 18.026787 -42.640957 10.18954
v 20.53693 -42.640957 10.18954
v 18.026785 -40.85327 7.0367365
v 18.02678 -33.22337 7.0367365
v 18.02678 -33.22337 10.18954
v 18.026785 -40.85327 9.665515
v 18.026787 -42.640957 7.0367365
v 18.026787 -42.640957 10.18954
v 18.02678 -33.22337 7.0367365
v 20.536922 -33.22337 7.0367365
v 20.536922 -33.22337 10.18954
v 18.02678 -33.22337 10.18954
v 20.536928 -40.85327 7.0367365
v 20.536922 -33.22337 7.0367365
v 18.02678 -33.22337 7.0367365
v 18.026785 -40.85327 7.0367365
v 20.53693 -42.640957 7.0367365
v 18.026787 -42.640957 7.0367365
v 18.026785 -40.85327 9.665515
v 18.02678 -33.22337 10.18954
v 20.536922 -33.22337 10.18954
v 20.536928 -40.85327 10.18954
v 18.026787 -42.640957 10.18954
v 20.53693 -42.640957 10.18954
v 21.992224 -33.22337 7.669914
v 21.99223 -42.640957 7.669914
v 21.99223 -42.640957 10.822716
v 21.992224 -33.22337 10.822716
v 21.99223 -42.640957 7.669914
v 19.482086 -42.640957 7.669914
v 19.482086 -42.640957 10.822716
v 21.99223 -42.640957 10.822716
v 19.482086 -42.640957 7.669914
v 19.48208 -33.22337 7.669914
v 19.48208 -33.22337 10.822716
v 19.482086 -42.640957 10.822716
v 19.48208 -33.22337 7.669914
v 21.992224 -33.22337 7.669914
v 21.992224 -33.22337 10.822716
v 19.48208 -33.22337 10.822716
v 21.99223 -42.640957 7.669914
v 21.992224 -33.22337 7.669914
v 19.48208 -33.22337 7.669914
v 19.482086 -42.640957 7.669914
v 19.482086 -42.640957 10.822716
v 19.48208 -33.22337 10.822716
v 21.992224 -33.22337 10.822716
v 21.99223 -42.640957 10.822716
v 23.322784 -33.1935 8.790252
v 23.322792 -42.60442 8.157117
v 23.322792 -42.670826 11.307687
v 23.322784 -33.259907 11.940821
v 23.322792 -42.60442 8.157117
v 20.812649 -42.60442 8.157117
v 20.812649 -42.670826 11.307687
v 23.322792 -42.670826 11.307687
v 20.812649 -42.60442 8.157117
v 20.812641 -33.1935 8.790252
v 20.812641 -33.259907 11.940821
v 20.812649 -42.670826 11.307687
v 20.812641 -33.1935 8.790252
v 23.322784 -33.1935 8.790252
v 23.322784 -33.259907 11.940821
v 20.812641 -33.259907 11.940821
v 23.322792 -42.60442 8.157117
v 23.322784 -33.1935 8.790252
v 20.812641 -33.1935 8.790252
v 20.812649 -42.60442 8.157117
v 20.812649 -42.670826 11.307687
v 20.812641 -33.259907 11.940821
v 23.322784 -33.259907 11.940821
v 23.322792 -42.670826 11.307687
v 24.570185 -33.22337 9.469303
v 24.570192 -42.640957 9.469303
v 24.570192 -42.640957 12.622107
v 24.570185 -33.22337 12.622107
v 24.570192 -42.640957 9.469303
v 22.06005 -42.640957 9.469303
v 22.06005 -42.640957 12.622107
v 24.570192 -42.640957 12.622107
v 22.06005 -42.640957 9.469303
v 22.060041 -33.22337 9.469303
v 22.060041 -33.22337 12.622107
v 22.06005 -42.640957 12.622107
v 22.060041 -33.22337 9.469303
v 24.570185 -33.22337 9.469303
v 24.570185 -33.22337 12.622107
v 22.060041 -33.22337 12.622107
v 24.570192 -42.640957 9.469303
v 24.570185 -33.22337 9.469303
v 22.060041 -33.22337 9.469303
v 22.06005 -42.640957 9.469303
v 22.06005 -42.640957 12.622107
v 22.060041 -33.22337 12.622107
v 24.570185 -33.22337 12.622107
v 24.570192 -42.640957 12.622107
v 25.776005 -33.22337 9.927177
v 25.776012 -42.640957 9.927177
v 25.776012 -42.640957 13.079979
v 25.776005 -33.22337 13.079979
v 25.776012 -42.640957 9.927177
v 23.26587 -42.640957 9.927177
v 23.26587 -42.640957 13.079979
v 25.776012 -42.640957 13.079979
v 23.26587 -42.640957 9.927177
v 23.265862 -33.22337 9.927177
v 23.265862 -33.22337 13.079979
v 23.26587 -42.640957 13.079979
v 23.265862 -33.22337 9.927177
v 25.776005 -33.22337 9.927177
v 25.776005 -33.22337 13.079979
v 23.265862 -33.22337 13.079979
v 25.776012 -42.640957 9.927177
v 25.776005 -33.22337 9.927177
v 23.265862 -33.22337 9.927177
v 23.26587 -42.640957 9.927177
v 23.26587 -42.640957 13.079979
v 23.265862 -33.22337 13.079979
v 25.776005 -33.22337 13.079979
v 25.776012 -42.640957 13.079979
v -20.63939 -12.341407 1.521076
v -20.639385 -19.843012 1.521076
v -20.639385 -19.843012 4.673878
v -20.63939 -12.341407 4.673878
v -20.639385 -19.843012 1.521076
v -23.149529 -19.843012 1.521076
v -23.149529 -19.843012 4.673878
v -20.639385 -19.843012 4.673878
v -23.149529 -19.843012 1.521076
v -23.149534 -12.341407 1.521076
v -23.149534 -12.341407 4.673878
v -23.149529 -19.843012 4.673878
v -23.149534 -12.341407 1.521076
v -20.63939 -12.341407 1.521076
v -20.63939 -12.341407 4.673878
v -23.149534 -12.341407 4.673878
v -20.639385 -19.843012 1.521076
v -20.63939 -12.341407 1.521076
v -23.149534 -12.341407 1.521076
v -23.149529 -19.843012 1.521076
v -23.149529 -19.843012 4.673878
v -23.149534 -12.341407 4.673878
v -20.63939 -12.341407 4.673878
v -20.639385 -19.843012 4.673878
v -19.397766 -12.341404 2.9017646
v -19.39776 -19.843012 2.9017646
v -19.39776 -19.843012 6.054567
v -19.397766 -12.341404 6.054567
v -19.39776 -19.843012 2.9017646
v -21.907904 -19.843012 2.9017646
v -21.907904 -19.843012 6.054567
v -19.39776 -19.843012 6.054567
v -21.907904 -19.843012 2.9017646
v -21.907907 -12.341407 2.9017646
v -21.907907 -12.341407 6.054567
v -21.907904 -19.843012 6.054567
v -21.907907 -12.341407 2.9017646
v -19.397766 -12.341404 2.9017646
v -19.397766 -12.341404 6.054567
v -21.907907 -12.341407 6.054567
v -19.39776 -19.843012 2.9017646
v -19.397766 -12.341404 2.9017646
v -21.907907 -12.341407 2.9017646
v -21.907904 -19.843012 2.9017646
v -21.907904 -19.843012 6.054567
v -21.907907 -12.341407 6.054567
v -19.397766 -12.341404 6.054567
v -19.39776 -19.843012 6.054567
v -18.358261 -16.529957 3.7598906
v -18.35826 -19.843012 3.7598906
v -18.35826 -19.843012 6.912692
v -18.358261 -16.529957 6.912692
v -18.358263 -15.654459 3.7598906
v -18.358263 -15.654459 6.912692
v -18.358265 -12.341404 3.7598906
v -18.358265 -12.341404 6.912692
v -18.35826 -19.843012 3.7598906
v -20.868402 -19.843012 3.7598906
v -20.868402 -19.843012 6.912692
v -18.35826 -19.843012 6.912692
v -20.868406 -15.654459 3.7598906
v -20.868408 -12.341407 3.7598906
v -20.868408 -12.341407 6.912692
v -20.868406 -15.654459 6.912692
v -20.868404 -16.529957 3.7598906
v -20.868404 -16.529957 6.4863567
v -20.868402 -19.843012 3.7598906
v -20.868402 -19.843012 6.912692
v -20.868408 -12.341407 3.7598906
v -18.358265 -12.341404 3.7598906
v -18.358265 -12.341404 6.912692
v -20.868408 -12.341407 6.912692
v -18.358263 -15.654459 3.7598906
v -18.358265 -12.341404 3.7598906
v -20.868408 -12.341407 3.7598906
v -20.868406 -15.654459 3.7598906
v -18.358261 -16.529957 3.7598906
v -20.868404 -16.529957 3.7598906
v -18.35826 -19.843012 3.7598906
v -20.868402 -19.843012 3.7598906
v -20.868406 -15.654459 6.912692
v -20.868408 -12.341407 6.912692
v -18.358265 -12.341404 6.912692
v -18.358263 -15.654459 6.912692
v -20.868404 -16.529957 6.4863567
v -18.358261 -16.529957 6.912692
v -20.868402 -19.843012 6.912692
v -18.35826 -19.843012 6.912692
v -17.232138 -14.979899 4.880725
v -17.232132 -19.84301 4.880725
v -17.232132 -19.84301 8.033527
v -17.232138 -14.979899 8.033527
v -17.23214 -12.341404 4.880725
v -17.23214 -12.341404 8.033527
v -17.232132 -19.84301 4.880725
v -19.742277 -19.843012 4.880725
v -19.742277 -19.843012 8.033527
v -17.232132 -19.84301 8.033527
v -19.742281 -14.979903 4.880725
v -19.742283 -12.341404 4.880725
v -19.742283 -12.341404 8.033527
v -19.742281 -14.979903 7.5260305
v -19.742277 -19.843012 4.880725
v -19.742277 -19.843012 8.033527
v -19.742283 -12.341404 4.880725
v -17.23214 -12.341404 4.880725
v -17.23214 -12.341404 8.033527
v -19.742283 -12.341404 8.033527
v -17.232138 -14.979899 4.880725
v -17.23214 -12.341404 4.880725
v -19.742283 -12.341404 4.880725
v -19.742281 -14.979903 4.880725
v -17.232132 -19.84301 4.880725
v -19.742277 -19.843012 4.880725
v -19.742281 -14.979903 7.5260305
v -19.742283 -12.341404 8.033527
v -17.23214 -12.341404 8.033527
v -17.232138 -14.979899 8.033527
v -19.742277 -19.843012 8.033527
v -17.232132 -19.84301 8.033527
v -16.192638 -12.341404 5.271778
v -16.192633 -19.84301 5.271778
v -16.192633 -19.84301 8.42458
v -16.192638 -12.341404 8.42458
v -16.192633 -19.84301 5.271778
v -18.702776 -19.843012 5.271778
v -18.702776 -19.843012 8.42458
v -16.192633 -19.84301 8.42458
v -18.702776 -19.843012 5.271778
v -18.702782 -12.341404 5.271778
v -18.702782 -12.341404 8.42458
v -18.702776 -19.843012 8.42458
v -18.702782 -12.341404 5.271778
v -16.192638 -12.341404 5.271778
v -16.192638 -12.341404 8.42458
v -18.702782 -12.341404 8.42458
v -16.192633 -19.84301 5.271778
v -16.192638 -12.341404 5.271778
v -18.702782 -12.341404 5.271778
v -18.702776 -19.843012 5.271778
v -18.702776 -19.843012 8.42458
v -18.702782 -12.341404 8.42458
v -16.192638 -12.341404 8.42458
v -16.192633 -19.84301 8.42458
v -15.111558 -12.341404 6.073009
v -15.111552 -19.84301 6.073009
v -15.111552 -19.84301 9.225812
v -15.111558 -12.341404 9.225812
v -15.111552 -19.84301 6.073009
v -17.621695 -19.843012 6.073009
v -17.621695 -19.843012 9.225812
v -15.111552 -19.84301 9.225812
v -17.621695 -19.843012 6.073009
v -17.621702 -12.341404 6.073009
v -17.621702 -12.341404 9.225812
v -17.621695 -19.843012 9.225812
v -17.621702 -12.341404 6.073009
v -15.111558 -12.341404 6.073009
v -15.111558 -12.341404 9.225812
v -17.621702 -12.341404 9.225812
v -15.111552 -19.84301 6.073009
v -15.111558 -12.341404 6.073009
v -17.621702 -12.341404 6.073009
v -17.621695 -19.843012 6.073009
v -17.621695 -19.843012 9.225812
v -17.621702 -12.341404 9.225812
v -15.111558 -12.341404 9.225812
v -15.111552 -19.84301 9.225812
v -14.072053 -18.419024 6.970272
v -14.072051 -19.84301 6.970272
v -14.072051 -19.84301 10.1230755
v -14.072053 -18.419024 10.1230755
v -14.072059 -12.341404 6.970272
v -14.072059 -12.341404 10.1230755
v -14.072051 -19.84301 6.970272
v -16.582193 -19.84301 6.970272
v -16.582193 -19.84301 10.1230755
v -14.072051 -19.84301 10.1230755
v -16.582195 -18.419024 6.970272
v -16.582201 -12.341404 6.970272
v -16.582201 -12.341404 10.1230755
v -16.582195 -18.419024 9.5990505
v -16.582193 -19.84301 6.970272
v -16.582193 -19.84301 10.1230755
v -16.582201 -12.341404 6.970272
v -14.072059 -12.341404 6.970272
v -14.072059 -12.341404 10.1230755
v -16.582201 -12.341404 10.1230755
v -14.072053 -18.419024 6.970272
v -14.072059 -12.341404 6.970272
v -16.582201 -12.341404 6.970272
v -16.582195 -18.419024 6.970272
v -14.072051 -19.84301 6.970272
v -16.582193 -19.84301 6.970272
v -16.582195 -18.419024 9.5990505
v -16.582201 -12.341404 10.1230755
v -14.072059 -12.341404 10.1230755
v -14.072053 -18.419024 10.1230755
v -16.582193 -19.84301 10.1230755
v -14.072051 -19.84301 10.1230755
v -12.616757 -12.341404 7.9084897
v -12.616752 -19.84301 7.9084897
v -12.616752 -19.84301 11.061292
v -12.616757 -12.341404 11.061292
v -12.616752 -19.84301 7.9084897
v -15.126895 -19.84301 7.9084897
v -15.126895 -19.84301 11.061292
v -12.616752 -19.84301 11.061292
v -15.126895 -19.84301 7.9084897
v -15.126901 -12.341404 7.9084897
v -15.126901 -12.341404 11.061292
v -15.126895 -19.84301 11.061292
v -15.126901 -12.341404 7.9084897
v -12.616757 -12.341404 7.9084897
v -12.616757 -12.341404 11.061292
v -15.126901 -12.341404 11.061292
v -12.616752 -19.84301 7.9084897
v -12.616757 -12.341404 7.9084897
v -15.126901 -12.341404 7.9084897
v -15.126895 -19.84301 7.9084897
v -15.126895 -19.84301 11.061292
v -15.126901 -12.341404 11.061292
v -12.616757 -12.341404 11.061292
v -12.616752 -19.84301 11.061292
v -11.286197 -12.317612 8.723787
v -11.286189 -19.813906 8.090652
v -11.286189 -19.866802 11.608374
v -11.286197 -12.370508 12.241508
v -11.286189 -19.813906 8.090652
v -13.796332 -19.813906 8.090652
v -13.796332 -19.866802 11.608374
v -11.286189 -19.866802 11.608374
v -13.796332 -19.813906 8.090652
v -13.79634 -12.317612 8.723787
v -13.79634 -12.370508 12.241508
v -13.796332 -19.866802 11.608374
v -13.79634 -12.317612 8.723787
v -11.286197 -12.317612 8.723787
v -11.286197 -12.370508 12.241508
v -13.79634 -12.370508 12.241508
v -11.286189 -19.813906 8.090652
v -11.286197 -12.317612 8.723787
v -13.79634 -12.317612 8.723787
v -13.796332 -19.813906 8.090652
v -13.796332 -19.866802 11.608374
v -13.79634 -12.370508 12.241508
v -11.286197 -12.370508 12.241508
v -11.286189 -19.866802 11.608374
v -10.038796 -12.341404 9.77943
v -10.038789 -19.84301 9.77943
v -10.038789 -19.84301 12.932234
v -10.038796 -12.341404 12.932234
v -10.038789 -19.84301 9.77943
v -12.548932 -19.84301 9.77943
v -12.548932 -19.84301 12.932234
v -10.038789 -19.84301 12.932234
v -12.548932 -19.84301 9.77943
v -12.54894 -12.341404 9.77943
v -12.54894 -12.341404 12.932234
v -12.548932 -19.84301 12.932234
v -12.54894 -12.341404 9.77943
v -10.038796 -12.341404 9.77943
v -10.038796 -12.341404 12.932234
v -12.54894 -12.341404 12.932234
v -10.038789 -19.84301 9.77943
v -10.038796 -12.341404 9.77943
v -12.54894 -12.341404 9.77943
v -12.548932 -19.84301 9.77943
v -12.548932 -19.84301 12.932234
v -12.54894 -12.341404 12.932234
v -10.038796 -12.341404 12.932234
v -10.038789 -19.84301 12.932234
v -8.832976 -12.341404 9.860713
v -8.832969 -19.84301 9.860713
v -8.832969 -19.84301 13.0135145
v -8.832976 -12.341404 13.0135145
v -8.832969 -19.84301 9.860713
v -11.343112 -19.84301 9.860713
v -11.343112 -19.84301 13.0135145
v -8.832969 -19.84301 13.0135145
v -11.343112 -19.84301 9.860713
v -11.34312 -12.341404 9.860713
v -11.34312 -12.341404 13.0135145
v -11.343112 -19.84301 13.0135145
v -11.34312 -12.341404 9.860713
v -8.832976 -12.341404 9.860713
v -8.832976 -12.341404 13.0135145
v -11.34312 -12.341404 13.0135145
v -8.832969 -19.84301 9.860713
v -8.832976 -12.341404 9.860713
v -11.34312 -12.341404 9.860713
v -11.343112 -19.84301 9.860713
v -11.343112 -19.84301 13.0135145
v -11.34312 -12.341404 13.0135145
v -8.832976 -12.341404 13.0135145
v -8.832969 -19.84301 13.0135145
v -52.922775 -21.812973 1.5875406
v -43.505188 -21.812965 1.5875406
v -43.505188 -21.812965 4.740343
v -52.922775 -21.812973 4.740343
v -43.505188 -21.812965 1.5875406
v -43.505188 -24.323112 1.5875406
v -43.505188 -24.323112 4.740343
v -43.505188 -21.812965 4.740343
v -43.505188 -24.323112 1.5875406
v -52.922775 -24.323116 1.5875406
v -52.922775 -24.323116 4.740343
v -43.505188 -24.323112 4.740343
v -52.922775 -24.323116 1.5875406
v -52.922775 -21.812973 1.5875406
v -52.922775 -21.812973 4.740343
v -52.922775 -24.323116 4.740343
v -43.505188 -21.812965 1.5875406
v -52.922775 -21.812973 1.5875406
v -52.922775 -24.323116 1.5875406
v -43.505188 -24.323112 1.5875406
v -43.505188 -24.323112 4.740343
v -52.922775 -24.323116 4.740343
v -52.922775 -21.812973 4.740343
v -43.505188 -21.812965 4.740343
v -52.922783 -20.57135 2.9682293
v -43.505188 -20.571342 2.9682293
v -43.505188 -20.571342 6.1210313
v -52.922783 -20.57135 6.1210313
v -43.505188 -20.571342 2.9682293
v -43.505188 -23.081486 2.9682293
v -43.505188 -23.081486 6.1210313
v -43.505188 -20.571342 6.1210313
v -43.505188 -23.081486 2.9682293
v -52.922775 -23.08149 2.9682293
v -52.922775 -23.08149 6.1210313
v -43.505188 -23.081486 6.1210313
v -52.922775 -23.08149 2.9682293
v -52.922783 -20.57135 2.9682293
v -52.922783 -20.57135 6.1210313
v -52.922775 -23.08149 6.1210313
v -43.505188 -20.571342 2.9682293
v -52.922783 -20.57135 2.9682293
v -52.922775 -23.08149 2.9682293
v -43.505188 -23.081486 2.9682293
v -43.505188 -23.081486 6.1210313
v -52.922775 -23.08149 6.1210313
v -52.922783 -20.57135 6.1210313
v -43.505188 -20.571342 6.1210313
v -47.66443 -19.531845 3.826355
v -43.505188 -19.531841 3.826355
v -43.505188 -19.531841 6.9791565
v -47.66443 -19.531845 6.9791565
v -48.763542 -19.531845 3.826355
v -48.763542 -19.531845 6.9791565
v -52.922783 -19.531849 3.826355
v -52.922783 -19.531849 6.9791565
v -43.505188 -19.531841 3.826355
v -43.505188 -22.041985 3.826355
v -43.505188 -22.041985 6.9791565
v -43.505188 -19.531841 6.9791565
v -48.763542 -22.041988 3.826355
v -52.922775 -22.041992 3.826355
v -52.922775 -22.041992 6.9791565
v -48.763542 -22.041988 6.9791565
v -47.66443 -22.041985 3.826355
v -47.66443 -22.041985 6.552821
v -43.505188 -22.041985 3.826355
v -43.505188 -22.041985 6.9791565
v -52.922775 -22.041992 3.826355
v -52.922783 -19.531849 3.826355
v -52.922783 -19.531849 6.9791565
v -52.922775 -22.041992 6.9791565
v -48.763542 -19.531845 3.826355
v -52.922783 -19.531849 3.826355
v -52.922775 -22.041992 3.826355
v -48.763542 -22.041988 3.826355
v -47.66443 -19.531845 3.826355
v -47.66443 -22.041985 3.826355
v -43.505188 -19.531841 3.826355
v -43.505188 -22.041985 3.826355
v -48.763542 -22.041988 6.9791565
v -52.922775 -22.041992 6.9791565
v -52.922783 -19.531849 6.9791565
v -48.763542 -19.531845 6.9791565
v -47.66443 -22.041985 6.552821
v -47.66443 -19.531845 6.9791565
v -43.505188 -22.041985 6.9791565
v -43.505188 -19.531841 6.9791565
v -49.61039 -18.40572 4.9471893
v -43.505196 -18.405712 4.9471893
v -43.505196 -18.405712 8.099992
v -49.61039 -18.40572 8.099992
v -52.922783 -18.405724 4.9471893
v -52.922783 -18.405724 8.099992
v -43.505196 -18.405712 4.9471893
v -43.505188 -20.91586 4.9471893
v -43.505188 -20.91586 8.099992
v -43.505196 -18.405712 8.099992
v -49.610382 -20.915863 4.9471893
v -52.922783 -20.915867 4.9471893
v -52.922783 -20.915867 8.099992
v -49.610382 -20.915863 7.592495
v -43.505188 -20.91586 4.9471893
v -43.505188 -20.91586 8.099992
v -52.922783 -20.915867 4.9471893
v -52.922783 -18.405724 4.9471893
v -52.922783 -18.405724 8.099992
v -52.922783 -20.915867 8.099992
v -49.61039 -18.40572 4.9471893
v -52.922783 -18.405724 4.9471893
v -52.922783 -20.915867 4.9471893
v -49.610382 -20.915863 4.9471893
v -43.505196 -18.405712 4.9471893
v -43.505188 -20.91586 4.9471893
v -49.610382 -20.915863 7.592495
v -52.922783 -20.915867 8.099992
v -52.922783 -18.405724 8.099992
v -49.61039 -18.40572 8.099992
v -43.505188 -20.91586 8.099992
v -43.505196 -18.405712 8.099992
v -52.922783 -17.36622 5.3382425
v -43.505196 -17.366215 5.3382425
v -43.505196 -17.366215 8.491044
v -52.922783 -17.36622 8.491044
v -43.505196 -17.366215 5.3382425
v -43.505188 -19.876358 5.3382425
v -43.505188 -19.876358 8.491044
v -43.505196 -17.366215 8.491044
v -43.505188 -19.876358 5.3382425
v -52.922783 -19.876366 5.3382425
v -52.922783 -19.876366 8.491044
v -43.505188 -19.876358 8.491044
v -52.922783 -19.876366 5.3382425
v -52.922783 -17.36622 5.3382425
v -52.922783 -17.36622 8.491044
v -52.922783 -19.876366 8.491044
v -43.505196 -17.366215 5.3382425
v -52.922783 -17.36622 5.3382425
v -52.922783 -19.876366 5.3382425
v -43.505188 -19.876358 5.3382425
v -43.505188 -19.876358 8.491044
v -52.922783 -19.876366 8.491044
v -52.922783 -17.36622 8.491044
v -43.505196 -17.366215 8.491044
v -52.922783 -16.28514 6.1394734
v -43.505196 -16.285133 6.1394734
v -43.505196 -16.285133 9.292276
v -52.922783 -16.28514 9.292276
v -43.505196 -16.285133 6.1394734
v -43.505188 -18.795277 6.1394734
v -43.505188 -18.795277 9.292276
v -43.505196 -16.285133 9.292276
v -43.505188 -18.795277 6.1394734
v -52.922783 -18.795284 6.1394734
v -52.922783 -18.795284 9.292276
v -43.505188 -18.795277 9.292276
v -52.922783 -18.795284 6.1394734
v -52.922783 -16.28514 6.1394734
v -52.922783 -16.28514 9.292276
v -52.922783 -18.795284 9.292276
v -43.505196 -16.285133 6.1394734
v -52.922783 -16.28514 6.1394734
v -52.922783 -18.795284 6.1394734
v -43.505188 -18.795277 6.1394734
v -43.505188 -18.795277 9.292276
v -52.922783 -18.795284 9.292276
v -52.922783 -16.28514 9.292276
v -43.505196 -16.285133 9.292276
v -45.292877 -15.245635 7.0367365
v -43.505196 -15.245633 7.0367365
v -43.505196 -15.245633 10.18954
v -45.292877 -15.245635 10.18954
v -52.922783 -15.245641 7.0367365
v -52.922783 -15.245641 10.18954
v -43.505196 -15.245633 7.0367365
v -43.505196 -17.755775 7.0367365
v -43.505196 -17.755775 10.18954
v -43.505196 -15.245633 10.18954
v -45.292877 -17.755777 7.0367365
v -52.922783 -17.755783 7.0367365
v -52.922783 -17.755783 10.18954
v -45.292877 -17.755777 9.665515
v -43.505196 -17.755775 7.0367365
v -43.505196 -17.755775 10.18954
v -52.922783 -17.755783 7.0367365
v -52.922783 -15.245641 7.0367365
v -52.922783 -15.245641 10.18954
v -52.922783 -17.755783 10.18954
v -45.292877 -15.245635 7.0367365
v -52.922783 -15.245641 7.0367365
v -52.922783 -17.755783 7.0367365
v -45.292877 -17.755777 7.0367365
v -43.505196 -15.245633 7.0367365
v -43.505196 -17.755775 7.0367365
v -45.292877 -17.755777 9.665515
v -52.922783 -17.755783 10.18954
v -52.922783 -15.245641 10.18954
v -45.292877 -15.245635 10.18954
v -43.505196 -17.755775 10.18954
v -43.505196 -15.245633 10.18954
v -52.922783 -13.790339 7.669914
v -43.505196 -13.790334 7.669914
v -43.505196 -13.790334 10.822716
v -52.922783 -13.790339 10.822716
v -43.505196 -13.790334 7.669914
v -43.505196 -16.300476 7.669914
v -43.505196 -16.300476 10.822716
v -43.505196 -13.790334 10.822716
v -43.505196 -16.300476 7.669914
v -52.922783 -16.300482 7.669914
v -52.922783 -16.300482 10.822716
v -43.505196 -16.300476 10.822716
v -52.922783 -16.300482 7.669914
v -52.922783 -13.790339 7.669914
v -52.922783 -13.790339 10.822716
v -52.922783 -16.300482 10.822716
v -43.505196 -13.790334 7.669914
v -52.922783 -13.790339 7.669914
v -52.922783 -16.300482 7.669914
v -43.505196 -16.300476 7.669914
v -43.505196 -16.300476 10.822716
v -52.922783 -16.300482 10.822716
v -52.922783 -13.790339 10.822716
v -43.505196 -13.790334 10.822716
v -52.952652 -12.459779 8.790252
v -43.541733 -12.459771 8.157117
v -43.475327 -12.459771 11.307687
v -52.886246 -12.459779 11.940821
v -43.541733 -12.459771 8.157117
v -43.541733 -14.969914 8.157117
v -43.475327 -14.969914 11.307687
v -43.475327 -12.459771 11.307687
v -43.541733 -14.969914 8.157117
v -52.952652 -14.969922 8.790252
v -52.886246 -14.969922 11.940821
v -43.475327 -14.969914 11.307687
v -52.952652 -14.969922 8.790252
v -52.952652 -12.459779 8.790252
v -52.886246 -12.459779 11.940821
v -52.886246 -14.969922 11.940821
v -43.541733 -12.459771 8.157117
v -52.952652 -12.459779 8.790252
v -52.952652 -14.969922 8.790252
v -43.541733 -14.969914 8.157117
v -43.475327 -14.969914 11.307687
v -52.886246 -14.969922 11.940821
v -52.886246 -12.459779 11.940821
v -43.475327 -12.459771 11.307687
v -52.922783 -11.2123785 9.469303
v -43.505196 -11.212371 9.469303
v -43.505196 -11.212371 12.622107
v -52.922783 -11.2123785 12.622107
v -43.505196 -11.212371 9.469303
v -43.505196 -13.722514 9.469303
v -43.505196 -13.722514 12.622107
v -43.505196 -11.212371 12.622107
v -43.505196 -13.722514 9.469303
v -52.922783 -13.722522 9.469303
v -52.922783 -13.722522 12.622107
v -43.505196 -13.722514 12.622107
v -52.922783 -13.722522 9.469303
v -52.922783 -11.2123785 9.469303
v -52.922783 -11.2123785 12.622107
v -52.922783 -13.722522 12.622107
v -43.505196 -11.212371 9.469303
v -52.922783 -11.2123785 9.469303
v -52.922783 -13.722522 9.469303
v -43.505196 -13.722514 9.469303
v -43.505196 -13.722514 12.622107
v -52.922783 -13.722522 12.622107
v -52.922783 -11.2123785 12.622107
v -43.505196 -11.212371 12.622107
v -52.922783 -10.006558 9.927177
v -43.505196 -10.006551 9.927177
v -43.505196 -10.006551 13.079979
v -52.922783 -10.006558 13.079979
v -43.505196 -10.006551 9.927177
v -43.505196 -12.516694 9.927177
v -43.505196 -12.516694 13.079979
v -43.505196 -10.006551 13.079979
v -43.505196 -12.516694 9.927177
v -52.922783 -12.516702 9.927177
v -52.922783 -12.516702 13.079979
v -43.505196 -12.516694 13.079979
v -52.922783 -12.516702 9.927177
v -52.922783 -10.006558 9.927177
v -52.922783 -10.006558 13.079979
v -52.922783 -12.516702 13.079979
v -43.505196 -10.006551 9.927177
v -52.922783 -10.006558 9.927177
v -52.922783 -12.516702 9.927177
v -43.505196 -12.516694 9.927177
v -43.505196 -12.516694 13.079979
v -52.922783 -12.516702 13.079979
v -52.922783 -10.006558 13.079979
v -43.505196 -10.006551 13.079979
v -0.24976349 61.625168 4.0708637
v -30.966583 42.52626 4.0708637
v -30.96011 61.625168 4.0708637
v -0.249588 42.526264 4.0708656
v -30.966583 42.52626 4.0708637
v -0.249588 32.75121 4.0708647
v -0.249588 31.9977 4.0708647
v -42.784637 24.391708 4.0708637
v -42.73375 42.52626 4.0708637
v -0.24954604 24.391659 4.0708637
v -11.136443 20.68188 4.0708637
v -22.660378 20.619547 4.0708637
v -42.783783 20.558006 4.0708637
v 7.7867355 20.72991 4.0708637
v 23.84914 24.391659 4.0708637
v 23.929752 18.268707 4.0708637
v -42.783783 20.558006 4.0708637
v -22.660793 19.934366 4.0708637
v -22.66547 12.232124 4.0708637
v -42.783047 11.007726 4.0708637
v -42.783974 0 4.0708637
v -22.627998 0 4.0708637
v 7.7774277 12.196422 4.0708637
v 23.929752 18.268707 4.0708637
v 23.8967 10.927704 4.0708637
v 7.765049 0 4.0708637
v 23.909973 0 4.0708637
v 23.8967 10.927704 4.0708637
v 35.215824 10.9130945 4.0708637
v 35.179115 0 4.0708637
v 35.2842 18.268707 4.0708637
v 23.929752 18.268707 4.0708637
v 54.948128 18.340172 4.0708637
v 54.948128 10.88762 4.0708637
v 54.948128 0 4.0708637
v -52.575775 42.52626 4.0708637
v -42.73375 42.52626 4.0708637
v -42.784637 24.391708 4.0708637
v -43.51277 24.391712 4.0708637
v -52.417297 24.391762 4.0708637
v 11.553052 43.265102 13.174644
v 0.48924452 43.265102 13.174644
v 0.4890827 60.88633 13.174644
v 23.860725 43.265102 13.174645
v 24.587938 43.265102 13.174645
v 23.849098 42.526264 13.174644
v 32.634056 60.88633 13.174644
v 35.27634 42.52626 13.174654
v 46.55703 42.086536 13.174654
v 36.02984 32.73655 13.174654
v 54.20929 31.75392 13.174654
v 54.20933 24.391659 13.174654
v 36.02308 24.391514 13.174654
v 54.20929 31.75392 13.174654
v 54.209293 19.076323 13.174654
v 36.02308 24.391514 13.174654
v 36.023045 19.010042 13.174654
v 24.587938 43.265102 13.174645
v 35.27634 42.52626 13.174654
v 36.02984 32.73655 13.174654
v 24.587938 32.736538 13.174645
v 23.849098 32.75121 13.174644
v 23.849098 42.526264 13.174644
v 35.284184 24.391811 4.0708637
v 35.2842 18.268707 4.0708637
v 23.929752 18.268707 4.0708637
v 23.84914 24.391659 4.0708637
v -21.891418 0.73883945 13.174644
v -21.92436 11.491987 13.174644
v -10.406521 11.4718275 13.174644
v 7.0269594 0.73883927 13.174644
v -21.891422 0 13.174644
v 7.020256 0 13.174644
v 7.0385885 12.197199 13.174644
v -10.405839 12.176081 13.174644
v -10.398317 19.944912 13.174644
v 7.0470877 19.989191 13.174644
v -11.144644 12.21196 13.174644
v -11.137167 19.93437 13.174644
v -22.66547 12.232124 4.0708637
v -22.660793 19.934366 4.0708637
v -11.137167 19.93437 13.174644
v -11.144644 12.21196 13.174644
v -0.24954604 24.391659 4.0708637
v 11.581361 31.9977 4.070863
v 23.849098 31.9977 4.07086
v -0.249588 31.9977 4.0708647
v 11.5858755 42.526264 4.0708632
v 11.581684 32.75121 4.070863
v -0.249588 32.75121 4.0708647
v -0.249588 42.526264 4.0708656
v -0.249588 32.75121 4.0708647
v 11.581684 32.75121 4.070863
v 11.581361 31.9977 4.070863
v -0.249588 31.9977 4.0708647
v 23.849098 32.75121 13.174644
v 11.581684 32.75121 4.070863
v 11.5858755 42.526264 4.0708632
v 23.849098 42.526264 13.174644
v -43.51277 24.391712 4.0708637
v -43.512768 11.009131 13.174644
v -52.321243 11.026108 13.174644
v -52.417297 24.391762 4.0708637
v 13.969589 33.223373 1.5875401
v 13.969589 33.223373 4.7403426
v 13.969595 42.64096 4.7403426
v 13.969595 42.64096 1.5875401
v 13.969595 42.64096 1.5875401
v 13.969595 42.64096 4.7403426
v 11.459452 42.64096 4.7403426
v 11.459452 42.64096 1.5875401
v 11.459452 42.64096 1.5875401
v 11.459452 42.64096 4.7403426
v 11.459446 33.223373 4.7403426
v 11.459446 33.223373 1.5875401
v 11.459446 33.223373 1.5875401
v 11.459446 33.223373 4.7403426
v 13.969589 33.223373 4.7403426
v 13.969589 33.223373 1.5875401
v 13.969595 42.64096 1.5875401
v 11.459452 42.64096 1.5875401
v 11.459446 33.223373 1.5875401
v 13.969589 33.223373 1.5875401
v 11.459452 42.64096 4.7403426
v 13.969595 42.64096 4.7403426
v 13.969589 33.223373 4.7403426
v 11.459446 33.223373 4.7403426
v 15.211214 33.22337 2.9682288
v 15.211214 33.22337 6.1210313
v 15.211221 42.64096 6.1210313
v 15.211221 42.64096 2.9682288
v 15.211221 42.64096 2.9682288
v 15.211221 42.64096 6.1210313
v 12.701077 42.64096 6.1210313
v 12.701077 42.64096 2.9682288
v 12.701077 42.64096 2.9682288
v 12.701077 42.64096 6.1210313
v 12.701072 33.223373 6.1210313
v 12.701072 33.223373 2.9682288
v 12.701072 33.223373 2.9682288
v 12.701072 33.223373 6.1210313
v 15.211214 33.22337 6.1210313
v 15.211214 33.22337 2.9682288
v 15.211221 42.64096 2.9682288
v 12.701077 42.64096 2.9682288
v 12.701072 33.223373 2.9682288
v 15.211214 33.22337 2.9682288
v 12.701077 42.64096 6.1210313
v 15.211221 42.64096 6.1210313
v 15.211214 33.22337 6.1210313
v 12.701072 33.223373 6.1210313
v 16.25072 38.48172 3.8263547
v 16.250721 42.64096 6.9791565
v 16.250721 42.64096 3.8263547
v 16.25072 38.48172 6.9791565
v 16.250717 37.38261 3.8263547
v 16.250717 37.38261 6.9791565
v 16.250715 33.22337 3.8263547
v 16.250715 33.22337 6.9791565
v 16.250721 42.64096 3.8263547
v 16.250721 42.64096 6.9791565
v 13.740579 42.64096 6.9791565
v 13.740579 42.64096 3.8263547
v 13.740575 37.38261 3.8263547
v 13.740572 33.223373 6.9791565
v 13.740572 33.223373 3.8263547
v 13.740575 37.38261 6.9791565
v 13.740576 38.48172 3.8263547
v 13.740576 38.48172 6.552821
v 13.740579 42.64096 3.8263547
v 13.740579 42.64096 6.9791565
v 13.740572 33.223373 3.8263547
v 13.740572 33.223373 6.9791565
v 16.250715 33.22337 6.9791565
v 16.250715 33.22337 3.8263547
v 16.250717 37.38261 3.8263547
v 13.740572 33.223373 3.8263547
v 16.250715 33.22337 3.8263547
v 13.740575 37.38261 3.8263547
v 16.25072 38.48172 3.8263547
v 13.740576 38.48172 3.8263547
v 16.250721 42.64096 3.8263547
v 13.740579 42.64096 3.8263547
v 13.740575 37.38261 6.9791565
v 16.250715 33.22337 6.9791565
v 13.740572 33.223373 6.9791565
v 16.250717 37.38261 6.9791565
v 13.740576 38.48172 6.552821
v 16.25072 38.48172 6.9791565
v 13.740579 42.64096 6.9791565
v 16.250721 42.64096 6.9791565
v 17.376842 36.535763 4.9471893
v 17.376848 42.640957 8.099992
v 17.376848 42.640957 4.9471893
v 17.376842 36.535763 8.099992
v 17.37684 33.22337 4.9471893
v 17.37684 33.22337 8.099992
v 17.376848 42.640957 4.9471893
v 17.376848 42.640957 8.099992
v 14.866704 42.64096 8.099992
v 14.866704 42.64096 4.9471893
v 14.8667 36.535767 4.9471893
v 14.866697 33.22337 8.099992
v 14.866697 33.22337 4.9471893
v 14.866699 36.535767 7.592495
v 14.866704 42.64096 4.9471893
v 14.866704 42.64096 8.099992
v 14.866697 33.22337 4.9471893
v 14.866697 33.22337 8.099992
v 17.37684 33.22337 8.099992
v 17.37684 33.22337 4.9471893
v 17.376842 36.535763 4.9471893
v 14.866697 33.22337 4.9471893
v 17.37684 33.22337 4.9471893
v 14.8667 36.535767 4.9471893
v 17.376848 42.640957 4.9471893
v 14.866704 42.64096 4.9471893
v 14.866699 36.535767 7.592495
v 17.37684 33.22337 8.099992
v 14.866697 33.22337 8.099992
v 17.376842 36.535763 8.099992
v 14.866704 42.64096 8.099992
v 17.376848 42.640957 8.099992
v 18.416342 33.22337 5.3382425
v 18.416342 33.22337 8.491044
v 18.416348 42.640957 8.491044
v 18.416348 42.640957 5.3382425
v 18.416348 42.640957 5.3382425
v 18.416348 42.640957 8.491044
v 15.906204 42.64096 8.491044
v 15.906204 42.64096 5.3382425
v 15.906204 42.64096 5.3382425
v 15.906204 42.64096 8.491044
v 15.9061985 33.22337 8.491044
v 15.9061985 33.22337 5.3382425
v 15.9061985 33.22337 5.3382425
v 15.9061985 33.22337 8.491044
v 18.416342 33.22337 8.491044
v 18.416342 33.22337 5.3382425
v 18.416348 42.640957 5.3382425
v 15.906204 42.64096 5.3382425
v 15.9061985 33.22337 5.3382425
v 18.416342 33.22337 5.3382425
v 15.906204 42.64096 8.491044
v 18.416348 42.640957 8.491044
v 18.416342 33.22337 8.491044
v 15.9061985 33.22337 8.491044
v 19.497423 33.22337 6.1394734
v 19.497423 33.22337 9.292276
v 19.497429 42.640957 9.292276
v 19.497429 42.640957 6.1394734
v 19.497429 42.640957 6.1394734
v 19.497429 42.640957 9.292276
v 16.987286 42.64096 9.292276
v 16.987286 42.64096 6.1394734
v 16.987286 42.64096 6.1394734
v 16.987286 42.64096 9.292276
v 16.987278 33.22337 9.292276
v 16.987278 33.22337 6.1394734
v 16.987278 33.22337 6.1394734
v 16.987278 33.22337 9.292276
v 19.497423 33.22337 9.292276
v 19.497423 33.22337 6.1394734
v 19.497429 42.640957 6.1394734
v 16.987286 42.64096 6.1394734
v 16.987278 33.22337 6.1394734
v 19.497423 33.22337 6.1394734
v 16.987286 42.64096 9.292276
v 19.497429 42.640957 9.292276
v 19.497423 33.22337 9.292276
v 16.987278 33.22337 9.292276
v 20.536928 40.85327 7.0367365
v 20.53693 42.640957 10.18954
v 20.53693 42.640957 7.0367365
v 20.536928 40.85327 10.18954
v 20.536922 33.22337 7.0367365
v 20.536922 33.22337 10.18954
v 20.53693 42.640957 7.0367365
v 20.53693 42.640957 10.18954
v 18.026787 42.640957 10.18954
v 18.026787 42.640957 7.0367365
v 18.026785 40.85327 7.0367365
v 18.02678 33.22337 10.18954
v 18.02678 33.22337 7.0367365
v 18.026785 40.85327 9.665515
v 18.026787 42.640957 7.0367365
v 18.026787 42.640957 10.18954
v 18.02678 33.22337 7.0367365
v 18.02678 33.22337 10.18954
v 20.536922 33.22337 10.18954
v 20.536922 33.22337 7.0367365
v 20.536928 40.85327 7.0367365
v 18.02678 33.22337 7.0367365
v 20.536922 33.22337 7.0367365
v 18.026785 40.85327 7.0367365
v 20.53693 42.640957 7.0367365
v 18.026787 42.640957 7.0367365
v 18.026785 40.85327 9.665515
v 20.536922 33.22337 10.18954
v 18.02678 33.22337 10.18954
v 20.536928 40.85327 10.18954
v 18.026787 42.640957 10.18954
v 20.53693 42.640957 10.18954
v 21.992224 33.22337 7.669914
v 21.992224 33.22337 10.822716
v 21.99223 42.640957 10.822716
v 21.99223 42.640957 7.669914
v 21.99223 42.640957 7.669914
v 21.99223 42.640957 10.822716
v 19.482086 42.640957 10.822716
v 19.482086 42.640957 7.669914
v 19.482086 42.640957 7.669914
v 19.482086 42.640957 10.822716
v 19.48208 33.22337 10.822716
v 19.48208 33.22337 7.669914
v 19.48208 33.22337 7.669914
v 19.48208 33.22337 10.822716
v 21.992224 33.22337 10.822716
v 21.992224 33.22337 7.669914
v 21.99223 42.640957 7.669914
v 19.482086 42.640957 7.669914
v 19.48208 33.22337 7.669914
v 21.992224 33.22337 7.669914
v 19.482086 42.640957 10.822716
v 21.99223 42.640957 10.822716
v 21.992224 33.22337 10.822716
v 19.48208 33.22337 10.822716
v 23.322784 33.1935 8.790252
v 23.322784 33.259907 11.940821
v 23.322792 42.670826 11.307687
v 23.322792 42.60442 8.157117
v 23.322792 42.60442 8.157117
v 23.322792 42.670826 11.307687
v 20.812649 42.670826 11.307687
v 20.812649 42.60442 8.157117
v 20.812649 42.60442 8.157117
v 20.812649 42.670826 11.307687
v 20.812641 33.259907 11.940821
v 20.812641 33.1935 8.790252
v 20.812641 33.1935 8.790252
v 20.812641 33.259907 11.940821
v 23.322784 33.259907 11.940821
v 23.322784 33.1935 8.790252
v 23.322792 42.60442 8.157117
v 20.812649 42.60442 8.157117
v 20.812641 33.1935 8.790252
v 23.322784 33.1935 8.790252
v 20.812649 42.670826 11.307687
v 23.322792 42.670826 11.307687
v 23.322784 33.259907 11.940821
v 20.812641 33.259907 11.940821
v 24.570185 33.22337 9.469303
v 24.570185 33.22337 12.622107
v 24.570192 42.640957 12.622107
v 24.570192 42.640957 9.469303
v 24.570192 42.640957 9.469303
v 24.570192 42.640957 12.622107
v 22.06005 42.640957 12.622107
v 22.06005 42.640957 9.469303
v 22.06005 42.640957 9.469303
v 22.06005 42.640957 12.622107
v 22.060041 33.22337 12.622107
v 22.060041 33.22337 9.469303
v 22.060041 33.22337 9.469303
v 22.060041 33.22337 12.622107
v 24.570185 33.22337 12.622107
v 24.570185 33.22337 9.469303
v 24.570192 42.640957 9.469303
v 22.06005 42.640957 9.469303
v 22.060041 33.22337 9.469303
v 24.570185 33.22337 9.469303
v 22.06005 42.640957 12.622107
v 24.570192 42.640957 12.622107
v 24.570185 33.22337 12.622107
v 22.060041 33.22337 12.622107
v 25.776005 33.22337 9.927177
v 25.776005 33.22337 13.079979
v 25.776012 42.640957 13.079979
v 25.776012 42.640957 9.927177
v 25.776012 42.640957 9.927177
v 25.776012 42.640957 13.079979
v 23.26587 42.640957 13.079979
v 23.26587 42.640957 9.927177
v 23.26587 42.640957 9.927177
v 23.26587 42.640957 13.079979
v 23.265862 33.22337 13.079979
v 23.265862 33.22337 9.927177
v 23.265862 33.22337 9.927177
v 23.265862 33.22337 13.079979
v 25.776005 33.22337 13.079979
v 25.776005 33.22337 9.927177
v 25.776012 42.640957 9.927177
v 23.26587 42.640957 9.927177
v 23.265862 33.22337 9.927177
v 25.776005 33.22337 9.927177
v 23.26587 42.640957 13.079979
v 25.776012 42.640957 13.079979
v 25.776005 33.22337 13.079979
v 23.265862 33.22337 13.079979
v -20.63939 12.341407 1.521076
v -20.63939 12.341407 4.673878
v -20.639385 19.843012 4.673878
v -20.639385 19.843012 1.521076
v -20.639385 19.843012 1.521076
v -20.639385 19.843012 4.673878
v -23.149529 19.843012 4.673878
v -23.149529 19.843012 1.521076
v -23.149529 19.843012 1.521076
v -23.149529 19.843012 4.673878
v -23.149534 12.341407 4.673878
v -23.149534 12.341407 1.521076
v -23.149534 12.341407 1.521076
v -23.149534 12.341407 4.673878
v -20.63939 12.341407 4.673878
v -20.63939 12.341407 1.521076
v -20.639385 19.843012 1.521076
v -23.149529 19.843012 1.521076
v -23.149534 12.341407 1.521076
v -20.63939 12.341407 1.521076
v -23.149529 19.843012 4.673878
v -20.639385 19.843012 4.673878
v -20.63939 12.341407 4.673878
v -23.149534 12.341407 4.673878
v -19.397766 12.341404 2.9017646
v -19.397766 12.341404 6.054567
v -19.39776 19.843012 6.054567
v -19.39776 19.843012 2.9017646
v -19.39776 19.843012 2.9017646
v -19.39776 19.843012 6.054567
v -21.907904 19.843012 6.054567
v -21.907904 19.843012 2.9017646
v -21.907904 19.843012 2.9017646
v -21.907904 19.843012 6.054567
v -21.907907 12.341407 6.054567
v -21.907907 12.341407 2.9017646
v -21.907907 12.341407 2.9017646
v -21.907907 12.341407 6.054567
v -19.397766 12.341404 6.054567
v -19.397766 12.341404 2.9017646
v -19.39776 19.843012 2.9017646
v -21.907904 19.843012 2.9017646
v -21.907907 12.341407 2.9017646
v -19.397766 12.341404 2.9017646
v -21.907904 19.843012 6.054567
v -19.39776 19.843012 6.054567
v -19.397766 12.341404 6.054567
v -21.907907 12.341407 6.054567
v -18.358261 16.529957 3.7598906
v -18.35826 19.843012 6.912692
v -18.35826 19.843012 3.7598906
v -18.358261 16.529957 6.912692
v -18.358263 15.654459 3.7598906
v -18.358263 15.654459 6.912692
v -18.358265 12.341404 3.7598906
v -18.358265 12.341404 6.912692
v -18.35826 19.843012 3.7598906
v -18.35826 19.843012 6.912692
v -20.868402 19.843012 6.912692
v -20.868402 19.843012 3.7598906
v -20.868406 15.654459 3.7598906
v -20.868408 12.341407 6.912692
v -20.868408 12.341407 3.7598906
v -20.868406 15.654459 6.912692
v -20.868404 16.529957 3.7598906
v -20.868404 16.529957 6.4863567
v -20.868402 19.843012 3.7598906
v -20.868402 19.843012 6.912692
v -20.868408 12.341407 3.7598906
v -20.868408 12.341407 6.912692
v -18.358265 12.341404 6.912692
v -18.358265 12.341404 3.7598906
v -18.358263 15.654459 3.7598906
v -20.868408 12.341407 3.7598906
v -18.358265 12.341404 3.7598906
v -20.868406 15.654459 3.7598906
v -18.358261 16.529957 3.7598906
v -20.868404 16.529957 3.7598906
v -18.35826 19.843012 3.7598906
v -20.868402 19.843012 3.7598906
v -20.868406 15.654459 6.912692
v -18.358265 12.341404 6.912692
v -20.868408 12.341407 6.912692
v -18.358263 15.654459 6.912692
v -20.868404 16.529957 6.4863567
v -18.358261 16.529957 6.912692
v -20.868402 19.843012 6.912692
v -18.35826 19.843012 6.912692
v -17.232138 14.979899 4.880725
v -17.232132 19.84301 8.033527
v -17.232132 19.84301 4.880725
v -17.232138 14.979899 8.033527
v -17.23214 12.341404 4.880725
v -17.23214 12.341404 8.033527
v -17.232132 19.84301 4.880725
v -17.232132 19.84301 8.033527
v -19.742277 19.843012 8.033527
v -19.742277 19.843012 4.880725
v -19.742281 14.979903 4.880725
v -19.742283 12.341404 8.033527
v -19.742283 12.341404 4.880725
v -19.742281 14.979903 7.5260305
v -19.742277 19.843012 4.880725
v -19.742277 19.843012 8.033527
v -19.742283 12.341404 4.880725
v -19.742283 12.341404 8.033527
v -17.23214 12.341404 8.033527
v -17.23214 12.341404 4.880725
v -17.232138 14.979899 4.880725
v -19.742283 12.341404 4.880725
v -17.23214 12.341404 4.880725
v -19.742281 14.979903 4.880725
v -17.232132 19.84301 4.880725
v -19.742277 19.843012 4.880725
v -19.742281 14.979903 7.5260305
v -17.23214 12.341404 8.033527
v -19.742283 12.341404 8.033527
v -17.232138 14.979899 8.033527
v -19.742277 19.843012 8.033527
v -17.232132 19.84301 8.033527
v -16.192638 12.341404 5.271778
v -16.192638 12.341404 8.42458
v -16.192633 19.84301 8.42458
v -16.192633 19.84301 5.271778
v -16.192633 19.84301 5.271778
v -16.192633 19.84301 8.42458
v -18.702776 19.843012 8.42458
v -18.702776 19.843012 5.271778
v -18.702776 19.843012 5.271778
v -18.702776 19.843012 8.42458
v -18.702782 12.341404 8.42458
v -18.702782 12.341404 5.271778
v -18.702782 12.341404 5.271778
v -18.702782 12.341404 8.42458
v -16.192638 12.341404 8.42458
v -16.192638 12.341404 5.271778
v -16.192633 19.84301 5.271778
v -18.702776 19.843012 5.271778
v -18.702782 12.341404 5.271778
v -16.192638 12.341404 5.271778
v -18.702776 19.843012 8.42458
v -16.192633 19.84301 8.42458
v -16.192638 12.341404 8.42458
v -18.702782 12.341404 8.42458
v -15.111558 12.341404 6.073009
v -15.111558 12.341404 9.225812
v -15.111552 19.84301 9.225812
v -15.111552 19.84301 6.073009
v -15.111552 19.84301 6.073009
v -15.111552 19.84301 9.225812
v -17.621695 19.843012 9.225812
v -17.621695 19.843012 6.073009
v -17.621695 19.843012 6.073009
v -17.621695 19.843012 9.225812
v -17.621702 12.341404 9.225812
v -17.621702 12.341404 6.073009
v -17.621702 12.341404 6.073009
v -17.621702 12.341404 9.225812
v -15.111558 12.341404 9.225812
v -15.111558 12.341404 6.073009
v -15.111552 19.84301 6.073009
v -17.621695 19.843012 6.073009
v -17.621702 12.341404 6.073009
v -15.111558 12.341404 6.073009
v -17.621695 19.843012 9.225812
v -15.111552 19.84301 9.225812
v -15.111558 12.341404 9.225812
v -17.621702 12.341404 9.225812
v -14.072053 18.419024 6.970272
v -14.072051 19.84301 10.1230755
v -14.072051 19.84301 6.970272
v -14.072053 18.419024 10.1230755
v -14.072059 12.341404 6.970272
v -14.072059 12.341404 10.1230755
v -14.072051 19.84301 6.970272
v -14.072051 19.84301 10.1230755
v -16.582193 19.84301 10.1230755
v -16.582193 19.84301 6.970272
v -16.582195 18.419024 6.970272
v -16.582201 12.341404 10.1230755
v -16.582201 12.341404 6.970272
v -16.582195 18.419024 9.5990505
v -16.582193 19.84301 6.970272
v -16.582193 19.84301 10.1230755
v -16.582201 12.341404 6.970272
v -16.582201 12.341404 10.1230755
v -14.072059 12.341404 10.1230755
v -14.072059 12.341404 6.970272
v -14.072053 18.419024 6.970272
v -16.582201 12.341404 6.970272
v -14.072059 12.341404 6.970272
v -16.582195 18.419024 6.970272
v -14.072051 19.84301 6.970272
v -16.582193 19.84301 6.970272
v -16.582195 18.419024 9.5990505
v -14.072059 12.341404 10.1230755
v -16.582201 12.341404 10.1230755
v -14.072053 18.419024 10.1230755
v -16.582193 19.84301 10.1230755
v -14.072051 19.84301 10.1230755
v -12.616757 12.341404 7.9084897
v -12.616757 12.341404 11.061292
v -12.616752 19.84301 11.061292
v -12.616752 19.84301 7.9084897
v -12.616752 19.84301 7.9084897
v -12.616752 19.84301 11.061292
v -15.126895 19.84301 11.061292
v -15.126895 19.84301 7.9084897
v -15.126895 19.84301 7.9084897
v -15.126895 19.84301 11.061292
v -15.126901 12.341404 11.061292
v -15.126901 12.341404 7.9084897
v -15.126901 12.341404 7.9084897
v -15.126901 12.341404 11.061292
v -12.616757 12.341404 11.061292
v -12.616757 12.341404 7.9084897
v -12.616752 19.84301 7.9084897
v -15.126895 19.84301 7.9084897
v -15.126901 12.341404 7.9084897
v -12.616757 12.341404 7.9084897
v -15.126895 19.84301 11.061292
v -12.616752 19.84301 11.061292
v -12.616757 12.341404 11.061292
v -15.126901 12.341404 11.061292
v -11.286197 12.317612 8.723787
v -11.286197 12.370508 12.241508
v -11.286189 19.866802 11.608374
v -11.286189 19.813906 8.090652
v -11.286189 19.813906 8.090652
v -11.286189 19.866802 11.608374
v -13.796332 19.866802 11.608374
v -13.796332 19.813906 8.090652
v -13.796332 19.813906 8.090652
v -13.796332 19.866802 11.608374
v -13.79634 12.370508 12.241508
v -13.79634 12.317612 8.723787
v -13.79634 12.317612 8.723787
v -13.79634 12.370508 12.241508
v -11.286197 12.370508 12.241508
v -11.286197 12.317612 8.723787
v -11.286189 19.813906 8.090652
v -13.796332 19.813906 8.090652
v -13.79634 12.317612 8.723787
v -11.286197 12.317612 8.723787
v -13.796332 19.866802 11.608374
v -11.286189 19.866802 11.608374
v -11.286197 12.370508 12.241508
v -13.79634 12.370508 12.241508
v -10.038796 12.341404 9.77943
v -10.038796 12.341404 12.932234
v -10.038789 19.84301 12.932234
v -10.038789 19.84301 9.77943
v -10.038789 19.84301 9.77943
v -10.038789 19.84301 12.932234
v -12.548932 19.84301 12.932234
v -12.548932 19.84301 9.77943
v -12.548932 19.84301 9.77943
v -12.548932 19.84301 12.932234
v -12.54894 12.341404 12.932234
v -12.54894 12.341404 9.77943
v -12.54894 12.341404 9.77943
v -12.54894 12.341404 12.932234
v -10.038796 12.341404 12.932234
v -10.038796 12.341404 9.77943
v -10.038789 19.84301 9.77943
v -12.548932 19.84301 9.77943
v -12.54894 12.341404 9.77943
v -10.038796 12.341404 9.77943
v -12.548932 19.84301 12.932234
v -10.038789 19.84301 12.932234
v -10.038796 12.341404 12.932234
v -12.54894 12.341404 12.932234
v -8.832976 12.341404 9.860713
v -8.832976 12.341404 13.0135145
v -8.832969 19.84301 13.0135145
v -8.832969 19.84301 9.860713
v -8.832969 19.84301 9.860713
v -8.832969 19.84301 13.0135145
v -11.343112 19.84301 13.0135145
v -11.343112 19.84301 9.860713
v -11.343112 19.84301 9.860713
v -11.343112 19.84301 13.0135145
v -11.34312 12.341404 13.0135145
v -11.34312 12.341404 9.860713
v -11.34312 12.341404 9.860713
v -11.34312 12.341404 13.0135145
v -8.832976 12.341404 13.0135145
v -8.832976 12.341404 9.860713
v -8.832969 19.84301 9.860713
v -11.343112 19.84301 9.860713
v -11.34312 12.341404 9.860713
v -8.832976 12.341404 9.860713
v -11.343112 19.84301 13.0135145
v -8.832969 19.84301 13.0135145
v -8.832976 12.341404 13.0135145
v -11.34312 12.341404 13.0135145
v -52.922775 21.812973 1.5875406
v -52.922775 21.812973 4.740343
v -43.505188 21.812965 4.740343
v -43.505188 21.812965 1.5875406
v -43.505188 21.812965 1.5875406
v -43.505188 21.812965 4.740343
v -43.505188 24.323112 4.740343
v -43.505188 24.323112 1.5875406
v -43.505188 24.323112 1.5875406
v -43.505188 24.323112 4.740343
v -52.922775 24.323116 4.740343
v -52.922775 24.323116 1.5875406
v -52.922775 24.323116 1.5875406
v -52.922775 24.323116 4.740343
v -52.922775 21.812973 4.740343
v -52.922775 21.812973 1.5875406
v -43.505188 21.812965 1.5875406
v -43.505188 24.323112 1.5875406
v -52.922775 24.323116 1.5875406
v -52.922775 21.812973 1.5875406
v -43.505188 24.323112 4.740343
v -43.505188 21.812965 4.740343
v -52.922775 21.812973 4.740343
v -52.922775 24.323116 4.740343
v -52.922783 20.57135 2.9682293
v -52.922783 20.57135 6.1210313
v -43.505188 20.571342 6.1210313
v -43.505188 20.571342 2.9682293
v -43.505188 20.571342 2.9682293
v -43.505188 20.571342 6.1210313
v -43.505188 23.081486 6.1210313
v -43.505188 23.081486 2.9682293
v -43.505188 23.081486 2.9682293
v -43.505188 23.081486 6.1210313
v -52.922775 23.08149 6.1210313
v -52.922775 23.08149 2.9682293
v -52.922775 23.08149 2.9682293
v -52.922775 23.08149 6.1210313
v -52.922783 20.57135 6.1210313
v -52.922783 20.57135 2.9682293
v -43.505188 20.571342 2.9682293
v -43.505188 23.081486 2.9682293
v -52.922775 23.08149 2.9682293
v -52.922783 20.57135 2.9682293
v -43.505188 23.081486 6.1210313
v -43.505188 20.571342 6.1210313
v -52.922783 20.57135 6.1210313
v -52.922775 23.08149 6.1210313
v -47.66443 19.531845 3.826355
v -43.505188 19.531841 6.9791565
v -43.505188 19.531841 3.826355
v -47.66443 19.531845 6.9791565
v -48.763542 19.531845 3.826355
v -48.763542 19.531845 6.9791565
v -52.922783 19.531849 3.826355
v -52.922783 19.531849 6.9791565
v -43.505188 19.531841 3.826355
v -43.505188 19.531841 6.9791565
v -43.505188 22.041985 6.9791565
v -43.505188 22.041985 3.826355
v -48.763542 22.041988 3.826355
v -52.922775 22.041992 6.9791565
v -52.922775 22.041992 3.826355
v -48.763542 22.041988 6.9791565
v -47.66443 22.041985 3.826355
v -47.66443 22.041985 6.552821
v -43.505188 22.041985 3.826355
v -43.505188 22.041985 6.9791565
v -52.922775 22.041992 3.826355
v -52.922775 22.041992 6.9791565
v -52.922783 19.531849 6.9791565
v -52.922783 19.531849 3.826355
v -48.763542 19.531845 3.826355
v -52.922775 22.041992 3.826355
v -52.922783 19.531849 3.826355
v -48.763542 22.041988 3.826355
v -47.66443 19.531845 3.826355
v -47.66443 22.041985 3.826355
v -43.505188 19.531841 3.826355
v -43.505188 22.041985 3.826355
v -48.763542 22.041988 6.9791565
v -52.922783 19.531849 6.9791565
v -52.922775 22.041992 6.9791565
v -48.763542 19.531845 6.9791565
v -47.66443 22.041985 6.552821
v -47.66443 19.531845 6.9791565
v -43.505188 22.041985 6.9791565
v -43.505188 19.531841 6.9791565
v -49.61039 18.40572 4.9471893
v -43.505196 18.405712 8.099992
v -43.505196 18.405712 4.9471893
v -49.61039 18.40572 8.099992
v -52.922783 18.405724 4.9471893
v -52.922783 18.405724 8.099992
v -43.505196 18.405712 4.9471893
v -43.505196 18.405712 8.099992
v -43.505188 20.91586 8.099992
v -43.505188 20.91586 4.9471893
v -49.610382 20.915863 4.9471893
v -52.922783 20.915867 8.099992
v -52.922783 20.915867 4.9471893
v -49.610382 20.915863 7.592495
v -43.505188 20.91586 4.9471893
v -43.505188 20.91586 8.099992
v -52.922783 20.915867 4.9471893
v -52.922783 20.915867 8.099992
v -52.922783 18.405724 8.099992
v -52.922783 18.405724 4.9471893
v -49.61039 18.40572 4.9471893
v -52.922783 20.915867 4.9471893
v -52.922783 18.405724 4.9471893
v -49.610382 20.915863 4.9471893
v -43.505196 18.405712 4.9471893
v -43.505188 20.91586 4.9471893
v -49.610382 20.915863 7.592495
v -52.922783 18.405724 8.099992
v -52.922783 20.915867 8.099992
v -49.61039 18.40572 8.099992
v -43.505188 20.91586 8.099992
v -43.505196 18.405712 8.099992
v -52.922783 17.36622 5.3382425
v -52.922783 17.36622 8.491044
v -43.505196 17.366215 8.491044
v -43.505196 17.366215 5.3382425
v -43.505196 17.366215 5.3382425
v -43.505196 17.366215 8.491044
v -43.505188 19.876358 8.491044
v -43.505188 19.876358 5.3382425
v -43.505188 19.876358 5.3382425
v -43.505188 19.876358 8.491044
v -52.922783 19.876366 8.491044
v -52.922783 19.876366 5.3382425
v -52.922783 19.876366 5.3382425
v -52.922783 19.876366 8.491044
v -52.922783 17.36622 8.491044
v -52.922783 17.36622 5.3382425
v -43.505196 17.366215 5.3382425
v -43.505188 19.876358 5.3382425
v -52.922783 19.876366 5.3382425
v -52.922783 17.36622 5.3382425
v -43.505188 19.876358 8.491044
v -43.505196 17.366215 8.491044
v -52.922783 17.36622 8.491044
v -52.922783 19.876366 8.491044
v -52.922783 16.28514 6.1394734
v -52.922783 16.28514 9.292276
v -43.505196 16.285133 9.292276
v -43.505196 16.285133 6.1394734
v -43.505196 16.285133 6.1394734
v -43.505196 16.285133 9.292276
v -43.505188 18.795277 9.292276
v -43.505188 18.795277 6.1394734
v -43.505188 18.795277 6.1394734
v -43.505188 18.795277 9.292276
v -52.922783 18.795284 9.292276
v -52.922783 18.795284 6.1394734
v -52.922783 18.795284 6.1394734
v -52.922783 18.795284 9.292276
v -52.922783 16.28514 9.292276
v -52.922783 16.28514 6.1394734
v -43.505196 16.285133 6.1394734
v -43.505188 18.795277 6.1394734
v -52.922783 18.795284 6.1394734
v -52.922783 16.28514 6.1394734
v -43.505188 18.795277 9.292276
v -43.505196 16.285133 9.292276
v -52.922783 16.28514 9.292276
v -52.922783 18.795284 9.292276
v -45.292877 15.245635 7.0367365
v -43.505196 15.245633 10.18954
v -43.505196 15.245633 7.0367365
v -45.292877 15.245635 10.18954
v -52.922783 15.245641 7.0367365
v -52.922783 15.245641 10.18954
v -43.505196 15.245633 7.0367365
v -43.505196 15.245633 10.18954
v -43.505196 17.755775 10.18954
v -43.505196 17.755775 7.0367365
v -45.292877 17.755777 7.0367365
v -52.922783 17.755783 10.18954
v -52.922783 17.755783 7.0367365
v -45.292877 17.755777 9.665515
v -43.505196 17.755775 7.0367365
v -43.505196 17.755775 10.18954
v -52.922783 17.755783 7.0367365
v -52.922783 17.755783 10.18954
v -52.922783 15.245641 10.18954
v -52.922783 15.245641 7.0367365
v -45.292877 15.245635 7.0367365
v -52.922783 17.755783 7.0367365
v -52.922783 15.245641 7.0367365
v -45.292877 17.755777 7.0367365
v -43.505196 15.245633 7.0367365
v -43.505196 17.755775 7.0367365
v -45.292877 17.755777 9.665515
v -52.922783 15.245641 10.18954
v -52.922783 17.755783 10.18954
v -45.292877 15.245635 10.18954
v -43.505196 17.755775 10.18954
v -43.505196 15.245633 10.18954
v -52.922783 13.790339 7.669914
v -52.922783 13.790339 10.822716
v -43.505196 13.790334 10.822716
v -43.505196 13.790334 7.669914
v -43.505196 13.790334 7.669914
v -43.505196 13.790334 10.822716
v -43.505196 16.300476 10.822716
v -43.505196 16.300476 7.669914
v -43.505196 16.300476 7.669914
v -43.505196 16.300476 10.822716
v -52.922783 16.300482 10.822716
v -52.922783 16.300482 7.669914
v -52.922783 16.300482 7.669914
v -52.922783 16.300482 10.822716
v -52.922783 13.790339 10.822716
v -52.922783 13.790339 7.669914
v -43.505196 13.790334 7.669914
v -43.505196 16.300476 7.669914
v -52.922783 16.300482 7.669914
v -52.922783 13.790339 7.669914
v -43.505196 16.300476 10.822716
v -43.505196 13.790334 10.822716
v -52.922783 13.790339 10.822716
v -52.922783 16.300482 10.822716
v -52.952652 12.459779 8.790252
v -52.886246 12.459779 11.940821
v -43.475327 12.459771 11.307687
v -43.541733 12.459771 8.157117
v -43.541733 12.459771 8.157117
v -43.475327 12.459771 11.307687
v -43.475327 14.969914 11.307687
v -43.541733 14.969914 8.157117
v -43.541733 14.969914 8.157117
v -43.475327 14.969914 11.307687
v -52.886246 14.969922 11.940821
v -52.952652 14.969922 8.790252
v -52.952652 14.969922 8.790252
v -52.886246 14.969922 11.940821
v -52.886246 12.459779 11.940821
v -52.952652 12.459779 8.790252
v -43.541733 12.459771 8.157117
v -43.541733 14.969914 8.157117
v -52.952652 14.969922 8.790252
v -52.952652 12.459779 8.790252
v -43.475327 14.969914 11.307687
v -43.475327 12.459771 11.307687
v -52.886246 12.459779 11.940821
v -52.886246 14.969922 11.940821
v -52.922783 11.2123785 9.469303
v -52.922783 11.2123785 12.622107
v -43.505196 11.212371 12.622107
v -43.505196 11.212371 9.469303
v -43.505196 11.212371 9.469303
v -43.505196 11.212371 12.622107
v -43.505196 13.722514 12.622107
v -43.505196 13.722514 9.469303
v -43.505196 13.722514 9.469303
v -43.505196 13.722514 12.622107
v -52.922783 13.722522 12.622107
v -52.922783 13.722522 9.469303
v -52.922783 13.722522 9.469303
v -52.922783 13.722522 12.622107
v -52.922783 11.2123785 12.622107
v -52.922783 11.2123785 9.469303
v -43.505196 11.212371 9.469303
v -43.505196 13.722514 9.469303
v -52.922783 13.722522 9.469303
v -52.922783 11.2123785 9.469303
v -43.505196 13.722514 12.622107
v -43.505196 11.212371 12.622107
v -52.922783 11.2123785 12.622107
v -52.922783 13.722522 12.622107
v -52.922783 10.006558 9.927177
v -52.922783 10.006558 13.079979
v -43.505196 10.006551 13.079979
v -43.505196 10.006551 9.927177
v -43.505196 10.006551 9.927177
v -43.505196 10.006551 13.079979
v -43.505196 12.516694 13.079979
v -43.505196 12.516694 9.927177
v -43.505196 12.516694 9.927177
v -43.505196 12.516694 13.079979
v -52.922783 12.516702 13.079979
v -52.922783 12.516702 9.927177
v -52.922783 12.516702 9.927177
v -52.922783 12.516702 13.079979
v -52.922783 10.006558 13.079979
v -52.922783 10.006558 9.927177
v -43.505196 10.006551 9.927177
v -43.505196 12.516694 9.927177
v -52.922783 12.516702 9.927177
v -52.922783 10.006558 9.927177
v -43.505196 12.516694 13.079979
v -43.505196 10.006551 13.079979
v -52.922783 10.006558 13.079979
v -52.922783 12.516702 13.079979
vt 0.34133795 0.33628523
vt 0.66288507 0.65307254
vt 0.6852852 0.67514116
vt 0 0
vt 0 0
vt 0 0
vt 0.7899325 0.64360964
vt 0.7881417 0.6449112
vt 0.790052 0.64497876
vt 0.6852852 0.67514116
vt 0.66288507 0.65307254
vt 0.34133795 0.33628523
vt 0 0
vt 0 0
vt 0 0
vt 0.7899325 0.64360964
vt 0.790052 0.64497876
vt 0.7881417 0.6449112
vt 0.7904302 0.6671364
vt 0.7923568 0.6672731
vt 0.790052 0.64497876
vt 0.7881417 0.6449112
vt 0.7948129 0.70382345
vt 0.82054687 0.70714194
vt 0.82054687 0.70714194
vt 0.7948129 0.70382345
vt 0.7823076 0.70221084
vt 0.82054687 0.70714194
vt 0.7823076 0.70221084
vt 0.7948129 0.70382345
vt 0.7823076 0.70221084
vt 0.7882365 0.7376052
vt 0.7823076 0.70221084
vt 0.7823076 0.70221084
vt 0.7882365 0.7376052
vt 0.7823076 0.70221084
vt 0.7882365 0.7376052
vt 0.7904302 0.6671364
vt 0.7881417 0.6449112
vt 0.7881417 0.6449112
vt 0.7892007 0.65519613
vt 0.78605556 0.6246807
vt 0.78605556 0.6246807
vt 0.7881417 0.6449112
vt 0.7881417 0.6449112
vt 0.7881417 0.6449112
vt 0.78605556 0.6246807
vt 0.7881417 0.6449112
vt 0.7904302 0.6671364
vt 0.7904302 0.6671364
vt 0.7881417 0.6449112
vt 0.7904302 0.6671364
vt 0.7904302 0.6671364
vt 0.7904302 0.6671364
vt 0.7892007 0.65519613
vt 0.7881417 0.6449112
vt 0.72795147 0.69520146
vt 0.73653865 0.7302198
vt 0.73653865 0.7302198
vt 0.72795147 0.69520146
vt 0.73653865 0.7302198
vt 0.72795147 0.69520146
vt 0.7592989 0.62468064
vt 0.76110566 0.6439557
vt 0.76110566 0.6439557
vt 0.7592989 0.62468064
vt 0.76110566 0.6439557
vt 0.7592989 0.62468064
vt 0.76110566 0.6439557
vt 0.76110566 0.6439557
vt 0.76110566 0.6439557
vt 0.7344067 0.6524968
vt 0.71316195 0.6514502
vt 0.71316195 0.6514502
vt 0.7344067 0.6524968
vt 0.71316195 0.6514502
vt 0.76197904 0.6538551
vt 0.7344067 0.6524968
vt 0.76197904 0.6538551
vt 0.73371637 0.6429877
vt 0.76110566 0.6439557
vt 0.76110566 0.6439557
vt 0.73371637 0.6429877
vt 0.76110566 0.6439557
vt 0.73371637 0.6429877
vt 0 0
vt 0.7328923 0.6429265
vt 0.625 0.6553931
vt 0 0
vt 0.625 0.6666666
vt 0.625 0.6553931
vt 0.625 0.6553931
vt 0.625 0.64710706
vt 0.625 0.64710706
vt 0.625 0.6666666
vt 0.625 0.6666666
vt 0.625 0.6553931
vt 0.625 0.64710706
vt 0.625 0.6553931
vt 0.625 0.64710706
vt 0.62499994 0.6391455
vt 0.62499994 0.6391455
vt 0.62499994 0.62468064
vt 0.62499994 0.62468064
vt 0.62499994 0.6391455
vt 0.62499994 0.6391455
vt 0.625 0.64710706
vt 0.625 0.64710706
vt 0.625 0.6553931
vt 0.625 0.6553931
vt 0.625 0.64710706
vt 0.625 0.6553931
vt 0.625 0.64710706
vt 0.625 0.6553931
vt 0.625 0.6666666
vt 0.625 0.6666666
vt 0.625 0.6553931
vt 0.625 0.6666666
vt 0 0
vt 0.71474516 0.6934985
vt 0.45020127 0.43195024
vt 0.70098674 0.6917243
vt 0.71474516 0.6934985
vt 0.70098674 0.6917243
vt 0.72795147 0.69520146
vt 0.72795147 0.69520146
vt 0.71474516 0.6934985
vt 0.72795147 0.69520146
vt 0.45020127 0.43195024
vt 0.73653865 0.7302198
vt 0.73653865 0.7302198
vt 0.7882365 0.7376052
vt 0.7882365 0.7376052
vt 0 0
vt 0 0
vt 0 0
vt 0 0
vt 0 0
vt 0 0
vt 0 0
vt 0 0
vt 0 0
vt 0 0
vt 0 0
vt 0 0
vt 0 0
vt 0 0
vt 0 0
vt 0 0
vt 0 0
vt 0 0
vt 0 0
vt 0 0
vt 0 0
vt 0 0
vt 0 0
vt 0 0
vt 0 0
vt 0 0
vt 0 0
vt 0 0
vt 0 0
vt 0 0
vt 0 0
vt 0 0
vt 0 0
vt 0 0
vt 0 0
vt 0 0
vt 0 0
vt 0 0
vt 0 0
vt 0 0
vt 0 0
vt 0 0
vt 0 0
vt 0 0
vt 0 0
vt 0 0
vt 0 0
vt 0 0
vt 0 0
vt 0 0
vt 0 0
vt 0 0
vt 0 0
vt 0 0
vt 0 0
vt 0 0
vt 0.6489436 0.65237004
vt 0.646324 0.65690684
vt 0.646324 0.65690684
vt 0.6489436 0.65237004
vt 0.646324 0.65690684
vt 0.6489436 0.65237004
vt 0.34133795 0.33628523
vt 0.34133795 0.33628523
vt 0.34133795 0.33628523
vt 0.16000135 0.15736671
vt 0.646324 0.65690684
vt 0.16000135 0.15736671
vt 0.34133795 0.33628523
vt 0.6852852 0.67514116
vt 0.33479184 0.329279
vt 0.52714497 0.50673115
vt 0.6852852 0.67514116
vt 0.6852852 0.67514116
vt 0.52714497 0.50673115
vt 0.66288507 0.65307254
vt 0.66288507 0.65307254
vt 0.34133795 0.33628523
vt 0.34133795 0.33628523
vt 0.625 0.64710706
vt 0.625 0.64710706
vt 0.64761853 0.6482214
vt 0.6476185 0.6482214
vt 0.6545298 0.67202044
vt 0.6545298 0.67202044
vt 0.6455229 0.6568497
vt 0.6455229 0.6568497
vt 0.64775586 0.65276074
vt 0.64775586 0.65276074
vt 0.81311095 0.6457937
vt 0.81311095 0.6457937
vt 0.8149839 0.64563614
vt 0.8149839 0.64563614
vt 0.8738663 0.7484027
vt 0.8738663 0.7484027
vt 0.873796 0.71247554
vt 0.873796 0.71247554
vt 0.87362 0.6261838
vt 0.87362 0.6261838
vt 0.6843348 0.67603934
vt 0.6545298 0.67202044
vt 0.6545298 0.67202044
vt 0.6843348 0.67603934
vt 0.6864089 0.676328
vt 0.6864089 0.676328
vt 0.5216383 0.50137925
vt 0.5216383 0.50137925
vt 0.8149839 0.64563614
vt 0.8149839 0.64563614
vt 0.81724507 0.66925234
vt 0.81724507 0.66925234
vt 0.8221592 0.70871705
vt 0.8221592 0.70871705
vt 0.8247166 0.74145955
vt 0.8738663 0.7484027
vt 0.8738663 0.7484027
vt 0.8247166 0.74145955
vt 0.78922576 0.736407
vt 0.78922576 0.736407
vt 0.7273232 0.69643086
vt 0.7273232 0.69643086
vt 0.7146665 0.6947958
vt 0.7146665 0.6947958
vt 0.7002832 0.6927968
vt 0.7002832 0.6927968
vt 0.6258012 0.65545005
vt 0.62594545 0.6664098
vt 0.62594545 0.6664098
vt 0.6258012 0.65545005
vt 0.6258711 0.6482746
vt 0.6258711 0.6482746
vt 0.7328355 0.64213747
vt 0.7328355 0.64213747
vt 0.75942886 0.642746
vt 0.75942886 0.642746
vt 0.71343446 0.6422711
vt 0.7139422 0.65069014
vt 0.7139422 0.65069014
vt 0.71343446 0.6422711
vt 0.7126811 0.6257527
vt 0.7126811 0.6257527
vt 0.71268165 0.62468064
vt 0.71268165 0.62468064
vt 0.7126811 0.6257527
vt 0.7126811 0.6257527
vt 0.71343446 0.6422711
vt 0.71343446 0.6422711
vt 0.7139422 0.65069014
vt 0.7139422 0.65069014
vt 0.7139422 0.65069014
vt 0.7139422 0.65069014
vt 0.7335185 0.6516303
vt 0.7335185 0.6516303
vt 0.7343458 0.6516576
vt 0.7343458 0.6516576
vt 0.7619077 0.6530464
vt 0.7619077 0.6530464
vt 0.75942886 0.642746
vt 0.75942886 0.642746
vt 0.7581616 0.6258318
vt 0.7581616 0.6258318
vt 0.7581408 0.62468064
vt 0.7581408 0.62468064
vt 0.7581616 0.6258318
vt 0.7581616 0.6258318
vt 0.75942886 0.642746
vt 0.75942886 0.642746
vt 0.7343458 0.6516576
vt 0.7344067 0.6524968
vt 0.76197904 0.6538551
vt 0.7619077 0.6530464
vt 0.735014 0.7287015
vt 0.735014 0.7287015
vt 0.7273232 0.69643086
vt 0.7273232 0.69643086
vt 0.68084955 0.7210371
vt 0.68084955 0.7210371
vt 0.735014 0.7287015
vt 0.735014 0.7287015
vt 0.7002832 0.6927968
vt 0.7002832 0.6927968
vt 0.70098674 0.6917243
vt 0.70098674 0.6917243
vt 0.87362 0.6261838
vt 0.87499994 0.62468076
vt 0.8736669 0.62468076
vt 0.873796 0.71247554
vt 0.875 0.712595
vt 0.8738663 0.7484027
vt 0.875 0.75
vt 0.8247166 0.74145955
vt 0.8248737 0.7428391
vt 0.78922576 0.736407
vt 0.7882365 0.7376052
vt 0.78347635 0.70370454
vt 0.7823076 0.70221084
vt 0.7961472 0.7053455
vt 0.7948129 0.70382345
vt 0.8221592 0.70871705
vt 0.82054687 0.70714194
vt 0.81724507 0.66925234
vt 0.82054687 0.70714194
vt 0.8221592 0.70871705
vt 0.81591713 0.66894555
vt 0.81311095 0.6457937
vt 0.8149839 0.64563614
vt 0.78811425 0.6260506
vt 0.7881417 0.6449112
vt 0.7899325 0.64360964
vt 0.78605556 0.6246807
vt 0.78797585 0.6246807
vt 0.7146665 0.6947958
vt 0.70098674 0.6917243
vt 0.7002832 0.6927968
vt 0.71474516 0.6934985
vt 0.7273232 0.69643086
vt 0.72795147 0.69520146
vt 0.735014 0.7287015
vt 0.73653865 0.7302198
vt 0.68084955 0.7210371
vt 0.6805554 0.72222215
vt 0.6453458 0.68574166
vt 0.64474237 0.68640906
vt 0.62594545 0.6664098
vt 0.625 0.6666666
vt 0.6258012 0.65545005
vt 0.625 0.6553931
vt 0.6258711 0.6482746
vt 0.625 0.64710706
vt 0.7581616 0.6258318
vt 0.7592989 0.62468064
vt 0.7581408 0.62468064
vt 0.75942886 0.642746
vt 0.76110566 0.6439557
vt 0.7328355 0.64213747
vt 0.73371637 0.6429877
vt 0.6843348 0.67603934
vt 0.6852852 0.67514116
vt 0.6833147 0.6748641
vt 0.6864089 0.676328
vt 0.64775586 0.65276074
vt 0.625 0.64710706
vt 0.6258711 0.6482746
vt 0.6489436 0.65237004
vt 0.6455229 0.6568497
vt 0.646324 0.65690684
vt 0.6545298 0.67202044
vt 0.65502787 0.67088777
vt 0.6833147 0.6748641
vt 0.6843348 0.67603934
vt 0.7343458 0.6516576
vt 0.7335185 0.6516303
vt 0.7344067 0.6524968
vt 0.7139422 0.65069014
vt 0.71316195 0.6514502
vt 0.71343446 0.6422711
vt 0.71261036 0.6422418
vt 0.7126811 0.6257527
vt 0.7115106 0.62468064
vt 0.71268165 0.62468064
vt 0.71316195 0.6514502
vt 0.71316195 0.6514502
vt 0.71261036 0.6422418
vt 0.71261036 0.6422418
vt 0.71316195 0.6514502
vt 0.71261036 0.6422418
vt 0.7115106 0.62468064
vt 0.7115106 0.62468064
vt 0.7115106 0.62468064
vt 0.71261036 0.6422418
vt 0.71261036 0.6422418
vt 0.71316195 0.6514502
vt 0.71261036 0.6422418
vt 0.71316195 0.6514502
vt 0.71316195 0.6514502
vt 0.64775586 0.65276074
vt 0.64775586 0.65276074
vt 0.6258711 0.6482746
vt 0.6258711 0.6482746
vt 0.7961472 0.7053455
vt 0.78347635 0.70370454
vt 0.78347635 0.70370454
vt 0.7961472 0.7053455
vt 0.8221592 0.70871705
vt 0.8221592 0.70871705
vt 0.87362 0.6261838
vt 0.87362 0.6261838
vt 0.8736669 0.62468076
vt 0.8736669 0.62468076
vt 0.73371637 0.6429877
vt 0.73371637 0.6429877
vt 0.7328355 0.64213747
vt 0.7328355 0.64213747
vt 0.82054687 0.70714194
vt 0.82054687 0.70714194
vt 0.81591713 0.66894555
vt 0.81591713 0.66894555
vt 0.82054687 0.70714194
vt 0.81311095 0.6457937
vt 0.81591713 0.66894555
vt 0.81311095 0.6457937
vt 0.78347635 0.70370454
vt 0.78347635 0.70370454
vt 0.78922576 0.736407
vt 0.78922576 0.736407
vt 0.625 0.64710706
vt 0.625 0.64710706
vt 0.64761853 0.6482214
vt 0.64761853 0.6482214
vt 0.7923568 0.6672731
vt 0.7923568 0.6672731
vt 0.7904302 0.6671364
vt 0.7904302 0.6671364
vt 0.6453458 0.68574166
vt 0.68084955 0.7210371
vt 0.68084955 0.7210371
vt 0.6453458 0.68574166
vt 0.62594545 0.6664098
vt 0.62594545 0.6664098
vt 0.76197904 0.6538551
vt 0.7619077 0.6530464
vt 0.7619077 0.6530464
vt 0.76197904 0.6538551
vt 0.52714497 0.50673115
vt 0.52714497 0.50673115
vt 0.5216383 0.50137925
vt 0.5216383 0.50137925
vt 0.6852852 0.67514116
vt 0.6864089 0.676328
vt 0.5216383 0.50137925
vt 0.52714497 0.50673115
vt 0.790052 0.64497876
vt 0.7923568 0.6672731
vt 0.7923568 0.6672731
vt 0.790052 0.64497876
vt 0.7899325 0.64360964
vt 0.7899325 0.64360964
vt 0.78811425 0.6260506
vt 0.78811425 0.6260506
vt 0.78797585 0.6246807
vt 0.78797585 0.6246807
vt 0.78811425 0.6260506
vt 0.78811425 0.6260506
vt 0.7899325 0.64360964
vt 0.7899325 0.64360964
vt 0.790052 0.64497876
vt 0.790052 0.64497876
vt 0.7923568 0.6672731
vt 0.7923568 0.6672731
vt 0.375 0
vt 0.375 0.25
vt 0.625 0.25
vt 0.625 0
vt 0.375 0.25
vt 0.375 0.5
vt 0.625 0.5
vt 0.625 0.25
vt 0.375 0.5
vt 0.375 0.75
vt 0.625 0.75
vt 0.625 0.5
vt 0.375 0.75
vt 0.375 1
vt 0.625 1
vt 0.625 0.75
vt 0.32627663 0.7012768
vt 0.32627663 0.7012768
vt 0.1737234 0.7012768
vt 0.1737234 0.7012768
vt 0.625 0.5
vt 0.625 0.75
vt 0.875 0.75
vt 0.875 0.5
vt 0.375 0.5
vt 0.375 0.75
vt 0.625 0.75
vt 0.625 0.5
vt 0.875 0.75
vt 0.625 0.5
vt 0.625 0.25
vt 0.875 0.5
vt 0.625 0.5
vt 0.625 0.75
vt 0.875 0.75
vt 0.875 0.5
vt 0.375 0.25
vt 0.375 0.5
vt 0.625 0.5
vt 0.625 0.25
vt 0.17372322 0.5487232
vt 0.17372322 0.5487232
vt 0.3262768 0.5487232
vt 0.3262768 0.5487232
vt 0.375 0
vt 0.375 0.25
vt 0.625 0.25
vt 0.625 0
vt 0.375 0
vt 0.375 0.25
vt 0.625 0.25
vt 0.625 0
vt 0.375 0.25
vt 0.375 0.5
vt 0.625 0.5
vt 0.625 0.25
vt 0.375 0.5
vt 0.375 0.75
vt 0.625 0.75
vt 0.625 0.5
vt 0.375 0.75
vt 0.375 1
vt 0.625 1
vt 0.625 0.75
vt 0.17372346 0.7012766
vt 0.17372346 0.7012766
vt 0.17372346 0.54872346
vt 0.17372346 0.54872346
vt 0.625 0.5
vt 0.625 0.75
vt 0.875 0.75
vt 0.875 0.5
vt 0.375 0
vt 0.375 0.25
vt 0.625 0.25
vt 0.625 0
vt 0.375 0.25
vt 0.375 0.5
vt 0.625 0.5
vt 0.625 0.25
vt 0.375 0.5
vt 0.375 0.75
vt 0.625 0.75
vt 0.625 0.5
vt 0.375 0.75
vt 0.375 1
vt 0.625 1
vt 0.625 0.75
vt 0.32627684 0.5487232
vt 0.32627684 0.5487232
vt 0.32627684 0.70127684
vt 0.32627684 0.70127684
vt 0.625 0.5
vt 0.625 0.75
vt 0.875 0.75
vt 0.875 0.5
vt 0.375 0
vt 0.375 0.25
vt 0.625 0.25
vt 0.625 0
vt 0.375 0.25
vt 0.375 0.5
vt 0.625 0.5
vt 0.625 0.25
vt 0.375 0.5
vt 0.375 0.75
vt 0.625 0.75
vt 0.625 0.5
vt 0.375 0.75
vt 0.375 1
vt 0.625 1
vt 0.625 0.75
vt 0.17372322 0.7012768
vt 0.17372322 0.7012768
vt 0.17372322 0.5487232
vt 0.17372322 0.5487232
vt 0.625 0.5
vt 0.625 0.75
vt 0.875 0.75
vt 0.875 0.5
vt 0.375 0
vt 0.375 0.25
vt 0.625 0.25
vt 0.625 0
vt 0.375 0.25
vt 0.375 0.5
vt 0.625 0.5
vt 0.625 0.25
vt 0.375 0.5
vt 0.375 0.75
vt 0.625 0.75
vt 0.625 0.5
vt 0.375 0.75
vt 0.375 1
vt 0.625 1
vt 0.625 0.75
vt 0.32627657 0.7012766
vt 0.32627657 0.7012766
vt 0.17372346 0.7012766
vt 0.17372346 0.7012766
vt 0.625 0.5
vt 0.625 0.75
vt 0.875 0.75
vt 0.875 0.5
vt 0.375 0
vt 0.375 0.25
vt 0.625 0.25
vt 0.625 0
vt 0.375 0.25
vt 0.375 0.5
vt 0.625 0.5
vt 0.625 0.25
vt 0.375 0.5
vt 0.375 0.75
vt 0.625 0.75
vt 0.625 0.5
vt 0.375 0.75
vt 0.375 1
vt 0.625 1
vt 0.625 0.75
vt 0.1737234 0.54872316
vt 0.1737234 0.54872316
vt 0.32627684 0.5487232
vt 0.32627684 0.5487232
vt 0.625 0.5
vt 0.625 0.75
vt 0.875 0.75
vt 0.875 0.5
vt 0.375 0
vt 0.375 0.25
vt 0.625 0.25
vt 0.625 0
vt 0.375 0.25
vt 0.375 0.5
vt 0.625 0.5
vt 0.625 0.25
vt 0.375 0.5
vt 0.375 0.75
vt 0.625 0.75
vt 0.625 0.5
vt 0.375 0.75
vt 0.375 1
vt 0.625 1
vt 0.625 0.75
vt 0.32627678 0.7012768
vt 0.32627678 0.7012768
vt 0.17372322 0.7012768
vt 0.17372322 0.7012768
vt 0.625 0.5
vt 0.625 0.75
vt 0.875 0.75
vt 0.875 0.5
vt 0.42422676 0
vt 0.42422676 0.25
vt 0.6742268 0.25
vt 0.6742268 0
vt 0.375 0.29922676
vt 0.37500003 0.54922676
vt 0.625 0.54922676
vt 0.625 0.29922676
vt 0.375 0.5
vt 0.375 0.75
vt 0.625 0.75
vt 0.625 0.5
vt 0.37500003 0.70077336
vt 0.375 0.95077324
vt 0.625 0.95077324
vt 0.625 0.70077336
vt 0.1737234 0.70127666
vt 0.1737234 0.70127666
vt 0.1737234 0.54872316
vt 0.1737234 0.54872316
vt 0.625 0.5
vt 0.625 0.75
vt 0.875 0.75
vt 0.875 0.5
vt 0.375 0
vt 0.375 0.25
vt 0.625 0.25
vt 0.625 0
vt 0.375 0.25
vt 0.375 0.5
vt 0.625 0.5
vt 0.625 0.25
vt 0.375 0.5
vt 0.375 0.75
vt 0.625 0.75
vt 0.625 0.5
vt 0.375 0.75
vt 0.375 1
vt 0.625 1
vt 0.625 0.75
vt 0.32627678 0.54872346
vt 0.32627678 0.54872346
vt 0.3262768 0.70127654
vt 0.3262768 0.70127654
vt 0.625 0.5
vt 0.625 0.75
vt 0.875 0.75
vt 0.875 0.5
vt 0.375 0
vt 0.375 0.25
vt 0.625 0.25
vt 0.625 0
vt 0.375 0.25
vt 0.375 0.5
vt 0.625 0.5
vt 0.625 0.25
vt 0.375 0.5
vt 0.375 0.75
vt 0.625 0.75
vt 0.625 0.5
vt 0.375 0.75
vt 0.375 1
vt 0.625 1
vt 0.625 0.75
vt 0.32627684 0.70127684
vt 0.32627684 0.70127684
vt 0.1737234 0.70127666
vt 0.1737234 0.70127666
vt 0.625 0.5
vt 0.625 0.75
vt 0.875 0.75
vt 0.875 0.5
vt 0.375 0
vt 0.375 0.25
vt 0.625 0.25
vt 0.625 0
vt 0.375 0.25
vt 0.375 0.5
vt 0.625 0.5
vt 0.625 0.25
vt 0.375 0.5
vt 0.375 0.75
vt 0.625 0.75
vt 0.625 0.5
vt 0.375 0.75
vt 0.375 1
vt 0.625 1
vt 0.625 0.75
vt 0.17372325 0.54872346
vt 0.17372325 0.54872346
vt 0.32627678 0.54872346
vt 0.32627678 0.54872346
vt 0.625 0.5
vt 0.625 0.75
vt 0.875 0.75
vt 0.875 0.5
vt 0.375 0
vt 0.375 0.25
vt 0.625 0.25
vt 0.625 0
vt 0.375 0.25
vt 0.375 0.5
vt 0.625 0.5
vt 0.625 0.25
vt 0.375 0.5
vt 0.375 0.75
vt 0.625 0.75
vt 0.625 0.5
vt 0.375 0.75
vt 0.375 1
vt 0.625 1
vt 0.625 0.75
vt 0.3262768 0.5487232
vt 0.3262768 0.5487232
vt 0.32627678 0.7012768
vt 0.32627678 0.7012768
vt 0.625 0.5
vt 0.625 0.75
vt 0.875 0.75
vt 0.875 0.5
vt 0 0
vt 0 0
vt 0.7328355 0.64213747
vt 0.7328923 0.6429265
vt 0.375 0
vt 0.375 0.25
vt 0.625 0.25
vt 0.625 0
vt 0.375 0.25
vt 0.375 0.5
vt 0.625 0.5
vt 0.625 0.25
vt 0.375 0.5
vt 0.375 0.75
vt 0.625 0.75
vt 0.625 0.5
vt 0.375 0.75
vt 0.375 1
vt 0.625 1
vt 0.625 0.75
vt 0.17372322 0.70127654
vt 0.17372322 0.70127654
vt 0.17372325 0.54872346
vt 0.17372325 0.54872346
vt 0.625 0.5
vt 0.625 0.75
vt 0.875 0.75
vt 0.875 0.5
vt 0.375 0
vt 0.375 0.25
vt 0.625 0.25
vt 0.625 0
vt 0.375 0.25
vt 0.375 0.5
vt 0.625 0.5
vt 0.625 0.25
vt 0.375 0.5
vt 0.375 0.75
vt 0.625 0.75
vt 0.625 0.5
vt 0.375 0.75
vt 0.375 1
vt 0.625 1
vt 0.625 0.75
vt 0.17372322 0.5487232
vt 0.17372322 0.5487232
vt 0.3262768 0.5487232
vt 0.3262768 0.5487232
vt 0.625 0.5
vt 0.625 0.75
vt 0.875 0.75
vt 0.875 0.5
vt 0.625 0.5
vt 0.625 0.75
vt 0.875 0.75
vt 0.875 0.5
vt 0.3262768 0.70127654
vt 0.3262768 0.70127654
vt 0.17372322 0.70127654
vt 0.17372322 0.70127654
vt 0.37500003 0.70077336
vt 0.375 0.95077324
vt 0.625 0.95077324
vt 0.625 0.70077336
vt 0.375 0.5
vt 0.375 0.75
vt 0.625 0.75
vt 0.625 0.5
vt 0.375 0.29922676
vt 0.37500003 0.54922676
vt 0.625 0.54922676
vt 0.625 0.29922676
vt 0.42422676 0
vt 0.42422676 0.25
vt 0.6742268 0.25
vt 0.6742268 0
vt 0.17372346 0.54872346
vt 0.17372346 0.7012766
vt 0.32627657 0.7012766
vt 0.32627657 0.54872346
vt 0.17372346 0.5487232
vt 0.17372346 0.7012768
vt 0.32627657 0.7012768
vt 0.32627654 0.5487232
vt 0.17372344 0.5487232
vt 0.17372344 0.7012768
vt 0.32627654 0.7012768
vt 0.32627657 0.5487232
vt 0.17372325 0.54872346
vt 0.17372322 0.70127654
vt 0.3262768 0.70127654
vt 0.32627678 0.54872346
vt 0.17372322 0.5487232
vt 0.17372322 0.7012768
vt 0.32627678 0.7012768
vt 0.3262768 0.5487232
vt 0.1737234 0.54872316
vt 0.1737234 0.70127666
vt 0.32627684 0.70127684
vt 0.32627684 0.5487232
vt 0.1737234 0.5487232
vt 0.1737234 0.7012768
vt 0.32627663 0.7012768
vt 0.32627663 0.5487232
vt 0.124496475 0.5487235
vt 0.12449646 0.70127654
vt 0.27705002 0.7012765
vt 0.27705002 0.54872346
vt 0.17372324 0.54872346
vt 0.17372322 0.7012769
vt 0.3262768 0.70127684
vt 0.32627672 0.54872334
vt 0.17372346 0.54872346
vt 0.17372346 0.7012768
vt 0.32627657 0.7012768
vt 0.32627657 0.5487235
vt 0.17372346 0.54872346
vt 0.17372347 0.70127666
vt 0.32627657 0.7012766
vt 0.32627657 0.5487235
vt 0.17372325 0.54872346
vt 0.17372322 0.70127654
vt 0.3262768 0.70127654
vt 0.32627678 0.54872346
vt 0.17372322 0.5487232
vt 0.17372322 0.7012768
vt 0.32627678 0.7012768
vt 0.3262768 0.5487232
vt 0.1737231 0.54872316
vt 0.17372313 0.7012768
vt 0.32627684 0.7012768
vt 0.32627684 0.5487232
vt 0.124496475 0.5487235
vt 0.12449646 0.7012768
vt 0.27705002 0.7012768
vt 0.27705002 0.54872346
vt 0.17372346 0.54872346
vt 0.17372346 0.54872346
vt 0.32627657 0.54872346
vt 0.32627657 0.54872346
vt 0.3262768 0.5487232
vt 0.3262768 0.5487232
vt 0.32627678 0.7012768
vt 0.32627678 0.7012768
vt 0.1737234 0.7012768
vt 0.1737234 0.7012768
vt 0.1737234 0.5487232
vt 0.1737234 0.5487232
vt 0.32627657 0.54872346
vt 0.32627657 0.54872346
vt 0.32627657 0.7012766
vt 0.32627657 0.7012766
vt 0.32627684 0.7012768
vt 0.32627684 0.7012768
vt 0.17372313 0.7012768
vt 0.17372313 0.7012768
vt 0.1737234 0.5487232
vt 0.1737234 0.5487232
vt 0.32627663 0.5487232
vt 0.32627663 0.5487232
vt 0.17372313 0.7012768
vt 0.17372313 0.7012768
vt 0.1737231 0.54872316
vt 0.1737231 0.54872316
vt 0.32627663 0.5487232
vt 0.32627663 0.5487232
vt 0.32627663 0.7012768
vt 0.32627663 0.7012768
vt 0.1737231 0.54872316
vt 0.1737231 0.54872316
vt 0.32627684 0.5487232
vt 0.32627684 0.5487232
vt 0.27705002 0.7012765
vt 0.27705002 0.7012765
vt 0.12449646 0.70127654
vt 0.12449646 0.70127654
vt 0.32627684 0.5487232
vt 0.32627684 0.5487232
vt 0.32627684 0.7012768
vt 0.32627684 0.7012768
vt 0.12449646 0.70127654
vt 0.12449646 0.70127654
vt 0.124496475 0.5487235
vt 0.124496475 0.5487235
vt 0.27705002 0.54872346
vt 0.27705002 0.54872346
vt 0.27705002 0.7012768
vt 0.27705002 0.7012768
vt 0.124496475 0.5487235
vt 0.124496475 0.5487235
vt 0.27705002 0.54872346
vt 0.27705002 0.54872346
vt 0.32627657 0.7012768
vt 0.32627657 0.7012768
vt 0.17372346 0.7012768
vt 0.17372346 0.7012768
vt 0.124496475 0.5487235
vt 0.124496475 0.5487235
vt 0.27705002 0.54872346
vt 0.27705002 0.54872346
vt 0.27705002 0.54872346
vt 0.27705002 0.54872346
vt 0.27705002 0.7012765
vt 0.27705002 0.7012765
vt 0.17372346 0.7012768
vt 0.17372346 0.7012768
vt 0.17372346 0.5487232
vt 0.17372346 0.5487232
vt 0.12449646 0.7012768
vt 0.12449646 0.7012768
vt 0.124496475 0.5487235
vt 0.124496475 0.5487235
vt 0.3262768 0.70127684
vt 0.3262768 0.70127684
vt 0.17372322 0.7012769
vt 0.17372322 0.7012769
vt 0.17372346 0.5487232
vt 0.17372346 0.5487232
vt 0.32627654 0.5487232
vt 0.32627654 0.5487232
vt 0.27705002 0.7012768
vt 0.27705002 0.7012768
vt 0.12449646 0.7012768
vt 0.12449646 0.7012768
vt 0.17372322 0.7012769
vt 0.17372322 0.7012769
vt 0.17372324 0.54872346
vt 0.17372324 0.54872346
vt 0.32627654 0.5487232
vt 0.32627654 0.5487232
vt 0.32627657 0.7012768
vt 0.32627657 0.7012768
vt 0.17372324 0.54872346
vt 0.17372324 0.54872346
vt 0.32627672 0.54872334
vt 0.32627672 0.54872334
vt 0.32627654 0.7012768
vt 0.32627654 0.7012768
vt 0.17372344 0.7012768
vt 0.17372344 0.7012768
vt 0.32627672 0.54872334
vt 0.32627672 0.54872334
vt 0.3262768 0.70127684
vt 0.3262768 0.70127684
vt 0.17372344 0.7012768
vt 0.17372344 0.7012768
vt 0.17372344 0.5487232
vt 0.17372344 0.5487232
vt 0.32627657 0.7012768
vt 0.32627657 0.7012768
vt 0.17372346 0.7012768
vt 0.17372346 0.7012768
vt 0.17372344 0.5487232
vt 0.17372344 0.5487232
vt 0.32627657 0.5487232
vt 0.32627657 0.5487232
vt 0.17372346 0.7012768
vt 0.17372346 0.7012768
vt 0.17372346 0.54872346
vt 0.17372346 0.54872346
vt 0.32627657 0.5487232
vt 0.32627657 0.5487232
vt 0.32627654 0.7012768
vt 0.32627654 0.7012768
vt 0.17372346 0.54872346
vt 0.17372346 0.54872346
vt 0.32627657 0.5487235
vt 0.32627657 0.5487235
vt 0.3262768 0.70127654
vt 0.3262768 0.70127654
vt 0.17372322 0.70127654
vt 0.17372322 0.70127654
vt 0.32627657 0.5487235
vt 0.32627657 0.5487235
vt 0.32627657 0.7012768
vt 0.32627657 0.7012768
vt 0.17372322 0.70127654
vt 0.17372322 0.70127654
vt 0.17372325 0.54872346
vt 0.17372325 0.54872346
vt 0.32627657 0.7012766
vt 0.32627657 0.7012766
vt 0.17372347 0.70127666
vt 0.17372347 0.70127666
vt 0.17372325 0.54872346
vt 0.17372325 0.54872346
vt 0.32627678 0.54872346
vt 0.32627678 0.54872346
vt 0.17372347 0.70127666
vt 0.17372347 0.70127666
vt 0.17372346 0.54872346
vt 0.17372346 0.54872346
vt 0.32627678 0.54872346
vt 0.32627678 0.54872346
vt 0.3262768 0.70127654
vt 0.3262768 0.70127654
vt 0.17372346 0.54872346
vt 0.17372346 0.54872346
vt 0.32627657 0.5487235
vt 0.32627657 0.5487235
vt 0.32627678 0.7012768
vt 0.32627678 0.7012768
vt 0.17372322 0.7012768
vt 0.17372322 0.7012768
vt 0.32627657 0.5487235
vt 0.32627657 0.5487235
vt 0.32627657 0.7012766
vt 0.32627657 0.7012766
vt 0.17372322 0.7012768
vt 0.17372322 0.7012768
vt 0.17372322 0.5487232
vt 0.17372322 0.5487232
vt 0.375 0
vt 0.375 0.25
vt 0.625 0.25
vt 0.625 0
vt 0.375 0.25
vt 0.375 0.5
vt 0.625 0.5
vt 0.625 0.25
vt 0.375 0.5
vt 0.375 0.75
vt 0.625 0.75
vt 0.625 0.5
vt 0.375 0.75
vt 0.375 1
vt 0.625 1
vt 0.625 0.75
vt 0.625 0.5
vt 0.625 0.75
vt 0.875 0.75
vt 0.875 0.5
vt 0.17372346 0.54872346
vt 0.17372347 0.70127666
vt 0.32627657 0.7012766
vt 0.32627657 0.5487235
vt 0.32627657 0.7012766
vt 0.32627657 0.7012766
vt 0.17372347 0.70127666
vt 0.17372347 0.70127666
vt 0.17372347 0.70127666
vt 0.17372347 0.70127666
vt 0.17372346 0.54872346
vt 0.17372346 0.54872346
vt 0.17372346 0.54872346
vt 0.17372346 0.54872346
vt 0.32627657 0.5487235
vt 0.32627657 0.5487235
vt 0.32627657 0.5487235
vt 0.32627657 0.5487235
vt 0.32627657 0.7012766
vt 0.32627657 0.7012766
vt 0.375 0
vt 0.375 0.25
vt 0.625 0.25
vt 0.625 0
vt 0.375 0.25
vt 0.375 0.5
vt 0.625 0.5
vt 0.625 0.25
vt 0.375 0.5
vt 0.375 0.75
vt 0.625 0.75
vt 0.625 0.5
vt 0.375 0.75
vt 0.375 1
vt 0.625 1
vt 0.625 0.75
vt 0.625 0.5
vt 0.625 0.75
vt 0.875 0.75
vt 0.875 0.5
vt 0.375 0.75
vt 0.375 1
vt 0.625 1
vt 0.625 0.75
vt 0.625 0.5
vt 0.625 0.75
vt 0.875 0.75
vt 0.875 0.5
vt 0.375 0.25
vt 0.375 0.5
vt 0.625 0.5
vt 0.625 0.25
vt 0.375 0.5
vt 0.375 0.75
vt 0.625 0.75
vt 0.625 0.5
vt 0.875 0.75
vt 0.625 0.5
vt 0.625 0.25
vt 0.875 0.5
vt 0.875 0.75
vt 0.625 0.5
vt 0.625 0.25
vt 0.875 0.5
vt 0.375 0.75
vt 0.375 1
vt 0.625 1
vt 0.625 0.75
vt 0.375 0
vt 0.375 0.25
vt 0.625 0.25
vt 0.625 0
vt 0.375 0.5
vt 0.375 0.75
vt 0.625 0.75
vt 0.625 0.5
vt 0.875 0.75
vt 0.625 0.5
vt 0.625 0.25
vt 0.875 0.5
vt 0.625 0.5
vt 0.625 0.75
vt 0.875 0.75
vt 0.875 0.5
vt 0.375 0.25
vt 0.375 0.5
vt 0.625 0.5
vt 0.625 0.25
vt 0.375 0
vt 0.375 0.25
vt 0.625 0.25
vt 0.625 0
vt 0.375 0
vt 0.375 0.25
vt 0.625 0.25
vt 0.625 0
vt 0.375 0.25
vt 0.375 0.5
vt 0.625 0.5
vt 0.625 0.25
vt 0.375 0.5
vt 0.375 0.75
vt 0.625 0.75
vt 0.625 0.5
vt 0.375 0.75
vt 0.375 1
vt 0.625 1
vt 0.625 0.75
vt 0.625 0.5
vt 0.625 0.75
vt 0.875 0.75
vt 0.875 0.5
vt 0.375 0.75
vt 0.375 1
vt 0.625 1
vt 0.625 0.75
vt 0.625 0.5
vt 0.625 0.75
vt 0.875 0.75
vt 0.875 0.5
vt 0.375 0.25
vt 0.375 0.5
vt 0.625 0.5
vt 0.625 0.25
vt 0.375 0.5
vt 0.375 0.75
vt 0.625 0.75
vt 0.625 0.5
vt 0.875 0.75
vt 0.625 0.5
vt 0.625 0.25
vt 0.875 0.5
vt 0.875 0.75
vt 0.625 0.5
vt 0.625 0.25
vt 0.875 0.5
vt 0.375 0.75
vt 0.375 1
vt 0.625 1
vt 0.625 0.75
vt 0.375 0
vt 0.375 0.25
vt 0.625 0.25
vt 0.625 0
vt 0.375 0
vt 0.375 0.25
vt 0.625 0.25
vt 0.625 0
vt 0.375 0.25
vt 0.375 0.5
vt 0.625 0.5
vt 0.625 0.25
vt 0.875 0.75
vt 0.625 0.5
vt 0.625 0.25
vt 0.875 0.5
vt 0.375 0.75
vt 0.375 1
vt 0.625 1
vt 0.625 0.75
vt 0.375 0.5
vt 0.375 0.75
vt 0.625 0.75
vt 0.625 0.5
vt 0.625 0.5
vt 0.625 0.75
vt 0.875 0.75
vt 0.875 0.5
vt 0.375 0.25
vt 0.375 0.5
vt 0.625 0.5
vt 0.625 0.25
vt 0.375 0
vt 0.375 0.25
vt 0.625 0.25
vt 0.625 0
vt 0.625 0.5
vt 0.625 0.75
vt 0.875 0.75
vt 0.875 0.5
vt 0.375 0.75
vt 0.375 1
vt 0.625 1
vt 0.625 0.75
vt 0.875 0.75
vt 0.625 0.5
vt 0.625 0.25
vt 0.875 0.5
vt 0.375 0.5
vt 0.375 0.75
vt 0.625 0.75
vt 0.625 0.5
vt 0.375 0
vt 0.375 0.25
vt 0.625 0.25
vt 0.625 0
vt 0.375 0.25
vt 0.375 0.5
vt 0.625 0.5
vt 0.625 0.25
vt 0.875 0.75
vt 0.625 0.5
vt 0.625 0.25
vt 0.875 0.5
vt 0.375 0.75
vt 0.375 1
vt 0.625 1
vt 0.625 0.75
vt 0.375 0.5
vt 0.375 0.75
vt 0.625 0.75
vt 0.625 0.5
vt 0.625 0.5
vt 0.625 0.75
vt 0.875 0.75
vt 0.875 0.5
vt 0.375 0.25
vt 0.375 0.5
vt 0.625 0.5
vt 0.625 0.25
vt 0.375 0
vt 0.375 0.25
vt 0.625 0.25
vt 0.625 0
vt 0.625 0.5
vt 0.625 0.75
vt 0.875 0.75
vt 0.875 0.5
vt 0.375 0.75
vt 0.375 1
vt 0.625 1
vt 0.625 0.75
vt 0.875 0.75
vt 0.625 0.5
vt 0.625 0.25
vt 0.875 0.5
vt 0.375 0.5
vt 0.375 0.75
vt 0.625 0.75
vt 0.625 0.5
vt 0.375 0
vt 0.375 0.25
vt 0.625 0.25
vt 0.625 0
vt 0.375 0.25
vt 0.375 0.5
vt 0.625 0.5
vt 0.625 0.25
vt 0.875 0.75
vt 0.625 0.5
vt 0.625 0.25
vt 0.875 0.5
vt 0.375 0.75
vt 0.375 1
vt 0.625 1
vt 0.625 0.75
vt 0.375 0.5
vt 0.375 0.75
vt 0.625 0.75
vt 0.625 0.5
vt 0.625 0.5
vt 0.625 0.75
vt 0.875 0.75
vt 0.875 0.5
vt 0.375 0
vt 0.375 0.25
vt 0.625 0.25
vt 0.625 0
vt 0.375 0.25
vt 0.375 0.5
vt 0.625 0.5
vt 0.625 0.25
vt 0.875 0.75
vt 0.625 0.5
vt 0.625 0.25
vt 0.875 0.5
vt 0.375 0.75
vt 0.375 1
vt 0.625 1
vt 0.625 0.75
vt 0.375 0.5
vt 0.375 0.75
vt 0.625 0.75
vt 0.625 0.5
vt 0.625 0.5
vt 0.625 0.75
vt 0.875 0.75
vt 0.875 0.5
vt 0.375 0
vt 0.375 0.25
vt 0.625 0.25
vt 0.625 0
vt 0.375 0.25
vt 0.375 0.5
vt 0.625 0.5
vt 0.625 0.25
vt 0.875 0.75
vt 0.625 0.5
vt 0.625 0.25
vt 0.875 0.5
vt 0.375 0.75
vt 0.375 1
vt 0.625 1
vt 0.625 0.75
vt 0.375 0.5
vt 0.375 0.75
vt 0.625 0.75
vt 0.625 0.5
vt 0.625 0.5
vt 0.625 0.75
vt 0.875 0.75
vt 0.875 0.5
vt 0.375 0
vt 0.375 0.25
vt 0.625 0.25
vt 0.625 0
vt 0.375 0.25
vt 0.375 0.5
vt 0.625 0.5
vt 0.625 0.25
vt 0.875 0.75
vt 0.625 0.5
vt 0.625 0.25
vt 0.875 0.5
vt 0.375 0.75
vt 0.375 1
vt 0.625 1
vt 0.625 0.75
vt 0.375 0.5
vt 0.375 0.75
vt 0.625 0.75
vt 0.625 0.5
vt 0.625 0.5
vt 0.625 0.75
vt 0.875 0.75
vt 0.875 0.5
vt 0.375 0
vt 0.375 0.25
vt 0.625 0.25
vt 0.625 0
vt 0.375 0.25
vt 0.375 0.5
vt 0.625 0.5
vt 0.625 0.25
vt 0.875 0.75
vt 0.625 0.5
vt 0.625 0.25
vt 0.875 0.5
vt 0.375 0.75
vt 0.375 1
vt 0.625 1
vt 0.625 0.75
vt 0.375 0.5
vt 0.375 0.75
vt 0.625 0.75
vt 0.625 0.5
vt 0.625 0.5
vt 0.625 0.75
vt 0.875 0.75
vt 0.875 0.5
vt 0.375 0
vt 0.375 0.25
vt 0.625 0.25
vt 0.625 0
vt 0.375 0.25
vt 0.375 0.5
vt 0.625 0.5
vt 0.625 0.25
vt 0.875 0.75
vt 0.625 0.5
vt 0.625 0.25
vt 0.875 0.5
vt 0.375 0.75
vt 0.375 1
vt 0.625 1
vt 0.625 0.75
vt 0.375 0.5
vt 0.375 0.75
vt 0.625 0.75
vt 0.625 0.5
vt 0.625 0.5
vt 0.625 0.75
vt 0.875 0.75
vt 0.875 0.5
vt 0.375 0
vt 0.375 0.25
vt 0.625 0.25
vt 0.625 0
vt 0.375 0.25
vt 0.375 0.5
vt 0.625 0.5
vt 0.625 0.25
vt 0.875 0.75
vt 0.625 0.5
vt 0.625 0.25
vt 0.875 0.5
vt 0.375 0.75
vt 0.375 1
vt 0.625 1
vt 0.625 0.75
vt 0.375 0.5
vt 0.375 0.75
vt 0.625 0.75
vt 0.625 0.5
vt 0.625 0.5
vt 0.625 0.75
vt 0.875 0.75
vt 0.875 0.5
vt 0.375 0
vt 0.375 0.25
vt 0.625 0.25
vt 0.625 0
vt 0.375 0.25
vt 0.375 0.5
vt 0.625 0.5
vt 0.625 0.25
vt 0.875 0.75
vt 0.625 0.5
vt 0.625 0.25
vt 0.875 0.5
vt 0.375 0.75
vt 0.375 1
vt 0.625 1
vt 0.625 0.75
vt 0.375 0.5
vt 0.375 0.75
vt 0.625 0.75
vt 0.625 0.5
vt 0.625 0.5
vt 0.625 0.75
vt 0.875 0.75
vt 0.875 0.5
vt 0.375 0.5
vt 0.375 0.75
vt 0.625 0.75
vt 0.625 0.5
vt 0.375 0.75
vt 0.375 1
vt 0.625 1
vt 0.625 0.75
vt 0.375 0
vt 0.375 0.25
vt 0.625 0.25
vt 0.625 0
vt 0.875 0.75
vt 0.625 0.5
vt 0.625 0.25
vt 0.875 0.5
vt 0.375 0.25
vt 0.375 0.5
vt 0.625 0.5
vt 0.625 0.25
vt 0.625 0.5
vt 0.625 0.75
vt 0.875 0.75
vt 0.875 0.5
vt 0.375 0
vt 0.375 0.25
vt 0.625 0.25
vt 0.625 0
vt 0.375 0.25
vt 0.375 0.5
vt 0.625 0.5
vt 0.625 0.25
vt 0.875 0.75
vt 0.625 0.5
vt 0.625 0.25
vt 0.875 0.5
vt 0.375 0.75
vt 0.375 1
vt 0.625 1
vt 0.625 0.75
vt 0.375 0.5
vt 0.375 0.75
vt 0.625 0.75
vt 0.625 0.5
vt 0.625 0.5
vt 0.625 0.75
vt 0.875 0.75
vt 0.875 0.5
vt 0.375 0
vt 0.375 0.25
vt 0.625 0.25
vt 0.625 0
vt 0.375 0.25
vt 0.375 0.5
vt 0.625 0.5
vt 0.625 0.25
vt 0.875 0.75
vt 0.625 0.5
vt 0.625 0.25
vt 0.875 0.5
vt 0.375 0.75
vt 0.375 1
vt 0.625 1
vt 0.625 0.75
vt 0.375 0.5
vt 0.375 0.75
vt 0.625 0.75
vt 0.625 0.5
vt 0.625 0.5
vt 0.625 0.75
vt 0.875 0.75
vt 0.875 0.5
vt 0.375 0
vt 0.375 0.25
vt 0.625 0.25
vt 0.625 0
vt 0.375 0.25
vt 0.375 0.5
vt 0.625 0.5
vt 0.625 0.25
vt 0.875 0.75
vt 0.625 0.5
vt 0.625 0.25
vt 0.875 0.5
vt 0.375 0.75
vt 0.375 1
vt 0.625 1
vt 0.625 0.75
vt 0.375 0.5
vt 0.375 0.75
vt 0.625 0.75
vt 0.625 0.5
vt 0.625 0.5
vt 0.625 0.75
vt 0.875 0.75
vt 0.875 0.5
vt 0.375 0
vt 0.375 0.25
vt 0.625 0.25
vt 0.625 0
vt 0.375 0.25
vt 0.375 0.5
vt 0.625 0.5
vt 0.625 0.25
vt 0.875 0.75
vt 0.625 0.5
vt 0.625 0.25
vt 0.875 0.5
vt 0.375 0.75
vt 0.375 1
vt 0.625 1
vt 0.625 0.75
vt 0.375 0.5
vt 0.375 0.75
vt 0.625 0.75
vt 0.625 0.5
vt 0.625 0.5
vt 0.625 0.75
vt 0.875 0.75
vt 0.875 0.5
vt 0.375 0
vt 0.375 0.25
vt 0.625 0.25
vt 0.625 0
vt 0.375 0.25
vt 0.375 0.5
vt 0.625 0.5
vt 0.625 0.25
vt 0.875 0.75
vt 0.625 0.5
vt 0.625 0.25
vt 0.875 0.5
vt 0.375 0.75
vt 0.375 1
vt 0.625 1
vt 0.625 0.75
vt 0.375 0.5
vt 0.375 0.75
vt 0.625 0.75
vt 0.625 0.5
vt 0.625 0.5
vt 0.625 0.75
vt 0.875 0.75
vt 0.875 0.5
vt 0.375 0
vt 0.375 0.25
vt 0.625 0.25
vt 0.625 0
vt 0.375 0.25
vt 0.375 0.5
vt 0.625 0.5
vt 0.625 0.25
vt 0.875 0.75
vt 0.625 0.5
vt 0.625 0.25
vt 0.875 0.5
vt 0.375 0.75
vt 0.375 1
vt 0.625 1
vt 0.625 0.75
vt 0.375 0.5
vt 0.375 0.75
vt 0.625 0.75
vt 0.625 0.5
vt 0.625 0.5
vt 0.625 0.75
vt 0.875 0.75
vt 0.875 0.5
vt 0.7904302 0.6671364
vt 0.7881417 0.6449112
vt 0.790052 0.64497876
vt 0.7923568 0.6672731
vt 0.7948129 0.70382345
vt 0.82054687 0.70714194
vt 0.82054687 0.70714194
vt 0.7948129 0.70382345
vt 0.7823076 0.70221084
vt 0.82054687 0.70714194
vt 0.7823076 0.70221084
vt 0.7948129 0.70382345
vt 0.7823076 0.70221084
vt 0.7882365 0.7376052
vt 0.7823076 0.70221084
vt 0.7823076 0.70221084
vt 0.7882365 0.7376052
vt 0.7823076 0.70221084
vt 0.7882365 0.7376052
vt 0.72795147 0.69520146
vt 0.73653865 0.7302198
vt 0.73653865 0.7302198
vt 0.72795147 0.69520146
vt 0.73653865 0.7302198
vt 0.72795147 0.69520146
vt 0.7344067 0.6524968
vt 0.71316195 0.6514502
vt 0.71316195 0.6514502
vt 0.7344067 0.6524968
vt 0.71316195 0.6514502
vt 0.76197904 0.6538551
vt 0.7344067 0.6524968
vt 0.76197904 0.6538551
vt 0.73371637 0.6429877
vt 0.76110566 0.6439557
vt 0.76110566 0.6439557
vt 0.73371637 0.6429877
vt 0.76110566 0.6439557
vt 0.7328923 0.6429265
vt 0 0
vt 0.73371637 0.6429877
vt 0.73653865 0.7302198
vt 0.7882365 0.7376052
vt 0.7882365 0.7376052
vt 0.73653865 0.7302198
vt 0 0
vt 0 0
vt 0 0
vt 0 0
vt 0 0
vt 0 0
vt 0 0
vt 0 0
vt 0 0
vt 0 0
vt 0 0
vt 0 0
vt 0 0
vt 0 0
vt 0 0
vt 0 0
vt 0 0
vt 0 0
vt 0 0
vt 0 0
vt 0 0
vt 0 0
vt 0 0
vt 0 0
vt 0 0
vt 0 0
vt 0 0
vt 0 0
vt 0 0
vt 0 0
vt 0 0
vt 0 0
vt 0 0
vt 0 0
vt 0 0
vt 0 0
vt 0.6489436 0.65237004
vt 0.646324 0.65690684
vt 0.646324 0.65690684
vt 0.6489436 0.65237004
vt 0.646324 0.65690684
vt 0.6489436 0.65237004
vt 0.34133795 0.33628523
vt 0.34133795 0.33628523
vt 0.646324 0.65690684
vt 0.16000135 0.15736671
vt 0.34133795 0.33628523
vt 0.6852852 0.67514116
vt 0.34133795 0.33628523
vt 0.16000135 0.15736671
vt 0.33479184 0.329279
vt 0.52714497 0.50673115
vt 0.6852852 0.67514116
vt 0.6852852 0.67514116
vt 0.52714497 0.50673115
vt 0.66288507 0.65307254
vt 0.66288507 0.65307254
vt 0.34133795 0.33628523
vt 0.34133795 0.33628523
vt 0.625 0.64710706
vt 0.6476185 0.6482214
vt 0.64761853 0.6482214
vt 0.625 0.64710706
vt 0.6545298 0.67202044
vt 0.6455229 0.6568497
vt 0.6545298 0.67202044
vt 0.6455229 0.6568497
vt 0.64775586 0.65276074
vt 0.64775586 0.65276074
vt 0.81311095 0.6457937
vt 0.8149839 0.64563614
vt 0.8149839 0.64563614
vt 0.81311095 0.6457937
vt 0.8738663 0.7484027
vt 0.873796 0.71247554
vt 0.8738663 0.7484027
vt 0.873796 0.71247554
vt 0.87362 0.6261838
vt 0.87362 0.6261838
vt 0.6843348 0.67603934
vt 0.6545298 0.67202044
vt 0.6545298 0.67202044
vt 0.6843348 0.67603934
vt 0.6864089 0.676328
vt 0.6864089 0.676328
vt 0.5216383 0.50137925
vt 0.5216383 0.50137925
vt 0.8149839 0.64563614
vt 0.81724507 0.66925234
vt 0.8149839 0.64563614
vt 0.81724507 0.66925234
vt 0.8221592 0.70871705
vt 0.8221592 0.70871705
vt 0.8247166 0.74145955
vt 0.8738663 0.7484027
vt 0.8738663 0.7484027
vt 0.8247166 0.74145955
vt 0.78922576 0.736407
vt 0.78922576 0.736407
vt 0.7273232 0.69643086
vt 0.7146665 0.6947958
vt 0.7273232 0.69643086
vt 0.7146665 0.6947958
vt 0.7002832 0.6927968
vt 0.7002832 0.6927968
vt 0.6258012 0.65545005
vt 0.62594545 0.6664098
vt 0.62594545 0.6664098
vt 0.6258012 0.65545005
vt 0.6258711 0.6482746
vt 0.6258711 0.6482746
vt 0.7328355 0.64213747
vt 0.75942886 0.642746
vt 0.75942886 0.642746
vt 0.7328355 0.64213747
vt 0.7139422 0.65069014
vt 0.7335185 0.6516303
vt 0.7139422 0.65069014
vt 0.7335185 0.6516303
vt 0.7343458 0.6516576
vt 0.7343458 0.6516576
vt 0.7619077 0.6530464
vt 0.7619077 0.6530464
vt 0.7343458 0.6516576
vt 0.7619077 0.6530464
vt 0.76197904 0.6538551
vt 0.7344067 0.6524968
vt 0.735014 0.7287015
vt 0.7273232 0.69643086
vt 0.7273232 0.69643086
vt 0.735014 0.7287015
vt 0.68084955 0.7210371
vt 0.735014 0.7287015
vt 0.735014 0.7287015
vt 0.68084955 0.7210371
vt 0.7002832 0.6927968
vt 0.70098674 0.6917243
vt 0.70098674 0.6917243
vt 0.7002832 0.6927968
vt 0.87362 0.6261838
vt 0.8736669 0.62468076
vt 0.87499994 0.62468076
vt 0.873796 0.71247554
vt 0.875 0.712595
vt 0.8738663 0.7484027
vt 0.875 0.75
vt 0.8247166 0.74145955
vt 0.8248737 0.7428391
vt 0.78922576 0.736407
vt 0.7882365 0.7376052
vt 0.78347635 0.70370454
vt 0.7823076 0.70221084
vt 0.7961472 0.7053455
vt 0.7948129 0.70382345
vt 0.8221592 0.70871705
vt 0.82054687 0.70714194
vt 0.81724507 0.66925234
vt 0.8221592 0.70871705
vt 0.82054687 0.70714194
vt 0.81591713 0.66894555
vt 0.81311095 0.6457937
vt 0.8149839 0.64563614
vt 0.78811425 0.6260506
vt 0.7899325 0.64360964
vt 0.7881417 0.6449112
vt 0.78605556 0.6246807
vt 0.78797585 0.6246807
vt 0.7146665 0.6947958
vt 0.7002832 0.6927968
vt 0.70098674 0.6917243
vt 0.71474516 0.6934985
vt 0.7273232 0.69643086
vt 0.72795147 0.69520146
vt 0.735014 0.7287015
vt 0.73653865 0.7302198
vt 0.68084955 0.7210371
vt 0.6805554 0.72222215
vt 0.6453458 0.68574166
vt 0.64474237 0.68640906
vt 0.62594545 0.6664098
vt 0.625 0.6666666
vt 0.6258012 0.65545005
vt 0.625 0.6553931
vt 0.6258711 0.6482746
vt 0.625 0.64710706
vt 0.7581616 0.6258318
vt 0.7581408 0.62468064
vt 0.7592989 0.62468064
vt 0.75942886 0.642746
vt 0.76110566 0.6439557
vt 0.7328355 0.64213747
vt 0.73371637 0.6429877
vt 0.6843348 0.67603934
vt 0.6833147 0.6748641
vt 0.6852852 0.67514116
vt 0.6864089 0.676328
vt 0.6545298 0.67202044
vt 0.6455229 0.6568497
vt 0.646324 0.65690684
vt 0.65502787 0.67088777
vt 0.6833147 0.6748641
vt 0.6843348 0.67603934
vt 0.64775586 0.65276074
vt 0.6258711 0.6482746
vt 0.625 0.64710706
vt 0.6489436 0.65237004
vt 0.6455229 0.6568497
vt 0.646324 0.65690684
vt 0.7343458 0.6516576
vt 0.7344067 0.6524968
vt 0.7335185 0.6516303
vt 0.7139422 0.65069014
vt 0.71316195 0.6514502
vt 0.71343446 0.6422711
vt 0.71261036 0.6422418
vt 0.7126811 0.6257527
vt 0.7115106 0.62468064
vt 0.71268165 0.62468064
vt 0.64775586 0.65276074
vt 0.6258711 0.6482746
vt 0.6258711 0.6482746
vt 0.64775586 0.65276074
vt 0.70098674 0.6917243
vt 0.71474516 0.6934985
vt 0.70098674 0.6917243
vt 0.71474516 0.6934985
vt 0.45020127 0.43195024
vt 0.72795147 0.69520146
vt 0.72795147 0.69520146
vt 0.71474516 0.6934985
vt 0.72795147 0.69520146
vt 0.7961472 0.7053455
vt 0.78347635 0.70370454
vt 0.78347635 0.70370454
vt 0.7961472 0.7053455
vt 0.8221592 0.70871705
vt 0.8221592 0.70871705
vt 0.87362 0.6261838
vt 0.8736669 0.62468076
vt 0.8736669 0.62468076
vt 0.87362 0.6261838
vt 0.73371637 0.6429877
vt 0.7328355 0.64213747
vt 0.7328355 0.64213747
vt 0.73371637 0.6429877
vt 0.82054687 0.70714194
vt 0.81591713 0.66894555
vt 0.82054687 0.70714194
vt 0.81591713 0.66894555
vt 0.82054687 0.70714194
vt 0.81311095 0.6457937
vt 0.81591713 0.66894555
vt 0.81311095 0.6457937
vt 0.78347635 0.70370454
vt 0.78922576 0.736407
vt 0.78922576 0.736407
vt 0.78347635 0.70370454
vt 0.625 0.64710706
vt 0.64761853 0.6482214
vt 0.64761853 0.6482214
vt 0.625 0.64710706
vt 0.7923568 0.6672731
vt 0.7904302 0.6671364
vt 0.7904302 0.6671364
vt 0.7923568 0.6672731
vt 0.6453458 0.68574166
vt 0.68084955 0.7210371
vt 0.68084955 0.7210371
vt 0.6453458 0.68574166
vt 0.62594545 0.6664098
vt 0.62594545 0.6664098
vt 0.76197904 0.6538551
vt 0.76197904 0.6538551
vt 0.7619077 0.6530464
vt 0.7619077 0.6530464
vt 0.52714497 0.50673115
vt 0.5216383 0.50137925
vt 0.5216383 0.50137925
vt 0.52714497 0.50673115
vt 0.6852852 0.67514116
vt 0.52714497 0.50673115
vt 0.5216383 0.50137925
vt 0.6864089 0.676328
vt 0.375 0
vt 0.625 0
vt 0.625 0.25
vt 0.375 0.25
vt 0.375 0.25
vt 0.625 0.25
vt 0.625 0.5
vt 0.375 0.5
vt 0.375 0.5
vt 0.625 0.5
vt 0.625 0.75
vt 0.375 0.75
vt 0.375 0.75
vt 0.625 0.75
vt 0.625 1
vt 0.375 1
vt 0.32627663 0.7012768
vt 0.1737234 0.7012768
vt 0.1737234 0.7012768
vt 0.32627663 0.7012768
vt 0.625 0.5
vt 0.875 0.5
vt 0.875 0.75
vt 0.625 0.75
vt 0.375 0.5
vt 0.625 0.5
vt 0.625 0.75
vt 0.375 0.75
vt 0.875 0.75
vt 0.875 0.5
vt 0.625 0.25
vt 0.625 0.5
vt 0.625 0.5
vt 0.875 0.5
vt 0.875 0.75
vt 0.625 0.75
vt 0.375 0.25
vt 0.625 0.25
vt 0.625 0.5
vt 0.375 0.5
vt 0.17372322 0.5487232
vt 0.3262768 0.5487232
vt 0.3262768 0.5487232
vt 0.17372322 0.5487232
vt 0.375 0
vt 0.625 0
vt 0.625 0.25
vt 0.375 0.25
vt 0.375 0
vt 0.625 0
vt 0.625 0.25
vt 0.375 0.25
vt 0.375 0.25
vt 0.625 0.25
vt 0.625 0.5
vt 0.375 0.5
vt 0.375 0.5
vt 0.625 0.5
vt 0.625 0.75
vt 0.375 0.75
vt 0.375 0.75
vt 0.625 0.75
vt 0.625 1
vt 0.375 1
vt 0.17372346 0.7012766
vt 0.17372346 0.54872346
vt 0.17372346 0.54872346
vt 0.17372346 0.7012766
vt 0.625 0.5
vt 0.875 0.5
vt 0.875 0.75
vt 0.625 0.75
vt 0.375 0
vt 0.625 0
vt 0.625 0.25
vt 0.375 0.25
vt 0.375 0.25
vt 0.625 0.25
vt 0.625 0.5
vt 0.375 0.5
vt 0.375 0.5
vt 0.625 0.5
vt 0.625 0.75
vt 0.375 0.75
vt 0.375 0.75
vt 0.625 0.75
vt 0.625 1
vt 0.375 1
vt 0.32627684 0.5487232
vt 0.32627684 0.70127684
vt 0.32627684 0.70127684
vt 0.32627684 0.5487232
vt 0.625 0.5
vt 0.875 0.5
vt 0.875 0.75
vt 0.625 0.75
vt 0.375 0
vt 0.625 0
vt 0.625 0.25
vt 0.375 0.25
vt 0.375 0.25
vt 0.625 0.25
vt 0.625 0.5
vt 0.375 0.5
vt 0.375 0.5
vt 0.625 0.5
vt 0.625 0.75
vt 0.375 0.75
vt 0.375 0.75
vt 0.625 0.75
vt 0.625 1
vt 0.375 1
vt 0.17372322 0.7012768
vt 0.17372322 0.5487232
vt 0.17372322 0.5487232
vt 0.17372322 0.7012768
vt 0.625 0.5
vt 0.875 0.5
vt 0.875 0.75
vt 0.625 0.75
vt 0.375 0
vt 0.625 0
vt 0.625 0.25
vt 0.375 0.25
vt 0.375 0.25
vt 0.625 0.25
vt 0.625 0.5
vt 0.375 0.5
vt 0.375 0.5
vt 0.625 0.5
vt 0.625 0.75
vt 0.375 0.75
vt 0.375 0.75
vt 0.625 0.75
vt 0.625 1
vt 0.375 1
vt 0.32627657 0.7012766
vt 0.17372346 0.7012766
vt 0.17372346 0.7012766
vt 0.32627657 0.7012766
vt 0.625 0.5
vt 0.875 0.5
vt 0.875 0.75
vt 0.625 0.75
vt 0.375 0
vt 0.625 0
vt 0.625 0.25
vt 0.375 0.25
vt 0.375 0.25
vt 0.625 0.25
vt 0.625 0.5
vt 0.375 0.5
vt 0.375 0.5
vt 0.625 0.5
vt 0.625 0.75
vt 0.375 0.75
vt 0.375 0.75
vt 0.625 0.75
vt 0.625 1
vt 0.375 1
vt 0.1737234 0.54872316
vt 0.32627684 0.5487232
vt 0.32627684 0.5487232
vt 0.1737234 0.54872316
vt 0.625 0.5
vt 0.875 0.5
vt 0.875 0.75
vt 0.625 0.75
vt 0.375 0
vt 0.625 0
vt 0.625 0.25
vt 0.375 0.25
vt 0.375 0.25
vt 0.625 0.25
vt 0.625 0.5
vt 0.375 0.5
vt 0.375 0.5
vt 0.625 0.5
vt 0.625 0.75
vt 0.375 0.75
vt 0.375 0.75
vt 0.625 0.75
vt 0.625 1
vt 0.375 1
vt 0.32627678 0.7012768
vt 0.17372322 0.7012768
vt 0.17372322 0.7012768
vt 0.32627678 0.7012768
vt 0.625 0.5
vt 0.875 0.5
vt 0.875 0.75
vt 0.625 0.75
vt 0.42422676 0
vt 0.6742268 0
vt 0.6742268 0.25
vt 0.42422676 0.25
vt 0.375 0.29922676
vt 0.625 0.29922676
vt 0.625 0.54922676
vt 0.37500003 0.54922676
vt 0.375 0.5
vt 0.625 0.5
vt 0.625 0.75
vt 0.375 0.75
vt 0.37500003 0.70077336
vt 0.625 0.70077336
vt 0.625 0.95077324
vt 0.375 0.95077324
vt 0.1737234 0.70127666
vt 0.1737234 0.54872316
vt 0.1737234 0.54872316
vt 0.1737234 0.70127666
vt 0.625 0.5
vt 0.875 0.5
vt 0.875 0.75
vt 0.625 0.75
vt 0.375 0
vt 0.625 0
vt 0.625 0.25
vt 0.375 0.25
vt 0.375 0.25
vt 0.625 0.25
vt 0.625 0.5
vt 0.375 0.5
vt 0.375 0.5
vt 0.625 0.5
vt 0.625 0.75
vt 0.375 0.75
vt 0.375 0.75
vt 0.625 0.75
vt 0.625 1
vt 0.375 1
vt 0.32627678 0.54872346
vt 0.3262768 0.70127654
vt 0.3262768 0.70127654
vt 0.32627678 0.54872346
vt 0.625 0.5
vt 0.875 0.5
vt 0.875 0.75
vt 0.625 0.75
vt 0.375 0
vt 0.625 0
vt 0.625 0.25
vt 0.375 0.25
vt 0.375 0.25
vt 0.625 0.25
vt 0.625 0.5
vt 0.375 0.5
vt 0.375 0.5
vt 0.625 0.5
vt 0.625 0.75
vt 0.375 0.75
vt 0.375 0.75
vt 0.625 0.75
vt 0.625 1
vt 0.375 1
vt 0.32627684 0.70127684
vt 0.1737234 0.70127666
vt 0.1737234 0.70127666
vt 0.32627684 0.70127684
vt 0.625 0.5
vt 0.875 0.5
vt 0.875 0.75
vt 0.625 0.75
vt 0.375 0
vt 0.625 0
vt 0.625 0.25
vt 0.375 0.25
vt 0.375 0.25
vt 0.625 0.25
vt 0.625 0.5
vt 0.375 0.5
vt 0.375 0.5
vt 0.625 0.5
vt 0.625 0.75
vt 0.375 0.75
vt 0.375 0.75
vt 0.625 0.75
vt 0.625 1
vt 0.375 1
vt 0.17372325 0.54872346
vt 0.32627678 0.54872346
vt 0.32627678 0.54872346
vt 0.17372325 0.54872346
vt 0.625 0.5
vt 0.875 0.5
vt 0.875 0.75
vt 0.625 0.75
vt 0.375 0
vt 0.625 0
vt 0.625 0.25
vt 0.375 0.25
vt 0.375 0.25
vt 0.625 0.25
vt 0.625 0.5
vt 0.375 0.5
vt 0.375 0.5
vt 0.625 0.5
vt 0.625 0.75
vt 0.375 0.75
vt 0.375 0.75
vt 0.625 0.75
vt 0.625 1
vt 0.375 1
vt 0.3262768 0.5487232
vt 0.32627678 0.7012768
vt 0.32627678 0.7012768
vt 0.3262768 0.5487232
vt 0.625 0.5
vt 0.875 0.5
vt 0.875 0.75
vt 0.625 0.75
vt 0 0
vt 0.7328923 0.6429265
vt 0.7328355 0.64213747
vt 0 0
vt 0.375 0
vt 0.625 0
vt 0.625 0.25
vt 0.375 0.25
vt 0.375 0.25
vt 0.625 0.25
vt 0.625 0.5
vt 0.375 0.5
vt 0.375 0.5
vt 0.625 0.5
vt 0.625 0.75
vt 0.375 0.75
vt 0.375 0.75
vt 0.625 0.75
vt 0.625 1
vt 0.375 1
vt 0.17372322 0.70127654
vt 0.17372325 0.54872346
vt 0.17372325 0.54872346
vt 0.17372322 0.70127654
vt 0.625 0.5
vt 0.875 0.5
vt 0.875 0.75
vt 0.625 0.75
vt 0.375 0
vt 0.625 0
vt 0.625 0.25
vt 0.375 0.25
vt 0.375 0.25
vt 0.625 0.25
vt 0.625 0.5
vt 0.375 0.5
vt 0.375 0.5
vt 0.625 0.5
vt 0.625 0.75
vt 0.375 0.75
vt 0.375 0.75
vt 0.625 0.75
vt 0.625 1
vt 0.375 1
vt 0.17372322 0.5487232
vt 0.3262768 0.5487232
vt 0.3262768 0.5487232
vt 0.17372322 0.5487232
vt 0.625 0.5
vt 0.875 0.5
vt 0.875 0.75
vt 0.625 0.75
vt 0.625 0.5
vt 0.875 0.5
vt 0.875 0.75
vt 0.625 0.75
vt 0.3262768 0.70127654
vt 0.17372322 0.70127654
vt 0.17372322 0.70127654
vt 0.3262768 0.70127654
vt 0.37500003 0.70077336
vt 0.625 0.70077336
vt 0.625 0.95077324
vt 0.375 0.95077324
vt 0.375 0.5
vt 0.625 0.5
vt 0.625 0.75
vt 0.375 0.75
vt 0.375 0.29922676
vt 0.625 0.29922676
vt 0.625 0.54922676
vt 0.37500003 0.54922676
vt 0.42422676 0
vt 0.6742268 0
vt 0.6742268 0.25
vt 0.42422676 0.25
vt 0.17372346 0.54872346
vt 0.32627657 0.54872346
vt 0.32627657 0.7012766
vt 0.17372346 0.7012766
vt 0.17372346 0.5487232
vt 0.32627654 0.5487232
vt 0.32627657 0.7012768
vt 0.17372346 0.7012768
vt 0.17372344 0.5487232
vt 0.32627657 0.5487232
vt 0.32627654 0.7012768
vt 0.17372344 0.7012768
vt 0.17372325 0.54872346
vt 0.32627678 0.54872346
vt 0.3262768 0.70127654
vt 0.17372322 0.70127654
vt 0.17372322 0.5487232
vt 0.3262768 0.5487232
vt 0.32627678 0.7012768
vt 0.17372322 0.7012768
vt 0.1737234 0.54872316
vt 0.32627684 0.5487232
vt 0.32627684 0.70127684
vt 0.1737234 0.70127666
vt 0.1737234 0.5487232
vt 0.32627663 0.5487232
vt 0.32627663 0.7012768
vt 0.1737234 0.7012768
vt 0.124496475 0.5487235
vt 0.27705002 0.54872346
vt 0.27705002 0.7012765
vt 0.12449646 0.70127654
vt 0.17372324 0.54872346
vt 0.32627672 0.54872334
vt 0.3262768 0.70127684
vt 0.17372322 0.7012769
vt 0.17372346 0.54872346
vt 0.32627657 0.5487235
vt 0.32627657 0.7012768
vt 0.17372346 0.7012768
vt 0.17372346 0.54872346
vt 0.32627657 0.5487235
vt 0.32627657 0.7012766
vt 0.17372347 0.70127666
vt 0.17372325 0.54872346
vt 0.32627678 0.54872346
vt 0.3262768 0.70127654
vt 0.17372322 0.70127654
vt 0.17372322 0.5487232
vt 0.3262768 0.5487232
vt 0.32627678 0.7012768
vt 0.17372322 0.7012768
vt 0.1737231 0.54872316
vt 0.32627684 0.5487232
vt 0.32627684 0.7012768
vt 0.17372313 0.7012768
vt 0.124496475 0.5487235
vt 0.27705002 0.54872346
vt 0.27705002 0.7012768
vt 0.12449646 0.7012768
vt 0.17372346 0.54872346
vt 0.32627657 0.54872346
vt 0.32627657 0.54872346
vt 0.17372346 0.54872346
vt 0.3262768 0.5487232
vt 0.32627678 0.7012768
vt 0.32627678 0.7012768
vt 0.3262768 0.5487232
vt 0.1737234 0.7012768
vt 0.1737234 0.5487232
vt 0.1737234 0.5487232
vt 0.1737234 0.7012768
vt 0.32627657 0.54872346
vt 0.32627657 0.7012766
vt 0.32627657 0.7012766
vt 0.32627657 0.54872346
vt 0.32627684 0.7012768
vt 0.17372313 0.7012768
vt 0.17372313 0.7012768
vt 0.32627684 0.7012768
vt 0.1737234 0.5487232
vt 0.32627663 0.5487232
vt 0.32627663 0.5487232
vt 0.1737234 0.5487232
vt 0.17372313 0.7012768
vt 0.1737231 0.54872316
vt 0.1737231 0.54872316
vt 0.17372313 0.7012768
vt 0.32627663 0.5487232
vt 0.32627663 0.7012768
vt 0.32627663 0.7012768
vt 0.32627663 0.5487232
vt 0.1737231 0.54872316
vt 0.32627684 0.5487232
vt 0.32627684 0.5487232
vt 0.1737231 0.54872316
vt 0.27705002 0.7012765
vt 0.12449646 0.70127654
vt 0.12449646 0.70127654
vt 0.27705002 0.7012765
vt 0.32627684 0.5487232
vt 0.32627684 0.7012768
vt 0.32627684 0.7012768
vt 0.32627684 0.5487232
vt 0.12449646 0.70127654
vt 0.124496475 0.5487235
vt 0.124496475 0.5487235
vt 0.12449646 0.70127654
vt 0.27705002 0.54872346
vt 0.27705002 0.7012768
vt 0.27705002 0.7012768
vt 0.27705002 0.54872346
vt 0.124496475 0.5487235
vt 0.27705002 0.54872346
vt 0.27705002 0.54872346
vt 0.124496475 0.5487235
vt 0.32627657 0.7012768
vt 0.17372346 0.7012768
vt 0.17372346 0.7012768
vt 0.32627657 0.7012768
vt 0.124496475 0.5487235
vt 0.27705002 0.54872346
vt 0.27705002 0.54872346
vt 0.124496475 0.5487235
vt 0.27705002 0.54872346
vt 0.27705002 0.7012765
vt 0.27705002 0.7012765
vt 0.27705002 0.54872346
vt 0.17372346 0.7012768
vt 0.17372346 0.5487232
vt 0.17372346 0.5487232
vt 0.17372346 0.7012768
vt 0.12449646 0.7012768
vt 0.124496475 0.5487235
vt 0.124496475 0.5487235
vt 0.12449646 0.7012768
vt 0.3262768 0.70127684
vt 0.17372322 0.7012769
vt 0.17372322 0.7012769
vt 0.3262768 0.70127684
vt 0.17372346 0.5487232
vt 0.32627654 0.5487232
vt 0.32627654 0.5487232
vt 0.17372346 0.5487232
vt 0.27705002 0.7012768
vt 0.12449646 0.7012768
vt 0.12449646 0.7012768
vt 0.27705002 0.7012768
vt 0.17372322 0.7012769
vt 0.17372324 0.54872346
vt 0.17372324 0.54872346
vt 0.17372322 0.7012769
vt 0.32627654 0.5487232
vt 0.32627657 0.7012768
vt 0.32627657 0.7012768
vt 0.32627654 0.5487232
vt 0.17372324 0.54872346
vt 0.32627672 0.54872334
vt 0.32627672 0.54872334
vt 0.17372324 0.54872346
vt 0.32627654 0.7012768
vt 0.17372344 0.7012768
vt 0.17372344 0.7012768
vt 0.32627654 0.7012768
vt 0.32627672 0.54872334
vt 0.3262768 0.70127684
vt 0.3262768 0.70127684
vt 0.32627672 0.54872334
vt 0.17372344 0.7012768
vt 0.17372344 0.5487232
vt 0.17372344 0.5487232
vt 0.17372344 0.7012768
vt 0.32627657 0.7012768
vt 0.17372346 0.7012768
vt 0.17372346 0.7012768
vt 0.32627657 0.7012768
vt 0.17372344 0.5487232
vt 0.32627657 0.5487232
vt 0.32627657 0.5487232
vt 0.17372344 0.5487232
vt 0.17372346 0.7012768
vt 0.17372346 0.54872346
vt 0.17372346 0.54872346
vt 0.17372346 0.7012768
vt 0.32627657 0.5487232
vt 0.32627654 0.7012768
vt 0.32627654 0.7012768
vt 0.32627657 0.5487232
vt 0.17372346 0.54872346
vt 0.32627657 0.5487235
vt 0.32627657 0.5487235
vt 0.17372346 0.54872346
vt 0.3262768 0.70127654
vt 0.17372322 0.70127654
vt 0.17372322 0.70127654
vt 0.3262768 0.70127654
vt 0.32627657 0.5487235
vt 0.32627657 0.7012768
vt 0.32627657 0.7012768
vt 0.32627657 0.5487235
vt 0.17372322 0.70127654
vt 0.17372325 0.54872346
vt 0.17372325 0.54872346
vt 0.17372322 0.70127654
vt 0.32627657 0.7012766
vt 0.17372347 0.70127666
vt 0.17372347 0.70127666
vt 0.32627657 0.7012766
vt 0.17372325 0.54872346
vt 0.32627678 0.54872346
vt 0.32627678 0.54872346
vt 0.17372325 0.54872346
vt 0.17372347 0.70127666
vt 0.17372346 0.54872346
vt 0.17372346 0.54872346
vt 0.17372347 0.70127666
vt 0.32627678 0.54872346
vt 0.3262768 0.70127654
vt 0.3262768 0.70127654
vt 0.32627678 0.54872346
vt 0.17372346 0.54872346
vt 0.32627657 0.5487235
vt 0.32627657 0.5487235
vt 0.17372346 0.54872346
vt 0.32627678 0.7012768
vt 0.17372322 0.7012768
vt 0.17372322 0.7012768
vt 0.32627678 0.7012768
vt 0.32627657 0.5487235
vt 0.32627657 0.7012766
vt 0.32627657 0.7012766
vt 0.32627657 0.5487235
vt 0.17372322 0.7012768
vt 0.17372322 0.5487232
vt 0.17372322 0.5487232
vt 0.17372322 0.7012768
vt 0.375 0
vt 0.625 0
vt 0.625 0.25
vt 0.375 0.25
vt 0.375 0.25
vt 0.625 0.25
vt 0.625 0.5
vt 0.375 0.5
vt 0.375 0.5
vt 0.625 0.5
vt 0.625 0.75
vt 0.375 0.75
vt 0.375 0.75
vt 0.625 0.75
vt 0.625 1
vt 0.375 1
vt 0.625 0.5
vt 0.875 0.5
vt 0.875 0.75
vt 0.625 0.75
vt 0.17372346 0.54872346
vt 0.32627657 0.5487235
vt 0.32627657 0.7012766
vt 0.17372347 0.70127666
vt 0.32627657 0.7012766
vt 0.17372347 0.70127666
vt 0.17372347 0.70127666
vt 0.32627657 0.7012766
vt 0.17372347 0.70127666
vt 0.17372346 0.54872346
vt 0.17372346 0.54872346
vt 0.17372347 0.70127666
vt 0.17372346 0.54872346
vt 0.32627657 0.5487235
vt 0.32627657 0.5487235
vt 0.17372346 0.54872346
vt 0.32627657 0.5487235
vt 0.32627657 0.7012766
vt 0.32627657 0.7012766
vt 0.32627657 0.5487235
vt 0.375 0
vt 0.625 0
vt 0.625 0.25
vt 0.375 0.25
vt 0.375 0.25
vt 0.625 0.25
vt 0.625 0.5
vt 0.375 0.5
vt 0.375 0.5
vt 0.625 0.5
vt 0.625 0.75
vt 0.375 0.75
vt 0.375 0.75
vt 0.625 0.75
vt 0.625 1
vt 0.375 1
vt 0.625 0.5
vt 0.875 0.5
vt 0.875 0.75
vt 0.625 0.75
vt 0.375 0.75
vt 0.625 0.75
vt 0.625 1
vt 0.375 1
vt 0.625 0.5
vt 0.875 0.5
vt 0.875 0.75
vt 0.625 0.75
vt 0.375 0.25
vt 0.625 0.25
vt 0.625 0.5
vt 0.375 0.5
vt 0.375 0.5
vt 0.625 0.5
vt 0.625 0.75
vt 0.375 0.75
vt 0.875 0.75
vt 0.875 0.5
vt 0.625 0.25
vt 0.625 0.5
vt 0.875 0.75
vt 0.875 0.5
vt 0.625 0.25
vt 0.625 0.5
vt 0.375 0.75
vt 0.625 0.75
vt 0.625 1
vt 0.375 1
vt 0.375 0
vt 0.625 0
vt 0.625 0.25
vt 0.375 0.25
vt 0.375 0.5
vt 0.625 0.5
vt 0.625 0.75
vt 0.375 0.75
vt 0.875 0.75
vt 0.875 0.5
vt 0.625 0.25
vt 0.625 0.5
vt 0.625 0.5
vt 0.875 0.5
vt 0.875 0.75
vt 0.625 0.75
vt 0.375 0.25
vt 0.625 0.25
vt 0.625 0.5
vt 0.375 0.5
vt 0.375 0
vt 0.625 0
vt 0.625 0.25
vt 0.375 0.25
vt 0.375 0
vt 0.625 0
vt 0.625 0.25
vt 0.375 0.25
vt 0.375 0.25
vt 0.625 0.25
vt 0.625 0.5
vt 0.375 0.5
vt 0.375 0.5
vt 0.625 0.5
vt 0.625 0.75
vt 0.375 0.75
vt 0.375 0.75
vt 0.625 0.75
vt 0.625 1
vt 0.375 1
vt 0.625 0.5
vt 0.875 0.5
vt 0.875 0.75
vt 0.625 0.75
vt 0.375 0.75
vt 0.625 0.75
vt 0.625 1
vt 0.375 1
vt 0.625 0.5
vt 0.875 0.5
vt 0.875 0.75
vt 0.625 0.75
vt 0.375 0.25
vt 0.625 0.25
vt 0.625 0.5
vt 0.375 0.5
vt 0.375 0.5
vt 0.625 0.5
vt 0.625 0.75
vt 0.375 0.75
vt 0.875 0.75
vt 0.875 0.5
vt 0.625 0.25
vt 0.625 0.5
vt 0.875 0.75
vt 0.875 0.5
vt 0.625 0.25
vt 0.625 0.5
vt 0.375 0.75
vt 0.625 0.75
vt 0.625 1
vt 0.375 1
vt 0.375 0
vt 0.625 0
vt 0.625 0.25
vt 0.375 0.25
vt 0.375 0
vt 0.625 0
vt 0.625 0.25
vt 0.375 0.25
vt 0.375 0.25
vt 0.625 0.25
vt 0.625 0.5
vt 0.375 0.5
vt 0.875 0.75
vt 0.875 0.5
vt 0.625 0.25
vt 0.625 0.5
vt 0.375 0.75
vt 0.625 0.75
vt 0.625 1
vt 0.375 1
vt 0.375 0.5
vt 0.625 0.5
vt 0.625 0.75
vt 0.375 0.75
vt 0.625 0.5
vt 0.875 0.5
vt 0.875 0.75
vt 0.625 0.75
vt 0.375 0.25
vt 0.625 0.25
vt 0.625 0.5
vt 0.375 0.5
vt 0.375 0
vt 0.625 0
vt 0.625 0.25
vt 0.375 0.25
vt 0.625 0.5
vt 0.875 0.5
vt 0.875 0.75
vt 0.625 0.75
vt 0.375 0.75
vt 0.625 0.75
vt 0.625 1
vt 0.375 1
vt 0.875 0.75
vt 0.875 0.5
vt 0.625 0.25
vt 0.625 0.5
vt 0.375 0.5
vt 0.625 0.5
vt 0.625 0.75
vt 0.375 0.75
vt 0.375 0
vt 0.625 0
vt 0.625 0.25
vt 0.375 0.25
vt 0.375 0.25
vt 0.625 0.25
vt 0.625 0.5
vt 0.375 0.5
vt 0.875 0.75
vt 0.875 0.5
vt 0.625 0.25
vt 0.625 0.5
vt 0.375 0.75
vt 0.625 0.75
vt 0.625 1
vt 0.375 1
vt 0.375 0.5
vt 0.625 0.5
vt 0.625 0.75
vt 0.375 0.75
vt 0.625 0.5
vt 0.875 0.5
vt 0.875 0.75
vt 0.625 0.75
vt 0.375 0.25
vt 0.625 0.25
vt 0.625 0.5
vt 0.375 0.5
vt 0.375 0
vt 0.625 0
vt 0.625 0.25
vt 0.375 0.25
vt 0.625 0.5
vt 0.875 0.5
vt 0.875 0.75
vt 0.625 0.75
vt 0.375 0.75
vt 0.625 0.75
vt 0.625 1
vt 0.375 1
vt 0.875 0.75
vt 0.875 0.5
vt 0.625 0.25
vt 0.625 0.5
vt 0.375 0.5
vt 0.625 0.5
vt 0.625 0.75
vt 0.375 0.75
vt 0.375 0
vt 0.625 0
vt 0.625 0.25
vt 0.375 0.25
vt 0.375 0.25
vt 0.625 0.25
vt 0.625 0.5
vt 0.375 0.5
vt 0.875 0.75
vt 0.875 0.5
vt 0.625 0.25
vt 0.625 0.5
vt 0.375 0.75
vt 0.625 0.75
vt 0.625 1
vt 0.375 1
vt 0.375 0.5
vt 0.625 0.5
vt 0.625 0.75
vt 0.375 0.75
vt 0.625 0.5
vt 0.875 0.5
vt 0.875 0.75
vt 0.625 0.75
vt 0.375 0
vt 0.625 0
vt 0.625 0.25
vt 0.375 0.25
vt 0.375 0.25
vt 0.625 0.25
vt 0.625 0.5
vt 0.375 0.5
vt 0.875 0.75
vt 0.875 0.5
vt 0.625 0.25
vt 0.625 0.5
vt 0.375 0.75
vt 0.625 0.75
vt 0.625 1
vt 0.375 1
vt 0.375 0.5
vt 0.625 0.5
vt 0.625 0.75
vt 0.375 0.75
vt 0.625 0.5
vt 0.875 0.5
vt 0.875 0.75
vt 0.625 0.75
vt 0.375 0
vt 0.625 0
vt 0.625 0.25
vt 0.375 0.25
vt 0.375 0.25
vt 0.625 0.25
vt 0.625 0.5
vt 0.375 0.5
vt 0.875 0.75
vt 0.875 0.5
vt 0.625 0.25
vt 0.625 0.5
vt 0.375 0.75
vt 0.625 0.75
vt 0.625 1
vt 0.375 1
vt 0.375 0.5
vt 0.625 0.5
vt 0.625 0.75
vt 0.375 0.75
vt 0.625 0.5
vt 0.875 0.5
vt 0.875 0.75
vt 0.625 0.75
vt 0.375 0
vt 0.625 0
vt 0.625 0.25
vt 0.375 0.25
vt 0.375 0.25
vt 0.625 0.25
vt 0.625 0.5
vt 0.375 0.5
vt 0.875 0.75
vt 0.875 0.5
vt 0.625 0.25
vt 0.625 0.5
vt 0.375 0.75
vt 0.625 0.75
vt 0.625 1
vt 0.375 1
vt 0.375 0.5
vt 0.625 0.5
vt 0.625 0.75
vt 0.375 0.75
vt 0.625 0.5
vt 0.875 0.5
vt 0.875 0.75
vt 0.625 0.75
vt 0.375 0
vt 0.625 0
vt 0.625 0.25
vt 0.375 0.25
vt 0.375 0.25
vt 0.625 0.25
vt 0.625 0.5
vt 0.375 0.5
vt 0.875 0.75
vt 0.875 0.5
vt 0.625 0.25
vt 0.625 0.5
vt 0.375 0.75
vt 0.625 0.75
vt 0.625 1
vt 0.375 1
vt 0.375 0.5
vt 0.625 0.5
vt 0.625 0.75
vt 0.375 0.75
vt 0.625 0.5
vt 0.875 0.5
vt 0.875 0.75
vt 0.625 0.75
vt 0.375 0
vt 0.625 0
vt 0.625 0.25
vt 0.375 0.25
vt 0.375 0.25
vt 0.625 0.25
vt 0.625 0.5
vt 0.375 0.5
vt 0.875 0.75
vt 0.875 0.5
vt 0.625 0.25
vt 0.625 0.5
vt 0.375 0.75
vt 0.625 0.75
vt 0.625 1
vt 0.375 1
vt 0.375 0.5
vt 0.625 0.5
vt 0.625 0.75
vt 0.375 0.75
vt 0.625 0.5
vt 0.875 0.5
vt 0.875 0.75
vt 0.625 0.75
vt 0.375 0
vt 0.625 0
vt 0.625 0.25
vt 0.375 0.25
vt 0.375 0.25
vt 0.625 0.25
vt 0.625 0.5
vt 0.375 0.5
vt 0.875 0.75
vt 0.875 0.5
vt 0.625 0.25
vt 0.625 0.5
vt 0.375 0.75
vt 0.625 0.75
vt 0.625 1
vt 0.375 1
vt 0.375 0.5
vt 0.625 0.5
vt 0.625 0.75
vt 0.375 0.75
vt 0.625 0.5
vt 0.875 0.5
vt 0.875 0.75
vt 0.625 0.75
vt 0.375 0
vt 0.625 0
vt 0.625 0.25
vt 0.375 0.25
vt 0.375 0.25
vt 0.625 0.25
vt 0.625 0.5
vt 0.375 0.5
vt 0.875 0.75
vt 0.875 0.5
vt 0.625 0.25
vt 0.625 0.5
vt 0.375 0.75
vt 0.625 0.75
vt 0.625 1
vt 0.375 1
vt 0.375 0.5
vt 0.625 0.5
vt 0.625 0.75
vt 0.375 0.75
vt 0.625 0.5
vt 0.875 0.5
vt 0.875 0.75
vt 0.625 0.75
vt 0.375 0.5
vt 0.625 0.5
vt 0.625 0.75
vt 0.375 0.75
vt 0.375 0.75
vt 0.625 0.75
vt 0.625 1
vt 0.375 1
vt 0.375 0
vt 0.625 0
vt 0.625 0.25
vt 0.375 0.25
vt 0.875 0.75
vt 0.875 0.5
vt 0.625 0.25
vt 0.625 0.5
vt 0.375 0.25
vt 0.625 0.25
vt 0.625 0.5
vt 0.375 0.5
vt 0.625 0.5
vt 0.875 0.5
vt 0.875 0.75
vt 0.625 0.75
vt 0.375 0
vt 0.625 0
vt 0.625 0.25
vt 0.375 0.25
vt 0.375 0.25
vt 0.625 0.25
vt 0.625 0.5
vt 0.375 0.5
vt 0.875 0.75
vt 0.875 0.5
vt 0.625 0.25
vt 0.625 0.5
vt 0.375 0.75
vt 0.625 0.75
vt 0.625 1
vt 0.375 1
vt 0.375 0.5
vt 0.625 0.5
vt 0.625 0.75
vt 0.375 0.75
vt 0.625 0.5
vt 0.875 0.5
vt 0.875 0.75
vt 0.625 0.75
vt 0.375 0
vt 0.625 0
vt 0.625 0.25
vt 0.375 0.25
vt 0.375 0.25
vt 0.625 0.25
vt 0.625 0.5
vt 0.375 0.5
vt 0.875 0.75
vt 0.875 0.5
vt 0.625 0.25
vt 0.625 0.5
vt 0.375 0.75
vt 0.625 0.75
vt 0.625 1
vt 0.375 1
vt 0.375 0.5
vt 0.625 0.5
vt 0.625 0.75
vt 0.375 0.75
vt 0.625 0.5
vt 0.875 0.5
vt 0.875 0.75
vt 0.625 0.75
vt 0.375 0
vt 0.625 0
vt 0.625 0.25
vt 0.375 0.25
vt 0.375 0.25
vt 0.625 0.25
vt 0.625 0.5
vt 0.375 0.5
vt 0.875 0.75
vt 0.875 0.5
vt 0.625 0.25
vt 0.625 0.5
vt 0.375 0.75
vt 0.625 0.75
vt 0.625 1
vt 0.375 1
vt 0.375 0.5
vt 0.625 0.5
vt 0.625 0.75
vt 0.375 0.75
vt 0.625 0.5
vt 0.875 0.5
vt 0.875 0.75
vt 0.625 0.75
vt 0.375 0
vt 0.625 0
vt 0.625 0.25
vt 0.375 0.25
vt 0.375 0.25
vt 0.625 0.25
vt 0.625 0.5
vt 0.375 0.5
vt 0.875 0.75
vt 0.875 0.5
vt 0.625 0.25
vt 0.625 0.5
vt 0.375 0.75
vt 0.625 0.75
vt 0.625 1
vt 0.375 1
vt 0.375 0.5
vt 0.625 0.5
vt 0.625 0.75
vt 0.375 0.75
vt 0.625 0.5
vt 0.875 0.5
vt 0.875 0.75
vt 0.625 0.75
vt 0.375 0
vt 0.625 0
vt 0.625 0.25
vt 0.375 0.25
vt 0.375 0.25
vt 0.625 0.25
vt 0.625 0.5
vt 0.375 0.5
vt 0.875 0.75
vt 0.875 0.5
vt 0.625 0.25
vt 0.625 0.5
vt 0.375 0.75
vt 0.625 0.75
vt 0.625 1
vt 0.375 1
vt 0.375 0.5
vt 0.625 0.5
vt 0.625 0.75
vt 0.375 0.75
vt 0.625 0.5
vt 0.875 0.5
vt 0.875 0.75
vt 0.625 0.75
vt 0.375 0
vt 0.625 0
vt 0.625 0.25
vt 0.375 0.25
vt 0.375 0.25
vt 0.625 0.25
vt 0.625 0.5
vt 0.375 0.5
vt 0.875 0.75
vt 0.875 0.5
vt 0.625 0.25
vt 0.625 0.5
vt 0.375 0.75
vt 0.625 0.75
vt 0.625 1
vt 0.375 1
vt 0.375 0.5
vt 0.625 0.5
vt 0.625 0.75
vt 0.375 0.75
vt 0.625 0.5
vt 0.875 0.5
vt 0.875 0.75
vt 0.625 0.75
vt 0.32627657 0.5487235
vt 0.125 0.5
vt 0.375 0.5
vt 0.17372346 0.54872346
vt 0.32627657 0.7012766
vt 0.125 0.75
vt 0.375 0.75
vt 0.17372347 0.70127666
vt 0.124496475 0.5487235
vt 0.12449646 0.7012768
vt 0.07577325 0.75000006
vt 0.07577325 0.5
vt 0.3257732 0.74999994
vt 0.27705002 0.54872346
vt 0.27705002 0.7012768
vt 0.32577324 0.5
vt 0.32627684 0.5487232
vt 0.125 0.5
vt 0.375 0.5
vt 0.1737231 0.54872316
vt 0.32627684 0.7012768
vt 0.125 0.75
vt 0.375 0.75
vt 0.17372313 0.7012768
vt 0.3262768 0.5487232
vt 0.125 0.5
vt 0.375 0.5
vt 0.17372322 0.5487232
vt 0.32627678 0.7012768
vt 0.125 0.75
vt 0.375 0.75
vt 0.17372322 0.7012768
vt 0.32627678 0.54872346
vt 0.125 0.5
vt 0.375 0.5
vt 0.17372325 0.54872346
vt 0.3262768 0.70127654
vt 0.125 0.75
vt 0.375 0.75
vt 0.17372322 0.70127654
vt 0.32627657 0.5487235
vt 0.125 0.5
vt 0.375 0.5
vt 0.17372346 0.54872346
vt 0.32627657 0.7012766
vt 0.125 0.75
vt 0.375 0.75
vt 0.17372347 0.70127666
vt 0.32627657 0.5487235
vt 0.125 0.5
vt 0.375 0.5
vt 0.17372346 0.54872346
vt 0.32627657 0.7012768
vt 0.125 0.75
vt 0.375 0.75
vt 0.17372346 0.7012768
vt 0.32627672 0.54872334
vt 0.125 0.5
vt 0.375 0.5
vt 0.17372324 0.54872346
vt 0.3262768 0.70127684
vt 0.125 0.75
vt 0.375 0.75
vt 0.17372322 0.7012769
vt 0.27705002 0.54872346
vt 0.07577325 0.5
vt 0.32577324 0.5
vt 0.124496475 0.5487235
vt 0.27705002 0.7012765
vt 0.07577325 0.75000006
vt 0.3257732 0.74999994
vt 0.12449646 0.70127654
vt 0.32627663 0.5487232
vt 0.125 0.5
vt 0.375 0.5
vt 0.1737234 0.5487232
vt 0.32627663 0.7012768
vt 0.125 0.75
vt 0.375 0.75
vt 0.1737234 0.7012768
vt 0.32627684 0.5487232
vt 0.125 0.5
vt 0.375 0.5
vt 0.1737234 0.54872316
vt 0.32627684 0.70127684
vt 0.125 0.75
vt 0.375 0.75
vt 0.1737234 0.70127666
vt 0.3262768 0.5487232
vt 0.125 0.5
vt 0.375 0.5
vt 0.17372322 0.5487232
vt 0.32627678 0.7012768
vt 0.125 0.75
vt 0.375 0.75
vt 0.17372322 0.7012768
vt 0.32627678 0.54872346
vt 0.125 0.5
vt 0.375 0.5
vt 0.17372325 0.54872346
vt 0.3262768 0.70127654
vt 0.125 0.75
vt 0.375 0.75
vt 0.17372322 0.70127654
vt 0.32627657 0.5487232
vt 0.125 0.5
vt 0.375 0.5
vt 0.17372344 0.5487232
vt 0.32627654 0.7012768
vt 0.125 0.75
vt 0.375 0.75
vt 0.17372344 0.7012768
vt 0.32627654 0.5487232
vt 0.125 0.5
vt 0.375 0.5
vt 0.17372346 0.5487232
vt 0.32627657 0.7012768
vt 0.125 0.75
vt 0.375 0.75
vt 0.17372346 0.7012768
vt 0.32627657 0.54872346
vt 0.125 0.5
vt 0.375 0.5
vt 0.17372346 0.54872346
vt 0.32627657 0.7012766
vt 0.125 0.75
vt 0.375 0.75
vt 0.17372346 0.7012766
vt 0.32627657 0.5487235
vt 0.375 0.5
vt 0.125 0.5
vt 0.17372346 0.54872346
vt 0.32627657 0.7012766
vt 0.125 0.75
vt 0.375 0.75
vt 0.17372347 0.70127666
vt 0.124496475 0.5487235
vt 0.07577325 0.5
vt 0.07577325 0.75000006
vt 0.27705002 0.54872346
vt 0.12449646 0.7012768
vt 0.32577324 0.5
vt 0.3257732 0.74999994
vt 0.27705002 0.7012768
vt 0.32627684 0.5487232
vt 0.375 0.5
vt 0.125 0.5
vt 0.1737231 0.54872316
vt 0.32627684 0.7012768
vt 0.125 0.75
vt 0.375 0.75
vt 0.17372313 0.7012768
vt 0.3262768 0.5487232
vt 0.375 0.5
vt 0.125 0.5
vt 0.17372322 0.5487232
vt 0.32627678 0.7012768
vt 0.125 0.75
vt 0.375 0.75
vt 0.17372322 0.7012768
vt 0.32627678 0.54872346
vt 0.375 0.5
vt 0.125 0.5
vt 0.17372325 0.54872346
vt 0.3262768 0.70127654
vt 0.125 0.75
vt 0.375 0.75
vt 0.17372322 0.70127654
vt 0.32627657 0.5487235
vt 0.375 0.5
vt 0.125 0.5
vt 0.17372346 0.54872346
vt 0.32627657 0.7012766
vt 0.125 0.75
vt 0.375 0.75
vt 0.17372347 0.70127666
vt 0.32627657 0.5487235
vt 0.375 0.5
vt 0.125 0.5
vt 0.17372346 0.54872346
vt 0.32627657 0.7012768
vt 0.125 0.75
vt 0.375 0.75
vt 0.17372346 0.7012768
vt 0.32627672 0.54872334
vt 0.375 0.5
vt 0.125 0.5
vt 0.17372324 0.54872346
vt 0.3262768 0.70127684
vt 0.125 0.75
vt 0.375 0.75
vt 0.17372322 0.7012769
vt 0.27705002 0.54872346
vt 0.32577324 0.5
vt 0.07577325 0.5
vt 0.124496475 0.5487235
vt 0.27705002 0.7012765
vt 0.07577325 0.75000006
vt 0.3257732 0.74999994
vt 0.12449646 0.70127654
vt 0.32627663 0.5487232
vt 0.375 0.5
vt 0.125 0.5
vt 0.1737234 0.5487232
vt 0.32627663 0.7012768
vt 0.125 0.75
vt 0.375 0.75
vt 0.1737234 0.7012768
vt 0.32627684 0.5487232
vt 0.375 0.5
vt 0.125 0.5
vt 0.1737234 0.54872316
vt 0.32627684 0.70127684
vt 0.125 0.75
vt 0.375 0.75
vt 0.1737234 0.70127666
vt 0.3262768 0.5487232
vt 0.375 0.5
vt 0.125 0.5
vt 0.17372322 0.5487232
vt 0.32627678 0.7012768
vt 0.125 0.75
vt 0.375 0.75
vt 0.17372322 0.7012768
vt 0.32627678 0.54872346
vt 0.375 0.5
vt 0.125 0.5
vt 0.17372325 0.54872346
vt 0.3262768 0.70127654
vt 0.125 0.75
vt 0.375 0.75
vt 0.17372322 0.70127654
vt 0.32627657 0.5487232
vt 0.375 0.5
vt 0.125 0.5
vt 0.17372344 0.5487232
vt 0.32627654 0.7012768
vt 0.125 0.75
vt 0.375 0.75
vt 0.17372344 0.7012768
vt 0.32627654 0.5487232
vt 0.375 0.5
vt 0.125 0.5
vt 0.17372346 0.5487232
vt 0.32627657 0.7012768
vt 0.125 0.75
vt 0.375 0.75
vt 0.17372346 0.7012768
vt 0.32627657 0.54872346
vt 0.375 0.5
vt 0.125 0.5
vt 0.17372346 0.54872346
vt 0.32627657 0.7012766
vt 0.125 0.75
vt 0.375 0.75
vt 0.17372346 0.7012766
vt 0.81070817 0.6260953
vt 0.8148675 0.6444204
vt 0.8149839 0.64563614
vt 0.69734746 0.66052884
vt 0.6695837 0.658558
vt 0.33479184 0.329279
vt 0.16000135 0.15736671
vt 0.33479184 0.329279
vt 0.646324 0.65690684
vt 0.8148675 0.6444204
vt 0.81311095 0.6457937
vt 0.8149839 0.64563614
vt 0.81724507 0.66925234
vt 0.87362 0.6261838
vt 0.81070817 0.6260953
vt 0.8221592 0.70871705
vt 0.8736669 0.62468076
vt 0.81055194 0.6246807
vt 0.78797585 0.6246807
vt 0.78811425 0.6260506
vt 0.8148675 0.6444204
vt 0.7899325 0.64360964
vt 0.790052 0.64497876
vt 0.81311095 0.6457937
vt 0.873796 0.71247554
vt 0.8247166 0.74145955
vt 0.8738663 0.7484027
vt 0.7961472 0.7053455
vt 0.78347635 0.70370454
vt 0.78922576 0.736407
vt 0.8149839 0.64563614
vt 0.8148675 0.6444204
vt 0.81070817 0.6260953
vt 0.33479184 0.329279
vt 0.6695837 0.658558
vt 0.69734746 0.66052884
vt 0.16000135 0.15736671
vt 0.646324 0.65690684
vt 0.33479184 0.329279
vt 0.8148675 0.6444204
vt 0.8149839 0.64563614
vt 0.81311095 0.6457937
vt 0.87362 0.6261838
vt 0.81724507 0.66925234
vt 0.8221592 0.70871705
vt 0.81070817 0.6260953
vt 0.873796 0.71247554
vt 0.8736669 0.62468076
vt 0.8247166 0.74145955
vt 0.8738663 0.7484027
vt 0.81055194 0.6246807
vt 0.78797585 0.6246807
vt 0.78811425 0.6260506
vt 0.8148675 0.6444204
vt 0.7899325 0.64360964
vt 0.790052 0.64497876
vt 0.81311095 0.6457937
vt 0.78922576 0.736407
vt 0.78347635 0.70370454
vt 0.7961472 0.7053455
vt 0.8221592 0.70871705
vt 0.73653865 0.7302198
vt 0.7882365 0.7376052
vt 0.7823076 0.70221084
vt 0.72795147 0.69520146
vt 0.7948129 0.70382345
vt 0.7904302 0.6671364
vt 0.72795147 0.69520146
vt 0.71374464 0.6791059
vt 0.71264946 0.67786515
vt 0.69734746 0.66052884
vt 0.7948129 0.70382345
vt 0.82054687 0.70714194
vt 0.7923568 0.6672731
vt 0.81591713 0.66894555
vt 0.6695837 0.658558
vt 0.71316195 0.6514502
vt 0.6779153 0.6497139
vt 0.7344067 0.6524968
vt 0.7904302 0.6671364
vt 0.76197904 0.6538551
vt 0.7892007 0.65519613
vt 0.71261036 0.6422418
vt 0.672191 0.6494318
vt 0.67945266 0.64106995
vt 0.7115106 0.62468064
vt 0.6787329 0.62468064
vt 0.7619077 0.6530464
vt 0.7892007 0.65519613
vt 0.76110566 0.6439557
vt 0.7881417 0.6449112
vt 0.78605556 0.6246807
vt 0.7592989 0.62468064
vt 0.6592238 0.62468064
vt 0.6596031 0.64036846
vt 0.67945266 0.64106995
vt 0.62499994 0.6391455
vt 0.62499994 0.62468064
vt 0.625 0.64710706
vt 0.6476185 0.6482213
vt 0.672191 0.6494318
vt 0.735014 0.7287015
vt 0.7273232 0.69643086
vt 0.7146665 0.6947958
vt 0.7002832 0.6927968
vt 0.6994334 0.6926787
vt 0.70098674 0.6917243
vt 0.68084955 0.7210371
vt 0.6633451 0.6881671
vt 0.6453458 0.68574166
vt 0.6545298 0.67202044
vt 0.62594545 0.6664098
vt 0.6258012 0.65545005
vt 0.62594545 0.6664098
vt 0.6455229 0.6568497
vt 0.6258711 0.6482746
vt 0.6455229 0.6568497
vt 0.64775586 0.65276074
vt 0.6994334 0.6926787
vt 0.6545298 0.67202044
vt 0.6633451 0.6881671
vt 0.6843348 0.67603934
vt 0.6864089 0.676328
vt 0.70098674 0.6917243
vt 0.646324 0.65690684
vt 0.6695837 0.658558
vt 0.6779153 0.6497139
vt 0.65677583 0.64867246
vt 0.7328355 0.64213747
vt 0.75942886 0.642746
vt 0.7581616 0.6258318
vt 0.7126811 0.6257527
vt 0.7581408 0.62468064
vt 0.71268165 0.62468064
vt 0.71343446 0.6422711
vt 0.7328923 0.6429265
vt 0.7335185 0.6516303
vt 0.7139422 0.65069014
vt 0.73371637 0.6429877
vt 0.7343458 0.6516576
vt 0.76110566 0.6439557
vt 0.73371637 0.6429877
vt 0.7343458 0.6516576
vt 0.7619077 0.6530464
vt 0.33479184 0.329279
vt 0.52714497 0.50673115
vt 0.69734746 0.66052884
vt 0.71264946 0.67786515
vt 0.45020127 0.43195024
vt 0.72795147 0.69520146
vt 0.71374464 0.6791059
vt 0.5216383 0.50137925
vt 0.71374464 0.6791059
vt 0.71264946 0.67786515
vt 0.52714497 0.50673115
vt 0.5216383 0.50137925
vt 0.6864089 0.676328
vt 0.70098674 0.6917243
vt 0.45020127 0.43195024
vt 0.5216383 0.50137925
vt 0.7923568 0.6672731
vt 0.81591713 0.66894555
vt 0.81311095 0.6457937
vt 0.790052 0.64497876
vt 0.375 0
vt 0.375 0.25
vt 0.625 0.25
vt 0.625 0
vt 0.375 0.25
vt 0.375 0.5
vt 0.625 0.5
vt 0.625 0.25
vt 0.375 0.5
vt 0.375 0.75
vt 0.625 0.75
vt 0.625 0.5
vt 0.375 0.75
vt 0.375 1
vt 0.625 1
vt 0.625 0.75
vt 0.125 0.5
vt 0.125 0.75
vt 0.375 0.75
vt 0.375 0.5
vt 0.625 0.5
vt 0.625 0.75
vt 0.875 0.75
vt 0.875 0.5
vt 0.375 0
vt 0.375 0.25
vt 0.625 0.25
vt 0.625 0
vt 0.375 0.25
vt 0.375 0.5
vt 0.625 0.5
vt 0.625 0.25
vt 0.375 0.5
vt 0.375 0.75
vt 0.625 0.75
vt 0.625 0.5
vt 0.375 0.75
vt 0.375 1
vt 0.625 1
vt 0.625 0.75
vt 0.125 0.5
vt 0.125 0.75
vt 0.375 0.75
vt 0.375 0.5
vt 0.625 0.5
vt 0.625 0.75
vt 0.875 0.75
vt 0.875 0.5
vt 0.375 0.1395885
vt 0.375 0.25
vt 0.625 0.25
vt 0.625 0.1395885
vt 0.375 0.11041149
vt 0.625 0.110411495
vt 0.375 0
vt 0.625 0
vt 0.375 0.25
vt 0.375 0.5
vt 0.625 0.5
vt 0.625 0.25
vt 0.375 0.6395885
vt 0.375 0.75
vt 0.625 0.75
vt 0.625 0.6395885
vt 0.375 0.61041147
vt 0.625 0.6104115
vt 0.375 0.5
vt 0.625 0.5
vt 0.375 0.75
vt 0.375 1
vt 0.625 1
vt 0.625 0.75
vt 0.125 0.6395885
vt 0.125 0.75
vt 0.375 0.75
vt 0.375 0.6395885
vt 0.125 0.61041147
vt 0.375 0.61041147
vt 0.125 0.5
vt 0.375 0.5
vt 0.625 0.6395885
vt 0.625 0.75
vt 0.875 0.75
vt 0.875 0.6395885
vt 0.625 0.6104115
vt 0.875 0.61041147
vt 0.625 0.5
vt 0.875 0.5
vt 0.375 0.08793106
vt 0.375 0.25
vt 0.625 0.25
vt 0.625 0.08793106
vt 0.375 0
vt 0.625 0
vt 0.375 0.25
vt 0.375 0.5
vt 0.625 0.5
vt 0.625 0.25
vt 0.375 0.66206896
vt 0.375 0.75
vt 0.625 0.75
vt 0.5595521 0.66206896
vt 0.375 0.5
vt 0.625 0.5
vt 0.375 0.75
vt 0.375 1
vt 0.625 1
vt 0.625 0.75
vt 0.125 0.66206896
vt 0.125 0.75
vt 0.375 0.75
vt 0.375 0.66206896
vt 0.125 0.5
vt 0.375 0.5
vt 0.5595521 0.66206896
vt 0.625 0.75
vt 0.875 0.75
vt 0.875 0.66206896
vt 0.625 0.5
vt 0.875 0.5
vt 0.375 0
vt 0.375 0.25
vt 0.625 0.25
vt 0.625 0
vt 0.375 0.25
vt 0.375 0.5
vt 0.625 0.5
vt 0.625 0.25
vt 0.375 0.5
vt 0.375 0.75
vt 0.625 0.75
vt 0.625 0.5
vt 0.375 0.75
vt 0.375 1
vt 0.625 1
vt 0.625 0.75
vt 0.125 0.5
vt 0.125 0.75
vt 0.375 0.75
vt 0.375 0.5
vt 0.625 0.5
vt 0.625 0.75
vt 0.875 0.75
vt 0.875 0.5
vt 0.375 0
vt 0.375 0.25
vt 0.625 0.25
vt 0.625 0
vt 0.375 0.25
vt 0.375 0.5
vt 0.625 0.5
vt 0.625 0.25
vt 0.375 0.5
vt 0.375 0.75
vt 0.625 0.75
vt 0.625 0.5
vt 0.375 0.75
vt 0.375 1
vt 0.625 1
vt 0.625 0.75
vt 0.125 0.5
vt 0.125 0.75
vt 0.375 0.75
vt 0.375 0.5
vt 0.625 0.5
vt 0.625 0.75
vt 0.875 0.75
vt 0.875 0.5
vt 0.375 0.20254396
vt 0.375 0.25
vt 0.625 0.25
vt 0.625 0.20254394
vt 0.375 0
vt 0.625 0
vt 0.375 0.25
vt 0.375 0.5
vt 0.625 0.5
vt 0.625 0.25
vt 0.375 0.547456
vt 0.375 0.75
vt 0.625 0.75
vt 0.625 0.547456
vt 0.375 0.5
vt 0.625 0.5
vt 0.375 0.75
vt 0.375 1
vt 0.625 1
vt 0.625 0.75
vt 0.125 0.547456
vt 0.125 0.75
vt 0.375 0.75
vt 0.375 0.547456
vt 0.125 0.5
vt 0.375 0.5
vt 0.625 0.547456
vt 0.625 0.75
vt 0.875 0.75
vt 0.875 0.547456
vt 0.625 0.5
vt 0.875 0.5
vt 0.375 0
vt 0.375 0.25
vt 0.625 0.25
vt 0.625 0
vt 0.375 0.25
vt 0.375 0.5
vt 0.625 0.5
vt 0.625 0.25
vt 0.375 0.5
vt 0.375 0.75
vt 0.625 0.75
vt 0.625 0.5
vt 0.375 0.75
vt 0.375 1
vt 0.625 1
vt 0.625 0.75
vt 0.125 0.5
vt 0.125 0.75
vt 0.375 0.75
vt 0.375 0.5
vt 0.625 0.5
vt 0.625 0.75
vt 0.875 0.75
vt 0.875 0.5
vt 0.375 0
vt 0.375 0.25
vt 0.625 0.25
vt 0.625 0
vt 0.375 0.25
vt 0.375 0.5
vt 0.625 0.5
vt 0.625 0.25
vt 0.375 0.5
vt 0.375 0.75
vt 0.625 0.75
vt 0.625 0.5
vt 0.375 0.75
vt 0.375 1
vt 0.625 1
vt 0.625 0.75
vt 0.125 0.5
vt 0.125 0.75
vt 0.375 0.75
vt 0.375 0.5
vt 0.625 0.5
vt 0.625 0.75
vt 0.875 0.75
vt 0.875 0.5
vt 0.375 0
vt 0.375 0.25
vt 0.625 0.25
vt 0.625 0
vt 0.375 0.25
vt 0.375 0.5
vt 0.625 0.5
vt 0.625 0.25
vt 0.375 0.5
vt 0.375 0.75
vt 0.625 0.75
vt 0.625 0.5
vt 0.375 0.75
vt 0.375 1
vt 0.625 1
vt 0.625 0.75
vt 0.125 0.5
vt 0.125 0.75
vt 0.375 0.75
vt 0.375 0.5
vt 0.625 0.5
vt 0.625 0.75
vt 0.875 0.75
vt 0.875 0.5
vt 0.375 0
vt 0.375 0.25
vt 0.625 0.25
vt 0.625 0
vt 0.375 0.25
vt 0.375 0.5
vt 0.625 0.5
vt 0.625 0.25
vt 0.375 0.5
vt 0.375 0.75
vt 0.625 0.75
vt 0.625 0.5
vt 0.375 0.75
vt 0.375 1
vt 0.625 1
vt 0.625 0.75
vt 0.125 0.5
vt 0.125 0.75
vt 0.375 0.75
vt 0.375 0.5
vt 0.625 0.5
vt 0.625 0.75
vt 0.875 0.75
vt 0.875 0.5
vt 0.375 0
vt 0.375 0.25
vt 0.625 0.25
vt 0.625 0
vt 0.375 0.25
vt 0.375 0.5
vt 0.625 0.5
vt 0.625 0.25
vt 0.375 0.5
vt 0.375 0.75
vt 0.625 0.75
vt 0.625 0.5
vt 0.375 0.75
vt 0.375 1
vt 0.625 1
vt 0.625 0.75
vt 0.125 0.5
vt 0.125 0.75
vt 0.375 0.75
vt 0.375 0.5
vt 0.625 0.5
vt 0.625 0.75
vt 0.875 0.75
vt 0.875 0.5
vt 0.375 0
vt 0.375 0.25
vt 0.625 0.25
vt 0.625 0
vt 0.375 0.25
vt 0.375 0.5
vt 0.625 0.5
vt 0.625 0.25
vt 0.375 0.5
vt 0.375 0.75
vt 0.625 0.75
vt 0.625 0.5
vt 0.375 0.75
vt 0.375 1
vt 0.625 1
vt 0.625 0.75
vt 0.125 0.5
vt 0.125 0.75
vt 0.375 0.75
vt 0.375 0.5
vt 0.625 0.5
vt 0.625 0.75
vt 0.875 0.75
vt 0.875 0.5
vt 0.375 0.1395885
vt 0.375 0.25
vt 0.625 0.25
vt 0.625 0.1395885
vt 0.375 0.11041149
vt 0.625 0.110411495
vt 0.375 0
vt 0.625 0
vt 0.375 0.25
vt 0.375 0.5
vt 0.625 0.5
vt 0.625 0.25
vt 0.375 0.6395885
vt 0.375 0.75
vt 0.625 0.75
vt 0.625 0.6395885
vt 0.375 0.61041147
vt 0.625 0.6104115
vt 0.375 0.5
vt 0.625 0.5
vt 0.375 0.75
vt 0.375 1
vt 0.625 1
vt 0.625 0.75
vt 0.125 0.6395885
vt 0.125 0.75
vt 0.375 0.75
vt 0.375 0.6395885
vt 0.125 0.61041147
vt 0.375 0.61041147
vt 0.125 0.5
vt 0.375 0.5
vt 0.625 0.6395885
vt 0.625 0.75
vt 0.875 0.75
vt 0.875 0.6395885
vt 0.625 0.6104115
vt 0.875 0.61041147
vt 0.625 0.5
vt 0.875 0.5
vt 0.375 0.08793106
vt 0.375 0.25
vt 0.625 0.25
vt 0.625 0.08793106
vt 0.375 0
vt 0.625 0
vt 0.375 0.25
vt 0.375 0.5
vt 0.625 0.5
vt 0.625 0.25
vt 0.375 0.66206896
vt 0.375 0.75
vt 0.625 0.75
vt 0.5595521 0.66206896
vt 0.375 0.5
vt 0.625 0.5
vt 0.375 0.75
vt 0.375 1
vt 0.625 1
vt 0.625 0.75
vt 0.125 0.66206896
vt 0.125 0.75
vt 0.375 0.75
vt 0.375 0.66206896
vt 0.125 0.5
vt 0.375 0.5
vt 0.5595521 0.66206896
vt 0.625 0.75
vt 0.875 0.75
vt 0.875 0.66206896
vt 0.625 0.5
vt 0.875 0.5
vt 0.375 0
vt 0.375 0.25
vt 0.625 0.25
vt 0.625 0
vt 0.375 0.25
vt 0.375 0.5
vt 0.625 0.5
vt 0.625 0.25
vt 0.375 0.5
vt 0.375 0.75
vt 0.625 0.75
vt 0.625 0.5
vt 0.375 0.75
vt 0.375 1
vt 0.625 1
vt 0.625 0.75
vt 0.125 0.5
vt 0.125 0.75
vt 0.375 0.75
vt 0.375 0.5
vt 0.625 0.5
vt 0.625 0.75
vt 0.875 0.75
vt 0.875 0.5
vt 0.375 0
vt 0.375 0.25
vt 0.625 0.25
vt 0.625 0
vt 0.375 0.25
vt 0.375 0.5
vt 0.625 0.5
vt 0.625 0.25
vt 0.375 0.5
vt 0.375 0.75
vt 0.625 0.75
vt 0.625 0.5
vt 0.375 0.75
vt 0.375 1
vt 0.625 1
vt 0.625 0.75
vt 0.125 0.5
vt 0.125 0.75
vt 0.375 0.75
vt 0.375 0.5
vt 0.625 0.5
vt 0.625 0.75
vt 0.875 0.75
vt 0.875 0.5
vt 0.375 0.20254396
vt 0.375 0.25
vt 0.625 0.25
vt 0.625 0.20254394
vt 0.375 0
vt 0.625 0
vt 0.375 0.25
vt 0.375 0.5
vt 0.625 0.5
vt 0.625 0.25
vt 0.375 0.547456
vt 0.375 0.75
vt 0.625 0.75
vt 0.625 0.547456
vt 0.375 0.5
vt 0.625 0.5
vt 0.375 0.75
vt 0.375 1
vt 0.625 1
vt 0.625 0.75
vt 0.125 0.547456
vt 0.125 0.75
vt 0.375 0.75
vt 0.375 0.547456
vt 0.125 0.5
vt 0.375 0.5
vt 0.625 0.547456
vt 0.625 0.75
vt 0.875 0.75
vt 0.875 0.547456
vt 0.625 0.5
vt 0.875 0.5
vt 0.375 0
vt 0.375 0.25
vt 0.625 0.25
vt 0.625 0
vt 0.375 0.25
vt 0.375 0.5
vt 0.625 0.5
vt 0.625 0.25
vt 0.375 0.5
vt 0.375 0.75
vt 0.625 0.75
vt 0.625 0.5
vt 0.375 0.75
vt 0.375 1
vt 0.625 1
vt 0.625 0.75
vt 0.125 0.5
vt 0.125 0.75
vt 0.375 0.75
vt 0.375 0.5
vt 0.625 0.5
vt 0.625 0.75
vt 0.875 0.75
vt 0.875 0.5
vt 0.375 0
vt 0.375 0.25
vt 0.625 0.25
vt 0.625 0
vt 0.375 0.25
vt 0.375 0.5
vt 0.625 0.5
vt 0.625 0.25
vt 0.375 0.5
vt 0.375 0.75
vt 0.625 0.75
vt 0.625 0.5
vt 0.375 0.75
vt 0.375 1
vt 0.625 1
vt 0.625 0.75
vt 0.125 0.5
vt 0.125 0.75
vt 0.375 0.75
vt 0.375 0.5
vt 0.625 0.5
vt 0.625 0.75
vt 0.875 0.75
vt 0.875 0.5
vt 0.375 0
vt 0.375 0.25
vt 0.625 0.25
vt 0.625 0
vt 0.375 0.25
vt 0.375 0.5
vt 0.625 0.5
vt 0.625 0.25
vt 0.375 0.5
vt 0.375 0.75
vt 0.625 0.75
vt 0.625 0.5
vt 0.375 0.75
vt 0.375 1
vt 0.625 1
vt 0.625 0.75
vt 0.125 0.5
vt 0.125 0.75
vt 0.375 0.75
vt 0.375 0.5
vt 0.625 0.5
vt 0.625 0.75
vt 0.875 0.75
vt 0.875 0.5
vt 0.375 0
vt 0.375 0.25
vt 0.625 0.25
vt 0.625 0
vt 0.375 0.25
vt 0.375 0.5
vt 0.625 0.5
vt 0.625 0.25
vt 0.375 0.5
vt 0.375 0.75
vt 0.625 0.75
vt 0.625 0.5
vt 0.375 0.75
vt 0.375 1
vt 0.625 1
vt 0.625 0.75
vt 0.125 0.5
vt 0.125 0.75
vt 0.375 0.75
vt 0.375 0.5
vt 0.625 0.5
vt 0.625 0.75
vt 0.875 0.75
vt 0.875 0.5
vt 0.375 0
vt 0.375 0.25
vt 0.625 0.25
vt 0.625 0
vt 0.375 0.25
vt 0.375 0.5
vt 0.625 0.5
vt 0.625 0.25
vt 0.375 0.5
vt 0.375 0.75
vt 0.625 0.75
vt 0.625 0.5
vt 0.375 0.75
vt 0.375 1
vt 0.625 1
vt 0.625 0.75
vt 0.125 0.5
vt 0.125 0.75
vt 0.375 0.75
vt 0.375 0.5
vt 0.625 0.5
vt 0.625 0.75
vt 0.875 0.75
vt 0.875 0.5
vt 0.375 0
vt 0.375 0.25
vt 0.625 0.25
vt 0.625 0
vt 0.375 0.25
vt 0.375 0.5
vt 0.625 0.5
vt 0.625 0.25
vt 0.375 0.5
vt 0.375 0.75
vt 0.625 0.75
vt 0.625 0.5
vt 0.375 0.75
vt 0.375 1
vt 0.625 1
vt 0.625 0.75
vt 0.125 0.5
vt 0.125 0.75
vt 0.375 0.75
vt 0.375 0.5
vt 0.625 0.5
vt 0.625 0.75
vt 0.875 0.75
vt 0.875 0.5
vt 0.375 0.1395885
vt 0.375 0.25
vt 0.625 0.25
vt 0.625 0.1395885
vt 0.375 0.11041149
vt 0.625 0.110411495
vt 0.375 0
vt 0.625 0
vt 0.375 0.25
vt 0.375 0.5
vt 0.625 0.5
vt 0.625 0.25
vt 0.375 0.6395885
vt 0.375 0.75
vt 0.625 0.75
vt 0.625 0.6395885
vt 0.375 0.61041147
vt 0.625 0.6104115
vt 0.375 0.5
vt 0.625 0.5
vt 0.375 0.75
vt 0.375 1
vt 0.625 1
vt 0.625 0.75
vt 0.125 0.6395885
vt 0.125 0.75
vt 0.375 0.75
vt 0.375 0.6395885
vt 0.125 0.61041147
vt 0.375 0.61041147
vt 0.125 0.5
vt 0.375 0.5
vt 0.625 0.6395885
vt 0.625 0.75
vt 0.875 0.75
vt 0.875 0.6395885
vt 0.625 0.6104115
vt 0.875 0.61041147
vt 0.625 0.5
vt 0.875 0.5
vt 0.375 0.08793106
vt 0.375 0.25
vt 0.625 0.25
vt 0.625 0.08793106
vt 0.375 0
vt 0.625 0
vt 0.375 0.25
vt 0.375 0.5
vt 0.625 0.5
vt 0.625 0.25
vt 0.375 0.66206896
vt 0.375 0.75
vt 0.625 0.75
vt 0.5595521 0.66206896
vt 0.375 0.5
vt 0.625 0.5
vt 0.375 0.75
vt 0.375 1
vt 0.625 1
vt 0.625 0.75
vt 0.125 0.66206896
vt 0.125 0.75
vt 0.375 0.75
vt 0.375 0.66206896
vt 0.125 0.5
vt 0.375 0.5
vt 0.5595521 0.66206896
vt 0.625 0.75
vt 0.875 0.75
vt 0.875 0.66206896
vt 0.625 0.5
vt 0.875 0.5
vt 0.375 0
vt 0.375 0.25
vt 0.625 0.25
vt 0.625 0
vt 0.375 0.25
vt 0.375 0.5
vt 0.625 0.5
vt 0.625 0.25
vt 0.375 0.5
vt 0.375 0.75
vt 0.625 0.75
vt 0.625 0.5
vt 0.375 0.75
vt 0.375 1
vt 0.625 1
vt 0.625 0.75
vt 0.125 0.5
vt 0.125 0.75
vt 0.375 0.75
vt 0.375 0.5
vt 0.625 0.5
vt 0.625 0.75
vt 0.875 0.75
vt 0.875 0.5
vt 0.375 0
vt 0.375 0.25
vt 0.625 0.25
vt 0.625 0
vt 0.375 0.25
vt 0.375 0.5
vt 0.625 0.5
vt 0.625 0.25
vt 0.375 0.5
vt 0.375 0.75
vt 0.625 0.75
vt 0.625 0.5
vt 0.375 0.75
vt 0.375 1
vt 0.625 1
vt 0.625 0.75
vt 0.125 0.5
vt 0.125 0.75
vt 0.375 0.75
vt 0.375 0.5
vt 0.625 0.5
vt 0.625 0.75
vt 0.875 0.75
vt 0.875 0.5
vt 0.375 0.20254396
vt 0.375 0.25
vt 0.625 0.25
vt 0.625 0.20254394
vt 0.375 0
vt 0.625 0
vt 0.375 0.25
vt 0.375 0.5
vt 0.625 0.5
vt 0.625 0.25
vt 0.375 0.547456
vt 0.375 0.75
vt 0.625 0.75
vt 0.625 0.547456
vt 0.375 0.5
vt 0.625 0.5
vt 0.375 0.75
vt 0.375 1
vt 0.625 1
vt 0.625 0.75
vt 0.125 0.547456
vt 0.125 0.75
vt 0.375 0.75
vt 0.375 0.547456
vt 0.125 0.5
vt 0.375 0.5
vt 0.625 0.547456
vt 0.625 0.75
vt 0.875 0.75
vt 0.875 0.547456
vt 0.625 0.5
vt 0.875 0.5
vt 0.375 0
vt 0.375 0.25
vt 0.625 0.25
vt 0.625 0
vt 0.375 0.25
vt 0.375 0.5
vt 0.625 0.5
vt 0.625 0.25
vt 0.375 0.5
vt 0.375 0.75
vt 0.625 0.75
vt 0.625 0.5
vt 0.375 0.75
vt 0.375 1
vt 0.625 1
vt 0.625 0.75
vt 0.125 0.5
vt 0.125 0.75
vt 0.375 0.75
vt 0.375 0.5
vt 0.625 0.5
vt 0.625 0.75
vt 0.875 0.75
vt 0.875 0.5
vt 0.375 0
vt 0.375 0.25
vt 0.625 0.25
vt 0.625 0
vt 0.375 0.25
vt 0.375 0.5
vt 0.625 0.5
vt 0.625 0.25
vt 0.375 0.5
vt 0.375 0.75
vt 0.625 0.75
vt 0.625 0.5
vt 0.375 0.75
vt 0.375 1
vt 0.625 1
vt 0.625 0.75
vt 0.125 0.5
vt 0.125 0.75
vt 0.375 0.75
vt 0.375 0.5
vt 0.625 0.5
vt 0.625 0.75
vt 0.875 0.75
vt 0.875 0.5
vt 0.375 0
vt 0.375 0.25
vt 0.625 0.25
vt 0.625 0
vt 0.375 0.25
vt 0.375 0.5
vt 0.625 0.5
vt 0.625 0.25
vt 0.375 0.5
vt 0.375 0.75
vt 0.625 0.75
vt 0.625 0.5
vt 0.375 0.75
vt 0.375 1
vt 0.625 1
vt 0.625 0.75
vt 0.125 0.5
vt 0.125 0.75
vt 0.375 0.75
vt 0.375 0.5
vt 0.625 0.5
vt 0.625 0.75
vt 0.875 0.75
vt 0.875 0.5
vt 0.375 0
vt 0.375 0.25
vt 0.625 0.25
vt 0.625 0
vt 0.375 0.25
vt 0.375 0.5
vt 0.625 0.5
vt 0.625 0.25
vt 0.375 0.5
vt 0.375 0.75
vt 0.625 0.75
vt 0.625 0.5
vt 0.375 0.75
vt 0.375 1
vt 0.625 1
vt 0.625 0.75
vt 0.125 0.5
vt 0.125 0.75
vt 0.375 0.75
vt 0.375 0.5
vt 0.625 0.5
vt 0.625 0.75
vt 0.875 0.75
vt 0.875 0.5
vt 0.73653865 0.7302198
vt 0.7823076 0.70221084
vt 0.7882365 0.7376052
vt 0.72795147 0.69520146
vt 0.7823076 0.70221084
vt 0.71374464 0.6791059
vt 0.71264946 0.67786515
vt 0.7904302 0.6671364
vt 0.7948129 0.70382345
vt 0.69734746 0.66052884
vt 0.7344067 0.6524968
vt 0.76197904 0.6538551
vt 0.7892007 0.65519613
vt 0.71316195 0.6514502
vt 0.6695837 0.658558
vt 0.6779153 0.6497139
vt 0.7892007 0.65519613
vt 0.7619077 0.6530464
vt 0.76110566 0.6439557
vt 0.7881417 0.6449112
vt 0.78605556 0.6246807
vt 0.7592989 0.62468064
vt 0.71261036 0.6422418
vt 0.672191 0.6494318
vt 0.67945266 0.64106995
vt 0.7115106 0.62468064
vt 0.6787329 0.62468064
vt 0.67945266 0.64106995
vt 0.6596031 0.64036846
vt 0.6592238 0.62468064
vt 0.6476185 0.6482213
vt 0.672191 0.6494318
vt 0.625 0.64710706
vt 0.62499994 0.6391455
vt 0.62499994 0.62468064
vt 0.82054687 0.70714194
vt 0.7948129 0.70382345
vt 0.7904302 0.6671364
vt 0.7923568 0.6672731
vt 0.81591713 0.66894555
vt 0.7146665 0.6947958
vt 0.7273232 0.69643086
vt 0.735014 0.7287015
vt 0.7002832 0.6927968
vt 0.6994334 0.6926787
vt 0.70098674 0.6917243
vt 0.68084955 0.7210371
vt 0.6633451 0.6881671
vt 0.6453458 0.68574166
vt 0.6545298 0.67202044
vt 0.62594545 0.6664098
vt 0.6258012 0.65545005
vt 0.6455229 0.6568497
vt 0.62594545 0.6664098
vt 0.6258711 0.6482746
vt 0.6455229 0.6568497
vt 0.64775586 0.65276074
vt 0.6994334 0.6926787
vt 0.6633451 0.6881671
vt 0.6545298 0.67202044
vt 0.6843348 0.67603934
vt 0.6864089 0.676328
vt 0.70098674 0.6917243
vt 0.646324 0.65690684
vt 0.65677583 0.64867246
vt 0.6779153 0.6497139
vt 0.6695837 0.658558
vt 0.7581616 0.6258318
vt 0.75942886 0.642746
vt 0.7328355 0.64213747
vt 0.7126811 0.6257527
vt 0.7581408 0.62468064
vt 0.71268165 0.62468064
vt 0.71343446 0.6422711
vt 0.7328923 0.6429265
vt 0.7335185 0.6516303
vt 0.7139422 0.65069014
vt 0.73371637 0.6429877
vt 0.7343458 0.6516576
vt 0.76110566 0.6439557
vt 0.7619077 0.6530464
vt 0.7343458 0.6516576
vt 0.73371637 0.6429877
vt 0.69734746 0.66052884
vt 0.52714497 0.50673115
vt 0.33479184 0.329279
vt 0.71264946 0.67786515
vt 0.45020127 0.43195024
vt 0.5216383 0.50137925
vt 0.71374464 0.6791059
vt 0.72795147 0.69520146
vt 0.71374464 0.6791059
vt 0.5216383 0.50137925
vt 0.52714497 0.50673115
vt 0.71264946 0.67786515
vt 0.6864089 0.676328
vt 0.5216383 0.50137925
vt 0.45020127 0.43195024
vt 0.70098674 0.6917243
vt 0.7923568 0.6672731
vt 0.790052 0.64497876
vt 0.81311095 0.6457937
vt 0.81591713 0.66894555
vt 0.375 0
vt 0.625 0
vt 0.625 0.25
vt 0.375 0.25
vt 0.375 0.25
vt 0.625 0.25
vt 0.625 0.5
vt 0.375 0.5
vt 0.375 0.5
vt 0.625 0.5
vt 0.625 0.75
vt 0.375 0.75
vt 0.375 0.75
vt 0.625 0.75
vt 0.625 1
vt 0.375 1
vt 0.125 0.5
vt 0.375 0.5
vt 0.375 0.75
vt 0.125 0.75
vt 0.625 0.5
vt 0.875 0.5
vt 0.875 0.75
vt 0.625 0.75
vt 0.375 0
vt 0.625 0
vt 0.625 0.25
vt 0.375 0.25
vt 0.375 0.25
vt 0.625 0.25
vt 0.625 0.5
vt 0.375 0.5
vt 0.375 0.5
vt 0.625 0.5
vt 0.625 0.75
vt 0.375 0.75
vt 0.375 0.75
vt 0.625 0.75
vt 0.625 1
vt 0.375 1
vt 0.125 0.5
vt 0.375 0.5
vt 0.375 0.75
vt 0.125 0.75
vt 0.625 0.5
vt 0.875 0.5
vt 0.875 0.75
vt 0.625 0.75
vt 0.375 0.1395885
vt 0.625 0.25
vt 0.375 0.25
vt 0.625 0.1395885
vt 0.375 0.11041149
vt 0.625 0.110411495
vt 0.375 0
vt 0.625 0
vt 0.375 0.25
vt 0.625 0.25
vt 0.625 0.5
vt 0.375 0.5
vt 0.375 0.6395885
vt 0.625 0.75
vt 0.375 0.75
vt 0.625 0.6395885
vt 0.375 0.61041147
vt 0.625 0.6104115
vt 0.375 0.5
vt 0.625 0.5
vt 0.375 0.75
vt 0.625 0.75
vt 0.625 1
vt 0.375 1
vt 0.125 0.6395885
vt 0.375 0.75
vt 0.125 0.75
vt 0.375 0.6395885
vt 0.125 0.61041147
vt 0.375 0.61041147
vt 0.125 0.5
vt 0.375 0.5
vt 0.625 0.6395885
vt 0.875 0.75
vt 0.625 0.75
vt 0.875 0.6395885
vt 0.625 0.6104115
vt 0.875 0.61041147
vt 0.625 0.5
vt 0.875 0.5
vt 0.375 0.08793106
vt 0.625 0.25
vt 0.375 0.25
vt 0.625 0.08793106
vt 0.375 0
vt 0.625 0
vt 0.375 0.25
vt 0.625 0.25
vt 0.625 0.5
vt 0.375 0.5
vt 0.375 0.66206896
vt 0.625 0.75
vt 0.375 0.75
vt 0.5595521 0.66206896
vt 0.375 0.5
vt 0.625 0.5
vt 0.375 0.75
vt 0.625 0.75
vt 0.625 1
vt 0.375 1
vt 0.125 0.66206896
vt 0.375 0.75
vt 0.125 0.75
vt 0.375 0.66206896
vt 0.125 0.5
vt 0.375 0.5
vt 0.5595521 0.66206896
vt 0.875 0.75
vt 0.625 0.75
vt 0.875 0.66206896
vt 0.625 0.5
vt 0.875 0.5
vt 0.375 0
vt 0.625 0
vt 0.625 0.25
vt 0.375 0.25
vt 0.375 0.25
vt 0.625 0.25
vt 0.625 0.5
vt 0.375 0.5
vt 0.375 0.5
vt 0.625 0.5
vt 0.625 0.75
vt 0.375 0.75
vt 0.375 0.75
vt 0.625 0.75
vt 0.625 1
vt 0.375 1
vt 0.125 0.5
vt 0.375 0.5
vt 0.375 0.75
vt 0.125 0.75
vt 0.625 0.5
vt 0.875 0.5
vt 0.875 0.75
vt 0.625 0.75
vt 0.375 0
vt 0.625 0
vt 0.625 0.25
vt 0.375 0.25
vt 0.375 0.25
vt 0.625 0.25
vt 0.625 0.5
vt 0.375 0.5
vt 0.375 0.5
vt 0.625 0.5
vt 0.625 0.75
vt 0.375 0.75
vt 0.375 0.75
vt 0.625 0.75
vt 0.625 1
vt 0.375 1
vt 0.125 0.5
vt 0.375 0.5
vt 0.375 0.75
vt 0.125 0.75
vt 0.625 0.5
vt 0.875 0.5
vt 0.875 0.75
vt 0.625 0.75
vt 0.375 0.20254396
vt 0.625 0.25
vt 0.375 0.25
vt 0.625 0.20254394
vt 0.375 0
vt 0.625 0
vt 0.375 0.25
vt 0.625 0.25
vt 0.625 0.5
vt 0.375 0.5
vt 0.375 0.547456
vt 0.625 0.75
vt 0.375 0.75
vt 0.625 0.547456
vt 0.375 0.5
vt 0.625 0.5
vt 0.375 0.75
vt 0.625 0.75
vt 0.625 1
vt 0.375 1
vt 0.125 0.547456
vt 0.375 0.75
vt 0.125 0.75
vt 0.375 0.547456
vt 0.125 0.5
vt 0.375 0.5
vt 0.625 0.547456
vt 0.875 0.75
vt 0.625 0.75
vt 0.875 0.547456
vt 0.625 0.5
vt 0.875 0.5
vt 0.375 0
vt 0.625 0
vt 0.625 0.25
vt 0.375 0.25
vt 0.375 0.25
vt 0.625 0.25
vt 0.625 0.5
vt 0.375 0.5
vt 0.375 0.5
vt 0.625 0.5
vt 0.625 0.75
vt 0.375 0.75
vt 0.375 0.75
vt 0.625 0.75
vt 0.625 1
vt 0.375 1
vt 0.125 0.5
vt 0.375 0.5
vt 0.375 0.75
vt 0.125 0.75
vt 0.625 0.5
vt 0.875 0.5
vt 0.875 0.75
vt 0.625 0.75
vt 0.375 0
vt 0.625 0
vt 0.625 0.25
vt 0.375 0.25
vt 0.375 0.25
vt 0.625 0.25
vt 0.625 0.5
vt 0.375 0.5
vt 0.375 0.5
vt 0.625 0.5
vt 0.625 0.75
vt 0.375 0.75
vt 0.375 0.75
vt 0.625 0.75
vt 0.625 1
vt 0.375 1
vt 0.125 0.5
vt 0.375 0.5
vt 0.375 0.75
vt 0.125 0.75
vt 0.625 0.5
vt 0.875 0.5
vt 0.875 0.75
vt 0.625 0.75
vt 0.375 0
vt 0.625 0
vt 0.625 0.25
vt 0.375 0.25
vt 0.375 0.25
vt 0.625 0.25
vt 0.625 0.5
vt 0.375 0.5
vt 0.375 0.5
vt 0.625 0.5
vt 0.625 0.75
vt 0.375 0.75
vt 0.375 0.75
vt 0.625 0.75
vt 0.625 1
vt 0.375 1
vt 0.125 0.5
vt 0.375 0.5
vt 0.375 0.75
vt 0.125 0.75
vt 0.625 0.5
vt 0.875 0.5
vt 0.875 0.75
vt 0.625 0.75
vt 0.375 0
vt 0.625 0
vt 0.625 0.25
vt 0.375 0.25
vt 0.375 0.25
vt 0.625 0.25
vt 0.625 0.5
vt 0.375 0.5
vt 0.375 0.5
vt 0.625 0.5
vt 0.625 0.75
vt 0.375 0.75
vt 0.375 0.75
vt 0.625 0.75
vt 0.625 1
vt 0.375 1
vt 0.125 0.5
vt 0.375 0.5
vt 0.375 0.75
vt 0.125 0.75
vt 0.625 0.5
vt 0.875 0.5
vt 0.875 0.75
vt 0.625 0.75
vt 0.375 0
vt 0.625 0
vt 0.625 0.25
vt 0.375 0.25
vt 0.375 0.25
vt 0.625 0.25
vt 0.625 0.5
vt 0.375 0.5
vt 0.375 0.5
vt 0.625 0.5
vt 0.625 0.75
vt 0.375 0.75
vt 0.375 0.75
vt 0.625 0.75
vt 0.625 1
vt 0.375 1
vt 0.125 0.5
vt 0.375 0.5
vt 0.375 0.75
vt 0.125 0.75
vt 0.625 0.5
vt 0.875 0.5
vt 0.875 0.75
vt 0.625 0.75
vt 0.375 0
vt 0.625 0
vt 0.625 0.25
vt 0.375 0.25
vt 0.375 0.25
vt 0.625 0.25
vt 0.625 0.5
vt 0.375 0.5
vt 0.375 0.5
vt 0.625 0.5
vt 0.625 0.75
vt 0.375 0.75
vt 0.375 0.75
vt 0.625 0.75
vt 0.625 1
vt 0.375 1
vt 0.125 0.5
vt 0.375 0.5
vt 0.375 0.75
vt 0.125 0.75
vt 0.625 0.5
vt 0.875 0.5
vt 0.875 0.75
vt 0.625 0.75
vt 0.375 0.1395885
vt 0.625 0.25
vt 0.375 0.25
vt 0.625 0.1395885
vt 0.375 0.11041149
vt 0.625 0.110411495
vt 0.375 0
vt 0.625 0
vt 0.375 0.25
vt 0.625 0.25
vt 0.625 0.5
vt 0.375 0.5
vt 0.375 0.6395885
vt 0.625 0.75
vt 0.375 0.75
vt 0.625 0.6395885
vt 0.375 0.61041147
vt 0.625 0.6104115
vt 0.375 0.5
vt 0.625 0.5
vt 0.375 0.75
vt 0.625 0.75
vt 0.625 1
vt 0.375 1
vt 0.125 0.6395885
vt 0.375 0.75
vt 0.125 0.75
vt 0.375 0.6395885
vt 0.125 0.61041147
vt 0.375 0.61041147
vt 0.125 0.5
vt 0.375 0.5
vt 0.625 0.6395885
vt 0.875 0.75
vt 0.625 0.75
vt 0.875 0.6395885
vt 0.625 0.6104115
vt 0.875 0.61041147
vt 0.625 0.5
vt 0.875 0.5
vt 0.375 0.08793106
vt 0.625 0.25
vt 0.375 0.25
vt 0.625 0.08793106
vt 0.375 0
vt 0.625 0
vt 0.375 0.25
vt 0.625 0.25
vt 0.625 0.5
vt 0.375 0.5
vt 0.375 0.66206896
vt 0.625 0.75
vt 0.375 0.75
vt 0.5595521 0.66206896
vt 0.375 0.5
vt 0.625 0.5
vt 0.375 0.75
vt 0.625 0.75
vt 0.625 1
vt 0.375 1
vt 0.125 0.66206896
vt 0.375 0.75
vt 0.125 0.75
vt 0.375 0.66206896
vt 0.125 0.5
vt 0.375 0.5
vt 0.5595521 0.66206896
vt 0.875 0.75
vt 0.625 0.75
vt 0.875 0.66206896
vt 0.625 0.5
vt 0.875 0.5
vt 0.375 0
vt 0.625 0
vt 0.625 0.25
vt 0.375 0.25
vt 0.375 0.25
vt 0.625 0.25
vt 0.625 0.5
vt 0.375 0.5
vt 0.375 0.5
vt 0.625 0.5
vt 0.625 0.75
vt 0.375 0.75
vt 0.375 0.75
vt 0.625 0.75
vt 0.625 1
vt 0.375 1
vt 0.125 0.5
vt 0.375 0.5
vt 0.375 0.75
vt 0.125 0.75
vt 0.625 0.5
vt 0.875 0.5
vt 0.875 0.75
vt 0.625 0.75
vt 0.375 0
vt 0.625 0
vt 0.625 0.25
vt 0.375 0.25
vt 0.375 0.25
vt 0.625 0.25
vt 0.625 0.5
vt 0.375 0.5
vt 0.375 0.5
vt 0.625 0.5
vt 0.625 0.75
vt 0.375 0.75
vt 0.375 0.75
vt 0.625 0.75
vt 0.625 1
vt 0.375 1
vt 0.125 0.5
vt 0.375 0.5
vt 0.375 0.75
vt 0.125 0.75
vt 0.625 0.5
vt 0.875 0.5
vt 0.875 0.75
vt 0.625 0.75
vt 0.375 0.20254396
vt 0.625 0.25
vt 0.375 0.25
vt 0.625 0.20254394
vt 0.375 0
vt 0.625 0
vt 0.375 0.25
vt 0.625 0.25
vt 0.625 0.5
vt 0.375 0.5
vt 0.375 0.547456
vt 0.625 0.75
vt 0.375 0.75
vt 0.625 0.547456
vt 0.375 0.5
vt 0.625 0.5
vt 0.375 0.75
vt 0.625 0.75
vt 0.625 1
vt 0.375 1
vt 0.125 0.547456
vt 0.375 0.75
vt 0.125 0.75
vt 0.375 0.547456
vt 0.125 0.5
vt 0.375 0.5
vt 0.625 0.547456
vt 0.875 0.75
vt 0.625 0.75
vt 0.875 0.547456
vt 0.625 0.5
vt 0.875 0.5
vt 0.375 0
vt 0.625 0
vt 0.625 0.25
vt 0.375 0.25
vt 0.375 0.25
vt 0.625 0.25
vt 0.625 0.5
vt 0.375 0.5
vt 0.375 0.5
vt 0.625 0.5
vt 0.625 0.75
vt 0.375 0.75
vt 0.375 0.75
vt 0.625 0.75
vt 0.625 1
vt 0.375 1
vt 0.125 0.5
vt 0.375 0.5
vt 0.375 0.75
vt 0.125 0.75
vt 0.625 0.5
vt 0.875 0.5
vt 0.875 0.75
vt 0.625 0.75
vt 0.375 0
vt 0.625 0
vt 0.625 0.25
vt 0.375 0.25
vt 0.375 0.25
vt 0.625 0.25
vt 0.625 0.5
vt 0.375 0.5
vt 0.375 0.5
vt 0.625 0.5
vt 0.625 0.75
vt 0.375 0.75
vt 0.375 0.75
vt 0.625 0.75
vt 0.625 1
vt 0.375 1
vt 0.125 0.5
vt 0.375 0.5
vt 0.375 0.75
vt 0.125 0.75
vt 0.625 0.5
vt 0.875 0.5
vt 0.875 0.75
vt 0.625 0.75
vt 0.375 0
vt 0.625 0
vt 0.625 0.25
vt 0.375 0.25
vt 0.375 0.25
vt 0.625 0.25
vt 0.625 0.5
vt 0.375 0.5
vt 0.375 0.5
vt 0.625 0.5
vt 0.625 0.75
vt 0.375 0.75
vt 0.375 0.75
vt 0.625 0.75
vt 0.625 1
vt 0.375 1
vt 0.125 0.5
vt 0.375 0.5
vt 0.375 0.75
vt 0.125 0.75
vt 0.625 0.5
vt 0.875 0.5
vt 0.875 0.75
vt 0.625 0.75
vt 0.375 0
vt 0.625 0
vt 0.625 0.25
vt 0.375 0.25
vt 0.375 0.25
vt 0.625 0.25
vt 0.625 0.5
vt 0.375 0.5
vt 0.375 0.5
vt 0.625 0.5
vt 0.625 0.75
vt 0.375 0.75
vt 0.375 0.75
vt 0.625 0.75
vt 0.625 1
vt 0.375 1
vt 0.125 0.5
vt 0.375 0.5
vt 0.375 0.75
vt 0.125 0.75
vt 0.625 0.5
vt 0.875 0.5
vt 0.875 0.75
vt 0.625 0.75
vt 0.375 0
vt 0.625 0
vt 0.625 0.25
vt 0.375 0.25
vt 0.375 0.25
vt 0.625 0.25
vt 0.625 0.5
vt 0.375 0.5
vt 0.375 0.5
vt 0.625 0.5
vt 0.625 0.75
vt 0.375 0.75
vt 0.375 0.75
vt 0.625 0.75
vt 0.625 1
vt 0.375 1
vt 0.125 0.5
vt 0.375 0.5
vt 0.375 0.75
vt 0.125 0.75
vt 0.625 0.5
vt 0.875 0.5
vt 0.875 0.75
vt 0.625 0.75
vt 0.375 0
vt 0.625 0
vt 0.625 0.25
vt 0.375 0.25
vt 0.375 0.25
vt 0.625 0.25
vt 0.625 0.5
vt 0.375 0.5
vt 0.375 0.5
vt 0.625 0.5
vt 0.625 0.75
vt 0.375 0.75
vt 0.375 0.75
vt 0.625 0.75
vt 0.625 1
vt 0.375 1
vt 0.125 0.5
vt 0.375 0.5
vt 0.375 0.75
vt 0.125 0.75
vt 0.625 0.5
vt 0.875 0.5
vt 0.875 0.75
vt 0.625 0.75
vt 0.375 0.1395885
vt 0.625 0.25
vt 0.375 0.25
vt 0.625 0.1395885
vt 0.375 0.11041149
vt 0.625 0.110411495
vt 0.375 0
vt 0.625 0
vt 0.375 0.25
vt 0.625 0.25
vt 0.625 0.5
vt 0.375 0.5
vt 0.375 0.6395885
vt 0.625 0.75
vt 0.375 0.75
vt 0.625 0.6395885
vt 0.375 0.61041147
vt 0.625 0.6104115
vt 0.375 0.5
vt 0.625 0.5
vt 0.375 0.75
vt 0.625 0.75
vt 0.625 1
vt 0.375 1
vt 0.125 0.6395885
vt 0.375 0.75
vt 0.125 0.75
vt 0.375 0.6395885
vt 0.125 0.61041147
vt 0.375 0.61041147
vt 0.125 0.5
vt 0.375 0.5
vt 0.625 0.6395885
vt 0.875 0.75
vt 0.625 0.75
vt 0.875 0.6395885
vt 0.625 0.6104115
vt 0.875 0.61041147
vt 0.625 0.5
vt 0.875 0.5
vt 0.375 0.08793106
vt 0.625 0.25
vt 0.375 0.25
vt 0.625 0.08793106
vt 0.375 0
vt 0.625 0
vt 0.375 0.25
vt 0.625 0.25
vt 0.625 0.5
vt 0.375 0.5
vt 0.375 0.66206896
vt 0.625 0.75
vt 0.375 0.75
vt 0.5595521 0.66206896
vt 0.375 0.5
vt 0.625 0.5
vt 0.375 0.75
vt 0.625 0.75
vt 0.625 1
vt 0.375 1
vt 0.125 0.66206896
vt 0.375 0.75
vt 0.125 0.75
vt 0.375 0.66206896
vt 0.125 0.5
vt 0.375 0.5
vt 0.5595521 0.66206896
vt 0.875 0.75
vt 0.625 0.75
vt 0.875 0.66206896
vt 0.625 0.5
vt 0.875 0.5
vt 0.375 0
vt 0.625 0
vt 0.625 0.25
vt 0.375 0.25
vt 0.375 0.25
vt 0.625 0.25
vt 0.625 0.5
vt 0.375 0.5
vt 0.375 0.5
vt 0.625 0.5
vt 0.625 0.75
vt 0.375 0.75
vt 0.375 0.75
vt 0.625 0.75
vt 0.625 1
vt 0.375 1
vt 0.125 0.5
vt 0.375 0.5
vt 0.375 0.75
vt 0.125 0.75
vt 0.625 0.5
vt 0.875 0.5
vt 0.875 0.75
vt 0.625 0.75
vt 0.375 0
vt 0.625 0
vt 0.625 0.25
vt 0.375 0.25
vt 0.375 0.25
vt 0.625 0.25
vt 0.625 0.5
vt 0.375 0.5
vt 0.375 0.5
vt 0.625 0.5
vt 0.625 0.75
vt 0.375 0.75
vt 0.375 0.75
vt 0.625 0.75
vt 0.625 1
vt 0.375 1
vt 0.125 0.5
vt 0.375 0.5
vt 0.375 0.75
vt 0.125 0.75
vt 0.625 0.5
vt 0.875 0.5
vt 0.875 0.75
vt 0.625 0.75
vt 0.375 0.20254396
vt 0.625 0.25
vt 0.375 0.25
vt 0.625 0.20254394
vt 0.375 0
vt 0.625 0
vt 0.375 0.25
vt 0.625 0.25
vt 0.625 0.5
vt 0.375 0.5
vt 0.375 0.547456
vt 0.625 0.75
vt 0.375 0.75
vt 0.625 0.547456
vt 0.375 0.5
vt 0.625 0.5
vt 0.375 0.75
vt 0.625 0.75
vt 0.625 1
vt 0.375 1
vt 0.125 0.547456
vt 0.375 0.75
vt 0.125 0.75
vt 0.375 0.547456
vt 0.125 0.5
vt 0.375 0.5
vt 0.625 0.547456
vt 0.875 0.75
vt 0.625 0.75
vt 0.875 0.547456
vt 0.625 0.5
vt 0.875 0.5
vt 0.375 0
vt 0.625 0
vt 0.625 0.25
vt 0.375 0.25
vt 0.375 0.25
vt 0.625 0.25
vt 0.625 0.5
vt 0.375 0.5
vt 0.375 0.5
vt 0.625 0.5
vt 0.625 0.75
vt 0.375 0.75
vt 0.375 0.75
vt 0.625 0.75
vt 0.625 1
vt 0.375 1
vt 0.125 0.5
vt 0.375 0.5
vt 0.375 0.75
vt 0.125 0.75
vt 0.625 0.5
vt 0.875 0.5
vt 0.875 0.75
vt 0.625 0.75
vt 0.375 0
vt 0.625 0
vt 0.625 0.25
vt 0.375 0.25
vt 0.375 0.25
vt 0.625 0.25
vt 0.625 0.5
vt 0.375 0.5
vt 0.375 0.5
vt 0.625 0.5
vt 0.625 0.75
vt 0.375 0.75
vt 0.375 0.75
vt 0.625 0.75
vt 0.625 1
vt 0.375 1
vt 0.125 0.5
vt 0.375 0.5
vt 0.375 0.75
vt 0.125 0.75
vt 0.625 0.5
vt 0.875 0.5
vt 0.875 0.75
vt 0.625 0.75
vt 0.375 0
vt 0.625 0
vt 0.625 0.25
vt 0.375 0.25
vt 0.375 0.25
vt 0.625 0.25
vt 0.625 0.5
vt 0.375 0.5
vt 0.375 0.5
vt 0.625 0.5
vt 0.625 0.75
vt 0.375 0.75
vt 0.375 0.75
vt 0.625 0.75
vt 0.625 1
vt 0.375 1
vt 0.125 0.5
vt 0.375 0.5
vt 0.375 0.75
vt 0.125 0.75
vt 0.625 0.5
vt 0.875 0.5
vt 0.875 0.75
vt 0.625 0.75
vt 0.375 0
vt 0.625 0
vt 0.625 0.25
vt 0.375 0.25
vt 0.375 0.25
vt 0.625 0.25
vt 0.625 0.5
vt 0.375 0.5
vt 0.375 0.5
vt 0.625 0.5
vt 0.625 0.75
vt 0.375 0.75
vt 0.375 0.75
vt 0.625 0.75
vt 0.625 1
vt 0.375 1
vt 0.125 0.5
vt 0.375 0.5
vt 0.375 0.75
vt 0.125 0.75
vt 0.625 0.5
vt 0.875 0.5
vt 0.875 0.75
vt 0.625 0.75
vn -0 1 0
vn -0 1 0
vn -0 1 0
vn 0.633971 -0.6322295 0.44538376
vn 0.633971 -0.6322295 0.44538376
vn 0.633971 -0.6322295 0.44538376
vn -0.4310596 -0.43192708 0.7922289
vn -0.4310596 -0.43192708 0.7922289
vn -0.4310596 -0.43192708 0.7922289
vn -0 -1 0
vn -0 -1 0
vn -0 -1 0
vn 0.633971 0.6322295 0.44538376
vn 0.633971 0.6322295 0.44538376
vn 0.633971 0.6322295 0.44538376
vn -0.4310596 0.43192708 0.7922289
vn -0.4310596 0.43192708 0.7922289
vn -0.4310596 0.43192708 0.7922289
vn -0.21806799 -0.5573504 0.8011285
vn -0.21806799 -0.5573504 0.8011285
vn -0.21806799 -0.5573504 0.8011285
vn -0.21806799 -0.5573504 0.8011285
vn -0 1 0
vn -0 1 0
vn -0 1 0
vn -0 1 0
vn -0 1 0
vn -0 1 0
vn -0 1 0
vn -0 1 0
vn -0 1 0
vn 1 0.00033892374 0
vn 1 0.00033892374 0
vn 1 0.00033892374 0
vn 1 0.00033892374 0
vn 1 0.00033899306 0
vn 1 0.00033899306 0
vn 1 -0.000118719276 4.3810884E-05
vn 1 -0.000118719276 4.3810884E-05
vn 1 8.40504E-05 0
vn 1 -0.000118719276 4.3810884E-05
vn 1 8.40504E-05 0
vn 1 8.40504E-05 0
vn 1 8.40504E-05 0
vn 1 -8.40504E-05 0
vn 1 -8.40504E-05 0
vn 1 8.4372245E-05 0
vn 1 8.4372245E-05 0
vn 1 -0.00011901611 0
vn 1 -0.00011901611 0
vn 1 -8.4372245E-05 0
vn 1 0.000119189346 0
vn 1 0.000119189346 0
vn 1 0.000118719276 4.3810884E-05
vn 1 0.000118719276 4.3810884E-05
vn 1 0.000118719276 4.3810884E-05
vn -1 0 0
vn -1 0 0
vn -1 0 0
vn -1 0 0
vn -1 0 0
vn -1 0 0
vn -0.99999535 0.0030634296 0
vn -0.99999535 0.0030634296 0
vn -0.99999535 0.0030634296 0
vn -0.99999535 0.0030634296 0
vn -0.99999535 0.0030632736 0
vn -0.99999535 0.0030632736 0
vn -0.99999535 -0.0030632736 0
vn -0.99999535 -0.0030634296 0
vn -0.99999535 -0.0030634296 0
vn -0.005409016 -0.99998546 0
vn -0.0025380931 -0.9999968 0
vn -0.0025380931 -0.9999968 0
vn -0.005409016 -0.99998546 0
vn -0.0025380931 -0.9999968 0
vn -0.005409016 -0.99998546 0
vn -0.0025380931 -0.9999968 0
vn -0.0054090177 -0.99998546 0
vn 0.0017502608 -0.99999845 0
vn 0.0017502608 -0.99999845 0
vn 0.0017502608 -0.99999845 0
vn 0.0017502609 -0.99999845 0
vn 0.0017502609 -0.99999845 0
vn 0.048501797 -0.9988231 0
vn 0.048501797 -0.9988231 0
vn 0.048501797 -0.9988231 0
vn 1 0 0
vn 1 0 0
vn 1 0 0
vn 1 0 0
vn 1 0 0
vn 1 0 0
vn 1 0 0
vn 1 0 0
vn 1 0 0
vn 1 0 0
vn 1 0 0
vn 1 0 0
vn 1 0 0
vn 1 0 0
vn 1 0 0
vn 1 0 0
vn 1 0 0
vn 1 0 0
vn 1 0 0
vn 1 0 0
vn 1 0 0
vn 1 0 0
vn 1 0 0
vn 1 0 0
vn 1 0 0
vn 1 0 0
vn 1 0 0
vn 1 0 0
vn 1 0 0
vn 1 0 0
vn 1 0 0
vn 1 0 0
vn -0 1 0
vn -0 1 0
vn -0 1 0
vn -0 1 0
vn -0 1 0
vn -0 1 0
vn -0 1 0
vn -0 1 0
vn -0 1 0
vn -0 1 0
vn -0 -1 0
vn -0 -1 0
vn -0 -1 0
vn -0 -1 0
vn -0 -1 0
vn -0 -1 0
vn -0 -1 0
vn -0 -1 0
vn -0 -1 0
vn -0 -1 0
vn -0 -1 0
vn -0 -1 0
vn 0.80361414 -0.5951507 0
vn 0.80361426 -0.5951504 0
vn 0.8036144 -0.5951504 0
vn 0.80361444 -0.59515023 0
vn 0.8036144 -0.5951504 0
vn 0.80361414 -0.5951507 0
vn 0.80361444 -0.59515023 0
vn 0.80361444 -0.59515023 0
vn 0.8036142 -0.59515065 0
vn 0.80361444 -0.59515023 0
vn 0.8036142 -0.59515065 0
vn 0.80361444 -0.5951503 0
vn 1 0 0
vn 1 0 0
vn 1 0 0
vn 1 0 0
vn -0 -1 0
vn -0 -1 0
vn -0 -1 0
vn -0 -1 0
vn -0 -1 0
vn -0 -1 0
vn -0 -1 0
vn -0 -1 0
vn -0 -1 0
vn -0 -1 0
vn -0 -1 0
vn -0 -1 0
vn -0.99999976 0.00075577694 0
vn -0.99999976 0.00075607345 0
vn -0.99999976 0.00075607345 0
vn -0.99999976 0.00075577694 0
vn -0.99999976 0.00075577694 0
vn -0.99999976 0.0007975314 0
vn -0.99999976 0.00075577694 0
vn -0.99999976 0.0007555751 0
vn -0.99999976 0.0007555751 0
vn -0.99999976 0.00079756416 0
vn -0.99999976 0.00079756416 0
vn -0.99999976 0.00079767057 0
vn -0.99999976 -0.0007555751 0
vn -0.99999976 -0.00075577694 0
vn -0.99999976 -0.0007555751 0
vn -0.99999976 -0.00075577694 0
vn -0.99999976 -0.00075577694 0
vn -0.99999976 -0.00075607345 0
vn -0.99999976 -0.00075577694 0
vn -0.99999976 -0.00075607345 0
vn -1 0 0
vn -1 0 0
vn -1 0 0
vn -1 0 0
vn -0.99999964 -0.0008098707 0
vn -1 0 0
vn -0.99999964 -0.0008098707 0
vn -0.99999964 -0.0008098707 0
vn -0.9999993 -0.0011785122 -0.00030168705
vn -0.9999993 -0.0011785122 -0.00030168705
vn -0.9999993 -0.0011785122 -0.00030168705
vn -0 1 0
vn -0 1 0
vn -0 1 0
vn -0 1 0
vn -0 1 0
vn -0 1 0
vn -0 1 0
vn -0 1 0
vn -0 1 0
vn -0 1 0
vn -0 1 0
vn -0 1 0
vn 0.0036394128 0.99999344 -1.10807205E-05
vn 0.0036394128 0.99999344 -1.10807205E-05
vn 0.0036394128 0.99999344 -1.10807205E-05
vn 0.0036394128 0.99999344 -1.10807205E-05
vn 0.99999964 0.0008101249 0
vn 0.99999964 0.0008101249 0
vn 0.99999964 0.0008101249 0
vn 0.99999964 0.0008101249 0
vn 1 0 0
vn 1 0 0
vn 0.06381581 0.99796164 0
vn 0.06381581 0.99796164 0
vn 0.06381581 0.99796164 0
vn 0.06381581 0.99796164 0
vn 0.99999976 -0.0007563274 0
vn 0.99999976 -0.0007563274 0
vn 0.99999976 -0.0007563274 0
vn 0.99999976 -0.0007563274 0
vn 0.99999976 -0.000797539 0
vn 0.99999976 -0.000797539 0
vn -0 -1 0
vn -0 -1 0
vn -0 -1 0
vn -0 -1 0
vn 0.01985332 -0.9998029 0
vn 0.01985332 -0.9998029 0
vn -0 -1 0
vn -0 -1 0
vn -0.99997425 0.0071857935 0
vn -0.99997425 0.0071857935 0
vn -0.99997425 0.0071857935 0
vn -0.99997425 0.0071857935 0
vn -0.99996185 0.008738704 0
vn -0.99996185 0.008738704 0
vn -0 1 0
vn -0 1 0
vn -0 1 0
vn -0 1 0
vn -0 1 0
vn -0 1 0
vn -0 -1 0
vn -0 -1 0
vn -0 -1 0
vn -0 -1 0
vn -0 -1 0
vn -0 -1 0
vn -1 0 0
vn -1 0 0
vn -1 0 0
vn -1 0 0
vn -1 0 0
vn -1 0 0
vn -0.0017500938 0.99999845 0
vn -0.0017500938 0.99999845 0
vn -0.0017500938 0.99999845 0
vn -0.0017500938 0.99999845 0
vn -0.9999994 -0.0010907424 0
vn -0.9999994 -0.0010907424 0
vn -0.9999994 -0.0010907424 0
vn -0.9999994 -0.0010907424 0
vn -0.9999589 -0.009072505 0
vn -0.9999589 -0.009072505 0
vn -0.9999589 -0.009072505 0
vn -0.9999589 -0.009072505 0
vn -0.9999589 0.009072895 0
vn -0.9999589 0.009072895 0
vn -0.9999994 0.001090716 0
vn -0.9999994 0.001090716 0
vn -0.9999994 0.001090716 0
vn -0.9999994 0.001090716 0
vn 0.002538144 0.9999968 0
vn 0.002538144 0.9999968 0
vn 0.002538144 0.9999968 0
vn 0.002538144 0.9999968 0
vn 0.014266547 0.9998982 0
vn 0.014266547 0.9998982 0
vn -0 1 0
vn -0 1 0
vn 0.99999535 -0.0030634366 0
vn 0.99999535 -0.0030634366 0
vn 0.99999535 -0.0030634366 0
vn 0.99999535 -0.0030634366 0
vn 1 0 0
vn 1 0 0
vn 0.99999535 0.0030634366 0
vn 0.99999535 0.0030634366 0
vn 0.99999535 0.0030634366 0
vn 0.99999535 0.0030634366 0
vn -0.60943574 -0.00048361492 0.79283535
vn -0.60943574 -0.00048361492 0.79283535
vn -0.60943574 -0.00048361492 0.79283535
vn -0.60943574 -0.00048361492 0.79283535
vn 1 0 0
vn 1 0 0
vn 1 0 0
vn 1 0 0
vn -0 1 0
vn -0 1 0
vn -0 1 0
vn -0 1 0
vn 0.99987614 0.015737152 0
vn 0.99987614 0.015737152 0
vn 0.99987614 0.015737152 0
vn 0.99987614 0.015737152 0
vn -0 0 1
vn -0 0 1
vn -0 0 1
vn -0 0 1
vn -0 0 1
vn -0 0 1
vn -0 0 1
vn -0 0 1
vn -0 0 1
vn -0 0 1
vn -0 0 1
vn -0 0 1
vn -0 0 1
vn -0 0 1
vn -0 0 1
vn -0 0 1
vn -0 0 1
vn -0 0 1
vn -0 0 1
vn -0 0 1
vn -0 0 1
vn -0 0 1
vn -0 0 1
vn -0 0 1
vn -0 0 1
vn -0 0 1
vn -0 0 1
vn -0 0 1
vn -0 0 1
vn -0 0 1
vn -0 0 1
vn -0 0 1
vn -0 0 1
vn -0 0 1
vn -0 0 1
vn -0 0 1
vn -0 0 1
vn -0 0 1
vn -0 0 1
vn -0 0 1
vn -0 0 1
vn -0 0 1
vn -0 0 1
vn -0 0 1
vn -0 0 1
vn -0 0 1
vn -0 0 1
vn -0 0 1
vn -0 0 1
vn -0 0 1
vn -0 0 1
vn -0 2.7781674E-05 1
vn -0 2.7781674E-05 1
vn -0.8020365 0.006832341 0.597236
vn -0.8020365 0.006832341 0.597236
vn -0.8020365 0.006832341 0.597236
vn -0.8044717 0 0.5939911
vn -0 0 1
vn -0 0 1
vn -0 0 1
vn -0 0 1
vn -0 0 1
vn -0 0 1
vn -0 0 1
vn -0 0 1
vn -0 0 1
vn -0 0 1
vn -0 0 1
vn -0 0 1
vn -0 0 1
vn -0 0 1
vn -0 0 1
vn -0 0 1
vn -0 0 1
vn -0 0 1
vn -0 0 1
vn 1.386451E-05 -1.4070724E-05 1
vn 0.9999994 0.0010907825 0
vn 0.9999994 0.0010907023 0
vn 0.9999995 0.0010149442 0
vn 0.9999995 0.0010148834 0
vn 0.9999994 0.0010907825 0
vn 0.9999995 0.0010148834 0
vn 0.9999995 0.0010149442 0
vn 0.9999995 0.0010148834 0
vn 0.9999995 0.0010148834 0
vn 0.9999995 -0.0010148834 0
vn 0.9999995 -0.0010148834 0
vn 0.9999994 -0.0010907825 0
vn 0.9999995 -0.0010149442 0
vn 0.9999994 -0.0010907825 0
vn 0.9999994 -0.0010906842 0
vn -0.0036445085 -0.99999344 0
vn -0.0036445085 -0.99999344 0
vn -0.0036445085 -0.99999344 0
vn -0.0036445085 -0.99999344 0
vn -0 -1 0
vn -0 -1 0
vn -0 -1 0
vn -0 -1 0
vn -0 -1 0
vn -0 -1 0
vn 0.9984856 0.055013802 0
vn 0.9984856 0.055013802 0
vn 0.9984856 0.055013802 0
vn 0.9984856 0.055013802 0
vn 0.708066 -0.70614624 0
vn 0.708066 -0.70614624 0
vn 0.708066 -0.70614624 0
vn 0.708066 -0.70614624 0
vn 0.99996185 -0.008738688 0
vn 0.99996185 -0.008738628 0
vn 0.99996185 -0.008738628 0
vn 0.99997425 -0.0071864417 0
vn 0.99996185 -0.008738688 0
vn 0.99997425 -0.007186399 0
vn 0.99997425 -0.0071864417 0
vn 0.99997425 -0.0071864417 0
vn -1 -0.00033895893 0
vn -1 -0.00033895893 0
vn -1 -0.00033895893 0
vn -1 -0.00033895893 0
vn 0.003644554 0.99999344 0
vn 0.003644554 0.99999344 0
vn 0.003644554 0.99999344 0
vn 0.003644554 0.99999344 0
vn -0 -1 0
vn -0 -1 0
vn -0 -1 0
vn -0 -1 0
vn -0.80361444 0.5951503 0
vn -0.80361444 0.5951503 0
vn -0.80361444 0.5951503 0
vn -0.80361444 0.5951503 0
vn -0.80361414 0.5951507 0
vn -0.80361414 0.5951507 0
vn -0.9999999 -0.0006069354 0
vn -0.9999999 -0.0006069354 0
vn -0.9999999 -0.0006069354 0
vn -0.9999999 -0.0006069354 0
vn -0.9999999 -0.00042972004 0
vn -0.9999999 -0.00042972004 0
vn -0.9999999 -0.00042972004 0
vn -0.9999999 -0.00042972004 0
vn -0.5997025 -0.00012813124 0.8002232
vn -0.5997025 -0.00012813124 0.8002232
vn -0.5997025 -0.00012813124 0.8002232
vn -0.5997025 -0.00012813124 0.8002232
vn -0.99992275 -0.012429644 0
vn -1 0 0
vn -1 0 0
vn -0.99992275 -0.012429644 0
vn -0.99992275 -0.012429644 0
vn -0.99992275 -0.012429644 0
vn -0.9999964 -0.0026928387 0
vn -0.9999964 -0.0026928387 0
vn -0.9999964 -0.0026928387 0
vn -0.9999964 -0.0026928387 0
vn -0.9999964 0.0026928387 0
vn -0.9999964 0.0026928387 0
vn -0.99992275 0.012429644 0
vn -0.99992275 0.012429644 0
vn -0.99992275 0.012429644 0
vn -0.99992275 0.012429644 0
vn -1 0 0
vn -1 0 0
vn -0 0 -1
vn -0 0 -1
vn -0 0 -1
vn -0 0 -1
vn -0 1 0
vn -0 1 0
vn -0 1 0
vn -0 1 0
vn -1 0 0
vn -1 0 0
vn -1 0 0
vn -1 0 0
vn -0 -1 0
vn -0 -1 0
vn -0 -1 0
vn -0 -1 0
vn -0 1 0
vn -0 1 0
vn -0 1 0
vn -0 1 0
vn 1 0 0
vn 1 0 0
vn 1 0 0
vn 1 0 0
vn -1 0 0
vn -1 0 0
vn -1 0 0
vn -1 0 0
vn -0 0 1
vn -0 0 1
vn -0 0 1
vn -0 0 1
vn 1 0 0
vn 1 0 0
vn 1 0 0
vn 1 0 0
vn -0 1 0
vn -0 1 0
vn -0 1 0
vn -0 1 0
vn -0 -1 0
vn -0 -1 0
vn -0 -1 0
vn -0 -1 0
vn -0 0 -1
vn -0 0 -1
vn -0 0 -1
vn -0 0 -1
vn -0 0 -1
vn -0 0 -1
vn -0 0 -1
vn -0 0 -1
vn -0 1 0
vn -0 1 0
vn -0 1 0
vn -0 1 0
vn -1 0 0
vn -1 0 0
vn -1 0 0
vn -1 0 0
vn -0 -1 0
vn -0 -1 0
vn -0 -1 0
vn -0 -1 0
vn -1 0 0
vn -1 0 0
vn -1 0 0
vn -1 0 0
vn 1 0 0
vn 1 0 0
vn 1 0 0
vn 1 0 0
vn -0 0 -1
vn -0 0 -1
vn -0 0 -1
vn -0 0 -1
vn -0 1 0
vn -0 1 0
vn -0 1 0
vn -0 1 0
vn -1 0 0
vn -1 0 0
vn -1 0 0
vn -1 0 0
vn -0 -1 0
vn -0 -1 0
vn -0 -1 0
vn -0 -1 0
vn 1 0 0
vn 1 0 0
vn 1 0 0
vn 1 0 0
vn 1 0 0
vn 1 0 0
vn 1 0 0
vn 1 0 0
vn -0 0 -1
vn -0 0 -1
vn -0 0 -1
vn -0 0 -1
vn -0 1 0
vn -0 1 0
vn -0 1 0
vn -0 1 0
vn -1 0 0
vn -1 0 0
vn -1 0 0
vn -1 0 0
vn -0 -1 0
vn -0 -1 0
vn -0 -1 0
vn -0 -1 0
vn -1 0 0
vn -1 0 0
vn -1 0 0
vn -1 0 0
vn 1 0 0
vn 1 0 0
vn 1 0 0
vn 1 0 0
vn -0 0 -1
vn -0 0 -1
vn -0 0 -1
vn -0 0 -1
vn -0 1 0
vn -0 1 0
vn -0 1 0
vn -0 1 0
vn -1 0 0
vn -1 0 0
vn -1 0 0
vn -1 0 0
vn -0 -1 0
vn -0 -1 0
vn -0 -1 0
vn -0 -1 0
vn -0 1 0
vn -0 1 0
vn -0 1 0
vn -0 1 0
vn 1 0 0
vn 1 0 0
vn 1 0 0
vn 1 0 0
vn -0 0 -1
vn -0 0 -1
vn -0 0 -1
vn -0 0 -1
vn -0 1 0
vn -0 1 0
vn -0 1 0
vn -0 1 0
vn -1 0 0
vn -1 0 0
vn -1 0 0
vn -1 0 0
vn -0 -1 0
vn -0 -1 0
vn -0 -1 0
vn -0 -1 0
vn -0 -1 0
vn -0 -1 0
vn -0 -1 0
vn -0 -1 0
vn 1 0 0
vn 1 0 0
vn 1 0 0
vn 1 0 0
vn -0 0 -1
vn -0 0 -1
vn -0 0 -1
vn -0 0 -1
vn -0 1 0
vn -0 1 0
vn -0 1 0
vn -0 1 0
vn -1 0 0
vn -1 0 0
vn -1 0 0
vn -1 0 0
vn -0 -1 0
vn -0 -1 0
vn -0 -1 0
vn -0 -1 0
vn -0 1 0
vn -0 1 0
vn -0 1 0
vn -0 1 0
vn 1 0 0
vn 1 0 0
vn 1 0 0
vn 1 0 0
vn -0 0 -1
vn -0 0 -1
vn -0 0 -1
vn -0 0 -1
vn -0 1 0
vn -0 1 0
vn -0 1 0
vn -0 1 0
vn -1 0 0
vn -1 0 0
vn -1 0 0
vn -1 0 0
vn -0 -1 0
vn -0 -1 0
vn -0 -1 0
vn -0 -1 0
vn -1 0 0
vn -1 0 0
vn -1 0 0
vn -1 0 0
vn 1 0 0
vn 1 0 0
vn 1 0 0
vn 1 0 0
vn -0 0 -1
vn -0 0 -1
vn -0 0 -1
vn -0 0 -1
vn -0 1 0
vn -0 1 0
vn -0 1 0
vn -0 1 0
vn -1 0 0
vn -1 0 0
vn -1 0 0
vn -1 0 0
vn -0 -1 0
vn -0 -1 0
vn -0 -1 0
vn -0 -1 0
vn 1 0 0
vn 1 0 0
vn 1 0 0
vn 1 0 0
vn 1 0 0
vn 1 0 0
vn 1 0 0
vn 1 0 0
vn -0 0 -1
vn -0 0 -1
vn -0 0 -1
vn -0 0 -1
vn -0 1 0
vn -0 1 0
vn -0 1 0
vn -0 1 0
vn -1 0 0
vn -1 0 0
vn -1 0 0
vn -1 0 0
vn -0 -1 0
vn -0 -1 0
vn -0 -1 0
vn -0 -1 0
vn -0 1 0
vn -0 1 0
vn -0 1 0
vn -0 1 0
vn 1 0 0
vn 1 0 0
vn 1 0 0
vn 1 0 0
vn -0 0 -1
vn -0 0 -1
vn -0 0 -1
vn -0 0 -1
vn -0 1 0
vn -0 1 0
vn -0 1 0
vn -0 1 0
vn -1 0 0
vn -1 0 0
vn -1 0 0
vn -1 0 0
vn -0 -1 0
vn -0 -1 0
vn -0 -1 0
vn -0 -1 0
vn -0 -1 0
vn -0 -1 0
vn -0 -1 0
vn -0 -1 0
vn 1 0 0
vn 1 0 0
vn 1 0 0
vn 1 0 0
vn -0 0 -1
vn -0 0 -1
vn -0 0 -1
vn -0 0 -1
vn -0 1 0
vn -0 1 0
vn -0 1 0
vn -0 1 0
vn -1 0 0
vn -1 0 0
vn -1 0 0
vn -1 0 0
vn -0 -1 0
vn -0 -1 0
vn -0 -1 0
vn -0 -1 0
vn 1 0 0
vn 1 0 0
vn 1 0 0
vn 1 0 0
vn 1 0 0
vn 1 0 0
vn 1 0 0
vn 1 0 0
vn 0.9999995 0.0009676586 0
vn 0.9999995 0.0009676586 0
vn 0.9999995 0.0009676586 0
vn 0.9999995 0.0009676586 0
vn -0 0 -1
vn -0 0 -1
vn -0 0 -1
vn -0 0 -1
vn -0 1 0
vn -0 1 0
vn -0 1 0
vn -0 1 0
vn -1 0 0
vn -1 0 0
vn -1 0 0
vn -1 0 0
vn -0 -1 0
vn -0 -1 0
vn -0 -1 0
vn -0 -1 0
vn -1 0 0
vn -1 0 0
vn -1 0 0
vn -1 0 0
vn 1 0 0
vn 1 0 0
vn 1 0 0
vn 1 0 0
vn -0 0 -1
vn -0 0 -1
vn -0 0 -1
vn -0 0 -1
vn -0 1 0
vn -0 1 0
vn -0 1 0
vn -0 1 0
vn -1 0 0
vn -1 0 0
vn -1 0 0
vn -1 0 0
vn -0 -1 0
vn -0 -1 0
vn -0 -1 0
vn -0 -1 0
vn -0 -1 0
vn -0 -1 0
vn -0 -1 0
vn -0 -1 0
vn 1 0 0
vn 1 0 0
vn 1 0 0
vn 1 0 0
vn 1 0 0
vn 1 0 0
vn 1 0 0
vn 1 0 0
vn -0 1 0
vn -0 1 0
vn -0 1 0
vn -0 1 0
vn -0 -1 0
vn -0 -1 0
vn -0 -1 0
vn -0 -1 0
vn -1 0 0
vn -1 0 0
vn -1 0 0
vn -1 0 0
vn -0 1 0
vn -0 1 0
vn -0 1 0
vn -0 1 0
vn -0 0 -1
vn -0 0 -1
vn -0 0 -1
vn -0 0 -1
vn -0 0 1
vn -0 0 1
vn -0 0 1
vn -0 0 1
vn -0 0 1
vn -0 0 1
vn -0 0 1
vn -0 0 1
vn -0 0 1
vn -0 0 1
vn -0 0 1
vn -0 0 1
vn -0 0 1
vn -0 0 1
vn -0 0 1
vn -0 0 1
vn -0 0 1
vn -0 0 1
vn -0 0 1
vn -0 0 1
vn -0 0 1
vn -0 0 1
vn -0 0 1
vn -0 0 1
vn -0 0 1
vn -0 0 1
vn -0 0 1
vn -0 0 1
vn -0 0 1
vn -0 0 1
vn -0 0 1
vn -0 0 1
vn -0 0 1
vn -0 0 1
vn -0 0 1
vn -0 0 1
vn -0 0 1
vn -0 0 1
vn -0 0 1
vn -0 0 1
vn -0 0 1
vn -0 0 1
vn -0 0 1
vn -0 0 1
vn -0 0 1
vn -0 0 1
vn -0 0 1
vn -0 0 1
vn -0 0 1
vn -0 0 1
vn -0 0 1
vn -0 0 1
vn -0 0 1
vn -0 0 1
vn -0 0 1
vn -0 0 1
vn -0 0 1
vn -0 0 1
vn -0 0 1
vn -0 0 1
vn -0 -1 0
vn -0 -1 0
vn -0 -1 0
vn -0 -1 0
vn 1 0 0
vn 1 0 0
vn 1 0 0
vn 1 0 0
vn -1 0 0
vn -1 0 0
vn -1 0 0
vn -1 0 0
vn 1 0 0
vn 1 0 0
vn 1 0 0
vn 1 0 0
vn -0 1 0
vn -0 1 0
vn -0 1 0
vn -0 1 0
vn -0 -1 0
vn -0 -1 0
vn -0 -1 0
vn -0 -1 0
vn -1 0 0
vn -1 0 0
vn -1 0 0
vn -1 0 0
vn 1 0 0
vn 1 0 0
vn 1 0 0
vn 1 0 0
vn -0 -1 0
vn -0 -1 0
vn -0 -1 0
vn -0 -1 0
vn -0 1 0
vn -0 1 0
vn -0 1 0
vn -0 1 0
vn 1 0 0
vn 1 0 0
vn 1 0 0
vn 1 0 0
vn -1 0 0
vn -1 0 0
vn -1 0 0
vn -1 0 0
vn 1 0 0
vn 1 0 0
vn 1 0 0
vn 1 0 0
vn -0 -1 0
vn -0 -1 0
vn -0 -1 0
vn -0 -1 0
vn -0 1 0
vn -0 1 0
vn -0 1 0
vn -0 1 0
vn -0 -1 0
vn -0 -1 0
vn -0 -1 0
vn -0 -1 0
vn 1 0 0
vn 1 0 0
vn 1 0 0
vn 1 0 0
vn -1 0 0
vn -1 0 0
vn -1 0 0
vn -1 0 0
vn -1 0 0
vn -1 0 0
vn -1 0 0
vn -1 0 0
vn -0 1 0
vn -0 1 0
vn -0 1 0
vn -0 1 0
vn -0 -1 0
vn -0 -1 0
vn -0 -1 0
vn -0 -1 0
vn -0 1 0
vn -0 1 0
vn -0 1 0
vn -0 1 0
vn -1 0 0
vn -1 0 0
vn -1 0 0
vn -1 0 0
vn 1 0 0
vn 1 0 0
vn 1 0 0
vn 1 0 0
vn -0 -1 0
vn -0 -1 0
vn -0 -1 0
vn -0 -1 0
vn -0 1 0
vn -0 1 0
vn -0 1 0
vn -0 1 0
vn 1 0 0
vn 1 0 0
vn 1 0 0
vn 1 0 0
vn -1 0 0
vn -1 0 0
vn -1 0 0
vn -1 0 0
vn -0 1 0
vn -0 1 0
vn -0 1 0
vn -0 1 0
vn -0 -1 0
vn -0 -1 0
vn -0 -1 0
vn -0 -1 0
vn -1 0 0
vn -1 0 0
vn -1 0 0
vn -1 0 0
vn 1 0 0
vn 1 0 0
vn 1 0 0
vn 1 0 0
vn -0 -1 0
vn -0 -1 0
vn -0 -1 0
vn -0 -1 0
vn -0 1 0
vn -0 1 0
vn -0 1 0
vn -0 1 0
vn 1 0 0
vn 1 0 0
vn 1 0 0
vn 1 0 0
vn -1 0 0
vn -1 0 0
vn -1 0 0
vn -1 0 0
vn -0 1 0
vn -0 1 0
vn -0 1 0
vn -0 1 0
vn -0 -1 0
vn -0 -1 0
vn -0 -1 0
vn -0 -1 0
vn -1 0 0
vn -1 0 0
vn -1 0 0
vn -1 0 0
vn 1 0 0
vn 1 0 0
vn 1 0 0
vn 1 0 0
vn -0 -1 0
vn -0 -1 0
vn -0 -1 0
vn -0 -1 0
vn -0 1 0
vn -0 1 0
vn -0 1 0
vn -0 1 0
vn 1 0 0
vn 1 0 0
vn 1 0 0
vn 1 0 0
vn -1 0 0
vn -1 0 0
vn -1 0 0
vn -1 0 0
vn -0 0 -1
vn -0 0 -1
vn -0 0 -1
vn -0 0 -1
vn -0 1 0
vn -0 1 0
vn -0 1 0
vn -0 1 0
vn -1 0 0
vn -1 0 0
vn -1 0 0
vn -1 0 0
vn -0 -1 0
vn -0 -1 0
vn -0 -1 0
vn -0 -1 0
vn 1 0 0
vn 1 0 0
vn 1 0 0
vn 1 0 0
vn -0 0 1
vn -0 0 1
vn -0 0 1
vn -0 0 1
vn -0 1 0
vn -0 1 0
vn -0 1 0
vn -0 1 0
vn -1 0 0
vn -1 0 0
vn -1 0 0
vn -1 0 0
vn -0 -1 0
vn -0 -1 0
vn -0 -1 0
vn -0 -1 0
vn 1 0 0
vn 1 0 0
vn 1 0 0
vn 1 0 0
vn -0 0 -1
vn -0 0 -1
vn -0 0 -1
vn -0 0 -1
vn -0 1 0
vn -0 1 0
vn -0 1 0
vn -0 1 0
vn -1 0 0
vn -1 0 0
vn -1 0 0
vn -1 0 0
vn -0 -1 0
vn -0 -1 0
vn -0 -1 0
vn -0 -1 0
vn 1 0 0
vn 1 0 0
vn 1 0 0
vn 1 0 0
vn -0 -1 0
vn -0 -1 0
vn -0 -1 0
vn -0 -1 0
vn 1 0 0
vn 1 0 0
vn 1 0 0
vn 1 0 0
vn -0 1 0
vn -0 1 0
vn -0 1 0
vn -0 1 0
vn -1 0 0
vn -1 0 0
vn -1 0 0
vn -1 0 0
vn -0 0 1
vn -0 0 1
vn -0 0 1
vn -0 0 1
vn -0 0 1
vn -0 0 1
vn -0 0 1
vn -0 0 1
vn -0 -1 0
vn -0 -1 0
vn -0 -1 0
vn -0 -1 0
vn -0 0 -1
vn -0 0 -1
vn -0 0 -1
vn -0 0 -1
vn -1 0 0
vn -1 0 0
vn -1 0 0
vn -1 0 0
vn -0 0 1
vn -0 0 1
vn -0 0 1
vn -0 0 1
vn 1 0 0
vn 1 0 0
vn 1 0 0
vn 1 0 0
vn -0 1 0
vn -0 1 0
vn -0 1 0
vn -0 1 0
vn -0 0 -1
vn -0 0 -1
vn -0 0 -1
vn -0 0 -1
vn -0 0 -1
vn -0 0 -1
vn -0 0 -1
vn -0 0 -1
vn -0 1 0
vn -0 1 0
vn -0 1 0
vn -0 1 0
vn -1 0 0
vn -1 0 0
vn -1 0 0
vn -1 0 0
vn -0 -1 0
vn -0 -1 0
vn -0 -1 0
vn -0 -1 0
vn 1 0 0
vn 1 0 0
vn 1 0 0
vn 1 0 0
vn -0 -1 0
vn -0 -1 0
vn -0 -1 0
vn -0 -1 0
vn 1 0 0
vn 1 0 0
vn 1 0 0
vn 1 0 0
vn -0 1 0
vn -0 1 0
vn -0 1 0
vn -0 1 0
vn -1 0 0
vn -1 0 0
vn -1 0 0
vn -1 0 0
vn -0 0 1
vn -0 0 1
vn -0 0 1
vn -0 0 1
vn -0 0 1
vn -0 0 1
vn -0 0 1
vn -0 0 1
vn -0 -1 0
vn -0 -1 0
vn -0 -1 0
vn -0 -1 0
vn -0 0 -1
vn -0 0 -1
vn -0 0 -1
vn -0 0 -1
vn -0 0 -1
vn -0 0 -1
vn -0 0 -1
vn -0 0 -1
vn -0 1 0
vn -0 1 0
vn -0 1 0
vn -0 1 0
vn -0 0 1
vn -0 0 1
vn -0 0 1
vn -0 0 1
vn -0 -1 0
vn -0 -1 0
vn -0 -1 0
vn -0 -1 0
vn -1 0 0
vn -1 0 0
vn -1 0 0
vn -1 0 0
vn 1 0 0
vn 1 0 0
vn 1 0 0
vn 1 0 0
vn -0 1 0
vn -0 1 0
vn -0 1 0
vn -0 1 0
vn -0 0 -1
vn -0 0 -1
vn -0 0 -1
vn -0 0 -1
vn 1 0 0
vn 1 0 0
vn 1 0 0
vn 1 0 0
vn -0 -1 0
vn -0 -1 0
vn -0 -1 0
vn -0 -1 0
vn -0 0 1
vn -0 0 1
vn -0 0 1
vn -0 0 1
vn -1 0 0
vn -1 0 0
vn -1 0 0
vn -1 0 0
vn -0 0 -1
vn -0 0 -1
vn -0 0 -1
vn -0 0 -1
vn -0 1 0
vn -0 1 0
vn -0 1 0
vn -0 1 0
vn -0 0 1
vn -0 0 1
vn -0 0 1
vn -0 0 1
vn -0 -1 0
vn -0 -1 0
vn -0 -1 0
vn -0 -1 0
vn -1 0 0
vn -1 0 0
vn -1 0 0
vn -1 0 0
vn 1 0 0
vn 1 0 0
vn 1 0 0
vn 1 0 0
vn -0 1 0
vn -0 1 0
vn -0 1 0
vn -0 1 0
vn -0 0 -1
vn -0 0 -1
vn -0 0 -1
vn -0 0 -1
vn 1 0 0
vn 1 0 0
vn 1 0 0
vn 1 0 0
vn -0 -1 0
vn -0 -1 0
vn -0 -1 0
vn -0 -1 0
vn -0 0 1
vn -0 0 1
vn -0 0 1
vn -0 0 1
vn -1 0 0
vn -1 0 0
vn -1 0 0
vn -1 0 0
vn -0 0 -1
vn -0 0 -1
vn -0 0 -1
vn -0 0 -1
vn -0 1 0
vn -0 1 0
vn -0 1 0
vn -0 1 0
vn -0 0 1
vn -0 0 1
vn -0 0 1
vn -0 0 1
vn -0 -1 0
vn -0 -1 0
vn -0 -1 0
vn -0 -1 0
vn -1 0 0
vn -1 0 0
vn -1 0 0
vn -1 0 0
vn 1 0 0
vn 1 0 0
vn 1 0 0
vn 1 0 0
vn -0 0 -1
vn -0 0 -1
vn -0 0 -1
vn -0 0 -1
vn -0 1 0
vn -0 1 0
vn -0 1 0
vn -0 1 0
vn -0 0 1
vn -0 0 1
vn -0 0 1
vn -0 0 1
vn -0 -1 0
vn -0 -1 0
vn -0 -1 0
vn -0 -1 0
vn -1 0 0
vn -1 0 0
vn -1 0 0
vn -1 0 0
vn 1 0 0
vn 1 0 0
vn 1 0 0
vn 1 0 0
vn -0 0 -1
vn -0 0 -1
vn -0 0 -1
vn -0 0 -1
vn -0 1 0
vn -0 1 0
vn -0 1 0
vn -0 1 0
vn -0 0 1
vn -0 0 1
vn -0 0 1
vn -0 0 1
vn -0 -1 0
vn -0 -1 0
vn -0 -1 0
vn -0 -1 0
vn -1 0 0
vn -1 0 0
vn -1 0 0
vn -1 0 0
vn 1 0 0
vn 1 0 0
vn 1 0 0
vn 1 0 0
vn -0 0 -1
vn -0 0 -1
vn -0 0 -1
vn -0 0 -1
vn -0 1 0
vn -0 1 0
vn -0 1 0
vn -0 1 0
vn -0 0 1
vn -0 0 1
vn -0 0 1
vn -0 0 1
vn -0 -1 0
vn -0 -1 0
vn -0 -1 0
vn -0 -1 0
vn -1 0 0
vn -1 0 0
vn -1 0 0
vn -1 0 0
vn 1 0 0
vn 1 0 0
vn 1 0 0
vn 1 0 0
vn -0 0 -1
vn -0 0 -1
vn -0 0 -1
vn -0 0 -1
vn -0 1 0
vn -0 1 0
vn -0 1 0
vn -0 1 0
vn -0 0 1
vn -0 0 1
vn -0 0 1
vn -0 0 1
vn -0 -1 0
vn -0 -1 0
vn -0 -1 0
vn -0 -1 0
vn -1 0 0
vn -1 0 0
vn -1 0 0
vn -1 0 0
vn 1 0 0
vn 1 0 0
vn 1 0 0
vn 1 0 0
vn -0 0 -1
vn -0 0 -1
vn -0 0 -1
vn -0 0 -1
vn -0 1 0
vn -0 1 0
vn -0 1 0
vn -0 1 0
vn -0 0 1
vn -0 0 1
vn -0 0 1
vn -0 0 1
vn -0 -1 0
vn -0 -1 0
vn -0 -1 0
vn -0 -1 0
vn -1 0 0
vn -1 0 0
vn -1 0 0
vn -1 0 0
vn 1 0 0
vn 1 0 0
vn 1 0 0
vn 1 0 0
vn -0 0 -1
vn -0 0 -1
vn -0 0 -1
vn -0 0 -1
vn -0 1 0
vn -0 1 0
vn -0 1 0
vn -0 1 0
vn -0 0 1
vn -0 0 1
vn -0 0 1
vn -0 0 1
vn -0 -1 0
vn -0 -1 0
vn -0 -1 0
vn -0 -1 0
vn -1 0 0
vn -1 0 0
vn -1 0 0
vn -1 0 0
vn 1 0 0
vn 1 0 0
vn 1 0 0
vn 1 0 0
vn -0 0 -1
vn -0 0 -1
vn -0 0 -1
vn -0 0 -1
vn -0 1 0
vn -0 1 0
vn -0 1 0
vn -0 1 0
vn -0 0 1
vn -0 0 1
vn -0 0 1
vn -0 0 1
vn -0 -1 0
vn -0 -1 0
vn -0 -1 0
vn -0 -1 0
vn -0.99981695 0 0.019133158
vn -0.99981695 0 0.019133158
vn -0.99981695 0 0.019133158
vn -0.99981695 0 0.019133158
vn 0.99981695 0 -0.019133158
vn 0.99981695 0 -0.019133158
vn 0.99981695 0 -0.019133158
vn 0.99981695 0 -0.019133158
vn -0.5923076 -0.805712 0
vn -0.5923076 -0.805712 0
vn -0.5923076 -0.805712 0
vn -0.5923076 -0.805712 0
vn 0.8057129 -0.5923063 0
vn 0.8057129 -0.5923063 0
vn 0.8057129 -0.5923063 0
vn 0.8057129 -0.5923063 0
vn -0 0 -1
vn -0 0 -1
vn -0 0 -1
vn -0 0 -1
vn -0 0 1
vn -0 0 1
vn -0 0 1
vn -0 0 1
vn -0.8057129 0.5923063 0
vn -0.8057129 0.5923063 0
vn -0.8057129 0.5923063 0
vn -0.8057129 0.5923063 0
vn 0.5923076 0.805712 0
vn 0.5923076 0.805712 0
vn 0.5923076 0.805712 0
vn 0.5923076 0.805712 0
vn -0 0 -1
vn -0 0 -1
vn -0 0 -1
vn -0 0 -1
vn -0 1 0
vn -0 1 0
vn -0 1 0
vn -0 1 0
vn -0 0 1
vn -0 0 1
vn -0 0 1
vn -0 0 1
vn -0 -1 0
vn -0 -1 0
vn -0 -1 0
vn -0 -1 0
vn -1 0 0
vn -1 0 0
vn -1 0 0
vn -1 0 0
vn 1 0 0
vn 1 0 0
vn 1 0 0
vn 1 0 0
vn -0 0 -1
vn -0 0 -1
vn -0 0 -1
vn -0 0 -1
vn -0 1 0
vn -0 1 0
vn -0 1 0
vn -0 1 0
vn -0 0 1
vn -0 0 1
vn -0 0 1
vn -0 0 1
vn -0 -1 0
vn -0 -1 0
vn -0 -1 0
vn -0 -1 0
vn -1 0 0
vn -1 0 0
vn -1 0 0
vn -1 0 0
vn 1 0 0
vn 1 0 0
vn 1 0 0
vn 1 0 0
vn -0 0 -1
vn -0 0 -1
vn -0 0 -1
vn -0 0 -1
vn -0 1 0
vn -0 1 0
vn -0 1 0
vn -0 1 0
vn -0 0 1
vn -0 0 1
vn -0 0 1
vn -0 0 1
vn -0 -1 0
vn -0 -1 0
vn -0 -1 0
vn -0 -1 0
vn -1 0 0
vn -1 0 0
vn -1 0 0
vn -1 0 0
vn 1 0 0
vn 1 0 0
vn 1 0 0
vn 1 0 0
vn -0 0 -1
vn -0 0 -1
vn -0 0 -1
vn -0 0 -1
vn -0 1 0
vn -0 1 0
vn -0 1 0
vn -0 1 0
vn -0 0 1
vn -0 0 1
vn -0 0 1
vn -0 0 1
vn -0 -1 0
vn -0 -1 0
vn -0 -1 0
vn -0 -1 0
vn -1 0 0
vn -1 0 0
vn -1 0 0
vn -1 0 0
vn 1 0 0
vn 1 0 0
vn 1 0 0
vn 1 0 0
vn -0 0 -1
vn -0 0 -1
vn -0 0 -1
vn -0 0 -1
vn -0 1 0
vn -0 1 0
vn -0 1 0
vn -0 1 0
vn -0 0 1
vn -0 0 1
vn -0 0 1
vn -0 0 1
vn -0 -1 0
vn -0 -1 0
vn -0 -1 0
vn -0 -1 0
vn -1 0 0
vn -1 0 0
vn -1 0 0
vn -1 0 0
vn 1 0 0
vn 1 0 0
vn 1 0 0
vn 1 0 0
vn -0 0 -1
vn -0 0 -1
vn -0 0 -1
vn -0 0 -1
vn -0 1 0
vn -0 1 0
vn -0 1 0
vn -0 1 0
vn -0 0 1
vn -0 0 1
vn -0 0 1
vn -0 0 1
vn -0 -1 0
vn -0 -1 0
vn -0 -1 0
vn -0 -1 0
vn -1 0 0
vn -1 0 0
vn -1 0 0
vn -1 0 0
vn 1 0 0
vn 1 0 0
vn 1 0 0
vn 1 0 0
vn -0.21806836 0.5573507 0.80112815
vn -0.21806836 0.5573507 0.80112815
vn -0.21806836 0.5573507 0.80112815
vn -0.21806836 0.5573507 0.80112815
vn -0 -1 0
vn -0 -1 0
vn -0 -1 0
vn -0 -1 0
vn -0 -1 0
vn -0 -1 0
vn -0 -1 0
vn -0 -1 0
vn -0 -1 0
vn 1 -0.00033892374 0
vn 1 -0.00033892374 0
vn 1 -0.00033892374 0
vn 1 -0.00033892374 0
vn 1 -0.00033899306 0
vn 1 -0.00033899306 0
vn -1 0 0
vn -1 0 0
vn -1 0 0
vn -1 0 0
vn -1 0 0
vn -1 0 0
vn -0.005409016 0.99998546 0
vn -0.0025380931 0.9999968 0
vn -0.0025380931 0.9999968 0
vn -0.005409016 0.99998546 0
vn -0.0025380931 0.9999968 0
vn -0.005409016 0.99998546 0
vn -0.0025380931 0.9999968 0
vn -0.0054090177 0.99998546 0
vn 0.0017502608 0.99999845 0
vn 0.0017502608 0.99999845 0
vn 0.0017502608 0.99999845 0
vn 0.0017502609 0.99999845 0
vn 0.0017502609 0.99999845 0
vn 0.04850179 0.9988231 0
vn 0.04850179 0.9988231 0
vn 0.04850179 0.9988231 0
vn -0 1 0
vn -0 1 0
vn -0 1 0
vn -0 1 0
vn -0 1 0
vn -0 1 0
vn -0 1 0
vn -0 1 0
vn -0 1 0
vn -0 1 0
vn -0 1 0
vn -0 1 0
vn 0.80361414 0.5951507 0
vn 0.8036144 0.5951504 0
vn 0.80361426 0.5951504 0
vn 0.80361444 0.5951502 0
vn 0.8036144 0.5951504 0
vn 0.80361414 0.5951507 0
vn 0.80361444 0.5951502 0
vn 0.80361444 0.5951502 0
vn 0.8036142 0.59515065 0
vn 0.80361444 0.5951502 0
vn 0.8036142 0.59515065 0
vn 0.80361444 0.5951503 0
vn 1 0 0
vn 1 0 0
vn 1 0 0
vn 1 0 0
vn -0 1 0
vn -0 1 0
vn -0 1 0
vn -0 1 0
vn -0 1 0
vn -0 1 0
vn -0 1 0
vn -0 1 0
vn -0 1 0
vn -0 1 0
vn -0 1 0
vn -0 1 0
vn -1 0 0
vn -1 0 0
vn -1 0 0
vn -1 0 0
vn -0.99999964 0.0008098707 0
vn -1 0 0
vn -0.99999964 0.0008098707 0
vn -0.99999964 0.0008098707 0
vn -0.9999993 0.0011784215 -0.00030168705
vn -0.9999993 0.0011784215 -0.00030168705
vn -0.9999993 0.0011784215 -0.00030168705
vn -0 -1 0
vn -0 -1 0
vn -0 -1 0
vn -0 -1 0
vn -0 -1 0
vn -0 -1 0
vn -0 -1 0
vn -0 -1 0
vn -0 -1 0
vn -0 -1 0
vn -0 -1 0
vn -0 -1 0
vn 0.0036394128 -0.99999344 -1.10807205E-05
vn 0.0036394128 -0.99999344 -1.10807205E-05
vn 0.0036394128 -0.99999344 -1.10807205E-05
vn 0.0036394128 -0.99999344 -1.10807205E-05
vn 0.99999964 -0.0008101249 0
vn 0.99999964 -0.0008101249 0
vn 0.99999964 -0.0008101249 0
vn 0.99999964 -0.0008101249 0
vn 1 0 0
vn 1 0 0
vn 0.06381581 -0.99796164 0
vn 0.06381581 -0.99796164 0
vn 0.06381581 -0.99796164 0
vn 0.06381581 -0.99796164 0
vn 0.99999976 0.0007563274 0
vn 0.99999976 0.0007563274 0
vn 0.99999976 0.0007563274 0
vn 0.99999976 0.0007563274 0
vn 0.99999976 0.000797539 0
vn 0.99999976 0.000797539 0
vn -0 1 0
vn -0 1 0
vn -0 1 0
vn -0 1 0
vn 0.019853346 0.9998029 0
vn 0.019853346 0.9998029 0
vn -0 1 0
vn -0 1 0
vn -0.99997425 -0.0071857935 0
vn -0.99997425 -0.0071857935 0
vn -0.99997425 -0.0071857935 0
vn -0.99997425 -0.0071857935 0
vn -0.99996185 -0.008738704 0
vn -0.99996185 -0.008738704 0
vn -0 -1 0
vn -0 -1 0
vn -0 -1 0
vn -0 -1 0
vn -0 -1 0
vn -0 -1 0
vn -0 1 0
vn -0 1 0
vn -0 1 0
vn -0 1 0
vn -0 1 0
vn -0 1 0
vn -1 0 0
vn -1 0 0
vn -1 0 0
vn -1 0 0
vn -1 0 0
vn -1 0 0
vn -0.0017500938 -0.99999845 0
vn -0.0017500938 -0.99999845 0
vn -0.0017500938 -0.99999845 0
vn -0.0017500938 -0.99999845 0
vn 0.002538144 -0.9999968 0
vn 0.002538144 -0.9999968 0
vn 0.002538144 -0.9999968 0
vn 0.002538144 -0.9999968 0
vn 0.014266547 -0.9998982 0
vn 0.014266547 -0.9998982 0
vn -0 -1 0
vn -0 -1 0
vn -0.60943604 0.00048361512 0.79283506
vn -0.60943604 0.00048361512 0.79283506
vn -0.60943604 0.00048361512 0.79283506
vn -0.60943604 0.00048361512 0.79283506
vn 1 0 0
vn 1 0 0
vn 1 0 0
vn 1 0 0
vn -0 -1 0
vn -0 -1 0
vn -0 -1 0
vn -0 -1 0
vn 0.99987614 -0.015737075 0
vn 0.99987614 -0.015737075 0
vn 0.99987614 -0.015737075 0
vn 0.99987614 -0.015737075 0
vn -0 0 1
vn -0 0 1
vn -0 0 1
vn -0 0 1
vn -0 0 1
vn -0 0 1
vn -0 0 1
vn -0 0 1
vn -0 0 1
vn -0 0 1
vn -0 0 1
vn -0 0 1
vn -0 0 1
vn -0 0 1
vn -0 0 1
vn -0 0 1
vn -0 0 1
vn -0 0 1
vn -0 0 1
vn -0 0 1
vn -0 0 1
vn -0 0 1
vn -0 0 1
vn -0 0 1
vn -0 0 1
vn -0 0 1
vn -0 0 1
vn -0 0 1
vn -0 0 1
vn -0 0 1
vn -0 0 1
vn -0 0 1
vn -0 0 1
vn -0 0 1
vn -0 0 1
vn -0 0 1
vn -0 0 1
vn -0 0 1
vn -0 0 1
vn -0 0 1
vn -0 0 1
vn -0 0 1
vn -0 0 1
vn -0 0 1
vn -0 0 1
vn -0 0 1
vn -0 0 1
vn -0 0 1
vn -0 0 1
vn -0 0 1
vn -0 0 1
vn -0 -2.7781682E-05 1
vn -0 -2.7781682E-05 1
vn -0.8020365 -0.006832341 0.597236
vn -0.8020365 -0.006832341 0.597236
vn -0.8020365 -0.006832341 0.597236
vn -0.8044717 0 0.5939911
vn -0 0 1
vn -0 0 1
vn -0 0 1
vn -0 0 1
vn -0 0 1
vn -0 0 1
vn -0 0 1
vn -0 0 1
vn -0 0 1
vn -0 0 1
vn -0 0 1
vn -0 0 1
vn -0 0 1
vn -0 0 1
vn -0 0 1
vn -0 0 1
vn -0 0 1
vn -0 0 1
vn -0 0 1
vn -0 0 1
vn -0 0 1
vn 1.386451E-05 1.4070724E-05 1
vn -0.0036445085 0.99999344 0
vn -0.0036445085 0.99999344 0
vn -0.0036445085 0.99999344 0
vn -0.0036445085 0.99999344 0
vn -0 -1 0
vn -0 -1 0
vn -0 -1 0
vn -0 -1 0
vn -0 -1 0
vn -0 -1 0
vn -0 -1 0
vn -0 -1 0
vn -0 -1 0
vn -0 1 0
vn -0 1 0
vn -0 1 0
vn -0 1 0
vn -0 1 0
vn -0 1 0
vn 0.9984856 -0.055013802 0
vn 0.9984856 -0.055013802 0
vn 0.9984856 -0.055013802 0
vn 0.9984856 -0.055013802 0
vn 0.70806605 0.7061462 0
vn 0.70806605 0.7061462 0
vn 0.70806605 0.7061462 0
vn 0.70806605 0.7061462 0
vn 0.99996185 0.008738688 0
vn 0.99996185 0.008738628 0
vn 0.99996185 0.008738628 0
vn 0.99997425 0.0071864417 0
vn 0.99996185 0.008738688 0
vn 0.99997425 0.007186399 0
vn 0.99997425 0.0071864417 0
vn 0.99997425 0.0071864417 0
vn -1 0.00033895893 0
vn -1 0.00033895893 0
vn -1 0.00033895893 0
vn -1 0.00033895893 0
vn 0.003644554 -0.99999344 0
vn 0.003644554 -0.99999344 0
vn 0.003644554 -0.99999344 0
vn 0.003644554 -0.99999344 0
vn -0 1 0
vn -0 1 0
vn -0 1 0
vn -0 1 0
vn -0.80361444 -0.59515035 0
vn -0.80361444 -0.59515035 0
vn -0.80361444 -0.59515035 0
vn -0.80361444 -0.59515035 0
vn -0.80361414 -0.5951507 0
vn -0.80361414 -0.5951507 0
vn -0.9999999 0.0006069354 0
vn -0.9999999 0.0006069354 0
vn -0.9999999 0.0006069354 0
vn -0.9999999 0.0006069354 0
vn -0.9999999 0.00042972004 0
vn -0.9999999 0.00042972004 0
vn -0.9999999 0.00042972004 0
vn -0.9999999 0.00042972004 0
vn -0.5997025 0.00012813124 0.80022305
vn -0.5997025 0.00012813124 0.80022305
vn -0.5997025 0.00012813124 0.80022305
vn -0.5997025 0.00012813124 0.80022305
vn -0 0 -1
vn -0 0 -1
vn -0 0 -1
vn -0 0 -1
vn -0 -1 0
vn -0 -1 0
vn -0 -1 0
vn -0 -1 0
vn -1 0 0
vn -1 0 0
vn -1 0 0
vn -1 0 0
vn -0 1 0
vn -0 1 0
vn -0 1 0
vn -0 1 0
vn -0 -1 0
vn -0 -1 0
vn -0 -1 0
vn -0 -1 0
vn 1 0 0
vn 1 0 0
vn 1 0 0
vn 1 0 0
vn -1 0 0
vn -1 0 0
vn -1 0 0
vn -1 0 0
vn -0 0 1
vn -0 0 1
vn -0 0 1
vn -0 0 1
vn 1 0 0
vn 1 0 0
vn 1 0 0
vn 1 0 0
vn -0 -1 0
vn -0 -1 0
vn -0 -1 0
vn -0 -1 0
vn -0 1 0
vn -0 1 0
vn -0 1 0
vn -0 1 0
vn -0 0 -1
vn -0 0 -1
vn -0 0 -1
vn -0 0 -1
vn -0 0 -1
vn -0 0 -1
vn -0 0 -1
vn -0 0 -1
vn -0 -1 0
vn -0 -1 0
vn -0 -1 0
vn -0 -1 0
vn -1 0 0
vn -1 0 0
vn -1 0 0
vn -1 0 0
vn -0 1 0
vn -0 1 0
vn -0 1 0
vn -0 1 0
vn -1 0 0
vn -1 0 0
vn -1 0 0
vn -1 0 0
vn 1 0 0
vn 1 0 0
vn 1 0 0
vn 1 0 0
vn -0 0 -1
vn -0 0 -1
vn -0 0 -1
vn -0 0 -1
vn -0 -1 0
vn -0 -1 0
vn -0 -1 0
vn -0 -1 0
vn -1 0 0
vn -1 0 0
vn -1 0 0
vn -1 0 0
vn -0 1 0
vn -0 1 0
vn -0 1 0
vn -0 1 0
vn 1 0 0
vn 1 0 0
vn 1 0 0
vn 1 0 0
vn 1 0 0
vn 1 0 0
vn 1 0 0
vn 1 0 0
vn -0 0 -1
vn -0 0 -1
vn -0 0 -1
vn -0 0 -1
vn -0 -1 0
vn -0 -1 0
vn -0 -1 0
vn -0 -1 0
vn -1 0 0
vn -1 0 0
vn -1 0 0
vn -1 0 0
vn -0 1 0
vn -0 1 0
vn -0 1 0
vn -0 1 0
vn -1 0 0
vn -1 0 0
vn -1 0 0
vn -1 0 0
vn 1 0 0
vn 1 0 0
vn 1 0 0
vn 1 0 0
vn -0 0 -1
vn -0 0 -1
vn -0 0 -1
vn -0 0 -1
vn -0 -1 0
vn -0 -1 0
vn -0 -1 0
vn -0 -1 0
vn -1 0 0
vn -1 0 0
vn -1 0 0
vn -1 0 0
vn -0 1 0
vn -0 1 0
vn -0 1 0
vn -0 1 0
vn -0 -1 0
vn -0 -1 0
vn -0 -1 0
vn -0 -1 0
vn 1 0 0
vn 1 0 0
vn 1 0 0
vn 1 0 0
vn -0 0 -1
vn -0 0 -1
vn -0 0 -1
vn -0 0 -1
vn -0 -1 0
vn -0 -1 0
vn -0 -1 0
vn -0 -1 0
vn -1 0 0
vn -1 0 0
vn -1 0 0
vn -1 0 0
vn -0 1 0
vn -0 1 0
vn -0 1 0
vn -0 1 0
vn -0 1 0
vn -0 1 0
vn -0 1 0
vn -0 1 0
vn 1 0 0
vn 1 0 0
vn 1 0 0
vn 1 0 0
vn -0 0 -1
vn -0 0 -1
vn -0 0 -1
vn -0 0 -1
vn -0 -1 0
vn -0 -1 0
vn -0 -1 0
vn -0 -1 0
vn -1 0 0
vn -1 0 0
vn -1 0 0
vn -1 0 0
vn -0 1 0
vn -0 1 0
vn -0 1 0
vn -0 1 0
vn -0 -1 0
vn -0 -1 0
vn -0 -1 0
vn -0 -1 0
vn 1 0 0
vn 1 0 0
vn 1 0 0
vn 1 0 0
vn -0 0 -1
vn -0 0 -1
vn -0 0 -1
vn -0 0 -1
vn -0 -1 0
vn -0 -1 0
vn -0 -1 0
vn -0 -1 0
vn -1 0 0
vn -1 0 0
vn -1 0 0
vn -1 0 0
vn -0 1 0
vn -0 1 0
vn -0 1 0
vn -0 1 0
vn -1 0 0
vn -1 0 0
vn -1 0 0
vn -1 0 0
vn 1 0 0
vn 1 0 0
vn 1 0 0
vn 1 0 0
vn -0 0 -1
vn -0 0 -1
vn -0 0 -1
vn -0 0 -1
vn -0 -1 0
vn -0 -1 0
vn -0 -1 0
vn -0 -1 0
vn -1 0 0
vn -1 0 0
vn -1 0 0
vn -1 0 0
vn -0 1 0
vn -0 1 0
vn -0 1 0
vn -0 1 0
vn 1 0 0
vn 1 0 0
vn 1 0 0
vn 1 0 0
vn 1 0 0
vn 1 0 0
vn 1 0 0
vn 1 0 0
vn -0 0 -1
vn -0 0 -1
vn -0 0 -1
vn -0 0 -1
vn -0 -1 0
vn -0 -1 0
vn -0 -1 0
vn -0 -1 0
vn -1 0 0
vn -1 0 0
vn -1 0 0
vn -1 0 0
vn -0 1 0
vn -0 1 0
vn -0 1 0
vn -0 1 0
vn -0 -1 0
vn -0 -1 0
vn -0 -1 0
vn -0 -1 0
vn 1 0 0
vn 1 0 0
vn 1 0 0
vn 1 0 0
vn -0 0 -1
vn -0 0 -1
vn -0 0 -1
vn -0 0 -1
vn -0 -1 0
vn -0 -1 0
vn -0 -1 0
vn -0 -1 0
vn -1 0 0
vn -1 0 0
vn -1 0 0
vn -1 0 0
vn -0 1 0
vn -0 1 0
vn -0 1 0
vn -0 1 0
vn -0 1 0
vn -0 1 0
vn -0 1 0
vn -0 1 0
vn 1 0 0
vn 1 0 0
vn 1 0 0
vn 1 0 0
vn -0 0 -1
vn -0 0 -1
vn -0 0 -1
vn -0 0 -1
vn -0 -1 0
vn -0 -1 0
vn -0 -1 0
vn -0 -1 0
vn -1 0 0
vn -1 0 0
vn -1 0 0
vn -1 0 0
vn -0 1 0
vn -0 1 0
vn -0 1 0
vn -0 1 0
vn 1 0 0
vn 1 0 0
vn 1 0 0
vn 1 0 0
vn 1 0 0
vn 1 0 0
vn 1 0 0
vn 1 0 0
vn 0.9999995 -0.0009676586 0
vn 0.9999995 -0.0009676586 0
vn 0.9999995 -0.0009676586 0
vn 0.9999995 -0.0009676586 0
vn -0 0 -1
vn -0 0 -1
vn -0 0 -1
vn -0 0 -1
vn -0 -1 0
vn -0 -1 0
vn -0 -1 0
vn -0 -1 0
vn -1 0 0
vn -1 0 0
vn -1 0 0
vn -1 0 0
vn -0 1 0
vn -0 1 0
vn -0 1 0
vn -0 1 0
vn -1 0 0
vn -1 0 0
vn -1 0 0
vn -1 0 0
vn 1 0 0
vn 1 0 0
vn 1 0 0
vn 1 0 0
vn -0 0 -1
vn -0 0 -1
vn -0 0 -1
vn -0 0 -1
vn -0 -1 0
vn -0 -1 0
vn -0 -1 0
vn -0 -1 0
vn -1 0 0
vn -1 0 0
vn -1 0 0
vn -1 0 0
vn -0 1 0
vn -0 1 0
vn -0 1 0
vn -0 1 0
vn -0 1 0
vn -0 1 0
vn -0 1 0
vn -0 1 0
vn 1 0 0
vn 1 0 0
vn 1 0 0
vn 1 0 0
vn 1 0 0
vn 1 0 0
vn 1 0 0
vn 1 0 0
vn -0 -1 0
vn -0 -1 0
vn -0 -1 0
vn -0 -1 0
vn -0 1 0
vn -0 1 0
vn -0 1 0
vn -0 1 0
vn -1 0 0
vn -1 0 0
vn -1 0 0
vn -1 0 0
vn -0 -1 0
vn -0 -1 0
vn -0 -1 0
vn -0 -1 0
vn -0 0 -1
vn -0 0 -1
vn -0 0 -1
vn -0 0 -1
vn -0 0 1
vn -0 0 1
vn -0 0 1
vn -0 0 1
vn -0 0 1
vn -0 0 1
vn -0 0 1
vn -0 0 1
vn -0 0 1
vn -0 0 1
vn -0 0 1
vn -0 0 1
vn -0 0 1
vn -0 0 1
vn -0 0 1
vn -0 0 1
vn -0 0 1
vn -0 0 1
vn -0 0 1
vn -0 0 1
vn -0 0 1
vn -0 0 1
vn -0 0 1
vn -0 0 1
vn -0 0 1
vn -0 0 1
vn -0 0 1
vn -0 0 1
vn -0 0 1
vn -0 0 1
vn -0 0 1
vn -0 0 1
vn -0 0 1
vn -0 0 1
vn -0 0 1
vn -0 0 1
vn -0 0 1
vn -0 0 1
vn -0 0 1
vn -0 0 1
vn -0 0 1
vn -0 0 1
vn -0 0 1
vn -0 0 1
vn -0 0 1
vn -0 0 1
vn -0 0 1
vn -0 0 1
vn -0 0 1
vn -0 0 1
vn -0 0 1
vn -0 0 1
vn -0 0 1
vn -0 0 1
vn -0 0 1
vn -0 0 1
vn -0 0 1
vn -0 0 1
vn -0 0 1
vn -0 0 1
vn -0 1 0
vn -0 1 0
vn -0 1 0
vn -0 1 0
vn 1 0 0
vn 1 0 0
vn 1 0 0
vn 1 0 0
vn -1 0 0
vn -1 0 0
vn -1 0 0
vn -1 0 0
vn 1 0 0
vn 1 0 0
vn 1 0 0
vn 1 0 0
vn -0 -1 0
vn -0 -1 0
vn -0 -1 0
vn -0 -1 0
vn -0 1 0
vn -0 1 0
vn -0 1 0
vn -0 1 0
vn -1 0 0
vn -1 0 0
vn -1 0 0
vn -1 0 0
vn 1 0 0
vn 1 0 0
vn 1 0 0
vn 1 0 0
vn -0 1 0
vn -0 1 0
vn -0 1 0
vn -0 1 0
vn -0 -1 0
vn -0 -1 0
vn -0 -1 0
vn -0 -1 0
vn 1 0 0
vn 1 0 0
vn 1 0 0
vn 1 0 0
vn -1 0 0
vn -1 0 0
vn -1 0 0
vn -1 0 0
vn 1 0 0
vn 1 0 0
vn 1 0 0
vn 1 0 0
vn -0 1 0
vn -0 1 0
vn -0 1 0
vn -0 1 0
vn -0 -1 0
vn -0 -1 0
vn -0 -1 0
vn -0 -1 0
vn -0 1 0
vn -0 1 0
vn -0 1 0
vn -0 1 0
vn 1 0 0
vn 1 0 0
vn 1 0 0
vn 1 0 0
vn -1 0 0
vn -1 0 0
vn -1 0 0
vn -1 0 0
vn -1 0 0
vn -1 0 0
vn -1 0 0
vn -1 0 0
vn -0 -1 0
vn -0 -1 0
vn -0 -1 0
vn -0 -1 0
vn -0 1 0
vn -0 1 0
vn -0 1 0
vn -0 1 0
vn -0 -1 0
vn -0 -1 0
vn -0 -1 0
vn -0 -1 0
vn -1 0 0
vn -1 0 0
vn -1 0 0
vn -1 0 0
vn 1 0 0
vn 1 0 0
vn 1 0 0
vn 1 0 0
vn -0 1 0
vn -0 1 0
vn -0 1 0
vn -0 1 0
vn -0 -1 0
vn -0 -1 0
vn -0 -1 0
vn -0 -1 0
vn 1 0 0
vn 1 0 0
vn 1 0 0
vn 1 0 0
vn -1 0 0
vn -1 0 0
vn -1 0 0
vn -1 0 0
vn -0 -1 0
vn -0 -1 0
vn -0 -1 0
vn -0 -1 0
vn -0 1 0
vn -0 1 0
vn -0 1 0
vn -0 1 0
vn -1 0 0
vn -1 0 0
vn -1 0 0
vn -1 0 0
vn 1 0 0
vn 1 0 0
vn 1 0 0
vn 1 0 0
vn -0 1 0
vn -0 1 0
vn -0 1 0
vn -0 1 0
vn -0 -1 0
vn -0 -1 0
vn -0 -1 0
vn -0 -1 0
vn 1 0 0
vn 1 0 0
vn 1 0 0
vn 1 0 0
vn -1 0 0
vn -1 0 0
vn -1 0 0
vn -1 0 0
vn -0 -1 0
vn -0 -1 0
vn -0 -1 0
vn -0 -1 0
vn -0 1 0
vn -0 1 0
vn -0 1 0
vn -0 1 0
vn -1 0 0
vn -1 0 0
vn -1 0 0
vn -1 0 0
vn 1 0 0
vn 1 0 0
vn 1 0 0
vn 1 0 0
vn -0 1 0
vn -0 1 0
vn -0 1 0
vn -0 1 0
vn -0 -1 0
vn -0 -1 0
vn -0 -1 0
vn -0 -1 0
vn 1 0 0
vn 1 0 0
vn 1 0 0
vn 1 0 0
vn -1 0 0
vn -1 0 0
vn -1 0 0
vn -1 0 0
vn -0 0 -1
vn -0 0 -1
vn -0 0 -1
vn -0 0 -1
vn -0 -1 0
vn -0 -1 0
vn -0 -1 0
vn -0 -1 0
vn -1 0 0
vn -1 0 0
vn -1 0 0
vn -1 0 0
vn -0 1 0
vn -0 1 0
vn -0 1 0
vn -0 1 0
vn 1 0 0
vn 1 0 0
vn 1 0 0
vn 1 0 0
vn -0 0 1
vn -0 0 1
vn -0 0 1
vn -0 0 1
vn -0 -1 0
vn -0 -1 0
vn -0 -1 0
vn -0 -1 0
vn -1 0 0
vn -1 0 0
vn -1 0 0
vn -1 0 0
vn -0 1 0
vn -0 1 0
vn -0 1 0
vn -0 1 0
vn 1 0 0
vn 1 0 0
vn 1 0 0
vn 1 0 0
vn -0 0 -1
vn -0 0 -1
vn -0 0 -1
vn -0 0 -1
vn -0 -1 0
vn -0 -1 0
vn -0 -1 0
vn -0 -1 0
vn -1 0 0
vn -1 0 0
vn -1 0 0
vn -1 0 0
vn -0 1 0
vn -0 1 0
vn -0 1 0
vn -0 1 0
vn 1 0 0
vn 1 0 0
vn 1 0 0
vn 1 0 0
vn -0 1 0
vn -0 1 0
vn -0 1 0
vn -0 1 0
vn 1 0 0
vn 1 0 0
vn 1 0 0
vn 1 0 0
vn -0 -1 0
vn -0 -1 0
vn -0 -1 0
vn -0 -1 0
vn -1 0 0
vn -1 0 0
vn -1 0 0
vn -1 0 0
vn -0 0 1
vn -0 0 1
vn -0 0 1
vn -0 0 1
vn -0 0 1
vn -0 0 1
vn -0 0 1
vn -0 0 1
vn -0 1 0
vn -0 1 0
vn -0 1 0
vn -0 1 0
vn -0 0 -1
vn -0 0 -1
vn -0 0 -1
vn -0 0 -1
vn -1 0 0
vn -1 0 0
vn -1 0 0
vn -1 0 0
vn -0 0 1
vn -0 0 1
vn -0 0 1
vn -0 0 1
vn 1 0 0
vn 1 0 0
vn 1 0 0
vn 1 0 0
vn -0 -1 0
vn -0 -1 0
vn -0 -1 0
vn -0 -1 0
vn -0 0 -1
vn -0 0 -1
vn -0 0 -1
vn -0 0 -1
vn -0 0 -1
vn -0 0 -1
vn -0 0 -1
vn -0 0 -1
vn -0 -1 0
vn -0 -1 0
vn -0 -1 0
vn -0 -1 0
vn -1 0 0
vn -1 0 0
vn -1 0 0
vn -1 0 0
vn -0 1 0
vn -0 1 0
vn -0 1 0
vn -0 1 0
vn 1 0 0
vn 1 0 0
vn 1 0 0
vn 1 0 0
vn -0 1 0
vn -0 1 0
vn -0 1 0
vn -0 1 0
vn 1 0 0
vn 1 0 0
vn 1 0 0
vn 1 0 0
vn -0 -1 0
vn -0 -1 0
vn -0 -1 0
vn -0 -1 0
vn -1 0 0
vn -1 0 0
vn -1 0 0
vn -1 0 0
vn -0 0 1
vn -0 0 1
vn -0 0 1
vn -0 0 1
vn -0 0 1
vn -0 0 1
vn -0 0 1
vn -0 0 1
vn -0 1 0
vn -0 1 0
vn -0 1 0
vn -0 1 0
vn -0 0 -1
vn -0 0 -1
vn -0 0 -1
vn -0 0 -1
vn -0 0 -1
vn -0 0 -1
vn -0 0 -1
vn -0 0 -1
vn -0 -1 0
vn -0 -1 0
vn -0 -1 0
vn -0 -1 0
vn -0 0 1
vn -0 0 1
vn -0 0 1
vn -0 0 1
vn -0 1 0
vn -0 1 0
vn -0 1 0
vn -0 1 0
vn -1 0 0
vn -1 0 0
vn -1 0 0
vn -1 0 0
vn 1 0 0
vn 1 0 0
vn 1 0 0
vn 1 0 0
vn -0 -1 0
vn -0 -1 0
vn -0 -1 0
vn -0 -1 0
vn -0 0 -1
vn -0 0 -1
vn -0 0 -1
vn -0 0 -1
vn 1 0 0
vn 1 0 0
vn 1 0 0
vn 1 0 0
vn -0 1 0
vn -0 1 0
vn -0 1 0
vn -0 1 0
vn -0 0 1
vn -0 0 1
vn -0 0 1
vn -0 0 1
vn -1 0 0
vn -1 0 0
vn -1 0 0
vn -1 0 0
vn -0 0 -1
vn -0 0 -1
vn -0 0 -1
vn -0 0 -1
vn -0 -1 0
vn -0 -1 0
vn -0 -1 0
vn -0 -1 0
vn -0 0 1
vn -0 0 1
vn -0 0 1
vn -0 0 1
vn -0 1 0
vn -0 1 0
vn -0 1 0
vn -0 1 0
vn -1 0 0
vn -1 0 0
vn -1 0 0
vn -1 0 0
vn 1 0 0
vn 1 0 0
vn 1 0 0
vn 1 0 0
vn -0 -1 0
vn -0 -1 0
vn -0 -1 0
vn -0 -1 0
vn -0 0 -1
vn -0 0 -1
vn -0 0 -1
vn -0 0 -1
vn 1 0 0
vn 1 0 0
vn 1 0 0
vn 1 0 0
vn -0 1 0
vn -0 1 0
vn -0 1 0
vn -0 1 0
vn -0 0 1
vn -0 0 1
vn -0 0 1
vn -0 0 1
vn -1 0 0
vn -1 0 0
vn -1 0 0
vn -1 0 0
vn -0 0 -1
vn -0 0 -1
vn -0 0 -1
vn -0 0 -1
vn -0 -1 0
vn -0 -1 0
vn -0 -1 0
vn -0 -1 0
vn -0 0 1
vn -0 0 1
vn -0 0 1
vn -0 0 1
vn -0 1 0
vn -0 1 0
vn -0 1 0
vn -0 1 0
vn -1 0 0
vn -1 0 0
vn -1 0 0
vn -1 0 0
vn 1 0 0
vn 1 0 0
vn 1 0 0
vn 1 0 0
vn -0 0 -1
vn -0 0 -1
vn -0 0 -1
vn -0 0 -1
vn -0 -1 0
vn -0 -1 0
vn -0 -1 0
vn -0 -1 0
vn -0 0 1
vn -0 0 1
vn -0 0 1
vn -0 0 1
vn -0 1 0
vn -0 1 0
vn -0 1 0
vn -0 1 0
vn -1 0 0
vn -1 0 0
vn -1 0 0
vn -1 0 0
vn 1 0 0
vn 1 0 0
vn 1 0 0
vn 1 0 0
vn -0 0 -1
vn -0 0 -1
vn -0 0 -1
vn -0 0 -1
vn -0 -1 0
vn -0 -1 0
vn -0 -1 0
vn -0 -1 0
vn -0 0 1
vn -0 0 1
vn -0 0 1
vn -0 0 1
vn -0 1 0
vn -0 1 0
vn -0 1 0
vn -0 1 0
vn -1 0 0
vn -1 0 0
vn -1 0 0
vn -1 0 0
vn 1 0 0
vn 1 0 0
vn 1 0 0
vn 1 0 0
vn -0 0 -1
vn -0 0 -1
vn -0 0 -1
vn -0 0 -1
vn -0 -1 0
vn -0 -1 0
vn -0 -1 0
vn -0 -1 0
vn -0 0 1
vn -0 0 1
vn -0 0 1
vn -0 0 1
vn -0 1 0
vn -0 1 0
vn -0 1 0
vn -0 1 0
vn -1 0 0
vn -1 0 0
vn -1 0 0
vn -1 0 0
vn 1 0 0
vn 1 0 0
vn 1 0 0
vn 1 0 0
vn -0 0 -1
vn -0 0 -1
vn -0 0 -1
vn -0 0 -1
vn -0 -1 0
vn -0 -1 0
vn -0 -1 0
vn -0 -1 0
vn -0 0 1
vn -0 0 1
vn -0 0 1
vn -0 0 1
vn -0 1 0
vn -0 1 0
vn -0 1 0
vn -0 1 0
vn -1 0 0
vn -1 0 0
vn -1 0 0
vn -1 0 0
vn 1 0 0
vn 1 0 0
vn 1 0 0
vn 1 0 0
vn -0 0 -1
vn -0 0 -1
vn -0 0 -1
vn -0 0 -1
vn -0 -1 0
vn -0 -1 0
vn -0 -1 0
vn -0 -1 0
vn -0 0 1
vn -0 0 1
vn -0 0 1
vn -0 0 1
vn -0 1 0
vn -0 1 0
vn -0 1 0
vn -0 1 0
vn -1 0 0
vn -1 0 0
vn -1 0 0
vn -1 0 0
vn 1 0 0
vn 1 0 0
vn 1 0 0
vn 1 0 0
vn -0 0 -1
vn -0 0 -1
vn -0 0 -1
vn -0 0 -1
vn -0 -1 0
vn -0 -1 0
vn -0 -1 0
vn -0 -1 0
vn -0 0 1
vn -0 0 1
vn -0 0 1
vn -0 0 1
vn -0 1 0
vn -0 1 0
vn -0 1 0
vn -0 1 0
vn -1 0 0
vn -1 0 0
vn -1 0 0
vn -1 0 0
vn 1 0 0
vn 1 0 0
vn 1 0 0
vn 1 0 0
vn -0 0 -1
vn -0 0 -1
vn -0 0 -1
vn -0 0 -1
vn -0 -1 0
vn -0 -1 0
vn -0 -1 0
vn -0 -1 0
vn -0 0 1
vn -0 0 1
vn -0 0 1
vn -0 0 1
vn -0 1 0
vn -0 1 0
vn -0 1 0
vn -0 1 0
vn -0.99981695 0 0.019133158
vn -0.99981695 0 0.019133158
vn -0.99981695 0 0.019133158
vn -0.99981695 0 0.019133158
vn 0.99981695 0 -0.019133158
vn 0.99981695 0 -0.019133158
vn 0.99981695 0 -0.019133158
vn 0.99981695 0 -0.019133158
vn -0.5923076 0.805712 0
vn -0.5923076 0.805712 0
vn -0.5923076 0.805712 0
vn -0.5923076 0.805712 0
vn 0.8057129 0.5923063 0
vn 0.8057129 0.5923063 0
vn 0.8057129 0.5923063 0
vn 0.8057129 0.5923063 0
vn -0 0 -1
vn -0 0 -1
vn -0 0 -1
vn -0 0 -1
vn -0 0 1
vn -0 0 1
vn -0 0 1
vn -0 0 1
vn -0.8057129 -0.5923063 0
vn -0.8057129 -0.5923063 0
vn -0.8057129 -0.5923063 0
vn -0.8057129 -0.5923063 0
vn 0.5923076 -0.805712 0
vn 0.5923076 -0.805712 0
vn 0.5923076 -0.805712 0
vn 0.5923076 -0.805712 0
vn -0 0 -1
vn -0 0 -1
vn -0 0 -1
vn -0 0 -1
vn -0 -1 0
vn -0 -1 0
vn -0 -1 0
vn -0 -1 0
vn -0 0 1
vn -0 0 1
vn -0 0 1
vn -0 0 1
vn -0 1 0
vn -0 1 0
vn -0 1 0
vn -0 1 0
vn -1 0 0
vn -1 0 0
vn -1 0 0
vn -1 0 0
vn 1 0 0
vn 1 0 0
vn 1 0 0
vn 1 0 0
vn -0 0 -1
vn -0 0 -1
vn -0 0 -1
vn -0 0 -1
vn -0 -1 0
vn -0 -1 0
vn -0 -1 0
vn -0 -1 0
vn -0 0 1
vn -0 0 1
vn -0 0 1
vn -0 0 1
vn -0 1 0
vn -0 1 0
vn -0 1 0
vn -0 1 0
vn -1 0 0
vn -1 0 0
vn -1 0 0
vn -1 0 0
vn 1 0 0
vn 1 0 0
vn 1 0 0
vn 1 0 0
vn -0 0 -1
vn -0 0 -1
vn -0 0 -1
vn -0 0 -1
vn -0 -1 0
vn -0 -1 0
vn -0 -1 0
vn -0 -1 0
vn -0 0 1
vn -0 0 1
vn -0 0 1
vn -0 0 1
vn -0 1 0
vn -0 1 0
vn -0 1 0
vn -0 1 0
vn -1 0 0
vn -1 0 0
vn -1 0 0
vn -1 0 0
vn 1 0 0
vn 1 0 0
vn 1 0 0
vn 1 0 0
vn -0 0 -1
vn -0 0 -1
vn -0 0 -1
vn -0 0 -1
vn -0 -1 0
vn -0 -1 0
vn -0 -1 0
vn -0 -1 0
vn -0 0 1
vn -0 0 1
vn -0 0 1
vn -0 0 1
vn -0 1 0
vn -0 1 0
vn -0 1 0
vn -0 1 0
vn -1 0 0
vn -1 0 0
vn -1 0 0
vn -1 0 0
vn 1 0 0
vn 1 0 0
vn 1 0 0
vn 1 0 0
vn -0 0 -1
vn -0 0 -1
vn -0 0 -1
vn -0 0 -1
vn -0 -1 0
vn -0 -1 0
vn -0 -1 0
vn -0 -1 0
vn -0 0 1
vn -0 0 1
vn -0 0 1
vn -0 0 1
vn -0 1 0
vn -0 1 0
vn -0 1 0
vn -0 1 0
vn -1 0 0
vn -1 0 0
vn -1 0 0
vn -1 0 0
vn 1 0 0
vn 1 0 0
vn 1 0 0
vn 1 0 0
vn -0 0 -1
vn -0 0 -1
vn -0 0 -1
vn -0 0 -1
vn -0 -1 0
vn -0 -1 0
vn -0 -1 0
vn -0 -1 0
vn -0 0 1
vn -0 0 1
vn -0 0 1
vn -0 0 1
vn -0 1 0
vn -0 1 0
vn -0 1 0
vn -0 1 0
vn -1 0 0
vn -1 0 0
vn -1 0 0
vn -1 0 0
vn 1 0 0
vn 1 0 0
vn 1 0 0
vn 1 0 0
vn -0 0 1
vn -0 0 1
vn -0 0 1
vn -0 0 1
vn -0 0 1
vn -0 0 1
vn -0 0 1
vn -0 0 1
vn -0 0 1
vn -0 0 1
vn -0 0 1
vn -0 0 1
vn -0 0 1
vn -0 0 1
vn -0 0 1
vn -0 0 1
vn -0 0 1
vn -0 0 1
vn -0 0 1
vn -0 0 1
vn -0 0 1
vn -0 0 1
vn -0 0 1
vn -0 0 1
vn -0 0 1
vn -0 0 1
vn -0 0 1
vn -0 0 1
vn -0 0 1
vn -0 0 1
vn -0 0 1
vn -0 0 1
vn -0 0 1
vn -0 0 1
vn -0 0 1
vn -0 0 1
vn -0 0 1
vn -0 0 1
vn -0 0 1
vn -0 0 1
vn -0 0 1
vn -0 0 1
vn -0 0 1
vn -0 0 1
vn -0 0 1
vn -0 0 1
vn -0 0 1
vn -0 0 1
vn -0 0 1
vn -0 0 1
vn -0 0 1
vn -0 0 1
vn -0 0 1
vn -0 0 1
vn -0 0 1
vn -0 0 1
vn -0 0 1
vn -0 0 1
vn -0 0 1
vn -0 0 1
vn -0 0 1
vn -0 0 1
vn -0 0 1
vn -0 0 1
vn -0 0 1
vn -0 0 1
vn -0 0 1
vn -0 0 1
vn -0 0 1
vn -0 0 1
vn -0 0 1
vn -0 0 1
vn -0 0 1
vn -0 0 1
vn -0 0 1
vn -0 0 1
vn -0 0 1
vn -0 0 1
vn -0 0 1
vn -0 0 1
vn -0 0 1
vn -0 0 1
vn -0 0 1
vn -0 0 1
vn -0 0 1
vn -0 0 1
vn -0 0 1
vn -0 0 1
vn -0 0 1
vn -0 0 1
vn -0 0 1
vn -0 0 1
vn -0 0 1
vn -0 0 1
vn -0 0 1
vn -0 0 1
vn -0 0 1
vn -0 0 1
vn -0 0 1
vn -0 0 1
vn -0 0 1
vn -0 0 1
vn -0 0 1
vn -0 0 1
vn -0 0 1
vn -0 0 1
vn -0 0 1
vn -0 0 1
vn -0 0 1
vn -0 0 1
vn -0 0 1
vn -0 0 1
vn -0 0 1
vn -0 0 1
vn -0 0 1
vn -0 0 1
vn -0 0 1
vn -0 0 1
vn -0 0 1
vn -0 0 1
vn -0 0 1
vn -0 0 1
vn -0 0 1
vn -0 0 1
vn -0 0 1
vn -0 0 1
vn -0 0 1
vn -0 0 1
vn -0 0 1
vn -0 0 1
vn -0 0 1
vn -0 0 1
vn -0 0 1
vn -0 0 1
vn -0 0 1
vn -0 0 1
vn -0 0 1
vn -0 0 1
vn -0 0 1
vn -0 0 1
vn -0 0 1
vn -0 0 1
vn -0 0 1
vn -0 0 1
vn -0 0 1
vn -0 0 1
vn -0 0 1
vn -0 0 1
vn -0 0 1
vn -0 0 1
vn -0 0 1
vn -0 0 1
vn -0 0 1
vn -0 0 1
vn -0 0 1
vn -0 0 1
vn -0 0 1
vn -0 0 1
vn -0 0 1
vn -0 0 1
vn -0 0 1
vn -0 0 1
vn -0 0 1
vn -0 0 1
vn -0 0 1
vn -0 0 1
vn -0 0 1
vn -0 0 1
vn -0 0 1
vn -0 0 1
vn -0 0 1
vn -0 0 1
vn -0 0 1
vn -0 0 1
vn -0 0 1
vn -0 0 1
vn -0 0 1
vn -0 0 1
vn -0 0 1
vn -0 0 1
vn -0 0 1
vn -0 0 1
vn -0 0 1
vn -0 0 1
vn -0 0 1
vn -0 0 1
vn -0 0 1
vn -0 0 1
vn -0 0 1
vn -0 0 1
vn -0 0 1
vn -0 0 1
vn -0 0 1
vn -0 0 1
vn -0 0 1
vn -0 0 1
vn -0 0 1
vn -0 0 1
vn -0 0 1
vn -0 0 1
vn -0 0 1
vn -0 0 1
vn -0 0 1
vn -0 0 1
vn -0 0 1
vn -0 0 1
vn -0 0 1
vn -0 0 1
vn -0 0 1
vn -0 0 1
vn -0 0 1
vn -0 0 1
vn -0 0 1
vn -0 0 1
vn -0 0 1
vn -0 0 1
vn -0 0 1
vn -0 0 1
vn -0 0 1
vn -0 0 1
vn -0 0 1
vn -0 0 1
vn -0 0 1
vn -0 0 1
vn -0 0 1
vn -0 0 1
vn -0 0 1
vn -0 0 1
vn -0 0 1
vn -0 0 1
vn -0 0 1
vn -0 0 1
vn -0 0 1
vn -0 0 1
vn -0 0 1
vn -0 0 1
vn -0 0 1
vn -0 0 1
vn -0 0 1
vn -0 0 1
vn -0 0 1
vn -0 0 1
vn -0 0 1
vn -0 0 1
vn -0 0 1
vn -0 0 1
vn -0 0 1
vn -0 0 1
vn -0 0 1
vn -0 0 1
vn -0 0 1
vn -0 0 1
vn -0 0 1
vn -0 0 1
vn -0 0 1
vn -0 0 1
vn -0 0 1
vn -0 0 1
vn -0 0 1
vn -0 0 1
vn -0 0 1
vn -0 0 1
vn -0 0 1
vn -0 0 1
vn -0 0 1
vn -0 0 1
vn -0 0 1
vn -0 0 1
vn -0 0 1
vn -0 0 1
vn -0 0 1
vn -0 0 1
vn -0 0 1
vn -0 0 1
vn -0 0 1
vn -0 0 1
vn -0 0 1
vn -0 0 1
vn -0 0 1
vn -0 0 1
vn -0 0 1
vn -0 0 1
vn -0 0 1
vn -0 0 1
vn -0 0 1
vn -0 0 1
vn -0 0 1
vn -0 0 1
vn -0 0 1
vn -0 0 1
vn -0 0 1
vn -0 0 1
vn -0 0 1
vn -0 0 1
vn -0 0 1
vn -0 0 1
vn -0 0 1
vn -0 0 1
vn -0 0 1
vn -0 0 1
vn -0 0 1
vn -0 0 1
vn -0 0 1
vn -0 0 1
vn -0 0 1
vn -0 0 1
vn -0 0 1
vn -0 0 1
vn -0 0 1
vn -0 0 1
vn -0 0 1
vn -0 0 1
vn -0 0 1
vn -0 0 1
vn -0 0 1
vn -0 0 1
vn -0 0 1
vn -0 0 1
vn -0 0 1
vn -0 0 1
vn -0 0 1
vn -0 0 1
vn -0 0 1
vn -0 0 1
vn -0 0 1
vn -0 0 1
vn -0 0 1
vn -0 0 1
vn -0 0 1
vn -0 0 1
vn -0 0 1
vn -0 0 1
vn -0 0 1
vn -0 0 1
vn -0 0 1
vn -0 0 1
vn -0 0 1
vn -0 0 1
vn -0 0 1
vn -0 0 1
vn -0 0 1
vn -0 0 1
vn -0 0 1
vn -0 0 1
vn -0 0 1
vn -0 0 1
vn -0 0 1
vn -0 0 1
vn -0 0 1
vn -0 0 1
vn -0 0 1
vn -0 0 1
vn -0 0 1
vn -0 0 1
vn -0 0 1
vn -0 0 1
vn -0 0 1
vn -0 0 1
vn -0 0 1
vn -0 0 1
vn -0 0 1
vn -0 0 1
vn -0 0 1
vn -0 0 1
vn -0 0 1
vn -0 0 1
vn -0 0 1
vn -0 0 1
vn -0 0 1
vn -0 0 1
vn -0 0 1
vn -0 0 1
vn -0 0 1
vn -0 0 1
vn -0 0 1
vn -0 0 1
vn -0 0 1
vn -0 0 1
vn -0 0 1
vn -0 0 1
vn -0 0 1
vn -0 0 1
vn -0 0 1
vn -0 0 1
vn -0 0 1
vn -0 0 1
vn -0 0 1
vn -0 0 1
vn -0 0 1
vn -0 0 1
vn -0 0 1
vn -0 0 1
vn -0 0 1
vn -0 0 1
vn -0 0 1
vn -0 0 1
vn -0.6199495 -0.00048840174 0.7846415
vn -0.6199495 -0.00048840174 0.7846415
vn -0.6199495 -0.00048840174 0.7846415
vn -0.6199495 -0.00048840174 0.7846415
vn -0 0 1
vn -0 0 1
vn -0 0 1
vn -0 0 1
vn -0 0 1
vn -0 0 1
vn -0 0 1
vn -0 0 1
vn -0 0 1
vn -0 0 1
vn -0 0 1
vn -0 0 1
vn -0.5960035 -0.00012774322 0.80298185
vn -0.5960035 -0.00012774322 0.80298185
vn -0.5960035 -0.00012774322 0.80298185
vn -0.5960035 -0.00012774322 0.80298185
vn 0.00054087536 -0.56270766 0.8266558
vn 0.00054087536 -0.56270766 0.8266558
vn 0.00054087536 -0.56270766 0.8266558
vn 0.00054087536 -0.56270766 0.8266558
vn 1 0 0
vn 1 0 0
vn 1 0 0
vn 1 0 0
vn -0 -1 0
vn -0 -1 0
vn -0 -1 0
vn -0 -1 0
vn -1 0 0
vn -1 0 0
vn -1 0 0
vn -1 0 0
vn -0 1 0
vn -0 1 0
vn -0 1 0
vn -0 1 0
vn -0 0 -1
vn -0 0 -1
vn -0 0 -1
vn -0 0 -1
vn -0 0 1
vn -0 0 1
vn -0 0 1
vn -0 0 1
vn 1 0 0
vn 1 0 0
vn 1 0 0
vn 1 0 0
vn -0 -1 0
vn -0 -1 0
vn -0 -1 0
vn -0 -1 0
vn -1 0 0
vn -1 0 0
vn -1 0 0
vn -1 0 0
vn -0 1 0
vn -0 1 0
vn -0 1 0
vn -0 1 0
vn -0 0 -1
vn -0 0 -1
vn -0 0 -1
vn -0 0 -1
vn -0 0 1
vn -0 0 1
vn -0 0 1
vn -0 0 1
vn 1 0 0
vn 1 0 0
vn 1 0 0
vn 1 0 0
vn 1 0 0
vn 1 0 0
vn 1 0 0
vn 1 0 0
vn -0 -1 0
vn -0 -1 0
vn -0 -1 0
vn -0 -1 0
vn -1 0 0
vn -1 0 0
vn -1 0 0
vn -1 0 0
vn -1 0 0
vn -1 0 0
vn -1 0 0
vn -1 0 0
vn -0 1 0
vn -0 1 0
vn -0 1 0
vn -0 1 0
vn -0 0 -1
vn -0 0 -1
vn -0 0 -1
vn -0 0 -1
vn -0 0 -1
vn -0 0 -1
vn -0 0 -1
vn -0 0 -1
vn -0.04176745 -0.095388256 0.9945635
vn -0 0 1
vn -0 0 1
vn -0.0417675 -0.09538837 0.9945635
vn -0.08442114 -0.06815844 0.9940963
vn -0.08441106 -0.069879614 0.99397767
vn -0.08450781 0.051001206 0.9951167
vn -0.08450781 0.051001206 0.9951167
vn 1 0 0
vn 1 0 0
vn 1 0 0
vn 1 0 0
vn 1 0 0
vn 1 0 0
vn -0 -1 0
vn -0 -1 0
vn -0 -1 0
vn -0 -1 0
vn -1 0 0
vn -1 0 0
vn -1 0 0
vn -1 0 0
vn -1 0 0
vn -1 0 0
vn -0 1 0
vn -0 1 0
vn -0 1 0
vn -0 1 0
vn -0 0 -1
vn -0 0 -1
vn -0 0 -1
vn -0 0 -1
vn -0 0 -1
vn -0 0 -1
vn -0.10056187 -0.01711208 0.9947836
vn -0.10028573 -0.075996876 0.9920521
vn -0.10028573 -0.075996876 0.9920521
vn -0.10056143 -0.017370088 0.9947792
vn -0.10049075 0.04131658 0.9940798
vn -0.10049075 0.04131658 0.9940798
vn 1 0 0
vn 1 0 0
vn 1 0 0
vn 1 0 0
vn -0 -1 0
vn -0 -1 0
vn -0 -1 0
vn -0 -1 0
vn -1 0 0
vn -1 0 0
vn -1 0 0
vn -1 0 0
vn -0 1 0
vn -0 1 0
vn -0 1 0
vn -0 1 0
vn -0 0 -1
vn -0 0 -1
vn -0 0 -1
vn -0 0 -1
vn -0 0 1
vn -0 0 1
vn -0 0 1
vn -0 0 1
vn 1 0 0
vn 1 0 0
vn 1 0 0
vn 1 0 0
vn -0 -1 0
vn -0 -1 0
vn -0 -1 0
vn -0 -1 0
vn -1 0 0
vn -1 0 0
vn -1 0 0
vn -1 0 0
vn -0 1 0
vn -0 1 0
vn -0 1 0
vn -0 1 0
vn -0 0 -1
vn -0 0 -1
vn -0 0 -1
vn -0 0 -1
vn -0 0 1
vn -0 0 1
vn -0 0 1
vn -0 0 1
vn 1 0 0
vn 1 0 0
vn 1 0 0
vn 1 0 0
vn 1 0 0
vn 1 0 0
vn -0 -1 0
vn -0 -1 0
vn -0 -1 0
vn -0 -1 0
vn -1 0 0
vn -1 0 0
vn -1 0 0
vn -1 0 0
vn -1 0 0
vn -1 0 0
vn -0 1 0
vn -0 1 0
vn -0 1 0
vn -0 1 0
vn -0 0 -1
vn -0 0 -1
vn -0 0 -1
vn -0 0 -1
vn -0 0 -1
vn -0 0 -1
vn -0.10366602 0.05400923 0.99314463
vn -0.10375699 -0.034134813 0.99401677
vn -0.10375699 -0.034134813 0.99401677
vn -0.10365882 0.055277813 0.9930756
vn -0.10273185 0.14424838 0.98419446
vn -0.10273185 0.14424838 0.98419446
vn 1 0 0
vn 1 0 0
vn 1 0 0
vn 1 0 0
vn -0 -1 0
vn -0 -1 0
vn -0 -1 0
vn -0 -1 0
vn -1 0 0
vn -1 0 0
vn -1 0 0
vn -1 0 0
vn -0 1 0
vn -0 1 0
vn -0 1 0
vn -0 1 0
vn -0 0 -1
vn -0 0 -1
vn -0 0 -1
vn -0 0 -1
vn -0 0 1
vn -0 0 1
vn -0 0 1
vn -0 0 1
vn 1 0 0
vn 1 0 0
vn 1 0 0
vn 1 0 0
vn -0 -0.999778 -0.021072589
vn -0 -0.999778 -0.021072589
vn -0 -0.999778 -0.021072589
vn -0 -0.999778 -0.021072589
vn -1 0 0
vn -1 0 0
vn -1 0 0
vn -1 0 0
vn -0 0.999778 0.021072589
vn -0 0.999778 0.021072589
vn -0 0.999778 0.021072589
vn -0 0.999778 0.021072589
vn -0 0.06712488 -0.99774456
vn -0 0.06712488 -0.99774456
vn -0 0.06712488 -0.99774456
vn -0 0.06712488 -0.99774456
vn -0 -0.0671248 0.99774456
vn -0 -0.0671248 0.99774456
vn -0 -0.0671248 0.99774456
vn -0 -0.0671248 0.99774456
vn 1 0 0
vn 1 0 0
vn 1 0 0
vn 1 0 0
vn -0 -1 0
vn -0 -1 0
vn -0 -1 0
vn -0 -1 0
vn -1 0 0
vn -1 0 0
vn -1 0 0
vn -1 0 0
vn -0 1 0
vn -0 1 0
vn -0 1 0
vn -0 1 0
vn -0 0 -1
vn -0 0 -1
vn -0 0 -1
vn -0 0 -1
vn -0 0 1
vn -0 0 1
vn -0 0 1
vn -0 0 1
vn 1 0 0
vn 1 0 0
vn 1 0 0
vn 1 0 0
vn -0 -1 0
vn -0 -1 0
vn -0 -1 0
vn -0 -1 0
vn -1 0 0
vn -1 0 0
vn -1 0 0
vn -1 0 0
vn -0 1 0
vn -0 1 0
vn -0 1 0
vn -0 1 0
vn -0 0 -1
vn -0 0 -1
vn -0 0 -1
vn -0 0 -1
vn -0 0 1
vn -0 0 1
vn -0 0 1
vn -0 0 1
vn 1 0 0
vn 1 0 0
vn 1 0 0
vn 1 0 0
vn -0 -1 0
vn -0 -1 0
vn -0 -1 0
vn -0 -1 0
vn -1 0 0
vn -1 0 0
vn -1 0 0
vn -1 0 0
vn -0 1 0
vn -0 1 0
vn -0 1 0
vn -0 1 0
vn -0 0 -1
vn -0 0 -1
vn -0 0 -1
vn -0 0 -1
vn -0 0 1
vn -0 0 1
vn -0 0 1
vn -0 0 1
vn 1 0 0
vn 1 0 0
vn 1 0 0
vn 1 0 0
vn -0 -1 0
vn -0 -1 0
vn -0 -1 0
vn -0 -1 0
vn -1 0 0
vn -1 0 0
vn -1 0 0
vn -1 0 0
vn -0 1 0
vn -0 1 0
vn -0 1 0
vn -0 1 0
vn -0 0 -1
vn -0 0 -1
vn -0 0 -1
vn -0 0 -1
vn -0 0 1
vn -0 0 1
vn -0 0 1
vn -0 0 1
vn 1 0 0
vn 1 0 0
vn 1 0 0
vn 1 0 0
vn 1 0 0
vn 1 0 0
vn 1 0 0
vn 1 0 0
vn -0 -1 0
vn -0 -1 0
vn -0 -1 0
vn -0 -1 0
vn -1 0 0
vn -1 0 0
vn -1 0 0
vn -1 0 0
vn -1 0 0
vn -1 0 0
vn -1 0 0
vn -1 0 0
vn -0 1 0
vn -0 1 0
vn -0 1 0
vn -0 1 0
vn -0 0 -1
vn -0 0 -1
vn -0 0 -1
vn -0 0 -1
vn -0 0 -1
vn -0 0 -1
vn -0 0 -1
vn -0 0 -1
vn -0.041445747 -0.118829146 0.9920493
vn -0 0 1
vn -0 0 1
vn -0.04144582 -0.118829355 0.9920493
vn -0.08431679 -0.084296994 0.9928669
vn -0.08429799 -0.08688336 0.9926455
vn -0.084444754 0.06397967 0.994372
vn -0.084444754 0.06397967 0.994372
vn 1 0 0
vn 1 0 0
vn 1 0 0
vn 1 0 0
vn 1 0 0
vn 1 0 0
vn -0 -1 0
vn -0 -1 0
vn -0 -1 0
vn -0 -1 0
vn -1 0 0
vn -1 0 0
vn -1 0 0
vn -1 0 0
vn -1 0 0
vn -1 0 0
vn -0 1 0
vn -0 1 0
vn -0 1 0
vn -0 1 0
vn -0 0 -1
vn -0 0 -1
vn -0 0 -1
vn -0 0 -1
vn -0 0 -1
vn -0 0 -1
vn -0.10055359 -0.021358406 0.9947023
vn -0.100119226 -0.095249005 0.99040586
vn -0.100119226 -0.095249005 0.99040586
vn -0.10055273 -0.021761611 0.9946937
vn -0.10044134 0.051843747 0.9935913
vn -0.10044134 0.051843747 0.9935913
vn 1 0 0
vn 1 0 0
vn 1 0 0
vn 1 0 0
vn -0 -1 0
vn -0 -1 0
vn -0 -1 0
vn -0 -1 0
vn -1 0 0
vn -1 0 0
vn -1 0 0
vn -1 0 0
vn -0 1 0
vn -0 1 0
vn -0 1 0
vn -0 1 0
vn -0 0 -1
vn -0 0 -1
vn -0 0 -1
vn -0 0 -1
vn -0 0 1
vn -0 0 1
vn -0 0 1
vn -0 0 1
vn 1 0 0
vn 1 0 0
vn 1 0 0
vn 1 0 0
vn -0 -1 0
vn -0 -1 0
vn -0 -1 0
vn -0 -1 0
vn -1 0 0
vn -1 0 0
vn -1 0 0
vn -1 0 0
vn -0 1 0
vn -0 1 0
vn -0 1 0
vn -0 1 0
vn -0 0 -1
vn -0 0 -1
vn -0 0 -1
vn -0 0 -1
vn -0 0 1
vn -0 0 1
vn -0 0 1
vn -0 0 1
vn 1 0 0
vn 1 0 0
vn 1 0 0
vn 1 0 0
vn 1 0 0
vn 1 0 0
vn -0 -1 0
vn -0 -1 0
vn -0 -1 0
vn -0 -1 0
vn -1 0 0
vn -1 0 0
vn -1 0 0
vn -1 0 0
vn -1 0 0
vn -1 0 0
vn -0 1 0
vn -0 1 0
vn -0 1 0
vn -0 1 0
vn -0 0 -1
vn -0 0 -1
vn -0 0 -1
vn -0 0 -1
vn -0 0 -1
vn -0 0 -1
vn -0.103583634 0.06707175 0.99235666
vn -0.103722095 -0.04283887 0.99368334
vn -0.103722095 -0.04283887 0.99368334
vn -0.10356985 0.069020286 0.9922246
vn -0.102121465 0.1800155 0.97834843
vn -0.102121465 0.1800155 0.97834843
vn 1 0 0
vn 1 0 0
vn 1 0 0
vn 1 0 0
vn -0 -1 0
vn -0 -1 0
vn -0 -1 0
vn -0 -1 0
vn -1 0 0
vn -1 0 0
vn -1 0 0
vn -1 0 0
vn -0 1 0
vn -0 1 0
vn -0 1 0
vn -0 1 0
vn -0 0 -1
vn -0 0 -1
vn -0 0 -1
vn -0 0 -1
vn -0 0 1
vn -0 0 1
vn -0 0 1
vn -0 0 1
vn 1 0 0
vn 1 0 0
vn 1 0 0
vn 1 0 0
vn -0 -0.999887 -0.015035495
vn -0 -0.999887 -0.015035495
vn -0 -0.999887 -0.015035495
vn -0 -0.999887 -0.015035495
vn -1 0 0
vn -1 0 0
vn -1 0 0
vn -1 0 0
vn -0 0.999887 0.015035495
vn -0 0.999887 0.015035495
vn -0 0.999887 0.015035495
vn -0 0.999887 0.015035495
vn -0 0.0841601 -0.9964522
vn -0 0.0841601 -0.9964522
vn -0 0.0841601 -0.9964522
vn -0 0.0841601 -0.9964522
vn -0 -0.08415996 0.99645233
vn -0 -0.08415996 0.99645233
vn -0 -0.08415996 0.99645233
vn -0 -0.08415996 0.99645233
vn 1 0 0
vn 1 0 0
vn 1 0 0
vn 1 0 0
vn -0 -1 0
vn -0 -1 0
vn -0 -1 0
vn -0 -1 0
vn -1 0 0
vn -1 0 0
vn -1 0 0
vn -1 0 0
vn -0 1 0
vn -0 1 0
vn -0 1 0
vn -0 1 0
vn -0 0 -1
vn -0 0 -1
vn -0 0 -1
vn -0 0 -1
vn -0 0 1
vn -0 0 1
vn -0 0 1
vn -0 0 1
vn 1 0 0
vn 1 0 0
vn 1 0 0
vn 1 0 0
vn -0 -1 0
vn -0 -1 0
vn -0 -1 0
vn -0 -1 0
vn -1 0 0
vn -1 0 0
vn -1 0 0
vn -1 0 0
vn -0 1 0
vn -0 1 0
vn -0 1 0
vn -0 1 0
vn -0 0 -1
vn -0 0 -1
vn -0 0 -1
vn -0 0 -1
vn -0 0 1
vn -0 0 1
vn -0 0 1
vn -0 0 1
vn -0 1 0
vn -0 1 0
vn -0 1 0
vn -0 1 0
vn 1 0 0
vn 1 0 0
vn 1 0 0
vn 1 0 0
vn -0 -1 0
vn -0 -1 0
vn -0 -1 0
vn -0 -1 0
vn -1 0 0
vn -1 0 0
vn -1 0 0
vn -1 0 0
vn -0 0 -1
vn -0 0 -1
vn -0 0 -1
vn -0 0 -1
vn -0 0 1
vn -0 0 1
vn -0 0 1
vn -0 0 1
vn -0 1 0
vn -0 1 0
vn -0 1 0
vn -0 1 0
vn 1 0 0
vn 1 0 0
vn 1 0 0
vn 1 0 0
vn -0 -1 0
vn -0 -1 0
vn -0 -1 0
vn -0 -1 0
vn -1 0 0
vn -1 0 0
vn -1 0 0
vn -1 0 0
vn -0 0 -1
vn -0 0 -1
vn -0 0 -1
vn -0 0 -1
vn -0 0 1
vn -0 0 1
vn -0 0 1
vn -0 0 1
vn -0 1 0
vn -0 1 0
vn -0 1 0
vn -0 1 0
vn -0 1 0
vn -0 1 0
vn -0 1 0
vn -0 1 0
vn 1 0 0
vn 1 0 0
vn 1 0 0
vn 1 0 0
vn -0 -1 0
vn -0 -1 0
vn -0 -1 0
vn -0 -1 0
vn -0 -1 0
vn -0 -1 0
vn -0 -1 0
vn -0 -1 0
vn -1 0 0
vn -1 0 0
vn -1 0 0
vn -1 0 0
vn -0 0 -1
vn -0 0 -1
vn -0 0 -1
vn -0 0 -1
vn -0 0 -1
vn -0 0 -1
vn -0 0 -1
vn -0 0 -1
vn 0.095387794 -0.04176769 0.9945635
vn -0 0 1
vn -0 0 1
vn 0.09538794 -0.041767757 0.9945635
vn 0.06815813 -0.084421486 0.9940963
vn 0.06987928 -0.08441141 0.99397767
vn -0.051001236 -0.08450793 0.9951167
vn -0.051001236 -0.08450793 0.9951167
vn -0 1 0
vn -0 1 0
vn -0 1 0
vn -0 1 0
vn -0 1 0
vn -0 1 0
vn 1 0 0
vn 1 0 0
vn 1 0 0
vn 1 0 0
vn -0 -1 0
vn -0 -1 0
vn -0 -1 0
vn -0 -1 0
vn -0 -1 0
vn -0 -1 0
vn -1 0 0
vn -1 0 0
vn -1 0 0
vn -1 0 0
vn -0 0 -1
vn -0 0 -1
vn -0 0 -1
vn -0 0 -1
vn -0 0 -1
vn -0 0 -1
vn 0.017112004 -0.10056184 0.9947836
vn 0.07599693 -0.1002855 0.9920521
vn 0.07599693 -0.1002855 0.9920521
vn 0.017370103 -0.10056142 0.9947792
vn -0.041316688 -0.10049092 0.9940797
vn -0.041316688 -0.10049092 0.9940797
vn -0 1 0
vn -0 1 0
vn -0 1 0
vn -0 1 0
vn 1 0 0
vn 1 0 0
vn 1 0 0
vn 1 0 0
vn -0 -1 0
vn -0 -1 0
vn -0 -1 0
vn -0 -1 0
vn -1 0 0
vn -1 0 0
vn -1 0 0
vn -1 0 0
vn -0 0 -1
vn -0 0 -1
vn -0 0 -1
vn -0 0 -1
vn -0 0 1
vn -0 0 1
vn -0 0 1
vn -0 0 1
vn -0 1 0
vn -0 1 0
vn -0 1 0
vn -0 1 0
vn 1 0 0
vn 1 0 0
vn 1 0 0
vn 1 0 0
vn -0 -1 0
vn -0 -1 0
vn -0 -1 0
vn -0 -1 0
vn -1 0 0
vn -1 0 0
vn -1 0 0
vn -1 0 0
vn -0 0 -1
vn -0 0 -1
vn -0 0 -1
vn -0 0 -1
vn -0 0 1
vn -0 0 1
vn -0 0 1
vn -0 0 1
vn -0 1 0
vn -0 1 0
vn -0 1 0
vn -0 1 0
vn -0 1 0
vn -0 1 0
vn 1 0 0
vn 1 0 0
vn 1 0 0
vn 1 0 0
vn -0 -1 0
vn -0 -1 0
vn -0 -1 0
vn -0 -1 0
vn -0 -1 0
vn -0 -1 0
vn -1 0 0
vn -1 0 0
vn -1 0 0
vn -1 0 0
vn -0 0 -1
vn -0 0 -1
vn -0 0 -1
vn -0 0 -1
vn -0 0 -1
vn -0 0 -1
vn -0.05400964 -0.10366603 0.99314463
vn 0.034134924 -0.10375702 0.99401665
vn 0.034134924 -0.10375702 0.99401665
vn -0.055278238 -0.10365883 0.9930756
vn -0.14424932 -0.10273182 0.9841942
vn -0.14424932 -0.10273182 0.9841942
vn -0 1 0
vn -0 1 0
vn -0 1 0
vn -0 1 0
vn 1 0 0
vn 1 0 0
vn 1 0 0
vn 1 0 0
vn -0 -1 0
vn -0 -1 0
vn -0 -1 0
vn -0 -1 0
vn -1 0 0
vn -1 0 0
vn -1 0 0
vn -1 0 0
vn -0 0 -1
vn -0 0 -1
vn -0 0 -1
vn -0 0 -1
vn -0 0 1
vn -0 0 1
vn -0 0 1
vn -0 0 1
vn -0 1 0
vn -0 1 0
vn -0 1 0
vn -0 1 0
vn 0.999778 0 -0.02107285
vn 0.999778 0 -0.02107285
vn 0.999778 0 -0.02107285
vn 0.999778 0 -0.02107285
vn -0 -1 0
vn -0 -1 0
vn -0 -1 0
vn -0 -1 0
vn -0.999778 0 0.021072863
vn -0.999778 0 0.021072863
vn -0.999778 0 0.021072863
vn -0.999778 0 0.021072863
vn -0.067124836 0 -0.99774456
vn -0.067124836 0 -0.99774456
vn -0.067124836 0 -0.99774456
vn -0.067124836 0 -0.99774456
vn 0.06712476 0 0.99774456
vn 0.06712476 0 0.99774456
vn 0.06712476 0 0.99774456
vn 0.06712476 0 0.99774456
vn -0 1 0
vn -0 1 0
vn -0 1 0
vn -0 1 0
vn 1 0 0
vn 1 0 0
vn 1 0 0
vn 1 0 0
vn -0 -1 0
vn -0 -1 0
vn -0 -1 0
vn -0 -1 0
vn -1 0 0
vn -1 0 0
vn -1 0 0
vn -1 0 0
vn -0 0 -1
vn -0 0 -1
vn -0 0 -1
vn -0 0 -1
vn -0 0 1
vn -0 0 1
vn -0 0 1
vn -0 0 1
vn -0 1 0
vn -0 1 0
vn -0 1 0
vn -0 1 0
vn 1 0 0
vn 1 0 0
vn 1 0 0
vn 1 0 0
vn -0 -1 0
vn -0 -1 0
vn -0 -1 0
vn -0 -1 0
vn -1 0 0
vn -1 0 0
vn -1 0 0
vn -1 0 0
vn -0 0 -1
vn -0 0 -1
vn -0 0 -1
vn -0 0 -1
vn -0 0 1
vn -0 0 1
vn -0 0 1
vn -0 0 1
vn -0 0 1
vn -0 0 1
vn -0 0 1
vn -0 0 1
vn -0 0 1
vn -0 0 1
vn -0 0 1
vn -0 0 1
vn -0 0 1
vn -0 0 1
vn -0 0 1
vn -0 0 1
vn -0 0 1
vn -0 0 1
vn -0 0 1
vn -0 0 1
vn -0 0 1
vn -0 0 1
vn -0 0 1
vn -0 0 1
vn -0 0 1
vn -0 0 1
vn -0 0 1
vn -0 0 1
vn -0 0 1
vn -0 0 1
vn -0 0 1
vn -0 0 1
vn -0 0 1
vn -0 0 1
vn -0 0 1
vn -0 0 1
vn -0 0 1
vn -0 0 1
vn -0 0 1
vn -0 0 1
vn -0 0 1
vn -0 0 1
vn -0 0 1
vn -0 0 1
vn -0 0 1
vn -0 0 1
vn -0 0 1
vn -0 0 1
vn -0 0 1
vn -0 0 1
vn -0 0 1
vn -0 0 1
vn -0 0 1
vn -0 0 1
vn -0 0 1
vn -0 0 1
vn -0 0 1
vn -0 0 1
vn -0 0 1
vn -0 0 1
vn -0 0 1
vn -0 0 1
vn -0 0 1
vn -0 0 1
vn -0 0 1
vn -0 0 1
vn -0 0 1
vn -0 0 1
vn -0 0 1
vn -0 0 1
vn -0 0 1
vn -0 0 1
vn -0 0 1
vn -0 0 1
vn -0 0 1
vn -0 0 1
vn -0 0 1
vn -0 0 1
vn -0 0 1
vn -0 0 1
vn -0 0 1
vn -0 0 1
vn -0 0 1
vn -0.6199495 0.00048840174 0.7846415
vn -0.6199495 0.00048840174 0.7846415
vn -0.6199495 0.00048840174 0.7846415
vn -0.6199495 0.00048840174 0.7846415
vn -0 0 1
vn -0 0 1
vn -0 0 1
vn -0 0 1
vn -0 0 1
vn -0 0 1
vn -0 0 1
vn -0 0 1
vn -0 0 1
vn -0 0 1
vn -0 0 1
vn -0 0 1
vn -0.5960034 0.0001277802 0.80298185
vn -0.5960034 0.0001277802 0.80298185
vn -0.5960034 0.0001277802 0.80298185
vn -0.5960034 0.0001277802 0.80298185
vn 0.0005408877 0.56270766 0.8266558
vn 0.0005408877 0.56270766 0.8266558
vn 0.0005408877 0.56270766 0.8266558
vn 0.0005408877 0.56270766 0.8266558
vn 1 0 0
vn 1 0 0
vn 1 0 0
vn 1 0 0
vn -0 1 0
vn -0 1 0
vn -0 1 0
vn -0 1 0
vn -1 0 0
vn -1 0 0
vn -1 0 0
vn -1 0 0
vn -0 -1 0
vn -0 -1 0
vn -0 -1 0
vn -0 -1 0
vn -0 0 -1
vn -0 0 -1
vn -0 0 -1
vn -0 0 -1
vn -0 0 1
vn -0 0 1
vn -0 0 1
vn -0 0 1
vn 1 0 0
vn 1 0 0
vn 1 0 0
vn 1 0 0
vn -0 1 0
vn -0 1 0
vn -0 1 0
vn -0 1 0
vn -1 0 0
vn -1 0 0
vn -1 0 0
vn -1 0 0
vn -0 -1 0
vn -0 -1 0
vn -0 -1 0
vn -0 -1 0
vn -0 0 -1
vn -0 0 -1
vn -0 0 -1
vn -0 0 -1
vn -0 0 1
vn -0 0 1
vn -0 0 1
vn -0 0 1
vn 1 0 0
vn 1 0 0
vn 1 0 0
vn 1 0 0
vn 1 0 0
vn 1 0 0
vn 1 0 0
vn 1 0 0
vn -0 1 0
vn -0 1 0
vn -0 1 0
vn -0 1 0
vn -1 0 0
vn -1 0 0
vn -1 0 0
vn -1 0 0
vn -1 0 0
vn -1 0 0
vn -1 0 0
vn -1 0 0
vn -0 -1 0
vn -0 -1 0
vn -0 -1 0
vn -0 -1 0
vn -0 0 -1
vn -0 0 -1
vn -0 0 -1
vn -0 0 -1
vn -0 0 -1
vn -0 0 -1
vn -0 0 -1
vn -0 0 -1
vn -0.041767497 0.095388375 0.9945635
vn -0 0 1
vn -0 0 1
vn -0.04176755 0.095388494 0.9945635
vn -0.084421195 0.06815856 0.9940963
vn -0.08441113 0.06987975 0.99397767
vn -0.08450781 -0.05100121 0.9951167
vn -0.08450781 -0.05100121 0.9951167
vn 1 0 0
vn 1 0 0
vn 1 0 0
vn 1 0 0
vn 1 0 0
vn 1 0 0
vn -0 1 0
vn -0 1 0
vn -0 1 0
vn -0 1 0
vn -1 0 0
vn -1 0 0
vn -1 0 0
vn -1 0 0
vn -1 0 0
vn -1 0 0
vn -0 -1 0
vn -0 -1 0
vn -0 -1 0
vn -0 -1 0
vn -0 0 -1
vn -0 0 -1
vn -0 0 -1
vn -0 0 -1
vn -0 0 -1
vn -0 0 -1
vn -0.100561835 0.017112074 0.9947836
vn -0.10028571 0.07599685 0.9920521
vn -0.10028571 0.07599685 0.9920521
vn -0.100561395 0.017370084 0.9947792
vn -0.1004907 -0.041316576 0.9940798
vn -0.1004907 -0.041316576 0.9940798
vn 1 0 0
vn 1 0 0
vn 1 0 0
vn 1 0 0
vn -0 1 0
vn -0 1 0
vn -0 1 0
vn -0 1 0
vn -1 0 0
vn -1 0 0
vn -1 0 0
vn -1 0 0
vn -0 -1 0
vn -0 -1 0
vn -0 -1 0
vn -0 -1 0
vn -0 0 -1
vn -0 0 -1
vn -0 0 -1
vn -0 0 -1
vn -0 0 1
vn -0 0 1
vn -0 0 1
vn -0 0 1
vn 1 0 0
vn 1 0 0
vn 1 0 0
vn 1 0 0
vn -0 1 0
vn -0 1 0
vn -0 1 0
vn -0 1 0
vn -1 0 0
vn -1 0 0
vn -1 0 0
vn -1 0 0
vn -0 -1 0
vn -0 -1 0
vn -0 -1 0
vn -0 -1 0
vn -0 0 -1
vn -0 0 -1
vn -0 0 -1
vn -0 0 -1
vn -0 0 1
vn -0 0 1
vn -0 0 1
vn -0 0 1
vn 1 0 0
vn 1 0 0
vn 1 0 0
vn 1 0 0
vn 1 0 0
vn 1 0 0
vn -0 1 0
vn -0 1 0
vn -0 1 0
vn -0 1 0
vn -1 0 0
vn -1 0 0
vn -1 0 0
vn -1 0 0
vn -1 0 0
vn -1 0 0
vn -0 -1 0
vn -0 -1 0
vn -0 -1 0
vn -0 -1 0
vn -0 0 -1
vn -0 0 -1
vn -0 0 -1
vn -0 0 -1
vn -0 0 -1
vn -0 0 -1
vn -0.103666045 -0.054009277 0.99314463
vn -0.10375698 0.034134813 0.99401677
vn -0.10375698 0.034134813 0.99401677
vn -0.103658855 -0.055277865 0.9930756
vn -0.10273193 -0.14424846 0.98419434
vn -0.10273193 -0.14424846 0.98419434
vn 1 0 0
vn 1 0 0
vn 1 0 0
vn 1 0 0
vn -0 1 0
vn -0 1 0
vn -0 1 0
vn -0 1 0
vn -1 0 0
vn -1 0 0
vn -1 0 0
vn -1 0 0
vn -0 -1 0
vn -0 -1 0
vn -0 -1 0
vn -0 -1 0
vn -0 0 -1
vn -0 0 -1
vn -0 0 -1
vn -0 0 -1
vn -0 0 1
vn -0 0 1
vn -0 0 1
vn -0 0 1
vn 1 0 0
vn 1 0 0
vn 1 0 0
vn 1 0 0
vn -0 0.999778 -0.021072589
vn -0 0.999778 -0.021072589
vn -0 0.999778 -0.021072589
vn -0 0.999778 -0.021072589
vn -1 0 0
vn -1 0 0
vn -1 0 0
vn -1 0 0
vn -0 -0.999778 0.021072589
vn -0 -0.999778 0.021072589
vn -0 -0.999778 0.021072589
vn -0 -0.999778 0.021072589
vn -0 -0.06712488 -0.99774456
vn -0 -0.06712488 -0.99774456
vn -0 -0.06712488 -0.99774456
vn -0 -0.06712488 -0.99774456
vn -0 0.0671248 0.99774456
vn -0 0.0671248 0.99774456
vn -0 0.0671248 0.99774456
vn -0 0.0671248 0.99774456
vn 1 0 0
vn 1 0 0
vn 1 0 0
vn 1 0 0
vn -0 1 0
vn -0 1 0
vn -0 1 0
vn -0 1 0
vn -1 0 0
vn -1 0 0
vn -1 0 0
vn -1 0 0
vn -0 -1 0
vn -0 -1 0
vn -0 -1 0
vn -0 -1 0
vn -0 0 -1
vn -0 0 -1
vn -0 0 -1
vn -0 0 -1
vn -0 0 1
vn -0 0 1
vn -0 0 1
vn -0 0 1
vn 1 0 0
vn 1 0 0
vn 1 0 0
vn 1 0 0
vn -0 1 0
vn -0 1 0
vn -0 1 0
vn -0 1 0
vn -1 0 0
vn -1 0 0
vn -1 0 0
vn -1 0 0
vn -0 -1 0
vn -0 -1 0
vn -0 -1 0
vn -0 -1 0
vn -0 0 -1
vn -0 0 -1
vn -0 0 -1
vn -0 0 -1
vn -0 0 1
vn -0 0 1
vn -0 0 1
vn -0 0 1
vn 1 0 0
vn 1 0 0
vn 1 0 0
vn 1 0 0
vn -0 1 0
vn -0 1 0
vn -0 1 0
vn -0 1 0
vn -1 0 0
vn -1 0 0
vn -1 0 0
vn -1 0 0
vn -0 -1 0
vn -0 -1 0
vn -0 -1 0
vn -0 -1 0
vn -0 0 -1
vn -0 0 -1
vn -0 0 -1
vn -0 0 -1
vn -0 0 1
vn -0 0 1
vn -0 0 1
vn -0 0 1
vn 1 0 0
vn 1 0 0
vn 1 0 0
vn 1 0 0
vn -0 1 0
vn -0 1 0
vn -0 1 0
vn -0 1 0
vn -1 0 0
vn -1 0 0
vn -1 0 0
vn -1 0 0
vn -0 -1 0
vn -0 -1 0
vn -0 -1 0
vn -0 -1 0
vn -0 0 -1
vn -0 0 -1
vn -0 0 -1
vn -0 0 -1
vn -0 0 1
vn -0 0 1
vn -0 0 1
vn -0 0 1
vn 1 0 0
vn 1 0 0
vn 1 0 0
vn 1 0 0
vn 1 0 0
vn 1 0 0
vn 1 0 0
vn 1 0 0
vn -0 1 0
vn -0 1 0
vn -0 1 0
vn -0 1 0
vn -1 0 0
vn -1 0 0
vn -1 0 0
vn -1 0 0
vn -1 0 0
vn -1 0 0
vn -1 0 0
vn -1 0 0
vn -0 -1 0
vn -0 -1 0
vn -0 -1 0
vn -0 -1 0
vn -0 0 -1
vn -0 0 -1
vn -0 0 -1
vn -0 0 -1
vn -0 0 -1
vn -0 0 -1
vn -0 0 -1
vn -0 0 -1
vn -0.041445795 0.11882915 0.9920493
vn -0 0 1
vn -0 0 1
vn -0.04144587 0.11882937 0.9920493
vn -0.084316805 0.08429701 0.9928669
vn -0.08429799 0.08688338 0.9926455
vn -0.084444754 -0.06397967 0.994372
vn -0.084444754 -0.06397967 0.994372
vn 1 0 0
vn 1 0 0
vn 1 0 0
vn 1 0 0
vn 1 0 0
vn 1 0 0
vn -0 1 0
vn -0 1 0
vn -0 1 0
vn -0 1 0
vn -1 0 0
vn -1 0 0
vn -1 0 0
vn -1 0 0
vn -1 0 0
vn -1 0 0
vn -0 -1 0
vn -0 -1 0
vn -0 -1 0
vn -0 -1 0
vn -0 0 -1
vn -0 0 -1
vn -0 0 -1
vn -0 0 -1
vn -0 0 -1
vn -0 0 -1
vn -0.10055355 0.0213584 0.9947023
vn -0.10011921 0.09524899 0.99040586
vn -0.10011921 0.09524899 0.99040586
vn -0.100552686 0.021761607 0.9946937
vn -0.10044127 -0.051843747 0.9935913
vn -0.10044127 -0.051843747 0.9935913
vn 1 0 0
vn 1 0 0
vn 1 0 0
vn 1 0 0
vn -0 1 0
vn -0 1 0
vn -0 1 0
vn -0 1 0
vn -1 0 0
vn -1 0 0
vn -1 0 0
vn -1 0 0
vn -0 -1 0
vn -0 -1 0
vn -0 -1 0
vn -0 -1 0
vn -0 0 -1
vn -0 0 -1
vn -0 0 -1
vn -0 0 -1
vn -0 0 1
vn -0 0 1
vn -0 0 1
vn -0 0 1
vn 1 0 0
vn 1 0 0
vn 1 0 0
vn 1 0 0
vn -0 1 0
vn -0 1 0
vn -0 1 0
vn -0 1 0
vn -1 0 0
vn -1 0 0
vn -1 0 0
vn -1 0 0
vn -0 -1 0
vn -0 -1 0
vn -0 -1 0
vn -0 -1 0
vn -0 0 -1
vn -0 0 -1
vn -0 0 -1
vn -0 0 -1
vn -0 0 1
vn -0 0 1
vn -0 0 1
vn -0 0 1
vn 1 0 0
vn 1 0 0
vn 1 0 0
vn 1 0 0
vn 1 0 0
vn 1 0 0
vn -0 1 0
vn -0 1 0
vn -0 1 0
vn -0 1 0
vn -1 0 0
vn -1 0 0
vn -1 0 0
vn -1 0 0
vn -1 0 0
vn -1 0 0
vn -0 -1 0
vn -0 -1 0
vn -0 -1 0
vn -0 -1 0
vn -0 0 -1
vn -0 0 -1
vn -0 0 -1
vn -0 0 -1
vn -0 0 -1
vn -0 0 -1
vn -0.10358361 -0.06707171 0.99235666
vn -0.103722095 0.04283887 0.99368334
vn -0.103722095 0.04283887 0.99368334
vn -0.10356983 -0.06902026 0.9922246
vn -0.10212142 -0.18001541 0.97834843
vn -0.10212142 -0.18001541 0.97834843
vn 1 0 0
vn 1 0 0
vn 1 0 0
vn 1 0 0
vn -0 1 0
vn -0 1 0
vn -0 1 0
vn -0 1 0
vn -1 0 0
vn -1 0 0
vn -1 0 0
vn -1 0 0
vn -0 -1 0
vn -0 -1 0
vn -0 -1 0
vn -0 -1 0
vn -0 0 -1
vn -0 0 -1
vn -0 0 -1
vn -0 0 -1
vn -0 0 1
vn -0 0 1
vn -0 0 1
vn -0 0 1
vn 1 0 0
vn 1 0 0
vn 1 0 0
vn 1 0 0
vn -0 0.999887 -0.015035495
vn -0 0.999887 -0.015035495
vn -0 0.999887 -0.015035495
vn -0 0.999887 -0.015035495
vn -1 0 0
vn -1 0 0
vn -1 0 0
vn -1 0 0
vn -0 -0.999887 0.015035495
vn -0 -0.999887 0.015035495
vn -0 -0.999887 0.015035495
vn -0 -0.999887 0.015035495
vn -0 -0.0841601 -0.9964522
vn -0 -0.0841601 -0.9964522
vn -0 -0.0841601 -0.9964522
vn -0 -0.0841601 -0.9964522
vn -0 0.08415996 0.99645233
vn -0 0.08415996 0.99645233
vn -0 0.08415996 0.99645233
vn -0 0.08415996 0.99645233
vn 1 0 0
vn 1 0 0
vn 1 0 0
vn 1 0 0
vn -0 1 0
vn -0 1 0
vn -0 1 0
vn -0 1 0
vn -1 0 0
vn -1 0 0
vn -1 0 0
vn -1 0 0
vn -0 -1 0
vn -0 -1 0
vn -0 -1 0
vn -0 -1 0
vn -0 0 -1
vn -0 0 -1
vn -0 0 -1
vn -0 0 -1
vn -0 0 1
vn -0 0 1
vn -0 0 1
vn -0 0 1
vn 1 0 0
vn 1 0 0
vn 1 0 0
vn 1 0 0
vn -0 1 0
vn -0 1 0
vn -0 1 0
vn -0 1 0
vn -1 0 0
vn -1 0 0
vn -1 0 0
vn -1 0 0
vn -0 -1 0
vn -0 -1 0
vn -0 -1 0
vn -0 -1 0
vn -0 0 -1
vn -0 0 -1
vn -0 0 -1
vn -0 0 -1
vn -0 0 1
vn -0 0 1
vn -0 0 1
vn -0 0 1
vn -0 -1 0
vn -0 -1 0
vn -0 -1 0
vn -0 -1 0
vn 1 0 0
vn 1 0 0
vn 1 0 0
vn 1 0 0
vn -0 1 0
vn -0 1 0
vn -0 1 0
vn -0 1 0
vn -1 0 0
vn -1 0 0
vn -1 0 0
vn -1 0 0
vn -0 0 -1
vn -0 0 -1
vn -0 0 -1
vn -0 0 -1
vn -0 0 1
vn -0 0 1
vn -0 0 1
vn -0 0 1
vn -0 -1 0
vn -0 -1 0
vn -0 -1 0
vn -0 -1 0
vn 1 0 0
vn 1 0 0
vn 1 0 0
vn 1 0 0
vn -0 1 0
vn -0 1 0
vn -0 1 0
vn -0 1 0
vn -1 0 0
vn -1 0 0
vn -1 0 0
vn -1 0 0
vn -0 0 -1
vn -0 0 -1
vn -0 0 -1
vn -0 0 -1
vn -0 0 1
vn -0 0 1
vn -0 0 1
vn -0 0 1
vn -0 -1 0
vn -0 -1 0
vn -0 -1 0
vn -0 -1 0
vn -0 -1 0
vn -0 -1 0
vn -0 -1 0
vn -0 -1 0
vn 1 0 0
vn 1 0 0
vn 1 0 0
vn 1 0 0
vn -0 1 0
vn -0 1 0
vn -0 1 0
vn -0 1 0
vn -0 1 0
vn -0 1 0
vn -0 1 0
vn -0 1 0
vn -1 0 0
vn -1 0 0
vn -1 0 0
vn -1 0 0
vn -0 0 -1
vn -0 0 -1
vn -0 0 -1
vn -0 0 -1
vn -0 0 -1
vn -0 0 -1
vn -0 0 -1
vn -0 0 -1
vn 0.095387794 0.04176769 0.9945635
vn -0 0 1
vn -0 0 1
vn 0.09538794 0.041767757 0.9945635
vn 0.06815812 0.084421486 0.9940963
vn 0.06987928 0.08441141 0.99397767
vn -0.05100124 0.08450793 0.9951167
vn -0.05100124 0.08450793 0.9951167
vn -0 -1 0
vn -0 -1 0
vn -0 -1 0
vn -0 -1 0
vn -0 -1 0
vn -0 -1 0
vn 1 0 0
vn 1 0 0
vn 1 0 0
vn 1 0 0
vn -0 1 0
vn -0 1 0
vn -0 1 0
vn -0 1 0
vn -0 1 0
vn -0 1 0
vn -1 0 0
vn -1 0 0
vn -1 0 0
vn -1 0 0
vn -0 0 -1
vn -0 0 -1
vn -0 0 -1
vn -0 0 -1
vn -0 0 -1
vn -0 0 -1
vn 0.017112058 0.10056184 0.9947836
vn 0.07599697 0.1002855 0.9920521
vn 0.07599697 0.1002855 0.9920521
vn 0.017370155 0.100561395 0.9947792
vn -0.04131663 0.100490905 0.9940797
vn -0.04131663 0.100490905 0.9940797
vn -0 -1 0
vn -0 -1 0
vn -0 -1 0
vn -0 -1 0
vn 1 0 0
vn 1 0 0
vn 1 0 0
vn 1 0 0
vn -0 1 0
vn -0 1 0
vn -0 1 0
vn -0 1 0
vn -1 0 0
vn -1 0 0
vn -1 0 0
vn -1 0 0
vn -0 0 -1
vn -0 0 -1
vn -0 0 -1
vn -0 0 -1
vn -0 0 1
vn -0 0 1
vn -0 0 1
vn -0 0 1
vn -0 -1 0
vn -0 -1 0
vn -0 -1 0
vn -0 -1 0
vn 1 0 0
vn 1 0 0
vn 1 0 0
vn 1 0 0
vn -0 1 0
vn -0 1 0
vn -0 1 0
vn -0 1 0
vn -1 0 0
vn -1 0 0
vn -1 0 0
vn -1 0 0
vn -0 0 -1
vn -0 0 -1
vn -0 0 -1
vn -0 0 -1
vn -0 0 1
vn -0 0 1
vn -0 0 1
vn -0 0 1
vn -0 -1 0
vn -0 -1 0
vn -0 -1 0
vn -0 -1 0
vn -0 -1 0
vn -0 -1 0
vn 1 0 0
vn 1 0 0
vn 1 0 0
vn 1 0 0
vn -0 1 0
vn -0 1 0
vn -0 1 0
vn -0 1 0
vn -0 1 0
vn -0 1 0
vn -1 0 0
vn -1 0 0
vn -1 0 0
vn -1 0 0
vn -0 0 -1
vn -0 0 -1
vn -0 0 -1
vn -0 0 -1
vn -0 0 -1
vn -0 0 -1
vn -0.054009624 0.10366603 0.99314463
vn 0.034134876 0.10375702 0.99401665
vn 0.034134876 0.10375702 0.99401665
vn -0.055278223 0.10365883 0.9930756
vn -0.14424923 0.10273182 0.9841942
vn -0.14424923 0.10273182 0.9841942
vn -0 -1 0
vn -0 -1 0
vn -0 -1 0
vn -0 -1 0
vn 1 0 0
vn 1 0 0
vn 1 0 0
vn 1 0 0
vn -0 1 0
vn -0 1 0
vn -0 1 0
vn -0 1 0
vn -1 0 0
vn -1 0 0
vn -1 0 0
vn -1 0 0
vn -0 0 -1
vn -0 0 -1
vn -0 0 -1
vn -0 0 -1
vn -0 0 1
vn -0 0 1
vn -0 0 1
vn -0 0 1
vn -0 -1 0
vn -0 -1 0
vn -0 -1 0
vn -0 -1 0
vn 0.999778 0 -0.02107285
vn 0.999778 0 -0.02107285
vn 0.999778 0 -0.02107285
vn 0.999778 0 -0.02107285
vn -0 1 0
vn -0 1 0
vn -0 1 0
vn -0 1 0
vn -0.999778 0 0.021072863
vn -0.999778 0 0.021072863
vn -0.999778 0 0.021072863
vn -0.999778 0 0.021072863
vn -0.06712485 0 -0.99774456
vn -0.06712485 0 -0.99774456
vn -0.06712485 0 -0.99774456
vn -0.06712485 0 -0.99774456
vn 0.0671248 0 0.99774456
vn 0.0671248 0 0.99774456
vn 0.0671248 0 0.99774456
vn 0.0671248 0 0.99774456
vn -0 -1 0
vn -0 -1 0
vn -0 -1 0
vn -0 -1 0
vn 1 0 0
vn 1 0 0
vn 1 0 0
vn 1 0 0
vn -0 1 0
vn -0 1 0
vn -0 1 0
vn -0 1 0
vn -1 0 0
vn -1 0 0
vn -1 0 0
vn -1 0 0
vn -0 0 -1
vn -0 0 -1
vn -0 0 -1
vn -0 0 -1
vn -0 0 1
vn -0 0 1
vn -0 0 1
vn -0 0 1
vn -0 -1 0
vn -0 -1 0
vn -0 -1 0
vn -0 -1 0
vn 1 0 0
vn 1 0 0
vn 1 0 0
vn 1 0 0
vn -0 1 0
vn -0 1 0
vn -0 1 0
vn -0 1 0
vn -1 0 0
vn -1 0 0
vn -1 0 0
vn -1 0 0
vn -0 0 -1
vn -0 0 -1
vn -0 0 -1
vn -0 0 -1
vn -0 0 1
vn -0 0 1
vn -0 0 1
vn -0 0 1
g Totend Castle New Complex_0
f 3/3/3 2/2/2 1/1/1
f 6/6/6 5/5/5 4/4/4
f 9/9/9 8/8/8 7/7/7
f 12/12/12 11/11/11 10/10/10
f 15/15/15 14/14/14 13/13/13
f 18/18/18 17/17/17 16/16/16
f 21/21/21 20/20/20 19/19/19
f 22/22/22 21/21/21 19/19/19
f 25/25/25 24/24/24 23/23/23
f 24/24/24 26/26/26 23/23/23
f 23/23/23 26/26/26 27/27/27
f 24/24/24 28/28/28 26/26/26
f 26/26/26 29/29/29 27/27/27
f 28/28/28 30/30/30 26/26/26
f 26/26/26 30/30/30 29/29/29
f 30/30/30 31/31/31 29/29/29
f 34/34/34 33/33/33 32/32/32
f 33/33/33 35/35/35 32/32/32
f 33/33/33 36/36/36 35/35/35
f 36/36/36 37/37/37 35/35/35
f 40/40/40 39/39/39 38/38/38
f 41/41/41 40/40/40 38/38/38
f 43/43/43 42/42/42 40/40/40
f 42/42/42 44/44/44 40/40/40
f 42/42/42 43/43/43 45/45/45
f 46/46/46 42/42/42 45/45/45
f 42/42/42 47/47/47 44/44/44
f 47/47/47 42/42/42 46/46/46
f 47/47/47 48/48/48 44/44/44
f 48/48/48 49/49/49 44/44/44
f 49/49/49 50/50/50 44/44/44
f 51/51/51 47/47/47 46/46/46
f 52/52/52 51/51/51 46/46/46
f 53/53/53 52/52/52 46/46/46
f 45/45/45 55/55/55 54/54/54
f 56/56/56 45/45/45 54/54/54
f 59/59/59 58/58/58 57/57/57
f 58/58/58 60/60/60 57/57/57
f 58/58/58 61/61/61 60/60/60
f 61/61/61 62/62/62 60/60/60
f 65/65/65 64/64/64 63/63/63
f 64/64/64 66/66/66 63/63/63
f 64/64/64 67/67/67 66/66/66
f 67/67/67 68/68/68 66/66/66
f 68/68/68 69/69/69 66/66/66
f 69/69/69 70/70/70 66/66/66
f 66/66/66 70/70/70 63/63/63
f 70/70/70 71/71/71 63/63/63
f 74/74/74 73/73/73 72/72/72
f 73/73/73 75/75/75 72/72/72
f 73/73/73 76/76/76 75/75/75
f 75/75/75 77/77/77 72/72/72
f 76/76/76 78/78/78 75/75/75
f 75/75/75 78/78/78 77/77/77
f 78/78/78 79/79/79 77/77/77
f 82/82/82 81/81/81 80/80/80
f 80/80/80 83/83/83 82/82/82
f 83/83/83 84/84/84 82/82/82
f 86/86/86 85/85/85 80/80/80
f 87/87/87 86/86/86 80/80/80
f 90/90/90 89/89/89 88/88/88
f 91/91/91 90/90/90 88/88/88
f 93/93/93 92/92/92 91/91/91
f 94/94/94 93/93/93 91/91/91
f 91/91/91 92/92/92 95/95/95
f 92/92/92 96/96/96 95/95/95
f 94/94/94 91/91/91 97/97/97
f 98/98/98 94/94/94 97/97/97
f 97/97/97 99/99/99 98/98/98
f 99/99/99 100/100/100 98/98/98
f 98/98/98 100/100/100 101/101/101
f 100/100/100 102/102/102 101/101/101
f 101/101/101 102/102/102 103/103/103
f 102/102/102 104/104/104 103/103/103
f 104/104/104 105/105/105 103/103/103
f 105/105/105 106/106/106 103/103/103
f 105/105/105 107/107/107 106/106/106
f 107/107/107 108/108/108 106/106/106
f 107/107/107 109/109/109 108/108/108
f 109/109/109 110/110/110 108/108/108
f 111/111/111 108/108/108 110/110/110
f 112/112/112 111/111/111 110/110/110
f 113/113/113 111/111/111 112/112/112
f 114/114/114 113/113/113 112/112/112
f 114/114/114 112/112/112 115/115/115
f 116/116/116 114/114/114 115/115/115
f 118/118/118 112/112/112 117/117/117
f 119/119/119 118/118/118 117/117/117
f 122/122/122 121/121/121 120/120/120
f 120/120/120 123/123/123 122/122/122
f 123/123/123 124/124/124 122/122/122
f 125/125/125 123/123/123 120/120/120
f 126/126/126 125/125/125 120/120/120
f 128/128/128 126/126/126 127/127/127
f 129/129/129 128/128/128 127/127/127
f 132/132/132 131/131/131 130/130/130
f 133/133/133 132/132/132 130/130/130
f 136/136/136 135/135/135 134/134/134
f 137/137/137 136/136/136 134/134/134
f 134/134/134 138/138/138 137/137/137
f 138/138/138 139/139/139 137/137/137
f 138/138/138 140/140/140 139/139/139
f 140/140/140 141/141/141 139/139/139
f 144/144/144 143/143/143 142/142/142
f 145/145/145 144/144/144 142/142/142
f 146/146/146 144/144/144 145/145/145
f 142/142/142 147/147/147 145/145/145
f 148/148/148 146/146/146 145/145/145
f 147/147/147 149/149/149 145/145/145
f 145/145/145 149/149/149 148/148/148
f 147/147/147 150/150/150 149/149/149
f 149/149/149 151/151/151 148/148/148
f 150/150/150 152/152/152 149/149/149
f 149/149/149 152/152/152 151/151/151
f 152/152/152 153/153/153 151/151/151
f 156/156/156 155/155/155 154/154/154
f 157/157/157 156/156/156 154/154/154
f 160/160/160 159/159/159 158/158/158
f 161/161/161 160/160/160 158/158/158
f 162/162/162 160/160/160 161/161/161
f 158/158/158 163/163/163 161/161/161
f 164/164/164 162/162/162 161/161/161
f 163/163/163 165/165/165 161/161/161
f 161/161/161 165/165/165 164/164/164
f 163/163/163 166/166/166 165/165/165
f 165/165/165 167/167/167 164/164/164
f 166/166/166 168/168/168 165/165/165
f 165/165/165 168/168/168 167/167/167
f 168/168/168 169/169/169 167/167/167
f 172/172/172 171/171/171 170/170/170
f 173/173/173 172/172/172 170/170/170
f 170/170/170 174/174/174 173/173/173
f 175/175/175 172/172/172 173/173/173
f 174/174/174 176/176/176 173/173/173
f 174/174/174 177/177/177 176/176/176
f 177/177/177 178/178/178 176/176/176
f 179/179/179 175/175/175 173/173/173
f 173/173/173 176/176/176 179/179/179
f 176/176/176 178/178/178 180/180/180
f 176/176/176 180/180/180 179/179/179
f 178/178/178 181/181/181 180/180/180
f 181/181/181 182/182/182 180/180/180
f 182/182/182 183/183/183 180/180/180
f 180/180/180 183/183/183 179/179/179
f 182/182/182 184/184/184 183/183/183
f 184/184/184 185/185/185 183/183/183
f 175/175/175 179/179/179 186/186/186
f 183/183/183 186/186/186 179/179/179
f 183/183/183 185/185/185 186/186/186
f 187/187/187 175/175/175 186/186/186
f 185/185/185 188/188/188 186/186/186
f 187/187/187 186/186/186 188/188/188
f 189/189/189 187/187/187 188/188/188
f 192/192/192 191/191/191 190/190/190
f 191/191/191 193/193/193 190/190/190
f 191/191/191 194/194/194 193/193/193
f 194/194/194 195/195/195 193/193/193
f 196/196/196 194/194/194 191/191/191
f 197/197/197 196/196/196 191/191/191
f 199/199/199 198/198/198 191/191/191
f 200/200/200 199/199/199 191/191/191
f 203/203/203 202/202/202 201/201/201
f 201/201/201 204/204/204 203/203/203
f 206/206/206 204/204/204 205/205/205
f 207/207/207 206/206/206 205/205/205
f 208/208/208 207/207/207 205/205/205
f 206/206/206 207/207/207 209/209/209
f 207/207/207 210/210/210 209/209/209
f 209/209/209 210/210/210 211/211/211
f 210/210/210 212/212/212 211/211/211
f 215/215/215 214/214/214 213/213/213
f 216/216/216 215/215/215 213/213/213
f 219/219/219 218/218/218 217/217/217
f 220/220/220 219/219/219 217/217/217
f 221/221/221 219/219/219 220/220/220
f 222/222/222 221/221/221 220/220/220
f 225/225/225 224/224/224 223/223/223
f 226/226/226 225/225/225 223/223/223
f 229/229/229 228/228/228 227/227/227
f 230/230/230 229/229/229 227/227/227
f 231/231/231 229/229/229 230/230/230
f 232/232/232 231/231/231 230/230/230
f 235/235/235 234/234/234 233/233/233
f 234/234/234 236/236/236 233/233/233
f 233/233/233 236/236/236 237/237/237
f 236/236/236 238/238/238 237/237/237
f 239/239/239 237/237/237 238/238/238
f 240/240/240 239/239/239 238/238/238
f 243/243/243 242/242/242 241/241/241
f 244/244/244 243/243/243 241/241/241
f 245/245/245 243/243/243 244/244/244
f 246/246/246 245/245/245 244/244/244
f 249/249/249 248/248/248 247/247/247
f 248/248/248 250/250/250 247/247/247
f 247/247/247 250/250/250 251/251/251
f 250/250/250 252/252/252 251/251/251
f 255/255/255 254/254/254 253/253/253
f 256/256/256 255/255/255 253/253/253
f 257/257/257 255/255/255 256/256/256
f 258/258/258 257/257/257 256/256/256
f 261/261/261 260/260/260 259/259/259
f 260/260/260 262/262/262 259/259/259
f 259/259/259 262/262/262 263/263/263
f 262/262/262 264/264/264 263/263/263
f 267/267/267 266/266/266 265/265/265
f 268/268/268 267/267/267 265/265/265
f 271/271/271 270/270/270 269/269/269
f 270/270/270 272/272/272 269/269/269
f 269/269/269 272/272/272 273/273/273
f 272/272/272 274/274/274 273/273/273
f 273/273/273 274/274/274 275/275/275
f 274/274/274 276/276/276 275/275/275
f 276/276/276 277/277/277 275/275/275
f 277/277/277 278/278/278 275/275/275
f 277/277/277 279/279/279 278/278/278
f 279/279/279 280/280/280 278/278/278
f 279/279/279 281/281/281 280/280/280
f 281/281/281 282/282/282 280/280/280
f 285/285/285 284/284/284 283/283/283
f 286/286/286 285/285/285 283/283/283
f 287/287/287 285/285/285 286/286/286
f 288/288/288 287/287/287 286/286/286
f 287/287/287 288/288/288 289/289/289
f 288/288/288 290/290/290 289/289/289
f 293/293/293 292/292/292 291/291/291
f 294/294/294 293/293/293 291/291/291
f 295/295/295 293/293/293 294/294/294
f 296/296/296 295/295/295 294/294/294
f 295/295/295 296/296/296 297/297/297
f 298/298/298 295/295/295 297/297/297
f 298/298/298 297/297/297 299/299/299
f 300/300/300 298/298/298 299/299/299
f 303/303/303 302/302/302 301/301/301
f 304/304/304 303/303/303 301/301/301
f 307/307/307 306/306/306 305/305/305
f 308/308/308 307/307/307 305/305/305
f 311/311/311 310/310/310 309/309/309
f 312/312/312 311/311/311 309/309/309
f 315/315/315 314/314/314 313/313/313
f 316/316/316 315/315/315 313/313/313
f 319/319/319 318/318/318 317/317/317
f 317/317/317 318/318/318 320/320/320
f 318/318/318 321/321/321 320/320/320
f 320/320/320 321/321/321 322/322/322
f 321/321/321 323/323/323 322/322/322
f 322/322/322 323/323/323 324/324/324
f 323/323/323 325/325/325 324/324/324
f 324/324/324 325/325/325 326/326/326
f 325/325/325 327/327/327 326/326/326
f 326/326/326 327/327/327 328/328/328
f 327/327/327 329/329/329 328/328/328
f 328/328/328 329/329/329 330/330/330
f 329/329/329 331/331/331 330/330/330
f 330/330/330 331/331/331 332/332/332
f 331/331/331 333/333/333 332/332/332
f 336/336/336 335/335/335 334/334/334
f 335/335/335 337/337/337 334/334/334
f 334/334/334 337/337/337 338/338/338
f 339/339/339 334/334/334 338/338/338
f 342/342/342 341/341/341 340/340/340
f 341/341/341 343/343/343 340/340/340
f 340/340/340 343/343/343 344/344/344
f 347/347/347 346/346/346 345/345/345
f 346/346/346 348/348/348 345/345/345
f 345/345/345 348/348/348 349/349/349
f 348/348/348 350/350/350 349/349/349
f 349/349/349 350/350/350 351/351/351
f 350/350/350 352/352/352 351/351/351
f 351/351/351 352/352/352 353/353/353
f 352/352/352 354/354/354 353/353/353
f 353/353/353 354/354/354 355/355/355
f 354/354/354 356/356/356 355/355/355
f 355/355/355 356/356/356 357/357/357
f 356/356/356 358/358/358 357/357/357
f 357/357/357 358/358/358 359/359/359
f 358/358/358 360/360/360 359/359/359
f 359/359/359 360/360/360 361/361/361
f 360/360/360 362/362/362 361/361/361
f 365/365/365 364/364/364 363/363/363
f 363/363/363 364/364/364 366/366/366
f 364/364/364 367/367/367 366/366/366
f 366/366/366 367/367/367 368/368/368
f 367/367/367 369/369/369 368/368/368
f 372/372/372 371/371/371 370/370/370
f 370/370/370 371/371/371 373/373/373
f 376/376/376 375/375/375 374/374/374
f 375/375/375 377/377/377 374/374/374
f 374/374/374 377/377/377 378/378/378
f 377/377/377 379/379/379 378/378/378
f 378/378/378 379/379/379 380/380/380
f 379/379/379 381/381/381 380/380/380
f 380/380/380 381/381/381 382/382/382
f 383/383/383 380/380/380 382/382/382
f 386/386/386 385/385/385 384/384/384
f 385/385/385 386/386/386 387/387/387
f 386/386/386 388/388/388 387/387/387
f 387/387/387 388/388/388 389/389/389
f 388/388/388 390/390/390 389/389/389
f 389/389/389 390/390/390 391/391/391
f 390/390/390 392/392/392 391/391/391
f 391/391/391 392/392/392 393/393/393
f 396/396/396 395/395/395 394/394/394
f 397/397/397 396/396/396 394/394/394
f 397/397/397 394/394/394 398/398/398
f 399/399/399 397/397/397 398/398/398
f 400/400/400 396/396/396 397/397/397
f 401/401/401 397/397/397 399/399/399
f 401/401/401 400/400/400 397/397/397
f 402/402/402 401/401/401 399/399/399
f 401/401/401 402/402/402 403/403/403
f 400/400/400 401/401/401 404/404/404
f 404/404/404 401/401/401 403/403/403
f 404/404/404 403/403/403 405/405/405
f 406/406/406 400/400/400 404/404/404
f 407/407/407 404/404/404 405/405/405
f 406/406/406 404/404/404 407/407/407
f 408/408/408 406/406/406 407/407/407
f 411/411/411 410/410/410 409/409/409
f 412/412/412 411/411/411 409/409/409
f 415/415/415 414/414/414 413/413/413
f 414/414/414 416/416/416 413/413/413
f 413/413/413 416/416/416 417/417/417
f 416/416/416 418/418/418 417/417/417
f 421/421/421 420/420/420 419/419/419
f 422/422/422 421/421/421 419/419/419
f 425/425/425 424/424/424 423/423/423
f 426/426/426 425/425/425 423/423/423
f 429/429/429 428/428/428 427/427/427
f 430/430/430 429/429/429 427/427/427
f 430/430/430 427/427/427 431/431/431
f 432/432/432 429/429/429 430/430/430
f 433/433/433 430/430/430 431/431/431
f 434/434/434 432/432/432 430/430/430
f 434/434/434 430/430/430 433/433/433
f 437/437/437 436/436/436 435/435/435
f 438/438/438 437/437/437 435/435/435
f 441/441/441 440/440/440 439/439/439
f 442/442/442 441/441/441 439/439/439
f 445/445/445 444/444/444 443/443/443
f 446/446/446 445/445/445 443/443/443
f 449/449/449 448/448/448 447/447/447
f 448/448/448 450/450/450 447/447/447
f 447/447/447 450/450/450 451/451/451
f 450/450/450 452/452/452 451/451/451
f 455/455/455 454/454/454 453/453/453
f 456/456/456 455/455/455 453/453/453
f 459/459/459 458/458/458 457/457/457
f 460/460/460 459/459/459 457/457/457
f 463/463/463 462/462/462 461/461/461
f 464/464/464 463/463/463 461/461/461
f 467/467/467 466/466/466 465/465/465
f 466/466/466 468/468/468 465/465/465
f 465/465/465 468/468/468 469/469/469
f 468/468/468 470/470/470 469/469/469
f 469/469/469 470/470/470 471/471/471
f 470/470/470 472/472/472 471/471/471
f 471/471/471 472/472/472 473/473/473
f 472/472/472 474/474/474 473/473/473
f 474/474/474 475/475/475 473/473/473
f 475/475/475 476/476/476 473/473/473
f 475/475/475 477/477/477 476/476/476
f 477/477/477 478/478/478 476/476/476
f 477/477/477 479/479/479 478/478/478
f 479/479/479 480/480/480 478/478/478
f 479/479/479 481/481/481 480/480/480
f 481/481/481 482/482/482 480/480/480
f 485/485/485 484/484/484 483/483/483
f 486/486/486 485/485/485 483/483/483
f 489/489/489 488/488/488 487/487/487
f 490/490/490 489/489/489 487/487/487
f 493/493/493 492/492/492 491/491/491
f 494/494/494 493/493/493 491/491/491
f 497/497/497 496/496/496 495/495/495
f 498/498/498 497/497/497 495/495/495
f 501/501/501 500/500/500 499/499/499
f 502/502/502 501/501/501 499/499/499
f 505/505/505 504/504/504 503/503/503
f 506/506/506 505/505/505 503/503/503
f 509/509/509 508/508/508 507/507/507
f 510/510/510 509/509/509 507/507/507
f 513/513/513 512/512/512 511/511/511
f 514/514/514 513/513/513 511/511/511
f 517/517/517 516/516/516 515/515/515
f 518/518/518 517/517/517 515/515/515
f 521/521/521 520/520/520 519/519/519
f 522/522/522 521/521/521 519/519/519
f 525/525/525 524/524/524 523/523/523
f 526/526/526 525/525/525 523/523/523
f 529/529/529 528/528/528 527/527/527
f 530/530/530 529/529/529 527/527/527
f 533/533/533 532/532/532 531/531/531
f 534/534/534 533/533/533 531/531/531
f 537/537/537 536/536/536 535/535/535
f 538/538/538 537/537/537 535/535/535
f 541/541/541 540/540/540 539/539/539
f 542/542/542 541/541/541 539/539/539
f 545/545/545 544/544/544 543/543/543
f 546/546/546 545/545/545 543/543/543
f 549/549/549 548/548/548 547/547/547
f 550/550/550 549/549/549 547/547/547
f 553/553/553 552/552/552 551/551/551
f 554/554/554 553/553/553 551/551/551
f 557/557/557 556/556/556 555/555/555
f 558/558/558 557/557/557 555/555/555
f 561/561/561 560/560/560 559/559/559
f 562/562/562 561/561/561 559/559/559
f 565/565/565 564/564/564 563/563/563
f 566/566/566 565/565/565 563/563/563
f 569/569/569 568/568/568 567/567/567
f 570/570/570 569/569/569 567/567/567
f 573/573/573 572/572/572 571/571/571
f 574/574/574 573/573/573 571/571/571
f 577/577/577 576/576/576 575/575/575
f 578/578/578 577/577/577 575/575/575
f 581/581/581 580/580/580 579/579/579
f 582/582/582 581/581/581 579/579/579
f 585/585/585 584/584/584 583/583/583
f 586/586/586 585/585/585 583/583/583
f 589/589/589 588/588/588 587/587/587
f 590/590/590 589/589/589 587/587/587
f 593/593/593 592/592/592 591/591/591
f 594/594/594 593/593/593 591/591/591
f 597/597/597 596/596/596 595/595/595
f 598/598/598 597/597/597 595/595/595
f 601/601/601 600/600/600 599/599/599
f 602/602/602 601/601/601 599/599/599
f 605/605/605 604/604/604 603/603/603
f 606/606/606 605/605/605 603/603/603
f 609/609/609 608/608/608 607/607/607
f 610/610/610 609/609/609 607/607/607
f 613/613/613 612/612/612 611/611/611
f 614/614/614 613/613/613 611/611/611
f 617/617/617 616/616/616 615/615/615
f 618/618/618 617/617/617 615/615/615
f 621/621/621 620/620/620 619/619/619
f 622/622/622 621/621/621 619/619/619
f 625/625/625 624/624/624 623/623/623
f 626/626/626 625/625/625 623/623/623
f 629/629/629 628/628/628 627/627/627
f 630/630/630 629/629/629 627/627/627
f 633/633/633 632/632/632 631/631/631
f 634/634/634 633/633/633 631/631/631
f 637/637/637 636/636/636 635/635/635
f 638/638/638 637/637/637 635/635/635
f 641/641/641 640/640/640 639/639/639
f 642/642/642 641/641/641 639/639/639
f 645/645/645 644/644/644 643/643/643
f 646/646/646 645/645/645 643/643/643
f 649/649/649 648/648/648 647/647/647
f 650/650/650 649/649/649 647/647/647
f 653/653/653 652/652/652 651/651/651
f 654/654/654 653/653/653 651/651/651
f 657/657/657 656/656/656 655/655/655
f 658/658/658 657/657/657 655/655/655
f 661/661/661 660/660/660 659/659/659
f 662/662/662 661/661/661 659/659/659
f 665/665/665 664/664/664 663/663/663
f 666/666/666 665/665/665 663/663/663
f 669/669/669 668/668/668 667/667/667
f 670/670/670 669/669/669 667/667/667
f 673/673/673 672/672/672 671/671/671
f 674/674/674 673/673/673 671/671/671
f 677/677/677 676/676/676 675/675/675
f 678/678/678 677/677/677 675/675/675
f 681/681/681 680/680/680 679/679/679
f 682/682/682 681/681/681 679/679/679
f 685/685/685 684/684/684 683/683/683
f 686/686/686 685/685/685 683/683/683
f 689/689/689 688/688/688 687/687/687
f 690/690/690 689/689/689 687/687/687
f 693/693/693 692/692/692 691/691/691
f 694/694/694 693/693/693 691/691/691
f 697/697/697 696/696/696 695/695/695
f 698/698/698 697/697/697 695/695/695
f 701/701/701 700/700/700 699/699/699
f 702/702/702 701/701/701 699/699/699
f 705/705/705 704/704/704 703/703/703
f 706/706/706 705/705/705 703/703/703
f 709/709/709 708/708/708 707/707/707
f 710/710/710 709/709/709 707/707/707
f 713/713/713 712/712/712 711/711/711
f 714/714/714 713/713/713 711/711/711
f 717/717/717 716/716/716 715/715/715
f 718/718/718 717/717/717 715/715/715
f 721/721/721 720/720/720 719/719/719
f 722/722/722 721/721/721 719/719/719
f 725/725/725 724/724/724 723/723/723
f 726/726/726 725/725/725 723/723/723
f 729/729/729 728/728/728 727/727/727
f 730/730/730 729/729/729 727/727/727
f 733/733/733 732/732/732 731/731/731
f 734/734/734 733/733/733 731/731/731
f 737/737/737 736/736/736 735/735/735
f 738/738/738 737/737/737 735/735/735
f 741/741/741 740/740/740 739/739/739
f 742/742/742 741/741/741 739/739/739
f 745/745/745 744/744/744 743/743/743
f 746/746/746 745/745/745 743/743/743
f 749/749/749 748/748/748 747/747/747
f 750/750/750 749/749/749 747/747/747
f 753/753/753 752/752/752 751/751/751
f 754/754/754 753/753/753 751/751/751
f 757/757/757 756/756/756 755/755/755
f 758/758/758 757/757/757 755/755/755
f 761/761/761 760/760/760 759/759/759
f 762/762/762 761/761/761 759/759/759
f 765/765/765 764/764/764 763/763/763
f 766/766/766 765/765/765 763/763/763
f 769/769/769 768/768/768 767/767/767
f 770/770/770 769/769/769 767/767/767
f 773/773/773 772/772/772 771/771/771
f 774/774/774 773/773/773 771/771/771
f 777/777/777 776/776/776 775/775/775
f 778/778/778 777/777/777 775/775/775
f 781/781/781 780/780/780 779/779/779
f 782/782/782 781/781/781 779/779/779
f 785/785/785 784/784/784 783/783/783
f 786/786/786 785/785/785 783/783/783
f 789/789/789 788/788/788 787/787/787
f 790/790/790 789/789/789 787/787/787
f 793/793/793 792/792/792 791/791/791
f 794/794/794 793/793/793 791/791/791
f 797/797/797 796/796/796 795/795/795
f 798/798/798 797/797/797 795/795/795
f 801/801/801 800/800/800 799/799/799
f 802/802/802 801/801/801 799/799/799
f 805/805/805 804/804/804 803/803/803
f 806/806/806 805/805/805 803/803/803
f 809/809/809 808/808/808 807/807/807
f 810/810/810 809/809/809 807/807/807
f 813/813/813 812/812/812 811/811/811
f 814/814/814 813/813/813 811/811/811
f 817/817/817 816/816/816 815/815/815
f 818/818/818 817/817/817 815/815/815
f 821/821/821 820/820/820 819/819/819
f 822/822/822 821/821/821 819/819/819
f 825/825/825 824/824/824 823/823/823
f 826/826/826 825/825/825 823/823/823
f 829/829/829 828/828/828 827/827/827
f 830/830/830 829/829/829 827/827/827
f 833/833/833 832/832/832 831/831/831
f 834/834/834 833/833/833 831/831/831
f 837/837/837 836/836/836 835/835/835
f 838/838/838 837/837/837 835/835/835
f 841/841/841 840/840/840 839/839/839
f 842/842/842 841/841/841 839/839/839
f 845/845/845 844/844/844 843/843/843
f 846/846/846 845/845/845 843/843/843
f 849/849/849 848/848/848 847/847/847
f 850/850/850 849/849/849 847/847/847
f 853/853/853 852/852/852 851/851/851
f 854/854/854 853/853/853 851/851/851
f 857/857/857 856/856/856 855/855/855
f 858/858/858 857/857/857 855/855/855
f 861/861/861 860/860/860 859/859/859
f 862/862/862 861/861/861 859/859/859
f 865/865/865 864/864/864 863/863/863
f 866/866/866 865/865/865 863/863/863
f 869/869/869 868/868/868 867/867/867
f 870/870/870 869/869/869 867/867/867
f 873/873/873 872/872/872 871/871/871
f 874/874/874 873/873/873 871/871/871
f 877/877/877 876/876/876 875/875/875
f 878/878/878 877/877/877 875/875/875
f 881/881/881 880/880/880 879/879/879
f 882/882/882 881/881/881 879/879/879
f 885/885/885 884/884/884 883/883/883
f 886/886/886 885/885/885 883/883/883
f 889/889/889 888/888/888 887/887/887
f 890/890/890 889/889/889 887/887/887
f 893/893/893 892/892/892 891/891/891
f 894/894/894 893/893/893 891/891/891
f 897/897/897 896/896/896 895/895/895
f 898/898/898 897/897/897 895/895/895
f 901/901/901 900/900/900 899/899/899
f 902/902/902 901/901/901 899/899/899
f 905/905/905 904/904/904 903/903/903
f 906/906/906 905/905/905 903/903/903
f 909/909/909 908/908/908 907/907/907
f 910/910/910 909/909/909 907/907/907
f 913/913/913 912/912/912 911/911/911
f 914/914/914 913/913/913 911/911/911
f 917/917/917 916/916/916 915/915/915
f 918/918/918 917/917/917 915/915/915
f 921/921/921 920/920/920 919/919/919
f 922/922/922 921/921/921 919/919/919
f 925/925/925 924/924/924 923/923/923
f 926/926/926 925/925/925 923/923/923
f 929/929/929 928/928/928 927/927/927
f 930/930/930 929/929/929 927/927/927
f 933/933/933 932/932/932 931/931/931
f 934/934/934 933/933/933 931/931/931
f 937/937/937 936/936/936 935/935/935
f 938/938/938 937/937/937 935/935/935
f 941/941/941 940/940/940 939/939/939
f 942/942/942 941/941/941 939/939/939
f 945/945/945 944/944/944 943/943/943
f 946/946/946 945/945/945 943/943/943
f 949/949/949 948/948/948 947/947/947
f 950/950/950 949/949/949 947/947/947
f 953/953/953 952/952/952 951/951/951
f 954/954/954 953/953/953 951/951/951
f 957/957/957 956/956/956 955/955/955
f 958/958/958 957/957/957 955/955/955
f 961/961/961 960/960/960 959/959/959
f 962/962/962 961/961/961 959/959/959
f 965/965/965 964/964/964 963/963/963
f 966/966/966 965/965/965 963/963/963
f 969/969/969 968/968/968 967/967/967
f 970/970/970 969/969/969 967/967/967
f 973/973/973 972/972/972 971/971/971
f 974/974/974 973/973/973 971/971/971
f 977/977/977 976/976/976 975/975/975
f 978/978/978 977/977/977 975/975/975
f 981/981/981 980/980/980 979/979/979
f 982/982/982 981/981/981 979/979/979
f 985/985/985 984/984/984 983/983/983
f 986/986/986 985/985/985 983/983/983
f 989/989/989 988/988/988 987/987/987
f 990/990/990 989/989/989 987/987/987
f 993/993/993 992/992/992 991/991/991
f 994/994/994 993/993/993 991/991/991
f 997/997/997 996/996/996 995/995/995
f 998/998/998 997/997/997 995/995/995
f 1001/1001/1001 1000/1000/1000 999/999/999
f 1002/1002/1002 1001/1001/1001 999/999/999
f 1005/1005/1005 1004/1004/1004 1003/1003/1003
f 1006/1006/1006 1005/1005/1005 1003/1003/1003
f 1009/1009/1009 1008/1008/1008 1007/1007/1007
f 1010/1010/1010 1009/1009/1009 1007/1007/1007
f 1013/1013/1013 1012/1012/1012 1011/1011/1011
f 1014/1014/1014 1013/1013/1013 1011/1011/1011
f 1017/1017/1017 1016/1016/1016 1015/1015/1015
f 1018/1018/1018 1017/1017/1017 1015/1015/1015
f 1021/1021/1021 1020/1020/1020 1019/1019/1019
f 1022/1022/1022 1021/1021/1021 1019/1019/1019
f 1025/1025/1025 1024/1024/1024 1023/1023/1023
f 1026/1026/1026 1025/1025/1025 1023/1023/1023
f 1029/1029/1029 1028/1028/1028 1027/1027/1027
f 1030/1030/1030 1029/1029/1029 1027/1027/1027
f 1033/1033/1033 1032/1032/1032 1031/1031/1031
f 1034/1034/1034 1033/1033/1033 1031/1031/1031
f 1037/1037/1037 1036/1036/1036 1035/1035/1035
f 1038/1038/1038 1037/1037/1037 1035/1035/1035
f 1041/1041/1041 1040/1040/1040 1039/1039/1039
f 1042/1042/1042 1041/1041/1041 1039/1039/1039
f 1045/1045/1045 1044/1044/1044 1043/1043/1043
f 1046/1046/1046 1045/1045/1045 1043/1043/1043
f 1049/1049/1049 1048/1048/1048 1047/1047/1047
f 1050/1050/1050 1049/1049/1049 1047/1047/1047
f 1053/1053/1053 1052/1052/1052 1051/1051/1051
f 1054/1054/1054 1053/1053/1053 1051/1051/1051
f 1057/1057/1057 1056/1056/1056 1055/1055/1055
f 1058/1058/1058 1057/1057/1057 1055/1055/1055
f 1061/1061/1061 1060/1060/1060 1059/1059/1059
f 1062/1062/1062 1061/1061/1061 1059/1059/1059
f 1065/1065/1065 1064/1064/1064 1063/1063/1063
f 1066/1066/1066 1065/1065/1065 1063/1063/1063
f 1069/1069/1069 1068/1068/1068 1067/1067/1067
f 1070/1070/1070 1069/1069/1069 1067/1067/1067
f 1073/1073/1073 1072/1072/1072 1071/1071/1071
f 1074/1074/1074 1073/1073/1073 1071/1071/1071
f 1077/1077/1077 1076/1076/1076 1075/1075/1075
f 1078/1078/1078 1077/1077/1077 1075/1075/1075
f 1081/1081/1081 1080/1080/1080 1079/1079/1079
f 1082/1082/1082 1081/1081/1081 1079/1079/1079
f 1085/1085/1085 1084/1084/1084 1083/1083/1083
f 1086/1086/1086 1085/1085/1085 1083/1083/1083
f 1089/1089/1089 1088/1088/1088 1087/1087/1087
f 1090/1090/1090 1089/1089/1089 1087/1087/1087
f 1093/1093/1093 1092/1092/1092 1091/1091/1091
f 1094/1094/1094 1093/1093/1093 1091/1091/1091
f 1097/1097/1097 1096/1096/1096 1095/1095/1095
f 1098/1098/1098 1097/1097/1097 1095/1095/1095
f 1101/1101/1101 1100/1100/1100 1099/1099/1099
f 1102/1102/1102 1101/1101/1101 1099/1099/1099
f 1105/1105/1105 1104/1104/1104 1103/1103/1103
f 1106/1106/1106 1105/1105/1105 1103/1103/1103
f 1109/1109/1109 1108/1108/1108 1107/1107/1107
f 1110/1110/1110 1109/1109/1109 1107/1107/1107
f 1113/1113/1113 1112/1112/1112 1111/1111/1111
f 1114/1114/1114 1113/1113/1113 1111/1111/1111
f 1117/1117/1117 1116/1116/1116 1115/1115/1115
f 1118/1118/1118 1117/1117/1117 1115/1115/1115
f 1121/1121/1121 1120/1120/1120 1119/1119/1119
f 1122/1122/1122 1121/1121/1121 1119/1119/1119
f 1125/1125/1125 1124/1124/1124 1123/1123/1123
f 1126/1126/1126 1125/1125/1125 1123/1123/1123
f 1129/1129/1129 1128/1128/1128 1127/1127/1127
f 1130/1130/1130 1129/1129/1129 1127/1127/1127
f 1133/1133/1133 1132/1132/1132 1131/1131/1131
f 1134/1134/1134 1133/1133/1133 1131/1131/1131
f 1137/1137/1137 1136/1136/1136 1135/1135/1135
f 1138/1138/1138 1137/1137/1137 1135/1135/1135
f 1141/1141/1141 1140/1140/1140 1139/1139/1139
f 1142/1142/1142 1141/1141/1141 1139/1139/1139
f 1145/1145/1145 1144/1144/1144 1143/1143/1143
f 1146/1146/1146 1145/1145/1145 1143/1143/1143
f 1149/1149/1149 1148/1148/1148 1147/1147/1147
f 1150/1150/1150 1149/1149/1149 1147/1147/1147
f 1153/1153/1153 1152/1152/1152 1151/1151/1151
f 1154/1154/1154 1153/1153/1153 1151/1151/1151
f 1157/1157/1157 1156/1156/1156 1155/1155/1155
f 1158/1158/1158 1157/1157/1157 1155/1155/1155
f 1161/1161/1161 1160/1160/1160 1159/1159/1159
f 1162/1162/1162 1161/1161/1161 1159/1159/1159
f 1165/1165/1165 1164/1164/1164 1163/1163/1163
f 1166/1166/1166 1165/1165/1165 1163/1163/1163
f 1169/1169/1169 1168/1168/1168 1167/1167/1167
f 1170/1170/1170 1169/1169/1169 1167/1167/1167
f 1173/1173/1173 1172/1172/1172 1171/1171/1171
f 1174/1174/1174 1173/1173/1173 1171/1171/1171
f 1177/1177/1177 1176/1176/1176 1175/1175/1175
f 1178/1178/1178 1177/1177/1177 1175/1175/1175
f 1181/1181/1181 1180/1180/1180 1179/1179/1179
f 1182/1182/1182 1181/1181/1181 1179/1179/1179
f 1185/1185/1185 1184/1184/1184 1183/1183/1183
f 1186/1186/1186 1185/1185/1185 1183/1183/1183
f 1189/1189/1189 1188/1188/1188 1187/1187/1187
f 1190/1190/1190 1189/1189/1189 1187/1187/1187
f 1193/1193/1193 1192/1192/1192 1191/1191/1191
f 1194/1194/1194 1193/1193/1193 1191/1191/1191
f 1197/1197/1197 1196/1196/1196 1195/1195/1195
f 1198/1198/1198 1197/1197/1197 1195/1195/1195
f 1201/1201/1201 1200/1200/1200 1199/1199/1199
f 1202/1202/1202 1201/1201/1201 1199/1199/1199
f 1205/1205/1205 1204/1204/1204 1203/1203/1203
f 1206/1206/1206 1205/1205/1205 1203/1203/1203
f 1209/1209/1209 1208/1208/1208 1207/1207/1207
f 1210/1210/1210 1209/1209/1209 1207/1207/1207
f 1213/1213/1213 1212/1212/1212 1211/1211/1211
f 1214/1214/1214 1213/1213/1213 1211/1211/1211
f 1217/1217/1217 1216/1216/1216 1215/1215/1215
f 1218/1218/1218 1217/1217/1217 1215/1215/1215
f 1221/1221/1221 1220/1220/1220 1219/1219/1219
f 1222/1222/1222 1221/1221/1221 1219/1219/1219
f 1225/1225/1225 1224/1224/1224 1223/1223/1223
f 1226/1226/1226 1225/1225/1225 1223/1223/1223
f 1229/1229/1229 1228/1228/1228 1227/1227/1227
f 1230/1230/1230 1229/1229/1229 1227/1227/1227
f 1233/1233/1233 1232/1232/1232 1231/1231/1231
f 1234/1234/1234 1233/1233/1233 1231/1231/1231
f 1237/1237/1237 1236/1236/1236 1235/1235/1235
f 1238/1238/1238 1237/1237/1237 1235/1235/1235
f 1241/1241/1241 1240/1240/1240 1239/1239/1239
f 1242/1242/1242 1241/1241/1241 1239/1239/1239
f 1245/1245/1245 1244/1244/1244 1243/1243/1243
f 1246/1246/1246 1245/1245/1245 1243/1243/1243
f 1249/1249/1249 1248/1248/1248 1247/1247/1247
f 1250/1250/1250 1249/1249/1249 1247/1247/1247
f 1253/1253/1253 1252/1252/1252 1251/1251/1251
f 1254/1254/1254 1253/1253/1253 1251/1251/1251
f 1257/1257/1257 1256/1256/1256 1255/1255/1255
f 1258/1258/1258 1257/1257/1257 1255/1255/1255
f 1261/1261/1261 1260/1260/1260 1259/1259/1259
f 1262/1262/1262 1261/1261/1261 1259/1259/1259
f 1265/1265/1265 1264/1264/1264 1263/1263/1263
f 1266/1266/1266 1265/1265/1265 1263/1263/1263
f 1269/1269/1269 1268/1268/1268 1267/1267/1267
f 1270/1270/1270 1269/1269/1269 1267/1267/1267
f 1273/1273/1273 1272/1272/1272 1271/1271/1271
f 1274/1274/1274 1273/1273/1273 1271/1271/1271
f 1277/1277/1277 1276/1276/1276 1275/1275/1275
f 1278/1278/1278 1277/1277/1277 1275/1275/1275
f 1281/1281/1281 1280/1280/1280 1279/1279/1279
f 1282/1282/1282 1281/1281/1281 1279/1279/1279
f 1285/1285/1285 1284/1284/1284 1283/1283/1283
f 1286/1286/1286 1285/1285/1285 1283/1283/1283
f 1289/1289/1289 1288/1288/1288 1287/1287/1287
f 1290/1290/1290 1289/1289/1289 1287/1287/1287
f 1293/1293/1293 1292/1292/1292 1291/1291/1291
f 1294/1294/1294 1293/1293/1293 1291/1291/1291
f 1297/1297/1297 1296/1296/1296 1295/1295/1295
f 1298/1298/1298 1297/1297/1297 1295/1295/1295
f 1301/1301/1301 1300/1300/1300 1299/1299/1299
f 1302/1302/1302 1301/1301/1301 1299/1299/1299
f 1305/1305/1305 1304/1304/1304 1303/1303/1303
f 1306/1306/1306 1305/1305/1305 1303/1303/1303
f 1309/1309/1309 1308/1308/1308 1307/1307/1307
f 1310/1310/1310 1309/1309/1309 1307/1307/1307
f 1313/1313/1313 1312/1312/1312 1311/1311/1311
f 1314/1314/1314 1313/1313/1313 1311/1311/1311
f 1317/1317/1317 1316/1316/1316 1315/1315/1315
f 1318/1318/1318 1317/1317/1317 1315/1315/1315
f 1321/1321/1321 1320/1320/1320 1319/1319/1319
f 1322/1322/1322 1321/1321/1321 1319/1319/1319
f 1325/1325/1325 1324/1324/1324 1323/1323/1323
f 1326/1326/1326 1325/1325/1325 1323/1323/1323
f 1329/1329/1329 1328/1328/1328 1327/1327/1327
f 1330/1330/1330 1329/1329/1329 1327/1327/1327
f 1333/1333/1333 1332/1332/1332 1331/1331/1331
f 1334/1334/1334 1333/1333/1333 1331/1331/1331
f 1337/1337/1337 1336/1336/1336 1335/1335/1335
f 1338/1338/1338 1337/1337/1337 1335/1335/1335
f 1341/1341/1341 1340/1340/1340 1339/1339/1339
f 1342/1342/1342 1341/1341/1341 1339/1339/1339
f 1345/1345/1345 1344/1344/1344 1343/1343/1343
f 1346/1346/1346 1345/1345/1345 1343/1343/1343
f 1349/1349/1349 1348/1348/1348 1347/1347/1347
f 1350/1350/1350 1349/1349/1349 1347/1347/1347
f 1353/1353/1353 1352/1352/1352 1351/1351/1351
f 1354/1354/1354 1353/1353/1353 1351/1351/1351
f 1357/1357/1357 1356/1356/1356 1355/1355/1355
f 1358/1358/1358 1357/1357/1357 1355/1355/1355
f 1361/1361/1361 1360/1360/1360 1359/1359/1359
f 1362/1362/1362 1361/1361/1361 1359/1359/1359
f 1365/1365/1365 1364/1364/1364 1363/1363/1363
f 1366/1366/1366 1365/1365/1365 1363/1363/1363
f 1369/1369/1369 1368/1368/1368 1367/1367/1367
f 1370/1370/1370 1369/1369/1369 1367/1367/1367
f 1373/1373/1373 1372/1372/1372 1371/1371/1371
f 1374/1374/1374 1373/1373/1373 1371/1371/1371
f 1377/1377/1377 1376/1376/1376 1375/1375/1375
f 1378/1378/1378 1377/1377/1377 1375/1375/1375
f 1381/1381/1381 1380/1380/1380 1379/1379/1379
f 1382/1382/1382 1381/1381/1381 1379/1379/1379
f 1385/1385/1385 1384/1384/1384 1383/1383/1383
f 1386/1386/1386 1385/1385/1385 1383/1383/1383
f 1389/1389/1389 1388/1388/1388 1387/1387/1387
f 1390/1390/1390 1389/1389/1389 1387/1387/1387
f 1393/1393/1393 1392/1392/1392 1391/1391/1391
f 1394/1394/1394 1393/1393/1393 1391/1391/1391
f 1397/1397/1397 1396/1396/1396 1395/1395/1395
f 1398/1398/1398 1397/1397/1397 1395/1395/1395
f 1401/1401/1401 1400/1400/1400 1399/1399/1399
f 1402/1402/1402 1401/1401/1401 1399/1399/1399
f 1405/1405/1405 1404/1404/1404 1403/1403/1403
f 1406/1406/1406 1405/1405/1405 1403/1403/1403
f 1409/1409/1409 1408/1408/1408 1407/1407/1407
f 1410/1410/1410 1409/1409/1409 1407/1407/1407
f 1413/1413/1413 1412/1412/1412 1411/1411/1411
f 1414/1414/1414 1413/1413/1413 1411/1411/1411
f 1417/1417/1417 1416/1416/1416 1415/1415/1415
f 1418/1418/1418 1417/1417/1417 1415/1415/1415
f 1421/1421/1421 1420/1420/1420 1419/1419/1419
f 1422/1422/1422 1421/1421/1421 1419/1419/1419
f 1425/1425/1425 1424/1424/1424 1423/1423/1423
f 1426/1426/1426 1425/1425/1425 1423/1423/1423
f 1429/1429/1429 1428/1428/1428 1427/1427/1427
f 1430/1430/1430 1429/1429/1429 1427/1427/1427
f 1433/1433/1433 1432/1432/1432 1431/1431/1431
f 1434/1434/1434 1433/1433/1433 1431/1431/1431
f 1437/1437/1437 1436/1436/1436 1435/1435/1435
f 1438/1438/1438 1437/1437/1437 1435/1435/1435
f 1441/1441/1441 1440/1440/1440 1439/1439/1439
f 1442/1442/1442 1441/1441/1441 1439/1439/1439
f 1445/1445/1445 1444/1444/1444 1443/1443/1443
f 1446/1446/1446 1445/1445/1445 1443/1443/1443
f 1449/1449/1449 1448/1448/1448 1447/1447/1447
f 1450/1450/1450 1449/1449/1449 1447/1447/1447
f 1453/1453/1453 1452/1452/1452 1451/1451/1451
f 1454/1454/1454 1453/1453/1453 1451/1451/1451
f 1457/1457/1457 1456/1456/1456 1455/1455/1455
f 1458/1458/1458 1457/1457/1457 1455/1455/1455
f 1461/1461/1461 1460/1460/1460 1459/1459/1459
f 1462/1462/1462 1461/1461/1461 1459/1459/1459
f 1465/1465/1465 1464/1464/1464 1463/1463/1463
f 1466/1466/1466 1465/1465/1465 1463/1463/1463
f 1469/1469/1469 1468/1468/1468 1467/1467/1467
f 1470/1470/1470 1469/1469/1469 1467/1467/1467
f 1473/1473/1473 1472/1472/1472 1471/1471/1471
f 1474/1474/1474 1473/1473/1473 1471/1471/1471
f 1477/1477/1477 1476/1476/1476 1475/1475/1475
f 1478/1478/1478 1477/1477/1477 1475/1475/1475
f 1481/1481/1481 1480/1480/1480 1479/1479/1479
f 1482/1482/1482 1481/1481/1481 1479/1479/1479
f 1485/1485/1485 1484/1484/1484 1483/1483/1483
f 1486/1486/1486 1485/1485/1485 1483/1483/1483
f 1489/1489/1489 1488/1488/1488 1487/1487/1487
f 1490/1490/1490 1489/1489/1489 1487/1487/1487
f 1493/1493/1493 1492/1492/1492 1491/1491/1491
f 1494/1494/1494 1493/1493/1493 1491/1491/1491
f 1497/1497/1497 1496/1496/1496 1495/1495/1495
f 1498/1498/1498 1497/1497/1497 1495/1495/1495
f 1501/1501/1501 1500/1500/1500 1499/1499/1499
f 1502/1502/1502 1501/1501/1501 1499/1499/1499
f 1505/1505/1505 1504/1504/1504 1503/1503/1503
f 1506/1506/1506 1505/1505/1505 1503/1503/1503
f 1509/1509/1509 1508/1508/1508 1507/1507/1507
f 1510/1510/1510 1509/1509/1509 1507/1507/1507
f 1513/1513/1513 1512/1512/1512 1511/1511/1511
f 1514/1514/1514 1513/1513/1513 1511/1511/1511
f 1517/1517/1517 1516/1516/1516 1515/1515/1515
f 1518/1518/1518 1517/1517/1517 1515/1515/1515
f 1521/1521/1521 1520/1520/1520 1519/1519/1519
f 1522/1522/1522 1521/1521/1521 1519/1519/1519
f 1525/1525/1525 1524/1524/1524 1523/1523/1523
f 1526/1526/1526 1525/1525/1525 1523/1523/1523
f 1529/1529/1529 1528/1528/1528 1527/1527/1527
f 1530/1530/1530 1529/1529/1529 1527/1527/1527
f 1533/1533/1533 1532/1532/1532 1531/1531/1531
f 1534/1534/1534 1533/1533/1533 1531/1531/1531
f 1537/1537/1537 1536/1536/1536 1535/1535/1535
f 1538/1538/1538 1537/1537/1537 1535/1535/1535
f 1541/1541/1541 1540/1540/1540 1539/1539/1539
f 1542/1542/1542 1541/1541/1541 1539/1539/1539
f 1545/1545/1545 1544/1544/1544 1543/1543/1543
f 1546/1546/1546 1545/1545/1545 1543/1543/1543
f 1549/1549/1549 1548/1548/1548 1547/1547/1547
f 1550/1550/1550 1549/1549/1549 1547/1547/1547
f 1553/1553/1553 1552/1552/1552 1551/1551/1551
f 1554/1554/1554 1553/1553/1553 1551/1551/1551
f 1557/1557/1557 1556/1556/1556 1555/1555/1555
f 1558/1558/1558 1557/1557/1557 1555/1555/1555
f 1561/1561/1561 1560/1560/1560 1559/1559/1559
f 1562/1562/1562 1561/1561/1561 1559/1559/1559
f 1565/1565/1565 1564/1564/1564 1563/1563/1563
f 1566/1566/1566 1565/1565/1565 1563/1563/1563
f 1569/1569/1569 1568/1568/1568 1567/1567/1567
f 1570/1570/1570 1569/1569/1569 1567/1567/1567
f 1573/1573/1573 1572/1572/1572 1571/1571/1571
f 1574/1574/1574 1573/1573/1573 1571/1571/1571
f 1577/1577/1577 1576/1576/1576 1575/1575/1575
f 1578/1578/1578 1577/1577/1577 1575/1575/1575
f 1581/1581/1581 1580/1580/1580 1579/1579/1579
f 1582/1582/1582 1581/1581/1581 1579/1579/1579
f 1585/1585/1585 1584/1584/1584 1583/1583/1583
f 1586/1586/1586 1585/1585/1585 1583/1583/1583
f 1589/1589/1589 1588/1588/1588 1587/1587/1587
f 1590/1590/1590 1589/1589/1589 1587/1587/1587
f 1593/1593/1593 1592/1592/1592 1591/1591/1591
f 1594/1594/1594 1593/1593/1593 1591/1591/1591
f 1597/1597/1597 1596/1596/1596 1595/1595/1595
f 1598/1598/1598 1597/1597/1597 1595/1595/1595
f 1601/1601/1601 1600/1600/1600 1599/1599/1599
f 1602/1602/1602 1601/1601/1601 1599/1599/1599
f 1605/1605/1605 1604/1604/1604 1603/1603/1603
f 1606/1606/1606 1605/1605/1605 1603/1603/1603
f 1609/1609/1609 1608/1608/1608 1607/1607/1607
f 1610/1610/1610 1609/1609/1609 1607/1607/1607
f 1613/1613/1613 1612/1612/1612 1611/1611/1611
f 1614/1614/1614 1613/1613/1613 1611/1611/1611
f 1617/1617/1617 1616/1616/1616 1615/1615/1615
f 1618/1618/1618 1617/1617/1617 1615/1615/1615
f 1621/1621/1621 1620/1620/1620 1619/1619/1619
f 1622/1622/1622 1621/1621/1621 1619/1619/1619
f 1625/1625/1625 1624/1624/1624 1623/1623/1623
f 1626/1626/1626 1625/1625/1625 1623/1623/1623
f 1629/1629/1629 1628/1628/1628 1627/1627/1627
f 1630/1630/1630 1629/1629/1629 1627/1627/1627
f 1633/1633/1633 1632/1632/1632 1631/1631/1631
f 1634/1634/1634 1633/1633/1633 1631/1631/1631
f 1637/1637/1637 1636/1636/1636 1635/1635/1635
f 1638/1638/1638 1637/1637/1637 1635/1635/1635
f 1641/1641/1641 1640/1640/1640 1639/1639/1639
f 1642/1642/1642 1641/1641/1641 1639/1639/1639
f 1645/1645/1645 1644/1644/1644 1643/1643/1643
f 1646/1646/1646 1645/1645/1645 1643/1643/1643
f 1649/1649/1649 1648/1648/1648 1647/1647/1647
f 1650/1650/1650 1649/1649/1649 1647/1647/1647
f 1653/1653/1653 1652/1652/1652 1651/1651/1651
f 1654/1654/1654 1653/1653/1653 1651/1651/1651
f 1657/1657/1657 1656/1656/1656 1655/1655/1655
f 1658/1658/1658 1657/1657/1657 1655/1655/1655
f 1661/1661/1661 1660/1660/1660 1659/1659/1659
f 1662/1662/1662 1661/1661/1661 1659/1659/1659
f 1665/1665/1665 1664/1664/1664 1663/1663/1663
f 1666/1666/1666 1665/1665/1665 1663/1663/1663
f 1669/1669/1669 1668/1668/1668 1667/1667/1667
f 1670/1670/1670 1669/1669/1669 1667/1667/1667
f 1673/1673/1673 1672/1672/1672 1671/1671/1671
f 1674/1674/1674 1673/1673/1673 1671/1671/1671
f 1677/1677/1677 1676/1676/1676 1675/1675/1675
f 1678/1678/1678 1677/1677/1677 1675/1675/1675
f 1681/1681/1681 1680/1680/1680 1679/1679/1679
f 1682/1682/1682 1681/1681/1681 1679/1679/1679
f 1685/1685/1685 1684/1684/1684 1683/1683/1683
f 1686/1686/1686 1685/1685/1685 1683/1683/1683
f 1689/1689/1689 1688/1688/1688 1687/1687/1687
f 1690/1690/1690 1689/1689/1689 1687/1687/1687
f 1693/1693/1693 1692/1692/1692 1691/1691/1691
f 1694/1694/1694 1693/1693/1693 1691/1691/1691
f 1697/1697/1697 1696/1696/1696 1695/1695/1695
f 1698/1698/1698 1697/1697/1697 1695/1695/1695
f 1701/1701/1701 1700/1700/1700 1699/1699/1699
f 1702/1702/1702 1701/1701/1701 1699/1699/1699
f 1705/1705/1705 1704/1704/1704 1703/1703/1703
f 1706/1706/1706 1705/1705/1705 1703/1703/1703
f 1709/1709/1709 1708/1708/1708 1707/1707/1707
f 1710/1710/1710 1709/1709/1709 1707/1707/1707
f 1713/1713/1713 1712/1712/1712 1711/1711/1711
f 1714/1714/1714 1713/1713/1713 1711/1711/1711
f 1717/1717/1717 1716/1716/1716 1715/1715/1715
f 1718/1718/1718 1717/1717/1717 1715/1715/1715
f 1721/1721/1721 1720/1720/1720 1719/1719/1719
f 1722/1722/1722 1721/1721/1721 1719/1719/1719
f 1725/1725/1725 1724/1724/1724 1723/1723/1723
f 1726/1726/1726 1725/1725/1725 1723/1723/1723
f 1729/1729/1729 1728/1728/1728 1727/1727/1727
f 1730/1730/1730 1729/1729/1729 1727/1727/1727
f 1733/1733/1733 1732/1732/1732 1731/1731/1731
f 1734/1734/1734 1733/1733/1733 1731/1731/1731
f 1734/1734/1734 1731/1731/1731 1735/1735/1735
f 1736/1736/1736 1733/1733/1733 1734/1734/1734
f 1737/1737/1737 1734/1734/1734 1735/1735/1735
f 1738/1738/1738 1736/1736/1736 1734/1734/1734
f 1738/1738/1738 1734/1734/1734 1737/1737/1737
f 1739/1739/1739 1738/1738/1738 1737/1737/1737
f 1742/1742/1742 1741/1741/1741 1740/1740/1740
f 1743/1743/1743 1742/1742/1742 1740/1740/1740
f 1744/1744/1744 1742/1742/1742 1743/1743/1743
f 1745/1745/1745 1744/1744/1744 1743/1743/1743
f 1748/1748/1748 1747/1747/1747 1746/1746/1746
f 1749/1749/1749 1748/1748/1748 1746/1746/1746
f 1750/1750/1750 1748/1748/1748 1749/1749/1749
f 1751/1751/1751 1750/1750/1750 1749/1749/1749
f 1754/1754/1754 1753/1753/1753 1752/1752/1752
f 1755/1755/1755 1754/1754/1754 1752/1752/1752
f 1756/1756/1756 1754/1754/1754 1755/1755/1755
f 1757/1757/1757 1755/1755/1755 1752/1752/1752
f 1758/1758/1758 1756/1756/1756 1755/1755/1755
f 1758/1758/1758 1755/1755/1755 1757/1757/1757
f 1759/1759/1759 1758/1758/1758 1757/1757/1757
f 1762/1762/1762 1761/1761/1761 1760/1760/1760
f 1763/1763/1763 1760/1760/1760 1761/1761/1761
f 1764/1764/1764 1763/1763/1763 1761/1761/1761
f 1766/1766/1766 1765/1765/1765 1760/1760/1760
f 1767/1767/1767 1766/1766/1766 1760/1760/1760
f 1770/1770/1770 1769/1769/1769 1768/1768/1768
f 1771/1771/1771 1770/1770/1770 1768/1768/1768
f 1774/1774/1774 1773/1773/1773 1772/1772/1772
f 1773/1773/1773 1775/1775/1775 1772/1772/1772
f 1776/1776/1776 1772/1772/1772 1775/1775/1775
f 1777/1777/1777 1776/1776/1776 1775/1775/1775
f 1778/1778/1778 1776/1776/1776 1777/1777/1777
f 1779/1779/1779 1778/1778/1778 1777/1777/1777
f 1782/1782/1782 1781/1781/1781 1780/1780/1780
f 1781/1781/1781 1783/1783/1783 1780/1780/1780
f 1781/1781/1781 1784/1784/1784 1783/1783/1783
f 1785/1785/1785 1780/1780/1780 1783/1783/1783
f 1784/1784/1784 1786/1786/1786 1783/1783/1783
f 1787/1787/1787 1785/1785/1785 1783/1783/1783
f 1787/1787/1787 1783/1783/1783 1786/1786/1786
f 1788/1788/1788 1785/1785/1785 1787/1787/1787
f 1789/1789/1789 1787/1787/1787 1786/1786/1786
f 1790/1790/1790 1788/1788/1788 1787/1787/1787
f 1790/1790/1790 1787/1787/1787 1789/1789/1789
f 1791/1791/1791 1790/1790/1790 1789/1789/1789
f 1794/1794/1794 1793/1793/1793 1792/1792/1792
f 1795/1795/1795 1794/1794/1794 1792/1792/1792
f 1798/1798/1798 1797/1797/1797 1796/1796/1796
f 1797/1797/1797 1799/1799/1799 1796/1796/1796
f 1797/1797/1797 1800/1800/1800 1799/1799/1799
f 1801/1801/1801 1796/1796/1796 1799/1799/1799
f 1800/1800/1800 1802/1802/1802 1799/1799/1799
f 1803/1803/1803 1801/1801/1801 1799/1799/1799
f 1803/1803/1803 1799/1799/1799 1802/1802/1802
f 1804/1804/1804 1801/1801/1801 1803/1803/1803
f 1805/1805/1805 1803/1803/1803 1802/1802/1802
f 1806/1806/1806 1804/1804/1804 1803/1803/1803
f 1806/1806/1806 1803/1803/1803 1805/1805/1805
f 1807/1807/1807 1806/1806/1806 1805/1805/1805
f 1810/1810/1810 1809/1809/1809 1808/1808/1808
f 1811/1811/1811 1810/1810/1810 1808/1808/1808
f 1812/1812/1812 1810/1810/1810 1811/1811/1811
f 1813/1813/1813 1812/1812/1812 1811/1811/1811
f 1812/1812/1812 1814/1814/1814 1810/1810/1810
f 1814/1814/1814 1815/1815/1815 1810/1810/1810
f 1817/1817/1817 1816/1816/1816 1810/1810/1810
f 1818/1818/1818 1817/1817/1817 1810/1810/1810
f 1821/1821/1821 1820/1820/1820 1819/1819/1819
f 1819/1819/1819 1822/1822/1822 1821/1821/1821
f 1822/1822/1822 1824/1824/1824 1823/1823/1823
f 1824/1824/1824 1825/1825/1825 1823/1823/1823
f 1825/1825/1825 1826/1826/1826 1823/1823/1823
f 1825/1825/1825 1824/1824/1824 1827/1827/1827
f 1828/1828/1828 1825/1825/1825 1827/1827/1827
f 1828/1828/1828 1827/1827/1827 1829/1829/1829
f 1830/1830/1830 1828/1828/1828 1829/1829/1829
f 1833/1833/1833 1832/1832/1832 1831/1831/1831
f 1834/1834/1834 1833/1833/1833 1831/1831/1831
f 1837/1837/1837 1836/1836/1836 1835/1835/1835
f 1836/1836/1836 1838/1838/1838 1835/1835/1835
f 1836/1836/1836 1839/1839/1839 1838/1838/1838
f 1839/1839/1839 1840/1840/1840 1838/1838/1838
f 1843/1843/1843 1842/1842/1842 1841/1841/1841
f 1844/1844/1844 1843/1843/1843 1841/1841/1841
f 1847/1847/1847 1846/1846/1846 1845/1845/1845
f 1846/1846/1846 1848/1848/1848 1845/1845/1845
f 1846/1846/1846 1849/1849/1849 1848/1848/1848
f 1849/1849/1849 1850/1850/1850 1848/1848/1848
f 1853/1853/1853 1852/1852/1852 1851/1851/1851
f 1854/1854/1854 1853/1853/1853 1851/1851/1851
f 1854/1854/1854 1851/1851/1851 1855/1855/1855
f 1856/1856/1856 1854/1854/1854 1855/1855/1855
f 1855/1855/1855 1857/1857/1857 1856/1856/1856
f 1857/1857/1857 1858/1858/1858 1856/1856/1856
f 1861/1861/1861 1860/1860/1860 1859/1859/1859
f 1860/1860/1860 1862/1862/1862 1859/1859/1859
f 1860/1860/1860 1863/1863/1863 1862/1862/1862
f 1863/1863/1863 1864/1864/1864 1862/1862/1862
f 1867/1867/1867 1866/1866/1866 1865/1865/1865
f 1868/1868/1868 1867/1867/1867 1865/1865/1865
f 1868/1868/1868 1865/1865/1865 1869/1869/1869
f 1870/1870/1870 1868/1868/1868 1869/1869/1869
f 1873/1873/1873 1872/1872/1872 1871/1871/1871
f 1872/1872/1872 1874/1874/1874 1871/1871/1871
f 1872/1872/1872 1875/1875/1875 1874/1874/1874
f 1875/1875/1875 1876/1876/1876 1874/1874/1874
f 1879/1879/1879 1878/1878/1878 1877/1877/1877
f 1880/1880/1880 1879/1879/1879 1877/1877/1877
f 1880/1880/1880 1877/1877/1877 1881/1881/1881
f 1882/1882/1882 1880/1880/1880 1881/1881/1881
f 1885/1885/1885 1884/1884/1884 1883/1883/1883
f 1886/1886/1886 1885/1885/1885 1883/1883/1883
f 1889/1889/1889 1888/1888/1888 1887/1887/1887
f 1888/1888/1888 1890/1890/1890 1887/1887/1887
f 1888/1888/1888 1891/1891/1891 1890/1890/1890
f 1891/1891/1891 1892/1892/1892 1890/1890/1890
f 1892/1892/1892 1891/1891/1891 1893/1893/1893
f 1894/1894/1894 1892/1892/1892 1893/1893/1893
f 1897/1897/1897 1896/1896/1896 1895/1895/1895
f 1898/1898/1898 1897/1897/1897 1895/1895/1895
f 1901/1901/1901 1900/1900/1900 1899/1899/1899
f 1902/1902/1902 1901/1901/1901 1899/1899/1899
f 1905/1905/1905 1904/1904/1904 1903/1903/1903
f 1906/1906/1906 1905/1905/1905 1903/1903/1903
f 1909/1909/1909 1908/1908/1908 1907/1907/1907
f 1910/1910/1910 1909/1909/1909 1907/1907/1907
f 1913/1913/1913 1912/1912/1912 1911/1911/1911
f 1913/1913/1913 1911/1911/1911 1914/1914/1914
f 1915/1915/1915 1913/1913/1913 1914/1914/1914
f 1915/1915/1915 1914/1914/1914 1916/1916/1916
f 1917/1917/1917 1915/1915/1915 1916/1916/1916
f 1917/1917/1917 1916/1916/1916 1918/1918/1918
f 1919/1919/1919 1917/1917/1917 1918/1918/1918
f 1919/1919/1919 1918/1918/1918 1920/1920/1920
f 1921/1921/1921 1919/1919/1919 1920/1920/1920
f 1921/1921/1921 1920/1920/1920 1922/1922/1922
f 1923/1923/1923 1921/1921/1921 1922/1922/1922
f 1923/1923/1923 1922/1922/1922 1924/1924/1924
f 1925/1925/1925 1923/1923/1923 1924/1924/1924
f 1925/1925/1925 1924/1924/1924 1926/1926/1926
f 1927/1927/1927 1925/1925/1925 1926/1926/1926
f 1930/1930/1930 1929/1929/1929 1928/1928/1928
f 1931/1931/1931 1930/1930/1930 1928/1928/1928
f 1931/1931/1931 1928/1928/1928 1932/1932/1932
f 1928/1928/1928 1933/1933/1933 1932/1932/1932
f 1936/1936/1936 1935/1935/1935 1934/1934/1934
f 1937/1937/1937 1936/1936/1936 1934/1934/1934
f 1937/1937/1937 1934/1934/1934 1938/1938/1938
f 1941/1941/1941 1940/1940/1940 1939/1939/1939
f 1942/1942/1942 1941/1941/1941 1939/1939/1939
f 1942/1942/1942 1939/1939/1939 1943/1943/1943
f 1944/1944/1944 1942/1942/1942 1943/1943/1943
f 1944/1944/1944 1943/1943/1943 1945/1945/1945
f 1946/1946/1946 1944/1944/1944 1945/1945/1945
f 1946/1946/1946 1945/1945/1945 1947/1947/1947
f 1948/1948/1948 1946/1946/1946 1947/1947/1947
f 1948/1948/1948 1947/1947/1947 1949/1949/1949
f 1950/1950/1950 1948/1948/1948 1949/1949/1949
f 1950/1950/1950 1949/1949/1949 1951/1951/1951
f 1952/1952/1952 1950/1950/1950 1951/1951/1951
f 1952/1952/1952 1951/1951/1951 1953/1953/1953
f 1954/1954/1954 1952/1952/1952 1953/1953/1953
f 1954/1954/1954 1953/1953/1953 1955/1955/1955
f 1956/1956/1956 1954/1954/1954 1955/1955/1955
f 1959/1959/1959 1958/1958/1958 1957/1957/1957
f 1959/1959/1959 1957/1957/1957 1960/1960/1960
f 1961/1961/1961 1959/1959/1959 1960/1960/1960
f 1961/1961/1961 1960/1960/1960 1962/1962/1962
f 1963/1963/1963 1961/1961/1961 1962/1962/1962
f 1966/1966/1966 1965/1965/1965 1964/1964/1964
f 1966/1966/1966 1964/1964/1964 1967/1967/1967
f 1970/1970/1970 1969/1969/1969 1968/1968/1968
f 1971/1971/1971 1970/1970/1970 1968/1968/1968
f 1971/1971/1971 1968/1968/1968 1972/1972/1972
f 1968/1968/1968 1973/1973/1973 1972/1972/1972
f 1976/1976/1976 1975/1975/1975 1974/1974/1974
f 1977/1977/1977 1976/1976/1976 1974/1974/1974
f 1977/1977/1977 1974/1974/1974 1978/1978/1978
f 1979/1979/1979 1977/1977/1977 1978/1978/1978
f 1982/1982/1982 1981/1981/1981 1980/1980/1980
f 1981/1981/1981 1982/1982/1982 1983/1983/1983
f 1984/1984/1984 1981/1981/1981 1983/1983/1983
f 1984/1984/1984 1983/1983/1983 1985/1985/1985
f 1986/1986/1986 1984/1984/1984 1985/1985/1985
f 1986/1986/1986 1985/1985/1985 1987/1987/1987
f 1988/1988/1988 1986/1986/1986 1987/1987/1987
f 1988/1988/1988 1987/1987/1987 1989/1989/1989
f 1992/1992/1992 1991/1991/1991 1990/1990/1990
f 1993/1993/1993 1992/1992/1992 1990/1990/1990
f 1996/1996/1996 1995/1995/1995 1994/1994/1994
f 1995/1995/1995 1997/1997/1997 1994/1994/1994
f 1998/1998/1998 1994/1994/1994 1997/1997/1997
f 1999/1999/1999 1998/1998/1998 1997/1997/1997
f 2000/2000/2000 1999/1999/1999 1997/1997/1997
f 1995/1995/1995 2002/2002/2002 2001/2001/2001
f 2002/2002/2002 2000/2000/2000 2001/2001/2001
f 2005/2005/2005 2004/2004/2004 2003/2003/2003
f 2006/2006/2006 2005/2005/2005 2003/2003/2003
f 2006/2006/2006 2003/2003/2003 2007/2007/2007
f 2008/2008/2008 2006/2006/2006 2007/2007/2007
f 2011/2011/2011 2010/2010/2010 2009/2009/2009
f 2012/2012/2012 2011/2011/2011 2009/2009/2009
f 2015/2015/2015 2014/2014/2014 2013/2013/2013
f 2016/2016/2016 2015/2015/2015 2013/2013/2013
f 2019/2019/2019 2018/2018/2018 2017/2017/2017
f 2018/2018/2018 2020/2020/2020 2017/2017/2017
f 2017/2017/2017 2020/2020/2020 2021/2021/2021
f 2018/2018/2018 2022/2022/2022 2020/2020/2020
f 2020/2020/2020 2023/2023/2023 2021/2021/2021
f 2022/2022/2022 2024/2024/2024 2020/2020/2020
f 2020/2020/2020 2024/2024/2024 2023/2023/2023
f 2027/2027/2027 2026/2026/2026 2025/2025/2025
f 2028/2028/2028 2027/2027/2027 2025/2025/2025
f 2031/2031/2031 2030/2030/2030 2029/2029/2029
f 2032/2032/2032 2031/2031/2031 2029/2029/2029
f 2035/2035/2035 2034/2034/2034 2033/2033/2033
f 2036/2036/2036 2035/2035/2035 2033/2033/2033
f 2039/2039/2039 2038/2038/2038 2037/2037/2037
f 2040/2040/2040 2039/2039/2039 2037/2037/2037
f 2040/2040/2040 2037/2037/2037 2041/2041/2041
f 2042/2042/2042 2040/2040/2040 2041/2041/2041
f 2045/2045/2045 2044/2044/2044 2043/2043/2043
f 2046/2046/2046 2045/2045/2045 2043/2043/2043
f 2049/2049/2049 2048/2048/2048 2047/2047/2047
f 2050/2050/2050 2049/2049/2049 2047/2047/2047
f 2053/2053/2053 2052/2052/2052 2051/2051/2051
f 2054/2054/2054 2053/2053/2053 2051/2051/2051
f 2057/2057/2057 2056/2056/2056 2055/2055/2055
f 2058/2058/2058 2057/2057/2057 2055/2055/2055
f 2061/2061/2061 2060/2060/2060 2059/2059/2059
f 2062/2062/2062 2061/2061/2061 2059/2059/2059
f 2065/2065/2065 2064/2064/2064 2063/2063/2063
f 2066/2066/2066 2065/2065/2065 2063/2063/2063
f 2069/2069/2069 2068/2068/2068 2067/2067/2067
f 2070/2070/2070 2069/2069/2069 2067/2067/2067
f 2073/2073/2073 2072/2072/2072 2071/2071/2071
f 2074/2074/2074 2073/2073/2073 2071/2071/2071
f 2077/2077/2077 2076/2076/2076 2075/2075/2075
f 2078/2078/2078 2077/2077/2077 2075/2075/2075
f 2081/2081/2081 2080/2080/2080 2079/2079/2079
f 2082/2082/2082 2081/2081/2081 2079/2079/2079
f 2085/2085/2085 2084/2084/2084 2083/2083/2083
f 2086/2086/2086 2085/2085/2085 2083/2083/2083
f 2089/2089/2089 2088/2088/2088 2087/2087/2087
f 2090/2090/2090 2089/2089/2089 2087/2087/2087
f 2093/2093/2093 2092/2092/2092 2091/2091/2091
f 2094/2094/2094 2093/2093/2093 2091/2091/2091
f 2097/2097/2097 2096/2096/2096 2095/2095/2095
f 2098/2098/2098 2097/2097/2097 2095/2095/2095
f 2101/2101/2101 2100/2100/2100 2099/2099/2099
f 2102/2102/2102 2101/2101/2101 2099/2099/2099
f 2105/2105/2105 2104/2104/2104 2103/2103/2103
f 2106/2106/2106 2105/2105/2105 2103/2103/2103
f 2109/2109/2109 2108/2108/2108 2107/2107/2107
f 2110/2110/2110 2109/2109/2109 2107/2107/2107
f 2113/2113/2113 2112/2112/2112 2111/2111/2111
f 2114/2114/2114 2113/2113/2113 2111/2111/2111
f 2117/2117/2117 2116/2116/2116 2115/2115/2115
f 2118/2118/2118 2117/2117/2117 2115/2115/2115
f 2121/2121/2121 2120/2120/2120 2119/2119/2119
f 2122/2122/2122 2121/2121/2121 2119/2119/2119
f 2125/2125/2125 2124/2124/2124 2123/2123/2123
f 2126/2126/2126 2125/2125/2125 2123/2123/2123
f 2129/2129/2129 2128/2128/2128 2127/2127/2127
f 2130/2130/2130 2129/2129/2129 2127/2127/2127
f 2133/2133/2133 2132/2132/2132 2131/2131/2131
f 2134/2134/2134 2133/2133/2133 2131/2131/2131
f 2137/2137/2137 2136/2136/2136 2135/2135/2135
f 2138/2138/2138 2137/2137/2137 2135/2135/2135
f 2141/2141/2141 2140/2140/2140 2139/2139/2139
f 2142/2142/2142 2141/2141/2141 2139/2139/2139
f 2145/2145/2145 2144/2144/2144 2143/2143/2143
f 2146/2146/2146 2145/2145/2145 2143/2143/2143
f 2149/2149/2149 2148/2148/2148 2147/2147/2147
f 2150/2150/2150 2149/2149/2149 2147/2147/2147
f 2153/2153/2153 2152/2152/2152 2151/2151/2151
f 2154/2154/2154 2153/2153/2153 2151/2151/2151
f 2157/2157/2157 2156/2156/2156 2155/2155/2155
f 2158/2158/2158 2157/2157/2157 2155/2155/2155
f 2161/2161/2161 2160/2160/2160 2159/2159/2159
f 2162/2162/2162 2161/2161/2161 2159/2159/2159
f 2165/2165/2165 2164/2164/2164 2163/2163/2163
f 2166/2166/2166 2165/2165/2165 2163/2163/2163
f 2169/2169/2169 2168/2168/2168 2167/2167/2167
f 2170/2170/2170 2169/2169/2169 2167/2167/2167
f 2173/2173/2173 2172/2172/2172 2171/2171/2171
f 2174/2174/2174 2173/2173/2173 2171/2171/2171
f 2177/2177/2177 2176/2176/2176 2175/2175/2175
f 2178/2178/2178 2177/2177/2177 2175/2175/2175
f 2181/2181/2181 2180/2180/2180 2179/2179/2179
f 2182/2182/2182 2181/2181/2181 2179/2179/2179
f 2185/2185/2185 2184/2184/2184 2183/2183/2183
f 2186/2186/2186 2185/2185/2185 2183/2183/2183
f 2189/2189/2189 2188/2188/2188 2187/2187/2187
f 2190/2190/2190 2189/2189/2189 2187/2187/2187
f 2193/2193/2193 2192/2192/2192 2191/2191/2191
f 2194/2194/2194 2193/2193/2193 2191/2191/2191
f 2197/2197/2197 2196/2196/2196 2195/2195/2195
f 2198/2198/2198 2197/2197/2197 2195/2195/2195
f 2201/2201/2201 2200/2200/2200 2199/2199/2199
f 2202/2202/2202 2201/2201/2201 2199/2199/2199
f 2205/2205/2205 2204/2204/2204 2203/2203/2203
f 2206/2206/2206 2205/2205/2205 2203/2203/2203
f 2209/2209/2209 2208/2208/2208 2207/2207/2207
f 2210/2210/2210 2209/2209/2209 2207/2207/2207
f 2213/2213/2213 2212/2212/2212 2211/2211/2211
f 2214/2214/2214 2213/2213/2213 2211/2211/2211
f 2217/2217/2217 2216/2216/2216 2215/2215/2215
f 2218/2218/2218 2217/2217/2217 2215/2215/2215
f 2221/2221/2221 2220/2220/2220 2219/2219/2219
f 2222/2222/2222 2221/2221/2221 2219/2219/2219
f 2225/2225/2225 2224/2224/2224 2223/2223/2223
f 2226/2226/2226 2225/2225/2225 2223/2223/2223
f 2229/2229/2229 2228/2228/2228 2227/2227/2227
f 2230/2230/2230 2229/2229/2229 2227/2227/2227
f 2233/2233/2233 2232/2232/2232 2231/2231/2231
f 2234/2234/2234 2233/2233/2233 2231/2231/2231
f 2237/2237/2237 2236/2236/2236 2235/2235/2235
f 2238/2238/2238 2237/2237/2237 2235/2235/2235
f 2241/2241/2241 2240/2240/2240 2239/2239/2239
f 2242/2242/2242 2241/2241/2241 2239/2239/2239
f 2245/2245/2245 2244/2244/2244 2243/2243/2243
f 2246/2246/2246 2245/2245/2245 2243/2243/2243
f 2249/2249/2249 2248/2248/2248 2247/2247/2247
f 2250/2250/2250 2249/2249/2249 2247/2247/2247
f 2253/2253/2253 2252/2252/2252 2251/2251/2251
f 2254/2254/2254 2253/2253/2253 2251/2251/2251
f 2257/2257/2257 2256/2256/2256 2255/2255/2255
f 2258/2258/2258 2257/2257/2257 2255/2255/2255
f 2261/2261/2261 2260/2260/2260 2259/2259/2259
f 2262/2262/2262 2261/2261/2261 2259/2259/2259
f 2265/2265/2265 2264/2264/2264 2263/2263/2263
f 2266/2266/2266 2265/2265/2265 2263/2263/2263
f 2269/2269/2269 2268/2268/2268 2267/2267/2267
f 2270/2270/2270 2269/2269/2269 2267/2267/2267
f 2273/2273/2273 2272/2272/2272 2271/2271/2271
f 2274/2274/2274 2273/2273/2273 2271/2271/2271
f 2277/2277/2277 2276/2276/2276 2275/2275/2275
f 2278/2278/2278 2277/2277/2277 2275/2275/2275
f 2281/2281/2281 2280/2280/2280 2279/2279/2279
f 2282/2282/2282 2281/2281/2281 2279/2279/2279
f 2285/2285/2285 2284/2284/2284 2283/2283/2283
f 2286/2286/2286 2285/2285/2285 2283/2283/2283
f 2289/2289/2289 2288/2288/2288 2287/2287/2287
f 2290/2290/2290 2289/2289/2289 2287/2287/2287
f 2293/2293/2293 2292/2292/2292 2291/2291/2291
f 2294/2294/2294 2293/2293/2293 2291/2291/2291
f 2297/2297/2297 2296/2296/2296 2295/2295/2295
f 2298/2298/2298 2297/2297/2297 2295/2295/2295
f 2301/2301/2301 2300/2300/2300 2299/2299/2299
f 2302/2302/2302 2301/2301/2301 2299/2299/2299
f 2305/2305/2305 2304/2304/2304 2303/2303/2303
f 2306/2306/2306 2305/2305/2305 2303/2303/2303
f 2309/2309/2309 2308/2308/2308 2307/2307/2307
f 2310/2310/2310 2309/2309/2309 2307/2307/2307
f 2313/2313/2313 2312/2312/2312 2311/2311/2311
f 2314/2314/2314 2313/2313/2313 2311/2311/2311
f 2317/2317/2317 2316/2316/2316 2315/2315/2315
f 2318/2318/2318 2317/2317/2317 2315/2315/2315
f 2321/2321/2321 2320/2320/2320 2319/2319/2319
f 2322/2322/2322 2321/2321/2321 2319/2319/2319
f 2325/2325/2325 2324/2324/2324 2323/2323/2323
f 2326/2326/2326 2325/2325/2325 2323/2323/2323
f 2329/2329/2329 2328/2328/2328 2327/2327/2327
f 2330/2330/2330 2329/2329/2329 2327/2327/2327
f 2333/2333/2333 2332/2332/2332 2331/2331/2331
f 2334/2334/2334 2333/2333/2333 2331/2331/2331
f 2337/2337/2337 2336/2336/2336 2335/2335/2335
f 2338/2338/2338 2337/2337/2337 2335/2335/2335
f 2341/2341/2341 2340/2340/2340 2339/2339/2339
f 2342/2342/2342 2341/2341/2341 2339/2339/2339
f 2345/2345/2345 2344/2344/2344 2343/2343/2343
f 2346/2346/2346 2345/2345/2345 2343/2343/2343
f 2349/2349/2349 2348/2348/2348 2347/2347/2347
f 2350/2350/2350 2349/2349/2349 2347/2347/2347
f 2353/2353/2353 2352/2352/2352 2351/2351/2351
f 2354/2354/2354 2353/2353/2353 2351/2351/2351
f 2357/2357/2357 2356/2356/2356 2355/2355/2355
f 2358/2358/2358 2357/2357/2357 2355/2355/2355
f 2361/2361/2361 2360/2360/2360 2359/2359/2359
f 2362/2362/2362 2361/2361/2361 2359/2359/2359
f 2365/2365/2365 2364/2364/2364 2363/2363/2363
f 2366/2366/2366 2365/2365/2365 2363/2363/2363
f 2369/2369/2369 2368/2368/2368 2367/2367/2367
f 2370/2370/2370 2369/2369/2369 2367/2367/2367
f 2373/2373/2373 2372/2372/2372 2371/2371/2371
f 2374/2374/2374 2373/2373/2373 2371/2371/2371
f 2377/2377/2377 2376/2376/2376 2375/2375/2375
f 2378/2378/2378 2377/2377/2377 2375/2375/2375
f 2381/2381/2381 2380/2380/2380 2379/2379/2379
f 2382/2382/2382 2381/2381/2381 2379/2379/2379
f 2385/2385/2385 2384/2384/2384 2383/2383/2383
f 2386/2386/2386 2385/2385/2385 2383/2383/2383
f 2389/2389/2389 2388/2388/2388 2387/2387/2387
f 2390/2390/2390 2389/2389/2389 2387/2387/2387
f 2393/2393/2393 2392/2392/2392 2391/2391/2391
f 2394/2394/2394 2393/2393/2393 2391/2391/2391
f 2397/2397/2397 2396/2396/2396 2395/2395/2395
f 2398/2398/2398 2397/2397/2397 2395/2395/2395
f 2401/2401/2401 2400/2400/2400 2399/2399/2399
f 2402/2402/2402 2401/2401/2401 2399/2399/2399
f 2405/2405/2405 2404/2404/2404 2403/2403/2403
f 2406/2406/2406 2405/2405/2405 2403/2403/2403
f 2409/2409/2409 2408/2408/2408 2407/2407/2407
f 2410/2410/2410 2409/2409/2409 2407/2407/2407
f 2413/2413/2413 2412/2412/2412 2411/2411/2411
f 2414/2414/2414 2413/2413/2413 2411/2411/2411
f 2417/2417/2417 2416/2416/2416 2415/2415/2415
f 2418/2418/2418 2417/2417/2417 2415/2415/2415
f 2421/2421/2421 2420/2420/2420 2419/2419/2419
f 2422/2422/2422 2421/2421/2421 2419/2419/2419
f 2425/2425/2425 2424/2424/2424 2423/2423/2423
f 2426/2426/2426 2425/2425/2425 2423/2423/2423
f 2429/2429/2429 2428/2428/2428 2427/2427/2427
f 2430/2430/2430 2429/2429/2429 2427/2427/2427
f 2433/2433/2433 2432/2432/2432 2431/2431/2431
f 2434/2434/2434 2433/2433/2433 2431/2431/2431
f 2437/2437/2437 2436/2436/2436 2435/2435/2435
f 2438/2438/2438 2437/2437/2437 2435/2435/2435
f 2441/2441/2441 2440/2440/2440 2439/2439/2439
f 2442/2442/2442 2441/2441/2441 2439/2439/2439
f 2445/2445/2445 2444/2444/2444 2443/2443/2443
f 2446/2446/2446 2445/2445/2445 2443/2443/2443
f 2449/2449/2449 2448/2448/2448 2447/2447/2447
f 2450/2450/2450 2449/2449/2449 2447/2447/2447
f 2453/2453/2453 2452/2452/2452 2451/2451/2451
f 2454/2454/2454 2453/2453/2453 2451/2451/2451
f 2457/2457/2457 2456/2456/2456 2455/2455/2455
f 2458/2458/2458 2457/2457/2457 2455/2455/2455
f 2461/2461/2461 2460/2460/2460 2459/2459/2459
f 2462/2462/2462 2461/2461/2461 2459/2459/2459
f 2465/2465/2465 2464/2464/2464 2463/2463/2463
f 2466/2466/2466 2465/2465/2465 2463/2463/2463
f 2469/2469/2469 2468/2468/2468 2467/2467/2467
f 2470/2470/2470 2469/2469/2469 2467/2467/2467
f 2473/2473/2473 2472/2472/2472 2471/2471/2471
f 2474/2474/2474 2473/2473/2473 2471/2471/2471
f 2477/2477/2477 2476/2476/2476 2475/2475/2475
f 2478/2478/2478 2477/2477/2477 2475/2475/2475
f 2481/2481/2481 2480/2480/2480 2479/2479/2479
f 2482/2482/2482 2481/2481/2481 2479/2479/2479
f 2485/2485/2485 2484/2484/2484 2483/2483/2483
f 2486/2486/2486 2485/2485/2485 2483/2483/2483
f 2489/2489/2489 2488/2488/2488 2487/2487/2487
f 2490/2490/2490 2489/2489/2489 2487/2487/2487
f 2493/2493/2493 2492/2492/2492 2491/2491/2491
f 2494/2494/2494 2493/2493/2493 2491/2491/2491
f 2497/2497/2497 2496/2496/2496 2495/2495/2495
f 2498/2498/2498 2497/2497/2497 2495/2495/2495
f 2501/2501/2501 2500/2500/2500 2499/2499/2499
f 2502/2502/2502 2501/2501/2501 2499/2499/2499
f 2505/2505/2505 2504/2504/2504 2503/2503/2503
f 2506/2506/2506 2505/2505/2505 2503/2503/2503
f 2509/2509/2509 2508/2508/2508 2507/2507/2507
f 2510/2510/2510 2509/2509/2509 2507/2507/2507
f 2513/2513/2513 2512/2512/2512 2511/2511/2511
f 2514/2514/2514 2513/2513/2513 2511/2511/2511
f 2517/2517/2517 2516/2516/2516 2515/2515/2515
f 2518/2518/2518 2517/2517/2517 2515/2515/2515
f 2521/2521/2521 2520/2520/2520 2519/2519/2519
f 2522/2522/2522 2521/2521/2521 2519/2519/2519
f 2525/2525/2525 2524/2524/2524 2523/2523/2523
f 2526/2526/2526 2525/2525/2525 2523/2523/2523
f 2529/2529/2529 2528/2528/2528 2527/2527/2527
f 2530/2530/2530 2529/2529/2529 2527/2527/2527
f 2533/2533/2533 2532/2532/2532 2531/2531/2531
f 2534/2534/2534 2533/2533/2533 2531/2531/2531
f 2537/2537/2537 2536/2536/2536 2535/2535/2535
f 2538/2538/2538 2537/2537/2537 2535/2535/2535
f 2541/2541/2541 2540/2540/2540 2539/2539/2539
f 2542/2542/2542 2541/2541/2541 2539/2539/2539
f 2545/2545/2545 2544/2544/2544 2543/2543/2543
f 2546/2546/2546 2545/2545/2545 2543/2543/2543
f 2549/2549/2549 2548/2548/2548 2547/2547/2547
f 2550/2550/2550 2549/2549/2549 2547/2547/2547
f 2553/2553/2553 2552/2552/2552 2551/2551/2551
f 2554/2554/2554 2553/2553/2553 2551/2551/2551
f 2557/2557/2557 2556/2556/2556 2555/2555/2555
f 2558/2558/2558 2557/2557/2557 2555/2555/2555
f 2561/2561/2561 2560/2560/2560 2559/2559/2559
f 2562/2562/2562 2561/2561/2561 2559/2559/2559
f 2565/2565/2565 2564/2564/2564 2563/2563/2563
f 2566/2566/2566 2565/2565/2565 2563/2563/2563
f 2569/2569/2569 2568/2568/2568 2567/2567/2567
f 2570/2570/2570 2569/2569/2569 2567/2567/2567
f 2573/2573/2573 2572/2572/2572 2571/2571/2571
f 2574/2574/2574 2573/2573/2573 2571/2571/2571
f 2577/2577/2577 2576/2576/2576 2575/2575/2575
f 2578/2578/2578 2577/2577/2577 2575/2575/2575
f 2581/2581/2581 2580/2580/2580 2579/2579/2579
f 2582/2582/2582 2581/2581/2581 2579/2579/2579
f 2585/2585/2585 2584/2584/2584 2583/2583/2583
f 2586/2586/2586 2585/2585/2585 2583/2583/2583
f 2589/2589/2589 2588/2588/2588 2587/2587/2587
f 2590/2590/2590 2589/2589/2589 2587/2587/2587
f 2593/2593/2593 2592/2592/2592 2591/2591/2591
f 2594/2594/2594 2593/2593/2593 2591/2591/2591
f 2597/2597/2597 2596/2596/2596 2595/2595/2595
f 2598/2598/2598 2597/2597/2597 2595/2595/2595
f 2601/2601/2601 2600/2600/2600 2599/2599/2599
f 2602/2602/2602 2601/2601/2601 2599/2599/2599
f 2605/2605/2605 2604/2604/2604 2603/2603/2603
f 2606/2606/2606 2605/2605/2605 2603/2603/2603
f 2609/2609/2609 2608/2608/2608 2607/2607/2607
f 2610/2610/2610 2609/2609/2609 2607/2607/2607
f 2613/2613/2613 2612/2612/2612 2611/2611/2611
f 2614/2614/2614 2613/2613/2613 2611/2611/2611
f 2617/2617/2617 2616/2616/2616 2615/2615/2615
f 2618/2618/2618 2617/2617/2617 2615/2615/2615
f 2621/2621/2621 2620/2620/2620 2619/2619/2619
f 2622/2622/2622 2621/2621/2621 2619/2619/2619
f 2625/2625/2625 2624/2624/2624 2623/2623/2623
f 2626/2626/2626 2625/2625/2625 2623/2623/2623
f 2629/2629/2629 2628/2628/2628 2627/2627/2627
f 2630/2630/2630 2629/2629/2629 2627/2627/2627
f 2633/2633/2633 2632/2632/2632 2631/2631/2631
f 2634/2634/2634 2633/2633/2633 2631/2631/2631
f 2637/2637/2637 2636/2636/2636 2635/2635/2635
f 2638/2638/2638 2637/2637/2637 2635/2635/2635
f 2641/2641/2641 2640/2640/2640 2639/2639/2639
f 2642/2642/2642 2641/2641/2641 2639/2639/2639
f 2645/2645/2645 2644/2644/2644 2643/2643/2643
f 2646/2646/2646 2645/2645/2645 2643/2643/2643
f 2649/2649/2649 2648/2648/2648 2647/2647/2647
f 2650/2650/2650 2649/2649/2649 2647/2647/2647
f 2653/2653/2653 2652/2652/2652 2651/2651/2651
f 2654/2654/2654 2653/2653/2653 2651/2651/2651
f 2657/2657/2657 2656/2656/2656 2655/2655/2655
f 2658/2658/2658 2657/2657/2657 2655/2655/2655
f 2661/2661/2661 2660/2660/2660 2659/2659/2659
f 2662/2662/2662 2661/2661/2661 2659/2659/2659
f 2665/2665/2665 2664/2664/2664 2663/2663/2663
f 2666/2666/2666 2665/2665/2665 2663/2663/2663
f 2669/2669/2669 2668/2668/2668 2667/2667/2667
f 2670/2670/2670 2669/2669/2669 2667/2667/2667
f 2673/2673/2673 2672/2672/2672 2671/2671/2671
f 2674/2674/2674 2673/2673/2673 2671/2671/2671
f 2677/2677/2677 2676/2676/2676 2675/2675/2675
f 2678/2678/2678 2677/2677/2677 2675/2675/2675
f 2681/2681/2681 2680/2680/2680 2679/2679/2679
f 2682/2682/2682 2681/2681/2681 2679/2679/2679
f 2685/2685/2685 2684/2684/2684 2683/2683/2683
f 2686/2686/2686 2685/2685/2685 2683/2683/2683
f 2689/2689/2689 2688/2688/2688 2687/2687/2687
f 2690/2690/2690 2689/2689/2689 2687/2687/2687
f 2693/2693/2693 2692/2692/2692 2691/2691/2691
f 2694/2694/2694 2693/2693/2693 2691/2691/2691
f 2697/2697/2697 2696/2696/2696 2695/2695/2695
f 2698/2698/2698 2697/2697/2697 2695/2695/2695
f 2701/2701/2701 2700/2700/2700 2699/2699/2699
f 2702/2702/2702 2701/2701/2701 2699/2699/2699
f 2705/2705/2705 2704/2704/2704 2703/2703/2703
f 2706/2706/2706 2705/2705/2705 2703/2703/2703
f 2709/2709/2709 2708/2708/2708 2707/2707/2707
f 2710/2710/2710 2709/2709/2709 2707/2707/2707
f 2713/2713/2713 2712/2712/2712 2711/2711/2711
f 2714/2714/2714 2713/2713/2713 2711/2711/2711
f 2717/2717/2717 2716/2716/2716 2715/2715/2715
f 2718/2718/2718 2717/2717/2717 2715/2715/2715
f 2721/2721/2721 2720/2720/2720 2719/2719/2719
f 2722/2722/2722 2721/2721/2721 2719/2719/2719
f 2725/2725/2725 2724/2724/2724 2723/2723/2723
f 2726/2726/2726 2725/2725/2725 2723/2723/2723
f 2729/2729/2729 2728/2728/2728 2727/2727/2727
f 2730/2730/2730 2729/2729/2729 2727/2727/2727
f 2733/2733/2733 2732/2732/2732 2731/2731/2731
f 2734/2734/2734 2733/2733/2733 2731/2731/2731
f 2737/2737/2737 2736/2736/2736 2735/2735/2735
f 2738/2738/2738 2737/2737/2737 2735/2735/2735
f 2741/2741/2741 2740/2740/2740 2739/2739/2739
f 2742/2742/2742 2741/2741/2741 2739/2739/2739
f 2745/2745/2745 2744/2744/2744 2743/2743/2743
f 2746/2746/2746 2745/2745/2745 2743/2743/2743
f 2749/2749/2749 2748/2748/2748 2747/2747/2747
f 2750/2750/2750 2749/2749/2749 2747/2747/2747
f 2753/2753/2753 2752/2752/2752 2751/2751/2751
f 2754/2754/2754 2753/2753/2753 2751/2751/2751
f 2757/2757/2757 2756/2756/2756 2755/2755/2755
f 2758/2758/2758 2757/2757/2757 2755/2755/2755
f 2761/2761/2761 2760/2760/2760 2759/2759/2759
f 2762/2762/2762 2761/2761/2761 2759/2759/2759
f 2765/2765/2765 2764/2764/2764 2763/2763/2763
f 2766/2766/2766 2765/2765/2765 2763/2763/2763
f 2769/2769/2769 2768/2768/2768 2767/2767/2767
f 2770/2770/2770 2769/2769/2769 2767/2767/2767
f 2773/2773/2773 2772/2772/2772 2771/2771/2771
f 2774/2774/2774 2773/2773/2773 2771/2771/2771
f 2777/2777/2777 2776/2776/2776 2775/2775/2775
f 2778/2778/2778 2777/2777/2777 2775/2775/2775
f 2781/2781/2781 2780/2780/2780 2779/2779/2779
f 2782/2782/2782 2781/2781/2781 2779/2779/2779
f 2785/2785/2785 2784/2784/2784 2783/2783/2783
f 2786/2786/2786 2785/2785/2785 2783/2783/2783
f 2789/2789/2789 2788/2788/2788 2787/2787/2787
f 2790/2790/2790 2789/2789/2789 2787/2787/2787
f 2793/2793/2793 2792/2792/2792 2791/2791/2791
f 2794/2794/2794 2793/2793/2793 2791/2791/2791
f 2797/2797/2797 2796/2796/2796 2795/2795/2795
f 2798/2798/2798 2797/2797/2797 2795/2795/2795
f 2801/2801/2801 2800/2800/2800 2799/2799/2799
f 2802/2802/2802 2801/2801/2801 2799/2799/2799
f 2805/2805/2805 2804/2804/2804 2803/2803/2803
f 2806/2806/2806 2805/2805/2805 2803/2803/2803
f 2809/2809/2809 2808/2808/2808 2807/2807/2807
f 2810/2810/2810 2809/2809/2809 2807/2807/2807
f 2813/2813/2813 2812/2812/2812 2811/2811/2811
f 2814/2814/2814 2813/2813/2813 2811/2811/2811
f 2817/2817/2817 2816/2816/2816 2815/2815/2815
f 2818/2818/2818 2817/2817/2817 2815/2815/2815
f 2821/2821/2821 2820/2820/2820 2819/2819/2819
f 2822/2822/2822 2821/2821/2821 2819/2819/2819
f 2825/2825/2825 2824/2824/2824 2823/2823/2823
f 2826/2826/2826 2825/2825/2825 2823/2823/2823
f 2829/2829/2829 2828/2828/2828 2827/2827/2827
f 2830/2830/2830 2829/2829/2829 2827/2827/2827
f 2833/2833/2833 2832/2832/2832 2831/2831/2831
f 2834/2834/2834 2833/2833/2833 2831/2831/2831
f 2837/2837/2837 2836/2836/2836 2835/2835/2835
f 2838/2838/2838 2837/2837/2837 2835/2835/2835
f 2841/2841/2841 2840/2840/2840 2839/2839/2839
f 2842/2842/2842 2841/2841/2841 2839/2839/2839
f 2845/2845/2845 2844/2844/2844 2843/2843/2843
f 2846/2846/2846 2845/2845/2845 2843/2843/2843
f 2849/2849/2849 2848/2848/2848 2847/2847/2847
f 2850/2850/2850 2849/2849/2849 2847/2847/2847
f 2853/2853/2853 2852/2852/2852 2851/2851/2851
f 2854/2854/2854 2853/2853/2853 2851/2851/2851
f 2857/2857/2857 2856/2856/2856 2855/2855/2855
f 2858/2858/2858 2857/2857/2857 2855/2855/2855
f 2861/2861/2861 2860/2860/2860 2859/2859/2859
f 2862/2862/2862 2861/2861/2861 2859/2859/2859
f 2865/2865/2865 2864/2864/2864 2863/2863/2863
f 2866/2866/2866 2865/2865/2865 2863/2863/2863
f 2869/2869/2869 2868/2868/2868 2867/2867/2867
f 2870/2870/2870 2869/2869/2869 2867/2867/2867
f 2873/2873/2873 2872/2872/2872 2871/2871/2871
f 2874/2874/2874 2873/2873/2873 2871/2871/2871
f 2877/2877/2877 2876/2876/2876 2875/2875/2875
f 2878/2878/2878 2877/2877/2877 2875/2875/2875
f 2881/2881/2881 2880/2880/2880 2879/2879/2879
f 2882/2882/2882 2881/2881/2881 2879/2879/2879
f 2885/2885/2885 2884/2884/2884 2883/2883/2883
f 2886/2886/2886 2885/2885/2885 2883/2883/2883
f 2889/2889/2889 2888/2888/2888 2887/2887/2887
f 2890/2890/2890 2889/2889/2889 2887/2887/2887
f 2893/2893/2893 2892/2892/2892 2891/2891/2891
f 2894/2894/2894 2893/2893/2893 2891/2891/2891
f 2897/2897/2897 2896/2896/2896 2895/2895/2895
f 2898/2898/2898 2897/2897/2897 2895/2895/2895
f 2901/2901/2901 2900/2900/2900 2899/2899/2899
f 2902/2902/2902 2901/2901/2901 2899/2899/2899
f 2905/2905/2905 2904/2904/2904 2903/2903/2903
f 2906/2906/2906 2905/2905/2905 2903/2903/2903
f 2909/2909/2909 2908/2908/2908 2907/2907/2907
f 2910/2910/2910 2909/2909/2909 2907/2907/2907
f 2913/2913/2913 2912/2912/2912 2911/2911/2911
f 2914/2914/2914 2913/2913/2913 2911/2911/2911
f 2917/2917/2917 2916/2916/2916 2915/2915/2915
f 2918/2918/2918 2917/2917/2917 2915/2915/2915
f 2921/2921/2921 2920/2920/2920 2919/2919/2919
f 2922/2922/2922 2921/2921/2921 2919/2919/2919
f 2925/2925/2925 2924/2924/2924 2923/2923/2923
f 2926/2926/2926 2925/2925/2925 2923/2923/2923
f 2929/2929/2929 2928/2928/2928 2927/2927/2927
f 2930/2930/2930 2929/2929/2929 2927/2927/2927
f 2933/2933/2933 2932/2932/2932 2931/2931/2931
f 2934/2934/2934 2933/2933/2933 2931/2931/2931
f 2937/2937/2937 2936/2936/2936 2935/2935/2935
f 2938/2938/2938 2937/2937/2937 2935/2935/2935
f 2941/2941/2941 2940/2940/2940 2939/2939/2939
f 2942/2942/2942 2941/2941/2941 2939/2939/2939
f 2945/2945/2945 2944/2944/2944 2943/2943/2943
f 2946/2946/2946 2945/2945/2945 2943/2943/2943
f 2949/2949/2949 2948/2948/2948 2947/2947/2947
f 2950/2950/2950 2949/2949/2949 2947/2947/2947
f 2953/2953/2953 2952/2952/2952 2951/2951/2951
f 2954/2954/2954 2953/2953/2953 2951/2951/2951
f 2957/2957/2957 2956/2956/2956 2955/2955/2955
f 2958/2958/2958 2957/2957/2957 2955/2955/2955
f 2961/2961/2961 2960/2960/2960 2959/2959/2959
f 2962/2962/2962 2961/2961/2961 2959/2959/2959
f 2965/2965/2965 2964/2964/2964 2963/2963/2963
f 2966/2966/2966 2965/2965/2965 2963/2963/2963
f 2969/2969/2969 2968/2968/2968 2967/2967/2967
f 2970/2970/2970 2969/2969/2969 2967/2967/2967
f 2973/2973/2973 2972/2972/2972 2971/2971/2971
f 2974/2974/2974 2973/2973/2973 2971/2971/2971
f 2977/2977/2977 2976/2976/2976 2975/2975/2975
f 2978/2978/2978 2977/2977/2977 2975/2975/2975
f 2981/2981/2981 2980/2980/2980 2979/2979/2979
f 2982/2982/2982 2981/2981/2981 2979/2979/2979
f 2985/2985/2985 2984/2984/2984 2983/2983/2983
f 2986/2986/2986 2985/2985/2985 2983/2983/2983
f 2989/2989/2989 2988/2988/2988 2987/2987/2987
f 2990/2990/2990 2989/2989/2989 2987/2987/2987
f 2993/2993/2993 2992/2992/2992 2991/2991/2991
f 2994/2994/2994 2993/2993/2993 2991/2991/2991
f 2997/2997/2997 2996/2996/2996 2995/2995/2995
f 2998/2998/2998 2997/2997/2997 2995/2995/2995
f 3001/3001/3001 3000/3000/3000 2999/2999/2999
f 3002/3002/3002 3001/3001/3001 2999/2999/2999
f 3005/3005/3005 3004/3004/3004 3003/3003/3003
f 3006/3006/3006 3005/3005/3005 3003/3003/3003
f 3009/3009/3009 3008/3008/3008 3007/3007/3007
f 3010/3010/3010 3009/3009/3009 3007/3007/3007
f 3013/3013/3013 3012/3012/3012 3011/3011/3011
f 3014/3014/3014 3013/3013/3013 3011/3011/3011
f 3017/3017/3017 3016/3016/3016 3015/3015/3015
f 3018/3018/3018 3017/3017/3017 3015/3015/3015
f 3021/3021/3021 3020/3020/3020 3019/3019/3019
f 3022/3022/3022 3021/3021/3021 3019/3019/3019
f 3025/3025/3025 3024/3024/3024 3023/3023/3023
f 3026/3026/3026 3025/3025/3025 3023/3023/3023
f 3029/3029/3029 3028/3028/3028 3027/3027/3027
f 3030/3030/3030 3029/3029/3029 3027/3027/3027
f 3033/3033/3033 3032/3032/3032 3031/3031/3031
f 3034/3034/3034 3033/3033/3033 3031/3031/3031
f 3037/3037/3037 3036/3036/3036 3035/3035/3035
f 3038/3038/3038 3037/3037/3037 3035/3035/3035
f 3041/3041/3041 3040/3040/3040 3039/3039/3039
f 3042/3042/3042 3041/3041/3041 3039/3039/3039
f 3045/3045/3045 3044/3044/3044 3043/3043/3043
f 3046/3046/3046 3045/3045/3045 3043/3043/3043
f 3049/3049/3049 3048/3048/3048 3047/3047/3047
f 3050/3050/3050 3049/3049/3049 3047/3047/3047
f 3053/3053/3053 3052/3052/3052 3051/3051/3051
f 3054/3054/3054 3053/3053/3053 3051/3051/3051
f 3057/3057/3057 3056/3056/3056 3055/3055/3055
f 3058/3058/3058 3057/3057/3057 3055/3055/3055
f 3061/3061/3061 3060/3060/3060 3059/3059/3059
f 3062/3062/3062 3061/3061/3061 3059/3059/3059
f 3065/3065/3065 3064/3064/3064 3063/3063/3063
f 3066/3066/3066 3065/3065/3065 3063/3063/3063
f 3069/3069/3069 3068/3068/3068 3067/3067/3067
f 3070/3070/3070 3069/3069/3069 3067/3067/3067
f 3073/3073/3073 3072/3072/3072 3071/3071/3071
f 3074/3074/3074 3073/3073/3073 3071/3071/3071
f 3077/3077/3077 3076/3076/3076 3075/3075/3075
f 3078/3078/3078 3077/3077/3077 3075/3075/3075
f 3081/3081/3081 3080/3080/3080 3079/3079/3079
f 3082/3082/3082 3081/3081/3081 3079/3079/3079
f 3085/3085/3085 3084/3084/3084 3083/3083/3083
f 3086/3086/3086 3085/3085/3085 3083/3083/3083
f 3089/3089/3089 3088/3088/3088 3087/3087/3087
f 3090/3090/3090 3089/3089/3089 3087/3087/3087
f 3093/3093/3093 3092/3092/3092 3091/3091/3091
f 3094/3094/3094 3093/3093/3093 3091/3091/3091
f 3097/3097/3097 3096/3096/3096 3095/3095/3095
f 3098/3098/3098 3097/3097/3097 3095/3095/3095
f 3101/3101/3101 3100/3100/3100 3099/3099/3099
f 3102/3102/3102 3101/3101/3101 3099/3099/3099
f 3105/3105/3105 3104/3104/3104 3103/3103/3103
f 3106/3106/3106 3105/3105/3105 3103/3103/3103
f 3109/3109/3109 3108/3108/3108 3107/3107/3107
f 3110/3110/3110 3109/3109/3109 3107/3107/3107
f 3113/3113/3113 3112/3112/3112 3111/3111/3111
f 3114/3114/3114 3113/3113/3113 3111/3111/3111
f 3117/3117/3117 3116/3116/3116 3115/3115/3115
f 3118/3118/3118 3117/3117/3117 3115/3115/3115
f 3121/3121/3121 3120/3120/3120 3119/3119/3119
f 3122/3122/3122 3121/3121/3121 3119/3119/3119
f 3125/3125/3125 3124/3124/3124 3123/3123/3123
f 3126/3126/3126 3125/3125/3125 3123/3123/3123
f 3129/3129/3129 3128/3128/3128 3127/3127/3127
f 3130/3130/3130 3129/3129/3129 3127/3127/3127
f 3133/3133/3133 3132/3132/3132 3131/3131/3131
f 3134/3134/3134 3133/3133/3133 3131/3131/3131
f 3137/3137/3137 3136/3136/3136 3135/3135/3135
f 3138/3138/3138 3137/3137/3137 3135/3135/3135
f 3141/3141/3141 3140/3140/3140 3139/3139/3139
f 3142/3142/3142 3141/3141/3141 3139/3139/3139
f 3145/3145/3145 3144/3144/3144 3143/3143/3143
f 3146/3146/3146 3145/3145/3145 3143/3143/3143
f 3149/3149/3149 3148/3148/3148 3147/3147/3147
f 3150/3150/3150 3149/3149/3149 3147/3147/3147
f 3153/3153/3153 3152/3152/3152 3151/3151/3151
f 3154/3154/3154 3153/3153/3153 3151/3151/3151
f 3157/3157/3157 3156/3156/3156 3155/3155/3155
f 3158/3158/3158 3157/3157/3157 3155/3155/3155
f 3161/3161/3161 3160/3160/3160 3159/3159/3159
f 3162/3162/3162 3161/3161/3161 3159/3159/3159
f 3165/3165/3165 3164/3164/3164 3163/3163/3163
f 3166/3166/3166 3165/3165/3165 3163/3163/3163
f 3169/3169/3169 3168/3168/3168 3167/3167/3167
f 3170/3170/3170 3169/3169/3169 3167/3167/3167
f 3173/3173/3173 3172/3172/3172 3171/3171/3171
f 3174/3174/3174 3173/3173/3173 3171/3171/3171
f 3177/3177/3177 3176/3176/3176 3175/3175/3175
f 3178/3178/3178 3177/3177/3177 3175/3175/3175
f 3181/3181/3181 3180/3180/3180 3179/3179/3179
f 3182/3182/3182 3181/3181/3181 3179/3179/3179
f 3185/3185/3185 3184/3184/3184 3183/3183/3183
f 3186/3186/3186 3185/3185/3185 3183/3183/3183
f 3189/3189/3189 3188/3188/3188 3187/3187/3187
f 3190/3190/3190 3189/3189/3189 3187/3187/3187
f 3193/3193/3193 3192/3192/3192 3191/3191/3191
f 3194/3194/3194 3193/3193/3193 3191/3191/3191
f 3197/3197/3197 3196/3196/3196 3195/3195/3195
f 3198/3198/3198 3197/3197/3197 3195/3195/3195
f 3201/3201/3201 3200/3200/3200 3199/3199/3199
f 3202/3202/3202 3201/3201/3201 3199/3199/3199
f 3205/3205/3205 3204/3204/3204 3203/3203/3203
f 3206/3206/3206 3205/3205/3205 3203/3203/3203
f 3209/3209/3209 3208/3208/3208 3207/3207/3207
f 3210/3210/3210 3209/3209/3209 3207/3207/3207
f 3213/3213/3213 3212/3212/3212 3211/3211/3211
f 3214/3214/3214 3213/3213/3213 3211/3211/3211
f 3217/3217/3217 3216/3216/3216 3215/3215/3215
f 3218/3218/3218 3217/3217/3217 3215/3215/3215
f 3221/3221/3221 3220/3220/3220 3219/3219/3219
f 3222/3222/3222 3221/3221/3221 3219/3219/3219
f 3225/3225/3225 3224/3224/3224 3223/3223/3223
f 3226/3226/3226 3225/3225/3225 3223/3223/3223
f 3229/3229/3229 3228/3228/3228 3227/3227/3227
f 3230/3230/3230 3229/3229/3229 3227/3227/3227
f 3233/3233/3233 3232/3232/3232 3231/3231/3231
f 3234/3234/3234 3233/3233/3233 3231/3231/3231
f 3237/3237/3237 3236/3236/3236 3235/3235/3235
f 3238/3238/3238 3237/3237/3237 3235/3235/3235
f 3241/3241/3241 3240/3240/3240 3239/3239/3239
f 3242/3242/3242 3241/3241/3241 3239/3239/3239
f 3245/3245/3245 3244/3244/3244 3243/3243/3243
f 3246/3246/3246 3245/3245/3245 3243/3243/3243
f 3249/3249/3249 3248/3248/3248 3247/3247/3247
f 3250/3250/3250 3249/3249/3249 3247/3247/3247
f 3253/3253/3253 3252/3252/3252 3251/3251/3251
f 3254/3254/3254 3253/3253/3253 3251/3251/3251
f 3257/3257/3257 3256/3256/3256 3255/3255/3255
f 3258/3258/3258 3257/3257/3257 3255/3255/3255
f 3261/3261/3261 3260/3260/3260 3259/3259/3259
f 3262/3262/3262 3261/3261/3261 3259/3259/3259
f 3265/3265/3265 3264/3264/3264 3263/3263/3263
f 3266/3266/3266 3265/3265/3265 3263/3263/3263
f 3269/3269/3269 3268/3268/3268 3267/3267/3267
f 3270/3270/3270 3269/3269/3269 3267/3267/3267
f 3273/3273/3273 3272/3272/3272 3271/3271/3271
f 3274/3274/3274 3273/3273/3273 3271/3271/3271
f 3277/3277/3277 3276/3276/3276 3275/3275/3275
f 3278/3278/3278 3277/3277/3277 3275/3275/3275
f 3281/3281/3281 3280/3280/3280 3279/3279/3279
f 3282/3282/3282 3281/3281/3281 3279/3279/3279
f 3285/3285/3285 3284/3284/3284 3283/3283/3283
f 3286/3286/3286 3285/3285/3285 3283/3283/3283
f 3289/3289/3289 3288/3288/3288 3287/3287/3287
f 3290/3290/3290 3289/3289/3289 3287/3287/3287
f 3293/3293/3293 3292/3292/3292 3291/3291/3291
f 3294/3294/3294 3293/3293/3293 3291/3291/3291
f 3297/3297/3297 3296/3296/3296 3295/3295/3295
f 3298/3298/3298 3297/3297/3297 3295/3295/3295
f 3301/3301/3301 3300/3300/3300 3299/3299/3299
f 3300/3300/3300 3302/3302/3302 3299/3299/3299
f 3301/3301/3301 3299/3299/3299 3303/3303/3303
f 3300/3300/3300 3304/3304/3304 3302/3302/3302
f 3305/3305/3305 3301/3301/3301 3303/3303/3303
f 3304/3304/3304 3306/3306/3306 3302/3302/3302
f 3305/3305/3305 3303/3303/3303 3306/3306/3306
f 3304/3304/3304 3305/3305/3305 3306/3306/3306
f 3309/3309/3309 3308/3308/3308 3307/3307/3307
f 3310/3310/3310 3309/3309/3309 3307/3307/3307
f 3309/3309/3309 3311/3311/3311 3308/3308/3308
f 3310/3310/3310 3307/3307/3307 3312/3312/3312
f 3311/3311/3311 3313/3313/3313 3308/3308/3308
f 3314/3314/3314 3310/3310/3310 3312/3312/3312
f 3314/3314/3314 3312/3312/3312 3313/3313/3313
f 3311/3311/3311 3314/3314/3314 3313/3313/3313
f 3317/3317/3317 3316/3316/3316 3315/3315/3315
f 3316/3316/3316 3318/3318/3318 3315/3315/3315
f 3317/3317/3317 3315/3315/3315 3319/3319/3319
f 3316/3316/3316 3320/3320/3320 3318/3318/3318
f 3321/3321/3321 3317/3317/3317 3319/3319/3319
f 3320/3320/3320 3322/3322/3322 3318/3318/3318
f 3321/3321/3321 3319/3319/3319 3322/3322/3322
f 3320/3320/3320 3321/3321/3321 3322/3322/3322
f 3325/3325/3325 3324/3324/3324 3323/3323/3323
f 3324/3324/3324 3326/3326/3326 3323/3323/3323
f 3325/3325/3325 3323/3323/3323 3327/3327/3327
f 3324/3324/3324 3328/3328/3328 3326/3326/3326
f 3329/3329/3329 3325/3325/3325 3327/3327/3327
f 3328/3328/3328 3330/3330/3330 3326/3326/3326
f 3329/3329/3329 3327/3327/3327 3330/3330/3330
f 3328/3328/3328 3329/3329/3329 3330/3330/3330
f 3333/3333/3333 3332/3332/3332 3331/3331/3331
f 3332/3332/3332 3334/3334/3334 3331/3331/3331
f 3333/3333/3333 3331/3331/3331 3335/3335/3335
f 3332/3332/3332 3336/3336/3336 3334/3334/3334
f 3337/3337/3337 3333/3333/3333 3335/3335/3335
f 3336/3336/3336 3338/3338/3338 3334/3334/3334
f 3337/3337/3337 3335/3335/3335 3338/3338/3338
f 3336/3336/3336 3337/3337/3337 3338/3338/3338
f 3341/3341/3341 3340/3340/3340 3339/3339/3339
f 3340/3340/3340 3342/3342/3342 3339/3339/3339
f 3341/3341/3341 3339/3339/3339 3343/3343/3343
f 3340/3340/3340 3344/3344/3344 3342/3342/3342
f 3345/3345/3345 3341/3341/3341 3343/3343/3343
f 3344/3344/3344 3346/3346/3346 3342/3342/3342
f 3345/3345/3345 3343/3343/3343 3346/3346/3346
f 3344/3344/3344 3345/3345/3345 3346/3346/3346
f 3349/3349/3349 3348/3348/3348 3347/3347/3347
f 3348/3348/3348 3350/3350/3350 3347/3347/3347
f 3349/3349/3349 3347/3347/3347 3351/3351/3351
f 3348/3348/3348 3352/3352/3352 3350/3350/3350
f 3353/3353/3353 3349/3349/3349 3351/3351/3351
f 3352/3352/3352 3354/3354/3354 3350/3350/3350
f 3353/3353/3353 3351/3351/3351 3354/3354/3354
f 3352/3352/3352 3353/3353/3353 3354/3354/3354
f 3357/3357/3357 3356/3356/3356 3355/3355/3355
f 3356/3356/3356 3358/3358/3358 3355/3355/3355
f 3357/3357/3357 3355/3355/3355 3359/3359/3359
f 3356/3356/3356 3360/3360/3360 3358/3358/3358
f 3361/3361/3361 3357/3357/3357 3359/3359/3359
f 3360/3360/3360 3362/3362/3362 3358/3358/3358
f 3361/3361/3361 3359/3359/3359 3362/3362/3362
f 3360/3360/3360 3361/3361/3361 3362/3362/3362
f 3365/3365/3365 3364/3364/3364 3363/3363/3363
f 3364/3364/3364 3366/3366/3366 3363/3363/3363
f 3365/3365/3365 3363/3363/3363 3367/3367/3367
f 3364/3364/3364 3368/3368/3368 3366/3366/3366
f 3369/3369/3369 3365/3365/3365 3367/3367/3367
f 3368/3368/3368 3370/3370/3370 3366/3366/3366
f 3369/3369/3369 3367/3367/3367 3370/3370/3370
f 3368/3368/3368 3369/3369/3369 3370/3370/3370
f 3373/3373/3373 3372/3372/3372 3371/3371/3371
f 3372/3372/3372 3374/3374/3374 3371/3371/3371
f 3373/3373/3373 3371/3371/3371 3375/3375/3375
f 3372/3372/3372 3376/3376/3376 3374/3374/3374
f 3377/3377/3377 3373/3373/3373 3375/3375/3375
f 3376/3376/3376 3378/3378/3378 3374/3374/3374
f 3377/3377/3377 3375/3375/3375 3378/3378/3378
f 3376/3376/3376 3377/3377/3377 3378/3378/3378
f 3381/3381/3381 3380/3380/3380 3379/3379/3379
f 3380/3380/3380 3382/3382/3382 3379/3379/3379
f 3381/3381/3381 3379/3379/3379 3383/3383/3383
f 3380/3380/3380 3384/3384/3384 3382/3382/3382
f 3385/3385/3385 3381/3381/3381 3383/3383/3383
f 3384/3384/3384 3386/3386/3386 3382/3382/3382
f 3385/3385/3385 3383/3383/3383 3386/3386/3386
f 3384/3384/3384 3385/3385/3385 3386/3386/3386
f 3389/3389/3389 3388/3388/3388 3387/3387/3387
f 3388/3388/3388 3390/3390/3390 3387/3387/3387
f 3389/3389/3389 3387/3387/3387 3391/3391/3391
f 3388/3388/3388 3392/3392/3392 3390/3390/3390
f 3393/3393/3393 3389/3389/3389 3391/3391/3391
f 3392/3392/3392 3394/3394/3394 3390/3390/3390
f 3393/3393/3393 3391/3391/3391 3394/3394/3394
f 3392/3392/3392 3393/3393/3393 3394/3394/3394
f 3397/3397/3397 3396/3396/3396 3395/3395/3395
f 3396/3396/3396 3398/3398/3398 3395/3395/3395
f 3397/3397/3397 3395/3395/3395 3399/3399/3399
f 3396/3396/3396 3400/3400/3400 3398/3398/3398
f 3401/3401/3401 3397/3397/3397 3399/3399/3399
f 3400/3400/3400 3402/3402/3402 3398/3398/3398
f 3401/3401/3401 3399/3399/3399 3402/3402/3402
f 3400/3400/3400 3401/3401/3401 3402/3402/3402
f 3405/3405/3405 3404/3404/3404 3403/3403/3403
f 3404/3404/3404 3406/3406/3406 3403/3403/3403
f 3405/3405/3405 3403/3403/3403 3407/3407/3407
f 3404/3404/3404 3408/3408/3408 3406/3406/3406
f 3409/3409/3409 3405/3405/3405 3407/3407/3407
f 3408/3408/3408 3410/3410/3410 3406/3406/3406
f 3409/3409/3409 3407/3407/3407 3410/3410/3410
f 3408/3408/3408 3409/3409/3409 3410/3410/3410
f 3413/3413/3413 3412/3412/3412 3411/3411/3411
f 3412/3412/3412 3414/3414/3414 3411/3411/3411
f 3413/3413/3413 3411/3411/3411 3415/3415/3415
f 3412/3412/3412 3416/3416/3416 3414/3414/3414
f 3417/3417/3417 3413/3413/3413 3415/3415/3415
f 3416/3416/3416 3418/3418/3418 3414/3414/3414
f 3417/3417/3417 3415/3415/3415 3418/3418/3418
f 3416/3416/3416 3417/3417/3417 3418/3418/3418
f 3421/3421/3421 3420/3420/3420 3419/3419/3419
f 3420/3420/3420 3422/3422/3422 3419/3419/3419
f 3421/3421/3421 3419/3419/3419 3423/3423/3423
f 3420/3420/3420 3424/3424/3424 3422/3422/3422
f 3425/3425/3425 3421/3421/3421 3423/3423/3423
f 3424/3424/3424 3426/3426/3426 3422/3422/3422
f 3425/3425/3425 3423/3423/3423 3426/3426/3426
f 3424/3424/3424 3425/3425/3425 3426/3426/3426
f 3429/3429/3429 3428/3428/3428 3427/3427/3427
f 3430/3430/3430 3429/3429/3429 3427/3427/3427
f 3427/3427/3427 3428/3428/3428 3431/3431/3431
f 3432/3432/3432 3429/3429/3429 3430/3430/3430
f 3428/3428/3428 3433/3433/3433 3431/3431/3431
f 3434/3434/3434 3432/3432/3432 3430/3430/3430
f 3431/3431/3431 3433/3433/3433 3434/3434/3434
f 3433/3433/3433 3432/3432/3432 3434/3434/3434
f 3437/3437/3437 3436/3436/3436 3435/3435/3435
f 3435/3435/3435 3436/3436/3436 3438/3438/3438
f 3439/3439/3439 3437/3437/3437 3435/3435/3435
f 3436/3436/3436 3440/3440/3440 3438/3438/3438
f 3441/3441/3441 3437/3437/3437 3439/3439/3439
f 3438/3438/3438 3440/3440/3440 3442/3442/3442
f 3442/3442/3442 3441/3441/3441 3439/3439/3439
f 3440/3440/3440 3441/3441/3441 3442/3442/3442
f 3445/3445/3445 3444/3444/3444 3443/3443/3443
f 3446/3446/3446 3445/3445/3445 3443/3443/3443
f 3443/3443/3443 3444/3444/3444 3447/3447/3447
f 3448/3448/3448 3445/3445/3445 3446/3446/3446
f 3444/3444/3444 3449/3449/3449 3447/3447/3447
f 3450/3450/3450 3448/3448/3448 3446/3446/3446
f 3447/3447/3447 3449/3449/3449 3450/3450/3450
f 3449/3449/3449 3448/3448/3448 3450/3450/3450
f 3453/3453/3453 3452/3452/3452 3451/3451/3451
f 3454/3454/3454 3453/3453/3453 3451/3451/3451
f 3451/3451/3451 3452/3452/3452 3455/3455/3455
f 3456/3456/3456 3453/3453/3453 3454/3454/3454
f 3452/3452/3452 3457/3457/3457 3455/3455/3455
f 3458/3458/3458 3456/3456/3456 3454/3454/3454
f 3455/3455/3455 3457/3457/3457 3458/3458/3458
f 3457/3457/3457 3456/3456/3456 3458/3458/3458
f 3461/3461/3461 3460/3460/3460 3459/3459/3459
f 3462/3462/3462 3461/3461/3461 3459/3459/3459
f 3459/3459/3459 3460/3460/3460 3463/3463/3463
f 3464/3464/3464 3461/3461/3461 3462/3462/3462
f 3460/3460/3460 3465/3465/3465 3463/3463/3463
f 3466/3466/3466 3464/3464/3464 3462/3462/3462
f 3463/3463/3463 3465/3465/3465 3466/3466/3466
f 3465/3465/3465 3464/3464/3464 3466/3466/3466
f 3469/3469/3469 3468/3468/3468 3467/3467/3467
f 3470/3470/3470 3469/3469/3469 3467/3467/3467
f 3467/3467/3467 3468/3468/3468 3471/3471/3471
f 3472/3472/3472 3469/3469/3469 3470/3470/3470
f 3468/3468/3468 3473/3473/3473 3471/3471/3471
f 3474/3474/3474 3472/3472/3472 3470/3470/3470
f 3471/3471/3471 3473/3473/3473 3474/3474/3474
f 3473/3473/3473 3472/3472/3472 3474/3474/3474
f 3477/3477/3477 3476/3476/3476 3475/3475/3475
f 3478/3478/3478 3477/3477/3477 3475/3475/3475
f 3475/3475/3475 3476/3476/3476 3479/3479/3479
f 3480/3480/3480 3477/3477/3477 3478/3478/3478
f 3476/3476/3476 3481/3481/3481 3479/3479/3479
f 3482/3482/3482 3480/3480/3480 3478/3478/3478
f 3479/3479/3479 3481/3481/3481 3482/3482/3482
f 3481/3481/3481 3480/3480/3480 3482/3482/3482
f 3485/3485/3485 3484/3484/3484 3483/3483/3483
f 3486/3486/3486 3485/3485/3485 3483/3483/3483
f 3483/3483/3483 3484/3484/3484 3487/3487/3487
f 3488/3488/3488 3485/3485/3485 3486/3486/3486
f 3484/3484/3484 3489/3489/3489 3487/3487/3487
f 3490/3490/3490 3488/3488/3488 3486/3486/3486
f 3487/3487/3487 3489/3489/3489 3490/3490/3490
f 3489/3489/3489 3488/3488/3488 3490/3490/3490
f 3493/3493/3493 3492/3492/3492 3491/3491/3491
f 3494/3494/3494 3493/3493/3493 3491/3491/3491
f 3491/3491/3491 3492/3492/3492 3495/3495/3495
f 3496/3496/3496 3493/3493/3493 3494/3494/3494
f 3492/3492/3492 3497/3497/3497 3495/3495/3495
f 3498/3498/3498 3496/3496/3496 3494/3494/3494
f 3495/3495/3495 3497/3497/3497 3498/3498/3498
f 3497/3497/3497 3496/3496/3496 3498/3498/3498
f 3501/3501/3501 3500/3500/3500 3499/3499/3499
f 3502/3502/3502 3501/3501/3501 3499/3499/3499
f 3499/3499/3499 3500/3500/3500 3503/3503/3503
f 3504/3504/3504 3501/3501/3501 3502/3502/3502
f 3500/3500/3500 3505/3505/3505 3503/3503/3503
f 3506/3506/3506 3504/3504/3504 3502/3502/3502
f 3503/3503/3503 3505/3505/3505 3506/3506/3506
f 3505/3505/3505 3504/3504/3504 3506/3506/3506
f 3509/3509/3509 3508/3508/3508 3507/3507/3507
f 3510/3510/3510 3509/3509/3509 3507/3507/3507
f 3507/3507/3507 3508/3508/3508 3511/3511/3511
f 3512/3512/3512 3509/3509/3509 3510/3510/3510
f 3508/3508/3508 3513/3513/3513 3511/3511/3511
f 3514/3514/3514 3512/3512/3512 3510/3510/3510
f 3511/3511/3511 3513/3513/3513 3514/3514/3514
f 3513/3513/3513 3512/3512/3512 3514/3514/3514
f 3517/3517/3517 3516/3516/3516 3515/3515/3515
f 3518/3518/3518 3517/3517/3517 3515/3515/3515
f 3515/3515/3515 3516/3516/3516 3519/3519/3519
f 3520/3520/3520 3517/3517/3517 3518/3518/3518
f 3516/3516/3516 3521/3521/3521 3519/3519/3519
f 3522/3522/3522 3520/3520/3520 3518/3518/3518
f 3519/3519/3519 3521/3521/3521 3522/3522/3522
f 3521/3521/3521 3520/3520/3520 3522/3522/3522
f 3525/3525/3525 3524/3524/3524 3523/3523/3523
f 3526/3526/3526 3525/3525/3525 3523/3523/3523
f 3523/3523/3523 3524/3524/3524 3527/3527/3527
f 3528/3528/3528 3525/3525/3525 3526/3526/3526
f 3524/3524/3524 3529/3529/3529 3527/3527/3527
f 3530/3530/3530 3528/3528/3528 3526/3526/3526
f 3527/3527/3527 3529/3529/3529 3530/3530/3530
f 3529/3529/3529 3528/3528/3528 3530/3530/3530
f 3533/3533/3533 3532/3532/3532 3531/3531/3531
f 3534/3534/3534 3533/3533/3533 3531/3531/3531
f 3531/3531/3531 3532/3532/3532 3535/3535/3535
f 3536/3536/3536 3533/3533/3533 3534/3534/3534
f 3532/3532/3532 3537/3537/3537 3535/3535/3535
f 3538/3538/3538 3536/3536/3536 3534/3534/3534
f 3535/3535/3535 3537/3537/3537 3538/3538/3538
f 3537/3537/3537 3536/3536/3536 3538/3538/3538
f 3541/3541/3541 3540/3540/3540 3539/3539/3539
f 3542/3542/3542 3541/3541/3541 3539/3539/3539
f 3539/3539/3539 3540/3540/3540 3543/3543/3543
f 3544/3544/3544 3541/3541/3541 3542/3542/3542
f 3540/3540/3540 3545/3545/3545 3543/3543/3543
f 3546/3546/3546 3544/3544/3544 3542/3542/3542
f 3543/3543/3543 3545/3545/3545 3546/3546/3546
f 3545/3545/3545 3544/3544/3544 3546/3546/3546
f 3549/3549/3549 3548/3548/3548 3547/3547/3547
f 3550/3550/3550 3549/3549/3549 3547/3547/3547
f 3547/3547/3547 3548/3548/3548 3551/3551/3551
f 3552/3552/3552 3549/3549/3549 3550/3550/3550
f 3548/3548/3548 3553/3553/3553 3551/3551/3551
f 3554/3554/3554 3552/3552/3552 3550/3550/3550
f 3551/3551/3551 3553/3553/3553 3554/3554/3554
f 3553/3553/3553 3552/3552/3552 3554/3554/3554
g Totend Castle New Complex_1
f 3557/3557/3557 3556/3556/3556 3555/3555/3555
f 3560/3560/3560 3559/3559/3559 3558/3558/3558
f 3559/3559/3559 3562/3562/3562 3561/3561/3561
f 3563/3563/3563 3559/3559/3559 3561/3561/3561
f 3566/3566/3566 3565/3565/3565 3564/3564/3564
f 3568/3568/3568 3567/3567/3567 3566/3566/3566
f 3569/3569/3569 3568/3568/3568 3566/3566/3566
f 3568/3568/3568 3570/3570/3570 3567/3567/3567
f 3568/3568/3568 3569/3569/3569 3571/3571/3571
f 3569/3569/3569 3572/3572/3572 3571/3571/3571
f 3573/3573/3573 3572/3572/3572 3569/3569/3569
f 3574/3574/3574 3573/3573/3573 3569/3569/3569
f 3574/3574/3574 3569/3569/3569 3575/3575/3575
f 3576/3576/3576 3574/3574/3574 3575/3575/3575
f 3576/3576/3576 3575/3575/3575 3577/3577/3577
f 3575/3575/3575 3578/3578/3578 3577/3577/3577
f 3568/3568/3568 3579/3579/3579 3570/3570/3570
f 3570/3570/3570 3579/3579/3579 3580/3580/3580
f 3579/3579/3579 3581/3581/3581 3580/3580/3580
f 3582/3582/3582 3570/3570/3570 3580/3580/3580
f 3583/3583/3583 3582/3582/3582 3580/3580/3580
f 3580/3580/3580 3584/3584/3584 3583/3583/3583
f 3587/3587/3587 3586/3586/3586 3585/3585/3585
f 3590/3590/3590 3589/3589/3589 3588/3588/3588
f 3589/3589/3589 3592/3592/3592 3591/3591/3591
f 3593/3593/3593 3589/3589/3589 3591/3591/3591
f 3596/3596/3596 3595/3595/3595 3594/3594/3594
f 3595/3595/3595 3598/3598/3598 3597/3597/3597
f 3598/3598/3598 3599/3599/3599 3597/3597/3597
f 3595/3595/3595 3597/3597/3597 3600/3600/3600
f 3599/3599/3599 3601/3601/3601 3597/3597/3597
f 3600/3600/3600 3597/3597/3597 3602/3602/3602
f 3601/3601/3601 3599/3599/3599 3603/3603/3603
f 3604/3604/3604 3601/3601/3601 3603/3603/3603
f 3605/3605/3605 3600/3600/3600 3602/3602/3602
f 3605/3605/3605 3606/3606/3606 3600/3600/3600
f 3606/3606/3606 3607/3607/3607 3600/3600/3600
f 3600/3600/3600 3607/3607/3607 3608/3608/3608
f 3607/3607/3607 3609/3609/3609 3608/3608/3608
f 3608/3608/3608 3609/3609/3609 3610/3610/3610
f 3611/3611/3611 3608/3608/3608 3610/3610/3610
f 3613/3613/3613 3612/3612/3612 3603/3603/3603
f 3603/3603/3603 3614/3614/3614 3613/3613/3613
f 3603/3603/3603 3615/3615/3615 3614/3614/3614
f 3618/3618/3618 3617/3617/3617 3616/3616/3616
f 3619/3619/3619 3618/3618/3618 3616/3616/3616
f 3621/3621/3621 3620/3620/3620 3618/3618/3618
f 3621/3621/3621 3618/3618/3618 3622/3622/3622
f 3621/3621/3621 3622/3622/3622 3623/3623/3623
f 3621/3621/3621 3623/3623/3623 3624/3624/3624
f 3624/3624/3624 3625/3625/3625 3621/3621/3621
f 3627/3627/3627 3626/3626/3626 3621/3621/3621
f 3621/3621/3621 3628/3628/3628 3627/3627/3627
f 3628/3628/3628 3629/3629/3629 3627/3627/3627
f 3631/3631/3631 3625/3625/3625 3630/3630/3630
f 3630/3630/3630 3632/3632/3632 3631/3631/3631
f 3631/3631/3631 3633/3633/3633 3625/3625/3625
f 3633/3633/3633 3634/3634/3634 3625/3625/3625
f 3633/3633/3633 3635/3635/3635 3634/3634/3634
f 3635/3635/3635 3636/3636/3636 3634/3634/3634
f 3631/3631/3631 3638/3638/3638 3637/3637/3637
f 3638/3638/3638 3639/3639/3639 3637/3637/3637
f 3637/3637/3637 3639/3639/3639 3640/3640/3640
f 3639/3639/3639 3641/3641/3641 3640/3640/3640
f 3643/3643/3643 3635/3635/3635 3642/3642/3642
f 3642/3642/3642 3644/3644/3644 3643/3643/3643
f 3644/3644/3644 3645/3645/3645 3643/3643/3643
f 3645/3645/3645 3644/3644/3644 3646/3646/3646
f 3644/3644/3644 3647/3647/3647 3646/3646/3646
f 3649/3649/3649 3648/3648/3648 3641/3641/3641
f 3650/3650/3650 3649/3649/3649 3641/3641/3641
f 3649/3649/3649 3651/3651/3651 3648/3648/3648
f 3651/3651/3651 3652/3652/3652 3648/3648/3648
f 3653/3653/3653 3651/3651/3651 3649/3649/3649
f 3654/3654/3654 3653/3653/3653 3649/3649/3649
f 3654/3654/3654 3649/3649/3649 3650/3650/3650
f 3655/3655/3655 3654/3654/3654 3650/3650/3650
f 3658/3658/3658 3657/3657/3657 3656/3656/3656
f 3659/3659/3659 3658/3658/3658 3656/3656/3656
f 3660/3660/3660 3659/3659/3659 3656/3656/3656
f 3659/3659/3659 3660/3660/3660 3661/3661/3661
f 3660/3660/3660 3656/3656/3656 3662/3662/3662
f 3663/3663/3663 3660/3660/3660 3662/3662/3662
f 3662/3662/3662 3664/3664/3664 3663/3663/3663
f 3663/3663/3663 3664/3664/3664 3665/3665/3665
f 3664/3664/3664 3666/3666/3666 3665/3665/3665
f 3665/3665/3665 3668/3668/3668 3667/3667/3667
f 3669/3669/3669 3665/3665/3665 3667/3667/3667
f 3671/3671/3671 3667/3667/3667 3670/3670/3670
f 3672/3672/3672 3671/3671/3671 3670/3670/3670
f 3675/3675/3675 3674/3674/3674 3673/3673/3673
f 3674/3674/3674 3676/3676/3676 3673/3673/3673
f 3676/3676/3676 3677/3677/3677 3673/3673/3673
f 3677/3677/3677 3678/3678/3678 3673/3673/3673
f 3681/3681/3681 3680/3680/3680 3679/3679/3679
f 3682/3682/3682 3681/3681/3681 3679/3679/3679
f 3685/3685/3685 3684/3684/3684 3683/3683/3683
f 3686/3686/3686 3685/3685/3685 3683/3683/3683
f 3685/3685/3685 3686/3686/3686 3687/3687/3687
f 3686/3686/3686 3688/3688/3688 3687/3687/3687
f 3683/3683/3683 3689/3689/3689 3686/3686/3686
f 3689/3689/3689 3683/3683/3683 3690/3690/3690
f 3689/3689/3689 3690/3690/3690 3691/3691/3691
f 3691/3691/3691 3692/3692/3692 3689/3689/3689
f 3690/3690/3690 3693/3693/3693 3691/3691/3691
f 3693/3693/3693 3694/3694/3694 3691/3691/3691
f 3697/3697/3697 3696/3696/3696 3695/3695/3695
f 3698/3698/3698 3697/3697/3697 3695/3695/3695
f 3701/3701/3701 3700/3700/3700 3699/3699/3699
f 3701/3701/3701 3702/3702/3702 3700/3700/3700
f 3705/3705/3705 3704/3704/3704 3703/3703/3703
f 3706/3706/3706 3705/3705/3705 3703/3703/3703
f 3709/3709/3709 3708/3708/3708 3707/3707/3707
f 3710/3710/3710 3709/3709/3709 3707/3707/3707
f 3713/3713/3713 3712/3712/3712 3711/3711/3711
f 3714/3714/3714 3713/3713/3713 3711/3711/3711
f 3717/3717/3717 3716/3716/3716 3715/3715/3715
f 3718/3718/3718 3717/3717/3717 3715/3715/3715
f 3721/3721/3721 3720/3720/3720 3719/3719/3719
f 3722/3722/3722 3721/3721/3721 3719/3719/3719
f 3725/3725/3725 3724/3724/3724 3723/3723/3723
f 3726/3726/3726 3725/3725/3725 3723/3723/3723
f 3729/3729/3729 3728/3728/3728 3727/3727/3727
f 3730/3730/3730 3729/3729/3729 3727/3727/3727
f 3733/3733/3733 3732/3732/3732 3731/3731/3731
f 3734/3734/3734 3733/3733/3733 3731/3731/3731
f 3737/3737/3737 3736/3736/3736 3735/3735/3735
f 3738/3738/3738 3737/3737/3737 3735/3735/3735
f 3741/3741/3741 3740/3740/3740 3739/3739/3739
f 3742/3742/3742 3741/3741/3741 3739/3739/3739
f 3745/3745/3745 3744/3744/3744 3743/3743/3743
f 3746/3746/3746 3745/3745/3745 3743/3743/3743
f 3749/3749/3749 3748/3748/3748 3747/3747/3747
f 3750/3750/3750 3749/3749/3749 3747/3747/3747
f 3753/3753/3753 3752/3752/3752 3751/3751/3751
f 3754/3754/3754 3753/3753/3753 3751/3751/3751
f 3757/3757/3757 3756/3756/3756 3755/3755/3755
f 3758/3758/3758 3757/3757/3757 3755/3755/3755
f 3761/3761/3761 3760/3760/3760 3759/3759/3759
f 3762/3762/3762 3761/3761/3761 3759/3759/3759
f 3765/3765/3765 3764/3764/3764 3763/3763/3763
f 3766/3766/3766 3765/3765/3765 3763/3763/3763
f 3769/3769/3769 3768/3768/3768 3767/3767/3767
f 3770/3770/3770 3769/3769/3769 3767/3767/3767
f 3770/3770/3770 3767/3767/3767 3771/3771/3771
f 3772/3772/3772 3770/3770/3770 3771/3771/3771
f 3772/3772/3772 3771/3771/3771 3773/3773/3773
f 3774/3774/3774 3772/3772/3772 3773/3773/3773
f 3777/3777/3777 3776/3776/3776 3775/3775/3775
f 3778/3778/3778 3777/3777/3777 3775/3775/3775
f 3781/3781/3781 3780/3780/3780 3779/3779/3779
f 3782/3782/3782 3781/3781/3781 3779/3779/3779
f 3782/3782/3782 3779/3779/3779 3783/3783/3783
f 3784/3784/3784 3782/3782/3782 3783/3783/3783
f 3784/3784/3784 3783/3783/3783 3785/3785/3785
f 3786/3786/3786 3784/3784/3784 3785/3785/3785
f 3789/3789/3789 3788/3788/3788 3787/3787/3787
f 3790/3790/3790 3789/3789/3789 3787/3787/3787
f 3793/3793/3793 3792/3792/3792 3791/3791/3791
f 3794/3794/3794 3793/3793/3793 3791/3791/3791
f 3794/3794/3794 3791/3791/3791 3795/3795/3795
f 3796/3796/3796 3794/3794/3794 3795/3795/3795
f 3796/3796/3796 3795/3795/3795 3797/3797/3797
f 3798/3798/3798 3796/3796/3796 3797/3797/3797
f 3801/3801/3801 3800/3800/3800 3799/3799/3799
f 3802/3802/3802 3801/3801/3801 3799/3799/3799
f 3802/3802/3802 3799/3799/3799 3803/3803/3803
f 3804/3804/3804 3802/3802/3802 3803/3803/3803
f 3804/3804/3804 3803/3803/3803 3805/3805/3805
f 3806/3806/3806 3804/3804/3804 3805/3805/3805
f 3809/3809/3809 3808/3808/3808 3807/3807/3807
f 3810/3810/3810 3809/3809/3809 3807/3807/3807
f 3810/3810/3810 3807/3807/3807 3811/3811/3811
f 3812/3812/3812 3810/3810/3810 3811/3811/3811
f 3815/3815/3815 3814/3814/3814 3813/3813/3813
f 3816/3816/3816 3815/3815/3815 3813/3813/3813
f 3819/3819/3819 3818/3818/3818 3817/3817/3817
f 3820/3820/3820 3819/3819/3819 3817/3817/3817
f 3820/3820/3820 3817/3817/3817 3821/3821/3821
f 3822/3822/3822 3820/3820/3820 3821/3821/3821
f 3825/3825/3825 3824/3824/3824 3823/3823/3823
f 3826/3826/3826 3825/3825/3825 3823/3823/3823
f 3829/3829/3829 3828/3828/3828 3827/3827/3827
f 3830/3830/3830 3829/3829/3829 3827/3827/3827
f 3830/3830/3830 3827/3827/3827 3831/3831/3831
f 3832/3832/3832 3830/3830/3830 3831/3831/3831
f 3835/3835/3835 3834/3834/3834 3833/3833/3833
f 3836/3836/3836 3835/3835/3835 3833/3833/3833
f 3836/3836/3836 3833/3833/3833 3837/3837/3837
f 3838/3838/3838 3836/3836/3836 3837/3837/3837
f 3841/3841/3841 3840/3840/3840 3839/3839/3839
f 3842/3842/3842 3841/3841/3841 3839/3839/3839
f 3845/3845/3845 3844/3844/3844 3843/3843/3843
f 3846/3846/3846 3845/3845/3845 3843/3843/3843
f 3849/3849/3849 3848/3848/3848 3847/3847/3847
f 3850/3850/3850 3849/3849/3849 3847/3847/3847
f 3853/3853/3853 3852/3852/3852 3851/3851/3851
f 3854/3854/3854 3853/3853/3853 3851/3851/3851
f 3857/3857/3857 3856/3856/3856 3855/3855/3855
f 3858/3858/3858 3857/3857/3857 3855/3855/3855
f 3861/3861/3861 3860/3860/3860 3859/3859/3859
f 3862/3862/3862 3861/3861/3861 3859/3859/3859
f 3865/3865/3865 3864/3864/3864 3863/3863/3863
f 3866/3866/3866 3865/3865/3865 3863/3863/3863
f 3869/3869/3869 3868/3868/3868 3867/3867/3867
f 3870/3870/3870 3869/3869/3869 3867/3867/3867
f 3873/3873/3873 3872/3872/3872 3871/3871/3871
f 3874/3874/3874 3873/3873/3873 3871/3871/3871
f 3877/3877/3877 3876/3876/3876 3875/3875/3875
f 3878/3878/3878 3877/3877/3877 3875/3875/3875
f 3881/3881/3881 3880/3880/3880 3879/3879/3879
f 3882/3882/3882 3881/3881/3881 3879/3879/3879
f 3885/3885/3885 3884/3884/3884 3883/3883/3883
f 3886/3886/3886 3885/3885/3885 3883/3883/3883
f 3889/3889/3889 3888/3888/3888 3887/3887/3887
f 3890/3890/3890 3889/3889/3889 3887/3887/3887
f 3890/3890/3890 3887/3887/3887 3891/3891/3891
f 3892/3892/3892 3890/3890/3890 3891/3891/3891
f 3895/3895/3895 3894/3894/3894 3893/3893/3893
f 3896/3896/3896 3895/3895/3895 3893/3893/3893
f 3899/3899/3899 3898/3898/3898 3897/3897/3897
f 3900/3900/3900 3899/3899/3899 3897/3897/3897
f 3900/3900/3900 3897/3897/3897 3901/3901/3901
f 3902/3902/3902 3900/3900/3900 3901/3901/3901
f 3905/3905/3905 3904/3904/3904 3903/3903/3903
f 3906/3906/3906 3905/3905/3905 3903/3903/3903
f 3909/3909/3909 3908/3908/3908 3907/3907/3907
f 3910/3910/3910 3909/3909/3909 3907/3907/3907
f 3910/3910/3910 3907/3907/3907 3911/3911/3911
f 3912/3912/3912 3910/3910/3910 3911/3911/3911
f 3915/3915/3915 3914/3914/3914 3913/3913/3913
f 3916/3916/3916 3915/3915/3915 3913/3913/3913
f 3916/3916/3916 3913/3913/3913 3917/3917/3917
f 3918/3918/3918 3916/3916/3916 3917/3917/3917
f 3921/3921/3921 3920/3920/3920 3919/3919/3919
f 3922/3922/3922 3921/3921/3921 3919/3919/3919
f 3925/3925/3925 3924/3924/3924 3923/3923/3923
f 3926/3926/3926 3925/3925/3925 3923/3923/3923
f 3929/3929/3929 3928/3928/3928 3927/3927/3927
f 3930/3930/3930 3929/3929/3929 3927/3927/3927
f 3933/3933/3933 3932/3932/3932 3931/3931/3931
f 3934/3934/3934 3933/3933/3933 3931/3931/3931
f 3937/3937/3937 3936/3936/3936 3935/3935/3935
f 3938/3938/3938 3937/3937/3937 3935/3935/3935
f 3941/3941/3941 3940/3940/3940 3939/3939/3939
f 3942/3942/3942 3941/3941/3941 3939/3939/3939
f 3945/3945/3945 3944/3944/3944 3943/3943/3943
f 3946/3946/3946 3945/3945/3945 3943/3943/3943
f 3949/3949/3949 3948/3948/3948 3947/3947/3947
f 3950/3950/3950 3949/3949/3949 3947/3947/3947
f 3953/3953/3953 3952/3952/3952 3951/3951/3951
f 3954/3954/3954 3953/3953/3953 3951/3951/3951
f 3957/3957/3957 3956/3956/3956 3955/3955/3955
f 3958/3958/3958 3957/3957/3957 3955/3955/3955
f 3961/3961/3961 3960/3960/3960 3959/3959/3959
f 3962/3962/3962 3961/3961/3961 3959/3959/3959
f 3965/3965/3965 3964/3964/3964 3963/3963/3963
f 3966/3966/3966 3965/3965/3965 3963/3963/3963
f 3969/3969/3969 3968/3968/3968 3967/3967/3967
f 3970/3970/3970 3969/3969/3969 3967/3967/3967
f 3973/3973/3973 3972/3972/3972 3971/3971/3971
f 3974/3974/3974 3973/3973/3973 3971/3971/3971
f 3977/3977/3977 3976/3976/3976 3975/3975/3975
f 3978/3978/3978 3977/3977/3977 3975/3975/3975
f 3981/3981/3981 3980/3980/3980 3979/3979/3979
f 3982/3982/3982 3981/3981/3981 3979/3979/3979
f 3985/3985/3985 3984/3984/3984 3983/3983/3983
f 3986/3986/3986 3985/3985/3985 3983/3983/3983
f 3989/3989/3989 3988/3988/3988 3987/3987/3987
f 3990/3990/3990 3989/3989/3989 3987/3987/3987
f 3993/3993/3993 3992/3992/3992 3991/3991/3991
f 3994/3994/3994 3993/3993/3993 3991/3991/3991
f 3997/3997/3997 3996/3996/3996 3995/3995/3995
f 3998/3998/3998 3997/3997/3997 3995/3995/3995
f 4001/4001/4001 4000/4000/4000 3999/3999/3999
f 4002/4002/4002 4001/4001/4001 3999/3999/3999
f 4005/4005/4005 4004/4004/4004 4003/4003/4003
f 4006/4006/4006 4005/4005/4005 4003/4003/4003
f 4009/4009/4009 4008/4008/4008 4007/4007/4007
f 4010/4010/4010 4009/4009/4009 4007/4007/4007
f 4013/4013/4013 4012/4012/4012 4011/4011/4011
f 4014/4014/4014 4013/4013/4013 4011/4011/4011
f 4017/4017/4017 4016/4016/4016 4015/4015/4015
f 4018/4018/4018 4017/4017/4017 4015/4015/4015
f 4021/4021/4021 4020/4020/4020 4019/4019/4019
f 4022/4022/4022 4021/4021/4021 4019/4019/4019
f 4025/4025/4025 4024/4024/4024 4023/4023/4023
f 4026/4026/4026 4025/4025/4025 4023/4023/4023
f 4029/4029/4029 4028/4028/4028 4027/4027/4027
f 4030/4030/4030 4029/4029/4029 4027/4027/4027
f 4033/4033/4033 4032/4032/4032 4031/4031/4031
f 4034/4034/4034 4033/4033/4033 4031/4031/4031
f 4037/4037/4037 4036/4036/4036 4035/4035/4035
f 4038/4038/4038 4037/4037/4037 4035/4035/4035
f 4041/4041/4041 4040/4040/4040 4039/4039/4039
f 4042/4042/4042 4041/4041/4041 4039/4039/4039
f 4045/4045/4045 4044/4044/4044 4043/4043/4043
f 4046/4046/4046 4045/4045/4045 4043/4043/4043
f 4049/4049/4049 4048/4048/4048 4047/4047/4047
f 4050/4050/4050 4049/4049/4049 4047/4047/4047
f 4053/4053/4053 4052/4052/4052 4051/4051/4051
f 4054/4054/4054 4053/4053/4053 4051/4051/4051
f 4057/4057/4057 4056/4056/4056 4055/4055/4055
f 4058/4058/4058 4057/4057/4057 4055/4055/4055
f 4061/4061/4061 4060/4060/4060 4059/4059/4059
f 4062/4062/4062 4061/4061/4061 4059/4059/4059
f 4065/4065/4065 4064/4064/4064 4063/4063/4063
f 4066/4066/4066 4065/4065/4065 4063/4063/4063
f 4066/4066/4066 4063/4063/4063 4067/4067/4067
f 4068/4068/4068 4066/4066/4066 4067/4067/4067
f 4068/4068/4068 4067/4067/4067 4069/4069/4069
f 4070/4070/4070 4068/4068/4068 4069/4069/4069
f 4073/4073/4073 4072/4072/4072 4071/4071/4071
f 4074/4074/4074 4073/4073/4073 4071/4071/4071
f 4077/4077/4077 4076/4076/4076 4075/4075/4075
f 4078/4078/4078 4077/4077/4077 4075/4075/4075
f 4078/4078/4078 4075/4075/4075 4079/4079/4079
f 4080/4080/4080 4078/4078/4078 4079/4079/4079
f 4080/4080/4080 4079/4079/4079 4081/4081/4081
f 4082/4082/4082 4080/4080/4080 4081/4081/4081
f 4085/4085/4085 4084/4084/4084 4083/4083/4083
f 4086/4086/4086 4085/4085/4085 4083/4083/4083
f 4089/4089/4089 4088/4088/4088 4087/4087/4087
f 4090/4090/4090 4089/4089/4089 4087/4087/4087
f 4090/4090/4090 4087/4087/4087 4091/4091/4091
f 4092/4092/4092 4090/4090/4090 4091/4091/4091
f 4092/4092/4092 4091/4091/4091 4093/4093/4093
f 4094/4094/4094 4092/4092/4092 4093/4093/4093
f 4097/4097/4097 4096/4096/4096 4095/4095/4095
f 4098/4098/4098 4097/4097/4097 4095/4095/4095
f 4098/4098/4098 4095/4095/4095 4099/4099/4099
f 4100/4100/4100 4098/4098/4098 4099/4099/4099
f 4100/4100/4100 4099/4099/4099 4101/4101/4101
f 4102/4102/4102 4100/4100/4100 4101/4101/4101
f 4105/4105/4105 4104/4104/4104 4103/4103/4103
f 4106/4106/4106 4105/4105/4105 4103/4103/4103
f 4106/4106/4106 4103/4103/4103 4107/4107/4107
f 4108/4108/4108 4106/4106/4106 4107/4107/4107
f 4111/4111/4111 4110/4110/4110 4109/4109/4109
f 4112/4112/4112 4111/4111/4111 4109/4109/4109
f 4115/4115/4115 4114/4114/4114 4113/4113/4113
f 4116/4116/4116 4115/4115/4115 4113/4113/4113
f 4116/4116/4116 4113/4113/4113 4117/4117/4117
f 4118/4118/4118 4116/4116/4116 4117/4117/4117
f 4121/4121/4121 4120/4120/4120 4119/4119/4119
f 4122/4122/4122 4121/4121/4121 4119/4119/4119
f 4125/4125/4125 4124/4124/4124 4123/4123/4123
f 4126/4126/4126 4125/4125/4125 4123/4123/4123
f 4126/4126/4126 4123/4123/4123 4127/4127/4127
f 4128/4128/4128 4126/4126/4126 4127/4127/4127
f 4131/4131/4131 4130/4130/4130 4129/4129/4129
f 4132/4132/4132 4131/4131/4131 4129/4129/4129
f 4132/4132/4132 4129/4129/4129 4133/4133/4133
f 4134/4134/4134 4132/4132/4132 4133/4133/4133
f 4137/4137/4137 4136/4136/4136 4135/4135/4135
f 4138/4138/4138 4137/4137/4137 4135/4135/4135
f 4141/4141/4141 4140/4140/4140 4139/4139/4139
f 4142/4142/4142 4141/4141/4141 4139/4139/4139
f 4145/4145/4145 4144/4144/4144 4143/4143/4143
f 4146/4146/4146 4145/4145/4145 4143/4143/4143
f 4149/4149/4149 4148/4148/4148 4147/4147/4147
f 4150/4150/4150 4149/4149/4149 4147/4147/4147
f 4153/4153/4153 4152/4152/4152 4151/4151/4151
f 4154/4154/4154 4153/4153/4153 4151/4151/4151
f 4157/4157/4157 4156/4156/4156 4155/4155/4155
f 4158/4158/4158 4157/4157/4157 4155/4155/4155
f 4161/4161/4161 4160/4160/4160 4159/4159/4159
f 4162/4162/4162 4161/4161/4161 4159/4159/4159
f 4165/4165/4165 4164/4164/4164 4163/4163/4163
f 4166/4166/4166 4165/4165/4165 4163/4163/4163
f 4169/4169/4169 4168/4168/4168 4167/4167/4167
f 4170/4170/4170 4169/4169/4169 4167/4167/4167
f 4173/4173/4173 4172/4172/4172 4171/4171/4171
f 4174/4174/4174 4173/4173/4173 4171/4171/4171
f 4177/4177/4177 4176/4176/4176 4175/4175/4175
f 4178/4178/4178 4177/4177/4177 4175/4175/4175
f 4181/4181/4181 4180/4180/4180 4179/4179/4179
f 4182/4182/4182 4181/4181/4181 4179/4179/4179
f 4185/4185/4185 4184/4184/4184 4183/4183/4183
f 4186/4186/4186 4185/4185/4185 4183/4183/4183
f 4186/4186/4186 4183/4183/4183 4187/4187/4187
f 4188/4188/4188 4186/4186/4186 4187/4187/4187
f 4191/4191/4191 4190/4190/4190 4189/4189/4189
f 4192/4192/4192 4191/4191/4191 4189/4189/4189
f 4195/4195/4195 4194/4194/4194 4193/4193/4193
f 4196/4196/4196 4195/4195/4195 4193/4193/4193
f 4196/4196/4196 4193/4193/4193 4197/4197/4197
f 4198/4198/4198 4196/4196/4196 4197/4197/4197
f 4201/4201/4201 4200/4200/4200 4199/4199/4199
f 4202/4202/4202 4201/4201/4201 4199/4199/4199
f 4205/4205/4205 4204/4204/4204 4203/4203/4203
f 4206/4206/4206 4205/4205/4205 4203/4203/4203
f 4206/4206/4206 4203/4203/4203 4207/4207/4207
f 4208/4208/4208 4206/4206/4206 4207/4207/4207
f 4211/4211/4211 4210/4210/4210 4209/4209/4209
f 4212/4212/4212 4211/4211/4211 4209/4209/4209
f 4212/4212/4212 4209/4209/4209 4213/4213/4213
f 4214/4214/4214 4212/4212/4212 4213/4213/4213
f 4217/4217/4217 4216/4216/4216 4215/4215/4215
f 4218/4218/4218 4217/4217/4217 4215/4215/4215
f 4221/4221/4221 4220/4220/4220 4219/4219/4219
f 4222/4222/4222 4221/4221/4221 4219/4219/4219
f 4225/4225/4225 4224/4224/4224 4223/4223/4223
f 4226/4226/4226 4225/4225/4225 4223/4223/4223
f 4229/4229/4229 4228/4228/4228 4227/4227/4227
f 4230/4230/4230 4229/4229/4229 4227/4227/4227
f 4233/4233/4233 4232/4232/4232 4231/4231/4231
f 4234/4234/4234 4233/4233/4233 4231/4231/4231
f 4237/4237/4237 4236/4236/4236 4235/4235/4235
f 4238/4238/4238 4237/4237/4237 4235/4235/4235
f 4241/4241/4241 4240/4240/4240 4239/4239/4239
f 4242/4242/4242 4241/4241/4241 4239/4239/4239
f 4245/4245/4245 4244/4244/4244 4243/4243/4243
f 4246/4246/4246 4245/4245/4245 4243/4243/4243
f 4249/4249/4249 4248/4248/4248 4247/4247/4247
f 4250/4250/4250 4249/4249/4249 4247/4247/4247
f 4253/4253/4253 4252/4252/4252 4251/4251/4251
f 4254/4254/4254 4253/4253/4253 4251/4251/4251
f 4257/4257/4257 4256/4256/4256 4255/4255/4255
f 4258/4258/4258 4257/4257/4257 4255/4255/4255
f 4261/4261/4261 4260/4260/4260 4259/4259/4259
f 4262/4262/4262 4261/4261/4261 4259/4259/4259
f 4265/4265/4265 4264/4264/4264 4263/4263/4263
f 4266/4266/4266 4265/4265/4265 4263/4263/4263
f 4269/4269/4269 4268/4268/4268 4267/4267/4267
f 4270/4270/4270 4269/4269/4269 4267/4267/4267
f 4273/4273/4273 4272/4272/4272 4271/4271/4271
f 4274/4274/4274 4273/4273/4273 4271/4271/4271
f 4277/4277/4277 4276/4276/4276 4275/4275/4275
f 4278/4278/4278 4277/4277/4277 4275/4275/4275
f 4281/4281/4281 4280/4280/4280 4279/4279/4279
f 4282/4282/4282 4281/4281/4281 4279/4279/4279
f 4285/4285/4285 4284/4284/4284 4283/4283/4283
f 4286/4286/4286 4285/4285/4285 4283/4283/4283
f 4289/4289/4289 4288/4288/4288 4287/4287/4287
f 4290/4290/4290 4289/4289/4289 4287/4287/4287
f 4293/4293/4293 4292/4292/4292 4291/4291/4291
f 4294/4294/4294 4293/4293/4293 4291/4291/4291
f 4297/4297/4297 4296/4296/4296 4295/4295/4295
f 4298/4298/4298 4297/4297/4297 4295/4295/4295
f 4301/4301/4301 4300/4300/4300 4299/4299/4299
f 4302/4302/4302 4301/4301/4301 4299/4299/4299
f 4305/4305/4305 4304/4304/4304 4303/4303/4303
f 4306/4306/4306 4305/4305/4305 4303/4303/4303
f 4309/4309/4309 4308/4308/4308 4307/4307/4307
f 4310/4310/4310 4309/4309/4309 4307/4307/4307
f 4313/4313/4313 4312/4312/4312 4311/4311/4311
f 4314/4314/4314 4313/4313/4313 4311/4311/4311
f 4317/4317/4317 4316/4316/4316 4315/4315/4315
f 4318/4318/4318 4317/4317/4317 4315/4315/4315
f 4321/4321/4321 4320/4320/4320 4319/4319/4319
f 4322/4322/4322 4321/4321/4321 4319/4319/4319
f 4325/4325/4325 4324/4324/4324 4323/4323/4323
f 4326/4326/4326 4325/4325/4325 4323/4323/4323
f 4329/4329/4329 4328/4328/4328 4327/4327/4327
f 4330/4330/4330 4329/4329/4329 4327/4327/4327
f 4333/4333/4333 4332/4332/4332 4331/4331/4331
f 4334/4334/4334 4333/4333/4333 4331/4331/4331
f 4337/4337/4337 4336/4336/4336 4335/4335/4335
f 4338/4338/4338 4337/4337/4337 4335/4335/4335
f 4341/4341/4341 4340/4340/4340 4339/4339/4339
f 4342/4342/4342 4341/4341/4341 4339/4339/4339
f 4345/4345/4345 4344/4344/4344 4343/4343/4343
f 4346/4346/4346 4345/4345/4345 4343/4343/4343
f 4349/4349/4349 4348/4348/4348 4347/4347/4347
f 4350/4350/4350 4349/4349/4349 4347/4347/4347
f 4353/4353/4353 4352/4352/4352 4351/4351/4351
f 4354/4354/4354 4353/4353/4353 4351/4351/4351
f 4357/4357/4357 4356/4356/4356 4355/4355/4355
f 4358/4358/4358 4357/4357/4357 4355/4355/4355
f 4361/4361/4361 4360/4360/4360 4359/4359/4359
f 4362/4362/4362 4361/4361/4361 4359/4359/4359
f 4362/4362/4362 4359/4359/4359 4363/4363/4363
f 4364/4364/4364 4362/4362/4362 4363/4363/4363
f 4364/4364/4364 4363/4363/4363 4365/4365/4365
f 4366/4366/4366 4364/4364/4364 4365/4365/4365
f 4369/4369/4369 4368/4368/4368 4367/4367/4367
f 4370/4370/4370 4369/4369/4369 4367/4367/4367
f 4373/4373/4373 4372/4372/4372 4371/4371/4371
f 4374/4374/4374 4373/4373/4373 4371/4371/4371
f 4374/4374/4374 4371/4371/4371 4375/4375/4375
f 4376/4376/4376 4374/4374/4374 4375/4375/4375
f 4376/4376/4376 4375/4375/4375 4377/4377/4377
f 4378/4378/4378 4376/4376/4376 4377/4377/4377
f 4381/4381/4381 4380/4380/4380 4379/4379/4379
f 4382/4382/4382 4381/4381/4381 4379/4379/4379
f 4385/4385/4385 4384/4384/4384 4383/4383/4383
f 4386/4386/4386 4385/4385/4385 4383/4383/4383
f 4386/4386/4386 4383/4383/4383 4387/4387/4387
f 4388/4388/4388 4386/4386/4386 4387/4387/4387
f 4388/4388/4388 4387/4387/4387 4389/4389/4389
f 4390/4390/4390 4388/4388/4388 4389/4389/4389
f 4393/4393/4393 4392/4392/4392 4391/4391/4391
f 4394/4394/4394 4393/4393/4393 4391/4391/4391
f 4394/4394/4394 4391/4391/4391 4395/4395/4395
f 4396/4396/4396 4394/4394/4394 4395/4395/4395
f 4396/4396/4396 4395/4395/4395 4397/4397/4397
f 4398/4398/4398 4396/4396/4396 4397/4397/4397
f 4401/4401/4401 4400/4400/4400 4399/4399/4399
f 4402/4402/4402 4401/4401/4401 4399/4399/4399
f 4402/4402/4402 4399/4399/4399 4403/4403/4403
f 4404/4404/4404 4402/4402/4402 4403/4403/4403
f 4407/4407/4407 4406/4406/4406 4405/4405/4405
f 4408/4408/4408 4407/4407/4407 4405/4405/4405
f 4411/4411/4411 4410/4410/4410 4409/4409/4409
f 4412/4412/4412 4411/4411/4411 4409/4409/4409
f 4412/4412/4412 4409/4409/4409 4413/4413/4413
f 4414/4414/4414 4412/4412/4412 4413/4413/4413
f 4417/4417/4417 4416/4416/4416 4415/4415/4415
f 4418/4418/4418 4417/4417/4417 4415/4415/4415
f 4421/4421/4421 4420/4420/4420 4419/4419/4419
f 4422/4422/4422 4421/4421/4421 4419/4419/4419
f 4422/4422/4422 4419/4419/4419 4423/4423/4423
f 4424/4424/4424 4422/4422/4422 4423/4423/4423
f 4427/4427/4427 4426/4426/4426 4425/4425/4425
f 4428/4428/4428 4427/4427/4427 4425/4425/4425
f 4428/4428/4428 4425/4425/4425 4429/4429/4429
f 4430/4430/4430 4428/4428/4428 4429/4429/4429
f 4433/4433/4433 4432/4432/4432 4431/4431/4431
f 4434/4434/4434 4433/4433/4433 4431/4431/4431
f 4437/4437/4437 4436/4436/4436 4435/4435/4435
f 4438/4438/4438 4437/4437/4437 4435/4435/4435
f 4441/4441/4441 4440/4440/4440 4439/4439/4439
f 4442/4442/4442 4441/4441/4441 4439/4439/4439
f 4445/4445/4445 4444/4444/4444 4443/4443/4443
f 4446/4446/4446 4445/4445/4445 4443/4443/4443
f 4449/4449/4449 4448/4448/4448 4447/4447/4447
f 4450/4450/4450 4449/4449/4449 4447/4447/4447
f 4453/4453/4453 4452/4452/4452 4451/4451/4451
f 4454/4454/4454 4453/4453/4453 4451/4451/4451
f 4457/4457/4457 4456/4456/4456 4455/4455/4455
f 4458/4458/4458 4457/4457/4457 4455/4455/4455
f 4461/4461/4461 4460/4460/4460 4459/4459/4459
f 4462/4462/4462 4461/4461/4461 4459/4459/4459
f 4465/4465/4465 4464/4464/4464 4463/4463/4463
f 4466/4466/4466 4465/4465/4465 4463/4463/4463
f 4469/4469/4469 4468/4468/4468 4467/4467/4467
f 4470/4470/4470 4469/4469/4469 4467/4467/4467
f 4473/4473/4473 4472/4472/4472 4471/4471/4471
f 4474/4474/4474 4473/4473/4473 4471/4471/4471
f 4477/4477/4477 4476/4476/4476 4475/4475/4475
f 4478/4478/4478 4477/4477/4477 4475/4475/4475
f 4481/4481/4481 4480/4480/4480 4479/4479/4479
f 4482/4482/4482 4481/4481/4481 4479/4479/4479
f 4482/4482/4482 4479/4479/4479 4483/4483/4483
f 4484/4484/4484 4482/4482/4482 4483/4483/4483
f 4487/4487/4487 4486/4486/4486 4485/4485/4485
f 4488/4488/4488 4487/4487/4487 4485/4485/4485
f 4491/4491/4491 4490/4490/4490 4489/4489/4489
f 4492/4492/4492 4491/4491/4491 4489/4489/4489
f 4492/4492/4492 4489/4489/4489 4493/4493/4493
f 4494/4494/4494 4492/4492/4492 4493/4493/4493
f 4497/4497/4497 4496/4496/4496 4495/4495/4495
f 4498/4498/4498 4497/4497/4497 4495/4495/4495
f 4501/4501/4501 4500/4500/4500 4499/4499/4499
f 4502/4502/4502 4501/4501/4501 4499/4499/4499
f 4502/4502/4502 4499/4499/4499 4503/4503/4503
f 4504/4504/4504 4502/4502/4502 4503/4503/4503
f 4507/4507/4507 4506/4506/4506 4505/4505/4505
f 4508/4508/4508 4507/4507/4507 4505/4505/4505
f 4508/4508/4508 4505/4505/4505 4509/4509/4509
f 4510/4510/4510 4508/4508/4508 4509/4509/4509
f 4513/4513/4513 4512/4512/4512 4511/4511/4511
f 4514/4514/4514 4513/4513/4513 4511/4511/4511
f 4517/4517/4517 4516/4516/4516 4515/4515/4515
f 4518/4518/4518 4517/4517/4517 4515/4515/4515
f 4521/4521/4521 4520/4520/4520 4519/4519/4519
f 4522/4522/4522 4521/4521/4521 4519/4519/4519
f 4525/4525/4525 4524/4524/4524 4523/4523/4523
f 4526/4526/4526 4525/4525/4525 4523/4523/4523
f 4529/4529/4529 4528/4528/4528 4527/4527/4527
f 4530/4530/4530 4529/4529/4529 4527/4527/4527
f 4533/4533/4533 4532/4532/4532 4531/4531/4531
f 4534/4534/4534 4533/4533/4533 4531/4531/4531
f 4537/4537/4537 4536/4536/4536 4535/4535/4535
f 4538/4538/4538 4537/4537/4537 4535/4535/4535
f 4541/4541/4541 4540/4540/4540 4539/4539/4539
f 4542/4542/4542 4541/4541/4541 4539/4539/4539
f 4545/4545/4545 4544/4544/4544 4543/4543/4543
f 4546/4546/4546 4545/4545/4545 4543/4543/4543
f 4549/4549/4549 4548/4548/4548 4547/4547/4547
f 4550/4550/4550 4549/4549/4549 4547/4547/4547
f 4553/4553/4553 4552/4552/4552 4551/4551/4551
f 4554/4554/4554 4553/4553/4553 4551/4551/4551
f 4557/4557/4557 4556/4556/4556 4555/4555/4555
f 4558/4558/4558 4557/4557/4557 4555/4555/4555
f 4561/4561/4561 4560/4560/4560 4559/4559/4559
f 4562/4562/4562 4561/4561/4561 4559/4559/4559
f 4565/4565/4565 4564/4564/4564 4563/4563/4563
f 4566/4566/4566 4565/4565/4565 4563/4563/4563
f 4569/4569/4569 4568/4568/4568 4567/4567/4567
f 4570/4570/4570 4569/4569/4569 4567/4567/4567
f 4573/4573/4573 4572/4572/4572 4571/4571/4571
f 4574/4574/4574 4573/4573/4573 4571/4571/4571
f 4577/4577/4577 4576/4576/4576 4575/4575/4575
f 4578/4578/4578 4577/4577/4577 4575/4575/4575
f 4581/4581/4581 4580/4580/4580 4579/4579/4579
f 4582/4582/4582 4581/4581/4581 4579/4579/4579
f 4585/4585/4585 4584/4584/4584 4583/4583/4583
f 4586/4586/4586 4585/4585/4585 4583/4583/4583
f 4589/4589/4589 4588/4588/4588 4587/4587/4587
f 4590/4590/4590 4589/4589/4589 4587/4587/4587
f 4593/4593/4593 4592/4592/4592 4591/4591/4591
f 4594/4594/4594 4593/4593/4593 4591/4591/4591
f 4597/4597/4597 4596/4596/4596 4595/4595/4595
f 4598/4598/4598 4597/4597/4597 4595/4595/4595
f 4601/4601/4601 4600/4600/4600 4599/4599/4599
f 4602/4602/4602 4601/4601/4601 4599/4599/4599
f 4605/4605/4605 4604/4604/4604 4603/4603/4603
f 4606/4606/4606 4605/4605/4605 4603/4603/4603
f 4609/4609/4609 4608/4608/4608 4607/4607/4607
f 4608/4608/4608 4610/4610/4610 4607/4607/4607
f 4612/4612/4612 4610/4610/4610 4611/4611/4611
f 4611/4611/4611 4613/4613/4613 4612/4612/4612
f 4613/4613/4613 4611/4611/4611 4614/4614/4614
f 4611/4611/4611 4615/4615/4615 4614/4614/4614
f 4614/4614/4614 4616/4616/4616 4613/4613/4613
f 4616/4616/4616 4614/4614/4614 4617/4617/4617
f 4614/4614/4614 4618/4618/4618 4617/4617/4617
f 4614/4614/4614 4619/4619/4619 4618/4618/4618
f 4616/4616/4616 4617/4617/4617 4620/4620/4620
f 4621/4621/4621 4616/4616/4616 4620/4620/4620
f 4620/4620/4620 4622/4622/4622 4621/4621/4621
f 4624/4624/4624 4618/4618/4618 4623/4623/4623
f 4623/4623/4623 4625/4625/4625 4624/4624/4624
f 4623/4623/4623 4626/4626/4626 4625/4625/4625
f 4625/4625/4625 4626/4626/4626 4627/4627/4627
f 4628/4628/4628 4625/4625/4625 4627/4627/4627
f 4630/4630/4630 4620/4620/4620 4629/4629/4629
f 4631/4631/4631 4630/4630/4630 4629/4629/4629
f 4631/4631/4631 4629/4629/4629 4632/4632/4632
f 4633/4633/4633 4631/4631/4631 4632/4632/4632
f 4635/4635/4635 4634/4634/4634 4633/4633/4633
f 4636/4636/4636 4635/4635/4635 4633/4633/4633
f 4635/4635/4635 4637/4637/4637 4634/4634/4634
f 4637/4637/4637 4638/4638/4638 4634/4634/4634
f 4639/4639/4639 4637/4637/4637 4635/4635/4635
f 4640/4640/4640 4639/4639/4639 4635/4635/4635
f 4640/4640/4640 4635/4635/4635 4636/4636/4636
f 4641/4641/4641 4640/4640/4640 4636/4636/4636
f 4644/4644/4644 4643/4643/4643 4642/4642/4642
f 4642/4642/4642 4645/4645/4645 4644/4644/4644
f 4642/4642/4642 4646/4646/4646 4645/4645/4645
f 4649/4649/4649 4648/4648/4648 4647/4647/4647
f 4649/4649/4649 4647/4647/4647 4650/4650/4650
f 4649/4649/4649 4650/4650/4650 4651/4651/4651
f 4651/4651/4651 4650/4650/4650 4652/4652/4652
f 4653/4653/4653 4649/4649/4649 4651/4651/4651
f 4653/4653/4653 4651/4651/4651 4654/4654/4654
f 4654/4654/4654 4655/4655/4655 4653/4653/4653
f 4655/4655/4655 4654/4654/4654 4656/4656/4656
f 4657/4657/4657 4655/4655/4655 4656/4656/4656
f 4656/4656/4656 4659/4659/4659 4658/4658/4658
f 4660/4660/4660 4656/4656/4656 4658/4658/4658
f 4658/4658/4658 4662/4662/4662 4661/4661/4661
f 4662/4662/4662 4663/4663/4663 4661/4661/4661
f 4666/4666/4666 4665/4665/4665 4664/4664/4664
f 4667/4667/4667 4666/4666/4666 4664/4664/4664
f 4668/4668/4668 4667/4667/4667 4664/4664/4664
f 4669/4669/4669 4668/4668/4668 4664/4664/4664
f 4672/4672/4672 4671/4671/4671 4670/4670/4670
f 4673/4673/4673 4672/4672/4672 4670/4670/4670
f 4676/4676/4676 4675/4675/4675 4674/4674/4674
f 4676/4676/4676 4674/4674/4674 4677/4677/4677
f 4677/4677/4677 4674/4674/4674 4678/4678/4678
f 4679/4679/4679 4677/4677/4677 4678/4678/4678
f 4677/4677/4677 4680/4680/4680 4676/4676/4676
f 4681/4681/4681 4676/4676/4676 4680/4680/4680
f 4682/4682/4682 4681/4681/4681 4680/4680/4680
f 4680/4680/4680 4683/4683/4683 4682/4682/4682
f 4684/4684/4684 4681/4681/4681 4682/4682/4682
f 4685/4685/4685 4684/4684/4684 4682/4682/4682
f 4688/4688/4688 4687/4687/4687 4686/4686/4686
f 4689/4689/4689 4688/4688/4688 4686/4686/4686
f 4692/4692/4692 4691/4691/4691 4690/4690/4690
f 4691/4691/4691 4693/4693/4693 4690/4690/4690
f 4696/4696/4696 4695/4695/4695 4694/4694/4694
f 4697/4697/4697 4696/4696/4696 4694/4694/4694
f 4700/4700/4700 4699/4699/4699 4698/4698/4698
f 4701/4701/4701 4700/4700/4700 4698/4698/4698
f 4704/4704/4704 4703/4703/4703 4702/4702/4702
f 4705/4705/4705 4704/4704/4704 4702/4702/4702
f 4708/4708/4708 4707/4707/4707 4706/4706/4706
f 4709/4709/4709 4708/4708/4708 4706/4706/4706
f 4712/4712/4712 4711/4711/4711 4710/4710/4710
f 4713/4713/4713 4712/4712/4712 4710/4710/4710
f 4716/4716/4716 4715/4715/4715 4714/4714/4714
f 4717/4717/4717 4716/4716/4716 4714/4714/4714
f 4720/4720/4720 4719/4719/4719 4718/4718/4718
f 4721/4721/4721 4720/4720/4720 4718/4718/4718
f 4724/4724/4724 4723/4723/4723 4722/4722/4722
f 4725/4725/4725 4724/4724/4724 4722/4722/4722
f 4728/4728/4728 4727/4727/4727 4726/4726/4726
f 4729/4729/4729 4728/4728/4728 4726/4726/4726
f 4732/4732/4732 4731/4731/4731 4730/4730/4730
f 4733/4733/4733 4732/4732/4732 4730/4730/4730
f 4736/4736/4736 4735/4735/4735 4734/4734/4734
f 4737/4737/4737 4736/4736/4736 4734/4734/4734
f 4740/4740/4740 4739/4739/4739 4738/4738/4738
f 4741/4741/4741 4740/4740/4740 4738/4738/4738
f 4744/4744/4744 4743/4743/4743 4742/4742/4742
f 4745/4745/4745 4744/4744/4744 4742/4742/4742
f 4748/4748/4748 4747/4747/4747 4746/4746/4746
f 4749/4749/4749 4748/4748/4748 4746/4746/4746
f 4752/4752/4752 4751/4751/4751 4750/4750/4750
f 4753/4753/4753 4752/4752/4752 4750/4750/4750
f 4756/4756/4756 4755/4755/4755 4754/4754/4754
f 4757/4757/4757 4756/4756/4756 4754/4754/4754
f 4760/4760/4760 4759/4759/4759 4758/4758/4758
f 4759/4759/4759 4761/4761/4761 4758/4758/4758
f 4758/4758/4758 4761/4761/4761 4762/4762/4762
f 4761/4761/4761 4763/4763/4763 4762/4762/4762
f 4762/4762/4762 4763/4763/4763 4764/4764/4764
f 4763/4763/4763 4765/4765/4765 4764/4764/4764
f 4768/4768/4768 4767/4767/4767 4766/4766/4766
f 4769/4769/4769 4768/4768/4768 4766/4766/4766
f 4772/4772/4772 4771/4771/4771 4770/4770/4770
f 4771/4771/4771 4773/4773/4773 4770/4770/4770
f 4770/4770/4770 4773/4773/4773 4774/4774/4774
f 4773/4773/4773 4775/4775/4775 4774/4774/4774
f 4774/4774/4774 4775/4775/4775 4776/4776/4776
f 4775/4775/4775 4777/4777/4777 4776/4776/4776
f 4780/4780/4780 4779/4779/4779 4778/4778/4778
f 4781/4781/4781 4780/4780/4780 4778/4778/4778
f 4784/4784/4784 4783/4783/4783 4782/4782/4782
f 4783/4783/4783 4785/4785/4785 4782/4782/4782
f 4782/4782/4782 4785/4785/4785 4786/4786/4786
f 4785/4785/4785 4787/4787/4787 4786/4786/4786
f 4786/4786/4786 4787/4787/4787 4788/4788/4788
f 4787/4787/4787 4789/4789/4789 4788/4788/4788
f 4792/4792/4792 4791/4791/4791 4790/4790/4790
f 4791/4791/4791 4793/4793/4793 4790/4790/4790
f 4790/4790/4790 4793/4793/4793 4794/4794/4794
f 4793/4793/4793 4795/4795/4795 4794/4794/4794
f 4794/4794/4794 4795/4795/4795 4796/4796/4796
f 4795/4795/4795 4797/4797/4797 4796/4796/4796
f 4800/4800/4800 4799/4799/4799 4798/4798/4798
f 4799/4799/4799 4801/4801/4801 4798/4798/4798
f 4798/4798/4798 4801/4801/4801 4802/4802/4802
f 4801/4801/4801 4803/4803/4803 4802/4802/4802
f 4806/4806/4806 4805/4805/4805 4804/4804/4804
f 4807/4807/4807 4806/4806/4806 4804/4804/4804
f 4810/4810/4810 4809/4809/4809 4808/4808/4808
f 4809/4809/4809 4811/4811/4811 4808/4808/4808
f 4808/4808/4808 4811/4811/4811 4812/4812/4812
f 4811/4811/4811 4813/4813/4813 4812/4812/4812
f 4816/4816/4816 4815/4815/4815 4814/4814/4814
f 4817/4817/4817 4816/4816/4816 4814/4814/4814
f 4820/4820/4820 4819/4819/4819 4818/4818/4818
f 4819/4819/4819 4821/4821/4821 4818/4818/4818
f 4818/4818/4818 4821/4821/4821 4822/4822/4822
f 4821/4821/4821 4823/4823/4823 4822/4822/4822
f 4826/4826/4826 4825/4825/4825 4824/4824/4824
f 4825/4825/4825 4827/4827/4827 4824/4824/4824
f 4824/4824/4824 4827/4827/4827 4828/4828/4828
f 4827/4827/4827 4829/4829/4829 4828/4828/4828
f 4832/4832/4832 4831/4831/4831 4830/4830/4830
f 4833/4833/4833 4832/4832/4832 4830/4830/4830
f 4836/4836/4836 4835/4835/4835 4834/4834/4834
f 4837/4837/4837 4836/4836/4836 4834/4834/4834
f 4840/4840/4840 4839/4839/4839 4838/4838/4838
f 4841/4841/4841 4840/4840/4840 4838/4838/4838
f 4844/4844/4844 4843/4843/4843 4842/4842/4842
f 4845/4845/4845 4844/4844/4844 4842/4842/4842
f 4848/4848/4848 4847/4847/4847 4846/4846/4846
f 4849/4849/4849 4848/4848/4848 4846/4846/4846
f 4852/4852/4852 4851/4851/4851 4850/4850/4850
f 4853/4853/4853 4852/4852/4852 4850/4850/4850
f 4856/4856/4856 4855/4855/4855 4854/4854/4854
f 4857/4857/4857 4856/4856/4856 4854/4854/4854
f 4860/4860/4860 4859/4859/4859 4858/4858/4858
f 4861/4861/4861 4860/4860/4860 4858/4858/4858
f 4864/4864/4864 4863/4863/4863 4862/4862/4862
f 4865/4865/4865 4864/4864/4864 4862/4862/4862
f 4868/4868/4868 4867/4867/4867 4866/4866/4866
f 4869/4869/4869 4868/4868/4868 4866/4866/4866
f 4872/4872/4872 4871/4871/4871 4870/4870/4870
f 4873/4873/4873 4872/4872/4872 4870/4870/4870
f 4876/4876/4876 4875/4875/4875 4874/4874/4874
f 4877/4877/4877 4876/4876/4876 4874/4874/4874
f 4880/4880/4880 4879/4879/4879 4878/4878/4878
f 4879/4879/4879 4881/4881/4881 4878/4878/4878
f 4878/4878/4878 4881/4881/4881 4882/4882/4882
f 4881/4881/4881 4883/4883/4883 4882/4882/4882
f 4886/4886/4886 4885/4885/4885 4884/4884/4884
f 4887/4887/4887 4886/4886/4886 4884/4884/4884
f 4890/4890/4890 4889/4889/4889 4888/4888/4888
f 4889/4889/4889 4891/4891/4891 4888/4888/4888
f 4888/4888/4888 4891/4891/4891 4892/4892/4892
f 4891/4891/4891 4893/4893/4893 4892/4892/4892
f 4896/4896/4896 4895/4895/4895 4894/4894/4894
f 4897/4897/4897 4896/4896/4896 4894/4894/4894
f 4900/4900/4900 4899/4899/4899 4898/4898/4898
f 4899/4899/4899 4901/4901/4901 4898/4898/4898
f 4898/4898/4898 4901/4901/4901 4902/4902/4902
f 4901/4901/4901 4903/4903/4903 4902/4902/4902
f 4906/4906/4906 4905/4905/4905 4904/4904/4904
f 4905/4905/4905 4907/4907/4907 4904/4904/4904
f 4904/4904/4904 4907/4907/4907 4908/4908/4908
f 4907/4907/4907 4909/4909/4909 4908/4908/4908
f 4912/4912/4912 4911/4911/4911 4910/4910/4910
f 4913/4913/4913 4912/4912/4912 4910/4910/4910
f 4916/4916/4916 4915/4915/4915 4914/4914/4914
f 4917/4917/4917 4916/4916/4916 4914/4914/4914
f 4920/4920/4920 4919/4919/4919 4918/4918/4918
f 4921/4921/4921 4920/4920/4920 4918/4918/4918
f 4924/4924/4924 4923/4923/4923 4922/4922/4922
f 4925/4925/4925 4924/4924/4924 4922/4922/4922
f 4928/4928/4928 4927/4927/4927 4926/4926/4926
f 4929/4929/4929 4928/4928/4928 4926/4926/4926
f 4932/4932/4932 4931/4931/4931 4930/4930/4930
f 4933/4933/4933 4932/4932/4932 4930/4930/4930
f 4936/4936/4936 4935/4935/4935 4934/4934/4934
f 4937/4937/4937 4936/4936/4936 4934/4934/4934
f 4940/4940/4940 4939/4939/4939 4938/4938/4938
f 4941/4941/4941 4940/4940/4940 4938/4938/4938
f 4944/4944/4944 4943/4943/4943 4942/4942/4942
f 4945/4945/4945 4944/4944/4944 4942/4942/4942
f 4948/4948/4948 4947/4947/4947 4946/4946/4946
f 4949/4949/4949 4948/4948/4948 4946/4946/4946
f 4952/4952/4952 4951/4951/4951 4950/4950/4950
f 4953/4953/4953 4952/4952/4952 4950/4950/4950
f 4956/4956/4956 4955/4955/4955 4954/4954/4954
f 4957/4957/4957 4956/4956/4956 4954/4954/4954
f 4960/4960/4960 4959/4959/4959 4958/4958/4958
f 4961/4961/4961 4960/4960/4960 4958/4958/4958
f 4964/4964/4964 4963/4963/4963 4962/4962/4962
f 4965/4965/4965 4964/4964/4964 4962/4962/4962
f 4968/4968/4968 4967/4967/4967 4966/4966/4966
f 4969/4969/4969 4968/4968/4968 4966/4966/4966
f 4972/4972/4972 4971/4971/4971 4970/4970/4970
f 4973/4973/4973 4972/4972/4972 4970/4970/4970
f 4976/4976/4976 4975/4975/4975 4974/4974/4974
f 4977/4977/4977 4976/4976/4976 4974/4974/4974
f 4980/4980/4980 4979/4979/4979 4978/4978/4978
f 4981/4981/4981 4980/4980/4980 4978/4978/4978
f 4984/4984/4984 4983/4983/4983 4982/4982/4982
f 4985/4985/4985 4984/4984/4984 4982/4982/4982
f 4988/4988/4988 4987/4987/4987 4986/4986/4986
f 4989/4989/4989 4988/4988/4988 4986/4986/4986
f 4992/4992/4992 4991/4991/4991 4990/4990/4990
f 4993/4993/4993 4992/4992/4992 4990/4990/4990
f 4996/4996/4996 4995/4995/4995 4994/4994/4994
f 4997/4997/4997 4996/4996/4996 4994/4994/4994
f 5000/5000/5000 4999/4999/4999 4998/4998/4998
f 5001/5001/5001 5000/5000/5000 4998/4998/4998
f 5004/5004/5004 5003/5003/5003 5002/5002/5002
f 5005/5005/5005 5004/5004/5004 5002/5002/5002
f 5008/5008/5008 5007/5007/5007 5006/5006/5006
f 5009/5009/5009 5008/5008/5008 5006/5006/5006
f 5012/5012/5012 5011/5011/5011 5010/5010/5010
f 5013/5013/5013 5012/5012/5012 5010/5010/5010
f 5016/5016/5016 5015/5015/5015 5014/5014/5014
f 5017/5017/5017 5016/5016/5016 5014/5014/5014
f 5020/5020/5020 5019/5019/5019 5018/5018/5018
f 5021/5021/5021 5020/5020/5020 5018/5018/5018
f 5024/5024/5024 5023/5023/5023 5022/5022/5022
f 5025/5025/5025 5024/5024/5024 5022/5022/5022
f 5028/5028/5028 5027/5027/5027 5026/5026/5026
f 5029/5029/5029 5028/5028/5028 5026/5026/5026
f 5032/5032/5032 5031/5031/5031 5030/5030/5030
f 5033/5033/5033 5032/5032/5032 5030/5030/5030
f 5036/5036/5036 5035/5035/5035 5034/5034/5034
f 5037/5037/5037 5036/5036/5036 5034/5034/5034
f 5040/5040/5040 5039/5039/5039 5038/5038/5038
f 5041/5041/5041 5040/5040/5040 5038/5038/5038
f 5044/5044/5044 5043/5043/5043 5042/5042/5042
f 5045/5045/5045 5044/5044/5044 5042/5042/5042
f 5048/5048/5048 5047/5047/5047 5046/5046/5046
f 5049/5049/5049 5048/5048/5048 5046/5046/5046
f 5052/5052/5052 5051/5051/5051 5050/5050/5050
f 5053/5053/5053 5052/5052/5052 5050/5050/5050
f 5056/5056/5056 5055/5055/5055 5054/5054/5054
f 5055/5055/5055 5057/5057/5057 5054/5054/5054
f 5054/5054/5054 5057/5057/5057 5058/5058/5058
f 5057/5057/5057 5059/5059/5059 5058/5058/5058
f 5058/5058/5058 5059/5059/5059 5060/5060/5060
f 5059/5059/5059 5061/5061/5061 5060/5060/5060
f 5064/5064/5064 5063/5063/5063 5062/5062/5062
f 5065/5065/5065 5064/5064/5064 5062/5062/5062
f 5068/5068/5068 5067/5067/5067 5066/5066/5066
f 5067/5067/5067 5069/5069/5069 5066/5066/5066
f 5066/5066/5066 5069/5069/5069 5070/5070/5070
f 5069/5069/5069 5071/5071/5071 5070/5070/5070
f 5070/5070/5070 5071/5071/5071 5072/5072/5072
f 5071/5071/5071 5073/5073/5073 5072/5072/5072
f 5076/5076/5076 5075/5075/5075 5074/5074/5074
f 5077/5077/5077 5076/5076/5076 5074/5074/5074
f 5080/5080/5080 5079/5079/5079 5078/5078/5078
f 5079/5079/5079 5081/5081/5081 5078/5078/5078
f 5078/5078/5078 5081/5081/5081 5082/5082/5082
f 5081/5081/5081 5083/5083/5083 5082/5082/5082
f 5082/5082/5082 5083/5083/5083 5084/5084/5084
f 5083/5083/5083 5085/5085/5085 5084/5084/5084
f 5088/5088/5088 5087/5087/5087 5086/5086/5086
f 5087/5087/5087 5089/5089/5089 5086/5086/5086
f 5086/5086/5086 5089/5089/5089 5090/5090/5090
f 5089/5089/5089 5091/5091/5091 5090/5090/5090
f 5090/5090/5090 5091/5091/5091 5092/5092/5092
f 5091/5091/5091 5093/5093/5093 5092/5092/5092
f 5096/5096/5096 5095/5095/5095 5094/5094/5094
f 5095/5095/5095 5097/5097/5097 5094/5094/5094
f 5094/5094/5094 5097/5097/5097 5098/5098/5098
f 5097/5097/5097 5099/5099/5099 5098/5098/5098
f 5102/5102/5102 5101/5101/5101 5100/5100/5100
f 5103/5103/5103 5102/5102/5102 5100/5100/5100
f 5106/5106/5106 5105/5105/5105 5104/5104/5104
f 5105/5105/5105 5107/5107/5107 5104/5104/5104
f 5104/5104/5104 5107/5107/5107 5108/5108/5108
f 5107/5107/5107 5109/5109/5109 5108/5108/5108
f 5112/5112/5112 5111/5111/5111 5110/5110/5110
f 5113/5113/5113 5112/5112/5112 5110/5110/5110
f 5116/5116/5116 5115/5115/5115 5114/5114/5114
f 5115/5115/5115 5117/5117/5117 5114/5114/5114
f 5114/5114/5114 5117/5117/5117 5118/5118/5118
f 5117/5117/5117 5119/5119/5119 5118/5118/5118
f 5122/5122/5122 5121/5121/5121 5120/5120/5120
f 5121/5121/5121 5123/5123/5123 5120/5120/5120
f 5120/5120/5120 5123/5123/5123 5124/5124/5124
f 5123/5123/5123 5125/5125/5125 5124/5124/5124
f 5128/5128/5128 5127/5127/5127 5126/5126/5126
f 5129/5129/5129 5128/5128/5128 5126/5126/5126
f 5132/5132/5132 5131/5131/5131 5130/5130/5130
f 5133/5133/5133 5132/5132/5132 5130/5130/5130
f 5136/5136/5136 5135/5135/5135 5134/5134/5134
f 5137/5137/5137 5136/5136/5136 5134/5134/5134
f 5140/5140/5140 5139/5139/5139 5138/5138/5138
f 5141/5141/5141 5140/5140/5140 5138/5138/5138
f 5144/5144/5144 5143/5143/5143 5142/5142/5142
f 5145/5145/5145 5144/5144/5144 5142/5142/5142
f 5148/5148/5148 5147/5147/5147 5146/5146/5146
f 5149/5149/5149 5148/5148/5148 5146/5146/5146
f 5152/5152/5152 5151/5151/5151 5150/5150/5150
f 5153/5153/5153 5152/5152/5152 5150/5150/5150
f 5156/5156/5156 5155/5155/5155 5154/5154/5154
f 5157/5157/5157 5156/5156/5156 5154/5154/5154
f 5160/5160/5160 5159/5159/5159 5158/5158/5158
f 5161/5161/5161 5160/5160/5160 5158/5158/5158
f 5164/5164/5164 5163/5163/5163 5162/5162/5162
f 5165/5165/5165 5164/5164/5164 5162/5162/5162
f 5168/5168/5168 5167/5167/5167 5166/5166/5166
f 5169/5169/5169 5168/5168/5168 5166/5166/5166
f 5172/5172/5172 5171/5171/5171 5170/5170/5170
f 5173/5173/5173 5172/5172/5172 5170/5170/5170
f 5176/5176/5176 5175/5175/5175 5174/5174/5174
f 5175/5175/5175 5177/5177/5177 5174/5174/5174
f 5174/5174/5174 5177/5177/5177 5178/5178/5178
f 5177/5177/5177 5179/5179/5179 5178/5178/5178
f 5182/5182/5182 5181/5181/5181 5180/5180/5180
f 5183/5183/5183 5182/5182/5182 5180/5180/5180
f 5186/5186/5186 5185/5185/5185 5184/5184/5184
f 5185/5185/5185 5187/5187/5187 5184/5184/5184
f 5184/5184/5184 5187/5187/5187 5188/5188/5188
f 5187/5187/5187 5189/5189/5189 5188/5188/5188
f 5192/5192/5192 5191/5191/5191 5190/5190/5190
f 5193/5193/5193 5192/5192/5192 5190/5190/5190
f 5196/5196/5196 5195/5195/5195 5194/5194/5194
f 5195/5195/5195 5197/5197/5197 5194/5194/5194
f 5194/5194/5194 5197/5197/5197 5198/5198/5198
f 5197/5197/5197 5199/5199/5199 5198/5198/5198
f 5202/5202/5202 5201/5201/5201 5200/5200/5200
f 5201/5201/5201 5203/5203/5203 5200/5200/5200
f 5200/5200/5200 5203/5203/5203 5204/5204/5204
f 5203/5203/5203 5205/5205/5205 5204/5204/5204
f 5208/5208/5208 5207/5207/5207 5206/5206/5206
f 5209/5209/5209 5208/5208/5208 5206/5206/5206
f 5212/5212/5212 5211/5211/5211 5210/5210/5210
f 5213/5213/5213 5212/5212/5212 5210/5210/5210
f 5216/5216/5216 5215/5215/5215 5214/5214/5214
f 5217/5217/5217 5216/5216/5216 5214/5214/5214
f 5220/5220/5220 5219/5219/5219 5218/5218/5218
f 5221/5221/5221 5220/5220/5220 5218/5218/5218
f 5224/5224/5224 5223/5223/5223 5222/5222/5222
f 5225/5225/5225 5224/5224/5224 5222/5222/5222
f 5228/5228/5228 5227/5227/5227 5226/5226/5226
f 5229/5229/5229 5228/5228/5228 5226/5226/5226
f 5232/5232/5232 5231/5231/5231 5230/5230/5230
f 5233/5233/5233 5232/5232/5232 5230/5230/5230
f 5236/5236/5236 5235/5235/5235 5234/5234/5234
f 5237/5237/5237 5236/5236/5236 5234/5234/5234
f 5240/5240/5240 5239/5239/5239 5238/5238/5238
f 5241/5241/5241 5240/5240/5240 5238/5238/5238
f 5244/5244/5244 5243/5243/5243 5242/5242/5242
f 5245/5245/5245 5244/5244/5244 5242/5242/5242
f 5248/5248/5248 5247/5247/5247 5246/5246/5246
f 5249/5249/5249 5248/5248/5248 5246/5246/5246
f 5252/5252/5252 5251/5251/5251 5250/5250/5250
f 5253/5253/5253 5252/5252/5252 5250/5250/5250
f 5256/5256/5256 5255/5255/5255 5254/5254/5254
f 5257/5257/5257 5256/5256/5256 5254/5254/5254
f 5260/5260/5260 5259/5259/5259 5258/5258/5258
f 5261/5261/5261 5260/5260/5260 5258/5258/5258
f 5264/5264/5264 5263/5263/5263 5262/5262/5262
f 5265/5265/5265 5264/5264/5264 5262/5262/5262
f 5268/5268/5268 5267/5267/5267 5266/5266/5266
f 5269/5269/5269 5268/5268/5268 5266/5266/5266
f 5272/5272/5272 5271/5271/5271 5270/5270/5270
f 5273/5273/5273 5272/5272/5272 5270/5270/5270
f 5276/5276/5276 5275/5275/5275 5274/5274/5274
f 5277/5277/5277 5276/5276/5276 5274/5274/5274
f 5280/5280/5280 5279/5279/5279 5278/5278/5278
f 5281/5281/5281 5280/5280/5280 5278/5278/5278
f 5284/5284/5284 5283/5283/5283 5282/5282/5282
f 5285/5285/5285 5284/5284/5284 5282/5282/5282
f 5288/5288/5288 5287/5287/5287 5286/5286/5286
f 5289/5289/5289 5288/5288/5288 5286/5286/5286
f 5292/5292/5292 5291/5291/5291 5290/5290/5290
f 5293/5293/5293 5292/5292/5292 5290/5290/5290
f 5296/5296/5296 5295/5295/5295 5294/5294/5294
f 5297/5297/5297 5296/5296/5296 5294/5294/5294
f 5300/5300/5300 5299/5299/5299 5298/5298/5298
f 5301/5301/5301 5300/5300/5300 5298/5298/5298
f 5304/5304/5304 5303/5303/5303 5302/5302/5302
f 5305/5305/5305 5304/5304/5304 5302/5302/5302
f 5308/5308/5308 5307/5307/5307 5306/5306/5306
f 5309/5309/5309 5308/5308/5308 5306/5306/5306
f 5312/5312/5312 5311/5311/5311 5310/5310/5310
f 5313/5313/5313 5312/5312/5312 5310/5310/5310
f 5316/5316/5316 5315/5315/5315 5314/5314/5314
f 5317/5317/5317 5316/5316/5316 5314/5314/5314
f 5320/5320/5320 5319/5319/5319 5318/5318/5318
f 5321/5321/5321 5320/5320/5320 5318/5318/5318
f 5324/5324/5324 5323/5323/5323 5322/5322/5322
f 5325/5325/5325 5324/5324/5324 5322/5322/5322
f 5328/5328/5328 5327/5327/5327 5326/5326/5326
f 5329/5329/5329 5328/5328/5328 5326/5326/5326
f 5332/5332/5332 5331/5331/5331 5330/5330/5330
f 5333/5333/5333 5332/5332/5332 5330/5330/5330
f 5336/5336/5336 5335/5335/5335 5334/5334/5334
f 5337/5337/5337 5336/5336/5336 5334/5334/5334
f 5340/5340/5340 5339/5339/5339 5338/5338/5338
f 5341/5341/5341 5340/5340/5340 5338/5338/5338
f 5344/5344/5344 5343/5343/5343 5342/5342/5342
f 5345/5345/5345 5344/5344/5344 5342/5342/5342
f 5348/5348/5348 5347/5347/5347 5346/5346/5346
f 5349/5349/5349 5348/5348/5348 5346/5346/5346
f 5352/5352/5352 5351/5351/5351 5350/5350/5350
f 5351/5351/5351 5353/5353/5353 5350/5350/5350
f 5350/5350/5350 5353/5353/5353 5354/5354/5354
f 5353/5353/5353 5355/5355/5355 5354/5354/5354
f 5354/5354/5354 5355/5355/5355 5356/5356/5356
f 5355/5355/5355 5357/5357/5357 5356/5356/5356
f 5360/5360/5360 5359/5359/5359 5358/5358/5358
f 5361/5361/5361 5360/5360/5360 5358/5358/5358
f 5364/5364/5364 5363/5363/5363 5362/5362/5362
f 5363/5363/5363 5365/5365/5365 5362/5362/5362
f 5362/5362/5362 5365/5365/5365 5366/5366/5366
f 5365/5365/5365 5367/5367/5367 5366/5366/5366
f 5366/5366/5366 5367/5367/5367 5368/5368/5368
f 5367/5367/5367 5369/5369/5369 5368/5368/5368
f 5372/5372/5372 5371/5371/5371 5370/5370/5370
f 5373/5373/5373 5372/5372/5372 5370/5370/5370
f 5376/5376/5376 5375/5375/5375 5374/5374/5374
f 5375/5375/5375 5377/5377/5377 5374/5374/5374
f 5374/5374/5374 5377/5377/5377 5378/5378/5378
f 5377/5377/5377 5379/5379/5379 5378/5378/5378
f 5378/5378/5378 5379/5379/5379 5380/5380/5380
f 5379/5379/5379 5381/5381/5381 5380/5380/5380
f 5384/5384/5384 5383/5383/5383 5382/5382/5382
f 5383/5383/5383 5385/5385/5385 5382/5382/5382
f 5382/5382/5382 5385/5385/5385 5386/5386/5386
f 5385/5385/5385 5387/5387/5387 5386/5386/5386
f 5386/5386/5386 5387/5387/5387 5388/5388/5388
f 5387/5387/5387 5389/5389/5389 5388/5388/5388
f 5392/5392/5392 5391/5391/5391 5390/5390/5390
f 5391/5391/5391 5393/5393/5393 5390/5390/5390
f 5390/5390/5390 5393/5393/5393 5394/5394/5394
f 5393/5393/5393 5395/5395/5395 5394/5394/5394
f 5398/5398/5398 5397/5397/5397 5396/5396/5396
f 5399/5399/5399 5398/5398/5398 5396/5396/5396
f 5402/5402/5402 5401/5401/5401 5400/5400/5400
f 5401/5401/5401 5403/5403/5403 5400/5400/5400
f 5400/5400/5400 5403/5403/5403 5404/5404/5404
f 5403/5403/5403 5405/5405/5405 5404/5404/5404
f 5408/5408/5408 5407/5407/5407 5406/5406/5406
f 5409/5409/5409 5408/5408/5408 5406/5406/5406
f 5412/5412/5412 5411/5411/5411 5410/5410/5410
f 5411/5411/5411 5413/5413/5413 5410/5410/5410
f 5410/5410/5410 5413/5413/5413 5414/5414/5414
f 5413/5413/5413 5415/5415/5415 5414/5414/5414
f 5418/5418/5418 5417/5417/5417 5416/5416/5416
f 5417/5417/5417 5419/5419/5419 5416/5416/5416
f 5416/5416/5416 5419/5419/5419 5420/5420/5420
f 5419/5419/5419 5421/5421/5421 5420/5420/5420
f 5424/5424/5424 5423/5423/5423 5422/5422/5422
f 5425/5425/5425 5424/5424/5424 5422/5422/5422
f 5428/5428/5428 5427/5427/5427 5426/5426/5426
f 5429/5429/5429 5428/5428/5428 5426/5426/5426
f 5432/5432/5432 5431/5431/5431 5430/5430/5430
f 5433/5433/5433 5432/5432/5432 5430/5430/5430
f 5436/5436/5436 5435/5435/5435 5434/5434/5434
f 5437/5437/5437 5436/5436/5436 5434/5434/5434
f 5440/5440/5440 5439/5439/5439 5438/5438/5438
f 5441/5441/5441 5440/5440/5440 5438/5438/5438
f 5444/5444/5444 5443/5443/5443 5442/5442/5442
f 5445/5445/5445 5444/5444/5444 5442/5442/5442
f 5448/5448/5448 5447/5447/5447 5446/5446/5446
f 5449/5449/5449 5448/5448/5448 5446/5446/5446
f 5452/5452/5452 5451/5451/5451 5450/5450/5450
f 5453/5453/5453 5452/5452/5452 5450/5450/5450
f 5456/5456/5456 5455/5455/5455 5454/5454/5454
f 5457/5457/5457 5456/5456/5456 5454/5454/5454
f 5460/5460/5460 5459/5459/5459 5458/5458/5458
f 5461/5461/5461 5460/5460/5460 5458/5458/5458
f 5464/5464/5464 5463/5463/5463 5462/5462/5462
f 5465/5465/5465 5464/5464/5464 5462/5462/5462
f 5468/5468/5468 5467/5467/5467 5466/5466/5466
f 5469/5469/5469 5468/5468/5468 5466/5466/5466
f 5472/5472/5472 5471/5471/5471 5470/5470/5470
f 5471/5471/5471 5473/5473/5473 5470/5470/5470
f 5470/5470/5470 5473/5473/5473 5474/5474/5474
f 5473/5473/5473 5475/5475/5475 5474/5474/5474
f 5478/5478/5478 5477/5477/5477 5476/5476/5476
f 5479/5479/5479 5478/5478/5478 5476/5476/5476
f 5482/5482/5482 5481/5481/5481 5480/5480/5480
f 5481/5481/5481 5483/5483/5483 5480/5480/5480
f 5480/5480/5480 5483/5483/5483 5484/5484/5484
f 5483/5483/5483 5485/5485/5485 5484/5484/5484
f 5488/5488/5488 5487/5487/5487 5486/5486/5486
f 5489/5489/5489 5488/5488/5488 5486/5486/5486
f 5492/5492/5492 5491/5491/5491 5490/5490/5490
f 5491/5491/5491 5493/5493/5493 5490/5490/5490
f 5490/5490/5490 5493/5493/5493 5494/5494/5494
f 5493/5493/5493 5495/5495/5495 5494/5494/5494
f 5498/5498/5498 5497/5497/5497 5496/5496/5496
f 5497/5497/5497 5499/5499/5499 5496/5496/5496
f 5496/5496/5496 5499/5499/5499 5500/5500/5500
f 5499/5499/5499 5501/5501/5501 5500/5500/5500
f 5504/5504/5504 5503/5503/5503 5502/5502/5502
f 5505/5505/5505 5504/5504/5504 5502/5502/5502
f 5508/5508/5508 5507/5507/5507 5506/5506/5506
f 5509/5509/5509 5508/5508/5508 5506/5506/5506
f 5512/5512/5512 5511/5511/5511 5510/5510/5510
f 5513/5513/5513 5512/5512/5512 5510/5510/5510
f 5516/5516/5516 5515/5515/5515 5514/5514/5514
f 5517/5517/5517 5516/5516/5516 5514/5514/5514
f 5520/5520/5520 5519/5519/5519 5518/5518/5518
f 5521/5521/5521 5520/5520/5520 5518/5518/5518
f 5524/5524/5524 5523/5523/5523 5522/5522/5522
f 5525/5525/5525 5524/5524/5524 5522/5522/5522
f 5528/5528/5528 5527/5527/5527 5526/5526/5526
f 5529/5529/5529 5528/5528/5528 5526/5526/5526
f 5532/5532/5532 5531/5531/5531 5530/5530/5530
f 5533/5533/5533 5532/5532/5532 5530/5530/5530
f 5536/5536/5536 5535/5535/5535 5534/5534/5534
f 5537/5537/5537 5536/5536/5536 5534/5534/5534
f 5540/5540/5540 5539/5539/5539 5538/5538/5538
f 5541/5541/5541 5540/5540/5540 5538/5538/5538
f 5544/5544/5544 5543/5543/5543 5542/5542/5542
f 5545/5545/5545 5544/5544/5544 5542/5542/5542
f 5548/5548/5548 5547/5547/5547 5546/5546/5546
f 5549/5549/5549 5548/5548/5548 5546/5546/5546
f 5552/5552/5552 5551/5551/5551 5550/5550/5550
f 5553/5553/5553 5552/5552/5552 5550/5550/5550
f 5556/5556/5556 5555/5555/5555 5554/5554/5554
f 5557/5557/5557 5556/5556/5556 5554/5554/5554
f 5560/5560/5560 5559/5559/5559 5558/5558/5558
f 5561/5561/5561 5560/5560/5560 5558/5558/5558
f 5564/5564/5564 5563/5563/5563 5562/5562/5562
f 5565/5565/5565 5564/5564/5564 5562/5562/5562
f 5568/5568/5568 5567/5567/5567 5566/5566/5566
f 5569/5569/5569 5568/5568/5568 5566/5566/5566
f 5572/5572/5572 5571/5571/5571 5570/5570/5570
f 5573/5573/5573 5572/5572/5572 5570/5570/5570
f 5576/5576/5576 5575/5575/5575 5574/5574/5574
f 5577/5577/5577 5576/5576/5576 5574/5574/5574
f 5580/5580/5580 5579/5579/5579 5578/5578/5578
f 5581/5581/5581 5580/5580/5580 5578/5578/5578
f 5584/5584/5584 5583/5583/5583 5582/5582/5582
f 5585/5585/5585 5584/5584/5584 5582/5582/5582
f 5588/5588/5588 5587/5587/5587 5586/5586/5586
f 5589/5589/5589 5588/5588/5588 5586/5586/5586
f 5592/5592/5592 5591/5591/5591 5590/5590/5590
f 5593/5593/5593 5592/5592/5592 5590/5590/5590
f 5596/5596/5596 5595/5595/5595 5594/5594/5594
f 5597/5597/5597 5596/5596/5596 5594/5594/5594
