g Totend Castle New Collider
v 35.2904 -31.997711 13.174654
v 24.594233 -31.9977 13.174645
v 23.849098 -31.9977 13.174644
v -10.405839 -12.176086 20.602404
v -11.144644 -12.21196 20.602448
v -10.406521 -11.471832 20.602404
v 7.020256 0 14.625143
v 7.765049 0 20.602448
v 7.0269594 -0.73883927 20.602448
v 23.849098 31.9977 13.174644
v 24.594233 31.9977 13.174645
v 35.2904 31.997711 13.174654
v -10.405839 12.176086 20.602404
v -10.406521 11.471832 20.602404
v -11.144644 12.21196 20.602448
v 7.020256 0 14.625143
v 7.0269594 0.73883927 20.602448
v 7.765049 0 20.602448
v -42.784637 -24.391708 20.316326
v -43.51277 -24.391712 20.316326
v -43.512768 -11.009131 20.602448
v -42.783047 -11.007725 20.602448
v -43.52195 -10.2703085 20.602448
v -43.52275 -0.7388393 20.602448
v -42.783974 0 20.602448
v -43.524742 0 20.602448
v -42.73375 -42.52626 4.0708637
v -52.575775 -42.52626 13.174644
v -52.575775 -42.52626 4.0708637
v -42.73375 -42.52626 13.174644
v -30.966583 -42.52626 4.0708637
v -52.575775 -42.52626 20.602448
v -30.966583 -42.52626 13.174644
v -42.73375 -42.52626 20.602448
v -30.966583 -42.52626 20.602448
v -30.96011 -61.625168 4.0708637
v -30.966583 -42.52626 13.174644
v -30.966583 -42.52626 4.0708637
v -30.96011 -61.625168 13.174644
v -30.966583 -42.52626 20.602448
v -30.96011 -61.625168 20.602448
v -42.784637 -24.391708 4.0708637
v -42.783047 -11.007725 13.174644
v -42.783047 -11.007726 4.0708637
v -42.783783 -20.558006 4.0708637
v -42.783974 0 13.174644
v -42.783974 0 4.0708637
v -42.783047 -11.007725 13.174644
v -42.783047 11.007726 4.0708637
v -42.783047 11.007725 13.174644
v -42.783974 0 20.602448
v -42.783047 -11.007725 20.602448
v -42.784637 -24.391708 20.316326
v -42.784637 -24.391708 4.0708637
v -42.783047 11.007725 20.602448
v -42.784637 24.391708 20.316326
v -42.784637 24.391708 4.0708637
v -42.784637 24.391708 4.0708637
v -42.783783 20.558006 4.0708637
v -42.783047 11.007725 13.174644
v -0.249588 -42.526264 4.0708656
v -0.24976349 -61.625168 13.174644
v -0.24976349 -61.625168 4.0708637
v -0.24958801 -42.526264 13.174644
v -0.24976364 -61.625168 20.602448
v -0.24958816 -42.526264 20.602448
v -22.627998 0 4.0708637
v -22.66547 -12.232124 13.174644
v -22.66547 -12.232124 4.0708637
v -22.627998 0 13.174644
v -22.66547 -12.232124 20.602448
v -22.627998 0 20.602448
v -22.66547 12.232124 20.602448
v -22.66547 12.232124 13.174644
v -22.66547 12.232124 4.0708637
v -11.136443 -20.68188 4.0708637
v 7.7867355 -20.72991 13.174644
v 7.7867355 -20.72991 4.0708637
v -11.136443 -20.68188 13.174644
v 7.7867355 -20.72991 20.602448
v -22.660378 -20.619547 4.0708637
v -11.136443 -20.68188 20.602448
v -22.660378 -20.619547 20.570387
v -11.144644 -12.21196 13.174644
v -22.66547 -12.232124 4.0708637
v -22.66547 -12.232124 13.174644
v -11.144644 -12.21196 20.602448
v -22.66547 -12.232124 20.602448
v -11.144644 -12.21196 20.602448
v -10.405839 -12.176086 20.602404
v -10.405839 -12.176081 13.174644
v 54.948128 -24.391659 4.0708637
v 54.948128 -31.99772 4.0708637
v 54.948128 -31.99772 13.174654
v 54.94817 -24.391659 13.174654
v 54.94817 -24.391659 20.602457
v 54.948128 -18.340172 20.602457
v 54.948128 -18.340172 13.174654
v 54.948128 -31.99772 13.174654
v 54.948128 -31.99772 20.602457
v 54.948128 -24.391659 4.0708637
v 54.948128 -18.340172 4.0708637
v 54.948128 -24.391659 -35.102737
v 54.948128 -18.340172 -35.102737
v 54.948128 -10.88762 4.0708637
v 54.948128 -10.88762 -35.102737
v 54.948128 0 4.0708637
v 54.948128 0 -35.102737
v 54.948128 10.88762 -35.102737
v 54.948128 10.88762 4.0708637
v 54.948128 18.340172 -35.102737
v 54.948128 18.340172 4.0708637
v 54.948128 24.391659 -35.102737
v 54.948128 24.391659 4.0708637
v 54.948128 18.340172 13.174654
v 54.94817 24.391659 13.174654
v 54.948128 18.340172 20.602457
v 54.94817 24.391659 20.602457
v 54.948128 31.99772 13.174654
v 54.948128 31.99772 20.602457
v 54.948128 24.391659 4.0708637
v 54.948128 31.99772 13.174654
v 54.948128 31.99772 4.0708637
v 11.553052 -42.526264 13.174644
v 11.5858755 -42.526264 4.0708632
v 23.849098 -42.526264 13.174644
v 11.553052 -42.526264 20.602448
v 23.849098 -42.526264 20.602448
v -0.24958816 -42.526264 20.602448
v -0.24958801 -42.526264 13.174644
v 11.553052 -42.526264 13.174644
v -0.249588 -42.526264 4.0708656
v 11.5858755 -42.526264 4.0708632
v -0.24976349 -61.625168 4.0708637
v -0.24976349 -61.625168 -35.102737
v -30.96011 -61.625168 -35.102737
v -30.96011 -61.625168 4.0708637
v 33.00627 -61.625168 4.0708637
v 33.00627 -61.625168 -35.102737
v -0.24976349 -61.625168 -35.102737
v -0.24976349 -61.625168 4.0708637
v 33.00627 -61.625168 13.174644
v -0.24976349 -61.625168 13.174644
v 33.00627 -61.625168 20.602448
v -0.24976364 -61.625168 20.602448
v 54.948128 -31.99772 4.0708637
v 54.948128 -31.99772 -35.102737
v 47.150776 -42.526257 -35.102737
v 47.150776 -42.526257 4.0708637
v 33.00627 -61.625168 -35.102737
v 54.948128 -31.99772 13.174654
v 33.00627 -61.625168 4.0708637
v 47.150772 -42.526257 13.174654
v 54.948128 -31.99772 20.602457
v 33.00627 -61.625168 13.174644
v 47.150772 -42.526257 20.602457
v 33.00627 -61.625168 20.602448
v 54.948128 -24.391659 4.0708637
v 54.948128 -24.391659 -35.102737
v 54.948128 -31.99772 -35.102737
v 54.948128 -31.99772 4.0708637
v -30.96011 -61.625168 4.0708637
v -30.96011 -61.625168 -35.102737
v -52.723885 -61.625168 -35.102737
v -52.723885 -61.625168 4.0708637
v -86.00511 -61.625168 -35.102737
v -30.96011 -61.625168 13.174644
v -86.00511 -61.625168 4.0708637
v -52.723885 -61.625168 13.174644
v -30.96011 -61.625168 20.602448
v -86.00511 -61.625168 13.174644
v -52.723885 -61.625168 20.602448
v -86.00511 -61.625168 20.602448
v -86.00511 -61.625168 4.0708637
v -86.00511 -61.625168 -35.102737
v -85.99068 -42.52626 -35.102737
v -85.99068 -42.52626 4.0708637
v -86.00511 -61.625168 13.174644
v -85.95676 0 -35.102737
v -85.99068 -42.52626 13.174644
v -86.00511 -61.625168 20.602448
v -85.99068 -42.52626 20.602448
v -85.95676 0 4.0708637
v -85.95676 0 13.174644
v -85.95676 0 20.602448
v -85.99068 42.52626 20.602448
v -85.99068 42.52626 13.174644
v -86.00511 61.625168 20.602448
v -86.00511 61.625168 13.174644
v -85.99068 42.52626 4.0708637
v -85.99068 42.52626 -35.102737
v -86.00511 61.625168 4.0708637
v -86.00511 61.625168 -35.102737
v 35.2842 -18.268707 4.0708637
v 35.28424 -24.391815 13.174654
v 35.284184 -24.391811 4.0708637
v 35.2842 -18.268505 13.174654
v 35.28424 -24.391815 20.602457
v 35.2842 -18.268505 20.602457
v 35.2904 -31.997711 20.602457
v 35.2904 -31.997711 13.174654
v 35.2904 -31.997711 13.174654
v 35.29595 -31.997864 4.070862
v 35.284184 -24.391811 4.0708637
v 35.29595 -31.997864 4.070862
v 35.2904 -31.997711 13.174654
v 23.849098 -31.9977 13.174644
v 23.849098 -31.9977 4.07086
v 11.581361 -31.9977 4.070863
v 23.849098 -31.9977 13.174644
v 23.849098 -31.9977 20.602448
v 11.581361 -31.9977 20.234901
v 24.594233 -31.9977 13.174645
v 24.594233 -31.9977 20.602448
v 35.2904 -31.997711 13.174654
v 35.2904 -31.997711 20.602457
v 54.948128 -18.340172 4.0708637
v 54.948128 -18.340172 13.174654
v 35.2842 -18.268505 13.174654
v 35.2842 -18.268707 4.0708637
v 36.02984 -32.73655 13.174654
v 36.02984 -32.73655 20.602457
v 36.02308 -24.391514 20.602457
v 36.02308 -24.391514 13.174654
v 36.023045 -19.010042 20.602457
v 36.023045 -19.010042 13.174654
v -52.321243 -11.026108 13.174644
v -52.321243 -11.026108 20.602448
v -53.05976 -10.978882 20.602448
v -53.05978 -10.978882 13.174644
v -85.26572 -60.88633 13.174644
v -85.26572 -60.88633 20.602448
v -85.25184 -42.526833 20.602448
v -85.25184 -42.526833 13.174644
v -85.218506 -0.7388393 20.602448
v -85.218506 -0.7388393 13.174644
v 24.587938 -32.736538 13.174645
v 36.02984 -32.73655 20.602457
v 36.02984 -32.73655 13.174654
v 24.587938 -32.736538 20.602448
v 23.849098 -32.75121 13.174644
v 23.849098 -32.75121 20.602448
v 11.581684 -32.75121 4.070863
v 11.581684 -32.75121 20.234901
v -53.05978 -10.978882 13.174644
v -53.05976 -10.978882 20.602448
v -53.156113 -24.385826 20.602448
v -53.156113 -24.385826 13.174644
v -53.3211 -43.2651 20.602448
v -53.3211 -43.2651 13.174644
v -52.723885 -60.88633 13.174644
v -85.26572 -60.88633 20.602448
v -85.26572 -60.88633 13.174644
v -52.723885 -60.88633 20.602448
v -31.6992 -60.88633 13.174644
v -31.6992 -60.88633 20.602448
v 0.48924452 -43.265102 13.174644
v 0.48924437 -43.265102 20.602448
v 11.553052 -43.265102 20.602448
v 11.553052 -43.265102 13.174644
v 23.860725 -43.265102 20.602448
v 23.860725 -43.265102 13.174645
v 54.20933 -24.391659 13.174654
v 54.20929 -31.75392 20.602457
v 54.20929 -31.75392 13.174654
v 54.20933 -24.391659 20.602457
v 54.209293 -19.076323 13.174654
v 54.209293 -19.076323 20.602457
v -10.406521 -11.4718275 13.174644
v -10.406521 -11.471832 20.602404
v -21.92436 -11.491987 20.602448
v -21.92436 -11.491987 13.174644
v 7.0385885 -12.197199 13.174644
v 7.0470877 -19.989191 20.602448
v 7.0470877 -19.989191 13.174644
v 7.0385885 -12.197199 20.602448
v 7.0269594 -0.73883927 13.174644
v 7.0269594 -0.73883927 20.602448
v 7.020256 0 13.174644
v 7.020256 0 14.625143
v 7.0269594 0.73883927 20.602448
v 7.0269594 0.73883927 13.174644
v 7.0385885 12.197199 20.602448
v 7.0385885 12.197199 13.174644
v 7.0470877 19.989191 20.602448
v 7.0470877 19.989191 13.174644
v 7.0470877 -19.989191 13.174644
v 7.0470877 -19.989191 20.602448
v -10.398317 -19.944912 20.602448
v -10.398317 -19.944912 13.174644
v -11.137167 -19.93437 20.602448
v -11.137167 -19.93437 13.174644
v -22.660793 -19.934366 20.570387
v -22.660793 -19.934366 4.0708637
v -21.92436 -11.491987 13.174644
v -21.92436 -11.491987 20.602448
v -21.891418 -0.73883945 20.602448
v -21.891418 -0.73883945 13.174644
v -21.891422 0 20.602448
v -21.891422 0 13.174644
v -21.891418 0.73883945 13.174644
v -21.891418 0.73883945 20.602448
v -21.92436 11.491987 13.174644
v -21.92436 11.491987 20.602448
v -11.137167 -19.93437 20.602448
v -11.136443 -20.68188 20.602448
v -22.660378 -20.619547 20.570387
v -22.660793 -19.934366 20.570387
v 0.4890827 -60.88633 13.174644
v 0.48908255 -60.88633 20.602448
v 0.48924437 -43.265102 20.602448
v 0.48924452 -43.265102 13.174644
v 32.634056 -60.88633 13.174644
v 32.634056 -60.88633 20.602448
v 0.48908255 -60.88633 20.602448
v 0.4890827 -60.88633 13.174644
v 23.860725 -43.265102 13.174645
v 23.860725 -43.265102 20.602448
v 23.849098 -42.526264 20.602448
v 23.849098 -42.526264 13.174644
v -85.218506 -0.7388393 20.602448
v -85.95676 0 20.602448
v -85.25922 0 20.602448
v -85.25184 -42.526833 20.602448
v -85.99068 -42.52626 20.602448
v -85.26572 -60.88633 20.602448
v -86.00511 -61.625168 20.602448
v -52.723885 -60.88633 20.602448
v -52.723885 -61.625168 20.602448
v -31.6992 -60.88633 20.602448
v -30.96011 -61.625168 20.602448
v -31.705172 -43.2651 20.602448
v -30.966583 -42.52626 20.602448
v -42.73375 -43.2651 20.602448
v -42.73375 -42.52626 20.602448
v -53.3211 -43.2651 20.602448
v -52.575775 -42.52626 20.602448
v -53.156113 -24.385826 20.602448
v -52.575775 -42.52626 20.602448
v -53.3211 -43.2651 20.602448
v -52.417297 -24.391708 20.602448
v -52.321243 -11.026108 20.602448
v -53.05976 -10.978882 20.602448
v 11.553052 -43.265102 20.602448
v 23.849098 -42.526264 20.602448
v 23.860725 -43.265102 20.602448
v 11.553052 -42.526264 20.602448
v 0.48924437 -43.265102 20.602448
v -0.24958816 -42.526264 20.602448
v 0.48908255 -60.88633 20.602448
v -0.24976364 -61.625168 20.602448
v 32.634056 -60.88633 20.602448
v 33.00627 -61.625168 20.602448
v 46.55703 -42.086536 20.602457
v 47.150772 -42.526257 20.602457
v 54.20929 -31.75392 20.602457
v 54.948128 -31.99772 20.602457
v 54.20933 -24.391659 20.602457
v 54.94817 -24.391659 20.602457
v 54.209293 -19.076323 20.602457
v 54.948128 -18.340172 20.602457
v -21.891418 -0.73883945 20.602448
v -22.627998 0 20.602448
v -21.891422 0 20.602448
v -21.92436 -11.491987 20.602448
v -22.66547 -12.232124 20.602448
v -10.406521 -11.471832 20.602404
v -11.144644 -12.21196 20.602448
v 7.0269594 -0.73883927 20.602448
v 7.765049 0 20.602448
v 7.7774277 -12.196421 20.602448
v 7.0385885 -12.197199 20.602448
v 7.7867355 -20.72991 20.602448
v 7.0470877 -19.989191 20.602448
v -11.136443 -20.68188 20.602448
v -10.398317 -19.944912 20.602448
v -11.137167 -19.93437 20.602448
v 36.023045 -19.010042 20.602457
v 54.948128 -18.340172 20.602457
v 54.209293 -19.076323 20.602457
v 35.2842 -18.268505 20.602457
v 36.02308 -24.391514 20.602457
v 35.28424 -24.391815 20.602457
v 36.02984 -32.73655 20.602457
v 35.2904 -31.997711 20.602457
v 24.594233 -31.9977 20.602448
v 24.587938 -32.736538 20.602448
v 23.849098 -31.9977 20.602448
v 23.849098 -32.75121 20.602448
v 7.7867355 -20.72991 13.174644
v 7.7867355 -20.72991 20.602448
v 7.7774277 -12.196421 20.602448
v 7.7774277 -12.196421 13.174644
v 7.7867355 -20.72991 4.0708637
v 7.7774277 -12.196422 4.0708637
v 7.765049 0 20.602448
v 7.765049 0 13.174644
v 7.765049 0 4.0708637
v 7.7774277 12.196422 4.0708637
v 7.7774277 12.196421 13.174644
v 7.7867355 20.72991 4.0708637
v 7.7774277 12.196421 20.602448
v 7.7867355 20.72991 13.174644
v 7.7867355 20.72991 20.602448
v 36.023045 -19.010042 13.174654
v 36.023045 -19.010042 20.602457
v 54.209293 -19.076323 20.602457
v 54.209293 -19.076323 13.174654
v -42.73375 -43.2651 13.174644
v -31.705172 -43.2651 20.602448
v -31.705172 -43.2651 13.174644
v -42.73375 -43.2651 20.602448
v -53.3211 -43.2651 13.174644
v -53.3211 -43.2651 20.602448
v -85.218506 -0.7388393 13.174644
v -85.218506 -0.7388393 20.602448
v -85.25922 0 20.602448
v -85.25922 0 13.174644
v -11.144644 -12.21196 13.174644
v -11.144644 -12.21196 20.602448
v -10.406521 -11.471832 20.602404
v -10.406521 -11.4718275 13.174644
v -52.575775 -42.52626 13.174644
v -52.575775 -42.52626 20.602448
v -52.417297 -24.391708 20.602448
v -52.417297 -24.391708 13.174644
v -52.575775 -42.52626 4.0708637
v -52.321243 -11.026108 20.602448
v -52.417297 -24.391762 4.0708637
v -52.321243 -11.026108 13.174644
v -31.705172 -43.2651 13.174644
v -31.705172 -43.2651 20.602448
v -31.6992 -60.88633 20.602448
v -31.6992 -60.88633 13.174644
v 54.948128 -18.340172 13.174654
v 54.948128 -18.340172 20.602457
v 35.2842 -18.268505 20.602457
v 35.2842 -18.268505 13.174654
v -43.51277 -24.391712 4.0708637
v -43.51277 -24.391712 20.316326
v -42.784637 -24.391708 20.316326
v -42.784637 -24.391708 4.0708637
v 46.55703 -42.086536 13.174654
v 32.634056 -60.88633 20.602448
v 32.634056 -60.88633 13.174644
v 46.55703 -42.086536 20.602457
v 54.20929 -31.75392 13.174654
v 54.20929 -31.75392 20.602457
v -22.660378 -20.619547 4.0708637
v -22.660793 -19.934366 4.0708637
v -22.660793 -19.934366 20.570387
v -22.660378 -20.619547 20.570387
v 11.581361 -31.9977 4.070863
v 11.581361 -31.9977 20.234901
v 11.581684 -32.75121 20.234901
v 11.581684 -32.75121 4.070863
v 23.849098 -31.9977 20.602448
v 23.849098 -32.75121 20.602448
v 11.581684 -32.75121 20.234901
v 11.581361 -31.9977 20.234901
v -43.512768 -11.009131 13.174644
v -43.51277 -24.391712 20.316326
v -43.51277 -24.391712 4.0708637
v -43.512768 -11.009131 20.602448
v -43.52195 -10.2703085 13.174644
v -43.52195 -10.2703085 20.602448
v -43.52275 -0.7388393 13.174644
v -43.52275 -0.7388393 20.602448
v -43.524742 0 13.174644
v -43.524742 0 20.602448
v -43.52275 0.7388393 20.602448
v -43.52275 0.7388393 13.174644
v -43.52195 10.2703085 20.602448
v -43.52195 10.2703085 13.174644
v -43.512768 11.009131 20.602448
v -43.512768 11.009131 13.174644
v -43.51277 24.391712 20.316326
v -43.51277 24.391712 4.0708637
v -10.405839 -12.176086 20.602404
v -10.406521 -11.471832 20.602404
v -10.406521 -11.4718275 13.174644
v -10.405839 -12.176081 13.174644
v -42.784637 24.391708 20.316326
v -43.512768 11.009131 20.602448
v -43.51277 24.391712 20.316326
v -42.783047 11.007725 20.602448
v -43.52195 10.2703085 20.602448
v -43.52275 0.7388393 20.602448
v -42.783974 0 20.602448
v -43.524742 0 20.602448
v -42.73375 42.52626 4.0708637
v -52.575775 42.52626 4.0708637
v -52.575775 42.52626 13.174644
v -42.73375 42.52626 13.174644
v -30.966583 42.52626 4.0708637
v -52.575775 42.52626 20.602448
v -30.966583 42.52626 13.174644
v -42.73375 42.52626 20.602448
v -30.966583 42.52626 20.602448
v -30.96011 61.625168 4.0708637
v -30.966583 42.52626 4.0708637
v -30.966583 42.52626 13.174644
v -30.96011 61.625168 13.174644
v -30.966583 42.52626 20.602448
v -30.96011 61.625168 20.602448
v -0.249588 42.526264 4.0708656
v -0.24976349 61.625168 4.0708637
v -0.24976349 61.625168 13.174644
v -0.24958801 42.526264 13.174644
v -0.24976364 61.625168 20.602448
v -0.24958816 42.526264 20.602448
v -11.136443 20.68188 4.0708637
v 7.7867355 20.72991 4.0708637
v 7.7867355 20.72991 13.174644
v -11.136443 20.68188 13.174644
v 7.7867355 20.72991 20.602448
v -22.660378 20.619547 4.0708637
v -11.136443 20.68188 20.602448
v -22.660378 20.619547 20.570387
v -11.144644 12.21196 13.174644
v -22.66547 12.232124 13.174644
v -22.66547 12.232124 4.0708637
v -11.144644 12.21196 20.602448
v -22.66547 12.232124 20.602448
v -10.405839 12.176081 13.174644
v -10.405839 12.176086 20.602404
v -11.144644 12.21196 20.602448
v -0.24976349 61.625168 4.0708637
v -30.96011 61.625168 4.0708637
v -30.96011 61.625168 -35.102737
v -0.24976349 61.625168 -35.102737
v 33.00627 61.625168 4.0708637
v -0.24976349 61.625168 -35.102737
v 33.00627 61.625168 -35.102737
v -0.24976349 61.625168 4.0708637
v 33.00627 61.625168 13.174644
v -0.24976349 61.625168 13.174644
v 33.00627 61.625168 20.602448
v -0.24976364 61.625168 20.602448
v 54.948128 31.99772 4.0708637
v 47.150776 42.526257 -35.102737
v 54.948128 31.99772 -35.102737
v 47.150776 42.526257 4.0708637
v 33.00627 61.625168 -35.102737
v 54.948128 31.99772 13.174654
v 33.00627 61.625168 4.0708637
v 47.150772 42.526257 13.174654
v 54.948128 31.99772 20.602457
v 33.00627 61.625168 13.174644
v 47.150772 42.526257 20.602457
v 33.00627 61.625168 20.602448
v 54.948128 24.391659 4.0708637
v 54.948128 31.99772 4.0708637
v 54.948128 31.99772 -35.102737
v 54.948128 24.391659 -35.102737
v -30.96011 61.625168 4.0708637
v -52.723885 61.625168 -35.102737
v -30.96011 61.625168 -35.102737
v -52.723885 61.625168 4.0708637
v -86.00511 61.625168 -35.102737
v -30.96011 61.625168 13.174644
v -86.00511 61.625168 4.0708637
v -52.723885 61.625168 13.174644
v -30.96011 61.625168 20.602448
v -86.00511 61.625168 13.174644
v -52.723885 61.625168 20.602448
v -86.00511 61.625168 20.602448
v 35.2842 18.268707 4.0708637
v 35.284184 24.391811 4.0708637
v 35.28424 24.391815 13.174654
v 35.2842 18.268505 13.174654
v 35.28424 24.391815 20.602457
v 35.2842 18.268505 20.602457
v 35.2904 31.997711 20.602457
v 35.2904 31.997711 13.174654
v 35.284184 24.391811 4.0708637
v 35.29595 31.997864 4.070862
v 35.2904 31.997711 13.174654
v 23.849098 31.9977 13.174644
v 35.2904 31.997711 13.174654
v 35.29595 31.997864 4.070862
v 23.849098 31.9977 4.07086
v 11.581361 31.9977 4.070863
v 23.849098 31.9977 13.174644
v 23.849098 31.9977 20.602448
v 11.581361 31.9977 20.234901
v 24.594233 31.9977 13.174645
v 24.594233 31.9977 20.602448
v 35.2904 31.997711 13.174654
v 35.2904 31.997711 20.602457
v 54.948128 18.340172 4.0708637
v 35.2842 18.268707 4.0708637
v 35.2842 18.268505 13.174654
v 54.948128 18.340172 13.174654
v 36.02984 32.73655 13.174654
v 36.02308 24.391514 20.602457
v 36.02984 32.73655 20.602457
v 36.02308 24.391514 13.174654
v 36.023045 19.010042 20.602457
v 36.023045 19.010042 13.174654
v -52.321243 11.026108 13.174644
v -53.05978 10.978882 13.174644
v -53.05976 10.978882 20.602448
v -52.321243 11.026108 20.602448
v -85.26572 60.88633 13.174644
v -85.25184 42.526833 20.602448
v -85.26572 60.88633 20.602448
v -85.25184 42.526833 13.174644
v -85.218506 0.7388393 20.602448
v -85.218506 0.7388393 13.174644
v 24.587938 32.736538 13.174645
v 36.02984 32.73655 13.174654
v 36.02984 32.73655 20.602457
v 24.587938 32.736538 20.602448
v 23.849098 32.75121 13.174644
v 23.849098 32.75121 20.602448
v 11.581684 32.75121 4.070863
v 11.581684 32.75121 20.234901
v -53.05978 10.978882 13.174644
v -53.156113 24.385826 20.602448
v -53.05976 10.978882 20.602448
v -53.156113 24.385826 13.174644
v -53.3211 43.2651 20.602448
v -53.3211 43.2651 13.174644
v -52.723885 60.88633 13.174644
v -85.26572 60.88633 13.174644
v -85.26572 60.88633 20.602448
v -52.723885 60.88633 20.602448
v -31.6992 60.88633 13.174644
v -31.6992 60.88633 20.602448
v 0.48924452 43.265102 13.174644
v 11.553052 43.265102 20.602448
v 0.48924437 43.265102 20.602448
v 11.553052 43.265102 13.174644
v 23.860725 43.265102 20.602448
v 23.860725 43.265102 13.174645
v 54.20933 24.391659 13.174654
v 54.20929 31.75392 13.174654
v 54.20929 31.75392 20.602457
v 54.20933 24.391659 20.602457
v 54.209293 19.076323 13.174654
v 54.209293 19.076323 20.602457
v -10.406521 11.4718275 13.174644
v -21.92436 11.491987 13.174644
v -21.92436 11.491987 20.602448
v -10.406521 11.471832 20.602404
v 7.0470877 19.989191 13.174644
v -10.398317 19.944912 20.602448
v 7.0470877 19.989191 20.602448
v -10.398317 19.944912 13.174644
v -11.137167 19.93437 20.602448
v -11.137167 19.93437 13.174644
v -22.660793 19.934366 20.570387
v -22.660793 19.934366 4.0708637
v -11.137167 19.93437 20.602448
v -22.660793 19.934366 20.570387
v -22.660378 20.619547 20.570387
v -11.136443 20.68188 20.602448
v 0.4890827 60.88633 13.174644
v 0.48924452 43.265102 13.174644
v 0.48924437 43.265102 20.602448
v 0.48908255 60.88633 20.602448
v 32.634056 60.88633 13.174644
v 0.4890827 60.88633 13.174644
v 0.48908255 60.88633 20.602448
v 32.634056 60.88633 20.602448
v 23.860725 43.265102 13.174645
v 23.849098 42.526264 13.174644
v 23.849098 42.526264 20.602448
v 23.860725 43.265102 20.602448
v -85.218506 0.7388393 20.602448
v -85.25922 0 20.602448
v -85.95676 0 20.602448
v -85.25184 42.526833 20.602448
v -85.99068 42.52626 20.602448
v -85.26572 60.88633 20.602448
v -86.00511 61.625168 20.602448
v -52.723885 60.88633 20.602448
v -52.723885 61.625168 20.602448
v -31.6992 60.88633 20.602448
v -30.96011 61.625168 20.602448
v -31.705172 43.2651 20.602448
v -30.966583 42.52626 20.602448
v -42.73375 43.2651 20.602448
v -42.73375 42.52626 20.602448
v -53.3211 43.2651 20.602448
v -52.575775 42.52626 20.602448
v -53.156113 24.385826 20.602448
v -53.3211 43.2651 20.602448
v -52.575775 42.52626 20.602448
v -52.417297 24.391708 20.602448
v -52.321243 11.026108 20.602448
v -53.05976 10.978882 20.602448
v 11.553052 43.265102 20.602448
v 23.860725 43.265102 20.602448
v 23.849098 42.526264 20.602448
v 11.553052 42.526264 20.602448
v 0.48924437 43.265102 20.602448
v -0.24958816 42.526264 20.602448
v 0.48908255 60.88633 20.602448
v -0.24976364 61.625168 20.602448
v 32.634056 60.88633 20.602448
v 33.00627 61.625168 20.602448
v 46.55703 42.086536 20.602457
v 47.150772 42.526257 20.602457
v 54.20929 31.75392 20.602457
v 54.948128 31.99772 20.602457
v 54.20933 24.391659 20.602457
v 54.94817 24.391659 20.602457
v 54.209293 19.076323 20.602457
v 54.948128 18.340172 20.602457
v -21.891418 0.73883945 20.602448
v -21.891422 0 20.602448
v -22.627998 0 20.602448
v -21.92436 11.491987 20.602448
v -22.66547 12.232124 20.602448
v -10.406521 11.471832 20.602404
v -11.144644 12.21196 20.602448
v 7.0269594 0.73883927 20.602448
v 7.7774277 12.196421 20.602448
v 7.765049 0 20.602448
v 7.0385885 12.197199 20.602448
v 7.7867355 20.72991 20.602448
v 7.0470877 19.989191 20.602448
v -11.136443 20.68188 20.602448
v -10.398317 19.944912 20.602448
v -11.137167 19.93437 20.602448
v 36.02984 32.73655 20.602457
v 36.02308 24.391514 20.602457
v 35.28424 24.391815 20.602457
v 35.2904 31.997711 20.602457
v 24.594233 31.9977 20.602448
v 24.587938 32.736538 20.602448
v 23.849098 31.9977 20.602448
v 23.849098 32.75121 20.602448
v 36.023045 19.010042 20.602457
v 54.209293 19.076323 20.602457
v 54.948128 18.340172 20.602457
v 35.2842 18.268505 20.602457
v 36.02308 24.391514 20.602457
v 35.28424 24.391815 20.602457
v 36.023045 19.010042 13.174654
v 54.209293 19.076323 13.174654
v 54.209293 19.076323 20.602457
v 36.023045 19.010042 20.602457
v 23.849098 42.526264 13.174644
v 11.553052 42.526264 20.602448
v 23.849098 42.526264 20.602448
v 11.553052 42.526264 13.174644
v 11.5858755 42.526264 4.0708632
v -0.249588 42.526264 4.0708656
v -0.24958801 42.526264 13.174644
v 11.553052 42.526264 13.174644
v -0.24958816 42.526264 20.602448
v -42.73375 43.2651 13.174644
v -31.705172 43.2651 13.174644
v -31.705172 43.2651 20.602448
v -42.73375 43.2651 20.602448
v -53.3211 43.2651 13.174644
v -53.3211 43.2651 20.602448
v -85.218506 0.7388393 13.174644
v -85.25922 0 13.174644
v -85.25922 0 20.602448
v -85.218506 0.7388393 20.602448
v -11.144644 12.21196 13.174644
v -10.406521 11.4718275 13.174644
v -10.406521 11.471832 20.602404
v -11.144644 12.21196 20.602448
v -52.575775 42.52626 13.174644
v -52.417297 24.391708 20.602448
v -52.575775 42.52626 20.602448
v -52.417297 24.391708 13.174644
v -52.575775 42.52626 4.0708637
v -52.321243 11.026108 20.602448
v -52.417297 24.391762 4.0708637
v -52.321243 11.026108 13.174644
v -31.705172 43.2651 13.174644
v -31.6992 60.88633 13.174644
v -31.6992 60.88633 20.602448
v -31.705172 43.2651 20.602448
v 54.948128 18.340172 13.174654
v 35.2842 18.268505 13.174654
v 35.2842 18.268505 20.602457
v 54.948128 18.340172 20.602457
v -43.51277 24.391712 4.0708637
v -42.784637 24.391708 4.0708637
v -42.784637 24.391708 20.316326
v -43.51277 24.391712 20.316326
v 46.55703 42.086536 13.174654
v 32.634056 60.88633 13.174644
v 32.634056 60.88633 20.602448
v 46.55703 42.086536 20.602457
v 54.20929 31.75392 13.174654
v 54.20929 31.75392 20.602457
v -22.660378 20.619547 4.0708637
v -22.660378 20.619547 20.570387
v -22.660793 19.934366 20.570387
v -22.660793 19.934366 4.0708637
v 11.581361 31.9977 4.070863
v 11.581684 32.75121 4.070863
v 11.581684 32.75121 20.234901
v 11.581361 31.9977 20.234901
v 23.849098 31.9977 20.602448
v 11.581361 31.9977 20.234901
v 11.581684 32.75121 20.234901
v 23.849098 32.75121 20.602448
v -10.405839 12.176086 20.602404
v -10.405839 12.176081 13.174644
v -10.406521 11.4718275 13.174644
v -10.406521 11.471832 20.602404
v -53.0573 -0.7388394 13.174644
v -53.05482 -10.288681 13.174644
v -53.05978 -10.978882 13.174644
v -0.24954604 -24.391659 4.0708637
v 23.84914 -24.391659 4.0708637
v 23.849098 -31.9977 4.07086
v 35.29595 -31.997864 4.070862
v 23.849098 -31.9977 4.07086
v 35.284184 -24.391811 4.0708637
v -53.05482 -10.288681 13.174644
v -52.321243 -11.026108 13.174644
v -53.05978 -10.978882 13.174644
v -53.156113 -24.385826 13.174644
v -85.218506 -0.7388393 13.174644
v -53.0573 -0.7388394 13.174644
v -53.3211 -43.2651 13.174644
v -85.25922 0 13.174644
v -53.0573 0 13.174644
v -43.524742 0 13.174644
v -43.52275 -0.7388393 13.174644
v -53.05482 -10.288681 13.174644
v -43.52195 -10.2703085 13.174644
v -43.512768 -11.009131 13.174644
v -52.321243 -11.026108 13.174644
v -85.25184 -42.526833 13.174644
v -52.723885 -60.88633 13.174644
v -85.26572 -60.88633 13.174644
v -42.73375 -43.2651 13.174644
v -31.705172 -43.2651 13.174644
v -31.6992 -60.88633 13.174644
v -53.05978 10.978882 13.174644
v -53.05482 10.288681 13.174644
v -53.0573 0.7388394 13.174644
v 23.849098 31.9977 4.07086
v 23.84914 24.391659 4.0708637
v -0.24954604 24.391659 4.0708637
v 35.29595 31.997864 4.070862
v 35.284184 24.391811 4.0708637
v 23.849098 31.9977 4.07086
v -53.05482 10.288681 13.174644
v -53.05978 10.978882 13.174644
v -52.321243 11.026108 13.174644
v -85.218506 0.7388393 13.174644
v -53.156113 24.385826 13.174644
v -53.3211 43.2651 13.174644
v -53.0573 0.7388394 13.174644
v -85.25184 42.526833 13.174644
v -85.25922 0 13.174644
v -52.723885 60.88633 13.174644
v -85.26572 60.88633 13.174644
v -53.0573 0 13.174644
v -43.524742 0 13.174644
v -43.52275 0.7388393 13.174644
v -53.05482 10.288681 13.174644
v -43.52195 10.2703085 13.174644
v -43.512768 11.009131 13.174644
v -52.321243 11.026108 13.174644
v -31.6992 60.88633 13.174644
v -31.705172 43.2651 13.174644
v -42.73375 43.2651 13.174644
v -53.3211 43.2651 13.174644
v -0.24976349 -61.625168 4.0708637
v -30.96011 -61.625168 4.0708637
v -30.966583 -42.52626 4.0708637
v -0.249588 -42.526264 4.0708656
v -42.73375 -42.52626 4.0708637
v -42.784637 -24.391708 4.0708637
v -0.249588 -42.526264 4.0708656
v -0.249588 -32.75121 4.0708647
v -0.249588 -31.9977 4.0708647
v -0.24954604 -24.391659 4.0708637
v -42.73375 -42.52626 4.0708637
v -52.575775 -42.52626 4.0708637
v -43.51277 -24.391712 4.0708637
v -52.417297 -24.391762 4.0708637
v 23.84914 -24.391659 4.0708637
v 7.7867355 -20.72991 4.0708637
v 23.929752 -18.268707 4.0708637
v -11.136443 -20.68188 4.0708637
v -42.784637 -24.391708 4.0708637
v -22.660378 -20.619547 4.0708637
v -42.783783 -20.558006 4.0708637
v 7.7774277 -12.196422 4.0708637
v 23.929752 -18.268707 4.0708637
v 23.8967 -10.927704 4.0708637
v 7.765049 0 4.0708637
v 23.909973 0 4.0708637
v -22.660793 -19.934366 4.0708637
v -42.783783 -20.558006 4.0708637
v -22.66547 -12.232124 4.0708637
v -42.783047 -11.007726 4.0708637
v -42.783974 0 4.0708637
v -22.627998 0 4.0708637
v 35.179115 0 4.0708637
v 35.215824 -10.9130945 4.0708637
v 23.8967 -10.927704 4.0708637
v 54.948128 -10.88762 4.0708637
v 54.948128 0 4.0708637
v 54.948128 -18.340172 4.0708637
v 35.2842 -18.268707 4.0708637
v 23.929752 -18.268707 4.0708637
v 0.4890827 -60.88633 13.174644
v 0.48924452 -43.265102 13.174644
v 11.553052 -43.265102 13.174644
v 23.860725 -43.265102 13.174645
v 24.587938 -43.265102 13.174645
v 23.849098 -42.526264 13.174644
v 32.634056 -60.88633 13.174644
v 35.27634 -42.52626 13.174654
v 46.55703 -42.086536 13.174654
v 36.02984 -32.73655 13.174654
v 54.20929 -31.75392 13.174654
v 54.20933 -24.391659 13.174654
v 54.20929 -31.75392 13.174654
v 36.02308 -24.391514 13.174654
v 54.209293 -19.076323 13.174654
v 36.02308 -24.391514 13.174654
v 36.023045 -19.010042 13.174654
v 24.587938 -43.265102 13.174645
v 36.02984 -32.73655 13.174654
v 35.27634 -42.52626 13.174654
v 24.587938 -32.736538 13.174645
v 23.849098 -32.75121 13.174644
v 23.849098 -42.526264 13.174644
v 35.284184 -24.391811 4.0708637
v 23.84914 -24.391659 4.0708637
v 23.929752 -18.268707 4.0708637
v 35.2842 -18.268707 4.0708637
v -10.406521 -11.4718275 13.174644
v -21.92436 -11.491987 13.174644
v -21.891418 -0.73883945 13.174644
v 7.0269594 -0.73883927 13.174644
v -21.891422 0 13.174644
v 7.020256 0 13.174644
v 7.0385885 -12.197199 13.174644
v -10.405839 -12.176081 13.174644
v -10.398317 -19.944912 13.174644
v 7.0470877 -19.989191 13.174644
v -11.144644 -12.21196 13.174644
v -11.137167 -19.93437 13.174644
v -22.66547 -12.232124 4.0708637
v -11.144644 -12.21196 13.174644
v -11.137167 -19.93437 13.174644
v -22.660793 -19.934366 4.0708637
v 23.849098 -31.9977 4.07086
v 11.581361 -31.9977 4.070863
v -0.24954604 -24.391659 4.0708637
v -0.249588 -31.9977 4.0708647
v 11.5858755 -42.526264 4.0708632
v -0.249588 -42.526264 4.0708656
v -0.249588 -32.75121 4.0708647
v 11.581684 -32.75121 4.070863
v -0.249588 -32.75121 4.0708647
v -0.249588 -31.9977 4.0708647
v 11.581361 -31.9977 4.070863
v 11.581684 -32.75121 4.070863
v 23.849098 -32.75121 13.174644
v 23.849098 -42.526264 13.174644
v 11.5858755 -42.526264 4.0708632
v 11.581684 -32.75121 4.070863
v -43.51277 -24.391712 4.0708637
v -52.417297 -24.391762 4.0708637
v -52.321243 -11.026108 13.174644
v -43.512768 -11.009131 13.174644
v -0.24976349 61.625168 4.0708637
v -30.966583 42.52626 4.0708637
v -30.96011 61.625168 4.0708637
v -0.249588 42.526264 4.0708656
v -30.966583 42.52626 4.0708637
v -0.249588 32.75121 4.0708647
v -0.249588 31.9977 4.0708647
v -42.784637 24.391708 4.0708637
v -42.73375 42.52626 4.0708637
v -0.24954604 24.391659 4.0708637
v -11.136443 20.68188 4.0708637
v -22.660378 20.619547 4.0708637
v -42.783783 20.558006 4.0708637
v 7.7867355 20.72991 4.0708637
v 23.84914 24.391659 4.0708637
v 23.929752 18.268707 4.0708637
v -42.783783 20.558006 4.0708637
v -22.660793 19.934366 4.0708637
v -22.66547 12.232124 4.0708637
v -42.783047 11.007726 4.0708637
v -42.783974 0 4.0708637
v -22.627998 0 4.0708637
v 7.7774277 12.196422 4.0708637
v 23.929752 18.268707 4.0708637
v 23.8967 10.927704 4.0708637
v 7.765049 0 4.0708637
v 23.909973 0 4.0708637
v 23.8967 10.927704 4.0708637
v 35.215824 10.9130945 4.0708637
v 35.179115 0 4.0708637
v 35.2842 18.268707 4.0708637
v 23.929752 18.268707 4.0708637
v 54.948128 18.340172 4.0708637
v 54.948128 10.88762 4.0708637
v 54.948128 0 4.0708637
v -52.575775 42.52626 4.0708637
v -42.73375 42.52626 4.0708637
v -42.784637 24.391708 4.0708637
v -43.51277 24.391712 4.0708637
v -52.417297 24.391762 4.0708637
v 11.553052 43.265102 13.174644
v 0.48924452 43.265102 13.174644
v 0.4890827 60.88633 13.174644
v 23.860725 43.265102 13.174645
v 24.587938 43.265102 13.174645
v 23.849098 42.526264 13.174644
v 32.634056 60.88633 13.174644
v 35.27634 42.52626 13.174654
v 46.55703 42.086536 13.174654
v 36.02984 32.73655 13.174654
v 54.20929 31.75392 13.174654
v 54.20933 24.391659 13.174654
v 36.02308 24.391514 13.174654
v 54.20929 31.75392 13.174654
v 54.209293 19.076323 13.174654
v 36.02308 24.391514 13.174654
v 36.023045 19.010042 13.174654
v 24.587938 43.265102 13.174645
v 35.27634 42.52626 13.174654
v 36.02984 32.73655 13.174654
v 24.587938 32.736538 13.174645
v 23.849098 32.75121 13.174644
v 23.849098 42.526264 13.174644
v 35.284184 24.391811 4.0708637
v 35.2842 18.268707 4.0708637
v 23.929752 18.268707 4.0708637
v 23.84914 24.391659 4.0708637
v -21.891418 0.73883945 13.174644
v -21.92436 11.491987 13.174644
v -10.406521 11.4718275 13.174644
v 7.0269594 0.73883927 13.174644
v -21.891422 0 13.174644
v 7.020256 0 13.174644
v 7.0385885 12.197199 13.174644
v -10.405839 12.176081 13.174644
v -10.398317 19.944912 13.174644
v 7.0470877 19.989191 13.174644
v -11.144644 12.21196 13.174644
v -11.137167 19.93437 13.174644
v -22.66547 12.232124 4.0708637
v -22.660793 19.934366 4.0708637
v -11.137167 19.93437 13.174644
v -11.144644 12.21196 13.174644
v -0.24954604 24.391659 4.0708637
v 11.581361 31.9977 4.070863
v 23.849098 31.9977 4.07086
v -0.249588 31.9977 4.0708647
v 11.5858755 42.526264 4.0708632
v 11.581684 32.75121 4.070863
v -0.249588 32.75121 4.0708647
v -0.249588 42.526264 4.0708656
v -0.249588 32.75121 4.0708647
v 11.581684 32.75121 4.070863
v 11.581361 31.9977 4.070863
v -0.249588 31.9977 4.0708647
v 23.849098 32.75121 13.174644
v 11.581684 32.75121 4.070863
v 11.5858755 42.526264 4.0708632
v 23.849098 42.526264 13.174644
v -43.51277 24.391712 4.0708637
v -43.512768 11.009131 13.174644
v -52.321243 11.026108 13.174644
v -52.417297 24.391762 4.0708637
vt 0.34133795 0.33628523
vt 0.66288507 0.65307254
vt 0.6852852 0.67514116
vt 0 0
vt 0 0
vt 0 0
vt 0.71268165 0.62468064
vt 0.7115106 0.62468064
vt 0.7126811 0.6257527
vt 0.6852852 0.67514116
vt 0.66288507 0.65307254
vt 0.34133795 0.33628523
vt 0 0
vt 0 0
vt 0 0
vt 0.71268165 0.62468064
vt 0.7126811 0.6257527
vt 0.7115106 0.62468064
vt 0.7904302 0.6671364
vt 0.7923568 0.6672731
vt 0.790052 0.64497876
vt 0.7881417 0.6449112
vt 0.7899325 0.64360964
vt 0.78811425 0.6260506
vt 0.78605556 0.6246807
vt 0.78797585 0.6246807
vt 0.7948129 0.70382345
vt 0.82054687 0.70714194
vt 0.82054687 0.70714194
vt 0.7948129 0.70382345
vt 0.7823076 0.70221084
vt 0.82054687 0.70714194
vt 0.7823076 0.70221084
vt 0.7948129 0.70382345
vt 0.7823076 0.70221084
vt 0.7882365 0.7376052
vt 0.7823076 0.70221084
vt 0.7823076 0.70221084
vt 0.7882365 0.7376052
vt 0.7823076 0.70221084
vt 0.7882365 0.7376052
vt 0.7904302 0.6671364
vt 0.7881417 0.6449112
vt 0.7881417 0.6449112
vt 0.7892007 0.65519613
vt 0.78605556 0.6246807
vt 0.78605556 0.6246807
vt 0.7881417 0.6449112
vt 0.7881417 0.6449112
vt 0.7881417 0.6449112
vt 0.78605556 0.6246807
vt 0.7881417 0.6449112
vt 0.7904302 0.6671364
vt 0.7904302 0.6671364
vt 0.7881417 0.6449112
vt 0.7904302 0.6671364
vt 0.7904302 0.6671364
vt 0.7904302 0.6671364
vt 0.7892007 0.65519613
vt 0.7881417 0.6449112
vt 0.72795147 0.69520146
vt 0.73653865 0.7302198
vt 0.73653865 0.7302198
vt 0.72795147 0.69520146
vt 0.73653865 0.7302198
vt 0.72795147 0.69520146
vt 0.7592989 0.62468064
vt 0.76110566 0.6439557
vt 0.76110566 0.6439557
vt 0.7592989 0.62468064
vt 0.76110566 0.6439557
vt 0.7592989 0.62468064
vt 0.76110566 0.6439557
vt 0.76110566 0.6439557
vt 0.76110566 0.6439557
vt 0.7344067 0.6524968
vt 0.71316195 0.6514502
vt 0.71316195 0.6514502
vt 0.7344067 0.6524968
vt 0.71316195 0.6514502
vt 0.76197904 0.6538551
vt 0.7344067 0.6524968
vt 0.76197904 0.6538551
vt 0.73371637 0.6429877
vt 0.76110566 0.6439557
vt 0.76110566 0.6439557
vt 0.73371637 0.6429877
vt 0.76110566 0.6439557
vt 0.73371637 0.6429877
vt 0 0
vt 0.7328923 0.6429265
vt 0.625 0.6553931
vt 0 0
vt 0.625 0.6666666
vt 0.625 0.6553931
vt 0.625 0.6553931
vt 0.625 0.64710706
vt 0.625 0.64710706
vt 0.625 0.6666666
vt 0.625 0.6666666
vt 0.625 0.6553931
vt 0.625 0.64710706
vt 0.625 0.6553931
vt 0.625 0.64710706
vt 0.62499994 0.6391455
vt 0.62499994 0.6391455
vt 0.62499994 0.62468064
vt 0.62499994 0.62468064
vt 0.62499994 0.6391455
vt 0.62499994 0.6391455
vt 0.625 0.64710706
vt 0.625 0.64710706
vt 0.625 0.6553931
vt 0.625 0.6553931
vt 0.625 0.64710706
vt 0.625 0.6553931
vt 0.625 0.64710706
vt 0.625 0.6553931
vt 0.625 0.6666666
vt 0.625 0.6666666
vt 0.625 0.6553931
vt 0.625 0.6666666
vt 0 0
vt 0.71474516 0.6934985
vt 0.45020127 0.43195024
vt 0.70098674 0.6917243
vt 0.71474516 0.6934985
vt 0.70098674 0.6917243
vt 0.72795147 0.69520146
vt 0.72795147 0.69520146
vt 0.71474516 0.6934985
vt 0.72795147 0.69520146
vt 0.45020127 0.43195024
vt 0.73653865 0.7302198
vt 0.73653865 0.7302198
vt 0.7882365 0.7376052
vt 0.7882365 0.7376052
vt 0 0
vt 0 0
vt 0 0
vt 0 0
vt 0 0
vt 0 0
vt 0 0
vt 0 0
vt 0 0
vt 0 0
vt 0 0
vt 0 0
vt 0 0
vt 0 0
vt 0 0
vt 0 0
vt 0 0
vt 0 0
vt 0 0
vt 0 0
vt 0 0
vt 0 0
vt 0 0
vt 0 0
vt 0 0
vt 0 0
vt 0 0
vt 0 0
vt 0 0
vt 0 0
vt 0 0
vt 0 0
vt 0 0
vt 0 0
vt 0 0
vt 0 0
vt 0 0
vt 0 0
vt 0 0
vt 0 0
vt 0 0
vt 0 0
vt 0 0
vt 0 0
vt 0 0
vt 0 0
vt 0 0
vt 0 0
vt 0 0
vt 0 0
vt 0 0
vt 0 0
vt 0 0
vt 0 0
vt 0 0
vt 0 0
vt 0.6489436 0.65237004
vt 0.646324 0.65690684
vt 0.646324 0.65690684
vt 0.6489436 0.65237004
vt 0.646324 0.65690684
vt 0.6489436 0.65237004
vt 0.34133795 0.33628523
vt 0.34133795 0.33628523
vt 0.34133795 0.33628523
vt 0.16000135 0.15736671
vt 0.646324 0.65690684
vt 0.16000135 0.15736671
vt 0.34133795 0.33628523
vt 0.6852852 0.67514116
vt 0.33479184 0.329279
vt 0.52714497 0.50673115
vt 0.6852852 0.67514116
vt 0.6852852 0.67514116
vt 0.52714497 0.50673115
vt 0.66288507 0.65307254
vt 0.66288507 0.65307254
vt 0.34133795 0.33628523
vt 0.34133795 0.33628523
vt 0.625 0.64710706
vt 0.625 0.64710706
vt 0.64761853 0.6482214
vt 0.6476185 0.6482214
vt 0.6545298 0.67202044
vt 0.6545298 0.67202044
vt 0.6455229 0.6568497
vt 0.6455229 0.6568497
vt 0.64775586 0.65276074
vt 0.64775586 0.65276074
vt 0.81311095 0.6457937
vt 0.81311095 0.6457937
vt 0.8149839 0.64563614
vt 0.8149839 0.64563614
vt 0.8738663 0.7484027
vt 0.8738663 0.7484027
vt 0.873796 0.71247554
vt 0.873796 0.71247554
vt 0.87362 0.6261838
vt 0.87362 0.6261838
vt 0.6843348 0.67603934
vt 0.6545298 0.67202044
vt 0.6545298 0.67202044
vt 0.6843348 0.67603934
vt 0.6864089 0.676328
vt 0.6864089 0.676328
vt 0.5216383 0.50137925
vt 0.5216383 0.50137925
vt 0.8149839 0.64563614
vt 0.8149839 0.64563614
vt 0.81724507 0.66925234
vt 0.81724507 0.66925234
vt 0.8221592 0.70871705
vt 0.8221592 0.70871705
vt 0.8247166 0.74145955
vt 0.8738663 0.7484027
vt 0.8738663 0.7484027
vt 0.8247166 0.74145955
vt 0.78922576 0.736407
vt 0.78922576 0.736407
vt 0.7273232 0.69643086
vt 0.7273232 0.69643086
vt 0.7146665 0.6947958
vt 0.7146665 0.6947958
vt 0.7002832 0.6927968
vt 0.7002832 0.6927968
vt 0.6258012 0.65545005
vt 0.62594545 0.6664098
vt 0.62594545 0.6664098
vt 0.6258012 0.65545005
vt 0.6258711 0.6482746
vt 0.6258711 0.6482746
vt 0.7328355 0.64213747
vt 0.7328355 0.64213747
vt 0.75942886 0.642746
vt 0.75942886 0.642746
vt 0.71343446 0.6422711
vt 0.7139422 0.65069014
vt 0.7139422 0.65069014
vt 0.71343446 0.6422711
vt 0.7126811 0.6257527
vt 0.7126811 0.6257527
vt 0.71268165 0.62468064
vt 0.71268165 0.62468064
vt 0.7126811 0.6257527
vt 0.7126811 0.6257527
vt 0.71343446 0.6422711
vt 0.71343446 0.6422711
vt 0.7139422 0.65069014
vt 0.7139422 0.65069014
vt 0.7139422 0.65069014
vt 0.7139422 0.65069014
vt 0.7335185 0.6516303
vt 0.7335185 0.6516303
vt 0.7343458 0.6516576
vt 0.7343458 0.6516576
vt 0.7619077 0.6530464
vt 0.7619077 0.6530464
vt 0.75942886 0.642746
vt 0.75942886 0.642746
vt 0.7581616 0.6258318
vt 0.7581616 0.6258318
vt 0.7581408 0.62468064
vt 0.7581408 0.62468064
vt 0.7581616 0.6258318
vt 0.7581616 0.6258318
vt 0.75942886 0.642746
vt 0.75942886 0.642746
vt 0.7343458 0.6516576
vt 0.7344067 0.6524968
vt 0.76197904 0.6538551
vt 0.7619077 0.6530464
vt 0.735014 0.7287015
vt 0.735014 0.7287015
vt 0.7273232 0.69643086
vt 0.7273232 0.69643086
vt 0.68084955 0.7210371
vt 0.68084955 0.7210371
vt 0.735014 0.7287015
vt 0.735014 0.7287015
vt 0.7002832 0.6927968
vt 0.7002832 0.6927968
vt 0.70098674 0.6917243
vt 0.70098674 0.6917243
vt 0.87362 0.6261838
vt 0.87499994 0.62468076
vt 0.8736669 0.62468076
vt 0.873796 0.71247554
vt 0.875 0.712595
vt 0.8738663 0.7484027
vt 0.875 0.75
vt 0.8247166 0.74145955
vt 0.8248737 0.7428391
vt 0.78922576 0.736407
vt 0.7882365 0.7376052
vt 0.78347635 0.70370454
vt 0.7823076 0.70221084
vt 0.7961472 0.7053455
vt 0.7948129 0.70382345
vt 0.8221592 0.70871705
vt 0.82054687 0.70714194
vt 0.81724507 0.66925234
vt 0.82054687 0.70714194
vt 0.8221592 0.70871705
vt 0.81591713 0.66894555
vt 0.81311095 0.6457937
vt 0.8149839 0.64563614
vt 0.7146665 0.6947958
vt 0.70098674 0.6917243
vt 0.7002832 0.6927968
vt 0.71474516 0.6934985
vt 0.7273232 0.69643086
vt 0.72795147 0.69520146
vt 0.735014 0.7287015
vt 0.73653865 0.7302198
vt 0.68084955 0.7210371
vt 0.6805554 0.72222215
vt 0.6453458 0.68574166
vt 0.64474237 0.68640906
vt 0.62594545 0.6664098
vt 0.625 0.6666666
vt 0.6258012 0.65545005
vt 0.625 0.6553931
vt 0.6258711 0.6482746
vt 0.625 0.64710706
vt 0.7581616 0.6258318
vt 0.7592989 0.62468064
vt 0.7581408 0.62468064
vt 0.75942886 0.642746
vt 0.76110566 0.6439557
vt 0.7328355 0.64213747
vt 0.73371637 0.6429877
vt 0.7126811 0.6257527
vt 0.7115106 0.62468064
vt 0.71261036 0.6422418
vt 0.71343446 0.6422711
vt 0.71316195 0.6514502
vt 0.7139422 0.65069014
vt 0.7344067 0.6524968
vt 0.7335185 0.6516303
vt 0.7343458 0.6516576
vt 0.64775586 0.65276074
vt 0.625 0.64710706
vt 0.6258711 0.6482746
vt 0.6489436 0.65237004
vt 0.6455229 0.6568497
vt 0.646324 0.65690684
vt 0.6545298 0.67202044
vt 0.65502787 0.67088777
vt 0.6833147 0.6748641
vt 0.6843348 0.67603934
vt 0.6852852 0.67514116
vt 0.6864089 0.676328
vt 0.71316195 0.6514502
vt 0.71316195 0.6514502
vt 0.71261036 0.6422418
vt 0.71261036 0.6422418
vt 0.71316195 0.6514502
vt 0.71261036 0.6422418
vt 0.7115106 0.62468064
vt 0.7115106 0.62468064
vt 0.7115106 0.62468064
vt 0.71261036 0.6422418
vt 0.71261036 0.6422418
vt 0.71316195 0.6514502
vt 0.71261036 0.6422418
vt 0.71316195 0.6514502
vt 0.71316195 0.6514502
vt 0.64775586 0.65276074
vt 0.64775586 0.65276074
vt 0.6258711 0.6482746
vt 0.6258711 0.6482746
vt 0.7961472 0.7053455
vt 0.78347635 0.70370454
vt 0.78347635 0.70370454
vt 0.7961472 0.7053455
vt 0.8221592 0.70871705
vt 0.8221592 0.70871705
vt 0.87362 0.6261838
vt 0.87362 0.6261838
vt 0.8736669 0.62468076
vt 0.8736669 0.62468076
vt 0.73371637 0.6429877
vt 0.73371637 0.6429877
vt 0.7328355 0.64213747
vt 0.7328355 0.64213747
vt 0.82054687 0.70714194
vt 0.82054687 0.70714194
vt 0.81591713 0.66894555
vt 0.81591713 0.66894555
vt 0.82054687 0.70714194
vt 0.81311095 0.6457937
vt 0.81591713 0.66894555
vt 0.81311095 0.6457937
vt 0.78347635 0.70370454
vt 0.78347635 0.70370454
vt 0.78922576 0.736407
vt 0.78922576 0.736407
vt 0.625 0.64710706
vt 0.625 0.64710706
vt 0.64761853 0.6482214
vt 0.64761853 0.6482214
vt 0.7923568 0.6672731
vt 0.7923568 0.6672731
vt 0.7904302 0.6671364
vt 0.7904302 0.6671364
vt 0.6453458 0.68574166
vt 0.68084955 0.7210371
vt 0.68084955 0.7210371
vt 0.6453458 0.68574166
vt 0.62594545 0.6664098
vt 0.62594545 0.6664098
vt 0.76197904 0.6538551
vt 0.7619077 0.6530464
vt 0.7619077 0.6530464
vt 0.76197904 0.6538551
vt 0.52714497 0.50673115
vt 0.52714497 0.50673115
vt 0.5216383 0.50137925
vt 0.5216383 0.50137925
vt 0.6852852 0.67514116
vt 0.6864089 0.676328
vt 0.5216383 0.50137925
vt 0.52714497 0.50673115
vt 0.790052 0.64497876
vt 0.7923568 0.6672731
vt 0.7923568 0.6672731
vt 0.790052 0.64497876
vt 0.7899325 0.64360964
vt 0.7899325 0.64360964
vt 0.78811425 0.6260506
vt 0.78811425 0.6260506
vt 0.78797585 0.6246807
vt 0.78797585 0.6246807
vt 0.78811425 0.6260506
vt 0.78811425 0.6260506
vt 0.7899325 0.64360964
vt 0.7899325 0.64360964
vt 0.790052 0.64497876
vt 0.790052 0.64497876
vt 0.7923568 0.6672731
vt 0.7923568 0.6672731
vt 0 0
vt 0 0
vt 0.7328355 0.64213747
vt 0.7328923 0.6429265
vt 0.7904302 0.6671364
vt 0.790052 0.64497876
vt 0.7923568 0.6672731
vt 0.7881417 0.6449112
vt 0.7899325 0.64360964
vt 0.78811425 0.6260506
vt 0.78605556 0.6246807
vt 0.78797585 0.6246807
vt 0.7948129 0.70382345
vt 0.82054687 0.70714194
vt 0.82054687 0.70714194
vt 0.7948129 0.70382345
vt 0.7823076 0.70221084
vt 0.82054687 0.70714194
vt 0.7823076 0.70221084
vt 0.7948129 0.70382345
vt 0.7823076 0.70221084
vt 0.7882365 0.7376052
vt 0.7823076 0.70221084
vt 0.7823076 0.70221084
vt 0.7882365 0.7376052
vt 0.7823076 0.70221084
vt 0.7882365 0.7376052
vt 0.72795147 0.69520146
vt 0.73653865 0.7302198
vt 0.73653865 0.7302198
vt 0.72795147 0.69520146
vt 0.73653865 0.7302198
vt 0.72795147 0.69520146
vt 0.7344067 0.6524968
vt 0.71316195 0.6514502
vt 0.71316195 0.6514502
vt 0.7344067 0.6524968
vt 0.71316195 0.6514502
vt 0.76197904 0.6538551
vt 0.7344067 0.6524968
vt 0.76197904 0.6538551
vt 0.73371637 0.6429877
vt 0.76110566 0.6439557
vt 0.76110566 0.6439557
vt 0.73371637 0.6429877
vt 0.76110566 0.6439557
vt 0.7328923 0.6429265
vt 0 0
vt 0.73371637 0.6429877
vt 0.73653865 0.7302198
vt 0.7882365 0.7376052
vt 0.7882365 0.7376052
vt 0.73653865 0.7302198
vt 0 0
vt 0 0
vt 0 0
vt 0 0
vt 0 0
vt 0 0
vt 0 0
vt 0 0
vt 0 0
vt 0 0
vt 0 0
vt 0 0
vt 0 0
vt 0 0
vt 0 0
vt 0 0
vt 0 0
vt 0 0
vt 0 0
vt 0 0
vt 0 0
vt 0 0
vt 0 0
vt 0 0
vt 0 0
vt 0 0
vt 0 0
vt 0 0
vt 0 0
vt 0 0
vt 0 0
vt 0 0
vt 0 0
vt 0 0
vt 0 0
vt 0 0
vt 0.6489436 0.65237004
vt 0.646324 0.65690684
vt 0.646324 0.65690684
vt 0.6489436 0.65237004
vt 0.646324 0.65690684
vt 0.6489436 0.65237004
vt 0.34133795 0.33628523
vt 0.34133795 0.33628523
vt 0.646324 0.65690684
vt 0.16000135 0.15736671
vt 0.34133795 0.33628523
vt 0.6852852 0.67514116
vt 0.34133795 0.33628523
vt 0.16000135 0.15736671
vt 0.33479184 0.329279
vt 0.52714497 0.50673115
vt 0.6852852 0.67514116
vt 0.6852852 0.67514116
vt 0.52714497 0.50673115
vt 0.66288507 0.65307254
vt 0.66288507 0.65307254
vt 0.34133795 0.33628523
vt 0.34133795 0.33628523
vt 0.625 0.64710706
vt 0.6476185 0.6482214
vt 0.64761853 0.6482214
vt 0.625 0.64710706
vt 0.6545298 0.67202044
vt 0.6455229 0.6568497
vt 0.6545298 0.67202044
vt 0.6455229 0.6568497
vt 0.64775586 0.65276074
vt 0.64775586 0.65276074
vt 0.81311095 0.6457937
vt 0.8149839 0.64563614
vt 0.8149839 0.64563614
vt 0.81311095 0.6457937
vt 0.8738663 0.7484027
vt 0.873796 0.71247554
vt 0.8738663 0.7484027
vt 0.873796 0.71247554
vt 0.87362 0.6261838
vt 0.87362 0.6261838
vt 0.6843348 0.67603934
vt 0.6545298 0.67202044
vt 0.6545298 0.67202044
vt 0.6843348 0.67603934
vt 0.6864089 0.676328
vt 0.6864089 0.676328
vt 0.5216383 0.50137925
vt 0.5216383 0.50137925
vt 0.8149839 0.64563614
vt 0.81724507 0.66925234
vt 0.8149839 0.64563614
vt 0.81724507 0.66925234
vt 0.8221592 0.70871705
vt 0.8221592 0.70871705
vt 0.8247166 0.74145955
vt 0.8738663 0.7484027
vt 0.8738663 0.7484027
vt 0.8247166 0.74145955
vt 0.78922576 0.736407
vt 0.78922576 0.736407
vt 0.7273232 0.69643086
vt 0.7146665 0.6947958
vt 0.7273232 0.69643086
vt 0.7146665 0.6947958
vt 0.7002832 0.6927968
vt 0.7002832 0.6927968
vt 0.6258012 0.65545005
vt 0.62594545 0.6664098
vt 0.62594545 0.6664098
vt 0.6258012 0.65545005
vt 0.6258711 0.6482746
vt 0.6258711 0.6482746
vt 0.7328355 0.64213747
vt 0.75942886 0.642746
vt 0.75942886 0.642746
vt 0.7328355 0.64213747
vt 0.7139422 0.65069014
vt 0.7335185 0.6516303
vt 0.7139422 0.65069014
vt 0.7335185 0.6516303
vt 0.7343458 0.6516576
vt 0.7343458 0.6516576
vt 0.7619077 0.6530464
vt 0.7619077 0.6530464
vt 0.7343458 0.6516576
vt 0.7619077 0.6530464
vt 0.76197904 0.6538551
vt 0.7344067 0.6524968
vt 0.735014 0.7287015
vt 0.7273232 0.69643086
vt 0.7273232 0.69643086
vt 0.735014 0.7287015
vt 0.68084955 0.7210371
vt 0.735014 0.7287015
vt 0.735014 0.7287015
vt 0.68084955 0.7210371
vt 0.7002832 0.6927968
vt 0.70098674 0.6917243
vt 0.70098674 0.6917243
vt 0.7002832 0.6927968
vt 0.87362 0.6261838
vt 0.8736669 0.62468076
vt 0.87499994 0.62468076
vt 0.873796 0.71247554
vt 0.875 0.712595
vt 0.8738663 0.7484027
vt 0.875 0.75
vt 0.8247166 0.74145955
vt 0.8248737 0.7428391
vt 0.78922576 0.736407
vt 0.7882365 0.7376052
vt 0.78347635 0.70370454
vt 0.7823076 0.70221084
vt 0.7961472 0.7053455
vt 0.7948129 0.70382345
vt 0.8221592 0.70871705
vt 0.82054687 0.70714194
vt 0.81724507 0.66925234
vt 0.8221592 0.70871705
vt 0.82054687 0.70714194
vt 0.81591713 0.66894555
vt 0.81311095 0.6457937
vt 0.8149839 0.64563614
vt 0.7146665 0.6947958
vt 0.7002832 0.6927968
vt 0.70098674 0.6917243
vt 0.71474516 0.6934985
vt 0.7273232 0.69643086
vt 0.72795147 0.69520146
vt 0.735014 0.7287015
vt 0.73653865 0.7302198
vt 0.68084955 0.7210371
vt 0.6805554 0.72222215
vt 0.6453458 0.68574166
vt 0.64474237 0.68640906
vt 0.62594545 0.6664098
vt 0.625 0.6666666
vt 0.6258012 0.65545005
vt 0.625 0.6553931
vt 0.6258711 0.6482746
vt 0.625 0.64710706
vt 0.7581616 0.6258318
vt 0.7581408 0.62468064
vt 0.7592989 0.62468064
vt 0.75942886 0.642746
vt 0.76110566 0.6439557
vt 0.7328355 0.64213747
vt 0.73371637 0.6429877
vt 0.7126811 0.6257527
vt 0.71261036 0.6422418
vt 0.7115106 0.62468064
vt 0.71343446 0.6422711
vt 0.71316195 0.6514502
vt 0.7139422 0.65069014
vt 0.7344067 0.6524968
vt 0.7335185 0.6516303
vt 0.7343458 0.6516576
vt 0.6545298 0.67202044
vt 0.6455229 0.6568497
vt 0.646324 0.65690684
vt 0.65502787 0.67088777
vt 0.6833147 0.6748641
vt 0.6843348 0.67603934
vt 0.6852852 0.67514116
vt 0.6864089 0.676328
vt 0.64775586 0.65276074
vt 0.6258711 0.6482746
vt 0.625 0.64710706
vt 0.6489436 0.65237004
vt 0.6455229 0.6568497
vt 0.646324 0.65690684
vt 0.64775586 0.65276074
vt 0.6258711 0.6482746
vt 0.6258711 0.6482746
vt 0.64775586 0.65276074
vt 0.70098674 0.6917243
vt 0.71474516 0.6934985
vt 0.70098674 0.6917243
vt 0.71474516 0.6934985
vt 0.45020127 0.43195024
vt 0.72795147 0.69520146
vt 0.72795147 0.69520146
vt 0.71474516 0.6934985
vt 0.72795147 0.69520146
vt 0.7961472 0.7053455
vt 0.78347635 0.70370454
vt 0.78347635 0.70370454
vt 0.7961472 0.7053455
vt 0.8221592 0.70871705
vt 0.8221592 0.70871705
vt 0.87362 0.6261838
vt 0.8736669 0.62468076
vt 0.8736669 0.62468076
vt 0.87362 0.6261838
vt 0.73371637 0.6429877
vt 0.7328355 0.64213747
vt 0.7328355 0.64213747
vt 0.73371637 0.6429877
vt 0.82054687 0.70714194
vt 0.81591713 0.66894555
vt 0.82054687 0.70714194
vt 0.81591713 0.66894555
vt 0.82054687 0.70714194
vt 0.81311095 0.6457937
vt 0.81591713 0.66894555
vt 0.81311095 0.6457937
vt 0.78347635 0.70370454
vt 0.78922576 0.736407
vt 0.78922576 0.736407
vt 0.78347635 0.70370454
vt 0.625 0.64710706
vt 0.64761853 0.6482214
vt 0.64761853 0.6482214
vt 0.625 0.64710706
vt 0.7923568 0.6672731
vt 0.7904302 0.6671364
vt 0.7904302 0.6671364
vt 0.7923568 0.6672731
vt 0.6453458 0.68574166
vt 0.68084955 0.7210371
vt 0.68084955 0.7210371
vt 0.6453458 0.68574166
vt 0.62594545 0.6664098
vt 0.62594545 0.6664098
vt 0.76197904 0.6538551
vt 0.76197904 0.6538551
vt 0.7619077 0.6530464
vt 0.7619077 0.6530464
vt 0.52714497 0.50673115
vt 0.5216383 0.50137925
vt 0.5216383 0.50137925
vt 0.52714497 0.50673115
vt 0.6852852 0.67514116
vt 0.52714497 0.50673115
vt 0.5216383 0.50137925
vt 0.6864089 0.676328
vt 0 0
vt 0.7328923 0.6429265
vt 0.7328355 0.64213747
vt 0 0
vt 0.81070817 0.6260953
vt 0.8148675 0.6444204
vt 0.8149839 0.64563614
vt 0.69734746 0.66052884
vt 0.6695837 0.658558
vt 0.33479184 0.329279
vt 0.16000135 0.15736671
vt 0.33479184 0.329279
vt 0.646324 0.65690684
vt 0.8148675 0.6444204
vt 0.81311095 0.6457937
vt 0.8149839 0.64563614
vt 0.81724507 0.66925234
vt 0.87362 0.6261838
vt 0.81070817 0.6260953
vt 0.8221592 0.70871705
vt 0.8736669 0.62468076
vt 0.81055194 0.6246807
vt 0.78797585 0.6246807
vt 0.78811425 0.6260506
vt 0.8148675 0.6444204
vt 0.7899325 0.64360964
vt 0.790052 0.64497876
vt 0.81311095 0.6457937
vt 0.873796 0.71247554
vt 0.8247166 0.74145955
vt 0.8738663 0.7484027
vt 0.7961472 0.7053455
vt 0.78347635 0.70370454
vt 0.78922576 0.736407
vt 0.8149839 0.64563614
vt 0.8148675 0.6444204
vt 0.81070817 0.6260953
vt 0.33479184 0.329279
vt 0.6695837 0.658558
vt 0.69734746 0.66052884
vt 0.16000135 0.15736671
vt 0.646324 0.65690684
vt 0.33479184 0.329279
vt 0.8148675 0.6444204
vt 0.8149839 0.64563614
vt 0.81311095 0.6457937
vt 0.87362 0.6261838
vt 0.81724507 0.66925234
vt 0.8221592 0.70871705
vt 0.81070817 0.6260953
vt 0.873796 0.71247554
vt 0.8736669 0.62468076
vt 0.8247166 0.74145955
vt 0.8738663 0.7484027
vt 0.81055194 0.6246807
vt 0.78797585 0.6246807
vt 0.78811425 0.6260506
vt 0.8148675 0.6444204
vt 0.7899325 0.64360964
vt 0.790052 0.64497876
vt 0.81311095 0.6457937
vt 0.78922576 0.736407
vt 0.78347635 0.70370454
vt 0.7961472 0.7053455
vt 0.8221592 0.70871705
vt 0.73653865 0.7302198
vt 0.7882365 0.7376052
vt 0.7823076 0.70221084
vt 0.72795147 0.69520146
vt 0.7948129 0.70382345
vt 0.7904302 0.6671364
vt 0.72795147 0.69520146
vt 0.71374464 0.6791059
vt 0.71264946 0.67786515
vt 0.69734746 0.66052884
vt 0.7948129 0.70382345
vt 0.82054687 0.70714194
vt 0.7923568 0.6672731
vt 0.81591713 0.66894555
vt 0.6695837 0.658558
vt 0.71316195 0.6514502
vt 0.6779153 0.6497139
vt 0.7344067 0.6524968
vt 0.7904302 0.6671364
vt 0.76197904 0.6538551
vt 0.7892007 0.65519613
vt 0.71261036 0.6422418
vt 0.672191 0.6494318
vt 0.67945266 0.64106995
vt 0.7115106 0.62468064
vt 0.6787329 0.62468064
vt 0.7619077 0.6530464
vt 0.7892007 0.65519613
vt 0.76110566 0.6439557
vt 0.7881417 0.6449112
vt 0.78605556 0.6246807
vt 0.7592989 0.62468064
vt 0.6592238 0.62468064
vt 0.6596031 0.64036846
vt 0.67945266 0.64106995
vt 0.62499994 0.6391455
vt 0.62499994 0.62468064
vt 0.625 0.64710706
vt 0.6476185 0.6482213
vt 0.672191 0.6494318
vt 0.735014 0.7287015
vt 0.7273232 0.69643086
vt 0.7146665 0.6947958
vt 0.7002832 0.6927968
vt 0.6994334 0.6926787
vt 0.70098674 0.6917243
vt 0.68084955 0.7210371
vt 0.6633451 0.6881671
vt 0.6453458 0.68574166
vt 0.6545298 0.67202044
vt 0.62594545 0.6664098
vt 0.6258012 0.65545005
vt 0.62594545 0.6664098
vt 0.6455229 0.6568497
vt 0.6258711 0.6482746
vt 0.6455229 0.6568497
vt 0.64775586 0.65276074
vt 0.6994334 0.6926787
vt 0.6545298 0.67202044
vt 0.6633451 0.6881671
vt 0.6843348 0.67603934
vt 0.6864089 0.676328
vt 0.70098674 0.6917243
vt 0.646324 0.65690684
vt 0.6695837 0.658558
vt 0.6779153 0.6497139
vt 0.65677583 0.64867246
vt 0.7328355 0.64213747
vt 0.75942886 0.642746
vt 0.7581616 0.6258318
vt 0.7126811 0.6257527
vt 0.7581408 0.62468064
vt 0.71268165 0.62468064
vt 0.71343446 0.6422711
vt 0.7328923 0.6429265
vt 0.7335185 0.6516303
vt 0.7139422 0.65069014
vt 0.73371637 0.6429877
vt 0.7343458 0.6516576
vt 0.76110566 0.6439557
vt 0.73371637 0.6429877
vt 0.7343458 0.6516576
vt 0.7619077 0.6530464
vt 0.33479184 0.329279
vt 0.52714497 0.50673115
vt 0.69734746 0.66052884
vt 0.71264946 0.67786515
vt 0.45020127 0.43195024
vt 0.72795147 0.69520146
vt 0.71374464 0.6791059
vt 0.5216383 0.50137925
vt 0.71374464 0.6791059
vt 0.71264946 0.67786515
vt 0.52714497 0.50673115
vt 0.5216383 0.50137925
vt 0.6864089 0.676328
vt 0.70098674 0.6917243
vt 0.45020127 0.43195024
vt 0.5216383 0.50137925
vt 0.7923568 0.6672731
vt 0.81591713 0.66894555
vt 0.81311095 0.6457937
vt 0.790052 0.64497876
vt 0.73653865 0.7302198
vt 0.7823076 0.70221084
vt 0.7882365 0.7376052
vt 0.72795147 0.69520146
vt 0.7823076 0.70221084
vt 0.71374464 0.6791059
vt 0.71264946 0.67786515
vt 0.7904302 0.6671364
vt 0.7948129 0.70382345
vt 0.69734746 0.66052884
vt 0.7344067 0.6524968
vt 0.76197904 0.6538551
vt 0.7892007 0.65519613
vt 0.71316195 0.6514502
vt 0.6695837 0.658558
vt 0.6779153 0.6497139
vt 0.7892007 0.65519613
vt 0.7619077 0.6530464
vt 0.76110566 0.6439557
vt 0.7881417 0.6449112
vt 0.78605556 0.6246807
vt 0.7592989 0.62468064
vt 0.71261036 0.6422418
vt 0.672191 0.6494318
vt 0.67945266 0.64106995
vt 0.7115106 0.62468064
vt 0.6787329 0.62468064
vt 0.67945266 0.64106995
vt 0.6596031 0.64036846
vt 0.6592238 0.62468064
vt 0.6476185 0.6482213
vt 0.672191 0.6494318
vt 0.625 0.64710706
vt 0.62499994 0.6391455
vt 0.62499994 0.62468064
vt 0.82054687 0.70714194
vt 0.7948129 0.70382345
vt 0.7904302 0.6671364
vt 0.7923568 0.6672731
vt 0.81591713 0.66894555
vt 0.7146665 0.6947958
vt 0.7273232 0.69643086
vt 0.735014 0.7287015
vt 0.7002832 0.6927968
vt 0.6994334 0.6926787
vt 0.70098674 0.6917243
vt 0.68084955 0.7210371
vt 0.6633451 0.6881671
vt 0.6453458 0.68574166
vt 0.6545298 0.67202044
vt 0.62594545 0.6664098
vt 0.6258012 0.65545005
vt 0.6455229 0.6568497
vt 0.62594545 0.6664098
vt 0.6258711 0.6482746
vt 0.6455229 0.6568497
vt 0.64775586 0.65276074
vt 0.6994334 0.6926787
vt 0.6633451 0.6881671
vt 0.6545298 0.67202044
vt 0.6843348 0.67603934
vt 0.6864089 0.676328
vt 0.70098674 0.6917243
vt 0.646324 0.65690684
vt 0.65677583 0.64867246
vt 0.6779153 0.6497139
vt 0.6695837 0.658558
vt 0.7581616 0.6258318
vt 0.75942886 0.642746
vt 0.7328355 0.64213747
vt 0.7126811 0.6257527
vt 0.7581408 0.62468064
vt 0.71268165 0.62468064
vt 0.71343446 0.6422711
vt 0.7328923 0.6429265
vt 0.7335185 0.6516303
vt 0.7139422 0.65069014
vt 0.73371637 0.6429877
vt 0.7343458 0.6516576
vt 0.76110566 0.6439557
vt 0.7619077 0.6530464
vt 0.7343458 0.6516576
vt 0.73371637 0.6429877
vt 0.69734746 0.66052884
vt 0.52714497 0.50673115
vt 0.33479184 0.329279
vt 0.71264946 0.67786515
vt 0.45020127 0.43195024
vt 0.5216383 0.50137925
vt 0.71374464 0.6791059
vt 0.72795147 0.69520146
vt 0.71374464 0.6791059
vt 0.5216383 0.50137925
vt 0.52714497 0.50673115
vt 0.71264946 0.67786515
vt 0.6864089 0.676328
vt 0.5216383 0.50137925
vt 0.45020127 0.43195024
vt 0.70098674 0.6917243
vt 0.7923568 0.6672731
vt 0.790052 0.64497876
vt 0.81311095 0.6457937
vt 0.81591713 0.66894555
vn -0 1 0
vn -0 1 0
vn -0 1 0
vn 5.865038E-05 0 1
vn 5.865038E-05 0 1
vn 5.865038E-05 0 1
vn -0.704733 0.7040174 0.08781222
vn -0.704733 0.7040174 0.08781222
vn -0.704733 0.7040174 0.08781222
vn -0 -1 0
vn -0 -1 0
vn -0 -1 0
vn 5.865038E-05 0 1
vn 5.865038E-05 0 1
vn 5.865038E-05 0 1
vn -0.704733 -0.7040174 0.08781222
vn -0.704733 -0.7040174 0.08781222
vn -0.704733 -0.7040174 0.08781222
vn 2.1892829E-05 -0.021374146 0.99977154
vn 2.1892829E-05 -0.021374146 0.99977154
vn 2.1892829E-05 -0.021374146 0.99977154
vn 2.1892829E-05 -0.021374146 0.99977154
vn -0 0 1
vn -0 0 1
vn -0 0 1
vn -0 0 1
vn -0 1 0
vn -0 1 0
vn -0 1 0
vn -0 1 0
vn -0 1 0
vn -0 1 0
vn -0 1 0
vn -0 1 0
vn -0 1 0
vn 1 0.00033892374 0
vn 1 0.00033892374 0
vn 1 0.00033892374 0
vn 1 0.00033892374 0
vn 1 0.0003390294 0
vn 1 0.0003390294 0
vn 1 -0.000118719276 4.3810884E-05
vn 1 -0.000118719276 4.3810884E-05
vn 1 8.40504E-05 0
vn 1 -0.000118719276 4.3810884E-05
vn 1 8.40504E-05 0
vn 1 8.40504E-05 0
vn 1 8.40504E-05 0
vn 1 -8.40504E-05 0
vn 1 -8.40504E-05 0
vn 1 8.397976E-05 0
vn 1 8.397976E-05 0
vn 1 -0.00011866352 0
vn 1 -0.00011866352 0
vn 1 -8.397976E-05 0
vn 1 0.00011852506 0
vn 1 0.00011852506 0
vn 1 0.000118719276 4.3810884E-05
vn 1 0.000118719276 4.3810884E-05
vn 1 0.000118719276 4.3810884E-05
vn -1 0 0
vn -1 0 0
vn -1 0 0
vn -1 0 0
vn -1 0 0
vn -1 0 0
vn -0.99999535 0.0030634296 0
vn -0.99999535 0.0030634296 0
vn -0.99999535 0.0030634296 0
vn -0.99999535 0.0030634296 0
vn -0.99999535 0.0030634047 0
vn -0.99999535 0.0030634047 0
vn -0.99999535 -0.0030634047 0
vn -0.99999535 -0.0030634296 0
vn -0.99999535 -0.0030634296 0
vn -0.005409016 -0.99998546 0
vn -0.0025380931 -0.9999968 0
vn -0.0025380931 -0.9999968 0
vn -0.005409016 -0.99998546 0
vn -0.002538093 -0.9999968 0
vn -0.005409016 -0.99998546 0
vn -0.002538093 -0.9999968 0
vn -0.0054090177 -0.99998546 0
vn 0.0017502608 -0.99999845 0
vn 0.0017502608 -0.99999845 0
vn 0.0017502608 -0.99999845 0
vn 0.0017502615 -0.99999845 0
vn 0.0017502615 -0.99999845 0
vn 0.048502736 -0.998823 0
vn 0.048502736 -0.998823 0
vn 0.048502736 -0.998823 0
vn 1 0 0
vn 1 0 0
vn 1 0 0
vn 1 0 0
vn 1 0 0
vn 1 0 0
vn 1 0 0
vn 1 0 0
vn 1 0 0
vn 1 0 0
vn 1 0 0
vn 1 0 0
vn 1 0 0
vn 1 0 0
vn 1 0 0
vn 1 0 0
vn 1 0 0
vn 1 0 0
vn 1 0 0
vn 1 0 0
vn 1 0 0
vn 1 0 0
vn 1 0 0
vn 1 0 0
vn 1 0 0
vn 1 0 0
vn 1 0 0
vn 1 0 0
vn 1 0 0
vn 1 0 0
vn 1 0 0
vn 1 0 0
vn -0 1 0
vn -0 1 0
vn -0 1 0
vn -0 1 0
vn -0 1 0
vn -0 1 0
vn -0 1 0
vn -0 1 0
vn -0 1 0
vn -0 1 0
vn -0 -1 0
vn -0 -1 0
vn -0 -1 0
vn -0 -1 0
vn -0 -1 0
vn -0 -1 0
vn -0 -1 0
vn -0 -1 0
vn -0 -1 0
vn -0 -1 0
vn -0 -1 0
vn -0 -1 0
vn 0.80361414 -0.5951507 0
vn 0.80361426 -0.5951504 0
vn 0.8036144 -0.5951504 0
vn 0.80361444 -0.59515023 0
vn 0.8036144 -0.5951504 0
vn 0.80361414 -0.5951507 0
vn 0.80361444 -0.59515023 0
vn 0.80361444 -0.59515023 0
vn 0.8036142 -0.5951506 0
vn 0.80361444 -0.59515023 0
vn 0.8036142 -0.5951506 0
vn 0.80361426 -0.5951505 0
vn 1 0 0
vn 1 0 0
vn 1 0 0
vn 1 0 0
vn -0 -1 0
vn -0 -1 0
vn -0 -1 0
vn -0 -1 0
vn -0 -1 0
vn -0 -1 0
vn -0 -1 0
vn -0 -1 0
vn -0 -1 0
vn -0 -1 0
vn -0 -1 0
vn -0 -1 0
vn -0.99999976 0.00075577694 0
vn -0.99999976 0.00075607345 0
vn -0.99999976 0.00075607345 0
vn -0.99999976 0.00075577694 0
vn -0.99999976 0.00075577694 0
vn -0.99999976 0.0007975314 0
vn -0.99999976 0.00075577694 0
vn -0.99999976 0.0007559321 0
vn -0.99999976 0.0007559321 0
vn -0.99999976 0.00079756416 0
vn -0.99999976 0.00079756416 0
vn -0.99999976 0.00079763116 0
vn -0.99999976 -0.0007559321 0
vn -0.99999976 -0.00075577694 0
vn -0.99999976 -0.0007559321 0
vn -0.99999976 -0.00075577694 0
vn -0.99999976 -0.00075577694 0
vn -0.99999976 -0.00075607345 0
vn -0.99999976 -0.00075577694 0
vn -0.99999976 -0.00075607345 0
vn -1 0 0
vn -1 0 0
vn -1 0 0
vn -1 0 0
vn -0.99999964 -0.0008102711 0
vn -1 0 0
vn -0.99999964 -0.0008102711 0
vn -0.99999964 -0.0008102711 0
vn -0.9999993 -0.0011785122 -0.00030168705
vn -0.9999993 -0.0011785122 -0.00030168705
vn -0.9999993 -0.0011785122 -0.00030168705
vn -0 1 0
vn -0 1 0
vn -0 1 0
vn -0 1 0
vn -0 1 0
vn -0 1 0
vn -0 1 0
vn -0 1 0
vn -0 1 0
vn -0 1 0
vn -0 1 0
vn -0 1 0
vn 0.0036394128 0.99999344 -1.10807205E-05
vn 0.0036394128 0.99999344 -1.10807205E-05
vn 0.0036394128 0.99999344 -1.10807205E-05
vn 0.0036394128 0.99999344 -1.10807205E-05
vn 0.99999964 0.0008103845 0
vn 0.99999964 0.0008103845 0
vn 0.99999964 0.0008103845 0
vn 0.99999964 0.0008103845 0
vn 1 0 0
vn 1 0 0
vn 0.06381587 0.99796164 0
vn 0.06381587 0.99796164 0
vn 0.06381587 0.99796164 0
vn 0.06381587 0.99796164 0
vn 0.99999976 -0.00075594196 0
vn 0.99999976 -0.00075594196 0
vn 0.99999976 -0.00075594196 0
vn 0.99999976 -0.00075594196 0
vn 0.99999976 -0.00079776155 0
vn 0.99999976 -0.00079776155 0
vn -0 -1 0
vn -0 -1 0
vn -0 -1 0
vn -0 -1 0
vn 0.019853322 -0.9998029 0
vn 0.019853322 -0.9998029 0
vn -0 -1 0
vn -0 -1 0
vn -0.99997425 0.0071857665 0
vn -0.99997425 0.0071857665 0
vn -0.99997425 0.0071857665 0
vn -0.99997425 0.0071857665 0
vn -0.99996185 0.008738746 0
vn -0.99996185 0.008738746 0
vn -0 1 0
vn -0 1 0
vn -0 1 0
vn -0 1 0
vn -0 1 0
vn -0 1 0
vn -0 -1 0
vn -0 -1 0
vn -0 -1 0
vn -0 -1 0
vn -0 -1 0
vn -0 -1 0
vn -1 0 0
vn -1 0 0
vn -1 0 0
vn -1 0 0
vn -1 0 0
vn -1 0 0
vn -0.0017500945 0.99999845 0
vn -0.0017500945 0.99999845 0
vn -0.0017500945 0.99999845 0
vn -0.0017500945 0.99999845 0
vn -0.9999994 -0.0010907437 0
vn -0.9999994 -0.0010907437 0
vn -0.9999994 -0.0010907437 0
vn -0.9999994 -0.0010907437 0
vn -0.9999589 -0.009071662 0
vn -0.9999589 -0.009071662 0
vn -0.9999589 -0.009071662 0
vn -0.9999589 -0.009071662 0
vn -0.9999589 0.009071662 0
vn -0.9999589 0.009071662 0
vn -0.9999994 0.0010907437 0
vn -0.9999994 0.0010907437 0
vn -0.9999994 0.0010907437 0
vn -0.9999994 0.0010907437 0
vn 0.002538144 0.9999968 0
vn 0.002538144 0.9999968 0
vn 0.002538144 0.9999968 0
vn 0.002538144 0.9999968 0
vn 0.014266561 0.9998982 0
vn 0.014266561 0.9998982 0
vn -0 1 0
vn -0 1 0
vn 0.99999535 -0.0030633102 0
vn 0.99999535 -0.0030633102 0
vn 0.99999535 -0.0030633102 0
vn 0.99999535 -0.0030633102 0
vn 1 0 0
vn 1 0 0
vn 0.99999535 0.0030633102 0
vn 0.99999535 0.0030633102 0
vn 0.99999535 0.0030633102 0
vn 0.99999535 0.0030633102 0
vn -0.0027821637 0 0.9999962
vn -0.0027821637 0 0.9999962
vn -0.0027821637 0 0.9999962
vn -0.0027821637 0 0.9999962
vn 1 0 0
vn 1 0 0
vn 1 0 0
vn 1 0 0
vn -0 1 0
vn -0 1 0
vn -0 1 0
vn -0 1 0
vn 0.99987626 0.015732449 0
vn 0.99987626 0.015732449 0
vn 0.99987626 0.015732449 0
vn 0.99987626 0.015732449 0
vn -0 0 1
vn -0 0 1
vn -0 0 1
vn -0 0 1
vn -0 0 1
vn -0 0 1
vn -0 0 1
vn -0 0 1
vn -0 0 1
vn -0 0 1
vn -0 0 1
vn -0 0 1
vn -0 0 1
vn -0 0 1
vn -0 0 1
vn -0 0 1
vn -0 0 1
vn -0 0 1
vn -0 0 1
vn -0 0 1
vn -0 0 1
vn -0 0 1
vn -0 0 1
vn -0 0 1
vn -0 0 1
vn -0 0 1
vn -0 0 1
vn -0 0 1
vn -0 0 1
vn -0 0 1
vn -0 0 1
vn -0 0 1
vn -0 0 1
vn -0 0 1
vn -0 0 1
vn -0 0 1
vn -0 0 1
vn -0 0 1
vn -0 0 1
vn -0 0 1
vn -0 0 1
vn -0 0 1
vn -0 0 1
vn -0 0 1
vn -0 0 1
vn -0 0 1
vn -0 2.7781674E-05 1
vn -0 2.7781674E-05 1
vn -0 0 1
vn -0 0 1
vn -0 0 1
vn -0 0 1
vn -0 0 1
vn -0 0 1
vn -0 0 1
vn -0 0 1
vn -0 0 1
vn -0 0 1
vn -0 0 1
vn -0 0 1
vn -0 0 1
vn -0 0 1
vn -0 0 1
vn -0 0 1
vn -0 0 1
vn -0 0 1
vn -0 0 1
vn -0 0 1
vn -0 0 1
vn 0.9999994 0.0010907825 0
vn 0.9999994 0.0010907542 0
vn 0.9999995 0.0010149347 0
vn 0.9999995 0.0010148834 0
vn 0.9999994 0.0010907825 0
vn 0.9999995 0.0010148834 0
vn 0.9999995 0.0010149347 0
vn 0.9999995 0.0010148834 0
vn 0.9999995 0.0010148834 0
vn 0.9999995 -0.0010148834 0
vn 0.9999995 -0.0010148834 0
vn 0.9999994 -0.0010907825 0
vn 0.9999995 -0.0010149347 0
vn 0.9999994 -0.0010907825 0
vn 0.9999994 -0.0010907542 0
vn -0.0036445083 -0.99999344 0
vn -0.0036445083 -0.99999344 0
vn -0.0036445083 -0.99999344 0
vn -0.0036445083 -0.99999344 0
vn -0 -1 0
vn -0 -1 0
vn -0 -1 0
vn -0 -1 0
vn -0 -1 0
vn -0 -1 0
vn 0.998485 0.055024352 0
vn 0.998485 0.055024352 0
vn 0.998485 0.055024352 0
vn 0.998485 0.055024352 0
vn 0.7080662 -0.70614594 0
vn 0.7080662 -0.70614594 0
vn 0.7080662 -0.70614594 0
vn 0.7080662 -0.70614594 0
vn 0.99996185 -0.008738688 0
vn 0.99996185 -0.008738532 0
vn 0.99996185 -0.008738532 0
vn 0.99997425 -0.0071864417 0
vn 0.99996185 -0.008738688 0
vn 0.99997425 -0.0071864766 0
vn 0.99997425 -0.0071864417 0
vn 0.99997425 -0.0071864417 0
vn -1 -0.00033889757 0
vn -1 -0.00033889757 0
vn -1 -0.00033889757 0
vn -1 -0.00033889757 0
vn 0.0036445544 0.99999344 0
vn 0.0036445544 0.99999344 0
vn 0.0036445544 0.99999344 0
vn 0.0036445544 0.99999344 0
vn -0 -1 0
vn -0 -1 0
vn -0 -1 0
vn -0 -1 0
vn -0.80361444 0.59515023 0
vn -0.80361444 0.59515023 0
vn -0.80361444 0.59515023 0
vn -0.80361444 0.59515023 0
vn -0.80361414 0.59515065 0
vn -0.80361414 0.59515065 0
vn -0.9999999 -0.0006046744 0
vn -0.9999999 -0.0006046744 0
vn -0.9999999 -0.0006046744 0
vn -0.9999999 -0.0006046744 0
vn -0.9999999 -0.00042971008 0
vn -0.9999999 -0.00042971008 0
vn -0.9999999 -0.00042971008 0
vn -0.9999999 -0.00042971008 0
vn -0.029947352 0 0.9995515
vn -0.029947352 0 0.9995515
vn -0.029947352 0 0.9995515
vn -0.029947352 0 0.9995515
vn -0.99992275 -0.012427772 0
vn -1 0 0
vn -1 0 0
vn -0.99992275 -0.012427772 0
vn -0.99992275 -0.012427772 0
vn -0.99992275 -0.012427772 0
vn -0.9999964 -0.0026969938 0
vn -0.9999964 -0.0026969938 0
vn -0.9999964 -0.0026969938 0
vn -0.9999964 -0.0026969938 0
vn -0.9999964 0.0026969938 0
vn -0.9999964 0.0026969938 0
vn -0.99992275 0.012427772 0
vn -0.99992275 0.012427772 0
vn -0.99992275 0.012427772 0
vn -0.99992275 0.012427772 0
vn -1 0 0
vn -1 0 0
vn 0.9999995 0.00096843607 0
vn 0.9999995 0.00096843607 0
vn 0.9999995 0.00096843607 0
vn 0.9999995 0.00096843607 0
vn 2.0779553E-05 0.021374144 0.99977154
vn 2.0779553E-05 0.021374144 0.99977154
vn 2.0779553E-05 0.021374144 0.99977154
vn 2.0779553E-05 0.021374144 0.99977154
vn -0 0 1
vn -0 0 1
vn -0 0 1
vn -0 0 1
vn -0 -1 0
vn -0 -1 0
vn -0 -1 0
vn -0 -1 0
vn -0 -1 0
vn -0 -1 0
vn -0 -1 0
vn -0 -1 0
vn -0 -1 0
vn 1 -0.00033892374 0
vn 1 -0.00033892374 0
vn 1 -0.00033892374 0
vn 1 -0.00033892374 0
vn 1 -0.0003390294 0
vn 1 -0.0003390294 0
vn -1 0 0
vn -1 0 0
vn -1 0 0
vn -1 0 0
vn -1 0 0
vn -1 0 0
vn -0.005409016 0.99998546 0
vn -0.0025380931 0.9999968 0
vn -0.0025380931 0.9999968 0
vn -0.005409016 0.99998546 0
vn -0.002538093 0.9999968 0
vn -0.005409016 0.99998546 0
vn -0.002538093 0.9999968 0
vn -0.0054090177 0.99998546 0
vn 0.0017502608 0.99999845 0
vn 0.0017502608 0.99999845 0
vn 0.0017502608 0.99999845 0
vn 0.0017502615 0.99999845 0
vn 0.0017502615 0.99999845 0
vn 0.04850274 0.998823 0
vn 0.04850274 0.998823 0
vn 0.04850274 0.998823 0
vn -0 1 0
vn -0 1 0
vn -0 1 0
vn -0 1 0
vn -0 1 0
vn -0 1 0
vn -0 1 0
vn -0 1 0
vn -0 1 0
vn -0 1 0
vn -0 1 0
vn -0 1 0
vn 0.80361414 0.5951507 0
vn 0.8036144 0.5951504 0
vn 0.80361426 0.5951504 0
vn 0.80361444 0.5951502 0
vn 0.8036144 0.5951504 0
vn 0.80361414 0.5951507 0
vn 0.80361444 0.5951502 0
vn 0.80361444 0.5951502 0
vn 0.8036142 0.5951506 0
vn 0.80361444 0.5951502 0
vn 0.8036142 0.5951506 0
vn 0.80361426 0.5951505 0
vn 1 0 0
vn 1 0 0
vn 1 0 0
vn 1 0 0
vn -0 1 0
vn -0 1 0
vn -0 1 0
vn -0 1 0
vn -0 1 0
vn -0 1 0
vn -0 1 0
vn -0 1 0
vn -0 1 0
vn -0 1 0
vn -0 1 0
vn -0 1 0
vn -1 0 0
vn -1 0 0
vn -1 0 0
vn -1 0 0
vn -0.99999964 0.0008102711 0
vn -1 0 0
vn -0.99999964 0.0008102711 0
vn -0.99999964 0.0008102711 0
vn -0.9999993 0.0011784215 -0.00030168705
vn -0.9999993 0.0011784215 -0.00030168705
vn -0.9999993 0.0011784215 -0.00030168705
vn -0 -1 0
vn -0 -1 0
vn -0 -1 0
vn -0 -1 0
vn -0 -1 0
vn -0 -1 0
vn -0 -1 0
vn -0 -1 0
vn -0 -1 0
vn -0 -1 0
vn -0 -1 0
vn -0 -1 0
vn 0.0036394128 -0.99999344 -1.10807205E-05
vn 0.0036394128 -0.99999344 -1.10807205E-05
vn 0.0036394128 -0.99999344 -1.10807205E-05
vn 0.0036394128 -0.99999344 -1.10807205E-05
vn 0.99999964 -0.0008103845 0
vn 0.99999964 -0.0008103845 0
vn 0.99999964 -0.0008103845 0
vn 0.99999964 -0.0008103845 0
vn 1 0 0
vn 1 0 0
vn 0.06381587 -0.99796164 0
vn 0.06381587 -0.99796164 0
vn 0.06381587 -0.99796164 0
vn 0.06381587 -0.99796164 0
vn 0.99999976 0.00075594196 0
vn 0.99999976 0.00075594196 0
vn 0.99999976 0.00075594196 0
vn 0.99999976 0.00075594196 0
vn 0.99999976 0.00079776155 0
vn 0.99999976 0.00079776155 0
vn -0 1 0
vn -0 1 0
vn -0 1 0
vn -0 1 0
vn 0.019853322 0.9998029 0
vn 0.019853322 0.9998029 0
vn -0 1 0
vn -0 1 0
vn -0.99997425 -0.0071857665 0
vn -0.99997425 -0.0071857665 0
vn -0.99997425 -0.0071857665 0
vn -0.99997425 -0.0071857665 0
vn -0.99996185 -0.008738746 0
vn -0.99996185 -0.008738746 0
vn -0 -1 0
vn -0 -1 0
vn -0 -1 0
vn -0 -1 0
vn -0 -1 0
vn -0 -1 0
vn -0 1 0
vn -0 1 0
vn -0 1 0
vn -0 1 0
vn -0 1 0
vn -0 1 0
vn -1 0 0
vn -1 0 0
vn -1 0 0
vn -1 0 0
vn -1 0 0
vn -1 0 0
vn -0.0017500945 -0.99999845 0
vn -0.0017500945 -0.99999845 0
vn -0.0017500945 -0.99999845 0
vn -0.0017500945 -0.99999845 0
vn 0.002538144 -0.9999968 0
vn 0.002538144 -0.9999968 0
vn 0.002538144 -0.9999968 0
vn 0.002538144 -0.9999968 0
vn 0.014266561 -0.9998982 0
vn 0.014266561 -0.9998982 0
vn -0 -1 0
vn -0 -1 0
vn -0.002782108 0 0.9999962
vn -0.002782108 0 0.9999962
vn -0.002782108 0 0.9999962
vn -0.002782108 0 0.9999962
vn 1 0 0
vn 1 0 0
vn 1 0 0
vn 1 0 0
vn -0 -1 0
vn -0 -1 0
vn -0 -1 0
vn -0 -1 0
vn 0.99987626 -0.015732449 0
vn 0.99987626 -0.015732449 0
vn 0.99987626 -0.015732449 0
vn 0.99987626 -0.015732449 0
vn -0 0 1
vn -0 0 1
vn -0 0 1
vn -0 0 1
vn -0 0 1
vn -0 0 1
vn -0 0 1
vn -0 0 1
vn -0 0 1
vn -0 0 1
vn -0 0 1
vn -0 0 1
vn -0 0 1
vn -0 0 1
vn -0 0 1
vn -0 0 1
vn -0 0 1
vn -0 0 1
vn -0 0 1
vn -0 0 1
vn -0 0 1
vn -0 0 1
vn -0 0 1
vn -0 0 1
vn -0 0 1
vn -0 0 1
vn -0 0 1
vn -0 0 1
vn -0 0 1
vn -0 0 1
vn -0 0 1
vn -0 0 1
vn -0 0 1
vn -0 0 1
vn -0 0 1
vn -0 0 1
vn -0 0 1
vn -0 0 1
vn -0 0 1
vn -0 0 1
vn -0 0 1
vn -0 0 1
vn -0 0 1
vn -0 0 1
vn -0 0 1
vn -0 0 1
vn -0 -2.7781682E-05 1
vn -0 -2.7781682E-05 1
vn -0 0 1
vn -0 0 1
vn -0 0 1
vn -0 0 1
vn -0 0 1
vn -0 0 1
vn -0 0 1
vn -0 0 1
vn -0 0 1
vn -0 0 1
vn -0 0 1
vn -0 0 1
vn -0 0 1
vn -0 0 1
vn -0 0 1
vn -0 0 1
vn -0 0 1
vn -0 0 1
vn -0 0 1
vn -0 0 1
vn -0 0 1
vn -0 0 1
vn -0 0 1
vn -0.0036445083 0.99999344 0
vn -0.0036445083 0.99999344 0
vn -0.0036445083 0.99999344 0
vn -0.0036445083 0.99999344 0
vn -0 -1 0
vn -0 -1 0
vn -0 -1 0
vn -0 -1 0
vn -0 -1 0
vn -0 -1 0
vn -0 -1 0
vn -0 -1 0
vn -0 -1 0
vn -0 1 0
vn -0 1 0
vn -0 1 0
vn -0 1 0
vn -0 1 0
vn -0 1 0
vn 0.998485 -0.055024352 0
vn 0.998485 -0.055024352 0
vn 0.998485 -0.055024352 0
vn 0.998485 -0.055024352 0
vn 0.70806634 0.70614594 0
vn 0.70806634 0.70614594 0
vn 0.70806634 0.70614594 0
vn 0.70806634 0.70614594 0
vn 0.99996185 0.008738688 0
vn 0.99996185 0.008738532 0
vn 0.99996185 0.008738532 0
vn 0.99997425 0.0071864417 0
vn 0.99996185 0.008738688 0
vn 0.99997425 0.0071864766 0
vn 0.99997425 0.0071864417 0
vn 0.99997425 0.0071864417 0
vn -1 0.00033889757 0
vn -1 0.00033889757 0
vn -1 0.00033889757 0
vn -1 0.00033889757 0
vn 0.0036445544 -0.99999344 0
vn 0.0036445544 -0.99999344 0
vn 0.0036445544 -0.99999344 0
vn 0.0036445544 -0.99999344 0
vn -0 1 0
vn -0 1 0
vn -0 1 0
vn -0 1 0
vn -0.80361444 -0.5951503 0
vn -0.80361444 -0.5951503 0
vn -0.80361444 -0.5951503 0
vn -0.80361444 -0.5951503 0
vn -0.80361414 -0.59515065 0
vn -0.80361414 -0.59515065 0
vn -0.9999999 0.0006046744 0
vn -0.9999999 0.0006046744 0
vn -0.9999999 0.0006046744 0
vn -0.9999999 0.0006046744 0
vn -0.9999999 0.00042971008 0
vn -0.9999999 0.00042971008 0
vn -0.9999999 0.00042971008 0
vn -0.9999999 0.00042971008 0
vn -0.029947357 0 0.9995515
vn -0.029947357 0 0.9995515
vn -0.029947357 0 0.9995515
vn -0.029947357 0 0.9995515
vn 0.9999995 -0.0009684362 0
vn 0.9999995 -0.0009684362 0
vn 0.9999995 -0.0009684362 0
vn 0.9999995 -0.0009684362 0
vn -0 0 1
vn -0 0 1
vn -0 0 1
vn -0 0 1
vn -0 0 1
vn -0 0 1
vn -0 0 1
vn -0 0 1
vn -0 0 1
vn -0 0 1
vn -0 0 1
vn -0 0 1
vn -0 0 1
vn -0 0 1
vn -0 0 1
vn -0 0 1
vn -0 0 1
vn -0 0 1
vn -0 0 1
vn -0 0 1
vn -0 0 1
vn -0 0 1
vn -0 0 1
vn -0 0 1
vn -0 0 1
vn -0 0 1
vn -0 0 1
vn -0 0 1
vn -0 0 1
vn -0 0 1
vn -0 0 1
vn -0 0 1
vn -0 0 1
vn -0 0 1
vn -0 0 1
vn -0 0 1
vn -0 0 1
vn -0 0 1
vn -0 0 1
vn -0 0 1
vn -0 0 1
vn -0 0 1
vn -0 0 1
vn -0 0 1
vn -0 0 1
vn -0 0 1
vn -0 0 1
vn -0 0 1
vn -0 0 1
vn -0 0 1
vn -0 0 1
vn -0 0 1
vn -0 0 1
vn -0 0 1
vn -0 0 1
vn -0 0 1
vn -0 0 1
vn -0 0 1
vn -0 0 1
vn -0 0 1
vn -0 0 1
vn -0 0 1
vn -0 0 1
vn -0 0 1
vn -0 0 1
vn -0 0 1
vn -0 0 1
vn -0 0 1
vn -0 0 1
vn -0 0 1
vn -0 0 1
vn -0 0 1
vn -0 0 1
vn -0 0 1
vn -0 0 1
vn -0 0 1
vn -0 0 1
vn -0 0 1
vn -0 0 1
vn -0 0 1
vn -0 0 1
vn -0 0 1
vn -0 0 1
vn -0 0 1
vn -0 0 1
vn -0 0 1
vn -0 0 1
vn -0 0 1
vn -0 0 1
vn -0 0 1
vn -0 0 1
vn -0 0 1
vn -0 0 1
vn -0 0 1
vn -0 0 1
vn -0 0 1
vn -0 0 1
vn -0 0 1
vn -0 0 1
vn -0 0 1
vn -0 0 1
vn -0 0 1
vn -0 0 1
vn -0 0 1
vn -0 0 1
vn -0 0 1
vn -0 0 1
vn -0 0 1
vn -0 0 1
vn -0 0 1
vn -0 0 1
vn -0 0 1
vn -0 0 1
vn -0 0 1
vn -0 0 1
vn -0 0 1
vn -0 0 1
vn -0 0 1
vn -0 0 1
vn -0 0 1
vn -0 0 1
vn -0 0 1
vn -0 0 1
vn -0 0 1
vn -0 0 1
vn -0 0 1
vn -0 0 1
vn -0 0 1
vn -0 0 1
vn -0 0 1
vn -0 0 1
vn -0 0 1
vn -0 0 1
vn -0 0 1
vn -0 0 1
vn -0 0 1
vn -0 0 1
vn -0 0 1
vn -0 0 1
vn -0 0 1
vn -0.6199495 -0.00048840174 0.7846415
vn -0.6199495 -0.00048840174 0.7846415
vn -0.6199495 -0.00048840174 0.7846415
vn -0.6199495 -0.00048840174 0.7846415
vn -0 0 1
vn -0 0 1
vn -0 0 1
vn -0 0 1
vn -0 0 1
vn -0 0 1
vn -0 0 1
vn -0 0 1
vn -0 0 1
vn -0 0 1
vn -0 0 1
vn -0 0 1
vn -0.5960035 -0.00012774322 0.80298185
vn -0.5960035 -0.00012774322 0.80298185
vn -0.5960035 -0.00012774322 0.80298185
vn -0.5960035 -0.00012774322 0.80298185
vn 0.00054087536 -0.56270766 0.8266558
vn 0.00054087536 -0.56270766 0.8266558
vn 0.00054087536 -0.56270766 0.8266558
vn 0.00054087536 -0.56270766 0.8266558
vn -0 0 1
vn -0 0 1
vn -0 0 1
vn -0 0 1
vn -0 0 1
vn -0 0 1
vn -0 0 1
vn -0 0 1
vn -0 0 1
vn -0 0 1
vn -0 0 1
vn -0 0 1
vn -0 0 1
vn -0 0 1
vn -0 0 1
vn -0 0 1
vn -0 0 1
vn -0 0 1
vn -0 0 1
vn -0 0 1
vn -0 0 1
vn -0 0 1
vn -0 0 1
vn -0 0 1
vn -0 0 1
vn -0 0 1
vn -0 0 1
vn -0 0 1
vn -0 0 1
vn -0 0 1
vn -0 0 1
vn -0 0 1
vn -0 0 1
vn -0 0 1
vn -0 0 1
vn -0 0 1
vn -0 0 1
vn -0 0 1
vn -0 0 1
vn -0 0 1
vn -0 0 1
vn -0 0 1
vn -0 0 1
vn -0 0 1
vn -0 0 1
vn -0 0 1
vn -0 0 1
vn -0 0 1
vn -0 0 1
vn -0 0 1
vn -0 0 1
vn -0 0 1
vn -0 0 1
vn -0 0 1
vn -0 0 1
vn -0 0 1
vn -0 0 1
vn -0 0 1
vn -0 0 1
vn -0 0 1
vn -0 0 1
vn -0 0 1
vn -0 0 1
vn -0 0 1
vn -0 0 1
vn -0 0 1
vn -0 0 1
vn -0 0 1
vn -0 0 1
vn -0 0 1
vn -0 0 1
vn -0 0 1
vn -0 0 1
vn -0 0 1
vn -0 0 1
vn -0 0 1
vn -0 0 1
vn -0 0 1
vn -0 0 1
vn -0.6199495 0.00048840174 0.7846415
vn -0.6199495 0.00048840174 0.7846415
vn -0.6199495 0.00048840174 0.7846415
vn -0.6199495 0.00048840174 0.7846415
vn -0 0 1
vn -0 0 1
vn -0 0 1
vn -0 0 1
vn -0 0 1
vn -0 0 1
vn -0 0 1
vn -0 0 1
vn -0 0 1
vn -0 0 1
vn -0 0 1
vn -0 0 1
vn -0.5960034 0.0001277802 0.80298185
vn -0.5960034 0.0001277802 0.80298185
vn -0.5960034 0.0001277802 0.80298185
vn -0.5960034 0.0001277802 0.80298185
vn 0.0005408877 0.56270766 0.8266558
vn 0.0005408877 0.56270766 0.8266558
vn 0.0005408877 0.56270766 0.8266558
vn 0.0005408877 0.56270766 0.8266558
g Totend Castle New Collider_0
f 3/3/3 2/2/2 1/1/1
f 6/6/6 5/5/5 4/4/4
f 9/9/9 8/8/8 7/7/7
f 12/12/12 11/11/11 10/10/10
f 15/15/15 14/14/14 13/13/13
f 18/18/18 17/17/17 16/16/16
f 21/21/21 20/20/20 19/19/19
f 22/22/22 21/21/21 19/19/19
f 21/21/21 22/22/22 23/23/23
f 23/23/23 22/22/22 24/24/24
f 22/22/22 25/25/25 24/24/24
f 24/24/24 25/25/25 26/26/26
f 29/29/29 28/28/28 27/27/27
f 28/28/28 30/30/30 27/27/27
f 27/27/27 30/30/30 31/31/31
f 28/28/28 32/32/32 30/30/30
f 30/30/30 33/33/33 31/31/31
f 32/32/32 34/34/34 30/30/30
f 30/30/30 34/34/34 33/33/33
f 34/34/34 35/35/35 33/33/33
f 38/38/38 37/37/37 36/36/36
f 37/37/37 39/39/39 36/36/36
f 37/37/37 40/40/40 39/39/39
f 40/40/40 41/41/41 39/39/39
f 44/44/44 43/43/43 42/42/42
f 45/45/45 44/44/44 42/42/42
f 47/47/47 46/46/46 44/44/44
f 46/46/46 48/48/48 44/44/44
f 46/46/46 47/47/47 49/49/49
f 50/50/50 46/46/46 49/49/49
f 46/46/46 51/51/51 48/48/48
f 51/51/51 46/46/46 50/50/50
f 51/51/51 52/52/52 48/48/48
f 52/52/52 53/53/53 48/48/48
f 53/53/53 54/54/54 48/48/48
f 55/55/55 51/51/51 50/50/50
f 56/56/56 55/55/55 50/50/50
f 57/57/57 56/56/56 50/50/50
f 49/49/49 59/59/59 58/58/58
f 60/60/60 49/49/49 58/58/58
f 63/63/63 62/62/62 61/61/61
f 62/62/62 64/64/64 61/61/61
f 62/62/62 65/65/65 64/64/64
f 65/65/65 66/66/66 64/64/64
f 69/69/69 68/68/68 67/67/67
f 68/68/68 70/70/70 67/67/67
f 68/68/68 71/71/71 70/70/70
f 71/71/71 72/72/72 70/70/70
f 72/72/72 73/73/73 70/70/70
f 73/73/73 74/74/74 70/70/70
f 70/70/70 74/74/74 67/67/67
f 74/74/74 75/75/75 67/67/67
f 78/78/78 77/77/77 76/76/76
f 77/77/77 79/79/79 76/76/76
f 77/77/77 80/80/80 79/79/79
f 79/79/79 81/81/81 76/76/76
f 80/80/80 82/82/82 79/79/79
f 79/79/79 82/82/82 81/81/81
f 82/82/82 83/83/83 81/81/81
f 86/86/86 85/85/85 84/84/84
f 84/84/84 87/87/87 86/86/86
f 87/87/87 88/88/88 86/86/86
f 90/90/90 89/89/89 84/84/84
f 91/91/91 90/90/90 84/84/84
f 94/94/94 93/93/93 92/92/92
f 95/95/95 94/94/94 92/92/92
f 97/97/97 96/96/96 95/95/95
f 98/98/98 97/97/97 95/95/95
f 95/95/95 96/96/96 99/99/99
f 96/96/96 100/100/100 99/99/99
f 98/98/98 95/95/95 101/101/101
f 102/102/102 98/98/98 101/101/101
f 101/101/101 103/103/103 102/102/102
f 103/103/103 104/104/104 102/102/102
f 102/102/102 104/104/104 105/105/105
f 104/104/104 106/106/106 105/105/105
f 105/105/105 106/106/106 107/107/107
f 106/106/106 108/108/108 107/107/107
f 108/108/108 109/109/109 107/107/107
f 109/109/109 110/110/110 107/107/107
f 109/109/109 111/111/111 110/110/110
f 111/111/111 112/112/112 110/110/110
f 111/111/111 113/113/113 112/112/112
f 113/113/113 114/114/114 112/112/112
f 115/115/115 112/112/112 114/114/114
f 116/116/116 115/115/115 114/114/114
f 117/117/117 115/115/115 116/116/116
f 118/118/118 117/117/117 116/116/116
f 118/118/118 116/116/116 119/119/119
f 120/120/120 118/118/118 119/119/119
f 122/122/122 116/116/116 121/121/121
f 123/123/123 122/122/122 121/121/121
f 126/126/126 125/125/125 124/124/124
f 124/124/124 127/127/127 126/126/126
f 127/127/127 128/128/128 126/126/126
f 129/129/129 127/127/127 124/124/124
f 130/130/130 129/129/129 124/124/124
f 132/132/132 130/130/130 131/131/131
f 133/133/133 132/132/132 131/131/131
f 136/136/136 135/135/135 134/134/134
f 137/137/137 136/136/136 134/134/134
f 140/140/140 139/139/139 138/138/138
f 141/141/141 140/140/140 138/138/138
f 138/138/138 142/142/142 141/141/141
f 142/142/142 143/143/143 141/141/141
f 142/142/142 144/144/144 143/143/143
f 144/144/144 145/145/145 143/143/143
f 148/148/148 147/147/147 146/146/146
f 149/149/149 148/148/148 146/146/146
f 150/150/150 148/148/148 149/149/149
f 146/146/146 151/151/151 149/149/149
f 152/152/152 150/150/150 149/149/149
f 151/151/151 153/153/153 149/149/149
f 149/149/149 153/153/153 152/152/152
f 151/151/151 154/154/154 153/153/153
f 153/153/153 155/155/155 152/152/152
f 154/154/154 156/156/156 153/153/153
f 153/153/153 156/156/156 155/155/155
f 156/156/156 157/157/157 155/155/155
f 160/160/160 159/159/159 158/158/158
f 161/161/161 160/160/160 158/158/158
f 164/164/164 163/163/163 162/162/162
f 165/165/165 164/164/164 162/162/162
f 166/166/166 164/164/164 165/165/165
f 162/162/162 167/167/167 165/165/165
f 168/168/168 166/166/166 165/165/165
f 167/167/167 169/169/169 165/165/165
f 165/165/165 169/169/169 168/168/168
f 167/167/167 170/170/170 169/169/169
f 169/169/169 171/171/171 168/168/168
f 170/170/170 172/172/172 169/169/169
f 169/169/169 172/172/172 171/171/171
f 172/172/172 173/173/173 171/171/171
f 176/176/176 175/175/175 174/174/174
f 177/177/177 176/176/176 174/174/174
f 174/174/174 178/178/178 177/177/177
f 179/179/179 176/176/176 177/177/177
f 178/178/178 180/180/180 177/177/177
f 178/178/178 181/181/181 180/180/180
f 181/181/181 182/182/182 180/180/180
f 183/183/183 179/179/179 177/177/177
f 177/177/177 180/180/180 183/183/183
f 180/180/180 182/182/182 184/184/184
f 180/180/180 184/184/184 183/183/183
f 182/182/182 185/185/185 184/184/184
f 185/185/185 186/186/186 184/184/184
f 186/186/186 187/187/187 184/184/184
f 184/184/184 187/187/187 183/183/183
f 186/186/186 188/188/188 187/187/187
f 188/188/188 189/189/189 187/187/187
f 179/179/179 183/183/183 190/190/190
f 187/187/187 190/190/190 183/183/183
f 187/187/187 189/189/189 190/190/190
f 191/191/191 179/179/179 190/190/190
f 189/189/189 192/192/192 190/190/190
f 191/191/191 190/190/190 192/192/192
f 193/193/193 191/191/191 192/192/192
f 196/196/196 195/195/195 194/194/194
f 195/195/195 197/197/197 194/194/194
f 195/195/195 198/198/198 197/197/197
f 198/198/198 199/199/199 197/197/197
f 200/200/200 198/198/198 195/195/195
f 201/201/201 200/200/200 195/195/195
f 203/203/203 202/202/202 195/195/195
f 204/204/204 203/203/203 195/195/195
f 207/207/207 206/206/206 205/205/205
f 205/205/205 208/208/208 207/207/207
f 210/210/210 208/208/208 209/209/209
f 211/211/211 210/210/210 209/209/209
f 212/212/212 211/211/211 209/209/209
f 210/210/210 211/211/211 213/213/213
f 211/211/211 214/214/214 213/213/213
f 213/213/213 214/214/214 215/215/215
f 214/214/214 216/216/216 215/215/215
f 219/219/219 218/218/218 217/217/217
f 220/220/220 219/219/219 217/217/217
f 223/223/223 222/222/222 221/221/221
f 224/224/224 223/223/223 221/221/221
f 225/225/225 223/223/223 224/224/224
f 226/226/226 225/225/225 224/224/224
f 229/229/229 228/228/228 227/227/227
f 230/230/230 229/229/229 227/227/227
f 233/233/233 232/232/232 231/231/231
f 234/234/234 233/233/233 231/231/231
f 235/235/235 233/233/233 234/234/234
f 236/236/236 235/235/235 234/234/234
f 239/239/239 238/238/238 237/237/237
f 238/238/238 240/240/240 237/237/237
f 237/237/237 240/240/240 241/241/241
f 240/240/240 242/242/242 241/241/241
f 243/243/243 241/241/241 242/242/242
f 244/244/244 243/243/243 242/242/242
f 247/247/247 246/246/246 245/245/245
f 248/248/248 247/247/247 245/245/245
f 249/249/249 247/247/247 248/248/248
f 250/250/250 249/249/249 248/248/248
f 253/253/253 252/252/252 251/251/251
f 252/252/252 254/254/254 251/251/251
f 251/251/251 254/254/254 255/255/255
f 254/254/254 256/256/256 255/255/255
f 259/259/259 258/258/258 257/257/257
f 260/260/260 259/259/259 257/257/257
f 261/261/261 259/259/259 260/260/260
f 262/262/262 261/261/261 260/260/260
f 265/265/265 264/264/264 263/263/263
f 264/264/264 266/266/266 263/263/263
f 263/263/263 266/266/266 267/267/267
f 266/266/266 268/268/268 267/267/267
f 271/271/271 270/270/270 269/269/269
f 272/272/272 271/271/271 269/269/269
f 275/275/275 274/274/274 273/273/273
f 274/274/274 276/276/276 273/273/273
f 273/273/273 276/276/276 277/277/277
f 276/276/276 278/278/278 277/277/277
f 277/277/277 278/278/278 279/279/279
f 278/278/278 280/280/280 279/279/279
f 280/280/280 281/281/281 279/279/279
f 281/281/281 282/282/282 279/279/279
f 281/281/281 283/283/283 282/282/282
f 283/283/283 284/284/284 282/282/282
f 283/283/283 285/285/285 284/284/284
f 285/285/285 286/286/286 284/284/284
f 289/289/289 288/288/288 287/287/287
f 290/290/290 289/289/289 287/287/287
f 291/291/291 289/289/289 290/290/290
f 292/292/292 291/291/291 290/290/290
f 291/291/291 292/292/292 293/293/293
f 292/292/292 294/294/294 293/293/293
f 297/297/297 296/296/296 295/295/295
f 298/298/298 297/297/297 295/295/295
f 299/299/299 297/297/297 298/298/298
f 300/300/300 299/299/299 298/298/298
f 299/299/299 300/300/300 301/301/301
f 302/302/302 299/299/299 301/301/301
f 302/302/302 301/301/301 303/303/303
f 304/304/304 302/302/302 303/303/303
f 307/307/307 306/306/306 305/305/305
f 308/308/308 307/307/307 305/305/305
f 311/311/311 310/310/310 309/309/309
f 312/312/312 311/311/311 309/309/309
f 315/315/315 314/314/314 313/313/313
f 316/316/316 315/315/315 313/313/313
f 319/319/319 318/318/318 317/317/317
f 320/320/320 319/319/319 317/317/317
f 323/323/323 322/322/322 321/321/321
f 321/321/321 322/322/322 324/324/324
f 322/322/322 325/325/325 324/324/324
f 324/324/324 325/325/325 326/326/326
f 325/325/325 327/327/327 326/326/326
f 326/326/326 327/327/327 328/328/328
f 327/327/327 329/329/329 328/328/328
f 328/328/328 329/329/329 330/330/330
f 329/329/329 331/331/331 330/330/330
f 330/330/330 331/331/331 332/332/332
f 331/331/331 333/333/333 332/332/332
f 332/332/332 333/333/333 334/334/334
f 333/333/333 335/335/335 334/334/334
f 334/334/334 335/335/335 336/336/336
f 335/335/335 337/337/337 336/336/336
f 340/340/340 339/339/339 338/338/338
f 339/339/339 341/341/341 338/338/338
f 338/338/338 341/341/341 342/342/342
f 343/343/343 338/338/338 342/342/342
f 346/346/346 345/345/345 344/344/344
f 345/345/345 347/347/347 344/344/344
f 344/344/344 347/347/347 348/348/348
f 347/347/347 349/349/349 348/348/348
f 348/348/348 349/349/349 350/350/350
f 349/349/349 351/351/351 350/350/350
f 350/350/350 351/351/351 352/352/352
f 351/351/351 353/353/353 352/352/352
f 352/352/352 353/353/353 354/354/354
f 353/353/353 355/355/355 354/354/354
f 354/354/354 355/355/355 356/356/356
f 355/355/355 357/357/357 356/356/356
f 356/356/356 357/357/357 358/358/358
f 357/357/357 359/359/359 358/358/358
f 358/358/358 359/359/359 360/360/360
f 359/359/359 361/361/361 360/360/360
f 364/364/364 363/363/363 362/362/362
f 362/362/362 363/363/363 365/365/365
f 363/363/363 366/366/366 365/365/365
f 365/365/365 366/366/366 367/367/367
f 366/366/366 368/368/368 367/367/367
f 371/371/371 370/370/370 369/369/369
f 372/372/372 371/371/371 369/369/369
f 373/373/373 371/371/371 372/372/372
f 374/374/374 373/373/373 372/372/372
f 375/375/375 373/373/373 374/374/374
f 376/376/376 375/375/375 374/374/374
f 375/375/375 376/376/376 377/377/377
f 380/380/380 379/379/379 378/378/378
f 379/379/379 381/381/381 378/378/378
f 378/378/378 381/381/381 382/382/382
f 381/381/381 383/383/383 382/382/382
f 382/382/382 383/383/383 384/384/384
f 383/383/383 385/385/385 384/384/384
f 384/384/384 385/385/385 386/386/386
f 387/387/387 384/384/384 386/386/386
f 386/386/386 388/388/388 387/387/387
f 387/387/387 388/388/388 389/389/389
f 392/392/392 391/391/391 390/390/390
f 393/393/393 392/392/392 390/390/390
f 393/393/393 390/390/390 394/394/394
f 395/395/395 393/393/393 394/394/394
f 396/396/396 392/392/392 393/393/393
f 397/397/397 393/393/393 395/395/395
f 397/397/397 396/396/396 393/393/393
f 398/398/398 397/397/397 395/395/395
f 397/397/397 398/398/398 399/399/399
f 396/396/396 397/397/397 400/400/400
f 400/400/400 397/397/397 399/399/399
f 400/400/400 399/399/399 401/401/401
f 402/402/402 396/396/396 400/400/400
f 403/403/403 400/400/400 401/401/401
f 402/402/402 400/400/400 403/403/403
f 404/404/404 402/402/402 403/403/403
f 407/407/407 406/406/406 405/405/405
f 408/408/408 407/407/407 405/405/405
f 411/411/411 410/410/410 409/409/409
f 410/410/410 412/412/412 409/409/409
f 409/409/409 412/412/412 413/413/413
f 412/412/412 414/414/414 413/413/413
f 417/417/417 416/416/416 415/415/415
f 418/418/418 417/417/417 415/415/415
f 421/421/421 420/420/420 419/419/419
f 422/422/422 421/421/421 419/419/419
f 425/425/425 424/424/424 423/423/423
f 426/426/426 425/425/425 423/423/423
f 426/426/426 423/423/423 427/427/427
f 428/428/428 425/425/425 426/426/426
f 429/429/429 426/426/426 427/427/427
f 430/430/430 428/428/428 426/426/426
f 430/430/430 426/426/426 429/429/429
f 433/433/433 432/432/432 431/431/431
f 434/434/434 433/433/433 431/431/431
f 437/437/437 436/436/436 435/435/435
f 438/438/438 437/437/437 435/435/435
f 441/441/441 440/440/440 439/439/439
f 442/442/442 441/441/441 439/439/439
f 445/445/445 444/444/444 443/443/443
f 444/444/444 446/446/446 443/443/443
f 443/443/443 446/446/446 447/447/447
f 446/446/446 448/448/448 447/447/447
f 451/451/451 450/450/450 449/449/449
f 452/452/452 451/451/451 449/449/449
f 455/455/455 454/454/454 453/453/453
f 456/456/456 455/455/455 453/453/453
f 459/459/459 458/458/458 457/457/457
f 460/460/460 459/459/459 457/457/457
f 463/463/463 462/462/462 461/461/461
f 462/462/462 464/464/464 461/461/461
f 461/461/461 464/464/464 465/465/465
f 464/464/464 466/466/466 465/465/465
f 465/465/465 466/466/466 467/467/467
f 466/466/466 468/468/468 467/467/467
f 467/467/467 468/468/468 469/469/469
f 468/468/468 470/470/470 469/469/469
f 470/470/470 471/471/471 469/469/469
f 471/471/471 472/472/472 469/469/469
f 471/471/471 473/473/473 472/472/472
f 473/473/473 474/474/474 472/472/472
f 473/473/473 475/475/475 474/474/474
f 475/475/475 476/476/476 474/474/474
f 475/475/475 477/477/477 476/476/476
f 477/477/477 478/478/478 476/476/476
f 481/481/481 480/480/480 479/479/479
f 482/482/482 481/481/481 479/479/479
f 485/485/485 484/484/484 483/483/483
f 484/484/484 486/486/486 483/483/483
f 486/486/486 484/484/484 487/487/487
f 486/486/486 487/487/487 488/488/488
f 489/489/489 486/486/486 488/488/488
f 489/489/489 488/488/488 490/490/490
f 493/493/493 492/492/492 491/491/491
f 494/494/494 493/493/493 491/491/491
f 494/494/494 491/491/491 495/495/495
f 496/496/496 493/493/493 494/494/494
f 497/497/497 494/494/494 495/495/495
f 498/498/498 496/496/496 494/494/494
f 498/498/498 494/494/494 497/497/497
f 499/499/499 498/498/498 497/497/497
f 502/502/502 501/501/501 500/500/500
f 503/503/503 502/502/502 500/500/500
f 504/504/504 502/502/502 503/503/503
f 505/505/505 504/504/504 503/503/503
f 508/508/508 507/507/507 506/506/506
f 509/509/509 508/508/508 506/506/506
f 510/510/510 508/508/508 509/509/509
f 511/511/511 510/510/510 509/509/509
f 514/514/514 513/513/513 512/512/512
f 515/515/515 514/514/514 512/512/512
f 516/516/516 514/514/514 515/515/515
f 517/517/517 515/515/515 512/512/512
f 518/518/518 516/516/516 515/515/515
f 518/518/518 515/515/515 517/517/517
f 519/519/519 518/518/518 517/517/517
f 522/522/522 521/521/521 520/520/520
f 523/523/523 520/520/520 521/521/521
f 524/524/524 523/523/523 521/521/521
f 526/526/526 525/525/525 520/520/520
f 527/527/527 526/526/526 520/520/520
f 530/530/530 529/529/529 528/528/528
f 531/531/531 530/530/530 528/528/528
f 534/534/534 533/533/533 532/532/532
f 533/533/533 535/535/535 532/532/532
f 536/536/536 532/532/532 535/535/535
f 537/537/537 536/536/536 535/535/535
f 538/538/538 536/536/536 537/537/537
f 539/539/539 538/538/538 537/537/537
f 542/542/542 541/541/541 540/540/540
f 541/541/541 543/543/543 540/540/540
f 541/541/541 544/544/544 543/543/543
f 545/545/545 540/540/540 543/543/543
f 544/544/544 546/546/546 543/543/543
f 547/547/547 545/545/545 543/543/543
f 547/547/547 543/543/543 546/546/546
f 548/548/548 545/545/545 547/547/547
f 549/549/549 547/547/547 546/546/546
f 550/550/550 548/548/548 547/547/547
f 550/550/550 547/547/547 549/549/549
f 551/551/551 550/550/550 549/549/549
f 554/554/554 553/553/553 552/552/552
f 555/555/555 554/554/554 552/552/552
f 558/558/558 557/557/557 556/556/556
f 557/557/557 559/559/559 556/556/556
f 557/557/557 560/560/560 559/559/559
f 561/561/561 556/556/556 559/559/559
f 560/560/560 562/562/562 559/559/559
f 563/563/563 561/561/561 559/559/559
f 563/563/563 559/559/559 562/562/562
f 564/564/564 561/561/561 563/563/563
f 565/565/565 563/563/563 562/562/562
f 566/566/566 564/564/564 563/563/563
f 566/566/566 563/563/563 565/565/565
f 567/567/567 566/566/566 565/565/565
f 570/570/570 569/569/569 568/568/568
f 571/571/571 570/570/570 568/568/568
f 572/572/572 570/570/570 571/571/571
f 573/573/573 572/572/572 571/571/571
f 572/572/572 574/574/574 570/570/570
f 574/574/574 575/575/575 570/570/570
f 577/577/577 576/576/576 570/570/570
f 578/578/578 577/577/577 570/570/570
f 581/581/581 580/580/580 579/579/579
f 579/579/579 582/582/582 581/581/581
f 582/582/582 584/584/584 583/583/583
f 584/584/584 585/585/585 583/583/583
f 585/585/585 586/586/586 583/583/583
f 585/585/585 584/584/584 587/587/587
f 588/588/588 585/585/585 587/587/587
f 588/588/588 587/587/587 589/589/589
f 590/590/590 588/588/588 589/589/589
f 593/593/593 592/592/592 591/591/591
f 594/594/594 593/593/593 591/591/591
f 597/597/597 596/596/596 595/595/595
f 596/596/596 598/598/598 595/595/595
f 596/596/596 599/599/599 598/598/598
f 599/599/599 600/600/600 598/598/598
f 603/603/603 602/602/602 601/601/601
f 604/604/604 603/603/603 601/601/601
f 607/607/607 606/606/606 605/605/605
f 606/606/606 608/608/608 605/605/605
f 606/606/606 609/609/609 608/608/608
f 609/609/609 610/610/610 608/608/608
f 613/613/613 612/612/612 611/611/611
f 614/614/614 613/613/613 611/611/611
f 614/614/614 611/611/611 615/615/615
f 616/616/616 614/614/614 615/615/615
f 615/615/615 617/617/617 616/616/616
f 617/617/617 618/618/618 616/616/616
f 621/621/621 620/620/620 619/619/619
f 620/620/620 622/622/622 619/619/619
f 620/620/620 623/623/623 622/622/622
f 623/623/623 624/624/624 622/622/622
f 627/627/627 626/626/626 625/625/625
f 628/628/628 627/627/627 625/625/625
f 628/628/628 625/625/625 629/629/629
f 630/630/630 628/628/628 629/629/629
f 633/633/633 632/632/632 631/631/631
f 632/632/632 634/634/634 631/631/631
f 632/632/632 635/635/635 634/634/634
f 635/635/635 636/636/636 634/634/634
f 639/639/639 638/638/638 637/637/637
f 640/640/640 639/639/639 637/637/637
f 640/640/640 637/637/637 641/641/641
f 642/642/642 640/640/640 641/641/641
f 645/645/645 644/644/644 643/643/643
f 646/646/646 645/645/645 643/643/643
f 649/649/649 648/648/648 647/647/647
f 648/648/648 650/650/650 647/647/647
f 648/648/648 651/651/651 650/650/650
f 651/651/651 652/652/652 650/650/650
f 652/652/652 651/651/651 653/653/653
f 654/654/654 652/652/652 653/653/653
f 657/657/657 656/656/656 655/655/655
f 658/658/658 657/657/657 655/655/655
f 661/661/661 660/660/660 659/659/659
f 662/662/662 661/661/661 659/659/659
f 665/665/665 664/664/664 663/663/663
f 666/666/666 665/665/665 663/663/663
f 669/669/669 668/668/668 667/667/667
f 670/670/670 669/669/669 667/667/667
f 673/673/673 672/672/672 671/671/671
f 673/673/673 671/671/671 674/674/674
f 675/675/675 673/673/673 674/674/674
f 675/675/675 674/674/674 676/676/676
f 677/677/677 675/675/675 676/676/676
f 677/677/677 676/676/676 678/678/678
f 679/679/679 677/677/677 678/678/678
f 679/679/679 678/678/678 680/680/680
f 681/681/681 679/679/679 680/680/680
f 681/681/681 680/680/680 682/682/682
f 683/683/683 681/681/681 682/682/682
f 683/683/683 682/682/682 684/684/684
f 685/685/685 683/683/683 684/684/684
f 685/685/685 684/684/684 686/686/686
f 687/687/687 685/685/685 686/686/686
f 690/690/690 689/689/689 688/688/688
f 691/691/691 690/690/690 688/688/688
f 691/691/691 688/688/688 692/692/692
f 688/688/688 693/693/693 692/692/692
f 696/696/696 695/695/695 694/694/694
f 697/697/697 696/696/696 694/694/694
f 697/697/697 694/694/694 698/698/698
f 699/699/699 697/697/697 698/698/698
f 699/699/699 698/698/698 700/700/700
f 701/701/701 699/699/699 700/700/700
f 701/701/701 700/700/700 702/702/702
f 703/703/703 701/701/701 702/702/702
f 703/703/703 702/702/702 704/704/704
f 705/705/705 703/703/703 704/704/704
f 705/705/705 704/704/704 706/706/706
f 707/707/707 705/705/705 706/706/706
f 707/707/707 706/706/706 708/708/708
f 709/709/709 707/707/707 708/708/708
f 709/709/709 708/708/708 710/710/710
f 711/711/711 709/709/709 710/710/710
f 714/714/714 713/713/713 712/712/712
f 714/714/714 712/712/712 715/715/715
f 716/716/716 714/714/714 715/715/715
f 716/716/716 715/715/715 717/717/717
f 718/718/718 716/716/716 717/717/717
f 721/721/721 720/720/720 719/719/719
f 720/720/720 722/722/722 719/719/719
f 720/720/720 723/723/723 722/722/722
f 723/723/723 724/724/724 722/722/722
f 723/723/723 725/725/725 724/724/724
f 725/725/725 726/726/726 724/724/724
f 726/726/726 725/725/725 727/727/727
f 730/730/730 729/729/729 728/728/728
f 731/731/731 730/730/730 728/728/728
f 731/731/731 728/728/728 732/732/732
f 728/728/728 733/733/733 732/732/732
f 734/734/734 732/732/732 733/733/733
f 734/734/734 733/733/733 735/735/735
f 738/738/738 737/737/737 736/736/736
f 739/739/739 738/738/738 736/736/736
f 739/739/739 736/736/736 740/740/740
f 741/741/741 739/739/739 740/740/740
f 744/744/744 743/743/743 742/742/742
f 745/745/745 744/744/744 742/742/742
f 748/748/748 747/747/747 746/746/746
f 747/747/747 749/749/749 746/746/746
f 750/750/750 746/746/746 749/749/749
f 751/751/751 750/750/750 749/749/749
f 752/752/752 751/751/751 749/749/749
f 747/747/747 754/754/754 753/753/753
f 754/754/754 752/752/752 753/753/753
f 757/757/757 756/756/756 755/755/755
f 758/758/758 757/757/757 755/755/755
f 758/758/758 755/755/755 759/759/759
f 760/760/760 758/758/758 759/759/759
f 763/763/763 762/762/762 761/761/761
f 764/764/764 763/763/763 761/761/761
f 767/767/767 766/766/766 765/765/765
f 768/768/768 767/767/767 765/765/765
f 771/771/771 770/770/770 769/769/769
f 770/770/770 772/772/772 769/769/769
f 769/769/769 772/772/772 773/773/773
f 770/770/770 774/774/774 772/772/772
f 772/772/772 775/775/775 773/773/773
f 774/774/774 776/776/776 772/772/772
f 772/772/772 776/776/776 775/775/775
f 779/779/779 778/778/778 777/777/777
f 780/780/780 779/779/779 777/777/777
f 783/783/783 782/782/782 781/781/781
f 784/784/784 783/783/783 781/781/781
f 787/787/787 786/786/786 785/785/785
f 788/788/788 787/787/787 785/785/785
f 791/791/791 790/790/790 789/789/789
f 792/792/792 791/791/791 789/789/789
f 792/792/792 789/789/789 793/793/793
f 794/794/794 792/792/792 793/793/793
f 797/797/797 796/796/796 795/795/795
f 798/798/798 797/797/797 795/795/795
f 801/801/801 800/800/800 799/799/799
f 802/802/802 801/801/801 799/799/799
f 805/805/805 804/804/804 803/803/803
f 806/806/806 805/805/805 803/803/803
f 809/809/809 808/808/808 807/807/807
f 810/810/810 809/809/809 807/807/807
g Totend Castle New Collider_1
f 813/813/813 812/812/812 811/811/811
f 816/816/816 815/815/815 814/814/814
f 815/815/815 818/818/818 817/817/817
f 819/819/819 815/815/815 817/817/817
f 822/822/822 821/821/821 820/820/820
f 824/824/824 823/823/823 822/822/822
f 825/825/825 824/824/824 822/822/822
f 824/824/824 826/826/826 823/823/823
f 824/824/824 825/825/825 827/827/827
f 825/825/825 828/828/828 827/827/827
f 829/829/829 828/828/828 825/825/825
f 830/830/830 829/829/829 825/825/825
f 830/830/830 825/825/825 831/831/831
f 832/832/832 830/830/830 831/831/831
f 832/832/832 831/831/831 833/833/833
f 831/831/831 834/834/834 833/833/833
f 824/824/824 835/835/835 826/826/826
f 826/826/826 835/835/835 836/836/836
f 835/835/835 837/837/837 836/836/836
f 838/838/838 826/826/826 836/836/836
f 839/839/839 838/838/838 836/836/836
f 836/836/836 840/840/840 839/839/839
f 843/843/843 842/842/842 841/841/841
f 846/846/846 845/845/845 844/844/844
f 845/845/845 848/848/848 847/847/847
f 849/849/849 845/845/845 847/847/847
f 852/852/852 851/851/851 850/850/850
f 851/851/851 854/854/854 853/853/853
f 854/854/854 855/855/855 853/853/853
f 851/851/851 853/853/853 856/856/856
f 855/855/855 857/857/857 853/853/853
f 856/856/856 853/853/853 858/858/858
f 857/857/857 855/855/855 859/859/859
f 860/860/860 857/857/857 859/859/859
f 861/861/861 856/856/856 858/858/858
f 861/861/861 862/862/862 856/856/856
f 862/862/862 863/863/863 856/856/856
f 856/856/856 863/863/863 864/864/864
f 863/863/863 865/865/865 864/864/864
f 864/864/864 865/865/865 866/866/866
f 867/867/867 864/864/864 866/866/866
f 869/869/869 868/868/868 859/859/859
f 859/859/859 870/870/870 869/869/869
f 859/859/859 871/871/871 870/870/870
f 874/874/874 873/873/873 872/872/872
f 875/875/875 874/874/874 872/872/872
f 877/877/877 876/876/876 874/874/874
f 877/877/877 874/874/874 878/878/878
f 877/877/877 878/878/878 879/879/879
f 877/877/877 879/879/879 880/880/880
f 880/880/880 881/881/881 877/877/877
f 883/883/883 882/882/882 877/877/877
f 877/877/877 884/884/884 883/883/883
f 884/884/884 885/885/885 883/883/883
f 887/887/887 881/881/881 886/886/886
f 886/886/886 888/888/888 887/887/887
f 887/887/887 889/889/889 881/881/881
f 889/889/889 890/890/890 881/881/881
f 889/889/889 891/891/891 890/890/890
f 891/891/891 892/892/892 890/890/890
f 887/887/887 894/894/894 893/893/893
f 894/894/894 895/895/895 893/893/893
f 893/893/893 895/895/895 896/896/896
f 895/895/895 897/897/897 896/896/896
f 899/899/899 891/891/891 898/898/898
f 898/898/898 900/900/900 899/899/899
f 900/900/900 901/901/901 899/899/899
f 901/901/901 900/900/900 902/902/902
f 900/900/900 903/903/903 902/902/902
f 905/905/905 904/904/904 897/897/897
f 906/906/906 905/905/905 897/897/897
f 905/905/905 907/907/907 904/904/904
f 907/907/907 908/908/908 904/904/904
f 909/909/909 907/907/907 905/905/905
f 910/910/910 909/909/909 905/905/905
f 910/910/910 905/905/905 906/906/906
f 911/911/911 910/910/910 906/906/906
f 914/914/914 913/913/913 912/912/912
f 915/915/915 914/914/914 912/912/912
f 916/916/916 915/915/915 912/912/912
f 915/915/915 916/916/916 917/917/917
f 916/916/916 912/912/912 918/918/918
f 919/919/919 916/916/916 918/918/918
f 918/918/918 920/920/920 919/919/919
f 919/919/919 920/920/920 921/921/921
f 920/920/920 922/922/922 921/921/921
f 921/921/921 924/924/924 923/923/923
f 925/925/925 921/921/921 923/923/923
f 927/927/927 923/923/923 926/926/926
f 928/928/928 927/927/927 926/926/926
f 931/931/931 930/930/930 929/929/929
f 930/930/930 932/932/932 929/929/929
f 932/932/932 933/933/933 929/929/929
f 933/933/933 934/934/934 929/929/929
f 937/937/937 936/936/936 935/935/935
f 938/938/938 937/937/937 935/935/935
f 941/941/941 940/940/940 939/939/939
f 942/942/942 941/941/941 939/939/939
f 941/941/941 942/942/942 943/943/943
f 942/942/942 944/944/944 943/943/943
f 939/939/939 945/945/945 942/942/942
f 945/945/945 939/939/939 946/946/946
f 945/945/945 946/946/946 947/947/947
f 947/947/947 948/948/948 945/945/945
f 946/946/946 949/949/949 947/947/947
f 949/949/949 950/950/950 947/947/947
f 953/953/953 952/952/952 951/951/951
f 954/954/954 953/953/953 951/951/951
f 957/957/957 956/956/956 955/955/955
f 957/957/957 958/958/958 956/956/956
f 961/961/961 960/960/960 959/959/959
f 962/962/962 961/961/961 959/959/959
f 965/965/965 964/964/964 963/963/963
f 966/966/966 965/965/965 963/963/963
f 969/969/969 968/968/968 967/967/967
f 970/970/970 969/969/969 967/967/967
f 973/973/973 972/972/972 971/971/971
f 974/974/974 973/973/973 971/971/971
f 977/977/977 976/976/976 975/975/975
f 976/976/976 978/978/978 975/975/975
f 980/980/980 978/978/978 979/979/979
f 979/979/979 981/981/981 980/980/980
f 981/981/981 979/979/979 982/982/982
f 979/979/979 983/983/983 982/982/982
f 982/982/982 984/984/984 981/981/981
f 984/984/984 982/982/982 985/985/985
f 982/982/982 986/986/986 985/985/985
f 982/982/982 987/987/987 986/986/986
f 984/984/984 985/985/985 988/988/988
f 989/989/989 984/984/984 988/988/988
f 988/988/988 990/990/990 989/989/989
f 992/992/992 986/986/986 991/991/991
f 991/991/991 993/993/993 992/992/992
f 991/991/991 994/994/994 993/993/993
f 993/993/993 994/994/994 995/995/995
f 996/996/996 993/993/993 995/995/995
f 998/998/998 988/988/988 997/997/997
f 999/999/999 998/998/998 997/997/997
f 999/999/999 997/997/997 1000/1000/1000
f 1001/1001/1001 999/999/999 1000/1000/1000
f 1003/1003/1003 1002/1002/1002 1001/1001/1001
f 1004/1004/1004 1003/1003/1003 1001/1001/1001
f 1003/1003/1003 1005/1005/1005 1002/1002/1002
f 1005/1005/1005 1006/1006/1006 1002/1002/1002
f 1007/1007/1007 1005/1005/1005 1003/1003/1003
f 1008/1008/1008 1007/1007/1007 1003/1003/1003
f 1008/1008/1008 1003/1003/1003 1004/1004/1004
f 1009/1009/1009 1008/1008/1008 1004/1004/1004
f 1012/1012/1012 1011/1011/1011 1010/1010/1010
f 1010/1010/1010 1013/1013/1013 1012/1012/1012
f 1010/1010/1010 1014/1014/1014 1013/1013/1013
f 1017/1017/1017 1016/1016/1016 1015/1015/1015
f 1017/1017/1017 1015/1015/1015 1018/1018/1018
f 1017/1017/1017 1018/1018/1018 1019/1019/1019
f 1019/1019/1019 1018/1018/1018 1020/1020/1020
f 1021/1021/1021 1017/1017/1017 1019/1019/1019
f 1021/1021/1021 1019/1019/1019 1022/1022/1022
f 1022/1022/1022 1023/1023/1023 1021/1021/1021
f 1023/1023/1023 1022/1022/1022 1024/1024/1024
f 1025/1025/1025 1023/1023/1023 1024/1024/1024
f 1024/1024/1024 1027/1027/1027 1026/1026/1026
f 1028/1028/1028 1024/1024/1024 1026/1026/1026
f 1026/1026/1026 1030/1030/1030 1029/1029/1029
f 1030/1030/1030 1031/1031/1031 1029/1029/1029
f 1034/1034/1034 1033/1033/1033 1032/1032/1032
f 1035/1035/1035 1034/1034/1034 1032/1032/1032
f 1036/1036/1036 1035/1035/1035 1032/1032/1032
f 1037/1037/1037 1036/1036/1036 1032/1032/1032
f 1040/1040/1040 1039/1039/1039 1038/1038/1038
f 1041/1041/1041 1040/1040/1040 1038/1038/1038
f 1044/1044/1044 1043/1043/1043 1042/1042/1042
f 1044/1044/1044 1042/1042/1042 1045/1045/1045
f 1045/1045/1045 1042/1042/1042 1046/1046/1046
f 1047/1047/1047 1045/1045/1045 1046/1046/1046
f 1045/1045/1045 1048/1048/1048 1044/1044/1044
f 1049/1049/1049 1044/1044/1044 1048/1048/1048
f 1050/1050/1050 1049/1049/1049 1048/1048/1048
f 1048/1048/1048 1051/1051/1051 1050/1050/1050
f 1052/1052/1052 1049/1049/1049 1050/1050/1050
f 1053/1053/1053 1052/1052/1052 1050/1050/1050
f 1056/1056/1056 1055/1055/1055 1054/1054/1054
f 1057/1057/1057 1056/1056/1056 1054/1054/1054
f 1060/1060/1060 1059/1059/1059 1058/1058/1058
f 1059/1059/1059 1061/1061/1061 1058/1058/1058
f 1064/1064/1064 1063/1063/1063 1062/1062/1062
f 1065/1065/1065 1064/1064/1064 1062/1062/1062
f 1068/1068/1068 1067/1067/1067 1066/1066/1066
f 1069/1069/1069 1068/1068/1068 1066/1066/1066
f 1072/1072/1072 1071/1071/1071 1070/1070/1070
f 1073/1073/1073 1072/1072/1072 1070/1070/1070
f 1076/1076/1076 1075/1075/1075 1074/1074/1074
f 1077/1077/1077 1076/1076/1076 1074/1074/1074
