g Totend Castle
v -51.65431 -14.359988 4.1252465
v -51.65431 -14.359988 11.1630335
v -51.65431 -29.584244 4.1252465
v -51.65431 14.359988 4.1252465
v -51.65431 29.584244 4.1252465
v -51.65431 14.359988 11.1630335
v -18.349785 -22.27725 4.1252465
v -37.318134 -29.584244 4.1252465
v -37.318134 -24.509493 4.1252465
v -18.349785 -23.319132 4.1252465
v -37.318134 -43.079964 4.1252465
v -14.81988 -43.079964 4.1252465
v 2.4211192 -23.319132 4.1252465
v 5.951024 -43.079964 4.1252465
v -14.81988 -43.920017 4.1252465
v -38.01943 -43.079964 4.1252465
v -38.465893 -29.584244 4.1252465
v -51.65431 -43.079964 4.1252465
v -51.65431 -29.584244 4.1252465
v -51.65431 -43.637245 4.1252465
v -37.441883 -43.90619 4.1252465
v -51.65431 -49.358932 4.1252465
v -31.331594 -49.6806 4.1252465
v -36.710884 -43.920017 4.1252465
v -30.2956 -49.836452 4.1252465
v -14.81988 -43.079964 4.1252465
v -30.2956 -49.836452 4.1252465
v -14.81988 -52.544975 4.1252465
v -30.47617 -60.584827 4.1252465
v -14.81988 -60.584827 4.1252465
v -14.81988 -60.584827 4.1252465
v -30.47617 -62.174007 4.1252465
v -14.81988 -62.174007 4.1252465
v 5.347801 -43.920017 4.1252465
v 6.3400273 -43.079964 4.1252465
v 2.8101225 -22.972458 4.12026
v 2.4211192 -23.319132 4.1252465
v 5.7795815 -43.91706 4.1252465
v -0.84556454 -51.466373 4.1252465
v 0.025413243 -51.433044 4.1252465
v 9.760756 -23.243822 4.031153
v 16.58875 -42.90825 4.1252465
v 2.8101225 -22.972458 4.12026
v 16.58875 -42.90825 4.1252465
v 16.979101 -43.618343 4.1252465
v 6.3400273 -43.079964 4.1252465
v 28.46066 -31.028723 4.1252465
v 10.830084 -21.314049 4.0893126
v 10.830084 -20.82565 4.1252465
v 35.200184 -25.764244 4.1252465
v 19.479153 -39.36528 4.1252465
v 10.830084 -21.314049 4.0893126
v 10.830084 -21.802452 4.0533786
v 35.919853 -25.329807 4.1252465
v 10.830084 -20.82565 4.1252465
v 10.830084 -12.213261 4.1252465
v 17.62529 -42.645473 4.1252465
v 10.830084 -22.290855 4.0174446
v 19.479153 -39.36528 4.1252465
v 36.984985 -24.800919 4.1252465
v 35.919853 -25.329807 4.1252465
v 10.830084 -11.702135 4.1252465
v 37.30892 0 4.1252465
v 10.830084 -11.702135 4.1252465
v 10.830084 0 4.1252465
v 19.854591 -40.05294 4.1252465
v 23.70925 -47.113235 4.1252465
v 19.437874 -50.7804 4.1252465
v 18.127626 -43.31879 4.1252465
v 19.479153 -39.36528 4.1252465
v 17.62529 -42.645473 4.1252465
v -38.465893 -12.213261 11.162504
v -38.465893 -14.359988 11.1630335
v -51.65431 -14.359988 11.1630335
v -51.65431 -12.213261 11.152205
v -38.465893 -11.702135 11.162378
v -51.65431 -11.702135 11.149627
v -38.465893 0 11.159463
v -51.65431 0 11.090045
v -84.57924 -12.213261 11.040287
v -84.57924 -11.702135 11.039862
v -51.65431 -11.702135 11.149627
v -84.57924 0 11.030028
v -51.65431 0 11.090045
v -51.65431 11.702135 11.149627
v -51.65431 0 11.090045
v -84.57924 11.702135 11.039862
v -51.65431 12.213261 11.152205
v -84.57924 12.213261 11.040287
v -18.349785 -17.346369 4.1252465
v -18.349785 -14.359988 4.1252465
v 2.4211192 -14.359988 11.1630335
v 2.4211192 -17.346369 11.1630335
v -18.349785 -22.27725 4.1252465
v 2.4211192 -22.158012 11.1630335
v -38.465893 -29.584244 4.1252465
v -51.65431 -29.584244 4.1252465
v -51.65431 -14.359988 11.1630335
v -38.465893 -14.359988 11.1630335
v 5.347801 -43.920017 4.1252465
v -0.84556454 -51.466373 4.1252465
v -14.81988 -52.544975 4.1252465
v -14.81988 -43.920017 4.1252465
v -1.0872122 -60.581226 4.1252465
v -1.0546707 -62.1697 4.1252465
v -14.81988 -62.174007 4.1252465
v -14.81988 -60.584827 4.1252465
v 2.8101225 -17.230812 11.164696
v 2.8101225 -21.926897 11.166359
v 2.4211192 -22.158012 11.1630335
v 2.4211192 -17.346369 11.1630335
v 2.8101225 -14.359988 11.1630335
v 2.4211192 -14.359988 11.1630335
v 2.8101225 -14.359988 11.1630335
v 2.4211192 -13.5242815 11.1630335
v 2.8101225 -12.213261 11.1630335
v -18.349785 -14.359988 4.1252465
v -18.349785 -17.346369 4.1252465
v -37.318134 -19.43474 4.1252465
v -37.318134 -14.359988 4.1252465
v -37.318134 -12.213261 4.1252465
v -18.349785 -12.213261 4.1252465
v -37.318134 -11.702135 4.1252465
v -18.349785 -11.702135 4.1252465
v -37.318134 0 4.1252465
v -18.349785 0 4.1252465
v -18.349785 -17.346369 4.1252465
v -37.318134 -24.509493 4.1252465
v 36.1347 -26.226748 11.071604
v 34.632004 -37.340538 11.094781
v 29.00839 -31.588915 11.094781
v 46.053455 -33.188026 11.094781
v 36.790497 -25.399458 11.069781
v 36.1347 -26.226748 11.071604
v 45.01895 -25.671362 11.074238
v 54.08451 -32.194168 11.0735445
v 54.08451 -25.778242 11.070153
v 43.48561 -44.473373 11.17259
v 34.632004 -37.340538 11.094781
v 32.603516 -57.231556 11.187971
v 23.70925 -47.113235 11.187971
v 21.270464 -61.14525 11.04619
v 19.437874 -50.7804 11.187971
v 53.481308 0 4.1252465
v 54.949516 0 4.1252465
v 54.949516 -25.011805 4.1252465
v 53.481308 -24.939402 4.1252465
v 46.053455 0 4.1252465
v 45.01895 -24.810019 4.1252465
v 38.085033 0 4.1252465
v 45.01895 24.810019 4.1252465
v 37.761097 -24.84106 4.1252465
v 37.761097 24.84106 4.1252465
v 37.30892 0 4.1252465
v 36.984985 -24.800919 4.1252465
v 36.984985 24.800919 4.1252465
v -31.459328 -49.6806 11.018166
v -31.692724 -61.42658 11.018166
v -84.704124 -60.443893 11.018166
v -51.65431 -49.358932 11.018166
v -51.65431 -49.358932 11.018166
v -84.581055 -44.621075 11.018166
v -51.65431 -43.637245 11.018166
v -84.56907 -43.079964 11.018166
v -51.65431 -43.079964 11.018166
v -84.57924 -29.584244 11.018166
v -51.65431 -29.584244 11.018166
v -0.84556454 -51.466373 4.1252465
v -1.0872122 -60.581226 4.1252465
v -14.81988 -60.584827 4.1252465
v -14.81988 -52.544975 4.1252465
v -51.65431 -29.584244 11.018166
v -84.57924 -29.584244 11.018166
v -84.57924 -14.359988 11.042075
v -51.65431 -14.359988 11.1630335
v -84.57924 -14.359988 11.042075
v -84.57924 -12.213261 11.040287
v -51.65431 -12.213261 11.152205
v 34.632004 -37.340538 11.094781
v 23.70925 -47.113235 4.1252465
v 19.854591 -40.05294 4.1252465
v 29.00839 -31.588915 11.094781
v 19.479153 -39.36528 4.1252465
v 19.479153 -39.36528 5.6551986
v 19.854591 -40.05294 5.6551986
v 19.854591 -40.05294 4.1252465
v 9.760756 -11.702135 11.1630335
v 2.8101225 0 11.1630335
v 9.760756 0 11.1630335
v 2.8101225 -11.702135 11.1630335
v 9.760756 -12.213261 11.1630335
v 2.8101225 -12.213261 11.1630335
v 2.4211192 0 11.1630335
v 2.4211192 -11.702135 11.1630335
v 2.8101225 -12.213261 11.1630335
v -17.414497 0 11.1630335
v 2.4211192 -13.5242815 11.1630335
v -17.414497 -11.702135 11.1630335
v -17.414497 -13.5242815 11.1630335
v 9.760756 -20.82565 11.1630335
v 2.8101225 -12.213261 11.1630335
v 2.8101225 -14.359988 11.1630335
v 9.760756 -20.82565 11.1630335
v 2.8101225 -17.230812 11.164696
v 9.760756 -21.306084 11.194398
v 9.760756 -22.030777 11.225762
v 2.8101225 -21.926897 11.166359
v 2.8101225 -17.230812 11.164696
v 17.13958 -51.457558 11.166377
v 18.45864 -61.33351 11.042626
v 0.0028430913 -61.27859 11.019462
v 0.025413243 -51.433044 11.02602
v 19.437874 -50.7804 11.187971
v 18.45864 -61.33351 11.042626
v 21.270464 -61.14525 11.04619
v 16.979101 -43.618343 4.1252465
v 17.13958 -51.457558 4.1252465
v 0.025413243 -51.433044 4.1252465
v 5.7795815 -43.91706 4.1252465
v 10.830084 -22.290855 4.0174446
v 17.62529 -42.645473 4.1252465
v 16.58875 -42.90825 4.1252465
v 9.760756 -23.243822 4.031153
v -31.459328 -49.6806 11.018166
v -31.459328 -49.6806 12.851137
v -31.698278 -61.428143 12.783855
v -31.692724 -61.42658 11.018166
v 18.127626 -43.31879 4.1252465
v 19.437874 -50.7804 4.1252465
v 17.13958 -51.457558 4.1252465
v 16.979101 -43.618343 4.1252465
v 17.62529 -42.645473 4.1252465
v 16.979101 -43.618343 4.1252465
v 16.58875 -42.90825 4.1252465
v -15.756405 -13.855171 1.5698243
v -15.756403 -22.13998 1.5698243
v -15.756403 -22.13998 4.722626
v -15.756405 -13.855171 4.722626
v -15.756403 -22.13998 1.5698243
v -18.266546 -22.13998 1.5698243
v -18.266546 -22.13998 4.722626
v -15.756403 -22.13998 4.722626
v -18.266546 -22.13998 1.5698243
v -18.266548 -13.855172 1.5698243
v -18.266548 -13.855172 4.722626
v -18.266546 -22.13998 4.722626
v -18.266548 -13.855172 1.5698243
v -15.756405 -13.855171 1.5698243
v -15.756405 -13.855171 4.722626
v -18.266548 -13.855172 4.722626
v -15.756403 -22.13998 1.5698243
v -15.756405 -13.855171 1.5698243
v -18.266548 -13.855172 1.5698243
v -18.266546 -22.13998 1.5698243
v -18.266546 -22.13998 4.722626
v -18.266548 -13.855172 4.722626
v -15.756405 -13.855171 4.722626
v -15.756403 -22.13998 4.722626
v -14.226028 -19.111889 2.1381989
v -14.226027 -22.13998 2.1381989
v -14.226027 -22.13998 5.2910013
v -14.226028 -19.111889 5.2910013
v -14.226028 -17.997576 2.1381989
v -14.226028 -17.997576 5.2910013
v -14.226028 -16.88326 2.1381989
v -14.226028 -16.88326 5.2910013
v -14.22603 -13.855171 2.1381989
v -14.22603 -13.855171 5.2910013
v -14.226027 -22.13998 2.1381989
v -16.73617 -22.13998 2.1381989
v -16.73617 -22.13998 5.2910013
v -14.226027 -22.13998 5.2910013
v -16.736172 -16.88326 2.1381989
v -16.736174 -13.855171 2.1381989
v -16.736174 -13.855171 5.2910013
v -16.736172 -14.956295 5.2910013
v -16.736172 -17.997576 2.1381989
v -16.736172 -17.997576 4.884399
v -16.736172 -19.11189 2.1381989
v -16.736172 -19.11189 5.2910013
v -16.73617 -22.13998 2.1381989
v -16.73617 -22.13998 5.2910013
v -16.736174 -13.855171 2.1381989
v -14.22603 -13.855171 2.1381989
v -14.22603 -13.855171 5.2910013
v -16.736174 -13.855171 5.2910013
v -14.226028 -16.88326 2.1381989
v -14.22603 -13.855171 2.1381989
v -16.736174 -13.855171 2.1381989
v -16.736172 -16.88326 2.1381989
v -14.226028 -17.997576 2.1381989
v -16.736172 -17.997576 2.1381989
v -14.226028 -19.111889 2.1381989
v -16.736172 -19.11189 2.1381989
v -14.226027 -22.13998 2.1381989
v -16.73617 -22.13998 2.1381989
v -16.736172 -14.956295 5.2910013
v -16.736174 -13.855171 5.2910013
v -14.22603 -13.855171 5.2910013
v -14.226028 -16.88326 5.2910013
v -16.736172 -17.997576 4.884399
v -14.226028 -17.997576 5.2910013
v -16.736172 -19.11189 5.2910013
v -14.226028 -19.111889 5.2910013
v -16.73617 -22.13998 5.2910013
v -14.226027 -22.13998 5.2910013
v -12.22715 -13.855169 2.7065735
v -12.227146 -22.139978 2.7065735
v -12.227146 -22.139978 5.859376
v -12.22715 -13.855169 5.859376
v -12.227146 -22.139978 2.7065735
v -14.737289 -22.13998 2.7065735
v -14.737289 -22.13998 5.859376
v -12.227146 -22.139978 5.859376
v -14.737289 -22.13998 2.7065735
v -14.737291 -13.855171 2.7065735
v -14.737291 -13.855171 5.859376
v -14.737289 -22.13998 5.859376
v -14.737291 -13.855171 2.7065735
v -12.22715 -13.855169 2.7065735
v -12.22715 -13.855169 5.859376
v -14.737291 -13.855171 5.859376
v -12.227146 -22.139978 2.7065735
v -12.22715 -13.855169 2.7065735
v -14.737291 -13.855171 2.7065735
v -14.737289 -22.13998 2.7065735
v -14.737289 -22.13998 5.859376
v -14.737291 -13.855171 5.859376
v -12.22715 -13.855169 5.859376
v -12.227146 -22.139978 5.859376
v -10.50115 -18.481026 3.4595687
v -10.50115 -22.139978 3.4595687
v -10.50115 -22.139978 6.6123705
v -10.50115 -18.481026 6.6123705
v -10.50115 -17.514122 3.4595687
v -10.50115 -17.514122 6.6123705
v -10.501152 -13.855169 3.4595687
v -10.501152 -13.855169 6.6123705
v -10.50115 -22.139978 3.4595687
v -13.0112915 -22.13998 3.4595687
v -13.0112915 -22.13998 6.6123705
v -10.50115 -22.139978 6.6123705
v -13.011295 -17.514122 3.4595687
v -13.011295 -13.85517 3.4595687
v -13.011295 -13.85517 6.6123705
v -13.011295 -17.514122 6.6123705
v -13.011293 -18.481028 3.4595687
v -13.011293 -18.481028 6.186035
v -13.0112915 -22.13998 3.4595687
v -13.0112915 -22.13998 6.6123705
v -13.011295 -13.85517 3.4595687
v -10.501152 -13.855169 3.4595687
v -10.501152 -13.855169 6.6123705
v -13.011295 -13.85517 6.6123705
v -10.50115 -17.514122 3.4595687
v -10.501152 -13.855169 3.4595687
v -13.011295 -13.85517 3.4595687
v -13.011295 -17.514122 3.4595687
v -10.50115 -18.481026 3.4595687
v -13.011293 -18.481028 3.4595687
v -10.50115 -22.139978 3.4595687
v -13.0112915 -22.13998 3.4595687
v -13.011295 -17.514122 6.6123705
v -13.011295 -13.85517 6.6123705
v -10.501152 -13.855169 6.6123705
v -10.50115 -17.514122 6.6123705
v -13.011293 -18.481028 6.186035
v -10.50115 -18.481026 6.6123705
v -13.0112915 -22.13998 6.6123705
v -10.50115 -22.139978 6.6123705
v -9.375025 -16.769136 4.1373096
v -9.375023 -22.139978 4.1373096
v -9.375023 -22.139978 7.290112
v -9.375025 -16.769136 7.290112
v -9.375027 -13.855169 4.1373096
v -9.375027 -13.855169 7.290112
v -9.375023 -22.139978 4.1373096
v -11.885166 -22.139978 4.1373096
v -11.885166 -22.139978 7.290112
v -9.375023 -22.139978 7.290112
v -11.885168 -16.769138 4.1373096
v -11.88517 -13.855169 4.1373096
v -11.88517 -13.855169 7.290112
v -11.885168 -16.769138 6.7826147
v -11.885166 -22.139978 4.1373096
v -11.885166 -22.139978 7.290112
v -11.88517 -13.855169 4.1373096
v -9.375027 -13.855169 4.1373096
v -9.375027 -13.855169 7.290112
v -11.88517 -13.855169 7.290112
v -9.375025 -16.769136 4.1373096
v -9.375027 -13.855169 4.1373096
v -11.88517 -13.855169 4.1373096
v -11.885168 -16.769138 4.1373096
v -9.375023 -22.139978 4.1373096
v -11.885166 -22.139978 4.1373096
v -11.885168 -16.769138 6.7826147
v -11.88517 -13.855169 7.290112
v -9.375027 -13.855169 7.290112
v -9.375025 -16.769136 7.290112
v -11.885166 -22.139978 7.290112
v -9.375023 -22.139978 7.290112
v -7.7558722 -13.855168 4.666486
v -7.7558703 -22.139977 4.666486
v -7.7558703 -22.139977 7.8192883
v -7.7558722 -13.855168 7.8192883
v -7.7558703 -22.139977 4.666486
v -10.266014 -22.139978 4.666486
v -10.266014 -22.139978 7.8192883
v -7.7558703 -22.139977 7.8192883
v -10.266014 -22.139978 4.666486
v -10.266016 -13.855169 4.666486
v -10.266016 -13.855169 7.8192883
v -10.266014 -22.139978 7.8192883
v -10.266016 -13.855169 4.666486
v -7.7558722 -13.855168 4.666486
v -7.7558722 -13.855168 7.8192883
v -10.266016 -13.855169 7.8192883
v -7.7558703 -22.139977 4.666486
v -7.7558722 -13.855168 4.666486
v -10.266016 -13.855169 4.666486
v -10.266014 -22.139978 4.666486
v -10.266014 -22.139978 7.8192883
v -10.266016 -13.855169 7.8192883
v -7.7558722 -13.855168 7.8192883
v -7.7558703 -22.139977 7.8192883
v -5.9408364 -13.855167 5.1744947
v -5.9408336 -22.139977 5.1744947
v -5.9408336 -22.139977 8.327297
v -5.9408364 -13.855167 8.327297
v -5.9408336 -22.139977 5.1744947
v -8.450977 -22.139978 5.1744947
v -8.450977 -22.139978 8.327297
v -5.9408336 -22.139977 8.327297
v -8.450977 -22.139978 5.1744947
v -8.450979 -13.855169 5.1744947
v -8.450979 -13.855169 8.327297
v -8.450977 -22.139978 8.327297
v -8.450979 -13.855169 5.1744947
v -5.9408364 -13.855167 5.1744947
v -5.9408364 -13.855167 8.327297
v -8.450979 -13.855169 8.327297
v -5.9408336 -22.139977 5.1744947
v -5.9408364 -13.855167 5.1744947
v -8.450979 -13.855169 5.1744947
v -8.450977 -22.139978 5.1744947
v -8.450977 -22.139978 8.327297
v -8.450979 -13.855169 8.327297
v -5.9408364 -13.855167 8.327297
v -5.9408336 -22.139977 8.327297
v -4.1919856 -20.56732 5.682504
v -4.1919847 -22.139977 5.682504
v -4.1919847 -22.139977 8.835307
v -4.1919856 -20.56732 8.835307
v -4.1919875 -13.855167 5.682504
v -4.1919875 -13.855167 8.835307
v -4.1919847 -22.139977 5.682504
v -6.702128 -22.139977 5.682504
v -6.702128 -22.139977 8.835307
v -4.1919847 -22.139977 8.835307
v -6.702128 -20.56732 5.682504
v -6.702131 -13.855168 5.682504
v -6.702131 -13.855168 8.835307
v -6.702128 -20.56732 8.311282
v -6.702128 -22.139977 5.682504
v -6.702128 -22.139977 8.835307
v -6.702131 -13.855168 5.682504
v -4.1919875 -13.855167 5.682504
v -4.1919875 -13.855167 8.835307
v -6.702131 -13.855168 8.835307
v -4.1919856 -20.56732 5.682504
v -4.1919875 -13.855167 5.682504
v -6.702131 -13.855168 5.682504
v -6.702128 -20.56732 5.682504
v -4.1919847 -22.139977 5.682504
v -6.702128 -22.139977 5.682504
v -6.702128 -20.56732 8.311282
v -6.702131 -13.855168 8.835307
v -4.1919875 -13.855167 8.835307
v -4.1919856 -20.56732 8.835307
v -6.702128 -22.139977 8.835307
v -4.1919847 -22.139977 8.835307
v -2.5263758 -13.855167 6.331627
v -2.526373 -22.139977 6.331627
v -2.526373 -22.139977 9.48443
v -2.5263758 -13.855167 9.48443
v -2.526373 -22.139977 6.331627
v -5.0365157 -22.139977 6.331627
v -5.0365157 -22.139977 9.48443
v -2.526373 -22.139977 9.48443
v -5.0365157 -22.139977 6.331627
v -5.0365195 -13.855167 6.331627
v -5.0365195 -13.855167 9.48443
v -5.0365157 -22.139977 9.48443
v -5.0365195 -13.855167 6.331627
v -2.5263758 -13.855167 6.331627
v -2.5263758 -13.855167 9.48443
v -5.0365195 -13.855167 9.48443
v -2.526373 -22.139977 6.331627
v -2.5263758 -13.855167 6.331627
v -5.0365195 -13.855167 6.331627
v -5.0365157 -22.139977 6.331627
v -5.0365157 -22.139977 9.48443
v -5.0365195 -13.855167 9.48443
v -2.5263758 -13.855167 9.48443
v -2.526373 -22.139977 9.48443
v -1.0135999 -13.828892 6.949958
v -1.013598 -22.107832 6.316824
v -1.013598 -22.166252 9.467393
v -1.0135999 -13.88731 10.100527
v -1.013598 -22.107832 6.316824
v -3.5237403 -22.107834 6.316824
v -3.5237403 -22.166252 9.467393
v -1.013598 -22.166252 9.467393
v -3.5237403 -22.107834 6.316824
v -3.5237432 -13.828892 6.949958
v -3.5237432 -13.887311 10.100527
v -3.5237403 -22.166252 9.467393
v -3.5237432 -13.828892 6.949958
v -1.0135999 -13.828892 6.949958
v -1.0135999 -13.88731 10.100527
v -3.5237432 -13.887311 10.100527
v -1.013598 -22.107832 6.316824
v -1.0135999 -13.828892 6.949958
v -3.5237432 -13.828892 6.949958
v -3.5237403 -22.107834 6.316824
v -3.5237403 -22.166252 9.467393
v -3.5237432 -13.887311 10.100527
v -1.0135999 -13.88731 10.100527
v -1.013598 -22.166252 9.467393
v 0.74727964 -13.855166 7.432314
v 0.74728155 -22.139975 7.432314
v 0.74728155 -22.139975 10.585116
v 0.74727964 -13.855166 10.585116
v 0.74728155 -22.139975 7.432314
v -1.7628627 -22.139977 7.432314
v -1.7628627 -22.139977 10.585116
v 0.74728155 -22.139975 10.585116
v -1.7628627 -22.139977 7.432314
v -1.7628646 -13.855167 7.432314
v -1.7628646 -13.855167 10.585116
v -1.7628627 -22.139977 10.585116
v -1.7628646 -13.855167 7.432314
v 0.74727964 -13.855166 7.432314
v 0.74727964 -13.855166 10.585116
v -1.7628646 -13.855167 10.585116
v 0.74728155 -22.139975 7.432314
v 0.74727964 -13.855166 7.432314
v -1.7628646 -13.855167 7.432314
v -1.7628627 -22.139977 7.432314
v -1.7628627 -22.139977 10.585116
v -1.7628646 -13.855167 10.585116
v 0.74727964 -13.855166 10.585116
v 0.74728155 -22.139975 10.585116
v 2.021976 -13.855166 7.8053613
v 2.021978 -22.139975 7.8053613
v 2.369557 -22.139975 10.958162
v 2.369555 -13.8551655 10.958162
v 2.021978 -22.139975 7.8053613
v -0.48816538 -22.139977 7.8053613
v -0.14058638 -22.139977 10.958162
v 2.369557 -22.139975 10.958162
v -0.48816538 -22.139977 7.8053613
v -0.4881673 -13.855167 7.8053613
v -0.14058828 -13.855167 10.958162
v -0.14058638 -22.139977 10.958162
v -0.4881673 -13.855167 7.8053613
v 2.021976 -13.855166 7.8053613
v 2.369555 -13.8551655 10.958162
v -0.14058828 -13.855167 10.958162
v 2.021978 -22.139975 7.8053613
v 2.021976 -13.855166 7.8053613
v -0.4881673 -13.855167 7.8053613
v -0.48816538 -22.139977 7.8053613
v -0.14058638 -22.139977 10.958162
v -0.14058828 -13.855167 10.958162
v 2.369555 -13.8551655 10.958162
v 2.369557 -22.139975 10.958162
v 16.81149 -42.6868 1.1049614
v 22.284523 -48.90644 1.1049614
v 22.284523 -48.90644 4.257763
v 16.81149 -42.6868 4.257763
v 22.284523 -48.90644 1.1049614
v 20.400082 -50.56467 1.1049614
v 20.400082 -50.56467 4.257763
v 22.284523 -48.90644 4.257763
v 20.400082 -50.56467 1.1049614
v 14.927054 -44.345024 1.1049614
v 14.927054 -44.345024 4.257763
v 20.400082 -50.56467 4.257763
v 14.927054 -44.345024 1.1049614
v 16.81149 -42.6868 1.1049614
v 16.81149 -42.6868 4.257763
v 14.927054 -44.345024 4.257763
v 22.284523 -48.90644 1.1049614
v 16.81149 -42.6868 1.1049614
v 14.927054 -44.345024 1.1049614
v 20.400082 -50.56467 1.1049614
v 20.400082 -50.56467 4.257763
v 14.927054 -44.345024 4.257763
v 16.81149 -42.6868 4.257763
v 22.284523 -48.90644 4.257763
v 21.43303 -45.62219 1.6733356
v 23.433416 -47.89546 1.6733356
v 23.433416 -47.89546 4.8261375
v 21.43303 -45.62219 4.8261375
v 20.696903 -44.785637 1.6733356
v 20.696903 -44.785637 4.8261375
v 19.960777 -43.94909 1.6733356
v 19.960777 -43.94909 4.8261375
v 17.96039 -41.675816 1.6733356
v 17.96039 -41.675816 4.8261375
v 23.433416 -47.89546 1.6733356
v 21.548979 -49.553688 1.6733356
v 21.548979 -49.553688 4.8261375
v 23.433416 -47.89546 4.8261375
v 18.07634 -45.607315 1.6733356
v 16.07595 -43.33404 1.6733356
v 16.07595 -43.33404 4.8261375
v 16.803366 -44.160686 4.8261375
v 18.812464 -46.443867 1.6733356
v 18.812464 -46.443867 4.4195356
v 19.548594 -47.280415 1.6733356
v 19.548594 -47.280415 4.8261375
v 21.548979 -49.553688 1.6733356
v 21.548979 -49.553688 4.8261375
v 16.07595 -43.33404 1.6733356
v 17.96039 -41.675816 1.6733356
v 17.96039 -41.675816 4.8261375
v 16.07595 -43.33404 4.8261375
v 19.960777 -43.94909 1.6733356
v 17.96039 -41.675816 1.6733356
v 16.07595 -43.33404 1.6733356
v 18.07634 -45.607315 1.6733356
v 20.696903 -44.785637 1.6733356
v 18.812464 -46.443867 1.6733356
v 21.43303 -45.62219 1.6733356
v 19.548594 -47.280415 1.6733356
v 23.433416 -47.89546 1.6733356
v 21.548979 -49.553688 1.6733356
v 16.803366 -44.160686 4.8261375
v 16.07595 -43.33404 4.8261375
v 17.96039 -41.675816 4.8261375
v 19.960777 -43.94909 4.8261375
v 18.812464 -46.443867 4.4195356
v 20.696903 -44.785637 4.8261375
v 19.548594 -47.280415 4.8261375
v 21.43303 -45.62219 4.8261375
v 21.548979 -49.553688 4.8261375
v 23.433416 -47.89546 4.8261375
v 19.461006 -40.35533 2.2417102
v 24.934036 -46.57498 2.2417102
v 24.934036 -46.57498 5.394512
v 19.461006 -40.35533 5.394512
v 24.934036 -46.57498 2.2417102
v 23.049599 -48.233208 2.2417102
v 23.049599 -48.233208 5.394512
v 24.934036 -46.57498 5.394512
v 23.049599 -48.233208 2.2417102
v 17.57657 -42.013557 2.2417102
v 17.57657 -42.013557 5.394512
v 23.049599 -48.233208 5.394512
v 17.57657 -42.013557 2.2417102
v 19.461006 -40.35533 2.2417102
v 19.461006 -40.35533 5.394512
v 17.57657 -42.013557 5.394512
v 24.934036 -46.57498 2.2417102
v 19.461006 -40.35533 2.2417102
v 17.57657 -42.013557 2.2417102
v 23.049599 -48.233208 2.2417102
v 23.049599 -48.233208 5.394512
v 17.57657 -42.013557 5.394512
v 19.461006 -40.35533 5.394512
v 24.934036 -46.57498 5.394512
v 23.812653 -42.68789 2.9947052
v 26.229792 -45.43477 2.9947052
v 26.229792 -45.43477 6.1475077
v 23.812653 -42.68789 6.1475077
v 23.173904 -41.962006 2.9947052
v 23.173904 -41.962006 6.1475077
v 20.756763 -39.215122 2.9947052
v 20.756763 -39.215122 6.1475077
v 26.229792 -45.43477 2.9947052
v 24.345356 -47.092995 2.9947052
v 24.345356 -47.092995 6.1475077
v 26.229792 -45.43477 6.1475077
v 21.289469 -43.62023 2.9947052
v 18.872326 -40.87335 2.9947052
v 18.872326 -40.87335 6.1475077
v 21.289469 -43.62023 6.1475077
v 21.928215 -44.346115 2.9947052
v 21.928215 -44.346115 5.7211714
v 24.345356 -47.092995 2.9947052
v 24.345356 -47.092995 6.1475077
v 18.872326 -40.87335 2.9947052
v 20.756763 -39.215122 2.9947052
v 20.756763 -39.215122 6.1475077
v 18.872326 -40.87335 6.1475077
v 23.173904 -41.962006 2.9947052
v 20.756763 -39.215122 2.9947052
v 18.872326 -40.87335 2.9947052
v 21.289469 -43.62023 2.9947052
v 23.812653 -42.68789 2.9947052
v 21.928215 -44.346115 2.9947052
v 26.229792 -45.43477 2.9947052
v 24.345356 -47.092995 2.9947052
v 21.289469 -43.62023 6.1475077
v 18.872326 -40.87335 6.1475077
v 20.756763 -39.215122 6.1475077
v 23.173904 -41.962006 6.1475077
v 21.928215 -44.346115 5.7211714
v 23.812653 -42.68789 6.1475077
v 24.345356 -47.092995 6.1475077
v 26.229792 -45.43477 6.1475077
v 23.527176 -40.6588 3.6724463
v 27.075209 -44.690838 3.6724463
v 27.075209 -44.690838 6.8252487
v 23.527176 -40.6588 6.8252487
v 21.60218 -38.471195 3.6724463
v 21.60218 -38.471195 6.8252487
v 27.075209 -44.690838 3.6724463
v 25.190771 -46.349064 3.6724463
v 25.190771 -46.349064 6.8252487
v 27.075209 -44.690838 6.8252487
v 21.64274 -42.317024 3.6724463
v 19.717743 -40.12942 3.6724463
v 19.717743 -40.12942 6.8252487
v 21.642738 -42.31702 6.3177514
v 25.190771 -46.349064 3.6724463
v 25.190771 -46.349064 6.8252487
v 19.717743 -40.12942 3.6724463
v 21.60218 -38.471195 3.6724463
v 21.60218 -38.471195 6.8252487
v 19.717743 -40.12942 6.8252487
v 23.527176 -40.6588 3.6724463
v 21.60218 -38.471195 3.6724463
v 19.717743 -40.12942 3.6724463
v 21.64274 -42.317024 3.6724463
v 27.075209 -44.690838 3.6724463
v 25.190771 -46.349064 3.6724463
v 21.642738 -42.31702 6.3177514
v 19.717743 -40.12942 6.8252487
v 21.60218 -38.471195 6.8252487
v 23.527176 -40.6588 6.8252487
v 25.190771 -46.349064 6.8252487
v 27.075209 -44.690838 6.8252487
v 22.817724 -37.401566 4.2016225
v 28.290754 -43.621212 4.2016225
v 28.290754 -43.621212 7.354425
v 22.817724 -37.401566 7.354425
v 28.290754 -43.621212 4.2016225
v 26.406317 -45.279438 4.2016225
v 26.406317 -45.279438 7.354425
v 28.290754 -43.621212 7.354425
v 26.406317 -45.279438 4.2016225
v 20.933289 -39.05979 4.2016225
v 20.933289 -39.05979 7.354425
v 26.406317 -45.279438 7.354425
v 20.933289 -39.05979 4.2016225
v 22.817724 -37.401566 4.2016225
v 22.817724 -37.401566 7.354425
v 20.933289 -39.05979 7.354425
v 28.290754 -43.621212 4.2016225
v 22.817724 -37.401566 4.2016225
v 20.933289 -39.05979 4.2016225
v 26.406317 -45.279438 4.2016225
v 26.406317 -45.279438 7.354425
v 20.933289 -39.05979 7.354425
v 22.817724 -37.401566 7.354425
v 28.290754 -43.621212 7.354425
v 24.180326 -36.20253 4.7096314
v 29.653353 -42.422176 4.7096314
v 29.653353 -42.422176 7.8624344
v 24.180326 -36.20253 7.8624344
v 29.653353 -42.422176 4.7096314
v 27.768915 -44.080406 4.7096314
v 27.768915 -44.080406 7.8624344
v 29.653353 -42.422176 7.8624344
v 27.768915 -44.080406 4.7096314
v 22.295889 -37.860756 4.7096314
v 22.295889 -37.860756 7.8624344
v 27.768915 -44.080406 7.8624344
v 22.295889 -37.860756 4.7096314
v 24.180326 -36.20253 4.7096314
v 24.180326 -36.20253 7.8624344
v 22.295889 -37.860756 7.8624344
v 29.653353 -42.422176 4.7096314
v 24.180326 -36.20253 4.7096314
v 22.295889 -37.860756 4.7096314
v 27.768915 -44.080406 4.7096314
v 27.768915 -44.080406 7.8624344
v 22.295889 -37.860756 7.8624344
v 24.180326 -36.20253 7.8624344
v 29.653353 -42.422176 7.8624344
v 29.927353 -40.086235 5.217641
v 30.966265 -41.266872 5.217641
v 30.966265 -41.266872 8.370443
v 29.927353 -40.086235 8.370443
v 25.49324 -35.047222 5.217641
v 25.49324 -35.047222 8.370443
v 30.966265 -41.266872 5.217641
v 29.08183 -42.9251 5.217641
v 29.08183 -42.9251 8.370443
v 30.966265 -41.266872 8.370443
v 28.042915 -41.744457 5.217641
v 23.6088 -36.705452 5.217641
v 23.6088 -36.705452 8.370443
v 28.042915 -41.744457 7.846419
v 29.08183 -42.9251 5.217641
v 29.08183 -42.9251 8.370443
v 23.6088 -36.705452 5.217641
v 25.49324 -35.047222 5.217641
v 25.49324 -35.047222 8.370443
v 23.6088 -36.705452 8.370443
v 29.927353 -40.086235 5.217641
v 25.49324 -35.047222 5.217641
v 23.6088 -36.705452 5.217641
v 28.042915 -41.744457 5.217641
v 30.966265 -41.266872 5.217641
v 29.08183 -42.9251 5.217641
v 28.042915 -41.744457 7.846419
v 23.6088 -36.705452 8.370443
v 25.49324 -35.047222 8.370443
v 29.927353 -40.086235 8.370443
v 29.08183 -42.9251 8.370443
v 30.966265 -41.266872 8.370443
v 26.74366 -33.946903 5.866764
v 32.216686 -40.166546 5.866764
v 32.216686 -40.166546 9.019567
v 26.74366 -33.946903 9.019567
v 32.216686 -40.166546 5.866764
v 30.332249 -41.82478 5.866764
v 30.332249 -41.82478 9.019567
v 32.216686 -40.166546 9.019567
v 30.332249 -41.82478 5.866764
v 24.859222 -35.60513 5.866764
v 24.859222 -35.60513 9.019567
v 30.332249 -41.82478 9.019567
v 24.859222 -35.60513 5.866764
v 26.74366 -33.946903 5.866764
v 26.74366 -33.946903 9.019567
v 24.859222 -35.60513 9.019567
v 32.216686 -40.166546 5.866764
v 26.74366 -33.946903 5.866764
v 24.859222 -35.60513 5.866764
v 30.332249 -41.82478 5.866764
v 30.332249 -41.82478 9.019567
v 24.859222 -35.60513 9.019567
v 26.74366 -33.946903 9.019567
v 32.216686 -40.166546 9.019567
v 27.861988 -32.92782 6.4850945
v 33.331142 -39.14307 5.8519607
v 33.369728 -39.186928 9.002529
v 27.90058 -32.971672 9.635664
v 33.331142 -39.14307 5.8519607
v 31.446703 -40.801285 5.8519607
v 31.485296 -40.845142 9.002529
v 33.369728 -39.186928 9.002529
v 31.446703 -40.801285 5.8519607
v 25.97755 -34.58605 6.4850945
v 26.016142 -34.6299 9.635664
v 31.485296 -40.845142 9.002529
v 25.97755 -34.58605 6.4850945
v 27.861988 -32.92782 6.4850945
v 27.90058 -32.971672 9.635664
v 26.016142 -34.6299 9.635664
v 33.331142 -39.14307 5.8519607
v 27.861988 -32.92782 6.4850945
v 25.97755 -34.58605 6.4850945
v 31.446703 -40.801285 5.8519607
v 31.485296 -40.845142 9.002529
v 26.016142 -34.6299 9.635664
v 27.90058 -32.971672 9.635664
v 33.369728 -39.186928 9.002529
v 29.201292 -31.784288 6.9674506
v 34.674316 -38.00394 6.9674506
v 34.674316 -38.00394 10.120253
v 29.201292 -31.784288 10.120253
v 34.674316 -38.00394 6.9674506
v 32.789883 -39.66217 6.9674506
v 32.789883 -39.66217 10.120253
v 34.674316 -38.00394 10.120253
v 32.789883 -39.66217 6.9674506
v 27.31685 -33.442513 6.9674506
v 27.31685 -33.442513 10.120253
v 32.789883 -39.66217 10.120253
v 27.31685 -33.442513 6.9674506
v 29.201292 -31.784288 6.9674506
v 29.201292 -31.784288 10.120253
v 27.31685 -33.442513 10.120253
v 34.674316 -38.00394 6.9674506
v 29.201292 -31.784288 6.9674506
v 27.31685 -33.442513 6.9674506
v 32.789883 -39.66217 6.9674506
v 32.789883 -39.66217 10.120253
v 27.31685 -33.442513 10.120253
v 29.201292 -31.784288 10.120253
v 34.674316 -38.00394 10.120253
v 30.158241 -30.942213 7.340498
v 35.631268 -37.16186 7.340498
v 35.892204 -36.932247 10.4932995
v 30.419182 -30.7126 10.4932995
v 35.631268 -37.16186 7.340498
v 33.746826 -38.82009 7.340498
v 34.007767 -38.590473 10.4932995
v 35.892204 -36.932247 10.4932995
v 33.746826 -38.82009 7.340498
v 28.273806 -32.60044 7.340498
v 28.53474 -32.370823 10.4932995
v 34.007767 -38.590473 10.4932995
v 28.273806 -32.60044 7.340498
v 30.158241 -30.942213 7.340498
v 30.419182 -30.7126 10.4932995
v 28.53474 -32.370823 10.4932995
v 35.631268 -37.16186 7.340498
v 30.158241 -30.942213 7.340498
v 28.273806 -32.60044 7.340498
v 33.746826 -38.82009 7.340498
v 34.007767 -38.590473 10.4932995
v 28.53474 -32.370823 10.4932995
v 30.419182 -30.7126 10.4932995
v 35.892204 -36.932247 10.4932995
v -53.06101 -32.30417 1.3948289
v -37.98892 -32.30416 1.3948289
v -37.98892 -32.30416 4.547631
v -53.06101 -32.30417 4.547631
v -37.98892 -32.30416 1.3948289
v -37.98892 -34.814304 1.3948289
v -37.98892 -34.814304 4.547631
v -37.98892 -32.30416 4.547631
v -37.98892 -34.814304 1.3948289
v -53.06101 -34.814312 1.3948289
v -53.06101 -34.814312 4.547631
v -37.98892 -34.814304 4.547631
v -53.06101 -34.814312 1.3948289
v -53.06101 -32.30417 1.3948289
v -53.06101 -32.30417 4.547631
v -53.06101 -34.814312 4.547631
v -37.98892 -32.30416 1.3948289
v -53.06101 -32.30417 1.3948289
v -53.06101 -34.814312 1.3948289
v -37.98892 -34.814304 1.3948289
v -37.98892 -34.814304 4.547631
v -53.06101 -34.814312 4.547631
v -53.06101 -32.30417 4.547631
v -37.98892 -32.30416 4.547631
v -43.497753 -30.773788 1.9632034
v -37.988922 -30.773785 1.9632034
v -37.988922 -30.773785 5.116006
v -43.497753 -30.773788 5.116006
v -45.524967 -30.773788 1.9632034
v -45.524963 -30.773788 5.116006
v -47.552177 -30.773788 1.9632034
v -47.552177 -30.773788 5.116006
v -53.061012 -30.773792 1.9632034
v -53.061012 -30.773792 5.116006
v -37.988922 -30.773785 1.9632034
v -37.98892 -33.283928 1.9632034
v -37.98892 -33.283928 5.116006
v -37.988922 -30.773785 5.116006
v -47.552174 -33.28393 1.9632034
v -53.06101 -33.283936 1.9632034
v -53.06101 -33.283936 5.116006
v -51.057796 -33.283936 5.116006
v -45.524963 -33.28393 1.9632034
v -45.524963 -33.28393 4.7094035
v -43.497753 -33.28393 1.9632034
v -43.497753 -33.28393 5.116006
v -37.98892 -33.283928 1.9632034
v -37.98892 -33.283928 5.116006
v -53.06101 -33.283936 1.9632034
v -53.061012 -30.773792 1.9632034
v -53.061012 -30.773792 5.116006
v -53.06101 -33.283936 5.116006
v -47.552177 -30.773788 1.9632034
v -53.061012 -30.773792 1.9632034
v -53.06101 -33.283936 1.9632034
v -47.552174 -33.28393 1.9632034
v -45.524967 -30.773788 1.9632034
v -45.524963 -33.28393 1.9632034
v -43.497753 -30.773788 1.9632034
v -43.497753 -33.28393 1.9632034
v -37.988922 -30.773785 1.9632034
v -37.98892 -33.283928 1.9632034
v -51.057796 -33.283936 5.116006
v -53.06101 -33.283936 5.116006
v -53.061012 -30.773792 5.116006
v -47.552177 -30.773788 5.116006
v -45.524963 -33.28393 4.7094035
v -45.524963 -30.773788 5.116006
v -43.497753 -33.28393 5.116006
v -43.497753 -30.773788 5.116006
v -37.98892 -33.283928 5.116006
v -37.988922 -30.773785 5.116006
v -53.061012 -28.77491 2.531578
v -37.988922 -28.774904 2.531578
v -37.988922 -28.774904 5.6843805
v -53.061012 -28.77491 5.6843805
v -37.988922 -28.774904 2.531578
v -37.98892 -31.285046 2.531578
v -37.98892 -31.285046 5.6843805
v -37.988922 -28.774904 5.6843805
v -37.98892 -31.285046 2.531578
v -53.06101 -31.285053 2.531578
v -53.06101 -31.285053 5.6843805
v -37.98892 -31.285046 5.6843805
v -53.06101 -31.285053 2.531578
v -53.061012 -28.77491 2.531578
v -53.061012 -28.77491 5.6843805
v -53.06101 -31.285053 5.6843805
v -37.988922 -28.774904 2.531578
v -53.061012 -28.77491 2.531578
v -53.06101 -31.285053 2.531578
v -37.98892 -31.285046 2.531578
v -37.98892 -31.285046 5.6843805
v -53.06101 -31.285053 5.6843805
v -53.061012 -28.77491 5.6843805
v -37.988922 -28.774904 5.6843805
v -44.64545 -27.04891 3.2845733
v -37.988922 -27.048906 3.2845733
v -37.988922 -27.048906 6.437375
v -44.64545 -27.04891 6.437375
v -46.404484 -27.048912 3.2845733
v -46.404484 -27.048912 6.437375
v -53.061012 -27.048914 3.2845733
v -53.061012 -27.048914 6.437375
v -37.988922 -27.048906 3.2845733
v -37.988922 -29.55905 3.2845733
v -37.988922 -29.55905 6.437375
v -37.988922 -27.048906 6.437375
v -46.404484 -29.559055 3.2845733
v -53.061012 -29.559057 3.2845733
v -53.061012 -29.559057 6.437375
v -46.404484 -29.559055 6.437375
v -44.645447 -29.559053 3.2845733
v -44.645447 -29.559053 6.0110397
v -37.988922 -29.55905 3.2845733
v -37.988922 -29.55905 6.437375
v -53.061012 -29.559057 3.2845733
v -53.061012 -27.048914 3.2845733
v -53.061012 -27.048914 6.437375
v -53.061012 -29.559057 6.437375
v -46.404484 -27.048912 3.2845733
v -53.061012 -27.048914 3.2845733
v -53.061012 -29.559057 3.2845733
v -46.404484 -29.559055 3.2845733
v -44.64545 -27.04891 3.2845733
v -44.645447 -29.559053 3.2845733
v -37.988922 -27.048906 3.2845733
v -37.988922 -29.55905 3.2845733
v -46.404484 -29.559055 6.437375
v -53.061012 -29.559057 6.437375
v -53.061012 -27.048914 6.437375
v -46.404484 -27.048912 6.437375
v -44.645447 -29.559053 6.0110397
v -44.64545 -27.04891 6.437375
v -37.988922 -29.55905 6.437375
v -37.988922 -27.048906 6.437375
v -47.759792 -25.922787 3.9623141
v -37.988922 -25.922781 3.9623141
v -37.988922 -25.922781 7.1151166
v -47.759792 -25.922787 7.1151166
v -53.061012 -25.922789 3.9623141
v -53.061012 -25.922789 7.1151166
v -37.988922 -25.922781 3.9623141
v -37.988922 -28.432924 3.9623141
v -37.988922 -28.432924 7.1151166
v -37.988922 -25.922781 7.1151166
v -47.759792 -28.43293 3.9623141
v -53.061012 -28.432932 3.9623141
v -53.061012 -28.432932 7.1151166
v -47.759792 -28.43293 6.6076193
v -37.988922 -28.432924 3.9623141
v -37.988922 -28.432924 7.1151166
v -53.061012 -28.432932 3.9623141
v -53.061012 -25.922789 3.9623141
v -53.061012 -25.922789 7.1151166
v -53.061012 -28.432932 7.1151166
v -47.759792 -25.922787 3.9623141
v -53.061012 -25.922789 3.9623141
v -53.061012 -28.432932 3.9623141
v -47.759792 -28.43293 3.9623141
v -37.988922 -25.922781 3.9623141
v -37.988922 -28.432924 3.9623141
v -47.759792 -28.43293 6.6076193
v -53.061012 -28.432932 7.1151166
v -53.061012 -25.922789 7.1151166
v -47.759792 -25.922787 7.1151166
v -37.988922 -28.432924 7.1151166
v -37.988922 -25.922781 7.1151166
v -53.061012 -24.303635 4.4914904
v -37.988922 -24.303629 4.4914904
v -37.988922 -24.303629 7.644293
v -53.061012 -24.303635 7.644293
v -37.988922 -24.303629 4.4914904
v -37.988922 -26.813772 4.4914904
v -37.988922 -26.813772 7.644293
v -37.988922 -24.303629 7.644293
v -37.988922 -26.813772 4.4914904
v -53.061012 -26.813778 4.4914904
v -53.061012 -26.813778 7.644293
v -37.988922 -26.813772 7.644293
v -53.061012 -26.813778 4.4914904
v -53.061012 -24.303635 4.4914904
v -53.061012 -24.303635 7.644293
v -53.061012 -26.813778 7.644293
v -37.988922 -24.303629 4.4914904
v -53.061012 -24.303635 4.4914904
v -53.061012 -26.813778 4.4914904
v -37.988922 -26.813772 4.4914904
v -37.988922 -26.813772 7.644293
v -53.061012 -26.813778 7.644293
v -53.061012 -24.303635 7.644293
v -37.988922 -24.303629 7.644293
v -53.061012 -22.4886 4.9994993
v -37.988922 -22.488592 4.9994993
v -37.988922 -22.488592 8.152302
v -53.061012 -22.4886 8.152302
v -37.988922 -22.488592 4.9994993
v -37.988922 -24.998735 4.9994993
v -37.988922 -24.998735 8.152302
v -37.988922 -22.488592 8.152302
v -37.988922 -24.998735 4.9994993
v -53.061012 -24.998743 4.9994993
v -53.061012 -24.998743 8.152302
v -37.988922 -24.998735 8.152302
v -53.061012 -24.998743 4.9994993
v -53.061012 -22.4886 4.9994993
v -53.061012 -22.4886 8.152302
v -53.061012 -24.998743 8.152302
v -37.988922 -22.488592 4.9994993
v -53.061012 -22.4886 4.9994993
v -53.061012 -24.998743 4.9994993
v -37.988922 -24.998735 4.9994993
v -37.988922 -24.998735 8.152302
v -53.061012 -24.998743 8.152302
v -53.061012 -22.4886 8.152302
v -37.988922 -22.488592 8.152302
v -40.84997 -20.739744 5.5075088
v -37.988926 -20.739742 5.5075088
v -37.988926 -20.739742 8.660312
v -40.84997 -20.739744 8.660312
v -53.061016 -20.73975 5.5075088
v -53.061016 -20.73975 8.660312
v -37.988926 -20.739742 5.5075088
v -37.988922 -23.249886 5.5075088
v -37.988922 -23.249886 8.660312
v -37.988926 -20.739742 8.660312
v -40.84997 -23.249887 5.5075088
v -53.061012 -23.249893 5.5075088
v -53.061012 -23.249893 8.660312
v -40.84997 -23.249887 8.136287
v -37.988922 -23.249886 5.5075088
v -37.988922 -23.249886 8.660312
v -53.061012 -23.249893 5.5075088
v -53.061016 -20.73975 5.5075088
v -53.061016 -20.73975 8.660312
v -53.061012 -23.249893 8.660312
v -40.84997 -20.739744 5.5075088
v -53.061016 -20.73975 5.5075088
v -53.061012 -23.249893 5.5075088
v -40.84997 -23.249887 5.5075088
v -37.988926 -20.739742 5.5075088
v -37.988922 -23.249886 5.5075088
v -40.84997 -23.249887 8.136287
v -53.061012 -23.249893 8.660312
v -53.061016 -20.73975 8.660312
v -40.84997 -20.739744 8.660312
v -37.988922 -23.249886 8.660312
v -37.988926 -20.739742 8.660312
v -53.061016 -19.074139 6.1566315
v -37.988926 -19.074131 6.1566315
v -37.988926 -19.074131 9.309435
v -53.061016 -19.074139 9.309435
v -37.988926 -19.074131 6.1566315
v -37.988926 -21.584274 6.1566315
v -37.988926 -21.584274 9.309435
v -37.988926 -19.074131 9.309435
v -37.988926 -21.584274 6.1566315
v -53.061016 -21.584282 6.1566315
v -53.061016 -21.584282 9.309435
v -37.988926 -21.584274 9.309435
v -53.061016 -21.584282 6.1566315
v -53.061016 -19.074139 6.1566315
v -53.061016 -19.074139 9.309435
v -53.061016 -21.584282 9.309435
v -37.988926 -19.074131 6.1566315
v -53.061016 -19.074139 6.1566315
v -53.061016 -21.584282 6.1566315
v -37.988926 -21.584274 6.1566315
v -37.988926 -21.584274 9.309435
v -53.061016 -21.584282 9.309435
v -53.061016 -19.074139 9.309435
v -37.988926 -19.074131 9.309435
v -53.108818 -17.561363 6.7749624
v -38.0474 -17.561356 6.1418285
v -37.941124 -17.561356 9.2923975
v -53.00254 -17.561363 9.925531
v -38.0474 -17.561356 6.1418285
v -38.0474 -20.071499 6.1418285
v -37.941124 -20.071499 9.2923975
v -37.941124 -17.561356 9.2923975
v -38.0474 -20.071499 6.1418285
v -53.108818 -20.071507 6.7749624
v -53.002537 -20.071507 9.925531
v -37.941124 -20.071499 9.2923975
v -53.108818 -20.071507 6.7749624
v -53.108818 -17.561363 6.7749624
v -53.00254 -17.561363 9.925531
v -53.002537 -20.071507 9.925531
v -38.0474 -17.561356 6.1418285
v -53.108818 -17.561363 6.7749624
v -53.108818 -20.071507 6.7749624
v -38.0474 -20.071499 6.1418285
v -37.941124 -20.071499 9.2923975
v -53.002537 -20.071507 9.925531
v -53.00254 -17.561363 9.925531
v -37.941124 -17.561356 9.2923975
v -53.061016 -15.800484 7.2573185
v -37.988926 -15.800476 7.2573185
v -37.988926 -15.800476 10.410121
v -53.061016 -15.800484 10.410121
v -37.988926 -15.800476 7.2573185
v -37.988926 -18.31062 7.2573185
v -37.988926 -18.31062 10.410121
v -37.988926 -15.800476 10.410121
v -37.988926 -18.31062 7.2573185
v -53.061016 -18.310627 7.2573185
v -53.061016 -18.310627 10.410121
v -37.988926 -18.31062 10.410121
v -53.061016 -18.310627 7.2573185
v -53.061016 -15.800484 7.2573185
v -53.061016 -15.800484 10.410121
v -53.061016 -18.310627 10.410121
v -37.988926 -15.800476 7.2573185
v -53.061016 -15.800484 7.2573185
v -53.061016 -18.310627 7.2573185
v -37.988926 -18.31062 7.2573185
v -37.988926 -18.31062 10.410121
v -53.061016 -18.310627 10.410121
v -53.061016 -15.800484 10.410121
v -37.988926 -15.800476 10.410121
v -53.061016 -14.525787 7.630366
v -37.988926 -14.52578 7.630366
v -37.988926 -14.178201 10.783167
v -53.061016 -14.178208 10.783167
v -37.988926 -14.52578 7.630366
v -37.988926 -17.035923 7.630366
v -37.988926 -16.688343 10.783167
v -37.988926 -14.178201 10.783167
v -37.988926 -17.035923 7.630366
v -53.061016 -17.03593 7.630366
v -53.061016 -16.68835 10.783167
v -37.988926 -16.688343 10.783167
v -53.061016 -17.03593 7.630366
v -53.061016 -14.525787 7.630366
v -53.061016 -14.178208 10.783167
v -53.061016 -16.68835 10.783167
v -37.988926 -14.52578 7.630366
v -53.061016 -14.525787 7.630366
v -53.061016 -17.03593 7.630366
v -37.988926 -17.035923 7.630366
v -37.988926 -16.688343 10.783167
v -53.061016 -16.68835 10.783167
v -53.061016 -14.178208 10.783167
v -37.988926 -14.178201 10.783167
v -18.349785 22.27725 4.1252465
v -37.318134 24.509493 4.1252465
v -37.318134 29.584244 4.1252465
v -18.349785 23.319132 4.1252465
v -18.349785 17.346369 4.1252465
v -37.318134 24.509493 4.1252465
v -37.318134 19.43474 4.1252465
v -18.349785 14.359988 4.1252465
v -18.349785 17.346369 4.1252465
v -37.318134 14.359988 4.1252465
v -37.318134 12.213261 4.1252465
v -18.349785 12.213261 4.1252465
v -37.318134 11.702135 4.1252465
v -18.349785 11.702135 4.1252465
v -37.318134 0 4.1252465
v -18.349785 0 4.1252465
v 2.4211192 23.319132 4.1252465
v -14.81988 43.079964 4.1252465
v 5.951024 43.079964 4.1252465
v -37.318134 43.079964 4.1252465
v -37.318134 29.584244 4.1252465
v -38.01943 43.079964 4.1252465
v -36.710884 43.920017 4.1252465
v -38.465893 29.584244 4.1252465
v -51.65431 43.079964 4.1252465
v -51.65431 29.584244 4.1252465
v -51.65431 43.637245 4.1252465
v -37.441883 43.90619 4.1252465
v -51.65431 49.358932 4.1252465
v -31.331594 49.6806 4.1252465
v -30.2956 49.836452 4.1252465
v -37.318134 43.079964 4.1252465
v -38.01943 43.079964 4.1252465
v -14.81988 43.920017 4.1252465
v -14.81988 52.544975 4.1252465
v 5.347801 43.920017 4.1252465
v -0.84556454 51.466373 4.1252465
v 2.8101225 22.972458 4.12026
v 2.4211192 23.319132 4.1252465
v 6.3400273 43.079964 4.1252465
v 6.3400273 43.079964 4.1252465
v 5.951024 43.079964 4.1252465
v 5.7795815 43.91706 4.1252465
v 9.760756 23.243822 4.031153
v 2.8101225 22.972458 4.12026
v 16.58875 42.90825 4.1252465
v 16.58875 42.90825 4.1252465
v 6.3400273 43.079964 4.1252465
v 16.979101 43.618343 4.1252465
v 28.46066 31.028723 4.1252465
v 10.830084 20.82565 4.1252465
v 10.830084 21.314049 4.0893126
v 35.200184 25.764244 4.1252465
v 19.479153 39.36528 4.1252465
v 10.830084 21.314049 4.0893126
v 10.830084 21.802452 4.0533786
v 35.919853 25.329807 4.1252465
v 10.830084 20.82565 4.1252465
v 10.830084 12.213261 4.1252465
v 17.62529 42.645473 4.1252465
v 19.479153 39.36528 4.1252465
v 10.830084 22.290855 4.0174446
v 36.984985 24.800919 4.1252465
v 10.830084 11.702135 4.1252465
v 35.919853 25.329807 4.1252465
v 37.30892 0 4.1252465
v 10.830084 11.702135 4.1252465
v 10.830084 0 4.1252465
v 19.854591 40.05294 4.1252465
v 19.437874 50.7804 4.1252465
v 23.70925 47.113235 4.1252465
v 18.127626 43.31879 4.1252465
v 19.479153 39.36528 4.1252465
v 17.62529 42.645473 4.1252465
v 17.13958 51.457558 4.1252465
v 16.979101 43.618343 4.1252465
v 0.025413243 51.433044 4.1252465
v 5.7795815 43.91706 4.1252465
v -38.465893 12.213261 11.162504
v -51.65431 14.359988 11.1630335
v -38.465893 14.359988 11.1630335
v -51.65431 12.213261 11.152205
v -38.465893 11.702135 11.162378
v -51.65431 11.702135 11.149627
v -38.465893 0 11.159463
v -51.65431 0 11.090045
v -18.349785 17.346369 4.1252465
v 2.4211192 14.359988 11.1630335
v -18.349785 14.359988 4.1252465
v 2.4211192 17.346369 11.1630335
v -18.349785 22.27725 4.1252465
v 2.4211192 22.158012 11.1630335
v -38.465893 29.584244 4.1252465
v -38.465893 14.359988 11.1630335
v -51.65431 14.359988 11.1630335
v -51.65431 29.584244 4.1252465
v -14.81988 60.584827 4.1252465
v -30.47617 62.174007 4.1252465
v -14.81988 62.174007 4.1252465
v -30.47617 60.584827 4.1252465
v -14.81988 52.544975 4.1252465
v -30.2956 49.836452 4.1252465
v -14.81988 60.584827 4.1252465
v 5.7795815 43.91706 4.1252465
v 5.347801 43.920017 4.1252465
v -0.84556454 51.466373 4.1252465
v 0.025413243 51.433044 4.1252465
v -1.0872122 60.581226 4.1252465
v -14.81988 60.584827 4.1252465
v -14.81988 62.174007 4.1252465
v -1.0546707 62.1697 4.1252465
v 2.8101225 17.230812 11.164696
v 2.4211192 22.158012 11.1630335
v 2.8101225 21.926897 11.166359
v 2.4211192 17.346369 11.1630335
v 2.8101225 14.359988 11.1630335
v 2.4211192 14.359988 11.1630335
v 2.8101225 14.359988 11.1630335
v 2.4211192 13.5242815 11.1630335
v 2.8101225 12.213261 11.1630335
v 36.1347 26.226748 11.071604
v 29.00839 31.588915 11.094781
v 34.632004 37.340538 11.094781
v 46.053455 33.188026 11.094781
v 36.790497 25.399458 11.069781
v 36.1347 26.226748 11.071604
v 45.01895 25.671362 11.074238
v 54.08451 32.194168 11.0735445
v 54.08451 25.778242 11.070153
v 43.48561 44.473373 11.17259
v 34.632004 37.340538 11.094781
v 32.603516 57.231556 11.187971
v 23.70925 47.113235 11.187971
v 21.270464 61.14525 11.04619
v 19.437874 50.7804 11.187971
v 53.481308 0 4.1252465
v 54.949516 25.011805 4.1252465
v 54.949516 0 4.1252465
v 53.481308 24.939402 4.1252465
v 46.053455 0 4.1252465
v 45.01895 24.810019 4.1252465
v -31.459328 49.6806 11.018166
v -84.704124 60.443893 11.018166
v -31.692724 61.42658 11.018166
v -51.65431 49.358932 11.018166
v -84.581055 44.621075 11.018166
v -51.65431 43.637245 11.018166
v -84.56907 43.079964 11.018166
v -51.65431 43.079964 11.018166
v -84.57924 29.584244 11.018166
v -51.65431 29.584244 11.018166
v -0.84556454 51.466373 4.1252465
v -14.81988 52.544975 4.1252465
v -14.81988 60.584827 4.1252465
v -1.0872122 60.581226 4.1252465
v -51.65431 29.584244 11.018166
v -84.57924 14.359988 11.042075
v -84.57924 29.584244 11.018166
v -51.65431 14.359988 11.1630335
v -51.65431 12.213261 11.152205
v -84.57924 12.213261 11.040287
v -84.57924 14.359988 11.042075
v 34.632004 37.340538 11.094781
v 29.00839 31.588915 11.094781
v 19.854591 40.05294 4.1252465
v 23.70925 47.113235 4.1252465
v 19.479153 39.36528 4.1252465
v 19.854591 40.05294 4.1252465
v 19.854591 40.05294 5.6551986
v 19.479153 39.36528 5.6551986
v 9.760756 11.702135 11.1630335
v 9.760756 0 11.1630335
v 2.8101225 0 11.1630335
v 2.8101225 11.702135 11.1630335
v 9.760756 12.213261 11.1630335
v 2.8101225 12.213261 11.1630335
v 2.4211192 0 11.1630335
v 2.4211192 11.702135 11.1630335
v 2.8101225 12.213261 11.1630335
v -17.414497 0 11.1630335
v 2.4211192 13.5242815 11.1630335
v -17.414497 11.702135 11.1630335
v -17.414497 13.5242815 11.1630335
v 9.760756 20.82565 11.1630335
v 2.8101225 12.213261 11.1630335
v 2.8101225 14.359988 11.1630335
v 9.760756 20.82565 11.1630335
v 2.8101225 17.230812 11.164696
v 9.760756 21.306084 11.194398
v 2.8101225 17.230812 11.164696
v 2.8101225 21.926897 11.166359
v 9.760756 22.030777 11.225762
v 17.13958 51.457558 11.166377
v 0.025413243 51.433044 11.02602
v 0.0028430913 61.27859 11.019462
v 18.45864 61.33351 11.042626
v 19.437874 50.7804 11.187971
v 18.45864 61.33351 11.042626
v 21.270464 61.14525 11.04619
v 10.830084 22.290855 4.0174446
v 9.760756 23.243822 4.031153
v 16.58875 42.90825 4.1252465
v 17.62529 42.645473 4.1252465
v -31.459328 49.6806 11.018166
v -31.692724 61.42658 11.018166
v -31.698278 61.428143 12.783855
v -31.459328 49.6806 12.851137
v 17.62529 42.645473 4.1252465
v 16.58875 42.90825 4.1252465
v 16.979101 43.618343 4.1252465
v 18.127626 43.31879 4.1252465
v -15.756405 13.855171 1.5698243
v -15.756405 13.855171 4.722626
v -15.756403 22.13998 4.722626
v -15.756403 22.13998 1.5698243
v -15.756403 22.13998 1.5698243
v -15.756403 22.13998 4.722626
v -18.266546 22.13998 4.722626
v -18.266546 22.13998 1.5698243
v -18.266546 22.13998 1.5698243
v -18.266546 22.13998 4.722626
v -18.266548 13.855172 4.722626
v -18.266548 13.855172 1.5698243
v -18.266548 13.855172 1.5698243
v -18.266548 13.855172 4.722626
v -15.756405 13.855171 4.722626
v -15.756405 13.855171 1.5698243
v -15.756403 22.13998 1.5698243
v -18.266546 22.13998 1.5698243
v -18.266548 13.855172 1.5698243
v -15.756405 13.855171 1.5698243
v -18.266546 22.13998 4.722626
v -15.756403 22.13998 4.722626
v -15.756405 13.855171 4.722626
v -18.266548 13.855172 4.722626
v -14.226028 19.111889 2.1381989
v -14.226027 22.13998 5.2910013
v -14.226027 22.13998 2.1381989
v -14.226028 19.111889 5.2910013
v -14.226028 17.997576 2.1381989
v -14.226028 17.997576 5.2910013
v -14.226028 16.88326 2.1381989
v -14.226028 16.88326 5.2910013
v -14.22603 13.855171 2.1381989
v -14.22603 13.855171 5.2910013
v -14.226027 22.13998 2.1381989
v -14.226027 22.13998 5.2910013
v -16.73617 22.13998 5.2910013
v -16.73617 22.13998 2.1381989
v -16.736172 16.88326 2.1381989
v -16.736174 13.855171 5.2910013
v -16.736174 13.855171 2.1381989
v -16.736172 14.956295 5.2910013
v -16.736172 17.997576 2.1381989
v -16.736172 17.997576 4.884399
v -16.736172 19.11189 2.1381989
v -16.736172 19.11189 5.2910013
v -16.73617 22.13998 2.1381989
v -16.73617 22.13998 5.2910013
v -16.736174 13.855171 2.1381989
v -16.736174 13.855171 5.2910013
v -14.22603 13.855171 5.2910013
v -14.22603 13.855171 2.1381989
v -14.226028 16.88326 2.1381989
v -16.736174 13.855171 2.1381989
v -14.22603 13.855171 2.1381989
v -16.736172 16.88326 2.1381989
v -14.226028 17.997576 2.1381989
v -16.736172 17.997576 2.1381989
v -14.226028 19.111889 2.1381989
v -16.736172 19.11189 2.1381989
v -14.226027 22.13998 2.1381989
v -16.73617 22.13998 2.1381989
v -16.736172 14.956295 5.2910013
v -14.22603 13.855171 5.2910013
v -16.736174 13.855171 5.2910013
v -14.226028 16.88326 5.2910013
v -16.736172 17.997576 4.884399
v -14.226028 17.997576 5.2910013
v -16.736172 19.11189 5.2910013
v -14.226028 19.111889 5.2910013
v -16.73617 22.13998 5.2910013
v -14.226027 22.13998 5.2910013
v -12.22715 13.855169 2.7065735
v -12.22715 13.855169 5.859376
v -12.227146 22.139978 5.859376
v -12.227146 22.139978 2.7065735
v -12.227146 22.139978 2.7065735
v -12.227146 22.139978 5.859376
v -14.737289 22.13998 5.859376
v -14.737289 22.13998 2.7065735
v -14.737289 22.13998 2.7065735
v -14.737289 22.13998 5.859376
v -14.737291 13.855171 5.859376
v -14.737291 13.855171 2.7065735
v -14.737291 13.855171 2.7065735
v -14.737291 13.855171 5.859376
v -12.22715 13.855169 5.859376
v -12.22715 13.855169 2.7065735
v -12.227146 22.139978 2.7065735
v -14.737289 22.13998 2.7065735
v -14.737291 13.855171 2.7065735
v -12.22715 13.855169 2.7065735
v -14.737289 22.13998 5.859376
v -12.227146 22.139978 5.859376
v -12.22715 13.855169 5.859376
v -14.737291 13.855171 5.859376
v -10.50115 18.481026 3.4595687
v -10.50115 22.139978 6.6123705
v -10.50115 22.139978 3.4595687
v -10.50115 18.481026 6.6123705
v -10.50115 17.514122 3.4595687
v -10.50115 17.514122 6.6123705
v -10.501152 13.855169 3.4595687
v -10.501152 13.855169 6.6123705
v -10.50115 22.139978 3.4595687
v -10.50115 22.139978 6.6123705
v -13.0112915 22.13998 6.6123705
v -13.0112915 22.13998 3.4595687
v -13.011295 17.514122 3.4595687
v -13.011295 13.85517 6.6123705
v -13.011295 13.85517 3.4595687
v -13.011295 17.514122 6.6123705
v -13.011293 18.481028 3.4595687
v -13.011293 18.481028 6.186035
v -13.0112915 22.13998 3.4595687
v -13.0112915 22.13998 6.6123705
v -13.011295 13.85517 3.4595687
v -13.011295 13.85517 6.6123705
v -10.501152 13.855169 6.6123705
v -10.501152 13.855169 3.4595687
v -10.50115 17.514122 3.4595687
v -13.011295 13.85517 3.4595687
v -10.501152 13.855169 3.4595687
v -13.011295 17.514122 3.4595687
v -10.50115 18.481026 3.4595687
v -13.011293 18.481028 3.4595687
v -10.50115 22.139978 3.4595687
v -13.0112915 22.13998 3.4595687
v -13.011295 17.514122 6.6123705
v -10.501152 13.855169 6.6123705
v -13.011295 13.85517 6.6123705
v -10.50115 17.514122 6.6123705
v -13.011293 18.481028 6.186035
v -10.50115 18.481026 6.6123705
v -13.0112915 22.13998 6.6123705
v -10.50115 22.139978 6.6123705
v -9.375025 16.769136 4.1373096
v -9.375023 22.139978 7.290112
v -9.375023 22.139978 4.1373096
v -9.375025 16.769136 7.290112
v -9.375027 13.855169 4.1373096
v -9.375027 13.855169 7.290112
v -9.375023 22.139978 4.1373096
v -9.375023 22.139978 7.290112
v -11.885166 22.139978 7.290112
v -11.885166 22.139978 4.1373096
v -11.885168 16.769138 4.1373096
v -11.88517 13.855169 7.290112
v -11.88517 13.855169 4.1373096
v -11.885168 16.769138 6.7826147
v -11.885166 22.139978 4.1373096
v -11.885166 22.139978 7.290112
v -11.88517 13.855169 4.1373096
v -11.88517 13.855169 7.290112
v -9.375027 13.855169 7.290112
v -9.375027 13.855169 4.1373096
v -9.375025 16.769136 4.1373096
v -11.88517 13.855169 4.1373096
v -9.375027 13.855169 4.1373096
v -11.885168 16.769138 4.1373096
v -9.375023 22.139978 4.1373096
v -11.885166 22.139978 4.1373096
v -11.885168 16.769138 6.7826147
v -9.375027 13.855169 7.290112
v -11.88517 13.855169 7.290112
v -9.375025 16.769136 7.290112
v -11.885166 22.139978 7.290112
v -9.375023 22.139978 7.290112
v -7.7558722 13.855168 4.666486
v -7.7558722 13.855168 7.8192883
v -7.7558703 22.139977 7.8192883
v -7.7558703 22.139977 4.666486
v -7.7558703 22.139977 4.666486
v -7.7558703 22.139977 7.8192883
v -10.266014 22.139978 7.8192883
v -10.266014 22.139978 4.666486
v -10.266014 22.139978 4.666486
v -10.266014 22.139978 7.8192883
v -10.266016 13.855169 7.8192883
v -10.266016 13.855169 4.666486
v -10.266016 13.855169 4.666486
v -10.266016 13.855169 7.8192883
v -7.7558722 13.855168 7.8192883
v -7.7558722 13.855168 4.666486
v -7.7558703 22.139977 4.666486
v -10.266014 22.139978 4.666486
v -10.266016 13.855169 4.666486
v -7.7558722 13.855168 4.666486
v -10.266014 22.139978 7.8192883
v -7.7558703 22.139977 7.8192883
v -7.7558722 13.855168 7.8192883
v -10.266016 13.855169 7.8192883
v -5.9408364 13.855167 5.1744947
v -5.9408364 13.855167 8.327297
v -5.9408336 22.139977 8.327297
v -5.9408336 22.139977 5.1744947
v -5.9408336 22.139977 5.1744947
v -5.9408336 22.139977 8.327297
v -8.450977 22.139978 8.327297
v -8.450977 22.139978 5.1744947
v -8.450977 22.139978 5.1744947
v -8.450977 22.139978 8.327297
v -8.450979 13.855169 8.327297
v -8.450979 13.855169 5.1744947
v -8.450979 13.855169 5.1744947
v -8.450979 13.855169 8.327297
v -5.9408364 13.855167 8.327297
v -5.9408364 13.855167 5.1744947
v -5.9408336 22.139977 5.1744947
v -8.450977 22.139978 5.1744947
v -8.450979 13.855169 5.1744947
v -5.9408364 13.855167 5.1744947
v -8.450977 22.139978 8.327297
v -5.9408336 22.139977 8.327297
v -5.9408364 13.855167 8.327297
v -8.450979 13.855169 8.327297
v -4.1919856 20.56732 5.682504
v -4.1919847 22.139977 8.835307
v -4.1919847 22.139977 5.682504
v -4.1919856 20.56732 8.835307
v -4.1919875 13.855167 5.682504
v -4.1919875 13.855167 8.835307
v -4.1919847 22.139977 5.682504
v -4.1919847 22.139977 8.835307
v -6.702128 22.139977 8.835307
v -6.702128 22.139977 5.682504
v -6.702128 20.56732 5.682504
v -6.702131 13.855168 8.835307
v -6.702131 13.855168 5.682504
v -6.702128 20.56732 8.311282
v -6.702128 22.139977 5.682504
v -6.702128 22.139977 8.835307
v -6.702131 13.855168 5.682504
v -6.702131 13.855168 8.835307
v -4.1919875 13.855167 8.835307
v -4.1919875 13.855167 5.682504
v -4.1919856 20.56732 5.682504
v -6.702131 13.855168 5.682504
v -4.1919875 13.855167 5.682504
v -6.702128 20.56732 5.682504
v -4.1919847 22.139977 5.682504
v -6.702128 22.139977 5.682504
v -6.702128 20.56732 8.311282
v -4.1919875 13.855167 8.835307
v -6.702131 13.855168 8.835307
v -4.1919856 20.56732 8.835307
v -6.702128 22.139977 8.835307
v -4.1919847 22.139977 8.835307
v -2.5263758 13.855167 6.331627
v -2.5263758 13.855167 9.48443
v -2.526373 22.139977 9.48443
v -2.526373 22.139977 6.331627
v -2.526373 22.139977 6.331627
v -2.526373 22.139977 9.48443
v -5.0365157 22.139977 9.48443
v -5.0365157 22.139977 6.331627
v -5.0365157 22.139977 6.331627
v -5.0365157 22.139977 9.48443
v -5.0365195 13.855167 9.48443
v -5.0365195 13.855167 6.331627
v -5.0365195 13.855167 6.331627
v -5.0365195 13.855167 9.48443
v -2.5263758 13.855167 9.48443
v -2.5263758 13.855167 6.331627
v -2.526373 22.139977 6.331627
v -5.0365157 22.139977 6.331627
v -5.0365195 13.855167 6.331627
v -2.5263758 13.855167 6.331627
v -5.0365157 22.139977 9.48443
v -2.526373 22.139977 9.48443
v -2.5263758 13.855167 9.48443
v -5.0365195 13.855167 9.48443
v -1.0135999 13.828892 6.949958
v -1.0135999 13.88731 10.100527
v -1.013598 22.166252 9.467393
v -1.013598 22.107832 6.316824
v -1.013598 22.107832 6.316824
v -1.013598 22.166252 9.467393
v -3.5237403 22.166252 9.467393
v -3.5237403 22.107834 6.316824
v -3.5237403 22.107834 6.316824
v -3.5237403 22.166252 9.467393
v -3.5237432 13.887311 10.100527
v -3.5237432 13.828892 6.949958
v -3.5237432 13.828892 6.949958
v -3.5237432 13.887311 10.100527
v -1.0135999 13.88731 10.100527
v -1.0135999 13.828892 6.949958
v -1.013598 22.107832 6.316824
v -3.5237403 22.107834 6.316824
v -3.5237432 13.828892 6.949958
v -1.0135999 13.828892 6.949958
v -3.5237403 22.166252 9.467393
v -1.013598 22.166252 9.467393
v -1.0135999 13.88731 10.100527
v -3.5237432 13.887311 10.100527
v 0.74727964 13.855166 7.432314
v 0.74727964 13.855166 10.585116
v 0.74728155 22.139975 10.585116
v 0.74728155 22.139975 7.432314
v 0.74728155 22.139975 7.432314
v 0.74728155 22.139975 10.585116
v -1.7628627 22.139977 10.585116
v -1.7628627 22.139977 7.432314
v -1.7628627 22.139977 7.432314
v -1.7628627 22.139977 10.585116
v -1.7628646 13.855167 10.585116
v -1.7628646 13.855167 7.432314
v -1.7628646 13.855167 7.432314
v -1.7628646 13.855167 10.585116
v 0.74727964 13.855166 10.585116
v 0.74727964 13.855166 7.432314
v 0.74728155 22.139975 7.432314
v -1.7628627 22.139977 7.432314
v -1.7628646 13.855167 7.432314
v 0.74727964 13.855166 7.432314
v -1.7628627 22.139977 10.585116
v 0.74728155 22.139975 10.585116
v 0.74727964 13.855166 10.585116
v -1.7628646 13.855167 10.585116
v 2.021976 13.855166 7.8053613
v 2.369555 13.8551655 10.958162
v 2.369557 22.139975 10.958162
v 2.021978 22.139975 7.8053613
v 2.021978 22.139975 7.8053613
v 2.369557 22.139975 10.958162
v -0.14058638 22.139977 10.958162
v -0.48816538 22.139977 7.8053613
v -0.48816538 22.139977 7.8053613
v -0.14058638 22.139977 10.958162
v -0.14058828 13.855167 10.958162
v -0.4881673 13.855167 7.8053613
v -0.4881673 13.855167 7.8053613
v -0.14058828 13.855167 10.958162
v 2.369555 13.8551655 10.958162
v 2.021976 13.855166 7.8053613
v 2.021978 22.139975 7.8053613
v -0.48816538 22.139977 7.8053613
v -0.4881673 13.855167 7.8053613
v 2.021976 13.855166 7.8053613
v -0.14058638 22.139977 10.958162
v 2.369557 22.139975 10.958162
v 2.369555 13.8551655 10.958162
v -0.14058828 13.855167 10.958162
v 16.81149 42.6868 1.1049614
v 16.81149 42.6868 4.257763
v 22.284523 48.90644 4.257763
v 22.284523 48.90644 1.1049614
v 22.284523 48.90644 1.1049614
v 22.284523 48.90644 4.257763
v 20.400082 50.56467 4.257763
v 20.400082 50.56467 1.1049614
v 20.400082 50.56467 1.1049614
v 20.400082 50.56467 4.257763
v 14.927054 44.345024 4.257763
v 14.927054 44.345024 1.1049614
v 14.927054 44.345024 1.1049614
v 14.927054 44.345024 4.257763
v 16.81149 42.6868 4.257763
v 16.81149 42.6868 1.1049614
v 22.284523 48.90644 1.1049614
v 20.400082 50.56467 1.1049614
v 14.927054 44.345024 1.1049614
v 16.81149 42.6868 1.1049614
v 20.400082 50.56467 4.257763
v 22.284523 48.90644 4.257763
v 16.81149 42.6868 4.257763
v 14.927054 44.345024 4.257763
v 21.43303 45.62219 1.6733356
v 23.433416 47.89546 4.8261375
v 23.433416 47.89546 1.6733356
v 21.43303 45.62219 4.8261375
v 20.696903 44.785637 1.6733356
v 20.696903 44.785637 4.8261375
v 19.960777 43.94909 1.6733356
v 19.960777 43.94909 4.8261375
v 17.96039 41.675816 1.6733356
v 17.96039 41.675816 4.8261375
v 23.433416 47.89546 1.6733356
v 23.433416 47.89546 4.8261375
v 21.548979 49.553688 4.8261375
v 21.548979 49.553688 1.6733356
v 18.07634 45.607315 1.6733356
v 16.07595 43.33404 4.8261375
v 16.07595 43.33404 1.6733356
v 16.803366 44.160686 4.8261375
v 18.812464 46.443867 1.6733356
v 18.812464 46.443867 4.4195356
v 19.548594 47.280415 1.6733356
v 19.548594 47.280415 4.8261375
v 21.548979 49.553688 1.6733356
v 21.548979 49.553688 4.8261375
v 16.07595 43.33404 1.6733356
v 16.07595 43.33404 4.8261375
v 17.96039 41.675816 4.8261375
v 17.96039 41.675816 1.6733356
v 19.960777 43.94909 1.6733356
v 16.07595 43.33404 1.6733356
v 17.96039 41.675816 1.6733356
v 18.07634 45.607315 1.6733356
v 20.696903 44.785637 1.6733356
v 18.812464 46.443867 1.6733356
v 21.43303 45.62219 1.6733356
v 19.548594 47.280415 1.6733356
v 23.433416 47.89546 1.6733356
v 21.548979 49.553688 1.6733356
v 16.803366 44.160686 4.8261375
v 17.96039 41.675816 4.8261375
v 16.07595 43.33404 4.8261375
v 19.960777 43.94909 4.8261375
v 18.812464 46.443867 4.4195356
v 20.696903 44.785637 4.8261375
v 19.548594 47.280415 4.8261375
v 21.43303 45.62219 4.8261375
v 21.548979 49.553688 4.8261375
v 23.433416 47.89546 4.8261375
v 19.461006 40.35533 2.2417102
v 19.461006 40.35533 5.394512
v 24.934036 46.57498 5.394512
v 24.934036 46.57498 2.2417102
v 24.934036 46.57498 2.2417102
v 24.934036 46.57498 5.394512
v 23.049599 48.233208 5.394512
v 23.049599 48.233208 2.2417102
v 23.049599 48.233208 2.2417102
v 23.049599 48.233208 5.394512
v 17.57657 42.013557 5.394512
v 17.57657 42.013557 2.2417102
v 17.57657 42.013557 2.2417102
v 17.57657 42.013557 5.394512
v 19.461006 40.35533 5.394512
v 19.461006 40.35533 2.2417102
v 24.934036 46.57498 2.2417102
v 23.049599 48.233208 2.2417102
v 17.57657 42.013557 2.2417102
v 19.461006 40.35533 2.2417102
v 23.049599 48.233208 5.394512
v 24.934036 46.57498 5.394512
v 19.461006 40.35533 5.394512
v 17.57657 42.013557 5.394512
v 23.812653 42.68789 2.9947052
v 26.229792 45.43477 6.1475077
v 26.229792 45.43477 2.9947052
v 23.812653 42.68789 6.1475077
v 23.173904 41.962006 2.9947052
v 23.173904 41.962006 6.1475077
v 20.756763 39.215122 2.9947052
v 20.756763 39.215122 6.1475077
v 26.229792 45.43477 2.9947052
v 26.229792 45.43477 6.1475077
v 24.345356 47.092995 6.1475077
v 24.345356 47.092995 2.9947052
v 21.289469 43.62023 2.9947052
v 18.872326 40.87335 6.1475077
v 18.872326 40.87335 2.9947052
v 21.289469 43.62023 6.1475077
v 21.928215 44.346115 2.9947052
v 21.928215 44.346115 5.7211714
v 24.345356 47.092995 2.9947052
v 24.345356 47.092995 6.1475077
v 18.872326 40.87335 2.9947052
v 18.872326 40.87335 6.1475077
v 20.756763 39.215122 6.1475077
v 20.756763 39.215122 2.9947052
v 23.173904 41.962006 2.9947052
v 18.872326 40.87335 2.9947052
v 20.756763 39.215122 2.9947052
v 21.289469 43.62023 2.9947052
v 23.812653 42.68789 2.9947052
v 21.928215 44.346115 2.9947052
v 26.229792 45.43477 2.9947052
v 24.345356 47.092995 2.9947052
v 21.289469 43.62023 6.1475077
v 20.756763 39.215122 6.1475077
v 18.872326 40.87335 6.1475077
v 23.173904 41.962006 6.1475077
v 21.928215 44.346115 5.7211714
v 23.812653 42.68789 6.1475077
v 24.345356 47.092995 6.1475077
v 26.229792 45.43477 6.1475077
v 23.527176 40.6588 3.6724463
v 27.075209 44.690838 6.8252487
v 27.075209 44.690838 3.6724463
v 23.527176 40.6588 6.8252487
v 21.60218 38.471195 3.6724463
v 21.60218 38.471195 6.8252487
v 27.075209 44.690838 3.6724463
v 27.075209 44.690838 6.8252487
v 25.190771 46.349064 6.8252487
v 25.190771 46.349064 3.6724463
v 21.64274 42.317024 3.6724463
v 19.717743 40.12942 6.8252487
v 19.717743 40.12942 3.6724463
v 21.642738 42.31702 6.3177514
v 25.190771 46.349064 3.6724463
v 25.190771 46.349064 6.8252487
v 19.717743 40.12942 3.6724463
v 19.717743 40.12942 6.8252487
v 21.60218 38.471195 6.8252487
v 21.60218 38.471195 3.6724463
v 23.527176 40.6588 3.6724463
v 19.717743 40.12942 3.6724463
v 21.60218 38.471195 3.6724463
v 21.64274 42.317024 3.6724463
v 27.075209 44.690838 3.6724463
v 25.190771 46.349064 3.6724463
v 21.642738 42.31702 6.3177514
v 21.60218 38.471195 6.8252487
v 19.717743 40.12942 6.8252487
v 23.527176 40.6588 6.8252487
v 25.190771 46.349064 6.8252487
v 27.075209 44.690838 6.8252487
v 22.817724 37.401566 4.2016225
v 22.817724 37.401566 7.354425
v 28.290754 43.621212 7.354425
v 28.290754 43.621212 4.2016225
v 28.290754 43.621212 4.2016225
v 28.290754 43.621212 7.354425
v 26.406317 45.279438 7.354425
v 26.406317 45.279438 4.2016225
v 26.406317 45.279438 4.2016225
v 26.406317 45.279438 7.354425
v 20.933289 39.05979 7.354425
v 20.933289 39.05979 4.2016225
v 20.933289 39.05979 4.2016225
v 20.933289 39.05979 7.354425
v 22.817724 37.401566 7.354425
v 22.817724 37.401566 4.2016225
v 28.290754 43.621212 4.2016225
v 26.406317 45.279438 4.2016225
v 20.933289 39.05979 4.2016225
v 22.817724 37.401566 4.2016225
v 26.406317 45.279438 7.354425
v 28.290754 43.621212 7.354425
v 22.817724 37.401566 7.354425
v 20.933289 39.05979 7.354425
v 24.180326 36.20253 4.7096314
v 24.180326 36.20253 7.8624344
v 29.653353 42.422176 7.8624344
v 29.653353 42.422176 4.7096314
v 29.653353 42.422176 4.7096314
v 29.653353 42.422176 7.8624344
v 27.768915 44.080406 7.8624344
v 27.768915 44.080406 4.7096314
v 27.768915 44.080406 4.7096314
v 27.768915 44.080406 7.8624344
v 22.295889 37.860756 7.8624344
v 22.295889 37.860756 4.7096314
v 22.295889 37.860756 4.7096314
v 22.295889 37.860756 7.8624344
v 24.180326 36.20253 7.8624344
v 24.180326 36.20253 4.7096314
v 29.653353 42.422176 4.7096314
v 27.768915 44.080406 4.7096314
v 22.295889 37.860756 4.7096314
v 24.180326 36.20253 4.7096314
v 27.768915 44.080406 7.8624344
v 29.653353 42.422176 7.8624344
v 24.180326 36.20253 7.8624344
v 22.295889 37.860756 7.8624344
v 29.927353 40.086235 5.217641
v 30.966265 41.266872 8.370443
v 30.966265 41.266872 5.217641
v 29.927353 40.086235 8.370443
v 25.49324 35.047222 5.217641
v 25.49324 35.047222 8.370443
v 30.966265 41.266872 5.217641
v 30.966265 41.266872 8.370443
v 29.08183 42.9251 8.370443
v 29.08183 42.9251 5.217641
v 28.042915 41.744457 5.217641
v 23.6088 36.705452 8.370443
v 23.6088 36.705452 5.217641
v 28.042915 41.744457 7.846419
v 29.08183 42.9251 5.217641
v 29.08183 42.9251 8.370443
v 23.6088 36.705452 5.217641
v 23.6088 36.705452 8.370443
v 25.49324 35.047222 8.370443
v 25.49324 35.047222 5.217641
v 29.927353 40.086235 5.217641
v 23.6088 36.705452 5.217641
v 25.49324 35.047222 5.217641
v 28.042915 41.744457 5.217641
v 30.966265 41.266872 5.217641
v 29.08183 42.9251 5.217641
v 28.042915 41.744457 7.846419
v 25.49324 35.047222 8.370443
v 23.6088 36.705452 8.370443
v 29.927353 40.086235 8.370443
v 29.08183 42.9251 8.370443
v 30.966265 41.266872 8.370443
v 26.74366 33.946903 5.866764
v 26.74366 33.946903 9.019567
v 32.216686 40.166546 9.019567
v 32.216686 40.166546 5.866764
v 32.216686 40.166546 5.866764
v 32.216686 40.166546 9.019567
v 30.332249 41.82478 9.019567
v 30.332249 41.82478 5.866764
v 30.332249 41.82478 5.866764
v 30.332249 41.82478 9.019567
v 24.859222 35.60513 9.019567
v 24.859222 35.60513 5.866764
v 24.859222 35.60513 5.866764
v 24.859222 35.60513 9.019567
v 26.74366 33.946903 9.019567
v 26.74366 33.946903 5.866764
v 32.216686 40.166546 5.866764
v 30.332249 41.82478 5.866764
v 24.859222 35.60513 5.866764
v 26.74366 33.946903 5.866764
v 30.332249 41.82478 9.019567
v 32.216686 40.166546 9.019567
v 26.74366 33.946903 9.019567
v 24.859222 35.60513 9.019567
v 27.861988 32.92782 6.4850945
v 27.90058 32.971672 9.635664
v 33.369728 39.186928 9.002529
v 33.331142 39.14307 5.8519607
v 33.331142 39.14307 5.8519607
v 33.369728 39.186928 9.002529
v 31.485296 40.845142 9.002529
v 31.446703 40.801285 5.8519607
v 31.446703 40.801285 5.8519607
v 31.485296 40.845142 9.002529
v 26.016142 34.6299 9.635664
v 25.97755 34.58605 6.4850945
v 25.97755 34.58605 6.4850945
v 26.016142 34.6299 9.635664
v 27.90058 32.971672 9.635664
v 27.861988 32.92782 6.4850945
v 33.331142 39.14307 5.8519607
v 31.446703 40.801285 5.8519607
v 25.97755 34.58605 6.4850945
v 27.861988 32.92782 6.4850945
v 31.485296 40.845142 9.002529
v 33.369728 39.186928 9.002529
v 27.90058 32.971672 9.635664
v 26.016142 34.6299 9.635664
v 29.201292 31.784288 6.9674506
v 29.201292 31.784288 10.120253
v 34.674316 38.00394 10.120253
v 34.674316 38.00394 6.9674506
v 34.674316 38.00394 6.9674506
v 34.674316 38.00394 10.120253
v 32.789883 39.66217 10.120253
v 32.789883 39.66217 6.9674506
v 32.789883 39.66217 6.9674506
v 32.789883 39.66217 10.120253
v 27.31685 33.442513 10.120253
v 27.31685 33.442513 6.9674506
v 27.31685 33.442513 6.9674506
v 27.31685 33.442513 10.120253
v 29.201292 31.784288 10.120253
v 29.201292 31.784288 6.9674506
v 34.674316 38.00394 6.9674506
v 32.789883 39.66217 6.9674506
v 27.31685 33.442513 6.9674506
v 29.201292 31.784288 6.9674506
v 32.789883 39.66217 10.120253
v 34.674316 38.00394 10.120253
v 29.201292 31.784288 10.120253
v 27.31685 33.442513 10.120253
v 30.158241 30.942213 7.340498
v 30.419182 30.7126 10.4932995
v 35.892204 36.932247 10.4932995
v 35.631268 37.16186 7.340498
v 35.631268 37.16186 7.340498
v 35.892204 36.932247 10.4932995
v 34.007767 38.590473 10.4932995
v 33.746826 38.82009 7.340498
v 33.746826 38.82009 7.340498
v 34.007767 38.590473 10.4932995
v 28.53474 32.370823 10.4932995
v 28.273806 32.60044 7.340498
v 28.273806 32.60044 7.340498
v 28.53474 32.370823 10.4932995
v 30.419182 30.7126 10.4932995
v 30.158241 30.942213 7.340498
v 35.631268 37.16186 7.340498
v 33.746826 38.82009 7.340498
v 28.273806 32.60044 7.340498
v 30.158241 30.942213 7.340498
v 34.007767 38.590473 10.4932995
v 35.892204 36.932247 10.4932995
v 30.419182 30.7126 10.4932995
v 28.53474 32.370823 10.4932995
v -53.06101 32.30417 1.3948289
v -53.06101 32.30417 4.547631
v -37.98892 32.30416 4.547631
v -37.98892 32.30416 1.3948289
v -37.98892 32.30416 1.3948289
v -37.98892 32.30416 4.547631
v -37.98892 34.814304 4.547631
v -37.98892 34.814304 1.3948289
v -37.98892 34.814304 1.3948289
v -37.98892 34.814304 4.547631
v -53.06101 34.814312 4.547631
v -53.06101 34.814312 1.3948289
v -53.06101 34.814312 1.3948289
v -53.06101 34.814312 4.547631
v -53.06101 32.30417 4.547631
v -53.06101 32.30417 1.3948289
v -37.98892 32.30416 1.3948289
v -37.98892 34.814304 1.3948289
v -53.06101 34.814312 1.3948289
v -53.06101 32.30417 1.3948289
v -37.98892 34.814304 4.547631
v -37.98892 32.30416 4.547631
v -53.06101 32.30417 4.547631
v -53.06101 34.814312 4.547631
v -43.497753 30.773788 1.9632034
v -37.988922 30.773785 5.116006
v -37.988922 30.773785 1.9632034
v -43.497753 30.773788 5.116006
v -45.524967 30.773788 1.9632034
v -45.524963 30.773788 5.116006
v -47.552177 30.773788 1.9632034
v -47.552177 30.773788 5.116006
v -53.061012 30.773792 1.9632034
v -53.061012 30.773792 5.116006
v -37.988922 30.773785 1.9632034
v -37.988922 30.773785 5.116006
v -37.98892 33.283928 5.116006
v -37.98892 33.283928 1.9632034
v -47.552174 33.28393 1.9632034
v -53.06101 33.283936 5.116006
v -53.06101 33.283936 1.9632034
v -51.057796 33.283936 5.116006
v -45.524963 33.28393 1.9632034
v -45.524963 33.28393 4.7094035
v -43.497753 33.28393 1.9632034
v -43.497753 33.28393 5.116006
v -37.98892 33.283928 1.9632034
v -37.98892 33.283928 5.116006
v -53.06101 33.283936 1.9632034
v -53.06101 33.283936 5.116006
v -53.061012 30.773792 5.116006
v -53.061012 30.773792 1.9632034
v -47.552177 30.773788 1.9632034
v -53.06101 33.283936 1.9632034
v -53.061012 30.773792 1.9632034
v -47.552174 33.28393 1.9632034
v -45.524967 30.773788 1.9632034
v -45.524963 33.28393 1.9632034
v -43.497753 30.773788 1.9632034
v -43.497753 33.28393 1.9632034
v -37.988922 30.773785 1.9632034
v -37.98892 33.283928 1.9632034
v -51.057796 33.283936 5.116006
v -53.061012 30.773792 5.116006
v -53.06101 33.283936 5.116006
v -47.552177 30.773788 5.116006
v -45.524963 33.28393 4.7094035
v -45.524963 30.773788 5.116006
v -43.497753 33.28393 5.116006
v -43.497753 30.773788 5.116006
v -37.98892 33.283928 5.116006
v -37.988922 30.773785 5.116006
v -53.061012 28.77491 2.531578
v -53.061012 28.77491 5.6843805
v -37.988922 28.774904 5.6843805
v -37.988922 28.774904 2.531578
v -37.988922 28.774904 2.531578
v -37.988922 28.774904 5.6843805
v -37.98892 31.285046 5.6843805
v -37.98892 31.285046 2.531578
v -37.98892 31.285046 2.531578
v -37.98892 31.285046 5.6843805
v -53.06101 31.285053 5.6843805
v -53.06101 31.285053 2.531578
v -53.06101 31.285053 2.531578
v -53.06101 31.285053 5.6843805
v -53.061012 28.77491 5.6843805
v -53.061012 28.77491 2.531578
v -37.988922 28.774904 2.531578
v -37.98892 31.285046 2.531578
v -53.06101 31.285053 2.531578
v -53.061012 28.77491 2.531578
v -37.98892 31.285046 5.6843805
v -37.988922 28.774904 5.6843805
v -53.061012 28.77491 5.6843805
v -53.06101 31.285053 5.6843805
v -44.64545 27.04891 3.2845733
v -37.988922 27.048906 6.437375
v -37.988922 27.048906 3.2845733
v -44.64545 27.04891 6.437375
v -46.404484 27.048912 3.2845733
v -46.404484 27.048912 6.437375
v -53.061012 27.048914 3.2845733
v -53.061012 27.048914 6.437375
v -37.988922 27.048906 3.2845733
v -37.988922 27.048906 6.437375
v -37.988922 29.55905 6.437375
v -37.988922 29.55905 3.2845733
v -46.404484 29.559055 3.2845733
v -53.061012 29.559057 6.437375
v -53.061012 29.559057 3.2845733
v -46.404484 29.559055 6.437375
v -44.645447 29.559053 3.2845733
v -44.645447 29.559053 6.0110397
v -37.988922 29.55905 3.2845733
v -37.988922 29.55905 6.437375
v -53.061012 29.559057 3.2845733
v -53.061012 29.559057 6.437375
v -53.061012 27.048914 6.437375
v -53.061012 27.048914 3.2845733
v -46.404484 27.048912 3.2845733
v -53.061012 29.559057 3.2845733
v -53.061012 27.048914 3.2845733
v -46.404484 29.559055 3.2845733
v -44.64545 27.04891 3.2845733
v -44.645447 29.559053 3.2845733
v -37.988922 27.048906 3.2845733
v -37.988922 29.55905 3.2845733
v -46.404484 29.559055 6.437375
v -53.061012 27.048914 6.437375
v -53.061012 29.559057 6.437375
v -46.404484 27.048912 6.437375
v -44.645447 29.559053 6.0110397
v -44.64545 27.04891 6.437375
v -37.988922 29.55905 6.437375
v -37.988922 27.048906 6.437375
v -47.759792 25.922787 3.9623141
v -37.988922 25.922781 7.1151166
v -37.988922 25.922781 3.9623141
v -47.759792 25.922787 7.1151166
v -53.061012 25.922789 3.9623141
v -53.061012 25.922789 7.1151166
v -37.988922 25.922781 3.9623141
v -37.988922 25.922781 7.1151166
v -37.988922 28.432924 7.1151166
v -37.988922 28.432924 3.9623141
v -47.759792 28.43293 3.9623141
v -53.061012 28.432932 7.1151166
v -53.061012 28.432932 3.9623141
v -47.759792 28.43293 6.6076193
v -37.988922 28.432924 3.9623141
v -37.988922 28.432924 7.1151166
v -53.061012 28.432932 3.9623141
v -53.061012 28.432932 7.1151166
v -53.061012 25.922789 7.1151166
v -53.061012 25.922789 3.9623141
v -47.759792 25.922787 3.9623141
v -53.061012 28.432932 3.9623141
v -53.061012 25.922789 3.9623141
v -47.759792 28.43293 3.9623141
v -37.988922 25.922781 3.9623141
v -37.988922 28.432924 3.9623141
v -47.759792 28.43293 6.6076193
v -53.061012 25.922789 7.1151166
v -53.061012 28.432932 7.1151166
v -47.759792 25.922787 7.1151166
v -37.988922 28.432924 7.1151166
v -37.988922 25.922781 7.1151166
v -53.061012 24.303635 4.4914904
v -53.061012 24.303635 7.644293
v -37.988922 24.303629 7.644293
v -37.988922 24.303629 4.4914904
v -37.988922 24.303629 4.4914904
v -37.988922 24.303629 7.644293
v -37.988922 26.813772 7.644293
v -37.988922 26.813772 4.4914904
v -37.988922 26.813772 4.4914904
v -37.988922 26.813772 7.644293
v -53.061012 26.813778 7.644293
v -53.061012 26.813778 4.4914904
v -53.061012 26.813778 4.4914904
v -53.061012 26.813778 7.644293
v -53.061012 24.303635 7.644293
v -53.061012 24.303635 4.4914904
v -37.988922 24.303629 4.4914904
v -37.988922 26.813772 4.4914904
v -53.061012 26.813778 4.4914904
v -53.061012 24.303635 4.4914904
v -37.988922 26.813772 7.644293
v -37.988922 24.303629 7.644293
v -53.061012 24.303635 7.644293
v -53.061012 26.813778 7.644293
v -53.061012 22.4886 4.9994993
v -53.061012 22.4886 8.152302
v -37.988922 22.488592 8.152302
v -37.988922 22.488592 4.9994993
v -37.988922 22.488592 4.9994993
v -37.988922 22.488592 8.152302
v -37.988922 24.998735 8.152302
v -37.988922 24.998735 4.9994993
v -37.988922 24.998735 4.9994993
v -37.988922 24.998735 8.152302
v -53.061012 24.998743 8.152302
v -53.061012 24.998743 4.9994993
v -53.061012 24.998743 4.9994993
v -53.061012 24.998743 8.152302
v -53.061012 22.4886 8.152302
v -53.061012 22.4886 4.9994993
v -37.988922 22.488592 4.9994993
v -37.988922 24.998735 4.9994993
v -53.061012 24.998743 4.9994993
v -53.061012 22.4886 4.9994993
v -37.988922 24.998735 8.152302
v -37.988922 22.488592 8.152302
v -53.061012 22.4886 8.152302
v -53.061012 24.998743 8.152302
v -40.84997 20.739744 5.5075088
v -37.988926 20.739742 8.660312
v -37.988926 20.739742 5.5075088
v -40.84997 20.739744 8.660312
v -53.061016 20.73975 5.5075088
v -53.061016 20.73975 8.660312
v -37.988926 20.739742 5.5075088
v -37.988926 20.739742 8.660312
v -37.988922 23.249886 8.660312
v -37.988922 23.249886 5.5075088
v -40.84997 23.249887 5.5075088
v -53.061012 23.249893 8.660312
v -53.061012 23.249893 5.5075088
v -40.84997 23.249887 8.136287
v -37.988922 23.249886 5.5075088
v -37.988922 23.249886 8.660312
v -53.061012 23.249893 5.5075088
v -53.061012 23.249893 8.660312
v -53.061016 20.73975 8.660312
v -53.061016 20.73975 5.5075088
v -40.84997 20.739744 5.5075088
v -53.061012 23.249893 5.5075088
v -53.061016 20.73975 5.5075088
v -40.84997 23.249887 5.5075088
v -37.988926 20.739742 5.5075088
v -37.988922 23.249886 5.5075088
v -40.84997 23.249887 8.136287
v -53.061016 20.73975 8.660312
v -53.061012 23.249893 8.660312
v -40.84997 20.739744 8.660312
v -37.988922 23.249886 8.660312
v -37.988926 20.739742 8.660312
v -53.061016 19.074139 6.1566315
v -53.061016 19.074139 9.309435
v -37.988926 19.074131 9.309435
v -37.988926 19.074131 6.1566315
v -37.988926 19.074131 6.1566315
v -37.988926 19.074131 9.309435
v -37.988926 21.584274 9.309435
v -37.988926 21.584274 6.1566315
v -37.988926 21.584274 6.1566315
v -37.988926 21.584274 9.309435
v -53.061016 21.584282 9.309435
v -53.061016 21.584282 6.1566315
v -53.061016 21.584282 6.1566315
v -53.061016 21.584282 9.309435
v -53.061016 19.074139 9.309435
v -53.061016 19.074139 6.1566315
v -37.988926 19.074131 6.1566315
v -37.988926 21.584274 6.1566315
v -53.061016 21.584282 6.1566315
v -53.061016 19.074139 6.1566315
v -37.988926 21.584274 9.309435
v -37.988926 19.074131 9.309435
v -53.061016 19.074139 9.309435
v -53.061016 21.584282 9.309435
v -53.108818 17.561363 6.7749624
v -53.00254 17.561363 9.925531
v -37.941124 17.561356 9.2923975
v -38.0474 17.561356 6.1418285
v -38.0474 17.561356 6.1418285
v -37.941124 17.561356 9.2923975
v -37.941124 20.071499 9.2923975
v -38.0474 20.071499 6.1418285
v -38.0474 20.071499 6.1418285
v -37.941124 20.071499 9.2923975
v -53.002537 20.071507 9.925531
v -53.108818 20.071507 6.7749624
v -53.108818 20.071507 6.7749624
v -53.002537 20.071507 9.925531
v -53.00254 17.561363 9.925531
v -53.108818 17.561363 6.7749624
v -38.0474 17.561356 6.1418285
v -38.0474 20.071499 6.1418285
v -53.108818 20.071507 6.7749624
v -53.108818 17.561363 6.7749624
v -37.941124 20.071499 9.2923975
v -37.941124 17.561356 9.2923975
v -53.00254 17.561363 9.925531
v -53.002537 20.071507 9.925531
v -53.061016 15.800484 7.2573185
v -53.061016 15.800484 10.410121
v -37.988926 15.800476 10.410121
v -37.988926 15.800476 7.2573185
v -37.988926 15.800476 7.2573185
v -37.988926 15.800476 10.410121
v -37.988926 18.31062 10.410121
v -37.988926 18.31062 7.2573185
v -37.988926 18.31062 7.2573185
v -37.988926 18.31062 10.410121
v -53.061016 18.310627 10.410121
v -53.061016 18.310627 7.2573185
v -53.061016 18.310627 7.2573185
v -53.061016 18.310627 10.410121
v -53.061016 15.800484 10.410121
v -53.061016 15.800484 7.2573185
v -37.988926 15.800476 7.2573185
v -37.988926 18.31062 7.2573185
v -53.061016 18.310627 7.2573185
v -53.061016 15.800484 7.2573185
v -37.988926 18.31062 10.410121
v -37.988926 15.800476 10.410121
v -53.061016 15.800484 10.410121
v -53.061016 18.310627 10.410121
v -53.061016 14.525787 7.630366
v -53.061016 14.178208 10.783167
v -37.988926 14.178201 10.783167
v -37.988926 14.52578 7.630366
v -37.988926 14.52578 7.630366
v -37.988926 14.178201 10.783167
v -37.988926 16.688343 10.783167
v -37.988926 17.035923 7.630366
v -37.988926 17.035923 7.630366
v -37.988926 16.688343 10.783167
v -53.061016 16.68835 10.783167
v -53.061016 17.03593 7.630366
v -53.061016 17.03593 7.630366
v -53.061016 16.68835 10.783167
v -53.061016 14.178208 10.783167
v -53.061016 14.525787 7.630366
v -37.988926 14.52578 7.630366
v -37.988926 17.035923 7.630366
v -53.061016 17.03593 7.630366
v -53.061016 14.525787 7.630366
v -37.988926 16.688343 10.783167
v -37.988926 14.178201 10.783167
v -53.061016 14.178208 10.783167
v -53.061016 16.68835 10.783167
v -30.2956 -49.836452 12.851137
v -31.459328 -49.6806 12.851137
v -31.331594 -49.6806 4.1252465
v -30.2956 49.836452 12.851137
v -31.331594 49.6806 4.1252465
v -31.459328 49.6806 12.851137
v -18.349785 -12.213261 4.1252465
v -18.349785 -14.359988 11.1630335
v -18.349785 -14.359988 4.1252465
v -18.349785 -12.213261 11.1630335
v -18.349785 -14.359988 12.771877
v -18.349785 -11.702135 4.1252465
v -18.349785 -12.213261 12.771877
v -18.349785 -11.702135 11.1630335
v -18.349785 -11.702135 12.771877
v -18.349785 0 4.1252465
v -18.349785 0 11.1630335
v -18.349785 0 12.771877
v -18.349785 11.702135 12.771877
v -18.349785 11.702135 11.1630335
v -18.349785 11.702135 4.1252465
v -18.349785 12.213261 12.771877
v -18.349785 12.213261 11.1630335
v -18.349785 14.359988 12.771877
v -18.349785 12.213261 4.1252465
v -18.349785 14.359988 11.1630335
v -18.349785 14.359988 4.1252465
v -30.47617 -62.174007 11.018166
v -30.48173 -62.17557 12.783855
v -30.48173 -61.47869 12.783855
v -30.47617 -61.477127 11.018166
v -30.47617 -62.174007 4.1252465
v -30.2956 -49.836452 12.851137
v -30.47617 -60.584827 4.1252465
v -30.2956 -49.836452 11.018166
v -30.2956 -49.836452 4.1252465
v 2.4211192 -23.319132 11.1630335
v 2.4211192 -23.319132 4.1252465
v -18.349785 -23.319132 4.1252465
v 2.4211192 -23.319132 12.767753
v -18.349785 -23.319132 5.7299657
v 2.4211192 -14.359988 11.1630335
v -18.349785 -14.359988 4.1252465
v -18.349785 -14.359988 11.1630335
v -17.4145 -14.359988 11.1630335
v 2.4211192 -14.359988 12.738258
v -17.4145 -14.359988 12.738258
v -18.349785 -14.359988 12.771877
v 2.8101225 -22.972458 11.168021
v 2.8101225 -22.972458 12.772739
v 9.760756 -23.243822 12.861845
v 9.760756 -23.243822 11.257127
v 9.760756 -23.243822 4.031153
v 9.760756 -23.243822 11.257127
v 10.830084 -22.290855 11.270836
v 10.830084 -22.290855 4.0174446
v 9.760756 -23.243822 11.257127
v 10.830084 -22.290855 12.875555
v 9.760756 -23.243822 12.861845
v 10.830084 -21.314049 4.0893126
v 10.830084 -21.314049 11.198968
v 10.830084 -20.82565 11.1630335
v 10.830084 -20.82565 4.1252465
v 10.830084 -12.213261 11.1630335
v 10.830084 -12.213261 4.1252465
v 10.830084 -20.82565 11.1630335
v 10.830084 -11.702135 11.1630335
v 10.830084 -11.702135 4.1252465
v 10.830084 0 11.1630335
v 10.830084 0 4.1252465
v 10.830084 11.702135 4.1252465
v 10.830084 11.702135 11.1630335
v 10.830084 12.213261 4.1252465
v 10.830084 0 12.767753
v 10.830084 -11.702135 12.767753
v 10.830084 -12.213261 12.767753
v 10.830084 -20.82565 12.767753
v 10.830084 -21.314049 11.198968
v 10.830084 -21.314049 12.803686
v 10.830084 -21.802452 11.234901
v 10.830084 -21.802452 12.839621
v 10.830084 -22.290855 11.270836
v 10.830084 -22.290855 12.875555
v 10.830084 11.702135 12.767753
v 10.830084 12.213261 11.1630335
v 10.830084 12.213261 12.767753
v 10.830084 20.82565 4.1252465
v 10.830084 20.82565 11.1630335
v 10.830084 20.82565 12.767753
v 10.830084 21.314049 11.198968
v 10.830084 21.314049 12.803686
v 10.830084 21.802452 11.234901
v 10.830084 21.802452 12.839621
v 10.830084 22.290855 11.270836
v 10.830084 22.290855 12.875555
v 10.830084 21.314049 4.0893126
v 10.830084 20.82565 11.1630335
v 10.830084 21.314049 11.198968
v 10.830084 22.290855 4.0174446
v 10.830084 21.802452 11.234901
v 10.830084 21.802452 4.0533786
v 10.830084 21.802452 4.0533786
v 10.830084 21.314049 11.198968
v 10.830084 21.314049 4.0893126
v -31.331594 -49.6806 4.1252465
v -31.459328 -49.6806 11.018166
v -51.65431 -49.358932 11.018166
v -51.65431 -49.358932 4.1252465
v -1.0872122 -60.581226 4.1252465
v -1.0546707 -62.1697 11.018166
v -1.0546707 -62.1697 4.1252465
v -1.0442511 -61.336903 11.018166
v -1.0602299 -62.171265 12.535792
v -1.0442511 -61.336903 12.461936
v -0.84556454 -51.466373 4.1252465
v -0.84556454 -51.466373 11.018166
v -1.0872122 -60.581226 4.1252465
v -0.84556454 -51.466373 11.018166
v -1.0442511 -61.336903 12.461936
v -0.84556454 -51.466373 12.461936
v 54.949516 -25.011805 11.069346
v 54.94396 -25.01337 12.586973
v 54.07895 -24.940968 12.586973
v 54.08451 -24.939402 11.069346
v -37.318134 -62.174007 -18.877731
v -30.47617 -62.174007 4.1252465
v -14.81988 -62.174007 4.1252465
v -14.81988 -62.174007 -18.877731
v -1.0546707 -62.1697 4.1252465
v 6.238954 -62.1697 -18.877731
v -39.702435 -62.144276 -18.877731
v -30.47617 -62.174007 4.1252465
v -33.195168 -62.144276 4.1252465
v -30.47617 -62.174007 11.018166
v -33.195168 -62.144276 11.018166
v -33.195168 -62.144276 11.018166
v -30.48173 -62.17557 12.783855
v -33.20073 -62.14584 12.783855
v -86.05903 -61.566307 11.018166
v -86.06459 -61.56787 12.783855
v 54.08451 -25.778242 11.070153
v 54.07895 -25.779808 12.58778
v 54.07895 -32.195732 12.591171
v 54.08451 -32.194168 11.0735445
v 19.543945 -61.98077 -18.877731
v 18.540298 -62.030415 4.1252465
v 21.4434 -61.832592 4.1252465
v 21.4434 -61.832592 -18.877731
v 18.540298 -62.030415 4.1252465
v 21.4434 -61.832592 11.018166
v 18.540298 -62.030415 11.018166
v 43.943455 -44.977535 -18.877731
v 54.949516 -31.99772 4.1252465
v 54.949516 -31.99772 -18.877731
v 43.943455 -44.977535 4.1252465
v 33.011124 -57.927174 -18.877731
v 33.011124 -57.927174 4.1252465
v 54.949516 -31.99772 11.069346
v 43.943455 -44.977535 11.187971
v 54.94396 -31.999285 12.586973
v 43.937897 -44.9791 12.705598
v 33.011124 -57.927174 11.187971
v 33.00627 -57.9303 12.705598
v 33.011124 -57.927174 4.1252465
v 33.011124 -57.927174 11.187971
v 43.943455 -44.977535 4.1252465
v 0.025413243 -51.433044 12.469791
v -0.0027867006 -61.279877 12.537089
v -1.0442511 -61.336903 12.461936
v -0.84556454 -51.466373 12.461936
v -84.57924 -29.584244 11.018166
v -84.5848 -14.361552 12.807765
v -84.57924 -14.359988 11.042075
v -84.5848 -29.585808 12.783855
v -84.56907 -43.079964 11.018166
v -84.57462 -43.081528 12.783855
v -84.581055 -44.621075 11.018166
v -84.57462 -43.081528 12.783855
v -84.58661 -44.622643 12.783855
v -84.57924 -14.359988 11.042075
v -84.5848 -12.214824 12.805977
v -84.57924 -12.213261 11.040287
v -84.5848 -11.703699 12.805552
v -84.57924 -11.702135 11.039862
v -84.5848 -11.703699 12.805552
v -84.5848 0 12.795718
v -84.57924 0 11.030028
v -84.57924 11.702135 11.039862
v -84.5848 11.703699 12.805552
v -84.57924 12.213261 11.040287
v -84.5848 11.703699 12.805552
v -84.5848 12.214824 12.805977
v -84.57924 14.359988 11.042075
v -84.5848 14.361552 12.807765
v -84.57924 29.584244 11.018166
v -84.57924 14.359988 11.042075
v -84.5848 29.585808 12.783855
v -84.56907 43.079964 11.018166
v -84.57462 43.081528 12.783855
v -84.581055 44.621075 11.018166
v -84.57462 43.081528 12.783855
v -84.58661 44.622643 12.783855
v 21.4434 -61.832592 11.018166
v 21.437725 -61.831512 12.535792
v 33.00627 -57.9303 12.705598
v 33.011124 -57.927174 11.187971
v -85.951195 -14.359988 11.018166
v -85.95676 -14.361552 12.783855
v -85.95676 -29.585808 12.783855
v -85.951195 -29.584244 11.018166
v -85.95676 -43.081528 12.783855
v -85.951195 -14.359988 4.1252465
v -85.951195 -43.079964 11.018166
v -85.96633 -44.72226 12.783855
v -85.951195 -29.584244 4.1252465
v -85.96077 -44.720695 11.018166
v -86.06459 -61.56787 12.783855
v -86.05903 -61.566307 11.018166
v -85.951195 -43.079964 4.1252465
v -85.96077 -44.720695 4.1252465
v -86.05903 -61.566307 4.1252465
v -86.05903 -61.566307 -18.877731
v -85.96077 -44.720695 -18.877731
v -85.951195 -43.079964 -18.877731
v -85.951195 -23.319132 -18.877731
v -85.951195 -14.359988 -18.877731
v -85.951195 -12.213261 -18.877731
v -85.951195 -12.213261 4.1252465
v -85.951195 -14.359988 11.018166
v -85.951195 -11.702135 -18.877731
v -85.951195 -12.213261 11.018166
v -85.951195 -11.702135 4.1252465
v -85.951195 0 -18.877731
v -85.951195 0 4.1252465
v -85.951195 11.702135 4.1252465
v -85.951195 11.702135 -18.877731
v -85.951195 -11.702135 11.018166
v -85.951195 0 11.018166
v -85.95676 -12.214824 12.783855
v -85.95676 -11.703699 12.783855
v -85.95676 -14.361552 12.783855
v -85.951195 12.213261 4.1252465
v -85.951195 12.213261 -18.877731
v -85.951195 14.359988 4.1252465
v -85.951195 14.359988 -18.877731
v -85.951195 14.359988 11.018166
v -85.951195 12.213261 11.018166
v -85.951195 29.584244 4.1252465
v -85.951195 23.319132 -18.877731
v -85.951195 11.702135 11.018166
v -85.951195 0 4.1252465
v -85.951195 0 11.018166
v -85.95676 12.214824 12.783855
v -85.95676 11.703699 12.783855
v -85.95676 14.361552 12.783855
v -85.951195 14.359988 11.018166
v -85.951195 29.584244 11.018166
v -85.951195 43.079964 4.1252465
v -85.951195 43.079964 -18.877731
v -85.96077 44.720695 -18.877731
v -85.95676 29.585808 12.783855
v -85.95676 14.361552 12.783855
v -85.95676 43.081528 12.783855
v -85.951195 43.079964 11.018166
v -85.96633 44.72226 12.783855
v -85.96077 44.720695 11.018166
v -86.06459 61.56787 12.783855
v -86.05903 61.566307 11.018166
v -85.96077 44.720695 4.1252465
v -86.05903 61.566307 -18.877731
v -86.05903 61.566307 4.1252465
v -51.65431 -29.584244 4.1252465
v -51.65431 -14.359988 11.1630335
v -51.65431 -14.359988 4.1252465
v -51.65431 -29.584244 11.018166
v -51.65431 -43.079964 4.1252465
v -51.65431 -43.079964 11.018166
v -51.65431 -43.637245 4.1252465
v -51.65431 -43.637245 11.018166
v -51.65431 -49.358932 4.1252465
v -51.65431 -49.358932 11.018166
v 0.025413243 -51.433044 4.1252465
v 0.025413243 -51.433044 11.02602
v -0.84556454 -51.466373 11.018166
v -0.84556454 -51.466373 4.1252465
v 18.540298 -62.030415 11.018166
v 18.534658 -62.029167 12.535792
v 21.437725 -61.831512 12.535792
v 21.4434 -61.832592 11.018166
v 32.603516 -57.231556 11.187971
v 32.598656 -57.23468 12.705598
v 21.264791 -61.14417 12.563817
v 21.270464 -61.14525 11.04619
v 32.598656 -57.23468 12.705598
v 21.437725 -61.831512 12.535792
v 21.264791 -61.14417 12.563817
v 33.00627 -57.9303 12.705598
v 43.48005 -44.474937 12.690217
v 43.937897 -44.9791 12.705598
v 21.264791 -61.14417 12.563817
v 18.534658 -62.029167 12.535792
v 18.453001 -61.33226 12.560253
v 54.07895 -32.195732 12.591171
v 43.48005 -44.474937 12.690217
v 54.94396 -31.999285 12.586973
v 54.07895 -25.779808 12.58778
v 54.94396 -25.800508 12.586973
v 54.07895 -24.940968 12.586973
v 54.94396 -25.01337 12.586973
v 45.01895 -24.810019 12.5992985
v 54.07895 -24.940968 12.586973
v 45.01895 -25.671362 12.60419
v 37.761097 -24.84106 12.5992985
v 36.790497 -25.399458 12.599732
v 36.984985 -24.800919 12.5992985
v 35.919853 -25.329807 12.5992985
v 36.1347 -26.226748 12.601556
v 35.200184 -25.764244 12.5992985
v 29.00839 -31.588915 12.624732
v 28.46066 -31.028723 12.624732
v 23.70925 -47.113235 4.1252465
v 19.437874 -50.7804 11.187971
v 19.437874 -50.7804 4.1252465
v 23.70925 -47.113235 11.187971
v 34.632004 -37.340538 11.094781
v 54.949516 -25.011805 4.1252465
v 54.949516 -25.011805 11.069346
v 54.08451 -24.939402 11.069346
v 53.481308 -24.939402 4.1252465
v 54.08451 -32.194168 11.0735445
v 54.07895 -32.195732 12.591171
v 43.48005 -44.474937 12.690217
v 43.48561 -44.473373 11.17259
v 32.598656 -57.23468 12.705598
v 32.603516 -57.231556 11.187971
v -85.951195 0 11.018166
v -85.951195 -11.702135 11.018166
v -85.95676 0 12.783855
v -85.951195 11.702135 11.018166
v -0.0027867006 -61.279877 12.537089
v -0.031945277 -62.098606 12.535792
v -1.0602299 -62.171265 12.535792
v -1.0442511 -61.336903 12.461936
v -84.5848 -11.703699 12.805552
v -85.95676 0 12.783855
v -84.5848 0 12.795718
v -85.95676 -11.703699 12.783855
v -84.5848 -12.214824 12.805977
v -85.95676 -12.214824 12.783855
v -84.5848 -14.361552 12.807765
v -85.95676 -14.361552 12.783855
v -84.5848 -29.585808 12.783855
v -85.95676 -29.585808 12.783855
v -84.57462 -43.081528 12.783855
v -85.95676 -43.081528 12.783855
v -84.58661 -44.622643 12.783855
v -85.96633 -44.72226 12.783855
v -31.692724 -61.42658 11.018166
v -31.698278 -61.428143 12.783855
v -84.70969 -60.445457 12.783855
v -84.704124 -60.443893 11.018166
v 28.46066 -31.028723 4.1252465
v 28.46066 -31.028723 11.094781
v 19.479153 -39.36528 4.1252465
v 19.479153 -39.36528 5.6551986
v 28.46066 -31.028723 12.624732
v 21.4434 -61.832592 4.1252465
v 21.4434 -61.832592 11.018166
v 33.011124 -57.927174 11.187971
v 33.011124 -57.927174 4.1252465
v 21.4434 -61.832592 -18.877731
v 33.011124 -57.927174 4.1252465
v 33.011124 -57.927174 -18.877731
v 10.830084 -22.290855 4.0174446
v 10.830084 -21.802452 11.234901
v 10.830084 -21.802452 4.0533786
v 10.830084 -21.802452 4.0533786
v 10.830084 -21.314049 11.198968
v 10.830084 -21.314049 4.0893126
v 2.4211192 -23.319132 11.1630335
v 2.4211192 -23.319132 12.767753
v 2.8101225 -22.972458 12.772739
v 2.8101225 -22.972458 11.168021
v 2.4211192 -23.319132 4.1252465
v 2.8101225 -22.972458 11.168021
v 2.8101225 -22.972458 4.12026
v 36.1347 -26.226748 11.071604
v 36.1347 -26.226748 12.601556
v 36.790497 -25.399458 12.599732
v 36.790497 -25.399458 11.069781
v 35.200184 -25.764244 4.1252465
v 28.46066 -31.028723 11.094781
v 28.46066 -31.028723 4.1252465
v 35.200184 -25.764244 11.069346
v 28.46066 -31.028723 12.624732
v 35.200184 -25.764244 12.5992985
v 54.949516 -25.798944 4.1252465
v 54.949516 -25.011805 11.069346
v 54.949516 -25.011805 4.1252465
v 54.949516 -25.798944 11.069346
v 54.94396 -25.01337 12.586973
v 54.94396 -25.800508 12.586973
v 54.949516 -31.99772 11.069346
v 54.94396 -31.999285 12.586973
v 54.949516 -31.99772 4.1252465
v 54.949516 -31.99772 -18.877731
v 54.949516 -25.865847 -18.877731
v 54.949516 -25.011805 4.1252465
v 54.949516 -25.09464 -18.877731
v 54.949516 0 4.1252465
v 54.949516 0 -18.877731
v 37.761097 -24.84106 4.1252465
v 36.984985 -24.800919 11.069346
v 36.984985 -24.800919 4.1252465
v 37.761097 -24.84106 11.069346
v 36.984985 -24.800919 12.5992985
v 37.761097 -24.84106 12.5992985
v 35.919853 -25.329807 4.1252465
v 35.200184 -25.764244 11.069346
v 35.200184 -25.764244 4.1252465
v 35.919853 -25.329807 11.069346
v 35.200184 -25.764244 12.5992985
v 35.919853 -25.329807 12.5992985
v 36.984985 -24.800919 4.1252465
v 35.919853 -25.329807 11.069346
v 35.919853 -25.329807 4.1252465
v 36.984985 -24.800919 11.069346
v 35.919853 -25.329807 12.5992985
v 36.984985 -24.800919 12.5992985
v 45.01895 -24.810019 4.1252465
v 37.761097 -24.84106 11.069346
v 37.761097 -24.84106 4.1252465
v 45.01895 -24.810019 11.069346
v 53.481308 -24.939402 4.1252465
v 37.761097 -24.84106 12.5992985
v 54.08451 -24.939402 11.069346
v 45.01895 -24.810019 12.5992985
v 54.07895 -24.940968 12.586973
v 45.01895 -25.671362 11.074238
v 54.07895 -25.779808 12.58778
v 54.08451 -25.778242 11.070153
v 45.01895 -25.671362 12.60419
v 36.790497 -25.399458 11.069781
v 36.790497 -25.399458 12.599732
v -84.70969 -60.445457 12.783855
v -86.06459 -61.56787 12.783855
v -85.96633 -44.72226 12.783855
v -84.58661 -44.622643 12.783855
v -31.698278 -61.428143 12.783855
v -86.06459 -61.56787 12.783855
v -33.20073 -62.14584 12.783855
v -30.48173 -61.47869 12.783855
v -30.48173 -62.17557 12.783855
v -84.704124 -60.443893 11.018166
v -84.70969 -60.445457 12.783855
v -84.58661 -44.622643 12.783855
v -84.581055 -44.621075 11.018166
v 29.00839 -31.588915 12.624732
v 19.854591 -40.05294 5.6551986
v 19.479153 -39.36528 5.6551986
v 28.46066 -31.028723 12.624732
v 19.854591 -40.05294 4.1252465
v 19.854591 -40.05294 5.6551986
v 29.00839 -31.588915 12.624732
v 29.00839 -31.588915 11.094781
v 29.00839 -31.588915 11.094781
v 29.00839 -31.588915 12.624732
v 36.1347 -26.226748 12.601556
v 36.1347 -26.226748 11.071604
v 18.453001 -61.33226 12.560253
v 18.534658 -62.029167 12.535792
v -0.031945277 -62.098606 12.535792
v -0.0027867006 -61.279877 12.537089
v -1.0546707 -62.1697 11.018166
v -1.0602299 -62.171265 12.535792
v -0.031945277 -62.098606 12.535792
v -0.026315482 -62.09732 11.018166
v -1.0546707 -62.1697 4.1252465
v -0.026315482 -62.09732 4.1252465
v 6.238954 -62.1697 -18.877731
v 6.9648924 -62.097385 -18.877731
v 17.13958 -51.457558 4.1252465
v 17.13958 -51.457558 11.166377
v 0.025413243 -51.433044 11.02602
v 0.025413243 -51.433044 4.1252465
v 18.45864 -61.33351 11.042626
v 18.453001 -61.33226 12.560253
v -0.0027867006 -61.279877 12.537089
v 0.0028430913 -61.27859 11.019462
v 0.025413243 -51.433044 11.02602
v 0.025413243 -51.433044 12.469791
v -0.84556454 -51.466373 12.461936
v -0.84556454 -51.466373 11.018166
v 0.0028430913 -61.27859 11.019462
v -0.0027867006 -61.279877 12.537089
v 0.025413243 -51.433044 12.469791
v 0.025413243 -51.433044 11.02602
v -30.2956 -49.836452 11.018166
v -30.2956 -49.836452 12.851137
v -31.459328 -49.6806 12.851137
v -31.459328 -49.6806 11.018166
v -30.2956 -49.836452 4.1252465
v -31.459328 -49.6806 11.018166
v -31.331594 -49.6806 4.1252465
v -37.318134 -29.584244 4.1252465
v -37.318134 -29.584244 5.9582186
v -37.318134 -14.359988 12.996005
v -37.318134 -14.359988 11.1630335
v -37.318134 -24.509493 4.1252465
v -37.318134 -19.43474 4.1252465
v -37.318134 -12.213261 12.996005
v -37.318134 -14.359988 4.1252465
v -37.318134 -12.213261 11.1630335
v -37.318134 -12.213261 11.1630335
v -37.318134 -11.702135 12.996005
v -37.318134 -12.213261 4.1252465
v -37.318134 -11.702135 11.1630335
v -37.318134 -11.702135 4.1252465
v -37.318134 0 12.996005
v -37.318134 0 11.1630335
v -37.318134 0 4.1252465
v -37.318134 11.702135 11.1630335
v -37.318134 11.702135 12.996005
v -37.318134 12.213261 11.1630335
v -37.318134 12.213261 12.996005
v -37.318134 14.359988 11.1630335
v -37.318134 14.359988 12.996005
v -37.318134 29.584244 4.1252465
v -37.318134 29.584244 5.9582186
v -37.318134 19.43474 4.1252465
v -37.318134 24.509493 4.1252465
v -37.318134 14.359988 4.1252465
v -37.318134 12.213261 11.1630335
v -37.318134 12.213261 4.1252465
v -37.318134 11.702135 11.1630335
v -37.318134 11.702135 4.1252465
v -37.318134 0 11.1630335
v -86.05903 -61.566307 4.1252465
v -86.05903 -61.566307 11.018166
v -33.195168 -62.144276 11.018166
v -33.195168 -62.144276 4.1252465
v -86.05903 -61.566307 -18.877731
v -33.195168 -62.144276 4.1252465
v -39.702435 -62.144276 -18.877731
v -30.2956 -49.836452 12.851137
v -30.48173 -61.47869 12.783855
v -31.698278 -61.428143 12.783855
v -31.459328 -49.6806 12.851137
v -37.318134 0 12.996005
v -38.465893 -11.702135 12.995349
v -38.465893 0 12.9924345
v -37.318134 -11.702135 12.996005
v -38.465893 -12.213261 12.995476
v -37.318134 -12.213261 12.996005
v -38.465893 -14.359988 12.996005
v -37.318134 -14.359988 12.996005
v -37.318134 -29.584244 5.9582186
v -38.465893 -29.584244 5.9582186
v -38.465893 -14.359988 12.996005
v -37.318134 -14.359988 12.996005
v -38.465893 -29.584244 4.1252465
v -38.465893 -29.584244 5.9582186
v -37.318134 -29.584244 5.9582186
v -37.318134 -29.584244 4.1252465
v -38.465893 -14.359988 11.1630335
v -38.465893 -29.584244 5.9582186
v -38.465893 -29.584244 4.1252465
v -38.465893 -14.359988 12.996005
v -38.465893 -12.213261 11.162504
v -38.465893 -12.213261 12.995476
v -38.465893 -11.702135 11.162378
v -38.465893 -11.702135 12.995349
v -38.465893 0 11.159463
v -38.465893 0 12.9924345
v -38.465893 11.702135 12.995349
v -38.465893 11.702135 11.162378
v -38.465893 12.213261 12.995476
v -38.465893 12.213261 11.162504
v -38.465893 14.359988 12.996005
v -38.465893 14.359988 11.1630335
v -38.465893 29.584244 5.9582186
v -38.465893 29.584244 4.1252465
v 21.270464 -61.14525 11.04619
v 21.264791 -61.14417 12.563817
v 18.453001 -61.33226 12.560253
v 18.45864 -61.33351 11.042626
v 19.437874 -50.7804 4.1252465
v 19.437874 -50.7804 11.187971
v 17.13958 -51.457558 11.166377
v 17.13958 -51.457558 4.1252465
v 2.4211192 -22.158012 11.1630335
v 2.4211192 -22.158012 12.767753
v -18.349785 -22.27725 5.7299657
v -18.349785 -22.27725 4.1252465
v -0.026315482 -62.09732 11.018166
v -0.031945277 -62.098606 12.535792
v 18.534658 -62.029167 12.535792
v 18.540298 -62.030415 11.018166
v -0.026315482 -62.09732 4.1252465
v -0.026315482 -62.09732 11.018166
v 18.540298 -62.030415 11.018166
v 18.540298 -62.030415 4.1252465
v 6.9648924 -62.097385 -18.877731
v 19.543945 -61.98077 -18.877731
v 2.8101225 -22.972458 4.12026
v 2.8101225 -22.972458 11.168021
v 9.760756 -23.243822 11.257127
v 9.760756 -23.243822 4.031153
v 2.8101225 -21.926897 12.771077
v 2.8101225 -22.972458 12.772739
v 2.4211192 -23.319132 12.767753
v 2.4211192 -22.158012 12.767753
v -18.349785 -23.319132 5.7299657
v -18.349785 -22.27725 5.7299657
v 2.4211192 -22.158012 12.767753
v 2.4211192 -23.319132 12.767753
v 9.760756 -22.030777 12.830482
v 9.760756 -23.243822 12.861845
v 2.8101225 -22.972458 12.772739
v 2.8101225 -21.926897 12.771077
v 10.830084 -21.802452 12.839621
v 10.830084 -22.290855 12.875555
v 9.760756 -23.243822 12.861845
v 9.760756 -22.030777 12.830482
v 10.830084 -21.314049 12.803686
v 9.760756 -22.030777 12.830482
v 9.760756 -21.306084 12.799117
v 10.830084 -20.82565 12.767753
v 10.830084 -21.314049 12.803686
v 9.760756 -20.82565 12.767753
v 10.830084 -11.702135 12.767753
v 9.760756 0 12.767753
v 10.830084 0 12.767753
v 9.760756 -11.702135 12.767753
v 10.830084 -12.213261 12.767753
v 9.760756 -12.213261 12.767753
v 10.830084 -20.82565 12.767753
v 9.760756 -20.82565 12.767753
v 2.8101225 -21.926897 11.166359
v 2.8101225 -21.926897 12.771077
v 2.4211192 -22.158012 12.767753
v 2.4211192 -22.158012 11.1630335
v 9.760756 -21.306084 11.194398
v 9.760756 -22.030777 12.830482
v 9.760756 -22.030777 11.225762
v 9.760756 -21.306084 12.799117
v 9.760756 -20.82565 11.1630335
v 9.760756 -20.82565 12.767753
v 9.760756 -12.213261 11.1630335
v 9.760756 -12.213261 12.767753
v 9.760756 -11.702135 11.1630335
v 9.760756 -11.702135 12.767753
v 9.760756 0 11.1630335
v 9.760756 0 12.767753
v 9.760756 11.702135 12.767753
v 9.760756 11.702135 11.1630335
v 9.760756 12.213261 12.767753
v 9.760756 12.213261 11.1630335
v 9.760756 20.82565 12.767753
v 9.760756 20.82565 11.1630335
v 9.760756 21.306084 12.799117
v 9.760756 21.306084 11.194398
v 9.760756 22.030777 12.830482
v 9.760756 22.030777 11.225762
v -18.349785 -22.27725 4.1252465
v -18.349785 -22.27725 5.7299657
v -18.349785 -23.319132 5.7299657
v -18.349785 -23.319132 4.1252465
v 9.760756 -22.030777 11.225762
v 9.760756 -22.030777 12.830482
v 2.8101225 -21.926897 12.771077
v 2.8101225 -21.926897 11.166359
v -17.414497 -13.5242815 12.738258
v -18.349785 -12.213261 12.771877
v -18.349785 -11.702135 12.771877
v -17.414497 -11.702135 12.771877
v -17.414497 -11.702135 12.771877
v -18.349785 0 12.771877
v -17.414497 0 12.771877
v -17.4145 -14.359988 12.738258
v -18.349785 -14.359988 12.771877
v -18.349785 -12.213261 12.771877
v -17.414497 -13.5242815 12.738258
v 2.4211192 -14.359988 12.738258
v -17.414497 -13.5242815 12.738258
v 2.4211192 -13.5242815 12.738258
v -17.414497 -13.5242815 11.1630335
v -17.414497 -13.5242815 12.738258
v -17.414497 -11.702135 12.771877
v -17.414497 -11.702135 11.1630335
v -17.414497 0 12.771877
v -17.414497 0 11.1630335
v -17.414497 11.702135 11.1630335
v -17.414497 11.702135 12.771877
v -17.414497 13.5242815 11.1630335
v -17.414497 13.5242815 12.738258
v 2.4211192 -13.5242815 11.1630335
v 2.4211192 -13.5242815 12.738258
v -17.414497 -13.5242815 12.738258
v -17.414497 -13.5242815 11.1630335
v 2.4211192 -14.359988 11.1630335
v 2.4211192 -14.359988 12.738258
v 2.4211192 -13.5242815 12.738258
v 2.4211192 -13.5242815 11.1630335
v -18.30644 -21.952757 6.5870404
v -18.30644 -23.395535 13.94062
v -18.30644 -23.395535 6.5870404
v -18.30644 -21.952757 13.94062
v -18.225744 -23.059912 16.459724
v -18.225744 -21.78727 16.189213
v -18.213354 -22.267235 18.864302
v -18.213354 -21.098526 18.343962
v -18.16451 -20.96719 21.030752
v -18.16451 -20.001587 20.329199
v -18.095678 -19.23938 22.859858
v -18.095678 -18.521614 22.062696
v -17.663092 -17.019562 24.00574
v -17.663092 -16.863033 23.734625
v -8.190382 -18.521614 22.062696
v -7.757795 -16.863033 23.734625
v -7.757795 -17.019562 24.00574
v -8.190382 -19.23938 22.859858
v -8.259214 -20.001587 20.329199
v -8.259214 -20.96719 21.030752
v -8.308058 -21.098526 18.343962
v -8.308058 -22.267235 18.864302
v -8.320448 -21.78727 16.189213
v -8.320448 -23.059912 16.459724
v -8.401136 -21.952757 13.94062
v -8.401136 -23.395535 13.94062
v -8.401136 -21.952757 6.5870404
v -8.401136 -23.395535 6.5870404
v 0.85106516 -21.952757 6.5870404
v 0.85106516 -23.395535 13.94062
v 0.85106516 -23.395535 6.5870404
v 0.85106516 -21.952757 13.94062
v 0.93175364 -23.059912 16.459724
v 0.93175364 -21.78727 16.189213
v 0.9441438 -22.267235 18.864302
v 0.9441438 -21.098526 18.343962
v 0.99298716 -20.96719 21.030752
v 0.99298716 -20.001587 20.329199
v 1.0618196 -19.23938 22.859858
v 1.0618196 -18.521614 22.062696
v 1.4944062 -17.019562 24.00574
v 1.4944062 -16.863033 23.734625
v -8.190382 -19.23938 22.859858
v -7.757795 -17.019562 24.00574
v -7.4012427 -17.019562 24.00574
v -6.968656 -19.23938 22.859858
v -8.259214 -20.96719 21.030752
v -6.8998237 -20.96719 21.030752
v -8.308058 -22.267235 18.864302
v -6.8509803 -22.267235 18.864302
v -8.320448 -23.059912 16.459724
v -6.83859 -23.059912 16.459724
v -8.401136 -23.395535 13.94062
v -6.7578864 -23.395535 13.94062
v -8.401136 -23.395535 6.5870404
v -6.7578864 -23.395535 6.5870404
v -6.7578864 -23.395535 4.5230794
v -8.401136 -23.395535 4.5230794
v -6.7578864 -21.952757 6.5870404
v -6.7578864 -21.952757 4.5230794
v -8.401136 -21.952757 4.5230794
v -8.401136 -23.395535 4.5230794
v -8.401136 -21.952757 4.5230794
v -8.401136 -21.952757 6.5870404
v -8.401136 -21.952757 13.94062
v -6.7578864 -21.952757 13.94062
v -8.320448 -21.78727 16.189213
v -6.83859 -21.78727 16.189213
v -8.308058 -21.098526 18.343962
v -6.8509803 -21.098526 18.343962
v -8.259214 -20.001587 20.329199
v -6.8998237 -20.001587 20.329199
v -8.190382 -18.521614 22.062696
v -6.968656 -18.521614 22.062696
v -7.757795 -16.863033 23.734625
v -7.4012427 -16.863033 23.734625
v -7.4012427 -16.863033 23.734625
v -7.4012427 -17.019562 24.00574
v -7.757795 -17.019562 24.00574
v -7.757795 -16.863033 23.734625
v 1.8509583 -16.863033 23.734625
v 1.8509583 -17.019562 24.00574
v 1.4944062 -17.019562 24.00574
v 1.4944062 -16.863033 23.734625
v -18.30644 -21.952757 4.5230794
v -18.30644 -23.395535 4.5230794
v -16.66319 -23.395535 4.5230794
v -16.66319 -21.952757 4.5230794
v -16.66319 -21.952757 6.5870404
v -18.30644 -21.952757 4.5230794
v -18.30644 -21.952757 6.5870404
v -18.30644 -21.952757 13.94062
v -16.66319 -21.952757 13.94062
v -18.225744 -21.78727 16.189213
v -16.743887 -21.78727 16.189213
v -18.213354 -21.098526 18.343962
v -16.756277 -21.098526 18.343962
v -18.16451 -20.001587 20.329199
v -16.80512 -20.001587 20.329199
v -18.095678 -18.521614 22.062696
v -16.873953 -18.521614 22.062696
v -17.663092 -16.863033 23.734625
v -17.30654 -16.863033 23.734625
v -16.66319 -23.395535 6.5870404
v -18.30644 -23.395535 6.5870404
v -18.30644 -23.395535 4.5230794
v -16.66319 -23.395535 13.94062
v -18.30644 -23.395535 13.94062
v -16.743887 -23.059912 16.459724
v -18.225744 -23.059912 16.459724
v -16.756277 -22.267235 18.864302
v -18.213354 -22.267235 18.864302
v -16.80512 -20.96719 21.030752
v -18.16451 -20.96719 21.030752
v -16.873953 -19.23938 22.859858
v -18.095678 -19.23938 22.859858
v -17.30654 -17.019562 24.00574
v -17.663092 -17.019562 24.00574
v -6.968656 -19.23938 22.859858
v -7.4012427 -17.019562 24.00574
v -7.4012427 -16.863033 23.734625
v -6.968656 -18.521614 22.062696
v -6.8998237 -20.96719 21.030752
v -6.8998237 -20.001587 20.329199
v -6.8509803 -22.267235 18.864302
v -6.8509803 -21.098526 18.343962
v -6.83859 -23.059912 16.459724
v -6.83859 -21.78727 16.189213
v -6.7578864 -23.395535 13.94062
v -6.7578864 -21.952757 13.94062
v -6.7578864 -23.395535 6.5870404
v -6.7578864 -21.952757 6.5870404
v 2.283545 -19.23938 22.859858
v 1.8509583 -17.019562 24.00574
v 1.8509583 -16.863033 23.734625
v 2.283545 -18.521614 22.062696
v 2.3523774 -20.96719 21.030752
v 2.3523774 -20.001587 20.329199
v 2.4012208 -22.267235 18.864302
v 2.4012208 -21.098526 18.343962
v 2.413611 -23.059912 16.459724
v 2.413611 -21.78727 16.189213
v 2.4943147 -23.395535 13.94062
v 2.4943147 -21.952757 13.94062
v 2.4943147 -23.395535 6.5870404
v 2.4943147 -21.952757 6.5870404
v -16.66319 -23.395535 6.5870404
v -16.66319 -21.952757 13.94062
v -16.66319 -21.952757 6.5870404
v -16.66319 -23.395535 13.94062
v -16.743887 -21.78727 16.189213
v -16.743887 -23.059912 16.459724
v -16.756277 -21.098526 18.343962
v -16.756277 -22.267235 18.864302
v -16.80512 -20.001587 20.329199
v -16.80512 -20.96719 21.030752
v -16.873953 -18.521614 22.062696
v -16.873953 -19.23938 22.859858
v -17.30654 -16.863033 23.734625
v -17.30654 -17.019562 24.00574
v -18.30644 -21.952757 6.5870404
v -18.30644 -23.395535 6.5870404
v -18.30644 -23.395535 4.5230794
v -18.30644 -21.952757 4.5230794
v -17.30654 -16.863033 23.734625
v -17.30654 -17.019562 24.00574
v -17.663092 -17.019562 24.00574
v -17.663092 -16.863033 23.734625
v 1.0618196 -19.23938 22.859858
v 1.4944062 -17.019562 24.00574
v 1.8509583 -17.019562 24.00574
v 2.283545 -19.23938 22.859858
v 0.99298716 -20.96719 21.030752
v 2.3523774 -20.96719 21.030752
v 0.9441438 -22.267235 18.864302
v 2.4012208 -22.267235 18.864302
v 0.93175364 -23.059912 16.459724
v 2.413611 -23.059912 16.459724
v 0.85106516 -23.395535 13.94062
v 2.4943147 -23.395535 13.94062
v 0.85106516 -23.395535 6.5870404
v 2.4943147 -23.395535 6.5870404
v 2.4943147 -23.395535 4.5230794
v 0.85106516 -23.395535 4.5230794
v 2.4943147 -21.952757 6.5870404
v 2.4943147 -21.952757 4.5230794
v 0.85106516 -21.952757 4.5230794
v 0.85106516 -23.395535 4.5230794
v 0.85106516 -21.952757 4.5230794
v 0.85106516 -21.952757 6.5870404
v 0.85106516 -21.952757 13.94062
v 2.4943147 -21.952757 13.94062
v 0.93175364 -21.78727 16.189213
v 2.413611 -21.78727 16.189213
v 0.9441438 -21.098526 18.343962
v 2.4012208 -21.098526 18.343962
v 0.99298716 -20.001587 20.329199
v 2.3523774 -20.001587 20.329199
v 1.0618196 -18.521614 22.062696
v 2.283545 -18.521614 22.062696
v 1.4944062 -16.863033 23.734625
v 1.8509583 -16.863033 23.734625
v -8.401136 -21.952757 6.5870404
v -8.401136 -23.395535 6.5870404
v -8.401136 -23.395535 4.5230794
v -8.401136 -21.952757 4.5230794
v 0.85106516 -21.952757 6.5870404
v 0.85106516 -23.395535 6.5870404
v 0.85106516 -23.395535 4.5230794
v 0.85106516 -21.952757 4.5230794
v -38.973648 -35.33 5.552753
v -37.530872 -35.33 12.906334
v -37.530872 -35.33 5.552753
v -38.973648 -35.33 12.906334
v -37.866493 -35.249306 15.425438
v -39.139137 -35.249306 15.154926
v -38.659172 -35.236916 17.830015
v -39.82788 -35.236916 17.309675
v -39.959217 -35.188072 19.996466
v -40.92482 -35.188072 19.294912
v -41.687027 -35.11924 21.825571
v -42.404793 -35.11924 21.02841
v -43.906845 -34.686653 22.971453
v -44.063374 -34.686653 22.700338
v -42.404793 -25.213943 21.02841
v -44.063374 -24.781357 22.700338
v -43.906845 -24.781357 22.971453
v -41.687027 -25.213943 21.825571
v -40.92482 -25.282776 19.294912
v -39.959217 -25.282776 19.996466
v -39.82788 -25.33162 17.309675
v -38.659172 -25.33162 17.830015
v -39.139137 -25.34401 15.154926
v -37.866493 -25.34401 15.425438
v -38.973648 -25.424698 12.906334
v -37.530872 -25.424698 12.906334
v -38.973648 -25.424698 5.552753
v -37.530872 -25.424698 5.552753
v -38.97365 -16.172497 5.552753
v -37.530872 -16.172497 12.906334
v -37.530872 -16.172497 5.552753
v -38.97365 -16.172497 12.906334
v -37.866497 -16.091808 15.425438
v -39.139137 -16.091808 15.154926
v -38.659172 -16.079418 17.830015
v -39.82788 -16.079418 17.309675
v -39.959217 -16.030575 19.996466
v -40.92482 -16.030575 19.294912
v -41.687027 -15.961742 21.825571
v -42.404793 -15.961742 21.02841
v -43.906845 -15.529156 22.971453
v -44.063374 -15.529156 22.700338
v -41.687027 -25.213943 21.825571
v -43.906845 -24.781357 22.971453
v -43.906845 -24.424805 22.971453
v -41.687027 -23.992218 21.825571
v -39.959217 -25.282776 19.996466
v -39.959217 -23.923386 19.996466
v -38.659172 -25.33162 17.830015
v -38.659172 -23.874542 17.830015
v -37.866493 -25.34401 15.425438
v -37.866497 -23.862152 15.425438
v -37.530872 -25.424698 12.906334
v -37.530872 -23.781448 12.906334
v -37.530872 -25.424698 5.552753
v -37.530872 -23.781448 5.552753
v -37.530872 -23.781448 3.488792
v -37.530872 -25.424698 3.488792
v -38.97365 -23.781448 5.552753
v -38.97365 -23.781448 3.488792
v -38.973648 -25.424698 3.488792
v -37.530872 -25.424698 3.488792
v -38.973648 -25.424698 3.488792
v -38.973648 -25.424698 5.552753
v -38.973648 -25.424698 12.906334
v -38.97365 -23.781448 12.906334
v -39.139137 -25.34401 15.154926
v -39.139137 -23.862152 15.154926
v -39.82788 -25.33162 17.309675
v -39.82788 -23.874542 17.309675
v -40.92482 -25.282776 19.294912
v -40.92482 -23.923386 19.294912
v -42.404793 -25.213943 21.02841
v -42.404793 -23.992218 21.02841
v -44.063374 -24.781357 22.700338
v -44.063374 -24.424805 22.700338
v -44.063374 -24.424805 22.700338
v -43.906845 -24.424805 22.971453
v -43.906845 -24.781357 22.971453
v -44.063374 -24.781357 22.700338
v -44.063374 -15.172604 22.700338
v -43.906845 -15.172604 22.971453
v -43.906845 -15.529156 22.971453
v -44.063374 -15.529156 22.700338
v -38.973648 -35.33 3.488792
v -37.530872 -35.33 3.488792
v -37.530872 -33.686752 3.488792
v -38.973648 -33.686752 3.488792
v -38.973648 -33.686752 5.552753
v -38.973648 -35.33 3.488792
v -38.973648 -35.33 5.552753
v -38.973648 -35.33 12.906334
v -38.973648 -33.686752 12.906334
v -39.139137 -35.249306 15.154926
v -39.139137 -33.76745 15.154926
v -39.82788 -35.236916 17.309675
v -39.82788 -33.77984 17.309675
v -40.92482 -35.188072 19.294912
v -40.92482 -33.828682 19.294912
v -42.404793 -35.11924 21.02841
v -42.404793 -33.897514 21.02841
v -44.063374 -34.686653 22.700338
v -44.063374 -34.3301 22.700338
v -37.530872 -33.686752 5.552753
v -37.530872 -35.33 5.552753
v -37.530872 -35.33 3.488792
v -37.530872 -33.686752 12.906334
v -37.530872 -35.33 12.906334
v -37.866493 -33.76745 15.425438
v -37.866493 -35.249306 15.425438
v -38.659172 -33.77984 17.830015
v -38.659172 -35.236916 17.830015
v -39.959217 -33.828682 19.996466
v -39.959217 -35.188072 19.996466
v -41.687027 -33.897514 21.825571
v -41.687027 -35.11924 21.825571
v -43.906845 -34.3301 22.971453
v -43.906845 -34.686653 22.971453
v -41.687027 -23.992218 21.825571
v -43.906845 -24.424805 22.971453
v -44.063374 -24.424805 22.700338
v -42.404793 -23.992218 21.02841
v -39.959217 -23.923386 19.996466
v -40.92482 -23.923386 19.294912
v -38.659172 -23.874542 17.830015
v -39.82788 -23.874542 17.309675
v -37.866497 -23.862152 15.425438
v -39.139137 -23.862152 15.154926
v -37.530872 -23.781448 12.906334
v -38.97365 -23.781448 12.906334
v -37.530872 -23.781448 5.552753
v -38.97365 -23.781448 5.552753
v -41.687027 -14.740017 21.825571
v -43.906845 -15.172604 22.971453
v -44.063374 -15.172604 22.700338
v -42.404793 -14.740017 21.02841
v -39.959217 -14.671185 19.996466
v -40.92482 -14.671185 19.294912
v -38.659172 -14.622341 17.830015
v -39.82788 -14.622341 17.309675
v -37.866497 -14.609951 15.425438
v -39.139137 -14.609951 15.154926
v -37.530872 -14.529247 12.906334
v -38.97365 -14.529247 12.906334
v -37.530872 -14.529247 5.552753
v -38.97365 -14.529247 5.552753
v -37.530872 -33.686752 5.552753
v -38.973648 -33.686752 12.906334
v -38.973648 -33.686752 5.552753
v -37.530872 -33.686752 12.906334
v -39.139137 -33.76745 15.154926
v -37.866493 -33.76745 15.425438
v -39.82788 -33.77984 17.309675
v -38.659172 -33.77984 17.830015
v -40.92482 -33.828682 19.294912
v -39.959217 -33.828682 19.996466
v -42.404793 -33.897514 21.02841
v -41.687027 -33.897514 21.825571
v -44.063374 -34.3301 22.700338
v -43.906845 -34.3301 22.971453
v -38.973648 -35.33 5.552753
v -37.530872 -35.33 5.552753
v -37.530872 -35.33 3.488792
v -38.973648 -35.33 3.488792
v -44.063374 -34.3301 22.700338
v -43.906845 -34.3301 22.971453
v -43.906845 -34.686653 22.971453
v -44.063374 -34.686653 22.700338
v -41.687027 -15.961742 21.825571
v -43.906845 -15.529156 22.971453
v -43.906845 -15.172604 22.971453
v -41.687027 -14.740017 21.825571
v -39.959217 -16.030575 19.996466
v -39.959217 -14.671185 19.996466
v -38.659172 -16.079418 17.830015
v -38.659172 -14.622341 17.830015
v -37.866497 -16.091808 15.425438
v -37.866497 -14.609951 15.425438
v -37.530872 -16.172497 12.906334
v -37.530872 -14.529247 12.906334
v -37.530872 -16.172497 5.552753
v -37.530872 -14.529247 5.552753
v -37.530872 -14.529247 3.488792
v -37.530872 -16.172497 3.488792
v -38.97365 -14.529247 5.552753
v -38.97365 -14.529247 3.488792
v -38.97365 -16.172497 3.488792
v -37.530872 -16.172497 3.488792
v -38.97365 -16.172497 3.488792
v -38.97365 -16.172497 5.552753
v -38.97365 -16.172497 12.906334
v -38.97365 -14.529247 12.906334
v -39.139137 -16.091808 15.154926
v -39.139137 -14.609951 15.154926
v -39.82788 -16.079418 17.309675
v -39.82788 -14.622341 17.309675
v -40.92482 -16.030575 19.294912
v -40.92482 -14.671185 19.294912
v -42.404793 -15.961742 21.02841
v -42.404793 -14.740017 21.02841
v -44.063374 -15.529156 22.700338
v -44.063374 -15.172604 22.700338
v -38.973648 -25.424698 5.552753
v -37.530872 -25.424698 5.552753
v -37.530872 -25.424698 3.488792
v -38.973648 -25.424698 3.488792
v -38.97365 -16.172497 5.552753
v -37.530872 -16.172497 5.552753
v -37.530872 -16.172497 3.488792
v -38.97365 -16.172497 3.488792
v 31.486801 -29.984625 5.60482
v 30.531277 -28.903622 12.958401
v 30.531277 -28.903622 5.60482
v 31.486801 -29.984625 12.958401
v 30.693092 -29.20853 15.477505
v 31.535938 -30.162064 15.206993
v 31.208782 -29.810654 17.882082
v 31.9828 -30.686312 17.361742
v 32.03318 -30.817066 20.048532
v 32.672684 -31.54055 19.34698
v 33.125908 -32.157223 21.877638
v 33.601276 -32.695015 21.080477
v 34.27194 -34.106926 23.02352
v 34.375603 -34.22421 22.752405
v 26.179688 -39.255116 21.080477
v 26.954018 -40.784313 22.752405
v 26.850353 -40.667034 23.02352
v 25.704323 -38.717327 21.877638
v 25.2511 -38.100655 19.34698
v 24.611599 -37.377174 20.048532
v 24.561213 -37.24642 17.361742
v 23.787197 -36.370758 17.882082
v 24.114353 -36.72217 15.206993
v 23.271503 -35.76864 15.477505
v 24.06521 -36.54474 12.958401
v 23.109684 -35.46373 12.958401
v 24.06521 -36.54474 5.60482
v 23.109684 -35.46373 5.60482
v 17.132957 -42.67231 5.60482
v 16.177433 -41.5913 12.958401
v 16.177433 -41.5913 5.60482
v 17.132957 -42.67231 12.958401
v 16.339252 -41.89621 15.477505
v 17.1821 -42.84974 15.206993
v 16.854946 -42.498337 17.882082
v 17.628963 -43.373993 17.361742
v 17.679346 -43.504745 20.048532
v 18.318846 -44.228226 19.34698
v 18.772072 -44.844902 21.877638
v 19.247435 -45.382683 21.080477
v 19.918098 -46.794598 23.02352
v 20.021765 -46.91188 22.752405
v 25.704323 -38.717327 21.877638
v 26.850353 -40.667034 23.02352
v 26.583202 -40.90317 23.02352
v 24.788939 -39.52645 21.877638
v 24.611599 -37.377174 20.048532
v 23.59307 -38.277473 20.048532
v 23.787197 -36.370758 17.882082
v 22.695477 -37.33575 17.882082
v 23.271503 -35.76864 15.477505
v 22.161217 -36.750046 15.477505
v 23.109684 -35.46373 12.958401
v 21.878473 -36.552025 12.958401
v 23.109684 -35.46373 5.60482
v 21.878473 -36.552025 5.60482
v 21.878473 -36.552025 3.5408587
v 23.109684 -35.46373 3.5408587
v 22.833998 -37.633034 5.60482
v 22.833998 -37.633034 3.5408587
v 24.06521 -36.54474 3.5408587
v 23.109684 -35.46373 3.5408587
v 24.06521 -36.54474 3.5408587
v 24.06521 -36.54474 5.60482
v 24.06521 -36.54474 12.958401
v 22.833998 -37.633034 12.958401
v 24.114353 -36.72217 15.206993
v 23.004066 -37.70358 15.206993
v 24.561213 -37.24642 17.361742
v 23.46949 -38.211414 17.361742
v 25.2511 -38.100655 19.34698
v 24.232569 -39.000957 19.34698
v 26.179688 -39.255116 21.080477
v 25.264305 -40.064247 21.080477
v 26.954018 -40.784313 22.752405
v 26.68687 -41.02045 22.752405
v 26.68687 -41.02045 22.752405
v 26.583202 -40.90317 23.02352
v 26.850353 -40.667034 23.02352
v 26.954018 -40.784313 22.752405
v 19.754616 -47.148018 22.752405
v 19.650951 -47.03074 23.02352
v 19.918098 -46.794598 23.02352
v 20.021765 -46.91188 22.752405
v 31.486801 -29.984625 3.5408587
v 30.531277 -28.903622 3.5408587
v 29.300064 -29.991917 3.5408587
v 30.255592 -31.072926 3.5408587
v 30.255592 -31.072926 5.60482
v 31.486801 -29.984625 3.5408587
v 31.486801 -29.984625 5.60482
v 31.486801 -29.984625 12.958401
v 30.255592 -31.072926 12.958401
v 31.535938 -30.162064 15.206993
v 30.425652 -31.14347 15.206993
v 31.9828 -30.686312 17.361742
v 30.891079 -31.65131 17.361742
v 32.672684 -31.54055 19.34698
v 31.654156 -32.44085 19.34698
v 33.601276 -32.695015 21.080477
v 32.68589 -33.504143 21.080477
v 34.375603 -34.22421 22.752405
v 34.10846 -34.460342 22.752405
v 29.300064 -29.991917 5.60482
v 30.531277 -28.903622 5.60482
v 30.531277 -28.903622 3.5408587
v 29.300064 -29.991917 12.958401
v 30.531277 -28.903622 12.958401
v 29.582804 -30.189938 15.477505
v 30.693092 -29.20853 15.477505
v 30.117064 -30.77565 17.882082
v 31.208782 -29.810654 17.882082
v 31.014654 -31.717371 20.048532
v 32.03318 -30.817066 20.048532
v 32.210526 -32.96635 21.877638
v 33.125908 -32.157223 21.877638
v 34.00479 -34.343063 23.02352
v 34.27194 -34.106926 23.02352
v 24.788939 -39.52645 21.877638
v 26.583202 -40.90317 23.02352
v 26.68687 -41.02045 22.752405
v 25.264305 -40.064247 21.080477
v 23.59307 -38.277473 20.048532
v 24.232569 -39.000957 19.34698
v 22.695477 -37.33575 17.882082
v 23.46949 -38.211414 17.361742
v 22.161217 -36.750046 15.477505
v 23.004066 -37.70358 15.206993
v 21.878473 -36.552025 12.958401
v 22.833998 -37.633034 12.958401
v 21.878473 -36.552025 5.60482
v 22.833998 -37.633034 5.60482
v 17.85669 -45.654026 21.877638
v 19.650951 -47.03074 23.02352
v 19.754616 -47.148018 22.752405
v 18.33205 -46.191814 21.080477
v 16.660816 -44.405045 20.048532
v 17.300316 -45.128525 19.34698
v 15.763224 -43.463326 17.882082
v 16.53724 -44.338985 17.361742
v 15.228964 -42.877613 15.477505
v 16.071814 -43.83115 15.206993
v 14.9462185 -42.6796 12.958401
v 15.901746 -43.760605 12.958401
v 14.9462185 -42.6796 5.60482
v 15.901746 -43.760605 5.60482
v 29.300064 -29.991917 5.60482
v 30.255592 -31.072926 12.958401
v 30.255592 -31.072926 5.60482
v 29.300064 -29.991917 12.958401
v 30.425652 -31.14347 15.206993
v 29.582804 -30.189938 15.477505
v 30.891079 -31.65131 17.361742
v 30.117064 -30.77565 17.882082
v 31.654156 -32.44085 19.34698
v 31.014654 -31.717371 20.048532
v 32.68589 -33.504143 21.080477
v 32.210526 -32.96635 21.877638
v 34.10846 -34.460342 22.752405
v 34.00479 -34.343063 23.02352
v 31.486801 -29.984625 5.60482
v 30.531277 -28.903622 5.60482
v 30.531277 -28.903622 3.5408587
v 31.486801 -29.984625 3.5408587
v 34.10846 -34.460342 22.752405
v 34.00479 -34.343063 23.02352
v 34.27194 -34.106926 23.02352
v 34.375603 -34.22421 22.752405
v 18.772072 -44.844902 21.877638
v 19.918098 -46.794598 23.02352
v 19.650951 -47.03074 23.02352
v 17.85669 -45.654026 21.877638
v 17.679346 -43.504745 20.048532
v 16.660816 -44.405045 20.048532
v 16.854946 -42.498337 17.882082
v 15.763224 -43.463326 17.882082
v 16.339252 -41.89621 15.477505
v 15.228964 -42.877613 15.477505
v 16.177433 -41.5913 12.958401
v 14.9462185 -42.6796 12.958401
v 16.177433 -41.5913 5.60482
v 14.9462185 -42.6796 5.60482
v 14.9462185 -42.6796 3.5408587
v 16.177433 -41.5913 3.5408587
v 15.901746 -43.760605 5.60482
v 15.901746 -43.760605 3.5408587
v 17.132957 -42.67231 3.5408587
v 16.177433 -41.5913 3.5408587
v 17.132957 -42.67231 3.5408587
v 17.132957 -42.67231 5.60482
v 17.132957 -42.67231 12.958401
v 15.901746 -43.760605 12.958401
v 17.1821 -42.84974 15.206993
v 16.071814 -43.83115 15.206993
v 17.628963 -43.373993 17.361742
v 16.53724 -44.338985 17.361742
v 18.318846 -44.228226 19.34698
v 17.300316 -45.128525 19.34698
v 19.247435 -45.382683 21.080477
v 18.33205 -46.191814 21.080477
v 20.021765 -46.91188 22.752405
v 19.754616 -47.148018 22.752405
v 24.06521 -36.54474 5.60482
v 23.109684 -35.46373 5.60482
v 23.109684 -35.46373 3.5408587
v 24.06521 -36.54474 3.5408587
v 17.132957 -42.67231 5.60482
v 16.177433 -41.5913 5.60482
v 16.177433 -41.5913 3.5408587
v 17.132957 -42.67231 3.5408587
v -30.47617 62.174007 11.018166
v -30.48173 61.47869 12.783855
v -30.48173 62.17557 12.783855
v -30.47617 61.477127 11.018166
v -30.47617 62.174007 4.1252465
v -30.2956 49.836452 12.851137
v -30.47617 60.584827 4.1252465
v -30.2956 49.836452 11.018166
v -30.2956 49.836452 4.1252465
v 2.4211192 23.319132 11.1630335
v -18.349785 23.319132 4.1252465
v 2.4211192 23.319132 4.1252465
v 2.4211192 23.319132 12.767753
v -18.349785 23.319132 5.7299657
v 2.4211192 14.359988 11.1630335
v -18.349785 14.359988 11.1630335
v -18.349785 14.359988 4.1252465
v -17.4145 14.359988 11.1630335
v 2.4211192 14.359988 12.738258
v -17.4145 14.359988 12.738258
v -18.349785 14.359988 12.771877
v 2.8101225 22.972458 11.168021
v 9.760756 23.243822 11.257127
v 9.760756 23.243822 12.861845
v 2.8101225 22.972458 12.772739
v 9.760756 23.243822 4.031153
v 10.830084 22.290855 4.0174446
v 10.830084 22.290855 11.270836
v 9.760756 23.243822 11.257127
v 9.760756 23.243822 11.257127
v 10.830084 22.290855 12.875555
v 9.760756 23.243822 12.861845
v -31.331594 49.6806 4.1252465
v -51.65431 49.358932 4.1252465
v -51.65431 49.358932 11.018166
v -31.459328 49.6806 11.018166
v -1.0872122 60.581226 4.1252465
v -1.0546707 62.1697 4.1252465
v -1.0546707 62.1697 11.018166
v -1.0442511 61.336903 11.018166
v -1.0602299 62.171265 12.535792
v -1.0442511 61.336903 12.461936
v -0.84556454 51.466373 4.1252465
v -1.0872122 60.581226 4.1252465
v -0.84556454 51.466373 11.018166
v -0.84556454 51.466373 11.018166
v -1.0442511 61.336903 12.461936
v -0.84556454 51.466373 12.461936
v 54.949516 25.011805 11.069346
v 54.08451 24.939402 11.069346
v 54.07895 24.940968 12.586973
v 54.94396 25.01337 12.586973
v 54.08451 25.778242 11.070153
v 54.08451 32.194168 11.0735445
v 54.07895 32.195732 12.591171
v 54.07895 25.779808 12.58778
v 19.543945 61.98077 -18.877731
v 21.4434 61.832592 -18.877731
v 21.4434 61.832592 4.1252465
v 18.540298 62.030415 4.1252465
v 18.540298 62.030415 4.1252465
v 21.4434 61.832592 11.018166
v 18.540298 62.030415 11.018166
v 43.943455 44.977535 -18.877731
v 54.949516 31.99772 -18.877731
v 54.949516 31.99772 4.1252465
v 43.943455 44.977535 4.1252465
v 33.011124 57.927174 -18.877731
v 33.011124 57.927174 4.1252465
v 54.949516 31.99772 11.069346
v 43.943455 44.977535 11.187971
v 54.94396 31.999285 12.586973
v 43.937897 44.9791 12.705598
v 33.011124 57.927174 11.187971
v 33.00627 57.9303 12.705598
v 33.011124 57.927174 4.1252465
v 43.943455 44.977535 4.1252465
v 33.011124 57.927174 11.187971
v 0.025413243 51.433044 12.469791
v -0.84556454 51.466373 12.461936
v -1.0442511 61.336903 12.461936
v -0.0027867006 61.279877 12.537089
v 21.4434 61.832592 11.018166
v 33.011124 57.927174 11.187971
v 33.00627 57.9303 12.705598
v 21.437725 61.831512 12.535792
v -14.81988 62.174007 -18.877731
v 6.238954 62.1697 -18.877731
v -1.0546707 62.1697 4.1252465
v -14.81988 62.174007 4.1252465
v -37.318134 62.174007 -18.877731
v -30.47617 62.174007 4.1252465
v -39.702435 62.144276 -18.877731
v -33.195168 62.144276 4.1252465
v -30.47617 62.174007 11.018166
v -33.195168 62.144276 11.018166
v -33.195168 62.144276 11.018166
v -30.48173 62.17557 12.783855
v -33.20073 62.14584 12.783855
v -86.05903 61.566307 11.018166
v -86.06459 61.56787 12.783855
v -51.65431 29.584244 4.1252465
v -51.65431 14.359988 4.1252465
v -51.65431 14.359988 11.1630335
v -51.65431 29.584244 11.018166
v -51.65431 43.079964 4.1252465
v -51.65431 43.079964 11.018166
v -51.65431 43.637245 4.1252465
v -51.65431 43.637245 11.018166
v -51.65431 49.358932 4.1252465
v -51.65431 49.358932 11.018166
v 0.025413243 51.433044 4.1252465
v -0.84556454 51.466373 4.1252465
v -0.84556454 51.466373 11.018166
v 0.025413243 51.433044 11.02602
v 18.540298 62.030415 11.018166
v 21.4434 61.832592 11.018166
v 21.437725 61.831512 12.535792
v 18.534658 62.029167 12.535792
v 32.603516 57.231556 11.187971
v 21.270464 61.14525 11.04619
v 21.264791 61.14417 12.563817
v 32.598656 57.23468 12.705598
v 32.598656 57.23468 12.705598
v 21.264791 61.14417 12.563817
v 21.437725 61.831512 12.535792
v 33.00627 57.9303 12.705598
v 43.48005 44.474937 12.690217
v 43.937897 44.9791 12.705598
v 54.07895 32.195732 12.591171
v 43.48005 44.474937 12.690217
v 54.94396 31.999285 12.586973
v 54.07895 25.779808 12.58778
v 54.94396 31.999285 12.586973
v 54.94396 25.800508 12.586973
v 54.07895 24.940968 12.586973
v 54.94396 25.01337 12.586973
v 23.70925 47.113235 4.1252465
v 19.437874 50.7804 4.1252465
v 19.437874 50.7804 11.187971
v 23.70925 47.113235 11.187971
v 34.632004 37.340538 11.094781
v 54.949516 25.011805 4.1252465
v 53.481308 24.939402 4.1252465
v 54.08451 24.939402 11.069346
v 54.949516 25.011805 11.069346
v -84.57462 43.081528 12.783855
v -84.5848 29.585808 12.783855
v -85.95676 29.585808 12.783855
v -85.95676 43.081528 12.783855
v -84.58661 44.622643 12.783855
v -85.96633 44.72226 12.783855
v 54.08451 32.194168 11.0735445
v 43.48005 44.474937 12.690217
v 54.07895 32.195732 12.591171
v 43.48561 44.473373 11.17259
v 32.598656 57.23468 12.705598
v 32.603516 57.231556 11.187971
v -0.0027867006 61.279877 12.537089
v -1.0442511 61.336903 12.461936
v -1.0602299 62.171265 12.535792
v -0.031945277 62.098606 12.535792
v -84.5848 11.703699 12.805552
v -84.5848 0 12.795718
v -85.95676 0 12.783855
v -85.95676 11.703699 12.783855
v -84.5848 12.214824 12.805977
v -85.95676 12.214824 12.783855
v -84.5848 14.361552 12.807765
v -85.95676 14.361552 12.783855
v -84.5848 29.585808 12.783855
v -85.95676 29.585808 12.783855
v -31.692724 61.42658 11.018166
v -84.704124 60.443893 11.018166
v -84.70969 60.445457 12.783855
v -31.698278 61.428143 12.783855
v 28.46066 31.028723 4.1252465
v 19.479153 39.36528 4.1252465
v 28.46066 31.028723 11.094781
v 19.479153 39.36528 5.6551986
v 28.46066 31.028723 12.624732
v 21.4434 61.832592 4.1252465
v 33.011124 57.927174 4.1252465
v 33.011124 57.927174 11.187971
v 21.4434 61.832592 11.018166
v 21.4434 61.832592 -18.877731
v 33.011124 57.927174 4.1252465
v 33.011124 57.927174 -18.877731
v 2.4211192 23.319132 11.1630335
v 2.8101225 22.972458 11.168021
v 2.8101225 22.972458 12.772739
v 2.4211192 23.319132 12.767753
v 2.4211192 23.319132 4.1252465
v 2.8101225 22.972458 11.168021
v 2.8101225 22.972458 4.12026
v 36.1347 26.226748 11.071604
v 36.790497 25.399458 11.069781
v 36.790497 25.399458 12.599732
v 36.1347 26.226748 12.601556
v 35.200184 25.764244 4.1252465
v 28.46066 31.028723 4.1252465
v 28.46066 31.028723 11.094781
v 35.200184 25.764244 11.069346
v 28.46066 31.028723 12.624732
v 35.200184 25.764244 12.5992985
v 54.949516 25.798944 4.1252465
v 54.949516 25.011805 4.1252465
v 54.949516 25.011805 11.069346
v 54.949516 25.798944 11.069346
v 54.94396 25.01337 12.586973
v 54.94396 25.800508 12.586973
v 54.949516 31.99772 11.069346
v 54.94396 31.999285 12.586973
v 54.949516 31.99772 4.1252465
v 54.949516 31.99772 -18.877731
v 54.949516 25.865847 -18.877731
v 54.949516 25.011805 4.1252465
v 54.949516 25.09464 -18.877731
v 54.949516 0 4.1252465
v 54.949516 0 -18.877731
v 37.761097 24.84106 4.1252465
v 36.984985 24.800919 4.1252465
v 36.984985 24.800919 11.069346
v 37.761097 24.84106 11.069346
v 36.984985 24.800919 12.5992985
v 37.761097 24.84106 12.5992985
v 35.919853 25.329807 4.1252465
v 35.200184 25.764244 4.1252465
v 35.200184 25.764244 11.069346
v 35.919853 25.329807 11.069346
v 35.200184 25.764244 12.5992985
v 35.919853 25.329807 12.5992985
v 36.984985 24.800919 4.1252465
v 35.919853 25.329807 4.1252465
v 35.919853 25.329807 11.069346
v 36.984985 24.800919 11.069346
v 35.919853 25.329807 12.5992985
v 36.984985 24.800919 12.5992985
v 45.01895 24.810019 4.1252465
v 37.761097 24.84106 4.1252465
v 37.761097 24.84106 11.069346
v 45.01895 24.810019 11.069346
v 53.481308 24.939402 4.1252465
v 37.761097 24.84106 12.5992985
v 54.08451 24.939402 11.069346
v 45.01895 24.810019 12.5992985
v 54.07895 24.940968 12.586973
v 45.01895 25.671362 11.074238
v 54.08451 25.778242 11.070153
v 54.07895 25.779808 12.58778
v 45.01895 25.671362 12.60419
v 36.790497 25.399458 11.069781
v 36.790497 25.399458 12.599732
v -84.70969 60.445457 12.783855
v -84.58661 44.622643 12.783855
v -85.96633 44.72226 12.783855
v -86.06459 61.56787 12.783855
v -31.698278 61.428143 12.783855
v -86.06459 61.56787 12.783855
v -33.20073 62.14584 12.783855
v -30.48173 61.47869 12.783855
v -30.48173 62.17557 12.783855
v -84.704124 60.443893 11.018166
v -84.581055 44.621075 11.018166
v -84.58661 44.622643 12.783855
v -84.70969 60.445457 12.783855
v 29.00839 31.588915 12.624732
v 28.46066 31.028723 12.624732
v 19.479153 39.36528 5.6551986
v 19.854591 40.05294 5.6551986
v 45.01895 24.810019 12.5992985
v 54.07895 25.779808 12.58778
v 54.07895 24.940968 12.586973
v 45.01895 25.671362 12.60419
v 37.761097 24.84106 12.5992985
v 36.790497 25.399458 12.599732
v 36.984985 24.800919 12.5992985
v 35.919853 25.329807 12.5992985
v 36.1347 26.226748 12.601556
v 35.200184 25.764244 12.5992985
v 29.00839 31.588915 12.624732
v 28.46066 31.028723 12.624732
v 19.854591 40.05294 4.1252465
v 29.00839 31.588915 11.094781
v 29.00839 31.588915 12.624732
v 19.854591 40.05294 5.6551986
v 29.00839 31.588915 11.094781
v 36.1347 26.226748 11.071604
v 36.1347 26.226748 12.601556
v 29.00839 31.588915 12.624732
v 18.453001 61.33226 12.560253
v -0.0027867006 61.279877 12.537089
v -0.031945277 62.098606 12.535792
v 18.534658 62.029167 12.535792
v -1.0546707 62.1697 11.018166
v -0.031945277 62.098606 12.535792
v -1.0602299 62.171265 12.535792
v -0.026315482 62.09732 11.018166
v -1.0546707 62.1697 4.1252465
v -0.026315482 62.09732 4.1252465
v 6.238954 62.1697 -18.877731
v 6.9648924 62.097385 -18.877731
v 17.13958 51.457558 4.1252465
v 0.025413243 51.433044 4.1252465
v 0.025413243 51.433044 11.02602
v 17.13958 51.457558 11.166377
v 18.45864 61.33351 11.042626
v 0.0028430913 61.27859 11.019462
v -0.0027867006 61.279877 12.537089
v 18.453001 61.33226 12.560253
v 0.025413243 51.433044 11.02602
v -0.84556454 51.466373 11.018166
v -0.84556454 51.466373 12.461936
v 0.025413243 51.433044 12.469791
v 0.0028430913 61.27859 11.019462
v 0.025413243 51.433044 11.02602
v 0.025413243 51.433044 12.469791
v -0.0027867006 61.279877 12.537089
v -30.2956 49.836452 11.018166
v -31.459328 49.6806 11.018166
v -31.459328 49.6806 12.851137
v -30.2956 49.836452 12.851137
v -30.2956 49.836452 4.1252465
v -31.459328 49.6806 11.018166
v -31.331594 49.6806 4.1252465
v -86.05903 61.566307 4.1252465
v -33.195168 62.144276 4.1252465
v -33.195168 62.144276 11.018166
v -86.05903 61.566307 11.018166
v -86.05903 61.566307 -18.877731
v -33.195168 62.144276 4.1252465
v -39.702435 62.144276 -18.877731
v -30.2956 49.836452 12.851137
v -31.459328 49.6806 12.851137
v -31.698278 61.428143 12.783855
v -30.48173 61.47869 12.783855
v -37.318134 0 12.996005
v -38.465893 0 12.9924345
v -38.465893 11.702135 12.995349
v -37.318134 11.702135 12.996005
v -38.465893 12.213261 12.995476
v -37.318134 12.213261 12.996005
v -38.465893 14.359988 12.996005
v -37.318134 14.359988 12.996005
v -37.318134 29.584244 5.9582186
v -37.318134 14.359988 12.996005
v -38.465893 14.359988 12.996005
v -38.465893 29.584244 5.9582186
v -38.465893 29.584244 4.1252465
v -37.318134 29.584244 4.1252465
v -37.318134 29.584244 5.9582186
v -38.465893 29.584244 5.9582186
v 21.270464 61.14525 11.04619
v 18.45864 61.33351 11.042626
v 18.453001 61.33226 12.560253
v 21.264791 61.14417 12.563817
v 19.437874 50.7804 4.1252465
v 17.13958 51.457558 4.1252465
v 17.13958 51.457558 11.166377
v 19.437874 50.7804 11.187971
v 21.264791 61.14417 12.563817
v 18.453001 61.33226 12.560253
v 18.534658 62.029167 12.535792
v 21.437725 61.831512 12.535792
v 2.4211192 22.158012 11.1630335
v -18.349785 22.27725 4.1252465
v -18.349785 22.27725 5.7299657
v 2.4211192 22.158012 12.767753
v -0.026315482 62.09732 11.018166
v 18.540298 62.030415 11.018166
v 18.534658 62.029167 12.535792
v -0.031945277 62.098606 12.535792
v -0.026315482 62.09732 4.1252465
v 18.540298 62.030415 4.1252465
v 18.540298 62.030415 11.018166
v -0.026315482 62.09732 11.018166
v 6.9648924 62.097385 -18.877731
v 19.543945 61.98077 -18.877731
v 18.540298 62.030415 4.1252465
v -0.026315482 62.09732 4.1252465
v 2.8101225 22.972458 4.12026
v 9.760756 23.243822 4.031153
v 9.760756 23.243822 11.257127
v 2.8101225 22.972458 11.168021
v 2.8101225 21.926897 12.771077
v 2.4211192 22.158012 12.767753
v 2.4211192 23.319132 12.767753
v 2.8101225 22.972458 12.772739
v -18.349785 23.319132 5.7299657
v 2.4211192 23.319132 12.767753
v 2.4211192 22.158012 12.767753
v -18.349785 22.27725 5.7299657
v 9.760756 22.030777 12.830482
v 2.8101225 21.926897 12.771077
v 2.8101225 22.972458 12.772739
v 9.760756 23.243822 12.861845
v 10.830084 21.802452 12.839621
v 9.760756 22.030777 12.830482
v 9.760756 23.243822 12.861845
v 10.830084 22.290855 12.875555
v 10.830084 21.314049 12.803686
v 9.760756 22.030777 12.830482
v 9.760756 21.306084 12.799117
v 10.830084 20.82565 12.767753
v 9.760756 20.82565 12.767753
v 10.830084 21.314049 12.803686
v 10.830084 11.702135 12.767753
v 10.830084 0 12.767753
v 9.760756 0 12.767753
v 9.760756 11.702135 12.767753
v 10.830084 12.213261 12.767753
v 9.760756 12.213261 12.767753
v 10.830084 20.82565 12.767753
v 9.760756 20.82565 12.767753
v 2.8101225 21.926897 11.166359
v 2.4211192 22.158012 11.1630335
v 2.4211192 22.158012 12.767753
v 2.8101225 21.926897 12.771077
v -18.349785 22.27725 4.1252465
v -18.349785 23.319132 4.1252465
v -18.349785 23.319132 5.7299657
v -18.349785 22.27725 5.7299657
v 9.760756 22.030777 11.225762
v 2.8101225 21.926897 11.166359
v 2.8101225 21.926897 12.771077
v 9.760756 22.030777 12.830482
v -17.414497 13.5242815 12.738258
v -17.414497 11.702135 12.771877
v -18.349785 11.702135 12.771877
v -18.349785 12.213261 12.771877
v -17.414497 11.702135 12.771877
v -18.349785 0 12.771877
v -17.414497 0 12.771877
v -17.4145 14.359988 12.738258
v -17.414497 13.5242815 12.738258
v -18.349785 12.213261 12.771877
v -18.349785 14.359988 12.771877
v 2.4211192 14.359988 12.738258
v -17.414497 13.5242815 12.738258
v 2.4211192 13.5242815 12.738258
v 2.4211192 13.5242815 11.1630335
v -17.414497 13.5242815 11.1630335
v -17.414497 13.5242815 12.738258
v 2.4211192 13.5242815 12.738258
v 2.4211192 14.359988 11.1630335
v 2.4211192 13.5242815 11.1630335
v 2.4211192 13.5242815 12.738258
v 2.4211192 14.359988 12.738258
v -18.30644 21.952757 6.5870404
v -18.30644 23.395535 6.5870404
v -18.30644 23.395535 13.94062
v -18.30644 21.952757 13.94062
v -18.225744 23.059912 16.459724
v -18.225744 21.78727 16.189213
v -18.213354 22.267235 18.864302
v -18.213354 21.098526 18.343962
v -18.16451 20.96719 21.030752
v -18.16451 20.001587 20.329199
v -18.095678 19.23938 22.859858
v -18.095678 18.521614 22.062696
v -17.663092 17.019562 24.00574
v -17.663092 16.863033 23.734625
v -8.190382 18.521614 22.062696
v -7.757795 17.019562 24.00574
v -7.757795 16.863033 23.734625
v -8.190382 19.23938 22.859858
v -8.259214 20.001587 20.329199
v -8.259214 20.96719 21.030752
v -8.308058 21.098526 18.343962
v -8.308058 22.267235 18.864302
v -8.320448 21.78727 16.189213
v -8.320448 23.059912 16.459724
v -8.401136 21.952757 13.94062
v -8.401136 23.395535 13.94062
v -8.401136 21.952757 6.5870404
v -8.401136 23.395535 6.5870404
v 0.85106516 21.952757 6.5870404
v 0.85106516 23.395535 6.5870404
v 0.85106516 23.395535 13.94062
v 0.85106516 21.952757 13.94062
v 0.93175364 23.059912 16.459724
v 0.93175364 21.78727 16.189213
v 0.9441438 22.267235 18.864302
v 0.9441438 21.098526 18.343962
v 0.99298716 20.96719 21.030752
v 0.99298716 20.001587 20.329199
v 1.0618196 19.23938 22.859858
v 1.0618196 18.521614 22.062696
v 1.4944062 17.019562 24.00574
v 1.4944062 16.863033 23.734625
v -8.190382 19.23938 22.859858
v -7.4012427 17.019562 24.00574
v -7.757795 17.019562 24.00574
v -6.968656 19.23938 22.859858
v -8.259214 20.96719 21.030752
v -6.8998237 20.96719 21.030752
v -8.308058 22.267235 18.864302
v -6.8509803 22.267235 18.864302
v -8.320448 23.059912 16.459724
v -6.83859 23.059912 16.459724
v -8.401136 23.395535 13.94062
v -6.7578864 23.395535 13.94062
v -8.401136 23.395535 6.5870404
v -6.7578864 23.395535 6.5870404
v -6.7578864 23.395535 4.5230794
v -8.401136 23.395535 4.5230794
v -6.7578864 21.952757 6.5870404
v -6.7578864 21.952757 4.5230794
v -8.401136 21.952757 4.5230794
v -8.401136 23.395535 4.5230794
v -8.401136 21.952757 4.5230794
v -8.401136 21.952757 6.5870404
v -8.401136 21.952757 13.94062
v -6.7578864 21.952757 13.94062
v -8.320448 21.78727 16.189213
v -6.83859 21.78727 16.189213
v -8.308058 21.098526 18.343962
v -6.8509803 21.098526 18.343962
v -8.259214 20.001587 20.329199
v -6.8998237 20.001587 20.329199
v -8.190382 18.521614 22.062696
v -6.968656 18.521614 22.062696
v -7.757795 16.863033 23.734625
v -7.4012427 16.863033 23.734625
v -7.4012427 16.863033 23.734625
v -7.757795 16.863033 23.734625
v -7.757795 17.019562 24.00574
v -7.4012427 17.019562 24.00574
v 1.8509583 16.863033 23.734625
v 1.4944062 16.863033 23.734625
v 1.4944062 17.019562 24.00574
v 1.8509583 17.019562 24.00574
v -18.30644 21.952757 4.5230794
v -16.66319 23.395535 4.5230794
v -18.30644 23.395535 4.5230794
v -16.66319 21.952757 4.5230794
v -16.66319 21.952757 6.5870404
v -18.30644 21.952757 4.5230794
v -18.30644 21.952757 6.5870404
v -18.30644 21.952757 13.94062
v -16.66319 21.952757 13.94062
v -18.225744 21.78727 16.189213
v -16.743887 21.78727 16.189213
v -18.213354 21.098526 18.343962
v -16.756277 21.098526 18.343962
v -18.16451 20.001587 20.329199
v -16.80512 20.001587 20.329199
v -18.095678 18.521614 22.062696
v -16.873953 18.521614 22.062696
v -17.663092 16.863033 23.734625
v -17.30654 16.863033 23.734625
v -16.66319 23.395535 6.5870404
v -18.30644 23.395535 6.5870404
v -18.30644 23.395535 4.5230794
v -16.66319 23.395535 13.94062
v -18.30644 23.395535 13.94062
v -16.743887 23.059912 16.459724
v -18.225744 23.059912 16.459724
v -16.756277 22.267235 18.864302
v -18.213354 22.267235 18.864302
v -16.80512 20.96719 21.030752
v -18.16451 20.96719 21.030752
v -16.873953 19.23938 22.859858
v -18.095678 19.23938 22.859858
v -17.30654 17.019562 24.00574
v -17.663092 17.019562 24.00574
v -6.968656 19.23938 22.859858
v -7.4012427 16.863033 23.734625
v -7.4012427 17.019562 24.00574
v -6.968656 18.521614 22.062696
v -6.8998237 20.96719 21.030752
v -6.8998237 20.001587 20.329199
v -6.8509803 22.267235 18.864302
v -6.8509803 21.098526 18.343962
v -6.83859 23.059912 16.459724
v -6.83859 21.78727 16.189213
v -6.7578864 23.395535 13.94062
v -6.7578864 21.952757 13.94062
v -6.7578864 23.395535 6.5870404
v -6.7578864 21.952757 6.5870404
v 2.283545 19.23938 22.859858
v 1.8509583 16.863033 23.734625
v 1.8509583 17.019562 24.00574
v 2.283545 18.521614 22.062696
v 2.3523774 20.96719 21.030752
v 2.3523774 20.001587 20.329199
v 2.4012208 22.267235 18.864302
v 2.4012208 21.098526 18.343962
v 2.413611 23.059912 16.459724
v 2.413611 21.78727 16.189213
v 2.4943147 23.395535 13.94062
v 2.4943147 21.952757 13.94062
v 2.4943147 23.395535 6.5870404
v 2.4943147 21.952757 6.5870404
v -16.66319 23.395535 6.5870404
v -16.66319 21.952757 6.5870404
v -16.66319 21.952757 13.94062
v -16.66319 23.395535 13.94062
v -16.743887 21.78727 16.189213
v -16.743887 23.059912 16.459724
v -16.756277 21.098526 18.343962
v -16.756277 22.267235 18.864302
v -16.80512 20.001587 20.329199
v -16.80512 20.96719 21.030752
v -16.873953 18.521614 22.062696
v -16.873953 19.23938 22.859858
v -17.30654 16.863033 23.734625
v -17.30654 17.019562 24.00574
v -18.30644 21.952757 6.5870404
v -18.30644 21.952757 4.5230794
v -18.30644 23.395535 4.5230794
v -18.30644 23.395535 6.5870404
v -17.30654 16.863033 23.734625
v -17.663092 16.863033 23.734625
v -17.663092 17.019562 24.00574
v -17.30654 17.019562 24.00574
v 1.0618196 19.23938 22.859858
v 1.8509583 17.019562 24.00574
v 1.4944062 17.019562 24.00574
v 2.283545 19.23938 22.859858
v 0.99298716 20.96719 21.030752
v 2.3523774 20.96719 21.030752
v 0.9441438 22.267235 18.864302
v 2.4012208 22.267235 18.864302
v 0.93175364 23.059912 16.459724
v 2.413611 23.059912 16.459724
v 0.85106516 23.395535 13.94062
v 2.4943147 23.395535 13.94062
v 0.85106516 23.395535 6.5870404
v 2.4943147 23.395535 6.5870404
v 2.4943147 23.395535 4.5230794
v 0.85106516 23.395535 4.5230794
v 2.4943147 21.952757 6.5870404
v 2.4943147 21.952757 4.5230794
v 0.85106516 21.952757 4.5230794
v 0.85106516 23.395535 4.5230794
v 0.85106516 21.952757 4.5230794
v 0.85106516 21.952757 6.5870404
v 0.85106516 21.952757 13.94062
v 2.4943147 21.952757 13.94062
v 0.93175364 21.78727 16.189213
v 2.413611 21.78727 16.189213
v 0.9441438 21.098526 18.343962
v 2.4012208 21.098526 18.343962
v 0.99298716 20.001587 20.329199
v 2.3523774 20.001587 20.329199
v 1.0618196 18.521614 22.062696
v 2.283545 18.521614 22.062696
v 1.4944062 16.863033 23.734625
v 1.8509583 16.863033 23.734625
v -8.401136 21.952757 6.5870404
v -8.401136 21.952757 4.5230794
v -8.401136 23.395535 4.5230794
v -8.401136 23.395535 6.5870404
v 0.85106516 21.952757 6.5870404
v 0.85106516 21.952757 4.5230794
v 0.85106516 23.395535 4.5230794
v 0.85106516 23.395535 6.5870404
v -38.973648 35.33 5.552753
v -37.530872 35.33 5.552753
v -37.530872 35.33 12.906334
v -38.973648 35.33 12.906334
v -37.866493 35.249306 15.425438
v -39.139137 35.249306 15.154926
v -38.659172 35.236916 17.830015
v -39.82788 35.236916 17.309675
v -39.959217 35.188072 19.996466
v -40.92482 35.188072 19.294912
v -41.687027 35.11924 21.825571
v -42.404793 35.11924 21.02841
v -43.906845 34.686653 22.971453
v -44.063374 34.686653 22.700338
v -42.404793 25.213943 21.02841
v -43.906845 24.781357 22.971453
v -44.063374 24.781357 22.700338
v -41.687027 25.213943 21.825571
v -40.92482 25.282776 19.294912
v -39.959217 25.282776 19.996466
v -39.82788 25.33162 17.309675
v -38.659172 25.33162 17.830015
v -39.139137 25.34401 15.154926
v -37.866493 25.34401 15.425438
v -38.973648 25.424698 12.906334
v -37.530872 25.424698 12.906334
v -38.973648 25.424698 5.552753
v -37.530872 25.424698 5.552753
v -38.97365 16.172497 5.552753
v -37.530872 16.172497 5.552753
v -37.530872 16.172497 12.906334
v -38.97365 16.172497 12.906334
v -37.866497 16.091808 15.425438
v -39.139137 16.091808 15.154926
v -38.659172 16.079418 17.830015
v -39.82788 16.079418 17.309675
v -39.959217 16.030575 19.996466
v -40.92482 16.030575 19.294912
v -41.687027 15.961742 21.825571
v -42.404793 15.961742 21.02841
v -43.906845 15.529156 22.971453
v -44.063374 15.529156 22.700338
v -41.687027 25.213943 21.825571
v -43.906845 24.424805 22.971453
v -43.906845 24.781357 22.971453
v -41.687027 23.992218 21.825571
v -39.959217 25.282776 19.996466
v -39.959217 23.923386 19.996466
v -38.659172 25.33162 17.830015
v -38.659172 23.874542 17.830015
v -37.866493 25.34401 15.425438
v -37.866497 23.862152 15.425438
v -37.530872 25.424698 12.906334
v -37.530872 23.781448 12.906334
v -37.530872 25.424698 5.552753
v -37.530872 23.781448 5.552753
v -37.530872 23.781448 3.488792
v -37.530872 25.424698 3.488792
v -38.97365 23.781448 5.552753
v -38.97365 23.781448 3.488792
v -38.973648 25.424698 3.488792
v -37.530872 25.424698 3.488792
v -38.973648 25.424698 3.488792
v -38.973648 25.424698 5.552753
v -38.973648 25.424698 12.906334
v -38.97365 23.781448 12.906334
v -39.139137 25.34401 15.154926
v -39.139137 23.862152 15.154926
v -39.82788 25.33162 17.309675
v -39.82788 23.874542 17.309675
v -40.92482 25.282776 19.294912
v -40.92482 23.923386 19.294912
v -42.404793 25.213943 21.02841
v -42.404793 23.992218 21.02841
v -44.063374 24.781357 22.700338
v -44.063374 24.424805 22.700338
v -44.063374 24.424805 22.700338
v -44.063374 24.781357 22.700338
v -43.906845 24.781357 22.971453
v -43.906845 24.424805 22.971453
v -44.063374 15.172604 22.700338
v -44.063374 15.529156 22.700338
v -43.906845 15.529156 22.971453
v -43.906845 15.172604 22.971453
v -38.973648 35.33 3.488792
v -37.530872 33.686752 3.488792
v -37.530872 35.33 3.488792
v -38.973648 33.686752 3.488792
v -38.973648 33.686752 5.552753
v -38.973648 35.33 3.488792
v -38.973648 35.33 5.552753
v -38.973648 35.33 12.906334
v -38.973648 33.686752 12.906334
v -39.139137 35.249306 15.154926
v -39.139137 33.76745 15.154926
v -39.82788 35.236916 17.309675
v -39.82788 33.77984 17.309675
v -40.92482 35.188072 19.294912
v -40.92482 33.828682 19.294912
v -42.404793 35.11924 21.02841
v -42.404793 33.897514 21.02841
v -44.063374 34.686653 22.700338
v -44.063374 34.3301 22.700338
v -37.530872 33.686752 5.552753
v -37.530872 35.33 5.552753
v -37.530872 35.33 3.488792
v -37.530872 33.686752 12.906334
v -37.530872 35.33 12.906334
v -37.866493 33.76745 15.425438
v -37.866493 35.249306 15.425438
v -38.659172 33.77984 17.830015
v -38.659172 35.236916 17.830015
v -39.959217 33.828682 19.996466
v -39.959217 35.188072 19.996466
v -41.687027 33.897514 21.825571
v -41.687027 35.11924 21.825571
v -43.906845 34.3301 22.971453
v -43.906845 34.686653 22.971453
v -41.687027 23.992218 21.825571
v -44.063374 24.424805 22.700338
v -43.906845 24.424805 22.971453
v -42.404793 23.992218 21.02841
v -39.959217 23.923386 19.996466
v -40.92482 23.923386 19.294912
v -38.659172 23.874542 17.830015
v -39.82788 23.874542 17.309675
v -37.866497 23.862152 15.425438
v -39.139137 23.862152 15.154926
v -37.530872 23.781448 12.906334
v -38.97365 23.781448 12.906334
v -37.530872 23.781448 5.552753
v -38.97365 23.781448 5.552753
v -41.687027 14.740017 21.825571
v -44.063374 15.172604 22.700338
v -43.906845 15.172604 22.971453
v -42.404793 14.740017 21.02841
v -39.959217 14.671185 19.996466
v -40.92482 14.671185 19.294912
v -38.659172 14.622341 17.830015
v -39.82788 14.622341 17.309675
v -37.866497 14.609951 15.425438
v -39.139137 14.609951 15.154926
v -37.530872 14.529247 12.906334
v -38.97365 14.529247 12.906334
v -37.530872 14.529247 5.552753
v -38.97365 14.529247 5.552753
v -37.530872 33.686752 5.552753
v -38.973648 33.686752 5.552753
v -38.973648 33.686752 12.906334
v -37.530872 33.686752 12.906334
v -39.139137 33.76745 15.154926
v -37.866493 33.76745 15.425438
v -39.82788 33.77984 17.309675
v -38.659172 33.77984 17.830015
v -40.92482 33.828682 19.294912
v -39.959217 33.828682 19.996466
v -42.404793 33.897514 21.02841
v -41.687027 33.897514 21.825571
v -44.063374 34.3301 22.700338
v -43.906845 34.3301 22.971453
v -38.973648 35.33 5.552753
v -38.973648 35.33 3.488792
v -37.530872 35.33 3.488792
v -37.530872 35.33 5.552753
v -44.063374 34.3301 22.700338
v -44.063374 34.686653 22.700338
v -43.906845 34.686653 22.971453
v -43.906845 34.3301 22.971453
v -41.687027 15.961742 21.825571
v -43.906845 15.172604 22.971453
v -43.906845 15.529156 22.971453
v -41.687027 14.740017 21.825571
v -39.959217 16.030575 19.996466
v -39.959217 14.671185 19.996466
v -38.659172 16.079418 17.830015
v -38.659172 14.622341 17.830015
v -37.866497 16.091808 15.425438
v -37.866497 14.609951 15.425438
v -37.530872 16.172497 12.906334
v -37.530872 14.529247 12.906334
v -37.530872 16.172497 5.552753
v -37.530872 14.529247 5.552753
v -37.530872 14.529247 3.488792
v -37.530872 16.172497 3.488792
v -38.97365 14.529247 5.552753
v -38.97365 14.529247 3.488792
v -38.97365 16.172497 3.488792
v -37.530872 16.172497 3.488792
v -38.97365 16.172497 3.488792
v -38.97365 16.172497 5.552753
v -38.97365 16.172497 12.906334
v -38.97365 14.529247 12.906334
v -39.139137 16.091808 15.154926
v -39.139137 14.609951 15.154926
v -39.82788 16.079418 17.309675
v -39.82788 14.622341 17.309675
v -40.92482 16.030575 19.294912
v -40.92482 14.671185 19.294912
v -42.404793 15.961742 21.02841
v -42.404793 14.740017 21.02841
v -44.063374 15.529156 22.700338
v -44.063374 15.172604 22.700338
v -38.973648 25.424698 5.552753
v -38.973648 25.424698 3.488792
v -37.530872 25.424698 3.488792
v -37.530872 25.424698 5.552753
v -38.97365 16.172497 5.552753
v -38.97365 16.172497 3.488792
v -37.530872 16.172497 3.488792
v -37.530872 16.172497 5.552753
v 31.486801 29.984625 5.60482
v 30.531277 28.903622 5.60482
v 30.531277 28.903622 12.958401
v 31.486801 29.984625 12.958401
v 30.693092 29.20853 15.477505
v 31.535938 30.162064 15.206993
v 31.208782 29.810654 17.882082
v 31.9828 30.686312 17.361742
v 32.03318 30.817066 20.048532
v 32.672684 31.54055 19.34698
v 33.125908 32.157223 21.877638
v 33.601276 32.695015 21.080477
v 34.27194 34.106926 23.02352
v 34.375603 34.22421 22.752405
v 26.179688 39.255116 21.080477
v 26.850353 40.667034 23.02352
v 26.954018 40.784313 22.752405
v 25.704323 38.717327 21.877638
v 25.2511 38.100655 19.34698
v 24.611599 37.377174 20.048532
v 24.561213 37.24642 17.361742
v 23.787197 36.370758 17.882082
v 24.114353 36.72217 15.206993
v 23.271503 35.76864 15.477505
v 24.06521 36.54474 12.958401
v 23.109684 35.46373 12.958401
v 24.06521 36.54474 5.60482
v 23.109684 35.46373 5.60482
v 17.132957 42.67231 5.60482
v 16.177433 41.5913 5.60482
v 16.177433 41.5913 12.958401
v 17.132957 42.67231 12.958401
v 16.339252 41.89621 15.477505
v 17.1821 42.84974 15.206993
v 16.854946 42.498337 17.882082
v 17.628963 43.373993 17.361742
v 17.679346 43.504745 20.048532
v 18.318846 44.228226 19.34698
v 18.772072 44.844902 21.877638
v 19.247435 45.382683 21.080477
v 19.918098 46.794598 23.02352
v 20.021765 46.91188 22.752405
v 25.704323 38.717327 21.877638
v 26.583202 40.90317 23.02352
v 26.850353 40.667034 23.02352
v 24.788939 39.52645 21.877638
v 24.611599 37.377174 20.048532
v 23.59307 38.277473 20.048532
v 23.787197 36.370758 17.882082
v 22.695477 37.33575 17.882082
v 23.271503 35.76864 15.477505
v 22.161217 36.750046 15.477505
v 23.109684 35.46373 12.958401
v 21.878473 36.552025 12.958401
v 23.109684 35.46373 5.60482
v 21.878473 36.552025 5.60482
v 21.878473 36.552025 3.5408587
v 23.109684 35.46373 3.5408587
v 22.833998 37.633034 5.60482
v 22.833998 37.633034 3.5408587
v 24.06521 36.54474 3.5408587
v 23.109684 35.46373 3.5408587
v 24.06521 36.54474 3.5408587
v 24.06521 36.54474 5.60482
v 24.06521 36.54474 12.958401
v 22.833998 37.633034 12.958401
v 24.114353 36.72217 15.206993
v 23.004066 37.70358 15.206993
v 24.561213 37.24642 17.361742
v 23.46949 38.211414 17.361742
v 25.2511 38.100655 19.34698
v 24.232569 39.000957 19.34698
v 26.179688 39.255116 21.080477
v 25.264305 40.064247 21.080477
v 26.954018 40.784313 22.752405
v 26.68687 41.02045 22.752405
v 26.68687 41.02045 22.752405
v 26.954018 40.784313 22.752405
v 26.850353 40.667034 23.02352
v 26.583202 40.90317 23.02352
v 19.754616 47.148018 22.752405
v 20.021765 46.91188 22.752405
v 19.918098 46.794598 23.02352
v 19.650951 47.03074 23.02352
v 31.486801 29.984625 3.5408587
v 29.300064 29.991917 3.5408587
v 30.531277 28.903622 3.5408587
v 30.255592 31.072926 3.5408587
v 30.255592 31.072926 5.60482
v 31.486801 29.984625 3.5408587
v 31.486801 29.984625 5.60482
v 31.486801 29.984625 12.958401
v 30.255592 31.072926 12.958401
v 31.535938 30.162064 15.206993
v 30.425652 31.14347 15.206993
v 31.9828 30.686312 17.361742
v 30.891079 31.65131 17.361742
v 32.672684 31.54055 19.34698
v 31.654156 32.44085 19.34698
v 33.601276 32.695015 21.080477
v 32.68589 33.504143 21.080477
v 34.375603 34.22421 22.752405
v 34.10846 34.460342 22.752405
v 29.300064 29.991917 5.60482
v 30.531277 28.903622 5.60482
v 30.531277 28.903622 3.5408587
v 29.300064 29.991917 12.958401
v 30.531277 28.903622 12.958401
v 29.582804 30.189938 15.477505
v 30.693092 29.20853 15.477505
v 30.117064 30.77565 17.882082
v 31.208782 29.810654 17.882082
v 31.014654 31.717371 20.048532
v 32.03318 30.817066 20.048532
v 32.210526 32.96635 21.877638
v 33.125908 32.157223 21.877638
v 34.00479 34.343063 23.02352
v 34.27194 34.106926 23.02352
v 24.788939 39.52645 21.877638
v 26.68687 41.02045 22.752405
v 26.583202 40.90317 23.02352
v 25.264305 40.064247 21.080477
v 23.59307 38.277473 20.048532
v 24.232569 39.000957 19.34698
v 22.695477 37.33575 17.882082
v 23.46949 38.211414 17.361742
v 22.161217 36.750046 15.477505
v 23.004066 37.70358 15.206993
v 21.878473 36.552025 12.958401
v 22.833998 37.633034 12.958401
v 21.878473 36.552025 5.60482
v 22.833998 37.633034 5.60482
v 17.85669 45.654026 21.877638
v 19.754616 47.148018 22.752405
v 19.650951 47.03074 23.02352
v 18.33205 46.191814 21.080477
v 16.660816 44.405045 20.048532
v 17.300316 45.128525 19.34698
v 15.763224 43.463326 17.882082
v 16.53724 44.338985 17.361742
v 15.228964 42.877613 15.477505
v 16.071814 43.83115 15.206993
v 14.9462185 42.6796 12.958401
v 15.901746 43.760605 12.958401
v 14.9462185 42.6796 5.60482
v 15.901746 43.760605 5.60482
v 29.300064 29.991917 5.60482
v 30.255592 31.072926 5.60482
v 30.255592 31.072926 12.958401
v 29.300064 29.991917 12.958401
v 30.425652 31.14347 15.206993
v 29.582804 30.189938 15.477505
v 30.891079 31.65131 17.361742
v 30.117064 30.77565 17.882082
v 31.654156 32.44085 19.34698
v 31.014654 31.717371 20.048532
v 32.68589 33.504143 21.080477
v 32.210526 32.96635 21.877638
v 34.10846 34.460342 22.752405
v 34.00479 34.343063 23.02352
v 31.486801 29.984625 5.60482
v 31.486801 29.984625 3.5408587
v 30.531277 28.903622 3.5408587
v 30.531277 28.903622 5.60482
v 34.10846 34.460342 22.752405
v 34.375603 34.22421 22.752405
v 34.27194 34.106926 23.02352
v 34.00479 34.343063 23.02352
v 18.772072 44.844902 21.877638
v 19.650951 47.03074 23.02352
v 19.918098 46.794598 23.02352
v 17.85669 45.654026 21.877638
v 17.679346 43.504745 20.048532
v 16.660816 44.405045 20.048532
v 16.854946 42.498337 17.882082
v 15.763224 43.463326 17.882082
v 16.339252 41.89621 15.477505
v 15.228964 42.877613 15.477505
v 16.177433 41.5913 12.958401
v 14.9462185 42.6796 12.958401
v 16.177433 41.5913 5.60482
v 14.9462185 42.6796 5.60482
v 14.9462185 42.6796 3.5408587
v 16.177433 41.5913 3.5408587
v 15.901746 43.760605 5.60482
v 15.901746 43.760605 3.5408587
v 17.132957 42.67231 3.5408587
v 16.177433 41.5913 3.5408587
v 17.132957 42.67231 3.5408587
v 17.132957 42.67231 5.60482
v 17.132957 42.67231 12.958401
v 15.901746 43.760605 12.958401
v 17.1821 42.84974 15.206993
v 16.071814 43.83115 15.206993
v 17.628963 43.373993 17.361742
v 16.53724 44.338985 17.361742
v 18.318846 44.228226 19.34698
v 17.300316 45.128525 19.34698
v 19.247435 45.382683 21.080477
v 18.33205 46.191814 21.080477
v 20.021765 46.91188 22.752405
v 19.754616 47.148018 22.752405
v 24.06521 36.54474 5.60482
v 24.06521 36.54474 3.5408587
v 23.109684 35.46373 3.5408587
v 23.109684 35.46373 5.60482
v 17.132957 42.67231 5.60482
v 17.132957 42.67231 3.5408587
v 16.177433 41.5913 3.5408587
v 16.177433 41.5913 5.60482
vt 0.875 0.6666666
vt 0.875 0.6666666
vt 0.875 0.7083333
vt 0.875 0.6666666
vt 0.875 0.7083333
vt 0.875 0.6666666
vt 0.76474726 0.6944444
vt 0.7916666 0.7083333
vt 0.7916666 0.6944444
vt 0.76474726 0.7083333
vt 0.7916666 0.75
vt 0.76474726 0.75
vt 0.72459054 0.7083333
vt 0.72459054 0.75
vt 0.76474726 0.75
vt 0.79574317 0.75
vt 0.7957431 0.7083333
vt 0.875 0.75
vt 0.875 0.7083333
vt 0.875 0.75
vt 0.7957431 0.75
vt 0.875 0.75
vt 0.79574317 0.75
vt 0.7916666 0.75
vt 0.7916666 0.75
vt 0.76474726 0.75
vt 0.7916666 0.75
vt 0.76474726 0.75
vt 0.7916666 0.75
vt 0.7647473 0.75000006
vt 0.7647473 0.75000006
vt 0.7916666 0.75
vt 0.76474726 0.75
vt 0.72459054 0.75
vt 0.72383845 0.75
vt 0.72383845 0.70833325
vt 0.72459054 0.7083333
vt 0.72383845 0.75
vt 0.72459054 0.74999994
vt 0.72383857 0.7500001
vt 0.7104007 0.7083334
vt 0.7104007 0.75000006
vt 0.72383845 0.70833325
vt 0.7104007 0.75000006
vt 0.7104007 0.75
vt 0.72383845 0.75
vt 0.6527778 0.6944444
vt 0.7083332 0.6805554
vt 0.70833325 0.6666666
vt 0.625 0.6666666
vt 0.68055546 0.7222221
vt 0.7083332 0.6805554
vt 0.7083333 0.6944444
vt 0.625 0.6604377
vt 0.70833325 0.6666666
vt 0.70833325 0.6604377
vt 0.7083333 0.75
vt 0.7083333 0.7083333
vt 0.68055546 0.7222221
vt 0.625 0.6589547
vt 0.625 0.6604377
vt 0.70833325 0.6589546
vt 0.625 0.62468076
vt 0.70833325 0.6589546
vt 0.70833325 0.62468076
vt 0.6805554 0.72222203
vt 0.6805555 0.7222222
vt 0.7083333 0.75
vt 0.7083333 0.75
vt 0.68055546 0.7222221
vt 0.7083333 0.75
vt 0.7957431 0.6604377
vt 0.7957431 0.6666666
vt 0.875 0.6666666
vt 0.8749999 0.6604377
vt 0.7957431 0.6589546
vt 0.8749999 0.6589546
vt 0.7957431 0.6246808
vt 0.8749999 0.62468076
vt 0.8749999 0.6604376
vt 0.8749998 0.6589545
vt 0.8749999 0.6589546
vt 0.8749999 0.62468076
vt 0.8749999 0.62468076
vt 0.8749999 0.6589546
vt 0.8749999 0.62468076
vt 0.8749998 0.6589545
vt 0.8749999 0.6604377
vt 0.8749999 0.6604376
vt 0.7647473 0.6805555
vt 0.76474726 0.6666666
vt 0.7245904 0.6666666
vt 0.7245904 0.68055546
vt 0.76474726 0.6944444
vt 0.72459054 0.6944444
vt 0.7957431 0.7083333
vt 0.875 0.7083333
vt 0.875 0.6666666
vt 0.7957431 0.6666666
vt 0.72459054 0.75
vt 0.72459054 0.74999994
vt 0.76474726 0.75
vt 0.76474726 0.75
vt 0.72459054 0.75
vt 0.72459054 0.75
vt 0.76474726 0.75
vt 0.7647473 0.75000006
vt 0.7238384 0.68055546
vt 0.72383845 0.6944444
vt 0.72459054 0.6944444
vt 0.7245904 0.68055546
vt 0.7238384 0.6666666
vt 0.7245904 0.6666666
vt 0.7238384 0.6666666
vt 0.7245904 0.6604377
vt 0.7238383 0.6604377
vt 0.76474726 0.6666666
vt 0.7647473 0.6805555
vt 0.7916666 0.68055546
vt 0.7916666 0.6666666
vt 0.7916666 0.6604377
vt 0.76474726 0.6604377
vt 0.79166657 0.6589546
vt 0.76474726 0.6589546
vt 0.7916666 0.62468076
vt 0.76474726 0.62468076
vt 0.7647473 0.6805555
vt 0.7916666 0.6944444
vt 0.625 0.6666666
vt 0.65277773 0.6944444
vt 0.65277785 0.6944445
vt 0.625 0.6666666
vt 0.625 0.66043764
vt 0.625 0.6666666
vt 0.625 0.6604377
vt 0.625 0.6666666
vt 0.625 0.6604377
vt 0.6527778 0.6944444
vt 0.6527778 0.6944444
vt 0.68055546 0.72222215
vt 0.6805555 0.7222222
vt 0.70833325 0.74999994
vt 0.7083333 0.75
vt 0.625 0.62468064
vt 0.62499994 0.62468064
vt 0.62499994 0.65895456
vt 0.62499994 0.6589545
vt 0.625 0.62468076
vt 0.625 0.6589546
vt 0.625 0.62468076
vt 0.625 0.6589546
vt 0.625 0.6589547
vt 0.625 0.6589547
vt 0.625 0.62468076
vt 0.625 0.6589547
vt 0.625 0.6589547
vt 0.79574305 0.74999994
vt 0.79574317 0.75000006
vt 0.875 0.75
vt 0.875 0.75
vt 0.875 0.75
vt 0.875 0.75
vt 0.87500006 0.75
vt 0.875 0.75000006
vt 0.875 0.75
vt 0.875 0.7083334
vt 0.875 0.7083333
vt 0.72459054 0.74999994
vt 0.72459054 0.75
vt 0.7647473 0.75000006
vt 0.76474726 0.75
vt 0.875 0.7083333
vt 0.875 0.7083334
vt 0.87499994 0.6666666
vt 0.875 0.6666666
vt 0.87499994 0.6666666
vt 0.8749999 0.6604376
vt 0.8749999 0.6604377
vt 0.65277773 0.6944444
vt 0.6805555 0.7222222
vt 0.6805554 0.72222203
vt 0.65277785 0.6944445
vt 0.68055546 0.7222221
vt 0.68055546 0.7222221
vt 0.6805554 0.72222203
vt 0.6805554 0.72222203
vt 0.7104006 0.6589546
vt 0.7238384 0.62468076
vt 0.7104006 0.62468076
vt 0.7238383 0.6589546
vt 0.7104006 0.6604377
vt 0.7238383 0.6604377
vt 0.7245904 0.62468076
vt 0.7245904 0.6589546
vt 0.7238383 0.6604377
vt 0.762426 0.62468076
vt 0.7245904 0.6604377
vt 0.762426 0.6589546
vt 0.762426 0.6604377
vt 0.71040064 0.6666666
vt 0.7238383 0.6604377
vt 0.7238384 0.6666666
vt 0.71040064 0.6666666
vt 0.7238384 0.68055546
vt 0.71040046 0.68055534
vt 0.7104006 0.6944444
vt 0.72383845 0.6944444
vt 0.7238384 0.68055546
vt 0.7104007 0.75
vt 0.7104006 0.75
vt 0.7238385 0.75
vt 0.7238385 0.75
vt 0.7083333 0.75
vt 0.7104006 0.75
vt 0.70833325 0.74999994
vt 0.7104007 0.75
vt 0.7104007 0.75000006
vt 0.72383857 0.7500001
vt 0.72383845 0.75
vt 0.7083333 0.7083333
vt 0.7083333 0.75
vt 0.7104007 0.75000006
vt 0.7104007 0.7083334
vt 0.79574305 0.74999994
vt 0.79574305 0.74999994
vt 0.79574317 0.75000006
vt 0.79574317 0.75000006
vt 0.7083333 0.75
vt 0.7083333 0.75
vt 0.7104007 0.75000006
vt 0.7104007 0.75
vt 0.7083333 0.75
vt 0.7104007 0.75
vt 0.7104007 0.75000006
vt 0.375 0
vt 0.375 0.25
vt 0.625 0.25
vt 0.625 0
vt 0.375 0.25
vt 0.375 0.5
vt 0.625 0.5
vt 0.625 0.25
vt 0.375 0.5
vt 0.375 0.75
vt 0.625 0.75
vt 0.625 0.5
vt 0.375 0.75
vt 0.375 1
vt 0.625 1
vt 0.625 0.75
vt 0.125 0.5
vt 0.125 0.75
vt 0.375 0.75
vt 0.375 0.5
vt 0.625 0.5
vt 0.625 0.75
vt 0.875 0.75
vt 0.875 0.5
vt 0.375 0.15862523
vt 0.375 0.25
vt 0.625 0.25
vt 0.625 0.15862525
vt 0.375 0.124999985
vt 0.625 0.125
vt 0.375 0.091374755
vt 0.625 0.091374755
vt 0.375 0
vt 0.625 0
vt 0.375 0.25
vt 0.375 0.5
vt 0.625 0.5
vt 0.625 0.25
vt 0.375 0.65862525
vt 0.375 0.75
vt 0.625 0.75
vt 0.625 0.7167728
vt 0.375 0.625
vt 0.625 0.625
vt 0.375 0.59137475
vt 0.625 0.59137475
vt 0.375 0.5
vt 0.625 0.5
vt 0.375 0.75
vt 0.375 1
vt 0.625 1
vt 0.625 0.75
vt 0.125 0.65862525
vt 0.125 0.75
vt 0.375 0.75
vt 0.375 0.65862525
vt 0.125 0.625
vt 0.375 0.625
vt 0.125 0.59137475
vt 0.375 0.59137475
vt 0.125 0.5
vt 0.375 0.5
vt 0.625 0.7167728
vt 0.625 0.75
vt 0.875 0.75
vt 0.875 0.65862525
vt 0.625 0.625
vt 0.875 0.625
vt 0.625 0.59137475
vt 0.875 0.59137475
vt 0.625 0.5
vt 0.875 0.5
vt 0.375 0
vt 0.375 0.25
vt 0.625 0.25
vt 0.625 0
vt 0.375 0.25
vt 0.375 0.5
vt 0.625 0.5
vt 0.625 0.25
vt 0.375 0.5
vt 0.375 0.75
vt 0.625 0.75
vt 0.625 0.5
vt 0.375 0.75
vt 0.375 1
vt 0.625 1
vt 0.625 0.75
vt 0.125 0.5
vt 0.125 0.75
vt 0.375 0.75
vt 0.375 0.5
vt 0.625 0.5
vt 0.625 0.75
vt 0.875 0.75
vt 0.875 0.5
vt 0.375 0.1395885
vt 0.375 0.25
vt 0.625 0.25
vt 0.625 0.1395885
vt 0.375 0.11041149
vt 0.625 0.110411495
vt 0.375 0
vt 0.625 0
vt 0.375 0.25
vt 0.375 0.5
vt 0.625 0.5
vt 0.625 0.25
vt 0.375 0.6395885
vt 0.375 0.75
vt 0.625 0.75
vt 0.625 0.6395885
vt 0.375 0.61041147
vt 0.625 0.6104115
vt 0.375 0.5
vt 0.625 0.5
vt 0.375 0.75
vt 0.375 1
vt 0.625 1
vt 0.625 0.75
vt 0.125 0.6395885
vt 0.125 0.75
vt 0.375 0.75
vt 0.375 0.6395885
vt 0.125 0.61041147
vt 0.375 0.61041147
vt 0.125 0.5
vt 0.375 0.5
vt 0.625 0.6395885
vt 0.625 0.75
vt 0.875 0.75
vt 0.875 0.6395885
vt 0.625 0.6104115
vt 0.875 0.61041147
vt 0.625 0.5
vt 0.875 0.5
vt 0.375 0.08793106
vt 0.375 0.25
vt 0.625 0.25
vt 0.625 0.08793106
vt 0.375 0
vt 0.625 0
vt 0.375 0.25
vt 0.375 0.5
vt 0.625 0.5
vt 0.625 0.25
vt 0.375 0.66206896
vt 0.375 0.75
vt 0.625 0.75
vt 0.5595521 0.66206896
vt 0.375 0.5
vt 0.625 0.5
vt 0.375 0.75
vt 0.375 1
vt 0.625 1
vt 0.625 0.75
vt 0.125 0.66206896
vt 0.125 0.75
vt 0.375 0.75
vt 0.375 0.66206896
vt 0.125 0.5
vt 0.375 0.5
vt 0.5595521 0.66206896
vt 0.625 0.75
vt 0.875 0.75
vt 0.875 0.66206896
vt 0.625 0.5
vt 0.875 0.5
vt 0.375 0
vt 0.375 0.25
vt 0.625 0.25
vt 0.625 0
vt 0.375 0.25
vt 0.375 0.5
vt 0.625 0.5
vt 0.625 0.25
vt 0.375 0.5
vt 0.375 0.75
vt 0.625 0.75
vt 0.625 0.5
vt 0.375 0.75
vt 0.375 1
vt 0.625 1
vt 0.625 0.75
vt 0.125 0.5
vt 0.125 0.75
vt 0.375 0.75
vt 0.375 0.5
vt 0.625 0.5
vt 0.625 0.75
vt 0.875 0.75
vt 0.875 0.5
vt 0.375 0
vt 0.375 0.25
vt 0.625 0.25
vt 0.625 0
vt 0.375 0.25
vt 0.375 0.5
vt 0.625 0.5
vt 0.625 0.25
vt 0.375 0.5
vt 0.375 0.75
vt 0.625 0.75
vt 0.625 0.5
vt 0.375 0.75
vt 0.375 1
vt 0.625 1
vt 0.625 0.75
vt 0.125 0.5
vt 0.125 0.75
vt 0.375 0.75
vt 0.375 0.5
vt 0.625 0.5
vt 0.625 0.75
vt 0.875 0.75
vt 0.875 0.5
vt 0.375 0.20254396
vt 0.375 0.25
vt 0.625 0.25
vt 0.625 0.20254394
vt 0.375 0
vt 0.625 0
vt 0.375 0.25
vt 0.375 0.5
vt 0.625 0.5
vt 0.625 0.25
vt 0.375 0.547456
vt 0.375 0.75
vt 0.625 0.75
vt 0.625 0.547456
vt 0.375 0.5
vt 0.625 0.5
vt 0.375 0.75
vt 0.375 1
vt 0.625 1
vt 0.625 0.75
vt 0.125 0.547456
vt 0.125 0.75
vt 0.375 0.75
vt 0.375 0.547456
vt 0.125 0.5
vt 0.375 0.5
vt 0.625 0.547456
vt 0.625 0.75
vt 0.875 0.75
vt 0.875 0.547456
vt 0.625 0.5
vt 0.875 0.5
vt 0.375 0
vt 0.375 0.25
vt 0.625 0.25
vt 0.625 0
vt 0.375 0.25
vt 0.375 0.5
vt 0.625 0.5
vt 0.625 0.25
vt 0.375 0.5
vt 0.375 0.75
vt 0.625 0.75
vt 0.625 0.5
vt 0.375 0.75
vt 0.375 1
vt 0.625 1
vt 0.625 0.75
vt 0.125 0.5
vt 0.125 0.75
vt 0.375 0.75
vt 0.375 0.5
vt 0.625 0.5
vt 0.625 0.75
vt 0.875 0.75
vt 0.875 0.5
vt 0.375 0
vt 0.375 0.25
vt 0.625 0.25
vt 0.625 0
vt 0.375 0.25
vt 0.375 0.5
vt 0.625 0.5
vt 0.625 0.25
vt 0.375 0.5
vt 0.375 0.75
vt 0.625 0.75
vt 0.625 0.5
vt 0.375 0.75
vt 0.375 1
vt 0.625 1
vt 0.625 0.75
vt 0.125 0.5
vt 0.125 0.75
vt 0.375 0.75
vt 0.375 0.5
vt 0.625 0.5
vt 0.625 0.75
vt 0.875 0.75
vt 0.875 0.5
vt 0.375 0
vt 0.375 0.25
vt 0.625 0.25
vt 0.625 0
vt 0.375 0.25
vt 0.375 0.5
vt 0.625 0.5
vt 0.625 0.25
vt 0.375 0.5
vt 0.375 0.75
vt 0.625 0.75
vt 0.625 0.5
vt 0.375 0.75
vt 0.375 1
vt 0.625 1
vt 0.625 0.75
vt 0.125 0.5
vt 0.125 0.75
vt 0.375 0.75
vt 0.375 0.5
vt 0.625 0.5
vt 0.625 0.75
vt 0.875 0.75
vt 0.875 0.5
vt 0.375 0
vt 0.375 0.25
vt 0.625 0.25
vt 0.625 0
vt 0.375 0.25
vt 0.375 0.5
vt 0.625 0.5
vt 0.625 0.25
vt 0.375 0.5
vt 0.375 0.75
vt 0.625 0.75
vt 0.625 0.5
vt 0.375 0.75
vt 0.375 1
vt 0.625 1
vt 0.625 0.75
vt 0.125 0.5
vt 0.125 0.75
vt 0.375 0.75
vt 0.375 0.5
vt 0.625 0.5
vt 0.625 0.75
vt 0.875 0.75
vt 0.875 0.5
vt 0.375 0
vt 0.375 0.25
vt 0.625 0.25
vt 0.625 0
vt 0.375 0.25
vt 0.375 0.5
vt 0.625 0.5
vt 0.625 0.25
vt 0.375 0.5
vt 0.375 0.75
vt 0.625 0.75
vt 0.625 0.5
vt 0.375 0.75
vt 0.375 1
vt 0.625 1
vt 0.625 0.75
vt 0.125 0.5
vt 0.125 0.75
vt 0.375 0.75
vt 0.375 0.5
vt 0.625 0.5
vt 0.625 0.75
vt 0.875 0.75
vt 0.875 0.5
vt 0.375 0.15862523
vt 0.375 0.25
vt 0.625 0.25
vt 0.625 0.15862525
vt 0.375 0.124999985
vt 0.625 0.125
vt 0.375 0.091374755
vt 0.625 0.091374755
vt 0.375 0
vt 0.625 0
vt 0.375 0.25
vt 0.375 0.5
vt 0.625 0.5
vt 0.625 0.25
vt 0.375 0.65862525
vt 0.375 0.75
vt 0.625 0.75
vt 0.625 0.7167728
vt 0.375 0.625
vt 0.625 0.625
vt 0.375 0.59137475
vt 0.625 0.59137475
vt 0.375 0.5
vt 0.625 0.5
vt 0.375 0.75
vt 0.375 1
vt 0.625 1
vt 0.625 0.75
vt 0.125 0.65862525
vt 0.125 0.75
vt 0.375 0.75
vt 0.375 0.65862525
vt 0.125 0.625
vt 0.375 0.625
vt 0.125 0.59137475
vt 0.375 0.59137475
vt 0.125 0.5
vt 0.375 0.5
vt 0.625 0.7167728
vt 0.625 0.75
vt 0.875 0.75
vt 0.875 0.65862525
vt 0.625 0.625
vt 0.875 0.625
vt 0.625 0.59137475
vt 0.875 0.59137475
vt 0.625 0.5
vt 0.875 0.5
vt 0.375 0
vt 0.375 0.25
vt 0.625 0.25
vt 0.625 0
vt 0.375 0.25
vt 0.375 0.5
vt 0.625 0.5
vt 0.625 0.25
vt 0.375 0.5
vt 0.375 0.75
vt 0.625 0.75
vt 0.625 0.5
vt 0.375 0.75
vt 0.375 1
vt 0.625 1
vt 0.625 0.75
vt 0.125 0.5
vt 0.125 0.75
vt 0.375 0.75
vt 0.375 0.5
vt 0.625 0.5
vt 0.625 0.75
vt 0.875 0.75
vt 0.875 0.5
vt 0.375 0.1395885
vt 0.375 0.25
vt 0.625 0.25
vt 0.625 0.1395885
vt 0.375 0.11041149
vt 0.625 0.110411495
vt 0.375 0
vt 0.625 0
vt 0.375 0.25
vt 0.375 0.5
vt 0.625 0.5
vt 0.625 0.25
vt 0.375 0.6395885
vt 0.375 0.75
vt 0.625 0.75
vt 0.625 0.6395885
vt 0.375 0.61041147
vt 0.625 0.6104115
vt 0.375 0.5
vt 0.625 0.5
vt 0.375 0.75
vt 0.375 1
vt 0.625 1
vt 0.625 0.75
vt 0.125 0.6395885
vt 0.125 0.75
vt 0.375 0.75
vt 0.375 0.6395885
vt 0.125 0.61041147
vt 0.375 0.61041147
vt 0.125 0.5
vt 0.375 0.5
vt 0.625 0.6395885
vt 0.625 0.75
vt 0.875 0.75
vt 0.875 0.6395885
vt 0.625 0.6104115
vt 0.875 0.61041147
vt 0.625 0.5
vt 0.875 0.5
vt 0.375 0.08793106
vt 0.375 0.25
vt 0.625 0.25
vt 0.625 0.08793106
vt 0.375 0
vt 0.625 0
vt 0.375 0.25
vt 0.375 0.5
vt 0.625 0.5
vt 0.625 0.25
vt 0.375 0.66206896
vt 0.375 0.75
vt 0.625 0.75
vt 0.5595521 0.66206896
vt 0.375 0.5
vt 0.625 0.5
vt 0.375 0.75
vt 0.375 1
vt 0.625 1
vt 0.625 0.75
vt 0.125 0.66206896
vt 0.125 0.75
vt 0.375 0.75
vt 0.375 0.66206896
vt 0.125 0.5
vt 0.375 0.5
vt 0.5595521 0.66206896
vt 0.625 0.75
vt 0.875 0.75
vt 0.875 0.66206896
vt 0.625 0.5
vt 0.875 0.5
vt 0.375 0
vt 0.375 0.25
vt 0.625 0.25
vt 0.625 0
vt 0.375 0.25
vt 0.375 0.5
vt 0.625 0.5
vt 0.625 0.25
vt 0.375 0.5
vt 0.375 0.75
vt 0.625 0.75
vt 0.625 0.5
vt 0.375 0.75
vt 0.375 1
vt 0.625 1
vt 0.625 0.75
vt 0.125 0.5
vt 0.125 0.75
vt 0.375 0.75
vt 0.375 0.5
vt 0.625 0.5
vt 0.625 0.75
vt 0.875 0.75
vt 0.875 0.5
vt 0.375 0
vt 0.375 0.25
vt 0.625 0.25
vt 0.625 0
vt 0.375 0.25
vt 0.375 0.5
vt 0.625 0.5
vt 0.625 0.25
vt 0.375 0.5
vt 0.375 0.75
vt 0.625 0.75
vt 0.625 0.5
vt 0.375 0.75
vt 0.375 1
vt 0.625 1
vt 0.625 0.75
vt 0.125 0.5
vt 0.125 0.75
vt 0.375 0.75
vt 0.375 0.5
vt 0.625 0.5
vt 0.625 0.75
vt 0.875 0.75
vt 0.875 0.5
vt 0.375 0.20254396
vt 0.375 0.25
vt 0.625 0.25
vt 0.625 0.20254394
vt 0.375 0
vt 0.625 0
vt 0.375 0.25
vt 0.375 0.5
vt 0.625 0.5
vt 0.625 0.25
vt 0.375 0.547456
vt 0.375 0.75
vt 0.625 0.75
vt 0.625 0.547456
vt 0.375 0.5
vt 0.625 0.5
vt 0.375 0.75
vt 0.375 1
vt 0.625 1
vt 0.625 0.75
vt 0.125 0.547456
vt 0.125 0.75
vt 0.375 0.75
vt 0.375 0.547456
vt 0.125 0.5
vt 0.375 0.5
vt 0.625 0.547456
vt 0.625 0.75
vt 0.875 0.75
vt 0.875 0.547456
vt 0.625 0.5
vt 0.875 0.5
vt 0.375 0
vt 0.375 0.25
vt 0.625 0.25
vt 0.625 0
vt 0.375 0.25
vt 0.375 0.5
vt 0.625 0.5
vt 0.625 0.25
vt 0.375 0.5
vt 0.375 0.75
vt 0.625 0.75
vt 0.625 0.5
vt 0.375 0.75
vt 0.375 1
vt 0.625 1
vt 0.625 0.75
vt 0.125 0.5
vt 0.125 0.75
vt 0.375 0.75
vt 0.375 0.5
vt 0.625 0.5
vt 0.625 0.75
vt 0.875 0.75
vt 0.875 0.5
vt 0.375 0
vt 0.375 0.25
vt 0.625 0.25
vt 0.625 0
vt 0.375 0.25
vt 0.375 0.5
vt 0.625 0.5
vt 0.625 0.25
vt 0.375 0.5
vt 0.375 0.75
vt 0.625 0.75
vt 0.625 0.5
vt 0.375 0.75
vt 0.375 1
vt 0.625 1
vt 0.625 0.75
vt 0.125 0.5
vt 0.125 0.75
vt 0.375 0.75
vt 0.375 0.5
vt 0.625 0.5
vt 0.625 0.75
vt 0.875 0.75
vt 0.875 0.5
vt 0.375 0
vt 0.375 0.25
vt 0.625 0.25
vt 0.625 0
vt 0.375 0.25
vt 0.375 0.5
vt 0.625 0.5
vt 0.625 0.25
vt 0.375 0.5
vt 0.375 0.75
vt 0.625 0.75
vt 0.625 0.5
vt 0.375 0.75
vt 0.375 1
vt 0.625 1
vt 0.625 0.75
vt 0.125 0.5
vt 0.125 0.75
vt 0.375 0.75
vt 0.375 0.5
vt 0.625 0.5
vt 0.625 0.75
vt 0.875 0.75
vt 0.875 0.5
vt 0.375 0
vt 0.375 0.25
vt 0.625 0.25
vt 0.625 0
vt 0.375 0.25
vt 0.375 0.5
vt 0.625 0.5
vt 0.625 0.25
vt 0.375 0.5
vt 0.375 0.75
vt 0.625 0.75
vt 0.625 0.5
vt 0.375 0.75
vt 0.375 1
vt 0.625 1
vt 0.625 0.75
vt 0.125 0.5
vt 0.125 0.75
vt 0.375 0.75
vt 0.375 0.5
vt 0.625 0.5
vt 0.625 0.75
vt 0.875 0.75
vt 0.875 0.5
vt 0.375 0
vt 0.375 0.25
vt 0.625 0.25
vt 0.625 0
vt 0.375 0.25
vt 0.375 0.5
vt 0.625 0.5
vt 0.625 0.25
vt 0.375 0.5
vt 0.375 0.75
vt 0.625 0.75
vt 0.625 0.5
vt 0.375 0.75
vt 0.375 1
vt 0.625 1
vt 0.625 0.75
vt 0.125 0.5
vt 0.125 0.75
vt 0.375 0.75
vt 0.375 0.5
vt 0.625 0.5
vt 0.625 0.75
vt 0.875 0.75
vt 0.875 0.5
vt 0.375 0.15862523
vt 0.375 0.25
vt 0.625 0.25
vt 0.625 0.15862525
vt 0.375 0.124999985
vt 0.625 0.125
vt 0.375 0.091374755
vt 0.625 0.091374755
vt 0.375 0
vt 0.625 0
vt 0.375 0.25
vt 0.375 0.5
vt 0.625 0.5
vt 0.625 0.25
vt 0.375 0.65862525
vt 0.375 0.75
vt 0.625 0.75
vt 0.625 0.7167728
vt 0.375 0.625
vt 0.625 0.625
vt 0.375 0.59137475
vt 0.625 0.59137475
vt 0.375 0.5
vt 0.625 0.5
vt 0.375 0.75
vt 0.375 1
vt 0.625 1
vt 0.625 0.75
vt 0.125 0.65862525
vt 0.125 0.75
vt 0.375 0.75
vt 0.375 0.65862525
vt 0.125 0.625
vt 0.375 0.625
vt 0.125 0.59137475
vt 0.375 0.59137475
vt 0.125 0.5
vt 0.375 0.5
vt 0.625 0.7167728
vt 0.625 0.75
vt 0.875 0.75
vt 0.875 0.65862525
vt 0.625 0.625
vt 0.875 0.625
vt 0.625 0.59137475
vt 0.875 0.59137475
vt 0.625 0.5
vt 0.875 0.5
vt 0.375 0
vt 0.375 0.25
vt 0.625 0.25
vt 0.625 0
vt 0.375 0.25
vt 0.375 0.5
vt 0.625 0.5
vt 0.625 0.25
vt 0.375 0.5
vt 0.375 0.75
vt 0.625 0.75
vt 0.625 0.5
vt 0.375 0.75
vt 0.375 1
vt 0.625 1
vt 0.625 0.75
vt 0.125 0.5
vt 0.125 0.75
vt 0.375 0.75
vt 0.375 0.5
vt 0.625 0.5
vt 0.625 0.75
vt 0.875 0.75
vt 0.875 0.5
vt 0.375 0.1395885
vt 0.375 0.25
vt 0.625 0.25
vt 0.625 0.1395885
vt 0.375 0.11041149
vt 0.625 0.110411495
vt 0.375 0
vt 0.625 0
vt 0.375 0.25
vt 0.375 0.5
vt 0.625 0.5
vt 0.625 0.25
vt 0.375 0.6395885
vt 0.375 0.75
vt 0.625 0.75
vt 0.625 0.6395885
vt 0.375 0.61041147
vt 0.625 0.6104115
vt 0.375 0.5
vt 0.625 0.5
vt 0.375 0.75
vt 0.375 1
vt 0.625 1
vt 0.625 0.75
vt 0.125 0.6395885
vt 0.125 0.75
vt 0.375 0.75
vt 0.375 0.6395885
vt 0.125 0.61041147
vt 0.375 0.61041147
vt 0.125 0.5
vt 0.375 0.5
vt 0.625 0.6395885
vt 0.625 0.75
vt 0.875 0.75
vt 0.875 0.6395885
vt 0.625 0.6104115
vt 0.875 0.61041147
vt 0.625 0.5
vt 0.875 0.5
vt 0.375 0.08793106
vt 0.375 0.25
vt 0.625 0.25
vt 0.625 0.08793106
vt 0.375 0
vt 0.625 0
vt 0.375 0.25
vt 0.375 0.5
vt 0.625 0.5
vt 0.625 0.25
vt 0.375 0.66206896
vt 0.375 0.75
vt 0.625 0.75
vt 0.5595521 0.66206896
vt 0.375 0.5
vt 0.625 0.5
vt 0.375 0.75
vt 0.375 1
vt 0.625 1
vt 0.625 0.75
vt 0.125 0.66206896
vt 0.125 0.75
vt 0.375 0.75
vt 0.375 0.66206896
vt 0.125 0.5
vt 0.375 0.5
vt 0.5595521 0.66206896
vt 0.625 0.75
vt 0.875 0.75
vt 0.875 0.66206896
vt 0.625 0.5
vt 0.875 0.5
vt 0.375 0
vt 0.375 0.25
vt 0.625 0.25
vt 0.625 0
vt 0.375 0.25
vt 0.375 0.5
vt 0.625 0.5
vt 0.625 0.25
vt 0.375 0.5
vt 0.375 0.75
vt 0.625 0.75
vt 0.625 0.5
vt 0.375 0.75
vt 0.375 1
vt 0.625 1
vt 0.625 0.75
vt 0.125 0.5
vt 0.125 0.75
vt 0.375 0.75
vt 0.375 0.5
vt 0.625 0.5
vt 0.625 0.75
vt 0.875 0.75
vt 0.875 0.5
vt 0.375 0
vt 0.375 0.25
vt 0.625 0.25
vt 0.625 0
vt 0.375 0.25
vt 0.375 0.5
vt 0.625 0.5
vt 0.625 0.25
vt 0.375 0.5
vt 0.375 0.75
vt 0.625 0.75
vt 0.625 0.5
vt 0.375 0.75
vt 0.375 1
vt 0.625 1
vt 0.625 0.75
vt 0.125 0.5
vt 0.125 0.75
vt 0.375 0.75
vt 0.375 0.5
vt 0.625 0.5
vt 0.625 0.75
vt 0.875 0.75
vt 0.875 0.5
vt 0.375 0.20254396
vt 0.375 0.25
vt 0.625 0.25
vt 0.625 0.20254394
vt 0.375 0
vt 0.625 0
vt 0.375 0.25
vt 0.375 0.5
vt 0.625 0.5
vt 0.625 0.25
vt 0.375 0.547456
vt 0.375 0.75
vt 0.625 0.75
vt 0.625 0.547456
vt 0.375 0.5
vt 0.625 0.5
vt 0.375 0.75
vt 0.375 1
vt 0.625 1
vt 0.625 0.75
vt 0.125 0.547456
vt 0.125 0.75
vt 0.375 0.75
vt 0.375 0.547456
vt 0.125 0.5
vt 0.375 0.5
vt 0.625 0.547456
vt 0.625 0.75
vt 0.875 0.75
vt 0.875 0.547456
vt 0.625 0.5
vt 0.875 0.5
vt 0.375 0
vt 0.375 0.25
vt 0.625 0.25
vt 0.625 0
vt 0.375 0.25
vt 0.375 0.5
vt 0.625 0.5
vt 0.625 0.25
vt 0.375 0.5
vt 0.375 0.75
vt 0.625 0.75
vt 0.625 0.5
vt 0.375 0.75
vt 0.375 1
vt 0.625 1
vt 0.625 0.75
vt 0.125 0.5
vt 0.125 0.75
vt 0.375 0.75
vt 0.375 0.5
vt 0.625 0.5
vt 0.625 0.75
vt 0.875 0.75
vt 0.875 0.5
vt 0.375 0
vt 0.375 0.25
vt 0.625 0.25
vt 0.625 0
vt 0.375 0.25
vt 0.375 0.5
vt 0.625 0.5
vt 0.625 0.25
vt 0.375 0.5
vt 0.375 0.75
vt 0.625 0.75
vt 0.625 0.5
vt 0.375 0.75
vt 0.375 1
vt 0.625 1
vt 0.625 0.75
vt 0.125 0.5
vt 0.125 0.75
vt 0.375 0.75
vt 0.375 0.5
vt 0.625 0.5
vt 0.625 0.75
vt 0.875 0.75
vt 0.875 0.5
vt 0.375 0
vt 0.375 0.25
vt 0.625 0.25
vt 0.625 0
vt 0.375 0.25
vt 0.375 0.5
vt 0.625 0.5
vt 0.625 0.25
vt 0.375 0.5
vt 0.375 0.75
vt 0.625 0.75
vt 0.625 0.5
vt 0.375 0.75
vt 0.375 1
vt 0.625 1
vt 0.625 0.75
vt 0.125 0.5
vt 0.125 0.75
vt 0.375 0.75
vt 0.375 0.5
vt 0.625 0.5
vt 0.625 0.75
vt 0.875 0.75
vt 0.875 0.5
vt 0.375 0
vt 0.375 0.25
vt 0.625 0.25
vt 0.625 0
vt 0.375 0.25
vt 0.375 0.5
vt 0.625 0.5
vt 0.625 0.25
vt 0.375 0.5
vt 0.375 0.75
vt 0.625 0.75
vt 0.625 0.5
vt 0.375 0.75
vt 0.375 1
vt 0.625 1
vt 0.625 0.75
vt 0.125 0.5
vt 0.125 0.75
vt 0.375 0.75
vt 0.375 0.5
vt 0.625 0.5
vt 0.625 0.75
vt 0.875 0.75
vt 0.875 0.5
vt 0.76474726 0.6944444
vt 0.7916666 0.6944444
vt 0.7916666 0.7083333
vt 0.76474726 0.7083333
vt 0.7647473 0.6805555
vt 0.7916666 0.6944444
vt 0.7916666 0.68055546
vt 0.76474726 0.6666666
vt 0.7647473 0.6805555
vt 0.7916666 0.6666666
vt 0.7916666 0.6604377
vt 0.76474726 0.6604377
vt 0.79166657 0.6589546
vt 0.76474726 0.6589546
vt 0.7916666 0.62468076
vt 0.76474726 0.62468076
vt 0.72459054 0.7083333
vt 0.76474726 0.75
vt 0.72459054 0.75
vt 0.7916666 0.75
vt 0.7916666 0.7083333
vt 0.79574317 0.75
vt 0.7916666 0.75
vt 0.7957431 0.7083333
vt 0.875 0.75
vt 0.875 0.7083333
vt 0.875 0.75
vt 0.7957431 0.75
vt 0.875 0.75
vt 0.79574317 0.75
vt 0.7916666 0.75
vt 0.7916666 0.75
vt 0.79574317 0.75
vt 0.76474726 0.75
vt 0.76474726 0.75
vt 0.72459054 0.75
vt 0.72459054 0.74999994
vt 0.72383845 0.70833325
vt 0.72459054 0.7083333
vt 0.72383845 0.75
vt 0.72383845 0.75
vt 0.72459054 0.75
vt 0.72383845 0.75
vt 0.7104007 0.7083334
vt 0.72383845 0.70833325
vt 0.7104007 0.75000006
vt 0.7104007 0.75000006
vt 0.72383845 0.75
vt 0.7104007 0.75
vt 0.6527778 0.6944444
vt 0.70833325 0.6666666
vt 0.7083332 0.6805554
vt 0.625 0.6666666
vt 0.68055546 0.7222221
vt 0.7083332 0.6805554
vt 0.7083333 0.6944444
vt 0.625 0.6604377
vt 0.70833325 0.6666666
vt 0.70833325 0.6604377
vt 0.7083333 0.75
vt 0.68055546 0.7222221
vt 0.7083333 0.7083333
vt 0.625 0.6589547
vt 0.70833325 0.6589546
vt 0.625 0.6604377
vt 0.625 0.62468076
vt 0.70833325 0.6589546
vt 0.70833325 0.62468076
vt 0.6805554 0.72222203
vt 0.7083333 0.75
vt 0.6805555 0.7222222
vt 0.7083333 0.75
vt 0.68055546 0.7222221
vt 0.7083333 0.75
vt 0.7104007 0.75000006
vt 0.7104007 0.75
vt 0.72383857 0.7500001
vt 0.72383845 0.75
vt 0.7957431 0.6604377
vt 0.875 0.6666666
vt 0.7957431 0.6666666
vt 0.8749999 0.6604377
vt 0.7957431 0.6589546
vt 0.8749999 0.6589546
vt 0.7957431 0.6246808
vt 0.8749999 0.62468076
vt 0.7647473 0.6805555
vt 0.7245904 0.6666666
vt 0.76474726 0.6666666
vt 0.7245904 0.68055546
vt 0.76474726 0.6944444
vt 0.72459054 0.6944444
vt 0.7957431 0.7083333
vt 0.7957431 0.6666666
vt 0.875 0.6666666
vt 0.875 0.7083333
vt 0.7647473 0.75000006
vt 0.7916666 0.75
vt 0.76474726 0.75
vt 0.7916666 0.75
vt 0.76474726 0.75
vt 0.7916666 0.75
vt 0.7647473 0.75000006
vt 0.72383845 0.75
vt 0.72459054 0.75
vt 0.72459054 0.74999994
vt 0.72383857 0.7500001
vt 0.72459054 0.75
vt 0.7647473 0.75000006
vt 0.76474726 0.75
vt 0.72459054 0.75
vt 0.7238384 0.68055546
vt 0.72459054 0.6944444
vt 0.72383845 0.6944444
vt 0.7245904 0.68055546
vt 0.7238384 0.6666666
vt 0.7245904 0.6666666
vt 0.7238384 0.6666666
vt 0.7245904 0.6604377
vt 0.7238383 0.6604377
vt 0.625 0.6666666
vt 0.65277785 0.6944445
vt 0.65277773 0.6944444
vt 0.625 0.6666666
vt 0.625 0.66043764
vt 0.625 0.6666666
vt 0.625 0.6604377
vt 0.625 0.6666666
vt 0.625 0.6604377
vt 0.6527778 0.6944444
vt 0.6527778 0.6944444
vt 0.68055546 0.72222215
vt 0.6805555 0.7222222
vt 0.70833325 0.74999994
vt 0.7083333 0.75
vt 0.625 0.62468064
vt 0.62499994 0.65895456
vt 0.62499994 0.62468064
vt 0.62499994 0.6589545
vt 0.625 0.62468076
vt 0.625 0.6589546
vt 0.79574305 0.74999994
vt 0.875 0.75
vt 0.79574317 0.75000006
vt 0.875 0.75
vt 0.875 0.75
vt 0.87500006 0.75
vt 0.875 0.75000006
vt 0.875 0.75
vt 0.875 0.7083334
vt 0.875 0.7083333
vt 0.72459054 0.74999994
vt 0.76474726 0.75
vt 0.7647473 0.75000006
vt 0.72459054 0.75
vt 0.875 0.7083333
vt 0.87499994 0.6666666
vt 0.875 0.7083334
vt 0.875 0.6666666
vt 0.8749999 0.6604377
vt 0.8749999 0.6604376
vt 0.87499994 0.6666666
vt 0.65277773 0.6944444
vt 0.65277785 0.6944445
vt 0.6805554 0.72222203
vt 0.6805555 0.7222222
vt 0.68055546 0.7222221
vt 0.6805554 0.72222203
vt 0.6805554 0.72222203
vt 0.68055546 0.7222221
vt 0.7104006 0.6589546
vt 0.7104006 0.62468076
vt 0.7238384 0.62468076
vt 0.7238383 0.6589546
vt 0.7104006 0.6604377
vt 0.7238383 0.6604377
vt 0.7245904 0.62468076
vt 0.7245904 0.6589546
vt 0.7238383 0.6604377
vt 0.762426 0.62468076
vt 0.7245904 0.6604377
vt 0.762426 0.6589546
vt 0.762426 0.6604377
vt 0.71040064 0.6666666
vt 0.7238383 0.6604377
vt 0.7238384 0.6666666
vt 0.71040064 0.6666666
vt 0.7238384 0.68055546
vt 0.71040046 0.68055534
vt 0.7238384 0.68055546
vt 0.72383845 0.6944444
vt 0.7104006 0.6944444
vt 0.7104007 0.75
vt 0.7238385 0.75
vt 0.7238385 0.75
vt 0.7104006 0.75
vt 0.7083333 0.75
vt 0.7104006 0.75
vt 0.70833325 0.74999994
vt 0.7083333 0.7083333
vt 0.7104007 0.7083334
vt 0.7104007 0.75000006
vt 0.7083333 0.75
vt 0.79574305 0.74999994
vt 0.79574317 0.75000006
vt 0.79574317 0.75000006
vt 0.79574305 0.74999994
vt 0.7083333 0.75
vt 0.7104007 0.75000006
vt 0.7104007 0.75
vt 0.7083333 0.75
vt 0.375 0
vt 0.625 0
vt 0.625 0.25
vt 0.375 0.25
vt 0.375 0.25
vt 0.625 0.25
vt 0.625 0.5
vt 0.375 0.5
vt 0.375 0.5
vt 0.625 0.5
vt 0.625 0.75
vt 0.375 0.75
vt 0.375 0.75
vt 0.625 0.75
vt 0.625 1
vt 0.375 1
vt 0.125 0.5
vt 0.375 0.5
vt 0.375 0.75
vt 0.125 0.75
vt 0.625 0.5
vt 0.875 0.5
vt 0.875 0.75
vt 0.625 0.75
vt 0.375 0.15862523
vt 0.625 0.25
vt 0.375 0.25
vt 0.625 0.15862525
vt 0.375 0.124999985
vt 0.625 0.125
vt 0.375 0.091374755
vt 0.625 0.091374755
vt 0.375 0
vt 0.625 0
vt 0.375 0.25
vt 0.625 0.25
vt 0.625 0.5
vt 0.375 0.5
vt 0.375 0.65862525
vt 0.625 0.75
vt 0.375 0.75
vt 0.625 0.7167728
vt 0.375 0.625
vt 0.625 0.625
vt 0.375 0.59137475
vt 0.625 0.59137475
vt 0.375 0.5
vt 0.625 0.5
vt 0.375 0.75
vt 0.625 0.75
vt 0.625 1
vt 0.375 1
vt 0.125 0.65862525
vt 0.375 0.75
vt 0.125 0.75
vt 0.375 0.65862525
vt 0.125 0.625
vt 0.375 0.625
vt 0.125 0.59137475
vt 0.375 0.59137475
vt 0.125 0.5
vt 0.375 0.5
vt 0.625 0.7167728
vt 0.875 0.75
vt 0.625 0.75
vt 0.875 0.65862525
vt 0.625 0.625
vt 0.875 0.625
vt 0.625 0.59137475
vt 0.875 0.59137475
vt 0.625 0.5
vt 0.875 0.5
vt 0.375 0
vt 0.625 0
vt 0.625 0.25
vt 0.375 0.25
vt 0.375 0.25
vt 0.625 0.25
vt 0.625 0.5
vt 0.375 0.5
vt 0.375 0.5
vt 0.625 0.5
vt 0.625 0.75
vt 0.375 0.75
vt 0.375 0.75
vt 0.625 0.75
vt 0.625 1
vt 0.375 1
vt 0.125 0.5
vt 0.375 0.5
vt 0.375 0.75
vt 0.125 0.75
vt 0.625 0.5
vt 0.875 0.5
vt 0.875 0.75
vt 0.625 0.75
vt 0.375 0.1395885
vt 0.625 0.25
vt 0.375 0.25
vt 0.625 0.1395885
vt 0.375 0.11041149
vt 0.625 0.110411495
vt 0.375 0
vt 0.625 0
vt 0.375 0.25
vt 0.625 0.25
vt 0.625 0.5
vt 0.375 0.5
vt 0.375 0.6395885
vt 0.625 0.75
vt 0.375 0.75
vt 0.625 0.6395885
vt 0.375 0.61041147
vt 0.625 0.6104115
vt 0.375 0.5
vt 0.625 0.5
vt 0.375 0.75
vt 0.625 0.75
vt 0.625 1
vt 0.375 1
vt 0.125 0.6395885
vt 0.375 0.75
vt 0.125 0.75
vt 0.375 0.6395885
vt 0.125 0.61041147
vt 0.375 0.61041147
vt 0.125 0.5
vt 0.375 0.5
vt 0.625 0.6395885
vt 0.875 0.75
vt 0.625 0.75
vt 0.875 0.6395885
vt 0.625 0.6104115
vt 0.875 0.61041147
vt 0.625 0.5
vt 0.875 0.5
vt 0.375 0.08793106
vt 0.625 0.25
vt 0.375 0.25
vt 0.625 0.08793106
vt 0.375 0
vt 0.625 0
vt 0.375 0.25
vt 0.625 0.25
vt 0.625 0.5
vt 0.375 0.5
vt 0.375 0.66206896
vt 0.625 0.75
vt 0.375 0.75
vt 0.5595521 0.66206896
vt 0.375 0.5
vt 0.625 0.5
vt 0.375 0.75
vt 0.625 0.75
vt 0.625 1
vt 0.375 1
vt 0.125 0.66206896
vt 0.375 0.75
vt 0.125 0.75
vt 0.375 0.66206896
vt 0.125 0.5
vt 0.375 0.5
vt 0.5595521 0.66206896
vt 0.875 0.75
vt 0.625 0.75
vt 0.875 0.66206896
vt 0.625 0.5
vt 0.875 0.5
vt 0.375 0
vt 0.625 0
vt 0.625 0.25
vt 0.375 0.25
vt 0.375 0.25
vt 0.625 0.25
vt 0.625 0.5
vt 0.375 0.5
vt 0.375 0.5
vt 0.625 0.5
vt 0.625 0.75
vt 0.375 0.75
vt 0.375 0.75
vt 0.625 0.75
vt 0.625 1
vt 0.375 1
vt 0.125 0.5
vt 0.375 0.5
vt 0.375 0.75
vt 0.125 0.75
vt 0.625 0.5
vt 0.875 0.5
vt 0.875 0.75
vt 0.625 0.75
vt 0.375 0
vt 0.625 0
vt 0.625 0.25
vt 0.375 0.25
vt 0.375 0.25
vt 0.625 0.25
vt 0.625 0.5
vt 0.375 0.5
vt 0.375 0.5
vt 0.625 0.5
vt 0.625 0.75
vt 0.375 0.75
vt 0.375 0.75
vt 0.625 0.75
vt 0.625 1
vt 0.375 1
vt 0.125 0.5
vt 0.375 0.5
vt 0.375 0.75
vt 0.125 0.75
vt 0.625 0.5
vt 0.875 0.5
vt 0.875 0.75
vt 0.625 0.75
vt 0.375 0.20254396
vt 0.625 0.25
vt 0.375 0.25
vt 0.625 0.20254394
vt 0.375 0
vt 0.625 0
vt 0.375 0.25
vt 0.625 0.25
vt 0.625 0.5
vt 0.375 0.5
vt 0.375 0.547456
vt 0.625 0.75
vt 0.375 0.75
vt 0.625 0.547456
vt 0.375 0.5
vt 0.625 0.5
vt 0.375 0.75
vt 0.625 0.75
vt 0.625 1
vt 0.375 1
vt 0.125 0.547456
vt 0.375 0.75
vt 0.125 0.75
vt 0.375 0.547456
vt 0.125 0.5
vt 0.375 0.5
vt 0.625 0.547456
vt 0.875 0.75
vt 0.625 0.75
vt 0.875 0.547456
vt 0.625 0.5
vt 0.875 0.5
vt 0.375 0
vt 0.625 0
vt 0.625 0.25
vt 0.375 0.25
vt 0.375 0.25
vt 0.625 0.25
vt 0.625 0.5
vt 0.375 0.5
vt 0.375 0.5
vt 0.625 0.5
vt 0.625 0.75
vt 0.375 0.75
vt 0.375 0.75
vt 0.625 0.75
vt 0.625 1
vt 0.375 1
vt 0.125 0.5
vt 0.375 0.5
vt 0.375 0.75
vt 0.125 0.75
vt 0.625 0.5
vt 0.875 0.5
vt 0.875 0.75
vt 0.625 0.75
vt 0.375 0
vt 0.625 0
vt 0.625 0.25
vt 0.375 0.25
vt 0.375 0.25
vt 0.625 0.25
vt 0.625 0.5
vt 0.375 0.5
vt 0.375 0.5
vt 0.625 0.5
vt 0.625 0.75
vt 0.375 0.75
vt 0.375 0.75
vt 0.625 0.75
vt 0.625 1
vt 0.375 1
vt 0.125 0.5
vt 0.375 0.5
vt 0.375 0.75
vt 0.125 0.75
vt 0.625 0.5
vt 0.875 0.5
vt 0.875 0.75
vt 0.625 0.75
vt 0.375 0
vt 0.625 0
vt 0.625 0.25
vt 0.375 0.25
vt 0.375 0.25
vt 0.625 0.25
vt 0.625 0.5
vt 0.375 0.5
vt 0.375 0.5
vt 0.625 0.5
vt 0.625 0.75
vt 0.375 0.75
vt 0.375 0.75
vt 0.625 0.75
vt 0.625 1
vt 0.375 1
vt 0.125 0.5
vt 0.375 0.5
vt 0.375 0.75
vt 0.125 0.75
vt 0.625 0.5
vt 0.875 0.5
vt 0.875 0.75
vt 0.625 0.75
vt 0.375 0
vt 0.625 0
vt 0.625 0.25
vt 0.375 0.25
vt 0.375 0.25
vt 0.625 0.25
vt 0.625 0.5
vt 0.375 0.5
vt 0.375 0.5
vt 0.625 0.5
vt 0.625 0.75
vt 0.375 0.75
vt 0.375 0.75
vt 0.625 0.75
vt 0.625 1
vt 0.375 1
vt 0.125 0.5
vt 0.375 0.5
vt 0.375 0.75
vt 0.125 0.75
vt 0.625 0.5
vt 0.875 0.5
vt 0.875 0.75
vt 0.625 0.75
vt 0.375 0
vt 0.625 0
vt 0.625 0.25
vt 0.375 0.25
vt 0.375 0.25
vt 0.625 0.25
vt 0.625 0.5
vt 0.375 0.5
vt 0.375 0.5
vt 0.625 0.5
vt 0.625 0.75
vt 0.375 0.75
vt 0.375 0.75
vt 0.625 0.75
vt 0.625 1
vt 0.375 1
vt 0.125 0.5
vt 0.375 0.5
vt 0.375 0.75
vt 0.125 0.75
vt 0.625 0.5
vt 0.875 0.5
vt 0.875 0.75
vt 0.625 0.75
vt 0.375 0.15862523
vt 0.625 0.25
vt 0.375 0.25
vt 0.625 0.15862525
vt 0.375 0.124999985
vt 0.625 0.125
vt 0.375 0.091374755
vt 0.625 0.091374755
vt 0.375 0
vt 0.625 0
vt 0.375 0.25
vt 0.625 0.25
vt 0.625 0.5
vt 0.375 0.5
vt 0.375 0.65862525
vt 0.625 0.75
vt 0.375 0.75
vt 0.625 0.7167728
vt 0.375 0.625
vt 0.625 0.625
vt 0.375 0.59137475
vt 0.625 0.59137475
vt 0.375 0.5
vt 0.625 0.5
vt 0.375 0.75
vt 0.625 0.75
vt 0.625 1
vt 0.375 1
vt 0.125 0.65862525
vt 0.375 0.75
vt 0.125 0.75
vt 0.375 0.65862525
vt 0.125 0.625
vt 0.375 0.625
vt 0.125 0.59137475
vt 0.375 0.59137475
vt 0.125 0.5
vt 0.375 0.5
vt 0.625 0.7167728
vt 0.875 0.75
vt 0.625 0.75
vt 0.875 0.65862525
vt 0.625 0.625
vt 0.875 0.625
vt 0.625 0.59137475
vt 0.875 0.59137475
vt 0.625 0.5
vt 0.875 0.5
vt 0.375 0
vt 0.625 0
vt 0.625 0.25
vt 0.375 0.25
vt 0.375 0.25
vt 0.625 0.25
vt 0.625 0.5
vt 0.375 0.5
vt 0.375 0.5
vt 0.625 0.5
vt 0.625 0.75
vt 0.375 0.75
vt 0.375 0.75
vt 0.625 0.75
vt 0.625 1
vt 0.375 1
vt 0.125 0.5
vt 0.375 0.5
vt 0.375 0.75
vt 0.125 0.75
vt 0.625 0.5
vt 0.875 0.5
vt 0.875 0.75
vt 0.625 0.75
vt 0.375 0.1395885
vt 0.625 0.25
vt 0.375 0.25
vt 0.625 0.1395885
vt 0.375 0.11041149
vt 0.625 0.110411495
vt 0.375 0
vt 0.625 0
vt 0.375 0.25
vt 0.625 0.25
vt 0.625 0.5
vt 0.375 0.5
vt 0.375 0.6395885
vt 0.625 0.75
vt 0.375 0.75
vt 0.625 0.6395885
vt 0.375 0.61041147
vt 0.625 0.6104115
vt 0.375 0.5
vt 0.625 0.5
vt 0.375 0.75
vt 0.625 0.75
vt 0.625 1
vt 0.375 1
vt 0.125 0.6395885
vt 0.375 0.75
vt 0.125 0.75
vt 0.375 0.6395885
vt 0.125 0.61041147
vt 0.375 0.61041147
vt 0.125 0.5
vt 0.375 0.5
vt 0.625 0.6395885
vt 0.875 0.75
vt 0.625 0.75
vt 0.875 0.6395885
vt 0.625 0.6104115
vt 0.875 0.61041147
vt 0.625 0.5
vt 0.875 0.5
vt 0.375 0.08793106
vt 0.625 0.25
vt 0.375 0.25
vt 0.625 0.08793106
vt 0.375 0
vt 0.625 0
vt 0.375 0.25
vt 0.625 0.25
vt 0.625 0.5
vt 0.375 0.5
vt 0.375 0.66206896
vt 0.625 0.75
vt 0.375 0.75
vt 0.5595521 0.66206896
vt 0.375 0.5
vt 0.625 0.5
vt 0.375 0.75
vt 0.625 0.75
vt 0.625 1
vt 0.375 1
vt 0.125 0.66206896
vt 0.375 0.75
vt 0.125 0.75
vt 0.375 0.66206896
vt 0.125 0.5
vt 0.375 0.5
vt 0.5595521 0.66206896
vt 0.875 0.75
vt 0.625 0.75
vt 0.875 0.66206896
vt 0.625 0.5
vt 0.875 0.5
vt 0.375 0
vt 0.625 0
vt 0.625 0.25
vt 0.375 0.25
vt 0.375 0.25
vt 0.625 0.25
vt 0.625 0.5
vt 0.375 0.5
vt 0.375 0.5
vt 0.625 0.5
vt 0.625 0.75
vt 0.375 0.75
vt 0.375 0.75
vt 0.625 0.75
vt 0.625 1
vt 0.375 1
vt 0.125 0.5
vt 0.375 0.5
vt 0.375 0.75
vt 0.125 0.75
vt 0.625 0.5
vt 0.875 0.5
vt 0.875 0.75
vt 0.625 0.75
vt 0.375 0
vt 0.625 0
vt 0.625 0.25
vt 0.375 0.25
vt 0.375 0.25
vt 0.625 0.25
vt 0.625 0.5
vt 0.375 0.5
vt 0.375 0.5
vt 0.625 0.5
vt 0.625 0.75
vt 0.375 0.75
vt 0.375 0.75
vt 0.625 0.75
vt 0.625 1
vt 0.375 1
vt 0.125 0.5
vt 0.375 0.5
vt 0.375 0.75
vt 0.125 0.75
vt 0.625 0.5
vt 0.875 0.5
vt 0.875 0.75
vt 0.625 0.75
vt 0.375 0.20254396
vt 0.625 0.25
vt 0.375 0.25
vt 0.625 0.20254394
vt 0.375 0
vt 0.625 0
vt 0.375 0.25
vt 0.625 0.25
vt 0.625 0.5
vt 0.375 0.5
vt 0.375 0.547456
vt 0.625 0.75
vt 0.375 0.75
vt 0.625 0.547456
vt 0.375 0.5
vt 0.625 0.5
vt 0.375 0.75
vt 0.625 0.75
vt 0.625 1
vt 0.375 1
vt 0.125 0.547456
vt 0.375 0.75
vt 0.125 0.75
vt 0.375 0.547456
vt 0.125 0.5
vt 0.375 0.5
vt 0.625 0.547456
vt 0.875 0.75
vt 0.625 0.75
vt 0.875 0.547456
vt 0.625 0.5
vt 0.875 0.5
vt 0.375 0
vt 0.625 0
vt 0.625 0.25
vt 0.375 0.25
vt 0.375 0.25
vt 0.625 0.25
vt 0.625 0.5
vt 0.375 0.5
vt 0.375 0.5
vt 0.625 0.5
vt 0.625 0.75
vt 0.375 0.75
vt 0.375 0.75
vt 0.625 0.75
vt 0.625 1
vt 0.375 1
vt 0.125 0.5
vt 0.375 0.5
vt 0.375 0.75
vt 0.125 0.75
vt 0.625 0.5
vt 0.875 0.5
vt 0.875 0.75
vt 0.625 0.75
vt 0.375 0
vt 0.625 0
vt 0.625 0.25
vt 0.375 0.25
vt 0.375 0.25
vt 0.625 0.25
vt 0.625 0.5
vt 0.375 0.5
vt 0.375 0.5
vt 0.625 0.5
vt 0.625 0.75
vt 0.375 0.75
vt 0.375 0.75
vt 0.625 0.75
vt 0.625 1
vt 0.375 1
vt 0.125 0.5
vt 0.375 0.5
vt 0.375 0.75
vt 0.125 0.75
vt 0.625 0.5
vt 0.875 0.5
vt 0.875 0.75
vt 0.625 0.75
vt 0.375 0
vt 0.625 0
vt 0.625 0.25
vt 0.375 0.25
vt 0.375 0.25
vt 0.625 0.25
vt 0.625 0.5
vt 0.375 0.5
vt 0.375 0.5
vt 0.625 0.5
vt 0.625 0.75
vt 0.375 0.75
vt 0.375 0.75
vt 0.625 0.75
vt 0.625 1
vt 0.375 1
vt 0.125 0.5
vt 0.375 0.5
vt 0.375 0.75
vt 0.125 0.75
vt 0.625 0.5
vt 0.875 0.5
vt 0.875 0.75
vt 0.625 0.75
vt 0.375 0
vt 0.625 0
vt 0.625 0.25
vt 0.375 0.25
vt 0.375 0.25
vt 0.625 0.25
vt 0.625 0.5
vt 0.375 0.5
vt 0.375 0.5
vt 0.625 0.5
vt 0.625 0.75
vt 0.375 0.75
vt 0.375 0.75
vt 0.625 0.75
vt 0.625 1
vt 0.375 1
vt 0.125 0.5
vt 0.375 0.5
vt 0.375 0.75
vt 0.125 0.75
vt 0.625 0.5
vt 0.875 0.5
vt 0.875 0.75
vt 0.625 0.75
vt 0.375 0
vt 0.625 0
vt 0.625 0.25
vt 0.375 0.25
vt 0.375 0.25
vt 0.625 0.25
vt 0.625 0.5
vt 0.375 0.5
vt 0.375 0.5
vt 0.625 0.5
vt 0.625 0.75
vt 0.375 0.75
vt 0.375 0.75
vt 0.625 0.75
vt 0.625 1
vt 0.375 1
vt 0.125 0.5
vt 0.375 0.5
vt 0.375 0.75
vt 0.125 0.75
vt 0.625 0.5
vt 0.875 0.5
vt 0.875 0.75
vt 0.625 0.75
vt 0.375 0.15862523
vt 0.625 0.25
vt 0.375 0.25
vt 0.625 0.15862525
vt 0.375 0.124999985
vt 0.625 0.125
vt 0.375 0.091374755
vt 0.625 0.091374755
vt 0.375 0
vt 0.625 0
vt 0.375 0.25
vt 0.625 0.25
vt 0.625 0.5
vt 0.375 0.5
vt 0.375 0.65862525
vt 0.625 0.75
vt 0.375 0.75
vt 0.625 0.7167728
vt 0.375 0.625
vt 0.625 0.625
vt 0.375 0.59137475
vt 0.625 0.59137475
vt 0.375 0.5
vt 0.625 0.5
vt 0.375 0.75
vt 0.625 0.75
vt 0.625 1
vt 0.375 1
vt 0.125 0.65862525
vt 0.375 0.75
vt 0.125 0.75
vt 0.375 0.65862525
vt 0.125 0.625
vt 0.375 0.625
vt 0.125 0.59137475
vt 0.375 0.59137475
vt 0.125 0.5
vt 0.375 0.5
vt 0.625 0.7167728
vt 0.875 0.75
vt 0.625 0.75
vt 0.875 0.65862525
vt 0.625 0.625
vt 0.875 0.625
vt 0.625 0.59137475
vt 0.875 0.59137475
vt 0.625 0.5
vt 0.875 0.5
vt 0.375 0
vt 0.625 0
vt 0.625 0.25
vt 0.375 0.25
vt 0.375 0.25
vt 0.625 0.25
vt 0.625 0.5
vt 0.375 0.5
vt 0.375 0.5
vt 0.625 0.5
vt 0.625 0.75
vt 0.375 0.75
vt 0.375 0.75
vt 0.625 0.75
vt 0.625 1
vt 0.375 1
vt 0.125 0.5
vt 0.375 0.5
vt 0.375 0.75
vt 0.125 0.75
vt 0.625 0.5
vt 0.875 0.5
vt 0.875 0.75
vt 0.625 0.75
vt 0.375 0.1395885
vt 0.625 0.25
vt 0.375 0.25
vt 0.625 0.1395885
vt 0.375 0.11041149
vt 0.625 0.110411495
vt 0.375 0
vt 0.625 0
vt 0.375 0.25
vt 0.625 0.25
vt 0.625 0.5
vt 0.375 0.5
vt 0.375 0.6395885
vt 0.625 0.75
vt 0.375 0.75
vt 0.625 0.6395885
vt 0.375 0.61041147
vt 0.625 0.6104115
vt 0.375 0.5
vt 0.625 0.5
vt 0.375 0.75
vt 0.625 0.75
vt 0.625 1
vt 0.375 1
vt 0.125 0.6395885
vt 0.375 0.75
vt 0.125 0.75
vt 0.375 0.6395885
vt 0.125 0.61041147
vt 0.375 0.61041147
vt 0.125 0.5
vt 0.375 0.5
vt 0.625 0.6395885
vt 0.875 0.75
vt 0.625 0.75
vt 0.875 0.6395885
vt 0.625 0.6104115
vt 0.875 0.61041147
vt 0.625 0.5
vt 0.875 0.5
vt 0.375 0.08793106
vt 0.625 0.25
vt 0.375 0.25
vt 0.625 0.08793106
vt 0.375 0
vt 0.625 0
vt 0.375 0.25
vt 0.625 0.25
vt 0.625 0.5
vt 0.375 0.5
vt 0.375 0.66206896
vt 0.625 0.75
vt 0.375 0.75
vt 0.5595521 0.66206896
vt 0.375 0.5
vt 0.625 0.5
vt 0.375 0.75
vt 0.625 0.75
vt 0.625 1
vt 0.375 1
vt 0.125 0.66206896
vt 0.375 0.75
vt 0.125 0.75
vt 0.375 0.66206896
vt 0.125 0.5
vt 0.375 0.5
vt 0.5595521 0.66206896
vt 0.875 0.75
vt 0.625 0.75
vt 0.875 0.66206896
vt 0.625 0.5
vt 0.875 0.5
vt 0.375 0
vt 0.625 0
vt 0.625 0.25
vt 0.375 0.25
vt 0.375 0.25
vt 0.625 0.25
vt 0.625 0.5
vt 0.375 0.5
vt 0.375 0.5
vt 0.625 0.5
vt 0.625 0.75
vt 0.375 0.75
vt 0.375 0.75
vt 0.625 0.75
vt 0.625 1
vt 0.375 1
vt 0.125 0.5
vt 0.375 0.5
vt 0.375 0.75
vt 0.125 0.75
vt 0.625 0.5
vt 0.875 0.5
vt 0.875 0.75
vt 0.625 0.75
vt 0.375 0
vt 0.625 0
vt 0.625 0.25
vt 0.375 0.25
vt 0.375 0.25
vt 0.625 0.25
vt 0.625 0.5
vt 0.375 0.5
vt 0.375 0.5
vt 0.625 0.5
vt 0.625 0.75
vt 0.375 0.75
vt 0.375 0.75
vt 0.625 0.75
vt 0.625 1
vt 0.375 1
vt 0.125 0.5
vt 0.375 0.5
vt 0.375 0.75
vt 0.125 0.75
vt 0.625 0.5
vt 0.875 0.5
vt 0.875 0.75
vt 0.625 0.75
vt 0.375 0.20254396
vt 0.625 0.25
vt 0.375 0.25
vt 0.625 0.20254394
vt 0.375 0
vt 0.625 0
vt 0.375 0.25
vt 0.625 0.25
vt 0.625 0.5
vt 0.375 0.5
vt 0.375 0.547456
vt 0.625 0.75
vt 0.375 0.75
vt 0.625 0.547456
vt 0.375 0.5
vt 0.625 0.5
vt 0.375 0.75
vt 0.625 0.75
vt 0.625 1
vt 0.375 1
vt 0.125 0.547456
vt 0.375 0.75
vt 0.125 0.75
vt 0.375 0.547456
vt 0.125 0.5
vt 0.375 0.5
vt 0.625 0.547456
vt 0.875 0.75
vt 0.625 0.75
vt 0.875 0.547456
vt 0.625 0.5
vt 0.875 0.5
vt 0.375 0
vt 0.625 0
vt 0.625 0.25
vt 0.375 0.25
vt 0.375 0.25
vt 0.625 0.25
vt 0.625 0.5
vt 0.375 0.5
vt 0.375 0.5
vt 0.625 0.5
vt 0.625 0.75
vt 0.375 0.75
vt 0.375 0.75
vt 0.625 0.75
vt 0.625 1
vt 0.375 1
vt 0.125 0.5
vt 0.375 0.5
vt 0.375 0.75
vt 0.125 0.75
vt 0.625 0.5
vt 0.875 0.5
vt 0.875 0.75
vt 0.625 0.75
vt 0.375 0
vt 0.625 0
vt 0.625 0.25
vt 0.375 0.25
vt 0.375 0.25
vt 0.625 0.25
vt 0.625 0.5
vt 0.375 0.5
vt 0.375 0.5
vt 0.625 0.5
vt 0.625 0.75
vt 0.375 0.75
vt 0.375 0.75
vt 0.625 0.75
vt 0.625 1
vt 0.375 1
vt 0.125 0.5
vt 0.375 0.5
vt 0.375 0.75
vt 0.125 0.75
vt 0.625 0.5
vt 0.875 0.5
vt 0.875 0.75
vt 0.625 0.75
vt 0.375 0
vt 0.625 0
vt 0.625 0.25
vt 0.375 0.25
vt 0.375 0.25
vt 0.625 0.25
vt 0.625 0.5
vt 0.375 0.5
vt 0.375 0.5
vt 0.625 0.5
vt 0.625 0.75
vt 0.375 0.75
vt 0.375 0.75
vt 0.625 0.75
vt 0.625 1
vt 0.375 1
vt 0.125 0.5
vt 0.375 0.5
vt 0.375 0.75
vt 0.125 0.75
vt 0.625 0.5
vt 0.875 0.5
vt 0.875 0.75
vt 0.625 0.75
vt 0.375 0
vt 0.625 0
vt 0.625 0.25
vt 0.375 0.25
vt 0.375 0.25
vt 0.625 0.25
vt 0.625 0.5
vt 0.375 0.5
vt 0.375 0.5
vt 0.625 0.5
vt 0.625 0.75
vt 0.375 0.75
vt 0.375 0.75
vt 0.625 0.75
vt 0.625 1
vt 0.375 1
vt 0.125 0.5
vt 0.375 0.5
vt 0.375 0.75
vt 0.125 0.75
vt 0.625 0.5
vt 0.875 0.5
vt 0.875 0.75
vt 0.625 0.75
vt 0.7916666 0.75
vt 0.79574305 0.74999994
vt 0 0
vt 0.7916666 0.75
vt 0 0
vt 0.79574305 0.74999994
vt 0.76474726 0.6604377
vt 0.76474726 0.6666666
vt 0.76474726 0.6666666
vt 0.76474726 0.6604377
vt 0.76474726 0.6666666
vt 0.76474726 0.6589546
vt 0.76474726 0.6604377
vt 0.76474726 0.6589546
vt 0.76474726 0.6589546
vt 0.76474726 0.62468076
vt 0.76474726 0.62468076
vt 0.76474726 0.62468076
vt 0.76474726 0.6589546
vt 0.76474726 0.6589546
vt 0.76474726 0.6589546
vt 0.76474726 0.6604377
vt 0.76474726 0.6604377
vt 0.76474726 0.6666666
vt 0.76474726 0.6604377
vt 0.76474726 0.6666666
vt 0.76474726 0.6666666
vt 0.7916666 0.75
vt 0.7916666 0.75
vt 0.79166675 0.7500001
vt 0.79166675 0.7500001
vt 0.7916666 0.75
vt 0.7916666 0.75
vt 0.7916666 0.75
vt 0.7916666 0.75
vt 0.7916666 0.75
vt 0.72459054 0.7083333
vt 0.72459054 0.7083333
vt 0.76474726 0.7083333
vt 0.72459054 0.7083333
vt 0.76474726 0.7083333
vt 0.7245904 0.6666666
vt 0.76474726 0.6666666
vt 0.76474726 0.6666666
vt 0.762426 0.6666666
vt 0.7245904 0.6666666
vt 0.762426 0.6666666
vt 0.76474726 0.6666666
vt 0.7238385 0.7083334
vt 0.7238385 0.7083334
vt 0.71040064 0.7083333
vt 0.71040064 0.7083333
vt 0.7104007 0.7083334
vt 0.71040064 0.7083333
vt 0.7083333 0.7083333
vt 0.7083333 0.7083333
vt 0.71040064 0.7083333
vt 0.7083333 0.7083333
vt 0.71040064 0.7083333
vt 0.7083332 0.6805554
vt 0.70833325 0.68055546
vt 0.70833325 0.6666666
vt 0.70833325 0.6666666
vt 0.70833325 0.6604377
vt 0.70833325 0.6604377
vt 0.70833325 0.6666666
vt 0.70833325 0.6589546
vt 0.70833325 0.6589546
vt 0.70833325 0.62468076
vt 0.70833325 0.62468076
vt 0.70833325 0.6589546
vt 0.70833325 0.6589546
vt 0.70833325 0.6604377
vt 0.70833325 0.62468076
vt 0.70833325 0.6589546
vt 0.70833325 0.6604377
vt 0.70833325 0.6666666
vt 0.70833325 0.68055546
vt 0.70833325 0.68055546
vt 0.70833325 0.6944444
vt 0.70833325 0.6944444
vt 0.7083333 0.7083333
vt 0.7083333 0.7083333
vt 0.70833325 0.6589546
vt 0.70833325 0.6604377
vt 0.70833325 0.6604377
vt 0.70833325 0.6666666
vt 0.70833325 0.6666666
vt 0.70833325 0.6666666
vt 0.70833325 0.68055546
vt 0.70833325 0.68055546
vt 0.70833325 0.6944444
vt 0.70833325 0.6944444
vt 0.7083333 0.7083333
vt 0.7083333 0.7083333
vt 0.7083332 0.6805554
vt 0.70833325 0.6666666
vt 0.70833325 0.68055546
vt 0.7083333 0.7083333
vt 0.70833325 0.6944444
vt 0.7083333 0.6944444
vt 0.7083333 0.6944444
vt 0.70833325 0.68055546
vt 0.7083332 0.6805554
vt 0.79574317 0.75
vt 0.79574305 0.74999994
vt 0.875 0.75
vt 0.875 0.75
vt 0.72459054 0.75
vt 0.72459054 0.75
vt 0.72459054 0.75
vt 0.72459054 0.75
vt 0.72459054 0.75
vt 0.72459054 0.75
vt 0.72459054 0.74999994
vt 0.7245906 0.75
vt 0.72459054 0.75
vt 0.7245906 0.75
vt 0.72459054 0.75
vt 0.72459054 0.74999994
vt 0.62499994 0.65895456
vt 0.62499994 0.65895456
vt 0.625 0.6589546
vt 0.625 0.6589546
vt 0.7916666 0.75
vt 0.7916666 0.75
vt 0.76474726 0.75
vt 0.76474726 0.75
vt 0.72459054 0.75
vt 0.72459054 0.75
vt 0.79574305 0.74999994
vt 0.7916666 0.75
vt 0.79574317 0.75
vt 0.7916666 0.75
vt 0.7957431 0.75000006
vt 0.7957431 0.75000006
vt 0.7916666 0.75
vt 0.7957431 0.75
vt 0.875 0.75
vt 0.875 0.75
vt 0.625 0.6604377
vt 0.625 0.6604377
vt 0.625 0.6666666
vt 0.625 0.6666666
vt 0.7104007 0.75
vt 0.7104007 0.75
vt 0.7083333 0.75
vt 0.7083333 0.75
vt 0.7104007 0.75
vt 0.7083333 0.75
vt 0.7104007 0.74999994
vt 0.6527778 0.6944444
vt 0.625 0.6666666
vt 0.625 0.6666666
vt 0.6527778 0.6944444
vt 0.6805555 0.7222222
vt 0.6805555 0.7222222
vt 0.625 0.6666666
vt 0.6527778 0.6944444
vt 0.625 0.6666666
vt 0.6527778 0.6944444
vt 0.6805554 0.72222215
vt 0.6805554 0.72222215
vt 0.6805555 0.7222222
vt 0.6805554 0.72222215
vt 0.6527778 0.6944444
vt 0.72383845 0.75
vt 0.7238385 0.75
vt 0.72459054 0.75
vt 0.72459054 0.74999994
vt 0.875 0.7083334
vt 0.87499994 0.6666666
vt 0.87499994 0.6666666
vt 0.875 0.7083334
vt 0.875 0.75000006
vt 0.875 0.75000006
vt 0.875 0.75
vt 0.875 0.75000006
vt 0.87499994 0.75
vt 0.87499994 0.6666666
vt 0.8749998 0.6604376
vt 0.8749999 0.6604376
vt 0.8749998 0.6589545
vt 0.8749998 0.6589545
vt 0.8749998 0.6589545
vt 0.8749999 0.62468076
vt 0.8749999 0.62468076
vt 0.8749998 0.6589545
vt 0.8749998 0.6589545
vt 0.8749999 0.6604376
vt 0.8749998 0.6589545
vt 0.8749998 0.6604376
vt 0.87499994 0.6666666
vt 0.87499994 0.6666666
vt 0.875 0.7083334
vt 0.87499994 0.6666666
vt 0.875 0.7083334
vt 0.875 0.75000006
vt 0.875 0.75000006
vt 0.875 0.75
vt 0.875 0.75000006
vt 0.87499994 0.75
vt 0.7083333 0.75
vt 0.7083333 0.75
vt 0.6805554 0.72222215
vt 0.6805554 0.72222215
vt 0.875 0.6666666
vt 0.875 0.6666666
vt 0.875 0.7083333
vt 0.875 0.7083333
vt 0.875 0.75
vt 0.875 0.6666666
vt 0.875 0.75
vt 0.8750001 0.7500001
vt 0.875 0.7083333
vt 0.875 0.75
vt 0.875 0.75
vt 0.875 0.75
vt 0.875 0.75
vt 0.875 0.75
vt 0.875 0.75
vt 0.875 0.75
vt 0.875 0.75
vt 0.875 0.75
vt 0.875 0.7083333
vt 0.875 0.6666666
vt 0.875 0.6604377
vt 0.875 0.6604377
vt 0.875 0.6666666
vt 0.875 0.6589546
vt 0.87499994 0.6604377
vt 0.875 0.6589546
vt 0.875 0.62468076
vt 0.875 0.62468076
vt 0.875 0.6589546
vt 0.875 0.6589546
vt 0.8749999 0.65895456
vt 0.87499994 0.62468076
vt 0.8749999 0.66043764
vt 0.8749999 0.65895456
vt 0.875 0.6666666
vt 0.875 0.6604377
vt 0.875 0.6604377
vt 0.875 0.6666666
vt 0.875 0.6666666
vt 0.875 0.6666666
vt 0.87499994 0.6604377
vt 0.875 0.7083333
vt 0.875 0.7083333
vt 0.8749999 0.65895456
vt 0.875 0.62468076
vt 0.87499994 0.62468076
vt 0.8749999 0.66043764
vt 0.8749999 0.65895456
vt 0.875 0.6666666
vt 0.875 0.6666666
vt 0.875 0.7083333
vt 0.875 0.75
vt 0.875 0.75
vt 0.875 0.75
vt 0.875 0.7083333
vt 0.875 0.6666666
vt 0.875 0.75
vt 0.875 0.75
vt 0.8750001 0.7500001
vt 0.875 0.75
vt 0.875 0.75
vt 0.875 0.75
vt 0.875 0.75
vt 0.875 0.75
vt 0.875 0.75
vt 0.875 0.7083333
vt 0.875 0.6666666
vt 0.875 0.6666666
vt 0.875 0.7083333
vt 0.875 0.75
vt 0.875 0.75
vt 0.875 0.75
vt 0.87500006 0.75
vt 0.875 0.75
vt 0.875 0.75
vt 0.72383857 0.7500001
vt 0.7238385 0.75
vt 0.7245906 0.75
vt 0.72459054 0.74999994
vt 0.7104007 0.74999994
vt 0.7104008 0.7500001
vt 0.7083333 0.75
vt 0.7083333 0.75
vt 0.68055546 0.72222215
vt 0.68055546 0.72222215
vt 0.70833325 0.74999994
vt 0.70833325 0.74999994
vt 0.68055546 0.72222215
vt 0.7083333 0.75
vt 0.70833325 0.74999994
vt 0.6805554 0.72222215
vt 0.6527778 0.6944444
vt 0.6527778 0.6944444
vt 0.70833325 0.74999994
vt 0.7104008 0.7500001
vt 0.7104006 0.74999994
vt 0.625 0.6666666
vt 0.6527778 0.6944444
vt 0.625 0.6666666
vt 0.625 0.6604377
vt 0.62499994 0.6604376
vt 0.625 0.6589546
vt 0.62499994 0.65895456
vt 0.625 0.6589546
vt 0.625 0.6589546
vt 0.625 0.6604377
vt 0.625 0.6589546
vt 0.625 0.66043764
vt 0.625 0.6589547
vt 0.625 0.6604377
vt 0.625 0.6666666
vt 0.625 0.6666666
vt 0.65277785 0.6944445
vt 0.6527778 0.6944444
vt 0.6805555 0.7222222
vt 0.7083333 0.75
vt 0.7083333 0.75
vt 0.6805555 0.7222222
vt 0.6527778 0.6944444
vt 0.62499994 0.65895456
vt 0.62499994 0.65895456
vt 0.625 0.6589546
vt 0.62499994 0.6589545
vt 0.625 0.6666666
vt 0.625 0.6666666
vt 0.6527778 0.6944444
vt 0.6527778 0.6944444
vt 0.68055546 0.72222215
vt 0.68055546 0.72222215
vt 0.87499994 0.62468076
vt 0.8749999 0.65895456
vt 0.87499994 0.62468076
vt 0.8749999 0.65895456
vt 0.7238385 0.75
vt 0.7238385 0.75
vt 0.72459054 0.75
vt 0.72459054 0.75
vt 0.8749998 0.6589545
vt 0.87499994 0.62468076
vt 0.8749999 0.62468076
vt 0.8749999 0.65895456
vt 0.8749998 0.6604376
vt 0.8749999 0.66043764
vt 0.87499994 0.6666666
vt 0.875 0.6666666
vt 0.875 0.7083334
vt 0.875 0.7083333
vt 0.875 0.75000006
vt 0.875 0.75
vt 0.87499994 0.75
vt 0.8750001 0.7500001
vt 0.79574317 0.75000006
vt 0.7957432 0.7500001
vt 0.875 0.75
vt 0.875 0.75
vt 0.6527778 0.6944444
vt 0.6527778 0.6944444
vt 0.68055546 0.7222221
vt 0.68055546 0.7222221
vt 0.6527778 0.6944444
vt 0.7083333 0.75
vt 0.7083333 0.75
vt 0.6805554 0.72222215
vt 0.6805555 0.7222222
vt 0.7083333 0.75
vt 0.6805555 0.7222222
vt 0.6805555 0.7222222
vt 0.7083333 0.7083333
vt 0.70833325 0.6944444
vt 0.7083333 0.6944444
vt 0.7083333 0.6944444
vt 0.70833325 0.68055546
vt 0.7083332 0.6805554
vt 0.72459054 0.7083333
vt 0.72459054 0.7083333
vt 0.7238385 0.7083334
vt 0.7238385 0.7083334
vt 0.72459054 0.7083333
vt 0.7238385 0.7083334
vt 0.72383845 0.70833325
vt 0.625 0.6666666
vt 0.625 0.6666666
vt 0.625 0.66043764
vt 0.625 0.66043764
vt 0.625 0.6666666
vt 0.6527778 0.6944444
vt 0.6527778 0.6944444
vt 0.625 0.6666666
vt 0.6527778 0.6944444
vt 0.625 0.6666666
vt 0.62499994 0.6604376
vt 0.62499994 0.65895456
vt 0.62499994 0.65895456
vt 0.62499994 0.6604376
vt 0.62499994 0.65895456
vt 0.62499994 0.6604376
vt 0.625 0.6666666
vt 0.625 0.6666666
vt 0.625 0.6666666
vt 0.625 0.6666666
vt 0.625 0.6604377
vt 0.62499994 0.65895456
vt 0.625 0.6589546
vt 0.62499994 0.62468064
vt 0.625 0.62468076
vt 0.625 0.6589547
vt 0.625 0.6589547
vt 0.625 0.6589547
vt 0.625 0.6589546
vt 0.625 0.6589547
vt 0.625 0.6589546
vt 0.625 0.6604377
vt 0.625 0.6666666
vt 0.625 0.6666666
vt 0.625 0.6604377
vt 0.625 0.6666666
vt 0.625 0.6604377
vt 0.625 0.6589547
vt 0.625 0.6604377
vt 0.625 0.6604377
vt 0.625 0.6589547
vt 0.625 0.6604377
vt 0.625 0.6589547
vt 0.625 0.6589546
vt 0.625 0.6589546
vt 0.625 0.6589547
vt 0.625 0.6589546
vt 0.62499994 0.6589545
vt 0.625 0.6589546
vt 0.625 0.6589546
vt 0.625 0.6589546
vt 0.625 0.6589546
vt 0.625 0.6604377
vt 0.625 0.6604377
vt 0.625 0.6604377
vt 0.625 0.6604377
vt 0.625 0.66043764
vt 0.625 0.66043764
vt 0.875 0.75
vt 0.875 0.75
vt 0.8750001 0.7500001
vt 0.87499994 0.75
vt 0.7957432 0.7500001
vt 0.875 0.75
vt 0.7957431 0.75
vt 0.79166675 0.7500001
vt 0.7916666 0.75
vt 0.875 0.75
vt 0.875 0.75
vt 0.87499994 0.75
vt 0.875 0.75
vt 0.65277785 0.6944445
vt 0.6805554 0.72222203
vt 0.68055546 0.7222221
vt 0.6527778 0.6944444
vt 0.6805554 0.72222203
vt 0.6805554 0.72222203
vt 0.65277785 0.6944445
vt 0.65277785 0.6944445
vt 0.65277785 0.6944445
vt 0.65277785 0.6944445
vt 0.625 0.6666666
vt 0.625 0.6666666
vt 0.7104006 0.74999994
vt 0.7104008 0.7500001
vt 0.7238385 0.75
vt 0.7238385 0.75
vt 0.72459054 0.75
vt 0.72459054 0.75
vt 0.7238385 0.75
vt 0.72383845 0.75
vt 0.72459054 0.75
vt 0.72383845 0.75
vt 0.72459054 0.75
vt 0.72383845 0.75
vt 0.7104007 0.75000006
vt 0.7104007 0.75
vt 0.7238385 0.75
vt 0.72383857 0.7500001
vt 0.7104006 0.75
vt 0.7104006 0.74999994
vt 0.7238385 0.75
vt 0.7238385 0.75
vt 0.7238385 0.75
vt 0.72383845 0.75
vt 0.72459054 0.74999994
vt 0.7245906 0.75
vt 0.7238385 0.75
vt 0.7238385 0.75
vt 0.72383845 0.75
vt 0.7238385 0.75
vt 0.7916666 0.75
vt 0.7916666 0.75
vt 0.79574305 0.74999994
vt 0.79574305 0.74999994
vt 0.7916666 0.75
vt 0.79574305 0.74999994
vt 0.79574317 0.75
vt 0.7916666 0.7083333
vt 0.7916666 0.7083333
vt 0.7916666 0.6666666
vt 0.7916666 0.6666666
vt 0.7916666 0.6944444
vt 0.7916666 0.68055546
vt 0.7916667 0.6604377
vt 0.7916666 0.6666666
vt 0.7916667 0.6604377
vt 0.7916667 0.6604377
vt 0.7916666 0.6589546
vt 0.7916666 0.6604377
vt 0.7916666 0.6589546
vt 0.79166657 0.6589546
vt 0.7916666 0.62468076
vt 0.7916666 0.62468076
vt 0.7916666 0.62468076
vt 0.7916666 0.6589546
vt 0.7916666 0.6589546
vt 0.7916667 0.6604377
vt 0.7916667 0.6604377
vt 0.7916666 0.6666666
vt 0.7916666 0.6666666
vt 0.7916666 0.7083333
vt 0.7916666 0.7083333
vt 0.7916666 0.68055546
vt 0.7916666 0.6944444
vt 0.7916666 0.6666666
vt 0.7916667 0.6604377
vt 0.7916666 0.6604377
vt 0.7916666 0.6589546
vt 0.79166657 0.6589546
vt 0.7916666 0.62468076
vt 0.875 0.75
vt 0.875 0.75
vt 0.7957431 0.75000006
vt 0.79574317 0.75
vt 0.875 0.75
vt 0.79574317 0.75
vt 0.79574305 0.74999994
vt 0.7916666 0.75
vt 0.79166675 0.7500001
vt 0.79574317 0.75000006
vt 0.79574305 0.74999994
vt 0.7916666 0.62468076
vt 0.7957431 0.6589546
vt 0.7957431 0.6246808
vt 0.7916666 0.6589546
vt 0.7957431 0.6604377
vt 0.7916667 0.6604377
vt 0.7957431 0.6666666
vt 0.7916666 0.6666666
vt 0.7916666 0.7083333
vt 0.7957431 0.7083333
vt 0.7957431 0.6666666
vt 0.7916666 0.6666666
vt 0.7957431 0.7083333
vt 0.7957431 0.7083333
vt 0.7916666 0.7083333
vt 0.7916666 0.7083333
vt 0.7957431 0.6666666
vt 0.7957431 0.7083333
vt 0.7957431 0.7083333
vt 0.7957431 0.6666666
vt 0.7957431 0.6604377
vt 0.7957431 0.6604377
vt 0.7957431 0.6589546
vt 0.7957431 0.6589546
vt 0.7957431 0.6246808
vt 0.7957431 0.6246808
vt 0.7957431 0.6589546
vt 0.7957431 0.6589546
vt 0.7957431 0.6604377
vt 0.7957431 0.6604377
vt 0.7957431 0.6666666
vt 0.7957431 0.6666666
vt 0.7957431 0.7083333
vt 0.7957431 0.7083333
vt 0.70833325 0.74999994
vt 0.70833325 0.74999994
vt 0.7104006 0.74999994
vt 0.7104006 0.75
vt 0.7083333 0.75
vt 0.7083333 0.75
vt 0.7104007 0.75
vt 0.7104007 0.75000006
vt 0.72459054 0.6944444
vt 0.72459054 0.6944444
vt 0.76474726 0.6944444
vt 0.76474726 0.6944444
vt 0.72383845 0.75
vt 0.7238385 0.75
vt 0.7104008 0.7500001
vt 0.7104007 0.74999994
vt 0.72383845 0.75
vt 0.72383845 0.75
vt 0.7104007 0.74999994
vt 0.7104007 0.75
vt 0.72383845 0.75
vt 0.7104007 0.75
vt 0.72383845 0.70833325
vt 0.7238385 0.7083334
vt 0.71040064 0.7083333
vt 0.7104007 0.7083334
vt 0.72383845 0.6944444
vt 0.7238385 0.7083334
vt 0.72459054 0.7083333
vt 0.72459054 0.6944444
vt 0.76474726 0.7083333
vt 0.76474726 0.6944444
vt 0.72459054 0.6944444
vt 0.72459054 0.7083333
vt 0.7104006 0.6944444
vt 0.71040064 0.7083333
vt 0.7238385 0.7083334
vt 0.72383845 0.6944444
vt 0.70833325 0.6944444
vt 0.7083333 0.7083333
vt 0.71040064 0.7083333
vt 0.7104006 0.6944444
vt 0.70833325 0.68055546
vt 0.7104006 0.6944444
vt 0.71040046 0.68055534
vt 0.70833325 0.6666666
vt 0.70833325 0.68055546
vt 0.71040064 0.6666666
vt 0.70833325 0.6589546
vt 0.7104006 0.62468076
vt 0.70833325 0.62468076
vt 0.7104006 0.6589546
vt 0.70833325 0.6604377
vt 0.7104006 0.6604377
vt 0.70833325 0.6666666
vt 0.71040064 0.6666666
vt 0.72383845 0.6944444
vt 0.72383845 0.6944444
vt 0.72459054 0.6944444
vt 0.72459054 0.6944444
vt 0.71040046 0.68055534
vt 0.7104006 0.6944444
vt 0.7104006 0.6944444
vt 0.71040046 0.68055534
vt 0.71040064 0.6666666
vt 0.71040064 0.6666666
vt 0.7104006 0.6604377
vt 0.7104006 0.6604377
vt 0.7104006 0.6589546
vt 0.7104006 0.6589546
vt 0.7104006 0.62468076
vt 0.7104006 0.62468076
vt 0.7104006 0.6589546
vt 0.7104006 0.6589546
vt 0.7104006 0.6604377
vt 0.7104006 0.6604377
vt 0.71040064 0.6666666
vt 0.71040064 0.6666666
vt 0.71040046 0.68055534
vt 0.71040046 0.68055534
vt 0.7104006 0.6944444
vt 0.7104006 0.6944444
vt 0.76474726 0.6944444
vt 0.76474726 0.6944444
vt 0.76474726 0.7083333
vt 0.76474726 0.7083333
vt 0.7104006 0.6944444
vt 0.7104006 0.6944444
vt 0.72383845 0.6944444
vt 0.72383845 0.6944444
vt 0.762426 0.6604377
vt 0.76474726 0.6604377
vt 0.76474726 0.6589546
vt 0.762426 0.6589546
vt 0.762426 0.6589546
vt 0.76474726 0.62468076
vt 0.762426 0.62468076
vt 0.762426 0.6666666
vt 0.76474726 0.6666666
vt 0.76474726 0.6604377
vt 0.762426 0.6604377
vt 0.7245904 0.6666666
vt 0.762426 0.6604377
vt 0.7245904 0.6604377
vt 0.762426 0.6604377
vt 0.762426 0.6604377
vt 0.762426 0.6589546
vt 0.762426 0.6589546
vt 0.762426 0.62468076
vt 0.762426 0.62468076
vt 0.762426 0.6589546
vt 0.762426 0.6589546
vt 0.762426 0.6604377
vt 0.762426 0.6604377
vt 0.7245904 0.6604377
vt 0.7245904 0.6604377
vt 0.762426 0.6604377
vt 0.762426 0.6604377
vt 0.7245904 0.6666666
vt 0.7245904 0.6666666
vt 0.7245904 0.6604377
vt 0.7245904 0.6604377
vt 0.875 0.5
vt 0.875 0.75
vt 0.875 0.75
vt 0.875 0.5
vt 0.875 0.75
vt 0.875 0.5
vt 0.875 0.75
vt 0.875 0.5
vt 0.875 0.75
vt 0.875 0.5
vt 0.875 0.75
vt 0.875 0.5
vt 0.875 0.75
vt 0.875 0.5
vt 0.875 0.5
vt 0.875 0.5
vt 0.875 0.75
vt 0.875 0.75
vt 0.875 0.5
vt 0.875 0.75
vt 0.875 0.5
vt 0.875 0.75
vt 0.875 0.5
vt 0.875 0.75
vt 0.875 0.5
vt 0.875 0.75
vt 0.875 0.5
vt 0.875 0.75
vt 0.875 0.5
vt 0.875 0.75
vt 0.875 0.75
vt 0.875 0.5
vt 0.875 0.75
vt 0.875 0.5
vt 0.875 0.75
vt 0.875 0.5
vt 0.875 0.75
vt 0.875 0.5
vt 0.875 0.75
vt 0.875 0.5
vt 0.875 0.75
vt 0.875 0.5
vt 0.625 1
vt 0.625 1
vt 0.625 0.75
vt 0.625 0.75
vt 0.625 1
vt 0.625 0.75
vt 0.625 1
vt 0.625 0.75
vt 0.625 1
vt 0.625 0.75
vt 0.625 1
vt 0.625 0.75
vt 0.625 1
vt 0.625 0.75
vt 0.375 0.75
vt 0.375 1
vt 0.625 0.5
vt 0.375 0.5
vt 0.125 0.5
vt 0.125 0.75
vt 0.375 0.25
vt 0.625 0.25
vt 0.625 0.25
vt 0.625 0.5
vt 0.625 0.25
vt 0.625 0.5
vt 0.625 0.25
vt 0.625 0.5
vt 0.625 0.25
vt 0.625 0.5
vt 0.625 0.25
vt 0.625 0.5
vt 0.625 0.25
vt 0.625 0.5
vt 0.625 0.5
vt 0.625 0.75
vt 0.875 0.75
vt 0.875 0.5
vt 0.625 0.5
vt 0.625 0.75
vt 0.875 0.75
vt 0.875 0.5
vt 0.125 0.5
vt 0.125 0.75
vt 0.375 0.75
vt 0.375 0.5
vt 0.625 0.5
vt 0.375 0.25
vt 0.625 0.25
vt 0.625 0.25
vt 0.625 0.5
vt 0.625 0.25
vt 0.625 0.5
vt 0.625 0.25
vt 0.625 0.5
vt 0.625 0.25
vt 0.625 0.5
vt 0.625 0.25
vt 0.625 0.5
vt 0.625 0.25
vt 0.625 0.5
vt 0.625 0.75
vt 0.625 1
vt 0.375 1
vt 0.625 0.75
vt 0.625 1
vt 0.625 0.75
vt 0.625 1
vt 0.625 0.75
vt 0.625 1
vt 0.625 0.75
vt 0.625 1
vt 0.625 0.75
vt 0.625 1
vt 0.625 0.75
vt 0.625 1
vt 0.625 0.75
vt 0.625 0.75
vt 0.625 0.5
vt 0.625 0.5
vt 0.625 0.75
vt 0.625 0.5
vt 0.625 0.75
vt 0.625 0.5
vt 0.625 0.75
vt 0.625 0.5
vt 0.625 0.75
vt 0.625 0.5
vt 0.625 0.75
vt 0.625 0.5
vt 0.625 0.75
vt 0.625 0.75
vt 0.625 0.5
vt 0.625 0.5
vt 0.625 0.75
vt 0.625 0.5
vt 0.625 0.75
vt 0.625 0.5
vt 0.625 0.75
vt 0.625 0.5
vt 0.625 0.75
vt 0.625 0.5
vt 0.625 0.75
vt 0.625 0.5
vt 0.625 0.75
vt 0.625 0.5
vt 0.625 0.5
vt 0.625 0.75
vt 0.625 0.5
vt 0.625 0.75
vt 0.625 0.5
vt 0.625 0.75
vt 0.625 0.5
vt 0.625 0.75
vt 0.625 0.5
vt 0.625 0.75
vt 0.625 0.5
vt 0.625 0.75
vt 0.875 0.5
vt 0.875 0.75
vt 0.375 1
vt 0.125 0.5
vt 0.625 0.5
vt 0.625 0.75
vt 0.875 0.75
vt 0.875 0.5
vt 0.625 1
vt 0.625 1
vt 0.625 0.75
vt 0.625 0.75
vt 0.625 1
vt 0.625 0.75
vt 0.625 1
vt 0.625 0.75
vt 0.625 1
vt 0.625 0.75
vt 0.625 1
vt 0.625 0.75
vt 0.625 1
vt 0.625 0.75
vt 0.375 0.75
vt 0.375 1
vt 0.625 0.5
vt 0.375 0.5
vt 0.125 0.5
vt 0.125 0.75
vt 0.375 0.25
vt 0.625 0.25
vt 0.625 0.25
vt 0.625 0.5
vt 0.625 0.25
vt 0.625 0.5
vt 0.625 0.25
vt 0.625 0.5
vt 0.625 0.25
vt 0.625 0.5
vt 0.625 0.25
vt 0.625 0.5
vt 0.625 0.25
vt 0.625 0.5
vt 0.875 0.5
vt 0.875 0.75
vt 0.375 1
vt 0.125 0.5
vt 0.875 0.5
vt 0.875 0.75
vt 0.375 1
vt 0.125 0.5
vt 0.875 0.5
vt 0.875 0.75
vt 0.875 0.75
vt 0.875 0.5
vt 0.875 0.75
vt 0.875 0.5
vt 0.875 0.75
vt 0.875 0.5
vt 0.875 0.75
vt 0.875 0.5
vt 0.875 0.75
vt 0.875 0.5
vt 0.875 0.75
vt 0.875 0.5
vt 0.875 0.5
vt 0.875 0.5
vt 0.875 0.75
vt 0.875 0.75
vt 0.875 0.5
vt 0.875 0.75
vt 0.875 0.5
vt 0.875 0.75
vt 0.875 0.5
vt 0.875 0.75
vt 0.875 0.5
vt 0.875 0.75
vt 0.875 0.5
vt 0.875 0.75
vt 0.875 0.5
vt 0.875 0.75
vt 0.875 0.75
vt 0.875 0.5
vt 0.875 0.75
vt 0.875 0.5
vt 0.875 0.75
vt 0.875 0.5
vt 0.875 0.75
vt 0.875 0.5
vt 0.875 0.75
vt 0.875 0.5
vt 0.875 0.75
vt 0.875 0.5
vt 0.625 1
vt 0.625 1
vt 0.625 0.75
vt 0.625 0.75
vt 0.625 1
vt 0.625 0.75
vt 0.625 1
vt 0.625 0.75
vt 0.625 1
vt 0.625 0.75
vt 0.625 1
vt 0.625 0.75
vt 0.625 1
vt 0.625 0.75
vt 0.375 0.75
vt 0.375 1
vt 0.625 0.5
vt 0.375 0.5
vt 0.125 0.5
vt 0.125 0.75
vt 0.375 0.25
vt 0.625 0.25
vt 0.625 0.25
vt 0.625 0.5
vt 0.625 0.25
vt 0.625 0.5
vt 0.625 0.25
vt 0.625 0.5
vt 0.625 0.25
vt 0.625 0.5
vt 0.625 0.25
vt 0.625 0.5
vt 0.625 0.25
vt 0.625 0.5
vt 0.625 0.5
vt 0.625 0.75
vt 0.875 0.75
vt 0.875 0.5
vt 0.625 0.5
vt 0.625 0.75
vt 0.875 0.75
vt 0.875 0.5
vt 0.125 0.5
vt 0.125 0.75
vt 0.375 0.75
vt 0.375 0.5
vt 0.625 0.5
vt 0.375 0.25
vt 0.625 0.25
vt 0.625 0.25
vt 0.625 0.5
vt 0.625 0.25
vt 0.625 0.5
vt 0.625 0.25
vt 0.625 0.5
vt 0.625 0.25
vt 0.625 0.5
vt 0.625 0.25
vt 0.625 0.5
vt 0.625 0.25
vt 0.625 0.5
vt 0.625 0.75
vt 0.625 1
vt 0.375 1
vt 0.625 0.75
vt 0.625 1
vt 0.625 0.75
vt 0.625 1
vt 0.625 0.75
vt 0.625 1
vt 0.625 0.75
vt 0.625 1
vt 0.625 0.75
vt 0.625 1
vt 0.625 0.75
vt 0.625 1
vt 0.625 0.75
vt 0.625 0.75
vt 0.625 0.5
vt 0.625 0.5
vt 0.625 0.75
vt 0.625 0.5
vt 0.625 0.75
vt 0.625 0.5
vt 0.625 0.75
vt 0.625 0.5
vt 0.625 0.75
vt 0.625 0.5
vt 0.625 0.75
vt 0.625 0.5
vt 0.625 0.75
vt 0.625 0.75
vt 0.625 0.5
vt 0.625 0.5
vt 0.625 0.75
vt 0.625 0.5
vt 0.625 0.75
vt 0.625 0.5
vt 0.625 0.75
vt 0.625 0.5
vt 0.625 0.75
vt 0.625 0.5
vt 0.625 0.75
vt 0.625 0.5
vt 0.625 0.75
vt 0.625 0.5
vt 0.625 0.5
vt 0.625 0.75
vt 0.625 0.5
vt 0.625 0.75
vt 0.625 0.5
vt 0.625 0.75
vt 0.625 0.5
vt 0.625 0.75
vt 0.625 0.5
vt 0.625 0.75
vt 0.625 0.5
vt 0.625 0.75
vt 0.875 0.5
vt 0.875 0.75
vt 0.375 1
vt 0.125 0.5
vt 0.625 0.5
vt 0.625 0.75
vt 0.875 0.75
vt 0.875 0.5
vt 0.625 1
vt 0.625 1
vt 0.625 0.75
vt 0.625 0.75
vt 0.625 1
vt 0.625 0.75
vt 0.625 1
vt 0.625 0.75
vt 0.625 1
vt 0.625 0.75
vt 0.625 1
vt 0.625 0.75
vt 0.625 1
vt 0.625 0.75
vt 0.375 0.75
vt 0.375 1
vt 0.625 0.5
vt 0.375 0.5
vt 0.125 0.5
vt 0.125 0.75
vt 0.375 0.25
vt 0.625 0.25
vt 0.625 0.25
vt 0.625 0.5
vt 0.625 0.25
vt 0.625 0.5
vt 0.625 0.25
vt 0.625 0.5
vt 0.625 0.25
vt 0.625 0.5
vt 0.625 0.25
vt 0.625 0.5
vt 0.625 0.25
vt 0.625 0.5
vt 0.875 0.5
vt 0.875 0.75
vt 0.375 1
vt 0.125 0.5
vt 0.875 0.5
vt 0.875 0.75
vt 0.375 1
vt 0.125 0.5
vt 0.875 0.5
vt 0.875 0.75
vt 0.875 0.75
vt 0.875 0.5
vt 0.875 0.75
vt 0.875 0.5
vt 0.875 0.75
vt 0.875 0.5
vt 0.875 0.75
vt 0.875 0.5
vt 0.875 0.75
vt 0.875 0.5
vt 0.875 0.75
vt 0.875 0.5
vt 0.875 0.5
vt 0.875 0.5
vt 0.875 0.75
vt 0.875 0.75
vt 0.875 0.5
vt 0.875 0.75
vt 0.875 0.5
vt 0.875 0.75
vt 0.875 0.5
vt 0.875 0.75
vt 0.875 0.5
vt 0.875 0.75
vt 0.875 0.5
vt 0.875 0.75
vt 0.875 0.5
vt 0.875 0.75
vt 0.875 0.75
vt 0.875 0.5
vt 0.875 0.75
vt 0.875 0.5
vt 0.875 0.75
vt 0.875 0.5
vt 0.875 0.75
vt 0.875 0.5
vt 0.875 0.75
vt 0.875 0.5
vt 0.875 0.75
vt 0.875 0.5
vt 0.625 1
vt 0.625 1
vt 0.625 0.75
vt 0.625 0.75
vt 0.625 1
vt 0.625 0.75
vt 0.625 1
vt 0.625 0.75
vt 0.625 1
vt 0.625 0.75
vt 0.625 1
vt 0.625 0.75
vt 0.625 1
vt 0.625 0.75
vt 0.375 0.75
vt 0.375 1
vt 0.625 0.5
vt 0.375 0.5
vt 0.125 0.5
vt 0.125 0.75
vt 0.375 0.25
vt 0.625 0.25
vt 0.625 0.25
vt 0.625 0.5
vt 0.625 0.25
vt 0.625 0.5
vt 0.625 0.25
vt 0.625 0.5
vt 0.625 0.25
vt 0.625 0.5
vt 0.625 0.25
vt 0.625 0.5
vt 0.625 0.25
vt 0.625 0.5
vt 0.625 0.5
vt 0.625 0.75
vt 0.875 0.75
vt 0.875 0.5
vt 0.625 0.5
vt 0.625 0.75
vt 0.875 0.75
vt 0.875 0.5
vt 0.125 0.5
vt 0.125 0.75
vt 0.375 0.75
vt 0.375 0.5
vt 0.625 0.5
vt 0.375 0.25
vt 0.625 0.25
vt 0.625 0.25
vt 0.625 0.5
vt 0.625 0.25
vt 0.625 0.5
vt 0.625 0.25
vt 0.625 0.5
vt 0.625 0.25
vt 0.625 0.5
vt 0.625 0.25
vt 0.625 0.5
vt 0.625 0.25
vt 0.625 0.5
vt 0.625 0.75
vt 0.625 1
vt 0.375 1
vt 0.625 0.75
vt 0.625 1
vt 0.625 0.75
vt 0.625 1
vt 0.625 0.75
vt 0.625 1
vt 0.625 0.75
vt 0.625 1
vt 0.625 0.75
vt 0.625 1
vt 0.625 0.75
vt 0.625 1
vt 0.625 0.75
vt 0.625 0.75
vt 0.625 0.5
vt 0.625 0.5
vt 0.625 0.75
vt 0.625 0.5
vt 0.625 0.75
vt 0.625 0.5
vt 0.625 0.75
vt 0.625 0.5
vt 0.625 0.75
vt 0.625 0.5
vt 0.625 0.75
vt 0.625 0.5
vt 0.625 0.75
vt 0.625 0.75
vt 0.625 0.5
vt 0.625 0.5
vt 0.625 0.75
vt 0.625 0.5
vt 0.625 0.75
vt 0.625 0.5
vt 0.625 0.75
vt 0.625 0.5
vt 0.625 0.75
vt 0.625 0.5
vt 0.625 0.75
vt 0.625 0.5
vt 0.625 0.75
vt 0.625 0.5
vt 0.625 0.5
vt 0.625 0.75
vt 0.625 0.5
vt 0.625 0.75
vt 0.625 0.5
vt 0.625 0.75
vt 0.625 0.5
vt 0.625 0.75
vt 0.625 0.5
vt 0.625 0.75
vt 0.625 0.5
vt 0.625 0.75
vt 0.875 0.5
vt 0.875 0.75
vt 0.375 1
vt 0.125 0.5
vt 0.625 0.5
vt 0.625 0.75
vt 0.875 0.75
vt 0.875 0.5
vt 0.625 1
vt 0.625 1
vt 0.625 0.75
vt 0.625 0.75
vt 0.625 1
vt 0.625 0.75
vt 0.625 1
vt 0.625 0.75
vt 0.625 1
vt 0.625 0.75
vt 0.625 1
vt 0.625 0.75
vt 0.625 1
vt 0.625 0.75
vt 0.375 0.75
vt 0.375 1
vt 0.625 0.5
vt 0.375 0.5
vt 0.125 0.5
vt 0.125 0.75
vt 0.375 0.25
vt 0.625 0.25
vt 0.625 0.25
vt 0.625 0.5
vt 0.625 0.25
vt 0.625 0.5
vt 0.625 0.25
vt 0.625 0.5
vt 0.625 0.25
vt 0.625 0.5
vt 0.625 0.25
vt 0.625 0.5
vt 0.625 0.25
vt 0.625 0.5
vt 0.875 0.5
vt 0.875 0.75
vt 0.375 1
vt 0.125 0.5
vt 0.875 0.5
vt 0.875 0.75
vt 0.375 1
vt 0.125 0.5
vt 0.7916666 0.75
vt 0.79166675 0.7500001
vt 0.7916666 0.75
vt 0.79166675 0.7500001
vt 0.7916666 0.75
vt 0.7916666 0.75
vt 0.7916666 0.75
vt 0.7916666 0.75
vt 0.7916666 0.75
vt 0.72459054 0.7083333
vt 0.76474726 0.7083333
vt 0.72459054 0.7083333
vt 0.72459054 0.7083333
vt 0.76474726 0.7083333
vt 0.7245904 0.6666666
vt 0.76474726 0.6666666
vt 0.76474726 0.6666666
vt 0.762426 0.6666666
vt 0.7245904 0.6666666
vt 0.762426 0.6666666
vt 0.76474726 0.6666666
vt 0.7238385 0.7083334
vt 0.71040064 0.7083333
vt 0.71040064 0.7083333
vt 0.7238385 0.7083334
vt 0.7104007 0.7083334
vt 0.7083333 0.7083333
vt 0.7083333 0.7083333
vt 0.71040064 0.7083333
vt 0.71040064 0.7083333
vt 0.7083333 0.7083333
vt 0.71040064 0.7083333
vt 0.79574317 0.75
vt 0.875 0.75
vt 0.875 0.75
vt 0.79574305 0.74999994
vt 0.72459054 0.75
vt 0.72459054 0.75
vt 0.72459054 0.75
vt 0.72459054 0.75
vt 0.72459054 0.75
vt 0.72459054 0.75
vt 0.72459054 0.74999994
vt 0.72459054 0.75
vt 0.7245906 0.75
vt 0.7245906 0.75
vt 0.72459054 0.75
vt 0.72459054 0.74999994
vt 0.62499994 0.65895456
vt 0.625 0.6589546
vt 0.625 0.6589546
vt 0.62499994 0.65895456
vt 0.625 0.6604377
vt 0.625 0.6666666
vt 0.625 0.6666666
vt 0.625 0.6604377
vt 0.7104007 0.75
vt 0.7083333 0.75
vt 0.7083333 0.75
vt 0.7104007 0.75
vt 0.7104007 0.75
vt 0.7083333 0.75
vt 0.7104007 0.74999994
vt 0.6527778 0.6944444
vt 0.625 0.6666666
vt 0.625 0.6666666
vt 0.6527778 0.6944444
vt 0.6805555 0.7222222
vt 0.6805555 0.7222222
vt 0.625 0.6666666
vt 0.6527778 0.6944444
vt 0.625 0.6666666
vt 0.6527778 0.6944444
vt 0.6805554 0.72222215
vt 0.6805554 0.72222215
vt 0.6805555 0.7222222
vt 0.6527778 0.6944444
vt 0.6805554 0.72222215
vt 0.72383845 0.75
vt 0.72459054 0.74999994
vt 0.72459054 0.75
vt 0.7238385 0.75
vt 0.7083333 0.75
vt 0.6805554 0.72222215
vt 0.6805554 0.72222215
vt 0.7083333 0.75
vt 0.76474726 0.75
vt 0.72459054 0.75
vt 0.72459054 0.75
vt 0.76474726 0.75
vt 0.7916666 0.75
vt 0.7916666 0.75
vt 0.79574305 0.74999994
vt 0.79574317 0.75
vt 0.7916666 0.75
vt 0.7957431 0.75000006
vt 0.7957431 0.75000006
vt 0.7916666 0.75
vt 0.7957431 0.75
vt 0.875 0.75
vt 0.875 0.75
vt 0.875 0.7083333
vt 0.875 0.6666666
vt 0.875 0.6666666
vt 0.875 0.7083333
vt 0.875 0.75
vt 0.875 0.75
vt 0.875 0.75
vt 0.87500006 0.75
vt 0.875 0.75
vt 0.875 0.75
vt 0.72383857 0.7500001
vt 0.72459054 0.74999994
vt 0.7245906 0.75
vt 0.7238385 0.75
vt 0.7104007 0.74999994
vt 0.7083333 0.75
vt 0.7083333 0.75
vt 0.7104008 0.7500001
vt 0.68055546 0.72222215
vt 0.70833325 0.74999994
vt 0.70833325 0.74999994
vt 0.68055546 0.72222215
vt 0.68055546 0.72222215
vt 0.70833325 0.74999994
vt 0.7083333 0.75
vt 0.6805554 0.72222215
vt 0.6527778 0.6944444
vt 0.6527778 0.6944444
vt 0.625 0.6666666
vt 0.6527778 0.6944444
vt 0.625 0.6666666
vt 0.625 0.6604377
vt 0.625 0.6666666
vt 0.62499994 0.6604376
vt 0.625 0.6589546
vt 0.62499994 0.65895456
vt 0.6805555 0.7222222
vt 0.7083333 0.75
vt 0.7083333 0.75
vt 0.6805555 0.7222222
vt 0.6527778 0.6944444
vt 0.62499994 0.65895456
vt 0.62499994 0.6589545
vt 0.625 0.6589546
vt 0.62499994 0.65895456
vt 0.875 0.75000006
vt 0.875 0.7083334
vt 0.875 0.7083333
vt 0.875 0.75
vt 0.87499994 0.75
vt 0.8750001 0.7500001
vt 0.625 0.6666666
vt 0.6527778 0.6944444
vt 0.625 0.6666666
vt 0.6527778 0.6944444
vt 0.68055546 0.72222215
vt 0.68055546 0.72222215
vt 0.7238385 0.75
vt 0.72459054 0.75
vt 0.72459054 0.75
vt 0.7238385 0.75
vt 0.8749998 0.6589545
vt 0.8749999 0.62468076
vt 0.87499994 0.62468076
vt 0.8749999 0.65895456
vt 0.8749998 0.6604376
vt 0.8749999 0.66043764
vt 0.87499994 0.6666666
vt 0.875 0.6666666
vt 0.875 0.7083334
vt 0.875 0.7083333
vt 0.79574317 0.75000006
vt 0.875 0.75
vt 0.875 0.75
vt 0.7957432 0.7500001
vt 0.6527778 0.6944444
vt 0.68055546 0.7222221
vt 0.6527778 0.6944444
vt 0.68055546 0.7222221
vt 0.6527778 0.6944444
vt 0.7083333 0.75
vt 0.6805555 0.7222222
vt 0.6805554 0.72222215
vt 0.7083333 0.75
vt 0.7083333 0.75
vt 0.6805555 0.7222222
vt 0.6805555 0.7222222
vt 0.72459054 0.7083333
vt 0.7238385 0.7083334
vt 0.7238385 0.7083334
vt 0.72459054 0.7083333
vt 0.72459054 0.7083333
vt 0.7238385 0.7083334
vt 0.72383845 0.70833325
vt 0.625 0.6666666
vt 0.625 0.66043764
vt 0.625 0.66043764
vt 0.625 0.6666666
vt 0.625 0.6666666
vt 0.6527778 0.6944444
vt 0.6527778 0.6944444
vt 0.625 0.6666666
vt 0.6527778 0.6944444
vt 0.625 0.6666666
vt 0.62499994 0.6604376
vt 0.62499994 0.65895456
vt 0.62499994 0.65895456
vt 0.62499994 0.6604376
vt 0.62499994 0.65895456
vt 0.62499994 0.6604376
vt 0.625 0.6666666
vt 0.625 0.6666666
vt 0.625 0.6666666
vt 0.625 0.6666666
vt 0.625 0.6604377
vt 0.62499994 0.65895456
vt 0.625 0.6589546
vt 0.62499994 0.62468064
vt 0.625 0.62468076
vt 0.625 0.6589547
vt 0.625 0.6589547
vt 0.625 0.6589547
vt 0.625 0.6589546
vt 0.625 0.6589547
vt 0.625 0.6589546
vt 0.625 0.6604377
vt 0.625 0.6666666
vt 0.625 0.6666666
vt 0.625 0.6604377
vt 0.625 0.6666666
vt 0.625 0.6604377
vt 0.625 0.6589547
vt 0.625 0.6604377
vt 0.625 0.6604377
vt 0.625 0.6589547
vt 0.625 0.6604377
vt 0.625 0.6589547
vt 0.625 0.6589546
vt 0.625 0.6589547
vt 0.625 0.6589546
vt 0.625 0.6589546
vt 0.62499994 0.6589545
vt 0.625 0.6589546
vt 0.625 0.6589546
vt 0.625 0.6589546
vt 0.625 0.6589546
vt 0.625 0.6604377
vt 0.625 0.6604377
vt 0.625 0.6604377
vt 0.625 0.6604377
vt 0.625 0.66043764
vt 0.625 0.66043764
vt 0.875 0.75
vt 0.87499994 0.75
vt 0.8750001 0.7500001
vt 0.875 0.75
vt 0.7957432 0.7500001
vt 0.875 0.75
vt 0.7957431 0.75
vt 0.79166675 0.7500001
vt 0.7916666 0.75
vt 0.875 0.75
vt 0.875 0.75
vt 0.87499994 0.75
vt 0.875 0.75
vt 0.65277785 0.6944445
vt 0.6527778 0.6944444
vt 0.68055546 0.7222221
vt 0.6805554 0.72222203
vt 0.625 0.6589546
vt 0.625 0.6604377
vt 0.625 0.6589546
vt 0.625 0.6604377
vt 0.625 0.6589546
vt 0.625 0.66043764
vt 0.625 0.6589547
vt 0.625 0.6604377
vt 0.625 0.6666666
vt 0.625 0.6666666
vt 0.65277785 0.6944445
vt 0.6527778 0.6944444
vt 0.6805554 0.72222203
vt 0.65277785 0.6944445
vt 0.65277785 0.6944445
vt 0.6805554 0.72222203
vt 0.65277785 0.6944445
vt 0.625 0.6666666
vt 0.625 0.6666666
vt 0.65277785 0.6944445
vt 0.7104006 0.74999994
vt 0.7238385 0.75
vt 0.7238385 0.75
vt 0.7104008 0.7500001
vt 0.72459054 0.75
vt 0.7238385 0.75
vt 0.72459054 0.75
vt 0.72383845 0.75
vt 0.72459054 0.75
vt 0.72383845 0.75
vt 0.72459054 0.75
vt 0.72383845 0.75
vt 0.7104007 0.75000006
vt 0.72383857 0.7500001
vt 0.7238385 0.75
vt 0.7104007 0.75
vt 0.7104006 0.75
vt 0.7238385 0.75
vt 0.7238385 0.75
vt 0.7104006 0.74999994
vt 0.7238385 0.75
vt 0.7245906 0.75
vt 0.72459054 0.74999994
vt 0.72383845 0.75
vt 0.7238385 0.75
vt 0.7238385 0.75
vt 0.72383845 0.75
vt 0.7238385 0.75
vt 0.7916666 0.75
vt 0.79574305 0.74999994
vt 0.79574305 0.74999994
vt 0.7916666 0.75
vt 0.7916666 0.75
vt 0.79574305 0.74999994
vt 0.79574317 0.75
vt 0.875 0.75
vt 0.79574317 0.75
vt 0.7957431 0.75000006
vt 0.875 0.75
vt 0.875 0.75
vt 0.79574317 0.75
vt 0.79574305 0.74999994
vt 0.7916666 0.75
vt 0.79574305 0.74999994
vt 0.79574317 0.75000006
vt 0.79166675 0.7500001
vt 0.7916666 0.62468076
vt 0.7957431 0.6246808
vt 0.7957431 0.6589546
vt 0.7916666 0.6589546
vt 0.7957431 0.6604377
vt 0.7916667 0.6604377
vt 0.7957431 0.6666666
vt 0.7916666 0.6666666
vt 0.7916666 0.7083333
vt 0.7916666 0.6666666
vt 0.7957431 0.6666666
vt 0.7957431 0.7083333
vt 0.7957431 0.7083333
vt 0.7916666 0.7083333
vt 0.7916666 0.7083333
vt 0.7957431 0.7083333
vt 0.70833325 0.74999994
vt 0.7104006 0.75
vt 0.7104006 0.74999994
vt 0.70833325 0.74999994
vt 0.7083333 0.75
vt 0.7104007 0.75000006
vt 0.7104007 0.75
vt 0.7083333 0.75
vt 0.70833325 0.74999994
vt 0.7104006 0.74999994
vt 0.7104008 0.7500001
vt 0.7083333 0.75
vt 0.72459054 0.6944444
vt 0.76474726 0.6944444
vt 0.76474726 0.6944444
vt 0.72459054 0.6944444
vt 0.72383845 0.75
vt 0.7104007 0.74999994
vt 0.7104008 0.7500001
vt 0.7238385 0.75
vt 0.72383845 0.75
vt 0.7104007 0.75
vt 0.7104007 0.74999994
vt 0.72383845 0.75
vt 0.72383845 0.75
vt 0.7104007 0.75
vt 0.7104007 0.75
vt 0.72383845 0.75
vt 0.72383845 0.70833325
vt 0.7104007 0.7083334
vt 0.71040064 0.7083333
vt 0.7238385 0.7083334
vt 0.72383845 0.6944444
vt 0.72459054 0.6944444
vt 0.72459054 0.7083333
vt 0.7238385 0.7083334
vt 0.76474726 0.7083333
vt 0.72459054 0.7083333
vt 0.72459054 0.6944444
vt 0.76474726 0.6944444
vt 0.7104006 0.6944444
vt 0.72383845 0.6944444
vt 0.7238385 0.7083334
vt 0.71040064 0.7083333
vt 0.70833325 0.6944444
vt 0.7104006 0.6944444
vt 0.71040064 0.7083333
vt 0.7083333 0.7083333
vt 0.70833325 0.68055546
vt 0.7104006 0.6944444
vt 0.71040046 0.68055534
vt 0.70833325 0.6666666
vt 0.71040064 0.6666666
vt 0.70833325 0.68055546
vt 0.70833325 0.6589546
vt 0.70833325 0.62468076
vt 0.7104006 0.62468076
vt 0.7104006 0.6589546
vt 0.70833325 0.6604377
vt 0.7104006 0.6604377
vt 0.70833325 0.6666666
vt 0.71040064 0.6666666
vt 0.72383845 0.6944444
vt 0.72459054 0.6944444
vt 0.72459054 0.6944444
vt 0.72383845 0.6944444
vt 0.76474726 0.6944444
vt 0.76474726 0.7083333
vt 0.76474726 0.7083333
vt 0.76474726 0.6944444
vt 0.7104006 0.6944444
vt 0.72383845 0.6944444
vt 0.72383845 0.6944444
vt 0.7104006 0.6944444
vt 0.762426 0.6604377
vt 0.762426 0.6589546
vt 0.76474726 0.6589546
vt 0.76474726 0.6604377
vt 0.762426 0.6589546
vt 0.76474726 0.62468076
vt 0.762426 0.62468076
vt 0.762426 0.6666666
vt 0.762426 0.6604377
vt 0.76474726 0.6604377
vt 0.76474726 0.6666666
vt 0.7245904 0.6666666
vt 0.762426 0.6604377
vt 0.7245904 0.6604377
vt 0.7245904 0.6604377
vt 0.762426 0.6604377
vt 0.762426 0.6604377
vt 0.7245904 0.6604377
vt 0.7245904 0.6666666
vt 0.7245904 0.6604377
vt 0.7245904 0.6604377
vt 0.7245904 0.6666666
vt 0.875 0.5
vt 0.875 0.75
vt 0.875 0.75
vt 0.875 0.5
vt 0.875 0.75
vt 0.875 0.5
vt 0.875 0.75
vt 0.875 0.5
vt 0.875 0.75
vt 0.875 0.5
vt 0.875 0.75
vt 0.875 0.5
vt 0.875 0.75
vt 0.875 0.5
vt 0.875 0.5
vt 0.875 0.75
vt 0.875 0.5
vt 0.875 0.75
vt 0.875 0.5
vt 0.875 0.75
vt 0.875 0.5
vt 0.875 0.75
vt 0.875 0.5
vt 0.875 0.75
vt 0.875 0.5
vt 0.875 0.75
vt 0.875 0.5
vt 0.875 0.75
vt 0.875 0.5
vt 0.875 0.75
vt 0.875 0.75
vt 0.875 0.5
vt 0.875 0.75
vt 0.875 0.5
vt 0.875 0.75
vt 0.875 0.5
vt 0.875 0.75
vt 0.875 0.5
vt 0.875 0.75
vt 0.875 0.5
vt 0.875 0.75
vt 0.875 0.5
vt 0.625 1
vt 0.625 0.75
vt 0.625 1
vt 0.625 0.75
vt 0.625 1
vt 0.625 0.75
vt 0.625 1
vt 0.625 0.75
vt 0.625 1
vt 0.625 0.75
vt 0.625 1
vt 0.625 0.75
vt 0.625 1
vt 0.625 0.75
vt 0.375 0.75
vt 0.375 1
vt 0.625 0.5
vt 0.375 0.5
vt 0.125 0.5
vt 0.125 0.75
vt 0.375 0.25
vt 0.625 0.25
vt 0.625 0.25
vt 0.625 0.5
vt 0.625 0.25
vt 0.625 0.5
vt 0.625 0.25
vt 0.625 0.5
vt 0.625 0.25
vt 0.625 0.5
vt 0.625 0.25
vt 0.625 0.5
vt 0.625 0.25
vt 0.625 0.5
vt 0.625 0.5
vt 0.875 0.5
vt 0.875 0.75
vt 0.625 0.75
vt 0.625 0.5
vt 0.875 0.5
vt 0.875 0.75
vt 0.625 0.75
vt 0.125 0.5
vt 0.375 0.75
vt 0.125 0.75
vt 0.375 0.5
vt 0.625 0.5
vt 0.375 0.25
vt 0.625 0.25
vt 0.625 0.25
vt 0.625 0.5
vt 0.625 0.25
vt 0.625 0.5
vt 0.625 0.25
vt 0.625 0.5
vt 0.625 0.25
vt 0.625 0.5
vt 0.625 0.25
vt 0.625 0.5
vt 0.625 0.25
vt 0.625 0.5
vt 0.625 0.75
vt 0.625 1
vt 0.375 1
vt 0.625 0.75
vt 0.625 1
vt 0.625 0.75
vt 0.625 1
vt 0.625 0.75
vt 0.625 1
vt 0.625 0.75
vt 0.625 1
vt 0.625 0.75
vt 0.625 1
vt 0.625 0.75
vt 0.625 1
vt 0.625 0.75
vt 0.625 0.5
vt 0.625 0.75
vt 0.625 0.5
vt 0.625 0.75
vt 0.625 0.5
vt 0.625 0.75
vt 0.625 0.5
vt 0.625 0.75
vt 0.625 0.5
vt 0.625 0.75
vt 0.625 0.5
vt 0.625 0.75
vt 0.625 0.5
vt 0.625 0.75
vt 0.625 0.5
vt 0.625 0.75
vt 0.625 0.5
vt 0.625 0.75
vt 0.625 0.5
vt 0.625 0.75
vt 0.625 0.5
vt 0.625 0.75
vt 0.625 0.5
vt 0.625 0.75
vt 0.625 0.5
vt 0.625 0.75
vt 0.625 0.5
vt 0.625 0.75
vt 0.625 0.5
vt 0.625 0.5
vt 0.625 0.75
vt 0.625 0.5
vt 0.625 0.75
vt 0.625 0.5
vt 0.625 0.75
vt 0.625 0.5
vt 0.625 0.75
vt 0.625 0.5
vt 0.625 0.75
vt 0.625 0.5
vt 0.625 0.75
vt 0.875 0.5
vt 0.125 0.5
vt 0.375 1
vt 0.875 0.75
vt 0.625 0.5
vt 0.875 0.5
vt 0.875 0.75
vt 0.625 0.75
vt 0.625 1
vt 0.625 0.75
vt 0.625 1
vt 0.625 0.75
vt 0.625 1
vt 0.625 0.75
vt 0.625 1
vt 0.625 0.75
vt 0.625 1
vt 0.625 0.75
vt 0.625 1
vt 0.625 0.75
vt 0.625 1
vt 0.625 0.75
vt 0.375 0.75
vt 0.375 1
vt 0.625 0.5
vt 0.375 0.5
vt 0.125 0.5
vt 0.125 0.75
vt 0.375 0.25
vt 0.625 0.25
vt 0.625 0.25
vt 0.625 0.5
vt 0.625 0.25
vt 0.625 0.5
vt 0.625 0.25
vt 0.625 0.5
vt 0.625 0.25
vt 0.625 0.5
vt 0.625 0.25
vt 0.625 0.5
vt 0.625 0.25
vt 0.625 0.5
vt 0.875 0.5
vt 0.125 0.5
vt 0.375 1
vt 0.875 0.75
vt 0.875 0.5
vt 0.125 0.5
vt 0.375 1
vt 0.875 0.75
vt 0.875 0.5
vt 0.875 0.75
vt 0.875 0.75
vt 0.875 0.5
vt 0.875 0.75
vt 0.875 0.5
vt 0.875 0.75
vt 0.875 0.5
vt 0.875 0.75
vt 0.875 0.5
vt 0.875 0.75
vt 0.875 0.5
vt 0.875 0.75
vt 0.875 0.5
vt 0.875 0.5
vt 0.875 0.75
vt 0.875 0.5
vt 0.875 0.75
vt 0.875 0.5
vt 0.875 0.75
vt 0.875 0.5
vt 0.875 0.75
vt 0.875 0.5
vt 0.875 0.75
vt 0.875 0.5
vt 0.875 0.75
vt 0.875 0.5
vt 0.875 0.75
vt 0.875 0.5
vt 0.875 0.75
vt 0.875 0.75
vt 0.875 0.5
vt 0.875 0.75
vt 0.875 0.5
vt 0.875 0.75
vt 0.875 0.5
vt 0.875 0.75
vt 0.875 0.5
vt 0.875 0.75
vt 0.875 0.5
vt 0.875 0.75
vt 0.875 0.5
vt 0.625 1
vt 0.625 0.75
vt 0.625 1
vt 0.625 0.75
vt 0.625 1
vt 0.625 0.75
vt 0.625 1
vt 0.625 0.75
vt 0.625 1
vt 0.625 0.75
vt 0.625 1
vt 0.625 0.75
vt 0.625 1
vt 0.625 0.75
vt 0.375 0.75
vt 0.375 1
vt 0.625 0.5
vt 0.375 0.5
vt 0.125 0.5
vt 0.125 0.75
vt 0.375 0.25
vt 0.625 0.25
vt 0.625 0.25
vt 0.625 0.5
vt 0.625 0.25
vt 0.625 0.5
vt 0.625 0.25
vt 0.625 0.5
vt 0.625 0.25
vt 0.625 0.5
vt 0.625 0.25
vt 0.625 0.5
vt 0.625 0.25
vt 0.625 0.5
vt 0.625 0.5
vt 0.875 0.5
vt 0.875 0.75
vt 0.625 0.75
vt 0.625 0.5
vt 0.875 0.5
vt 0.875 0.75
vt 0.625 0.75
vt 0.125 0.5
vt 0.375 0.75
vt 0.125 0.75
vt 0.375 0.5
vt 0.625 0.5
vt 0.375 0.25
vt 0.625 0.25
vt 0.625 0.25
vt 0.625 0.5
vt 0.625 0.25
vt 0.625 0.5
vt 0.625 0.25
vt 0.625 0.5
vt 0.625 0.25
vt 0.625 0.5
vt 0.625 0.25
vt 0.625 0.5
vt 0.625 0.25
vt 0.625 0.5
vt 0.625 0.75
vt 0.625 1
vt 0.375 1
vt 0.625 0.75
vt 0.625 1
vt 0.625 0.75
vt 0.625 1
vt 0.625 0.75
vt 0.625 1
vt 0.625 0.75
vt 0.625 1
vt 0.625 0.75
vt 0.625 1
vt 0.625 0.75
vt 0.625 1
vt 0.625 0.75
vt 0.625 0.5
vt 0.625 0.75
vt 0.625 0.5
vt 0.625 0.75
vt 0.625 0.5
vt 0.625 0.75
vt 0.625 0.5
vt 0.625 0.75
vt 0.625 0.5
vt 0.625 0.75
vt 0.625 0.5
vt 0.625 0.75
vt 0.625 0.5
vt 0.625 0.75
vt 0.625 0.5
vt 0.625 0.75
vt 0.625 0.5
vt 0.625 0.75
vt 0.625 0.5
vt 0.625 0.75
vt 0.625 0.5
vt 0.625 0.75
vt 0.625 0.5
vt 0.625 0.75
vt 0.625 0.5
vt 0.625 0.75
vt 0.625 0.5
vt 0.625 0.75
vt 0.625 0.5
vt 0.625 0.5
vt 0.625 0.75
vt 0.625 0.5
vt 0.625 0.75
vt 0.625 0.5
vt 0.625 0.75
vt 0.625 0.5
vt 0.625 0.75
vt 0.625 0.5
vt 0.625 0.75
vt 0.625 0.5
vt 0.625 0.75
vt 0.875 0.5
vt 0.125 0.5
vt 0.375 1
vt 0.875 0.75
vt 0.625 0.5
vt 0.875 0.5
vt 0.875 0.75
vt 0.625 0.75
vt 0.625 1
vt 0.625 0.75
vt 0.625 1
vt 0.625 0.75
vt 0.625 1
vt 0.625 0.75
vt 0.625 1
vt 0.625 0.75
vt 0.625 1
vt 0.625 0.75
vt 0.625 1
vt 0.625 0.75
vt 0.625 1
vt 0.625 0.75
vt 0.375 0.75
vt 0.375 1
vt 0.625 0.5
vt 0.375 0.5
vt 0.125 0.5
vt 0.125 0.75
vt 0.375 0.25
vt 0.625 0.25
vt 0.625 0.25
vt 0.625 0.5
vt 0.625 0.25
vt 0.625 0.5
vt 0.625 0.25
vt 0.625 0.5
vt 0.625 0.25
vt 0.625 0.5
vt 0.625 0.25
vt 0.625 0.5
vt 0.625 0.25
vt 0.625 0.5
vt 0.875 0.5
vt 0.125 0.5
vt 0.375 1
vt 0.875 0.75
vt 0.875 0.5
vt 0.125 0.5
vt 0.375 1
vt 0.875 0.75
vt 0.875 0.5
vt 0.875 0.75
vt 0.875 0.75
vt 0.875 0.5
vt 0.875 0.75
vt 0.875 0.5
vt 0.875 0.75
vt 0.875 0.5
vt 0.875 0.75
vt 0.875 0.5
vt 0.875 0.75
vt 0.875 0.5
vt 0.875 0.75
vt 0.875 0.5
vt 0.875 0.5
vt 0.875 0.75
vt 0.875 0.5
vt 0.875 0.75
vt 0.875 0.5
vt 0.875 0.75
vt 0.875 0.5
vt 0.875 0.75
vt 0.875 0.5
vt 0.875 0.75
vt 0.875 0.5
vt 0.875 0.75
vt 0.875 0.5
vt 0.875 0.75
vt 0.875 0.5
vt 0.875 0.75
vt 0.875 0.75
vt 0.875 0.5
vt 0.875 0.75
vt 0.875 0.5
vt 0.875 0.75
vt 0.875 0.5
vt 0.875 0.75
vt 0.875 0.5
vt 0.875 0.75
vt 0.875 0.5
vt 0.875 0.75
vt 0.875 0.5
vt 0.625 1
vt 0.625 0.75
vt 0.625 1
vt 0.625 0.75
vt 0.625 1
vt 0.625 0.75
vt 0.625 1
vt 0.625 0.75
vt 0.625 1
vt 0.625 0.75
vt 0.625 1
vt 0.625 0.75
vt 0.625 1
vt 0.625 0.75
vt 0.375 0.75
vt 0.375 1
vt 0.625 0.5
vt 0.375 0.5
vt 0.125 0.5
vt 0.125 0.75
vt 0.375 0.25
vt 0.625 0.25
vt 0.625 0.25
vt 0.625 0.5
vt 0.625 0.25
vt 0.625 0.5
vt 0.625 0.25
vt 0.625 0.5
vt 0.625 0.25
vt 0.625 0.5
vt 0.625 0.25
vt 0.625 0.5
vt 0.625 0.25
vt 0.625 0.5
vt 0.625 0.5
vt 0.875 0.5
vt 0.875 0.75
vt 0.625 0.75
vt 0.625 0.5
vt 0.875 0.5
vt 0.875 0.75
vt 0.625 0.75
vt 0.125 0.5
vt 0.375 0.75
vt 0.125 0.75
vt 0.375 0.5
vt 0.625 0.5
vt 0.375 0.25
vt 0.625 0.25
vt 0.625 0.25
vt 0.625 0.5
vt 0.625 0.25
vt 0.625 0.5
vt 0.625 0.25
vt 0.625 0.5
vt 0.625 0.25
vt 0.625 0.5
vt 0.625 0.25
vt 0.625 0.5
vt 0.625 0.25
vt 0.625 0.5
vt 0.625 0.75
vt 0.625 1
vt 0.375 1
vt 0.625 0.75
vt 0.625 1
vt 0.625 0.75
vt 0.625 1
vt 0.625 0.75
vt 0.625 1
vt 0.625 0.75
vt 0.625 1
vt 0.625 0.75
vt 0.625 1
vt 0.625 0.75
vt 0.625 1
vt 0.625 0.75
vt 0.625 0.5
vt 0.625 0.75
vt 0.625 0.5
vt 0.625 0.75
vt 0.625 0.5
vt 0.625 0.75
vt 0.625 0.5
vt 0.625 0.75
vt 0.625 0.5
vt 0.625 0.75
vt 0.625 0.5
vt 0.625 0.75
vt 0.625 0.5
vt 0.625 0.75
vt 0.625 0.5
vt 0.625 0.75
vt 0.625 0.5
vt 0.625 0.75
vt 0.625 0.5
vt 0.625 0.75
vt 0.625 0.5
vt 0.625 0.75
vt 0.625 0.5
vt 0.625 0.75
vt 0.625 0.5
vt 0.625 0.75
vt 0.625 0.5
vt 0.625 0.75
vt 0.625 0.5
vt 0.625 0.5
vt 0.625 0.75
vt 0.625 0.5
vt 0.625 0.75
vt 0.625 0.5
vt 0.625 0.75
vt 0.625 0.5
vt 0.625 0.75
vt 0.625 0.5
vt 0.625 0.75
vt 0.625 0.5
vt 0.625 0.75
vt 0.875 0.5
vt 0.125 0.5
vt 0.375 1
vt 0.875 0.75
vt 0.625 0.5
vt 0.875 0.5
vt 0.875 0.75
vt 0.625 0.75
vt 0.625 1
vt 0.625 0.75
vt 0.625 1
vt 0.625 0.75
vt 0.625 1
vt 0.625 0.75
vt 0.625 1
vt 0.625 0.75
vt 0.625 1
vt 0.625 0.75
vt 0.625 1
vt 0.625 0.75
vt 0.625 1
vt 0.625 0.75
vt 0.375 0.75
vt 0.375 1
vt 0.625 0.5
vt 0.375 0.5
vt 0.125 0.5
vt 0.125 0.75
vt 0.375 0.25
vt 0.625 0.25
vt 0.625 0.25
vt 0.625 0.5
vt 0.625 0.25
vt 0.625 0.5
vt 0.625 0.25
vt 0.625 0.5
vt 0.625 0.25
vt 0.625 0.5
vt 0.625 0.25
vt 0.625 0.5
vt 0.625 0.25
vt 0.625 0.5
vt 0.875 0.5
vt 0.125 0.5
vt 0.375 1
vt 0.875 0.75
vt 0.875 0.5
vt 0.125 0.5
vt 0.375 1
vt 0.875 0.75
vn -1 0 0
vn -1 0 0
vn -1 0 0
vn -1 0 0
vn -1 0 0
vn -1 0 0
vn -0 0 1
vn -0 0 1
vn -0 0 1
vn -0 0 1
vn -0 0 1
vn -0 0 1
vn -0 0 1
vn -0 0 1
vn -0 0 1
vn -0 0 1
vn -0 0 1
vn -0 0 1
vn -0 0 1
vn -0 0 1
vn -0 0 1
vn -0 0 1
vn -0 0 1
vn -0 0 1
vn -0 0 1
vn -0 0 1
vn -0 0 1
vn -0 0 1
vn -0 0 1
vn -0 0 1
vn -0 0 1
vn -0 0 1
vn -0 0 1
vn -0 0 1
vn 0.0058890646 0.0011679174 0.999982
vn 0.0058890646 0.0011679174 0.999982
vn 0.0058890646 0.0011679174 0.999982
vn -0 0 1
vn -0 0 1
vn -0 0 1
vn 0.00520297 0.003846179 0.99997914
vn 0.00520297 0.003846179 0.99997914
vn 0.00520297 0.003846179 0.99997914
vn -0 0 1
vn -0 0 1
vn -0 0 1
vn -0.002154234 -0.0037224821 0.9999908
vn -0.002154234 -0.0037224821 0.9999908
vn -0.002154234 -0.0037224821 0.9999908
vn -0.002154234 -0.0037224821 0.9999908
vn -0.004050084 5.009668E-05 0.9999918
vn -0.004050084 5.009668E-05 0.9999918
vn -0.015871089 -0.0017265993 0.99987257
vn -0 0 1
vn -0 0 1
vn -0 0 1
vn -0.015871089 -0.0017265993 0.99987257
vn -0.015871089 -0.0017265993 0.99987257
vn -0.015871089 -0.0017265993 0.99987257
vn -0 0 1
vn -0 0 1
vn -0 0 1
vn -0 0 1
vn -0 0 1
vn -0 0 1
vn -0 0 1
vn -0 0 1
vn -0 0 1
vn -0 0 1
vn -0 0 1
vn -0 0 1
vn -0.0003904697 0.0026452506 0.9999964
vn -0.0003904697 0.0026452506 0.9999964
vn -0.0003904697 0.0026452506 0.9999964
vn -0.0003904697 0.0026452506 0.9999964
vn -0.0031152528 0.0026703076 0.99999166
vn -0.0031152528 0.0026703076 0.99999166
vn -0.0031152528 0.0026703076 0.99999166
vn -0.0031152528 0.0026703076 0.99999166
vn -0.0033664624 0.0029386613 0.99999
vn -0.0025783055 0.0029658927 0.99999225
vn -0.0025783055 0.0029658927 0.99999225
vn -0.0025783055 0.0029658927 0.99999225
vn -0.0025783055 0.0029658927 0.99999225
vn -0.0025783055 -0.0029658927 0.99999225
vn -0.0025783055 -0.0029658927 0.99999225
vn -0.0025783055 -0.0029658927 0.99999225
vn -0.0033664624 -0.0029386703 0.99999
vn -0.0033664624 -0.0029386703 0.99999
vn -0.32090852 0 0.9471102
vn -0.32090852 0 0.9471102
vn -0.32090852 0 0.9471102
vn -0.32090852 0 0.9471102
vn -0.32090843 0 0.9471102
vn -0.32090843 0 0.9471102
vn -0 -0.41960895 0.90770495
vn -0 -0.41960895 0.90770495
vn -0 -0.41960895 0.90770495
vn -0 -0.41960895 0.90770495
vn -0 0 1
vn -0 0 1
vn -0 0 1
vn -0 0 1
vn -0 0 1
vn -0 0 1
vn -0 0 1
vn -0 0 1
vn -0.0021776522 0.00028379576 0.9999976
vn -0.0064888312 0.00017492857 0.999979
vn -0.0064888312 0.00017492857 0.999979
vn -0.0021776522 0.00028379576 0.9999976
vn -0.0021776522 0.00028379576 0.9999976
vn -0.0021776522 0.00028379576 0.9999976
vn -0 0 1
vn -0 0 1
vn -0 0 1
vn -0 0 1
vn -0 0 1
vn -0 0 1
vn -0 0 1
vn -0 0 1
vn -0 0 1
vn -0 0 1
vn -0 0 1
vn -0 0 1
vn -0 0 1
vn -0 0 1
vn -0 0 1
vn 0.00019320192 0.0020593137 0.99999785
vn 0.00019320192 0.0020593137 0.99999785
vn 0.00019320192 0.0020593137 0.99999785
vn 0.00019320192 0.0020593137 0.99999785
vn -0.00046244124 0.0026594396 0.9999964
vn -0.00046244124 0.0026594396 0.9999964
vn -0.00046244124 0.0026594396 0.9999964
vn -0.0007792158 0.0070718587 0.9999747
vn 0.0013865228 0.0018208205 0.9999974
vn 0.00015446714 0.0046692365 0.99998915
vn 0.00015446714 0.0046692365 0.99998915
vn 0.00015446714 0.0046692365 0.99998915
vn 0.00015446714 0.0046692365 0.99998915
vn -0.0045622406 -0.009310634 0.99994624
vn -0.0045622406 -0.009310634 0.99994624
vn -0 0 1
vn -0 0 1
vn -0 0 1
vn -0 0 1
vn -0 0 1
vn -0 0 1
vn -0 0 1
vn -0 0 1
vn -0 0 1
vn -0 0 1
vn -0 0 1
vn -0 0 1
vn -0 0 1
vn -0 0 1
vn -0 0 1
vn -0 0 1
vn -0 0 1
vn -0 0 1
vn -0 0 1
vn -0 0 1
vn -0 0 1
vn -0 0 1
vn -0 0 1
vn -0 0 1
vn -0 0 1
vn -0 0 1
vn -0 0 1
vn -0 0 1
vn -0.0018368101 -0.005542951 0.99998295
vn -0.0018368101 -0.005542951 0.99998295
vn -0.0018368101 -0.005542951 0.99998295
vn -0.0018368101 -0.005542951 0.99998295
vn -0.0035364493 0.002938434 0.9999895
vn -0.0035364493 0.002938434 0.9999895
vn -0.0035364493 0.002938434 0.9999895
vn -0.3689371 -0.2729401 0.88847566
vn -0.3689371 -0.2729401 0.88847566
vn -0.3689371 -0.2729401 0.88847566
vn -0.3689371 -0.2729401 0.88847566
vn -0.87770677 -0.47919804 0
vn -0.87770677 -0.47919804 0
vn -0.87770677 -0.47919804 0
vn -0.87770677 -0.47919804 0
vn -0 0 1
vn -0 0 1
vn -0 0 1
vn -0 0 1
vn -0 0 1
vn -0 0 1
vn -0 0 1
vn -0 0 1
vn -0 0 1
vn -0 0 1
vn -0 0 1
vn -0 0 1
vn -0 0 1
vn -0 0 1
vn -0 0 1
vn -0 0 1
vn 0.0053358627 0.009854388 0.9999372
vn 0.0053358627 0.009854388 0.9999372
vn -0.0045780716 0.006092613 0.99997103
vn -0.0045780716 0.006092613 0.99997103
vn -0.0045780716 0.006092613 0.99997103
vn -0.0045780716 0.006092613 0.99997103
vn -0.0046123937 -0.0069104563 0.99996555
vn -0.0046123937 -0.0069104563 0.99996555
vn -0.0046123937 -0.0069104563 0.99996555
vn -0.0046123937 -0.0069104563 0.99996555
vn -0.0026317488 -0.013527154 0.9999051
vn -0.0026317488 -0.013527154 0.9999051
vn -0.0026317488 -0.013527154 0.9999051
vn -0 0 1
vn -0 0 1
vn -0 0 1
vn -0 0 1
vn 0.003006442 0.0060682567 0.9999771
vn 0.003006442 0.0060682567 0.9999771
vn 0.003006442 0.0060682567 0.9999771
vn 0.003006442 0.0060682567 0.9999771
vn -0.9997967 0.020105615 -0.0015343591
vn -0.9997967 0.020105615 -0.0015343591
vn -0.9997967 0.020105615 -0.0015343591
vn -0.9997967 0.020105615 -0.0015343591
vn -0 0 1
vn -0 0 1
vn -0 0 1
vn -0 0 1
vn -0 0 1
vn -0 0 1
vn -0 0 1
vn 1 0 0
vn 1 0 0
vn 1 0 0
vn 1 0 0
vn -0 -1 0
vn -0 -1 0
vn -0 -1 0
vn -0 -1 0
vn -1 0 0
vn -1 0 0
vn -1 0 0
vn -1 0 0
vn -0 1 0
vn -0 1 0
vn -0 1 0
vn -0 1 0
vn -0 0 -1
vn -0 0 -1
vn -0 0 -1
vn -0 0 -1
vn -0 0 1
vn -0 0 1
vn -0 0 1
vn -0 0 1
vn 1 0 0
vn 1 0 0
vn 1 0 0
vn 1 0 0
vn 1 0 0
vn 1 0 0
vn 1 0 0
vn 1 0 0
vn 1 0 0
vn 1 0 0
vn -0 -1 0
vn -0 -1 0
vn -0 -1 0
vn -0 -1 0
vn -1 0 0
vn -1 0 0
vn -1 0 0
vn -1 0 0
vn -1 0 0
vn -1 0 0
vn -1 0 0
vn -1 0 0
vn -1 0 0
vn -1 0 0
vn -0 1 0
vn -0 1 0
vn -0 1 0
vn -0 1 0
vn -0 0 -1
vn -0 0 -1
vn -0 0 -1
vn -0 0 -1
vn -0 0 -1
vn -0 0 -1
vn -0 0 -1
vn -0 0 -1
vn -0 0 -1
vn -0 0 -1
vn -0.034428827 -0.028416075 0.9990031
vn -0 0 1
vn -0 0 1
vn -0.08320386 -0.06867288 0.9941636
vn -0.09947326 0.039980657 0.9942367
vn -0.099264316 0.041507307 0.99419504
vn -0.03990597 0.08989368 0.9951515
vn -0.039905995 0.089893736 0.9951515
vn -0 0 1
vn -0 0 1
vn 1 0 0
vn 1 0 0
vn 1 0 0
vn 1 0 0
vn -0 -1 0
vn -0 -1 0
vn -0 -1 0
vn -0 -1 0
vn -1 0 0
vn -1 0 0
vn -1 0 0
vn -1 0 0
vn -0 1 0
vn -0 1 0
vn -0 1 0
vn -0 1 0
vn -0 0 -1
vn -0 0 -1
vn -0 0 -1
vn -0 0 -1
vn -0 0 1
vn -0 0 1
vn -0 0 1
vn -0 0 1
vn 1 0 0
vn 1 0 0
vn 1 0 0
vn 1 0 0
vn 1 0 0
vn 1 0 0
vn 1 0 0
vn 1 0 0
vn -0 -1 0
vn -0 -1 0
vn -0 -1 0
vn -0 -1 0
vn -1 0 0
vn -1 0 0
vn -1 0 0
vn -1 0 0
vn -1 0 0
vn -1 0 0
vn -1 0 0
vn -1 0 0
vn -0 1 0
vn -0 1 0
vn -0 1 0
vn -0 1 0
vn -0 0 -1
vn -0 0 -1
vn -0 0 -1
vn -0 0 -1
vn -0 0 -1
vn -0 0 -1
vn -0 0 -1
vn -0 0 -1
vn -0.041603234 -0.1080047 0.9932795
vn -0 0 1
vn -0 0 1
vn -0.041603263 -0.10800476 0.9932795
vn -0.08436762 -0.07687375 0.9934649
vn -0.08435325 -0.07904449 0.9932957
vn -0.0844758 0.057952628 0.9947389
vn -0.0844758 0.057952628 0.9947389
vn 1 0 0
vn 1 0 0
vn 1 0 0
vn 1 0 0
vn 1 0 0
vn 1 0 0
vn -0 -1 0
vn -0 -1 0
vn -0 -1 0
vn -0 -1 0
vn -1 0 0
vn -1 0 0
vn -1 0 0
vn -1 0 0
vn -1 0 0
vn -1 0 0
vn -0 1 0
vn -0 1 0
vn -0 1 0
vn -0 1 0
vn -0 0 -1
vn -0 0 -1
vn -0 0 -1
vn -0 0 -1
vn -0 0 -1
vn -0 0 -1
vn -0.10055774 -0.01939247 0.99474216
vn -0.10020114 -0.08631527 0.99121606
vn -0.10020114 -0.08631527 0.99121606
vn -0.10055709 -0.019724425 0.99473566
vn -0.10046589 0.046954166 0.993832
vn -0.10046589 0.046954166 0.993832
vn 1 0 0
vn 1 0 0
vn 1 0 0
vn 1 0 0
vn -0 -1 0
vn -0 -1 0
vn -0 -1 0
vn -0 -1 0
vn -1 0 0
vn -1 0 0
vn -1 0 0
vn -1 0 0
vn -0 1 0
vn -0 1 0
vn -0 1 0
vn -0 1 0
vn -0 0 -1
vn -0 0 -1
vn -0 0 -1
vn -0 0 -1
vn -0 0 1
vn -0 0 1
vn -0 0 1
vn -0 0 1
vn 1 0 0
vn 1 0 0
vn 1 0 0
vn 1 0 0
vn -0 -1 0
vn -0 -1 0
vn -0 -1 0
vn -0 -1 0
vn -1 0 0
vn -1 0 0
vn -1 0 0
vn -1 0 0
vn -0 1 0
vn -0 1 0
vn -0 1 0
vn -0 1 0
vn -0 0 -1
vn -0 0 -1
vn -0 0 -1
vn -0 0 -1
vn -0 0 1
vn -0 0 1
vn -0 0 1
vn -0 0 1
vn 1 0 0
vn 1 0 0
vn 1 0 0
vn 1 0 0
vn 1 0 0
vn 1 0 0
vn -0 -1 0
vn -0 -1 0
vn -0 -1 0
vn -0 -1 0
vn -1 0 0
vn -1 0 0
vn -1 0 0
vn -1 0 0
vn -1 0 0
vn -1 0 0
vn -0 1 0
vn -0 1 0
vn -0 1 0
vn -0 1 0
vn -0 0 -1
vn -0 0 -1
vn -0 0 -1
vn -0 0 -1
vn -0 0 -1
vn -0 0 -1
vn -0.1036237 0.06104472 0.99274147
vn -0.103739224 -0.038795415 0.99384767
vn -0.103739224 -0.038795415 0.99384767
vn -0.1036133 0.06266265 0.99264175
vn -0.102420665 0.16347551 0.9812165
vn -0.102420665 0.16347551 0.9812165
vn 1 0 0
vn 1 0 0
vn 1 0 0
vn 1 0 0
vn -0 -1 0
vn -0 -1 0
vn -0 -1 0
vn -0 -1 0
vn -1 0 0
vn -1 0 0
vn -1 0 0
vn -1 0 0
vn -0 1 0
vn -0 1 0
vn -0 1 0
vn -0 1 0
vn -0 0 -1
vn -0 0 -1
vn -0 0 -1
vn -0 0 -1
vn -0 0 1
vn -0 0 1
vn -0 0 1
vn -0 0 1
vn 1 0 0
vn 1 0 0
vn 1 0 0
vn 1 0 0
vn -0 -0.9998281 -0.018539276
vn -0 -0.9998281 -0.018539276
vn -0 -0.9998281 -0.018539276
vn -0 -0.9998281 -0.018539276
vn -1 0 0
vn -1 0 0
vn -1 0 0
vn -1 0 0
vn -0 0.9998281 0.018538788
vn -0 0.9998281 0.018538788
vn -0 0.9998281 0.018538788
vn -0 0.9998281 0.018538788
vn -0 0.07625258 -0.9970886
vn -0 0.07625258 -0.9970886
vn -0 0.07625258 -0.9970886
vn -0 0.07625258 -0.9970886
vn -0 -0.07625254 0.9970886
vn -0 -0.07625254 0.9970886
vn -0 -0.07625254 0.9970886
vn -0 -0.07625254 0.9970886
vn 1 0 0
vn 1 0 0
vn 1 0 0
vn 1 0 0
vn -0 -1 0
vn -0 -1 0
vn -0 -1 0
vn -0 -1 0
vn -1 0 0
vn -1 0 0
vn -1 0 0
vn -1 0 0
vn -0 1 0
vn -0 1 0
vn -0 1 0
vn -0 1 0
vn -0 0 -1
vn -0 0 -1
vn -0 0 -1
vn -0 0 -1
vn -0 0 1
vn -0 0 1
vn -0 0 1
vn -0 0 1
vn 0.9939779 0 -0.10958061
vn 0.9939779 0 -0.10958061
vn 0.9939779 0 -0.10958061
vn 0.9939779 0 -0.10958061
vn -0 -1 0
vn -0 -1 0
vn -0 -1 0
vn -0 -1 0
vn -0.9939779 0 0.10958061
vn -0.9939779 0 0.10958061
vn -0.9939779 0 0.10958061
vn -0.9939779 0 0.10958061
vn -0 1 0
vn -0 1 0
vn -0 1 0
vn -0 1 0
vn -0 0 -1
vn -0 0 -1
vn -0 0 -1
vn -0 0 -1
vn -0 0 1
vn -0 0 1
vn -0 0 1
vn -0 0 1
vn 0.7507286 0.6606107 0
vn 0.7507286 0.6606107 0
vn 0.7507286 0.6606107 0
vn 0.7507286 0.6606107 0
vn 0.66061026 -0.750729 0
vn 0.66061026 -0.750729 0
vn 0.66061026 -0.750729 0
vn 0.66061026 -0.750729 0
vn -0.7507292 -0.6606101 0
vn -0.7507292 -0.6606101 0
vn -0.7507292 -0.6606101 0
vn -0.7507292 -0.6606101 0
vn -0.6606106 0.7507287 0
vn -0.6606106 0.7507287 0
vn -0.6606106 0.7507287 0
vn -0.6606106 0.7507287 0
vn -0 0 -1
vn -0 0 -1
vn -0 0 -1
vn -0 0 -1
vn -0 0 1
vn -0 0 1
vn -0 0 1
vn -0 0 1
vn 0.7507295 0.6606097 0
vn 0.75072837 0.6606111 0
vn 0.75072837 0.6606111 0
vn 0.7507295 0.6606097 0
vn 0.75073016 0.6606088 0
vn 0.75073016 0.6606088 0
vn 0.7507293 0.66061 0
vn 0.7507293 0.66061 0
vn 0.7507289 0.6606105 0
vn 0.7507289 0.6606105 0
vn 0.66061133 -0.7507282 0
vn 0.66061133 -0.7507282 0
vn 0.66061133 -0.7507282 0
vn 0.66061133 -0.7507282 0
vn -0.7507301 -0.66060907 0
vn -0.7507281 -0.66061133 0
vn -0.7507281 -0.66061133 0
vn -0.75072896 -0.6606103 0
vn -0.75072944 -0.6606098 0
vn -0.75072944 -0.66060984 0
vn -0.75072837 -0.6606109 0
vn -0.7507285 -0.66061085 0
vn -0.7507289 -0.6606105 0
vn -0.7507289 -0.6606105 0
vn -0.6606097 0.7507295 0
vn -0.6606097 0.7507295 0
vn -0.6606097 0.7507295 0
vn -0.6606097 0.7507295 0
vn -0 0 -1
vn -0 0 -1
vn -0 0 -1
vn -0 0 -1
vn -0 0 -1
vn -0 0 -1
vn -0 0 -1
vn -0 0 -1
vn -0 0 -1
vn -0 0 -1
vn -0.007074701 -0.044076614 0.9990031
vn -0 0 1
vn -0 0 1
vn -0.01709735 -0.10651946 0.9941637
vn -0.10108858 -0.035698134 0.9942367
vn -0.10194009 -0.034414224 0.99419504
vn -0.08934295 0.041123312 0.99515164
vn -0.08934302 0.041123338 0.99515164
vn -0 0 1
vn -0 0 1
vn 0.75072926 0.6606101 0
vn 0.75072926 0.6606101 0
vn 0.75072926 0.6606101 0
vn 0.75072926 0.6606101 0
vn 0.66061044 -0.7507289 0
vn 0.66061044 -0.7507289 0
vn 0.66061044 -0.7507289 0
vn 0.66061044 -0.7507289 0
vn -0.7507293 -0.66060996 0
vn -0.7507293 -0.66060996 0
vn -0.7507293 -0.66060996 0
vn -0.7507293 -0.66060996 0
vn -0.66061074 0.7507287 0
vn -0.66061074 0.7507287 0
vn -0.66061074 0.7507287 0
vn -0.66061074 0.7507287 0
vn -0 0 -1
vn -0 0 -1
vn -0 0 -1
vn -0 0 -1
vn -0 0 1
vn -0 0 1
vn -0 0 1
vn -0 0 1
vn 0.75072885 0.6606105 0
vn 0.7507293 0.66061 0
vn 0.7507293 0.66061 0
vn 0.75072885 0.6606105 0
vn 0.7507289 0.66061044 0
vn 0.7507289 0.66061044 0
vn 0.7507294 0.6606099 0
vn 0.7507294 0.6606099 0
vn 0.66061056 -0.7507288 0
vn 0.66061056 -0.7507288 0
vn 0.66061056 -0.7507288 0
vn 0.66061056 -0.7507288 0
vn -0.75072944 -0.6606097 0
vn -0.750729 -0.6606102 0
vn -0.750729 -0.6606102 0
vn -0.75072944 -0.6606098 0
vn -0.75072944 -0.6606098 0
vn -0.7507295 -0.6606097 0
vn -0.750729 -0.66061026 0
vn -0.750729 -0.66061026 0
vn -0.6606101 0.75072926 0
vn -0.6606101 0.75072926 0
vn -0.6606101 0.75072926 0
vn -0.6606101 0.75072926 0
vn -0 0 -1
vn -0 0 -1
vn -0 0 -1
vn -0 0 -1
vn -0 0 -1
vn -0 0 -1
vn -0 0 -1
vn -0 0 -1
vn 0.040116407 -0.10856594 0.9932795
vn -0 0 1
vn -0 0 1
vn 0.040116385 -0.10856589 0.9932795
vn -0.012553605 -0.11344537 0.9934649
vn -0.01110883 -0.11506552 0.99329585
vn -0.101702645 -0.012298719 0.99473876
vn -0.101702645 -0.012298719 0.99473876
vn 0.7507291 0.66061014 0
vn 0.7507284 0.6606109 0
vn 0.7507284 0.6606109 0
vn 0.7507291 0.66061014 0
vn 0.7507298 0.6606095 0
vn 0.7507298 0.6606095 0
vn 0.6606101 -0.75072926 0
vn 0.6606101 -0.75072926 0
vn 0.6606101 -0.75072926 0
vn 0.6606101 -0.75072926 0
vn -0.7507292 -0.66061014 0
vn -0.75072956 -0.6606096 0
vn -0.75072956 -0.6606096 0
vn -0.7507292 -0.66061014 0
vn -0.7507287 -0.6606107 0
vn -0.7507287 -0.6606107 0
vn -0.66061026 0.75072896 0
vn -0.66061026 0.75072896 0
vn -0.66061026 0.75072896 0
vn -0.66061026 0.75072896 0
vn -0 0 -1
vn -0 0 -1
vn -0 0 -1
vn -0 0 -1
vn -0 0 -1
vn -0 0 -1
vn -0.06268097 -0.080988035 0.99474216
vn -0.01820348 -0.13099335 0.99121606
vn -0.01820348 -0.13099335 0.99121606
vn -0.06246127 -0.08123672 0.99473566
vn -0.10644124 -0.03111892 0.9938319
vn -0.10644124 -0.03111892 0.9938319
vn 0.75072896 0.6606104 0
vn 0.75072896 0.6606104 0
vn 0.75072896 0.6606104 0
vn 0.75072896 0.6606104 0
vn 0.6606101 -0.75072926 0
vn 0.6606101 -0.75072926 0
vn 0.6606101 -0.75072926 0
vn 0.6606101 -0.75072926 0
vn -0.75072926 -0.66061 0
vn -0.75072926 -0.66061 0
vn -0.75072926 -0.66061 0
vn -0.75072926 -0.66061 0
vn -0.66061103 0.75072837 0
vn -0.66061103 0.75072837 0
vn -0.66061103 0.75072837 0
vn -0.66061103 0.75072837 0
vn -0 0 -1
vn -0 0 -1
vn -0 0 -1
vn -0 0 -1
vn -0 0 1
vn -0 0 1
vn -0 0 1
vn -0 0 1
vn 0.7507291 0.66061014 0
vn 0.7507291 0.66061014 0
vn 0.7507291 0.66061014 0
vn 0.7507291 0.66061014 0
vn 0.6606109 -0.75072837 0
vn 0.6606109 -0.75072837 0
vn 0.6606109 -0.75072837 0
vn 0.6606109 -0.75072837 0
vn -0.7507293 -0.66060996 0
vn -0.7507293 -0.66060996 0
vn -0.7507293 -0.66060996 0
vn -0.7507293 -0.66060996 0
vn -0.6606101 0.7507292 0
vn -0.6606101 0.7507292 0
vn -0.6606101 0.7507292 0
vn -0.6606101 0.7507292 0
vn -0 0 -1
vn -0 0 -1
vn -0 0 -1
vn -0 0 -1
vn -0 0 1
vn -0 0 1
vn -0 0 1
vn -0 0 1
vn 0.7507294 0.6606099 0
vn 0.7507291 0.6606102 0
vn 0.7507291 0.6606102 0
vn 0.7507294 0.6606099 0
vn 0.7507296 0.6606095 0
vn 0.7507296 0.6606095 0
vn 0.6606105 -0.75072885 0
vn 0.6606105 -0.75072885 0
vn 0.6606105 -0.75072885 0
vn 0.6606105 -0.75072885 0
vn -0.75072926 -0.66061 0
vn -0.7507289 -0.6606105 0
vn -0.7507289 -0.6606105 0
vn -0.75072926 -0.66061 0
vn -0.75072956 -0.6606096 0
vn -0.75072956 -0.6606096 0
vn -0.6606104 0.75072896 0
vn -0.6606104 0.75072896 0
vn -0.6606104 0.75072896 0
vn -0.6606104 0.75072896 0
vn -0 0 -1
vn -0 0 -1
vn -0 0 -1
vn -0 0 -1
vn -0 0 -1
vn -0 0 -1
vn -0.11811999 -0.02262688 0.99274147
vn -0.052251536 -0.09765591 0.99384767
vn -0.052251536 -0.09765591 0.99384767
vn -0.11918104 -0.021405337 0.99264175
vn -0.1848835 0.055065535 0.9812166
vn -0.1848835 0.055065535 0.9812166
vn 0.75072896 0.66061026 0
vn 0.75072896 0.66061026 0
vn 0.75072896 0.66061026 0
vn 0.75072896 0.66061026 0
vn 0.6606123 -0.7507273 0
vn 0.6606123 -0.7507273 0
vn 0.6606123 -0.7507273 0
vn 0.6606123 -0.7507273 0
vn -0.75072944 -0.6606098 0
vn -0.75072944 -0.6606098 0
vn -0.75072944 -0.6606098 0
vn -0.75072944 -0.6606098 0
vn -0.6606105 0.75072885 0
vn -0.6606105 0.75072885 0
vn -0.6606105 0.75072885 0
vn -0.6606105 0.75072885 0
vn -0 0 -1
vn -0 0 -1
vn -0 0 -1
vn -0 0 -1
vn -0 0 1
vn -0 0 1
vn -0 0 1
vn -0 0 1
vn 0.7507299 0.6606093 0
vn 0.7507299 0.6606093 0
vn 0.7507299 0.6606093 0
vn 0.7507299 0.6606093 0
vn 0.660495 -0.75060153 -0.018540049
vn 0.660495 -0.75060153 -0.018540049
vn 0.660495 -0.75060153 -0.018540049
vn 0.660495 -0.75060153 -0.018540049
vn -0.75072885 -0.66061044 0
vn -0.75072885 -0.66061044 0
vn -0.75072885 -0.66061044 0
vn -0.75072885 -0.66061044 0
vn -0.6604976 0.75059927 0.018538725
vn -0.6604976 0.75059927 0.018538725
vn -0.6604976 0.75059927 0.018538725
vn -0.6604976 0.75059927 0.018538725
vn -0.050373077 0.057245154 -0.9970886
vn -0.050373077 0.057245154 -0.9970886
vn -0.050373077 0.057245154 -0.9970886
vn -0.050373077 0.057245154 -0.9970886
vn 0.05037338 -0.057245128 0.9970885
vn 0.05037338 -0.057245128 0.9970885
vn 0.05037338 -0.057245128 0.9970885
vn 0.05037338 -0.057245128 0.9970885
vn 0.75072974 0.6606095 0
vn 0.75072974 0.6606095 0
vn 0.75072974 0.6606095 0
vn 0.75072974 0.6606095 0
vn 0.66061175 -0.7507278 0
vn 0.66061175 -0.7507278 0
vn 0.66061175 -0.7507278 0
vn 0.66061175 -0.7507278 0
vn -0.75072944 -0.6606097 0
vn -0.75072944 -0.6606097 0
vn -0.75072944 -0.6606097 0
vn -0.75072944 -0.6606097 0
vn -0.6606086 0.7507305 0
vn -0.6606086 0.7507305 0
vn -0.6606086 0.7507305 0
vn -0.6606086 0.7507305 0
vn -0 0 -1
vn -0 0 -1
vn -0 0 -1
vn -0 0 -1
vn -0 0 1
vn -0 0 1
vn -0 0 1
vn -0 0 1
vn 0.74620855 0.6566315 -0.109580226
vn 0.74620855 0.6566315 -0.109580226
vn 0.74620855 0.6566315 -0.109580226
vn 0.74620855 0.6566315 -0.109580226
vn 0.6606104 -0.7507289 0
vn 0.6606104 -0.7507289 0
vn 0.6606104 -0.7507289 0
vn 0.6606104 -0.7507289 0
vn -0.7462088 -0.6566311 0.10958133
vn -0.7462088 -0.6566311 0.10958133
vn -0.7462088 -0.6566311 0.10958133
vn -0.7462088 -0.6566311 0.10958133
vn -0.66061026 0.75072896 0
vn -0.66061026 0.75072896 0
vn -0.66061026 0.75072896 0
vn -0.66061026 0.75072896 0
vn -0 0 -1
vn -0 0 -1
vn -0 0 -1
vn -0 0 -1
vn -0 0 1
vn -0 0 1
vn -0 0 1
vn -0 0 1
vn -0 1 0
vn -0 1 0
vn -0 1 0
vn -0 1 0
vn 1 0 0
vn 1 0 0
vn 1 0 0
vn 1 0 0
vn -0 -1 0
vn -0 -1 0
vn -0 -1 0
vn -0 -1 0
vn -1 0 0
vn -1 0 0
vn -1 0 0
vn -1 0 0
vn -0 0 -1
vn -0 0 -1
vn -0 0 -1
vn -0 0 -1
vn -0 0 1
vn -0 0 1
vn -0 0 1
vn -0 0 1
vn -0 1 0
vn -0 1 0
vn -0 1 0
vn -0 1 0
vn -0 1 0
vn -0 1 0
vn -0 1 0
vn -0 1 0
vn -0 1 0
vn -0 1 0
vn 1 0 0
vn 1 0 0
vn 1 0 0
vn 1 0 0
vn -0 -1 0
vn -0 -1 0
vn -0 -1 0
vn -0 -1 0
vn -0 -1 0
vn -0 -1 0
vn -0 -1 0
vn -0 -1 0
vn -0 -1 0
vn -0 -1 0
vn -1 0 0
vn -1 0 0
vn -1 0 0
vn -1 0 0
vn -0 0 -1
vn -0 0 -1
vn -0 0 -1
vn -0 0 -1
vn -0 0 -1
vn -0 0 -1
vn -0 0 -1
vn -0 0 -1
vn -0 0 -1
vn -0 0 -1
vn 0.010614757 -0.0233971 0.9996699
vn -0 0 1
vn -0 0 1
vn 0.04284021 -0.09442791 0.9946095
vn -0.022649081 -0.09936772 0.994793
vn -0.023136701 -0.09924892 0.9947936
vn -0.04983393 -0.040246256 0.9979463
vn -0.04983391 -0.040246237 0.9979463
vn -0 0 1
vn -0 0 1
vn -0 1 0
vn -0 1 0
vn -0 1 0
vn -0 1 0
vn 1 0 0
vn 1 0 0
vn 1 0 0
vn 1 0 0
vn -0 -1 0
vn -0 -1 0
vn -0 -1 0
vn -0 -1 0
vn -1 0 0
vn -1 0 0
vn -1 0 0
vn -1 0 0
vn -0 0 -1
vn -0 0 -1
vn -0 0 -1
vn -0 0 -1
vn -0 0 1
vn -0 0 1
vn -0 0 1
vn -0 0 1
vn -0 1 0
vn -0 1 0
vn -0 1 0
vn -0 1 0
vn -0 1 0
vn -0 1 0
vn -0 1 0
vn -0 1 0
vn 1 0 0
vn 1 0 0
vn 1 0 0
vn 1 0 0
vn -0 -1 0
vn -0 -1 0
vn -0 -1 0
vn -0 -1 0
vn -0 -1 0
vn -0 -1 0
vn -0 -1 0
vn -0 -1 0
vn -1 0 0
vn -1 0 0
vn -1 0 0
vn -1 0 0
vn -0 0 -1
vn -0 0 -1
vn -0 0 -1
vn -0 0 -1
vn -0 0 -1
vn -0 0 -1
vn -0 0 -1
vn -0 0 -1
vn 0.060101584 -0.04211741 0.99730337
vn -0 0 1
vn -0 0 1
vn 0.06010164 -0.042117447 0.99730337
vn 0.043413445 -0.08453816 0.99547404
vn 0.044120714 -0.08453553 0.9954431
vn -0.031892635 -0.08457492 0.9959066
vn -0.031892635 -0.08457492 0.9959066
vn -0 1 0
vn -0 1 0
vn -0 1 0
vn -0 1 0
vn -0 1 0
vn -0 1 0
vn 1 0 0
vn 1 0 0
vn 1 0 0
vn 1 0 0
vn -0 -1 0
vn -0 -1 0
vn -0 -1 0
vn -0 -1 0
vn -0 -1 0
vn -0 -1 0
vn -1 0 0
vn -1 0 0
vn -1 0 0
vn -1 0 0
vn -0 0 -1
vn -0 0 -1
vn -0 0 -1
vn -0 0 -1
vn -0 0 -1
vn -0 0 -1
vn 0.010775807 -0.100570865 0.9948715
vn 0.04756947 -0.100462794 0.993803
vn 0.04756947 -0.100462794 0.993803
vn 0.01087724 -0.100570776 0.99487054
vn -0.025829626 -0.1005432 0.9945973
vn -0.025829626 -0.1005432 0.9945973
vn -0 1 0
vn -0 1 0
vn -0 1 0
vn -0 1 0
vn 1 0 0
vn 1 0 0
vn 1 0 0
vn 1 0 0
vn -0 -1 0
vn -0 -1 0
vn -0 -1 0
vn -0 -1 0
vn -1 0 0
vn -1 0 0
vn -1 0 0
vn -1 0 0
vn -0 0 -1
vn -0 0 -1
vn -0 0 -1
vn -0 0 -1
vn -0 0 1
vn -0 0 1
vn -0 0 1
vn -0 0 1
vn -0 1 0
vn -0 1 0
vn -0 1 0
vn -0 1 0
vn 1 0 0
vn 1 0 0
vn 1 0 0
vn 1 0 0
vn -0 -1 0
vn -0 -1 0
vn -0 -1 0
vn -0 -1 0
vn -1 0 0
vn -1 0 0
vn -1 0 0
vn -1 0 0
vn -0 0 -1
vn -0 0 -1
vn -0 0 -1
vn -0 0 -1
vn -0 0 1
vn -0 0 1
vn -0 0 1
vn -0 0 1
vn -0 1 0
vn -0 1 0
vn -0 1 0
vn -0 1 0
vn -0 1 0
vn -0 1 0
vn 1 0 0
vn 1 0 0
vn 1 0 0
vn 1 0 0
vn -0 -1 0
vn -0 -1 0
vn -0 -1 0
vn -0 -1 0
vn -0 -1 0
vn -0 -1 0
vn -1 0 0
vn -1 0 0
vn -1 0 0
vn -1 0 0
vn -0 0 -1
vn -0 0 -1
vn -0 0 -1
vn -0 0 -1
vn -0 0 -1
vn -0 0 -1
vn -0.034232546 -0.10375658 0.9940135
vn 0.021336244 -0.103793755 0.9943699
vn 0.021336244 -0.103793755 0.9943699
vn -0.034740783 -0.10375475 0.993996
vn -0.090708524 -0.10338947 0.99049616
vn -0.090708524 -0.10338947 0.99049616
vn -0 1 0
vn -0 1 0
vn -0 1 0
vn -0 1 0
vn 1 0 0
vn 1 0 0
vn 1 0 0
vn 1 0 0
vn -0 -1 0
vn -0 -1 0
vn -0 -1 0
vn -0 -1 0
vn -1 0 0
vn -1 0 0
vn -1 0 0
vn -1 0 0
vn -0 0 -1
vn -0 0 -1
vn -0 0 -1
vn -0 0 -1
vn -0 0 1
vn -0 0 1
vn -0 0 1
vn -0 0 1
vn -0 1 0
vn -0 1 0
vn -0 1 0
vn -0 1 0
vn 0.99943155 0 -0.033713598
vn 0.99943155 0 -0.033713598
vn 0.99943155 0 -0.033713598
vn 0.99943155 0 -0.033713598
vn -0 -1 0
vn -0 -1 0
vn -0 -1 0
vn -0 -1 0
vn -0.99943143 0 0.033714212
vn -0.99943143 0 0.033714212
vn -0.99943143 0 0.033714212
vn -0.99943143 0 0.033714212
vn -0.041999742 0 -0.9991177
vn -0.041999742 0 -0.9991177
vn -0.041999742 0 -0.9991177
vn -0.041999742 0 -0.9991177
vn 0.041999735 0 0.9991177
vn 0.041999735 0 0.9991177
vn 0.041999735 0 0.9991177
vn 0.041999735 0 0.9991177
vn -0 1 0
vn -0 1 0
vn -0 1 0
vn -0 1 0
vn 1 0 0
vn 1 0 0
vn 1 0 0
vn 1 0 0
vn -0 -1 0
vn -0 -1 0
vn -0 -1 0
vn -0 -1 0
vn -1 0 0
vn -1 0 0
vn -1 0 0
vn -1 0 0
vn -0 0 -1
vn -0 0 -1
vn -0 0 -1
vn -0 0 -1
vn -0 0 1
vn -0 0 1
vn -0 0 1
vn -0 0 1
vn -0 0.9939779 -0.10958052
vn -0 0.9939779 -0.10958052
vn -0 0.9939779 -0.10958052
vn -0 0.9939779 -0.10958052
vn 1 0 0
vn 1 0 0
vn 1 0 0
vn 1 0 0
vn -0 -0.9939779 0.10958084
vn -0 -0.9939779 0.10958084
vn -0 -0.9939779 0.10958084
vn -0 -0.9939779 0.10958084
vn -1 0 0
vn -1 0 0
vn -1 0 0
vn -1 0 0
vn -0 0 -1
vn -0 0 -1
vn -0 0 -1
vn -0 0 -1
vn -0 0 1
vn -0 0 1
vn -0 0 1
vn -0 0 1
vn -0 0 1
vn -0 0 1
vn -0 0 1
vn -0 0 1
vn -0 0 1
vn -0 0 1
vn -0 0 1
vn -0 0 1
vn -0 0 1
vn -0 0 1
vn -0 0 1
vn -0 0 1
vn -0 0 1
vn -0 0 1
vn -0 0 1
vn -0 0 1
vn -0 0 1
vn -0 0 1
vn -0 0 1
vn -0 0 1
vn -0 0 1
vn -0 0 1
vn -0 0 1
vn -0 0 1
vn -0 0 1
vn -0 0 1
vn -0 0 1
vn -0 0 1
vn -0 0 1
vn -0 0 1
vn -0 0 1
vn -0 0 1
vn -0 0 1
vn -0 0 1
vn -0 0 1
vn -0 0 1
vn -0 0 1
vn 0.0058890646 -0.0011679174 0.999982
vn 0.0058890646 -0.0011679174 0.999982
vn 0.0058890646 -0.0011679174 0.999982
vn -0 0 1
vn -0 0 1
vn -0 0 1
vn 0.0052029667 -0.003846179 0.99997914
vn 0.0052029667 -0.003846179 0.99997914
vn 0.0052029667 -0.003846179 0.99997914
vn -0 0 1
vn -0 0 1
vn -0 0 1
vn -0.0021542397 0.0037224821 0.9999908
vn -0.0021542397 0.0037224821 0.9999908
vn -0.0021542397 0.0037224821 0.9999908
vn -0.0021542397 0.0037224821 0.9999908
vn -0.0040500676 -5.0096434E-05 0.9999918
vn -0.0040500676 -5.0096434E-05 0.9999918
vn -0.015871072 0.0017266002 0.99987257
vn -0 0 1
vn -0 0 1
vn -0 0 1
vn -0.015871072 0.0017266002 0.99987257
vn -0.015871072 0.0017266002 0.99987257
vn -0.015871072 0.0017266002 0.99987257
vn -0 0 1
vn -0 0 1
vn -0 0 1
vn -0 0 1
vn -0 0 1
vn -0 0 1
vn -0 0 1
vn -0 0 1
vn -0 0 1
vn -0 0 1
vn -0 0 1
vn -0 0 1
vn -0 0 1
vn -0 0 1
vn -0 0 1
vn -0 0 1
vn -0.0003904697 -0.0026452506 0.9999964
vn -0.0003904697 -0.0026452506 0.9999964
vn -0.0003904697 -0.0026452506 0.9999964
vn -0.0003904697 -0.0026452506 0.9999964
vn -0.0031152528 -0.0026703067 0.99999166
vn -0.0031152528 -0.0026703067 0.99999166
vn -0.0031152528 -0.0026703067 0.99999166
vn -0.0031152528 -0.0026703067 0.99999166
vn -0.32090852 0 0.9471102
vn -0.32090852 0 0.9471102
vn -0.32090852 0 0.9471102
vn -0.32090852 0 0.9471102
vn -0.32090843 0 0.9471102
vn -0.32090843 0 0.9471102
vn -0 0.41960895 0.90770495
vn -0 0.41960895 0.90770495
vn -0 0.41960895 0.90770495
vn -0 0.41960895 0.90770495
vn -0 0 1
vn -0 0 1
vn -0 0 1
vn -0 0 1
vn -0 0 1
vn -0 0 1
vn -0 0 1
vn -0 0 1
vn -0 0 1
vn -0 0 1
vn -0 0 1
vn -0 0 1
vn -0 0 1
vn -0 0 1
vn -0 0 1
vn -0.002176501 -0.00028379576 0.9999976
vn -0.006489475 -0.00017492854 0.9999789
vn -0.006489475 -0.00017492854 0.9999789
vn -0.002176501 -0.00028379576 0.9999976
vn -0.002176501 -0.00028379576 0.9999976
vn -0.002176501 -0.00028379576 0.9999976
vn -0 0 1
vn -0 0 1
vn -0 0 1
vn 0.00019320192 -0.0020593137 0.99999785
vn 0.00019320192 -0.0020593137 0.99999785
vn 0.00019320192 -0.0020593137 0.99999785
vn 0.00019320192 -0.0020593137 0.99999785
vn -0.00046244133 -0.0026594384 0.9999964
vn -0.00046244133 -0.0026594384 0.9999964
vn -0.00046244133 -0.0026594384 0.9999964
vn -0.0007792158 -0.0070718587 0.9999747
vn 0.0013865706 -0.0018208202 0.9999974
vn 0.00015446714 -0.0046692365 0.99998915
vn 0.00015446714 -0.0046692365 0.99998915
vn 0.00015446714 -0.0046692365 0.99998915
vn 0.00015446714 -0.0046692365 0.99998915
vn -0.004562242 0.009310637 0.99994624
vn -0.004562242 0.009310637 0.99994624
vn -0 0 1
vn -0 0 1
vn -0 0 1
vn -0 0 1
vn -0 0 1
vn -0 0 1
vn -0 0 1
vn -0 0 1
vn -0 0 1
vn -0 0 1
vn -0 0 1
vn -0 0 1
vn -0 0 1
vn -0 0 1
vn -0 0 1
vn -0 0 1
vn -0 0 1
vn -0 0 1
vn -0 0 1
vn -0 0 1
vn -0.0018368101 0.005542951 0.99998295
vn -0.0018368101 0.005542951 0.99998295
vn -0.0018368101 0.005542951 0.99998295
vn -0.0018368101 0.005542951 0.99998295
vn -0.0035364493 -0.0029384329 0.9999895
vn -0.0035364493 -0.0029384329 0.9999895
vn -0.0035364493 -0.0029384329 0.9999895
vn -0.36893713 0.27294013 0.88847566
vn -0.36893713 0.27294013 0.88847566
vn -0.36893713 0.27294013 0.88847566
vn -0.36893713 0.27294013 0.88847566
vn -0.87770677 0.47919804 0
vn -0.87770677 0.47919804 0
vn -0.87770677 0.47919804 0
vn -0.87770677 0.47919804 0
vn -0 0 1
vn -0 0 1
vn -0 0 1
vn -0 0 1
vn -0 0 1
vn -0 0 1
vn -0 0 1
vn -0 0 1
vn -0 0 1
vn -0 0 1
vn -0 0 1
vn -0 0 1
vn -0 0 1
vn -0 0 1
vn -0 0 1
vn -0 0 1
vn 0.0053358627 -0.0098543875 0.9999372
vn 0.0053358627 -0.0098543875 0.9999372
vn -0.004578173 -0.0060926126 0.99997103
vn -0.004578173 -0.0060926126 0.99997103
vn -0.004578173 -0.0060926126 0.99997103
vn -0.004578173 -0.0060926126 0.99997103
vn -0.004612392 0.0069104563 0.99996555
vn -0.004612392 0.0069104563 0.99996555
vn -0.004612392 0.0069104563 0.99996555
vn -0.004612392 0.0069104563 0.99996555
vn -0.0026317944 0.013527155 0.9999051
vn -0.0026317944 0.013527155 0.9999051
vn -0.0026317944 0.013527155 0.9999051
vn 0.0030063805 -0.0060682567 0.9999771
vn 0.0030063805 -0.0060682567 0.9999771
vn 0.0030063805 -0.0060682567 0.9999771
vn 0.0030063805 -0.0060682567 0.9999771
vn -0.9997967 -0.020105591 -0.001534356
vn -0.9997967 -0.020105591 -0.001534356
vn -0.9997967 -0.020105591 -0.001534356
vn -0.9997967 -0.020105591 -0.001534356
vn -0 0 1
vn -0 0 1
vn -0 0 1
vn -0 0 1
vn 1 0 0
vn 1 0 0
vn 1 0 0
vn 1 0 0
vn -0 1 0
vn -0 1 0
vn -0 1 0
vn -0 1 0
vn -1 0 0
vn -1 0 0
vn -1 0 0
vn -1 0 0
vn -0 -1 0
vn -0 -1 0
vn -0 -1 0
vn -0 -1 0
vn -0 0 -1
vn -0 0 -1
vn -0 0 -1
vn -0 0 -1
vn -0 0 1
vn -0 0 1
vn -0 0 1
vn -0 0 1
vn 1 0 0
vn 1 0 0
vn 1 0 0
vn 1 0 0
vn 1 0 0
vn 1 0 0
vn 1 0 0
vn 1 0 0
vn 1 0 0
vn 1 0 0
vn -0 1 0
vn -0 1 0
vn -0 1 0
vn -0 1 0
vn -1 0 0
vn -1 0 0
vn -1 0 0
vn -1 0 0
vn -1 0 0
vn -1 0 0
vn -1 0 0
vn -1 0 0
vn -1 0 0
vn -1 0 0
vn -0 -1 0
vn -0 -1 0
vn -0 -1 0
vn -0 -1 0
vn -0 0 -1
vn -0 0 -1
vn -0 0 -1
vn -0 0 -1
vn -0 0 -1
vn -0 0 -1
vn -0 0 -1
vn -0 0 -1
vn -0 0 -1
vn -0 0 -1
vn -0.034428854 0.028416075 0.9990031
vn -0 0 1
vn -0 0 1
vn -0.08320392 0.06867288 0.9941636
vn -0.099473305 -0.039980654 0.99423665
vn -0.09926436 -0.041507307 0.99419504
vn -0.039906006 -0.08989368 0.9951515
vn -0.03990603 -0.08989373 0.9951515
vn -0 0 1
vn -0 0 1
vn 1 0 0
vn 1 0 0
vn 1 0 0
vn 1 0 0
vn -0 1 0
vn -0 1 0
vn -0 1 0
vn -0 1 0
vn -1 0 0
vn -1 0 0
vn -1 0 0
vn -1 0 0
vn -0 -1 0
vn -0 -1 0
vn -0 -1 0
vn -0 -1 0
vn -0 0 -1
vn -0 0 -1
vn -0 0 -1
vn -0 0 -1
vn -0 0 1
vn -0 0 1
vn -0 0 1
vn -0 0 1
vn 1 0 0
vn 1 0 0
vn 1 0 0
vn 1 0 0
vn 1 0 0
vn 1 0 0
vn 1 0 0
vn 1 0 0
vn -0 1 0
vn -0 1 0
vn -0 1 0
vn -0 1 0
vn -1 0 0
vn -1 0 0
vn -1 0 0
vn -1 0 0
vn -1 0 0
vn -1 0 0
vn -1 0 0
vn -1 0 0
vn -0 -1 0
vn -0 -1 0
vn -0 -1 0
vn -0 -1 0
vn -0 0 -1
vn -0 0 -1
vn -0 0 -1
vn -0 0 -1
vn -0 0 -1
vn -0 0 -1
vn -0 0 -1
vn -0 0 -1
vn -0.041603267 0.1080047 0.9932795
vn -0 0 1
vn -0 0 1
vn -0.041603297 0.10800476 0.9932795
vn -0.084367655 0.07687375 0.9934649
vn -0.08435329 0.07904449 0.9932957
vn -0.08447588 -0.057952628 0.9947389
vn -0.08447588 -0.057952628 0.9947389
vn 1 0 0
vn 1 0 0
vn 1 0 0
vn 1 0 0
vn 1 0 0
vn 1 0 0
vn -0 1 0
vn -0 1 0
vn -0 1 0
vn -0 1 0
vn -1 0 0
vn -1 0 0
vn -1 0 0
vn -1 0 0
vn -1 0 0
vn -1 0 0
vn -0 -1 0
vn -0 -1 0
vn -0 -1 0
vn -0 -1 0
vn -0 0 -1
vn -0 0 -1
vn -0 0 -1
vn -0 0 -1
vn -0 0 -1
vn -0 0 -1
vn -0.10055767 0.019392462 0.9947423
vn -0.10020112 0.08631525 0.99121606
vn -0.10020112 0.08631525 0.99121606
vn -0.10055701 0.019724414 0.99473566
vn -0.100465745 -0.046954162 0.993832
vn -0.100465745 -0.046954162 0.993832
vn 1 0 0
vn 1 0 0
vn 1 0 0
vn 1 0 0
vn -0 1 0
vn -0 1 0
vn -0 1 0
vn -0 1 0
vn -1 0 0
vn -1 0 0
vn -1 0 0
vn -1 0 0
vn -0 -1 0
vn -0 -1 0
vn -0 -1 0
vn -0 -1 0
vn -0 0 -1
vn -0 0 -1
vn -0 0 -1
vn -0 0 -1
vn -0 0 1
vn -0 0 1
vn -0 0 1
vn -0 0 1
vn 1 0 0
vn 1 0 0
vn 1 0 0
vn 1 0 0
vn -0 1 0
vn -0 1 0
vn -0 1 0
vn -0 1 0
vn -1 0 0
vn -1 0 0
vn -1 0 0
vn -1 0 0
vn -0 -1 0
vn -0 -1 0
vn -0 -1 0
vn -0 -1 0
vn -0 0 -1
vn -0 0 -1
vn -0 0 -1
vn -0 0 -1
vn -0 0 1
vn -0 0 1
vn -0 0 1
vn -0 0 1
vn 1 0 0
vn 1 0 0
vn 1 0 0
vn 1 0 0
vn 1 0 0
vn 1 0 0
vn -0 1 0
vn -0 1 0
vn -0 1 0
vn -0 1 0
vn -1 0 0
vn -1 0 0
vn -1 0 0
vn -1 0 0
vn -1 0 0
vn -1 0 0
vn -0 -1 0
vn -0 -1 0
vn -0 -1 0
vn -0 -1 0
vn -0 0 -1
vn -0 0 -1
vn -0 0 -1
vn -0 0 -1
vn -0 0 -1
vn -0 0 -1
vn -0.103623755 -0.061044745 0.99274147
vn -0.10373926 0.03879541 0.99384767
vn -0.10373926 0.03879541 0.99384767
vn -0.10361333 -0.06266267 0.99264175
vn -0.102420695 -0.16347559 0.9812165
vn -0.102420695 -0.16347559 0.9812165
vn 1 0 0
vn 1 0 0
vn 1 0 0
vn 1 0 0
vn -0 1 0
vn -0 1 0
vn -0 1 0
vn -0 1 0
vn -1 0 0
vn -1 0 0
vn -1 0 0
vn -1 0 0
vn -0 -1 0
vn -0 -1 0
vn -0 -1 0
vn -0 -1 0
vn -0 0 -1
vn -0 0 -1
vn -0 0 -1
vn -0 0 -1
vn -0 0 1
vn -0 0 1
vn -0 0 1
vn -0 0 1
vn 1 0 0
vn 1 0 0
vn 1 0 0
vn 1 0 0
vn -0 0.9998281 -0.018539276
vn -0 0.9998281 -0.018539276
vn -0 0.9998281 -0.018539276
vn -0 0.9998281 -0.018539276
vn -1 0 0
vn -1 0 0
vn -1 0 0
vn -1 0 0
vn -0 -0.9998281 0.018538788
vn -0 -0.9998281 0.018538788
vn -0 -0.9998281 0.018538788
vn -0 -0.9998281 0.018538788
vn -0 -0.07625257 -0.9970886
vn -0 -0.07625257 -0.9970886
vn -0 -0.07625257 -0.9970886
vn -0 -0.07625257 -0.9970886
vn -0 0.07625254 0.9970886
vn -0 0.07625254 0.9970886
vn -0 0.07625254 0.9970886
vn -0 0.07625254 0.9970886
vn 1 0 0
vn 1 0 0
vn 1 0 0
vn 1 0 0
vn -0 1 0
vn -0 1 0
vn -0 1 0
vn -0 1 0
vn -1 0 0
vn -1 0 0
vn -1 0 0
vn -1 0 0
vn -0 -1 0
vn -0 -1 0
vn -0 -1 0
vn -0 -1 0
vn -0 0 -1
vn -0 0 -1
vn -0 0 -1
vn -0 0 -1
vn -0 0 1
vn -0 0 1
vn -0 0 1
vn -0 0 1
vn 0.9939779 0 -0.10958061
vn 0.9939779 0 -0.10958061
vn 0.9939779 0 -0.10958061
vn 0.9939779 0 -0.10958061
vn -0 1 0
vn -0 1 0
vn -0 1 0
vn -0 1 0
vn -0.9939779 0 0.10958061
vn -0.9939779 0 0.10958061
vn -0.9939779 0 0.10958061
vn -0.9939779 0 0.10958061
vn -0 -1 0
vn -0 -1 0
vn -0 -1 0
vn -0 -1 0
vn -0 0 -1
vn -0 0 -1
vn -0 0 -1
vn -0 0 -1
vn -0 0 1
vn -0 0 1
vn -0 0 1
vn -0 0 1
vn 0.7507286 -0.6606107 0
vn 0.7507286 -0.6606107 0
vn 0.7507286 -0.6606107 0
vn 0.7507286 -0.6606107 0
vn 0.66061026 0.750729 0
vn 0.66061026 0.750729 0
vn 0.66061026 0.750729 0
vn 0.66061026 0.750729 0
vn -0.7507292 0.6606101 0
vn -0.7507292 0.6606101 0
vn -0.7507292 0.6606101 0
vn -0.7507292 0.6606101 0
vn -0.6606106 -0.7507287 0
vn -0.6606106 -0.7507287 0
vn -0.6606106 -0.7507287 0
vn -0.6606106 -0.7507287 0
vn -0 0 -1
vn -0 0 -1
vn -0 0 -1
vn -0 0 -1
vn -0 0 1
vn -0 0 1
vn -0 0 1
vn -0 0 1
vn 0.7507295 -0.6606097 0
vn 0.75072837 -0.6606111 0
vn 0.75072837 -0.6606111 0
vn 0.7507295 -0.6606097 0
vn 0.75073016 -0.6606088 0
vn 0.75073016 -0.6606088 0
vn 0.7507293 -0.66061 0
vn 0.7507293 -0.66061 0
vn 0.7507289 -0.6606105 0
vn 0.7507289 -0.6606105 0
vn 0.66061133 0.7507282 0
vn 0.66061133 0.7507282 0
vn 0.66061133 0.7507282 0
vn 0.66061133 0.7507282 0
vn -0.75073 0.6606091 0
vn -0.7507281 0.66061133 0
vn -0.7507281 0.66061133 0
vn -0.7507289 0.6606104 0
vn -0.75072944 0.6606098 0
vn -0.7507294 0.6606099 0
vn -0.75072837 0.6606109 0
vn -0.7507285 0.66061085 0
vn -0.7507289 0.6606105 0
vn -0.7507289 0.6606105 0
vn -0.6606097 -0.7507295 0
vn -0.6606097 -0.7507295 0
vn -0.6606097 -0.7507295 0
vn -0.6606097 -0.7507295 0
vn -0 0 -1
vn -0 0 -1
vn -0 0 -1
vn -0 0 -1
vn -0 0 -1
vn -0 0 -1
vn -0 0 -1
vn -0 0 -1
vn -0 0 -1
vn -0 0 -1
vn -0.0070747184 0.04407668 0.9990031
vn -0 0 1
vn -0 0 1
vn -0.017097387 0.1065196 0.9941636
vn -0.1010886 0.035698246 0.9942367
vn -0.10194012 0.03441434 0.99419504
vn -0.08934295 -0.041123312 0.99515164
vn -0.08934302 -0.041123338 0.99515164
vn -0 0 1
vn -0 0 1
vn 0.75072926 -0.6606101 0
vn 0.75072926 -0.6606101 0
vn 0.75072926 -0.6606101 0
vn 0.75072926 -0.6606101 0
vn 0.66061044 0.7507289 0
vn 0.66061044 0.7507289 0
vn 0.66061044 0.7507289 0
vn 0.66061044 0.7507289 0
vn -0.7507293 0.66060996 0
vn -0.7507293 0.66060996 0
vn -0.7507293 0.66060996 0
vn -0.7507293 0.66060996 0
vn -0.66061074 -0.7507287 0
vn -0.66061074 -0.7507287 0
vn -0.66061074 -0.7507287 0
vn -0.66061074 -0.7507287 0
vn -0 0 -1
vn -0 0 -1
vn -0 0 -1
vn -0 0 -1
vn -0 0 1
vn -0 0 1
vn -0 0 1
vn -0 0 1
vn 0.75072885 -0.6606105 0
vn 0.7507293 -0.66061 0
vn 0.7507293 -0.66061 0
vn 0.75072885 -0.6606105 0
vn 0.7507289 -0.66061044 0
vn 0.7507289 -0.66061044 0
vn 0.7507294 -0.6606099 0
vn 0.7507294 -0.6606099 0
vn 0.66061056 0.7507288 0
vn 0.66061056 0.7507288 0
vn 0.66061056 0.7507288 0
vn 0.66061056 0.7507288 0
vn -0.7507293 0.66060996 0
vn -0.750729 0.6606102 0
vn -0.750729 0.6606102 0
vn -0.75072926 0.66061 0
vn -0.7507293 0.66061 0
vn -0.7507294 0.6606099 0
vn -0.75072896 0.66061026 0
vn -0.75072896 0.66061026 0
vn -0.6606101 -0.75072926 0
vn -0.6606101 -0.75072926 0
vn -0.6606101 -0.75072926 0
vn -0.6606101 -0.75072926 0
vn -0 0 -1
vn -0 0 -1
vn -0 0 -1
vn -0 0 -1
vn -0 0 -1
vn -0 0 -1
vn -0 0 -1
vn -0 0 -1
vn 0.040116344 0.10856604 0.9932795
vn -0 0 1
vn -0 0 1
vn 0.04011632 0.108565964 0.9932795
vn -0.012553667 0.11344546 0.9934649
vn -0.011108889 0.11506559 0.9932957
vn -0.101702645 0.012298719 0.99473876
vn -0.101702645 0.012298719 0.99473876
vn 0.7507291 -0.66061014 0
vn 0.7507284 -0.6606109 0
vn 0.7507284 -0.6606109 0
vn 0.7507291 -0.66061014 0
vn 0.7507298 -0.6606095 0
vn 0.7507298 -0.6606095 0
vn 0.6606101 0.75072926 0
vn 0.6606101 0.75072926 0
vn 0.6606101 0.75072926 0
vn 0.6606101 0.75072926 0
vn -0.750729 0.66061026 0
vn -0.7507294 0.6606099 0
vn -0.7507294 0.6606099 0
vn -0.750729 0.66061026 0
vn -0.7507287 0.66061074 0
vn -0.7507287 0.66061074 0
vn -0.66061026 -0.75072896 0
vn -0.66061026 -0.75072896 0
vn -0.66061026 -0.75072896 0
vn -0.66061026 -0.75072896 0
vn -0 0 -1
vn -0 0 -1
vn -0 0 -1
vn -0 0 -1
vn -0 0 -1
vn -0 0 -1
vn -0.06268091 0.08098803 0.99474216
vn -0.01820348 0.13099335 0.99121606
vn -0.01820348 0.13099335 0.99121606
vn -0.0624612 0.081236705 0.99473566
vn -0.106441125 0.031118905 0.993832
vn -0.106441125 0.031118905 0.993832
vn 0.75072896 -0.6606104 0
vn 0.75072896 -0.6606104 0
vn 0.75072896 -0.6606104 0
vn 0.75072896 -0.6606104 0
vn 0.6606101 0.75072926 0
vn 0.6606101 0.75072926 0
vn 0.6606101 0.75072926 0
vn 0.6606101 0.75072926 0
vn -0.75072926 0.66061 0
vn -0.75072926 0.66061 0
vn -0.75072926 0.66061 0
vn -0.75072926 0.66061 0
vn -0.66061103 -0.75072837 0
vn -0.66061103 -0.75072837 0
vn -0.66061103 -0.75072837 0
vn -0.66061103 -0.75072837 0
vn -0 0 -1
vn -0 0 -1
vn -0 0 -1
vn -0 0 -1
vn -0 0 1
vn -0 0 1
vn -0 0 1
vn -0 0 1
vn 0.7507291 -0.66061014 0
vn 0.7507291 -0.66061014 0
vn 0.7507291 -0.66061014 0
vn 0.7507291 -0.66061014 0
vn 0.6606109 0.75072837 0
vn 0.6606109 0.75072837 0
vn 0.6606109 0.75072837 0
vn 0.6606109 0.75072837 0
vn -0.7507293 0.66060996 0
vn -0.7507293 0.66060996 0
vn -0.7507293 0.66060996 0
vn -0.7507293 0.66060996 0
vn -0.6606101 -0.7507292 0
vn -0.6606101 -0.7507292 0
vn -0.6606101 -0.7507292 0
vn -0.6606101 -0.7507292 0
vn -0 0 -1
vn -0 0 -1
vn -0 0 -1
vn -0 0 -1
vn -0 0 1
vn -0 0 1
vn -0 0 1
vn -0 0 1
vn 0.7507294 -0.6606099 0
vn 0.7507291 -0.6606102 0
vn 0.7507291 -0.6606102 0
vn 0.7507294 -0.6606099 0
vn 0.7507296 -0.6606095 0
vn 0.7507296 -0.6606095 0
vn 0.6606105 0.75072885 0
vn 0.6606105 0.75072885 0
vn 0.6606105 0.75072885 0
vn 0.6606105 0.75072885 0
vn -0.7507292 0.66061014 0
vn -0.75072896 0.6606103 0
vn -0.75072896 0.6606103 0
vn -0.7507292 0.66061014 0
vn -0.7507294 0.6606099 0
vn -0.7507294 0.6606099 0
vn -0.6606104 -0.75072896 0
vn -0.6606104 -0.75072896 0
vn -0.6606104 -0.75072896 0
vn -0.6606104 -0.75072896 0
vn -0 0 -1
vn -0 0 -1
vn -0 0 -1
vn -0 0 -1
vn -0 0 -1
vn -0 0 -1
vn -0.11811989 0.022626901 0.99274147
vn -0.05225148 0.09765591 0.99384767
vn -0.05225148 0.09765591 0.99384767
vn -0.11918093 0.021405356 0.99264175
vn -0.18488333 -0.055065483 0.9812166
vn -0.18488333 -0.055065483 0.9812166
vn 0.75072896 -0.66061026 0
vn 0.75072896 -0.66061026 0
vn 0.75072896 -0.66061026 0
vn 0.75072896 -0.66061026 0
vn 0.6606123 0.7507273 0
vn 0.6606123 0.7507273 0
vn 0.6606123 0.7507273 0
vn 0.6606123 0.7507273 0
vn -0.75072944 0.6606098 0
vn -0.75072944 0.6606098 0
vn -0.75072944 0.6606098 0
vn -0.75072944 0.6606098 0
vn -0.6606105 -0.75072885 0
vn -0.6606105 -0.75072885 0
vn -0.6606105 -0.75072885 0
vn -0.6606105 -0.75072885 0
vn -0 0 -1
vn -0 0 -1
vn -0 0 -1
vn -0 0 -1
vn -0 0 1
vn -0 0 1
vn -0 0 1
vn -0 0 1
vn 0.75072986 -0.66060936 0
vn 0.75072986 -0.66060936 0
vn 0.75072986 -0.66060936 0
vn 0.75072986 -0.66060936 0
vn 0.660495 0.75060153 -0.018539837
vn 0.660495 0.75060153 -0.018539837
vn 0.660495 0.75060153 -0.018539837
vn 0.660495 0.75060153 -0.018539837
vn -0.7507288 0.6606105 0
vn -0.7507288 0.6606105 0
vn -0.7507288 0.6606105 0
vn -0.7507288 0.6606105 0
vn -0.66049755 -0.75059927 0.018538767
vn -0.66049755 -0.75059927 0.018538767
vn -0.66049755 -0.75059927 0.018538767
vn -0.66049755 -0.75059927 0.018538767
vn -0.05037303 -0.057245146 -0.9970886
vn -0.05037303 -0.057245146 -0.9970886
vn -0.05037303 -0.057245146 -0.9970886
vn -0.05037303 -0.057245146 -0.9970886
vn 0.05037339 0.05724514 0.9970885
vn 0.05037339 0.05724514 0.9970885
vn 0.05037339 0.05724514 0.9970885
vn 0.05037339 0.05724514 0.9970885
vn 0.75072974 -0.6606095 0
vn 0.75072974 -0.6606095 0
vn 0.75072974 -0.6606095 0
vn 0.75072974 -0.6606095 0
vn 0.66061175 0.7507278 0
vn 0.66061175 0.7507278 0
vn 0.66061175 0.7507278 0
vn 0.66061175 0.7507278 0
vn -0.75072944 0.6606097 0
vn -0.75072944 0.6606097 0
vn -0.75072944 0.6606097 0
vn -0.75072944 0.6606097 0
vn -0.6606086 -0.7507305 0
vn -0.6606086 -0.7507305 0
vn -0.6606086 -0.7507305 0
vn -0.6606086 -0.7507305 0
vn -0 0 -1
vn -0 0 -1
vn -0 0 -1
vn -0 0 -1
vn -0 0 1
vn -0 0 1
vn -0 0 1
vn -0 0 1
vn 0.74620855 -0.6566315 -0.10957998
vn 0.74620855 -0.6566315 -0.10957998
vn 0.74620855 -0.6566315 -0.10957998
vn 0.74620855 -0.6566315 -0.10957998
vn 0.6606103 0.75072896 0
vn 0.6606103 0.75072896 0
vn 0.6606103 0.75072896 0
vn 0.6606103 0.75072896 0
vn -0.74620885 0.6566311 0.10958112
vn -0.74620885 0.6566311 0.10958112
vn -0.74620885 0.6566311 0.10958112
vn -0.74620885 0.6566311 0.10958112
vn -0.66061026 -0.75072896 0
vn -0.66061026 -0.75072896 0
vn -0.66061026 -0.75072896 0
vn -0.66061026 -0.75072896 0
vn -0 0 -1
vn -0 0 -1
vn -0 0 -1
vn -0 0 -1
vn -0 0 1
vn -0 0 1
vn -0 0 1
vn -0 0 1
vn -0 -1 0
vn -0 -1 0
vn -0 -1 0
vn -0 -1 0
vn 1 0 0
vn 1 0 0
vn 1 0 0
vn 1 0 0
vn -0 1 0
vn -0 1 0
vn -0 1 0
vn -0 1 0
vn -1 0 0
vn -1 0 0
vn -1 0 0
vn -1 0 0
vn -0 0 -1
vn -0 0 -1
vn -0 0 -1
vn -0 0 -1
vn -0 0 1
vn -0 0 1
vn -0 0 1
vn -0 0 1
vn -0 -1 0
vn -0 -1 0
vn -0 -1 0
vn -0 -1 0
vn -0 -1 0
vn -0 -1 0
vn -0 -1 0
vn -0 -1 0
vn -0 -1 0
vn -0 -1 0
vn 1 0 0
vn 1 0 0
vn 1 0 0
vn 1 0 0
vn -0 1 0
vn -0 1 0
vn -0 1 0
vn -0 1 0
vn -0 1 0
vn -0 1 0
vn -0 1 0
vn -0 1 0
vn -0 1 0
vn -0 1 0
vn -1 0 0
vn -1 0 0
vn -1 0 0
vn -1 0 0
vn -0 0 -1
vn -0 0 -1
vn -0 0 -1
vn -0 0 -1
vn -0 0 -1
vn -0 0 -1
vn -0 0 -1
vn -0 0 -1
vn -0 0 -1
vn -0 0 -1
vn 0.010614794 0.0233971 0.9996699
vn -0 0 1
vn -0 0 1
vn 0.042840216 0.09442791 0.9946095
vn -0.022649081 0.09936772 0.994793
vn -0.023136701 0.09924892 0.9947936
vn -0.049833916 0.040246256 0.9979463
vn -0.049833894 0.040246237 0.9979463
vn -0 0 1
vn -0 0 1
vn -0 -1 0
vn -0 -1 0
vn -0 -1 0
vn -0 -1 0
vn 1 0 0
vn 1 0 0
vn 1 0 0
vn 1 0 0
vn -0 1 0
vn -0 1 0
vn -0 1 0
vn -0 1 0
vn -1 0 0
vn -1 0 0
vn -1 0 0
vn -1 0 0
vn -0 0 -1
vn -0 0 -1
vn -0 0 -1
vn -0 0 -1
vn -0 0 1
vn -0 0 1
vn -0 0 1
vn -0 0 1
vn -0 -1 0
vn -0 -1 0
vn -0 -1 0
vn -0 -1 0
vn -0 -1 0
vn -0 -1 0
vn -0 -1 0
vn -0 -1 0
vn 1 0 0
vn 1 0 0
vn 1 0 0
vn 1 0 0
vn -0 1 0
vn -0 1 0
vn -0 1 0
vn -0 1 0
vn -0 1 0
vn -0 1 0
vn -0 1 0
vn -0 1 0
vn -1 0 0
vn -1 0 0
vn -1 0 0
vn -1 0 0
vn -0 0 -1
vn -0 0 -1
vn -0 0 -1
vn -0 0 -1
vn -0 0 -1
vn -0 0 -1
vn -0 0 -1
vn -0 0 -1
vn 0.060101595 0.04211741 0.99730337
vn -0 0 1
vn -0 0 1
vn 0.06010165 0.042117447 0.99730337
vn 0.04341343 0.08453817 0.99547404
vn 0.0441207 0.08453554 0.9954431
vn -0.031892654 0.08457494 0.9959066
vn -0.031892654 0.08457494 0.9959066
vn -0 -1 0
vn -0 -1 0
vn -0 -1 0
vn -0 -1 0
vn -0 -1 0
vn -0 -1 0
vn 1 0 0
vn 1 0 0
vn 1 0 0
vn 1 0 0
vn -0 1 0
vn -0 1 0
vn -0 1 0
vn -0 1 0
vn -0 1 0
vn -0 1 0
vn -1 0 0
vn -1 0 0
vn -1 0 0
vn -1 0 0
vn -0 0 -1
vn -0 0 -1
vn -0 0 -1
vn -0 0 -1
vn -0 0 -1
vn -0 0 -1
vn 0.010775828 0.100570865 0.9948715
vn 0.047569487 0.100462794 0.993803
vn 0.047569487 0.100462794 0.993803
vn 0.010877264 0.100570776 0.99487054
vn -0.025829598 0.1005432 0.9945973
vn -0.025829598 0.1005432 0.9945973
vn -0 -1 0
vn -0 -1 0
vn -0 -1 0
vn -0 -1 0
vn 1 0 0
vn 1 0 0
vn 1 0 0
vn 1 0 0
vn -0 1 0
vn -0 1 0
vn -0 1 0
vn -0 1 0
vn -1 0 0
vn -1 0 0
vn -1 0 0
vn -1 0 0
vn -0 0 -1
vn -0 0 -1
vn -0 0 -1
vn -0 0 -1
vn -0 0 1
vn -0 0 1
vn -0 0 1
vn -0 0 1
vn -0 -1 0
vn -0 -1 0
vn -0 -1 0
vn -0 -1 0
vn 1 0 0
vn 1 0 0
vn 1 0 0
vn 1 0 0
vn -0 1 0
vn -0 1 0
vn -0 1 0
vn -0 1 0
vn -1 0 0
vn -1 0 0
vn -1 0 0
vn -1 0 0
vn -0 0 -1
vn -0 0 -1
vn -0 0 -1
vn -0 0 -1
vn -0 0 1
vn -0 0 1
vn -0 0 1
vn -0 0 1
vn -0 -1 0
vn -0 -1 0
vn -0 -1 0
vn -0 -1 0
vn -0 -1 0
vn -0 -1 0
vn 1 0 0
vn 1 0 0
vn 1 0 0
vn 1 0 0
vn -0 1 0
vn -0 1 0
vn -0 1 0
vn -0 1 0
vn -0 1 0
vn -0 1 0
vn -1 0 0
vn -1 0 0
vn -1 0 0
vn -1 0 0
vn -0 0 -1
vn -0 0 -1
vn -0 0 -1
vn -0 0 -1
vn -0 0 -1
vn -0 0 -1
vn -0.0342326 0.10375657 0.9940135
vn 0.021336237 0.10379373 0.9943699
vn 0.021336237 0.10379373 0.9943699
vn -0.034740835 0.103754744 0.993996
vn -0.09070861 0.10338947 0.99049616
vn -0.09070861 0.10338947 0.99049616
vn -0 -1 0
vn -0 -1 0
vn -0 -1 0
vn -0 -1 0
vn 1 0 0
vn 1 0 0
vn 1 0 0
vn 1 0 0
vn -0 1 0
vn -0 1 0
vn -0 1 0
vn -0 1 0
vn -1 0 0
vn -1 0 0
vn -1 0 0
vn -1 0 0
vn -0 0 -1
vn -0 0 -1
vn -0 0 -1
vn -0 0 -1
vn -0 0 1
vn -0 0 1
vn -0 0 1
vn -0 0 1
vn -0 -1 0
vn -0 -1 0
vn -0 -1 0
vn -0 -1 0
vn 0.99943155 0 -0.033713598
vn 0.99943155 0 -0.033713598
vn 0.99943155 0 -0.033713598
vn 0.99943155 0 -0.033713598
vn -0 1 0
vn -0 1 0
vn -0 1 0
vn -0 1 0
vn -0.99943143 0 0.03371421
vn -0.99943143 0 0.03371421
vn -0.99943143 0 0.03371421
vn -0.99943143 0 0.03371421
vn -0.04199975 0 -0.9991177
vn -0.04199975 0 -0.9991177
vn -0.04199975 0 -0.9991177
vn -0.04199975 0 -0.9991177
vn 0.041999776 0 0.9991177
vn 0.041999776 0 0.9991177
vn 0.041999776 0 0.9991177
vn 0.041999776 0 0.9991177
vn -0 -1 0
vn -0 -1 0
vn -0 -1 0
vn -0 -1 0
vn 1 0 0
vn 1 0 0
vn 1 0 0
vn 1 0 0
vn -0 1 0
vn -0 1 0
vn -0 1 0
vn -0 1 0
vn -1 0 0
vn -1 0 0
vn -1 0 0
vn -1 0 0
vn -0 0 -1
vn -0 0 -1
vn -0 0 -1
vn -0 0 -1
vn -0 0 1
vn -0 0 1
vn -0 0 1
vn -0 0 1
vn -0 -0.9939779 -0.10958052
vn -0 -0.9939779 -0.10958052
vn -0 -0.9939779 -0.10958052
vn -0 -0.9939779 -0.10958052
vn 1 0 0
vn 1 0 0
vn 1 0 0
vn 1 0 0
vn -0 0.9939779 0.10958084
vn -0 0.9939779 0.10958084
vn -0 0.9939779 0.10958084
vn -0 0.9939779 0.10958084
vn -1 0 0
vn -1 0 0
vn -1 0 0
vn -1 0 0
vn -0 0 -1
vn -0 0 -1
vn -0 0 -1
vn -0 0 -1
vn -0 0 1
vn -0 0 1
vn -0 0 1
vn -0 0 1
vn 0.13274075 0.9911488 0.0019428654
vn 0.13274075 0.9911488 0.0019428654
vn 0.13274075 0.9911488 0.0019428654
vn 0.13274075 -0.9911488 0.0019428654
vn 0.13274075 -0.9911488 0.0019428654
vn 0.13274075 -0.9911488 0.0019428654
vn -1 0 0
vn -1 0 0
vn -1 0 0
vn -1 0 0
vn -1 0 0
vn -1 0 0
vn -1 0 0
vn -1 0 0
vn -1 0 0
vn -1 0 0
vn -1 0 0
vn -1 0 0
vn -1 0 0
vn -1 0 0
vn -1 0 0
vn -1 0 0
vn -1 0 0
vn -1 0 0
vn -1 0 0
vn -1 0 0
vn -1 0 0
vn 0.9999951 0 0.0031488512
vn 0.9999951 0 0.0031488512
vn 0.9999951 0 0.0031488512
vn 0.9999951 0 0.0031488512
vn 1 0 0
vn 0.9998747 -0.015752098 0.0015379804
vn 0.99986935 -0.016127968 -0.0010438967
vn 0.99986935 -0.016127968 -0.0010438967
vn 0.99986935 -0.016127968 -0.0010438967
vn -0 -1 0
vn -0 -1 0
vn -0 -1 0
vn -0 -1 0
vn -0 -1 0
vn -0 -1 0
vn -0 -1 0
vn -0 -1 0
vn -0 -1 0
vn -0 -1 0
vn -0 -1 0
vn -0 -1 0
vn -0.039011944 -0.9992387 0
vn -0.039011944 -0.9992387 0
vn -0.039011944 -0.9992387 0
vn -0.039011944 -0.9992387 0
vn 0.6653199 -0.7465584 0
vn 0.6653199 -0.7465584 0
vn 0.6653199 -0.7465584 0
vn 0.6653199 -0.7465584 0
vn 0.6653197 -0.7465586 0
vn 0.6653197 -0.7465586 0
vn 0.6653197 -0.7465586 0
vn 1 0 0
vn 1 0 0
vn 1 0 0
vn 1 0 0
vn 1 0 0
vn 1 0 0
vn 1 0 0
vn 1 0 0
vn 1 0 0
vn 1 0 0
vn 1 0 0
vn 1 0 0
vn 1 0 0
vn 1 0 0
vn 1 0 0
vn 1 0 0
vn 1 0 0
vn 1 0 0
vn 1 0 0
vn 1 0 0
vn 1 0 0
vn 1 0 0
vn 1 0 0
vn 1 0 0
vn 1 0 0
vn 1 0 0
vn 1 0 0
vn 1 0 0
vn 1 0 0
vn 1 0 0
vn 1 0 0
vn 1 0 0
vn 1 0 0
vn 1 0 0
vn 1 0 0
vn 1 0 0
vn 1 0 0
vn 1 0 0
vn 1 0 0
vn 1 0 0
vn 1 0 0
vn 1 0 0
vn 1 0 0
vn 1 0 0
vn 1 0 0
vn 0.015875839 0.999874 0.00014684076
vn 0.015875839 0.999874 0.00014684076
vn 0.015875839 0.999874 0.00014684076
vn 0.015875839 0.999874 0.00014684076
vn -0.9999548 -0.009136092 0.0026153869
vn -0.9999548 -0.009136092 0.0026153869
vn -0.9999548 -0.009136092 0.0026153869
vn -0.9999548 -0.009136092 0.0026153869
vn -0.99987423 0.015749585 -0.00186867
vn -0.99987423 0.015749585 -0.00186867
vn -0.99972147 0.023186874 0.0043864553
vn -0.99972147 0.023186874 0.0043864553
vn -0.99972147 0.023186874 0.0043864553
vn -0.9997975 0.020125192 0
vn -0.9997975 0.020125192 0
vn -0.9997975 0.020125192 0
vn 0.08341032 0.9965144 0.001333485
vn 0.08341032 0.9965144 0.001333485
vn 0.08341032 0.9965144 0.001333485
vn 0.08341032 0.9965144 0.001333485
vn -0 -1 0
vn -0 -1 0
vn -0 -1 0
vn -0 -1 0
vn 0.00024734598 -1 3.916336E-05
vn 0.00024734598 -1 3.916336E-05
vn -0.011651123 -0.99992645 0.0033805992
vn -0.011651123 -0.99992645 0.0033805992
vn -0.011651123 -0.99992645 0.0033805992
vn -0.010934164 -0.9999403 0
vn -0.010934164 -0.9999403 0
vn -0.010934156 -0.9999398 -0.0009216555
vn -0.010934156 -0.9999398 -0.0009216555
vn -0.010934156 -0.9999398 -0.0009216555
vn -0.010932495 -0.9999398 -0.00092062604
vn -0.010932495 -0.9999398 -0.00092062604
vn -0.9999933 0 -0.003664799
vn -0.9999933 0 -0.003664799
vn -0.9999933 0 -0.003664799
vn -0.9999933 0 -0.003664799
vn 0.071858905 -0.9974147 0.0004912708
vn 0.071858905 -0.9974147 0.0004912708
vn 0.071858905 -0.9974147 0.0004912708
vn 0.071858905 -0.9974147 0.0004912708
vn 0.06798415 -0.9976864 0
vn 0.06798415 -0.9976864 0
vn 0.06798415 -0.9976864 0
vn 0.7627154 -0.64673424 0
vn 0.7627154 -0.64673424 0
vn 0.7627154 -0.64673424 0
vn 0.7627154 -0.64673424 0
vn 0.7641148 -0.64508027 0
vn 0.7641148 -0.64508027 0
vn 0.76271534 -0.6467344 0
vn 0.7641435 -0.64504415 0.0016231627
vn 0.7627232 -0.6467216 0.002125782
vn 0.7641435 -0.64504415 0.0016231627
vn 0.7641435 -0.64504415 0.0016231627
vn 0.7641435 -0.64504415 0.0016231627
vn 0.7641148 -0.64508027 0
vn 0.7641148 -0.64508027 0
vn 0.7641148 -0.64508027 0
vn -0.043548286 0.0039109704 0.99904364
vn -0.043548286 0.0039109704 0.99904364
vn -0.043548286 0.0039109704 0.99904364
vn -0.043548286 0.0039109704 0.99904364
vn 0.9999951 0 0.003149929
vn 0.9999951 0 0.003149929
vn 0.9999951 0 0.003149929
vn 0.9999951 0 0.003149929
vn 0.99996483 -0.0077773654 0.0031386148
vn 0.99999475 0.0007536745 0.0031484365
vn 0.99996483 -0.0077773654 0.0031386148
vn 0.99996483 -0.0077773654 0.0031386148
vn 0.99996483 -0.0077773654 0.0031386148
vn 0.9999951 0 0.0031499323
vn 0.9999951 0 0.0031499364
vn 0.9999951 0 0.0031499364
vn 0.9999951 0 0.0031499364
vn 0.9999951 0 0.0031499364
vn 0.9999951 0 0.003149933
vn 0.9999951 0 0.003149933
vn 0.9999951 0 0.003149933
vn 0.9999951 0 0.0031499355
vn 0.9999951 0 0.003149933
vn 0.9999951 0 0.0031499355
vn 0.9999951 0 0.0031499355
vn 0.9999951 0 0.0031499355
vn 0.9999951 0 0.0031499323
vn 0.9999951 0 0.0031499285
vn 0.9999951 0 0.0031499285
vn 0.9999951 0 0.0031499285
vn 0.9999951 0 0.0031499285
vn 0.99996483 0.0077773663 0.0031386097
vn 0.99999475 -0.00075367454 0.0031484375
vn 0.99996483 0.0077773663 0.0031386097
vn 0.99996483 0.0077773663 0.0031386097
vn 0.99996483 0.0077773663 0.0031386097
vn 0.31970388 -0.94751734 0.00046774076
vn 0.31970388 -0.94751734 0.00046774076
vn 0.31970388 -0.94751734 0.00046774076
vn 0.31970388 -0.94751734 0.00046774076
vn -1 0 0
vn -0.9999951 0 -0.0031499309
vn -0.9999951 0 -0.0031499309
vn -1 0 0
vn -0.9999951 0 -0.003149931
vn -1 0 0
vn -1 0 0
vn -0.99997807 0.005833215 -0.003144712
vn -1 0 0
vn -0.9999831 0.005832951 0
vn -0.99997807 0.005833215 -0.003144712
vn -0.9999831 0.005832951 0
vn -1 0 0
vn -0.9999831 0.005832951 0
vn -0.9999831 0.005832951 0
vn -0.9999831 0.0058328263 0
vn -0.9999831 0.0058328263 0
vn -1 0 0
vn -1 0 0
vn -1 0 0
vn -1 0 0
vn -1 0 0
vn -1 0 0
vn -1 0 0
vn -0.9999951 0 -0.0031499323
vn -1 0 0
vn -1 0 0
vn -1 0 0
vn -1 0 0
vn -1 0 0
vn -1 0 0
vn -1 0 0
vn -0.9999951 0 -0.0031499323
vn -0.9999951 0 -0.003149933
vn -0.9999951 0 -0.0031499323
vn -1 0 0
vn -1 0 0
vn -1 0 0
vn -1 0 0
vn -1 0 0
vn -0.9999951 0 -0.0031499323
vn -1 0 0
vn -1 0 0
vn -1 0 0
vn -1 0 0
vn -1 0 0
vn -0.9999951 0 -0.0031499323
vn -0.9999951 0 -0.0031499327
vn -0.9999951 0 -0.0031499323
vn -1 0 0
vn -1 0 0
vn -1 0 0
vn -1 0 0
vn -0.9999831 -0.0058328263 0
vn -0.9999951 0 -0.0031499304
vn -0.9999951 0 -0.0031499304
vn -0.9999951 0 -0.0031499309
vn -1 0 0
vn -0.99997807 -0.0058332146 -0.0031447038
vn -0.9999831 -0.005832951 0
vn -0.99997807 -0.0058332146 -0.0031447038
vn -0.9999831 -0.005832951 0
vn -0.9999831 -0.005832951 0
vn -0.9999831 -0.0058328263 0
vn -0.9999831 -0.005832951 0
vn 1 0 0
vn 1 0 0
vn 1 0 0
vn 1 0 0
vn 1 0 0
vn 1 0 0
vn 1 0 0
vn 1 0 0
vn 1 0 0
vn 1 0 0
vn -0.038238216 0.9992687 0
vn -0.038238216 0.9992687 0
vn -0.038238216 0.9992687 0
vn -0.038238216 0.9992687 0
vn 0.06795586 -0.9976878 0.0010193238
vn 0.06795586 -0.9976878 0.0010193238
vn 0.06795586 -0.9976878 0.0010193238
vn 0.06795586 -0.9976878 0.0010193238
vn -0.32624602 0.9452847 -0.0004997844
vn -0.32624602 0.9452847 -0.0004997844
vn -0.32624602 0.9452847 -0.0004997844
vn -0.32624602 0.9452847 -0.0004997844
vn -0.0058544446 -0.022715833 0.9997248
vn -0.0058544446 -0.022715833 0.9997248
vn -0.0058544446 -0.022715833 0.9997248
vn -0.0058544446 -0.022715833 0.9997248
vn -0.0077841743 0.007203105 0.99994373
vn -0.0053820047 0.013216798 0.9998982
vn 0.00191041 -0.0375381 0.9992933
vn 0.00191041 -0.0375381 0.9992933
vn 0.00191041 -0.0375381 0.9992933
vn -0.0053820047 0.013216798 0.9998982
vn -0.0053820047 0.013216798 0.9998982
vn -0.0053820047 0.013216798 0.9998982
vn 0.0028652498 0.0002688302 0.99999595
vn 0.0028652498 0.0002688302 0.99999595
vn 0.0004936248 0.0004961993 0.99999976
vn 0.0004936248 0.0004961993 0.99999976
vn 0.001630134 0.0033514996 0.9999931
vn 0.001630134 0.0033514996 0.9999931
vn 0.001630134 0.0033514996 0.9999931
vn -0.00022695385 0.0039061182 0.9999924
vn -0.00022695385 0.0039061182 0.9999924
vn -0.00021119257 0.00079340383 0.99999964
vn -0.00021119257 0.00079340383 0.99999964
vn -0.00080486893 0.0023236726 0.999997
vn -0.00080486893 0.0023236726 0.999997
vn 0.00085949176 0.003452878 0.9999937
vn 0.00085949176 0.003452878 0.9999937
vn -0.6514039 0.7587312 0
vn -0.6514039 0.7587312 0
vn -0.6514039 0.7587312 0
vn -0.6514039 0.7587312 0
vn -0.6667838 0.7452513 0
vn 0.06194361 0.9980761 -0.0026901967
vn 0.06194361 0.9980761 -0.0026901967
vn 0.06194361 0.9980761 -0.0026901967
vn 0.06194361 0.9980761 -0.0026901967
vn -0.7570085 0.6534016 -0.0021000654
vn -0.7570085 0.6534016 -0.0021000654
vn -0.7570085 0.6534016 -0.0021000654
vn -0.7570085 0.6534016 -0.0021000654
vn -0.76086056 0.64891344 -0.0016092665
vn -0.76086056 0.64891344 -0.0016092665
vn -0.9999951 0 -0.003149933
vn -0.9999951 0 -0.003149933
vn -0.9999951 0 -0.003149933
vn -0.9999951 0 -0.0031499327
vn -0.03905744 0.044881396 0.9982285
vn -0.03905744 0.044881396 0.9982285
vn -0.03905744 0.044881396 0.9982285
vn -0.03905744 0.044881396 0.9982285
vn -0.012229334 0.0004200641 0.99992514
vn -0.012229334 0.0004200641 0.99992514
vn -0.012229334 0.0004200641 0.99992514
vn -0.012229334 0.0004200641 0.99992514
vn -0.015966868 0.00041610133 0.99987245
vn -0.015966868 0.00041610133 0.99987245
vn -0.008713545 -0.0007852203 0.99996173
vn -0.008713545 -0.0007852203 0.99996173
vn -0 0 1
vn -0 0 1
vn -0 0 1
vn -0 0 1
vn -0 0 1
vn -0 0 1
vn 0.018534044 0.99982774 0.0009440392
vn 0.018534044 0.99982774 0.0009440392
vn 0.018534044 0.99982774 0.0009440392
vn 0.018534044 0.99982774 0.0009440392
vn -0.68030137 0.7329325 0
vn -0.68030137 0.7329325 0
vn -0.68030137 0.7329325 0
vn -0.6803015 0.73293245 0
vn -0.6803015 0.73293245 0
vn 0.31987512 -0.94745976 0
vn 0.31987512 -0.94745976 0
vn 0.31987512 -0.94745976 0
vn 0.31987512 -0.94745976 0
vn 0.31987512 -0.94745976 0
vn 0.31987512 -0.94745976 0
vn 0.31987512 -0.94745976 0
vn 1 0 0
vn 1 0 0
vn 1 0 0
vn 1 0 0
vn 1 0 0
vn 1 0 0
vn 0.6653211 -0.7465573 0
vn 0.6653211 -0.7465573 0
vn 0.6653211 -0.7465573 0
vn 0.6653211 -0.7465573 0
vn 0.66532123 -0.74655724 0
vn 0.66532123 -0.74655724 0
vn 0.66532123 -0.74655724 0
vn 0.7836492 -0.6212036 0
vn 0.7836492 -0.6212036 0
vn 0.7836492 -0.6212036 0
vn 0.7836492 -0.6212036 0
vn -0.6155879 0.78806823 0
vn -0.6155879 0.78806823 0
vn -0.6155879 0.78806823 0
vn -0.6155879 0.78806823 0
vn -0.61558753 0.7880685 0
vn -0.61558753 0.7880685 0
vn 1 0 0
vn 0.9999933 0 0.0036622882
vn 1 0 0
vn 0.9999933 0 0.0036622882
vn 0.9999933 0 0.0036622882
vn 0.9999933 0 0.0036622882
vn 1 0 0
vn 0.9999933 0 0.0036622833
vn 1 0 0
vn 1 0 0
vn 1 0 0
vn 1 0 0
vn 1 0 0
vn 1 0 0
vn 1 0 0
vn 0.0516529 0.9986651 0
vn 0.0516529 0.9986651 0
vn 0.0516529 0.9986651 0
vn 0.0516529 0.9986651 0
vn 0.05165304 0.9986651 0
vn 0.05165304 0.9986651 0
vn -0.5167992 0.85610664 0
vn -0.5167992 0.85610664 0
vn -0.5167992 0.85610664 0
vn -0.5167992 0.85610664 0
vn -0.51679915 0.85610664 0
vn -0.51679915 0.85610664 0
vn -0.44473836 0.8956605 0
vn -0.44473836 0.8956605 0
vn -0.44473836 0.8956605 0
vn -0.44473836 0.8956605 0
vn -0.44473824 0.8956605 0
vn -0.44473824 0.8956605 0
vn 0.014761473 0.9998908 -0.0006412935
vn -0.0042769965 0.99999094 0
vn -0.0042769965 0.99999094 0
vn 0.014761473 0.9998908 -0.0006412935
vn 0.014761473 0.9998908 -0.0006412935
vn -0.0042769955 0.99999094 0
vn 0.014761473 0.9998908 -0.0006412935
vn -0.0042769955 0.99999094 0
vn 0.01436159 0.99989676 0.0005402544
vn -0.011879487 -0.9999293 -0.0005358531
vn -0.011879487 -0.9999293 -0.0005358531
vn -0.011879487 -0.9999293 -0.0005358531
vn -0.011879487 -0.9999293 -0.0005358531
vn -0.033026308 -0.99945444 0
vn -0.033026308 -0.99945444 0
vn -0 0 1
vn -0 0 1
vn -0 0 1
vn -0 0 1
vn -0 0 1
vn -0 0 1
vn -0 0 1
vn -0 0 1
vn -0 0 1
vn 0.99996483 -0.0077781724 0.0031407848
vn 0.99996483 -0.0077781724 0.0031407848
vn 0.99996483 -0.0077781724 0.0031407848
vn 0.99996483 -0.0077781724 0.0031407848
vn -0.39667225 -0.2934605 0.8697886
vn -0.39667225 -0.2934605 0.8697886
vn -0.39667225 -0.2934605 0.8697886
vn -0.39667225 -0.2934605 0.8697886
vn 0.67890155 -0.7342293 0
vn 0.67890155 -0.7342293 0
vn 0.67890155 -0.7342293 0
vn 0.67890155 -0.7342293 0
vn 0.6012504 -0.7990607 0
vn 0.6012504 -0.7990607 0
vn 0.6012504 -0.7990607 0
vn 0.6012504 -0.7990607 0
vn -0.00061774 -0.017013669 0.99985504
vn -0.00061774 -0.017013669 0.99985504
vn -0.00061774 -0.017013669 0.99985504
vn -0.00061774 -0.017013669 0.99985504
vn 0.07034739 -0.9975223 -0.000677851
vn 0.07034739 -0.9975223 -0.000677851
vn 0.07034739 -0.9975223 -0.000677851
vn 0.07034739 -0.9975223 -0.000677851
vn 0.0702106 -0.9975321 0
vn 0.0702106 -0.9975321 0
vn 0.08217477 -0.9962913 0.025517778
vn 0.08217477 -0.9962913 0.025517778
vn 0.0014323349 0.99999905 0
vn 0.0014323349 0.99999905 0
vn 0.0014323349 0.99999905 0
vn 0.0014323349 0.99999905 0
vn 0.0029070065 0.9999958 2.1791062E-05
vn 0.0029070065 0.9999958 2.1791062E-05
vn 0.0029070065 0.9999958 2.1791062E-05
vn 0.0029070065 0.9999958 2.1791062E-05
vn -0.03823824 0.9992687 0
vn -0.03823824 0.9992687 0
vn -0.03823824 0.9992687 0
vn -0.03823824 0.9992687 0
vn 0.9999949 -0.0025722869 0.0018999343
vn 0.9999949 -0.0025722869 0.0018999343
vn 0.9999949 -0.0025722869 0.0018999343
vn 0.9999949 -0.0025722869 0.0018999343
vn 0.13274075 0.99115086 0
vn 0.13274075 0.99115086 0
vn 0.13274075 0.99115086 0
vn 0.13274075 0.99115086 0
vn 0.14030097 0.990108 0.0012997977
vn 0.14030097 0.990108 0.0012997977
vn 0.14030097 0.990108 0.0012997977
vn 1 0 0
vn 1 0 0
vn 1 0 0
vn 1 0 0
vn 1 0 0
vn 1 0 0
vn 1 0 0
vn 1 0 0
vn 1 0 0
vn 1 0 0
vn 1 0 0
vn 1 0 0
vn 1 0 0
vn 1 0 0
vn 1 0 0
vn 1 0 0
vn 1 0 0
vn 1 0 0
vn 1 0 0
vn 1 0 0
vn 1 0 0
vn 1 0 0
vn 1 0 0
vn 1 0 0
vn 1 0 0
vn 1 0 0
vn 1 0 0
vn 1 0 0
vn 1 0 0
vn 1 0 0
vn 1 0 0
vn 1 0 0
vn 1 0 0
vn -0.010932497 -0.9999403 0
vn -0.010932497 -0.9999403 0
vn -0.010932497 -0.9999403 0
vn -0.010932497 -0.9999403 0
vn -0.011649385 -0.99993086 0.0016476244
vn -0.011649385 -0.99993086 0.0016476244
vn -0.011649385 -0.99993086 0.0016476244
vn -0.0004983281 -0.0057439427 0.99998343
vn -0.0004983281 -0.0057439427 0.99998343
vn -0.0004983281 -0.0057439427 0.99998343
vn -0.0004983281 -0.0057439427 0.99998343
vn -0.0018415637 0.00012452478 0.99999833
vn -0.0005161376 0.00012407813 0.9999999
vn -0.0018415637 0.00012452478 0.99999833
vn -0.0005161376 0.00012407813 0.9999999
vn -0.0005161376 0.00012407813 0.9999999
vn -0.0005161376 0.00012407813 0.9999999
vn -0.00022991069 0.00012327779 1
vn -0.00022991069 0.00012327779 1
vn -0 -0.41960976 0.90770465
vn -0 -0.41960976 0.90770465
vn -0 -0.41960976 0.90770465
vn -0 -0.41960976 0.90770465
vn -0 -1 0
vn -0 -1 0
vn -0 -1 0
vn -0 -1 0
vn -1 0 0
vn -1 0 0
vn -1 0 0
vn -1 0 0
vn -1 0 0
vn -1 0 0
vn -1 0 0
vn -1 0 0
vn -1 0 0
vn -1 0 0
vn -1 0 0
vn -1 0 0
vn -1 0 0
vn -1 0 0
vn -1 0 0
vn -1 0 0
vn -1 0 0
vn -1 0 0
vn -0.06677318 0.9977677 -0.0010168148
vn -0.06677318 0.9977677 -0.0010168148
vn -0.06677318 0.9977677 -0.0010168148
vn -0.06677318 0.9977677 -0.0010168148
vn -0.28262332 0.95923096 0
vn -0.28262332 0.95923096 0
vn -0.28262332 0.95923096 0
vn -0.28262332 0.95923096 0
vn -0.005740526 0.99998355 0
vn -0.005740526 0.99998355 0
vn -0.005740526 0.99998355 0
vn -0.005740526 0.99998355 0
vn 0.0036717516 -0.9999933 0
vn 0.0036717516 -0.9999933 0
vn 0.0036717516 -0.9999933 0
vn 0.0036717516 -0.9999933 0
vn 0.0036035406 -0.99999356 0
vn 0.0036035406 -0.99999356 0
vn 0.0036035406 -0.99999356 0
vn 0.0036035406 -0.99999356 0
vn 0.0058922507 -0.9999827 -5.3499592E-05
vn 0.0058922507 -0.9999827 -5.3499592E-05
vn -0.03901193 -0.9992387 0
vn -0.03901193 -0.9992387 0
vn -0.03901193 -0.9992387 0
vn -0.03901193 -0.9992387 0
vn -0.0112413205 0.0007532354 0.9999366
vn -0.0112413205 0.0007532354 0.9999366
vn -0.0112413205 0.0007532354 0.9999366
vn -0.0112413205 0.0007532354 0.9999366
vn -0.32090864 0 0.9471102
vn -0.32090864 0 0.9471102
vn -0.32090864 0 0.9471102
vn -0.32090864 0 0.9471102
vn -0.010286934 0.014619857 0.99984014
vn -0.010286934 0.014619857 0.99984014
vn -0.010286934 0.014619857 0.99984014
vn -0.010286934 0.014619857 0.99984014
vn -0.03248836 0.039501604 0.99869126
vn -0.03248836 0.039501604 0.99869126
vn -0.03248836 0.039501604 0.99869126
vn -0.03248836 0.039501604 0.99869126
vn -0.012105811 0.055387676 0.99839145
vn -0.012105811 0.055387676 0.99839145
vn -0.0018728157 0.06929586 0.9975944
vn -0.0018728157 0.06929586 0.9975944
vn -0.0018728157 0.06929586 0.9975944
vn -0.0018728157 0.06929586 0.9975944
vn -0 0 1
vn -0 0 1
vn -0 0 1
vn -0 0 1
vn -0 0 1
vn -0 0 1
vn -0 0 1
vn -0 0 1
vn -0.51077527 0.85971427 0
vn -0.51077527 0.85971427 0
vn -0.51077527 0.85971427 0
vn -0.51077527 0.85971427 0
vn -1 0 0
vn -1 0 0
vn -1 0 0
vn -1 0 0
vn -1 0 0
vn -1 0 0
vn -1 0 0
vn -1 0 0
vn -1 0 0
vn -1 0 0
vn -1 0 0
vn -1 0 0
vn -1 0 0
vn -1 0 0
vn -1 0 0
vn -1 0 0
vn -1 0 0
vn -1 0 0
vn -1 0 0
vn -1 0 0
vn -1 0 0
vn -1 0 0
vn -1 0 0
vn -1 0 0
vn -1 0 0
vn -1 0 0
vn 0.014943736 0.9998883 0
vn 0.014943736 0.9998883 0
vn 0.014943736 0.9998883 0
vn 0.014943736 0.9998883 0
vn 0.007872517 -0.014406549 0.9998652
vn 0.007872517 -0.014406549 0.9998652
vn 0.007872517 -0.014406549 0.9998652
vn 0.007872517 -0.014406549 0.9998652
vn -0 0 1
vn -0 0 1
vn -0 0 1
vn 0.035922933 0 0.99935454
vn 0.035922933 0 0.99935454
vn 0.035922933 0 0.99935454
vn 0.035922933 0 0.99935454
vn -0 0 1
vn -0 0 1
vn -0 0 1
vn 1 0 0
vn 1 0 0
vn 1 0 0
vn 1 0 0
vn 1 0 0
vn 1 0 0
vn 1 0 0
vn 1 0 0
vn 1 0 0
vn 1 0 0
vn -0 1 0
vn -0 1 0
vn -0 1 0
vn -0 1 0
vn 1 0 0
vn 1 0 0
vn 1 0 0
vn 1 0 0
vn -1 0 0
vn -0.99987066 0.0015949022 0.016006688
vn -1 0 0
vn -0.99985194 0.0017063484 0.01712518
vn -0.9998097 0.002474465 0.019356225
vn -0.9998097 0.0024742985 0.019353494
vn -0.9999198 0.005826872 0.011253086
vn -0.99991965 0.0058275894 0.01125416
vn -0.99970335 0.014542049 0.019533917
vn -0.99970335 0.014543894 0.01953469
vn -0.9951025 0.07495603 0.064441055
vn -0.99507797 0.07515156 0.0645915
vn -0.9840508 0.13766195 0.11266456
vn -0.9840508 0.13766195 0.11266456
vn -0.99507797 0.075151585 0.064591505
vn -0.9840508 0.13766138 0.11266456
vn -0.9840508 0.13766138 0.11266456
vn -0.9951025 0.074956045 0.06444106
vn -0.99970335 0.014544237 0.01953469
vn -0.99970335 0.01454239 0.019533917
vn -0.99991965 0.0058275913 0.01125416
vn -0.9999198 0.0058268737 0.011253086
vn -0.9998097 0.0024738165 0.01935189
vn -0.9998097 0.002473983 0.019354621
vn -0.99985194 0.0017059385 0.017123558
vn -0.99987066 0.001594519 0.016005171
vn -1 0 0
vn -1 0 0
vn -1 0 0
vn -0.99987066 0.0015944537 0.016005171
vn -1 0 0
vn -0.99985194 0.0017058686 0.017123558
vn -0.9998097 0.002473751 0.019354621
vn -0.9998097 0.0024735844 0.01935189
vn -0.9999198 0.005826848 0.011253086
vn -0.99991965 0.005827566 0.01125416
vn -0.99970335 0.014542555 0.019533917
vn -0.99970335 0.014544402 0.01953469
vn -0.9951024 0.07495617 0.064441055
vn -0.99507797 0.07515172 0.064591505
vn -0.9840508 0.1376616 0.11266456
vn -0.9840508 0.1376616 0.11266456
vn -0 -0.61034 0.79213953
vn -0 -0.45869634 0.888593
vn -0 -0.45869634 0.888593
vn -0 -0.61034 0.79213953
vn -0 -0.79784375 0.60286444
vn -0 -0.79784375 0.60286444
vn -0 -0.90955085 0.41559264
vn -0 -0.90955085 0.41559264
vn -0 -0.97493535 0.2224882
vn -0 -0.9749355 0.22248808
vn -0 -0.99785244 0.06550242
vn -0 -0.99785244 0.06550229
vn -0.44721365 -0.8944272 0
vn 0.44721365 -0.8944272 0
vn 0.57735026 -0.57735026 -0.57735026
vn -0.57735026 -0.57735026 -0.57735026
vn 0.44721365 0.8944272 0
vn 0.57735026 0.57735026 -0.57735026
vn -0.57735026 0.57735026 -0.57735026
vn -0.57735026 -0.57735026 -0.57735026
vn -0.57735026 0.57735026 -0.57735026
vn -0.44721365 0.8944272 0
vn -0 0.99934083 -0.03630096
vn -0 0.99934083 -0.036300883
vn -0 0.9820269 -0.18874086
vn -0 0.982027 -0.18874063
vn -0 0.918613 -0.39515826
vn -0 0.918613 -0.39515826
vn -0 0.8230354 -0.56799006
vn -0 0.8230354 -0.56799006
vn -0 0.73753697 -0.6753068
vn -0 0.73753697 -0.6753068
vn -0 0.7099352 -0.7042669
vn -0 0.7099352 -0.7042669
vn -0 0.8660249 0.5000008
vn -0 0.8660249 0.5000008
vn -0 0.8660249 0.5000008
vn -0 0.8660249 0.5000008
vn -0 0.866025 0.50000066
vn -0 0.866025 0.50000066
vn -0 0.866025 0.50000066
vn -0 0.866025 0.50000066
vn -0.57735026 0.57735026 -0.57735026
vn -0.57735026 -0.57735026 -0.57735026
vn 0.57735026 -0.57735026 -0.57735026
vn 0.57735026 0.57735026 -0.57735026
vn 0.4472136 0.8944272 0
vn -0.57735026 0.57735026 -0.57735026
vn -0.4472136 0.8944272 0
vn -0 0.99934083 -0.03630096
vn -0 0.99934083 -0.03630096
vn -0 0.9820269 -0.18874109
vn -0 0.9820269 -0.18874109
vn -0 0.91861296 -0.39515874
vn -0 0.91861296 -0.39515874
vn -0 0.8230355 -0.56799006
vn -0 0.8230355 -0.56799006
vn -0 0.7375369 -0.675307
vn -0 0.7375369 -0.675307
vn -0 0.7099347 -0.70426744
vn -0 0.7099347 -0.70426744
vn 0.4472136 -0.8944272 0
vn -0.4472136 -0.8944272 0
vn -0.57735026 -0.57735026 -0.57735026
vn -0 -0.99785244 0.06550286
vn -0 -0.99785244 0.06550286
vn -0 -0.97493523 0.22248873
vn -0 -0.97493523 0.22248873
vn -0 -0.9095509 0.41559252
vn -0 -0.9095509 0.41559252
vn -0 -0.79784375 0.6028642
vn -0 -0.79784375 0.6028642
vn -0 -0.6103403 0.7921394
vn -0 -0.6103403 0.7921394
vn -0 -0.4586969 0.8885928
vn -0 -0.4586969 0.8885928
vn 0.9951024 0.074956276 0.064441055
vn 0.9840508 0.13766167 0.11266456
vn 0.9840508 0.13766167 0.11266456
vn 0.99507797 0.075151816 0.064591505
vn 0.99970335 0.014542721 0.019533912
vn 0.99970335 0.014544568 0.019534687
vn 0.9999198 0.005826955 0.01125308
vn 0.99991965 0.0058276732 0.011254154
vn 0.99980956 0.0024740503 0.019357802
vn 0.9998097 0.002473884 0.019355075
vn 0.99987054 0.0015947277 0.016008181
vn 0.9998518 0.0017061619 0.017126778
vn 1 0 0
vn 1 0 0
vn 0.9951025 0.07495605 0.06444106
vn 0.9840508 0.13766149 0.11266456
vn 0.9840508 0.13766149 0.11266456
vn 0.99507797 0.07515159 0.064591505
vn 0.99970335 0.014542488 0.019533912
vn 0.99970335 0.014544335 0.019534685
vn 0.9999198 0.0058268546 0.01125308
vn 0.99991965 0.0058275727 0.011254154
vn 0.99980956 0.002474078 0.019357802
vn 0.9998097 0.0024739117 0.019355075
vn 0.99987054 0.0015947539 0.016008181
vn 0.9998518 0.0017061898 0.017126778
vn 1 0 0
vn 1 0 0
vn 1 0 0
vn 0.99985194 0.0017060502 0.01712518
vn 1 0 0
vn 0.99987066 0.0015946237 0.016006688
vn 0.9998097 0.0024736968 0.019353494
vn 0.9998097 0.0024738633 0.019356225
vn 0.99991965 0.0058277557 0.011254154
vn 0.9999198 0.0058270376 0.01125308
vn 0.99970335 0.014545254 0.019534687
vn 0.99970335 0.014543408 0.019533912
vn 0.99507785 0.07515276 0.06459149
vn 0.9951024 0.07495723 0.064441055
vn 0.9840507 0.1376625 0.11266454
vn 0.9840507 0.1376625 0.11266454
vn -0.4472136 0.8944272 0
vn -0.4472136 -0.8944272 0
vn -0.57735026 -0.57735026 -0.57735026
vn -0.57735026 0.57735026 -0.57735026
vn -0 0.8660249 0.5000008
vn -0 0.8660249 0.5000008
vn -0 0.8660249 0.5000008
vn -0 0.8660249 0.5000008
vn -0 -0.61034006 0.79213953
vn -0 -0.45869645 0.88859296
vn -0 -0.45869645 0.88859296
vn -0 -0.61034006 0.79213953
vn -0 -0.79784375 0.6028643
vn -0 -0.79784375 0.6028643
vn -0 -0.9095509 0.41559252
vn -0 -0.9095509 0.41559252
vn -0 -0.97493535 0.22248831
vn -0 -0.97493535 0.22248815
vn -0 -0.99785244 0.06550243
vn -0 -0.99785244 0.06550231
vn -0.44721365 -0.8944272 0
vn 0.44721365 -0.8944272 0
vn 0.57735026 -0.57735026 -0.57735026
vn -0.57735026 -0.57735026 -0.57735026
vn 0.44721365 0.8944272 0
vn 0.57735026 0.57735026 -0.57735026
vn -0.57735026 0.57735026 -0.57735026
vn -0.57735026 -0.57735026 -0.57735026
vn -0.57735026 0.57735026 -0.57735026
vn -0.44721365 0.8944272 0
vn -0 0.99934095 -0.036300436
vn -0 0.99934095 -0.036300354
vn -0 0.982027 -0.18874061
vn -0 0.982027 -0.18874034
vn -0 0.91861296 -0.3951587
vn -0 0.91861296 -0.3951587
vn -0 0.82303554 -0.56798995
vn -0 0.82303554 -0.56798995
vn -0 0.7375369 -0.6753069
vn -0 0.7375369 -0.6753069
vn -0 0.7099347 -0.70426744
vn -0 0.7099347 -0.70426744
vn -0.44721365 0.8944272 0
vn -0.44721365 -0.8944272 0
vn -0.57735026 -0.57735026 -0.57735026
vn -0.57735026 0.57735026 -0.57735026
vn -0.44721365 0.8944272 0
vn -0.44721365 -0.8944272 0
vn -0.57735026 -0.57735026 -0.57735026
vn -0.57735026 0.57735026 -0.57735026
vn -0 -1 0
vn -0.0015946118 -0.99987066 0.016007317
vn -0 -1 0
vn -0.0017060374 -0.99985194 0.01712585
vn -0.002473912 -0.99980956 0.019356417
vn -0.002473745 -0.9998097 0.019353682
vn -0.005826825 -0.9999198 0.011252715
vn -0.005827544 -0.9999198 0.01125379
vn -0.014542527 -0.99970335 0.019533772
vn -0.014544372 -0.99970335 0.019534547
vn -0.07495617 -0.99510264 0.06443862
vn -0.075151704 -0.9950781 0.06458907
vn -0.13766164 -0.9840513 0.11265999
vn -0.13766164 -0.9840513 0.11265999
vn -0.075151704 -0.9950781 0.06459021
vn -0.1376616 -0.98405105 0.112662375
vn -0.1376616 -0.98405105 0.112662375
vn -0.07495616 -0.9951025 0.06443975
vn -0.014544373 -0.99970335 0.01953389
vn -0.014542525 -0.99970335 0.019533115
vn -0.005827544 -0.99991965 0.011254085
vn -0.0058268257 -0.9999198 0.01125301
vn -0.002473579 -0.9998097 0.019352244
vn -0.0024737467 -0.9998097 0.019354986
vn -0.0017058697 -0.99985194 0.017123468
vn -0.0015944549 -0.99987066 0.016005088
vn -0 -1 0
vn -0 -1 0
vn -0 -1 0
vn -0.0015944503 -0.99987066 0.01600532
vn -0 -1 0
vn -0.0017058649 -0.99985194 0.017123718
vn -0.0024737425 -0.9998097 0.019354621
vn -0.0024735762 -0.9998097 0.0193519
vn -0.005826827 -0.9999198 0.01125319
vn -0.005827543 -0.99991965 0.011254262
vn -0.014542527 -0.99970335 0.019534282
vn -0.014544372 -0.99970335 0.019535057
vn -0.07495615 -0.9951025 0.06444072
vn -0.07515169 -0.99507797 0.06459116
vn -0.13766159 -0.9840509 0.112663634
vn -0.13766159 -0.9840509 0.112663634
vn 0.6103399 0 0.7921397
vn 0.45869547 0 0.8885935
vn 0.45869547 0 0.8885935
vn 0.6103399 0 0.7921397
vn 0.7978436 0 0.6028645
vn 0.7978436 0 0.6028645
vn 0.9095507 0 0.415593
vn 0.9095507 0 0.415593
vn 0.9749355 0 0.22248805
vn 0.9749355 0 0.22248796
vn 0.99785244 0 0.06550229
vn 0.99785244 0 0.06550217
vn 0.8944272 -0.44721365 0
vn 0.8944272 0.44721365 0
vn 0.57735026 0.57735026 -0.57735026
vn 0.57735026 -0.57735026 -0.57735026
vn -0.894428 0.4472119 0
vn -0.577351 0.5773497 -0.57735014
vn -0.5773495 -0.57735085 -0.5773504
vn 0.57735026 -0.57735026 -0.57735026
vn -0.5773495 -0.57735085 -0.5773504
vn -0.89442635 -0.44721535 0
vn -0.99934083 0 -0.03630089
vn -0.99934083 0 -0.036300812
vn -0.9820269 0 -0.18874128
vn -0.9820269 0 -0.18874104
vn -0.91861284 0 -0.3951589
vn -0.91861284 0 -0.3951589
vn -0.8230355 0 -0.56799006
vn -0.8230355 0 -0.56799006
vn -0.737537 0 -0.6753068
vn -0.737537 0 -0.6753068
vn -0.709935 0 -0.7042672
vn -0.709935 0 -0.7042672
vn -0.8660241 0 0.50000244
vn -0.8660241 0 0.50000244
vn -0.8660241 0 0.50000244
vn -0.8660241 0 0.50000244
vn -0.8660241 0 0.50000244
vn -0.8660241 0 0.50000244
vn -0.8660241 0 0.50000244
vn -0.8660241 0 0.50000244
vn -0.57735026 -0.57735026 -0.57735026
vn 0.57735026 -0.57735026 -0.57735026
vn 0.57735026 0.57735026 -0.57735026
vn -0.57735026 0.57735026 -0.57735026
vn -0.8944272 0.44721365 0
vn -0.57735026 -0.57735026 -0.57735026
vn -0.8944272 -0.44721365 0
vn -0.99934083 0 -0.036301248
vn -0.99934083 0 -0.036301248
vn -0.9820269 0 -0.1887413
vn -0.9820269 0 -0.1887413
vn -0.91861296 0 -0.39515865
vn -0.91861296 0 -0.39515865
vn -0.8230355 0 -0.56799006
vn -0.8230355 0 -0.56799006
vn -0.737537 0 -0.6753068
vn -0.737537 0 -0.6753068
vn -0.709935 0 -0.7042672
vn -0.709935 0 -0.7042672
vn 0.8944272 0.44721365 0
vn 0.8944272 -0.44721365 0
vn 0.57735026 -0.57735026 -0.57735026
vn 0.99785244 0 0.065501906
vn 0.99785244 0 0.065501906
vn 0.9749355 0 0.22248794
vn 0.9749355 0 0.22248794
vn 0.9095506 0 0.41559327
vn 0.9095506 0 0.41559327
vn 0.7978436 0 0.6028645
vn 0.7978436 0 0.6028645
vn 0.6103399 0 0.7921397
vn 0.6103399 0 0.7921397
vn 0.45869547 0 0.8885935
vn 0.45869547 0 0.8885935
vn -0.07495615 0.9951025 0.06444021
vn -0.13766159 0.9840509 0.11266335
vn -0.13766159 0.9840509 0.11266335
vn -0.07515169 0.99507797 0.06459066
vn -0.014542527 0.99970335 0.019533772
vn -0.014544372 0.99970335 0.019534547
vn -0.005826827 0.9999198 0.01125303
vn -0.005827543 0.99991965 0.011254101
vn -0.0024740547 0.99980956 0.019357858
vn -0.002473889 0.9998097 0.019355137
vn -0.001594746 0.99987054 0.016008383
vn -0.0017061812 0.9998518 0.017126992
vn -0 1 0
vn -0 1 0
vn -0.07495615 0.9951025 0.06444053
vn -0.13766156 0.9840509 0.11266321
vn -0.13766156 0.9840509 0.11266321
vn -0.07515168 0.99507797 0.06459097
vn -0.014542527 0.99970335 0.019534118
vn -0.014544372 0.99970335 0.019534895
vn -0.005826827 0.9999198 0.01125303
vn -0.005827543 0.99991965 0.011254101
vn -0.0024740547 0.99980956 0.019357858
vn -0.002473889 0.9998097 0.019355137
vn -0.001594746 0.99987054 0.016008383
vn -0.0017061812 0.9998518 0.017126992
vn -0 1 0
vn -0 1 0
vn -0 1 0
vn -0.0017060374 0.99985194 0.017125256
vn -0 1 0
vn -0.0015946118 0.99987066 0.01600676
vn -0.002473745 0.9998097 0.019353706
vn -0.002473912 0.99980956 0.019356444
vn -0.005827543 0.99991965 0.011254414
vn -0.005826825 0.9999198 0.011253339
vn -0.014544373 0.99970335 0.019534197
vn -0.014542527 0.99970335 0.019533422
vn -0.07515168 0.99507797 0.06459135
vn -0.07495615 0.9951025 0.064440906
vn -0.13766155 0.9840507 0.11266559
vn -0.13766155 0.9840507 0.11266559
vn -0.8944272 -0.44721365 0
vn 0.8944272 -0.44721365 0
vn 0.57735026 -0.57735026 -0.57735026
vn -0.57735026 -0.57735026 -0.57735026
vn -0.8660231 0 0.50000393
vn -0.8660231 0 0.50000393
vn -0.8660231 0 0.50000393
vn -0.8660231 0 0.50000393
vn 0.61034 0 0.79213953
vn 0.45869547 0 0.8885935
vn 0.45869547 0 0.8885935
vn 0.61034 0 0.79213953
vn 0.7978438 0 0.60286415
vn 0.7978438 0 0.60286415
vn 0.909551 0 0.41559234
vn 0.909551 0 0.41559234
vn 0.9749355 0 0.222488
vn 0.9749355 0 0.22248785
vn 0.99785244 0 0.06550266
vn 0.99785244 0 0.06550253
vn 0.8944272 -0.44721365 0
vn 0.8944272 0.44721365 0
vn 0.57735026 0.57735026 -0.57735026
vn 0.57735026 -0.57735026 -0.57735026
vn -0.8944272 0.44721365 0
vn -0.57735026 0.57735026 -0.57735026
vn -0.57735026 -0.57735026 -0.57735026
vn 0.57735026 -0.57735026 -0.57735026
vn -0.57735026 -0.57735026 -0.57735026
vn -0.8944272 -0.44721365 0
vn -0.99934095 0 -0.036300533
vn -0.99934095 0 -0.036300454
vn -0.982027 0 -0.18874076
vn -0.982027 0 -0.18874054
vn -0.91861284 0 -0.39515874
vn -0.91861284 0 -0.39515874
vn -0.8230353 0 -0.5679902
vn -0.8230353 0 -0.5679902
vn -0.7375367 0 -0.6753069
vn -0.7375367 0 -0.6753069
vn -0.709935 0 -0.7042672
vn -0.709935 0 -0.7042672
vn -0.89442635 -0.44721535 0
vn 0.8944272 -0.44721365 0
vn 0.57735026 -0.57735026 -0.57735026
vn -0.5773495 -0.57735085 -0.5773504
vn -0.8944272 -0.44721365 0
vn 0.8944272 -0.44721365 0
vn 0.57735026 -0.57735026 -0.57735026
vn -0.57735026 -0.57735026 -0.57735026
vn 0.749254 0.66228276 0
vn 0.75021374 0.6610016 0.01600705
vn 0.749254 0.66228276 0
vn 0.7502735 0.66090566 0.01712557
vn 0.7507508 0.66030186 0.019356137
vn 0.75075066 0.6603021 0.019353412
vn 0.75305235 0.6578644 0.011254293
vn 0.7530528 0.6578638 0.011255366
vn 0.7586623 0.6511911 0.019535713
vn 0.7586635 0.6511896 0.01953649
vn 0.7952266 0.6028782 0.064440615
vn 0.7953379 0.60271525 0.06459131
vn 0.82847446 0.54857713 0.11266371
vn 0.82847446 0.54857713 0.11266371
vn 0.7953386 0.6027142 0.06459114
vn 0.8284757 0.5485749 0.112665825
vn 0.8284757 0.5485749 0.112665825
vn 0.79522747 0.60287696 0.06444069
vn 0.7586647 0.65118843 0.019533549
vn 0.75866354 0.6511898 0.01953278
vn 0.7530536 0.6578629 0.011253142
vn 0.7530532 0.65786344 0.01125206
vn 0.7507498 0.6603032 0.019351836
vn 0.7507499 0.660303 0.019354573
vn 0.75027335 0.660906 0.017124292
vn 0.75021356 0.6610018 0.016005851
vn 0.749255 0.66228163 0
vn 0.749255 0.66228163 0
vn 0.74925566 0.6622808 0
vn 0.75021416 0.66100115 0.016005613
vn 0.74925566 0.6622808 0
vn 0.7502739 0.66090536 0.01712403
vn 0.7507492 0.66030365 0.01935586
vn 0.7507492 0.6603038 0.019353122
vn 0.7530522 0.6578646 0.011254311
vn 0.75305265 0.65786403 0.011255384
vn 0.75866264 0.65119064 0.019535227
vn 0.75866395 0.65118927 0.019536
vn 0.79522586 0.6028789 0.06444216
vn 0.7953367 0.60271657 0.06459226
vn 0.8284738 0.548578 0.11266456
vn 0.8284738 0.548578 0.11266456
vn -0.40421608 0.45730093 0.7921396
vn -0.30378446 0.34368038 0.8885937
vn -0.30378446 0.34368038 0.8885937
vn -0.40421632 0.4573012 0.7921394
vn -0.52839655 0.5977892 0.6028641
vn -0.5283966 0.5977893 0.6028641
vn -0.6023782 0.68148595 0.41559282
vn -0.6023783 0.681486 0.4155927
vn -0.64568186 0.730475 0.22248855
vn -0.6456818 0.730475 0.22248834
vn -0.6608601 0.7476451 0.06550288
vn -0.6608601 0.7476452 0.06550281
vn -0.25728676 0.96633506 0
vn -0.92744017 0.37397164 0
vn -0.8149509 0.050213564 -0.5773505
vn 0.05021363 0.8149511 -0.57735026
vn 0.2572864 -0.9663352 0
vn -0.050213635 -0.8149512 -0.5773502
vn 0.8149512 -0.050213583 -0.57735014
vn 0.05021363 0.8149511 -0.57735026
vn 0.8149512 -0.050213583 -0.57735014
vn 0.92744005 -0.3739719 0
vn 0.6618458 -0.7487606 -0.036301512
vn 0.66184574 -0.7487606 -0.036301438
vn 0.6503785 -0.73578817 -0.1887422
vn 0.6503785 -0.7357882 -0.18874201
vn 0.60838 -0.68827534 -0.39515924
vn 0.6083801 -0.68827534 -0.39515916
vn 0.5450823 -0.6166627 -0.5679898
vn 0.5450823 -0.6166626 -0.5679898
vn 0.48845887 -0.55260193 -0.6753066
vn 0.48845884 -0.55260193 -0.67530674
vn 0.47017768 -0.53192145 -0.70426726
vn 0.47017768 -0.53192145 -0.70426726
vn 0.57354605 -0.64887255 0.5000094
vn 0.57354605 -0.64887255 0.5000094
vn 0.57354605 -0.64887255 0.5000094
vn 0.57354605 -0.64887255 0.5000094
vn 0.57354885 -0.64887094 0.5000082
vn 0.57354885 -0.64887094 0.5000082
vn 0.57354885 -0.64887094 0.5000082
vn 0.57354885 -0.64887094 0.5000082
vn 0.81495106 -0.05021109 -0.5773506
vn 0.05021289 0.8149512 -0.57735014
vn -0.81495094 0.05021311 -0.57735044
vn -0.050211407 -0.8149514 -0.57734996
vn 0.2572898 -0.9663343 0
vn 0.81495106 -0.05021109 -0.5773506
vn 0.92744136 -0.37396863 0
vn 0.66184855 -0.74875814 -0.036300935
vn 0.6618485 -0.74875814 -0.03630095
vn 0.6503807 -0.7357864 -0.18874173
vn 0.6503807 -0.7357864 -0.18874171
vn 0.6083814 -0.6882742 -0.39515927
vn 0.60838133 -0.6882742 -0.39515936
vn 0.54508126 -0.6166627 -0.5679908
vn 0.54508126 -0.6166626 -0.56799084
vn 0.48845646 -0.55260307 -0.67530745
vn 0.48845652 -0.552603 -0.6753074
vn 0.47017595 -0.53192353 -0.70426697
vn 0.47017595 -0.53192353 -0.70426697
vn -0.9274398 0.37397218 0
vn -0.25728628 0.9663352 0
vn 0.05021289 0.8149512 -0.57735014
vn -0.6608591 0.74764615 0.0655018
vn -0.6608591 0.74764615 0.065501824
vn -0.64568216 0.730475 0.2224876
vn -0.6456822 0.730475 0.2224876
vn -0.60238063 0.6814837 0.41559318
vn -0.6023807 0.68148375 0.415593
vn -0.52839994 0.597786 0.6028643
vn -0.5284001 0.5977862 0.602864
vn -0.4042187 0.45729837 0.79213977
vn -0.4042187 0.45729834 0.79213977
vn -0.30378577 0.343678 0.88859415
vn -0.30378577 0.343678 0.88859415
vn -0.6959433 -0.71519935 0.06444272
vn -0.64613456 -0.75486165 0.11266739
vn -0.64613456 -0.75486165 0.11266739
vn -0.6957951 -0.7153298 0.06459345
vn -0.73940164 -0.672981 0.01953443
vn -0.73940045 -0.67298245 0.019535206
vn -0.74533635 -0.6665937 0.0112539325
vn -0.7453358 -0.6665941 0.011255011
vn -0.7474732 -0.6640099 0.019357858
vn -0.7474733 -0.6640098 0.01935513
vn -0.74810165 -0.663391 0.016007511
vn -0.7480138 -0.6634622 0.01712607
vn -0.74925566 -0.6622808 0
vn -0.74925566 -0.6622808 0
vn -0.69594276 -0.7151999 0.06444149
vn -0.64613426 -0.75486284 0.11266186
vn -0.64613426 -0.75486284 0.11266186
vn -0.69579494 -0.7153302 0.06459181
vn -0.7394011 -0.6729818 0.01953522
vn -0.73939985 -0.67298317 0.01953599
vn -0.74533546 -0.6665947 0.0112530105
vn -0.74533504 -0.66659516 0.011254084
vn -0.74747276 -0.6640104 0.019358132
vn -0.7474728 -0.66401035 0.019355396
vn -0.74810016 -0.66339266 0.016008362
vn -0.74801236 -0.6634638 0.017126964
vn -0.7492531 -0.66228366 0
vn -0.7492531 -0.66228366 0
vn -0.7492535 -0.66228324 0
vn -0.7480127 -0.66346335 0.017125463
vn -0.7492535 -0.66228324 0
vn -0.7481006 -0.66339236 0.016006965
vn -0.74747336 -0.66400975 0.019353628
vn -0.74747324 -0.66400987 0.019356355
vn -0.74533546 -0.66659474 0.011253787
vn -0.7453358 -0.66659415 0.011252708
vn -0.7394005 -0.67298245 0.019534435
vn -0.73940176 -0.67298114 0.019533662
vn -0.6957951 -0.71533006 0.06459135
vn -0.69594306 -0.7151997 0.06444078
vn -0.646133 -0.7548635 0.11266416
vn -0.646133 -0.7548635 0.11266416
vn 0.92744136 -0.37396863 0
vn -0.25728628 0.9663352 0
vn 0.05021289 0.8149512 -0.57735014
vn 0.81495106 -0.05021109 -0.5773506
vn 0.57355106 -0.6488617 0.5000176
vn 0.57355106 -0.6488617 0.5000176
vn 0.57355106 -0.6488617 0.5000176
vn 0.57355106 -0.6488617 0.5000176
vn -0.40421745 0.45730042 0.79213923
vn -0.30378652 0.34367976 0.8885933
vn -0.30378652 0.34367976 0.8885933
vn -0.4042176 0.45730063 0.792139
vn -0.52839667 0.59778976 0.6028635
vn -0.5283967 0.59778976 0.60286343
vn -0.6023769 0.6814869 0.41559324
vn -0.6023769 0.68148696 0.41559303
vn -0.64568096 0.7304759 0.22248805
vn -0.64568096 0.73047596 0.22248782
vn -0.66085994 0.7476455 0.065501414
vn -0.6608599 0.7476455 0.06550129
vn -0.2572865 0.9663352 0
vn -0.92744035 0.37397125 0
vn -0.8149511 0.05021246 -0.5773503
vn 0.05021393 0.8149511 -0.5773502
vn 0.2572872 -0.966335 0
vn -0.05021247 -0.81495106 -0.57735044
vn 0.81495106 -0.050213948 -0.57735026
vn 0.05021393 0.8149511 -0.5773502
vn 0.81495106 -0.050213948 -0.57735026
vn 0.92744005 -0.37397194 0
vn 0.6618465 -0.7487598 -0.036301516
vn 0.6618466 -0.7487599 -0.036301438
vn 0.6503794 -0.7357875 -0.18874162
vn 0.6503794 -0.7357875 -0.1887414
vn 0.6083803 -0.6882755 -0.39515817
vn 0.6083804 -0.68827564 -0.39515808
vn 0.5450814 -0.61666346 -0.56798995
vn 0.5450814 -0.61666346 -0.5679899
vn 0.48845804 -0.552602 -0.6753072
vn 0.48845804 -0.552602 -0.67530715
vn 0.47017813 -0.5319209 -0.70426744
vn 0.47017813 -0.5319209 -0.70426744
vn 0.92744005 -0.3739719 0
vn -0.25728676 0.96633506 0
vn 0.05021363 0.8149511 -0.57735026
vn 0.8149512 -0.050213583 -0.57735014
vn 0.92744005 -0.37397194 0
vn -0.2572865 0.9663352 0
vn 0.05021393 0.8149511 -0.5773502
vn 0.81495106 -0.050213948 -0.57735026
vn 0.9999951 0 0.003148851
vn 0.9999951 0 0.003148851
vn 0.9999951 0 0.003148851
vn 0.9999951 0 0.003148851
vn 1 0 0
vn 0.9998747 0.015752086 0.0015379804
vn 0.99986935 0.016127968 -0.0010438967
vn 0.99986935 0.016127968 -0.0010438967
vn 0.99986935 0.016127968 -0.0010438967
vn -0 1 0
vn -0 1 0
vn -0 1 0
vn -0 1 0
vn -0 1 0
vn -0 1 0
vn -0 1 0
vn -0 1 0
vn -0 1 0
vn -0 1 0
vn -0 1 0
vn -0 1 0
vn -0.039011944 0.9992387 0
vn -0.039011944 0.9992387 0
vn -0.039011944 0.9992387 0
vn -0.039011944 0.9992387 0
vn 0.66532004 0.74655825 0
vn 0.66532004 0.74655825 0
vn 0.66532004 0.74655825 0
vn 0.66532004 0.74655825 0
vn 0.6653197 0.7465586 0
vn 0.6653197 0.7465586 0
vn 0.6653197 0.7465586 0
vn 0.015875839 -0.999874 0.00014684076
vn 0.015875839 -0.999874 0.00014684076
vn 0.015875839 -0.999874 0.00014684076
vn 0.015875839 -0.999874 0.00014684076
vn -0.9999548 0.009136092 0.0026153869
vn -0.9999548 0.009136092 0.0026153869
vn -0.9999548 0.009136092 0.0026153869
vn -0.9999548 0.009136092 0.0026153869
vn -0.99987423 -0.015749559 -0.0018686946
vn -0.99987423 -0.015749559 -0.0018686946
vn -0.99972147 -0.02318687 0.004386455
vn -0.99972147 -0.02318687 0.004386455
vn -0.99972147 -0.02318687 0.004386455
vn -0.9997975 -0.020125192 0
vn -0.9997975 -0.020125192 0
vn -0.9997975 -0.020125192 0
vn 0.08341034 -0.9965144 0.0013340958
vn 0.08341034 -0.9965144 0.0013340958
vn 0.08341034 -0.9965144 0.0013340958
vn 0.08341034 -0.9965144 0.0013340958
vn -0.9999933 0 -0.003664798
vn -0.9999933 0 -0.003664798
vn -0.9999933 0 -0.003664798
vn -0.9999933 0 -0.003664798
vn 0.071858905 0.9974147 0.0004912708
vn 0.071858905 0.9974147 0.0004912708
vn 0.071858905 0.9974147 0.0004912708
vn 0.071858905 0.9974147 0.0004912708
vn 0.06798415 0.9976864 0
vn 0.06798415 0.9976864 0
vn 0.06798415 0.9976864 0
vn 0.7627154 0.64673424 0
vn 0.7627154 0.64673424 0
vn 0.7627154 0.64673424 0
vn 0.7627154 0.64673424 0
vn 0.7641148 0.64508027 0
vn 0.7641148 0.64508027 0
vn 0.76271534 0.6467344 0
vn 0.76414347 0.6450443 0.0016235472
vn 0.7627233 0.6467215 0.0021261037
vn 0.76414347 0.6450443 0.0016235472
vn 0.76414347 0.6450443 0.0016235472
vn 0.76414347 0.6450443 0.0016235472
vn 0.7641148 0.64508027 0
vn 0.7641148 0.64508027 0
vn 0.7641148 0.64508027 0
vn -0.043548606 -0.003910971 0.99904364
vn -0.043548606 -0.003910971 0.99904364
vn -0.043548606 -0.003910971 0.99904364
vn -0.043548606 -0.003910971 0.99904364
vn 0.31970394 0.94751734 0.00046663903
vn 0.31970394 0.94751734 0.00046663903
vn 0.31970394 0.94751734 0.00046663903
vn 0.31970394 0.94751734 0.00046663903
vn -0 1 0
vn 0.00024734598 1 3.9239552E-05
vn 0.00024734598 1 3.9239552E-05
vn -0 1 0
vn -0 1 0
vn -0 1 0
vn -0.011651123 0.99992645 0.0033808593
vn -0.011651123 0.99992645 0.0033808593
vn -0.010934164 0.9999403 0
vn -0.010934164 0.9999403 0
vn -0.010934156 0.9999398 -0.00092146307
vn -0.010934156 0.9999398 -0.00092146307
vn -0.010934156 0.9999398 -0.00092146307
vn -0.010932494 0.9999398 -0.0009199514
vn -0.010932494 0.9999398 -0.0009199514
vn 1 0 0
vn 1 0 0
vn 1 0 0
vn 1 0 0
vn 1 0 0
vn 1 0 0
vn 1 0 0
vn 1 0 0
vn 1 0 0
vn 1 0 0
vn -0.038238216 -0.9992687 0
vn -0.038238216 -0.9992687 0
vn -0.038238216 -0.9992687 0
vn -0.038238216 -0.9992687 0
vn 0.06795585 0.9976878 0.0010200324
vn 0.06795585 0.9976878 0.0010200324
vn 0.06795585 0.9976878 0.0010200324
vn 0.06795585 0.9976878 0.0010200324
vn -0.32624596 -0.9452847 -0.0004985642
vn -0.32624596 -0.9452847 -0.0004985642
vn -0.32624596 -0.9452847 -0.0004985642
vn -0.32624596 -0.9452847 -0.0004985642
vn -0.0058542266 0.022715824 0.9997248
vn -0.0058542266 0.022715824 0.9997248
vn -0.0058542266 0.022715824 0.9997248
vn -0.0058542266 0.022715824 0.9997248
vn -0.0077841557 -0.007203087 0.99994373
vn -0.005381428 -0.013216804 0.9998982
vn -0.005381428 -0.013216804 0.9998982
vn -0.005381428 -0.013216804 0.9998982
vn -0.005381428 -0.013216804 0.9998982
vn 0.0028654246 -0.0002688302 0.99999595
vn 0.0028654246 -0.0002688302 0.99999595
vn 0.0028654246 -0.0002688302 0.99999595
vn 0.0004930739 -0.0004961993 0.99999976
vn 0.0004930739 -0.0004961993 0.99999976
vn -0.6514039 -0.7587312 0
vn -0.6514039 -0.7587312 0
vn -0.6514039 -0.7587312 0
vn -0.6514039 -0.7587312 0
vn -0.6667838 -0.7452513 0
vn 0.06194361 -0.9980761 -0.002690314
vn 0.06194361 -0.9980761 -0.002690314
vn 0.06194361 -0.9980761 -0.002690314
vn 0.06194361 -0.9980761 -0.002690314
vn -0 0 1
vn -0 0 1
vn -0 0 1
vn -0 0 1
vn -0 0 1
vn -0 0 1
vn -0.75700843 -0.6534017 -0.0021005797
vn -0.75700843 -0.6534017 -0.0021005797
vn -0.75700843 -0.6534017 -0.0021005797
vn -0.75700843 -0.6534017 -0.0021005797
vn -0.76086056 -0.64891344 -0.0016097153
vn -0.76086056 -0.64891344 -0.0016097153
vn -0.039057583 -0.044881478 0.9982285
vn -0.039057583 -0.044881478 0.9982285
vn -0.039057583 -0.044881478 0.9982285
vn -0.039057583 -0.044881478 0.9982285
vn -0.012229334 -0.0004200641 0.99992514
vn -0.012229334 -0.0004200641 0.99992514
vn -0.012229334 -0.0004200641 0.99992514
vn -0.012229334 -0.0004200641 0.99992514
vn -0.015966868 -0.00041610133 0.99987245
vn -0.015966868 -0.00041610133 0.99987245
vn -0.008713545 0.0007852203 0.99996173
vn -0.008713545 0.0007852203 0.99996173
vn -0.008713545 0.0007852203 0.99996173
vn -0.008713545 0.0007852203 0.99996173
vn 0.01853404 -0.99982774 0.0009440255
vn 0.01853404 -0.99982774 0.0009440255
vn 0.01853404 -0.99982774 0.0009440255
vn 0.01853404 -0.99982774 0.0009440255
vn -0.68030137 -0.7329325 0
vn -0.68030137 -0.7329325 0
vn -0.68030137 -0.7329325 0
vn -0.6803015 -0.73293245 0
vn -0.6803015 -0.73293245 0
vn 0.31987512 0.94745976 0
vn 0.31987512 0.94745976 0
vn 0.31987512 0.94745976 0
vn 0.31987512 0.94745976 0
vn 0.31987512 0.94745976 0
vn 0.31987512 0.94745976 0
vn 0.31987512 0.94745976 0
vn 0.6653211 0.7465573 0
vn 0.6653211 0.7465573 0
vn 0.6653211 0.7465573 0
vn 0.6653211 0.7465573 0
vn 0.6653213 0.74655724 0
vn 0.6653213 0.74655724 0
vn 0.6653213 0.74655724 0
vn 0.7836493 0.6212034 0
vn 0.7836493 0.6212034 0
vn 0.7836493 0.6212034 0
vn 0.7836493 0.6212034 0
vn -0.61558795 -0.78806823 0
vn -0.61558795 -0.78806823 0
vn -0.61558795 -0.78806823 0
vn -0.61558795 -0.78806823 0
vn -0.61558765 -0.7880685 0
vn -0.61558765 -0.7880685 0
vn 1 0 0
vn 1 0 0
vn 0.9999933 0 0.0036622887
vn 0.9999933 0 0.0036622887
vn 0.9999933 0 0.0036622887
vn 0.9999933 0 0.0036622887
vn 1 0 0
vn 0.9999933 0 0.003662284
vn 1 0 0
vn 1 0 0
vn 1 0 0
vn 1 0 0
vn 1 0 0
vn 1 0 0
vn 1 0 0
vn 0.0516529 -0.9986651 0
vn 0.0516529 -0.9986651 0
vn 0.0516529 -0.9986651 0
vn 0.0516529 -0.9986651 0
vn 0.05165304 -0.9986651 0
vn 0.05165304 -0.9986651 0
vn -0.5167992 -0.85610664 0
vn -0.5167992 -0.85610664 0
vn -0.5167992 -0.85610664 0
vn -0.5167992 -0.85610664 0
vn -0.51679915 -0.85610664 0
vn -0.51679915 -0.85610664 0
vn -0.44473836 -0.8956605 0
vn -0.44473836 -0.8956605 0
vn -0.44473836 -0.8956605 0
vn -0.44473836 -0.8956605 0
vn -0.44473824 -0.8956605 0
vn -0.44473824 -0.8956605 0
vn 0.014761473 -0.9998908 -0.0006412935
vn -0.0042769965 -0.99999094 0
vn -0.0042769965 -0.99999094 0
vn 0.014761473 -0.9998908 -0.0006412935
vn 0.014761473 -0.9998908 -0.0006412935
vn -0.0042769955 -0.99999094 0
vn 0.014761473 -0.9998908 -0.0006412935
vn -0.0042769955 -0.99999094 0
vn 0.014361593 -0.99989676 0.0005402545
vn -0.011879482 0.9999293 -0.0005363558
vn -0.011879482 0.9999293 -0.0005363558
vn -0.011879482 0.9999293 -0.0005363558
vn -0.011879482 0.9999293 -0.0005363558
vn -0.033026304 0.99945444 0
vn -0.033026304 0.99945444 0
vn -0 0 1
vn -0 0 1
vn -0 0 1
vn -0 0 1
vn -0 0 1
vn -0 0 1
vn -0 0 1
vn -0 0 1
vn -0 0 1
vn 0.99996483 0.007778173 0.0031407785
vn 0.99996483 0.007778173 0.0031407785
vn 0.99996483 0.007778173 0.0031407785
vn 0.99996483 0.007778173 0.0031407785
vn -0.3966726 0.29346076 0.8697883
vn -0.3966726 0.29346076 0.8697883
vn -0.3966726 0.29346076 0.8697883
vn -0.3966726 0.29346076 0.8697883
vn 0.0016301185 -0.0033515024 0.9999931
vn 0.0016301185 -0.0033515024 0.9999931
vn 0.0016301185 -0.0033515024 0.9999931
vn 0.0016301185 -0.0033515024 0.9999931
vn -0.00022691094 -0.0039061182 0.9999924
vn -0.00022691094 -0.0039061182 0.9999924
vn -0.00021107419 -0.00079340383 0.99999964
vn -0.00021107419 -0.00079340383 0.99999964
vn -0.00080486893 -0.0023236726 0.999997
vn -0.00080486893 -0.0023236726 0.999997
vn 0.0008592362 -0.0034528754 0.9999937
vn 0.0008592362 -0.0034528754 0.9999937
vn 0.6789017 0.7342292 0
vn 0.6789017 0.7342292 0
vn 0.6789017 0.7342292 0
vn 0.6789017 0.7342292 0
vn 0.6012505 0.79906064 0
vn 0.6012505 0.79906064 0
vn 0.6012505 0.79906064 0
vn 0.6012505 0.79906064 0
vn -0.000617729 0.017013598 0.99985504
vn -0.000617729 0.017013598 0.99985504
vn -0.000617729 0.017013598 0.99985504
vn -0.000617729 0.017013598 0.99985504
vn 0.07034738 0.9975223 -0.0006783844
vn 0.07034738 0.9975223 -0.0006783844
vn 0.07034738 0.9975223 -0.0006783844
vn 0.07034738 0.9975223 -0.0006783844
vn 0.0702106 0.9975321 0
vn 0.0702106 0.9975321 0
vn 0.08217477 0.9962913 0.025517588
vn 0.08217477 0.9962913 0.025517588
vn 0.0014323349 -0.99999905 0
vn 0.0014323349 -0.99999905 0
vn 0.0014323349 -0.99999905 0
vn 0.0014323349 -0.99999905 0
vn 0.0029070063 -0.9999958 2.1126052E-05
vn 0.0029070063 -0.9999958 2.1126052E-05
vn 0.0029070063 -0.9999958 2.1126052E-05
vn 0.0029070063 -0.9999958 2.1126052E-05
vn -0.03823824 -0.9992687 0
vn -0.03823824 -0.9992687 0
vn -0.03823824 -0.9992687 0
vn -0.03823824 -0.9992687 0
vn 0.9999949 0.0025722869 0.0018999343
vn 0.9999949 0.0025722869 0.0018999343
vn 0.9999949 0.0025722869 0.0018999343
vn 0.9999949 0.0025722869 0.0018999343
vn 0.13274075 -0.99115086 0
vn 0.13274075 -0.99115086 0
vn 0.13274075 -0.99115086 0
vn 0.13274075 -0.99115086 0
vn 0.14030097 -0.990108 0.0012997977
vn 0.14030097 -0.990108 0.0012997977
vn 0.14030097 -0.990108 0.0012997977
vn -0.010932497 0.9999403 0
vn -0.010932497 0.9999403 0
vn -0.010932497 0.9999403 0
vn -0.010932497 0.9999403 0
vn -0.011649385 0.99993086 0.0016476244
vn -0.011649385 0.99993086 0.0016476244
vn -0.011649385 0.99993086 0.0016476244
vn -0.00049802026 0.0057439427 0.99998343
vn -0.00049802026 0.0057439427 0.99998343
vn -0.00049802026 0.0057439427 0.99998343
vn -0.00049802026 0.0057439427 0.99998343
vn -0.0018415637 -0.00012452464 0.99999833
vn -0.0018415637 -0.00012452464 0.99999833
vn -0.0005161376 -0.00012407971 0.9999999
vn -0.0005161376 -0.00012407971 0.9999999
vn -0.0005161376 -0.00012407971 0.9999999
vn -0.0005161376 -0.00012407971 0.9999999
vn -0.00022991069 -0.00012327779 1
vn -0.00022991069 -0.00012327779 1
vn -0 0.41960976 0.90770465
vn -0 0.41960976 0.90770465
vn -0 0.41960976 0.90770465
vn -0 0.41960976 0.90770465
vn -0 1 0
vn -0 1 0
vn -0 1 0
vn -0 1 0
vn -0.06677317 -0.9977677 -0.0010150378
vn -0.06677317 -0.9977677 -0.0010150378
vn -0.06677317 -0.9977677 -0.0010150378
vn -0.06677317 -0.9977677 -0.0010150378
vn -0.28262332 -0.95923096 0
vn -0.28262332 -0.95923096 0
vn -0.28262332 -0.95923096 0
vn -0.28262332 -0.95923096 0
vn 0.001910524 0.037538003 0.9992933
vn 0.001910524 0.037538003 0.9992933
vn 0.001910524 0.037538003 0.9992933
vn 0.001910524 0.037538003 0.9992933
vn -0.005740526 -0.99998355 0
vn -0.005740526 -0.99998355 0
vn -0.005740526 -0.99998355 0
vn -0.005740526 -0.99998355 0
vn 0.0036717525 0.9999933 0
vn 0.0036717525 0.9999933 0
vn 0.0036717525 0.9999933 0
vn 0.0036717525 0.9999933 0
vn 0.0036035406 0.99999356 0
vn 0.0036035406 0.99999356 0
vn 0.0036035406 0.99999356 0
vn 0.0036035406 0.99999356 0
vn 0.0058922507 0.9999827 -5.357413E-05
vn 0.0058922507 0.9999827 -5.357413E-05
vn 0.0058922507 0.9999827 -5.357413E-05
vn 0.0058922507 0.9999827 -5.357413E-05
vn -0.039011933 0.9992387 0
vn -0.039011933 0.9992387 0
vn -0.039011933 0.9992387 0
vn -0.039011933 0.9992387 0
vn -0.011242432 -0.0007532354 0.9999366
vn -0.011242432 -0.0007532354 0.9999366
vn -0.011242432 -0.0007532354 0.9999366
vn -0.011242432 -0.0007532354 0.9999366
vn -0.32090867 0 0.9471102
vn -0.32090867 0 0.9471102
vn -0.32090867 0 0.9471102
vn -0.32090867 0 0.9471102
vn -0.010286964 -0.014619859 0.99984014
vn -0.010286964 -0.014619859 0.99984014
vn -0.010286964 -0.014619859 0.99984014
vn -0.010286964 -0.014619859 0.99984014
vn -0.03248836 -0.03950162 0.99869126
vn -0.03248836 -0.03950162 0.99869126
vn -0.03248836 -0.03950162 0.99869126
vn -0.03248836 -0.03950162 0.99869126
vn -0.012106545 -0.055387687 0.99839145
vn -0.012106545 -0.055387687 0.99839145
vn -0.001872457 -0.06929588 0.9975944
vn -0.001872457 -0.06929588 0.9975944
vn -0.001872457 -0.06929588 0.9975944
vn -0.001872457 -0.06929588 0.9975944
vn -0 0 1
vn -0 0 1
vn -0 0 1
vn -0 0 1
vn -0 0 1
vn -0 0 1
vn -0 0 1
vn -0 0 1
vn -0.51077515 -0.85971427 0
vn -0.51077515 -0.85971427 0
vn -0.51077515 -0.85971427 0
vn -0.51077515 -0.85971427 0
vn -1 0 0
vn -1 0 0
vn -1 0 0
vn -1 0 0
vn 0.014943736 -0.9998883 0
vn 0.014943736 -0.9998883 0
vn 0.014943736 -0.9998883 0
vn 0.014943736 -0.9998883 0
vn 0.007872517 0.014406549 0.9998652
vn 0.007872517 0.014406549 0.9998652
vn 0.007872517 0.014406549 0.9998652
vn 0.007872517 0.014406549 0.9998652
vn -0 0 1
vn -0 0 1
vn -0 0 1
vn 0.035921566 0 0.99935466
vn 0.035921566 0 0.99935466
vn 0.035921566 0 0.99935466
vn 0.035921566 0 0.99935466
vn -0 0 1
vn -0 0 1
vn -0 0 1
vn -0 -1 0
vn -0 -1 0
vn -0 -1 0
vn -0 -1 0
vn 1 0 0
vn 1 0 0
vn 1 0 0
vn 1 0 0
vn -1 0 0
vn -1 0 0
vn -0.99987066 -0.0015950415 0.016006688
vn -0.99985194 -0.0017064974 0.01712518
vn -0.9998097 -0.0024747658 0.019356225
vn -0.9998097 -0.002474599 0.019353494
vn -0.9999198 -0.0058268667 0.011253086
vn -0.99991965 -0.005827585 0.01125416
vn -0.99970335 -0.014541883 0.019533917
vn -0.99970335 -0.01454373 0.01953469
vn -0.9951024 -0.074956186 0.06444108
vn -0.99507797 -0.075151734 0.06459153
vn -0.9840507 -0.13766228 0.112664595
vn -0.9840507 -0.13766228 0.112664595
vn -0.99507797 -0.07515139 0.06459153
vn -0.9840508 -0.13766117 0.11266461
vn -0.9840508 -0.13766117 0.11266461
vn -0.9951025 -0.07495586 0.064441085
vn -0.99970335 -0.014544233 0.01953469
vn -0.99970335 -0.014542386 0.019533917
vn -0.99991965 -0.005827593 0.01125416
vn -0.9999198 -0.0058268756 0.011253086
vn -0.9998097 -0.002473703 0.01935189
vn -0.9998097 -0.0024738694 0.019354621
vn -0.99985194 -0.0017059012 0.017123558
vn -0.99987066 -0.0015944842 0.016005171
vn -1 0 0
vn -1 0 0
vn -1 0 0
vn -1 0 0
vn -0.99987066 -0.0015944494 0.016005171
vn -0.99985194 -0.001705864 0.017123558
vn -0.9998097 -0.0024737562 0.019354621
vn -0.9998097 -0.0024735893 0.01935189
vn -0.9999198 -0.0058268784 0.011253086
vn -0.99991965 -0.005827596 0.01125416
vn -0.99970335 -0.014542577 0.019533917
vn -0.99970335 -0.014544423 0.01953469
vn -0.9951024 -0.07495619 0.06444108
vn -0.99507797 -0.075151734 0.06459153
vn -0.9840508 -0.13766165 0.11266461
vn -0.9840508 -0.13766165 0.11266461
vn -0 0.61034 0.79213953
vn -0 0.45869625 0.88859314
vn -0 0.45869625 0.88859314
vn -0 0.61034 0.79213953
vn -0 0.79784364 0.6028644
vn -0 0.79784364 0.6028644
vn -0 0.90955085 0.41559267
vn -0 0.90955085 0.41559267
vn -0 0.97493535 0.22248824
vn -0 0.97493535 0.22248808
vn -0 0.99785244 0.06550257
vn -0 0.99785244 0.06550244
vn -0.44721365 0.8944272 0
vn 0.44721365 0.8944272 0
vn 0.57735026 0.57735026 -0.57735026
vn -0.57735026 0.57735026 -0.57735026
vn 0.44721365 -0.8944272 0
vn 0.57735026 -0.57735026 -0.57735026
vn -0.57735026 -0.57735026 -0.57735026
vn -0.57735026 0.57735026 -0.57735026
vn -0.57735026 -0.57735026 -0.57735026
vn -0.44721365 -0.8944272 0
vn -0 -0.99934083 -0.036301207
vn -0 -0.99934083 -0.03630113
vn -0 -0.9820269 -0.18874109
vn -0 -0.9820269 -0.18874083
vn -0 -0.918613 -0.39515826
vn -0 -0.918613 -0.39515826
vn -0 -0.8230354 -0.5679901
vn -0 -0.8230354 -0.5679901
vn -0 -0.7375369 -0.67530686
vn -0 -0.7375369 -0.6753069
vn -0 -0.7099352 -0.7042669
vn -0 -0.7099352 -0.7042669
vn -0 -0.8660249 0.5000008
vn -0 -0.8660249 0.5000008
vn -0 -0.8660249 0.5000008
vn -0 -0.8660249 0.5000008
vn -0 -0.866025 0.50000066
vn -0 -0.866025 0.50000066
vn -0 -0.866025 0.50000066
vn -0 -0.866025 0.50000066
vn -0.57735026 -0.57735026 -0.57735026
vn 0.57735026 0.57735026 -0.57735026
vn -0.57735026 0.57735026 -0.57735026
vn 0.57735026 -0.57735026 -0.57735026
vn 0.4472136 -0.8944272 0
vn -0.57735026 -0.57735026 -0.57735026
vn -0.4472136 -0.8944272 0
vn -0 -0.99934083 -0.03630081
vn -0 -0.99934083 -0.03630081
vn -0 -0.9820269 -0.18874094
vn -0 -0.9820269 -0.18874094
vn -0 -0.91861284 -0.39515874
vn -0 -0.91861284 -0.39515874
vn -0 -0.8230354 -0.5679901
vn -0 -0.8230354 -0.5679901
vn -0 -0.7375367 -0.675307
vn -0 -0.7375367 -0.675307
vn -0 -0.7099347 -0.70426744
vn -0 -0.7099347 -0.70426744
vn 0.4472136 0.8944272 0
vn -0.4472136 0.8944272 0
vn -0.57735026 0.57735026 -0.57735026
vn -0 0.99785244 0.06550273
vn -0 0.99785244 0.06550273
vn -0 0.97493535 0.22248848
vn -0 0.97493535 0.22248848
vn -0 0.9095509 0.4155925
vn -0 0.9095509 0.4155925
vn -0 0.79784375 0.6028642
vn -0 0.79784375 0.6028642
vn -0 0.61034024 0.7921393
vn -0 0.61034024 0.7921393
vn -0 0.458697 0.8885928
vn -0 0.458697 0.8885928
vn 0.9951024 -0.074956305 0.06444108
vn 0.9840508 -0.13766173 0.11266461
vn 0.9840508 -0.13766173 0.11266461
vn 0.99507797 -0.075151846 0.06459153
vn 0.99970335 -0.014542721 0.019533912
vn 0.99970335 -0.014544568 0.019534687
vn 0.9999198 -0.005826878 0.011253081
vn 0.99991965 -0.0058275955 0.011254155
vn 0.99980956 -0.0024740112 0.019357808
vn 0.9998097 -0.002473845 0.01935508
vn 0.99987054 -0.0015947629 0.016008185
vn 0.9998518 -0.0017061995 0.017126782
vn 1 0 0
vn 1 0 0
vn 0.9951024 -0.07495614 0.06444108
vn 0.9840508 -0.13766158 0.11266461
vn 0.9840508 -0.13766158 0.11266461
vn 0.99507797 -0.07515168 0.06459153
vn 0.99970335 -0.014542551 0.019533912
vn 0.99970335 -0.0145443985 0.019534685
vn 0.9999198 -0.0058268756 0.011253081
vn 0.99991965 -0.005827593 0.011254155
vn 0.99980956 -0.0024740878 0.019357808
vn 0.9998097 -0.0024739215 0.01935508
vn 0.99987054 -0.0015947629 0.016008185
vn 0.9998518 -0.0017061995 0.017126782
vn 1 0 0
vn 1 0 0
vn 1 0 0
vn 1 0 0
vn 0.99985194 -0.0017059017 0.017125182
vn 0.99987066 -0.0015944847 0.01600669
vn 0.9998097 -0.002473397 0.019353498
vn 0.9998097 -0.0024735637 0.019356228
vn 0.99991965 -0.0058275997 0.011254155
vn 0.9999198 -0.0058268826 0.011253081
vn 0.99970335 -0.014545428 0.019534687
vn 0.99970335 -0.014543581 0.019533912
vn 0.99507785 -0.075152844 0.06459152
vn 0.9951024 -0.074957326 0.064441085
vn 0.9840507 -0.13766228 0.112664595
vn 0.9840507 -0.13766228 0.112664595
vn -0.4472136 -0.8944272 0
vn -0.57735026 -0.57735026 -0.57735026
vn -0.57735026 0.57735026 -0.57735026
vn -0.4472136 0.8944272 0
vn -0 -0.8660249 0.5000008
vn -0 -0.8660249 0.5000008
vn -0 -0.8660249 0.5000008
vn -0 -0.8660249 0.5000008
vn -0 0.61034006 0.7921395
vn -0 0.4586966 0.88859296
vn -0 0.4586966 0.88859296
vn -0 0.61034006 0.7921395
vn -0 0.79784375 0.6028643
vn -0 0.79784375 0.6028643
vn -0 0.9095509 0.41559252
vn -0 0.9095509 0.41559252
vn -0 0.97493535 0.22248833
vn -0 0.97493535 0.22248816
vn -0 0.99785244 0.065502584
vn -0 0.99785244 0.06550246
vn -0.44721365 0.8944272 0
vn 0.44721365 0.8944272 0
vn 0.57735026 0.57735026 -0.57735026
vn -0.57735026 0.57735026 -0.57735026
vn 0.44721365 -0.8944272 0
vn 0.57735026 -0.57735026 -0.57735026
vn -0.57735026 -0.57735026 -0.57735026
vn -0.57735026 0.57735026 -0.57735026
vn -0.57735026 -0.57735026 -0.57735026
vn -0.44721365 -0.8944272 0
vn -0 -0.99934083 -0.036300678
vn -0 -0.99934083 -0.0363006
vn -0 -0.9820269 -0.18874083
vn -0 -0.982027 -0.18874063
vn -0 -0.91861296 -0.3951587
vn -0 -0.91861296 -0.3951587
vn -0 -0.8230354 -0.5679901
vn -0 -0.8230354 -0.5679901
vn -0 -0.7375369 -0.675307
vn -0 -0.7375369 -0.675307
vn -0 -0.7099347 -0.70426744
vn -0 -0.7099347 -0.70426744
vn -0.44721365 -0.8944272 0
vn -0.57735026 -0.57735026 -0.57735026
vn -0.57735026 0.57735026 -0.57735026
vn -0.44721365 0.8944272 0
vn -0.44721365 -0.8944272 0
vn -0.57735026 -0.57735026 -0.57735026
vn -0.57735026 0.57735026 -0.57735026
vn -0.44721365 0.8944272 0
vn -0 1 0
vn -0 1 0
vn -0.0015946123 0.99987066 0.016007321
vn -0.001706038 0.99985194 0.017125856
vn -0.0024739122 0.99980956 0.01935673
vn -0.0024737455 0.9998097 0.019353993
vn -0.0058268285 0.9999198 0.011253032
vn -0.005827546 0.99991965 0.011254107
vn -0.014542529 0.99970335 0.019533776
vn -0.014544376 0.99970335 0.019534552
vn -0.074956104 0.99510264 0.06443804
vn -0.075151645 0.9950782 0.06458848
vn -0.1376615 0.9840515 0.11265875
vn -0.1376615 0.9840515 0.11265875
vn -0.07515161 0.99507797 0.064590596
vn -0.13766143 0.9840509 0.11266322
vn -0.13766143 0.9840509 0.11266322
vn -0.074956074 0.9951025 0.06444015
vn -0.014544375 0.99970335 0.019533895
vn -0.0145425275 0.99970335 0.01953312
vn -0.0058275466 0.99991965 0.011254091
vn -0.005826828 0.9999198 0.011253016
vn -0.00247358 0.9998097 0.019352397
vn -0.002473747 0.9998097 0.019355137
vn -0.0017058703 0.99985194 0.017123623
vn -0.0015944554 0.99987066 0.016005233
vn -0 1 0
vn -0 1 0
vn -0 1 0
vn -0 1 0
vn -0.0015944508 0.99987066 0.016005324
vn -0.0017058655 0.99985194 0.017123723
vn -0.0024737427 0.9998097 0.019354627
vn -0.0024735767 0.9998097 0.019351903
vn -0.00582683 0.9999198 0.011253358
vn -0.005827546 0.99991965 0.011254428
vn -0.014542529 0.99970335 0.019534452
vn -0.014544376 0.99970335 0.019535227
vn -0.074956074 0.9951025 0.06444053
vn -0.07515161 0.99507797 0.06459097
vn -0.13766143 0.9840509 0.11266322
vn -0.13766143 0.9840509 0.11266322
vn 0.6103398 0 0.7921397
vn 0.45869547 0 0.8885935
vn 0.45869547 0 0.8885935
vn 0.6103398 0 0.7921397
vn 0.7978436 0 0.6028645
vn 0.7978436 0 0.6028645
vn 0.9095507 0 0.41559297
vn 0.9095507 0 0.41559297
vn 0.9749355 0 0.22248803
vn 0.9749355 0 0.22248794
vn 0.99785244 0 0.06550224
vn 0.99785244 0 0.065502115
vn 0.8944272 0.44721365 0
vn 0.8944272 -0.44721365 0
vn 0.57735026 -0.57735026 -0.57735026
vn 0.57735026 0.57735026 -0.57735026
vn -0.894428 -0.4472119 0
vn -0.577351 -0.5773497 -0.57735014
vn -0.5773495 0.57735085 -0.5773504
vn 0.57735026 0.57735026 -0.57735026
vn -0.5773495 0.57735085 -0.5773504
vn -0.89442635 0.44721535 0
vn -0.99934083 0 -0.036300894
vn -0.99934083 0 -0.036300816
vn -0.9820269 0 -0.18874128
vn -0.9820269 0 -0.18874104
vn -0.91861284 0 -0.3951589
vn -0.91861284 0 -0.3951589
vn -0.8230355 0 -0.56799
vn -0.8230355 0 -0.56799
vn -0.737537 0 -0.6753068
vn -0.737537 0 -0.6753068
vn -0.709935 0 -0.7042672
vn -0.709935 0 -0.7042672
vn -0.8660241 0 0.50000244
vn -0.8660241 0 0.50000244
vn -0.8660241 0 0.50000244
vn -0.8660241 0 0.50000244
vn -0.8660241 0 0.50000244
vn -0.8660241 0 0.50000244
vn -0.8660241 0 0.50000244
vn -0.8660241 0 0.50000244
vn -0.57735026 0.57735026 -0.57735026
vn 0.57735026 -0.57735026 -0.57735026
vn 0.57735026 0.57735026 -0.57735026
vn -0.57735026 -0.57735026 -0.57735026
vn -0.8944272 -0.44721365 0
vn -0.57735026 0.57735026 -0.57735026
vn -0.8944272 0.44721365 0
vn -0.99934083 0 -0.03630125
vn -0.99934083 0 -0.03630125
vn -0.9820269 0 -0.1887413
vn -0.9820269 0 -0.1887413
vn -0.91861296 0 -0.39515865
vn -0.91861296 0 -0.39515865
vn -0.8230355 0 -0.56799
vn -0.8230355 0 -0.56799
vn -0.737537 0 -0.6753068
vn -0.737537 0 -0.6753068
vn -0.709935 0 -0.7042672
vn -0.709935 0 -0.7042672
vn 0.8944272 -0.44721365 0
vn 0.8944272 0.44721365 0
vn 0.57735026 0.57735026 -0.57735026
vn 0.99785244 0 0.0655019
vn 0.99785244 0 0.0655019
vn 0.9749355 0 0.22248794
vn 0.9749355 0 0.22248794
vn 0.9095506 0 0.41559318
vn 0.9095506 0 0.41559318
vn 0.7978436 0 0.6028645
vn 0.7978436 0 0.6028645
vn 0.6103398 0 0.7921397
vn 0.6103398 0 0.7921397
vn 0.45869547 0 0.8885935
vn 0.45869547 0 0.8885935
vn -0.074956074 -0.9951025 0.06444015
vn -0.13766143 -0.9840509 0.11266322
vn -0.13766143 -0.9840509 0.11266322
vn -0.07515161 -0.99507797 0.064590596
vn -0.014542529 -0.99970335 0.019533776
vn -0.014544376 -0.99970335 0.019534552
vn -0.00582683 -0.9999198 0.011253036
vn -0.005827546 -0.99991965 0.011254107
vn -0.0024740554 -0.99980956 0.019357862
vn -0.0024738896 -0.9998097 0.019355142
vn -0.0015947465 -0.99987054 0.016008386
vn -0.0017061818 -0.9998518 0.017126996
vn -0 -1 0
vn -0 -1 0
vn -0.074956074 -0.9951025 0.06444053
vn -0.13766143 -0.9840509 0.11266322
vn -0.13766143 -0.9840509 0.11266322
vn -0.07515161 -0.99507797 0.06459097
vn -0.014542529 -0.99970335 0.019534124
vn -0.014544376 -0.99970335 0.019534899
vn -0.00582683 -0.9999198 0.011252879
vn -0.005827546 -0.99991965 0.01125395
vn -0.0024740554 -0.99980956 0.019357562
vn -0.0024738896 -0.9998097 0.019354843
vn -0.0015947465 -0.99987054 0.016008247
vn -0.0017061818 -0.9998518 0.017126847
vn -0 -1 0
vn -0 -1 0
vn -0 -1 0
vn -0 -1 0
vn -0.001706038 -0.99985194 0.017125186
vn -0.0015946123 -0.99987066 0.016006695
vn -0.0024737455 -0.9998097 0.01935333
vn -0.0024739124 -0.9998097 0.019356068
vn -0.005827546 -0.99991965 0.011254107
vn -0.0058268285 -0.9999198 0.011253032
vn -0.014544376 -0.99970335 0.019534552
vn -0.014542529 -0.99970335 0.019533776
vn -0.07515161 -0.99507797 0.06459166
vn -0.07495607 -0.9951024 0.064441204
vn -0.1376614 -0.9840507 0.11266547
vn -0.1376614 -0.9840507 0.11266547
vn -0.8944272 0.44721365 0
vn -0.57735026 0.57735026 -0.57735026
vn 0.57735026 0.57735026 -0.57735026
vn 0.8944272 0.44721365 0
vn -0.8660231 0 0.50000393
vn -0.8660231 0 0.50000393
vn -0.8660231 0 0.50000393
vn -0.8660231 0 0.50000393
vn 0.61034 0 0.79213953
vn 0.45869547 0 0.8885935
vn 0.45869547 0 0.8885935
vn 0.61034 0 0.79213953
vn 0.7978439 0 0.60286415
vn 0.7978439 0 0.60286415
vn 0.909551 0 0.41559234
vn 0.909551 0 0.41559234
vn 0.9749355 0 0.22248802
vn 0.9749355 0 0.22248787
vn 0.99785244 0 0.06550266
vn 0.99785244 0 0.06550253
vn 0.8944272 0.44721365 0
vn 0.8944272 -0.44721365 0
vn 0.57735026 -0.57735026 -0.57735026
vn 0.57735026 0.57735026 -0.57735026
vn -0.8944272 -0.44721365 0
vn -0.57735026 -0.57735026 -0.57735026
vn -0.57735026 0.57735026 -0.57735026
vn 0.57735026 0.57735026 -0.57735026
vn -0.57735026 0.57735026 -0.57735026
vn -0.8944272 0.44721365 0
vn -0.99934095 0 -0.036300533
vn -0.99934095 0 -0.036300454
vn -0.982027 0 -0.18874079
vn -0.982027 0 -0.18874054
vn -0.91861284 0 -0.39515874
vn -0.91861284 0 -0.39515874
vn -0.8230353 0 -0.5679902
vn -0.8230353 0 -0.5679902
vn -0.7375367 0 -0.6753069
vn -0.7375367 0 -0.6753069
vn -0.709935 0 -0.7042672
vn -0.709935 0 -0.7042672
vn -0.89442635 0.44721535 0
vn -0.5773495 0.57735085 -0.5773504
vn 0.57735026 0.57735026 -0.57735026
vn 0.8944272 0.44721365 0
vn -0.8944272 0.44721365 0
vn -0.57735026 0.57735026 -0.57735026
vn 0.57735026 0.57735026 -0.57735026
vn 0.8944272 0.44721365 0
vn 0.749254 -0.66228276 0
vn 0.749254 -0.66228276 0
vn 0.75021356 -0.6610018 0.016006906
vn 0.7502734 -0.6609059 0.017125415
vn 0.7507508 -0.66030186 0.019356139
vn 0.75075066 -0.6603021 0.019353412
vn 0.7530521 -0.6578647 0.011254445
vn 0.7530526 -0.6578642 0.011255519
vn 0.7586621 -0.6511913 0.019536057
vn 0.75866336 -0.6511899 0.019536838
vn 0.79522663 -0.6028781 0.06444077
vn 0.7953379 -0.60271513 0.06459146
vn 0.8284743 -0.54857755 0.112663224
vn 0.8284743 -0.54857755 0.112663224
vn 0.795339 -0.6027138 0.064590976
vn 0.82847637 -0.54857403 0.112665474
vn 0.82847637 -0.54857403 0.112665474
vn 0.79522777 -0.6028765 0.06444051
vn 0.7586647 -0.65118843 0.019533549
vn 0.75866354 -0.6511898 0.01953278
vn 0.7530537 -0.65786284 0.011253145
vn 0.7530532 -0.6578634 0.01125206
vn 0.7507498 -0.66030324 0.019351833
vn 0.7507498 -0.660303 0.019354569
vn 0.75027317 -0.6609061 0.017124286
vn 0.7502135 -0.661002 0.016005848
vn 0.749255 -0.66228163 0
vn 0.749255 -0.66228163 0
vn 0.74925566 -0.6622808 0
vn 0.74925566 -0.6622808 0
vn 0.75021416 -0.6610012 0.016005682
vn 0.7502739 -0.6609054 0.017124105
vn 0.75074905 -0.66030383 0.019355625
vn 0.750749 -0.660304 0.019352887
vn 0.7530522 -0.65786463 0.011253678
vn 0.7530526 -0.65786415 0.01125475
vn 0.7586629 -0.65119046 0.019535253
vn 0.7586641 -0.6511891 0.019536022
vn 0.79522586 -0.6028789 0.06444231
vn 0.7953367 -0.60271657 0.06459241
vn 0.82847375 -0.5485783 0.11266408
vn 0.82847375 -0.5485783 0.11266408
vn -0.4042163 -0.45730102 0.79213953
vn -0.30378482 -0.3436805 0.8885936
vn -0.30378482 -0.3436805 0.8885936
vn -0.4042165 -0.45730117 0.7921393
vn -0.52839655 -0.5977892 0.6028641
vn -0.5283966 -0.5977893 0.6028641
vn -0.60237813 -0.6814859 0.41559303
vn -0.60237825 -0.68148595 0.41559294
vn -0.6456818 -0.7304749 0.222489
vn -0.6456818 -0.73047495 0.22248882
vn -0.6608601 -0.7476451 0.06550311
vn -0.6608602 -0.7476452 0.065503046
vn -0.25728676 -0.96633506 0
vn -0.92744017 -0.3739716 0
vn -0.8149509 -0.050213564 -0.5773505
vn 0.05021363 -0.8149511 -0.57735026
vn 0.2572864 0.9663352 0
vn -0.050213635 0.8149512 -0.5773502
vn 0.8149512 0.050213583 -0.57735014
vn 0.05021363 -0.8149511 -0.57735026
vn 0.8149512 0.050213583 -0.57735014
vn 0.92744005 0.37397194 0
vn 0.6618458 0.7487606 -0.03630126
vn 0.66184574 0.7487606 -0.036301184
vn 0.6503785 0.7357883 -0.1887417
vn 0.6503786 0.7357883 -0.18874149
vn 0.60838014 0.68827546 -0.39515898
vn 0.60838014 0.68827546 -0.39515886
vn 0.5450823 0.6166627 -0.5679898
vn 0.5450823 0.6166626 -0.5679898
vn 0.48845848 0.5526019 -0.6753069
vn 0.48845848 0.5526019 -0.6753069
vn 0.47017688 0.53192145 -0.7042678
vn 0.47017688 0.53192145 -0.7042678
vn 0.5735473 0.6488739 0.50000626
vn 0.5735473 0.6488739 0.50000626
vn 0.5735473 0.6488739 0.50000626
vn 0.5735473 0.6488739 0.50000626
vn 0.57354885 0.64887094 0.5000082
vn 0.57354885 0.64887094 0.5000082
vn 0.57354885 0.64887094 0.5000082
vn 0.57354885 0.64887094 0.5000082
vn 0.81495106 0.05021109 -0.5773506
vn -0.81495094 -0.05021311 -0.57735044
vn 0.05021289 -0.8149512 -0.57735014
vn -0.050211407 0.8149514 -0.57734996
vn 0.2572898 0.9663343 0
vn 0.81495106 0.05021109 -0.5773506
vn 0.92744136 0.37396854 0
vn 0.6618485 0.74875826 -0.036301076
vn 0.6618485 0.74875814 -0.036301088
vn 0.6503806 0.7357863 -0.18874185
vn 0.6503806 0.7357863 -0.18874183
vn 0.6083814 0.6882742 -0.39515927
vn 0.60838133 0.6882742 -0.39515936
vn 0.54508126 0.6166627 -0.5679908
vn 0.54508126 0.6166626 -0.56799084
vn 0.48845664 0.55260277 -0.67530745
vn 0.48845667 0.5526028 -0.6753074
vn 0.47017637 0.5319232 -0.704267
vn 0.47017637 0.5319232 -0.704267
vn -0.9274399 -0.37397215 0
vn -0.25728625 -0.9663352 0
vn 0.05021289 -0.8149512 -0.57735014
vn -0.6608591 -0.74764615 0.065501556
vn -0.6608591 -0.74764615 0.065501586
vn -0.6456822 -0.730475 0.22248736
vn -0.6456822 -0.730475 0.22248736
vn -0.60238063 -0.6814837 0.41559318
vn -0.6023807 -0.68148375 0.415593
vn -0.5283999 -0.5977859 0.60286456
vn -0.5284 -0.597786 0.6028642
vn -0.40421882 -0.45729834 0.7921397
vn -0.4042188 -0.45729828 0.79213977
vn -0.30378625 -0.34367827 0.8885939
vn -0.30378625 -0.34367827 0.8885939
vn -0.6959434 0.71519923 0.06444281
vn -0.6461342 0.754862 0.1126676
vn -0.6461342 0.754862 0.1126676
vn -0.6957952 0.7153297 0.064593546
vn -0.7394022 0.67298055 0.019534435
vn -0.73940086 0.672982 0.019535212
vn -0.7453366 0.66659343 0.011253935
vn -0.7453361 0.6665939 0.011255014
vn -0.7474732 0.66401 0.019357933
vn -0.7474733 0.66400987 0.019355204
vn -0.7481016 0.6633911 0.016007582
vn -0.74801373 0.6634623 0.017126143
vn -0.74925566 0.6622808 0
vn -0.74925566 0.6622808 0
vn -0.69594276 0.71519995 0.064442046
vn -0.646134 0.7548626 0.11266383
vn -0.646134 0.7548626 0.11266383
vn -0.6957949 0.71533006 0.06459237
vn -0.73940116 0.6729817 0.019535195
vn -0.7393999 0.672983 0.019535966
vn -0.7453356 0.66659456 0.011253328
vn -0.74533504 0.6665951 0.011254405
vn -0.74747276 0.66401047 0.019357914
vn -0.7474728 0.66401035 0.019355174
vn -0.74810016 0.66339266 0.016008152
vn -0.7480123 0.6634638 0.01712674
vn -0.7492531 0.66228366 0
vn -0.7492531 0.66228366 0
vn -0.7492535 0.66228324 0
vn -0.7492535 0.66228324 0
vn -0.74801266 0.6634635 0.017125461
vn -0.74810046 0.66339236 0.016006961
vn -0.747473 0.6640101 0.019353779
vn -0.7474729 0.66401017 0.019356504
vn -0.74533504 0.66659516 0.011253939
vn -0.7453355 0.6665946 0.01125286
vn -0.73940045 0.6729825 0.019534264
vn -0.73940164 0.6729811 0.019533489
vn -0.6957955 0.71532977 0.06459088
vn -0.6959435 0.71519935 0.06444031
vn -0.6461336 0.7548631 0.11266355
vn -0.6461336 0.7548631 0.11266355
vn 0.92744136 0.37396854 0
vn 0.81495106 0.05021109 -0.5773506
vn 0.05021289 -0.8149512 -0.57735014
vn -0.25728625 -0.9663352 0
vn 0.57355106 0.6488617 0.5000176
vn 0.57355106 0.6488617 0.5000176
vn 0.57355106 0.6488617 0.5000176
vn 0.57355106 0.6488617 0.5000176
vn -0.40421775 -0.45730063 0.792139
vn -0.30378723 -0.34368032 0.88859284
vn -0.30378723 -0.34368032 0.88859284
vn -0.40421787 -0.45730084 0.7921387
vn -0.52839667 -0.59778976 0.6028635
vn -0.5283967 -0.59778976 0.60286343
vn -0.6023769 -0.6814869 0.41559324
vn -0.6023769 -0.68148696 0.41559303
vn -0.64568096 -0.7304759 0.22248818
vn -0.64568096 -0.73047596 0.22248796
vn -0.6608599 -0.74764544 0.065501526
vn -0.6608599 -0.7476455 0.06550141
vn -0.2572865 -0.9663352 0
vn -0.92744035 -0.37397128 0
vn -0.8149511 -0.05021246 -0.5773503
vn 0.05021393 -0.8149511 -0.5773502
vn 0.25728717 0.966335 0
vn -0.05021247 0.81495106 -0.57735044
vn 0.81495106 0.050213948 -0.57735026
vn 0.05021393 -0.8149511 -0.5773502
vn 0.81495106 0.050213948 -0.57735026
vn 0.92744005 0.37397194 0
vn 0.6618466 0.7487599 -0.036301587
vn 0.6618465 0.7487599 -0.03630151
vn 0.6503794 0.7357875 -0.1887417
vn 0.6503794 0.7357875 -0.18874145
vn 0.6083803 0.6882755 -0.39515817
vn 0.6083804 0.68827564 -0.39515808
vn 0.5450814 0.61666346 -0.56798995
vn 0.5450814 0.61666346 -0.5679899
vn 0.4884578 0.5526021 -0.6753073
vn 0.48845774 0.5526021 -0.6753074
vn 0.47017747 0.5319211 -0.7042677
vn 0.47017747 0.5319211 -0.7042677
vn 0.92744005 0.37397194 0
vn 0.8149512 0.050213583 -0.57735014
vn 0.05021363 -0.8149511 -0.57735026
vn -0.25728676 -0.96633506 0
vn 0.92744005 0.37397194 0
vn 0.81495106 0.050213948 -0.57735026
vn 0.05021393 -0.8149511 -0.5773502
vn -0.2572865 -0.9663352 0
g Totend Castle_0
f 3/3/3 2/2/2 1/1/1
f 6/6/6 5/5/5 4/4/4
f 9/9/9 8/8/8 7/7/7
f 8/8/8 10/10/10 7/7/7
f 8/8/8 11/11/11 10/10/10
f 11/11/11 12/12/12 10/10/10
f 10/10/10 12/12/12 13/13/13
f 12/12/12 14/14/14 13/13/13
f 12/12/12 15/15/15 14/14/14
f 16/16/16 11/11/11 8/8/8
f 17/17/17 16/16/16 8/8/8
f 18/18/18 16/16/16 17/17/17
f 19/19/19 18/18/18 17/17/17
f 18/18/18 20/20/20 16/16/16
f 20/20/20 21/21/21 16/16/16
f 16/16/16 21/21/21 11/11/11
f 20/20/20 22/22/22 21/21/21
f 22/22/22 23/23/23 21/21/21
f 21/21/21 24/24/24 11/11/11
f 21/21/21 23/23/23 24/24/24
f 23/23/23 25/25/25 24/24/24
f 11/11/11 24/24/24 26/26/26
f 24/24/24 15/15/15 26/26/26
f 24/24/24 27/27/27 15/15/15
f 27/27/27 28/28/28 15/15/15
f 27/27/27 29/29/29 28/28/28
f 29/29/29 30/30/30 28/28/28
f 29/29/29 32/32/32 31/31/31
f 32/32/32 33/33/33 31/31/31
f 15/15/15 34/34/34 14/14/14
f 14/14/14 34/34/34 35/35/35
f 14/14/14 35/35/35 36/36/36
f 37/37/37 14/14/14 36/36/36
f 34/34/34 38/38/38 35/35/35
f 34/34/34 39/39/39 38/38/38
f 39/39/39 40/40/40 38/38/38
f 35/35/35 42/42/42 41/41/41
f 43/43/43 35/35/35 41/41/41
f 38/38/38 45/45/45 44/44/44
f 46/46/46 38/38/38 44/44/44
f 49/49/49 48/48/48 47/47/47
f 50/50/50 49/49/49 47/47/47
f 47/47/47 52/52/52 51/51/51
f 52/52/52 53/53/53 51/51/51
f 55/55/55 50/50/50 54/54/54
f 56/56/56 55/55/55 54/54/54
f 53/53/53 58/58/58 57/57/57
f 59/59/59 53/53/53 57/57/57
f 56/56/56 61/61/61 60/60/60
f 62/62/62 56/56/56 60/60/60
f 64/64/64 60/60/60 63/63/63
f 65/65/65 64/64/64 63/63/63
f 68/68/68 67/67/67 66/66/66
f 69/69/69 68/68/68 66/66/66
f 69/69/69 66/66/66 70/70/70
f 71/71/71 69/69/69 70/70/70
f 74/74/74 73/73/73 72/72/72
f 75/75/75 74/74/74 72/72/72
f 75/75/75 72/72/72 76/76/76
f 77/77/77 75/75/75 76/76/76
f 77/77/77 76/76/76 78/78/78
f 79/79/79 77/77/77 78/78/78
f 81/81/81 80/80/80 75/75/75
f 82/82/82 81/81/81 75/75/75
f 83/83/83 81/81/81 82/82/82
f 84/84/84 83/83/83 82/82/82
f 83/83/83 86/86/86 85/85/85
f 87/87/87 83/83/83 85/85/85
f 87/87/87 85/85/85 88/88/88
f 89/89/89 87/87/87 88/88/88
f 92/92/92 91/91/91 90/90/90
f 93/93/93 92/92/92 90/90/90
f 93/93/93 90/90/90 94/94/94
f 95/95/95 93/93/93 94/94/94
f 98/98/98 97/97/97 96/96/96
f 99/99/99 98/98/98 96/96/96
f 102/102/102 101/101/101 100/100/100
f 103/103/103 102/102/102 100/100/100
f 106/106/106 105/105/105 104/104/104
f 107/107/107 106/106/106 104/104/104
f 110/110/110 109/109/109 108/108/108
f 111/111/111 110/110/110 108/108/108
f 111/111/111 108/108/108 112/112/112
f 113/113/113 111/111/111 112/112/112
f 115/115/115 113/113/113 114/114/114
f 116/116/116 115/115/115 114/114/114
f 119/119/119 118/118/118 117/117/117
f 120/120/120 119/119/119 117/117/117
f 121/121/121 120/120/120 117/117/117
f 122/122/122 121/121/121 117/117/117
f 123/123/123 121/121/121 122/122/122
f 124/124/124 123/123/123 122/122/122
f 125/125/125 123/123/123 124/124/124
f 126/126/126 125/125/125 124/124/124
f 119/119/119 128/128/128 127/127/127
f 128/128/128 7/7/7 127/127/127
f 131/131/131 130/130/130 129/129/129
f 130/130/130 132/132/132 129/129/129
f 134/134/134 132/132/132 133/133/133
f 132/132/132 135/135/135 133/133/133
f 132/132/132 136/136/136 135/135/135
f 136/136/136 137/137/137 135/135/135
f 138/138/138 136/136/136 132/132/132
f 139/139/139 138/138/138 132/132/132
f 140/140/140 138/138/138 139/139/139
f 141/141/141 140/140/140 139/139/139
f 142/142/142 140/140/140 141/141/141
f 143/143/143 142/142/142 141/141/141
f 146/146/146 145/145/145 144/144/144
f 147/147/147 146/146/146 144/144/144
f 147/147/147 144/144/144 148/148/148
f 149/149/149 147/147/147 148/148/148
f 149/149/149 148/148/148 150/150/150
f 148/148/148 151/151/151 150/150/150
f 152/152/152 149/149/149 150/150/150
f 151/151/151 153/153/153 150/150/150
f 152/152/152 150/150/150 154/154/154
f 150/150/150 153/153/153 154/154/154
f 155/155/155 152/152/152 154/154/154
f 153/153/153 156/156/156 154/154/154
f 159/159/159 158/158/158 157/157/157
f 160/160/160 159/159/159 157/157/157
f 162/162/162 159/159/159 161/161/161
f 163/163/163 162/162/162 161/161/161
f 164/164/164 162/162/162 163/163/163
f 165/165/165 164/164/164 163/163/163
f 166/166/166 164/164/164 165/165/165
f 167/167/167 166/166/166 165/165/165
f 170/170/170 169/169/169 168/168/168
f 171/171/171 170/170/170 168/168/168
f 174/174/174 173/173/173 172/172/172
f 175/175/175 174/174/174 172/172/172
f 177/177/177 176/176/176 175/175/175
f 178/178/178 177/177/177 175/175/175
f 181/181/181 180/180/180 179/179/179
f 182/182/182 181/181/181 179/179/179
f 185/185/185 184/184/184 183/183/183
f 186/186/186 185/185/185 183/183/183
f 189/189/189 188/188/188 187/187/187
f 188/188/188 190/190/190 187/187/187
f 187/187/187 190/190/190 191/191/191
f 190/190/190 192/192/192 191/191/191
f 188/188/188 193/193/193 190/190/190
f 193/193/193 194/194/194 190/190/190
f 190/190/190 194/194/194 195/195/195
f 193/193/193 196/196/196 194/194/194
f 194/194/194 197/197/197 195/195/195
f 196/196/196 198/198/198 194/194/194
f 194/194/194 198/198/198 197/197/197
f 198/198/198 199/199/199 197/197/197
f 191/191/191 201/201/201 200/200/200
f 201/201/201 202/202/202 200/200/200
f 202/202/202 204/204/204 203/203/203
f 204/204/204 205/205/205 203/203/203
f 207/207/207 206/206/206 205/205/205
f 208/208/208 207/207/207 205/205/205
f 211/211/211 210/210/210 209/209/209
f 212/212/212 211/211/211 209/209/209
f 209/209/209 214/214/214 213/213/213
f 214/214/214 215/215/215 213/213/213
f 218/218/218 217/217/217 216/216/216
f 219/219/219 218/218/218 216/216/216
f 222/222/222 221/221/221 220/220/220
f 223/223/223 222/222/222 220/220/220
f 226/226/226 225/225/225 224/224/224
f 227/227/227 226/226/226 224/224/224
f 230/230/230 229/229/229 228/228/228
f 231/231/231 230/230/230 228/228/228
f 233/233/233 228/228/228 232/232/232
f 234/234/234 233/233/233 232/232/232
f 237/237/237 236/236/236 235/235/235
f 238/238/238 237/237/237 235/235/235
f 241/241/241 240/240/240 239/239/239
f 242/242/242 241/241/241 239/239/239
f 245/245/245 244/244/244 243/243/243
f 246/246/246 245/245/245 243/243/243
f 249/249/249 248/248/248 247/247/247
f 250/250/250 249/249/249 247/247/247
f 253/253/253 252/252/252 251/251/251
f 254/254/254 253/253/253 251/251/251
f 257/257/257 256/256/256 255/255/255
f 258/258/258 257/257/257 255/255/255
f 261/261/261 260/260/260 259/259/259
f 262/262/262 261/261/261 259/259/259
f 262/262/262 259/259/259 263/263/263
f 264/264/264 262/262/262 263/263/263
f 264/264/264 263/263/263 265/265/265
f 266/266/266 264/264/264 265/265/265
f 266/266/266 265/265/265 267/267/267
f 268/268/268 266/266/266 267/267/267
f 271/271/271 270/270/270 269/269/269
f 272/272/272 271/271/271 269/269/269
f 275/275/275 274/274/274 273/273/273
f 276/276/276 275/275/275 273/273/273
f 276/276/276 273/273/273 277/277/277
f 278/278/278 276/276/276 277/277/277
f 278/278/278 277/277/277 279/279/279
f 280/280/280 278/278/278 279/279/279
f 280/280/280 279/279/279 281/281/281
f 282/282/282 280/280/280 281/281/281
f 285/285/285 284/284/284 283/283/283
f 286/286/286 285/285/285 283/283/283
f 289/289/289 288/288/288 287/287/287
f 290/290/290 289/289/289 287/287/287
f 290/290/290 287/287/287 291/291/291
f 292/292/292 290/290/290 291/291/291
f 292/292/292 291/291/291 293/293/293
f 294/294/294 292/292/292 293/293/293
f 294/294/294 293/293/293 295/295/295
f 296/296/296 294/294/294 295/295/295
f 299/299/299 298/298/298 297/297/297
f 300/300/300 299/299/299 297/297/297
f 300/300/300 297/297/297 301/301/301
f 302/302/302 300/300/300 301/301/301
f 302/302/302 301/301/301 303/303/303
f 304/304/304 302/302/302 303/303/303
f 304/304/304 303/303/303 305/305/305
f 306/306/306 304/304/304 305/305/305
f 309/309/309 308/308/308 307/307/307
f 310/310/310 309/309/309 307/307/307
f 313/313/313 312/312/312 311/311/311
f 314/314/314 313/313/313 311/311/311
f 317/317/317 316/316/316 315/315/315
f 318/318/318 317/317/317 315/315/315
f 321/321/321 320/320/320 319/319/319
f 322/322/322 321/321/321 319/319/319
f 325/325/325 324/324/324 323/323/323
f 326/326/326 325/325/325 323/323/323
f 329/329/329 328/328/328 327/327/327
f 330/330/330 329/329/329 327/327/327
f 333/333/333 332/332/332 331/331/331
f 334/334/334 333/333/333 331/331/331
f 334/334/334 331/331/331 335/335/335
f 336/336/336 334/334/334 335/335/335
f 336/336/336 335/335/335 337/337/337
f 338/338/338 336/336/336 337/337/337
f 341/341/341 340/340/340 339/339/339
f 342/342/342 341/341/341 339/339/339
f 345/345/345 344/344/344 343/343/343
f 346/346/346 345/345/345 343/343/343
f 346/346/346 343/343/343 347/347/347
f 348/348/348 346/346/346 347/347/347
f 348/348/348 347/347/347 349/349/349
f 350/350/350 348/348/348 349/349/349
f 353/353/353 352/352/352 351/351/351
f 354/354/354 353/353/353 351/351/351
f 357/357/357 356/356/356 355/355/355
f 358/358/358 357/357/357 355/355/355
f 358/358/358 355/355/355 359/359/359
f 360/360/360 358/358/358 359/359/359
f 360/360/360 359/359/359 361/361/361
f 362/362/362 360/360/360 361/361/361
f 365/365/365 364/364/364 363/363/363
f 366/366/366 365/365/365 363/363/363
f 366/366/366 363/363/363 367/367/367
f 368/368/368 366/366/366 367/367/367
f 368/368/368 367/367/367 369/369/369
f 370/370/370 368/368/368 369/369/369
f 373/373/373 372/372/372 371/371/371
f 374/374/374 373/373/373 371/371/371
f 374/374/374 371/371/371 375/375/375
f 376/376/376 374/374/374 375/375/375
f 379/379/379 378/378/378 377/377/377
f 380/380/380 379/379/379 377/377/377
f 383/383/383 382/382/382 381/381/381
f 384/384/384 383/383/383 381/381/381
f 384/384/384 381/381/381 385/385/385
f 386/386/386 384/384/384 385/385/385
f 389/389/389 388/388/388 387/387/387
f 390/390/390 389/389/389 387/387/387
f 393/393/393 392/392/392 391/391/391
f 394/394/394 393/393/393 391/391/391
f 394/394/394 391/391/391 395/395/395
f 396/396/396 394/394/394 395/395/395
f 399/399/399 398/398/398 397/397/397
f 400/400/400 399/399/399 397/397/397
f 400/400/400 397/397/397 401/401/401
f 402/402/402 400/400/400 401/401/401
f 405/405/405 404/404/404 403/403/403
f 406/406/406 405/405/405 403/403/403
f 409/409/409 408/408/408 407/407/407
f 410/410/410 409/409/409 407/407/407
f 413/413/413 412/412/412 411/411/411
f 414/414/414 413/413/413 411/411/411
f 417/417/417 416/416/416 415/415/415
f 418/418/418 417/417/417 415/415/415
f 421/421/421 420/420/420 419/419/419
f 422/422/422 421/421/421 419/419/419
f 425/425/425 424/424/424 423/423/423
f 426/426/426 425/425/425 423/423/423
f 429/429/429 428/428/428 427/427/427
f 430/430/430 429/429/429 427/427/427
f 433/433/433 432/432/432 431/431/431
f 434/434/434 433/433/433 431/431/431
f 437/437/437 436/436/436 435/435/435
f 438/438/438 437/437/437 435/435/435
f 441/441/441 440/440/440 439/439/439
f 442/442/442 441/441/441 439/439/439
f 445/445/445 444/444/444 443/443/443
f 446/446/446 445/445/445 443/443/443
f 449/449/449 448/448/448 447/447/447
f 450/450/450 449/449/449 447/447/447
f 453/453/453 452/452/452 451/451/451
f 454/454/454 453/453/453 451/451/451
f 454/454/454 451/451/451 455/455/455
f 456/456/456 454/454/454 455/455/455
f 459/459/459 458/458/458 457/457/457
f 460/460/460 459/459/459 457/457/457
f 463/463/463 462/462/462 461/461/461
f 464/464/464 463/463/463 461/461/461
f 464/464/464 461/461/461 465/465/465
f 466/466/466 464/464/464 465/465/465
f 469/469/469 468/468/468 467/467/467
f 470/470/470 469/469/469 467/467/467
f 473/473/473 472/472/472 471/471/471
f 474/474/474 473/473/473 471/471/471
f 474/474/474 471/471/471 475/475/475
f 476/476/476 474/474/474 475/475/475
f 479/479/479 478/478/478 477/477/477
f 480/480/480 479/479/479 477/477/477
f 480/480/480 477/477/477 481/481/481
f 482/482/482 480/480/480 481/481/481
f 485/485/485 484/484/484 483/483/483
f 486/486/486 485/485/485 483/483/483
f 489/489/489 488/488/488 487/487/487
f 490/490/490 489/489/489 487/487/487
f 493/493/493 492/492/492 491/491/491
f 494/494/494 493/493/493 491/491/491
f 497/497/497 496/496/496 495/495/495
f 498/498/498 497/497/497 495/495/495
f 501/501/501 500/500/500 499/499/499
f 502/502/502 501/501/501 499/499/499
f 505/505/505 504/504/504 503/503/503
f 506/506/506 505/505/505 503/503/503
f 509/509/509 508/508/508 507/507/507
f 510/510/510 509/509/509 507/507/507
f 513/513/513 512/512/512 511/511/511
f 514/514/514 513/513/513 511/511/511
f 517/517/517 516/516/516 515/515/515
f 518/518/518 517/517/517 515/515/515
f 521/521/521 520/520/520 519/519/519
f 522/522/522 521/521/521 519/519/519
f 525/525/525 524/524/524 523/523/523
f 526/526/526 525/525/525 523/523/523
f 529/529/529 528/528/528 527/527/527
f 530/530/530 529/529/529 527/527/527
f 533/533/533 532/532/532 531/531/531
f 534/534/534 533/533/533 531/531/531
f 537/537/537 536/536/536 535/535/535
f 538/538/538 537/537/537 535/535/535
f 541/541/541 540/540/540 539/539/539
f 542/542/542 541/541/541 539/539/539
f 545/545/545 544/544/544 543/543/543
f 546/546/546 545/545/545 543/543/543
f 549/549/549 548/548/548 547/547/547
f 550/550/550 549/549/549 547/547/547
f 553/553/553 552/552/552 551/551/551
f 554/554/554 553/553/553 551/551/551
f 557/557/557 556/556/556 555/555/555
f 558/558/558 557/557/557 555/555/555
f 561/561/561 560/560/560 559/559/559
f 562/562/562 561/561/561 559/559/559
f 565/565/565 564/564/564 563/563/563
f 566/566/566 565/565/565 563/563/563
f 569/569/569 568/568/568 567/567/567
f 570/570/570 569/569/569 567/567/567
f 573/573/573 572/572/572 571/571/571
f 574/574/574 573/573/573 571/571/571
f 577/577/577 576/576/576 575/575/575
f 578/578/578 577/577/577 575/575/575
f 581/581/581 580/580/580 579/579/579
f 582/582/582 581/581/581 579/579/579
f 585/585/585 584/584/584 583/583/583
f 586/586/586 585/585/585 583/583/583
f 589/589/589 588/588/588 587/587/587
f 590/590/590 589/589/589 587/587/587
f 593/593/593 592/592/592 591/591/591
f 594/594/594 593/593/593 591/591/591
f 597/597/597 596/596/596 595/595/595
f 598/598/598 597/597/597 595/595/595
f 601/601/601 600/600/600 599/599/599
f 602/602/602 601/601/601 599/599/599
f 605/605/605 604/604/604 603/603/603
f 606/606/606 605/605/605 603/603/603
f 606/606/606 603/603/603 607/607/607
f 608/608/608 606/606/606 607/607/607
f 608/608/608 607/607/607 609/609/609
f 610/610/610 608/608/608 609/609/609
f 610/610/610 609/609/609 611/611/611
f 612/612/612 610/610/610 611/611/611
f 615/615/615 614/614/614 613/613/613
f 616/616/616 615/615/615 613/613/613
f 619/619/619 618/618/618 617/617/617
f 620/620/620 619/619/619 617/617/617
f 620/620/620 617/617/617 621/621/621
f 622/622/622 620/620/620 621/621/621
f 622/622/622 621/621/621 623/623/623
f 624/624/624 622/622/622 623/623/623
f 624/624/624 623/623/623 625/625/625
f 626/626/626 624/624/624 625/625/625
f 629/629/629 628/628/628 627/627/627
f 630/630/630 629/629/629 627/627/627
f 633/633/633 632/632/632 631/631/631
f 634/634/634 633/633/633 631/631/631
f 634/634/634 631/631/631 635/635/635
f 636/636/636 634/634/634 635/635/635
f 636/636/636 635/635/635 637/637/637
f 638/638/638 636/636/636 637/637/637
f 638/638/638 637/637/637 639/639/639
f 640/640/640 638/638/638 639/639/639
f 643/643/643 642/642/642 641/641/641
f 644/644/644 643/643/643 641/641/641
f 644/644/644 641/641/641 645/645/645
f 646/646/646 644/644/644 645/645/645
f 646/646/646 645/645/645 647/647/647
f 648/648/648 646/646/646 647/647/647
f 648/648/648 647/647/647 649/649/649
f 650/650/650 648/648/648 649/649/649
f 653/653/653 652/652/652 651/651/651
f 654/654/654 653/653/653 651/651/651
f 657/657/657 656/656/656 655/655/655
f 658/658/658 657/657/657 655/655/655
f 661/661/661 660/660/660 659/659/659
f 662/662/662 661/661/661 659/659/659
f 665/665/665 664/664/664 663/663/663
f 666/666/666 665/665/665 663/663/663
f 669/669/669 668/668/668 667/667/667
f 670/670/670 669/669/669 667/667/667
f 673/673/673 672/672/672 671/671/671
f 674/674/674 673/673/673 671/671/671
f 677/677/677 676/676/676 675/675/675
f 678/678/678 677/677/677 675/675/675
f 678/678/678 675/675/675 679/679/679
f 680/680/680 678/678/678 679/679/679
f 680/680/680 679/679/679 681/681/681
f 682/682/682 680/680/680 681/681/681
f 685/685/685 684/684/684 683/683/683
f 686/686/686 685/685/685 683/683/683
f 689/689/689 688/688/688 687/687/687
f 690/690/690 689/689/689 687/687/687
f 690/690/690 687/687/687 691/691/691
f 692/692/692 690/690/690 691/691/691
f 692/692/692 691/691/691 693/693/693
f 694/694/694 692/692/692 693/693/693
f 697/697/697 696/696/696 695/695/695
f 698/698/698 697/697/697 695/695/695
f 701/701/701 700/700/700 699/699/699
f 702/702/702 701/701/701 699/699/699
f 702/702/702 699/699/699 703/703/703
f 704/704/704 702/702/702 703/703/703
f 704/704/704 703/703/703 705/705/705
f 706/706/706 704/704/704 705/705/705
f 709/709/709 708/708/708 707/707/707
f 710/710/710 709/709/709 707/707/707
f 710/710/710 707/707/707 711/711/711
f 712/712/712 710/710/710 711/711/711
f 712/712/712 711/711/711 713/713/713
f 714/714/714 712/712/712 713/713/713
f 717/717/717 716/716/716 715/715/715
f 718/718/718 717/717/717 715/715/715
f 718/718/718 715/715/715 719/719/719
f 720/720/720 718/718/718 719/719/719
f 723/723/723 722/722/722 721/721/721
f 724/724/724 723/723/723 721/721/721
f 727/727/727 726/726/726 725/725/725
f 728/728/728 727/727/727 725/725/725
f 728/728/728 725/725/725 729/729/729
f 730/730/730 728/728/728 729/729/729
f 733/733/733 732/732/732 731/731/731
f 734/734/734 733/733/733 731/731/731
f 737/737/737 736/736/736 735/735/735
f 738/738/738 737/737/737 735/735/735
f 738/738/738 735/735/735 739/739/739
f 740/740/740 738/738/738 739/739/739
f 743/743/743 742/742/742 741/741/741
f 744/744/744 743/743/743 741/741/741
f 744/744/744 741/741/741 745/745/745
f 746/746/746 744/744/744 745/745/745
f 749/749/749 748/748/748 747/747/747
f 750/750/750 749/749/749 747/747/747
f 753/753/753 752/752/752 751/751/751
f 754/754/754 753/753/753 751/751/751
f 757/757/757 756/756/756 755/755/755
f 758/758/758 757/757/757 755/755/755
f 761/761/761 760/760/760 759/759/759
f 762/762/762 761/761/761 759/759/759
f 765/765/765 764/764/764 763/763/763
f 766/766/766 765/765/765 763/763/763
f 769/769/769 768/768/768 767/767/767
f 770/770/770 769/769/769 767/767/767
f 773/773/773 772/772/772 771/771/771
f 774/774/774 773/773/773 771/771/771
f 777/777/777 776/776/776 775/775/775
f 778/778/778 777/777/777 775/775/775
f 781/781/781 780/780/780 779/779/779
f 782/782/782 781/781/781 779/779/779
f 785/785/785 784/784/784 783/783/783
f 786/786/786 785/785/785 783/783/783
f 789/789/789 788/788/788 787/787/787
f 790/790/790 789/789/789 787/787/787
f 793/793/793 792/792/792 791/791/791
f 794/794/794 793/793/793 791/791/791
f 797/797/797 796/796/796 795/795/795
f 798/798/798 797/797/797 795/795/795
f 798/798/798 795/795/795 799/799/799
f 800/800/800 798/798/798 799/799/799
f 803/803/803 802/802/802 801/801/801
f 804/804/804 803/803/803 801/801/801
f 807/807/807 806/806/806 805/805/805
f 808/808/808 807/807/807 805/805/805
f 808/808/808 805/805/805 809/809/809
f 810/810/810 808/808/808 809/809/809
f 813/813/813 812/812/812 811/811/811
f 814/814/814 813/813/813 811/811/811
f 817/817/817 816/816/816 815/815/815
f 818/818/818 817/817/817 815/815/815
f 818/818/818 815/815/815 819/819/819
f 820/820/820 818/818/818 819/819/819
f 823/823/823 822/822/822 821/821/821
f 824/824/824 823/823/823 821/821/821
f 824/824/824 821/821/821 825/825/825
f 826/826/826 824/824/824 825/825/825
f 829/829/829 828/828/828 827/827/827
f 830/830/830 829/829/829 827/827/827
f 833/833/833 832/832/832 831/831/831
f 834/834/834 833/833/833 831/831/831
f 837/837/837 836/836/836 835/835/835
f 838/838/838 837/837/837 835/835/835
f 841/841/841 840/840/840 839/839/839
f 842/842/842 841/841/841 839/839/839
f 845/845/845 844/844/844 843/843/843
f 846/846/846 845/845/845 843/843/843
f 849/849/849 848/848/848 847/847/847
f 850/850/850 849/849/849 847/847/847
f 853/853/853 852/852/852 851/851/851
f 854/854/854 853/853/853 851/851/851
f 857/857/857 856/856/856 855/855/855
f 858/858/858 857/857/857 855/855/855
f 861/861/861 860/860/860 859/859/859
f 862/862/862 861/861/861 859/859/859
f 865/865/865 864/864/864 863/863/863
f 866/866/866 865/865/865 863/863/863
f 869/869/869 868/868/868 867/867/867
f 870/870/870 869/869/869 867/867/867
f 873/873/873 872/872/872 871/871/871
f 874/874/874 873/873/873 871/871/871
f 877/877/877 876/876/876 875/875/875
f 878/878/878 877/877/877 875/875/875
f 881/881/881 880/880/880 879/879/879
f 882/882/882 881/881/881 879/879/879
f 885/885/885 884/884/884 883/883/883
f 886/886/886 885/885/885 883/883/883
f 889/889/889 888/888/888 887/887/887
f 890/890/890 889/889/889 887/887/887
f 893/893/893 892/892/892 891/891/891
f 894/894/894 893/893/893 891/891/891
f 897/897/897 896/896/896 895/895/895
f 898/898/898 897/897/897 895/895/895
f 901/901/901 900/900/900 899/899/899
f 902/902/902 901/901/901 899/899/899
f 905/905/905 904/904/904 903/903/903
f 906/906/906 905/905/905 903/903/903
f 909/909/909 908/908/908 907/907/907
f 910/910/910 909/909/909 907/907/907
f 913/913/913 912/912/912 911/911/911
f 914/914/914 913/913/913 911/911/911
f 917/917/917 916/916/916 915/915/915
f 918/918/918 917/917/917 915/915/915
f 921/921/921 920/920/920 919/919/919
f 922/922/922 921/921/921 919/919/919
f 925/925/925 924/924/924 923/923/923
f 926/926/926 925/925/925 923/923/923
f 929/929/929 928/928/928 927/927/927
f 930/930/930 929/929/929 927/927/927
f 933/933/933 932/932/932 931/931/931
f 934/934/934 933/933/933 931/931/931
f 937/937/937 936/936/936 935/935/935
f 938/938/938 937/937/937 935/935/935
f 941/941/941 940/940/940 939/939/939
f 942/942/942 941/941/941 939/939/939
f 945/945/945 944/944/944 943/943/943
f 946/946/946 945/945/945 943/943/943
f 949/949/949 948/948/948 947/947/947
f 950/950/950 949/949/949 947/947/947
f 950/950/950 947/947/947 951/951/951
f 952/952/952 950/950/950 951/951/951
f 952/952/952 951/951/951 953/953/953
f 954/954/954 952/952/952 953/953/953
f 954/954/954 953/953/953 955/955/955
f 956/956/956 954/954/954 955/955/955
f 959/959/959 958/958/958 957/957/957
f 960/960/960 959/959/959 957/957/957
f 963/963/963 962/962/962 961/961/961
f 964/964/964 963/963/963 961/961/961
f 964/964/964 961/961/961 965/965/965
f 966/966/966 964/964/964 965/965/965
f 966/966/966 965/965/965 967/967/967
f 968/968/968 966/966/966 967/967/967
f 968/968/968 967/967/967 969/969/969
f 970/970/970 968/968/968 969/969/969
f 973/973/973 972/972/972 971/971/971
f 974/974/974 973/973/973 971/971/971
f 977/977/977 976/976/976 975/975/975
f 978/978/978 977/977/977 975/975/975
f 978/978/978 975/975/975 979/979/979
f 980/980/980 978/978/978 979/979/979
f 980/980/980 979/979/979 981/981/981
f 982/982/982 980/980/980 981/981/981
f 982/982/982 981/981/981 983/983/983
f 984/984/984 982/982/982 983/983/983
f 987/987/987 986/986/986 985/985/985
f 988/988/988 987/987/987 985/985/985
f 988/988/988 985/985/985 989/989/989
f 990/990/990 988/988/988 989/989/989
f 990/990/990 989/989/989 991/991/991
f 992/992/992 990/990/990 991/991/991
f 992/992/992 991/991/991 993/993/993
f 994/994/994 992/992/992 993/993/993
f 997/997/997 996/996/996 995/995/995
f 998/998/998 997/997/997 995/995/995
f 1001/1001/1001 1000/1000/1000 999/999/999
f 1002/1002/1002 1001/1001/1001 999/999/999
f 1005/1005/1005 1004/1004/1004 1003/1003/1003
f 1006/1006/1006 1005/1005/1005 1003/1003/1003
f 1009/1009/1009 1008/1008/1008 1007/1007/1007
f 1010/1010/1010 1009/1009/1009 1007/1007/1007
f 1013/1013/1013 1012/1012/1012 1011/1011/1011
f 1014/1014/1014 1013/1013/1013 1011/1011/1011
f 1017/1017/1017 1016/1016/1016 1015/1015/1015
f 1018/1018/1018 1017/1017/1017 1015/1015/1015
f 1021/1021/1021 1020/1020/1020 1019/1019/1019
f 1022/1022/1022 1021/1021/1021 1019/1019/1019
f 1022/1022/1022 1019/1019/1019 1023/1023/1023
f 1024/1024/1024 1022/1022/1022 1023/1023/1023
f 1024/1024/1024 1023/1023/1023 1025/1025/1025
f 1026/1026/1026 1024/1024/1024 1025/1025/1025
f 1029/1029/1029 1028/1028/1028 1027/1027/1027
f 1030/1030/1030 1029/1029/1029 1027/1027/1027
f 1033/1033/1033 1032/1032/1032 1031/1031/1031
f 1034/1034/1034 1033/1033/1033 1031/1031/1031
f 1034/1034/1034 1031/1031/1031 1035/1035/1035
f 1036/1036/1036 1034/1034/1034 1035/1035/1035
f 1036/1036/1036 1035/1035/1035 1037/1037/1037
f 1038/1038/1038 1036/1036/1036 1037/1037/1037
f 1041/1041/1041 1040/1040/1040 1039/1039/1039
f 1042/1042/1042 1041/1041/1041 1039/1039/1039
f 1045/1045/1045 1044/1044/1044 1043/1043/1043
f 1046/1046/1046 1045/1045/1045 1043/1043/1043
f 1046/1046/1046 1043/1043/1043 1047/1047/1047
f 1048/1048/1048 1046/1046/1046 1047/1047/1047
f 1048/1048/1048 1047/1047/1047 1049/1049/1049
f 1050/1050/1050 1048/1048/1048 1049/1049/1049
f 1053/1053/1053 1052/1052/1052 1051/1051/1051
f 1054/1054/1054 1053/1053/1053 1051/1051/1051
f 1054/1054/1054 1051/1051/1051 1055/1055/1055
f 1056/1056/1056 1054/1054/1054 1055/1055/1055
f 1056/1056/1056 1055/1055/1055 1057/1057/1057
f 1058/1058/1058 1056/1056/1056 1057/1057/1057
f 1061/1061/1061 1060/1060/1060 1059/1059/1059
f 1062/1062/1062 1061/1061/1061 1059/1059/1059
f 1062/1062/1062 1059/1059/1059 1063/1063/1063
f 1064/1064/1064 1062/1062/1062 1063/1063/1063
f 1067/1067/1067 1066/1066/1066 1065/1065/1065
f 1068/1068/1068 1067/1067/1067 1065/1065/1065
f 1071/1071/1071 1070/1070/1070 1069/1069/1069
f 1072/1072/1072 1071/1071/1071 1069/1069/1069
f 1072/1072/1072 1069/1069/1069 1073/1073/1073
f 1074/1074/1074 1072/1072/1072 1073/1073/1073
f 1077/1077/1077 1076/1076/1076 1075/1075/1075
f 1078/1078/1078 1077/1077/1077 1075/1075/1075
f 1081/1081/1081 1080/1080/1080 1079/1079/1079
f 1082/1082/1082 1081/1081/1081 1079/1079/1079
f 1082/1082/1082 1079/1079/1079 1083/1083/1083
f 1084/1084/1084 1082/1082/1082 1083/1083/1083
f 1087/1087/1087 1086/1086/1086 1085/1085/1085
f 1088/1088/1088 1087/1087/1087 1085/1085/1085
f 1088/1088/1088 1085/1085/1085 1089/1089/1089
f 1090/1090/1090 1088/1088/1088 1089/1089/1089
f 1093/1093/1093 1092/1092/1092 1091/1091/1091
f 1094/1094/1094 1093/1093/1093 1091/1091/1091
f 1097/1097/1097 1096/1096/1096 1095/1095/1095
f 1098/1098/1098 1097/1097/1097 1095/1095/1095
f 1101/1101/1101 1100/1100/1100 1099/1099/1099
f 1102/1102/1102 1101/1101/1101 1099/1099/1099
f 1105/1105/1105 1104/1104/1104 1103/1103/1103
f 1106/1106/1106 1105/1105/1105 1103/1103/1103
f 1109/1109/1109 1108/1108/1108 1107/1107/1107
f 1110/1110/1110 1109/1109/1109 1107/1107/1107
f 1113/1113/1113 1112/1112/1112 1111/1111/1111
f 1114/1114/1114 1113/1113/1113 1111/1111/1111
f 1117/1117/1117 1116/1116/1116 1115/1115/1115
f 1118/1118/1118 1117/1117/1117 1115/1115/1115
f 1121/1121/1121 1120/1120/1120 1119/1119/1119
f 1122/1122/1122 1121/1121/1121 1119/1119/1119
f 1125/1125/1125 1124/1124/1124 1123/1123/1123
f 1126/1126/1126 1125/1125/1125 1123/1123/1123
f 1129/1129/1129 1128/1128/1128 1127/1127/1127
f 1130/1130/1130 1129/1129/1129 1127/1127/1127
f 1133/1133/1133 1132/1132/1132 1131/1131/1131
f 1134/1134/1134 1133/1133/1133 1131/1131/1131
f 1137/1137/1137 1136/1136/1136 1135/1135/1135
f 1138/1138/1138 1137/1137/1137 1135/1135/1135
f 1141/1141/1141 1140/1140/1140 1139/1139/1139
f 1142/1142/1142 1141/1141/1141 1139/1139/1139
f 1142/1142/1142 1139/1139/1139 1143/1143/1143
f 1144/1144/1144 1142/1142/1142 1143/1143/1143
f 1147/1147/1147 1146/1146/1146 1145/1145/1145
f 1148/1148/1148 1147/1147/1147 1145/1145/1145
f 1151/1151/1151 1150/1150/1150 1149/1149/1149
f 1152/1152/1152 1151/1151/1151 1149/1149/1149
f 1152/1152/1152 1149/1149/1149 1153/1153/1153
f 1154/1154/1154 1152/1152/1152 1153/1153/1153
f 1157/1157/1157 1156/1156/1156 1155/1155/1155
f 1158/1158/1158 1157/1157/1157 1155/1155/1155
f 1161/1161/1161 1160/1160/1160 1159/1159/1159
f 1162/1162/1162 1161/1161/1161 1159/1159/1159
f 1162/1162/1162 1159/1159/1159 1163/1163/1163
f 1164/1164/1164 1162/1162/1162 1163/1163/1163
f 1167/1167/1167 1166/1166/1166 1165/1165/1165
f 1168/1168/1168 1167/1167/1167 1165/1165/1165
f 1168/1168/1168 1165/1165/1165 1169/1169/1169
f 1170/1170/1170 1168/1168/1168 1169/1169/1169
f 1173/1173/1173 1172/1172/1172 1171/1171/1171
f 1174/1174/1174 1173/1173/1173 1171/1171/1171
f 1177/1177/1177 1176/1176/1176 1175/1175/1175
f 1178/1178/1178 1177/1177/1177 1175/1175/1175
f 1181/1181/1181 1180/1180/1180 1179/1179/1179
f 1182/1182/1182 1181/1181/1181 1179/1179/1179
f 1185/1185/1185 1184/1184/1184 1183/1183/1183
f 1186/1186/1186 1185/1185/1185 1183/1183/1183
f 1189/1189/1189 1188/1188/1188 1187/1187/1187
f 1190/1190/1190 1189/1189/1189 1187/1187/1187
f 1193/1193/1193 1192/1192/1192 1191/1191/1191
f 1194/1194/1194 1193/1193/1193 1191/1191/1191
f 1197/1197/1197 1196/1196/1196 1195/1195/1195
f 1198/1198/1198 1197/1197/1197 1195/1195/1195
f 1201/1201/1201 1200/1200/1200 1199/1199/1199
f 1202/1202/1202 1201/1201/1201 1199/1199/1199
f 1205/1205/1205 1204/1204/1204 1203/1203/1203
f 1206/1206/1206 1205/1205/1205 1203/1203/1203
f 1209/1209/1209 1208/1208/1208 1207/1207/1207
f 1210/1210/1210 1209/1209/1209 1207/1207/1207
f 1213/1213/1213 1212/1212/1212 1211/1211/1211
f 1214/1214/1214 1213/1213/1213 1211/1211/1211
f 1217/1217/1217 1216/1216/1216 1215/1215/1215
f 1218/1218/1218 1217/1217/1217 1215/1215/1215
f 1221/1221/1221 1220/1220/1220 1219/1219/1219
f 1222/1222/1222 1221/1221/1221 1219/1219/1219
f 1225/1225/1225 1224/1224/1224 1223/1223/1223
f 1226/1226/1226 1225/1225/1225 1223/1223/1223
f 1229/1229/1229 1228/1228/1228 1227/1227/1227
f 1230/1230/1230 1229/1229/1229 1227/1227/1227
f 1233/1233/1233 1232/1232/1232 1231/1231/1231
f 1234/1234/1234 1233/1233/1233 1231/1231/1231
f 1237/1237/1237 1236/1236/1236 1235/1235/1235
f 1238/1238/1238 1237/1237/1237 1235/1235/1235
f 1241/1241/1241 1240/1240/1240 1239/1239/1239
f 1242/1242/1242 1241/1241/1241 1239/1239/1239
f 1245/1245/1245 1244/1244/1244 1243/1243/1243
f 1246/1246/1246 1245/1245/1245 1243/1243/1243
f 1249/1249/1249 1248/1248/1248 1247/1247/1247
f 1250/1250/1250 1249/1249/1249 1247/1247/1247
f 1253/1253/1253 1252/1252/1252 1251/1251/1251
f 1254/1254/1254 1253/1253/1253 1251/1251/1251
f 1257/1257/1257 1256/1256/1256 1255/1255/1255
f 1258/1258/1258 1257/1257/1257 1255/1255/1255
f 1261/1261/1261 1260/1260/1260 1259/1259/1259
f 1262/1262/1262 1261/1261/1261 1259/1259/1259
f 1265/1265/1265 1264/1264/1264 1263/1263/1263
f 1266/1266/1266 1265/1265/1265 1263/1263/1263
f 1269/1269/1269 1268/1268/1268 1267/1267/1267
f 1270/1270/1270 1269/1269/1269 1267/1267/1267
f 1267/1267/1267 1272/1272/1272 1271/1271/1271
f 1272/1272/1272 1273/1273/1273 1271/1271/1271
f 1275/1275/1275 1273/1273/1273 1274/1274/1274
f 1273/1273/1273 1276/1276/1276 1274/1274/1274
f 1276/1276/1276 1277/1277/1277 1274/1274/1274
f 1277/1277/1277 1278/1278/1278 1274/1274/1274
f 1277/1277/1277 1279/1279/1279 1278/1278/1278
f 1279/1279/1279 1280/1280/1280 1278/1278/1278
f 1279/1279/1279 1281/1281/1281 1280/1280/1280
f 1281/1281/1281 1282/1282/1282 1280/1280/1280
f 1284/1284/1284 1270/1270/1270 1283/1283/1283
f 1285/1285/1285 1284/1284/1284 1283/1283/1283
f 1284/1284/1284 1286/1286/1286 1270/1270/1270
f 1286/1286/1286 1287/1287/1287 1270/1270/1270
f 1286/1286/1286 1288/1288/1288 1287/1287/1287
f 1289/1289/1289 1286/1286/1286 1284/1284/1284
f 1288/1288/1288 1290/1290/1290 1287/1287/1287
f 1288/1288/1288 1291/1291/1291 1290/1290/1290
f 1291/1291/1291 1292/1292/1292 1290/1290/1290
f 1293/1293/1293 1291/1291/1291 1288/1288/1288
f 1294/1294/1294 1293/1293/1293 1288/1288/1288
f 1295/1295/1295 1293/1293/1293 1294/1294/1294
f 1296/1296/1296 1295/1295/1295 1294/1294/1294
f 1296/1296/1296 1294/1294/1294 1289/1289/1289
f 1297/1297/1297 1296/1296/1296 1289/1289/1289
f 1289/1289/1289 1294/1294/1294 1298/1298/1298
f 1294/1294/1294 1299/1299/1299 1298/1298/1298
f 1300/1300/1300 1289/1289/1289 1284/1284/1284
f 1297/1297/1297 1289/1289/1289 1300/1300/1300
f 1301/1301/1301 1297/1297/1297 1300/1300/1300
f 1300/1300/1300 1284/1284/1284 1285/1285/1285
f 1301/1301/1301 1300/1300/1300 1302/1302/1302
f 1302/1302/1302 1300/1300/1300 1285/1285/1285
f 1303/1303/1303 1301/1301/1301 1302/1302/1302
f 1285/1285/1285 1305/1305/1305 1304/1304/1304
f 1306/1306/1306 1285/1285/1285 1304/1304/1304
f 1302/1302/1302 1308/1308/1308 1307/1307/1307
f 1309/1309/1309 1302/1302/1302 1307/1307/1307
f 1306/1306/1306 1311/1311/1311 1310/1310/1310
f 1312/1312/1312 1306/1306/1306 1310/1310/1310
f 1309/1309/1309 1314/1314/1314 1313/1313/1313
f 1315/1315/1315 1309/1309/1309 1313/1313/1313
f 1318/1318/1318 1317/1317/1317 1316/1316/1316
f 1317/1317/1317 1319/1319/1319 1316/1316/1316
f 1321/1321/1321 1316/1316/1316 1320/1320/1320
f 1322/1322/1322 1321/1321/1321 1320/1320/1320
f 1319/1319/1319 1324/1324/1324 1323/1323/1323
f 1324/1324/1324 1325/1325/1325 1323/1323/1323
f 1322/1322/1322 1327/1327/1327 1326/1326/1326
f 1328/1328/1328 1322/1322/1322 1326/1326/1326
f 1325/1325/1325 1330/1330/1330 1329/1329/1329
f 1331/1331/1331 1325/1325/1325 1329/1329/1329
f 1329/1329/1329 1333/1333/1333 1332/1332/1332
f 1333/1333/1333 1334/1334/1334 1332/1332/1332
f 1337/1337/1337 1336/1336/1336 1335/1335/1335
f 1336/1336/1336 1338/1338/1338 1335/1335/1335
f 1335/1335/1335 1338/1338/1338 1339/1339/1339
f 1338/1338/1338 1340/1340/1340 1339/1339/1339
f 1336/1336/1336 1341/1341/1341 1338/1338/1338
f 1341/1341/1341 1342/1342/1342 1338/1338/1338
f 1341/1341/1341 1343/1343/1343 1342/1342/1342
f 1343/1343/1343 1344/1344/1344 1342/1342/1342
f 1347/1347/1347 1346/1346/1346 1345/1345/1345
f 1346/1346/1346 1348/1348/1348 1345/1345/1345
f 1345/1345/1345 1348/1348/1348 1349/1349/1349
f 1348/1348/1348 1350/1350/1350 1349/1349/1349
f 1349/1349/1349 1350/1350/1350 1351/1351/1351
f 1350/1350/1350 1352/1352/1352 1351/1351/1351
f 1355/1355/1355 1354/1354/1354 1353/1353/1353
f 1354/1354/1354 1356/1356/1356 1353/1353/1353
f 1353/1353/1353 1356/1356/1356 1357/1357/1357
f 1356/1356/1356 1358/1358/1358 1357/1357/1357
f 1361/1361/1361 1360/1360/1360 1359/1359/1359
f 1362/1362/1362 1361/1361/1361 1359/1359/1359
f 1365/1365/1365 1364/1364/1364 1363/1363/1363
f 1364/1364/1364 1366/1366/1366 1363/1363/1363
f 1366/1366/1366 1368/1368/1368 1367/1367/1367
f 1369/1369/1369 1366/1366/1366 1367/1367/1367
f 1372/1372/1372 1371/1371/1371 1370/1370/1370
f 1373/1373/1373 1372/1372/1372 1370/1370/1370
f 1376/1376/1376 1375/1375/1375 1374/1374/1374
f 1377/1377/1377 1376/1376/1376 1374/1374/1374
f 1380/1380/1380 1379/1379/1379 1378/1378/1378
f 1379/1379/1379 1381/1381/1381 1378/1378/1378
f 1378/1378/1378 1381/1381/1381 1382/1382/1382
f 1381/1381/1381 1383/1383/1383 1382/1382/1382
f 1383/1383/1383 1385/1385/1385 1384/1384/1384
f 1385/1385/1385 1386/1386/1386 1384/1384/1384
f 1389/1389/1389 1388/1388/1388 1387/1387/1387
f 1390/1390/1390 1389/1389/1389 1387/1387/1387
f 1390/1390/1390 1392/1392/1392 1391/1391/1391
f 1393/1393/1393 1390/1390/1390 1391/1391/1391
f 1394/1394/1394 1390/1390/1390 1393/1393/1393
f 1395/1395/1395 1394/1394/1394 1393/1393/1393
f 1394/1394/1394 1396/1396/1396 1390/1390/1390
f 1396/1396/1396 1397/1397/1397 1390/1390/1390
f 1396/1396/1396 1398/1398/1398 1397/1397/1397
f 1398/1398/1398 1399/1399/1399 1397/1397/1397
f 1398/1398/1398 1400/1400/1400 1399/1399/1399
f 1400/1400/1400 1401/1401/1401 1399/1399/1399
f 1404/1404/1404 1403/1403/1403 1402/1402/1402
f 1403/1403/1403 1405/1405/1405 1402/1402/1402
f 1402/1402/1402 1405/1405/1405 1406/1406/1406
f 1405/1405/1405 1407/1407/1407 1406/1406/1406
f 1410/1410/1410 1409/1409/1409 1408/1408/1408
f 1409/1409/1409 1411/1411/1411 1408/1408/1408
f 1409/1409/1409 1412/1412/1412 1411/1411/1411
f 1412/1412/1412 1413/1413/1413 1411/1411/1411
f 1412/1412/1412 1414/1414/1414 1413/1413/1413
f 1414/1414/1414 1415/1415/1415 1413/1413/1413
f 1414/1414/1414 1416/1416/1416 1415/1415/1415
f 1416/1416/1416 1417/1417/1417 1415/1415/1415
f 1420/1420/1420 1419/1419/1419 1418/1418/1418
f 1421/1421/1421 1420/1420/1420 1418/1418/1418
f 1424/1424/1424 1423/1423/1423 1422/1422/1422
f 1423/1423/1423 1425/1425/1425 1422/1422/1422
f 1427/1427/1427 1426/1426/1426 1425/1425/1425
f 1428/1428/1428 1427/1427/1427 1425/1425/1425
f 1431/1431/1431 1430/1430/1430 1429/1429/1429
f 1432/1432/1432 1431/1431/1431 1429/1429/1429
f 1435/1435/1435 1434/1434/1434 1433/1433/1433
f 1436/1436/1436 1435/1435/1435 1433/1433/1433
f 1439/1439/1439 1438/1438/1438 1437/1437/1437
f 1440/1440/1440 1439/1439/1439 1437/1437/1437
f 1440/1440/1440 1437/1437/1437 1441/1441/1441
f 1442/1442/1442 1440/1440/1440 1441/1441/1441
f 1443/1443/1443 1439/1439/1439 1440/1440/1440
f 1444/1444/1444 1443/1443/1443 1440/1440/1440
f 1444/1444/1444 1440/1440/1440 1445/1445/1445
f 1446/1446/1446 1443/1443/1443 1444/1444/1444
f 1447/1447/1447 1444/1444/1444 1445/1445/1445
f 1448/1448/1448 1446/1446/1446 1444/1444/1444
f 1448/1448/1448 1444/1444/1444 1447/1447/1447
f 1449/1449/1449 1448/1448/1448 1447/1447/1447
f 1451/1451/1451 1441/1441/1441 1450/1450/1450
f 1452/1452/1452 1451/1451/1451 1450/1450/1450
f 1454/1454/1454 1452/1452/1452 1453/1453/1453
f 1455/1455/1455 1454/1454/1454 1453/1453/1453
f 1457/1457/1457 1456/1456/1456 1455/1455/1455
f 1458/1458/1458 1457/1457/1457 1455/1455/1455
f 1461/1461/1461 1460/1460/1460 1459/1459/1459
f 1462/1462/1462 1461/1461/1461 1459/1459/1459
f 1464/1464/1464 1459/1459/1459 1463/1463/1463
f 1465/1465/1465 1464/1464/1464 1463/1463/1463
f 1468/1468/1468 1467/1467/1467 1466/1466/1466
f 1469/1469/1469 1468/1468/1468 1466/1466/1466
f 1472/1472/1472 1471/1471/1471 1470/1470/1470
f 1473/1473/1473 1472/1472/1472 1470/1470/1470
f 1476/1476/1476 1475/1475/1475 1474/1474/1474
f 1477/1477/1477 1476/1476/1476 1474/1474/1474
f 1480/1480/1480 1479/1479/1479 1478/1478/1478
f 1481/1481/1481 1480/1480/1480 1478/1478/1478
f 1484/1484/1484 1483/1483/1483 1482/1482/1482
f 1485/1485/1485 1484/1484/1484 1482/1482/1482
f 1488/1488/1488 1487/1487/1487 1486/1486/1486
f 1489/1489/1489 1488/1488/1488 1486/1486/1486
f 1492/1492/1492 1491/1491/1491 1490/1490/1490
f 1493/1493/1493 1492/1492/1492 1490/1490/1490
f 1496/1496/1496 1495/1495/1495 1494/1494/1494
f 1497/1497/1497 1496/1496/1496 1494/1494/1494
f 1500/1500/1500 1499/1499/1499 1498/1498/1498
f 1501/1501/1501 1500/1500/1500 1498/1498/1498
f 1504/1504/1504 1503/1503/1503 1502/1502/1502
f 1503/1503/1503 1505/1505/1505 1502/1502/1502
f 1502/1502/1502 1505/1505/1505 1506/1506/1506
f 1505/1505/1505 1507/1507/1507 1506/1506/1506
f 1506/1506/1506 1507/1507/1507 1508/1508/1508
f 1507/1507/1507 1509/1509/1509 1508/1508/1508
f 1508/1508/1508 1509/1509/1509 1510/1510/1510
f 1509/1509/1509 1511/1511/1511 1510/1510/1510
f 1514/1514/1514 1513/1513/1513 1512/1512/1512
f 1515/1515/1515 1514/1514/1514 1512/1512/1512
f 1518/1518/1518 1517/1517/1517 1516/1516/1516
f 1517/1517/1517 1519/1519/1519 1516/1516/1516
f 1516/1516/1516 1519/1519/1519 1520/1520/1520
f 1519/1519/1519 1521/1521/1521 1520/1520/1520
f 1520/1520/1520 1521/1521/1521 1522/1522/1522
f 1521/1521/1521 1523/1523/1523 1522/1522/1522
f 1522/1522/1522 1523/1523/1523 1524/1524/1524
f 1523/1523/1523 1525/1525/1525 1524/1524/1524
f 1528/1528/1528 1527/1527/1527 1526/1526/1526
f 1529/1529/1529 1528/1528/1528 1526/1526/1526
f 1532/1532/1532 1531/1531/1531 1530/1530/1530
f 1531/1531/1531 1533/1533/1533 1530/1530/1530
f 1530/1530/1530 1533/1533/1533 1534/1534/1534
f 1533/1533/1533 1535/1535/1535 1534/1534/1534
f 1534/1534/1534 1535/1535/1535 1536/1536/1536
f 1535/1535/1535 1537/1537/1537 1536/1536/1536
f 1536/1536/1536 1537/1537/1537 1538/1538/1538
f 1537/1537/1537 1539/1539/1539 1538/1538/1538
f 1542/1542/1542 1541/1541/1541 1540/1540/1540
f 1541/1541/1541 1543/1543/1543 1540/1540/1540
f 1540/1540/1540 1543/1543/1543 1544/1544/1544
f 1543/1543/1543 1545/1545/1545 1544/1544/1544
f 1544/1544/1544 1545/1545/1545 1546/1546/1546
f 1545/1545/1545 1547/1547/1547 1546/1546/1546
f 1546/1546/1546 1547/1547/1547 1548/1548/1548
f 1547/1547/1547 1549/1549/1549 1548/1548/1548
f 1552/1552/1552 1551/1551/1551 1550/1550/1550
f 1553/1553/1553 1552/1552/1552 1550/1550/1550
f 1556/1556/1556 1555/1555/1555 1554/1554/1554
f 1557/1557/1557 1556/1556/1556 1554/1554/1554
f 1560/1560/1560 1559/1559/1559 1558/1558/1558
f 1561/1561/1561 1560/1560/1560 1558/1558/1558
f 1564/1564/1564 1563/1563/1563 1562/1562/1562
f 1565/1565/1565 1564/1564/1564 1562/1562/1562
f 1568/1568/1568 1567/1567/1567 1566/1566/1566
f 1569/1569/1569 1568/1568/1568 1566/1566/1566
f 1572/1572/1572 1571/1571/1571 1570/1570/1570
f 1573/1573/1573 1572/1572/1572 1570/1570/1570
f 1576/1576/1576 1575/1575/1575 1574/1574/1574
f 1575/1575/1575 1577/1577/1577 1574/1574/1574
f 1574/1574/1574 1577/1577/1577 1578/1578/1578
f 1577/1577/1577 1579/1579/1579 1578/1578/1578
f 1578/1578/1578 1579/1579/1579 1580/1580/1580
f 1579/1579/1579 1581/1581/1581 1580/1580/1580
f 1584/1584/1584 1583/1583/1583 1582/1582/1582
f 1585/1585/1585 1584/1584/1584 1582/1582/1582
f 1588/1588/1588 1587/1587/1587 1586/1586/1586
f 1587/1587/1587 1589/1589/1589 1586/1586/1586
f 1586/1586/1586 1589/1589/1589 1590/1590/1590
f 1589/1589/1589 1591/1591/1591 1590/1590/1590
f 1590/1590/1590 1591/1591/1591 1592/1592/1592
f 1591/1591/1591 1593/1593/1593 1592/1592/1592
f 1596/1596/1596 1595/1595/1595 1594/1594/1594
f 1597/1597/1597 1596/1596/1596 1594/1594/1594
f 1600/1600/1600 1599/1599/1599 1598/1598/1598
f 1599/1599/1599 1601/1601/1601 1598/1598/1598
f 1598/1598/1598 1601/1601/1601 1602/1602/1602
f 1601/1601/1601 1603/1603/1603 1602/1602/1602
f 1602/1602/1602 1603/1603/1603 1604/1604/1604
f 1603/1603/1603 1605/1605/1605 1604/1604/1604
f 1608/1608/1608 1607/1607/1607 1606/1606/1606
f 1607/1607/1607 1609/1609/1609 1606/1606/1606
f 1606/1606/1606 1609/1609/1609 1610/1610/1610
f 1609/1609/1609 1611/1611/1611 1610/1610/1610
f 1610/1610/1610 1611/1611/1611 1612/1612/1612
f 1611/1611/1611 1613/1613/1613 1612/1612/1612
f 1616/1616/1616 1615/1615/1615 1614/1614/1614
f 1615/1615/1615 1617/1617/1617 1614/1614/1614
f 1614/1614/1614 1617/1617/1617 1618/1618/1618
f 1617/1617/1617 1619/1619/1619 1618/1618/1618
f 1622/1622/1622 1621/1621/1621 1620/1620/1620
f 1623/1623/1623 1622/1622/1622 1620/1620/1620
f 1626/1626/1626 1625/1625/1625 1624/1624/1624
f 1625/1625/1625 1627/1627/1627 1624/1624/1624
f 1624/1624/1624 1627/1627/1627 1628/1628/1628
f 1627/1627/1627 1629/1629/1629 1628/1628/1628
f 1632/1632/1632 1631/1631/1631 1630/1630/1630
f 1633/1633/1633 1632/1632/1632 1630/1630/1630
f 1636/1636/1636 1635/1635/1635 1634/1634/1634
f 1635/1635/1635 1637/1637/1637 1634/1634/1634
f 1634/1634/1634 1637/1637/1637 1638/1638/1638
f 1637/1637/1637 1639/1639/1639 1638/1638/1638
f 1642/1642/1642 1641/1641/1641 1640/1640/1640
f 1641/1641/1641 1643/1643/1643 1640/1640/1640
f 1640/1640/1640 1643/1643/1643 1644/1644/1644
f 1643/1643/1643 1645/1645/1645 1644/1644/1644
f 1648/1648/1648 1647/1647/1647 1646/1646/1646
f 1649/1649/1649 1648/1648/1648 1646/1646/1646
f 1652/1652/1652 1651/1651/1651 1650/1650/1650
f 1653/1653/1653 1652/1652/1652 1650/1650/1650
f 1656/1656/1656 1655/1655/1655 1654/1654/1654
f 1657/1657/1657 1656/1656/1656 1654/1654/1654
f 1660/1660/1660 1659/1659/1659 1658/1658/1658
f 1661/1661/1661 1660/1660/1660 1658/1658/1658
f 1664/1664/1664 1663/1663/1663 1662/1662/1662
f 1665/1665/1665 1664/1664/1664 1662/1662/1662
f 1668/1668/1668 1667/1667/1667 1666/1666/1666
f 1669/1669/1669 1668/1668/1668 1666/1666/1666
f 1672/1672/1672 1671/1671/1671 1670/1670/1670
f 1673/1673/1673 1672/1672/1672 1670/1670/1670
f 1676/1676/1676 1675/1675/1675 1674/1674/1674
f 1677/1677/1677 1676/1676/1676 1674/1674/1674
f 1680/1680/1680 1679/1679/1679 1678/1678/1678
f 1681/1681/1681 1680/1680/1680 1678/1678/1678
f 1684/1684/1684 1683/1683/1683 1682/1682/1682
f 1685/1685/1685 1684/1684/1684 1682/1682/1682
f 1688/1688/1688 1687/1687/1687 1686/1686/1686
f 1689/1689/1689 1688/1688/1688 1686/1686/1686
f 1692/1692/1692 1691/1691/1691 1690/1690/1690
f 1693/1693/1693 1692/1692/1692 1690/1690/1690
f 1696/1696/1696 1695/1695/1695 1694/1694/1694
f 1695/1695/1695 1697/1697/1697 1694/1694/1694
f 1694/1694/1694 1697/1697/1697 1698/1698/1698
f 1697/1697/1697 1699/1699/1699 1698/1698/1698
f 1702/1702/1702 1701/1701/1701 1700/1700/1700
f 1703/1703/1703 1702/1702/1702 1700/1700/1700
f 1706/1706/1706 1705/1705/1705 1704/1704/1704
f 1705/1705/1705 1707/1707/1707 1704/1704/1704
f 1704/1704/1704 1707/1707/1707 1708/1708/1708
f 1707/1707/1707 1709/1709/1709 1708/1708/1708
f 1712/1712/1712 1711/1711/1711 1710/1710/1710
f 1713/1713/1713 1712/1712/1712 1710/1710/1710
f 1716/1716/1716 1715/1715/1715 1714/1714/1714
f 1715/1715/1715 1717/1717/1717 1714/1714/1714
f 1714/1714/1714 1717/1717/1717 1718/1718/1718
f 1717/1717/1717 1719/1719/1719 1718/1718/1718
f 1722/1722/1722 1721/1721/1721 1720/1720/1720
f 1721/1721/1721 1723/1723/1723 1720/1720/1720
f 1720/1720/1720 1723/1723/1723 1724/1724/1724
f 1723/1723/1723 1725/1725/1725 1724/1724/1724
f 1728/1728/1728 1727/1727/1727 1726/1726/1726
f 1729/1729/1729 1728/1728/1728 1726/1726/1726
f 1732/1732/1732 1731/1731/1731 1730/1730/1730
f 1733/1733/1733 1732/1732/1732 1730/1730/1730
f 1736/1736/1736 1735/1735/1735 1734/1734/1734
f 1737/1737/1737 1736/1736/1736 1734/1734/1734
f 1740/1740/1740 1739/1739/1739 1738/1738/1738
f 1741/1741/1741 1740/1740/1740 1738/1738/1738
f 1744/1744/1744 1743/1743/1743 1742/1742/1742
f 1745/1745/1745 1744/1744/1744 1742/1742/1742
f 1748/1748/1748 1747/1747/1747 1746/1746/1746
f 1749/1749/1749 1748/1748/1748 1746/1746/1746
f 1752/1752/1752 1751/1751/1751 1750/1750/1750
f 1753/1753/1753 1752/1752/1752 1750/1750/1750
f 1756/1756/1756 1755/1755/1755 1754/1754/1754
f 1757/1757/1757 1756/1756/1756 1754/1754/1754
f 1760/1760/1760 1759/1759/1759 1758/1758/1758
f 1761/1761/1761 1760/1760/1760 1758/1758/1758
f 1764/1764/1764 1763/1763/1763 1762/1762/1762
f 1765/1765/1765 1764/1764/1764 1762/1762/1762
f 1768/1768/1768 1767/1767/1767 1766/1766/1766
f 1769/1769/1769 1768/1768/1768 1766/1766/1766
f 1772/1772/1772 1771/1771/1771 1770/1770/1770
f 1773/1773/1773 1772/1772/1772 1770/1770/1770
f 1776/1776/1776 1775/1775/1775 1774/1774/1774
f 1777/1777/1777 1776/1776/1776 1774/1774/1774
f 1780/1780/1780 1779/1779/1779 1778/1778/1778
f 1781/1781/1781 1780/1780/1780 1778/1778/1778
f 1784/1784/1784 1783/1783/1783 1782/1782/1782
f 1785/1785/1785 1784/1784/1784 1782/1782/1782
f 1788/1788/1788 1787/1787/1787 1786/1786/1786
f 1789/1789/1789 1788/1788/1788 1786/1786/1786
f 1792/1792/1792 1791/1791/1791 1790/1790/1790
f 1793/1793/1793 1792/1792/1792 1790/1790/1790
f 1796/1796/1796 1795/1795/1795 1794/1794/1794
f 1797/1797/1797 1796/1796/1796 1794/1794/1794
f 1800/1800/1800 1799/1799/1799 1798/1798/1798
f 1801/1801/1801 1800/1800/1800 1798/1798/1798
f 1804/1804/1804 1803/1803/1803 1802/1802/1802
f 1805/1805/1805 1804/1804/1804 1802/1802/1802
f 1808/1808/1808 1807/1807/1807 1806/1806/1806
f 1809/1809/1809 1808/1808/1808 1806/1806/1806
f 1812/1812/1812 1811/1811/1811 1810/1810/1810
f 1813/1813/1813 1812/1812/1812 1810/1810/1810
f 1816/1816/1816 1815/1815/1815 1814/1814/1814
f 1817/1817/1817 1816/1816/1816 1814/1814/1814
f 1820/1820/1820 1819/1819/1819 1818/1818/1818
f 1821/1821/1821 1820/1820/1820 1818/1818/1818
f 1824/1824/1824 1823/1823/1823 1822/1822/1822
f 1825/1825/1825 1824/1824/1824 1822/1822/1822
f 1828/1828/1828 1827/1827/1827 1826/1826/1826
f 1829/1829/1829 1828/1828/1828 1826/1826/1826
f 1832/1832/1832 1831/1831/1831 1830/1830/1830
f 1833/1833/1833 1832/1832/1832 1830/1830/1830
f 1836/1836/1836 1835/1835/1835 1834/1834/1834
f 1837/1837/1837 1836/1836/1836 1834/1834/1834
f 1840/1840/1840 1839/1839/1839 1838/1838/1838
f 1841/1841/1841 1840/1840/1840 1838/1838/1838
f 1844/1844/1844 1843/1843/1843 1842/1842/1842
f 1845/1845/1845 1844/1844/1844 1842/1842/1842
f 1848/1848/1848 1847/1847/1847 1846/1846/1846
f 1847/1847/1847 1849/1849/1849 1846/1846/1846
f 1846/1846/1846 1849/1849/1849 1850/1850/1850
f 1849/1849/1849 1851/1851/1851 1850/1850/1850
f 1850/1850/1850 1851/1851/1851 1852/1852/1852
f 1851/1851/1851 1853/1853/1853 1852/1852/1852
f 1852/1852/1852 1853/1853/1853 1854/1854/1854
f 1853/1853/1853 1855/1855/1855 1854/1854/1854
f 1858/1858/1858 1857/1857/1857 1856/1856/1856
f 1859/1859/1859 1858/1858/1858 1856/1856/1856
f 1862/1862/1862 1861/1861/1861 1860/1860/1860
f 1861/1861/1861 1863/1863/1863 1860/1860/1860
f 1860/1860/1860 1863/1863/1863 1864/1864/1864
f 1863/1863/1863 1865/1865/1865 1864/1864/1864
f 1864/1864/1864 1865/1865/1865 1866/1866/1866
f 1865/1865/1865 1867/1867/1867 1866/1866/1866
f 1866/1866/1866 1867/1867/1867 1868/1868/1868
f 1867/1867/1867 1869/1869/1869 1868/1868/1868
f 1872/1872/1872 1871/1871/1871 1870/1870/1870
f 1873/1873/1873 1872/1872/1872 1870/1870/1870
f 1876/1876/1876 1875/1875/1875 1874/1874/1874
f 1875/1875/1875 1877/1877/1877 1874/1874/1874
f 1874/1874/1874 1877/1877/1877 1878/1878/1878
f 1877/1877/1877 1879/1879/1879 1878/1878/1878
f 1878/1878/1878 1879/1879/1879 1880/1880/1880
f 1879/1879/1879 1881/1881/1881 1880/1880/1880
f 1880/1880/1880 1881/1881/1881 1882/1882/1882
f 1881/1881/1881 1883/1883/1883 1882/1882/1882
f 1886/1886/1886 1885/1885/1885 1884/1884/1884
f 1885/1885/1885 1887/1887/1887 1884/1884/1884
f 1884/1884/1884 1887/1887/1887 1888/1888/1888
f 1887/1887/1887 1889/1889/1889 1888/1888/1888
f 1888/1888/1888 1889/1889/1889 1890/1890/1890
f 1889/1889/1889 1891/1891/1891 1890/1890/1890
f 1890/1890/1890 1891/1891/1891 1892/1892/1892
f 1891/1891/1891 1893/1893/1893 1892/1892/1892
f 1896/1896/1896 1895/1895/1895 1894/1894/1894
f 1897/1897/1897 1896/1896/1896 1894/1894/1894
f 1900/1900/1900 1899/1899/1899 1898/1898/1898
f 1901/1901/1901 1900/1900/1900 1898/1898/1898
f 1904/1904/1904 1903/1903/1903 1902/1902/1902
f 1905/1905/1905 1904/1904/1904 1902/1902/1902
f 1908/1908/1908 1907/1907/1907 1906/1906/1906
f 1909/1909/1909 1908/1908/1908 1906/1906/1906
f 1912/1912/1912 1911/1911/1911 1910/1910/1910
f 1913/1913/1913 1912/1912/1912 1910/1910/1910
f 1916/1916/1916 1915/1915/1915 1914/1914/1914
f 1917/1917/1917 1916/1916/1916 1914/1914/1914
f 1920/1920/1920 1919/1919/1919 1918/1918/1918
f 1919/1919/1919 1921/1921/1921 1918/1918/1918
f 1918/1918/1918 1921/1921/1921 1922/1922/1922
f 1921/1921/1921 1923/1923/1923 1922/1922/1922
f 1922/1922/1922 1923/1923/1923 1924/1924/1924
f 1923/1923/1923 1925/1925/1925 1924/1924/1924
f 1928/1928/1928 1927/1927/1927 1926/1926/1926
f 1929/1929/1929 1928/1928/1928 1926/1926/1926
f 1932/1932/1932 1931/1931/1931 1930/1930/1930
f 1931/1931/1931 1933/1933/1933 1930/1930/1930
f 1930/1930/1930 1933/1933/1933 1934/1934/1934
f 1933/1933/1933 1935/1935/1935 1934/1934/1934
f 1934/1934/1934 1935/1935/1935 1936/1936/1936
f 1935/1935/1935 1937/1937/1937 1936/1936/1936
f 1940/1940/1940 1939/1939/1939 1938/1938/1938
f 1941/1941/1941 1940/1940/1940 1938/1938/1938
f 1944/1944/1944 1943/1943/1943 1942/1942/1942
f 1943/1943/1943 1945/1945/1945 1942/1942/1942
f 1942/1942/1942 1945/1945/1945 1946/1946/1946
f 1945/1945/1945 1947/1947/1947 1946/1946/1946
f 1946/1946/1946 1947/1947/1947 1948/1948/1948
f 1947/1947/1947 1949/1949/1949 1948/1948/1948
f 1952/1952/1952 1951/1951/1951 1950/1950/1950
f 1951/1951/1951 1953/1953/1953 1950/1950/1950
f 1950/1950/1950 1953/1953/1953 1954/1954/1954
f 1953/1953/1953 1955/1955/1955 1954/1954/1954
f 1954/1954/1954 1955/1955/1955 1956/1956/1956
f 1955/1955/1955 1957/1957/1957 1956/1956/1956
f 1960/1960/1960 1959/1959/1959 1958/1958/1958
f 1959/1959/1959 1961/1961/1961 1958/1958/1958
f 1958/1958/1958 1961/1961/1961 1962/1962/1962
f 1961/1961/1961 1963/1963/1963 1962/1962/1962
f 1966/1966/1966 1965/1965/1965 1964/1964/1964
f 1967/1967/1967 1966/1966/1966 1964/1964/1964
f 1970/1970/1970 1969/1969/1969 1968/1968/1968
f 1969/1969/1969 1971/1971/1971 1968/1968/1968
f 1968/1968/1968 1971/1971/1971 1972/1972/1972
f 1971/1971/1971 1973/1973/1973 1972/1972/1972
f 1976/1976/1976 1975/1975/1975 1974/1974/1974
f 1977/1977/1977 1976/1976/1976 1974/1974/1974
f 1980/1980/1980 1979/1979/1979 1978/1978/1978
f 1979/1979/1979 1981/1981/1981 1978/1978/1978
f 1978/1978/1978 1981/1981/1981 1982/1982/1982
f 1981/1981/1981 1983/1983/1983 1982/1982/1982
f 1986/1986/1986 1985/1985/1985 1984/1984/1984
f 1985/1985/1985 1987/1987/1987 1984/1984/1984
f 1984/1984/1984 1987/1987/1987 1988/1988/1988
f 1987/1987/1987 1989/1989/1989 1988/1988/1988
f 1992/1992/1992 1991/1991/1991 1990/1990/1990
f 1993/1993/1993 1992/1992/1992 1990/1990/1990
f 1996/1996/1996 1995/1995/1995 1994/1994/1994
f 1997/1997/1997 1996/1996/1996 1994/1994/1994
f 2000/2000/2000 1999/1999/1999 1998/1998/1998
f 2001/2001/2001 2000/2000/2000 1998/1998/1998
f 2004/2004/2004 2003/2003/2003 2002/2002/2002
f 2005/2005/2005 2004/2004/2004 2002/2002/2002
f 2008/2008/2008 2007/2007/2007 2006/2006/2006
f 2009/2009/2009 2008/2008/2008 2006/2006/2006
f 2012/2012/2012 2011/2011/2011 2010/2010/2010
f 2013/2013/2013 2012/2012/2012 2010/2010/2010
f 2016/2016/2016 2015/2015/2015 2014/2014/2014
f 2017/2017/2017 2016/2016/2016 2014/2014/2014
f 2020/2020/2020 2019/2019/2019 2018/2018/2018
f 2021/2021/2021 2020/2020/2020 2018/2018/2018
f 2024/2024/2024 2023/2023/2023 2022/2022/2022
f 2025/2025/2025 2024/2024/2024 2022/2022/2022
f 2028/2028/2028 2027/2027/2027 2026/2026/2026
f 2029/2029/2029 2028/2028/2028 2026/2026/2026
f 2032/2032/2032 2031/2031/2031 2030/2030/2030
f 2033/2033/2033 2032/2032/2032 2030/2030/2030
f 2036/2036/2036 2035/2035/2035 2034/2034/2034
f 2037/2037/2037 2036/2036/2036 2034/2034/2034
f 2040/2040/2040 2039/2039/2039 2038/2038/2038
f 2039/2039/2039 2041/2041/2041 2038/2038/2038
f 2038/2038/2038 2041/2041/2041 2042/2042/2042
f 2041/2041/2041 2043/2043/2043 2042/2042/2042
f 2046/2046/2046 2045/2045/2045 2044/2044/2044
f 2047/2047/2047 2046/2046/2046 2044/2044/2044
f 2050/2050/2050 2049/2049/2049 2048/2048/2048
f 2049/2049/2049 2051/2051/2051 2048/2048/2048
f 2048/2048/2048 2051/2051/2051 2052/2052/2052
f 2051/2051/2051 2053/2053/2053 2052/2052/2052
f 2056/2056/2056 2055/2055/2055 2054/2054/2054
f 2057/2057/2057 2056/2056/2056 2054/2054/2054
f 2060/2060/2060 2059/2059/2059 2058/2058/2058
f 2059/2059/2059 2061/2061/2061 2058/2058/2058
f 2058/2058/2058 2061/2061/2061 2062/2062/2062
f 2061/2061/2061 2063/2063/2063 2062/2062/2062
f 2066/2066/2066 2065/2065/2065 2064/2064/2064
f 2065/2065/2065 2067/2067/2067 2064/2064/2064
f 2064/2064/2064 2067/2067/2067 2068/2068/2068
f 2067/2067/2067 2069/2069/2069 2068/2068/2068
f 2072/2072/2072 2071/2071/2071 2070/2070/2070
f 2073/2073/2073 2072/2072/2072 2070/2070/2070
f 2076/2076/2076 2075/2075/2075 2074/2074/2074
f 2077/2077/2077 2076/2076/2076 2074/2074/2074
f 2080/2080/2080 2079/2079/2079 2078/2078/2078
f 2081/2081/2081 2080/2080/2080 2078/2078/2078
f 2084/2084/2084 2083/2083/2083 2082/2082/2082
f 2085/2085/2085 2084/2084/2084 2082/2082/2082
f 2088/2088/2088 2087/2087/2087 2086/2086/2086
f 2089/2089/2089 2088/2088/2088 2086/2086/2086
f 2092/2092/2092 2091/2091/2091 2090/2090/2090
f 2093/2093/2093 2092/2092/2092 2090/2090/2090
f 2096/2096/2096 2095/2095/2095 2094/2094/2094
f 2097/2097/2097 2096/2096/2096 2094/2094/2094
f 2100/2100/2100 2099/2099/2099 2098/2098/2098
f 2101/2101/2101 2100/2100/2100 2098/2098/2098
f 2104/2104/2104 2103/2103/2103 2102/2102/2102
f 2105/2105/2105 2104/2104/2104 2102/2102/2102
f 2108/2108/2108 2107/2107/2107 2106/2106/2106
f 2109/2109/2109 2108/2108/2108 2106/2106/2106
f 2112/2112/2112 2111/2111/2111 2110/2110/2110
f 2113/2113/2113 2112/2112/2112 2110/2110/2110
f 2116/2116/2116 2115/2115/2115 2114/2114/2114
f 2117/2117/2117 2116/2116/2116 2114/2114/2114
f 2120/2120/2120 2119/2119/2119 2118/2118/2118
f 2121/2121/2121 2120/2120/2120 2118/2118/2118
f 2124/2124/2124 2123/2123/2123 2122/2122/2122
f 2125/2125/2125 2124/2124/2124 2122/2122/2122
f 2128/2128/2128 2127/2127/2127 2126/2126/2126
f 2129/2129/2129 2128/2128/2128 2126/2126/2126
f 2132/2132/2132 2131/2131/2131 2130/2130/2130
f 2133/2133/2133 2132/2132/2132 2130/2130/2130
f 2136/2136/2136 2135/2135/2135 2134/2134/2134
f 2137/2137/2137 2136/2136/2136 2134/2134/2134
f 2140/2140/2140 2139/2139/2139 2138/2138/2138
f 2141/2141/2141 2140/2140/2140 2138/2138/2138
f 2144/2144/2144 2143/2143/2143 2142/2142/2142
f 2145/2145/2145 2144/2144/2144 2142/2142/2142
f 2148/2148/2148 2147/2147/2147 2146/2146/2146
f 2149/2149/2149 2148/2148/2148 2146/2146/2146
f 2152/2152/2152 2151/2151/2151 2150/2150/2150
f 2153/2153/2153 2152/2152/2152 2150/2150/2150
f 2156/2156/2156 2155/2155/2155 2154/2154/2154
f 2157/2157/2157 2156/2156/2156 2154/2154/2154
f 2160/2160/2160 2159/2159/2159 2158/2158/2158
f 2161/2161/2161 2160/2160/2160 2158/2158/2158
f 2164/2164/2164 2163/2163/2163 2162/2162/2162
f 2165/2165/2165 2164/2164/2164 2162/2162/2162
f 2168/2168/2168 2167/2167/2167 2166/2166/2166
f 2169/2169/2169 2168/2168/2168 2166/2166/2166
f 2172/2172/2172 2171/2171/2171 2170/2170/2170
f 2173/2173/2173 2172/2172/2172 2170/2170/2170
f 2176/2176/2176 2175/2175/2175 2174/2174/2174
f 2177/2177/2177 2176/2176/2176 2174/2174/2174
f 2180/2180/2180 2179/2179/2179 2178/2178/2178
f 2181/2181/2181 2180/2180/2180 2178/2178/2178
f 2184/2184/2184 2183/2183/2183 2182/2182/2182
f 2185/2185/2185 2184/2184/2184 2182/2182/2182
f 2188/2188/2188 2187/2187/2187 2186/2186/2186
f 2189/2189/2189 2188/2188/2188 2186/2186/2186
f 2192/2192/2192 2191/2191/2191 2190/2190/2190
f 2191/2191/2191 2193/2193/2193 2190/2190/2190
f 2190/2190/2190 2193/2193/2193 2194/2194/2194
f 2193/2193/2193 2195/2195/2195 2194/2194/2194
f 2194/2194/2194 2195/2195/2195 2196/2196/2196
f 2195/2195/2195 2197/2197/2197 2196/2196/2196
f 2196/2196/2196 2197/2197/2197 2198/2198/2198
f 2197/2197/2197 2199/2199/2199 2198/2198/2198
f 2202/2202/2202 2201/2201/2201 2200/2200/2200
f 2203/2203/2203 2202/2202/2202 2200/2200/2200
f 2206/2206/2206 2205/2205/2205 2204/2204/2204
f 2205/2205/2205 2207/2207/2207 2204/2204/2204
f 2204/2204/2204 2207/2207/2207 2208/2208/2208
f 2207/2207/2207 2209/2209/2209 2208/2208/2208
f 2208/2208/2208 2209/2209/2209 2210/2210/2210
f 2209/2209/2209 2211/2211/2211 2210/2210/2210
f 2210/2210/2210 2211/2211/2211 2212/2212/2212
f 2211/2211/2211 2213/2213/2213 2212/2212/2212
f 2216/2216/2216 2215/2215/2215 2214/2214/2214
f 2217/2217/2217 2216/2216/2216 2214/2214/2214
f 2220/2220/2220 2219/2219/2219 2218/2218/2218
f 2219/2219/2219 2221/2221/2221 2218/2218/2218
f 2218/2218/2218 2221/2221/2221 2222/2222/2222
f 2221/2221/2221 2223/2223/2223 2222/2222/2222
f 2222/2222/2222 2223/2223/2223 2224/2224/2224
f 2223/2223/2223 2225/2225/2225 2224/2224/2224
f 2224/2224/2224 2225/2225/2225 2226/2226/2226
f 2225/2225/2225 2227/2227/2227 2226/2226/2226
f 2230/2230/2230 2229/2229/2229 2228/2228/2228
f 2229/2229/2229 2231/2231/2231 2228/2228/2228
f 2228/2228/2228 2231/2231/2231 2232/2232/2232
f 2231/2231/2231 2233/2233/2233 2232/2232/2232
f 2232/2232/2232 2233/2233/2233 2234/2234/2234
f 2233/2233/2233 2235/2235/2235 2234/2234/2234
f 2234/2234/2234 2235/2235/2235 2236/2236/2236
f 2235/2235/2235 2237/2237/2237 2236/2236/2236
f 2240/2240/2240 2239/2239/2239 2238/2238/2238
f 2241/2241/2241 2240/2240/2240 2238/2238/2238
f 2244/2244/2244 2243/2243/2243 2242/2242/2242
f 2245/2245/2245 2244/2244/2244 2242/2242/2242
f 2248/2248/2248 2247/2247/2247 2246/2246/2246
f 2249/2249/2249 2248/2248/2248 2246/2246/2246
f 2252/2252/2252 2251/2251/2251 2250/2250/2250
f 2253/2253/2253 2252/2252/2252 2250/2250/2250
f 2256/2256/2256 2255/2255/2255 2254/2254/2254
f 2257/2257/2257 2256/2256/2256 2254/2254/2254
f 2260/2260/2260 2259/2259/2259 2258/2258/2258
f 2261/2261/2261 2260/2260/2260 2258/2258/2258
f 2264/2264/2264 2263/2263/2263 2262/2262/2262
f 2263/2263/2263 2265/2265/2265 2262/2262/2262
f 2262/2262/2262 2265/2265/2265 2266/2266/2266
f 2265/2265/2265 2267/2267/2267 2266/2266/2266
f 2266/2266/2266 2267/2267/2267 2268/2268/2268
f 2267/2267/2267 2269/2269/2269 2268/2268/2268
f 2272/2272/2272 2271/2271/2271 2270/2270/2270
f 2273/2273/2273 2272/2272/2272 2270/2270/2270
f 2276/2276/2276 2275/2275/2275 2274/2274/2274
f 2275/2275/2275 2277/2277/2277 2274/2274/2274
f 2274/2274/2274 2277/2277/2277 2278/2278/2278
f 2277/2277/2277 2279/2279/2279 2278/2278/2278
f 2278/2278/2278 2279/2279/2279 2280/2280/2280
f 2279/2279/2279 2281/2281/2281 2280/2280/2280
f 2284/2284/2284 2283/2283/2283 2282/2282/2282
f 2285/2285/2285 2284/2284/2284 2282/2282/2282
f 2288/2288/2288 2287/2287/2287 2286/2286/2286
f 2287/2287/2287 2289/2289/2289 2286/2286/2286
f 2286/2286/2286 2289/2289/2289 2290/2290/2290
f 2289/2289/2289 2291/2291/2291 2290/2290/2290
f 2290/2290/2290 2291/2291/2291 2292/2292/2292
f 2291/2291/2291 2293/2293/2293 2292/2292/2292
f 2296/2296/2296 2295/2295/2295 2294/2294/2294
f 2295/2295/2295 2297/2297/2297 2294/2294/2294
f 2294/2294/2294 2297/2297/2297 2298/2298/2298
f 2297/2297/2297 2299/2299/2299 2298/2298/2298
f 2298/2298/2298 2299/2299/2299 2300/2300/2300
f 2299/2299/2299 2301/2301/2301 2300/2300/2300
f 2304/2304/2304 2303/2303/2303 2302/2302/2302
f 2303/2303/2303 2305/2305/2305 2302/2302/2302
f 2302/2302/2302 2305/2305/2305 2306/2306/2306
f 2305/2305/2305 2307/2307/2307 2306/2306/2306
f 2310/2310/2310 2309/2309/2309 2308/2308/2308
f 2311/2311/2311 2310/2310/2310 2308/2308/2308
f 2314/2314/2314 2313/2313/2313 2312/2312/2312
f 2313/2313/2313 2315/2315/2315 2312/2312/2312
f 2312/2312/2312 2315/2315/2315 2316/2316/2316
f 2315/2315/2315 2317/2317/2317 2316/2316/2316
f 2320/2320/2320 2319/2319/2319 2318/2318/2318
f 2321/2321/2321 2320/2320/2320 2318/2318/2318
f 2324/2324/2324 2323/2323/2323 2322/2322/2322
f 2323/2323/2323 2325/2325/2325 2322/2322/2322
f 2322/2322/2322 2325/2325/2325 2326/2326/2326
f 2325/2325/2325 2327/2327/2327 2326/2326/2326
f 2330/2330/2330 2329/2329/2329 2328/2328/2328
f 2329/2329/2329 2331/2331/2331 2328/2328/2328
f 2328/2328/2328 2331/2331/2331 2332/2332/2332
f 2331/2331/2331 2333/2333/2333 2332/2332/2332
f 2336/2336/2336 2335/2335/2335 2334/2334/2334
f 2337/2337/2337 2336/2336/2336 2334/2334/2334
f 2340/2340/2340 2339/2339/2339 2338/2338/2338
f 2341/2341/2341 2340/2340/2340 2338/2338/2338
f 2344/2344/2344 2343/2343/2343 2342/2342/2342
f 2345/2345/2345 2344/2344/2344 2342/2342/2342
f 2348/2348/2348 2347/2347/2347 2346/2346/2346
f 2349/2349/2349 2348/2348/2348 2346/2346/2346
f 2352/2352/2352 2351/2351/2351 2350/2350/2350
f 2353/2353/2353 2352/2352/2352 2350/2350/2350
f 2356/2356/2356 2355/2355/2355 2354/2354/2354
f 2357/2357/2357 2356/2356/2356 2354/2354/2354
f 2360/2360/2360 2359/2359/2359 2358/2358/2358
f 2361/2361/2361 2360/2360/2360 2358/2358/2358
f 2364/2364/2364 2363/2363/2363 2362/2362/2362
f 2365/2365/2365 2364/2364/2364 2362/2362/2362
f 2368/2368/2368 2367/2367/2367 2366/2366/2366
f 2369/2369/2369 2368/2368/2368 2366/2366/2366
f 2372/2372/2372 2371/2371/2371 2370/2370/2370
f 2373/2373/2373 2372/2372/2372 2370/2370/2370
f 2376/2376/2376 2375/2375/2375 2374/2374/2374
f 2377/2377/2377 2376/2376/2376 2374/2374/2374
f 2380/2380/2380 2379/2379/2379 2378/2378/2378
f 2381/2381/2381 2380/2380/2380 2378/2378/2378
f 2384/2384/2384 2383/2383/2383 2382/2382/2382
f 2383/2383/2383 2385/2385/2385 2382/2382/2382
f 2382/2382/2382 2385/2385/2385 2386/2386/2386
f 2385/2385/2385 2387/2387/2387 2386/2386/2386
f 2390/2390/2390 2389/2389/2389 2388/2388/2388
f 2391/2391/2391 2390/2390/2390 2388/2388/2388
f 2394/2394/2394 2393/2393/2393 2392/2392/2392
f 2393/2393/2393 2395/2395/2395 2392/2392/2392
f 2392/2392/2392 2395/2395/2395 2396/2396/2396
f 2395/2395/2395 2397/2397/2397 2396/2396/2396
f 2400/2400/2400 2399/2399/2399 2398/2398/2398
f 2401/2401/2401 2400/2400/2400 2398/2398/2398
f 2404/2404/2404 2403/2403/2403 2402/2402/2402
f 2403/2403/2403 2405/2405/2405 2402/2402/2402
f 2402/2402/2402 2405/2405/2405 2406/2406/2406
f 2405/2405/2405 2407/2407/2407 2406/2406/2406
f 2410/2410/2410 2409/2409/2409 2408/2408/2408
f 2409/2409/2409 2411/2411/2411 2408/2408/2408
f 2408/2408/2408 2411/2411/2411 2412/2412/2412
f 2411/2411/2411 2413/2413/2413 2412/2412/2412
f 2416/2416/2416 2415/2415/2415 2414/2414/2414
f 2417/2417/2417 2416/2416/2416 2414/2414/2414
f 2420/2420/2420 2419/2419/2419 2418/2418/2418
f 2421/2421/2421 2420/2420/2420 2418/2418/2418
f 2424/2424/2424 2423/2423/2423 2422/2422/2422
f 2425/2425/2425 2424/2424/2424 2422/2422/2422
f 2428/2428/2428 2427/2427/2427 2426/2426/2426
f 2429/2429/2429 2428/2428/2428 2426/2426/2426
f 2432/2432/2432 2431/2431/2431 2430/2430/2430
f 2433/2433/2433 2432/2432/2432 2430/2430/2430
f 2436/2436/2436 2435/2435/2435 2434/2434/2434
f 2437/2437/2437 2436/2436/2436 2434/2434/2434
f 2440/2440/2440 2439/2439/2439 2438/2438/2438
f 2441/2441/2441 2440/2440/2440 2438/2438/2438
f 2444/2444/2444 2443/2443/2443 2442/2442/2442
f 2445/2445/2445 2444/2444/2444 2442/2442/2442
f 2448/2448/2448 2447/2447/2447 2446/2446/2446
f 2449/2449/2449 2448/2448/2448 2446/2446/2446
f 2452/2452/2452 2451/2451/2451 2450/2450/2450
f 2453/2453/2453 2452/2452/2452 2450/2450/2450
f 2456/2456/2456 2455/2455/2455 2454/2454/2454
f 2457/2457/2457 2456/2456/2456 2454/2454/2454
f 2460/2460/2460 2459/2459/2459 2458/2458/2458
f 2461/2461/2461 2460/2460/2460 2458/2458/2458
f 2464/2464/2464 2463/2463/2463 2462/2462/2462
f 2465/2465/2465 2464/2464/2464 2462/2462/2462
f 2468/2468/2468 2467/2467/2467 2466/2466/2466
f 2469/2469/2469 2468/2468/2468 2466/2466/2466
f 2472/2472/2472 2471/2471/2471 2470/2470/2470
f 2473/2473/2473 2472/2472/2472 2470/2470/2470
f 2476/2476/2476 2475/2475/2475 2474/2474/2474
f 2477/2477/2477 2476/2476/2476 2474/2474/2474
f 2480/2480/2480 2479/2479/2479 2478/2478/2478
f 2481/2481/2481 2480/2480/2480 2478/2478/2478
f 2484/2484/2484 2483/2483/2483 2482/2482/2482
f 2485/2485/2485 2484/2484/2484 2482/2482/2482
f 2488/2488/2488 2487/2487/2487 2486/2486/2486
f 2489/2489/2489 2488/2488/2488 2486/2486/2486
f 2492/2492/2492 2491/2491/2491 2490/2490/2490
f 2493/2493/2493 2492/2492/2492 2490/2490/2490
f 2496/2496/2496 2495/2495/2495 2494/2494/2494
f 2497/2497/2497 2496/2496/2496 2494/2494/2494
f 2500/2500/2500 2499/2499/2499 2498/2498/2498
f 2501/2501/2501 2500/2500/2500 2498/2498/2498
f 2504/2504/2504 2503/2503/2503 2502/2502/2502
f 2505/2505/2505 2504/2504/2504 2502/2502/2502
f 2508/2508/2508 2507/2507/2507 2506/2506/2506
f 2509/2509/2509 2508/2508/2508 2506/2506/2506
g Totend Castle_1
f 2512/2512/2512 2511/2511/2511 2510/2510/2510
f 2515/2515/2515 2514/2514/2514 2513/2513/2513
f 2518/2518/2518 2517/2517/2517 2516/2516/2516
f 2517/2517/2517 2519/2519/2519 2516/2516/2516
f 2517/2517/2517 2520/2520/2520 2519/2519/2519
f 2516/2516/2516 2519/2519/2519 2521/2521/2521
f 2520/2520/2520 2522/2522/2522 2519/2519/2519
f 2519/2519/2519 2523/2523/2523 2521/2521/2521
f 2519/2519/2519 2522/2522/2522 2523/2523/2523
f 2522/2522/2522 2524/2524/2524 2523/2523/2523
f 2521/2521/2521 2523/2523/2523 2525/2525/2525
f 2523/2523/2523 2524/2524/2524 2526/2526/2526
f 2523/2523/2523 2526/2526/2526 2525/2525/2525
f 2524/2524/2524 2527/2527/2527 2526/2526/2526
f 2527/2527/2527 2528/2528/2528 2526/2526/2526
f 2526/2526/2526 2529/2529/2529 2525/2525/2525
f 2528/2528/2528 2529/2529/2529 2526/2526/2526
f 2529/2529/2529 2530/2530/2530 2525/2525/2525
f 2528/2528/2528 2531/2531/2531 2529/2529/2529
f 2529/2529/2529 2532/2532/2532 2530/2530/2530
f 2531/2531/2531 2532/2532/2532 2529/2529/2529
f 2531/2531/2531 2533/2533/2533 2532/2532/2532
f 2532/2532/2532 2534/2534/2534 2530/2530/2530
f 2533/2533/2533 2535/2535/2535 2532/2532/2532
f 2532/2532/2532 2535/2535/2535 2534/2534/2534
f 2535/2535/2535 2536/2536/2536 2534/2534/2534
f 2539/2539/2539 2538/2538/2538 2537/2537/2537
f 2540/2540/2540 2539/2539/2539 2537/2537/2537
f 2540/2540/2540 2537/2537/2537 2541/2541/2541
f 2542/2542/2542 2539/2539/2539 2540/2540/2540
f 2543/2543/2543 2540/2540/2540 2541/2541/2541
f 2544/2544/2544 2542/2542/2542 2540/2540/2540
f 2544/2544/2544 2540/2540/2540 2543/2543/2543
f 2545/2545/2545 2544/2544/2544 2543/2543/2543
f 2548/2548/2548 2547/2547/2547 2546/2546/2546
f 2546/2546/2546 2549/2549/2549 2548/2548/2548
f 2549/2549/2549 2550/2550/2550 2548/2548/2548
f 2553/2553/2553 2552/2552/2552 2551/2551/2551
f 2554/2554/2554 2553/2553/2553 2551/2551/2551
f 2551/2551/2551 2555/2555/2555 2554/2554/2554
f 2555/2555/2555 2556/2556/2556 2554/2554/2554
f 2554/2554/2554 2556/2556/2556 2553/2553/2553
f 2556/2556/2556 2557/2557/2557 2553/2553/2553
f 2560/2560/2560 2559/2559/2559 2558/2558/2558
f 2561/2561/2561 2560/2560/2560 2558/2558/2558
f 2564/2564/2564 2563/2563/2563 2562/2562/2562
f 2565/2565/2565 2564/2564/2564 2562/2562/2562
f 2564/2564/2564 2567/2567/2567 2566/2566/2566
f 2567/2567/2567 2568/2568/2568 2566/2566/2566
f 2571/2571/2571 2570/2570/2570 2569/2569/2569
f 2572/2572/2572 2571/2571/2571 2569/2569/2569
f 2574/2574/2574 2573/2573/2573 2572/2572/2572
f 2573/2573/2573 2575/2575/2575 2572/2572/2572
f 2576/2576/2576 2573/2573/2573 2574/2574/2574
f 2577/2577/2577 2576/2576/2576 2574/2574/2574
f 2578/2578/2578 2576/2576/2576 2577/2577/2577
f 2579/2579/2579 2578/2578/2578 2577/2577/2577
f 2578/2578/2578 2579/2579/2579 2580/2580/2580
f 2581/2581/2581 2578/2578/2578 2580/2580/2580
f 2581/2581/2581 2580/2580/2580 2582/2582/2582
f 2578/2578/2578 2583/2583/2583 2576/2576/2576
f 2583/2583/2583 2578/2578/2578 2581/2581/2581
f 2583/2583/2583 2584/2584/2584 2576/2576/2576
f 2576/2576/2576 2584/2584/2584 2573/2573/2573
f 2584/2584/2584 2585/2585/2585 2573/2573/2573
f 2573/2573/2573 2585/2585/2585 2575/2575/2575
f 2585/2585/2585 2586/2586/2586 2575/2575/2575
f 2575/2575/2575 2586/2586/2586 2587/2587/2587
f 2586/2586/2586 2588/2588/2588 2587/2587/2587
f 2587/2587/2587 2588/2588/2588 2589/2589/2589
f 2588/2588/2588 2590/2590/2590 2589/2589/2589
f 2589/2589/2589 2590/2590/2590 2591/2591/2591
f 2590/2590/2590 2592/2592/2592 2591/2591/2591
f 2593/2593/2593 2583/2583/2583 2581/2581/2581
f 2593/2593/2593 2581/2581/2581 2594/2594/2594
f 2594/2594/2594 2581/2581/2581 2582/2582/2582
f 2595/2595/2595 2593/2593/2593 2594/2594/2594
f 2594/2594/2594 2582/2582/2582 2596/2596/2596
f 2595/2595/2595 2594/2594/2594 2597/2597/2597
f 2597/2597/2597 2594/2594/2594 2596/2596/2596
f 2598/2598/2598 2595/2595/2595 2597/2597/2597
f 2598/2598/2598 2597/2597/2597 2599/2599/2599
f 2600/2600/2600 2598/2598/2598 2599/2599/2599
f 2600/2600/2600 2599/2599/2599 2601/2601/2601
f 2602/2602/2602 2600/2600/2600 2601/2601/2601
f 2602/2602/2602 2601/2601/2601 2603/2603/2603
f 2604/2604/2604 2602/2602/2602 2603/2603/2603
f 2606/2606/2606 2596/2596/2596 2605/2605/2605
f 2607/2607/2607 2606/2606/2606 2605/2605/2605
f 2603/2603/2603 2609/2609/2609 2608/2608/2608
f 2609/2609/2609 2610/2610/2610 2608/2608/2608
f 2609/2609/2609 2612/2612/2612 2611/2611/2611
f 2612/2612/2612 2613/2613/2613 2611/2611/2611
f 2616/2616/2616 2615/2615/2615 2614/2614/2614
f 2617/2617/2617 2616/2616/2616 2614/2614/2614
f 2620/2620/2620 2619/2619/2619 2618/2618/2618
f 2619/2619/2619 2621/2621/2621 2618/2618/2618
f 2619/2619/2619 2622/2622/2622 2621/2621/2621
f 2622/2622/2622 2623/2623/2623 2621/2621/2621
f 2621/2621/2621 2625/2625/2625 2624/2624/2624
f 2626/2626/2626 2621/2621/2621 2624/2624/2624
f 2621/2621/2621 2628/2628/2628 2627/2627/2627
f 2628/2628/2628 2629/2629/2629 2627/2627/2627
f 2632/2632/2632 2631/2631/2631 2630/2630/2630
f 2633/2633/2633 2632/2632/2632 2630/2630/2630
f 2636/2636/2636 2635/2635/2635 2634/2634/2634
f 2637/2637/2637 2636/2636/2636 2634/2634/2634
f 2638/2638/2638 2636/2636/2636 2637/2637/2637
f 2639/2639/2639 2638/2638/2638 2637/2637/2637
f 2634/2634/2634 2641/2641/2641 2640/2640/2640
f 2641/2641/2641 2642/2642/2642 2640/2640/2640
f 2641/2641/2641 2643/2643/2643 2642/2642/2642
f 2643/2643/2643 2644/2644/2644 2642/2642/2642
f 2643/2643/2643 2646/2646/2646 2645/2645/2645
f 2646/2646/2646 2647/2647/2647 2645/2645/2645
f 2645/2645/2645 2647/2647/2647 2648/2648/2648
f 2647/2647/2647 2649/2649/2649 2648/2648/2648
f 2652/2652/2652 2651/2651/2651 2650/2650/2650
f 2653/2653/2653 2652/2652/2652 2650/2650/2650
f 2656/2656/2656 2655/2655/2655 2654/2654/2654
f 2657/2657/2657 2656/2656/2656 2654/2654/2654
f 2656/2656/2656 2659/2659/2659 2658/2658/2658
f 2659/2659/2659 2660/2660/2660 2658/2658/2658
f 2663/2663/2663 2662/2662/2662 2661/2661/2661
f 2662/2662/2662 2664/2664/2664 2661/2661/2661
f 2661/2661/2661 2664/2664/2664 2665/2665/2665
f 2664/2664/2664 2666/2666/2666 2665/2665/2665
f 2662/2662/2662 2667/2667/2667 2664/2664/2664
f 2667/2667/2667 2668/2668/2668 2664/2664/2664
f 2667/2667/2667 2669/2669/2669 2668/2668/2668
f 2669/2669/2669 2670/2670/2670 2668/2668/2668
f 2668/2668/2668 2670/2670/2670 2671/2671/2671
f 2670/2670/2670 2672/2672/2672 2671/2671/2671
f 2668/2668/2668 2674/2674/2674 2673/2673/2673
f 2675/2675/2675 2668/2668/2668 2673/2673/2673
f 2678/2678/2678 2677/2677/2677 2676/2676/2676
f 2679/2679/2679 2678/2678/2678 2676/2676/2676
f 2682/2682/2682 2681/2681/2681 2680/2680/2680
f 2681/2681/2681 2683/2683/2683 2680/2680/2680
f 2680/2680/2680 2683/2683/2683 2684/2684/2684
f 2683/2683/2683 2685/2685/2685 2684/2684/2684
f 2684/2684/2684 2687/2687/2687 2686/2686/2686
f 2687/2687/2687 2688/2688/2688 2686/2686/2686
f 2690/2690/2690 2681/2681/2681 2689/2689/2689
f 2691/2691/2691 2690/2690/2690 2689/2689/2689
f 2692/2692/2692 2690/2690/2690 2691/2691/2691
f 2693/2693/2693 2692/2692/2692 2691/2691/2691
f 2695/2695/2695 2694/2694/2694 2693/2693/2693
f 2696/2696/2696 2695/2695/2695 2693/2693/2693
f 2695/2695/2695 2696/2696/2696 2697/2697/2697
f 2698/2698/2698 2695/2695/2695 2697/2697/2697
f 2700/2700/2700 2697/2697/2697 2699/2699/2699
f 2701/2701/2701 2700/2700/2700 2699/2699/2699
f 2701/2701/2701 2699/2699/2699 2702/2702/2702
f 2703/2703/2703 2701/2701/2701 2702/2702/2702
f 2703/2703/2703 2705/2705/2705 2704/2704/2704
f 2706/2706/2706 2703/2703/2703 2704/2704/2704
f 2706/2706/2706 2704/2704/2704 2707/2707/2707
f 2708/2708/2708 2706/2706/2706 2707/2707/2707
f 2710/2710/2710 2707/2707/2707 2709/2709/2709
f 2711/2711/2711 2710/2710/2710 2709/2709/2709
f 2714/2714/2714 2713/2713/2713 2712/2712/2712
f 2715/2715/2715 2714/2714/2714 2712/2712/2712
f 2718/2718/2718 2717/2717/2717 2716/2716/2716
f 2719/2719/2719 2718/2718/2718 2716/2716/2716
f 2720/2720/2720 2718/2718/2718 2719/2719/2719
f 2719/2719/2719 2716/2716/2716 2721/2721/2721
f 2722/2722/2722 2720/2720/2720 2719/2719/2719
f 2723/2723/2723 2720/2720/2720 2722/2722/2722
f 2724/2724/2724 2719/2719/2719 2721/2721/2721
f 2722/2722/2722 2719/2719/2719 2724/2724/2724
f 2725/2725/2725 2723/2723/2723 2722/2722/2722
f 2726/2726/2726 2723/2723/2723 2725/2725/2725
f 2727/2727/2727 2726/2726/2726 2725/2725/2725
f 2725/2725/2725 2722/2722/2722 2728/2728/2728
f 2728/2728/2728 2722/2722/2722 2724/2724/2724
f 2727/2727/2727 2725/2725/2725 2729/2729/2729
f 2729/2729/2729 2725/2725/2725 2728/2728/2728
f 2730/2730/2730 2727/2727/2727 2729/2729/2729
f 2731/2731/2731 2730/2730/2730 2729/2729/2729
f 2732/2732/2732 2731/2731/2731 2729/2729/2729
f 2732/2732/2732 2729/2729/2729 2728/2728/2728
f 2733/2733/2733 2732/2732/2732 2728/2728/2728
f 2733/2733/2733 2728/2728/2728 2734/2734/2734
f 2728/2728/2728 2724/2724/2724 2734/2734/2734
f 2734/2734/2734 2724/2724/2724 2735/2735/2735
f 2724/2724/2724 2721/2721/2721 2735/2735/2735
f 2735/2735/2735 2721/2721/2721 2736/2736/2736
f 2721/2721/2721 2737/2737/2737 2736/2736/2736
f 2721/2721/2721 2738/2738/2738 2737/2737/2737
f 2736/2736/2736 2737/2737/2737 2739/2739/2739
f 2738/2738/2738 2740/2740/2740 2737/2737/2737
f 2737/2737/2737 2741/2741/2741 2739/2739/2739
f 2737/2737/2737 2740/2740/2740 2741/2741/2741
f 2739/2739/2739 2741/2741/2741 2742/2742/2742
f 2741/2741/2741 2743/2743/2743 2742/2742/2742
f 2743/2743/2743 2744/2744/2744 2742/2742/2742
f 2744/2744/2744 2745/2745/2745 2742/2742/2742
f 2741/2741/2741 2746/2746/2746 2743/2743/2743
f 2740/2740/2740 2746/2746/2746 2741/2741/2741
f 2746/2746/2746 2747/2747/2747 2743/2743/2743
f 2740/2740/2740 2748/2748/2748 2746/2746/2746
f 2748/2748/2748 2749/2749/2749 2746/2746/2746
f 2750/2750/2750 2748/2748/2748 2740/2740/2740
f 2716/2716/2716 2750/2750/2750 2740/2740/2740
f 2744/2744/2744 2751/2751/2751 2745/2745/2745
f 2751/2751/2751 2752/2752/2752 2745/2745/2745
f 2751/2751/2751 2753/2753/2753 2752/2752/2752
f 2753/2753/2753 2754/2754/2754 2752/2752/2752
f 2755/2755/2755 2753/2753/2753 2751/2751/2751
f 2756/2756/2756 2755/2755/2755 2751/2751/2751
f 2756/2756/2756 2751/2751/2751 2744/2744/2744
f 2753/2753/2753 2757/2757/2757 2754/2754/2754
f 2757/2757/2757 2758/2758/2758 2754/2754/2754
f 2759/2759/2759 2756/2756/2756 2744/2744/2744
f 2759/2759/2759 2744/2744/2744 2760/2760/2760
f 2761/2761/2761 2759/2759/2759 2760/2760/2760
f 2762/2762/2762 2756/2756/2756 2759/2759/2759
f 2763/2763/2763 2762/2762/2762 2759/2759/2759
f 2762/2762/2762 2764/2764/2764 2756/2756/2756
f 2764/2764/2764 2765/2765/2765 2756/2756/2756
f 2765/2765/2765 2766/2766/2766 2753/2753/2753
f 2766/2766/2766 2757/2757/2757 2753/2753/2753
f 2757/2757/2757 2767/2767/2767 2758/2758/2758
f 2767/2767/2767 2768/2768/2768 2758/2758/2758
f 2769/2769/2769 2768/2768/2768 2767/2767/2767
f 2770/2770/2770 2766/2766/2766 2765/2765/2765
f 2771/2771/2771 2770/2770/2770 2765/2765/2765
f 2770/2770/2770 2772/2772/2772 2766/2766/2766
f 2766/2766/2766 2773/2773/2773 2757/2757/2757
f 2772/2772/2772 2773/2773/2773 2766/2766/2766
f 2773/2773/2773 2767/2767/2767 2757/2757/2757
f 2772/2772/2772 2774/2774/2774 2773/2773/2773
f 2774/2774/2774 2775/2775/2775 2773/2773/2773
f 2773/2773/2773 2775/2775/2775 2767/2767/2767
f 2774/2774/2774 2776/2776/2776 2775/2775/2775
f 2776/2776/2776 2777/2777/2777 2775/2775/2775
f 2778/2778/2778 2769/2769/2769 2767/2767/2767
f 2775/2775/2775 2778/2778/2778 2767/2767/2767
f 2775/2775/2775 2777/2777/2777 2778/2778/2778
f 2779/2779/2779 2769/2769/2769 2778/2778/2778
f 2777/2777/2777 2780/2780/2780 2778/2778/2778
f 2780/2780/2780 2779/2779/2779 2778/2778/2778
f 2783/2783/2783 2782/2782/2782 2781/2781/2781
f 2782/2782/2782 2784/2784/2784 2781/2781/2781
f 2781/2781/2781 2784/2784/2784 2785/2785/2785
f 2784/2784/2784 2786/2786/2786 2785/2785/2785
f 2785/2785/2785 2786/2786/2786 2787/2787/2787
f 2786/2786/2786 2788/2788/2788 2787/2787/2787
f 2787/2787/2787 2788/2788/2788 2789/2789/2789
f 2788/2788/2788 2790/2790/2790 2789/2789/2789
f 2793/2793/2793 2792/2792/2792 2791/2791/2791
f 2794/2794/2794 2793/2793/2793 2791/2791/2791
f 2797/2797/2797 2796/2796/2796 2795/2795/2795
f 2798/2798/2798 2797/2797/2797 2795/2795/2795
f 2801/2801/2801 2800/2800/2800 2799/2799/2799
f 2802/2802/2802 2801/2801/2801 2799/2799/2799
f 2805/2805/2805 2804/2804/2804 2803/2803/2803
f 2804/2804/2804 2806/2806/2806 2803/2803/2803
f 2803/2803/2803 2806/2806/2806 2807/2807/2807
f 2806/2806/2806 2808/2808/2808 2807/2807/2807
f 2810/2810/2810 2804/2804/2804 2809/2809/2809
f 2811/2811/2811 2810/2810/2810 2809/2809/2809
f 2813/2813/2813 2808/2808/2808 2812/2812/2812
f 2808/2808/2808 2814/2814/2814 2812/2812/2812
f 2812/2812/2812 2814/2814/2814 2815/2815/2815
f 2814/2814/2814 2816/2816/2816 2815/2815/2815
f 2815/2815/2815 2816/2816/2816 2817/2817/2817
f 2816/2816/2816 2818/2818/2818 2817/2817/2817
f 2815/2815/2815 2820/2820/2820 2819/2819/2819
f 2821/2821/2821 2815/2815/2815 2819/2819/2819
f 2821/2821/2821 2819/2819/2819 2822/2822/2822
f 2823/2823/2823 2821/2821/2821 2822/2822/2822
f 2823/2823/2823 2822/2822/2822 2824/2824/2824
f 2825/2825/2825 2823/2823/2823 2824/2824/2824
f 2826/2826/2826 2823/2823/2823 2825/2825/2825
f 2827/2827/2827 2826/2826/2826 2825/2825/2825
f 2828/2828/2828 2826/2826/2826 2827/2827/2827
f 2829/2829/2829 2828/2828/2828 2827/2827/2827
f 2832/2832/2832 2831/2831/2831 2830/2830/2830
f 2831/2831/2831 2833/2833/2833 2830/2830/2830
f 2834/2834/2834 2830/2830/2830 2833/2833/2833
f 2837/2837/2837 2836/2836/2836 2835/2835/2835
f 2838/2838/2838 2837/2837/2837 2835/2835/2835
f 2841/2841/2841 2840/2840/2840 2839/2839/2839
f 2842/2842/2842 2841/2841/2841 2839/2839/2839
f 2843/2843/2843 2841/2841/2841 2842/2842/2842
f 2844/2844/2844 2843/2843/2843 2842/2842/2842
f 2846/2846/2846 2749/2749/2749 2845/2845/2845
f 2749/2749/2749 2847/2847/2847 2845/2845/2845
f 2847/2847/2847 2763/2763/2763 2845/2845/2845
f 2763/2763/2763 2848/2848/2848 2845/2845/2845
f 2851/2851/2851 2850/2850/2850 2849/2849/2849
f 2852/2852/2852 2851/2851/2851 2849/2849/2849
f 2855/2855/2855 2854/2854/2854 2853/2853/2853
f 2854/2854/2854 2856/2856/2856 2853/2853/2853
f 2853/2853/2853 2856/2856/2856 2857/2857/2857
f 2856/2856/2856 2858/2858/2858 2857/2857/2857
f 2857/2857/2857 2858/2858/2858 2859/2859/2859
f 2858/2858/2858 2860/2860/2860 2859/2859/2859
f 2859/2859/2859 2860/2860/2860 2861/2861/2861
f 2860/2860/2860 2862/2862/2862 2861/2861/2861
f 2861/2861/2861 2862/2862/2862 2863/2863/2863
f 2862/2862/2862 2864/2864/2864 2863/2863/2863
f 2863/2863/2863 2864/2864/2864 2865/2865/2865
f 2864/2864/2864 2866/2866/2866 2865/2865/2865
f 2869/2869/2869 2868/2868/2868 2867/2867/2867
f 2870/2870/2870 2869/2869/2869 2867/2867/2867
f 2873/2873/2873 2872/2872/2872 2871/2871/2871
f 2873/2873/2873 2874/2874/2874 2872/2872/2872
f 2874/2874/2874 2875/2875/2875 2872/2872/2872
f 2878/2878/2878 2877/2877/2877 2876/2876/2876
f 2879/2879/2879 2878/2878/2878 2876/2876/2876
f 2881/2881/2881 2876/2876/2876 2880/2880/2880
f 2882/2882/2882 2881/2881/2881 2880/2880/2880
f 2885/2885/2885 2884/2884/2884 2883/2883/2883
f 2884/2884/2884 2591/2591/2591 2883/2883/2883
f 2887/2887/2887 2884/2884/2884 2886/2886/2886
f 2888/2888/2888 2887/2887/2887 2886/2886/2886
f 2891/2891/2891 2890/2890/2890 2889/2889/2889
f 2892/2892/2892 2891/2891/2891 2889/2889/2889
f 2894/2894/2894 2889/2889/2889 2893/2893/2893
f 2895/2895/2895 2894/2894/2894 2893/2893/2893
f 2898/2898/2898 2897/2897/2897 2896/2896/2896
f 2899/2899/2899 2898/2898/2898 2896/2896/2896
f 2902/2902/2902 2901/2901/2901 2900/2900/2900
f 2901/2901/2901 2903/2903/2903 2900/2900/2900
f 2901/2901/2901 2904/2904/2904 2903/2903/2903
f 2904/2904/2904 2905/2905/2905 2903/2903/2903
f 2908/2908/2908 2907/2907/2907 2906/2906/2906
f 2907/2907/2907 2909/2909/2909 2906/2906/2906
f 2907/2907/2907 2910/2910/2910 2909/2909/2909
f 2910/2910/2910 2911/2911/2911 2909/2909/2909
f 2909/2909/2909 2911/2911/2911 2912/2912/2912
f 2911/2911/2911 2913/2913/2913 2912/2912/2912
f 2909/2909/2909 2912/2912/2912 2914/2914/2914
f 2906/2906/2906 2909/2909/2909 2914/2914/2914
f 2906/2906/2906 2914/2914/2914 2915/2915/2915
f 2916/2916/2916 2906/2906/2906 2915/2915/2915
f 2917/2917/2917 2906/2906/2906 2916/2916/2916
f 2918/2918/2918 2917/2917/2917 2916/2916/2916
f 2919/2919/2919 2917/2917/2917 2918/2918/2918
f 2920/2920/2920 2919/2919/2919 2918/2918/2918
f 2923/2923/2923 2922/2922/2922 2921/2921/2921
f 2922/2922/2922 2924/2924/2924 2921/2921/2921
f 2922/2922/2922 2925/2925/2925 2924/2924/2924
f 2925/2925/2925 2926/2926/2926 2924/2924/2924
f 2929/2929/2929 2928/2928/2928 2927/2927/2927
f 2928/2928/2928 2930/2930/2930 2927/2927/2927
f 2928/2928/2928 2931/2931/2931 2930/2930/2930
f 2931/2931/2931 2932/2932/2932 2930/2930/2930
f 2935/2935/2935 2934/2934/2934 2933/2933/2933
f 2934/2934/2934 2936/2936/2936 2933/2933/2933
f 2934/2934/2934 2937/2937/2937 2936/2936/2936
f 2937/2937/2937 2938/2938/2938 2936/2936/2936
f 2941/2941/2941 2940/2940/2940 2939/2939/2939
f 2940/2940/2940 2942/2942/2942 2939/2939/2939
f 2939/2939/2939 2942/2942/2942 2943/2943/2943
f 2940/2940/2940 2944/2944/2944 2942/2942/2942
f 2942/2942/2942 2945/2945/2945 2943/2943/2943
f 2944/2944/2944 2946/2946/2946 2942/2942/2942
f 2942/2942/2942 2946/2946/2946 2945/2945/2945
f 2946/2946/2946 2947/2947/2947 2945/2945/2945
f 2950/2950/2950 2949/2949/2949 2948/2948/2948
f 2949/2949/2949 2951/2951/2951 2948/2948/2948
f 2948/2948/2948 2951/2951/2951 2952/2952/2952
f 2951/2951/2951 2953/2953/2953 2952/2952/2952
f 2956/2956/2956 2955/2955/2955 2954/2954/2954
f 2957/2957/2957 2956/2956/2956 2954/2954/2954
f 2954/2954/2954 2959/2959/2959 2958/2958/2958
f 2959/2959/2959 2960/2960/2960 2958/2958/2958
f 2958/2958/2958 2960/2960/2960 2961/2961/2961
f 2960/2960/2960 2962/2962/2962 2961/2961/2961
f 2965/2965/2965 2964/2964/2964 2963/2963/2963
f 2966/2966/2966 2965/2965/2965 2963/2963/2963
f 2969/2969/2969 2968/2968/2968 2967/2967/2967
f 2970/2970/2970 2969/2969/2969 2967/2967/2967
f 2973/2973/2973 2972/2972/2972 2971/2971/2971
f 2974/2974/2974 2973/2973/2973 2971/2971/2971
f 2977/2977/2977 2976/2976/2976 2975/2975/2975
f 2978/2978/2978 2977/2977/2977 2975/2975/2975
f 2981/2981/2981 2980/2980/2980 2979/2979/2979
f 2982/2982/2982 2981/2981/2981 2979/2979/2979
f 2985/2985/2985 2984/2984/2984 2983/2983/2983
f 2986/2986/2986 2985/2985/2985 2983/2983/2983
f 2986/2986/2986 2983/2983/2983 2987/2987/2987
f 2988/2988/2988 2986/2986/2986 2987/2987/2987
f 2988/2988/2988 2987/2987/2987 2989/2989/2989
f 2990/2990/2990 2988/2988/2988 2989/2989/2989
f 2993/2993/2993 2992/2992/2992 2991/2991/2991
f 2994/2994/2994 2993/2993/2993 2991/2991/2991
f 2997/2997/2997 2996/2996/2996 2995/2995/2995
f 2998/2998/2998 2997/2997/2997 2995/2995/2995
f 3001/3001/3001 3000/3000/3000 2999/2999/2999
f 3002/3002/3002 3001/3001/3001 2999/2999/2999
f 3005/3005/3005 3004/3004/3004 3003/3003/3003
f 3006/3006/3006 3005/3005/3005 3003/3003/3003
f 3009/3009/3009 3008/3008/3008 3007/3007/3007
f 3010/3010/3010 3009/3009/3009 3007/3007/3007
f 3012/3012/3012 3007/3007/3007 3011/3011/3011
f 3013/3013/3013 3012/3012/3012 3011/3011/3011
f 3016/3016/3016 3015/3015/3015 3014/3014/3014
f 3017/3017/3017 3016/3016/3016 3014/3014/3014
f 3017/3017/3017 3014/3014/3014 3018/3018/3018
f 3018/3018/3018 3019/3019/3019 3017/3017/3017
f 3020/3020/3020 3016/3016/3016 3017/3017/3017
f 3019/3019/3019 3021/3021/3021 3017/3017/3017
f 3022/3022/3022 3020/3020/3020 3017/3017/3017
f 3023/3023/3023 3017/3017/3017 3021/3021/3021
f 3024/3024/3024 3020/3020/3020 3022/3022/3022
f 3025/3025/3025 3023/3023/3023 3021/3021/3021
f 3026/3026/3026 3024/3024/3024 3022/3022/3022
f 3026/3026/3026 3023/3023/3023 3025/3025/3025
f 3027/3027/3027 3026/3026/3026 3025/3025/3025
f 3028/3028/3028 3024/3024/3024 3026/3026/3026
f 3029/3029/3029 3026/3026/3026 3027/3027/3027
f 3029/3029/3029 3028/3028/3028 3026/3026/3026
f 3030/3030/3030 3029/3029/3029 3027/3027/3027
f 3028/3028/3028 3029/3029/3029 3031/3031/3031
f 3032/3032/3032 3028/3028/3028 3031/3031/3031
f 3032/3032/3032 3031/3031/3031 3033/3033/3033
f 3034/3034/3034 3032/3032/3032 3033/3033/3033
f 3034/3034/3034 3033/3033/3033 3035/3035/3035
f 3036/3036/3036 3034/3034/3034 3035/3035/3035
f 3036/3036/3036 3035/3035/3035 3037/3037/3037
f 3038/3038/3038 3036/3036/3036 3037/3037/3037
f 3039/3039/3039 3037/3037/3037 3035/3035/3035
f 3039/3039/3039 3040/3040/3040 3037/3037/3037
f 3035/3035/3035 3041/3041/3041 3039/3039/3039
f 3035/3035/3035 3042/3042/3042 3041/3041/3041
f 3042/3042/3042 3043/3043/3043 3041/3041/3041
f 3042/3042/3042 3044/3044/3044 3043/3043/3043
f 3044/3044/3044 3045/3045/3045 3043/3043/3043
f 3044/3044/3044 3046/3046/3046 3045/3045/3045
f 3046/3046/3046 3030/3030/3030 3045/3045/3045
f 3049/3049/3049 3048/3048/3048 3047/3047/3047
f 3050/3050/3050 3049/3049/3049 3047/3047/3047
f 3052/3052/3052 3047/3047/3047 3051/3051/3051
f 3053/3053/3053 3052/3052/3052 3051/3051/3051
f 3056/3056/3056 3055/3055/3055 3054/3054/3054
f 3057/3057/3057 3056/3056/3056 3054/3054/3054
f 3060/3060/3060 3059/3059/3059 3058/3058/3058
f 3059/3059/3059 3061/3061/3061 3058/3058/3058
f 3059/3059/3059 3062/3062/3062 3061/3061/3061
f 3062/3062/3062 3063/3063/3063 3061/3061/3061
f 3062/3062/3062 3064/3064/3064 3063/3063/3063
f 3064/3064/3064 3065/3065/3065 3063/3063/3063
f 3068/3068/3068 3067/3067/3067 3066/3066/3066
f 3069/3069/3069 3068/3068/3068 3066/3066/3066
f 3072/3072/3072 3071/3071/3071 3070/3070/3070
f 3073/3073/3073 3072/3072/3072 3070/3070/3070
f 3076/3076/3076 3075/3075/3075 3074/3074/3074
f 3075/3075/3075 3077/3077/3077 3074/3074/3074
f 3074/3074/3074 3077/3077/3077 3078/3078/3078
f 3077/3077/3077 3079/3079/3079 3078/3078/3078
f 3078/3078/3078 3079/3079/3079 3080/3080/3080
f 3079/3079/3079 3081/3081/3081 3080/3080/3080
f 3080/3080/3080 3081/3081/3081 3082/3082/3082
f 3081/3081/3081 3083/3083/3083 3082/3082/3082
f 3083/3083/3083 3084/3084/3084 3082/3082/3082
f 3084/3084/3084 3085/3085/3085 3082/3082/3082
f 3084/3084/3084 3086/3086/3086 3085/3085/3085
f 3086/3086/3086 3087/3087/3087 3085/3085/3085
f 3086/3086/3086 3088/3088/3088 3087/3087/3087
f 3088/3088/3088 3089/3089/3089 3087/3087/3087
f 3088/3088/3088 3090/3090/3090 3089/3089/3089
f 3090/3090/3090 3091/3091/3091 3089/3089/3089
f 3094/3094/3094 3093/3093/3093 3092/3092/3092
f 3095/3095/3095 3094/3094/3094 3092/3092/3092
f 3098/3098/3098 3097/3097/3097 3096/3096/3096
f 3099/3099/3099 3098/3098/3098 3096/3096/3096
f 3102/3102/3102 3101/3101/3101 3100/3100/3100
f 3103/3103/3103 3102/3102/3102 3100/3100/3100
f 3106/3106/3106 3105/3105/3105 3104/3104/3104
f 3107/3107/3107 3106/3106/3106 3104/3104/3104
f 3110/3110/3110 3109/3109/3109 3108/3108/3108
f 3111/3111/3111 3110/3110/3110 3108/3108/3108
f 3111/3111/3111 3108/3108/3108 3112/3112/3112
f 3113/3113/3113 3111/3111/3111 3112/3112/3112
f 3116/3116/3116 3115/3115/3115 3114/3114/3114
f 3117/3117/3117 3116/3116/3116 3114/3114/3114
f 3120/3120/3120 3119/3119/3119 3118/3118/3118
f 3121/3121/3121 3120/3120/3120 3118/3118/3118
f 3124/3124/3124 3123/3123/3123 3122/3122/3122
f 3125/3125/3125 3124/3124/3124 3122/3122/3122
f 3128/3128/3128 3127/3127/3127 3126/3126/3126
f 3129/3129/3129 3128/3128/3128 3126/3126/3126
f 3132/3132/3132 3131/3131/3131 3130/3130/3130
f 3133/3133/3133 3132/3132/3132 3130/3130/3130
f 3135/3135/3135 3130/3130/3130 3134/3134/3134
f 3136/3136/3136 3135/3135/3135 3134/3134/3134
f 3136/3136/3136 3138/3138/3138 3137/3137/3137
f 3139/3139/3139 3136/3136/3136 3137/3137/3137
f 3142/3142/3142 3141/3141/3141 3140/3140/3140
f 3141/3141/3141 3143/3143/3143 3140/3140/3140
f 3140/3140/3140 3143/3143/3143 3144/3144/3144
f 3143/3143/3143 3145/3145/3145 3144/3144/3144
f 3144/3144/3144 3145/3145/3145 3146/3146/3146
f 3145/3145/3145 3147/3147/3147 3146/3146/3146
f 3150/3150/3150 3149/3149/3149 3148/3148/3148
f 3151/3151/3151 3150/3150/3150 3148/3148/3148
f 3154/3154/3154 3153/3153/3153 3152/3152/3152
f 3153/3153/3153 3155/3155/3155 3152/3152/3152
f 3152/3152/3152 3155/3155/3155 3156/3156/3156
f 3155/3155/3155 3157/3157/3157 3156/3156/3156
f 3156/3156/3156 3157/3157/3157 3158/3158/3158
f 3157/3157/3157 3159/3159/3159 3158/3158/3158
f 3158/3158/3158 3159/3159/3159 3160/3160/3160
f 3159/3159/3159 3161/3161/3161 3160/3160/3160
f 3160/3160/3160 3161/3161/3161 3162/3162/3162
f 3161/3161/3161 3163/3163/3163 3162/3162/3162
f 3163/3163/3163 3164/3164/3164 3162/3162/3162
f 3164/3164/3164 3165/3165/3165 3162/3162/3162
f 3164/3164/3164 3166/3166/3166 3165/3165/3165
f 3166/3166/3166 3167/3167/3167 3165/3165/3165
f 3166/3166/3166 3168/3168/3168 3167/3167/3167
f 3168/3168/3168 3169/3169/3169 3167/3167/3167
f 3168/3168/3168 3170/3170/3170 3169/3169/3169
f 3170/3170/3170 3171/3171/3171 3169/3169/3169
f 3170/3170/3170 3172/3172/3172 3171/3171/3171
f 3172/3172/3172 3173/3173/3173 3171/3171/3171
f 3176/3176/3176 3175/3175/3175 3174/3174/3174
f 3177/3177/3177 3176/3176/3176 3174/3174/3174
f 3180/3180/3180 3179/3179/3179 3178/3178/3178
f 3181/3181/3181 3180/3180/3180 3178/3178/3178
f 3184/3184/3184 3183/3183/3183 3182/3182/3182
f 3185/3185/3185 3184/3184/3184 3182/3182/3182
f 3187/3187/3187 3184/3184/3184 3186/3186/3186
f 3188/3188/3188 3187/3187/3187 3186/3186/3186
f 3191/3191/3191 3190/3190/3190 3189/3189/3189
f 3192/3192/3192 3191/3191/3191 3189/3189/3189
f 3194/3194/3194 3189/3189/3189 3193/3193/3193
f 3195/3195/3195 3194/3194/3194 3193/3193/3193
f 3198/3198/3198 3197/3197/3197 3196/3196/3196
f 3199/3199/3199 3198/3198/3198 3196/3196/3196
f 3200/3200/3200 3198/3198/3198 3199/3199/3199
f 3201/3201/3201 3200/3200/3200 3199/3199/3199
f 3200/3200/3200 3201/3201/3201 3202/3202/3202
f 3203/3203/3203 3200/3200/3200 3202/3202/3202
f 3203/3203/3203 3202/3202/3202 3204/3204/3204
f 3205/3205/3205 3203/3203/3203 3204/3204/3204
f 3208/3208/3208 3207/3207/3207 3206/3206/3206
f 3209/3209/3209 3208/3208/3208 3206/3206/3206
f 3212/3212/3212 3211/3211/3211 3210/3210/3210
f 3213/3213/3213 3212/3212/3212 3210/3210/3210
f 3216/3216/3216 3215/3215/3215 3214/3214/3214
f 3215/3215/3215 3217/3217/3217 3214/3214/3214
f 3215/3215/3215 3218/3218/3218 3217/3217/3217
f 3218/3218/3218 3219/3219/3219 3217/3217/3217
f 3218/3218/3218 3220/3220/3220 3219/3219/3219
f 3220/3220/3220 3221/3221/3221 3219/3219/3219
f 3220/3220/3220 3222/3222/3222 3221/3221/3221
f 3222/3222/3222 3223/3223/3223 3221/3221/3221
f 3222/3222/3222 3224/3224/3224 3223/3223/3223
f 3224/3224/3224 3225/3225/3225 3223/3223/3223
f 3224/3224/3224 3226/3226/3226 3225/3225/3225
f 3226/3226/3226 3227/3227/3227 3225/3225/3225
f 3230/3230/3230 3229/3229/3229 3228/3228/3228
f 3231/3231/3231 3230/3230/3230 3228/3228/3228
f 3231/3231/3231 3228/3228/3228 3232/3232/3232
f 3233/3233/3233 3231/3231/3231 3232/3232/3232
f 3233/3233/3233 3232/3232/3232 3234/3234/3234
f 3235/3235/3235 3233/3233/3233 3234/3234/3234
f 3235/3235/3235 3234/3234/3234 3236/3236/3236
f 3237/3237/3237 3235/3235/3235 3236/3236/3236
f 3237/3237/3237 3236/3236/3236 3238/3238/3238
f 3239/3239/3239 3237/3237/3237 3238/3238/3238
f 3239/3239/3239 3238/3238/3238 3240/3240/3240
f 3241/3241/3241 3239/3239/3239 3240/3240/3240
f 3244/3244/3244 3243/3243/3243 3242/3242/3242
f 3243/3243/3243 3245/3245/3245 3242/3242/3242
f 3243/3243/3243 3246/3246/3246 3245/3245/3245
f 3246/3246/3246 3247/3247/3247 3245/3245/3245
f 3246/3246/3246 3248/3248/3248 3247/3247/3247
f 3248/3248/3248 3249/3249/3249 3247/3247/3247
f 3248/3248/3248 3250/3250/3250 3249/3249/3249
f 3250/3250/3250 3251/3251/3251 3249/3249/3249
f 3250/3250/3250 3252/3252/3252 3251/3251/3251
f 3252/3252/3252 3253/3253/3253 3251/3251/3251
f 3252/3252/3252 3254/3254/3254 3253/3253/3253
f 3254/3254/3254 3255/3255/3255 3253/3253/3253
f 3258/3258/3258 3257/3257/3257 3256/3256/3256
f 3259/3259/3259 3258/3258/3258 3256/3256/3256
f 3259/3259/3259 3256/3256/3256 3260/3260/3260
f 3261/3261/3261 3259/3259/3259 3260/3260/3260
f 3261/3261/3261 3260/3260/3260 3262/3262/3262
f 3263/3263/3263 3261/3261/3261 3262/3262/3262
f 3263/3263/3263 3262/3262/3262 3264/3264/3264
f 3265/3265/3265 3263/3263/3263 3264/3264/3264
f 3265/3265/3265 3264/3264/3264 3266/3266/3266
f 3267/3267/3267 3265/3265/3265 3266/3266/3266
f 3267/3267/3267 3266/3266/3266 3268/3268/3268
f 3269/3269/3269 3267/3267/3267 3268/3268/3268
f 3269/3269/3269 3268/3268/3268 3270/3270/3270
f 3268/3268/3268 3271/3271/3271 3270/3270/3270
f 3272/3272/3272 3269/3269/3269 3270/3270/3270
f 3273/3273/3273 3272/3272/3272 3270/3270/3270
f 3273/3273/3273 3270/3270/3270 3274/3274/3274
f 3270/3270/3270 3275/3275/3275 3274/3274/3274
f 3272/3272/3272 3273/3273/3273 3276/3276/3276
f 3277/3277/3277 3272/3272/3272 3276/3276/3276
f 3277/3277/3277 3278/3278/3278 3272/3272/3272
f 3278/3278/3278 3279/3279/3279 3272/3272/3272
f 3278/3278/3278 3280/3280/3280 3279/3279/3279
f 3280/3280/3280 3281/3281/3281 3279/3279/3279
f 3280/3280/3280 3282/3282/3282 3281/3281/3281
f 3282/3282/3282 3283/3283/3283 3281/3281/3281
f 3282/3282/3282 3284/3284/3284 3283/3283/3283
f 3284/3284/3284 3285/3285/3285 3283/3283/3283
f 3284/3284/3284 3286/3286/3286 3285/3285/3285
f 3286/3286/3286 3287/3287/3287 3285/3285/3285
f 3286/3286/3286 3288/3288/3288 3287/3287/3287
f 3288/3288/3288 3289/3289/3289 3287/3287/3287
f 3292/3292/3292 3291/3291/3291 3290/3290/3290
f 3293/3293/3293 3292/3292/3292 3290/3290/3290
f 3296/3296/3296 3295/3295/3295 3294/3294/3294
f 3297/3297/3297 3296/3296/3296 3294/3294/3294
f 3300/3300/3300 3299/3299/3299 3298/3298/3298
f 3301/3301/3301 3300/3300/3300 3298/3298/3298
f 3301/3301/3301 3302/3302/3302 3300/3300/3300
f 3302/3302/3302 3301/3301/3301 3303/3303/3303
f 3304/3304/3304 3302/3302/3302 3303/3303/3303
f 3304/3304/3304 3305/3305/3305 3302/3302/3302
f 3305/3305/3305 3306/3306/3306 3302/3302/3302
f 3305/3305/3305 3307/3307/3307 3306/3306/3306
f 3307/3307/3307 3308/3308/3308 3306/3306/3306
f 3307/3307/3307 3309/3309/3309 3308/3308/3308
f 3309/3309/3309 3310/3310/3310 3308/3308/3308
f 3309/3309/3309 3311/3311/3311 3310/3310/3310
f 3311/3311/3311 3312/3312/3312 3310/3310/3310
f 3311/3311/3311 3313/3313/3313 3312/3312/3312
f 3313/3313/3313 3314/3314/3314 3312/3312/3312
f 3313/3313/3313 3315/3315/3315 3314/3314/3314
f 3315/3315/3315 3316/3316/3316 3314/3314/3314
f 3302/3302/3302 3317/3317/3317 3300/3300/3300
f 3317/3317/3317 3318/3318/3318 3300/3300/3300
f 3318/3318/3318 3319/3319/3319 3300/3300/3300
f 3317/3317/3317 3320/3320/3320 3318/3318/3318
f 3320/3320/3320 3321/3321/3321 3318/3318/3318
f 3320/3320/3320 3322/3322/3322 3321/3321/3321
f 3322/3322/3322 3323/3323/3323 3321/3321/3321
f 3322/3322/3322 3324/3324/3324 3323/3323/3323
f 3324/3324/3324 3325/3325/3325 3323/3323/3323
f 3324/3324/3324 3326/3326/3326 3325/3325/3325
f 3326/3326/3326 3327/3327/3327 3325/3325/3325
f 3326/3326/3326 3328/3328/3328 3327/3327/3327
f 3328/3328/3328 3329/3329/3329 3327/3327/3327
f 3328/3328/3328 3330/3330/3330 3329/3329/3329
f 3330/3330/3330 3331/3331/3331 3329/3329/3329
f 3334/3334/3334 3333/3333/3333 3332/3332/3332
f 3335/3335/3335 3334/3334/3334 3332/3332/3332
f 3335/3335/3335 3332/3332/3332 3336/3336/3336
f 3337/3337/3337 3335/3335/3335 3336/3336/3336
f 3337/3337/3337 3336/3336/3336 3338/3338/3338
f 3339/3339/3339 3337/3337/3337 3338/3338/3338
f 3339/3339/3339 3338/3338/3338 3340/3340/3340
f 3341/3341/3341 3339/3339/3339 3340/3340/3340
f 3341/3341/3341 3340/3340/3340 3342/3342/3342
f 3343/3343/3343 3341/3341/3341 3342/3342/3342
f 3343/3343/3343 3342/3342/3342 3344/3344/3344
f 3345/3345/3345 3343/3343/3343 3344/3344/3344
f 3348/3348/3348 3347/3347/3347 3346/3346/3346
f 3349/3349/3349 3348/3348/3348 3346/3346/3346
f 3349/3349/3349 3346/3346/3346 3350/3350/3350
f 3351/3351/3351 3349/3349/3349 3350/3350/3350
f 3351/3351/3351 3350/3350/3350 3352/3352/3352
f 3353/3353/3353 3351/3351/3351 3352/3352/3352
f 3353/3353/3353 3352/3352/3352 3354/3354/3354
f 3355/3355/3355 3353/3353/3353 3354/3354/3354
f 3355/3355/3355 3354/3354/3354 3356/3356/3356
f 3357/3357/3357 3355/3355/3355 3356/3356/3356
f 3357/3357/3357 3356/3356/3356 3358/3358/3358
f 3359/3359/3359 3357/3357/3357 3358/3358/3358
f 3362/3362/3362 3361/3361/3361 3360/3360/3360
f 3361/3361/3361 3363/3363/3363 3360/3360/3360
f 3361/3361/3361 3364/3364/3364 3363/3363/3363
f 3364/3364/3364 3365/3365/3365 3363/3363/3363
f 3364/3364/3364 3366/3366/3366 3365/3365/3365
f 3366/3366/3366 3367/3367/3367 3365/3365/3365
f 3366/3366/3366 3368/3368/3368 3367/3367/3367
f 3368/3368/3368 3369/3369/3369 3367/3367/3367
f 3368/3368/3368 3370/3370/3370 3369/3369/3369
f 3370/3370/3370 3371/3371/3371 3369/3369/3369
f 3370/3370/3370 3372/3372/3372 3371/3371/3371
f 3372/3372/3372 3373/3373/3373 3371/3371/3371
f 3376/3376/3376 3375/3375/3375 3374/3374/3374
f 3377/3377/3377 3376/3376/3376 3374/3374/3374
f 3380/3380/3380 3379/3379/3379 3378/3378/3378
f 3381/3381/3381 3380/3380/3380 3378/3378/3378
f 3384/3384/3384 3383/3383/3383 3382/3382/3382
f 3385/3385/3385 3384/3384/3384 3382/3382/3382
f 3385/3385/3385 3382/3382/3382 3386/3386/3386
f 3387/3387/3387 3385/3385/3385 3386/3386/3386
f 3387/3387/3387 3386/3386/3386 3388/3388/3388
f 3389/3389/3389 3387/3387/3387 3388/3388/3388
f 3389/3389/3389 3388/3388/3388 3390/3390/3390
f 3391/3391/3391 3389/3389/3389 3390/3390/3390
f 3391/3391/3391 3390/3390/3390 3392/3392/3392
f 3393/3393/3393 3391/3391/3391 3392/3392/3392
f 3393/3393/3393 3392/3392/3392 3394/3394/3394
f 3395/3395/3395 3393/3393/3393 3394/3394/3394
f 3395/3395/3395 3394/3394/3394 3396/3396/3396
f 3394/3394/3394 3397/3397/3397 3396/3396/3396
f 3398/3398/3398 3395/3395/3395 3396/3396/3396
f 3399/3399/3399 3398/3398/3398 3396/3396/3396
f 3399/3399/3399 3396/3396/3396 3400/3400/3400
f 3396/3396/3396 3401/3401/3401 3400/3400/3400
f 3398/3398/3398 3399/3399/3399 3402/3402/3402
f 3403/3403/3403 3398/3398/3398 3402/3402/3402
f 3403/3403/3403 3404/3404/3404 3398/3398/3398
f 3404/3404/3404 3405/3405/3405 3398/3398/3398
f 3404/3404/3404 3406/3406/3406 3405/3405/3405
f 3406/3406/3406 3407/3407/3407 3405/3405/3405
f 3406/3406/3406 3408/3408/3408 3407/3407/3407
f 3408/3408/3408 3409/3409/3409 3407/3407/3407
f 3408/3408/3408 3410/3410/3410 3409/3409/3409
f 3410/3410/3410 3411/3411/3411 3409/3409/3409
f 3410/3410/3410 3412/3412/3412 3411/3411/3411
f 3412/3412/3412 3413/3413/3413 3411/3411/3411
f 3412/3412/3412 3414/3414/3414 3413/3413/3413
f 3414/3414/3414 3415/3415/3415 3413/3413/3413
f 3418/3418/3418 3417/3417/3417 3416/3416/3416
f 3419/3419/3419 3418/3418/3418 3416/3416/3416
f 3422/3422/3422 3421/3421/3421 3420/3420/3420
f 3423/3423/3423 3422/3422/3422 3420/3420/3420
f 3426/3426/3426 3425/3425/3425 3424/3424/3424
f 3425/3425/3425 3427/3427/3427 3424/3424/3424
f 3425/3425/3425 3428/3428/3428 3427/3427/3427
f 3428/3428/3428 3429/3429/3429 3427/3427/3427
f 3428/3428/3428 3430/3430/3430 3429/3429/3429
f 3430/3430/3430 3431/3431/3431 3429/3429/3429
f 3430/3430/3430 3432/3432/3432 3431/3431/3431
f 3432/3432/3432 3433/3433/3433 3431/3431/3431
f 3432/3432/3432 3434/3434/3434 3433/3433/3433
f 3434/3434/3434 3435/3435/3435 3433/3433/3433
f 3434/3434/3434 3436/3436/3436 3435/3435/3435
f 3436/3436/3436 3437/3437/3437 3435/3435/3435
f 3440/3440/3440 3439/3439/3439 3438/3438/3438
f 3441/3441/3441 3440/3440/3440 3438/3438/3438
f 3441/3441/3441 3438/3438/3438 3442/3442/3442
f 3443/3443/3443 3441/3441/3441 3442/3442/3442
f 3443/3443/3443 3442/3442/3442 3444/3444/3444
f 3445/3445/3445 3443/3443/3443 3444/3444/3444
f 3445/3445/3445 3444/3444/3444 3446/3446/3446
f 3447/3447/3447 3445/3445/3445 3446/3446/3446
f 3447/3447/3447 3446/3446/3446 3448/3448/3448
f 3449/3449/3449 3447/3447/3447 3448/3448/3448
f 3449/3449/3449 3448/3448/3448 3450/3450/3450
f 3451/3451/3451 3449/3449/3449 3450/3450/3450
f 3454/3454/3454 3453/3453/3453 3452/3452/3452
f 3453/3453/3453 3455/3455/3455 3452/3452/3452
f 3453/3453/3453 3456/3456/3456 3455/3455/3455
f 3456/3456/3456 3457/3457/3457 3455/3455/3455
f 3456/3456/3456 3458/3458/3458 3457/3457/3457
f 3458/3458/3458 3459/3459/3459 3457/3457/3457
f 3458/3458/3458 3460/3460/3460 3459/3459/3459
f 3460/3460/3460 3461/3461/3461 3459/3459/3459
f 3460/3460/3460 3462/3462/3462 3461/3461/3461
f 3462/3462/3462 3463/3463/3463 3461/3461/3461
f 3462/3462/3462 3464/3464/3464 3463/3463/3463
f 3464/3464/3464 3465/3465/3465 3463/3463/3463
f 3468/3468/3468 3467/3467/3467 3466/3466/3466
f 3469/3469/3469 3468/3468/3468 3466/3466/3466
f 3469/3469/3469 3466/3466/3466 3470/3470/3470
f 3471/3471/3471 3469/3469/3469 3470/3470/3470
f 3471/3471/3471 3470/3470/3470 3472/3472/3472
f 3473/3473/3473 3471/3471/3471 3472/3472/3472
f 3473/3473/3473 3472/3472/3472 3474/3474/3474
f 3475/3475/3475 3473/3473/3473 3474/3474/3474
f 3475/3475/3475 3474/3474/3474 3476/3476/3476
f 3477/3477/3477 3475/3475/3475 3476/3476/3476
f 3477/3477/3477 3476/3476/3476 3478/3478/3478
f 3479/3479/3479 3477/3477/3477 3478/3478/3478
f 3479/3479/3479 3478/3478/3478 3480/3480/3480
f 3478/3478/3478 3481/3481/3481 3480/3480/3480
f 3482/3482/3482 3479/3479/3479 3480/3480/3480
f 3483/3483/3483 3482/3482/3482 3480/3480/3480
f 3483/3483/3483 3480/3480/3480 3484/3484/3484
f 3480/3480/3480 3485/3485/3485 3484/3484/3484
f 3482/3482/3482 3483/3483/3483 3486/3486/3486
f 3487/3487/3487 3482/3482/3482 3486/3486/3486
f 3487/3487/3487 3488/3488/3488 3482/3482/3482
f 3488/3488/3488 3489/3489/3489 3482/3482/3482
f 3488/3488/3488 3490/3490/3490 3489/3489/3489
f 3490/3490/3490 3491/3491/3491 3489/3489/3489
f 3490/3490/3490 3492/3492/3492 3491/3491/3491
f 3492/3492/3492 3493/3493/3493 3491/3491/3491
f 3492/3492/3492 3494/3494/3494 3493/3493/3493
f 3494/3494/3494 3495/3495/3495 3493/3493/3493
f 3494/3494/3494 3496/3496/3496 3495/3495/3495
f 3496/3496/3496 3497/3497/3497 3495/3495/3495
f 3496/3496/3496 3498/3498/3498 3497/3497/3497
f 3498/3498/3498 3499/3499/3499 3497/3497/3497
f 3502/3502/3502 3501/3501/3501 3500/3500/3500
f 3503/3503/3503 3502/3502/3502 3500/3500/3500
f 3506/3506/3506 3505/3505/3505 3504/3504/3504
f 3507/3507/3507 3506/3506/3506 3504/3504/3504
f 3510/3510/3510 3509/3509/3509 3508/3508/3508
f 3511/3511/3511 3510/3510/3510 3508/3508/3508
f 3511/3511/3511 3512/3512/3512 3510/3510/3510
f 3512/3512/3512 3511/3511/3511 3513/3513/3513
f 3514/3514/3514 3512/3512/3512 3513/3513/3513
f 3514/3514/3514 3515/3515/3515 3512/3512/3512
f 3515/3515/3515 3516/3516/3516 3512/3512/3512
f 3515/3515/3515 3517/3517/3517 3516/3516/3516
f 3517/3517/3517 3518/3518/3518 3516/3516/3516
f 3517/3517/3517 3519/3519/3519 3518/3518/3518
f 3519/3519/3519 3520/3520/3520 3518/3518/3518
f 3519/3519/3519 3521/3521/3521 3520/3520/3520
f 3521/3521/3521 3522/3522/3522 3520/3520/3520
f 3521/3521/3521 3523/3523/3523 3522/3522/3522
f 3523/3523/3523 3524/3524/3524 3522/3522/3522
f 3523/3523/3523 3525/3525/3525 3524/3524/3524
f 3525/3525/3525 3526/3526/3526 3524/3524/3524
f 3512/3512/3512 3527/3527/3527 3510/3510/3510
f 3527/3527/3527 3528/3528/3528 3510/3510/3510
f 3528/3528/3528 3529/3529/3529 3510/3510/3510
f 3527/3527/3527 3530/3530/3530 3528/3528/3528
f 3530/3530/3530 3531/3531/3531 3528/3528/3528
f 3530/3530/3530 3532/3532/3532 3531/3531/3531
f 3532/3532/3532 3533/3533/3533 3531/3531/3531
f 3532/3532/3532 3534/3534/3534 3533/3533/3533
f 3534/3534/3534 3535/3535/3535 3533/3533/3533
f 3534/3534/3534 3536/3536/3536 3535/3535/3535
f 3536/3536/3536 3537/3537/3537 3535/3535/3535
f 3536/3536/3536 3538/3538/3538 3537/3537/3537
f 3538/3538/3538 3539/3539/3539 3537/3537/3537
f 3538/3538/3538 3540/3540/3540 3539/3539/3539
f 3540/3540/3540 3541/3541/3541 3539/3539/3539
f 3544/3544/3544 3543/3543/3543 3542/3542/3542
f 3545/3545/3545 3544/3544/3544 3542/3542/3542
f 3545/3545/3545 3542/3542/3542 3546/3546/3546
f 3547/3547/3547 3545/3545/3545 3546/3546/3546
f 3547/3547/3547 3546/3546/3546 3548/3548/3548
f 3549/3549/3549 3547/3547/3547 3548/3548/3548
f 3549/3549/3549 3548/3548/3548 3550/3550/3550
f 3551/3551/3551 3549/3549/3549 3550/3550/3550
f 3551/3551/3551 3550/3550/3550 3552/3552/3552
f 3553/3553/3553 3551/3551/3551 3552/3552/3552
f 3553/3553/3553 3552/3552/3552 3554/3554/3554
f 3555/3555/3555 3553/3553/3553 3554/3554/3554
f 3558/3558/3558 3557/3557/3557 3556/3556/3556
f 3559/3559/3559 3558/3558/3558 3556/3556/3556
f 3559/3559/3559 3556/3556/3556 3560/3560/3560
f 3561/3561/3561 3559/3559/3559 3560/3560/3560
f 3561/3561/3561 3560/3560/3560 3562/3562/3562
f 3563/3563/3563 3561/3561/3561 3562/3562/3562
f 3563/3563/3563 3562/3562/3562 3564/3564/3564
f 3565/3565/3565 3563/3563/3563 3564/3564/3564
f 3565/3565/3565 3564/3564/3564 3566/3566/3566
f 3567/3567/3567 3565/3565/3565 3566/3566/3566
f 3567/3567/3567 3566/3566/3566 3568/3568/3568
f 3569/3569/3569 3567/3567/3567 3568/3568/3568
f 3572/3572/3572 3571/3571/3571 3570/3570/3570
f 3571/3571/3571 3573/3573/3573 3570/3570/3570
f 3571/3571/3571 3574/3574/3574 3573/3573/3573
f 3574/3574/3574 3575/3575/3575 3573/3573/3573
f 3574/3574/3574 3576/3576/3576 3575/3575/3575
f 3576/3576/3576 3577/3577/3577 3575/3575/3575
f 3576/3576/3576 3578/3578/3578 3577/3577/3577
f 3578/3578/3578 3579/3579/3579 3577/3577/3577
f 3578/3578/3578 3580/3580/3580 3579/3579/3579
f 3580/3580/3580 3581/3581/3581 3579/3579/3579
f 3580/3580/3580 3582/3582/3582 3581/3581/3581
f 3582/3582/3582 3583/3583/3583 3581/3581/3581
f 3586/3586/3586 3585/3585/3585 3584/3584/3584
f 3587/3587/3587 3586/3586/3586 3584/3584/3584
f 3590/3590/3590 3589/3589/3589 3588/3588/3588
f 3591/3591/3591 3590/3590/3590 3588/3588/3588
f 3594/3594/3594 3593/3593/3593 3592/3592/3592
f 3595/3595/3595 3594/3594/3594 3592/3592/3592
f 3595/3595/3595 3592/3592/3592 3596/3596/3596
f 3597/3597/3597 3595/3595/3595 3596/3596/3596
f 3597/3597/3597 3596/3596/3596 3598/3598/3598
f 3599/3599/3599 3597/3597/3597 3598/3598/3598
f 3599/3599/3599 3598/3598/3598 3600/3600/3600
f 3601/3601/3601 3599/3599/3599 3600/3600/3600
f 3601/3601/3601 3600/3600/3600 3602/3602/3602
f 3603/3603/3603 3601/3601/3601 3602/3602/3602
f 3603/3603/3603 3602/3602/3602 3604/3604/3604
f 3605/3605/3605 3603/3603/3603 3604/3604/3604
f 3605/3605/3605 3604/3604/3604 3606/3606/3606
f 3604/3604/3604 3607/3607/3607 3606/3606/3606
f 3608/3608/3608 3605/3605/3605 3606/3606/3606
f 3609/3609/3609 3608/3608/3608 3606/3606/3606
f 3609/3609/3609 3606/3606/3606 3610/3610/3610
f 3606/3606/3606 3611/3611/3611 3610/3610/3610
f 3608/3608/3608 3609/3609/3609 3612/3612/3612
f 3613/3613/3613 3608/3608/3608 3612/3612/3612
f 3613/3613/3613 3614/3614/3614 3608/3608/3608
f 3614/3614/3614 3615/3615/3615 3608/3608/3608
f 3614/3614/3614 3616/3616/3616 3615/3615/3615
f 3616/3616/3616 3617/3617/3617 3615/3615/3615
f 3616/3616/3616 3618/3618/3618 3617/3617/3617
f 3618/3618/3618 3619/3619/3619 3617/3617/3617
f 3618/3618/3618 3620/3620/3620 3619/3619/3619
f 3620/3620/3620 3621/3621/3621 3619/3619/3619
f 3620/3620/3620 3622/3622/3622 3621/3621/3621
f 3622/3622/3622 3623/3623/3623 3621/3621/3621
f 3622/3622/3622 3624/3624/3624 3623/3623/3623
f 3624/3624/3624 3625/3625/3625 3623/3623/3623
f 3628/3628/3628 3627/3627/3627 3626/3626/3626
f 3629/3629/3629 3628/3628/3628 3626/3626/3626
f 3632/3632/3632 3631/3631/3631 3630/3630/3630
f 3633/3633/3633 3632/3632/3632 3630/3630/3630
f 3636/3636/3636 3635/3635/3635 3634/3634/3634
f 3635/3635/3635 3637/3637/3637 3634/3634/3634
f 3635/3635/3635 3638/3638/3638 3637/3637/3637
f 3638/3638/3638 3639/3639/3639 3637/3637/3637
f 3638/3638/3638 3640/3640/3640 3639/3639/3639
f 3640/3640/3640 3641/3641/3641 3639/3639/3639
f 3640/3640/3640 3642/3642/3642 3641/3641/3641
f 3642/3642/3642 3643/3643/3643 3641/3641/3641
f 3642/3642/3642 3644/3644/3644 3643/3643/3643
f 3644/3644/3644 3645/3645/3645 3643/3643/3643
f 3644/3644/3644 3646/3646/3646 3645/3645/3645
f 3646/3646/3646 3647/3647/3647 3645/3645/3645
f 3650/3650/3650 3649/3649/3649 3648/3648/3648
f 3651/3651/3651 3650/3650/3650 3648/3648/3648
f 3651/3651/3651 3648/3648/3648 3652/3652/3652
f 3653/3653/3653 3651/3651/3651 3652/3652/3652
f 3653/3653/3653 3652/3652/3652 3654/3654/3654
f 3655/3655/3655 3653/3653/3653 3654/3654/3654
f 3655/3655/3655 3654/3654/3654 3656/3656/3656
f 3657/3657/3657 3655/3655/3655 3656/3656/3656
f 3657/3657/3657 3656/3656/3656 3658/3658/3658
f 3659/3659/3659 3657/3657/3657 3658/3658/3658
f 3659/3659/3659 3658/3658/3658 3660/3660/3660
f 3661/3661/3661 3659/3659/3659 3660/3660/3660
f 3664/3664/3664 3663/3663/3663 3662/3662/3662
f 3663/3663/3663 3665/3665/3665 3662/3662/3662
f 3663/3663/3663 3666/3666/3666 3665/3665/3665
f 3666/3666/3666 3667/3667/3667 3665/3665/3665
f 3666/3666/3666 3668/3668/3668 3667/3667/3667
f 3668/3668/3668 3669/3669/3669 3667/3667/3667
f 3668/3668/3668 3670/3670/3670 3669/3669/3669
f 3670/3670/3670 3671/3671/3671 3669/3669/3669
f 3670/3670/3670 3672/3672/3672 3671/3671/3671
f 3672/3672/3672 3673/3673/3673 3671/3671/3671
f 3672/3672/3672 3674/3674/3674 3673/3673/3673
f 3674/3674/3674 3675/3675/3675 3673/3673/3673
f 3678/3678/3678 3677/3677/3677 3676/3676/3676
f 3679/3679/3679 3678/3678/3678 3676/3676/3676
f 3679/3679/3679 3676/3676/3676 3680/3680/3680
f 3681/3681/3681 3679/3679/3679 3680/3680/3680
f 3681/3681/3681 3680/3680/3680 3682/3682/3682
f 3683/3683/3683 3681/3681/3681 3682/3682/3682
f 3683/3683/3683 3682/3682/3682 3684/3684/3684
f 3685/3685/3685 3683/3683/3683 3684/3684/3684
f 3685/3685/3685 3684/3684/3684 3686/3686/3686
f 3687/3687/3687 3685/3685/3685 3686/3686/3686
f 3687/3687/3687 3686/3686/3686 3688/3688/3688
f 3689/3689/3689 3687/3687/3687 3688/3688/3688
f 3689/3689/3689 3688/3688/3688 3690/3690/3690
f 3688/3688/3688 3691/3691/3691 3690/3690/3690
f 3692/3692/3692 3689/3689/3689 3690/3690/3690
f 3693/3693/3693 3692/3692/3692 3690/3690/3690
f 3693/3693/3693 3690/3690/3690 3694/3694/3694
f 3690/3690/3690 3695/3695/3695 3694/3694/3694
f 3692/3692/3692 3693/3693/3693 3696/3696/3696
f 3697/3697/3697 3692/3692/3692 3696/3696/3696
f 3697/3697/3697 3698/3698/3698 3692/3692/3692
f 3698/3698/3698 3699/3699/3699 3692/3692/3692
f 3698/3698/3698 3700/3700/3700 3699/3699/3699
f 3700/3700/3700 3701/3701/3701 3699/3699/3699
f 3700/3700/3700 3702/3702/3702 3701/3701/3701
f 3702/3702/3702 3703/3703/3703 3701/3701/3701
f 3702/3702/3702 3704/3704/3704 3703/3703/3703
f 3704/3704/3704 3705/3705/3705 3703/3703/3703
f 3704/3704/3704 3706/3706/3706 3705/3705/3705
f 3706/3706/3706 3707/3707/3707 3705/3705/3705
f 3706/3706/3706 3708/3708/3708 3707/3707/3707
f 3708/3708/3708 3709/3709/3709 3707/3707/3707
f 3712/3712/3712 3711/3711/3711 3710/3710/3710
f 3713/3713/3713 3712/3712/3712 3710/3710/3710
f 3716/3716/3716 3715/3715/3715 3714/3714/3714
f 3717/3717/3717 3716/3716/3716 3714/3714/3714
f 3720/3720/3720 3719/3719/3719 3718/3718/3718
f 3721/3721/3721 3720/3720/3720 3718/3718/3718
f 3721/3721/3721 3722/3722/3722 3720/3720/3720
f 3722/3722/3722 3721/3721/3721 3723/3723/3723
f 3724/3724/3724 3722/3722/3722 3723/3723/3723
f 3724/3724/3724 3725/3725/3725 3722/3722/3722
f 3725/3725/3725 3726/3726/3726 3722/3722/3722
f 3725/3725/3725 3727/3727/3727 3726/3726/3726
f 3727/3727/3727 3728/3728/3728 3726/3726/3726
f 3727/3727/3727 3729/3729/3729 3728/3728/3728
f 3729/3729/3729 3730/3730/3730 3728/3728/3728
f 3729/3729/3729 3731/3731/3731 3730/3730/3730
f 3731/3731/3731 3732/3732/3732 3730/3730/3730
f 3731/3731/3731 3733/3733/3733 3732/3732/3732
f 3733/3733/3733 3734/3734/3734 3732/3732/3732
f 3733/3733/3733 3735/3735/3735 3734/3734/3734
f 3735/3735/3735 3736/3736/3736 3734/3734/3734
f 3722/3722/3722 3737/3737/3737 3720/3720/3720
f 3737/3737/3737 3738/3738/3738 3720/3720/3720
f 3738/3738/3738 3739/3739/3739 3720/3720/3720
f 3737/3737/3737 3740/3740/3740 3738/3738/3738
f 3740/3740/3740 3741/3741/3741 3738/3738/3738
f 3740/3740/3740 3742/3742/3742 3741/3741/3741
f 3742/3742/3742 3743/3743/3743 3741/3741/3741
f 3742/3742/3742 3744/3744/3744 3743/3743/3743
f 3744/3744/3744 3745/3745/3745 3743/3743/3743
f 3744/3744/3744 3746/3746/3746 3745/3745/3745
f 3746/3746/3746 3747/3747/3747 3745/3745/3745
f 3746/3746/3746 3748/3748/3748 3747/3747/3747
f 3748/3748/3748 3749/3749/3749 3747/3747/3747
f 3748/3748/3748 3750/3750/3750 3749/3749/3749
f 3750/3750/3750 3751/3751/3751 3749/3749/3749
f 3754/3754/3754 3753/3753/3753 3752/3752/3752
f 3755/3755/3755 3754/3754/3754 3752/3752/3752
f 3755/3755/3755 3752/3752/3752 3756/3756/3756
f 3757/3757/3757 3755/3755/3755 3756/3756/3756
f 3757/3757/3757 3756/3756/3756 3758/3758/3758
f 3759/3759/3759 3757/3757/3757 3758/3758/3758
f 3759/3759/3759 3758/3758/3758 3760/3760/3760
f 3761/3761/3761 3759/3759/3759 3760/3760/3760
f 3761/3761/3761 3760/3760/3760 3762/3762/3762
f 3763/3763/3763 3761/3761/3761 3762/3762/3762
f 3763/3763/3763 3762/3762/3762 3764/3764/3764
f 3765/3765/3765 3763/3763/3763 3764/3764/3764
f 3768/3768/3768 3767/3767/3767 3766/3766/3766
f 3769/3769/3769 3768/3768/3768 3766/3766/3766
f 3769/3769/3769 3766/3766/3766 3770/3770/3770
f 3771/3771/3771 3769/3769/3769 3770/3770/3770
f 3771/3771/3771 3770/3770/3770 3772/3772/3772
f 3773/3773/3773 3771/3771/3771 3772/3772/3772
f 3773/3773/3773 3772/3772/3772 3774/3774/3774
f 3775/3775/3775 3773/3773/3773 3774/3774/3774
f 3775/3775/3775 3774/3774/3774 3776/3776/3776
f 3777/3777/3777 3775/3775/3775 3776/3776/3776
f 3777/3777/3777 3776/3776/3776 3778/3778/3778
f 3779/3779/3779 3777/3777/3777 3778/3778/3778
f 3782/3782/3782 3781/3781/3781 3780/3780/3780
f 3781/3781/3781 3783/3783/3783 3780/3780/3780
f 3781/3781/3781 3784/3784/3784 3783/3783/3783
f 3784/3784/3784 3785/3785/3785 3783/3783/3783
f 3784/3784/3784 3786/3786/3786 3785/3785/3785
f 3786/3786/3786 3787/3787/3787 3785/3785/3785
f 3786/3786/3786 3788/3788/3788 3787/3787/3787
f 3788/3788/3788 3789/3789/3789 3787/3787/3787
f 3788/3788/3788 3790/3790/3790 3789/3789/3789
f 3790/3790/3790 3791/3791/3791 3789/3789/3789
f 3790/3790/3790 3792/3792/3792 3791/3791/3791
f 3792/3792/3792 3793/3793/3793 3791/3791/3791
f 3796/3796/3796 3795/3795/3795 3794/3794/3794
f 3797/3797/3797 3796/3796/3796 3794/3794/3794
f 3800/3800/3800 3799/3799/3799 3798/3798/3798
f 3801/3801/3801 3800/3800/3800 3798/3798/3798
f 3804/3804/3804 3803/3803/3803 3802/3802/3802
f 3805/3805/3805 3804/3804/3804 3802/3802/3802
f 3805/3805/3805 3802/3802/3802 3806/3806/3806
f 3807/3807/3807 3805/3805/3805 3806/3806/3806
f 3807/3807/3807 3806/3806/3806 3808/3808/3808
f 3809/3809/3809 3807/3807/3807 3808/3808/3808
f 3809/3809/3809 3808/3808/3808 3810/3810/3810
f 3811/3811/3811 3809/3809/3809 3810/3810/3810
f 3811/3811/3811 3810/3810/3810 3812/3812/3812
f 3813/3813/3813 3811/3811/3811 3812/3812/3812
f 3813/3813/3813 3812/3812/3812 3814/3814/3814
f 3815/3815/3815 3813/3813/3813 3814/3814/3814
f 3815/3815/3815 3814/3814/3814 3816/3816/3816
f 3814/3814/3814 3817/3817/3817 3816/3816/3816
f 3818/3818/3818 3815/3815/3815 3816/3816/3816
f 3819/3819/3819 3818/3818/3818 3816/3816/3816
f 3819/3819/3819 3816/3816/3816 3820/3820/3820
f 3816/3816/3816 3821/3821/3821 3820/3820/3820
f 3818/3818/3818 3819/3819/3819 3822/3822/3822
f 3823/3823/3823 3818/3818/3818 3822/3822/3822
f 3823/3823/3823 3824/3824/3824 3818/3818/3818
f 3824/3824/3824 3825/3825/3825 3818/3818/3818
f 3824/3824/3824 3826/3826/3826 3825/3825/3825
f 3826/3826/3826 3827/3827/3827 3825/3825/3825
f 3826/3826/3826 3828/3828/3828 3827/3827/3827
f 3828/3828/3828 3829/3829/3829 3827/3827/3827
f 3828/3828/3828 3830/3830/3830 3829/3829/3829
f 3830/3830/3830 3831/3831/3831 3829/3829/3829
f 3830/3830/3830 3832/3832/3832 3831/3831/3831
f 3832/3832/3832 3833/3833/3833 3831/3831/3831
f 3832/3832/3832 3834/3834/3834 3833/3833/3833
f 3834/3834/3834 3835/3835/3835 3833/3833/3833
f 3838/3838/3838 3837/3837/3837 3836/3836/3836
f 3839/3839/3839 3838/3838/3838 3836/3836/3836
f 3842/3842/3842 3841/3841/3841 3840/3840/3840
f 3843/3843/3843 3842/3842/3842 3840/3840/3840
f 3846/3846/3846 3845/3845/3845 3844/3844/3844
f 3845/3845/3845 3847/3847/3847 3844/3844/3844
f 3844/3844/3844 3847/3847/3847 3848/3848/3848
f 3845/3845/3845 3849/3849/3849 3847/3847/3847
f 3847/3847/3847 3850/3850/3850 3848/3848/3848
f 3849/3849/3849 3851/3851/3851 3847/3847/3847
f 3847/3847/3847 3851/3851/3851 3850/3850/3850
f 3851/3851/3851 3852/3852/3852 3850/3850/3850
f 3855/3855/3855 3854/3854/3854 3853/3853/3853
f 3856/3856/3856 3853/3853/3853 3854/3854/3854
f 3857/3857/3857 3856/3856/3856 3854/3854/3854
f 3860/3860/3860 3859/3859/3859 3858/3858/3858
f 3859/3859/3859 3861/3861/3861 3858/3858/3858
f 3862/3862/3862 3858/3858/3858 3861/3861/3861
f 3863/3863/3863 3862/3862/3862 3861/3861/3861
f 3863/3863/3863 3861/3861/3861 3859/3859/3859
f 3864/3864/3864 3863/3863/3863 3859/3859/3859
f 3867/3867/3867 3866/3866/3866 3865/3865/3865
f 3868/3868/3868 3867/3867/3867 3865/3865/3865
f 3871/3871/3871 3870/3870/3870 3869/3869/3869
f 3872/3872/3872 3871/3871/3871 3869/3869/3869
f 3874/3874/3874 3871/3871/3871 3873/3873/3873
f 3875/3875/3875 3874/3874/3874 3873/3873/3873
f 3878/3878/3878 3877/3877/3877 3876/3876/3876
f 3879/3879/3879 3878/3878/3878 3876/3876/3876
f 3882/3882/3882 3881/3881/3881 3880/3880/3880
f 3883/3883/3883 3882/3882/3882 3880/3880/3880
f 3884/3884/3884 3882/3882/3882 3883/3883/3883
f 3885/3885/3885 3884/3884/3884 3883/3883/3883
f 3883/3883/3883 3887/3887/3887 3886/3886/3886
f 3888/3888/3888 3883/3883/3883 3886/3886/3886
f 3890/3890/3890 3883/3883/3883 3889/3889/3889
f 3891/3891/3891 3890/3890/3890 3889/3889/3889
f 3894/3894/3894 3893/3893/3893 3892/3892/3892
f 3895/3895/3895 3894/3894/3894 3892/3892/3892
f 3898/3898/3898 3897/3897/3897 3896/3896/3896
f 3899/3899/3899 3898/3898/3898 3896/3896/3896
f 3902/3902/3902 3901/3901/3901 3900/3900/3900
f 3903/3903/3903 3902/3902/3902 3900/3900/3900
f 3905/3905/3905 3902/3902/3902 3904/3904/3904
f 3906/3906/3906 3905/3905/3905 3904/3904/3904
f 3909/3909/3909 3908/3908/3908 3907/3907/3907
f 3910/3910/3910 3909/3909/3909 3907/3907/3907
f 3910/3910/3910 3907/3907/3907 3911/3911/3911
f 3912/3912/3912 3910/3910/3910 3911/3911/3911
f 3913/3913/3913 3909/3909/3909 3910/3910/3910
f 3914/3914/3914 3913/3913/3913 3910/3910/3910
f 3915/3915/3915 3913/3913/3913 3914/3914/3914
f 3916/3916/3916 3915/3915/3915 3914/3914/3914
f 3916/3916/3916 3914/3914/3914 3917/3917/3917
f 3918/3918/3918 3916/3916/3916 3917/3917/3917
f 3914/3914/3914 3920/3920/3920 3919/3919/3919
f 3921/3921/3921 3914/3914/3914 3919/3919/3919
f 3924/3924/3924 3923/3923/3923 3922/3922/3922
f 3925/3925/3925 3924/3924/3924 3922/3922/3922
f 3928/3928/3928 3927/3927/3927 3926/3926/3926
f 3929/3929/3929 3928/3928/3928 3926/3926/3926
f 3932/3932/3932 3931/3931/3931 3930/3930/3930
f 3933/3933/3933 3932/3932/3932 3930/3930/3930
f 3933/3933/3933 3930/3930/3930 3934/3934/3934
f 3935/3935/3935 3933/3933/3933 3934/3934/3934
f 3935/3935/3935 3934/3934/3934 3936/3936/3936
f 3937/3937/3937 3935/3935/3935 3936/3936/3936
f 3938/3938/3938 3935/3935/3935 3937/3937/3937
f 3939/3939/3939 3938/3938/3938 3937/3937/3937
f 3941/3941/3941 3938/3938/3938 3940/3940/3940
f 3942/3942/3942 3941/3941/3941 3940/3940/3940
f 3942/3942/3942 3940/3940/3940 3943/3943/3943
f 3944/3944/3944 3942/3942/3942 3943/3943/3943
f 3947/3947/3947 3946/3946/3946 3945/3945/3945
f 3948/3948/3948 3947/3947/3947 3945/3945/3945
f 3948/3948/3948 3945/3945/3945 3949/3949/3949
f 3950/3950/3950 3948/3948/3948 3949/3949/3949
f 3950/3950/3950 3949/3949/3949 3951/3951/3951
f 3952/3952/3952 3950/3950/3950 3951/3951/3951
f 3952/3952/3952 3951/3951/3951 3953/3953/3953
f 3954/3954/3954 3952/3952/3952 3953/3953/3953
f 3957/3957/3957 3956/3956/3956 3955/3955/3955
f 3958/3958/3958 3957/3957/3957 3955/3955/3955
f 3961/3961/3961 3960/3960/3960 3959/3959/3959
f 3962/3962/3962 3961/3961/3961 3959/3959/3959
f 3965/3965/3965 3964/3964/3964 3963/3963/3963
f 3966/3966/3966 3965/3965/3965 3963/3963/3963
f 3969/3969/3969 3968/3968/3968 3967/3967/3967
f 3970/3970/3970 3969/3969/3969 3967/3967/3967
f 3970/3970/3970 3967/3967/3967 3971/3971/3971
f 3972/3972/3972 3970/3970/3970 3971/3971/3971
f 3972/3972/3972 3974/3974/3974 3973/3973/3973
f 3975/3975/3975 3972/3972/3972 3973/3973/3973
f 3977/3977/3977 3973/3973/3973 3976/3976/3976
f 3978/3978/3978 3977/3977/3977 3976/3976/3976
f 3978/3978/3978 3976/3976/3976 3979/3979/3979
f 3980/3980/3980 3978/3978/3978 3979/3979/3979
f 3983/3983/3983 3982/3982/3982 3981/3981/3981
f 3984/3984/3984 3983/3983/3983 3981/3981/3981
f 3981/3981/3981 3985/3985/3985 3984/3984/3984
f 3988/3988/3988 3987/3987/3987 3986/3986/3986
f 3989/3989/3989 3988/3988/3988 3986/3986/3986
f 3992/3992/3992 3991/3991/3991 3990/3990/3990
f 3993/3993/3993 3992/3992/3992 3990/3990/3990
f 3993/3993/3993 3990/3990/3990 3994/3994/3994
f 3995/3995/3995 3993/3993/3993 3994/3994/3994
f 3998/3998/3998 3997/3997/3997 3996/3996/3996
f 3997/3997/3997 3999/3999/3999 3996/3996/3996
f 3997/3997/3997 4000/4000/4000 3999/3999/3999
f 4000/4000/4000 4001/4001/4001 3999/3999/3999
f 4004/4004/4004 4003/4003/4003 4002/4002/4002
f 4005/4005/4005 4004/4004/4004 4002/4002/4002
f 4008/4008/4008 4007/4007/4007 4006/4006/4006
f 4009/4009/4009 4008/4008/4008 4006/4006/4006
f 4009/4009/4009 4006/4006/4006 4010/4010/4010
f 4011/4011/4011 4009/4009/4009 4010/4010/4010
f 4011/4011/4011 4010/4010/4010 4012/4012/4012
f 4013/4013/4013 4011/4011/4011 4012/4012/4012
f 4013/4013/4013 4012/4012/4012 4014/4014/4014
f 4015/4015/4015 4013/4013/4013 4014/4014/4014
f 4018/4018/4018 4017/4017/4017 4016/4016/4016
f 4019/4019/4019 4018/4018/4018 4016/4016/4016
f 4022/4022/4022 4021/4021/4021 4020/4020/4020
f 4023/4023/4023 4021/4021/4021 4022/4022/4022
f 4024/4024/4024 4023/4023/4023 4022/4022/4022
f 4027/4027/4027 4026/4026/4026 4025/4025/4025
f 4028/4028/4028 4027/4027/4027 4025/4025/4025
f 4025/4025/4025 4030/4030/4030 4029/4029/4029
f 4030/4030/4030 4031/4031/4031 4029/4029/4029
f 4034/4034/4034 4033/4033/4033 4032/4032/4032
f 4035/4035/4035 4034/4034/4034 4032/4032/4032
f 4032/4032/4032 4037/4037/4037 4036/4036/4036
f 4037/4037/4037 4038/4038/4038 4036/4036/4036
f 4041/4041/4041 4040/4040/4040 4039/4039/4039
f 4042/4042/4042 4041/4041/4041 4039/4039/4039
f 4045/4045/4045 4044/4044/4044 4043/4043/4043
f 4046/4046/4046 4045/4045/4045 4043/4043/4043
f 4047/4047/4047 4045/4045/4045 4046/4046/4046
f 4048/4048/4048 4047/4047/4047 4046/4046/4046
f 4051/4051/4051 4050/4050/4050 4049/4049/4049
f 4052/4052/4052 4051/4051/4051 4049/4049/4049
f 4053/4053/4053 4051/4051/4051 4052/4052/4052
f 4054/4054/4054 4053/4053/4053 4052/4052/4052
f 4054/4054/4054 4052/4052/4052 4055/4055/4055
f 4056/4056/4056 4054/4054/4054 4055/4055/4055
f 4055/4055/4055 4052/4052/4052 4057/4057/4057
f 4052/4052/4052 4049/4049/4049 4057/4057/4057
f 4057/4057/4057 4049/4049/4049 4058/4058/4058
f 4049/4049/4049 4059/4059/4059 4058/4058/4058
f 4049/4049/4049 4060/4060/4060 4059/4059/4059
f 4060/4060/4060 4061/4061/4061 4059/4059/4059
f 4060/4060/4060 4062/4062/4062 4061/4061/4061
f 4062/4062/4062 4063/4063/4063 4061/4061/4061
f 4066/4066/4066 4065/4065/4065 4064/4064/4064
f 4067/4067/4067 4066/4066/4066 4064/4064/4064
f 4068/4068/4068 4066/4066/4066 4067/4067/4067
f 4069/4069/4069 4068/4068/4068 4067/4067/4067
f 4072/4072/4072 4071/4071/4071 4070/4070/4070
f 4073/4073/4073 4072/4072/4072 4070/4070/4070
f 4074/4074/4074 4072/4072/4072 4073/4073/4073
f 4075/4075/4075 4074/4074/4074 4073/4073/4073
f 4078/4078/4078 4077/4077/4077 4076/4076/4076
f 4079/4079/4079 4078/4078/4078 4076/4076/4076
f 4080/4080/4080 4078/4078/4078 4079/4079/4079
f 4081/4081/4081 4080/4080/4080 4079/4079/4079
f 4084/4084/4084 4083/4083/4083 4082/4082/4082
f 4085/4085/4085 4084/4084/4084 4082/4082/4082
f 4085/4085/4085 4082/4082/4082 4086/4086/4086
f 4087/4087/4087 4084/4084/4084 4085/4085/4085
f 4088/4088/4088 4085/4085/4085 4086/4086/4086
f 4089/4089/4089 4087/4087/4087 4085/4085/4085
f 4089/4089/4089 4085/4085/4085 4088/4088/4088
f 4090/4090/4090 4089/4089/4089 4088/4088/4088
f 4093/4093/4093 4092/4092/4092 4091/4091/4091
f 4094/4094/4094 4093/4093/4093 4091/4091/4091
f 4094/4094/4094 4091/4091/4091 4095/4095/4095
f 4096/4096/4096 4094/4094/4094 4095/4095/4095
f 4099/4099/4099 4098/4098/4098 4097/4097/4097
f 4100/4100/4100 4099/4099/4099 4097/4097/4097
f 4102/4102/4102 4097/4097/4097 4101/4101/4101
f 4103/4103/4103 4102/4102/4102 4101/4101/4101
f 4103/4103/4103 4101/4101/4101 4104/4104/4104
f 4105/4105/4105 4103/4103/4103 4104/4104/4104
f 4108/4108/4108 4107/4107/4107 4106/4106/4106
f 4109/4109/4109 4108/4108/4108 4106/4106/4106
f 4112/4112/4112 4111/4111/4111 4110/4110/4110
f 4113/4113/4113 4112/4112/4112 4110/4110/4110
f 4116/4116/4116 4115/4115/4115 4114/4114/4114
f 4115/4115/4115 4117/4117/4117 4114/4114/4114
f 4114/4114/4114 4117/4117/4117 4118/4118/4118
f 4117/4117/4117 4119/4119/4119 4118/4118/4118
f 4118/4118/4118 4119/4119/4119 4120/4120/4120
f 4119/4119/4119 4121/4121/4121 4120/4120/4120
f 4119/4119/4119 4122/4122/4122 4121/4121/4121
f 4122/4122/4122 4123/4123/4123 4121/4121/4121
f 4122/4122/4122 4124/4124/4124 4123/4123/4123
f 4124/4124/4124 4125/4125/4125 4123/4123/4123
f 4128/4128/4128 4127/4127/4127 4126/4126/4126
f 4129/4129/4129 4128/4128/4128 4126/4126/4126
f 4132/4132/4132 4131/4131/4131 4130/4130/4130
f 4133/4133/4133 4132/4132/4132 4130/4130/4130
f 4136/4136/4136 4135/4135/4135 4134/4134/4134
f 4137/4137/4137 4136/4136/4136 4134/4134/4134
f 4140/4140/4140 4139/4139/4139 4138/4138/4138
f 4139/4139/4139 4141/4141/4141 4138/4138/4138
f 4138/4138/4138 4141/4141/4141 4142/4142/4142
f 4141/4141/4141 4143/4143/4143 4142/4142/4142
f 4142/4142/4142 4143/4143/4143 4144/4144/4144
f 4143/4143/4143 4145/4145/4145 4144/4144/4144
f 4148/4148/4148 4147/4147/4147 4146/4146/4146
f 4149/4149/4149 4148/4148/4148 4146/4146/4146
f 4152/4152/4152 4151/4151/4151 4150/4150/4150
f 4153/4153/4153 4152/4152/4152 4150/4150/4150
f 4156/4156/4156 4155/4155/4155 4154/4154/4154
f 4157/4157/4157 4156/4156/4156 4154/4154/4154
f 4160/4160/4160 4159/4159/4159 4158/4158/4158
f 4161/4161/4161 4160/4160/4160 4158/4158/4158
f 4164/4164/4164 4163/4163/4163 4162/4162/4162
f 4165/4165/4165 4164/4164/4164 4162/4162/4162
f 4162/4162/4162 4167/4167/4167 4166/4166/4166
f 4167/4167/4167 4168/4168/4168 4166/4166/4166
f 4171/4171/4171 4170/4170/4170 4169/4169/4169
f 4172/4172/4172 4171/4171/4171 4169/4169/4169
f 4169/4169/4169 4174/4174/4174 4173/4173/4173
f 4174/4174/4174 4175/4175/4175 4173/4173/4173
f 4178/4178/4178 4177/4177/4177 4176/4176/4176
f 4179/4179/4179 4178/4178/4178 4176/4176/4176
f 4182/4182/4182 4181/4181/4181 4180/4180/4180
f 4183/4183/4183 4182/4182/4182 4180/4180/4180
f 4184/4184/4184 4182/4182/4182 4183/4183/4183
f 4185/4185/4185 4184/4184/4184 4183/4183/4183
f 4186/4186/4186 4184/4184/4184 4185/4185/4185
f 4187/4187/4187 4186/4186/4186 4185/4185/4185
f 4190/4190/4190 4189/4189/4189 4188/4188/4188
f 4191/4191/4191 4190/4190/4190 4188/4188/4188
f 4194/4194/4194 4193/4193/4193 4192/4192/4192
f 4195/4195/4195 4194/4194/4194 4192/4192/4192
f 4198/4198/4198 4197/4197/4197 4196/4196/4196
f 4199/4199/4199 4198/4198/4198 4196/4196/4196
f 4202/4202/4202 4201/4201/4201 4200/4200/4200
f 4203/4203/4203 4202/4202/4202 4200/4200/4200
f 4206/4206/4206 4205/4205/4205 4204/4204/4204
f 4207/4207/4207 4206/4206/4206 4204/4204/4204
f 4210/4210/4210 4209/4209/4209 4208/4208/4208
f 4211/4211/4211 4210/4210/4210 4208/4208/4208
f 4214/4214/4214 4213/4213/4213 4212/4212/4212
f 4215/4215/4215 4214/4214/4214 4212/4212/4212
f 4218/4218/4218 4217/4217/4217 4216/4216/4216
f 4219/4219/4219 4218/4218/4218 4216/4216/4216
f 4222/4222/4222 4221/4221/4221 4220/4220/4220
f 4223/4223/4223 4222/4222/4222 4220/4220/4220
f 4226/4226/4226 4225/4225/4225 4224/4224/4224
f 4227/4227/4227 4226/4226/4226 4224/4224/4224
f 4230/4230/4230 4229/4229/4229 4228/4228/4228
f 4231/4231/4231 4230/4230/4230 4228/4228/4228
f 4234/4234/4234 4233/4233/4233 4232/4232/4232
f 4235/4235/4235 4234/4234/4234 4232/4232/4232
f 4238/4238/4238 4237/4237/4237 4236/4236/4236
f 4239/4239/4239 4238/4238/4238 4236/4236/4236
f 4242/4242/4242 4241/4241/4241 4240/4240/4240
f 4243/4243/4243 4242/4242/4242 4240/4240/4240
f 4240/4240/4240 4245/4245/4245 4244/4244/4244
f 4245/4245/4245 4246/4246/4246 4244/4244/4244
f 4246/4246/4246 4248/4248/4248 4247/4247/4247
f 4249/4249/4249 4246/4246/4246 4247/4247/4247
f 4252/4252/4252 4251/4251/4251 4250/4250/4250
f 4253/4253/4253 4252/4252/4252 4250/4250/4250
f 4253/4253/4253 4250/4250/4250 4254/4254/4254
f 4255/4255/4255 4253/4253/4253 4254/4254/4254
f 4255/4255/4255 4254/4254/4254 4256/4256/4256
f 4257/4257/4257 4255/4255/4255 4256/4256/4256
f 4260/4260/4260 4259/4259/4259 4258/4258/4258
f 4261/4261/4261 4260/4260/4260 4258/4258/4258
f 4264/4264/4264 4263/4263/4263 4262/4262/4262
f 4265/4265/4265 4264/4264/4264 4262/4262/4262
f 4268/4268/4268 4267/4267/4267 4266/4266/4266
f 4269/4269/4269 4268/4268/4268 4266/4266/4266
f 4272/4272/4272 4271/4271/4271 4270/4270/4270
f 4273/4273/4273 4272/4272/4272 4270/4270/4270
f 4272/4272/4272 4275/4275/4275 4274/4274/4274
f 4275/4275/4275 4276/4276/4276 4274/4274/4274
f 4279/4279/4279 4278/4278/4278 4277/4277/4277
f 4280/4280/4280 4279/4279/4279 4277/4277/4277
f 4277/4277/4277 4282/4282/4282 4281/4281/4281
f 4282/4282/4282 4283/4283/4283 4281/4281/4281
f 4286/4286/4286 4285/4285/4285 4284/4284/4284
f 4287/4287/4287 4286/4286/4286 4284/4284/4284
f 4290/4290/4290 4289/4289/4289 4288/4288/4288
f 4291/4291/4291 4290/4290/4290 4288/4288/4288
f 4294/4294/4294 4293/4293/4293 4292/4292/4292
f 4295/4295/4295 4294/4294/4294 4292/4292/4292
f 4296/4296/4296 4294/4294/4294 4295/4295/4295
f 4297/4297/4297 4296/4296/4296 4295/4295/4295
f 4298/4298/4298 4296/4296/4296 4297/4297/4297
f 4299/4299/4299 4298/4298/4298 4297/4297/4297
f 4300/4300/4300 4298/4298/4298 4299/4299/4299
f 4301/4301/4301 4300/4300/4300 4299/4299/4299
f 4302/4302/4302 4300/4300/4300 4301/4301/4301
f 4303/4303/4303 4302/4302/4302 4301/4301/4301
f 4304/4304/4304 4302/4302/4302 4303/4303/4303
f 4305/4305/4305 4304/4304/4304 4303/4303/4303
f 4308/4308/4308 4307/4307/4307 4306/4306/4306
f 4307/4307/4307 4309/4309/4309 4306/4306/4306
f 4306/4306/4306 4309/4309/4309 4310/4310/4310
f 4309/4309/4309 4311/4311/4311 4310/4310/4310
f 4310/4310/4310 4311/4311/4311 4312/4312/4312
f 4311/4311/4311 4313/4313/4313 4312/4312/4312
f 4312/4312/4312 4313/4313/4313 4314/4314/4314
f 4313/4313/4313 4315/4315/4315 4314/4314/4314
f 4314/4314/4314 4315/4315/4315 4316/4316/4316
f 4315/4315/4315 4317/4317/4317 4316/4316/4316
f 4316/4316/4316 4317/4317/4317 4318/4318/4318
f 4317/4317/4317 4319/4319/4319 4318/4318/4318
f 4322/4322/4322 4321/4321/4321 4320/4320/4320
f 4323/4323/4323 4322/4322/4322 4320/4320/4320
f 4324/4324/4324 4322/4322/4322 4323/4323/4323
f 4325/4325/4325 4324/4324/4324 4323/4323/4323
f 4326/4326/4326 4324/4324/4324 4325/4325/4325
f 4327/4327/4327 4326/4326/4326 4325/4325/4325
f 4328/4328/4328 4326/4326/4326 4327/4327/4327
f 4329/4329/4329 4328/4328/4328 4327/4327/4327
f 4330/4330/4330 4328/4328/4328 4329/4329/4329
f 4331/4331/4331 4330/4330/4330 4329/4329/4329
f 4332/4332/4332 4330/4330/4330 4331/4331/4331
f 4333/4333/4333 4332/4332/4332 4331/4331/4331
f 4336/4336/4336 4335/4335/4335 4334/4334/4334
f 4335/4335/4335 4337/4337/4337 4334/4334/4334
f 4334/4334/4334 4337/4337/4337 4338/4338/4338
f 4337/4337/4337 4339/4339/4339 4338/4338/4338
f 4338/4338/4338 4339/4339/4339 4340/4340/4340
f 4339/4339/4339 4341/4341/4341 4340/4340/4340
f 4340/4340/4340 4341/4341/4341 4342/4342/4342
f 4341/4341/4341 4343/4343/4343 4342/4342/4342
f 4342/4342/4342 4343/4343/4343 4344/4344/4344
f 4343/4343/4343 4345/4345/4345 4344/4344/4344
f 4344/4344/4344 4345/4345/4345 4346/4346/4346
f 4345/4345/4345 4347/4347/4347 4346/4346/4346
f 4346/4346/4346 4347/4347/4347 4348/4348/4348
f 4349/4349/4349 4346/4346/4346 4348/4348/4348
f 4347/4347/4347 4350/4350/4350 4348/4348/4348
f 4350/4350/4350 4351/4351/4351 4348/4348/4348
f 4348/4348/4348 4351/4351/4351 4352/4352/4352
f 4353/4353/4353 4348/4348/4348 4352/4352/4352
f 4351/4351/4351 4350/4350/4350 4354/4354/4354
f 4350/4350/4350 4355/4355/4355 4354/4354/4354
f 4356/4356/4356 4355/4355/4355 4350/4350/4350
f 4357/4357/4357 4356/4356/4356 4350/4350/4350
f 4358/4358/4358 4356/4356/4356 4357/4357/4357
f 4359/4359/4359 4358/4358/4358 4357/4357/4357
f 4360/4360/4360 4358/4358/4358 4359/4359/4359
f 4361/4361/4361 4360/4360/4360 4359/4359/4359
f 4362/4362/4362 4360/4360/4360 4361/4361/4361
f 4363/4363/4363 4362/4362/4362 4361/4361/4361
f 4364/4364/4364 4362/4362/4362 4363/4363/4363
f 4365/4365/4365 4364/4364/4364 4363/4363/4363
f 4366/4366/4366 4364/4364/4364 4365/4365/4365
f 4367/4367/4367 4366/4366/4366 4365/4365/4365
f 4370/4370/4370 4369/4369/4369 4368/4368/4368
f 4371/4371/4371 4370/4370/4370 4368/4368/4368
f 4374/4374/4374 4373/4373/4373 4372/4372/4372
f 4375/4375/4375 4374/4374/4374 4372/4372/4372
f 4378/4378/4378 4377/4377/4377 4376/4376/4376
f 4377/4377/4377 4379/4379/4379 4376/4376/4376
f 4380/4380/4380 4379/4379/4379 4377/4377/4377
f 4379/4379/4379 4380/4380/4380 4381/4381/4381
f 4380/4380/4380 4382/4382/4382 4381/4381/4381
f 4383/4383/4383 4382/4382/4382 4380/4380/4380
f 4384/4384/4384 4383/4383/4383 4380/4380/4380
f 4385/4385/4385 4383/4383/4383 4384/4384/4384
f 4386/4386/4386 4385/4385/4385 4384/4384/4384
f 4387/4387/4387 4385/4385/4385 4386/4386/4386
f 4388/4388/4388 4387/4387/4387 4386/4386/4386
f 4389/4389/4389 4387/4387/4387 4388/4388/4388
f 4390/4390/4390 4389/4389/4389 4388/4388/4388
f 4391/4391/4391 4389/4389/4389 4390/4390/4390
f 4392/4392/4392 4391/4391/4391 4390/4390/4390
f 4393/4393/4393 4391/4391/4391 4392/4392/4392
f 4394/4394/4394 4393/4393/4393 4392/4392/4392
f 4395/4395/4395 4380/4380/4380 4377/4377/4377
f 4396/4396/4396 4395/4395/4395 4377/4377/4377
f 4397/4397/4397 4396/4396/4396 4377/4377/4377
f 4398/4398/4398 4395/4395/4395 4396/4396/4396
f 4399/4399/4399 4398/4398/4398 4396/4396/4396
f 4400/4400/4400 4398/4398/4398 4399/4399/4399
f 4401/4401/4401 4400/4400/4400 4399/4399/4399
f 4402/4402/4402 4400/4400/4400 4401/4401/4401
f 4403/4403/4403 4402/4402/4402 4401/4401/4401
f 4404/4404/4404 4402/4402/4402 4403/4403/4403
f 4405/4405/4405 4404/4404/4404 4403/4403/4403
f 4406/4406/4406 4404/4404/4404 4405/4405/4405
f 4407/4407/4407 4406/4406/4406 4405/4405/4405
f 4408/4408/4408 4406/4406/4406 4407/4407/4407
f 4409/4409/4409 4408/4408/4408 4407/4407/4407
f 4412/4412/4412 4411/4411/4411 4410/4410/4410
f 4411/4411/4411 4413/4413/4413 4410/4410/4410
f 4410/4410/4410 4413/4413/4413 4414/4414/4414
f 4413/4413/4413 4415/4415/4415 4414/4414/4414
f 4414/4414/4414 4415/4415/4415 4416/4416/4416
f 4415/4415/4415 4417/4417/4417 4416/4416/4416
f 4416/4416/4416 4417/4417/4417 4418/4418/4418
f 4417/4417/4417 4419/4419/4419 4418/4418/4418
f 4418/4418/4418 4419/4419/4419 4420/4420/4420
f 4419/4419/4419 4421/4421/4421 4420/4420/4420
f 4420/4420/4420 4421/4421/4421 4422/4422/4422
f 4421/4421/4421 4423/4423/4423 4422/4422/4422
f 4426/4426/4426 4425/4425/4425 4424/4424/4424
f 4425/4425/4425 4427/4427/4427 4424/4424/4424
f 4424/4424/4424 4427/4427/4427 4428/4428/4428
f 4427/4427/4427 4429/4429/4429 4428/4428/4428
f 4428/4428/4428 4429/4429/4429 4430/4430/4430
f 4429/4429/4429 4431/4431/4431 4430/4430/4430
f 4430/4430/4430 4431/4431/4431 4432/4432/4432
f 4431/4431/4431 4433/4433/4433 4432/4432/4432
f 4432/4432/4432 4433/4433/4433 4434/4434/4434
f 4433/4433/4433 4435/4435/4435 4434/4434/4434
f 4434/4434/4434 4435/4435/4435 4436/4436/4436
f 4435/4435/4435 4437/4437/4437 4436/4436/4436
f 4440/4440/4440 4439/4439/4439 4438/4438/4438
f 4441/4441/4441 4440/4440/4440 4438/4438/4438
f 4442/4442/4442 4440/4440/4440 4441/4441/4441
f 4443/4443/4443 4442/4442/4442 4441/4441/4441
f 4444/4444/4444 4442/4442/4442 4443/4443/4443
f 4445/4445/4445 4444/4444/4444 4443/4443/4443
f 4446/4446/4446 4444/4444/4444 4445/4445/4445
f 4447/4447/4447 4446/4446/4446 4445/4445/4445
f 4448/4448/4448 4446/4446/4446 4447/4447/4447
f 4449/4449/4449 4448/4448/4448 4447/4447/4447
f 4450/4450/4450 4448/4448/4448 4449/4449/4449
f 4451/4451/4451 4450/4450/4450 4449/4449/4449
f 4454/4454/4454 4453/4453/4453 4452/4452/4452
f 4455/4455/4455 4454/4454/4454 4452/4452/4452
f 4458/4458/4458 4457/4457/4457 4456/4456/4456
f 4459/4459/4459 4458/4458/4458 4456/4456/4456
f 4462/4462/4462 4461/4461/4461 4460/4460/4460
f 4461/4461/4461 4463/4463/4463 4460/4460/4460
f 4460/4460/4460 4463/4463/4463 4464/4464/4464
f 4463/4463/4463 4465/4465/4465 4464/4464/4464
f 4464/4464/4464 4465/4465/4465 4466/4466/4466
f 4465/4465/4465 4467/4467/4467 4466/4466/4466
f 4466/4466/4466 4467/4467/4467 4468/4468/4468
f 4467/4467/4467 4469/4469/4469 4468/4468/4468
f 4468/4468/4468 4469/4469/4469 4470/4470/4470
f 4469/4469/4469 4471/4471/4471 4470/4470/4470
f 4470/4470/4470 4471/4471/4471 4472/4472/4472
f 4471/4471/4471 4473/4473/4473 4472/4472/4472
f 4472/4472/4472 4473/4473/4473 4474/4474/4474
f 4475/4475/4475 4472/4472/4472 4474/4474/4474
f 4473/4473/4473 4476/4476/4476 4474/4474/4474
f 4476/4476/4476 4477/4477/4477 4474/4474/4474
f 4474/4474/4474 4477/4477/4477 4478/4478/4478
f 4479/4479/4479 4474/4474/4474 4478/4478/4478
f 4477/4477/4477 4476/4476/4476 4480/4480/4480
f 4476/4476/4476 4481/4481/4481 4480/4480/4480
f 4482/4482/4482 4481/4481/4481 4476/4476/4476
f 4483/4483/4483 4482/4482/4482 4476/4476/4476
f 4484/4484/4484 4482/4482/4482 4483/4483/4483
f 4485/4485/4485 4484/4484/4484 4483/4483/4483
f 4486/4486/4486 4484/4484/4484 4485/4485/4485
f 4487/4487/4487 4486/4486/4486 4485/4485/4485
f 4488/4488/4488 4486/4486/4486 4487/4487/4487
f 4489/4489/4489 4488/4488/4488 4487/4487/4487
f 4490/4490/4490 4488/4488/4488 4489/4489/4489
f 4491/4491/4491 4490/4490/4490 4489/4489/4489
f 4492/4492/4492 4490/4490/4490 4491/4491/4491
f 4493/4493/4493 4492/4492/4492 4491/4491/4491
f 4496/4496/4496 4495/4495/4495 4494/4494/4494
f 4497/4497/4497 4496/4496/4496 4494/4494/4494
f 4500/4500/4500 4499/4499/4499 4498/4498/4498
f 4501/4501/4501 4500/4500/4500 4498/4498/4498
f 4504/4504/4504 4503/4503/4503 4502/4502/4502
f 4505/4505/4505 4504/4504/4504 4502/4502/4502
f 4506/4506/4506 4504/4504/4504 4505/4505/4505
f 4507/4507/4507 4506/4506/4506 4505/4505/4505
f 4508/4508/4508 4506/4506/4506 4507/4507/4507
f 4509/4509/4509 4508/4508/4508 4507/4507/4507
f 4510/4510/4510 4508/4508/4508 4509/4509/4509
f 4511/4511/4511 4510/4510/4510 4509/4509/4509
f 4512/4512/4512 4510/4510/4510 4511/4511/4511
f 4513/4513/4513 4512/4512/4512 4511/4511/4511
f 4514/4514/4514 4512/4512/4512 4513/4513/4513
f 4515/4515/4515 4514/4514/4514 4513/4513/4513
f 4518/4518/4518 4517/4517/4517 4516/4516/4516
f 4517/4517/4517 4519/4519/4519 4516/4516/4516
f 4516/4516/4516 4519/4519/4519 4520/4520/4520
f 4519/4519/4519 4521/4521/4521 4520/4520/4520
f 4520/4520/4520 4521/4521/4521 4522/4522/4522
f 4521/4521/4521 4523/4523/4523 4522/4522/4522
f 4522/4522/4522 4523/4523/4523 4524/4524/4524
f 4523/4523/4523 4525/4525/4525 4524/4524/4524
f 4524/4524/4524 4525/4525/4525 4526/4526/4526
f 4525/4525/4525 4527/4527/4527 4526/4526/4526
f 4526/4526/4526 4527/4527/4527 4528/4528/4528
f 4527/4527/4527 4529/4529/4529 4528/4528/4528
f 4532/4532/4532 4531/4531/4531 4530/4530/4530
f 4533/4533/4533 4532/4532/4532 4530/4530/4530
f 4534/4534/4534 4532/4532/4532 4533/4533/4533
f 4535/4535/4535 4534/4534/4534 4533/4533/4533
f 4536/4536/4536 4534/4534/4534 4535/4535/4535
f 4537/4537/4537 4536/4536/4536 4535/4535/4535
f 4538/4538/4538 4536/4536/4536 4537/4537/4537
f 4539/4539/4539 4538/4538/4538 4537/4537/4537
f 4540/4540/4540 4538/4538/4538 4539/4539/4539
f 4541/4541/4541 4540/4540/4540 4539/4539/4539
f 4542/4542/4542 4540/4540/4540 4541/4541/4541
f 4543/4543/4543 4542/4542/4542 4541/4541/4541
f 4546/4546/4546 4545/4545/4545 4544/4544/4544
f 4545/4545/4545 4547/4547/4547 4544/4544/4544
f 4544/4544/4544 4547/4547/4547 4548/4548/4548
f 4547/4547/4547 4549/4549/4549 4548/4548/4548
f 4548/4548/4548 4549/4549/4549 4550/4550/4550
f 4549/4549/4549 4551/4551/4551 4550/4550/4550
f 4550/4550/4550 4551/4551/4551 4552/4552/4552
f 4551/4551/4551 4553/4553/4553 4552/4552/4552
f 4552/4552/4552 4553/4553/4553 4554/4554/4554
f 4553/4553/4553 4555/4555/4555 4554/4554/4554
f 4554/4554/4554 4555/4555/4555 4556/4556/4556
f 4555/4555/4555 4557/4557/4557 4556/4556/4556
f 4556/4556/4556 4557/4557/4557 4558/4558/4558
f 4559/4559/4559 4556/4556/4556 4558/4558/4558
f 4557/4557/4557 4560/4560/4560 4558/4558/4558
f 4560/4560/4560 4561/4561/4561 4558/4558/4558
f 4558/4558/4558 4561/4561/4561 4562/4562/4562
f 4563/4563/4563 4558/4558/4558 4562/4562/4562
f 4561/4561/4561 4560/4560/4560 4564/4564/4564
f 4560/4560/4560 4565/4565/4565 4564/4564/4564
f 4566/4566/4566 4565/4565/4565 4560/4560/4560
f 4567/4567/4567 4566/4566/4566 4560/4560/4560
f 4568/4568/4568 4566/4566/4566 4567/4567/4567
f 4569/4569/4569 4568/4568/4568 4567/4567/4567
f 4570/4570/4570 4568/4568/4568 4569/4569/4569
f 4571/4571/4571 4570/4570/4570 4569/4569/4569
f 4572/4572/4572 4570/4570/4570 4571/4571/4571
f 4573/4573/4573 4572/4572/4572 4571/4571/4571
f 4574/4574/4574 4572/4572/4572 4573/4573/4573
f 4575/4575/4575 4574/4574/4574 4573/4573/4573
f 4576/4576/4576 4574/4574/4574 4575/4575/4575
f 4577/4577/4577 4576/4576/4576 4575/4575/4575
f 4580/4580/4580 4579/4579/4579 4578/4578/4578
f 4581/4581/4581 4580/4580/4580 4578/4578/4578
f 4584/4584/4584 4583/4583/4583 4582/4582/4582
f 4585/4585/4585 4584/4584/4584 4582/4582/4582
f 4588/4588/4588 4587/4587/4587 4586/4586/4586
f 4587/4587/4587 4589/4589/4589 4586/4586/4586
f 4590/4590/4590 4589/4589/4589 4587/4587/4587
f 4589/4589/4589 4590/4590/4590 4591/4591/4591
f 4590/4590/4590 4592/4592/4592 4591/4591/4591
f 4593/4593/4593 4592/4592/4592 4590/4590/4590
f 4594/4594/4594 4593/4593/4593 4590/4590/4590
f 4595/4595/4595 4593/4593/4593 4594/4594/4594
f 4596/4596/4596 4595/4595/4595 4594/4594/4594
f 4597/4597/4597 4595/4595/4595 4596/4596/4596
f 4598/4598/4598 4597/4597/4597 4596/4596/4596
f 4599/4599/4599 4597/4597/4597 4598/4598/4598
f 4600/4600/4600 4599/4599/4599 4598/4598/4598
f 4601/4601/4601 4599/4599/4599 4600/4600/4600
f 4602/4602/4602 4601/4601/4601 4600/4600/4600
f 4603/4603/4603 4601/4601/4601 4602/4602/4602
f 4604/4604/4604 4603/4603/4603 4602/4602/4602
f 4605/4605/4605 4590/4590/4590 4587/4587/4587
f 4606/4606/4606 4605/4605/4605 4587/4587/4587
f 4607/4607/4607 4606/4606/4606 4587/4587/4587
f 4608/4608/4608 4605/4605/4605 4606/4606/4606
f 4609/4609/4609 4608/4608/4608 4606/4606/4606
f 4610/4610/4610 4608/4608/4608 4609/4609/4609
f 4611/4611/4611 4610/4610/4610 4609/4609/4609
f 4612/4612/4612 4610/4610/4610 4611/4611/4611
f 4613/4613/4613 4612/4612/4612 4611/4611/4611
f 4614/4614/4614 4612/4612/4612 4613/4613/4613
f 4615/4615/4615 4614/4614/4614 4613/4613/4613
f 4616/4616/4616 4614/4614/4614 4615/4615/4615
f 4617/4617/4617 4616/4616/4616 4615/4615/4615
f 4618/4618/4618 4616/4616/4616 4617/4617/4617
f 4619/4619/4619 4618/4618/4618 4617/4617/4617
f 4622/4622/4622 4621/4621/4621 4620/4620/4620
f 4621/4621/4621 4623/4623/4623 4620/4620/4620
f 4620/4620/4620 4623/4623/4623 4624/4624/4624
f 4623/4623/4623 4625/4625/4625 4624/4624/4624
f 4624/4624/4624 4625/4625/4625 4626/4626/4626
f 4625/4625/4625 4627/4627/4627 4626/4626/4626
f 4626/4626/4626 4627/4627/4627 4628/4628/4628
f 4627/4627/4627 4629/4629/4629 4628/4628/4628
f 4628/4628/4628 4629/4629/4629 4630/4630/4630
f 4629/4629/4629 4631/4631/4631 4630/4630/4630
f 4630/4630/4630 4631/4631/4631 4632/4632/4632
f 4631/4631/4631 4633/4633/4633 4632/4632/4632
f 4636/4636/4636 4635/4635/4635 4634/4634/4634
f 4635/4635/4635 4637/4637/4637 4634/4634/4634
f 4634/4634/4634 4637/4637/4637 4638/4638/4638
f 4637/4637/4637 4639/4639/4639 4638/4638/4638
f 4638/4638/4638 4639/4639/4639 4640/4640/4640
f 4639/4639/4639 4641/4641/4641 4640/4640/4640
f 4640/4640/4640 4641/4641/4641 4642/4642/4642
f 4641/4641/4641 4643/4643/4643 4642/4642/4642
f 4642/4642/4642 4643/4643/4643 4644/4644/4644
f 4643/4643/4643 4645/4645/4645 4644/4644/4644
f 4644/4644/4644 4645/4645/4645 4646/4646/4646
f 4645/4645/4645 4647/4647/4647 4646/4646/4646
f 4650/4650/4650 4649/4649/4649 4648/4648/4648
f 4651/4651/4651 4650/4650/4650 4648/4648/4648
f 4652/4652/4652 4650/4650/4650 4651/4651/4651
f 4653/4653/4653 4652/4652/4652 4651/4651/4651
f 4654/4654/4654 4652/4652/4652 4653/4653/4653
f 4655/4655/4655 4654/4654/4654 4653/4653/4653
f 4656/4656/4656 4654/4654/4654 4655/4655/4655
f 4657/4657/4657 4656/4656/4656 4655/4655/4655
f 4658/4658/4658 4656/4656/4656 4657/4657/4657
f 4659/4659/4659 4658/4658/4658 4657/4657/4657
f 4660/4660/4660 4658/4658/4658 4659/4659/4659
f 4661/4661/4661 4660/4660/4660 4659/4659/4659
f 4664/4664/4664 4663/4663/4663 4662/4662/4662
f 4665/4665/4665 4664/4664/4664 4662/4662/4662
f 4668/4668/4668 4667/4667/4667 4666/4666/4666
f 4669/4669/4669 4668/4668/4668 4666/4666/4666
f 4672/4672/4672 4671/4671/4671 4670/4670/4670
f 4671/4671/4671 4673/4673/4673 4670/4670/4670
f 4670/4670/4670 4673/4673/4673 4674/4674/4674
f 4673/4673/4673 4675/4675/4675 4674/4674/4674
f 4674/4674/4674 4675/4675/4675 4676/4676/4676
f 4675/4675/4675 4677/4677/4677 4676/4676/4676
f 4676/4676/4676 4677/4677/4677 4678/4678/4678
f 4677/4677/4677 4679/4679/4679 4678/4678/4678
f 4678/4678/4678 4679/4679/4679 4680/4680/4680
f 4679/4679/4679 4681/4681/4681 4680/4680/4680
f 4680/4680/4680 4681/4681/4681 4682/4682/4682
f 4681/4681/4681 4683/4683/4683 4682/4682/4682
f 4682/4682/4682 4683/4683/4683 4684/4684/4684
f 4685/4685/4685 4682/4682/4682 4684/4684/4684
f 4683/4683/4683 4686/4686/4686 4684/4684/4684
f 4686/4686/4686 4687/4687/4687 4684/4684/4684
f 4684/4684/4684 4687/4687/4687 4688/4688/4688
f 4689/4689/4689 4684/4684/4684 4688/4688/4688
f 4687/4687/4687 4686/4686/4686 4690/4690/4690
f 4686/4686/4686 4691/4691/4691 4690/4690/4690
f 4692/4692/4692 4691/4691/4691 4686/4686/4686
f 4693/4693/4693 4692/4692/4692 4686/4686/4686
f 4694/4694/4694 4692/4692/4692 4693/4693/4693
f 4695/4695/4695 4694/4694/4694 4693/4693/4693
f 4696/4696/4696 4694/4694/4694 4695/4695/4695
f 4697/4697/4697 4696/4696/4696 4695/4695/4695
f 4698/4698/4698 4696/4696/4696 4697/4697/4697
f 4699/4699/4699 4698/4698/4698 4697/4697/4697
f 4700/4700/4700 4698/4698/4698 4699/4699/4699
f 4701/4701/4701 4700/4700/4700 4699/4699/4699
f 4702/4702/4702 4700/4700/4700 4701/4701/4701
f 4703/4703/4703 4702/4702/4702 4701/4701/4701
f 4706/4706/4706 4705/4705/4705 4704/4704/4704
f 4707/4707/4707 4706/4706/4706 4704/4704/4704
f 4710/4710/4710 4709/4709/4709 4708/4708/4708
f 4711/4711/4711 4710/4710/4710 4708/4708/4708
f 4714/4714/4714 4713/4713/4713 4712/4712/4712
f 4715/4715/4715 4714/4714/4714 4712/4712/4712
f 4716/4716/4716 4714/4714/4714 4715/4715/4715
f 4717/4717/4717 4716/4716/4716 4715/4715/4715
f 4718/4718/4718 4716/4716/4716 4717/4717/4717
f 4719/4719/4719 4718/4718/4718 4717/4717/4717
f 4720/4720/4720 4718/4718/4718 4719/4719/4719
f 4721/4721/4721 4720/4720/4720 4719/4719/4719
f 4722/4722/4722 4720/4720/4720 4721/4721/4721
f 4723/4723/4723 4722/4722/4722 4721/4721/4721
f 4724/4724/4724 4722/4722/4722 4723/4723/4723
f 4725/4725/4725 4724/4724/4724 4723/4723/4723
f 4728/4728/4728 4727/4727/4727 4726/4726/4726
f 4727/4727/4727 4729/4729/4729 4726/4726/4726
f 4726/4726/4726 4729/4729/4729 4730/4730/4730
f 4729/4729/4729 4731/4731/4731 4730/4730/4730
f 4730/4730/4730 4731/4731/4731 4732/4732/4732
f 4731/4731/4731 4733/4733/4733 4732/4732/4732
f 4732/4732/4732 4733/4733/4733 4734/4734/4734
f 4733/4733/4733 4735/4735/4735 4734/4734/4734
f 4734/4734/4734 4735/4735/4735 4736/4736/4736
f 4735/4735/4735 4737/4737/4737 4736/4736/4736
f 4736/4736/4736 4737/4737/4737 4738/4738/4738
f 4737/4737/4737 4739/4739/4739 4738/4738/4738
f 4742/4742/4742 4741/4741/4741 4740/4740/4740
f 4743/4743/4743 4742/4742/4742 4740/4740/4740
f 4744/4744/4744 4742/4742/4742 4743/4743/4743
f 4745/4745/4745 4744/4744/4744 4743/4743/4743
f 4746/4746/4746 4744/4744/4744 4745/4745/4745
f 4747/4747/4747 4746/4746/4746 4745/4745/4745
f 4748/4748/4748 4746/4746/4746 4747/4747/4747
f 4749/4749/4749 4748/4748/4748 4747/4747/4747
f 4750/4750/4750 4748/4748/4748 4749/4749/4749
f 4751/4751/4751 4750/4750/4750 4749/4749/4749
f 4752/4752/4752 4750/4750/4750 4751/4751/4751
f 4753/4753/4753 4752/4752/4752 4751/4751/4751
f 4756/4756/4756 4755/4755/4755 4754/4754/4754
f 4755/4755/4755 4757/4757/4757 4754/4754/4754
f 4754/4754/4754 4757/4757/4757 4758/4758/4758
f 4757/4757/4757 4759/4759/4759 4758/4758/4758
f 4758/4758/4758 4759/4759/4759 4760/4760/4760
f 4759/4759/4759 4761/4761/4761 4760/4760/4760
f 4760/4760/4760 4761/4761/4761 4762/4762/4762
f 4761/4761/4761 4763/4763/4763 4762/4762/4762
f 4762/4762/4762 4763/4763/4763 4764/4764/4764
f 4763/4763/4763 4765/4765/4765 4764/4764/4764
f 4764/4764/4764 4765/4765/4765 4766/4766/4766
f 4765/4765/4765 4767/4767/4767 4766/4766/4766
f 4766/4766/4766 4767/4767/4767 4768/4768/4768
f 4769/4769/4769 4766/4766/4766 4768/4768/4768
f 4767/4767/4767 4770/4770/4770 4768/4768/4768
f 4770/4770/4770 4771/4771/4771 4768/4768/4768
f 4768/4768/4768 4771/4771/4771 4772/4772/4772
f 4773/4773/4773 4768/4768/4768 4772/4772/4772
f 4771/4771/4771 4770/4770/4770 4774/4774/4774
f 4770/4770/4770 4775/4775/4775 4774/4774/4774
f 4776/4776/4776 4775/4775/4775 4770/4770/4770
f 4777/4777/4777 4776/4776/4776 4770/4770/4770
f 4778/4778/4778 4776/4776/4776 4777/4777/4777
f 4779/4779/4779 4778/4778/4778 4777/4777/4777
f 4780/4780/4780 4778/4778/4778 4779/4779/4779
f 4781/4781/4781 4780/4780/4780 4779/4779/4779
f 4782/4782/4782 4780/4780/4780 4781/4781/4781
f 4783/4783/4783 4782/4782/4782 4781/4781/4781
f 4784/4784/4784 4782/4782/4782 4783/4783/4783
f 4785/4785/4785 4784/4784/4784 4783/4783/4783
f 4786/4786/4786 4784/4784/4784 4785/4785/4785
f 4787/4787/4787 4786/4786/4786 4785/4785/4785
f 4790/4790/4790 4789/4789/4789 4788/4788/4788
f 4791/4791/4791 4790/4790/4790 4788/4788/4788
f 4794/4794/4794 4793/4793/4793 4792/4792/4792
f 4795/4795/4795 4794/4794/4794 4792/4792/4792
f 4798/4798/4798 4797/4797/4797 4796/4796/4796
f 4797/4797/4797 4799/4799/4799 4796/4796/4796
f 4800/4800/4800 4799/4799/4799 4797/4797/4797
f 4799/4799/4799 4800/4800/4800 4801/4801/4801
f 4800/4800/4800 4802/4802/4802 4801/4801/4801
f 4803/4803/4803 4802/4802/4802 4800/4800/4800
f 4804/4804/4804 4803/4803/4803 4800/4800/4800
f 4805/4805/4805 4803/4803/4803 4804/4804/4804
f 4806/4806/4806 4805/4805/4805 4804/4804/4804
f 4807/4807/4807 4805/4805/4805 4806/4806/4806
f 4808/4808/4808 4807/4807/4807 4806/4806/4806
f 4809/4809/4809 4807/4807/4807 4808/4808/4808
f 4810/4810/4810 4809/4809/4809 4808/4808/4808
f 4811/4811/4811 4809/4809/4809 4810/4810/4810
f 4812/4812/4812 4811/4811/4811 4810/4810/4810
f 4813/4813/4813 4811/4811/4811 4812/4812/4812
f 4814/4814/4814 4813/4813/4813 4812/4812/4812
f 4815/4815/4815 4800/4800/4800 4797/4797/4797
f 4816/4816/4816 4815/4815/4815 4797/4797/4797
f 4817/4817/4817 4816/4816/4816 4797/4797/4797
f 4818/4818/4818 4815/4815/4815 4816/4816/4816
f 4819/4819/4819 4818/4818/4818 4816/4816/4816
f 4820/4820/4820 4818/4818/4818 4819/4819/4819
f 4821/4821/4821 4820/4820/4820 4819/4819/4819
f 4822/4822/4822 4820/4820/4820 4821/4821/4821
f 4823/4823/4823 4822/4822/4822 4821/4821/4821
f 4824/4824/4824 4822/4822/4822 4823/4823/4823
f 4825/4825/4825 4824/4824/4824 4823/4823/4823
f 4826/4826/4826 4824/4824/4824 4825/4825/4825
f 4827/4827/4827 4826/4826/4826 4825/4825/4825
f 4828/4828/4828 4826/4826/4826 4827/4827/4827
f 4829/4829/4829 4828/4828/4828 4827/4827/4827
f 4832/4832/4832 4831/4831/4831 4830/4830/4830
f 4831/4831/4831 4833/4833/4833 4830/4830/4830
f 4830/4830/4830 4833/4833/4833 4834/4834/4834
f 4833/4833/4833 4835/4835/4835 4834/4834/4834
f 4834/4834/4834 4835/4835/4835 4836/4836/4836
f 4835/4835/4835 4837/4837/4837 4836/4836/4836
f 4836/4836/4836 4837/4837/4837 4838/4838/4838
f 4837/4837/4837 4839/4839/4839 4838/4838/4838
f 4838/4838/4838 4839/4839/4839 4840/4840/4840
f 4839/4839/4839 4841/4841/4841 4840/4840/4840
f 4840/4840/4840 4841/4841/4841 4842/4842/4842
f 4841/4841/4841 4843/4843/4843 4842/4842/4842
f 4846/4846/4846 4845/4845/4845 4844/4844/4844
f 4845/4845/4845 4847/4847/4847 4844/4844/4844
f 4844/4844/4844 4847/4847/4847 4848/4848/4848
f 4847/4847/4847 4849/4849/4849 4848/4848/4848
f 4848/4848/4848 4849/4849/4849 4850/4850/4850
f 4849/4849/4849 4851/4851/4851 4850/4850/4850
f 4850/4850/4850 4851/4851/4851 4852/4852/4852
f 4851/4851/4851 4853/4853/4853 4852/4852/4852
f 4852/4852/4852 4853/4853/4853 4854/4854/4854
f 4853/4853/4853 4855/4855/4855 4854/4854/4854
f 4854/4854/4854 4855/4855/4855 4856/4856/4856
f 4855/4855/4855 4857/4857/4857 4856/4856/4856
f 4860/4860/4860 4859/4859/4859 4858/4858/4858
f 4861/4861/4861 4860/4860/4860 4858/4858/4858
f 4862/4862/4862 4860/4860/4860 4861/4861/4861
f 4863/4863/4863 4862/4862/4862 4861/4861/4861
f 4864/4864/4864 4862/4862/4862 4863/4863/4863
f 4865/4865/4865 4864/4864/4864 4863/4863/4863
f 4866/4866/4866 4864/4864/4864 4865/4865/4865
f 4867/4867/4867 4866/4866/4866 4865/4865/4865
f 4868/4868/4868 4866/4866/4866 4867/4867/4867
f 4869/4869/4869 4868/4868/4868 4867/4867/4867
f 4870/4870/4870 4868/4868/4868 4869/4869/4869
f 4871/4871/4871 4870/4870/4870 4869/4869/4869
f 4874/4874/4874 4873/4873/4873 4872/4872/4872
f 4875/4875/4875 4874/4874/4874 4872/4872/4872
f 4878/4878/4878 4877/4877/4877 4876/4876/4876
f 4879/4879/4879 4878/4878/4878 4876/4876/4876
f 4882/4882/4882 4881/4881/4881 4880/4880/4880
f 4881/4881/4881 4883/4883/4883 4880/4880/4880
f 4880/4880/4880 4883/4883/4883 4884/4884/4884
f 4883/4883/4883 4885/4885/4885 4884/4884/4884
f 4884/4884/4884 4885/4885/4885 4886/4886/4886
f 4885/4885/4885 4887/4887/4887 4886/4886/4886
f 4886/4886/4886 4887/4887/4887 4888/4888/4888
f 4887/4887/4887 4889/4889/4889 4888/4888/4888
f 4888/4888/4888 4889/4889/4889 4890/4890/4890
f 4889/4889/4889 4891/4891/4891 4890/4890/4890
f 4890/4890/4890 4891/4891/4891 4892/4892/4892
f 4891/4891/4891 4893/4893/4893 4892/4892/4892
f 4892/4892/4892 4893/4893/4893 4894/4894/4894
f 4895/4895/4895 4892/4892/4892 4894/4894/4894
f 4893/4893/4893 4896/4896/4896 4894/4894/4894
f 4896/4896/4896 4897/4897/4897 4894/4894/4894
f 4894/4894/4894 4897/4897/4897 4898/4898/4898
f 4899/4899/4899 4894/4894/4894 4898/4898/4898
f 4897/4897/4897 4896/4896/4896 4900/4900/4900
f 4896/4896/4896 4901/4901/4901 4900/4900/4900
f 4902/4902/4902 4901/4901/4901 4896/4896/4896
f 4903/4903/4903 4902/4902/4902 4896/4896/4896
f 4904/4904/4904 4902/4902/4902 4903/4903/4903
f 4905/4905/4905 4904/4904/4904 4903/4903/4903
f 4906/4906/4906 4904/4904/4904 4905/4905/4905
f 4907/4907/4907 4906/4906/4906 4905/4905/4905
f 4908/4908/4908 4906/4906/4906 4907/4907/4907
f 4909/4909/4909 4908/4908/4908 4907/4907/4907
f 4910/4910/4910 4908/4908/4908 4909/4909/4909
f 4911/4911/4911 4910/4910/4910 4909/4909/4909
f 4912/4912/4912 4910/4910/4910 4911/4911/4911
f 4913/4913/4913 4912/4912/4912 4911/4911/4911
f 4916/4916/4916 4915/4915/4915 4914/4914/4914
f 4917/4917/4917 4916/4916/4916 4914/4914/4914
f 4920/4920/4920 4919/4919/4919 4918/4918/4918
f 4921/4921/4921 4920/4920/4920 4918/4918/4918
