g Treasure Chest Mesh
v -0.027065137 -0.0100727845 0.016287027
v -0.028096328 -0.011839003 0.013522961
v -0.027075447 -0.011837703 0.016291857
v -0.028086016 -0.010076099 0.01351813
v -0.027063664 -0.007202941 0.016286338
v -0.028084543 -0.007206256 0.01351744
v -0.02706219 -0.004333098 0.016285647
v -0.02808307 -0.004336413 0.01351675
v -0.027060717 -0.0014632553 0.016284956
v -0.028081596 -0.0014665702 0.01351606
v -0.027059244 0.0014065873 0.016284266
v -0.028080123 0.0014032727 0.01351537
v -0.027057774 0.0042764302 0.016283575
v -0.02807865 0.004273116 0.013514679
v -0.027056303 0.0071462723 0.016282886
v -0.028077178 0.0071429587 0.013513989
v -0.02705483 0.010016115 0.016282197
v -0.028075704 0.010012802 0.013513301
v -0.027044518 0.011805433 0.016277367
v -0.028065395 0.011804134 0.01350847
v -0.010593895 -0.013463118 0.008532985
v -0.010593524 -0.013845395 0.008532978
v -0.010047474 -0.013844696 0.010014018
v -0.010047845 -0.013462422 0.010014025
v -0.010582149 -0.011415746 0.008527481
v -0.010036099 -0.011413975 0.01000852
v -0.010580471 -0.008145869 0.008526695
v -0.0100344205 -0.008144097 0.010007734
v -0.011071429 -0.008147465 0.0071950792
v -0.011073108 -0.011417342 0.0071958653
v -0.0105787935 -0.004875991 0.008525909
v -0.010032743 -0.0048742197 0.010006948
v -0.011245794 -0.008148031 0.0067221527
v -0.011247473 -0.011417909 0.0067229387
v -0.011244116 -0.0048781536 0.0067213667
v -0.011069751 -0.0048775873 0.007194293
v -0.011242439 -0.0016082757 0.00672058
v -0.011068074 -0.0016077094 0.0071935067
v -0.011240761 0.0016616016 0.006719794
v -0.010577116 -0.0016061133 0.008525123
v -0.010031066 -0.0016043418 0.010006163
v -0.011066396 0.0016621678 0.0071927207
v -0.010575437 0.0016637644 0.008524337
v -0.011239083 0.004931479 0.006719008
v -0.010029388 0.0016655358 0.010005376
v -0.011064718 0.0049320455 0.0071919346
v -0.011237404 0.008201357 0.0067182216
v -0.010573759 0.004933642 0.008523551
v -0.0100277085 0.0049354136 0.010004589
v -0.011063039 0.008201923 0.007191148
v -0.011235726 0.011471234 0.0067174355
v -0.01106136 0.0114718005 0.007190362
v -0.0105720805 0.00820352 0.008522764
v -0.01002603 0.008205292 0.010003803
v -0.010570402 0.011473398 0.008521978
v -0.010024352 0.011475169 0.010003018
v -0.0105586555 0.013475697 0.008516475
v -0.010012605 0.013476391 0.009997514
v -0.010559026 0.013858169 0.008516482
v -0.010012976 0.013858869 0.009997522
v -0.025536908 -0.010067277 0.012578281
v -0.028096328 -0.011839003 0.013522961
v -0.028086016 -0.010076099 0.01351813
v -0.025547218 -0.0118355425 0.012583111
v -0.022987803 -0.010058458 0.011638431
v -0.022998113 -0.011832084 0.011643262
v -0.0204387 -0.010049637 0.010698579
v -0.02044901 -0.011828623 0.01070341
v -0.017889597 -0.010040813 0.009758729
v -0.017899908 -0.011825161 0.009763559
v -0.015340492 -0.010031992 0.00881888
v -0.015350802 -0.0118217 0.0088237105
v -0.012791388 -0.01002317 0.007879028
v -0.012801697 -0.011818239 0.007883859
v -0.014329927 -0.011820399 0.011592605
v -0.012801697 -0.011818239 0.007883859
v -0.011780822 -0.011816938 0.010652755
v -0.015350802 -0.0118217 0.0088237105
v -0.01687903 -0.01182386 0.012532457
v -0.017899908 -0.011825161 0.009763559
v -0.019428134 -0.011827321 0.013472307
v -0.02044901 -0.011828623 0.01070341
v -0.021977238 -0.011830781 0.014412158
v -0.022998113 -0.011832084 0.011643262
v -0.024526345 -0.0118342405 0.015352007
v -0.025547218 -0.0118355425 0.012583111
v -0.027075447 -0.011837703 0.016291857
v -0.028096328 -0.011839003 0.013522961
v -0.024495415 0.011808895 0.015337516
v -0.028065395 0.011804134 0.01350847
v -0.027044518 0.011805433 0.016277367
v -0.025516292 0.011807594 0.01256862
v -0.021946313 0.011812356 0.014397665
v -0.02296719 0.011811053 0.011628768
v -0.019397208 0.011815816 0.013457815
v -0.020418083 0.011814514 0.010688919
v -0.016848102 0.011819277 0.0125179645
v -0.017868979 0.011817976 0.009749069
v -0.014298998 0.011822736 0.011578115
v -0.015319873 0.011821437 0.008809218
v -0.011749894 0.011826198 0.010638264
v -0.012770769 0.0118248975 0.007869368
v -0.011760203 0.010069047 0.010643095
v -0.012770769 0.0118248975 0.007869368
v -0.011749894 0.011826198 0.010638264
v -0.012781079 0.010065732 0.007874198
v -0.011761676 0.0071992036 0.010643785
v -0.01278255 0.0071958886 0.007874888
v -0.011763148 0.0043293606 0.010644475
v -0.012784023 0.0043260455 0.0078755785
v -0.011764621 0.0014595174 0.010645165
v -0.012785496 0.0014562022 0.007876269
v -0.011766095 -0.0014103258 0.010645855
v -0.01278697 -0.0014136409 0.007876959
v -0.011767567 -0.004280169 0.010646545
v -0.012788442 -0.004283484 0.007877648
v -0.01176904 -0.007150012 0.0106472345
v -0.012789914 -0.007153327 0.007878338
v -0.011770513 -0.010019856 0.010647925
v -0.012791388 -0.01002317 0.007879028
v -0.011780822 -0.011816938 0.010652755
v -0.012801697 -0.011818239 0.007883859
v -0.008155959 -0.010093221 0.0032847088
v -0.008166283 -0.011807016 0.00055800437
v -0.0081662685 -0.0118083805 0.0032886367
v -0.008155974 -0.010089727 0.0005531749
v -0.008145649 0.010093414 0.00328078
v -0.008145664 0.010096909 0.00054834515
v -0.008135339 0.011834757 0.0032768522
v -0.008135354 0.011836122 0.00054351566
v 0.0077272453 -0.013444807 0.0080248155
v 0.0077281115 -0.013796348 0.008024565
v 0.0077280677 -0.013794528 0.002005035
v 0.0077272016 -0.013442987 0.0020052842
v 0.0062955627 -0.011795712 0.0032886877
v 0.008134837 -0.011788014 0.00055809855
v 0.008134851 -0.011789379 0.003288713
v 0.0062955283 -0.011794347 0.00055806723
v -0.006368146 -0.011802046 0.003288662
v -0.00636818 -0.011800682 0.0005580357
v 0.0062955627 -0.011795712 0.0032886877
v -0.0081662685 -0.0118083805 0.0032886367
v -0.00636818 -0.011800682 0.0005580357
v -0.008166283 -0.011807016 0.00055800437
v -0.0062960633 0.011841092 0.0032768773
v -0.008135354 0.011836122 0.00054351566
v -0.008135339 0.011834757 0.0032768522
v -0.0062960973 0.011842456 0.000543547
v 0.006367644 0.011847426 0.0032769036
v 0.0063676094 0.011848791 0.0005435785
v 0.008165779 0.011853759 0.0032769286
v 0.008165765 0.011855124 0.00054360984
v 0.00815547 0.010142085 0.0032808566
v 0.008155456 0.010145579 0.00054843933
v 0.008165765 0.011855124 0.00054360984
v 0.008165779 0.011853759 0.0032769286
v 0.00814516 -0.0100445505 0.003284785
v 0.008155456 0.010145579 0.00054843933
v 0.008145146 -0.010041056 0.00055326906
v 0.008134851 -0.011789379 0.003288713
v 0.008134837 -0.011788014 0.00055809855
v -0.029335294 0.011408462 0.015440562
v -0.029323548 0.013450222 0.015435059
v -0.029365709 0.013520226 0.015450581
v -0.029516915 0.011574155 0.015507495
v -0.029506836 0.013476581 0.015502701
v -0.029518565 0.008256724 0.015508279
v -0.029336972 0.008138585 0.015441348
v -0.029520214 0.004939292 0.015509062
v -0.029338649 0.004868707 0.015442134
v -0.02952186 0.0016218602 0.015509846
v -0.029340327 0.0015988296 0.015442919
v -0.02952351 -0.0016955715 0.01551063
v -0.029342005 -0.0016710481 0.015443706
v -0.02952516 -0.005013003 0.015511415
v -0.029343683 -0.0049409256 0.015444493
v -0.029526807 -0.008330435 0.015512199
v -0.029345362 -0.008210803 0.015445279
v -0.029528458 -0.011647867 0.015512983
v -0.02934704 -0.011480682 0.015446065
v -0.029358784 -0.013488593 0.015451568
v -0.029400937 -0.013559009 0.015467131
v -0.029538514 -0.013515747 0.015517767
v -0.029283686 -0.013797212 0.015417214
v 0.009993777 -0.011451023 0.008014949
v 0.010345316 -0.011452467 0.008014945
v 0.010357061 0.011548009 0.008005008
v 0.0100055225 0.011549479 0.008005013
v -0.007809784 -0.013452578 0.008024745
v -0.0078089004 -0.013804119 0.008024494
v 0.0077281115 -0.013796348 0.008024565
v 0.0077272453 -0.013444807 0.0080248155
v -0.010005991 -0.011506074 0.0019952063
v -0.009994244 0.011494429 0.0019852694
v -0.009994226 0.011489767 0.008004801
v -0.010005972 -0.011510736 0.008014739
v 0.010005504 0.0115541415 0.0019854805
v 0.009993757 -0.0114463605 0.0019954175
v 0.009993777 -0.011451023 0.008014949
v 0.0100055225 0.011549479 0.008005013
v 0.009993757 -0.0114463605 0.0019954175
v 0.010345297 -0.011447805 0.001995413
v 0.010345316 -0.011452467 0.008014945
v 0.009993777 -0.011451023 0.008014949
v -0.010017699 -0.013462169 0.01000829
v -0.010266287 -0.013710735 0.010008067
v -0.010357492 -0.011514245 0.010002794
v -0.010005952 -0.011515397 0.010002788
v -0.010345745 0.01148623 0.0099972915
v -0.009994205 0.011485105 0.009997286
v -0.010231016 0.013725243 0.009992014
v -0.009982458 0.013476646 0.009991784
v -0.0081662275 -0.011812176 0.010007293
v -0.008155918 -0.010102943 0.010002464
v -0.008145609 0.010083693 0.009997634
v -0.006368051 -0.011805842 0.010007324
v -0.0078097377 -0.013454399 0.01000833
v -0.008135299 0.011830962 0.009992804
v -0.007727608 0.0134844165 0.009991823
v 0.0062956577 -0.011799507 0.010007355
v 0.0077272914 -0.013446627 0.010008369
v -0.006295969 0.011837296 0.009992836
v 0.0078094187 0.013492188 0.009991861
v 0.008134892 -0.011793173 0.010007386
v 0.009720398 -0.013205743 0.010008263
v 0.006367739 0.011843631 0.009992868
v 0.009716976 0.013232326 0.009992062
v 0.008145201 -0.010054273 0.010002557
v 0.009993795 -0.011455685 0.010002905
v 0.00816582 0.011849965 0.009992898
v 0.010005542 0.011544817 0.009997403
v 0.00815551 0.010132364 0.009997727
v -0.0078396965 0.011535245 0.00999264
v -0.0062951446 0.011419171 0.009992608
v -0.0077274847 0.010082355 0.0099976305
v 0.00636858 0.011425505 0.0099926395
v 0.007869473 0.011554993 0.00999274
v -0.007737794 -0.010104313 0.01000246
v 0.007737386 0.010133724 0.009997731
v 0.0077270768 -0.010052924 0.01000256
v -0.0078705195 -0.011516564 0.010007451
v 0.007839908 -0.011496839 0.010007551
v -0.0063688923 -0.011387716 0.010007552
v 0.0062948335 -0.011381381 0.010007583
v -0.0062960973 0.011842456 0.000543547
v -0.008145664 0.010096909 0.00054834515
v -0.008135354 0.011836122 0.00054351566
v -0.006320124 0.010113132 0.0005483764
v 0.0063676094 0.011848791 0.0005435785
v -0.008155974 -0.010089727 0.0005531749
v 0.0063435826 0.010129356 0.000548408
v 0.008165765 0.011855124 0.00054360984
v 0.008155456 0.010145579 0.00054843933
v -0.006344152 -0.010073504 0.0005532062
v -0.008166283 -0.011807016 0.00055800437
v -0.00636818 -0.011800682 0.0005580357
v 0.006319556 -0.01005728 0.0005532378
v 0.008145146 -0.010041056 0.00055326906
v 0.0062955283 -0.011794347 0.00055806723
v 0.008134837 -0.011788014 0.00055809855
v 0.0077819093 0.011538898 -2.6091932E-06
v 0.0099937385 -0.0114417 2.9325486E-06
v 0.010005484 0.011558802 -2.5701522E-06
v 0.0077545326 -0.011461604 2.8935074E-06
v -0.0077551203 0.011518993 -2.6479363E-06
v -0.0077824974 -0.011481509 2.8547645E-06
v -0.009994264 0.01149909 -2.6869773E-06
v -0.0100060105 -0.011501412 2.8157233E-06
v -0.01035755 -0.011500267 2.8210127E-06
v -0.010345804 0.011500223 -2.6816926E-06
v -0.010266943 -0.013704677 8.0959E-06
v -0.00935238 0.012632577 -8.189678E-06
v -0.009385398 -0.012605708 8.318424E-06
v -0.007809167 -0.01380048 8.037147E-06
v -0.010230498 0.013731278 -7.957726E-06
v -0.007809873 -0.013448939 8.357465E-06
v -0.0100060105 -0.011501412 2.8157233E-06
v -0.0077824974 -0.011481509 2.8547645E-06
v 0.0077278507 -0.0137927085 8.075948E-06
v 0.007727157 -0.013441168 8.396208E-06
v 0.0077545326 -0.011461604 2.8935074E-06
v 0.009351856 -0.012583869 8.43525E-06
v 0.009775366 -0.01370213 8.181821E-06
v 0.0099937385 -0.0114417 2.9325486E-06
v 0.0099458825 -0.013326237 8.279835E-06
v -0.0077277427 0.013489877 -8.150637E-06
v -0.0077284365 0.013841418 -7.828224E-06
v 0.010253865 -0.013437064 7.1328877E-06
v 0.009775366 -0.01370213 8.181821E-06
v 0.010345278 -0.011442825 2.927292E-06
v 0.010357024 0.011557651 -2.5754678E-06
v 0.010005484 0.011558802 -2.5701522E-06
v 0.010284723 0.013508948 -6.75559E-06
v 0.009980934 0.013398402 -7.920952E-06
v -0.0077551203 0.011518993 -2.6479363E-06
v -0.009994264 0.01149909 -2.6869773E-06
v 0.0077819093 0.011538898 -2.6091932E-06
v 0.0078092855 0.013497648 -8.111894E-06
v 0.007808579 0.013849189 -7.789486E-06
v 0.009384869 0.012654417 -8.072853E-06
v 0.009810531 0.013771624 -7.837445E-06
v 0.0100055225 0.011549479 0.008005013
v 0.010357061 0.011548009 0.008005008
v 0.010357043 0.011552671 0.0019854761
v 0.010005504 0.0115541415 0.0019854805
v 0.0077272016 -0.013442987 0.0020052842
v -0.0078098285 -0.0134507585 0.0020052136
v -0.007809784 -0.013452578 0.008024745
v 0.0077272453 -0.013444807 0.0080248155
v 0.007809374 0.013494007 0.007995006
v 0.0078084907 0.013845548 0.007995254
v -0.0077285185 0.013837778 0.0079951845
v -0.007727653 0.013486237 0.007994935
v -0.0077276984 0.013488058 0.0019754027
v 0.0078093302 0.013495829 0.001975473
v 0.007809374 0.013494007 0.007995006
v -0.007727653 0.013486237 0.007994935
v 0.0078093302 0.013495829 0.001975473
v 0.007808447 0.01384737 0.0019757235
v 0.0078084907 0.013845548 0.007995254
v 0.007809374 0.013494007 0.007995006
v -0.009994244 0.011494429 0.0019852694
v -0.010345783 0.011495873 0.0019852738
v -0.0103457635 0.011491211 0.008004806
v -0.009994226 0.011489767 0.008004801
v -0.009994226 0.011489767 0.008004801
v -0.0103457635 0.011491211 0.008004806
v -0.010357511 -0.011509266 0.008014742
v -0.010005972 -0.011510736 0.008014739
v -0.010005972 -0.011510736 0.008014739
v -0.010357511 -0.011509266 0.008014742
v -0.01035753 -0.011504604 0.0019952108
v -0.010005991 -0.011506074 0.0019952063
v -0.010709249 -0.013463264 0.008220111
v -0.0137494635 -0.013467399 0.009609903
v -0.010593895 -0.013463118 0.008532985
v -0.014680616 -0.013468586 0.0070843636
v -0.016908733 -0.013471685 0.010676784
v -0.018326487 -0.013473492 0.0068314397
v -0.020047965 -0.013475947 0.011798003
v -0.021582885 -0.013477905 0.0076348763
v -0.023163695 -0.013480178 0.012982978
v -0.02458145 -0.013481985 0.009137632
v -0.02625939 -0.013484382 0.014222292
v -0.027152158 -0.013485522 0.01180084
v -0.029358784 -0.013488593 0.015451568
v -0.029337894 -0.013488566 0.015508232
v -0.02934054 0.013450201 0.015388976
v -0.026213288 0.013454444 0.014235243
v -0.029323548 0.013450222 0.015435059
v -0.027166434 0.013453229 0.0116500445
v -0.02309378 0.01345868 0.013060523
v -0.024537124 0.01345684 0.009145771
v -0.019966116 0.013462927 0.011907924
v -0.021535432 0.013460926 0.0076514995
v -0.016838817 0.013467173 0.010754327
v -0.01828216 0.013465333 0.0068395766
v -0.01370336 0.013471428 0.009622855
v -0.014656509 0.013470213 0.0070376564
v -0.0105586555 0.013475697 0.008516475
v -0.010712306 0.013475501 0.008099728
v -0.029827928 0.008136989 0.014109733
v -0.029335294 0.011408462 0.015440562
v -0.029336972 0.008138585 0.015441348
v -0.02982625 0.011406866 0.014108946
v -0.030002292 0.008136422 0.013636806
v -0.030000614 0.0114063 0.013636019
v -0.030010683 -0.008212966 0.013640736
v -0.030012362 -0.011482844 0.013641523
v -0.027737511 -0.011474795 0.010175843
v -0.027735833 -0.008204917 0.010175056
v -0.025073223 -0.011465475 0.0077664456
v -0.025071545 -0.008195598 0.007765659
v -0.02211627 -0.01145521 0.0061508287
v -0.022114592 -0.008185333 0.0061500417
v -0.01881826 -0.011443828 0.0054602525
v -0.018816581 -0.008173951 0.005459466
v -0.015227589 -0.0114315 0.0055634547
v -0.015225911 -0.008161623 0.005562668
v -0.011247473 -0.011417909 0.0067229387
v -0.011245794 -0.008148031 0.0067221527
v -0.025532493 -0.0014577478 0.012576211
v -0.027946446 -0.0014665514 0.013882622
v -0.028081596 -0.0014665702 0.01351606
v -0.025397344 -0.0014577289 0.012942774
v -0.022983389 -0.0014489287 0.011636361
v -0.02284824 -0.0014489098 0.0120029235
v -0.020434285 -0.0014401084 0.01069651
v -0.020299133 -0.0014400897 0.011063073
v -0.017885178 -0.0014312839 0.009756659
v -0.017750029 -0.0014312651 0.010123221
v -0.015336075 -0.001422463 0.00881681
v -0.015200923 -0.0014224442 0.009183372
v -0.01278697 -0.0014136409 0.007876959
v -0.012651819 -0.0014136222 0.008243521
v -0.015340492 -0.010031992 0.00881888
v -0.012656237 -0.0100231515 0.00824559
v -0.012791388 -0.01002317 0.007879028
v -0.015205341 -0.010031973 0.009185443
v -0.017889597 -0.010040813 0.009758729
v -0.017754447 -0.0100407945 0.0101252915
v -0.0204387 -0.010049637 0.010698579
v -0.020303551 -0.010049618 0.011065142
v -0.022987803 -0.010058458 0.011638431
v -0.022852654 -0.010058438 0.012004994
v -0.025536908 -0.010067277 0.012578281
v -0.025401758 -0.010067258 0.012944844
v -0.028086016 -0.010076099 0.01351813
v -0.027950866 -0.01007608 0.013884693
v -0.028080123 0.0014032727 0.01351537
v -0.027944973 0.0014032915 0.013881932
v -0.02539587 0.0014121139 0.012942084
v -0.02553102 0.0014120952 0.012575521
v -0.022846766 0.0014209329 0.012002233
v -0.022981916 0.0014209142 0.01163567
v -0.020297663 0.0014297533 0.011062382
v -0.020432813 0.0014297345 0.01069582
v -0.017748555 0.001438578 0.010122531
v -0.017883705 0.0014385593 0.009755969
v -0.01519945 0.0014473987 0.009182682
v -0.0153346015 0.0014473798 0.00881612
v -0.012650345 0.001456221 0.008242831
v -0.012785496 0.0014562022 0.007876269
v -0.012770769 0.0118248975 0.007869368
v -0.012781079 0.010065732 0.007874198
v -0.015330182 0.010056909 0.008814049
v -0.015319873 0.011821437 0.008809218
v -0.017879289 0.010048089 0.009753899
v -0.017868979 0.011817976 0.009749069
v -0.020428393 0.010039263 0.010693749
v -0.020418083 0.011814514 0.010688919
v -0.022977497 0.010030444 0.0116336
v -0.02296719 0.011811053 0.011628768
v -0.025526602 0.010021624 0.012573451
v -0.025516292 0.011807594 0.01256862
v -0.028075704 0.010012802 0.013513301
v -0.028065395 0.011804134 0.01350847
v -0.012781079 0.010065732 0.007874198
v -0.012645927 0.010065751 0.00824076
v -0.015195031 0.010056928 0.009180611
v -0.015330182 0.010056909 0.008814049
v -0.017744137 0.010048108 0.010120461
v -0.017879289 0.010048089 0.009753899
v -0.020293243 0.010039283 0.011060311
v -0.020428393 0.010039263 0.010693749
v -0.022842348 0.010030462 0.012000162
v -0.022977497 0.010030444 0.0116336
v -0.025391452 0.010021644 0.012940013
v -0.025526602 0.010021624 0.012573451
v -0.027940555 0.01001282 0.013879863
v -0.028075704 0.010012802 0.013513301
v -0.010582149 -0.011415746 0.008527481
v -0.010393224 -0.011417018 0.008457826
v -0.01040497 -0.013464389 0.008463331
v -0.010593895 -0.013463118 0.008532985
v -0.029335294 0.011408462 0.015440562
v -0.029524218 0.011409736 0.015510215
v -0.029512474 0.013451496 0.015504713
v -0.029323548 0.013450222 0.015435059
v -0.0105586555 0.013475697 0.008516475
v -0.01036973 0.013474397 0.00844682
v -0.010381477 0.0114720985 0.008452323
v -0.010570402 0.011473398 0.008521978
v -0.029358784 -0.013488593 0.015451568
v -0.02954771 -0.013487296 0.015521222
v -0.029535966 -0.011479384 0.01551572
v -0.02934704 -0.011480682 0.015446065
v -0.030012362 -0.011482844 0.013641523
v -0.030010683 -0.008212966 0.013640736
v -0.029836318 -0.0082124 0.014113663
v -0.029837996 -0.011482278 0.014114449
v -0.029345362 -0.008210803 0.015445279
v -0.02934704 -0.011480682 0.015446065
v -0.030009005 -0.004943088 0.01363995
v -0.030007325 -0.0016732105 0.013639163
v -0.029832961 -0.0016726443 0.014112091
v -0.02983464 -0.004942522 0.014112878
v -0.029342005 -0.0016710481 0.015443706
v -0.029343683 -0.0049409256 0.015444493
v -0.029829605 0.004867111 0.014110519
v -0.029539142 0.0048688278 0.015516054
v -0.029338649 0.004868707 0.015442134
v -0.030030098 0.0048672315 0.014184439
v -0.030003969 0.0048665446 0.013637591
v -0.030216279 0.004866648 0.013613369
v -0.027729124 0.0048745926 0.010171912
v -0.027891453 0.0048746425 0.010032949
v -0.025064833 0.0048839124 0.007762514
v -0.025188625 0.0048839343 0.007588338
v -0.022107882 0.004894178 0.006146897
v -0.022181876 0.0048941677 0.005946431
v -0.018809868 0.0049055587 0.0054563205
v -0.01882889 0.004905517 0.005243483
v -0.0152191995 0.004917887 0.0055595236
v -0.0151860425 0.0049178195 0.005348426
v -0.011239083 0.004931479 0.006719008
v -0.011179316 0.0049313996 0.0065138508
v -0.030005647 0.0015966671 0.013638377
v -0.030003969 0.0048665446 0.013637591
v -0.029829605 0.004867111 0.014110519
v -0.029831283 0.0015972333 0.014111304
v -0.029338649 0.004868707 0.015442134
v -0.029340327 0.0015988296 0.015442919
v -0.015215842 0.011457642 0.005557951
v -0.011237404 0.008201357 0.0067182216
v -0.011235726 0.011471234 0.0067174355
v -0.015217521 0.008187764 0.0055587376
v -0.018806513 0.011445314 0.005454748
v -0.018808192 0.008175436 0.0054555344
v -0.022104526 0.011433934 0.0061453246
v -0.022106204 0.008164056 0.0061461106
v -0.025061475 0.011423667 0.007760942
v -0.025063153 0.00815379 0.007761728
v -0.027725767 0.011414347 0.010170339
v -0.027727446 0.00814447 0.010171126
v -0.030000614 0.0114063 0.013636019
v -0.030002292 0.008136422 0.013636806
v -0.011244116 -0.0048781536 0.0067213667
v -0.01118435 -0.004878233 0.006516209
v -0.011186027 -0.0081481105 0.0065169954
v -0.011245794 -0.008148031 0.0067221527
v -0.0152191995 0.004917887 0.0055595236
v -0.011240761 0.0016616016 0.006719794
v -0.011239083 0.004931479 0.006719008
v -0.015220878 0.0016480094 0.0055603096
v -0.018809868 0.0049055587 0.0054563205
v -0.018811548 0.0016356814 0.0054571065
v -0.022107882 0.004894178 0.006146897
v -0.02210956 0.0016243001 0.006147683
v -0.025064833 0.0048839124 0.007762514
v -0.025066512 0.0016140348 0.0077633006
v -0.027729124 0.0048745926 0.010171912
v -0.027730802 0.0016047149 0.010172699
v -0.030003969 0.0048665446 0.013637591
v -0.030005647 0.0015966671 0.013638377
v -0.015222556 -0.001621868 0.005561096
v -0.011244116 -0.0048781536 0.0067213667
v -0.011242439 -0.0016082757 0.00672058
v -0.015224233 -0.0048917457 0.005561882
v -0.018813226 -0.001634196 0.0054578935
v -0.018814903 -0.004904073 0.0054586795
v -0.022111239 -0.0016455775 0.006148469
v -0.022112915 -0.0049154554 0.0061492557
v -0.02506819 -0.0016558426 0.0077640866
v -0.025069868 -0.0049257204 0.0077648726
v -0.027732482 -0.0016651624 0.010173485
v -0.027734157 -0.00493504 0.010174271
v -0.030007325 -0.0016732105 0.013639163
v -0.030009005 -0.004943088 0.01363995
v -0.025529547 0.004281938 0.012574831
v -0.0279435 0.0042731347 0.013881242
v -0.02807865 0.004273116 0.013514679
v -0.025394397 0.0042819567 0.012941394
v -0.022980442 0.0042907572 0.01163498
v -0.022845292 0.004290776 0.012001542
v -0.02043134 0.0042995773 0.01069513
v -0.02029619 0.004299596 0.011061692
v -0.017882232 0.0043084025 0.009755279
v -0.017747082 0.004308421 0.010121841
v -0.015333127 0.0043172226 0.008815429
v -0.0151979765 0.0043172417 0.009181991
v -0.012784023 0.0043260455 0.0078755785
v -0.012648872 0.004326064 0.0082421405
v -0.025528075 0.007151781 0.012574141
v -0.02807865 0.004273116 0.013514679
v -0.028077178 0.0071429587 0.013513989
v -0.025529547 0.004281938 0.012574831
v -0.02297897 0.0071606003 0.01163429
v -0.022980442 0.0042907572 0.01163498
v -0.020429866 0.0071694204 0.0106944395
v -0.02043134 0.0042995773 0.01069513
v -0.01788076 0.0071782456 0.009754589
v -0.017882232 0.0043084025 0.009755279
v -0.015331656 0.007187066 0.008814739
v -0.015333127 0.0043172226 0.008815429
v -0.01278255 0.0071958886 0.007874888
v -0.012784023 0.0043260455 0.0078755785
v -0.02553102 0.0014120952 0.012575521
v -0.028081596 -0.0014665702 0.01351606
v -0.028080123 0.0014032727 0.01351537
v -0.025532493 -0.0014577478 0.012576211
v -0.022981916 0.0014209142 0.01163567
v -0.022983389 -0.0014489287 0.011636361
v -0.020432813 0.0014297345 0.01069582
v -0.020434285 -0.0014401084 0.01069651
v -0.017883705 0.0014385593 0.009755969
v -0.017885178 -0.0014312839 0.009756659
v -0.0153346015 0.0014473798 0.00881612
v -0.015336075 -0.001422463 0.00881681
v -0.012785496 0.0014562022 0.007876269
v -0.01278697 -0.0014136409 0.007876959
v -0.025533965 -0.004327591 0.012576901
v -0.028084543 -0.007206256 0.01351744
v -0.02808307 -0.004336413 0.01351675
v -0.025535434 -0.0071974336 0.0125775905
v -0.022984859 -0.004318772 0.011637051
v -0.02298633 -0.0071886145 0.011637741
v -0.020435758 -0.004309952 0.0106972
v -0.020437231 -0.0071797944 0.010697889
v -0.017886652 -0.004301127 0.009757348
v -0.017888123 -0.00717097 0.009758038
v -0.015337546 -0.004292306 0.0088175
v -0.015339019 -0.0071621486 0.00881819
v -0.012788442 -0.004283484 0.007877648
v -0.012789914 -0.007153327 0.007878338
v -0.028077178 0.0071429587 0.013513989
v -0.027942028 0.007142977 0.013880552
v -0.025392925 0.0071517997 0.012940703
v -0.025528075 0.007151781 0.012574141
v -0.022843821 0.007160619 0.012000852
v -0.02297897 0.0071606003 0.01163429
v -0.020294717 0.0071694395 0.011061002
v -0.020429866 0.0071694204 0.0106944395
v -0.017745608 0.0071782647 0.010121151
v -0.01788076 0.0071782456 0.009754589
v -0.015196504 0.0071870848 0.009181301
v -0.015331656 0.007187066 0.008814739
v -0.0126474 0.0071959076 0.00824145
v -0.01278255 0.0071958886 0.007874888
v -0.028075704 0.010012802 0.013513301
v -0.027940555 0.01001282 0.013879863
v -0.027942028 0.007142977 0.013880552
v -0.028077178 0.0071429587 0.013513989
v -0.012791388 -0.01002317 0.007879028
v -0.012656237 -0.0100231515 0.00824559
v -0.012654763 -0.007153309 0.0082449
v -0.012789914 -0.007153327 0.007878338
v -0.011245794 -0.008148031 0.0067221527
v -0.011186027 -0.0081481105 0.0065169954
v -0.015192754 -0.008161691 0.005351571
v -0.015225911 -0.008161623 0.005562668
v -0.0188356 -0.008173992 0.0052466285
v -0.018816581 -0.008173951 0.005459466
v -0.022188583 -0.008185343 0.005949576
v -0.022114592 -0.008185333 0.0061500417
v -0.025195336 -0.008195576 0.0075914827
v -0.025071545 -0.008195598 0.007765659
v -0.027898163 -0.008204868 0.010036094
v -0.027735833 -0.008204917 0.010175056
v -0.030222991 -0.0082128635 0.013616513
v -0.030010683 -0.008212966 0.013640736
v -0.03003681 -0.0082122795 0.014187584
v -0.029836318 -0.0082124 0.014113663
v -0.029545855 -0.008210683 0.015519199
v -0.029345362 -0.008210803 0.015445279
v -0.029343683 -0.0049409256 0.015444493
v -0.029544177 -0.004940805 0.015518414
v -0.030035133 -0.0049424013 0.014186798
v -0.02983464 -0.004942522 0.014112878
v -0.030221302 -0.0049429853 0.013615636
v -0.030009005 -0.004943088 0.01363995
v -0.027896423 -0.0049349903 0.0100352345
v -0.027734157 -0.00493504 0.010174271
v -0.025193568 -0.004925699 0.0075906334
v -0.025069868 -0.0049257204 0.0077648726
v -0.022186765 -0.0049154656 0.0059487373
v -0.022112915 -0.0049154554 0.0061492557
v -0.0188338 -0.0049041146 0.0052458313
v -0.018814903 -0.004904073 0.0054586795
v -0.015190946 -0.0048918137 0.0053508054
v -0.015224233 -0.0048917457 0.005561882
v -0.01118435 -0.004878233 0.006516209
v -0.011244116 -0.0048781536 0.0067213667
v -0.011240761 0.0016616016 0.006719794
v -0.011180994 0.0016615216 0.006514637
v -0.011182672 -0.0016083558 0.006515423
v -0.011242439 -0.0016082757 0.00672058
v -0.029338649 0.004868707 0.015442134
v -0.029539142 0.0048688278 0.015516054
v -0.029537465 0.008138705 0.015515269
v -0.029336972 0.008138585 0.015441348
v -0.011237404 0.008201357 0.0067182216
v -0.011177638 0.008201277 0.0065130643
v -0.011179316 0.0049313996 0.0065138508
v -0.011239083 0.004931479 0.006719008
v -0.012654763 -0.007153309 0.0082449
v -0.012656237 -0.0100231515 0.00824559
v -0.015205341 -0.010031973 0.009185443
v -0.015203868 -0.0071621304 0.009184753
v -0.017754447 -0.0100407945 0.0101252915
v -0.017752973 -0.007170951 0.0101246005
v -0.020303551 -0.010049618 0.011065142
v -0.020302081 -0.0071797753 0.011064452
v -0.022852654 -0.010058438 0.012004994
v -0.02285118 -0.0071885954 0.012004304
v -0.025401758 -0.010067258 0.012944844
v -0.025400285 -0.007197415 0.0129441535
v -0.027950866 -0.01007608 0.013884693
v -0.027949393 -0.007206238 0.013884003
v -0.025391452 0.010021644 0.012940013
v -0.027942028 0.007142977 0.013880552
v -0.027940555 0.01001282 0.013879863
v -0.025392925 0.0071517997 0.012940703
v -0.022842348 0.010030462 0.012000162
v -0.022843821 0.007160619 0.012000852
v -0.020293243 0.010039283 0.011060311
v -0.020294717 0.0071694395 0.011061002
v -0.017744137 0.010048108 0.010120461
v -0.017745608 0.0071782647 0.010121151
v -0.015195031 0.010056928 0.009180611
v -0.015196504 0.0071870848 0.009181301
v -0.012645927 0.010065751 0.00824076
v -0.0126474 0.0071959076 0.00824145
v -0.025394397 0.0042819567 0.012941394
v -0.027944973 0.0014032915 0.013881932
v -0.0279435 0.0042731347 0.013881242
v -0.02539587 0.0014121139 0.012942084
v -0.022845292 0.004290776 0.012001542
v -0.022846766 0.0014209329 0.012002233
v -0.02029619 0.004299596 0.011061692
v -0.020297663 0.0014297533 0.011062382
v -0.017747082 0.004308421 0.010121841
v -0.017748555 0.001438578 0.010122531
v -0.0151979765 0.0043172417 0.009181991
v -0.01519945 0.0014473987 0.009182682
v -0.012648872 0.004326064 0.0082421405
v -0.012650345 0.001456221 0.008242831
v -0.025397344 -0.0014577289 0.012942774
v -0.02794792 -0.0043363944 0.013883312
v -0.027946446 -0.0014665514 0.013882622
v -0.025398813 -0.0043275724 0.012943464
v -0.02284824 -0.0014489098 0.0120029235
v -0.022849709 -0.0043187533 0.012003614
v -0.020299133 -0.0014400897 0.011063073
v -0.020300608 -0.0043099327 0.011063763
v -0.017750029 -0.0014312651 0.010123221
v -0.0177515 -0.0043011084 0.01012391
v -0.015200923 -0.0014224442 0.009183372
v -0.015202396 -0.0042922874 0.0091840625
v -0.012651819 -0.0014136222 0.008243521
v -0.012653291 -0.0042834654 0.00824421
v -0.02808307 -0.004336413 0.01351675
v -0.02794792 -0.0043363944 0.013883312
v -0.025398813 -0.0043275724 0.012943464
v -0.025533965 -0.004327591 0.012576901
v -0.022849709 -0.0043187533 0.012003614
v -0.022984859 -0.004318772 0.011637051
v -0.020300608 -0.0043099327 0.011063763
v -0.020435758 -0.004309952 0.0106972
v -0.0177515 -0.0043011084 0.01012391
v -0.017886652 -0.004301127 0.009757348
v -0.015202396 -0.0042922874 0.0091840625
v -0.015337546 -0.004292306 0.0088175
v -0.012653291 -0.0042834654 0.00824421
v -0.012788442 -0.004283484 0.007877648
v -0.025535434 -0.0071974336 0.0125775905
v -0.027949393 -0.007206238 0.013884003
v -0.028084543 -0.007206256 0.01351744
v -0.025400285 -0.007197415 0.0129441535
v -0.02298633 -0.0071886145 0.011637741
v -0.02285118 -0.0071885954 0.012004304
v -0.020437231 -0.0071797944 0.010697889
v -0.020302081 -0.0071797753 0.011064452
v -0.017888123 -0.00717097 0.009758038
v -0.017752973 -0.007170951 0.0101246005
v -0.015339019 -0.0071621486 0.00881819
v -0.015203868 -0.0071621304 0.009184753
v -0.012789914 -0.007153327 0.007878338
v -0.012654763 -0.007153309 0.0082449
v -0.01278255 0.0071958886 0.007874888
v -0.0126474 0.0071959076 0.00824145
v -0.012645927 0.010065751 0.00824076
v -0.012781079 0.010065732 0.007874198
v -0.012785496 0.0014562022 0.007876269
v -0.012650345 0.001456221 0.008242831
v -0.012648872 0.004326064 0.0082421405
v -0.012784023 0.0043260455 0.0078755785
v -0.012788442 -0.004283484 0.007877648
v -0.012653291 -0.0042834654 0.00824421
v -0.012651819 -0.0014136222 0.008243521
v -0.01278697 -0.0014136409 0.007876959
v -0.028084543 -0.007206256 0.01351744
v -0.027949393 -0.007206238 0.013884003
v -0.027950866 -0.01007608 0.013884693
v -0.028086016 -0.010076099 0.01351813
v -0.028081596 -0.0014665702 0.01351606
v -0.027946446 -0.0014665514 0.013882622
v -0.02794792 -0.0043363944 0.013883312
v -0.02808307 -0.004336413 0.01351675
v -0.02807865 0.004273116 0.013514679
v -0.0279435 0.0042731347 0.013881242
v -0.027944973 0.0014032915 0.013881932
v -0.028080123 0.0014032727 0.01351537
v -0.030222991 -0.0082128635 0.013616513
v -0.030221302 -0.0049429853 0.013615636
v -0.030035133 -0.0049424013 0.014186798
v -0.03003681 -0.0082122795 0.014187584
v -0.029544177 -0.004940805 0.015518414
v -0.029545855 -0.008210683 0.015519199
v -0.030216279 0.004866648 0.013613369
v -0.030214591 0.008136526 0.013612492
v -0.030028421 0.008137109 0.0141836535
v -0.030030098 0.0048672315 0.014184439
v -0.029537465 0.008138705 0.015515269
v -0.029539142 0.0048688278 0.015516054
v -0.015184233 0.008187696 0.0053476607
v -0.011179316 0.0049313996 0.0065138508
v -0.011177638 0.008201277 0.0065130643
v -0.0151860425 0.0049178195 0.005348426
v -0.018827088 0.0081753945 0.0052426863
v -0.01882889 0.004905517 0.005243483
v -0.022180054 0.008164045 0.005945592
v -0.022181876 0.0048941677 0.005946431
v -0.025186855 0.008153811 0.0075874887
v -0.025188625 0.0048839343 0.007588338
v -0.027889712 0.00814452 0.010032089
v -0.027891453 0.0048746425 0.010032949
v -0.030214591 0.008136526 0.013612492
v -0.030216279 0.004866648 0.013613369
v -0.015190946 -0.0048918137 0.0053508054
v -0.011186027 -0.0081481105 0.0065169954
v -0.01118435 -0.004878233 0.006516209
v -0.015192754 -0.008161691 0.005351571
v -0.0188338 -0.0049041146 0.0052458313
v -0.0188356 -0.008173992 0.0052466285
v -0.022186765 -0.0049154656 0.0059487373
v -0.022188583 -0.008185343 0.005949576
v -0.025193568 -0.004925699 0.0075906334
v -0.025195336 -0.008195576 0.0075914827
v -0.027896423 -0.0049349903 0.0100352345
v -0.027898163 -0.008204868 0.010036094
v -0.030221302 -0.0049429853 0.013615636
v -0.030222991 -0.0082128635 0.013616513
v -0.029336972 0.008138585 0.015441348
v -0.029537465 0.008138705 0.015515269
v -0.030028421 0.008137109 0.0141836535
v -0.029827928 0.008136989 0.014109733
v -0.030214591 0.008136526 0.013612492
v -0.030002292 0.008136422 0.013636806
v -0.027889712 0.00814452 0.010032089
v -0.027727446 0.00814447 0.010171126
v -0.025186855 0.008153811 0.0075874887
v -0.025063153 0.00815379 0.007761728
v -0.022180054 0.008164045 0.005945592
v -0.022106204 0.008164056 0.0061461106
v -0.018827088 0.0081753945 0.0052426863
v -0.018808192 0.008175436 0.0054555344
v -0.015184233 0.008187696 0.0053476607
v -0.015217521 0.008187764 0.0055587376
v -0.011177638 0.008201277 0.0065130643
v -0.011237404 0.008201357 0.0067182216
v -0.029345362 -0.008210803 0.015445279
v -0.029545855 -0.008210683 0.015519199
v -0.029544177 -0.004940805 0.015518414
v -0.029343683 -0.0049409256 0.015444493
v -0.029342005 -0.0016710481 0.015443706
v -0.029542498 -0.0016709274 0.015517627
v -0.02954082 0.0015989502 0.01551684
v -0.029340327 0.0015988296 0.015442919
v -0.0078705195 -0.011516564 0.010007451
v -0.007869888 -0.011516143 0.008054576
v -0.006368919 -0.011386651 0.0080546765
v -0.0063688923 -0.011387716 0.010007552
v 0.0062948065 -0.011380316 0.008054707
v 0.0062948335 -0.011381381 0.010007583
v 0.00783928 -0.011496387 0.008054674
v 0.007839908 -0.011496839 0.010007551
v 0.007869473 0.011554993 0.00999274
v 0.007870102 0.011555416 0.008039864
v 0.006368553 0.011426572 0.008039763
v 0.00636858 0.011425505 0.0099926395
v -0.006295171 0.011420237 0.0080397315
v -0.0062951446 0.011419171 0.009992608
v -0.007840321 0.011535698 0.008039764
v -0.0078396965 0.011535245 0.00999264
v -0.0078396965 0.011535245 0.00999264
v -0.007840321 0.011535698 0.008039764
v -0.007727496 0.010085081 0.008044754
v -0.0077274847 0.010082355 0.0099976305
v -0.007737805 -0.010101577 0.008049584
v -0.007737794 -0.010104313 0.01000246
v -0.007869888 -0.011516143 0.008054576
v -0.0078705195 -0.011516564 0.010007451
v 0.007839908 -0.011496839 0.010007551
v 0.00783928 -0.011496387 0.008054674
v 0.0077270656 -0.010050198 0.008049685
v 0.0077270768 -0.010052924 0.01000256
v 0.007737375 0.010136459 0.008044856
v 0.007737386 0.010133724 0.009997731
v 0.007737375 0.010136459 0.008044856
v 0.007870102 0.011555416 0.008039864
v 0.007869473 0.011554993 0.00999274
v -0.006368078 -0.011804776 0.008054448
v -0.006368112 -0.011803411 0.0053211236
v 0.0062955967 -0.011797076 0.0053211483
v 0.0062956307 -0.011798441 0.008054479
v -0.008166239 -0.011811109 0.008054418
v -0.006368112 -0.011803411 0.0053211236
v -0.008166254 -0.011809745 0.0053210985
v 0.0062956307 -0.011798441 0.008054479
v 0.008134866 -0.011790742 0.005321174
v 0.00813488 -0.0117921075 0.00805451
v 0.008165808 0.01185103 0.008040023
v 0.0081657935 0.011852396 0.0053093904
v 0.006367678 0.011846062 0.0053093648
v 0.006367712 0.0118446965 0.008039991
v -0.0062960293 0.011839727 0.005309339
v -0.006295996 0.011838362 0.00803996
v -0.008135324 0.011833393 0.0053093135
v -0.00813531 0.011832029 0.008039928
v -0.00814562 0.010086424 0.008044758
v -0.008155944 -0.010096717 0.0053171706
v -0.008155929 -0.010100212 0.008049588
v -0.008145634 0.010089919 0.0053132414
v -0.00813531 0.011832029 0.008039928
v -0.008135324 0.011833393 0.0053093135
v -0.008155929 -0.010100212 0.008049588
v -0.008166254 -0.011809745 0.0053210985
v -0.008166239 -0.011811109 0.008054418
v 0.00813488 -0.0117921075 0.00805451
v 0.008134866 -0.011790742 0.005321174
v 0.008145175 -0.010048046 0.005317246
v 0.00814519 -0.010051541 0.008049681
v 0.008155485 0.01013859 0.005313318
v 0.008155499 0.010135095 0.008044852
v 0.008155485 0.01013859 0.005313318
v 0.0081657935 0.011852396 0.0053093904
v 0.008165808 0.01185103 0.008040023
v -0.007982952 -0.011626547 0.0053212196
v -0.007982615 -0.011625535 0.0032887575
v -0.0063686674 -0.011542892 0.0032888362
v -0.0063686334 -0.011544256 0.0053212973
v 0.006295052 -0.011536556 0.0032888618
v 0.006295086 -0.011537922 0.0053213225
v 0.007951659 -0.011606069 0.0032888378
v 0.00795201 -0.011607098 0.005321299
v 0.0079821395 0.01166955 0.0053092693
v 0.007982476 0.0116705615 0.0032768075
v 0.006368165 0.011588273 0.0032767295
v 0.006368199 0.011586906 0.0053091906
v 0.006368199 0.011586906 0.0053091906
v -0.0062955525 0.011581937 0.0032767032
v -0.006295519 0.0115805715 0.005309165
v -0.0062955525 0.011581937 0.0032767032
v -0.007952484 0.011651113 0.0032767272
v -0.007952133 0.011650084 0.0053091883
v -0.007886481 0.010089087 0.0053132386
v -0.007886495 0.01009258 0.003280777
v -0.007896804 -0.010094065 0.0032847058
v -0.00789679 -0.010097563 0.0053171674
v -0.007952133 0.011650084 0.0053091883
v -0.007886495 0.01009258 0.003280777
v -0.007952484 0.011651113 0.0032767272
v -0.00789679 -0.010097563 0.0053171674
v -0.007982615 -0.011625535 0.0032887575
v -0.007982952 -0.011626547 0.0053212196
v 0.00795201 -0.011607098 0.005321299
v 0.007951659 -0.011606069 0.0032888378
v 0.0078860065 -0.01004372 0.003284788
v 0.007886021 -0.010047212 0.0053172493
v 0.007886021 -0.010047212 0.0053172493
v 0.007896316 0.010142933 0.0032808594
v 0.007896331 0.0101394355 0.005313321
v 0.007982476 0.0116705615 0.0032768075
v 0.0079821395 0.01166955 0.0053092693
v -0.010258459 -0.013428239 0.009160501
v -0.010258459 0.013477249 0.009160501
v -0.010258459 0.013477249 0.010326552
v -0.010258459 -0.013428239 0.010326552
v -0.010258459 0.013477249 0.009160501
v -0.009529863 0.013477249 0.009160501
v -0.009529863 0.013477249 0.010326552
v -0.010258459 0.013477249 0.010326552
v -0.009529863 0.013477249 0.009160501
v -0.009529863 -0.013428239 0.009160501
v -0.009529863 -0.013428239 0.010326552
v -0.009529863 0.013477249 0.010326552
v -0.009529863 -0.013428239 0.009160501
v -0.010258459 -0.013428239 0.009160501
v -0.010258459 -0.013428239 0.010326552
v -0.009529863 -0.013428239 0.010326552
v -0.010258459 0.013477249 0.009160501
v -0.010258459 -0.013428239 0.009160501
v -0.009529863 -0.013428239 0.009160501
v -0.009529863 0.013477249 0.009160501
v -0.009529863 0.013477249 0.010326552
v -0.009529863 -0.013428239 0.010326552
v -0.010258459 -0.013428239 0.010326552
v -0.010258459 0.013477249 0.010326552
v 0.0062955627 -0.011795712 0.0032886877
v -0.0063686674 -0.011542892 0.0032888362
v -0.006368146 -0.011802046 0.003288662
v 0.006295052 -0.011536556 0.0032888618
v -0.007982615 -0.011625535 0.0032887575
v 0.008134851 -0.011789379 0.003288713
v -0.0081662685 -0.0118083805 0.0032886367
v 0.007951659 -0.011606069 0.0032888378
v -0.007896804 -0.010094065 0.0032847058
v 0.00814516 -0.0100445505 0.003284785
v -0.008155959 -0.010093221 0.0032847088
v 0.0078860065 -0.01004372 0.003284788
v -0.007886495 0.01009258 0.003280777
v 0.00815547 0.010142085 0.0032808566
v -0.008145649 0.010093414 0.00328078
v 0.007896316 0.010142933 0.0032808594
v -0.007952484 0.011651113 0.0032767272
v 0.008165779 0.011853759 0.0032769286
v -0.008135339 0.011834757 0.0032768522
v 0.007982476 0.0116705615 0.0032768075
v -0.0062955525 0.011581937 0.0032767032
v 0.006367644 0.011847426 0.0032769036
v -0.0062960633 0.011841092 0.0032768773
v 0.006368165 0.011588273 0.0032767295
v -0.008145634 0.010089919 0.0053132414
v -0.007886481 0.010089087 0.0053132386
v -0.00789679 -0.010097563 0.0053171674
v -0.008155944 -0.010096717 0.0053171706
v -0.008135324 0.011833393 0.0053093135
v -0.007982952 -0.011626547 0.0053212196
v -0.007952133 0.011650084 0.0053091883
v -0.008166254 -0.011809745 0.0053210985
v -0.0062960293 0.011839727 0.005309339
v -0.0063686334 -0.011544256 0.0053212973
v -0.006295519 0.0115805715 0.005309165
v -0.006368112 -0.011803411 0.0053211236
v 0.006367678 0.011846062 0.0053093648
v 0.006295086 -0.011537922 0.0053213225
v 0.006368199 0.011586906 0.0053091906
v 0.0062955967 -0.011797076 0.0053211483
v 0.0081657935 0.011852396 0.0053093904
v 0.00795201 -0.011607098 0.005321299
v 0.0079821395 0.01166955 0.0053092693
v 0.008134866 -0.011790742 0.005321174
v 0.008155485 0.01013859 0.005313318
v 0.007886021 -0.010047212 0.0053172493
v 0.007896331 0.0101394355 0.005313321
v 0.008145175 -0.010048046 0.005317246
v -0.008155929 -0.010100212 0.008049588
v -0.007737805 -0.010101577 0.008049584
v -0.007727496 0.010085081 0.008044754
v -0.008166239 -0.011811109 0.008054418
v -0.00814562 0.010086424 0.008044758
v -0.007869888 -0.011516143 0.008054576
v -0.007840321 0.011535698 0.008039764
v -0.006368078 -0.011804776 0.008054448
v -0.00813531 0.011832029 0.008039928
v -0.006368919 -0.011386651 0.0080546765
v -0.006295171 0.011420237 0.0080397315
v 0.0062956307 -0.011798441 0.008054479
v -0.006295996 0.011838362 0.00803996
v 0.0062948065 -0.011380316 0.008054707
v 0.006368553 0.011426572 0.008039763
v 0.00813488 -0.0117921075 0.00805451
v 0.006367712 0.0118446965 0.008039991
v 0.00783928 -0.011496387 0.008054674
v 0.007870102 0.011555416 0.008039864
v 0.00814519 -0.010051541 0.008049681
v 0.008165808 0.01185103 0.008040023
v 0.0077270656 -0.010050198 0.008049685
v 0.007737375 0.010136459 0.008044856
v 0.008155499 0.010135095 0.008044852
v -0.027059244 0.0014065873 0.016284266
v -0.028792597 0.004870481 0.016923174
v -0.027057774 0.0042764302 0.016283575
v -0.028794276 0.0016006035 0.016923962
v -0.028790921 0.008140359 0.016922388
v -0.027060717 -0.0014632553 0.016284956
v -0.027056303 0.0071462723 0.016282886
v -0.028795954 -0.001669274 0.016924746
v -0.028789243 0.011410236 0.016921602
v -0.02706219 -0.004333098 0.016285647
v -0.02705483 0.010016115 0.016282197
v -0.028797632 -0.0049391515 0.016925532
v -0.028777499 0.013450917 0.0169161
v -0.027063664 -0.007202941 0.016286338
v -0.027044518 0.011805433 0.016277367
v -0.028799312 -0.008209029 0.016926318
v -0.025650015 0.013455162 0.015763
v -0.027065137 -0.0100727845 0.016287027
v -0.024495415 0.011808895 0.015337516
v -0.02880099 -0.0114789065 0.016927104
v -0.022522533 0.01345941 0.014609903
v -0.027075447 -0.011837703 0.016291857
v -0.021946313 0.011812356 0.014397665
v -0.028812734 -0.013487897 0.016932607
v -0.019395052 0.013463655 0.013456806
v -0.024526345 -0.0118342405 0.015352007
v -0.019397208 0.011815816 0.013457815
v -0.025685253 -0.013483652 0.01577951
v -0.016267568 0.0134679 0.012303707
v -0.021977238 -0.011830781 0.014412158
v -0.016848102 0.011819277 0.0125179645
v -0.02255777 -0.013479404 0.014626414
v -0.013140087 0.013472145 0.011150612
v -0.019428134 -0.011827321 0.013472307
v -0.014298998 0.011822736 0.011578115
v -0.019430289 -0.013475159 0.013473317
v -0.010012605 0.013476391 0.009997514
v -0.01687903 -0.01182386 0.012532457
v -0.011749894 0.011826198 0.010638264
v -0.016302807 -0.013470913 0.012320219
v -0.010024352 0.011475169 0.010003018
v -0.014329927 -0.011820399 0.011592605
v -0.011760203 0.010069047 0.010643095
v -0.013175326 -0.013466667 0.011167122
v -0.01002603 0.008205292 0.010003803
v -0.011780822 -0.011816938 0.010652755
v -0.011761676 0.0071992036 0.010643785
v -0.010047845 -0.013462422 0.010014025
v -0.0100277085 0.0049354136 0.010004589
v -0.011770513 -0.010019856 0.010647925
v -0.011763148 0.0043293606 0.010644475
v -0.010036099 -0.011413975 0.01000852
v -0.010029388 0.0016655358 0.010005376
v -0.01176904 -0.007150012 0.0106472345
v -0.011764621 0.0014595174 0.010645165
v -0.0100344205 -0.008144097 0.010007734
v -0.010031066 -0.0016043418 0.010006163
v -0.011767567 -0.004280169 0.010646545
v -0.011766095 -0.0014103258 0.010645855
v -0.010032743 -0.0048742197 0.010006948
v 0.009810531 0.013771624 -7.837445E-06
v 0.009980934 0.013398402 -7.920952E-06
v 0.010284723 0.013508948 -6.75559E-06
v -0.02899389 -0.013513498 0.01699933
v -0.028855039 -0.013557647 0.016948227
v -0.0287369 -0.013795079 0.016904742
v -0.028701672 0.013758643 0.016888048
v -0.028819745 0.013520548 0.016931655
v -0.028961642 0.013476397 0.016984057
v -0.029506836 0.013476581 0.015502701
v -0.029365709 0.013520226 0.015450581
v -0.029248238 0.013758757 0.015403051
v -0.0078098285 -0.0134507585 0.0020052136
v -0.007808945 -0.013802299 0.0020049647
v -0.0078089004 -0.013804119 0.008024494
v -0.007809784 -0.013452578 0.008024745
v -0.010005991 -0.011506074 0.0019952063
v -0.01035753 -0.011504604 0.0019952108
v -0.010345783 0.011495873 0.0019852738
v -0.009994244 0.011494429 0.0019852694
v -0.010012976 0.013858869 0.009997522
v -0.013140458 0.01385459 0.011150618
v -0.016267939 0.013850312 0.012303715
v -0.019395422 0.013846032 0.013456813
v -0.022522904 0.013841754 0.01460991
v -0.025650386 0.013837474 0.015763007
v -0.028701672 0.013758643 0.016888048
v -0.028819745 0.013520548 0.016931655
v -0.028971901 0.011575741 0.016988916
v -0.028961642 0.013476397 0.016984057
v -0.02897358 0.008258603 0.01698971
v -0.028975258 0.004941464 0.016990505
v -0.028976936 0.0016243255 0.0169913
v -0.028978614 -0.001692813 0.016992096
v -0.028980292 -0.0050099515 0.016992891
v -0.02898197 -0.00832709 0.016993685
v -0.028983649 -0.011644228 0.01699448
v -0.028855039 -0.013557647 0.016948227
v -0.02899389 -0.013513498 0.01699933
v -0.0287369 -0.013795079 0.016904742
v -0.02568488 -0.01386609 0.015779503
v -0.022557398 -0.01386181 0.014626406
v -0.019429918 -0.013857531 0.0134733105
v -0.016302437 -0.013853252 0.012320212
v -0.013174956 -0.013848974 0.011167115
v -0.010047474 -0.013844696 0.010014018
v -0.029538514 -0.013515747 0.015517767
v -0.028983649 -0.011644228 0.01699448
v -0.02899389 -0.013513498 0.01699933
v -0.029528458 -0.011647867 0.015512983
v -0.02898197 -0.00832709 0.016993685
v -0.029526807 -0.008330435 0.015512199
v -0.028980292 -0.0050099515 0.016992891
v -0.02952516 -0.005013003 0.015511415
v -0.028978614 -0.001692813 0.016992096
v -0.02952351 -0.0016955715 0.01551063
v -0.028976936 0.0016243255 0.0169913
v -0.02952186 0.0016218602 0.015509846
v -0.028975258 0.004941464 0.016990505
v -0.029520214 0.004939292 0.015509062
v -0.02897358 0.008258603 0.01698971
v -0.029518565 0.008256724 0.015508279
v -0.028971901 0.011575741 0.016988916
v -0.029516915 0.011574155 0.015507495
v -0.028961642 0.013476397 0.016984057
v -0.029506836 0.013476581 0.015502701
v -0.029248238 0.013758757 0.015403051
v -0.025650386 0.013837474 0.015763007
v -0.028701672 0.013758643 0.016888048
v -0.026213659 0.013836751 0.014235251
v -0.022522904 0.013841754 0.01460991
v -0.023094153 0.013841021 0.01306053
v -0.019395422 0.013846032 0.013456813
v -0.019966487 0.013845299 0.011907931
v -0.016267939 0.013850312 0.012303715
v -0.016839188 0.013849579 0.010754335
v -0.013140458 0.01385459 0.011150618
v -0.013703731 0.013853867 0.009622863
v -0.010012976 0.013858869 0.009997522
v -0.010559026 0.013858169 0.008516482
v -0.029358784 -0.013488593 0.015451568
v -0.029400937 -0.013559009 0.015467131
v -0.029283686 -0.013797212 0.015417214
v -0.02625939 -0.013484382 0.014222292
v -0.026259018 -0.013866826 0.014222286
v -0.023163322 -0.013862589 0.01298297
v -0.023163695 -0.013480178 0.012982978
v -0.020047592 -0.013858325 0.011797995
v -0.020047965 -0.013475947 0.011798003
v -0.016908363 -0.0138540305 0.010676777
v -0.016908733 -0.013471685 0.010676784
v -0.013749093 -0.013849711 0.009609897
v -0.0137494635 -0.013467399 0.009609903
v -0.010593524 -0.013845395 0.008532978
v -0.010593895 -0.013463118 0.008532985
v 0.010943953 0.003161273 0.009844788
v 0.010943953 -0.003161273 0.009844788
v 0.0098503735 -0.003161273 0.009844788
v 0.0098503735 0.003161273 0.009844788
v 0.0098503735 0.003161273 0.00847463
v 0.010943953 0.003161273 0.00847463
v 0.010943953 0.003161273 0.009844788
v 0.0098503735 0.003161273 0.009844788
v 0.0098503735 -0.003161273 0.00847463
v 0.0098503735 0.003161273 0.00847463
v 0.0098503735 0.003161273 0.009844788
v 0.0098503735 -0.003161273 0.009844788
v 0.010943953 -0.003161273 0.00847463
v 0.0098503735 -0.003161273 0.00847463
v 0.0098503735 -0.003161273 0.009844788
v 0.010943953 -0.003161273 0.009844788
v 0.0098503735 0.003161273 0.00847463
v 0.0098503735 -0.003161273 0.00847463
v 0.010943953 -0.003161273 0.00847463
v 0.010943953 0.003161273 0.00847463
v 0.010943953 0.003161273 0.00847463
v 0.010943953 -0.003161273 0.00847463
v 0.010943953 -0.003161273 0.009844788
v 0.010943953 0.003161273 0.009844788
v -0.030107021 0.0031612727 0.016015219
v -0.030107021 -0.0031612732 0.016015219
v -0.029241929 -0.0031612732 0.015694672
v -0.029241929 0.0031612727 0.015694672
v -0.028791327 0.0031612727 0.016910756
v -0.02965642 0.0031612727 0.017231302
v -0.030107021 0.0031612727 0.016015219
v -0.029241929 0.0031612727 0.015694672
v -0.028791327 -0.0031612732 0.016910756
v -0.028791327 0.0031612727 0.016910756
v -0.029241929 0.0031612727 0.015694672
v -0.029241929 -0.0031612732 0.015694672
v -0.02965642 -0.0031612732 0.017231302
v -0.028791327 -0.0031612732 0.016910756
v -0.029241929 -0.0031612732 0.015694672
v -0.030107021 -0.0031612732 0.016015219
v -0.028791327 0.0031612727 0.016910756
v -0.028791327 -0.0031612732 0.016910756
v -0.02965642 -0.0031612732 0.017231302
v -0.02965642 0.0031612727 0.017231302
v -0.02965642 0.0031612727 0.017231302
v -0.02965642 -0.0031612732 0.017231302
v -0.030107021 -0.0031612732 0.016015219
v -0.030107021 0.0031612727 0.016015219
v -0.010428485 -0.009398397 0.009426804
v -0.010428485 -0.006149418 0.009426804
v -0.010428485 -0.006149418 0.010592855
v -0.010428485 -0.009398397 0.010592855
v -0.010428485 -0.006149418 0.009426804
v -0.0090960665 -0.006149418 0.009426804
v -0.0090960665 -0.006149418 0.010592855
v -0.010428485 -0.006149418 0.010592855
v -0.0090960665 -0.006149418 0.009426804
v -0.0090960665 -0.009398397 0.009426804
v -0.0090960665 -0.009398397 0.010592855
v -0.0090960665 -0.006149418 0.010592855
v -0.0090960665 -0.009398397 0.009426804
v -0.010428485 -0.009398397 0.009426804
v -0.010428485 -0.009398397 0.010592855
v -0.0090960665 -0.009398397 0.010592855
v -0.010428485 -0.006149418 0.009426804
v -0.010428485 -0.009398397 0.009426804
v -0.0090960665 -0.009398397 0.009426804
v -0.0090960665 -0.006149418 0.009426804
v -0.0090960665 -0.006149418 0.010592855
v -0.0090960665 -0.009398397 0.010592855
v -0.010428485 -0.009398397 0.010592855
v -0.010428485 -0.006149418 0.010592855
v -0.010428485 0.0061613033 0.009426804
v -0.010428485 0.009410283 0.009426804
v -0.010428485 0.009410283 0.010592855
v -0.010428485 0.0061613033 0.010592855
v -0.010428485 0.009410283 0.009426804
v -0.0090960665 0.009410283 0.009426804
v -0.0090960665 0.009410283 0.010592855
v -0.010428485 0.009410283 0.010592855
v -0.0090960665 0.009410283 0.009426804
v -0.0090960665 0.0061613033 0.009426804
v -0.0090960665 0.0061613033 0.010592855
v -0.0090960665 0.009410283 0.010592855
v -0.0090960665 0.0061613033 0.009426804
v -0.010428485 0.0061613033 0.009426804
v -0.010428485 0.0061613033 0.010592855
v -0.0090960665 0.0061613033 0.010592855
v -0.010428485 0.009410283 0.009426804
v -0.010428485 0.0061613033 0.009426804
v -0.0090960665 0.0061613033 0.009426804
v -0.0090960665 0.009410283 0.009426804
v -0.0090960665 0.009410283 0.010592855
v -0.0090960665 0.0061613033 0.010592855
v -0.010428485 0.0061613033 0.010592855
v -0.010428485 0.009410283 0.010592855
v 0.010005504 0.0115541415 0.0019854805
v 0.010357043 0.011552671 0.0019854761
v 0.010345297 -0.011447805 0.001995413
v 0.009993757 -0.0114463605 0.0019954175
v -0.0078090313 -0.01380594 0.010008007
v 0.0077279853 -0.013798169 0.0100080455
v 0.009774842 -0.013708066 0.010008152
v 0.009899095 -0.013374852 0.010008233
v 0.010253545 -0.013443206 0.0100071
v 0.009774842 -0.013708066 0.010008152
v 0.010345336 -0.011456817 0.0100029
v 0.010357082 0.011543673 0.009997398
v 0.010285187 0.013502786 0.009993212
v 0.009934209 0.013436158 0.009992086
v 0.009811189 0.013765673 0.009992134
v 0.010285187 0.013502786 0.009993212
v 0.007808713 0.013843729 0.009992181
v -0.007728302 0.013835958 0.009992143
v 0.0077272016 -0.013442987 0.0020052842
v 0.0077280677 -0.013794528 0.002005035
v -0.007808945 -0.013802299 0.0020049647
v -0.0078098285 -0.0134507585 0.0020052136
v -0.007727653 0.013486237 0.007994935
v -0.0077285185 0.013837778 0.0079951845
v -0.0077285646 0.013839599 0.0019756532
v -0.0077276984 0.013488058 0.0019754027
v 0.0102849305 0.013504965 0.007997247
v 0.010357082 0.011543673 0.009997398
v 0.010285187 0.013502786 0.009993212
v 0.010357061 0.011548009 0.008005008
v 0.010284975 0.013506764 0.0019777177
v 0.010345336 -0.011456817 0.0100029
v 0.010357043 0.011552671 0.0019854761
v 0.010284723 0.013508948 -6.75559E-06
v 0.010357024 0.011557651 -2.5754678E-06
v 0.010345316 -0.011452467 0.008014945
v 0.010253545 -0.013443206 0.0100071
v 0.0102537535 -0.013441035 0.008022738
v 0.010345297 -0.011447805 0.001995413
v 0.010345278 -0.011442825 2.927292E-06
v 0.010253666 -0.013439231 0.0020032094
v 0.010253865 -0.013437064 7.1328877E-06
v -0.010345804 0.011500223 -2.6816926E-06
v -0.010230498 0.013731278 -7.957726E-06
v -0.010230793 0.013729147 0.0019754865
v -0.010345783 0.011495873 0.0019852738
v -0.01035755 -0.011500267 2.8210127E-06
v -0.010230726 0.0137273725 0.007995018
v -0.01035753 -0.011504604 0.0019952108
v -0.010266943 -0.013704677 8.0959E-06
v -0.010266602 -0.013706821 0.002004995
v -0.0103457635 0.011491211 0.008004806
v -0.010231016 0.013725243 0.009992014
v -0.010345745 0.01148623 0.0099972915
v -0.010357511 -0.011509266 0.008014742
v -0.010266633 -0.013708591 0.008024526
v -0.010357492 -0.011514245 0.010002794
v -0.010266287 -0.013710735 0.010008067
v -0.007809167 -0.01380048 8.037147E-06
v -0.010266943 -0.013704677 8.0959E-06
v -0.010266602 -0.013706821 0.002004995
v -0.007808945 -0.013802299 0.0020049647
v 0.0077278507 -0.0137927085 8.075948E-06
v -0.010266633 -0.013708591 0.008024526
v 0.0077280677 -0.013794528 0.002005035
v -0.0078089004 -0.013804119 0.008024494
v -0.010266287 -0.013710735 0.010008067
v -0.0078090313 -0.01380594 0.010008007
v 0.0077281115 -0.013796348 0.008024565
v 0.009775366 -0.01370213 8.181821E-06
v 0.0077279853 -0.013798169 0.0100080455
v 0.009775072 -0.013704207 0.0020051708
v 0.010253865 -0.013437064 7.1328877E-06
v 0.010253666 -0.013439231 0.0020032094
v 0.009775138 -0.013705988 0.008024701
v 0.009774842 -0.013708066 0.010008152
v 0.0102537535 -0.013441035 0.008022738
v 0.010253545 -0.013443206 0.0100071
v -0.010230726 0.0137273725 0.007995018
v -0.007728302 0.013835958 0.009992143
v -0.010231016 0.013725243 0.009992014
v -0.0077285185 0.013837778 0.0079951845
v -0.010230793 0.013729147 0.0019754865
v 0.007808713 0.013843729 0.009992181
v -0.0077285646 0.013839599 0.0019756532
v -0.010230498 0.013731278 -7.957726E-06
v -0.0077284365 0.013841418 -7.828224E-06
v 0.0078084907 0.013845548 0.007995254
v 0.007808447 0.01384737 0.0019757235
v 0.009811189 0.013765673 0.009992134
v 0.007808579 0.013849189 -7.789486E-06
v 0.009810845 0.013767757 0.00799523
v 0.010285187 0.013502786 0.009993212
v 0.0102849305 0.013504965 0.007997247
v 0.009810877 0.013769537 0.0019756982
v 0.009810531 0.013771624 -7.837445E-06
v 0.010284975 0.013506764 0.0019777177
v 0.010284723 0.013508948 -6.75559E-06
v -0.0077276984 0.013488058 0.0019754027
v -0.0077285646 0.013839599 0.0019756532
v 0.007808447 0.01384737 0.0019757235
v 0.0078093302 0.013495829 0.001975473
v -0.010593524 -0.013845395 0.008532978
v -0.013174956 -0.013848974 0.011167115
v -0.010047474 -0.013844696 0.010014018
v -0.013749093 -0.013849711 0.009609897
v -0.016302437 -0.013853252 0.012320212
v -0.016908363 -0.0138540305 0.010676777
v -0.019429918 -0.013857531 0.0134733105
v -0.020047592 -0.013858325 0.011797995
v -0.022557398 -0.01386181 0.014626406
v -0.023163322 -0.013862589 0.01298297
v -0.02568488 -0.01386609 0.015779503
v -0.026259018 -0.013866826 0.014222286
v -0.0287369 -0.013795079 0.016904742
v -0.029283686 -0.013797212 0.015417214
v -0.0105586555 0.013475697 0.008516475
v -0.010559026 0.013858169 0.008516482
v -0.013703731 0.013853867 0.009622863
v -0.01370336 0.013471428 0.009622855
v -0.016839188 0.013849579 0.010754335
v -0.016838817 0.013467173 0.010754327
v -0.019966487 0.013845299 0.011907931
v -0.019966116 0.013462927 0.011907924
v -0.023094153 0.013841021 0.01306053
v -0.02309378 0.01345868 0.013060523
v -0.026213659 0.013836751 0.014235251
v -0.026213288 0.013454444 0.014235243
v -0.029248238 0.013758757 0.015403051
v -0.015196143 -0.011432218 0.0053645656
v -0.011122028 -0.01346515 0.006581053
v -0.011109938 -0.011419094 0.0065758703
v -0.015208134 -0.013470014 0.005370031
v -0.018835982 -0.011444269 0.0052596736
v -0.01884798 -0.013474573 0.0052652
v -0.022185756 -0.011455321 0.0059618377
v -0.02219781 -0.0134787075 0.0059674536
v -0.025189718 -0.011465245 0.0076022064
v -0.025201669 -0.013482394 0.0076078544
v -0.027890362 -0.011474261 0.01004476
v -0.027902268 -0.013485747 0.0100504495
v -0.030212393 -0.011481737 0.013618435
v -0.030224187 -0.013488333 0.013624364
v -0.010922105 -0.011418549 0.0070690853
v -0.01040497 -0.013464389 0.008463331
v -0.010393224 -0.011417018 0.008457826
v -0.010934104 -0.013464951 0.007074352
v -0.011109938 -0.011419094 0.0065758703
v -0.011122028 -0.01346515 0.006581053
v -0.030023407 0.011408005 0.014110485
v -0.029512474 0.013451496 0.015504713
v -0.029524218 0.011409736 0.015510215
v -0.030011628 0.0134507315 0.014104673
v -0.030200696 0.011407389 0.013613368
v -0.030188903 0.013450461 0.013607446
v -0.030046899 -0.013488061 0.014121484
v -0.029535966 -0.011479384 0.01551572
v -0.02954771 -0.013487296 0.015521222
v -0.030035116 -0.01148112 0.014115666
v -0.030224187 -0.013488333 0.013624364
v -0.030212393 -0.011481737 0.013618435
v -0.010898656 0.013473839 0.007058036
v -0.010381477 0.0114720985 0.008452323
v -0.01036973 0.013474397 0.00844682
v -0.010910661 0.011470569 0.0070633
v -0.011086506 0.013473639 0.0065648067
v -0.011098602 0.011470026 0.006569985
v -0.030188903 0.013450461 0.013607446
v -0.030200696 0.011407389 0.013613368
v -0.02787879 0.011414875 0.010039458
v -0.027866887 0.013453058 0.01003377
v -0.025178196 0.011423898 0.0075968616
v -0.02516625 0.013456415 0.007591214
v -0.02217435 0.011433825 0.0059564584
v -0.022162301 0.013460104 0.0059508425
v -0.018824518 0.011444871 0.0052541946
v -0.01881252 0.013464236 0.0052486677
v -0.015184675 0.011456916 0.005359018
v -0.015172682 0.013468786 0.0053535537
v -0.011098602 0.011470026 0.006569985
v -0.011086506 0.013473639 0.0065648067
v -0.02982625 0.011406866 0.014108946
v -0.029524218 0.011409736 0.015510215
v -0.029335294 0.011408462 0.015440562
v -0.030023407 0.011408005 0.014110485
v -0.030000614 0.0114063 0.013636019
v -0.030200696 0.011407389 0.013613368
v -0.027725767 0.011414347 0.010170339
v -0.02787879 0.011414875 0.010039458
v -0.025061475 0.011423667 0.007760942
v -0.025178196 0.011423898 0.0075968616
v -0.022104526 0.011433934 0.0061453246
v -0.02217435 0.011433825 0.0059564584
v -0.018806513 0.011445314 0.005454748
v -0.018824518 0.011444871 0.0052541946
v -0.015215842 0.011457642 0.005557951
v -0.015184675 0.011456916 0.005359018
v -0.011235726 0.011471234 0.0067174355
v -0.011098602 0.011470026 0.006569985
v -0.01106136 0.0114718005 0.007190362
v -0.010910661 0.011470569 0.0070633
v -0.010570402 0.011473398 0.008521978
v -0.010381477 0.0114720985 0.008452323
v -0.011073108 -0.011417342 0.0071958653
v -0.010393224 -0.011417018 0.008457826
v -0.010582149 -0.011415746 0.008527481
v -0.010922105 -0.011418549 0.0070690853
v -0.011247473 -0.011417909 0.0067229387
v -0.011109938 -0.011419094 0.0065758703
v -0.015227589 -0.0114315 0.0055634547
v -0.015196143 -0.011432218 0.0053645656
v -0.01881826 -0.011443828 0.0054602525
v -0.018835982 -0.011444269 0.0052596736
v -0.02211627 -0.01145521 0.0061508287
v -0.022185756 -0.011455321 0.0059618377
v -0.025073223 -0.011465475 0.0077664456
v -0.025189718 -0.011465245 0.0076022064
v -0.027737511 -0.011474795 0.010175843
v -0.027890362 -0.011474261 0.01004476
v -0.030012362 -0.011482844 0.013641523
v -0.030212393 -0.011481737 0.013618435
v -0.029837996 -0.011482278 0.014114449
v -0.030035116 -0.01148112 0.014115666
v -0.02934704 -0.011480682 0.015446065
v -0.029535966 -0.011479384 0.01551572
v -0.029337894 -0.013488566 0.015508232
v -0.02954771 -0.013487296 0.015521222
v -0.030046899 -0.013488061 0.014121484
v -0.030024108 -0.013489442 0.013647026
v -0.030224187 -0.013488333 0.013624364
v -0.027749259 -0.013486283 0.010181347
v -0.027902268 -0.013485747 0.0100504495
v -0.025084967 -0.0134826265 0.0077719497
v -0.025201669 -0.013482394 0.0076078544
v -0.022128016 -0.0134785995 0.0061563323
v -0.02219781 -0.0134787075 0.0059674536
v -0.018830005 -0.013474134 0.0054657566
v -0.01884798 -0.013474573 0.0052652
v -0.015239335 -0.013469297 0.0055689584
v -0.015208134 -0.013470014 0.005370031
v -0.011259218 -0.013463966 0.006728443
v -0.011122028 -0.01346515 0.006581053
v -0.010934104 -0.013464951 0.007074352
v -0.01040497 -0.013464389 0.008463331
v -0.01036973 0.013474397 0.00844682
v -0.010898656 0.013473839 0.007058036
v -0.011223978 0.013474848 0.0067119324
v -0.011086506 0.013473639 0.0065648067
v -0.015204095 0.013469514 0.005552448
v -0.015172682 0.013468786 0.0053535537
v -0.018794768 0.013464679 0.005449244
v -0.01881252 0.013464236 0.0052486677
v -0.022092778 0.013460215 0.006139821
v -0.022162301 0.013460104 0.0059508425
v -0.025049731 0.013456187 0.007755438
v -0.02516625 0.013456415 0.007591214
v -0.027714022 0.013452531 0.0101648355
v -0.027866887 0.013453058 0.01003377
v -0.02998887 0.013449373 0.013630515
v -0.030188903 0.013450461 0.013607446
v -0.030011628 0.0134507315 0.014104673
v -0.029512474 0.013451496 0.015504713
v -0.02934054 0.013450201 0.015388976
v -0.029340973 0.013771638 0.015388984
v -0.027166866 0.013774668 0.011650053
v -0.027166434 0.013453229 0.0116500445
v -0.024537558 0.013778279 0.00914578
v -0.024537124 0.01345684 0.009145771
v -0.021535866 0.013782363 0.0076515083
v -0.021535432 0.013460926 0.0076514995
v -0.018282592 0.013786771 0.006839585
v -0.01828216 0.013465333 0.0068395766
v -0.014656941 0.013791651 0.0070376643
v -0.014656509 0.013470213 0.0070376564
v -0.010712739 0.0137969395 0.008099737
v -0.010712306 0.013475501 0.008099728
v -0.011223978 0.013474848 0.0067119324
v -0.011224411 0.013796287 0.0067119407
v -0.015204528 0.013790953 0.0055524562
v -0.015204095 0.013469514 0.005552448
v -0.0187952 0.013786118 0.0054492527
v -0.018794768 0.013464679 0.005449244
v -0.022093212 0.013781654 0.0061398298
v -0.022092778 0.013460215 0.006139821
v -0.025050165 0.013777625 0.0077554462
v -0.025049731 0.013456187 0.007755438
v -0.027714454 0.013773969 0.010164844
v -0.027714022 0.013452531 0.0101648355
v -0.029989304 0.013770811 0.013630523
v -0.02998887 0.013449373 0.013630515
v -0.02998887 0.013449373 0.013630515
v -0.029989304 0.013770811 0.013630523
v -0.029340973 0.013771638 0.015388984
v -0.02934054 0.013450201 0.015388976
v -0.011259218 -0.013463966 0.006728443
v -0.011258786 -0.013785403 0.006728434
v -0.010708817 -0.013784703 0.008220102
v -0.010709249 -0.013463264 0.008220111
v -0.027152158 -0.013485522 0.01180084
v -0.02933746 -0.013810004 0.015508223
v -0.029337894 -0.013488566 0.015508232
v -0.027151724 -0.013806961 0.011800831
v -0.02458145 -0.013481985 0.009137632
v -0.024581015 -0.013803423 0.009137624
v -0.021582885 -0.013477905 0.0076348763
v -0.02158245 -0.013799343 0.0076348674
v -0.018326487 -0.013473492 0.0068314397
v -0.018326055 -0.013794931 0.006831431
v -0.014680616 -0.013468586 0.0070843636
v -0.014680183 -0.013790024 0.0070843548
v -0.010709249 -0.013463264 0.008220111
v -0.010708817 -0.013784703 0.008220102
v -0.029337894 -0.013488566 0.015508232
v -0.02933746 -0.013810004 0.015508223
v -0.030023674 -0.01381088 0.013647018
v -0.030024108 -0.013489442 0.013647026
v -0.010712306 0.013475501 0.008099728
v -0.010712739 0.0137969395 0.008099737
v -0.011224411 0.013796287 0.0067119407
v -0.011223978 0.013474848 0.0067119324
v -0.027748825 -0.0138077205 0.0101813385
v -0.030023674 -0.01381088 0.013647018
v -0.02933746 -0.013810004 0.015508223
v -0.027151724 -0.013806961 0.011800831
v -0.025084533 -0.013804065 0.0077719404
v -0.024581015 -0.013803423 0.009137624
v -0.022127582 -0.013800038 0.0061563235
v -0.02158245 -0.013799343 0.0076348674
v -0.018829573 -0.013795572 0.005465748
v -0.018326055 -0.013794931 0.006831431
v -0.0152389025 -0.013790736 0.0055689495
v -0.014680183 -0.013790024 0.0070843548
v -0.011258786 -0.013785403 0.006728434
v -0.010708817 -0.013784703 0.008220102
v -0.015204528 0.013790953 0.0055524562
v -0.011224411 0.013796287 0.0067119407
v -0.010712739 0.0137969395 0.008099737
v -0.014656941 0.013791651 0.0070376643
v -0.0187952 0.013786118 0.0054492527
v -0.018282592 0.013786771 0.006839585
v -0.022093212 0.013781654 0.0061398298
v -0.021535866 0.013782363 0.0076515083
v -0.025050165 0.013777625 0.0077554462
v -0.024537558 0.013778279 0.00914578
v -0.027714454 0.013773969 0.010164844
v -0.027166866 0.013774668 0.011650053
v -0.029989304 0.013770811 0.013630523
v -0.029340973 0.013771638 0.015388984
v -0.030024108 -0.013489442 0.013647026
v -0.030023674 -0.01381088 0.013647018
v -0.027748825 -0.0138077205 0.0101813385
v -0.027749259 -0.013486283 0.010181347
v -0.025084533 -0.013804065 0.0077719404
v -0.025084967 -0.0134826265 0.0077719497
v -0.022127582 -0.013800038 0.0061563235
v -0.022128016 -0.0134785995 0.0061563323
v -0.018829573 -0.013795572 0.005465748
v -0.018830005 -0.013474134 0.0054657566
v -0.0152389025 -0.013790736 0.0055689495
v -0.015239335 -0.013469297 0.0055689584
v -0.011258786 -0.013785403 0.006728434
v -0.011259218 -0.013463966 0.006728443
v -0.010071386 0.006403341 0.0103097875
v -0.010071386 0.009168243 0.0103097875
v -0.010071386 0.009168243 0.010850814
v -0.010071386 0.006403341 0.010850814
v -0.010071386 0.009168243 0.0103097875
v -0.009453166 0.009168243 0.0103097875
v -0.009453166 0.009168243 0.010850814
v -0.010071386 0.009168243 0.010850814
v -0.009453166 0.009168243 0.0103097875
v -0.009453166 0.006403341 0.0103097875
v -0.009453166 0.006403341 0.010850814
v -0.009453166 0.009168243 0.010850814
v -0.009453166 0.006403341 0.0103097875
v -0.010071386 0.006403341 0.0103097875
v -0.010071386 0.006403341 0.010850814
v -0.009453166 0.006403341 0.010850814
v -0.010071386 0.009168243 0.0103097875
v -0.010071386 0.006403341 0.0103097875
v -0.009453166 0.006403341 0.0103097875
v -0.009453166 0.009168243 0.0103097875
v -0.009453166 0.009168243 0.010850814
v -0.009453166 0.006403341 0.010850814
v -0.010071386 0.006403341 0.010850814
v -0.010071386 0.009168243 0.010850814
v -0.010071386 -0.009137839 0.0103097875
v -0.010071386 -0.006372937 0.0103097875
v -0.010071386 -0.006372937 0.010850814
v -0.010071386 -0.009137839 0.010850814
v -0.010071386 -0.006372937 0.0103097875
v -0.009453166 -0.006372937 0.0103097875
v -0.009453166 -0.006372937 0.010850814
v -0.010071386 -0.006372937 0.010850814
v -0.009453166 -0.006372937 0.0103097875
v -0.009453166 -0.009137839 0.0103097875
v -0.009453166 -0.009137839 0.010850814
v -0.009453166 -0.006372937 0.010850814
v -0.009453166 -0.009137839 0.0103097875
v -0.010071386 -0.009137839 0.0103097875
v -0.010071386 -0.009137839 0.010850814
v -0.009453166 -0.009137839 0.010850814
v -0.010071386 -0.006372937 0.0103097875
v -0.010071386 -0.009137839 0.0103097875
v -0.009453166 -0.009137839 0.0103097875
v -0.009453166 -0.006372937 0.0103097875
v -0.009453166 -0.006372937 0.010850814
v -0.009453166 -0.009137839 0.010850814
v -0.010071386 -0.009137839 0.010850814
v -0.010071386 -0.006372937 0.010850814
v 0.011716682 0.0016390526 0.009588616
v 0.011716682 -0.0016390526 0.009588616
v 0.010623103 -0.0016390526 0.009588616
v 0.010623103 0.0016390526 0.009588616
v 0.010623103 0.0016390526 0.0074273
v 0.011716682 0.0016390526 0.0074273
v 0.011716682 0.0016390526 0.009588616
v 0.010623103 0.0016390526 0.009588616
v 0.010623103 -0.0016390526 0.0074273
v 0.010623103 0.0016390526 0.0074273
v 0.010623103 0.0016390526 0.009588616
v 0.010623103 -0.0016390526 0.009588616
v 0.011716682 -0.0016390526 0.0074273
v 0.010623103 -0.0016390526 0.0074273
v 0.010623103 -0.0016390526 0.009588616
v 0.011716682 -0.0016390526 0.009588616
v 0.010623103 0.0016390526 0.0074273
v 0.010623103 -0.0016390526 0.0074273
v 0.011716682 -0.0016390526 0.0074273
v 0.011716682 0.0016390526 0.0074273
v 0.011716682 0.0016390526 0.0074273
v 0.011716682 -0.0016390526 0.0074273
v 0.011716682 -0.0016390526 0.009588616
v 0.011716682 0.0016390526 0.009588616
v -0.029340327 0.0015988296 0.015442919
v -0.02954082 0.0015989502 0.01551684
v -0.030031776 0.0015973541 0.014185225
v -0.029831283 0.0015972333 0.014111304
v -0.030217946 0.0015967702 0.013614063
v -0.030005647 0.0015966671 0.013638377
v -0.027893068 0.0016047648 0.010033662
v -0.027730802 0.0016047149 0.010172699
v -0.025190212 0.0016140563 0.0075890613
v -0.025066512 0.0016140348 0.0077633006
v -0.02218341 0.0016242899 0.0059471647
v -0.02210956 0.0016243001 0.006147683
v -0.018830443 0.0016356399 0.0052442583
v -0.018811548 0.0016356814 0.0054571065
v -0.015187589 0.0016479415 0.005349233
v -0.015220878 0.0016480094 0.0055603096
v -0.011180994 0.0016615216 0.006514637
v -0.011240761 0.0016616016 0.006719794
v -0.029832961 -0.0016726443 0.014112091
v -0.029542498 -0.0016709274 0.015517627
v -0.029342005 -0.0016710481 0.015443706
v -0.030033454 -0.0016725236 0.014186012
v -0.030007325 -0.0016732105 0.013639163
v -0.030219635 -0.0016731074 0.013614941
v -0.027732482 -0.0016651624 0.010173485
v -0.027894812 -0.0016651124 0.010034523
v -0.02506819 -0.0016558426 0.0077640866
v -0.025191981 -0.001655821 0.0075899106
v -0.022111239 -0.0016455775 0.006148469
v -0.022185232 -0.0016455879 0.0059480034
v -0.018813226 -0.001634196 0.0054578935
v -0.018832248 -0.0016342375 0.005245056
v -0.015222556 -0.001621868 0.005561096
v -0.015189399 -0.0016219357 0.0053499984
v -0.011242439 -0.0016082757 0.00672058
v -0.011182672 -0.0016083558 0.006515423
v -0.030219635 -0.0016731074 0.013614941
v -0.030217946 0.0015967702 0.013614063
v -0.030031776 0.0015973541 0.014185225
v -0.030033454 -0.0016725236 0.014186012
v -0.02954082 0.0015989502 0.01551684
v -0.029542498 -0.0016709274 0.015517627
v -0.015187589 0.0016479415 0.005349233
v -0.011182672 -0.0016083558 0.006515423
v -0.011180994 0.0016615216 0.006514637
v -0.015189399 -0.0016219357 0.0053499984
v -0.018830443 0.0016356399 0.0052442583
v -0.018832248 -0.0016342375 0.005245056
v -0.02218341 0.0016242899 0.0059471647
v -0.022185232 -0.0016455879 0.0059480034
v -0.025190212 0.0016140563 0.0075890613
v -0.025191981 -0.001655821 0.0075899106
v -0.027893068 0.0016047648 0.010033662
v -0.027894812 -0.0016651124 0.010034523
v -0.030217946 0.0015967702 0.013614063
v -0.030219635 -0.0016731074 0.013614941
v -0.029283686 -0.013797212 0.015417214
v -0.029538514 -0.013515747 0.015517767
v -0.02899389 -0.013513498 0.01699933
v -0.0287369 -0.013795079 0.016904742
v -0.028701672 0.013758643 0.016888048
v -0.028961642 0.013476397 0.016984057
v -0.029506836 0.013476581 0.015502701
v -0.029248238 0.013758757 0.015403051
vt 0.8520508 0.6616211
vt 0.8520508 0.7348633
vt 0.8520508 0.7348633
vt 0.8520508 0.6616211
vt 0.8520508 0.6508789
vt 0.8520508 0.6508789
vt 0.8520508 0.640625
vt 0.8520508 0.640625
vt 0.8520508 0.6303711
vt 0.8520508 0.6303711
vt 0.8520508 0.6196289
vt 0.8520508 0.6196289
vt 0.8520508 0.609375
vt 0.8520508 0.609375
vt 0.8520508 0.5991211
vt 0.8520508 0.5991211
vt 0.8520508 0.5883789
vt 0.8520508 0.5883789
vt 0.8520508 0.5151367
vt 0.8520508 0.5151367
vt 0.56884766 0.75
vt 0.56884766 0.75
vt 0.625 0.75
vt 0.625 0.75
vt 0.56884766 0.6665039
vt 0.625 0.6665039
vt 0.56884766 0.65478516
vt 0.625 0.65478516
vt 0.5180664 0.65478516
vt 0.5180664 0.6665039
vt 0.56884766 0.6430664
vt 0.625 0.6430664
vt 0.5 0.65478516
vt 0.5 0.6665039
vt 0.5 0.6430664
vt 0.5180664 0.6430664
vt 0.5 0.6308594
vt 0.5180664 0.6308594
vt 0.5 0.6191406
vt 0.56884766 0.6308594
vt 0.625 0.6308594
vt 0.5180664 0.6191406
vt 0.56884766 0.6191406
vt 0.5 0.6069336
vt 0.625 0.6191406
vt 0.5180664 0.6069336
vt 0.5 0.59521484
vt 0.56884766 0.6069336
vt 0.625 0.6069336
vt 0.5180664 0.59521484
vt 0.5 0.5834961
vt 0.5180664 0.5834961
vt 0.56884766 0.59521484
vt 0.625 0.59521484
vt 0.56884766 0.5834961
vt 0.625 0.5834961
vt 0.56884766 0.5
vt 0.625 0.5
vt 0.56884766 0.5
vt 0.625 0.5
vt 0.8178711 0.6616211
vt 0.8520508 0.7348633
vt 0.8520508 0.6616211
vt 0.8178711 0.7348633
vt 0.7841797 0.6616211
vt 0.7841797 0.7348633
vt 0.75 0.6616211
vt 0.75 0.7348633
vt 0.7158203 0.6616211
vt 0.7158203 0.7348633
vt 0.6821289 0.6616211
vt 0.6821289 0.7348633
vt 0.6479492 0.6616211
vt 0.6479492 0.7348633
vt 0.6821289 0.7348633
vt 0.6479492 0.7348633
vt 0.6479492 0.7348633
vt 0.6821289 0.7348633
vt 0.7158203 0.7348633
vt 0.7158203 0.7348633
vt 0.75 0.7348633
vt 0.75 0.7348633
vt 0.7841797 0.7348633
vt 0.7841797 0.7348633
vt 0.8178711 0.7348633
vt 0.8178711 0.7348633
vt 0.8520508 0.7348633
vt 0.8520508 0.7348633
vt 0.8178711 0.5151367
vt 0.8520508 0.5151367
vt 0.8520508 0.5151367
vt 0.8178711 0.5151367
vt 0.7841797 0.5151367
vt 0.7841797 0.5151367
vt 0.75 0.5151367
vt 0.75 0.5151367
vt 0.7158203 0.5151367
vt 0.7158203 0.5151367
vt 0.6821289 0.5151367
vt 0.6821289 0.5151367
vt 0.6479492 0.5151367
vt 0.6479492 0.5151367
vt 0.6479492 0.5883789
vt 0.6479492 0.5151367
vt 0.6479492 0.5151367
vt 0.6479492 0.5883789
vt 0.6479492 0.5991211
vt 0.6479492 0.5991211
vt 0.6479492 0.609375
vt 0.6479492 0.609375
vt 0.6479492 0.6196289
vt 0.6479492 0.6196289
vt 0.6479492 0.6303711
vt 0.6479492 0.6303711
vt 0.6479492 0.640625
vt 0.6479492 0.640625
vt 0.6479492 0.6508789
vt 0.6479492 0.6508789
vt 0.6479492 0.6616211
vt 0.6479492 0.6616211
vt 0.6479492 0.7348633
vt 0.6479492 0.7348633
vt 0.8520508 0.71875
vt 0.8520508 0.7348633
vt 0.8520508 0.7348633
vt 0.8515625 0.71875
vt 0.8520508 0.53125
vt 0.8520508 0.53125
vt 0.8520508 0.5151367
vt 0.8520508 0.5151367
vt 0.5834961 0.7783203
vt 0.5834961 0.7783203
vt 0.5415039 0.7783203
vt 0.5415039 0.7783203
vt 0.67089844 0.7348633
vt 0.6479492 0.7348633
vt 0.6479492 0.7348633
vt 0.67089844 0.7348633
vt 0.82958984 0.7348633
vt 0.82958984 0.7348633
vt 0.67089844 0.7348633
vt 0.8520508 0.7348633
vt 0.82958984 0.7348633
vt 0.8520508 0.7348633
vt 0.82910156 0.5151367
vt 0.8520508 0.5151367
vt 0.8520508 0.5151367
vt 0.82910156 0.5151367
vt 0.67041016 0.5151367
vt 0.67041016 0.5151367
vt 0.6479492 0.5151367
vt 0.6479492 0.5151367
vt 0.6479492 0.53125
vt 0.6484375 0.53125
vt 0.6479492 0.5151367
vt 0.6479492 0.5151367
vt 0.6479492 0.71875
vt 0.6484375 0.53125
vt 0.6479492 0.7182617
vt 0.6479492 0.7348633
vt 0.6479492 0.7348633
vt 0.56884766 0.16662598
vt 0.56884766 0.25
vt 0.56884766 0.25
vt 0.56884766 0.16662598
vt 0.56884766 0.23950195
vt 0.56884766 0.15478516
vt 0.56884766 0.15478516
vt 0.56884766 0.14282227
vt 0.56884766 0.14282227
vt 0.56884766 0.13098145
vt 0.56884766 0.13098145
vt 0.56884766 0.119018555
vt 0.56884766 0.119018555
vt 0.56884766 0.1071167
vt 0.56884766 0.1071167
vt 0.56884766 0.095214844
vt 0.56884766 0.095214844
vt 0.56884766 0.08331299
vt 0.56884766 0.08331299
vt 0.56884766 0
vt 0.56884766 0
vt 0.56884766 0.01071167
vt 0.56884766 0
vt 0.5834961 0.7314453
vt 0.5834961 0.7314453
vt 0.5834961 0.5180664
vt 0.5834961 0.5180664
vt 0.5834961 0.97216797
vt 0.5834961 0.97216797
vt 0.5834961 0.7783203
vt 0.5834961 0.7783203
vt 0.5415039 0.018112183
vt 0.5415039 0.23156738
vt 0.5834961 0.23156738
vt 0.5834961 0.018096924
vt 0.5415039 0.5180664
vt 0.5415039 0.7314453
vt 0.5834961 0.7314453
vt 0.5834961 0.5180664
vt 0.5415039 0.7314453
vt 0.5415039 0.7314453
vt 0.5834961 0.7314453
vt 0.5834961 0.7314453
vt 0.875 0.75
vt 0.875 0.75
vt 0.875 0.7319336
vt 0.875 0.7319336
vt 0.875 0.5185547
vt 0.875 0.5185547
vt 0.875 0.5
vt 0.875 0.5
vt 0.8520508 0.7348633
vt 0.8520508 0.71875
vt 0.8520508 0.5317383
vt 0.82958984 0.7348633
vt 0.84716797 0.75
vt 0.8520508 0.5151367
vt 0.8466797 0.5
vt 0.67089844 0.7348633
vt 0.6533203 0.75
vt 0.82910156 0.5151367
vt 0.65283203 0.5
vt 0.6479492 0.7348633
vt 0.62841797 0.7480469
vt 0.67041016 0.5151367
vt 0.62890625 0.5024414
vt 0.6479492 0.71875
vt 0.625 0.7314453
vt 0.6479492 0.5151367
vt 0.625 0.5180664
vt 0.6479492 0.53125
vt 0.8520508 0.5151367
vt 0.82910156 0.5151367
vt 0.8520508 0.5317383
vt 0.67041016 0.5151367
vt 0.6479492 0.5151367
vt 0.8520508 0.71875
vt 0.6479492 0.53125
vt 0.6479492 0.71875
vt 0.8520508 0.7348633
vt 0.6479492 0.7348633
vt 0.82958984 0.7348633
vt 0.67089844 0.7348633
vt 0.82910156 0.5151367
vt 0.8520508 0.53125
vt 0.8520508 0.5151367
vt 0.82910156 0.53125
vt 0.67041016 0.5151367
vt 0.8515625 0.71875
vt 0.67089844 0.53125
vt 0.6479492 0.5151367
vt 0.6484375 0.53125
vt 0.82910156 0.71875
vt 0.8520508 0.7348633
vt 0.82958984 0.7348633
vt 0.67089844 0.71875
vt 0.6479492 0.7182617
vt 0.67089844 0.7348633
vt 0.6479492 0.7348633
vt 0.5 0.48608398
vt 0.5 0.7314453
vt 0.5 0.5180664
vt 0.5 0.65185547
vt 0.5 0.26367188
vt 0.5 0.097839355
vt 0.5 0.23156738
vt 0.5 0.018463135
vt 0.5 0.018463135
vt 0.5 0.23156738
vt 0.5 0
vt 0.5 0.25
vt 0.5 0
vt 0.5 0.08282471
vt 0.5 0.25
vt 0.5 0.08282471
vt 0.5 0.018463135
vt 0.5 0.097839355
vt 0.5 0.66259766
vt 0.5 0.66259766
vt 0.5 0.65185547
vt 0.5 0.75
vt 0.5 0.7338867
vt 0.5 0.7314453
vt 0.5 0.75
vt 0.5 0.27807617
vt 0.5 0.27807617
vt 0.5 0.74609375
vt 0.5 0.75
vt 0.5 0.7314453
vt 0.5 0.5180664
vt 0.5 0.5180664
vt 0.5 0.50390625
vt 0.5 0.5
vt 0.5 0.26367188
vt 0.5 0.23156738
vt 0.5 0.48608398
vt 0.5 0.4724121
vt 0.5 0.4724121
vt 0.5 0.5
vt 0.5 0.49487305
vt 0.5834961 0.5180664
vt 0.5834961 0.5180664
vt 0.5415039 0.5180664
vt 0.5415039 0.5180664
vt 0.5415039 0.7783203
vt 0.5415039 0.97216797
vt 0.5834961 0.97216797
vt 0.5834961 0.7783203
vt 0.5834961 0.4724121
vt 0.5834961 0.4724121
vt 0.5834961 0.27807617
vt 0.5834961 0.27807617
vt 0.5415039 0.27807617
vt 0.5415039 0.4724121
vt 0.5834961 0.4724121
vt 0.5834961 0.27807617
vt 0.5415039 0.4724121
vt 0.5415039 0.4724121
vt 0.5834961 0.4724121
vt 0.5834961 0.4724121
vt 0.5415039 0.23156738
vt 0.5415039 0.23156738
vt 0.5834961 0.23156738
vt 0.5834961 0.23156738
vt 0.5834961 0.23156738
vt 0.5834961 0.23156738
vt 0.5834961 0.018096924
vt 0.5834961 0.018096924
vt 0.5834961 0.018096924
vt 0.5834961 0.018096924
vt 0.5415039 0.018112183
vt 0.5415039 0.018112183
vt 0.5566406 0.75
vt 0.59033203 0.7915039
vt 0.56884766 0.75
vt 0.5336914 0.7915039
vt 0.59521484 0.8334961
vt 0.52490234 0.8334961
vt 0.5961914 0.875
vt 0.5253906 0.875
vt 0.59521484 0.9165039
vt 0.52490234 0.9165039
vt 0.59033203 0.9584961
vt 0.5361328 0.9584961
vt 0.56884766 1
vt 0.5703125 1
vt 0.56689453 0.25
vt 0.5908203 0.29174805
vt 0.56884766 0.25
vt 0.5332031 0.29174805
vt 0.5966797 0.33325195
vt 0.5253906 0.33325195
vt 0.5986328 0.375
vt 0.5258789 0.375
vt 0.5966797 0.41674805
vt 0.5253906 0.41674805
vt 0.5908203 0.45825195
vt 0.5332031 0.45825195
vt 0.56884766 0.5
vt 0.5527344 0.5
vt 0.5180664 0.15478516
vt 0.56884766 0.16662598
vt 0.56884766 0.15478516
vt 0.5180664 0.16662598
vt 0.5 0.15478516
vt 0.5 0.16662598
vt 0.5 0.095214844
vt 0.5 0.08331299
vt 0.5 0.18054199
vt 0.5 0.18847656
vt 0.5 0.27783203
vt 0.5 0.28173828
vt 0.5 0.375
vt 0.5 0.375
vt 0.5 0.47216797
vt 0.5 0.46826172
vt 0.5 0.56933594
vt 0.5 0.56152344
vt 0.5 0.6665039
vt 0.5 0.65478516
vt 0.8178711 0.6303711
vt 0.8520508 0.6303711
vt 0.8520508 0.6303711
vt 0.8178711 0.6303711
vt 0.7841797 0.6303711
vt 0.7841797 0.6303711
vt 0.75 0.6303711
vt 0.75 0.6303711
vt 0.7158203 0.6303711
vt 0.7158203 0.6303711
vt 0.6821289 0.6303711
vt 0.6821289 0.6303711
vt 0.6479492 0.6303711
vt 0.6479492 0.6303711
vt 0.6821289 0.6616211
vt 0.6479492 0.6616211
vt 0.6479492 0.6616211
vt 0.6821289 0.6616211
vt 0.7158203 0.6616211
vt 0.7158203 0.6616211
vt 0.75 0.6616211
vt 0.75 0.6616211
vt 0.7841797 0.6616211
vt 0.7841797 0.6616211
vt 0.8178711 0.6616211
vt 0.8178711 0.6616211
vt 0.8520508 0.6616211
vt 0.8520508 0.6616211
vt 0.8520508 0.6196289
vt 0.8520508 0.6196289
vt 0.8178711 0.6196289
vt 0.8178711 0.6196289
vt 0.7841797 0.6196289
vt 0.7841797 0.6196289
vt 0.75 0.6196289
vt 0.75 0.6196289
vt 0.7158203 0.6196289
vt 0.7158203 0.6196289
vt 0.6821289 0.6196289
vt 0.6821289 0.6196289
vt 0.6479492 0.6196289
vt 0.6479492 0.6196289
vt 0.6479492 0.5151367
vt 0.6479492 0.5883789
vt 0.6821289 0.5883789
vt 0.6821289 0.5151367
vt 0.7158203 0.5883789
vt 0.7158203 0.5151367
vt 0.75 0.5883789
vt 0.75 0.5151367
vt 0.7841797 0.5883789
vt 0.7841797 0.5151367
vt 0.8178711 0.5883789
vt 0.8178711 0.5151367
vt 0.8520508 0.5883789
vt 0.8520508 0.5151367
vt 0.6479492 0.5883789
vt 0.6479492 0.5883789
vt 0.6821289 0.5883789
vt 0.6821289 0.5883789
vt 0.7158203 0.5883789
vt 0.7158203 0.5883789
vt 0.75 0.5883789
vt 0.75 0.5883789
vt 0.7841797 0.5883789
vt 0.7841797 0.5883789
vt 0.8178711 0.5883789
vt 0.8178711 0.5883789
vt 0.8520508 0.5883789
vt 0.8520508 0.5883789
vt 0.56884766 0.6665039
vt 0.56884766 0.6665039
vt 0.56884766 0.75
vt 0.56884766 0.75
vt 0.56884766 0.16662598
vt 0.56884766 0.16662598
vt 0.56884766 0.25
vt 0.56884766 0.25
vt 0.56884766 0.5
vt 0.56884766 0.5
vt 0.56884766 0.5834961
vt 0.56884766 0.5834961
vt 0.56884766 0
vt 0.56884766 0
vt 0.56884766 0.08331299
vt 0.56884766 0.08331299
vt 0.5 0.08331299
vt 0.5 0.095214844
vt 0.5180664 0.095214844
vt 0.5180664 0.08331299
vt 0.56884766 0.095214844
vt 0.56884766 0.08331299
vt 0.5 0.1071167
vt 0.5 0.119018555
vt 0.5180664 0.119018555
vt 0.5180664 0.1071167
vt 0.56884766 0.119018555
vt 0.56884766 0.1071167
vt 0.5180664 0.14282227
vt 0.56884766 0.14282227
vt 0.56884766 0.14282227
vt 0.5180664 0.14282227
vt 0.5 0.14282227
vt 0.5 0.14282227
vt 0.5 0.22021484
vt 0.5 0.22021484
vt 0.5 0.29760742
vt 0.5 0.29760742
vt 0.5 0.375
vt 0.5 0.375
vt 0.5 0.45239258
vt 0.5 0.45239258
vt 0.5 0.52978516
vt 0.5 0.52978516
vt 0.5 0.6069336
vt 0.5 0.6069336
vt 0.5 0.13098145
vt 0.5 0.14282227
vt 0.5180664 0.14282227
vt 0.5180664 0.13098145
vt 0.56884766 0.14282227
vt 0.56884766 0.13098145
vt 0.5 0.5136719
vt 0.5 0.59521484
vt 0.5 0.5834961
vt 0.5 0.52197266
vt 0.5 0.44433594
vt 0.5 0.44848633
vt 0.5 0.375
vt 0.5 0.375
vt 0.5 0.30566406
vt 0.5 0.30151367
vt 0.5 0.23608398
vt 0.5 0.22814941
vt 0.5 0.16662598
vt 0.5 0.15478516
vt 0.5 0.6430664
vt 0.5 0.6430664
vt 0.5 0.65478516
vt 0.5 0.65478516
vt 0.5 0.52978516
vt 0.5 0.6191406
vt 0.5 0.6069336
vt 0.5 0.53759766
vt 0.5 0.45239258
vt 0.5 0.45629883
vt 0.5 0.375
vt 0.5 0.375
vt 0.5 0.29760742
vt 0.5 0.29370117
vt 0.5 0.22021484
vt 0.5 0.21228027
vt 0.5 0.14282227
vt 0.5 0.13098145
vt 0.5 0.54541016
vt 0.5 0.6430664
vt 0.5 0.6308594
vt 0.5 0.55371094
vt 0.5 0.46020508
vt 0.5 0.46435547
vt 0.5 0.375
vt 0.5 0.375
vt 0.5 0.28979492
vt 0.5 0.28564453
vt 0.5 0.2043457
vt 0.5 0.19641113
vt 0.5 0.119018555
vt 0.5 0.1071167
vt 0.8178711 0.609375
vt 0.8520508 0.609375
vt 0.8520508 0.609375
vt 0.8178711 0.609375
vt 0.7841797 0.609375
vt 0.7841797 0.609375
vt 0.75 0.609375
vt 0.75 0.609375
vt 0.7158203 0.609375
vt 0.7158203 0.609375
vt 0.6821289 0.609375
vt 0.6821289 0.609375
vt 0.6479492 0.609375
vt 0.6479492 0.609375
vt 0.8178711 0.5991211
vt 0.8520508 0.609375
vt 0.8520508 0.5991211
vt 0.8178711 0.609375
vt 0.7841797 0.5991211
vt 0.7841797 0.609375
vt 0.75 0.5991211
vt 0.75 0.609375
vt 0.7158203 0.5991211
vt 0.7158203 0.609375
vt 0.6821289 0.5991211
vt 0.6821289 0.609375
vt 0.6479492 0.5991211
vt 0.6479492 0.609375
vt 0.8178711 0.6196289
vt 0.8520508 0.6303711
vt 0.8520508 0.6196289
vt 0.8178711 0.6303711
vt 0.7841797 0.6196289
vt 0.7841797 0.6303711
vt 0.75 0.6196289
vt 0.75 0.6303711
vt 0.7158203 0.6196289
vt 0.7158203 0.6303711
vt 0.6821289 0.6196289
vt 0.6821289 0.6303711
vt 0.6479492 0.6196289
vt 0.6479492 0.6303711
vt 0.8178711 0.640625
vt 0.8520508 0.6508789
vt 0.8520508 0.640625
vt 0.8178711 0.6508789
vt 0.7841797 0.640625
vt 0.7841797 0.6508789
vt 0.75 0.640625
vt 0.75 0.6508789
vt 0.7158203 0.640625
vt 0.7158203 0.6508789
vt 0.6821289 0.640625
vt 0.6821289 0.6508789
vt 0.6479492 0.640625
vt 0.6479492 0.6508789
vt 0.8520508 0.5991211
vt 0.8520508 0.5991211
vt 0.8178711 0.5991211
vt 0.8178711 0.5991211
vt 0.7841797 0.5991211
vt 0.7841797 0.5991211
vt 0.75 0.5991211
vt 0.75 0.5991211
vt 0.7158203 0.5991211
vt 0.7158203 0.5991211
vt 0.6821289 0.5991211
vt 0.6821289 0.5991211
vt 0.6479492 0.5991211
vt 0.6479492 0.5991211
vt 0.8520508 0.5883789
vt 0.8520508 0.5883789
vt 0.8520508 0.5991211
vt 0.8520508 0.5991211
vt 0.6479492 0.6616211
vt 0.6479492 0.6616211
vt 0.6479492 0.6508789
vt 0.6479492 0.6508789
vt 0.5 0.65478516
vt 0.5 0.65478516
vt 0.5 0.56152344
vt 0.5 0.56152344
vt 0.5 0.46826172
vt 0.5 0.46826172
vt 0.5 0.375
vt 0.5 0.375
vt 0.5 0.28173828
vt 0.5 0.28173828
vt 0.5 0.18847656
vt 0.5 0.18847656
vt 0.5 0.095214844
vt 0.5 0.095214844
vt 0.5180664 0.095214844
vt 0.5180664 0.095214844
vt 0.56884766 0.095214844
vt 0.56884766 0.095214844
vt 0.56884766 0.1071167
vt 0.56884766 0.1071167
vt 0.5180664 0.1071167
vt 0.5180664 0.1071167
vt 0.5 0.1071167
vt 0.5 0.1071167
vt 0.5 0.19641113
vt 0.5 0.19641113
vt 0.5 0.28564453
vt 0.5 0.28564453
vt 0.5 0.375
vt 0.5 0.375
vt 0.5 0.46435547
vt 0.5 0.46435547
vt 0.5 0.55371094
vt 0.5 0.55371094
vt 0.5 0.6430664
vt 0.5 0.6430664
vt 0.5 0.6191406
vt 0.5 0.6191406
vt 0.5 0.6308594
vt 0.5 0.6308594
vt 0.56884766 0.14282227
vt 0.56884766 0.14282227
vt 0.56884766 0.15478516
vt 0.56884766 0.15478516
vt 0.5 0.59521484
vt 0.5 0.59521484
vt 0.5 0.6069336
vt 0.5 0.6069336
vt 0.6479492 0.6508789
vt 0.6479492 0.6616211
vt 0.6821289 0.6616211
vt 0.6821289 0.6508789
vt 0.7158203 0.6616211
vt 0.7158203 0.6508789
vt 0.75 0.6616211
vt 0.75 0.6508789
vt 0.7841797 0.6616211
vt 0.7841797 0.6508789
vt 0.8178711 0.6616211
vt 0.8178711 0.6508789
vt 0.8520508 0.6616211
vt 0.8520508 0.6508789
vt 0.8178711 0.5883789
vt 0.8520508 0.5991211
vt 0.8520508 0.5883789
vt 0.8178711 0.5991211
vt 0.7841797 0.5883789
vt 0.7841797 0.5991211
vt 0.75 0.5883789
vt 0.75 0.5991211
vt 0.7158203 0.5883789
vt 0.7158203 0.5991211
vt 0.6821289 0.5883789
vt 0.6821289 0.5991211
vt 0.6479492 0.5883789
vt 0.6479492 0.5991211
vt 0.8178711 0.609375
vt 0.8520508 0.6196289
vt 0.8520508 0.609375
vt 0.8178711 0.6196289
vt 0.7841797 0.609375
vt 0.7841797 0.6196289
vt 0.75 0.609375
vt 0.75 0.6196289
vt 0.7158203 0.609375
vt 0.7158203 0.6196289
vt 0.6821289 0.609375
vt 0.6821289 0.6196289
vt 0.6479492 0.609375
vt 0.6479492 0.6196289
vt 0.8178711 0.6303711
vt 0.8520508 0.640625
vt 0.8520508 0.6303711
vt 0.8178711 0.640625
vt 0.7841797 0.6303711
vt 0.7841797 0.640625
vt 0.75 0.6303711
vt 0.75 0.640625
vt 0.7158203 0.6303711
vt 0.7158203 0.640625
vt 0.6821289 0.6303711
vt 0.6821289 0.640625
vt 0.6479492 0.6303711
vt 0.6479492 0.640625
vt 0.8520508 0.640625
vt 0.8520508 0.640625
vt 0.8178711 0.640625
vt 0.8178711 0.640625
vt 0.7841797 0.640625
vt 0.7841797 0.640625
vt 0.75 0.640625
vt 0.75 0.640625
vt 0.7158203 0.640625
vt 0.7158203 0.640625
vt 0.6821289 0.640625
vt 0.6821289 0.640625
vt 0.6479492 0.640625
vt 0.6479492 0.640625
vt 0.8178711 0.6508789
vt 0.8520508 0.6508789
vt 0.8520508 0.6508789
vt 0.8178711 0.6508789
vt 0.7841797 0.6508789
vt 0.7841797 0.6508789
vt 0.75 0.6508789
vt 0.75 0.6508789
vt 0.7158203 0.6508789
vt 0.7158203 0.6508789
vt 0.6821289 0.6508789
vt 0.6821289 0.6508789
vt 0.6479492 0.6508789
vt 0.6479492 0.6508789
vt 0.6479492 0.5991211
vt 0.6479492 0.5991211
vt 0.6479492 0.5883789
vt 0.6479492 0.5883789
vt 0.6479492 0.6196289
vt 0.6479492 0.6196289
vt 0.6479492 0.609375
vt 0.6479492 0.609375
vt 0.6479492 0.640625
vt 0.6479492 0.640625
vt 0.6479492 0.6303711
vt 0.6479492 0.6303711
vt 0.8520508 0.6508789
vt 0.8520508 0.6508789
vt 0.8520508 0.6616211
vt 0.8520508 0.6616211
vt 0.8520508 0.6303711
vt 0.8520508 0.6303711
vt 0.8520508 0.640625
vt 0.8520508 0.640625
vt 0.8520508 0.609375
vt 0.8520508 0.609375
vt 0.8520508 0.6196289
vt 0.8520508 0.6196289
vt 0.5 0.095214844
vt 0.5 0.1071167
vt 0.5180664 0.1071167
vt 0.5180664 0.095214844
vt 0.56884766 0.1071167
vt 0.56884766 0.095214844
vt 0.5 0.14282227
vt 0.5 0.15478516
vt 0.5180664 0.15478516
vt 0.5180664 0.14282227
vt 0.56884766 0.15478516
vt 0.56884766 0.14282227
vt 0.5 0.52197266
vt 0.5 0.6069336
vt 0.5 0.59521484
vt 0.5 0.52978516
vt 0.5 0.44848633
vt 0.5 0.45239258
vt 0.5 0.375
vt 0.5 0.375
vt 0.5 0.30151367
vt 0.5 0.29760742
vt 0.5 0.22814941
vt 0.5 0.22021484
vt 0.5 0.15478516
vt 0.5 0.14282227
vt 0.5 0.55371094
vt 0.5 0.65478516
vt 0.5 0.6430664
vt 0.5 0.56152344
vt 0.5 0.46435547
vt 0.5 0.46826172
vt 0.5 0.375
vt 0.5 0.375
vt 0.5 0.28564453
vt 0.5 0.28173828
vt 0.5 0.19641113
vt 0.5 0.18847656
vt 0.5 0.1071167
vt 0.5 0.095214844
vt 0.56884766 0.15478516
vt 0.56884766 0.15478516
vt 0.5180664 0.15478516
vt 0.5180664 0.15478516
vt 0.5 0.15478516
vt 0.5 0.15478516
vt 0.5 0.22814941
vt 0.5 0.22814941
vt 0.5 0.30151367
vt 0.5 0.30151367
vt 0.5 0.375
vt 0.5 0.375
vt 0.5 0.44848633
vt 0.5 0.44848633
vt 0.5 0.52197266
vt 0.5 0.52197266
vt 0.5 0.59521484
vt 0.5 0.59521484
vt 0.56884766 0.095214844
vt 0.56884766 0.095214844
vt 0.56884766 0.1071167
vt 0.56884766 0.1071167
vt 0.56884766 0.119018555
vt 0.56884766 0.119018555
vt 0.56884766 0.13098145
vt 0.56884766 0.13098145
vt 0.8520508 0.7348633
vt 0.8520508 0.7348633
vt 0.82958984 0.7348633
vt 0.82958984 0.7348633
vt 0.67089844 0.7348633
vt 0.67089844 0.7348633
vt 0.6479492 0.7348633
vt 0.6479492 0.7348633
vt 0.6479492 0.5151367
vt 0.6479492 0.5151367
vt 0.67041016 0.5151367
vt 0.67041016 0.5151367
vt 0.82910156 0.5151367
vt 0.82910156 0.5151367
vt 0.8520508 0.5151367
vt 0.8520508 0.5151367
vt 0.8520508 0.5151367
vt 0.8520508 0.5151367
vt 0.8520508 0.53125
vt 0.8520508 0.5317383
vt 0.8520508 0.71875
vt 0.8520508 0.71875
vt 0.8520508 0.7348633
vt 0.8520508 0.7348633
vt 0.6479492 0.7348633
vt 0.6479492 0.7348633
vt 0.6479492 0.71875
vt 0.6479492 0.71875
vt 0.6479492 0.53125
vt 0.6479492 0.53125
vt 0.6479492 0.53125
vt 0.6479492 0.5151367
vt 0.6479492 0.5151367
vt 0.82958984 0.7348633
vt 0.82958984 0.7348633
vt 0.67089844 0.7348633
vt 0.67089844 0.7348633
vt 0.8520508 0.7348633
vt 0.82958984 0.7348633
vt 0.8520508 0.7348633
vt 0.67089844 0.7348633
vt 0.6479492 0.7348633
vt 0.6479492 0.7348633
vt 0.6479492 0.5151367
vt 0.6479492 0.5151367
vt 0.67041016 0.5151367
vt 0.67041016 0.5151367
vt 0.82910156 0.5151367
vt 0.82910156 0.5151367
vt 0.8520508 0.5151367
vt 0.8520508 0.5151367
vt 0.8520508 0.53125
vt 0.8520508 0.71875
vt 0.8520508 0.71875
vt 0.8520508 0.53125
vt 0.8520508 0.5151367
vt 0.8520508 0.5151367
vt 0.8520508 0.71875
vt 0.8520508 0.7348633
vt 0.8520508 0.7348633
vt 0.6479492 0.7348633
vt 0.6479492 0.7348633
vt 0.6479492 0.71875
vt 0.6479492 0.71875
vt 0.6479492 0.53125
vt 0.6479492 0.53125
vt 0.6479492 0.53125
vt 0.6479492 0.5151367
vt 0.6479492 0.5151367
vt 0.8520508 0.7348633
vt 0.8520508 0.7348633
vt 0.82958984 0.7348633
vt 0.82958984 0.7348633
vt 0.67089844 0.7348633
vt 0.67089844 0.7348633
vt 0.6479492 0.7348633
vt 0.6479492 0.7348633
vt 0.6479492 0.5151367
vt 0.6479492 0.5151367
vt 0.67041016 0.5151367
vt 0.67041016 0.5151367
vt 0.67041016 0.5151367
vt 0.82910156 0.5151367
vt 0.82910156 0.5151367
vt 0.82910156 0.5151367
vt 0.8520508 0.5151367
vt 0.8520508 0.5151367
vt 0.8520508 0.53125
vt 0.8520508 0.53125
vt 0.8520508 0.71875
vt 0.8520508 0.71875
vt 0.8520508 0.5151367
vt 0.8520508 0.53125
vt 0.8520508 0.5151367
vt 0.8520508 0.71875
vt 0.8520508 0.7348633
vt 0.8520508 0.7348633
vt 0.6479492 0.7348633
vt 0.6479492 0.7348633
vt 0.6479492 0.71875
vt 0.6479492 0.71875
vt 0.6479492 0.71875
vt 0.6479492 0.53125
vt 0.6479492 0.53125
vt 0.6479492 0.5151367
vt 0.6479492 0.5151367
vt 0.375 0
vt 0.375 0.25
vt 0.625 0.25
vt 0.625 0
vt 0.375 0.25
vt 0.375 0.5
vt 0.625 0.5
vt 0.625 0.25
vt 0.375 0.5
vt 0.375 0.75
vt 0.625 0.75
vt 0.625 0.5
vt 0.375 0.75
vt 0.375 1
vt 0.625 1
vt 0.625 0.75
vt 0.125 0.5
vt 0.125 0.75
vt 0.375 0.75
vt 0.375 0.5
vt 0.625 0.5
vt 0.625 0.75
vt 0.875 0.75
vt 0.875 0.5
vt 0.67089844 0.7348633
vt 0.82958984 0.7348633
vt 0.82958984 0.7348633
vt 0.67089844 0.7348633
vt 0.8520508 0.7348633
vt 0.6479492 0.7348633
vt 0.8520508 0.7348633
vt 0.6479492 0.7348633
vt 0.8520508 0.71875
vt 0.6479492 0.71875
vt 0.8520508 0.71875
vt 0.6479492 0.71875
vt 0.8520508 0.53125
vt 0.6479492 0.53125
vt 0.8520508 0.53125
vt 0.6479492 0.53125
vt 0.8520508 0.5151367
vt 0.6479492 0.5151367
vt 0.8520508 0.5151367
vt 0.6479492 0.5151367
vt 0.82910156 0.5151367
vt 0.67041016 0.5151367
vt 0.82910156 0.5151367
vt 0.67041016 0.5151367
vt 0.8520508 0.53125
vt 0.8520508 0.53125
vt 0.8520508 0.71875
vt 0.8520508 0.71875
vt 0.8520508 0.5151367
vt 0.8520508 0.7348633
vt 0.8520508 0.5151367
vt 0.8520508 0.7348633
vt 0.82910156 0.5151367
vt 0.82958984 0.7348633
vt 0.82910156 0.5151367
vt 0.82958984 0.7348633
vt 0.67041016 0.5151367
vt 0.67089844 0.7348633
vt 0.67041016 0.5151367
vt 0.67089844 0.7348633
vt 0.6479492 0.5151367
vt 0.6479492 0.7348633
vt 0.6479492 0.5151367
vt 0.6479492 0.7348633
vt 0.6479492 0.53125
vt 0.6479492 0.71875
vt 0.6479492 0.53125
vt 0.6479492 0.71875
vt 0.8520508 0.71875
vt 0.8520508 0.71875
vt 0.8520508 0.53125
vt 0.8520508 0.7348633
vt 0.8520508 0.53125
vt 0.8520508 0.7348633
vt 0.8520508 0.5151367
vt 0.82958984 0.7348633
vt 0.8520508 0.5151367
vt 0.82958984 0.7348633
vt 0.82910156 0.5151367
vt 0.67089844 0.7348633
vt 0.82910156 0.5151367
vt 0.67089844 0.7348633
vt 0.67041016 0.5151367
vt 0.6479492 0.7348633
vt 0.67041016 0.5151367
vt 0.6479492 0.7348633
vt 0.6479492 0.5151367
vt 0.6479492 0.71875
vt 0.6479492 0.5151367
vt 0.6479492 0.71875
vt 0.6479492 0.53125
vt 0.6479492 0.53125
vt 0.8520508 0.6196289
vt 0.875 0.6069336
vt 0.8520508 0.609375
vt 0.875 0.6191406
vt 0.875 0.59521484
vt 0.8520508 0.6303711
vt 0.8520508 0.5991211
vt 0.875 0.6308594
vt 0.875 0.5834961
vt 0.8520508 0.640625
vt 0.8520508 0.5883789
vt 0.875 0.6430664
vt 0.875 0.5
vt 0.8520508 0.6508789
vt 0.8520508 0.5151367
vt 0.875 0.65478516
vt 0.8334961 0.5
vt 0.8520508 0.6616211
vt 0.8178711 0.5151367
vt 0.875 0.6665039
vt 0.7915039 0.5
vt 0.8520508 0.7348633
vt 0.7841797 0.5151367
vt 0.875 0.75
vt 0.75 0.5
vt 0.8178711 0.7348633
vt 0.75 0.5151367
vt 0.8334961 0.75
vt 0.7084961 0.5
vt 0.7841797 0.7348633
vt 0.7158203 0.5151367
vt 0.7915039 0.75
vt 0.6665039 0.5
vt 0.75 0.7348633
vt 0.6821289 0.5151367
vt 0.75 0.75
vt 0.625 0.5
vt 0.7158203 0.7348633
vt 0.6479492 0.5151367
vt 0.7084961 0.75
vt 0.625 0.5834961
vt 0.6821289 0.7348633
vt 0.6479492 0.5883789
vt 0.6665039 0.75
vt 0.625 0.59521484
vt 0.6479492 0.7348633
vt 0.6479492 0.5991211
vt 0.625 0.75
vt 0.625 0.6069336
vt 0.6479492 0.6616211
vt 0.6479492 0.609375
vt 0.625 0.6665039
vt 0.625 0.6191406
vt 0.6479492 0.6508789
vt 0.6479492 0.6196289
vt 0.625 0.65478516
vt 0.625 0.6308594
vt 0.6479492 0.640625
vt 0.6479492 0.6303711
vt 0.625 0.6430664
vt 0.5 0.49487305
vt 0.5 0.5
vt 0.5 0.5004883
vt 0.625 1
vt 0.625 0.99853516
vt 0.625 0.99658203
vt 0.625 0.25317383
vt 0.625 0.25170898
vt 0.625 0.25
vt 0.56884766 0.23950195
vt 0.56884766 0.25
vt 0.5683594 0.25024414
vt 0.5415039 0.97216797
vt 0.5415039 0.97216797
vt 0.5834961 0.97216797
vt 0.5834961 0.97216797
vt 0.5415039 0.018112183
vt 0.5415039 0.018112183
vt 0.5415039 0.23156738
vt 0.5415039 0.23156738
vt 0.625 0.5
vt 0.6665039 0.5
vt 0.7084961 0.5
vt 0.75 0.5
vt 0.7915039 0.5
vt 0.8334961 0.5
vt 0.87158203 0.5
vt 0.875 0.5
vt 0.875 0.5834961
vt 0.875 0.5107422
vt 0.875 0.59521484
vt 0.875 0.6069336
vt 0.875 0.6191406
vt 0.875 0.6308594
vt 0.875 0.6430664
vt 0.875 0.65478516
vt 0.875 0.6665039
vt 0.875 0.75
vt 0.875 0.7392578
vt 0.87158203 0.75
vt 0.8334961 0.75
vt 0.7915039 0.75
vt 0.75 0.75
vt 0.7084961 0.75
vt 0.6665039 0.75
vt 0.625 0.75
vt 0.56884766 0.01071167
vt 0.625 0.08331299
vt 0.625 0.0107040405
vt 0.56884766 0.08331299
vt 0.625 0.095214844
vt 0.56884766 0.095214844
vt 0.625 0.1071167
vt 0.56884766 0.1071167
vt 0.625 0.119018555
vt 0.56884766 0.119018555
vt 0.625 0.13098145
vt 0.56884766 0.13098145
vt 0.625 0.14282227
vt 0.56884766 0.14282227
vt 0.625 0.15478516
vt 0.56884766 0.15478516
vt 0.625 0.16662598
vt 0.56884766 0.16662598
vt 0.625 0.23950195
vt 0.56884766 0.23950195
vt 0.5703125 0.25317383
vt 0.625 0.29174805
vt 0.625 0.25317383
vt 0.5908203 0.29174805
vt 0.625 0.33325195
vt 0.5966797 0.33325195
vt 0.625 0.375
vt 0.5986328 0.375
vt 0.625 0.41674805
vt 0.5966797 0.41674805
vt 0.625 0.45825195
vt 0.5908203 0.45825195
vt 0.625 0.5
vt 0.56884766 0.5
vt 0.56884766 1
vt 0.56884766 1
vt 0.5703125 0.99658203
vt 0.59033203 0.9584961
vt 0.59033203 0.9584961
vt 0.59521484 0.9165039
vt 0.59521484 0.9165039
vt 0.5961914 0.875
vt 0.5961914 0.875
vt 0.59521484 0.8334961
vt 0.59521484 0.8334961
vt 0.59033203 0.7915039
vt 0.59033203 0.7915039
vt 0.56884766 0.75
vt 0.56884766 0.75
vt 0.52001953 0
vt 0.52001953 0.25
vt 0.625 0.25
vt 0.625 0
vt 0.375 0.25
vt 0.30249023 0.42749023
vt 0.625 0.35498047
vt 0.625 0.25
vt 0.375 0.5
vt 0.375 0.75
vt 0.625 0.75
vt 0.625 0.5
vt 0.30249023 0.8227539
vt 0.375 1
vt 0.625 1
vt 0.625 0.89501953
vt 0.125 0.5
vt 0.125 0.75
vt 0.30249023 0.8227539
vt 0.30249023 0.42749023
vt 0.625 0.5
vt 0.625 0.75
vt 0.875 0.75
vt 0.875 0.5
vt 0.5366211 0
vt 0.5366211 0.25
vt 0.625 0.25
vt 0.625 0
vt 0.375 0.25
vt 0.29418945 0.41918945
vt 0.46923828 0.37304688
vt 0.50390625 0.25
vt 0.375 0.5
vt 0.375 0.75
vt 0.50390625 0.75
vt 0.50390625 0.5
vt 0.29418945 0.8305664
vt 0.375 1
vt 0.50390625 1
vt 0.46923828 0.8769531
vt 0.125 0.5
vt 0.125 0.75
vt 0.29418945 0.8305664
vt 0.29418945 0.41918945
vt 0.625 0.5
vt 0.625 0.75
vt 0.75390625 0.75
vt 0.75390625 0.5
vt 0.375 0
vt 0.375 0.25
vt 0.625 0.25
vt 0.625 0
vt 0.375 0.25
vt 0.375 0.5
vt 0.625 0.5
vt 0.625 0.25
vt 0.375 0.5
vt 0.375 0.75
vt 0.625 0.75
vt 0.625 0.5
vt 0.375 0.75
vt 0.375 1
vt 0.625 1
vt 0.625 0.75
vt 0.125 0.5
vt 0.125 0.75
vt 0.375 0.75
vt 0.375 0.5
vt 0.625 0.5
vt 0.625 0.75
vt 0.875 0.75
vt 0.875 0.5
vt 0.375 0
vt 0.375 0.25
vt 0.625 0.25
vt 0.625 0
vt 0.375 0.25
vt 0.375 0.5
vt 0.625 0.5
vt 0.625 0.25
vt 0.375 0.5
vt 0.375 0.75
vt 0.625 0.75
vt 0.625 0.5
vt 0.375 0.75
vt 0.375 1
vt 0.625 1
vt 0.625 0.75
vt 0.125 0.5
vt 0.125 0.75
vt 0.375 0.75
vt 0.375 0.5
vt 0.625 0.5
vt 0.625 0.75
vt 0.875 0.75
vt 0.875 0.5
vt 0.5415039 0.5180664
vt 0.5415039 0.5180664
vt 0.5415039 0.7314453
vt 0.5415039 0.7314453
vt 0.84716797 0.75
vt 0.6533203 0.75
vt 0.6303711 0.75
vt 0.6269531 0.74853516
vt 0.625 0.74609375
vt 0.62646484 0.74902344
vt 0.625 0.7314453
vt 0.625 0.5180664
vt 0.625 0.50390625
vt 0.6274414 0.50146484
vt 0.6298828 0.5
vt 0.62646484 0.50097656
vt 0.65283203 0.5
vt 0.8466797 0.5
vt 0.5415039 0.7783203
vt 0.5415039 0.7783203
vt 0.5415039 0.97216797
vt 0.5415039 0.97216797
vt 0.5834961 0.27807617
vt 0.5834961 0.27807617
vt 0.5415039 0.27807617
vt 0.5415039 0.27807617
vt 0.5834961 0.50390625
vt 0.625 0.5180664
vt 0.625 0.50390625
vt 0.5834961 0.5180664
vt 0.5415039 0.50390625
vt 0.625 0.7314453
vt 0.5415039 0.5180664
vt 0.5 0.50390625
vt 0.5 0.5180664
vt 0.5834961 0.7314453
vt 0.625 0.74609375
vt 0.5834961 0.74609375
vt 0.5415039 0.7314453
vt 0.5 0.7314453
vt 0.5415039 0.74609375
vt 0.5 0.74609375
vt 0.5 0.23156738
vt 0.5 0.25
vt 0.5415039 0.25
vt 0.5415039 0.23156738
vt 0.5 0.018463135
vt 0.5834961 0.25
vt 0.5415039 0.018112183
vt 0.5 0
vt 0.5415039 0
vt 0.5834961 0.23156738
vt 0.625 0.25
vt 0.625 0.23156738
vt 0.5834961 0.018096924
vt 0.5834961 0
vt 0.625 0.018066406
vt 0.625 0
vt 0.5 0.97216797
vt 0.5 1
vt 0.5415039 1
vt 0.5415039 0.97216797
vt 0.5 0.7783203
vt 0.5834961 1
vt 0.5415039 0.7783203
vt 0.5834961 0.97216797
vt 0.625 1
vt 0.625 0.97216797
vt 0.5834961 0.7783203
vt 0.5 0.7548828
vt 0.625 0.7783203
vt 0.5415039 0.7553711
vt 0.5 0.74609375
vt 0.5415039 0.74609375
vt 0.5834961 0.7553711
vt 0.625 0.7553711
vt 0.5834961 0.74609375
vt 0.625 0.74609375
vt 0.5834961 0.25
vt 0.625 0.27807617
vt 0.625 0.25
vt 0.5834961 0.27807617
vt 0.5415039 0.25
vt 0.625 0.4724121
vt 0.5415039 0.27807617
vt 0.5 0.25
vt 0.5 0.27807617
vt 0.5834961 0.4724121
vt 0.5415039 0.4724121
vt 0.625 0.49487305
vt 0.5 0.4724121
vt 0.5834961 0.49487305
vt 0.625 0.50390625
vt 0.5834961 0.50390625
vt 0.5415039 0.49487305
vt 0.5 0.49487305
vt 0.5415039 0.50390625
vt 0.5 0.50390625
vt 0.5415039 0.27807617
vt 0.5415039 0.27807617
vt 0.5415039 0.4724121
vt 0.5415039 0.4724121
vt 0.56884766 0.75
vt 0.625 0.7915039
vt 0.625 0.75
vt 0.59033203 0.7915039
vt 0.625 0.8334961
vt 0.59521484 0.8334961
vt 0.625 0.875
vt 0.5961914 0.875
vt 0.625 0.9165039
vt 0.59521484 0.9165039
vt 0.625 0.9584961
vt 0.59033203 0.9584961
vt 0.625 0.99658203
vt 0.5703125 0.99658203
vt 0.56884766 0.5
vt 0.56884766 0.5
vt 0.5908203 0.45825195
vt 0.5908203 0.45825195
vt 0.5966797 0.41674805
vt 0.5966797 0.41674805
vt 0.5986328 0.375
vt 0.5986328 0.375
vt 0.5966797 0.33325195
vt 0.5966797 0.33325195
vt 0.5908203 0.29174805
vt 0.5908203 0.29174805
vt 0.5703125 0.25317383
vt 0.5 0.56933594
vt 0.5 0.75
vt 0.5 0.6665039
vt 0.5 0.625
vt 0.5 0.47216797
vt 0.5 0.5
vt 0.5 0.375
vt 0.5 0.375
vt 0.5 0.27783203
vt 0.5 0.25
vt 0.5 0.18054199
vt 0.5 0.125
vt 0.5 0.08331299
vt 0.5 0
vt 0.5180664 0.6665039
vt 0.56884766 0.75
vt 0.56884766 0.6665039
vt 0.5180664 0.75
vt 0.5 0.6665039
vt 0.5 0.75
vt 0.5180664 0.16662598
vt 0.56884766 0.25
vt 0.56884766 0.16662598
vt 0.5180664 0.25
vt 0.5 0.16662598
vt 0.5 0.25
vt 0.5180664 0
vt 0.56884766 0.08331299
vt 0.56884766 0
vt 0.5180664 0.08331299
vt 0.5 0
vt 0.5 0.08331299
vt 0.5180664 0.5
vt 0.56884766 0.5834961
vt 0.56884766 0.5
vt 0.5180664 0.5834961
vt 0.5 0.5
vt 0.5 0.5834961
vt 0.5 0.25
vt 0.5 0.16662598
vt 0.5 0.23608398
vt 0.5 0.29174805
vt 0.5 0.30566406
vt 0.5 0.33325195
vt 0.5 0.375
vt 0.5 0.375
vt 0.5 0.44433594
vt 0.5 0.41674805
vt 0.5 0.5136719
vt 0.5 0.45825195
vt 0.5 0.5834961
vt 0.5 0.5
vt 0.5180664 0.16662598
vt 0.56884766 0.16662598
vt 0.56884766 0.16662598
vt 0.5180664 0.16662598
vt 0.5 0.16662598
vt 0.5 0.16662598
vt 0.5 0.23608398
vt 0.5 0.23608398
vt 0.5 0.30566406
vt 0.5 0.30566406
vt 0.5 0.375
vt 0.5 0.375
vt 0.5 0.44433594
vt 0.5 0.44433594
vt 0.5 0.5136719
vt 0.5 0.5136719
vt 0.5 0.5834961
vt 0.5 0.5834961
vt 0.5180664 0.5834961
vt 0.5180664 0.5834961
vt 0.56884766 0.5834961
vt 0.56884766 0.5834961
vt 0.5180664 0.6665039
vt 0.56884766 0.6665039
vt 0.56884766 0.6665039
vt 0.5180664 0.6665039
vt 0.5 0.6665039
vt 0.5 0.6665039
vt 0.5 0.56933594
vt 0.5 0.56933594
vt 0.5 0.47216797
vt 0.5 0.47216797
vt 0.5 0.375
vt 0.5 0.375
vt 0.5 0.27783203
vt 0.5 0.27783203
vt 0.5 0.18054199
vt 0.5 0.18054199
vt 0.5 0.08331299
vt 0.5 0.08331299
vt 0.5180664 0.08331299
vt 0.5180664 0.08331299
vt 0.56884766 0.08331299
vt 0.56884766 0.08331299
vt 0.5703125 1
vt 0.56884766 1
vt 0.5180664 1
vt 0.5 1
vt 0.5 1
vt 0.5 0.9584961
vt 0.5 0.9584961
vt 0.5 0.9165039
vt 0.5 0.9165039
vt 0.5 0.875
vt 0.5 0.875
vt 0.5 0.8334961
vt 0.5 0.8334961
vt 0.5 0.7915039
vt 0.5 0.7915039
vt 0.5 0.75
vt 0.5 0.75
vt 0.5180664 0.75
vt 0.56884766 0.75
vt 0.56884766 0.5
vt 0.5180664 0.5
vt 0.5 0.5
vt 0.5 0.5
vt 0.5 0.45825195
vt 0.5 0.45825195
vt 0.5 0.41674805
vt 0.5 0.41674805
vt 0.5 0.375
vt 0.5 0.375
vt 0.5 0.33325195
vt 0.5 0.33325195
vt 0.5 0.29174805
vt 0.5 0.29174805
vt 0.5 0.25
vt 0.5 0.25
vt 0.5180664 0.25
vt 0.56884766 0.25
vt 0.56689453 0.25
vt 0.546875 0.24658203
vt 0.5332031 0.29174805
vt 0.5332031 0.29174805
vt 0.5253906 0.33325195
vt 0.5253906 0.33325195
vt 0.5258789 0.375
vt 0.5258789 0.375
vt 0.5253906 0.41674805
vt 0.5253906 0.41674805
vt 0.5332031 0.45825195
vt 0.5332031 0.45825195
vt 0.5527344 0.5
vt 0.5527344 0.5
vt 0.5 0.5
vt 0.5 0.5
vt 0.5 0.45825195
vt 0.5 0.45825195
vt 0.5 0.41674805
vt 0.5 0.41674805
vt 0.5 0.375
vt 0.5 0.375
vt 0.5 0.33325195
vt 0.5 0.33325195
vt 0.5 0.29174805
vt 0.5 0.29174805
vt 0.5 0.25
vt 0.5 0.25
vt 0.5 0.25
vt 0.5 0.25
vt 0.546875 0.24658203
vt 0.56689453 0.25
vt 0.5 0.75
vt 0.5 0.75
vt 0.5566406 0.75
vt 0.5566406 0.75
vt 0.5361328 0.9584961
vt 0.55859375 1.0019531
vt 0.5703125 1
vt 0.5361328 0.9584961
vt 0.52490234 0.9165039
vt 0.52490234 0.9165039
vt 0.5253906 0.875
vt 0.5253906 0.875
vt 0.52490234 0.8334961
vt 0.52490234 0.8334961
vt 0.5336914 0.7915039
vt 0.5336914 0.7915039
vt 0.5566406 0.75
vt 0.5566406 0.75
vt 0.5703125 1
vt 0.55859375 1.0019531
vt 0.5 1
vt 0.5 1
vt 0.5527344 0.5
vt 0.5527344 0.5
vt 0.5 0.5
vt 0.5 0.5
vt 0.5 0.9584961
vt 0.5 1
vt 0.55859375 1.0019531
vt 0.5361328 0.9584961
vt 0.5 0.9165039
vt 0.52490234 0.9165039
vt 0.5 0.875
vt 0.5253906 0.875
vt 0.5 0.8334961
vt 0.52490234 0.8334961
vt 0.5 0.7915039
vt 0.5336914 0.7915039
vt 0.5 0.75
vt 0.5566406 0.75
vt 0.5 0.45825195
vt 0.5 0.5
vt 0.5527344 0.5
vt 0.5332031 0.45825195
vt 0.5 0.41674805
vt 0.5253906 0.41674805
vt 0.5 0.375
vt 0.5258789 0.375
vt 0.5 0.33325195
vt 0.5253906 0.33325195
vt 0.5 0.29174805
vt 0.5332031 0.29174805
vt 0.5 0.25
vt 0.546875 0.24658203
vt 0.5 1
vt 0.5 1
vt 0.5 0.9584961
vt 0.5 0.9584961
vt 0.5 0.9165039
vt 0.5 0.9165039
vt 0.5 0.875
vt 0.5 0.875
vt 0.5 0.8334961
vt 0.5 0.8334961
vt 0.5 0.7915039
vt 0.5 0.7915039
vt 0.5 0.75
vt 0.5 0.75
vt 0.375 0
vt 0.375 0.25
vt 0.625 0.25
vt 0.625 0
vt 0.375 0.25
vt 0.375 0.5
vt 0.625 0.5
vt 0.625 0.25
vt 0.375 0.5
vt 0.375 0.75
vt 0.625 0.75
vt 0.625 0.5
vt 0.375 0.75
vt 0.375 1
vt 0.625 1
vt 0.625 0.75
vt 0.125 0.5
vt 0.125 0.75
vt 0.375 0.75
vt 0.375 0.5
vt 0.625 0.5
vt 0.625 0.75
vt 0.875 0.75
vt 0.875 0.5
vt 0.375 0
vt 0.375 0.25
vt 0.625 0.25
vt 0.625 0
vt 0.375 0.25
vt 0.375 0.5
vt 0.625 0.5
vt 0.625 0.25
vt 0.375 0.5
vt 0.375 0.75
vt 0.625 0.75
vt 0.625 0.5
vt 0.375 0.75
vt 0.375 1
vt 0.625 1
vt 0.625 0.75
vt 0.125 0.5
vt 0.125 0.75
vt 0.375 0.75
vt 0.375 0.5
vt 0.625 0.5
vt 0.625 0.75
vt 0.875 0.75
vt 0.875 0.5
vt 0.52001953 0
vt 0.52001953 0.25
vt 0.625 0.25
vt 0.625 0
vt 0.375 0.25
vt 0.30249023 0.42749023
vt 0.625 0.35498047
vt 0.625 0.25
vt 0.375 0.5
vt 0.375 0.75
vt 0.625 0.75
vt 0.625 0.5
vt 0.30249023 0.8227539
vt 0.375 1
vt 0.625 1
vt 0.625 0.89501953
vt 0.125 0.5
vt 0.125 0.75
vt 0.30249023 0.8227539
vt 0.30249023 0.42749023
vt 0.625 0.5
vt 0.625 0.75
vt 0.875 0.75
vt 0.875 0.5
vt 0.56884766 0.13098145
vt 0.56884766 0.13098145
vt 0.5180664 0.13098145
vt 0.5180664 0.13098145
vt 0.5 0.13098145
vt 0.5 0.13098145
vt 0.5 0.21228027
vt 0.5 0.21228027
vt 0.5 0.29370117
vt 0.5 0.29370117
vt 0.5 0.375
vt 0.5 0.375
vt 0.5 0.45629883
vt 0.5 0.45629883
vt 0.5 0.53759766
vt 0.5 0.53759766
vt 0.5 0.6191406
vt 0.5 0.6191406
vt 0.5180664 0.119018555
vt 0.56884766 0.119018555
vt 0.56884766 0.119018555
vt 0.5180664 0.119018555
vt 0.5 0.119018555
vt 0.5 0.119018555
vt 0.5 0.2043457
vt 0.5 0.2043457
vt 0.5 0.28979492
vt 0.5 0.28979492
vt 0.5 0.375
vt 0.5 0.375
vt 0.5 0.46020508
vt 0.5 0.46020508
vt 0.5 0.54541016
vt 0.5 0.54541016
vt 0.5 0.6308594
vt 0.5 0.6308594
vt 0.5 0.119018555
vt 0.5 0.13098145
vt 0.5180664 0.13098145
vt 0.5180664 0.119018555
vt 0.56884766 0.13098145
vt 0.56884766 0.119018555
vt 0.5 0.53759766
vt 0.5 0.6308594
vt 0.5 0.6191406
vt 0.5 0.54541016
vt 0.5 0.45629883
vt 0.5 0.46020508
vt 0.5 0.375
vt 0.5 0.375
vt 0.5 0.29370117
vt 0.5 0.28979492
vt 0.5 0.21228027
vt 0.5 0.2043457
vt 0.5 0.13098145
vt 0.5 0.119018555
vt 0.5703125 0.99658203
vt 0.56884766 1
vt 0.625 1
vt 0.625 0.99658203
vt 0.625 0.25317383
vt 0.625 0.23950195
vt 0.56884766 0.23950195
vt 0.5703125 0.25317383
vn 0.938255 -0.0034960327 -0.34592667
vn 0.938242 -0.0064304913 -0.34591982
vn 0.938242 -0.0064304913 -0.34591982
vn 0.938255 -0.0034991154 -0.34592658
vn 0.93825984 -0.000564919 -0.34593067
vn 0.93825984 -0.00056491856 -0.34593067
vn 0.93825984 -0.0005647984 -0.34593067
vn 0.93825984 -0.000564799 -0.34593067
vn 0.93825984 -0.00056467886 -0.34593067
vn 0.93825984 -0.0005646785 -0.34593067
vn 0.93825996 -0.0005649104 -0.3459304
vn 0.93825996 -0.0005649105 -0.3459305
vn 0.9382602 -0.0005644383 -0.34593004
vn 0.9382602 -0.0005644389 -0.34593004
vn 0.9382602 -0.00056445453 -0.34593
vn 0.9382602 -0.0005644539 -0.34593004
vn 0.9382554 -0.0034525194 -0.3459261
vn 0.9382554 -0.003449471 -0.34592608
vn 0.93824285 -0.0063370788 -0.3459193
vn 0.93824285 -0.0063370788 -0.3459193
vn 0.93825734 -0.0026973628 -0.34592754
vn 0.93825936 0.00091616565 -0.34593156
vn 0.93825936 0.00091616565 -0.34593156
vn 0.93825734 -0.0026974222 -0.34592757
vn 0.9382579 -0.002480622 -0.34592775
vn 0.93825555 -0.0034363032 -0.34592596
vn 0.9382601 -0.0005645978 -0.34593013
vn 0.9382601 -0.0005645508 -0.34593013
vn 0.9382602 -0.0005646286 -0.34593
vn 0.9382602 -0.00056482176 -0.3459299
vn 0.9382602 -0.0005644451 -0.34593
vn 0.9382602 -0.00056440633 -0.34593
vn 0.9382602 -0.000564613 -0.34593004
vn 0.93826026 -0.0005648382 -0.34592953
vn 0.9382601 -0.00056438684 -0.3459302
vn 0.9382601 -0.0005644353 -0.3459301
vn 0.9382602 -0.0005646126 -0.34593007
vn 0.9382601 -0.0005646287 -0.3459301
vn 0.9382602 -0.00056483847 -0.3459299
vn 0.9382602 -0.0005646696 -0.34593
vn 0.9382602 -0.0005646948 -0.34592983
vn 0.9382602 -0.0005648218 -0.34593
vn 0.9382601 -0.00056482235 -0.34593013
vn 0.9382602 -0.00056483864 -0.34593
vn 0.9382601 -0.0005648394 -0.34593013
vn 0.9382602 -0.0005648218 -0.3459301
vn 0.9382602 -0.0005647256 -0.34592992
vn 0.9382601 -0.00056475017 -0.3459302
vn 0.9382601 -0.0005646953 -0.34593022
vn 0.9382602 -0.00056476524 -0.34593
vn 0.9382604 -0.0005646116 -0.34592935
vn 0.93826026 -0.0005647086 -0.3459298
vn 0.9382601 -0.00056475017 -0.3459301
vn 0.9382601 -0.00056469504 -0.3459301
vn 0.9382579 -0.0025284796 -0.3459276
vn 0.93825537 -0.003512576 -0.3459258
vn 0.9382576 -0.0027696267 -0.34592637
vn 0.9382576 -0.0027695922 -0.34592637
vn 0.9382602 0.0009181573 -0.34592932
vn 0.9382602 0.0009181573 -0.34592932
vn 0.34593275 0.00054575986 0.9382591
vn 0.3459326 0.00054612366 0.93825924
vn 0.3459326 0.00054612366 0.93825924
vn 0.3459327 0.0005457639 0.9382591
vn 0.34593326 0.0005445724 0.93825895
vn 0.34593326 0.00054458145 0.93825895
vn 0.34593338 0.0005429315 0.93825895
vn 0.34593332 0.00054294046 0.93825895
vn 0.34593296 0.00054145494 0.9382591
vn 0.34593287 0.0005414621 0.9382591
vn 0.3459332 0.0005398313 0.938259
vn 0.34593317 0.0005398418 0.938259
vn 0.34593362 0.00053887506 0.9382588
vn 0.34593362 0.00053887506 0.9382588
vn -0.0013475853 0.99999917 2.7134647E-05
vn -0.0013475852 0.99999917 2.7134647E-05
vn -0.0013475852 0.99999917 2.7134647E-05
vn -0.0013475852 0.99999917 2.7134643E-05
vn -0.0013477236 0.99999917 2.6948792E-05
vn -0.0013477236 0.99999917 2.694879E-05
vn -0.001347725 0.99999917 2.6391226E-05
vn -0.0013477248 0.99999917 2.6391222E-05
vn -0.0013475883 0.99999917 2.6577076E-05
vn -0.0013475884 0.99999917 2.6577078E-05
vn -0.0013477247 0.99999917 2.713464E-05
vn -0.0013477248 0.99999917 2.713464E-05
vn -0.0013478613 0.99999917 2.713463E-05
vn -0.0013478613 0.99999917 2.713463E-05
vn 0.0013477236 -0.99999917 -2.6762942E-05
vn 0.0013477232 -0.99999917 -2.713468E-05
vn 0.0013477232 -0.99999917 -2.713468E-05
vn 0.0013477236 -0.99999917 -2.6762942E-05
vn 0.0013476575 -0.99999917 -2.6577074E-05
vn 0.0013476576 -0.99999917 -2.6577076E-05
vn 0.0013477256 -0.99999917 -2.6948788E-05
vn 0.0013477255 -0.99999917 -2.6948785E-05
vn 0.0013475843 -0.99999917 -2.7320477E-05
vn 0.0013475843 -0.99999917 -2.7320477E-05
vn 0.0013475155 -0.99999917 -2.7320491E-05
vn 0.0013475155 -0.99999917 -2.7320491E-05
vn 0.0013477224 -0.99999917 -2.7134656E-05
vn 0.0013477224 -0.99999917 -2.7134656E-05
vn -0.93825525 0.003509447 0.34592593
vn -0.93824226 0.006451246 0.34591886
vn -0.93824226 0.006451246 0.34591886
vn -0.93825525 0.0035063562 0.34592593
vn -0.9382602 0.00056449 0.34593
vn -0.9382602 0.0005644899 0.34593004
vn -0.9382602 0.00056460977 0.34593
vn -0.9382602 0.00056461 0.34593
vn -0.9382602 0.000564828 0.34593007
vn -0.9382602 0.0005648281 0.34593007
vn -0.9382602 0.00056484994 0.34593
vn -0.9382602 0.0005648499 0.34593
vn -0.9382602 0.00056451996 0.34592998
vn -0.9382602 0.0005645196 0.34592998
vn -0.9382602 0.0005645617 0.34592998
vn -0.9382602 0.00056456204 0.3459299
vn -0.93825555 0.0034387428 0.345926
vn -0.93825555 0.0034417827 0.34592593
vn -0.9382431 0.0063156006 0.34591916
vn -0.9382431 0.0063156006 0.34591916
vn 0.99999475 -0.0032635839 -8.347866E-06
vn 0.999982 -0.006007618 -1.0689728E-05
vn 0.999982 -0.006007618 -1.0689728E-05
vn 0.99999475 -0.003254263 -8.339911E-06
vn 0.9999949 -0.0032128233 -8.29979E-06
vn 0.9999949 -0.0032219382 -8.307554E-06
vn 0.9999825 -0.005923549 -1.0608459E-05
vn 0.9999825 -0.005923549 -1.0608459E-05
vn -0.999997 -0.0024603845 6.582894E-06
vn -0.999997 -0.0024603845 6.582894E-06
vn -0.999997 -0.0024603845 6.582894E-06
vn -0.999997 -0.0024603845 6.582894E-06
vn -0.0019717084 0.999998 0.0004997484
vn -0.0034431438 0.9999939 0.00049962767
vn -0.0034431438 0.9999939 0.00049962767
vn -0.0019716702 0.999998 0.0004997484
vn -0.002011434 0.99999785 0.00049985456
vn -0.0020114733 0.99999785 0.00049985456
vn -0.0019717084 0.999998 0.0004997484
vn -0.0035226687 0.9999937 0.00049984
vn -0.0020114733 0.99999785 0.00049985456
vn -0.0035226687 0.9999937 0.00049984
vn 0.0019720255 -0.999998 -0.00049923314
vn 0.0034438507 -0.9999939 -0.0004994361
vn 0.0034438507 -0.9999939 -0.0004994361
vn 0.0019720637 -0.999998 -0.0004992332
vn 0.0020111094 -0.99999785 -0.00049903296
vn 0.0020110693 -0.99999785 -0.00049903296
vn 0.003521944 -0.9999937 -0.0004990357
vn 0.003521944 -0.9999937 -0.0004990357
vn -0.99999475 0.0032640921 8.237575E-06
vn -0.99999464 0.003273456 8.245561E-06
vn -0.9999819 0.0060263453 1.05932995E-05
vn -0.9999819 0.0060263453 1.05932995E-05
vn -0.9999949 0.0032121278 8.192674E-06
vn -0.99999464 0.003273456 8.245561E-06
vn -0.9999949 0.003203055 8.1849375E-06
vn -0.9999826 0.005904965 1.0488615E-05
vn -0.9999826 0.005904965 1.0488615E-05
vn -0.3459608 -0.00018276964 -0.93824893
vn -0.35228425 -0.0022331702 -0.9358904
vn -0.34874687 -0.008753863 -0.9371761
vn -0.34614843 -0.0004003687 -0.9381797
vn -0.3451606 -0.0045808735 -0.93853235
vn -0.34585252 -4.8909063E-05 -0.9382889
vn -0.34586033 -4.901806E-05 -0.938286
vn -0.34588343 -4.9002756E-05 -0.9382775
vn -0.3458926 -4.893578E-05 -0.93827415
vn -0.34591976 -4.880926E-05 -0.9382642
vn -0.34592152 -4.8807735E-05 -0.9382634
vn -0.34594497 -4.895513E-05 -0.93825483
vn -0.34594312 -4.893174E-05 -0.9382554
vn -0.34597018 -4.9087328E-05 -0.9382455
vn -0.34596467 -4.908776E-05 -0.93824756
vn -0.34600174 -4.9083646E-05 -0.93823385
vn -0.3459902 -4.9085174E-05 -0.93823814
vn -0.34570423 -0.0004108585 -0.9383435
vn -0.3458974 -0.00018409868 -0.93827236
vn -0.3557731 0.0024735937 -0.93456906
vn -0.34966764 0.013686473 -0.9367738
vn -0.34363943 0.0064249747 -0.93907964
vn -0.3642757 0.009146995 -0.9312462
vn -1.0320402E-05 -0.00043201278 -0.9999999
vn -1.0320402E-05 -0.00043201278 -0.9999999
vn -1.0320402E-05 -0.00043201278 -0.9999999
vn -1.0320402E-05 -0.00043201278 -0.9999999
vn 4.1679777E-06 0.0007121336 -0.99999976
vn 4.1679777E-06 0.0007121336 -0.99999976
vn 4.1679777E-06 0.0007121336 -0.99999976
vn 4.1679777E-06 0.0007121336 -0.99999976
vn -0.9999999 0.0005107104 3.5641679E-06
vn -0.9999999 0.0005107104 3.5641679E-06
vn -0.9999999 0.0005107104 3.5641679E-06
vn -0.9999999 0.0005107104 3.5641679E-06
vn 0.9999999 -0.0005107104 -3.5641474E-06
vn 0.9999999 -0.0005107104 -3.5641474E-06
vn 0.9999999 -0.0005107104 -3.5641474E-06
vn 0.9999999 -0.0005107104 -3.5641474E-06
vn 0.004109944 0.9999913 0.00077454746
vn 0.004109944 0.9999913 0.00077454746
vn 0.004109944 0.9999913 0.00077454746
vn 0.004109944 0.9999913 0.00077454746
vn -0.0008058974 0.0010772903 0.99999917
vn -0.0007173591 0.00083641865 0.9999994
vn -0.0006915579 0.0013883918 0.9999988
vn -0.0010577071 0.0017436252 0.999998
vn 0.0007135298 0.0013555594 0.9999988
vn 0.001030434 0.0016919881 0.9999981
vn 0.00071325625 0.0007981744 0.9999994
vn 0.00078573317 0.0010330469 0.99999917
vn -0.000932354 0.0016150048 0.99999833
vn -0.0006766396 0.0013624296 0.9999989
vn 0.0006635434 0.0013286974 0.9999989
vn -8.948044E-06 3.819935E-05 1
vn -1.1460581E-05 -0.00014398835 1
vn 0.0008764376 0.0015564164 0.99999845
vn -1.0870904E-05 -0.0001580774 1
vn -8.49648E-06 2.9826371E-05 1
vn 2.3543184E-06 -7.29982E-05 1
vn -8.679824E-06 2.9281739E-05 1
vn -2.7134269E-05 -4.3394066E-05 1
vn 0.0008808707 0.0015621856 0.99999845
vn 0.0010108845 0.0011761128 0.9999988
vn -8.850936E-06 3.7524092E-05 1
vn -0.0010399699 0.0012397052 0.9999987
vn 0.0006678759 0.0013349092 0.9999989
vn 0.0011814695 0.0016646076 0.999998
vn -0.000926536 0.001608989 0.99999833
vn -0.0012053313 0.0017044008 0.99999785
vn -0.0006708582 0.0013558358 0.9999989
vn 0.00075827417 0.0012812085 0.9999989
vn -9.937492E-06 -0.00055123586 0.9999999
vn 0.00075198314 0.0016393234 0.99999845
vn -1.0117458E-05 -0.0005406641 0.9999999
vn -0.0007746525 0.0013322728 0.9999988
vn -0.00074624154 0.0016852022 0.99999833
vn -0.00073898444 0.0016766175 0.99999833
vn 0.0007564464 0.0016473512 0.99999833
vn -0.00078478915 0.0013444879 0.9999988
vn 0.0007660476 0.0012923119 0.9999989
vn -1.0134226E-05 -0.00053930504 0.9999999
vn -9.423287E-06 -0.0005502405 0.9999999
vn -1.9459054E-05 0.0027929859 0.9999962
vn -2.6730124E-05 0.0015023387 0.9999989
vn -3.4226676E-05 0.0027850564 0.9999962
vn -1.542283E-05 0.0015191305 0.9999989
vn -2.0113104E-05 0.0028090577 0.99999607
vn -2.7171136E-05 0.0015318543 0.9999988
vn -1.5429154E-05 0.0015209335 0.9999989
vn -3.493475E-05 0.0028171923 0.99999607
vn -2.7195514E-05 0.0015382466 0.9999988
vn -1.5415162E-05 0.0015146533 0.9999989
vn -3.4873363E-05 0.002804527 0.99999607
vn -2.0076579E-05 0.0027964646 0.99999607
vn -1.5395624E-05 0.0015128913 0.9999989
vn -2.668211E-05 0.001496207 0.9999989
vn -1.941333E-05 0.0027805348 0.9999962
vn -3.4143322E-05 0.0027726754 0.9999962
vn -0.0001886327 -0.0017525068 -0.99999845
vn -0.0008080052 -0.0015857132 -0.99999845
vn 0.0008491626 -0.0016358399 -0.99999833
vn 0.00022556368 -0.0017507154 -0.99999845
vn 0.00022683831 -0.0017593087 -0.99999845
vn -0.00018746655 -0.0017439477 -0.99999845
vn -0.0006984462 -0.0016138304 -0.99999845
vn 0.00072412053 -0.0016510795 -0.99999845
vn 0.001263392 -0.0014520658 -0.9999982
vn -0.0012621272 -0.0014172673 -0.9999982
vn 0.0011624194 -0.0009869834 -0.9999988
vn -0.00044784142 -0.0022449994 -0.9999974
vn 0.00049970543 -0.0022781389 -0.99999726
vn 3.656869E-05 0.0006247698 -0.9999999
vn -0.0011331037 -0.0009448084 -0.9999989
vn -0.000111861445 -0.0010044923 -0.9999995
vn 0.00072412053 -0.0016510795 -0.99999845
vn -0.00018746655 -0.0017439477 -0.99999845
vn -2.1902368E-05 0.0006390172 -0.9999999
vn 0.0001336522 -0.0009905581 -0.9999995
vn 0.00022556368 -0.0017507154 -0.99999845
vn -0.00055634213 -0.0022107516 -0.9999974
vn -0.0007795789 0.0006736646 -0.9999995
vn -0.0008080052 -0.0015857132 -0.99999845
vn -0.0020227781 -0.00049622846 -0.99999785
vn 0.00013572749 -0.0009969339 -0.9999995
vn -2.0042738E-05 0.00064043025 -0.9999999
vn -0.0029763854 -0.000857839 -0.99999523
vn -0.0007795789 0.0006736646 -0.9999995
vn -0.0014292938 -0.001382181 -0.9999981
vn 0.0014489898 -0.0014263283 -0.999998
vn 0.0008491626 -0.0016358399 -0.99999833
vn 0.0030620745 -0.0008913358 -0.999995
vn 0.0020911666 -0.000538487 -0.99999774
vn 0.00022683831 -0.0017593087 -0.99999845
vn -0.0006984462 -0.0016138304 -0.99999845
vn -0.0001886327 -0.0017525068 -0.99999845
vn -0.000111017034 -0.0010071128 -0.9999995
vn 3.9096918E-05 0.0006320085 -0.9999999
vn 0.00061340077 -0.0022684624 -0.99999726
vn 0.0008252299 0.00066149293 -0.9999995
vn -0.004184559 -0.99999094 -0.00077448325
vn -0.004184559 -0.99999094 -0.00077448325
vn -0.004184559 -0.99999094 -0.00077448325
vn -0.004184559 -0.99999094 -0.00077448325
vn 0.00050017756 -0.9999999 -0.00030265044
vn 0.00050017756 -0.9999999 -0.00030265044
vn 0.00050017756 -0.9999999 -0.00030265044
vn 0.00050017756 -0.9999999 -0.00030265044
vn 4.1541057E-06 0.0007087393 -0.99999976
vn 4.1541057E-06 0.0007087393 -0.99999976
vn 4.1541057E-06 0.0007087393 -0.99999976
vn 4.1541057E-06 0.0007087393 -0.99999976
vn -0.0005001393 0.9999999 0.00030233015
vn -0.0005001393 0.9999999 0.00030233015
vn -0.0005001393 0.9999999 0.00030233015
vn -0.0005001393 0.9999999 0.00030233015
vn -0.9999969 -0.0025124925 6.567053E-06
vn -0.9999969 -0.0025124925 6.567053E-06
vn -0.9999969 -0.0025124925 6.567053E-06
vn -0.9999969 -0.0025124925 6.567053E-06
vn -0.004109969 -0.9999913 -0.0007743367
vn -0.004109969 -0.9999913 -0.0007743367
vn -0.004109969 -0.9999913 -0.0007743367
vn -0.004109969 -0.9999913 -0.0007743367
vn -1.7692133E-05 -0.00043201458 -0.9999999
vn -1.7692133E-05 -0.00043201458 -0.9999999
vn -1.7692133E-05 -0.00043201458 -0.9999999
vn -1.7692133E-05 -0.00043201458 -0.9999999
vn 0.0041845497 0.99999094 0.000774442
vn 0.0041845497 0.99999094 0.000774442
vn 0.0041845497 0.99999094 0.000774442
vn 0.0041845497 0.99999094 0.000774442
vn -0.0028437737 -0.9999949 0.0015201579
vn 0.0013476347 -0.99999917 -2.6642701E-05
vn -0.00224435 -0.99999666 0.0012990927
vn 0.0013476027 -0.99999917 -2.6772386E-05
vn 0.0013478087 -0.99999917 -2.6905598E-05
vn 0.0013478621 -0.99999917 -2.6887814E-05
vn 0.0013478165 -0.99999917 -2.6553967E-05
vn 0.0013478167 -0.99999917 -2.6553971E-05
vn 0.0013476867 -0.99999917 -2.6467322E-05
vn 0.0013476596 -0.99999917 -2.643059E-05
vn 0.0013477559 -0.99999917 -2.6968157E-05
vn 0.001347779 -0.99999917 -2.6836158E-05
vn -0.0022417426 -0.99999666 0.0013005047
vn -0.00018441859 -0.9999999 0.0005387762
vn 0.0027969785 0.999995 -0.0015028812
vn -0.001347497 0.99999917 2.671562E-05
vn 0.0022344028 0.99999666 -0.0012953324
vn -0.001347638 0.99999917 2.6815835E-05
vn -0.0013478061 0.99999917 2.6782103E-05
vn -0.001347796 0.99999917 2.674684E-05
vn -0.0013478559 0.99999917 2.6846517E-05
vn -0.0013478559 0.99999917 2.684652E-05
vn -0.0013476894 0.99999917 2.690885E-05
vn -0.001347739 0.99999917 2.6944495E-05
vn -0.001347708 0.99999917 2.6982514E-05
vn -0.001347606 0.99999917 2.6888043E-05
vn 0.0022978035 0.99999654 -0.0013184093
vn 0.0029312486 0.9999945 -0.0015521463
vn -0.9382606 0.00056432164 0.3459288
vn -0.9382607 0.0005644844 0.3459285
vn -0.9382607 0.0005644844 0.3459285
vn -0.9382606 0.000564322 0.34592882
vn -0.9382605 0.00056415924 0.3459291
vn -0.9382605 0.00056415924 0.3459291
vn -0.8359932 0.00029724187 -0.54873973
vn -0.8359932 0.00029724187 -0.54873973
vn -0.7596653 0.00023385283 -0.65031415
vn -0.7593704 0.00023361943 -0.65065855
vn -0.5793124 0.00010151042 -0.8151056
vn -0.5788986 0.000101225836 -0.81539947
vn -0.34626722 -4.799181E-05 -0.9381359
vn -0.345601 -4.8392554E-05 -0.9383816
vn -0.089015 -0.00019388672 -0.9960303
vn -0.08842571 -0.00019420174 -0.99608266
vn 0.15516385 -0.00031721505 -0.98788863
vn 0.15577935 -0.0003175075 -0.98779184
vn 0.2796937 -0.00037441202 -0.96008915
vn 0.2796937 -0.00037441202 -0.96008915
vn -0.0030629525 0.99999475 0.0010776471
vn -0.00306349 0.99999475 0.0010781735
vn -0.00306349 0.99999475 0.0010781735
vn -0.0030629516 0.99999475 0.001077647
vn -0.0030625705 0.99999475 0.0010776479
vn -0.0030625705 0.99999475 0.0010776479
vn -0.0030634282 0.99999475 0.001078526
vn -0.0030634284 0.99999475 0.0010785261
vn -0.0030635057 0.99999475 0.0010785253
vn -0.003063506 0.99999475 0.0010785253
vn -0.0030630918 0.99999475 0.0010781734
vn -0.0030630915 0.99999475 0.0010781734
vn -0.0030633032 0.99999475 0.0010781735
vn -0.0030633032 0.99999475 0.0010781735
vn 0.0030633581 -0.99999475 -0.0010767697
vn 0.0030633525 -0.99999475 -0.0010781735
vn 0.0030633525 -0.99999475 -0.0010781735
vn 0.003063358 -0.99999475 -0.0010767697
vn 0.0030637747 -0.99999475 -0.0010767697
vn 0.0030637754 -0.99999475 -0.0010767698
vn 0.0030635658 -0.99999475 -0.0010781742
vn 0.0030635658 -0.99999475 -0.0010781744
vn 0.0030627372 -0.99999475 -0.001078175
vn 0.003062737 -0.99999475 -0.0010781751
vn 0.0030631518 -0.99999475 -0.0010781743
vn 0.0030631516 -0.99999475 -0.0010781741
vn 0.0030637747 -0.99999475 -0.0010781735
vn 0.0030637747 -0.99999475 -0.0010781735
vn 0.0030634105 -0.99999475 -0.0010785275
vn 0.0030634105 -0.99999475 -0.0010785275
vn 0.0030628436 -0.99999475 -0.0010781758
vn 0.0030628438 -0.99999475 -0.0010781757
vn 0.003062483 -0.99999475 -0.0010778232
vn 0.0030624832 -0.99999475 -0.0010778233
vn 0.003063457 -0.99999475 -0.0010783483
vn 0.0030634573 -0.99999475 -0.0010783483
vn 0.0030635048 -0.99999475 -0.001078523
vn 0.0030635046 -0.99999475 -0.001078523
vn 0.0030630953 -0.99999475 -0.0010781735
vn 0.0030630953 -0.99999475 -0.0010781735
vn 0.0030634063 -0.99999475 -0.001078175
vn 0.0030634063 -0.99999475 -0.001078175
vn 0.3459329 0.0005482172 0.938259
vn 0.3459329 0.0005482172 0.938259
vn 0.345933 0.0005473805 0.938259
vn 0.34593302 0.00054738973 0.938259
vn 0.34593305 0.0005455668 0.938259
vn 0.34593302 0.0005455776 0.938259
vn 0.3459329 0.0005443861 0.9382591
vn 0.34593287 0.0005443883 0.9382591
vn 0.3459332 0.000543051 0.938259
vn 0.34593317 0.00054306333 0.938259
vn 0.34593368 0.00054080744 0.9382588
vn 0.34593365 0.00054081966 0.9382588
vn 0.34593362 0.0005396959 0.9382588
vn 0.34593362 0.0005396959 0.9382588
vn -0.0030637637 0.99999475 0.0010753659
vn -0.0030637637 0.99999475 0.0010753659
vn -0.003063353 0.99999475 0.0010767689
vn -0.0030633532 0.99999475 0.001076769
vn -0.0030637698 0.99999475 0.0010781728
vn -0.00306377 0.99999475 0.0010781727
vn -0.0030637768 0.99999475 0.0010767704
vn -0.003063777 0.99999475 0.0010767704
vn -0.003062744 0.99999475 0.0010767697
vn -0.003062744 0.99999475 0.0010767697
vn -0.003063153 0.99999475 0.0010781728
vn -0.003063153 0.99999475 0.0010781728
vn -0.0030637747 0.99999475 0.0010781735
vn -0.0030637747 0.99999475 0.0010781735
vn 0.34593 0.00053761847 0.9382602
vn 0.34593 0.00053761847 0.9382602
vn 0.34593 0.00053761847 0.9382602
vn 0.34593 0.00053761847 0.9382602
vn 0.3459247 0.00053858757 0.93826205
vn 0.3459247 0.00053858757 0.93826205
vn 0.3459247 0.00053858757 0.93826205
vn 0.3459247 0.00053858757 0.93826205
vn 0.3459293 0.00054931507 0.9382604
vn 0.3459293 0.00054931507 0.9382604
vn 0.3459293 0.00054931507 0.9382604
vn 0.3459293 0.00054931507 0.9382604
vn 0.3459316 0.0005481251 0.93825966
vn 0.3459316 0.0005481251 0.93825966
vn 0.3459316 0.0005481251 0.93825966
vn 0.3459316 0.0005481251 0.93825966
vn -0.93826026 0.00056506414 0.34592977
vn -0.93826026 0.00056506414 0.34592977
vn -0.9382605 0.0005650953 0.34592924
vn -0.9382605 0.0005650953 0.34592927
vn -0.9382607 0.00056512636 0.34592858
vn -0.9382607 0.00056512636 0.34592858
vn -0.9382604 0.00056415977 0.34592956
vn -0.9382604 0.00056415977 0.34592956
vn -0.9382604 0.0005643224 0.34592927
vn -0.9382605 0.0005643223 0.3459293
vn -0.9382605 0.0005644848 0.34592897
vn -0.9382605 0.0005644848 0.34592897
vn -0.0002660688 -0.99999917 0.0012437237
vn -0.00013959245 -0.9999993 0.0012492497
vn -0.00013959245 -0.9999993 0.0012492497
vn -0.00026451706 -0.99999917 0.0012437917
vn 3.098377E-05 -1 -0.0003708721
vn 2.4627547E-05 -1 -0.00034672354
vn 0.0011200922 -0.9999976 -0.0019199384
vn 0.0011210599 -0.9999976 -0.0019198513
vn 0.0022202448 -0.9999962 -0.001646557
vn 0.0022200774 -0.9999962 -0.0016466395
vn 0.0029717875 -0.9999951 -0.0010238545
vn 0.0029716427 -0.9999951 -0.0010240418
vn 0.0033415218 -0.9999944 -0.000121963596
vn 0.0033415053 -0.9999944 -0.00012211925
vn 0.003245982 -0.9999945 0.0007082188
vn 0.0032460226 -0.9999945 0.00070812623
vn 0.0030976587 -0.99999464 0.0010454243
vn 0.0030976587 -0.99999464 0.0010454243
vn -0.9382604 0.00056506356 0.3459293
vn -0.9382604 0.00056506356 0.3459293
vn -0.9382605 0.00056477386 0.34592903
vn -0.9382605 0.00056477427 0.34592903
vn -0.9382606 0.0005644846 0.3459288
vn -0.9382606 0.0005644846 0.3459288
vn 0.15577956 -0.00031745163 -0.98779184
vn 0.2796936 -0.0003744121 -0.96008927
vn 0.2796936 -0.0003744121 -0.96008927
vn 0.15516405 -0.00031715885 -0.98788863
vn -0.088425726 -0.00019407767 -0.99608266
vn -0.089014985 -0.00019376261 -0.9960303
vn -0.34560126 -4.8323964E-05 -0.9383815
vn -0.3462674 -4.7923568E-05 -0.93813586
vn -0.5788984 0.00010097085 -0.8153997
vn -0.5793121 0.00010125433 -0.81510574
vn -0.75937027 0.00023336313 -0.6506586
vn -0.75966525 0.00023359746 -0.65031433
vn -0.8359934 0.00029724187 -0.54873943
vn -0.8359934 0.00029724187 -0.54873943
vn 0.96008915 -0.00042504066 0.27969414
vn 0.96008915 -0.00042504066 0.27969414
vn 0.96008915 -0.00042504066 0.27969414
vn 0.96008915 -0.00042504066 0.27969414
vn 0.15577951 -0.00031745963 -0.98779184
vn 0.27969366 -0.00037441196 -0.96008915
vn 0.27969366 -0.00037441196 -0.96008915
vn 0.15516397 -0.00031716688 -0.98788863
vn -0.088425666 -0.0001940857 -0.99608266
vn -0.08901494 -0.00019377058 -0.9960303
vn -0.345601 -4.8187565E-05 -0.9383816
vn -0.34626725 -4.778651E-05 -0.9381359
vn -0.5788984 0.000101107355 -0.8153997
vn -0.579312 0.000101390215 -0.81510574
vn -0.75937045 0.00023336321 -0.65065855
vn -0.7596653 0.00023359753 -0.65031415
vn -0.8359936 0.000297242 -0.5487391
vn -0.8359936 0.000297242 -0.5487391
vn 0.15577939 -0.00031739613 -0.98779184
vn 0.27969378 -0.0003743021 -0.96008915
vn 0.27969378 -0.0003743021 -0.96008915
vn 0.15516394 -0.0003171037 -0.98788863
vn -0.08842567 -0.00019414563 -0.99608266
vn -0.089014895 -0.0001938309 -0.9960303
vn -0.34560087 -4.8392463E-05 -0.9383816
vn -0.34626696 -4.799181E-05 -0.93813604
vn -0.5788986 0.00010097088 -0.8153995
vn -0.5793123 0.00010125433 -0.8151057
vn -0.75937057 0.00023336316 -0.65065825
vn -0.75966537 0.00023359749 -0.65031403
vn -0.8359935 0.000297242 -0.54873925
vn -0.8359935 0.000297242 -0.54873925
vn -0.0030627975 0.99999475 0.001078526
vn -0.003063312 0.99999475 0.0010788784
vn -0.003063312 0.99999475 0.0010788784
vn -0.003062797 0.99999475 0.0010785259
vn -0.0030624804 0.99999475 0.0010778225
vn -0.0030624806 0.99999475 0.0010778225
vn -0.003063504 0.99999475 0.0010781735
vn -0.0030635034 0.99999475 0.0010781734
vn -0.0030635078 0.99999475 0.0010781742
vn -0.0030635083 0.99999475 0.0010781743
vn -0.003063097 0.99999475 0.0010781744
vn -0.003063097 0.99999475 0.0010781742
vn -0.003063506 0.99999475 0.0010788755
vn -0.003063506 0.99999475 0.0010788755
vn 0.3459343 4.825712E-05 0.9382588
vn 0.34593385 4.816136E-05 0.93825895
vn 0.34593385 4.816136E-05 0.93825895
vn 0.34593424 4.8256654E-05 0.9382588
vn 0.34593445 4.835242E-05 0.9382587
vn 0.3459345 4.8352424E-05 0.9382587
vn 0.34593418 4.8160833E-05 0.9382588
vn 0.34593418 4.816176E-05 0.9382588
vn 0.34593418 4.806597E-05 0.9382588
vn 0.34593418 4.80655E-05 0.9382588
vn 0.3459343 4.8161306E-05 0.9382588
vn 0.34593424 4.8161306E-05 0.9382588
vn 0.3459343 4.8161306E-05 0.9382588
vn 0.3459343 4.8161306E-05 0.9382588
vn 0.345934 4.82562E-05 0.93825895
vn 0.34593368 4.854359E-05 0.93825895
vn 0.34593368 4.854359E-05 0.93825895
vn 0.34593403 4.8257592E-05 0.93825895
vn 0.34593445 4.8065987E-05 0.9382587
vn 0.3459345 4.806552E-05 0.9382587
vn 0.34593454 4.825708E-05 0.9382586
vn 0.34593454 4.825662E-05 0.9382586
vn 0.345934 4.8256617E-05 0.9382588
vn 0.34593403 4.8257087E-05 0.9382588
vn 0.34593397 4.8065514E-05 0.93825895
vn 0.34593403 4.8065987E-05 0.93825895
vn 0.3459344 4.7970185E-05 0.9382587
vn 0.3459344 4.7970185E-05 0.9382587
vn 0.34593374 4.7874866E-05 0.93825895
vn 0.34593347 4.777906E-05 0.938259
vn 0.34593347 4.777906E-05 0.938259
vn 0.3459337 4.7874404E-05 0.93825895
vn 0.34593466 4.806601E-05 0.9382586
vn 0.3459346 4.806555E-05 0.9382586
vn 0.34593472 4.8065536E-05 0.9382586
vn 0.34593466 4.806599E-05 0.9382586
vn 0.34593382 4.797018E-05 0.93825895
vn 0.34593382 4.797018E-05 0.93825895
vn 0.34593412 4.7970192E-05 0.9382588
vn 0.3459341 4.7970192E-05 0.9382588
vn 0.3459346 4.797018E-05 0.9382586
vn 0.3459346 4.797018E-05 0.9382586
vn 0.0030632461 -0.99999475 -0.0010781765
vn 0.0030632461 -0.99999475 -0.0010781765
vn 0.0030626329 -0.99999475 -0.0010781749
vn 0.0030626326 -0.99999475 -0.001078175
vn 0.0030624035 -0.99999475 -0.0010781735
vn 0.0030624035 -0.99999475 -0.0010781735
vn 0.0030636927 -0.99999475 -0.0010774708
vn 0.003063693 -0.99999475 -0.0010774707
vn 0.0030637719 -0.99999475 -0.0010767697
vn 0.0030637723 -0.99999475 -0.0010767697
vn 0.0030633572 -0.99999475 -0.0010767704
vn 0.0030633572 -0.99999475 -0.0010767705
vn 0.0030637693 -0.99999475 -0.0010767697
vn 0.0030637693 -0.99999475 -0.0010767697
vn -0.9382594 0.00056477013 0.3459319
vn -0.9382594 0.00056477013 0.3459319
vn -0.9382594 0.00056477013 0.3459319
vn -0.9382594 0.00056477013 0.3459319
vn 0.9382583 -0.0005651356 -0.34593502
vn 0.9382583 -0.0005651356 -0.34593502
vn 0.9382583 -0.0005651356 -0.34593502
vn 0.9382583 -0.0005651356 -0.34593502
vn 0.0030974944 -0.99999464 0.0010437409
vn 0.0030974944 -0.99999464 0.0010437409
vn 0.0032457735 -0.9999945 0.0007063136
vn 0.0032457325 -0.9999945 0.0007064062
vn 0.0033414592 -0.9999944 -0.0001220545
vn 0.0033414762 -0.9999944 -0.00012189953
vn 0.0029719037 -0.9999951 -0.0010219681
vn 0.002972049 -0.9999951 -0.0010217808
vn 0.002220183 -0.9999962 -0.0016446302
vn 0.002220351 -0.9999962 -0.0016445477
vn 0.0011207478 -0.9999976 -0.0019206342
vn 0.0011197801 -0.9999976 -0.001920725
vn 2.4353401E-05 -1 -0.00035013928
vn 3.0705683E-05 -1 -0.00037429025
vn -0.00026451878 -0.99999917 0.0012427676
vn -0.00026607054 -0.99999917 0.0012426721
vn -0.00013959588 -0.9999993 0.001250466
vn -0.00013959588 -0.9999993 0.001250466
vn 0.0001409058 0.9999993 -0.001250466
vn 0.0001409058 0.9999993 -0.001250466
vn 0.00026565432 0.99999917 -0.0012440218
vn 0.00026720663 0.99999917 -0.0012439416
vn -2.4667803E-05 1 0.00034761403
vn -3.0798346E-05 1 0.00037085102
vn -0.0011222867 0.9999976 0.0019187906
vn -0.0011209315 0.9999976 0.0019189137
vn -0.0022215925 0.9999962 0.0016445704
vn -0.002221475 0.9999962 0.0016446279
vn -0.0029729805 0.9999951 0.0010228135
vn -0.0029728378 0.9999951 0.0010229972
vn -0.0033418352 0.9999944 0.00011997666
vn -0.0033418124 0.9999944 0.00012018966
vn -0.0032456159 0.9999945 -0.0007110419
vn -0.003245692 0.9999945 -0.0007108677
vn -0.003097257 0.99999464 -0.0010470831
vn -0.003097257 0.99999464 -0.0010470831
vn 0.96008915 -0.00042526555 0.27969414
vn 0.96008915 -0.00042526555 0.27969414
vn 0.96008915 -0.00042526555 0.27969414
vn 0.96008915 -0.00042526555 0.27969414
vn 0.3459271 4.7915088E-05 0.93826133
vn 0.3459271 4.7915088E-05 0.93826133
vn 0.3459271 4.7915088E-05 0.93826133
vn 0.3459271 4.7915088E-05 0.93826133
vn 0.96008915 -0.0004257529 0.27969414
vn 0.96008915 -0.0004257529 0.27969414
vn 0.96008915 -0.0004257529 0.27969414
vn 0.96008915 -0.0004257529 0.27969414
vn 0.34593487 4.797019E-05 0.93825847
vn 0.34593487 4.797019E-05 0.93825847
vn 0.3459342 4.8065984E-05 0.9382588
vn 0.34593424 4.806552E-05 0.9382588
vn 0.34593368 4.7969705E-05 0.93825895
vn 0.3459337 4.7970625E-05 0.93825895
vn 0.34593478 4.8066446E-05 0.9382586
vn 0.34593478 4.8065056E-05 0.9382586
vn 0.34593448 4.8160877E-05 0.9382587
vn 0.34593448 4.8161804E-05 0.9382587
vn 0.3459336 4.7874382E-05 0.938259
vn 0.34593365 4.787485E-05 0.938259
vn 0.34593403 4.7779045E-05 0.93825895
vn 0.34593403 4.7779045E-05 0.93825895
vn 0.34593406 4.7874873E-05 0.9382588
vn 0.34593377 4.7779096E-05 0.93825895
vn 0.34593377 4.7779096E-05 0.93825895
vn 0.34593406 4.7874415E-05 0.9382588
vn 0.34593436 4.8065966E-05 0.9382587
vn 0.34593436 4.80655E-05 0.9382587
vn 0.34593418 4.8161284E-05 0.9382588
vn 0.34593412 4.816128E-05 0.9382588
vn 0.34593406 4.7969705E-05 0.9382588
vn 0.34593415 4.7970636E-05 0.9382588
vn 0.34593424 4.797065E-05 0.9382588
vn 0.34593424 4.7969716E-05 0.9382588
vn 0.34593418 4.8161302E-05 0.9382588
vn 0.34593418 4.8161302E-05 0.9382588
vn 0.34593403 4.7874895E-05 0.9382588
vn 0.34593365 4.7779125E-05 0.93825895
vn 0.34593365 4.7779125E-05 0.93825895
vn 0.3459341 4.7874433E-05 0.9382588
vn 0.34593448 4.7970207E-05 0.9382587
vn 0.34593448 4.797021E-05 0.9382587
vn 0.3459343 4.8065973E-05 0.9382588
vn 0.34593427 4.8065504E-05 0.9382588
vn 0.34593403 4.816128E-05 0.93825895
vn 0.345934 4.816128E-05 0.93825895
vn 0.3459343 4.806552E-05 0.9382588
vn 0.34593427 4.8065976E-05 0.9382587
vn 0.3459346 4.797018E-05 0.9382586
vn 0.3459346 4.797018E-05 0.9382586
vn 0.34593406 4.835196E-05 0.9382588
vn 0.3459336 4.854357E-05 0.938259
vn 0.3459336 4.854357E-05 0.938259
vn 0.3459341 4.8352897E-05 0.9382588
vn 0.3459343 4.8161306E-05 0.9382588
vn 0.34593427 4.8161306E-05 0.9382587
vn 0.3459343 4.8065507E-05 0.9382588
vn 0.3459343 4.806598E-05 0.9382588
vn 0.34593403 4.806596E-05 0.9382588
vn 0.34593406 4.8065496E-05 0.9382588
vn 0.345934 4.8065514E-05 0.9382588
vn 0.34593406 4.806598E-05 0.9382588
vn 0.34593454 4.797018E-05 0.9382587
vn 0.34593454 4.797018E-05 0.9382587
vn 0.0030632922 -0.99999475 -0.0010788755
vn 0.0030632922 -0.99999475 -0.0010788755
vn 0.003062782 -0.99999475 -0.0010785245
vn 0.003062782 -0.99999475 -0.0010785245
vn 0.003062485 -0.99999475 -0.001077824
vn 0.003062485 -0.99999475 -0.0010778239
vn 0.003063407 -0.99999475 -0.0010781743
vn 0.003063407 -0.99999475 -0.0010781743
vn 0.0030635004 -0.99999475 -0.0010781734
vn 0.0030635006 -0.99999475 -0.0010781735
vn 0.0030630918 -0.99999475 -0.0010778233
vn 0.0030630915 -0.99999475 -0.0010778232
vn 0.0030632976 -0.99999475 -0.0010781735
vn 0.0030632976 -0.99999475 -0.0010781735
vn -0.0030628094 0.99999475 0.0010781735
vn -0.0030632375 0.99999475 0.0010795774
vn -0.0030632375 0.99999475 0.0010795774
vn -0.0030628096 0.99999475 0.0010781734
vn -0.0030626748 0.99999475 0.0010774725
vn -0.003062675 0.99999475 0.0010774723
vn -0.003063572 0.99999475 0.0010774715
vn -0.0030635719 0.99999475 0.0010774715
vn -0.003063586 0.99999475 0.0010767687
vn -0.003063586 0.99999475 0.0010767689
vn -0.0030629088 0.99999475 0.0010781728
vn -0.003062909 0.99999475 0.0010781728
vn -0.0030628217 0.99999475 0.001079576
vn -0.0030628217 0.99999475 0.001079576
vn 0.9382583 -0.0005639305 -0.34593502
vn 0.9382583 -0.0005639305 -0.34593502
vn 0.9382583 -0.0005639305 -0.34593502
vn 0.9382583 -0.0005639305 -0.34593502
vn 0.9382583 -0.00056510774 -0.34593505
vn 0.9382583 -0.00056510774 -0.34593505
vn 0.9382583 -0.00056510774 -0.34593505
vn 0.9382583 -0.00056510774 -0.34593505
vn 0.9382584 -0.0005640395 -0.34593463
vn 0.9382584 -0.0005640395 -0.34593463
vn 0.9382584 -0.0005640395 -0.34593463
vn 0.9382584 -0.0005640395 -0.34593463
vn -0.9382598 0.0005648388 0.34593102
vn -0.9382598 0.0005648388 0.34593102
vn -0.9382598 0.0005648388 0.34593102
vn -0.9382598 0.0005648388 0.34593102
vn -0.9382598 0.0005646597 0.34593102
vn -0.9382598 0.0005646597 0.34593102
vn -0.9382598 0.0005646597 0.34593102
vn -0.9382598 0.0005646597 0.34593102
vn -0.9382598 0.00056514377 0.34593105
vn -0.9382598 0.00056514377 0.34593105
vn -0.9382598 0.00056514377 0.34593105
vn -0.9382598 0.00056514377 0.34593105
vn -0.9507584 0.0005697373 0.3099324
vn -0.9507584 0.0005697373 0.3099324
vn -0.944677 0.00056721235 0.32800162
vn -0.94468486 0.00056721567 0.32797888
vn -0.9382605 0.0005644848 0.345929
vn -0.9382605 0.0005644848 0.345929
vn -0.9507583 0.00056822086 0.30993286
vn -0.9507583 0.00056822086 0.30993286
vn -0.944677 0.0005664543 0.32800162
vn -0.94468486 0.0005664566 0.327979
vn -0.9382606 0.0005644843 0.34592867
vn -0.9382606 0.0005644843 0.34592867
vn 0.15560867 -0.00031846022 -0.9878187
vn 0.27929518 -0.00037678177 -0.9602052
vn 0.27929518 -0.00037678177 -0.9602052
vn 0.15499432 -0.00031816086 -0.9879153
vn -0.088511735 -0.00019436295 -0.9960751
vn -0.08909837 -0.00019405286 -0.9960228
vn -0.34560308 -4.7869657E-05 -0.9383808
vn -0.34626538 -4.7464353E-05 -0.9381366
vn -0.57883006 0.00010195428 -0.81544816
vn -0.57924205 0.00010223255 -0.81515557
vn -0.7610016 0.0002321844 -0.64875
vn -0.7612983 0.0002324116 -0.64840174
vn -0.83870226 0.00029462727 -0.5445901
vn -0.83870226 0.00029462727 -0.5445901
vn 0.15560849 -0.00031846022 -0.9878187
vn 0.27929518 -0.00037678177 -0.9602052
vn 0.27929518 -0.00037678177 -0.9602052
vn 0.15499422 -0.0003181609 -0.9879153
vn -0.08851169 -0.00019436299 -0.9960751
vn -0.08909836 -0.00019405293 -0.9960228
vn -0.34560278 -4.80038E-05 -0.9383809
vn -0.34626496 -4.759918E-05 -0.93813676
vn -0.57883024 0.000101820144 -0.81544816
vn -0.5792421 0.0001020989 -0.8151555
vn -0.7610017 0.00023261429 -0.64874977
vn -0.7612984 0.00023284294 -0.6484016
vn -0.83870214 0.00029548118 -0.5445904
vn -0.83870214 0.00029548118 -0.5445904
vn 0.00013959725 0.9999993 -0.001250478
vn 0.00013959725 0.9999993 -0.001250478
vn 0.00026466022 0.99999917 -0.0012436018
vn 0.00026621643 0.99999917 -0.0012435161
vn -2.469413E-05 1 0.00034890423
vn -3.0815216E-05 1 0.00037214745
vn -0.0011217173 0.9999976 0.0019206267
vn -0.0011203622 0.9999976 0.00192075
vn -0.0022212707 0.9999962 0.0016445084
vn -0.0022211536 0.9999962 0.0016445667
vn -0.002972655 0.9999951 0.0010186739
vn -0.0029725123 0.9999951 0.0010188589
vn -0.0033417146 0.9999944 0.000117841926
vn -0.003341692 0.9999944 0.00011805313
vn -0.0032457463 0.9999945 -0.0007083864
vn -0.0032458236 0.9999945 -0.00070821284
vn -0.0030972518 0.99999464 -0.0010437145
vn -0.0030972518 0.99999464 -0.0010437145
vn 0.34592715 4.800049E-05 0.93826133
vn 0.34592715 4.800049E-05 0.93826133
vn 0.34592715 4.800049E-05 0.93826133
vn 0.34592715 4.800049E-05 0.93826133
vn 0.34592715 4.8242066E-05 0.93826133
vn 0.34592715 4.8242066E-05 0.93826133
vn 0.34592715 4.8242066E-05 0.93826133
vn 0.34592715 4.8242066E-05 0.93826133
vn -0.085722074 0.99631906 0.00036611303
vn -0.085722074 0.99631906 0.00036611303
vn -0.043151088 0.99906844 0.00045629917
vn -0.043149743 0.99906856 0.00045630208
vn 0.037140653 0.9993099 0.00046107103
vn 0.037141833 0.9993099 0.0004610683
vn 0.07473007 0.9972037 0.00037582798
vn 0.07473007 0.9972037 0.00037582798
vn 0.08572374 -0.9963188 -0.00036613183
vn 0.08572374 -0.9963188 -0.00036613183
vn 0.04315059 -0.99906856 -0.00045631142
vn 0.043151934 -0.99906844 -0.00045630857
vn -0.037140936 -0.9993099 -0.00046105875
vn -0.03713976 -0.9993099 -0.0004610614
vn -0.074728295 -0.9972038 -0.00037580915
vn -0.074728295 -0.9972038 -0.00037580915
vn 0.99701 0.07727258 -9.959774E-05
vn 0.99701 0.07727258 -9.959774E-05
vn 0.99925894 0.038489968 -5.3191376E-05
vn 0.99926513 0.038330037 -5.299999E-05
vn 0.9989022 -0.046843383 3.8095845E-05
vn 0.9988932 -0.047037005 3.828229E-05
vn 0.995641 -0.09326859 8.2809165E-05
vn 0.995641 -0.09326859 8.2809165E-05
vn -0.99698204 -0.07763236 9.992522E-05
vn -0.99698204 -0.07763236 9.992522E-05
vn -0.9992582 -0.03850977 5.3163592E-05
vn -0.999252 -0.038670834 5.3356118E-05
vn -0.9989034 0.04681835 -3.822153E-05
vn -0.99891233 0.046626154 -3.803584E-05
vn -0.9989034 0.04681835 -3.822153E-05
vn -0.9956815 0.0928341 -8.2689134E-05
vn -0.9956815 0.0928341 -8.2689134E-05
vn -0.0020112293 0.99999785 0.00049905264
vn -0.0020112684 0.99999785 0.00049905264
vn -0.0019718711 0.999998 0.0004995546
vn -0.0019719088 0.999998 0.0004995547
vn -0.003522263 0.9999937 0.0004987308
vn -0.0020112684 0.99999785 0.00049905264
vn -0.003522263 0.9999937 0.0004987308
vn -0.0019719088 0.999998 0.0004995547
vn -0.0034435417 0.9999939 0.00049973483
vn -0.0034435417 0.9999939 0.00049973483
vn 0.003522354 -0.9999937 -0.0005004493
vn 0.003522354 -0.9999937 -0.0005004493
vn 0.0020112765 -0.99999785 -0.0005001592
vn 0.0020113157 -0.99999785 -0.0005001592
vn 0.0019718646 -0.999998 -0.00049959903
vn 0.0019718267 -0.999998 -0.00049959915
vn 0.003443456 -0.9999939 -0.0004993291
vn 0.003443456 -0.9999939 -0.0004993291
vn 0.9999949 -0.0032053508 -8.242538E-06
vn 0.99999475 -0.003261913 -8.398693E-06
vn 0.99999464 -0.0032712675 -8.406852E-06
vn 0.9999949 -0.0032144354 -8.250102E-06
vn 0.9999826 -0.00590955 -1.0494307E-05
vn 0.9999826 -0.00590955 -1.0494307E-05
vn 0.99999464 -0.0032712675 -8.406852E-06
vn 0.9999819 -0.006021959 -1.0806373E-05
vn 0.9999819 -0.006021959 -1.0806373E-05
vn -0.9999825 0.0059191054 1.0495043E-05
vn -0.9999825 0.0059191054 1.0495043E-05
vn -0.9999949 0.00321061 8.188645E-06
vn -0.9999949 0.0032197146 8.196399E-06
vn -0.99999475 0.0032653818 8.295249E-06
vn -0.99999475 0.0032560504 8.2871E-06
vn -0.99999475 0.0032653818 8.295249E-06
vn -0.999982 0.0060111945 1.0693195E-05
vn -0.999982 0.0060111945 1.0693195E-05
vn -0.051024187 0.99869734 0.0005801801
vn -0.051024187 0.99869734 0.0005801801
vn -0.02577086 0.99966764 0.0006260766
vn -0.02577006 0.99966764 0.000626078
vn 0.020663746 0.9997863 0.00062796
vn 0.020664403 0.9997863 0.0006279586
vn 0.04181917 0.99912506 0.00058406254
vn 0.04181917 0.99912506 0.00058406254
vn 0.051023677 -0.99869734 -0.00058018276
vn 0.051023677 -0.99869734 -0.00058018276
vn 0.025769807 -0.99966764 -0.0006260794
vn 0.025770608 -0.99966764 -0.000626078
vn 0.025770608 -0.99966764 -0.000626078
vn -0.020663941 -0.9997863 -0.0006279574
vn -0.020663282 -0.9997863 -0.00062795874
vn -0.020663941 -0.9997863 -0.0006279574
vn -0.04181825 -0.99912506 -0.00058405974
vn -0.04181825 -0.99912506 -0.00058405974
vn 0.99978393 0.020787828 -2.5532221E-05
vn 0.99978215 0.020872395 -2.5601577E-05
vn 0.9996006 -0.028262245 4.3017158E-06
vn 0.9995974 -0.028373355 4.351238E-06
vn 0.99911076 0.042161457 -4.305896E-05
vn 0.99978215 0.020872395 -2.5601577E-05
vn 0.99911076 0.042161457 -4.305896E-05
vn 0.9995974 -0.028373355 4.351238E-06
vn 0.998425 -0.05610306 1.6712847E-05
vn 0.998425 -0.05610306 1.6712847E-05
vn -0.9991123 -0.04212565 4.309503E-05
vn -0.9991123 -0.04212565 4.309503E-05
vn -0.9997843 -0.02076995 2.562369E-05
vn -0.9997825 -0.020854417 2.5692805E-05
vn -0.9997825 -0.020854417 2.5692805E-05
vn -0.9995968 0.028397568 -4.240471E-06
vn -0.9995999 0.028286306 -4.1907865E-06
vn -0.99842227 0.056151245 -1.6637838E-05
vn -0.99842227 0.056151245 -1.6637838E-05
vn -1 0 0
vn -1 0 0
vn -1 0 0
vn -1 0 0
vn -0 1 0
vn -0 1 0
vn -0 1 0
vn -0 1 0
vn 1 0 0
vn 1 0 0
vn 1 0 0
vn 1 0 0
vn -0 -1 0
vn -0 -1 0
vn -0 -1 0
vn -0 -1 0
vn -0 0 -1
vn -0 0 -1
vn -0 0 -1
vn -0 0 -1
vn -0 0 1
vn -0 0 1
vn -0 0 1
vn -0 0 1
vn 7.2215503E-06 0.00067622605 -0.99999976
vn 7.3495366E-06 0.0006665548 -0.99999976
vn 7.437909E-06 0.0006664759 -0.99999976
vn 7.1407567E-06 0.0006761581 -0.99999976
vn 0.0006529918 -0.00091746735 -0.9999994
vn -0.00064573437 -0.00087839685 -0.9999994
vn 0.0006537268 -0.00091928104 -0.9999994
vn -0.0006450684 -0.00087681995 -0.9999994
vn 0.00062951865 -0.0013266939 -0.9999989
vn -0.000657038 -0.0013143241 -0.9999989
vn 0.0006400876 -0.001345329 -0.9999989
vn -0.0006470604 -0.0012970206 -0.9999989
vn -0.0006510426 -0.0012996247 -0.9999989
vn 0.0006432235 -0.0013483526 -0.9999989
vn -0.0006611426 -0.0013171039 -0.9999989
vn 0.000632552 -0.0013295443 -0.9999989
vn -0.00064927584 -0.00088091 -0.9999994
vn 0.00065474416 -0.00091830874 -0.9999994
vn -0.0006478376 -0.00087751594 -0.9999994
vn 0.00065617624 -0.0009218357 -0.9999994
vn 7.06812E-06 0.00067620014 -0.99999976
vn 7.484606E-06 0.0006665972 -0.99999976
vn 7.146801E-06 0.00067626825 -0.99999976
vn 7.3966103E-06 0.00066667376 -0.99999976
vn 0.00065768935 0.001315397 0.9999989
vn 0.00064772647 0.001298059 0.9999989
vn -0.00063138094 0.0013285268 0.9999989
vn -0.0006420629 0.001347304 0.9999989
vn 0.0006450939 0.00087906217 0.9999994
vn -0.00065602316 0.00092075695 0.9999994
vn 0.00064443354 0.00087749626 0.9999994
vn -0.0006545977 0.0009172494 0.9999994
vn -7.372768E-06 -0.00067662034 0.99999976
vn -7.2041635E-06 -0.0006666713 0.99999976
vn -7.2897496E-06 -0.0006765466 0.99999976
vn -7.2912826E-06 -0.0006665948 0.99999976
vn -7.5311154E-06 -0.00066679716 0.99999976
vn -7.207706E-06 -0.00067627174 0.99999976
vn -7.4412765E-06 -0.000666871 0.99999976
vn -7.2904795E-06 -0.00067634095 0.99999976
vn -0.000654366 0.0009200753 0.9999994
vn 0.00064800127 0.000879906 0.9999994
vn -0.00065363676 0.00091827544 0.9999994
vn 0.00064657 0.00087652623 0.9999994
vn -0.00064120145 0.0013464193 0.9999989
vn 0.0006494344 0.0012987164 0.9999989
vn -0.0006306258 0.0013277532 0.9999989
vn 0.00065951596 0.001316163 0.9999989
vn 0.000764191 -0.0017256857 -0.9999982
vn 0.0007421206 -0.0016832282 -0.99999833
vn -0.0007526973 -0.0016409812 -0.99999845
vn 0.00077859143 -0.0013411352 -0.9999988
vn -0.0007735626 -0.0016802797 -0.99999833
vn 0.00077789376 -0.0013394136 -0.9999988
vn -0.00076178927 -0.001285455 -0.9999989
vn 1.0177704E-05 0.0005405191 -0.9999999
vn -0.00075956 -0.0012801872 -0.9999989
vn 9.96093E-06 0.0005406665 -0.9999999
vn 9.686708E-06 0.0005509004 -0.9999999
vn 9.9084355E-06 0.0005512994 -0.9999999
vn 9.880299E-06 0.00055102893 -0.9999999
vn 9.709949E-06 0.00055116316 -0.9999999
vn 9.70042E-06 0.0005408621 -0.9999999
vn -0.0007610846 -0.0012892331 -0.9999989
vn 9.9053905E-06 0.00054072094 -0.9999999
vn -0.0007605125 -0.0012878767 -0.9999989
vn 0.00077950436 -0.0013365775 -0.9999988
vn -0.00077383494 -0.0016847241 -0.99999833
vn 0.00077730115 -0.0013311647 -0.9999988
vn -0.00075305183 -0.0016453993 -0.99999845
vn 0.00074248103 -0.0016786983 -0.99999833
vn 0.00076464633 -0.0017211065 -0.9999982
vn 0.3459352 4.785535E-05 0.9382584
vn 0.34590864 4.8742673E-05 0.93826824
vn 0.34593484 4.8133654E-05 0.93825847
vn 0.34592223 4.850945E-05 0.93826324
vn 0.34589824 4.8540725E-05 0.93827206
vn 0.34593472 4.794428E-05 0.9382586
vn 0.34593493 4.8226266E-05 0.93825847
vn 0.34593478 4.845214E-05 0.9382586
vn 0.34606498 0.00028777466 0.9382104
vn 0.34593415 4.80965E-05 0.9382588
vn 0.34603736 0.00019274415 0.93822074
vn 0.3459483 4.8506998E-05 0.9382536
vn 0.34611157 0.00040888792 0.9381932
vn 0.3459348 4.8002494E-05 0.93825847
vn 0.34610364 0.0003242646 0.93819624
vn 0.3459672 4.845394E-05 0.93824667
vn 0.3459351 0.00021723959 0.9382584
vn 0.34583014 0.00019434681 0.9382971
vn 0.34593445 0.00012238491 0.9382587
vn 0.34579086 0.0002941538 0.9383115
vn 0.3459342 0.00021982778 0.9382588
vn 0.34575918 0.00033104402 0.93832326
vn 0.34593424 0.00012201201 0.9382587
vn 0.3457486 0.00041518634 0.938327
vn 0.34593403 0.00021939627 0.9382588
vn 0.34593397 0.00012256175 0.93825895
vn 0.34593403 0.000121963436 0.9382588
vn 0.34593365 0.00021697945 0.93825895
vn 0.34593385 0.00022000744 0.93825895
vn 0.34593403 0.0001225618 0.93825895
vn 0.34593397 0.00012249328 0.93825895
vn 0.34593433 0.00021997614 0.9382587
vn 0.34593394 0.0002198983 0.93825895
vn 0.34593424 0.00012256189 0.9382587
vn 0.34593424 0.00012268453 0.9382587
vn 0.34593457 0.00021999022 0.9382586
vn 0.34583795 0.00033451951 0.9382942
vn 0.34593445 0.00012256195 0.9382587
vn 0.34575862 0.00033227296 0.93832344
vn 0.34593424 0.00022029578 0.9382587
vn 0.34567943 0.00040481563 0.93835264
vn 0.34593427 0.00012256192 0.9382587
vn 0.34582922 0.00019503396 0.93829745
vn 0.34593394 0.00022030926 0.93825895
vn 0.34593448 4.7970007E-05 0.9382587
vn 0.34610203 0.00032357016 0.9381968
vn 0.3459347 4.7979614E-05 0.9382586
vn 0.34602702 0.00033135014 0.9382245
vn 0.3459348 4.8051992E-05 0.9382586
vn 0.34603664 0.00019227133 0.9382209
vn 0.34593472 4.808339E-05 0.9382586
vn 0.34617737 0.0003914841 0.938169
vn 0.34593457 4.8098344E-05 0.9382586
vn 0.3459349 4.7991507E-05 0.93825847
vn 0.34593457 4.8091144E-05 0.9382586
vn 0.34593493 4.8122187E-05 0.93825847
vn 0.3459345 4.8063517E-05 0.9382587
vn 0.3459347 4.798749E-05 0.9382586
vn 0.34593454 4.806111E-05 0.9382587
vn 0.34593478 4.794167E-05 0.9382586
vn 0.0008252299 0.00066149293 -0.9999995
vn 0.0020911666 -0.000538487 -0.99999774
vn 0.0030620745 -0.0008913358 -0.999995
vn 0.34555656 0.00042577955 0.93839777
vn 0.34563506 0.00025743403 0.93836904
vn 0.34586808 0.0002667042 0.93828315
vn 0.34599817 0.00026989367 0.9382351
vn 0.3462165 0.00026187353 0.93815464
vn 0.34629157 0.00042001734 0.9381268
vn -0.3451606 -0.0045808735 -0.93853235
vn -0.34874687 -0.008753863 -0.9371761
vn -0.35725775 -0.0060927095 -0.93398595
vn 0.9999969 0.0025139013 -6.666359E-06
vn 0.9999969 0.0025139013 -6.666359E-06
vn 0.9999969 0.0025139013 -6.666359E-06
vn 0.9999969 0.0025139013 -6.666359E-06
vn 1.4743445E-05 0.00043202605 0.9999999
vn 1.4743445E-05 0.00043202605 0.9999999
vn 1.4743445E-05 0.00043202605 0.9999999
vn 1.4743445E-05 0.00043202605 0.9999999
vn 0.34593365 0.00031675905 0.93825895
vn 0.34593332 0.0003173568 0.938259
vn 0.34593365 0.00031738466 0.93825895
vn 0.34593412 0.00031682805 0.9382588
vn 0.3459341 0.00031744016 0.9382588
vn 0.34593564 0.0003123827 0.9382582
vn 0.34599817 0.00026989367 0.9382351
vn 0.3462165 0.00026187353 0.93815464
vn 0.34613675 0.00039955266 0.938184
vn 0.34629157 0.00042001734 0.9381268
vn 0.34584835 4.876823E-05 0.9382904
vn 0.34587932 4.921741E-05 0.938279
vn 0.3459061 4.9184102E-05 0.9382691
vn 0.34593615 4.8929007E-05 0.93825805
vn 0.34597296 4.8986363E-05 0.9382445
vn 0.34600773 4.8651644E-05 0.93823165
vn 0.34571406 0.0004091769 0.9383398
vn 0.34563506 0.00025743403 0.93836904
vn 0.34555656 0.00042577955 0.93839777
vn 0.34586808 0.0002667042 0.93828315
vn 0.3459333 0.00031144274 0.938259
vn 0.34593466 0.00031739083 0.93825847
vn 0.345935 0.0003174183 0.9382584
vn 0.34593412 0.00031802966 0.9382588
vn 0.34593365 0.00031805667 0.93825895
vn 0.34593394 0.00031807052 0.9382588
vn -0.9385582 0.0059865443 0.345069
vn -0.938556 0.0032664181 0.34511167
vn -0.9385582 0.0059865443 0.345069
vn -0.938556 0.0032733611 0.34511152
vn -0.9385434 0.0005526398 0.3451609
vn -0.9385434 0.0005526412 0.34516087
vn -0.93853635 0.0005526414 0.34517995
vn -0.93853635 0.00055264 0.34517995
vn -0.93852955 0.00055292505 0.3451986
vn -0.93852955 0.00055292563 0.34519857
vn -0.93852264 0.00055235595 0.34521726
vn -0.9385227 0.00055235653 0.3452172
vn -0.9385155 0.0005526416 0.34523675
vn -0.9385155 0.00055264065 0.34523675
vn -0.93850845 0.00055321 0.34525597
vn -0.93850845 0.00055321 0.34525597
vn -0.9384885 0.0032261596 0.3452955
vn -0.9384885 0.0032237389 0.3452954
vn -0.9384654 0.005896665 0.34532303
vn -0.9384654 0.005896665 0.34532303
vn -0.022688648 0.9997093 0.008156632
vn -0.01202433 0.9999193 0.004092294
vn -0.022688648 0.9997093 0.008156632
vn -0.011952724 0.99992037 0.0040650032
vn -0.0013581314 0.99999917 2.7169286E-05
vn -0.0013581308 0.99999917 2.7168791E-05
vn -0.001358074 0.99999917 2.69405E-05
vn -0.0013580741 0.99999917 2.6940505E-05
vn -0.0013580655 0.99999917 2.7305601E-05
vn -0.0013580661 0.99999917 2.7304819E-05
vn -0.001357973 0.99999917 2.700912E-05
vn -0.0013579722 0.99999917 2.701373E-05
vn -0.0013580895 0.99999917 2.6347536E-05
vn -0.0013580895 0.99999917 2.6347536E-05
vn -0.3557731 0.0024735937 -0.93456906
vn -0.34966764 0.013686473 -0.9367738
vn -0.3642757 0.009146995 -0.9312462
vn -0.36982784 0.0028846927 -0.9290958
vn -0.36984032 0.002862688 -0.929091
vn -0.36358365 -0.00033544452 -0.9315615
vn -0.36357996 -0.0003354408 -0.93156296
vn -0.3459363 -0.00031799928 -0.938258
vn -0.34593195 -0.00031799497 -0.93825954
vn -0.3281646 -0.00030043648 -0.9446205
vn -0.3281608 -0.00030043264 -0.9446218
vn -0.32146555 -0.00029339804 -0.9469213
vn -0.32146624 -0.00029339857 -0.94692093
vn -0.3229839 -0.00029459188 -0.9464044
vn -0.3229839 -0.00029459188 -0.9464044
vn -0 0 1
vn -0 0 1
vn -0 0 1
vn -0 0 1
vn -0 1 0
vn -0 1 0
vn -0 1 0
vn -0 1 0
vn -1 0 0
vn -1 0 0
vn -1 0 0
vn -1 0 0
vn -0 -1 0
vn -0 -1 0
vn -0 -1 0
vn -0 -1 0
vn -0 0 -1
vn -0 0 -1
vn -0 0 -1
vn -0 0 -1
vn 1 0 0
vn 1 0 0
vn 1 0 0
vn 1 0 0
vn -0.3474498 0 -0.93769854
vn -0.3474498 0 -0.93769854
vn -0.3474498 0 -0.93769854
vn -0.3474498 0 -0.93769854
vn -0 1 0
vn -0 1 0
vn -0 1 0
vn -0 1 0
vn 0.9376984 0 -0.3474502
vn 0.9376984 0 -0.3474502
vn 0.9376984 0 -0.3474502
vn 0.9376984 0 -0.3474502
vn -0 -1 0
vn -0 -1 0
vn -0 -1 0
vn -0 -1 0
vn 0.34745073 0 0.93769825
vn 0.34745073 0 0.93769825
vn 0.34745073 0 0.93769825
vn 0.34745073 0 0.93769825
vn -0.93769854 0 0.34745002
vn -0.93769854 0 0.34745002
vn -0.93769854 0 0.34745002
vn -0.93769854 0 0.34745002
vn -1 0 0
vn -1 0 0
vn -1 0 0
vn -1 0 0
vn -0 1 0
vn -0 1 0
vn -0 1 0
vn -0 1 0
vn 1 0 0
vn 1 0 0
vn 1 0 0
vn 1 0 0
vn -0 -1 0
vn -0 -1 0
vn -0 -1 0
vn -0 -1 0
vn -0 0 -1
vn -0 0 -1
vn -0 0 -1
vn -0 0 -1
vn -0 0 1
vn -0 0 1
vn -0 0 1
vn -0 0 1
vn -1 0 0
vn -1 0 0
vn -1 0 0
vn -1 0 0
vn -0 1 0
vn -0 1 0
vn -0 1 0
vn -0 1 0
vn 1 0 0
vn 1 0 0
vn 1 0 0
vn 1 0 0
vn -0 -1 0
vn -0 -1 0
vn -0 -1 0
vn -0 -1 0
vn -0 0 -1
vn -0 0 -1
vn -0 0 -1
vn -0 0 -1
vn -0 0 1
vn -0 0 1
vn -0 0 1
vn -0 0 1
vn 1.4006262E-05 0.0004320258 0.9999999
vn 1.4006262E-05 0.0004320258 0.9999999
vn 1.4006262E-05 0.0004320258 0.9999999
vn 1.4006262E-05 0.0004320258 0.9999999
vn -7.1390077E-06 -0.00091285544 0.99999964
vn 1.7421664E-05 -0.00070952595 0.99999976
vn 0.0008043716 -0.0007176117 0.9999994
vn 0.0016496839 0.00046280984 0.99999857
vn 0.0023176626 0.0011820509 0.99999666
vn 0.0008043716 -0.0007176117 0.9999994
vn 0.0010001933 0.0013112997 0.9999987
vn -0.0009896487 0.0013413407 0.9999987
vn -0.0023318229 0.0012501836 0.99999654
vn -0.0016733833 0.0005356821 0.99999845
vn -0.0008387211 -0.00063972094 0.9999995
vn -0.0023318229 0.0012501836 0.99999654
vn -3.64927E-05 -0.0006684778 0.99999976
vn -7.200048E-06 -0.00091701373 0.99999964
vn -4.170891E-06 -0.00070831564 0.99999976
vn -4.170891E-06 -0.00070831564 0.99999976
vn -4.170891E-06 -0.00070831564 0.99999976
vn -4.170891E-06 -0.00070831564 0.99999976
vn 0.999997 0.002466017 -6.8792347E-06
vn 0.999997 0.002466017 -6.8792347E-06
vn 0.999997 0.002466017 -6.8792347E-06
vn 0.999997 0.002466017 -6.8792347E-06
vn 0.99932265 0.036799222 6.3909088E-06
vn 0.99983644 0.018084865 -1.0284091E-05
vn 0.9993243 0.036753993 -9.263074E-06
vn 0.99970263 0.024383616 4.362996E-07
vn 0.9993192 0.036893036 1.021658E-05
vn 0.9997273 -0.0233494 -1.9808635E-05
vn 0.99970204 0.024408586 3.4308896E-06
vn 0.9993174 0.0369416 -1.4495596E-06
vn 0.9998332 0.018262649 -5.846474E-06
vn 0.99952424 -0.030841747 -2.4356863E-05
vn 0.9989378 -0.046078466 -2.827348E-05
vn 0.99894017 -0.04602903 -3.0875486E-05
vn 0.99952495 -0.030820424 -2.6887454E-05
vn 0.9997321 -0.023146933 -2.3524577E-05
vn 0.9989447 -0.04592844 -3.516006E-05
vn 0.9989471 -0.045877285 -3.6837122E-05
vn -0.9996599 0.026078898 1.3217166E-05
vn -0.9986721 0.051516928 1.5120113E-05
vn -0.99867505 0.051458426 2.4825966E-05
vn -0.999406 0.03446159 2.0360974E-05
vn -0.9997943 -0.02028333 1.7443632E-05
vn -0.99868137 0.051337395 2.8995226E-05
vn -0.9996264 -0.027331386 4.0086857E-06
vn -0.99915254 -0.041161265 2.3609928E-05
vn -0.9991503 -0.041215602 2.0705788E-07
vn -0.99940705 0.03443206 2.2940518E-05
vn -0.9986846 0.05127485 2.3359707E-05
vn -0.9996661 0.025839785 1.710091E-05
vn -0.99962556 -0.02736439 1.7390023E-06
vn -0.9991456 -0.041328132 -2.6887778E-06
vn -0.99979 -0.020493204 1.4208566E-05
vn -0.99914324 -0.04138629 1.7533368E-05
vn -0.019197568 -0.9998153 -0.00094860827
vn -0.038884915 -0.99924326 -0.0009859777
vn -0.038857248 -0.9992446 -0.00064201216
vn -0.025741538 -0.99966836 -0.00073173817
vn 0.022322796 -0.9997503 -0.00094255415
vn -0.03880335 -0.9992467 -0.0006469877
vn 0.02958318 -0.9995621 -0.00072810845
vn -0.025706105 -0.9996693 -0.0007370746
vn -0.038777113 -0.99924743 -0.0009960147
vn -0.019142905 -0.99981636 -0.0009566052
vn 0.029549576 -0.99956304 -0.0007313221
vn 0.2716969 -0.9623824 -0.00094674184
vn 0.02227359 -0.9997515 -0.0009473968
vn 0.27143314 -0.962457 -0.00061835384
vn 0.48446992 -0.87480754 -0.0008695651
vn 0.48440883 -0.8748416 -0.0005689405
vn 0.27139148 -0.96246886 -0.00062149984
vn 0.27112535 -0.9625435 -0.0009515747
vn 0.484286 -0.87490964 -0.00057018665
vn 0.48422423 -0.8749435 -0.00087511213
vn -0.04411364 0.9990263 0.00064275996
vn -0.022322658 0.9997503 0.00094959757
vn -0.044137746 0.999025 0.0009868048
vn -0.029582992 0.9995621 0.0007326469
vn -0.04406369 0.99902844 0.0006445332
vn 0.019197797 0.9998153 0.00094132987
vn -0.029549433 0.99956304 0.0007354685
vn -0.044037838 0.9990294 0.000990379
vn -0.022273488 0.9997515 0.0009538529
vn 0.02574192 0.99966836 0.00072720606
vn 0.02570652 0.9996692 0.0007328187
vn 0.26942313 0.9630214 0.00094112504
vn 0.019143209 0.99981636 0.0009497421
vn 0.26914382 0.96309984 0.00061467226
vn 0.48491287 0.8745621 0.0008608423
vn 0.4848533 0.8745953 0.0005628194
vn 0.2691038 0.963111 0.00062042964
vn 0.268822 0.96318936 0.000951175
vn 0.48473123 0.87466305 0.00056499324
vn 0.48466864 0.8746974 0.0008683404
vn -4.17327E-06 -0.00071212737 0.99999976
vn -4.17327E-06 -0.00071212737 0.99999976
vn -4.17327E-06 -0.00071212737 0.99999976
vn -4.17327E-06 -0.00071212737 0.99999976
vn 0.0013578889 -0.99999917 -2.8576991E-05
vn 0.0013578144 -0.99999917 -2.7983055E-05
vn 0.0013578889 -0.99999917 -2.8576991E-05
vn 0.0013578131 -0.99999917 -2.7973254E-05
vn 0.0013581053 -0.99999917 -2.72178E-05
vn 0.0013581098 -0.99999917 -2.7215729E-05
vn 0.0013583902 -0.99999917 -2.6856886E-05
vn 0.0013583904 -0.99999917 -2.6856887E-05
vn 0.0013582327 -0.99999917 -2.6831627E-05
vn 0.0013582337 -0.99999917 -2.6829644E-05
vn -0.00930635 -0.99994814 0.004133453
vn -0.0091348905 -0.99995005 0.0040665637
vn -0.019969603 -0.9997662 0.008293347
vn -0.019969603 -0.9997662 0.008293347
vn -0.33188316 -0.00030270513 -0.94332045
vn -0.33188316 -0.00030270513 -0.94332045
vn -0.33566213 -0.00030565463 -0.94198245
vn -0.33566388 -0.000305656 -0.9419818
vn -0.34276205 -0.0003127109 -0.9394222
vn -0.34276357 -0.0003127128 -0.93942165
vn -0.34593454 -0.000318002 -0.9382586
vn -0.34593445 -0.0003180025 -0.9382586
vn -0.34910035 -0.00032095044 -0.93708533
vn -0.3491018 -0.00032095125 -0.93708473
vn -0.3559226 -0.0022813105 -0.9345127
vn -0.35594997 -0.00229658 -0.93450224
vn -0.35725775 -0.0060927095 -0.93398595
vn 0.15852301 -0.0035565372 -0.9873489
vn 0.28419173 -0.0041756197 -0.9587583
vn 0.28419173 -0.0041756197 -0.9587583
vn 0.15728703 -0.0035502214 -0.9875465
vn -0.088093065 -0.0021911082 -0.9961098
vn -0.08934325 -0.0021836401 -0.9959985
vn -0.34508982 -0.0005480424 -0.9385694
vn -0.34660372 -0.00053769967 -0.9380115
vn -0.57848173 0.0011462723 -0.8156946
vn -0.5794945 0.0011541272 -0.8149753
vn -0.7606232 0.0026463943 -0.64918804
vn -0.7614182 0.0026534323 -0.64825547
vn -0.8385474 0.003370668 -0.54481816
vn -0.8385474 0.003370668 -0.54481816
vn 0.9344885 -0.0063831205 -0.35593614
vn 0.9344887 -0.006356459 -0.3559361
vn 0.9344887 -0.006356459 -0.3559361
vn 0.9344885 -0.0063831336 -0.3559362
vn 0.9344883 -0.006409807 -0.35593623
vn 0.9344883 -0.006409807 -0.35593623
vn -0.9418922 0.0063770264 0.3358547
vn -0.94189245 0.0063546114 0.33585435
vn -0.94189245 0.0063546114 0.33585435
vn -0.9418922 0.0063770236 0.33585474
vn -0.9418919 0.00639943 0.33585507
vn -0.9418919 0.00639943 0.33585507
vn -0.94189256 0.006492085 0.33585152
vn -0.94189274 0.006466787 0.33585152
vn -0.94189274 0.006466787 0.33585152
vn -0.94189256 0.006492081 0.33585152
vn -0.94189245 0.0065173907 0.3358515
vn -0.94189245 0.0065173907 0.3358515
vn 0.9344809 -0.006523016 -0.35595337
vn 0.9344808 -0.006498177 -0.355954
vn 0.9344808 -0.006498177 -0.355954
vn 0.9344809 -0.006523028 -0.3559534
vn 0.934481 -0.0065478566 -0.35595268
vn 0.934481 -0.0065478566 -0.35595268
vn -0.8385488 0.0033185012 -0.5448163
vn -0.8385488 0.0033185012 -0.5448163
vn -0.7614882 0.0026170234 -0.64817363
vn -0.76070154 0.0026102036 -0.6490966
vn -0.57959694 0.0011431142 -0.8149025
vn -0.5785902 0.0011354047 -0.8156177
vn -0.34677488 -0.0005393669 -0.93794817
vn -0.34526294 -0.0005497041 -0.9385058
vn -0.08950061 -0.002197553 -0.9959843
vn -0.088245854 -0.0022051723 -0.9960963
vn 0.15711187 -0.0035979012 -0.9875743
vn 0.15835872 -0.0036044882 -0.987375
vn 0.28418186 -0.0042458856 -0.958761
vn 0.28418186 -0.0042458856 -0.958761
vn -0.0057008155 -0.9999784 0.0032833186
vn -0.0056471233 -0.9999788 0.003266225
vn -0.0056471233 -0.9999788 0.003266225
vn -0.0057306173 -0.9999782 0.0032928062
vn -0.0043020532 -0.9999907 -0.00036954074
vn -0.0043082526 -0.9999907 -0.00035415826
vn -0.0011103408 -0.99999297 -0.0035809882
vn -0.0011089328 -0.99999297 -0.003580606
vn 0.0015412145 -0.99999595 -0.002387067
vn 0.0015403542 -0.99999595 -0.0023877332
vn 0.0029937085 -0.99999547 -0.0005160302
vn 0.0029931285 -0.99999547 -0.0005173269
vn 0.0033938081 -0.9999926 0.0018299911
vn 0.0033939017 -0.9999926 0.0018289743
vn 0.0023721124 -0.9999863 0.004663436
vn 0.0023744248 -0.9999864 0.0046593044
vn -0.00198956 -0.99998677 0.0047388305
vn -0.001992307 -0.99998677 0.0047375946
vn -0.005520802 -0.9999796 0.0032205102
vn -0.0054904455 -0.99997985 0.0032092184
vn -0.0055751214 -0.99997926 0.0032407152
vn -0.0055751214 -0.99997926 0.0032407152
vn 0.0053964225 0.99998045 -0.003173304
vn 0.0054492354 0.9999801 -0.0031919386
vn 0.0054492354 0.9999801 -0.0031919386
vn 0.005367132 0.99998057 -0.003162969
vn 0.0019137026 0.99998724 -0.0046885354
vn 0.001929271 0.99998724 -0.004681465
vn -0.0023837367 0.9999865 -0.004623786
vn -0.002384429 0.9999865 -0.0046225516
vn -0.0033959532 0.9999926 -0.0018207404
vn -0.0033958477 0.9999926 -0.0018218714
vn -0.002996854 0.99999535 0.0005106577
vn -0.002997439 0.99999535 0.0005093567
vn -0.0015385104 0.99999595 0.0023872769
vn -0.001539288 0.99999595 0.0023866682
vn 0.0011401621 0.99999285 0.003601654
vn 0.0011358635 0.99999285 0.0036004814
vn 0.004379392 0.99999034 0.00035761835
vn 0.0043812157 0.99999034 0.00035312944
vn 0.005804428 0.9999777 -0.003324475
vn 0.0058340523 0.99997747 -0.0033350652
vn 0.0057513746 0.99997807 -0.003305509
vn 0.0057513746 0.99997807 -0.003305509
vn -0.00018441859 -0.9999999 0.0005387762
vn -0.005886894 -0.99997914 0.0026488965
vn -0.0058507975 -0.9999795 0.002629292
vn -0.0045988043 -0.9999894 -0.00018687705
vn -0.0046039317 -0.9999894 -0.00017533048
vn -0.0019609192 -0.9999949 -0.0025385574
vn -0.0019596035 -0.9999949 -0.0025381206
vn 0.00014127327 -0.9999989 -0.0014411197
vn 0.00014072788 -0.9999989 -0.0014416056
vn 0.0011862556 -0.9999993 0.0001301143
vn 0.0011859548 -0.9999993 0.00012926443
vn 0.0013659844 -0.99999714 0.002000171
vn 0.0013660813 -0.99999714 0.0019995708
vn 0.0004544093 -0.9999914 0.0041378955
vn 0.00045617134 -0.9999914 0.00413511
vn -0.0030613858 -0.9999875 0.0039754272
vn -0.0030652813 -0.9999875 0.003973499
vn -0.0058125663 -0.99997973 0.002612247
vn -0.005780694 -0.99998 0.002603921
vn 0.005908907 0.999979 -0.0026512526
vn 0.005931614 0.9999789 -0.002657777
vn 0.0031324883 0.9999869 -0.0040489845
vn 0.003143772 0.9999869 -0.0040433817
vn -0.00043916408 0.99999106 -0.0042072716
vn -0.00043990917 0.99999106 -0.004206086
vn -0.0013661814 0.999997 -0.0020333547
vn -0.0013660655 0.999997 -0.0020340662
vn -0.0011915658 0.9999993 -0.00014909299
vn -0.0011918639 0.9999993 -0.00014994774
vn -0.00015556854 0.99999905 0.0014267061
vn -0.0001560201 0.99999905 0.0014263012
vn 0.0019181995 0.999995 0.002511353
vn 0.001915023 0.999995 0.0025103076
vn 0.004515932 0.99998987 0.00018476196
vn 0.004517584 0.99998987 0.00018103932
vn 0.005748557 0.9999802 -0.0025893087
vn 0.0057817968 0.99998 -0.0026045172
vn 0.86447567 0.0011490071 0.5026735
vn 0.86447567 0.0011490071 0.5026735
vn 0.7849253 0.0010393995 0.61958957
vn 0.7849252 0.0010393995 0.61958975
vn 0.57407105 0.0007518514 0.81880516
vn 0.5740708 0.00075185107 0.81880534
vn 0.345934 0.00044156393 0.9382588
vn 0.34593374 0.0004415635 0.93825895
vn 0.09485482 0.00010134632 0.9954912
vn 0.0948551 0.000101346704 0.9954911
vn -0.15814069 -0.00023948729 0.9874165
vn -0.15814054 -0.00023948705 0.9874166
vn -0.26001325 -0.00037679225 0.96560496
vn -0.26001325 -0.00037679225 0.96560496
vn 0.27969286 0.00040033358 -0.96008945
vn 0.27969286 0.00040033358 -0.96008945
vn 0.15547106 0.00023489744 -0.9878405
vn 0.15547086 0.00023489715 -0.9878405
vn -0.08872094 -9.231856E-05 -0.99605656
vn -0.088721134 -9.2318835E-05 -0.99605656
vn -0.3459341 -0.00044156404 -0.9382587
vn -0.34593377 -0.00044156352 -0.93825895
vn -0.5791038 -0.0007589013 -0.81525344
vn -0.5791037 -0.0007589012 -0.8152535
vn -0.759517 -0.0010063968 -0.65048665
vn -0.75951695 -0.0010063968 -0.65048677
vn -0.83599323 -0.001113772 -0.5487385
vn -0.83599323 -0.001113772 -0.5487385
vn -0.93825966 -0.0012763286 0.34592956
vn -0.93825966 -0.0012763286 0.34592956
vn -0.93825966 -0.0012763286 0.34592956
vn -0.93825966 -0.0012763286 0.34592956
vn 0.93825954 0.0012771658 -0.34592968
vn 0.93825954 0.0012771658 -0.34592968
vn 0.93825954 0.0012771658 -0.34592968
vn 0.93825954 0.0012771658 -0.34592968
vn 0.79595137 0.0010562391 0.60535955
vn 0.86143434 0.0011460877 0.50786763
vn 0.86143434 0.0011460877 0.50786763
vn 0.79595137 0.001056239 0.6053597
vn 0.5922283 0.00077726727 0.8057699
vn 0.5922278 0.0007772667 0.80577016
vn 0.34593454 0.0004415648 0.93825847
vn 0.34593424 0.0004415644 0.9382587
vn 0.08620908 8.924749E-05 0.99627703
vn 0.08620941 8.924792E-05 0.99627703
vn -0.1730304 -0.00026104847 0.98491645
vn -0.17303024 -0.00026104818 0.9849165
vn -0.27496135 -0.0003984197 0.96145517
vn -0.27496135 -0.0003984197 0.96145517
vn -0.9382591 -0.0012806538 0.34593073
vn -0.9382591 -0.0012806538 0.34593073
vn -0.9382591 -0.0012806538 0.34593073
vn -0.9382591 -0.0012806538 0.34593073
vn 0.93825895 0.0012724635 -0.3459314
vn 0.93825895 0.0012724635 -0.3459314
vn 0.93825895 0.0012724635 -0.3459314
vn 0.93825895 0.0012724635 -0.3459314
vn 0.0013476452 -0.99999917 -2.7016677E-05
vn 0.0013476618 -0.99999917 -2.6511036E-05
vn 0.0013476618 -0.99999917 -2.6511036E-05
vn 0.0013476537 -0.99999917 -2.6759191E-05
vn 0.0013474103 -0.99999917 -2.7272486E-05
vn 0.0013474763 -0.99999917 -2.7268441E-05
vn 0.0013477384 -0.99999917 -2.7282136E-05
vn 0.0013477384 -0.99999917 -2.7282136E-05
vn 0.0013480084 -0.99999917 -2.76753E-05
vn 0.00134792 -0.99999917 -2.7837048E-05
vn 0.0013476876 -0.99999917 -2.7499398E-05
vn 0.0013476767 -0.99999917 -2.6732057E-05
vn 0.001347666 -0.99999917 -2.5944157E-05
vn 0.001347666 -0.99999917 -2.5944157E-05
vn -0.001347549 0.99999917 2.6649497E-05
vn -0.0013477695 0.99999917 2.6862852E-05
vn -0.0013477695 0.99999917 2.6862852E-05
vn -0.0013476565 0.99999917 2.6753356E-05
vn -0.0013477512 0.99999917 2.6745985E-05
vn -0.0013476649 0.99999917 2.6690208E-05
vn -0.0013477684 0.99999917 2.7027963E-05
vn -0.0013477685 0.99999917 2.7027967E-05
vn -0.0013476965 0.99999917 2.673786E-05
vn -0.0013477468 0.99999917 2.6561434E-05
vn -0.001347836 0.99999917 2.6155203E-05
vn -0.0013477948 0.99999917 2.6202413E-05
vn -0.0013477532 0.99999917 2.6250009E-05
vn -0.0013477532 0.99999917 2.6250009E-05
vn -0.8359923 -0.0011182439 -0.54874015
vn -0.8359923 -0.0011182439 -0.54874015
vn -0.75951636 -0.0010112528 -0.6504874
vn -0.7595164 -0.001011253 -0.65048736
vn -0.57910424 -0.0007601154 -0.8152532
vn -0.5791046 -0.0007601157 -0.8152529
vn -0.34593415 -0.00044017355 -0.9382587
vn -0.34593457 -0.00044017413 -0.93825847
vn -0.088721216 -9.1750255E-05 -0.99605656
vn -0.088720955 -9.1749906E-05 -0.99605656
vn 0.15546937 0.00023659205 -0.9878407
vn 0.15546961 0.00023659236 -0.9878406
vn 0.27969056 0.00040256663 -0.96009016
vn 0.27969056 0.00040256663 -0.96009016
vn -1 0 0
vn -1 0 0
vn -1 0 0
vn -1 0 0
vn -0 1 0
vn -0 1 0
vn -0 1 0
vn -0 1 0
vn 1 0 0
vn 1 0 0
vn 1 0 0
vn 1 0 0
vn -0 -1 0
vn -0 -1 0
vn -0 -1 0
vn -0 -1 0
vn -0 0 -1
vn -0 0 -1
vn -0 0 -1
vn -0 0 -1
vn -0 0 1
vn -0 0 1
vn -0 0 1
vn -0 0 1
vn -1 0 0
vn -1 0 0
vn -1 0 0
vn -1 0 0
vn -0 1 0
vn -0 1 0
vn -0 1 0
vn -0 1 0
vn 1 0 0
vn 1 0 0
vn 1 0 0
vn 1 0 0
vn -0 -1 0
vn -0 -1 0
vn -0 -1 0
vn -0 -1 0
vn -0 0 -1
vn -0 0 -1
vn -0 0 -1
vn -0 0 -1
vn -0 0 1
vn -0 0 1
vn -0 0 1
vn -0 0 1
vn -0 0 1
vn -0 0 1
vn -0 0 1
vn -0 0 1
vn -0 1 0
vn -0 1 0
vn -0 1 0
vn -0 1 0
vn -1 0 0
vn -1 0 0
vn -1 0 0
vn -1 0 0
vn -0 -1 0
vn -0 -1 0
vn -0 -1 0
vn -0 -1 0
vn -0 0 -1
vn -0 0 -1
vn -0 0 -1
vn -0 0 -1
vn 1 0 0
vn 1 0 0
vn 1 0 0
vn 1 0 0
vn 0.0001409058 0.9999993 -0.0012507731
vn 0.0001409058 0.9999993 -0.0012507731
vn 0.00026564853 0.99999917 -0.0012440666
vn 0.0002672008 0.99999917 -0.0012439832
vn -2.4508225E-05 1 0.00034814727
vn -3.0636154E-05 1 0.00037138845
vn -0.0011218867 0.9999976 0.0019194658
vn -0.0011205315 0.9999976 0.0019195896
vn -0.0022212309 0.9999962 0.0016445614
vn -0.0022211138 0.9999962 0.001644619
vn -0.0029727176 0.9999951 0.0010220368
vn -0.002972575 0.9999951 0.0010222209
vn -0.0033417593 0.9999944 0.000120428354
vn -0.0033417367 0.9999944 0.000120644174
vn -0.0032456568 0.9999945 -0.0007104923
vn -0.0032457334 0.9999945 -0.00071031763
vn -0.003097224 0.99999464 -0.0010479247
vn -0.003097224 0.99999464 -0.0010479247
vn -0.00026705966 -0.99999917 0.001244093
vn -0.0001409024 -0.9999993 0.0012507851
vn -0.0001409024 -0.9999993 0.0012507851
vn -0.00026551183 -0.99999917 0.0012441751
vn 3.0503963E-05 -1 -0.00037169614
vn 2.4144823E-05 -1 -0.0003475471
vn 0.0011199333 -0.9999976 -0.0019201211
vn 0.0011209009 -0.9999976 -0.0019200332
vn 0.0022203592 -0.9999962 -0.0016457962
vn 0.0022201913 -0.9999962 -0.0016458792
vn 0.0029720461 -0.9999951 -0.001023078
vn 0.002971901 -0.9999951 -0.0010232651
vn 0.00334159 -0.9999944 -0.00012194758
vn 0.003341573 -0.9999944 -0.00012210311
vn 0.0032458163 -0.9999945 0.0007088171
vn 0.003245857 -0.9999945 0.00070872426
vn 0.0030974497 -0.99999464 0.001047106
vn 0.0030974497 -0.99999464 0.001047106
vn -0.95075864 0.0005689776 0.30993187
vn -0.95075864 0.0005689776 0.30993187
vn -0.9446771 0.0005671539 0.3280012
vn -0.944685 0.00056715636 0.32797855
vn -0.9382606 0.00056512683 0.34592882
vn -0.9382606 0.00056512683 0.34592882
vn 0.15560861 -0.00031845237 -0.9878187
vn 0.2792953 -0.00037667263 -0.9602052
vn 0.2792953 -0.00037667263 -0.9602052
vn 0.15499428 -0.00031815338 -0.9879153
vn -0.088511586 -0.00019434355 -0.9960751
vn -0.08909834 -0.00019403281 -0.9960228
vn -0.3456029 -4.7802238E-05 -0.9383809
vn -0.34626523 -4.7397247E-05 -0.9381367
vn -0.57883006 0.00010220559 -0.81544816
vn -0.57924205 0.00010248492 -0.81515557
vn -0.76100165 0.000232867 -0.6487498
vn -0.7612984 0.00023309485 -0.6484016
vn -0.8387024 0.0002954814 -0.54459006
vn -0.8387024 0.0002954814 -0.54459006
vn -0.67244107 -0.6972903 0.24821204
vn -0.67244107 -0.6972903 0.24821204
vn -0.67244107 -0.6972903 0.24821204
vn -0.67244107 -0.6972903 0.24821204
vn -0.66958266 0.7006371 0.24650928
vn -0.66958266 0.7006371 0.24650928
vn -0.66958266 0.7006371 0.24650928
vn -0.66958266 0.7006371 0.24650928
g Treasure Chest Mesh_0
f 3/3/3 2/2/2 1/1/1
f 2/2/2 4/4/4 1/1/1
f 1/1/1 4/4/4 5/5/5
f 4/4/4 6/6/6 5/5/5
f 5/5/5 6/6/6 7/7/7
f 6/6/6 8/8/8 7/7/7
f 7/7/7 8/8/8 9/9/9
f 8/8/8 10/10/10 9/9/9
f 9/9/9 10/10/10 11/11/11
f 10/10/10 12/12/12 11/11/11
f 11/11/11 12/12/12 13/13/13
f 12/12/12 14/14/14 13/13/13
f 13/13/13 14/14/14 15/15/15
f 14/14/14 16/16/16 15/15/15
f 15/15/15 16/16/16 17/17/17
f 16/16/16 18/18/18 17/17/17
f 17/17/17 18/18/18 19/19/19
f 18/18/18 20/20/20 19/19/19
f 23/23/23 22/22/22 21/21/21
f 24/24/24 23/23/23 21/21/21
f 24/24/24 21/21/21 25/25/25
f 26/26/26 24/24/24 25/25/25
f 26/26/26 25/25/25 27/27/27
f 28/28/28 26/26/26 27/27/27
f 27/27/27 25/25/25 29/29/29
f 25/25/25 30/30/30 29/29/29
f 28/28/28 27/27/27 31/31/31
f 32/32/32 28/28/28 31/31/31
f 29/29/29 30/30/30 33/33/33
f 30/30/30 34/34/34 33/33/33
f 29/29/29 33/33/33 35/35/35
f 27/27/27 29/29/29 36/36/36
f 36/36/36 29/29/29 35/35/35
f 31/31/31 27/27/27 36/36/36
f 36/36/36 35/35/35 37/37/37
f 38/38/38 36/36/36 37/37/37
f 31/31/31 36/36/36 38/38/38
f 38/38/38 37/37/37 39/39/39
f 32/32/32 31/31/31 40/40/40
f 40/40/40 31/31/31 38/38/38
f 41/41/41 32/32/32 40/40/40
f 42/42/42 38/38/38 39/39/39
f 41/41/41 40/40/40 43/43/43
f 42/42/42 39/39/39 44/44/44
f 45/45/45 41/41/41 43/43/43
f 46/46/46 42/42/42 44/44/44
f 43/43/43 42/42/42 46/46/46
f 46/46/46 44/44/44 47/47/47
f 45/45/45 43/43/43 48/48/48
f 48/48/48 43/43/43 46/46/46
f 49/49/49 45/45/45 48/48/48
f 50/50/50 46/46/46 47/47/47
f 48/48/48 46/46/46 50/50/50
f 50/50/50 47/47/47 51/51/51
f 52/52/52 50/50/50 51/51/51
f 49/49/49 48/48/48 53/53/53
f 53/53/53 48/48/48 50/50/50
f 53/53/53 50/50/50 52/52/52
f 54/54/54 49/49/49 53/53/53
f 55/55/55 53/53/53 52/52/52
f 54/54/54 53/53/53 55/55/55
f 56/56/56 54/54/54 55/55/55
f 56/56/56 55/55/55 57/57/57
f 58/58/58 56/56/56 57/57/57
f 57/57/57 59/59/59 58/58/58
f 59/59/59 60/60/60 58/58/58
f 63/63/63 62/62/62 61/61/61
f 62/62/62 64/64/64 61/61/61
f 61/61/61 64/64/64 65/65/65
f 64/64/64 66/66/66 65/65/65
f 65/65/65 66/66/66 67/67/67
f 66/66/66 68/68/68 67/67/67
f 67/67/67 68/68/68 69/69/69
f 68/68/68 70/70/70 69/69/69
f 69/69/69 70/70/70 71/71/71
f 70/70/70 72/72/72 71/71/71
f 71/71/71 72/72/72 73/73/73
f 72/72/72 74/74/74 73/73/73
f 77/77/77 76/76/76 75/75/75
f 76/76/76 78/78/78 75/75/75
f 75/75/75 78/78/78 79/79/79
f 78/78/78 80/80/80 79/79/79
f 79/79/79 80/80/80 81/81/81
f 80/80/80 82/82/82 81/81/81
f 81/81/81 82/82/82 83/83/83
f 82/82/82 84/84/84 83/83/83
f 83/83/83 84/84/84 85/85/85
f 84/84/84 86/86/86 85/85/85
f 85/85/85 86/86/86 87/87/87
f 86/86/86 88/88/88 87/87/87
f 91/91/91 90/90/90 89/89/89
f 90/90/90 92/92/92 89/89/89
f 89/89/89 92/92/92 93/93/93
f 92/92/92 94/94/94 93/93/93
f 93/93/93 94/94/94 95/95/95
f 94/94/94 96/96/96 95/95/95
f 95/95/95 96/96/96 97/97/97
f 96/96/96 98/98/98 97/97/97
f 97/97/97 98/98/98 99/99/99
f 98/98/98 100/100/100 99/99/99
f 99/99/99 100/100/100 101/101/101
f 100/100/100 102/102/102 101/101/101
f 105/105/105 104/104/104 103/103/103
f 104/104/104 106/106/106 103/103/103
f 103/103/103 106/106/106 107/107/107
f 106/106/106 108/108/108 107/107/107
f 107/107/107 108/108/108 109/109/109
f 108/108/108 110/110/110 109/109/109
f 109/109/109 110/110/110 111/111/111
f 110/110/110 112/112/112 111/111/111
f 111/111/111 112/112/112 113/113/113
f 112/112/112 114/114/114 113/113/113
f 113/113/113 114/114/114 115/115/115
f 114/114/114 116/116/116 115/115/115
f 115/115/115 116/116/116 117/117/117
f 116/116/116 118/118/118 117/117/117
f 117/117/117 118/118/118 119/119/119
f 118/118/118 120/120/120 119/119/119
f 119/119/119 120/120/120 121/121/121
f 120/120/120 122/122/122 121/121/121
f 125/125/125 124/124/124 123/123/123
f 124/124/124 126/126/126 123/123/123
f 123/123/123 126/126/126 127/127/127
f 126/126/126 128/128/128 127/127/127
f 127/127/127 128/128/128 129/129/129
f 128/128/128 130/130/130 129/129/129
f 133/133/133 132/132/132 131/131/131
f 134/134/134 133/133/133 131/131/131
f 137/137/137 136/136/136 135/135/135
f 136/136/136 138/138/138 135/135/135
f 138/138/138 140/140/140 139/139/139
f 141/141/141 138/138/138 139/139/139
f 139/139/139 143/143/143 142/142/142
f 143/143/143 144/144/144 142/142/142
f 147/147/147 146/146/146 145/145/145
f 146/146/146 148/148/148 145/145/145
f 145/145/145 148/148/148 149/149/149
f 148/148/148 150/150/150 149/149/149
f 149/149/149 150/150/150 151/151/151
f 150/150/150 152/152/152 151/151/151
f 155/155/155 154/154/154 153/153/153
f 156/156/156 155/155/155 153/153/153
f 153/153/153 158/158/158 157/157/157
f 158/158/158 159/159/159 157/157/157
f 157/157/157 159/159/159 160/160/160
f 159/159/159 161/161/161 160/160/160
f 164/164/164 163/163/163 162/162/162
f 162/162/162 165/165/165 164/164/164
f 165/165/165 166/166/166 164/164/164
f 167/167/167 165/165/165 162/162/162
f 168/168/168 167/167/167 162/162/162
f 169/169/169 167/167/167 168/168/168
f 170/170/170 169/169/169 168/168/168
f 171/171/171 169/169/169 170/170/170
f 172/172/172 171/171/171 170/170/170
f 173/173/173 171/171/171 172/172/172
f 174/174/174 173/173/173 172/172/172
f 175/175/175 173/173/173 174/174/174
f 176/176/176 175/175/175 174/174/174
f 177/177/177 175/175/175 176/176/176
f 178/178/178 177/177/177 176/176/176
f 179/179/179 177/177/177 178/178/178
f 180/180/180 179/179/179 178/178/178
f 179/179/179 180/180/180 181/181/181
f 181/181/181 182/182/182 179/179/179
f 182/182/182 183/183/183 179/179/179
f 183/183/183 182/182/182 184/184/184
f 187/187/187 186/186/186 185/185/185
f 188/188/188 187/187/187 185/185/185
f 191/191/191 190/190/190 189/189/189
f 192/192/192 191/191/191 189/189/189
f 195/195/195 194/194/194 193/193/193
f 196/196/196 195/195/195 193/193/193
f 199/199/199 198/198/198 197/197/197
f 200/200/200 199/199/199 197/197/197
f 203/203/203 202/202/202 201/201/201
f 204/204/204 203/203/203 201/201/201
f 207/207/207 206/206/206 205/205/205
f 208/208/208 207/207/207 205/205/205
f 209/209/209 207/207/207 208/208/208
f 210/210/210 209/209/209 208/208/208
f 211/211/211 209/209/209 210/210/210
f 212/212/212 211/211/211 210/210/210
f 208/208/208 205/205/205 213/213/213
f 210/210/210 208/208/208 214/214/214
f 214/214/214 208/208/208 213/213/213
f 212/212/212 210/210/210 215/215/215
f 215/215/215 210/210/210 214/214/214
f 213/213/213 205/205/205 216/216/216
f 205/205/205 217/217/217 216/216/216
f 218/218/218 212/212/212 215/215/215
f 219/219/219 212/212/212 218/218/218
f 216/216/216 217/217/217 220/220/220
f 217/217/217 221/221/221 220/220/220
f 222/222/222 219/219/219 218/218/218
f 223/223/223 219/219/219 222/222/222
f 220/220/220 221/221/221 224/224/224
f 221/221/221 225/225/225 224/224/224
f 226/226/226 223/223/223 222/222/222
f 227/227/227 223/223/223 226/226/226
f 224/224/224 225/225/225 228/228/228
f 225/225/225 229/229/229 228/228/228
f 230/230/230 227/227/227 226/226/226
f 231/231/231 227/227/227 230/230/230
f 229/229/229 231/231/231 232/232/232
f 228/228/228 229/229/229 232/232/232
f 232/232/232 231/231/231 230/230/230
f 218/218/218 233/233/233 222/222/222
f 233/233/233 234/234/234 222/222/222
f 222/222/222 234/234/234 226/226/226
f 235/235/235 233/233/233 218/218/218
f 234/234/234 236/236/236 226/226/226
f 226/226/226 236/236/236 230/230/230
f 215/215/215 235/235/235 218/218/218
f 236/236/236 237/237/237 230/230/230
f 230/230/230 237/237/237 232/232/232
f 238/238/238 235/235/235 215/215/215
f 237/237/237 239/239/239 232/232/232
f 232/232/232 239/239/239 228/228/228
f 214/214/214 238/238/238 215/215/215
f 239/239/239 240/240/240 228/228/228
f 241/241/241 238/238/238 214/214/214
f 228/228/228 240/240/240 224/224/224
f 213/213/213 241/241/241 214/214/214
f 240/240/240 242/242/242 224/224/224
f 243/243/243 241/241/241 213/213/213
f 224/224/224 242/242/242 220/220/220
f 216/216/216 243/243/243 213/213/213
f 242/242/242 244/244/244 220/220/220
f 244/244/244 243/243/243 216/216/216
f 220/220/220 244/244/244 216/216/216
f 247/247/247 246/246/246 245/245/245
f 246/246/246 248/248/248 245/245/245
f 245/245/245 248/248/248 249/249/249
f 246/246/246 250/250/250 248/248/248
f 248/248/248 251/251/251 249/249/249
f 249/249/249 251/251/251 252/252/252
f 251/251/251 253/253/253 252/252/252
f 250/250/250 254/254/254 248/248/248
f 248/248/248 254/254/254 251/251/251
f 250/250/250 255/255/255 254/254/254
f 255/255/255 256/256/256 254/254/254
f 251/251/251 257/257/257 253/253/253
f 254/254/254 257/257/257 251/251/251
f 254/254/254 256/256/256 257/257/257
f 257/257/257 258/258/258 253/253/253
f 256/256/256 259/259/259 257/257/257
f 257/257/257 259/259/259 258/258/258
f 259/259/259 260/260/260 258/258/258
f 263/263/263 262/262/262 261/261/261
f 262/262/262 264/264/264 261/261/261
f 261/261/261 264/264/264 265/265/265
f 264/264/264 266/266/266 265/265/265
f 265/265/265 266/266/266 267/267/267
f 266/266/266 268/268/268 267/267/267
f 268/268/268 269/269/269 267/267/267
f 269/269/269 270/270/270 267/267/267
f 271/271/271 269/269/269 268/268/268
f 267/267/267 270/270/270 272/272/272
f 273/273/273 271/271/271 268/268/268
f 274/274/274 271/271/271 273/273/273
f 270/270/270 275/275/275 272/272/272
f 276/276/276 274/274/274 273/273/273
f 276/276/276 273/273/273 277/277/277
f 278/278/278 276/276/276 277/277/277
f 279/279/279 274/274/274 276/276/276
f 280/280/280 276/276/276 278/278/278
f 280/280/280 279/279/279 276/276/276
f 281/281/281 280/280/280 278/278/278
f 279/279/279 280/280/280 282/282/282
f 282/282/282 280/280/280 281/281/281
f 283/283/283 279/279/279 282/282/282
f 284/284/284 282/282/282 281/281/281
f 282/282/282 285/285/285 283/283/283
f 285/285/285 282/282/282 284/284/284
f 272/272/272 275/275/275 286/286/286
f 275/275/275 287/287/287 286/286/286
f 288/288/288 285/285/285 284/284/284
f 289/289/289 285/285/285 288/288/288
f 284/284/284 290/290/290 288/288/288
f 291/291/291 290/290/290 284/284/284
f 292/292/292 291/291/291 284/284/284
f 293/293/293 291/291/291 292/292/292
f 292/292/292 294/294/294 293/293/293
f 286/286/286 295/295/295 272/272/272
f 295/295/295 296/296/296 272/272/272
f 297/297/297 295/295/295 286/286/286
f 286/286/286 287/287/287 298/298/298
f 298/298/298 297/297/297 286/286/286
f 292/292/292 297/297/297 298/298/298
f 287/287/287 299/299/299 298/298/298
f 292/292/292 300/300/300 294/294/294
f 300/300/300 292/292/292 298/298/298
f 300/300/300 298/298/298 299/299/299
f 301/301/301 294/294/294 300/300/300
f 300/300/300 299/299/299 301/301/301
f 304/304/304 303/303/303 302/302/302
f 305/305/305 304/304/304 302/302/302
f 308/308/308 307/307/307 306/306/306
f 309/309/309 308/308/308 306/306/306
f 312/312/312 311/311/311 310/310/310
f 313/313/313 312/312/312 310/310/310
f 316/316/316 315/315/315 314/314/314
f 317/317/317 316/316/316 314/314/314
f 320/320/320 319/319/319 318/318/318
f 321/321/321 320/320/320 318/318/318
f 324/324/324 323/323/323 322/322/322
f 325/325/325 324/324/324 322/322/322
f 328/328/328 327/327/327 326/326/326
f 329/329/329 328/328/328 326/326/326
f 332/332/332 331/331/331 330/330/330
f 333/333/333 332/332/332 330/330/330
f 336/336/336 335/335/335 334/334/334
f 335/335/335 337/337/337 334/334/334
f 335/335/335 338/338/338 337/337/337
f 338/338/338 339/339/339 337/337/337
f 338/338/338 340/340/340 339/339/339
f 340/340/340 341/341/341 339/339/339
f 340/340/340 342/342/342 341/341/341
f 342/342/342 343/343/343 341/341/341
f 342/342/342 344/344/344 343/343/343
f 344/344/344 345/345/345 343/343/343
f 344/344/344 346/346/346 345/345/345
f 346/346/346 347/347/347 345/345/345
f 350/350/350 349/349/349 348/348/348
f 349/349/349 351/351/351 348/348/348
f 349/349/349 352/352/352 351/351/351
f 352/352/352 353/353/353 351/351/351
f 352/352/352 354/354/354 353/353/353
f 354/354/354 355/355/355 353/353/353
f 354/354/354 356/356/356 355/355/355
f 356/356/356 357/357/357 355/355/355
f 356/356/356 358/358/358 357/357/357
f 358/358/358 359/359/359 357/357/357
f 358/358/358 360/360/360 359/359/359
f 360/360/360 361/361/361 359/359/359
f 364/364/364 363/363/363 362/362/362
f 363/363/363 365/365/365 362/362/362
f 362/362/362 365/365/365 366/366/366
f 365/365/365 367/367/367 366/366/366
f 370/370/370 369/369/369 368/368/368
f 371/371/371 370/370/370 368/368/368
f 372/372/372 370/370/370 371/371/371
f 373/373/373 372/372/372 371/371/371
f 374/374/374 372/372/372 373/373/373
f 375/375/375 374/374/374 373/373/373
f 376/376/376 374/374/374 375/375/375
f 377/377/377 376/376/376 375/375/375
f 378/378/378 376/376/376 377/377/377
f 379/379/379 378/378/378 377/377/377
f 380/380/380 378/378/378 379/379/379
f 381/381/381 380/380/380 379/379/379
f 384/384/384 383/383/383 382/382/382
f 383/383/383 385/385/385 382/382/382
f 382/382/382 385/385/385 386/386/386
f 385/385/385 387/387/387 386/386/386
f 386/386/386 387/387/387 388/388/388
f 387/387/387 389/389/389 388/388/388
f 388/388/388 389/389/389 390/390/390
f 389/389/389 391/391/391 390/390/390
f 390/390/390 391/391/391 392/392/392
f 391/391/391 393/393/393 392/392/392
f 392/392/392 393/393/393 394/394/394
f 393/393/393 395/395/395 394/394/394
f 398/398/398 397/397/397 396/396/396
f 397/397/397 399/399/399 396/396/396
f 396/396/396 399/399/399 400/400/400
f 399/399/399 401/401/401 400/400/400
f 400/400/400 401/401/401 402/402/402
f 401/401/401 403/403/403 402/402/402
f 402/402/402 403/403/403 404/404/404
f 403/403/403 405/405/405 404/404/404
f 404/404/404 405/405/405 406/406/406
f 405/405/405 407/407/407 406/406/406
f 406/406/406 407/407/407 408/408/408
f 407/407/407 409/409/409 408/408/408
f 412/412/412 411/411/411 410/410/410
f 413/413/413 412/412/412 410/410/410
f 414/414/414 412/412/412 413/413/413
f 415/415/415 414/414/414 413/413/413
f 416/416/416 414/414/414 415/415/415
f 417/417/417 416/416/416 415/415/415
f 418/418/418 416/416/416 417/417/417
f 419/419/419 418/418/418 417/417/417
f 420/420/420 418/418/418 419/419/419
f 421/421/421 420/420/420 419/419/419
f 422/422/422 420/420/420 421/421/421
f 423/423/423 422/422/422 421/421/421
f 426/426/426 425/425/425 424/424/424
f 427/427/427 426/426/426 424/424/424
f 428/428/428 426/426/426 427/427/427
f 429/429/429 428/428/428 427/427/427
f 430/430/430 428/428/428 429/429/429
f 431/431/431 430/430/430 429/429/429
f 432/432/432 430/430/430 431/431/431
f 433/433/433 432/432/432 431/431/431
f 434/434/434 432/432/432 433/433/433
f 435/435/435 434/434/434 433/433/433
f 436/436/436 434/434/434 435/435/435
f 437/437/437 436/436/436 435/435/435
f 440/440/440 439/439/439 438/438/438
f 441/441/441 440/440/440 438/438/438
f 442/442/442 440/440/440 441/441/441
f 443/443/443 442/442/442 441/441/441
f 444/444/444 442/442/442 443/443/443
f 445/445/445 444/444/444 443/443/443
f 446/446/446 444/444/444 445/445/445
f 447/447/447 446/446/446 445/445/445
f 448/448/448 446/446/446 447/447/447
f 449/449/449 448/448/448 447/447/447
f 450/450/450 448/448/448 449/449/449
f 451/451/451 450/450/450 449/449/449
f 454/454/454 453/453/453 452/452/452
f 455/455/455 454/454/454 452/452/452
f 458/458/458 457/457/457 456/456/456
f 459/459/459 458/458/458 456/456/456
f 462/462/462 461/461/461 460/460/460
f 463/463/463 462/462/462 460/460/460
f 466/466/466 465/465/465 464/464/464
f 467/467/467 466/466/466 464/464/464
f 470/470/470 469/469/469 468/468/468
f 471/471/471 470/470/470 468/468/468
f 472/472/472 470/470/470 471/471/471
f 473/473/473 472/472/472 471/471/471
f 476/476/476 475/475/475 474/474/474
f 477/477/477 476/476/476 474/474/474
f 478/478/478 476/476/476 477/477/477
f 479/479/479 478/478/478 477/477/477
f 482/482/482 481/481/481 480/480/480
f 481/481/481 483/483/483 480/480/480
f 480/480/480 483/483/483 484/484/484
f 483/483/483 485/485/485 484/484/484
f 484/484/484 485/485/485 486/486/486
f 485/485/485 487/487/487 486/486/486
f 486/486/486 487/487/487 488/488/488
f 487/487/487 489/489/489 488/488/488
f 488/488/488 489/489/489 490/490/490
f 489/489/489 491/491/491 490/490/490
f 490/490/490 491/491/491 492/492/492
f 491/491/491 493/493/493 492/492/492
f 492/492/492 493/493/493 494/494/494
f 493/493/493 495/495/495 494/494/494
f 494/494/494 495/495/495 496/496/496
f 495/495/495 497/497/497 496/496/496
f 500/500/500 499/499/499 498/498/498
f 501/501/501 500/500/500 498/498/498
f 502/502/502 500/500/500 501/501/501
f 503/503/503 502/502/502 501/501/501
f 506/506/506 505/505/505 504/504/504
f 505/505/505 507/507/507 504/504/504
f 504/504/504 507/507/507 508/508/508
f 507/507/507 509/509/509 508/508/508
f 508/508/508 509/509/509 510/510/510
f 509/509/509 511/511/511 510/510/510
f 510/510/510 511/511/511 512/512/512
f 511/511/511 513/513/513 512/512/512
f 512/512/512 513/513/513 514/514/514
f 513/513/513 515/515/515 514/514/514
f 514/514/514 515/515/515 516/516/516
f 515/515/515 517/517/517 516/516/516
f 520/520/520 519/519/519 518/518/518
f 521/521/521 520/520/520 518/518/518
f 524/524/524 523/523/523 522/522/522
f 523/523/523 525/525/525 522/522/522
f 522/522/522 525/525/525 526/526/526
f 525/525/525 527/527/527 526/526/526
f 526/526/526 527/527/527 528/528/528
f 527/527/527 529/529/529 528/528/528
f 528/528/528 529/529/529 530/530/530
f 529/529/529 531/531/531 530/530/530
f 530/530/530 531/531/531 532/532/532
f 531/531/531 533/533/533 532/532/532
f 532/532/532 533/533/533 534/534/534
f 533/533/533 535/535/535 534/534/534
f 538/538/538 537/537/537 536/536/536
f 537/537/537 539/539/539 536/536/536
f 536/536/536 539/539/539 540/540/540
f 539/539/539 541/541/541 540/540/540
f 540/540/540 541/541/541 542/542/542
f 541/541/541 543/543/543 542/542/542
f 542/542/542 543/543/543 544/544/544
f 543/543/543 545/545/545 544/544/544
f 544/544/544 545/545/545 546/546/546
f 545/545/545 547/547/547 546/546/546
f 546/546/546 547/547/547 548/548/548
f 547/547/547 549/549/549 548/548/548
f 552/552/552 551/551/551 550/550/550
f 551/551/551 553/553/553 550/550/550
f 550/550/550 553/553/553 554/554/554
f 553/553/553 555/555/555 554/554/554
f 554/554/554 555/555/555 556/556/556
f 555/555/555 557/557/557 556/556/556
f 556/556/556 557/557/557 558/558/558
f 557/557/557 559/559/559 558/558/558
f 558/558/558 559/559/559 560/560/560
f 559/559/559 561/561/561 560/560/560
f 560/560/560 561/561/561 562/562/562
f 561/561/561 563/563/563 562/562/562
f 566/566/566 565/565/565 564/564/564
f 565/565/565 567/567/567 564/564/564
f 564/564/564 567/567/567 568/568/568
f 567/567/567 569/569/569 568/568/568
f 568/568/568 569/569/569 570/570/570
f 569/569/569 571/571/571 570/570/570
f 570/570/570 571/571/571 572/572/572
f 571/571/571 573/573/573 572/572/572
f 572/572/572 573/573/573 574/574/574
f 573/573/573 575/575/575 574/574/574
f 574/574/574 575/575/575 576/576/576
f 575/575/575 577/577/577 576/576/576
f 580/580/580 579/579/579 578/578/578
f 579/579/579 581/581/581 578/578/578
f 578/578/578 581/581/581 582/582/582
f 581/581/581 583/583/583 582/582/582
f 582/582/582 583/583/583 584/584/584
f 583/583/583 585/585/585 584/584/584
f 584/584/584 585/585/585 586/586/586
f 585/585/585 587/587/587 586/586/586
f 586/586/586 587/587/587 588/588/588
f 587/587/587 589/589/589 588/588/588
f 588/588/588 589/589/589 590/590/590
f 589/589/589 591/591/591 590/590/590
f 594/594/594 593/593/593 592/592/592
f 593/593/593 595/595/595 592/592/592
f 592/592/592 595/595/595 596/596/596
f 595/595/595 597/597/597 596/596/596
f 596/596/596 597/597/597 598/598/598
f 597/597/597 599/599/599 598/598/598
f 598/598/598 599/599/599 600/600/600
f 599/599/599 601/601/601 600/600/600
f 600/600/600 601/601/601 602/602/602
f 601/601/601 603/603/603 602/602/602
f 602/602/602 603/603/603 604/604/604
f 603/603/603 605/605/605 604/604/604
f 608/608/608 607/607/607 606/606/606
f 609/609/609 608/608/608 606/606/606
f 610/610/610 608/608/608 609/609/609
f 611/611/611 610/610/610 609/609/609
f 612/612/612 610/610/610 611/611/611
f 613/613/613 612/612/612 611/611/611
f 614/614/614 612/612/612 613/613/613
f 615/615/615 614/614/614 613/613/613
f 616/616/616 614/614/614 615/615/615
f 617/617/617 616/616/616 615/615/615
f 618/618/618 616/616/616 617/617/617
f 619/619/619 618/618/618 617/617/617
f 622/622/622 621/621/621 620/620/620
f 623/623/623 622/622/622 620/620/620
f 626/626/626 625/625/625 624/624/624
f 627/627/627 626/626/626 624/624/624
f 630/630/630 629/629/629 628/628/628
f 631/631/631 630/630/630 628/628/628
f 632/632/632 630/630/630 631/631/631
f 633/633/633 632/632/632 631/631/631
f 634/634/634 632/632/632 633/633/633
f 635/635/635 634/634/634 633/633/633
f 636/636/636 634/634/634 635/635/635
f 637/637/637 636/636/636 635/635/635
f 638/638/638 636/636/636 637/637/637
f 639/639/639 638/638/638 637/637/637
f 640/640/640 638/638/638 639/639/639
f 641/641/641 640/640/640 639/639/639
f 642/642/642 640/640/640 641/641/641
f 643/643/643 642/642/642 641/641/641
f 644/644/644 642/642/642 643/643/643
f 645/645/645 644/644/644 643/643/643
f 648/648/648 647/647/647 646/646/646
f 649/649/649 648/648/648 646/646/646
f 650/650/650 648/648/648 649/649/649
f 651/651/651 650/650/650 649/649/649
f 652/652/652 650/650/650 651/651/651
f 653/653/653 652/652/652 651/651/651
f 654/654/654 652/652/652 653/653/653
f 655/655/655 654/654/654 653/653/653
f 656/656/656 654/654/654 655/655/655
f 657/657/657 656/656/656 655/655/655
f 658/658/658 656/656/656 657/657/657
f 659/659/659 658/658/658 657/657/657
f 660/660/660 658/658/658 659/659/659
f 661/661/661 660/660/660 659/659/659
f 662/662/662 660/660/660 661/661/661
f 663/663/663 662/662/662 661/661/661
f 666/666/666 665/665/665 664/664/664
f 667/667/667 666/666/666 664/664/664
f 670/670/670 669/669/669 668/668/668
f 671/671/671 670/670/670 668/668/668
f 674/674/674 673/673/673 672/672/672
f 675/675/675 674/674/674 672/672/672
f 678/678/678 677/677/677 676/676/676
f 679/679/679 678/678/678 676/676/676
f 680/680/680 678/678/678 679/679/679
f 681/681/681 680/680/680 679/679/679
f 682/682/682 680/680/680 681/681/681
f 683/683/683 682/682/682 681/681/681
f 684/684/684 682/682/682 683/683/683
f 685/685/685 684/684/684 683/683/683
f 686/686/686 684/684/684 685/685/685
f 687/687/687 686/686/686 685/685/685
f 688/688/688 686/686/686 687/687/687
f 689/689/689 688/688/688 687/687/687
f 692/692/692 691/691/691 690/690/690
f 691/691/691 693/693/693 690/690/690
f 690/690/690 693/693/693 694/694/694
f 693/693/693 695/695/695 694/694/694
f 694/694/694 695/695/695 696/696/696
f 695/695/695 697/697/697 696/696/696
f 696/696/696 697/697/697 698/698/698
f 697/697/697 699/699/699 698/698/698
f 698/698/698 699/699/699 700/700/700
f 699/699/699 701/701/701 700/700/700
f 700/700/700 701/701/701 702/702/702
f 701/701/701 703/703/703 702/702/702
f 706/706/706 705/705/705 704/704/704
f 705/705/705 707/707/707 704/704/704
f 704/704/704 707/707/707 708/708/708
f 707/707/707 709/709/709 708/708/708
f 708/708/708 709/709/709 710/710/710
f 709/709/709 711/711/711 710/710/710
f 710/710/710 711/711/711 712/712/712
f 711/711/711 713/713/713 712/712/712
f 712/712/712 713/713/713 714/714/714
f 713/713/713 715/715/715 714/714/714
f 714/714/714 715/715/715 716/716/716
f 715/715/715 717/717/717 716/716/716
f 720/720/720 719/719/719 718/718/718
f 719/719/719 721/721/721 718/718/718
f 718/718/718 721/721/721 722/722/722
f 721/721/721 723/723/723 722/722/722
f 722/722/722 723/723/723 724/724/724
f 723/723/723 725/725/725 724/724/724
f 724/724/724 725/725/725 726/726/726
f 725/725/725 727/727/727 726/726/726
f 726/726/726 727/727/727 728/728/728
f 727/727/727 729/729/729 728/728/728
f 728/728/728 729/729/729 730/730/730
f 729/729/729 731/731/731 730/730/730
f 734/734/734 733/733/733 732/732/732
f 735/735/735 734/734/734 732/732/732
f 736/736/736 734/734/734 735/735/735
f 737/737/737 736/736/736 735/735/735
f 738/738/738 736/736/736 737/737/737
f 739/739/739 738/738/738 737/737/737
f 740/740/740 738/738/738 739/739/739
f 741/741/741 740/740/740 739/739/739
f 742/742/742 740/740/740 741/741/741
f 743/743/743 742/742/742 741/741/741
f 744/744/744 742/742/742 743/743/743
f 745/745/745 744/744/744 743/743/743
f 748/748/748 747/747/747 746/746/746
f 747/747/747 749/749/749 746/746/746
f 746/746/746 749/749/749 750/750/750
f 749/749/749 751/751/751 750/750/750
f 750/750/750 751/751/751 752/752/752
f 751/751/751 753/753/753 752/752/752
f 752/752/752 753/753/753 754/754/754
f 753/753/753 755/755/755 754/754/754
f 754/754/754 755/755/755 756/756/756
f 755/755/755 757/757/757 756/756/756
f 756/756/756 757/757/757 758/758/758
f 757/757/757 759/759/759 758/758/758
f 762/762/762 761/761/761 760/760/760
f 763/763/763 762/762/762 760/760/760
f 766/766/766 765/765/765 764/764/764
f 767/767/767 766/766/766 764/764/764
f 770/770/770 769/769/769 768/768/768
f 771/771/771 770/770/770 768/768/768
f 774/774/774 773/773/773 772/772/772
f 775/775/775 774/774/774 772/772/772
f 778/778/778 777/777/777 776/776/776
f 779/779/779 778/778/778 776/776/776
f 782/782/782 781/781/781 780/780/780
f 783/783/783 782/782/782 780/780/780
f 786/786/786 785/785/785 784/784/784
f 787/787/787 786/786/786 784/784/784
f 788/788/788 786/786/786 787/787/787
f 789/789/789 788/788/788 787/787/787
f 792/792/792 791/791/791 790/790/790
f 793/793/793 792/792/792 790/790/790
f 794/794/794 792/792/792 793/793/793
f 795/795/795 794/794/794 793/793/793
f 798/798/798 797/797/797 796/796/796
f 797/797/797 799/799/799 796/796/796
f 796/796/796 799/799/799 800/800/800
f 799/799/799 801/801/801 800/800/800
f 800/800/800 801/801/801 802/802/802
f 801/801/801 803/803/803 802/802/802
f 802/802/802 803/803/803 804/804/804
f 803/803/803 805/805/805 804/804/804
f 804/804/804 805/805/805 806/806/806
f 805/805/805 807/807/807 806/806/806
f 806/806/806 807/807/807 808/808/808
f 807/807/807 809/809/809 808/808/808
f 812/812/812 811/811/811 810/810/810
f 811/811/811 813/813/813 810/810/810
f 810/810/810 813/813/813 814/814/814
f 813/813/813 815/815/815 814/814/814
f 814/814/814 815/815/815 816/816/816
f 815/815/815 817/817/817 816/816/816
f 816/816/816 817/817/817 818/818/818
f 817/817/817 819/819/819 818/818/818
f 818/818/818 819/819/819 820/820/820
f 819/819/819 821/821/821 820/820/820
f 820/820/820 821/821/821 822/822/822
f 821/821/821 823/823/823 822/822/822
f 826/826/826 825/825/825 824/824/824
f 827/827/827 826/826/826 824/824/824
f 828/828/828 826/826/826 827/827/827
f 829/829/829 828/828/828 827/827/827
f 830/830/830 828/828/828 829/829/829
f 831/831/831 830/830/830 829/829/829
f 832/832/832 830/830/830 831/831/831
f 833/833/833 832/832/832 831/831/831
f 834/834/834 832/832/832 833/833/833
f 835/835/835 834/834/834 833/833/833
f 836/836/836 834/834/834 835/835/835
f 837/837/837 836/836/836 835/835/835
f 838/838/838 836/836/836 837/837/837
f 839/839/839 838/838/838 837/837/837
f 840/840/840 838/838/838 839/839/839
f 841/841/841 840/840/840 839/839/839
f 844/844/844 843/843/843 842/842/842
f 845/845/845 844/844/844 842/842/842
f 848/848/848 847/847/847 846/846/846
f 849/849/849 848/848/848 846/846/846
f 852/852/852 851/851/851 850/850/850
f 853/853/853 852/852/852 850/850/850
f 854/854/854 852/852/852 853/853/853
f 855/855/855 854/854/854 853/853/853
f 856/856/856 854/854/854 855/855/855
f 857/857/857 856/856/856 855/855/855
f 860/860/860 859/859/859 858/858/858
f 861/861/861 860/860/860 858/858/858
f 862/862/862 860/860/860 861/861/861
f 863/863/863 862/862/862 861/861/861
f 864/864/864 862/862/862 863/863/863
f 865/865/865 864/864/864 863/863/863
f 868/868/868 867/867/867 866/866/866
f 869/869/869 868/868/868 866/866/866
f 870/870/870 868/868/868 869/869/869
f 871/871/871 870/870/870 869/869/869
f 872/872/872 870/870/870 871/871/871
f 873/873/873 872/872/872 871/871/871
f 876/876/876 875/875/875 874/874/874
f 877/877/877 876/876/876 874/874/874
f 878/878/878 876/876/876 877/877/877
f 879/879/879 878/878/878 877/877/877
f 881/881/881 880/880/880 879/879/879
f 882/882/882 881/881/881 879/879/879
f 885/885/885 884/884/884 883/883/883
f 886/886/886 885/885/885 883/883/883
f 883/883/883 888/888/888 887/887/887
f 888/888/888 889/889/889 887/887/887
f 891/891/891 885/885/885 890/890/890
f 892/892/892 891/891/891 890/890/890
f 895/895/895 894/894/894 893/893/893
f 896/896/896 895/895/895 893/893/893
f 897/897/897 895/895/895 896/896/896
f 898/898/898 897/897/897 896/896/896
f 899/899/899 897/897/897 898/898/898
f 900/900/900 899/899/899 898/898/898
f 903/903/903 902/902/902 901/901/901
f 902/902/902 904/904/904 901/901/901
f 901/901/901 904/904/904 905/905/905
f 904/904/904 906/906/906 905/905/905
f 908/908/908 902/902/902 907/907/907
f 909/909/909 908/908/908 907/907/907
f 912/912/912 911/911/911 910/910/910
f 913/913/913 912/912/912 910/910/910
f 914/914/914 912/912/912 913/913/913
f 915/915/915 914/914/914 913/913/913
f 917/917/917 916/916/916 915/915/915
f 918/918/918 917/917/917 915/915/915
f 921/921/921 920/920/920 919/919/919
f 922/922/922 921/921/921 919/919/919
f 923/923/923 921/921/921 922/922/922
f 924/924/924 923/923/923 922/922/922
f 925/925/925 923/923/923 924/924/924
f 926/926/926 925/925/925 924/924/924
f 929/929/929 928/928/928 927/927/927
f 930/930/930 929/929/929 927/927/927
f 932/932/932 929/929/929 931/931/931
f 933/933/933 932/932/932 931/931/931
f 935/935/935 934/934/934 933/933/933
f 936/936/936 935/935/935 933/933/933
f 939/939/939 938/938/938 937/937/937
f 940/940/940 939/939/939 937/937/937
f 937/937/937 942/942/942 941/941/941
f 942/942/942 943/943/943 941/941/941
f 945/945/945 939/939/939 944/944/944
f 946/946/946 945/945/945 944/944/944
f 949/949/949 948/948/948 947/947/947
f 950/950/950 949/949/949 947/947/947
f 952/952/952 949/949/949 951/951/951
f 953/953/953 952/952/952 951/951/951
f 954/954/954 952/952/952 953/953/953
f 955/955/955 954/954/954 953/953/953
f 958/958/958 957/957/957 956/956/956
f 959/959/959 958/958/958 956/956/956
f 962/962/962 961/961/961 960/960/960
f 963/963/963 962/962/962 960/960/960
f 966/966/966 965/965/965 964/964/964
f 967/967/967 966/966/966 964/964/964
f 970/970/970 969/969/969 968/968/968
f 971/971/971 970/970/970 968/968/968
f 974/974/974 973/973/973 972/972/972
f 975/975/975 974/974/974 972/972/972
f 978/978/978 977/977/977 976/976/976
f 979/979/979 978/978/978 976/976/976
f 982/982/982 981/981/981 980/980/980
f 981/981/981 983/983/983 980/980/980
f 984/984/984 981/981/981 982/982/982
f 980/980/980 983/983/983 985/985/985
f 986/986/986 984/984/984 982/982/982
f 983/983/983 987/987/987 985/985/985
f 988/988/988 984/984/984 986/986/986
f 985/985/985 987/987/987 989/989/989
f 990/990/990 988/988/988 986/986/986
f 987/987/987 991/991/991 989/989/989
f 992/992/992 988/988/988 990/990/990
f 989/989/989 991/991/991 993/993/993
f 994/994/994 992/992/992 990/990/990
f 991/991/991 995/995/995 993/993/993
f 996/996/996 992/992/992 994/994/994
f 993/993/993 995/995/995 997/997/997
f 998/998/998 996/996/996 994/994/994
f 995/995/995 999/999/999 997/997/997
f 1000/1000/1000 996/996/996 998/998/998
f 997/997/997 999/999/999 1001/1001/1001
f 1002/1002/1002 1000/1000/1000 998/998/998
f 999/999/999 1003/1003/1003 1001/1001/1001
f 1003/1003/1003 1000/1000/1000 1002/1002/1002
f 1001/1001/1001 1003/1003/1003 1002/1002/1002
f 1006/1006/1006 1005/1005/1005 1004/1004/1004
f 1007/1007/1007 1006/1006/1006 1004/1004/1004
f 1004/1004/1004 1005/1005/1005 1008/1008/1008
f 1009/1009/1009 1006/1006/1006 1007/1007/1007
f 1005/1005/1005 1010/1010/1010 1008/1008/1008
f 1011/1011/1011 1009/1009/1009 1007/1007/1007
f 1008/1008/1008 1010/1010/1010 1012/1012/1012
f 1013/1013/1013 1009/1009/1009 1011/1011/1011
f 1010/1010/1010 1014/1014/1014 1012/1012/1012
f 1015/1015/1015 1013/1013/1013 1011/1011/1011
f 1012/1012/1012 1014/1014/1014 1016/1016/1016
f 1017/1017/1017 1013/1013/1013 1015/1015/1015
f 1014/1014/1014 1018/1018/1018 1016/1016/1016
f 1019/1019/1019 1017/1017/1017 1015/1015/1015
f 1016/1016/1016 1018/1018/1018 1020/1020/1020
f 1021/1021/1021 1017/1017/1017 1019/1019/1019
f 1018/1018/1018 1022/1022/1022 1020/1020/1020
f 1023/1023/1023 1021/1021/1021 1019/1019/1019
f 1020/1020/1020 1022/1022/1022 1024/1024/1024
f 1025/1025/1025 1021/1021/1021 1023/1023/1023
f 1022/1022/1022 1026/1026/1026 1024/1024/1024
f 1027/1027/1027 1025/1025/1025 1023/1023/1023
f 1024/1024/1024 1026/1026/1026 1027/1027/1027
f 1026/1026/1026 1025/1025/1025 1027/1027/1027
f 1030/1030/1030 1029/1029/1029 1028/1028/1028
f 1028/1028/1028 1029/1029/1029 1031/1031/1031
f 1032/1032/1032 1030/1030/1030 1028/1028/1028
f 1029/1029/1029 1033/1033/1033 1031/1031/1031
f 1034/1034/1034 1030/1030/1030 1032/1032/1032
f 1031/1031/1031 1033/1033/1033 1035/1035/1035
f 1036/1036/1036 1034/1034/1034 1032/1032/1032
f 1033/1033/1033 1037/1037/1037 1035/1035/1035
f 1038/1038/1038 1034/1034/1034 1036/1036/1036
f 1035/1035/1035 1037/1037/1037 1039/1039/1039
f 1040/1040/1040 1038/1038/1038 1036/1036/1036
f 1037/1037/1037 1041/1041/1041 1039/1039/1039
f 1042/1042/1042 1038/1038/1038 1040/1040/1040
f 1039/1039/1039 1041/1041/1041 1043/1043/1043
f 1044/1044/1044 1042/1042/1042 1040/1040/1040
f 1041/1041/1041 1045/1045/1045 1043/1043/1043
f 1046/1046/1046 1042/1042/1042 1044/1044/1044
f 1043/1043/1043 1045/1045/1045 1047/1047/1047
f 1048/1048/1048 1046/1046/1046 1044/1044/1044
f 1045/1045/1045 1049/1049/1049 1047/1047/1047
f 1050/1050/1050 1046/1046/1046 1048/1048/1048
f 1047/1047/1047 1049/1049/1049 1051/1051/1051
f 1051/1051/1051 1050/1050/1050 1048/1048/1048
f 1049/1049/1049 1050/1050/1050 1051/1051/1051
f 1054/1054/1054 1053/1053/1053 1052/1052/1052
f 1053/1053/1053 1055/1055/1055 1052/1052/1052
f 1056/1056/1056 1053/1053/1053 1054/1054/1054
f 1052/1052/1052 1055/1055/1055 1057/1057/1057
f 1058/1058/1058 1056/1056/1056 1054/1054/1054
f 1055/1055/1055 1059/1059/1059 1057/1057/1057
f 1060/1060/1060 1056/1056/1056 1058/1058/1058
f 1057/1057/1057 1059/1059/1059 1061/1061/1061
f 1062/1062/1062 1060/1060/1060 1058/1058/1058
f 1059/1059/1059 1063/1063/1063 1061/1061/1061
f 1064/1064/1064 1060/1060/1060 1062/1062/1062
f 1061/1061/1061 1063/1063/1063 1065/1065/1065
f 1066/1066/1066 1064/1064/1064 1062/1062/1062
f 1063/1063/1063 1067/1067/1067 1065/1065/1065
f 1068/1068/1068 1064/1064/1064 1066/1066/1066
f 1065/1065/1065 1067/1067/1067 1069/1069/1069
f 1070/1070/1070 1068/1068/1068 1066/1066/1066
f 1067/1067/1067 1071/1071/1071 1069/1069/1069
f 1072/1072/1072 1068/1068/1068 1070/1070/1070
f 1069/1069/1069 1071/1071/1071 1073/1073/1073
f 1074/1074/1074 1072/1072/1072 1070/1070/1070
f 1071/1071/1071 1075/1075/1075 1073/1073/1073
f 1076/1076/1076 1072/1072/1072 1074/1074/1074
f 1073/1073/1073 1075/1075/1075 1077/1077/1077
f 1078/1078/1078 1076/1076/1076 1074/1074/1074
f 1075/1075/1075 1079/1079/1079 1077/1077/1077
f 1080/1080/1080 1076/1076/1076 1078/1078/1078
f 1077/1077/1077 1079/1079/1079 1081/1081/1081
f 1082/1082/1082 1080/1080/1080 1078/1078/1078
f 1079/1079/1079 1083/1083/1083 1081/1081/1081
f 1084/1084/1084 1080/1080/1080 1082/1082/1082
f 1081/1081/1081 1083/1083/1083 1085/1085/1085
f 1086/1086/1086 1084/1084/1084 1082/1082/1082
f 1083/1083/1083 1087/1087/1087 1085/1085/1085
f 1088/1088/1088 1084/1084/1084 1086/1086/1086
f 1085/1085/1085 1087/1087/1087 1089/1089/1089
f 1090/1090/1090 1088/1088/1088 1086/1086/1086
f 1087/1087/1087 1091/1091/1091 1089/1089/1089
f 1092/1092/1092 1088/1088/1088 1090/1090/1090
f 1089/1089/1089 1091/1091/1091 1093/1093/1093
f 1094/1094/1094 1092/1092/1092 1090/1090/1090
f 1091/1091/1091 1095/1095/1095 1093/1093/1093
f 1096/1096/1096 1092/1092/1092 1094/1094/1094
f 1093/1093/1093 1095/1095/1095 1097/1097/1097
f 1098/1098/1098 1096/1096/1096 1094/1094/1094
f 1095/1095/1095 1099/1099/1099 1097/1097/1097
f 1100/1100/1100 1096/1096/1096 1098/1098/1098
f 1097/1097/1097 1099/1099/1099 1101/1101/1101
f 1102/1102/1102 1100/1100/1100 1098/1098/1098
f 1099/1099/1099 1103/1103/1103 1101/1101/1101
f 1104/1104/1104 1100/1100/1100 1102/1102/1102
f 1101/1101/1101 1103/1103/1103 1105/1105/1105
f 1106/1106/1106 1104/1104/1104 1102/1102/1102
f 1103/1103/1103 1107/1107/1107 1105/1105/1105
f 1108/1108/1108 1104/1104/1104 1106/1106/1106
f 1105/1105/1105 1107/1107/1107 1109/1109/1109
f 1110/1110/1110 1108/1108/1108 1106/1106/1106
f 1107/1107/1107 1111/1111/1111 1109/1109/1109
f 1111/1111/1111 1108/1108/1108 1110/1110/1110
f 1109/1109/1109 1111/1111/1111 1110/1110/1110
g Treasure Chest Mesh_1
f 1114/1114/1114 1113/1113/1113 1112/1112/1112
f 1117/1117/1117 1116/1116/1116 1115/1115/1115
f 1120/1120/1120 1119/1119/1119 1118/1118/1118
f 1123/1123/1123 1122/1122/1122 1121/1121/1121
f 1126/1126/1126 1125/1125/1125 1124/1124/1124
f 1127/1127/1127 1126/1126/1126 1124/1124/1124
f 1130/1130/1130 1129/1129/1129 1128/1128/1128
f 1131/1131/1131 1130/1130/1130 1128/1128/1128
f 1088/1088/1088 1132/1132/1132 1084/1084/1084
f 1132/1132/1132 1133/1133/1133 1084/1084/1084
f 1084/1084/1084 1133/1133/1133 1080/1080/1080
f 1133/1133/1133 1134/1134/1134 1080/1080/1080
f 1080/1080/1080 1134/1134/1134 1076/1076/1076
f 1134/1134/1134 1135/1135/1135 1076/1076/1076
f 1076/1076/1076 1135/1135/1135 1072/1072/1072
f 1135/1135/1135 1136/1136/1136 1072/1072/1072
f 1072/1072/1072 1136/1136/1136 1068/1068/1068
f 1136/1136/1136 1137/1137/1137 1068/1068/1068
f 1064/1064/1064 1068/1068/1068 1137/1137/1137
f 1137/1137/1137 1138/1138/1138 1064/1064/1064
f 1138/1138/1138 1139/1139/1139 1064/1064/1064
f 1060/1060/1060 1064/1064/1064 1139/1139/1139
f 1139/1139/1139 1140/1140/1140 1060/1060/1060
f 1139/1139/1139 1141/1141/1141 1140/1140/1140
f 1060/1060/1060 1140/1140/1140 1056/1056/1056
f 1140/1140/1140 1142/1142/1142 1056/1056/1056
f 1056/1056/1056 1142/1142/1142 1053/1053/1053
f 1142/1142/1142 1143/1143/1143 1053/1053/1053
f 1053/1053/1053 1143/1143/1143 1055/1055/1055
f 1143/1143/1143 1144/1144/1144 1055/1055/1055
f 1055/1055/1055 1144/1144/1144 1059/1059/1059
f 1144/1144/1144 1145/1145/1145 1059/1059/1059
f 1059/1059/1059 1145/1145/1145 1063/1063/1063
f 1145/1145/1145 1146/1146/1146 1063/1063/1063
f 1063/1063/1063 1146/1146/1146 1067/1067/1067
f 1146/1146/1146 1147/1147/1147 1067/1067/1067
f 1067/1067/1067 1147/1147/1147 1071/1071/1071
f 1147/1147/1147 1148/1148/1148 1071/1071/1071
f 1075/1075/1075 1071/1071/1071 1148/1148/1148
f 1148/1148/1148 1149/1149/1149 1075/1075/1075
f 1148/1148/1148 1150/1150/1150 1149/1149/1149
f 1075/1075/1075 1149/1149/1149 1151/1151/1151
f 1079/1079/1079 1075/1075/1075 1151/1151/1151
f 1151/1151/1151 1152/1152/1152 1079/1079/1079
f 1079/1079/1079 1152/1152/1152 1083/1083/1083
f 1152/1152/1152 1153/1153/1153 1083/1083/1083
f 1083/1083/1083 1153/1153/1153 1087/1087/1087
f 1153/1153/1153 1154/1154/1154 1087/1087/1087
f 1087/1087/1087 1154/1154/1154 1091/1091/1091
f 1154/1154/1154 1155/1155/1155 1091/1091/1091
f 1091/1091/1091 1155/1155/1155 1095/1095/1095
f 1155/1155/1155 1156/1156/1156 1095/1095/1095
f 1095/1095/1095 1156/1156/1156 1099/1099/1099
f 1156/1156/1156 1157/1157/1157 1099/1099/1099
f 1160/1160/1160 1159/1159/1159 1158/1158/1158
f 1159/1159/1159 1161/1161/1161 1158/1158/1158
f 1159/1159/1159 1162/1162/1162 1161/1161/1161
f 1162/1162/1162 1163/1163/1163 1161/1161/1161
f 1162/1162/1162 1164/1164/1164 1163/1163/1163
f 1164/1164/1164 1165/1165/1165 1163/1163/1163
f 1164/1164/1164 1166/1166/1166 1165/1165/1165
f 1166/1166/1166 1167/1167/1167 1165/1165/1165
f 1166/1166/1166 1168/1168/1168 1167/1167/1167
f 1168/1168/1168 1169/1169/1169 1167/1167/1167
f 1168/1168/1168 1170/1170/1170 1169/1169/1169
f 1170/1170/1170 1171/1171/1171 1169/1169/1169
f 1170/1170/1170 1172/1172/1172 1171/1171/1171
f 1172/1172/1172 1173/1173/1173 1171/1171/1171
f 1172/1172/1172 1174/1174/1174 1173/1173/1173
f 1174/1174/1174 1175/1175/1175 1173/1173/1173
f 1174/1174/1174 1176/1176/1176 1175/1175/1175
f 1176/1176/1176 1177/1177/1177 1175/1175/1175
f 1180/1180/1180 1179/1179/1179 1178/1178/1178
f 1179/1179/1179 1181/1181/1181 1178/1178/1178
f 1179/1179/1179 1182/1182/1182 1181/1181/1181
f 1182/1182/1182 1183/1183/1183 1181/1181/1181
f 1182/1182/1182 1184/1184/1184 1183/1183/1183
f 1184/1184/1184 1185/1185/1185 1183/1183/1183
f 1184/1184/1184 1186/1186/1186 1185/1185/1185
f 1186/1186/1186 1187/1187/1187 1185/1185/1185
f 1186/1186/1186 1188/1188/1188 1187/1187/1187
f 1188/1188/1188 1189/1189/1189 1187/1187/1187
f 1188/1188/1188 1190/1190/1190 1189/1189/1189
f 1190/1190/1190 1191/1191/1191 1189/1189/1189
f 1194/1194/1194 1193/1193/1193 1192/1192/1192
f 1194/1194/1194 1192/1192/1192 1195/1195/1195
f 1195/1195/1195 1196/1196/1196 1194/1194/1194
f 1197/1197/1197 1196/1196/1196 1195/1195/1195
f 1198/1198/1198 1197/1197/1197 1195/1195/1195
f 1199/1199/1199 1197/1197/1197 1198/1198/1198
f 1200/1200/1200 1199/1199/1199 1198/1198/1198
f 1201/1201/1201 1199/1199/1199 1200/1200/1200
f 1202/1202/1202 1201/1201/1201 1200/1200/1200
f 1203/1203/1203 1201/1201/1201 1202/1202/1202
f 1204/1204/1204 1203/1203/1203 1202/1202/1202
f 1205/1205/1205 1203/1203/1203 1204/1204/1204
f 1206/1206/1206 1205/1205/1205 1204/1204/1204
f 1209/1209/1209 1208/1208/1208 1207/1207/1207
f 1210/1210/1210 1209/1209/1209 1207/1207/1207
f 1213/1213/1213 1212/1212/1212 1211/1211/1211
f 1214/1214/1214 1213/1213/1213 1211/1211/1211
f 1217/1217/1217 1216/1216/1216 1215/1215/1215
f 1218/1218/1218 1217/1217/1217 1215/1215/1215
f 1221/1221/1221 1220/1220/1220 1219/1219/1219
f 1222/1222/1222 1221/1221/1221 1219/1219/1219
f 1225/1225/1225 1224/1224/1224 1223/1223/1223
f 1226/1226/1226 1225/1225/1225 1223/1223/1223
f 1229/1229/1229 1228/1228/1228 1227/1227/1227
f 1230/1230/1230 1229/1229/1229 1227/1227/1227
f 1233/1233/1233 1232/1232/1232 1231/1231/1231
f 1234/1234/1234 1233/1233/1233 1231/1231/1231
f 1237/1237/1237 1236/1236/1236 1235/1235/1235
f 1238/1238/1238 1237/1237/1237 1235/1235/1235
f 1241/1241/1241 1240/1240/1240 1239/1239/1239
f 1242/1242/1242 1241/1241/1241 1239/1239/1239
f 1245/1245/1245 1244/1244/1244 1243/1243/1243
f 1246/1246/1246 1245/1245/1245 1243/1243/1243
f 1249/1249/1249 1248/1248/1248 1247/1247/1247
f 1250/1250/1250 1249/1249/1249 1247/1247/1247
f 1253/1253/1253 1252/1252/1252 1251/1251/1251
f 1254/1254/1254 1253/1253/1253 1251/1251/1251
f 1257/1257/1257 1256/1256/1256 1255/1255/1255
f 1258/1258/1258 1257/1257/1257 1255/1255/1255
f 1261/1261/1261 1260/1260/1260 1259/1259/1259
f 1262/1262/1262 1261/1261/1261 1259/1259/1259
f 1265/1265/1265 1264/1264/1264 1263/1263/1263
f 1266/1266/1266 1265/1265/1265 1263/1263/1263
f 1269/1269/1269 1268/1268/1268 1267/1267/1267
f 1270/1270/1270 1269/1269/1269 1267/1267/1267
f 1273/1273/1273 1272/1272/1272 1271/1271/1271
f 1274/1274/1274 1273/1273/1273 1271/1271/1271
f 1277/1277/1277 1276/1276/1276 1275/1275/1275
f 1278/1278/1278 1277/1277/1277 1275/1275/1275
f 1281/1281/1281 1280/1280/1280 1279/1279/1279
f 1282/1282/1282 1281/1281/1281 1279/1279/1279
f 1285/1285/1285 1284/1284/1284 1283/1283/1283
f 1286/1286/1286 1285/1285/1285 1283/1283/1283
f 1289/1289/1289 1288/1288/1288 1287/1287/1287
f 1290/1290/1290 1289/1289/1289 1287/1287/1287
f 1293/1293/1293 1292/1292/1292 1291/1291/1291
f 1294/1294/1294 1293/1293/1293 1291/1291/1291
f 1297/1297/1297 1296/1296/1296 1295/1295/1295
f 1298/1298/1298 1297/1297/1297 1295/1295/1295
f 1301/1301/1301 1300/1300/1300 1299/1299/1299
f 1302/1302/1302 1301/1301/1301 1299/1299/1299
f 1305/1305/1305 1304/1304/1304 1303/1303/1303
f 1306/1306/1306 1305/1305/1305 1303/1303/1303
f 205/205/205 206/206/206 217/217/217
f 206/206/206 1307/1307/1307 217/217/217
f 217/217/217 1307/1307/1307 221/221/221
f 1307/1307/1307 1308/1308/1308 221/221/221
f 225/225/225 221/221/221 1308/1308/1308
f 225/225/225 1308/1308/1308 1309/1309/1309
f 1309/1309/1309 1310/1310/1310 225/225/225
f 229/229/229 225/225/225 1310/1310/1310
f 229/229/229 1310/1310/1310 1311/1311/1311
f 1311/1311/1311 1310/1310/1310 1312/1312/1312
f 1311/1311/1311 1313/1313/1313 229/229/229
f 229/229/229 1313/1313/1313 231/231/231
f 1313/1313/1313 1314/1314/1314 231/231/231
f 231/231/231 1314/1314/1314 1315/1315/1315
f 1315/1315/1315 1316/1316/1316 231/231/231
f 1316/1316/1316 227/227/227 231/231/231
f 227/227/227 1316/1316/1316 1317/1317/1317
f 1317/1317/1317 1316/1316/1316 1318/1318/1318
f 1317/1317/1317 1319/1319/1319 227/227/227
f 1319/1319/1319 223/223/223 227/227/227
f 223/223/223 1319/1319/1319 219/219/219
f 1319/1319/1319 1320/1320/1320 219/219/219
f 219/219/219 1320/1320/1320 212/212/212
f 1320/1320/1320 211/211/211 212/212/212
f 1323/1323/1323 1322/1322/1322 1321/1321/1321
f 1324/1324/1324 1323/1323/1323 1321/1321/1321
f 1327/1327/1327 1326/1326/1326 1325/1325/1325
f 1328/1328/1328 1327/1327/1327 1325/1325/1325
f 1331/1331/1331 1330/1330/1330 1329/1329/1329
f 1330/1330/1330 1332/1332/1332 1329/1329/1329
f 1329/1329/1329 1332/1332/1332 1333/1333/1333
f 1330/1330/1330 1334/1334/1334 1332/1332/1332
f 1332/1332/1332 1335/1335/1335 1333/1333/1333
f 1333/1333/1333 1335/1335/1335 1336/1336/1336
f 1335/1335/1335 1337/1337/1337 1336/1336/1336
f 1334/1334/1334 1338/1338/1338 1332/1332/1332
f 1334/1334/1334 1339/1339/1339 1338/1338/1338
f 1339/1339/1339 1340/1340/1340 1338/1338/1338
f 1335/1335/1335 1341/1341/1341 1337/1337/1337
f 1338/1338/1338 1340/1340/1340 1341/1341/1341
f 1341/1341/1341 1342/1342/1342 1337/1337/1337
f 1340/1340/1340 1343/1343/1343 1341/1341/1341
f 1341/1341/1341 1343/1343/1343 1342/1342/1342
f 1343/1343/1343 1344/1344/1344 1342/1342/1342
f 1347/1347/1347 1346/1346/1346 1345/1345/1345
f 1348/1348/1348 1347/1347/1347 1345/1345/1345
f 1348/1348/1348 1345/1345/1345 1349/1349/1349
f 1350/1350/1350 1347/1347/1347 1348/1348/1348
f 1351/1351/1351 1348/1348/1348 1349/1349/1349
f 1351/1351/1351 1349/1349/1349 1352/1352/1352
f 1353/1353/1353 1351/1351/1351 1352/1352/1352
f 1354/1354/1354 1350/1350/1350 1348/1348/1348
f 1355/1355/1355 1350/1350/1350 1354/1354/1354
f 1356/1356/1356 1355/1355/1355 1354/1354/1354
f 1357/1357/1357 1351/1351/1351 1353/1353/1353
f 1356/1356/1356 1354/1354/1354 1357/1357/1357
f 1358/1358/1358 1357/1357/1357 1353/1353/1353
f 1359/1359/1359 1356/1356/1356 1357/1357/1357
f 1359/1359/1359 1357/1357/1357 1358/1358/1358
f 1360/1360/1360 1359/1359/1359 1358/1358/1358
f 1363/1363/1363 1362/1362/1362 1361/1361/1361
f 1364/1364/1364 1363/1363/1363 1361/1361/1361
f 1364/1364/1364 1361/1361/1361 1365/1365/1365
f 1366/1366/1366 1363/1363/1363 1364/1364/1364
f 1367/1367/1367 1364/1364/1364 1365/1365/1365
f 1368/1368/1368 1366/1366/1366 1364/1364/1364
f 1369/1369/1369 1366/1366/1366 1368/1368/1368
f 1370/1370/1370 1369/1369/1369 1368/1368/1368
f 1370/1370/1370 1368/1368/1368 1371/1371/1371
f 1367/1367/1367 1365/1365/1365 1372/1372/1372
f 1373/1373/1373 1370/1370/1370 1371/1371/1371
f 1374/1374/1374 1367/1367/1367 1372/1372/1372
f 1371/1371/1371 1367/1367/1367 1374/1374/1374
f 1372/1372/1372 1375/1375/1375 1374/1374/1374
f 1375/1375/1375 1376/1376/1376 1374/1374/1374
f 1373/1373/1373 1371/1371/1371 1377/1377/1377
f 1377/1377/1377 1371/1371/1371 1374/1374/1374
f 1374/1374/1374 1376/1376/1376 1377/1377/1377
f 1378/1378/1378 1373/1373/1373 1377/1377/1377
f 1376/1376/1376 1379/1379/1379 1377/1377/1377
f 1377/1377/1377 1379/1379/1379 1378/1378/1378
f 1379/1379/1379 1380/1380/1380 1378/1378/1378
f 1383/1383/1383 1382/1382/1382 1381/1381/1381
f 1382/1382/1382 1384/1384/1384 1381/1381/1381
f 1381/1381/1381 1384/1384/1384 1385/1385/1385
f 1382/1382/1382 1386/1386/1386 1384/1384/1384
f 1384/1384/1384 1387/1387/1387 1385/1385/1385
f 1385/1385/1385 1387/1387/1387 1388/1388/1388
f 1387/1387/1387 1389/1389/1389 1388/1388/1388
f 1386/1386/1386 1390/1390/1390 1384/1384/1384
f 1387/1387/1387 1391/1391/1391 1389/1389/1389
f 1386/1386/1386 1392/1392/1392 1390/1390/1390
f 1391/1391/1391 1393/1393/1393 1389/1389/1389
f 1392/1392/1392 1394/1394/1394 1390/1390/1390
f 1390/1390/1390 1394/1394/1394 1391/1391/1391
f 1394/1394/1394 1392/1392/1392 1395/1395/1395
f 1396/1396/1396 1394/1394/1394 1395/1395/1395
f 1391/1391/1391 1397/1397/1397 1393/1393/1393
f 1394/1394/1394 1397/1397/1397 1391/1391/1391
f 1397/1397/1397 1394/1394/1394 1396/1396/1396
f 1397/1397/1397 1398/1398/1398 1393/1393/1393
f 1399/1399/1399 1397/1397/1397 1396/1396/1396
f 1398/1398/1398 1397/1397/1397 1399/1399/1399
f 1400/1400/1400 1398/1398/1398 1399/1399/1399
f 1403/1403/1403 1402/1402/1402 1401/1401/1401
f 1404/1404/1404 1403/1403/1403 1401/1401/1401
f 1407/1407/1407 1406/1406/1406 1405/1405/1405
f 1406/1406/1406 1408/1408/1408 1405/1405/1405
f 1406/1406/1406 1409/1409/1409 1408/1408/1408
f 1409/1409/1409 1410/1410/1410 1408/1408/1408
f 1409/1409/1409 1411/1411/1411 1410/1410/1410
f 1411/1411/1411 1412/1412/1412 1410/1410/1410
f 1411/1411/1411 1413/1413/1413 1412/1412/1412
f 1413/1413/1413 1414/1414/1414 1412/1412/1412
f 1413/1413/1413 1415/1415/1415 1414/1414/1414
f 1415/1415/1415 1416/1416/1416 1414/1414/1414
f 1415/1415/1415 1417/1417/1417 1416/1416/1416
f 1417/1417/1417 1418/1418/1418 1416/1416/1416
f 1421/1421/1421 1420/1420/1420 1419/1419/1419
f 1422/1422/1422 1421/1421/1421 1419/1419/1419
f 1423/1423/1423 1421/1421/1421 1422/1422/1422
f 1424/1424/1424 1423/1423/1423 1422/1422/1422
f 1425/1425/1425 1423/1423/1423 1424/1424/1424
f 1426/1426/1426 1425/1425/1425 1424/1424/1424
f 1427/1427/1427 1425/1425/1425 1426/1426/1426
f 1428/1428/1428 1427/1427/1427 1426/1426/1426
f 1429/1429/1429 1427/1427/1427 1428/1428/1428
f 1430/1430/1430 1429/1429/1429 1428/1428/1428
f 1429/1429/1429 1430/1430/1430 163/163/163
f 163/163/163 1431/1431/1431 1429/1429/1429
f 163/163/163 164/164/164 1431/1431/1431
f 1434/1434/1434 1433/1433/1433 1432/1432/1432
f 1433/1433/1433 1435/1435/1435 1432/1432/1432
f 1432/1432/1432 1435/1435/1435 1436/1436/1436
f 1435/1435/1435 1437/1437/1437 1436/1436/1436
f 1436/1436/1436 1437/1437/1437 1438/1438/1438
f 1437/1437/1437 1439/1439/1439 1438/1438/1438
f 1438/1438/1438 1439/1439/1439 1440/1440/1440
f 1439/1439/1439 1441/1441/1441 1440/1440/1440
f 1440/1440/1440 1441/1441/1441 1442/1442/1442
f 1441/1441/1441 1443/1443/1443 1442/1442/1442
f 1442/1442/1442 1443/1443/1443 1444/1444/1444
f 1443/1443/1443 1445/1445/1445 1444/1444/1444
f 1448/1448/1448 1447/1447/1447 1446/1446/1446
f 1447/1447/1447 1449/1449/1449 1446/1446/1446
f 1446/1446/1446 1449/1449/1449 1450/1450/1450
f 1449/1449/1449 1451/1451/1451 1450/1450/1450
f 1454/1454/1454 1453/1453/1453 1452/1452/1452
f 1453/1453/1453 1455/1455/1455 1452/1452/1452
f 1452/1452/1452 1455/1455/1455 1456/1456/1456
f 1455/1455/1455 1457/1457/1457 1456/1456/1456
f 1460/1460/1460 1459/1459/1459 1458/1458/1458
f 1459/1459/1459 1461/1461/1461 1458/1458/1458
f 1458/1458/1458 1461/1461/1461 1462/1462/1462
f 1461/1461/1461 1463/1463/1463 1462/1462/1462
f 1466/1466/1466 1465/1465/1465 1464/1464/1464
f 1465/1465/1465 1467/1467/1467 1464/1464/1464
f 1464/1464/1464 1467/1467/1467 1468/1468/1468
f 1467/1467/1467 1469/1469/1469 1468/1468/1468
f 1472/1472/1472 1471/1471/1471 1470/1470/1470
f 1473/1473/1473 1472/1472/1472 1470/1470/1470
f 1474/1474/1474 1472/1472/1472 1473/1473/1473
f 1475/1475/1475 1474/1474/1474 1473/1473/1473
f 1476/1476/1476 1474/1474/1474 1475/1475/1475
f 1477/1477/1477 1476/1476/1476 1475/1475/1475
f 1478/1478/1478 1476/1476/1476 1477/1477/1477
f 1479/1479/1479 1478/1478/1478 1477/1477/1477
f 1480/1480/1480 1478/1478/1478 1479/1479/1479
f 1481/1481/1481 1480/1480/1480 1479/1479/1479
f 1482/1482/1482 1480/1480/1480 1481/1481/1481
f 1483/1483/1483 1482/1482/1482 1481/1481/1481
f 1486/1486/1486 1485/1485/1485 1484/1484/1484
f 1485/1485/1485 1487/1487/1487 1484/1484/1484
f 1484/1484/1484 1487/1487/1487 1488/1488/1488
f 1487/1487/1487 1489/1489/1489 1488/1488/1488
f 1488/1488/1488 1489/1489/1489 1490/1490/1490
f 1489/1489/1489 1491/1491/1491 1490/1490/1490
f 1490/1490/1490 1491/1491/1491 1492/1492/1492
f 1491/1491/1491 1493/1493/1493 1492/1492/1492
f 1492/1492/1492 1493/1493/1493 1494/1494/1494
f 1493/1493/1493 1495/1495/1495 1494/1494/1494
f 1494/1494/1494 1495/1495/1495 1496/1496/1496
f 1495/1495/1495 1497/1497/1497 1496/1496/1496
f 1496/1496/1496 1497/1497/1497 1498/1498/1498
f 1497/1497/1497 1499/1499/1499 1498/1498/1498
f 1498/1498/1498 1499/1499/1499 1500/1500/1500
f 1499/1499/1499 1501/1501/1501 1500/1500/1500
f 1500/1500/1500 1501/1501/1501 1502/1502/1502
f 1501/1501/1501 1503/1503/1503 1502/1502/1502
f 1502/1502/1502 1503/1503/1503 1504/1504/1504
f 1503/1503/1503 1505/1505/1505 1504/1504/1504
f 1508/1508/1508 1507/1507/1507 1506/1506/1506
f 1507/1507/1507 1509/1509/1509 1506/1506/1506
f 1506/1506/1506 1509/1509/1509 1510/1510/1510
f 1509/1509/1509 1511/1511/1511 1510/1510/1510
f 1510/1510/1510 1511/1511/1511 1512/1512/1512
f 1511/1511/1511 1513/1513/1513 1512/1512/1512
f 1512/1512/1512 1513/1513/1513 1514/1514/1514
f 1513/1513/1513 1515/1515/1515 1514/1514/1514
f 1514/1514/1514 1515/1515/1515 1516/1516/1516
f 1515/1515/1515 1517/1517/1517 1516/1516/1516
f 1516/1516/1516 1517/1517/1517 1518/1518/1518
f 1517/1517/1517 1519/1519/1519 1518/1518/1518
f 1518/1518/1518 1519/1519/1519 1520/1520/1520
f 1519/1519/1519 1521/1521/1521 1520/1520/1520
f 1520/1520/1520 1521/1521/1521 1522/1522/1522
f 1521/1521/1521 1523/1523/1523 1522/1522/1522
f 1522/1522/1522 1523/1523/1523 1524/1524/1524
f 1523/1523/1523 1525/1525/1525 1524/1524/1524
f 1524/1524/1524 1525/1525/1525 1526/1526/1526
f 1525/1525/1525 1527/1527/1527 1526/1526/1526
f 346/346/346 1529/1529/1529 1528/1528/1528
f 1529/1529/1529 1530/1530/1530 1528/1528/1528
f 1528/1528/1528 1530/1530/1530 1531/1531/1531
f 1530/1530/1530 1532/1532/1532 1531/1531/1531
f 1531/1531/1531 1532/1532/1532 1533/1533/1533
f 1532/1532/1532 1534/1534/1534 1533/1533/1533
f 1533/1533/1533 1534/1534/1534 1535/1535/1535
f 1534/1534/1534 1536/1536/1536 1535/1535/1535
f 1535/1535/1535 1536/1536/1536 1537/1537/1537
f 1536/1536/1536 1538/1538/1538 1537/1537/1537
f 1537/1537/1537 1538/1538/1538 1539/1539/1539
f 1538/1538/1538 1540/1540/1540 1539/1539/1539
f 1539/1539/1539 1540/1540/1540 1541/1541/1541
f 1540/1540/1540 1542/1542/1542 1541/1541/1541
f 1541/1541/1541 1542/1542/1542 1543/1543/1543
f 1542/1542/1542 1544/1544/1544 1543/1543/1543
f 1543/1543/1543 1544/1544/1544 334/334/334
f 1544/1544/1544 1545/1545/1545 334/334/334
f 334/334/334 1545/1545/1545 336/336/336
f 1545/1545/1545 1546/1546/1546 336/336/336
f 360/360/360 1547/1547/1547 361/361/361
f 1547/1547/1547 1548/1548/1548 361/361/361
f 361/361/361 1548/1548/1548 1549/1549/1549
f 1548/1548/1548 1550/1550/1550 1549/1549/1549
f 1549/1549/1549 1550/1550/1550 1551/1551/1551
f 1550/1550/1550 1552/1552/1552 1551/1551/1551
f 1551/1551/1551 1552/1552/1552 1553/1553/1553
f 1552/1552/1552 1554/1554/1554 1553/1553/1553
f 1553/1553/1553 1554/1554/1554 1555/1555/1555
f 1554/1554/1554 1556/1556/1556 1555/1555/1555
f 1555/1555/1555 1556/1556/1556 1557/1557/1557
f 1556/1556/1556 1558/1558/1558 1557/1557/1557
f 1557/1557/1557 1558/1558/1558 1559/1559/1559
f 1558/1558/1558 1560/1560/1560 1559/1559/1559
f 1559/1559/1559 1560/1560/1560 1561/1561/1561
f 1560/1560/1560 1562/1562/1562 1561/1561/1561
f 1561/1561/1561 1562/1562/1562 348/348/348
f 1562/1562/1562 1563/1563/1563 348/348/348
f 348/348/348 1563/1563/1563 350/350/350
f 1563/1563/1563 1564/1564/1564 350/350/350
f 1567/1567/1567 1566/1566/1566 1565/1565/1565
f 1568/1568/1568 1567/1567/1567 1565/1565/1565
f 1569/1569/1569 1567/1567/1567 1568/1568/1568
f 1570/1570/1570 1569/1569/1569 1568/1568/1568
f 1571/1571/1571 1569/1569/1569 1570/1570/1570
f 1572/1572/1572 1571/1571/1571 1570/1570/1570
f 1573/1573/1573 1571/1571/1571 1572/1572/1572
f 1574/1574/1574 1573/1573/1573 1572/1572/1572
f 1575/1575/1575 1573/1573/1573 1574/1574/1574
f 1576/1576/1576 1575/1575/1575 1574/1574/1574
f 1577/1577/1577 1575/1575/1575 1576/1576/1576
f 1578/1578/1578 1577/1577/1577 1576/1576/1576
f 1581/1581/1581 1580/1580/1580 1579/1579/1579
f 1582/1582/1582 1581/1581/1581 1579/1579/1579
f 1583/1583/1583 1581/1581/1581 1582/1582/1582
f 1584/1584/1584 1583/1583/1583 1582/1582/1582
f 1585/1585/1585 1583/1583/1583 1584/1584/1584
f 1586/1586/1586 1585/1585/1585 1584/1584/1584
f 1587/1587/1587 1585/1585/1585 1586/1586/1586
f 1588/1588/1588 1587/1587/1587 1586/1586/1586
f 1589/1589/1589 1587/1587/1587 1588/1588/1588
f 1590/1590/1590 1589/1589/1589 1588/1588/1588
f 1591/1591/1591 1589/1589/1589 1590/1590/1590
f 1592/1592/1592 1591/1591/1591 1590/1590/1590
f 1595/1595/1595 1594/1594/1594 1593/1593/1593
f 1596/1596/1596 1595/1595/1595 1593/1593/1593
f 1599/1599/1599 1598/1598/1598 1597/1597/1597
f 1600/1600/1600 1599/1599/1599 1597/1597/1597
f 1603/1603/1603 1602/1602/1602 1601/1601/1601
f 1602/1602/1602 1604/1604/1604 1601/1601/1601
f 1601/1601/1601 1604/1604/1604 1605/1605/1605
f 1604/1604/1604 1606/1606/1606 1605/1605/1605
f 1605/1605/1605 1606/1606/1606 1607/1607/1607
f 1606/1606/1606 1608/1608/1608 1607/1607/1607
f 1607/1607/1607 1608/1608/1608 1609/1609/1609
f 1608/1608/1608 1610/1610/1610 1609/1609/1609
f 1609/1609/1609 1610/1610/1610 1611/1611/1611
f 1610/1610/1610 1612/1612/1612 1611/1611/1611
f 1611/1611/1611 1612/1612/1612 1613/1613/1613
f 1612/1612/1612 1614/1614/1614 1613/1613/1613
f 1617/1617/1617 1616/1616/1616 1615/1615/1615
f 1618/1618/1618 1617/1617/1617 1615/1615/1615
f 1621/1621/1621 1620/1620/1620 1619/1619/1619
f 1622/1622/1622 1621/1621/1621 1619/1619/1619
f 1625/1625/1625 1624/1624/1624 1623/1623/1623
f 1626/1626/1626 1625/1625/1625 1623/1623/1623
f 1626/1626/1626 1623/1623/1623 1627/1627/1627
f 1628/1628/1628 1626/1626/1626 1627/1627/1627
f 1628/1628/1628 1627/1627/1627 1629/1629/1629
f 1630/1630/1630 1628/1628/1628 1629/1629/1629
f 1630/1630/1630 1629/1629/1629 1631/1631/1631
f 1632/1632/1632 1630/1630/1630 1631/1631/1631
f 1632/1632/1632 1631/1631/1631 1633/1633/1633
f 1634/1634/1634 1632/1632/1632 1633/1633/1633
f 1634/1634/1634 1633/1633/1633 1635/1635/1635
f 1636/1636/1636 1634/1634/1634 1635/1635/1635
f 1639/1639/1639 1638/1638/1638 1637/1637/1637
f 1640/1640/1640 1639/1639/1639 1637/1637/1637
f 1640/1640/1640 1637/1637/1637 1641/1641/1641
f 1642/1642/1642 1640/1640/1640 1641/1641/1641
f 1642/1642/1642 1641/1641/1641 1643/1643/1643
f 1644/1644/1644 1642/1642/1642 1643/1643/1643
f 1644/1644/1644 1643/1643/1643 1645/1645/1645
f 1646/1646/1646 1644/1644/1644 1645/1645/1645
f 1646/1646/1646 1645/1645/1645 1647/1647/1647
f 1648/1648/1648 1646/1646/1646 1647/1647/1647
f 1648/1648/1648 1647/1647/1647 1649/1649/1649
f 1650/1650/1650 1648/1648/1648 1649/1649/1649
f 1653/1653/1653 1652/1652/1652 1651/1651/1651
f 1654/1654/1654 1653/1653/1653 1651/1651/1651
f 1655/1655/1655 1653/1653/1653 1654/1654/1654
f 1656/1656/1656 1655/1655/1655 1654/1654/1654
f 1657/1657/1657 1655/1655/1655 1656/1656/1656
f 1658/1658/1658 1657/1657/1657 1656/1656/1656
f 1659/1659/1659 1657/1657/1657 1658/1658/1658
f 1660/1660/1660 1659/1659/1659 1658/1658/1658
f 1661/1661/1661 1659/1659/1659 1660/1660/1660
f 1662/1662/1662 1661/1661/1661 1660/1660/1660
f 1663/1663/1663 1661/1661/1661 1662/1662/1662
f 1664/1664/1664 1663/1663/1663 1662/1662/1662
f 1667/1667/1667 1666/1666/1666 1665/1665/1665
f 1668/1668/1668 1667/1667/1667 1665/1665/1665
f 1671/1671/1671 1670/1670/1670 1669/1669/1669
f 1672/1672/1672 1671/1671/1671 1669/1669/1669
f 1675/1675/1675 1674/1674/1674 1673/1673/1673
f 1676/1676/1676 1675/1675/1675 1673/1673/1673
f 1679/1679/1679 1678/1678/1678 1677/1677/1677
f 1680/1680/1680 1679/1679/1679 1677/1677/1677
f 1683/1683/1683 1682/1682/1682 1681/1681/1681
f 1684/1684/1684 1683/1683/1683 1681/1681/1681
f 1687/1687/1687 1686/1686/1686 1685/1685/1685
f 1688/1688/1688 1687/1687/1687 1685/1685/1685
f 1691/1691/1691 1690/1690/1690 1689/1689/1689
f 1692/1692/1692 1691/1691/1691 1689/1689/1689
f 1695/1695/1695 1694/1694/1694 1693/1693/1693
f 1696/1696/1696 1695/1695/1695 1693/1693/1693
f 1699/1699/1699 1698/1698/1698 1697/1697/1697
f 1700/1700/1700 1699/1699/1699 1697/1697/1697
f 1703/1703/1703 1702/1702/1702 1701/1701/1701
f 1704/1704/1704 1703/1703/1703 1701/1701/1701
f 1707/1707/1707 1706/1706/1706 1705/1705/1705
f 1708/1708/1708 1707/1707/1707 1705/1705/1705
f 1711/1711/1711 1710/1710/1710 1709/1709/1709
f 1712/1712/1712 1711/1711/1711 1709/1709/1709
f 1715/1715/1715 1714/1714/1714 1713/1713/1713
f 1716/1716/1716 1715/1715/1715 1713/1713/1713
f 1719/1719/1719 1718/1718/1718 1717/1717/1717
f 1720/1720/1720 1719/1719/1719 1717/1717/1717
f 1723/1723/1723 1722/1722/1722 1721/1721/1721
f 1724/1724/1724 1723/1723/1723 1721/1721/1721
f 1727/1727/1727 1726/1726/1726 1725/1725/1725
f 1728/1728/1728 1727/1727/1727 1725/1725/1725
f 1731/1731/1731 1730/1730/1730 1729/1729/1729
f 1732/1732/1732 1731/1731/1731 1729/1729/1729
f 1735/1735/1735 1734/1734/1734 1733/1733/1733
f 1736/1736/1736 1735/1735/1735 1733/1733/1733
f 1739/1739/1739 1738/1738/1738 1737/1737/1737
f 1740/1740/1740 1739/1739/1739 1737/1737/1737
f 1741/1741/1741 1739/1739/1739 1740/1740/1740
f 1742/1742/1742 1741/1741/1741 1740/1740/1740
f 1743/1743/1743 1741/1741/1741 1742/1742/1742
f 1744/1744/1744 1743/1743/1743 1742/1742/1742
f 1745/1745/1745 1743/1743/1743 1744/1744/1744
f 1746/1746/1746 1745/1745/1745 1744/1744/1744
f 1747/1747/1747 1745/1745/1745 1746/1746/1746
f 1748/1748/1748 1747/1747/1747 1746/1746/1746
f 1749/1749/1749 1747/1747/1747 1748/1748/1748
f 1750/1750/1750 1749/1749/1749 1748/1748/1748
f 1751/1751/1751 1749/1749/1749 1750/1750/1750
f 1752/1752/1752 1751/1751/1751 1750/1750/1750
f 1753/1753/1753 1751/1751/1751 1752/1752/1752
f 1754/1754/1754 1753/1753/1753 1752/1752/1752
f 1757/1757/1757 1756/1756/1756 1755/1755/1755
f 1756/1756/1756 1758/1758/1758 1755/1755/1755
f 1755/1755/1755 1758/1758/1758 1759/1759/1759
f 1758/1758/1758 1760/1760/1760 1759/1759/1759
f 1759/1759/1759 1760/1760/1760 1761/1761/1761
f 1760/1760/1760 1762/1762/1762 1761/1761/1761
f 1761/1761/1761 1762/1762/1762 1763/1763/1763
f 1762/1762/1762 1764/1764/1764 1763/1763/1763
f 1763/1763/1763 1764/1764/1764 1765/1765/1765
f 1764/1764/1764 1766/1766/1766 1765/1765/1765
f 1765/1765/1765 1766/1766/1766 1767/1767/1767
f 1766/1766/1766 1768/1768/1768 1767/1767/1767
f 1767/1767/1767 1768/1768/1768 1769/1769/1769
f 1768/1768/1768 1770/1770/1770 1769/1769/1769
f 1769/1769/1769 1770/1770/1770 1771/1771/1771
f 1770/1770/1770 1772/1772/1772 1771/1771/1771
f 40/40/40 38/38/38 42/42/42
f 43/43/43 40/40/40 42/42/42
f 1775/1775/1775 1774/1774/1774 1773/1773/1773
f 1776/1776/1776 1775/1775/1775 1773/1773/1773
f 1777/1777/1777 1775/1775/1775 1776/1776/1776
f 1778/1778/1778 1777/1777/1777 1776/1776/1776
f 1781/1781/1781 1780/1780/1780 1779/1779/1779
f 1780/1780/1780 1782/1782/1782 1779/1779/1779
f 1779/1779/1779 1782/1782/1782 1783/1783/1783
f 1782/1782/1782 1784/1784/1784 1783/1783/1783
f 1783/1783/1783 1784/1784/1784 1785/1785/1785
f 1784/1784/1784 1786/1786/1786 1785/1785/1785
f 1785/1785/1785 1786/1786/1786 1787/1787/1787
f 1786/1786/1786 1788/1788/1788 1787/1787/1787
f 1787/1787/1787 1788/1788/1788 1789/1789/1789
f 1788/1788/1788 1790/1790/1790 1789/1789/1789
f 1789/1789/1789 1790/1790/1790 1791/1791/1791
f 1790/1790/1790 1792/1792/1792 1791/1791/1791
f 1795/1795/1795 1794/1794/1794 1793/1793/1793
f 1796/1796/1796 1795/1795/1795 1793/1793/1793
f 1799/1799/1799 1798/1798/1798 1797/1797/1797
f 1800/1800/1800 1799/1799/1799 1797/1797/1797
